495 Lint warnings found.
'PNR_SDC_FILE' is not defined. Using generic fallback SDC for OpenROAD PnR steps.
'SIGNOFF_SDC_FILE' is not defined. Using generic fallback SDC for OpenROAD PnR steps.
[STA-1173] /Users/aoxo/.ciel/ciel/sky130/versions/74c0e6b118a67d94c24172143d3bd597473fa63d/sky130A/libs.ref/sky130_fd_io/lib/sky130_ef_io__vccd_lvc_clamped_pad_tt_025C_1v80_3v30_3v30.lib line 42, default_fanout_load is 0.0.
[STA-1173] /Users/aoxo/.ciel/ciel/sky130/versions/74c0e6b118a67d94c24172143d3bd597473fa63d/sky130A/libs.ref/sky130_fd_io/lib/sky130_ef_io__vssd_lvc_clamped_pad_tt_025C_1v80_3v30.lib line 43, default_fanout_load is 0.0.
[STA-1173] /Users/aoxo/.ciel/ciel/sky130/versions/74c0e6b118a67d94c24172143d3bd597473fa63d/sky130A/libs.ref/sky130_fd_io/lib/sky130_ef_io__vddio_hvc_clamped_pad_tt_025C_1v80_3v30_3v30.lib line 42, default_fanout_load is 0.0.
[STA-1173] /Users/aoxo/.ciel/ciel/sky130/versions/74c0e6b118a67d94c24172143d3bd597473fa63d/sky130A/libs.ref/sky130_fd_io/lib/sky130_ef_io__vssio_hvc_clamped_pad_tt_025C_1v80_3v30_3v30.lib line 42, default_fanout_load is 0.0.
[STA-1173] /Users/aoxo/.ciel/ciel/sky130/versions/74c0e6b118a67d94c24172143d3bd597473fa63d/sky130A/libs.ref/sky130_fd_io/lib/sky130_ef_io__gpiov2_pad_tt_tt_025C_1v80_3v30.lib line 33, default_fanout_load is 0.0.
[STA-1173] /Users/aoxo/.ciel/ciel/sky130/versions/74c0e6b118a67d94c24172143d3bd597473fa63d/sky130A/libs.ref/sky130_fd_io/lib/slices_stubs.lib line 33, default_fanout_load is 0.0.
[STA-1173] /Users/aoxo/.ciel/ciel/sky130/versions/74c0e6b118a67d94c24172143d3bd597473fa63d/sky130A/libs.ref/sky130_fd_io/lib/sky130_ef_io__analog_stubs.lib line 43, default_fanout_load is 0.0.
[ORD-2056] The following 2 liberty cell(s) do not have LEF masters and will be marked as dont-use:
[STA-1173] /Users/aoxo/.ciel/ciel/sky130/versions/74c0e6b118a67d94c24172143d3bd597473fa63d/sky130A/libs.ref/sky130_fd_io/lib/sky130_ef_io__vccd_lvc_clamped_pad_tt_025C_1v80_3v30_3v30.lib line 42, default_fanout_load is 0.0.
[STA-1173] /Users/aoxo/.ciel/ciel/sky130/versions/74c0e6b118a67d94c24172143d3bd597473fa63d/sky130A/libs.ref/sky130_fd_io/lib/sky130_ef_io__vssd_lvc_clamped_pad_tt_025C_1v80_3v30.lib line 43, default_fanout_load is 0.0.
[STA-1173] /Users/aoxo/.ciel/ciel/sky130/versions/74c0e6b118a67d94c24172143d3bd597473fa63d/sky130A/libs.ref/sky130_fd_io/lib/sky130_ef_io__vddio_hvc_clamped_pad_tt_025C_1v80_3v30_3v30.lib line 42, default_fanout_load is 0.0.
[STA-1173] /Users/aoxo/.ciel/ciel/sky130/versions/74c0e6b118a67d94c24172143d3bd597473fa63d/sky130A/libs.ref/sky130_fd_io/lib/sky130_ef_io__vssio_hvc_clamped_pad_tt_025C_1v80_3v30_3v30.lib line 42, default_fanout_load is 0.0.
[STA-1173] /Users/aoxo/.ciel/ciel/sky130/versions/74c0e6b118a67d94c24172143d3bd597473fa63d/sky130A/libs.ref/sky130_fd_io/lib/sky130_ef_io__gpiov2_pad_tt_tt_025C_1v80_3v30.lib line 33, default_fanout_load is 0.0.
[STA-1173] /Users/aoxo/.ciel/ciel/sky130/versions/74c0e6b118a67d94c24172143d3bd597473fa63d/sky130A/libs.ref/sky130_fd_io/lib/slices_stubs.lib line 33, default_fanout_load is 0.0.
[STA-1173] /Users/aoxo/.ciel/ciel/sky130/versions/74c0e6b118a67d94c24172143d3bd597473fa63d/sky130A/libs.ref/sky130_fd_io/lib/sky130_ef_io__analog_stubs.lib line 43, default_fanout_load is 0.0.
[ORD-2056] The following 2 liberty cell(s) do not have LEF masters and will be marked as dont-use:
[STA-1173] /Users/aoxo/.ciel/ciel/sky130/versions/74c0e6b118a67d94c24172143d3bd597473fa63d/sky130A/libs.ref/sky130_fd_io/lib/sky130_ef_io__vccd_lvc_clamped_pad_tt_025C_1v80_3v30_3v30.lib line 42, default_fanout_load is 0.0.
[STA-1173] /Users/aoxo/.ciel/ciel/sky130/versions/74c0e6b118a67d94c24172143d3bd597473fa63d/sky130A/libs.ref/sky130_fd_io/lib/sky130_ef_io__vssd_lvc_clamped_pad_tt_025C_1v80_3v30.lib line 43, default_fanout_load is 0.0.
[STA-1173] /Users/aoxo/.ciel/ciel/sky130/versions/74c0e6b118a67d94c24172143d3bd597473fa63d/sky130A/libs.ref/sky130_fd_io/lib/sky130_ef_io__vddio_hvc_clamped_pad_tt_025C_1v80_3v30_3v30.lib line 42, default_fanout_load is 0.0.
[STA-1173] /Users/aoxo/.ciel/ciel/sky130/versions/74c0e6b118a67d94c24172143d3bd597473fa63d/sky130A/libs.ref/sky130_fd_io/lib/sky130_ef_io__vssio_hvc_clamped_pad_tt_025C_1v80_3v30_3v30.lib line 42, default_fanout_load is 0.0.
[STA-1173] /Users/aoxo/.ciel/ciel/sky130/versions/74c0e6b118a67d94c24172143d3bd597473fa63d/sky130A/libs.ref/sky130_fd_io/lib/sky130_ef_io__gpiov2_pad_tt_tt_025C_1v80_3v30.lib line 33, default_fanout_load is 0.0.
[STA-1173] /Users/aoxo/.ciel/ciel/sky130/versions/74c0e6b118a67d94c24172143d3bd597473fa63d/sky130A/libs.ref/sky130_fd_io/lib/slices_stubs.lib line 33, default_fanout_load is 0.0.
[STA-1173] /Users/aoxo/.ciel/ciel/sky130/versions/74c0e6b118a67d94c24172143d3bd597473fa63d/sky130A/libs.ref/sky130_fd_io/lib/sky130_ef_io__analog_stubs.lib line 43, default_fanout_load is 0.0.
[ORD-2056] The following 2 liberty cell(s) do not have LEF masters and will be marked as dont-use:
[STA-1173] /Users/aoxo/.ciel/ciel/sky130/versions/74c0e6b118a67d94c24172143d3bd597473fa63d/sky130A/libs.ref/sky130_fd_io/lib/sky130_ef_io__vccd_lvc_clamped_pad_tt_025C_1v80_3v30_3v30.lib line 42, default_fanout_load is 0.0.
[STA-1173] /Users/aoxo/.ciel/ciel/sky130/versions/74c0e6b118a67d94c24172143d3bd597473fa63d/sky130A/libs.ref/sky130_fd_io/lib/sky130_ef_io__vssd_lvc_clamped_pad_tt_025C_1v80_3v30.lib line 43, default_fanout_load is 0.0.
[STA-1173] /Users/aoxo/.ciel/ciel/sky130/versions/74c0e6b118a67d94c24172143d3bd597473fa63d/sky130A/libs.ref/sky130_fd_io/lib/sky130_ef_io__vddio_hvc_clamped_pad_tt_025C_1v80_3v30_3v30.lib line 42, default_fanout_load is 0.0.
[STA-1173] /Users/aoxo/.ciel/ciel/sky130/versions/74c0e6b118a67d94c24172143d3bd597473fa63d/sky130A/libs.ref/sky130_fd_io/lib/sky130_ef_io__vssio_hvc_clamped_pad_tt_025C_1v80_3v30_3v30.lib line 42, default_fanout_load is 0.0.
[STA-1173] /Users/aoxo/.ciel/ciel/sky130/versions/74c0e6b118a67d94c24172143d3bd597473fa63d/sky130A/libs.ref/sky130_fd_io/lib/sky130_ef_io__gpiov2_pad_tt_tt_025C_1v80_3v30.lib line 33, default_fanout_load is 0.0.
[STA-1173] /Users/aoxo/.ciel/ciel/sky130/versions/74c0e6b118a67d94c24172143d3bd597473fa63d/sky130A/libs.ref/sky130_fd_io/lib/slices_stubs.lib line 33, default_fanout_load is 0.0.
[STA-1173] /Users/aoxo/.ciel/ciel/sky130/versions/74c0e6b118a67d94c24172143d3bd597473fa63d/sky130A/libs.ref/sky130_fd_io/lib/sky130_ef_io__analog_stubs.lib line 43, default_fanout_load is 0.0.
[ORD-2056] The following 2 liberty cell(s) do not have LEF masters and will be marked as dont-use:
[STA-1173] /Users/aoxo/.ciel/ciel/sky130/versions/74c0e6b118a67d94c24172143d3bd597473fa63d/sky130A/libs.ref/sky130_fd_io/lib/sky130_ef_io__vccd_lvc_clamped_pad_tt_025C_1v80_3v30_3v30.lib line 42, default_fanout_load is 0.0.
[STA-1173] /Users/aoxo/.ciel/ciel/sky130/versions/74c0e6b118a67d94c24172143d3bd597473fa63d/sky130A/libs.ref/sky130_fd_io/lib/sky130_ef_io__vssd_lvc_clamped_pad_tt_025C_1v80_3v30.lib line 43, default_fanout_load is 0.0.
[STA-1173] /Users/aoxo/.ciel/ciel/sky130/versions/74c0e6b118a67d94c24172143d3bd597473fa63d/sky130A/libs.ref/sky130_fd_io/lib/sky130_ef_io__vddio_hvc_clamped_pad_tt_025C_1v80_3v30_3v30.lib line 42, default_fanout_load is 0.0.
[STA-1173] /Users/aoxo/.ciel/ciel/sky130/versions/74c0e6b118a67d94c24172143d3bd597473fa63d/sky130A/libs.ref/sky130_fd_io/lib/sky130_ef_io__vssio_hvc_clamped_pad_tt_025C_1v80_3v30_3v30.lib line 42, default_fanout_load is 0.0.
[STA-1173] /Users/aoxo/.ciel/ciel/sky130/versions/74c0e6b118a67d94c24172143d3bd597473fa63d/sky130A/libs.ref/sky130_fd_io/lib/sky130_ef_io__gpiov2_pad_tt_tt_025C_1v80_3v30.lib line 33, default_fanout_load is 0.0.
[STA-1173] /Users/aoxo/.ciel/ciel/sky130/versions/74c0e6b118a67d94c24172143d3bd597473fa63d/sky130A/libs.ref/sky130_fd_io/lib/slices_stubs.lib line 33, default_fanout_load is 0.0.
[STA-1173] /Users/aoxo/.ciel/ciel/sky130/versions/74c0e6b118a67d94c24172143d3bd597473fa63d/sky130A/libs.ref/sky130_fd_io/lib/sky130_ef_io__analog_stubs.lib line 43, default_fanout_load is 0.0.
[ORD-2056] The following 2 liberty cell(s) do not have LEF masters and will be marked as dont-use:
[STA-1173] /Users/aoxo/.ciel/ciel/sky130/versions/74c0e6b118a67d94c24172143d3bd597473fa63d/sky130A/libs.ref/sky130_fd_io/lib/sky130_ef_io__vccd_lvc_clamped_pad_tt_025C_1v80_3v30_3v30.lib line 42, default_fanout_load is 0.0.
[STA-1173] /Users/aoxo/.ciel/ciel/sky130/versions/74c0e6b118a67d94c24172143d3bd597473fa63d/sky130A/libs.ref/sky130_fd_io/lib/sky130_ef_io__vssd_lvc_clamped_pad_tt_025C_1v80_3v30.lib line 43, default_fanout_load is 0.0.
[STA-1173] /Users/aoxo/.ciel/ciel/sky130/versions/74c0e6b118a67d94c24172143d3bd597473fa63d/sky130A/libs.ref/sky130_fd_io/lib/sky130_ef_io__vddio_hvc_clamped_pad_tt_025C_1v80_3v30_3v30.lib line 42, default_fanout_load is 0.0.
[STA-1173] /Users/aoxo/.ciel/ciel/sky130/versions/74c0e6b118a67d94c24172143d3bd597473fa63d/sky130A/libs.ref/sky130_fd_io/lib/sky130_ef_io__vssio_hvc_clamped_pad_tt_025C_1v80_3v30_3v30.lib line 42, default_fanout_load is 0.0.
[STA-1173] /Users/aoxo/.ciel/ciel/sky130/versions/74c0e6b118a67d94c24172143d3bd597473fa63d/sky130A/libs.ref/sky130_fd_io/lib/sky130_ef_io__gpiov2_pad_tt_tt_025C_1v80_3v30.lib line 33, default_fanout_load is 0.0.
[STA-1173] /Users/aoxo/.ciel/ciel/sky130/versions/74c0e6b118a67d94c24172143d3bd597473fa63d/sky130A/libs.ref/sky130_fd_io/lib/slices_stubs.lib line 33, default_fanout_load is 0.0.
[STA-1173] /Users/aoxo/.ciel/ciel/sky130/versions/74c0e6b118a67d94c24172143d3bd597473fa63d/sky130A/libs.ref/sky130_fd_io/lib/sky130_ef_io__analog_stubs.lib line 43, default_fanout_load is 0.0.
[ORD-2056] The following 2 liberty cell(s) do not have LEF masters and will be marked as dont-use:
[STA-1173] /Users/aoxo/.ciel/ciel/sky130/versions/74c0e6b118a67d94c24172143d3bd597473fa63d/sky130A/libs.ref/sky130_fd_io/lib/sky130_ef_io__vccd_lvc_clamped_pad_tt_025C_1v80_3v30_3v30.lib line 42, default_fanout_load is 0.0.
[STA-1173] /Users/aoxo/.ciel/ciel/sky130/versions/74c0e6b118a67d94c24172143d3bd597473fa63d/sky130A/libs.ref/sky130_fd_io/lib/sky130_ef_io__vssd_lvc_clamped_pad_tt_025C_1v80_3v30.lib line 43, default_fanout_load is 0.0.
[STA-1173] /Users/aoxo/.ciel/ciel/sky130/versions/74c0e6b118a67d94c24172143d3bd597473fa63d/sky130A/libs.ref/sky130_fd_io/lib/sky130_ef_io__vddio_hvc_clamped_pad_tt_025C_1v80_3v30_3v30.lib line 42, default_fanout_load is 0.0.
[STA-1173] /Users/aoxo/.ciel/ciel/sky130/versions/74c0e6b118a67d94c24172143d3bd597473fa63d/sky130A/libs.ref/sky130_fd_io/lib/sky130_ef_io__vssio_hvc_clamped_pad_tt_025C_1v80_3v30_3v30.lib line 42, default_fanout_load is 0.0.
[STA-1173] /Users/aoxo/.ciel/ciel/sky130/versions/74c0e6b118a67d94c24172143d3bd597473fa63d/sky130A/libs.ref/sky130_fd_io/lib/sky130_ef_io__gpiov2_pad_tt_tt_025C_1v80_3v30.lib line 33, default_fanout_load is 0.0.
[STA-1173] /Users/aoxo/.ciel/ciel/sky130/versions/74c0e6b118a67d94c24172143d3bd597473fa63d/sky130A/libs.ref/sky130_fd_io/lib/slices_stubs.lib line 33, default_fanout_load is 0.0.
[STA-1173] /Users/aoxo/.ciel/ciel/sky130/versions/74c0e6b118a67d94c24172143d3bd597473fa63d/sky130A/libs.ref/sky130_fd_io/lib/sky130_ef_io__analog_stubs.lib line 43, default_fanout_load is 0.0.
[ORD-2056] The following 2 liberty cell(s) do not have LEF masters and will be marked as dont-use:
[STA-1173] /Users/aoxo/.ciel/ciel/sky130/versions/74c0e6b118a67d94c24172143d3bd597473fa63d/sky130A/libs.ref/sky130_fd_io/lib/sky130_ef_io__vccd_lvc_clamped_pad_tt_025C_1v80_3v30_3v30.lib line 42, default_fanout_load is 0.0.
[STA-1173] /Users/aoxo/.ciel/ciel/sky130/versions/74c0e6b118a67d94c24172143d3bd597473fa63d/sky130A/libs.ref/sky130_fd_io/lib/sky130_ef_io__vssd_lvc_clamped_pad_tt_025C_1v80_3v30.lib line 43, default_fanout_load is 0.0.
[STA-1173] /Users/aoxo/.ciel/ciel/sky130/versions/74c0e6b118a67d94c24172143d3bd597473fa63d/sky130A/libs.ref/sky130_fd_io/lib/sky130_ef_io__vddio_hvc_clamped_pad_tt_025C_1v80_3v30_3v30.lib line 42, default_fanout_load is 0.0.
[STA-1173] /Users/aoxo/.ciel/ciel/sky130/versions/74c0e6b118a67d94c24172143d3bd597473fa63d/sky130A/libs.ref/sky130_fd_io/lib/sky130_ef_io__vssio_hvc_clamped_pad_tt_025C_1v80_3v30_3v30.lib line 42, default_fanout_load is 0.0.
[STA-1173] /Users/aoxo/.ciel/ciel/sky130/versions/74c0e6b118a67d94c24172143d3bd597473fa63d/sky130A/libs.ref/sky130_fd_io/lib/sky130_ef_io__gpiov2_pad_tt_tt_025C_1v80_3v30.lib line 33, default_fanout_load is 0.0.
[STA-1173] /Users/aoxo/.ciel/ciel/sky130/versions/74c0e6b118a67d94c24172143d3bd597473fa63d/sky130A/libs.ref/sky130_fd_io/lib/slices_stubs.lib line 33, default_fanout_load is 0.0.
[STA-1173] /Users/aoxo/.ciel/ciel/sky130/versions/74c0e6b118a67d94c24172143d3bd597473fa63d/sky130A/libs.ref/sky130_fd_io/lib/sky130_ef_io__analog_stubs.lib line 43, default_fanout_load is 0.0.
[ORD-2056] The following 2 liberty cell(s) do not have LEF masters and will be marked as dont-use:
[STA-1173] /Users/aoxo/.ciel/ciel/sky130/versions/74c0e6b118a67d94c24172143d3bd597473fa63d/sky130A/libs.ref/sky130_fd_io/lib/sky130_ef_io__vccd_lvc_clamped_pad_tt_025C_1v80_3v30_3v30.lib line 42, default_fanout_load is 0.0.
[STA-1173] /Users/aoxo/.ciel/ciel/sky130/versions/74c0e6b118a67d94c24172143d3bd597473fa63d/sky130A/libs.ref/sky130_fd_io/lib/sky130_ef_io__vssd_lvc_clamped_pad_tt_025C_1v80_3v30.lib line 43, default_fanout_load is 0.0.
[STA-1173] /Users/aoxo/.ciel/ciel/sky130/versions/74c0e6b118a67d94c24172143d3bd597473fa63d/sky130A/libs.ref/sky130_fd_io/lib/sky130_ef_io__vddio_hvc_clamped_pad_tt_025C_1v80_3v30_3v30.lib line 42, default_fanout_load is 0.0.
[STA-1173] /Users/aoxo/.ciel/ciel/sky130/versions/74c0e6b118a67d94c24172143d3bd597473fa63d/sky130A/libs.ref/sky130_fd_io/lib/sky130_ef_io__vssio_hvc_clamped_pad_tt_025C_1v80_3v30_3v30.lib line 42, default_fanout_load is 0.0.
[STA-1173] /Users/aoxo/.ciel/ciel/sky130/versions/74c0e6b118a67d94c24172143d3bd597473fa63d/sky130A/libs.ref/sky130_fd_io/lib/sky130_ef_io__gpiov2_pad_tt_tt_025C_1v80_3v30.lib line 33, default_fanout_load is 0.0.
[STA-1173] /Users/aoxo/.ciel/ciel/sky130/versions/74c0e6b118a67d94c24172143d3bd597473fa63d/sky130A/libs.ref/sky130_fd_io/lib/slices_stubs.lib line 33, default_fanout_load is 0.0.
[STA-1173] /Users/aoxo/.ciel/ciel/sky130/versions/74c0e6b118a67d94c24172143d3bd597473fa63d/sky130A/libs.ref/sky130_fd_io/lib/sky130_ef_io__analog_stubs.lib line 43, default_fanout_load is 0.0.
[ORD-2056] The following 2 liberty cell(s) do not have LEF masters and will be marked as dont-use:
[STA-1173] /Users/aoxo/.ciel/ciel/sky130/versions/74c0e6b118a67d94c24172143d3bd597473fa63d/sky130A/libs.ref/sky130_fd_io/lib/sky130_ef_io__vccd_lvc_clamped_pad_tt_025C_1v80_3v30_3v30.lib line 42, default_fanout_load is 0.0.
[STA-1173] /Users/aoxo/.ciel/ciel/sky130/versions/74c0e6b118a67d94c24172143d3bd597473fa63d/sky130A/libs.ref/sky130_fd_io/lib/sky130_ef_io__vssd_lvc_clamped_pad_tt_025C_1v80_3v30.lib line 43, default_fanout_load is 0.0.
[STA-1173] /Users/aoxo/.ciel/ciel/sky130/versions/74c0e6b118a67d94c24172143d3bd597473fa63d/sky130A/libs.ref/sky130_fd_io/lib/sky130_ef_io__vddio_hvc_clamped_pad_tt_025C_1v80_3v30_3v30.lib line 42, default_fanout_load is 0.0.
[STA-1173] /Users/aoxo/.ciel/ciel/sky130/versions/74c0e6b118a67d94c24172143d3bd597473fa63d/sky130A/libs.ref/sky130_fd_io/lib/sky130_ef_io__vssio_hvc_clamped_pad_tt_025C_1v80_3v30_3v30.lib line 42, default_fanout_load is 0.0.
[STA-1173] /Users/aoxo/.ciel/ciel/sky130/versions/74c0e6b118a67d94c24172143d3bd597473fa63d/sky130A/libs.ref/sky130_fd_io/lib/sky130_ef_io__gpiov2_pad_tt_tt_025C_1v80_3v30.lib line 33, default_fanout_load is 0.0.
[STA-1173] /Users/aoxo/.ciel/ciel/sky130/versions/74c0e6b118a67d94c24172143d3bd597473fa63d/sky130A/libs.ref/sky130_fd_io/lib/slices_stubs.lib line 33, default_fanout_load is 0.0.
[STA-1173] /Users/aoxo/.ciel/ciel/sky130/versions/74c0e6b118a67d94c24172143d3bd597473fa63d/sky130A/libs.ref/sky130_fd_io/lib/sky130_ef_io__analog_stubs.lib line 43, default_fanout_load is 0.0.
[STA-1173] /Users/aoxo/.ciel/ciel/sky130/versions/74c0e6b118a67d94c24172143d3bd597473fa63d/sky130A/libs.ref/sky130_fd_io/lib/sky130_ef_io__vccd_lvc_clamped_pad_ss_100C_1v60_3v00_3v00.lib line 42, default_fanout_load is 0.0.
[STA-1173] /Users/aoxo/.ciel/ciel/sky130/versions/74c0e6b118a67d94c24172143d3bd597473fa63d/sky130A/libs.ref/sky130_fd_io/lib/sky130_ef_io__vssd_lvc_clamped_pad_ss_100C_1v60_3v00.lib line 43, default_fanout_load is 0.0.
[STA-1173] /Users/aoxo/.ciel/ciel/sky130/versions/74c0e6b118a67d94c24172143d3bd597473fa63d/sky130A/libs.ref/sky130_fd_io/lib/sky130_ef_io__vddio_hvc_clamped_pad_ss_100C_1v60_3v00_3v00.lib line 42, default_fanout_load is 0.0.
[STA-1173] /Users/aoxo/.ciel/ciel/sky130/versions/74c0e6b118a67d94c24172143d3bd597473fa63d/sky130A/libs.ref/sky130_fd_io/lib/sky130_ef_io__vssio_hvc_clamped_pad_ss_100C_1v60_3v00_3v00.lib line 42, default_fanout_load is 0.0.
[STA-1173] /Users/aoxo/.ciel/ciel/sky130/versions/74c0e6b118a67d94c24172143d3bd597473fa63d/sky130A/libs.ref/sky130_fd_io/lib/sky130_ef_io__gpiov2_pad_ss_ss_100C_1v60_3v00.lib line 33, default_fanout_load is 0.0.
[STA-1111] cell sky130_ef_io__gpiov2_pad_ss_ss_100C_1v60_3v00/sky130_ef_io__gpiov2_pad OUT -> PAD timing group combinational not found in cell sky130_ef_io__gpiov2_pad_tt_tt_025C_1v80_3v30/sky130_ef_io__gpiov2_pad.
[STA-1111] cell sky130_ef_io__gpiov2_pad_ss_ss_100C_1v60_3v00/sky130_ef_io__gpiov2_pad OUT -> PAD timing group combinational not found in cell sky130_ef_io__gpiov2_pad_tt_tt_025C_1v80_3v30/sky130_ef_io__gpiov2_pad.
[STA-1111] cell sky130_ef_io__gpiov2_pad_ss_ss_100C_1v60_3v00/sky130_ef_io__gpiov2_pad OUT -> PAD timing group combinational not found in cell sky130_ef_io__gpiov2_pad_tt_tt_025C_1v80_3v30/sky130_ef_io__gpiov2_pad.
[STA-1111] cell sky130_ef_io__gpiov2_pad_ss_ss_100C_1v60_3v00/sky130_ef_io__gpiov2_pad OUT -> PAD timing group combinational not found in cell sky130_ef_io__gpiov2_pad_tt_tt_025C_1v80_3v30/sky130_ef_io__gpiov2_pad.
[STA-1140] /Users/aoxo/.ciel/ciel/sky130/versions/74c0e6b118a67d94c24172143d3bd597473fa63d/sky130A/libs.ref/sky130_fd_io/lib/slices_stubs.lib line 18, library slices_stubs already exists.
[STA-1173] /Users/aoxo/.ciel/ciel/sky130/versions/74c0e6b118a67d94c24172143d3bd597473fa63d/sky130A/libs.ref/sky130_fd_io/lib/slices_stubs.lib line 33, default_fanout_load is 0.0.
[STA-1140] /Users/aoxo/.ciel/ciel/sky130/versions/74c0e6b118a67d94c24172143d3bd597473fa63d/sky130A/libs.ref/sky130_fd_io/lib/sky130_ef_io__analog_stubs.lib line 18, library sky130_ef_io__analog_stubs already exists.
[STA-1173] /Users/aoxo/.ciel/ciel/sky130/versions/74c0e6b118a67d94c24172143d3bd597473fa63d/sky130A/libs.ref/sky130_fd_io/lib/sky130_ef_io__analog_stubs.lib line 43, default_fanout_load is 0.0.
[STA-1140] /Users/aoxo/.ciel/ciel/sky130/versions/74c0e6b118a67d94c24172143d3bd597473fa63d/sky130A/libs.ref/sky130_fd_sc_hd/lib/sky130_fd_sc_hd__tt_025C_1v80.lib line 1, library sky130_fd_sc_hd__tt_025C_1v80 already exists.
[STA-1140] /Users/aoxo/.ciel/ciel/sky130/versions/74c0e6b118a67d94c24172143d3bd597473fa63d/sky130A/libs.ref/sky130_fd_io/lib/sky130_ef_io__vccd_lvc_clamped_pad_tt_025C_1v80_3v30_3v30.lib line 18, library sky130_ef_io__vccd_lvc_clamped_pad_tt_025C_1v80_3v30_3v30 already exists.
[STA-1173] /Users/aoxo/.ciel/ciel/sky130/versions/74c0e6b118a67d94c24172143d3bd597473fa63d/sky130A/libs.ref/sky130_fd_io/lib/sky130_ef_io__vccd_lvc_clamped_pad_tt_025C_1v80_3v30_3v30.lib line 42, default_fanout_load is 0.0.
[STA-1140] /Users/aoxo/.ciel/ciel/sky130/versions/74c0e6b118a67d94c24172143d3bd597473fa63d/sky130A/libs.ref/sky130_fd_io/lib/sky130_ef_io__vssd_lvc_clamped_pad_tt_025C_1v80_3v30.lib line 18, library sky130_ef_io__vssd_lvc_clamped_pad_tt_025C_1v80_3v30 already exists.
[STA-1173] /Users/aoxo/.ciel/ciel/sky130/versions/74c0e6b118a67d94c24172143d3bd597473fa63d/sky130A/libs.ref/sky130_fd_io/lib/sky130_ef_io__vssd_lvc_clamped_pad_tt_025C_1v80_3v30.lib line 43, default_fanout_load is 0.0.
[STA-1140] /Users/aoxo/.ciel/ciel/sky130/versions/74c0e6b118a67d94c24172143d3bd597473fa63d/sky130A/libs.ref/sky130_fd_io/lib/sky130_ef_io__vddio_hvc_clamped_pad_tt_025C_1v80_3v30_3v30.lib line 18, library sky130_ef_io__vddio_hvc_clamped_pad_tt_025C_1v80_3v30_3v30 already exists.
[STA-1173] /Users/aoxo/.ciel/ciel/sky130/versions/74c0e6b118a67d94c24172143d3bd597473fa63d/sky130A/libs.ref/sky130_fd_io/lib/sky130_ef_io__vddio_hvc_clamped_pad_tt_025C_1v80_3v30_3v30.lib line 42, default_fanout_load is 0.0.
[STA-1140] /Users/aoxo/.ciel/ciel/sky130/versions/74c0e6b118a67d94c24172143d3bd597473fa63d/sky130A/libs.ref/sky130_fd_io/lib/sky130_ef_io__vssio_hvc_clamped_pad_tt_025C_1v80_3v30_3v30.lib line 18, library sky130_ef_io__vssio_hvc_clamped_pad_tt_025C_1v80_3v30_3v30 already exists.
[STA-1173] /Users/aoxo/.ciel/ciel/sky130/versions/74c0e6b118a67d94c24172143d3bd597473fa63d/sky130A/libs.ref/sky130_fd_io/lib/sky130_ef_io__vssio_hvc_clamped_pad_tt_025C_1v80_3v30_3v30.lib line 42, default_fanout_load is 0.0.
[STA-1140] /Users/aoxo/.ciel/ciel/sky130/versions/74c0e6b118a67d94c24172143d3bd597473fa63d/sky130A/libs.ref/sky130_fd_io/lib/sky130_ef_io__gpiov2_pad_tt_tt_025C_1v80_3v30.lib line 18, library sky130_ef_io__gpiov2_pad_tt_tt_025C_1v80_3v30 already exists.
[STA-1173] /Users/aoxo/.ciel/ciel/sky130/versions/74c0e6b118a67d94c24172143d3bd597473fa63d/sky130A/libs.ref/sky130_fd_io/lib/sky130_ef_io__gpiov2_pad_tt_tt_025C_1v80_3v30.lib line 33, default_fanout_load is 0.0.
[STA-1140] /Users/aoxo/.ciel/ciel/sky130/versions/74c0e6b118a67d94c24172143d3bd597473fa63d/sky130A/libs.ref/sky130_fd_io/lib/slices_stubs.lib line 18, library slices_stubs already exists.
[STA-1173] /Users/aoxo/.ciel/ciel/sky130/versions/74c0e6b118a67d94c24172143d3bd597473fa63d/sky130A/libs.ref/sky130_fd_io/lib/slices_stubs.lib line 33, default_fanout_load is 0.0.
[STA-1140] /Users/aoxo/.ciel/ciel/sky130/versions/74c0e6b118a67d94c24172143d3bd597473fa63d/sky130A/libs.ref/sky130_fd_io/lib/sky130_ef_io__analog_stubs.lib line 18, library sky130_ef_io__analog_stubs already exists.
[STA-1173] /Users/aoxo/.ciel/ciel/sky130/versions/74c0e6b118a67d94c24172143d3bd597473fa63d/sky130A/libs.ref/sky130_fd_io/lib/sky130_ef_io__analog_stubs.lib line 43, default_fanout_load is 0.0.
[STA-1173] /Users/aoxo/.ciel/ciel/sky130/versions/74c0e6b118a67d94c24172143d3bd597473fa63d/sky130A/libs.ref/sky130_fd_io/lib/sky130_ef_io__vccd_lvc_clamped_pad_ff_n40C_1v95_5v50_5v50.lib line 42, default_fanout_load is 0.0.
[STA-1173] /Users/aoxo/.ciel/ciel/sky130/versions/74c0e6b118a67d94c24172143d3bd597473fa63d/sky130A/libs.ref/sky130_fd_io/lib/sky130_ef_io__vssd_lvc_clamped_pad_ff_n40C_1v95_5v50.lib line 43, default_fanout_load is 0.0.
[STA-1173] /Users/aoxo/.ciel/ciel/sky130/versions/74c0e6b118a67d94c24172143d3bd597473fa63d/sky130A/libs.ref/sky130_fd_io/lib/sky130_ef_io__vddio_hvc_clamped_pad_ff_n40C_1v95_5v50_5v50.lib line 42, default_fanout_load is 0.0.
[STA-1173] /Users/aoxo/.ciel/ciel/sky130/versions/74c0e6b118a67d94c24172143d3bd597473fa63d/sky130A/libs.ref/sky130_fd_io/lib/sky130_ef_io__vssio_hvc_clamped_pad_ff_n40C_1v95_5v50_5v50.lib line 42, default_fanout_load is 0.0.
[STA-1173] /Users/aoxo/.ciel/ciel/sky130/versions/74c0e6b118a67d94c24172143d3bd597473fa63d/sky130A/libs.ref/sky130_fd_io/lib/sky130_ef_io__gpiov2_pad_ff_ff_n40C_1v95_5v50.lib line 33, default_fanout_load is 0.0.
[STA-1140] /Users/aoxo/.ciel/ciel/sky130/versions/74c0e6b118a67d94c24172143d3bd597473fa63d/sky130A/libs.ref/sky130_fd_io/lib/slices_stubs.lib line 18, library slices_stubs already exists.
[STA-1173] /Users/aoxo/.ciel/ciel/sky130/versions/74c0e6b118a67d94c24172143d3bd597473fa63d/sky130A/libs.ref/sky130_fd_io/lib/slices_stubs.lib line 33, default_fanout_load is 0.0.
[STA-1140] /Users/aoxo/.ciel/ciel/sky130/versions/74c0e6b118a67d94c24172143d3bd597473fa63d/sky130A/libs.ref/sky130_fd_io/lib/sky130_ef_io__analog_stubs.lib line 18, library sky130_ef_io__analog_stubs already exists.
[STA-1173] /Users/aoxo/.ciel/ciel/sky130/versions/74c0e6b118a67d94c24172143d3bd597473fa63d/sky130A/libs.ref/sky130_fd_io/lib/sky130_ef_io__analog_stubs.lib line 43, default_fanout_load is 0.0.
[STA-1140] /Users/aoxo/.ciel/ciel/sky130/versions/74c0e6b118a67d94c24172143d3bd597473fa63d/sky130A/libs.ref/sky130_fd_sc_hd/lib/sky130_fd_sc_hd__ff_n40C_1v95.lib line 1, library sky130_fd_sc_hd__ff_n40C_1v95 already exists.
[STA-1140] /Users/aoxo/.ciel/ciel/sky130/versions/74c0e6b118a67d94c24172143d3bd597473fa63d/sky130A/libs.ref/sky130_fd_io/lib/sky130_ef_io__vccd_lvc_clamped_pad_ff_n40C_1v95_5v50_5v50.lib line 18, library sky130_ef_io__vccd_lvc_clamped_pad_ff_n40C_1v95_5v50_5v50 already exists.
[STA-1173] /Users/aoxo/.ciel/ciel/sky130/versions/74c0e6b118a67d94c24172143d3bd597473fa63d/sky130A/libs.ref/sky130_fd_io/lib/sky130_ef_io__vccd_lvc_clamped_pad_ff_n40C_1v95_5v50_5v50.lib line 42, default_fanout_load is 0.0.
[STA-1140] /Users/aoxo/.ciel/ciel/sky130/versions/74c0e6b118a67d94c24172143d3bd597473fa63d/sky130A/libs.ref/sky130_fd_io/lib/sky130_ef_io__vssd_lvc_clamped_pad_ff_n40C_1v95_5v50.lib line 18, library sky130_ef_io__vssd_lvc_clamped_pad_ff_n40C_1v95_5v50 already exists.
[STA-1173] /Users/aoxo/.ciel/ciel/sky130/versions/74c0e6b118a67d94c24172143d3bd597473fa63d/sky130A/libs.ref/sky130_fd_io/lib/sky130_ef_io__vssd_lvc_clamped_pad_ff_n40C_1v95_5v50.lib line 43, default_fanout_load is 0.0.
[STA-1140] /Users/aoxo/.ciel/ciel/sky130/versions/74c0e6b118a67d94c24172143d3bd597473fa63d/sky130A/libs.ref/sky130_fd_io/lib/sky130_ef_io__vddio_hvc_clamped_pad_ff_n40C_1v95_5v50_5v50.lib line 18, library sky130_ef_io__vddio_hvc_clamped_pad_ff_n40C_1v95_5v50_5v50 already exists.
[STA-1173] /Users/aoxo/.ciel/ciel/sky130/versions/74c0e6b118a67d94c24172143d3bd597473fa63d/sky130A/libs.ref/sky130_fd_io/lib/sky130_ef_io__vddio_hvc_clamped_pad_ff_n40C_1v95_5v50_5v50.lib line 42, default_fanout_load is 0.0.
[STA-1140] /Users/aoxo/.ciel/ciel/sky130/versions/74c0e6b118a67d94c24172143d3bd597473fa63d/sky130A/libs.ref/sky130_fd_io/lib/sky130_ef_io__vssio_hvc_clamped_pad_ff_n40C_1v95_5v50_5v50.lib line 18, library sky130_ef_io__vssio_hvc_clamped_pad_ff_n40C_1v95_5v50_5v50 already exists.
[STA-1173] /Users/aoxo/.ciel/ciel/sky130/versions/74c0e6b118a67d94c24172143d3bd597473fa63d/sky130A/libs.ref/sky130_fd_io/lib/sky130_ef_io__vssio_hvc_clamped_pad_ff_n40C_1v95_5v50_5v50.lib line 42, default_fanout_load is 0.0.
[STA-1140] /Users/aoxo/.ciel/ciel/sky130/versions/74c0e6b118a67d94c24172143d3bd597473fa63d/sky130A/libs.ref/sky130_fd_io/lib/sky130_ef_io__gpiov2_pad_ff_ff_n40C_1v95_5v50.lib line 18, library sky130_ef_io__gpiov2_pad_ff_ff_n40C_1v95_5v50 already exists.
[STA-1173] /Users/aoxo/.ciel/ciel/sky130/versions/74c0e6b118a67d94c24172143d3bd597473fa63d/sky130A/libs.ref/sky130_fd_io/lib/sky130_ef_io__gpiov2_pad_ff_ff_n40C_1v95_5v50.lib line 33, default_fanout_load is 0.0.
[STA-1140] /Users/aoxo/.ciel/ciel/sky130/versions/74c0e6b118a67d94c24172143d3bd597473fa63d/sky130A/libs.ref/sky130_fd_io/lib/slices_stubs.lib line 18, library slices_stubs already exists.
[STA-1173] /Users/aoxo/.ciel/ciel/sky130/versions/74c0e6b118a67d94c24172143d3bd597473fa63d/sky130A/libs.ref/sky130_fd_io/lib/slices_stubs.lib line 33, default_fanout_load is 0.0.
[STA-1140] /Users/aoxo/.ciel/ciel/sky130/versions/74c0e6b118a67d94c24172143d3bd597473fa63d/sky130A/libs.ref/sky130_fd_io/lib/sky130_ef_io__analog_stubs.lib line 18, library sky130_ef_io__analog_stubs already exists.
[STA-1173] /Users/aoxo/.ciel/ciel/sky130/versions/74c0e6b118a67d94c24172143d3bd597473fa63d/sky130A/libs.ref/sky130_fd_io/lib/sky130_ef_io__analog_stubs.lib line 43, default_fanout_load is 0.0.
[STA-1140] /Users/aoxo/.ciel/ciel/sky130/versions/74c0e6b118a67d94c24172143d3bd597473fa63d/sky130A/libs.ref/sky130_fd_sc_hd/lib/sky130_fd_sc_hd__ss_100C_1v60.lib line 1, library sky130_fd_sc_hd__ss_100C_1v60 already exists.
[STA-1140] /Users/aoxo/.ciel/ciel/sky130/versions/74c0e6b118a67d94c24172143d3bd597473fa63d/sky130A/libs.ref/sky130_fd_io/lib/sky130_ef_io__vccd_lvc_clamped_pad_ss_100C_1v60_3v00_3v00.lib line 18, library sky130_ef_io__vccd_lvc_clamped_pad_ss_100C_1v60_3v00_3v00 already exists.
[STA-1173] /Users/aoxo/.ciel/ciel/sky130/versions/74c0e6b118a67d94c24172143d3bd597473fa63d/sky130A/libs.ref/sky130_fd_io/lib/sky130_ef_io__vccd_lvc_clamped_pad_ss_100C_1v60_3v00_3v00.lib line 42, default_fanout_load is 0.0.
[STA-1140] /Users/aoxo/.ciel/ciel/sky130/versions/74c0e6b118a67d94c24172143d3bd597473fa63d/sky130A/libs.ref/sky130_fd_io/lib/sky130_ef_io__vssd_lvc_clamped_pad_ss_100C_1v60_3v00.lib line 18, library sky130_ef_io__vssd_lvc_clamped_pad_ss_100C_1v60_3v00 already exists.
[STA-1173] /Users/aoxo/.ciel/ciel/sky130/versions/74c0e6b118a67d94c24172143d3bd597473fa63d/sky130A/libs.ref/sky130_fd_io/lib/sky130_ef_io__vssd_lvc_clamped_pad_ss_100C_1v60_3v00.lib line 43, default_fanout_load is 0.0.
[STA-1140] /Users/aoxo/.ciel/ciel/sky130/versions/74c0e6b118a67d94c24172143d3bd597473fa63d/sky130A/libs.ref/sky130_fd_io/lib/sky130_ef_io__vddio_hvc_clamped_pad_ss_100C_1v60_3v00_3v00.lib line 18, library sky130_ef_io__vddio_hvc_clamped_pad_ss_100C_1v60_3v00_3v00 already exists.
[STA-1173] /Users/aoxo/.ciel/ciel/sky130/versions/74c0e6b118a67d94c24172143d3bd597473fa63d/sky130A/libs.ref/sky130_fd_io/lib/sky130_ef_io__vddio_hvc_clamped_pad_ss_100C_1v60_3v00_3v00.lib line 42, default_fanout_load is 0.0.
[STA-1140] /Users/aoxo/.ciel/ciel/sky130/versions/74c0e6b118a67d94c24172143d3bd597473fa63d/sky130A/libs.ref/sky130_fd_io/lib/sky130_ef_io__vssio_hvc_clamped_pad_ss_100C_1v60_3v00_3v00.lib line 18, library sky130_ef_io__vssio_hvc_clamped_pad_ss_100C_1v60_3v00_3v00 already exists.
[STA-1173] /Users/aoxo/.ciel/ciel/sky130/versions/74c0e6b118a67d94c24172143d3bd597473fa63d/sky130A/libs.ref/sky130_fd_io/lib/sky130_ef_io__vssio_hvc_clamped_pad_ss_100C_1v60_3v00_3v00.lib line 42, default_fanout_load is 0.0.
[STA-1140] /Users/aoxo/.ciel/ciel/sky130/versions/74c0e6b118a67d94c24172143d3bd597473fa63d/sky130A/libs.ref/sky130_fd_io/lib/sky130_ef_io__gpiov2_pad_ss_ss_100C_1v60_3v00.lib line 18, library sky130_ef_io__gpiov2_pad_ss_ss_100C_1v60_3v00 already exists.
[STA-1173] /Users/aoxo/.ciel/ciel/sky130/versions/74c0e6b118a67d94c24172143d3bd597473fa63d/sky130A/libs.ref/sky130_fd_io/lib/sky130_ef_io__gpiov2_pad_ss_ss_100C_1v60_3v00.lib line 33, default_fanout_load is 0.0.
[STA-1111] cell sky130_ef_io__gpiov2_pad_ss_ss_100C_1v60_3v00/sky130_ef_io__gpiov2_pad OUT -> PAD timing group combinational not found in cell sky130_ef_io__gpiov2_pad_tt_tt_025C_1v80_3v30/sky130_ef_io__gpiov2_pad.
[STA-1111] cell sky130_ef_io__gpiov2_pad_ss_ss_100C_1v60_3v00/sky130_ef_io__gpiov2_pad OUT -> PAD timing group combinational not found in cell sky130_ef_io__gpiov2_pad_tt_tt_025C_1v80_3v30/sky130_ef_io__gpiov2_pad.
[STA-1111] cell sky130_ef_io__gpiov2_pad_ss_ss_100C_1v60_3v00/sky130_ef_io__gpiov2_pad OUT -> PAD timing group combinational not found in cell sky130_ef_io__gpiov2_pad_tt_tt_025C_1v80_3v30/sky130_ef_io__gpiov2_pad.
[STA-1111] cell sky130_ef_io__gpiov2_pad_ss_ss_100C_1v60_3v00/sky130_ef_io__gpiov2_pad OUT -> PAD timing group combinational not found in cell sky130_ef_io__gpiov2_pad_tt_tt_025C_1v80_3v30/sky130_ef_io__gpiov2_pad.
[STA-1140] /Users/aoxo/.ciel/ciel/sky130/versions/74c0e6b118a67d94c24172143d3bd597473fa63d/sky130A/libs.ref/sky130_fd_io/lib/slices_stubs.lib line 18, library slices_stubs already exists.
[STA-1173] /Users/aoxo/.ciel/ciel/sky130/versions/74c0e6b118a67d94c24172143d3bd597473fa63d/sky130A/libs.ref/sky130_fd_io/lib/slices_stubs.lib line 33, default_fanout_load is 0.0.
[STA-1140] /Users/aoxo/.ciel/ciel/sky130/versions/74c0e6b118a67d94c24172143d3bd597473fa63d/sky130A/libs.ref/sky130_fd_io/lib/sky130_ef_io__analog_stubs.lib line 18, library sky130_ef_io__analog_stubs already exists.
[STA-1173] /Users/aoxo/.ciel/ciel/sky130/versions/74c0e6b118a67d94c24172143d3bd597473fa63d/sky130A/libs.ref/sky130_fd_io/lib/sky130_ef_io__analog_stubs.lib line 43, default_fanout_load is 0.0.
[STA-1140] /Users/aoxo/.ciel/ciel/sky130/versions/74c0e6b118a67d94c24172143d3bd597473fa63d/sky130A/libs.ref/sky130_fd_sc_hd/lib/sky130_fd_sc_hd__tt_025C_1v80.lib line 1, library sky130_fd_sc_hd__tt_025C_1v80 already exists.
[STA-1140] /Users/aoxo/.ciel/ciel/sky130/versions/74c0e6b118a67d94c24172143d3bd597473fa63d/sky130A/libs.ref/sky130_fd_io/lib/sky130_ef_io__vccd_lvc_clamped_pad_tt_025C_1v80_3v30_3v30.lib line 18, library sky130_ef_io__vccd_lvc_clamped_pad_tt_025C_1v80_3v30_3v30 already exists.
[STA-1173] /Users/aoxo/.ciel/ciel/sky130/versions/74c0e6b118a67d94c24172143d3bd597473fa63d/sky130A/libs.ref/sky130_fd_io/lib/sky130_ef_io__vccd_lvc_clamped_pad_tt_025C_1v80_3v30_3v30.lib line 42, default_fanout_load is 0.0.
[STA-1140] /Users/aoxo/.ciel/ciel/sky130/versions/74c0e6b118a67d94c24172143d3bd597473fa63d/sky130A/libs.ref/sky130_fd_io/lib/sky130_ef_io__vssd_lvc_clamped_pad_tt_025C_1v80_3v30.lib line 18, library sky130_ef_io__vssd_lvc_clamped_pad_tt_025C_1v80_3v30 already exists.
[STA-1173] /Users/aoxo/.ciel/ciel/sky130/versions/74c0e6b118a67d94c24172143d3bd597473fa63d/sky130A/libs.ref/sky130_fd_io/lib/sky130_ef_io__vssd_lvc_clamped_pad_tt_025C_1v80_3v30.lib line 43, default_fanout_load is 0.0.
[STA-1140] /Users/aoxo/.ciel/ciel/sky130/versions/74c0e6b118a67d94c24172143d3bd597473fa63d/sky130A/libs.ref/sky130_fd_io/lib/sky130_ef_io__vddio_hvc_clamped_pad_tt_025C_1v80_3v30_3v30.lib line 18, library sky130_ef_io__vddio_hvc_clamped_pad_tt_025C_1v80_3v30_3v30 already exists.
[STA-1173] /Users/aoxo/.ciel/ciel/sky130/versions/74c0e6b118a67d94c24172143d3bd597473fa63d/sky130A/libs.ref/sky130_fd_io/lib/sky130_ef_io__vddio_hvc_clamped_pad_tt_025C_1v80_3v30_3v30.lib line 42, default_fanout_load is 0.0.
[STA-1140] /Users/aoxo/.ciel/ciel/sky130/versions/74c0e6b118a67d94c24172143d3bd597473fa63d/sky130A/libs.ref/sky130_fd_io/lib/sky130_ef_io__vssio_hvc_clamped_pad_tt_025C_1v80_3v30_3v30.lib line 18, library sky130_ef_io__vssio_hvc_clamped_pad_tt_025C_1v80_3v30_3v30 already exists.
[STA-1173] /Users/aoxo/.ciel/ciel/sky130/versions/74c0e6b118a67d94c24172143d3bd597473fa63d/sky130A/libs.ref/sky130_fd_io/lib/sky130_ef_io__vssio_hvc_clamped_pad_tt_025C_1v80_3v30_3v30.lib line 42, default_fanout_load is 0.0.
[STA-1140] /Users/aoxo/.ciel/ciel/sky130/versions/74c0e6b118a67d94c24172143d3bd597473fa63d/sky130A/libs.ref/sky130_fd_io/lib/sky130_ef_io__gpiov2_pad_tt_tt_025C_1v80_3v30.lib line 18, library sky130_ef_io__gpiov2_pad_tt_tt_025C_1v80_3v30 already exists.
[STA-1173] /Users/aoxo/.ciel/ciel/sky130/versions/74c0e6b118a67d94c24172143d3bd597473fa63d/sky130A/libs.ref/sky130_fd_io/lib/sky130_ef_io__gpiov2_pad_tt_tt_025C_1v80_3v30.lib line 33, default_fanout_load is 0.0.
[STA-1140] /Users/aoxo/.ciel/ciel/sky130/versions/74c0e6b118a67d94c24172143d3bd597473fa63d/sky130A/libs.ref/sky130_fd_io/lib/slices_stubs.lib line 18, library slices_stubs already exists.
[STA-1173] /Users/aoxo/.ciel/ciel/sky130/versions/74c0e6b118a67d94c24172143d3bd597473fa63d/sky130A/libs.ref/sky130_fd_io/lib/slices_stubs.lib line 33, default_fanout_load is 0.0.
[STA-1140] /Users/aoxo/.ciel/ciel/sky130/versions/74c0e6b118a67d94c24172143d3bd597473fa63d/sky130A/libs.ref/sky130_fd_io/lib/sky130_ef_io__analog_stubs.lib line 18, library sky130_ef_io__analog_stubs already exists.
[STA-1173] /Users/aoxo/.ciel/ciel/sky130/versions/74c0e6b118a67d94c24172143d3bd597473fa63d/sky130A/libs.ref/sky130_fd_io/lib/sky130_ef_io__analog_stubs.lib line 43, default_fanout_load is 0.0.
[STA-1140] /Users/aoxo/.ciel/ciel/sky130/versions/74c0e6b118a67d94c24172143d3bd597473fa63d/sky130A/libs.ref/sky130_fd_sc_hd/lib/sky130_fd_sc_hd__ss_100C_1v60.lib line 1, library sky130_fd_sc_hd__ss_100C_1v60 already exists.
[STA-1140] /Users/aoxo/.ciel/ciel/sky130/versions/74c0e6b118a67d94c24172143d3bd597473fa63d/sky130A/libs.ref/sky130_fd_io/lib/sky130_ef_io__vccd_lvc_clamped_pad_ss_100C_1v60_3v00_3v00.lib line 18, library sky130_ef_io__vccd_lvc_clamped_pad_ss_100C_1v60_3v00_3v00 already exists.
[STA-1173] /Users/aoxo/.ciel/ciel/sky130/versions/74c0e6b118a67d94c24172143d3bd597473fa63d/sky130A/libs.ref/sky130_fd_io/lib/sky130_ef_io__vccd_lvc_clamped_pad_ss_100C_1v60_3v00_3v00.lib line 42, default_fanout_load is 0.0.
[STA-1140] /Users/aoxo/.ciel/ciel/sky130/versions/74c0e6b118a67d94c24172143d3bd597473fa63d/sky130A/libs.ref/sky130_fd_io/lib/sky130_ef_io__vssd_lvc_clamped_pad_ss_100C_1v60_3v00.lib line 18, library sky130_ef_io__vssd_lvc_clamped_pad_ss_100C_1v60_3v00 already exists.
[STA-1173] /Users/aoxo/.ciel/ciel/sky130/versions/74c0e6b118a67d94c24172143d3bd597473fa63d/sky130A/libs.ref/sky130_fd_io/lib/sky130_ef_io__vssd_lvc_clamped_pad_ss_100C_1v60_3v00.lib line 43, default_fanout_load is 0.0.
[STA-1140] /Users/aoxo/.ciel/ciel/sky130/versions/74c0e6b118a67d94c24172143d3bd597473fa63d/sky130A/libs.ref/sky130_fd_io/lib/sky130_ef_io__vddio_hvc_clamped_pad_ss_100C_1v60_3v00_3v00.lib line 18, library sky130_ef_io__vddio_hvc_clamped_pad_ss_100C_1v60_3v00_3v00 already exists.
[STA-1173] /Users/aoxo/.ciel/ciel/sky130/versions/74c0e6b118a67d94c24172143d3bd597473fa63d/sky130A/libs.ref/sky130_fd_io/lib/sky130_ef_io__vddio_hvc_clamped_pad_ss_100C_1v60_3v00_3v00.lib line 42, default_fanout_load is 0.0.
[STA-1140] /Users/aoxo/.ciel/ciel/sky130/versions/74c0e6b118a67d94c24172143d3bd597473fa63d/sky130A/libs.ref/sky130_fd_io/lib/sky130_ef_io__vssio_hvc_clamped_pad_ss_100C_1v60_3v00_3v00.lib line 18, library sky130_ef_io__vssio_hvc_clamped_pad_ss_100C_1v60_3v00_3v00 already exists.
[STA-1173] /Users/aoxo/.ciel/ciel/sky130/versions/74c0e6b118a67d94c24172143d3bd597473fa63d/sky130A/libs.ref/sky130_fd_io/lib/sky130_ef_io__vssio_hvc_clamped_pad_ss_100C_1v60_3v00_3v00.lib line 42, default_fanout_load is 0.0.
[STA-1140] /Users/aoxo/.ciel/ciel/sky130/versions/74c0e6b118a67d94c24172143d3bd597473fa63d/sky130A/libs.ref/sky130_fd_io/lib/sky130_ef_io__gpiov2_pad_ss_ss_100C_1v60_3v00.lib line 18, library sky130_ef_io__gpiov2_pad_ss_ss_100C_1v60_3v00 already exists.
[STA-1173] /Users/aoxo/.ciel/ciel/sky130/versions/74c0e6b118a67d94c24172143d3bd597473fa63d/sky130A/libs.ref/sky130_fd_io/lib/sky130_ef_io__gpiov2_pad_ss_ss_100C_1v60_3v00.lib line 33, default_fanout_load is 0.0.
[STA-1111] cell sky130_ef_io__gpiov2_pad_ss_ss_100C_1v60_3v00/sky130_ef_io__gpiov2_pad OUT -> PAD timing group combinational not found in cell sky130_ef_io__gpiov2_pad_tt_tt_025C_1v80_3v30/sky130_ef_io__gpiov2_pad.
[STA-1111] cell sky130_ef_io__gpiov2_pad_ss_ss_100C_1v60_3v00/sky130_ef_io__gpiov2_pad OUT -> PAD timing group combinational not found in cell sky130_ef_io__gpiov2_pad_tt_tt_025C_1v80_3v30/sky130_ef_io__gpiov2_pad.
[STA-1111] cell sky130_ef_io__gpiov2_pad_ss_ss_100C_1v60_3v00/sky130_ef_io__gpiov2_pad OUT -> PAD timing group combinational not found in cell sky130_ef_io__gpiov2_pad_tt_tt_025C_1v80_3v30/sky130_ef_io__gpiov2_pad.
[STA-1111] cell sky130_ef_io__gpiov2_pad_ss_ss_100C_1v60_3v00/sky130_ef_io__gpiov2_pad OUT -> PAD timing group combinational not found in cell sky130_ef_io__gpiov2_pad_tt_tt_025C_1v80_3v30/sky130_ef_io__gpiov2_pad.
[STA-1140] /Users/aoxo/.ciel/ciel/sky130/versions/74c0e6b118a67d94c24172143d3bd597473fa63d/sky130A/libs.ref/sky130_fd_io/lib/slices_stubs.lib line 18, library slices_stubs already exists.
[STA-1173] /Users/aoxo/.ciel/ciel/sky130/versions/74c0e6b118a67d94c24172143d3bd597473fa63d/sky130A/libs.ref/sky130_fd_io/lib/slices_stubs.lib line 33, default_fanout_load is 0.0.
[STA-1140] /Users/aoxo/.ciel/ciel/sky130/versions/74c0e6b118a67d94c24172143d3bd597473fa63d/sky130A/libs.ref/sky130_fd_io/lib/sky130_ef_io__analog_stubs.lib line 18, library sky130_ef_io__analog_stubs already exists.
[STA-1173] /Users/aoxo/.ciel/ciel/sky130/versions/74c0e6b118a67d94c24172143d3bd597473fa63d/sky130A/libs.ref/sky130_fd_io/lib/sky130_ef_io__analog_stubs.lib line 43, default_fanout_load is 0.0.
[STA-1140] /Users/aoxo/.ciel/ciel/sky130/versions/74c0e6b118a67d94c24172143d3bd597473fa63d/sky130A/libs.ref/sky130_fd_sc_hd/lib/sky130_fd_sc_hd__ff_n40C_1v95.lib line 1, library sky130_fd_sc_hd__ff_n40C_1v95 already exists.
[STA-1140] /Users/aoxo/.ciel/ciel/sky130/versions/74c0e6b118a67d94c24172143d3bd597473fa63d/sky130A/libs.ref/sky130_fd_io/lib/sky130_ef_io__vccd_lvc_clamped_pad_ff_n40C_1v95_5v50_5v50.lib line 18, library sky130_ef_io__vccd_lvc_clamped_pad_ff_n40C_1v95_5v50_5v50 already exists.
[STA-1173] /Users/aoxo/.ciel/ciel/sky130/versions/74c0e6b118a67d94c24172143d3bd597473fa63d/sky130A/libs.ref/sky130_fd_io/lib/sky130_ef_io__vccd_lvc_clamped_pad_ff_n40C_1v95_5v50_5v50.lib line 42, default_fanout_load is 0.0.
[STA-1140] /Users/aoxo/.ciel/ciel/sky130/versions/74c0e6b118a67d94c24172143d3bd597473fa63d/sky130A/libs.ref/sky130_fd_io/lib/sky130_ef_io__vssd_lvc_clamped_pad_ff_n40C_1v95_5v50.lib line 18, library sky130_ef_io__vssd_lvc_clamped_pad_ff_n40C_1v95_5v50 already exists.
[STA-1173] /Users/aoxo/.ciel/ciel/sky130/versions/74c0e6b118a67d94c24172143d3bd597473fa63d/sky130A/libs.ref/sky130_fd_io/lib/sky130_ef_io__vssd_lvc_clamped_pad_ff_n40C_1v95_5v50.lib line 43, default_fanout_load is 0.0.
[STA-1140] /Users/aoxo/.ciel/ciel/sky130/versions/74c0e6b118a67d94c24172143d3bd597473fa63d/sky130A/libs.ref/sky130_fd_io/lib/sky130_ef_io__vddio_hvc_clamped_pad_ff_n40C_1v95_5v50_5v50.lib line 18, library sky130_ef_io__vddio_hvc_clamped_pad_ff_n40C_1v95_5v50_5v50 already exists.
[STA-1173] /Users/aoxo/.ciel/ciel/sky130/versions/74c0e6b118a67d94c24172143d3bd597473fa63d/sky130A/libs.ref/sky130_fd_io/lib/sky130_ef_io__vddio_hvc_clamped_pad_ff_n40C_1v95_5v50_5v50.lib line 42, default_fanout_load is 0.0.
[STA-1140] /Users/aoxo/.ciel/ciel/sky130/versions/74c0e6b118a67d94c24172143d3bd597473fa63d/sky130A/libs.ref/sky130_fd_io/lib/sky130_ef_io__vssio_hvc_clamped_pad_ff_n40C_1v95_5v50_5v50.lib line 18, library sky130_ef_io__vssio_hvc_clamped_pad_ff_n40C_1v95_5v50_5v50 already exists.
[STA-1173] /Users/aoxo/.ciel/ciel/sky130/versions/74c0e6b118a67d94c24172143d3bd597473fa63d/sky130A/libs.ref/sky130_fd_io/lib/sky130_ef_io__vssio_hvc_clamped_pad_ff_n40C_1v95_5v50_5v50.lib line 42, default_fanout_load is 0.0.
[STA-1140] /Users/aoxo/.ciel/ciel/sky130/versions/74c0e6b118a67d94c24172143d3bd597473fa63d/sky130A/libs.ref/sky130_fd_io/lib/sky130_ef_io__gpiov2_pad_ff_ff_n40C_1v95_5v50.lib line 18, library sky130_ef_io__gpiov2_pad_ff_ff_n40C_1v95_5v50 already exists.
[STA-1173] /Users/aoxo/.ciel/ciel/sky130/versions/74c0e6b118a67d94c24172143d3bd597473fa63d/sky130A/libs.ref/sky130_fd_io/lib/sky130_ef_io__gpiov2_pad_ff_ff_n40C_1v95_5v50.lib line 33, default_fanout_load is 0.0.
[STA-1140] /Users/aoxo/.ciel/ciel/sky130/versions/74c0e6b118a67d94c24172143d3bd597473fa63d/sky130A/libs.ref/sky130_fd_io/lib/slices_stubs.lib line 18, library slices_stubs already exists.
[STA-1173] /Users/aoxo/.ciel/ciel/sky130/versions/74c0e6b118a67d94c24172143d3bd597473fa63d/sky130A/libs.ref/sky130_fd_io/lib/slices_stubs.lib line 33, default_fanout_load is 0.0.
[STA-1140] /Users/aoxo/.ciel/ciel/sky130/versions/74c0e6b118a67d94c24172143d3bd597473fa63d/sky130A/libs.ref/sky130_fd_io/lib/sky130_ef_io__analog_stubs.lib line 18, library sky130_ef_io__analog_stubs already exists.
[STA-1173] /Users/aoxo/.ciel/ciel/sky130/versions/74c0e6b118a67d94c24172143d3bd597473fa63d/sky130A/libs.ref/sky130_fd_io/lib/sky130_ef_io__analog_stubs.lib line 43, default_fanout_load is 0.0.
[ORD-2056] The following 18 liberty cell(s) do not have LEF masters and will be marked as dont-use:
[RSZ-0020] found 2 floating nets.
[STA-1173] /Users/aoxo/.ciel/ciel/sky130/versions/74c0e6b118a67d94c24172143d3bd597473fa63d/sky130A/libs.ref/sky130_fd_io/lib/sky130_ef_io__vccd_lvc_clamped_pad_tt_025C_1v80_3v30_3v30.lib line 42, default_fanout_load is 0.0.
[STA-1173] /Users/aoxo/.ciel/ciel/sky130/versions/74c0e6b118a67d94c24172143d3bd597473fa63d/sky130A/libs.ref/sky130_fd_io/lib/sky130_ef_io__vssd_lvc_clamped_pad_tt_025C_1v80_3v30.lib line 43, default_fanout_load is 0.0.
[STA-1173] /Users/aoxo/.ciel/ciel/sky130/versions/74c0e6b118a67d94c24172143d3bd597473fa63d/sky130A/libs.ref/sky130_fd_io/lib/sky130_ef_io__vddio_hvc_clamped_pad_tt_025C_1v80_3v30_3v30.lib line 42, default_fanout_load is 0.0.
[STA-1173] /Users/aoxo/.ciel/ciel/sky130/versions/74c0e6b118a67d94c24172143d3bd597473fa63d/sky130A/libs.ref/sky130_fd_io/lib/sky130_ef_io__vssio_hvc_clamped_pad_tt_025C_1v80_3v30_3v30.lib line 42, default_fanout_load is 0.0.
[STA-1173] /Users/aoxo/.ciel/ciel/sky130/versions/74c0e6b118a67d94c24172143d3bd597473fa63d/sky130A/libs.ref/sky130_fd_io/lib/sky130_ef_io__gpiov2_pad_tt_tt_025C_1v80_3v30.lib line 33, default_fanout_load is 0.0.
[STA-1173] /Users/aoxo/.ciel/ciel/sky130/versions/74c0e6b118a67d94c24172143d3bd597473fa63d/sky130A/libs.ref/sky130_fd_io/lib/slices_stubs.lib line 33, default_fanout_load is 0.0.
[STA-1173] /Users/aoxo/.ciel/ciel/sky130/versions/74c0e6b118a67d94c24172143d3bd597473fa63d/sky130A/libs.ref/sky130_fd_io/lib/sky130_ef_io__analog_stubs.lib line 43, default_fanout_load is 0.0.
[ORD-2056] The following 2 liberty cell(s) do not have LEF masters and will be marked as dont-use:
[STA-1173] /Users/aoxo/.ciel/ciel/sky130/versions/74c0e6b118a67d94c24172143d3bd597473fa63d/sky130A/libs.ref/sky130_fd_io/lib/sky130_ef_io__vccd_lvc_clamped_pad_tt_025C_1v80_3v30_3v30.lib line 42, default_fanout_load is 0.0.
[STA-1173] /Users/aoxo/.ciel/ciel/sky130/versions/74c0e6b118a67d94c24172143d3bd597473fa63d/sky130A/libs.ref/sky130_fd_io/lib/sky130_ef_io__vssd_lvc_clamped_pad_tt_025C_1v80_3v30.lib line 43, default_fanout_load is 0.0.
[STA-1173] /Users/aoxo/.ciel/ciel/sky130/versions/74c0e6b118a67d94c24172143d3bd597473fa63d/sky130A/libs.ref/sky130_fd_io/lib/sky130_ef_io__vddio_hvc_clamped_pad_tt_025C_1v80_3v30_3v30.lib line 42, default_fanout_load is 0.0.
[STA-1173] /Users/aoxo/.ciel/ciel/sky130/versions/74c0e6b118a67d94c24172143d3bd597473fa63d/sky130A/libs.ref/sky130_fd_io/lib/sky130_ef_io__vssio_hvc_clamped_pad_tt_025C_1v80_3v30_3v30.lib line 42, default_fanout_load is 0.0.
[STA-1173] /Users/aoxo/.ciel/ciel/sky130/versions/74c0e6b118a67d94c24172143d3bd597473fa63d/sky130A/libs.ref/sky130_fd_io/lib/sky130_ef_io__gpiov2_pad_tt_tt_025C_1v80_3v30.lib line 33, default_fanout_load is 0.0.
[STA-1173] /Users/aoxo/.ciel/ciel/sky130/versions/74c0e6b118a67d94c24172143d3bd597473fa63d/sky130A/libs.ref/sky130_fd_io/lib/slices_stubs.lib line 33, default_fanout_load is 0.0.
[STA-1173] /Users/aoxo/.ciel/ciel/sky130/versions/74c0e6b118a67d94c24172143d3bd597473fa63d/sky130A/libs.ref/sky130_fd_io/lib/sky130_ef_io__analog_stubs.lib line 43, default_fanout_load is 0.0.
[STA-1173] /Users/aoxo/.ciel/ciel/sky130/versions/74c0e6b118a67d94c24172143d3bd597473fa63d/sky130A/libs.ref/sky130_fd_io/lib/sky130_ef_io__vccd_lvc_clamped_pad_ss_100C_1v60_3v00_3v00.lib line 42, default_fanout_load is 0.0.
[STA-1173] /Users/aoxo/.ciel/ciel/sky130/versions/74c0e6b118a67d94c24172143d3bd597473fa63d/sky130A/libs.ref/sky130_fd_io/lib/sky130_ef_io__vssd_lvc_clamped_pad_ss_100C_1v60_3v00.lib line 43, default_fanout_load is 0.0.
[STA-1173] /Users/aoxo/.ciel/ciel/sky130/versions/74c0e6b118a67d94c24172143d3bd597473fa63d/sky130A/libs.ref/sky130_fd_io/lib/sky130_ef_io__vddio_hvc_clamped_pad_ss_100C_1v60_3v00_3v00.lib line 42, default_fanout_load is 0.0.
[STA-1173] /Users/aoxo/.ciel/ciel/sky130/versions/74c0e6b118a67d94c24172143d3bd597473fa63d/sky130A/libs.ref/sky130_fd_io/lib/sky130_ef_io__vssio_hvc_clamped_pad_ss_100C_1v60_3v00_3v00.lib line 42, default_fanout_load is 0.0.
[STA-1173] /Users/aoxo/.ciel/ciel/sky130/versions/74c0e6b118a67d94c24172143d3bd597473fa63d/sky130A/libs.ref/sky130_fd_io/lib/sky130_ef_io__gpiov2_pad_ss_ss_100C_1v60_3v00.lib line 33, default_fanout_load is 0.0.
[STA-1111] cell sky130_ef_io__gpiov2_pad_ss_ss_100C_1v60_3v00/sky130_ef_io__gpiov2_pad OUT -> PAD timing group combinational not found in cell sky130_ef_io__gpiov2_pad_tt_tt_025C_1v80_3v30/sky130_ef_io__gpiov2_pad.
[STA-1111] cell sky130_ef_io__gpiov2_pad_ss_ss_100C_1v60_3v00/sky130_ef_io__gpiov2_pad OUT -> PAD timing group combinational not found in cell sky130_ef_io__gpiov2_pad_tt_tt_025C_1v80_3v30/sky130_ef_io__gpiov2_pad.
[STA-1111] cell sky130_ef_io__gpiov2_pad_ss_ss_100C_1v60_3v00/sky130_ef_io__gpiov2_pad OUT -> PAD timing group combinational not found in cell sky130_ef_io__gpiov2_pad_tt_tt_025C_1v80_3v30/sky130_ef_io__gpiov2_pad.
[STA-1111] cell sky130_ef_io__gpiov2_pad_ss_ss_100C_1v60_3v00/sky130_ef_io__gpiov2_pad OUT -> PAD timing group combinational not found in cell sky130_ef_io__gpiov2_pad_tt_tt_025C_1v80_3v30/sky130_ef_io__gpiov2_pad.
[STA-1140] /Users/aoxo/.ciel/ciel/sky130/versions/74c0e6b118a67d94c24172143d3bd597473fa63d/sky130A/libs.ref/sky130_fd_io/lib/slices_stubs.lib line 18, library slices_stubs already exists.
[STA-1173] /Users/aoxo/.ciel/ciel/sky130/versions/74c0e6b118a67d94c24172143d3bd597473fa63d/sky130A/libs.ref/sky130_fd_io/lib/slices_stubs.lib line 33, default_fanout_load is 0.0.
[STA-1140] /Users/aoxo/.ciel/ciel/sky130/versions/74c0e6b118a67d94c24172143d3bd597473fa63d/sky130A/libs.ref/sky130_fd_io/lib/sky130_ef_io__analog_stubs.lib line 18, library sky130_ef_io__analog_stubs already exists.
[STA-1173] /Users/aoxo/.ciel/ciel/sky130/versions/74c0e6b118a67d94c24172143d3bd597473fa63d/sky130A/libs.ref/sky130_fd_io/lib/sky130_ef_io__analog_stubs.lib line 43, default_fanout_load is 0.0.
[STA-1140] /Users/aoxo/.ciel/ciel/sky130/versions/74c0e6b118a67d94c24172143d3bd597473fa63d/sky130A/libs.ref/sky130_fd_sc_hd/lib/sky130_fd_sc_hd__tt_025C_1v80.lib line 1, library sky130_fd_sc_hd__tt_025C_1v80 already exists.
[STA-1140] /Users/aoxo/.ciel/ciel/sky130/versions/74c0e6b118a67d94c24172143d3bd597473fa63d/sky130A/libs.ref/sky130_fd_io/lib/sky130_ef_io__vccd_lvc_clamped_pad_tt_025C_1v80_3v30_3v30.lib line 18, library sky130_ef_io__vccd_lvc_clamped_pad_tt_025C_1v80_3v30_3v30 already exists.
[STA-1173] /Users/aoxo/.ciel/ciel/sky130/versions/74c0e6b118a67d94c24172143d3bd597473fa63d/sky130A/libs.ref/sky130_fd_io/lib/sky130_ef_io__vccd_lvc_clamped_pad_tt_025C_1v80_3v30_3v30.lib line 42, default_fanout_load is 0.0.
[STA-1140] /Users/aoxo/.ciel/ciel/sky130/versions/74c0e6b118a67d94c24172143d3bd597473fa63d/sky130A/libs.ref/sky130_fd_io/lib/sky130_ef_io__vssd_lvc_clamped_pad_tt_025C_1v80_3v30.lib line 18, library sky130_ef_io__vssd_lvc_clamped_pad_tt_025C_1v80_3v30 already exists.
[STA-1173] /Users/aoxo/.ciel/ciel/sky130/versions/74c0e6b118a67d94c24172143d3bd597473fa63d/sky130A/libs.ref/sky130_fd_io/lib/sky130_ef_io__vssd_lvc_clamped_pad_tt_025C_1v80_3v30.lib line 43, default_fanout_load is 0.0.
[STA-1140] /Users/aoxo/.ciel/ciel/sky130/versions/74c0e6b118a67d94c24172143d3bd597473fa63d/sky130A/libs.ref/sky130_fd_io/lib/sky130_ef_io__vddio_hvc_clamped_pad_tt_025C_1v80_3v30_3v30.lib line 18, library sky130_ef_io__vddio_hvc_clamped_pad_tt_025C_1v80_3v30_3v30 already exists.
[STA-1173] /Users/aoxo/.ciel/ciel/sky130/versions/74c0e6b118a67d94c24172143d3bd597473fa63d/sky130A/libs.ref/sky130_fd_io/lib/sky130_ef_io__vddio_hvc_clamped_pad_tt_025C_1v80_3v30_3v30.lib line 42, default_fanout_load is 0.0.
[STA-1140] /Users/aoxo/.ciel/ciel/sky130/versions/74c0e6b118a67d94c24172143d3bd597473fa63d/sky130A/libs.ref/sky130_fd_io/lib/sky130_ef_io__vssio_hvc_clamped_pad_tt_025C_1v80_3v30_3v30.lib line 18, library sky130_ef_io__vssio_hvc_clamped_pad_tt_025C_1v80_3v30_3v30 already exists.
[STA-1173] /Users/aoxo/.ciel/ciel/sky130/versions/74c0e6b118a67d94c24172143d3bd597473fa63d/sky130A/libs.ref/sky130_fd_io/lib/sky130_ef_io__vssio_hvc_clamped_pad_tt_025C_1v80_3v30_3v30.lib line 42, default_fanout_load is 0.0.
[STA-1140] /Users/aoxo/.ciel/ciel/sky130/versions/74c0e6b118a67d94c24172143d3bd597473fa63d/sky130A/libs.ref/sky130_fd_io/lib/sky130_ef_io__gpiov2_pad_tt_tt_025C_1v80_3v30.lib line 18, library sky130_ef_io__gpiov2_pad_tt_tt_025C_1v80_3v30 already exists.
[STA-1173] /Users/aoxo/.ciel/ciel/sky130/versions/74c0e6b118a67d94c24172143d3bd597473fa63d/sky130A/libs.ref/sky130_fd_io/lib/sky130_ef_io__gpiov2_pad_tt_tt_025C_1v80_3v30.lib line 33, default_fanout_load is 0.0.
[STA-1140] /Users/aoxo/.ciel/ciel/sky130/versions/74c0e6b118a67d94c24172143d3bd597473fa63d/sky130A/libs.ref/sky130_fd_io/lib/slices_stubs.lib line 18, library slices_stubs already exists.
[STA-1173] /Users/aoxo/.ciel/ciel/sky130/versions/74c0e6b118a67d94c24172143d3bd597473fa63d/sky130A/libs.ref/sky130_fd_io/lib/slices_stubs.lib line 33, default_fanout_load is 0.0.
[STA-1140] /Users/aoxo/.ciel/ciel/sky130/versions/74c0e6b118a67d94c24172143d3bd597473fa63d/sky130A/libs.ref/sky130_fd_io/lib/sky130_ef_io__analog_stubs.lib line 18, library sky130_ef_io__analog_stubs already exists.
[STA-1173] /Users/aoxo/.ciel/ciel/sky130/versions/74c0e6b118a67d94c24172143d3bd597473fa63d/sky130A/libs.ref/sky130_fd_io/lib/sky130_ef_io__analog_stubs.lib line 43, default_fanout_load is 0.0.
[STA-1173] /Users/aoxo/.ciel/ciel/sky130/versions/74c0e6b118a67d94c24172143d3bd597473fa63d/sky130A/libs.ref/sky130_fd_io/lib/sky130_ef_io__vccd_lvc_clamped_pad_ff_n40C_1v95_5v50_5v50.lib line 42, default_fanout_load is 0.0.
[STA-1173] /Users/aoxo/.ciel/ciel/sky130/versions/74c0e6b118a67d94c24172143d3bd597473fa63d/sky130A/libs.ref/sky130_fd_io/lib/sky130_ef_io__vssd_lvc_clamped_pad_ff_n40C_1v95_5v50.lib line 43, default_fanout_load is 0.0.
[STA-1173] /Users/aoxo/.ciel/ciel/sky130/versions/74c0e6b118a67d94c24172143d3bd597473fa63d/sky130A/libs.ref/sky130_fd_io/lib/sky130_ef_io__vddio_hvc_clamped_pad_ff_n40C_1v95_5v50_5v50.lib line 42, default_fanout_load is 0.0.
[STA-1173] /Users/aoxo/.ciel/ciel/sky130/versions/74c0e6b118a67d94c24172143d3bd597473fa63d/sky130A/libs.ref/sky130_fd_io/lib/sky130_ef_io__vssio_hvc_clamped_pad_ff_n40C_1v95_5v50_5v50.lib line 42, default_fanout_load is 0.0.
[STA-1173] /Users/aoxo/.ciel/ciel/sky130/versions/74c0e6b118a67d94c24172143d3bd597473fa63d/sky130A/libs.ref/sky130_fd_io/lib/sky130_ef_io__gpiov2_pad_ff_ff_n40C_1v95_5v50.lib line 33, default_fanout_load is 0.0.
[STA-1140] /Users/aoxo/.ciel/ciel/sky130/versions/74c0e6b118a67d94c24172143d3bd597473fa63d/sky130A/libs.ref/sky130_fd_io/lib/slices_stubs.lib line 18, library slices_stubs already exists.
[STA-1173] /Users/aoxo/.ciel/ciel/sky130/versions/74c0e6b118a67d94c24172143d3bd597473fa63d/sky130A/libs.ref/sky130_fd_io/lib/slices_stubs.lib line 33, default_fanout_load is 0.0.
[STA-1140] /Users/aoxo/.ciel/ciel/sky130/versions/74c0e6b118a67d94c24172143d3bd597473fa63d/sky130A/libs.ref/sky130_fd_io/lib/sky130_ef_io__analog_stubs.lib line 18, library sky130_ef_io__analog_stubs already exists.
[STA-1173] /Users/aoxo/.ciel/ciel/sky130/versions/74c0e6b118a67d94c24172143d3bd597473fa63d/sky130A/libs.ref/sky130_fd_io/lib/sky130_ef_io__analog_stubs.lib line 43, default_fanout_load is 0.0.
[STA-1140] /Users/aoxo/.ciel/ciel/sky130/versions/74c0e6b118a67d94c24172143d3bd597473fa63d/sky130A/libs.ref/sky130_fd_sc_hd/lib/sky130_fd_sc_hd__ff_n40C_1v95.lib line 1, library sky130_fd_sc_hd__ff_n40C_1v95 already exists.
[STA-1140] /Users/aoxo/.ciel/ciel/sky130/versions/74c0e6b118a67d94c24172143d3bd597473fa63d/sky130A/libs.ref/sky130_fd_io/lib/sky130_ef_io__vccd_lvc_clamped_pad_ff_n40C_1v95_5v50_5v50.lib line 18, library sky130_ef_io__vccd_lvc_clamped_pad_ff_n40C_1v95_5v50_5v50 already exists.
[STA-1173] /Users/aoxo/.ciel/ciel/sky130/versions/74c0e6b118a67d94c24172143d3bd597473fa63d/sky130A/libs.ref/sky130_fd_io/lib/sky130_ef_io__vccd_lvc_clamped_pad_ff_n40C_1v95_5v50_5v50.lib line 42, default_fanout_load is 0.0.
[STA-1140] /Users/aoxo/.ciel/ciel/sky130/versions/74c0e6b118a67d94c24172143d3bd597473fa63d/sky130A/libs.ref/sky130_fd_io/lib/sky130_ef_io__vssd_lvc_clamped_pad_ff_n40C_1v95_5v50.lib line 18, library sky130_ef_io__vssd_lvc_clamped_pad_ff_n40C_1v95_5v50 already exists.
[STA-1173] /Users/aoxo/.ciel/ciel/sky130/versions/74c0e6b118a67d94c24172143d3bd597473fa63d/sky130A/libs.ref/sky130_fd_io/lib/sky130_ef_io__vssd_lvc_clamped_pad_ff_n40C_1v95_5v50.lib line 43, default_fanout_load is 0.0.
[STA-1140] /Users/aoxo/.ciel/ciel/sky130/versions/74c0e6b118a67d94c24172143d3bd597473fa63d/sky130A/libs.ref/sky130_fd_io/lib/sky130_ef_io__vddio_hvc_clamped_pad_ff_n40C_1v95_5v50_5v50.lib line 18, library sky130_ef_io__vddio_hvc_clamped_pad_ff_n40C_1v95_5v50_5v50 already exists.
[STA-1173] /Users/aoxo/.ciel/ciel/sky130/versions/74c0e6b118a67d94c24172143d3bd597473fa63d/sky130A/libs.ref/sky130_fd_io/lib/sky130_ef_io__vddio_hvc_clamped_pad_ff_n40C_1v95_5v50_5v50.lib line 42, default_fanout_load is 0.0.
[STA-1140] /Users/aoxo/.ciel/ciel/sky130/versions/74c0e6b118a67d94c24172143d3bd597473fa63d/sky130A/libs.ref/sky130_fd_io/lib/sky130_ef_io__vssio_hvc_clamped_pad_ff_n40C_1v95_5v50_5v50.lib line 18, library sky130_ef_io__vssio_hvc_clamped_pad_ff_n40C_1v95_5v50_5v50 already exists.
[STA-1173] /Users/aoxo/.ciel/ciel/sky130/versions/74c0e6b118a67d94c24172143d3bd597473fa63d/sky130A/libs.ref/sky130_fd_io/lib/sky130_ef_io__vssio_hvc_clamped_pad_ff_n40C_1v95_5v50_5v50.lib line 42, default_fanout_load is 0.0.
[STA-1140] /Users/aoxo/.ciel/ciel/sky130/versions/74c0e6b118a67d94c24172143d3bd597473fa63d/sky130A/libs.ref/sky130_fd_io/lib/sky130_ef_io__gpiov2_pad_ff_ff_n40C_1v95_5v50.lib line 18, library sky130_ef_io__gpiov2_pad_ff_ff_n40C_1v95_5v50 already exists.
[STA-1173] /Users/aoxo/.ciel/ciel/sky130/versions/74c0e6b118a67d94c24172143d3bd597473fa63d/sky130A/libs.ref/sky130_fd_io/lib/sky130_ef_io__gpiov2_pad_ff_ff_n40C_1v95_5v50.lib line 33, default_fanout_load is 0.0.
[STA-1140] /Users/aoxo/.ciel/ciel/sky130/versions/74c0e6b118a67d94c24172143d3bd597473fa63d/sky130A/libs.ref/sky130_fd_io/lib/slices_stubs.lib line 18, library slices_stubs already exists.
[STA-1173] /Users/aoxo/.ciel/ciel/sky130/versions/74c0e6b118a67d94c24172143d3bd597473fa63d/sky130A/libs.ref/sky130_fd_io/lib/slices_stubs.lib line 33, default_fanout_load is 0.0.
[STA-1140] /Users/aoxo/.ciel/ciel/sky130/versions/74c0e6b118a67d94c24172143d3bd597473fa63d/sky130A/libs.ref/sky130_fd_io/lib/sky130_ef_io__analog_stubs.lib line 18, library sky130_ef_io__analog_stubs already exists.
[STA-1173] /Users/aoxo/.ciel/ciel/sky130/versions/74c0e6b118a67d94c24172143d3bd597473fa63d/sky130A/libs.ref/sky130_fd_io/lib/sky130_ef_io__analog_stubs.lib line 43, default_fanout_load is 0.0.
[STA-1140] /Users/aoxo/.ciel/ciel/sky130/versions/74c0e6b118a67d94c24172143d3bd597473fa63d/sky130A/libs.ref/sky130_fd_sc_hd/lib/sky130_fd_sc_hd__ss_100C_1v60.lib line 1, library sky130_fd_sc_hd__ss_100C_1v60 already exists.
[STA-1140] /Users/aoxo/.ciel/ciel/sky130/versions/74c0e6b118a67d94c24172143d3bd597473fa63d/sky130A/libs.ref/sky130_fd_io/lib/sky130_ef_io__vccd_lvc_clamped_pad_ss_100C_1v60_3v00_3v00.lib line 18, library sky130_ef_io__vccd_lvc_clamped_pad_ss_100C_1v60_3v00_3v00 already exists.
[STA-1173] /Users/aoxo/.ciel/ciel/sky130/versions/74c0e6b118a67d94c24172143d3bd597473fa63d/sky130A/libs.ref/sky130_fd_io/lib/sky130_ef_io__vccd_lvc_clamped_pad_ss_100C_1v60_3v00_3v00.lib line 42, default_fanout_load is 0.0.
[STA-1140] /Users/aoxo/.ciel/ciel/sky130/versions/74c0e6b118a67d94c24172143d3bd597473fa63d/sky130A/libs.ref/sky130_fd_io/lib/sky130_ef_io__vssd_lvc_clamped_pad_ss_100C_1v60_3v00.lib line 18, library sky130_ef_io__vssd_lvc_clamped_pad_ss_100C_1v60_3v00 already exists.
[STA-1173] /Users/aoxo/.ciel/ciel/sky130/versions/74c0e6b118a67d94c24172143d3bd597473fa63d/sky130A/libs.ref/sky130_fd_io/lib/sky130_ef_io__vssd_lvc_clamped_pad_ss_100C_1v60_3v00.lib line 43, default_fanout_load is 0.0.
[STA-1140] /Users/aoxo/.ciel/ciel/sky130/versions/74c0e6b118a67d94c24172143d3bd597473fa63d/sky130A/libs.ref/sky130_fd_io/lib/sky130_ef_io__vddio_hvc_clamped_pad_ss_100C_1v60_3v00_3v00.lib line 18, library sky130_ef_io__vddio_hvc_clamped_pad_ss_100C_1v60_3v00_3v00 already exists.
[STA-1173] /Users/aoxo/.ciel/ciel/sky130/versions/74c0e6b118a67d94c24172143d3bd597473fa63d/sky130A/libs.ref/sky130_fd_io/lib/sky130_ef_io__vddio_hvc_clamped_pad_ss_100C_1v60_3v00_3v00.lib line 42, default_fanout_load is 0.0.
[STA-1140] /Users/aoxo/.ciel/ciel/sky130/versions/74c0e6b118a67d94c24172143d3bd597473fa63d/sky130A/libs.ref/sky130_fd_io/lib/sky130_ef_io__vssio_hvc_clamped_pad_ss_100C_1v60_3v00_3v00.lib line 18, library sky130_ef_io__vssio_hvc_clamped_pad_ss_100C_1v60_3v00_3v00 already exists.
[STA-1173] /Users/aoxo/.ciel/ciel/sky130/versions/74c0e6b118a67d94c24172143d3bd597473fa63d/sky130A/libs.ref/sky130_fd_io/lib/sky130_ef_io__vssio_hvc_clamped_pad_ss_100C_1v60_3v00_3v00.lib line 42, default_fanout_load is 0.0.
[STA-1140] /Users/aoxo/.ciel/ciel/sky130/versions/74c0e6b118a67d94c24172143d3bd597473fa63d/sky130A/libs.ref/sky130_fd_io/lib/sky130_ef_io__gpiov2_pad_ss_ss_100C_1v60_3v00.lib line 18, library sky130_ef_io__gpiov2_pad_ss_ss_100C_1v60_3v00 already exists.
[STA-1173] /Users/aoxo/.ciel/ciel/sky130/versions/74c0e6b118a67d94c24172143d3bd597473fa63d/sky130A/libs.ref/sky130_fd_io/lib/sky130_ef_io__gpiov2_pad_ss_ss_100C_1v60_3v00.lib line 33, default_fanout_load is 0.0.
[STA-1111] cell sky130_ef_io__gpiov2_pad_ss_ss_100C_1v60_3v00/sky130_ef_io__gpiov2_pad OUT -> PAD timing group combinational not found in cell sky130_ef_io__gpiov2_pad_tt_tt_025C_1v80_3v30/sky130_ef_io__gpiov2_pad.
[STA-1111] cell sky130_ef_io__gpiov2_pad_ss_ss_100C_1v60_3v00/sky130_ef_io__gpiov2_pad OUT -> PAD timing group combinational not found in cell sky130_ef_io__gpiov2_pad_tt_tt_025C_1v80_3v30/sky130_ef_io__gpiov2_pad.
[STA-1111] cell sky130_ef_io__gpiov2_pad_ss_ss_100C_1v60_3v00/sky130_ef_io__gpiov2_pad OUT -> PAD timing group combinational not found in cell sky130_ef_io__gpiov2_pad_tt_tt_025C_1v80_3v30/sky130_ef_io__gpiov2_pad.
[STA-1111] cell sky130_ef_io__gpiov2_pad_ss_ss_100C_1v60_3v00/sky130_ef_io__gpiov2_pad OUT -> PAD timing group combinational not found in cell sky130_ef_io__gpiov2_pad_tt_tt_025C_1v80_3v30/sky130_ef_io__gpiov2_pad.
[STA-1140] /Users/aoxo/.ciel/ciel/sky130/versions/74c0e6b118a67d94c24172143d3bd597473fa63d/sky130A/libs.ref/sky130_fd_io/lib/slices_stubs.lib line 18, library slices_stubs already exists.
[STA-1173] /Users/aoxo/.ciel/ciel/sky130/versions/74c0e6b118a67d94c24172143d3bd597473fa63d/sky130A/libs.ref/sky130_fd_io/lib/slices_stubs.lib line 33, default_fanout_load is 0.0.
[STA-1140] /Users/aoxo/.ciel/ciel/sky130/versions/74c0e6b118a67d94c24172143d3bd597473fa63d/sky130A/libs.ref/sky130_fd_io/lib/sky130_ef_io__analog_stubs.lib line 18, library sky130_ef_io__analog_stubs already exists.
[STA-1173] /Users/aoxo/.ciel/ciel/sky130/versions/74c0e6b118a67d94c24172143d3bd597473fa63d/sky130A/libs.ref/sky130_fd_io/lib/sky130_ef_io__analog_stubs.lib line 43, default_fanout_load is 0.0.
[STA-1140] /Users/aoxo/.ciel/ciel/sky130/versions/74c0e6b118a67d94c24172143d3bd597473fa63d/sky130A/libs.ref/sky130_fd_sc_hd/lib/sky130_fd_sc_hd__tt_025C_1v80.lib line 1, library sky130_fd_sc_hd__tt_025C_1v80 already exists.
[STA-1140] /Users/aoxo/.ciel/ciel/sky130/versions/74c0e6b118a67d94c24172143d3bd597473fa63d/sky130A/libs.ref/sky130_fd_io/lib/sky130_ef_io__vccd_lvc_clamped_pad_tt_025C_1v80_3v30_3v30.lib line 18, library sky130_ef_io__vccd_lvc_clamped_pad_tt_025C_1v80_3v30_3v30 already exists.
[STA-1173] /Users/aoxo/.ciel/ciel/sky130/versions/74c0e6b118a67d94c24172143d3bd597473fa63d/sky130A/libs.ref/sky130_fd_io/lib/sky130_ef_io__vccd_lvc_clamped_pad_tt_025C_1v80_3v30_3v30.lib line 42, default_fanout_load is 0.0.
[STA-1140] /Users/aoxo/.ciel/ciel/sky130/versions/74c0e6b118a67d94c24172143d3bd597473fa63d/sky130A/libs.ref/sky130_fd_io/lib/sky130_ef_io__vssd_lvc_clamped_pad_tt_025C_1v80_3v30.lib line 18, library sky130_ef_io__vssd_lvc_clamped_pad_tt_025C_1v80_3v30 already exists.
[STA-1173] /Users/aoxo/.ciel/ciel/sky130/versions/74c0e6b118a67d94c24172143d3bd597473fa63d/sky130A/libs.ref/sky130_fd_io/lib/sky130_ef_io__vssd_lvc_clamped_pad_tt_025C_1v80_3v30.lib line 43, default_fanout_load is 0.0.
[STA-1140] /Users/aoxo/.ciel/ciel/sky130/versions/74c0e6b118a67d94c24172143d3bd597473fa63d/sky130A/libs.ref/sky130_fd_io/lib/sky130_ef_io__vddio_hvc_clamped_pad_tt_025C_1v80_3v30_3v30.lib line 18, library sky130_ef_io__vddio_hvc_clamped_pad_tt_025C_1v80_3v30_3v30 already exists.
[STA-1173] /Users/aoxo/.ciel/ciel/sky130/versions/74c0e6b118a67d94c24172143d3bd597473fa63d/sky130A/libs.ref/sky130_fd_io/lib/sky130_ef_io__vddio_hvc_clamped_pad_tt_025C_1v80_3v30_3v30.lib line 42, default_fanout_load is 0.0.
[STA-1140] /Users/aoxo/.ciel/ciel/sky130/versions/74c0e6b118a67d94c24172143d3bd597473fa63d/sky130A/libs.ref/sky130_fd_io/lib/sky130_ef_io__vssio_hvc_clamped_pad_tt_025C_1v80_3v30_3v30.lib line 18, library sky130_ef_io__vssio_hvc_clamped_pad_tt_025C_1v80_3v30_3v30 already exists.
[STA-1173] /Users/aoxo/.ciel/ciel/sky130/versions/74c0e6b118a67d94c24172143d3bd597473fa63d/sky130A/libs.ref/sky130_fd_io/lib/sky130_ef_io__vssio_hvc_clamped_pad_tt_025C_1v80_3v30_3v30.lib line 42, default_fanout_load is 0.0.
[STA-1140] /Users/aoxo/.ciel/ciel/sky130/versions/74c0e6b118a67d94c24172143d3bd597473fa63d/sky130A/libs.ref/sky130_fd_io/lib/sky130_ef_io__gpiov2_pad_tt_tt_025C_1v80_3v30.lib line 18, library sky130_ef_io__gpiov2_pad_tt_tt_025C_1v80_3v30 already exists.
[STA-1173] /Users/aoxo/.ciel/ciel/sky130/versions/74c0e6b118a67d94c24172143d3bd597473fa63d/sky130A/libs.ref/sky130_fd_io/lib/sky130_ef_io__gpiov2_pad_tt_tt_025C_1v80_3v30.lib line 33, default_fanout_load is 0.0.
[STA-1140] /Users/aoxo/.ciel/ciel/sky130/versions/74c0e6b118a67d94c24172143d3bd597473fa63d/sky130A/libs.ref/sky130_fd_io/lib/slices_stubs.lib line 18, library slices_stubs already exists.
[STA-1173] /Users/aoxo/.ciel/ciel/sky130/versions/74c0e6b118a67d94c24172143d3bd597473fa63d/sky130A/libs.ref/sky130_fd_io/lib/slices_stubs.lib line 33, default_fanout_load is 0.0.
[STA-1140] /Users/aoxo/.ciel/ciel/sky130/versions/74c0e6b118a67d94c24172143d3bd597473fa63d/sky130A/libs.ref/sky130_fd_io/lib/sky130_ef_io__analog_stubs.lib line 18, library sky130_ef_io__analog_stubs already exists.
[STA-1173] /Users/aoxo/.ciel/ciel/sky130/versions/74c0e6b118a67d94c24172143d3bd597473fa63d/sky130A/libs.ref/sky130_fd_io/lib/sky130_ef_io__analog_stubs.lib line 43, default_fanout_load is 0.0.
[STA-1140] /Users/aoxo/.ciel/ciel/sky130/versions/74c0e6b118a67d94c24172143d3bd597473fa63d/sky130A/libs.ref/sky130_fd_sc_hd/lib/sky130_fd_sc_hd__ss_100C_1v60.lib line 1, library sky130_fd_sc_hd__ss_100C_1v60 already exists.
[STA-1140] /Users/aoxo/.ciel/ciel/sky130/versions/74c0e6b118a67d94c24172143d3bd597473fa63d/sky130A/libs.ref/sky130_fd_io/lib/sky130_ef_io__vccd_lvc_clamped_pad_ss_100C_1v60_3v00_3v00.lib line 18, library sky130_ef_io__vccd_lvc_clamped_pad_ss_100C_1v60_3v00_3v00 already exists.
[STA-1173] /Users/aoxo/.ciel/ciel/sky130/versions/74c0e6b118a67d94c24172143d3bd597473fa63d/sky130A/libs.ref/sky130_fd_io/lib/sky130_ef_io__vccd_lvc_clamped_pad_ss_100C_1v60_3v00_3v00.lib line 42, default_fanout_load is 0.0.
[STA-1140] /Users/aoxo/.ciel/ciel/sky130/versions/74c0e6b118a67d94c24172143d3bd597473fa63d/sky130A/libs.ref/sky130_fd_io/lib/sky130_ef_io__vssd_lvc_clamped_pad_ss_100C_1v60_3v00.lib line 18, library sky130_ef_io__vssd_lvc_clamped_pad_ss_100C_1v60_3v00 already exists.
[STA-1173] /Users/aoxo/.ciel/ciel/sky130/versions/74c0e6b118a67d94c24172143d3bd597473fa63d/sky130A/libs.ref/sky130_fd_io/lib/sky130_ef_io__vssd_lvc_clamped_pad_ss_100C_1v60_3v00.lib line 43, default_fanout_load is 0.0.
[STA-1140] /Users/aoxo/.ciel/ciel/sky130/versions/74c0e6b118a67d94c24172143d3bd597473fa63d/sky130A/libs.ref/sky130_fd_io/lib/sky130_ef_io__vddio_hvc_clamped_pad_ss_100C_1v60_3v00_3v00.lib line 18, library sky130_ef_io__vddio_hvc_clamped_pad_ss_100C_1v60_3v00_3v00 already exists.
[STA-1173] /Users/aoxo/.ciel/ciel/sky130/versions/74c0e6b118a67d94c24172143d3bd597473fa63d/sky130A/libs.ref/sky130_fd_io/lib/sky130_ef_io__vddio_hvc_clamped_pad_ss_100C_1v60_3v00_3v00.lib line 42, default_fanout_load is 0.0.
[STA-1140] /Users/aoxo/.ciel/ciel/sky130/versions/74c0e6b118a67d94c24172143d3bd597473fa63d/sky130A/libs.ref/sky130_fd_io/lib/sky130_ef_io__vssio_hvc_clamped_pad_ss_100C_1v60_3v00_3v00.lib line 18, library sky130_ef_io__vssio_hvc_clamped_pad_ss_100C_1v60_3v00_3v00 already exists.
[STA-1173] /Users/aoxo/.ciel/ciel/sky130/versions/74c0e6b118a67d94c24172143d3bd597473fa63d/sky130A/libs.ref/sky130_fd_io/lib/sky130_ef_io__vssio_hvc_clamped_pad_ss_100C_1v60_3v00_3v00.lib line 42, default_fanout_load is 0.0.
[STA-1140] /Users/aoxo/.ciel/ciel/sky130/versions/74c0e6b118a67d94c24172143d3bd597473fa63d/sky130A/libs.ref/sky130_fd_io/lib/sky130_ef_io__gpiov2_pad_ss_ss_100C_1v60_3v00.lib line 18, library sky130_ef_io__gpiov2_pad_ss_ss_100C_1v60_3v00 already exists.
[STA-1173] /Users/aoxo/.ciel/ciel/sky130/versions/74c0e6b118a67d94c24172143d3bd597473fa63d/sky130A/libs.ref/sky130_fd_io/lib/sky130_ef_io__gpiov2_pad_ss_ss_100C_1v60_3v00.lib line 33, default_fanout_load is 0.0.
[STA-1111] cell sky130_ef_io__gpiov2_pad_ss_ss_100C_1v60_3v00/sky130_ef_io__gpiov2_pad OUT -> PAD timing group combinational not found in cell sky130_ef_io__gpiov2_pad_tt_tt_025C_1v80_3v30/sky130_ef_io__gpiov2_pad.
[STA-1111] cell sky130_ef_io__gpiov2_pad_ss_ss_100C_1v60_3v00/sky130_ef_io__gpiov2_pad OUT -> PAD timing group combinational not found in cell sky130_ef_io__gpiov2_pad_tt_tt_025C_1v80_3v30/sky130_ef_io__gpiov2_pad.
[STA-1111] cell sky130_ef_io__gpiov2_pad_ss_ss_100C_1v60_3v00/sky130_ef_io__gpiov2_pad OUT -> PAD timing group combinational not found in cell sky130_ef_io__gpiov2_pad_tt_tt_025C_1v80_3v30/sky130_ef_io__gpiov2_pad.
[STA-1111] cell sky130_ef_io__gpiov2_pad_ss_ss_100C_1v60_3v00/sky130_ef_io__gpiov2_pad OUT -> PAD timing group combinational not found in cell sky130_ef_io__gpiov2_pad_tt_tt_025C_1v80_3v30/sky130_ef_io__gpiov2_pad.
[STA-1140] /Users/aoxo/.ciel/ciel/sky130/versions/74c0e6b118a67d94c24172143d3bd597473fa63d/sky130A/libs.ref/sky130_fd_io/lib/slices_stubs.lib line 18, library slices_stubs already exists.
[STA-1173] /Users/aoxo/.ciel/ciel/sky130/versions/74c0e6b118a67d94c24172143d3bd597473fa63d/sky130A/libs.ref/sky130_fd_io/lib/slices_stubs.lib line 33, default_fanout_load is 0.0.
[STA-1140] /Users/aoxo/.ciel/ciel/sky130/versions/74c0e6b118a67d94c24172143d3bd597473fa63d/sky130A/libs.ref/sky130_fd_io/lib/sky130_ef_io__analog_stubs.lib line 18, library sky130_ef_io__analog_stubs already exists.
[STA-1173] /Users/aoxo/.ciel/ciel/sky130/versions/74c0e6b118a67d94c24172143d3bd597473fa63d/sky130A/libs.ref/sky130_fd_io/lib/sky130_ef_io__analog_stubs.lib line 43, default_fanout_load is 0.0.
[STA-1140] /Users/aoxo/.ciel/ciel/sky130/versions/74c0e6b118a67d94c24172143d3bd597473fa63d/sky130A/libs.ref/sky130_fd_sc_hd/lib/sky130_fd_sc_hd__ff_n40C_1v95.lib line 1, library sky130_fd_sc_hd__ff_n40C_1v95 already exists.
[STA-1140] /Users/aoxo/.ciel/ciel/sky130/versions/74c0e6b118a67d94c24172143d3bd597473fa63d/sky130A/libs.ref/sky130_fd_io/lib/sky130_ef_io__vccd_lvc_clamped_pad_ff_n40C_1v95_5v50_5v50.lib line 18, library sky130_ef_io__vccd_lvc_clamped_pad_ff_n40C_1v95_5v50_5v50 already exists.
[STA-1173] /Users/aoxo/.ciel/ciel/sky130/versions/74c0e6b118a67d94c24172143d3bd597473fa63d/sky130A/libs.ref/sky130_fd_io/lib/sky130_ef_io__vccd_lvc_clamped_pad_ff_n40C_1v95_5v50_5v50.lib line 42, default_fanout_load is 0.0.
[STA-1140] /Users/aoxo/.ciel/ciel/sky130/versions/74c0e6b118a67d94c24172143d3bd597473fa63d/sky130A/libs.ref/sky130_fd_io/lib/sky130_ef_io__vssd_lvc_clamped_pad_ff_n40C_1v95_5v50.lib line 18, library sky130_ef_io__vssd_lvc_clamped_pad_ff_n40C_1v95_5v50 already exists.
[STA-1173] /Users/aoxo/.ciel/ciel/sky130/versions/74c0e6b118a67d94c24172143d3bd597473fa63d/sky130A/libs.ref/sky130_fd_io/lib/sky130_ef_io__vssd_lvc_clamped_pad_ff_n40C_1v95_5v50.lib line 43, default_fanout_load is 0.0.
[STA-1140] /Users/aoxo/.ciel/ciel/sky130/versions/74c0e6b118a67d94c24172143d3bd597473fa63d/sky130A/libs.ref/sky130_fd_io/lib/sky130_ef_io__vddio_hvc_clamped_pad_ff_n40C_1v95_5v50_5v50.lib line 18, library sky130_ef_io__vddio_hvc_clamped_pad_ff_n40C_1v95_5v50_5v50 already exists.
[STA-1173] /Users/aoxo/.ciel/ciel/sky130/versions/74c0e6b118a67d94c24172143d3bd597473fa63d/sky130A/libs.ref/sky130_fd_io/lib/sky130_ef_io__vddio_hvc_clamped_pad_ff_n40C_1v95_5v50_5v50.lib line 42, default_fanout_load is 0.0.
[STA-1140] /Users/aoxo/.ciel/ciel/sky130/versions/74c0e6b118a67d94c24172143d3bd597473fa63d/sky130A/libs.ref/sky130_fd_io/lib/sky130_ef_io__vssio_hvc_clamped_pad_ff_n40C_1v95_5v50_5v50.lib line 18, library sky130_ef_io__vssio_hvc_clamped_pad_ff_n40C_1v95_5v50_5v50 already exists.
[STA-1173] /Users/aoxo/.ciel/ciel/sky130/versions/74c0e6b118a67d94c24172143d3bd597473fa63d/sky130A/libs.ref/sky130_fd_io/lib/sky130_ef_io__vssio_hvc_clamped_pad_ff_n40C_1v95_5v50_5v50.lib line 42, default_fanout_load is 0.0.
[STA-1140] /Users/aoxo/.ciel/ciel/sky130/versions/74c0e6b118a67d94c24172143d3bd597473fa63d/sky130A/libs.ref/sky130_fd_io/lib/sky130_ef_io__gpiov2_pad_ff_ff_n40C_1v95_5v50.lib line 18, library sky130_ef_io__gpiov2_pad_ff_ff_n40C_1v95_5v50 already exists.
[STA-1173] /Users/aoxo/.ciel/ciel/sky130/versions/74c0e6b118a67d94c24172143d3bd597473fa63d/sky130A/libs.ref/sky130_fd_io/lib/sky130_ef_io__gpiov2_pad_ff_ff_n40C_1v95_5v50.lib line 33, default_fanout_load is 0.0.
[STA-1140] /Users/aoxo/.ciel/ciel/sky130/versions/74c0e6b118a67d94c24172143d3bd597473fa63d/sky130A/libs.ref/sky130_fd_io/lib/slices_stubs.lib line 18, library slices_stubs already exists.
[STA-1173] /Users/aoxo/.ciel/ciel/sky130/versions/74c0e6b118a67d94c24172143d3bd597473fa63d/sky130A/libs.ref/sky130_fd_io/lib/slices_stubs.lib line 33, default_fanout_load is 0.0.
[STA-1140] /Users/aoxo/.ciel/ciel/sky130/versions/74c0e6b118a67d94c24172143d3bd597473fa63d/sky130A/libs.ref/sky130_fd_io/lib/sky130_ef_io__analog_stubs.lib line 18, library sky130_ef_io__analog_stubs already exists.
[STA-1173] /Users/aoxo/.ciel/ciel/sky130/versions/74c0e6b118a67d94c24172143d3bd597473fa63d/sky130A/libs.ref/sky130_fd_io/lib/sky130_ef_io__analog_stubs.lib line 43, default_fanout_load is 0.0.
[ORD-2056] The following 18 liberty cell(s) do not have LEF masters and will be marked as dont-use:
[CTS-0132] -balance_levels is obsolete.
[STA-1173] /Users/aoxo/.ciel/ciel/sky130/versions/74c0e6b118a67d94c24172143d3bd597473fa63d/sky130A/libs.ref/sky130_fd_io/lib/sky130_ef_io__vccd_lvc_clamped_pad_tt_025C_1v80_3v30_3v30.lib line 42, default_fanout_load is 0.0.
[STA-1173] /Users/aoxo/.ciel/ciel/sky130/versions/74c0e6b118a67d94c24172143d3bd597473fa63d/sky130A/libs.ref/sky130_fd_io/lib/sky130_ef_io__vssd_lvc_clamped_pad_tt_025C_1v80_3v30.lib line 43, default_fanout_load is 0.0.
[STA-1173] /Users/aoxo/.ciel/ciel/sky130/versions/74c0e6b118a67d94c24172143d3bd597473fa63d/sky130A/libs.ref/sky130_fd_io/lib/sky130_ef_io__vddio_hvc_clamped_pad_tt_025C_1v80_3v30_3v30.lib line 42, default_fanout_load is 0.0.
[STA-1173] /Users/aoxo/.ciel/ciel/sky130/versions/74c0e6b118a67d94c24172143d3bd597473fa63d/sky130A/libs.ref/sky130_fd_io/lib/sky130_ef_io__vssio_hvc_clamped_pad_tt_025C_1v80_3v30_3v30.lib line 42, default_fanout_load is 0.0.
[STA-1173] /Users/aoxo/.ciel/ciel/sky130/versions/74c0e6b118a67d94c24172143d3bd597473fa63d/sky130A/libs.ref/sky130_fd_io/lib/sky130_ef_io__gpiov2_pad_tt_tt_025C_1v80_3v30.lib line 33, default_fanout_load is 0.0.
[STA-1173] /Users/aoxo/.ciel/ciel/sky130/versions/74c0e6b118a67d94c24172143d3bd597473fa63d/sky130A/libs.ref/sky130_fd_io/lib/slices_stubs.lib line 33, default_fanout_load is 0.0.
[STA-1173] /Users/aoxo/.ciel/ciel/sky130/versions/74c0e6b118a67d94c24172143d3bd597473fa63d/sky130A/libs.ref/sky130_fd_io/lib/sky130_ef_io__analog_stubs.lib line 43, default_fanout_load is 0.0.
[ORD-2056] The following 2 liberty cell(s) do not have LEF masters and will be marked as dont-use:
[STA-1173] /Users/aoxo/.ciel/ciel/sky130/versions/74c0e6b118a67d94c24172143d3bd597473fa63d/sky130A/libs.ref/sky130_fd_io/lib/sky130_ef_io__vccd_lvc_clamped_pad_tt_025C_1v80_3v30_3v30.lib line 42, default_fanout_load is 0.0.
[STA-1173] /Users/aoxo/.ciel/ciel/sky130/versions/74c0e6b118a67d94c24172143d3bd597473fa63d/sky130A/libs.ref/sky130_fd_io/lib/sky130_ef_io__vssd_lvc_clamped_pad_tt_025C_1v80_3v30.lib line 43, default_fanout_load is 0.0.
[STA-1173] /Users/aoxo/.ciel/ciel/sky130/versions/74c0e6b118a67d94c24172143d3bd597473fa63d/sky130A/libs.ref/sky130_fd_io/lib/sky130_ef_io__vddio_hvc_clamped_pad_tt_025C_1v80_3v30_3v30.lib line 42, default_fanout_load is 0.0.
[STA-1173] /Users/aoxo/.ciel/ciel/sky130/versions/74c0e6b118a67d94c24172143d3bd597473fa63d/sky130A/libs.ref/sky130_fd_io/lib/sky130_ef_io__vssio_hvc_clamped_pad_tt_025C_1v80_3v30_3v30.lib line 42, default_fanout_load is 0.0.
[STA-1173] /Users/aoxo/.ciel/ciel/sky130/versions/74c0e6b118a67d94c24172143d3bd597473fa63d/sky130A/libs.ref/sky130_fd_io/lib/sky130_ef_io__gpiov2_pad_tt_tt_025C_1v80_3v30.lib line 33, default_fanout_load is 0.0.
[STA-1173] /Users/aoxo/.ciel/ciel/sky130/versions/74c0e6b118a67d94c24172143d3bd597473fa63d/sky130A/libs.ref/sky130_fd_io/lib/slices_stubs.lib line 33, default_fanout_load is 0.0.
[STA-1173] /Users/aoxo/.ciel/ciel/sky130/versions/74c0e6b118a67d94c24172143d3bd597473fa63d/sky130A/libs.ref/sky130_fd_io/lib/sky130_ef_io__analog_stubs.lib line 43, default_fanout_load is 0.0.
[STA-1173] /Users/aoxo/.ciel/ciel/sky130/versions/74c0e6b118a67d94c24172143d3bd597473fa63d/sky130A/libs.ref/sky130_fd_io/lib/sky130_ef_io__vccd_lvc_clamped_pad_ss_100C_1v60_3v00_3v00.lib line 42, default_fanout_load is 0.0.
[STA-1173] /Users/aoxo/.ciel/ciel/sky130/versions/74c0e6b118a67d94c24172143d3bd597473fa63d/sky130A/libs.ref/sky130_fd_io/lib/sky130_ef_io__vssd_lvc_clamped_pad_ss_100C_1v60_3v00.lib line 43, default_fanout_load is 0.0.
[STA-1173] /Users/aoxo/.ciel/ciel/sky130/versions/74c0e6b118a67d94c24172143d3bd597473fa63d/sky130A/libs.ref/sky130_fd_io/lib/sky130_ef_io__vddio_hvc_clamped_pad_ss_100C_1v60_3v00_3v00.lib line 42, default_fanout_load is 0.0.
[STA-1173] /Users/aoxo/.ciel/ciel/sky130/versions/74c0e6b118a67d94c24172143d3bd597473fa63d/sky130A/libs.ref/sky130_fd_io/lib/sky130_ef_io__vssio_hvc_clamped_pad_ss_100C_1v60_3v00_3v00.lib line 42, default_fanout_load is 0.0.
[STA-1173] /Users/aoxo/.ciel/ciel/sky130/versions/74c0e6b118a67d94c24172143d3bd597473fa63d/sky130A/libs.ref/sky130_fd_io/lib/sky130_ef_io__gpiov2_pad_ss_ss_100C_1v60_3v00.lib line 33, default_fanout_load is 0.0.
[STA-1111] cell sky130_ef_io__gpiov2_pad_ss_ss_100C_1v60_3v00/sky130_ef_io__gpiov2_pad OUT -> PAD timing group combinational not found in cell sky130_ef_io__gpiov2_pad_tt_tt_025C_1v80_3v30/sky130_ef_io__gpiov2_pad.
[STA-1111] cell sky130_ef_io__gpiov2_pad_ss_ss_100C_1v60_3v00/sky130_ef_io__gpiov2_pad OUT -> PAD timing group combinational not found in cell sky130_ef_io__gpiov2_pad_tt_tt_025C_1v80_3v30/sky130_ef_io__gpiov2_pad.
[STA-1111] cell sky130_ef_io__gpiov2_pad_ss_ss_100C_1v60_3v00/sky130_ef_io__gpiov2_pad OUT -> PAD timing group combinational not found in cell sky130_ef_io__gpiov2_pad_tt_tt_025C_1v80_3v30/sky130_ef_io__gpiov2_pad.
[STA-1111] cell sky130_ef_io__gpiov2_pad_ss_ss_100C_1v60_3v00/sky130_ef_io__gpiov2_pad OUT -> PAD timing group combinational not found in cell sky130_ef_io__gpiov2_pad_tt_tt_025C_1v80_3v30/sky130_ef_io__gpiov2_pad.
[STA-1140] /Users/aoxo/.ciel/ciel/sky130/versions/74c0e6b118a67d94c24172143d3bd597473fa63d/sky130A/libs.ref/sky130_fd_io/lib/slices_stubs.lib line 18, library slices_stubs already exists.
[STA-1173] /Users/aoxo/.ciel/ciel/sky130/versions/74c0e6b118a67d94c24172143d3bd597473fa63d/sky130A/libs.ref/sky130_fd_io/lib/slices_stubs.lib line 33, default_fanout_load is 0.0.
[STA-1140] /Users/aoxo/.ciel/ciel/sky130/versions/74c0e6b118a67d94c24172143d3bd597473fa63d/sky130A/libs.ref/sky130_fd_io/lib/sky130_ef_io__analog_stubs.lib line 18, library sky130_ef_io__analog_stubs already exists.
[STA-1173] /Users/aoxo/.ciel/ciel/sky130/versions/74c0e6b118a67d94c24172143d3bd597473fa63d/sky130A/libs.ref/sky130_fd_io/lib/sky130_ef_io__analog_stubs.lib line 43, default_fanout_load is 0.0.
[STA-1140] /Users/aoxo/.ciel/ciel/sky130/versions/74c0e6b118a67d94c24172143d3bd597473fa63d/sky130A/libs.ref/sky130_fd_sc_hd/lib/sky130_fd_sc_hd__tt_025C_1v80.lib line 1, library sky130_fd_sc_hd__tt_025C_1v80 already exists.
[STA-1140] /Users/aoxo/.ciel/ciel/sky130/versions/74c0e6b118a67d94c24172143d3bd597473fa63d/sky130A/libs.ref/sky130_fd_io/lib/sky130_ef_io__vccd_lvc_clamped_pad_tt_025C_1v80_3v30_3v30.lib line 18, library sky130_ef_io__vccd_lvc_clamped_pad_tt_025C_1v80_3v30_3v30 already exists.
[STA-1173] /Users/aoxo/.ciel/ciel/sky130/versions/74c0e6b118a67d94c24172143d3bd597473fa63d/sky130A/libs.ref/sky130_fd_io/lib/sky130_ef_io__vccd_lvc_clamped_pad_tt_025C_1v80_3v30_3v30.lib line 42, default_fanout_load is 0.0.
[STA-1140] /Users/aoxo/.ciel/ciel/sky130/versions/74c0e6b118a67d94c24172143d3bd597473fa63d/sky130A/libs.ref/sky130_fd_io/lib/sky130_ef_io__vssd_lvc_clamped_pad_tt_025C_1v80_3v30.lib line 18, library sky130_ef_io__vssd_lvc_clamped_pad_tt_025C_1v80_3v30 already exists.
[STA-1173] /Users/aoxo/.ciel/ciel/sky130/versions/74c0e6b118a67d94c24172143d3bd597473fa63d/sky130A/libs.ref/sky130_fd_io/lib/sky130_ef_io__vssd_lvc_clamped_pad_tt_025C_1v80_3v30.lib line 43, default_fanout_load is 0.0.
[STA-1140] /Users/aoxo/.ciel/ciel/sky130/versions/74c0e6b118a67d94c24172143d3bd597473fa63d/sky130A/libs.ref/sky130_fd_io/lib/sky130_ef_io__vddio_hvc_clamped_pad_tt_025C_1v80_3v30_3v30.lib line 18, library sky130_ef_io__vddio_hvc_clamped_pad_tt_025C_1v80_3v30_3v30 already exists.
[STA-1173] /Users/aoxo/.ciel/ciel/sky130/versions/74c0e6b118a67d94c24172143d3bd597473fa63d/sky130A/libs.ref/sky130_fd_io/lib/sky130_ef_io__vddio_hvc_clamped_pad_tt_025C_1v80_3v30_3v30.lib line 42, default_fanout_load is 0.0.
[STA-1140] /Users/aoxo/.ciel/ciel/sky130/versions/74c0e6b118a67d94c24172143d3bd597473fa63d/sky130A/libs.ref/sky130_fd_io/lib/sky130_ef_io__vssio_hvc_clamped_pad_tt_025C_1v80_3v30_3v30.lib line 18, library sky130_ef_io__vssio_hvc_clamped_pad_tt_025C_1v80_3v30_3v30 already exists.
[STA-1173] /Users/aoxo/.ciel/ciel/sky130/versions/74c0e6b118a67d94c24172143d3bd597473fa63d/sky130A/libs.ref/sky130_fd_io/lib/sky130_ef_io__vssio_hvc_clamped_pad_tt_025C_1v80_3v30_3v30.lib line 42, default_fanout_load is 0.0.
[STA-1140] /Users/aoxo/.ciel/ciel/sky130/versions/74c0e6b118a67d94c24172143d3bd597473fa63d/sky130A/libs.ref/sky130_fd_io/lib/sky130_ef_io__gpiov2_pad_tt_tt_025C_1v80_3v30.lib line 18, library sky130_ef_io__gpiov2_pad_tt_tt_025C_1v80_3v30 already exists.
[STA-1173] /Users/aoxo/.ciel/ciel/sky130/versions/74c0e6b118a67d94c24172143d3bd597473fa63d/sky130A/libs.ref/sky130_fd_io/lib/sky130_ef_io__gpiov2_pad_tt_tt_025C_1v80_3v30.lib line 33, default_fanout_load is 0.0.
[STA-1140] /Users/aoxo/.ciel/ciel/sky130/versions/74c0e6b118a67d94c24172143d3bd597473fa63d/sky130A/libs.ref/sky130_fd_io/lib/slices_stubs.lib line 18, library slices_stubs already exists.
[STA-1173] /Users/aoxo/.ciel/ciel/sky130/versions/74c0e6b118a67d94c24172143d3bd597473fa63d/sky130A/libs.ref/sky130_fd_io/lib/slices_stubs.lib line 33, default_fanout_load is 0.0.
[STA-1140] /Users/aoxo/.ciel/ciel/sky130/versions/74c0e6b118a67d94c24172143d3bd597473fa63d/sky130A/libs.ref/sky130_fd_io/lib/sky130_ef_io__analog_stubs.lib line 18, library sky130_ef_io__analog_stubs already exists.
[STA-1173] /Users/aoxo/.ciel/ciel/sky130/versions/74c0e6b118a67d94c24172143d3bd597473fa63d/sky130A/libs.ref/sky130_fd_io/lib/sky130_ef_io__analog_stubs.lib line 43, default_fanout_load is 0.0.
[STA-1173] /Users/aoxo/.ciel/ciel/sky130/versions/74c0e6b118a67d94c24172143d3bd597473fa63d/sky130A/libs.ref/sky130_fd_io/lib/sky130_ef_io__vccd_lvc_clamped_pad_ff_n40C_1v95_5v50_5v50.lib line 42, default_fanout_load is 0.0.
[STA-1173] /Users/aoxo/.ciel/ciel/sky130/versions/74c0e6b118a67d94c24172143d3bd597473fa63d/sky130A/libs.ref/sky130_fd_io/lib/sky130_ef_io__vssd_lvc_clamped_pad_ff_n40C_1v95_5v50.lib line 43, default_fanout_load is 0.0.
[STA-1173] /Users/aoxo/.ciel/ciel/sky130/versions/74c0e6b118a67d94c24172143d3bd597473fa63d/sky130A/libs.ref/sky130_fd_io/lib/sky130_ef_io__vddio_hvc_clamped_pad_ff_n40C_1v95_5v50_5v50.lib line 42, default_fanout_load is 0.0.
[STA-1173] /Users/aoxo/.ciel/ciel/sky130/versions/74c0e6b118a67d94c24172143d3bd597473fa63d/sky130A/libs.ref/sky130_fd_io/lib/sky130_ef_io__vssio_hvc_clamped_pad_ff_n40C_1v95_5v50_5v50.lib line 42, default_fanout_load is 0.0.
[STA-1173] /Users/aoxo/.ciel/ciel/sky130/versions/74c0e6b118a67d94c24172143d3bd597473fa63d/sky130A/libs.ref/sky130_fd_io/lib/sky130_ef_io__gpiov2_pad_ff_ff_n40C_1v95_5v50.lib line 33, default_fanout_load is 0.0.
[STA-1140] /Users/aoxo/.ciel/ciel/sky130/versions/74c0e6b118a67d94c24172143d3bd597473fa63d/sky130A/libs.ref/sky130_fd_io/lib/slices_stubs.lib line 18, library slices_stubs already exists.
[STA-1173] /Users/aoxo/.ciel/ciel/sky130/versions/74c0e6b118a67d94c24172143d3bd597473fa63d/sky130A/libs.ref/sky130_fd_io/lib/slices_stubs.lib line 33, default_fanout_load is 0.0.
[STA-1140] /Users/aoxo/.ciel/ciel/sky130/versions/74c0e6b118a67d94c24172143d3bd597473fa63d/sky130A/libs.ref/sky130_fd_io/lib/sky130_ef_io__analog_stubs.lib line 18, library sky130_ef_io__analog_stubs already exists.
[STA-1173] /Users/aoxo/.ciel/ciel/sky130/versions/74c0e6b118a67d94c24172143d3bd597473fa63d/sky130A/libs.ref/sky130_fd_io/lib/sky130_ef_io__analog_stubs.lib line 43, default_fanout_load is 0.0.
[STA-1140] /Users/aoxo/.ciel/ciel/sky130/versions/74c0e6b118a67d94c24172143d3bd597473fa63d/sky130A/libs.ref/sky130_fd_sc_hd/lib/sky130_fd_sc_hd__ff_n40C_1v95.lib line 1, library sky130_fd_sc_hd__ff_n40C_1v95 already exists.
[STA-1140] /Users/aoxo/.ciel/ciel/sky130/versions/74c0e6b118a67d94c24172143d3bd597473fa63d/sky130A/libs.ref/sky130_fd_io/lib/sky130_ef_io__vccd_lvc_clamped_pad_ff_n40C_1v95_5v50_5v50.lib line 18, library sky130_ef_io__vccd_lvc_clamped_pad_ff_n40C_1v95_5v50_5v50 already exists.
[STA-1173] /Users/aoxo/.ciel/ciel/sky130/versions/74c0e6b118a67d94c24172143d3bd597473fa63d/sky130A/libs.ref/sky130_fd_io/lib/sky130_ef_io__vccd_lvc_clamped_pad_ff_n40C_1v95_5v50_5v50.lib line 42, default_fanout_load is 0.0.
[STA-1140] /Users/aoxo/.ciel/ciel/sky130/versions/74c0e6b118a67d94c24172143d3bd597473fa63d/sky130A/libs.ref/sky130_fd_io/lib/sky130_ef_io__vssd_lvc_clamped_pad_ff_n40C_1v95_5v50.lib line 18, library sky130_ef_io__vssd_lvc_clamped_pad_ff_n40C_1v95_5v50 already exists.
[STA-1173] /Users/aoxo/.ciel/ciel/sky130/versions/74c0e6b118a67d94c24172143d3bd597473fa63d/sky130A/libs.ref/sky130_fd_io/lib/sky130_ef_io__vssd_lvc_clamped_pad_ff_n40C_1v95_5v50.lib line 43, default_fanout_load is 0.0.
[STA-1140] /Users/aoxo/.ciel/ciel/sky130/versions/74c0e6b118a67d94c24172143d3bd597473fa63d/sky130A/libs.ref/sky130_fd_io/lib/sky130_ef_io__vddio_hvc_clamped_pad_ff_n40C_1v95_5v50_5v50.lib line 18, library sky130_ef_io__vddio_hvc_clamped_pad_ff_n40C_1v95_5v50_5v50 already exists.
[STA-1173] /Users/aoxo/.ciel/ciel/sky130/versions/74c0e6b118a67d94c24172143d3bd597473fa63d/sky130A/libs.ref/sky130_fd_io/lib/sky130_ef_io__vddio_hvc_clamped_pad_ff_n40C_1v95_5v50_5v50.lib line 42, default_fanout_load is 0.0.
[STA-1140] /Users/aoxo/.ciel/ciel/sky130/versions/74c0e6b118a67d94c24172143d3bd597473fa63d/sky130A/libs.ref/sky130_fd_io/lib/sky130_ef_io__vssio_hvc_clamped_pad_ff_n40C_1v95_5v50_5v50.lib line 18, library sky130_ef_io__vssio_hvc_clamped_pad_ff_n40C_1v95_5v50_5v50 already exists.
[STA-1173] /Users/aoxo/.ciel/ciel/sky130/versions/74c0e6b118a67d94c24172143d3bd597473fa63d/sky130A/libs.ref/sky130_fd_io/lib/sky130_ef_io__vssio_hvc_clamped_pad_ff_n40C_1v95_5v50_5v50.lib line 42, default_fanout_load is 0.0.
[STA-1140] /Users/aoxo/.ciel/ciel/sky130/versions/74c0e6b118a67d94c24172143d3bd597473fa63d/sky130A/libs.ref/sky130_fd_io/lib/sky130_ef_io__gpiov2_pad_ff_ff_n40C_1v95_5v50.lib line 18, library sky130_ef_io__gpiov2_pad_ff_ff_n40C_1v95_5v50 already exists.
[STA-1173] /Users/aoxo/.ciel/ciel/sky130/versions/74c0e6b118a67d94c24172143d3bd597473fa63d/sky130A/libs.ref/sky130_fd_io/lib/sky130_ef_io__gpiov2_pad_ff_ff_n40C_1v95_5v50.lib line 33, default_fanout_load is 0.0.
[STA-1140] /Users/aoxo/.ciel/ciel/sky130/versions/74c0e6b118a67d94c24172143d3bd597473fa63d/sky130A/libs.ref/sky130_fd_io/lib/slices_stubs.lib line 18, library slices_stubs already exists.
[STA-1173] /Users/aoxo/.ciel/ciel/sky130/versions/74c0e6b118a67d94c24172143d3bd597473fa63d/sky130A/libs.ref/sky130_fd_io/lib/slices_stubs.lib line 33, default_fanout_load is 0.0.
[STA-1140] /Users/aoxo/.ciel/ciel/sky130/versions/74c0e6b118a67d94c24172143d3bd597473fa63d/sky130A/libs.ref/sky130_fd_io/lib/sky130_ef_io__analog_stubs.lib line 18, library sky130_ef_io__analog_stubs already exists.
[STA-1173] /Users/aoxo/.ciel/ciel/sky130/versions/74c0e6b118a67d94c24172143d3bd597473fa63d/sky130A/libs.ref/sky130_fd_io/lib/sky130_ef_io__analog_stubs.lib line 43, default_fanout_load is 0.0.
[STA-1140] /Users/aoxo/.ciel/ciel/sky130/versions/74c0e6b118a67d94c24172143d3bd597473fa63d/sky130A/libs.ref/sky130_fd_sc_hd/lib/sky130_fd_sc_hd__ss_100C_1v60.lib line 1, library sky130_fd_sc_hd__ss_100C_1v60 already exists.
[STA-1140] /Users/aoxo/.ciel/ciel/sky130/versions/74c0e6b118a67d94c24172143d3bd597473fa63d/sky130A/libs.ref/sky130_fd_io/lib/sky130_ef_io__vccd_lvc_clamped_pad_ss_100C_1v60_3v00_3v00.lib line 18, library sky130_ef_io__vccd_lvc_clamped_pad_ss_100C_1v60_3v00_3v00 already exists.
[STA-1173] /Users/aoxo/.ciel/ciel/sky130/versions/74c0e6b118a67d94c24172143d3bd597473fa63d/sky130A/libs.ref/sky130_fd_io/lib/sky130_ef_io__vccd_lvc_clamped_pad_ss_100C_1v60_3v00_3v00.lib line 42, default_fanout_load is 0.0.
[STA-1140] /Users/aoxo/.ciel/ciel/sky130/versions/74c0e6b118a67d94c24172143d3bd597473fa63d/sky130A/libs.ref/sky130_fd_io/lib/sky130_ef_io__vssd_lvc_clamped_pad_ss_100C_1v60_3v00.lib line 18, library sky130_ef_io__vssd_lvc_clamped_pad_ss_100C_1v60_3v00 already exists.
[STA-1173] /Users/aoxo/.ciel/ciel/sky130/versions/74c0e6b118a67d94c24172143d3bd597473fa63d/sky130A/libs.ref/sky130_fd_io/lib/sky130_ef_io__vssd_lvc_clamped_pad_ss_100C_1v60_3v00.lib line 43, default_fanout_load is 0.0.
[STA-1140] /Users/aoxo/.ciel/ciel/sky130/versions/74c0e6b118a67d94c24172143d3bd597473fa63d/sky130A/libs.ref/sky130_fd_io/lib/sky130_ef_io__vddio_hvc_clamped_pad_ss_100C_1v60_3v00_3v00.lib line 18, library sky130_ef_io__vddio_hvc_clamped_pad_ss_100C_1v60_3v00_3v00 already exists.
[STA-1173] /Users/aoxo/.ciel/ciel/sky130/versions/74c0e6b118a67d94c24172143d3bd597473fa63d/sky130A/libs.ref/sky130_fd_io/lib/sky130_ef_io__vddio_hvc_clamped_pad_ss_100C_1v60_3v00_3v00.lib line 42, default_fanout_load is 0.0.
[STA-1140] /Users/aoxo/.ciel/ciel/sky130/versions/74c0e6b118a67d94c24172143d3bd597473fa63d/sky130A/libs.ref/sky130_fd_io/lib/sky130_ef_io__vssio_hvc_clamped_pad_ss_100C_1v60_3v00_3v00.lib line 18, library sky130_ef_io__vssio_hvc_clamped_pad_ss_100C_1v60_3v00_3v00 already exists.
[STA-1173] /Users/aoxo/.ciel/ciel/sky130/versions/74c0e6b118a67d94c24172143d3bd597473fa63d/sky130A/libs.ref/sky130_fd_io/lib/sky130_ef_io__vssio_hvc_clamped_pad_ss_100C_1v60_3v00_3v00.lib line 42, default_fanout_load is 0.0.
[STA-1140] /Users/aoxo/.ciel/ciel/sky130/versions/74c0e6b118a67d94c24172143d3bd597473fa63d/sky130A/libs.ref/sky130_fd_io/lib/sky130_ef_io__gpiov2_pad_ss_ss_100C_1v60_3v00.lib line 18, library sky130_ef_io__gpiov2_pad_ss_ss_100C_1v60_3v00 already exists.
[STA-1173] /Users/aoxo/.ciel/ciel/sky130/versions/74c0e6b118a67d94c24172143d3bd597473fa63d/sky130A/libs.ref/sky130_fd_io/lib/sky130_ef_io__gpiov2_pad_ss_ss_100C_1v60_3v00.lib line 33, default_fanout_load is 0.0.
[STA-1111] cell sky130_ef_io__gpiov2_pad_ss_ss_100C_1v60_3v00/sky130_ef_io__gpiov2_pad OUT -> PAD timing group combinational not found in cell sky130_ef_io__gpiov2_pad_tt_tt_025C_1v80_3v30/sky130_ef_io__gpiov2_pad.
[STA-1111] cell sky130_ef_io__gpiov2_pad_ss_ss_100C_1v60_3v00/sky130_ef_io__gpiov2_pad OUT -> PAD timing group combinational not found in cell sky130_ef_io__gpiov2_pad_tt_tt_025C_1v80_3v30/sky130_ef_io__gpiov2_pad.
[STA-1111] cell sky130_ef_io__gpiov2_pad_ss_ss_100C_1v60_3v00/sky130_ef_io__gpiov2_pad OUT -> PAD timing group combinational not found in cell sky130_ef_io__gpiov2_pad_tt_tt_025C_1v80_3v30/sky130_ef_io__gpiov2_pad.
[STA-1111] cell sky130_ef_io__gpiov2_pad_ss_ss_100C_1v60_3v00/sky130_ef_io__gpiov2_pad OUT -> PAD timing group combinational not found in cell sky130_ef_io__gpiov2_pad_tt_tt_025C_1v80_3v30/sky130_ef_io__gpiov2_pad.
[STA-1140] /Users/aoxo/.ciel/ciel/sky130/versions/74c0e6b118a67d94c24172143d3bd597473fa63d/sky130A/libs.ref/sky130_fd_io/lib/slices_stubs.lib line 18, library slices_stubs already exists.
[STA-1173] /Users/aoxo/.ciel/ciel/sky130/versions/74c0e6b118a67d94c24172143d3bd597473fa63d/sky130A/libs.ref/sky130_fd_io/lib/slices_stubs.lib line 33, default_fanout_load is 0.0.
[STA-1140] /Users/aoxo/.ciel/ciel/sky130/versions/74c0e6b118a67d94c24172143d3bd597473fa63d/sky130A/libs.ref/sky130_fd_io/lib/sky130_ef_io__analog_stubs.lib line 18, library sky130_ef_io__analog_stubs already exists.
[STA-1173] /Users/aoxo/.ciel/ciel/sky130/versions/74c0e6b118a67d94c24172143d3bd597473fa63d/sky130A/libs.ref/sky130_fd_io/lib/sky130_ef_io__analog_stubs.lib line 43, default_fanout_load is 0.0.
[STA-1140] /Users/aoxo/.ciel/ciel/sky130/versions/74c0e6b118a67d94c24172143d3bd597473fa63d/sky130A/libs.ref/sky130_fd_sc_hd/lib/sky130_fd_sc_hd__tt_025C_1v80.lib line 1, library sky130_fd_sc_hd__tt_025C_1v80 already exists.
[STA-1140] /Users/aoxo/.ciel/ciel/sky130/versions/74c0e6b118a67d94c24172143d3bd597473fa63d/sky130A/libs.ref/sky130_fd_io/lib/sky130_ef_io__vccd_lvc_clamped_pad_tt_025C_1v80_3v30_3v30.lib line 18, library sky130_ef_io__vccd_lvc_clamped_pad_tt_025C_1v80_3v30_3v30 already exists.
[STA-1173] /Users/aoxo/.ciel/ciel/sky130/versions/74c0e6b118a67d94c24172143d3bd597473fa63d/sky130A/libs.ref/sky130_fd_io/lib/sky130_ef_io__vccd_lvc_clamped_pad_tt_025C_1v80_3v30_3v30.lib line 42, default_fanout_load is 0.0.
[STA-1140] /Users/aoxo/.ciel/ciel/sky130/versions/74c0e6b118a67d94c24172143d3bd597473fa63d/sky130A/libs.ref/sky130_fd_io/lib/sky130_ef_io__vssd_lvc_clamped_pad_tt_025C_1v80_3v30.lib line 18, library sky130_ef_io__vssd_lvc_clamped_pad_tt_025C_1v80_3v30 already exists.
[STA-1173] /Users/aoxo/.ciel/ciel/sky130/versions/74c0e6b118a67d94c24172143d3bd597473fa63d/sky130A/libs.ref/sky130_fd_io/lib/sky130_ef_io__vssd_lvc_clamped_pad_tt_025C_1v80_3v30.lib line 43, default_fanout_load is 0.0.
[STA-1140] /Users/aoxo/.ciel/ciel/sky130/versions/74c0e6b118a67d94c24172143d3bd597473fa63d/sky130A/libs.ref/sky130_fd_io/lib/sky130_ef_io__vddio_hvc_clamped_pad_tt_025C_1v80_3v30_3v30.lib line 18, library sky130_ef_io__vddio_hvc_clamped_pad_tt_025C_1v80_3v30_3v30 already exists.
[STA-1173] /Users/aoxo/.ciel/ciel/sky130/versions/74c0e6b118a67d94c24172143d3bd597473fa63d/sky130A/libs.ref/sky130_fd_io/lib/sky130_ef_io__vddio_hvc_clamped_pad_tt_025C_1v80_3v30_3v30.lib line 42, default_fanout_load is 0.0.
[STA-1140] /Users/aoxo/.ciel/ciel/sky130/versions/74c0e6b118a67d94c24172143d3bd597473fa63d/sky130A/libs.ref/sky130_fd_io/lib/sky130_ef_io__vssio_hvc_clamped_pad_tt_025C_1v80_3v30_3v30.lib line 18, library sky130_ef_io__vssio_hvc_clamped_pad_tt_025C_1v80_3v30_3v30 already exists.
[STA-1173] /Users/aoxo/.ciel/ciel/sky130/versions/74c0e6b118a67d94c24172143d3bd597473fa63d/sky130A/libs.ref/sky130_fd_io/lib/sky130_ef_io__vssio_hvc_clamped_pad_tt_025C_1v80_3v30_3v30.lib line 42, default_fanout_load is 0.0.
[STA-1140] /Users/aoxo/.ciel/ciel/sky130/versions/74c0e6b118a67d94c24172143d3bd597473fa63d/sky130A/libs.ref/sky130_fd_io/lib/sky130_ef_io__gpiov2_pad_tt_tt_025C_1v80_3v30.lib line 18, library sky130_ef_io__gpiov2_pad_tt_tt_025C_1v80_3v30 already exists.
[STA-1173] /Users/aoxo/.ciel/ciel/sky130/versions/74c0e6b118a67d94c24172143d3bd597473fa63d/sky130A/libs.ref/sky130_fd_io/lib/sky130_ef_io__gpiov2_pad_tt_tt_025C_1v80_3v30.lib line 33, default_fanout_load is 0.0.
[STA-1140] /Users/aoxo/.ciel/ciel/sky130/versions/74c0e6b118a67d94c24172143d3bd597473fa63d/sky130A/libs.ref/sky130_fd_io/lib/slices_stubs.lib line 18, library slices_stubs already exists.
[STA-1173] /Users/aoxo/.ciel/ciel/sky130/versions/74c0e6b118a67d94c24172143d3bd597473fa63d/sky130A/libs.ref/sky130_fd_io/lib/slices_stubs.lib line 33, default_fanout_load is 0.0.
[STA-1140] /Users/aoxo/.ciel/ciel/sky130/versions/74c0e6b118a67d94c24172143d3bd597473fa63d/sky130A/libs.ref/sky130_fd_io/lib/sky130_ef_io__analog_stubs.lib line 18, library sky130_ef_io__analog_stubs already exists.
[STA-1173] /Users/aoxo/.ciel/ciel/sky130/versions/74c0e6b118a67d94c24172143d3bd597473fa63d/sky130A/libs.ref/sky130_fd_io/lib/sky130_ef_io__analog_stubs.lib line 43, default_fanout_load is 0.0.
[STA-1140] /Users/aoxo/.ciel/ciel/sky130/versions/74c0e6b118a67d94c24172143d3bd597473fa63d/sky130A/libs.ref/sky130_fd_sc_hd/lib/sky130_fd_sc_hd__ss_100C_1v60.lib line 1, library sky130_fd_sc_hd__ss_100C_1v60 already exists.
[STA-1140] /Users/aoxo/.ciel/ciel/sky130/versions/74c0e6b118a67d94c24172143d3bd597473fa63d/sky130A/libs.ref/sky130_fd_io/lib/sky130_ef_io__vccd_lvc_clamped_pad_ss_100C_1v60_3v00_3v00.lib line 18, library sky130_ef_io__vccd_lvc_clamped_pad_ss_100C_1v60_3v00_3v00 already exists.
[STA-1173] /Users/aoxo/.ciel/ciel/sky130/versions/74c0e6b118a67d94c24172143d3bd597473fa63d/sky130A/libs.ref/sky130_fd_io/lib/sky130_ef_io__vccd_lvc_clamped_pad_ss_100C_1v60_3v00_3v00.lib line 42, default_fanout_load is 0.0.
[STA-1140] /Users/aoxo/.ciel/ciel/sky130/versions/74c0e6b118a67d94c24172143d3bd597473fa63d/sky130A/libs.ref/sky130_fd_io/lib/sky130_ef_io__vssd_lvc_clamped_pad_ss_100C_1v60_3v00.lib line 18, library sky130_ef_io__vssd_lvc_clamped_pad_ss_100C_1v60_3v00 already exists.
[STA-1173] /Users/aoxo/.ciel/ciel/sky130/versions/74c0e6b118a67d94c24172143d3bd597473fa63d/sky130A/libs.ref/sky130_fd_io/lib/sky130_ef_io__vssd_lvc_clamped_pad_ss_100C_1v60_3v00.lib line 43, default_fanout_load is 0.0.
[STA-1140] /Users/aoxo/.ciel/ciel/sky130/versions/74c0e6b118a67d94c24172143d3bd597473fa63d/sky130A/libs.ref/sky130_fd_io/lib/sky130_ef_io__vddio_hvc_clamped_pad_ss_100C_1v60_3v00_3v00.lib line 18, library sky130_ef_io__vddio_hvc_clamped_pad_ss_100C_1v60_3v00_3v00 already exists.
[STA-1173] /Users/aoxo/.ciel/ciel/sky130/versions/74c0e6b118a67d94c24172143d3bd597473fa63d/sky130A/libs.ref/sky130_fd_io/lib/sky130_ef_io__vddio_hvc_clamped_pad_ss_100C_1v60_3v00_3v00.lib line 42, default_fanout_load is 0.0.
[STA-1140] /Users/aoxo/.ciel/ciel/sky130/versions/74c0e6b118a67d94c24172143d3bd597473fa63d/sky130A/libs.ref/sky130_fd_io/lib/sky130_ef_io__vssio_hvc_clamped_pad_ss_100C_1v60_3v00_3v00.lib line 18, library sky130_ef_io__vssio_hvc_clamped_pad_ss_100C_1v60_3v00_3v00 already exists.
[STA-1173] /Users/aoxo/.ciel/ciel/sky130/versions/74c0e6b118a67d94c24172143d3bd597473fa63d/sky130A/libs.ref/sky130_fd_io/lib/sky130_ef_io__vssio_hvc_clamped_pad_ss_100C_1v60_3v00_3v00.lib line 42, default_fanout_load is 0.0.
[STA-1140] /Users/aoxo/.ciel/ciel/sky130/versions/74c0e6b118a67d94c24172143d3bd597473fa63d/sky130A/libs.ref/sky130_fd_io/lib/sky130_ef_io__gpiov2_pad_ss_ss_100C_1v60_3v00.lib line 18, library sky130_ef_io__gpiov2_pad_ss_ss_100C_1v60_3v00 already exists.
[STA-1173] /Users/aoxo/.ciel/ciel/sky130/versions/74c0e6b118a67d94c24172143d3bd597473fa63d/sky130A/libs.ref/sky130_fd_io/lib/sky130_ef_io__gpiov2_pad_ss_ss_100C_1v60_3v00.lib line 33, default_fanout_load is 0.0.
[STA-1111] cell sky130_ef_io__gpiov2_pad_ss_ss_100C_1v60_3v00/sky130_ef_io__gpiov2_pad OUT -> PAD timing group combinational not found in cell sky130_ef_io__gpiov2_pad_tt_tt_025C_1v80_3v30/sky130_ef_io__gpiov2_pad.
[STA-1111] cell sky130_ef_io__gpiov2_pad_ss_ss_100C_1v60_3v00/sky130_ef_io__gpiov2_pad OUT -> PAD timing group combinational not found in cell sky130_ef_io__gpiov2_pad_tt_tt_025C_1v80_3v30/sky130_ef_io__gpiov2_pad.
[STA-1111] cell sky130_ef_io__gpiov2_pad_ss_ss_100C_1v60_3v00/sky130_ef_io__gpiov2_pad OUT -> PAD timing group combinational not found in cell sky130_ef_io__gpiov2_pad_tt_tt_025C_1v80_3v30/sky130_ef_io__gpiov2_pad.
[STA-1111] cell sky130_ef_io__gpiov2_pad_ss_ss_100C_1v60_3v00/sky130_ef_io__gpiov2_pad OUT -> PAD timing group combinational not found in cell sky130_ef_io__gpiov2_pad_tt_tt_025C_1v80_3v30/sky130_ef_io__gpiov2_pad.
[STA-1140] /Users/aoxo/.ciel/ciel/sky130/versions/74c0e6b118a67d94c24172143d3bd597473fa63d/sky130A/libs.ref/sky130_fd_io/lib/slices_stubs.lib line 18, library slices_stubs already exists.
[STA-1173] /Users/aoxo/.ciel/ciel/sky130/versions/74c0e6b118a67d94c24172143d3bd597473fa63d/sky130A/libs.ref/sky130_fd_io/lib/slices_stubs.lib line 33, default_fanout_load is 0.0.
[STA-1140] /Users/aoxo/.ciel/ciel/sky130/versions/74c0e6b118a67d94c24172143d3bd597473fa63d/sky130A/libs.ref/sky130_fd_io/lib/sky130_ef_io__analog_stubs.lib line 18, library sky130_ef_io__analog_stubs already exists.
[STA-1173] /Users/aoxo/.ciel/ciel/sky130/versions/74c0e6b118a67d94c24172143d3bd597473fa63d/sky130A/libs.ref/sky130_fd_io/lib/sky130_ef_io__analog_stubs.lib line 43, default_fanout_load is 0.0.
[STA-1140] /Users/aoxo/.ciel/ciel/sky130/versions/74c0e6b118a67d94c24172143d3bd597473fa63d/sky130A/libs.ref/sky130_fd_sc_hd/lib/sky130_fd_sc_hd__ff_n40C_1v95.lib line 1, library sky130_fd_sc_hd__ff_n40C_1v95 already exists.
[STA-1140] /Users/aoxo/.ciel/ciel/sky130/versions/74c0e6b118a67d94c24172143d3bd597473fa63d/sky130A/libs.ref/sky130_fd_io/lib/sky130_ef_io__vccd_lvc_clamped_pad_ff_n40C_1v95_5v50_5v50.lib line 18, library sky130_ef_io__vccd_lvc_clamped_pad_ff_n40C_1v95_5v50_5v50 already exists.
[STA-1173] /Users/aoxo/.ciel/ciel/sky130/versions/74c0e6b118a67d94c24172143d3bd597473fa63d/sky130A/libs.ref/sky130_fd_io/lib/sky130_ef_io__vccd_lvc_clamped_pad_ff_n40C_1v95_5v50_5v50.lib line 42, default_fanout_load is 0.0.
[STA-1140] /Users/aoxo/.ciel/ciel/sky130/versions/74c0e6b118a67d94c24172143d3bd597473fa63d/sky130A/libs.ref/sky130_fd_io/lib/sky130_ef_io__vssd_lvc_clamped_pad_ff_n40C_1v95_5v50.lib line 18, library sky130_ef_io__vssd_lvc_clamped_pad_ff_n40C_1v95_5v50 already exists.
[STA-1173] /Users/aoxo/.ciel/ciel/sky130/versions/74c0e6b118a67d94c24172143d3bd597473fa63d/sky130A/libs.ref/sky130_fd_io/lib/sky130_ef_io__vssd_lvc_clamped_pad_ff_n40C_1v95_5v50.lib line 43, default_fanout_load is 0.0.
[STA-1140] /Users/aoxo/.ciel/ciel/sky130/versions/74c0e6b118a67d94c24172143d3bd597473fa63d/sky130A/libs.ref/sky130_fd_io/lib/sky130_ef_io__vddio_hvc_clamped_pad_ff_n40C_1v95_5v50_5v50.lib line 18, library sky130_ef_io__vddio_hvc_clamped_pad_ff_n40C_1v95_5v50_5v50 already exists.
[STA-1173] /Users/aoxo/.ciel/ciel/sky130/versions/74c0e6b118a67d94c24172143d3bd597473fa63d/sky130A/libs.ref/sky130_fd_io/lib/sky130_ef_io__vddio_hvc_clamped_pad_ff_n40C_1v95_5v50_5v50.lib line 42, default_fanout_load is 0.0.
[STA-1140] /Users/aoxo/.ciel/ciel/sky130/versions/74c0e6b118a67d94c24172143d3bd597473fa63d/sky130A/libs.ref/sky130_fd_io/lib/sky130_ef_io__vssio_hvc_clamped_pad_ff_n40C_1v95_5v50_5v50.lib line 18, library sky130_ef_io__vssio_hvc_clamped_pad_ff_n40C_1v95_5v50_5v50 already exists.
[STA-1173] /Users/aoxo/.ciel/ciel/sky130/versions/74c0e6b118a67d94c24172143d3bd597473fa63d/sky130A/libs.ref/sky130_fd_io/lib/sky130_ef_io__vssio_hvc_clamped_pad_ff_n40C_1v95_5v50_5v50.lib line 42, default_fanout_load is 0.0.
[STA-1140] /Users/aoxo/.ciel/ciel/sky130/versions/74c0e6b118a67d94c24172143d3bd597473fa63d/sky130A/libs.ref/sky130_fd_io/lib/sky130_ef_io__gpiov2_pad_ff_ff_n40C_1v95_5v50.lib line 18, library sky130_ef_io__gpiov2_pad_ff_ff_n40C_1v95_5v50 already exists.
[STA-1173] /Users/aoxo/.ciel/ciel/sky130/versions/74c0e6b118a67d94c24172143d3bd597473fa63d/sky130A/libs.ref/sky130_fd_io/lib/sky130_ef_io__gpiov2_pad_ff_ff_n40C_1v95_5v50.lib line 33, default_fanout_load is 0.0.
[STA-1140] /Users/aoxo/.ciel/ciel/sky130/versions/74c0e6b118a67d94c24172143d3bd597473fa63d/sky130A/libs.ref/sky130_fd_io/lib/slices_stubs.lib line 18, library slices_stubs already exists.
[STA-1173] /Users/aoxo/.ciel/ciel/sky130/versions/74c0e6b118a67d94c24172143d3bd597473fa63d/sky130A/libs.ref/sky130_fd_io/lib/slices_stubs.lib line 33, default_fanout_load is 0.0.
[STA-1140] /Users/aoxo/.ciel/ciel/sky130/versions/74c0e6b118a67d94c24172143d3bd597473fa63d/sky130A/libs.ref/sky130_fd_io/lib/sky130_ef_io__analog_stubs.lib line 18, library sky130_ef_io__analog_stubs already exists.
[STA-1173] /Users/aoxo/.ciel/ciel/sky130/versions/74c0e6b118a67d94c24172143d3bd597473fa63d/sky130A/libs.ref/sky130_fd_io/lib/sky130_ef_io__analog_stubs.lib line 43, default_fanout_load is 0.0.
[ORD-2056] The following 18 liberty cell(s) do not have LEF masters and will be marked as dont-use:
[STA-1173] /Users/aoxo/.ciel/ciel/sky130/versions/74c0e6b118a67d94c24172143d3bd597473fa63d/sky130A/libs.ref/sky130_fd_io/lib/sky130_ef_io__vccd_lvc_clamped_pad_tt_025C_1v80_3v30_3v30.lib line 42, default_fanout_load is 0.0.
[STA-1173] /Users/aoxo/.ciel/ciel/sky130/versions/74c0e6b118a67d94c24172143d3bd597473fa63d/sky130A/libs.ref/sky130_fd_io/lib/sky130_ef_io__vssd_lvc_clamped_pad_tt_025C_1v80_3v30.lib line 43, default_fanout_load is 0.0.
[STA-1173] /Users/aoxo/.ciel/ciel/sky130/versions/74c0e6b118a67d94c24172143d3bd597473fa63d/sky130A/libs.ref/sky130_fd_io/lib/sky130_ef_io__vddio_hvc_clamped_pad_tt_025C_1v80_3v30_3v30.lib line 42, default_fanout_load is 0.0.
[STA-1173] /Users/aoxo/.ciel/ciel/sky130/versions/74c0e6b118a67d94c24172143d3bd597473fa63d/sky130A/libs.ref/sky130_fd_io/lib/sky130_ef_io__vssio_hvc_clamped_pad_tt_025C_1v80_3v30_3v30.lib line 42, default_fanout_load is 0.0.
[STA-1173] /Users/aoxo/.ciel/ciel/sky130/versions/74c0e6b118a67d94c24172143d3bd597473fa63d/sky130A/libs.ref/sky130_fd_io/lib/sky130_ef_io__gpiov2_pad_tt_tt_025C_1v80_3v30.lib line 33, default_fanout_load is 0.0.
[STA-1173] /Users/aoxo/.ciel/ciel/sky130/versions/74c0e6b118a67d94c24172143d3bd597473fa63d/sky130A/libs.ref/sky130_fd_io/lib/slices_stubs.lib line 33, default_fanout_load is 0.0.
[STA-1173] /Users/aoxo/.ciel/ciel/sky130/versions/74c0e6b118a67d94c24172143d3bd597473fa63d/sky130A/libs.ref/sky130_fd_io/lib/sky130_ef_io__analog_stubs.lib line 43, default_fanout_load is 0.0.
[ORD-2056] The following 2 liberty cell(s) do not have LEF masters and will be marked as dont-use:
[STA-1173] /Users/aoxo/.ciel/ciel/sky130/versions/74c0e6b118a67d94c24172143d3bd597473fa63d/sky130A/libs.ref/sky130_fd_io/lib/sky130_ef_io__vccd_lvc_clamped_pad_tt_025C_1v80_3v30_3v30.lib line 42, default_fanout_load is 0.0.
[STA-1173] /Users/aoxo/.ciel/ciel/sky130/versions/74c0e6b118a67d94c24172143d3bd597473fa63d/sky130A/libs.ref/sky130_fd_io/lib/sky130_ef_io__vssd_lvc_clamped_pad_tt_025C_1v80_3v30.lib line 43, default_fanout_load is 0.0.
[STA-1173] /Users/aoxo/.ciel/ciel/sky130/versions/74c0e6b118a67d94c24172143d3bd597473fa63d/sky130A/libs.ref/sky130_fd_io/lib/sky130_ef_io__vddio_hvc_clamped_pad_tt_025C_1v80_3v30_3v30.lib line 42, default_fanout_load is 0.0.
[STA-1173] /Users/aoxo/.ciel/ciel/sky130/versions/74c0e6b118a67d94c24172143d3bd597473fa63d/sky130A/libs.ref/sky130_fd_io/lib/sky130_ef_io__vssio_hvc_clamped_pad_tt_025C_1v80_3v30_3v30.lib line 42, default_fanout_load is 0.0.
[STA-1173] /Users/aoxo/.ciel/ciel/sky130/versions/74c0e6b118a67d94c24172143d3bd597473fa63d/sky130A/libs.ref/sky130_fd_io/lib/sky130_ef_io__gpiov2_pad_tt_tt_025C_1v80_3v30.lib line 33, default_fanout_load is 0.0.
[STA-1173] /Users/aoxo/.ciel/ciel/sky130/versions/74c0e6b118a67d94c24172143d3bd597473fa63d/sky130A/libs.ref/sky130_fd_io/lib/slices_stubs.lib line 33, default_fanout_load is 0.0.
[STA-1173] /Users/aoxo/.ciel/ciel/sky130/versions/74c0e6b118a67d94c24172143d3bd597473fa63d/sky130A/libs.ref/sky130_fd_io/lib/sky130_ef_io__analog_stubs.lib line 43, default_fanout_load is 0.0.
[ORD-2056] The following 2 liberty cell(s) do not have LEF masters and will be marked as dont-use:
[STA-1173] /Users/aoxo/.ciel/ciel/sky130/versions/74c0e6b118a67d94c24172143d3bd597473fa63d/sky130A/libs.ref/sky130_fd_io/lib/sky130_ef_io__vccd_lvc_clamped_pad_tt_025C_1v80_3v30_3v30.lib line 42, default_fanout_load is 0.0.
[STA-1173] /Users/aoxo/.ciel/ciel/sky130/versions/74c0e6b118a67d94c24172143d3bd597473fa63d/sky130A/libs.ref/sky130_fd_io/lib/sky130_ef_io__vssd_lvc_clamped_pad_tt_025C_1v80_3v30.lib line 43, default_fanout_load is 0.0.
[STA-1173] /Users/aoxo/.ciel/ciel/sky130/versions/74c0e6b118a67d94c24172143d3bd597473fa63d/sky130A/libs.ref/sky130_fd_io/lib/sky130_ef_io__vddio_hvc_clamped_pad_tt_025C_1v80_3v30_3v30.lib line 42, default_fanout_load is 0.0.
[STA-1173] /Users/aoxo/.ciel/ciel/sky130/versions/74c0e6b118a67d94c24172143d3bd597473fa63d/sky130A/libs.ref/sky130_fd_io/lib/sky130_ef_io__vssio_hvc_clamped_pad_tt_025C_1v80_3v30_3v30.lib line 42, default_fanout_load is 0.0.
[STA-1173] /Users/aoxo/.ciel/ciel/sky130/versions/74c0e6b118a67d94c24172143d3bd597473fa63d/sky130A/libs.ref/sky130_fd_io/lib/sky130_ef_io__gpiov2_pad_tt_tt_025C_1v80_3v30.lib line 33, default_fanout_load is 0.0.
[STA-1173] /Users/aoxo/.ciel/ciel/sky130/versions/74c0e6b118a67d94c24172143d3bd597473fa63d/sky130A/libs.ref/sky130_fd_io/lib/slices_stubs.lib line 33, default_fanout_load is 0.0.
[STA-1173] /Users/aoxo/.ciel/ciel/sky130/versions/74c0e6b118a67d94c24172143d3bd597473fa63d/sky130A/libs.ref/sky130_fd_io/lib/sky130_ef_io__analog_stubs.lib line 43, default_fanout_load is 0.0.
[ORD-2056] The following 2 liberty cell(s) do not have LEF masters and will be marked as dont-use:
[STA-1173] /Users/aoxo/.ciel/ciel/sky130/versions/74c0e6b118a67d94c24172143d3bd597473fa63d/sky130A/libs.ref/sky130_fd_io/lib/sky130_ef_io__vccd_lvc_clamped_pad_tt_025C_1v80_3v30_3v30.lib line 42, default_fanout_load is 0.0.
[STA-1173] /Users/aoxo/.ciel/ciel/sky130/versions/74c0e6b118a67d94c24172143d3bd597473fa63d/sky130A/libs.ref/sky130_fd_io/lib/sky130_ef_io__vssd_lvc_clamped_pad_tt_025C_1v80_3v30.lib line 43, default_fanout_load is 0.0.
[STA-1173] /Users/aoxo/.ciel/ciel/sky130/versions/74c0e6b118a67d94c24172143d3bd597473fa63d/sky130A/libs.ref/sky130_fd_io/lib/sky130_ef_io__vddio_hvc_clamped_pad_tt_025C_1v80_3v30_3v30.lib line 42, default_fanout_load is 0.0.
[STA-1173] /Users/aoxo/.ciel/ciel/sky130/versions/74c0e6b118a67d94c24172143d3bd597473fa63d/sky130A/libs.ref/sky130_fd_io/lib/sky130_ef_io__vssio_hvc_clamped_pad_tt_025C_1v80_3v30_3v30.lib line 42, default_fanout_load is 0.0.
[STA-1173] /Users/aoxo/.ciel/ciel/sky130/versions/74c0e6b118a67d94c24172143d3bd597473fa63d/sky130A/libs.ref/sky130_fd_io/lib/sky130_ef_io__gpiov2_pad_tt_tt_025C_1v80_3v30.lib line 33, default_fanout_load is 0.0.
[STA-1173] /Users/aoxo/.ciel/ciel/sky130/versions/74c0e6b118a67d94c24172143d3bd597473fa63d/sky130A/libs.ref/sky130_fd_io/lib/slices_stubs.lib line 33, default_fanout_load is 0.0.
[STA-1173] /Users/aoxo/.ciel/ciel/sky130/versions/74c0e6b118a67d94c24172143d3bd597473fa63d/sky130A/libs.ref/sky130_fd_io/lib/sky130_ef_io__analog_stubs.lib line 43, default_fanout_load is 0.0.
[STA-1173] /Users/aoxo/.ciel/ciel/sky130/versions/74c0e6b118a67d94c24172143d3bd597473fa63d/sky130A/libs.ref/sky130_fd_io/lib/sky130_ef_io__vccd_lvc_clamped_pad_ss_100C_1v60_3v00_3v00.lib line 42, default_fanout_load is 0.0.
[STA-1173] /Users/aoxo/.ciel/ciel/sky130/versions/74c0e6b118a67d94c24172143d3bd597473fa63d/sky130A/libs.ref/sky130_fd_io/lib/sky130_ef_io__vssd_lvc_clamped_pad_ss_100C_1v60_3v00.lib line 43, default_fanout_load is 0.0.
[STA-1173] /Users/aoxo/.ciel/ciel/sky130/versions/74c0e6b118a67d94c24172143d3bd597473fa63d/sky130A/libs.ref/sky130_fd_io/lib/sky130_ef_io__vddio_hvc_clamped_pad_ss_100C_1v60_3v00_3v00.lib line 42, default_fanout_load is 0.0.
[STA-1173] /Users/aoxo/.ciel/ciel/sky130/versions/74c0e6b118a67d94c24172143d3bd597473fa63d/sky130A/libs.ref/sky130_fd_io/lib/sky130_ef_io__vssio_hvc_clamped_pad_ss_100C_1v60_3v00_3v00.lib line 42, default_fanout_load is 0.0.
[STA-1173] /Users/aoxo/.ciel/ciel/sky130/versions/74c0e6b118a67d94c24172143d3bd597473fa63d/sky130A/libs.ref/sky130_fd_io/lib/sky130_ef_io__gpiov2_pad_ss_ss_100C_1v60_3v00.lib line 33, default_fanout_load is 0.0.
[STA-1111] cell sky130_ef_io__gpiov2_pad_ss_ss_100C_1v60_3v00/sky130_ef_io__gpiov2_pad OUT -> PAD timing group combinational not found in cell sky130_ef_io__gpiov2_pad_tt_tt_025C_1v80_3v30/sky130_ef_io__gpiov2_pad.
[STA-1111] cell sky130_ef_io__gpiov2_pad_ss_ss_100C_1v60_3v00/sky130_ef_io__gpiov2_pad OUT -> PAD timing group combinational not found in cell sky130_ef_io__gpiov2_pad_tt_tt_025C_1v80_3v30/sky130_ef_io__gpiov2_pad.
[STA-1111] cell sky130_ef_io__gpiov2_pad_ss_ss_100C_1v60_3v00/sky130_ef_io__gpiov2_pad OUT -> PAD timing group combinational not found in cell sky130_ef_io__gpiov2_pad_tt_tt_025C_1v80_3v30/sky130_ef_io__gpiov2_pad.
[STA-1111] cell sky130_ef_io__gpiov2_pad_ss_ss_100C_1v60_3v00/sky130_ef_io__gpiov2_pad OUT -> PAD timing group combinational not found in cell sky130_ef_io__gpiov2_pad_tt_tt_025C_1v80_3v30/sky130_ef_io__gpiov2_pad.
[STA-1140] /Users/aoxo/.ciel/ciel/sky130/versions/74c0e6b118a67d94c24172143d3bd597473fa63d/sky130A/libs.ref/sky130_fd_io/lib/slices_stubs.lib line 18, library slices_stubs already exists.
[STA-1173] /Users/aoxo/.ciel/ciel/sky130/versions/74c0e6b118a67d94c24172143d3bd597473fa63d/sky130A/libs.ref/sky130_fd_io/lib/slices_stubs.lib line 33, default_fanout_load is 0.0.
[STA-1140] /Users/aoxo/.ciel/ciel/sky130/versions/74c0e6b118a67d94c24172143d3bd597473fa63d/sky130A/libs.ref/sky130_fd_io/lib/sky130_ef_io__analog_stubs.lib line 18, library sky130_ef_io__analog_stubs already exists.
[STA-1173] /Users/aoxo/.ciel/ciel/sky130/versions/74c0e6b118a67d94c24172143d3bd597473fa63d/sky130A/libs.ref/sky130_fd_io/lib/sky130_ef_io__analog_stubs.lib line 43, default_fanout_load is 0.0.
[STA-1140] /Users/aoxo/.ciel/ciel/sky130/versions/74c0e6b118a67d94c24172143d3bd597473fa63d/sky130A/libs.ref/sky130_fd_sc_hd/lib/sky130_fd_sc_hd__tt_025C_1v80.lib line 1, library sky130_fd_sc_hd__tt_025C_1v80 already exists.
[STA-1140] /Users/aoxo/.ciel/ciel/sky130/versions/74c0e6b118a67d94c24172143d3bd597473fa63d/sky130A/libs.ref/sky130_fd_io/lib/sky130_ef_io__vccd_lvc_clamped_pad_tt_025C_1v80_3v30_3v30.lib line 18, library sky130_ef_io__vccd_lvc_clamped_pad_tt_025C_1v80_3v30_3v30 already exists.
[STA-1173] /Users/aoxo/.ciel/ciel/sky130/versions/74c0e6b118a67d94c24172143d3bd597473fa63d/sky130A/libs.ref/sky130_fd_io/lib/sky130_ef_io__vccd_lvc_clamped_pad_tt_025C_1v80_3v30_3v30.lib line 42, default_fanout_load is 0.0.
[STA-1140] /Users/aoxo/.ciel/ciel/sky130/versions/74c0e6b118a67d94c24172143d3bd597473fa63d/sky130A/libs.ref/sky130_fd_io/lib/sky130_ef_io__vssd_lvc_clamped_pad_tt_025C_1v80_3v30.lib line 18, library sky130_ef_io__vssd_lvc_clamped_pad_tt_025C_1v80_3v30 already exists.
[STA-1173] /Users/aoxo/.ciel/ciel/sky130/versions/74c0e6b118a67d94c24172143d3bd597473fa63d/sky130A/libs.ref/sky130_fd_io/lib/sky130_ef_io__vssd_lvc_clamped_pad_tt_025C_1v80_3v30.lib line 43, default_fanout_load is 0.0.
[STA-1140] /Users/aoxo/.ciel/ciel/sky130/versions/74c0e6b118a67d94c24172143d3bd597473fa63d/sky130A/libs.ref/sky130_fd_io/lib/sky130_ef_io__vddio_hvc_clamped_pad_tt_025C_1v80_3v30_3v30.lib line 18, library sky130_ef_io__vddio_hvc_clamped_pad_tt_025C_1v80_3v30_3v30 already exists.
[STA-1173] /Users/aoxo/.ciel/ciel/sky130/versions/74c0e6b118a67d94c24172143d3bd597473fa63d/sky130A/libs.ref/sky130_fd_io/lib/sky130_ef_io__vddio_hvc_clamped_pad_tt_025C_1v80_3v30_3v30.lib line 42, default_fanout_load is 0.0.
[STA-1140] /Users/aoxo/.ciel/ciel/sky130/versions/74c0e6b118a67d94c24172143d3bd597473fa63d/sky130A/libs.ref/sky130_fd_io/lib/sky130_ef_io__vssio_hvc_clamped_pad_tt_025C_1v80_3v30_3v30.lib line 18, library sky130_ef_io__vssio_hvc_clamped_pad_tt_025C_1v80_3v30_3v30 already exists.
[STA-1173] /Users/aoxo/.ciel/ciel/sky130/versions/74c0e6b118a67d94c24172143d3bd597473fa63d/sky130A/libs.ref/sky130_fd_io/lib/sky130_ef_io__vssio_hvc_clamped_pad_tt_025C_1v80_3v30_3v30.lib line 42, default_fanout_load is 0.0.
[STA-1140] /Users/aoxo/.ciel/ciel/sky130/versions/74c0e6b118a67d94c24172143d3bd597473fa63d/sky130A/libs.ref/sky130_fd_io/lib/sky130_ef_io__gpiov2_pad_tt_tt_025C_1v80_3v30.lib line 18, library sky130_ef_io__gpiov2_pad_tt_tt_025C_1v80_3v30 already exists.
[STA-1173] /Users/aoxo/.ciel/ciel/sky130/versions/74c0e6b118a67d94c24172143d3bd597473fa63d/sky130A/libs.ref/sky130_fd_io/lib/sky130_ef_io__gpiov2_pad_tt_tt_025C_1v80_3v30.lib line 33, default_fanout_load is 0.0.
[STA-1140] /Users/aoxo/.ciel/ciel/sky130/versions/74c0e6b118a67d94c24172143d3bd597473fa63d/sky130A/libs.ref/sky130_fd_io/lib/slices_stubs.lib line 18, library slices_stubs already exists.
[STA-1173] /Users/aoxo/.ciel/ciel/sky130/versions/74c0e6b118a67d94c24172143d3bd597473fa63d/sky130A/libs.ref/sky130_fd_io/lib/slices_stubs.lib line 33, default_fanout_load is 0.0.
[STA-1140] /Users/aoxo/.ciel/ciel/sky130/versions/74c0e6b118a67d94c24172143d3bd597473fa63d/sky130A/libs.ref/sky130_fd_io/lib/sky130_ef_io__analog_stubs.lib line 18, library sky130_ef_io__analog_stubs already exists.
[STA-1173] /Users/aoxo/.ciel/ciel/sky130/versions/74c0e6b118a67d94c24172143d3bd597473fa63d/sky130A/libs.ref/sky130_fd_io/lib/sky130_ef_io__analog_stubs.lib line 43, default_fanout_load is 0.0.
[STA-1173] /Users/aoxo/.ciel/ciel/sky130/versions/74c0e6b118a67d94c24172143d3bd597473fa63d/sky130A/libs.ref/sky130_fd_io/lib/sky130_ef_io__vccd_lvc_clamped_pad_ff_n40C_1v95_5v50_5v50.lib line 42, default_fanout_load is 0.0.
[STA-1173] /Users/aoxo/.ciel/ciel/sky130/versions/74c0e6b118a67d94c24172143d3bd597473fa63d/sky130A/libs.ref/sky130_fd_io/lib/sky130_ef_io__vssd_lvc_clamped_pad_ff_n40C_1v95_5v50.lib line 43, default_fanout_load is 0.0.
[STA-1173] /Users/aoxo/.ciel/ciel/sky130/versions/74c0e6b118a67d94c24172143d3bd597473fa63d/sky130A/libs.ref/sky130_fd_io/lib/sky130_ef_io__vddio_hvc_clamped_pad_ff_n40C_1v95_5v50_5v50.lib line 42, default_fanout_load is 0.0.
[STA-1173] /Users/aoxo/.ciel/ciel/sky130/versions/74c0e6b118a67d94c24172143d3bd597473fa63d/sky130A/libs.ref/sky130_fd_io/lib/sky130_ef_io__vssio_hvc_clamped_pad_ff_n40C_1v95_5v50_5v50.lib line 42, default_fanout_load is 0.0.
[STA-1173] /Users/aoxo/.ciel/ciel/sky130/versions/74c0e6b118a67d94c24172143d3bd597473fa63d/sky130A/libs.ref/sky130_fd_io/lib/sky130_ef_io__gpiov2_pad_ff_ff_n40C_1v95_5v50.lib line 33, default_fanout_load is 0.0.
[STA-1140] /Users/aoxo/.ciel/ciel/sky130/versions/74c0e6b118a67d94c24172143d3bd597473fa63d/sky130A/libs.ref/sky130_fd_io/lib/slices_stubs.lib line 18, library slices_stubs already exists.
[STA-1173] /Users/aoxo/.ciel/ciel/sky130/versions/74c0e6b118a67d94c24172143d3bd597473fa63d/sky130A/libs.ref/sky130_fd_io/lib/slices_stubs.lib line 33, default_fanout_load is 0.0.
[STA-1140] /Users/aoxo/.ciel/ciel/sky130/versions/74c0e6b118a67d94c24172143d3bd597473fa63d/sky130A/libs.ref/sky130_fd_io/lib/sky130_ef_io__analog_stubs.lib line 18, library sky130_ef_io__analog_stubs already exists.
[STA-1173] /Users/aoxo/.ciel/ciel/sky130/versions/74c0e6b118a67d94c24172143d3bd597473fa63d/sky130A/libs.ref/sky130_fd_io/lib/sky130_ef_io__analog_stubs.lib line 43, default_fanout_load is 0.0.
[STA-1140] /Users/aoxo/.ciel/ciel/sky130/versions/74c0e6b118a67d94c24172143d3bd597473fa63d/sky130A/libs.ref/sky130_fd_sc_hd/lib/sky130_fd_sc_hd__ff_n40C_1v95.lib line 1, library sky130_fd_sc_hd__ff_n40C_1v95 already exists.
[STA-1140] /Users/aoxo/.ciel/ciel/sky130/versions/74c0e6b118a67d94c24172143d3bd597473fa63d/sky130A/libs.ref/sky130_fd_io/lib/sky130_ef_io__vccd_lvc_clamped_pad_ff_n40C_1v95_5v50_5v50.lib line 18, library sky130_ef_io__vccd_lvc_clamped_pad_ff_n40C_1v95_5v50_5v50 already exists.
[STA-1173] /Users/aoxo/.ciel/ciel/sky130/versions/74c0e6b118a67d94c24172143d3bd597473fa63d/sky130A/libs.ref/sky130_fd_io/lib/sky130_ef_io__vccd_lvc_clamped_pad_ff_n40C_1v95_5v50_5v50.lib line 42, default_fanout_load is 0.0.
[STA-1140] /Users/aoxo/.ciel/ciel/sky130/versions/74c0e6b118a67d94c24172143d3bd597473fa63d/sky130A/libs.ref/sky130_fd_io/lib/sky130_ef_io__vssd_lvc_clamped_pad_ff_n40C_1v95_5v50.lib line 18, library sky130_ef_io__vssd_lvc_clamped_pad_ff_n40C_1v95_5v50 already exists.
[STA-1173] /Users/aoxo/.ciel/ciel/sky130/versions/74c0e6b118a67d94c24172143d3bd597473fa63d/sky130A/libs.ref/sky130_fd_io/lib/sky130_ef_io__vssd_lvc_clamped_pad_ff_n40C_1v95_5v50.lib line 43, default_fanout_load is 0.0.
[STA-1140] /Users/aoxo/.ciel/ciel/sky130/versions/74c0e6b118a67d94c24172143d3bd597473fa63d/sky130A/libs.ref/sky130_fd_io/lib/sky130_ef_io__vddio_hvc_clamped_pad_ff_n40C_1v95_5v50_5v50.lib line 18, library sky130_ef_io__vddio_hvc_clamped_pad_ff_n40C_1v95_5v50_5v50 already exists.
[STA-1173] /Users/aoxo/.ciel/ciel/sky130/versions/74c0e6b118a67d94c24172143d3bd597473fa63d/sky130A/libs.ref/sky130_fd_io/lib/sky130_ef_io__vddio_hvc_clamped_pad_ff_n40C_1v95_5v50_5v50.lib line 42, default_fanout_load is 0.0.
[STA-1140] /Users/aoxo/.ciel/ciel/sky130/versions/74c0e6b118a67d94c24172143d3bd597473fa63d/sky130A/libs.ref/sky130_fd_io/lib/sky130_ef_io__vssio_hvc_clamped_pad_ff_n40C_1v95_5v50_5v50.lib line 18, library sky130_ef_io__vssio_hvc_clamped_pad_ff_n40C_1v95_5v50_5v50 already exists.
[STA-1173] /Users/aoxo/.ciel/ciel/sky130/versions/74c0e6b118a67d94c24172143d3bd597473fa63d/sky130A/libs.ref/sky130_fd_io/lib/sky130_ef_io__vssio_hvc_clamped_pad_ff_n40C_1v95_5v50_5v50.lib line 42, default_fanout_load is 0.0.
[STA-1140] /Users/aoxo/.ciel/ciel/sky130/versions/74c0e6b118a67d94c24172143d3bd597473fa63d/sky130A/libs.ref/sky130_fd_io/lib/sky130_ef_io__gpiov2_pad_ff_ff_n40C_1v95_5v50.lib line 18, library sky130_ef_io__gpiov2_pad_ff_ff_n40C_1v95_5v50 already exists.
[STA-1173] /Users/aoxo/.ciel/ciel/sky130/versions/74c0e6b118a67d94c24172143d3bd597473fa63d/sky130A/libs.ref/sky130_fd_io/lib/sky130_ef_io__gpiov2_pad_ff_ff_n40C_1v95_5v50.lib line 33, default_fanout_load is 0.0.
[STA-1140] /Users/aoxo/.ciel/ciel/sky130/versions/74c0e6b118a67d94c24172143d3bd597473fa63d/sky130A/libs.ref/sky130_fd_io/lib/slices_stubs.lib line 18, library slices_stubs already exists.
[STA-1173] /Users/aoxo/.ciel/ciel/sky130/versions/74c0e6b118a67d94c24172143d3bd597473fa63d/sky130A/libs.ref/sky130_fd_io/lib/slices_stubs.lib line 33, default_fanout_load is 0.0.
[STA-1140] /Users/aoxo/.ciel/ciel/sky130/versions/74c0e6b118a67d94c24172143d3bd597473fa63d/sky130A/libs.ref/sky130_fd_io/lib/sky130_ef_io__analog_stubs.lib line 18, library sky130_ef_io__analog_stubs already exists.
[STA-1173] /Users/aoxo/.ciel/ciel/sky130/versions/74c0e6b118a67d94c24172143d3bd597473fa63d/sky130A/libs.ref/sky130_fd_io/lib/sky130_ef_io__analog_stubs.lib line 43, default_fanout_load is 0.0.
[STA-1140] /Users/aoxo/.ciel/ciel/sky130/versions/74c0e6b118a67d94c24172143d3bd597473fa63d/sky130A/libs.ref/sky130_fd_sc_hd/lib/sky130_fd_sc_hd__ss_100C_1v60.lib line 1, library sky130_fd_sc_hd__ss_100C_1v60 already exists.
[STA-1140] /Users/aoxo/.ciel/ciel/sky130/versions/74c0e6b118a67d94c24172143d3bd597473fa63d/sky130A/libs.ref/sky130_fd_io/lib/sky130_ef_io__vccd_lvc_clamped_pad_ss_100C_1v60_3v00_3v00.lib line 18, library sky130_ef_io__vccd_lvc_clamped_pad_ss_100C_1v60_3v00_3v00 already exists.
[STA-1173] /Users/aoxo/.ciel/ciel/sky130/versions/74c0e6b118a67d94c24172143d3bd597473fa63d/sky130A/libs.ref/sky130_fd_io/lib/sky130_ef_io__vccd_lvc_clamped_pad_ss_100C_1v60_3v00_3v00.lib line 42, default_fanout_load is 0.0.
[STA-1140] /Users/aoxo/.ciel/ciel/sky130/versions/74c0e6b118a67d94c24172143d3bd597473fa63d/sky130A/libs.ref/sky130_fd_io/lib/sky130_ef_io__vssd_lvc_clamped_pad_ss_100C_1v60_3v00.lib line 18, library sky130_ef_io__vssd_lvc_clamped_pad_ss_100C_1v60_3v00 already exists.
[STA-1173] /Users/aoxo/.ciel/ciel/sky130/versions/74c0e6b118a67d94c24172143d3bd597473fa63d/sky130A/libs.ref/sky130_fd_io/lib/sky130_ef_io__vssd_lvc_clamped_pad_ss_100C_1v60_3v00.lib line 43, default_fanout_load is 0.0.
[STA-1140] /Users/aoxo/.ciel/ciel/sky130/versions/74c0e6b118a67d94c24172143d3bd597473fa63d/sky130A/libs.ref/sky130_fd_io/lib/sky130_ef_io__vddio_hvc_clamped_pad_ss_100C_1v60_3v00_3v00.lib line 18, library sky130_ef_io__vddio_hvc_clamped_pad_ss_100C_1v60_3v00_3v00 already exists.
[STA-1173] /Users/aoxo/.ciel/ciel/sky130/versions/74c0e6b118a67d94c24172143d3bd597473fa63d/sky130A/libs.ref/sky130_fd_io/lib/sky130_ef_io__vddio_hvc_clamped_pad_ss_100C_1v60_3v00_3v00.lib line 42, default_fanout_load is 0.0.
[STA-1140] /Users/aoxo/.ciel/ciel/sky130/versions/74c0e6b118a67d94c24172143d3bd597473fa63d/sky130A/libs.ref/sky130_fd_io/lib/sky130_ef_io__vssio_hvc_clamped_pad_ss_100C_1v60_3v00_3v00.lib line 18, library sky130_ef_io__vssio_hvc_clamped_pad_ss_100C_1v60_3v00_3v00 already exists.
[STA-1173] /Users/aoxo/.ciel/ciel/sky130/versions/74c0e6b118a67d94c24172143d3bd597473fa63d/sky130A/libs.ref/sky130_fd_io/lib/sky130_ef_io__vssio_hvc_clamped_pad_ss_100C_1v60_3v00_3v00.lib line 42, default_fanout_load is 0.0.
[STA-1140] /Users/aoxo/.ciel/ciel/sky130/versions/74c0e6b118a67d94c24172143d3bd597473fa63d/sky130A/libs.ref/sky130_fd_io/lib/sky130_ef_io__gpiov2_pad_ss_ss_100C_1v60_3v00.lib line 18, library sky130_ef_io__gpiov2_pad_ss_ss_100C_1v60_3v00 already exists.
[STA-1173] /Users/aoxo/.ciel/ciel/sky130/versions/74c0e6b118a67d94c24172143d3bd597473fa63d/sky130A/libs.ref/sky130_fd_io/lib/sky130_ef_io__gpiov2_pad_ss_ss_100C_1v60_3v00.lib line 33, default_fanout_load is 0.0.
[STA-1111] cell sky130_ef_io__gpiov2_pad_ss_ss_100C_1v60_3v00/sky130_ef_io__gpiov2_pad OUT -> PAD timing group combinational not found in cell sky130_ef_io__gpiov2_pad_tt_tt_025C_1v80_3v30/sky130_ef_io__gpiov2_pad.
[STA-1111] cell sky130_ef_io__gpiov2_pad_ss_ss_100C_1v60_3v00/sky130_ef_io__gpiov2_pad OUT -> PAD timing group combinational not found in cell sky130_ef_io__gpiov2_pad_tt_tt_025C_1v80_3v30/sky130_ef_io__gpiov2_pad.
[STA-1111] cell sky130_ef_io__gpiov2_pad_ss_ss_100C_1v60_3v00/sky130_ef_io__gpiov2_pad OUT -> PAD timing group combinational not found in cell sky130_ef_io__gpiov2_pad_tt_tt_025C_1v80_3v30/sky130_ef_io__gpiov2_pad.
[STA-1111] cell sky130_ef_io__gpiov2_pad_ss_ss_100C_1v60_3v00/sky130_ef_io__gpiov2_pad OUT -> PAD timing group combinational not found in cell sky130_ef_io__gpiov2_pad_tt_tt_025C_1v80_3v30/sky130_ef_io__gpiov2_pad.
[STA-1140] /Users/aoxo/.ciel/ciel/sky130/versions/74c0e6b118a67d94c24172143d3bd597473fa63d/sky130A/libs.ref/sky130_fd_io/lib/slices_stubs.lib line 18, library slices_stubs already exists.
[STA-1173] /Users/aoxo/.ciel/ciel/sky130/versions/74c0e6b118a67d94c24172143d3bd597473fa63d/sky130A/libs.ref/sky130_fd_io/lib/slices_stubs.lib line 33, default_fanout_load is 0.0.
[STA-1140] /Users/aoxo/.ciel/ciel/sky130/versions/74c0e6b118a67d94c24172143d3bd597473fa63d/sky130A/libs.ref/sky130_fd_io/lib/sky130_ef_io__analog_stubs.lib line 18, library sky130_ef_io__analog_stubs already exists.
[STA-1173] /Users/aoxo/.ciel/ciel/sky130/versions/74c0e6b118a67d94c24172143d3bd597473fa63d/sky130A/libs.ref/sky130_fd_io/lib/sky130_ef_io__analog_stubs.lib line 43, default_fanout_load is 0.0.
[STA-1140] /Users/aoxo/.ciel/ciel/sky130/versions/74c0e6b118a67d94c24172143d3bd597473fa63d/sky130A/libs.ref/sky130_fd_sc_hd/lib/sky130_fd_sc_hd__tt_025C_1v80.lib line 1, library sky130_fd_sc_hd__tt_025C_1v80 already exists.
[STA-1140] /Users/aoxo/.ciel/ciel/sky130/versions/74c0e6b118a67d94c24172143d3bd597473fa63d/sky130A/libs.ref/sky130_fd_io/lib/sky130_ef_io__vccd_lvc_clamped_pad_tt_025C_1v80_3v30_3v30.lib line 18, library sky130_ef_io__vccd_lvc_clamped_pad_tt_025C_1v80_3v30_3v30 already exists.
[STA-1173] /Users/aoxo/.ciel/ciel/sky130/versions/74c0e6b118a67d94c24172143d3bd597473fa63d/sky130A/libs.ref/sky130_fd_io/lib/sky130_ef_io__vccd_lvc_clamped_pad_tt_025C_1v80_3v30_3v30.lib line 42, default_fanout_load is 0.0.
[STA-1140] /Users/aoxo/.ciel/ciel/sky130/versions/74c0e6b118a67d94c24172143d3bd597473fa63d/sky130A/libs.ref/sky130_fd_io/lib/sky130_ef_io__vssd_lvc_clamped_pad_tt_025C_1v80_3v30.lib line 18, library sky130_ef_io__vssd_lvc_clamped_pad_tt_025C_1v80_3v30 already exists.
[STA-1173] /Users/aoxo/.ciel/ciel/sky130/versions/74c0e6b118a67d94c24172143d3bd597473fa63d/sky130A/libs.ref/sky130_fd_io/lib/sky130_ef_io__vssd_lvc_clamped_pad_tt_025C_1v80_3v30.lib line 43, default_fanout_load is 0.0.
[STA-1140] /Users/aoxo/.ciel/ciel/sky130/versions/74c0e6b118a67d94c24172143d3bd597473fa63d/sky130A/libs.ref/sky130_fd_io/lib/sky130_ef_io__vddio_hvc_clamped_pad_tt_025C_1v80_3v30_3v30.lib line 18, library sky130_ef_io__vddio_hvc_clamped_pad_tt_025C_1v80_3v30_3v30 already exists.
[STA-1173] /Users/aoxo/.ciel/ciel/sky130/versions/74c0e6b118a67d94c24172143d3bd597473fa63d/sky130A/libs.ref/sky130_fd_io/lib/sky130_ef_io__vddio_hvc_clamped_pad_tt_025C_1v80_3v30_3v30.lib line 42, default_fanout_load is 0.0.
[STA-1140] /Users/aoxo/.ciel/ciel/sky130/versions/74c0e6b118a67d94c24172143d3bd597473fa63d/sky130A/libs.ref/sky130_fd_io/lib/sky130_ef_io__vssio_hvc_clamped_pad_tt_025C_1v80_3v30_3v30.lib line 18, library sky130_ef_io__vssio_hvc_clamped_pad_tt_025C_1v80_3v30_3v30 already exists.
[STA-1173] /Users/aoxo/.ciel/ciel/sky130/versions/74c0e6b118a67d94c24172143d3bd597473fa63d/sky130A/libs.ref/sky130_fd_io/lib/sky130_ef_io__vssio_hvc_clamped_pad_tt_025C_1v80_3v30_3v30.lib line 42, default_fanout_load is 0.0.
[STA-1140] /Users/aoxo/.ciel/ciel/sky130/versions/74c0e6b118a67d94c24172143d3bd597473fa63d/sky130A/libs.ref/sky130_fd_io/lib/sky130_ef_io__gpiov2_pad_tt_tt_025C_1v80_3v30.lib line 18, library sky130_ef_io__gpiov2_pad_tt_tt_025C_1v80_3v30 already exists.
[STA-1173] /Users/aoxo/.ciel/ciel/sky130/versions/74c0e6b118a67d94c24172143d3bd597473fa63d/sky130A/libs.ref/sky130_fd_io/lib/sky130_ef_io__gpiov2_pad_tt_tt_025C_1v80_3v30.lib line 33, default_fanout_load is 0.0.
[STA-1140] /Users/aoxo/.ciel/ciel/sky130/versions/74c0e6b118a67d94c24172143d3bd597473fa63d/sky130A/libs.ref/sky130_fd_io/lib/slices_stubs.lib line 18, library slices_stubs already exists.
[STA-1173] /Users/aoxo/.ciel/ciel/sky130/versions/74c0e6b118a67d94c24172143d3bd597473fa63d/sky130A/libs.ref/sky130_fd_io/lib/slices_stubs.lib line 33, default_fanout_load is 0.0.
[STA-1140] /Users/aoxo/.ciel/ciel/sky130/versions/74c0e6b118a67d94c24172143d3bd597473fa63d/sky130A/libs.ref/sky130_fd_io/lib/sky130_ef_io__analog_stubs.lib line 18, library sky130_ef_io__analog_stubs already exists.
[STA-1173] /Users/aoxo/.ciel/ciel/sky130/versions/74c0e6b118a67d94c24172143d3bd597473fa63d/sky130A/libs.ref/sky130_fd_io/lib/sky130_ef_io__analog_stubs.lib line 43, default_fanout_load is 0.0.
[STA-1140] /Users/aoxo/.ciel/ciel/sky130/versions/74c0e6b118a67d94c24172143d3bd597473fa63d/sky130A/libs.ref/sky130_fd_sc_hd/lib/sky130_fd_sc_hd__ss_100C_1v60.lib line 1, library sky130_fd_sc_hd__ss_100C_1v60 already exists.
[STA-1140] /Users/aoxo/.ciel/ciel/sky130/versions/74c0e6b118a67d94c24172143d3bd597473fa63d/sky130A/libs.ref/sky130_fd_io/lib/sky130_ef_io__vccd_lvc_clamped_pad_ss_100C_1v60_3v00_3v00.lib line 18, library sky130_ef_io__vccd_lvc_clamped_pad_ss_100C_1v60_3v00_3v00 already exists.
[STA-1173] /Users/aoxo/.ciel/ciel/sky130/versions/74c0e6b118a67d94c24172143d3bd597473fa63d/sky130A/libs.ref/sky130_fd_io/lib/sky130_ef_io__vccd_lvc_clamped_pad_ss_100C_1v60_3v00_3v00.lib line 42, default_fanout_load is 0.0.
[STA-1140] /Users/aoxo/.ciel/ciel/sky130/versions/74c0e6b118a67d94c24172143d3bd597473fa63d/sky130A/libs.ref/sky130_fd_io/lib/sky130_ef_io__vssd_lvc_clamped_pad_ss_100C_1v60_3v00.lib line 18, library sky130_ef_io__vssd_lvc_clamped_pad_ss_100C_1v60_3v00 already exists.
[STA-1173] /Users/aoxo/.ciel/ciel/sky130/versions/74c0e6b118a67d94c24172143d3bd597473fa63d/sky130A/libs.ref/sky130_fd_io/lib/sky130_ef_io__vssd_lvc_clamped_pad_ss_100C_1v60_3v00.lib line 43, default_fanout_load is 0.0.
[STA-1140] /Users/aoxo/.ciel/ciel/sky130/versions/74c0e6b118a67d94c24172143d3bd597473fa63d/sky130A/libs.ref/sky130_fd_io/lib/sky130_ef_io__vddio_hvc_clamped_pad_ss_100C_1v60_3v00_3v00.lib line 18, library sky130_ef_io__vddio_hvc_clamped_pad_ss_100C_1v60_3v00_3v00 already exists.
[STA-1173] /Users/aoxo/.ciel/ciel/sky130/versions/74c0e6b118a67d94c24172143d3bd597473fa63d/sky130A/libs.ref/sky130_fd_io/lib/sky130_ef_io__vddio_hvc_clamped_pad_ss_100C_1v60_3v00_3v00.lib line 42, default_fanout_load is 0.0.
[STA-1140] /Users/aoxo/.ciel/ciel/sky130/versions/74c0e6b118a67d94c24172143d3bd597473fa63d/sky130A/libs.ref/sky130_fd_io/lib/sky130_ef_io__vssio_hvc_clamped_pad_ss_100C_1v60_3v00_3v00.lib line 18, library sky130_ef_io__vssio_hvc_clamped_pad_ss_100C_1v60_3v00_3v00 already exists.
[STA-1173] /Users/aoxo/.ciel/ciel/sky130/versions/74c0e6b118a67d94c24172143d3bd597473fa63d/sky130A/libs.ref/sky130_fd_io/lib/sky130_ef_io__vssio_hvc_clamped_pad_ss_100C_1v60_3v00_3v00.lib line 42, default_fanout_load is 0.0.
[STA-1140] /Users/aoxo/.ciel/ciel/sky130/versions/74c0e6b118a67d94c24172143d3bd597473fa63d/sky130A/libs.ref/sky130_fd_io/lib/sky130_ef_io__gpiov2_pad_ss_ss_100C_1v60_3v00.lib line 18, library sky130_ef_io__gpiov2_pad_ss_ss_100C_1v60_3v00 already exists.
[STA-1173] /Users/aoxo/.ciel/ciel/sky130/versions/74c0e6b118a67d94c24172143d3bd597473fa63d/sky130A/libs.ref/sky130_fd_io/lib/sky130_ef_io__gpiov2_pad_ss_ss_100C_1v60_3v00.lib line 33, default_fanout_load is 0.0.
[STA-1111] cell sky130_ef_io__gpiov2_pad_ss_ss_100C_1v60_3v00/sky130_ef_io__gpiov2_pad OUT -> PAD timing group combinational not found in cell sky130_ef_io__gpiov2_pad_tt_tt_025C_1v80_3v30/sky130_ef_io__gpiov2_pad.
[STA-1111] cell sky130_ef_io__gpiov2_pad_ss_ss_100C_1v60_3v00/sky130_ef_io__gpiov2_pad OUT -> PAD timing group combinational not found in cell sky130_ef_io__gpiov2_pad_tt_tt_025C_1v80_3v30/sky130_ef_io__gpiov2_pad.
[STA-1111] cell sky130_ef_io__gpiov2_pad_ss_ss_100C_1v60_3v00/sky130_ef_io__gpiov2_pad OUT -> PAD timing group combinational not found in cell sky130_ef_io__gpiov2_pad_tt_tt_025C_1v80_3v30/sky130_ef_io__gpiov2_pad.
[STA-1111] cell sky130_ef_io__gpiov2_pad_ss_ss_100C_1v60_3v00/sky130_ef_io__gpiov2_pad OUT -> PAD timing group combinational not found in cell sky130_ef_io__gpiov2_pad_tt_tt_025C_1v80_3v30/sky130_ef_io__gpiov2_pad.
[STA-1140] /Users/aoxo/.ciel/ciel/sky130/versions/74c0e6b118a67d94c24172143d3bd597473fa63d/sky130A/libs.ref/sky130_fd_io/lib/slices_stubs.lib line 18, library slices_stubs already exists.
[STA-1173] /Users/aoxo/.ciel/ciel/sky130/versions/74c0e6b118a67d94c24172143d3bd597473fa63d/sky130A/libs.ref/sky130_fd_io/lib/slices_stubs.lib line 33, default_fanout_load is 0.0.
[STA-1140] /Users/aoxo/.ciel/ciel/sky130/versions/74c0e6b118a67d94c24172143d3bd597473fa63d/sky130A/libs.ref/sky130_fd_io/lib/sky130_ef_io__analog_stubs.lib line 18, library sky130_ef_io__analog_stubs already exists.
[STA-1173] /Users/aoxo/.ciel/ciel/sky130/versions/74c0e6b118a67d94c24172143d3bd597473fa63d/sky130A/libs.ref/sky130_fd_io/lib/sky130_ef_io__analog_stubs.lib line 43, default_fanout_load is 0.0.
[STA-1140] /Users/aoxo/.ciel/ciel/sky130/versions/74c0e6b118a67d94c24172143d3bd597473fa63d/sky130A/libs.ref/sky130_fd_sc_hd/lib/sky130_fd_sc_hd__ff_n40C_1v95.lib line 1, library sky130_fd_sc_hd__ff_n40C_1v95 already exists.
[STA-1140] /Users/aoxo/.ciel/ciel/sky130/versions/74c0e6b118a67d94c24172143d3bd597473fa63d/sky130A/libs.ref/sky130_fd_io/lib/sky130_ef_io__vccd_lvc_clamped_pad_ff_n40C_1v95_5v50_5v50.lib line 18, library sky130_ef_io__vccd_lvc_clamped_pad_ff_n40C_1v95_5v50_5v50 already exists.
[STA-1173] /Users/aoxo/.ciel/ciel/sky130/versions/74c0e6b118a67d94c24172143d3bd597473fa63d/sky130A/libs.ref/sky130_fd_io/lib/sky130_ef_io__vccd_lvc_clamped_pad_ff_n40C_1v95_5v50_5v50.lib line 42, default_fanout_load is 0.0.
[STA-1140] /Users/aoxo/.ciel/ciel/sky130/versions/74c0e6b118a67d94c24172143d3bd597473fa63d/sky130A/libs.ref/sky130_fd_io/lib/sky130_ef_io__vssd_lvc_clamped_pad_ff_n40C_1v95_5v50.lib line 18, library sky130_ef_io__vssd_lvc_clamped_pad_ff_n40C_1v95_5v50 already exists.
[STA-1173] /Users/aoxo/.ciel/ciel/sky130/versions/74c0e6b118a67d94c24172143d3bd597473fa63d/sky130A/libs.ref/sky130_fd_io/lib/sky130_ef_io__vssd_lvc_clamped_pad_ff_n40C_1v95_5v50.lib line 43, default_fanout_load is 0.0.
[STA-1140] /Users/aoxo/.ciel/ciel/sky130/versions/74c0e6b118a67d94c24172143d3bd597473fa63d/sky130A/libs.ref/sky130_fd_io/lib/sky130_ef_io__vddio_hvc_clamped_pad_ff_n40C_1v95_5v50_5v50.lib line 18, library sky130_ef_io__vddio_hvc_clamped_pad_ff_n40C_1v95_5v50_5v50 already exists.
[STA-1173] /Users/aoxo/.ciel/ciel/sky130/versions/74c0e6b118a67d94c24172143d3bd597473fa63d/sky130A/libs.ref/sky130_fd_io/lib/sky130_ef_io__vddio_hvc_clamped_pad_ff_n40C_1v95_5v50_5v50.lib line 42, default_fanout_load is 0.0.
[STA-1140] /Users/aoxo/.ciel/ciel/sky130/versions/74c0e6b118a67d94c24172143d3bd597473fa63d/sky130A/libs.ref/sky130_fd_io/lib/sky130_ef_io__vssio_hvc_clamped_pad_ff_n40C_1v95_5v50_5v50.lib line 18, library sky130_ef_io__vssio_hvc_clamped_pad_ff_n40C_1v95_5v50_5v50 already exists.
[STA-1173] /Users/aoxo/.ciel/ciel/sky130/versions/74c0e6b118a67d94c24172143d3bd597473fa63d/sky130A/libs.ref/sky130_fd_io/lib/sky130_ef_io__vssio_hvc_clamped_pad_ff_n40C_1v95_5v50_5v50.lib line 42, default_fanout_load is 0.0.
[STA-1140] /Users/aoxo/.ciel/ciel/sky130/versions/74c0e6b118a67d94c24172143d3bd597473fa63d/sky130A/libs.ref/sky130_fd_io/lib/sky130_ef_io__gpiov2_pad_ff_ff_n40C_1v95_5v50.lib line 18, library sky130_ef_io__gpiov2_pad_ff_ff_n40C_1v95_5v50 already exists.
[STA-1173] /Users/aoxo/.ciel/ciel/sky130/versions/74c0e6b118a67d94c24172143d3bd597473fa63d/sky130A/libs.ref/sky130_fd_io/lib/sky130_ef_io__gpiov2_pad_ff_ff_n40C_1v95_5v50.lib line 33, default_fanout_load is 0.0.
[STA-1140] /Users/aoxo/.ciel/ciel/sky130/versions/74c0e6b118a67d94c24172143d3bd597473fa63d/sky130A/libs.ref/sky130_fd_io/lib/slices_stubs.lib line 18, library slices_stubs already exists.
[STA-1173] /Users/aoxo/.ciel/ciel/sky130/versions/74c0e6b118a67d94c24172143d3bd597473fa63d/sky130A/libs.ref/sky130_fd_io/lib/slices_stubs.lib line 33, default_fanout_load is 0.0.
[STA-1140] /Users/aoxo/.ciel/ciel/sky130/versions/74c0e6b118a67d94c24172143d3bd597473fa63d/sky130A/libs.ref/sky130_fd_io/lib/sky130_ef_io__analog_stubs.lib line 18, library sky130_ef_io__analog_stubs already exists.
[STA-1173] /Users/aoxo/.ciel/ciel/sky130/versions/74c0e6b118a67d94c24172143d3bd597473fa63d/sky130A/libs.ref/sky130_fd_io/lib/sky130_ef_io__analog_stubs.lib line 43, default_fanout_load is 0.0.
[ORD-2056] The following 18 liberty cell(s) do not have LEF masters and will be marked as dont-use:
[EST-0026] Missing route to pin _2134_/B1 in net _0000_.
[EST-0026] Missing route to pin _2164_/B1 in net _0000_.
[EST-0026] Missing route to pin _2202_/B1 in net _0000_.
[EST-0026] Missing route to pin _2235_/B1 in net _0000_.
[EST-0026] Missing route to pin _2265_/B1 in net _0000_.
[EST-0026] Missing route to pin _2290_/B1 in net _0000_.
[EST-0026] Missing route to pin _2313_/B in net _0000_.
[EST-0026] Missing route to pin place211/A in net _0000_.
[EST-0026] Missing route to pin _2620_/COUT in net _0000_.
[EST-0026] Missing route to pin _2134_/B1 in net _0000_.
[EST-0026] Missing route to pin _2164_/B1 in net _0000_.
[EST-0026] Missing route to pin _2202_/B1 in net _0000_.
[EST-0026] Missing route to pin _2235_/B1 in net _0000_.
[EST-0026] Missing route to pin _2265_/B1 in net _0000_.
[EST-0026] Missing route to pin _2290_/B1 in net _0000_.
[EST-0026] Missing route to pin _2313_/B in net _0000_.
[EST-0026] Missing route to pin place211/A in net _0000_.
[EST-0026] Missing route to pin _2620_/COUT in net _0000_.
[EST-0026] Missing route to pin _2134_/B1 in net _0000_.
[EST-0026] Missing route to pin _2164_/B1 in net _0000_.
[EST-0026] Missing route to pin _2202_/B1 in net _0000_.
[EST-0026] Missing route to pin _2235_/B1 in net _0000_.
[EST-0026] Missing route to pin _2265_/B1 in net _0000_.
[EST-0026] Missing route to pin _2290_/B1 in net _0000_.
[EST-0026] Missing route to pin _2313_/B in net _0000_.
[EST-0026] Missing route to pin place211/A in net _0000_.
[EST-0026] Missing route to pin _2620_/COUT in net _0000_.
[EST-0026] Missing route to pin _2134_/B1 in net _0000_.
[EST-0026] Missing route to pin _2164_/B1 in net _0000_.
[EST-0026] Missing route to pin _2202_/B1 in net _0000_.
[EST-0026] Missing route to pin _2235_/B1 in net _0000_.
[EST-0026] Missing route to pin _2265_/B1 in net _0000_.
[EST-0026] Missing route to pin _2290_/B1 in net _0000_.
[EST-0026] Missing route to pin _2313_/B in net _0000_.
[EST-0026] Missing route to pin place211/A in net _0000_.
[EST-0026] Missing route to pin _2620_/COUT in net _0000_.
[EST-0026] Missing route to pin _2134_/B1 in net _0000_.
[EST-0026] Missing route to pin _2164_/B1 in net _0000_.
[EST-0026] Missing route to pin _2202_/B1 in net _0000_.
[EST-0026] Missing route to pin _2235_/B1 in net _0000_.
[EST-0026] Missing route to pin _2265_/B1 in net _0000_.
[EST-0026] Missing route to pin _2290_/B1 in net _0000_.
[EST-0026] Missing route to pin _2313_/B in net _0000_.
[EST-0026] Missing route to pin place211/A in net _0000_.
[EST-0026] Missing route to pin _2620_/COUT in net _0000_.
[EST-0026] Missing route to pin _2134_/B1 in net _0000_.
[EST-0026] Missing route to pin _2164_/B1 in net _0000_.
[EST-0026] Missing route to pin _2202_/B1 in net _0000_.
[EST-0026] Missing route to pin _2235_/B1 in net _0000_.
[EST-0026] Missing route to pin _2265_/B1 in net _0000_.
[EST-0026] Missing route to pin _2290_/B1 in net _0000_.
[EST-0026] Missing route to pin _2313_/B in net _0000_.
[EST-0026] Missing route to pin place211/A in net _0000_.
[EST-0026] Missing route to pin _2620_/COUT in net _0000_.
[EST-0026] Missing route to pin _2134_/B1 in net _0000_.
[EST-0026] Missing route to pin _2164_/B1 in net _0000_.
[EST-0026] Missing route to pin _2202_/B1 in net _0000_.
[EST-0026] Missing route to pin _2235_/B1 in net _0000_.
[EST-0026] Missing route to pin _2265_/B1 in net _0000_.
[EST-0026] Missing route to pin _2290_/B1 in net _0000_.
[EST-0026] Missing route to pin _2313_/B in net _0000_.
[EST-0026] Missing route to pin place211/A in net _0000_.
[EST-0026] Missing route to pin _2620_/COUT in net _0000_.
[EST-0026] Missing route to pin _2134_/B1 in net _0000_.
[EST-0026] Missing route to pin _2164_/B1 in net _0000_.
[EST-0026] Missing route to pin _2202_/B1 in net _0000_.
[EST-0026] Missing route to pin _2235_/B1 in net _0000_.
[EST-0026] Missing route to pin _2265_/B1 in net _0000_.
[EST-0026] Missing route to pin _2290_/B1 in net _0000_.
[EST-0026] Missing route to pin _2313_/B in net _0000_.
[EST-0026] Missing route to pin place211/A in net _0000_.
[EST-0026] Missing route to pin _2620_/COUT in net _0000_.
[EST-0026] Missing route to pin _2134_/B1 in net _0000_.
[EST-0026] Missing route to pin _2164_/B1 in net _0000_.
[EST-0026] Missing route to pin _2202_/B1 in net _0000_.
[EST-0026] Missing route to pin _2235_/B1 in net _0000_.
[EST-0026] Missing route to pin _2265_/B1 in net _0000_.
[EST-0026] Missing route to pin _2290_/B1 in net _0000_.
[EST-0026] Missing route to pin _2313_/B in net _0000_.
[EST-0026] Missing route to pin place211/A in net _0000_.
[EST-0026] Missing route to pin _2620_/COUT in net _0000_.
[EST-0026] Missing route to pin place210/A in net _0001_.
[EST-0026] Missing route to pin place209/A in net _0001_.
[EST-0026] Missing route to pin _2057_/A2 in net _0001_.
[EST-0026] Missing route to pin _2095_/A2 in net _0001_.
[EST-0026] Missing route to pin _2620_/SUM in net _0001_.
[EST-0026] Missing route to pin place210/A in net _0001_.
[EST-0026] Missing route to pin place209/A in net _0001_.
[EST-0026] Missing route to pin _2057_/A2 in net _0001_.
[EST-0026] Missing route to pin _2095_/A2 in net _0001_.
[EST-0026] Missing route to pin _2620_/SUM in net _0001_.
[EST-0026] Missing route to pin place210/A in net _0001_.
[EST-0026] Missing route to pin place209/A in net _0001_.
[EST-0026] Missing route to pin _2057_/A2 in net _0001_.
[EST-0026] Missing route to pin _2095_/A2 in net _0001_.
[EST-0026] Missing route to pin _2620_/SUM in net _0001_.
[EST-0026] Missing route to pin place210/A in net _0001_.
[EST-0026] Missing route to pin place209/A in net _0001_.
[EST-0026] Missing route to pin _2057_/A2 in net _0001_.
[EST-0026] Missing route to pin _2095_/A2 in net _0001_.
[EST-0026] Missing route to pin _2620_/SUM in net _0001_.
[EST-0026] Missing route to pin place210/A in net _0001_.
[EST-0026] Missing route to pin place209/A in net _0001_.
[EST-0026] Missing route to pin _2057_/A2 in net _0001_.
[EST-0026] Missing route to pin _2095_/A2 in net _0001_.
[EST-0026] Missing route to pin _2620_/SUM in net _0001_.
[EST-0026] Missing route to pin place210/A in net _0001_.
[EST-0026] Missing route to pin place209/A in net _0001_.
[EST-0026] Missing route to pin _2057_/A2 in net _0001_.
[EST-0026] Missing route to pin _2095_/A2 in net _0001_.
[EST-0026] Missing route to pin _2620_/SUM in net _0001_.
[EST-0026] Missing route to pin place210/A in net _0001_.
[EST-0026] Missing route to pin place209/A in net _0001_.
[EST-0026] Missing route to pin _2057_/A2 in net _0001_.
[EST-0026] Missing route to pin _2095_/A2 in net _0001_.
[EST-0026] Missing route to pin _2620_/SUM in net _0001_.
[EST-0026] Missing route to pin place210/A in net _0001_.
[EST-0026] Missing route to pin place209/A in net _0001_.
[EST-0026] Missing route to pin _2057_/A2 in net _0001_.
[EST-0026] Missing route to pin _2095_/A2 in net _0001_.
[EST-0026] Missing route to pin _2620_/SUM in net _0001_.
[EST-0026] Missing route to pin place210/A in net _0001_.
[EST-0026] Missing route to pin place209/A in net _0001_.
[EST-0026] Missing route to pin _2057_/A2 in net _0001_.
[EST-0026] Missing route to pin _2095_/A2 in net _0001_.
[EST-0026] Missing route to pin _2620_/SUM in net _0001_.
[EST-0026] Missing route to pin _2612_/A in net _0002_.
[EST-0026] Missing route to pin _1306_/Y in net _0002_.
[EST-0026] Missing route to pin _2612_/A in net _0002_.
[EST-0026] Missing route to pin _1306_/Y in net _0002_.
[EST-0026] Missing route to pin _2612_/A in net _0002_.
[EST-0026] Missing route to pin _1306_/Y in net _0002_.
[EST-0026] Missing route to pin _2612_/A in net _0002_.
[EST-0026] Missing route to pin _1306_/Y in net _0002_.
[EST-0026] Missing route to pin _2612_/A in net _0002_.
[EST-0026] Missing route to pin _1306_/Y in net _0002_.
[EST-0026] Missing route to pin _2612_/A in net _0002_.
[EST-0026] Missing route to pin _1306_/Y in net _0002_.
[EST-0026] Missing route to pin _2612_/A in net _0002_.
[EST-0026] Missing route to pin _1306_/Y in net _0002_.
[EST-0026] Missing route to pin _2612_/A in net _0002_.
[EST-0026] Missing route to pin _1306_/Y in net _0002_.
[EST-0026] Missing route to pin _2612_/A in net _0002_.
[EST-0026] Missing route to pin _1306_/Y in net _0002_.
[EST-0026] Missing route to pin _1628_/B2 in net _0003_.
[EST-0026] Missing route to pin _1646_/B2 in net _0003_.
[EST-0026] Missing route to pin _1672_/B2 in net _0003_.
[EST-0026] Missing route to pin _1692_/B2 in net _0003_.
[EST-0026] Missing route to pin _1700_/B2 in net _0003_.
[EST-0026] Missing route to pin place203/A in net _0003_.
[EST-0026] Missing route to pin _2621_/COUT in net _0003_.
[EST-0026] Missing route to pin _1628_/B2 in net _0003_.
[EST-0026] Missing route to pin _1646_/B2 in net _0003_.
[EST-0026] Missing route to pin _1672_/B2 in net _0003_.
[EST-0026] Missing route to pin _1692_/B2 in net _0003_.
[EST-0026] Missing route to pin _1700_/B2 in net _0003_.
[EST-0026] Missing route to pin place203/A in net _0003_.
[EST-0026] Missing route to pin _2621_/COUT in net _0003_.
[EST-0026] Missing route to pin _1628_/B2 in net _0003_.
[EST-0026] Missing route to pin _1646_/B2 in net _0003_.
[EST-0026] Missing route to pin _1672_/B2 in net _0003_.
[EST-0026] Missing route to pin _1692_/B2 in net _0003_.
[EST-0026] Missing route to pin _1700_/B2 in net _0003_.
[EST-0026] Missing route to pin place203/A in net _0003_.
[EST-0026] Missing route to pin _2621_/COUT in net _0003_.
[EST-0026] Missing route to pin _1628_/B2 in net _0003_.
[EST-0026] Missing route to pin _1646_/B2 in net _0003_.
[EST-0026] Missing route to pin _1672_/B2 in net _0003_.
[EST-0026] Missing route to pin _1692_/B2 in net _0003_.
[EST-0026] Missing route to pin _1700_/B2 in net _0003_.
[EST-0026] Missing route to pin place203/A in net _0003_.
[EST-0026] Missing route to pin _2621_/COUT in net _0003_.
[EST-0026] Missing route to pin _1628_/B2 in net _0003_.
[EST-0026] Missing route to pin _1646_/B2 in net _0003_.
[EST-0026] Missing route to pin _1672_/B2 in net _0003_.
[EST-0026] Missing route to pin _1692_/B2 in net _0003_.
[EST-0026] Missing route to pin _1700_/B2 in net _0003_.
[EST-0026] Missing route to pin place203/A in net _0003_.
[EST-0026] Missing route to pin _2621_/COUT in net _0003_.
[EST-0026] Missing route to pin _1628_/B2 in net _0003_.
[EST-0026] Missing route to pin _1646_/B2 in net _0003_.
[EST-0026] Missing route to pin _1672_/B2 in net _0003_.
[EST-0026] Missing route to pin _1692_/B2 in net _0003_.
[EST-0026] Missing route to pin _1700_/B2 in net _0003_.
[EST-0026] Missing route to pin place203/A in net _0003_.
[EST-0026] Missing route to pin _2621_/COUT in net _0003_.
[EST-0026] Missing route to pin _1628_/B2 in net _0003_.
[EST-0026] Missing route to pin _1646_/B2 in net _0003_.
[EST-0026] Missing route to pin _1672_/B2 in net _0003_.
[EST-0026] Missing route to pin _1692_/B2 in net _0003_.
[EST-0026] Missing route to pin _1700_/B2 in net _0003_.
[EST-0026] Missing route to pin place203/A in net _0003_.
[EST-0026] Missing route to pin _2621_/COUT in net _0003_.
[EST-0026] Missing route to pin _1628_/B2 in net _0003_.
[EST-0026] Missing route to pin _1646_/B2 in net _0003_.
[EST-0026] Missing route to pin _1672_/B2 in net _0003_.
[EST-0026] Missing route to pin _1692_/B2 in net _0003_.
[EST-0026] Missing route to pin _1700_/B2 in net _0003_.
[EST-0026] Missing route to pin place203/A in net _0003_.
[EST-0026] Missing route to pin _2621_/COUT in net _0003_.
[EST-0026] Missing route to pin _1628_/B2 in net _0003_.
[EST-0026] Missing route to pin _1646_/B2 in net _0003_.
[EST-0026] Missing route to pin _1672_/B2 in net _0003_.
[EST-0026] Missing route to pin _1692_/B2 in net _0003_.
[EST-0026] Missing route to pin _1700_/B2 in net _0003_.
[EST-0026] Missing route to pin place203/A in net _0003_.
[EST-0026] Missing route to pin _2621_/COUT in net _0003_.
[EST-0026] Missing route to pin hold553/A in net _0005_.
[EST-0026] Missing route to pin _1347_/X in net _0005_.
[EST-0026] Missing route to pin hold553/A in net _0005_.
[EST-0026] Missing route to pin _1347_/X in net _0005_.
[EST-0026] Missing route to pin hold553/A in net _0005_.
[EST-0026] Missing route to pin _1347_/X in net _0005_.
[EST-0026] Missing route to pin hold553/A in net _0005_.
[EST-0026] Missing route to pin _1347_/X in net _0005_.
[EST-0026] Missing route to pin hold553/A in net _0005_.
[EST-0026] Missing route to pin _1347_/X in net _0005_.
[EST-0026] Missing route to pin hold553/A in net _0005_.
[EST-0026] Missing route to pin _1347_/X in net _0005_.
[EST-0026] Missing route to pin hold553/A in net _0005_.
[EST-0026] Missing route to pin _1347_/X in net _0005_.
[EST-0026] Missing route to pin hold553/A in net _0005_.
[EST-0026] Missing route to pin _1347_/X in net _0005_.
[EST-0026] Missing route to pin hold553/A in net _0005_.
[EST-0026] Missing route to pin _1347_/X in net _0005_.
[EST-0026] Missing route to pin hold585/A in net _0007_.
[EST-0026] Missing route to pin _1354_/X in net _0007_.
[EST-0026] Missing route to pin hold585/A in net _0007_.
[EST-0026] Missing route to pin _1354_/X in net _0007_.
[EST-0026] Missing route to pin hold585/A in net _0007_.
[EST-0026] Missing route to pin _1354_/X in net _0007_.
[EST-0026] Missing route to pin hold585/A in net _0007_.
[EST-0026] Missing route to pin _1354_/X in net _0007_.
[EST-0026] Missing route to pin hold585/A in net _0007_.
[EST-0026] Missing route to pin _1354_/X in net _0007_.
[EST-0026] Missing route to pin hold585/A in net _0007_.
[EST-0026] Missing route to pin _1354_/X in net _0007_.
[EST-0026] Missing route to pin hold585/A in net _0007_.
[EST-0026] Missing route to pin _1354_/X in net _0007_.
[EST-0026] Missing route to pin hold585/A in net _0007_.
[EST-0026] Missing route to pin _1354_/X in net _0007_.
[EST-0026] Missing route to pin hold585/A in net _0007_.
[EST-0026] Missing route to pin _1354_/X in net _0007_.
[EST-0026] Missing route to pin _2664_/D in net _0009_.
[EST-0026] Missing route to pin _1358_/X in net _0009_.
[EST-0026] Missing route to pin _2664_/D in net _0009_.
[EST-0026] Missing route to pin _1358_/X in net _0009_.
[EST-0026] Missing route to pin _2664_/D in net _0009_.
[EST-0026] Missing route to pin _1358_/X in net _0009_.
[EST-0026] Missing route to pin _2664_/D in net _0009_.
[EST-0026] Missing route to pin _1358_/X in net _0009_.
[EST-0026] Missing route to pin _2664_/D in net _0009_.
[EST-0026] Missing route to pin _1358_/X in net _0009_.
[EST-0026] Missing route to pin _2664_/D in net _0009_.
[EST-0026] Missing route to pin _1358_/X in net _0009_.
[EST-0026] Missing route to pin _2664_/D in net _0009_.
[EST-0026] Missing route to pin _1358_/X in net _0009_.
[EST-0026] Missing route to pin _2664_/D in net _0009_.
[EST-0026] Missing route to pin _1358_/X in net _0009_.
[EST-0026] Missing route to pin _2664_/D in net _0009_.
[EST-0026] Missing route to pin _1358_/X in net _0009_.
[EST-0026] Missing route to pin hold548/A in net _0010_.
[EST-0026] Missing route to pin _1360_/X in net _0010_.
[EST-0026] Missing route to pin hold548/A in net _0010_.
[EST-0026] Missing route to pin _1360_/X in net _0010_.
[EST-0026] Missing route to pin hold548/A in net _0010_.
[EST-0026] Missing route to pin _1360_/X in net _0010_.
[EST-0026] Missing route to pin hold548/A in net _0010_.
[EST-0026] Missing route to pin _1360_/X in net _0010_.
[EST-0026] Missing route to pin hold548/A in net _0010_.
[EST-0026] Missing route to pin _1360_/X in net _0010_.
[EST-0026] Missing route to pin hold548/A in net _0010_.
[EST-0026] Missing route to pin _1360_/X in net _0010_.
[EST-0026] Missing route to pin hold548/A in net _0010_.
[EST-0026] Missing route to pin _1360_/X in net _0010_.
[EST-0026] Missing route to pin hold548/A in net _0010_.
[EST-0026] Missing route to pin _1360_/X in net _0010_.
[EST-0026] Missing route to pin hold548/A in net _0010_.
[EST-0026] Missing route to pin _1360_/X in net _0010_.
[EST-0026] Missing route to pin hold535/A in net _0013_.
[EST-0026] Missing route to pin _1366_/X in net _0013_.
[EST-0026] Missing route to pin hold535/A in net _0013_.
[EST-0026] Missing route to pin _1366_/X in net _0013_.
[EST-0026] Missing route to pin hold535/A in net _0013_.
[EST-0026] Missing route to pin _1366_/X in net _0013_.
[EST-0026] Missing route to pin hold535/A in net _0013_.
[EST-0026] Missing route to pin _1366_/X in net _0013_.
[EST-0026] Missing route to pin hold535/A in net _0013_.
[EST-0026] Missing route to pin _1366_/X in net _0013_.
[EST-0026] Missing route to pin hold535/A in net _0013_.
[EST-0026] Missing route to pin _1366_/X in net _0013_.
[EST-0026] Missing route to pin hold535/A in net _0013_.
[EST-0026] Missing route to pin _1366_/X in net _0013_.
[EST-0026] Missing route to pin hold535/A in net _0013_.
[EST-0026] Missing route to pin _1366_/X in net _0013_.
[EST-0026] Missing route to pin hold535/A in net _0013_.
[EST-0026] Missing route to pin _1366_/X in net _0013_.
[EST-0026] Missing route to pin _2669_/D in net _0014_.
[EST-0026] Missing route to pin _1368_/X in net _0014_.
[EST-0026] Missing route to pin _2669_/D in net _0014_.
[EST-0026] Missing route to pin _1368_/X in net _0014_.
[EST-0026] Missing route to pin _2669_/D in net _0014_.
[EST-0026] Missing route to pin _1368_/X in net _0014_.
[EST-0026] Missing route to pin _2669_/D in net _0014_.
[EST-0026] Missing route to pin _1368_/X in net _0014_.
[EST-0026] Missing route to pin _2669_/D in net _0014_.
[EST-0026] Missing route to pin _1368_/X in net _0014_.
[EST-0026] Missing route to pin _2669_/D in net _0014_.
[EST-0026] Missing route to pin _1368_/X in net _0014_.
[EST-0026] Missing route to pin _2669_/D in net _0014_.
[EST-0026] Missing route to pin _1368_/X in net _0014_.
[EST-0026] Missing route to pin _2669_/D in net _0014_.
[EST-0026] Missing route to pin _1368_/X in net _0014_.
[EST-0026] Missing route to pin _2669_/D in net _0014_.
[EST-0026] Missing route to pin _1368_/X in net _0014_.
[EST-0026] Missing route to pin _2671_/D in net _0016_.
[EST-0026] Missing route to pin _1796_/Y in net _0016_.
[EST-0026] Missing route to pin _2671_/D in net _0016_.
[EST-0026] Missing route to pin _1796_/Y in net _0016_.
[EST-0026] Missing route to pin _2671_/D in net _0016_.
[EST-0026] Missing route to pin _1796_/Y in net _0016_.
[EST-0026] Missing route to pin _2671_/D in net _0016_.
[EST-0026] Missing route to pin _1796_/Y in net _0016_.
[EST-0026] Missing route to pin _2671_/D in net _0016_.
[EST-0026] Missing route to pin _1796_/Y in net _0016_.
[EST-0026] Missing route to pin _2671_/D in net _0016_.
[EST-0026] Missing route to pin _1796_/Y in net _0016_.
[EST-0026] Missing route to pin _2671_/D in net _0016_.
[EST-0026] Missing route to pin _1796_/Y in net _0016_.
[EST-0026] Missing route to pin _2671_/D in net _0016_.
[EST-0026] Missing route to pin _1796_/Y in net _0016_.
[EST-0026] Missing route to pin _2671_/D in net _0016_.
[EST-0026] Missing route to pin _1796_/Y in net _0016_.
[EST-0026] Missing route to pin _2672_/D in net _0017_.
[EST-0026] Missing route to pin _1848_/Y in net _0017_.
[EST-0026] Missing route to pin _2672_/D in net _0017_.
[EST-0026] Missing route to pin _1848_/Y in net _0017_.
[EST-0026] Missing route to pin _2672_/D in net _0017_.
[EST-0026] Missing route to pin _1848_/Y in net _0017_.
[EST-0026] Missing route to pin _2672_/D in net _0017_.
[EST-0026] Missing route to pin _1848_/Y in net _0017_.
[EST-0026] Missing route to pin _2672_/D in net _0017_.
[EST-0026] Missing route to pin _1848_/Y in net _0017_.
[EST-0026] Missing route to pin _2672_/D in net _0017_.
[EST-0026] Missing route to pin _1848_/Y in net _0017_.
[EST-0026] Missing route to pin _2672_/D in net _0017_.
[EST-0026] Missing route to pin _1848_/Y in net _0017_.
[EST-0026] Missing route to pin _2672_/D in net _0017_.
[EST-0026] Missing route to pin _1848_/Y in net _0017_.
[EST-0026] Missing route to pin _2672_/D in net _0017_.
[EST-0026] Missing route to pin _1848_/Y in net _0017_.
[EST-0026] Missing route to pin _2673_/D in net _0018_.
[EST-0026] Missing route to pin _1903_/Y in net _0018_.
[EST-0026] Missing route to pin _2673_/D in net _0018_.
[EST-0026] Missing route to pin _1903_/Y in net _0018_.
[EST-0026] Missing route to pin _2673_/D in net _0018_.
[EST-0026] Missing route to pin _1903_/Y in net _0018_.
[EST-0026] Missing route to pin _2673_/D in net _0018_.
[EST-0026] Missing route to pin _1903_/Y in net _0018_.
[EST-0026] Missing route to pin _2673_/D in net _0018_.
[EST-0026] Missing route to pin _1903_/Y in net _0018_.
[EST-0026] Missing route to pin _2673_/D in net _0018_.
[EST-0026] Missing route to pin _1903_/Y in net _0018_.
[EST-0026] Missing route to pin _2673_/D in net _0018_.
[EST-0026] Missing route to pin _1903_/Y in net _0018_.
[EST-0026] Missing route to pin _2673_/D in net _0018_.
[EST-0026] Missing route to pin _1903_/Y in net _0018_.
[EST-0026] Missing route to pin _2673_/D in net _0018_.
[EST-0026] Missing route to pin _1903_/Y in net _0018_.
[EST-0026] Missing route to pin _2674_/D in net _0019_.
[EST-0026] Missing route to pin _1951_/Y in net _0019_.
[EST-0026] Missing route to pin _2674_/D in net _0019_.
[EST-0026] Missing route to pin _1951_/Y in net _0019_.
[EST-0026] Missing route to pin _2674_/D in net _0019_.
[EST-0026] Missing route to pin _1951_/Y in net _0019_.
[EST-0026] Missing route to pin _2674_/D in net _0019_.
[EST-0026] Missing route to pin _1951_/Y in net _0019_.
[EST-0026] Missing route to pin _2674_/D in net _0019_.
[EST-0026] Missing route to pin _1951_/Y in net _0019_.
[EST-0026] Missing route to pin _2674_/D in net _0019_.
[EST-0026] Missing route to pin _1951_/Y in net _0019_.
[EST-0026] Missing route to pin _2674_/D in net _0019_.
[EST-0026] Missing route to pin _1951_/Y in net _0019_.
[EST-0026] Missing route to pin _2674_/D in net _0019_.
[EST-0026] Missing route to pin _1951_/Y in net _0019_.
[EST-0026] Missing route to pin _2674_/D in net _0019_.
[EST-0026] Missing route to pin _1951_/Y in net _0019_.
[EST-0026] Missing route to pin place202/A in net net203.
[EST-0026] Missing route to pin _1727_/B in net net203.
[EST-0026] Missing route to pin _1710_/B2 in net net203.
[EST-0026] Missing route to pin _1600_/B2 in net net203.
[EST-0026] Missing route to pin _1478_/B2 in net net203.
[EST-0026] Missing route to pin _1377_/B2 in net net203.
[EST-0026] Missing route to pin place203/X in net net203.
[EST-0026] Missing route to pin place202/A in net net203.
[EST-0026] Missing route to pin _1727_/B in net net203.
[EST-0026] Missing route to pin _1710_/B2 in net net203.
[EST-0026] Missing route to pin _1600_/B2 in net net203.
[EST-0026] Missing route to pin _1478_/B2 in net net203.
[EST-0026] Missing route to pin _1377_/B2 in net net203.
[EST-0026] Missing route to pin place203/X in net net203.
[EST-0026] Missing route to pin place202/A in net net203.
[EST-0026] Missing route to pin _1727_/B in net net203.
[EST-0026] Missing route to pin _1710_/B2 in net net203.
[EST-0026] Missing route to pin _1600_/B2 in net net203.
[EST-0026] Missing route to pin _1478_/B2 in net net203.
[EST-0026] Missing route to pin _1377_/B2 in net net203.
[EST-0026] Missing route to pin place203/X in net net203.
[EST-0026] Missing route to pin place202/A in net net203.
[EST-0026] Missing route to pin _1727_/B in net net203.
[EST-0026] Missing route to pin _1710_/B2 in net net203.
[EST-0026] Missing route to pin _1600_/B2 in net net203.
[EST-0026] Missing route to pin _1478_/B2 in net net203.
[EST-0026] Missing route to pin _1377_/B2 in net net203.
[EST-0026] Missing route to pin place203/X in net net203.
[EST-0026] Missing route to pin place202/A in net net203.
[EST-0026] Missing route to pin _1727_/B in net net203.
[EST-0026] Missing route to pin _1710_/B2 in net net203.
[EST-0026] Missing route to pin _1600_/B2 in net net203.
[EST-0026] Missing route to pin _1478_/B2 in net net203.
[EST-0026] Missing route to pin _1377_/B2 in net net203.
[EST-0026] Missing route to pin place203/X in net net203.
[EST-0026] Missing route to pin place202/A in net net203.
[EST-0026] Missing route to pin _1727_/B in net net203.
[EST-0026] Missing route to pin _1710_/B2 in net net203.
[EST-0026] Missing route to pin _1600_/B2 in net net203.
[EST-0026] Missing route to pin _1478_/B2 in net net203.
[EST-0026] Missing route to pin _1377_/B2 in net net203.
[EST-0026] Missing route to pin place203/X in net net203.
[EST-0026] Missing route to pin place202/A in net net203.
[EST-0026] Missing route to pin _1727_/B in net net203.
[EST-0026] Missing route to pin _1710_/B2 in net net203.
[EST-0026] Missing route to pin _1600_/B2 in net net203.
[EST-0026] Missing route to pin _1478_/B2 in net net203.
[EST-0026] Missing route to pin _1377_/B2 in net net203.
[EST-0026] Missing route to pin place203/X in net net203.
[EST-0026] Missing route to pin place202/A in net net203.
[EST-0026] Missing route to pin _1727_/B in net net203.
[EST-0026] Missing route to pin _1710_/B2 in net net203.
[EST-0026] Missing route to pin _1600_/B2 in net net203.
[EST-0026] Missing route to pin _1478_/B2 in net net203.
[EST-0026] Missing route to pin _1377_/B2 in net net203.
[EST-0026] Missing route to pin place203/X in net net203.
[EST-0026] Missing route to pin place202/A in net net203.
[EST-0026] Missing route to pin _1727_/B in net net203.
[EST-0026] Missing route to pin _1710_/B2 in net net203.
[EST-0026] Missing route to pin _1600_/B2 in net net203.
[EST-0026] Missing route to pin _1478_/B2 in net net203.
[EST-0026] Missing route to pin _1377_/B2 in net net203.
[EST-0026] Missing route to pin place203/X in net net203.
[EST-0026] Missing route to pin _2676_/D in net _0021_.
[EST-0026] Missing route to pin _2039_/Y in net _0021_.
[EST-0026] Missing route to pin _2676_/D in net _0021_.
[EST-0026] Missing route to pin _2039_/Y in net _0021_.
[EST-0026] Missing route to pin _2676_/D in net _0021_.
[EST-0026] Missing route to pin _2039_/Y in net _0021_.
[EST-0026] Missing route to pin _2676_/D in net _0021_.
[EST-0026] Missing route to pin _2039_/Y in net _0021_.
[EST-0026] Missing route to pin _2676_/D in net _0021_.
[EST-0026] Missing route to pin _2039_/Y in net _0021_.
[EST-0026] Missing route to pin _2676_/D in net _0021_.
[EST-0026] Missing route to pin _2039_/Y in net _0021_.
[EST-0026] Missing route to pin _2676_/D in net _0021_.
[EST-0026] Missing route to pin _2039_/Y in net _0021_.
[EST-0026] Missing route to pin _2676_/D in net _0021_.
[EST-0026] Missing route to pin _2039_/Y in net _0021_.
[EST-0026] Missing route to pin _2676_/D in net _0021_.
[EST-0026] Missing route to pin _2039_/Y in net _0021_.
[EST-0026] Missing route to pin _2677_/D in net _0022_.
[EST-0026] Missing route to pin _2079_/Y in net _0022_.
[EST-0026] Missing route to pin _2677_/D in net _0022_.
[EST-0026] Missing route to pin _2079_/Y in net _0022_.
[EST-0026] Missing route to pin _2677_/D in net _0022_.
[EST-0026] Missing route to pin _2079_/Y in net _0022_.
[EST-0026] Missing route to pin _2677_/D in net _0022_.
[EST-0026] Missing route to pin _2079_/Y in net _0022_.
[EST-0026] Missing route to pin _2677_/D in net _0022_.
[EST-0026] Missing route to pin _2079_/Y in net _0022_.
[EST-0026] Missing route to pin _2677_/D in net _0022_.
[EST-0026] Missing route to pin _2079_/Y in net _0022_.
[EST-0026] Missing route to pin _2677_/D in net _0022_.
[EST-0026] Missing route to pin _2079_/Y in net _0022_.
[EST-0026] Missing route to pin _2677_/D in net _0022_.
[EST-0026] Missing route to pin _2079_/Y in net _0022_.
[EST-0026] Missing route to pin _2677_/D in net _0022_.
[EST-0026] Missing route to pin _2079_/Y in net _0022_.
[EST-0026] Missing route to pin _2679_/D in net _0024_.
[EST-0026] Missing route to pin _2158_/Y in net _0024_.
[EST-0026] Missing route to pin _2679_/D in net _0024_.
[EST-0026] Missing route to pin _2158_/Y in net _0024_.
[EST-0026] Missing route to pin _2679_/D in net _0024_.
[EST-0026] Missing route to pin _2158_/Y in net _0024_.
[EST-0026] Missing route to pin _2679_/D in net _0024_.
[EST-0026] Missing route to pin _2158_/Y in net _0024_.
[EST-0026] Missing route to pin _2679_/D in net _0024_.
[EST-0026] Missing route to pin _2158_/Y in net _0024_.
[EST-0026] Missing route to pin _2679_/D in net _0024_.
[EST-0026] Missing route to pin _2158_/Y in net _0024_.
[EST-0026] Missing route to pin _2679_/D in net _0024_.
[EST-0026] Missing route to pin _2158_/Y in net _0024_.
[EST-0026] Missing route to pin _2679_/D in net _0024_.
[EST-0026] Missing route to pin _2158_/Y in net _0024_.
[EST-0026] Missing route to pin _2679_/D in net _0024_.
[EST-0026] Missing route to pin _2158_/Y in net _0024_.
[EST-0026] Missing route to pin _2680_/D in net _0025_.
[EST-0026] Missing route to pin _2191_/Y in net _0025_.
[EST-0026] Missing route to pin _2680_/D in net _0025_.
[EST-0026] Missing route to pin _2191_/Y in net _0025_.
[EST-0026] Missing route to pin _2680_/D in net _0025_.
[EST-0026] Missing route to pin _2191_/Y in net _0025_.
[EST-0026] Missing route to pin _2680_/D in net _0025_.
[EST-0026] Missing route to pin _2191_/Y in net _0025_.
[EST-0026] Missing route to pin _2680_/D in net _0025_.
[EST-0026] Missing route to pin _2191_/Y in net _0025_.
[EST-0026] Missing route to pin _2680_/D in net _0025_.
[EST-0026] Missing route to pin _2191_/Y in net _0025_.
[EST-0026] Missing route to pin _2680_/D in net _0025_.
[EST-0026] Missing route to pin _2191_/Y in net _0025_.
[EST-0026] Missing route to pin _2680_/D in net _0025_.
[EST-0026] Missing route to pin _2191_/Y in net _0025_.
[EST-0026] Missing route to pin _2680_/D in net _0025_.
[EST-0026] Missing route to pin _2191_/Y in net _0025_.
[EST-0026] Missing route to pin _2681_/D in net _0026_.
[EST-0026] Missing route to pin _2230_/Y in net _0026_.
[EST-0026] Missing route to pin _2681_/D in net _0026_.
[EST-0026] Missing route to pin _2230_/Y in net _0026_.
[EST-0026] Missing route to pin _2681_/D in net _0026_.
[EST-0026] Missing route to pin _2230_/Y in net _0026_.
[EST-0026] Missing route to pin _2681_/D in net _0026_.
[EST-0026] Missing route to pin _2230_/Y in net _0026_.
[EST-0026] Missing route to pin _2681_/D in net _0026_.
[EST-0026] Missing route to pin _2230_/Y in net _0026_.
[EST-0026] Missing route to pin _2681_/D in net _0026_.
[EST-0026] Missing route to pin _2230_/Y in net _0026_.
[EST-0026] Missing route to pin _2681_/D in net _0026_.
[EST-0026] Missing route to pin _2230_/Y in net _0026_.
[EST-0026] Missing route to pin _2681_/D in net _0026_.
[EST-0026] Missing route to pin _2230_/Y in net _0026_.
[EST-0026] Missing route to pin _2681_/D in net _0026_.
[EST-0026] Missing route to pin _2230_/Y in net _0026_.
[EST-0026] Missing route to pin _2683_/D in net _0028_.
[EST-0026] Missing route to pin _2287_/Y in net _0028_.
[EST-0026] Missing route to pin _2683_/D in net _0028_.
[EST-0026] Missing route to pin _2287_/Y in net _0028_.
[EST-0026] Missing route to pin _2683_/D in net _0028_.
[EST-0026] Missing route to pin _2287_/Y in net _0028_.
[EST-0026] Missing route to pin _2683_/D in net _0028_.
[EST-0026] Missing route to pin _2287_/Y in net _0028_.
[EST-0026] Missing route to pin _2683_/D in net _0028_.
[EST-0026] Missing route to pin _2287_/Y in net _0028_.
[EST-0026] Missing route to pin _2683_/D in net _0028_.
[EST-0026] Missing route to pin _2287_/Y in net _0028_.
[EST-0026] Missing route to pin _2683_/D in net _0028_.
[EST-0026] Missing route to pin _2287_/Y in net _0028_.
[EST-0026] Missing route to pin _2683_/D in net _0028_.
[EST-0026] Missing route to pin _2287_/Y in net _0028_.
[EST-0026] Missing route to pin _2683_/D in net _0028_.
[EST-0026] Missing route to pin _2287_/Y in net _0028_.
[EST-0026] Missing route to pin _2684_/D in net _0029_.
[EST-0026] Missing route to pin _2307_/X in net _0029_.
[EST-0026] Missing route to pin _2684_/D in net _0029_.
[EST-0026] Missing route to pin _2307_/X in net _0029_.
[EST-0026] Missing route to pin _2684_/D in net _0029_.
[EST-0026] Missing route to pin _2307_/X in net _0029_.
[EST-0026] Missing route to pin _2684_/D in net _0029_.
[EST-0026] Missing route to pin _2307_/X in net _0029_.
[EST-0026] Missing route to pin _2684_/D in net _0029_.
[EST-0026] Missing route to pin _2307_/X in net _0029_.
[EST-0026] Missing route to pin _2684_/D in net _0029_.
[EST-0026] Missing route to pin _2307_/X in net _0029_.
[EST-0026] Missing route to pin _2684_/D in net _0029_.
[EST-0026] Missing route to pin _2307_/X in net _0029_.
[EST-0026] Missing route to pin _2684_/D in net _0029_.
[EST-0026] Missing route to pin _2307_/X in net _0029_.
[EST-0026] Missing route to pin _2684_/D in net _0029_.
[EST-0026] Missing route to pin _2307_/X in net _0029_.
[EST-0026] Missing route to pin hold598/A in net _0031_.
[EST-0026] Missing route to pin _2326_/Y in net _0031_.
[EST-0026] Missing route to pin hold598/A in net _0031_.
[EST-0026] Missing route to pin _2326_/Y in net _0031_.
[EST-0026] Missing route to pin hold598/A in net _0031_.
[EST-0026] Missing route to pin _2326_/Y in net _0031_.
[EST-0026] Missing route to pin hold598/A in net _0031_.
[EST-0026] Missing route to pin _2326_/Y in net _0031_.
[EST-0026] Missing route to pin hold598/A in net _0031_.
[EST-0026] Missing route to pin _2326_/Y in net _0031_.
[EST-0026] Missing route to pin hold598/A in net _0031_.
[EST-0026] Missing route to pin _2326_/Y in net _0031_.
[EST-0026] Missing route to pin hold598/A in net _0031_.
[EST-0026] Missing route to pin _2326_/Y in net _0031_.
[EST-0026] Missing route to pin hold598/A in net _0031_.
[EST-0026] Missing route to pin _2326_/Y in net _0031_.
[EST-0026] Missing route to pin hold598/A in net _0031_.
[EST-0026] Missing route to pin _2326_/Y in net _0031_.
[EST-0026] Missing route to pin hold405/A in net _0032_.
[EST-0026] Missing route to pin _2329_/Y in net _0032_.
[EST-0026] Missing route to pin hold405/A in net _0032_.
[EST-0026] Missing route to pin _2329_/Y in net _0032_.
[EST-0026] Missing route to pin hold405/A in net _0032_.
[EST-0026] Missing route to pin _2329_/Y in net _0032_.
[EST-0026] Missing route to pin hold405/A in net _0032_.
[EST-0026] Missing route to pin _2329_/Y in net _0032_.
[EST-0026] Missing route to pin hold405/A in net _0032_.
[EST-0026] Missing route to pin _2329_/Y in net _0032_.
[EST-0026] Missing route to pin hold405/A in net _0032_.
[EST-0026] Missing route to pin _2329_/Y in net _0032_.
[EST-0026] Missing route to pin hold405/A in net _0032_.
[EST-0026] Missing route to pin _2329_/Y in net _0032_.
[EST-0026] Missing route to pin hold405/A in net _0032_.
[EST-0026] Missing route to pin _2329_/Y in net _0032_.
[EST-0026] Missing route to pin hold405/A in net _0032_.
[EST-0026] Missing route to pin _2329_/Y in net _0032_.
[EST-0026] Missing route to pin hold410/A in net _0033_.
[EST-0026] Missing route to pin _2446_/Y in net _0033_.
[EST-0026] Missing route to pin hold410/A in net _0033_.
[EST-0026] Missing route to pin _2446_/Y in net _0033_.
[EST-0026] Missing route to pin hold410/A in net _0033_.
[EST-0026] Missing route to pin _2446_/Y in net _0033_.
[EST-0026] Missing route to pin hold410/A in net _0033_.
[EST-0026] Missing route to pin _2446_/Y in net _0033_.
[EST-0026] Missing route to pin hold410/A in net _0033_.
[EST-0026] Missing route to pin _2446_/Y in net _0033_.
[EST-0026] Missing route to pin hold410/A in net _0033_.
[EST-0026] Missing route to pin _2446_/Y in net _0033_.
[EST-0026] Missing route to pin hold410/A in net _0033_.
[EST-0026] Missing route to pin _2446_/Y in net _0033_.
[EST-0026] Missing route to pin hold410/A in net _0033_.
[EST-0026] Missing route to pin _2446_/Y in net _0033_.
[EST-0026] Missing route to pin hold410/A in net _0033_.
[EST-0026] Missing route to pin _2446_/Y in net _0033_.
[EST-0026] Missing route to pin hold570/A in net b_in[4].
[EST-0026] Missing route to pin hold570/A in net b_in[4].
[EST-0026] Missing route to pin hold570/A in net b_in[4].
[EST-0026] Missing route to pin hold570/A in net b_in[4].
[EST-0026] Missing route to pin hold570/A in net b_in[4].
[EST-0026] Missing route to pin hold570/A in net b_in[4].
[EST-0026] Missing route to pin hold570/A in net b_in[4].
[EST-0026] Missing route to pin hold570/A in net b_in[4].
[EST-0026] Missing route to pin hold570/A in net b_in[4].
[EST-0026] Missing route to pin hold656/A in net b_in[5].
[EST-0026] Missing route to pin hold656/A in net b_in[5].
[EST-0026] Missing route to pin hold656/A in net b_in[5].
[EST-0026] Missing route to pin hold656/A in net b_in[5].
[EST-0026] Missing route to pin hold656/A in net b_in[5].
[EST-0026] Missing route to pin hold656/A in net b_in[5].
[EST-0026] Missing route to pin hold656/A in net b_in[5].
[EST-0026] Missing route to pin hold656/A in net b_in[5].
[EST-0026] Missing route to pin hold656/A in net b_in[5].
[EST-0026] Missing route to pin hold575/A in net b_in[6].
[EST-0026] Missing route to pin hold575/A in net b_in[6].
[EST-0026] Missing route to pin hold575/A in net b_in[6].
[EST-0026] Missing route to pin hold575/A in net b_in[6].
[EST-0026] Missing route to pin hold575/A in net b_in[6].
[EST-0026] Missing route to pin hold575/A in net b_in[6].
[EST-0026] Missing route to pin hold575/A in net b_in[6].
[EST-0026] Missing route to pin hold575/A in net b_in[6].
[EST-0026] Missing route to pin hold575/A in net b_in[6].
[EST-0026] Missing route to pin hold580/A in net b_in[7].
[EST-0026] Missing route to pin hold580/A in net b_in[7].
[EST-0026] Missing route to pin hold580/A in net b_in[7].
[EST-0026] Missing route to pin hold580/A in net b_in[7].
[EST-0026] Missing route to pin hold580/A in net b_in[7].
[EST-0026] Missing route to pin hold580/A in net b_in[7].
[EST-0026] Missing route to pin hold580/A in net b_in[7].
[EST-0026] Missing route to pin hold580/A in net b_in[7].
[EST-0026] Missing route to pin hold580/A in net b_in[7].
[EST-0026] Missing route to pin hold586/A in net b_in[8].
[EST-0026] Missing route to pin hold586/A in net b_in[8].
[EST-0026] Missing route to pin hold586/A in net b_in[8].
[EST-0026] Missing route to pin hold586/A in net b_in[8].
[EST-0026] Missing route to pin hold586/A in net b_in[8].
[EST-0026] Missing route to pin hold586/A in net b_in[8].
[EST-0026] Missing route to pin hold586/A in net b_in[8].
[EST-0026] Missing route to pin hold586/A in net b_in[8].
[EST-0026] Missing route to pin hold586/A in net b_in[8].
[EST-0026] Missing route to pin hold562/A in net b_in[9].
[EST-0026] Missing route to pin b_in[9] in net b_in[9].
[EST-0026] Missing route to pin hold562/A in net b_in[9].
[EST-0026] Missing route to pin b_in[9] in net b_in[9].
[EST-0026] Missing route to pin hold562/A in net b_in[9].
[EST-0026] Missing route to pin b_in[9] in net b_in[9].
[EST-0026] Missing route to pin hold562/A in net b_in[9].
[EST-0026] Missing route to pin b_in[9] in net b_in[9].
[EST-0026] Missing route to pin hold562/A in net b_in[9].
[EST-0026] Missing route to pin b_in[9] in net b_in[9].
[EST-0026] Missing route to pin hold562/A in net b_in[9].
[EST-0026] Missing route to pin b_in[9] in net b_in[9].
[EST-0026] Missing route to pin hold562/A in net b_in[9].
[EST-0026] Missing route to pin b_in[9] in net b_in[9].
[EST-0026] Missing route to pin hold562/A in net b_in[9].
[EST-0026] Missing route to pin b_in[9] in net b_in[9].
[EST-0026] Missing route to pin hold562/A in net b_in[9].
[EST-0026] Missing route to pin b_in[9] in net b_in[9].
[EST-0026] Missing route to pin hold604/A in net clear_acc.
[EST-0026] Missing route to pin hold604/A in net clear_acc.
[EST-0026] Missing route to pin hold604/A in net clear_acc.
[EST-0026] Missing route to pin hold604/A in net clear_acc.
[EST-0026] Missing route to pin hold604/A in net clear_acc.
[EST-0026] Missing route to pin hold604/A in net clear_acc.
[EST-0026] Missing route to pin hold604/A in net clear_acc.
[EST-0026] Missing route to pin hold604/A in net clear_acc.
[EST-0026] Missing route to pin hold604/A in net clear_acc.
[EST-0026] Missing route to pin _1966_/B1 in net net230.
[EST-0026] Missing route to pin _1684_/A2 in net net230.
[EST-0026] Missing route to pin _1670_/B in net net230.
[EST-0026] Missing route to pin _1658_/A2 in net net230.
[EST-0026] Missing route to pin _1623_/A2 in net net230.
[EST-0026] Missing route to pin _1592_/A2 in net net230.
[EST-0026] Missing route to pin _1489_/A2 in net net230.
[EST-0026] Missing route to pin place229/A in net net230.
[EST-0026] Missing route to pin place230/X in net net230.
[EST-0026] Missing route to pin _1966_/B1 in net net230.
[EST-0026] Missing route to pin _1684_/A2 in net net230.
[EST-0026] Missing route to pin _1670_/B in net net230.
[EST-0026] Missing route to pin _1658_/A2 in net net230.
[EST-0026] Missing route to pin _1623_/A2 in net net230.
[EST-0026] Missing route to pin _1592_/A2 in net net230.
[EST-0026] Missing route to pin _1489_/A2 in net net230.
[EST-0026] Missing route to pin place229/A in net net230.
[EST-0026] Missing route to pin place230/X in net net230.
[EST-0026] Missing route to pin _1966_/B1 in net net230.
[EST-0026] Missing route to pin _1684_/A2 in net net230.
[EST-0026] Missing route to pin _1670_/B in net net230.
[EST-0026] Missing route to pin _1658_/A2 in net net230.
[EST-0026] Missing route to pin _1623_/A2 in net net230.
[EST-0026] Missing route to pin _1592_/A2 in net net230.
[EST-0026] Missing route to pin _1489_/A2 in net net230.
[EST-0026] Missing route to pin place229/A in net net230.
[EST-0026] Missing route to pin place230/X in net net230.
[EST-0026] Missing route to pin _1966_/B1 in net net230.
[EST-0026] Missing route to pin _1684_/A2 in net net230.
[EST-0026] Missing route to pin _1670_/B in net net230.
[EST-0026] Missing route to pin _1658_/A2 in net net230.
[EST-0026] Missing route to pin _1623_/A2 in net net230.
[EST-0026] Missing route to pin _1592_/A2 in net net230.
[EST-0026] Missing route to pin _1489_/A2 in net net230.
[EST-0026] Missing route to pin place229/A in net net230.
[EST-0026] Missing route to pin place230/X in net net230.
[EST-0026] Missing route to pin _1966_/B1 in net net230.
[EST-0026] Missing route to pin _1684_/A2 in net net230.
[EST-0026] Missing route to pin _1670_/B in net net230.
[EST-0026] Missing route to pin _1658_/A2 in net net230.
[EST-0026] Missing route to pin _1623_/A2 in net net230.
[EST-0026] Missing route to pin _1592_/A2 in net net230.
[EST-0026] Missing route to pin _1489_/A2 in net net230.
[EST-0026] Missing route to pin place229/A in net net230.
[EST-0026] Missing route to pin place230/X in net net230.
[EST-0026] Missing route to pin _1966_/B1 in net net230.
[EST-0026] Missing route to pin _1684_/A2 in net net230.
[EST-0026] Missing route to pin _1670_/B in net net230.
[EST-0026] Missing route to pin _1658_/A2 in net net230.
[EST-0026] Missing route to pin _1623_/A2 in net net230.
[EST-0026] Missing route to pin _1592_/A2 in net net230.
[EST-0026] Missing route to pin _1489_/A2 in net net230.
[EST-0026] Missing route to pin place229/A in net net230.
[EST-0026] Missing route to pin place230/X in net net230.
[EST-0026] Missing route to pin _1966_/B1 in net net230.
[EST-0026] Missing route to pin _1684_/A2 in net net230.
[EST-0026] Missing route to pin _1670_/B in net net230.
[EST-0026] Missing route to pin _1658_/A2 in net net230.
[EST-0026] Missing route to pin _1623_/A2 in net net230.
[EST-0026] Missing route to pin _1592_/A2 in net net230.
[EST-0026] Missing route to pin _1489_/A2 in net net230.
[EST-0026] Missing route to pin place229/A in net net230.
[EST-0026] Missing route to pin place230/X in net net230.
[EST-0026] Missing route to pin _1966_/B1 in net net230.
[EST-0026] Missing route to pin _1684_/A2 in net net230.
[EST-0026] Missing route to pin _1670_/B in net net230.
[EST-0026] Missing route to pin _1658_/A2 in net net230.
[EST-0026] Missing route to pin _1623_/A2 in net net230.
[EST-0026] Missing route to pin _1592_/A2 in net net230.
[EST-0026] Missing route to pin _1489_/A2 in net net230.
[EST-0026] Missing route to pin place229/A in net net230.
[EST-0026] Missing route to pin place230/X in net net230.
[EST-0026] Missing route to pin _1966_/B1 in net net230.
[EST-0026] Missing route to pin _1684_/A2 in net net230.
[EST-0026] Missing route to pin _1670_/B in net net230.
[EST-0026] Missing route to pin _1658_/A2 in net net230.
[EST-0026] Missing route to pin _1623_/A2 in net net230.
[EST-0026] Missing route to pin _1592_/A2 in net net230.
[EST-0026] Missing route to pin _1489_/A2 in net net230.
[EST-0026] Missing route to pin place229/A in net net230.
[EST-0026] Missing route to pin place230/X in net net230.
[EST-0026] Missing route to pin _1318_/B1 in net net241.
[EST-0026] Missing route to pin _1316_/B1 in net net241.
[EST-0026] Missing route to pin _1314_/A in net net241.
[EST-0026] Missing route to pin _1311_/B1 in net net241.
[EST-0026] Missing route to pin _1309_/B1 in net net241.
[EST-0026] Missing route to pin _1307_/A in net net241.
[EST-0026] Missing route to pin place241/X in net net241.
[EST-0026] Missing route to pin _1318_/B1 in net net241.
[EST-0026] Missing route to pin _1316_/B1 in net net241.
[EST-0026] Missing route to pin _1314_/A in net net241.
[EST-0026] Missing route to pin _1311_/B1 in net net241.
[EST-0026] Missing route to pin _1309_/B1 in net net241.
[EST-0026] Missing route to pin _1307_/A in net net241.
[EST-0026] Missing route to pin place241/X in net net241.
[EST-0026] Missing route to pin _1318_/B1 in net net241.
[EST-0026] Missing route to pin _1316_/B1 in net net241.
[EST-0026] Missing route to pin _1314_/A in net net241.
[EST-0026] Missing route to pin _1311_/B1 in net net241.
[EST-0026] Missing route to pin _1309_/B1 in net net241.
[EST-0026] Missing route to pin _1307_/A in net net241.
[EST-0026] Missing route to pin place241/X in net net241.
[EST-0026] Missing route to pin _1318_/B1 in net net241.
[EST-0026] Missing route to pin _1316_/B1 in net net241.
[EST-0026] Missing route to pin _1314_/A in net net241.
[EST-0026] Missing route to pin _1311_/B1 in net net241.
[EST-0026] Missing route to pin _1309_/B1 in net net241.
[EST-0026] Missing route to pin _1307_/A in net net241.
[EST-0026] Missing route to pin place241/X in net net241.
[EST-0026] Missing route to pin _1318_/B1 in net net241.
[EST-0026] Missing route to pin _1316_/B1 in net net241.
[EST-0026] Missing route to pin _1314_/A in net net241.
[EST-0026] Missing route to pin _1311_/B1 in net net241.
[EST-0026] Missing route to pin _1309_/B1 in net net241.
[EST-0026] Missing route to pin _1307_/A in net net241.
[EST-0026] Missing route to pin place241/X in net net241.
[EST-0026] Missing route to pin _1318_/B1 in net net241.
[EST-0026] Missing route to pin _1316_/B1 in net net241.
[EST-0026] Missing route to pin _1314_/A in net net241.
[EST-0026] Missing route to pin _1311_/B1 in net net241.
[EST-0026] Missing route to pin _1309_/B1 in net net241.
[EST-0026] Missing route to pin _1307_/A in net net241.
[EST-0026] Missing route to pin place241/X in net net241.
[EST-0026] Missing route to pin _1318_/B1 in net net241.
[EST-0026] Missing route to pin _1316_/B1 in net net241.
[EST-0026] Missing route to pin _1314_/A in net net241.
[EST-0026] Missing route to pin _1311_/B1 in net net241.
[EST-0026] Missing route to pin _1309_/B1 in net net241.
[EST-0026] Missing route to pin _1307_/A in net net241.
[EST-0026] Missing route to pin place241/X in net net241.
[EST-0026] Missing route to pin _1318_/B1 in net net241.
[EST-0026] Missing route to pin _1316_/B1 in net net241.
[EST-0026] Missing route to pin _1314_/A in net net241.
[EST-0026] Missing route to pin _1311_/B1 in net net241.
[EST-0026] Missing route to pin _1309_/B1 in net net241.
[EST-0026] Missing route to pin _1307_/A in net net241.
[EST-0026] Missing route to pin place241/X in net net241.
[EST-0026] Missing route to pin _1318_/B1 in net net241.
[EST-0026] Missing route to pin _1316_/B1 in net net241.
[EST-0026] Missing route to pin _1314_/A in net net241.
[EST-0026] Missing route to pin _1311_/B1 in net net241.
[EST-0026] Missing route to pin _1309_/B1 in net net241.
[EST-0026] Missing route to pin _1307_/A in net net241.
[EST-0026] Missing route to pin place241/X in net net241.
[EST-0026] Missing route to pin place250/A in net net251.
[EST-0026] Missing route to pin _2015_/A in net net251.
[EST-0026] Missing route to pin _2014_/B1 in net net251.
[EST-0026] Missing route to pin _1977_/A1 in net net251.
[EST-0026] Missing route to pin _1976_/A_N in net net251.
[EST-0026] Missing route to pin _1927_/A in net net251.
[EST-0026] Missing route to pin _1878_/A in net net251.
[EST-0026] Missing route to pin _1409_/A2 in net net251.
[EST-0026] Missing route to pin place251/X in net net251.
[EST-0026] Missing route to pin place250/A in net net251.
[EST-0026] Missing route to pin _2015_/A in net net251.
[EST-0026] Missing route to pin _2014_/B1 in net net251.
[EST-0026] Missing route to pin _1977_/A1 in net net251.
[EST-0026] Missing route to pin _1976_/A_N in net net251.
[EST-0026] Missing route to pin _1927_/A in net net251.
[EST-0026] Missing route to pin _1878_/A in net net251.
[EST-0026] Missing route to pin _1409_/A2 in net net251.
[EST-0026] Missing route to pin place251/X in net net251.
[EST-0026] Missing route to pin place250/A in net net251.
[EST-0026] Missing route to pin _2015_/A in net net251.
[EST-0026] Missing route to pin _2014_/B1 in net net251.
[EST-0026] Missing route to pin _1977_/A1 in net net251.
[EST-0026] Missing route to pin _1976_/A_N in net net251.
[EST-0026] Missing route to pin _1927_/A in net net251.
[EST-0026] Missing route to pin _1878_/A in net net251.
[EST-0026] Missing route to pin _1409_/A2 in net net251.
[EST-0026] Missing route to pin place251/X in net net251.
[EST-0026] Missing route to pin place250/A in net net251.
[EST-0026] Missing route to pin _2015_/A in net net251.
[EST-0026] Missing route to pin _2014_/B1 in net net251.
[EST-0026] Missing route to pin _1977_/A1 in net net251.
[EST-0026] Missing route to pin _1976_/A_N in net net251.
[EST-0026] Missing route to pin _1927_/A in net net251.
[EST-0026] Missing route to pin _1878_/A in net net251.
[EST-0026] Missing route to pin _1409_/A2 in net net251.
[EST-0026] Missing route to pin place251/X in net net251.
[EST-0026] Missing route to pin place250/A in net net251.
[EST-0026] Missing route to pin _2015_/A in net net251.
[EST-0026] Missing route to pin _2014_/B1 in net net251.
[EST-0026] Missing route to pin _1977_/A1 in net net251.
[EST-0026] Missing route to pin _1976_/A_N in net net251.
[EST-0026] Missing route to pin _1927_/A in net net251.
[EST-0026] Missing route to pin _1878_/A in net net251.
[EST-0026] Missing route to pin _1409_/A2 in net net251.
[EST-0026] Missing route to pin place251/X in net net251.
[EST-0026] Missing route to pin place250/A in net net251.
[EST-0026] Missing route to pin _2015_/A in net net251.
[EST-0026] Missing route to pin _2014_/B1 in net net251.
[EST-0026] Missing route to pin _1977_/A1 in net net251.
[EST-0026] Missing route to pin _1976_/A_N in net net251.
[EST-0026] Missing route to pin _1927_/A in net net251.
[EST-0026] Missing route to pin _1878_/A in net net251.
[EST-0026] Missing route to pin _1409_/A2 in net net251.
[EST-0026] Missing route to pin place251/X in net net251.
[EST-0026] Missing route to pin place250/A in net net251.
[EST-0026] Missing route to pin _2015_/A in net net251.
[EST-0026] Missing route to pin _2014_/B1 in net net251.
[EST-0026] Missing route to pin _1977_/A1 in net net251.
[EST-0026] Missing route to pin _1976_/A_N in net net251.
[EST-0026] Missing route to pin _1927_/A in net net251.
[EST-0026] Missing route to pin _1878_/A in net net251.
[EST-0026] Missing route to pin _1409_/A2 in net net251.
[EST-0026] Missing route to pin place251/X in net net251.
[EST-0026] Missing route to pin place250/A in net net251.
[EST-0026] Missing route to pin _2015_/A in net net251.
[EST-0026] Missing route to pin _2014_/B1 in net net251.
[EST-0026] Missing route to pin _1977_/A1 in net net251.
[EST-0026] Missing route to pin _1976_/A_N in net net251.
[EST-0026] Missing route to pin _1927_/A in net net251.
[EST-0026] Missing route to pin _1878_/A in net net251.
[EST-0026] Missing route to pin _1409_/A2 in net net251.
[EST-0026] Missing route to pin place251/X in net net251.
[EST-0026] Missing route to pin place250/A in net net251.
[EST-0026] Missing route to pin _2015_/A in net net251.
[EST-0026] Missing route to pin _2014_/B1 in net net251.
[EST-0026] Missing route to pin _1977_/A1 in net net251.
[EST-0026] Missing route to pin _1976_/A_N in net net251.
[EST-0026] Missing route to pin _1927_/A in net net251.
[EST-0026] Missing route to pin _1878_/A in net net251.
[EST-0026] Missing route to pin _1409_/A2 in net net251.
[EST-0026] Missing route to pin place251/X in net net251.
[EST-0026] Missing route to pin hold500/A in net b_in[2].
[EST-0026] Missing route to pin hold500/A in net b_in[2].
[EST-0026] Missing route to pin hold500/A in net b_in[2].
[EST-0026] Missing route to pin hold500/A in net b_in[2].
[EST-0026] Missing route to pin hold500/A in net b_in[2].
[EST-0026] Missing route to pin hold500/A in net b_in[2].
[EST-0026] Missing route to pin hold500/A in net b_in[2].
[EST-0026] Missing route to pin hold500/A in net b_in[2].
[EST-0026] Missing route to pin hold500/A in net b_in[2].
[EST-0026] Missing route to pin hold511/A in net b_in[3].
[EST-0026] Missing route to pin hold511/A in net b_in[3].
[EST-0026] Missing route to pin hold511/A in net b_in[3].
[EST-0026] Missing route to pin hold511/A in net b_in[3].
[EST-0026] Missing route to pin hold511/A in net b_in[3].
[EST-0026] Missing route to pin hold511/A in net b_in[3].
[EST-0026] Missing route to pin hold511/A in net b_in[3].
[EST-0026] Missing route to pin hold511/A in net b_in[3].
[EST-0026] Missing route to pin hold511/A in net b_in[3].
[EST-0026] Missing route to pin hold677/A in net compute_enable.
[EST-0026] Missing route to pin hold677/A in net compute_enable.
[EST-0026] Missing route to pin hold677/A in net compute_enable.
[EST-0026] Missing route to pin hold677/A in net compute_enable.
[EST-0026] Missing route to pin hold677/A in net compute_enable.
[EST-0026] Missing route to pin hold677/A in net compute_enable.
[EST-0026] Missing route to pin hold677/A in net compute_enable.
[EST-0026] Missing route to pin hold677/A in net compute_enable.
[EST-0026] Missing route to pin hold677/A in net compute_enable.
[EST-0026] Missing route to pin _2492_/A in net net200.
[EST-0026] Missing route to pin _2487_/A in net net200.
[EST-0026] Missing route to pin _2481_/B in net net200.
[EST-0026] Missing route to pin _2474_/B1_N in net net200.
[EST-0026] Missing route to pin _2468_/A in net net200.
[EST-0026] Missing route to pin _2461_/B1 in net net200.
[EST-0026] Missing route to pin _2453_/A in net net200.
[EST-0026] Missing route to pin _2444_/A3 in net net200.
[EST-0026] Missing route to pin place200/X in net net200.
[EST-0026] Missing route to pin _2492_/A in net net200.
[EST-0026] Missing route to pin _2487_/A in net net200.
[EST-0026] Missing route to pin _2481_/B in net net200.
[EST-0026] Missing route to pin _2474_/B1_N in net net200.
[EST-0026] Missing route to pin _2468_/A in net net200.
[EST-0026] Missing route to pin _2461_/B1 in net net200.
[EST-0026] Missing route to pin _2453_/A in net net200.
[EST-0026] Missing route to pin _2444_/A3 in net net200.
[EST-0026] Missing route to pin place200/X in net net200.
[EST-0026] Missing route to pin _2492_/A in net net200.
[EST-0026] Missing route to pin _2487_/A in net net200.
[EST-0026] Missing route to pin _2481_/B in net net200.
[EST-0026] Missing route to pin _2474_/B1_N in net net200.
[EST-0026] Missing route to pin _2468_/A in net net200.
[EST-0026] Missing route to pin _2461_/B1 in net net200.
[EST-0026] Missing route to pin _2453_/A in net net200.
[EST-0026] Missing route to pin _2444_/A3 in net net200.
[EST-0026] Missing route to pin place200/X in net net200.
[EST-0026] Missing route to pin _2492_/A in net net200.
[EST-0026] Missing route to pin _2487_/A in net net200.
[EST-0026] Missing route to pin _2481_/B in net net200.
[EST-0026] Missing route to pin _2474_/B1_N in net net200.
[EST-0026] Missing route to pin _2468_/A in net net200.
[EST-0026] Missing route to pin _2461_/B1 in net net200.
[EST-0026] Missing route to pin _2453_/A in net net200.
[EST-0026] Missing route to pin _2444_/A3 in net net200.
[EST-0026] Missing route to pin place200/X in net net200.
[EST-0026] Missing route to pin _2492_/A in net net200.
[EST-0026] Missing route to pin _2487_/A in net net200.
[EST-0026] Missing route to pin _2481_/B in net net200.
[EST-0026] Missing route to pin _2474_/B1_N in net net200.
[EST-0026] Missing route to pin _2468_/A in net net200.
[EST-0026] Missing route to pin _2461_/B1 in net net200.
[EST-0026] Missing route to pin _2453_/A in net net200.
[EST-0026] Missing route to pin _2444_/A3 in net net200.
[EST-0026] Missing route to pin place200/X in net net200.
[EST-0026] Missing route to pin _2492_/A in net net200.
[EST-0026] message limit (1000) reached. This message will no longer print.
[STA-1173] /Users/aoxo/.ciel/ciel/sky130/versions/74c0e6b118a67d94c24172143d3bd597473fa63d/sky130A/libs.ref/sky130_fd_io/lib/sky130_ef_io__vccd_lvc_clamped_pad_tt_025C_1v80_3v30_3v30.lib line 42, default_fanout_load is 0.0.
[STA-1173] /Users/aoxo/.ciel/ciel/sky130/versions/74c0e6b118a67d94c24172143d3bd597473fa63d/sky130A/libs.ref/sky130_fd_io/lib/sky130_ef_io__vssd_lvc_clamped_pad_tt_025C_1v80_3v30.lib line 43, default_fanout_load is 0.0.
[STA-1173] /Users/aoxo/.ciel/ciel/sky130/versions/74c0e6b118a67d94c24172143d3bd597473fa63d/sky130A/libs.ref/sky130_fd_io/lib/sky130_ef_io__vddio_hvc_clamped_pad_tt_025C_1v80_3v30_3v30.lib line 42, default_fanout_load is 0.0.
[STA-1173] /Users/aoxo/.ciel/ciel/sky130/versions/74c0e6b118a67d94c24172143d3bd597473fa63d/sky130A/libs.ref/sky130_fd_io/lib/sky130_ef_io__vssio_hvc_clamped_pad_tt_025C_1v80_3v30_3v30.lib line 42, default_fanout_load is 0.0.
[STA-1173] /Users/aoxo/.ciel/ciel/sky130/versions/74c0e6b118a67d94c24172143d3bd597473fa63d/sky130A/libs.ref/sky130_fd_io/lib/sky130_ef_io__gpiov2_pad_tt_tt_025C_1v80_3v30.lib line 33, default_fanout_load is 0.0.
[STA-1173] /Users/aoxo/.ciel/ciel/sky130/versions/74c0e6b118a67d94c24172143d3bd597473fa63d/sky130A/libs.ref/sky130_fd_io/lib/slices_stubs.lib line 33, default_fanout_load is 0.0.
[STA-1173] /Users/aoxo/.ciel/ciel/sky130/versions/74c0e6b118a67d94c24172143d3bd597473fa63d/sky130A/libs.ref/sky130_fd_io/lib/sky130_ef_io__analog_stubs.lib line 43, default_fanout_load is 0.0.
[ORD-2056] The following 2 liberty cell(s) do not have LEF masters and will be marked as dont-use:
[STA-1173] /Users/aoxo/.ciel/ciel/sky130/versions/74c0e6b118a67d94c24172143d3bd597473fa63d/sky130A/libs.ref/sky130_fd_io/lib/sky130_ef_io__vccd_lvc_clamped_pad_tt_025C_1v80_3v30_3v30.lib line 42, default_fanout_load is 0.0.
[STA-1173] /Users/aoxo/.ciel/ciel/sky130/versions/74c0e6b118a67d94c24172143d3bd597473fa63d/sky130A/libs.ref/sky130_fd_io/lib/sky130_ef_io__vssd_lvc_clamped_pad_tt_025C_1v80_3v30.lib line 43, default_fanout_load is 0.0.
[STA-1173] /Users/aoxo/.ciel/ciel/sky130/versions/74c0e6b118a67d94c24172143d3bd597473fa63d/sky130A/libs.ref/sky130_fd_io/lib/sky130_ef_io__vddio_hvc_clamped_pad_tt_025C_1v80_3v30_3v30.lib line 42, default_fanout_load is 0.0.
[STA-1173] /Users/aoxo/.ciel/ciel/sky130/versions/74c0e6b118a67d94c24172143d3bd597473fa63d/sky130A/libs.ref/sky130_fd_io/lib/sky130_ef_io__vssio_hvc_clamped_pad_tt_025C_1v80_3v30_3v30.lib line 42, default_fanout_load is 0.0.
[STA-1173] /Users/aoxo/.ciel/ciel/sky130/versions/74c0e6b118a67d94c24172143d3bd597473fa63d/sky130A/libs.ref/sky130_fd_io/lib/sky130_ef_io__gpiov2_pad_tt_tt_025C_1v80_3v30.lib line 33, default_fanout_load is 0.0.
[STA-1173] /Users/aoxo/.ciel/ciel/sky130/versions/74c0e6b118a67d94c24172143d3bd597473fa63d/sky130A/libs.ref/sky130_fd_io/lib/slices_stubs.lib line 33, default_fanout_load is 0.0.
[STA-1173] /Users/aoxo/.ciel/ciel/sky130/versions/74c0e6b118a67d94c24172143d3bd597473fa63d/sky130A/libs.ref/sky130_fd_io/lib/sky130_ef_io__analog_stubs.lib line 43, default_fanout_load is 0.0.
[ORD-2056] The following 2 liberty cell(s) do not have LEF masters and will be marked as dont-use:
[STA-1173] /Users/aoxo/.ciel/ciel/sky130/versions/74c0e6b118a67d94c24172143d3bd597473fa63d/sky130A/libs.ref/sky130_fd_io/lib/sky130_ef_io__vccd_lvc_clamped_pad_tt_025C_1v80_3v30_3v30.lib line 42, default_fanout_load is 0.0.
[STA-1173] /Users/aoxo/.ciel/ciel/sky130/versions/74c0e6b118a67d94c24172143d3bd597473fa63d/sky130A/libs.ref/sky130_fd_io/lib/sky130_ef_io__vssd_lvc_clamped_pad_tt_025C_1v80_3v30.lib line 43, default_fanout_load is 0.0.
[STA-1173] /Users/aoxo/.ciel/ciel/sky130/versions/74c0e6b118a67d94c24172143d3bd597473fa63d/sky130A/libs.ref/sky130_fd_io/lib/sky130_ef_io__vddio_hvc_clamped_pad_tt_025C_1v80_3v30_3v30.lib line 42, default_fanout_load is 0.0.
[STA-1173] /Users/aoxo/.ciel/ciel/sky130/versions/74c0e6b118a67d94c24172143d3bd597473fa63d/sky130A/libs.ref/sky130_fd_io/lib/sky130_ef_io__vssio_hvc_clamped_pad_tt_025C_1v80_3v30_3v30.lib line 42, default_fanout_load is 0.0.
[STA-1173] /Users/aoxo/.ciel/ciel/sky130/versions/74c0e6b118a67d94c24172143d3bd597473fa63d/sky130A/libs.ref/sky130_fd_io/lib/sky130_ef_io__gpiov2_pad_tt_tt_025C_1v80_3v30.lib line 33, default_fanout_load is 0.0.
[STA-1173] /Users/aoxo/.ciel/ciel/sky130/versions/74c0e6b118a67d94c24172143d3bd597473fa63d/sky130A/libs.ref/sky130_fd_io/lib/slices_stubs.lib line 33, default_fanout_load is 0.0.
[STA-1173] /Users/aoxo/.ciel/ciel/sky130/versions/74c0e6b118a67d94c24172143d3bd597473fa63d/sky130A/libs.ref/sky130_fd_io/lib/sky130_ef_io__analog_stubs.lib line 43, default_fanout_load is 0.0.
[STA-1173] /Users/aoxo/.ciel/ciel/sky130/versions/74c0e6b118a67d94c24172143d3bd597473fa63d/sky130A/libs.ref/sky130_fd_io/lib/sky130_ef_io__vccd_lvc_clamped_pad_ss_100C_1v60_3v00_3v00.lib line 42, default_fanout_load is 0.0.
[STA-1173] /Users/aoxo/.ciel/ciel/sky130/versions/74c0e6b118a67d94c24172143d3bd597473fa63d/sky130A/libs.ref/sky130_fd_io/lib/sky130_ef_io__vssd_lvc_clamped_pad_ss_100C_1v60_3v00.lib line 43, default_fanout_load is 0.0.
[STA-1173] /Users/aoxo/.ciel/ciel/sky130/versions/74c0e6b118a67d94c24172143d3bd597473fa63d/sky130A/libs.ref/sky130_fd_io/lib/sky130_ef_io__vddio_hvc_clamped_pad_ss_100C_1v60_3v00_3v00.lib line 42, default_fanout_load is 0.0.
[STA-1173] /Users/aoxo/.ciel/ciel/sky130/versions/74c0e6b118a67d94c24172143d3bd597473fa63d/sky130A/libs.ref/sky130_fd_io/lib/sky130_ef_io__vssio_hvc_clamped_pad_ss_100C_1v60_3v00_3v00.lib line 42, default_fanout_load is 0.0.
[STA-1173] /Users/aoxo/.ciel/ciel/sky130/versions/74c0e6b118a67d94c24172143d3bd597473fa63d/sky130A/libs.ref/sky130_fd_io/lib/sky130_ef_io__gpiov2_pad_ss_ss_100C_1v60_3v00.lib line 33, default_fanout_load is 0.0.
[STA-1111] cell sky130_ef_io__gpiov2_pad_ss_ss_100C_1v60_3v00/sky130_ef_io__gpiov2_pad OUT -> PAD timing group combinational not found in cell sky130_ef_io__gpiov2_pad_tt_tt_025C_1v80_3v30/sky130_ef_io__gpiov2_pad.
[STA-1111] cell sky130_ef_io__gpiov2_pad_ss_ss_100C_1v60_3v00/sky130_ef_io__gpiov2_pad OUT -> PAD timing group combinational not found in cell sky130_ef_io__gpiov2_pad_tt_tt_025C_1v80_3v30/sky130_ef_io__gpiov2_pad.
[STA-1111] cell sky130_ef_io__gpiov2_pad_ss_ss_100C_1v60_3v00/sky130_ef_io__gpiov2_pad OUT -> PAD timing group combinational not found in cell sky130_ef_io__gpiov2_pad_tt_tt_025C_1v80_3v30/sky130_ef_io__gpiov2_pad.
[STA-1111] cell sky130_ef_io__gpiov2_pad_ss_ss_100C_1v60_3v00/sky130_ef_io__gpiov2_pad OUT -> PAD timing group combinational not found in cell sky130_ef_io__gpiov2_pad_tt_tt_025C_1v80_3v30/sky130_ef_io__gpiov2_pad.
[STA-1140] /Users/aoxo/.ciel/ciel/sky130/versions/74c0e6b118a67d94c24172143d3bd597473fa63d/sky130A/libs.ref/sky130_fd_io/lib/slices_stubs.lib line 18, library slices_stubs already exists.
[STA-1173] /Users/aoxo/.ciel/ciel/sky130/versions/74c0e6b118a67d94c24172143d3bd597473fa63d/sky130A/libs.ref/sky130_fd_io/lib/slices_stubs.lib line 33, default_fanout_load is 0.0.
[STA-1140] /Users/aoxo/.ciel/ciel/sky130/versions/74c0e6b118a67d94c24172143d3bd597473fa63d/sky130A/libs.ref/sky130_fd_io/lib/sky130_ef_io__analog_stubs.lib line 18, library sky130_ef_io__analog_stubs already exists.
[STA-1173] /Users/aoxo/.ciel/ciel/sky130/versions/74c0e6b118a67d94c24172143d3bd597473fa63d/sky130A/libs.ref/sky130_fd_io/lib/sky130_ef_io__analog_stubs.lib line 43, default_fanout_load is 0.0.
[STA-1140] /Users/aoxo/.ciel/ciel/sky130/versions/74c0e6b118a67d94c24172143d3bd597473fa63d/sky130A/libs.ref/sky130_fd_sc_hd/lib/sky130_fd_sc_hd__tt_025C_1v80.lib line 1, library sky130_fd_sc_hd__tt_025C_1v80 already exists.
[STA-1140] /Users/aoxo/.ciel/ciel/sky130/versions/74c0e6b118a67d94c24172143d3bd597473fa63d/sky130A/libs.ref/sky130_fd_io/lib/sky130_ef_io__vccd_lvc_clamped_pad_tt_025C_1v80_3v30_3v30.lib line 18, library sky130_ef_io__vccd_lvc_clamped_pad_tt_025C_1v80_3v30_3v30 already exists.
[STA-1173] /Users/aoxo/.ciel/ciel/sky130/versions/74c0e6b118a67d94c24172143d3bd597473fa63d/sky130A/libs.ref/sky130_fd_io/lib/sky130_ef_io__vccd_lvc_clamped_pad_tt_025C_1v80_3v30_3v30.lib line 42, default_fanout_load is 0.0.
[STA-1140] /Users/aoxo/.ciel/ciel/sky130/versions/74c0e6b118a67d94c24172143d3bd597473fa63d/sky130A/libs.ref/sky130_fd_io/lib/sky130_ef_io__vssd_lvc_clamped_pad_tt_025C_1v80_3v30.lib line 18, library sky130_ef_io__vssd_lvc_clamped_pad_tt_025C_1v80_3v30 already exists.
[STA-1173] /Users/aoxo/.ciel/ciel/sky130/versions/74c0e6b118a67d94c24172143d3bd597473fa63d/sky130A/libs.ref/sky130_fd_io/lib/sky130_ef_io__vssd_lvc_clamped_pad_tt_025C_1v80_3v30.lib line 43, default_fanout_load is 0.0.
[STA-1140] /Users/aoxo/.ciel/ciel/sky130/versions/74c0e6b118a67d94c24172143d3bd597473fa63d/sky130A/libs.ref/sky130_fd_io/lib/sky130_ef_io__vddio_hvc_clamped_pad_tt_025C_1v80_3v30_3v30.lib line 18, library sky130_ef_io__vddio_hvc_clamped_pad_tt_025C_1v80_3v30_3v30 already exists.
[STA-1173] /Users/aoxo/.ciel/ciel/sky130/versions/74c0e6b118a67d94c24172143d3bd597473fa63d/sky130A/libs.ref/sky130_fd_io/lib/sky130_ef_io__vddio_hvc_clamped_pad_tt_025C_1v80_3v30_3v30.lib line 42, default_fanout_load is 0.0.
[STA-1140] /Users/aoxo/.ciel/ciel/sky130/versions/74c0e6b118a67d94c24172143d3bd597473fa63d/sky130A/libs.ref/sky130_fd_io/lib/sky130_ef_io__vssio_hvc_clamped_pad_tt_025C_1v80_3v30_3v30.lib line 18, library sky130_ef_io__vssio_hvc_clamped_pad_tt_025C_1v80_3v30_3v30 already exists.
[STA-1173] /Users/aoxo/.ciel/ciel/sky130/versions/74c0e6b118a67d94c24172143d3bd597473fa63d/sky130A/libs.ref/sky130_fd_io/lib/sky130_ef_io__vssio_hvc_clamped_pad_tt_025C_1v80_3v30_3v30.lib line 42, default_fanout_load is 0.0.
[STA-1140] /Users/aoxo/.ciel/ciel/sky130/versions/74c0e6b118a67d94c24172143d3bd597473fa63d/sky130A/libs.ref/sky130_fd_io/lib/sky130_ef_io__gpiov2_pad_tt_tt_025C_1v80_3v30.lib line 18, library sky130_ef_io__gpiov2_pad_tt_tt_025C_1v80_3v30 already exists.
[STA-1173] /Users/aoxo/.ciel/ciel/sky130/versions/74c0e6b118a67d94c24172143d3bd597473fa63d/sky130A/libs.ref/sky130_fd_io/lib/sky130_ef_io__gpiov2_pad_tt_tt_025C_1v80_3v30.lib line 33, default_fanout_load is 0.0.
[STA-1140] /Users/aoxo/.ciel/ciel/sky130/versions/74c0e6b118a67d94c24172143d3bd597473fa63d/sky130A/libs.ref/sky130_fd_io/lib/slices_stubs.lib line 18, library slices_stubs already exists.
[STA-1173] /Users/aoxo/.ciel/ciel/sky130/versions/74c0e6b118a67d94c24172143d3bd597473fa63d/sky130A/libs.ref/sky130_fd_io/lib/slices_stubs.lib line 33, default_fanout_load is 0.0.
[STA-1140] /Users/aoxo/.ciel/ciel/sky130/versions/74c0e6b118a67d94c24172143d3bd597473fa63d/sky130A/libs.ref/sky130_fd_io/lib/sky130_ef_io__analog_stubs.lib line 18, library sky130_ef_io__analog_stubs already exists.
[STA-1173] /Users/aoxo/.ciel/ciel/sky130/versions/74c0e6b118a67d94c24172143d3bd597473fa63d/sky130A/libs.ref/sky130_fd_io/lib/sky130_ef_io__analog_stubs.lib line 43, default_fanout_load is 0.0.
[STA-1173] /Users/aoxo/.ciel/ciel/sky130/versions/74c0e6b118a67d94c24172143d3bd597473fa63d/sky130A/libs.ref/sky130_fd_io/lib/sky130_ef_io__vccd_lvc_clamped_pad_ff_n40C_1v95_5v50_5v50.lib line 42, default_fanout_load is 0.0.
[STA-1173] /Users/aoxo/.ciel/ciel/sky130/versions/74c0e6b118a67d94c24172143d3bd597473fa63d/sky130A/libs.ref/sky130_fd_io/lib/sky130_ef_io__vssd_lvc_clamped_pad_ff_n40C_1v95_5v50.lib line 43, default_fanout_load is 0.0.
[STA-1173] /Users/aoxo/.ciel/ciel/sky130/versions/74c0e6b118a67d94c24172143d3bd597473fa63d/sky130A/libs.ref/sky130_fd_io/lib/sky130_ef_io__vddio_hvc_clamped_pad_ff_n40C_1v95_5v50_5v50.lib line 42, default_fanout_load is 0.0.
[STA-1173] /Users/aoxo/.ciel/ciel/sky130/versions/74c0e6b118a67d94c24172143d3bd597473fa63d/sky130A/libs.ref/sky130_fd_io/lib/sky130_ef_io__vssio_hvc_clamped_pad_ff_n40C_1v95_5v50_5v50.lib line 42, default_fanout_load is 0.0.
[STA-1173] /Users/aoxo/.ciel/ciel/sky130/versions/74c0e6b118a67d94c24172143d3bd597473fa63d/sky130A/libs.ref/sky130_fd_io/lib/sky130_ef_io__gpiov2_pad_ff_ff_n40C_1v95_5v50.lib line 33, default_fanout_load is 0.0.
[STA-1140] /Users/aoxo/.ciel/ciel/sky130/versions/74c0e6b118a67d94c24172143d3bd597473fa63d/sky130A/libs.ref/sky130_fd_io/lib/slices_stubs.lib line 18, library slices_stubs already exists.
[STA-1173] /Users/aoxo/.ciel/ciel/sky130/versions/74c0e6b118a67d94c24172143d3bd597473fa63d/sky130A/libs.ref/sky130_fd_io/lib/slices_stubs.lib line 33, default_fanout_load is 0.0.
[STA-1140] /Users/aoxo/.ciel/ciel/sky130/versions/74c0e6b118a67d94c24172143d3bd597473fa63d/sky130A/libs.ref/sky130_fd_io/lib/sky130_ef_io__analog_stubs.lib line 18, library sky130_ef_io__analog_stubs already exists.
[STA-1173] /Users/aoxo/.ciel/ciel/sky130/versions/74c0e6b118a67d94c24172143d3bd597473fa63d/sky130A/libs.ref/sky130_fd_io/lib/sky130_ef_io__analog_stubs.lib line 43, default_fanout_load is 0.0.
[STA-1140] /Users/aoxo/.ciel/ciel/sky130/versions/74c0e6b118a67d94c24172143d3bd597473fa63d/sky130A/libs.ref/sky130_fd_sc_hd/lib/sky130_fd_sc_hd__ff_n40C_1v95.lib line 1, library sky130_fd_sc_hd__ff_n40C_1v95 already exists.
[STA-1140] /Users/aoxo/.ciel/ciel/sky130/versions/74c0e6b118a67d94c24172143d3bd597473fa63d/sky130A/libs.ref/sky130_fd_io/lib/sky130_ef_io__vccd_lvc_clamped_pad_ff_n40C_1v95_5v50_5v50.lib line 18, library sky130_ef_io__vccd_lvc_clamped_pad_ff_n40C_1v95_5v50_5v50 already exists.
[STA-1173] /Users/aoxo/.ciel/ciel/sky130/versions/74c0e6b118a67d94c24172143d3bd597473fa63d/sky130A/libs.ref/sky130_fd_io/lib/sky130_ef_io__vccd_lvc_clamped_pad_ff_n40C_1v95_5v50_5v50.lib line 42, default_fanout_load is 0.0.
[STA-1140] /Users/aoxo/.ciel/ciel/sky130/versions/74c0e6b118a67d94c24172143d3bd597473fa63d/sky130A/libs.ref/sky130_fd_io/lib/sky130_ef_io__vssd_lvc_clamped_pad_ff_n40C_1v95_5v50.lib line 18, library sky130_ef_io__vssd_lvc_clamped_pad_ff_n40C_1v95_5v50 already exists.
[STA-1173] /Users/aoxo/.ciel/ciel/sky130/versions/74c0e6b118a67d94c24172143d3bd597473fa63d/sky130A/libs.ref/sky130_fd_io/lib/sky130_ef_io__vssd_lvc_clamped_pad_ff_n40C_1v95_5v50.lib line 43, default_fanout_load is 0.0.
[STA-1140] /Users/aoxo/.ciel/ciel/sky130/versions/74c0e6b118a67d94c24172143d3bd597473fa63d/sky130A/libs.ref/sky130_fd_io/lib/sky130_ef_io__vddio_hvc_clamped_pad_ff_n40C_1v95_5v50_5v50.lib line 18, library sky130_ef_io__vddio_hvc_clamped_pad_ff_n40C_1v95_5v50_5v50 already exists.
[STA-1173] /Users/aoxo/.ciel/ciel/sky130/versions/74c0e6b118a67d94c24172143d3bd597473fa63d/sky130A/libs.ref/sky130_fd_io/lib/sky130_ef_io__vddio_hvc_clamped_pad_ff_n40C_1v95_5v50_5v50.lib line 42, default_fanout_load is 0.0.
[STA-1140] /Users/aoxo/.ciel/ciel/sky130/versions/74c0e6b118a67d94c24172143d3bd597473fa63d/sky130A/libs.ref/sky130_fd_io/lib/sky130_ef_io__vssio_hvc_clamped_pad_ff_n40C_1v95_5v50_5v50.lib line 18, library sky130_ef_io__vssio_hvc_clamped_pad_ff_n40C_1v95_5v50_5v50 already exists.
[STA-1173] /Users/aoxo/.ciel/ciel/sky130/versions/74c0e6b118a67d94c24172143d3bd597473fa63d/sky130A/libs.ref/sky130_fd_io/lib/sky130_ef_io__vssio_hvc_clamped_pad_ff_n40C_1v95_5v50_5v50.lib line 42, default_fanout_load is 0.0.
[STA-1140] /Users/aoxo/.ciel/ciel/sky130/versions/74c0e6b118a67d94c24172143d3bd597473fa63d/sky130A/libs.ref/sky130_fd_io/lib/sky130_ef_io__gpiov2_pad_ff_ff_n40C_1v95_5v50.lib line 18, library sky130_ef_io__gpiov2_pad_ff_ff_n40C_1v95_5v50 already exists.
[STA-1173] /Users/aoxo/.ciel/ciel/sky130/versions/74c0e6b118a67d94c24172143d3bd597473fa63d/sky130A/libs.ref/sky130_fd_io/lib/sky130_ef_io__gpiov2_pad_ff_ff_n40C_1v95_5v50.lib line 33, default_fanout_load is 0.0.
[STA-1140] /Users/aoxo/.ciel/ciel/sky130/versions/74c0e6b118a67d94c24172143d3bd597473fa63d/sky130A/libs.ref/sky130_fd_io/lib/slices_stubs.lib line 18, library slices_stubs already exists.
[STA-1173] /Users/aoxo/.ciel/ciel/sky130/versions/74c0e6b118a67d94c24172143d3bd597473fa63d/sky130A/libs.ref/sky130_fd_io/lib/slices_stubs.lib line 33, default_fanout_load is 0.0.
[STA-1140] /Users/aoxo/.ciel/ciel/sky130/versions/74c0e6b118a67d94c24172143d3bd597473fa63d/sky130A/libs.ref/sky130_fd_io/lib/sky130_ef_io__analog_stubs.lib line 18, library sky130_ef_io__analog_stubs already exists.
[STA-1173] /Users/aoxo/.ciel/ciel/sky130/versions/74c0e6b118a67d94c24172143d3bd597473fa63d/sky130A/libs.ref/sky130_fd_io/lib/sky130_ef_io__analog_stubs.lib line 43, default_fanout_load is 0.0.
[STA-1140] /Users/aoxo/.ciel/ciel/sky130/versions/74c0e6b118a67d94c24172143d3bd597473fa63d/sky130A/libs.ref/sky130_fd_sc_hd/lib/sky130_fd_sc_hd__ss_100C_1v60.lib line 1, library sky130_fd_sc_hd__ss_100C_1v60 already exists.
[STA-1140] /Users/aoxo/.ciel/ciel/sky130/versions/74c0e6b118a67d94c24172143d3bd597473fa63d/sky130A/libs.ref/sky130_fd_io/lib/sky130_ef_io__vccd_lvc_clamped_pad_ss_100C_1v60_3v00_3v00.lib line 18, library sky130_ef_io__vccd_lvc_clamped_pad_ss_100C_1v60_3v00_3v00 already exists.
[STA-1173] /Users/aoxo/.ciel/ciel/sky130/versions/74c0e6b118a67d94c24172143d3bd597473fa63d/sky130A/libs.ref/sky130_fd_io/lib/sky130_ef_io__vccd_lvc_clamped_pad_ss_100C_1v60_3v00_3v00.lib line 42, default_fanout_load is 0.0.
[STA-1140] /Users/aoxo/.ciel/ciel/sky130/versions/74c0e6b118a67d94c24172143d3bd597473fa63d/sky130A/libs.ref/sky130_fd_io/lib/sky130_ef_io__vssd_lvc_clamped_pad_ss_100C_1v60_3v00.lib line 18, library sky130_ef_io__vssd_lvc_clamped_pad_ss_100C_1v60_3v00 already exists.
[STA-1173] /Users/aoxo/.ciel/ciel/sky130/versions/74c0e6b118a67d94c24172143d3bd597473fa63d/sky130A/libs.ref/sky130_fd_io/lib/sky130_ef_io__vssd_lvc_clamped_pad_ss_100C_1v60_3v00.lib line 43, default_fanout_load is 0.0.
[STA-1140] /Users/aoxo/.ciel/ciel/sky130/versions/74c0e6b118a67d94c24172143d3bd597473fa63d/sky130A/libs.ref/sky130_fd_io/lib/sky130_ef_io__vddio_hvc_clamped_pad_ss_100C_1v60_3v00_3v00.lib line 18, library sky130_ef_io__vddio_hvc_clamped_pad_ss_100C_1v60_3v00_3v00 already exists.
[STA-1173] /Users/aoxo/.ciel/ciel/sky130/versions/74c0e6b118a67d94c24172143d3bd597473fa63d/sky130A/libs.ref/sky130_fd_io/lib/sky130_ef_io__vddio_hvc_clamped_pad_ss_100C_1v60_3v00_3v00.lib line 42, default_fanout_load is 0.0.
[STA-1140] /Users/aoxo/.ciel/ciel/sky130/versions/74c0e6b118a67d94c24172143d3bd597473fa63d/sky130A/libs.ref/sky130_fd_io/lib/sky130_ef_io__vssio_hvc_clamped_pad_ss_100C_1v60_3v00_3v00.lib line 18, library sky130_ef_io__vssio_hvc_clamped_pad_ss_100C_1v60_3v00_3v00 already exists.
[STA-1173] /Users/aoxo/.ciel/ciel/sky130/versions/74c0e6b118a67d94c24172143d3bd597473fa63d/sky130A/libs.ref/sky130_fd_io/lib/sky130_ef_io__vssio_hvc_clamped_pad_ss_100C_1v60_3v00_3v00.lib line 42, default_fanout_load is 0.0.
[STA-1140] /Users/aoxo/.ciel/ciel/sky130/versions/74c0e6b118a67d94c24172143d3bd597473fa63d/sky130A/libs.ref/sky130_fd_io/lib/sky130_ef_io__gpiov2_pad_ss_ss_100C_1v60_3v00.lib line 18, library sky130_ef_io__gpiov2_pad_ss_ss_100C_1v60_3v00 already exists.
[STA-1173] /Users/aoxo/.ciel/ciel/sky130/versions/74c0e6b118a67d94c24172143d3bd597473fa63d/sky130A/libs.ref/sky130_fd_io/lib/sky130_ef_io__gpiov2_pad_ss_ss_100C_1v60_3v00.lib line 33, default_fanout_load is 0.0.
[STA-1111] cell sky130_ef_io__gpiov2_pad_ss_ss_100C_1v60_3v00/sky130_ef_io__gpiov2_pad OUT -> PAD timing group combinational not found in cell sky130_ef_io__gpiov2_pad_tt_tt_025C_1v80_3v30/sky130_ef_io__gpiov2_pad.
[STA-1111] cell sky130_ef_io__gpiov2_pad_ss_ss_100C_1v60_3v00/sky130_ef_io__gpiov2_pad OUT -> PAD timing group combinational not found in cell sky130_ef_io__gpiov2_pad_tt_tt_025C_1v80_3v30/sky130_ef_io__gpiov2_pad.
[STA-1111] cell sky130_ef_io__gpiov2_pad_ss_ss_100C_1v60_3v00/sky130_ef_io__gpiov2_pad OUT -> PAD timing group combinational not found in cell sky130_ef_io__gpiov2_pad_tt_tt_025C_1v80_3v30/sky130_ef_io__gpiov2_pad.
[STA-1111] cell sky130_ef_io__gpiov2_pad_ss_ss_100C_1v60_3v00/sky130_ef_io__gpiov2_pad OUT -> PAD timing group combinational not found in cell sky130_ef_io__gpiov2_pad_tt_tt_025C_1v80_3v30/sky130_ef_io__gpiov2_pad.
[STA-1140] /Users/aoxo/.ciel/ciel/sky130/versions/74c0e6b118a67d94c24172143d3bd597473fa63d/sky130A/libs.ref/sky130_fd_io/lib/slices_stubs.lib line 18, library slices_stubs already exists.
[STA-1173] /Users/aoxo/.ciel/ciel/sky130/versions/74c0e6b118a67d94c24172143d3bd597473fa63d/sky130A/libs.ref/sky130_fd_io/lib/slices_stubs.lib line 33, default_fanout_load is 0.0.
[STA-1140] /Users/aoxo/.ciel/ciel/sky130/versions/74c0e6b118a67d94c24172143d3bd597473fa63d/sky130A/libs.ref/sky130_fd_io/lib/sky130_ef_io__analog_stubs.lib line 18, library sky130_ef_io__analog_stubs already exists.
[STA-1173] /Users/aoxo/.ciel/ciel/sky130/versions/74c0e6b118a67d94c24172143d3bd597473fa63d/sky130A/libs.ref/sky130_fd_io/lib/sky130_ef_io__analog_stubs.lib line 43, default_fanout_load is 0.0.
[STA-1140] /Users/aoxo/.ciel/ciel/sky130/versions/74c0e6b118a67d94c24172143d3bd597473fa63d/sky130A/libs.ref/sky130_fd_sc_hd/lib/sky130_fd_sc_hd__tt_025C_1v80.lib line 1, library sky130_fd_sc_hd__tt_025C_1v80 already exists.
[STA-1140] /Users/aoxo/.ciel/ciel/sky130/versions/74c0e6b118a67d94c24172143d3bd597473fa63d/sky130A/libs.ref/sky130_fd_io/lib/sky130_ef_io__vccd_lvc_clamped_pad_tt_025C_1v80_3v30_3v30.lib line 18, library sky130_ef_io__vccd_lvc_clamped_pad_tt_025C_1v80_3v30_3v30 already exists.
[STA-1173] /Users/aoxo/.ciel/ciel/sky130/versions/74c0e6b118a67d94c24172143d3bd597473fa63d/sky130A/libs.ref/sky130_fd_io/lib/sky130_ef_io__vccd_lvc_clamped_pad_tt_025C_1v80_3v30_3v30.lib line 42, default_fanout_load is 0.0.
[STA-1140] /Users/aoxo/.ciel/ciel/sky130/versions/74c0e6b118a67d94c24172143d3bd597473fa63d/sky130A/libs.ref/sky130_fd_io/lib/sky130_ef_io__vssd_lvc_clamped_pad_tt_025C_1v80_3v30.lib line 18, library sky130_ef_io__vssd_lvc_clamped_pad_tt_025C_1v80_3v30 already exists.
[STA-1173] /Users/aoxo/.ciel/ciel/sky130/versions/74c0e6b118a67d94c24172143d3bd597473fa63d/sky130A/libs.ref/sky130_fd_io/lib/sky130_ef_io__vssd_lvc_clamped_pad_tt_025C_1v80_3v30.lib line 43, default_fanout_load is 0.0.
[STA-1140] /Users/aoxo/.ciel/ciel/sky130/versions/74c0e6b118a67d94c24172143d3bd597473fa63d/sky130A/libs.ref/sky130_fd_io/lib/sky130_ef_io__vddio_hvc_clamped_pad_tt_025C_1v80_3v30_3v30.lib line 18, library sky130_ef_io__vddio_hvc_clamped_pad_tt_025C_1v80_3v30_3v30 already exists.
[STA-1173] /Users/aoxo/.ciel/ciel/sky130/versions/74c0e6b118a67d94c24172143d3bd597473fa63d/sky130A/libs.ref/sky130_fd_io/lib/sky130_ef_io__vddio_hvc_clamped_pad_tt_025C_1v80_3v30_3v30.lib line 42, default_fanout_load is 0.0.
[STA-1140] /Users/aoxo/.ciel/ciel/sky130/versions/74c0e6b118a67d94c24172143d3bd597473fa63d/sky130A/libs.ref/sky130_fd_io/lib/sky130_ef_io__vssio_hvc_clamped_pad_tt_025C_1v80_3v30_3v30.lib line 18, library sky130_ef_io__vssio_hvc_clamped_pad_tt_025C_1v80_3v30_3v30 already exists.
[STA-1173] /Users/aoxo/.ciel/ciel/sky130/versions/74c0e6b118a67d94c24172143d3bd597473fa63d/sky130A/libs.ref/sky130_fd_io/lib/sky130_ef_io__vssio_hvc_clamped_pad_tt_025C_1v80_3v30_3v30.lib line 42, default_fanout_load is 0.0.
[STA-1140] /Users/aoxo/.ciel/ciel/sky130/versions/74c0e6b118a67d94c24172143d3bd597473fa63d/sky130A/libs.ref/sky130_fd_io/lib/sky130_ef_io__gpiov2_pad_tt_tt_025C_1v80_3v30.lib line 18, library sky130_ef_io__gpiov2_pad_tt_tt_025C_1v80_3v30 already exists.
[STA-1173] /Users/aoxo/.ciel/ciel/sky130/versions/74c0e6b118a67d94c24172143d3bd597473fa63d/sky130A/libs.ref/sky130_fd_io/lib/sky130_ef_io__gpiov2_pad_tt_tt_025C_1v80_3v30.lib line 33, default_fanout_load is 0.0.
[STA-1140] /Users/aoxo/.ciel/ciel/sky130/versions/74c0e6b118a67d94c24172143d3bd597473fa63d/sky130A/libs.ref/sky130_fd_io/lib/slices_stubs.lib line 18, library slices_stubs already exists.
[STA-1173] /Users/aoxo/.ciel/ciel/sky130/versions/74c0e6b118a67d94c24172143d3bd597473fa63d/sky130A/libs.ref/sky130_fd_io/lib/slices_stubs.lib line 33, default_fanout_load is 0.0.
[STA-1140] /Users/aoxo/.ciel/ciel/sky130/versions/74c0e6b118a67d94c24172143d3bd597473fa63d/sky130A/libs.ref/sky130_fd_io/lib/sky130_ef_io__analog_stubs.lib line 18, library sky130_ef_io__analog_stubs already exists.
[STA-1173] /Users/aoxo/.ciel/ciel/sky130/versions/74c0e6b118a67d94c24172143d3bd597473fa63d/sky130A/libs.ref/sky130_fd_io/lib/sky130_ef_io__analog_stubs.lib line 43, default_fanout_load is 0.0.
[STA-1140] /Users/aoxo/.ciel/ciel/sky130/versions/74c0e6b118a67d94c24172143d3bd597473fa63d/sky130A/libs.ref/sky130_fd_sc_hd/lib/sky130_fd_sc_hd__ss_100C_1v60.lib line 1, library sky130_fd_sc_hd__ss_100C_1v60 already exists.
[STA-1140] /Users/aoxo/.ciel/ciel/sky130/versions/74c0e6b118a67d94c24172143d3bd597473fa63d/sky130A/libs.ref/sky130_fd_io/lib/sky130_ef_io__vccd_lvc_clamped_pad_ss_100C_1v60_3v00_3v00.lib line 18, library sky130_ef_io__vccd_lvc_clamped_pad_ss_100C_1v60_3v00_3v00 already exists.
[STA-1173] /Users/aoxo/.ciel/ciel/sky130/versions/74c0e6b118a67d94c24172143d3bd597473fa63d/sky130A/libs.ref/sky130_fd_io/lib/sky130_ef_io__vccd_lvc_clamped_pad_ss_100C_1v60_3v00_3v00.lib line 42, default_fanout_load is 0.0.
[STA-1140] /Users/aoxo/.ciel/ciel/sky130/versions/74c0e6b118a67d94c24172143d3bd597473fa63d/sky130A/libs.ref/sky130_fd_io/lib/sky130_ef_io__vssd_lvc_clamped_pad_ss_100C_1v60_3v00.lib line 18, library sky130_ef_io__vssd_lvc_clamped_pad_ss_100C_1v60_3v00 already exists.
[STA-1173] /Users/aoxo/.ciel/ciel/sky130/versions/74c0e6b118a67d94c24172143d3bd597473fa63d/sky130A/libs.ref/sky130_fd_io/lib/sky130_ef_io__vssd_lvc_clamped_pad_ss_100C_1v60_3v00.lib line 43, default_fanout_load is 0.0.
[STA-1140] /Users/aoxo/.ciel/ciel/sky130/versions/74c0e6b118a67d94c24172143d3bd597473fa63d/sky130A/libs.ref/sky130_fd_io/lib/sky130_ef_io__vddio_hvc_clamped_pad_ss_100C_1v60_3v00_3v00.lib line 18, library sky130_ef_io__vddio_hvc_clamped_pad_ss_100C_1v60_3v00_3v00 already exists.
[STA-1173] /Users/aoxo/.ciel/ciel/sky130/versions/74c0e6b118a67d94c24172143d3bd597473fa63d/sky130A/libs.ref/sky130_fd_io/lib/sky130_ef_io__vddio_hvc_clamped_pad_ss_100C_1v60_3v00_3v00.lib line 42, default_fanout_load is 0.0.
[STA-1140] /Users/aoxo/.ciel/ciel/sky130/versions/74c0e6b118a67d94c24172143d3bd597473fa63d/sky130A/libs.ref/sky130_fd_io/lib/sky130_ef_io__vssio_hvc_clamped_pad_ss_100C_1v60_3v00_3v00.lib line 18, library sky130_ef_io__vssio_hvc_clamped_pad_ss_100C_1v60_3v00_3v00 already exists.
[STA-1173] /Users/aoxo/.ciel/ciel/sky130/versions/74c0e6b118a67d94c24172143d3bd597473fa63d/sky130A/libs.ref/sky130_fd_io/lib/sky130_ef_io__vssio_hvc_clamped_pad_ss_100C_1v60_3v00_3v00.lib line 42, default_fanout_load is 0.0.
[STA-1140] /Users/aoxo/.ciel/ciel/sky130/versions/74c0e6b118a67d94c24172143d3bd597473fa63d/sky130A/libs.ref/sky130_fd_io/lib/sky130_ef_io__gpiov2_pad_ss_ss_100C_1v60_3v00.lib line 18, library sky130_ef_io__gpiov2_pad_ss_ss_100C_1v60_3v00 already exists.
[STA-1173] /Users/aoxo/.ciel/ciel/sky130/versions/74c0e6b118a67d94c24172143d3bd597473fa63d/sky130A/libs.ref/sky130_fd_io/lib/sky130_ef_io__gpiov2_pad_ss_ss_100C_1v60_3v00.lib line 33, default_fanout_load is 0.0.
[STA-1111] cell sky130_ef_io__gpiov2_pad_ss_ss_100C_1v60_3v00/sky130_ef_io__gpiov2_pad OUT -> PAD timing group combinational not found in cell sky130_ef_io__gpiov2_pad_tt_tt_025C_1v80_3v30/sky130_ef_io__gpiov2_pad.
[STA-1111] cell sky130_ef_io__gpiov2_pad_ss_ss_100C_1v60_3v00/sky130_ef_io__gpiov2_pad OUT -> PAD timing group combinational not found in cell sky130_ef_io__gpiov2_pad_tt_tt_025C_1v80_3v30/sky130_ef_io__gpiov2_pad.
[STA-1111] cell sky130_ef_io__gpiov2_pad_ss_ss_100C_1v60_3v00/sky130_ef_io__gpiov2_pad OUT -> PAD timing group combinational not found in cell sky130_ef_io__gpiov2_pad_tt_tt_025C_1v80_3v30/sky130_ef_io__gpiov2_pad.
[STA-1111] cell sky130_ef_io__gpiov2_pad_ss_ss_100C_1v60_3v00/sky130_ef_io__gpiov2_pad OUT -> PAD timing group combinational not found in cell sky130_ef_io__gpiov2_pad_tt_tt_025C_1v80_3v30/sky130_ef_io__gpiov2_pad.
[STA-1140] /Users/aoxo/.ciel/ciel/sky130/versions/74c0e6b118a67d94c24172143d3bd597473fa63d/sky130A/libs.ref/sky130_fd_io/lib/slices_stubs.lib line 18, library slices_stubs already exists.
[STA-1173] /Users/aoxo/.ciel/ciel/sky130/versions/74c0e6b118a67d94c24172143d3bd597473fa63d/sky130A/libs.ref/sky130_fd_io/lib/slices_stubs.lib line 33, default_fanout_load is 0.0.
[STA-1140] /Users/aoxo/.ciel/ciel/sky130/versions/74c0e6b118a67d94c24172143d3bd597473fa63d/sky130A/libs.ref/sky130_fd_io/lib/sky130_ef_io__analog_stubs.lib line 18, library sky130_ef_io__analog_stubs already exists.
[STA-1173] /Users/aoxo/.ciel/ciel/sky130/versions/74c0e6b118a67d94c24172143d3bd597473fa63d/sky130A/libs.ref/sky130_fd_io/lib/sky130_ef_io__analog_stubs.lib line 43, default_fanout_load is 0.0.
[STA-1140] /Users/aoxo/.ciel/ciel/sky130/versions/74c0e6b118a67d94c24172143d3bd597473fa63d/sky130A/libs.ref/sky130_fd_sc_hd/lib/sky130_fd_sc_hd__ff_n40C_1v95.lib line 1, library sky130_fd_sc_hd__ff_n40C_1v95 already exists.
[STA-1140] /Users/aoxo/.ciel/ciel/sky130/versions/74c0e6b118a67d94c24172143d3bd597473fa63d/sky130A/libs.ref/sky130_fd_io/lib/sky130_ef_io__vccd_lvc_clamped_pad_ff_n40C_1v95_5v50_5v50.lib line 18, library sky130_ef_io__vccd_lvc_clamped_pad_ff_n40C_1v95_5v50_5v50 already exists.
[STA-1173] /Users/aoxo/.ciel/ciel/sky130/versions/74c0e6b118a67d94c24172143d3bd597473fa63d/sky130A/libs.ref/sky130_fd_io/lib/sky130_ef_io__vccd_lvc_clamped_pad_ff_n40C_1v95_5v50_5v50.lib line 42, default_fanout_load is 0.0.
[STA-1140] /Users/aoxo/.ciel/ciel/sky130/versions/74c0e6b118a67d94c24172143d3bd597473fa63d/sky130A/libs.ref/sky130_fd_io/lib/sky130_ef_io__vssd_lvc_clamped_pad_ff_n40C_1v95_5v50.lib line 18, library sky130_ef_io__vssd_lvc_clamped_pad_ff_n40C_1v95_5v50 already exists.
[STA-1173] /Users/aoxo/.ciel/ciel/sky130/versions/74c0e6b118a67d94c24172143d3bd597473fa63d/sky130A/libs.ref/sky130_fd_io/lib/sky130_ef_io__vssd_lvc_clamped_pad_ff_n40C_1v95_5v50.lib line 43, default_fanout_load is 0.0.
[STA-1140] /Users/aoxo/.ciel/ciel/sky130/versions/74c0e6b118a67d94c24172143d3bd597473fa63d/sky130A/libs.ref/sky130_fd_io/lib/sky130_ef_io__vddio_hvc_clamped_pad_ff_n40C_1v95_5v50_5v50.lib line 18, library sky130_ef_io__vddio_hvc_clamped_pad_ff_n40C_1v95_5v50_5v50 already exists.
[STA-1173] /Users/aoxo/.ciel/ciel/sky130/versions/74c0e6b118a67d94c24172143d3bd597473fa63d/sky130A/libs.ref/sky130_fd_io/lib/sky130_ef_io__vddio_hvc_clamped_pad_ff_n40C_1v95_5v50_5v50.lib line 42, default_fanout_load is 0.0.
[STA-1140] /Users/aoxo/.ciel/ciel/sky130/versions/74c0e6b118a67d94c24172143d3bd597473fa63d/sky130A/libs.ref/sky130_fd_io/lib/sky130_ef_io__vssio_hvc_clamped_pad_ff_n40C_1v95_5v50_5v50.lib line 18, library sky130_ef_io__vssio_hvc_clamped_pad_ff_n40C_1v95_5v50_5v50 already exists.
[STA-1173] /Users/aoxo/.ciel/ciel/sky130/versions/74c0e6b118a67d94c24172143d3bd597473fa63d/sky130A/libs.ref/sky130_fd_io/lib/sky130_ef_io__vssio_hvc_clamped_pad_ff_n40C_1v95_5v50_5v50.lib line 42, default_fanout_load is 0.0.
[STA-1140] /Users/aoxo/.ciel/ciel/sky130/versions/74c0e6b118a67d94c24172143d3bd597473fa63d/sky130A/libs.ref/sky130_fd_io/lib/sky130_ef_io__gpiov2_pad_ff_ff_n40C_1v95_5v50.lib line 18, library sky130_ef_io__gpiov2_pad_ff_ff_n40C_1v95_5v50 already exists.
[STA-1173] /Users/aoxo/.ciel/ciel/sky130/versions/74c0e6b118a67d94c24172143d3bd597473fa63d/sky130A/libs.ref/sky130_fd_io/lib/sky130_ef_io__gpiov2_pad_ff_ff_n40C_1v95_5v50.lib line 33, default_fanout_load is 0.0.
[STA-1140] /Users/aoxo/.ciel/ciel/sky130/versions/74c0e6b118a67d94c24172143d3bd597473fa63d/sky130A/libs.ref/sky130_fd_io/lib/slices_stubs.lib line 18, library slices_stubs already exists.
[STA-1173] /Users/aoxo/.ciel/ciel/sky130/versions/74c0e6b118a67d94c24172143d3bd597473fa63d/sky130A/libs.ref/sky130_fd_io/lib/slices_stubs.lib line 33, default_fanout_load is 0.0.
[STA-1140] /Users/aoxo/.ciel/ciel/sky130/versions/74c0e6b118a67d94c24172143d3bd597473fa63d/sky130A/libs.ref/sky130_fd_io/lib/sky130_ef_io__analog_stubs.lib line 18, library sky130_ef_io__analog_stubs already exists.
[STA-1173] /Users/aoxo/.ciel/ciel/sky130/versions/74c0e6b118a67d94c24172143d3bd597473fa63d/sky130A/libs.ref/sky130_fd_io/lib/sky130_ef_io__analog_stubs.lib line 43, default_fanout_load is 0.0.
[ORD-2056] The following 18 liberty cell(s) do not have LEF masters and will be marked as dont-use:
[EST-0026] Missing route to pin _2134_/B1 in net _0000_.
[EST-0026] Missing route to pin _2164_/B1 in net _0000_.
[EST-0026] Missing route to pin _2202_/B1 in net _0000_.
[EST-0026] Missing route to pin _2235_/B1 in net _0000_.
[EST-0026] Missing route to pin _2265_/B1 in net _0000_.
[EST-0026] Missing route to pin _2290_/B1 in net _0000_.
[EST-0026] Missing route to pin _2313_/B in net _0000_.
[EST-0026] Missing route to pin place211/A in net _0000_.
[EST-0026] Missing route to pin _2620_/COUT in net _0000_.
[EST-0026] Missing route to pin _2134_/B1 in net _0000_.
[EST-0026] Missing route to pin _2164_/B1 in net _0000_.
[EST-0026] Missing route to pin _2202_/B1 in net _0000_.
[EST-0026] Missing route to pin _2235_/B1 in net _0000_.
[EST-0026] Missing route to pin _2265_/B1 in net _0000_.
[EST-0026] Missing route to pin _2290_/B1 in net _0000_.
[EST-0026] Missing route to pin _2313_/B in net _0000_.
[EST-0026] Missing route to pin place211/A in net _0000_.
[EST-0026] Missing route to pin _2620_/COUT in net _0000_.
[EST-0026] Missing route to pin _2134_/B1 in net _0000_.
[EST-0026] Missing route to pin _2164_/B1 in net _0000_.
[EST-0026] Missing route to pin _2202_/B1 in net _0000_.
[EST-0026] Missing route to pin _2235_/B1 in net _0000_.
[EST-0026] Missing route to pin _2265_/B1 in net _0000_.
[EST-0026] Missing route to pin _2290_/B1 in net _0000_.
[EST-0026] Missing route to pin _2313_/B in net _0000_.
[EST-0026] Missing route to pin place211/A in net _0000_.
[EST-0026] Missing route to pin _2620_/COUT in net _0000_.
[EST-0026] Missing route to pin _2134_/B1 in net _0000_.
[EST-0026] Missing route to pin _2164_/B1 in net _0000_.
[EST-0026] Missing route to pin _2202_/B1 in net _0000_.
[EST-0026] Missing route to pin _2235_/B1 in net _0000_.
[EST-0026] Missing route to pin _2265_/B1 in net _0000_.
[EST-0026] Missing route to pin _2290_/B1 in net _0000_.
[EST-0026] Missing route to pin _2313_/B in net _0000_.
[EST-0026] Missing route to pin place211/A in net _0000_.
[EST-0026] Missing route to pin _2620_/COUT in net _0000_.
[EST-0026] Missing route to pin _2134_/B1 in net _0000_.
[EST-0026] Missing route to pin _2164_/B1 in net _0000_.
[EST-0026] Missing route to pin _2202_/B1 in net _0000_.
[EST-0026] Missing route to pin _2235_/B1 in net _0000_.
[EST-0026] Missing route to pin _2265_/B1 in net _0000_.
[EST-0026] Missing route to pin _2290_/B1 in net _0000_.
[EST-0026] Missing route to pin _2313_/B in net _0000_.
[EST-0026] Missing route to pin place211/A in net _0000_.
[EST-0026] Missing route to pin _2620_/COUT in net _0000_.
[EST-0026] Missing route to pin _2134_/B1 in net _0000_.
[EST-0026] Missing route to pin _2164_/B1 in net _0000_.
[EST-0026] Missing route to pin _2202_/B1 in net _0000_.
[EST-0026] Missing route to pin _2235_/B1 in net _0000_.
[EST-0026] Missing route to pin _2265_/B1 in net _0000_.
[EST-0026] Missing route to pin _2290_/B1 in net _0000_.
[EST-0026] Missing route to pin _2313_/B in net _0000_.
[EST-0026] Missing route to pin place211/A in net _0000_.
[EST-0026] Missing route to pin _2620_/COUT in net _0000_.
[EST-0026] Missing route to pin _2134_/B1 in net _0000_.
[EST-0026] Missing route to pin _2164_/B1 in net _0000_.
[EST-0026] Missing route to pin _2202_/B1 in net _0000_.
[EST-0026] Missing route to pin _2235_/B1 in net _0000_.
[EST-0026] Missing route to pin _2265_/B1 in net _0000_.
[EST-0026] Missing route to pin _2290_/B1 in net _0000_.
[EST-0026] Missing route to pin _2313_/B in net _0000_.
[EST-0026] Missing route to pin place211/A in net _0000_.
[EST-0026] Missing route to pin _2620_/COUT in net _0000_.
[EST-0026] Missing route to pin _2134_/B1 in net _0000_.
[EST-0026] Missing route to pin _2164_/B1 in net _0000_.
[EST-0026] Missing route to pin _2202_/B1 in net _0000_.
[EST-0026] Missing route to pin _2235_/B1 in net _0000_.
[EST-0026] Missing route to pin _2265_/B1 in net _0000_.
[EST-0026] Missing route to pin _2290_/B1 in net _0000_.
[EST-0026] Missing route to pin _2313_/B in net _0000_.
[EST-0026] Missing route to pin place211/A in net _0000_.
[EST-0026] Missing route to pin _2620_/COUT in net _0000_.
[EST-0026] Missing route to pin _2134_/B1 in net _0000_.
[EST-0026] Missing route to pin _2164_/B1 in net _0000_.
[EST-0026] Missing route to pin _2202_/B1 in net _0000_.
[EST-0026] Missing route to pin _2235_/B1 in net _0000_.
[EST-0026] Missing route to pin _2265_/B1 in net _0000_.
[EST-0026] Missing route to pin _2290_/B1 in net _0000_.
[EST-0026] Missing route to pin _2313_/B in net _0000_.
[EST-0026] Missing route to pin place211/A in net _0000_.
[EST-0026] Missing route to pin _2620_/COUT in net _0000_.
[EST-0026] Missing route to pin place210/A in net _0001_.
[EST-0026] Missing route to pin place209/A in net _0001_.
[EST-0026] Missing route to pin _2057_/A2 in net _0001_.
[EST-0026] Missing route to pin _2095_/A2 in net _0001_.
[EST-0026] Missing route to pin _2620_/SUM in net _0001_.
[EST-0026] Missing route to pin place210/A in net _0001_.
[EST-0026] Missing route to pin place209/A in net _0001_.
[EST-0026] Missing route to pin _2057_/A2 in net _0001_.
[EST-0026] Missing route to pin _2095_/A2 in net _0001_.
[EST-0026] Missing route to pin _2620_/SUM in net _0001_.
[EST-0026] Missing route to pin place210/A in net _0001_.
[EST-0026] Missing route to pin place209/A in net _0001_.
[EST-0026] Missing route to pin _2057_/A2 in net _0001_.
[EST-0026] Missing route to pin _2095_/A2 in net _0001_.
[EST-0026] Missing route to pin _2620_/SUM in net _0001_.
[EST-0026] Missing route to pin place210/A in net _0001_.
[EST-0026] Missing route to pin place209/A in net _0001_.
[EST-0026] Missing route to pin _2057_/A2 in net _0001_.
[EST-0026] Missing route to pin _2095_/A2 in net _0001_.
[EST-0026] Missing route to pin _2620_/SUM in net _0001_.
[EST-0026] Missing route to pin place210/A in net _0001_.
[EST-0026] Missing route to pin place209/A in net _0001_.
[EST-0026] Missing route to pin _2057_/A2 in net _0001_.
[EST-0026] Missing route to pin _2095_/A2 in net _0001_.
[EST-0026] Missing route to pin _2620_/SUM in net _0001_.
[EST-0026] Missing route to pin place210/A in net _0001_.
[EST-0026] Missing route to pin place209/A in net _0001_.
[EST-0026] Missing route to pin _2057_/A2 in net _0001_.
[EST-0026] Missing route to pin _2095_/A2 in net _0001_.
[EST-0026] Missing route to pin _2620_/SUM in net _0001_.
[EST-0026] Missing route to pin place210/A in net _0001_.
[EST-0026] Missing route to pin place209/A in net _0001_.
[EST-0026] Missing route to pin _2057_/A2 in net _0001_.
[EST-0026] Missing route to pin _2095_/A2 in net _0001_.
[EST-0026] Missing route to pin _2620_/SUM in net _0001_.
[EST-0026] Missing route to pin place210/A in net _0001_.
[EST-0026] Missing route to pin place209/A in net _0001_.
[EST-0026] Missing route to pin _2057_/A2 in net _0001_.
[EST-0026] Missing route to pin _2095_/A2 in net _0001_.
[EST-0026] Missing route to pin _2620_/SUM in net _0001_.
[EST-0026] Missing route to pin place210/A in net _0001_.
[EST-0026] Missing route to pin place209/A in net _0001_.
[EST-0026] Missing route to pin _2057_/A2 in net _0001_.
[EST-0026] Missing route to pin _2095_/A2 in net _0001_.
[EST-0026] Missing route to pin _2620_/SUM in net _0001_.
[EST-0026] Missing route to pin _2612_/A in net _0002_.
[EST-0026] Missing route to pin _1306_/Y in net _0002_.
[EST-0026] Missing route to pin _2612_/A in net _0002_.
[EST-0026] Missing route to pin _1306_/Y in net _0002_.
[EST-0026] Missing route to pin _2612_/A in net _0002_.
[EST-0026] Missing route to pin _1306_/Y in net _0002_.
[EST-0026] Missing route to pin _2612_/A in net _0002_.
[EST-0026] Missing route to pin _1306_/Y in net _0002_.
[EST-0026] Missing route to pin _2612_/A in net _0002_.
[EST-0026] Missing route to pin _1306_/Y in net _0002_.
[EST-0026] Missing route to pin _2612_/A in net _0002_.
[EST-0026] Missing route to pin _1306_/Y in net _0002_.
[EST-0026] Missing route to pin _2612_/A in net _0002_.
[EST-0026] Missing route to pin _1306_/Y in net _0002_.
[EST-0026] Missing route to pin _2612_/A in net _0002_.
[EST-0026] Missing route to pin _1306_/Y in net _0002_.
[EST-0026] Missing route to pin _2612_/A in net _0002_.
[EST-0026] Missing route to pin _1306_/Y in net _0002_.
[EST-0026] Missing route to pin _1628_/B2 in net _0003_.
[EST-0026] Missing route to pin _1646_/B2 in net _0003_.
[EST-0026] Missing route to pin _1672_/B2 in net _0003_.
[EST-0026] Missing route to pin _1692_/B2 in net _0003_.
[EST-0026] Missing route to pin _1700_/B2 in net _0003_.
[EST-0026] Missing route to pin place203/A in net _0003_.
[EST-0026] Missing route to pin _2621_/COUT in net _0003_.
[EST-0026] Missing route to pin _1628_/B2 in net _0003_.
[EST-0026] Missing route to pin _1646_/B2 in net _0003_.
[EST-0026] Missing route to pin _1672_/B2 in net _0003_.
[EST-0026] Missing route to pin _1692_/B2 in net _0003_.
[EST-0026] Missing route to pin _1700_/B2 in net _0003_.
[EST-0026] Missing route to pin place203/A in net _0003_.
[EST-0026] Missing route to pin _2621_/COUT in net _0003_.
[EST-0026] Missing route to pin _1628_/B2 in net _0003_.
[EST-0026] Missing route to pin _1646_/B2 in net _0003_.
[EST-0026] Missing route to pin _1672_/B2 in net _0003_.
[EST-0026] Missing route to pin _1692_/B2 in net _0003_.
[EST-0026] Missing route to pin _1700_/B2 in net _0003_.
[EST-0026] Missing route to pin place203/A in net _0003_.
[EST-0026] Missing route to pin _2621_/COUT in net _0003_.
[EST-0026] Missing route to pin _1628_/B2 in net _0003_.
[EST-0026] Missing route to pin _1646_/B2 in net _0003_.
[EST-0026] Missing route to pin _1672_/B2 in net _0003_.
[EST-0026] Missing route to pin _1692_/B2 in net _0003_.
[EST-0026] Missing route to pin _1700_/B2 in net _0003_.
[EST-0026] Missing route to pin place203/A in net _0003_.
[EST-0026] Missing route to pin _2621_/COUT in net _0003_.
[EST-0026] Missing route to pin _1628_/B2 in net _0003_.
[EST-0026] Missing route to pin _1646_/B2 in net _0003_.
[EST-0026] Missing route to pin _1672_/B2 in net _0003_.
[EST-0026] Missing route to pin _1692_/B2 in net _0003_.
[EST-0026] Missing route to pin _1700_/B2 in net _0003_.
[EST-0026] Missing route to pin place203/A in net _0003_.
[EST-0026] Missing route to pin _2621_/COUT in net _0003_.
[EST-0026] Missing route to pin _1628_/B2 in net _0003_.
[EST-0026] Missing route to pin _1646_/B2 in net _0003_.
[EST-0026] Missing route to pin _1672_/B2 in net _0003_.
[EST-0026] Missing route to pin _1692_/B2 in net _0003_.
[EST-0026] Missing route to pin _1700_/B2 in net _0003_.
[EST-0026] Missing route to pin place203/A in net _0003_.
[EST-0026] Missing route to pin _2621_/COUT in net _0003_.
[EST-0026] Missing route to pin _1628_/B2 in net _0003_.
[EST-0026] Missing route to pin _1646_/B2 in net _0003_.
[EST-0026] Missing route to pin _1672_/B2 in net _0003_.
[EST-0026] Missing route to pin _1692_/B2 in net _0003_.
[EST-0026] Missing route to pin _1700_/B2 in net _0003_.
[EST-0026] Missing route to pin place203/A in net _0003_.
[EST-0026] Missing route to pin _2621_/COUT in net _0003_.
[EST-0026] Missing route to pin _1628_/B2 in net _0003_.
[EST-0026] Missing route to pin _1646_/B2 in net _0003_.
[EST-0026] Missing route to pin _1672_/B2 in net _0003_.
[EST-0026] Missing route to pin _1692_/B2 in net _0003_.
[EST-0026] Missing route to pin _1700_/B2 in net _0003_.
[EST-0026] Missing route to pin place203/A in net _0003_.
[EST-0026] Missing route to pin _2621_/COUT in net _0003_.
[EST-0026] Missing route to pin _1628_/B2 in net _0003_.
[EST-0026] Missing route to pin _1646_/B2 in net _0003_.
[EST-0026] Missing route to pin _1672_/B2 in net _0003_.
[EST-0026] Missing route to pin _1692_/B2 in net _0003_.
[EST-0026] Missing route to pin _1700_/B2 in net _0003_.
[EST-0026] Missing route to pin place203/A in net _0003_.
[EST-0026] Missing route to pin _2621_/COUT in net _0003_.
[EST-0026] Missing route to pin hold553/A in net _0005_.
[EST-0026] Missing route to pin _1347_/X in net _0005_.
[EST-0026] Missing route to pin hold553/A in net _0005_.
[EST-0026] Missing route to pin _1347_/X in net _0005_.
[EST-0026] Missing route to pin hold553/A in net _0005_.
[EST-0026] Missing route to pin _1347_/X in net _0005_.
[EST-0026] Missing route to pin hold553/A in net _0005_.
[EST-0026] Missing route to pin _1347_/X in net _0005_.
[EST-0026] Missing route to pin hold553/A in net _0005_.
[EST-0026] Missing route to pin _1347_/X in net _0005_.
[EST-0026] Missing route to pin hold553/A in net _0005_.
[EST-0026] Missing route to pin _1347_/X in net _0005_.
[EST-0026] Missing route to pin hold553/A in net _0005_.
[EST-0026] Missing route to pin _1347_/X in net _0005_.
[EST-0026] Missing route to pin hold553/A in net _0005_.
[EST-0026] Missing route to pin _1347_/X in net _0005_.
[EST-0026] Missing route to pin hold553/A in net _0005_.
[EST-0026] Missing route to pin _1347_/X in net _0005_.
[EST-0026] Missing route to pin hold579/A in net _0006_.
[EST-0026] Missing route to pin _1351_/X in net _0006_.
[EST-0026] Missing route to pin hold579/A in net _0006_.
[EST-0026] Missing route to pin _1351_/X in net _0006_.
[EST-0026] Missing route to pin hold579/A in net _0006_.
[EST-0026] Missing route to pin _1351_/X in net _0006_.
[EST-0026] Missing route to pin hold579/A in net _0006_.
[EST-0026] Missing route to pin _1351_/X in net _0006_.
[EST-0026] Missing route to pin hold579/A in net _0006_.
[EST-0026] Missing route to pin _1351_/X in net _0006_.
[EST-0026] Missing route to pin hold579/A in net _0006_.
[EST-0026] Missing route to pin _1351_/X in net _0006_.
[EST-0026] Missing route to pin hold579/A in net _0006_.
[EST-0026] Missing route to pin _1351_/X in net _0006_.
[EST-0026] Missing route to pin hold579/A in net _0006_.
[EST-0026] Missing route to pin _1351_/X in net _0006_.
[EST-0026] Missing route to pin hold579/A in net _0006_.
[EST-0026] Missing route to pin _1351_/X in net _0006_.
[EST-0026] Missing route to pin hold585/A in net _0007_.
[EST-0026] Missing route to pin _1354_/X in net _0007_.
[EST-0026] Missing route to pin hold585/A in net _0007_.
[EST-0026] Missing route to pin _1354_/X in net _0007_.
[EST-0026] Missing route to pin hold585/A in net _0007_.
[EST-0026] Missing route to pin _1354_/X in net _0007_.
[EST-0026] Missing route to pin hold585/A in net _0007_.
[EST-0026] Missing route to pin _1354_/X in net _0007_.
[EST-0026] Missing route to pin hold585/A in net _0007_.
[EST-0026] Missing route to pin _1354_/X in net _0007_.
[EST-0026] Missing route to pin hold585/A in net _0007_.
[EST-0026] Missing route to pin _1354_/X in net _0007_.
[EST-0026] Missing route to pin hold585/A in net _0007_.
[EST-0026] Missing route to pin _1354_/X in net _0007_.
[EST-0026] Missing route to pin hold585/A in net _0007_.
[EST-0026] Missing route to pin _1354_/X in net _0007_.
[EST-0026] Missing route to pin hold585/A in net _0007_.
[EST-0026] Missing route to pin _1354_/X in net _0007_.
[EST-0026] Missing route to pin hold590/A in net _0008_.
[EST-0026] Missing route to pin _1356_/X in net _0008_.
[EST-0026] Missing route to pin hold590/A in net _0008_.
[EST-0026] Missing route to pin _1356_/X in net _0008_.
[EST-0026] Missing route to pin hold590/A in net _0008_.
[EST-0026] Missing route to pin _1356_/X in net _0008_.
[EST-0026] Missing route to pin hold590/A in net _0008_.
[EST-0026] Missing route to pin _1356_/X in net _0008_.
[EST-0026] Missing route to pin hold590/A in net _0008_.
[EST-0026] Missing route to pin _1356_/X in net _0008_.
[EST-0026] Missing route to pin hold590/A in net _0008_.
[EST-0026] Missing route to pin _1356_/X in net _0008_.
[EST-0026] Missing route to pin hold590/A in net _0008_.
[EST-0026] Missing route to pin _1356_/X in net _0008_.
[EST-0026] Missing route to pin hold590/A in net _0008_.
[EST-0026] Missing route to pin _1356_/X in net _0008_.
[EST-0026] Missing route to pin hold590/A in net _0008_.
[EST-0026] Missing route to pin _1356_/X in net _0008_.
[EST-0026] Missing route to pin _2664_/D in net _0009_.
[EST-0026] Missing route to pin _1358_/X in net _0009_.
[EST-0026] Missing route to pin _2664_/D in net _0009_.
[EST-0026] Missing route to pin _1358_/X in net _0009_.
[EST-0026] Missing route to pin _2664_/D in net _0009_.
[EST-0026] Missing route to pin _1358_/X in net _0009_.
[EST-0026] Missing route to pin _2664_/D in net _0009_.
[EST-0026] Missing route to pin _1358_/X in net _0009_.
[EST-0026] Missing route to pin _2664_/D in net _0009_.
[EST-0026] Missing route to pin _1358_/X in net _0009_.
[EST-0026] Missing route to pin _2664_/D in net _0009_.
[EST-0026] Missing route to pin _1358_/X in net _0009_.
[EST-0026] Missing route to pin _2664_/D in net _0009_.
[EST-0026] Missing route to pin _1358_/X in net _0009_.
[EST-0026] Missing route to pin _2664_/D in net _0009_.
[EST-0026] Missing route to pin _1358_/X in net _0009_.
[EST-0026] Missing route to pin _2664_/D in net _0009_.
[EST-0026] Missing route to pin _1358_/X in net _0009_.
[EST-0026] Missing route to pin hold548/A in net _0010_.
[EST-0026] Missing route to pin _1360_/X in net _0010_.
[EST-0026] Missing route to pin hold548/A in net _0010_.
[EST-0026] Missing route to pin _1360_/X in net _0010_.
[EST-0026] Missing route to pin hold548/A in net _0010_.
[EST-0026] Missing route to pin _1360_/X in net _0010_.
[EST-0026] Missing route to pin hold548/A in net _0010_.
[EST-0026] Missing route to pin _1360_/X in net _0010_.
[EST-0026] Missing route to pin hold548/A in net _0010_.
[EST-0026] Missing route to pin _1360_/X in net _0010_.
[EST-0026] Missing route to pin hold548/A in net _0010_.
[EST-0026] Missing route to pin _1360_/X in net _0010_.
[EST-0026] Missing route to pin hold548/A in net _0010_.
[EST-0026] Missing route to pin _1360_/X in net _0010_.
[EST-0026] Missing route to pin hold548/A in net _0010_.
[EST-0026] Missing route to pin _1360_/X in net _0010_.
[EST-0026] Missing route to pin hold548/A in net _0010_.
[EST-0026] Missing route to pin _1360_/X in net _0010_.
[EST-0026] Missing route to pin hold535/A in net _0013_.
[EST-0026] Missing route to pin _1366_/X in net _0013_.
[EST-0026] Missing route to pin hold535/A in net _0013_.
[EST-0026] Missing route to pin _1366_/X in net _0013_.
[EST-0026] Missing route to pin hold535/A in net _0013_.
[EST-0026] Missing route to pin _1366_/X in net _0013_.
[EST-0026] Missing route to pin hold535/A in net _0013_.
[EST-0026] Missing route to pin _1366_/X in net _0013_.
[EST-0026] Missing route to pin hold535/A in net _0013_.
[EST-0026] Missing route to pin _1366_/X in net _0013_.
[EST-0026] Missing route to pin hold535/A in net _0013_.
[EST-0026] Missing route to pin _1366_/X in net _0013_.
[EST-0026] Missing route to pin hold535/A in net _0013_.
[EST-0026] Missing route to pin _1366_/X in net _0013_.
[EST-0026] Missing route to pin hold535/A in net _0013_.
[EST-0026] Missing route to pin _1366_/X in net _0013_.
[EST-0026] Missing route to pin hold535/A in net _0013_.
[EST-0026] Missing route to pin _1366_/X in net _0013_.
[EST-0026] Missing route to pin _2669_/D in net _0014_.
[EST-0026] Missing route to pin _1368_/X in net _0014_.
[EST-0026] Missing route to pin _2669_/D in net _0014_.
[EST-0026] Missing route to pin _1368_/X in net _0014_.
[EST-0026] Missing route to pin _2669_/D in net _0014_.
[EST-0026] Missing route to pin _1368_/X in net _0014_.
[EST-0026] Missing route to pin _2669_/D in net _0014_.
[EST-0026] Missing route to pin _1368_/X in net _0014_.
[EST-0026] Missing route to pin _2669_/D in net _0014_.
[EST-0026] Missing route to pin _1368_/X in net _0014_.
[EST-0026] Missing route to pin _2669_/D in net _0014_.
[EST-0026] Missing route to pin _1368_/X in net _0014_.
[EST-0026] Missing route to pin _2669_/D in net _0014_.
[EST-0026] Missing route to pin _1368_/X in net _0014_.
[EST-0026] Missing route to pin _2669_/D in net _0014_.
[EST-0026] Missing route to pin _1368_/X in net _0014_.
[EST-0026] Missing route to pin _2669_/D in net _0014_.
[EST-0026] Missing route to pin _1368_/X in net _0014_.
[EST-0026] Missing route to pin _2671_/D in net _0016_.
[EST-0026] Missing route to pin _1796_/Y in net _0016_.
[EST-0026] Missing route to pin _2671_/D in net _0016_.
[EST-0026] Missing route to pin _1796_/Y in net _0016_.
[EST-0026] Missing route to pin _2671_/D in net _0016_.
[EST-0026] Missing route to pin _1796_/Y in net _0016_.
[EST-0026] Missing route to pin _2671_/D in net _0016_.
[EST-0026] Missing route to pin _1796_/Y in net _0016_.
[EST-0026] Missing route to pin _2671_/D in net _0016_.
[EST-0026] Missing route to pin _1796_/Y in net _0016_.
[EST-0026] Missing route to pin _2671_/D in net _0016_.
[EST-0026] Missing route to pin _1796_/Y in net _0016_.
[EST-0026] Missing route to pin _2671_/D in net _0016_.
[EST-0026] Missing route to pin _1796_/Y in net _0016_.
[EST-0026] Missing route to pin _2671_/D in net _0016_.
[EST-0026] Missing route to pin _1796_/Y in net _0016_.
[EST-0026] Missing route to pin _2671_/D in net _0016_.
[EST-0026] Missing route to pin _1796_/Y in net _0016_.
[EST-0026] Missing route to pin _2672_/D in net _0017_.
[EST-0026] Missing route to pin _1848_/Y in net _0017_.
[EST-0026] Missing route to pin _2672_/D in net _0017_.
[EST-0026] Missing route to pin _1848_/Y in net _0017_.
[EST-0026] Missing route to pin _2672_/D in net _0017_.
[EST-0026] Missing route to pin _1848_/Y in net _0017_.
[EST-0026] Missing route to pin _2672_/D in net _0017_.
[EST-0026] Missing route to pin _1848_/Y in net _0017_.
[EST-0026] Missing route to pin _2672_/D in net _0017_.
[EST-0026] Missing route to pin _1848_/Y in net _0017_.
[EST-0026] Missing route to pin _2672_/D in net _0017_.
[EST-0026] Missing route to pin _1848_/Y in net _0017_.
[EST-0026] Missing route to pin _2672_/D in net _0017_.
[EST-0026] Missing route to pin _1848_/Y in net _0017_.
[EST-0026] Missing route to pin _2672_/D in net _0017_.
[EST-0026] Missing route to pin _1848_/Y in net _0017_.
[EST-0026] Missing route to pin _2672_/D in net _0017_.
[EST-0026] Missing route to pin _1848_/Y in net _0017_.
[EST-0026] Missing route to pin _2673_/D in net _0018_.
[EST-0026] Missing route to pin _1903_/Y in net _0018_.
[EST-0026] Missing route to pin _2673_/D in net _0018_.
[EST-0026] Missing route to pin _1903_/Y in net _0018_.
[EST-0026] Missing route to pin _2673_/D in net _0018_.
[EST-0026] Missing route to pin _1903_/Y in net _0018_.
[EST-0026] Missing route to pin _2673_/D in net _0018_.
[EST-0026] Missing route to pin _1903_/Y in net _0018_.
[EST-0026] Missing route to pin _2673_/D in net _0018_.
[EST-0026] Missing route to pin _1903_/Y in net _0018_.
[EST-0026] Missing route to pin _2673_/D in net _0018_.
[EST-0026] Missing route to pin _1903_/Y in net _0018_.
[EST-0026] Missing route to pin _2673_/D in net _0018_.
[EST-0026] Missing route to pin _1903_/Y in net _0018_.
[EST-0026] Missing route to pin _2673_/D in net _0018_.
[EST-0026] Missing route to pin _1903_/Y in net _0018_.
[EST-0026] Missing route to pin _2673_/D in net _0018_.
[EST-0026] Missing route to pin _1903_/Y in net _0018_.
[EST-0026] Missing route to pin _2674_/D in net _0019_.
[EST-0026] Missing route to pin _1951_/Y in net _0019_.
[EST-0026] Missing route to pin _2674_/D in net _0019_.
[EST-0026] Missing route to pin _1951_/Y in net _0019_.
[EST-0026] Missing route to pin _2674_/D in net _0019_.
[EST-0026] Missing route to pin _1951_/Y in net _0019_.
[EST-0026] Missing route to pin _2674_/D in net _0019_.
[EST-0026] Missing route to pin _1951_/Y in net _0019_.
[EST-0026] Missing route to pin _2674_/D in net _0019_.
[EST-0026] Missing route to pin _1951_/Y in net _0019_.
[EST-0026] Missing route to pin _2674_/D in net _0019_.
[EST-0026] Missing route to pin _1951_/Y in net _0019_.
[EST-0026] Missing route to pin _2674_/D in net _0019_.
[EST-0026] Missing route to pin _1951_/Y in net _0019_.
[EST-0026] Missing route to pin _2674_/D in net _0019_.
[EST-0026] Missing route to pin _1951_/Y in net _0019_.
[EST-0026] Missing route to pin _2674_/D in net _0019_.
[EST-0026] Missing route to pin _1951_/Y in net _0019_.
[EST-0026] Missing route to pin place202/A in net net203.
[EST-0026] Missing route to pin _1727_/B in net net203.
[EST-0026] Missing route to pin _1710_/B2 in net net203.
[EST-0026] Missing route to pin _1600_/B2 in net net203.
[EST-0026] Missing route to pin _1478_/B2 in net net203.
[EST-0026] Missing route to pin _1377_/B2 in net net203.
[EST-0026] Missing route to pin place203/X in net net203.
[EST-0026] Missing route to pin place202/A in net net203.
[EST-0026] Missing route to pin _1727_/B in net net203.
[EST-0026] Missing route to pin _1710_/B2 in net net203.
[EST-0026] Missing route to pin _1600_/B2 in net net203.
[EST-0026] Missing route to pin _1478_/B2 in net net203.
[EST-0026] Missing route to pin _1377_/B2 in net net203.
[EST-0026] Missing route to pin place203/X in net net203.
[EST-0026] Missing route to pin place202/A in net net203.
[EST-0026] Missing route to pin _1727_/B in net net203.
[EST-0026] Missing route to pin _1710_/B2 in net net203.
[EST-0026] Missing route to pin _1600_/B2 in net net203.
[EST-0026] Missing route to pin _1478_/B2 in net net203.
[EST-0026] Missing route to pin _1377_/B2 in net net203.
[EST-0026] Missing route to pin place203/X in net net203.
[EST-0026] Missing route to pin place202/A in net net203.
[EST-0026] Missing route to pin _1727_/B in net net203.
[EST-0026] Missing route to pin _1710_/B2 in net net203.
[EST-0026] Missing route to pin _1600_/B2 in net net203.
[EST-0026] Missing route to pin _1478_/B2 in net net203.
[EST-0026] Missing route to pin _1377_/B2 in net net203.
[EST-0026] Missing route to pin place203/X in net net203.
[EST-0026] Missing route to pin place202/A in net net203.
[EST-0026] Missing route to pin _1727_/B in net net203.
[EST-0026] Missing route to pin _1710_/B2 in net net203.
[EST-0026] Missing route to pin _1600_/B2 in net net203.
[EST-0026] Missing route to pin _1478_/B2 in net net203.
[EST-0026] Missing route to pin _1377_/B2 in net net203.
[EST-0026] Missing route to pin place203/X in net net203.
[EST-0026] Missing route to pin place202/A in net net203.
[EST-0026] Missing route to pin _1727_/B in net net203.
[EST-0026] Missing route to pin _1710_/B2 in net net203.
[EST-0026] Missing route to pin _1600_/B2 in net net203.
[EST-0026] Missing route to pin _1478_/B2 in net net203.
[EST-0026] Missing route to pin _1377_/B2 in net net203.
[EST-0026] Missing route to pin place203/X in net net203.
[EST-0026] Missing route to pin place202/A in net net203.
[EST-0026] Missing route to pin _1727_/B in net net203.
[EST-0026] Missing route to pin _1710_/B2 in net net203.
[EST-0026] Missing route to pin _1600_/B2 in net net203.
[EST-0026] Missing route to pin _1478_/B2 in net net203.
[EST-0026] Missing route to pin _1377_/B2 in net net203.
[EST-0026] Missing route to pin place203/X in net net203.
[EST-0026] Missing route to pin place202/A in net net203.
[EST-0026] Missing route to pin _1727_/B in net net203.
[EST-0026] Missing route to pin _1710_/B2 in net net203.
[EST-0026] Missing route to pin _1600_/B2 in net net203.
[EST-0026] Missing route to pin _1478_/B2 in net net203.
[EST-0026] Missing route to pin _1377_/B2 in net net203.
[EST-0026] Missing route to pin place203/X in net net203.
[EST-0026] Missing route to pin place202/A in net net203.
[EST-0026] Missing route to pin _1727_/B in net net203.
[EST-0026] Missing route to pin _1710_/B2 in net net203.
[EST-0026] Missing route to pin _1600_/B2 in net net203.
[EST-0026] Missing route to pin _1478_/B2 in net net203.
[EST-0026] Missing route to pin _1377_/B2 in net net203.
[EST-0026] Missing route to pin place203/X in net net203.
[EST-0026] Missing route to pin _2676_/D in net _0021_.
[EST-0026] Missing route to pin _2039_/Y in net _0021_.
[EST-0026] Missing route to pin _2676_/D in net _0021_.
[EST-0026] Missing route to pin _2039_/Y in net _0021_.
[EST-0026] Missing route to pin _2676_/D in net _0021_.
[EST-0026] Missing route to pin _2039_/Y in net _0021_.
[EST-0026] Missing route to pin _2676_/D in net _0021_.
[EST-0026] Missing route to pin _2039_/Y in net _0021_.
[EST-0026] Missing route to pin _2676_/D in net _0021_.
[EST-0026] Missing route to pin _2039_/Y in net _0021_.
[EST-0026] Missing route to pin _2676_/D in net _0021_.
[EST-0026] Missing route to pin _2039_/Y in net _0021_.
[EST-0026] Missing route to pin _2676_/D in net _0021_.
[EST-0026] Missing route to pin _2039_/Y in net _0021_.
[EST-0026] Missing route to pin _2676_/D in net _0021_.
[EST-0026] Missing route to pin _2039_/Y in net _0021_.
[EST-0026] Missing route to pin _2676_/D in net _0021_.
[EST-0026] Missing route to pin _2039_/Y in net _0021_.
[EST-0026] Missing route to pin _2677_/D in net _0022_.
[EST-0026] Missing route to pin _2079_/Y in net _0022_.
[EST-0026] Missing route to pin _2677_/D in net _0022_.
[EST-0026] Missing route to pin _2079_/Y in net _0022_.
[EST-0026] Missing route to pin _2677_/D in net _0022_.
[EST-0026] Missing route to pin _2079_/Y in net _0022_.
[EST-0026] Missing route to pin _2677_/D in net _0022_.
[EST-0026] Missing route to pin _2079_/Y in net _0022_.
[EST-0026] Missing route to pin _2677_/D in net _0022_.
[EST-0026] Missing route to pin _2079_/Y in net _0022_.
[EST-0026] Missing route to pin _2677_/D in net _0022_.
[EST-0026] Missing route to pin _2079_/Y in net _0022_.
[EST-0026] Missing route to pin _2677_/D in net _0022_.
[EST-0026] Missing route to pin _2079_/Y in net _0022_.
[EST-0026] Missing route to pin _2677_/D in net _0022_.
[EST-0026] Missing route to pin _2079_/Y in net _0022_.
[EST-0026] Missing route to pin _2677_/D in net _0022_.
[EST-0026] Missing route to pin _2079_/Y in net _0022_.
[EST-0026] Missing route to pin _2679_/D in net _0024_.
[EST-0026] Missing route to pin _2158_/Y in net _0024_.
[EST-0026] Missing route to pin _2679_/D in net _0024_.
[EST-0026] Missing route to pin _2158_/Y in net _0024_.
[EST-0026] Missing route to pin _2679_/D in net _0024_.
[EST-0026] Missing route to pin _2158_/Y in net _0024_.
[EST-0026] Missing route to pin _2679_/D in net _0024_.
[EST-0026] Missing route to pin _2158_/Y in net _0024_.
[EST-0026] Missing route to pin _2679_/D in net _0024_.
[EST-0026] Missing route to pin _2158_/Y in net _0024_.
[EST-0026] Missing route to pin _2679_/D in net _0024_.
[EST-0026] Missing route to pin _2158_/Y in net _0024_.
[EST-0026] Missing route to pin _2679_/D in net _0024_.
[EST-0026] Missing route to pin _2158_/Y in net _0024_.
[EST-0026] Missing route to pin _2679_/D in net _0024_.
[EST-0026] Missing route to pin _2158_/Y in net _0024_.
[EST-0026] Missing route to pin _2679_/D in net _0024_.
[EST-0026] Missing route to pin _2158_/Y in net _0024_.
[EST-0026] Missing route to pin _2680_/D in net _0025_.
[EST-0026] Missing route to pin _2191_/Y in net _0025_.
[EST-0026] Missing route to pin _2680_/D in net _0025_.
[EST-0026] Missing route to pin _2191_/Y in net _0025_.
[EST-0026] Missing route to pin _2680_/D in net _0025_.
[EST-0026] Missing route to pin _2191_/Y in net _0025_.
[EST-0026] Missing route to pin _2680_/D in net _0025_.
[EST-0026] Missing route to pin _2191_/Y in net _0025_.
[EST-0026] Missing route to pin _2680_/D in net _0025_.
[EST-0026] Missing route to pin _2191_/Y in net _0025_.
[EST-0026] Missing route to pin _2680_/D in net _0025_.
[EST-0026] Missing route to pin _2191_/Y in net _0025_.
[EST-0026] Missing route to pin _2680_/D in net _0025_.
[EST-0026] Missing route to pin _2191_/Y in net _0025_.
[EST-0026] Missing route to pin _2680_/D in net _0025_.
[EST-0026] Missing route to pin _2191_/Y in net _0025_.
[EST-0026] Missing route to pin _2680_/D in net _0025_.
[EST-0026] Missing route to pin _2191_/Y in net _0025_.
[EST-0026] Missing route to pin _2681_/D in net _0026_.
[EST-0026] Missing route to pin _2230_/Y in net _0026_.
[EST-0026] Missing route to pin _2681_/D in net _0026_.
[EST-0026] Missing route to pin _2230_/Y in net _0026_.
[EST-0026] Missing route to pin _2681_/D in net _0026_.
[EST-0026] Missing route to pin _2230_/Y in net _0026_.
[EST-0026] Missing route to pin _2681_/D in net _0026_.
[EST-0026] Missing route to pin _2230_/Y in net _0026_.
[EST-0026] Missing route to pin _2681_/D in net _0026_.
[EST-0026] Missing route to pin _2230_/Y in net _0026_.
[EST-0026] Missing route to pin _2681_/D in net _0026_.
[EST-0026] Missing route to pin _2230_/Y in net _0026_.
[EST-0026] Missing route to pin _2681_/D in net _0026_.
[EST-0026] Missing route to pin _2230_/Y in net _0026_.
[EST-0026] Missing route to pin _2681_/D in net _0026_.
[EST-0026] Missing route to pin _2230_/Y in net _0026_.
[EST-0026] Missing route to pin _2681_/D in net _0026_.
[EST-0026] Missing route to pin _2230_/Y in net _0026_.
[EST-0026] Missing route to pin _2683_/D in net _0028_.
[EST-0026] Missing route to pin _2287_/Y in net _0028_.
[EST-0026] Missing route to pin _2683_/D in net _0028_.
[EST-0026] Missing route to pin _2287_/Y in net _0028_.
[EST-0026] Missing route to pin _2683_/D in net _0028_.
[EST-0026] Missing route to pin _2287_/Y in net _0028_.
[EST-0026] Missing route to pin _2683_/D in net _0028_.
[EST-0026] Missing route to pin _2287_/Y in net _0028_.
[EST-0026] Missing route to pin _2683_/D in net _0028_.
[EST-0026] Missing route to pin _2287_/Y in net _0028_.
[EST-0026] Missing route to pin _2683_/D in net _0028_.
[EST-0026] Missing route to pin _2287_/Y in net _0028_.
[EST-0026] Missing route to pin _2683_/D in net _0028_.
[EST-0026] Missing route to pin _2287_/Y in net _0028_.
[EST-0026] Missing route to pin _2683_/D in net _0028_.
[EST-0026] Missing route to pin _2287_/Y in net _0028_.
[EST-0026] Missing route to pin _2683_/D in net _0028_.
[EST-0026] Missing route to pin _2287_/Y in net _0028_.
[EST-0026] Missing route to pin _2684_/D in net _0029_.
[EST-0026] Missing route to pin _2307_/X in net _0029_.
[EST-0026] Missing route to pin _2684_/D in net _0029_.
[EST-0026] Missing route to pin _2307_/X in net _0029_.
[EST-0026] Missing route to pin _2684_/D in net _0029_.
[EST-0026] Missing route to pin _2307_/X in net _0029_.
[EST-0026] Missing route to pin _2684_/D in net _0029_.
[EST-0026] Missing route to pin _2307_/X in net _0029_.
[EST-0026] Missing route to pin _2684_/D in net _0029_.
[EST-0026] Missing route to pin _2307_/X in net _0029_.
[EST-0026] Missing route to pin _2684_/D in net _0029_.
[EST-0026] Missing route to pin _2307_/X in net _0029_.
[EST-0026] Missing route to pin _2684_/D in net _0029_.
[EST-0026] Missing route to pin _2307_/X in net _0029_.
[EST-0026] Missing route to pin _2684_/D in net _0029_.
[EST-0026] Missing route to pin _2307_/X in net _0029_.
[EST-0026] Missing route to pin _2684_/D in net _0029_.
[EST-0026] Missing route to pin _2307_/X in net _0029_.
[EST-0026] Missing route to pin hold598/A in net _0031_.
[EST-0026] Missing route to pin _2326_/Y in net _0031_.
[EST-0026] Missing route to pin hold598/A in net _0031_.
[EST-0026] Missing route to pin _2326_/Y in net _0031_.
[EST-0026] Missing route to pin hold598/A in net _0031_.
[EST-0026] Missing route to pin _2326_/Y in net _0031_.
[EST-0026] Missing route to pin hold598/A in net _0031_.
[EST-0026] Missing route to pin _2326_/Y in net _0031_.
[EST-0026] Missing route to pin hold598/A in net _0031_.
[EST-0026] Missing route to pin _2326_/Y in net _0031_.
[EST-0026] Missing route to pin hold598/A in net _0031_.
[EST-0026] Missing route to pin _2326_/Y in net _0031_.
[EST-0026] Missing route to pin hold598/A in net _0031_.
[EST-0026] Missing route to pin _2326_/Y in net _0031_.
[EST-0026] Missing route to pin hold598/A in net _0031_.
[EST-0026] Missing route to pin _2326_/Y in net _0031_.
[EST-0026] Missing route to pin hold598/A in net _0031_.
[EST-0026] Missing route to pin _2326_/Y in net _0031_.
[EST-0026] Missing route to pin hold405/A in net _0032_.
[EST-0026] Missing route to pin _2329_/Y in net _0032_.
[EST-0026] Missing route to pin hold405/A in net _0032_.
[EST-0026] Missing route to pin _2329_/Y in net _0032_.
[EST-0026] Missing route to pin hold405/A in net _0032_.
[EST-0026] Missing route to pin _2329_/Y in net _0032_.
[EST-0026] Missing route to pin hold405/A in net _0032_.
[EST-0026] Missing route to pin _2329_/Y in net _0032_.
[EST-0026] Missing route to pin hold405/A in net _0032_.
[EST-0026] Missing route to pin _2329_/Y in net _0032_.
[EST-0026] Missing route to pin hold405/A in net _0032_.
[EST-0026] Missing route to pin _2329_/Y in net _0032_.
[EST-0026] Missing route to pin hold405/A in net _0032_.
[EST-0026] Missing route to pin _2329_/Y in net _0032_.
[EST-0026] Missing route to pin hold405/A in net _0032_.
[EST-0026] Missing route to pin _2329_/Y in net _0032_.
[EST-0026] Missing route to pin hold405/A in net _0032_.
[EST-0026] Missing route to pin _2329_/Y in net _0032_.
[EST-0026] Missing route to pin hold410/A in net _0033_.
[EST-0026] Missing route to pin _2446_/Y in net _0033_.
[EST-0026] Missing route to pin hold410/A in net _0033_.
[EST-0026] Missing route to pin _2446_/Y in net _0033_.
[EST-0026] Missing route to pin hold410/A in net _0033_.
[EST-0026] Missing route to pin _2446_/Y in net _0033_.
[EST-0026] Missing route to pin hold410/A in net _0033_.
[EST-0026] Missing route to pin _2446_/Y in net _0033_.
[EST-0026] Missing route to pin hold410/A in net _0033_.
[EST-0026] Missing route to pin _2446_/Y in net _0033_.
[EST-0026] Missing route to pin hold410/A in net _0033_.
[EST-0026] Missing route to pin _2446_/Y in net _0033_.
[EST-0026] Missing route to pin hold410/A in net _0033_.
[EST-0026] Missing route to pin _2446_/Y in net _0033_.
[EST-0026] Missing route to pin hold410/A in net _0033_.
[EST-0026] Missing route to pin _2446_/Y in net _0033_.
[EST-0026] Missing route to pin hold410/A in net _0033_.
[EST-0026] Missing route to pin _2446_/Y in net _0033_.
[EST-0026] Missing route to pin hold570/A in net b_in[4].
[EST-0026] Missing route to pin hold570/A in net b_in[4].
[EST-0026] Missing route to pin hold570/A in net b_in[4].
[EST-0026] Missing route to pin hold570/A in net b_in[4].
[EST-0026] Missing route to pin hold570/A in net b_in[4].
[EST-0026] Missing route to pin hold570/A in net b_in[4].
[EST-0026] Missing route to pin hold570/A in net b_in[4].
[EST-0026] Missing route to pin hold570/A in net b_in[4].
[EST-0026] Missing route to pin hold570/A in net b_in[4].
[EST-0026] Missing route to pin hold656/A in net b_in[5].
[EST-0026] Missing route to pin b_in[5] in net b_in[5].
[EST-0026] Missing route to pin hold656/A in net b_in[5].
[EST-0026] Missing route to pin b_in[5] in net b_in[5].
[EST-0026] Missing route to pin hold656/A in net b_in[5].
[EST-0026] Missing route to pin b_in[5] in net b_in[5].
[EST-0026] Missing route to pin hold656/A in net b_in[5].
[EST-0026] Missing route to pin b_in[5] in net b_in[5].
[EST-0026] Missing route to pin hold656/A in net b_in[5].
[EST-0026] Missing route to pin b_in[5] in net b_in[5].
[EST-0026] Missing route to pin hold656/A in net b_in[5].
[EST-0026] Missing route to pin b_in[5] in net b_in[5].
[EST-0026] Missing route to pin hold656/A in net b_in[5].
[EST-0026] Missing route to pin b_in[5] in net b_in[5].
[EST-0026] Missing route to pin hold656/A in net b_in[5].
[EST-0026] Missing route to pin b_in[5] in net b_in[5].
[EST-0026] Missing route to pin hold656/A in net b_in[5].
[EST-0026] Missing route to pin b_in[5] in net b_in[5].
[EST-0026] Missing route to pin ANTENNA_1/DIODE in net b_in[6].
[EST-0026] Missing route to pin hold575/A in net b_in[6].
[EST-0026] Missing route to pin ANTENNA_1/DIODE in net b_in[6].
[EST-0026] Missing route to pin hold575/A in net b_in[6].
[EST-0026] Missing route to pin ANTENNA_1/DIODE in net b_in[6].
[EST-0026] Missing route to pin hold575/A in net b_in[6].
[EST-0026] Missing route to pin ANTENNA_1/DIODE in net b_in[6].
[EST-0026] Missing route to pin hold575/A in net b_in[6].
[EST-0026] Missing route to pin ANTENNA_1/DIODE in net b_in[6].
[EST-0026] Missing route to pin hold575/A in net b_in[6].
[EST-0026] Missing route to pin ANTENNA_1/DIODE in net b_in[6].
[EST-0026] Missing route to pin hold575/A in net b_in[6].
[EST-0026] Missing route to pin ANTENNA_1/DIODE in net b_in[6].
[EST-0026] Missing route to pin hold575/A in net b_in[6].
[EST-0026] Missing route to pin ANTENNA_1/DIODE in net b_in[6].
[EST-0026] Missing route to pin hold575/A in net b_in[6].
[EST-0026] Missing route to pin ANTENNA_1/DIODE in net b_in[6].
[EST-0026] Missing route to pin hold575/A in net b_in[6].
[EST-0026] Missing route to pin hold580/A in net b_in[7].
[EST-0026] Missing route to pin hold580/A in net b_in[7].
[EST-0026] Missing route to pin hold580/A in net b_in[7].
[EST-0026] Missing route to pin hold580/A in net b_in[7].
[EST-0026] Missing route to pin hold580/A in net b_in[7].
[EST-0026] Missing route to pin hold580/A in net b_in[7].
[EST-0026] Missing route to pin hold580/A in net b_in[7].
[EST-0026] Missing route to pin hold580/A in net b_in[7].
[EST-0026] Missing route to pin hold580/A in net b_in[7].
[EST-0026] Missing route to pin ANTENNA_2/DIODE in net b_in[8].
[EST-0026] Missing route to pin hold586/A in net b_in[8].
[EST-0026] Missing route to pin ANTENNA_2/DIODE in net b_in[8].
[EST-0026] Missing route to pin hold586/A in net b_in[8].
[EST-0026] Missing route to pin ANTENNA_2/DIODE in net b_in[8].
[EST-0026] Missing route to pin hold586/A in net b_in[8].
[EST-0026] Missing route to pin ANTENNA_2/DIODE in net b_in[8].
[EST-0026] Missing route to pin hold586/A in net b_in[8].
[EST-0026] Missing route to pin ANTENNA_2/DIODE in net b_in[8].
[EST-0026] Missing route to pin hold586/A in net b_in[8].
[EST-0026] Missing route to pin ANTENNA_2/DIODE in net b_in[8].
[EST-0026] Missing route to pin hold586/A in net b_in[8].
[EST-0026] Missing route to pin ANTENNA_2/DIODE in net b_in[8].
[EST-0026] Missing route to pin hold586/A in net b_in[8].
[EST-0026] Missing route to pin ANTENNA_2/DIODE in net b_in[8].
[EST-0026] Missing route to pin hold586/A in net b_in[8].
[EST-0026] Missing route to pin ANTENNA_2/DIODE in net b_in[8].
[EST-0026] Missing route to pin hold586/A in net b_in[8].
[EST-0026] Missing route to pin hold562/A in net b_in[9].
[EST-0026] Missing route to pin b_in[9] in net b_in[9].
[EST-0026] Missing route to pin hold562/A in net b_in[9].
[EST-0026] Missing route to pin b_in[9] in net b_in[9].
[EST-0026] Missing route to pin hold562/A in net b_in[9].
[EST-0026] Missing route to pin b_in[9] in net b_in[9].
[EST-0026] Missing route to pin hold562/A in net b_in[9].
[EST-0026] Missing route to pin b_in[9] in net b_in[9].
[EST-0026] Missing route to pin hold562/A in net b_in[9].
[EST-0026] Missing route to pin b_in[9] in net b_in[9].
[EST-0026] Missing route to pin hold562/A in net b_in[9].
[EST-0026] Missing route to pin b_in[9] in net b_in[9].
[EST-0026] Missing route to pin hold562/A in net b_in[9].
[EST-0026] Missing route to pin b_in[9] in net b_in[9].
[EST-0026] Missing route to pin hold562/A in net b_in[9].
[EST-0026] Missing route to pin b_in[9] in net b_in[9].
[EST-0026] Missing route to pin hold562/A in net b_in[9].
[EST-0026] Missing route to pin b_in[9] in net b_in[9].
[EST-0026] Missing route to pin hold604/A in net clear_acc.
[EST-0026] Missing route to pin hold604/A in net clear_acc.
[EST-0026] Missing route to pin hold604/A in net clear_acc.
[EST-0026] Missing route to pin hold604/A in net clear_acc.
[EST-0026] Missing route to pin hold604/A in net clear_acc.
[EST-0026] Missing route to pin hold604/A in net clear_acc.
[EST-0026] Missing route to pin hold604/A in net clear_acc.
[EST-0026] Missing route to pin hold604/A in net clear_acc.
[EST-0026] Missing route to pin hold604/A in net clear_acc.
[EST-0026] Missing route to pin _1966_/B1 in net net230.
[EST-0026] Missing route to pin _1684_/A2 in net net230.
[EST-0026] Missing route to pin _1670_/B in net net230.
[EST-0026] Missing route to pin _1658_/A2 in net net230.
[EST-0026] Missing route to pin _1623_/A2 in net net230.
[EST-0026] Missing route to pin _1592_/A2 in net net230.
[EST-0026] Missing route to pin _1489_/A2 in net net230.
[EST-0026] Missing route to pin place229/A in net net230.
[EST-0026] Missing route to pin place230/X in net net230.
[EST-0026] Missing route to pin _1966_/B1 in net net230.
[EST-0026] Missing route to pin _1684_/A2 in net net230.
[EST-0026] Missing route to pin _1670_/B in net net230.
[EST-0026] Missing route to pin _1658_/A2 in net net230.
[EST-0026] Missing route to pin _1623_/A2 in net net230.
[EST-0026] Missing route to pin _1592_/A2 in net net230.
[EST-0026] Missing route to pin _1489_/A2 in net net230.
[EST-0026] Missing route to pin place229/A in net net230.
[EST-0026] Missing route to pin place230/X in net net230.
[EST-0026] Missing route to pin _1966_/B1 in net net230.
[EST-0026] Missing route to pin _1684_/A2 in net net230.
[EST-0026] Missing route to pin _1670_/B in net net230.
[EST-0026] Missing route to pin _1658_/A2 in net net230.
[EST-0026] Missing route to pin _1623_/A2 in net net230.
[EST-0026] Missing route to pin _1592_/A2 in net net230.
[EST-0026] Missing route to pin _1489_/A2 in net net230.
[EST-0026] Missing route to pin place229/A in net net230.
[EST-0026] Missing route to pin place230/X in net net230.
[EST-0026] Missing route to pin _1966_/B1 in net net230.
[EST-0026] Missing route to pin _1684_/A2 in net net230.
[EST-0026] Missing route to pin _1670_/B in net net230.
[EST-0026] Missing route to pin _1658_/A2 in net net230.
[EST-0026] Missing route to pin _1623_/A2 in net net230.
[EST-0026] Missing route to pin _1592_/A2 in net net230.
[EST-0026] Missing route to pin _1489_/A2 in net net230.
[EST-0026] Missing route to pin place229/A in net net230.
[EST-0026] Missing route to pin place230/X in net net230.
[EST-0026] Missing route to pin _1966_/B1 in net net230.
[EST-0026] Missing route to pin _1684_/A2 in net net230.
[EST-0026] Missing route to pin _1670_/B in net net230.
[EST-0026] Missing route to pin _1658_/A2 in net net230.
[EST-0026] Missing route to pin _1623_/A2 in net net230.
[EST-0026] Missing route to pin _1592_/A2 in net net230.
[EST-0026] Missing route to pin _1489_/A2 in net net230.
[EST-0026] Missing route to pin place229/A in net net230.
[EST-0026] Missing route to pin place230/X in net net230.
[EST-0026] Missing route to pin _1966_/B1 in net net230.
[EST-0026] Missing route to pin _1684_/A2 in net net230.
[EST-0026] Missing route to pin _1670_/B in net net230.
[EST-0026] Missing route to pin _1658_/A2 in net net230.
[EST-0026] Missing route to pin _1623_/A2 in net net230.
[EST-0026] Missing route to pin _1592_/A2 in net net230.
[EST-0026] Missing route to pin _1489_/A2 in net net230.
[EST-0026] Missing route to pin place229/A in net net230.
[EST-0026] Missing route to pin place230/X in net net230.
[EST-0026] Missing route to pin _1966_/B1 in net net230.
[EST-0026] Missing route to pin _1684_/A2 in net net230.
[EST-0026] Missing route to pin _1670_/B in net net230.
[EST-0026] Missing route to pin _1658_/A2 in net net230.
[EST-0026] Missing route to pin _1623_/A2 in net net230.
[EST-0026] Missing route to pin _1592_/A2 in net net230.
[EST-0026] Missing route to pin _1489_/A2 in net net230.
[EST-0026] Missing route to pin place229/A in net net230.
[EST-0026] Missing route to pin place230/X in net net230.
[EST-0026] Missing route to pin _1966_/B1 in net net230.
[EST-0026] Missing route to pin _1684_/A2 in net net230.
[EST-0026] Missing route to pin _1670_/B in net net230.
[EST-0026] Missing route to pin _1658_/A2 in net net230.
[EST-0026] Missing route to pin _1623_/A2 in net net230.
[EST-0026] Missing route to pin _1592_/A2 in net net230.
[EST-0026] Missing route to pin _1489_/A2 in net net230.
[EST-0026] Missing route to pin place229/A in net net230.
[EST-0026] Missing route to pin place230/X in net net230.
[EST-0026] Missing route to pin _1966_/B1 in net net230.
[EST-0026] Missing route to pin _1684_/A2 in net net230.
[EST-0026] Missing route to pin _1670_/B in net net230.
[EST-0026] Missing route to pin _1658_/A2 in net net230.
[EST-0026] Missing route to pin _1623_/A2 in net net230.
[EST-0026] Missing route to pin _1592_/A2 in net net230.
[EST-0026] Missing route to pin _1489_/A2 in net net230.
[EST-0026] Missing route to pin place229/A in net net230.
[EST-0026] Missing route to pin place230/X in net net230.
[EST-0026] Missing route to pin _1318_/B1 in net net241.
[EST-0026] Missing route to pin _1316_/B1 in net net241.
[EST-0026] Missing route to pin _1314_/A in net net241.
[EST-0026] Missing route to pin _1311_/B1 in net net241.
[EST-0026] Missing route to pin _1309_/B1 in net net241.
[EST-0026] Missing route to pin _1307_/A in net net241.
[EST-0026] Missing route to pin place241/X in net net241.
[EST-0026] Missing route to pin _1318_/B1 in net net241.
[EST-0026] Missing route to pin _1316_/B1 in net net241.
[EST-0026] Missing route to pin _1314_/A in net net241.
[EST-0026] Missing route to pin _1311_/B1 in net net241.
[EST-0026] Missing route to pin _1309_/B1 in net net241.
[EST-0026] Missing route to pin _1307_/A in net net241.
[EST-0026] Missing route to pin place241/X in net net241.
[EST-0026] Missing route to pin _1318_/B1 in net net241.
[EST-0026] Missing route to pin _1316_/B1 in net net241.
[EST-0026] Missing route to pin _1314_/A in net net241.
[EST-0026] Missing route to pin _1311_/B1 in net net241.
[EST-0026] Missing route to pin _1309_/B1 in net net241.
[EST-0026] Missing route to pin _1307_/A in net net241.
[EST-0026] Missing route to pin place241/X in net net241.
[EST-0026] Missing route to pin _1318_/B1 in net net241.
[EST-0026] Missing route to pin _1316_/B1 in net net241.
[EST-0026] Missing route to pin _1314_/A in net net241.
[EST-0026] Missing route to pin _1311_/B1 in net net241.
[EST-0026] Missing route to pin _1309_/B1 in net net241.
[EST-0026] Missing route to pin _1307_/A in net net241.
[EST-0026] Missing route to pin place241/X in net net241.
[EST-0026] Missing route to pin _1318_/B1 in net net241.
[EST-0026] Missing route to pin _1316_/B1 in net net241.
[EST-0026] Missing route to pin _1314_/A in net net241.
[EST-0026] Missing route to pin _1311_/B1 in net net241.
[EST-0026] Missing route to pin _1309_/B1 in net net241.
[EST-0026] Missing route to pin _1307_/A in net net241.
[EST-0026] Missing route to pin place241/X in net net241.
[EST-0026] Missing route to pin _1318_/B1 in net net241.
[EST-0026] Missing route to pin _1316_/B1 in net net241.
[EST-0026] Missing route to pin _1314_/A in net net241.
[EST-0026] Missing route to pin _1311_/B1 in net net241.
[EST-0026] Missing route to pin _1309_/B1 in net net241.
[EST-0026] Missing route to pin _1307_/A in net net241.
[EST-0026] Missing route to pin place241/X in net net241.
[EST-0026] Missing route to pin _1318_/B1 in net net241.
[EST-0026] Missing route to pin _1316_/B1 in net net241.
[EST-0026] Missing route to pin _1314_/A in net net241.
[EST-0026] Missing route to pin _1311_/B1 in net net241.
[EST-0026] Missing route to pin _1309_/B1 in net net241.
[EST-0026] Missing route to pin _1307_/A in net net241.
[EST-0026] Missing route to pin place241/X in net net241.
[EST-0026] Missing route to pin _1318_/B1 in net net241.
[EST-0026] Missing route to pin _1316_/B1 in net net241.
[EST-0026] Missing route to pin _1314_/A in net net241.
[EST-0026] Missing route to pin _1311_/B1 in net net241.
[EST-0026] Missing route to pin _1309_/B1 in net net241.
[EST-0026] Missing route to pin _1307_/A in net net241.
[EST-0026] Missing route to pin place241/X in net net241.
[EST-0026] Missing route to pin _1318_/B1 in net net241.
[EST-0026] Missing route to pin _1316_/B1 in net net241.
[EST-0026] Missing route to pin _1314_/A in net net241.
[EST-0026] Missing route to pin _1311_/B1 in net net241.
[EST-0026] Missing route to pin _1309_/B1 in net net241.
[EST-0026] Missing route to pin _1307_/A in net net241.
[EST-0026] Missing route to pin place241/X in net net241.
[EST-0026] Missing route to pin place250/A in net net251.
[EST-0026] Missing route to pin _2015_/A in net net251.
[EST-0026] Missing route to pin _2014_/B1 in net net251.
[EST-0026] Missing route to pin _1977_/A1 in net net251.
[EST-0026] Missing route to pin _1976_/A_N in net net251.
[EST-0026] Missing route to pin _1927_/A in net net251.
[EST-0026] Missing route to pin _1878_/A in net net251.
[EST-0026] Missing route to pin _1409_/A2 in net net251.
[EST-0026] Missing route to pin place251/X in net net251.
[EST-0026] Missing route to pin place250/A in net net251.
[EST-0026] Missing route to pin _2015_/A in net net251.
[EST-0026] Missing route to pin _2014_/B1 in net net251.
[EST-0026] Missing route to pin _1977_/A1 in net net251.
[EST-0026] Missing route to pin _1976_/A_N in net net251.
[EST-0026] Missing route to pin _1927_/A in net net251.
[EST-0026] Missing route to pin _1878_/A in net net251.
[EST-0026] Missing route to pin _1409_/A2 in net net251.
[EST-0026] Missing route to pin place251/X in net net251.
[EST-0026] Missing route to pin place250/A in net net251.
[EST-0026] Missing route to pin _2015_/A in net net251.
[EST-0026] Missing route to pin _2014_/B1 in net net251.
[EST-0026] Missing route to pin _1977_/A1 in net net251.
[EST-0026] Missing route to pin _1976_/A_N in net net251.
[EST-0026] Missing route to pin _1927_/A in net net251.
[EST-0026] Missing route to pin _1878_/A in net net251.
[EST-0026] Missing route to pin _1409_/A2 in net net251.
[EST-0026] Missing route to pin place251/X in net net251.
[EST-0026] Missing route to pin place250/A in net net251.
[EST-0026] Missing route to pin _2015_/A in net net251.
[EST-0026] Missing route to pin _2014_/B1 in net net251.
[EST-0026] Missing route to pin _1977_/A1 in net net251.
[EST-0026] Missing route to pin _1976_/A_N in net net251.
[EST-0026] Missing route to pin _1927_/A in net net251.
[EST-0026] Missing route to pin _1878_/A in net net251.
[EST-0026] Missing route to pin _1409_/A2 in net net251.
[EST-0026] Missing route to pin place251/X in net net251.
[EST-0026] Missing route to pin place250/A in net net251.
[EST-0026] Missing route to pin _2015_/A in net net251.
[EST-0026] Missing route to pin _2014_/B1 in net net251.
[EST-0026] Missing route to pin _1977_/A1 in net net251.
[EST-0026] Missing route to pin _1976_/A_N in net net251.
[EST-0026] Missing route to pin _1927_/A in net net251.
[EST-0026] Missing route to pin _1878_/A in net net251.
[EST-0026] Missing route to pin _1409_/A2 in net net251.
[EST-0026] Missing route to pin place251/X in net net251.
[EST-0026] Missing route to pin place250/A in net net251.
[EST-0026] Missing route to pin _2015_/A in net net251.
[EST-0026] Missing route to pin _2014_/B1 in net net251.
[EST-0026] Missing route to pin _1977_/A1 in net net251.
[EST-0026] Missing route to pin _1976_/A_N in net net251.
[EST-0026] Missing route to pin _1927_/A in net net251.
[EST-0026] Missing route to pin _1878_/A in net net251.
[EST-0026] Missing route to pin _1409_/A2 in net net251.
[EST-0026] Missing route to pin place251/X in net net251.
[EST-0026] Missing route to pin place250/A in net net251.
[EST-0026] Missing route to pin _2015_/A in net net251.
[EST-0026] Missing route to pin _2014_/B1 in net net251.
[EST-0026] Missing route to pin _1977_/A1 in net net251.
[EST-0026] Missing route to pin _1976_/A_N in net net251.
[EST-0026] Missing route to pin _1927_/A in net net251.
[EST-0026] Missing route to pin _1878_/A in net net251.
[EST-0026] Missing route to pin _1409_/A2 in net net251.
[EST-0026] Missing route to pin place251/X in net net251.
[EST-0026] Missing route to pin place250/A in net net251.
[EST-0026] Missing route to pin _2015_/A in net net251.
[EST-0026] Missing route to pin _2014_/B1 in net net251.
[EST-0026] Missing route to pin _1977_/A1 in net net251.
[EST-0026] Missing route to pin _1976_/A_N in net net251.
[EST-0026] Missing route to pin _1927_/A in net net251.
[EST-0026] Missing route to pin _1878_/A in net net251.
[EST-0026] Missing route to pin _1409_/A2 in net net251.
[EST-0026] Missing route to pin place251/X in net net251.
[EST-0026] Missing route to pin place250/A in net net251.
[EST-0026] Missing route to pin _2015_/A in net net251.
[EST-0026] Missing route to pin _2014_/B1 in net net251.
[EST-0026] Missing route to pin _1977_/A1 in net net251.
[EST-0026] Missing route to pin _1976_/A_N in net net251.
[EST-0026] Missing route to pin _1927_/A in net net251.
[EST-0026] Missing route to pin _1878_/A in net net251.
[EST-0026] Missing route to pin _1409_/A2 in net net251.
[EST-0026] Missing route to pin place251/X in net net251.
[EST-0026] Missing route to pin hold500/A in net b_in[2].
[EST-0026] Missing route to pin hold500/A in net b_in[2].
[EST-0026] Missing route to pin hold500/A in net b_in[2].
[EST-0026] Missing route to pin hold500/A in net b_in[2].
[EST-0026] Missing route to pin hold500/A in net b_in[2].
[EST-0026] Missing route to pin hold500/A in net b_in[2].
[EST-0026] Missing route to pin hold500/A in net b_in[2].
[EST-0026] Missing route to pin hold500/A in net b_in[2].
[EST-0026] Missing route to pin hold500/A in net b_in[2].
[EST-0026] Missing route to pin ANTENNA_3/DIODE in net b_in[3].
[EST-0026] message limit (1000) reached. This message will no longer print.
[STA-1173] /Users/aoxo/.ciel/ciel/sky130/versions/74c0e6b118a67d94c24172143d3bd597473fa63d/sky130A/libs.ref/sky130_fd_io/lib/sky130_ef_io__vccd_lvc_clamped_pad_tt_025C_1v80_3v30_3v30.lib line 42, default_fanout_load is 0.0.
[STA-1173] /Users/aoxo/.ciel/ciel/sky130/versions/74c0e6b118a67d94c24172143d3bd597473fa63d/sky130A/libs.ref/sky130_fd_io/lib/sky130_ef_io__vssd_lvc_clamped_pad_tt_025C_1v80_3v30.lib line 43, default_fanout_load is 0.0.
[STA-1173] /Users/aoxo/.ciel/ciel/sky130/versions/74c0e6b118a67d94c24172143d3bd597473fa63d/sky130A/libs.ref/sky130_fd_io/lib/sky130_ef_io__vddio_hvc_clamped_pad_tt_025C_1v80_3v30_3v30.lib line 42, default_fanout_load is 0.0.
[STA-1173] /Users/aoxo/.ciel/ciel/sky130/versions/74c0e6b118a67d94c24172143d3bd597473fa63d/sky130A/libs.ref/sky130_fd_io/lib/sky130_ef_io__vssio_hvc_clamped_pad_tt_025C_1v80_3v30_3v30.lib line 42, default_fanout_load is 0.0.
[STA-1173] /Users/aoxo/.ciel/ciel/sky130/versions/74c0e6b118a67d94c24172143d3bd597473fa63d/sky130A/libs.ref/sky130_fd_io/lib/sky130_ef_io__gpiov2_pad_tt_tt_025C_1v80_3v30.lib line 33, default_fanout_load is 0.0.
[STA-1173] /Users/aoxo/.ciel/ciel/sky130/versions/74c0e6b118a67d94c24172143d3bd597473fa63d/sky130A/libs.ref/sky130_fd_io/lib/slices_stubs.lib line 33, default_fanout_load is 0.0.
[STA-1173] /Users/aoxo/.ciel/ciel/sky130/versions/74c0e6b118a67d94c24172143d3bd597473fa63d/sky130A/libs.ref/sky130_fd_io/lib/sky130_ef_io__analog_stubs.lib line 43, default_fanout_load is 0.0.
[ORD-2056] The following 2 liberty cell(s) do not have LEF masters and will be marked as dont-use:
[STA-1173] /Users/aoxo/.ciel/ciel/sky130/versions/74c0e6b118a67d94c24172143d3bd597473fa63d/sky130A/libs.ref/sky130_fd_io/lib/sky130_ef_io__vccd_lvc_clamped_pad_tt_025C_1v80_3v30_3v30.lib line 42, default_fanout_load is 0.0.
[STA-1173] /Users/aoxo/.ciel/ciel/sky130/versions/74c0e6b118a67d94c24172143d3bd597473fa63d/sky130A/libs.ref/sky130_fd_io/lib/sky130_ef_io__vssd_lvc_clamped_pad_tt_025C_1v80_3v30.lib line 43, default_fanout_load is 0.0.
[STA-1173] /Users/aoxo/.ciel/ciel/sky130/versions/74c0e6b118a67d94c24172143d3bd597473fa63d/sky130A/libs.ref/sky130_fd_io/lib/sky130_ef_io__vddio_hvc_clamped_pad_tt_025C_1v80_3v30_3v30.lib line 42, default_fanout_load is 0.0.
[STA-1173] /Users/aoxo/.ciel/ciel/sky130/versions/74c0e6b118a67d94c24172143d3bd597473fa63d/sky130A/libs.ref/sky130_fd_io/lib/sky130_ef_io__vssio_hvc_clamped_pad_tt_025C_1v80_3v30_3v30.lib line 42, default_fanout_load is 0.0.
[STA-1173] /Users/aoxo/.ciel/ciel/sky130/versions/74c0e6b118a67d94c24172143d3bd597473fa63d/sky130A/libs.ref/sky130_fd_io/lib/sky130_ef_io__gpiov2_pad_tt_tt_025C_1v80_3v30.lib line 33, default_fanout_load is 0.0.
[STA-1173] /Users/aoxo/.ciel/ciel/sky130/versions/74c0e6b118a67d94c24172143d3bd597473fa63d/sky130A/libs.ref/sky130_fd_io/lib/slices_stubs.lib line 33, default_fanout_load is 0.0.
[STA-1173] /Users/aoxo/.ciel/ciel/sky130/versions/74c0e6b118a67d94c24172143d3bd597473fa63d/sky130A/libs.ref/sky130_fd_io/lib/sky130_ef_io__analog_stubs.lib line 43, default_fanout_load is 0.0.
[ORD-2056] The following 2 liberty cell(s) do not have LEF masters and will be marked as dont-use:
[DRT-0349] LEF58_ENCLOSURE with no CUTCLASS is not supported. Skipping for layer mcon
[DRT-0349] LEF58_ENCLOSURE with no CUTCLASS is not supported. Skipping for layer mcon
[DRT-0349] LEF58_ENCLOSURE with no CUTCLASS is not supported. Skipping for layer via
[DRT-0349] LEF58_ENCLOSURE with no CUTCLASS is not supported. Skipping for layer via
[DRT-0349] LEF58_ENCLOSURE with no CUTCLASS is not supported. Skipping for layer via2
[DRT-0349] LEF58_ENCLOSURE with no CUTCLASS is not supported. Skipping for layer via2
[DRT-0349] LEF58_ENCLOSURE with no CUTCLASS is not supported. Skipping for layer via3
[DRT-0349] LEF58_ENCLOSURE with no CUTCLASS is not supported. Skipping for layer via3
[DRT-0349] LEF58_ENCLOSURE with no CUTCLASS is not supported. Skipping for layer via4
[DRT-0349] LEF58_ENCLOSURE with no CUTCLASS is not supported. Skipping for layer via4
[STA-1173] /Users/aoxo/.ciel/ciel/sky130/versions/74c0e6b118a67d94c24172143d3bd597473fa63d/sky130A/libs.ref/sky130_fd_io/lib/sky130_ef_io__vccd_lvc_clamped_pad_tt_025C_1v80_3v30_3v30.lib line 42, default_fanout_load is 0.0.
[STA-1173] /Users/aoxo/.ciel/ciel/sky130/versions/74c0e6b118a67d94c24172143d3bd597473fa63d/sky130A/libs.ref/sky130_fd_io/lib/sky130_ef_io__vssd_lvc_clamped_pad_tt_025C_1v80_3v30.lib line 43, default_fanout_load is 0.0.
[STA-1173] /Users/aoxo/.ciel/ciel/sky130/versions/74c0e6b118a67d94c24172143d3bd597473fa63d/sky130A/libs.ref/sky130_fd_io/lib/sky130_ef_io__vddio_hvc_clamped_pad_tt_025C_1v80_3v30_3v30.lib line 42, default_fanout_load is 0.0.
[STA-1173] /Users/aoxo/.ciel/ciel/sky130/versions/74c0e6b118a67d94c24172143d3bd597473fa63d/sky130A/libs.ref/sky130_fd_io/lib/sky130_ef_io__vssio_hvc_clamped_pad_tt_025C_1v80_3v30_3v30.lib line 42, default_fanout_load is 0.0.
[STA-1173] /Users/aoxo/.ciel/ciel/sky130/versions/74c0e6b118a67d94c24172143d3bd597473fa63d/sky130A/libs.ref/sky130_fd_io/lib/sky130_ef_io__gpiov2_pad_tt_tt_025C_1v80_3v30.lib line 33, default_fanout_load is 0.0.
[STA-1173] /Users/aoxo/.ciel/ciel/sky130/versions/74c0e6b118a67d94c24172143d3bd597473fa63d/sky130A/libs.ref/sky130_fd_io/lib/slices_stubs.lib line 33, default_fanout_load is 0.0.
[STA-1173] /Users/aoxo/.ciel/ciel/sky130/versions/74c0e6b118a67d94c24172143d3bd597473fa63d/sky130A/libs.ref/sky130_fd_io/lib/sky130_ef_io__analog_stubs.lib line 43, default_fanout_load is 0.0.
[ORD-2056] The following 2 liberty cell(s) do not have LEF masters and will be marked as dont-use:
Threshold for Threshold-surpassing long wires is not set. The checker will be skipped.
[STA-1173] /Users/aoxo/.ciel/ciel/sky130/versions/74c0e6b118a67d94c24172143d3bd597473fa63d/sky130A/libs.ref/sky130_fd_io/lib/sky130_ef_io__vccd_lvc_clamped_pad_tt_025C_1v80_3v30_3v30.lib line 42, default_fanout_load is 0.0.
[STA-1173] /Users/aoxo/.ciel/ciel/sky130/versions/74c0e6b118a67d94c24172143d3bd597473fa63d/sky130A/libs.ref/sky130_fd_io/lib/sky130_ef_io__vssd_lvc_clamped_pad_tt_025C_1v80_3v30.lib line 43, default_fanout_load is 0.0.
[STA-1173] /Users/aoxo/.ciel/ciel/sky130/versions/74c0e6b118a67d94c24172143d3bd597473fa63d/sky130A/libs.ref/sky130_fd_io/lib/sky130_ef_io__vddio_hvc_clamped_pad_tt_025C_1v80_3v30_3v30.lib line 42, default_fanout_load is 0.0.
[STA-1173] /Users/aoxo/.ciel/ciel/sky130/versions/74c0e6b118a67d94c24172143d3bd597473fa63d/sky130A/libs.ref/sky130_fd_io/lib/sky130_ef_io__vssio_hvc_clamped_pad_tt_025C_1v80_3v30_3v30.lib line 42, default_fanout_load is 0.0.
[STA-1173] /Users/aoxo/.ciel/ciel/sky130/versions/74c0e6b118a67d94c24172143d3bd597473fa63d/sky130A/libs.ref/sky130_fd_io/lib/sky130_ef_io__gpiov2_pad_tt_tt_025C_1v80_3v30.lib line 33, default_fanout_load is 0.0.
[STA-1173] /Users/aoxo/.ciel/ciel/sky130/versions/74c0e6b118a67d94c24172143d3bd597473fa63d/sky130A/libs.ref/sky130_fd_io/lib/slices_stubs.lib line 33, default_fanout_load is 0.0.
[STA-1173] /Users/aoxo/.ciel/ciel/sky130/versions/74c0e6b118a67d94c24172143d3bd597473fa63d/sky130A/libs.ref/sky130_fd_io/lib/sky130_ef_io__analog_stubs.lib line 43, default_fanout_load is 0.0.
[ORD-2056] The following 2 liberty cell(s) do not have LEF masters and will be marked as dont-use:
[STA-1173] /Users/aoxo/.ciel/ciel/sky130/versions/74c0e6b118a67d94c24172143d3bd597473fa63d/sky130A/libs.ref/sky130_fd_io/lib/sky130_ef_io__vccd_lvc_clamped_pad_tt_025C_1v80_3v30_3v30.lib line 42, default_fanout_load is 0.0.
[STA-1173] /Users/aoxo/.ciel/ciel/sky130/versions/74c0e6b118a67d94c24172143d3bd597473fa63d/sky130A/libs.ref/sky130_fd_io/lib/sky130_ef_io__vssd_lvc_clamped_pad_tt_025C_1v80_3v30.lib line 43, default_fanout_load is 0.0.
[STA-1173] /Users/aoxo/.ciel/ciel/sky130/versions/74c0e6b118a67d94c24172143d3bd597473fa63d/sky130A/libs.ref/sky130_fd_io/lib/sky130_ef_io__vddio_hvc_clamped_pad_tt_025C_1v80_3v30_3v30.lib line 42, default_fanout_load is 0.0.
[STA-1173] /Users/aoxo/.ciel/ciel/sky130/versions/74c0e6b118a67d94c24172143d3bd597473fa63d/sky130A/libs.ref/sky130_fd_io/lib/sky130_ef_io__vssio_hvc_clamped_pad_tt_025C_1v80_3v30_3v30.lib line 42, default_fanout_load is 0.0.
[STA-1173] /Users/aoxo/.ciel/ciel/sky130/versions/74c0e6b118a67d94c24172143d3bd597473fa63d/sky130A/libs.ref/sky130_fd_io/lib/sky130_ef_io__gpiov2_pad_tt_tt_025C_1v80_3v30.lib line 33, default_fanout_load is 0.0.
[STA-1173] /Users/aoxo/.ciel/ciel/sky130/versions/74c0e6b118a67d94c24172143d3bd597473fa63d/sky130A/libs.ref/sky130_fd_io/lib/slices_stubs.lib line 33, default_fanout_load is 0.0.
[STA-1173] /Users/aoxo/.ciel/ciel/sky130/versions/74c0e6b118a67d94c24172143d3bd597473fa63d/sky130A/libs.ref/sky130_fd_io/lib/sky130_ef_io__analog_stubs.lib line 43, default_fanout_load is 0.0.
'VSRC_LOC_FILES' was not given a value, which may make the results of IR drop analysis inaccurate. If you are not integrating a top-level chip for manufacture, you may ignore this warning, otherwise, see the documentation for 'VSRC_LOC_FILES'.
[STA-1173] /Users/aoxo/.ciel/ciel/sky130/versions/74c0e6b118a67d94c24172143d3bd597473fa63d/sky130A/libs.ref/sky130_fd_io/lib/sky130_ef_io__vccd_lvc_clamped_pad_tt_025C_1v80_3v30_3v30.lib line 42, default_fanout_load is 0.0.
[STA-1173] /Users/aoxo/.ciel/ciel/sky130/versions/74c0e6b118a67d94c24172143d3bd597473fa63d/sky130A/libs.ref/sky130_fd_io/lib/sky130_ef_io__vssd_lvc_clamped_pad_tt_025C_1v80_3v30.lib line 43, default_fanout_load is 0.0.
[STA-1173] /Users/aoxo/.ciel/ciel/sky130/versions/74c0e6b118a67d94c24172143d3bd597473fa63d/sky130A/libs.ref/sky130_fd_io/lib/sky130_ef_io__vddio_hvc_clamped_pad_tt_025C_1v80_3v30_3v30.lib line 42, default_fanout_load is 0.0.
[STA-1173] /Users/aoxo/.ciel/ciel/sky130/versions/74c0e6b118a67d94c24172143d3bd597473fa63d/sky130A/libs.ref/sky130_fd_io/lib/sky130_ef_io__vssio_hvc_clamped_pad_tt_025C_1v80_3v30_3v30.lib line 42, default_fanout_load is 0.0.
[STA-1173] /Users/aoxo/.ciel/ciel/sky130/versions/74c0e6b118a67d94c24172143d3bd597473fa63d/sky130A/libs.ref/sky130_fd_io/lib/sky130_ef_io__gpiov2_pad_tt_tt_025C_1v80_3v30.lib line 33, default_fanout_load is 0.0.
[STA-1173] /Users/aoxo/.ciel/ciel/sky130/versions/74c0e6b118a67d94c24172143d3bd597473fa63d/sky130A/libs.ref/sky130_fd_io/lib/slices_stubs.lib line 33, default_fanout_load is 0.0.
[STA-1173] /Users/aoxo/.ciel/ciel/sky130/versions/74c0e6b118a67d94c24172143d3bd597473fa63d/sky130A/libs.ref/sky130_fd_io/lib/sky130_ef_io__analog_stubs.lib line 43, default_fanout_load is 0.0.
[ORD-2056] The following 2 liberty cell(s) do not have LEF masters and will be marked as dont-use:
