
===========================================================================
report_checks -path_delay max (Setup)
============================================================================
======================= nom_tt_025C_1v80 Corner ===================================

Startpoint: _2662_ (rising edge-triggered flip-flop clocked by clk)
Endpoint: _2684_ (rising edge-triggered flip-flop clocked by clk)
Path Group: clk
Path Type: max

Fanout         Cap        Slew       Delay        Time   Description
---------------------------------------------------------------------------------------------
                                  0.000000    0.000000   clock clk (rise edge)
                                  0.000000    0.000000   clock source latency
    82    0.230301    1.029756    0.711528    0.711528 ^ clk (in)
                                                         clk (net)
                      1.029834    0.000000    0.711528 ^ _2662_/CLK (sky130_fd_sc_hd__dfxtp_2)
     4    0.015622    0.089665    0.541442    1.252969 ^ _2662_/Q (sky130_fd_sc_hd__dfxtp_2)
                                                         r2_mantissa[7] (net)
                      0.089665    0.000007    1.252977 ^ place247/A (sky130_fd_sc_hd__buf_1)
     8    0.029653    0.353924    0.306670    1.559647 ^ place247/X (sky130_fd_sc_hd__buf_1)
                                                         net247 (net)
                      0.353924    0.000021    1.559668 ^ place246/A (sky130_fd_sc_hd__buf_1)
     8    0.053550    0.618120    0.530987    2.090655 ^ place246/X (sky130_fd_sc_hd__buf_1)
                                                         net246 (net)
                      0.618121    0.000777    2.091432 ^ place245/A (sky130_fd_sc_hd__buf_1)
     5    0.042963    0.497769    0.465158    2.556590 ^ place245/X (sky130_fd_sc_hd__buf_1)
                                                         net245 (net)
                      0.497769    0.000494    2.557084 ^ place244/A (sky130_fd_sc_hd__buf_1)
     7    0.063477    0.730564    0.618106    3.175189 ^ place244/X (sky130_fd_sc_hd__buf_1)
                                                         net244 (net)
                      0.730568    0.001319    3.176509 ^ _1593_/A (sky130_fd_sc_hd__xor2_2)
     2    0.006114    0.125829    0.160007    3.336516 v _1593_/X (sky130_fd_sc_hd__xor2_2)
                                                         _0817_ (net)
                      0.125829    0.000006    3.336522 v _1612_/A (sky130_fd_sc_hd__or2_2)
     1    0.002016    0.051428    0.311098    3.647620 v _1612_/X (sky130_fd_sc_hd__or2_2)
                                                         _0836_ (net)
                      0.051428    0.000006    3.647627 v _1613_/B (sky130_fd_sc_hd__and2_2)
     2    0.010769    0.056149    0.212343    3.859970 v _1613_/X (sky130_fd_sc_hd__and2_2)
                                                         _0837_ (net)
                      0.056149    0.000012    3.859981 v _1615_/A2 (sky130_fd_sc_hd__a21o_2)
     2    0.013094    0.058171    0.242319    4.102300 v _1615_/X (sky130_fd_sc_hd__a21o_2)
                                                         _0839_ (net)
                      0.058171    0.000030    4.102331 v _1617_/A (sky130_fd_sc_hd__xnor2_2)
     2    0.011528    0.201004    0.212744    4.315075 ^ _1617_/Y (sky130_fd_sc_hd__xnor2_2)
                                                         _0841_ (net)
                      0.201004    0.000019    4.315094 ^ _1664_/B (sky130_fd_sc_hd__xor2_2)
     2    0.011308    0.185596    0.210338    4.525432 ^ _1664_/X (sky130_fd_sc_hd__xor2_2)
                                                         _0888_ (net)
                      0.185596    0.000022    4.525454 ^ _1667_/A (sky130_fd_sc_hd__xor2_2)
     3    0.007160    0.069900    0.105564    4.631018 v _1667_/X (sky130_fd_sc_hd__xor2_2)
                                                         _0891_ (net)
                      0.069900    0.000008    4.631026 v _1737_/A (sky130_fd_sc_hd__or4_4)
     1    0.002573    0.078684    0.524083    5.155110 v _1737_/X (sky130_fd_sc_hd__or4_4)
                                                         _0961_ (net)
                      0.078684    0.000004    5.155113 v _1738_/C1 (sky130_fd_sc_hd__o211a_2)
     1    0.009216    0.056363    0.145478    5.300591 v _1738_/X (sky130_fd_sc_hd__o211a_2)
                                                         _0962_ (net)
                      0.056363    0.000026    5.300617 v _1744_/A1 (sky130_fd_sc_hd__o21ai_4)
     3    0.011269    0.136833    0.169375    5.469992 ^ _1744_/Y (sky130_fd_sc_hd__o21ai_4)
                                                         _0968_ (net)
                      0.136833    0.000080    5.470072 ^ _1799_/A3 (sky130_fd_sc_hd__a32o_2)
     2    0.014750    0.104702    0.237212    5.707284 ^ _1799_/X (sky130_fd_sc_hd__a32o_2)
                                                         _1022_ (net)
                      0.104702    0.000080    5.707364 ^ _1899_/A1 (sky130_fd_sc_hd__a21oi_2)
     4    0.016618    0.079391    0.097743    5.805107 v _1899_/Y (sky130_fd_sc_hd__a21oi_2)
                                                         _1121_ (net)
                      0.079391    0.000228    5.805335 v _2224_/A1 (sky130_fd_sc_hd__o31a_2)
     2    0.008094    0.063678    0.369884    6.175218 v _2224_/X (sky130_fd_sc_hd__o31a_2)
                                                         _0221_ (net)
                      0.063678    0.000148    6.175366 v _2256_/A2 (sky130_fd_sc_hd__a41o_2)
     4    0.011596    0.061371    0.273684    6.449050 v _2256_/X (sky130_fd_sc_hd__a41o_2)
                                                         _0252_ (net)
                      0.061371    0.000129    6.449179 v _2285_/A1 (sky130_fd_sc_hd__a21o_2)
     2    0.004032    0.038184    0.192594    6.641773 v _2285_/X (sky130_fd_sc_hd__a21o_2)
                                                         _0280_ (net)
                      0.038184    0.000006    6.641779 v _2305_/A2 (sky130_fd_sc_hd__a311o_2)
     1    0.004477    0.059715    0.358371    7.000150 v _2305_/X (sky130_fd_sc_hd__a311o_2)
                                                         _0299_ (net)
                      0.059715    0.000011    7.000161 v _2306_/B1 (sky130_fd_sc_hd__a21oi_2)
     1    0.005056    0.105508    0.115019    7.115180 ^ _2306_/Y (sky130_fd_sc_hd__a21oi_2)
                                                         _0300_ (net)
                      0.105508    0.000007    7.115187 ^ _2307_/A2 (sky130_fd_sc_hd__o21a_4)
     1    0.001741    0.028172    0.116627    7.231814 ^ _2307_/X (sky130_fd_sc_hd__o21a_4)
                                                         _0029_ (net)
                      0.028172    0.000000    7.231815 ^ _2684_/D (sky130_fd_sc_hd__dfxtp_2)
                                              7.231815   data arrival time

                                 20.000000   20.000000   clock clk (rise edge)
                                  0.000000   20.000000   clock source latency
    82    0.230301    1.029756    0.712456   20.712456 ^ clk (in)
                                                         clk (net)
                      1.029855    0.000000   20.712456 ^ _2684_/CLK (sky130_fd_sc_hd__dfxtp_2)
                                 -0.200000   20.512457   clock uncertainty
                                  0.000000   20.512457   clock reconvergence pessimism
                                  0.027747   20.540203   library setup time
                                             20.540203   data required time
---------------------------------------------------------------------------------------------
                                             20.540203   data required time
                                             -7.231815   data arrival time
---------------------------------------------------------------------------------------------
                                             13.308388   slack (MET)


Startpoint: _2662_ (rising edge-triggered flip-flop clocked by clk)
Endpoint: _2683_ (rising edge-triggered flip-flop clocked by clk)
Path Group: clk
Path Type: max

Fanout         Cap        Slew       Delay        Time   Description
---------------------------------------------------------------------------------------------
                                  0.000000    0.000000   clock clk (rise edge)
                                  0.000000    0.000000   clock source latency
    82    0.230301    1.029756    0.711528    0.711528 ^ clk (in)
                                                         clk (net)
                      1.029834    0.000000    0.711528 ^ _2662_/CLK (sky130_fd_sc_hd__dfxtp_2)
     4    0.015622    0.089665    0.541442    1.252969 ^ _2662_/Q (sky130_fd_sc_hd__dfxtp_2)
                                                         r2_mantissa[7] (net)
                      0.089665    0.000007    1.252977 ^ place247/A (sky130_fd_sc_hd__buf_1)
     8    0.029653    0.353924    0.306670    1.559647 ^ place247/X (sky130_fd_sc_hd__buf_1)
                                                         net247 (net)
                      0.353924    0.000021    1.559668 ^ place246/A (sky130_fd_sc_hd__buf_1)
     8    0.053550    0.618120    0.530987    2.090655 ^ place246/X (sky130_fd_sc_hd__buf_1)
                                                         net246 (net)
                      0.618121    0.000777    2.091432 ^ place245/A (sky130_fd_sc_hd__buf_1)
     5    0.042963    0.497769    0.465158    2.556590 ^ place245/X (sky130_fd_sc_hd__buf_1)
                                                         net245 (net)
                      0.497769    0.000494    2.557084 ^ place244/A (sky130_fd_sc_hd__buf_1)
     7    0.063477    0.730564    0.618106    3.175189 ^ place244/X (sky130_fd_sc_hd__buf_1)
                                                         net244 (net)
                      0.730568    0.001319    3.176509 ^ _1593_/A (sky130_fd_sc_hd__xor2_2)
     2    0.006114    0.125829    0.160007    3.336516 v _1593_/X (sky130_fd_sc_hd__xor2_2)
                                                         _0817_ (net)
                      0.125829    0.000006    3.336522 v _1612_/A (sky130_fd_sc_hd__or2_2)
     1    0.002016    0.051428    0.311098    3.647620 v _1612_/X (sky130_fd_sc_hd__or2_2)
                                                         _0836_ (net)
                      0.051428    0.000006    3.647627 v _1613_/B (sky130_fd_sc_hd__and2_2)
     2    0.010769    0.056149    0.212343    3.859970 v _1613_/X (sky130_fd_sc_hd__and2_2)
                                                         _0837_ (net)
                      0.056149    0.000012    3.859981 v _1615_/A2 (sky130_fd_sc_hd__a21o_2)
     2    0.013094    0.058171    0.242319    4.102300 v _1615_/X (sky130_fd_sc_hd__a21o_2)
                                                         _0839_ (net)
                      0.058171    0.000030    4.102331 v _1617_/A (sky130_fd_sc_hd__xnor2_2)
     2    0.011528    0.201004    0.212744    4.315075 ^ _1617_/Y (sky130_fd_sc_hd__xnor2_2)
                                                         _0841_ (net)
                      0.201004    0.000019    4.315094 ^ _1664_/B (sky130_fd_sc_hd__xor2_2)
     2    0.011308    0.185596    0.210338    4.525432 ^ _1664_/X (sky130_fd_sc_hd__xor2_2)
                                                         _0888_ (net)
                      0.185596    0.000022    4.525454 ^ _1667_/A (sky130_fd_sc_hd__xor2_2)
     3    0.007160    0.069900    0.105564    4.631018 v _1667_/X (sky130_fd_sc_hd__xor2_2)
                                                         _0891_ (net)
                      0.069900    0.000008    4.631026 v _1737_/A (sky130_fd_sc_hd__or4_4)
     1    0.002573    0.078684    0.524083    5.155110 v _1737_/X (sky130_fd_sc_hd__or4_4)
                                                         _0961_ (net)
                      0.078684    0.000004    5.155113 v _1738_/C1 (sky130_fd_sc_hd__o211a_2)
     1    0.009216    0.056363    0.145478    5.300591 v _1738_/X (sky130_fd_sc_hd__o211a_2)
                                                         _0962_ (net)
                      0.056363    0.000026    5.300617 v _1744_/A1 (sky130_fd_sc_hd__o21ai_4)
     3    0.011269    0.136833    0.169375    5.469992 ^ _1744_/Y (sky130_fd_sc_hd__o21ai_4)
                                                         _0968_ (net)
                      0.136833    0.000080    5.470072 ^ _1799_/A3 (sky130_fd_sc_hd__a32o_2)
     2    0.014750    0.104702    0.237212    5.707284 ^ _1799_/X (sky130_fd_sc_hd__a32o_2)
                                                         _1022_ (net)
                      0.104702    0.000080    5.707364 ^ _1899_/A1 (sky130_fd_sc_hd__a21oi_2)
     4    0.016618    0.079391    0.097743    5.805107 v _1899_/Y (sky130_fd_sc_hd__a21oi_2)
                                                         _1121_ (net)
                      0.079391    0.000228    5.805335 v _2224_/A1 (sky130_fd_sc_hd__o31a_2)
     2    0.008094    0.063678    0.369884    6.175218 v _2224_/X (sky130_fd_sc_hd__o31a_2)
                                                         _0221_ (net)
                      0.063678    0.000148    6.175366 v _2256_/A2 (sky130_fd_sc_hd__a41o_2)
     4    0.011596    0.061371    0.273684    6.449050 v _2256_/X (sky130_fd_sc_hd__a41o_2)
                                                         _0252_ (net)
                      0.061371    0.000125    6.449175 v _2284_/A (sky130_fd_sc_hd__and3_2)
     1    0.002379    0.036673    0.171833    6.621008 v _2284_/X (sky130_fd_sc_hd__and3_2)
                                                         _0279_ (net)
                      0.036673    0.000001    6.621010 v _2286_/A (sky130_fd_sc_hd__or3b_4)
     1    0.009279    0.075263    0.399030    7.020040 v _2286_/X (sky130_fd_sc_hd__or3b_4)
                                                         _0281_ (net)
                      0.075263    0.000025    7.020065 v _2287_/A2 (sky130_fd_sc_hd__a21oi_4)
     1    0.001765    0.099800    0.132006    7.152071 ^ _2287_/Y (sky130_fd_sc_hd__a21oi_4)
                                                         _0028_ (net)
                      0.099800    0.000000    7.152071 ^ _2683_/D (sky130_fd_sc_hd__dfxtp_2)
                                              7.152071   data arrival time

                                 20.000000   20.000000   clock clk (rise edge)
                                  0.000000   20.000000   clock source latency
    82    0.230301    1.029756    0.712415   20.712416 ^ clk (in)
                                                         clk (net)
                      1.029854    0.000000   20.712416 ^ _2683_/CLK (sky130_fd_sc_hd__dfxtp_2)
                                 -0.200000   20.512415   clock uncertainty
                                  0.000000   20.512415   clock reconvergence pessimism
                                  0.013226   20.525642   library setup time
                                             20.525642   data required time
---------------------------------------------------------------------------------------------
                                             20.525642   data required time
                                             -7.152071   data arrival time
---------------------------------------------------------------------------------------------
                                             13.373571   slack (MET)


Startpoint: _2662_ (rising edge-triggered flip-flop clocked by clk)
Endpoint: _2682_ (rising edge-triggered flip-flop clocked by clk)
Path Group: clk
Path Type: max

Fanout         Cap        Slew       Delay        Time   Description
---------------------------------------------------------------------------------------------
                                  0.000000    0.000000   clock clk (rise edge)
                                  0.000000    0.000000   clock source latency
    82    0.230301    1.029756    0.711528    0.711528 ^ clk (in)
                                                         clk (net)
                      1.029834    0.000000    0.711528 ^ _2662_/CLK (sky130_fd_sc_hd__dfxtp_2)
     4    0.015622    0.089665    0.541442    1.252969 ^ _2662_/Q (sky130_fd_sc_hd__dfxtp_2)
                                                         r2_mantissa[7] (net)
                      0.089665    0.000007    1.252977 ^ place247/A (sky130_fd_sc_hd__buf_1)
     8    0.029653    0.353924    0.306670    1.559647 ^ place247/X (sky130_fd_sc_hd__buf_1)
                                                         net247 (net)
                      0.353924    0.000021    1.559668 ^ place246/A (sky130_fd_sc_hd__buf_1)
     8    0.053550    0.618120    0.530987    2.090655 ^ place246/X (sky130_fd_sc_hd__buf_1)
                                                         net246 (net)
                      0.618121    0.000777    2.091432 ^ place245/A (sky130_fd_sc_hd__buf_1)
     5    0.042963    0.497769    0.465158    2.556590 ^ place245/X (sky130_fd_sc_hd__buf_1)
                                                         net245 (net)
                      0.497769    0.000494    2.557084 ^ place244/A (sky130_fd_sc_hd__buf_1)
     7    0.063477    0.730564    0.618106    3.175189 ^ place244/X (sky130_fd_sc_hd__buf_1)
                                                         net244 (net)
                      0.730568    0.001319    3.176509 ^ _1593_/A (sky130_fd_sc_hd__xor2_2)
     2    0.006114    0.125829    0.160007    3.336516 v _1593_/X (sky130_fd_sc_hd__xor2_2)
                                                         _0817_ (net)
                      0.125829    0.000006    3.336522 v _1612_/A (sky130_fd_sc_hd__or2_2)
     1    0.002016    0.051428    0.311098    3.647620 v _1612_/X (sky130_fd_sc_hd__or2_2)
                                                         _0836_ (net)
                      0.051428    0.000006    3.647627 v _1613_/B (sky130_fd_sc_hd__and2_2)
     2    0.010769    0.056149    0.212343    3.859970 v _1613_/X (sky130_fd_sc_hd__and2_2)
                                                         _0837_ (net)
                      0.056149    0.000012    3.859981 v _1615_/A2 (sky130_fd_sc_hd__a21o_2)
     2    0.013094    0.058171    0.242319    4.102300 v _1615_/X (sky130_fd_sc_hd__a21o_2)
                                                         _0839_ (net)
                      0.058171    0.000030    4.102331 v _1617_/A (sky130_fd_sc_hd__xnor2_2)
     2    0.011528    0.201004    0.212744    4.315075 ^ _1617_/Y (sky130_fd_sc_hd__xnor2_2)
                                                         _0841_ (net)
                      0.201004    0.000019    4.315094 ^ _1664_/B (sky130_fd_sc_hd__xor2_2)
     2    0.011308    0.185596    0.210338    4.525432 ^ _1664_/X (sky130_fd_sc_hd__xor2_2)
                                                         _0888_ (net)
                      0.185596    0.000022    4.525454 ^ _1667_/A (sky130_fd_sc_hd__xor2_2)
     3    0.007160    0.069900    0.105564    4.631018 v _1667_/X (sky130_fd_sc_hd__xor2_2)
                                                         _0891_ (net)
                      0.069900    0.000008    4.631026 v _1737_/A (sky130_fd_sc_hd__or4_4)
     1    0.002573    0.078684    0.524083    5.155110 v _1737_/X (sky130_fd_sc_hd__or4_4)
                                                         _0961_ (net)
                      0.078684    0.000004    5.155113 v _1738_/C1 (sky130_fd_sc_hd__o211a_2)
     1    0.009216    0.056363    0.145478    5.300591 v _1738_/X (sky130_fd_sc_hd__o211a_2)
                                                         _0962_ (net)
                      0.056363    0.000026    5.300617 v _1744_/A1 (sky130_fd_sc_hd__o21ai_4)
     3    0.011269    0.136833    0.169375    5.469992 ^ _1744_/Y (sky130_fd_sc_hd__o21ai_4)
                                                         _0968_ (net)
                      0.136833    0.000080    5.470072 ^ _1799_/A3 (sky130_fd_sc_hd__a32o_2)
     2    0.014750    0.104702    0.237212    5.707284 ^ _1799_/X (sky130_fd_sc_hd__a32o_2)
                                                         _1022_ (net)
                      0.104702    0.000080    5.707364 ^ _1899_/A1 (sky130_fd_sc_hd__a21oi_2)
     4    0.016618    0.079391    0.097743    5.805107 v _1899_/Y (sky130_fd_sc_hd__a21oi_2)
                                                         _1121_ (net)
                      0.079391    0.000228    5.805335 v _2224_/A1 (sky130_fd_sc_hd__o31a_2)
     2    0.008094    0.063678    0.369884    6.175218 v _2224_/X (sky130_fd_sc_hd__o31a_2)
                                                         _0221_ (net)
                      0.063678    0.000146    6.175364 v _2227_/B (sky130_fd_sc_hd__and4_4)
     2    0.010654    0.043452    0.182933    6.358297 v _2227_/X (sky130_fd_sc_hd__and4_4)
                                                         _0224_ (net)
                      0.043452    0.000010    6.358307 v _2253_/A2 (sky130_fd_sc_hd__o211a_2)
     1    0.002544    0.040321    0.228534    6.586842 v _2253_/X (sky130_fd_sc_hd__o211a_2)
                                                         _0249_ (net)
                      0.040321    0.000004    6.586845 v _2257_/A (sky130_fd_sc_hd__or3b_4)
     1    0.009060    0.076632    0.399707    6.986552 v _2257_/X (sky130_fd_sc_hd__or3b_4)
                                                         _0253_ (net)
                      0.076632    0.000012    6.986564 v _2258_/A2 (sky130_fd_sc_hd__a21oi_4)
     1    0.001822    0.100130    0.132849    7.119413 ^ _2258_/Y (sky130_fd_sc_hd__a21oi_4)
                                                         _0027_ (net)
                      0.100130    0.000001    7.119414 ^ _2682_/D (sky130_fd_sc_hd__dfxtp_2)
                                              7.119414   data arrival time

                                 20.000000   20.000000   clock clk (rise edge)
                                  0.000000   20.000000   clock source latency
    82    0.230301    1.029756    0.712355   20.712355 ^ clk (in)
                                                         clk (net)
                      1.029853    0.000000   20.712355 ^ _2682_/CLK (sky130_fd_sc_hd__dfxtp_2)
                                 -0.200000   20.512356   clock uncertainty
                                  0.000000   20.512356   clock reconvergence pessimism
                                  0.013160   20.525515   library setup time
                                             20.525515   data required time
---------------------------------------------------------------------------------------------
                                             20.525515   data required time
                                             -7.119414   data arrival time
---------------------------------------------------------------------------------------------
                                             13.406099   slack (MET)


Startpoint: _2662_ (rising edge-triggered flip-flop clocked by clk)
Endpoint: _2685_ (rising edge-triggered flip-flop clocked by clk)
Path Group: clk
Path Type: max

Fanout         Cap        Slew       Delay        Time   Description
---------------------------------------------------------------------------------------------
                                  0.000000    0.000000   clock clk (rise edge)
                                  0.000000    0.000000   clock source latency
    82    0.230301    1.029756    0.711528    0.711528 ^ clk (in)
                                                         clk (net)
                      1.029834    0.000000    0.711528 ^ _2662_/CLK (sky130_fd_sc_hd__dfxtp_2)
     4    0.015622    0.089665    0.541442    1.252969 ^ _2662_/Q (sky130_fd_sc_hd__dfxtp_2)
                                                         r2_mantissa[7] (net)
                      0.089665    0.000007    1.252977 ^ place247/A (sky130_fd_sc_hd__buf_1)
     8    0.029653    0.353924    0.306670    1.559647 ^ place247/X (sky130_fd_sc_hd__buf_1)
                                                         net247 (net)
                      0.353924    0.000021    1.559668 ^ place246/A (sky130_fd_sc_hd__buf_1)
     8    0.053550    0.618120    0.530987    2.090655 ^ place246/X (sky130_fd_sc_hd__buf_1)
                                                         net246 (net)
                      0.618121    0.000777    2.091432 ^ place245/A (sky130_fd_sc_hd__buf_1)
     5    0.042963    0.497769    0.465158    2.556590 ^ place245/X (sky130_fd_sc_hd__buf_1)
                                                         net245 (net)
                      0.497769    0.000494    2.557084 ^ place244/A (sky130_fd_sc_hd__buf_1)
     7    0.063477    0.730564    0.618106    3.175189 ^ place244/X (sky130_fd_sc_hd__buf_1)
                                                         net244 (net)
                      0.730568    0.001319    3.176509 ^ _1593_/A (sky130_fd_sc_hd__xor2_2)
     2    0.006114    0.125829    0.160007    3.336516 v _1593_/X (sky130_fd_sc_hd__xor2_2)
                                                         _0817_ (net)
                      0.125829    0.000006    3.336522 v _1612_/A (sky130_fd_sc_hd__or2_2)
     1    0.002016    0.051428    0.311098    3.647620 v _1612_/X (sky130_fd_sc_hd__or2_2)
                                                         _0836_ (net)
                      0.051428    0.000006    3.647627 v _1613_/B (sky130_fd_sc_hd__and2_2)
     2    0.010769    0.056149    0.212343    3.859970 v _1613_/X (sky130_fd_sc_hd__and2_2)
                                                         _0837_ (net)
                      0.056149    0.000012    3.859981 v _1615_/A2 (sky130_fd_sc_hd__a21o_2)
     2    0.013094    0.058171    0.242319    4.102300 v _1615_/X (sky130_fd_sc_hd__a21o_2)
                                                         _0839_ (net)
                      0.058171    0.000030    4.102331 v _1617_/A (sky130_fd_sc_hd__xnor2_2)
     2    0.011528    0.201004    0.212744    4.315075 ^ _1617_/Y (sky130_fd_sc_hd__xnor2_2)
                                                         _0841_ (net)
                      0.201004    0.000019    4.315094 ^ _1664_/B (sky130_fd_sc_hd__xor2_2)
     2    0.011308    0.185596    0.210338    4.525432 ^ _1664_/X (sky130_fd_sc_hd__xor2_2)
                                                         _0888_ (net)
                      0.185596    0.000022    4.525454 ^ _1667_/A (sky130_fd_sc_hd__xor2_2)
     3    0.007160    0.069900    0.105564    4.631018 v _1667_/X (sky130_fd_sc_hd__xor2_2)
                                                         _0891_ (net)
                      0.069900    0.000008    4.631026 v _1737_/A (sky130_fd_sc_hd__or4_4)
     1    0.002573    0.078684    0.524083    5.155110 v _1737_/X (sky130_fd_sc_hd__or4_4)
                                                         _0961_ (net)
                      0.078684    0.000004    5.155113 v _1738_/C1 (sky130_fd_sc_hd__o211a_2)
     1    0.009216    0.056363    0.145478    5.300591 v _1738_/X (sky130_fd_sc_hd__o211a_2)
                                                         _0962_ (net)
                      0.056363    0.000026    5.300617 v _1744_/A1 (sky130_fd_sc_hd__o21ai_4)
     3    0.011269    0.136833    0.169375    5.469992 ^ _1744_/Y (sky130_fd_sc_hd__o21ai_4)
                                                         _0968_ (net)
                      0.136833    0.000080    5.470072 ^ _1799_/A3 (sky130_fd_sc_hd__a32o_2)
     2    0.014750    0.104702    0.237212    5.707284 ^ _1799_/X (sky130_fd_sc_hd__a32o_2)
                                                         _1022_ (net)
                      0.104702    0.000080    5.707364 ^ _1899_/A1 (sky130_fd_sc_hd__a21oi_2)
     4    0.016618    0.079391    0.097743    5.805107 v _1899_/Y (sky130_fd_sc_hd__a21oi_2)
                                                         _1121_ (net)
                      0.079391    0.000228    5.805335 v _2224_/A1 (sky130_fd_sc_hd__o31a_2)
     2    0.008094    0.063678    0.369884    6.175218 v _2224_/X (sky130_fd_sc_hd__o31a_2)
                                                         _0221_ (net)
                      0.063678    0.000148    6.175366 v _2256_/A2 (sky130_fd_sc_hd__a41o_2)
     4    0.011596    0.061371    0.273684    6.449050 v _2256_/X (sky130_fd_sc_hd__a41o_2)
                                                         _0252_ (net)
                      0.061371    0.000131    6.449182 v _2304_/A1 (sky130_fd_sc_hd__a211oi_2)
     3    0.011476    0.278694    0.273010    6.722191 ^ _2304_/Y (sky130_fd_sc_hd__a211oi_2)
                                                         _0298_ (net)
                      0.278694    0.000080    6.722272 ^ _2318_/A1 (sky130_fd_sc_hd__o21ai_2)
     1    0.002373    0.053115    0.091561    6.813833 v _2318_/Y (sky130_fd_sc_hd__o21ai_2)
                                                         _0311_ (net)
                      0.053115    0.000001    6.813835 v _2319_/B1 (sky130_fd_sc_hd__o311a_2)
     1    0.002477    0.053934    0.128292    6.942126 v _2319_/X (sky130_fd_sc_hd__o311a_2)
                                                         _0312_ (net)
                      0.053934    0.000003    6.942129 v _2320_/A2 (sky130_fd_sc_hd__o21a_2)
     1    0.001817    0.030955    0.184166    7.126295 v _2320_/X (sky130_fd_sc_hd__o21a_2)
                                                         _0030_ (net)
                      0.030955    0.000001    7.126297 v _2685_/D (sky130_fd_sc_hd__dfxtp_2)
                                              7.126297   data arrival time

                                 20.000000   20.000000   clock clk (rise edge)
                                  0.000000   20.000000   clock source latency
    82    0.230301    1.029756    0.712467   20.712467 ^ clk (in)
                                                         clk (net)
                      1.029855    0.000000   20.712467 ^ _2685_/CLK (sky130_fd_sc_hd__dfxtp_2)
                                 -0.200000   20.512466   clock uncertainty
                                  0.000000   20.512466   clock reconvergence pessimism
                                  0.046255   20.558722   library setup time
                                             20.558722   data required time
---------------------------------------------------------------------------------------------
                                             20.558722   data required time
                                             -7.126297   data arrival time
---------------------------------------------------------------------------------------------
                                             13.432425   slack (MET)


Startpoint: _2662_ (rising edge-triggered flip-flop clocked by clk)
Endpoint: _2675_ (rising edge-triggered flip-flop clocked by clk)
Path Group: clk
Path Type: max

Fanout         Cap        Slew       Delay        Time   Description
---------------------------------------------------------------------------------------------
                                  0.000000    0.000000   clock clk (rise edge)
                                  0.000000    0.000000   clock source latency
    82    0.230301    1.029756    0.711528    0.711528 ^ clk (in)
                                                         clk (net)
                      1.029834    0.000000    0.711528 ^ _2662_/CLK (sky130_fd_sc_hd__dfxtp_2)
     4    0.015622    0.089665    0.541442    1.252969 ^ _2662_/Q (sky130_fd_sc_hd__dfxtp_2)
                                                         r2_mantissa[7] (net)
                      0.089665    0.000007    1.252977 ^ place247/A (sky130_fd_sc_hd__buf_1)
     8    0.029653    0.353924    0.306670    1.559647 ^ place247/X (sky130_fd_sc_hd__buf_1)
                                                         net247 (net)
                      0.353924    0.000021    1.559668 ^ place246/A (sky130_fd_sc_hd__buf_1)
     8    0.053550    0.618120    0.530987    2.090655 ^ place246/X (sky130_fd_sc_hd__buf_1)
                                                         net246 (net)
                      0.618121    0.000777    2.091432 ^ place245/A (sky130_fd_sc_hd__buf_1)
     5    0.042963    0.497769    0.465158    2.556590 ^ place245/X (sky130_fd_sc_hd__buf_1)
                                                         net245 (net)
                      0.497769    0.000494    2.557084 ^ place244/A (sky130_fd_sc_hd__buf_1)
     7    0.063477    0.730564    0.618106    3.175189 ^ place244/X (sky130_fd_sc_hd__buf_1)
                                                         net244 (net)
                      0.730564    0.000572    3.175762 ^ _1523_/A (sky130_fd_sc_hd__xor2_2)
     2    0.011038    0.193780    0.245039    3.420801 ^ _1523_/X (sky130_fd_sc_hd__xor2_2)
                                                         _0747_ (net)
                      0.193780    0.000010    3.420811 ^ _1526_/A (sky130_fd_sc_hd__xor2_2)
     2    0.012163    0.195670    0.212977    3.633788 ^ _1526_/X (sky130_fd_sc_hd__xor2_2)
                                                         _0750_ (net)
                      0.195670    0.000016    3.633803 ^ _1529_/A (sky130_fd_sc_hd__xor2_2)
     2    0.013938    0.214480    0.227498    3.861301 ^ _1529_/X (sky130_fd_sc_hd__xor2_2)
                                                         _0753_ (net)
                      0.214480    0.000021    3.861322 ^ _1530_/B (sky130_fd_sc_hd__xnor2_2)
     2    0.013545    0.224286    0.170087    4.031409 ^ _1530_/Y (sky130_fd_sc_hd__xnor2_2)
                                                         _0754_ (net)
                      0.224286    0.000020    4.031429 ^ _1531_/B (sky130_fd_sc_hd__xor2_2)
     2    0.012186    0.195246    0.219918    4.251347 ^ _1531_/X (sky130_fd_sc_hd__xor2_2)
                                                         _0755_ (net)
                      0.195246    0.000004    4.251351 ^ _1586_/A1 (sky130_fd_sc_hd__a21o_2)
     2    0.013674    0.081061    0.191942    4.443294 ^ _1586_/X (sky130_fd_sc_hd__a21o_2)
                                                         _0810_ (net)
                      0.081061    0.000026    4.443320 ^ _1587_/B (sky130_fd_sc_hd__xor2_2)
     2    0.013782    0.212762    0.212967    4.656286 ^ _1587_/X (sky130_fd_sc_hd__xor2_2)
                                                         _0811_ (net)
                      0.212762    0.000020    4.656306 ^ _1588_/B (sky130_fd_sc_hd__xnor2_2)
     3    0.010229    0.071146    0.109023    4.765329 v _1588_/Y (sky130_fd_sc_hd__xnor2_2)
                                                         _0812_ (net)
                      0.071146    0.000032    4.765360 v _1589_/B (sky130_fd_sc_hd__or2_2)
     2    0.010964    0.080055    0.314145    5.079505 v _1589_/X (sky130_fd_sc_hd__or2_2)
                                                         _0813_ (net)
                      0.080055    0.000012    5.079516 v _1591_/B1 (sky130_fd_sc_hd__o211a_2)
     3    0.009190    0.057991    0.163331    5.242847 v _1591_/X (sky130_fd_sc_hd__o211a_2)
                                                         _0815_ (net)
                      0.057991    0.000012    5.242859 v _1799_/A2 (sky130_fd_sc_hd__a32o_2)
     2    0.013701    0.064533    0.299207    5.542066 v _1799_/X (sky130_fd_sc_hd__a32o_2)
                                                         _1022_ (net)
                      0.064533    0.000074    5.542140 v _1899_/A1 (sky130_fd_sc_hd__a21oi_2)
     4    0.018148    0.239400    0.242490    5.784630 ^ _1899_/Y (sky130_fd_sc_hd__a21oi_2)
                                                         _1121_ (net)
                      0.239400    0.000066    5.784697 ^ _1900_/B (sky130_fd_sc_hd__nor2_2)
     3    0.008988    0.062182    0.076694    5.861391 v _1900_/Y (sky130_fd_sc_hd__nor2_2)
                                                         _1122_ (net)
                      0.062182    0.000023    5.861413 v _1946_/A (sky130_fd_sc_hd__and2_2)
     3    0.008374    0.048986    0.188863    6.050276 v _1946_/X (sky130_fd_sc_hd__and2_2)
                                                         _1167_ (net)
                      0.048986    0.000022    6.050299 v _1994_/A (sky130_fd_sc_hd__or3b_2)
     1    0.002643    0.075511    0.454687    6.504986 v _1994_/X (sky130_fd_sc_hd__or3b_2)
                                                         _1214_ (net)
                      0.075511    0.000005    6.504991 v _1995_/A3 (sky130_fd_sc_hd__a32o_2)
     1    0.001633    0.036395    0.261759    6.766749 v _1995_/X (sky130_fd_sc_hd__a32o_2)
                                                         _1215_ (net)
                      0.036395    0.000001    6.766751 v _1996_/B (sky130_fd_sc_hd__and2_2)
     1    0.001754    0.033964    0.173607    6.940358 v _1996_/X (sky130_fd_sc_hd__and2_2)
                                                         _1216_ (net)
                      0.033964    0.000000    6.940359 v _2675_/D (sky130_fd_sc_hd__dfxtp_2)
                                              6.940359   data arrival time

                                 20.000000   20.000000   clock clk (rise edge)
                                  0.000000   20.000000   clock source latency
    82    0.230301    1.029756    0.711067   20.711067 ^ clk (in)
                                                         clk (net)
                      1.029825    0.000000   20.711067 ^ _2675_/CLK (sky130_fd_sc_hd__dfxtp_2)
                                 -0.200000   20.511066   clock uncertainty
                                  0.000000   20.511066   clock reconvergence pessimism
                                  0.044975   20.556044   library setup time
                                             20.556044   data required time
---------------------------------------------------------------------------------------------
                                             20.556044   data required time
                                             -6.940359   data arrival time
---------------------------------------------------------------------------------------------
                                             13.615684   slack (MET)


Startpoint: _2662_ (rising edge-triggered flip-flop clocked by clk)
Endpoint: _2681_ (rising edge-triggered flip-flop clocked by clk)
Path Group: clk
Path Type: max

Fanout         Cap        Slew       Delay        Time   Description
---------------------------------------------------------------------------------------------
                                  0.000000    0.000000   clock clk (rise edge)
                                  0.000000    0.000000   clock source latency
    82    0.230301    1.029756    0.711528    0.711528 ^ clk (in)
                                                         clk (net)
                      1.029834    0.000000    0.711528 ^ _2662_/CLK (sky130_fd_sc_hd__dfxtp_2)
     4    0.015622    0.089665    0.541442    1.252969 ^ _2662_/Q (sky130_fd_sc_hd__dfxtp_2)
                                                         r2_mantissa[7] (net)
                      0.089665    0.000007    1.252977 ^ place247/A (sky130_fd_sc_hd__buf_1)
     8    0.029653    0.353924    0.306670    1.559647 ^ place247/X (sky130_fd_sc_hd__buf_1)
                                                         net247 (net)
                      0.353924    0.000021    1.559668 ^ place246/A (sky130_fd_sc_hd__buf_1)
     8    0.053550    0.618120    0.530987    2.090655 ^ place246/X (sky130_fd_sc_hd__buf_1)
                                                         net246 (net)
                      0.618121    0.000777    2.091432 ^ place245/A (sky130_fd_sc_hd__buf_1)
     5    0.042963    0.497769    0.465158    2.556590 ^ place245/X (sky130_fd_sc_hd__buf_1)
                                                         net245 (net)
                      0.497769    0.000494    2.557084 ^ place244/A (sky130_fd_sc_hd__buf_1)
     7    0.063477    0.730564    0.618106    3.175189 ^ place244/X (sky130_fd_sc_hd__buf_1)
                                                         net244 (net)
                      0.730568    0.001319    3.176509 ^ _1593_/A (sky130_fd_sc_hd__xor2_2)
     2    0.006114    0.125829    0.160007    3.336516 v _1593_/X (sky130_fd_sc_hd__xor2_2)
                                                         _0817_ (net)
                      0.125829    0.000006    3.336522 v _1612_/A (sky130_fd_sc_hd__or2_2)
     1    0.002016    0.051428    0.311098    3.647620 v _1612_/X (sky130_fd_sc_hd__or2_2)
                                                         _0836_ (net)
                      0.051428    0.000006    3.647627 v _1613_/B (sky130_fd_sc_hd__and2_2)
     2    0.010769    0.056149    0.212343    3.859970 v _1613_/X (sky130_fd_sc_hd__and2_2)
                                                         _0837_ (net)
                      0.056149    0.000012    3.859981 v _1615_/A2 (sky130_fd_sc_hd__a21o_2)
     2    0.013094    0.058171    0.242319    4.102300 v _1615_/X (sky130_fd_sc_hd__a21o_2)
                                                         _0839_ (net)
                      0.058171    0.000030    4.102331 v _1617_/A (sky130_fd_sc_hd__xnor2_2)
     2    0.011528    0.201004    0.212744    4.315075 ^ _1617_/Y (sky130_fd_sc_hd__xnor2_2)
                                                         _0841_ (net)
                      0.201004    0.000019    4.315094 ^ _1664_/B (sky130_fd_sc_hd__xor2_2)
     2    0.011308    0.185596    0.210338    4.525432 ^ _1664_/X (sky130_fd_sc_hd__xor2_2)
                                                         _0888_ (net)
                      0.185596    0.000022    4.525454 ^ _1667_/A (sky130_fd_sc_hd__xor2_2)
     3    0.007160    0.069900    0.105564    4.631018 v _1667_/X (sky130_fd_sc_hd__xor2_2)
                                                         _0891_ (net)
                      0.069900    0.000008    4.631026 v _1737_/A (sky130_fd_sc_hd__or4_4)
     1    0.002573    0.078684    0.524083    5.155110 v _1737_/X (sky130_fd_sc_hd__or4_4)
                                                         _0961_ (net)
                      0.078684    0.000004    5.155113 v _1738_/C1 (sky130_fd_sc_hd__o211a_2)
     1    0.009216    0.056363    0.145478    5.300591 v _1738_/X (sky130_fd_sc_hd__o211a_2)
                                                         _0962_ (net)
                      0.056363    0.000026    5.300617 v _1744_/A1 (sky130_fd_sc_hd__o21ai_4)
     3    0.011269    0.136833    0.169375    5.469992 ^ _1744_/Y (sky130_fd_sc_hd__o21ai_4)
                                                         _0968_ (net)
                      0.136833    0.000080    5.470072 ^ _1799_/A3 (sky130_fd_sc_hd__a32o_2)
     2    0.014750    0.104702    0.237212    5.707284 ^ _1799_/X (sky130_fd_sc_hd__a32o_2)
                                                         _1022_ (net)
                      0.104702    0.000080    5.707364 ^ _1899_/A1 (sky130_fd_sc_hd__a21oi_2)
     4    0.016618    0.079391    0.097743    5.805107 v _1899_/Y (sky130_fd_sc_hd__a21oi_2)
                                                         _1121_ (net)
                      0.079391    0.000228    5.805335 v _2224_/A1 (sky130_fd_sc_hd__o31a_2)
     2    0.008094    0.063678    0.369884    6.175218 v _2224_/X (sky130_fd_sc_hd__o31a_2)
                                                         _0221_ (net)
                      0.063678    0.000146    6.175364 v _2227_/B (sky130_fd_sc_hd__and4_4)
     2    0.010654    0.043452    0.182933    6.358297 v _2227_/X (sky130_fd_sc_hd__and4_4)
                                                         _0224_ (net)
                      0.043452    0.000008    6.358305 v _2228_/B (sky130_fd_sc_hd__xnor2_2)
     1    0.002227    0.040732    0.117030    6.475336 v _2228_/Y (sky130_fd_sc_hd__xnor2_2)
                                                         _0225_ (net)
                      0.040732    0.000005    6.475341 v _2229_/B2 (sky130_fd_sc_hd__o2bb2a_2)
     1    0.004333    0.049709    0.245828    6.721169 v _2229_/X (sky130_fd_sc_hd__o2bb2a_2)
                                                         _0226_ (net)
                      0.049709    0.000005    6.721174 v _2230_/B (sky130_fd_sc_hd__nor2_2)
     1    0.001790    0.067585    0.063054    6.784227 ^ _2230_/Y (sky130_fd_sc_hd__nor2_2)
                                                         _0026_ (net)
                      0.067585    0.000001    6.784229 ^ _2681_/D (sky130_fd_sc_hd__dfxtp_2)
                                              6.784229   data arrival time

                                 20.000000   20.000000   clock clk (rise edge)
                                  0.000000   20.000000   clock source latency
    82    0.230301    1.029756    0.712284   20.712284 ^ clk (in)
                                                         clk (net)
                      1.029851    0.000000   20.712284 ^ _2681_/CLK (sky130_fd_sc_hd__dfxtp_2)
                                 -0.200000   20.512283   clock uncertainty
                                  0.000000   20.512283   clock reconvergence pessimism
                                  0.019757   20.532042   library setup time
                                             20.532042   data required time
---------------------------------------------------------------------------------------------
                                             20.532042   data required time
                                             -6.784229   data arrival time
---------------------------------------------------------------------------------------------
                                             13.747812   slack (MET)


Startpoint: _2662_ (rising edge-triggered flip-flop clocked by clk)
Endpoint: _2678_ (rising edge-triggered flip-flop clocked by clk)
Path Group: clk
Path Type: max

Fanout         Cap        Slew       Delay        Time   Description
---------------------------------------------------------------------------------------------
                                  0.000000    0.000000   clock clk (rise edge)
                                  0.000000    0.000000   clock source latency
    82    0.230301    1.029756    0.711528    0.711528 ^ clk (in)
                                                         clk (net)
                      1.029834    0.000000    0.711528 ^ _2662_/CLK (sky130_fd_sc_hd__dfxtp_2)
     4    0.015622    0.089665    0.541442    1.252969 ^ _2662_/Q (sky130_fd_sc_hd__dfxtp_2)
                                                         r2_mantissa[7] (net)
                      0.089665    0.000007    1.252977 ^ place247/A (sky130_fd_sc_hd__buf_1)
     8    0.029653    0.353924    0.306670    1.559647 ^ place247/X (sky130_fd_sc_hd__buf_1)
                                                         net247 (net)
                      0.353924    0.000021    1.559668 ^ place246/A (sky130_fd_sc_hd__buf_1)
     8    0.053550    0.618120    0.530987    2.090655 ^ place246/X (sky130_fd_sc_hd__buf_1)
                                                         net246 (net)
                      0.618121    0.000777    2.091432 ^ place245/A (sky130_fd_sc_hd__buf_1)
     5    0.042963    0.497769    0.465158    2.556590 ^ place245/X (sky130_fd_sc_hd__buf_1)
                                                         net245 (net)
                      0.497769    0.000494    2.557084 ^ place244/A (sky130_fd_sc_hd__buf_1)
     7    0.063477    0.730564    0.618106    3.175189 ^ place244/X (sky130_fd_sc_hd__buf_1)
                                                         net244 (net)
                      0.730568    0.001319    3.176509 ^ _1593_/A (sky130_fd_sc_hd__xor2_2)
     2    0.006114    0.125829    0.160007    3.336516 v _1593_/X (sky130_fd_sc_hd__xor2_2)
                                                         _0817_ (net)
                      0.125829    0.000006    3.336522 v _1612_/A (sky130_fd_sc_hd__or2_2)
     1    0.002016    0.051428    0.311098    3.647620 v _1612_/X (sky130_fd_sc_hd__or2_2)
                                                         _0836_ (net)
                      0.051428    0.000006    3.647627 v _1613_/B (sky130_fd_sc_hd__and2_2)
     2    0.010769    0.056149    0.212343    3.859970 v _1613_/X (sky130_fd_sc_hd__and2_2)
                                                         _0837_ (net)
                      0.056149    0.000012    3.859981 v _1615_/A2 (sky130_fd_sc_hd__a21o_2)
     2    0.013094    0.058171    0.242319    4.102300 v _1615_/X (sky130_fd_sc_hd__a21o_2)
                                                         _0839_ (net)
                      0.058171    0.000030    4.102331 v _1617_/A (sky130_fd_sc_hd__xnor2_2)
     2    0.011528    0.201004    0.212744    4.315075 ^ _1617_/Y (sky130_fd_sc_hd__xnor2_2)
                                                         _0841_ (net)
                      0.201004    0.000019    4.315094 ^ _1664_/B (sky130_fd_sc_hd__xor2_2)
     2    0.011308    0.185596    0.210338    4.525432 ^ _1664_/X (sky130_fd_sc_hd__xor2_2)
                                                         _0888_ (net)
                      0.185596    0.000022    4.525454 ^ _1667_/A (sky130_fd_sc_hd__xor2_2)
     3    0.007160    0.069900    0.105564    4.631018 v _1667_/X (sky130_fd_sc_hd__xor2_2)
                                                         _0891_ (net)
                      0.069900    0.000008    4.631026 v _1737_/A (sky130_fd_sc_hd__or4_4)
     1    0.002573    0.078684    0.524083    5.155110 v _1737_/X (sky130_fd_sc_hd__or4_4)
                                                         _0961_ (net)
                      0.078684    0.000004    5.155113 v _1738_/C1 (sky130_fd_sc_hd__o211a_2)
     1    0.009216    0.056363    0.145478    5.300591 v _1738_/X (sky130_fd_sc_hd__o211a_2)
                                                         _0962_ (net)
                      0.056363    0.000026    5.300617 v _1744_/A1 (sky130_fd_sc_hd__o21ai_4)
     3    0.011269    0.136833    0.169375    5.469992 ^ _1744_/Y (sky130_fd_sc_hd__o21ai_4)
                                                         _0968_ (net)
                      0.136833    0.000080    5.470072 ^ _1799_/A3 (sky130_fd_sc_hd__a32o_2)
     2    0.014750    0.104702    0.237212    5.707284 ^ _1799_/X (sky130_fd_sc_hd__a32o_2)
                                                         _1022_ (net)
                      0.104702    0.000080    5.707364 ^ _1899_/A1 (sky130_fd_sc_hd__a21oi_2)
     4    0.016618    0.079391    0.097743    5.805107 v _1899_/Y (sky130_fd_sc_hd__a21oi_2)
                                                         _1121_ (net)
                      0.079391    0.000226    5.805333 v _2075_/A1 (sky130_fd_sc_hd__o211ai_2)
     3    0.010744    0.189416    0.221563    6.026896 ^ _2075_/Y (sky130_fd_sc_hd__o211ai_2)
                                                         _1293_ (net)
                      0.189416    0.000050    6.026946 ^ _2076_/B (sky130_fd_sc_hd__and2_2)
     3    0.009948    0.072569    0.198288    6.225234 ^ _2076_/X (sky130_fd_sc_hd__and2_2)
                                                         _1294_ (net)
                      0.072569    0.000017    6.225250 ^ _2114_/A (sky130_fd_sc_hd__inv_2)
     1    0.002481    0.019156    0.029334    6.254585 v _2114_/Y (sky130_fd_sc_hd__inv_2)
                                                         _0114_ (net)
                      0.019156    0.000003    6.254587 v _2119_/A2 (sky130_fd_sc_hd__a31o_2)
     1    0.002369    0.036091    0.209851    6.464438 v _2119_/X (sky130_fd_sc_hd__a31o_2)
                                                         _0119_ (net)
                      0.036091    0.000002    6.464440 v _2120_/B1 (sky130_fd_sc_hd__a21o_2)
     1    0.005291    0.040137    0.186823    6.651263 v _2120_/X (sky130_fd_sc_hd__a21o_2)
                                                         _0120_ (net)
                      0.040137    0.000014    6.651277 v _2121_/A2 (sky130_fd_sc_hd__a21oi_2)
     1    0.001804    0.097023    0.110661    6.761938 ^ _2121_/Y (sky130_fd_sc_hd__a21oi_2)
                                                         _0023_ (net)
                      0.097023    0.000001    6.761939 ^ _2678_/D (sky130_fd_sc_hd__dfxtp_2)
                                              6.761939   data arrival time

                                 20.000000   20.000000   clock clk (rise edge)
                                  0.000000   20.000000   clock source latency
    82    0.230301    1.029756    0.712024   20.712025 ^ clk (in)
                                                         clk (net)
                      1.029845    0.000000   20.712025 ^ _2678_/CLK (sky130_fd_sc_hd__dfxtp_2)
                                 -0.200000   20.512024   clock uncertainty
                                  0.000000   20.512024   clock reconvergence pessimism
                                  0.013789   20.525814   library setup time
                                             20.525814   data required time
---------------------------------------------------------------------------------------------
                                             20.525814   data required time
                                             -6.761939   data arrival time
---------------------------------------------------------------------------------------------
                                             13.763876   slack (MET)


Startpoint: _2662_ (rising edge-triggered flip-flop clocked by clk)
Endpoint: _2676_ (rising edge-triggered flip-flop clocked by clk)
Path Group: clk
Path Type: max

Fanout         Cap        Slew       Delay        Time   Description
---------------------------------------------------------------------------------------------
                                  0.000000    0.000000   clock clk (rise edge)
                                  0.000000    0.000000   clock source latency
    82    0.230301    1.029756    0.711528    0.711528 ^ clk (in)
                                                         clk (net)
                      1.029834    0.000000    0.711528 ^ _2662_/CLK (sky130_fd_sc_hd__dfxtp_2)
     4    0.015622    0.089665    0.541442    1.252969 ^ _2662_/Q (sky130_fd_sc_hd__dfxtp_2)
                                                         r2_mantissa[7] (net)
                      0.089665    0.000007    1.252977 ^ place247/A (sky130_fd_sc_hd__buf_1)
     8    0.029653    0.353924    0.306670    1.559647 ^ place247/X (sky130_fd_sc_hd__buf_1)
                                                         net247 (net)
                      0.353924    0.000021    1.559668 ^ place246/A (sky130_fd_sc_hd__buf_1)
     8    0.053550    0.618120    0.530987    2.090655 ^ place246/X (sky130_fd_sc_hd__buf_1)
                                                         net246 (net)
                      0.618121    0.000777    2.091432 ^ place245/A (sky130_fd_sc_hd__buf_1)
     5    0.042963    0.497769    0.465158    2.556590 ^ place245/X (sky130_fd_sc_hd__buf_1)
                                                         net245 (net)
                      0.497769    0.000494    2.557084 ^ place244/A (sky130_fd_sc_hd__buf_1)
     7    0.063477    0.730564    0.618106    3.175189 ^ place244/X (sky130_fd_sc_hd__buf_1)
                                                         net244 (net)
                      0.730568    0.001319    3.176509 ^ _1593_/A (sky130_fd_sc_hd__xor2_2)
     2    0.006114    0.125829    0.160007    3.336516 v _1593_/X (sky130_fd_sc_hd__xor2_2)
                                                         _0817_ (net)
                      0.125829    0.000006    3.336522 v _1612_/A (sky130_fd_sc_hd__or2_2)
     1    0.002016    0.051428    0.311098    3.647620 v _1612_/X (sky130_fd_sc_hd__or2_2)
                                                         _0836_ (net)
                      0.051428    0.000006    3.647627 v _1613_/B (sky130_fd_sc_hd__and2_2)
     2    0.010769    0.056149    0.212343    3.859970 v _1613_/X (sky130_fd_sc_hd__and2_2)
                                                         _0837_ (net)
                      0.056149    0.000012    3.859981 v _1615_/A2 (sky130_fd_sc_hd__a21o_2)
     2    0.013094    0.058171    0.242319    4.102300 v _1615_/X (sky130_fd_sc_hd__a21o_2)
                                                         _0839_ (net)
                      0.058171    0.000030    4.102331 v _1617_/A (sky130_fd_sc_hd__xnor2_2)
     2    0.011528    0.201004    0.212744    4.315075 ^ _1617_/Y (sky130_fd_sc_hd__xnor2_2)
                                                         _0841_ (net)
                      0.201004    0.000019    4.315094 ^ _1664_/B (sky130_fd_sc_hd__xor2_2)
     2    0.011308    0.185596    0.210338    4.525432 ^ _1664_/X (sky130_fd_sc_hd__xor2_2)
                                                         _0888_ (net)
                      0.185596    0.000022    4.525454 ^ _1667_/A (sky130_fd_sc_hd__xor2_2)
     3    0.007160    0.069900    0.105564    4.631018 v _1667_/X (sky130_fd_sc_hd__xor2_2)
                                                         _0891_ (net)
                      0.069900    0.000008    4.631026 v _1737_/A (sky130_fd_sc_hd__or4_4)
     1    0.002573    0.078684    0.524083    5.155110 v _1737_/X (sky130_fd_sc_hd__or4_4)
                                                         _0961_ (net)
                      0.078684    0.000004    5.155113 v _1738_/C1 (sky130_fd_sc_hd__o211a_2)
     1    0.009216    0.056363    0.145478    5.300591 v _1738_/X (sky130_fd_sc_hd__o211a_2)
                                                         _0962_ (net)
                      0.056363    0.000026    5.300617 v _1744_/A1 (sky130_fd_sc_hd__o21ai_4)
     3    0.011269    0.136833    0.169375    5.469992 ^ _1744_/Y (sky130_fd_sc_hd__o21ai_4)
                                                         _0968_ (net)
                      0.136833    0.000080    5.470072 ^ _1799_/A3 (sky130_fd_sc_hd__a32o_2)
     2    0.014750    0.104702    0.237212    5.707284 ^ _1799_/X (sky130_fd_sc_hd__a32o_2)
                                                         _1022_ (net)
                      0.104702    0.000080    5.707364 ^ _1899_/A1 (sky130_fd_sc_hd__a21oi_2)
     4    0.016618    0.079391    0.097743    5.805107 v _1899_/Y (sky130_fd_sc_hd__a21oi_2)
                                                         _1121_ (net)
                      0.079391    0.000060    5.805167 v _1900_/B (sky130_fd_sc_hd__nor2_2)
     3    0.009830    0.133769    0.135367    5.940534 ^ _1900_/Y (sky130_fd_sc_hd__nor2_2)
                                                         _1122_ (net)
                      0.133769    0.000025    5.940559 ^ _1946_/A (sky130_fd_sc_hd__and2_2)
     3    0.009242    0.065295    0.181870    6.122428 ^ _1946_/X (sky130_fd_sc_hd__and2_2)
                                                         _1167_ (net)
                      0.065295    0.000025    6.122453 ^ _1993_/A1 (sky130_fd_sc_hd__o21bai_2)
     3    0.010433    0.073749    0.092068    6.214521 v _1993_/Y (sky130_fd_sc_hd__o21bai_2)
                                                         _1213_ (net)
                      0.073749    0.000047    6.214569 v _2037_/A2 (sky130_fd_sc_hd__a31o_2)
     1    0.001998    0.034839    0.230829    6.445397 v _2037_/X (sky130_fd_sc_hd__a31o_2)
                                                         _1256_ (net)
                      0.034839    0.000002    6.445399 v _2038_/B2 (sky130_fd_sc_hd__o2bb2a_2)
     1    0.004247    0.049492    0.243404    6.688803 v _2038_/X (sky130_fd_sc_hd__o2bb2a_2)
                                                         _1257_ (net)
                      0.049492    0.000002    6.688805 v _2039_/B (sky130_fd_sc_hd__nor2_2)
     1    0.001909    0.068714    0.063890    6.752695 ^ _2039_/Y (sky130_fd_sc_hd__nor2_2)
                                                         _0021_ (net)
                      0.068714    0.000002    6.752697 ^ _2676_/D (sky130_fd_sc_hd__dfxtp_2)
                                              6.752697   data arrival time

                                 20.000000   20.000000   clock clk (rise edge)
                                  0.000000   20.000000   clock source latency
    82    0.230301    1.029756    0.711417   20.711416 ^ clk (in)
                                                         clk (net)
                      1.029832    0.000000   20.711416 ^ _2676_/CLK (sky130_fd_sc_hd__dfxtp_2)
                                 -0.200000   20.511417   clock uncertainty
                                  0.000000   20.511417   clock reconvergence pessimism
                                  0.019528   20.530945   library setup time
                                             20.530945   data required time
---------------------------------------------------------------------------------------------
                                             20.530945   data required time
                                             -6.752697   data arrival time
---------------------------------------------------------------------------------------------
                                             13.778248   slack (MET)


Startpoint: _2662_ (rising edge-triggered flip-flop clocked by clk)
Endpoint: _2680_ (rising edge-triggered flip-flop clocked by clk)
Path Group: clk
Path Type: max

Fanout         Cap        Slew       Delay        Time   Description
---------------------------------------------------------------------------------------------
                                  0.000000    0.000000   clock clk (rise edge)
                                  0.000000    0.000000   clock source latency
    82    0.230301    1.029756    0.711528    0.711528 ^ clk (in)
                                                         clk (net)
                      1.029834    0.000000    0.711528 ^ _2662_/CLK (sky130_fd_sc_hd__dfxtp_2)
     4    0.015622    0.089665    0.541442    1.252969 ^ _2662_/Q (sky130_fd_sc_hd__dfxtp_2)
                                                         r2_mantissa[7] (net)
                      0.089665    0.000007    1.252977 ^ place247/A (sky130_fd_sc_hd__buf_1)
     8    0.029653    0.353924    0.306670    1.559647 ^ place247/X (sky130_fd_sc_hd__buf_1)
                                                         net247 (net)
                      0.353924    0.000021    1.559668 ^ place246/A (sky130_fd_sc_hd__buf_1)
     8    0.053550    0.618120    0.530987    2.090655 ^ place246/X (sky130_fd_sc_hd__buf_1)
                                                         net246 (net)
                      0.618121    0.000777    2.091432 ^ place245/A (sky130_fd_sc_hd__buf_1)
     5    0.042963    0.497769    0.465158    2.556590 ^ place245/X (sky130_fd_sc_hd__buf_1)
                                                         net245 (net)
                      0.497769    0.000494    2.557084 ^ place244/A (sky130_fd_sc_hd__buf_1)
     7    0.063477    0.730564    0.618106    3.175189 ^ place244/X (sky130_fd_sc_hd__buf_1)
                                                         net244 (net)
                      0.730564    0.000572    3.175762 ^ _1523_/A (sky130_fd_sc_hd__xor2_2)
     2    0.011038    0.193780    0.245039    3.420801 ^ _1523_/X (sky130_fd_sc_hd__xor2_2)
                                                         _0747_ (net)
                      0.193780    0.000010    3.420811 ^ _1526_/A (sky130_fd_sc_hd__xor2_2)
     2    0.012163    0.195670    0.212977    3.633788 ^ _1526_/X (sky130_fd_sc_hd__xor2_2)
                                                         _0750_ (net)
                      0.195670    0.000016    3.633803 ^ _1529_/A (sky130_fd_sc_hd__xor2_2)
     2    0.013938    0.214480    0.227498    3.861301 ^ _1529_/X (sky130_fd_sc_hd__xor2_2)
                                                         _0753_ (net)
                      0.214480    0.000021    3.861322 ^ _1530_/B (sky130_fd_sc_hd__xnor2_2)
     2    0.013545    0.224286    0.170087    4.031409 ^ _1530_/Y (sky130_fd_sc_hd__xnor2_2)
                                                         _0754_ (net)
                      0.224286    0.000020    4.031429 ^ _1531_/B (sky130_fd_sc_hd__xor2_2)
     2    0.012186    0.195246    0.219918    4.251347 ^ _1531_/X (sky130_fd_sc_hd__xor2_2)
                                                         _0755_ (net)
                      0.195246    0.000004    4.251351 ^ _1586_/A1 (sky130_fd_sc_hd__a21o_2)
     2    0.013674    0.081061    0.191942    4.443294 ^ _1586_/X (sky130_fd_sc_hd__a21o_2)
                                                         _0810_ (net)
                      0.081061    0.000026    4.443320 ^ _1587_/B (sky130_fd_sc_hd__xor2_2)
     2    0.013782    0.212762    0.212967    4.656286 ^ _1587_/X (sky130_fd_sc_hd__xor2_2)
                                                         _0811_ (net)
                      0.212762    0.000020    4.656306 ^ _1588_/B (sky130_fd_sc_hd__xnor2_2)
     3    0.010229    0.071146    0.109023    4.765329 v _1588_/Y (sky130_fd_sc_hd__xnor2_2)
                                                         _0812_ (net)
                      0.071146    0.000032    4.765360 v _1589_/B (sky130_fd_sc_hd__or2_2)
     2    0.010964    0.080055    0.314145    5.079505 v _1589_/X (sky130_fd_sc_hd__or2_2)
                                                         _0813_ (net)
                      0.080055    0.000012    5.079516 v _1591_/B1 (sky130_fd_sc_hd__o211a_2)
     3    0.009190    0.057991    0.163331    5.242847 v _1591_/X (sky130_fd_sc_hd__o211a_2)
                                                         _0815_ (net)
                      0.057991    0.000012    5.242859 v _1799_/A2 (sky130_fd_sc_hd__a32o_2)
     2    0.013701    0.064533    0.299207    5.542066 v _1799_/X (sky130_fd_sc_hd__a32o_2)
                                                         _1022_ (net)
                      0.064533    0.000074    5.542140 v _1899_/A1 (sky130_fd_sc_hd__a21oi_2)
     4    0.018148    0.239400    0.242490    5.784630 ^ _1899_/Y (sky130_fd_sc_hd__a21oi_2)
                                                         _1121_ (net)
                      0.239400    0.000246    5.784876 ^ _2075_/A1 (sky130_fd_sc_hd__o211ai_2)
     3    0.009817    0.098717    0.147220    5.932096 v _2075_/Y (sky130_fd_sc_hd__o211ai_2)
                                                         _1293_ (net)
                      0.098717    0.000064    5.932159 v _2154_/A2 (sky130_fd_sc_hd__a31o_2)
     3    0.012282    0.059415    0.280007    6.212166 v _2154_/X (sky130_fd_sc_hd__a31o_2)
                                                         _0153_ (net)
                      0.059415    0.000033    6.212200 v _2188_/A2 (sky130_fd_sc_hd__a21boi_2)
     2    0.007505    0.129488    0.164674    6.376874 ^ _2188_/Y (sky130_fd_sc_hd__a21boi_2)
                                                         _0186_ (net)
                      0.129488    0.000010    6.376884 ^ _2189_/A2 (sky130_fd_sc_hd__o21ai_2)
     1    0.002288    0.063063    0.057440    6.434324 v _2189_/Y (sky130_fd_sc_hd__o21ai_2)
                                                         _0187_ (net)
                      0.063063    0.000001    6.434325 v _2190_/B1 (sky130_fd_sc_hd__a21o_2)
     1    0.005101    0.040910    0.195271    6.629596 v _2190_/X (sky130_fd_sc_hd__a21o_2)
                                                         _0188_ (net)
                      0.040910    0.000010    6.629606 v _2191_/A2 (sky130_fd_sc_hd__a21oi_2)
     1    0.001757    0.096552    0.110615    6.740221 ^ _2191_/Y (sky130_fd_sc_hd__a21oi_2)
                                                         _0025_ (net)
                      0.096552    0.000000    6.740222 ^ _2680_/D (sky130_fd_sc_hd__dfxtp_2)
                                              6.740222   data arrival time

                                 20.000000   20.000000   clock clk (rise edge)
                                  0.000000   20.000000   clock source latency
    82    0.230301    1.029756    0.712220   20.712219 ^ clk (in)
                                                         clk (net)
                      1.029849    0.000000   20.712219 ^ _2680_/CLK (sky130_fd_sc_hd__dfxtp_2)
                                 -0.200000   20.512220   clock uncertainty
                                  0.000000   20.512220   clock reconvergence pessimism
                                  0.013885   20.526104   library setup time
                                             20.526104   data required time
---------------------------------------------------------------------------------------------
                                             20.526104   data required time
                                             -6.740222   data arrival time
---------------------------------------------------------------------------------------------
                                             13.785882   slack (MET)


Startpoint: _2662_ (rising edge-triggered flip-flop clocked by clk)
Endpoint: _2679_ (rising edge-triggered flip-flop clocked by clk)
Path Group: clk
Path Type: max

Fanout         Cap        Slew       Delay        Time   Description
---------------------------------------------------------------------------------------------
                                  0.000000    0.000000   clock clk (rise edge)
                                  0.000000    0.000000   clock source latency
    82    0.230301    1.029756    0.711528    0.711528 ^ clk (in)
                                                         clk (net)
                      1.029834    0.000000    0.711528 ^ _2662_/CLK (sky130_fd_sc_hd__dfxtp_2)
     4    0.015622    0.089665    0.541442    1.252969 ^ _2662_/Q (sky130_fd_sc_hd__dfxtp_2)
                                                         r2_mantissa[7] (net)
                      0.089665    0.000007    1.252977 ^ place247/A (sky130_fd_sc_hd__buf_1)
     8    0.029653    0.353924    0.306670    1.559647 ^ place247/X (sky130_fd_sc_hd__buf_1)
                                                         net247 (net)
                      0.353924    0.000021    1.559668 ^ place246/A (sky130_fd_sc_hd__buf_1)
     8    0.053550    0.618120    0.530987    2.090655 ^ place246/X (sky130_fd_sc_hd__buf_1)
                                                         net246 (net)
                      0.618121    0.000777    2.091432 ^ place245/A (sky130_fd_sc_hd__buf_1)
     5    0.042963    0.497769    0.465158    2.556590 ^ place245/X (sky130_fd_sc_hd__buf_1)
                                                         net245 (net)
                      0.497769    0.000494    2.557084 ^ place244/A (sky130_fd_sc_hd__buf_1)
     7    0.063477    0.730564    0.618106    3.175189 ^ place244/X (sky130_fd_sc_hd__buf_1)
                                                         net244 (net)
                      0.730564    0.000572    3.175762 ^ _1523_/A (sky130_fd_sc_hd__xor2_2)
     2    0.011038    0.193780    0.245039    3.420801 ^ _1523_/X (sky130_fd_sc_hd__xor2_2)
                                                         _0747_ (net)
                      0.193780    0.000010    3.420811 ^ _1526_/A (sky130_fd_sc_hd__xor2_2)
     2    0.012163    0.195670    0.212977    3.633788 ^ _1526_/X (sky130_fd_sc_hd__xor2_2)
                                                         _0750_ (net)
                      0.195670    0.000016    3.633803 ^ _1529_/A (sky130_fd_sc_hd__xor2_2)
     2    0.013938    0.214480    0.227498    3.861301 ^ _1529_/X (sky130_fd_sc_hd__xor2_2)
                                                         _0753_ (net)
                      0.214480    0.000021    3.861322 ^ _1530_/B (sky130_fd_sc_hd__xnor2_2)
     2    0.013545    0.224286    0.170087    4.031409 ^ _1530_/Y (sky130_fd_sc_hd__xnor2_2)
                                                         _0754_ (net)
                      0.224286    0.000020    4.031429 ^ _1531_/B (sky130_fd_sc_hd__xor2_2)
     2    0.012186    0.195246    0.219918    4.251347 ^ _1531_/X (sky130_fd_sc_hd__xor2_2)
                                                         _0755_ (net)
                      0.195246    0.000004    4.251351 ^ _1586_/A1 (sky130_fd_sc_hd__a21o_2)
     2    0.013674    0.081061    0.191942    4.443294 ^ _1586_/X (sky130_fd_sc_hd__a21o_2)
                                                         _0810_ (net)
                      0.081061    0.000026    4.443320 ^ _1587_/B (sky130_fd_sc_hd__xor2_2)
     2    0.013782    0.212762    0.212967    4.656286 ^ _1587_/X (sky130_fd_sc_hd__xor2_2)
                                                         _0811_ (net)
                      0.212762    0.000020    4.656306 ^ _1588_/B (sky130_fd_sc_hd__xnor2_2)
     3    0.010229    0.071146    0.109023    4.765329 v _1588_/Y (sky130_fd_sc_hd__xnor2_2)
                                                         _0812_ (net)
                      0.071146    0.000032    4.765360 v _1589_/B (sky130_fd_sc_hd__or2_2)
     2    0.010964    0.080055    0.314145    5.079505 v _1589_/X (sky130_fd_sc_hd__or2_2)
                                                         _0813_ (net)
                      0.080055    0.000012    5.079516 v _1591_/B1 (sky130_fd_sc_hd__o211a_2)
     3    0.009190    0.057991    0.163331    5.242847 v _1591_/X (sky130_fd_sc_hd__o211a_2)
                                                         _0815_ (net)
                      0.057991    0.000012    5.242859 v _1799_/A2 (sky130_fd_sc_hd__a32o_2)
     2    0.013701    0.064533    0.299207    5.542066 v _1799_/X (sky130_fd_sc_hd__a32o_2)
                                                         _1022_ (net)
                      0.064533    0.000074    5.542140 v _1899_/A1 (sky130_fd_sc_hd__a21oi_2)
     4    0.018148    0.239400    0.242490    5.784630 ^ _1899_/Y (sky130_fd_sc_hd__a21oi_2)
                                                         _1121_ (net)
                      0.239400    0.000246    5.784876 ^ _2075_/A1 (sky130_fd_sc_hd__o211ai_2)
     3    0.009817    0.098717    0.147220    5.932096 v _2075_/Y (sky130_fd_sc_hd__o211ai_2)
                                                         _1293_ (net)
                      0.098717    0.000064    5.932159 v _2154_/A2 (sky130_fd_sc_hd__a31o_2)
     3    0.012282    0.059415    0.280007    6.212166 v _2154_/X (sky130_fd_sc_hd__a31o_2)
                                                         _0153_ (net)
                      0.059415    0.000035    6.212202 v _2156_/A2 (sky130_fd_sc_hd__a21o_2)
     1    0.002099    0.031907    0.204834    6.417036 v _2156_/X (sky130_fd_sc_hd__a21o_2)
                                                         _0155_ (net)
                      0.031907    0.000003    6.417039 v _2157_/B2 (sky130_fd_sc_hd__o2bb2a_2)
     1    0.004231    0.049449    0.242299    6.659338 v _2157_/X (sky130_fd_sc_hd__o2bb2a_2)
                                                         _0156_ (net)
                      0.049449    0.000002    6.659339 v _2158_/B (sky130_fd_sc_hd__nor2_2)
     1    0.001796    0.071550    0.062999    6.722338 ^ _2158_/Y (sky130_fd_sc_hd__nor2_2)
                                                         _0024_ (net)
                      0.071550    0.000000    6.722339 ^ _2679_/D (sky130_fd_sc_hd__dfxtp_2)
                                              6.722339   data arrival time

                                 20.000000   20.000000   clock clk (rise edge)
                                  0.000000   20.000000   clock source latency
    82    0.230301    1.029756    0.712122   20.712122 ^ clk (in)
                                                         clk (net)
                      1.029847    0.000000   20.712122 ^ _2679_/CLK (sky130_fd_sc_hd__dfxtp_2)
                                 -0.200000   20.512123   clock uncertainty
                                  0.000000   20.512123   clock reconvergence pessimism
                                  0.018953   20.531076   library setup time
                                             20.531076   data required time
---------------------------------------------------------------------------------------------
                                             20.531076   data required time
                                             -6.722339   data arrival time
---------------------------------------------------------------------------------------------
                                             13.808737   slack (MET)


Startpoint: _2662_ (rising edge-triggered flip-flop clocked by clk)
Endpoint: _2677_ (rising edge-triggered flip-flop clocked by clk)
Path Group: clk
Path Type: max

Fanout         Cap        Slew       Delay        Time   Description
---------------------------------------------------------------------------------------------
                                  0.000000    0.000000   clock clk (rise edge)
                                  0.000000    0.000000   clock source latency
    82    0.230301    1.029756    0.711528    0.711528 ^ clk (in)
                                                         clk (net)
                      1.029834    0.000000    0.711528 ^ _2662_/CLK (sky130_fd_sc_hd__dfxtp_2)
     4    0.015622    0.089665    0.541442    1.252969 ^ _2662_/Q (sky130_fd_sc_hd__dfxtp_2)
                                                         r2_mantissa[7] (net)
                      0.089665    0.000007    1.252977 ^ place247/A (sky130_fd_sc_hd__buf_1)
     8    0.029653    0.353924    0.306670    1.559647 ^ place247/X (sky130_fd_sc_hd__buf_1)
                                                         net247 (net)
                      0.353924    0.000021    1.559668 ^ place246/A (sky130_fd_sc_hd__buf_1)
     8    0.053550    0.618120    0.530987    2.090655 ^ place246/X (sky130_fd_sc_hd__buf_1)
                                                         net246 (net)
                      0.618121    0.000777    2.091432 ^ place245/A (sky130_fd_sc_hd__buf_1)
     5    0.042963    0.497769    0.465158    2.556590 ^ place245/X (sky130_fd_sc_hd__buf_1)
                                                         net245 (net)
                      0.497769    0.000494    2.557084 ^ place244/A (sky130_fd_sc_hd__buf_1)
     7    0.063477    0.730564    0.618106    3.175189 ^ place244/X (sky130_fd_sc_hd__buf_1)
                                                         net244 (net)
                      0.730564    0.000572    3.175762 ^ _1523_/A (sky130_fd_sc_hd__xor2_2)
     2    0.011038    0.193780    0.245039    3.420801 ^ _1523_/X (sky130_fd_sc_hd__xor2_2)
                                                         _0747_ (net)
                      0.193780    0.000010    3.420811 ^ _1526_/A (sky130_fd_sc_hd__xor2_2)
     2    0.012163    0.195670    0.212977    3.633788 ^ _1526_/X (sky130_fd_sc_hd__xor2_2)
                                                         _0750_ (net)
                      0.195670    0.000016    3.633803 ^ _1529_/A (sky130_fd_sc_hd__xor2_2)
     2    0.013938    0.214480    0.227498    3.861301 ^ _1529_/X (sky130_fd_sc_hd__xor2_2)
                                                         _0753_ (net)
                      0.214480    0.000021    3.861322 ^ _1530_/B (sky130_fd_sc_hd__xnor2_2)
     2    0.013545    0.224286    0.170087    4.031409 ^ _1530_/Y (sky130_fd_sc_hd__xnor2_2)
                                                         _0754_ (net)
                      0.224286    0.000020    4.031429 ^ _1531_/B (sky130_fd_sc_hd__xor2_2)
     2    0.012186    0.195246    0.219918    4.251347 ^ _1531_/X (sky130_fd_sc_hd__xor2_2)
                                                         _0755_ (net)
                      0.195246    0.000004    4.251351 ^ _1586_/A1 (sky130_fd_sc_hd__a21o_2)
     2    0.013674    0.081061    0.191942    4.443294 ^ _1586_/X (sky130_fd_sc_hd__a21o_2)
                                                         _0810_ (net)
                      0.081061    0.000026    4.443320 ^ _1587_/B (sky130_fd_sc_hd__xor2_2)
     2    0.013782    0.212762    0.212967    4.656286 ^ _1587_/X (sky130_fd_sc_hd__xor2_2)
                                                         _0811_ (net)
                      0.212762    0.000020    4.656306 ^ _1588_/B (sky130_fd_sc_hd__xnor2_2)
     3    0.010229    0.071146    0.109023    4.765329 v _1588_/Y (sky130_fd_sc_hd__xnor2_2)
                                                         _0812_ (net)
                      0.071146    0.000032    4.765360 v _1589_/B (sky130_fd_sc_hd__or2_2)
     2    0.010964    0.080055    0.314145    5.079505 v _1589_/X (sky130_fd_sc_hd__or2_2)
                                                         _0813_ (net)
                      0.080055    0.000012    5.079516 v _1591_/B1 (sky130_fd_sc_hd__o211a_2)
     3    0.009190    0.057991    0.163331    5.242847 v _1591_/X (sky130_fd_sc_hd__o211a_2)
                                                         _0815_ (net)
                      0.057991    0.000012    5.242859 v _1799_/A2 (sky130_fd_sc_hd__a32o_2)
     2    0.013701    0.064533    0.299207    5.542066 v _1799_/X (sky130_fd_sc_hd__a32o_2)
                                                         _1022_ (net)
                      0.064533    0.000074    5.542140 v _1899_/A1 (sky130_fd_sc_hd__a21oi_2)
     4    0.018148    0.239400    0.242490    5.784630 ^ _1899_/Y (sky130_fd_sc_hd__a21oi_2)
                                                         _1121_ (net)
                      0.239400    0.000246    5.784876 ^ _2075_/A1 (sky130_fd_sc_hd__o211ai_2)
     3    0.009817    0.098717    0.147220    5.932096 v _2075_/Y (sky130_fd_sc_hd__o211ai_2)
                                                         _1293_ (net)
                      0.098717    0.000046    5.932142 v _2076_/B (sky130_fd_sc_hd__and2_2)
     3    0.009264    0.052777    0.229260    6.161402 v _2076_/X (sky130_fd_sc_hd__and2_2)
                                                         _1294_ (net)
                      0.052777    0.000005    6.161407 v _2078_/B1 (sky130_fd_sc_hd__o2bb2a_2)
     1    0.004330    0.049624    0.262542    6.423950 v _2078_/X (sky130_fd_sc_hd__o2bb2a_2)
                                                         _1296_ (net)
                      0.049624    0.000004    6.423954 v _2079_/B (sky130_fd_sc_hd__nor2_2)
     1    0.001975    0.073264    0.064453    6.488407 ^ _2079_/Y (sky130_fd_sc_hd__nor2_2)
                                                         _0022_ (net)
                      0.073264    0.000003    6.488410 ^ _2677_/D (sky130_fd_sc_hd__dfxtp_2)
                                              6.488410   data arrival time

                                 20.000000   20.000000   clock clk (rise edge)
                                  0.000000   20.000000   clock source latency
    82    0.230301    1.029756    0.711943   20.711943 ^ clk (in)
                                                         clk (net)
                      1.029843    0.000000   20.711943 ^ _2677_/CLK (sky130_fd_sc_hd__dfxtp_2)
                                 -0.200000   20.511944   clock uncertainty
                                  0.000000   20.511944   clock reconvergence pessimism
                                  0.018606   20.530548   library setup time
                                             20.530548   data required time
---------------------------------------------------------------------------------------------
                                             20.530548   data required time
                                             -6.488410   data arrival time
---------------------------------------------------------------------------------------------
                                             14.042138   slack (MET)


Startpoint: _2662_ (rising edge-triggered flip-flop clocked by clk)
Endpoint: _2674_ (rising edge-triggered flip-flop clocked by clk)
Path Group: clk
Path Type: max

Fanout         Cap        Slew       Delay        Time   Description
---------------------------------------------------------------------------------------------
                                  0.000000    0.000000   clock clk (rise edge)
                                  0.000000    0.000000   clock source latency
    82    0.230301    1.029756    0.711528    0.711528 ^ clk (in)
                                                         clk (net)
                      1.029834    0.000000    0.711528 ^ _2662_/CLK (sky130_fd_sc_hd__dfxtp_2)
     4    0.015622    0.089665    0.541442    1.252969 ^ _2662_/Q (sky130_fd_sc_hd__dfxtp_2)
                                                         r2_mantissa[7] (net)
                      0.089665    0.000007    1.252977 ^ place247/A (sky130_fd_sc_hd__buf_1)
     8    0.029653    0.353924    0.306670    1.559647 ^ place247/X (sky130_fd_sc_hd__buf_1)
                                                         net247 (net)
                      0.353924    0.000021    1.559668 ^ place246/A (sky130_fd_sc_hd__buf_1)
     8    0.053550    0.618120    0.530987    2.090655 ^ place246/X (sky130_fd_sc_hd__buf_1)
                                                         net246 (net)
                      0.618121    0.000777    2.091432 ^ place245/A (sky130_fd_sc_hd__buf_1)
     5    0.042963    0.497769    0.465158    2.556590 ^ place245/X (sky130_fd_sc_hd__buf_1)
                                                         net245 (net)
                      0.497769    0.000494    2.557084 ^ place244/A (sky130_fd_sc_hd__buf_1)
     7    0.063477    0.730564    0.618106    3.175189 ^ place244/X (sky130_fd_sc_hd__buf_1)
                                                         net244 (net)
                      0.730564    0.000572    3.175762 ^ _1523_/A (sky130_fd_sc_hd__xor2_2)
     2    0.011038    0.193780    0.245039    3.420801 ^ _1523_/X (sky130_fd_sc_hd__xor2_2)
                                                         _0747_ (net)
                      0.193780    0.000010    3.420811 ^ _1526_/A (sky130_fd_sc_hd__xor2_2)
     2    0.012163    0.195670    0.212977    3.633788 ^ _1526_/X (sky130_fd_sc_hd__xor2_2)
                                                         _0750_ (net)
                      0.195670    0.000016    3.633803 ^ _1529_/A (sky130_fd_sc_hd__xor2_2)
     2    0.013938    0.214480    0.227498    3.861301 ^ _1529_/X (sky130_fd_sc_hd__xor2_2)
                                                         _0753_ (net)
                      0.214480    0.000021    3.861322 ^ _1530_/B (sky130_fd_sc_hd__xnor2_2)
     2    0.013545    0.224286    0.170087    4.031409 ^ _1530_/Y (sky130_fd_sc_hd__xnor2_2)
                                                         _0754_ (net)
                      0.224286    0.000020    4.031429 ^ _1531_/B (sky130_fd_sc_hd__xor2_2)
     2    0.012186    0.195246    0.219918    4.251347 ^ _1531_/X (sky130_fd_sc_hd__xor2_2)
                                                         _0755_ (net)
                      0.195246    0.000004    4.251351 ^ _1586_/A1 (sky130_fd_sc_hd__a21o_2)
     2    0.013674    0.081061    0.191942    4.443294 ^ _1586_/X (sky130_fd_sc_hd__a21o_2)
                                                         _0810_ (net)
                      0.081061    0.000026    4.443320 ^ _1587_/B (sky130_fd_sc_hd__xor2_2)
     2    0.013782    0.212762    0.212967    4.656286 ^ _1587_/X (sky130_fd_sc_hd__xor2_2)
                                                         _0811_ (net)
                      0.212762    0.000020    4.656306 ^ _1588_/B (sky130_fd_sc_hd__xnor2_2)
     3    0.010229    0.071146    0.109023    4.765329 v _1588_/Y (sky130_fd_sc_hd__xnor2_2)
                                                         _0812_ (net)
                      0.071146    0.000032    4.765360 v _1589_/B (sky130_fd_sc_hd__or2_2)
     2    0.010964    0.080055    0.314145    5.079505 v _1589_/X (sky130_fd_sc_hd__or2_2)
                                                         _0813_ (net)
                      0.080055    0.000012    5.079516 v _1591_/B1 (sky130_fd_sc_hd__o211a_2)
     3    0.009190    0.057991    0.163331    5.242847 v _1591_/X (sky130_fd_sc_hd__o211a_2)
                                                         _0815_ (net)
                      0.057991    0.000012    5.242859 v _1799_/A2 (sky130_fd_sc_hd__a32o_2)
     2    0.013701    0.064533    0.299207    5.542066 v _1799_/X (sky130_fd_sc_hd__a32o_2)
                                                         _1022_ (net)
                      0.064533    0.000074    5.542140 v _1899_/A1 (sky130_fd_sc_hd__a21oi_2)
     4    0.018148    0.239400    0.242490    5.784630 ^ _1899_/Y (sky130_fd_sc_hd__a21oi_2)
                                                         _1121_ (net)
                      0.239400    0.000066    5.784697 ^ _1900_/B (sky130_fd_sc_hd__nor2_2)
     3    0.008988    0.062182    0.076694    5.861391 v _1900_/Y (sky130_fd_sc_hd__nor2_2)
                                                         _1122_ (net)
                      0.062182    0.000023    5.861413 v _1946_/A (sky130_fd_sc_hd__and2_2)
     3    0.008374    0.048986    0.188863    6.050276 v _1946_/X (sky130_fd_sc_hd__and2_2)
                                                         _1167_ (net)
                      0.048986    0.000005    6.050282 v _1950_/A2 (sky130_fd_sc_hd__o32a_2)
     1    0.004585    0.060110    0.365865    6.416147 v _1950_/X (sky130_fd_sc_hd__o32a_2)
                                                         _1171_ (net)
                      0.060110    0.000012    6.416159 v _1951_/B (sky130_fd_sc_hd__nor2_2)
     1    0.001915    0.068778    0.068060    6.484219 ^ _1951_/Y (sky130_fd_sc_hd__nor2_2)
                                                         _0019_ (net)
                      0.068778    0.000003    6.484222 ^ _2674_/D (sky130_fd_sc_hd__dfxtp_2)
                                              6.484222   data arrival time

                                 20.000000   20.000000   clock clk (rise edge)
                                  0.000000   20.000000   clock source latency
    82    0.230301    1.029756    0.710569   20.710569 ^ clk (in)
                                                         clk (net)
                      1.029815    0.000000   20.710569 ^ _2674_/CLK (sky130_fd_sc_hd__dfxtp_2)
                                 -0.200000   20.510571   clock uncertainty
                                  0.000000   20.510571   clock reconvergence pessimism
                                  0.019514   20.530083   library setup time
                                             20.530083   data required time
---------------------------------------------------------------------------------------------
                                             20.530083   data required time
                                             -6.484222   data arrival time
---------------------------------------------------------------------------------------------
                                             14.045862   slack (MET)


Startpoint: _2672_ (rising edge-triggered flip-flop clocked by clk)
Endpoint: _2691_ (rising edge-triggered flip-flop clocked by clk)
Path Group: clk
Path Type: max

Fanout         Cap        Slew       Delay        Time   Description
---------------------------------------------------------------------------------------------
                                  0.000000    0.000000   clock clk (rise edge)
                                  0.000000    0.000000   clock source latency
    82    0.230301    1.029756    0.709444    0.709444 ^ clk (in)
                                                         clk (net)
                      1.029797    0.000000    0.709444 ^ _2672_/CLK (sky130_fd_sc_hd__dfxtp_2)
     3    0.013641    0.045511    0.509856    1.219299 v _2672_/Q (sky130_fd_sc_hd__dfxtp_2)
                                                         r3_prod_mant[1] (net)
                      0.045511    0.000014    1.219313 v _2334_/A1 (sky130_fd_sc_hd__o21ba_2)
     3    0.014720    0.061705    0.242364    1.461678 v _2334_/X (sky130_fd_sc_hd__o21ba_2)
                                                         _0324_ (net)
                      0.061705    0.000099    1.461776 v _2335_/A4 (sky130_fd_sc_hd__o41a_2)
     2    0.007159    0.074840    0.392221    1.853997 v _2335_/X (sky130_fd_sc_hd__o41a_2)
                                                         _0325_ (net)
                      0.074840    0.000062    1.854059 v _2336_/B (sky130_fd_sc_hd__or2_2)
     5    0.013966    0.084891    0.325910    2.179969 v _2336_/X (sky130_fd_sc_hd__or2_2)
                                                         _0326_ (net)
                      0.084891    0.000104    2.180073 v _2337_/C (sky130_fd_sc_hd__or3_2)
     3    0.006774    0.089696    0.439183    2.619256 v _2337_/X (sky130_fd_sc_hd__or3_2)
                                                         _0327_ (net)
                      0.089696    0.000057    2.619313 v _2338_/C (sky130_fd_sc_hd__or3_2)
     2    0.003863    0.080224    0.423415    3.042728 v _2338_/X (sky130_fd_sc_hd__or3_2)
                                                         _0328_ (net)
                      0.080224    0.000021    3.042749 v _2354_/B (sky130_fd_sc_hd__and2_2)
     1    0.008094    0.050109    0.217051    3.259799 v _2354_/X (sky130_fd_sc_hd__and2_2)
                                                         _0344_ (net)
                      0.050109    0.000000    3.259800 v _2355_/B (sky130_fd_sc_hd__xnor2_2)
     2    0.005732    0.054844    0.132150    3.391950 v _2355_/Y (sky130_fd_sc_hd__xnor2_2)
                                                         _0345_ (net)
                      0.054844    0.000004    3.391954 v _2356_/B (sky130_fd_sc_hd__and2_2)
     3    0.010702    0.054528    0.213655    3.605609 v _2356_/X (sky130_fd_sc_hd__and2_2)
                                                         _0346_ (net)
                      0.054528    0.000000    3.605610 v _2404_/A (sky130_fd_sc_hd__or2_2)
     2    0.009923    0.076990    0.323706    3.929315 v _2404_/X (sky130_fd_sc_hd__or2_2)
                                                         _0394_ (net)
                      0.076990    0.000006    3.929322 v _2405_/B1_N (sky130_fd_sc_hd__o21ba_2)
     2    0.010358    0.074057    0.268716    4.198037 ^ _2405_/X (sky130_fd_sc_hd__o21ba_2)
                                                         _0395_ (net)
                      0.074057    0.000056    4.198093 ^ _2408_/A2 (sky130_fd_sc_hd__o21bai_2)
     2    0.007110    0.061954    0.070760    4.268853 v _2408_/Y (sky130_fd_sc_hd__o21bai_2)
                                                         _0398_ (net)
                      0.061954    0.000040    4.268893 v _2410_/A2 (sky130_fd_sc_hd__a21oi_2)
     2    0.009859    0.155476    0.183382    4.452276 ^ _2410_/Y (sky130_fd_sc_hd__a21oi_2)
                                                         _0400_ (net)
                      0.155476    0.000014    4.452289 ^ _2411_/B1 (sky130_fd_sc_hd__a21oi_2)
     3    0.011976    0.075749    0.071867    4.524156 v _2411_/Y (sky130_fd_sc_hd__a21oi_2)
                                                         _0401_ (net)
                      0.075749    0.000091    4.524248 v _2413_/A2 (sky130_fd_sc_hd__a21oi_2)
     2    0.014083    0.200080    0.221783    4.746030 ^ _2413_/Y (sky130_fd_sc_hd__a21oi_2)
                                                         _0403_ (net)
                      0.200080    0.000031    4.746061 ^ _2414_/A2 (sky130_fd_sc_hd__a21oi_2)
     2    0.008471    0.066643    0.099514    4.845575 v _2414_/Y (sky130_fd_sc_hd__a21oi_2)
                                                         _0404_ (net)
                      0.066643    0.000060    4.845635 v _2441_/S (sky130_fd_sc_hd__mux2_2)
     1    0.005139    0.052200    0.234162    5.079797 ^ _2441_/X (sky130_fd_sc_hd__mux2_2)
                                                         _0431_ (net)
                      0.052200    0.000014    5.079811 ^ _2442_/B1 (sky130_fd_sc_hd__o31ai_2)
     2    0.011883    0.080227    0.084756    5.164567 v _2442_/Y (sky130_fd_sc_hd__o31ai_2)
                                                         _0432_ (net)
                      0.080227    0.000010    5.164577 v place201/A (sky130_fd_sc_hd__buf_1)
     8    0.018322    0.110187    0.170969    5.335546 v place201/X (sky130_fd_sc_hd__buf_1)
                                                         net201 (net)
                      0.110187    0.000282    5.335828 v place200/A (sky130_fd_sc_hd__buf_1)
     8    0.020537    0.122033    0.193503    5.529331 v place200/X (sky130_fd_sc_hd__buf_1)
                                                         net200 (net)
                      0.122034    0.000469    5.529800 v _2468_/A (sky130_fd_sc_hd__or3_2)
     1    0.002247    0.073353    0.484027    6.013827 v _2468_/X (sky130_fd_sc_hd__or3_2)
                                                         _0455_ (net)
                      0.073353    0.000001    6.013829 v _2469_/B2 (sky130_fd_sc_hd__a22o_2)
     1    0.001476    0.035533    0.220924    6.234753 v _2469_/X (sky130_fd_sc_hd__a22o_2)
                                                         _0456_ (net)
                      0.035533    0.000000    6.234753 v _2470_/B (sky130_fd_sc_hd__and2_2)
     1    0.001843    0.034236    0.173638    6.408392 v _2470_/X (sky130_fd_sc_hd__and2_2)
                                                         _0457_ (net)
                      0.034236    0.000001    6.408393 v _2691_/D (sky130_fd_sc_hd__dfxtp_2)
                                              6.408393   data arrival time

                                 20.000000   20.000000   clock clk (rise edge)
                                  0.000000   20.000000   clock source latency
    82    0.230301    1.029756    0.709608   20.709608 ^ clk (in)
                                                         clk (net)
                      1.029799    0.000000   20.709608 ^ _2691_/CLK (sky130_fd_sc_hd__dfxtp_2)
                                 -0.200000   20.509609   clock uncertainty
                                  0.000000   20.509609   clock reconvergence pessimism
                                  0.044857   20.554466   library setup time
                                             20.554466   data required time
---------------------------------------------------------------------------------------------
                                             20.554466   data required time
                                             -6.408393   data arrival time
---------------------------------------------------------------------------------------------
                                             14.146072   slack (MET)


Startpoint: _2672_ (rising edge-triggered flip-flop clocked by clk)
Endpoint: _2693_ (rising edge-triggered flip-flop clocked by clk)
Path Group: clk
Path Type: max

Fanout         Cap        Slew       Delay        Time   Description
---------------------------------------------------------------------------------------------
                                  0.000000    0.000000   clock clk (rise edge)
                                  0.000000    0.000000   clock source latency
    82    0.230301    1.029756    0.709444    0.709444 ^ clk (in)
                                                         clk (net)
                      1.029797    0.000000    0.709444 ^ _2672_/CLK (sky130_fd_sc_hd__dfxtp_2)
     3    0.013641    0.045511    0.509856    1.219299 v _2672_/Q (sky130_fd_sc_hd__dfxtp_2)
                                                         r3_prod_mant[1] (net)
                      0.045511    0.000014    1.219313 v _2334_/A1 (sky130_fd_sc_hd__o21ba_2)
     3    0.014720    0.061705    0.242364    1.461678 v _2334_/X (sky130_fd_sc_hd__o21ba_2)
                                                         _0324_ (net)
                      0.061705    0.000099    1.461776 v _2335_/A4 (sky130_fd_sc_hd__o41a_2)
     2    0.007159    0.074840    0.392221    1.853997 v _2335_/X (sky130_fd_sc_hd__o41a_2)
                                                         _0325_ (net)
                      0.074840    0.000062    1.854059 v _2336_/B (sky130_fd_sc_hd__or2_2)
     5    0.013966    0.084891    0.325910    2.179969 v _2336_/X (sky130_fd_sc_hd__or2_2)
                                                         _0326_ (net)
                      0.084891    0.000104    2.180073 v _2337_/C (sky130_fd_sc_hd__or3_2)
     3    0.006774    0.089696    0.439183    2.619256 v _2337_/X (sky130_fd_sc_hd__or3_2)
                                                         _0327_ (net)
                      0.089696    0.000057    2.619313 v _2338_/C (sky130_fd_sc_hd__or3_2)
     2    0.003863    0.080224    0.423415    3.042728 v _2338_/X (sky130_fd_sc_hd__or3_2)
                                                         _0328_ (net)
                      0.080224    0.000021    3.042749 v _2354_/B (sky130_fd_sc_hd__and2_2)
     1    0.008094    0.050109    0.217051    3.259799 v _2354_/X (sky130_fd_sc_hd__and2_2)
                                                         _0344_ (net)
                      0.050109    0.000000    3.259800 v _2355_/B (sky130_fd_sc_hd__xnor2_2)
     2    0.005732    0.054844    0.132150    3.391950 v _2355_/Y (sky130_fd_sc_hd__xnor2_2)
                                                         _0345_ (net)
                      0.054844    0.000004    3.391954 v _2356_/B (sky130_fd_sc_hd__and2_2)
     3    0.010702    0.054528    0.213655    3.605609 v _2356_/X (sky130_fd_sc_hd__and2_2)
                                                         _0346_ (net)
                      0.054528    0.000000    3.605610 v _2404_/A (sky130_fd_sc_hd__or2_2)
     2    0.009923    0.076990    0.323706    3.929315 v _2404_/X (sky130_fd_sc_hd__or2_2)
                                                         _0394_ (net)
                      0.076990    0.000006    3.929322 v _2405_/B1_N (sky130_fd_sc_hd__o21ba_2)
     2    0.010358    0.074057    0.268716    4.198037 ^ _2405_/X (sky130_fd_sc_hd__o21ba_2)
                                                         _0395_ (net)
                      0.074057    0.000056    4.198093 ^ _2408_/A2 (sky130_fd_sc_hd__o21bai_2)
     2    0.007110    0.061954    0.070760    4.268853 v _2408_/Y (sky130_fd_sc_hd__o21bai_2)
                                                         _0398_ (net)
                      0.061954    0.000040    4.268893 v _2410_/A2 (sky130_fd_sc_hd__a21oi_2)
     2    0.009859    0.155476    0.183382    4.452276 ^ _2410_/Y (sky130_fd_sc_hd__a21oi_2)
                                                         _0400_ (net)
                      0.155476    0.000014    4.452289 ^ _2411_/B1 (sky130_fd_sc_hd__a21oi_2)
     3    0.011976    0.075749    0.071867    4.524156 v _2411_/Y (sky130_fd_sc_hd__a21oi_2)
                                                         _0401_ (net)
                      0.075749    0.000091    4.524248 v _2413_/A2 (sky130_fd_sc_hd__a21oi_2)
     2    0.014083    0.200080    0.221783    4.746030 ^ _2413_/Y (sky130_fd_sc_hd__a21oi_2)
                                                         _0403_ (net)
                      0.200080    0.000031    4.746061 ^ _2414_/A2 (sky130_fd_sc_hd__a21oi_2)
     2    0.008471    0.066643    0.099514    4.845575 v _2414_/Y (sky130_fd_sc_hd__a21oi_2)
                                                         _0404_ (net)
                      0.066643    0.000060    4.845635 v _2441_/S (sky130_fd_sc_hd__mux2_2)
     1    0.005139    0.052200    0.234162    5.079797 ^ _2441_/X (sky130_fd_sc_hd__mux2_2)
                                                         _0431_ (net)
                      0.052200    0.000014    5.079811 ^ _2442_/B1 (sky130_fd_sc_hd__o31ai_2)
     2    0.011883    0.080227    0.084756    5.164567 v _2442_/Y (sky130_fd_sc_hd__o31ai_2)
                                                         _0432_ (net)
                      0.080227    0.000010    5.164577 v place201/A (sky130_fd_sc_hd__buf_1)
     8    0.018322    0.110187    0.170969    5.335546 v place201/X (sky130_fd_sc_hd__buf_1)
                                                         net201 (net)
                      0.110187    0.000282    5.335828 v place200/A (sky130_fd_sc_hd__buf_1)
     8    0.020537    0.122033    0.193503    5.529331 v place200/X (sky130_fd_sc_hd__buf_1)
                                                         net200 (net)
                      0.122033    0.000281    5.529612 v _2481_/B (sky130_fd_sc_hd__or3b_2)
     1    0.002265    0.073516    0.452935    5.982547 v _2481_/X (sky130_fd_sc_hd__or3b_2)
                                                         _0466_ (net)
                      0.073516    0.000001    5.982548 v _2482_/B2 (sky130_fd_sc_hd__a22o_2)
     1    0.001445    0.035426    0.220804    6.203352 v _2482_/X (sky130_fd_sc_hd__a22o_2)
                                                         _0467_ (net)
                      0.035426    0.000000    6.203352 v _2483_/B (sky130_fd_sc_hd__and2_2)
     1    0.001725    0.033880    0.173050    6.376403 v _2483_/X (sky130_fd_sc_hd__and2_2)
                                                         _0468_ (net)
                      0.033880    0.000000    6.376404 v _2693_/D (sky130_fd_sc_hd__dfxtp_2)
                                              6.376404   data arrival time

                                 20.000000   20.000000   clock clk (rise edge)
                                  0.000000   20.000000   clock source latency
    82    0.230301    1.029756    0.711891   20.711891 ^ clk (in)
                                                         clk (net)
                      1.029842    0.000000   20.711891 ^ _2693_/CLK (sky130_fd_sc_hd__dfxtp_2)
                                 -0.200000   20.511892   clock uncertainty
                                  0.000000   20.511892   clock reconvergence pessimism
                                  0.045013   20.556904   library setup time
                                             20.556904   data required time
---------------------------------------------------------------------------------------------
                                             20.556904   data required time
                                             -6.376404   data arrival time
---------------------------------------------------------------------------------------------
                                             14.180501   slack (MET)


Startpoint: _2662_ (rising edge-triggered flip-flop clocked by clk)
Endpoint: _2673_ (rising edge-triggered flip-flop clocked by clk)
Path Group: clk
Path Type: max

Fanout         Cap        Slew       Delay        Time   Description
---------------------------------------------------------------------------------------------
                                  0.000000    0.000000   clock clk (rise edge)
                                  0.000000    0.000000   clock source latency
    82    0.230301    1.029756    0.711528    0.711528 ^ clk (in)
                                                         clk (net)
                      1.029834    0.000000    0.711528 ^ _2662_/CLK (sky130_fd_sc_hd__dfxtp_2)
     4    0.015622    0.089665    0.541442    1.252969 ^ _2662_/Q (sky130_fd_sc_hd__dfxtp_2)
                                                         r2_mantissa[7] (net)
                      0.089665    0.000007    1.252977 ^ place247/A (sky130_fd_sc_hd__buf_1)
     8    0.029653    0.353924    0.306670    1.559647 ^ place247/X (sky130_fd_sc_hd__buf_1)
                                                         net247 (net)
                      0.353924    0.000021    1.559668 ^ place246/A (sky130_fd_sc_hd__buf_1)
     8    0.053550    0.618120    0.530987    2.090655 ^ place246/X (sky130_fd_sc_hd__buf_1)
                                                         net246 (net)
                      0.618121    0.000777    2.091432 ^ place245/A (sky130_fd_sc_hd__buf_1)
     5    0.042963    0.497769    0.465158    2.556590 ^ place245/X (sky130_fd_sc_hd__buf_1)
                                                         net245 (net)
                      0.497769    0.000494    2.557084 ^ place244/A (sky130_fd_sc_hd__buf_1)
     7    0.063477    0.730564    0.618106    3.175189 ^ place244/X (sky130_fd_sc_hd__buf_1)
                                                         net244 (net)
                      0.730568    0.001319    3.176509 ^ _1593_/A (sky130_fd_sc_hd__xor2_2)
     2    0.006114    0.125829    0.160007    3.336516 v _1593_/X (sky130_fd_sc_hd__xor2_2)
                                                         _0817_ (net)
                      0.125829    0.000006    3.336522 v _1612_/A (sky130_fd_sc_hd__or2_2)
     1    0.002016    0.051428    0.311098    3.647620 v _1612_/X (sky130_fd_sc_hd__or2_2)
                                                         _0836_ (net)
                      0.051428    0.000006    3.647627 v _1613_/B (sky130_fd_sc_hd__and2_2)
     2    0.010769    0.056149    0.212343    3.859970 v _1613_/X (sky130_fd_sc_hd__and2_2)
                                                         _0837_ (net)
                      0.056149    0.000012    3.859981 v _1615_/A2 (sky130_fd_sc_hd__a21o_2)
     2    0.013094    0.058171    0.242319    4.102300 v _1615_/X (sky130_fd_sc_hd__a21o_2)
                                                         _0839_ (net)
                      0.058171    0.000030    4.102331 v _1617_/A (sky130_fd_sc_hd__xnor2_2)
     2    0.011528    0.201004    0.212744    4.315075 ^ _1617_/Y (sky130_fd_sc_hd__xnor2_2)
                                                         _0841_ (net)
                      0.201004    0.000019    4.315094 ^ _1664_/B (sky130_fd_sc_hd__xor2_2)
     2    0.011308    0.185596    0.210338    4.525432 ^ _1664_/X (sky130_fd_sc_hd__xor2_2)
                                                         _0888_ (net)
                      0.185596    0.000022    4.525454 ^ _1667_/A (sky130_fd_sc_hd__xor2_2)
     3    0.007160    0.069900    0.105564    4.631018 v _1667_/X (sky130_fd_sc_hd__xor2_2)
                                                         _0891_ (net)
                      0.069900    0.000008    4.631026 v _1737_/A (sky130_fd_sc_hd__or4_4)
     1    0.002573    0.078684    0.524083    5.155110 v _1737_/X (sky130_fd_sc_hd__or4_4)
                                                         _0961_ (net)
                      0.078684    0.000004    5.155113 v _1738_/C1 (sky130_fd_sc_hd__o211a_2)
     1    0.009216    0.056363    0.145478    5.300591 v _1738_/X (sky130_fd_sc_hd__o211a_2)
                                                         _0962_ (net)
                      0.056363    0.000026    5.300617 v _1744_/A1 (sky130_fd_sc_hd__o21ai_4)
     3    0.011269    0.136833    0.169375    5.469992 ^ _1744_/Y (sky130_fd_sc_hd__o21ai_4)
                                                         _0968_ (net)
                      0.136833    0.000080    5.470072 ^ _1799_/A3 (sky130_fd_sc_hd__a32o_2)
     2    0.014750    0.104702    0.237212    5.707284 ^ _1799_/X (sky130_fd_sc_hd__a32o_2)
                                                         _1022_ (net)
                      0.104702    0.000080    5.707364 ^ _1899_/A1 (sky130_fd_sc_hd__a21oi_2)
     4    0.016618    0.079391    0.097743    5.805107 v _1899_/Y (sky130_fd_sc_hd__a21oi_2)
                                                         _1121_ (net)
                      0.079391    0.000051    5.805158 v _1901_/A2 (sky130_fd_sc_hd__a21o_2)
     1    0.002725    0.033941    0.215617    6.020775 v _1901_/X (sky130_fd_sc_hd__a21o_2)
                                                         _1123_ (net)
                      0.033941    0.000006    6.020781 v _1902_/B2 (sky130_fd_sc_hd__o22a_2)
     1    0.004555    0.042979    0.177552    6.198333 v _1902_/X (sky130_fd_sc_hd__o22a_2)
                                                         _1124_ (net)
                      0.042979    0.000010    6.198343 v _1903_/B (sky130_fd_sc_hd__nor2_2)
     1    0.001871    0.068353    0.061175    6.259519 ^ _1903_/Y (sky130_fd_sc_hd__nor2_2)
                                                         _0018_ (net)
                      0.068353    0.000002    6.259520 ^ _2673_/D (sky130_fd_sc_hd__dfxtp_2)
                                              6.259520   data arrival time

                                 20.000000   20.000000   clock clk (rise edge)
                                  0.000000   20.000000   clock source latency
    82    0.230301    1.029756    0.710337   20.710337 ^ clk (in)
                                                         clk (net)
                      1.029811    0.000000   20.710337 ^ _2673_/CLK (sky130_fd_sc_hd__dfxtp_2)
                                 -0.200000   20.510338   clock uncertainty
                                  0.000000   20.510338   clock reconvergence pessimism
                                  0.019600   20.529938   library setup time
                                             20.529938   data required time
---------------------------------------------------------------------------------------------
                                             20.529938   data required time
                                             -6.259520   data arrival time
---------------------------------------------------------------------------------------------
                                             14.270417   slack (MET)


Startpoint: _2672_ (rising edge-triggered flip-flop clocked by clk)
Endpoint: _2702_ (rising edge-triggered flip-flop clocked by clk)
Path Group: clk
Path Type: max

Fanout         Cap        Slew       Delay        Time   Description
---------------------------------------------------------------------------------------------
                                  0.000000    0.000000   clock clk (rise edge)
                                  0.000000    0.000000   clock source latency
    82    0.230301    1.029756    0.709444    0.709444 ^ clk (in)
                                                         clk (net)
                      1.029797    0.000000    0.709444 ^ _2672_/CLK (sky130_fd_sc_hd__dfxtp_2)
     3    0.013641    0.045511    0.509856    1.219299 v _2672_/Q (sky130_fd_sc_hd__dfxtp_2)
                                                         r3_prod_mant[1] (net)
                      0.045511    0.000014    1.219313 v _2334_/A1 (sky130_fd_sc_hd__o21ba_2)
     3    0.014720    0.061705    0.242364    1.461678 v _2334_/X (sky130_fd_sc_hd__o21ba_2)
                                                         _0324_ (net)
                      0.061705    0.000099    1.461776 v _2335_/A4 (sky130_fd_sc_hd__o41a_2)
     2    0.007159    0.074840    0.392221    1.853997 v _2335_/X (sky130_fd_sc_hd__o41a_2)
                                                         _0325_ (net)
                      0.074840    0.000062    1.854059 v _2336_/B (sky130_fd_sc_hd__or2_2)
     5    0.013966    0.084891    0.325910    2.179969 v _2336_/X (sky130_fd_sc_hd__or2_2)
                                                         _0326_ (net)
                      0.084891    0.000104    2.180073 v _2337_/C (sky130_fd_sc_hd__or3_2)
     3    0.006774    0.089696    0.439183    2.619256 v _2337_/X (sky130_fd_sc_hd__or3_2)
                                                         _0327_ (net)
                      0.089696    0.000057    2.619313 v _2338_/C (sky130_fd_sc_hd__or3_2)
     2    0.003863    0.080224    0.423415    3.042728 v _2338_/X (sky130_fd_sc_hd__or3_2)
                                                         _0328_ (net)
                      0.080224    0.000021    3.042749 v _2354_/B (sky130_fd_sc_hd__and2_2)
     1    0.008094    0.050109    0.217051    3.259799 v _2354_/X (sky130_fd_sc_hd__and2_2)
                                                         _0344_ (net)
                      0.050109    0.000000    3.259800 v _2355_/B (sky130_fd_sc_hd__xnor2_2)
     2    0.005732    0.054844    0.132150    3.391950 v _2355_/Y (sky130_fd_sc_hd__xnor2_2)
                                                         _0345_ (net)
                      0.054844    0.000004    3.391954 v _2356_/B (sky130_fd_sc_hd__and2_2)
     3    0.010702    0.054528    0.213655    3.605609 v _2356_/X (sky130_fd_sc_hd__and2_2)
                                                         _0346_ (net)
                      0.054528    0.000000    3.605610 v _2404_/A (sky130_fd_sc_hd__or2_2)
     2    0.009923    0.076990    0.323706    3.929315 v _2404_/X (sky130_fd_sc_hd__or2_2)
                                                         _0394_ (net)
                      0.076990    0.000006    3.929322 v _2405_/B1_N (sky130_fd_sc_hd__o21ba_2)
     2    0.010358    0.074057    0.268716    4.198037 ^ _2405_/X (sky130_fd_sc_hd__o21ba_2)
                                                         _0395_ (net)
                      0.074057    0.000056    4.198093 ^ _2408_/A2 (sky130_fd_sc_hd__o21bai_2)
     2    0.007110    0.061954    0.070760    4.268853 v _2408_/Y (sky130_fd_sc_hd__o21bai_2)
                                                         _0398_ (net)
                      0.061954    0.000040    4.268893 v _2410_/A2 (sky130_fd_sc_hd__a21oi_2)
     2    0.009859    0.155476    0.183382    4.452276 ^ _2410_/Y (sky130_fd_sc_hd__a21oi_2)
                                                         _0400_ (net)
                      0.155476    0.000014    4.452289 ^ _2411_/B1 (sky130_fd_sc_hd__a21oi_2)
     3    0.011976    0.075749    0.071867    4.524156 v _2411_/Y (sky130_fd_sc_hd__a21oi_2)
                                                         _0401_ (net)
                      0.075749    0.000091    4.524248 v _2413_/A2 (sky130_fd_sc_hd__a21oi_2)
     2    0.014083    0.200080    0.221783    4.746030 ^ _2413_/Y (sky130_fd_sc_hd__a21oi_2)
                                                         _0403_ (net)
                      0.200080    0.000031    4.746061 ^ _2414_/A2 (sky130_fd_sc_hd__a21oi_2)
     2    0.008471    0.066643    0.099514    4.845575 v _2414_/Y (sky130_fd_sc_hd__a21oi_2)
                                                         _0404_ (net)
                      0.066643    0.000060    4.845635 v _2441_/S (sky130_fd_sc_hd__mux2_2)
     1    0.005139    0.052200    0.234162    5.079797 ^ _2441_/X (sky130_fd_sc_hd__mux2_2)
                                                         _0431_ (net)
                      0.052200    0.000014    5.079811 ^ _2442_/B1 (sky130_fd_sc_hd__o31ai_2)
     2    0.011883    0.080227    0.084756    5.164567 v _2442_/Y (sky130_fd_sc_hd__o31ai_2)
                                                         _0432_ (net)
                      0.080227    0.000269    5.164836 v _2450_/A1 (sky130_fd_sc_hd__a211oi_2)
     7    0.024347    0.464501    0.428330    5.593166 ^ _2450_/Y (sky130_fd_sc_hd__a211oi_2)
                                                         _0439_ (net)
                      0.464501    0.000077    5.593243 ^ place199/A (sky130_fd_sc_hd__buf_1)
     8    0.026367    0.310601    0.324077    5.917320 ^ place199/X (sky130_fd_sc_hd__buf_1)
                                                         net199 (net)
                      0.310602    0.000617    5.917937 ^ _2524_/B1 (sky130_fd_sc_hd__a22o_2)
     1    0.002385    0.037871    0.187125    6.105062 ^ _2524_/X (sky130_fd_sc_hd__a22o_2)
                                                         _0500_ (net)
                      0.037871    0.000011    6.105073 ^ _2525_/B (sky130_fd_sc_hd__and2_2)
     1    0.001787    0.037943    0.120223    6.225296 ^ _2525_/X (sky130_fd_sc_hd__and2_2)
                                                         _0501_ (net)
                      0.037943    0.000000    6.225297 ^ _2702_/D (sky130_fd_sc_hd__dfxtp_2)
                                              6.225297   data arrival time

                                 20.000000   20.000000   clock clk (rise edge)
                                  0.000000   20.000000   clock source latency
    82    0.230301    1.029756    0.712594   20.712595 ^ clk (in)
                                                         clk (net)
                      1.029858    0.000000   20.712595 ^ _2702_/CLK (sky130_fd_sc_hd__dfxtp_2)
                                 -0.200000   20.512594   clock uncertainty
                                  0.000000   20.512594   clock reconvergence pessimism
                                  0.025766   20.538361   library setup time
                                             20.538361   data required time
---------------------------------------------------------------------------------------------
                                             20.538361   data required time
                                             -6.225297   data arrival time
---------------------------------------------------------------------------------------------
                                             14.313063   slack (MET)


Startpoint: _2672_ (rising edge-triggered flip-flop clocked by clk)
Endpoint: _2701_ (rising edge-triggered flip-flop clocked by clk)
Path Group: clk
Path Type: max

Fanout         Cap        Slew       Delay        Time   Description
---------------------------------------------------------------------------------------------
                                  0.000000    0.000000   clock clk (rise edge)
                                  0.000000    0.000000   clock source latency
    82    0.230301    1.029756    0.709444    0.709444 ^ clk (in)
                                                         clk (net)
                      1.029797    0.000000    0.709444 ^ _2672_/CLK (sky130_fd_sc_hd__dfxtp_2)
     3    0.013641    0.045511    0.509856    1.219299 v _2672_/Q (sky130_fd_sc_hd__dfxtp_2)
                                                         r3_prod_mant[1] (net)
                      0.045511    0.000014    1.219313 v _2334_/A1 (sky130_fd_sc_hd__o21ba_2)
     3    0.014720    0.061705    0.242364    1.461678 v _2334_/X (sky130_fd_sc_hd__o21ba_2)
                                                         _0324_ (net)
                      0.061705    0.000099    1.461776 v _2335_/A4 (sky130_fd_sc_hd__o41a_2)
     2    0.007159    0.074840    0.392221    1.853997 v _2335_/X (sky130_fd_sc_hd__o41a_2)
                                                         _0325_ (net)
                      0.074840    0.000062    1.854059 v _2336_/B (sky130_fd_sc_hd__or2_2)
     5    0.013966    0.084891    0.325910    2.179969 v _2336_/X (sky130_fd_sc_hd__or2_2)
                                                         _0326_ (net)
                      0.084891    0.000104    2.180073 v _2337_/C (sky130_fd_sc_hd__or3_2)
     3    0.006774    0.089696    0.439183    2.619256 v _2337_/X (sky130_fd_sc_hd__or3_2)
                                                         _0327_ (net)
                      0.089696    0.000057    2.619313 v _2338_/C (sky130_fd_sc_hd__or3_2)
     2    0.003863    0.080224    0.423415    3.042728 v _2338_/X (sky130_fd_sc_hd__or3_2)
                                                         _0328_ (net)
                      0.080224    0.000021    3.042749 v _2354_/B (sky130_fd_sc_hd__and2_2)
     1    0.008094    0.050109    0.217051    3.259799 v _2354_/X (sky130_fd_sc_hd__and2_2)
                                                         _0344_ (net)
                      0.050109    0.000000    3.259800 v _2355_/B (sky130_fd_sc_hd__xnor2_2)
     2    0.005732    0.054844    0.132150    3.391950 v _2355_/Y (sky130_fd_sc_hd__xnor2_2)
                                                         _0345_ (net)
                      0.054844    0.000004    3.391954 v _2356_/B (sky130_fd_sc_hd__and2_2)
     3    0.010702    0.054528    0.213655    3.605609 v _2356_/X (sky130_fd_sc_hd__and2_2)
                                                         _0346_ (net)
                      0.054528    0.000000    3.605610 v _2404_/A (sky130_fd_sc_hd__or2_2)
     2    0.009923    0.076990    0.323706    3.929315 v _2404_/X (sky130_fd_sc_hd__or2_2)
                                                         _0394_ (net)
                      0.076990    0.000006    3.929322 v _2405_/B1_N (sky130_fd_sc_hd__o21ba_2)
     2    0.010358    0.074057    0.268716    4.198037 ^ _2405_/X (sky130_fd_sc_hd__o21ba_2)
                                                         _0395_ (net)
                      0.074057    0.000056    4.198093 ^ _2408_/A2 (sky130_fd_sc_hd__o21bai_2)
     2    0.007110    0.061954    0.070760    4.268853 v _2408_/Y (sky130_fd_sc_hd__o21bai_2)
                                                         _0398_ (net)
                      0.061954    0.000040    4.268893 v _2410_/A2 (sky130_fd_sc_hd__a21oi_2)
     2    0.009859    0.155476    0.183382    4.452276 ^ _2410_/Y (sky130_fd_sc_hd__a21oi_2)
                                                         _0400_ (net)
                      0.155476    0.000014    4.452289 ^ _2411_/B1 (sky130_fd_sc_hd__a21oi_2)
     3    0.011976    0.075749    0.071867    4.524156 v _2411_/Y (sky130_fd_sc_hd__a21oi_2)
                                                         _0401_ (net)
                      0.075749    0.000091    4.524248 v _2413_/A2 (sky130_fd_sc_hd__a21oi_2)
     2    0.014083    0.200080    0.221783    4.746030 ^ _2413_/Y (sky130_fd_sc_hd__a21oi_2)
                                                         _0403_ (net)
                      0.200080    0.000031    4.746061 ^ _2414_/A2 (sky130_fd_sc_hd__a21oi_2)
     2    0.008471    0.066643    0.099514    4.845575 v _2414_/Y (sky130_fd_sc_hd__a21oi_2)
                                                         _0404_ (net)
                      0.066643    0.000060    4.845635 v _2441_/S (sky130_fd_sc_hd__mux2_2)
     1    0.005139    0.052200    0.234162    5.079797 ^ _2441_/X (sky130_fd_sc_hd__mux2_2)
                                                         _0431_ (net)
                      0.052200    0.000014    5.079811 ^ _2442_/B1 (sky130_fd_sc_hd__o31ai_2)
     2    0.011883    0.080227    0.084756    5.164567 v _2442_/Y (sky130_fd_sc_hd__o31ai_2)
                                                         _0432_ (net)
                      0.080227    0.000269    5.164836 v _2450_/A1 (sky130_fd_sc_hd__a211oi_2)
     7    0.024347    0.464501    0.428330    5.593166 ^ _2450_/Y (sky130_fd_sc_hd__a211oi_2)
                                                         _0439_ (net)
                      0.464501    0.000077    5.593243 ^ place199/A (sky130_fd_sc_hd__buf_1)
     8    0.026367    0.310601    0.324077    5.917320 ^ place199/X (sky130_fd_sc_hd__buf_1)
                                                         net199 (net)
                      0.310602    0.000617    5.917937 ^ _2520_/B1 (sky130_fd_sc_hd__a22o_2)
     1    0.002088    0.037374    0.185398    6.103335 ^ _2520_/X (sky130_fd_sc_hd__a22o_2)
                                                         _0497_ (net)
                      0.037374    0.000007    6.103342 ^ _2521_/B (sky130_fd_sc_hd__and2_2)
     1    0.001745    0.037755    0.119856    6.223197 ^ _2521_/X (sky130_fd_sc_hd__and2_2)
                                                         _0498_ (net)
                      0.037755    0.000000    6.223198 ^ _2701_/D (sky130_fd_sc_hd__dfxtp_2)
                                              6.223198   data arrival time

                                 20.000000   20.000000   clock clk (rise edge)
                                  0.000000   20.000000   clock source latency
    82    0.230301    1.029756    0.712589   20.712589 ^ clk (in)
                                                         clk (net)
                      1.029858    0.000000   20.712589 ^ _2701_/CLK (sky130_fd_sc_hd__dfxtp_2)
                                 -0.200000   20.512590   clock uncertainty
                                  0.000000   20.512590   clock reconvergence pessimism
                                  0.025804   20.538395   library setup time
                                             20.538395   data required time
---------------------------------------------------------------------------------------------
                                             20.538395   data required time
                                             -6.223198   data arrival time
---------------------------------------------------------------------------------------------
                                             14.315197   slack (MET)


Startpoint: _2672_ (rising edge-triggered flip-flop clocked by clk)
Endpoint: _2699_ (rising edge-triggered flip-flop clocked by clk)
Path Group: clk
Path Type: max

Fanout         Cap        Slew       Delay        Time   Description
---------------------------------------------------------------------------------------------
                                  0.000000    0.000000   clock clk (rise edge)
                                  0.000000    0.000000   clock source latency
    82    0.230301    1.029756    0.709444    0.709444 ^ clk (in)
                                                         clk (net)
                      1.029797    0.000000    0.709444 ^ _2672_/CLK (sky130_fd_sc_hd__dfxtp_2)
     3    0.013641    0.045511    0.509856    1.219299 v _2672_/Q (sky130_fd_sc_hd__dfxtp_2)
                                                         r3_prod_mant[1] (net)
                      0.045511    0.000014    1.219313 v _2334_/A1 (sky130_fd_sc_hd__o21ba_2)
     3    0.014720    0.061705    0.242364    1.461678 v _2334_/X (sky130_fd_sc_hd__o21ba_2)
                                                         _0324_ (net)
                      0.061705    0.000099    1.461776 v _2335_/A4 (sky130_fd_sc_hd__o41a_2)
     2    0.007159    0.074840    0.392221    1.853997 v _2335_/X (sky130_fd_sc_hd__o41a_2)
                                                         _0325_ (net)
                      0.074840    0.000062    1.854059 v _2336_/B (sky130_fd_sc_hd__or2_2)
     5    0.013966    0.084891    0.325910    2.179969 v _2336_/X (sky130_fd_sc_hd__or2_2)
                                                         _0326_ (net)
                      0.084891    0.000104    2.180073 v _2337_/C (sky130_fd_sc_hd__or3_2)
     3    0.006774    0.089696    0.439183    2.619256 v _2337_/X (sky130_fd_sc_hd__or3_2)
                                                         _0327_ (net)
                      0.089696    0.000057    2.619313 v _2338_/C (sky130_fd_sc_hd__or3_2)
     2    0.003863    0.080224    0.423415    3.042728 v _2338_/X (sky130_fd_sc_hd__or3_2)
                                                         _0328_ (net)
                      0.080224    0.000021    3.042749 v _2354_/B (sky130_fd_sc_hd__and2_2)
     1    0.008094    0.050109    0.217051    3.259799 v _2354_/X (sky130_fd_sc_hd__and2_2)
                                                         _0344_ (net)
                      0.050109    0.000000    3.259800 v _2355_/B (sky130_fd_sc_hd__xnor2_2)
     2    0.005732    0.054844    0.132150    3.391950 v _2355_/Y (sky130_fd_sc_hd__xnor2_2)
                                                         _0345_ (net)
                      0.054844    0.000004    3.391954 v _2356_/B (sky130_fd_sc_hd__and2_2)
     3    0.010702    0.054528    0.213655    3.605609 v _2356_/X (sky130_fd_sc_hd__and2_2)
                                                         _0346_ (net)
                      0.054528    0.000000    3.605610 v _2404_/A (sky130_fd_sc_hd__or2_2)
     2    0.009923    0.076990    0.323706    3.929315 v _2404_/X (sky130_fd_sc_hd__or2_2)
                                                         _0394_ (net)
                      0.076990    0.000006    3.929322 v _2405_/B1_N (sky130_fd_sc_hd__o21ba_2)
     2    0.010358    0.074057    0.268716    4.198037 ^ _2405_/X (sky130_fd_sc_hd__o21ba_2)
                                                         _0395_ (net)
                      0.074057    0.000056    4.198093 ^ _2408_/A2 (sky130_fd_sc_hd__o21bai_2)
     2    0.007110    0.061954    0.070760    4.268853 v _2408_/Y (sky130_fd_sc_hd__o21bai_2)
                                                         _0398_ (net)
                      0.061954    0.000040    4.268893 v _2410_/A2 (sky130_fd_sc_hd__a21oi_2)
     2    0.009859    0.155476    0.183382    4.452276 ^ _2410_/Y (sky130_fd_sc_hd__a21oi_2)
                                                         _0400_ (net)
                      0.155476    0.000014    4.452289 ^ _2411_/B1 (sky130_fd_sc_hd__a21oi_2)
     3    0.011976    0.075749    0.071867    4.524156 v _2411_/Y (sky130_fd_sc_hd__a21oi_2)
                                                         _0401_ (net)
                      0.075749    0.000091    4.524248 v _2413_/A2 (sky130_fd_sc_hd__a21oi_2)
     2    0.014083    0.200080    0.221783    4.746030 ^ _2413_/Y (sky130_fd_sc_hd__a21oi_2)
                                                         _0403_ (net)
                      0.200080    0.000031    4.746061 ^ _2414_/A2 (sky130_fd_sc_hd__a21oi_2)
     2    0.008471    0.066643    0.099514    4.845575 v _2414_/Y (sky130_fd_sc_hd__a21oi_2)
                                                         _0404_ (net)
                      0.066643    0.000060    4.845635 v _2441_/S (sky130_fd_sc_hd__mux2_2)
     1    0.005139    0.052200    0.234162    5.079797 ^ _2441_/X (sky130_fd_sc_hd__mux2_2)
                                                         _0431_ (net)
                      0.052200    0.000014    5.079811 ^ _2442_/B1 (sky130_fd_sc_hd__o31ai_2)
     2    0.011883    0.080227    0.084756    5.164567 v _2442_/Y (sky130_fd_sc_hd__o31ai_2)
                                                         _0432_ (net)
                      0.080227    0.000269    5.164836 v _2450_/A1 (sky130_fd_sc_hd__a211oi_2)
     7    0.024347    0.464501    0.428330    5.593166 ^ _2450_/Y (sky130_fd_sc_hd__a211oi_2)
                                                         _0439_ (net)
                      0.464501    0.000077    5.593243 ^ place199/A (sky130_fd_sc_hd__buf_1)
     8    0.026367    0.310601    0.324077    5.917320 ^ place199/X (sky130_fd_sc_hd__buf_1)
                                                         net199 (net)
                      0.310602    0.000526    5.917846 ^ _2509_/B1 (sky130_fd_sc_hd__a22o_2)
     1    0.001678    0.035535    0.183012    6.100858 ^ _2509_/X (sky130_fd_sc_hd__a22o_2)
                                                         _0488_ (net)
                      0.035535    0.000001    6.100860 ^ _2510_/B (sky130_fd_sc_hd__and2_2)
     1    0.001748    0.037766    0.119314    6.220173 ^ _2510_/X (sky130_fd_sc_hd__and2_2)
                                                         _0489_ (net)
                      0.037766    0.000000    6.220174 ^ _2699_/D (sky130_fd_sc_hd__dfxtp_2)
                                              6.220174   data arrival time

                                 20.000000   20.000000   clock clk (rise edge)
                                  0.000000   20.000000   clock source latency
    82    0.230301    1.029756    0.712497   20.712498 ^ clk (in)
                                                         clk (net)
                      1.029856    0.000000   20.712498 ^ _2699_/CLK (sky130_fd_sc_hd__dfxtp_2)
                                 -0.200000   20.512497   clock uncertainty
                                  0.000000   20.512497   clock reconvergence pessimism
                                  0.025802   20.538300   library setup time
                                             20.538300   data required time
---------------------------------------------------------------------------------------------
                                             20.538300   data required time
                                             -6.220174   data arrival time
---------------------------------------------------------------------------------------------
                                             14.318125   slack (MET)


Startpoint: _2672_ (rising edge-triggered flip-flop clocked by clk)
Endpoint: _2698_ (rising edge-triggered flip-flop clocked by clk)
Path Group: clk
Path Type: max

Fanout         Cap        Slew       Delay        Time   Description
---------------------------------------------------------------------------------------------
                                  0.000000    0.000000   clock clk (rise edge)
                                  0.000000    0.000000   clock source latency
    82    0.230301    1.029756    0.709444    0.709444 ^ clk (in)
                                                         clk (net)
                      1.029797    0.000000    0.709444 ^ _2672_/CLK (sky130_fd_sc_hd__dfxtp_2)
     3    0.013641    0.045511    0.509856    1.219299 v _2672_/Q (sky130_fd_sc_hd__dfxtp_2)
                                                         r3_prod_mant[1] (net)
                      0.045511    0.000014    1.219313 v _2334_/A1 (sky130_fd_sc_hd__o21ba_2)
     3    0.014720    0.061705    0.242364    1.461678 v _2334_/X (sky130_fd_sc_hd__o21ba_2)
                                                         _0324_ (net)
                      0.061705    0.000099    1.461776 v _2335_/A4 (sky130_fd_sc_hd__o41a_2)
     2    0.007159    0.074840    0.392221    1.853997 v _2335_/X (sky130_fd_sc_hd__o41a_2)
                                                         _0325_ (net)
                      0.074840    0.000062    1.854059 v _2336_/B (sky130_fd_sc_hd__or2_2)
     5    0.013966    0.084891    0.325910    2.179969 v _2336_/X (sky130_fd_sc_hd__or2_2)
                                                         _0326_ (net)
                      0.084891    0.000104    2.180073 v _2337_/C (sky130_fd_sc_hd__or3_2)
     3    0.006774    0.089696    0.439183    2.619256 v _2337_/X (sky130_fd_sc_hd__or3_2)
                                                         _0327_ (net)
                      0.089696    0.000057    2.619313 v _2338_/C (sky130_fd_sc_hd__or3_2)
     2    0.003863    0.080224    0.423415    3.042728 v _2338_/X (sky130_fd_sc_hd__or3_2)
                                                         _0328_ (net)
                      0.080224    0.000021    3.042749 v _2354_/B (sky130_fd_sc_hd__and2_2)
     1    0.008094    0.050109    0.217051    3.259799 v _2354_/X (sky130_fd_sc_hd__and2_2)
                                                         _0344_ (net)
                      0.050109    0.000000    3.259800 v _2355_/B (sky130_fd_sc_hd__xnor2_2)
     2    0.005732    0.054844    0.132150    3.391950 v _2355_/Y (sky130_fd_sc_hd__xnor2_2)
                                                         _0345_ (net)
                      0.054844    0.000004    3.391954 v _2356_/B (sky130_fd_sc_hd__and2_2)
     3    0.010702    0.054528    0.213655    3.605609 v _2356_/X (sky130_fd_sc_hd__and2_2)
                                                         _0346_ (net)
                      0.054528    0.000000    3.605610 v _2404_/A (sky130_fd_sc_hd__or2_2)
     2    0.009923    0.076990    0.323706    3.929315 v _2404_/X (sky130_fd_sc_hd__or2_2)
                                                         _0394_ (net)
                      0.076990    0.000006    3.929322 v _2405_/B1_N (sky130_fd_sc_hd__o21ba_2)
     2    0.010358    0.074057    0.268716    4.198037 ^ _2405_/X (sky130_fd_sc_hd__o21ba_2)
                                                         _0395_ (net)
                      0.074057    0.000056    4.198093 ^ _2408_/A2 (sky130_fd_sc_hd__o21bai_2)
     2    0.007110    0.061954    0.070760    4.268853 v _2408_/Y (sky130_fd_sc_hd__o21bai_2)
                                                         _0398_ (net)
                      0.061954    0.000040    4.268893 v _2410_/A2 (sky130_fd_sc_hd__a21oi_2)
     2    0.009859    0.155476    0.183382    4.452276 ^ _2410_/Y (sky130_fd_sc_hd__a21oi_2)
                                                         _0400_ (net)
                      0.155476    0.000014    4.452289 ^ _2411_/B1 (sky130_fd_sc_hd__a21oi_2)
     3    0.011976    0.075749    0.071867    4.524156 v _2411_/Y (sky130_fd_sc_hd__a21oi_2)
                                                         _0401_ (net)
                      0.075749    0.000091    4.524248 v _2413_/A2 (sky130_fd_sc_hd__a21oi_2)
     2    0.014083    0.200080    0.221783    4.746030 ^ _2413_/Y (sky130_fd_sc_hd__a21oi_2)
                                                         _0403_ (net)
                      0.200080    0.000031    4.746061 ^ _2414_/A2 (sky130_fd_sc_hd__a21oi_2)
     2    0.008471    0.066643    0.099514    4.845575 v _2414_/Y (sky130_fd_sc_hd__a21oi_2)
                                                         _0404_ (net)
                      0.066643    0.000060    4.845635 v _2441_/S (sky130_fd_sc_hd__mux2_2)
     1    0.005139    0.052200    0.234162    5.079797 ^ _2441_/X (sky130_fd_sc_hd__mux2_2)
                                                         _0431_ (net)
                      0.052200    0.000014    5.079811 ^ _2442_/B1 (sky130_fd_sc_hd__o31ai_2)
     2    0.011883    0.080227    0.084756    5.164567 v _2442_/Y (sky130_fd_sc_hd__o31ai_2)
                                                         _0432_ (net)
                      0.080227    0.000269    5.164836 v _2450_/A1 (sky130_fd_sc_hd__a211oi_2)
     7    0.024347    0.464501    0.428330    5.593166 ^ _2450_/Y (sky130_fd_sc_hd__a211oi_2)
                                                         _0439_ (net)
                      0.464501    0.000077    5.593243 ^ place199/A (sky130_fd_sc_hd__buf_1)
     8    0.026367    0.310601    0.324077    5.917320 ^ place199/X (sky130_fd_sc_hd__buf_1)
                                                         net199 (net)
                      0.310602    0.000442    5.917762 ^ _2505_/B1 (sky130_fd_sc_hd__a22o_2)
     1    0.001592    0.035150    0.182512    6.100274 ^ _2505_/X (sky130_fd_sc_hd__a22o_2)
                                                         _0485_ (net)
                      0.035150    0.000000    6.100275 ^ _2506_/B (sky130_fd_sc_hd__and2_2)
     1    0.001711    0.037603    0.119009    6.219284 ^ _2506_/X (sky130_fd_sc_hd__and2_2)
                                                         _0486_ (net)
                      0.037603    0.000000    6.219285 ^ _2698_/D (sky130_fd_sc_hd__dfxtp_2)
                                              6.219285   data arrival time

                                 20.000000   20.000000   clock clk (rise edge)
                                  0.000000   20.000000   clock source latency
    82    0.230301    1.029756    0.712413   20.712414 ^ clk (in)
                                                         clk (net)
                      1.029854    0.000000   20.712414 ^ _2698_/CLK (sky130_fd_sc_hd__dfxtp_2)
                                 -0.200000   20.512413   clock uncertainty
                                  0.000000   20.512413   clock reconvergence pessimism
                                  0.025835   20.538250   library setup time
                                             20.538250   data required time
---------------------------------------------------------------------------------------------
                                             20.538250   data required time
                                             -6.219285   data arrival time
---------------------------------------------------------------------------------------------
                                             14.318964   slack (MET)


Startpoint: _2672_ (rising edge-triggered flip-flop clocked by clk)
Endpoint: _2700_ (rising edge-triggered flip-flop clocked by clk)
Path Group: clk
Path Type: max

Fanout         Cap        Slew       Delay        Time   Description
---------------------------------------------------------------------------------------------
                                  0.000000    0.000000   clock clk (rise edge)
                                  0.000000    0.000000   clock source latency
    82    0.230301    1.029756    0.709444    0.709444 ^ clk (in)
                                                         clk (net)
                      1.029797    0.000000    0.709444 ^ _2672_/CLK (sky130_fd_sc_hd__dfxtp_2)
     3    0.013641    0.045511    0.509856    1.219299 v _2672_/Q (sky130_fd_sc_hd__dfxtp_2)
                                                         r3_prod_mant[1] (net)
                      0.045511    0.000014    1.219313 v _2334_/A1 (sky130_fd_sc_hd__o21ba_2)
     3    0.014720    0.061705    0.242364    1.461678 v _2334_/X (sky130_fd_sc_hd__o21ba_2)
                                                         _0324_ (net)
                      0.061705    0.000099    1.461776 v _2335_/A4 (sky130_fd_sc_hd__o41a_2)
     2    0.007159    0.074840    0.392221    1.853997 v _2335_/X (sky130_fd_sc_hd__o41a_2)
                                                         _0325_ (net)
                      0.074840    0.000062    1.854059 v _2336_/B (sky130_fd_sc_hd__or2_2)
     5    0.013966    0.084891    0.325910    2.179969 v _2336_/X (sky130_fd_sc_hd__or2_2)
                                                         _0326_ (net)
                      0.084891    0.000104    2.180073 v _2337_/C (sky130_fd_sc_hd__or3_2)
     3    0.006774    0.089696    0.439183    2.619256 v _2337_/X (sky130_fd_sc_hd__or3_2)
                                                         _0327_ (net)
                      0.089696    0.000057    2.619313 v _2338_/C (sky130_fd_sc_hd__or3_2)
     2    0.003863    0.080224    0.423415    3.042728 v _2338_/X (sky130_fd_sc_hd__or3_2)
                                                         _0328_ (net)
                      0.080224    0.000021    3.042749 v _2354_/B (sky130_fd_sc_hd__and2_2)
     1    0.008094    0.050109    0.217051    3.259799 v _2354_/X (sky130_fd_sc_hd__and2_2)
                                                         _0344_ (net)
                      0.050109    0.000000    3.259800 v _2355_/B (sky130_fd_sc_hd__xnor2_2)
     2    0.005732    0.054844    0.132150    3.391950 v _2355_/Y (sky130_fd_sc_hd__xnor2_2)
                                                         _0345_ (net)
                      0.054844    0.000004    3.391954 v _2356_/B (sky130_fd_sc_hd__and2_2)
     3    0.010702    0.054528    0.213655    3.605609 v _2356_/X (sky130_fd_sc_hd__and2_2)
                                                         _0346_ (net)
                      0.054528    0.000000    3.605610 v _2404_/A (sky130_fd_sc_hd__or2_2)
     2    0.009923    0.076990    0.323706    3.929315 v _2404_/X (sky130_fd_sc_hd__or2_2)
                                                         _0394_ (net)
                      0.076990    0.000006    3.929322 v _2405_/B1_N (sky130_fd_sc_hd__o21ba_2)
     2    0.010358    0.074057    0.268716    4.198037 ^ _2405_/X (sky130_fd_sc_hd__o21ba_2)
                                                         _0395_ (net)
                      0.074057    0.000056    4.198093 ^ _2408_/A2 (sky130_fd_sc_hd__o21bai_2)
     2    0.007110    0.061954    0.070760    4.268853 v _2408_/Y (sky130_fd_sc_hd__o21bai_2)
                                                         _0398_ (net)
                      0.061954    0.000040    4.268893 v _2410_/A2 (sky130_fd_sc_hd__a21oi_2)
     2    0.009859    0.155476    0.183382    4.452276 ^ _2410_/Y (sky130_fd_sc_hd__a21oi_2)
                                                         _0400_ (net)
                      0.155476    0.000014    4.452289 ^ _2411_/B1 (sky130_fd_sc_hd__a21oi_2)
     3    0.011976    0.075749    0.071867    4.524156 v _2411_/Y (sky130_fd_sc_hd__a21oi_2)
                                                         _0401_ (net)
                      0.075749    0.000091    4.524248 v _2413_/A2 (sky130_fd_sc_hd__a21oi_2)
     2    0.014083    0.200080    0.221783    4.746030 ^ _2413_/Y (sky130_fd_sc_hd__a21oi_2)
                                                         _0403_ (net)
                      0.200080    0.000031    4.746061 ^ _2414_/A2 (sky130_fd_sc_hd__a21oi_2)
     2    0.008471    0.066643    0.099514    4.845575 v _2414_/Y (sky130_fd_sc_hd__a21oi_2)
                                                         _0404_ (net)
                      0.066643    0.000060    4.845635 v _2441_/S (sky130_fd_sc_hd__mux2_2)
     1    0.005139    0.052200    0.234162    5.079797 ^ _2441_/X (sky130_fd_sc_hd__mux2_2)
                                                         _0431_ (net)
                      0.052200    0.000014    5.079811 ^ _2442_/B1 (sky130_fd_sc_hd__o31ai_2)
     2    0.011883    0.080227    0.084756    5.164567 v _2442_/Y (sky130_fd_sc_hd__o31ai_2)
                                                         _0432_ (net)
                      0.080227    0.000269    5.164836 v _2450_/A1 (sky130_fd_sc_hd__a211oi_2)
     7    0.024347    0.464501    0.428330    5.593166 ^ _2450_/Y (sky130_fd_sc_hd__a211oi_2)
                                                         _0439_ (net)
                      0.464501    0.000077    5.593243 ^ place199/A (sky130_fd_sc_hd__buf_1)
     8    0.026367    0.310601    0.324077    5.917320 ^ place199/X (sky130_fd_sc_hd__buf_1)
                                                         net199 (net)
                      0.310602    0.000576    5.917896 ^ _2514_/B1 (sky130_fd_sc_hd__a22o_2)
     1    0.001569    0.035050    0.182383    6.100279 ^ _2514_/X (sky130_fd_sc_hd__a22o_2)
                                                         _0492_ (net)
                      0.035050    0.000000    6.100279 ^ _2515_/B (sky130_fd_sc_hd__and2_2)
     1    0.001696    0.037538    0.118904    6.219183 ^ _2515_/X (sky130_fd_sc_hd__and2_2)
                                                         _0493_ (net)
                      0.037538    0.000000    6.219183 ^ _2700_/D (sky130_fd_sc_hd__dfxtp_2)
                                              6.219183   data arrival time

                                 20.000000   20.000000   clock clk (rise edge)
                                  0.000000   20.000000   clock source latency
    82    0.230301    1.029756    0.712534   20.712534 ^ clk (in)
                                                         clk (net)
                      1.029857    0.000000   20.712534 ^ _2700_/CLK (sky130_fd_sc_hd__dfxtp_2)
                                 -0.200000   20.512535   clock uncertainty
                                  0.000000   20.512535   clock reconvergence pessimism
                                  0.025848   20.538382   library setup time
                                             20.538382   data required time
---------------------------------------------------------------------------------------------
                                             20.538382   data required time
                                             -6.219183   data arrival time
---------------------------------------------------------------------------------------------
                                             14.319199   slack (MET)


Startpoint: _2672_ (rising edge-triggered flip-flop clocked by clk)
Endpoint: _2697_ (rising edge-triggered flip-flop clocked by clk)
Path Group: clk
Path Type: max

Fanout         Cap        Slew       Delay        Time   Description
---------------------------------------------------------------------------------------------
                                  0.000000    0.000000   clock clk (rise edge)
                                  0.000000    0.000000   clock source latency
    82    0.230301    1.029756    0.709444    0.709444 ^ clk (in)
                                                         clk (net)
                      1.029797    0.000000    0.709444 ^ _2672_/CLK (sky130_fd_sc_hd__dfxtp_2)
     3    0.013641    0.045511    0.509856    1.219299 v _2672_/Q (sky130_fd_sc_hd__dfxtp_2)
                                                         r3_prod_mant[1] (net)
                      0.045511    0.000014    1.219313 v _2334_/A1 (sky130_fd_sc_hd__o21ba_2)
     3    0.014720    0.061705    0.242364    1.461678 v _2334_/X (sky130_fd_sc_hd__o21ba_2)
                                                         _0324_ (net)
                      0.061705    0.000099    1.461776 v _2335_/A4 (sky130_fd_sc_hd__o41a_2)
     2    0.007159    0.074840    0.392221    1.853997 v _2335_/X (sky130_fd_sc_hd__o41a_2)
                                                         _0325_ (net)
                      0.074840    0.000062    1.854059 v _2336_/B (sky130_fd_sc_hd__or2_2)
     5    0.013966    0.084891    0.325910    2.179969 v _2336_/X (sky130_fd_sc_hd__or2_2)
                                                         _0326_ (net)
                      0.084891    0.000104    2.180073 v _2337_/C (sky130_fd_sc_hd__or3_2)
     3    0.006774    0.089696    0.439183    2.619256 v _2337_/X (sky130_fd_sc_hd__or3_2)
                                                         _0327_ (net)
                      0.089696    0.000057    2.619313 v _2338_/C (sky130_fd_sc_hd__or3_2)
     2    0.003863    0.080224    0.423415    3.042728 v _2338_/X (sky130_fd_sc_hd__or3_2)
                                                         _0328_ (net)
                      0.080224    0.000021    3.042749 v _2354_/B (sky130_fd_sc_hd__and2_2)
     1    0.008094    0.050109    0.217051    3.259799 v _2354_/X (sky130_fd_sc_hd__and2_2)
                                                         _0344_ (net)
                      0.050109    0.000000    3.259800 v _2355_/B (sky130_fd_sc_hd__xnor2_2)
     2    0.005732    0.054844    0.132150    3.391950 v _2355_/Y (sky130_fd_sc_hd__xnor2_2)
                                                         _0345_ (net)
                      0.054844    0.000004    3.391954 v _2356_/B (sky130_fd_sc_hd__and2_2)
     3    0.010702    0.054528    0.213655    3.605609 v _2356_/X (sky130_fd_sc_hd__and2_2)
                                                         _0346_ (net)
                      0.054528    0.000000    3.605610 v _2404_/A (sky130_fd_sc_hd__or2_2)
     2    0.009923    0.076990    0.323706    3.929315 v _2404_/X (sky130_fd_sc_hd__or2_2)
                                                         _0394_ (net)
                      0.076990    0.000006    3.929322 v _2405_/B1_N (sky130_fd_sc_hd__o21ba_2)
     2    0.010358    0.074057    0.268716    4.198037 ^ _2405_/X (sky130_fd_sc_hd__o21ba_2)
                                                         _0395_ (net)
                      0.074057    0.000056    4.198093 ^ _2408_/A2 (sky130_fd_sc_hd__o21bai_2)
     2    0.007110    0.061954    0.070760    4.268853 v _2408_/Y (sky130_fd_sc_hd__o21bai_2)
                                                         _0398_ (net)
                      0.061954    0.000040    4.268893 v _2410_/A2 (sky130_fd_sc_hd__a21oi_2)
     2    0.009859    0.155476    0.183382    4.452276 ^ _2410_/Y (sky130_fd_sc_hd__a21oi_2)
                                                         _0400_ (net)
                      0.155476    0.000014    4.452289 ^ _2411_/B1 (sky130_fd_sc_hd__a21oi_2)
     3    0.011976    0.075749    0.071867    4.524156 v _2411_/Y (sky130_fd_sc_hd__a21oi_2)
                                                         _0401_ (net)
                      0.075749    0.000091    4.524248 v _2413_/A2 (sky130_fd_sc_hd__a21oi_2)
     2    0.014083    0.200080    0.221783    4.746030 ^ _2413_/Y (sky130_fd_sc_hd__a21oi_2)
                                                         _0403_ (net)
                      0.200080    0.000031    4.746061 ^ _2414_/A2 (sky130_fd_sc_hd__a21oi_2)
     2    0.008471    0.066643    0.099514    4.845575 v _2414_/Y (sky130_fd_sc_hd__a21oi_2)
                                                         _0404_ (net)
                      0.066643    0.000060    4.845635 v _2441_/S (sky130_fd_sc_hd__mux2_2)
     1    0.005139    0.052200    0.234162    5.079797 ^ _2441_/X (sky130_fd_sc_hd__mux2_2)
                                                         _0431_ (net)
                      0.052200    0.000014    5.079811 ^ _2442_/B1 (sky130_fd_sc_hd__o31ai_2)
     2    0.011883    0.080227    0.084756    5.164567 v _2442_/Y (sky130_fd_sc_hd__o31ai_2)
                                                         _0432_ (net)
                      0.080227    0.000269    5.164836 v _2450_/A1 (sky130_fd_sc_hd__a211oi_2)
     7    0.024347    0.464501    0.428330    5.593166 ^ _2450_/Y (sky130_fd_sc_hd__a211oi_2)
                                                         _0439_ (net)
                      0.464501    0.000077    5.593243 ^ place199/A (sky130_fd_sc_hd__buf_1)
     8    0.026367    0.310601    0.324077    5.917320 ^ place199/X (sky130_fd_sc_hd__buf_1)
                                                         net199 (net)
                      0.310601    0.000353    5.917674 ^ _2501_/B1 (sky130_fd_sc_hd__a22o_2)
     1    0.001567    0.035040    0.182370    6.100044 ^ _2501_/X (sky130_fd_sc_hd__a22o_2)
                                                         _0482_ (net)
                      0.035040    0.000000    6.100044 ^ _2502_/B (sky130_fd_sc_hd__and2_2)
     1    0.001683    0.037480    0.118835    6.218879 ^ _2502_/X (sky130_fd_sc_hd__and2_2)
                                                         _0483_ (net)
                      0.037480    0.000000    6.218879 ^ _2697_/D (sky130_fd_sc_hd__dfxtp_2)
                                              6.218879   data arrival time

                                 20.000000   20.000000   clock clk (rise edge)
                                  0.000000   20.000000   clock source latency
    82    0.230301    1.029756    0.712332   20.712332 ^ clk (in)
                                                         clk (net)
                      1.029852    0.000000   20.712332 ^ _2697_/CLK (sky130_fd_sc_hd__dfxtp_2)
                                 -0.200000   20.512333   clock uncertainty
                                  0.000000   20.512333   clock reconvergence pessimism
                                  0.025860   20.538193   library setup time
                                             20.538193   data required time
---------------------------------------------------------------------------------------------
                                             20.538193   data required time
                                             -6.218879   data arrival time
---------------------------------------------------------------------------------------------
                                             14.319313   slack (MET)


Startpoint: _2672_ (rising edge-triggered flip-flop clocked by clk)
Endpoint: _2695_ (rising edge-triggered flip-flop clocked by clk)
Path Group: clk
Path Type: max

Fanout         Cap        Slew       Delay        Time   Description
---------------------------------------------------------------------------------------------
                                  0.000000    0.000000   clock clk (rise edge)
                                  0.000000    0.000000   clock source latency
    82    0.230301    1.029756    0.709444    0.709444 ^ clk (in)
                                                         clk (net)
                      1.029797    0.000000    0.709444 ^ _2672_/CLK (sky130_fd_sc_hd__dfxtp_2)
     3    0.013641    0.045511    0.509856    1.219299 v _2672_/Q (sky130_fd_sc_hd__dfxtp_2)
                                                         r3_prod_mant[1] (net)
                      0.045511    0.000014    1.219313 v _2334_/A1 (sky130_fd_sc_hd__o21ba_2)
     3    0.014720    0.061705    0.242364    1.461678 v _2334_/X (sky130_fd_sc_hd__o21ba_2)
                                                         _0324_ (net)
                      0.061705    0.000099    1.461776 v _2335_/A4 (sky130_fd_sc_hd__o41a_2)
     2    0.007159    0.074840    0.392221    1.853997 v _2335_/X (sky130_fd_sc_hd__o41a_2)
                                                         _0325_ (net)
                      0.074840    0.000062    1.854059 v _2336_/B (sky130_fd_sc_hd__or2_2)
     5    0.013966    0.084891    0.325910    2.179969 v _2336_/X (sky130_fd_sc_hd__or2_2)
                                                         _0326_ (net)
                      0.084891    0.000104    2.180073 v _2337_/C (sky130_fd_sc_hd__or3_2)
     3    0.006774    0.089696    0.439183    2.619256 v _2337_/X (sky130_fd_sc_hd__or3_2)
                                                         _0327_ (net)
                      0.089696    0.000057    2.619313 v _2338_/C (sky130_fd_sc_hd__or3_2)
     2    0.003863    0.080224    0.423415    3.042728 v _2338_/X (sky130_fd_sc_hd__or3_2)
                                                         _0328_ (net)
                      0.080224    0.000021    3.042749 v _2354_/B (sky130_fd_sc_hd__and2_2)
     1    0.008094    0.050109    0.217051    3.259799 v _2354_/X (sky130_fd_sc_hd__and2_2)
                                                         _0344_ (net)
                      0.050109    0.000000    3.259800 v _2355_/B (sky130_fd_sc_hd__xnor2_2)
     2    0.005732    0.054844    0.132150    3.391950 v _2355_/Y (sky130_fd_sc_hd__xnor2_2)
                                                         _0345_ (net)
                      0.054844    0.000004    3.391954 v _2356_/B (sky130_fd_sc_hd__and2_2)
     3    0.010702    0.054528    0.213655    3.605609 v _2356_/X (sky130_fd_sc_hd__and2_2)
                                                         _0346_ (net)
                      0.054528    0.000000    3.605610 v _2404_/A (sky130_fd_sc_hd__or2_2)
     2    0.009923    0.076990    0.323706    3.929315 v _2404_/X (sky130_fd_sc_hd__or2_2)
                                                         _0394_ (net)
                      0.076990    0.000006    3.929322 v _2405_/B1_N (sky130_fd_sc_hd__o21ba_2)
     2    0.010358    0.074057    0.268716    4.198037 ^ _2405_/X (sky130_fd_sc_hd__o21ba_2)
                                                         _0395_ (net)
                      0.074057    0.000056    4.198093 ^ _2408_/A2 (sky130_fd_sc_hd__o21bai_2)
     2    0.007110    0.061954    0.070760    4.268853 v _2408_/Y (sky130_fd_sc_hd__o21bai_2)
                                                         _0398_ (net)
                      0.061954    0.000040    4.268893 v _2410_/A2 (sky130_fd_sc_hd__a21oi_2)
     2    0.009859    0.155476    0.183382    4.452276 ^ _2410_/Y (sky130_fd_sc_hd__a21oi_2)
                                                         _0400_ (net)
                      0.155476    0.000014    4.452289 ^ _2411_/B1 (sky130_fd_sc_hd__a21oi_2)
     3    0.011976    0.075749    0.071867    4.524156 v _2411_/Y (sky130_fd_sc_hd__a21oi_2)
                                                         _0401_ (net)
                      0.075749    0.000091    4.524248 v _2413_/A2 (sky130_fd_sc_hd__a21oi_2)
     2    0.014083    0.200080    0.221783    4.746030 ^ _2413_/Y (sky130_fd_sc_hd__a21oi_2)
                                                         _0403_ (net)
                      0.200080    0.000031    4.746061 ^ _2414_/A2 (sky130_fd_sc_hd__a21oi_2)
     2    0.008471    0.066643    0.099514    4.845575 v _2414_/Y (sky130_fd_sc_hd__a21oi_2)
                                                         _0404_ (net)
                      0.066643    0.000060    4.845635 v _2441_/S (sky130_fd_sc_hd__mux2_2)
     1    0.005139    0.052200    0.234162    5.079797 ^ _2441_/X (sky130_fd_sc_hd__mux2_2)
                                                         _0431_ (net)
                      0.052200    0.000014    5.079811 ^ _2442_/B1 (sky130_fd_sc_hd__o31ai_2)
     2    0.011883    0.080227    0.084756    5.164567 v _2442_/Y (sky130_fd_sc_hd__o31ai_2)
                                                         _0432_ (net)
                      0.080227    0.000269    5.164836 v _2450_/A1 (sky130_fd_sc_hd__a211oi_2)
     7    0.024347    0.464501    0.428330    5.593166 ^ _2450_/Y (sky130_fd_sc_hd__a211oi_2)
                                                         _0439_ (net)
                      0.464501    0.000077    5.593243 ^ place199/A (sky130_fd_sc_hd__buf_1)
     8    0.026367    0.310601    0.324077    5.917320 ^ place199/X (sky130_fd_sc_hd__buf_1)
                                                         net199 (net)
                      0.310601    0.000031    5.917351 ^ _2493_/B1 (sky130_fd_sc_hd__a22o_2)
     1    0.001649    0.035408    0.182847    6.100198 ^ _2493_/X (sky130_fd_sc_hd__a22o_2)
                                                         _0476_ (net)
                      0.035408    0.000000    6.100199 ^ _2494_/B (sky130_fd_sc_hd__and2_2)
     1    0.001702    0.032465    0.119040    6.219239 ^ _2494_/X (sky130_fd_sc_hd__and2_2)
                                                         _0477_ (net)
                      0.032465    0.000000    6.219240 ^ _2695_/D (sky130_fd_sc_hd__dfxtp_2)
                                              6.219240   data arrival time

                                 20.000000   20.000000   clock clk (rise edge)
                                  0.000000   20.000000   clock source latency
    82    0.230301    1.029756    0.712051   20.712051 ^ clk (in)
                                                         clk (net)
                      1.029846    0.000000   20.712051 ^ _2695_/CLK (sky130_fd_sc_hd__dfxtp_2)
                                 -0.200000   20.512051   clock uncertainty
                                  0.000000   20.512051   clock reconvergence pessimism
                                  0.026876   20.538927   library setup time
                                             20.538927   data required time
---------------------------------------------------------------------------------------------
                                             20.538927   data required time
                                             -6.219240   data arrival time
---------------------------------------------------------------------------------------------
                                             14.319688   slack (MET)


Startpoint: _2672_ (rising edge-triggered flip-flop clocked by clk)
Endpoint: _2696_ (rising edge-triggered flip-flop clocked by clk)
Path Group: clk
Path Type: max

Fanout         Cap        Slew       Delay        Time   Description
---------------------------------------------------------------------------------------------
                                  0.000000    0.000000   clock clk (rise edge)
                                  0.000000    0.000000   clock source latency
    82    0.230301    1.029756    0.709444    0.709444 ^ clk (in)
                                                         clk (net)
                      1.029797    0.000000    0.709444 ^ _2672_/CLK (sky130_fd_sc_hd__dfxtp_2)
     3    0.013641    0.045511    0.509856    1.219299 v _2672_/Q (sky130_fd_sc_hd__dfxtp_2)
                                                         r3_prod_mant[1] (net)
                      0.045511    0.000014    1.219313 v _2334_/A1 (sky130_fd_sc_hd__o21ba_2)
     3    0.014720    0.061705    0.242364    1.461678 v _2334_/X (sky130_fd_sc_hd__o21ba_2)
                                                         _0324_ (net)
                      0.061705    0.000099    1.461776 v _2335_/A4 (sky130_fd_sc_hd__o41a_2)
     2    0.007159    0.074840    0.392221    1.853997 v _2335_/X (sky130_fd_sc_hd__o41a_2)
                                                         _0325_ (net)
                      0.074840    0.000062    1.854059 v _2336_/B (sky130_fd_sc_hd__or2_2)
     5    0.013966    0.084891    0.325910    2.179969 v _2336_/X (sky130_fd_sc_hd__or2_2)
                                                         _0326_ (net)
                      0.084891    0.000104    2.180073 v _2337_/C (sky130_fd_sc_hd__or3_2)
     3    0.006774    0.089696    0.439183    2.619256 v _2337_/X (sky130_fd_sc_hd__or3_2)
                                                         _0327_ (net)
                      0.089696    0.000057    2.619313 v _2338_/C (sky130_fd_sc_hd__or3_2)
     2    0.003863    0.080224    0.423415    3.042728 v _2338_/X (sky130_fd_sc_hd__or3_2)
                                                         _0328_ (net)
                      0.080224    0.000021    3.042749 v _2354_/B (sky130_fd_sc_hd__and2_2)
     1    0.008094    0.050109    0.217051    3.259799 v _2354_/X (sky130_fd_sc_hd__and2_2)
                                                         _0344_ (net)
                      0.050109    0.000000    3.259800 v _2355_/B (sky130_fd_sc_hd__xnor2_2)
     2    0.005732    0.054844    0.132150    3.391950 v _2355_/Y (sky130_fd_sc_hd__xnor2_2)
                                                         _0345_ (net)
                      0.054844    0.000004    3.391954 v _2356_/B (sky130_fd_sc_hd__and2_2)
     3    0.010702    0.054528    0.213655    3.605609 v _2356_/X (sky130_fd_sc_hd__and2_2)
                                                         _0346_ (net)
                      0.054528    0.000000    3.605610 v _2404_/A (sky130_fd_sc_hd__or2_2)
     2    0.009923    0.076990    0.323706    3.929315 v _2404_/X (sky130_fd_sc_hd__or2_2)
                                                         _0394_ (net)
                      0.076990    0.000006    3.929322 v _2405_/B1_N (sky130_fd_sc_hd__o21ba_2)
     2    0.010358    0.074057    0.268716    4.198037 ^ _2405_/X (sky130_fd_sc_hd__o21ba_2)
                                                         _0395_ (net)
                      0.074057    0.000056    4.198093 ^ _2408_/A2 (sky130_fd_sc_hd__o21bai_2)
     2    0.007110    0.061954    0.070760    4.268853 v _2408_/Y (sky130_fd_sc_hd__o21bai_2)
                                                         _0398_ (net)
                      0.061954    0.000040    4.268893 v _2410_/A2 (sky130_fd_sc_hd__a21oi_2)
     2    0.009859    0.155476    0.183382    4.452276 ^ _2410_/Y (sky130_fd_sc_hd__a21oi_2)
                                                         _0400_ (net)
                      0.155476    0.000014    4.452289 ^ _2411_/B1 (sky130_fd_sc_hd__a21oi_2)
     3    0.011976    0.075749    0.071867    4.524156 v _2411_/Y (sky130_fd_sc_hd__a21oi_2)
                                                         _0401_ (net)
                      0.075749    0.000091    4.524248 v _2413_/A2 (sky130_fd_sc_hd__a21oi_2)
     2    0.014083    0.200080    0.221783    4.746030 ^ _2413_/Y (sky130_fd_sc_hd__a21oi_2)
                                                         _0403_ (net)
                      0.200080    0.000031    4.746061 ^ _2414_/A2 (sky130_fd_sc_hd__a21oi_2)
     2    0.008471    0.066643    0.099514    4.845575 v _2414_/Y (sky130_fd_sc_hd__a21oi_2)
                                                         _0404_ (net)
                      0.066643    0.000060    4.845635 v _2441_/S (sky130_fd_sc_hd__mux2_2)
     1    0.005139    0.052200    0.234162    5.079797 ^ _2441_/X (sky130_fd_sc_hd__mux2_2)
                                                         _0431_ (net)
                      0.052200    0.000014    5.079811 ^ _2442_/B1 (sky130_fd_sc_hd__o31ai_2)
     2    0.011883    0.080227    0.084756    5.164567 v _2442_/Y (sky130_fd_sc_hd__o31ai_2)
                                                         _0432_ (net)
                      0.080227    0.000269    5.164836 v _2450_/A1 (sky130_fd_sc_hd__a211oi_2)
     7    0.024347    0.464501    0.428330    5.593166 ^ _2450_/Y (sky130_fd_sc_hd__a211oi_2)
                                                         _0439_ (net)
                      0.464501    0.000077    5.593243 ^ place199/A (sky130_fd_sc_hd__buf_1)
     8    0.026367    0.310601    0.324077    5.917320 ^ place199/X (sky130_fd_sc_hd__buf_1)
                                                         net199 (net)
                      0.310601    0.000228    5.917548 ^ _2497_/B1 (sky130_fd_sc_hd__a22o_2)
     1    0.001603    0.035200    0.182577    6.100125 ^ _2497_/X (sky130_fd_sc_hd__a22o_2)
                                                         _0479_ (net)
                      0.035200    0.000000    6.100125 ^ _2498_/B (sky130_fd_sc_hd__and2_2)
     1    0.001714    0.032523    0.119041    6.219166 ^ _2498_/X (sky130_fd_sc_hd__and2_2)
                                                         _0480_ (net)
                      0.032523    0.000000    6.219167 ^ _2696_/D (sky130_fd_sc_hd__dfxtp_2)
                                              6.219167   data arrival time

                                 20.000000   20.000000   clock clk (rise edge)
                                  0.000000   20.000000   clock source latency
    82    0.230301    1.029756    0.712220   20.712219 ^ clk (in)
                                                         clk (net)
                      1.029849    0.000000   20.712219 ^ _2696_/CLK (sky130_fd_sc_hd__dfxtp_2)
                                 -0.200000   20.512220   clock uncertainty
                                  0.000000   20.512220   clock reconvergence pessimism
                                  0.026865   20.539083   library setup time
                                             20.539083   data required time
---------------------------------------------------------------------------------------------
                                             20.539083   data required time
                                             -6.219167   data arrival time
---------------------------------------------------------------------------------------------
                                             14.319918   slack (MET)


Startpoint: _2672_ (rising edge-triggered flip-flop clocked by clk)
Endpoint: _2689_ (rising edge-triggered flip-flop clocked by clk)
Path Group: clk
Path Type: max

Fanout         Cap        Slew       Delay        Time   Description
---------------------------------------------------------------------------------------------
                                  0.000000    0.000000   clock clk (rise edge)
                                  0.000000    0.000000   clock source latency
    82    0.230301    1.029756    0.709444    0.709444 ^ clk (in)
                                                         clk (net)
                      1.029797    0.000000    0.709444 ^ _2672_/CLK (sky130_fd_sc_hd__dfxtp_2)
     3    0.013641    0.045511    0.509856    1.219299 v _2672_/Q (sky130_fd_sc_hd__dfxtp_2)
                                                         r3_prod_mant[1] (net)
                      0.045511    0.000014    1.219313 v _2334_/A1 (sky130_fd_sc_hd__o21ba_2)
     3    0.014720    0.061705    0.242364    1.461678 v _2334_/X (sky130_fd_sc_hd__o21ba_2)
                                                         _0324_ (net)
                      0.061705    0.000099    1.461776 v _2335_/A4 (sky130_fd_sc_hd__o41a_2)
     2    0.007159    0.074840    0.392221    1.853997 v _2335_/X (sky130_fd_sc_hd__o41a_2)
                                                         _0325_ (net)
                      0.074840    0.000062    1.854059 v _2336_/B (sky130_fd_sc_hd__or2_2)
     5    0.013966    0.084891    0.325910    2.179969 v _2336_/X (sky130_fd_sc_hd__or2_2)
                                                         _0326_ (net)
                      0.084891    0.000104    2.180073 v _2337_/C (sky130_fd_sc_hd__or3_2)
     3    0.006774    0.089696    0.439183    2.619256 v _2337_/X (sky130_fd_sc_hd__or3_2)
                                                         _0327_ (net)
                      0.089696    0.000057    2.619313 v _2338_/C (sky130_fd_sc_hd__or3_2)
     2    0.003863    0.080224    0.423415    3.042728 v _2338_/X (sky130_fd_sc_hd__or3_2)
                                                         _0328_ (net)
                      0.080224    0.000021    3.042749 v _2354_/B (sky130_fd_sc_hd__and2_2)
     1    0.008094    0.050109    0.217051    3.259799 v _2354_/X (sky130_fd_sc_hd__and2_2)
                                                         _0344_ (net)
                      0.050109    0.000000    3.259800 v _2355_/B (sky130_fd_sc_hd__xnor2_2)
     2    0.005732    0.054844    0.132150    3.391950 v _2355_/Y (sky130_fd_sc_hd__xnor2_2)
                                                         _0345_ (net)
                      0.054844    0.000004    3.391954 v _2356_/B (sky130_fd_sc_hd__and2_2)
     3    0.010702    0.054528    0.213655    3.605609 v _2356_/X (sky130_fd_sc_hd__and2_2)
                                                         _0346_ (net)
                      0.054528    0.000000    3.605610 v _2404_/A (sky130_fd_sc_hd__or2_2)
     2    0.009923    0.076990    0.323706    3.929315 v _2404_/X (sky130_fd_sc_hd__or2_2)
                                                         _0394_ (net)
                      0.076990    0.000006    3.929322 v _2405_/B1_N (sky130_fd_sc_hd__o21ba_2)
     2    0.010358    0.074057    0.268716    4.198037 ^ _2405_/X (sky130_fd_sc_hd__o21ba_2)
                                                         _0395_ (net)
                      0.074057    0.000056    4.198093 ^ _2408_/A2 (sky130_fd_sc_hd__o21bai_2)
     2    0.007110    0.061954    0.070760    4.268853 v _2408_/Y (sky130_fd_sc_hd__o21bai_2)
                                                         _0398_ (net)
                      0.061954    0.000040    4.268893 v _2410_/A2 (sky130_fd_sc_hd__a21oi_2)
     2    0.009859    0.155476    0.183382    4.452276 ^ _2410_/Y (sky130_fd_sc_hd__a21oi_2)
                                                         _0400_ (net)
                      0.155476    0.000014    4.452289 ^ _2411_/B1 (sky130_fd_sc_hd__a21oi_2)
     3    0.011976    0.075749    0.071867    4.524156 v _2411_/Y (sky130_fd_sc_hd__a21oi_2)
                                                         _0401_ (net)
                      0.075749    0.000091    4.524248 v _2413_/A2 (sky130_fd_sc_hd__a21oi_2)
     2    0.014083    0.200080    0.221783    4.746030 ^ _2413_/Y (sky130_fd_sc_hd__a21oi_2)
                                                         _0403_ (net)
                      0.200080    0.000031    4.746061 ^ _2414_/A2 (sky130_fd_sc_hd__a21oi_2)
     2    0.008471    0.066643    0.099514    4.845575 v _2414_/Y (sky130_fd_sc_hd__a21oi_2)
                                                         _0404_ (net)
                      0.066643    0.000060    4.845635 v _2441_/S (sky130_fd_sc_hd__mux2_2)
     1    0.005139    0.052200    0.234162    5.079797 ^ _2441_/X (sky130_fd_sc_hd__mux2_2)
                                                         _0431_ (net)
                      0.052200    0.000014    5.079811 ^ _2442_/B1 (sky130_fd_sc_hd__o31ai_2)
     2    0.011883    0.080227    0.084756    5.164567 v _2442_/Y (sky130_fd_sc_hd__o31ai_2)
                                                         _0432_ (net)
                      0.080227    0.000010    5.164577 v place201/A (sky130_fd_sc_hd__buf_1)
     8    0.018322    0.110187    0.170969    5.335546 v place201/X (sky130_fd_sc_hd__buf_1)
                                                         net201 (net)
                      0.110187    0.000282    5.335828 v place200/A (sky130_fd_sc_hd__buf_1)
     8    0.020537    0.122033    0.193503    5.529331 v place200/X (sky130_fd_sc_hd__buf_1)
                                                         net200 (net)
                      0.122034    0.000511    5.529842 v _2453_/A (sky130_fd_sc_hd__or2_2)
     1    0.002366    0.052872    0.311899    5.841742 v _2453_/X (sky130_fd_sc_hd__or2_2)
                                                         _0442_ (net)
                      0.052872    0.000003    5.841744 v _2454_/B2 (sky130_fd_sc_hd__a22o_2)
     1    0.002198    0.037161    0.217158    6.058902 v _2454_/X (sky130_fd_sc_hd__a22o_2)
                                                         _0443_ (net)
                      0.037161    0.000008    6.058909 v _2455_/B (sky130_fd_sc_hd__and2_2)
     1    0.001992    0.034684    0.175037    6.233946 v _2455_/X (sky130_fd_sc_hd__and2_2)
                                                         _0444_ (net)
                      0.034684    0.000004    6.233950 v _2689_/D (sky130_fd_sc_hd__dfxtp_2)
                                              6.233950   data arrival time

                                 20.000000   20.000000   clock clk (rise edge)
                                  0.000000   20.000000   clock source latency
    82    0.230301    1.029756    0.709528   20.709528 ^ clk (in)
                                                         clk (net)
                      1.029798    0.000000   20.709528 ^ _2689_/CLK (sky130_fd_sc_hd__dfxtp_2)
                                 -0.200000   20.509529   clock uncertainty
                                  0.000000   20.509529   clock reconvergence pessimism
                                  0.044667   20.554195   library setup time
                                             20.554195   data required time
---------------------------------------------------------------------------------------------
                                             20.554195   data required time
                                             -6.233950   data arrival time
---------------------------------------------------------------------------------------------
                                             14.320245   slack (MET)


Startpoint: _2672_ (rising edge-triggered flip-flop clocked by clk)
Endpoint: _2694_ (rising edge-triggered flip-flop clocked by clk)
Path Group: clk
Path Type: max

Fanout         Cap        Slew       Delay        Time   Description
---------------------------------------------------------------------------------------------
                                  0.000000    0.000000   clock clk (rise edge)
                                  0.000000    0.000000   clock source latency
    82    0.230301    1.029756    0.709444    0.709444 ^ clk (in)
                                                         clk (net)
                      1.029797    0.000000    0.709444 ^ _2672_/CLK (sky130_fd_sc_hd__dfxtp_2)
     3    0.013641    0.045511    0.509856    1.219299 v _2672_/Q (sky130_fd_sc_hd__dfxtp_2)
                                                         r3_prod_mant[1] (net)
                      0.045511    0.000014    1.219313 v _2334_/A1 (sky130_fd_sc_hd__o21ba_2)
     3    0.014720    0.061705    0.242364    1.461678 v _2334_/X (sky130_fd_sc_hd__o21ba_2)
                                                         _0324_ (net)
                      0.061705    0.000099    1.461776 v _2335_/A4 (sky130_fd_sc_hd__o41a_2)
     2    0.007159    0.074840    0.392221    1.853997 v _2335_/X (sky130_fd_sc_hd__o41a_2)
                                                         _0325_ (net)
                      0.074840    0.000062    1.854059 v _2336_/B (sky130_fd_sc_hd__or2_2)
     5    0.013966    0.084891    0.325910    2.179969 v _2336_/X (sky130_fd_sc_hd__or2_2)
                                                         _0326_ (net)
                      0.084891    0.000104    2.180073 v _2337_/C (sky130_fd_sc_hd__or3_2)
     3    0.006774    0.089696    0.439183    2.619256 v _2337_/X (sky130_fd_sc_hd__or3_2)
                                                         _0327_ (net)
                      0.089696    0.000057    2.619313 v _2338_/C (sky130_fd_sc_hd__or3_2)
     2    0.003863    0.080224    0.423415    3.042728 v _2338_/X (sky130_fd_sc_hd__or3_2)
                                                         _0328_ (net)
                      0.080224    0.000021    3.042749 v _2354_/B (sky130_fd_sc_hd__and2_2)
     1    0.008094    0.050109    0.217051    3.259799 v _2354_/X (sky130_fd_sc_hd__and2_2)
                                                         _0344_ (net)
                      0.050109    0.000000    3.259800 v _2355_/B (sky130_fd_sc_hd__xnor2_2)
     2    0.005732    0.054844    0.132150    3.391950 v _2355_/Y (sky130_fd_sc_hd__xnor2_2)
                                                         _0345_ (net)
                      0.054844    0.000004    3.391954 v _2356_/B (sky130_fd_sc_hd__and2_2)
     3    0.010702    0.054528    0.213655    3.605609 v _2356_/X (sky130_fd_sc_hd__and2_2)
                                                         _0346_ (net)
                      0.054528    0.000000    3.605610 v _2404_/A (sky130_fd_sc_hd__or2_2)
     2    0.009923    0.076990    0.323706    3.929315 v _2404_/X (sky130_fd_sc_hd__or2_2)
                                                         _0394_ (net)
                      0.076990    0.000006    3.929322 v _2405_/B1_N (sky130_fd_sc_hd__o21ba_2)
     2    0.010358    0.074057    0.268716    4.198037 ^ _2405_/X (sky130_fd_sc_hd__o21ba_2)
                                                         _0395_ (net)
                      0.074057    0.000056    4.198093 ^ _2408_/A2 (sky130_fd_sc_hd__o21bai_2)
     2    0.007110    0.061954    0.070760    4.268853 v _2408_/Y (sky130_fd_sc_hd__o21bai_2)
                                                         _0398_ (net)
                      0.061954    0.000040    4.268893 v _2410_/A2 (sky130_fd_sc_hd__a21oi_2)
     2    0.009859    0.155476    0.183382    4.452276 ^ _2410_/Y (sky130_fd_sc_hd__a21oi_2)
                                                         _0400_ (net)
                      0.155476    0.000014    4.452289 ^ _2411_/B1 (sky130_fd_sc_hd__a21oi_2)
     3    0.011976    0.075749    0.071867    4.524156 v _2411_/Y (sky130_fd_sc_hd__a21oi_2)
                                                         _0401_ (net)
                      0.075749    0.000091    4.524248 v _2413_/A2 (sky130_fd_sc_hd__a21oi_2)
     2    0.014083    0.200080    0.221783    4.746030 ^ _2413_/Y (sky130_fd_sc_hd__a21oi_2)
                                                         _0403_ (net)
                      0.200080    0.000031    4.746061 ^ _2414_/A2 (sky130_fd_sc_hd__a21oi_2)
     2    0.008471    0.066643    0.099514    4.845575 v _2414_/Y (sky130_fd_sc_hd__a21oi_2)
                                                         _0404_ (net)
                      0.066643    0.000060    4.845635 v _2441_/S (sky130_fd_sc_hd__mux2_2)
     1    0.005139    0.052200    0.234162    5.079797 ^ _2441_/X (sky130_fd_sc_hd__mux2_2)
                                                         _0431_ (net)
                      0.052200    0.000014    5.079811 ^ _2442_/B1 (sky130_fd_sc_hd__o31ai_2)
     2    0.011883    0.080227    0.084756    5.164567 v _2442_/Y (sky130_fd_sc_hd__o31ai_2)
                                                         _0432_ (net)
                      0.080227    0.000010    5.164577 v place201/A (sky130_fd_sc_hd__buf_1)
     8    0.018322    0.110187    0.170969    5.335546 v place201/X (sky130_fd_sc_hd__buf_1)
                                                         net201 (net)
                      0.110187    0.000282    5.335828 v place200/A (sky130_fd_sc_hd__buf_1)
     8    0.020537    0.122033    0.193503    5.529331 v place200/X (sky130_fd_sc_hd__buf_1)
                                                         net200 (net)
                      0.122033    0.000175    5.529506 v _2487_/A (sky130_fd_sc_hd__or2_2)
     1    0.002209    0.052224    0.310897    5.840404 v _2487_/X (sky130_fd_sc_hd__or2_2)
                                                         _0471_ (net)
                      0.052224    0.000000    5.840405 v _2488_/B2 (sky130_fd_sc_hd__a22o_2)
     1    0.001423    0.035310    0.212747    6.053151 v _2488_/X (sky130_fd_sc_hd__a22o_2)
                                                         _0472_ (net)
                      0.035310    0.000000    6.053151 v _2489_/B (sky130_fd_sc_hd__and2_2)
     1    0.001731    0.033896    0.173025    6.226176 v _2489_/X (sky130_fd_sc_hd__and2_2)
                                                         _0473_ (net)
                      0.033896    0.000000    6.226176 v _2694_/D (sky130_fd_sc_hd__dfxtp_2)
                                              6.226176   data arrival time

                                 20.000000   20.000000   clock clk (rise edge)
                                  0.000000   20.000000   clock source latency
    82    0.230301    1.029756    0.711877   20.711878 ^ clk (in)
                                                         clk (net)
                      1.029842    0.000000   20.711878 ^ _2694_/CLK (sky130_fd_sc_hd__dfxtp_2)
                                 -0.200000   20.511877   clock uncertainty
                                  0.000000   20.511877   clock reconvergence pessimism
                                  0.045005   20.556883   library setup time
                                             20.556883   data required time
---------------------------------------------------------------------------------------------
                                             20.556883   data required time
                                             -6.226176   data arrival time
---------------------------------------------------------------------------------------------
                                             14.330707   slack (MET)


Startpoint: _2672_ (rising edge-triggered flip-flop clocked by clk)
Endpoint: _2692_ (rising edge-triggered flip-flop clocked by clk)
Path Group: clk
Path Type: max

Fanout         Cap        Slew       Delay        Time   Description
---------------------------------------------------------------------------------------------
                                  0.000000    0.000000   clock clk (rise edge)
                                  0.000000    0.000000   clock source latency
    82    0.230301    1.029756    0.709444    0.709444 ^ clk (in)
                                                         clk (net)
                      1.029797    0.000000    0.709444 ^ _2672_/CLK (sky130_fd_sc_hd__dfxtp_2)
     3    0.013641    0.045511    0.509856    1.219299 v _2672_/Q (sky130_fd_sc_hd__dfxtp_2)
                                                         r3_prod_mant[1] (net)
                      0.045511    0.000014    1.219313 v _2334_/A1 (sky130_fd_sc_hd__o21ba_2)
     3    0.014720    0.061705    0.242364    1.461678 v _2334_/X (sky130_fd_sc_hd__o21ba_2)
                                                         _0324_ (net)
                      0.061705    0.000099    1.461776 v _2335_/A4 (sky130_fd_sc_hd__o41a_2)
     2    0.007159    0.074840    0.392221    1.853997 v _2335_/X (sky130_fd_sc_hd__o41a_2)
                                                         _0325_ (net)
                      0.074840    0.000062    1.854059 v _2336_/B (sky130_fd_sc_hd__or2_2)
     5    0.013966    0.084891    0.325910    2.179969 v _2336_/X (sky130_fd_sc_hd__or2_2)
                                                         _0326_ (net)
                      0.084891    0.000104    2.180073 v _2337_/C (sky130_fd_sc_hd__or3_2)
     3    0.006774    0.089696    0.439183    2.619256 v _2337_/X (sky130_fd_sc_hd__or3_2)
                                                         _0327_ (net)
                      0.089696    0.000057    2.619313 v _2338_/C (sky130_fd_sc_hd__or3_2)
     2    0.003863    0.080224    0.423415    3.042728 v _2338_/X (sky130_fd_sc_hd__or3_2)
                                                         _0328_ (net)
                      0.080224    0.000021    3.042749 v _2354_/B (sky130_fd_sc_hd__and2_2)
     1    0.008094    0.050109    0.217051    3.259799 v _2354_/X (sky130_fd_sc_hd__and2_2)
                                                         _0344_ (net)
                      0.050109    0.000000    3.259800 v _2355_/B (sky130_fd_sc_hd__xnor2_2)
     2    0.005732    0.054844    0.132150    3.391950 v _2355_/Y (sky130_fd_sc_hd__xnor2_2)
                                                         _0345_ (net)
                      0.054844    0.000004    3.391954 v _2356_/B (sky130_fd_sc_hd__and2_2)
     3    0.010702    0.054528    0.213655    3.605609 v _2356_/X (sky130_fd_sc_hd__and2_2)
                                                         _0346_ (net)
                      0.054528    0.000000    3.605610 v _2404_/A (sky130_fd_sc_hd__or2_2)
     2    0.009923    0.076990    0.323706    3.929315 v _2404_/X (sky130_fd_sc_hd__or2_2)
                                                         _0394_ (net)
                      0.076990    0.000006    3.929322 v _2405_/B1_N (sky130_fd_sc_hd__o21ba_2)
     2    0.010358    0.074057    0.268716    4.198037 ^ _2405_/X (sky130_fd_sc_hd__o21ba_2)
                                                         _0395_ (net)
                      0.074057    0.000056    4.198093 ^ _2408_/A2 (sky130_fd_sc_hd__o21bai_2)
     2    0.007110    0.061954    0.070760    4.268853 v _2408_/Y (sky130_fd_sc_hd__o21bai_2)
                                                         _0398_ (net)
                      0.061954    0.000040    4.268893 v _2410_/A2 (sky130_fd_sc_hd__a21oi_2)
     2    0.009859    0.155476    0.183382    4.452276 ^ _2410_/Y (sky130_fd_sc_hd__a21oi_2)
                                                         _0400_ (net)
                      0.155476    0.000014    4.452289 ^ _2411_/B1 (sky130_fd_sc_hd__a21oi_2)
     3    0.011976    0.075749    0.071867    4.524156 v _2411_/Y (sky130_fd_sc_hd__a21oi_2)
                                                         _0401_ (net)
                      0.075749    0.000091    4.524248 v _2413_/A2 (sky130_fd_sc_hd__a21oi_2)
     2    0.014083    0.200080    0.221783    4.746030 ^ _2413_/Y (sky130_fd_sc_hd__a21oi_2)
                                                         _0403_ (net)
                      0.200080    0.000031    4.746061 ^ _2414_/A2 (sky130_fd_sc_hd__a21oi_2)
     2    0.008471    0.066643    0.099514    4.845575 v _2414_/Y (sky130_fd_sc_hd__a21oi_2)
                                                         _0404_ (net)
                      0.066643    0.000060    4.845635 v _2441_/S (sky130_fd_sc_hd__mux2_2)
     1    0.004866    0.055985    0.282758    5.128393 v _2441_/X (sky130_fd_sc_hd__mux2_2)
                                                         _0431_ (net)
                      0.055985    0.000013    5.128407 v _2442_/B1 (sky130_fd_sc_hd__o31ai_2)
     2    0.012327    0.315033    0.093681    5.222087 ^ _2442_/Y (sky130_fd_sc_hd__o31ai_2)
                                                         _0432_ (net)
                      0.315033    0.000011    5.222098 ^ place201/A (sky130_fd_sc_hd__buf_1)
     8    0.019547    0.233081    0.260216    5.482314 ^ place201/X (sky130_fd_sc_hd__buf_1)
                                                         net201 (net)
                      0.233081    0.000300    5.482614 ^ place200/A (sky130_fd_sc_hd__buf_1)
     8    0.022153    0.262913    0.271495    5.754108 ^ place200/X (sky130_fd_sc_hd__buf_1)
                                                         net200 (net)
                      0.262914    0.000441    5.754550 ^ _2474_/B1_N (sky130_fd_sc_hd__o21bai_2)
     1    0.002794    0.089870    0.166315    5.920865 ^ _2474_/Y (sky130_fd_sc_hd__o21bai_2)
                                                         _0460_ (net)
                      0.089870    0.000004    5.920869 ^ _2475_/B2 (sky130_fd_sc_hd__a22o_2)
     1    0.001675    0.039895    0.126183    6.047051 ^ _2475_/X (sky130_fd_sc_hd__a22o_2)
                                                         _0461_ (net)
                      0.039895    0.000001    6.047053 ^ _2476_/B (sky130_fd_sc_hd__and2_2)
     1    0.001741    0.036094    0.120599    6.167652 ^ _2476_/X (sky130_fd_sc_hd__and2_2)
                                                         _0462_ (net)
                      0.036094    0.000000    6.167652 ^ _2692_/D (sky130_fd_sc_hd__dfxtp_2)
                                              6.167652   data arrival time

                                 20.000000   20.000000   clock clk (rise edge)
                                  0.000000   20.000000   clock source latency
    82    0.230301    1.029756    0.709621   20.709621 ^ clk (in)
                                                         clk (net)
                      1.029799    0.000000   20.709621 ^ _2692_/CLK (sky130_fd_sc_hd__dfxtp_2)
                                 -0.200000   20.509621   clock uncertainty
                                  0.000000   20.509621   clock reconvergence pessimism
                                  0.026139   20.535761   library setup time
                                             20.535761   data required time
---------------------------------------------------------------------------------------------
                                             20.535761   data required time
                                             -6.167652   data arrival time
---------------------------------------------------------------------------------------------
                                             14.368109   slack (MET)


Startpoint: _2672_ (rising edge-triggered flip-flop clocked by clk)
Endpoint: _2690_ (rising edge-triggered flip-flop clocked by clk)
Path Group: clk
Path Type: max

Fanout         Cap        Slew       Delay        Time   Description
---------------------------------------------------------------------------------------------
                                  0.000000    0.000000   clock clk (rise edge)
                                  0.000000    0.000000   clock source latency
    82    0.230301    1.029756    0.709444    0.709444 ^ clk (in)
                                                         clk (net)
                      1.029797    0.000000    0.709444 ^ _2672_/CLK (sky130_fd_sc_hd__dfxtp_2)
     3    0.013641    0.045511    0.509856    1.219299 v _2672_/Q (sky130_fd_sc_hd__dfxtp_2)
                                                         r3_prod_mant[1] (net)
                      0.045511    0.000014    1.219313 v _2334_/A1 (sky130_fd_sc_hd__o21ba_2)
     3    0.014720    0.061705    0.242364    1.461678 v _2334_/X (sky130_fd_sc_hd__o21ba_2)
                                                         _0324_ (net)
                      0.061705    0.000099    1.461776 v _2335_/A4 (sky130_fd_sc_hd__o41a_2)
     2    0.007159    0.074840    0.392221    1.853997 v _2335_/X (sky130_fd_sc_hd__o41a_2)
                                                         _0325_ (net)
                      0.074840    0.000062    1.854059 v _2336_/B (sky130_fd_sc_hd__or2_2)
     5    0.013966    0.084891    0.325910    2.179969 v _2336_/X (sky130_fd_sc_hd__or2_2)
                                                         _0326_ (net)
                      0.084891    0.000104    2.180073 v _2337_/C (sky130_fd_sc_hd__or3_2)
     3    0.006774    0.089696    0.439183    2.619256 v _2337_/X (sky130_fd_sc_hd__or3_2)
                                                         _0327_ (net)
                      0.089696    0.000057    2.619313 v _2338_/C (sky130_fd_sc_hd__or3_2)
     2    0.003863    0.080224    0.423415    3.042728 v _2338_/X (sky130_fd_sc_hd__or3_2)
                                                         _0328_ (net)
                      0.080224    0.000021    3.042749 v _2354_/B (sky130_fd_sc_hd__and2_2)
     1    0.008094    0.050109    0.217051    3.259799 v _2354_/X (sky130_fd_sc_hd__and2_2)
                                                         _0344_ (net)
                      0.050109    0.000000    3.259800 v _2355_/B (sky130_fd_sc_hd__xnor2_2)
     2    0.005732    0.054844    0.132150    3.391950 v _2355_/Y (sky130_fd_sc_hd__xnor2_2)
                                                         _0345_ (net)
                      0.054844    0.000004    3.391954 v _2356_/B (sky130_fd_sc_hd__and2_2)
     3    0.010702    0.054528    0.213655    3.605609 v _2356_/X (sky130_fd_sc_hd__and2_2)
                                                         _0346_ (net)
                      0.054528    0.000000    3.605610 v _2404_/A (sky130_fd_sc_hd__or2_2)
     2    0.009923    0.076990    0.323706    3.929315 v _2404_/X (sky130_fd_sc_hd__or2_2)
                                                         _0394_ (net)
                      0.076990    0.000006    3.929322 v _2405_/B1_N (sky130_fd_sc_hd__o21ba_2)
     2    0.010358    0.074057    0.268716    4.198037 ^ _2405_/X (sky130_fd_sc_hd__o21ba_2)
                                                         _0395_ (net)
                      0.074057    0.000056    4.198093 ^ _2408_/A2 (sky130_fd_sc_hd__o21bai_2)
     2    0.007110    0.061954    0.070760    4.268853 v _2408_/Y (sky130_fd_sc_hd__o21bai_2)
                                                         _0398_ (net)
                      0.061954    0.000040    4.268893 v _2410_/A2 (sky130_fd_sc_hd__a21oi_2)
     2    0.009859    0.155476    0.183382    4.452276 ^ _2410_/Y (sky130_fd_sc_hd__a21oi_2)
                                                         _0400_ (net)
                      0.155476    0.000014    4.452289 ^ _2411_/B1 (sky130_fd_sc_hd__a21oi_2)
     3    0.011976    0.075749    0.071867    4.524156 v _2411_/Y (sky130_fd_sc_hd__a21oi_2)
                                                         _0401_ (net)
                      0.075749    0.000091    4.524248 v _2413_/A2 (sky130_fd_sc_hd__a21oi_2)
     2    0.014083    0.200080    0.221783    4.746030 ^ _2413_/Y (sky130_fd_sc_hd__a21oi_2)
                                                         _0403_ (net)
                      0.200080    0.000031    4.746061 ^ _2414_/A2 (sky130_fd_sc_hd__a21oi_2)
     2    0.008471    0.066643    0.099514    4.845575 v _2414_/Y (sky130_fd_sc_hd__a21oi_2)
                                                         _0404_ (net)
                      0.066643    0.000060    4.845635 v _2441_/S (sky130_fd_sc_hd__mux2_2)
     1    0.004866    0.055985    0.282758    5.128393 v _2441_/X (sky130_fd_sc_hd__mux2_2)
                                                         _0431_ (net)
                      0.055985    0.000013    5.128407 v _2442_/B1 (sky130_fd_sc_hd__o31ai_2)
     2    0.012327    0.315033    0.093681    5.222087 ^ _2442_/Y (sky130_fd_sc_hd__o31ai_2)
                                                         _0432_ (net)
                      0.315033    0.000011    5.222098 ^ place201/A (sky130_fd_sc_hd__buf_1)
     8    0.019547    0.233081    0.260216    5.482314 ^ place201/X (sky130_fd_sc_hd__buf_1)
                                                         net201 (net)
                      0.233081    0.000300    5.482614 ^ place200/A (sky130_fd_sc_hd__buf_1)
     8    0.022153    0.262913    0.271495    5.754108 ^ place200/X (sky130_fd_sc_hd__buf_1)
                                                         net200 (net)
                      0.262914    0.000564    5.754672 ^ _2461_/B1 (sky130_fd_sc_hd__a21o_2)
     1    0.002719    0.032710    0.130466    5.885139 ^ _2461_/X (sky130_fd_sc_hd__a21o_2)
                                                         _0449_ (net)
                      0.032710    0.000003    5.885141 ^ _2462_/B2 (sky130_fd_sc_hd__a22o_2)
     1    0.001709    0.040043    0.108688    5.993830 ^ _2462_/X (sky130_fd_sc_hd__a22o_2)
                                                         _0450_ (net)
                      0.040043    0.000002    5.993831 ^ _2463_/B (sky130_fd_sc_hd__and2_2)
     1    0.001804    0.036378    0.120966    6.114798 ^ _2463_/X (sky130_fd_sc_hd__and2_2)
                                                         _0451_ (net)
                      0.036378    0.000001    6.114799 ^ _2690_/D (sky130_fd_sc_hd__dfxtp_2)
                                              6.114799   data arrival time

                                 20.000000   20.000000   clock clk (rise edge)
                                  0.000000   20.000000   clock source latency
    82    0.230301    1.029756    0.709566   20.709566 ^ clk (in)
                                                         clk (net)
                      1.029798    0.000000   20.709566 ^ _2690_/CLK (sky130_fd_sc_hd__dfxtp_2)
                                 -0.200000   20.509565   clock uncertainty
                                  0.000000   20.509565   clock reconvergence pessimism
                                  0.026082   20.535648   library setup time
                                             20.535648   data required time
---------------------------------------------------------------------------------------------
                                             20.535648   data required time
                                             -6.114799   data arrival time
---------------------------------------------------------------------------------------------
                                             14.420849   slack (MET)


Startpoint: _2662_ (rising edge-triggered flip-flop clocked by clk)
Endpoint: _2672_ (rising edge-triggered flip-flop clocked by clk)
Path Group: clk
Path Type: max

Fanout         Cap        Slew       Delay        Time   Description
---------------------------------------------------------------------------------------------
                                  0.000000    0.000000   clock clk (rise edge)
                                  0.000000    0.000000   clock source latency
    82    0.230301    1.029756    0.711528    0.711528 ^ clk (in)
                                                         clk (net)
                      1.029834    0.000000    0.711528 ^ _2662_/CLK (sky130_fd_sc_hd__dfxtp_2)
     4    0.015622    0.089665    0.541442    1.252969 ^ _2662_/Q (sky130_fd_sc_hd__dfxtp_2)
                                                         r2_mantissa[7] (net)
                      0.089665    0.000007    1.252977 ^ place247/A (sky130_fd_sc_hd__buf_1)
     8    0.029653    0.353924    0.306670    1.559647 ^ place247/X (sky130_fd_sc_hd__buf_1)
                                                         net247 (net)
                      0.353924    0.000021    1.559668 ^ place246/A (sky130_fd_sc_hd__buf_1)
     8    0.053550    0.618120    0.530987    2.090655 ^ place246/X (sky130_fd_sc_hd__buf_1)
                                                         net246 (net)
                      0.618121    0.000777    2.091432 ^ place245/A (sky130_fd_sc_hd__buf_1)
     5    0.042963    0.497769    0.465158    2.556590 ^ place245/X (sky130_fd_sc_hd__buf_1)
                                                         net245 (net)
                      0.497769    0.000494    2.557084 ^ place244/A (sky130_fd_sc_hd__buf_1)
     7    0.063477    0.730564    0.618106    3.175189 ^ place244/X (sky130_fd_sc_hd__buf_1)
                                                         net244 (net)
                      0.730568    0.001319    3.176509 ^ _1593_/A (sky130_fd_sc_hd__xor2_2)
     2    0.006114    0.125829    0.160007    3.336516 v _1593_/X (sky130_fd_sc_hd__xor2_2)
                                                         _0817_ (net)
                      0.125829    0.000006    3.336522 v _1612_/A (sky130_fd_sc_hd__or2_2)
     1    0.002016    0.051428    0.311098    3.647620 v _1612_/X (sky130_fd_sc_hd__or2_2)
                                                         _0836_ (net)
                      0.051428    0.000006    3.647627 v _1613_/B (sky130_fd_sc_hd__and2_2)
     2    0.010769    0.056149    0.212343    3.859970 v _1613_/X (sky130_fd_sc_hd__and2_2)
                                                         _0837_ (net)
                      0.056149    0.000012    3.859981 v _1615_/A2 (sky130_fd_sc_hd__a21o_2)
     2    0.013094    0.058171    0.242319    4.102300 v _1615_/X (sky130_fd_sc_hd__a21o_2)
                                                         _0839_ (net)
                      0.058171    0.000030    4.102331 v _1617_/A (sky130_fd_sc_hd__xnor2_2)
     2    0.011528    0.201004    0.212744    4.315075 ^ _1617_/Y (sky130_fd_sc_hd__xnor2_2)
                                                         _0841_ (net)
                      0.201004    0.000019    4.315094 ^ _1664_/B (sky130_fd_sc_hd__xor2_2)
     2    0.011308    0.185596    0.210338    4.525432 ^ _1664_/X (sky130_fd_sc_hd__xor2_2)
                                                         _0888_ (net)
                      0.185596    0.000022    4.525454 ^ _1667_/A (sky130_fd_sc_hd__xor2_2)
     3    0.007160    0.069900    0.105564    4.631018 v _1667_/X (sky130_fd_sc_hd__xor2_2)
                                                         _0891_ (net)
                      0.069900    0.000008    4.631026 v _1737_/A (sky130_fd_sc_hd__or4_4)
     1    0.002573    0.078684    0.524083    5.155110 v _1737_/X (sky130_fd_sc_hd__or4_4)
                                                         _0961_ (net)
                      0.078684    0.000004    5.155113 v _1738_/C1 (sky130_fd_sc_hd__o211a_2)
     1    0.009216    0.056363    0.145478    5.300591 v _1738_/X (sky130_fd_sc_hd__o211a_2)
                                                         _0962_ (net)
                      0.056363    0.000026    5.300617 v _1744_/A1 (sky130_fd_sc_hd__o21ai_4)
     3    0.011269    0.136833    0.169375    5.469992 ^ _1744_/Y (sky130_fd_sc_hd__o21ai_4)
                                                         _0968_ (net)
                      0.136833    0.000080    5.470072 ^ _1799_/A3 (sky130_fd_sc_hd__a32o_2)
     2    0.014750    0.104702    0.237212    5.707284 ^ _1799_/X (sky130_fd_sc_hd__a32o_2)
                                                         _1022_ (net)
                      0.104702    0.000074    5.707358 ^ _1846_/A (sky130_fd_sc_hd__xnor2_2)
     1    0.002666    0.042321    0.072097    5.779455 v _1846_/Y (sky130_fd_sc_hd__xnor2_2)
                                                         _1069_ (net)
                      0.042321    0.000011    5.779466 v _1847_/B2 (sky130_fd_sc_hd__o2bb2a_2)
     1    0.004464    0.050035    0.246896    6.026361 v _1847_/X (sky130_fd_sc_hd__o2bb2a_2)
                                                         _1070_ (net)
                      0.050035    0.000009    6.026371 v _1848_/B (sky130_fd_sc_hd__nor2_2)
     1    0.002349    0.072908    0.067498    6.093869 ^ _1848_/Y (sky130_fd_sc_hd__nor2_2)
                                                         _0017_ (net)
                      0.072908    0.000009    6.093878 ^ _2672_/D (sky130_fd_sc_hd__dfxtp_2)
                                              6.093878   data arrival time

                                 20.000000   20.000000   clock clk (rise edge)
                                  0.000000   20.000000   clock source latency
    82    0.230301    1.029756    0.709443   20.709444 ^ clk (in)
                                                         clk (net)
                      1.029797    0.000000   20.709444 ^ _2672_/CLK (sky130_fd_sc_hd__dfxtp_2)
                                 -0.200000   20.509443   clock uncertainty
                                  0.000000   20.509443   clock reconvergence pessimism
                                  0.018676   20.528120   library setup time
                                             20.528120   data required time
---------------------------------------------------------------------------------------------
                                             20.528120   data required time
                                             -6.093878   data arrival time
---------------------------------------------------------------------------------------------
                                             14.434242   slack (MET)


Startpoint: _2672_ (rising edge-triggered flip-flop clocked by clk)
Endpoint: _2688_ (rising edge-triggered flip-flop clocked by clk)
Path Group: clk
Path Type: max

Fanout         Cap        Slew       Delay        Time   Description
---------------------------------------------------------------------------------------------
                                  0.000000    0.000000   clock clk (rise edge)
                                  0.000000    0.000000   clock source latency
    82    0.230301    1.029756    0.709444    0.709444 ^ clk (in)
                                                         clk (net)
                      1.029797    0.000000    0.709444 ^ _2672_/CLK (sky130_fd_sc_hd__dfxtp_2)
     3    0.013641    0.045511    0.509856    1.219299 v _2672_/Q (sky130_fd_sc_hd__dfxtp_2)
                                                         r3_prod_mant[1] (net)
                      0.045511    0.000014    1.219313 v _2334_/A1 (sky130_fd_sc_hd__o21ba_2)
     3    0.014720    0.061705    0.242364    1.461678 v _2334_/X (sky130_fd_sc_hd__o21ba_2)
                                                         _0324_ (net)
                      0.061705    0.000099    1.461776 v _2335_/A4 (sky130_fd_sc_hd__o41a_2)
     2    0.007159    0.074840    0.392221    1.853997 v _2335_/X (sky130_fd_sc_hd__o41a_2)
                                                         _0325_ (net)
                      0.074840    0.000062    1.854059 v _2336_/B (sky130_fd_sc_hd__or2_2)
     5    0.013966    0.084891    0.325910    2.179969 v _2336_/X (sky130_fd_sc_hd__or2_2)
                                                         _0326_ (net)
                      0.084891    0.000104    2.180073 v _2337_/C (sky130_fd_sc_hd__or3_2)
     3    0.006774    0.089696    0.439183    2.619256 v _2337_/X (sky130_fd_sc_hd__or3_2)
                                                         _0327_ (net)
                      0.089696    0.000057    2.619313 v _2338_/C (sky130_fd_sc_hd__or3_2)
     2    0.003863    0.080224    0.423415    3.042728 v _2338_/X (sky130_fd_sc_hd__or3_2)
                                                         _0328_ (net)
                      0.080224    0.000021    3.042749 v _2354_/B (sky130_fd_sc_hd__and2_2)
     1    0.008094    0.050109    0.217051    3.259799 v _2354_/X (sky130_fd_sc_hd__and2_2)
                                                         _0344_ (net)
                      0.050109    0.000000    3.259800 v _2355_/B (sky130_fd_sc_hd__xnor2_2)
     2    0.005732    0.054844    0.132150    3.391950 v _2355_/Y (sky130_fd_sc_hd__xnor2_2)
                                                         _0345_ (net)
                      0.054844    0.000004    3.391954 v _2356_/B (sky130_fd_sc_hd__and2_2)
     3    0.010702    0.054528    0.213655    3.605609 v _2356_/X (sky130_fd_sc_hd__and2_2)
                                                         _0346_ (net)
                      0.054528    0.000000    3.605610 v _2404_/A (sky130_fd_sc_hd__or2_2)
     2    0.009923    0.076990    0.323706    3.929315 v _2404_/X (sky130_fd_sc_hd__or2_2)
                                                         _0394_ (net)
                      0.076990    0.000006    3.929322 v _2405_/B1_N (sky130_fd_sc_hd__o21ba_2)
     2    0.010358    0.074057    0.268716    4.198037 ^ _2405_/X (sky130_fd_sc_hd__o21ba_2)
                                                         _0395_ (net)
                      0.074057    0.000056    4.198093 ^ _2408_/A2 (sky130_fd_sc_hd__o21bai_2)
     2    0.007110    0.061954    0.070760    4.268853 v _2408_/Y (sky130_fd_sc_hd__o21bai_2)
                                                         _0398_ (net)
                      0.061954    0.000040    4.268893 v _2410_/A2 (sky130_fd_sc_hd__a21oi_2)
     2    0.009859    0.155476    0.183382    4.452276 ^ _2410_/Y (sky130_fd_sc_hd__a21oi_2)
                                                         _0400_ (net)
                      0.155476    0.000014    4.452289 ^ _2411_/B1 (sky130_fd_sc_hd__a21oi_2)
     3    0.011976    0.075749    0.071867    4.524156 v _2411_/Y (sky130_fd_sc_hd__a21oi_2)
                                                         _0401_ (net)
                      0.075749    0.000091    4.524248 v _2413_/A2 (sky130_fd_sc_hd__a21oi_2)
     2    0.014083    0.200080    0.221783    4.746030 ^ _2413_/Y (sky130_fd_sc_hd__a21oi_2)
                                                         _0403_ (net)
                      0.200080    0.000031    4.746061 ^ _2414_/A2 (sky130_fd_sc_hd__a21oi_2)
     2    0.008471    0.066643    0.099514    4.845575 v _2414_/Y (sky130_fd_sc_hd__a21oi_2)
                                                         _0404_ (net)
                      0.066643    0.000060    4.845635 v _2441_/S (sky130_fd_sc_hd__mux2_2)
     1    0.004866    0.055985    0.282758    5.128393 v _2441_/X (sky130_fd_sc_hd__mux2_2)
                                                         _0431_ (net)
                      0.055985    0.000013    5.128407 v _2442_/B1 (sky130_fd_sc_hd__o31ai_2)
     2    0.012327    0.315033    0.093681    5.222087 ^ _2442_/Y (sky130_fd_sc_hd__o31ai_2)
                                                         _0432_ (net)
                      0.315033    0.000011    5.222098 ^ place201/A (sky130_fd_sc_hd__buf_1)
     8    0.019547    0.233081    0.260216    5.482314 ^ place201/X (sky130_fd_sc_hd__buf_1)
                                                         net201 (net)
                      0.233081    0.000300    5.482614 ^ place200/A (sky130_fd_sc_hd__buf_1)
     8    0.022153    0.262913    0.271495    5.754108 ^ place200/X (sky130_fd_sc_hd__buf_1)
                                                         net200 (net)
                      0.262914    0.000517    5.754625 ^ _2444_/A3 (sky130_fd_sc_hd__o311a_2)
     1    0.004843    0.051989    0.200254    5.954879 ^ _2444_/X (sky130_fd_sc_hd__o311a_2)
                                                         _0434_ (net)
                      0.051989    0.000004    5.954883 ^ _2445_/B1 (sky130_fd_sc_hd__a21oi_2)
     1    0.004423    0.067134    0.034252    5.989135 v _2445_/Y (sky130_fd_sc_hd__a21oi_2)
                                                         _0435_ (net)
                      0.067134    0.000005    5.989141 v _2446_/B (sky130_fd_sc_hd__nor2_2)
     1    0.001898    0.054277    0.070711    6.059852 ^ _2446_/Y (sky130_fd_sc_hd__nor2_2)
                                                         _0033_ (net)
                      0.054277    0.000002    6.059854 ^ _2688_/D (sky130_fd_sc_hd__dfxtp_2)
                                              6.059854   data arrival time

                                 20.000000   20.000000   clock clk (rise edge)
                                  0.000000   20.000000   clock source latency
    82    0.230301    1.029756    0.710077   20.710077 ^ clk (in)
                                                         clk (net)
                      1.029807    0.000000   20.710077 ^ _2688_/CLK (sky130_fd_sc_hd__dfxtp_2)
                                 -0.200000   20.510078   clock uncertainty
                                  0.000000   20.510078   clock reconvergence pessimism
                                  0.022453   20.532532   library setup time
                                             20.532532   data required time
---------------------------------------------------------------------------------------------
                                             20.532532   data required time
                                             -6.059854   data arrival time
---------------------------------------------------------------------------------------------
                                             14.472677   slack (MET)


Startpoint: _2662_ (rising edge-triggered flip-flop clocked by clk)
Endpoint: _2671_ (rising edge-triggered flip-flop clocked by clk)
Path Group: clk
Path Type: max

Fanout         Cap        Slew       Delay        Time   Description
---------------------------------------------------------------------------------------------
                                  0.000000    0.000000   clock clk (rise edge)
                                  0.000000    0.000000   clock source latency
    82    0.230301    1.029756    0.711528    0.711528 ^ clk (in)
                                                         clk (net)
                      1.029834    0.000000    0.711528 ^ _2662_/CLK (sky130_fd_sc_hd__dfxtp_2)
     4    0.015622    0.089665    0.541442    1.252969 ^ _2662_/Q (sky130_fd_sc_hd__dfxtp_2)
                                                         r2_mantissa[7] (net)
                      0.089665    0.000007    1.252977 ^ place247/A (sky130_fd_sc_hd__buf_1)
     8    0.029653    0.353924    0.306670    1.559647 ^ place247/X (sky130_fd_sc_hd__buf_1)
                                                         net247 (net)
                      0.353924    0.000021    1.559668 ^ place246/A (sky130_fd_sc_hd__buf_1)
     8    0.053550    0.618120    0.530987    2.090655 ^ place246/X (sky130_fd_sc_hd__buf_1)
                                                         net246 (net)
                      0.618121    0.000777    2.091432 ^ place245/A (sky130_fd_sc_hd__buf_1)
     5    0.042963    0.497769    0.465158    2.556590 ^ place245/X (sky130_fd_sc_hd__buf_1)
                                                         net245 (net)
                      0.497769    0.000494    2.557084 ^ place244/A (sky130_fd_sc_hd__buf_1)
     7    0.063477    0.730564    0.618106    3.175189 ^ place244/X (sky130_fd_sc_hd__buf_1)
                                                         net244 (net)
                      0.730568    0.001319    3.176509 ^ _1593_/A (sky130_fd_sc_hd__xor2_2)
     2    0.006114    0.125829    0.160007    3.336516 v _1593_/X (sky130_fd_sc_hd__xor2_2)
                                                         _0817_ (net)
                      0.125829    0.000006    3.336522 v _1612_/A (sky130_fd_sc_hd__or2_2)
     1    0.002016    0.051428    0.311098    3.647620 v _1612_/X (sky130_fd_sc_hd__or2_2)
                                                         _0836_ (net)
                      0.051428    0.000006    3.647627 v _1613_/B (sky130_fd_sc_hd__and2_2)
     2    0.010769    0.056149    0.212343    3.859970 v _1613_/X (sky130_fd_sc_hd__and2_2)
                                                         _0837_ (net)
                      0.056149    0.000012    3.859981 v _1615_/A2 (sky130_fd_sc_hd__a21o_2)
     2    0.013094    0.058171    0.242319    4.102300 v _1615_/X (sky130_fd_sc_hd__a21o_2)
                                                         _0839_ (net)
                      0.058171    0.000030    4.102331 v _1617_/A (sky130_fd_sc_hd__xnor2_2)
     2    0.011528    0.201004    0.212744    4.315075 ^ _1617_/Y (sky130_fd_sc_hd__xnor2_2)
                                                         _0841_ (net)
                      0.201004    0.000019    4.315094 ^ _1664_/B (sky130_fd_sc_hd__xor2_2)
     2    0.011308    0.185596    0.210338    4.525432 ^ _1664_/X (sky130_fd_sc_hd__xor2_2)
                                                         _0888_ (net)
                      0.185596    0.000022    4.525454 ^ _1667_/A (sky130_fd_sc_hd__xor2_2)
     3    0.007160    0.069900    0.105564    4.631018 v _1667_/X (sky130_fd_sc_hd__xor2_2)
                                                         _0891_ (net)
                      0.069900    0.000008    4.631026 v _1737_/A (sky130_fd_sc_hd__or4_4)
     1    0.002573    0.078684    0.524083    5.155110 v _1737_/X (sky130_fd_sc_hd__or4_4)
                                                         _0961_ (net)
                      0.078684    0.000004    5.155113 v _1738_/C1 (sky130_fd_sc_hd__o211a_2)
     1    0.009216    0.056363    0.145478    5.300591 v _1738_/X (sky130_fd_sc_hd__o211a_2)
                                                         _0962_ (net)
                      0.056363    0.000026    5.300617 v _1744_/A1 (sky130_fd_sc_hd__o21ai_4)
     3    0.011269    0.136833    0.169375    5.469992 ^ _1744_/Y (sky130_fd_sc_hd__o21ai_4)
                                                         _0968_ (net)
                      0.136833    0.000076    5.470068 ^ _1791_/A2 (sky130_fd_sc_hd__a21oi_2)
     1    0.002676    0.047502    0.068130    5.538198 v _1791_/Y (sky130_fd_sc_hd__a21oi_2)
                                                         _1015_ (net)
                      0.047502    0.000004    5.538202 v _1795_/B1 (sky130_fd_sc_hd__o22a_2)
     1    0.004431    0.042631    0.200920    5.739123 v _1795_/X (sky130_fd_sc_hd__o22a_2)
                                                         _1019_ (net)
                      0.042631    0.000007    5.739130 v _1796_/B (sky130_fd_sc_hd__nor2_2)
     1    0.002004    0.069619    0.062083    5.801213 ^ _1796_/Y (sky130_fd_sc_hd__nor2_2)
                                                         _0016_ (net)
                      0.069619    0.000004    5.801217 ^ _2671_/D (sky130_fd_sc_hd__dfxtp_2)
                                              5.801217   data arrival time

                                 20.000000   20.000000   clock clk (rise edge)
                                  0.000000   20.000000   clock source latency
    82    0.230301    1.029756    0.709541   20.709541 ^ clk (in)
                                                         clk (net)
                      1.029798    0.000000   20.709541 ^ _2671_/CLK (sky130_fd_sc_hd__dfxtp_2)
                                 -0.200000   20.509541   clock uncertainty
                                  0.000000   20.509541   clock reconvergence pessimism
                                  0.019343   20.528885   library setup time
                                             20.528885   data required time
---------------------------------------------------------------------------------------------
                                             20.528885   data required time
                                             -5.801217   data arrival time
---------------------------------------------------------------------------------------------
                                             14.727668   slack (MET)


Startpoint: _2672_ (rising edge-triggered flip-flop clocked by clk)
Endpoint: _2703_ (rising edge-triggered flip-flop clocked by clk)
Path Group: clk
Path Type: max

Fanout         Cap        Slew       Delay        Time   Description
---------------------------------------------------------------------------------------------
                                  0.000000    0.000000   clock clk (rise edge)
                                  0.000000    0.000000   clock source latency
    82    0.230301    1.029756    0.709444    0.709444 ^ clk (in)
                                                         clk (net)
                      1.029797    0.000000    0.709444 ^ _2672_/CLK (sky130_fd_sc_hd__dfxtp_2)
     3    0.013641    0.045511    0.509856    1.219299 v _2672_/Q (sky130_fd_sc_hd__dfxtp_2)
                                                         r3_prod_mant[1] (net)
                      0.045511    0.000014    1.219313 v _2334_/A1 (sky130_fd_sc_hd__o21ba_2)
     3    0.014720    0.061705    0.242364    1.461678 v _2334_/X (sky130_fd_sc_hd__o21ba_2)
                                                         _0324_ (net)
                      0.061705    0.000099    1.461776 v _2335_/A4 (sky130_fd_sc_hd__o41a_2)
     2    0.007159    0.074840    0.392221    1.853997 v _2335_/X (sky130_fd_sc_hd__o41a_2)
                                                         _0325_ (net)
                      0.074840    0.000062    1.854059 v _2336_/B (sky130_fd_sc_hd__or2_2)
     5    0.013966    0.084891    0.325910    2.179969 v _2336_/X (sky130_fd_sc_hd__or2_2)
                                                         _0326_ (net)
                      0.084891    0.000104    2.180073 v _2337_/C (sky130_fd_sc_hd__or3_2)
     3    0.006774    0.089696    0.439183    2.619256 v _2337_/X (sky130_fd_sc_hd__or3_2)
                                                         _0327_ (net)
                      0.089696    0.000057    2.619313 v _2338_/C (sky130_fd_sc_hd__or3_2)
     2    0.003863    0.080224    0.423415    3.042728 v _2338_/X (sky130_fd_sc_hd__or3_2)
                                                         _0328_ (net)
                      0.080224    0.000021    3.042749 v _2354_/B (sky130_fd_sc_hd__and2_2)
     1    0.008094    0.050109    0.217051    3.259799 v _2354_/X (sky130_fd_sc_hd__and2_2)
                                                         _0344_ (net)
                      0.050109    0.000000    3.259800 v _2355_/B (sky130_fd_sc_hd__xnor2_2)
     2    0.005732    0.054844    0.132150    3.391950 v _2355_/Y (sky130_fd_sc_hd__xnor2_2)
                                                         _0345_ (net)
                      0.054844    0.000004    3.391954 v _2356_/B (sky130_fd_sc_hd__and2_2)
     3    0.010702    0.054528    0.213655    3.605609 v _2356_/X (sky130_fd_sc_hd__and2_2)
                                                         _0346_ (net)
                      0.054528    0.000000    3.605610 v _2404_/A (sky130_fd_sc_hd__or2_2)
     2    0.009923    0.076990    0.323706    3.929315 v _2404_/X (sky130_fd_sc_hd__or2_2)
                                                         _0394_ (net)
                      0.076990    0.000006    3.929322 v _2405_/B1_N (sky130_fd_sc_hd__o21ba_2)
     2    0.010358    0.074057    0.268716    4.198037 ^ _2405_/X (sky130_fd_sc_hd__o21ba_2)
                                                         _0395_ (net)
                      0.074057    0.000056    4.198093 ^ _2408_/A2 (sky130_fd_sc_hd__o21bai_2)
     2    0.007110    0.061954    0.070760    4.268853 v _2408_/Y (sky130_fd_sc_hd__o21bai_2)
                                                         _0398_ (net)
                      0.061954    0.000040    4.268893 v _2410_/A2 (sky130_fd_sc_hd__a21oi_2)
     2    0.009859    0.155476    0.183382    4.452276 ^ _2410_/Y (sky130_fd_sc_hd__a21oi_2)
                                                         _0400_ (net)
                      0.155476    0.000014    4.452289 ^ _2411_/B1 (sky130_fd_sc_hd__a21oi_2)
     3    0.011976    0.075749    0.071867    4.524156 v _2411_/Y (sky130_fd_sc_hd__a21oi_2)
                                                         _0401_ (net)
                      0.075749    0.000091    4.524248 v _2413_/A2 (sky130_fd_sc_hd__a21oi_2)
     2    0.014083    0.200080    0.221783    4.746030 ^ _2413_/Y (sky130_fd_sc_hd__a21oi_2)
                                                         _0403_ (net)
                      0.200080    0.000031    4.746061 ^ _2414_/A2 (sky130_fd_sc_hd__a21oi_2)
     2    0.008471    0.066643    0.099514    4.845575 v _2414_/Y (sky130_fd_sc_hd__a21oi_2)
                                                         _0404_ (net)
                      0.066643    0.000062    4.845637 v _2417_/A (sky130_fd_sc_hd__nor2b_2)
     2    0.009817    0.133077    0.156224    5.001861 ^ _2417_/Y (sky130_fd_sc_hd__nor2b_2)
                                                         _0407_ (net)
                      0.133077    0.000020    5.001881 ^ _2449_/B (sky130_fd_sc_hd__nor2_2)
     2    0.012117    0.049293    0.070536    5.072416 v _2449_/Y (sky130_fd_sc_hd__nor2_2)
                                                         _0438_ (net)
                      0.049294    0.000353    5.072770 v _2527_/A3 (sky130_fd_sc_hd__a32o_2)
     1    0.002005    0.037614    0.252532    5.325302 v _2527_/X (sky130_fd_sc_hd__a32o_2)
                                                         _0502_ (net)
                      0.037614    0.000004    5.325306 v _2528_/B (sky130_fd_sc_hd__and2_2)
     1    0.001848    0.034247    0.174575    5.499881 v _2528_/X (sky130_fd_sc_hd__and2_2)
                                                         _0503_ (net)
                      0.034247    0.000001    5.499883 v _2703_/D (sky130_fd_sc_hd__dfxtp_2)
                                              5.499883   data arrival time

                                 20.000000   20.000000   clock clk (rise edge)
                                  0.000000   20.000000   clock source latency
    82    0.230301    1.029756    0.711969   20.711969 ^ clk (in)
                                                         clk (net)
                      1.029844    0.000000   20.711969 ^ _2703_/CLK (sky130_fd_sc_hd__dfxtp_2)
                                 -0.200000   20.511971   clock uncertainty
                                  0.000000   20.511971   clock reconvergence pessimism
                                  0.044857   20.556826   library setup time
                                             20.556826   data required time
---------------------------------------------------------------------------------------------
                                             20.556826   data required time
                                             -5.499883   data arrival time
---------------------------------------------------------------------------------------------
                                             15.056945   slack (MET)


Startpoint: _2691_ (rising edge-triggered flip-flop clocked by clk)
Endpoint: acc_out[14] (output port clocked by clk)
Path Group: clk
Path Type: max

Fanout         Cap        Slew       Delay        Time   Description
---------------------------------------------------------------------------------------------
                                  0.000000    0.000000   clock clk (rise edge)
                                  0.000000    0.000000   clock source latency
    82    0.230301    1.029756    0.709609    0.709609 ^ clk (in)
                                                         clk (net)
                      1.029799    0.000000    0.709609 ^ _2691_/CLK (sky130_fd_sc_hd__dfxtp_2)
     5    0.022250    0.063189    0.526066    1.235675 v _2691_/Q (sky130_fd_sc_hd__dfxtp_2)
                                                         r4_acc[3] (net)
                      0.063189    0.000099    1.235774 v _1313_/A (sky130_fd_sc_hd__or4_2)
     3    0.013023    0.140574    0.727135    1.962909 v _1313_/X (sky130_fd_sc_hd__or4_2)
                                                         _0560_ (net)
                      0.140574    0.000175    1.963084 v _1318_/A3 (sky130_fd_sc_hd__o31a_2)
     2    0.011973    0.074475    0.349295    2.312379 v _1318_/X (sky130_fd_sc_hd__o31a_2)
                                                         _0563_ (net)
                      0.074475    0.000132    2.312510 v _1320_/B1 (sky130_fd_sc_hd__a21o_2)
     2    0.011815    0.055768    0.221940    2.534451 v _1320_/X (sky130_fd_sc_hd__a21o_2)
                                                         _0564_ (net)
                      0.055768    0.000117    2.534568 v _1322_/A2 (sky130_fd_sc_hd__o21a_2)
     2    0.011059    0.054246    0.218940    2.753507 v _1322_/X (sky130_fd_sc_hd__o21a_2)
                                                         _0565_ (net)
                      0.054246    0.000059    2.753566 v _1324_/A2 (sky130_fd_sc_hd__o21a_2)
     2    0.011067    0.054269    0.218342    2.971908 v _1324_/X (sky130_fd_sc_hd__o21a_2)
                                                         _0566_ (net)
                      0.054269    0.000062    2.971969 v _1326_/A2 (sky130_fd_sc_hd__o21a_2)
     3    0.015813    0.063180    0.230230    3.202199 v _1326_/X (sky130_fd_sc_hd__o21a_2)
                                                         _0567_ (net)
                      0.063180    0.000110    3.202309 v _1330_/A3 (sky130_fd_sc_hd__o31a_2)
     3    0.016051    0.082124    0.332523    3.534832 v _1330_/X (sky130_fd_sc_hd__o31a_2)
                                                         _0569_ (net)
                      0.082124    0.000132    3.534965 v _1334_/A3 (sky130_fd_sc_hd__o31a_2)
     1    0.008435    0.064546    0.313704    3.848669 v _1334_/X (sky130_fd_sc_hd__o31a_2)
                                                         _0571_ (net)
                      0.064546    0.000029    3.848698 v _1335_/B (sky130_fd_sc_hd__xor2_2)
     1    0.034301    0.438312    0.367678    4.216376 ^ _1335_/X (sky130_fd_sc_hd__xor2_2)
                                                         acc_out[14] (net)
                      0.438312    0.000146    4.216521 ^ acc_out[14] (out)
                                              4.216521   data arrival time

                                 20.000000   20.000000   clock clk (rise edge)
                                  0.000000   20.000000   clock network delay (propagated)
                                 -0.200000   19.800001   clock uncertainty
                                  0.000000   19.800001   clock reconvergence pessimism
                                 -0.020000   19.780001   output external delay
                                             19.780001   data required time
---------------------------------------------------------------------------------------------
                                             19.780001   data required time
                                             -4.216521   data arrival time
---------------------------------------------------------------------------------------------
                                             15.563479   slack (MET)


Startpoint: _2691_ (rising edge-triggered flip-flop clocked by clk)
Endpoint: acc_out[13] (output port clocked by clk)
Path Group: clk
Path Type: max

Fanout         Cap        Slew       Delay        Time   Description
---------------------------------------------------------------------------------------------
                                  0.000000    0.000000   clock clk (rise edge)
                                  0.000000    0.000000   clock source latency
    82    0.230301    1.029756    0.709609    0.709609 ^ clk (in)
                                                         clk (net)
                      1.029799    0.000000    0.709609 ^ _2691_/CLK (sky130_fd_sc_hd__dfxtp_2)
     5    0.022250    0.063189    0.526066    1.235675 v _2691_/Q (sky130_fd_sc_hd__dfxtp_2)
                                                         r4_acc[3] (net)
                      0.063189    0.000099    1.235774 v _1313_/A (sky130_fd_sc_hd__or4_2)
     3    0.013023    0.140574    0.727135    1.962909 v _1313_/X (sky130_fd_sc_hd__or4_2)
                                                         _0560_ (net)
                      0.140574    0.000175    1.963084 v _1318_/A3 (sky130_fd_sc_hd__o31a_2)
     2    0.011973    0.074475    0.349295    2.312379 v _1318_/X (sky130_fd_sc_hd__o31a_2)
                                                         _0563_ (net)
                      0.074475    0.000132    2.312510 v _1320_/B1 (sky130_fd_sc_hd__a21o_2)
     2    0.011815    0.055768    0.221940    2.534451 v _1320_/X (sky130_fd_sc_hd__a21o_2)
                                                         _0564_ (net)
                      0.055768    0.000117    2.534568 v _1322_/A2 (sky130_fd_sc_hd__o21a_2)
     2    0.011059    0.054246    0.218940    2.753507 v _1322_/X (sky130_fd_sc_hd__o21a_2)
                                                         _0565_ (net)
                      0.054246    0.000059    2.753566 v _1324_/A2 (sky130_fd_sc_hd__o21a_2)
     2    0.011067    0.054269    0.218342    2.971908 v _1324_/X (sky130_fd_sc_hd__o21a_2)
                                                         _0566_ (net)
                      0.054269    0.000062    2.971969 v _1326_/A2 (sky130_fd_sc_hd__o21a_2)
     3    0.015813    0.063180    0.230230    3.202199 v _1326_/X (sky130_fd_sc_hd__o21a_2)
                                                         _0567_ (net)
                      0.063180    0.000110    3.202309 v _1330_/A3 (sky130_fd_sc_hd__o31a_2)
     3    0.016051    0.082124    0.332523    3.534832 v _1330_/X (sky130_fd_sc_hd__o31a_2)
                                                         _0569_ (net)
                      0.082124    0.000133    3.534965 v _1332_/A2 (sky130_fd_sc_hd__o21ai_2)
     1    0.008540    0.143656    0.157081    3.692047 ^ _1332_/Y (sky130_fd_sc_hd__o21ai_2)
                                                         _0570_ (net)
                      0.143656    0.000005    3.692052 ^ _1333_/B (sky130_fd_sc_hd__xnor2_2)
     1    0.034032    0.460561    0.227709    3.919761 ^ _1333_/Y (sky130_fd_sc_hd__xnor2_2)
                                                         acc_out[13] (net)
                      0.460561    0.000083    3.919844 ^ acc_out[13] (out)
                                              3.919844   data arrival time

                                 20.000000   20.000000   clock clk (rise edge)
                                  0.000000   20.000000   clock network delay (propagated)
                                 -0.200000   19.800001   clock uncertainty
                                  0.000000   19.800001   clock reconvergence pessimism
                                 -0.020000   19.780001   output external delay
                                             19.780001   data required time
---------------------------------------------------------------------------------------------
                                             19.780001   data required time
                                             -3.919844   data arrival time
---------------------------------------------------------------------------------------------
                                             15.860156   slack (MET)


Startpoint: _2691_ (rising edge-triggered flip-flop clocked by clk)
Endpoint: acc_out[12] (output port clocked by clk)
Path Group: clk
Path Type: max

Fanout         Cap        Slew       Delay        Time   Description
---------------------------------------------------------------------------------------------
                                  0.000000    0.000000   clock clk (rise edge)
                                  0.000000    0.000000   clock source latency
    82    0.230301    1.029756    0.709609    0.709609 ^ clk (in)
                                                         clk (net)
                      1.029799    0.000000    0.709609 ^ _2691_/CLK (sky130_fd_sc_hd__dfxtp_2)
     5    0.022250    0.063189    0.526066    1.235675 v _2691_/Q (sky130_fd_sc_hd__dfxtp_2)
                                                         r4_acc[3] (net)
                      0.063189    0.000099    1.235774 v _1313_/A (sky130_fd_sc_hd__or4_2)
     3    0.013023    0.140574    0.727135    1.962909 v _1313_/X (sky130_fd_sc_hd__or4_2)
                                                         _0560_ (net)
                      0.140574    0.000175    1.963084 v _1318_/A3 (sky130_fd_sc_hd__o31a_2)
     2    0.011973    0.074475    0.349295    2.312379 v _1318_/X (sky130_fd_sc_hd__o31a_2)
                                                         _0563_ (net)
                      0.074475    0.000132    2.312510 v _1320_/B1 (sky130_fd_sc_hd__a21o_2)
     2    0.011815    0.055768    0.221940    2.534451 v _1320_/X (sky130_fd_sc_hd__a21o_2)
                                                         _0564_ (net)
                      0.055768    0.000117    2.534568 v _1322_/A2 (sky130_fd_sc_hd__o21a_2)
     2    0.011059    0.054246    0.218940    2.753507 v _1322_/X (sky130_fd_sc_hd__o21a_2)
                                                         _0565_ (net)
                      0.054246    0.000059    2.753566 v _1324_/A2 (sky130_fd_sc_hd__o21a_2)
     2    0.011067    0.054269    0.218342    2.971908 v _1324_/X (sky130_fd_sc_hd__o21a_2)
                                                         _0566_ (net)
                      0.054269    0.000062    2.971969 v _1326_/A2 (sky130_fd_sc_hd__o21a_2)
     3    0.015813    0.063180    0.230230    3.202199 v _1326_/X (sky130_fd_sc_hd__o21a_2)
                                                         _0567_ (net)
                      0.063180    0.000110    3.202309 v _1330_/A3 (sky130_fd_sc_hd__o31a_2)
     3    0.016051    0.082124    0.332523    3.534832 v _1330_/X (sky130_fd_sc_hd__o31a_2)
                                                         _0569_ (net)
                      0.082124    0.000099    3.534931 v _1331_/B (sky130_fd_sc_hd__xor2_2)
     1    0.034117    0.435618    0.372993    3.907924 ^ _1331_/X (sky130_fd_sc_hd__xor2_2)
                                                         acc_out[12] (net)
                      0.435618    0.000103    3.908027 ^ acc_out[12] (out)
                                              3.908027   data arrival time

                                 20.000000   20.000000   clock clk (rise edge)
                                  0.000000   20.000000   clock network delay (propagated)
                                 -0.200000   19.800001   clock uncertainty
                                  0.000000   19.800001   clock reconvergence pessimism
                                 -0.020000   19.780001   output external delay
                                             19.780001   data required time
---------------------------------------------------------------------------------------------
                                             19.780001   data required time
                                             -3.908027   data arrival time
---------------------------------------------------------------------------------------------
                                             15.871973   slack (MET)


Startpoint: _2691_ (rising edge-triggered flip-flop clocked by clk)
Endpoint: acc_out[11] (output port clocked by clk)
Path Group: clk
Path Type: max

Fanout         Cap        Slew       Delay        Time   Description
---------------------------------------------------------------------------------------------
                                  0.000000    0.000000   clock clk (rise edge)
                                  0.000000    0.000000   clock source latency
    82    0.230301    1.029756    0.709609    0.709609 ^ clk (in)
                                                         clk (net)
                      1.029799    0.000000    0.709609 ^ _2691_/CLK (sky130_fd_sc_hd__dfxtp_2)
     5    0.022250    0.063189    0.526066    1.235675 v _2691_/Q (sky130_fd_sc_hd__dfxtp_2)
                                                         r4_acc[3] (net)
                      0.063189    0.000099    1.235774 v _1313_/A (sky130_fd_sc_hd__or4_2)
     3    0.013023    0.140574    0.727135    1.962909 v _1313_/X (sky130_fd_sc_hd__or4_2)
                                                         _0560_ (net)
                      0.140574    0.000175    1.963084 v _1318_/A3 (sky130_fd_sc_hd__o31a_2)
     2    0.011973    0.074475    0.349295    2.312379 v _1318_/X (sky130_fd_sc_hd__o31a_2)
                                                         _0563_ (net)
                      0.074475    0.000132    2.312510 v _1320_/B1 (sky130_fd_sc_hd__a21o_2)
     2    0.011815    0.055768    0.221940    2.534451 v _1320_/X (sky130_fd_sc_hd__a21o_2)
                                                         _0564_ (net)
                      0.055768    0.000117    2.534568 v _1322_/A2 (sky130_fd_sc_hd__o21a_2)
     2    0.011059    0.054246    0.218940    2.753507 v _1322_/X (sky130_fd_sc_hd__o21a_2)
                                                         _0565_ (net)
                      0.054246    0.000059    2.753566 v _1324_/A2 (sky130_fd_sc_hd__o21a_2)
     2    0.011067    0.054269    0.218342    2.971908 v _1324_/X (sky130_fd_sc_hd__o21a_2)
                                                         _0566_ (net)
                      0.054269    0.000062    2.971969 v _1326_/A2 (sky130_fd_sc_hd__o21a_2)
     3    0.015813    0.063180    0.230230    3.202199 v _1326_/X (sky130_fd_sc_hd__o21a_2)
                                                         _0567_ (net)
                      0.063180    0.000108    3.202307 v _1328_/A2 (sky130_fd_sc_hd__o21ai_2)
     1    0.008555    0.143861    0.149748    3.352056 ^ _1328_/Y (sky130_fd_sc_hd__o21ai_2)
                                                         _0568_ (net)
                      0.143861    0.000007    3.352062 ^ _1329_/B (sky130_fd_sc_hd__xnor2_2)
     1    0.034084    0.461287    0.227910    3.579973 ^ _1329_/Y (sky130_fd_sc_hd__xnor2_2)
                                                         acc_out[11] (net)
                      0.461287    0.000095    3.580068 ^ acc_out[11] (out)
                                              3.580068   data arrival time

                                 20.000000   20.000000   clock clk (rise edge)
                                  0.000000   20.000000   clock network delay (propagated)
                                 -0.200000   19.800001   clock uncertainty
                                  0.000000   19.800001   clock reconvergence pessimism
                                 -0.020000   19.780001   output external delay
                                             19.780001   data required time
---------------------------------------------------------------------------------------------
                                             19.780001   data required time
                                             -3.580068   data arrival time
---------------------------------------------------------------------------------------------
                                             16.199932   slack (MET)


Startpoint: _2691_ (rising edge-triggered flip-flop clocked by clk)
Endpoint: acc_out[10] (output port clocked by clk)
Path Group: clk
Path Type: max

Fanout         Cap        Slew       Delay        Time   Description
---------------------------------------------------------------------------------------------
                                  0.000000    0.000000   clock clk (rise edge)
                                  0.000000    0.000000   clock source latency
    82    0.230301    1.029756    0.709609    0.709609 ^ clk (in)
                                                         clk (net)
                      1.029799    0.000000    0.709609 ^ _2691_/CLK (sky130_fd_sc_hd__dfxtp_2)
     5    0.022250    0.063189    0.526066    1.235675 v _2691_/Q (sky130_fd_sc_hd__dfxtp_2)
                                                         r4_acc[3] (net)
                      0.063189    0.000099    1.235774 v _1313_/A (sky130_fd_sc_hd__or4_2)
     3    0.013023    0.140574    0.727135    1.962909 v _1313_/X (sky130_fd_sc_hd__or4_2)
                                                         _0560_ (net)
                      0.140574    0.000175    1.963084 v _1318_/A3 (sky130_fd_sc_hd__o31a_2)
     2    0.011973    0.074475    0.349295    2.312379 v _1318_/X (sky130_fd_sc_hd__o31a_2)
                                                         _0563_ (net)
                      0.074475    0.000132    2.312510 v _1320_/B1 (sky130_fd_sc_hd__a21o_2)
     2    0.011815    0.055768    0.221940    2.534451 v _1320_/X (sky130_fd_sc_hd__a21o_2)
                                                         _0564_ (net)
                      0.055768    0.000117    2.534568 v _1322_/A2 (sky130_fd_sc_hd__o21a_2)
     2    0.011059    0.054246    0.218940    2.753507 v _1322_/X (sky130_fd_sc_hd__o21a_2)
                                                         _0565_ (net)
                      0.054246    0.000059    2.753566 v _1324_/A2 (sky130_fd_sc_hd__o21a_2)
     2    0.011067    0.054269    0.218342    2.971908 v _1324_/X (sky130_fd_sc_hd__o21a_2)
                                                         _0566_ (net)
                      0.054269    0.000062    2.971969 v _1326_/A2 (sky130_fd_sc_hd__o21a_2)
     3    0.015813    0.063180    0.230230    3.202199 v _1326_/X (sky130_fd_sc_hd__o21a_2)
                                                         _0567_ (net)
                      0.063180    0.000081    3.202281 v _1327_/B (sky130_fd_sc_hd__xor2_2)
     1    0.034053    0.435022    0.365189    3.567470 ^ _1327_/X (sky130_fd_sc_hd__xor2_2)
                                                         acc_out[10] (net)
                      0.435022    0.000088    3.567558 ^ acc_out[10] (out)
                                              3.567558   data arrival time

                                 20.000000   20.000000   clock clk (rise edge)
                                  0.000000   20.000000   clock network delay (propagated)
                                 -0.200000   19.800001   clock uncertainty
                                  0.000000   19.800001   clock reconvergence pessimism
                                 -0.020000   19.780001   output external delay
                                             19.780001   data required time
---------------------------------------------------------------------------------------------
                                             19.780001   data required time
                                             -3.567558   data arrival time
---------------------------------------------------------------------------------------------
                                             16.212444   slack (MET)


Startpoint: _2691_ (rising edge-triggered flip-flop clocked by clk)
Endpoint: acc_out[9] (output port clocked by clk)
Path Group: clk
Path Type: max

Fanout         Cap        Slew       Delay        Time   Description
---------------------------------------------------------------------------------------------
                                  0.000000    0.000000   clock clk (rise edge)
                                  0.000000    0.000000   clock source latency
    82    0.230301    1.029756    0.709609    0.709609 ^ clk (in)
                                                         clk (net)
                      1.029799    0.000000    0.709609 ^ _2691_/CLK (sky130_fd_sc_hd__dfxtp_2)
     5    0.022250    0.063189    0.526066    1.235675 v _2691_/Q (sky130_fd_sc_hd__dfxtp_2)
                                                         r4_acc[3] (net)
                      0.063189    0.000099    1.235774 v _1313_/A (sky130_fd_sc_hd__or4_2)
     3    0.013023    0.140574    0.727135    1.962909 v _1313_/X (sky130_fd_sc_hd__or4_2)
                                                         _0560_ (net)
                      0.140574    0.000175    1.963084 v _1318_/A3 (sky130_fd_sc_hd__o31a_2)
     2    0.011973    0.074475    0.349295    2.312379 v _1318_/X (sky130_fd_sc_hd__o31a_2)
                                                         _0563_ (net)
                      0.074475    0.000132    2.312510 v _1320_/B1 (sky130_fd_sc_hd__a21o_2)
     2    0.011815    0.055768    0.221940    2.534451 v _1320_/X (sky130_fd_sc_hd__a21o_2)
                                                         _0564_ (net)
                      0.055768    0.000117    2.534568 v _1322_/A2 (sky130_fd_sc_hd__o21a_2)
     2    0.011059    0.054246    0.218940    2.753507 v _1322_/X (sky130_fd_sc_hd__o21a_2)
                                                         _0565_ (net)
                      0.054246    0.000059    2.753566 v _1324_/A2 (sky130_fd_sc_hd__o21a_2)
     2    0.011067    0.054269    0.218342    2.971908 v _1324_/X (sky130_fd_sc_hd__o21a_2)
                                                         _0566_ (net)
                      0.054269    0.000060    2.971968 v _1325_/B (sky130_fd_sc_hd__xor2_2)
     1    0.034052    0.435433    0.361749    3.333716 ^ _1325_/X (sky130_fd_sc_hd__xor2_2)
                                                         acc_out[9] (net)
                      0.435433    0.000088    3.333804 ^ acc_out[9] (out)
                                              3.333804   data arrival time

                                 20.000000   20.000000   clock clk (rise edge)
                                  0.000000   20.000000   clock network delay (propagated)
                                 -0.200000   19.800001   clock uncertainty
                                  0.000000   19.800001   clock reconvergence pessimism
                                 -0.020000   19.780001   output external delay
                                             19.780001   data required time
---------------------------------------------------------------------------------------------
                                             19.780001   data required time
                                             -3.333804   data arrival time
---------------------------------------------------------------------------------------------
                                             16.446196   slack (MET)


Startpoint: _2691_ (rising edge-triggered flip-flop clocked by clk)
Endpoint: acc_out[8] (output port clocked by clk)
Path Group: clk
Path Type: max

Fanout         Cap        Slew       Delay        Time   Description
---------------------------------------------------------------------------------------------
                                  0.000000    0.000000   clock clk (rise edge)
                                  0.000000    0.000000   clock source latency
    82    0.230301    1.029756    0.709609    0.709609 ^ clk (in)
                                                         clk (net)
                      1.029799    0.000000    0.709609 ^ _2691_/CLK (sky130_fd_sc_hd__dfxtp_2)
     5    0.022250    0.063189    0.526066    1.235675 v _2691_/Q (sky130_fd_sc_hd__dfxtp_2)
                                                         r4_acc[3] (net)
                      0.063189    0.000099    1.235774 v _1313_/A (sky130_fd_sc_hd__or4_2)
     3    0.013023    0.140574    0.727135    1.962909 v _1313_/X (sky130_fd_sc_hd__or4_2)
                                                         _0560_ (net)
                      0.140574    0.000175    1.963084 v _1318_/A3 (sky130_fd_sc_hd__o31a_2)
     2    0.011973    0.074475    0.349295    2.312379 v _1318_/X (sky130_fd_sc_hd__o31a_2)
                                                         _0563_ (net)
                      0.074475    0.000132    2.312510 v _1320_/B1 (sky130_fd_sc_hd__a21o_2)
     2    0.011815    0.055768    0.221940    2.534451 v _1320_/X (sky130_fd_sc_hd__a21o_2)
                                                         _0564_ (net)
                      0.055768    0.000117    2.534568 v _1322_/A2 (sky130_fd_sc_hd__o21a_2)
     2    0.011059    0.054246    0.218940    2.753507 v _1322_/X (sky130_fd_sc_hd__o21a_2)
                                                         _0565_ (net)
                      0.054246    0.000056    2.753564 v _1323_/B (sky130_fd_sc_hd__xor2_2)
     1    0.034042    0.435327    0.361663    3.115227 ^ _1323_/X (sky130_fd_sc_hd__xor2_2)
                                                         acc_out[8] (net)
                      0.435327    0.000086    3.115312 ^ acc_out[8] (out)
                                              3.115312   data arrival time

                                 20.000000   20.000000   clock clk (rise edge)
                                  0.000000   20.000000   clock network delay (propagated)
                                 -0.200000   19.800001   clock uncertainty
                                  0.000000   19.800001   clock reconvergence pessimism
                                 -0.020000   19.780001   output external delay
                                             19.780001   data required time
---------------------------------------------------------------------------------------------
                                             19.780001   data required time
                                             -3.115312   data arrival time
---------------------------------------------------------------------------------------------
                                             16.664688   slack (MET)


Startpoint: _2691_ (rising edge-triggered flip-flop clocked by clk)
Endpoint: acc_out[7] (output port clocked by clk)
Path Group: clk
Path Type: max

Fanout         Cap        Slew       Delay        Time   Description
---------------------------------------------------------------------------------------------
                                  0.000000    0.000000   clock clk (rise edge)
                                  0.000000    0.000000   clock source latency
    82    0.230301    1.029756    0.709609    0.709609 ^ clk (in)
                                                         clk (net)
                      1.029799    0.000000    0.709609 ^ _2691_/CLK (sky130_fd_sc_hd__dfxtp_2)
     5    0.022250    0.063189    0.526066    1.235675 v _2691_/Q (sky130_fd_sc_hd__dfxtp_2)
                                                         r4_acc[3] (net)
                      0.063189    0.000099    1.235774 v _1313_/A (sky130_fd_sc_hd__or4_2)
     3    0.013023    0.140574    0.727135    1.962909 v _1313_/X (sky130_fd_sc_hd__or4_2)
                                                         _0560_ (net)
                      0.140574    0.000175    1.963084 v _1318_/A3 (sky130_fd_sc_hd__o31a_2)
     2    0.011973    0.074475    0.349295    2.312379 v _1318_/X (sky130_fd_sc_hd__o31a_2)
                                                         _0563_ (net)
                      0.074475    0.000132    2.312510 v _1320_/B1 (sky130_fd_sc_hd__a21o_2)
     2    0.011815    0.055768    0.221940    2.534451 v _1320_/X (sky130_fd_sc_hd__a21o_2)
                                                         _0564_ (net)
                      0.055768    0.000114    2.534565 v _1321_/B (sky130_fd_sc_hd__xor2_2)
     1    0.034100    0.436006    0.362707    2.897272 ^ _1321_/X (sky130_fd_sc_hd__xor2_2)
                                                         acc_out[7] (net)
                      0.436006    0.000099    2.897371 ^ acc_out[7] (out)
                                              2.897371   data arrival time

                                 20.000000   20.000000   clock clk (rise edge)
                                  0.000000   20.000000   clock network delay (propagated)
                                 -0.200000   19.800001   clock uncertainty
                                  0.000000   19.800001   clock reconvergence pessimism
                                 -0.020000   19.780001   output external delay
                                             19.780001   data required time
---------------------------------------------------------------------------------------------
                                             19.780001   data required time
                                             -2.897371   data arrival time
---------------------------------------------------------------------------------------------
                                             16.882629   slack (MET)


Startpoint: _2691_ (rising edge-triggered flip-flop clocked by clk)
Endpoint: acc_out[6] (output port clocked by clk)
Path Group: clk
Path Type: max

Fanout         Cap        Slew       Delay        Time   Description
---------------------------------------------------------------------------------------------
                                  0.000000    0.000000   clock clk (rise edge)
                                  0.000000    0.000000   clock source latency
    82    0.230301    1.029756    0.709609    0.709609 ^ clk (in)
                                                         clk (net)
                      1.029799    0.000000    0.709609 ^ _2691_/CLK (sky130_fd_sc_hd__dfxtp_2)
     5    0.022250    0.063189    0.526066    1.235675 v _2691_/Q (sky130_fd_sc_hd__dfxtp_2)
                                                         r4_acc[3] (net)
                      0.063189    0.000099    1.235774 v _1313_/A (sky130_fd_sc_hd__or4_2)
     3    0.013023    0.140574    0.727135    1.962909 v _1313_/X (sky130_fd_sc_hd__or4_2)
                                                         _0560_ (net)
                      0.140574    0.000175    1.963084 v _1318_/A3 (sky130_fd_sc_hd__o31a_2)
     2    0.011973    0.074475    0.349295    2.312379 v _1318_/X (sky130_fd_sc_hd__o31a_2)
                                                         _0563_ (net)
                      0.074475    0.000133    2.312512 v _1319_/B (sky130_fd_sc_hd__xor2_2)
     1    0.034052    0.435285    0.369532    2.682044 ^ _1319_/X (sky130_fd_sc_hd__xor2_2)
                                                         acc_out[6] (net)
                      0.435285    0.000088    2.682132 ^ acc_out[6] (out)
                                              2.682132   data arrival time

                                 20.000000   20.000000   clock clk (rise edge)
                                  0.000000   20.000000   clock network delay (propagated)
                                 -0.200000   19.800001   clock uncertainty
                                  0.000000   19.800001   clock reconvergence pessimism
                                 -0.020000   19.780001   output external delay
                                             19.780001   data required time
---------------------------------------------------------------------------------------------
                                             19.780001   data required time
                                             -2.682132   data arrival time
---------------------------------------------------------------------------------------------
                                             17.097868   slack (MET)


Startpoint: _2691_ (rising edge-triggered flip-flop clocked by clk)
Endpoint: acc_out[5] (output port clocked by clk)
Path Group: clk
Path Type: max

Fanout         Cap        Slew       Delay        Time   Description
---------------------------------------------------------------------------------------------
                                  0.000000    0.000000   clock clk (rise edge)
                                  0.000000    0.000000   clock source latency
    82    0.230301    1.029756    0.709609    0.709609 ^ clk (in)
                                                         clk (net)
                      1.029799    0.000000    0.709609 ^ _2691_/CLK (sky130_fd_sc_hd__dfxtp_2)
     5    0.022250    0.063189    0.526066    1.235675 v _2691_/Q (sky130_fd_sc_hd__dfxtp_2)
                                                         r4_acc[3] (net)
                      0.063189    0.000099    1.235774 v _1313_/A (sky130_fd_sc_hd__or4_2)
     3    0.013023    0.140574    0.727135    1.962909 v _1313_/X (sky130_fd_sc_hd__or4_2)
                                                         _0560_ (net)
                      0.140574    0.000175    1.963084 v _1316_/A2 (sky130_fd_sc_hd__o21ai_2)
     1    0.008681    0.146715    0.181883    2.144967 ^ _1316_/Y (sky130_fd_sc_hd__o21ai_2)
                                                         _0562_ (net)
                      0.146715    0.000013    2.144979 ^ _1317_/B (sky130_fd_sc_hd__xnor2_2)
     1    0.034266    0.463474    0.229001    2.373980 ^ _1317_/Y (sky130_fd_sc_hd__xnor2_2)
                                                         acc_out[5] (net)
                      0.463474    0.000138    2.374118 ^ acc_out[5] (out)
                                              2.374118   data arrival time

                                 20.000000   20.000000   clock clk (rise edge)
                                  0.000000   20.000000   clock network delay (propagated)
                                 -0.200000   19.800001   clock uncertainty
                                  0.000000   19.800001   clock reconvergence pessimism
                                 -0.020000   19.780001   output external delay
                                             19.780001   data required time
---------------------------------------------------------------------------------------------
                                             19.780001   data required time
                                             -2.374118   data arrival time
---------------------------------------------------------------------------------------------
                                             17.405882   slack (MET)


Startpoint: _2691_ (rising edge-triggered flip-flop clocked by clk)
Endpoint: acc_out[4] (output port clocked by clk)
Path Group: clk
Path Type: max

Fanout         Cap        Slew       Delay        Time   Description
---------------------------------------------------------------------------------------------
                                  0.000000    0.000000   clock clk (rise edge)
                                  0.000000    0.000000   clock source latency
    82    0.230301    1.029756    0.709609    0.709609 ^ clk (in)
                                                         clk (net)
                      1.029799    0.000000    0.709609 ^ _2691_/CLK (sky130_fd_sc_hd__dfxtp_2)
     5    0.022250    0.063189    0.526066    1.235675 v _2691_/Q (sky130_fd_sc_hd__dfxtp_2)
                                                         r4_acc[3] (net)
                      0.063189    0.000099    1.235774 v _1313_/A (sky130_fd_sc_hd__or4_2)
     3    0.013023    0.140574    0.727135    1.962909 v _1313_/X (sky130_fd_sc_hd__or4_2)
                                                         _0560_ (net)
                      0.140574    0.000146    1.963055 v _1314_/B (sky130_fd_sc_hd__nand2_2)
     1    0.008462    0.073117    0.119072    2.082127 ^ _1314_/Y (sky130_fd_sc_hd__nand2_2)
                                                         _0561_ (net)
                      0.073117    0.000001    2.082128 ^ _1315_/B (sky130_fd_sc_hd__xnor2_2)
     1    0.034117    0.461289    0.209701    2.291829 ^ _1315_/Y (sky130_fd_sc_hd__xnor2_2)
                                                         acc_out[4] (net)
                      0.461289    0.000103    2.291932 ^ acc_out[4] (out)
                                              2.291932   data arrival time

                                 20.000000   20.000000   clock clk (rise edge)
                                  0.000000   20.000000   clock network delay (propagated)
                                 -0.200000   19.800001   clock uncertainty
                                  0.000000   19.800001   clock reconvergence pessimism
                                 -0.020000   19.780001   output external delay
                                             19.780001   data required time
---------------------------------------------------------------------------------------------
                                             19.780001   data required time
                                             -2.291932   data arrival time
---------------------------------------------------------------------------------------------
                                             17.488068   slack (MET)


Startpoint: _2703_ (rising edge-triggered flip-flop clocked by clk)
Endpoint: acc_out[3] (output port clocked by clk)
Path Group: clk
Path Type: max

Fanout         Cap        Slew       Delay        Time   Description
---------------------------------------------------------------------------------------------
                                  0.000000    0.000000   clock clk (rise edge)
                                  0.000000    0.000000   clock source latency
    82    0.230301    1.029756    0.711969    0.711969 ^ clk (in)
                                                         clk (net)
                      1.029844    0.000000    0.711969 ^ _2703_/CLK (sky130_fd_sc_hd__dfxtp_2)
     5    0.025118    0.132897    0.574161    1.286129 ^ _2703_/Q (sky130_fd_sc_hd__dfxtp_2)
                                                         r4_acc[15] (net)
                      0.132897    0.000060    1.286189 ^ place241/A (sky130_fd_sc_hd__buf_1)
     6    0.027603    0.325780    0.300541    1.586730 ^ place241/X (sky130_fd_sc_hd__buf_1)
                                                         net241 (net)
                      0.325781    0.000418    1.587148 ^ _1311_/B1 (sky130_fd_sc_hd__o31a_2)
     1    0.008617    0.067427    0.230366    1.817513 ^ _1311_/X (sky130_fd_sc_hd__o31a_2)
                                                         _0559_ (net)
                      0.067427    0.000007    1.817520 ^ _1312_/B (sky130_fd_sc_hd__xor2_2)
     1    0.034782    0.432973    0.375002    2.192522 ^ _1312_/X (sky130_fd_sc_hd__xor2_2)
                                                         acc_out[3] (net)
                      0.432973    0.000311    2.192833 ^ acc_out[3] (out)
                                              2.192833   data arrival time

                                 20.000000   20.000000   clock clk (rise edge)
                                  0.000000   20.000000   clock network delay (propagated)
                                 -0.200000   19.800001   clock uncertainty
                                  0.000000   19.800001   clock reconvergence pessimism
                                 -0.020000   19.780001   output external delay
                                             19.780001   data required time
---------------------------------------------------------------------------------------------
                                             19.780001   data required time
                                             -2.192833   data arrival time
---------------------------------------------------------------------------------------------
                                             17.587168   slack (MET)


Startpoint: _2632_ (rising edge-triggered flip-flop clocked by clk)
Endpoint: a_out[10] (output port clocked by clk)
Path Group: clk
Path Type: max

Fanout         Cap        Slew       Delay        Time   Description
---------------------------------------------------------------------------------------------
                                  0.000000    0.000000   clock clk (rise edge)
                                  0.000000    0.000000   clock source latency
    82    0.230301    1.029756    0.711524    0.711524 ^ clk (in)
                                                         clk (net)
                      1.029834    0.000000    0.711524 ^ _2632_/CLK (sky130_fd_sc_hd__dfxtp_2)
     5    0.021036    0.113329    0.559826    1.271350 ^ _2632_/Q (sky130_fd_sc_hd__dfxtp_2)
                                                         net267 (net)
                      0.113329    0.000154    1.271504 ^ place268/A (sky130_fd_sc_hd__buf_1)
     8    0.028929    0.340972    0.307092    1.578596 ^ place268/X (sky130_fd_sc_hd__buf_1)
                                                         net268 (net)
                      0.340972    0.000185    1.578782 ^ place267/A (sky130_fd_sc_hd__buf_1)
     7    0.058100    0.669719    0.565496    2.144277 ^ place267/X (sky130_fd_sc_hd__buf_1)
                                                         a_out[10] (net)
                      0.669723    0.001531    2.145809 ^ a_out[10] (out)
                                              2.145809   data arrival time

                                 20.000000   20.000000   clock clk (rise edge)
                                  0.000000   20.000000   clock network delay (propagated)
                                 -0.200000   19.800001   clock uncertainty
                                  0.000000   19.800001   clock reconvergence pessimism
                                 -0.020000   19.780001   output external delay
                                             19.780001   data required time
---------------------------------------------------------------------------------------------
                                             19.780001   data required time
                                             -2.145809   data arrival time
---------------------------------------------------------------------------------------------
                                             17.634192   slack (MET)


Startpoint: _2703_ (rising edge-triggered flip-flop clocked by clk)
Endpoint: acc_out[2] (output port clocked by clk)
Path Group: clk
Path Type: max

Fanout         Cap        Slew       Delay        Time   Description
---------------------------------------------------------------------------------------------
                                  0.000000    0.000000   clock clk (rise edge)
                                  0.000000    0.000000   clock source latency
    82    0.230301    1.029756    0.711969    0.711969 ^ clk (in)
                                                         clk (net)
                      1.029844    0.000000    0.711969 ^ _2703_/CLK (sky130_fd_sc_hd__dfxtp_2)
     5    0.025118    0.132897    0.574161    1.286129 ^ _2703_/Q (sky130_fd_sc_hd__dfxtp_2)
                                                         r4_acc[15] (net)
                      0.132897    0.000060    1.286189 ^ place241/A (sky130_fd_sc_hd__buf_1)
     6    0.027603    0.325780    0.300541    1.586730 ^ place241/X (sky130_fd_sc_hd__buf_1)
                                                         net241 (net)
                      0.325781    0.000408    1.587137 ^ _1309_/B1 (sky130_fd_sc_hd__o21ai_2)
     1    0.008203    0.093449    0.118952    1.706089 v _1309_/Y (sky130_fd_sc_hd__o21ai_2)
                                                         _0558_ (net)
                      0.093449    0.000006    1.706095 v _1310_/B (sky130_fd_sc_hd__xnor2_2)
     1    0.034787    0.457960    0.393701    2.099796 ^ _1310_/Y (sky130_fd_sc_hd__xnor2_2)
                                                         acc_out[2] (net)
                      0.457960    0.000307    2.100103 ^ acc_out[2] (out)
                                              2.100103   data arrival time

                                 20.000000   20.000000   clock clk (rise edge)
                                  0.000000   20.000000   clock network delay (propagated)
                                 -0.200000   19.800001   clock uncertainty
                                  0.000000   19.800001   clock reconvergence pessimism
                                 -0.020000   19.780001   output external delay
                                             19.780001   data required time
---------------------------------------------------------------------------------------------
                                             19.780001   data required time
                                             -2.100103   data arrival time
---------------------------------------------------------------------------------------------
                                             17.679897   slack (MET)


Startpoint: _2703_ (rising edge-triggered flip-flop clocked by clk)
Endpoint: acc_out[1] (output port clocked by clk)
Path Group: clk
Path Type: max

Fanout         Cap        Slew       Delay        Time   Description
---------------------------------------------------------------------------------------------
                                  0.000000    0.000000   clock clk (rise edge)
                                  0.000000    0.000000   clock source latency
    82    0.230301    1.029756    0.711969    0.711969 ^ clk (in)
                                                         clk (net)
                      1.029844    0.000000    0.711969 ^ _2703_/CLK (sky130_fd_sc_hd__dfxtp_2)
     5    0.025118    0.132897    0.574161    1.286129 ^ _2703_/Q (sky130_fd_sc_hd__dfxtp_2)
                                                         r4_acc[15] (net)
                      0.132897    0.000060    1.286189 ^ place241/A (sky130_fd_sc_hd__buf_1)
     6    0.027603    0.325780    0.300541    1.586730 ^ place241/X (sky130_fd_sc_hd__buf_1)
                                                         net241 (net)
                      0.325781    0.000423    1.587153 ^ _1307_/A (sky130_fd_sc_hd__nand2_2)
     1    0.008348    0.092205    0.102839    1.689991 v _1307_/Y (sky130_fd_sc_hd__nand2_2)
                                                         _0557_ (net)
                      0.092205    0.000011    1.690003 v _1308_/B (sky130_fd_sc_hd__xnor2_2)
     1    0.034778    0.457448    0.393147    2.083149 ^ _1308_/Y (sky130_fd_sc_hd__xnor2_2)
                                                         acc_out[1] (net)
                      0.457448    0.000300    2.083450 ^ acc_out[1] (out)
                                              2.083450   data arrival time

                                 20.000000   20.000000   clock clk (rise edge)
                                  0.000000   20.000000   clock network delay (propagated)
                                 -0.200000   19.800001   clock uncertainty
                                  0.000000   19.800001   clock reconvergence pessimism
                                 -0.020000   19.780001   output external delay
                                             19.780001   data required time
---------------------------------------------------------------------------------------------
                                             19.780001   data required time
                                             -2.083450   data arrival time
---------------------------------------------------------------------------------------------
                                             17.696550   slack (MET)


Startpoint: _2624_ (rising edge-triggered flip-flop clocked by clk)
Endpoint: a_out[2] (output port clocked by clk)
Path Group: clk
Path Type: max

Fanout         Cap        Slew       Delay        Time   Description
---------------------------------------------------------------------------------------------
                                  0.000000    0.000000   clock clk (rise edge)
                                  0.000000    0.000000   clock source latency
    82    0.230301    1.029756    0.710734    0.710734 ^ clk (in)
                                                         clk (net)
                      1.029818    0.000000    0.710734 ^ _2624_/CLK (sky130_fd_sc_hd__dfxtp_2)
     2    0.004458    0.038325    0.500520    1.211254 ^ _2624_/Q (sky130_fd_sc_hd__dfxtp_2)
                                                         net283 (net)
                      0.038325    0.000008    1.211262 ^ place285/A (sky130_fd_sc_hd__buf_1)
     8    0.031551    0.370120    0.305062    1.516324 ^ place285/X (sky130_fd_sc_hd__buf_1)
                                                         net285 (net)
                      0.370123    0.000752    1.517076 ^ place283/A (sky130_fd_sc_hd__buf_1)
     4    0.045668    0.529281    0.469820    1.986897 ^ place283/X (sky130_fd_sc_hd__buf_1)
                                                         a_out[2] (net)
                      0.529282    0.000842    1.987738 ^ a_out[2] (out)
                                              1.987738   data arrival time

                                 20.000000   20.000000   clock clk (rise edge)
                                  0.000000   20.000000   clock network delay (propagated)
                                 -0.200000   19.800001   clock uncertainty
                                  0.000000   19.800001   clock reconvergence pessimism
                                 -0.020000   19.780001   output external delay
                                             19.780001   data required time
---------------------------------------------------------------------------------------------
                                             19.780001   data required time
                                             -1.987738   data arrival time
---------------------------------------------------------------------------------------------
                                             17.792263   slack (MET)


Startpoint: _2622_ (rising edge-triggered flip-flop clocked by clk)
Endpoint: a_out[0] (output port clocked by clk)
Path Group: clk
Path Type: max

Fanout         Cap        Slew       Delay        Time   Description
---------------------------------------------------------------------------------------------
                                  0.000000    0.000000   clock clk (rise edge)
                                  0.000000    0.000000   clock source latency
    82    0.230301    1.029756    0.709510    0.709510 ^ clk (in)
                                                         clk (net)
                      1.029798    0.000000    0.709510 ^ _2622_/CLK (sky130_fd_sc_hd__dfxtp_2)
     6    0.025924    0.136808    0.576862    1.286372 ^ _2622_/Q (sky130_fd_sc_hd__dfxtp_2)
                                                         net76 (net)
                      0.136808    0.000503    1.286875 ^ place288/A (sky130_fd_sc_hd__buf_1)
     8    0.065090    0.751355    0.596109    1.882984 ^ place288/X (sky130_fd_sc_hd__buf_1)
                                                         net288 (net)
                      0.751356    0.000861    1.883845 ^ a_out[0] (out)
                                              1.883845   data arrival time

                                 20.000000   20.000000   clock clk (rise edge)
                                  0.000000   20.000000   clock network delay (propagated)
                                 -0.200000   19.800001   clock uncertainty
                                  0.000000   19.800001   clock reconvergence pessimism
                                 -0.020000   19.780001   output external delay
                                             19.780001   data required time
---------------------------------------------------------------------------------------------
                                             19.780001   data required time
                                             -1.883845   data arrival time
---------------------------------------------------------------------------------------------
                                             17.896156   slack (MET)


Startpoint: _2703_ (rising edge-triggered flip-flop clocked by clk)
Endpoint: acc_out[15] (output port clocked by clk)
Path Group: clk
Path Type: max

Fanout         Cap        Slew       Delay        Time   Description
---------------------------------------------------------------------------------------------
                                  0.000000    0.000000   clock clk (rise edge)
                                  0.000000    0.000000   clock source latency
    82    0.230301    1.029756    0.711969    0.711969 ^ clk (in)
                                                         clk (net)
                      1.029844    0.000000    0.711969 ^ _2703_/CLK (sky130_fd_sc_hd__dfxtp_2)
     5    0.025118    0.132897    0.574161    1.286129 ^ _2703_/Q (sky130_fd_sc_hd__dfxtp_2)
                                                         r4_acc[15] (net)
                      0.132897    0.000468    1.286597 ^ place240/A (sky130_fd_sc_hd__buf_1)
     8    0.028301    0.333732    0.306060    1.592658 ^ place240/X (sky130_fd_sc_hd__buf_1)
                                                         net240 (net)
                      0.333732    0.000142    1.592800 ^ _2708_/A (sky130_fd_sc_hd__buf_2)
     1    0.034194    0.170672    0.278156    1.870956 ^ _2708_/X (sky130_fd_sc_hd__buf_2)
                                                         acc_out[15] (net)
                      0.170672    0.000106    1.871062 ^ acc_out[15] (out)
                                              1.871062   data arrival time

                                 20.000000   20.000000   clock clk (rise edge)
                                  0.000000   20.000000   clock network delay (propagated)
                                 -0.200000   19.800001   clock uncertainty
                                  0.000000   19.800001   clock reconvergence pessimism
                                 -0.020000   19.780001   output external delay
                                             19.780001   data required time
---------------------------------------------------------------------------------------------
                                             19.780001   data required time
                                             -1.871062   data arrival time
---------------------------------------------------------------------------------------------
                                             17.908939   slack (MET)


Startpoint: _2629_ (rising edge-triggered flip-flop clocked by clk)
Endpoint: a_out[7] (output port clocked by clk)
Path Group: clk
Path Type: max

Fanout         Cap        Slew       Delay        Time   Description
---------------------------------------------------------------------------------------------
                                  0.000000    0.000000   clock clk (rise edge)
                                  0.000000    0.000000   clock source latency
    82    0.230301    1.029756    0.711377    0.711377 ^ clk (in)
                                                         clk (net)
                      1.029831    0.000000    0.711377 ^ _2629_/CLK (sky130_fd_sc_hd__dfxtp_2)
     7    0.030167    0.157213    0.591641    1.303019 ^ _2629_/Q (sky130_fd_sc_hd__dfxtp_2)
                                                         net54 (net)
                      0.157213    0.000314    1.303332 ^ place274/A (sky130_fd_sc_hd__buf_1)
     7    0.055340    0.640921    0.522110    1.825442 ^ place274/X (sky130_fd_sc_hd__buf_1)
                                                         net274 (net)
                      0.640926    0.001438    1.826880 ^ a_out[7] (out)
                                              1.826880   data arrival time

                                 20.000000   20.000000   clock clk (rise edge)
                                  0.000000   20.000000   clock network delay (propagated)
                                 -0.200000   19.800001   clock uncertainty
                                  0.000000   19.800001   clock reconvergence pessimism
                                 -0.020000   19.780001   output external delay
                                             19.780001   data required time
---------------------------------------------------------------------------------------------
                                             19.780001   data required time
                                             -1.826880   data arrival time
---------------------------------------------------------------------------------------------
                                             17.953121   slack (MET)


Startpoint: _2623_ (rising edge-triggered flip-flop clocked by clk)
Endpoint: a_out[1] (output port clocked by clk)
Path Group: clk
Path Type: max

Fanout         Cap        Slew       Delay        Time   Description
---------------------------------------------------------------------------------------------
                                  0.000000    0.000000   clock clk (rise edge)
                                  0.000000    0.000000   clock source latency
    82    0.230301    1.029756    0.710989    0.710989 ^ clk (in)
                                                         clk (net)
                      1.029823    0.000000    0.710989 ^ _2623_/CLK (sky130_fd_sc_hd__dfxtp_2)
     4    0.017460    0.096127    0.547594    1.258584 ^ _2623_/Q (sky130_fd_sc_hd__dfxtp_2)
                                                         net175 (net)
                      0.096127    0.000401    1.258985 ^ place287/A (sky130_fd_sc_hd__buf_1)
     8    0.060022    0.695043    0.547012    1.805997 ^ place287/X (sky130_fd_sc_hd__buf_1)
                                                         net287 (net)
                      0.695048    0.001595    1.807592 ^ a_out[1] (out)
                                              1.807592   data arrival time

                                 20.000000   20.000000   clock clk (rise edge)
                                  0.000000   20.000000   clock network delay (propagated)
                                 -0.200000   19.800001   clock uncertainty
                                  0.000000   19.800001   clock reconvergence pessimism
                                 -0.020000   19.780001   output external delay
                                             19.780001   data required time
---------------------------------------------------------------------------------------------
                                             19.780001   data required time
                                             -1.807592   data arrival time
---------------------------------------------------------------------------------------------
                                             17.972408   slack (MET)


Startpoint: _2630_ (rising edge-triggered flip-flop clocked by clk)
Endpoint: a_out[8] (output port clocked by clk)
Path Group: clk
Path Type: max

Fanout         Cap        Slew       Delay        Time   Description
---------------------------------------------------------------------------------------------
                                  0.000000    0.000000   clock clk (rise edge)
                                  0.000000    0.000000   clock source latency
    82    0.230301    1.029756    0.711708    0.711708 ^ clk (in)
                                                         clk (net)
                      1.029838    0.000000    0.711708 ^ _2630_/CLK (sky130_fd_sc_hd__dfxtp_2)
     8    0.029847    0.155774    0.590174    1.301882 ^ _2630_/Q (sky130_fd_sc_hd__dfxtp_2)
                                                         net51 (net)
                      0.155778    0.001008    1.302890 ^ place272/A (sky130_fd_sc_hd__buf_1)
     6    0.051882    0.601756    0.495170    1.798060 ^ place272/X (sky130_fd_sc_hd__buf_1)
                                                         net272 (net)
                      0.601758    0.000868    1.798928 ^ a_out[8] (out)
                                              1.798928   data arrival time

                                 20.000000   20.000000   clock clk (rise edge)
                                  0.000000   20.000000   clock network delay (propagated)
                                 -0.200000   19.800001   clock uncertainty
                                  0.000000   19.800001   clock reconvergence pessimism
                                 -0.020000   19.780001   output external delay
                                             19.780001   data required time
---------------------------------------------------------------------------------------------
                                             19.780001   data required time
                                             -1.798928   data arrival time
---------------------------------------------------------------------------------------------
                                             17.981073   slack (MET)


Startpoint: _2635_ (rising edge-triggered flip-flop clocked by clk)
Endpoint: a_out[13] (output port clocked by clk)
Path Group: clk
Path Type: max

Fanout         Cap        Slew       Delay        Time   Description
---------------------------------------------------------------------------------------------
                                  0.000000    0.000000   clock clk (rise edge)
                                  0.000000    0.000000   clock source latency
    82    0.230301    1.029756    0.711816    0.711816 ^ clk (in)
                                                         clk (net)
                      1.029840    0.000000    0.711816 ^ _2635_/CLK (sky130_fd_sc_hd__dfxtp_2)
     6    0.020368    0.110071    0.557713    1.269529 ^ _2635_/Q (sky130_fd_sc_hd__dfxtp_2)
                                                         net151 (net)
                      0.110071    0.000359    1.269888 ^ place262/A (sky130_fd_sc_hd__buf_1)
     7    0.057013    0.660680    0.527020    1.796909 ^ place262/X (sky130_fd_sc_hd__buf_1)
                                                         net262 (net)
                      0.660686    0.001624    1.798533 ^ a_out[13] (out)
                                              1.798533   data arrival time

                                 20.000000   20.000000   clock clk (rise edge)
                                  0.000000   20.000000   clock network delay (propagated)
                                 -0.200000   19.800001   clock uncertainty
                                  0.000000   19.800001   clock reconvergence pessimism
                                 -0.020000   19.780001   output external delay
                                             19.780001   data required time
---------------------------------------------------------------------------------------------
                                             19.780001   data required time
                                             -1.798533   data arrival time
---------------------------------------------------------------------------------------------
                                             17.981468   slack (MET)


Startpoint: _2625_ (rising edge-triggered flip-flop clocked by clk)
Endpoint: a_out[3] (output port clocked by clk)
Path Group: clk
Path Type: max

Fanout         Cap        Slew       Delay        Time   Description
---------------------------------------------------------------------------------------------
                                  0.000000    0.000000   clock clk (rise edge)
                                  0.000000    0.000000   clock source latency
    82    0.230301    1.029756    0.710980    0.710980 ^ clk (in)
                                                         clk (net)
                      1.029823    0.000000    0.710980 ^ _2625_/CLK (sky130_fd_sc_hd__dfxtp_2)
     4    0.015386    0.086067    0.540499    1.251479 ^ _2625_/Q (sky130_fd_sc_hd__dfxtp_2)
                                                         net282 (net)
                      0.086170    0.000299    1.251778 ^ place282/A (sky130_fd_sc_hd__buf_1)
     8    0.059824    0.692944    0.543077    1.794855 ^ place282/X (sky130_fd_sc_hd__buf_1)
                                                         a_out[3] (net)
                      0.692946    0.001188    1.796044 ^ a_out[3] (out)
                                              1.796044   data arrival time

                                 20.000000   20.000000   clock clk (rise edge)
                                  0.000000   20.000000   clock network delay (propagated)
                                 -0.200000   19.800001   clock uncertainty
                                  0.000000   19.800001   clock reconvergence pessimism
                                 -0.020000   19.780001   output external delay
                                             19.780001   data required time
---------------------------------------------------------------------------------------------
                                             19.780001   data required time
                                             -1.796044   data arrival time
---------------------------------------------------------------------------------------------
                                             17.983955   slack (MET)


Startpoint: _2628_ (rising edge-triggered flip-flop clocked by clk)
Endpoint: a_out[6] (output port clocked by clk)
Path Group: clk
Path Type: max

Fanout         Cap        Slew       Delay        Time   Description
---------------------------------------------------------------------------------------------
                                  0.000000    0.000000   clock clk (rise edge)
                                  0.000000    0.000000   clock source latency
    82    0.230301    1.029756    0.711199    0.711199 ^ clk (in)
                                                         clk (net)
                      1.029827    0.000000    0.711199 ^ _2628_/CLK (sky130_fd_sc_hd__dfxtp_2)
     5    0.021981    0.117833    0.563226    1.274426 ^ _2628_/Q (sky130_fd_sc_hd__dfxtp_2)
                                                         net57 (net)
                      0.117833    0.000563    1.274989 ^ place276/A (sky130_fd_sc_hd__buf_1)
     7    0.055733    0.645908    0.519541    1.794529 ^ place276/X (sky130_fd_sc_hd__buf_1)
                                                         net276 (net)
                      0.645910    0.000787    1.795316 ^ a_out[6] (out)
                                              1.795316   data arrival time

                                 20.000000   20.000000   clock clk (rise edge)
                                  0.000000   20.000000   clock network delay (propagated)
                                 -0.200000   19.800001   clock uncertainty
                                  0.000000   19.800001   clock reconvergence pessimism
                                 -0.020000   19.780001   output external delay
                                             19.780001   data required time
---------------------------------------------------------------------------------------------
                                             19.780001   data required time
                                             -1.795316   data arrival time
---------------------------------------------------------------------------------------------
                                             17.984684   slack (MET)


Startpoint: enable (input port clocked by clk)
Endpoint: _2638_ (rising edge-triggered flip-flop clocked by clk)
Path Group: clk
Path Type: max

Fanout         Cap        Slew       Delay        Time   Description
---------------------------------------------------------------------------------------------
                                  0.000000    0.000000   clock clk (rise edge)
                                  0.000000    0.000000   clock network delay (propagated)
                                  0.020000    0.020000 v input external delay
     4    0.033181    0.074332    0.052729    0.072729 v enable (in)
                                                         enable (net)
                      0.074344    0.000000    0.072729 v fanout84/A (sky130_fd_sc_hd__buf_1)
     8    0.042336    0.245116    0.268212    0.340941 v fanout84/X (sky130_fd_sc_hd__buf_1)
                                                         net84 (net)
                      0.245116    0.000740    0.341682 v _1369_/A (sky130_fd_sc_hd__inv_2)
     6    0.019393    0.118371    0.176248    0.517929 ^ _1369_/Y (sky130_fd_sc_hd__inv_2)
                                                         _0594_ (net)
                      0.118371    0.000031    0.517961 ^ place295/A (sky130_fd_sc_hd__buf_1)
     8    0.031530    0.370714    0.328874    0.846835 ^ place295/X (sky130_fd_sc_hd__buf_1)
                                                         net295 (net)
                      0.370715    0.000592    0.847427 ^ place294/A (sky130_fd_sc_hd__buf_1)
     7    0.026943    0.317023    0.322248    1.169675 ^ place294/X (sky130_fd_sc_hd__buf_1)
                                                         net294 (net)
                      0.317024    0.000657    1.170331 ^ place293/A (sky130_fd_sc_hd__buf_1)
     6    0.017859    0.217734    0.247110    1.417442 ^ place293/X (sky130_fd_sc_hd__buf_1)
                                                         net293 (net)
                      0.217734    0.000097    1.417538 ^ place292/A (sky130_fd_sc_hd__buf_1)
     8    0.026335    0.310558    0.302485    1.720023 ^ place292/X (sky130_fd_sc_hd__buf_1)
                                                         net292 (net)
                      0.310559    0.000352    1.720375 ^ place291/A (sky130_fd_sc_hd__buf_1)
     8    0.024856    0.297361    0.301981    2.022356 ^ place291/X (sky130_fd_sc_hd__buf_1)
                                                         net291 (net)
                      0.297361    0.000126    2.022482 ^ place290/A (sky130_fd_sc_hd__buf_1)
     8    0.024919    0.293925    0.301437    2.323919 ^ place290/X (sky130_fd_sc_hd__buf_1)
                                                         net290 (net)
                      0.293925    0.000284    2.324203 ^ _2574_/A1 (sky130_fd_sc_hd__o211a_2)
     1    0.002115    0.039987    0.212683    2.536886 ^ _2574_/X (sky130_fd_sc_hd__o211a_2)
                                                         _0065_ (net)
                      0.039987    0.000004    2.536890 ^ _2638_/D (sky130_fd_sc_hd__dfxtp_2)
                                              2.536890   data arrival time

                                 20.000000   20.000000   clock clk (rise edge)
                                  0.000000   20.000000   clock source latency
    82    0.230301    1.029756    0.709857   20.709858 ^ clk (in)
                                                         clk (net)
                      1.029803    0.000000   20.709858 ^ _2638_/CLK (sky130_fd_sc_hd__dfxtp_2)
                                 -0.200000   20.509857   clock uncertainty
                                  0.000000   20.509857   clock reconvergence pessimism
                                  0.025350   20.535208   library setup time
                                             20.535208   data required time
---------------------------------------------------------------------------------------------
                                             20.535208   data required time
                                             -2.536890   data arrival time
---------------------------------------------------------------------------------------------
                                             17.998318   slack (MET)


Startpoint: enable (input port clocked by clk)
Endpoint: _2640_ (rising edge-triggered flip-flop clocked by clk)
Path Group: clk
Path Type: max

Fanout         Cap        Slew       Delay        Time   Description
---------------------------------------------------------------------------------------------
                                  0.000000    0.000000   clock clk (rise edge)
                                  0.000000    0.000000   clock network delay (propagated)
                                  0.020000    0.020000 v input external delay
     4    0.033181    0.074332    0.052729    0.072729 v enable (in)
                                                         enable (net)
                      0.074344    0.000000    0.072729 v fanout84/A (sky130_fd_sc_hd__buf_1)
     8    0.042336    0.245116    0.268212    0.340941 v fanout84/X (sky130_fd_sc_hd__buf_1)
                                                         net84 (net)
                      0.245116    0.000740    0.341682 v _1369_/A (sky130_fd_sc_hd__inv_2)
     6    0.019393    0.118371    0.176248    0.517929 ^ _1369_/Y (sky130_fd_sc_hd__inv_2)
                                                         _0594_ (net)
                      0.118371    0.000031    0.517961 ^ place295/A (sky130_fd_sc_hd__buf_1)
     8    0.031530    0.370714    0.328874    0.846835 ^ place295/X (sky130_fd_sc_hd__buf_1)
                                                         net295 (net)
                      0.370715    0.000592    0.847427 ^ place294/A (sky130_fd_sc_hd__buf_1)
     7    0.026943    0.317023    0.322248    1.169675 ^ place294/X (sky130_fd_sc_hd__buf_1)
                                                         net294 (net)
                      0.317024    0.000657    1.170331 ^ place293/A (sky130_fd_sc_hd__buf_1)
     6    0.017859    0.217734    0.247110    1.417442 ^ place293/X (sky130_fd_sc_hd__buf_1)
                                                         net293 (net)
                      0.217734    0.000097    1.417538 ^ place292/A (sky130_fd_sc_hd__buf_1)
     8    0.026335    0.310558    0.302485    1.720023 ^ place292/X (sky130_fd_sc_hd__buf_1)
                                                         net292 (net)
                      0.310559    0.000352    1.720375 ^ place291/A (sky130_fd_sc_hd__buf_1)
     8    0.024856    0.297361    0.301981    2.022356 ^ place291/X (sky130_fd_sc_hd__buf_1)
                                                         net291 (net)
                      0.297361    0.000126    2.022482 ^ place290/A (sky130_fd_sc_hd__buf_1)
     8    0.024919    0.293925    0.301437    2.323919 ^ place290/X (sky130_fd_sc_hd__buf_1)
                                                         net290 (net)
                      0.293925    0.000227    2.324146 ^ _2578_/A1 (sky130_fd_sc_hd__o211a_2)
     1    0.002025    0.039482    0.212122    2.536268 ^ _2578_/X (sky130_fd_sc_hd__o211a_2)
                                                         _0067_ (net)
                      0.039482    0.000003    2.536271 ^ _2640_/D (sky130_fd_sc_hd__dfxtp_2)
                                              2.536271   data arrival time

                                 20.000000   20.000000   clock clk (rise edge)
                                  0.000000   20.000000   clock source latency
    82    0.230301    1.029756    0.710479   20.710480 ^ clk (in)
                                                         clk (net)
                      1.029814    0.000000   20.710480 ^ _2640_/CLK (sky130_fd_sc_hd__dfxtp_2)
                                 -0.200000   20.510479   clock uncertainty
                                  0.000000   20.510479   clock reconvergence pessimism
                                  0.025453   20.535933   library setup time
                                             20.535933   data required time
---------------------------------------------------------------------------------------------
                                             20.535933   data required time
                                             -2.536271   data arrival time
---------------------------------------------------------------------------------------------
                                             17.999662   slack (MET)


Startpoint: enable (input port clocked by clk)
Endpoint: _2625_ (rising edge-triggered flip-flop clocked by clk)
Path Group: clk
Path Type: max

Fanout         Cap        Slew       Delay        Time   Description
---------------------------------------------------------------------------------------------
                                  0.000000    0.000000   clock clk (rise edge)
                                  0.000000    0.000000   clock network delay (propagated)
                                  0.020000    0.020000 v input external delay
     4    0.033181    0.074332    0.052729    0.072729 v enable (in)
                                                         enable (net)
                      0.074344    0.000000    0.072729 v fanout84/A (sky130_fd_sc_hd__buf_1)
     8    0.042336    0.245116    0.268212    0.340941 v fanout84/X (sky130_fd_sc_hd__buf_1)
                                                         net84 (net)
                      0.245116    0.000740    0.341682 v _1369_/A (sky130_fd_sc_hd__inv_2)
     6    0.019393    0.118371    0.176248    0.517929 ^ _1369_/Y (sky130_fd_sc_hd__inv_2)
                                                         _0594_ (net)
                      0.118371    0.000031    0.517961 ^ place295/A (sky130_fd_sc_hd__buf_1)
     8    0.031530    0.370714    0.328874    0.846835 ^ place295/X (sky130_fd_sc_hd__buf_1)
                                                         net295 (net)
                      0.370715    0.000592    0.847427 ^ place294/A (sky130_fd_sc_hd__buf_1)
     7    0.026943    0.317023    0.322248    1.169675 ^ place294/X (sky130_fd_sc_hd__buf_1)
                                                         net294 (net)
                      0.317024    0.000657    1.170331 ^ place293/A (sky130_fd_sc_hd__buf_1)
     6    0.017859    0.217734    0.247110    1.417442 ^ place293/X (sky130_fd_sc_hd__buf_1)
                                                         net293 (net)
                      0.217734    0.000097    1.417538 ^ place292/A (sky130_fd_sc_hd__buf_1)
     8    0.026335    0.310558    0.302485    1.720023 ^ place292/X (sky130_fd_sc_hd__buf_1)
                                                         net292 (net)
                      0.310559    0.000352    1.720375 ^ place291/A (sky130_fd_sc_hd__buf_1)
     8    0.024856    0.297361    0.301981    2.022356 ^ place291/X (sky130_fd_sc_hd__buf_1)
                                                         net291 (net)
                      0.297361    0.000126    2.022482 ^ place290/A (sky130_fd_sc_hd__buf_1)
     8    0.024919    0.293925    0.301437    2.323919 ^ place290/X (sky130_fd_sc_hd__buf_1)
                                                         net290 (net)
                      0.293925    0.000100    2.324019 ^ _2542_/A1 (sky130_fd_sc_hd__o211a_2)
     1    0.002100    0.039902    0.212588    2.536607 ^ _2542_/X (sky130_fd_sc_hd__o211a_2)
                                                         _0052_ (net)
                      0.039902    0.000004    2.536610 ^ _2625_/D (sky130_fd_sc_hd__dfxtp_2)
                                              2.536610   data arrival time

                                 20.000000   20.000000   clock clk (rise edge)
                                  0.000000   20.000000   clock source latency
    82    0.230301    1.029756    0.710980   20.710979 ^ clk (in)
                                                         clk (net)
                      1.029823    0.000000   20.710979 ^ _2625_/CLK (sky130_fd_sc_hd__dfxtp_2)
                                 -0.200000   20.510981   clock uncertainty
                                  0.000000   20.510981   clock reconvergence pessimism
                                  0.025368   20.536348   library setup time
                                             20.536348   data required time
---------------------------------------------------------------------------------------------
                                             20.536348   data required time
                                             -2.536610   data arrival time
---------------------------------------------------------------------------------------------
                                             17.999739   slack (MET)


Startpoint: enable (input port clocked by clk)
Endpoint: _2622_ (rising edge-triggered flip-flop clocked by clk)
Path Group: clk
Path Type: max

Fanout         Cap        Slew       Delay        Time   Description
---------------------------------------------------------------------------------------------
                                  0.000000    0.000000   clock clk (rise edge)
                                  0.000000    0.000000   clock network delay (propagated)
                                  0.020000    0.020000 v input external delay
     4    0.033181    0.074332    0.052729    0.072729 v enable (in)
                                                         enable (net)
                      0.074344    0.000000    0.072729 v fanout84/A (sky130_fd_sc_hd__buf_1)
     8    0.042336    0.245116    0.268212    0.340941 v fanout84/X (sky130_fd_sc_hd__buf_1)
                                                         net84 (net)
                      0.245116    0.000740    0.341682 v _1369_/A (sky130_fd_sc_hd__inv_2)
     6    0.019393    0.118371    0.176248    0.517929 ^ _1369_/Y (sky130_fd_sc_hd__inv_2)
                                                         _0594_ (net)
                      0.118371    0.000031    0.517961 ^ place295/A (sky130_fd_sc_hd__buf_1)
     8    0.031530    0.370714    0.328874    0.846835 ^ place295/X (sky130_fd_sc_hd__buf_1)
                                                         net295 (net)
                      0.370715    0.000592    0.847427 ^ place294/A (sky130_fd_sc_hd__buf_1)
     7    0.026943    0.317023    0.322248    1.169675 ^ place294/X (sky130_fd_sc_hd__buf_1)
                                                         net294 (net)
                      0.317024    0.000657    1.170331 ^ place293/A (sky130_fd_sc_hd__buf_1)
     6    0.017859    0.217734    0.247110    1.417442 ^ place293/X (sky130_fd_sc_hd__buf_1)
                                                         net293 (net)
                      0.217734    0.000097    1.417538 ^ place292/A (sky130_fd_sc_hd__buf_1)
     8    0.026335    0.310558    0.302485    1.720023 ^ place292/X (sky130_fd_sc_hd__buf_1)
                                                         net292 (net)
                      0.310559    0.000352    1.720375 ^ place291/A (sky130_fd_sc_hd__buf_1)
     8    0.024856    0.297361    0.301981    2.022356 ^ place291/X (sky130_fd_sc_hd__buf_1)
                                                         net291 (net)
                      0.297361    0.000126    2.022482 ^ place290/A (sky130_fd_sc_hd__buf_1)
     8    0.024919    0.293925    0.301437    2.323919 ^ place290/X (sky130_fd_sc_hd__buf_1)
                                                         net290 (net)
                      0.293925    0.000288    2.324207 ^ _2533_/A1 (sky130_fd_sc_hd__o211a_2)
     1    0.001821    0.038323    0.210838    2.535045 ^ _2533_/X (sky130_fd_sc_hd__o211a_2)
                                                         _0049_ (net)
                      0.038323    0.000002    2.535046 ^ _2622_/D (sky130_fd_sc_hd__dfxtp_2)
                                              2.535046   data arrival time

                                 20.000000   20.000000   clock clk (rise edge)
                                  0.000000   20.000000   clock source latency
    82    0.230301    1.029756    0.709511   20.709511 ^ clk (in)
                                                         clk (net)
                      1.029798    0.000000   20.709511 ^ _2622_/CLK (sky130_fd_sc_hd__dfxtp_2)
                                 -0.200000   20.509512   clock uncertainty
                                  0.000000   20.509512   clock reconvergence pessimism
                                  0.025687   20.535198   library setup time
                                             20.535198   data required time
---------------------------------------------------------------------------------------------
                                             20.535198   data required time
                                             -2.535046   data arrival time
---------------------------------------------------------------------------------------------
                                             18.000153   slack (MET)


Startpoint: enable (input port clocked by clk)
Endpoint: _2626_ (rising edge-triggered flip-flop clocked by clk)
Path Group: clk
Path Type: max

Fanout         Cap        Slew       Delay        Time   Description
---------------------------------------------------------------------------------------------
                                  0.000000    0.000000   clock clk (rise edge)
                                  0.000000    0.000000   clock network delay (propagated)
                                  0.020000    0.020000 v input external delay
     4    0.033181    0.074332    0.052729    0.072729 v enable (in)
                                                         enable (net)
                      0.074344    0.000000    0.072729 v fanout84/A (sky130_fd_sc_hd__buf_1)
     8    0.042336    0.245116    0.268212    0.340941 v fanout84/X (sky130_fd_sc_hd__buf_1)
                                                         net84 (net)
                      0.245116    0.000740    0.341682 v _1369_/A (sky130_fd_sc_hd__inv_2)
     6    0.019393    0.118371    0.176248    0.517929 ^ _1369_/Y (sky130_fd_sc_hd__inv_2)
                                                         _0594_ (net)
                      0.118371    0.000031    0.517961 ^ place295/A (sky130_fd_sc_hd__buf_1)
     8    0.031530    0.370714    0.328874    0.846835 ^ place295/X (sky130_fd_sc_hd__buf_1)
                                                         net295 (net)
                      0.370715    0.000592    0.847427 ^ place294/A (sky130_fd_sc_hd__buf_1)
     7    0.026943    0.317023    0.322248    1.169675 ^ place294/X (sky130_fd_sc_hd__buf_1)
                                                         net294 (net)
                      0.317024    0.000657    1.170331 ^ place293/A (sky130_fd_sc_hd__buf_1)
     6    0.017859    0.217734    0.247110    1.417442 ^ place293/X (sky130_fd_sc_hd__buf_1)
                                                         net293 (net)
                      0.217734    0.000097    1.417538 ^ place292/A (sky130_fd_sc_hd__buf_1)
     8    0.026335    0.310558    0.302485    1.720023 ^ place292/X (sky130_fd_sc_hd__buf_1)
                                                         net292 (net)
                      0.310559    0.000352    1.720375 ^ place291/A (sky130_fd_sc_hd__buf_1)
     8    0.024856    0.297361    0.301981    2.022356 ^ place291/X (sky130_fd_sc_hd__buf_1)
                                                         net291 (net)
                      0.297361    0.000126    2.022482 ^ place290/A (sky130_fd_sc_hd__buf_1)
     8    0.024919    0.293925    0.301437    2.323919 ^ place290/X (sky130_fd_sc_hd__buf_1)
                                                         net290 (net)
                      0.293925    0.000214    2.324132 ^ _2544_/A1 (sky130_fd_sc_hd__o211a_2)
     1    0.001959    0.039106    0.211706    2.535838 ^ _2544_/X (sky130_fd_sc_hd__o211a_2)
                                                         _0053_ (net)
                      0.039106    0.000003    2.535841 ^ _2626_/D (sky130_fd_sc_hd__dfxtp_2)
                                              2.535841   data arrival time

                                 20.000000   20.000000   clock clk (rise edge)
                                  0.000000   20.000000   clock source latency
    82    0.230301    1.029756    0.710527   20.710527 ^ clk (in)
                                                         clk (net)
                      1.029815    0.000000   20.710527 ^ _2626_/CLK (sky130_fd_sc_hd__dfxtp_2)
                                 -0.200000   20.510527   clock uncertainty
                                  0.000000   20.510527   clock reconvergence pessimism
                                  0.025529   20.536057   library setup time
                                             20.536057   data required time
---------------------------------------------------------------------------------------------
                                             20.536057   data required time
                                             -2.535841   data arrival time
---------------------------------------------------------------------------------------------
                                             18.000216   slack (MET)


Startpoint: enable (input port clocked by clk)
Endpoint: _2641_ (rising edge-triggered flip-flop clocked by clk)
Path Group: clk
Path Type: max

Fanout         Cap        Slew       Delay        Time   Description
---------------------------------------------------------------------------------------------
                                  0.000000    0.000000   clock clk (rise edge)
                                  0.000000    0.000000   clock network delay (propagated)
                                  0.020000    0.020000 v input external delay
     4    0.033181    0.074332    0.052729    0.072729 v enable (in)
                                                         enable (net)
                      0.074344    0.000000    0.072729 v fanout84/A (sky130_fd_sc_hd__buf_1)
     8    0.042336    0.245116    0.268212    0.340941 v fanout84/X (sky130_fd_sc_hd__buf_1)
                                                         net84 (net)
                      0.245116    0.000740    0.341682 v _1369_/A (sky130_fd_sc_hd__inv_2)
     6    0.019393    0.118371    0.176248    0.517929 ^ _1369_/Y (sky130_fd_sc_hd__inv_2)
                                                         _0594_ (net)
                      0.118371    0.000031    0.517961 ^ place295/A (sky130_fd_sc_hd__buf_1)
     8    0.031530    0.370714    0.328874    0.846835 ^ place295/X (sky130_fd_sc_hd__buf_1)
                                                         net295 (net)
                      0.370715    0.000592    0.847427 ^ place294/A (sky130_fd_sc_hd__buf_1)
     7    0.026943    0.317023    0.322248    1.169675 ^ place294/X (sky130_fd_sc_hd__buf_1)
                                                         net294 (net)
                      0.317024    0.000657    1.170331 ^ place293/A (sky130_fd_sc_hd__buf_1)
     6    0.017859    0.217734    0.247110    1.417442 ^ place293/X (sky130_fd_sc_hd__buf_1)
                                                         net293 (net)
                      0.217734    0.000097    1.417538 ^ place292/A (sky130_fd_sc_hd__buf_1)
     8    0.026335    0.310558    0.302485    1.720023 ^ place292/X (sky130_fd_sc_hd__buf_1)
                                                         net292 (net)
                      0.310559    0.000352    1.720375 ^ place291/A (sky130_fd_sc_hd__buf_1)
     8    0.024856    0.297361    0.301981    2.022356 ^ place291/X (sky130_fd_sc_hd__buf_1)
                                                         net291 (net)
                      0.297361    0.000126    2.022482 ^ place290/A (sky130_fd_sc_hd__buf_1)
     8    0.024919    0.293925    0.301437    2.323919 ^ place290/X (sky130_fd_sc_hd__buf_1)
                                                         net290 (net)
                      0.293925    0.000050    2.323969 ^ _2580_/A1 (sky130_fd_sc_hd__o211a_2)
     1    0.001971    0.039172    0.211779    2.535747 ^ _2580_/X (sky130_fd_sc_hd__o211a_2)
                                                         _0068_ (net)
                      0.039172    0.000002    2.535750 ^ _2641_/D (sky130_fd_sc_hd__dfxtp_2)
                                              2.535750   data arrival time

                                 20.000000   20.000000   clock clk (rise edge)
                                  0.000000   20.000000   clock source latency
    82    0.230301    1.029756    0.710749   20.710749 ^ clk (in)
                                                         clk (net)
                      1.029819    0.000000   20.710749 ^ _2641_/CLK (sky130_fd_sc_hd__dfxtp_2)
                                 -0.200000   20.510750   clock uncertainty
                                  0.000000   20.510750   clock reconvergence pessimism
                                  0.025516   20.536264   library setup time
                                             20.536264   data required time
---------------------------------------------------------------------------------------------
                                             20.536264   data required time
                                             -2.535750   data arrival time
---------------------------------------------------------------------------------------------
                                             18.000515   slack (MET)


Startpoint: enable (input port clocked by clk)
Endpoint: _2639_ (rising edge-triggered flip-flop clocked by clk)
Path Group: clk
Path Type: max

Fanout         Cap        Slew       Delay        Time   Description
---------------------------------------------------------------------------------------------
                                  0.000000    0.000000   clock clk (rise edge)
                                  0.000000    0.000000   clock network delay (propagated)
                                  0.020000    0.020000 v input external delay
     4    0.033181    0.074332    0.052729    0.072729 v enable (in)
                                                         enable (net)
                      0.074344    0.000000    0.072729 v fanout84/A (sky130_fd_sc_hd__buf_1)
     8    0.042336    0.245116    0.268212    0.340941 v fanout84/X (sky130_fd_sc_hd__buf_1)
                                                         net84 (net)
                      0.245116    0.000740    0.341682 v _1369_/A (sky130_fd_sc_hd__inv_2)
     6    0.019393    0.118371    0.176248    0.517929 ^ _1369_/Y (sky130_fd_sc_hd__inv_2)
                                                         _0594_ (net)
                      0.118371    0.000031    0.517961 ^ place295/A (sky130_fd_sc_hd__buf_1)
     8    0.031530    0.370714    0.328874    0.846835 ^ place295/X (sky130_fd_sc_hd__buf_1)
                                                         net295 (net)
                      0.370715    0.000592    0.847427 ^ place294/A (sky130_fd_sc_hd__buf_1)
     7    0.026943    0.317023    0.322248    1.169675 ^ place294/X (sky130_fd_sc_hd__buf_1)
                                                         net294 (net)
                      0.317024    0.000657    1.170331 ^ place293/A (sky130_fd_sc_hd__buf_1)
     6    0.017859    0.217734    0.247110    1.417442 ^ place293/X (sky130_fd_sc_hd__buf_1)
                                                         net293 (net)
                      0.217734    0.000097    1.417538 ^ place292/A (sky130_fd_sc_hd__buf_1)
     8    0.026335    0.310558    0.302485    1.720023 ^ place292/X (sky130_fd_sc_hd__buf_1)
                                                         net292 (net)
                      0.310559    0.000352    1.720375 ^ place291/A (sky130_fd_sc_hd__buf_1)
     8    0.024856    0.297361    0.301981    2.022356 ^ place291/X (sky130_fd_sc_hd__buf_1)
                                                         net291 (net)
                      0.297361    0.000126    2.022482 ^ place290/A (sky130_fd_sc_hd__buf_1)
     8    0.024919    0.293925    0.301437    2.323919 ^ place290/X (sky130_fd_sc_hd__buf_1)
                                                         net290 (net)
                      0.293925    0.000270    2.324189 ^ _2576_/A1 (sky130_fd_sc_hd__o211a_2)
     1    0.001817    0.038301    0.210813    2.535003 ^ _2576_/X (sky130_fd_sc_hd__o211a_2)
                                                         _0066_ (net)
                      0.038301    0.000001    2.535004 ^ _2639_/D (sky130_fd_sc_hd__dfxtp_2)
                                              2.535004   data arrival time

                                 20.000000   20.000000   clock clk (rise edge)
                                  0.000000   20.000000   clock source latency
    82    0.230301    1.029756    0.710221   20.710222 ^ clk (in)
                                                         clk (net)
                      1.029809    0.000000   20.710222 ^ _2639_/CLK (sky130_fd_sc_hd__dfxtp_2)
                                 -0.200000   20.510221   clock uncertainty
                                  0.000000   20.510221   clock reconvergence pessimism
                                  0.025692   20.535913   library setup time
                                             20.535913   data required time
---------------------------------------------------------------------------------------------
                                             20.535913   data required time
                                             -2.535004   data arrival time
---------------------------------------------------------------------------------------------
                                             18.000910   slack (MET)


Startpoint: enable (input port clocked by clk)
Endpoint: _2624_ (rising edge-triggered flip-flop clocked by clk)
Path Group: clk
Path Type: max

Fanout         Cap        Slew       Delay        Time   Description
---------------------------------------------------------------------------------------------
                                  0.000000    0.000000   clock clk (rise edge)
                                  0.000000    0.000000   clock network delay (propagated)
                                  0.020000    0.020000 v input external delay
     4    0.033181    0.074332    0.052729    0.072729 v enable (in)
                                                         enable (net)
                      0.074344    0.000000    0.072729 v fanout84/A (sky130_fd_sc_hd__buf_1)
     8    0.042336    0.245116    0.268212    0.340941 v fanout84/X (sky130_fd_sc_hd__buf_1)
                                                         net84 (net)
                      0.245116    0.000740    0.341682 v _1369_/A (sky130_fd_sc_hd__inv_2)
     6    0.019393    0.118371    0.176248    0.517929 ^ _1369_/Y (sky130_fd_sc_hd__inv_2)
                                                         _0594_ (net)
                      0.118371    0.000031    0.517961 ^ place295/A (sky130_fd_sc_hd__buf_1)
     8    0.031530    0.370714    0.328874    0.846835 ^ place295/X (sky130_fd_sc_hd__buf_1)
                                                         net295 (net)
                      0.370715    0.000592    0.847427 ^ place294/A (sky130_fd_sc_hd__buf_1)
     7    0.026943    0.317023    0.322248    1.169675 ^ place294/X (sky130_fd_sc_hd__buf_1)
                                                         net294 (net)
                      0.317024    0.000657    1.170331 ^ place293/A (sky130_fd_sc_hd__buf_1)
     6    0.017859    0.217734    0.247110    1.417442 ^ place293/X (sky130_fd_sc_hd__buf_1)
                                                         net293 (net)
                      0.217734    0.000097    1.417538 ^ place292/A (sky130_fd_sc_hd__buf_1)
     8    0.026335    0.310558    0.302485    1.720023 ^ place292/X (sky130_fd_sc_hd__buf_1)
                                                         net292 (net)
                      0.310559    0.000352    1.720375 ^ place291/A (sky130_fd_sc_hd__buf_1)
     8    0.024856    0.297361    0.301981    2.022356 ^ place291/X (sky130_fd_sc_hd__buf_1)
                                                         net291 (net)
                      0.297361    0.000126    2.022482 ^ place290/A (sky130_fd_sc_hd__buf_1)
     8    0.024919    0.293925    0.301437    2.323919 ^ place290/X (sky130_fd_sc_hd__buf_1)
                                                         net290 (net)
                      0.293925    0.000165    2.324084 ^ _2539_/A1 (sky130_fd_sc_hd__o211a_2)
     1    0.001819    0.038313    0.210826    2.534911 ^ _2539_/X (sky130_fd_sc_hd__o211a_2)
                                                         _0051_ (net)
                      0.038313    0.000001    2.534912 ^ _2624_/D (sky130_fd_sc_hd__dfxtp_2)
                                              2.534912   data arrival time

                                 20.000000   20.000000   clock clk (rise edge)
                                  0.000000   20.000000   clock source latency
    82    0.230301    1.029756    0.710735   20.710735 ^ clk (in)
                                                         clk (net)
                      1.029818    0.000000   20.710735 ^ _2624_/CLK (sky130_fd_sc_hd__dfxtp_2)
                                 -0.200000   20.510735   clock uncertainty
                                  0.000000   20.510735   clock reconvergence pessimism
                                  0.025690   20.536425   library setup time
                                             20.536425   data required time
---------------------------------------------------------------------------------------------
                                             20.536425   data required time
                                             -2.534912   data arrival time
---------------------------------------------------------------------------------------------
                                             18.001513   slack (MET)


Startpoint: _2633_ (rising edge-triggered flip-flop clocked by clk)
Endpoint: a_out[11] (output port clocked by clk)
Path Group: clk
Path Type: max

Fanout         Cap        Slew       Delay        Time   Description
---------------------------------------------------------------------------------------------
                                  0.000000    0.000000   clock clk (rise edge)
                                  0.000000    0.000000   clock source latency
    82    0.230301    1.029756    0.711866    0.711866 ^ clk (in)
                                                         clk (net)
                      1.029841    0.000000    0.711866 ^ _2633_/CLK (sky130_fd_sc_hd__dfxtp_2)
     4    0.014832    0.083428    0.538569    1.250435 ^ _2633_/Q (sky130_fd_sc_hd__dfxtp_2)
                                                         net265 (net)
                      0.083428    0.000009    1.250444 ^ place265/A (sky130_fd_sc_hd__buf_1)
     8    0.057677    0.668475    0.525915    1.776359 ^ place265/X (sky130_fd_sc_hd__buf_1)
                                                         a_out[11] (net)
                      0.668475    0.000625    1.776984 ^ a_out[11] (out)
                                              1.776984   data arrival time

                                 20.000000   20.000000   clock clk (rise edge)
                                  0.000000   20.000000   clock network delay (propagated)
                                 -0.200000   19.800001   clock uncertainty
                                  0.000000   19.800001   clock reconvergence pessimism
                                 -0.020000   19.780001   output external delay
                                             19.780001   data required time
---------------------------------------------------------------------------------------------
                                             19.780001   data required time
                                             -1.776984   data arrival time
---------------------------------------------------------------------------------------------
                                             18.003017   slack (MET)


Startpoint: _2631_ (rising edge-triggered flip-flop clocked by clk)
Endpoint: a_out[9] (output port clocked by clk)
Path Group: clk
Path Type: max

Fanout         Cap        Slew       Delay        Time   Description
---------------------------------------------------------------------------------------------
                                  0.000000    0.000000   clock clk (rise edge)
                                  0.000000    0.000000   clock source latency
    82    0.230301    1.029756    0.711762    0.711762 ^ clk (in)
                                                         clk (net)
                      1.029839    0.000000    0.711762 ^ _2631_/CLK (sky130_fd_sc_hd__dfxtp_2)
     8    0.030366    0.158288    0.591942    1.303704 ^ _2631_/Q (sky130_fd_sc_hd__dfxtp_2)
                                                         net270 (net)
                      0.158292    0.001057    1.304761 ^ place270/A (sky130_fd_sc_hd__buf_1)
     5    0.048299    0.561578    0.467364    1.772125 ^ place270/X (sky130_fd_sc_hd__buf_1)
                                                         a_out[9] (net)
                      0.561579    0.000672    1.772797 ^ a_out[9] (out)
                                              1.772797   data arrival time

                                 20.000000   20.000000   clock clk (rise edge)
                                  0.000000   20.000000   clock network delay (propagated)
                                 -0.200000   19.800001   clock uncertainty
                                  0.000000   19.800001   clock reconvergence pessimism
                                 -0.020000   19.780001   output external delay
                                             19.780001   data required time
---------------------------------------------------------------------------------------------
                                             19.780001   data required time
                                             -1.772797   data arrival time
---------------------------------------------------------------------------------------------
                                             18.007204   slack (MET)


Startpoint: _2632_ (rising edge-triggered flip-flop clocked by clk)
Endpoint: _2632_ (rising edge-triggered flip-flop clocked by clk)
Path Group: clk
Path Type: max

Fanout         Cap        Slew       Delay        Time   Description
---------------------------------------------------------------------------------------------
                                  0.000000    0.000000   clock clk (rise edge)
                                  0.000000    0.000000   clock source latency
    82    0.230301    1.029756    0.711524    0.711524 ^ clk (in)
                                                         clk (net)
                      1.029834    0.000000    0.711524 ^ _2632_/CLK (sky130_fd_sc_hd__dfxtp_2)
     5    0.021036    0.113329    0.559826    1.271350 ^ _2632_/Q (sky130_fd_sc_hd__dfxtp_2)
                                                         net267 (net)
                      0.113329    0.000154    1.271504 ^ place268/A (sky130_fd_sc_hd__buf_1)
     8    0.028929    0.340972    0.307092    1.578596 ^ place268/X (sky130_fd_sc_hd__buf_1)
                                                         net268 (net)
                      0.340972    0.000185    1.578782 ^ place267/A (sky130_fd_sc_hd__buf_1)
     7    0.058100    0.669719    0.565496    2.144277 ^ place267/X (sky130_fd_sc_hd__buf_1)
                                                         a_out[10] (net)
                      0.669722    0.001213    2.145490 ^ _2555_/B (sky130_fd_sc_hd__or2_2)
     1    0.002567    0.045314    0.215859    2.361349 ^ _2555_/X (sky130_fd_sc_hd__or2_2)
                                                         _0519_ (net)
                      0.045314    0.000002    2.361351 ^ _2556_/C1 (sky130_fd_sc_hd__o211a_2)
     1    0.004732    0.052667    0.163038    2.524389 ^ _2556_/X (sky130_fd_sc_hd__o211a_2)
                                                         _0059_ (net)
                      0.052667    0.000065    2.524453 ^ _2632_/D (sky130_fd_sc_hd__dfxtp_2)
                                              2.524453   data arrival time

                                 20.000000   20.000000   clock clk (rise edge)
                                  0.000000   20.000000   clock source latency
    82    0.230301    1.029756    0.711523   20.711523 ^ clk (in)
                                                         clk (net)
                      1.029834    0.000000   20.711523 ^ _2632_/CLK (sky130_fd_sc_hd__dfxtp_2)
                                 -0.200000   20.511524   clock uncertainty
                                  0.000000   20.511524   clock reconvergence pessimism
                                  0.022781   20.534304   library setup time
                                             20.534304   data required time
---------------------------------------------------------------------------------------------
                                             20.534304   data required time
                                             -2.524453   data arrival time
---------------------------------------------------------------------------------------------
                                             18.009850   slack (MET)


Startpoint: reset (input port clocked by clk)
Endpoint: _2633_ (rising edge-triggered flip-flop clocked by clk)
Path Group: clk
Path Type: max

Fanout         Cap        Slew       Delay        Time   Description
---------------------------------------------------------------------------------------------
                                  0.000000    0.000000   clock clk (rise edge)
                                  0.000000    0.000000   clock network delay (propagated)
                                  0.020000    0.020000 v input external delay
     3    0.022758    0.051877    0.037024    0.057024 v reset (in)
                                                         reset (net)
                      0.051914    0.000000    0.057024 v fanout78/A (sky130_fd_sc_hd__buf_1)
     8    0.040027    0.232443    0.248827    0.305851 v fanout78/X (sky130_fd_sc_hd__buf_1)
                                                         net78 (net)
                      0.232443    0.000734    0.306585 v fanout77/A (sky130_fd_sc_hd__buf_1)
     8    0.046225    0.266291    0.343858    0.650443 v fanout77/X (sky130_fd_sc_hd__buf_1)
                                                         net77 (net)
                      0.266291    0.000219    0.650663 v _1341_/A (sky130_fd_sc_hd__inv_2)
     5    0.015464    0.109149    0.170573    0.821236 ^ _1341_/Y (sky130_fd_sc_hd__inv_2)
                                                         _0577_ (net)
                      0.109149    0.000065    0.821300 ^ place303/A (sky130_fd_sc_hd__buf_1)
     6    0.025294    0.299558    0.276930    1.098230 ^ place303/X (sky130_fd_sc_hd__buf_1)
                                                         net303 (net)
                      0.299561    0.000779    1.099009 ^ place302/A (sky130_fd_sc_hd__buf_1)
     6    0.017999    0.219248    0.247027    1.346036 ^ place302/X (sky130_fd_sc_hd__buf_1)
                                                         net302 (net)
                      0.219248    0.000046    1.346082 ^ place301/A (sky130_fd_sc_hd__buf_1)
     5    0.014244    0.176653    0.207125    1.553207 ^ place301/X (sky130_fd_sc_hd__buf_1)
                                                         net301 (net)
                      0.176653    0.000025    1.553233 ^ place300/A (sky130_fd_sc_hd__buf_1)
     8    0.023174    0.274906    0.271775    1.825007 ^ place300/X (sky130_fd_sc_hd__buf_1)
                                                         net300 (net)
                      0.274906    0.000206    1.825213 ^ place299/A (sky130_fd_sc_hd__buf_1)
     8    0.023264    0.279181    0.286436    2.111649 ^ place299/X (sky130_fd_sc_hd__buf_1)
                                                         net299 (net)
                      0.279181    0.000087    2.111736 ^ _2558_/B1 (sky130_fd_sc_hd__o211a_2)
     1    0.002191    0.040421    0.224433    2.336169 ^ _2558_/X (sky130_fd_sc_hd__o211a_2)
                                                         _0060_ (net)
                      0.040421    0.000005    2.336173 ^ _2633_/D (sky130_fd_sc_hd__dfxtp_2)
                                              2.336173   data arrival time

                                 20.000000   20.000000   clock clk (rise edge)
                                  0.000000   20.000000   clock source latency
    82    0.230301    1.029756    0.711866   20.711866 ^ clk (in)
                                                         clk (net)
                      1.029841    0.000000   20.711866 ^ _2633_/CLK (sky130_fd_sc_hd__dfxtp_2)
                                 -0.200000   20.511866   clock uncertainty
                                  0.000000   20.511866   clock reconvergence pessimism
                                  0.025263   20.537130   library setup time
                                             20.537130   data required time
---------------------------------------------------------------------------------------------
                                             20.537130   data required time
                                             -2.336173   data arrival time
---------------------------------------------------------------------------------------------
                                             18.200956   slack (MET)


Startpoint: reset (input port clocked by clk)
Endpoint: _2635_ (rising edge-triggered flip-flop clocked by clk)
Path Group: clk
Path Type: max

Fanout         Cap        Slew       Delay        Time   Description
---------------------------------------------------------------------------------------------
                                  0.000000    0.000000   clock clk (rise edge)
                                  0.000000    0.000000   clock network delay (propagated)
                                  0.020000    0.020000 v input external delay
     3    0.022758    0.051877    0.037024    0.057024 v reset (in)
                                                         reset (net)
                      0.051914    0.000000    0.057024 v fanout78/A (sky130_fd_sc_hd__buf_1)
     8    0.040027    0.232443    0.248827    0.305851 v fanout78/X (sky130_fd_sc_hd__buf_1)
                                                         net78 (net)
                      0.232443    0.000734    0.306585 v fanout77/A (sky130_fd_sc_hd__buf_1)
     8    0.046225    0.266291    0.343858    0.650443 v fanout77/X (sky130_fd_sc_hd__buf_1)
                                                         net77 (net)
                      0.266291    0.000219    0.650663 v _1341_/A (sky130_fd_sc_hd__inv_2)
     5    0.015464    0.109149    0.170573    0.821236 ^ _1341_/Y (sky130_fd_sc_hd__inv_2)
                                                         _0577_ (net)
                      0.109149    0.000065    0.821300 ^ place303/A (sky130_fd_sc_hd__buf_1)
     6    0.025294    0.299558    0.276930    1.098230 ^ place303/X (sky130_fd_sc_hd__buf_1)
                                                         net303 (net)
                      0.299561    0.000779    1.099009 ^ place302/A (sky130_fd_sc_hd__buf_1)
     6    0.017999    0.219248    0.247027    1.346036 ^ place302/X (sky130_fd_sc_hd__buf_1)
                                                         net302 (net)
                      0.219248    0.000046    1.346082 ^ place301/A (sky130_fd_sc_hd__buf_1)
     5    0.014244    0.176653    0.207125    1.553207 ^ place301/X (sky130_fd_sc_hd__buf_1)
                                                         net301 (net)
                      0.176653    0.000025    1.553233 ^ place300/A (sky130_fd_sc_hd__buf_1)
     8    0.023174    0.274906    0.271775    1.825007 ^ place300/X (sky130_fd_sc_hd__buf_1)
                                                         net300 (net)
                      0.274906    0.000206    1.825213 ^ place299/A (sky130_fd_sc_hd__buf_1)
     8    0.023264    0.279181    0.286436    2.111649 ^ place299/X (sky130_fd_sc_hd__buf_1)
                                                         net299 (net)
                      0.279181    0.000030    2.111679 ^ _2562_/B1 (sky130_fd_sc_hd__o211a_2)
     1    0.001997    0.039623    0.223186    2.334865 ^ _2562_/X (sky130_fd_sc_hd__o211a_2)
                                                         _0062_ (net)
                      0.039623    0.000004    2.334868 ^ _2635_/D (sky130_fd_sc_hd__dfxtp_2)
                                              2.334868   data arrival time

                                 20.000000   20.000000   clock clk (rise edge)
                                  0.000000   20.000000   clock source latency
    82    0.230301    1.029756    0.711816   20.711817 ^ clk (in)
                                                         clk (net)
                      1.029840    0.000000   20.711817 ^ _2635_/CLK (sky130_fd_sc_hd__dfxtp_2)
                                 -0.200000   20.511816   clock uncertainty
                                  0.000000   20.511816   clock reconvergence pessimism
                                  0.025425   20.537241   library setup time
                                             20.537241   data required time
---------------------------------------------------------------------------------------------
                                             20.537241   data required time
                                             -2.334868   data arrival time
---------------------------------------------------------------------------------------------
                                             18.202374   slack (MET)


Startpoint: reset (input port clocked by clk)
Endpoint: _2634_ (rising edge-triggered flip-flop clocked by clk)
Path Group: clk
Path Type: max

Fanout         Cap        Slew       Delay        Time   Description
---------------------------------------------------------------------------------------------
                                  0.000000    0.000000   clock clk (rise edge)
                                  0.000000    0.000000   clock network delay (propagated)
                                  0.020000    0.020000 v input external delay
     3    0.022758    0.051877    0.037024    0.057024 v reset (in)
                                                         reset (net)
                      0.051914    0.000000    0.057024 v fanout78/A (sky130_fd_sc_hd__buf_1)
     8    0.040027    0.232443    0.248827    0.305851 v fanout78/X (sky130_fd_sc_hd__buf_1)
                                                         net78 (net)
                      0.232443    0.000734    0.306585 v fanout77/A (sky130_fd_sc_hd__buf_1)
     8    0.046225    0.266291    0.343858    0.650443 v fanout77/X (sky130_fd_sc_hd__buf_1)
                                                         net77 (net)
                      0.266291    0.000219    0.650663 v _1341_/A (sky130_fd_sc_hd__inv_2)
     5    0.015464    0.109149    0.170573    0.821236 ^ _1341_/Y (sky130_fd_sc_hd__inv_2)
                                                         _0577_ (net)
                      0.109149    0.000065    0.821300 ^ place303/A (sky130_fd_sc_hd__buf_1)
     6    0.025294    0.299558    0.276930    1.098230 ^ place303/X (sky130_fd_sc_hd__buf_1)
                                                         net303 (net)
                      0.299561    0.000779    1.099009 ^ place302/A (sky130_fd_sc_hd__buf_1)
     6    0.017999    0.219248    0.247027    1.346036 ^ place302/X (sky130_fd_sc_hd__buf_1)
                                                         net302 (net)
                      0.219248    0.000046    1.346082 ^ place301/A (sky130_fd_sc_hd__buf_1)
     5    0.014244    0.176653    0.207125    1.553207 ^ place301/X (sky130_fd_sc_hd__buf_1)
                                                         net301 (net)
                      0.176653    0.000025    1.553233 ^ place300/A (sky130_fd_sc_hd__buf_1)
     8    0.023174    0.274906    0.271775    1.825007 ^ place300/X (sky130_fd_sc_hd__buf_1)
                                                         net300 (net)
                      0.274906    0.000206    1.825213 ^ place299/A (sky130_fd_sc_hd__buf_1)
     8    0.023264    0.279181    0.286436    2.111649 ^ place299/X (sky130_fd_sc_hd__buf_1)
                                                         net299 (net)
                      0.279181    0.000096    2.111744 ^ _2560_/B1 (sky130_fd_sc_hd__o211a_2)
     1    0.001941    0.039035    0.222823    2.334568 ^ _2560_/X (sky130_fd_sc_hd__o211a_2)
                                                         _0061_ (net)
                      0.039035    0.000002    2.334570 ^ _2634_/D (sky130_fd_sc_hd__dfxtp_2)
                                              2.334570   data arrival time

                                 20.000000   20.000000   clock clk (rise edge)
                                  0.000000   20.000000   clock source latency
    82    0.230301    1.029756    0.711873   20.711874 ^ clk (in)
                                                         clk (net)
                      1.029842    0.000000   20.711874 ^ _2634_/CLK (sky130_fd_sc_hd__dfxtp_2)
                                 -0.200000   20.511873   clock uncertainty
                                  0.000000   20.511873   clock reconvergence pessimism
                                  0.025544   20.537418   library setup time
                                             20.537418   data required time
---------------------------------------------------------------------------------------------
                                             20.537418   data required time
                                             -2.334570   data arrival time
---------------------------------------------------------------------------------------------
                                             18.202848   slack (MET)


Startpoint: reset (input port clocked by clk)
Endpoint: _2636_ (rising edge-triggered flip-flop clocked by clk)
Path Group: clk
Path Type: max

Fanout         Cap        Slew       Delay        Time   Description
---------------------------------------------------------------------------------------------
                                  0.000000    0.000000   clock clk (rise edge)
                                  0.000000    0.000000   clock network delay (propagated)
                                  0.020000    0.020000 v input external delay
     3    0.022758    0.051877    0.037024    0.057024 v reset (in)
                                                         reset (net)
                      0.051914    0.000000    0.057024 v fanout78/A (sky130_fd_sc_hd__buf_1)
     8    0.040027    0.232443    0.248827    0.305851 v fanout78/X (sky130_fd_sc_hd__buf_1)
                                                         net78 (net)
                      0.232443    0.000734    0.306585 v fanout77/A (sky130_fd_sc_hd__buf_1)
     8    0.046225    0.266291    0.343858    0.650443 v fanout77/X (sky130_fd_sc_hd__buf_1)
                                                         net77 (net)
                      0.266291    0.000219    0.650663 v _1341_/A (sky130_fd_sc_hd__inv_2)
     5    0.015464    0.109149    0.170573    0.821236 ^ _1341_/Y (sky130_fd_sc_hd__inv_2)
                                                         _0577_ (net)
                      0.109149    0.000065    0.821300 ^ place303/A (sky130_fd_sc_hd__buf_1)
     6    0.025294    0.299558    0.276930    1.098230 ^ place303/X (sky130_fd_sc_hd__buf_1)
                                                         net303 (net)
                      0.299561    0.000779    1.099009 ^ place302/A (sky130_fd_sc_hd__buf_1)
     6    0.017999    0.219248    0.247027    1.346036 ^ place302/X (sky130_fd_sc_hd__buf_1)
                                                         net302 (net)
                      0.219248    0.000046    1.346082 ^ place301/A (sky130_fd_sc_hd__buf_1)
     5    0.014244    0.176653    0.207125    1.553207 ^ place301/X (sky130_fd_sc_hd__buf_1)
                                                         net301 (net)
                      0.176653    0.000025    1.553233 ^ place300/A (sky130_fd_sc_hd__buf_1)
     8    0.023174    0.274906    0.271775    1.825007 ^ place300/X (sky130_fd_sc_hd__buf_1)
                                                         net300 (net)
                      0.274906    0.000206    1.825213 ^ place299/A (sky130_fd_sc_hd__buf_1)
     8    0.023264    0.279181    0.286436    2.111649 ^ place299/X (sky130_fd_sc_hd__buf_1)
                                                         net299 (net)
                      0.279181    0.000050    2.111699 ^ _2564_/B1 (sky130_fd_sc_hd__o211a_2)
     1    0.001694    0.037671    0.221240    2.332939 ^ _2564_/X (sky130_fd_sc_hd__o211a_2)
                                                         _0063_ (net)
                      0.037671    0.000000    2.332939 ^ _2636_/D (sky130_fd_sc_hd__dfxtp_2)
                                              2.332939   data arrival time

                                 20.000000   20.000000   clock clk (rise edge)
                                  0.000000   20.000000   clock source latency
    82    0.230301    1.029756    0.711733   20.711733 ^ clk (in)
                                                         clk (net)
                      1.029839    0.000000   20.711733 ^ _2636_/CLK (sky130_fd_sc_hd__dfxtp_2)
                                 -0.200000   20.511734   clock uncertainty
                                  0.000000   20.511734   clock reconvergence pessimism
                                  0.025821   20.537554   library setup time
                                             20.537554   data required time
---------------------------------------------------------------------------------------------
                                             20.537554   data required time
                                             -2.332939   data arrival time
---------------------------------------------------------------------------------------------
                                             18.204615   slack (MET)


Startpoint: reset (input port clocked by clk)
Endpoint: _2637_ (rising edge-triggered flip-flop clocked by clk)
Path Group: clk
Path Type: max

Fanout         Cap        Slew       Delay        Time   Description
---------------------------------------------------------------------------------------------
                                  0.000000    0.000000   clock clk (rise edge)
                                  0.000000    0.000000   clock network delay (propagated)
                                  0.020000    0.020000 v input external delay
     3    0.022758    0.051877    0.037024    0.057024 v reset (in)
                                                         reset (net)
                      0.051914    0.000000    0.057024 v fanout78/A (sky130_fd_sc_hd__buf_1)
     8    0.040027    0.232443    0.248827    0.305851 v fanout78/X (sky130_fd_sc_hd__buf_1)
                                                         net78 (net)
                      0.232443    0.000734    0.306585 v fanout77/A (sky130_fd_sc_hd__buf_1)
     8    0.046225    0.266291    0.343858    0.650443 v fanout77/X (sky130_fd_sc_hd__buf_1)
                                                         net77 (net)
                      0.266291    0.000219    0.650663 v _1341_/A (sky130_fd_sc_hd__inv_2)
     5    0.015464    0.109149    0.170573    0.821236 ^ _1341_/Y (sky130_fd_sc_hd__inv_2)
                                                         _0577_ (net)
                      0.109149    0.000065    0.821300 ^ place303/A (sky130_fd_sc_hd__buf_1)
     6    0.025294    0.299558    0.276930    1.098230 ^ place303/X (sky130_fd_sc_hd__buf_1)
                                                         net303 (net)
                      0.299561    0.000779    1.099009 ^ place302/A (sky130_fd_sc_hd__buf_1)
     6    0.017999    0.219248    0.247027    1.346036 ^ place302/X (sky130_fd_sc_hd__buf_1)
                                                         net302 (net)
                      0.219248    0.000046    1.346082 ^ place301/A (sky130_fd_sc_hd__buf_1)
     5    0.014244    0.176653    0.207125    1.553207 ^ place301/X (sky130_fd_sc_hd__buf_1)
                                                         net301 (net)
                      0.176653    0.000025    1.553233 ^ place300/A (sky130_fd_sc_hd__buf_1)
     8    0.023174    0.274906    0.271775    1.825007 ^ place300/X (sky130_fd_sc_hd__buf_1)
                                                         net300 (net)
                      0.274906    0.000206    1.825213 ^ place299/A (sky130_fd_sc_hd__buf_1)
     8    0.023264    0.279181    0.286436    2.111649 ^ place299/X (sky130_fd_sc_hd__buf_1)
                                                         net299 (net)
                      0.279181    0.000097    2.111746 ^ _2572_/C1 (sky130_fd_sc_hd__o211a_2)
     1    0.002096    0.040182    0.220628    2.332374 ^ _2572_/X (sky130_fd_sc_hd__o211a_2)
                                                         _0064_ (net)
                      0.040182    0.000004    2.332378 ^ _2637_/D (sky130_fd_sc_hd__dfxtp_2)
                                              2.332378   data arrival time

                                 20.000000   20.000000   clock clk (rise edge)
                                  0.000000   20.000000   clock source latency
    82    0.230301    1.029756    0.711871   20.711872 ^ clk (in)
                                                         clk (net)
                      1.029842    0.000000   20.711872 ^ _2637_/CLK (sky130_fd_sc_hd__dfxtp_2)
                                 -0.200000   20.511871   clock uncertainty
                                  0.000000   20.511871   clock reconvergence pessimism
                                  0.025312   20.537184   library setup time
                                             20.537184   data required time
---------------------------------------------------------------------------------------------
                                             20.537184   data required time
                                             -2.332378   data arrival time
---------------------------------------------------------------------------------------------
                                             18.204805   slack (MET)


Startpoint: reset (input port clocked by clk)
Endpoint: _2666_ (rising edge-triggered flip-flop clocked by clk)
Path Group: clk
Path Type: max

Fanout         Cap        Slew       Delay        Time   Description
---------------------------------------------------------------------------------------------
                                  0.000000    0.000000   clock clk (rise edge)
                                  0.000000    0.000000   clock network delay (propagated)
                                  0.020000    0.020000 v input external delay
     3    0.022758    0.051877    0.037024    0.057024 v reset (in)
                                                         reset (net)
                      0.051914    0.000000    0.057024 v fanout78/A (sky130_fd_sc_hd__buf_1)
     8    0.040027    0.232443    0.248827    0.305851 v fanout78/X (sky130_fd_sc_hd__buf_1)
                                                         net78 (net)
                      0.232443    0.000734    0.306585 v fanout77/A (sky130_fd_sc_hd__buf_1)
     8    0.046225    0.266291    0.343858    0.650443 v fanout77/X (sky130_fd_sc_hd__buf_1)
                                                         net77 (net)
                      0.266291    0.000219    0.650663 v _1341_/A (sky130_fd_sc_hd__inv_2)
     5    0.015464    0.109149    0.170573    0.821236 ^ _1341_/Y (sky130_fd_sc_hd__inv_2)
                                                         _0577_ (net)
                      0.109149    0.000065    0.821300 ^ place303/A (sky130_fd_sc_hd__buf_1)
     6    0.025294    0.299558    0.276930    1.098230 ^ place303/X (sky130_fd_sc_hd__buf_1)
                                                         net303 (net)
                      0.299561    0.000779    1.099009 ^ place302/A (sky130_fd_sc_hd__buf_1)
     6    0.017999    0.219248    0.247027    1.346036 ^ place302/X (sky130_fd_sc_hd__buf_1)
                                                         net302 (net)
                      0.219248    0.000046    1.346082 ^ place301/A (sky130_fd_sc_hd__buf_1)
     5    0.014244    0.176653    0.207125    1.553207 ^ place301/X (sky130_fd_sc_hd__buf_1)
                                                         net301 (net)
                      0.176653    0.000025    1.553233 ^ place300/A (sky130_fd_sc_hd__buf_1)
     8    0.023174    0.274906    0.271775    1.825007 ^ place300/X (sky130_fd_sc_hd__buf_1)
                                                         net300 (net)
                      0.274906    0.000206    1.825213 ^ place299/A (sky130_fd_sc_hd__buf_1)
     8    0.023264    0.279181    0.286436    2.111649 ^ place299/X (sky130_fd_sc_hd__buf_1)
                                                         net299 (net)
                      0.279181    0.000018    2.111667 ^ _1362_/C1 (sky130_fd_sc_hd__o211a_2)
     1    0.001848    0.038657    0.219071    2.330738 ^ _1362_/X (sky130_fd_sc_hd__o211a_2)
                                                         _0011_ (net)
                      0.038657    0.000002    2.330740 ^ _2666_/D (sky130_fd_sc_hd__dfxtp_2)
                                              2.330740   data arrival time

                                 20.000000   20.000000   clock clk (rise edge)
                                  0.000000   20.000000   clock source latency
    82    0.230301    1.029756    0.711685   20.711685 ^ clk (in)
                                                         clk (net)
                      1.029838    0.000000   20.711685 ^ _2666_/CLK (sky130_fd_sc_hd__dfxtp_2)
                                 -0.200000   20.511686   clock uncertainty
                                  0.000000   20.511686   clock reconvergence pessimism
                                  0.025621   20.537306   library setup time
                                             20.537306   data required time
---------------------------------------------------------------------------------------------
                                             20.537306   data required time
                                             -2.330740   data arrival time
---------------------------------------------------------------------------------------------
                                             18.206566   slack (MET)


Startpoint: reset (input port clocked by clk)
Endpoint: _2665_ (rising edge-triggered flip-flop clocked by clk)
Path Group: clk
Path Type: max

Fanout         Cap        Slew       Delay        Time   Description
---------------------------------------------------------------------------------------------
                                  0.000000    0.000000   clock clk (rise edge)
                                  0.000000    0.000000   clock network delay (propagated)
                                  0.020000    0.020000 v input external delay
     3    0.022758    0.051877    0.037024    0.057024 v reset (in)
                                                         reset (net)
                      0.051914    0.000000    0.057024 v fanout78/A (sky130_fd_sc_hd__buf_1)
     8    0.040027    0.232443    0.248827    0.305851 v fanout78/X (sky130_fd_sc_hd__buf_1)
                                                         net78 (net)
                      0.232443    0.000734    0.306585 v fanout77/A (sky130_fd_sc_hd__buf_1)
     8    0.046225    0.266291    0.343858    0.650443 v fanout77/X (sky130_fd_sc_hd__buf_1)
                                                         net77 (net)
                      0.266291    0.000219    0.650663 v _1341_/A (sky130_fd_sc_hd__inv_2)
     5    0.015464    0.109149    0.170573    0.821236 ^ _1341_/Y (sky130_fd_sc_hd__inv_2)
                                                         _0577_ (net)
                      0.109149    0.000065    0.821300 ^ place303/A (sky130_fd_sc_hd__buf_1)
     6    0.025294    0.299558    0.276930    1.098230 ^ place303/X (sky130_fd_sc_hd__buf_1)
                                                         net303 (net)
                      0.299561    0.000779    1.099009 ^ place302/A (sky130_fd_sc_hd__buf_1)
     6    0.017999    0.219248    0.247027    1.346036 ^ place302/X (sky130_fd_sc_hd__buf_1)
                                                         net302 (net)
                      0.219248    0.000046    1.346082 ^ place301/A (sky130_fd_sc_hd__buf_1)
     5    0.014244    0.176653    0.207125    1.553207 ^ place301/X (sky130_fd_sc_hd__buf_1)
                                                         net301 (net)
                      0.176653    0.000025    1.553233 ^ place300/A (sky130_fd_sc_hd__buf_1)
     8    0.023174    0.274906    0.271775    1.825007 ^ place300/X (sky130_fd_sc_hd__buf_1)
                                                         net300 (net)
                      0.274906    0.000206    1.825213 ^ place299/A (sky130_fd_sc_hd__buf_1)
     8    0.023264    0.279181    0.286436    2.111649 ^ place299/X (sky130_fd_sc_hd__buf_1)
                                                         net299 (net)
                      0.279181    0.000014    2.111663 ^ _1360_/C1 (sky130_fd_sc_hd__o211a_2)
     1    0.001766    0.038206    0.218556    2.330218 ^ _1360_/X (sky130_fd_sc_hd__o211a_2)
                                                         _0010_ (net)
                      0.038206    0.000000    2.330219 ^ _2665_/D (sky130_fd_sc_hd__dfxtp_2)
                                              2.330219   data arrival time

                                 20.000000   20.000000   clock clk (rise edge)
                                  0.000000   20.000000   clock source latency
    82    0.230301    1.029756    0.711683   20.711683 ^ clk (in)
                                                         clk (net)
                      1.029837    0.000000   20.711683 ^ _2665_/CLK (sky130_fd_sc_hd__dfxtp_2)
                                 -0.200000   20.511684   clock uncertainty
                                  0.000000   20.511684   clock reconvergence pessimism
                                  0.025712   20.537395   library setup time
                                             20.537395   data required time
---------------------------------------------------------------------------------------------
                                             20.537395   data required time
                                             -2.330219   data arrival time
---------------------------------------------------------------------------------------------
                                             18.207176   slack (MET)


Startpoint: _2688_ (rising edge-triggered flip-flop clocked by clk)
Endpoint: acc_out[0] (output port clocked by clk)
Path Group: clk
Path Type: max

Fanout         Cap        Slew       Delay        Time   Description
---------------------------------------------------------------------------------------------
                                  0.000000    0.000000   clock clk (rise edge)
                                  0.000000    0.000000   clock source latency
    82    0.230301    1.029756    0.710078    0.710078 ^ clk (in)
                                                         clk (net)
                      1.029807    0.000000    0.710078 ^ _2688_/CLK (sky130_fd_sc_hd__dfxtp_2)
     8    0.030371    0.158191    0.592360    1.302438 ^ _2688_/Q (sky130_fd_sc_hd__dfxtp_2)
                                                         r4_acc[0] (net)
                      0.158191    0.000354    1.302792 ^ _2707_/A (sky130_fd_sc_hd__buf_2)
     1    0.034721    0.172675    0.238054    1.540845 ^ _2707_/X (sky130_fd_sc_hd__buf_2)
                                                         acc_out[0] (net)
                      0.172675    0.000294    1.541140 ^ acc_out[0] (out)
                                              1.541140   data arrival time

                                 20.000000   20.000000   clock clk (rise edge)
                                  0.000000   20.000000   clock network delay (propagated)
                                 -0.200000   19.800001   clock uncertainty
                                  0.000000   19.800001   clock reconvergence pessimism
                                 -0.020000   19.780001   output external delay
                                             19.780001   data required time
---------------------------------------------------------------------------------------------
                                             19.780001   data required time
                                             -1.541140   data arrival time
---------------------------------------------------------------------------------------------
                                             18.238861   slack (MET)


Startpoint: _2637_ (rising edge-triggered flip-flop clocked by clk)
Endpoint: a_out[15] (output port clocked by clk)
Path Group: clk
Path Type: max

Fanout         Cap        Slew       Delay        Time   Description
---------------------------------------------------------------------------------------------
                                  0.000000    0.000000   clock clk (rise edge)
                                  0.000000    0.000000   clock source latency
    82    0.230301    1.029756    0.711871    0.711871 ^ clk (in)
                                                         clk (net)
                      1.029842    0.000000    0.711871 ^ _2637_/CLK (sky130_fd_sc_hd__dfxtp_2)
     4    0.017917    0.098291    0.549267    1.261138 ^ _2637_/Q (sky130_fd_sc_hd__dfxtp_2)
                                                         s1_sign_a (net)
                      0.098291    0.000015    1.261154 ^ _2706_/A (sky130_fd_sc_hd__buf_2)
     1    0.034615    0.171997    0.219153    1.480306 ^ _2706_/X (sky130_fd_sc_hd__buf_2)
                                                         a_out[15] (net)
                      0.171997    0.000267    1.480574 ^ a_out[15] (out)
                                              1.480574   data arrival time

                                 20.000000   20.000000   clock clk (rise edge)
                                  0.000000   20.000000   clock network delay (propagated)
                                 -0.200000   19.800001   clock uncertainty
                                  0.000000   19.800001   clock reconvergence pessimism
                                 -0.020000   19.780001   output external delay
                                             19.780001   data required time
---------------------------------------------------------------------------------------------
                                             19.780001   data required time
                                             -1.480574   data arrival time
---------------------------------------------------------------------------------------------
                                             18.299427   slack (MET)


Startpoint: enable (input port clocked by clk)
Endpoint: _2643_ (rising edge-triggered flip-flop clocked by clk)
Path Group: clk
Path Type: max

Fanout         Cap        Slew       Delay        Time   Description
---------------------------------------------------------------------------------------------
                                  0.000000    0.000000   clock clk (rise edge)
                                  0.000000    0.000000   clock network delay (propagated)
                                  0.020000    0.020000 v input external delay
     4    0.033181    0.074332    0.052729    0.072729 v enable (in)
                                                         enable (net)
                      0.074344    0.000000    0.072729 v fanout84/A (sky130_fd_sc_hd__buf_1)
     8    0.042336    0.245116    0.268212    0.340941 v fanout84/X (sky130_fd_sc_hd__buf_1)
                                                         net84 (net)
                      0.245116    0.000740    0.341682 v _1369_/A (sky130_fd_sc_hd__inv_2)
     6    0.019393    0.118371    0.176248    0.517929 ^ _1369_/Y (sky130_fd_sc_hd__inv_2)
                                                         _0594_ (net)
                      0.118371    0.000031    0.517961 ^ place295/A (sky130_fd_sc_hd__buf_1)
     8    0.031530    0.370714    0.328874    0.846835 ^ place295/X (sky130_fd_sc_hd__buf_1)
                                                         net295 (net)
                      0.370715    0.000592    0.847427 ^ place294/A (sky130_fd_sc_hd__buf_1)
     7    0.026943    0.317023    0.322248    1.169675 ^ place294/X (sky130_fd_sc_hd__buf_1)
                                                         net294 (net)
                      0.317024    0.000657    1.170331 ^ place293/A (sky130_fd_sc_hd__buf_1)
     6    0.017859    0.217734    0.247110    1.417442 ^ place293/X (sky130_fd_sc_hd__buf_1)
                                                         net293 (net)
                      0.217734    0.000097    1.417538 ^ place292/A (sky130_fd_sc_hd__buf_1)
     8    0.026335    0.310558    0.302485    1.720023 ^ place292/X (sky130_fd_sc_hd__buf_1)
                                                         net292 (net)
                      0.310559    0.000352    1.720375 ^ place291/A (sky130_fd_sc_hd__buf_1)
     8    0.024856    0.297361    0.301981    2.022356 ^ place291/X (sky130_fd_sc_hd__buf_1)
                                                         net291 (net)
                      0.297361    0.000051    2.022407 ^ _2584_/A1 (sky130_fd_sc_hd__o211a_2)
     1    0.002169    0.040342    0.213480    2.235887 ^ _2584_/X (sky130_fd_sc_hd__o211a_2)
                                                         _0070_ (net)
                      0.040342    0.000004    2.235891 ^ _2643_/D (sky130_fd_sc_hd__dfxtp_2)
                                              2.235891   data arrival time

                                 20.000000   20.000000   clock clk (rise edge)
                                  0.000000   20.000000   clock source latency
    82    0.230301    1.029756    0.711188   20.711187 ^ clk (in)
                                                         clk (net)
                      1.029827    0.000000   20.711187 ^ _2643_/CLK (sky130_fd_sc_hd__dfxtp_2)
                                 -0.200000   20.511189   clock uncertainty
                                  0.000000   20.511189   clock reconvergence pessimism
                                  0.025279   20.536467   library setup time
                                             20.536467   data required time
---------------------------------------------------------------------------------------------
                                             20.536467   data required time
                                             -2.235891   data arrival time
---------------------------------------------------------------------------------------------
                                             18.300575   slack (MET)


Startpoint: enable (input port clocked by clk)
Endpoint: _2627_ (rising edge-triggered flip-flop clocked by clk)
Path Group: clk
Path Type: max

Fanout         Cap        Slew       Delay        Time   Description
---------------------------------------------------------------------------------------------
                                  0.000000    0.000000   clock clk (rise edge)
                                  0.000000    0.000000   clock network delay (propagated)
                                  0.020000    0.020000 v input external delay
     4    0.033181    0.074332    0.052729    0.072729 v enable (in)
                                                         enable (net)
                      0.074344    0.000000    0.072729 v fanout84/A (sky130_fd_sc_hd__buf_1)
     8    0.042336    0.245116    0.268212    0.340941 v fanout84/X (sky130_fd_sc_hd__buf_1)
                                                         net84 (net)
                      0.245116    0.000740    0.341682 v _1369_/A (sky130_fd_sc_hd__inv_2)
     6    0.019393    0.118371    0.176248    0.517929 ^ _1369_/Y (sky130_fd_sc_hd__inv_2)
                                                         _0594_ (net)
                      0.118371    0.000031    0.517961 ^ place295/A (sky130_fd_sc_hd__buf_1)
     8    0.031530    0.370714    0.328874    0.846835 ^ place295/X (sky130_fd_sc_hd__buf_1)
                                                         net295 (net)
                      0.370715    0.000592    0.847427 ^ place294/A (sky130_fd_sc_hd__buf_1)
     7    0.026943    0.317023    0.322248    1.169675 ^ place294/X (sky130_fd_sc_hd__buf_1)
                                                         net294 (net)
                      0.317024    0.000657    1.170331 ^ place293/A (sky130_fd_sc_hd__buf_1)
     6    0.017859    0.217734    0.247110    1.417442 ^ place293/X (sky130_fd_sc_hd__buf_1)
                                                         net293 (net)
                      0.217734    0.000097    1.417538 ^ place292/A (sky130_fd_sc_hd__buf_1)
     8    0.026335    0.310558    0.302485    1.720023 ^ place292/X (sky130_fd_sc_hd__buf_1)
                                                         net292 (net)
                      0.310559    0.000352    1.720375 ^ place291/A (sky130_fd_sc_hd__buf_1)
     8    0.024856    0.297361    0.301981    2.022356 ^ place291/X (sky130_fd_sc_hd__buf_1)
                                                         net291 (net)
                      0.297361    0.000116    2.022472 ^ _2546_/A1 (sky130_fd_sc_hd__o211a_2)
     1    0.002087    0.040170    0.212964    2.235436 ^ _2546_/X (sky130_fd_sc_hd__o211a_2)
                                                         _0054_ (net)
                      0.040170    0.000004    2.235440 ^ _2627_/D (sky130_fd_sc_hd__dfxtp_2)
                                              2.235440   data arrival time

                                 20.000000   20.000000   clock clk (rise edge)
                                  0.000000   20.000000   clock source latency
    82    0.230301    1.029756    0.711173   20.711174 ^ clk (in)
                                                         clk (net)
                      1.029827    0.000000   20.711174 ^ _2627_/CLK (sky130_fd_sc_hd__dfxtp_2)
                                 -0.200000   20.511173   clock uncertainty
                                  0.000000   20.511173   clock reconvergence pessimism
                                  0.025314   20.536488   library setup time
                                             20.536488   data required time
---------------------------------------------------------------------------------------------
                                             20.536488   data required time
                                             -2.235440   data arrival time
---------------------------------------------------------------------------------------------
                                             18.301046   slack (MET)


Startpoint: enable (input port clocked by clk)
Endpoint: _2628_ (rising edge-triggered flip-flop clocked by clk)
Path Group: clk
Path Type: max

Fanout         Cap        Slew       Delay        Time   Description
---------------------------------------------------------------------------------------------
                                  0.000000    0.000000   clock clk (rise edge)
                                  0.000000    0.000000   clock network delay (propagated)
                                  0.020000    0.020000 v input external delay
     4    0.033181    0.074332    0.052729    0.072729 v enable (in)
                                                         enable (net)
                      0.074344    0.000000    0.072729 v fanout84/A (sky130_fd_sc_hd__buf_1)
     8    0.042336    0.245116    0.268212    0.340941 v fanout84/X (sky130_fd_sc_hd__buf_1)
                                                         net84 (net)
                      0.245116    0.000740    0.341682 v _1369_/A (sky130_fd_sc_hd__inv_2)
     6    0.019393    0.118371    0.176248    0.517929 ^ _1369_/Y (sky130_fd_sc_hd__inv_2)
                                                         _0594_ (net)
                      0.118371    0.000031    0.517961 ^ place295/A (sky130_fd_sc_hd__buf_1)
     8    0.031530    0.370714    0.328874    0.846835 ^ place295/X (sky130_fd_sc_hd__buf_1)
                                                         net295 (net)
                      0.370715    0.000592    0.847427 ^ place294/A (sky130_fd_sc_hd__buf_1)
     7    0.026943    0.317023    0.322248    1.169675 ^ place294/X (sky130_fd_sc_hd__buf_1)
                                                         net294 (net)
                      0.317024    0.000657    1.170331 ^ place293/A (sky130_fd_sc_hd__buf_1)
     6    0.017859    0.217734    0.247110    1.417442 ^ place293/X (sky130_fd_sc_hd__buf_1)
                                                         net293 (net)
                      0.217734    0.000097    1.417538 ^ place292/A (sky130_fd_sc_hd__buf_1)
     8    0.026335    0.310558    0.302485    1.720023 ^ place292/X (sky130_fd_sc_hd__buf_1)
                                                         net292 (net)
                      0.310559    0.000352    1.720375 ^ place291/A (sky130_fd_sc_hd__buf_1)
     8    0.024856    0.297361    0.301981    2.022356 ^ place291/X (sky130_fd_sc_hd__buf_1)
                                                         net291 (net)
                      0.297361    0.000113    2.022469 ^ _2548_/A1 (sky130_fd_sc_hd__o211a_2)
     1    0.002078    0.040117    0.212905    2.235373 ^ _2548_/X (sky130_fd_sc_hd__o211a_2)
                                                         _0055_ (net)
                      0.040117    0.000004    2.235377 ^ _2628_/D (sky130_fd_sc_hd__dfxtp_2)
                                              2.235377   data arrival time

                                 20.000000   20.000000   clock clk (rise edge)
                                  0.000000   20.000000   clock source latency
    82    0.230301    1.029756    0.711200   20.711201 ^ clk (in)
                                                         clk (net)
                      1.029827    0.000000   20.711201 ^ _2628_/CLK (sky130_fd_sc_hd__dfxtp_2)
                                 -0.200000   20.511200   clock uncertainty
                                  0.000000   20.511200   clock reconvergence pessimism
                                  0.025324   20.536524   library setup time
                                             20.536524   data required time
---------------------------------------------------------------------------------------------
                                             20.536524   data required time
                                             -2.235377   data arrival time
---------------------------------------------------------------------------------------------
                                             18.301147   slack (MET)


Startpoint: enable (input port clocked by clk)
Endpoint: _2644_ (rising edge-triggered flip-flop clocked by clk)
Path Group: clk
Path Type: max

Fanout         Cap        Slew       Delay        Time   Description
---------------------------------------------------------------------------------------------
                                  0.000000    0.000000   clock clk (rise edge)
                                  0.000000    0.000000   clock network delay (propagated)
                                  0.020000    0.020000 v input external delay
     4    0.033181    0.074332    0.052729    0.072729 v enable (in)
                                                         enable (net)
                      0.074344    0.000000    0.072729 v fanout84/A (sky130_fd_sc_hd__buf_1)
     8    0.042336    0.245116    0.268212    0.340941 v fanout84/X (sky130_fd_sc_hd__buf_1)
                                                         net84 (net)
                      0.245116    0.000740    0.341682 v _1369_/A (sky130_fd_sc_hd__inv_2)
     6    0.019393    0.118371    0.176248    0.517929 ^ _1369_/Y (sky130_fd_sc_hd__inv_2)
                                                         _0594_ (net)
                      0.118371    0.000031    0.517961 ^ place295/A (sky130_fd_sc_hd__buf_1)
     8    0.031530    0.370714    0.328874    0.846835 ^ place295/X (sky130_fd_sc_hd__buf_1)
                                                         net295 (net)
                      0.370715    0.000592    0.847427 ^ place294/A (sky130_fd_sc_hd__buf_1)
     7    0.026943    0.317023    0.322248    1.169675 ^ place294/X (sky130_fd_sc_hd__buf_1)
                                                         net294 (net)
                      0.317024    0.000657    1.170331 ^ place293/A (sky130_fd_sc_hd__buf_1)
     6    0.017859    0.217734    0.247110    1.417442 ^ place293/X (sky130_fd_sc_hd__buf_1)
                                                         net293 (net)
                      0.217734    0.000097    1.417538 ^ place292/A (sky130_fd_sc_hd__buf_1)
     8    0.026335    0.310558    0.302485    1.720023 ^ place292/X (sky130_fd_sc_hd__buf_1)
                                                         net292 (net)
                      0.310559    0.000352    1.720375 ^ place291/A (sky130_fd_sc_hd__buf_1)
     8    0.024856    0.297361    0.301981    2.022356 ^ place291/X (sky130_fd_sc_hd__buf_1)
                                                         net291 (net)
                      0.297361    0.000075    2.022432 ^ _2586_/A1 (sky130_fd_sc_hd__o211a_2)
     1    0.002000    0.039381    0.212414    2.234845 ^ _2586_/X (sky130_fd_sc_hd__o211a_2)
                                                         _0071_ (net)
                      0.039381    0.000003    2.234848 ^ _2644_/D (sky130_fd_sc_hd__dfxtp_2)
                                              2.234848   data arrival time

                                 20.000000   20.000000   clock clk (rise edge)
                                  0.000000   20.000000   clock source latency
    82    0.230301    1.029756    0.710950   20.710951 ^ clk (in)
                                                         clk (net)
                      1.029822    0.000000   20.710951 ^ _2644_/CLK (sky130_fd_sc_hd__dfxtp_2)
                                 -0.200000   20.510950   clock uncertainty
                                  0.000000   20.510950   clock reconvergence pessimism
                                  0.025474   20.536423   library setup time
                                             20.536423   data required time
---------------------------------------------------------------------------------------------
                                             20.536423   data required time
                                             -2.234848   data arrival time
---------------------------------------------------------------------------------------------
                                             18.301575   slack (MET)


Startpoint: enable (input port clocked by clk)
Endpoint: _2629_ (rising edge-triggered flip-flop clocked by clk)
Path Group: clk
Path Type: max

Fanout         Cap        Slew       Delay        Time   Description
---------------------------------------------------------------------------------------------
                                  0.000000    0.000000   clock clk (rise edge)
                                  0.000000    0.000000   clock network delay (propagated)
                                  0.020000    0.020000 v input external delay
     4    0.033181    0.074332    0.052729    0.072729 v enable (in)
                                                         enable (net)
                      0.074344    0.000000    0.072729 v fanout84/A (sky130_fd_sc_hd__buf_1)
     8    0.042336    0.245116    0.268212    0.340941 v fanout84/X (sky130_fd_sc_hd__buf_1)
                                                         net84 (net)
                      0.245116    0.000740    0.341682 v _1369_/A (sky130_fd_sc_hd__inv_2)
     6    0.019393    0.118371    0.176248    0.517929 ^ _1369_/Y (sky130_fd_sc_hd__inv_2)
                                                         _0594_ (net)
                      0.118371    0.000031    0.517961 ^ place295/A (sky130_fd_sc_hd__buf_1)
     8    0.031530    0.370714    0.328874    0.846835 ^ place295/X (sky130_fd_sc_hd__buf_1)
                                                         net295 (net)
                      0.370715    0.000592    0.847427 ^ place294/A (sky130_fd_sc_hd__buf_1)
     7    0.026943    0.317023    0.322248    1.169675 ^ place294/X (sky130_fd_sc_hd__buf_1)
                                                         net294 (net)
                      0.317024    0.000657    1.170331 ^ place293/A (sky130_fd_sc_hd__buf_1)
     6    0.017859    0.217734    0.247110    1.417442 ^ place293/X (sky130_fd_sc_hd__buf_1)
                                                         net293 (net)
                      0.217734    0.000097    1.417538 ^ place292/A (sky130_fd_sc_hd__buf_1)
     8    0.026335    0.310558    0.302485    1.720023 ^ place292/X (sky130_fd_sc_hd__buf_1)
                                                         net292 (net)
                      0.310559    0.000352    1.720375 ^ place291/A (sky130_fd_sc_hd__buf_1)
     8    0.024856    0.297361    0.301981    2.022356 ^ place291/X (sky130_fd_sc_hd__buf_1)
                                                         net291 (net)
                      0.297361    0.000085    2.022441 ^ _2550_/A1 (sky130_fd_sc_hd__o211a_2)
     1    0.001897    0.039119    0.211771    2.234212 ^ _2550_/X (sky130_fd_sc_hd__o211a_2)
                                                         _0056_ (net)
                      0.039119    0.000002    2.234214 ^ _2629_/D (sky130_fd_sc_hd__dfxtp_2)
                                              2.234214   data arrival time

                                 20.000000   20.000000   clock clk (rise edge)
                                  0.000000   20.000000   clock source latency
    82    0.230301    1.029756    0.711378   20.711378 ^ clk (in)
                                                         clk (net)
                      1.029831    0.000000   20.711378 ^ _2629_/CLK (sky130_fd_sc_hd__dfxtp_2)
                                 -0.200000   20.511377   clock uncertainty
                                  0.000000   20.511377   clock reconvergence pessimism
                                  0.025527   20.536903   library setup time
                                             20.536903   data required time
---------------------------------------------------------------------------------------------
                                             20.536903   data required time
                                             -2.234214   data arrival time
---------------------------------------------------------------------------------------------
                                             18.302691   slack (MET)


Startpoint: enable (input port clocked by clk)
Endpoint: _2642_ (rising edge-triggered flip-flop clocked by clk)
Path Group: clk
Path Type: max

Fanout         Cap        Slew       Delay        Time   Description
---------------------------------------------------------------------------------------------
                                  0.000000    0.000000   clock clk (rise edge)
                                  0.000000    0.000000   clock network delay (propagated)
                                  0.020000    0.020000 v input external delay
     4    0.033181    0.074332    0.052729    0.072729 v enable (in)
                                                         enable (net)
                      0.074344    0.000000    0.072729 v fanout84/A (sky130_fd_sc_hd__buf_1)
     8    0.042336    0.245116    0.268212    0.340941 v fanout84/X (sky130_fd_sc_hd__buf_1)
                                                         net84 (net)
                      0.245116    0.000740    0.341682 v _1369_/A (sky130_fd_sc_hd__inv_2)
     6    0.019393    0.118371    0.176248    0.517929 ^ _1369_/Y (sky130_fd_sc_hd__inv_2)
                                                         _0594_ (net)
                      0.118371    0.000031    0.517961 ^ place295/A (sky130_fd_sc_hd__buf_1)
     8    0.031530    0.370714    0.328874    0.846835 ^ place295/X (sky130_fd_sc_hd__buf_1)
                                                         net295 (net)
                      0.370715    0.000592    0.847427 ^ place294/A (sky130_fd_sc_hd__buf_1)
     7    0.026943    0.317023    0.322248    1.169675 ^ place294/X (sky130_fd_sc_hd__buf_1)
                                                         net294 (net)
                      0.317024    0.000657    1.170331 ^ place293/A (sky130_fd_sc_hd__buf_1)
     6    0.017859    0.217734    0.247110    1.417442 ^ place293/X (sky130_fd_sc_hd__buf_1)
                                                         net293 (net)
                      0.217734    0.000097    1.417538 ^ place292/A (sky130_fd_sc_hd__buf_1)
     8    0.026335    0.310558    0.302485    1.720023 ^ place292/X (sky130_fd_sc_hd__buf_1)
                                                         net292 (net)
                      0.310559    0.000352    1.720375 ^ place291/A (sky130_fd_sc_hd__buf_1)
     8    0.024856    0.297361    0.301981    2.022356 ^ place291/X (sky130_fd_sc_hd__buf_1)
                                                         net291 (net)
                      0.297361    0.000068    2.022424 ^ _2582_/A1 (sky130_fd_sc_hd__o211a_2)
     1    0.001816    0.038353    0.211261    2.233685 ^ _2582_/X (sky130_fd_sc_hd__o211a_2)
                                                         _0069_ (net)
                      0.038353    0.000001    2.233686 ^ _2642_/D (sky130_fd_sc_hd__dfxtp_2)
                                              2.233686   data arrival time

                                 20.000000   20.000000   clock clk (rise edge)
                                  0.000000   20.000000   clock source latency
    82    0.230301    1.029756    0.711076   20.711077 ^ clk (in)
                                                         clk (net)
                      1.029825    0.000000   20.711077 ^ _2642_/CLK (sky130_fd_sc_hd__dfxtp_2)
                                 -0.200000   20.511076   clock uncertainty
                                  0.000000   20.511076   clock reconvergence pessimism
                                  0.025682   20.536758   library setup time
                                             20.536758   data required time
---------------------------------------------------------------------------------------------
                                             20.536758   data required time
                                             -2.233686   data arrival time
---------------------------------------------------------------------------------------------
                                             18.303072   slack (MET)


Startpoint: enable (input port clocked by clk)
Endpoint: _2645_ (rising edge-triggered flip-flop clocked by clk)
Path Group: clk
Path Type: max

Fanout         Cap        Slew       Delay        Time   Description
---------------------------------------------------------------------------------------------
                                  0.000000    0.000000   clock clk (rise edge)
                                  0.000000    0.000000   clock network delay (propagated)
                                  0.020000    0.020000 v input external delay
     4    0.033181    0.074332    0.052729    0.072729 v enable (in)
                                                         enable (net)
                      0.074344    0.000000    0.072729 v fanout84/A (sky130_fd_sc_hd__buf_1)
     8    0.042336    0.245116    0.268212    0.340941 v fanout84/X (sky130_fd_sc_hd__buf_1)
                                                         net84 (net)
                      0.245116    0.000740    0.341682 v _1369_/A (sky130_fd_sc_hd__inv_2)
     6    0.019393    0.118371    0.176248    0.517929 ^ _1369_/Y (sky130_fd_sc_hd__inv_2)
                                                         _0594_ (net)
                      0.118371    0.000031    0.517961 ^ place295/A (sky130_fd_sc_hd__buf_1)
     8    0.031530    0.370714    0.328874    0.846835 ^ place295/X (sky130_fd_sc_hd__buf_1)
                                                         net295 (net)
                      0.370715    0.000592    0.847427 ^ place294/A (sky130_fd_sc_hd__buf_1)
     7    0.026943    0.317023    0.322248    1.169675 ^ place294/X (sky130_fd_sc_hd__buf_1)
                                                         net294 (net)
                      0.317024    0.000657    1.170331 ^ place293/A (sky130_fd_sc_hd__buf_1)
     6    0.017859    0.217734    0.247110    1.417442 ^ place293/X (sky130_fd_sc_hd__buf_1)
                                                         net293 (net)
                      0.217734    0.000097    1.417538 ^ place292/A (sky130_fd_sc_hd__buf_1)
     8    0.026335    0.310558    0.302485    1.720023 ^ place292/X (sky130_fd_sc_hd__buf_1)
                                                         net292 (net)
                      0.310559    0.000352    1.720375 ^ place291/A (sky130_fd_sc_hd__buf_1)
     8    0.024856    0.297361    0.301981    2.022356 ^ place291/X (sky130_fd_sc_hd__buf_1)
                                                         net291 (net)
                      0.297361    0.000039    2.022395 ^ _2588_/A1 (sky130_fd_sc_hd__o211a_2)
     1    0.001817    0.038356    0.211264    2.233659 ^ _2588_/X (sky130_fd_sc_hd__o211a_2)
                                                         _0072_ (net)
                      0.038356    0.000002    2.233660 ^ _2645_/D (sky130_fd_sc_hd__dfxtp_2)
                                              2.233660   data arrival time

                                 20.000000   20.000000   clock clk (rise edge)
                                  0.000000   20.000000   clock source latency
    82    0.230301    1.029756    0.711342   20.711342 ^ clk (in)
                                                         clk (net)
                      1.029830    0.000000   20.711342 ^ _2645_/CLK (sky130_fd_sc_hd__dfxtp_2)
                                 -0.200000   20.511343   clock uncertainty
                                  0.000000   20.511343   clock reconvergence pessimism
                                  0.025682   20.537025   library setup time
                                             20.537025   data required time
---------------------------------------------------------------------------------------------
                                             20.537025   data required time
                                             -2.233660   data arrival time
---------------------------------------------------------------------------------------------
                                             18.303364   slack (MET)


Startpoint: _2627_ (rising edge-triggered flip-flop clocked by clk)
Endpoint: a_out[5] (output port clocked by clk)
Path Group: clk
Path Type: max

Fanout         Cap        Slew       Delay        Time   Description
---------------------------------------------------------------------------------------------
                                  0.000000    0.000000   clock clk (rise edge)
                                  0.000000    0.000000   clock source latency
    82    0.230301    1.029756    0.711173    0.711173 ^ clk (in)
                                                         clk (net)
                      1.029827    0.000000    0.711173 ^ _2627_/CLK (sky130_fd_sc_hd__dfxtp_2)
     7    0.058412    0.294589    0.687188    1.398361 ^ _2627_/Q (sky130_fd_sc_hd__dfxtp_2)
                                                         a_out[5] (net)
                      0.294609    0.002605    1.400967 ^ a_out[5] (out)
                                              1.400967   data arrival time

                                 20.000000   20.000000   clock clk (rise edge)
                                  0.000000   20.000000   clock network delay (propagated)
                                 -0.200000   19.800001   clock uncertainty
                                  0.000000   19.800001   clock reconvergence pessimism
                                 -0.020000   19.780001   output external delay
                                             19.780001   data required time
---------------------------------------------------------------------------------------------
                                             19.780001   data required time
                                             -1.400967   data arrival time
---------------------------------------------------------------------------------------------
                                             18.379034   slack (MET)


Startpoint: _2626_ (rising edge-triggered flip-flop clocked by clk)
Endpoint: a_out[4] (output port clocked by clk)
Path Group: clk
Path Type: max

Fanout         Cap        Slew       Delay        Time   Description
---------------------------------------------------------------------------------------------
                                  0.000000    0.000000   clock clk (rise edge)
                                  0.000000    0.000000   clock source latency
    82    0.230301    1.029756    0.710527    0.710527 ^ clk (in)
                                                         clk (net)
                      1.029815    0.000000    0.710527 ^ _2626_/CLK (sky130_fd_sc_hd__dfxtp_2)
     7    0.055754    0.281545    0.678446    1.388973 ^ _2626_/Q (sky130_fd_sc_hd__dfxtp_2)
                                                         net169 (net)
                      0.281555    0.001998    1.390972 ^ a_out[4] (out)
                                              1.390972   data arrival time

                                 20.000000   20.000000   clock clk (rise edge)
                                  0.000000   20.000000   clock network delay (propagated)
                                 -0.200000   19.800001   clock uncertainty
                                  0.000000   19.800001   clock reconvergence pessimism
                                 -0.020000   19.780001   output external delay
                                             19.780001   data required time
---------------------------------------------------------------------------------------------
                                             19.780001   data required time
                                             -1.390972   data arrival time
---------------------------------------------------------------------------------------------
                                             18.389029   slack (MET)


Startpoint: _2634_ (rising edge-triggered flip-flop clocked by clk)
Endpoint: a_out[12] (output port clocked by clk)
Path Group: clk
Path Type: max

Fanout         Cap        Slew       Delay        Time   Description
---------------------------------------------------------------------------------------------
                                  0.000000    0.000000   clock clk (rise edge)
                                  0.000000    0.000000   clock source latency
    82    0.230301    1.029756    0.711873    0.711873 ^ clk (in)
                                                         clk (net)
                      1.029842    0.000000    0.711873 ^ _2634_/CLK (sky130_fd_sc_hd__dfxtp_2)
     6    0.053781    0.271685    0.672572    1.384445 ^ _2634_/Q (sky130_fd_sc_hd__dfxtp_2)
                                                         a_out[12] (net)
                      0.271685    0.000454    1.384899 ^ a_out[12] (out)
                                              1.384899   data arrival time

                                 20.000000   20.000000   clock clk (rise edge)
                                  0.000000   20.000000   clock network delay (propagated)
                                 -0.200000   19.800001   clock uncertainty
                                  0.000000   19.800001   clock reconvergence pessimism
                                 -0.020000   19.780001   output external delay
                                             19.780001   data required time
---------------------------------------------------------------------------------------------
                                             19.780001   data required time
                                             -1.384899   data arrival time
---------------------------------------------------------------------------------------------
                                             18.395102   slack (MET)


Startpoint: _2636_ (rising edge-triggered flip-flop clocked by clk)
Endpoint: a_out[14] (output port clocked by clk)
Path Group: clk
Path Type: max

Fanout         Cap        Slew       Delay        Time   Description
---------------------------------------------------------------------------------------------
                                  0.000000    0.000000   clock clk (rise edge)
                                  0.000000    0.000000   clock source latency
    82    0.230301    1.029756    0.711732    0.711732 ^ clk (in)
                                                         clk (net)
                      1.029839    0.000000    0.711732 ^ _2636_/CLK (sky130_fd_sc_hd__dfxtp_2)
     4    0.044895    0.228339    0.642222    1.353954 ^ _2636_/Q (sky130_fd_sc_hd__dfxtp_2)
                                                         a_out[14] (net)
                      0.228339    0.000402    1.354357 ^ a_out[14] (out)
                                              1.354357   data arrival time

                                 20.000000   20.000000   clock clk (rise edge)
                                  0.000000   20.000000   clock network delay (propagated)
                                 -0.200000   19.800001   clock uncertainty
                                  0.000000   19.800001   clock reconvergence pessimism
                                 -0.020000   19.780001   output external delay
                                             19.780001   data required time
---------------------------------------------------------------------------------------------
                                             19.780001   data required time
                                             -1.354357   data arrival time
---------------------------------------------------------------------------------------------
                                             18.425644   slack (MET)


Startpoint: _2653_ (rising edge-triggered flip-flop clocked by clk)
Endpoint: b_out[15] (output port clocked by clk)
Path Group: clk
Path Type: max

Fanout         Cap        Slew       Delay        Time   Description
---------------------------------------------------------------------------------------------
                                  0.000000    0.000000   clock clk (rise edge)
                                  0.000000    0.000000   clock source latency
    82    0.230301    1.029756    0.711578    0.711578 ^ clk (in)
                                                         clk (net)
                      1.029835    0.000000    0.711578 ^ _2653_/CLK (sky130_fd_sc_hd__dfxtp_2)
     2    0.039265    0.200957    0.622744    1.334322 ^ _2653_/Q (sky130_fd_sc_hd__dfxtp_2)
                                                         b_out[15] (net)
                      0.200957    0.000676    1.334999 ^ b_out[15] (out)
                                              1.334999   data arrival time

                                 20.000000   20.000000   clock clk (rise edge)
                                  0.000000   20.000000   clock network delay (propagated)
                                 -0.200000   19.800001   clock uncertainty
                                  0.000000   19.800001   clock reconvergence pessimism
                                 -0.020000   19.780001   output external delay
                                             19.780001   data required time
---------------------------------------------------------------------------------------------
                                             19.780001   data required time
                                             -1.334999   data arrival time
---------------------------------------------------------------------------------------------
                                             18.445002   slack (MET)


Startpoint: _2647_ (rising edge-triggered flip-flop clocked by clk)
Endpoint: b_out[9] (output port clocked by clk)
Path Group: clk
Path Type: max

Fanout         Cap        Slew       Delay        Time   Description
---------------------------------------------------------------------------------------------
                                  0.000000    0.000000   clock clk (rise edge)
                                  0.000000    0.000000   clock source latency
    82    0.230301    1.029756    0.711730    0.711730 ^ clk (in)
                                                         clk (net)
                      1.029838    0.000000    0.711730 ^ _2647_/CLK (sky130_fd_sc_hd__dfxtp_2)
     2    0.037705    0.193318    0.617544    1.329274 ^ _2647_/Q (sky130_fd_sc_hd__dfxtp_2)
                                                         b_out[9] (net)
                      0.193318    0.000442    1.329716 ^ b_out[9] (out)
                                              1.329716   data arrival time

                                 20.000000   20.000000   clock clk (rise edge)
                                  0.000000   20.000000   clock network delay (propagated)
                                 -0.200000   19.800001   clock uncertainty
                                  0.000000   19.800001   clock reconvergence pessimism
                                 -0.020000   19.780001   output external delay
                                             19.780001   data required time
---------------------------------------------------------------------------------------------
                                             19.780001   data required time
                                             -1.329716   data arrival time
---------------------------------------------------------------------------------------------
                                             18.450283   slack (MET)


Startpoint: _2642_ (rising edge-triggered flip-flop clocked by clk)
Endpoint: b_out[4] (output port clocked by clk)
Path Group: clk
Path Type: max

Fanout         Cap        Slew       Delay        Time   Description
---------------------------------------------------------------------------------------------
                                  0.000000    0.000000   clock clk (rise edge)
                                  0.000000    0.000000   clock source latency
    82    0.230301    1.029756    0.711076    0.711076 ^ clk (in)
                                                         clk (net)
                      1.029825    0.000000    0.711076 ^ _2642_/CLK (sky130_fd_sc_hd__dfxtp_2)
     2    0.036961    0.189667    0.615085    1.326161 ^ _2642_/Q (sky130_fd_sc_hd__dfxtp_2)
                                                         b_out[4] (net)
                      0.189667    0.000297    1.326458 ^ b_out[4] (out)
                                              1.326458   data arrival time

                                 20.000000   20.000000   clock clk (rise edge)
                                  0.000000   20.000000   clock network delay (propagated)
                                 -0.200000   19.800001   clock uncertainty
                                  0.000000   19.800001   clock reconvergence pessimism
                                 -0.020000   19.780001   output external delay
                                             19.780001   data required time
---------------------------------------------------------------------------------------------
                                             19.780001   data required time
                                             -1.326458   data arrival time
---------------------------------------------------------------------------------------------
                                             18.453543   slack (MET)


Startpoint: _2652_ (rising edge-triggered flip-flop clocked by clk)
Endpoint: b_out[14] (output port clocked by clk)
Path Group: clk
Path Type: max

Fanout         Cap        Slew       Delay        Time   Description
---------------------------------------------------------------------------------------------
                                  0.000000    0.000000   clock clk (rise edge)
                                  0.000000    0.000000   clock source latency
    82    0.230301    1.029756    0.711501    0.711501 ^ clk (in)
                                                         clk (net)
                      1.029834    0.000000    0.711501 ^ _2652_/CLK (sky130_fd_sc_hd__dfxtp_2)
     2    0.036732    0.188543    0.614325    1.325826 ^ _2652_/Q (sky130_fd_sc_hd__dfxtp_2)
                                                         b_out[14] (net)
                      0.188543    0.000259    1.326085 ^ b_out[14] (out)
                                              1.326085   data arrival time

                                 20.000000   20.000000   clock clk (rise edge)
                                  0.000000   20.000000   clock network delay (propagated)
                                 -0.200000   19.800001   clock uncertainty
                                  0.000000   19.800001   clock reconvergence pessimism
                                 -0.020000   19.780001   output external delay
                                             19.780001   data required time
---------------------------------------------------------------------------------------------
                                             19.780001   data required time
                                             -1.326085   data arrival time
---------------------------------------------------------------------------------------------
                                             18.453917   slack (MET)


Startpoint: _2650_ (rising edge-triggered flip-flop clocked by clk)
Endpoint: b_out[12] (output port clocked by clk)
Path Group: clk
Path Type: max

Fanout         Cap        Slew       Delay        Time   Description
---------------------------------------------------------------------------------------------
                                  0.000000    0.000000   clock clk (rise edge)
                                  0.000000    0.000000   clock source latency
    82    0.230301    1.029756    0.711556    0.711556 ^ clk (in)
                                                         clk (net)
                      1.029835    0.000000    0.711556 ^ _2650_/CLK (sky130_fd_sc_hd__dfxtp_2)
     2    0.036661    0.188208    0.614054    1.325609 ^ _2650_/Q (sky130_fd_sc_hd__dfxtp_2)
                                                         b_out[12] (net)
                      0.188208    0.000308    1.325917 ^ b_out[12] (out)
                                              1.325917   data arrival time

                                 20.000000   20.000000   clock clk (rise edge)
                                  0.000000   20.000000   clock network delay (propagated)
                                 -0.200000   19.800001   clock uncertainty
                                  0.000000   19.800001   clock reconvergence pessimism
                                 -0.020000   19.780001   output external delay
                                             19.780001   data required time
---------------------------------------------------------------------------------------------
                                             19.780001   data required time
                                             -1.325917   data arrival time
---------------------------------------------------------------------------------------------
                                             18.454082   slack (MET)


Startpoint: _2649_ (rising edge-triggered flip-flop clocked by clk)
Endpoint: b_out[11] (output port clocked by clk)
Path Group: clk
Path Type: max

Fanout         Cap        Slew       Delay        Time   Description
---------------------------------------------------------------------------------------------
                                  0.000000    0.000000   clock clk (rise edge)
                                  0.000000    0.000000   clock source latency
    82    0.230301    1.029756    0.711736    0.711736 ^ clk (in)
                                                         clk (net)
                      1.029839    0.000000    0.711736 ^ _2649_/CLK (sky130_fd_sc_hd__dfxtp_2)
     2    0.036599    0.187902    0.613860    1.325595 ^ _2649_/Q (sky130_fd_sc_hd__dfxtp_2)
                                                         b_out[11] (net)
                      0.187902    0.000284    1.325880 ^ b_out[11] (out)
                                              1.325880   data arrival time

                                 20.000000   20.000000   clock clk (rise edge)
                                  0.000000   20.000000   clock network delay (propagated)
                                 -0.200000   19.800001   clock uncertainty
                                  0.000000   19.800001   clock reconvergence pessimism
                                 -0.020000   19.780001   output external delay
                                             19.780001   data required time
---------------------------------------------------------------------------------------------
                                             19.780001   data required time
                                             -1.325880   data arrival time
---------------------------------------------------------------------------------------------
                                             18.454121   slack (MET)


Startpoint: _2638_ (rising edge-triggered flip-flop clocked by clk)
Endpoint: b_out[0] (output port clocked by clk)
Path Group: clk
Path Type: max

Fanout         Cap        Slew       Delay        Time   Description
---------------------------------------------------------------------------------------------
                                  0.000000    0.000000   clock clk (rise edge)
                                  0.000000    0.000000   clock source latency
    82    0.230301    1.029756    0.709857    0.709857 ^ clk (in)
                                                         clk (net)
                      1.029803    0.000000    0.709857 ^ _2638_/CLK (sky130_fd_sc_hd__dfxtp_2)
     2    0.037086    0.190299    0.615435    1.325292 ^ _2638_/Q (sky130_fd_sc_hd__dfxtp_2)
                                                         b_out[0] (net)
                      0.190299    0.000412    1.325704 ^ b_out[0] (out)
                                              1.325704   data arrival time

                                 20.000000   20.000000   clock clk (rise edge)
                                  0.000000   20.000000   clock network delay (propagated)
                                 -0.200000   19.800001   clock uncertainty
                                  0.000000   19.800001   clock reconvergence pessimism
                                 -0.020000   19.780001   output external delay
                                             19.780001   data required time
---------------------------------------------------------------------------------------------
                                             19.780001   data required time
                                             -1.325704   data arrival time
---------------------------------------------------------------------------------------------
                                             18.454296   slack (MET)


Startpoint: _2645_ (rising edge-triggered flip-flop clocked by clk)
Endpoint: b_out[7] (output port clocked by clk)
Path Group: clk
Path Type: max

Fanout         Cap        Slew       Delay        Time   Description
---------------------------------------------------------------------------------------------
                                  0.000000    0.000000   clock clk (rise edge)
                                  0.000000    0.000000   clock source latency
    82    0.230301    1.029756    0.711343    0.711343 ^ clk (in)
                                                         clk (net)
                      1.029830    0.000000    0.711343 ^ _2645_/CLK (sky130_fd_sc_hd__dfxtp_2)
     2    0.036495    0.187382    0.613532    1.324875 ^ _2645_/Q (sky130_fd_sc_hd__dfxtp_2)
                                                         b_out[7] (net)
                      0.187382    0.000229    1.325104 ^ b_out[7] (out)
                                              1.325104   data arrival time

                                 20.000000   20.000000   clock clk (rise edge)
                                  0.000000   20.000000   clock network delay (propagated)
                                 -0.200000   19.800001   clock uncertainty
                                  0.000000   19.800001   clock reconvergence pessimism
                                 -0.020000   19.780001   output external delay
                                             19.780001   data required time
---------------------------------------------------------------------------------------------
                                             19.780001   data required time
                                             -1.325104   data arrival time
---------------------------------------------------------------------------------------------
                                             18.454897   slack (MET)


Startpoint: _2651_ (rising edge-triggered flip-flop clocked by clk)
Endpoint: b_out[13] (output port clocked by clk)
Path Group: clk
Path Type: max

Fanout         Cap        Slew       Delay        Time   Description
---------------------------------------------------------------------------------------------
                                  0.000000    0.000000   clock clk (rise edge)
                                  0.000000    0.000000   clock source latency
    82    0.230301    1.029756    0.711534    0.711534 ^ clk (in)
                                                         clk (net)
                      1.029834    0.000000    0.711534 ^ _2651_/CLK (sky130_fd_sc_hd__dfxtp_2)
     2    0.036397    0.186904    0.613199    1.324733 ^ _2651_/Q (sky130_fd_sc_hd__dfxtp_2)
                                                         b_out[13] (net)
                      0.186904    0.000229    1.324962 ^ b_out[13] (out)
                                              1.324962   data arrival time

                                 20.000000   20.000000   clock clk (rise edge)
                                  0.000000   20.000000   clock network delay (propagated)
                                 -0.200000   19.800001   clock uncertainty
                                  0.000000   19.800001   clock reconvergence pessimism
                                 -0.020000   19.780001   output external delay
                                             19.780001   data required time
---------------------------------------------------------------------------------------------
                                             19.780001   data required time
                                             -1.324962   data arrival time
---------------------------------------------------------------------------------------------
                                             18.455038   slack (MET)


Startpoint: _2648_ (rising edge-triggered flip-flop clocked by clk)
Endpoint: b_out[10] (output port clocked by clk)
Path Group: clk
Path Type: max

Fanout         Cap        Slew       Delay        Time   Description
---------------------------------------------------------------------------------------------
                                  0.000000    0.000000   clock clk (rise edge)
                                  0.000000    0.000000   clock source latency
    82    0.230301    1.029756    0.711559    0.711559 ^ clk (in)
                                                         clk (net)
                      1.029835    0.000000    0.711559 ^ _2648_/CLK (sky130_fd_sc_hd__dfxtp_2)
     2    0.036260    0.186247    0.612706    1.324265 ^ _2648_/Q (sky130_fd_sc_hd__dfxtp_2)
                                                         b_out[10] (net)
                      0.186247    0.000271    1.324536 ^ b_out[10] (out)
                                              1.324536   data arrival time

                                 20.000000   20.000000   clock clk (rise edge)
                                  0.000000   20.000000   clock network delay (propagated)
                                 -0.200000   19.800001   clock uncertainty
                                  0.000000   19.800001   clock reconvergence pessimism
                                 -0.020000   19.780001   output external delay
                                             19.780001   data required time
---------------------------------------------------------------------------------------------
                                             19.780001   data required time
                                             -1.324536   data arrival time
---------------------------------------------------------------------------------------------
                                             18.455463   slack (MET)


Startpoint: _2644_ (rising edge-triggered flip-flop clocked by clk)
Endpoint: b_out[6] (output port clocked by clk)
Path Group: clk
Path Type: max

Fanout         Cap        Slew       Delay        Time   Description
---------------------------------------------------------------------------------------------
                                  0.000000    0.000000   clock clk (rise edge)
                                  0.000000    0.000000   clock source latency
    82    0.230301    1.029756    0.710949    0.710949 ^ clk (in)
                                                         clk (net)
                      1.029822    0.000000    0.710949 ^ _2644_/CLK (sky130_fd_sc_hd__dfxtp_2)
     2    0.036433    0.187075    0.613335    1.324283 ^ _2644_/Q (sky130_fd_sc_hd__dfxtp_2)
                                                         b_out[6] (net)
                      0.187075    0.000207    1.324490 ^ b_out[6] (out)
                                              1.324490   data arrival time

                                 20.000000   20.000000   clock clk (rise edge)
                                  0.000000   20.000000   clock network delay (propagated)
                                 -0.200000   19.800001   clock uncertainty
                                  0.000000   19.800001   clock reconvergence pessimism
                                 -0.020000   19.780001   output external delay
                                             19.780001   data required time
---------------------------------------------------------------------------------------------
                                             19.780001   data required time
                                             -1.324490   data arrival time
---------------------------------------------------------------------------------------------
                                             18.455509   slack (MET)


Startpoint: _2639_ (rising edge-triggered flip-flop clocked by clk)
Endpoint: b_out[1] (output port clocked by clk)
Path Group: clk
Path Type: max

Fanout         Cap        Slew       Delay        Time   Description
---------------------------------------------------------------------------------------------
                                  0.000000    0.000000   clock clk (rise edge)
                                  0.000000    0.000000   clock source latency
    82    0.230301    1.029756    0.710221    0.710221 ^ clk (in)
                                                         clk (net)
                      1.029809    0.000000    0.710221 ^ _2639_/CLK (sky130_fd_sc_hd__dfxtp_2)
     2    0.036565    0.187719    0.613779    1.324000 ^ _2639_/Q (sky130_fd_sc_hd__dfxtp_2)
                                                         b_out[1] (net)
                      0.187719    0.000215    1.324215 ^ b_out[1] (out)
                                              1.324215   data arrival time

                                 20.000000   20.000000   clock clk (rise edge)
                                  0.000000   20.000000   clock network delay (propagated)
                                 -0.200000   19.800001   clock uncertainty
                                  0.000000   19.800001   clock reconvergence pessimism
                                 -0.020000   19.780001   output external delay
                                             19.780001   data required time
---------------------------------------------------------------------------------------------
                                             19.780001   data required time
                                             -1.324215   data arrival time
---------------------------------------------------------------------------------------------
                                             18.455786   slack (MET)


Startpoint: _2646_ (rising edge-triggered flip-flop clocked by clk)
Endpoint: b_out[8] (output port clocked by clk)
Path Group: clk
Path Type: max

Fanout         Cap        Slew       Delay        Time   Description
---------------------------------------------------------------------------------------------
                                  0.000000    0.000000   clock clk (rise edge)
                                  0.000000    0.000000   clock source latency
    82    0.230301    1.029756    0.711502    0.711502 ^ clk (in)
                                                         clk (net)
                      1.029834    0.000000    0.711502 ^ _2646_/CLK (sky130_fd_sc_hd__dfxtp_2)
     2    0.036097    0.185430    0.612213    1.323715 ^ _2646_/Q (sky130_fd_sc_hd__dfxtp_2)
                                                         b_out[8] (net)
                      0.185430    0.000166    1.323881 ^ b_out[8] (out)
                                              1.323881   data arrival time

                                 20.000000   20.000000   clock clk (rise edge)
                                  0.000000   20.000000   clock network delay (propagated)
                                 -0.200000   19.800001   clock uncertainty
                                  0.000000   19.800001   clock reconvergence pessimism
                                 -0.020000   19.780001   output external delay
                                             19.780001   data required time
---------------------------------------------------------------------------------------------
                                             19.780001   data required time
                                             -1.323881   data arrival time
---------------------------------------------------------------------------------------------
                                             18.456121   slack (MET)


Startpoint: _2643_ (rising edge-triggered flip-flop clocked by clk)
Endpoint: b_out[5] (output port clocked by clk)
Path Group: clk
Path Type: max

Fanout         Cap        Slew       Delay        Time   Description
---------------------------------------------------------------------------------------------
                                  0.000000    0.000000   clock clk (rise edge)
                                  0.000000    0.000000   clock source latency
    82    0.230301    1.029756    0.711187    0.711187 ^ clk (in)
                                                         clk (net)
                      1.029827    0.000000    0.711187 ^ _2643_/CLK (sky130_fd_sc_hd__dfxtp_2)
     2    0.036100    0.185447    0.612223    1.323410 ^ _2643_/Q (sky130_fd_sc_hd__dfxtp_2)
                                                         b_out[5] (net)
                      0.185447    0.000169    1.323578 ^ b_out[5] (out)
                                              1.323578   data arrival time

                                 20.000000   20.000000   clock clk (rise edge)
                                  0.000000   20.000000   clock network delay (propagated)
                                 -0.200000   19.800001   clock uncertainty
                                  0.000000   19.800001   clock reconvergence pessimism
                                 -0.020000   19.780001   output external delay
                                             19.780001   data required time
---------------------------------------------------------------------------------------------
                                             19.780001   data required time
                                             -1.323578   data arrival time
---------------------------------------------------------------------------------------------
                                             18.456423   slack (MET)


Startpoint: _2641_ (rising edge-triggered flip-flop clocked by clk)
Endpoint: b_out[3] (output port clocked by clk)
Path Group: clk
Path Type: max

Fanout         Cap        Slew       Delay        Time   Description
---------------------------------------------------------------------------------------------
                                  0.000000    0.000000   clock clk (rise edge)
                                  0.000000    0.000000   clock source latency
    82    0.230301    1.029756    0.710750    0.710750 ^ clk (in)
                                                         clk (net)
                      1.029819    0.000000    0.710750 ^ _2641_/CLK (sky130_fd_sc_hd__dfxtp_2)
     2    0.036125    0.185567    0.612305    1.323055 ^ _2641_/Q (sky130_fd_sc_hd__dfxtp_2)
                                                         b_out[3] (net)
                      0.185567    0.000169    1.323224 ^ b_out[3] (out)
                                              1.323224   data arrival time

                                 20.000000   20.000000   clock clk (rise edge)
                                  0.000000   20.000000   clock network delay (propagated)
                                 -0.200000   19.800001   clock uncertainty
                                  0.000000   19.800001   clock reconvergence pessimism
                                 -0.020000   19.780001   output external delay
                                             19.780001   data required time
---------------------------------------------------------------------------------------------
                                             19.780001   data required time
                                             -1.323224   data arrival time
---------------------------------------------------------------------------------------------
                                             18.456776   slack (MET)


Startpoint: _2640_ (rising edge-triggered flip-flop clocked by clk)
Endpoint: b_out[2] (output port clocked by clk)
Path Group: clk
Path Type: max

Fanout         Cap        Slew       Delay        Time   Description
---------------------------------------------------------------------------------------------
                                  0.000000    0.000000   clock clk (rise edge)
                                  0.000000    0.000000   clock source latency
    82    0.230301    1.029756    0.710478    0.710478 ^ clk (in)
                                                         clk (net)
                      1.029814    0.000000    0.710478 ^ _2640_/CLK (sky130_fd_sc_hd__dfxtp_2)
     2    0.036178    0.185832    0.612471    1.322949 ^ _2640_/Q (sky130_fd_sc_hd__dfxtp_2)
                                                         b_out[2] (net)
                      0.185832    0.000194    1.323143 ^ b_out[2] (out)
                                              1.323143   data arrival time

                                 20.000000   20.000000   clock clk (rise edge)
                                  0.000000   20.000000   clock network delay (propagated)
                                 -0.200000   19.800001   clock uncertainty
                                  0.000000   19.800001   clock reconvergence pessimism
                                 -0.020000   19.780001   output external delay
                                             19.780001   data required time
---------------------------------------------------------------------------------------------
                                             19.780001   data required time
                                             -1.323143   data arrival time
---------------------------------------------------------------------------------------------
                                             18.456858   slack (MET)


Startpoint: reset (input port clocked by clk)
Endpoint: _2648_ (rising edge-triggered flip-flop clocked by clk)
Path Group: clk
Path Type: max

Fanout         Cap        Slew       Delay        Time   Description
---------------------------------------------------------------------------------------------
                                  0.000000    0.000000   clock clk (rise edge)
                                  0.000000    0.000000   clock network delay (propagated)
                                  0.020000    0.020000 ^ input external delay
     3    0.023776    0.112607    0.077853    0.097853 ^ reset (in)
                                                         reset (net)
                      0.112626    0.000000    0.097853 ^ fanout78/A (sky130_fd_sc_hd__buf_1)
     8    0.043150    0.503371    0.419118    0.516971 ^ fanout78/X (sky130_fd_sc_hd__buf_1)
                                                         net78 (net)
                      0.503373    0.000788    0.517759 ^ fanout77/A (sky130_fd_sc_hd__buf_1)
     8    0.051552    0.594947    0.525328    1.043087 ^ fanout77/X (sky130_fd_sc_hd__buf_1)
                                                         net77 (net)
                      0.594947    0.000241    1.043328 ^ _1341_/A (sky130_fd_sc_hd__inv_2)
     5    0.014806    0.124911    0.128511    1.171839 v _1341_/Y (sky130_fd_sc_hd__inv_2)
                                                         _0577_ (net)
                      0.124911    0.000061    1.171900 v place303/A (sky130_fd_sc_hd__buf_1)
     6    0.024277    0.143066    0.215139    1.387038 v place303/X (sky130_fd_sc_hd__buf_1)
                                                         net303 (net)
                      0.143068    0.000742    1.387780 v place302/A (sky130_fd_sc_hd__buf_1)
     6    0.017303    0.104819    0.192695    1.580475 v place302/X (sky130_fd_sc_hd__buf_1)
                                                         net302 (net)
                      0.104819    0.000043    1.580518 v place301/A (sky130_fd_sc_hd__buf_1)
     5    0.013534    0.084696    0.161805    1.742323 v place301/X (sky130_fd_sc_hd__buf_1)
                                                         net301 (net)
                      0.084696    0.000024    1.742347 v place300/A (sky130_fd_sc_hd__buf_1)
     8    0.022034    0.130469    0.188542    1.930889 v place300/X (sky130_fd_sc_hd__buf_1)
                                                         net300 (net)
                      0.130469    0.000238    1.931127 v _2594_/B1 (sky130_fd_sc_hd__o211a_2)
     1    0.002514    0.040248    0.165336    2.096463 v _2594_/X (sky130_fd_sc_hd__o211a_2)
                                                         _0075_ (net)
                      0.040248    0.000008    2.096471 v _2648_/D (sky130_fd_sc_hd__dfxtp_2)
                                              2.096471   data arrival time

                                 20.000000   20.000000   clock clk (rise edge)
                                  0.000000   20.000000   clock source latency
    82    0.230301    1.029756    0.711559   20.711559 ^ clk (in)
                                                         clk (net)
                      1.029835    0.000000   20.711559 ^ _2648_/CLK (sky130_fd_sc_hd__dfxtp_2)
                                 -0.200000   20.511559   clock uncertainty
                                  0.000000   20.511559   clock reconvergence pessimism
                                  0.042308   20.553867   library setup time
                                             20.553867   data required time
---------------------------------------------------------------------------------------------
                                             20.553867   data required time
                                             -2.096471   data arrival time
---------------------------------------------------------------------------------------------
                                             18.457396   slack (MET)


Startpoint: reset (input port clocked by clk)
Endpoint: _2649_ (rising edge-triggered flip-flop clocked by clk)
Path Group: clk
Path Type: max

Fanout         Cap        Slew       Delay        Time   Description
---------------------------------------------------------------------------------------------
                                  0.000000    0.000000   clock clk (rise edge)
                                  0.000000    0.000000   clock network delay (propagated)
                                  0.020000    0.020000 ^ input external delay
     3    0.023776    0.112607    0.077853    0.097853 ^ reset (in)
                                                         reset (net)
                      0.112626    0.000000    0.097853 ^ fanout78/A (sky130_fd_sc_hd__buf_1)
     8    0.043150    0.503371    0.419118    0.516971 ^ fanout78/X (sky130_fd_sc_hd__buf_1)
                                                         net78 (net)
                      0.503373    0.000788    0.517759 ^ fanout77/A (sky130_fd_sc_hd__buf_1)
     8    0.051552    0.594947    0.525328    1.043087 ^ fanout77/X (sky130_fd_sc_hd__buf_1)
                                                         net77 (net)
                      0.594947    0.000241    1.043328 ^ _1341_/A (sky130_fd_sc_hd__inv_2)
     5    0.014806    0.124911    0.128511    1.171839 v _1341_/Y (sky130_fd_sc_hd__inv_2)
                                                         _0577_ (net)
                      0.124911    0.000061    1.171900 v place303/A (sky130_fd_sc_hd__buf_1)
     6    0.024277    0.143066    0.215139    1.387038 v place303/X (sky130_fd_sc_hd__buf_1)
                                                         net303 (net)
                      0.143068    0.000742    1.387780 v place302/A (sky130_fd_sc_hd__buf_1)
     6    0.017303    0.104819    0.192695    1.580475 v place302/X (sky130_fd_sc_hd__buf_1)
                                                         net302 (net)
                      0.104819    0.000043    1.580518 v place301/A (sky130_fd_sc_hd__buf_1)
     5    0.013534    0.084696    0.161805    1.742323 v place301/X (sky130_fd_sc_hd__buf_1)
                                                         net301 (net)
                      0.084696    0.000024    1.742347 v place300/A (sky130_fd_sc_hd__buf_1)
     8    0.022034    0.130469    0.188542    1.930889 v place300/X (sky130_fd_sc_hd__buf_1)
                                                         net300 (net)
                      0.130469    0.000235    1.931124 v _2596_/B1 (sky130_fd_sc_hd__o211a_2)
     1    0.001928    0.038295    0.163001    2.094125 v _2596_/X (sky130_fd_sc_hd__o211a_2)
                                                         _0076_ (net)
                      0.038295    0.000002    2.094127 v _2649_/D (sky130_fd_sc_hd__dfxtp_2)
                                              2.094127   data arrival time

                                 20.000000   20.000000   clock clk (rise edge)
                                  0.000000   20.000000   clock source latency
    82    0.230301    1.029756    0.711736   20.711737 ^ clk (in)
                                                         clk (net)
                      1.029839    0.000000   20.711737 ^ _2649_/CLK (sky130_fd_sc_hd__dfxtp_2)
                                 -0.200000   20.511738   clock uncertainty
                                  0.000000   20.511738   clock reconvergence pessimism
                                  0.043138   20.554874   library setup time
                                             20.554874   data required time
---------------------------------------------------------------------------------------------
                                             20.554874   data required time
                                             -2.094127   data arrival time
---------------------------------------------------------------------------------------------
                                             18.460747   slack (MET)


Startpoint: reset (input port clocked by clk)
Endpoint: _2653_ (rising edge-triggered flip-flop clocked by clk)
Path Group: clk
Path Type: max

Fanout         Cap        Slew       Delay        Time   Description
---------------------------------------------------------------------------------------------
                                  0.000000    0.000000   clock clk (rise edge)
                                  0.000000    0.000000   clock network delay (propagated)
                                  0.020000    0.020000 ^ input external delay
     3    0.023776    0.112607    0.077853    0.097853 ^ reset (in)
                                                         reset (net)
                      0.112626    0.000000    0.097853 ^ fanout78/A (sky130_fd_sc_hd__buf_1)
     8    0.043150    0.503371    0.419118    0.516971 ^ fanout78/X (sky130_fd_sc_hd__buf_1)
                                                         net78 (net)
                      0.503373    0.000788    0.517759 ^ fanout77/A (sky130_fd_sc_hd__buf_1)
     8    0.051552    0.594947    0.525328    1.043087 ^ fanout77/X (sky130_fd_sc_hd__buf_1)
                                                         net77 (net)
                      0.594947    0.000241    1.043328 ^ _1341_/A (sky130_fd_sc_hd__inv_2)
     5    0.014806    0.124911    0.128511    1.171839 v _1341_/Y (sky130_fd_sc_hd__inv_2)
                                                         _0577_ (net)
                      0.124911    0.000061    1.171900 v place303/A (sky130_fd_sc_hd__buf_1)
     6    0.024277    0.143066    0.215139    1.387038 v place303/X (sky130_fd_sc_hd__buf_1)
                                                         net303 (net)
                      0.143068    0.000742    1.387780 v place302/A (sky130_fd_sc_hd__buf_1)
     6    0.017303    0.104819    0.192695    1.580475 v place302/X (sky130_fd_sc_hd__buf_1)
                                                         net302 (net)
                      0.104819    0.000043    1.580518 v place301/A (sky130_fd_sc_hd__buf_1)
     5    0.013534    0.084696    0.161805    1.742323 v place301/X (sky130_fd_sc_hd__buf_1)
                                                         net301 (net)
                      0.084696    0.000024    1.742347 v place300/A (sky130_fd_sc_hd__buf_1)
     8    0.022034    0.130469    0.188542    1.930889 v place300/X (sky130_fd_sc_hd__buf_1)
                                                         net300 (net)
                      0.130469    0.000086    1.930975 v _2609_/B1 (sky130_fd_sc_hd__o211a_2)
     1    0.001888    0.038144    0.162841    2.093816 v _2609_/X (sky130_fd_sc_hd__o211a_2)
                                                         _0080_ (net)
                      0.038144    0.000002    2.093818 v _2653_/D (sky130_fd_sc_hd__dfxtp_2)
                                              2.093818   data arrival time

                                 20.000000   20.000000   clock clk (rise edge)
                                  0.000000   20.000000   clock source latency
    82    0.230301    1.029756    0.711578   20.711578 ^ clk (in)
                                                         clk (net)
                      1.029835    0.000000   20.711578 ^ _2653_/CLK (sky130_fd_sc_hd__dfxtp_2)
                                 -0.200000   20.511580   clock uncertainty
                                  0.000000   20.511580   clock reconvergence pessimism
                                  0.043201   20.554779   library setup time
                                             20.554779   data required time
---------------------------------------------------------------------------------------------
                                             20.554779   data required time
                                             -2.093818   data arrival time
---------------------------------------------------------------------------------------------
                                             18.460962   slack (MET)


Startpoint: reset (input port clocked by clk)
Endpoint: _2647_ (rising edge-triggered flip-flop clocked by clk)
Path Group: clk
Path Type: max

Fanout         Cap        Slew       Delay        Time   Description
---------------------------------------------------------------------------------------------
                                  0.000000    0.000000   clock clk (rise edge)
                                  0.000000    0.000000   clock network delay (propagated)
                                  0.020000    0.020000 ^ input external delay
     3    0.023776    0.112607    0.077853    0.097853 ^ reset (in)
                                                         reset (net)
                      0.112626    0.000000    0.097853 ^ fanout78/A (sky130_fd_sc_hd__buf_1)
     8    0.043150    0.503371    0.419118    0.516971 ^ fanout78/X (sky130_fd_sc_hd__buf_1)
                                                         net78 (net)
                      0.503373    0.000788    0.517759 ^ fanout77/A (sky130_fd_sc_hd__buf_1)
     8    0.051552    0.594947    0.525328    1.043087 ^ fanout77/X (sky130_fd_sc_hd__buf_1)
                                                         net77 (net)
                      0.594947    0.000241    1.043328 ^ _1341_/A (sky130_fd_sc_hd__inv_2)
     5    0.014806    0.124911    0.128511    1.171839 v _1341_/Y (sky130_fd_sc_hd__inv_2)
                                                         _0577_ (net)
                      0.124911    0.000061    1.171900 v place303/A (sky130_fd_sc_hd__buf_1)
     6    0.024277    0.143066    0.215139    1.387038 v place303/X (sky130_fd_sc_hd__buf_1)
                                                         net303 (net)
                      0.143068    0.000742    1.387780 v place302/A (sky130_fd_sc_hd__buf_1)
     6    0.017303    0.104819    0.192695    1.580475 v place302/X (sky130_fd_sc_hd__buf_1)
                                                         net302 (net)
                      0.104819    0.000043    1.580518 v place301/A (sky130_fd_sc_hd__buf_1)
     5    0.013534    0.084696    0.161805    1.742323 v place301/X (sky130_fd_sc_hd__buf_1)
                                                         net301 (net)
                      0.084696    0.000024    1.742347 v place300/A (sky130_fd_sc_hd__buf_1)
     8    0.022034    0.130469    0.188542    1.930889 v place300/X (sky130_fd_sc_hd__buf_1)
                                                         net300 (net)
                      0.130469    0.000227    1.931116 v _2592_/B1 (sky130_fd_sc_hd__o211a_2)
     1    0.001760    0.037718    0.162330    2.093446 v _2592_/X (sky130_fd_sc_hd__o211a_2)
                                                         _0074_ (net)
                      0.037718    0.000000    2.093447 v _2647_/D (sky130_fd_sc_hd__dfxtp_2)
                                              2.093447   data arrival time

                                 20.000000   20.000000   clock clk (rise edge)
                                  0.000000   20.000000   clock source latency
    82    0.230301    1.029756    0.711729   20.711729 ^ clk (in)
                                                         clk (net)
                      1.029838    0.000000   20.711729 ^ _2647_/CLK (sky130_fd_sc_hd__dfxtp_2)
                                 -0.200000   20.511730   clock uncertainty
                                  0.000000   20.511730   clock reconvergence pessimism
                                  0.043383   20.555113   library setup time
                                             20.555113   data required time
---------------------------------------------------------------------------------------------
                                             20.555113   data required time
                                             -2.093447   data arrival time
---------------------------------------------------------------------------------------------
                                             18.461664   slack (MET)


Startpoint: reset (input port clocked by clk)
Endpoint: _2654_ (rising edge-triggered flip-flop clocked by clk)
Path Group: clk
Path Type: max

Fanout         Cap        Slew       Delay        Time   Description
---------------------------------------------------------------------------------------------
                                  0.000000    0.000000   clock clk (rise edge)
                                  0.000000    0.000000   clock network delay (propagated)
                                  0.020000    0.020000 ^ input external delay
     3    0.023776    0.112607    0.077853    0.097853 ^ reset (in)
                                                         reset (net)
                      0.112626    0.000000    0.097853 ^ fanout78/A (sky130_fd_sc_hd__buf_1)
     8    0.043150    0.503371    0.419118    0.516971 ^ fanout78/X (sky130_fd_sc_hd__buf_1)
                                                         net78 (net)
                      0.503373    0.000788    0.517759 ^ fanout77/A (sky130_fd_sc_hd__buf_1)
     8    0.051552    0.594947    0.525328    1.043087 ^ fanout77/X (sky130_fd_sc_hd__buf_1)
                                                         net77 (net)
                      0.594947    0.000241    1.043328 ^ _1341_/A (sky130_fd_sc_hd__inv_2)
     5    0.014806    0.124911    0.128511    1.171839 v _1341_/Y (sky130_fd_sc_hd__inv_2)
                                                         _0577_ (net)
                      0.124911    0.000061    1.171900 v place303/A (sky130_fd_sc_hd__buf_1)
     6    0.024277    0.143066    0.215139    1.387038 v place303/X (sky130_fd_sc_hd__buf_1)
                                                         net303 (net)
                      0.143068    0.000742    1.387780 v place302/A (sky130_fd_sc_hd__buf_1)
     6    0.017303    0.104819    0.192695    1.580475 v place302/X (sky130_fd_sc_hd__buf_1)
                                                         net302 (net)
                      0.104819    0.000043    1.580518 v place301/A (sky130_fd_sc_hd__buf_1)
     5    0.013534    0.084696    0.161805    1.742323 v place301/X (sky130_fd_sc_hd__buf_1)
                                                         net301 (net)
                      0.084696    0.000024    1.742347 v place300/A (sky130_fd_sc_hd__buf_1)
     8    0.022034    0.130469    0.188542    1.930889 v place300/X (sky130_fd_sc_hd__buf_1)
                                                         net300 (net)
                      0.130469    0.000022    1.930911 v _2611_/C1 (sky130_fd_sc_hd__o211a_2)
     1    0.001845    0.037944    0.145323    2.076234 v _2611_/X (sky130_fd_sc_hd__o211a_2)
                                                         _0081_ (net)
                      0.037944    0.000002    2.076235 v _2654_/D (sky130_fd_sc_hd__dfxtp_2)
                                              2.076235   data arrival time

                                 20.000000   20.000000   clock clk (rise edge)
                                  0.000000   20.000000   clock source latency
    82    0.230301    1.029756    0.711649   20.711649 ^ clk (in)
                                                         clk (net)
                      1.029837    0.000000   20.711649 ^ _2654_/CLK (sky130_fd_sc_hd__dfxtp_2)
                                 -0.200000   20.511650   clock uncertainty
                                  0.000000   20.511650   clock reconvergence pessimism
                                  0.043286   20.554935   library setup time
                                             20.554935   data required time
---------------------------------------------------------------------------------------------
                                             20.554935   data required time
                                             -2.076235   data arrival time
---------------------------------------------------------------------------------------------
                                             18.478703   slack (MET)


Startpoint: reset (input port clocked by clk)
Endpoint: _2667_ (rising edge-triggered flip-flop clocked by clk)
Path Group: clk
Path Type: max

Fanout         Cap        Slew       Delay        Time   Description
---------------------------------------------------------------------------------------------
                                  0.000000    0.000000   clock clk (rise edge)
                                  0.000000    0.000000   clock network delay (propagated)
                                  0.020000    0.020000 ^ input external delay
     3    0.023776    0.112607    0.077853    0.097853 ^ reset (in)
                                                         reset (net)
                      0.112626    0.000000    0.097853 ^ fanout78/A (sky130_fd_sc_hd__buf_1)
     8    0.043150    0.503371    0.419118    0.516971 ^ fanout78/X (sky130_fd_sc_hd__buf_1)
                                                         net78 (net)
                      0.503373    0.000788    0.517759 ^ fanout77/A (sky130_fd_sc_hd__buf_1)
     8    0.051552    0.594947    0.525328    1.043087 ^ fanout77/X (sky130_fd_sc_hd__buf_1)
                                                         net77 (net)
                      0.594947    0.000241    1.043328 ^ _1341_/A (sky130_fd_sc_hd__inv_2)
     5    0.014806    0.124911    0.128511    1.171839 v _1341_/Y (sky130_fd_sc_hd__inv_2)
                                                         _0577_ (net)
                      0.124911    0.000061    1.171900 v place303/A (sky130_fd_sc_hd__buf_1)
     6    0.024277    0.143066    0.215139    1.387038 v place303/X (sky130_fd_sc_hd__buf_1)
                                                         net303 (net)
                      0.143068    0.000742    1.387780 v place302/A (sky130_fd_sc_hd__buf_1)
     6    0.017303    0.104819    0.192695    1.580475 v place302/X (sky130_fd_sc_hd__buf_1)
                                                         net302 (net)
                      0.104819    0.000043    1.580518 v place301/A (sky130_fd_sc_hd__buf_1)
     5    0.013534    0.084696    0.161805    1.742323 v place301/X (sky130_fd_sc_hd__buf_1)
                                                         net301 (net)
                      0.084696    0.000024    1.742347 v place300/A (sky130_fd_sc_hd__buf_1)
     8    0.022034    0.130469    0.188542    1.930889 v place300/X (sky130_fd_sc_hd__buf_1)
                                                         net300 (net)
                      0.130469    0.000192    1.931081 v _1364_/C1 (sky130_fd_sc_hd__o211a_2)
     1    0.001765    0.037675    0.145018    2.076099 v _1364_/X (sky130_fd_sc_hd__o211a_2)
                                                         _0012_ (net)
                      0.037675    0.000000    2.076100 v _2667_/D (sky130_fd_sc_hd__dfxtp_2)
                                              2.076100   data arrival time

                                 20.000000   20.000000   clock clk (rise edge)
                                  0.000000   20.000000   clock source latency
    82    0.230301    1.029756    0.711696   20.711697 ^ clk (in)
                                                         clk (net)
                      1.029838    0.000000   20.711697 ^ _2667_/CLK (sky130_fd_sc_hd__dfxtp_2)
                                 -0.200000   20.511696   clock uncertainty
                                  0.000000   20.511696   clock reconvergence pessimism
                                  0.043401   20.555096   library setup time
                                             20.555096   data required time
---------------------------------------------------------------------------------------------
                                             20.555096   data required time
                                             -2.076100   data arrival time
---------------------------------------------------------------------------------------------
                                             18.478996   slack (MET)


Startpoint: reset (input port clocked by clk)
Endpoint: _2668_ (rising edge-triggered flip-flop clocked by clk)
Path Group: clk
Path Type: max

Fanout         Cap        Slew       Delay        Time   Description
---------------------------------------------------------------------------------------------
                                  0.000000    0.000000   clock clk (rise edge)
                                  0.000000    0.000000   clock network delay (propagated)
                                  0.020000    0.020000 ^ input external delay
     3    0.023776    0.112607    0.077853    0.097853 ^ reset (in)
                                                         reset (net)
                      0.112626    0.000000    0.097853 ^ fanout78/A (sky130_fd_sc_hd__buf_1)
     8    0.043150    0.503371    0.419118    0.516971 ^ fanout78/X (sky130_fd_sc_hd__buf_1)
                                                         net78 (net)
                      0.503373    0.000788    0.517759 ^ fanout77/A (sky130_fd_sc_hd__buf_1)
     8    0.051552    0.594947    0.525328    1.043087 ^ fanout77/X (sky130_fd_sc_hd__buf_1)
                                                         net77 (net)
                      0.594947    0.000241    1.043328 ^ _1341_/A (sky130_fd_sc_hd__inv_2)
     5    0.014806    0.124911    0.128511    1.171839 v _1341_/Y (sky130_fd_sc_hd__inv_2)
                                                         _0577_ (net)
                      0.124911    0.000061    1.171900 v place303/A (sky130_fd_sc_hd__buf_1)
     6    0.024277    0.143066    0.215139    1.387038 v place303/X (sky130_fd_sc_hd__buf_1)
                                                         net303 (net)
                      0.143068    0.000742    1.387780 v place302/A (sky130_fd_sc_hd__buf_1)
     6    0.017303    0.104819    0.192695    1.580475 v place302/X (sky130_fd_sc_hd__buf_1)
                                                         net302 (net)
                      0.104819    0.000043    1.580518 v place301/A (sky130_fd_sc_hd__buf_1)
     5    0.013534    0.084696    0.161805    1.742323 v place301/X (sky130_fd_sc_hd__buf_1)
                                                         net301 (net)
                      0.084696    0.000024    1.742347 v place300/A (sky130_fd_sc_hd__buf_1)
     8    0.022034    0.130469    0.188542    1.930889 v place300/X (sky130_fd_sc_hd__buf_1)
                                                         net300 (net)
                      0.130469    0.000152    1.931041 v _1366_/C1 (sky130_fd_sc_hd__o211a_2)
     1    0.001741    0.037656    0.144926    2.075967 v _1366_/X (sky130_fd_sc_hd__o211a_2)
                                                         _0013_ (net)
                      0.037656    0.000000    2.075968 v _2668_/D (sky130_fd_sc_hd__dfxtp_2)
                                              2.075968   data arrival time

                                 20.000000   20.000000   clock clk (rise edge)
                                  0.000000   20.000000   clock source latency
    82    0.230301    1.029756    0.711653   20.711653 ^ clk (in)
                                                         clk (net)
                      1.029837    0.000000   20.711653 ^ _2668_/CLK (sky130_fd_sc_hd__dfxtp_2)
                                 -0.200000   20.511654   clock uncertainty
                                  0.000000   20.511654   clock reconvergence pessimism
                                  0.043409   20.555061   library setup time
                                             20.555061   data required time
---------------------------------------------------------------------------------------------
                                             20.555061   data required time
                                             -2.075968   data arrival time
---------------------------------------------------------------------------------------------
                                             18.479094   slack (MET)


Startpoint: _2656_ (rising edge-triggered flip-flop clocked by clk)
Endpoint: _2656_ (rising edge-triggered flip-flop clocked by clk)
Path Group: clk
Path Type: max

Fanout         Cap        Slew       Delay        Time   Description
---------------------------------------------------------------------------------------------
                                  0.000000    0.000000   clock clk (rise edge)
                                  0.000000    0.000000   clock source latency
    82    0.230301    1.029756    0.709469    0.709469 ^ clk (in)
                                                         clk (net)
                      1.029797    0.000000    0.709469 ^ _2656_/CLK (sky130_fd_sc_hd__dfxtp_2)
     8    0.032010    0.166076    0.598071    1.307540 ^ _2656_/Q (sky130_fd_sc_hd__dfxtp_2)
                                                         r2_mantissa[1] (net)
                      0.166076    0.000013    1.307553 ^ place255/A (sky130_fd_sc_hd__buf_1)
     6    0.043709    0.514805    0.432609    1.740161 ^ place255/X (sky130_fd_sc_hd__buf_1)
                                                         net255 (net)
                      0.514805    0.000034    1.740195 ^ _1376_/A (sky130_fd_sc_hd__inv_6)
     4    0.021753    0.092983    0.073940    1.814135 v _1376_/Y (sky130_fd_sc_hd__inv_6)
                                                         _0600_ (net)
                      0.092983    0.000022    1.814157 v _2614_/A (sky130_fd_sc_hd__nand2_2)
     1    0.002628    0.051449    0.064924    1.879081 ^ _2614_/Y (sky130_fd_sc_hd__nand2_2)
                                                         _0554_ (net)
                      0.051449    0.000002    1.879083 ^ _2615_/B1 (sky130_fd_sc_hd__o211a_2)
     1    0.001841    0.038754    0.156305    2.035389 ^ _2615_/X (sky130_fd_sc_hd__o211a_2)
                                                         _0083_ (net)
                      0.038754    0.000002    2.035391 ^ _2656_/D (sky130_fd_sc_hd__dfxtp_2)
                                              2.035391   data arrival time

                                 20.000000   20.000000   clock clk (rise edge)
                                  0.000000   20.000000   clock source latency
    82    0.230301    1.029756    0.709468   20.709469 ^ clk (in)
                                                         clk (net)
                      1.029797    0.000000   20.709469 ^ _2656_/CLK (sky130_fd_sc_hd__dfxtp_2)
                                 -0.200000   20.509468   clock uncertainty
                                  0.000000   20.509468   clock reconvergence pessimism
                                  0.025600   20.535069   library setup time
                                             20.535069   data required time
---------------------------------------------------------------------------------------------
                                             20.535069   data required time
                                             -2.035391   data arrival time
---------------------------------------------------------------------------------------------
                                             18.499678   slack (MET)


Startpoint: reset (input port clocked by clk)
Endpoint: _2650_ (rising edge-triggered flip-flop clocked by clk)
Path Group: clk
Path Type: max

Fanout         Cap        Slew       Delay        Time   Description
---------------------------------------------------------------------------------------------
                                  0.000000    0.000000   clock clk (rise edge)
                                  0.000000    0.000000   clock network delay (propagated)
                                  0.020000    0.020000 ^ input external delay
     3    0.023776    0.112607    0.077853    0.097853 ^ reset (in)
                                                         reset (net)
                      0.112626    0.000000    0.097853 ^ fanout78/A (sky130_fd_sc_hd__buf_1)
     8    0.043150    0.503371    0.419118    0.516971 ^ fanout78/X (sky130_fd_sc_hd__buf_1)
                                                         net78 (net)
                      0.503373    0.000788    0.517759 ^ fanout77/A (sky130_fd_sc_hd__buf_1)
     8    0.051552    0.594947    0.525328    1.043087 ^ fanout77/X (sky130_fd_sc_hd__buf_1)
                                                         net77 (net)
                      0.594947    0.000241    1.043328 ^ _1341_/A (sky130_fd_sc_hd__inv_2)
     5    0.014806    0.124911    0.128511    1.171839 v _1341_/Y (sky130_fd_sc_hd__inv_2)
                                                         _0577_ (net)
                      0.124911    0.000061    1.171900 v place303/A (sky130_fd_sc_hd__buf_1)
     6    0.024277    0.143066    0.215139    1.387038 v place303/X (sky130_fd_sc_hd__buf_1)
                                                         net303 (net)
                      0.143070    0.000852    1.387890 v place298/A (sky130_fd_sc_hd__buf_1)
     7    0.019050    0.114400    0.200085    1.587975 v place298/X (sky130_fd_sc_hd__buf_1)
                                                         net298 (net)
                      0.114400    0.000022    1.587997 v place297/A (sky130_fd_sc_hd__buf_1)
     8    0.022343    0.132099    0.203030    1.791027 v place297/X (sky130_fd_sc_hd__buf_1)
                                                         net297 (net)
                      0.132099    0.000291    1.791318 v _2598_/B1 (sky130_fd_sc_hd__o211a_2)
     1    0.002250    0.039369    0.165033    1.956351 v _2598_/X (sky130_fd_sc_hd__o211a_2)
                                                         _0077_ (net)
                      0.039369    0.000005    1.956356 v _2650_/D (sky130_fd_sc_hd__dfxtp_2)
                                              1.956356   data arrival time

                                 20.000000   20.000000   clock clk (rise edge)
                                  0.000000   20.000000   clock source latency
    82    0.230301    1.029756    0.711555   20.711555 ^ clk (in)
                                                         clk (net)
                      1.029835    0.000000   20.711555 ^ _2650_/CLK (sky130_fd_sc_hd__dfxtp_2)
                                 -0.200000   20.511557   clock uncertainty
                                  0.000000   20.511557   clock reconvergence pessimism
                                  0.042681   20.554235   library setup time
                                             20.554235   data required time
---------------------------------------------------------------------------------------------
                                             20.554235   data required time
                                             -1.956356   data arrival time
---------------------------------------------------------------------------------------------
                                             18.597879   slack (MET)


Startpoint: reset (input port clocked by clk)
Endpoint: _2646_ (rising edge-triggered flip-flop clocked by clk)
Path Group: clk
Path Type: max

Fanout         Cap        Slew       Delay        Time   Description
---------------------------------------------------------------------------------------------
                                  0.000000    0.000000   clock clk (rise edge)
                                  0.000000    0.000000   clock network delay (propagated)
                                  0.020000    0.020000 ^ input external delay
     3    0.023776    0.112607    0.077853    0.097853 ^ reset (in)
                                                         reset (net)
                      0.112626    0.000000    0.097853 ^ fanout78/A (sky130_fd_sc_hd__buf_1)
     8    0.043150    0.503371    0.419118    0.516971 ^ fanout78/X (sky130_fd_sc_hd__buf_1)
                                                         net78 (net)
                      0.503373    0.000788    0.517759 ^ fanout77/A (sky130_fd_sc_hd__buf_1)
     8    0.051552    0.594947    0.525328    1.043087 ^ fanout77/X (sky130_fd_sc_hd__buf_1)
                                                         net77 (net)
                      0.594947    0.000241    1.043328 ^ _1341_/A (sky130_fd_sc_hd__inv_2)
     5    0.014806    0.124911    0.128511    1.171839 v _1341_/Y (sky130_fd_sc_hd__inv_2)
                                                         _0577_ (net)
                      0.124911    0.000061    1.171900 v place303/A (sky130_fd_sc_hd__buf_1)
     6    0.024277    0.143066    0.215139    1.387038 v place303/X (sky130_fd_sc_hd__buf_1)
                                                         net303 (net)
                      0.143070    0.000852    1.387890 v place298/A (sky130_fd_sc_hd__buf_1)
     7    0.019050    0.114400    0.200085    1.587975 v place298/X (sky130_fd_sc_hd__buf_1)
                                                         net298 (net)
                      0.114400    0.000022    1.587997 v place297/A (sky130_fd_sc_hd__buf_1)
     8    0.022343    0.132099    0.203030    1.791027 v place297/X (sky130_fd_sc_hd__buf_1)
                                                         net297 (net)
                      0.132099    0.000255    1.791283 v _2590_/B1 (sky130_fd_sc_hd__o211a_2)
     1    0.002124    0.038948    0.164529    1.955812 v _2590_/X (sky130_fd_sc_hd__o211a_2)
                                                         _0073_ (net)
                      0.038948    0.000004    1.955815 v _2646_/D (sky130_fd_sc_hd__dfxtp_2)
                                              1.955815   data arrival time

                                 20.000000   20.000000   clock clk (rise edge)
                                  0.000000   20.000000   clock source latency
    82    0.230301    1.029756    0.711502   20.711502 ^ clk (in)
                                                         clk (net)
                      1.029834    0.000000   20.711502 ^ _2646_/CLK (sky130_fd_sc_hd__dfxtp_2)
                                 -0.200000   20.511503   clock uncertainty
                                  0.000000   20.511503   clock reconvergence pessimism
                                  0.042860   20.554363   library setup time
                                             20.554363   data required time
---------------------------------------------------------------------------------------------
                                             20.554363   data required time
                                             -1.955815   data arrival time
---------------------------------------------------------------------------------------------
                                             18.598547   slack (MET)


Startpoint: reset (input port clocked by clk)
Endpoint: _2651_ (rising edge-triggered flip-flop clocked by clk)
Path Group: clk
Path Type: max

Fanout         Cap        Slew       Delay        Time   Description
---------------------------------------------------------------------------------------------
                                  0.000000    0.000000   clock clk (rise edge)
                                  0.000000    0.000000   clock network delay (propagated)
                                  0.020000    0.020000 ^ input external delay
     3    0.023776    0.112607    0.077853    0.097853 ^ reset (in)
                                                         reset (net)
                      0.112626    0.000000    0.097853 ^ fanout78/A (sky130_fd_sc_hd__buf_1)
     8    0.043150    0.503371    0.419118    0.516971 ^ fanout78/X (sky130_fd_sc_hd__buf_1)
                                                         net78 (net)
                      0.503373    0.000788    0.517759 ^ fanout77/A (sky130_fd_sc_hd__buf_1)
     8    0.051552    0.594947    0.525328    1.043087 ^ fanout77/X (sky130_fd_sc_hd__buf_1)
                                                         net77 (net)
                      0.594947    0.000241    1.043328 ^ _1341_/A (sky130_fd_sc_hd__inv_2)
     5    0.014806    0.124911    0.128511    1.171839 v _1341_/Y (sky130_fd_sc_hd__inv_2)
                                                         _0577_ (net)
                      0.124911    0.000061    1.171900 v place303/A (sky130_fd_sc_hd__buf_1)
     6    0.024277    0.143066    0.215139    1.387038 v place303/X (sky130_fd_sc_hd__buf_1)
                                                         net303 (net)
                      0.143070    0.000852    1.387890 v place298/A (sky130_fd_sc_hd__buf_1)
     7    0.019050    0.114400    0.200085    1.587975 v place298/X (sky130_fd_sc_hd__buf_1)
                                                         net298 (net)
                      0.114400    0.000022    1.587997 v place297/A (sky130_fd_sc_hd__buf_1)
     8    0.022343    0.132099    0.203030    1.791027 v place297/X (sky130_fd_sc_hd__buf_1)
                                                         net297 (net)
                      0.132099    0.000280    1.791307 v _2600_/B1 (sky130_fd_sc_hd__o211a_2)
     1    0.001945    0.038353    0.163817    1.955124 v _2600_/X (sky130_fd_sc_hd__o211a_2)
                                                         _0078_ (net)
                      0.038353    0.000002    1.955126 v _2651_/D (sky130_fd_sc_hd__dfxtp_2)
                                              1.955126   data arrival time

                                 20.000000   20.000000   clock clk (rise edge)
                                  0.000000   20.000000   clock source latency
    82    0.230301    1.029756    0.711534   20.711535 ^ clk (in)
                                                         clk (net)
                      1.029834    0.000000   20.711535 ^ _2651_/CLK (sky130_fd_sc_hd__dfxtp_2)
                                 -0.200000   20.511534   clock uncertainty
                                  0.000000   20.511534   clock reconvergence pessimism
                                  0.043112   20.554647   library setup time
                                             20.554647   data required time
---------------------------------------------------------------------------------------------
                                             20.554647   data required time
                                             -1.955126   data arrival time
---------------------------------------------------------------------------------------------
                                             18.599520   slack (MET)


Startpoint: reset (input port clocked by clk)
Endpoint: _2652_ (rising edge-triggered flip-flop clocked by clk)
Path Group: clk
Path Type: max

Fanout         Cap        Slew       Delay        Time   Description
---------------------------------------------------------------------------------------------
                                  0.000000    0.000000   clock clk (rise edge)
                                  0.000000    0.000000   clock network delay (propagated)
                                  0.020000    0.020000 ^ input external delay
     3    0.023776    0.112607    0.077853    0.097853 ^ reset (in)
                                                         reset (net)
                      0.112626    0.000000    0.097853 ^ fanout78/A (sky130_fd_sc_hd__buf_1)
     8    0.043150    0.503371    0.419118    0.516971 ^ fanout78/X (sky130_fd_sc_hd__buf_1)
                                                         net78 (net)
                      0.503373    0.000788    0.517759 ^ fanout77/A (sky130_fd_sc_hd__buf_1)
     8    0.051552    0.594947    0.525328    1.043087 ^ fanout77/X (sky130_fd_sc_hd__buf_1)
                                                         net77 (net)
                      0.594947    0.000241    1.043328 ^ _1341_/A (sky130_fd_sc_hd__inv_2)
     5    0.014806    0.124911    0.128511    1.171839 v _1341_/Y (sky130_fd_sc_hd__inv_2)
                                                         _0577_ (net)
                      0.124911    0.000061    1.171900 v place303/A (sky130_fd_sc_hd__buf_1)
     6    0.024277    0.143066    0.215139    1.387038 v place303/X (sky130_fd_sc_hd__buf_1)
                                                         net303 (net)
                      0.143070    0.000852    1.387890 v place298/A (sky130_fd_sc_hd__buf_1)
     7    0.019050    0.114400    0.200085    1.587975 v place298/X (sky130_fd_sc_hd__buf_1)
                                                         net298 (net)
                      0.114400    0.000022    1.587997 v place297/A (sky130_fd_sc_hd__buf_1)
     8    0.022343    0.132099    0.203030    1.791027 v place297/X (sky130_fd_sc_hd__buf_1)
                                                         net297 (net)
                      0.132099    0.000254    1.791281 v _2602_/B1 (sky130_fd_sc_hd__o211a_2)
     1    0.001823    0.037947    0.163331    1.954611 v _2602_/X (sky130_fd_sc_hd__o211a_2)
                                                         _0079_ (net)
                      0.037947    0.000001    1.954613 v _2652_/D (sky130_fd_sc_hd__dfxtp_2)
                                              1.954613   data arrival time

                                 20.000000   20.000000   clock clk (rise edge)
                                  0.000000   20.000000   clock source latency
    82    0.230301    1.029756    0.711500   20.711500 ^ clk (in)
                                                         clk (net)
                      1.029834    0.000000   20.711500 ^ _2652_/CLK (sky130_fd_sc_hd__dfxtp_2)
                                 -0.200000   20.511501   clock uncertainty
                                  0.000000   20.511501   clock reconvergence pessimism
                                  0.043285   20.554785   library setup time
                                             20.554785   data required time
---------------------------------------------------------------------------------------------
                                             20.554785   data required time
                                             -1.954613   data arrival time
---------------------------------------------------------------------------------------------
                                             18.600172   slack (MET)


Startpoint: enable (input port clocked by clk)
Endpoint: _2623_ (rising edge-triggered flip-flop clocked by clk)
Path Group: clk
Path Type: max

Fanout         Cap        Slew       Delay        Time   Description
---------------------------------------------------------------------------------------------
                                  0.000000    0.000000   clock clk (rise edge)
                                  0.000000    0.000000   clock network delay (propagated)
                                  0.020000    0.020000 v input external delay
     4    0.033181    0.074332    0.052729    0.072729 v enable (in)
                                                         enable (net)
                      0.074344    0.000000    0.072729 v fanout84/A (sky130_fd_sc_hd__buf_1)
     8    0.042336    0.245116    0.268212    0.340941 v fanout84/X (sky130_fd_sc_hd__buf_1)
                                                         net84 (net)
                      0.245116    0.000740    0.341682 v _1369_/A (sky130_fd_sc_hd__inv_2)
     6    0.019393    0.118371    0.176248    0.517929 ^ _1369_/Y (sky130_fd_sc_hd__inv_2)
                                                         _0594_ (net)
                      0.118371    0.000031    0.517961 ^ place295/A (sky130_fd_sc_hd__buf_1)
     8    0.031530    0.370714    0.328874    0.846835 ^ place295/X (sky130_fd_sc_hd__buf_1)
                                                         net295 (net)
                      0.370715    0.000592    0.847427 ^ place294/A (sky130_fd_sc_hd__buf_1)
     7    0.026943    0.317023    0.322248    1.169675 ^ place294/X (sky130_fd_sc_hd__buf_1)
                                                         net294 (net)
                      0.317024    0.000657    1.170331 ^ place293/A (sky130_fd_sc_hd__buf_1)
     6    0.017859    0.217734    0.247110    1.417442 ^ place293/X (sky130_fd_sc_hd__buf_1)
                                                         net293 (net)
                      0.217734    0.000097    1.417538 ^ place292/A (sky130_fd_sc_hd__buf_1)
     8    0.026335    0.310558    0.302485    1.720023 ^ place292/X (sky130_fd_sc_hd__buf_1)
                                                         net292 (net)
                      0.310559    0.000401    1.720424 ^ _2535_/A1 (sky130_fd_sc_hd__o211a_2)
     1    0.002106    0.040156    0.214823    1.935247 ^ _2535_/X (sky130_fd_sc_hd__o211a_2)
                                                         _0050_ (net)
                      0.040156    0.000004    1.935251 ^ _2623_/D (sky130_fd_sc_hd__dfxtp_2)
                                              1.935251   data arrival time

                                 20.000000   20.000000   clock clk (rise edge)
                                  0.000000   20.000000   clock source latency
    82    0.230301    1.029756    0.710989   20.710989 ^ clk (in)
                                                         clk (net)
                      1.029823    0.000000   20.710989 ^ _2623_/CLK (sky130_fd_sc_hd__dfxtp_2)
                                 -0.200000   20.510988   clock uncertainty
                                  0.000000   20.510988   clock reconvergence pessimism
                                  0.025317   20.536306   library setup time
                                             20.536306   data required time
---------------------------------------------------------------------------------------------
                                             20.536306   data required time
                                             -1.935251   data arrival time
---------------------------------------------------------------------------------------------
                                             18.601055   slack (MET)


Startpoint: enable (input port clocked by clk)
Endpoint: _2664_ (rising edge-triggered flip-flop clocked by clk)
Path Group: clk
Path Type: max

Fanout         Cap        Slew       Delay        Time   Description
---------------------------------------------------------------------------------------------
                                  0.000000    0.000000   clock clk (rise edge)
                                  0.000000    0.000000   clock network delay (propagated)
                                  0.020000    0.020000 ^ input external delay
     4    0.034119    0.158837    0.109288    0.129288 ^ enable (in)
                                                         enable (net)
                      0.158843    0.000000    0.129288 ^ fanout84/A (sky130_fd_sc_hd__buf_1)
     8    0.044050    0.513135    0.433801    0.563090 ^ fanout84/X (sky130_fd_sc_hd__buf_1)
                                                         net84 (net)
                      0.513138    0.001055    0.564145 ^ fanout81/A (sky130_fd_sc_hd__buf_1)
     8    0.021016    0.250110    0.285450    0.849595 ^ fanout81/X (sky130_fd_sc_hd__buf_1)
                                                         net81 (net)
                      0.250110    0.000157    0.849752 ^ fanout80/A (sky130_fd_sc_hd__buf_1)
     8    0.021720    0.261773    0.270750    1.120502 ^ fanout80/X (sky130_fd_sc_hd__buf_1)
                                                         net80 (net)
                      0.261773    0.000052    1.120555 ^ _1336_/A (sky130_fd_sc_hd__and2_2)
     8    0.023544    0.132177    0.272707    1.393262 ^ _1336_/X (sky130_fd_sc_hd__and2_2)
                                                         _0572_ (net)
                      0.132177    0.000042    1.393304 ^ place308/A (sky130_fd_sc_hd__buf_1)
     8    0.026005    0.312044    0.287993    1.681296 ^ place308/X (sky130_fd_sc_hd__buf_1)
                                                         net308 (net)
                      0.312044    0.000107    1.681403 ^ _1358_/A2 (sky130_fd_sc_hd__o211a_2)
     1    0.002108    0.041042    0.205783    1.887186 ^ _1358_/X (sky130_fd_sc_hd__o211a_2)
                                                         _0009_ (net)
                      0.041042    0.000004    1.887190 ^ _2664_/D (sky130_fd_sc_hd__dfxtp_2)
                                              1.887190   data arrival time

                                 20.000000   20.000000   clock clk (rise edge)
                                  0.000000   20.000000   clock source latency
    82    0.230301    1.029756    0.711795   20.711796 ^ clk (in)
                                                         clk (net)
                      1.029840    0.000000   20.711796 ^ _2664_/CLK (sky130_fd_sc_hd__dfxtp_2)
                                 -0.200000   20.511795   clock uncertainty
                                  0.000000   20.511795   clock reconvergence pessimism
                                  0.025138   20.536932   library setup time
                                             20.536932   data required time
---------------------------------------------------------------------------------------------
                                             20.536932   data required time
                                             -1.887190   data arrival time
---------------------------------------------------------------------------------------------
                                             18.649744   slack (MET)


Startpoint: enable (input port clocked by clk)
Endpoint: _2669_ (rising edge-triggered flip-flop clocked by clk)
Path Group: clk
Path Type: max

Fanout         Cap        Slew       Delay        Time   Description
---------------------------------------------------------------------------------------------
                                  0.000000    0.000000   clock clk (rise edge)
                                  0.000000    0.000000   clock network delay (propagated)
                                  0.020000    0.020000 ^ input external delay
     4    0.034119    0.158837    0.109288    0.129288 ^ enable (in)
                                                         enable (net)
                      0.158843    0.000000    0.129288 ^ fanout84/A (sky130_fd_sc_hd__buf_1)
     8    0.044050    0.513135    0.433801    0.563090 ^ fanout84/X (sky130_fd_sc_hd__buf_1)
                                                         net84 (net)
                      0.513138    0.001055    0.564145 ^ fanout81/A (sky130_fd_sc_hd__buf_1)
     8    0.021016    0.250110    0.285450    0.849595 ^ fanout81/X (sky130_fd_sc_hd__buf_1)
                                                         net81 (net)
                      0.250110    0.000157    0.849752 ^ fanout80/A (sky130_fd_sc_hd__buf_1)
     8    0.021720    0.261773    0.270750    1.120502 ^ fanout80/X (sky130_fd_sc_hd__buf_1)
                                                         net80 (net)
                      0.261773    0.000052    1.120555 ^ _1336_/A (sky130_fd_sc_hd__and2_2)
     8    0.023544    0.132177    0.272707    1.393262 ^ _1336_/X (sky130_fd_sc_hd__and2_2)
                                                         _0572_ (net)
                      0.132177    0.000042    1.393304 ^ place308/A (sky130_fd_sc_hd__buf_1)
     8    0.026005    0.312044    0.287993    1.681296 ^ place308/X (sky130_fd_sc_hd__buf_1)
                                                         net308 (net)
                      0.312044    0.000086    1.681382 ^ _1368_/A2 (sky130_fd_sc_hd__o211a_2)
     1    0.001725    0.037874    0.203311    1.884693 ^ _1368_/X (sky130_fd_sc_hd__o211a_2)
                                                         _0014_ (net)
                      0.037874    0.000000    1.884694 ^ _2669_/D (sky130_fd_sc_hd__dfxtp_2)
                                              1.884694   data arrival time

                                 20.000000   20.000000   clock clk (rise edge)
                                  0.000000   20.000000   clock source latency
    82    0.230301    1.029756    0.711665   20.711666 ^ clk (in)
                                                         clk (net)
                      1.029837    0.000000   20.711666 ^ _2669_/CLK (sky130_fd_sc_hd__dfxtp_2)
                                 -0.200000   20.511665   clock uncertainty
                                  0.000000   20.511665   clock reconvergence pessimism
                                  0.025780   20.537447   library setup time
                                             20.537447   data required time
---------------------------------------------------------------------------------------------
                                             20.537447   data required time
                                             -1.884694   data arrival time
---------------------------------------------------------------------------------------------
                                             18.652752   slack (MET)


Startpoint: _2658_ (rising edge-triggered flip-flop clocked by clk)
Endpoint: _2658_ (rising edge-triggered flip-flop clocked by clk)
Path Group: clk
Path Type: max

Fanout         Cap        Slew       Delay        Time   Description
---------------------------------------------------------------------------------------------
                                  0.000000    0.000000   clock clk (rise edge)
                                  0.000000    0.000000   clock source latency
    82    0.230301    1.029756    0.709526    0.709526 ^ clk (in)
                                                         clk (net)
                      1.029798    0.000000    0.709526 ^ _2658_/CLK (sky130_fd_sc_hd__dfxtp_2)
     5    0.024546    0.130121    0.572290    1.281816 ^ _2658_/Q (sky130_fd_sc_hd__dfxtp_2)
                                                         r2_mantissa[3] (net)
                      0.130121    0.000000    1.281816 ^ place254/A (sky130_fd_sc_hd__buf_1)
     8    0.023143    0.274886    0.265039    1.546855 ^ place254/X (sky130_fd_sc_hd__buf_1)
                                                         net254 (net)
                      0.274886    0.000063    1.546918 ^ _2618_/A (sky130_fd_sc_hd__or2_2)
     1    0.003385    0.035769    0.167577    1.714495 ^ _2618_/X (sky130_fd_sc_hd__or2_2)
                                                         _0556_ (net)
                      0.035769    0.000013    1.714509 ^ _2619_/B1 (sky130_fd_sc_hd__o211a_2)
     1    0.002048    0.039957    0.152724    1.867232 ^ _2619_/X (sky130_fd_sc_hd__o211a_2)
                                                         _0085_ (net)
                      0.039957    0.000004    1.867237 ^ _2658_/D (sky130_fd_sc_hd__dfxtp_2)
                                              1.867237   data arrival time

                                 20.000000   20.000000   clock clk (rise edge)
                                  0.000000   20.000000   clock source latency
    82    0.230301    1.029756    0.709527   20.709528 ^ clk (in)
                                                         clk (net)
                      1.029798    0.000000   20.709528 ^ _2658_/CLK (sky130_fd_sc_hd__dfxtp_2)
                                 -0.200000   20.509527   clock uncertainty
                                  0.000000   20.509527   clock reconvergence pessimism
                                  0.025356   20.534883   library setup time
                                             20.534883   data required time
---------------------------------------------------------------------------------------------
                                             20.534883   data required time
                                             -1.867237   data arrival time
---------------------------------------------------------------------------------------------
                                             18.667646   slack (MET)


Startpoint: _2631_ (rising edge-triggered flip-flop clocked by clk)
Endpoint: _2631_ (rising edge-triggered flip-flop clocked by clk)
Path Group: clk
Path Type: max

Fanout         Cap        Slew       Delay        Time   Description
---------------------------------------------------------------------------------------------
                                  0.000000    0.000000   clock clk (rise edge)
                                  0.000000    0.000000   clock source latency
    82    0.230301    1.029756    0.711762    0.711762 ^ clk (in)
                                                         clk (net)
                      1.029839    0.000000    0.711762 ^ _2631_/CLK (sky130_fd_sc_hd__dfxtp_2)
     8    0.030366    0.158288    0.591942    1.303704 ^ _2631_/Q (sky130_fd_sc_hd__dfxtp_2)
                                                         net270 (net)
                      0.158288    0.000017    1.303722 ^ place269/A (sky130_fd_sc_hd__buf_1)
     7    0.022495    0.267306    0.263811    1.567532 ^ place269/X (sky130_fd_sc_hd__buf_1)
                                                         net269 (net)
                      0.267306    0.000010    1.567543 ^ _2553_/B (sky130_fd_sc_hd__or2_2)
     1    0.002593    0.033821    0.158879    1.726422 ^ _2553_/X (sky130_fd_sc_hd__or2_2)
                                                         _0518_ (net)
                      0.033821    0.000002    1.726424 ^ _2554_/C1 (sky130_fd_sc_hd__o211a_2)
     1    0.001925    0.039214    0.143146    1.869570 ^ _2554_/X (sky130_fd_sc_hd__o211a_2)
                                                         _0058_ (net)
                      0.039214    0.000002    1.869573 ^ _2631_/D (sky130_fd_sc_hd__dfxtp_2)
                                              1.869573   data arrival time

                                 20.000000   20.000000   clock clk (rise edge)
                                  0.000000   20.000000   clock source latency
    82    0.230301    1.029756    0.711763   20.711763 ^ clk (in)
                                                         clk (net)
                      1.029839    0.000000   20.711763 ^ _2631_/CLK (sky130_fd_sc_hd__dfxtp_2)
                                 -0.200000   20.511763   clock uncertainty
                                  0.000000   20.511763   clock reconvergence pessimism
                                  0.025508   20.537271   library setup time
                                             20.537271   data required time
---------------------------------------------------------------------------------------------
                                             20.537271   data required time
                                             -1.869573   data arrival time
---------------------------------------------------------------------------------------------
                                             18.667700   slack (MET)


Startpoint: reset (input port clocked by clk)
Endpoint: _2630_ (rising edge-triggered flip-flop clocked by clk)
Path Group: clk
Path Type: max

Fanout         Cap        Slew       Delay        Time   Description
---------------------------------------------------------------------------------------------
                                  0.000000    0.000000   clock clk (rise edge)
                                  0.000000    0.000000   clock network delay (propagated)
                                  0.020000    0.020000 ^ input external delay
     3    0.023776    0.112607    0.077853    0.097853 ^ reset (in)
                                                         reset (net)
                      0.112626    0.000000    0.097853 ^ fanout78/A (sky130_fd_sc_hd__buf_1)
     8    0.043150    0.503371    0.419118    0.516971 ^ fanout78/X (sky130_fd_sc_hd__buf_1)
                                                         net78 (net)
                      0.503373    0.000788    0.517759 ^ fanout77/A (sky130_fd_sc_hd__buf_1)
     8    0.051552    0.594947    0.525328    1.043087 ^ fanout77/X (sky130_fd_sc_hd__buf_1)
                                                         net77 (net)
                      0.594947    0.000241    1.043328 ^ _1341_/A (sky130_fd_sc_hd__inv_2)
     5    0.014806    0.124911    0.128511    1.171839 v _1341_/Y (sky130_fd_sc_hd__inv_2)
                                                         _0577_ (net)
                      0.124911    0.000061    1.171900 v place303/A (sky130_fd_sc_hd__buf_1)
     6    0.024277    0.143066    0.215139    1.387038 v place303/X (sky130_fd_sc_hd__buf_1)
                                                         net303 (net)
                      0.143068    0.000742    1.387780 v place302/A (sky130_fd_sc_hd__buf_1)
     6    0.017303    0.104819    0.192695    1.580475 v place302/X (sky130_fd_sc_hd__buf_1)
                                                         net302 (net)
                      0.104819    0.000043    1.580518 v place301/A (sky130_fd_sc_hd__buf_1)
     5    0.013534    0.084696    0.161805    1.742323 v place301/X (sky130_fd_sc_hd__buf_1)
                                                         net301 (net)
                      0.084696    0.000019    1.742341 v _2552_/B1 (sky130_fd_sc_hd__o211a_2)
     1    0.001886    0.038149    0.141696    1.884037 v _2552_/X (sky130_fd_sc_hd__o211a_2)
                                                         _0057_ (net)
                      0.038149    0.000002    1.884040 v _2630_/D (sky130_fd_sc_hd__dfxtp_2)
                                              1.884040   data arrival time

                                 20.000000   20.000000   clock clk (rise edge)
                                  0.000000   20.000000   clock source latency
    82    0.230301    1.029756    0.711708   20.711708 ^ clk (in)
                                                         clk (net)
                      1.029838    0.000000   20.711708 ^ _2630_/CLK (sky130_fd_sc_hd__dfxtp_2)
                                 -0.200000   20.511709   clock uncertainty
                                  0.000000   20.511709   clock reconvergence pessimism
                                  0.043199   20.554907   library setup time
                                             20.554907   data required time
---------------------------------------------------------------------------------------------
                                             20.554907   data required time
                                             -1.884040   data arrival time
---------------------------------------------------------------------------------------------
                                             18.670868   slack (MET)


Startpoint: _2637_ (rising edge-triggered flip-flop clocked by clk)
Endpoint: _2686_ (rising edge-triggered flip-flop clocked by clk)
Path Group: clk
Path Type: max

Fanout         Cap        Slew       Delay        Time   Description
---------------------------------------------------------------------------------------------
                                  0.000000    0.000000   clock clk (rise edge)
                                  0.000000    0.000000   clock source latency
    82    0.230301    1.029756    0.711871    0.711871 ^ clk (in)
                                                         clk (net)
                      1.029842    0.000000    0.711871 ^ _2637_/CLK (sky130_fd_sc_hd__dfxtp_2)
     4    0.016840    0.051984    0.515817    1.227688 v _2637_/Q (sky130_fd_sc_hd__dfxtp_2)
                                                         s1_sign_a (net)
                      0.051984    0.000308    1.227996 v _2322_/B (sky130_fd_sc_hd__and2_2)
     1    0.002771    0.037053    0.185122    1.413118 v _2322_/X (sky130_fd_sc_hd__and2_2)
                                                         _0314_ (net)
                      0.037053    0.000008    1.413126 v _2325_/A3 (sky130_fd_sc_hd__o32a_2)
     1    0.004300    0.059391    0.321235    1.734361 v _2325_/X (sky130_fd_sc_hd__o32a_2)
                                                         _0317_ (net)
                      0.059391    0.000004    1.734365 v _2326_/B (sky130_fd_sc_hd__nor2_2)
     1    0.006742    0.112029    0.104308    1.838673 ^ _2326_/Y (sky130_fd_sc_hd__nor2_2)
                                                         _0031_ (net)
                      0.112029    0.000145    1.838818 ^ _2686_/D (sky130_fd_sc_hd__dfxtp_2)
                                              1.838818   data arrival time

                                 20.000000   20.000000   clock clk (rise edge)
                                  0.000000   20.000000   clock source latency
    82    0.230301    1.029756    0.711758   20.711758 ^ clk (in)
                                                         clk (net)
                      1.029839    0.000000   20.711758 ^ _2686_/CLK (sky130_fd_sc_hd__dfxtp_2)
                                 -0.200000   20.511759   clock uncertainty
                                  0.000000   20.511759   clock reconvergence pessimism
                                  0.010747   20.522505   library setup time
                                             20.522505   data required time
---------------------------------------------------------------------------------------------
                                             20.522505   data required time
                                             -1.838818   data arrival time
---------------------------------------------------------------------------------------------
                                             18.683687   slack (MET)


Startpoint: enable (input port clocked by clk)
Endpoint: _2661_ (rising edge-triggered flip-flop clocked by clk)
Path Group: clk
Path Type: max

Fanout         Cap        Slew       Delay        Time   Description
---------------------------------------------------------------------------------------------
                                  0.000000    0.000000   clock clk (rise edge)
                                  0.000000    0.000000   clock network delay (propagated)
                                  0.020000    0.020000 ^ input external delay
     4    0.034119    0.158837    0.109288    0.129288 ^ enable (in)
                                                         enable (net)
                      0.158843    0.000000    0.129288 ^ fanout84/A (sky130_fd_sc_hd__buf_1)
     8    0.044050    0.513135    0.433801    0.563090 ^ fanout84/X (sky130_fd_sc_hd__buf_1)
                                                         net84 (net)
                      0.513138    0.001055    0.564145 ^ fanout81/A (sky130_fd_sc_hd__buf_1)
     8    0.021016    0.250110    0.285450    0.849595 ^ fanout81/X (sky130_fd_sc_hd__buf_1)
                                                         net81 (net)
                      0.250110    0.000157    0.849752 ^ fanout80/A (sky130_fd_sc_hd__buf_1)
     8    0.021720    0.261773    0.270750    1.120502 ^ fanout80/X (sky130_fd_sc_hd__buf_1)
                                                         net80 (net)
                      0.261773    0.000051    1.120553 ^ _1339_/A (sky130_fd_sc_hd__nand2_2)
     4    0.007762    0.079895    0.093666    1.214220 v _1339_/Y (sky130_fd_sc_hd__nand2_2)
                                                         _0575_ (net)
                      0.079895    0.000020    1.214240 v place306/A (sky130_fd_sc_hd__buf_1)
     8    0.025142    0.148087    0.199141    1.413381 v place306/X (sky130_fd_sc_hd__buf_1)
                                                         net306 (net)
                      0.148087    0.000056    1.413437 v _1349_/B (sky130_fd_sc_hd__or2_2)
     1    0.003580    0.056592    0.310961    1.724398 v _1349_/X (sky130_fd_sc_hd__or2_2)
                                                         _0583_ (net)
                      0.056592    0.000017    1.724414 v _1351_/B1 (sky130_fd_sc_hd__o211a_2)
     1    0.001813    0.037841    0.128396    1.852810 v _1351_/X (sky130_fd_sc_hd__o211a_2)
                                                         _0006_ (net)
                      0.037841    0.000001    1.852811 v _2661_/D (sky130_fd_sc_hd__dfxtp_2)
                                              1.852811   data arrival time

                                 20.000000   20.000000   clock clk (rise edge)
                                  0.000000   20.000000   clock source latency
    82    0.230301    1.029756    0.711442   20.711443 ^ clk (in)
                                                         clk (net)
                      1.029832    0.000000   20.711443 ^ _2661_/CLK (sky130_fd_sc_hd__dfxtp_2)
                                 -0.200000   20.511442   clock uncertainty
                                  0.000000   20.511442   clock reconvergence pessimism
                                  0.043330   20.554773   library setup time
                                             20.554773   data required time
---------------------------------------------------------------------------------------------
                                             20.554773   data required time
                                             -1.852811   data arrival time
---------------------------------------------------------------------------------------------
                                             18.701962   slack (MET)


Startpoint: enable (input port clocked by clk)
Endpoint: _2659_ (rising edge-triggered flip-flop clocked by clk)
Path Group: clk
Path Type: max

Fanout         Cap        Slew       Delay        Time   Description
---------------------------------------------------------------------------------------------
                                  0.000000    0.000000   clock clk (rise edge)
                                  0.000000    0.000000   clock network delay (propagated)
                                  0.020000    0.020000 ^ input external delay
     4    0.034119    0.158837    0.109288    0.129288 ^ enable (in)
                                                         enable (net)
                      0.158843    0.000000    0.129288 ^ fanout84/A (sky130_fd_sc_hd__buf_1)
     8    0.044050    0.513135    0.433801    0.563090 ^ fanout84/X (sky130_fd_sc_hd__buf_1)
                                                         net84 (net)
                      0.513138    0.001055    0.564145 ^ fanout81/A (sky130_fd_sc_hd__buf_1)
     8    0.021016    0.250110    0.285450    0.849595 ^ fanout81/X (sky130_fd_sc_hd__buf_1)
                                                         net81 (net)
                      0.250110    0.000157    0.849752 ^ fanout80/A (sky130_fd_sc_hd__buf_1)
     8    0.021720    0.261773    0.270750    1.120502 ^ fanout80/X (sky130_fd_sc_hd__buf_1)
                                                         net80 (net)
                      0.261773    0.000051    1.120553 ^ _1339_/A (sky130_fd_sc_hd__nand2_2)
     4    0.007762    0.079895    0.093666    1.214220 v _1339_/Y (sky130_fd_sc_hd__nand2_2)
                                                         _0575_ (net)
                      0.079895    0.000020    1.214240 v place306/A (sky130_fd_sc_hd__buf_1)
     8    0.025142    0.148087    0.199141    1.413381 v place306/X (sky130_fd_sc_hd__buf_1)
                                                         net306 (net)
                      0.148087    0.000040    1.413420 v _1340_/B (sky130_fd_sc_hd__or2_2)
     1    0.003009    0.055417    0.307342    1.720762 v _1340_/X (sky130_fd_sc_hd__or2_2)
                                                         _0576_ (net)
                      0.055417    0.000010    1.720772 v _1344_/B1 (sky130_fd_sc_hd__o211a_2)
     1    0.001884    0.038085    0.128138    1.848910 v _1344_/X (sky130_fd_sc_hd__o211a_2)
                                                         _0004_ (net)
                      0.038085    0.000002    1.848912 v _2659_/D (sky130_fd_sc_hd__dfxtp_2)
                                              1.848912   data arrival time

                                 20.000000   20.000000   clock clk (rise edge)
                                  0.000000   20.000000   clock source latency
    82    0.230301    1.029756    0.711438   20.711439 ^ clk (in)
                                                         clk (net)
                      1.029832    0.000000   20.711439 ^ _2659_/CLK (sky130_fd_sc_hd__dfxtp_2)
                                 -0.200000   20.511438   clock uncertainty
                                  0.000000   20.511438   clock reconvergence pessimism
                                  0.043226   20.554665   library setup time
                                             20.554665   data required time
---------------------------------------------------------------------------------------------
                                             20.554665   data required time
                                             -1.848912   data arrival time
---------------------------------------------------------------------------------------------
                                             18.705751   slack (MET)


Startpoint: enable (input port clocked by clk)
Endpoint: _2663_ (rising edge-triggered flip-flop clocked by clk)
Path Group: clk
Path Type: max

Fanout         Cap        Slew       Delay        Time   Description
---------------------------------------------------------------------------------------------
                                  0.000000    0.000000   clock clk (rise edge)
                                  0.000000    0.000000   clock network delay (propagated)
                                  0.020000    0.020000 ^ input external delay
     4    0.034119    0.158837    0.109288    0.129288 ^ enable (in)
                                                         enable (net)
                      0.158843    0.000000    0.129288 ^ fanout84/A (sky130_fd_sc_hd__buf_1)
     8    0.044050    0.513135    0.433801    0.563090 ^ fanout84/X (sky130_fd_sc_hd__buf_1)
                                                         net84 (net)
                      0.513138    0.001055    0.564145 ^ fanout81/A (sky130_fd_sc_hd__buf_1)
     8    0.021016    0.250110    0.285450    0.849595 ^ fanout81/X (sky130_fd_sc_hd__buf_1)
                                                         net81 (net)
                      0.250110    0.000157    0.849752 ^ fanout80/A (sky130_fd_sc_hd__buf_1)
     8    0.021720    0.261773    0.270750    1.120502 ^ fanout80/X (sky130_fd_sc_hd__buf_1)
                                                         net80 (net)
                      0.261773    0.000051    1.120553 ^ _1339_/A (sky130_fd_sc_hd__nand2_2)
     4    0.007762    0.079895    0.093666    1.214220 v _1339_/Y (sky130_fd_sc_hd__nand2_2)
                                                         _0575_ (net)
                      0.079895    0.000005    1.214224 v place307/A (sky130_fd_sc_hd__buf_1)
     7    0.011153    0.070786    0.140628    1.354853 v place307/X (sky130_fd_sc_hd__buf_1)
                                                         net307 (net)
                      0.070786    0.000014    1.354867 v _1355_/B (sky130_fd_sc_hd__or2_2)
     1    0.003108    0.054665    0.277671    1.632538 v _1355_/X (sky130_fd_sc_hd__or2_2)
                                                         _0587_ (net)
                      0.054665    0.000012    1.632550 v _1356_/B1 (sky130_fd_sc_hd__o211a_2)
     1    0.001754    0.037640    0.127269    1.759819 v _1356_/X (sky130_fd_sc_hd__o211a_2)
                                                         _0008_ (net)
                      0.037640    0.000000    1.759820 v _2663_/D (sky130_fd_sc_hd__dfxtp_2)
                                              1.759820   data arrival time

                                 20.000000   20.000000   clock clk (rise edge)
                                  0.000000   20.000000   clock source latency
    82    0.230301    1.029756    0.711612   20.711613 ^ clk (in)
                                                         clk (net)
                      1.029836    0.000000   20.711613 ^ _2663_/CLK (sky130_fd_sc_hd__dfxtp_2)
                                 -0.200000   20.511612   clock uncertainty
                                  0.000000   20.511612   clock reconvergence pessimism
                                  0.043415   20.555029   library setup time
                                             20.555029   data required time
---------------------------------------------------------------------------------------------
                                             20.555029   data required time
                                             -1.759820   data arrival time
---------------------------------------------------------------------------------------------
                                             18.795210   slack (MET)


Startpoint: reset (input port clocked by clk)
Endpoint: _2655_ (rising edge-triggered flip-flop clocked by clk)
Path Group: clk
Path Type: max

Fanout         Cap        Slew       Delay        Time   Description
---------------------------------------------------------------------------------------------
                                  0.000000    0.000000   clock clk (rise edge)
                                  0.000000    0.000000   clock network delay (propagated)
                                  0.020000    0.020000 ^ input external delay
     3    0.023776    0.112607    0.077853    0.097853 ^ reset (in)
                                                         reset (net)
                      0.112626    0.000000    0.097853 ^ fanout78/A (sky130_fd_sc_hd__buf_1)
     8    0.043150    0.503371    0.419118    0.516971 ^ fanout78/X (sky130_fd_sc_hd__buf_1)
                                                         net78 (net)
                      0.503373    0.000788    0.517759 ^ fanout77/A (sky130_fd_sc_hd__buf_1)
     8    0.051552    0.594947    0.525328    1.043087 ^ fanout77/X (sky130_fd_sc_hd__buf_1)
                                                         net77 (net)
                      0.594947    0.000241    1.043328 ^ _1341_/A (sky130_fd_sc_hd__inv_2)
     5    0.014806    0.124911    0.128511    1.171839 v _1341_/Y (sky130_fd_sc_hd__inv_2)
                                                         _0577_ (net)
                      0.124911    0.000061    1.171900 v place303/A (sky130_fd_sc_hd__buf_1)
     6    0.024277    0.143066    0.215139    1.387038 v place303/X (sky130_fd_sc_hd__buf_1)
                                                         net303 (net)
                      0.143070    0.000877    1.387915 v place296/A (sky130_fd_sc_hd__buf_1)
     7    0.019405    0.116351    0.201549    1.589464 v place296/X (sky130_fd_sc_hd__buf_1)
                                                         net296 (net)
                      0.116351    0.000174    1.589638 v _2613_/C1 (sky130_fd_sc_hd__o211a_2)
     1    0.002324    0.039641    0.141074    1.730711 v _2613_/X (sky130_fd_sc_hd__o211a_2)
                                                         _0082_ (net)
                      0.039641    0.000007    1.730718 v _2655_/D (sky130_fd_sc_hd__dfxtp_2)
                                              1.730718   data arrival time

                                 20.000000   20.000000   clock clk (rise edge)
                                  0.000000   20.000000   clock source latency
    82    0.230301    1.029756    0.709139   20.709141 ^ clk (in)
                                                         clk (net)
                      1.029792    0.000000   20.709141 ^ _2655_/CLK (sky130_fd_sc_hd__dfxtp_2)
                                 -0.200000   20.509140   clock uncertainty
                                  0.000000   20.509140   clock reconvergence pessimism
                                  0.042562   20.551701   library setup time
                                             20.551701   data required time
---------------------------------------------------------------------------------------------
                                             20.551701   data required time
                                             -1.730718   data arrival time
---------------------------------------------------------------------------------------------
                                             18.820982   slack (MET)


Startpoint: reset (input port clocked by clk)
Endpoint: _2657_ (rising edge-triggered flip-flop clocked by clk)
Path Group: clk
Path Type: max

Fanout         Cap        Slew       Delay        Time   Description
---------------------------------------------------------------------------------------------
                                  0.000000    0.000000   clock clk (rise edge)
                                  0.000000    0.000000   clock network delay (propagated)
                                  0.020000    0.020000 ^ input external delay
     3    0.023776    0.112607    0.077853    0.097853 ^ reset (in)
                                                         reset (net)
                      0.112626    0.000000    0.097853 ^ fanout78/A (sky130_fd_sc_hd__buf_1)
     8    0.043150    0.503371    0.419118    0.516971 ^ fanout78/X (sky130_fd_sc_hd__buf_1)
                                                         net78 (net)
                      0.503373    0.000788    0.517759 ^ fanout77/A (sky130_fd_sc_hd__buf_1)
     8    0.051552    0.594947    0.525328    1.043087 ^ fanout77/X (sky130_fd_sc_hd__buf_1)
                                                         net77 (net)
                      0.594947    0.000241    1.043328 ^ _1341_/A (sky130_fd_sc_hd__inv_2)
     5    0.014806    0.124911    0.128511    1.171839 v _1341_/Y (sky130_fd_sc_hd__inv_2)
                                                         _0577_ (net)
                      0.124911    0.000061    1.171900 v place303/A (sky130_fd_sc_hd__buf_1)
     6    0.024277    0.143066    0.215139    1.387038 v place303/X (sky130_fd_sc_hd__buf_1)
                                                         net303 (net)
                      0.143070    0.000877    1.387915 v place296/A (sky130_fd_sc_hd__buf_1)
     7    0.019405    0.116351    0.201549    1.589464 v place296/X (sky130_fd_sc_hd__buf_1)
                                                         net296 (net)
                      0.116351    0.000017    1.589482 v _2617_/C1 (sky130_fd_sc_hd__o211a_2)
     1    0.001802    0.037841    0.139094    1.728576 v _2617_/X (sky130_fd_sc_hd__o211a_2)
                                                         _0084_ (net)
                      0.037841    0.000000    1.728577 v _2657_/D (sky130_fd_sc_hd__dfxtp_2)
                                              1.728577   data arrival time

                                 20.000000   20.000000   clock clk (rise edge)
                                  0.000000   20.000000   clock source latency
    82    0.230301    1.029756    0.709537   20.709538 ^ clk (in)
                                                         clk (net)
                      1.029798    0.000000   20.709538 ^ _2657_/CLK (sky130_fd_sc_hd__dfxtp_2)
                                 -0.200000   20.509539   clock uncertainty
                                  0.000000   20.509539   clock reconvergence pessimism
                                  0.043327   20.552864   library setup time
                                             20.552864   data required time
---------------------------------------------------------------------------------------------
                                             20.552864   data required time
                                             -1.728577   data arrival time
---------------------------------------------------------------------------------------------
                                             18.824289   slack (MET)


Startpoint: reset (input port clocked by clk)
Endpoint: _2662_ (rising edge-triggered flip-flop clocked by clk)
Path Group: clk
Path Type: max

Fanout         Cap        Slew       Delay        Time   Description
---------------------------------------------------------------------------------------------
                                  0.000000    0.000000   clock clk (rise edge)
                                  0.000000    0.000000   clock network delay (propagated)
                                  0.020000    0.020000 ^ input external delay
     3    0.023776    0.112607    0.077853    0.097853 ^ reset (in)
                                                         reset (net)
                      0.112626    0.000000    0.097853 ^ fanout78/A (sky130_fd_sc_hd__buf_1)
     8    0.043150    0.503371    0.419118    0.516971 ^ fanout78/X (sky130_fd_sc_hd__buf_1)
                                                         net78 (net)
                      0.503373    0.000788    0.517759 ^ fanout77/A (sky130_fd_sc_hd__buf_1)
     8    0.051552    0.594947    0.525328    1.043087 ^ fanout77/X (sky130_fd_sc_hd__buf_1)
                                                         net77 (net)
                      0.594947    0.000241    1.043328 ^ _1341_/A (sky130_fd_sc_hd__inv_2)
     5    0.014806    0.124911    0.128511    1.171839 v _1341_/Y (sky130_fd_sc_hd__inv_2)
                                                         _0577_ (net)
                      0.124911    0.000061    1.171900 v place303/A (sky130_fd_sc_hd__buf_1)
     6    0.024277    0.143066    0.215139    1.387038 v place303/X (sky130_fd_sc_hd__buf_1)
                                                         net303 (net)
                      0.143068    0.000742    1.387780 v place302/A (sky130_fd_sc_hd__buf_1)
     6    0.017303    0.104819    0.192695    1.580475 v place302/X (sky130_fd_sc_hd__buf_1)
                                                         net302 (net)
                      0.104819    0.000032    1.580507 v _1354_/C1 (sky130_fd_sc_hd__o211a_2)
     1    0.001944    0.038284    0.134458    1.714965 v _1354_/X (sky130_fd_sc_hd__o211a_2)
                                                         _0007_ (net)
                      0.038284    0.000002    1.714967 v _2662_/D (sky130_fd_sc_hd__dfxtp_2)
                                              1.714967   data arrival time

                                 20.000000   20.000000   clock clk (rise edge)
                                  0.000000   20.000000   clock source latency
    82    0.230301    1.029756    0.711529   20.711529 ^ clk (in)
                                                         clk (net)
                      1.029834    0.000000   20.711529 ^ _2662_/CLK (sky130_fd_sc_hd__dfxtp_2)
                                 -0.200000   20.511530   clock uncertainty
                                  0.000000   20.511530   clock reconvergence pessimism
                                  0.043142   20.554672   library setup time
                                             20.554672   data required time
---------------------------------------------------------------------------------------------
                                             20.554672   data required time
                                             -1.714967   data arrival time
---------------------------------------------------------------------------------------------
                                             18.839705   slack (MET)


Startpoint: reset (input port clocked by clk)
Endpoint: _2660_ (rising edge-triggered flip-flop clocked by clk)
Path Group: clk
Path Type: max

Fanout         Cap        Slew       Delay        Time   Description
---------------------------------------------------------------------------------------------
                                  0.000000    0.000000   clock clk (rise edge)
                                  0.000000    0.000000   clock network delay (propagated)
                                  0.020000    0.020000 ^ input external delay
     3    0.023776    0.112607    0.077853    0.097853 ^ reset (in)
                                                         reset (net)
                      0.112626    0.000000    0.097853 ^ fanout78/A (sky130_fd_sc_hd__buf_1)
     8    0.043150    0.503371    0.419118    0.516971 ^ fanout78/X (sky130_fd_sc_hd__buf_1)
                                                         net78 (net)
                      0.503373    0.000788    0.517759 ^ fanout77/A (sky130_fd_sc_hd__buf_1)
     8    0.051552    0.594947    0.525328    1.043087 ^ fanout77/X (sky130_fd_sc_hd__buf_1)
                                                         net77 (net)
                      0.594947    0.000241    1.043328 ^ _1341_/A (sky130_fd_sc_hd__inv_2)
     5    0.014806    0.124911    0.128511    1.171839 v _1341_/Y (sky130_fd_sc_hd__inv_2)
                                                         _0577_ (net)
                      0.124911    0.000061    1.171900 v place303/A (sky130_fd_sc_hd__buf_1)
     6    0.024277    0.143066    0.215139    1.387038 v place303/X (sky130_fd_sc_hd__buf_1)
                                                         net303 (net)
                      0.143068    0.000742    1.387780 v place302/A (sky130_fd_sc_hd__buf_1)
     6    0.017303    0.104819    0.192695    1.580475 v place302/X (sky130_fd_sc_hd__buf_1)
                                                         net302 (net)
                      0.104819    0.000055    1.580529 v _1347_/C1 (sky130_fd_sc_hd__o211a_2)
     1    0.001719    0.037524    0.133602    1.714132 v _1347_/X (sky130_fd_sc_hd__o211a_2)
                                                         _0005_ (net)
                      0.037524    0.000000    1.714132 v _2660_/D (sky130_fd_sc_hd__dfxtp_2)
                                              1.714132   data arrival time

                                 20.000000   20.000000   clock clk (rise edge)
                                  0.000000   20.000000   clock source latency
    82    0.230301    1.029756    0.711516   20.711517 ^ clk (in)
                                                         clk (net)
                      1.029834    0.000000   20.711517 ^ _2660_/CLK (sky130_fd_sc_hd__dfxtp_2)
                                 -0.200000   20.511517   clock uncertainty
                                  0.000000   20.511517   clock reconvergence pessimism
                                  0.043465   20.554981   library setup time
                                             20.554981   data required time
---------------------------------------------------------------------------------------------
                                             20.554981   data required time
                                             -1.714132   data arrival time
---------------------------------------------------------------------------------------------
                                             18.840847   slack (MET)


Startpoint: enable (input port clocked by clk)
Endpoint: _2670_ (rising edge-triggered flip-flop clocked by clk)
Path Group: clk
Path Type: max

Fanout         Cap        Slew       Delay        Time   Description
---------------------------------------------------------------------------------------------
                                  0.000000    0.000000   clock clk (rise edge)
                                  0.000000    0.000000   clock network delay (propagated)
                                  0.020000    0.020000 ^ input external delay
     4    0.034119    0.158837    0.109288    0.129288 ^ enable (in)
                                                         enable (net)
                      0.158843    0.000000    0.129288 ^ fanout84/A (sky130_fd_sc_hd__buf_1)
     8    0.044050    0.513135    0.433801    0.563090 ^ fanout84/X (sky130_fd_sc_hd__buf_1)
                                                         net84 (net)
                      0.513136    0.000788    0.563878 ^ _1369_/A (sky130_fd_sc_hd__inv_2)
     6    0.017993    0.120837    0.133769    0.697647 v _1369_/Y (sky130_fd_sc_hd__inv_2)
                                                         _0594_ (net)
                      0.120837    0.000028    0.697674 v _1370_/A (sky130_fd_sc_hd__nor2_2)
     5    0.025707    0.290123    0.293420    0.991095 ^ _1370_/Y (sky130_fd_sc_hd__nor2_2)
                                                         _0595_ (net)
                      0.290123    0.000022    0.991116 ^ place239/A (sky130_fd_sc_hd__buf_1)
     6    0.024794    0.292493    0.299990    1.291107 ^ place239/X (sky130_fd_sc_hd__buf_1)
                                                         net239 (net)
                      0.292493    0.000096    1.291203 ^ _1373_/A2_N (sky130_fd_sc_hd__o2bb2a_2)
     1    0.004301    0.049459    0.265704    1.556907 v _1373_/X (sky130_fd_sc_hd__o2bb2a_2)
                                                         _0598_ (net)
                      0.049459    0.000003    1.556911 v _1374_/B (sky130_fd_sc_hd__nor2_2)
     1    0.001687    0.066603    0.062162    1.619072 ^ _1374_/Y (sky130_fd_sc_hd__nor2_2)
                                                         _0015_ (net)
                      0.066603    0.000000    1.619073 ^ _2670_/D (sky130_fd_sc_hd__dfxtp_2)
                                              1.619073   data arrival time

                                 20.000000   20.000000   clock clk (rise edge)
                                  0.000000   20.000000   clock source latency
    82    0.230301    1.029756    0.711765   20.711765 ^ clk (in)
                                                         clk (net)
                      1.029839    0.000000   20.711765 ^ _2670_/CLK (sky130_fd_sc_hd__dfxtp_2)
                                 -0.200000   20.511765   clock uncertainty
                                  0.000000   20.511765   clock reconvergence pessimism
                                  0.019956   20.531721   library setup time
                                             20.531721   data required time
---------------------------------------------------------------------------------------------
                                             20.531721   data required time
                                             -1.619073   data arrival time
---------------------------------------------------------------------------------------------
                                             18.912647   slack (MET)


Startpoint: _2687_ (rising edge-triggered flip-flop clocked by clk)
Endpoint: _2687_ (rising edge-triggered flip-flop clocked by clk)
Path Group: clk
Path Type: max

Fanout         Cap        Slew       Delay        Time   Description
---------------------------------------------------------------------------------------------
                                  0.000000    0.000000   clock clk (rise edge)
                                  0.000000    0.000000   clock source latency
    82    0.230301    1.029756    0.711743    0.711743 ^ clk (in)
                                                         clk (net)
                      1.029839    0.000000    0.711743 ^ _2687_/CLK (sky130_fd_sc_hd__dfxtp_2)
     4    0.018695    0.102007    0.552036    1.263779 ^ _2687_/Q (sky130_fd_sc_hd__dfxtp_2)
                                                         valid_s1 (net)
                      0.102007    0.000063    1.263842 ^ _2327_/A (sky130_fd_sc_hd__inv_2)
     2    0.007086    0.033804    0.047720    1.311562 v _2327_/Y (sky130_fd_sc_hd__inv_2)
                                                         _0318_ (net)
                      0.033804    0.000009    1.311571 v _2328_/A2 (sky130_fd_sc_hd__o22a_2)
     1    0.004284    0.042258    0.215529    1.527101 v _2328_/X (sky130_fd_sc_hd__o22a_2)
                                                         _0319_ (net)
                      0.042258    0.000004    1.527104 v _2329_/B (sky130_fd_sc_hd__nor2_2)
     1    0.001819    0.052251    0.060500    1.587604 ^ _2329_/Y (sky130_fd_sc_hd__nor2_2)
                                                         _0032_ (net)
                      0.052251    0.000002    1.587606 ^ _2687_/D (sky130_fd_sc_hd__dfxtp_2)
                                              1.587606   data arrival time

                                 20.000000   20.000000   clock clk (rise edge)
                                  0.000000   20.000000   clock source latency
    82    0.230301    1.029756    0.711744   20.711744 ^ clk (in)
                                                         clk (net)
                      1.029839    0.000000   20.711744 ^ _2687_/CLK (sky130_fd_sc_hd__dfxtp_2)
                                 -0.200000   20.511744   clock uncertainty
                                  0.000000   20.511744   clock reconvergence pessimism
                                  0.022865   20.534609   library setup time
                                             20.534609   data required time
---------------------------------------------------------------------------------------------
                                             20.534609   data required time
                                             -1.587606   data arrival time
---------------------------------------------------------------------------------------------
                                             18.947002   slack (MET)



