
===========================================================================
report_checks -path_delay min (Hold)
============================================================================
======================= max_tt_025C_1v80 Corner ===================================

Startpoint: clear_acc (input port clocked by clk)
Endpoint: _2703_ (rising edge-triggered flip-flop clocked by clk)
Path Group: clk
Path Type: min

Fanout         Cap        Slew       Delay        Time   Description
---------------------------------------------------------------------------------------------
                                  0.000000    0.000000   clock clk (rise edge)
                                  0.000000    0.000000   clock network delay (propagated)
                                  0.020000    0.020000 v input external delay
     1    0.004149    0.011761    0.006763    0.026763 v clear_acc (in)
                                                         clear_acc (net)
                      0.011765    0.000000    0.026763 v hold604/A (sky130_fd_sc_hd__clkbuf_2)
     1    0.002618    0.022477    0.081948    0.108711 v hold604/X (sky130_fd_sc_hd__clkbuf_2)
                                                         net603 (net)
                      0.022478    0.000123    0.108834 v hold599/A (sky130_fd_sc_hd__clkbuf_2)
     1    0.002594    0.022504    0.086252    0.195086 v hold599/X (sky130_fd_sc_hd__clkbuf_2)
                                                         net598 (net)
                      0.022507    0.000186    0.195272 v hold605/A (sky130_fd_sc_hd__clkbuf_2)
     1    0.002012    0.020662    0.083910    0.279182 v hold605/X (sky130_fd_sc_hd__clkbuf_2)
                                                         net604 (net)
                      0.020662    0.000137    0.279320 v input341/A (sky130_fd_sc_hd__buf_2)
     1    0.003416    0.024808    0.105372    0.384692 v input341/X (sky130_fd_sc_hd__buf_2)
                                                         net341 (net)
                      0.024820    0.000143    0.384835 v hold600/A (sky130_fd_sc_hd__clkbuf_2)
     3    0.012752    0.056280    0.120297    0.505132 v hold600/X (sky130_fd_sc_hd__clkbuf_2)
                                                         net599 (net)
                      0.056296    0.000923    0.506054 v _2330_/A2 (sky130_fd_sc_hd__o21ai_2)
     3    0.009999    0.082204    0.157622    0.663676 ^ _2330_/Y (sky130_fd_sc_hd__o21ai_2)
                                                         _0320_ (net)
                      0.082206    0.000635    0.664311 ^ _2527_/B1 (sky130_fd_sc_hd__a32o_2)
     1    0.001916    0.036498    0.114582    0.778893 ^ _2527_/X (sky130_fd_sc_hd__a32o_2)
                                                         _0502_ (net)
                      0.036498    0.000088    0.778981 ^ _2528_/B (sky130_fd_sc_hd__and2_2)
     1    0.002089    0.033753    0.121337    0.900318 ^ _2528_/X (sky130_fd_sc_hd__and2_2)
                                                         _0503_ (net)
                      0.033753    0.000098    0.900416 ^ _2703_/D (sky130_fd_sc_hd__dfxtp_2)
                                              0.900416   data arrival time

                                  0.000000    0.000000   clock clk (rise edge)
                                  0.000000    0.000000   clock source latency
     1    0.030447    0.142407    0.099408    0.099408 ^ clk (in)
                                                         clk (net)
                      0.142457    0.000000    0.099408 ^ clkbuf_0_clk/A (sky130_fd_sc_hd__clkbuf_16)
    16    0.114557    0.129029    0.225226    0.324634 ^ clkbuf_0_clk/X (sky130_fd_sc_hd__clkbuf_16)
                                                         clknet_0_clk (net)
                      0.130271    0.010037    0.334672 ^ clkbuf_4_12_0_clk/A (sky130_fd_sc_hd__clkbuf_8)
     6    0.023815    0.056980    0.167723    0.502394 ^ clkbuf_4_12_0_clk/X (sky130_fd_sc_hd__clkbuf_8)
                                                         clknet_4_12_0_clk (net)
                      0.057004    0.001047    0.503441 ^ _2703_/CLK (sky130_fd_sc_hd__dfxtp_2)
                                  0.200000    0.703441   clock uncertainty
                                  0.000000    0.703441   clock reconvergence pessimism
                                 -0.027283    0.676158   library hold time
                                              0.676158   data required time
---------------------------------------------------------------------------------------------
                                              0.676158   data required time
                                             -0.900416   data arrival time
---------------------------------------------------------------------------------------------
                                              0.224258   slack (MET)


Startpoint: b_in[0] (input port clocked by clk)
Endpoint: _2638_ (rising edge-triggered flip-flop clocked by clk)
Path Group: clk
Path Type: min

Fanout         Cap        Slew       Delay        Time   Description
---------------------------------------------------------------------------------------------
                                  0.000000    0.000000   clock clk (rise edge)
                                  0.000000    0.000000   clock network delay (propagated)
                                  0.020000    0.020000 ^ input external delay
     1    0.004543    0.027304    0.016453    0.036453 ^ b_in[0] (in)
                                                         b_in[0] (net)
                      0.027306    0.000000    0.036453 ^ hold516/A (sky130_fd_sc_hd__clkbuf_2)
     1    0.002647    0.027307    0.082863    0.119316 ^ hold516/X (sky130_fd_sc_hd__clkbuf_2)
                                                         net515 (net)
                      0.027308    0.000193    0.119509 ^ hold444/A (sky130_fd_sc_hd__clkbuf_2)
     1    0.004015    0.033807    0.089173    0.208682 ^ hold444/X (sky130_fd_sc_hd__clkbuf_2)
                                                         net443 (net)
                      0.033808    0.000268    0.208949 ^ hold517/A (sky130_fd_sc_hd__clkbuf_2)
     1    0.001916    0.023999    0.081852    0.290802 ^ hold517/X (sky130_fd_sc_hd__clkbuf_2)
                                                         net516 (net)
                      0.023999    0.000087    0.290889 ^ input325/A (sky130_fd_sc_hd__buf_2)
     1    0.004535    0.034161    0.089882    0.380771 ^ input325/X (sky130_fd_sc_hd__buf_2)
                                                         net325 (net)
                      0.034166    0.000306    0.381077 ^ hold518/A (sky130_fd_sc_hd__clkbuf_2)
     1    0.005522    0.041048    0.097456    0.478533 ^ hold518/X (sky130_fd_sc_hd__clkbuf_2)
                                                         net517 (net)
                      0.041052    0.000422    0.478956 ^ hold445/A (sky130_fd_sc_hd__clkbuf_2)
     2    0.008435    0.055527    0.111062    0.590018 ^ hold445/X (sky130_fd_sc_hd__clkbuf_2)
                                                         net444 (net)
                      0.055531    0.000525    0.590543 ^ hold519/A (sky130_fd_sc_hd__clkbuf_2)
     2    0.007551    0.051099    0.112854    0.703397 ^ hold519/X (sky130_fd_sc_hd__clkbuf_2)
                                                         net518 (net)
                      0.051102    0.000453    0.703849 ^ _2574_/A2 (sky130_fd_sc_hd__o211a_2)
     1    0.002600    0.039694    0.155467    0.859316 ^ _2574_/X (sky130_fd_sc_hd__o211a_2)
                                                         _0065_ (net)
                      0.039694    0.000120    0.859436 ^ hold446/A (sky130_fd_sc_hd__clkbuf_2)
     1    0.002149    0.025040    0.085017    0.944453 ^ hold446/X (sky130_fd_sc_hd__clkbuf_2)
                                                         net445 (net)
                      0.025040    0.000150    0.944602 ^ _2638_/D (sky130_fd_sc_hd__dfxtp_2)
                                              0.944602   data arrival time

                                  0.000000    0.000000   clock clk (rise edge)
                                  0.000000    0.000000   clock source latency
     1    0.030447    0.142407    0.099408    0.099408 ^ clk (in)
                                                         clk (net)
                      0.142457    0.000000    0.099408 ^ clkbuf_0_clk/A (sky130_fd_sc_hd__clkbuf_16)
    16    0.114557    0.129029    0.225226    0.324634 ^ clkbuf_0_clk/X (sky130_fd_sc_hd__clkbuf_16)
                                                         clknet_0_clk (net)
                      0.129285    0.004734    0.329369 ^ clkbuf_4_11_0_clk/A (sky130_fd_sc_hd__clkbuf_8)
     7    0.038095    0.079262    0.184183    0.513552 ^ clkbuf_4_11_0_clk/X (sky130_fd_sc_hd__clkbuf_8)
                                                         clknet_4_11_0_clk (net)
                      0.079532    0.003318    0.516870 ^ _2638_/CLK (sky130_fd_sc_hd__dfxtp_2)
                                  0.200000    0.716870   clock uncertainty
                                  0.000000    0.716870   clock reconvergence pessimism
                                 -0.022526    0.694343   library hold time
                                              0.694343   data required time
---------------------------------------------------------------------------------------------
                                              0.694343   data required time
                                             -0.944602   data arrival time
---------------------------------------------------------------------------------------------
                                              0.250259   slack (MET)


Startpoint: a_in[0] (input port clocked by clk)
Endpoint: _2622_ (rising edge-triggered flip-flop clocked by clk)
Path Group: clk
Path Type: min

Fanout         Cap        Slew       Delay        Time   Description
---------------------------------------------------------------------------------------------
                                  0.000000    0.000000   clock clk (rise edge)
                                  0.000000    0.000000   clock network delay (propagated)
                                  0.020000    0.020000 ^ input external delay
     1    0.008681    0.045552    0.029850    0.049850 ^ a_in[0] (in)
                                                         a_in[0] (net)
                      0.045554    0.000000    0.049850 ^ hold612/A (sky130_fd_sc_hd__clkbuf_2)
     1    0.002479    0.026529    0.088642    0.138492 ^ hold612/X (sky130_fd_sc_hd__clkbuf_2)
                                                         net611 (net)
                      0.026529    0.000115    0.138607 ^ hold414/A (sky130_fd_sc_hd__clkbuf_2)
     1    0.008819    0.057547    0.107428    0.246035 ^ hold414/X (sky130_fd_sc_hd__clkbuf_2)
                                                         net413 (net)
                      0.057552    0.000604    0.246639 ^ hold613/A (sky130_fd_sc_hd__clkbuf_2)
     1    0.001890    0.023923    0.090271    0.336911 ^ hold613/X (sky130_fd_sc_hd__clkbuf_2)
                                                         net612 (net)
                      0.023923    0.000087    0.336998 ^ input309/A (sky130_fd_sc_hd__buf_2)
     1    0.004454    0.033828    0.089574    0.426571 ^ input309/X (sky130_fd_sc_hd__buf_2)
                                                         net309 (net)
                      0.033829    0.000282    0.426853 ^ hold614/A (sky130_fd_sc_hd__clkbuf_2)
     1    0.004276    0.035018    0.092541    0.519395 ^ hold614/X (sky130_fd_sc_hd__clkbuf_2)
                                                         net613 (net)
                      0.035029    0.000404    0.519798 ^ hold415/A (sky130_fd_sc_hd__clkbuf_2)
     2    0.008299    0.054846    0.108433    0.628232 ^ hold415/X (sky130_fd_sc_hd__clkbuf_2)
                                                         net414 (net)
                      0.054848    0.000446    0.628677 ^ hold615/A (sky130_fd_sc_hd__clkbuf_2)
     1    0.003285    0.030232    0.095630    0.724307 ^ hold615/X (sky130_fd_sc_hd__clkbuf_2)
                                                         net614 (net)
                      0.030234    0.000223    0.724531 ^ _2533_/A2 (sky130_fd_sc_hd__o211a_2)
     1    0.003084    0.042180    0.152390    0.876921 ^ _2533_/X (sky130_fd_sc_hd__o211a_2)
                                                         _0049_ (net)
                      0.042180    0.000213    0.877134 ^ hold416/A (sky130_fd_sc_hd__clkbuf_2)
     1    0.002164    0.025105    0.085978    0.963112 ^ hold416/X (sky130_fd_sc_hd__clkbuf_2)
                                                         net415 (net)
                      0.025105    0.000150    0.963262 ^ _2622_/D (sky130_fd_sc_hd__dfxtp_2)
                                              0.963262   data arrival time

                                  0.000000    0.000000   clock clk (rise edge)
                                  0.000000    0.000000   clock source latency
     1    0.030447    0.142407    0.099408    0.099408 ^ clk (in)
                                                         clk (net)
                      0.142457    0.000000    0.099408 ^ clkbuf_0_clk/A (sky130_fd_sc_hd__clkbuf_16)
    16    0.114557    0.129029    0.225226    0.324634 ^ clkbuf_0_clk/X (sky130_fd_sc_hd__clkbuf_16)
                                                         clknet_0_clk (net)
                      0.129285    0.004734    0.329369 ^ clkbuf_4_11_0_clk/A (sky130_fd_sc_hd__clkbuf_8)
     7    0.038095    0.079262    0.184183    0.513552 ^ clkbuf_4_11_0_clk/X (sky130_fd_sc_hd__clkbuf_8)
                                                         clknet_4_11_0_clk (net)
                      0.079500    0.003072    0.516624 ^ _2622_/CLK (sky130_fd_sc_hd__dfxtp_2)
                                  0.200000    0.716624   clock uncertainty
                                  0.000000    0.716624   clock reconvergence pessimism
                                 -0.022544    0.694080   library hold time
                                              0.694080   data required time
---------------------------------------------------------------------------------------------
                                              0.694080   data required time
                                             -0.963262   data arrival time
---------------------------------------------------------------------------------------------
                                              0.269182   slack (MET)


Startpoint: _2680_ (rising edge-triggered flip-flop clocked by clk)
Endpoint: _2680_ (rising edge-triggered flip-flop clocked by clk)
Path Group: clk
Path Type: min

Fanout         Cap        Slew       Delay        Time   Description
---------------------------------------------------------------------------------------------
                                  0.000000    0.000000   clock clk (rise edge)
                                  0.000000    0.000000   clock source latency
     1    0.030447    0.142407    0.099408    0.099408 ^ clk (in)
                                                         clk (net)
                      0.142457    0.000000    0.099408 ^ clkbuf_0_clk/A (sky130_fd_sc_hd__clkbuf_16)
    16    0.114557    0.129029    0.225226    0.324634 ^ clkbuf_0_clk/X (sky130_fd_sc_hd__clkbuf_16)
                                                         clknet_0_clk (net)
                      0.129934    0.008617    0.333251 ^ clkbuf_4_8_0_clk/A (sky130_fd_sc_hd__clkbuf_8)
     6    0.026264    0.060671    0.170466    0.503717 ^ clkbuf_4_8_0_clk/X (sky130_fd_sc_hd__clkbuf_8)
                                                         clknet_4_8_0_clk (net)
                      0.060680    0.000851    0.504569 ^ _2680_/CLK (sky130_fd_sc_hd__dfxtp_2)
     3    0.015670    0.049663    0.339389    0.843958 v _2680_/Q (sky130_fd_sc_hd__dfxtp_2)
                                                         r3_prod_mant[9] (net)
                      0.049663    0.000807    0.844765 v _2160_/B (sky130_fd_sc_hd__nand2_2)
     1    0.004914    0.045305    0.066055    0.910820 ^ _2160_/Y (sky130_fd_sc_hd__nand2_2)
                                                         _0158_ (net)
                      0.045305    0.000232    0.911052 ^ _2191_/A1 (sky130_fd_sc_hd__a21oi_2)
     1    0.002101    0.026490    0.040198    0.951249 v _2191_/Y (sky130_fd_sc_hd__a21oi_2)
                                                         _0025_ (net)
                      0.026490    0.000144    0.951394 v _2680_/D (sky130_fd_sc_hd__dfxtp_2)
                                              0.951394   data arrival time

                                  0.000000    0.000000   clock clk (rise edge)
                                  0.000000    0.000000   clock source latency
     1    0.030447    0.142407    0.099408    0.099408 ^ clk (in)
                                                         clk (net)
                      0.142457    0.000000    0.099408 ^ clkbuf_0_clk/A (sky130_fd_sc_hd__clkbuf_16)
    16    0.114557    0.129029    0.225226    0.324634 ^ clkbuf_0_clk/X (sky130_fd_sc_hd__clkbuf_16)
                                                         clknet_0_clk (net)
                      0.129934    0.008617    0.333251 ^ clkbuf_4_8_0_clk/A (sky130_fd_sc_hd__clkbuf_8)
     6    0.026264    0.060671    0.170466    0.503717 ^ clkbuf_4_8_0_clk/X (sky130_fd_sc_hd__clkbuf_8)
                                                         clknet_4_8_0_clk (net)
                      0.060680    0.000851    0.504569 ^ _2680_/CLK (sky130_fd_sc_hd__dfxtp_2)
                                  0.200000    0.704569   clock uncertainty
                                  0.000000    0.704569   clock reconvergence pessimism
                                 -0.034966    0.669602   library hold time
                                              0.669602   data required time
---------------------------------------------------------------------------------------------
                                              0.669602   data required time
                                             -0.951394   data arrival time
---------------------------------------------------------------------------------------------
                                              0.281791   slack (MET)


Startpoint: b_in[0] (input port clocked by clk)
Endpoint: _2655_ (rising edge-triggered flip-flop clocked by clk)
Path Group: clk
Path Type: min

Fanout         Cap        Slew       Delay        Time   Description
---------------------------------------------------------------------------------------------
                                  0.000000    0.000000   clock clk (rise edge)
                                  0.000000    0.000000   clock network delay (propagated)
                                  0.020000    0.020000 ^ input external delay
     1    0.004543    0.027304    0.016453    0.036453 ^ b_in[0] (in)
                                                         b_in[0] (net)
                      0.027306    0.000000    0.036453 ^ hold516/A (sky130_fd_sc_hd__clkbuf_2)
     1    0.002647    0.027307    0.082863    0.119316 ^ hold516/X (sky130_fd_sc_hd__clkbuf_2)
                                                         net515 (net)
                      0.027308    0.000193    0.119509 ^ hold444/A (sky130_fd_sc_hd__clkbuf_2)
     1    0.004015    0.033807    0.089173    0.208682 ^ hold444/X (sky130_fd_sc_hd__clkbuf_2)
                                                         net443 (net)
                      0.033808    0.000268    0.208949 ^ hold517/A (sky130_fd_sc_hd__clkbuf_2)
     1    0.001916    0.023999    0.081852    0.290802 ^ hold517/X (sky130_fd_sc_hd__clkbuf_2)
                                                         net516 (net)
                      0.023999    0.000087    0.290889 ^ input325/A (sky130_fd_sc_hd__buf_2)
     1    0.004535    0.034161    0.089882    0.380771 ^ input325/X (sky130_fd_sc_hd__buf_2)
                                                         net325 (net)
                      0.034166    0.000306    0.381077 ^ hold518/A (sky130_fd_sc_hd__clkbuf_2)
     1    0.005522    0.041048    0.097456    0.478533 ^ hold518/X (sky130_fd_sc_hd__clkbuf_2)
                                                         net517 (net)
                      0.041052    0.000422    0.478956 ^ hold445/A (sky130_fd_sc_hd__clkbuf_2)
     2    0.008435    0.055527    0.111062    0.590018 ^ hold445/X (sky130_fd_sc_hd__clkbuf_2)
                                                         net444 (net)
                      0.055531    0.000525    0.590543 ^ hold519/A (sky130_fd_sc_hd__clkbuf_2)
     2    0.007551    0.051099    0.112854    0.703397 ^ hold519/X (sky130_fd_sc_hd__clkbuf_2)
                                                         net518 (net)
                      0.051102    0.000432    0.703829 ^ _2613_/A1 (sky130_fd_sc_hd__o211a_2)
     1    0.003167    0.043032    0.169782    0.873611 ^ _2613_/X (sky130_fd_sc_hd__o211a_2)
                                                         _0082_ (net)
                      0.043032    0.000213    0.873824 ^ hold520/A (sky130_fd_sc_hd__clkbuf_2)
     1    0.002010    0.024411    0.085576    0.959400 ^ hold520/X (sky130_fd_sc_hd__clkbuf_2)
                                                         net519 (net)
                      0.024411    0.000144    0.959544 ^ _2655_/D (sky130_fd_sc_hd__dfxtp_2)
                                              0.959544   data arrival time

                                  0.000000    0.000000   clock clk (rise edge)
                                  0.000000    0.000000   clock source latency
     1    0.030447    0.142407    0.099408    0.099408 ^ clk (in)
                                                         clk (net)
                      0.142457    0.000000    0.099408 ^ clkbuf_0_clk/A (sky130_fd_sc_hd__clkbuf_16)
    16    0.114557    0.129029    0.225226    0.324634 ^ clkbuf_0_clk/X (sky130_fd_sc_hd__clkbuf_16)
                                                         clknet_0_clk (net)
                      0.130446    0.010703    0.335337 ^ clkbuf_4_2_0_clk/A (sky130_fd_sc_hd__clkbuf_8)
     6    0.022574    0.055106    0.166297    0.501634 ^ clkbuf_4_2_0_clk/X (sky130_fd_sc_hd__clkbuf_8)
                                                         clknet_4_2_0_clk (net)
                      0.055170    0.001588    0.503222 ^ _2655_/CLK (sky130_fd_sc_hd__dfxtp_2)
                                  0.200000    0.703222   clock uncertainty
                                  0.000000    0.703222   clock reconvergence pessimism
                                 -0.025592    0.677631   library hold time
                                              0.677631   data required time
---------------------------------------------------------------------------------------------
                                              0.677631   data required time
                                             -0.959544   data arrival time
---------------------------------------------------------------------------------------------
                                              0.281913   slack (MET)


Startpoint: reset (input port clocked by clk)
Endpoint: _2687_ (rising edge-triggered flip-flop clocked by clk)
Path Group: clk
Path Type: min

Fanout         Cap        Slew       Delay        Time   Description
---------------------------------------------------------------------------------------------
                                  0.000000    0.000000   clock clk (rise edge)
                                  0.000000    0.000000   clock network delay (propagated)
                                  0.020000    0.020000 ^ input external delay
     1    0.005061    0.029562    0.018132    0.038132 ^ reset (in)
                                                         reset (net)
                      0.029564    0.000000    0.038132 ^ hold406/A (sky130_fd_sc_hd__clkbuf_2)
     1    0.002553    0.026883    0.083263    0.121394 ^ hold406/X (sky130_fd_sc_hd__clkbuf_2)
                                                         net405 (net)
                      0.026883    0.000117    0.121511 ^ hold403/A (sky130_fd_sc_hd__clkbuf_2)
     1    0.002883    0.028375    0.083799    0.205311 ^ hold403/X (sky130_fd_sc_hd__clkbuf_2)
                                                         net402 (net)
                      0.028377    0.000207    0.205518 ^ hold407/A (sky130_fd_sc_hd__clkbuf_2)
     1    0.003699    0.032263    0.088113    0.293631 ^ hold407/X (sky130_fd_sc_hd__clkbuf_2)
                                                         net406 (net)
                      0.032265    0.000231    0.293862 ^ input345/A (sky130_fd_sc_hd__buf_2)
     1    0.006271    0.041567    0.099039    0.392901 ^ input345/X (sky130_fd_sc_hd__buf_2)
                                                         net345 (net)
                      0.041573    0.000506    0.393406 ^ hold408/A (sky130_fd_sc_hd__clkbuf_2)
     1    0.005085    0.038904    0.098408    0.491814 ^ hold408/X (sky130_fd_sc_hd__clkbuf_2)
                                                         net407 (net)
                      0.038907    0.000386    0.492200 ^ hold404/A (sky130_fd_sc_hd__clkbuf_2)
     2    0.021633    0.123276    0.157859    0.650059 ^ hold404/X (sky130_fd_sc_hd__clkbuf_2)
                                                         net403 (net)
                      0.123321    0.001917    0.651976 ^ hold409/A (sky130_fd_sc_hd__clkbuf_2)
     2    0.017833    0.103544    0.175584    0.827559 ^ hold409/X (sky130_fd_sc_hd__clkbuf_2)
                                                         net408 (net)
                      0.103544    0.000466    0.828025 ^ _2329_/A (sky130_fd_sc_hd__nor2_2)
     1    0.002983    0.016191    0.048482    0.876508 v _2329_/Y (sky130_fd_sc_hd__nor2_2)
                                                         _0032_ (net)
                      0.016191    0.000197    0.876705 v hold405/A (sky130_fd_sc_hd__clkbuf_2)
     1    0.002120    0.020938    0.081727    0.958432 v hold405/X (sky130_fd_sc_hd__clkbuf_2)
                                                         net404 (net)
                      0.020938    0.000153    0.958585 v _2687_/D (sky130_fd_sc_hd__dfxtp_2)
                                              0.958585   data arrival time

                                  0.000000    0.000000   clock clk (rise edge)
                                  0.000000    0.000000   clock source latency
     1    0.030447    0.142407    0.099408    0.099408 ^ clk (in)
                                                         clk (net)
                      0.142457    0.000000    0.099408 ^ clkbuf_0_clk/A (sky130_fd_sc_hd__clkbuf_16)
    16    0.114557    0.129029    0.225226    0.324634 ^ clkbuf_0_clk/X (sky130_fd_sc_hd__clkbuf_16)
                                                         clknet_0_clk (net)
                      0.129934    0.008617    0.333251 ^ clkbuf_4_8_0_clk/A (sky130_fd_sc_hd__clkbuf_8)
     6    0.026264    0.060671    0.170466    0.503717 ^ clkbuf_4_8_0_clk/X (sky130_fd_sc_hd__clkbuf_8)
                                                         clknet_4_8_0_clk (net)
                      0.060760    0.001999    0.505717 ^ _2687_/CLK (sky130_fd_sc_hd__dfxtp_2)
                                  0.200000    0.705717   clock uncertainty
                                  0.000000    0.705717   clock reconvergence pessimism
                                 -0.032672    0.673045   library hold time
                                              0.673045   data required time
---------------------------------------------------------------------------------------------
                                              0.673045   data required time
                                             -0.958585   data arrival time
---------------------------------------------------------------------------------------------
                                              0.285540   slack (MET)


Startpoint: compute_enable (input port clocked by clk)
Endpoint: _2670_ (rising edge-triggered flip-flop clocked by clk)
Path Group: clk
Path Type: min

Fanout         Cap        Slew       Delay        Time   Description
---------------------------------------------------------------------------------------------
                                  0.000000    0.000000   clock clk (rise edge)
                                  0.000000    0.000000   clock network delay (propagated)
                                  0.020000    0.020000 v input external delay
     1    0.004805    0.013188    0.007876    0.027876 v compute_enable (in)
                                                         compute_enable (net)
                      0.013192    0.000000    0.027876 v hold677/A (sky130_fd_sc_hd__clkbuf_2)
     1    0.003890    0.026848    0.087694    0.115569 v hold677/X (sky130_fd_sc_hd__clkbuf_2)
                                                         net676 (net)
                      0.026851    0.000279    0.115848 v hold591/A (sky130_fd_sc_hd__clkbuf_2)
     1    0.004594    0.029260    0.095852    0.211700 v hold591/X (sky130_fd_sc_hd__clkbuf_2)
                                                         net590 (net)
                      0.029263    0.000306    0.212005 v hold678/A (sky130_fd_sc_hd__clkbuf_2)
     1    0.002826    0.023274    0.090140    0.302145 v hold678/X (sky130_fd_sc_hd__clkbuf_2)
                                                         net677 (net)
                      0.023274    0.000111    0.302256 v input342/A (sky130_fd_sc_hd__buf_2)
     1    0.006289    0.031136    0.114554    0.416811 v input342/X (sky130_fd_sc_hd__buf_2)
                                                         net342 (net)
                      0.031145    0.000471    0.417282 v hold592/A (sky130_fd_sc_hd__clkbuf_2)
     1    0.005270    0.031469    0.099800    0.517081 v hold592/X (sky130_fd_sc_hd__clkbuf_2)
                                                         net591 (net)
                      0.031475    0.000407    0.517489 v _1373_/A1_N (sky130_fd_sc_hd__o2bb2a_2)
     1    0.002797    0.037022    0.229693    0.747181 ^ _1373_/X (sky130_fd_sc_hd__o2bb2a_2)
                                                         _0598_ (net)
                      0.037022    0.000200    0.747382 ^ hold593/A (sky130_fd_sc_hd__clkbuf_2)
     1    0.005359    0.040260    0.097892    0.845274 ^ hold593/X (sky130_fd_sc_hd__clkbuf_2)
                                                         net592 (net)
                      0.040261    0.000257    0.845531 ^ _1374_/B (sky130_fd_sc_hd__nor2_2)
     1    0.002385    0.014730    0.026809    0.872340 v _1374_/Y (sky130_fd_sc_hd__nor2_2)
                                                         _0015_ (net)
                      0.014730    0.000109    0.872449 v hold594/A (sky130_fd_sc_hd__clkbuf_2)
     1    0.003028    0.023892    0.084828    0.957277 v hold594/X (sky130_fd_sc_hd__clkbuf_2)
                                                         net593 (net)
                      0.023893    0.000204    0.957480 v _2670_/D (sky130_fd_sc_hd__dfxtp_2)
                                              0.957480   data arrival time

                                  0.000000    0.000000   clock clk (rise edge)
                                  0.000000    0.000000   clock source latency
     1    0.030447    0.142407    0.099408    0.099408 ^ clk (in)
                                                         clk (net)
                      0.142457    0.000000    0.099408 ^ clkbuf_0_clk/A (sky130_fd_sc_hd__clkbuf_16)
    16    0.114557    0.129029    0.225226    0.324634 ^ clkbuf_0_clk/X (sky130_fd_sc_hd__clkbuf_16)
                                                         clknet_0_clk (net)
                      0.129934    0.008617    0.333251 ^ clkbuf_4_8_0_clk/A (sky130_fd_sc_hd__clkbuf_8)
     6    0.026264    0.060671    0.170466    0.503717 ^ clkbuf_4_8_0_clk/X (sky130_fd_sc_hd__clkbuf_8)
                                                         clknet_4_8_0_clk (net)
                      0.060764    0.002042    0.505759 ^ _2670_/CLK (sky130_fd_sc_hd__dfxtp_2)
                                  0.200000    0.705759   clock uncertainty
                                  0.000000    0.705759   clock reconvergence pessimism
                                 -0.033883    0.671876   library hold time
                                              0.671876   data required time
---------------------------------------------------------------------------------------------
                                              0.671876   data required time
                                             -0.957480   data arrival time
---------------------------------------------------------------------------------------------
                                              0.285604   slack (MET)


Startpoint: _2678_ (rising edge-triggered flip-flop clocked by clk)
Endpoint: _2678_ (rising edge-triggered flip-flop clocked by clk)
Path Group: clk
Path Type: min

Fanout         Cap        Slew       Delay        Time   Description
---------------------------------------------------------------------------------------------
                                  0.000000    0.000000   clock clk (rise edge)
                                  0.000000    0.000000   clock source latency
     1    0.030447    0.142407    0.099408    0.099408 ^ clk (in)
                                                         clk (net)
                      0.142457    0.000000    0.099408 ^ clkbuf_0_clk/A (sky130_fd_sc_hd__clkbuf_16)
    16    0.114557    0.129029    0.225226    0.324634 ^ clkbuf_0_clk/X (sky130_fd_sc_hd__clkbuf_16)
                                                         clknet_0_clk (net)
                      0.129285    0.004734    0.329369 ^ clkbuf_4_11_0_clk/A (sky130_fd_sc_hd__clkbuf_8)
     7    0.038095    0.079262    0.184183    0.513552 ^ clkbuf_4_11_0_clk/X (sky130_fd_sc_hd__clkbuf_8)
                                                         clknet_4_11_0_clk (net)
                      0.079308    0.001795    0.515347 ^ _2678_/CLK (sky130_fd_sc_hd__dfxtp_2)
     3    0.015971    0.050301    0.347083    0.862430 v _2678_/Q (sky130_fd_sc_hd__dfxtp_2)
                                                         r3_prod_mant[7] (net)
                      0.050301    0.000585    0.863015 v _2081_/B (sky130_fd_sc_hd__nand2_2)
     1    0.005083    0.046071    0.066929    0.929944 ^ _2081_/Y (sky130_fd_sc_hd__nand2_2)
                                                         _1298_ (net)
                      0.046071    0.000244    0.930188 ^ _2121_/A1 (sky130_fd_sc_hd__a21oi_2)
     1    0.002179    0.026469    0.040683    0.970871 v _2121_/Y (sky130_fd_sc_hd__a21oi_2)
                                                         _0023_ (net)
                      0.026469    0.000149    0.971019 v _2678_/D (sky130_fd_sc_hd__dfxtp_2)
                                              0.971019   data arrival time

                                  0.000000    0.000000   clock clk (rise edge)
                                  0.000000    0.000000   clock source latency
     1    0.030447    0.142407    0.099408    0.099408 ^ clk (in)
                                                         clk (net)
                      0.142457    0.000000    0.099408 ^ clkbuf_0_clk/A (sky130_fd_sc_hd__clkbuf_16)
    16    0.114557    0.129029    0.225226    0.324634 ^ clkbuf_0_clk/X (sky130_fd_sc_hd__clkbuf_16)
                                                         clknet_0_clk (net)
                      0.129285    0.004734    0.329369 ^ clkbuf_4_11_0_clk/A (sky130_fd_sc_hd__clkbuf_8)
     7    0.038095    0.079262    0.184183    0.513552 ^ clkbuf_4_11_0_clk/X (sky130_fd_sc_hd__clkbuf_8)
                                                         clknet_4_11_0_clk (net)
                      0.079308    0.001795    0.515347 ^ _2678_/CLK (sky130_fd_sc_hd__dfxtp_2)
                                  0.200000    0.715347   clock uncertainty
                                  0.000000    0.715347   clock reconvergence pessimism
                                 -0.030807    0.684540   library hold time
                                              0.684540   data required time
---------------------------------------------------------------------------------------------
                                              0.684540   data required time
                                             -0.971019   data arrival time
---------------------------------------------------------------------------------------------
                                              0.286480   slack (MET)


Startpoint: reset (input port clocked by clk)
Endpoint: _2688_ (rising edge-triggered flip-flop clocked by clk)
Path Group: clk
Path Type: min

Fanout         Cap        Slew       Delay        Time   Description
---------------------------------------------------------------------------------------------
                                  0.000000    0.000000   clock clk (rise edge)
                                  0.000000    0.000000   clock network delay (propagated)
                                  0.020000    0.020000 ^ input external delay
     1    0.005061    0.029562    0.018132    0.038132 ^ reset (in)
                                                         reset (net)
                      0.029564    0.000000    0.038132 ^ hold406/A (sky130_fd_sc_hd__clkbuf_2)
     1    0.002553    0.026883    0.083263    0.121394 ^ hold406/X (sky130_fd_sc_hd__clkbuf_2)
                                                         net405 (net)
                      0.026883    0.000117    0.121511 ^ hold403/A (sky130_fd_sc_hd__clkbuf_2)
     1    0.002883    0.028375    0.083799    0.205311 ^ hold403/X (sky130_fd_sc_hd__clkbuf_2)
                                                         net402 (net)
                      0.028377    0.000207    0.205518 ^ hold407/A (sky130_fd_sc_hd__clkbuf_2)
     1    0.003699    0.032263    0.088113    0.293631 ^ hold407/X (sky130_fd_sc_hd__clkbuf_2)
                                                         net406 (net)
                      0.032265    0.000231    0.293862 ^ input345/A (sky130_fd_sc_hd__buf_2)
     1    0.006271    0.041567    0.099039    0.392901 ^ input345/X (sky130_fd_sc_hd__buf_2)
                                                         net345 (net)
                      0.041573    0.000506    0.393406 ^ hold408/A (sky130_fd_sc_hd__clkbuf_2)
     1    0.005085    0.038904    0.098408    0.491814 ^ hold408/X (sky130_fd_sc_hd__clkbuf_2)
                                                         net407 (net)
                      0.038907    0.000386    0.492200 ^ hold404/A (sky130_fd_sc_hd__clkbuf_2)
     2    0.021633    0.123276    0.157859    0.650059 ^ hold404/X (sky130_fd_sc_hd__clkbuf_2)
                                                         net403 (net)
                      0.123321    0.001917    0.651976 ^ hold409/A (sky130_fd_sc_hd__clkbuf_2)
     2    0.017833    0.103544    0.175584    0.827559 ^ hold409/X (sky130_fd_sc_hd__clkbuf_2)
                                                         net408 (net)
                      0.103559    0.001262    0.828822 ^ _2446_/A (sky130_fd_sc_hd__nor2_2)
     1    0.003009    0.025439    0.048569    0.877390 v _2446_/Y (sky130_fd_sc_hd__nor2_2)
                                                         _0033_ (net)
                      0.025439    0.000201    0.877591 v hold410/A (sky130_fd_sc_hd__clkbuf_2)
     1    0.002135    0.021055    0.085661    0.963252 v hold410/X (sky130_fd_sc_hd__clkbuf_2)
                                                         net409 (net)
                      0.021055    0.000147    0.963399 v _2688_/D (sky130_fd_sc_hd__dfxtp_2)
                                              0.963399   data arrival time

                                  0.000000    0.000000   clock clk (rise edge)
                                  0.000000    0.000000   clock source latency
     1    0.030447    0.142407    0.099408    0.099408 ^ clk (in)
                                                         clk (net)
                      0.142457    0.000000    0.099408 ^ clkbuf_0_clk/A (sky130_fd_sc_hd__clkbuf_16)
    16    0.114557    0.129029    0.225226    0.324634 ^ clkbuf_0_clk/X (sky130_fd_sc_hd__clkbuf_16)
                                                         clknet_0_clk (net)
                      0.130444    0.010695    0.335330 ^ clkbuf_4_14_0_clk/A (sky130_fd_sc_hd__clkbuf_8)
     6    0.024501    0.058124    0.168471    0.503800 ^ clkbuf_4_14_0_clk/X (sky130_fd_sc_hd__clkbuf_8)
                                                         clknet_4_14_0_clk (net)
                      0.058178    0.001539    0.505339 ^ _2688_/CLK (sky130_fd_sc_hd__dfxtp_2)
                                  0.200000    0.705339   clock uncertainty
                                  0.000000    0.705339   clock reconvergence pessimism
                                 -0.033296    0.672044   library hold time
                                              0.672044   data required time
---------------------------------------------------------------------------------------------
                                              0.672044   data required time
                                             -0.963399   data arrival time
---------------------------------------------------------------------------------------------
                                              0.291356   slack (MET)


Startpoint: clear_acc (input port clocked by clk)
Endpoint: _2682_ (rising edge-triggered flip-flop clocked by clk)
Path Group: clk
Path Type: min

Fanout         Cap        Slew       Delay        Time   Description
---------------------------------------------------------------------------------------------
                                  0.000000    0.000000   clock clk (rise edge)
                                  0.000000    0.000000   clock network delay (propagated)
                                  0.020000    0.020000 ^ input external delay
     1    0.004379    0.026592    0.015906    0.035906 ^ clear_acc (in)
                                                         clear_acc (net)
                      0.026594    0.000000    0.035906 ^ hold604/A (sky130_fd_sc_hd__clkbuf_2)
     1    0.002848    0.028222    0.083561    0.119467 ^ hold604/X (sky130_fd_sc_hd__clkbuf_2)
                                                         net603 (net)
                      0.028222    0.000134    0.119601 ^ hold599/A (sky130_fd_sc_hd__clkbuf_2)
     1    0.002824    0.028107    0.084007    0.203607 ^ hold599/X (sky130_fd_sc_hd__clkbuf_2)
                                                         net598 (net)
                      0.028107    0.000205    0.203812 ^ hold605/A (sky130_fd_sc_hd__clkbuf_2)
     1    0.002172    0.025156    0.080972    0.284784 ^ hold605/X (sky130_fd_sc_hd__clkbuf_2)
                                                         net604 (net)
                      0.025156    0.000150    0.284934 ^ input341/A (sky130_fd_sc_hd__buf_2)
     1    0.003646    0.030345    0.086733    0.371667 ^ input341/X (sky130_fd_sc_hd__buf_2)
                                                         net341 (net)
                      0.030345    0.000156    0.371823 ^ hold600/A (sky130_fd_sc_hd__clkbuf_2)
     3    0.014127    0.083978    0.128425    0.500248 ^ hold600/X (sky130_fd_sc_hd__clkbuf_2)
                                                         net599 (net)
                      0.084033    0.001101    0.501349 ^ _1370_/B (sky130_fd_sc_hd__nor2_2)
     2    0.007662    0.032019    0.048982    0.550331 v _1370_/Y (sky130_fd_sc_hd__nor2_2)
                                                         _0595_ (net)
                      0.032042    0.000432    0.550763 v hold601/A (sky130_fd_sc_hd__clkbuf_2)
     4    0.026631    0.105706    0.160904    0.711668 v hold601/X (sky130_fd_sc_hd__clkbuf_2)
                                                         net600 (net)
                      0.105751    0.002027    0.713695 v _2254_/B1 (sky130_fd_sc_hd__o21ai_2)
     1    0.004060    0.055013    0.078131    0.791826 ^ _2254_/Y (sky130_fd_sc_hd__o21ai_2)
                                                         _0250_ (net)
                      0.055014    0.000283    0.792108 ^ _2257_/B (sky130_fd_sc_hd__or3b_4)
     1    0.011482    0.052425    0.130206    0.922314 ^ _2257_/X (sky130_fd_sc_hd__or3b_4)
                                                         _0253_ (net)
                      0.052443    0.000917    0.923231 ^ _2258_/A2 (sky130_fd_sc_hd__a21oi_4)
     1    0.002132    0.027083    0.046132    0.969363 v _2258_/Y (sky130_fd_sc_hd__a21oi_4)
                                                         _0027_ (net)
                      0.027083    0.000149    0.969512 v _2682_/D (sky130_fd_sc_hd__dfxtp_2)
                                              0.969512   data arrival time

                                  0.000000    0.000000   clock clk (rise edge)
                                  0.000000    0.000000   clock source latency
     1    0.030447    0.142407    0.099408    0.099408 ^ clk (in)
                                                         clk (net)
                      0.142457    0.000000    0.099408 ^ clkbuf_0_clk/A (sky130_fd_sc_hd__clkbuf_16)
    16    0.114557    0.129029    0.225226    0.324634 ^ clkbuf_0_clk/X (sky130_fd_sc_hd__clkbuf_16)
                                                         clknet_0_clk (net)
                      0.129741    0.007685    0.332319 ^ clkbuf_4_9_0_clk/A (sky130_fd_sc_hd__clkbuf_8)
     6    0.026729    0.061500    0.170589    0.502908 ^ clkbuf_4_9_0_clk/X (sky130_fd_sc_hd__clkbuf_8)
                                                         clknet_4_9_0_clk (net)
                      0.061615    0.002311    0.505219 ^ _2682_/CLK (sky130_fd_sc_hd__dfxtp_2)
                                  0.200000    0.705219   clock uncertainty
                                  0.000000    0.705219   clock reconvergence pessimism
                                 -0.035001    0.670218   library hold time
                                              0.670218   data required time
---------------------------------------------------------------------------------------------
                                              0.670218   data required time
                                             -0.969512   data arrival time
---------------------------------------------------------------------------------------------
                                              0.299294   slack (MET)


Startpoint: a_in[9] (input port clocked by clk)
Endpoint: _2631_ (rising edge-triggered flip-flop clocked by clk)
Path Group: clk
Path Type: min

Fanout         Cap        Slew       Delay        Time   Description
---------------------------------------------------------------------------------------------
                                  0.000000    0.000000   clock clk (rise edge)
                                  0.000000    0.000000   clock network delay (propagated)
                                  0.020000    0.020000 ^ input external delay
     1    0.009637    0.049839    0.033140    0.053140 ^ a_in[9] (in)
                                                         a_in[9] (net)
                      0.049851    0.000000    0.053140 ^ hold660/A (sky130_fd_sc_hd__clkbuf_2)
     1    0.004751    0.037268    0.100073    0.153213 ^ hold660/X (sky130_fd_sc_hd__clkbuf_2)
                                                         net659 (net)
                      0.037271    0.000343    0.153556 ^ hold471/A (sky130_fd_sc_hd__clkbuf_2)
     1    0.005503    0.040965    0.098561    0.252117 ^ hold471/X (sky130_fd_sc_hd__clkbuf_2)
                                                         net470 (net)
                      0.040966    0.000252    0.252369 ^ hold661/A (sky130_fd_sc_hd__clkbuf_2)
     1    0.002954    0.028678    0.089173    0.341542 ^ hold661/X (sky130_fd_sc_hd__clkbuf_2)
                                                         net660 (net)
                      0.028682    0.000182    0.341723 ^ input324/A (sky130_fd_sc_hd__buf_2)
     1    0.004215    0.032803    0.090431    0.432154 ^ input324/X (sky130_fd_sc_hd__buf_2)
                                                         net324 (net)
                      0.032803    0.000275    0.432430 ^ hold662/A (sky130_fd_sc_hd__clkbuf_2)
     1    0.003021    0.029005    0.086557    0.518986 ^ hold662/X (sky130_fd_sc_hd__clkbuf_2)
                                                         net661 (net)
                      0.029006    0.000203    0.519189 ^ hold472/A (sky130_fd_sc_hd__clkbuf_2)
     2    0.008419    0.055525    0.106808    0.625997 ^ hold472/X (sky130_fd_sc_hd__clkbuf_2)
                                                         net471 (net)
                      0.055527    0.000383    0.626380 ^ hold663/A (sky130_fd_sc_hd__clkbuf_2)
     1    0.002963    0.028724    0.094400    0.720780 ^ hold663/X (sky130_fd_sc_hd__clkbuf_2)
                                                         net662 (net)
                      0.028729    0.000217    0.720997 ^ _2554_/A2 (sky130_fd_sc_hd__o211a_2)
     1    0.004781    0.051107    0.161403    0.882400 ^ _2554_/X (sky130_fd_sc_hd__o211a_2)
                                                         _0058_ (net)
                      0.051108    0.000348    0.882748 ^ hold473/A (sky130_fd_sc_hd__clkbuf_2)
     1    0.004010    0.033715    0.097607    0.980355 ^ hold473/X (sky130_fd_sc_hd__clkbuf_2)
                                                         net472 (net)
                      0.033716    0.000246    0.980601 ^ _2631_/D (sky130_fd_sc_hd__dfxtp_2)
                                              0.980601   data arrival time

                                  0.000000    0.000000   clock clk (rise edge)
                                  0.000000    0.000000   clock source latency
     1    0.030447    0.142407    0.099408    0.099408 ^ clk (in)
                                                         clk (net)
                      0.142457    0.000000    0.099408 ^ clkbuf_0_clk/A (sky130_fd_sc_hd__clkbuf_16)
    16    0.114557    0.129029    0.225226    0.324634 ^ clkbuf_0_clk/X (sky130_fd_sc_hd__clkbuf_16)
                                                         clknet_0_clk (net)
                      0.131813    0.014975    0.339609 ^ clkbuf_4_7_0_clk/A (sky130_fd_sc_hd__clkbuf_8)
     6    0.021093    0.052962    0.164968    0.504577 ^ clkbuf_4_7_0_clk/X (sky130_fd_sc_hd__clkbuf_8)
                                                         clknet_4_7_0_clk (net)
                      0.052967    0.000549    0.505126 ^ _2631_/CLK (sky130_fd_sc_hd__dfxtp_2)
                                  0.200000    0.705126   clock uncertainty
                                  0.000000    0.705126   clock reconvergence pessimism
                                 -0.027806    0.677321   library hold time
                                              0.677321   data required time
---------------------------------------------------------------------------------------------
                                              0.677321   data required time
                                             -0.980601   data arrival time
---------------------------------------------------------------------------------------------
                                              0.303280   slack (MET)


Startpoint: _2683_ (rising edge-triggered flip-flop clocked by clk)
Endpoint: _2683_ (rising edge-triggered flip-flop clocked by clk)
Path Group: clk
Path Type: min

Fanout         Cap        Slew       Delay        Time   Description
---------------------------------------------------------------------------------------------
                                  0.000000    0.000000   clock clk (rise edge)
                                  0.000000    0.000000   clock source latency
     1    0.030447    0.142407    0.099408    0.099408 ^ clk (in)
                                                         clk (net)
                      0.142457    0.000000    0.099408 ^ clkbuf_0_clk/A (sky130_fd_sc_hd__clkbuf_16)
    16    0.114557    0.129029    0.225226    0.324634 ^ clkbuf_0_clk/X (sky130_fd_sc_hd__clkbuf_16)
                                                         clknet_0_clk (net)
                      0.129741    0.007685    0.332319 ^ clkbuf_4_9_0_clk/A (sky130_fd_sc_hd__clkbuf_8)
     6    0.026729    0.061500    0.170589    0.502908 ^ clkbuf_4_9_0_clk/X (sky130_fd_sc_hd__clkbuf_8)
                                                         clknet_4_9_0_clk (net)
                      0.061638    0.002499    0.505407 ^ _2683_/CLK (sky130_fd_sc_hd__dfxtp_2)
     3    0.014971    0.048229    0.338447    0.843854 v _2683_/Q (sky130_fd_sc_hd__dfxtp_2)
                                                         r3_prod_mant[12] (net)
                      0.048229    0.000869    0.844724 v _2259_/B (sky130_fd_sc_hd__nand2_2)
     1    0.010091    0.069172    0.083625    0.928348 ^ _2259_/Y (sky130_fd_sc_hd__nand2_2)
                                                         _0254_ (net)
                      0.069213    0.000798    0.929147 ^ _2287_/A1 (sky130_fd_sc_hd__a21oi_4)
     1    0.002270    0.027260    0.045908    0.975055 v _2287_/Y (sky130_fd_sc_hd__a21oi_4)
                                                         _0028_ (net)
                      0.027260    0.000162    0.975217 v _2683_/D (sky130_fd_sc_hd__dfxtp_2)
                                              0.975217   data arrival time

                                  0.000000    0.000000   clock clk (rise edge)
                                  0.000000    0.000000   clock source latency
     1    0.030447    0.142407    0.099408    0.099408 ^ clk (in)
                                                         clk (net)
                      0.142457    0.000000    0.099408 ^ clkbuf_0_clk/A (sky130_fd_sc_hd__clkbuf_16)
    16    0.114557    0.129029    0.225226    0.324634 ^ clkbuf_0_clk/X (sky130_fd_sc_hd__clkbuf_16)
                                                         clknet_0_clk (net)
                      0.129741    0.007685    0.332319 ^ clkbuf_4_9_0_clk/A (sky130_fd_sc_hd__clkbuf_8)
     6    0.026729    0.061500    0.170589    0.502908 ^ clkbuf_4_9_0_clk/X (sky130_fd_sc_hd__clkbuf_8)
                                                         clknet_4_9_0_clk (net)
                      0.061638    0.002499    0.505407 ^ _2683_/CLK (sky130_fd_sc_hd__dfxtp_2)
                                  0.200000    0.705407   clock uncertainty
                                  0.000000    0.705407   clock reconvergence pessimism
                                 -0.035069    0.670339   library hold time
                                              0.670339   data required time
---------------------------------------------------------------------------------------------
                                              0.670339   data required time
                                             -0.975217   data arrival time
---------------------------------------------------------------------------------------------
                                              0.304879   slack (MET)


Startpoint: clear_acc (input port clocked by clk)
Endpoint: _2672_ (rising edge-triggered flip-flop clocked by clk)
Path Group: clk
Path Type: min

Fanout         Cap        Slew       Delay        Time   Description
---------------------------------------------------------------------------------------------
                                  0.000000    0.000000   clock clk (rise edge)
                                  0.000000    0.000000   clock network delay (propagated)
                                  0.020000    0.020000 ^ input external delay
     1    0.004379    0.026592    0.015906    0.035906 ^ clear_acc (in)
                                                         clear_acc (net)
                      0.026594    0.000000    0.035906 ^ hold604/A (sky130_fd_sc_hd__clkbuf_2)
     1    0.002848    0.028222    0.083561    0.119467 ^ hold604/X (sky130_fd_sc_hd__clkbuf_2)
                                                         net603 (net)
                      0.028222    0.000134    0.119601 ^ hold599/A (sky130_fd_sc_hd__clkbuf_2)
     1    0.002824    0.028107    0.084007    0.203607 ^ hold599/X (sky130_fd_sc_hd__clkbuf_2)
                                                         net598 (net)
                      0.028107    0.000205    0.203812 ^ hold605/A (sky130_fd_sc_hd__clkbuf_2)
     1    0.002172    0.025156    0.080972    0.284784 ^ hold605/X (sky130_fd_sc_hd__clkbuf_2)
                                                         net604 (net)
                      0.025156    0.000150    0.284934 ^ input341/A (sky130_fd_sc_hd__buf_2)
     1    0.003646    0.030345    0.086733    0.371667 ^ input341/X (sky130_fd_sc_hd__buf_2)
                                                         net341 (net)
                      0.030345    0.000156    0.371823 ^ hold600/A (sky130_fd_sc_hd__clkbuf_2)
     3    0.014127    0.083978    0.128425    0.500248 ^ hold600/X (sky130_fd_sc_hd__clkbuf_2)
                                                         net599 (net)
                      0.083989    0.001012    0.501260 ^ _1792_/B (sky130_fd_sc_hd__or2_2)
     7    0.037756    0.196564    0.232480    0.733739 ^ _1792_/X (sky130_fd_sc_hd__or2_2)
                                                         _1016_ (net)
                      0.196722    0.004585    0.738324 ^ _1847_/B1 (sky130_fd_sc_hd__o2bb2a_2)
     1    0.005427    0.049027    0.214925    0.953249 ^ _1847_/X (sky130_fd_sc_hd__o2bb2a_2)
                                                         _1070_ (net)
                      0.049031    0.000416    0.953665 ^ _1848_/B (sky130_fd_sc_hd__nor2_2)
     1    0.002571    0.016732    0.029640    0.983306 v _1848_/Y (sky130_fd_sc_hd__nor2_2)
                                                         _0017_ (net)
                      0.016732    0.000165    0.983471 v _2672_/D (sky130_fd_sc_hd__dfxtp_2)
                                              0.983471   data arrival time

                                  0.000000    0.000000   clock clk (rise edge)
                                  0.000000    0.000000   clock source latency
     1    0.030447    0.142407    0.099408    0.099408 ^ clk (in)
                                                         clk (net)
                      0.142457    0.000000    0.099408 ^ clkbuf_0_clk/A (sky130_fd_sc_hd__clkbuf_16)
    16    0.114557    0.129029    0.225226    0.324634 ^ clkbuf_0_clk/X (sky130_fd_sc_hd__clkbuf_16)
                                                         clknet_0_clk (net)
                      0.130444    0.010695    0.335330 ^ clkbuf_4_14_0_clk/A (sky130_fd_sc_hd__clkbuf_8)
     6    0.024501    0.058124    0.168471    0.503800 ^ clkbuf_4_14_0_clk/X (sky130_fd_sc_hd__clkbuf_8)
                                                         clknet_4_14_0_clk (net)
                      0.058196    0.001748    0.505549 ^ _2672_/CLK (sky130_fd_sc_hd__dfxtp_2)
                                  0.200000    0.705549   clock uncertainty
                                  0.000000    0.705549   clock reconvergence pessimism
                                 -0.031519    0.674030   library hold time
                                              0.674030   data required time
---------------------------------------------------------------------------------------------
                                              0.674030   data required time
                                             -0.983471   data arrival time
---------------------------------------------------------------------------------------------
                                              0.309441   slack (MET)


Startpoint: a_in[12] (input port clocked by clk)
Endpoint: _2634_ (rising edge-triggered flip-flop clocked by clk)
Path Group: clk
Path Type: min

Fanout         Cap        Slew       Delay        Time   Description
---------------------------------------------------------------------------------------------
                                  0.000000    0.000000   clock clk (rise edge)
                                  0.000000    0.000000   clock network delay (propagated)
                                  0.020000    0.020000 ^ input external delay
     1    0.013157    0.065262    0.044585    0.064585 ^ a_in[12] (in)
                                                         a_in[12] (net)
                      0.065280    0.000000    0.064585 ^ hold628/A (sky130_fd_sc_hd__clkbuf_2)
     1    0.002549    0.026982    0.096089    0.160674 ^ hold628/X (sky130_fd_sc_hd__clkbuf_2)
                                                         net627 (net)
                      0.026989    0.000119    0.160793 ^ hold423/A (sky130_fd_sc_hd__clkbuf_2)
     1    0.003681    0.032180    0.087526    0.248319 ^ hold423/X (sky130_fd_sc_hd__clkbuf_2)
                                                         net422 (net)
                      0.032182    0.000240    0.248559 ^ hold629/A (sky130_fd_sc_hd__clkbuf_2)
     1    0.002797    0.027980    0.085311    0.333870 ^ hold629/X (sky130_fd_sc_hd__clkbuf_2)
                                                         net628 (net)
                      0.027981    0.000180    0.334049 ^ input312/A (sky130_fd_sc_hd__buf_2)
     1    0.004701    0.034840    0.091932    0.425981 ^ input312/X (sky130_fd_sc_hd__buf_2)
                                                         net312 (net)
                      0.034844    0.000345    0.426326 ^ hold630/A (sky130_fd_sc_hd__clkbuf_2)
     1    0.005932    0.043057    0.099259    0.525585 ^ hold630/X (sky130_fd_sc_hd__clkbuf_2)
                                                         net629 (net)
                      0.043061    0.000466    0.526051 ^ hold424/A (sky130_fd_sc_hd__clkbuf_2)
     2    0.009519    0.060986    0.115847    0.641898 ^ hold424/X (sky130_fd_sc_hd__clkbuf_2)
                                                         net423 (net)
                      0.061001    0.000931    0.642829 ^ hold631/A (sky130_fd_sc_hd__clkbuf_2)
     1    0.005457    0.040758    0.106791    0.749619 ^ hold631/X (sky130_fd_sc_hd__clkbuf_2)
                                                         net630 (net)
                      0.040764    0.000481    0.750100 ^ _2560_/A2 (sky130_fd_sc_hd__o211a_2)
     1    0.003273    0.043195    0.156593    0.906693 ^ _2560_/X (sky130_fd_sc_hd__o211a_2)
                                                         _0061_ (net)
                      0.043196    0.000230    0.906923 ^ hold425/A (sky130_fd_sc_hd__clkbuf_2)
     1    0.002019    0.024451    0.085677    0.992600 ^ hold425/X (sky130_fd_sc_hd__clkbuf_2)
                                                         net424 (net)
                      0.024451    0.000142    0.992742 ^ _2634_/D (sky130_fd_sc_hd__dfxtp_2)
                                              0.992742   data arrival time

                                  0.000000    0.000000   clock clk (rise edge)
                                  0.000000    0.000000   clock source latency
     1    0.030447    0.142407    0.099408    0.099408 ^ clk (in)
                                                         clk (net)
                      0.142457    0.000000    0.099408 ^ clkbuf_0_clk/A (sky130_fd_sc_hd__clkbuf_16)
    16    0.114557    0.129029    0.225226    0.324634 ^ clkbuf_0_clk/X (sky130_fd_sc_hd__clkbuf_16)
                                                         clknet_0_clk (net)
                      0.131866    0.015119    0.339753 ^ clkbuf_4_5_0_clk/A (sky130_fd_sc_hd__clkbuf_8)
     6    0.023397    0.056370    0.167671    0.507424 ^ clkbuf_4_5_0_clk/X (sky130_fd_sc_hd__clkbuf_8)
                                                         clknet_4_5_0_clk (net)
                      0.056408    0.001289    0.508713 ^ _2634_/CLK (sky130_fd_sc_hd__dfxtp_2)
                                  0.200000    0.708713   clock uncertainty
                                  0.000000    0.708713   clock reconvergence pessimism
                                 -0.025437    0.683276   library hold time
                                              0.683276   data required time
---------------------------------------------------------------------------------------------
                                              0.683276   data required time
                                             -0.992742   data arrival time
---------------------------------------------------------------------------------------------
                                              0.309466   slack (MET)


Startpoint: a_in[13] (input port clocked by clk)
Endpoint: _2635_ (rising edge-triggered flip-flop clocked by clk)
Path Group: clk
Path Type: min

Fanout         Cap        Slew       Delay        Time   Description
---------------------------------------------------------------------------------------------
                                  0.000000    0.000000   clock clk (rise edge)
                                  0.000000    0.000000   clock network delay (propagated)
                                  0.020000    0.020000 ^ input external delay
     1    0.010730    0.054730    0.036724    0.056724 ^ a_in[13] (in)
                                                         a_in[13] (net)
                      0.054745    0.000000    0.056724 ^ hold636/A (sky130_fd_sc_hd__clkbuf_2)
     1    0.005068    0.038807    0.103037    0.159761 ^ hold636/X (sky130_fd_sc_hd__clkbuf_2)
                                                         net635 (net)
                      0.038811    0.000371    0.160131 ^ hold420/A (sky130_fd_sc_hd__clkbuf_2)
     1    0.003491    0.031231    0.090858    0.250990 ^ hold420/X (sky130_fd_sc_hd__clkbuf_2)
                                                         net419 (net)
                      0.031233    0.000222    0.251212 ^ hold637/A (sky130_fd_sc_hd__clkbuf_2)
     1    0.007619    0.051434    0.104440    0.355651 ^ hold637/X (sky130_fd_sc_hd__clkbuf_2)
                                                         net636 (net)
                      0.051440    0.000584    0.356235 ^ input313/A (sky130_fd_sc_hd__buf_2)
     1    0.008435    0.051169    0.113891    0.470126 ^ input313/X (sky130_fd_sc_hd__buf_2)
                                                         net313 (net)
                      0.051175    0.000559    0.470685 ^ hold638/A (sky130_fd_sc_hd__clkbuf_2)
     1    0.005580    0.041302    0.103741    0.574426 ^ hold638/X (sky130_fd_sc_hd__clkbuf_2)
                                                         net637 (net)
                      0.041305    0.000380    0.574806 ^ hold421/A (sky130_fd_sc_hd__clkbuf_2)
     2    0.006508    0.045900    0.103793    0.678599 ^ hold421/X (sky130_fd_sc_hd__clkbuf_2)
                                                         net420 (net)
                      0.045902    0.000384    0.678983 ^ hold639/A (sky130_fd_sc_hd__clkbuf_2)
     1    0.003714    0.032289    0.094389    0.773372 ^ hold639/X (sky130_fd_sc_hd__clkbuf_2)
                                                         net638 (net)
                      0.032292    0.000255    0.773627 ^ _2562_/A2 (sky130_fd_sc_hd__o211a_2)
     1    0.003002    0.041744    0.152482    0.926109 ^ _2562_/X (sky130_fd_sc_hd__o211a_2)
                                                         _0062_ (net)
                      0.041757    0.000211    0.926320 ^ hold422/A (sky130_fd_sc_hd__clkbuf_2)
     1    0.002996    0.028871    0.089642    1.015962 ^ hold422/X (sky130_fd_sc_hd__clkbuf_2)
                                                         net421 (net)
                      0.028875    0.000194    1.016156 ^ _2635_/D (sky130_fd_sc_hd__dfxtp_2)
                                              1.016156   data arrival time

                                  0.000000    0.000000   clock clk (rise edge)
                                  0.000000    0.000000   clock source latency
     1    0.030447    0.142407    0.099408    0.099408 ^ clk (in)
                                                         clk (net)
                      0.142457    0.000000    0.099408 ^ clkbuf_0_clk/A (sky130_fd_sc_hd__clkbuf_16)
    16    0.114557    0.129029    0.225226    0.324634 ^ clkbuf_0_clk/X (sky130_fd_sc_hd__clkbuf_16)
                                                         clknet_0_clk (net)
                      0.131802    0.014944    0.339579 ^ clkbuf_4_4_0_clk/A (sky130_fd_sc_hd__clkbuf_8)
     6    0.028684    0.064541    0.173218    0.512797 ^ clkbuf_4_4_0_clk/X (sky130_fd_sc_hd__clkbuf_8)
                                                         clknet_4_4_0_clk (net)
                      0.064784    0.002636    0.515433 ^ _2635_/CLK (sky130_fd_sc_hd__dfxtp_2)
                                  0.200000    0.715433   clock uncertainty
                                  0.000000    0.715433   clock reconvergence pessimism
                                 -0.025253    0.690180   library hold time
                                              0.690180   data required time
---------------------------------------------------------------------------------------------
                                              0.690180   data required time
                                             -1.016156   data arrival time
---------------------------------------------------------------------------------------------
                                              0.325976   slack (MET)


Startpoint: clear_acc (input port clocked by clk)
Endpoint: _2673_ (rising edge-triggered flip-flop clocked by clk)
Path Group: clk
Path Type: min

Fanout         Cap        Slew       Delay        Time   Description
---------------------------------------------------------------------------------------------
                                  0.000000    0.000000   clock clk (rise edge)
                                  0.000000    0.000000   clock network delay (propagated)
                                  0.020000    0.020000 ^ input external delay
     1    0.004379    0.026592    0.015906    0.035906 ^ clear_acc (in)
                                                         clear_acc (net)
                      0.026594    0.000000    0.035906 ^ hold604/A (sky130_fd_sc_hd__clkbuf_2)
     1    0.002848    0.028222    0.083561    0.119467 ^ hold604/X (sky130_fd_sc_hd__clkbuf_2)
                                                         net603 (net)
                      0.028222    0.000134    0.119601 ^ hold599/A (sky130_fd_sc_hd__clkbuf_2)
     1    0.002824    0.028107    0.084007    0.203607 ^ hold599/X (sky130_fd_sc_hd__clkbuf_2)
                                                         net598 (net)
                      0.028107    0.000205    0.203812 ^ hold605/A (sky130_fd_sc_hd__clkbuf_2)
     1    0.002172    0.025156    0.080972    0.284784 ^ hold605/X (sky130_fd_sc_hd__clkbuf_2)
                                                         net604 (net)
                      0.025156    0.000150    0.284934 ^ input341/A (sky130_fd_sc_hd__buf_2)
     1    0.003646    0.030345    0.086733    0.371667 ^ input341/X (sky130_fd_sc_hd__buf_2)
                                                         net341 (net)
                      0.030345    0.000156    0.371823 ^ hold600/A (sky130_fd_sc_hd__clkbuf_2)
     3    0.014127    0.083978    0.128425    0.500248 ^ hold600/X (sky130_fd_sc_hd__clkbuf_2)
                                                         net599 (net)
                      0.083989    0.001012    0.501260 ^ _1792_/B (sky130_fd_sc_hd__or2_2)
     7    0.037756    0.196564    0.232480    0.733739 ^ _1792_/X (sky130_fd_sc_hd__or2_2)
                                                         _1016_ (net)
                      0.196710    0.004414    0.738153 ^ _1901_/B1 (sky130_fd_sc_hd__a21o_2)
     1    0.003588    0.032899    0.121791    0.859944 ^ _1901_/X (sky130_fd_sc_hd__a21o_2)
                                                         _1123_ (net)
                      0.032900    0.000270    0.860214 ^ _1902_/B2 (sky130_fd_sc_hd__o22a_2)
     1    0.005207    0.041465    0.118296    0.978510 ^ _1902_/X (sky130_fd_sc_hd__o22a_2)
                                                         _1124_ (net)
                      0.041468    0.000387    0.978897 ^ _1903_/B (sky130_fd_sc_hd__nor2_2)
     1    0.002030    0.014350    0.026289    1.005187 v _1903_/Y (sky130_fd_sc_hd__nor2_2)
                                                         _0018_ (net)
                      0.014351    0.000093    1.005280 v _2673_/D (sky130_fd_sc_hd__dfxtp_2)
                                              1.005280   data arrival time

                                  0.000000    0.000000   clock clk (rise edge)
                                  0.000000    0.000000   clock source latency
     1    0.030447    0.142407    0.099408    0.099408 ^ clk (in)
                                                         clk (net)
                      0.142457    0.000000    0.099408 ^ clkbuf_0_clk/A (sky130_fd_sc_hd__clkbuf_16)
    16    0.114557    0.129029    0.225226    0.324634 ^ clkbuf_0_clk/X (sky130_fd_sc_hd__clkbuf_16)
                                                         clknet_0_clk (net)
                      0.130444    0.010695    0.335330 ^ clkbuf_4_14_0_clk/A (sky130_fd_sc_hd__clkbuf_8)
     6    0.024501    0.058124    0.168471    0.503800 ^ clkbuf_4_14_0_clk/X (sky130_fd_sc_hd__clkbuf_8)
                                                         clknet_4_14_0_clk (net)
                      0.058173    0.001477    0.505278 ^ _2673_/CLK (sky130_fd_sc_hd__dfxtp_2)
                                  0.200000    0.705278   clock uncertainty
                                  0.000000    0.705278   clock reconvergence pessimism
                                 -0.030548    0.674730   library hold time
                                              0.674730   data required time
---------------------------------------------------------------------------------------------
                                              0.674730   data required time
                                             -1.005280   data arrival time
---------------------------------------------------------------------------------------------
                                              0.330550   slack (MET)


Startpoint: clear_acc (input port clocked by clk)
Endpoint: _2674_ (rising edge-triggered flip-flop clocked by clk)
Path Group: clk
Path Type: min

Fanout         Cap        Slew       Delay        Time   Description
---------------------------------------------------------------------------------------------
                                  0.000000    0.000000   clock clk (rise edge)
                                  0.000000    0.000000   clock network delay (propagated)
                                  0.020000    0.020000 ^ input external delay
     1    0.004379    0.026592    0.015906    0.035906 ^ clear_acc (in)
                                                         clear_acc (net)
                      0.026594    0.000000    0.035906 ^ hold604/A (sky130_fd_sc_hd__clkbuf_2)
     1    0.002848    0.028222    0.083561    0.119467 ^ hold604/X (sky130_fd_sc_hd__clkbuf_2)
                                                         net603 (net)
                      0.028222    0.000134    0.119601 ^ hold599/A (sky130_fd_sc_hd__clkbuf_2)
     1    0.002824    0.028107    0.084007    0.203607 ^ hold599/X (sky130_fd_sc_hd__clkbuf_2)
                                                         net598 (net)
                      0.028107    0.000205    0.203812 ^ hold605/A (sky130_fd_sc_hd__clkbuf_2)
     1    0.002172    0.025156    0.080972    0.284784 ^ hold605/X (sky130_fd_sc_hd__clkbuf_2)
                                                         net604 (net)
                      0.025156    0.000150    0.284934 ^ input341/A (sky130_fd_sc_hd__buf_2)
     1    0.003646    0.030345    0.086733    0.371667 ^ input341/X (sky130_fd_sc_hd__buf_2)
                                                         net341 (net)
                      0.030345    0.000156    0.371823 ^ hold600/A (sky130_fd_sc_hd__clkbuf_2)
     3    0.014127    0.083978    0.128425    0.500248 ^ hold600/X (sky130_fd_sc_hd__clkbuf_2)
                                                         net599 (net)
                      0.084033    0.001101    0.501349 ^ _1370_/B (sky130_fd_sc_hd__nor2_2)
     2    0.007662    0.032019    0.048982    0.550331 v _1370_/Y (sky130_fd_sc_hd__nor2_2)
                                                         _0595_ (net)
                      0.032019    0.000096    0.550427 v place239/A (sky130_fd_sc_hd__buf_1)
     6    0.031257    0.183003    0.202218    0.752645 v place239/X (sky130_fd_sc_hd__buf_1)
                                                         net239 (net)
                      0.183070    0.002942    0.755587 v _1948_/A (sky130_fd_sc_hd__nand2_2)
     1    0.002953    0.050959    0.093689    0.849276 ^ _1948_/Y (sky130_fd_sc_hd__nand2_2)
                                                         _1169_ (net)
                      0.050959    0.000211    0.849487 ^ _1950_/A3 (sky130_fd_sc_hd__o32a_2)
     1    0.005495    0.043930    0.138191    0.987678 ^ _1950_/X (sky130_fd_sc_hd__o32a_2)
                                                         _1171_ (net)
                      0.043934    0.000410    0.988088 ^ _1951_/B (sky130_fd_sc_hd__nor2_2)
     1    0.002191    0.015091    0.027307    1.015395 v _1951_/Y (sky130_fd_sc_hd__nor2_2)
                                                         _0019_ (net)
                      0.015091    0.000150    1.015545 v _2674_/D (sky130_fd_sc_hd__dfxtp_2)
                                              1.015545   data arrival time

                                  0.000000    0.000000   clock clk (rise edge)
                                  0.000000    0.000000   clock source latency
     1    0.030447    0.142407    0.099408    0.099408 ^ clk (in)
                                                         clk (net)
                      0.142457    0.000000    0.099408 ^ clkbuf_0_clk/A (sky130_fd_sc_hd__clkbuf_16)
    16    0.114557    0.129029    0.225226    0.324634 ^ clkbuf_0_clk/X (sky130_fd_sc_hd__clkbuf_16)
                                                         clknet_0_clk (net)
                      0.130443    0.010691    0.335326 ^ clkbuf_4_15_0_clk/A (sky130_fd_sc_hd__clkbuf_8)
     6    0.025126    0.058962    0.169285    0.504611 ^ clkbuf_4_15_0_clk/X (sky130_fd_sc_hd__clkbuf_8)
                                                         clknet_4_15_0_clk (net)
                      0.059013    0.001499    0.506110 ^ _2674_/CLK (sky130_fd_sc_hd__dfxtp_2)
                                  0.200000    0.706110   clock uncertainty
                                  0.000000    0.706110   clock reconvergence pessimism
                                 -0.030664    0.675446   library hold time
                                              0.675446   data required time
---------------------------------------------------------------------------------------------
                                              0.675446   data required time
                                             -1.015545   data arrival time
---------------------------------------------------------------------------------------------
                                              0.340099   slack (MET)


Startpoint: clear_acc (input port clocked by clk)
Endpoint: _2671_ (rising edge-triggered flip-flop clocked by clk)
Path Group: clk
Path Type: min

Fanout         Cap        Slew       Delay        Time   Description
---------------------------------------------------------------------------------------------
                                  0.000000    0.000000   clock clk (rise edge)
                                  0.000000    0.000000   clock network delay (propagated)
                                  0.020000    0.020000 ^ input external delay
     1    0.004379    0.026592    0.015906    0.035906 ^ clear_acc (in)
                                                         clear_acc (net)
                      0.026594    0.000000    0.035906 ^ hold604/A (sky130_fd_sc_hd__clkbuf_2)
     1    0.002848    0.028222    0.083561    0.119467 ^ hold604/X (sky130_fd_sc_hd__clkbuf_2)
                                                         net603 (net)
                      0.028222    0.000134    0.119601 ^ hold599/A (sky130_fd_sc_hd__clkbuf_2)
     1    0.002824    0.028107    0.084007    0.203607 ^ hold599/X (sky130_fd_sc_hd__clkbuf_2)
                                                         net598 (net)
                      0.028107    0.000205    0.203812 ^ hold605/A (sky130_fd_sc_hd__clkbuf_2)
     1    0.002172    0.025156    0.080972    0.284784 ^ hold605/X (sky130_fd_sc_hd__clkbuf_2)
                                                         net604 (net)
                      0.025156    0.000150    0.284934 ^ input341/A (sky130_fd_sc_hd__buf_2)
     1    0.003646    0.030345    0.086733    0.371667 ^ input341/X (sky130_fd_sc_hd__buf_2)
                                                         net341 (net)
                      0.030345    0.000156    0.371823 ^ hold600/A (sky130_fd_sc_hd__clkbuf_2)
     3    0.014127    0.083978    0.128425    0.500248 ^ hold600/X (sky130_fd_sc_hd__clkbuf_2)
                                                         net599 (net)
                      0.083989    0.001012    0.501260 ^ _1792_/B (sky130_fd_sc_hd__or2_2)
     7    0.037756    0.196564    0.232480    0.733739 ^ _1792_/X (sky130_fd_sc_hd__or2_2)
                                                         _1016_ (net)
                      0.196725    0.004635    0.738375 ^ _1794_/B1 (sky130_fd_sc_hd__a31o_2)
     1    0.002878    0.035754    0.132501    0.870875 ^ _1794_/X (sky130_fd_sc_hd__a31o_2)
                                                         _1018_ (net)
                      0.035764    0.000206    0.871081 ^ _1795_/B2 (sky130_fd_sc_hd__o22a_2)
     1    0.005149    0.041202    0.119038    0.990119 ^ _1795_/X (sky130_fd_sc_hd__o22a_2)
                                                         _1019_ (net)
                      0.041205    0.000390    0.990509 ^ _1796_/B (sky130_fd_sc_hd__nor2_2)
     1    0.002092    0.014407    0.026356    1.016865 v _1796_/Y (sky130_fd_sc_hd__nor2_2)
                                                         _0016_ (net)
                      0.014408    0.000147    1.017013 v _2671_/D (sky130_fd_sc_hd__dfxtp_2)
                                              1.017013   data arrival time

                                  0.000000    0.000000   clock clk (rise edge)
                                  0.000000    0.000000   clock source latency
     1    0.030447    0.142407    0.099408    0.099408 ^ clk (in)
                                                         clk (net)
                      0.142457    0.000000    0.099408 ^ clkbuf_0_clk/A (sky130_fd_sc_hd__clkbuf_16)
    16    0.114557    0.129029    0.225226    0.324634 ^ clkbuf_0_clk/X (sky130_fd_sc_hd__clkbuf_16)
                                                         clknet_0_clk (net)
                      0.130444    0.010695    0.335330 ^ clkbuf_4_14_0_clk/A (sky130_fd_sc_hd__clkbuf_8)
     6    0.024501    0.058124    0.168471    0.503800 ^ clkbuf_4_14_0_clk/X (sky130_fd_sc_hd__clkbuf_8)
                                                         clknet_4_14_0_clk (net)
                      0.058204    0.001828    0.505629 ^ _2671_/CLK (sky130_fd_sc_hd__dfxtp_2)
                                  0.200000    0.705628   clock uncertainty
                                  0.000000    0.705628   clock reconvergence pessimism
                                 -0.030564    0.675064   library hold time
                                              0.675064   data required time
---------------------------------------------------------------------------------------------
                                              0.675064   data required time
                                             -1.017013   data arrival time
---------------------------------------------------------------------------------------------
                                              0.341949   slack (MET)


Startpoint: b_in[1] (input port clocked by clk)
Endpoint: _2639_ (rising edge-triggered flip-flop clocked by clk)
Path Group: clk
Path Type: min

Fanout         Cap        Slew       Delay        Time   Description
---------------------------------------------------------------------------------------------
                                  0.000000    0.000000   clock clk (rise edge)
                                  0.000000    0.000000   clock network delay (propagated)
                                  0.020000    0.020000 ^ input external delay
     1    0.005881    0.033156    0.020768    0.040768 ^ b_in[1] (in)
                                                         b_in[1] (net)
                      0.033158    0.000000    0.040768 ^ hold495/A (sky130_fd_sc_hd__clkbuf_2)
     1    0.008804    0.057374    0.109557    0.150325 ^ hold495/X (sky130_fd_sc_hd__clkbuf_2)
                                                         net494 (net)
                      0.057389    0.000888    0.151213 ^ hold456/A (sky130_fd_sc_hd__clkbuf_2)
     1    0.006910    0.047897    0.110992    0.262205 ^ hold456/X (sky130_fd_sc_hd__clkbuf_2)
                                                         net455 (net)
                      0.047905    0.000607    0.262813 ^ hold496/A (sky130_fd_sc_hd__clkbuf_2)
     1    0.006485    0.045767    0.106008    0.368821 ^ hold496/X (sky130_fd_sc_hd__clkbuf_2)
                                                         net495 (net)
                      0.045772    0.000492    0.369313 ^ input332/A (sky130_fd_sc_hd__buf_2)
     1    0.006615    0.043044    0.105292    0.474605 ^ input332/X (sky130_fd_sc_hd__buf_2)
                                                         net332 (net)
                      0.043051    0.000541    0.475146 ^ hold497/A (sky130_fd_sc_hd__clkbuf_2)
     1    0.004376    0.035470    0.096215    0.571361 ^ hold497/X (sky130_fd_sc_hd__clkbuf_2)
                                                         net496 (net)
                      0.035484    0.000335    0.571696 ^ hold457/A (sky130_fd_sc_hd__clkbuf_2)
     2    0.007861    0.052649    0.106923    0.678619 ^ hold457/X (sky130_fd_sc_hd__clkbuf_2)
                                                         net456 (net)
                      0.052653    0.000514    0.679133 ^ hold498/A (sky130_fd_sc_hd__clkbuf_2)
     2    0.007870    0.052745    0.113128    0.792261 ^ hold498/X (sky130_fd_sc_hd__clkbuf_2)
                                                         net497 (net)
                      0.052746    0.000337    0.792598 ^ _2576_/A2 (sky130_fd_sc_hd__o211a_2)
     1    0.002964    0.041493    0.158173    0.950771 ^ _2576_/X (sky130_fd_sc_hd__o211a_2)
                                                         _0066_ (net)
                      0.041493    0.000139    0.950910 ^ hold458/A (sky130_fd_sc_hd__clkbuf_2)
     1    0.002076    0.024709    0.085328    1.036238 ^ hold458/X (sky130_fd_sc_hd__clkbuf_2)
                                                         net457 (net)
                      0.024709    0.000145    1.036383 ^ _2639_/D (sky130_fd_sc_hd__dfxtp_2)
                                              1.036383   data arrival time

                                  0.000000    0.000000   clock clk (rise edge)
                                  0.000000    0.000000   clock source latency
     1    0.030447    0.142407    0.099408    0.099408 ^ clk (in)
                                                         clk (net)
                      0.142457    0.000000    0.099408 ^ clkbuf_0_clk/A (sky130_fd_sc_hd__clkbuf_16)
    16    0.114557    0.129029    0.225226    0.324634 ^ clkbuf_0_clk/X (sky130_fd_sc_hd__clkbuf_16)
                                                         clknet_0_clk (net)
                      0.129305    0.004907    0.329542 ^ clkbuf_4_10_0_clk/A (sky130_fd_sc_hd__clkbuf_8)
     6    0.034687    0.073891    0.179827    0.509369 ^ clkbuf_4_10_0_clk/X (sky130_fd_sc_hd__clkbuf_8)
                                                         clknet_4_10_0_clk (net)
                      0.074193    0.003300    0.512669 ^ _2639_/CLK (sky130_fd_sc_hd__dfxtp_2)
                                  0.200000    0.712669   clock uncertainty
                                  0.000000    0.712669   clock reconvergence pessimism
                                 -0.023158    0.689510   library hold time
                                              0.689510   data required time
---------------------------------------------------------------------------------------------
                                              0.689510   data required time
                                             -1.036383   data arrival time
---------------------------------------------------------------------------------------------
                                              0.346873   slack (MET)


Startpoint: a_in[2] (input port clocked by clk)
Endpoint: _2624_ (rising edge-triggered flip-flop clocked by clk)
Path Group: clk
Path Type: min

Fanout         Cap        Slew       Delay        Time   Description
---------------------------------------------------------------------------------------------
                                  0.000000    0.000000   clock clk (rise edge)
                                  0.000000    0.000000   clock network delay (propagated)
                                  0.020000    0.020000 ^ input external delay
     1    0.008399    0.044329    0.029085    0.049085 ^ a_in[2] (in)
                                                         a_in[2] (net)
                      0.044339    0.000000    0.049085 ^ hold608/A (sky130_fd_sc_hd__clkbuf_2)
     1    0.012284    0.074508    0.126844    0.175929 ^ hold608/X (sky130_fd_sc_hd__clkbuf_2)
                                                         net607 (net)
                      0.074521    0.000977    0.176906 ^ hold411/A (sky130_fd_sc_hd__clkbuf_2)
     1    0.011538    0.070907    0.134919    0.311825 ^ hold411/X (sky130_fd_sc_hd__clkbuf_2)
                                                         net410 (net)
                      0.070921    0.000994    0.312819 ^ hold609/A (sky130_fd_sc_hd__clkbuf_2)
     1    0.004700    0.037191    0.107532    0.420351 ^ hold609/X (sky130_fd_sc_hd__clkbuf_2)
                                                         net608 (net)
                      0.037194    0.000349    0.420700 ^ input317/A (sky130_fd_sc_hd__buf_2)
     1    0.005234    0.037079    0.097246    0.517946 ^ input317/X (sky130_fd_sc_hd__buf_2)
                                                         net317 (net)
                      0.037083    0.000392    0.518338 ^ hold610/A (sky130_fd_sc_hd__clkbuf_2)
     1    0.005358    0.040248    0.097885    0.616223 ^ hold610/X (sky130_fd_sc_hd__clkbuf_2)
                                                         net609 (net)
                      0.040252    0.000393    0.616616 ^ hold412/A (sky130_fd_sc_hd__clkbuf_2)
     2    0.004565    0.036418    0.096021    0.712637 ^ hold412/X (sky130_fd_sc_hd__clkbuf_2)
                                                         net411 (net)
                      0.036419    0.000204    0.712842 ^ hold611/A (sky130_fd_sc_hd__clkbuf_2)
     1    0.002896    0.028418    0.087261    0.800103 ^ hold611/X (sky130_fd_sc_hd__clkbuf_2)
                                                         net610 (net)
                      0.028420    0.000207    0.800310 ^ _2539_/A2 (sky130_fd_sc_hd__o211a_2)
     1    0.003450    0.044224    0.154126    0.954436 ^ _2539_/X (sky130_fd_sc_hd__o211a_2)
                                                         _0051_ (net)
                      0.044224    0.000226    0.954661 ^ hold413/A (sky130_fd_sc_hd__clkbuf_2)
     1    0.002426    0.026280    0.087902    1.042563 ^ hold413/X (sky130_fd_sc_hd__clkbuf_2)
                                                         net412 (net)
                      0.026286    0.000175    1.042738 ^ _2624_/D (sky130_fd_sc_hd__dfxtp_2)
                                              1.042738   data arrival time

                                  0.000000    0.000000   clock clk (rise edge)
                                  0.000000    0.000000   clock source latency
     1    0.030447    0.142407    0.099408    0.099408 ^ clk (in)
                                                         clk (net)
                      0.142457    0.000000    0.099408 ^ clkbuf_0_clk/A (sky130_fd_sc_hd__clkbuf_16)
    16    0.114557    0.129029    0.225226    0.324634 ^ clkbuf_0_clk/X (sky130_fd_sc_hd__clkbuf_16)
                                                         clknet_0_clk (net)
                      0.129305    0.004907    0.329542 ^ clkbuf_4_10_0_clk/A (sky130_fd_sc_hd__clkbuf_8)
     6    0.034687    0.073891    0.179827    0.509369 ^ clkbuf_4_10_0_clk/X (sky130_fd_sc_hd__clkbuf_8)
                                                         clknet_4_10_0_clk (net)
                      0.074175    0.003174    0.512543 ^ _2624_/CLK (sky130_fd_sc_hd__dfxtp_2)
                                  0.200000    0.712543   clock uncertainty
                                  0.000000    0.712543   clock reconvergence pessimism
                                 -0.023486    0.689057   library hold time
                                              0.689057   data required time
---------------------------------------------------------------------------------------------
                                              0.689057   data required time
                                             -1.042738   data arrival time
---------------------------------------------------------------------------------------------
                                              0.353681   slack (MET)


Startpoint: clear_acc (input port clocked by clk)
Endpoint: _2677_ (rising edge-triggered flip-flop clocked by clk)
Path Group: clk
Path Type: min

Fanout         Cap        Slew       Delay        Time   Description
---------------------------------------------------------------------------------------------
                                  0.000000    0.000000   clock clk (rise edge)
                                  0.000000    0.000000   clock network delay (propagated)
                                  0.020000    0.020000 ^ input external delay
     1    0.004379    0.026592    0.015906    0.035906 ^ clear_acc (in)
                                                         clear_acc (net)
                      0.026594    0.000000    0.035906 ^ hold604/A (sky130_fd_sc_hd__clkbuf_2)
     1    0.002848    0.028222    0.083561    0.119467 ^ hold604/X (sky130_fd_sc_hd__clkbuf_2)
                                                         net603 (net)
                      0.028222    0.000134    0.119601 ^ hold599/A (sky130_fd_sc_hd__clkbuf_2)
     1    0.002824    0.028107    0.084007    0.203607 ^ hold599/X (sky130_fd_sc_hd__clkbuf_2)
                                                         net598 (net)
                      0.028107    0.000205    0.203812 ^ hold605/A (sky130_fd_sc_hd__clkbuf_2)
     1    0.002172    0.025156    0.080972    0.284784 ^ hold605/X (sky130_fd_sc_hd__clkbuf_2)
                                                         net604 (net)
                      0.025156    0.000150    0.284934 ^ input341/A (sky130_fd_sc_hd__buf_2)
     1    0.003646    0.030345    0.086733    0.371667 ^ input341/X (sky130_fd_sc_hd__buf_2)
                                                         net341 (net)
                      0.030345    0.000156    0.371823 ^ hold600/A (sky130_fd_sc_hd__clkbuf_2)
     3    0.014127    0.083978    0.128425    0.500248 ^ hold600/X (sky130_fd_sc_hd__clkbuf_2)
                                                         net599 (net)
                      0.084033    0.001101    0.501349 ^ _1370_/B (sky130_fd_sc_hd__nor2_2)
     2    0.007662    0.032019    0.048982    0.550331 v _1370_/Y (sky130_fd_sc_hd__nor2_2)
                                                         _0595_ (net)
                      0.032019    0.000096    0.550427 v place239/A (sky130_fd_sc_hd__buf_1)
     6    0.031257    0.183003    0.202218    0.752645 v place239/X (sky130_fd_sc_hd__buf_1)
                                                         net239 (net)
                      0.183005    0.000402    0.753047 v _2077_/B1 (sky130_fd_sc_hd__o21ai_2)
     1    0.002955    0.068999    0.096262    0.849310 ^ _2077_/Y (sky130_fd_sc_hd__o21ai_2)
                                                         _1295_ (net)
                      0.068999    0.000209    0.849518 ^ _2078_/B2 (sky130_fd_sc_hd__o2bb2a_2)
     1    0.005378    0.048814    0.162744    1.012263 ^ _2078_/X (sky130_fd_sc_hd__o2bb2a_2)
                                                         _1296_ (net)
                      0.048818    0.000408    1.012670 ^ _2079_/B (sky130_fd_sc_hd__nor2_2)
     1    0.002628    0.016798    0.029729    1.042400 v _2079_/Y (sky130_fd_sc_hd__nor2_2)
                                                         _0022_ (net)
                      0.016799    0.000172    1.042571 v _2677_/D (sky130_fd_sc_hd__dfxtp_2)
                                              1.042571   data arrival time

                                  0.000000    0.000000   clock clk (rise edge)
                                  0.000000    0.000000   clock source latency
     1    0.030447    0.142407    0.099408    0.099408 ^ clk (in)
                                                         clk (net)
                      0.142457    0.000000    0.099408 ^ clkbuf_0_clk/A (sky130_fd_sc_hd__clkbuf_16)
    16    0.114557    0.129029    0.225226    0.324634 ^ clkbuf_0_clk/X (sky130_fd_sc_hd__clkbuf_16)
                                                         clknet_0_clk (net)
                      0.129285    0.004734    0.329369 ^ clkbuf_4_11_0_clk/A (sky130_fd_sc_hd__clkbuf_8)
     7    0.038095    0.079262    0.184183    0.513552 ^ clkbuf_4_11_0_clk/X (sky130_fd_sc_hd__clkbuf_8)
                                                         clknet_4_11_0_clk (net)
                      0.079302    0.001703    0.515255 ^ _2677_/CLK (sky130_fd_sc_hd__dfxtp_2)
                                  0.200000    0.715255   clock uncertainty
                                  0.000000    0.715255   clock reconvergence pessimism
                                 -0.026842    0.688414   library hold time
                                              0.688414   data required time
---------------------------------------------------------------------------------------------
                                              0.688414   data required time
                                             -1.042571   data arrival time
---------------------------------------------------------------------------------------------
                                              0.354158   slack (MET)


Startpoint: clear_acc (input port clocked by clk)
Endpoint: _2685_ (rising edge-triggered flip-flop clocked by clk)
Path Group: clk
Path Type: min

Fanout         Cap        Slew       Delay        Time   Description
---------------------------------------------------------------------------------------------
                                  0.000000    0.000000   clock clk (rise edge)
                                  0.000000    0.000000   clock network delay (propagated)
                                  0.020000    0.020000 ^ input external delay
     1    0.004379    0.026592    0.015906    0.035906 ^ clear_acc (in)
                                                         clear_acc (net)
                      0.026594    0.000000    0.035906 ^ hold604/A (sky130_fd_sc_hd__clkbuf_2)
     1    0.002848    0.028222    0.083561    0.119467 ^ hold604/X (sky130_fd_sc_hd__clkbuf_2)
                                                         net603 (net)
                      0.028222    0.000134    0.119601 ^ hold599/A (sky130_fd_sc_hd__clkbuf_2)
     1    0.002824    0.028107    0.084007    0.203607 ^ hold599/X (sky130_fd_sc_hd__clkbuf_2)
                                                         net598 (net)
                      0.028107    0.000205    0.203812 ^ hold605/A (sky130_fd_sc_hd__clkbuf_2)
     1    0.002172    0.025156    0.080972    0.284784 ^ hold605/X (sky130_fd_sc_hd__clkbuf_2)
                                                         net604 (net)
                      0.025156    0.000150    0.284934 ^ input341/A (sky130_fd_sc_hd__buf_2)
     1    0.003646    0.030345    0.086733    0.371667 ^ input341/X (sky130_fd_sc_hd__buf_2)
                                                         net341 (net)
                      0.030345    0.000156    0.371823 ^ hold600/A (sky130_fd_sc_hd__clkbuf_2)
     3    0.014127    0.083978    0.128425    0.500248 ^ hold600/X (sky130_fd_sc_hd__clkbuf_2)
                                                         net599 (net)
                      0.084033    0.001101    0.501349 ^ _1370_/B (sky130_fd_sc_hd__nor2_2)
     2    0.007662    0.032019    0.048982    0.550331 v _1370_/Y (sky130_fd_sc_hd__nor2_2)
                                                         _0595_ (net)
                      0.032042    0.000432    0.550763 v hold601/A (sky130_fd_sc_hd__clkbuf_2)
     4    0.026631    0.105706    0.160904    0.711668 v hold601/X (sky130_fd_sc_hd__clkbuf_2)
                                                         net600 (net)
                      0.105763    0.002246    0.713914 v _2319_/C1 (sky130_fd_sc_hd__o311a_2)
     1    0.002799    0.023295    0.136630    0.850544 v _2319_/X (sky130_fd_sc_hd__o311a_2)
                                                         _0312_ (net)
                      0.023295    0.000208    0.850752 v _2320_/A2 (sky130_fd_sc_hd__o21a_2)
     1    0.002231    0.024954    0.175146    1.025898 v _2320_/X (sky130_fd_sc_hd__o21a_2)
                                                         _0030_ (net)
                      0.024954    0.000159    1.026057 v _2685_/D (sky130_fd_sc_hd__dfxtp_2)
                                              1.026057   data arrival time

                                  0.000000    0.000000   clock clk (rise edge)
                                  0.000000    0.000000   clock source latency
     1    0.030447    0.142407    0.099408    0.099408 ^ clk (in)
                                                         clk (net)
                      0.142457    0.000000    0.099408 ^ clkbuf_0_clk/A (sky130_fd_sc_hd__clkbuf_16)
    16    0.114557    0.129029    0.225226    0.324634 ^ clkbuf_0_clk/X (sky130_fd_sc_hd__clkbuf_16)
                                                         clknet_0_clk (net)
                      0.129741    0.007685    0.332319 ^ clkbuf_4_9_0_clk/A (sky130_fd_sc_hd__clkbuf_8)
     6    0.026729    0.061500    0.170589    0.502908 ^ clkbuf_4_9_0_clk/X (sky130_fd_sc_hd__clkbuf_8)
                                                         clknet_4_9_0_clk (net)
                      0.061778    0.002907    0.505815 ^ _2685_/CLK (sky130_fd_sc_hd__dfxtp_2)
                                  0.200000    0.705815   clock uncertainty
                                  0.000000    0.705815   clock reconvergence pessimism
                                 -0.034092    0.671723   library hold time
                                              0.671723   data required time
---------------------------------------------------------------------------------------------
                                              0.671723   data required time
                                             -1.026057   data arrival time
---------------------------------------------------------------------------------------------
                                              0.354334   slack (MET)


Startpoint: _2669_ (rising edge-triggered flip-flop clocked by clk)
Endpoint: _2669_ (rising edge-triggered flip-flop clocked by clk)
Path Group: clk
Path Type: min

Fanout         Cap        Slew       Delay        Time   Description
---------------------------------------------------------------------------------------------
                                  0.000000    0.000000   clock clk (rise edge)
                                  0.000000    0.000000   clock source latency
     1    0.030447    0.142407    0.099408    0.099408 ^ clk (in)
                                                         clk (net)
                      0.142457    0.000000    0.099408 ^ clkbuf_0_clk/A (sky130_fd_sc_hd__clkbuf_16)
    16    0.114557    0.129029    0.225226    0.324634 ^ clkbuf_0_clk/X (sky130_fd_sc_hd__clkbuf_16)
                                                         clknet_0_clk (net)
                      0.131813    0.014975    0.339609 ^ clkbuf_4_7_0_clk/A (sky130_fd_sc_hd__clkbuf_8)
     6    0.021093    0.052962    0.164968    0.504577 ^ clkbuf_4_7_0_clk/X (sky130_fd_sc_hd__clkbuf_8)
                                                         clknet_4_7_0_clk (net)
                      0.052973    0.000706    0.505283 ^ _2669_/CLK (sky130_fd_sc_hd__dfxtp_2)
     2    0.015832    0.088375    0.355279    0.860562 ^ _2669_/Q (sky130_fd_sc_hd__dfxtp_2)
                                                         r2_mantissa[14] (net)
                      0.088377    0.000569    0.861131 ^ _1368_/A1 (sky130_fd_sc_hd__o211a_2)
     1    0.002388    0.039086    0.173595    1.034725 ^ _1368_/X (sky130_fd_sc_hd__o211a_2)
                                                         _0014_ (net)
                      0.039086    0.000157    1.034883 ^ _2669_/D (sky130_fd_sc_hd__dfxtp_2)
                                              1.034883   data arrival time

                                  0.000000    0.000000   clock clk (rise edge)
                                  0.000000    0.000000   clock source latency
     1    0.030447    0.142407    0.099408    0.099408 ^ clk (in)
                                                         clk (net)
                      0.142457    0.000000    0.099408 ^ clkbuf_0_clk/A (sky130_fd_sc_hd__clkbuf_16)
    16    0.114557    0.129029    0.225226    0.324634 ^ clkbuf_0_clk/X (sky130_fd_sc_hd__clkbuf_16)
                                                         clknet_0_clk (net)
                      0.131813    0.014975    0.339609 ^ clkbuf_4_7_0_clk/A (sky130_fd_sc_hd__clkbuf_8)
     6    0.021093    0.052962    0.164968    0.504577 ^ clkbuf_4_7_0_clk/X (sky130_fd_sc_hd__clkbuf_8)
                                                         clknet_4_7_0_clk (net)
                      0.052973    0.000706    0.505283 ^ _2669_/CLK (sky130_fd_sc_hd__dfxtp_2)
                                  0.200000    0.705283   clock uncertainty
                                  0.000000    0.705283   clock reconvergence pessimism
                                 -0.028916    0.676367   library hold time
                                              0.676367   data required time
---------------------------------------------------------------------------------------------
                                              0.676367   data required time
                                             -1.034883   data arrival time
---------------------------------------------------------------------------------------------
                                              0.358516   slack (MET)


Startpoint: b_in[1] (input port clocked by clk)
Endpoint: _2656_ (rising edge-triggered flip-flop clocked by clk)
Path Group: clk
Path Type: min

Fanout         Cap        Slew       Delay        Time   Description
---------------------------------------------------------------------------------------------
                                  0.000000    0.000000   clock clk (rise edge)
                                  0.000000    0.000000   clock network delay (propagated)
                                  0.020000    0.020000 ^ input external delay
     1    0.005881    0.033156    0.020768    0.040768 ^ b_in[1] (in)
                                                         b_in[1] (net)
                      0.033158    0.000000    0.040768 ^ hold495/A (sky130_fd_sc_hd__clkbuf_2)
     1    0.008804    0.057374    0.109557    0.150325 ^ hold495/X (sky130_fd_sc_hd__clkbuf_2)
                                                         net494 (net)
                      0.057389    0.000888    0.151213 ^ hold456/A (sky130_fd_sc_hd__clkbuf_2)
     1    0.006910    0.047897    0.110992    0.262205 ^ hold456/X (sky130_fd_sc_hd__clkbuf_2)
                                                         net455 (net)
                      0.047905    0.000607    0.262813 ^ hold496/A (sky130_fd_sc_hd__clkbuf_2)
     1    0.006485    0.045767    0.106008    0.368821 ^ hold496/X (sky130_fd_sc_hd__clkbuf_2)
                                                         net495 (net)
                      0.045772    0.000492    0.369313 ^ input332/A (sky130_fd_sc_hd__buf_2)
     1    0.006615    0.043044    0.105292    0.474605 ^ input332/X (sky130_fd_sc_hd__buf_2)
                                                         net332 (net)
                      0.043051    0.000541    0.475146 ^ hold497/A (sky130_fd_sc_hd__clkbuf_2)
     1    0.004376    0.035470    0.096215    0.571361 ^ hold497/X (sky130_fd_sc_hd__clkbuf_2)
                                                         net496 (net)
                      0.035484    0.000335    0.571696 ^ hold457/A (sky130_fd_sc_hd__clkbuf_2)
     2    0.007861    0.052649    0.106923    0.678619 ^ hold457/X (sky130_fd_sc_hd__clkbuf_2)
                                                         net456 (net)
                      0.052653    0.000514    0.679133 ^ hold498/A (sky130_fd_sc_hd__clkbuf_2)
     2    0.007870    0.052745    0.113128    0.792261 ^ hold498/X (sky130_fd_sc_hd__clkbuf_2)
                                                         net497 (net)
                      0.052745    0.000213    0.792473 ^ _2615_/A1 (sky130_fd_sc_hd__o211a_2)
     1    0.003568    0.045245    0.172673    0.965146 ^ _2615_/X (sky130_fd_sc_hd__o211a_2)
                                                         _0083_ (net)
                      0.045245    0.000246    0.965392 ^ hold499/A (sky130_fd_sc_hd__clkbuf_2)
     1    0.002533    0.026772    0.088769    1.054161 ^ hold499/X (sky130_fd_sc_hd__clkbuf_2)
                                                         net498 (net)
                      0.026772    0.000167    1.054329 ^ _2656_/D (sky130_fd_sc_hd__dfxtp_2)
                                              1.054329   data arrival time

                                  0.000000    0.000000   clock clk (rise edge)
                                  0.000000    0.000000   clock source latency
     1    0.030447    0.142407    0.099408    0.099408 ^ clk (in)
                                                         clk (net)
                      0.142457    0.000000    0.099408 ^ clkbuf_0_clk/A (sky130_fd_sc_hd__clkbuf_16)
    16    0.114557    0.129029    0.225226    0.324634 ^ clkbuf_0_clk/X (sky130_fd_sc_hd__clkbuf_16)
                                                         clknet_0_clk (net)
                      0.129305    0.004907    0.329542 ^ clkbuf_4_10_0_clk/A (sky130_fd_sc_hd__clkbuf_8)
     6    0.034687    0.073891    0.179827    0.509369 ^ clkbuf_4_10_0_clk/X (sky130_fd_sc_hd__clkbuf_8)
                                                         clknet_4_10_0_clk (net)
                      0.074226    0.003523    0.512891 ^ _2656_/CLK (sky130_fd_sc_hd__dfxtp_2)
                                  0.200000    0.712891   clock uncertainty
                                  0.000000    0.712891   clock reconvergence pessimism
                                 -0.023580    0.689311   library hold time
                                              0.689311   data required time
---------------------------------------------------------------------------------------------
                                              0.689311   data required time
                                             -1.054329   data arrival time
---------------------------------------------------------------------------------------------
                                              0.365017   slack (MET)


Startpoint: a_in[8] (input port clocked by clk)
Endpoint: _2630_ (rising edge-triggered flip-flop clocked by clk)
Path Group: clk
Path Type: min

Fanout         Cap        Slew       Delay        Time   Description
---------------------------------------------------------------------------------------------
                                  0.000000    0.000000   clock clk (rise edge)
                                  0.000000    0.000000   clock network delay (propagated)
                                  0.020000    0.020000 ^ input external delay
     1    0.014213    0.069772    0.047947    0.067947 ^ a_in[8] (in)
                                                         a_in[8] (net)
                      0.069796    0.000000    0.067947 ^ hold664/A (sky130_fd_sc_hd__clkbuf_2)
     1    0.004948    0.038390    0.108132    0.176079 ^ hold664/X (sky130_fd_sc_hd__clkbuf_2)
                                                         net663 (net)
                      0.038391    0.000221    0.176301 ^ hold468/A (sky130_fd_sc_hd__clkbuf_2)
     1    0.012678    0.076494    0.125933    0.302233 ^ hold468/X (sky130_fd_sc_hd__clkbuf_2)
                                                         net467 (net)
                      0.076522    0.001362    0.303595 ^ hold665/A (sky130_fd_sc_hd__clkbuf_2)
     1    0.003437    0.031208    0.104206    0.407801 ^ hold665/X (sky130_fd_sc_hd__clkbuf_2)
                                                         net664 (net)
                      0.031210    0.000258    0.408059 ^ input323/A (sky130_fd_sc_hd__buf_2)
     1    0.004449    0.033784    0.092275    0.500335 ^ input323/X (sky130_fd_sc_hd__buf_2)
                                                         net323 (net)
                      0.033785    0.000287    0.500622 ^ hold666/A (sky130_fd_sc_hd__clkbuf_2)
     1    0.002867    0.028298    0.086215    0.586837 ^ hold666/X (sky130_fd_sc_hd__clkbuf_2)
                                                         net665 (net)
                      0.028298    0.000135    0.586972 ^ hold469/A (sky130_fd_sc_hd__clkbuf_2)
     2    0.009942    0.063242    0.112328    0.699301 ^ hold469/X (sky130_fd_sc_hd__clkbuf_2)
                                                         net468 (net)
                      0.063246    0.000596    0.699897 ^ hold667/A (sky130_fd_sc_hd__clkbuf_2)
     1    0.006170    0.044280    0.110355    0.810251 ^ hold667/X (sky130_fd_sc_hd__clkbuf_2)
                                                         net666 (net)
                      0.044285    0.000459    0.810710 ^ _2552_/A2 (sky130_fd_sc_hd__o211a_2)
     1    0.003648    0.045271    0.159916    0.970626 ^ _2552_/X (sky130_fd_sc_hd__o211a_2)
                                                         _0057_ (net)
                      0.045283    0.000245    0.970871 ^ hold470/A (sky130_fd_sc_hd__clkbuf_2)
     1    0.002497    0.026606    0.088615    1.059486 ^ hold470/X (sky130_fd_sc_hd__clkbuf_2)
                                                         net469 (net)
                      0.026607    0.000163    1.059650 ^ _2630_/D (sky130_fd_sc_hd__dfxtp_2)
                                              1.059650   data arrival time

                                  0.000000    0.000000   clock clk (rise edge)
                                  0.000000    0.000000   clock source latency
     1    0.030447    0.142407    0.099408    0.099408 ^ clk (in)
                                                         clk (net)
                      0.142457    0.000000    0.099408 ^ clkbuf_0_clk/A (sky130_fd_sc_hd__clkbuf_16)
    16    0.114557    0.129029    0.225226    0.324634 ^ clkbuf_0_clk/X (sky130_fd_sc_hd__clkbuf_16)
                                                         clknet_0_clk (net)
                      0.131866    0.015119    0.339753 ^ clkbuf_4_5_0_clk/A (sky130_fd_sc_hd__clkbuf_8)
     6    0.023397    0.056370    0.167671    0.507424 ^ clkbuf_4_5_0_clk/X (sky130_fd_sc_hd__clkbuf_8)
                                                         clknet_4_5_0_clk (net)
                      0.056419    0.001431    0.508855 ^ _2630_/CLK (sky130_fd_sc_hd__dfxtp_2)
                                  0.200000    0.708855   clock uncertainty
                                  0.000000    0.708855   clock reconvergence pessimism
                                 -0.025882    0.682973   library hold time
                                              0.682973   data required time
---------------------------------------------------------------------------------------------
                                              0.682973   data required time
                                             -1.059650   data arrival time
---------------------------------------------------------------------------------------------
                                              0.376676   slack (MET)


Startpoint: a_in[10] (input port clocked by clk)
Endpoint: _2632_ (rising edge-triggered flip-flop clocked by clk)
Path Group: clk
Path Type: min

Fanout         Cap        Slew       Delay        Time   Description
---------------------------------------------------------------------------------------------
                                  0.000000    0.000000   clock clk (rise edge)
                                  0.000000    0.000000   clock network delay (propagated)
                                  0.020000    0.020000 ^ input external delay
     1    0.013319    0.065956    0.044945    0.064945 ^ a_in[10] (in)
                                                         a_in[10] (net)
                      0.065963    0.000000    0.064945 ^ hold668/A (sky130_fd_sc_hd__clkbuf_2)
     1    0.004698    0.037151    0.105777    0.170723 ^ hold668/X (sky130_fd_sc_hd__clkbuf_2)
                                                         net667 (net)
                      0.037152    0.000200    0.170922 ^ hold505/A (sky130_fd_sc_hd__clkbuf_2)
     1    0.011305    0.069803    0.120589    0.291511 ^ hold505/X (sky130_fd_sc_hd__clkbuf_2)
                                                         net504 (net)
                      0.069814    0.000873    0.292384 ^ hold669/A (sky130_fd_sc_hd__clkbuf_2)
     1    0.002918    0.028697    0.099399    0.391784 ^ hold669/X (sky130_fd_sc_hd__clkbuf_2)
                                                         net668 (net)
                      0.028697    0.000209    0.391993 ^ input310/A (sky130_fd_sc_hd__buf_2)
     1    0.003357    0.029094    0.086828    0.478821 ^ input310/X (sky130_fd_sc_hd__buf_2)
                                                         net310 (net)
                      0.029095    0.000138    0.478959 ^ hold670/A (sky130_fd_sc_hd__clkbuf_2)
     1    0.004713    0.037158    0.092627    0.571586 ^ hold670/X (sky130_fd_sc_hd__clkbuf_2)
                                                         net669 (net)
                      0.037158    0.000206    0.571792 ^ hold506/A (sky130_fd_sc_hd__clkbuf_2)
     2    0.007636    0.051588    0.106695    0.678487 ^ hold506/X (sky130_fd_sc_hd__clkbuf_2)
                                                         net505 (net)
                      0.051588    0.000236    0.678723 ^ hold671/A (sky130_fd_sc_hd__clkbuf_2)
     1    0.004627    0.036666    0.100223    0.778946 ^ hold671/X (sky130_fd_sc_hd__clkbuf_2)
                                                         net670 (net)
                      0.036668    0.000314    0.779260 ^ _2556_/A2 (sky130_fd_sc_hd__o211a_2)
     1    0.005133    0.052734    0.165365    0.944625 ^ _2556_/X (sky130_fd_sc_hd__o211a_2)
                                                         _0059_ (net)
                      0.052735    0.000373    0.944998 ^ hold507/A (sky130_fd_sc_hd__clkbuf_2)
     1    0.007086    0.048755    0.110023    1.055021 ^ hold507/X (sky130_fd_sc_hd__clkbuf_2)
                                                         net506 (net)
                      0.048761    0.000536    1.055557 ^ _2632_/D (sky130_fd_sc_hd__dfxtp_2)
                                              1.055557   data arrival time

                                  0.000000    0.000000   clock clk (rise edge)
                                  0.000000    0.000000   clock source latency
     1    0.030447    0.142407    0.099408    0.099408 ^ clk (in)
                                                         clk (net)
                      0.142457    0.000000    0.099408 ^ clkbuf_0_clk/A (sky130_fd_sc_hd__clkbuf_16)
    16    0.114557    0.129029    0.225226    0.324634 ^ clkbuf_0_clk/X (sky130_fd_sc_hd__clkbuf_16)
                                                         clknet_0_clk (net)
                      0.131866    0.015119    0.339753 ^ clkbuf_4_5_0_clk/A (sky130_fd_sc_hd__clkbuf_8)
     6    0.023397    0.056370    0.167671    0.507424 ^ clkbuf_4_5_0_clk/X (sky130_fd_sc_hd__clkbuf_8)
                                                         clknet_4_5_0_clk (net)
                      0.056423    0.001483    0.508907 ^ _2632_/CLK (sky130_fd_sc_hd__dfxtp_2)
                                  0.200000    0.708907   clock uncertainty
                                  0.000000    0.708907   clock reconvergence pessimism
                                 -0.030463    0.678444   library hold time
                                              0.678444   data required time
---------------------------------------------------------------------------------------------
                                              0.678444   data required time
                                             -1.055557   data arrival time
---------------------------------------------------------------------------------------------
                                              0.377113   slack (MET)


Startpoint: enable (input port clocked by clk)
Endpoint: _2686_ (rising edge-triggered flip-flop clocked by clk)
Path Group: clk
Path Type: min

Fanout         Cap        Slew       Delay        Time   Description
---------------------------------------------------------------------------------------------
                                  0.000000    0.000000   clock clk (rise edge)
                                  0.000000    0.000000   clock network delay (propagated)
                                  0.020000    0.020000 ^ input external delay
     1    0.004406    0.026711    0.016007    0.036007 ^ enable (in)
                                                         enable (net)
                      0.026713    0.000000    0.036007 ^ hold606/A (sky130_fd_sc_hd__clkbuf_2)
     1    0.002696    0.027531    0.082880    0.118886 ^ hold606/X (sky130_fd_sc_hd__clkbuf_2)
                                                         net605 (net)
                      0.027532    0.000196    0.119082 ^ hold595/A (sky130_fd_sc_hd__clkbuf_2)
     1    0.002458    0.026455    0.082097    0.201179 ^ hold595/X (sky130_fd_sc_hd__clkbuf_2)
                                                         net594 (net)
                      0.026455    0.000113    0.201292 ^ hold607/A (sky130_fd_sc_hd__clkbuf_2)
     1    0.002341    0.025927    0.081174    0.282466 ^ hold607/X (sky130_fd_sc_hd__clkbuf_2)
                                                         net606 (net)
                      0.025927    0.000107    0.282574 ^ input343/A (sky130_fd_sc_hd__buf_2)
     2    0.023977    0.121993    0.155570    0.438144 ^ input343/X (sky130_fd_sc_hd__buf_2)
                                                         net343 (net)
                      0.122109    0.003071    0.441215 ^ hold596/A (sky130_fd_sc_hd__clkbuf_2)
     3    0.031505    0.175035    0.223184    0.664399 ^ hold596/X (sky130_fd_sc_hd__clkbuf_2)
                                                         net595 (net)
                      0.175202    0.004428    0.668826 ^ _2325_/B2 (sky130_fd_sc_hd__o32a_2)
     1    0.002540    0.030714    0.155210    0.824036 ^ _2325_/X (sky130_fd_sc_hd__o32a_2)
                                                         _0317_ (net)
                      0.030714    0.000186    0.824222 ^ hold597/A (sky130_fd_sc_hd__clkbuf_2)
     1    0.005202    0.039494    0.094995    0.919217 ^ hold597/X (sky130_fd_sc_hd__clkbuf_2)
                                                         net596 (net)
                      0.039498    0.000389    0.919606 ^ _2326_/B (sky130_fd_sc_hd__nor2_2)
     1    0.009134    0.026622    0.039408    0.959014 v _2326_/Y (sky130_fd_sc_hd__nor2_2)
                                                         _0031_ (net)
                      0.026656    0.000747    0.959761 v hold598/A (sky130_fd_sc_hd__clkbuf_2)
     1    0.006338    0.035044    0.101212    1.060973 v hold598/X (sky130_fd_sc_hd__clkbuf_2)
                                                         net597 (net)
                      0.035052    0.000519    1.061492 v _2686_/D (sky130_fd_sc_hd__dfxtp_2)
                                              1.061492   data arrival time

                                  0.000000    0.000000   clock clk (rise edge)
                                  0.000000    0.000000   clock source latency
     1    0.030447    0.142407    0.099408    0.099408 ^ clk (in)
                                                         clk (net)
                      0.142457    0.000000    0.099408 ^ clkbuf_0_clk/A (sky130_fd_sc_hd__clkbuf_16)
    16    0.114557    0.129029    0.225226    0.324634 ^ clkbuf_0_clk/X (sky130_fd_sc_hd__clkbuf_16)
                                                         clknet_0_clk (net)
                      0.129285    0.004734    0.329369 ^ clkbuf_4_11_0_clk/A (sky130_fd_sc_hd__clkbuf_8)
     7    0.038095    0.079262    0.184183    0.513552 ^ clkbuf_4_11_0_clk/X (sky130_fd_sc_hd__clkbuf_8)
                                                         clknet_4_11_0_clk (net)
                      0.079311    0.001850    0.515402 ^ _2686_/CLK (sky130_fd_sc_hd__dfxtp_2)
                                  0.200000    0.715402   clock uncertainty
                                  0.000000    0.715402   clock reconvergence pessimism
                                 -0.034326    0.681075   library hold time
                                              0.681075   data required time
---------------------------------------------------------------------------------------------
                                              0.681075   data required time
                                             -1.061492   data arrival time
---------------------------------------------------------------------------------------------
                                              0.380417   slack (MET)


Startpoint: clear_acc (input port clocked by clk)
Endpoint: _2676_ (rising edge-triggered flip-flop clocked by clk)
Path Group: clk
Path Type: min

Fanout         Cap        Slew       Delay        Time   Description
---------------------------------------------------------------------------------------------
                                  0.000000    0.000000   clock clk (rise edge)
                                  0.000000    0.000000   clock network delay (propagated)
                                  0.020000    0.020000 ^ input external delay
     1    0.004379    0.026592    0.015906    0.035906 ^ clear_acc (in)
                                                         clear_acc (net)
                      0.026594    0.000000    0.035906 ^ hold604/A (sky130_fd_sc_hd__clkbuf_2)
     1    0.002848    0.028222    0.083561    0.119467 ^ hold604/X (sky130_fd_sc_hd__clkbuf_2)
                                                         net603 (net)
                      0.028222    0.000134    0.119601 ^ hold599/A (sky130_fd_sc_hd__clkbuf_2)
     1    0.002824    0.028107    0.084007    0.203607 ^ hold599/X (sky130_fd_sc_hd__clkbuf_2)
                                                         net598 (net)
                      0.028107    0.000205    0.203812 ^ hold605/A (sky130_fd_sc_hd__clkbuf_2)
     1    0.002172    0.025156    0.080972    0.284784 ^ hold605/X (sky130_fd_sc_hd__clkbuf_2)
                                                         net604 (net)
                      0.025156    0.000150    0.284934 ^ input341/A (sky130_fd_sc_hd__buf_2)
     1    0.003646    0.030345    0.086733    0.371667 ^ input341/X (sky130_fd_sc_hd__buf_2)
                                                         net341 (net)
                      0.030345    0.000156    0.371823 ^ hold600/A (sky130_fd_sc_hd__clkbuf_2)
     3    0.014127    0.083978    0.128425    0.500248 ^ hold600/X (sky130_fd_sc_hd__clkbuf_2)
                                                         net599 (net)
                      0.083989    0.001012    0.501260 ^ _1792_/B (sky130_fd_sc_hd__or2_2)
     7    0.037756    0.196564    0.232480    0.733739 ^ _1792_/X (sky130_fd_sc_hd__or2_2)
                                                         _1016_ (net)
                      0.196656    0.003529    0.737269 ^ _2037_/B1 (sky130_fd_sc_hd__a31o_2)
     1    0.002608    0.034677    0.131040    0.868308 ^ _2037_/X (sky130_fd_sc_hd__a31o_2)
                                                         _1256_ (net)
                      0.034677    0.000183    0.868492 ^ _2038_/B2 (sky130_fd_sc_hd__o2bb2a_2)
     1    0.005084    0.047545    0.150961    1.019453 ^ _2038_/X (sky130_fd_sc_hd__o2bb2a_2)
                                                         _1257_ (net)
                      0.047546    0.000381    1.019834 ^ _2039_/B (sky130_fd_sc_hd__nor2_2)
     1    0.003687    0.018408    0.031893    1.051727 v _2039_/Y (sky130_fd_sc_hd__nor2_2)
                                                         _0021_ (net)
                      0.018409    0.000219    1.051946 v _2676_/D (sky130_fd_sc_hd__dfxtp_2)
                                              1.051946   data arrival time

                                  0.000000    0.000000   clock clk (rise edge)
                                  0.000000    0.000000   clock source latency
     1    0.030447    0.142407    0.099408    0.099408 ^ clk (in)
                                                         clk (net)
                      0.142457    0.000000    0.099408 ^ clkbuf_0_clk/A (sky130_fd_sc_hd__clkbuf_16)
    16    0.114557    0.129029    0.225226    0.324634 ^ clkbuf_0_clk/X (sky130_fd_sc_hd__clkbuf_16)
                                                         clknet_0_clk (net)
                      0.130271    0.010037    0.334672 ^ clkbuf_4_12_0_clk/A (sky130_fd_sc_hd__clkbuf_8)
     6    0.023815    0.056980    0.167723    0.502394 ^ clkbuf_4_12_0_clk/X (sky130_fd_sc_hd__clkbuf_8)
                                                         clknet_4_12_0_clk (net)
                      0.057017    0.001252    0.503646 ^ _2676_/CLK (sky130_fd_sc_hd__dfxtp_2)
                                  0.200000    0.703646   clock uncertainty
                                  0.000000    0.703646   clock reconvergence pessimism
                                 -0.032469    0.671177   library hold time
                                              0.671177   data required time
---------------------------------------------------------------------------------------------
                                              0.671177   data required time
                                             -1.051946   data arrival time
---------------------------------------------------------------------------------------------
                                              0.380769   slack (MET)


Startpoint: b_in[2] (input port clocked by clk)
Endpoint: _2657_ (rising edge-triggered flip-flop clocked by clk)
Path Group: clk
Path Type: min

Fanout         Cap        Slew       Delay        Time   Description
---------------------------------------------------------------------------------------------
                                  0.000000    0.000000   clock clk (rise edge)
                                  0.000000    0.000000   clock network delay (propagated)
                                  0.020000    0.020000 ^ input external delay
     1    0.010442    0.053404    0.035570    0.055570 ^ b_in[2] (in)
                                                         b_in[2] (net)
                      0.053407    0.000000    0.055570 ^ hold500/A (sky130_fd_sc_hd__clkbuf_2)
     1    0.002564    0.026902    0.091836    0.147406 ^ hold500/X (sky130_fd_sc_hd__clkbuf_2)
                                                         net499 (net)
                      0.026902    0.000120    0.147526 ^ hold489/A (sky130_fd_sc_hd__clkbuf_2)
     1    0.003009    0.028961    0.084409    0.231935 ^ hold489/X (sky130_fd_sc_hd__clkbuf_2)
                                                         net488 (net)
                      0.028961    0.000145    0.232080 ^ hold501/A (sky130_fd_sc_hd__clkbuf_2)
     1    0.004849    0.037789    0.093027    0.325108 ^ hold501/X (sky130_fd_sc_hd__clkbuf_2)
                                                         net500 (net)
                      0.037793    0.000383    0.325491 ^ input333/A (sky130_fd_sc_hd__buf_2)
     1    0.005292    0.037328    0.097690    0.423181 ^ input333/X (sky130_fd_sc_hd__buf_2)
                                                         net333 (net)
                      0.037332    0.000371    0.423552 ^ hold502/A (sky130_fd_sc_hd__clkbuf_2)
     1    0.011863    0.072340    0.122751    0.546303 ^ hold502/X (sky130_fd_sc_hd__clkbuf_2)
                                                         net501 (net)
                      0.072356    0.001035    0.547338 ^ hold490/A (sky130_fd_sc_hd__clkbuf_2)
     2    0.012644    0.076366    0.138086    0.685423 ^ hold490/X (sky130_fd_sc_hd__clkbuf_2)
                                                         net489 (net)
                      0.076393    0.001338    0.686762 ^ hold503/A (sky130_fd_sc_hd__clkbuf_2)
     2    0.008974    0.058397    0.126036    0.812797 ^ hold503/X (sky130_fd_sc_hd__clkbuf_2)
                                                         net502 (net)
                      0.058397    0.000142    0.812940 ^ _2617_/A1 (sky130_fd_sc_hd__o211a_2)
     1    0.003178    0.043082    0.171596    0.984535 ^ _2617_/X (sky130_fd_sc_hd__o211a_2)
                                                         _0084_ (net)
                      0.043082    0.000219    0.984754 ^ hold504/A (sky130_fd_sc_hd__clkbuf_2)
     1    0.002311    0.025769    0.086981    1.071735 ^ hold504/X (sky130_fd_sc_hd__clkbuf_2)
                                                         net503 (net)
                      0.025774    0.000153    1.071888 ^ _2657_/D (sky130_fd_sc_hd__dfxtp_2)
                                              1.071888   data arrival time

                                  0.000000    0.000000   clock clk (rise edge)
                                  0.000000    0.000000   clock source latency
     1    0.030447    0.142407    0.099408    0.099408 ^ clk (in)
                                                         clk (net)
                      0.142457    0.000000    0.099408 ^ clkbuf_0_clk/A (sky130_fd_sc_hd__clkbuf_16)
    16    0.114557    0.129029    0.225226    0.324634 ^ clkbuf_0_clk/X (sky130_fd_sc_hd__clkbuf_16)
                                                         clknet_0_clk (net)
                      0.129305    0.004907    0.329542 ^ clkbuf_4_10_0_clk/A (sky130_fd_sc_hd__clkbuf_8)
     6    0.034687    0.073891    0.179827    0.509369 ^ clkbuf_4_10_0_clk/X (sky130_fd_sc_hd__clkbuf_8)
                                                         clknet_4_10_0_clk (net)
                      0.074169    0.003128    0.512497 ^ _2657_/CLK (sky130_fd_sc_hd__dfxtp_2)
                                  0.200000    0.712497   clock uncertainty
                                  0.000000    0.712497   clock reconvergence pessimism
                                 -0.023381    0.689116   library hold time
                                              0.689116   data required time
---------------------------------------------------------------------------------------------
                                              0.689116   data required time
                                             -1.071888   data arrival time
---------------------------------------------------------------------------------------------
                                              0.382772   slack (MET)


Startpoint: a_in[3] (input port clocked by clk)
Endpoint: _2625_ (rising edge-triggered flip-flop clocked by clk)
Path Group: clk
Path Type: min

Fanout         Cap        Slew       Delay        Time   Description
---------------------------------------------------------------------------------------------
                                  0.000000    0.000000   clock clk (rise edge)
                                  0.000000    0.000000   clock network delay (propagated)
                                  0.020000    0.020000 ^ input external delay
     1    0.008600    0.045211    0.029692    0.049692 ^ a_in[3] (in)
                                                         a_in[3] (net)
                      0.045218    0.000000    0.049692 ^ hold632/A (sky130_fd_sc_hd__clkbuf_2)
     1    0.010212    0.064633    0.119334    0.169025 ^ hold632/X (sky130_fd_sc_hd__clkbuf_2)
                                                         net631 (net)
                      0.064641    0.000755    0.169780 ^ hold438/A (sky130_fd_sc_hd__clkbuf_2)
     1    0.004446    0.035916    0.104289    0.274069 ^ hold438/X (sky130_fd_sc_hd__clkbuf_2)
                                                         net437 (net)
                      0.035921    0.000289    0.274358 ^ hold633/A (sky130_fd_sc_hd__clkbuf_2)
     1    0.009625    0.061527    0.113778    0.388136 ^ hold633/X (sky130_fd_sc_hd__clkbuf_2)
                                                         net632 (net)
                      0.061535    0.000750    0.388886 ^ input318/A (sky130_fd_sc_hd__buf_2)
     1    0.005635    0.038823    0.107731    0.496617 ^ input318/X (sky130_fd_sc_hd__buf_2)
                                                         net318 (net)
                      0.038827    0.000409    0.497026 ^ hold634/A (sky130_fd_sc_hd__clkbuf_2)
     1    0.004989    0.038469    0.097151    0.594177 ^ hold634/X (sky130_fd_sc_hd__clkbuf_2)
                                                         net633 (net)
                      0.038469    0.000204    0.594381 ^ hold439/A (sky130_fd_sc_hd__clkbuf_2)
     2    0.009171    0.059230    0.112890    0.707271 ^ hold439/X (sky130_fd_sc_hd__clkbuf_2)
                                                         net438 (net)
                      0.059241    0.000814    0.708085 ^ hold635/A (sky130_fd_sc_hd__clkbuf_2)
     1    0.004442    0.035840    0.102298    0.810383 ^ hold635/X (sky130_fd_sc_hd__clkbuf_2)
                                                         net634 (net)
                      0.035844    0.000298    0.810681 ^ _2542_/A2 (sky130_fd_sc_hd__o211a_2)
     1    0.003259    0.043129    0.155074    0.965754 ^ _2542_/X (sky130_fd_sc_hd__o211a_2)
                                                         _0052_ (net)
                      0.043130    0.000242    0.965996 ^ hold440/A (sky130_fd_sc_hd__clkbuf_2)
     1    0.002698    0.027519    0.088766    1.054762 ^ hold440/X (sky130_fd_sc_hd__clkbuf_2)
                                                         net439 (net)
                      0.027519    0.000180    1.054942 ^ _2625_/D (sky130_fd_sc_hd__dfxtp_2)
                                              1.054942   data arrival time

                                  0.000000    0.000000   clock clk (rise edge)
                                  0.000000    0.000000   clock source latency
     1    0.030447    0.142407    0.099408    0.099408 ^ clk (in)
                                                         clk (net)
                      0.142457    0.000000    0.099408 ^ clkbuf_0_clk/A (sky130_fd_sc_hd__clkbuf_16)
    16    0.114557    0.129029    0.225226    0.324634 ^ clkbuf_0_clk/X (sky130_fd_sc_hd__clkbuf_16)
                                                         clknet_0_clk (net)
                      0.130355    0.010363    0.334997 ^ clkbuf_4_3_0_clk/A (sky130_fd_sc_hd__clkbuf_8)
     6    0.017917    0.048381    0.159673    0.494670 ^ clkbuf_4_3_0_clk/X (sky130_fd_sc_hd__clkbuf_8)
                                                         clknet_4_3_0_clk (net)
                      0.048413    0.001111    0.495781 ^ _2625_/CLK (sky130_fd_sc_hd__dfxtp_2)
                                  0.200000    0.695781   clock uncertainty
                                  0.000000    0.695781   clock reconvergence pessimism
                                 -0.027121    0.668660   library hold time
                                              0.668660   data required time
---------------------------------------------------------------------------------------------
                                              0.668660   data required time
                                             -1.054942   data arrival time
---------------------------------------------------------------------------------------------
                                              0.386282   slack (MET)


Startpoint: _2667_ (rising edge-triggered flip-flop clocked by clk)
Endpoint: _2667_ (rising edge-triggered flip-flop clocked by clk)
Path Group: clk
Path Type: min

Fanout         Cap        Slew       Delay        Time   Description
---------------------------------------------------------------------------------------------
                                  0.000000    0.000000   clock clk (rise edge)
                                  0.000000    0.000000   clock source latency
     1    0.030447    0.142407    0.099408    0.099408 ^ clk (in)
                                                         clk (net)
                      0.142457    0.000000    0.099408 ^ clkbuf_0_clk/A (sky130_fd_sc_hd__clkbuf_16)
    16    0.114557    0.129029    0.225226    0.324634 ^ clkbuf_0_clk/X (sky130_fd_sc_hd__clkbuf_16)
                                                         clknet_0_clk (net)
                      0.131276    0.013446    0.338080 ^ clkbuf_4_0_0_clk/A (sky130_fd_sc_hd__clkbuf_8)
     6    0.024742    0.058501    0.168949    0.507029 ^ clkbuf_4_0_0_clk/X (sky130_fd_sc_hd__clkbuf_8)
                                                         clknet_4_0_0_clk (net)
                      0.058602    0.002060    0.509090 ^ _2667_/CLK (sky130_fd_sc_hd__dfxtp_2)
     5    0.022337    0.119644    0.379324    0.888414 ^ _2667_/Q (sky130_fd_sc_hd__dfxtp_2)
                                                         r2_mantissa[12] (net)
                      0.119645    0.000641    0.889055 ^ _1364_/A1 (sky130_fd_sc_hd__o211a_2)
     1    0.002042    0.037308    0.178602    1.067657 ^ _1364_/X (sky130_fd_sc_hd__o211a_2)
                                                         _0012_ (net)
                      0.037308    0.000096    1.067752 ^ _2667_/D (sky130_fd_sc_hd__dfxtp_2)
                                              1.067752   data arrival time

                                  0.000000    0.000000   clock clk (rise edge)
                                  0.000000    0.000000   clock source latency
     1    0.030447    0.142407    0.099408    0.099408 ^ clk (in)
                                                         clk (net)
                      0.142457    0.000000    0.099408 ^ clkbuf_0_clk/A (sky130_fd_sc_hd__clkbuf_16)
    16    0.114557    0.129029    0.225226    0.324634 ^ clkbuf_0_clk/X (sky130_fd_sc_hd__clkbuf_16)
                                                         clknet_0_clk (net)
                      0.131276    0.013446    0.338080 ^ clkbuf_4_0_0_clk/A (sky130_fd_sc_hd__clkbuf_8)
     6    0.024742    0.058501    0.168949    0.507029 ^ clkbuf_4_0_0_clk/X (sky130_fd_sc_hd__clkbuf_8)
                                                         clknet_4_0_0_clk (net)
                      0.058602    0.002060    0.509090 ^ _2667_/CLK (sky130_fd_sc_hd__dfxtp_2)
                                  0.200000    0.709090   clock uncertainty
                                  0.000000    0.709090   clock reconvergence pessimism
                                 -0.027808    0.681282   library hold time
                                              0.681282   data required time
---------------------------------------------------------------------------------------------
                                              0.681282   data required time
                                             -1.067752   data arrival time
---------------------------------------------------------------------------------------------
                                              0.386471   slack (MET)


Startpoint: a_in[15] (input port clocked by clk)
Endpoint: _2637_ (rising edge-triggered flip-flop clocked by clk)
Path Group: clk
Path Type: min

Fanout         Cap        Slew       Delay        Time   Description
---------------------------------------------------------------------------------------------
                                  0.000000    0.000000   clock clk (rise edge)
                                  0.000000    0.000000   clock network delay (propagated)
                                  0.020000    0.020000 ^ input external delay
     1    0.009438    0.048842    0.032515    0.052515 ^ a_in[15] (in)
                                                         a_in[15] (net)
                      0.048856    0.000000    0.052515 ^ hold672/A (sky130_fd_sc_hd__clkbuf_2)
     1    0.003238    0.029997    0.093295    0.145811 ^ hold672/X (sky130_fd_sc_hd__clkbuf_2)
                                                         net671 (net)
                      0.029997    0.000142    0.145953 ^ hold521/A (sky130_fd_sc_hd__clkbuf_2)
     1    0.009332    0.060041    0.110460    0.256412 ^ hold521/X (sky130_fd_sc_hd__clkbuf_2)
                                                         net520 (net)
                      0.060055    0.000904    0.257316 ^ hold673/A (sky130_fd_sc_hd__clkbuf_2)
     1    0.003030    0.029096    0.096398    0.353714 ^ hold673/X (sky130_fd_sc_hd__clkbuf_2)
                                                         net672 (net)
                      0.029096    0.000126    0.353839 ^ input315/A (sky130_fd_sc_hd__buf_2)
     1    0.005692    0.039079    0.095908    0.449747 ^ input315/X (sky130_fd_sc_hd__buf_2)
                                                         net315 (net)
                      0.039080    0.000261    0.450009 ^ hold674/A (sky130_fd_sc_hd__clkbuf_2)
     1    0.005093    0.038945    0.097548    0.547557 ^ hold674/X (sky130_fd_sc_hd__clkbuf_2)
                                                         net673 (net)
                      0.038949    0.000395    0.547952 ^ hold522/A (sky130_fd_sc_hd__clkbuf_2)
     1    0.003115    0.029428    0.089165    0.637117 ^ hold522/X (sky130_fd_sc_hd__clkbuf_2)
                                                         net521 (net)
                      0.029429    0.000223    0.637340 ^ _2570_/B1 (sky130_fd_sc_hd__o31a_2)
     1    0.002493    0.031542    0.115475    0.752815 ^ _2570_/X (sky130_fd_sc_hd__o31a_2)
                                                         _0529_ (net)
                      0.031542    0.000114    0.752929 ^ hold523/A (sky130_fd_sc_hd__clkbuf_2)
     1    0.003001    0.028916    0.086029    0.838959 ^ hold523/X (sky130_fd_sc_hd__clkbuf_2)
                                                         net522 (net)
                      0.028916    0.000142    0.839101 ^ _2572_/A2 (sky130_fd_sc_hd__o211a_2)
     1    0.002788    0.040683    0.150190    0.989290 ^ _2572_/X (sky130_fd_sc_hd__o211a_2)
                                                         _0064_ (net)
                      0.040683    0.000196    0.989486 ^ hold524/A (sky130_fd_sc_hd__clkbuf_2)
     1    0.003135    0.029519    0.089891    1.079378 ^ hold524/X (sky130_fd_sc_hd__clkbuf_2)
                                                         net523 (net)
                      0.029520    0.000207    1.079585 ^ _2637_/D (sky130_fd_sc_hd__dfxtp_2)
                                              1.079585   data arrival time

                                  0.000000    0.000000   clock clk (rise edge)
                                  0.000000    0.000000   clock source latency
     1    0.030447    0.142407    0.099408    0.099408 ^ clk (in)
                                                         clk (net)
                      0.142457    0.000000    0.099408 ^ clkbuf_0_clk/A (sky130_fd_sc_hd__clkbuf_16)
    16    0.114557    0.129029    0.225226    0.324634 ^ clkbuf_0_clk/X (sky130_fd_sc_hd__clkbuf_16)
                                                         clknet_0_clk (net)
                      0.131866    0.015119    0.339753 ^ clkbuf_4_5_0_clk/A (sky130_fd_sc_hd__clkbuf_8)
     6    0.023397    0.056370    0.167671    0.507424 ^ clkbuf_4_5_0_clk/X (sky130_fd_sc_hd__clkbuf_8)
                                                         clknet_4_5_0_clk (net)
                      0.056404    0.001229    0.508653 ^ _2637_/CLK (sky130_fd_sc_hd__dfxtp_2)
                                  0.200000    0.708653   clock uncertainty
                                  0.000000    0.708653   clock reconvergence pessimism
                                 -0.026486    0.682167   library hold time
                                              0.682167   data required time
---------------------------------------------------------------------------------------------
                                              0.682167   data required time
                                             -1.079585   data arrival time
---------------------------------------------------------------------------------------------
                                              0.397418   slack (MET)


Startpoint: b_in[2] (input port clocked by clk)
Endpoint: _2640_ (rising edge-triggered flip-flop clocked by clk)
Path Group: clk
Path Type: min

Fanout         Cap        Slew       Delay        Time   Description
---------------------------------------------------------------------------------------------
                                  0.000000    0.000000   clock clk (rise edge)
                                  0.000000    0.000000   clock network delay (propagated)
                                  0.020000    0.020000 ^ input external delay
     1    0.010442    0.053404    0.035570    0.055570 ^ b_in[2] (in)
                                                         b_in[2] (net)
                      0.053407    0.000000    0.055570 ^ hold500/A (sky130_fd_sc_hd__clkbuf_2)
     1    0.002564    0.026902    0.091836    0.147406 ^ hold500/X (sky130_fd_sc_hd__clkbuf_2)
                                                         net499 (net)
                      0.026902    0.000120    0.147526 ^ hold489/A (sky130_fd_sc_hd__clkbuf_2)
     1    0.003009    0.028961    0.084409    0.231935 ^ hold489/X (sky130_fd_sc_hd__clkbuf_2)
                                                         net488 (net)
                      0.028961    0.000145    0.232080 ^ hold501/A (sky130_fd_sc_hd__clkbuf_2)
     1    0.004849    0.037789    0.093027    0.325108 ^ hold501/X (sky130_fd_sc_hd__clkbuf_2)
                                                         net500 (net)
                      0.037793    0.000383    0.325491 ^ input333/A (sky130_fd_sc_hd__buf_2)
     1    0.005292    0.037328    0.097690    0.423181 ^ input333/X (sky130_fd_sc_hd__buf_2)
                                                         net333 (net)
                      0.037332    0.000371    0.423552 ^ hold502/A (sky130_fd_sc_hd__clkbuf_2)
     1    0.011863    0.072340    0.122751    0.546303 ^ hold502/X (sky130_fd_sc_hd__clkbuf_2)
                                                         net501 (net)
                      0.072356    0.001035    0.547338 ^ hold490/A (sky130_fd_sc_hd__clkbuf_2)
     2    0.012644    0.076366    0.138086    0.685423 ^ hold490/X (sky130_fd_sc_hd__clkbuf_2)
                                                         net489 (net)
                      0.076393    0.001338    0.686762 ^ hold503/A (sky130_fd_sc_hd__clkbuf_2)
     2    0.008974    0.058397    0.126036    0.812797 ^ hold503/X (sky130_fd_sc_hd__clkbuf_2)
                                                         net502 (net)
                      0.058399    0.000407    0.813204 ^ _2578_/A2 (sky130_fd_sc_hd__o211a_2)
     1    0.004900    0.051593    0.170315    0.983519 ^ _2578_/X (sky130_fd_sc_hd__o211a_2)
                                                         _0067_ (net)
                      0.051593    0.000212    0.983731 ^ hold491/A (sky130_fd_sc_hd__clkbuf_2)
     1    0.004013    0.033719    0.097763    1.081495 ^ hold491/X (sky130_fd_sc_hd__clkbuf_2)
                                                         net490 (net)
                      0.033722    0.000288    1.081783 ^ _2640_/D (sky130_fd_sc_hd__dfxtp_2)
                                              1.081783   data arrival time

                                  0.000000    0.000000   clock clk (rise edge)
                                  0.000000    0.000000   clock source latency
     1    0.030447    0.142407    0.099408    0.099408 ^ clk (in)
                                                         clk (net)
                      0.142457    0.000000    0.099408 ^ clkbuf_0_clk/A (sky130_fd_sc_hd__clkbuf_16)
    16    0.114557    0.129029    0.225226    0.324634 ^ clkbuf_0_clk/X (sky130_fd_sc_hd__clkbuf_16)
                                                         clknet_0_clk (net)
                      0.130446    0.010703    0.335337 ^ clkbuf_4_2_0_clk/A (sky130_fd_sc_hd__clkbuf_8)
     6    0.022574    0.055106    0.166297    0.501634 ^ clkbuf_4_2_0_clk/X (sky130_fd_sc_hd__clkbuf_8)
                                                         clknet_4_2_0_clk (net)
                      0.055135    0.001116    0.502750 ^ _2640_/CLK (sky130_fd_sc_hd__dfxtp_2)
                                  0.200000    0.702750   clock uncertainty
                                  0.000000    0.702750   clock reconvergence pessimism
                                 -0.027522    0.675228   library hold time
                                              0.675228   data required time
---------------------------------------------------------------------------------------------
                                              0.675228   data required time
                                             -1.081783   data arrival time
---------------------------------------------------------------------------------------------
                                              0.406555   slack (MET)


Startpoint: a_in[11] (input port clocked by clk)
Endpoint: _2633_ (rising edge-triggered flip-flop clocked by clk)
Path Group: clk
Path Type: min

Fanout         Cap        Slew       Delay        Time   Description
---------------------------------------------------------------------------------------------
                                  0.000000    0.000000   clock clk (rise edge)
                                  0.000000    0.000000   clock network delay (propagated)
                                  0.020000    0.020000 ^ input external delay
     1    0.014317    0.070225    0.048462    0.068462 ^ a_in[11] (in)
                                                         a_in[11] (net)
                      0.070261    0.000000    0.068462 ^ hold640/A (sky130_fd_sc_hd__clkbuf_2)
     1    0.007529    0.051133    0.118176    0.186638 ^ hold640/X (sky130_fd_sc_hd__clkbuf_2)
                                                         net639 (net)
                      0.051137    0.000476    0.187114 ^ hold441/A (sky130_fd_sc_hd__clkbuf_2)
     1    0.003867    0.033011    0.096951    0.284065 ^ hold441/X (sky130_fd_sc_hd__clkbuf_2)
                                                         net440 (net)
                      0.033018    0.000253    0.284318 ^ hold641/A (sky130_fd_sc_hd__clkbuf_2)
     1    0.003427    0.030938    0.088504    0.372822 ^ hold641/X (sky130_fd_sc_hd__clkbuf_2)
                                                         net640 (net)
                      0.030939    0.000218    0.373041 ^ input311/A (sky130_fd_sc_hd__buf_2)
     1    0.007033    0.044906    0.101230    0.474271 ^ input311/X (sky130_fd_sc_hd__buf_2)
                                                         net311 (net)
                      0.044912    0.000526    0.474797 ^ hold642/A (sky130_fd_sc_hd__clkbuf_2)
     1    0.013466    0.080568    0.131070    0.605866 ^ hold642/X (sky130_fd_sc_hd__clkbuf_2)
                                                         net641 (net)
                      0.080643    0.001446    0.607312 ^ hold442/A (sky130_fd_sc_hd__clkbuf_2)
     2    0.009607    0.061615    0.129955    0.737267 ^ hold442/X (sky130_fd_sc_hd__clkbuf_2)
                                                         net441 (net)
                      0.061617    0.000434    0.737701 ^ hold643/A (sky130_fd_sc_hd__clkbuf_2)
     1    0.005007    0.038583    0.105328    0.843029 ^ hold643/X (sky130_fd_sc_hd__clkbuf_2)
                                                         net642 (net)
                      0.038586    0.000345    0.843374 ^ _2558_/A2 (sky130_fd_sc_hd__o211a_2)
     1    0.003514    0.044536    0.157452    1.000826 ^ _2558_/X (sky130_fd_sc_hd__o211a_2)
                                                         _0060_ (net)
                      0.044549    0.000230    1.001056 ^ hold443/A (sky130_fd_sc_hd__clkbuf_2)
     1    0.003391    0.030740    0.092447    1.093503 ^ hold443/X (sky130_fd_sc_hd__clkbuf_2)
                                                         net442 (net)
                      0.030741    0.000211    1.093714 ^ _2633_/D (sky130_fd_sc_hd__dfxtp_2)
                                              1.093714   data arrival time

                                  0.000000    0.000000   clock clk (rise edge)
                                  0.000000    0.000000   clock source latency
     1    0.030447    0.142407    0.099408    0.099408 ^ clk (in)
                                                         clk (net)
                      0.142457    0.000000    0.099408 ^ clkbuf_0_clk/A (sky130_fd_sc_hd__clkbuf_16)
    16    0.114557    0.129029    0.225226    0.324634 ^ clkbuf_0_clk/X (sky130_fd_sc_hd__clkbuf_16)
                                                         clknet_0_clk (net)
                      0.131866    0.015119    0.339753 ^ clkbuf_4_5_0_clk/A (sky130_fd_sc_hd__clkbuf_8)
     6    0.023397    0.056370    0.167671    0.507424 ^ clkbuf_4_5_0_clk/X (sky130_fd_sc_hd__clkbuf_8)
                                                         clknet_4_5_0_clk (net)
                      0.056398    0.001139    0.508563 ^ _2633_/CLK (sky130_fd_sc_hd__dfxtp_2)
                                  0.200000    0.708563   clock uncertainty
                                  0.000000    0.708563   clock reconvergence pessimism
                                 -0.026740    0.681824   library hold time
                                              0.681824   data required time
---------------------------------------------------------------------------------------------
                                              0.681824   data required time
                                             -1.093714   data arrival time
---------------------------------------------------------------------------------------------
                                              0.411891   slack (MET)


Startpoint: _2675_ (rising edge-triggered flip-flop clocked by clk)
Endpoint: _2675_ (rising edge-triggered flip-flop clocked by clk)
Path Group: clk
Path Type: min

Fanout         Cap        Slew       Delay        Time   Description
---------------------------------------------------------------------------------------------
                                  0.000000    0.000000   clock clk (rise edge)
                                  0.000000    0.000000   clock source latency
     1    0.030447    0.142407    0.099408    0.099408 ^ clk (in)
                                                         clk (net)
                      0.142457    0.000000    0.099408 ^ clkbuf_0_clk/A (sky130_fd_sc_hd__clkbuf_16)
    16    0.114557    0.129029    0.225226    0.324634 ^ clkbuf_0_clk/X (sky130_fd_sc_hd__clkbuf_16)
                                                         clknet_0_clk (net)
                      0.130443    0.010691    0.335326 ^ clkbuf_4_15_0_clk/A (sky130_fd_sc_hd__clkbuf_8)
     6    0.025126    0.058962    0.169285    0.504611 ^ clkbuf_4_15_0_clk/X (sky130_fd_sc_hd__clkbuf_8)
                                                         clknet_4_15_0_clk (net)
                      0.059004    0.001372    0.505983 ^ _2675_/CLK (sky130_fd_sc_hd__dfxtp_2)
     3    0.013358    0.076433    0.348887    0.854870 ^ _2675_/Q (sky130_fd_sc_hd__dfxtp_2)
                                                         r3_prod_mant[4] (net)
                      0.076438    0.000685    0.855555 ^ _1995_/B1 (sky130_fd_sc_hd__a32o_2)
     1    0.001789    0.035856    0.111973    0.967527 ^ _1995_/X (sky130_fd_sc_hd__a32o_2)
                                                         _1215_ (net)
                      0.035856    0.000080    0.967607 ^ _1996_/B (sky130_fd_sc_hd__and2_2)
     1    0.002473    0.035405    0.123096    1.090703 ^ _1996_/X (sky130_fd_sc_hd__and2_2)
                                                         _1216_ (net)
                      0.035405    0.000176    1.090879 ^ _2675_/D (sky130_fd_sc_hd__dfxtp_2)
                                              1.090879   data arrival time

                                  0.000000    0.000000   clock clk (rise edge)
                                  0.000000    0.000000   clock source latency
     1    0.030447    0.142407    0.099408    0.099408 ^ clk (in)
                                                         clk (net)
                      0.142457    0.000000    0.099408 ^ clkbuf_0_clk/A (sky130_fd_sc_hd__clkbuf_16)
    16    0.114557    0.129029    0.225226    0.324634 ^ clkbuf_0_clk/X (sky130_fd_sc_hd__clkbuf_16)
                                                         clknet_0_clk (net)
                      0.130443    0.010691    0.335326 ^ clkbuf_4_15_0_clk/A (sky130_fd_sc_hd__clkbuf_8)
     6    0.025126    0.058962    0.169285    0.504611 ^ clkbuf_4_15_0_clk/X (sky130_fd_sc_hd__clkbuf_8)
                                                         clknet_4_15_0_clk (net)
                      0.059004    0.001372    0.505983 ^ _2675_/CLK (sky130_fd_sc_hd__dfxtp_2)
                                  0.200000    0.705983   clock uncertainty
                                  0.000000    0.705983   clock reconvergence pessimism
                                 -0.027362    0.678621   library hold time
                                              0.678621   data required time
---------------------------------------------------------------------------------------------
                                              0.678621   data required time
                                             -1.090879   data arrival time
---------------------------------------------------------------------------------------------
                                              0.412258   slack (MET)


Startpoint: _2666_ (rising edge-triggered flip-flop clocked by clk)
Endpoint: _2666_ (rising edge-triggered flip-flop clocked by clk)
Path Group: clk
Path Type: min

Fanout         Cap        Slew       Delay        Time   Description
---------------------------------------------------------------------------------------------
                                  0.000000    0.000000   clock clk (rise edge)
                                  0.000000    0.000000   clock source latency
     1    0.030447    0.142407    0.099408    0.099408 ^ clk (in)
                                                         clk (net)
                      0.142457    0.000000    0.099408 ^ clkbuf_0_clk/A (sky130_fd_sc_hd__clkbuf_16)
    16    0.114557    0.129029    0.225226    0.324634 ^ clkbuf_0_clk/X (sky130_fd_sc_hd__clkbuf_16)
                                                         clknet_0_clk (net)
                      0.131813    0.014975    0.339609 ^ clkbuf_4_7_0_clk/A (sky130_fd_sc_hd__clkbuf_8)
     6    0.021093    0.052962    0.164968    0.504577 ^ clkbuf_4_7_0_clk/X (sky130_fd_sc_hd__clkbuf_8)
                                                         clknet_4_7_0_clk (net)
                      0.052981    0.000884    0.505461 ^ _2666_/CLK (sky130_fd_sc_hd__dfxtp_2)
     7    0.031090    0.161770    0.407228    0.912689 ^ _2666_/Q (sky130_fd_sc_hd__dfxtp_2)
                                                         r2_mantissa[11] (net)
                      0.161773    0.000935    0.913624 ^ _1362_/A1 (sky130_fd_sc_hd__o211a_2)
     1    0.002095    0.037693    0.187300    1.100925 ^ _1362_/X (sky130_fd_sc_hd__o211a_2)
                                                         _0011_ (net)
                      0.037693    0.000098    1.101023 ^ _2666_/D (sky130_fd_sc_hd__dfxtp_2)
                                              1.101023   data arrival time

                                  0.000000    0.000000   clock clk (rise edge)
                                  0.000000    0.000000   clock source latency
     1    0.030447    0.142407    0.099408    0.099408 ^ clk (in)
                                                         clk (net)
                      0.142457    0.000000    0.099408 ^ clkbuf_0_clk/A (sky130_fd_sc_hd__clkbuf_16)
    16    0.114557    0.129029    0.225226    0.324634 ^ clkbuf_0_clk/X (sky130_fd_sc_hd__clkbuf_16)
                                                         clknet_0_clk (net)
                      0.131813    0.014975    0.339609 ^ clkbuf_4_7_0_clk/A (sky130_fd_sc_hd__clkbuf_8)
     6    0.021093    0.052962    0.164968    0.504577 ^ clkbuf_4_7_0_clk/X (sky130_fd_sc_hd__clkbuf_8)
                                                         clknet_4_7_0_clk (net)
                      0.052981    0.000884    0.505461 ^ _2666_/CLK (sky130_fd_sc_hd__dfxtp_2)
                                  0.200000    0.705461   clock uncertainty
                                  0.000000    0.705461   clock reconvergence pessimism
                                 -0.028627    0.676834   library hold time
                                              0.676834   data required time
---------------------------------------------------------------------------------------------
                                              0.676834   data required time
                                             -1.101023   data arrival time
---------------------------------------------------------------------------------------------
                                              0.424189   slack (MET)


Startpoint: a_in[1] (input port clocked by clk)
Endpoint: _2623_ (rising edge-triggered flip-flop clocked by clk)
Path Group: clk
Path Type: min

Fanout         Cap        Slew       Delay        Time   Description
---------------------------------------------------------------------------------------------
                                  0.000000    0.000000   clock clk (rise edge)
                                  0.000000    0.000000   clock network delay (propagated)
                                  0.020000    0.020000 ^ input external delay
     1    0.009687    0.050065    0.033239    0.053239 ^ a_in[1] (in)
                                                         a_in[1] (net)
                      0.050075    0.000000    0.053239 ^ hold620/A (sky130_fd_sc_hd__clkbuf_2)
     1    0.005432    0.040575    0.102761    0.155999 ^ hold620/X (sky130_fd_sc_hd__clkbuf_2)
                                                         net619 (net)
                      0.040579    0.000401    0.156401 ^ hold432/A (sky130_fd_sc_hd__clkbuf_2)
     1    0.013753    0.082063    0.130698    0.287099 ^ hold432/X (sky130_fd_sc_hd__clkbuf_2)
                                                         net431 (net)
                      0.082138    0.001412    0.288511 ^ hold621/A (sky130_fd_sc_hd__clkbuf_2)
     1    0.012160    0.073896    0.140042    0.428553 ^ hold621/X (sky130_fd_sc_hd__clkbuf_2)
                                                         net620 (net)
                      0.073912    0.001044    0.429597 ^ input316/A (sky130_fd_sc_hd__buf_2)
     1    0.009621    0.056491    0.126318    0.555915 ^ input316/X (sky130_fd_sc_hd__buf_2)
                                                         net316 (net)
                      0.056503    0.000836    0.556751 ^ hold622/A (sky130_fd_sc_hd__clkbuf_2)
     1    0.003699    0.032238    0.098127    0.654878 ^ hold622/X (sky130_fd_sc_hd__clkbuf_2)
                                                         net621 (net)
                      0.032241    0.000243    0.655121 ^ hold433/A (sky130_fd_sc_hd__clkbuf_2)
     2    0.007779    0.052236    0.105438    0.760559 ^ hold433/X (sky130_fd_sc_hd__clkbuf_2)
                                                         net432 (net)
                      0.052240    0.000509    0.761068 ^ hold623/A (sky130_fd_sc_hd__clkbuf_2)
     1    0.003057    0.029137    0.093667    0.854735 ^ hold623/X (sky130_fd_sc_hd__clkbuf_2)
                                                         net622 (net)
                      0.029137    0.000145    0.854879 ^ _2535_/A2 (sky130_fd_sc_hd__o211a_2)
     1    0.003169    0.042655    0.152599    1.007479 ^ _2535_/X (sky130_fd_sc_hd__o211a_2)
                                                         _0050_ (net)
                      0.042655    0.000217    1.007696 ^ hold434/A (sky130_fd_sc_hd__clkbuf_2)
     1    0.002068    0.024674    0.085721    1.093417 ^ hold434/X (sky130_fd_sc_hd__clkbuf_2)
                                                         net433 (net)
                      0.024674    0.000096    1.093513 ^ _2623_/D (sky130_fd_sc_hd__dfxtp_2)
                                              1.093513   data arrival time

                                  0.000000    0.000000   clock clk (rise edge)
                                  0.000000    0.000000   clock source latency
     1    0.030447    0.142407    0.099408    0.099408 ^ clk (in)
                                                         clk (net)
                      0.142457    0.000000    0.099408 ^ clkbuf_0_clk/A (sky130_fd_sc_hd__clkbuf_16)
    16    0.114557    0.129029    0.225226    0.324634 ^ clkbuf_0_clk/X (sky130_fd_sc_hd__clkbuf_16)
                                                         clknet_0_clk (net)
                      0.130355    0.010363    0.334997 ^ clkbuf_4_3_0_clk/A (sky130_fd_sc_hd__clkbuf_8)
     6    0.017917    0.048381    0.159673    0.494670 ^ clkbuf_4_3_0_clk/X (sky130_fd_sc_hd__clkbuf_8)
                                                         clknet_4_3_0_clk (net)
                      0.048414    0.001125    0.495796 ^ _2623_/CLK (sky130_fd_sc_hd__dfxtp_2)
                                  0.200000    0.695796   clock uncertainty
                                  0.000000    0.695796   clock reconvergence pessimism
                                 -0.026532    0.669264   library hold time
                                              0.669264   data required time
---------------------------------------------------------------------------------------------
                                              0.669264   data required time
                                             -1.093513   data arrival time
---------------------------------------------------------------------------------------------
                                              0.424249   slack (MET)


Startpoint: a_in[7] (input port clocked by clk)
Endpoint: _2629_ (rising edge-triggered flip-flop clocked by clk)
Path Group: clk
Path Type: min

Fanout         Cap        Slew       Delay        Time   Description
---------------------------------------------------------------------------------------------
                                  0.000000    0.000000   clock clk (rise edge)
                                  0.000000    0.000000   clock network delay (propagated)
                                  0.020000    0.020000 ^ input external delay
     2    0.016037    0.078019    0.053319    0.073319 ^ a_in[7] (in)
                                                         a_in[7] (net)
                      0.078022    0.000000    0.073319 ^ hold644/A (sky130_fd_sc_hd__clkbuf_2)
     1    0.023905    0.134746    0.180549    0.253868 ^ hold644/X (sky130_fd_sc_hd__clkbuf_2)
                                                         net643 (net)
                      0.134831    0.001856    0.255724 ^ hold435/A (sky130_fd_sc_hd__clkbuf_2)
     1    0.006755    0.047849    0.137359    0.393083 ^ hold435/X (sky130_fd_sc_hd__clkbuf_2)
                                                         net434 (net)
                      0.047855    0.000515    0.393598 ^ hold645/A (sky130_fd_sc_hd__clkbuf_2)
     1    0.003913    0.033253    0.096018    0.489616 ^ hold645/X (sky130_fd_sc_hd__clkbuf_2)
                                                         net644 (net)
                      0.033256    0.000228    0.489844 ^ input322/A (sky130_fd_sc_hd__buf_2)
     1    0.002714    0.026472    0.085790    0.575634 ^ input322/X (sky130_fd_sc_hd__buf_2)
                                                         net322 (net)
                      0.026472    0.000128    0.575762 ^ hold646/A (sky130_fd_sc_hd__clkbuf_2)
     1    0.003220    0.029958    0.085202    0.660964 ^ hold646/X (sky130_fd_sc_hd__clkbuf_2)
                                                         net645 (net)
                      0.029960    0.000234    0.661198 ^ hold436/A (sky130_fd_sc_hd__clkbuf_2)
     2    0.006765    0.047189    0.100765    0.761962 ^ hold436/X (sky130_fd_sc_hd__clkbuf_2)
                                                         net435 (net)
                      0.047192    0.000383    0.762346 ^ hold647/A (sky130_fd_sc_hd__clkbuf_2)
     1    0.004635    0.036722    0.098717    0.861062 ^ hold647/X (sky130_fd_sc_hd__clkbuf_2)
                                                         net646 (net)
                      0.036725    0.000286    0.861348 ^ _2550_/A2 (sky130_fd_sc_hd__o211a_2)
     1    0.003510    0.044517    0.156887    1.018236 ^ _2550_/X (sky130_fd_sc_hd__o211a_2)
                                                         _0056_ (net)
                      0.044529    0.000233    1.018468 ^ hold437/A (sky130_fd_sc_hd__clkbuf_2)
     1    0.002375    0.026052    0.087788    1.106257 ^ hold437/X (sky130_fd_sc_hd__clkbuf_2)
                                                         net436 (net)
                      0.026058    0.000157    1.106413 ^ _2629_/D (sky130_fd_sc_hd__dfxtp_2)
                                              1.106413   data arrival time

                                  0.000000    0.000000   clock clk (rise edge)
                                  0.000000    0.000000   clock source latency
     1    0.030447    0.142407    0.099408    0.099408 ^ clk (in)
                                                         clk (net)
                      0.142457    0.000000    0.099408 ^ clkbuf_0_clk/A (sky130_fd_sc_hd__clkbuf_16)
    16    0.114557    0.129029    0.225226    0.324634 ^ clkbuf_0_clk/X (sky130_fd_sc_hd__clkbuf_16)
                                                         clknet_0_clk (net)
                      0.130958    0.012459    0.337094 ^ clkbuf_4_1_0_clk/A (sky130_fd_sc_hd__clkbuf_8)
     6    0.018281    0.048935    0.160508    0.497601 ^ clkbuf_4_1_0_clk/X (sky130_fd_sc_hd__clkbuf_8)
                                                         clknet_4_1_0_clk (net)
                      0.048951    0.000840    0.498441 ^ _2629_/CLK (sky130_fd_sc_hd__dfxtp_2)
                                  0.200000    0.698441   clock uncertainty
                                  0.000000    0.698441   clock reconvergence pessimism
                                 -0.026748    0.671693   library hold time
                                              0.671693   data required time
---------------------------------------------------------------------------------------------
                                              0.671693   data required time
                                             -1.106413   data arrival time
---------------------------------------------------------------------------------------------
                                              0.434720   slack (MET)


Startpoint: _2681_ (rising edge-triggered flip-flop clocked by clk)
Endpoint: _2681_ (rising edge-triggered flip-flop clocked by clk)
Path Group: clk
Path Type: min

Fanout         Cap        Slew       Delay        Time   Description
---------------------------------------------------------------------------------------------
                                  0.000000    0.000000   clock clk (rise edge)
                                  0.000000    0.000000   clock source latency
     1    0.030447    0.142407    0.099408    0.099408 ^ clk (in)
                                                         clk (net)
                      0.142457    0.000000    0.099408 ^ clkbuf_0_clk/A (sky130_fd_sc_hd__clkbuf_16)
    16    0.114557    0.129029    0.225226    0.324634 ^ clkbuf_0_clk/X (sky130_fd_sc_hd__clkbuf_16)
                                                         clknet_0_clk (net)
                      0.129741    0.007685    0.332319 ^ clkbuf_4_9_0_clk/A (sky130_fd_sc_hd__clkbuf_8)
     6    0.026729    0.061500    0.170589    0.502908 ^ clkbuf_4_9_0_clk/X (sky130_fd_sc_hd__clkbuf_8)
                                                         clknet_4_9_0_clk (net)
                      0.061563    0.001798    0.504706 ^ _2681_/CLK (sky130_fd_sc_hd__dfxtp_2)
     3    0.013185    0.044611    0.335126    0.839832 v _2681_/Q (sky130_fd_sc_hd__dfxtp_2)
                                                         r3_prod_mant[10] (net)
                      0.044611    0.000623    0.840455 v _2229_/A2_N (sky130_fd_sc_hd__o2bb2a_2)
     1    0.005914    0.051167    0.240413    1.080869 ^ _2229_/X (sky130_fd_sc_hd__o2bb2a_2)
                                                         _0226_ (net)
                      0.051170    0.000447    1.081315 ^ _2230_/B (sky130_fd_sc_hd__nor2_2)
     1    0.002154    0.016399    0.029100    1.110415 v _2230_/Y (sky130_fd_sc_hd__nor2_2)
                                                         _0026_ (net)
                      0.016399    0.000147    1.110562 v _2681_/D (sky130_fd_sc_hd__dfxtp_2)
                                              1.110562   data arrival time

                                  0.000000    0.000000   clock clk (rise edge)
                                  0.000000    0.000000   clock source latency
     1    0.030447    0.142407    0.099408    0.099408 ^ clk (in)
                                                         clk (net)
                      0.142457    0.000000    0.099408 ^ clkbuf_0_clk/A (sky130_fd_sc_hd__clkbuf_16)
    16    0.114557    0.129029    0.225226    0.324634 ^ clkbuf_0_clk/X (sky130_fd_sc_hd__clkbuf_16)
                                                         clknet_0_clk (net)
                      0.129741    0.007685    0.332319 ^ clkbuf_4_9_0_clk/A (sky130_fd_sc_hd__clkbuf_8)
     6    0.026729    0.061500    0.170589    0.502908 ^ clkbuf_4_9_0_clk/X (sky130_fd_sc_hd__clkbuf_8)
                                                         clknet_4_9_0_clk (net)
                      0.061563    0.001798    0.504706 ^ _2681_/CLK (sky130_fd_sc_hd__dfxtp_2)
                                  0.200000    0.704706   clock uncertainty
                                  0.000000    0.704706   clock reconvergence pessimism
                                 -0.030632    0.674074   library hold time
                                              0.674074   data required time
---------------------------------------------------------------------------------------------
                                              0.674074   data required time
                                             -1.110562   data arrival time
---------------------------------------------------------------------------------------------
                                              0.436489   slack (MET)


Startpoint: _2679_ (rising edge-triggered flip-flop clocked by clk)
Endpoint: _2679_ (rising edge-triggered flip-flop clocked by clk)
Path Group: clk
Path Type: min

Fanout         Cap        Slew       Delay        Time   Description
---------------------------------------------------------------------------------------------
                                  0.000000    0.000000   clock clk (rise edge)
                                  0.000000    0.000000   clock source latency
     1    0.030447    0.142407    0.099408    0.099408 ^ clk (in)
                                                         clk (net)
                      0.142457    0.000000    0.099408 ^ clkbuf_0_clk/A (sky130_fd_sc_hd__clkbuf_16)
    16    0.114557    0.129029    0.225226    0.324634 ^ clkbuf_0_clk/X (sky130_fd_sc_hd__clkbuf_16)
                                                         clknet_0_clk (net)
                      0.129934    0.008617    0.333251 ^ clkbuf_4_8_0_clk/A (sky130_fd_sc_hd__clkbuf_8)
     6    0.026264    0.060671    0.170466    0.503717 ^ clkbuf_4_8_0_clk/X (sky130_fd_sc_hd__clkbuf_8)
                                                         clknet_4_8_0_clk (net)
                      0.060678    0.000792    0.504509 ^ _2679_/CLK (sky130_fd_sc_hd__dfxtp_2)
     4    0.017613    0.053742    0.343176    0.847685 v _2679_/Q (sky130_fd_sc_hd__dfxtp_2)
                                                         r3_prod_mant[8] (net)
                      0.053808    0.000655    0.848341 v _2157_/A2_N (sky130_fd_sc_hd__o2bb2a_2)
     1    0.005156    0.047844    0.241098    1.089439 ^ _2157_/X (sky130_fd_sc_hd__o2bb2a_2)
                                                         _0156_ (net)
                      0.047848    0.000385    1.089823 ^ _2158_/B (sky130_fd_sc_hd__nor2_2)
     1    0.001937    0.015404    0.027683    1.117507 v _2158_/Y (sky130_fd_sc_hd__nor2_2)
                                                         _0024_ (net)
                      0.015405    0.000087    1.117593 v _2679_/D (sky130_fd_sc_hd__dfxtp_2)
                                              1.117593   data arrival time

                                  0.000000    0.000000   clock clk (rise edge)
                                  0.000000    0.000000   clock source latency
     1    0.030447    0.142407    0.099408    0.099408 ^ clk (in)
                                                         clk (net)
                      0.142457    0.000000    0.099408 ^ clkbuf_0_clk/A (sky130_fd_sc_hd__clkbuf_16)
    16    0.114557    0.129029    0.225226    0.324634 ^ clkbuf_0_clk/X (sky130_fd_sc_hd__clkbuf_16)
                                                         clknet_0_clk (net)
                      0.129934    0.008617    0.333251 ^ clkbuf_4_8_0_clk/A (sky130_fd_sc_hd__clkbuf_8)
     6    0.026264    0.060671    0.170466    0.503717 ^ clkbuf_4_8_0_clk/X (sky130_fd_sc_hd__clkbuf_8)
                                                         clknet_4_8_0_clk (net)
                      0.060678    0.000792    0.504509 ^ _2679_/CLK (sky130_fd_sc_hd__dfxtp_2)
                                  0.200000    0.704509   clock uncertainty
                                  0.000000    0.704509   clock reconvergence pessimism
                                 -0.030421    0.674088   library hold time
                                              0.674088   data required time
---------------------------------------------------------------------------------------------
                                              0.674088   data required time
                                             -1.117593   data arrival time
---------------------------------------------------------------------------------------------
                                              0.443505   slack (MET)


Startpoint: _2684_ (rising edge-triggered flip-flop clocked by clk)
Endpoint: _2684_ (rising edge-triggered flip-flop clocked by clk)
Path Group: clk
Path Type: min

Fanout         Cap        Slew       Delay        Time   Description
---------------------------------------------------------------------------------------------
                                  0.000000    0.000000   clock clk (rise edge)
                                  0.000000    0.000000   clock source latency
     1    0.030447    0.142407    0.099408    0.099408 ^ clk (in)
                                                         clk (net)
                      0.142457    0.000000    0.099408 ^ clkbuf_0_clk/A (sky130_fd_sc_hd__clkbuf_16)
    16    0.114557    0.129029    0.225226    0.324634 ^ clkbuf_0_clk/X (sky130_fd_sc_hd__clkbuf_16)
                                                         clknet_0_clk (net)
                      0.129741    0.007685    0.332319 ^ clkbuf_4_9_0_clk/A (sky130_fd_sc_hd__clkbuf_8)
     6    0.026729    0.061500    0.170589    0.502908 ^ clkbuf_4_9_0_clk/X (sky130_fd_sc_hd__clkbuf_8)
                                                         clknet_4_9_0_clk (net)
                      0.061672    0.002765    0.505673 ^ _2684_/CLK (sky130_fd_sc_hd__dfxtp_2)
     3    0.015521    0.086717    0.357186    0.862858 ^ _2684_/Q (sky130_fd_sc_hd__dfxtp_2)
                                                         r3_prod_mant[13] (net)
                      0.086721    0.000753    0.863611 ^ _2288_/B (sky130_fd_sc_hd__and2_2)
     1    0.006065    0.051048    0.154696    1.018307 ^ _2288_/X (sky130_fd_sc_hd__and2_2)
                                                         _0282_ (net)
                      0.051052    0.000448    1.018756 ^ _2307_/A1 (sky130_fd_sc_hd__o21a_4)
     1    0.002319    0.026226    0.111022    1.129778 ^ _2307_/X (sky130_fd_sc_hd__o21a_4)
                                                         _0029_ (net)
                      0.026226    0.000165    1.129943 ^ _2684_/D (sky130_fd_sc_hd__dfxtp_2)
                                              1.129943   data arrival time

                                  0.000000    0.000000   clock clk (rise edge)
                                  0.000000    0.000000   clock source latency
     1    0.030447    0.142407    0.099408    0.099408 ^ clk (in)
                                                         clk (net)
                      0.142457    0.000000    0.099408 ^ clkbuf_0_clk/A (sky130_fd_sc_hd__clkbuf_16)
    16    0.114557    0.129029    0.225226    0.324634 ^ clkbuf_0_clk/X (sky130_fd_sc_hd__clkbuf_16)
                                                         clknet_0_clk (net)
                      0.129741    0.007685    0.332319 ^ clkbuf_4_9_0_clk/A (sky130_fd_sc_hd__clkbuf_8)
     6    0.026729    0.061500    0.170589    0.502908 ^ clkbuf_4_9_0_clk/X (sky130_fd_sc_hd__clkbuf_8)
                                                         clknet_4_9_0_clk (net)
                      0.061672    0.002765    0.505673 ^ _2684_/CLK (sky130_fd_sc_hd__dfxtp_2)
                                  0.200000    0.705673   clock uncertainty
                                  0.000000    0.705673   clock reconvergence pessimism
                                 -0.025114    0.680559   library hold time
                                              0.680559   data required time
---------------------------------------------------------------------------------------------
                                              0.680559   data required time
                                             -1.129943   data arrival time
---------------------------------------------------------------------------------------------
                                              0.449384   slack (MET)


Startpoint: _2662_ (rising edge-triggered flip-flop clocked by clk)
Endpoint: _2662_ (rising edge-triggered flip-flop clocked by clk)
Path Group: clk
Path Type: min

Fanout         Cap        Slew       Delay        Time   Description
---------------------------------------------------------------------------------------------
                                  0.000000    0.000000   clock clk (rise edge)
                                  0.000000    0.000000   clock source latency
     1    0.030447    0.142407    0.099408    0.099408 ^ clk (in)
                                                         clk (net)
                      0.142457    0.000000    0.099408 ^ clkbuf_0_clk/A (sky130_fd_sc_hd__clkbuf_16)
    16    0.114557    0.129029    0.225226    0.324634 ^ clkbuf_0_clk/X (sky130_fd_sc_hd__clkbuf_16)
                                                         clknet_0_clk (net)
                      0.131813    0.014975    0.339609 ^ clkbuf_4_7_0_clk/A (sky130_fd_sc_hd__clkbuf_8)
     6    0.021093    0.052962    0.164968    0.504577 ^ clkbuf_4_7_0_clk/X (sky130_fd_sc_hd__clkbuf_8)
                                                         clknet_4_7_0_clk (net)
                      0.052973    0.000726    0.505303 ^ _2662_/CLK (sky130_fd_sc_hd__dfxtp_2)
     4    0.019408    0.105495    0.367604    0.872907 ^ _2662_/Q (sky130_fd_sc_hd__dfxtp_2)
                                                         r2_mantissa[7] (net)
                      0.105497    0.000676    0.873583 ^ _1354_/A1 (sky130_fd_sc_hd__o211a_2)
     1    0.003535    0.045109    0.184477    1.058060 ^ _1354_/X (sky130_fd_sc_hd__o211a_2)
                                                         _0007_ (net)
                      0.045109    0.000241    1.058301 ^ hold585/A (sky130_fd_sc_hd__clkbuf_2)
     1    0.002215    0.025333    0.087261    1.145562 ^ hold585/X (sky130_fd_sc_hd__clkbuf_2)
                                                         net584 (net)
                      0.025333    0.000154    1.145716 ^ _2662_/D (sky130_fd_sc_hd__dfxtp_2)
                                              1.145716   data arrival time

                                  0.000000    0.000000   clock clk (rise edge)
                                  0.000000    0.000000   clock source latency
     1    0.030447    0.142407    0.099408    0.099408 ^ clk (in)
                                                         clk (net)
                      0.142457    0.000000    0.099408 ^ clkbuf_0_clk/A (sky130_fd_sc_hd__clkbuf_16)
    16    0.114557    0.129029    0.225226    0.324634 ^ clkbuf_0_clk/X (sky130_fd_sc_hd__clkbuf_16)
                                                         clknet_0_clk (net)
                      0.131813    0.014975    0.339609 ^ clkbuf_4_7_0_clk/A (sky130_fd_sc_hd__clkbuf_8)
     6    0.021093    0.052962    0.164968    0.504577 ^ clkbuf_4_7_0_clk/X (sky130_fd_sc_hd__clkbuf_8)
                                                         clknet_4_7_0_clk (net)
                      0.052973    0.000726    0.505303 ^ _2662_/CLK (sky130_fd_sc_hd__dfxtp_2)
                                  0.200000    0.705303   clock uncertainty
                                  0.000000    0.705303   clock reconvergence pessimism
                                 -0.026070    0.679233   library hold time
                                              0.679233   data required time
---------------------------------------------------------------------------------------------
                                              0.679233   data required time
                                             -1.145716   data arrival time
---------------------------------------------------------------------------------------------
                                              0.466484   slack (MET)


Startpoint: _2653_ (rising edge-triggered flip-flop clocked by clk)
Endpoint: _2653_ (rising edge-triggered flip-flop clocked by clk)
Path Group: clk
Path Type: min

Fanout         Cap        Slew       Delay        Time   Description
---------------------------------------------------------------------------------------------
                                  0.000000    0.000000   clock clk (rise edge)
                                  0.000000    0.000000   clock source latency
     1    0.030447    0.142407    0.099408    0.099408 ^ clk (in)
                                                         clk (net)
                      0.142457    0.000000    0.099408 ^ clkbuf_0_clk/A (sky130_fd_sc_hd__clkbuf_16)
    16    0.114557    0.129029    0.225226    0.324634 ^ clkbuf_0_clk/X (sky130_fd_sc_hd__clkbuf_16)
                                                         clknet_0_clk (net)
                      0.131402    0.013818    0.338453 ^ clkbuf_4_6_0_clk/A (sky130_fd_sc_hd__clkbuf_8)
     6    0.022783    0.055514    0.166727    0.505180 ^ clkbuf_4_6_0_clk/X (sky130_fd_sc_hd__clkbuf_8)
                                                         clknet_4_6_0_clk (net)
                      0.055557    0.001362    0.506542 ^ _2653_/CLK (sky130_fd_sc_hd__dfxtp_2)
     2    0.015634    0.087250    0.355332    0.861874 ^ _2653_/Q (sky130_fd_sc_hd__dfxtp_2)
                                                         net384 (net)
                      0.087255    0.000804    0.862677 ^ _2609_/A1 (sky130_fd_sc_hd__o211a_2)
     1    0.004751    0.051392    0.186825    1.049502 ^ _2609_/X (sky130_fd_sc_hd__o211a_2)
                                                         _0080_ (net)
                      0.051407    0.000359    1.049861 ^ hold529/A (sky130_fd_sc_hd__clkbuf_2)
     1    0.003890    0.033133    0.097181    1.147042 ^ hold529/X (sky130_fd_sc_hd__clkbuf_2)
                                                         net528 (net)
                      0.033136    0.000220    1.147263 ^ _2653_/D (sky130_fd_sc_hd__dfxtp_2)
                                              1.147263   data arrival time

                                  0.000000    0.000000   clock clk (rise edge)
                                  0.000000    0.000000   clock source latency
     1    0.030447    0.142407    0.099408    0.099408 ^ clk (in)
                                                         clk (net)
                      0.142457    0.000000    0.099408 ^ clkbuf_0_clk/A (sky130_fd_sc_hd__clkbuf_16)
    16    0.114557    0.129029    0.225226    0.324634 ^ clkbuf_0_clk/X (sky130_fd_sc_hd__clkbuf_16)
                                                         clknet_0_clk (net)
                      0.131402    0.013818    0.338453 ^ clkbuf_4_6_0_clk/A (sky130_fd_sc_hd__clkbuf_8)
     6    0.022783    0.055514    0.166727    0.505180 ^ clkbuf_4_6_0_clk/X (sky130_fd_sc_hd__clkbuf_8)
                                                         clknet_4_6_0_clk (net)
                      0.055557    0.001362    0.506542 ^ _2653_/CLK (sky130_fd_sc_hd__dfxtp_2)
                                  0.200000    0.706542   clock uncertainty
                                  0.000000    0.706542   clock reconvergence pessimism
                                 -0.027346    0.679196   library hold time
                                              0.679196   data required time
---------------------------------------------------------------------------------------------
                                              0.679196   data required time
                                             -1.147263   data arrival time
---------------------------------------------------------------------------------------------
                                              0.468066   slack (MET)


Startpoint: a_in[14] (input port clocked by clk)
Endpoint: _2636_ (rising edge-triggered flip-flop clocked by clk)
Path Group: clk
Path Type: min

Fanout         Cap        Slew       Delay        Time   Description
---------------------------------------------------------------------------------------------
                                  0.000000    0.000000   clock clk (rise edge)
                                  0.000000    0.000000   clock network delay (propagated)
                                  0.020000    0.020000 ^ input external delay
     1    0.014930    0.072949    0.050239    0.070239 ^ a_in[14] (in)
                                                         a_in[14] (net)
                      0.072978    0.000000    0.070239 ^ hold616/A (sky130_fd_sc_hd__clkbuf_2)
     1    0.006874    0.047831    0.116620    0.186860 ^ hold616/X (sky130_fd_sc_hd__clkbuf_2)
                                                         net615 (net)
                      0.047835    0.000492    0.187351 ^ hold417/A (sky130_fd_sc_hd__clkbuf_2)
     1    0.005770    0.042241    0.103264    0.290616 ^ hold417/X (sky130_fd_sc_hd__clkbuf_2)
                                                         net416 (net)
                      0.042245    0.000427    0.291043 ^ hold617/A (sky130_fd_sc_hd__clkbuf_2)
     1    0.002203    0.025281    0.086191    0.377234 ^ hold617/X (sky130_fd_sc_hd__clkbuf_2)
                                                         net616 (net)
                      0.025281    0.000103    0.377337 ^ input314/A (sky130_fd_sc_hd__buf_2)
     1    0.008679    0.052293    0.104958    0.482295 ^ input314/X (sky130_fd_sc_hd__buf_2)
                                                         net314 (net)
                      0.052301    0.000657    0.482951 ^ hold618/A (sky130_fd_sc_hd__clkbuf_2)
     1    0.009938    0.063120    0.120737    0.603688 ^ hold618/X (sky130_fd_sc_hd__clkbuf_2)
                                                         net617 (net)
                      0.063130    0.000786    0.604474 ^ hold418/A (sky130_fd_sc_hd__clkbuf_2)
     2    0.013576    0.081218    0.138307    0.742782 ^ hold418/X (sky130_fd_sc_hd__clkbuf_2)
                                                         net417 (net)
                      0.081225    0.000841    0.743623 ^ hold619/A (sky130_fd_sc_hd__clkbuf_2)
     1    0.005378    0.040554    0.113883    0.857506 ^ hold619/X (sky130_fd_sc_hd__clkbuf_2)
                                                         net618 (net)
                      0.040557    0.000399    0.857905 ^ _2564_/A2 (sky130_fd_sc_hd__o211a_2)
     1    0.009062    0.072774    0.185102    1.043007 ^ _2564_/X (sky130_fd_sc_hd__o211a_2)
                                                         _0063_ (net)
                      0.072780    0.000694    1.043701 ^ hold419/A (sky130_fd_sc_hd__clkbuf_2)
     1    0.006929    0.048102    0.116767    1.160468 ^ hold419/X (sky130_fd_sc_hd__clkbuf_2)
                                                         net418 (net)
                      0.048106    0.000477    1.160944 ^ _2636_/D (sky130_fd_sc_hd__dfxtp_2)
                                              1.160944   data arrival time

                                  0.000000    0.000000   clock clk (rise edge)
                                  0.000000    0.000000   clock source latency
     1    0.030447    0.142407    0.099408    0.099408 ^ clk (in)
                                                         clk (net)
                      0.142457    0.000000    0.099408 ^ clkbuf_0_clk/A (sky130_fd_sc_hd__clkbuf_16)
    16    0.114557    0.129029    0.225226    0.324634 ^ clkbuf_0_clk/X (sky130_fd_sc_hd__clkbuf_16)
                                                         clknet_0_clk (net)
                      0.131802    0.014944    0.339579 ^ clkbuf_4_4_0_clk/A (sky130_fd_sc_hd__clkbuf_8)
     6    0.028684    0.064541    0.173218    0.512797 ^ clkbuf_4_4_0_clk/X (sky130_fd_sc_hd__clkbuf_8)
                                                         clknet_4_4_0_clk (net)
                      0.064901    0.003400    0.516196 ^ _2636_/CLK (sky130_fd_sc_hd__dfxtp_2)
                                  0.200000    0.716196   clock uncertainty
                                  0.000000    0.716196   clock reconvergence pessimism
                                 -0.029211    0.686985   library hold time
                                              0.686985   data required time
---------------------------------------------------------------------------------------------
                                              0.686985   data required time
                                             -1.160944   data arrival time
---------------------------------------------------------------------------------------------
                                              0.473959   slack (MET)


Startpoint: _2693_ (rising edge-triggered flip-flop clocked by clk)
Endpoint: _2693_ (rising edge-triggered flip-flop clocked by clk)
Path Group: clk
Path Type: min

Fanout         Cap        Slew       Delay        Time   Description
---------------------------------------------------------------------------------------------
                                  0.000000    0.000000   clock clk (rise edge)
                                  0.000000    0.000000   clock source latency
     1    0.030447    0.142407    0.099408    0.099408 ^ clk (in)
                                                         clk (net)
                      0.142457    0.000000    0.099408 ^ clkbuf_0_clk/A (sky130_fd_sc_hd__clkbuf_16)
    16    0.114557    0.129029    0.225226    0.324634 ^ clkbuf_0_clk/X (sky130_fd_sc_hd__clkbuf_16)
                                                         clknet_0_clk (net)
                      0.130271    0.010037    0.334672 ^ clkbuf_4_12_0_clk/A (sky130_fd_sc_hd__clkbuf_8)
     6    0.023815    0.056980    0.167723    0.502394 ^ clkbuf_4_12_0_clk/X (sky130_fd_sc_hd__clkbuf_8)
                                                         clknet_4_12_0_clk (net)
                      0.057013    0.001194    0.503589 ^ _2693_/CLK (sky130_fd_sc_hd__dfxtp_2)
     5    0.022007    0.118039    0.377725    0.881314 ^ _2693_/Q (sky130_fd_sc_hd__dfxtp_2)
                                                         r4_acc[5] (net)
                      0.118048    0.001130    0.882443 ^ _2482_/A1 (sky130_fd_sc_hd__a22o_2)
     1    0.002033    0.030895    0.146363    1.028806 ^ _2482_/X (sky130_fd_sc_hd__a22o_2)
                                                         _0467_ (net)
                      0.030895    0.000094    1.028900 ^ _2483_/B (sky130_fd_sc_hd__and2_2)
     1    0.002455    0.035335    0.121500    1.150400 ^ _2483_/X (sky130_fd_sc_hd__and2_2)
                                                         _0468_ (net)
                      0.035335    0.000176    1.150576 ^ _2693_/D (sky130_fd_sc_hd__dfxtp_2)
                                              1.150576   data arrival time

                                  0.000000    0.000000   clock clk (rise edge)
                                  0.000000    0.000000   clock source latency
     1    0.030447    0.142407    0.099408    0.099408 ^ clk (in)
                                                         clk (net)
                      0.142457    0.000000    0.099408 ^ clkbuf_0_clk/A (sky130_fd_sc_hd__clkbuf_16)
    16    0.114557    0.129029    0.225226    0.324634 ^ clkbuf_0_clk/X (sky130_fd_sc_hd__clkbuf_16)
                                                         clknet_0_clk (net)
                      0.130271    0.010037    0.334672 ^ clkbuf_4_12_0_clk/A (sky130_fd_sc_hd__clkbuf_8)
     6    0.023815    0.056980    0.167723    0.502394 ^ clkbuf_4_12_0_clk/X (sky130_fd_sc_hd__clkbuf_8)
                                                         clknet_4_12_0_clk (net)
                      0.057013    0.001194    0.503589 ^ _2693_/CLK (sky130_fd_sc_hd__dfxtp_2)
                                  0.200000    0.703589   clock uncertainty
                                  0.000000    0.703589   clock reconvergence pessimism
                                 -0.027609    0.675980   library hold time
                                              0.675980   data required time
---------------------------------------------------------------------------------------------
                                              0.675980   data required time
                                             -1.150576   data arrival time
---------------------------------------------------------------------------------------------
                                              0.474597   slack (MET)


Startpoint: _2697_ (rising edge-triggered flip-flop clocked by clk)
Endpoint: _2697_ (rising edge-triggered flip-flop clocked by clk)
Path Group: clk
Path Type: min

Fanout         Cap        Slew       Delay        Time   Description
---------------------------------------------------------------------------------------------
                                  0.000000    0.000000   clock clk (rise edge)
                                  0.000000    0.000000   clock source latency
     1    0.030447    0.142407    0.099408    0.099408 ^ clk (in)
                                                         clk (net)
                      0.142457    0.000000    0.099408 ^ clkbuf_0_clk/A (sky130_fd_sc_hd__clkbuf_16)
    16    0.114557    0.129029    0.225226    0.324634 ^ clkbuf_0_clk/X (sky130_fd_sc_hd__clkbuf_16)
                                                         clknet_0_clk (net)
                      0.130271    0.010037    0.334672 ^ clkbuf_4_12_0_clk/A (sky130_fd_sc_hd__clkbuf_8)
     6    0.023815    0.056980    0.167723    0.502394 ^ clkbuf_4_12_0_clk/X (sky130_fd_sc_hd__clkbuf_8)
                                                         clknet_4_12_0_clk (net)
                      0.057022    0.001327    0.503721 ^ _2697_/CLK (sky130_fd_sc_hd__dfxtp_2)
     5    0.024409    0.129598    0.385917    0.889639 ^ _2697_/Q (sky130_fd_sc_hd__dfxtp_2)
                                                         r4_acc[9] (net)
                      0.129611    0.001363    0.891001 ^ _2501_/A1 (sky130_fd_sc_hd__a22o_2)
     1    0.002569    0.033125    0.152896    1.043897 ^ _2501_/X (sky130_fd_sc_hd__a22o_2)
                                                         _0482_ (net)
                      0.033133    0.000158    1.044055 ^ _2502_/B (sky130_fd_sc_hd__and2_2)
     1    0.001989    0.033327    0.119808    1.163864 ^ _2502_/X (sky130_fd_sc_hd__and2_2)
                                                         _0483_ (net)
                      0.033327    0.000089    1.163952 ^ _2697_/D (sky130_fd_sc_hd__dfxtp_2)
                                              1.163952   data arrival time

                                  0.000000    0.000000   clock clk (rise edge)
                                  0.000000    0.000000   clock source latency
     1    0.030447    0.142407    0.099408    0.099408 ^ clk (in)
                                                         clk (net)
                      0.142457    0.000000    0.099408 ^ clkbuf_0_clk/A (sky130_fd_sc_hd__clkbuf_16)
    16    0.114557    0.129029    0.225226    0.324634 ^ clkbuf_0_clk/X (sky130_fd_sc_hd__clkbuf_16)
                                                         clknet_0_clk (net)
                      0.130271    0.010037    0.334672 ^ clkbuf_4_12_0_clk/A (sky130_fd_sc_hd__clkbuf_8)
     6    0.023815    0.056980    0.167723    0.502394 ^ clkbuf_4_12_0_clk/X (sky130_fd_sc_hd__clkbuf_8)
                                                         clknet_4_12_0_clk (net)
                      0.057022    0.001327    0.503721 ^ _2697_/CLK (sky130_fd_sc_hd__dfxtp_2)
                                  0.200000    0.703721   clock uncertainty
                                  0.000000    0.703721   clock reconvergence pessimism
                                 -0.027193    0.676529   library hold time
                                              0.676529   data required time
---------------------------------------------------------------------------------------------
                                              0.676529   data required time
                                             -1.163952   data arrival time
---------------------------------------------------------------------------------------------
                                              0.487424   slack (MET)


Startpoint: _2699_ (rising edge-triggered flip-flop clocked by clk)
Endpoint: _2699_ (rising edge-triggered flip-flop clocked by clk)
Path Group: clk
Path Type: min

Fanout         Cap        Slew       Delay        Time   Description
---------------------------------------------------------------------------------------------
                                  0.000000    0.000000   clock clk (rise edge)
                                  0.000000    0.000000   clock source latency
     1    0.030447    0.142407    0.099408    0.099408 ^ clk (in)
                                                         clk (net)
                      0.142457    0.000000    0.099408 ^ clkbuf_0_clk/A (sky130_fd_sc_hd__clkbuf_16)
    16    0.114557    0.129029    0.225226    0.324634 ^ clkbuf_0_clk/X (sky130_fd_sc_hd__clkbuf_16)
                                                         clknet_0_clk (net)
                      0.130170    0.009635    0.334269 ^ clkbuf_4_13_0_clk/A (sky130_fd_sc_hd__clkbuf_8)
     6    0.028482    0.064237    0.172926    0.507195 ^ clkbuf_4_13_0_clk/X (sky130_fd_sc_hd__clkbuf_8)
                                                         clknet_4_13_0_clk (net)
                      0.064341    0.002241    0.509436 ^ _2699_/CLK (sky130_fd_sc_hd__dfxtp_2)
     5    0.025497    0.134858    0.392305    0.901741 ^ _2699_/Q (sky130_fd_sc_hd__dfxtp_2)
                                                         r4_acc[11] (net)
                      0.134871    0.001414    0.903155 ^ _2509_/A1 (sky130_fd_sc_hd__a22o_2)
     1    0.002007    0.030789    0.151461    1.054616 ^ _2509_/X (sky130_fd_sc_hd__a22o_2)
                                                         _0488_ (net)
                      0.030789    0.000136    1.054752 ^ _2510_/B (sky130_fd_sc_hd__and2_2)
     1    0.002326    0.034782    0.120815    1.175568 ^ _2510_/X (sky130_fd_sc_hd__and2_2)
                                                         _0489_ (net)
                      0.034782    0.000157    1.175725 ^ _2699_/D (sky130_fd_sc_hd__dfxtp_2)
                                              1.175725   data arrival time

                                  0.000000    0.000000   clock clk (rise edge)
                                  0.000000    0.000000   clock source latency
     1    0.030447    0.142407    0.099408    0.099408 ^ clk (in)
                                                         clk (net)
                      0.142457    0.000000    0.099408 ^ clkbuf_0_clk/A (sky130_fd_sc_hd__clkbuf_16)
    16    0.114557    0.129029    0.225226    0.324634 ^ clkbuf_0_clk/X (sky130_fd_sc_hd__clkbuf_16)
                                                         clknet_0_clk (net)
                      0.130170    0.009635    0.334269 ^ clkbuf_4_13_0_clk/A (sky130_fd_sc_hd__clkbuf_8)
     6    0.028482    0.064237    0.172926    0.507195 ^ clkbuf_4_13_0_clk/X (sky130_fd_sc_hd__clkbuf_8)
                                                         clknet_4_13_0_clk (net)
                      0.064341    0.002241    0.509436 ^ _2699_/CLK (sky130_fd_sc_hd__dfxtp_2)
                                  0.200000    0.709436   clock uncertainty
                                  0.000000    0.709436   clock reconvergence pessimism
                                 -0.026532    0.682904   library hold time
                                              0.682904   data required time
---------------------------------------------------------------------------------------------
                                              0.682904   data required time
                                             -1.175725   data arrival time
---------------------------------------------------------------------------------------------
                                              0.492820   slack (MET)


Startpoint: _2690_ (rising edge-triggered flip-flop clocked by clk)
Endpoint: _2690_ (rising edge-triggered flip-flop clocked by clk)
Path Group: clk
Path Type: min

Fanout         Cap        Slew       Delay        Time   Description
---------------------------------------------------------------------------------------------
                                  0.000000    0.000000   clock clk (rise edge)
                                  0.000000    0.000000   clock source latency
     1    0.030447    0.142407    0.099408    0.099408 ^ clk (in)
                                                         clk (net)
                      0.142457    0.000000    0.099408 ^ clkbuf_0_clk/A (sky130_fd_sc_hd__clkbuf_16)
    16    0.114557    0.129029    0.225226    0.324634 ^ clkbuf_0_clk/X (sky130_fd_sc_hd__clkbuf_16)
                                                         clknet_0_clk (net)
                      0.130443    0.010691    0.335326 ^ clkbuf_4_15_0_clk/A (sky130_fd_sc_hd__clkbuf_8)
     6    0.025126    0.058962    0.169285    0.504611 ^ clkbuf_4_15_0_clk/X (sky130_fd_sc_hd__clkbuf_8)
                                                         clknet_4_15_0_clk (net)
                      0.059006    0.001399    0.506010 ^ _2690_/CLK (sky130_fd_sc_hd__dfxtp_2)
     6    0.026406    0.139185    0.393611    0.899622 ^ _2690_/Q (sky130_fd_sc_hd__dfxtp_2)
                                                         r4_acc[2] (net)
                      0.139188    0.000912    0.900533 ^ _2462_/A1 (sky130_fd_sc_hd__a22o_2)
     1    0.002130    0.031299    0.153396    1.053930 ^ _2462_/X (sky130_fd_sc_hd__a22o_2)
                                                         _0450_ (net)
                      0.031299    0.000144    1.054074 ^ _2463_/B (sky130_fd_sc_hd__and2_2)
     1    0.001981    0.033298    0.119201    1.173274 ^ _2463_/X (sky130_fd_sc_hd__and2_2)
                                                         _0451_ (net)
                      0.033298    0.000141    1.173416 ^ _2690_/D (sky130_fd_sc_hd__dfxtp_2)
                                              1.173416   data arrival time

                                  0.000000    0.000000   clock clk (rise edge)
                                  0.000000    0.000000   clock source latency
     1    0.030447    0.142407    0.099408    0.099408 ^ clk (in)
                                                         clk (net)
                      0.142457    0.000000    0.099408 ^ clkbuf_0_clk/A (sky130_fd_sc_hd__clkbuf_16)
    16    0.114557    0.129029    0.225226    0.324634 ^ clkbuf_0_clk/X (sky130_fd_sc_hd__clkbuf_16)
                                                         clknet_0_clk (net)
                      0.130443    0.010691    0.335326 ^ clkbuf_4_15_0_clk/A (sky130_fd_sc_hd__clkbuf_8)
     6    0.025126    0.058962    0.169285    0.504611 ^ clkbuf_4_15_0_clk/X (sky130_fd_sc_hd__clkbuf_8)
                                                         clknet_4_15_0_clk (net)
                      0.059006    0.001399    0.506010 ^ _2690_/CLK (sky130_fd_sc_hd__dfxtp_2)
                                  0.200000    0.706011   clock uncertainty
                                  0.000000    0.706011   clock reconvergence pessimism
                                 -0.026926    0.679085   library hold time
                                              0.679085   data required time
---------------------------------------------------------------------------------------------
                                              0.679085   data required time
                                             -1.173416   data arrival time
---------------------------------------------------------------------------------------------
                                              0.494331   slack (MET)


Startpoint: _2654_ (rising edge-triggered flip-flop clocked by clk)
Endpoint: _2654_ (rising edge-triggered flip-flop clocked by clk)
Path Group: clk
Path Type: min

Fanout         Cap        Slew       Delay        Time   Description
---------------------------------------------------------------------------------------------
                                  0.000000    0.000000   clock clk (rise edge)
                                  0.000000    0.000000   clock source latency
     1    0.030447    0.142407    0.099408    0.099408 ^ clk (in)
                                                         clk (net)
                      0.142457    0.000000    0.099408 ^ clkbuf_0_clk/A (sky130_fd_sc_hd__clkbuf_16)
    16    0.114557    0.129029    0.225226    0.324634 ^ clkbuf_0_clk/X (sky130_fd_sc_hd__clkbuf_16)
                                                         clknet_0_clk (net)
                      0.131402    0.013818    0.338453 ^ clkbuf_4_6_0_clk/A (sky130_fd_sc_hd__clkbuf_8)
     6    0.022783    0.055514    0.166727    0.505180 ^ clkbuf_4_6_0_clk/X (sky130_fd_sc_hd__clkbuf_8)
                                                         clknet_4_6_0_clk (net)
                      0.055514    0.000575    0.505755 ^ _2654_/CLK (sky130_fd_sc_hd__dfxtp_2)
     3    0.026438    0.139372    0.392245    0.898000 ^ _2654_/Q (sky130_fd_sc_hd__dfxtp_2)
                                                         r2_sign (net)
                      0.139380    0.001234    0.899234 ^ _2611_/A1 (sky130_fd_sc_hd__o211a_2)
     1    0.002871    0.041585    0.187624    1.086858 ^ _2611_/X (sky130_fd_sc_hd__o211a_2)
                                                         _0081_ (net)
                      0.041585    0.000199    1.087057 ^ hold542/A (sky130_fd_sc_hd__clkbuf_2)
     1    0.002667    0.027379    0.088077    1.175133 ^ hold542/X (sky130_fd_sc_hd__clkbuf_2)
                                                         net541 (net)
                      0.027379    0.000166    1.175300 ^ _2654_/D (sky130_fd_sc_hd__dfxtp_2)
                                              1.175300   data arrival time

                                  0.000000    0.000000   clock clk (rise edge)
                                  0.000000    0.000000   clock source latency
     1    0.030447    0.142407    0.099408    0.099408 ^ clk (in)
                                                         clk (net)
                      0.142457    0.000000    0.099408 ^ clkbuf_0_clk/A (sky130_fd_sc_hd__clkbuf_16)
    16    0.114557    0.129029    0.225226    0.324634 ^ clkbuf_0_clk/X (sky130_fd_sc_hd__clkbuf_16)
                                                         clknet_0_clk (net)
                      0.131402    0.013818    0.338453 ^ clkbuf_4_6_0_clk/A (sky130_fd_sc_hd__clkbuf_8)
     6    0.022783    0.055514    0.166727    0.505180 ^ clkbuf_4_6_0_clk/X (sky130_fd_sc_hd__clkbuf_8)
                                                         clknet_4_6_0_clk (net)
                      0.055514    0.000575    0.505755 ^ _2654_/CLK (sky130_fd_sc_hd__dfxtp_2)
                                  0.200000    0.705755   clock uncertainty
                                  0.000000    0.705755   clock reconvergence pessimism
                                 -0.026160    0.679595   library hold time
                                              0.679595   data required time
---------------------------------------------------------------------------------------------
                                              0.679595   data required time
                                             -1.175300   data arrival time
---------------------------------------------------------------------------------------------
                                              0.495705   slack (MET)


Startpoint: _2696_ (rising edge-triggered flip-flop clocked by clk)
Endpoint: _2696_ (rising edge-triggered flip-flop clocked by clk)
Path Group: clk
Path Type: min

Fanout         Cap        Slew       Delay        Time   Description
---------------------------------------------------------------------------------------------
                                  0.000000    0.000000   clock clk (rise edge)
                                  0.000000    0.000000   clock source latency
     1    0.030447    0.142407    0.099408    0.099408 ^ clk (in)
                                                         clk (net)
                      0.142457    0.000000    0.099408 ^ clkbuf_0_clk/A (sky130_fd_sc_hd__clkbuf_16)
    16    0.114557    0.129029    0.225226    0.324634 ^ clkbuf_0_clk/X (sky130_fd_sc_hd__clkbuf_16)
                                                         clknet_0_clk (net)
                      0.129934    0.008617    0.333251 ^ clkbuf_4_8_0_clk/A (sky130_fd_sc_hd__clkbuf_8)
     6    0.026264    0.060671    0.170466    0.503717 ^ clkbuf_4_8_0_clk/X (sky130_fd_sc_hd__clkbuf_8)
                                                         clknet_4_8_0_clk (net)
                      0.060687    0.001011    0.504729 ^ _2696_/CLK (sky130_fd_sc_hd__dfxtp_2)
     5    0.026280    0.138170    0.393062    0.897791 ^ _2696_/Q (sky130_fd_sc_hd__dfxtp_2)
                                                         r4_acc[8] (net)
                      0.138237    0.002819    0.900610 ^ _2497_/A1 (sky130_fd_sc_hd__a22o_2)
     1    0.002155    0.031404    0.153246    1.053856 ^ _2497_/X (sky130_fd_sc_hd__a22o_2)
                                                         _0479_ (net)
                      0.031404    0.000152    1.054008 ^ _2498_/B (sky130_fd_sc_hd__and2_2)
     1    0.002071    0.033685    0.119693    1.173701 ^ _2498_/X (sky130_fd_sc_hd__and2_2)
                                                         _0480_ (net)
                      0.033685    0.000146    1.173847 ^ _2696_/D (sky130_fd_sc_hd__dfxtp_2)
                                              1.173847   data arrival time

                                  0.000000    0.000000   clock clk (rise edge)
                                  0.000000    0.000000   clock source latency
     1    0.030447    0.142407    0.099408    0.099408 ^ clk (in)
                                                         clk (net)
                      0.142457    0.000000    0.099408 ^ clkbuf_0_clk/A (sky130_fd_sc_hd__clkbuf_16)
    16    0.114557    0.129029    0.225226    0.324634 ^ clkbuf_0_clk/X (sky130_fd_sc_hd__clkbuf_16)
                                                         clknet_0_clk (net)
                      0.129934    0.008617    0.333251 ^ clkbuf_4_8_0_clk/A (sky130_fd_sc_hd__clkbuf_8)
     6    0.026264    0.060671    0.170466    0.503717 ^ clkbuf_4_8_0_clk/X (sky130_fd_sc_hd__clkbuf_8)
                                                         clknet_4_8_0_clk (net)
                      0.060687    0.001011    0.504729 ^ _2696_/CLK (sky130_fd_sc_hd__dfxtp_2)
                                  0.200000    0.704729   clock uncertainty
                                  0.000000    0.704729   clock reconvergence pessimism
                                 -0.026785    0.677944   library hold time
                                              0.677944   data required time
---------------------------------------------------------------------------------------------
                                              0.677944   data required time
                                             -1.173847   data arrival time
---------------------------------------------------------------------------------------------
                                              0.495903   slack (MET)


Startpoint: _2702_ (rising edge-triggered flip-flop clocked by clk)
Endpoint: _2702_ (rising edge-triggered flip-flop clocked by clk)
Path Group: clk
Path Type: min

Fanout         Cap        Slew       Delay        Time   Description
---------------------------------------------------------------------------------------------
                                  0.000000    0.000000   clock clk (rise edge)
                                  0.000000    0.000000   clock source latency
     1    0.030447    0.142407    0.099408    0.099408 ^ clk (in)
                                                         clk (net)
                      0.142457    0.000000    0.099408 ^ clkbuf_0_clk/A (sky130_fd_sc_hd__clkbuf_16)
    16    0.114557    0.129029    0.225226    0.324634 ^ clkbuf_0_clk/X (sky130_fd_sc_hd__clkbuf_16)
                                                         clknet_0_clk (net)
                      0.130170    0.009635    0.334269 ^ clkbuf_4_13_0_clk/A (sky130_fd_sc_hd__clkbuf_8)
     6    0.028482    0.064237    0.172926    0.507195 ^ clkbuf_4_13_0_clk/X (sky130_fd_sc_hd__clkbuf_8)
                                                         clknet_4_13_0_clk (net)
                      0.064374    0.002537    0.509732 ^ _2702_/CLK (sky130_fd_sc_hd__dfxtp_2)
     4    0.023478    0.125118    0.385508    0.895240 ^ _2702_/Q (sky130_fd_sc_hd__dfxtp_2)
                                                         r4_acc[14] (net)
                      0.125132    0.001381    0.896621 ^ _2524_/A1 (sky130_fd_sc_hd__a22o_2)
     1    0.004266    0.040788    0.160513    1.057134 ^ _2524_/X (sky130_fd_sc_hd__a22o_2)
                                                         _0500_ (net)
                      0.040788    0.000305    1.057439 ^ _2525_/B (sky130_fd_sc_hd__and2_2)
     1    0.002231    0.034357    0.123351    1.180790 ^ _2525_/X (sky130_fd_sc_hd__and2_2)
                                                         _0501_ (net)
                      0.034357    0.000157    1.180947 ^ _2702_/D (sky130_fd_sc_hd__dfxtp_2)
                                              1.180947   data arrival time

                                  0.000000    0.000000   clock clk (rise edge)
                                  0.000000    0.000000   clock source latency
     1    0.030447    0.142407    0.099408    0.099408 ^ clk (in)
                                                         clk (net)
                      0.142457    0.000000    0.099408 ^ clkbuf_0_clk/A (sky130_fd_sc_hd__clkbuf_16)
    16    0.114557    0.129029    0.225226    0.324634 ^ clkbuf_0_clk/X (sky130_fd_sc_hd__clkbuf_16)
                                                         clknet_0_clk (net)
                      0.130170    0.009635    0.334269 ^ clkbuf_4_13_0_clk/A (sky130_fd_sc_hd__clkbuf_8)
     6    0.028482    0.064237    0.172926    0.507195 ^ clkbuf_4_13_0_clk/X (sky130_fd_sc_hd__clkbuf_8)
                                                         clknet_4_13_0_clk (net)
                      0.064374    0.002537    0.509732 ^ _2702_/CLK (sky130_fd_sc_hd__dfxtp_2)
                                  0.200000    0.709732   clock uncertainty
                                  0.000000    0.709732   clock reconvergence pessimism
                                 -0.026440    0.683292   library hold time
                                              0.683292   data required time
---------------------------------------------------------------------------------------------
                                              0.683292   data required time
                                             -1.180947   data arrival time
---------------------------------------------------------------------------------------------
                                              0.497654   slack (MET)


Startpoint: a_in[6] (input port clocked by clk)
Endpoint: _2628_ (rising edge-triggered flip-flop clocked by clk)
Path Group: clk
Path Type: min

Fanout         Cap        Slew       Delay        Time   Description
---------------------------------------------------------------------------------------------
                                  0.000000    0.000000   clock clk (rise edge)
                                  0.000000    0.000000   clock network delay (propagated)
                                  0.020000    0.020000 ^ input external delay
     1    0.013229    0.065409    0.045016    0.065016 ^ a_in[6] (in)
                                                         a_in[6] (net)
                      0.065437    0.000000    0.065016 ^ hold648/A (sky130_fd_sc_hd__clkbuf_2)
     1    0.020454    0.116808    0.163492    0.228508 ^ hold648/X (sky130_fd_sc_hd__clkbuf_2)
                                                         net647 (net)
                      0.116887    0.001702    0.230211 ^ hold447/A (sky130_fd_sc_hd__clkbuf_2)
     1    0.004093    0.034824    0.121948    0.352159 ^ hold447/X (sky130_fd_sc_hd__clkbuf_2)
                                                         net446 (net)
                      0.034825    0.000271    0.352430 ^ hold649/A (sky130_fd_sc_hd__clkbuf_2)
     1    0.016437    0.095912    0.138187    0.490617 ^ hold649/X (sky130_fd_sc_hd__clkbuf_2)
                                                         net648 (net)
                      0.095986    0.001508    0.492125 ^ input321/A (sky130_fd_sc_hd__buf_2)
     1    0.010918    0.062404    0.138966    0.631091 ^ input321/X (sky130_fd_sc_hd__buf_2)
                                                         net321 (net)
                      0.062419    0.000938    0.632029 ^ hold650/A (sky130_fd_sc_hd__clkbuf_2)
     1    0.002846    0.028285    0.096382    0.728411 ^ hold650/X (sky130_fd_sc_hd__clkbuf_2)
                                                         net649 (net)
                      0.028285    0.000203    0.728613 ^ hold448/A (sky130_fd_sc_hd__clkbuf_2)
     2    0.005965    0.043238    0.097092    0.825705 ^ hold448/X (sky130_fd_sc_hd__clkbuf_2)
                                                         net447 (net)
                      0.043241    0.000398    0.826104 ^ hold651/A (sky130_fd_sc_hd__clkbuf_2)
     1    0.003966    0.033520    0.094604    0.920708 ^ hold651/X (sky130_fd_sc_hd__clkbuf_2)
                                                         net650 (net)
                      0.033523    0.000261    0.920968 ^ _2548_/A2 (sky130_fd_sc_hd__o211a_2)
     1    0.004194    0.048321    0.159972    1.080940 ^ _2548_/X (sky130_fd_sc_hd__o211a_2)
                                                         _0055_ (net)
                      0.048331    0.000394    1.081334 ^ hold449/A (sky130_fd_sc_hd__clkbuf_2)
     1    0.002526    0.026735    0.089839    1.171174 ^ hold449/X (sky130_fd_sc_hd__clkbuf_2)
                                                         net448 (net)
                      0.026735    0.000168    1.171342 ^ _2628_/D (sky130_fd_sc_hd__dfxtp_2)
                                              1.171342   data arrival time

                                  0.000000    0.000000   clock clk (rise edge)
                                  0.000000    0.000000   clock source latency
     1    0.030447    0.142407    0.099408    0.099408 ^ clk (in)
                                                         clk (net)
                      0.142457    0.000000    0.099408 ^ clkbuf_0_clk/A (sky130_fd_sc_hd__clkbuf_16)
    16    0.114557    0.129029    0.225226    0.324634 ^ clkbuf_0_clk/X (sky130_fd_sc_hd__clkbuf_16)
                                                         clknet_0_clk (net)
                      0.130355    0.010363    0.334997 ^ clkbuf_4_3_0_clk/A (sky130_fd_sc_hd__clkbuf_8)
     6    0.017917    0.048381    0.159673    0.494670 ^ clkbuf_4_3_0_clk/X (sky130_fd_sc_hd__clkbuf_8)
                                                         clknet_4_3_0_clk (net)
                      0.048401    0.000920    0.495591 ^ _2628_/CLK (sky130_fd_sc_hd__dfxtp_2)
                                  0.200000    0.695591   clock uncertainty
                                  0.000000    0.695591   clock reconvergence pessimism
                                 -0.026960    0.668630   library hold time
                                              0.668630   data required time
---------------------------------------------------------------------------------------------
                                              0.668630   data required time
                                             -1.171342   data arrival time
---------------------------------------------------------------------------------------------
                                              0.502711   slack (MET)


Startpoint: _2695_ (rising edge-triggered flip-flop clocked by clk)
Endpoint: _2695_ (rising edge-triggered flip-flop clocked by clk)
Path Group: clk
Path Type: min

Fanout         Cap        Slew       Delay        Time   Description
---------------------------------------------------------------------------------------------
                                  0.000000    0.000000   clock clk (rise edge)
                                  0.000000    0.000000   clock source latency
     1    0.030447    0.142407    0.099408    0.099408 ^ clk (in)
                                                         clk (net)
                      0.142457    0.000000    0.099408 ^ clkbuf_0_clk/A (sky130_fd_sc_hd__clkbuf_16)
    16    0.114557    0.129029    0.225226    0.324634 ^ clkbuf_0_clk/X (sky130_fd_sc_hd__clkbuf_16)
                                                         clknet_0_clk (net)
                      0.129934    0.008617    0.333251 ^ clkbuf_4_8_0_clk/A (sky130_fd_sc_hd__clkbuf_8)
     6    0.026264    0.060671    0.170466    0.503717 ^ clkbuf_4_8_0_clk/X (sky130_fd_sc_hd__clkbuf_8)
                                                         clknet_4_8_0_clk (net)
                      0.060719    0.001533    0.505251 ^ _2695_/CLK (sky130_fd_sc_hd__dfxtp_2)
     5    0.026126    0.137815    0.393376    0.898627 ^ _2695_/Q (sky130_fd_sc_hd__dfxtp_2)
                                                         r4_acc[7] (net)
                      0.137815    0.000167    0.898794 ^ _2493_/A1 (sky130_fd_sc_hd__a22o_2)
     1    0.003236    0.035927    0.158902    1.057696 ^ _2493_/X (sky130_fd_sc_hd__a22o_2)
                                                         _0476_ (net)
                      0.035928    0.000182    1.057878 ^ _2494_/B (sky130_fd_sc_hd__and2_2)
     1    0.002654    0.036178    0.124043    1.181921 ^ _2494_/X (sky130_fd_sc_hd__and2_2)
                                                         _0477_ (net)
                      0.036178    0.000186    1.182107 ^ _2695_/D (sky130_fd_sc_hd__dfxtp_2)
                                              1.182107   data arrival time

                                  0.000000    0.000000   clock clk (rise edge)
                                  0.000000    0.000000   clock source latency
     1    0.030447    0.142407    0.099408    0.099408 ^ clk (in)
                                                         clk (net)
                      0.142457    0.000000    0.099408 ^ clkbuf_0_clk/A (sky130_fd_sc_hd__clkbuf_16)
    16    0.114557    0.129029    0.225226    0.324634 ^ clkbuf_0_clk/X (sky130_fd_sc_hd__clkbuf_16)
                                                         clknet_0_clk (net)
                      0.129934    0.008617    0.333251 ^ clkbuf_4_8_0_clk/A (sky130_fd_sc_hd__clkbuf_8)
     6    0.026264    0.060671    0.170466    0.503717 ^ clkbuf_4_8_0_clk/X (sky130_fd_sc_hd__clkbuf_8)
                                                         clknet_4_8_0_clk (net)
                      0.060719    0.001533    0.505251 ^ _2695_/CLK (sky130_fd_sc_hd__dfxtp_2)
                                  0.200000    0.705251   clock uncertainty
                                  0.000000    0.705251   clock reconvergence pessimism
                                 -0.027296    0.677954   library hold time
                                              0.677954   data required time
---------------------------------------------------------------------------------------------
                                              0.677954   data required time
                                             -1.182107   data arrival time
---------------------------------------------------------------------------------------------
                                              0.504152   slack (MET)


Startpoint: _2701_ (rising edge-triggered flip-flop clocked by clk)
Endpoint: _2701_ (rising edge-triggered flip-flop clocked by clk)
Path Group: clk
Path Type: min

Fanout         Cap        Slew       Delay        Time   Description
---------------------------------------------------------------------------------------------
                                  0.000000    0.000000   clock clk (rise edge)
                                  0.000000    0.000000   clock source latency
     1    0.030447    0.142407    0.099408    0.099408 ^ clk (in)
                                                         clk (net)
                      0.142457    0.000000    0.099408 ^ clkbuf_0_clk/A (sky130_fd_sc_hd__clkbuf_16)
    16    0.114557    0.129029    0.225226    0.324634 ^ clkbuf_0_clk/X (sky130_fd_sc_hd__clkbuf_16)
                                                         clknet_0_clk (net)
                      0.130170    0.009635    0.334269 ^ clkbuf_4_13_0_clk/A (sky130_fd_sc_hd__clkbuf_8)
     6    0.028482    0.064237    0.172926    0.507195 ^ clkbuf_4_13_0_clk/X (sky130_fd_sc_hd__clkbuf_8)
                                                         clknet_4_13_0_clk (net)
                      0.064369    0.002493    0.509688 ^ _2701_/CLK (sky130_fd_sc_hd__dfxtp_2)
     5    0.027583    0.144901    0.399488    0.909176 ^ _2701_/Q (sky130_fd_sc_hd__dfxtp_2)
                                                         r4_acc[13] (net)
                      0.144915    0.001504    0.910680 ^ _2520_/A1 (sky130_fd_sc_hd__a22o_2)
     1    0.002528    0.032956    0.157222    1.067902 ^ _2520_/X (sky130_fd_sc_hd__a22o_2)
                                                         _0497_ (net)
                      0.032956    0.000174    1.068076 ^ _2521_/B (sky130_fd_sc_hd__and2_2)
     1    0.002083    0.033731    0.120234    1.188310 ^ _2521_/X (sky130_fd_sc_hd__and2_2)
                                                         _0498_ (net)
                      0.033731    0.000095    1.188405 ^ _2701_/D (sky130_fd_sc_hd__dfxtp_2)
                                              1.188405   data arrival time

                                  0.000000    0.000000   clock clk (rise edge)
                                  0.000000    0.000000   clock source latency
     1    0.030447    0.142407    0.099408    0.099408 ^ clk (in)
                                                         clk (net)
                      0.142457    0.000000    0.099408 ^ clkbuf_0_clk/A (sky130_fd_sc_hd__clkbuf_16)
    16    0.114557    0.129029    0.225226    0.324634 ^ clkbuf_0_clk/X (sky130_fd_sc_hd__clkbuf_16)
                                                         clknet_0_clk (net)
                      0.130170    0.009635    0.334269 ^ clkbuf_4_13_0_clk/A (sky130_fd_sc_hd__clkbuf_8)
     6    0.028482    0.064237    0.172926    0.507195 ^ clkbuf_4_13_0_clk/X (sky130_fd_sc_hd__clkbuf_8)
                                                         clknet_4_13_0_clk (net)
                      0.064369    0.002493    0.509688 ^ _2701_/CLK (sky130_fd_sc_hd__dfxtp_2)
                                  0.200000    0.709688   clock uncertainty
                                  0.000000    0.709688   clock reconvergence pessimism
                                 -0.026311    0.683377   library hold time
                                              0.683377   data required time
---------------------------------------------------------------------------------------------
                                              0.683377   data required time
                                             -1.188405   data arrival time
---------------------------------------------------------------------------------------------
                                              0.505028   slack (MET)


Startpoint: _2661_ (rising edge-triggered flip-flop clocked by clk)
Endpoint: _2661_ (rising edge-triggered flip-flop clocked by clk)
Path Group: clk
Path Type: min

Fanout         Cap        Slew       Delay        Time   Description
---------------------------------------------------------------------------------------------
                                  0.000000    0.000000   clock clk (rise edge)
                                  0.000000    0.000000   clock source latency
     1    0.030447    0.142407    0.099408    0.099408 ^ clk (in)
                                                         clk (net)
                      0.142457    0.000000    0.099408 ^ clkbuf_0_clk/A (sky130_fd_sc_hd__clkbuf_16)
    16    0.114557    0.129029    0.225226    0.324634 ^ clkbuf_0_clk/X (sky130_fd_sc_hd__clkbuf_16)
                                                         clknet_0_clk (net)
                      0.130958    0.012459    0.337094 ^ clkbuf_4_1_0_clk/A (sky130_fd_sc_hd__clkbuf_8)
     6    0.018281    0.048935    0.160508    0.497601 ^ clkbuf_4_1_0_clk/X (sky130_fd_sc_hd__clkbuf_8)
                                                         clknet_4_1_0_clk (net)
                      0.048935    0.000114    0.497715 ^ _2661_/CLK (sky130_fd_sc_hd__dfxtp_2)
     6    0.027727    0.145587    0.394433    0.892149 ^ _2661_/Q (sky130_fd_sc_hd__dfxtp_2)
                                                         r2_mantissa[6] (net)
                      0.145597    0.001332    0.893480 ^ _1351_/A1 (sky130_fd_sc_hd__o211a_2)
     1    0.003530    0.045167    0.192887    1.086367 ^ _1351_/X (sky130_fd_sc_hd__o211a_2)
                                                         _0006_ (net)
                      0.045178    0.000232    1.086600 ^ hold579/A (sky130_fd_sc_hd__clkbuf_2)
     1    0.003447    0.031005    0.092923    1.179523 ^ hold579/X (sky130_fd_sc_hd__clkbuf_2)
                                                         net578 (net)
                      0.031006    0.000218    1.179741 ^ _2661_/D (sky130_fd_sc_hd__dfxtp_2)
                                              1.179741   data arrival time

                                  0.000000    0.000000   clock clk (rise edge)
                                  0.000000    0.000000   clock source latency
     1    0.030447    0.142407    0.099408    0.099408 ^ clk (in)
                                                         clk (net)
                      0.142457    0.000000    0.099408 ^ clkbuf_0_clk/A (sky130_fd_sc_hd__clkbuf_16)
    16    0.114557    0.129029    0.225226    0.324634 ^ clkbuf_0_clk/X (sky130_fd_sc_hd__clkbuf_16)
                                                         clknet_0_clk (net)
                      0.130958    0.012459    0.337094 ^ clkbuf_4_1_0_clk/A (sky130_fd_sc_hd__clkbuf_8)
     6    0.018281    0.048935    0.160508    0.497601 ^ clkbuf_4_1_0_clk/X (sky130_fd_sc_hd__clkbuf_8)
                                                         clknet_4_1_0_clk (net)
                      0.048935    0.000114    0.497715 ^ _2661_/CLK (sky130_fd_sc_hd__dfxtp_2)
                                  0.200000    0.697715   clock uncertainty
                                  0.000000    0.697715   clock reconvergence pessimism
                                 -0.027775    0.669941   library hold time
                                              0.669941   data required time
---------------------------------------------------------------------------------------------
                                              0.669941   data required time
                                             -1.179741   data arrival time
---------------------------------------------------------------------------------------------
                                              0.509800   slack (MET)


Startpoint: b_in[14] (input port clocked by clk)
Endpoint: _2652_ (rising edge-triggered flip-flop clocked by clk)
Path Group: clk
Path Type: min

Fanout         Cap        Slew       Delay        Time   Description
---------------------------------------------------------------------------------------------
                                  0.000000    0.000000   clock clk (rise edge)
                                  0.000000    0.000000   clock network delay (propagated)
                                  0.020000    0.020000 ^ input external delay
     2    0.021249    0.101300    0.069936    0.089936 ^ b_in[14] (in)
                                                         b_in[14] (net)
                      0.101314    0.000000    0.089936 ^ hold558/A (sky130_fd_sc_hd__clkbuf_2)
     1    0.004941    0.038644    0.119562    0.209497 ^ hold558/X (sky130_fd_sc_hd__clkbuf_2)
                                                         net557 (net)
                      0.038646    0.000331    0.209829 ^ hold480/A (sky130_fd_sc_hd__clkbuf_2)
     1    0.005827    0.042539    0.100233    0.310062 ^ hold480/X (sky130_fd_sc_hd__clkbuf_2)
                                                         net479 (net)
                      0.042543    0.000419    0.310481 ^ hold559/A (sky130_fd_sc_hd__clkbuf_2)
     1    0.002963    0.028715    0.089770    0.400251 ^ hold559/X (sky130_fd_sc_hd__clkbuf_2)
                                                         net558 (net)
                      0.028720    0.000192    0.400443 ^ input330/A (sky130_fd_sc_hd__buf_2)
     1    0.004416    0.033654    0.091222    0.491665 ^ input330/X (sky130_fd_sc_hd__buf_2)
                                                         net330 (net)
                      0.033655    0.000303    0.491968 ^ hold560/A (sky130_fd_sc_hd__clkbuf_2)
     1    0.003667    0.032093    0.089828    0.581796 ^ hold560/X (sky130_fd_sc_hd__clkbuf_2)
                                                         net559 (net)
                      0.032095    0.000240    0.582036 ^ hold481/A (sky130_fd_sc_hd__clkbuf_2)
     2    0.021869    0.124483    0.156152    0.738188 ^ hold481/X (sky130_fd_sc_hd__clkbuf_2)
                                                         net480 (net)
                      0.124568    0.002654    0.740842 ^ hold561/A (sky130_fd_sc_hd__clkbuf_2)
     2    0.010946    0.068317    0.150717    0.891559 ^ hold561/X (sky130_fd_sc_hd__clkbuf_2)
                                                         net560 (net)
                      0.068330    0.000939    0.892498 ^ _2602_/A2 (sky130_fd_sc_hd__o211a_2)
     1    0.007602    0.065026    0.185422    1.077920 ^ _2602_/X (sky130_fd_sc_hd__o211a_2)
                                                         _0079_ (net)
                      0.065031    0.000607    1.078526 ^ hold482/A (sky130_fd_sc_hd__clkbuf_2)
     1    0.005799    0.042472    0.109603    1.188129 ^ hold482/X (sky130_fd_sc_hd__clkbuf_2)
                                                         net481 (net)
                      0.042475    0.000400    1.188529 ^ _2652_/D (sky130_fd_sc_hd__dfxtp_2)
                                              1.188529   data arrival time

                                  0.000000    0.000000   clock clk (rise edge)
                                  0.000000    0.000000   clock source latency
     1    0.030447    0.142407    0.099408    0.099408 ^ clk (in)
                                                         clk (net)
                      0.142457    0.000000    0.099408 ^ clkbuf_0_clk/A (sky130_fd_sc_hd__clkbuf_16)
    16    0.114557    0.129029    0.225226    0.324634 ^ clkbuf_0_clk/X (sky130_fd_sc_hd__clkbuf_16)
                                                         clknet_0_clk (net)
                      0.131402    0.013818    0.338453 ^ clkbuf_4_6_0_clk/A (sky130_fd_sc_hd__clkbuf_8)
     6    0.022783    0.055514    0.166727    0.505180 ^ clkbuf_4_6_0_clk/X (sky130_fd_sc_hd__clkbuf_8)
                                                         clknet_4_6_0_clk (net)
                      0.055561    0.001405    0.506585 ^ _2652_/CLK (sky130_fd_sc_hd__dfxtp_2)
                                  0.200000    0.706585   clock uncertainty
                                  0.000000    0.706585   clock reconvergence pessimism
                                 -0.029277    0.677309   library hold time
                                              0.677309   data required time
---------------------------------------------------------------------------------------------
                                              0.677309   data required time
                                             -1.188529   data arrival time
---------------------------------------------------------------------------------------------
                                              0.511220   slack (MET)


Startpoint: _2659_ (rising edge-triggered flip-flop clocked by clk)
Endpoint: _2659_ (rising edge-triggered flip-flop clocked by clk)
Path Group: clk
Path Type: min

Fanout         Cap        Slew       Delay        Time   Description
---------------------------------------------------------------------------------------------
                                  0.000000    0.000000   clock clk (rise edge)
                                  0.000000    0.000000   clock source latency
     1    0.030447    0.142407    0.099408    0.099408 ^ clk (in)
                                                         clk (net)
                      0.142457    0.000000    0.099408 ^ clkbuf_0_clk/A (sky130_fd_sc_hd__clkbuf_16)
    16    0.114557    0.129029    0.225226    0.324634 ^ clkbuf_0_clk/X (sky130_fd_sc_hd__clkbuf_16)
                                                         clknet_0_clk (net)
                      0.130355    0.010363    0.334997 ^ clkbuf_4_3_0_clk/A (sky130_fd_sc_hd__clkbuf_8)
     6    0.017917    0.048381    0.159673    0.494670 ^ clkbuf_4_3_0_clk/X (sky130_fd_sc_hd__clkbuf_8)
                                                         clknet_4_3_0_clk (net)
                      0.048387    0.000581    0.495252 ^ _2659_/CLK (sky130_fd_sc_hd__dfxtp_2)
     6    0.032231    0.166758    0.408711    0.903962 ^ _2659_/Q (sky130_fd_sc_hd__dfxtp_2)
                                                         r2_mantissa[4] (net)
                      0.166768    0.001459    0.905422 ^ _1344_/A1 (sky130_fd_sc_hd__o211a_2)
     1    0.002857    0.041519    0.192935    1.098357 ^ _1344_/X (sky130_fd_sc_hd__o211a_2)
                                                         _0004_ (net)
                      0.041519    0.000207    1.098564 ^ hold574/A (sky130_fd_sc_hd__clkbuf_2)
     1    0.002110    0.024865    0.085494    1.184058 ^ hold574/X (sky130_fd_sc_hd__clkbuf_2)
                                                         net573 (net)
                      0.024865    0.000151    1.184208 ^ _2659_/D (sky130_fd_sc_hd__dfxtp_2)
                                              1.184208   data arrival time

                                  0.000000    0.000000   clock clk (rise edge)
                                  0.000000    0.000000   clock source latency
     1    0.030447    0.142407    0.099408    0.099408 ^ clk (in)
                                                         clk (net)
                      0.142457    0.000000    0.099408 ^ clkbuf_0_clk/A (sky130_fd_sc_hd__clkbuf_16)
    16    0.114557    0.129029    0.225226    0.324634 ^ clkbuf_0_clk/X (sky130_fd_sc_hd__clkbuf_16)
                                                         clknet_0_clk (net)
                      0.130355    0.010363    0.334997 ^ clkbuf_4_3_0_clk/A (sky130_fd_sc_hd__clkbuf_8)
     6    0.017917    0.048381    0.159673    0.494670 ^ clkbuf_4_3_0_clk/X (sky130_fd_sc_hd__clkbuf_8)
                                                         clknet_4_3_0_clk (net)
                      0.048387    0.000581    0.495252 ^ _2659_/CLK (sky130_fd_sc_hd__dfxtp_2)
                                  0.200000    0.695252   clock uncertainty
                                  0.000000    0.695252   clock reconvergence pessimism
                                 -0.026575    0.668677   library hold time
                                              0.668677   data required time
---------------------------------------------------------------------------------------------
                                              0.668677   data required time
                                             -1.184208   data arrival time
---------------------------------------------------------------------------------------------
                                              0.515532   slack (MET)


Startpoint: _2691_ (rising edge-triggered flip-flop clocked by clk)
Endpoint: _2691_ (rising edge-triggered flip-flop clocked by clk)
Path Group: clk
Path Type: min

Fanout         Cap        Slew       Delay        Time   Description
---------------------------------------------------------------------------------------------
                                  0.000000    0.000000   clock clk (rise edge)
                                  0.000000    0.000000   clock source latency
     1    0.030447    0.142407    0.099408    0.099408 ^ clk (in)
                                                         clk (net)
                      0.142457    0.000000    0.099408 ^ clkbuf_0_clk/A (sky130_fd_sc_hd__clkbuf_16)
    16    0.114557    0.129029    0.225226    0.324634 ^ clkbuf_0_clk/X (sky130_fd_sc_hd__clkbuf_16)
                                                         clknet_0_clk (net)
                      0.130443    0.010691    0.335326 ^ clkbuf_4_15_0_clk/A (sky130_fd_sc_hd__clkbuf_8)
     6    0.025126    0.058962    0.169285    0.504611 ^ clkbuf_4_15_0_clk/X (sky130_fd_sc_hd__clkbuf_8)
                                                         clknet_4_15_0_clk (net)
                      0.059000    0.001324    0.505935 ^ _2691_/CLK (sky130_fd_sc_hd__dfxtp_2)
     5    0.029111    0.152294    0.402480    0.908415 ^ _2691_/Q (sky130_fd_sc_hd__dfxtp_2)
                                                         r4_acc[3] (net)
                      0.152308    0.001559    0.909975 ^ _2469_/A1 (sky130_fd_sc_hd__a22o_2)
     1    0.002368    0.032290    0.158570    1.068545 ^ _2469_/X (sky130_fd_sc_hd__a22o_2)
                                                         _0456_ (net)
                      0.032290    0.000149    1.068694 ^ _2470_/B (sky130_fd_sc_hd__and2_2)
     1    0.003124    0.038192    0.125343    1.194037 ^ _2470_/X (sky130_fd_sc_hd__and2_2)
                                                         _0457_ (net)
                      0.038200    0.000206    1.194243 ^ _2691_/D (sky130_fd_sc_hd__dfxtp_2)
                                              1.194243   data arrival time

                                  0.000000    0.000000   clock clk (rise edge)
                                  0.000000    0.000000   clock source latency
     1    0.030447    0.142407    0.099408    0.099408 ^ clk (in)
                                                         clk (net)
                      0.142457    0.000000    0.099408 ^ clkbuf_0_clk/A (sky130_fd_sc_hd__clkbuf_16)
    16    0.114557    0.129029    0.225226    0.324634 ^ clkbuf_0_clk/X (sky130_fd_sc_hd__clkbuf_16)
                                                         clknet_0_clk (net)
                      0.130443    0.010691    0.335326 ^ clkbuf_4_15_0_clk/A (sky130_fd_sc_hd__clkbuf_8)
     6    0.025126    0.058962    0.169285    0.504611 ^ clkbuf_4_15_0_clk/X (sky130_fd_sc_hd__clkbuf_8)
                                                         clknet_4_15_0_clk (net)
                      0.059000    0.001324    0.505935 ^ _2691_/CLK (sky130_fd_sc_hd__dfxtp_2)
                                  0.200000    0.705935   clock uncertainty
                                  0.000000    0.705935   clock reconvergence pessimism
                                 -0.027940    0.677995   library hold time
                                              0.677995   data required time
---------------------------------------------------------------------------------------------
                                              0.677995   data required time
                                             -1.194243   data arrival time
---------------------------------------------------------------------------------------------
                                              0.516249   slack (MET)


Startpoint: _2665_ (rising edge-triggered flip-flop clocked by clk)
Endpoint: _2665_ (rising edge-triggered flip-flop clocked by clk)
Path Group: clk
Path Type: min

Fanout         Cap        Slew       Delay        Time   Description
---------------------------------------------------------------------------------------------
                                  0.000000    0.000000   clock clk (rise edge)
                                  0.000000    0.000000   clock source latency
     1    0.030447    0.142407    0.099408    0.099408 ^ clk (in)
                                                         clk (net)
                      0.142457    0.000000    0.099408 ^ clkbuf_0_clk/A (sky130_fd_sc_hd__clkbuf_16)
    16    0.114557    0.129029    0.225226    0.324634 ^ clkbuf_0_clk/X (sky130_fd_sc_hd__clkbuf_16)
                                                         clknet_0_clk (net)
                      0.131813    0.014975    0.339609 ^ clkbuf_4_7_0_clk/A (sky130_fd_sc_hd__clkbuf_8)
     6    0.021093    0.052962    0.164968    0.504577 ^ clkbuf_4_7_0_clk/X (sky130_fd_sc_hd__clkbuf_8)
                                                         clknet_4_7_0_clk (net)
                      0.052986    0.000983    0.505560 ^ _2665_/CLK (sky130_fd_sc_hd__dfxtp_2)
     6    0.032373    0.167878    0.411972    0.917532 ^ _2665_/Q (sky130_fd_sc_hd__dfxtp_2)
                                                         r2_mantissa[10] (net)
                      0.167880    0.000867    0.918399 ^ _1360_/A1 (sky130_fd_sc_hd__o211a_2)
     1    0.002678    0.040632    0.192062    1.110462 ^ _1360_/X (sky130_fd_sc_hd__o211a_2)
                                                         _0010_ (net)
                      0.040632    0.000191    1.110653 ^ hold548/A (sky130_fd_sc_hd__clkbuf_2)
     1    0.002745    0.027732    0.088091    1.198744 ^ hold548/X (sky130_fd_sc_hd__clkbuf_2)
                                                         net547 (net)
                      0.027732    0.000175    1.198919 ^ _2665_/D (sky130_fd_sc_hd__dfxtp_2)
                                              1.198919   data arrival time

                                  0.000000    0.000000   clock clk (rise edge)
                                  0.000000    0.000000   clock source latency
     1    0.030447    0.142407    0.099408    0.099408 ^ clk (in)
                                                         clk (net)
                      0.142457    0.000000    0.099408 ^ clkbuf_0_clk/A (sky130_fd_sc_hd__clkbuf_16)
    16    0.114557    0.129029    0.225226    0.324634 ^ clkbuf_0_clk/X (sky130_fd_sc_hd__clkbuf_16)
                                                         clknet_0_clk (net)
                      0.131813    0.014975    0.339609 ^ clkbuf_4_7_0_clk/A (sky130_fd_sc_hd__clkbuf_8)
     6    0.021093    0.052962    0.164968    0.504577 ^ clkbuf_4_7_0_clk/X (sky130_fd_sc_hd__clkbuf_8)
                                                         clknet_4_7_0_clk (net)
                      0.052986    0.000983    0.505560 ^ _2665_/CLK (sky130_fd_sc_hd__dfxtp_2)
                                  0.200000    0.705560   clock uncertainty
                                  0.000000    0.705560   clock reconvergence pessimism
                                 -0.026565    0.678995   library hold time
                                              0.678995   data required time
---------------------------------------------------------------------------------------------
                                              0.678995   data required time
                                             -1.198919   data arrival time
---------------------------------------------------------------------------------------------
                                              0.519924   slack (MET)


Startpoint: _2694_ (rising edge-triggered flip-flop clocked by clk)
Endpoint: _2694_ (rising edge-triggered flip-flop clocked by clk)
Path Group: clk
Path Type: min

Fanout         Cap        Slew       Delay        Time   Description
---------------------------------------------------------------------------------------------
                                  0.000000    0.000000   clock clk (rise edge)
                                  0.000000    0.000000   clock source latency
     1    0.030447    0.142407    0.099408    0.099408 ^ clk (in)
                                                         clk (net)
                      0.142457    0.000000    0.099408 ^ clkbuf_0_clk/A (sky130_fd_sc_hd__clkbuf_16)
    16    0.114557    0.129029    0.225226    0.324634 ^ clkbuf_0_clk/X (sky130_fd_sc_hd__clkbuf_16)
                                                         clknet_0_clk (net)
                      0.130271    0.010037    0.334672 ^ clkbuf_4_12_0_clk/A (sky130_fd_sc_hd__clkbuf_8)
     6    0.023815    0.056980    0.167723    0.502394 ^ clkbuf_4_12_0_clk/X (sky130_fd_sc_hd__clkbuf_8)
                                                         clknet_4_12_0_clk (net)
                      0.057003    0.001038    0.503433 ^ _2694_/CLK (sky130_fd_sc_hd__dfxtp_2)
     5    0.031269    0.162668    0.409253    0.912686 ^ _2694_/Q (sky130_fd_sc_hd__dfxtp_2)
                                                         r4_acc[6] (net)
                      0.162678    0.001415    0.914100 ^ _2488_/A1 (sky130_fd_sc_hd__a22o_2)
     1    0.003410    0.036729    0.167256    1.081357 ^ _2488_/X (sky130_fd_sc_hd__a22o_2)
                                                         _0472_ (net)
                      0.036734    0.000195    1.081552 ^ _2489_/B (sky130_fd_sc_hd__and2_2)
     1    0.002112    0.033850    0.121526    1.203078 ^ _2489_/X (sky130_fd_sc_hd__and2_2)
                                                         _0473_ (net)
                      0.033850    0.000097    1.203175 ^ _2694_/D (sky130_fd_sc_hd__dfxtp_2)
                                              1.203175   data arrival time

                                  0.000000    0.000000   clock clk (rise edge)
                                  0.000000    0.000000   clock source latency
     1    0.030447    0.142407    0.099408    0.099408 ^ clk (in)
                                                         clk (net)
                      0.142457    0.000000    0.099408 ^ clkbuf_0_clk/A (sky130_fd_sc_hd__clkbuf_16)
    16    0.114557    0.129029    0.225226    0.324634 ^ clkbuf_0_clk/X (sky130_fd_sc_hd__clkbuf_16)
                                                         clknet_0_clk (net)
                      0.130271    0.010037    0.334672 ^ clkbuf_4_12_0_clk/A (sky130_fd_sc_hd__clkbuf_8)
     6    0.023815    0.056980    0.167723    0.502394 ^ clkbuf_4_12_0_clk/X (sky130_fd_sc_hd__clkbuf_8)
                                                         clknet_4_12_0_clk (net)
                      0.057003    0.001038    0.503433 ^ _2694_/CLK (sky130_fd_sc_hd__dfxtp_2)
                                  0.200000    0.703433   clock uncertainty
                                  0.000000    0.703433   clock reconvergence pessimism
                                 -0.027303    0.676129   library hold time
                                              0.676129   data required time
---------------------------------------------------------------------------------------------
                                              0.676129   data required time
                                             -1.203175   data arrival time
---------------------------------------------------------------------------------------------
                                              0.527045   slack (MET)


Startpoint: _2698_ (rising edge-triggered flip-flop clocked by clk)
Endpoint: _2698_ (rising edge-triggered flip-flop clocked by clk)
Path Group: clk
Path Type: min

Fanout         Cap        Slew       Delay        Time   Description
---------------------------------------------------------------------------------------------
                                  0.000000    0.000000   clock clk (rise edge)
                                  0.000000    0.000000   clock source latency
     1    0.030447    0.142407    0.099408    0.099408 ^ clk (in)
                                                         clk (net)
                      0.142457    0.000000    0.099408 ^ clkbuf_0_clk/A (sky130_fd_sc_hd__clkbuf_16)
    16    0.114557    0.129029    0.225226    0.324634 ^ clkbuf_0_clk/X (sky130_fd_sc_hd__clkbuf_16)
                                                         clknet_0_clk (net)
                      0.130170    0.009635    0.334269 ^ clkbuf_4_13_0_clk/A (sky130_fd_sc_hd__clkbuf_8)
     6    0.028482    0.064237    0.172926    0.507195 ^ clkbuf_4_13_0_clk/X (sky130_fd_sc_hd__clkbuf_8)
                                                         clknet_4_13_0_clk (net)
                      0.064314    0.001969    0.509163 ^ _2698_/CLK (sky130_fd_sc_hd__dfxtp_2)
     6    0.032800    0.170095    0.417106    0.926269 ^ _2698_/Q (sky130_fd_sc_hd__dfxtp_2)
                                                         r4_acc[10] (net)
                      0.170114    0.001879    0.928148 ^ _2505_/A1 (sky130_fd_sc_hd__a22o_2)
     1    0.002566    0.033111    0.164919    1.093067 ^ _2505_/X (sky130_fd_sc_hd__a22o_2)
                                                         _0485_ (net)
                      0.033111    0.000164    1.093230 ^ _2506_/B (sky130_fd_sc_hd__and2_2)
     1    0.002095    0.033788    0.120334    1.213565 ^ _2506_/X (sky130_fd_sc_hd__and2_2)
                                                         _0486_ (net)
                      0.033788    0.000148    1.213713 ^ _2698_/D (sky130_fd_sc_hd__dfxtp_2)
                                              1.213713   data arrival time

                                  0.000000    0.000000   clock clk (rise edge)
                                  0.000000    0.000000   clock source latency
     1    0.030447    0.142407    0.099408    0.099408 ^ clk (in)
                                                         clk (net)
                      0.142457    0.000000    0.099408 ^ clkbuf_0_clk/A (sky130_fd_sc_hd__clkbuf_16)
    16    0.114557    0.129029    0.225226    0.324634 ^ clkbuf_0_clk/X (sky130_fd_sc_hd__clkbuf_16)
                                                         clknet_0_clk (net)
                      0.130170    0.009635    0.334269 ^ clkbuf_4_13_0_clk/A (sky130_fd_sc_hd__clkbuf_8)
     6    0.028482    0.064237    0.172926    0.507195 ^ clkbuf_4_13_0_clk/X (sky130_fd_sc_hd__clkbuf_8)
                                                         clknet_4_13_0_clk (net)
                      0.064314    0.001969    0.509163 ^ _2698_/CLK (sky130_fd_sc_hd__dfxtp_2)
                                  0.200000    0.709163   clock uncertainty
                                  0.000000    0.709163   clock reconvergence pessimism
                                 -0.026330    0.682834   library hold time
                                              0.682834   data required time
---------------------------------------------------------------------------------------------
                                              0.682834   data required time
                                             -1.213713   data arrival time
---------------------------------------------------------------------------------------------
                                              0.530879   slack (MET)


Startpoint: _2644_ (rising edge-triggered flip-flop clocked by clk)
Endpoint: _2644_ (rising edge-triggered flip-flop clocked by clk)
Path Group: clk
Path Type: min

Fanout         Cap        Slew       Delay        Time   Description
---------------------------------------------------------------------------------------------
                                  0.000000    0.000000   clock clk (rise edge)
                                  0.000000    0.000000   clock source latency
     1    0.030447    0.142407    0.099408    0.099408 ^ clk (in)
                                                         clk (net)
                      0.142457    0.000000    0.099408 ^ clkbuf_0_clk/A (sky130_fd_sc_hd__clkbuf_16)
    16    0.114557    0.129029    0.225226    0.324634 ^ clkbuf_0_clk/X (sky130_fd_sc_hd__clkbuf_16)
                                                         clknet_0_clk (net)
                      0.130446    0.010703    0.335337 ^ clkbuf_4_2_0_clk/A (sky130_fd_sc_hd__clkbuf_8)
     6    0.022574    0.055106    0.166297    0.501634 ^ clkbuf_4_2_0_clk/X (sky130_fd_sc_hd__clkbuf_8)
                                                         clknet_4_2_0_clk (net)
                      0.055131    0.001054    0.502688 ^ _2644_/CLK (sky130_fd_sc_hd__dfxtp_2)
     2    0.008227    0.053389    0.328753    0.831441 ^ _2644_/Q (sky130_fd_sc_hd__dfxtp_2)
                                                         net390 (net)
                      0.053389    0.000409    0.831850 ^ _2585_/B (sky130_fd_sc_hd__or2_2)
     1    0.002978    0.029590    0.097207    0.929057 ^ _2585_/X (sky130_fd_sc_hd__or2_2)
                                                         _0537_ (net)
                      0.029590    0.000208    0.929265 ^ _2586_/C1 (sky130_fd_sc_hd__o211a_2)
     1    0.006723    0.060524    0.167466    1.096731 ^ _2586_/X (sky130_fd_sc_hd__o211a_2)
                                                         _0071_ (net)
                      0.060528    0.000508    1.097239 ^ hold464/A (sky130_fd_sc_hd__clkbuf_2)
     1    0.006288    0.044838    0.109799    1.207038 ^ hold464/X (sky130_fd_sc_hd__clkbuf_2)
                                                         net463 (net)
                      0.044843    0.000478    1.207516 ^ _2644_/D (sky130_fd_sc_hd__dfxtp_2)
                                              1.207516   data arrival time

                                  0.000000    0.000000   clock clk (rise edge)
                                  0.000000    0.000000   clock source latency
     1    0.030447    0.142407    0.099408    0.099408 ^ clk (in)
                                                         clk (net)
                      0.142457    0.000000    0.099408 ^ clkbuf_0_clk/A (sky130_fd_sc_hd__clkbuf_16)
    16    0.114557    0.129029    0.225226    0.324634 ^ clkbuf_0_clk/X (sky130_fd_sc_hd__clkbuf_16)
                                                         clknet_0_clk (net)
                      0.130446    0.010703    0.335337 ^ clkbuf_4_2_0_clk/A (sky130_fd_sc_hd__clkbuf_8)
     6    0.022574    0.055106    0.166297    0.501634 ^ clkbuf_4_2_0_clk/X (sky130_fd_sc_hd__clkbuf_8)
                                                         clknet_4_2_0_clk (net)
                      0.055131    0.001054    0.502688 ^ _2644_/CLK (sky130_fd_sc_hd__dfxtp_2)
                                  0.200000    0.702688   clock uncertainty
                                  0.000000    0.702688   clock reconvergence pessimism
                                 -0.029823    0.672865   library hold time
                                              0.672865   data required time
---------------------------------------------------------------------------------------------
                                              0.672865   data required time
                                             -1.207516   data arrival time
---------------------------------------------------------------------------------------------
                                              0.534651   slack (MET)


Startpoint: a_in[4] (input port clocked by clk)
Endpoint: _2626_ (rising edge-triggered flip-flop clocked by clk)
Path Group: clk
Path Type: min

Fanout         Cap        Slew       Delay        Time   Description
---------------------------------------------------------------------------------------------
                                  0.000000    0.000000   clock clk (rise edge)
                                  0.000000    0.000000   clock network delay (propagated)
                                  0.020000    0.020000 ^ input external delay
     1    0.011131    0.056478    0.037796    0.057796 ^ a_in[4] (in)
                                                         a_in[4] (net)
                      0.056481    0.000000    0.057796 ^ hold652/A (sky130_fd_sc_hd__clkbuf_2)
     1    0.002423    0.026303    0.092315    0.150110 ^ hold652/X (sky130_fd_sc_hd__clkbuf_2)
                                                         net651 (net)
                      0.026303    0.000111    0.150221 ^ hold426/A (sky130_fd_sc_hd__clkbuf_2)
     1    0.016836    0.097951    0.136627    0.286848 ^ hold426/X (sky130_fd_sc_hd__clkbuf_2)
                                                         net425 (net)
                      0.098018    0.001390    0.288238 ^ hold653/A (sky130_fd_sc_hd__clkbuf_2)
     1    0.015066    0.088915    0.156164    0.444402 ^ hold653/X (sky130_fd_sc_hd__clkbuf_2)
                                                         net652 (net)
                      0.088945    0.001541    0.445943 ^ input319/A (sky130_fd_sc_hd__buf_2)
     1    0.012468    0.068855    0.141679    0.587622 ^ input319/X (sky130_fd_sc_hd__buf_2)
                                                         net319 (net)
                      0.068884    0.001333    0.588954 ^ hold654/A (sky130_fd_sc_hd__clkbuf_2)
     1    0.013211    0.079302    0.138918    0.727872 ^ hold654/X (sky130_fd_sc_hd__clkbuf_2)
                                                         net653 (net)
                      0.079323    0.001238    0.729110 ^ hold427/A (sky130_fd_sc_hd__clkbuf_2)
     2    0.010809    0.067727    0.133945    0.863055 ^ hold427/X (sky130_fd_sc_hd__clkbuf_2)
                                                         net426 (net)
                      0.067733    0.000713    0.863768 ^ hold655/A (sky130_fd_sc_hd__clkbuf_2)
     1    0.005703    0.042017    0.110192    0.973960 ^ hold655/X (sky130_fd_sc_hd__clkbuf_2)
                                                         net654 (net)
                      0.042022    0.000433    0.974393 ^ _2544_/A2 (sky130_fd_sc_hd__o211a_2)
     1    0.002977    0.041592    0.155136    1.129528 ^ _2544_/X (sky130_fd_sc_hd__o211a_2)
                                                         _0053_ (net)
                      0.041604    0.000213    1.129741 ^ hold428/A (sky130_fd_sc_hd__clkbuf_2)
     1    0.001959    0.024185    0.084834    1.214575 ^ hold428/X (sky130_fd_sc_hd__clkbuf_2)
                                                         net427 (net)
                      0.024185    0.000139    1.214714 ^ _2626_/D (sky130_fd_sc_hd__dfxtp_2)
                                              1.214714   data arrival time

                                  0.000000    0.000000   clock clk (rise edge)
                                  0.000000    0.000000   clock source latency
     1    0.030447    0.142407    0.099408    0.099408 ^ clk (in)
                                                         clk (net)
                      0.142457    0.000000    0.099408 ^ clkbuf_0_clk/A (sky130_fd_sc_hd__clkbuf_16)
    16    0.114557    0.129029    0.225226    0.324634 ^ clkbuf_0_clk/X (sky130_fd_sc_hd__clkbuf_16)
                                                         clknet_0_clk (net)
                      0.130446    0.010703    0.335337 ^ clkbuf_4_2_0_clk/A (sky130_fd_sc_hd__clkbuf_8)
     6    0.022574    0.055106    0.166297    0.501634 ^ clkbuf_4_2_0_clk/X (sky130_fd_sc_hd__clkbuf_8)
                                                         clknet_4_2_0_clk (net)
                      0.055144    0.001259    0.502893 ^ _2626_/CLK (sky130_fd_sc_hd__dfxtp_2)
                                  0.200000    0.702893   clock uncertainty
                                  0.000000    0.702893   clock reconvergence pessimism
                                 -0.025548    0.677345   library hold time
                                              0.677345   data required time
---------------------------------------------------------------------------------------------
                                              0.677345   data required time
                                             -1.214714   data arrival time
---------------------------------------------------------------------------------------------
                                              0.537369   slack (MET)


Startpoint: _2663_ (rising edge-triggered flip-flop clocked by clk)
Endpoint: _2663_ (rising edge-triggered flip-flop clocked by clk)
Path Group: clk
Path Type: min

Fanout         Cap        Slew       Delay        Time   Description
---------------------------------------------------------------------------------------------
                                  0.000000    0.000000   clock clk (rise edge)
                                  0.000000    0.000000   clock source latency
     1    0.030447    0.142407    0.099408    0.099408 ^ clk (in)
                                                         clk (net)
                      0.142457    0.000000    0.099408 ^ clkbuf_0_clk/A (sky130_fd_sc_hd__clkbuf_16)
    16    0.114557    0.129029    0.225226    0.324634 ^ clkbuf_0_clk/X (sky130_fd_sc_hd__clkbuf_16)
                                                         clknet_0_clk (net)
                      0.130958    0.012459    0.337094 ^ clkbuf_4_1_0_clk/A (sky130_fd_sc_hd__clkbuf_8)
     6    0.018281    0.048935    0.160508    0.497601 ^ clkbuf_4_1_0_clk/X (sky130_fd_sc_hd__clkbuf_8)
                                                         clknet_4_1_0_clk (net)
                      0.048949    0.000816    0.498417 ^ _2663_/CLK (sky130_fd_sc_hd__dfxtp_2)
     5    0.031446    0.163470    0.407344    0.905761 ^ _2663_/Q (sky130_fd_sc_hd__dfxtp_2)
                                                         r2_mantissa[8] (net)
                      0.163475    0.001144    0.906905 ^ _1356_/A1 (sky130_fd_sc_hd__o211a_2)
     1    0.005273    0.053984    0.205435    1.112339 ^ _1356_/X (sky130_fd_sc_hd__o211a_2)
                                                         _0008_ (net)
                      0.053985    0.000451    1.112791 ^ hold590/A (sky130_fd_sc_hd__clkbuf_2)
     1    0.004088    0.034102    0.098990    1.211781 ^ hold590/X (sky130_fd_sc_hd__clkbuf_2)
                                                         net589 (net)
                      0.034102    0.000252    1.212033 ^ _2663_/D (sky130_fd_sc_hd__dfxtp_2)
                                              1.212033   data arrival time

                                  0.000000    0.000000   clock clk (rise edge)
                                  0.000000    0.000000   clock source latency
     1    0.030447    0.142407    0.099408    0.099408 ^ clk (in)
                                                         clk (net)
                      0.142457    0.000000    0.099408 ^ clkbuf_0_clk/A (sky130_fd_sc_hd__clkbuf_16)
    16    0.114557    0.129029    0.225226    0.324634 ^ clkbuf_0_clk/X (sky130_fd_sc_hd__clkbuf_16)
                                                         clknet_0_clk (net)
                      0.130958    0.012459    0.337094 ^ clkbuf_4_1_0_clk/A (sky130_fd_sc_hd__clkbuf_8)
     6    0.018281    0.048935    0.160508    0.497601 ^ clkbuf_4_1_0_clk/X (sky130_fd_sc_hd__clkbuf_8)
                                                         clknet_4_1_0_clk (net)
                      0.048949    0.000816    0.498417 ^ _2663_/CLK (sky130_fd_sc_hd__dfxtp_2)
                                  0.200000    0.698417   clock uncertainty
                                  0.000000    0.698417   clock reconvergence pessimism
                                 -0.028414    0.670004   library hold time
                                              0.670004   data required time
---------------------------------------------------------------------------------------------
                                              0.670004   data required time
                                             -1.212033   data arrival time
---------------------------------------------------------------------------------------------
                                              0.542029   slack (MET)


Startpoint: a_in[5] (input port clocked by clk)
Endpoint: _2627_ (rising edge-triggered flip-flop clocked by clk)
Path Group: clk
Path Type: min

Fanout         Cap        Slew       Delay        Time   Description
---------------------------------------------------------------------------------------------
                                  0.000000    0.000000   clock clk (rise edge)
                                  0.000000    0.000000   clock network delay (propagated)
                                  0.020000    0.020000 ^ input external delay
     1    0.014625    0.071765    0.049000    0.069000 ^ a_in[5] (in)
                                                         a_in[5] (net)
                      0.071771    0.000000    0.069000 ^ hold624/A (sky130_fd_sc_hd__clkbuf_2)
     1    0.003808    0.032942    0.104222    0.173222 ^ hold624/X (sky130_fd_sc_hd__clkbuf_2)
                                                         net623 (net)
                      0.032944    0.000162    0.173384 ^ hold429/A (sky130_fd_sc_hd__clkbuf_2)
     1    0.014926    0.088091    0.132107    0.305492 ^ hold429/X (sky130_fd_sc_hd__clkbuf_2)
                                                         net428 (net)
                      0.088172    0.001588    0.307080 ^ hold625/A (sky130_fd_sc_hd__clkbuf_2)
     1    0.015579    0.091579    0.154533    0.461613 ^ hold625/X (sky130_fd_sc_hd__clkbuf_2)
                                                         net624 (net)
                      0.091595    0.001219    0.462832 ^ input320/A (sky130_fd_sc_hd__buf_2)
     1    0.003163    0.028582    0.109404    0.572236 ^ input320/X (sky130_fd_sc_hd__buf_2)
                                                         net320 (net)
                      0.028584    0.000211    0.572447 ^ hold626/A (sky130_fd_sc_hd__clkbuf_2)
     1    0.013682    0.081659    0.126092    0.698540 ^ hold626/X (sky130_fd_sc_hd__clkbuf_2)
                                                         net625 (net)
                      0.081728    0.001366    0.699905 ^ hold430/A (sky130_fd_sc_hd__clkbuf_2)
     2    0.015361    0.090398    0.151101    0.851007 ^ hold430/X (sky130_fd_sc_hd__clkbuf_2)
                                                         net429 (net)
                      0.090503    0.001946    0.852952 ^ hold627/A (sky130_fd_sc_hd__clkbuf_2)
     1    0.005388    0.040695    0.117359    0.970311 ^ hold627/X (sky130_fd_sc_hd__clkbuf_2)
                                                         net626 (net)
                      0.040697    0.000323    0.970634 ^ _2546_/A2 (sky130_fd_sc_hd__o211a_2)
     1    0.002835    0.040885    0.153902    1.124536 ^ _2546_/X (sky130_fd_sc_hd__o211a_2)
                                                         _0054_ (net)
                      0.040885    0.000132    1.124668 ^ hold431/A (sky130_fd_sc_hd__clkbuf_2)
     1    0.002325    0.025833    0.086258    1.210926 ^ hold431/X (sky130_fd_sc_hd__clkbuf_2)
                                                         net430 (net)
                      0.025839    0.000152    1.211078 ^ _2627_/D (sky130_fd_sc_hd__dfxtp_2)
                                              1.211078   data arrival time

                                  0.000000    0.000000   clock clk (rise edge)
                                  0.000000    0.000000   clock source latency
     1    0.030447    0.142407    0.099408    0.099408 ^ clk (in)
                                                         clk (net)
                      0.142457    0.000000    0.099408 ^ clkbuf_0_clk/A (sky130_fd_sc_hd__clkbuf_16)
    16    0.114557    0.129029    0.225226    0.324634 ^ clkbuf_0_clk/X (sky130_fd_sc_hd__clkbuf_16)
                                                         clknet_0_clk (net)
                      0.130355    0.010363    0.334997 ^ clkbuf_4_3_0_clk/A (sky130_fd_sc_hd__clkbuf_8)
     6    0.017917    0.048381    0.159673    0.494670 ^ clkbuf_4_3_0_clk/X (sky130_fd_sc_hd__clkbuf_8)
                                                         clknet_4_3_0_clk (net)
                      0.048412    0.001095    0.495766 ^ _2627_/CLK (sky130_fd_sc_hd__dfxtp_2)
                                  0.200000    0.695766   clock uncertainty
                                  0.000000    0.695766   clock reconvergence pessimism
                                 -0.026773    0.668992   library hold time
                                              0.668992   data required time
---------------------------------------------------------------------------------------------
                                              0.668992   data required time
                                             -1.211078   data arrival time
---------------------------------------------------------------------------------------------
                                              0.542086   slack (MET)


Startpoint: _2642_ (rising edge-triggered flip-flop clocked by clk)
Endpoint: _2642_ (rising edge-triggered flip-flop clocked by clk)
Path Group: clk
Path Type: min

Fanout         Cap        Slew       Delay        Time   Description
---------------------------------------------------------------------------------------------
                                  0.000000    0.000000   clock clk (rise edge)
                                  0.000000    0.000000   clock source latency
     1    0.030447    0.142407    0.099408    0.099408 ^ clk (in)
                                                         clk (net)
                      0.142457    0.000000    0.099408 ^ clkbuf_0_clk/A (sky130_fd_sc_hd__clkbuf_16)
    16    0.114557    0.129029    0.225226    0.324634 ^ clkbuf_0_clk/X (sky130_fd_sc_hd__clkbuf_16)
                                                         clknet_0_clk (net)
                      0.130958    0.012459    0.337094 ^ clkbuf_4_1_0_clk/A (sky130_fd_sc_hd__clkbuf_8)
     6    0.018281    0.048935    0.160508    0.497601 ^ clkbuf_4_1_0_clk/X (sky130_fd_sc_hd__clkbuf_8)
                                                         clknet_4_1_0_clk (net)
                      0.048952    0.000862    0.498464 ^ _2642_/CLK (sky130_fd_sc_hd__dfxtp_2)
     2    0.008611    0.055122    0.327831    0.826294 ^ _2642_/Q (sky130_fd_sc_hd__dfxtp_2)
                                                         net388 (net)
                      0.055122    0.000526    0.826820 ^ _2581_/B (sky130_fd_sc_hd__or2_2)
     1    0.003003    0.029710    0.097986    0.924805 ^ _2581_/X (sky130_fd_sc_hd__or2_2)
                                                         _0535_ (net)
                      0.029710    0.000141    0.924946 ^ _2582_/C1 (sky130_fd_sc_hd__o211a_2)
     1    0.008159    0.068012    0.174250    1.099196 ^ _2582_/X (sky130_fd_sc_hd__o211a_2)
                                                         _0069_ (net)
                      0.068018    0.000707    1.099903 ^ hold494/A (sky130_fd_sc_hd__clkbuf_2)
     1    0.005847    0.042726    0.110854    1.210757 ^ hold494/X (sky130_fd_sc_hd__clkbuf_2)
                                                         net493 (net)
                      0.042730    0.000435    1.211192 ^ _2642_/D (sky130_fd_sc_hd__dfxtp_2)
                                              1.211192   data arrival time

                                  0.000000    0.000000   clock clk (rise edge)
                                  0.000000    0.000000   clock source latency
     1    0.030447    0.142407    0.099408    0.099408 ^ clk (in)
                                                         clk (net)
                      0.142457    0.000000    0.099408 ^ clkbuf_0_clk/A (sky130_fd_sc_hd__clkbuf_16)
    16    0.114557    0.129029    0.225226    0.324634 ^ clkbuf_0_clk/X (sky130_fd_sc_hd__clkbuf_16)
                                                         clknet_0_clk (net)
                      0.130958    0.012459    0.337094 ^ clkbuf_4_1_0_clk/A (sky130_fd_sc_hd__clkbuf_8)
     6    0.018281    0.048935    0.160508    0.497601 ^ clkbuf_4_1_0_clk/X (sky130_fd_sc_hd__clkbuf_8)
                                                         clknet_4_1_0_clk (net)
                      0.048952    0.000862    0.498464 ^ _2642_/CLK (sky130_fd_sc_hd__dfxtp_2)
                                  0.200000    0.698463   clock uncertainty
                                  0.000000    0.698463   clock reconvergence pessimism
                                 -0.030199    0.668264   library hold time
                                              0.668264   data required time
---------------------------------------------------------------------------------------------
                                              0.668264   data required time
                                             -1.211192   data arrival time
---------------------------------------------------------------------------------------------
                                              0.542928   slack (MET)


Startpoint: _2692_ (rising edge-triggered flip-flop clocked by clk)
Endpoint: _2692_ (rising edge-triggered flip-flop clocked by clk)
Path Group: clk
Path Type: min

Fanout         Cap        Slew       Delay        Time   Description
---------------------------------------------------------------------------------------------
                                  0.000000    0.000000   clock clk (rise edge)
                                  0.000000    0.000000   clock source latency
     1    0.030447    0.142407    0.099408    0.099408 ^ clk (in)
                                                         clk (net)
                      0.142457    0.000000    0.099408 ^ clkbuf_0_clk/A (sky130_fd_sc_hd__clkbuf_16)
    16    0.114557    0.129029    0.225226    0.324634 ^ clkbuf_0_clk/X (sky130_fd_sc_hd__clkbuf_16)
                                                         clknet_0_clk (net)
                      0.130443    0.010691    0.335326 ^ clkbuf_4_15_0_clk/A (sky130_fd_sc_hd__clkbuf_8)
     6    0.025126    0.058962    0.169285    0.504611 ^ clkbuf_4_15_0_clk/X (sky130_fd_sc_hd__clkbuf_8)
                                                         clknet_4_15_0_clk (net)
                      0.059001    0.001330    0.505941 ^ _2692_/CLK (sky130_fd_sc_hd__dfxtp_2)
     6    0.035763    0.183910    0.425398    0.931339 ^ _2692_/Q (sky130_fd_sc_hd__dfxtp_2)
                                                         r4_acc[4] (net)
                      0.183921    0.001590    0.932929 ^ _2475_/A1 (sky130_fd_sc_hd__a22o_2)
     1    0.002106    0.031193    0.166547    1.099476 ^ _2475_/X (sky130_fd_sc_hd__a22o_2)
                                                         _0461_ (net)
                      0.031193    0.000096    1.099573 ^ _2476_/B (sky130_fd_sc_hd__and2_2)
     1    0.002648    0.036162    0.122576    1.222148 ^ _2476_/X (sky130_fd_sc_hd__and2_2)
                                                         _0462_ (net)
                      0.036162    0.000191    1.222340 ^ _2692_/D (sky130_fd_sc_hd__dfxtp_2)
                                              1.222340   data arrival time

                                  0.000000    0.000000   clock clk (rise edge)
                                  0.000000    0.000000   clock source latency
     1    0.030447    0.142407    0.099408    0.099408 ^ clk (in)
                                                         clk (net)
                      0.142457    0.000000    0.099408 ^ clkbuf_0_clk/A (sky130_fd_sc_hd__clkbuf_16)
    16    0.114557    0.129029    0.225226    0.324634 ^ clkbuf_0_clk/X (sky130_fd_sc_hd__clkbuf_16)
                                                         clknet_0_clk (net)
                      0.130443    0.010691    0.335326 ^ clkbuf_4_15_0_clk/A (sky130_fd_sc_hd__clkbuf_8)
     6    0.025126    0.058962    0.169285    0.504611 ^ clkbuf_4_15_0_clk/X (sky130_fd_sc_hd__clkbuf_8)
                                                         clknet_4_15_0_clk (net)
                      0.059001    0.001330    0.505941 ^ _2692_/CLK (sky130_fd_sc_hd__dfxtp_2)
                                  0.200000    0.705941   clock uncertainty
                                  0.000000    0.705941   clock reconvergence pessimism
                                 -0.027519    0.678422   library hold time
                                              0.678422   data required time
---------------------------------------------------------------------------------------------
                                              0.678422   data required time
                                             -1.222340   data arrival time
---------------------------------------------------------------------------------------------
                                              0.543917   slack (MET)


Startpoint: _2689_ (rising edge-triggered flip-flop clocked by clk)
Endpoint: _2689_ (rising edge-triggered flip-flop clocked by clk)
Path Group: clk
Path Type: min

Fanout         Cap        Slew       Delay        Time   Description
---------------------------------------------------------------------------------------------
                                  0.000000    0.000000   clock clk (rise edge)
                                  0.000000    0.000000   clock source latency
     1    0.030447    0.142407    0.099408    0.099408 ^ clk (in)
                                                         clk (net)
                      0.142457    0.000000    0.099408 ^ clkbuf_0_clk/A (sky130_fd_sc_hd__clkbuf_16)
    16    0.114557    0.129029    0.225226    0.324634 ^ clkbuf_0_clk/X (sky130_fd_sc_hd__clkbuf_16)
                                                         clknet_0_clk (net)
                      0.130444    0.010695    0.335330 ^ clkbuf_4_14_0_clk/A (sky130_fd_sc_hd__clkbuf_8)
     6    0.024501    0.058124    0.168471    0.503800 ^ clkbuf_4_14_0_clk/X (sky130_fd_sc_hd__clkbuf_8)
                                                         clknet_4_14_0_clk (net)
                      0.058191    0.001687    0.505488 ^ _2689_/CLK (sky130_fd_sc_hd__dfxtp_2)
     8    0.037480    0.192106    0.431619    0.937107 ^ _2689_/Q (sky130_fd_sc_hd__dfxtp_2)
                                                         r4_acc[1] (net)
                      0.192119    0.001725    0.938832 ^ _2454_/A1 (sky130_fd_sc_hd__a22o_2)
     1    0.002386    0.032363    0.170493    1.109325 ^ _2454_/X (sky130_fd_sc_hd__a22o_2)
                                                         _0443_ (net)
                      0.032363    0.000147    1.109472 ^ _2455_/B (sky130_fd_sc_hd__and2_2)
     1    0.002314    0.034727    0.121228    1.230700 ^ _2455_/X (sky130_fd_sc_hd__and2_2)
                                                         _0444_ (net)
                      0.034727    0.000158    1.230858 ^ _2689_/D (sky130_fd_sc_hd__dfxtp_2)
                                              1.230858   data arrival time

                                  0.000000    0.000000   clock clk (rise edge)
                                  0.000000    0.000000   clock source latency
     1    0.030447    0.142407    0.099408    0.099408 ^ clk (in)
                                                         clk (net)
                      0.142457    0.000000    0.099408 ^ clkbuf_0_clk/A (sky130_fd_sc_hd__clkbuf_16)
    16    0.114557    0.129029    0.225226    0.324634 ^ clkbuf_0_clk/X (sky130_fd_sc_hd__clkbuf_16)
                                                         clknet_0_clk (net)
                      0.130444    0.010695    0.335330 ^ clkbuf_4_14_0_clk/A (sky130_fd_sc_hd__clkbuf_8)
     6    0.024501    0.058124    0.168471    0.503800 ^ clkbuf_4_14_0_clk/X (sky130_fd_sc_hd__clkbuf_8)
                                                         clknet_4_14_0_clk (net)
                      0.058191    0.001687    0.505488 ^ _2689_/CLK (sky130_fd_sc_hd__dfxtp_2)
                                  0.200000    0.705488   clock uncertainty
                                  0.000000    0.705488   clock reconvergence pessimism
                                 -0.027328    0.678159   library hold time
                                              0.678159   data required time
---------------------------------------------------------------------------------------------
                                              0.678159   data required time
                                             -1.230858   data arrival time
---------------------------------------------------------------------------------------------
                                              0.552699   slack (MET)


Startpoint: _2700_ (rising edge-triggered flip-flop clocked by clk)
Endpoint: _2700_ (rising edge-triggered flip-flop clocked by clk)
Path Group: clk
Path Type: min

Fanout         Cap        Slew       Delay        Time   Description
---------------------------------------------------------------------------------------------
                                  0.000000    0.000000   clock clk (rise edge)
                                  0.000000    0.000000   clock source latency
     1    0.030447    0.142407    0.099408    0.099408 ^ clk (in)
                                                         clk (net)
                      0.142457    0.000000    0.099408 ^ clkbuf_0_clk/A (sky130_fd_sc_hd__clkbuf_16)
    16    0.114557    0.129029    0.225226    0.324634 ^ clkbuf_0_clk/X (sky130_fd_sc_hd__clkbuf_16)
                                                         clknet_0_clk (net)
                      0.130170    0.009635    0.334269 ^ clkbuf_4_13_0_clk/A (sky130_fd_sc_hd__clkbuf_8)
     6    0.028482    0.064237    0.172926    0.507195 ^ clkbuf_4_13_0_clk/X (sky130_fd_sc_hd__clkbuf_8)
                                                         clknet_4_13_0_clk (net)
                      0.064355    0.002367    0.509562 ^ _2700_/CLK (sky130_fd_sc_hd__dfxtp_2)
     6    0.039452    0.201885    0.440032    0.949594 ^ _2700_/Q (sky130_fd_sc_hd__dfxtp_2)
                                                         r4_acc[12] (net)
                      0.201904    0.002078    0.951672 ^ _2514_/A1 (sky130_fd_sc_hd__a22o_2)
     1    0.002288    0.031950    0.172864    1.124535 ^ _2514_/X (sky130_fd_sc_hd__a22o_2)
                                                         _0492_ (net)
                      0.031950    0.000150    1.124686 ^ _2515_/B (sky130_fd_sc_hd__and2_2)
     1    0.002252    0.034464    0.120790    1.245475 ^ _2515_/X (sky130_fd_sc_hd__and2_2)
                                                         _0493_ (net)
                      0.034464    0.000152    1.245627 ^ _2700_/D (sky130_fd_sc_hd__dfxtp_2)
                                              1.245627   data arrival time

                                  0.000000    0.000000   clock clk (rise edge)
                                  0.000000    0.000000   clock source latency
     1    0.030447    0.142407    0.099408    0.099408 ^ clk (in)
                                                         clk (net)
                      0.142457    0.000000    0.099408 ^ clkbuf_0_clk/A (sky130_fd_sc_hd__clkbuf_16)
    16    0.114557    0.129029    0.225226    0.324634 ^ clkbuf_0_clk/X (sky130_fd_sc_hd__clkbuf_16)
                                                         clknet_0_clk (net)
                      0.130170    0.009635    0.334269 ^ clkbuf_4_13_0_clk/A (sky130_fd_sc_hd__clkbuf_8)
     6    0.028482    0.064237    0.172926    0.507195 ^ clkbuf_4_13_0_clk/X (sky130_fd_sc_hd__clkbuf_8)
                                                         clknet_4_13_0_clk (net)
                      0.064355    0.002367    0.509562 ^ _2700_/CLK (sky130_fd_sc_hd__dfxtp_2)
                                  0.200000    0.709562   clock uncertainty
                                  0.000000    0.709562   clock reconvergence pessimism
                                 -0.026464    0.683098   library hold time
                                              0.683098   data required time
---------------------------------------------------------------------------------------------
                                              0.683098   data required time
                                             -1.245627   data arrival time
---------------------------------------------------------------------------------------------
                                              0.562529   slack (MET)


Startpoint: _2660_ (rising edge-triggered flip-flop clocked by clk)
Endpoint: _2660_ (rising edge-triggered flip-flop clocked by clk)
Path Group: clk
Path Type: min

Fanout         Cap        Slew       Delay        Time   Description
---------------------------------------------------------------------------------------------
                                  0.000000    0.000000   clock clk (rise edge)
                                  0.000000    0.000000   clock source latency
     1    0.030447    0.142407    0.099408    0.099408 ^ clk (in)
                                                         clk (net)
                      0.142457    0.000000    0.099408 ^ clkbuf_0_clk/A (sky130_fd_sc_hd__clkbuf_16)
    16    0.114557    0.129029    0.225226    0.324634 ^ clkbuf_0_clk/X (sky130_fd_sc_hd__clkbuf_16)
                                                         clknet_0_clk (net)
                      0.130958    0.012459    0.337094 ^ clkbuf_4_1_0_clk/A (sky130_fd_sc_hd__clkbuf_8)
     6    0.018281    0.048935    0.160508    0.497601 ^ clkbuf_4_1_0_clk/X (sky130_fd_sc_hd__clkbuf_8)
                                                         clknet_4_1_0_clk (net)
                      0.048954    0.000910    0.498511 ^ _2660_/CLK (sky130_fd_sc_hd__dfxtp_2)
     6    0.030894    0.160926    0.404933    0.903444 ^ _2660_/Q (sky130_fd_sc_hd__dfxtp_2)
                                                         r2_mantissa[5] (net)
                      0.160935    0.001371    0.904815 ^ _1347_/A1 (sky130_fd_sc_hd__o211a_2)
     1    0.006955    0.062286    0.212894    1.117709 ^ _1347_/X (sky130_fd_sc_hd__o211a_2)
                                                         _0005_ (net)
                      0.062291    0.000561    1.118269 ^ hold553/A (sky130_fd_sc_hd__clkbuf_2)
     1    0.006833    0.047551    0.112538    1.230807 ^ hold553/X (sky130_fd_sc_hd__clkbuf_2)
                                                         net552 (net)
                      0.047557    0.000549    1.231356 ^ _2660_/D (sky130_fd_sc_hd__dfxtp_2)
                                              1.231356   data arrival time

                                  0.000000    0.000000   clock clk (rise edge)
                                  0.000000    0.000000   clock source latency
     1    0.030447    0.142407    0.099408    0.099408 ^ clk (in)
                                                         clk (net)
                      0.142457    0.000000    0.099408 ^ clkbuf_0_clk/A (sky130_fd_sc_hd__clkbuf_16)
    16    0.114557    0.129029    0.225226    0.324634 ^ clkbuf_0_clk/X (sky130_fd_sc_hd__clkbuf_16)
                                                         clknet_0_clk (net)
                      0.130958    0.012459    0.337094 ^ clkbuf_4_1_0_clk/A (sky130_fd_sc_hd__clkbuf_8)
     6    0.018281    0.048935    0.160508    0.497601 ^ clkbuf_4_1_0_clk/X (sky130_fd_sc_hd__clkbuf_8)
                                                         clknet_4_1_0_clk (net)
                      0.048954    0.000910    0.498511 ^ _2660_/CLK (sky130_fd_sc_hd__dfxtp_2)
                                  0.200000    0.698511   clock uncertainty
                                  0.000000    0.698511   clock reconvergence pessimism
                                 -0.031198    0.667313   library hold time
                                              0.667313   data required time
---------------------------------------------------------------------------------------------
                                              0.667313   data required time
                                             -1.231356   data arrival time
---------------------------------------------------------------------------------------------
                                              0.564043   slack (MET)


Startpoint: _2641_ (rising edge-triggered flip-flop clocked by clk)
Endpoint: _2641_ (rising edge-triggered flip-flop clocked by clk)
Path Group: clk
Path Type: min

Fanout         Cap        Slew       Delay        Time   Description
---------------------------------------------------------------------------------------------
                                  0.000000    0.000000   clock clk (rise edge)
                                  0.000000    0.000000   clock source latency
     1    0.030447    0.142407    0.099408    0.099408 ^ clk (in)
                                                         clk (net)
                      0.142457    0.000000    0.099408 ^ clkbuf_0_clk/A (sky130_fd_sc_hd__clkbuf_16)
    16    0.114557    0.129029    0.225226    0.324634 ^ clkbuf_0_clk/X (sky130_fd_sc_hd__clkbuf_16)
                                                         clknet_0_clk (net)
                      0.130446    0.010703    0.335337 ^ clkbuf_4_2_0_clk/A (sky130_fd_sc_hd__clkbuf_8)
     6    0.022574    0.055106    0.166297    0.501634 ^ clkbuf_4_2_0_clk/X (sky130_fd_sc_hd__clkbuf_8)
                                                         clknet_4_2_0_clk (net)
                      0.055112    0.000676    0.502310 ^ _2641_/CLK (sky130_fd_sc_hd__dfxtp_2)
     2    0.014642    0.082520    0.351712    0.854022 ^ _2641_/Q (sky130_fd_sc_hd__dfxtp_2)
                                                         net387 (net)
                      0.082524    0.000700    0.854722 ^ _2579_/B (sky130_fd_sc_hd__or2_2)
     1    0.003201    0.030755    0.109100    0.963823 ^ _2579_/X (sky130_fd_sc_hd__or2_2)
                                                         _0534_ (net)
                      0.030756    0.000223    0.964046 ^ _2580_/C1 (sky130_fd_sc_hd__o211a_2)
     1    0.006816    0.060990    0.168274    1.132321 ^ _2580_/X (sky130_fd_sc_hd__o211a_2)
                                                         _0068_ (net)
                      0.060993    0.000503    1.132823 ^ hold510/A (sky130_fd_sc_hd__clkbuf_2)
     1    0.006390    0.045350    0.110400    1.243224 ^ hold510/X (sky130_fd_sc_hd__clkbuf_2)
                                                         net509 (net)
                      0.045354    0.000436    1.243660 ^ _2641_/D (sky130_fd_sc_hd__dfxtp_2)
                                              1.243660   data arrival time

                                  0.000000    0.000000   clock clk (rise edge)
                                  0.000000    0.000000   clock source latency
     1    0.030447    0.142407    0.099408    0.099408 ^ clk (in)
                                                         clk (net)
                      0.142457    0.000000    0.099408 ^ clkbuf_0_clk/A (sky130_fd_sc_hd__clkbuf_16)
    16    0.114557    0.129029    0.225226    0.324634 ^ clkbuf_0_clk/X (sky130_fd_sc_hd__clkbuf_16)
                                                         clknet_0_clk (net)
                      0.130446    0.010703    0.335337 ^ clkbuf_4_2_0_clk/A (sky130_fd_sc_hd__clkbuf_8)
     6    0.022574    0.055106    0.166297    0.501634 ^ clkbuf_4_2_0_clk/X (sky130_fd_sc_hd__clkbuf_8)
                                                         clknet_4_2_0_clk (net)
                      0.055112    0.000676    0.502310 ^ _2641_/CLK (sky130_fd_sc_hd__dfxtp_2)
                                  0.200000    0.702310   clock uncertainty
                                  0.000000    0.702310   clock reconvergence pessimism
                                 -0.029931    0.672379   library hold time
                                              0.672379   data required time
---------------------------------------------------------------------------------------------
                                              0.672379   data required time
                                             -1.243660   data arrival time
---------------------------------------------------------------------------------------------
                                              0.571281   slack (MET)


Startpoint: b_in[3] (input port clocked by clk)
Endpoint: _2658_ (rising edge-triggered flip-flop clocked by clk)
Path Group: clk
Path Type: min

Fanout         Cap        Slew       Delay        Time   Description
---------------------------------------------------------------------------------------------
                                  0.000000    0.000000   clock clk (rise edge)
                                  0.000000    0.000000   clock network delay (propagated)
                                  0.020000    0.020000 ^ input external delay
     2    0.011795    0.059439    0.039951    0.059951 ^ b_in[3] (in)
                                                         b_in[3] (net)
                      0.059442    0.000000    0.059951 ^ hold511/A (sky130_fd_sc_hd__clkbuf_2)
     1    0.020126    0.115104    0.160161    0.220111 ^ hold511/X (sky130_fd_sc_hd__clkbuf_2)
                                                         net510 (net)
                      0.115185    0.001689    0.221801 ^ hold508/A (sky130_fd_sc_hd__clkbuf_2)
     1    0.015719    0.092312    0.164770    0.386571 ^ hold508/X (sky130_fd_sc_hd__clkbuf_2)
                                                         net507 (net)
                      0.092337    0.001476    0.388047 ^ hold512/A (sky130_fd_sc_hd__clkbuf_2)
     1    0.008723    0.057129    0.130730    0.518776 ^ hold512/X (sky130_fd_sc_hd__clkbuf_2)
                                                         net511 (net)
                      0.057137    0.000666    0.519442 ^ input334/A (sky130_fd_sc_hd__buf_2)
     1    0.004384    0.033482    0.101723    0.621165 ^ input334/X (sky130_fd_sc_hd__buf_2)
                                                         net334 (net)
                      0.033483    0.000272    0.621437 ^ hold513/A (sky130_fd_sc_hd__clkbuf_2)
     1    0.008819    0.057456    0.109827    0.731265 ^ hold513/X (sky130_fd_sc_hd__clkbuf_2)
                                                         net512 (net)
                      0.057463    0.000690    0.731955 ^ hold509/A (sky130_fd_sc_hd__clkbuf_2)
     2    0.011461    0.070525    0.128298    0.860253 ^ hold509/X (sky130_fd_sc_hd__clkbuf_2)
                                                         net508 (net)
                      0.070543    0.001103    0.861356 ^ hold514/A (sky130_fd_sc_hd__clkbuf_2)
     2    0.013265    0.079769    0.139956    1.001312 ^ hold514/X (sky130_fd_sc_hd__clkbuf_2)
                                                         net513 (net)
                      0.079770    0.000508    1.001820 ^ _2619_/A1 (sky130_fd_sc_hd__o211a_2)
     1    0.002854    0.041416    0.174467    1.176287 ^ _2619_/X (sky130_fd_sc_hd__o211a_2)
                                                         _0085_ (net)
                      0.041416    0.000209    1.176496 ^ hold515/A (sky130_fd_sc_hd__clkbuf_2)
     1    0.001990    0.024322    0.084906    1.261402 ^ hold515/X (sky130_fd_sc_hd__clkbuf_2)
                                                         net514 (net)
                      0.024322    0.000141    1.261543 ^ _2658_/D (sky130_fd_sc_hd__dfxtp_2)
                                              1.261543   data arrival time

                                  0.000000    0.000000   clock clk (rise edge)
                                  0.000000    0.000000   clock source latency
     1    0.030447    0.142407    0.099408    0.099408 ^ clk (in)
                                                         clk (net)
                      0.142457    0.000000    0.099408 ^ clkbuf_0_clk/A (sky130_fd_sc_hd__clkbuf_16)
    16    0.114557    0.129029    0.225226    0.324634 ^ clkbuf_0_clk/X (sky130_fd_sc_hd__clkbuf_16)
                                                         clknet_0_clk (net)
                      0.129305    0.004907    0.329542 ^ clkbuf_4_10_0_clk/A (sky130_fd_sc_hd__clkbuf_8)
     6    0.034687    0.073891    0.179827    0.509369 ^ clkbuf_4_10_0_clk/X (sky130_fd_sc_hd__clkbuf_8)
                                                         clknet_4_10_0_clk (net)
                      0.074189    0.003274    0.512643 ^ _2658_/CLK (sky130_fd_sc_hd__dfxtp_2)
                                  0.200000    0.712643   clock uncertainty
                                  0.000000    0.712643   clock reconvergence pessimism
                                 -0.023079    0.689564   library hold time
                                              0.689564   data required time
---------------------------------------------------------------------------------------------
                                              0.689564   data required time
                                             -1.261543   data arrival time
---------------------------------------------------------------------------------------------
                                              0.571979   slack (MET)


Startpoint: b_in[9] (input port clocked by clk)
Endpoint: _2664_ (rising edge-triggered flip-flop clocked by clk)
Path Group: clk
Path Type: min

Fanout         Cap        Slew       Delay        Time   Description
---------------------------------------------------------------------------------------------
                                  0.000000    0.000000   clock clk (rise edge)
                                  0.000000    0.000000   clock network delay (propagated)
                                  0.020000    0.020000 ^ input external delay
     1    0.017518    0.084425    0.058736    0.078736 ^ b_in[9] (in)
                                                         b_in[9] (net)
                      0.084490    0.000000    0.078736 ^ hold562/A (sky130_fd_sc_hd__clkbuf_2)
     1    0.006105    0.044128    0.117881    0.196617 ^ hold562/X (sky130_fd_sc_hd__clkbuf_2)
                                                         net561 (net)
                      0.044131    0.000430    0.197047 ^ hold486/A (sky130_fd_sc_hd__clkbuf_2)
     1    0.005833    0.042557    0.102201    0.299248 ^ hold486/X (sky130_fd_sc_hd__clkbuf_2)
                                                         net485 (net)
                      0.042560    0.000417    0.299665 ^ hold563/A (sky130_fd_sc_hd__clkbuf_2)
     1    0.004816    0.037597    0.097728    0.397393 ^ hold563/X (sky130_fd_sc_hd__clkbuf_2)
                                                         net562 (net)
                      0.037601    0.000371    0.397764 ^ input340/A (sky130_fd_sc_hd__buf_2)
     1    0.006206    0.041272    0.100831    0.498595 ^ input340/X (sky130_fd_sc_hd__buf_2)
                                                         net340 (net)
                      0.041277    0.000448    0.499044 ^ hold564/A (sky130_fd_sc_hd__clkbuf_2)
     1    0.007384    0.050316    0.107185    0.606229 ^ hold564/X (sky130_fd_sc_hd__clkbuf_2)
                                                         net563 (net)
                      0.050319    0.000445    0.606674 ^ hold487/A (sky130_fd_sc_hd__clkbuf_2)
     2    0.025159    0.141248    0.174741    0.781415 ^ hold487/X (sky130_fd_sc_hd__clkbuf_2)
                                                         net486 (net)
                      0.141282    0.001792    0.783208 ^ hold565/A (sky130_fd_sc_hd__clkbuf_2)
     2    0.018398    0.106702    0.182175    0.965382 ^ hold565/X (sky130_fd_sc_hd__clkbuf_2)
                                                         net564 (net)
                      0.106713    0.001154    0.966536 ^ _1357_/A (sky130_fd_sc_hd__or2_2)
     1    0.006464    0.045562    0.132849    1.099385 ^ _1357_/X (sky130_fd_sc_hd__or2_2)
                                                         _0588_ (net)
                      0.045570    0.000571    1.099956 ^ _1358_/B1 (sky130_fd_sc_hd__o211a_2)
     1    0.003215    0.043400    0.162818    1.262774 ^ _1358_/X (sky130_fd_sc_hd__o211a_2)
                                                         _0009_ (net)
                      0.043413    0.000222    1.262996 ^ _2664_/D (sky130_fd_sc_hd__dfxtp_2)
                                              1.262996   data arrival time

                                  0.000000    0.000000   clock clk (rise edge)
                                  0.000000    0.000000   clock source latency
     1    0.030447    0.142407    0.099408    0.099408 ^ clk (in)
                                                         clk (net)
                      0.142457    0.000000    0.099408 ^ clkbuf_0_clk/A (sky130_fd_sc_hd__clkbuf_16)
    16    0.114557    0.129029    0.225226    0.324634 ^ clkbuf_0_clk/X (sky130_fd_sc_hd__clkbuf_16)
                                                         clknet_0_clk (net)
                      0.131802    0.014944    0.339579 ^ clkbuf_4_4_0_clk/A (sky130_fd_sc_hd__clkbuf_8)
     6    0.028684    0.064541    0.173218    0.512797 ^ clkbuf_4_4_0_clk/X (sky130_fd_sc_hd__clkbuf_8)
                                                         clknet_4_4_0_clk (net)
                      0.064692    0.001860    0.514657 ^ _2664_/CLK (sky130_fd_sc_hd__dfxtp_2)
                                  0.200000    0.714657   clock uncertainty
                                  0.000000    0.714657   clock reconvergence pessimism
                                 -0.028269    0.686389   library hold time
                                              0.686389   data required time
---------------------------------------------------------------------------------------------
                                              0.686389   data required time
                                             -1.262996   data arrival time
---------------------------------------------------------------------------------------------
                                              0.576607   slack (MET)


Startpoint: _2645_ (rising edge-triggered flip-flop clocked by clk)
Endpoint: _2645_ (rising edge-triggered flip-flop clocked by clk)
Path Group: clk
Path Type: min

Fanout         Cap        Slew       Delay        Time   Description
---------------------------------------------------------------------------------------------
                                  0.000000    0.000000   clock clk (rise edge)
                                  0.000000    0.000000   clock source latency
     1    0.030447    0.142407    0.099408    0.099408 ^ clk (in)
                                                         clk (net)
                      0.142457    0.000000    0.099408 ^ clkbuf_0_clk/A (sky130_fd_sc_hd__clkbuf_16)
    16    0.114557    0.129029    0.225226    0.324634 ^ clkbuf_0_clk/X (sky130_fd_sc_hd__clkbuf_16)
                                                         clknet_0_clk (net)
                      0.131276    0.013446    0.338080 ^ clkbuf_4_0_0_clk/A (sky130_fd_sc_hd__clkbuf_8)
     6    0.024742    0.058501    0.168949    0.507029 ^ clkbuf_4_0_0_clk/X (sky130_fd_sc_hd__clkbuf_8)
                                                         clknet_4_0_0_clk (net)
                      0.058545    0.001429    0.508458 ^ _2645_/CLK (sky130_fd_sc_hd__dfxtp_2)
     2    0.010295    0.062941    0.337640    0.846098 ^ _2645_/Q (sky130_fd_sc_hd__dfxtp_2)
                                                         net391 (net)
                      0.062941    0.000285    0.846384 ^ _2587_/B (sky130_fd_sc_hd__or2_2)
     1    0.003104    0.030195    0.101342    0.947725 ^ _2587_/X (sky130_fd_sc_hd__or2_2)
                                                         _0538_ (net)
                      0.030196    0.000213    0.947939 ^ _2588_/C1 (sky130_fd_sc_hd__o211a_2)
     1    0.010835    0.081829    0.187092    1.135031 ^ _2588_/X (sky130_fd_sc_hd__o211a_2)
                                                         _0072_ (net)
                      0.081834    0.000703    1.135733 ^ hold479/A (sky130_fd_sc_hd__clkbuf_2)
     1    0.007330    0.050202    0.121685    1.257419 ^ hold479/X (sky130_fd_sc_hd__clkbuf_2)
                                                         net478 (net)
                      0.050203    0.000340    1.257759 ^ _2645_/D (sky130_fd_sc_hd__dfxtp_2)
                                              1.257759   data arrival time

                                  0.000000    0.000000   clock clk (rise edge)
                                  0.000000    0.000000   clock source latency
     1    0.030447    0.142407    0.099408    0.099408 ^ clk (in)
                                                         clk (net)
                      0.142457    0.000000    0.099408 ^ clkbuf_0_clk/A (sky130_fd_sc_hd__clkbuf_16)
    16    0.114557    0.129029    0.225226    0.324634 ^ clkbuf_0_clk/X (sky130_fd_sc_hd__clkbuf_16)
                                                         clknet_0_clk (net)
                      0.131276    0.013446    0.338080 ^ clkbuf_4_0_0_clk/A (sky130_fd_sc_hd__clkbuf_8)
     6    0.024742    0.058501    0.168949    0.507029 ^ clkbuf_4_0_0_clk/X (sky130_fd_sc_hd__clkbuf_8)
                                                         clknet_4_0_0_clk (net)
                      0.058545    0.001429    0.508458 ^ _2645_/CLK (sky130_fd_sc_hd__dfxtp_2)
                                  0.200000    0.708459   clock uncertainty
                                  0.000000    0.708459   clock reconvergence pessimism
                                 -0.030482    0.677977   library hold time
                                              0.677977   data required time
---------------------------------------------------------------------------------------------
                                              0.677977   data required time
                                             -1.257759   data arrival time
---------------------------------------------------------------------------------------------
                                              0.579782   slack (MET)


Startpoint: _2643_ (rising edge-triggered flip-flop clocked by clk)
Endpoint: _2643_ (rising edge-triggered flip-flop clocked by clk)
Path Group: clk
Path Type: min

Fanout         Cap        Slew       Delay        Time   Description
---------------------------------------------------------------------------------------------
                                  0.000000    0.000000   clock clk (rise edge)
                                  0.000000    0.000000   clock source latency
     1    0.030447    0.142407    0.099408    0.099408 ^ clk (in)
                                                         clk (net)
                      0.142457    0.000000    0.099408 ^ clkbuf_0_clk/A (sky130_fd_sc_hd__clkbuf_16)
    16    0.114557    0.129029    0.225226    0.324634 ^ clkbuf_0_clk/X (sky130_fd_sc_hd__clkbuf_16)
                                                         clknet_0_clk (net)
                      0.131276    0.013446    0.338080 ^ clkbuf_4_0_0_clk/A (sky130_fd_sc_hd__clkbuf_8)
     6    0.024742    0.058501    0.168949    0.507029 ^ clkbuf_4_0_0_clk/X (sky130_fd_sc_hd__clkbuf_8)
                                                         clknet_4_0_0_clk (net)
                      0.058536    0.001304    0.508333 ^ _2643_/CLK (sky130_fd_sc_hd__dfxtp_2)
     2    0.008361    0.053992    0.330470    0.838803 ^ _2643_/Q (sky130_fd_sc_hd__dfxtp_2)
                                                         net389 (net)
                      0.053992    0.000400    0.839203 ^ _2583_/B (sky130_fd_sc_hd__or2_2)
     1    0.002576    0.027892    0.095665    0.934868 ^ _2583_/X (sky130_fd_sc_hd__or2_2)
                                                         _0536_ (net)
                      0.027892    0.000119    0.934987 ^ _2584_/C1 (sky130_fd_sc_hd__o211a_2)
     1    0.011659    0.085143    0.190116    1.125103 ^ _2584_/X (sky130_fd_sc_hd__o211a_2)
                                                         _0070_ (net)
                      0.085155    0.000993    1.126096 ^ hold461/A (sky130_fd_sc_hd__clkbuf_2)
     1    0.010447    0.065764    0.134633    1.260729 ^ hold461/X (sky130_fd_sc_hd__clkbuf_2)
                                                         net460 (net)
                      0.065775    0.000862    1.261591 ^ _2643_/D (sky130_fd_sc_hd__dfxtp_2)
                                              1.261591   data arrival time

                                  0.000000    0.000000   clock clk (rise edge)
                                  0.000000    0.000000   clock source latency
     1    0.030447    0.142407    0.099408    0.099408 ^ clk (in)
                                                         clk (net)
                      0.142457    0.000000    0.099408 ^ clkbuf_0_clk/A (sky130_fd_sc_hd__clkbuf_16)
    16    0.114557    0.129029    0.225226    0.324634 ^ clkbuf_0_clk/X (sky130_fd_sc_hd__clkbuf_16)
                                                         clknet_0_clk (net)
                      0.131276    0.013446    0.338080 ^ clkbuf_4_0_0_clk/A (sky130_fd_sc_hd__clkbuf_8)
     6    0.024742    0.058501    0.168949    0.507029 ^ clkbuf_4_0_0_clk/X (sky130_fd_sc_hd__clkbuf_8)
                                                         clknet_4_0_0_clk (net)
                      0.058536    0.001304    0.508333 ^ _2643_/CLK (sky130_fd_sc_hd__dfxtp_2)
                                  0.200000    0.708333   clock uncertainty
                                  0.000000    0.708333   clock reconvergence pessimism
                                 -0.033703    0.674630   library hold time
                                              0.674630   data required time
---------------------------------------------------------------------------------------------
                                              0.674630   data required time
                                             -1.261591   data arrival time
---------------------------------------------------------------------------------------------
                                              0.586961   slack (MET)


Startpoint: b_in[8] (input port clocked by clk)
Endpoint: _2646_ (rising edge-triggered flip-flop clocked by clk)
Path Group: clk
Path Type: min

Fanout         Cap        Slew       Delay        Time   Description
---------------------------------------------------------------------------------------------
                                  0.000000    0.000000   clock clk (rise edge)
                                  0.000000    0.000000   clock network delay (propagated)
                                  0.020000    0.020000 v input external delay
     2    0.018321    0.042336    0.030236    0.050236 v b_in[8] (in)
                                                         b_in[8] (net)
                      0.042421    0.000000    0.050236 v hold586/A (sky130_fd_sc_hd__clkbuf_2)
     1    0.002606    0.022546    0.094869    0.145105 v hold586/X (sky130_fd_sc_hd__clkbuf_2)
                                                         net585 (net)
                      0.022558    0.000178    0.145283 v hold483/A (sky130_fd_sc_hd__clkbuf_2)
     1    0.003019    0.023929    0.088022    0.233305 v hold483/X (sky130_fd_sc_hd__clkbuf_2)
                                                         net482 (net)
                      0.023930    0.000195    0.233500 v hold587/A (sky130_fd_sc_hd__clkbuf_2)
     1    0.004355    0.028493    0.093814    0.327314 v hold587/X (sky130_fd_sc_hd__clkbuf_2)
                                                         net586 (net)
                      0.028498    0.000332    0.327646 v input339/A (sky130_fd_sc_hd__buf_2)
     1    0.016040    0.051168    0.138760    0.466405 v input339/X (sky130_fd_sc_hd__buf_2)
                                                         net339 (net)
                      0.051210    0.001328    0.467734 v hold588/A (sky130_fd_sc_hd__clkbuf_2)
     1    0.014225    0.061485    0.135467    0.603200 v hold588/X (sky130_fd_sc_hd__clkbuf_2)
                                                         net587 (net)
                      0.061518    0.001309    0.604509 v hold484/A (sky130_fd_sc_hd__clkbuf_2)
     2    0.016330    0.068879    0.145720    0.750229 v hold484/X (sky130_fd_sc_hd__clkbuf_2)
                                                         net483 (net)
                      0.068937    0.001819    0.752048 v hold589/A (sky130_fd_sc_hd__clkbuf_2)
     2    0.009772    0.047265    0.130451    0.882499 v hold589/X (sky130_fd_sc_hd__clkbuf_2)
                                                         net588 (net)
                      0.047278    0.000742    0.883241 v _2590_/A2 (sky130_fd_sc_hd__o211a_2)
     1    0.012668    0.047791    0.268187    1.151428 v _2590_/X (sky130_fd_sc_hd__o211a_2)
                                                         _0073_ (net)
                      0.047835    0.001284    1.152712 v hold485/A (sky130_fd_sc_hd__clkbuf_2)
     1    0.011979    0.053644    0.128074    1.280786 v hold485/X (sky130_fd_sc_hd__clkbuf_2)
                                                         net484 (net)
                      0.053660    0.000882    1.281668 v _2646_/D (sky130_fd_sc_hd__dfxtp_2)
                                              1.281668   data arrival time

                                  0.000000    0.000000   clock clk (rise edge)
                                  0.000000    0.000000   clock source latency
     1    0.030447    0.142407    0.099408    0.099408 ^ clk (in)
                                                         clk (net)
                      0.142457    0.000000    0.099408 ^ clkbuf_0_clk/A (sky130_fd_sc_hd__clkbuf_16)
    16    0.114557    0.129029    0.225226    0.324634 ^ clkbuf_0_clk/X (sky130_fd_sc_hd__clkbuf_16)
                                                         clknet_0_clk (net)
                      0.131276    0.013446    0.338080 ^ clkbuf_4_0_0_clk/A (sky130_fd_sc_hd__clkbuf_8)
     6    0.024742    0.058501    0.168949    0.507029 ^ clkbuf_4_0_0_clk/X (sky130_fd_sc_hd__clkbuf_8)
                                                         clknet_4_0_0_clk (net)
                      0.058556    0.001570    0.508599 ^ _2646_/CLK (sky130_fd_sc_hd__dfxtp_2)
                                  0.200000    0.708599   clock uncertainty
                                  0.000000    0.708599   clock reconvergence pessimism
                                 -0.046581    0.662019   library hold time
                                              0.662019   data required time
---------------------------------------------------------------------------------------------
                                              0.662019   data required time
                                             -1.281668   data arrival time
---------------------------------------------------------------------------------------------
                                              0.619650   slack (MET)


Startpoint: b_in[13] (input port clocked by clk)
Endpoint: _2651_ (rising edge-triggered flip-flop clocked by clk)
Path Group: clk
Path Type: min

Fanout         Cap        Slew       Delay        Time   Description
---------------------------------------------------------------------------------------------
                                  0.000000    0.000000   clock clk (rise edge)
                                  0.000000    0.000000   clock network delay (propagated)
                                  0.020000    0.020000 v input external delay
     1    0.023604    0.054074    0.038795    0.058795 v b_in[13] (in)
                                                         b_in[13] (net)
                      0.054212    0.000000    0.058795 v hold530/A (sky130_fd_sc_hd__clkbuf_2)
     1    0.007313    0.038483    0.116241    0.175036 v hold530/X (sky130_fd_sc_hd__clkbuf_2)
                                                         net529 (net)
                      0.038488    0.000477    0.175512 v hold450/A (sky130_fd_sc_hd__clkbuf_2)
     1    0.003244    0.024720    0.095801    0.271313 v hold450/X (sky130_fd_sc_hd__clkbuf_2)
                                                         net449 (net)
                      0.024721    0.000137    0.271450 v hold531/A (sky130_fd_sc_hd__clkbuf_2)
     1    0.002108    0.020971    0.085242    0.356691 v hold531/X (sky130_fd_sc_hd__clkbuf_2)
                                                         net530 (net)
                      0.020971    0.000146    0.356838 v input329/A (sky130_fd_sc_hd__buf_2)
     1    0.002541    0.022864    0.102302    0.459139 v input329/X (sky130_fd_sc_hd__buf_2)
                                                         net329 (net)
                      0.022864    0.000182    0.459321 v hold532/A (sky130_fd_sc_hd__clkbuf_2)
     1    0.003541    0.025718    0.090293    0.549615 v hold532/X (sky130_fd_sc_hd__clkbuf_2)
                                                         net531 (net)
                      0.025718    0.000148    0.549763 v hold451/A (sky130_fd_sc_hd__clkbuf_2)
     2    0.018646    0.076997    0.136559    0.686321 v hold451/X (sky130_fd_sc_hd__clkbuf_2)
                                                         net450 (net)
                      0.077016    0.001166    0.687487 v hold533/A (sky130_fd_sc_hd__clkbuf_2)
     2    0.014258    0.061633    0.147114    0.834601 v hold533/X (sky130_fd_sc_hd__clkbuf_2)
                                                         net532 (net)
                      0.061672    0.001420    0.836021 v _2600_/A2 (sky130_fd_sc_hd__o211a_2)
     1    0.020601    0.065060    0.292919    1.128940 v _2600_/X (sky130_fd_sc_hd__o211a_2)
                                                         _0078_ (net)
                      0.065124    0.001832    1.130772 v hold452/A (sky130_fd_sc_hd__clkbuf_2)
     1    0.017586    0.073291    0.150856    1.281628 v hold452/X (sky130_fd_sc_hd__clkbuf_2)
                                                         net451 (net)
                      0.073325    0.001480    1.283108 v _2651_/D (sky130_fd_sc_hd__dfxtp_2)
                                              1.283108   data arrival time

                                  0.000000    0.000000   clock clk (rise edge)
                                  0.000000    0.000000   clock source latency
     1    0.030447    0.142407    0.099408    0.099408 ^ clk (in)
                                                         clk (net)
                      0.142457    0.000000    0.099408 ^ clkbuf_0_clk/A (sky130_fd_sc_hd__clkbuf_16)
    16    0.114557    0.129029    0.225226    0.324634 ^ clkbuf_0_clk/X (sky130_fd_sc_hd__clkbuf_16)
                                                         clknet_0_clk (net)
                      0.131802    0.014944    0.339579 ^ clkbuf_4_4_0_clk/A (sky130_fd_sc_hd__clkbuf_8)
     6    0.028684    0.064541    0.173218    0.512797 ^ clkbuf_4_4_0_clk/X (sky130_fd_sc_hd__clkbuf_8)
                                                         clknet_4_4_0_clk (net)
                      0.064980    0.003842    0.516639 ^ _2651_/CLK (sky130_fd_sc_hd__dfxtp_2)
                                  0.200000    0.716639   clock uncertainty
                                  0.000000    0.716639   clock reconvergence pessimism
                                 -0.053214    0.663425   library hold time
                                              0.663425   data required time
---------------------------------------------------------------------------------------------
                                              0.663425   data required time
                                             -1.283108   data arrival time
---------------------------------------------------------------------------------------------
                                              0.619683   slack (MET)


Startpoint: _2668_ (rising edge-triggered flip-flop clocked by clk)
Endpoint: _2668_ (rising edge-triggered flip-flop clocked by clk)
Path Group: clk
Path Type: min

Fanout         Cap        Slew       Delay        Time   Description
---------------------------------------------------------------------------------------------
                                  0.000000    0.000000   clock clk (rise edge)
                                  0.000000    0.000000   clock source latency
     1    0.030447    0.142407    0.099408    0.099408 ^ clk (in)
                                                         clk (net)
                      0.142457    0.000000    0.099408 ^ clkbuf_0_clk/A (sky130_fd_sc_hd__clkbuf_16)
    16    0.114557    0.129029    0.225226    0.324634 ^ clkbuf_0_clk/X (sky130_fd_sc_hd__clkbuf_16)
                                                         clknet_0_clk (net)
                      0.131276    0.013446    0.338080 ^ clkbuf_4_0_0_clk/A (sky130_fd_sc_hd__clkbuf_8)
     6    0.024742    0.058501    0.168949    0.507029 ^ clkbuf_4_0_0_clk/X (sky130_fd_sc_hd__clkbuf_8)
                                                         clknet_4_0_0_clk (net)
                      0.058582    0.001857    0.508886 ^ _2668_/CLK (sky130_fd_sc_hd__dfxtp_2)
     8    0.067218    0.158665    0.424635    0.933521 v _2668_/Q (sky130_fd_sc_hd__dfxtp_2)
                                                         r2_mantissa[13] (net)
                      0.158743    0.003329    0.936850 v _1366_/A1 (sky130_fd_sc_hd__o211a_2)
     1    0.003162    0.026634    0.297527    1.234377 v _1366_/X (sky130_fd_sc_hd__o211a_2)
                                                         _0013_ (net)
                      0.026634    0.000215    1.234593 v hold535/A (sky130_fd_sc_hd__clkbuf_2)
     1    0.003168    0.024446    0.090378    1.324971 v hold535/X (sky130_fd_sc_hd__clkbuf_2)
                                                         net534 (net)
                      0.024447    0.000189    1.325160 v _2668_/D (sky130_fd_sc_hd__dfxtp_2)
                                              1.325160   data arrival time

                                  0.000000    0.000000   clock clk (rise edge)
                                  0.000000    0.000000   clock source latency
     1    0.030447    0.142407    0.099408    0.099408 ^ clk (in)
                                                         clk (net)
                      0.142457    0.000000    0.099408 ^ clkbuf_0_clk/A (sky130_fd_sc_hd__clkbuf_16)
    16    0.114557    0.129029    0.225226    0.324634 ^ clkbuf_0_clk/X (sky130_fd_sc_hd__clkbuf_16)
                                                         clknet_0_clk (net)
                      0.131276    0.013446    0.338080 ^ clkbuf_4_0_0_clk/A (sky130_fd_sc_hd__clkbuf_8)
     6    0.024742    0.058501    0.168949    0.507029 ^ clkbuf_4_0_0_clk/X (sky130_fd_sc_hd__clkbuf_8)
                                                         clknet_4_0_0_clk (net)
                      0.058582    0.001857    0.508886 ^ _2668_/CLK (sky130_fd_sc_hd__dfxtp_2)
                                  0.200000    0.708886   clock uncertainty
                                  0.000000    0.708886   clock reconvergence pessimism
                                 -0.034596    0.674290   library hold time
                                              0.674290   data required time
---------------------------------------------------------------------------------------------
                                              0.674290   data required time
                                             -1.325160   data arrival time
---------------------------------------------------------------------------------------------
                                              0.650870   slack (MET)


Startpoint: _2647_ (rising edge-triggered flip-flop clocked by clk)
Endpoint: _2647_ (rising edge-triggered flip-flop clocked by clk)
Path Group: clk
Path Type: min

Fanout         Cap        Slew       Delay        Time   Description
---------------------------------------------------------------------------------------------
                                  0.000000    0.000000   clock clk (rise edge)
                                  0.000000    0.000000   clock source latency
     1    0.030447    0.142407    0.099408    0.099408 ^ clk (in)
                                                         clk (net)
                      0.142457    0.000000    0.099408 ^ clkbuf_0_clk/A (sky130_fd_sc_hd__clkbuf_16)
    16    0.114557    0.129029    0.225226    0.324634 ^ clkbuf_0_clk/X (sky130_fd_sc_hd__clkbuf_16)
                                                         clknet_0_clk (net)
                      0.131276    0.013446    0.338080 ^ clkbuf_4_0_0_clk/A (sky130_fd_sc_hd__clkbuf_8)
     6    0.024742    0.058501    0.168949    0.507029 ^ clkbuf_4_0_0_clk/X (sky130_fd_sc_hd__clkbuf_8)
                                                         clknet_4_0_0_clk (net)
                      0.058609    0.002122    0.509152 ^ _2647_/CLK (sky130_fd_sc_hd__dfxtp_2)
     2    0.011305    0.067574    0.341462    0.850614 ^ _2647_/Q (sky130_fd_sc_hd__dfxtp_2)
                                                         net393 (net)
                      0.067574    0.000147    0.850761 ^ _2591_/B (sky130_fd_sc_hd__or2_2)
     1    0.003675    0.032775    0.105618    0.956379 ^ _2591_/X (sky130_fd_sc_hd__or2_2)
                                                         _0540_ (net)
                      0.032776    0.000249    0.956628 ^ _2592_/C1 (sky130_fd_sc_hd__o211a_2)
     1    0.019063    0.123689    0.220552    1.177180 ^ _2592_/X (sky130_fd_sc_hd__o211a_2)
                                                         _0074_ (net)
                      0.123710    0.001615    1.178796 ^ hold488/A (sky130_fd_sc_hd__clkbuf_2)
     1    0.016701    0.097433    0.171395    1.350190 ^ hold488/X (sky130_fd_sc_hd__clkbuf_2)
                                                         net487 (net)
                      0.097450    0.001304    1.351494 ^ _2647_/D (sky130_fd_sc_hd__dfxtp_2)
                                              1.351494   data arrival time

                                  0.000000    0.000000   clock clk (rise edge)
                                  0.000000    0.000000   clock source latency
     1    0.030447    0.142407    0.099408    0.099408 ^ clk (in)
                                                         clk (net)
                      0.142457    0.000000    0.099408 ^ clkbuf_0_clk/A (sky130_fd_sc_hd__clkbuf_16)
    16    0.114557    0.129029    0.225226    0.324634 ^ clkbuf_0_clk/X (sky130_fd_sc_hd__clkbuf_16)
                                                         clknet_0_clk (net)
                      0.131276    0.013446    0.338080 ^ clkbuf_4_0_0_clk/A (sky130_fd_sc_hd__clkbuf_8)
     6    0.024742    0.058501    0.168949    0.507029 ^ clkbuf_4_0_0_clk/X (sky130_fd_sc_hd__clkbuf_8)
                                                         clknet_4_0_0_clk (net)
                      0.058609    0.002122    0.509152 ^ _2647_/CLK (sky130_fd_sc_hd__dfxtp_2)
                                  0.200000    0.709152   clock uncertainty
                                  0.000000    0.709152   clock reconvergence pessimism
                                 -0.040243    0.668909   library hold time
                                              0.668909   data required time
---------------------------------------------------------------------------------------------
                                              0.668909   data required time
                                             -1.351494   data arrival time
---------------------------------------------------------------------------------------------
                                              0.682585   slack (MET)


Startpoint: b_in[11] (input port clocked by clk)
Endpoint: _2649_ (rising edge-triggered flip-flop clocked by clk)
Path Group: clk
Path Type: min

Fanout         Cap        Slew       Delay        Time   Description
---------------------------------------------------------------------------------------------
                                  0.000000    0.000000   clock clk (rise edge)
                                  0.000000    0.000000   clock network delay (propagated)
                                  0.020000    0.020000 v input external delay
     1    0.023020    0.052772    0.037697    0.057697 v b_in[11] (in)
                                                         b_in[11] (net)
                      0.052873    0.000000    0.057697 v hold566/A (sky130_fd_sc_hd__clkbuf_2)
     1    0.008850    0.043905    0.120462    0.178159 v hold566/X (sky130_fd_sc_hd__clkbuf_2)
                                                         net565 (net)
                      0.043915    0.000639    0.178798 v hold453/A (sky130_fd_sc_hd__clkbuf_2)
     1    0.008136    0.041377    0.114324    0.293122 v hold453/X (sky130_fd_sc_hd__clkbuf_2)
                                                         net452 (net)
                      0.041386    0.000618    0.293740 v hold567/A (sky130_fd_sc_hd__clkbuf_2)
     1    0.008372    0.042226    0.113944    0.407684 v hold567/X (sky130_fd_sc_hd__clkbuf_2)
                                                         net566 (net)
                      0.042237    0.000677    0.408361 v input327/A (sky130_fd_sc_hd__buf_2)
     1    0.005470    0.029445    0.120670    0.529031 v input327/X (sky130_fd_sc_hd__buf_2)
                                                         net327 (net)
                      0.029466    0.000408    0.529439 v hold568/A (sky130_fd_sc_hd__clkbuf_2)
     1    0.002882    0.023474    0.090409    0.619848 v hold568/X (sky130_fd_sc_hd__clkbuf_2)
                                                         net567 (net)
                      0.023475    0.000210    0.620058 v hold454/A (sky130_fd_sc_hd__clkbuf_2)
     2    0.022788    0.091721    0.146116    0.766174 v hold454/X (sky130_fd_sc_hd__clkbuf_2)
                                                         net453 (net)
                      0.091839    0.002361    0.768535 v hold569/A (sky130_fd_sc_hd__clkbuf_2)
     2    0.020776    0.084832    0.171660    0.940195 v hold569/X (sky130_fd_sc_hd__clkbuf_2)
                                                         net568 (net)
                      0.084860    0.001439    0.941634 v _2596_/A2 (sky130_fd_sc_hd__o211a_2)
     1    0.019562    0.062699    0.299962    1.241596 v _2596_/X (sky130_fd_sc_hd__o211a_2)
                                                         _0076_ (net)
                      0.062749    0.001611    1.243207 v hold455/A (sky130_fd_sc_hd__clkbuf_2)
     1    0.018346    0.075963    0.151847    1.395054 v hold455/X (sky130_fd_sc_hd__clkbuf_2)
                                                         net454 (net)
                      0.075998    0.001510    1.396563 v _2649_/D (sky130_fd_sc_hd__dfxtp_2)
                                              1.396563   data arrival time

                                  0.000000    0.000000   clock clk (rise edge)
                                  0.000000    0.000000   clock source latency
     1    0.030447    0.142407    0.099408    0.099408 ^ clk (in)
                                                         clk (net)
                      0.142457    0.000000    0.099408 ^ clkbuf_0_clk/A (sky130_fd_sc_hd__clkbuf_16)
    16    0.114557    0.129029    0.225226    0.324634 ^ clkbuf_0_clk/X (sky130_fd_sc_hd__clkbuf_16)
                                                         clknet_0_clk (net)
                      0.131802    0.014944    0.339579 ^ clkbuf_4_4_0_clk/A (sky130_fd_sc_hd__clkbuf_8)
     6    0.028684    0.064541    0.173218    0.512797 ^ clkbuf_4_4_0_clk/X (sky130_fd_sc_hd__clkbuf_8)
                                                         clknet_4_4_0_clk (net)
                      0.064935    0.003594    0.516391 ^ _2649_/CLK (sky130_fd_sc_hd__dfxtp_2)
                                  0.200000    0.716391   clock uncertainty
                                  0.000000    0.716391   clock reconvergence pessimism
                                 -0.054320    0.662071   library hold time
                                              0.662071   data required time
---------------------------------------------------------------------------------------------
                                              0.662071   data required time
                                             -1.396563   data arrival time
---------------------------------------------------------------------------------------------
                                              0.734492   slack (MET)


Startpoint: _2648_ (rising edge-triggered flip-flop clocked by clk)
Endpoint: _2648_ (rising edge-triggered flip-flop clocked by clk)
Path Group: clk
Path Type: min

Fanout         Cap        Slew       Delay        Time   Description
---------------------------------------------------------------------------------------------
                                  0.000000    0.000000   clock clk (rise edge)
                                  0.000000    0.000000   clock source latency
     1    0.030447    0.142407    0.099408    0.099408 ^ clk (in)
                                                         clk (net)
                      0.142457    0.000000    0.099408 ^ clkbuf_0_clk/A (sky130_fd_sc_hd__clkbuf_16)
    16    0.114557    0.129029    0.225226    0.324634 ^ clkbuf_0_clk/X (sky130_fd_sc_hd__clkbuf_16)
                                                         clknet_0_clk (net)
                      0.131402    0.013818    0.338453 ^ clkbuf_4_6_0_clk/A (sky130_fd_sc_hd__clkbuf_8)
     6    0.022783    0.055514    0.166727    0.505180 ^ clkbuf_4_6_0_clk/X (sky130_fd_sc_hd__clkbuf_8)
                                                         clknet_4_6_0_clk (net)
                      0.055620    0.002034    0.507214 ^ _2648_/CLK (sky130_fd_sc_hd__dfxtp_2)
     3    0.021208    0.113845    0.373931    0.881146 ^ _2648_/Q (sky130_fd_sc_hd__dfxtp_2)
                                                         net379 (net)
                      0.113845    0.000597    0.881743 ^ _2593_/B (sky130_fd_sc_hd__or2_2)
     1    0.003801    0.033673    0.123489    1.005232 ^ _2593_/X (sky130_fd_sc_hd__or2_2)
                                                         _0541_ (net)
                      0.033673    0.000249    1.005480 ^ _2594_/C1 (sky130_fd_sc_hd__o211a_2)
     1    0.023143    0.145472    0.236774    1.242254 ^ _2594_/X (sky130_fd_sc_hd__o211a_2)
                                                         _0075_ (net)
                      0.145498    0.001954    1.244208 ^ hold467/A (sky130_fd_sc_hd__clkbuf_2)
     2    0.022839    0.129461    0.199059    1.443267 ^ hold467/X (sky130_fd_sc_hd__clkbuf_2)
                                                         net466 (net)
                      0.129492    0.001947    1.445213 ^ _2648_/D (sky130_fd_sc_hd__dfxtp_2)
                                              1.445213   data arrival time

                                  0.000000    0.000000   clock clk (rise edge)
                                  0.000000    0.000000   clock source latency
     1    0.030447    0.142407    0.099408    0.099408 ^ clk (in)
                                                         clk (net)
                      0.142457    0.000000    0.099408 ^ clkbuf_0_clk/A (sky130_fd_sc_hd__clkbuf_16)
    16    0.114557    0.129029    0.225226    0.324634 ^ clkbuf_0_clk/X (sky130_fd_sc_hd__clkbuf_16)
                                                         clknet_0_clk (net)
                      0.131402    0.013818    0.338453 ^ clkbuf_4_6_0_clk/A (sky130_fd_sc_hd__clkbuf_8)
     6    0.022783    0.055514    0.166727    0.505180 ^ clkbuf_4_6_0_clk/X (sky130_fd_sc_hd__clkbuf_8)
                                                         clknet_4_6_0_clk (net)
                      0.055620    0.002034    0.507214 ^ _2648_/CLK (sky130_fd_sc_hd__dfxtp_2)
                                  0.200000    0.707214   clock uncertainty
                                  0.000000    0.707214   clock reconvergence pessimism
                                 -0.047268    0.659947   library hold time
                                              0.659947   data required time
---------------------------------------------------------------------------------------------
                                              0.659947   data required time
                                             -1.445213   data arrival time
---------------------------------------------------------------------------------------------
                                              0.785267   slack (MET)


Startpoint: _2650_ (rising edge-triggered flip-flop clocked by clk)
Endpoint: _2650_ (rising edge-triggered flip-flop clocked by clk)
Path Group: clk
Path Type: min

Fanout         Cap        Slew       Delay        Time   Description
---------------------------------------------------------------------------------------------
                                  0.000000    0.000000   clock clk (rise edge)
                                  0.000000    0.000000   clock source latency
     1    0.030447    0.142407    0.099408    0.099408 ^ clk (in)
                                                         clk (net)
                      0.142457    0.000000    0.099408 ^ clkbuf_0_clk/A (sky130_fd_sc_hd__clkbuf_16)
    16    0.114557    0.129029    0.225226    0.324634 ^ clkbuf_0_clk/X (sky130_fd_sc_hd__clkbuf_16)
                                                         clknet_0_clk (net)
                      0.131402    0.013818    0.338453 ^ clkbuf_4_6_0_clk/A (sky130_fd_sc_hd__clkbuf_8)
     6    0.022783    0.055514    0.166727    0.505180 ^ clkbuf_4_6_0_clk/X (sky130_fd_sc_hd__clkbuf_8)
                                                         clknet_4_6_0_clk (net)
                      0.055605    0.001891    0.507071 ^ _2650_/CLK (sky130_fd_sc_hd__dfxtp_2)
     2    0.026041    0.137477    0.390817    0.897888 ^ _2650_/Q (sky130_fd_sc_hd__dfxtp_2)
                                                         net381 (net)
                      0.137483    0.001082    0.898970 ^ _2597_/B (sky130_fd_sc_hd__or2_2)
     1    0.003646    0.033456    0.129952    1.028921 ^ _2597_/X (sky130_fd_sc_hd__or2_2)
                                                         _0543_ (net)
                      0.033468    0.000244    1.029165 ^ _2598_/C1 (sky130_fd_sc_hd__o211a_2)
     1    0.022689    0.142963    0.234936    1.264101 ^ _2598_/X (sky130_fd_sc_hd__o211a_2)
                                                         _0077_ (net)
                      0.142990    0.001944    1.266045 ^ hold476/A (sky130_fd_sc_hd__clkbuf_2)
     1    0.023041    0.130417    0.198491    1.464536 ^ hold476/X (sky130_fd_sc_hd__clkbuf_2)
                                                         net475 (net)
                      0.130593    0.003258    1.467794 ^ _2650_/D (sky130_fd_sc_hd__dfxtp_2)
                                              1.467794   data arrival time

                                  0.000000    0.000000   clock clk (rise edge)
                                  0.000000    0.000000   clock source latency
     1    0.030447    0.142407    0.099408    0.099408 ^ clk (in)
                                                         clk (net)
                      0.142457    0.000000    0.099408 ^ clkbuf_0_clk/A (sky130_fd_sc_hd__clkbuf_16)
    16    0.114557    0.129029    0.225226    0.324634 ^ clkbuf_0_clk/X (sky130_fd_sc_hd__clkbuf_16)
                                                         clknet_0_clk (net)
                      0.131402    0.013818    0.338453 ^ clkbuf_4_6_0_clk/A (sky130_fd_sc_hd__clkbuf_8)
     6    0.022783    0.055514    0.166727    0.505180 ^ clkbuf_4_6_0_clk/X (sky130_fd_sc_hd__clkbuf_8)
                                                         clknet_4_6_0_clk (net)
                      0.055605    0.001891    0.507071 ^ _2650_/CLK (sky130_fd_sc_hd__dfxtp_2)
                                  0.200000    0.707071   clock uncertainty
                                  0.000000    0.707071   clock reconvergence pessimism
                                 -0.047497    0.659574   library hold time
                                              0.659574   data required time
---------------------------------------------------------------------------------------------
                                              0.659574   data required time
                                             -1.467794   data arrival time
---------------------------------------------------------------------------------------------
                                              0.808220   slack (MET)


Startpoint: _2642_ (rising edge-triggered flip-flop clocked by clk)
Endpoint: b_out[4] (output port clocked by clk)
Path Group: clk
Path Type: min

Fanout         Cap        Slew       Delay        Time   Description
---------------------------------------------------------------------------------------------
                                  0.000000    0.000000   clock clk (rise edge)
                                  0.000000    0.000000   clock source latency
     1    0.030447    0.142407    0.099408    0.099408 ^ clk (in)
                                                         clk (net)
                      0.142457    0.000000    0.099408 ^ clkbuf_0_clk/A (sky130_fd_sc_hd__clkbuf_16)
    16    0.114557    0.129029    0.225226    0.324634 ^ clkbuf_0_clk/X (sky130_fd_sc_hd__clkbuf_16)
                                                         clknet_0_clk (net)
                      0.130958    0.012459    0.337094 ^ clkbuf_4_1_0_clk/A (sky130_fd_sc_hd__clkbuf_8)
     6    0.018281    0.048935    0.160508    0.497601 ^ clkbuf_4_1_0_clk/X (sky130_fd_sc_hd__clkbuf_8)
                                                         clknet_4_1_0_clk (net)
                      0.048952    0.000862    0.498464 ^ _2642_/CLK (sky130_fd_sc_hd__dfxtp_2)
     2    0.008276    0.034873    0.318512    0.816976 v _2642_/Q (sky130_fd_sc_hd__dfxtp_2)
                                                         net388 (net)
                      0.034873    0.000688    0.817664 v output388/A (sky130_fd_sc_hd__buf_2)
     1    0.039784    0.099043    0.183875    1.001539 v output388/X (sky130_fd_sc_hd__buf_2)
                                                         b_out[4] (net)
                      0.099225    0.003073    1.004612 v b_out[4] (out)
                                              1.004612   data arrival time

                                  0.000000    0.000000   clock clk (rise edge)
                                  0.000000    0.000000   clock network delay (propagated)
                                  0.200000    0.200000   clock uncertainty
                                  0.000000    0.200000   clock reconvergence pessimism
                                 -0.020000    0.180000   output external delay
                                              0.180000   data required time
---------------------------------------------------------------------------------------------
                                              0.180000   data required time
                                             -1.004612   data arrival time
---------------------------------------------------------------------------------------------
                                              0.824612   slack (MET)


Startpoint: _2640_ (rising edge-triggered flip-flop clocked by clk)
Endpoint: b_out[2] (output port clocked by clk)
Path Group: clk
Path Type: min

Fanout         Cap        Slew       Delay        Time   Description
---------------------------------------------------------------------------------------------
                                  0.000000    0.000000   clock clk (rise edge)
                                  0.000000    0.000000   clock source latency
     1    0.030447    0.142407    0.099408    0.099408 ^ clk (in)
                                                         clk (net)
                      0.142457    0.000000    0.099408 ^ clkbuf_0_clk/A (sky130_fd_sc_hd__clkbuf_16)
    16    0.114557    0.129029    0.225226    0.324634 ^ clkbuf_0_clk/X (sky130_fd_sc_hd__clkbuf_16)
                                                         clknet_0_clk (net)
                      0.130446    0.010703    0.335337 ^ clkbuf_4_2_0_clk/A (sky130_fd_sc_hd__clkbuf_8)
     6    0.022574    0.055106    0.166297    0.501634 ^ clkbuf_4_2_0_clk/X (sky130_fd_sc_hd__clkbuf_8)
                                                         clknet_4_2_0_clk (net)
                      0.055135    0.001116    0.502750 ^ _2640_/CLK (sky130_fd_sc_hd__dfxtp_2)
     2    0.007843    0.033885    0.319799    0.822549 v _2640_/Q (sky130_fd_sc_hd__dfxtp_2)
                                                         net386 (net)
                      0.033885    0.000455    0.823005 v output386/A (sky130_fd_sc_hd__buf_2)
     1    0.037651    0.094043    0.180246    1.003250 v output386/X (sky130_fd_sc_hd__buf_2)
                                                         b_out[2] (net)
                      0.094127    0.002535    1.005785 v b_out[2] (out)
                                              1.005785   data arrival time

                                  0.000000    0.000000   clock clk (rise edge)
                                  0.000000    0.000000   clock network delay (propagated)
                                  0.200000    0.200000   clock uncertainty
                                  0.000000    0.200000   clock reconvergence pessimism
                                 -0.020000    0.180000   output external delay
                                              0.180000   data required time
---------------------------------------------------------------------------------------------
                                              0.180000   data required time
                                             -1.005785   data arrival time
---------------------------------------------------------------------------------------------
                                              0.825785   slack (MET)


Startpoint: _2644_ (rising edge-triggered flip-flop clocked by clk)
Endpoint: b_out[6] (output port clocked by clk)
Path Group: clk
Path Type: min

Fanout         Cap        Slew       Delay        Time   Description
---------------------------------------------------------------------------------------------
                                  0.000000    0.000000   clock clk (rise edge)
                                  0.000000    0.000000   clock source latency
     1    0.030447    0.142407    0.099408    0.099408 ^ clk (in)
                                                         clk (net)
                      0.142457    0.000000    0.099408 ^ clkbuf_0_clk/A (sky130_fd_sc_hd__clkbuf_16)
    16    0.114557    0.129029    0.225226    0.324634 ^ clkbuf_0_clk/X (sky130_fd_sc_hd__clkbuf_16)
                                                         clknet_0_clk (net)
                      0.130446    0.010703    0.335337 ^ clkbuf_4_2_0_clk/A (sky130_fd_sc_hd__clkbuf_8)
     6    0.022574    0.055106    0.166297    0.501634 ^ clkbuf_4_2_0_clk/X (sky130_fd_sc_hd__clkbuf_8)
                                                         clknet_4_2_0_clk (net)
                      0.055131    0.001054    0.502688 ^ _2644_/CLK (sky130_fd_sc_hd__dfxtp_2)
     2    0.007892    0.034021    0.319885    0.822573 v _2644_/Q (sky130_fd_sc_hd__dfxtp_2)
                                                         net390 (net)
                      0.034021    0.000516    0.823090 v output390/A (sky130_fd_sc_hd__buf_2)
     1    0.038902    0.097145    0.182203    1.005292 v output390/X (sky130_fd_sc_hd__buf_2)
                                                         b_out[6] (net)
                      0.097243    0.002775    1.008068 v b_out[6] (out)
                                              1.008068   data arrival time

                                  0.000000    0.000000   clock clk (rise edge)
                                  0.000000    0.000000   clock network delay (propagated)
                                  0.200000    0.200000   clock uncertainty
                                  0.000000    0.200000   clock reconvergence pessimism
                                 -0.020000    0.180000   output external delay
                                              0.180000   data required time
---------------------------------------------------------------------------------------------
                                              0.180000   data required time
                                             -1.008068   data arrival time
---------------------------------------------------------------------------------------------
                                              0.828068   slack (MET)


Startpoint: _2639_ (rising edge-triggered flip-flop clocked by clk)
Endpoint: b_out[1] (output port clocked by clk)
Path Group: clk
Path Type: min

Fanout         Cap        Slew       Delay        Time   Description
---------------------------------------------------------------------------------------------
                                  0.000000    0.000000   clock clk (rise edge)
                                  0.000000    0.000000   clock source latency
     1    0.030447    0.142407    0.099408    0.099408 ^ clk (in)
                                                         clk (net)
                      0.142457    0.000000    0.099408 ^ clkbuf_0_clk/A (sky130_fd_sc_hd__clkbuf_16)
    16    0.114557    0.129029    0.225226    0.324634 ^ clkbuf_0_clk/X (sky130_fd_sc_hd__clkbuf_16)
                                                         clknet_0_clk (net)
                      0.129305    0.004907    0.329542 ^ clkbuf_4_10_0_clk/A (sky130_fd_sc_hd__clkbuf_8)
     6    0.034687    0.073891    0.179827    0.509369 ^ clkbuf_4_10_0_clk/X (sky130_fd_sc_hd__clkbuf_8)
                                                         clknet_4_10_0_clk (net)
                      0.074193    0.003300    0.512669 ^ _2639_/CLK (sky130_fd_sc_hd__dfxtp_2)
     2    0.005592    0.028551    0.321153    0.833822 v _2639_/Q (sky130_fd_sc_hd__dfxtp_2)
                                                         net385 (net)
                      0.028989    0.000354    0.834175 v output385/A (sky130_fd_sc_hd__buf_2)
     1    0.036931    0.092550    0.177293    1.011468 v output385/X (sky130_fd_sc_hd__buf_2)
                                                         b_out[1] (net)
                      0.092595    0.001891    1.013359 v b_out[1] (out)
                                              1.013359   data arrival time

                                  0.000000    0.000000   clock clk (rise edge)
                                  0.000000    0.000000   clock network delay (propagated)
                                  0.200000    0.200000   clock uncertainty
                                  0.000000    0.200000   clock reconvergence pessimism
                                 -0.020000    0.180000   output external delay
                                              0.180000   data required time
---------------------------------------------------------------------------------------------
                                              0.180000   data required time
                                             -1.013359   data arrival time
---------------------------------------------------------------------------------------------
                                              0.833359   slack (MET)


Startpoint: _2643_ (rising edge-triggered flip-flop clocked by clk)
Endpoint: b_out[5] (output port clocked by clk)
Path Group: clk
Path Type: min

Fanout         Cap        Slew       Delay        Time   Description
---------------------------------------------------------------------------------------------
                                  0.000000    0.000000   clock clk (rise edge)
                                  0.000000    0.000000   clock source latency
     1    0.030447    0.142407    0.099408    0.099408 ^ clk (in)
                                                         clk (net)
                      0.142457    0.000000    0.099408 ^ clkbuf_0_clk/A (sky130_fd_sc_hd__clkbuf_16)
    16    0.114557    0.129029    0.225226    0.324634 ^ clkbuf_0_clk/X (sky130_fd_sc_hd__clkbuf_16)
                                                         clknet_0_clk (net)
                      0.131276    0.013446    0.338080 ^ clkbuf_4_0_0_clk/A (sky130_fd_sc_hd__clkbuf_8)
     6    0.024742    0.058501    0.168949    0.507029 ^ clkbuf_4_0_0_clk/X (sky130_fd_sc_hd__clkbuf_8)
                                                         clknet_4_0_0_clk (net)
                      0.058536    0.001304    0.508333 ^ _2643_/CLK (sky130_fd_sc_hd__dfxtp_2)
     2    0.008026    0.034344    0.321457    0.829790 v _2643_/Q (sky130_fd_sc_hd__dfxtp_2)
                                                         net389 (net)
                      0.034344    0.000565    0.830355 v output389/A (sky130_fd_sc_hd__buf_2)
     1    0.038832    0.096994    0.182190    1.012545 v output389/X (sky130_fd_sc_hd__buf_2)
                                                         b_out[5] (net)
                      0.097169    0.002962    1.015507 v b_out[5] (out)
                                              1.015507   data arrival time

                                  0.000000    0.000000   clock clk (rise edge)
                                  0.000000    0.000000   clock network delay (propagated)
                                  0.200000    0.200000   clock uncertainty
                                  0.000000    0.200000   clock reconvergence pessimism
                                 -0.020000    0.180000   output external delay
                                              0.180000   data required time
---------------------------------------------------------------------------------------------
                                              0.180000   data required time
                                             -1.015507   data arrival time
---------------------------------------------------------------------------------------------
                                              0.835507   slack (MET)


Startpoint: _2647_ (rising edge-triggered flip-flop clocked by clk)
Endpoint: b_out[9] (output port clocked by clk)
Path Group: clk
Path Type: min

Fanout         Cap        Slew       Delay        Time   Description
---------------------------------------------------------------------------------------------
                                  0.000000    0.000000   clock clk (rise edge)
                                  0.000000    0.000000   clock source latency
     1    0.030447    0.142407    0.099408    0.099408 ^ clk (in)
                                                         clk (net)
                      0.142457    0.000000    0.099408 ^ clkbuf_0_clk/A (sky130_fd_sc_hd__clkbuf_16)
    16    0.114557    0.129029    0.225226    0.324634 ^ clkbuf_0_clk/X (sky130_fd_sc_hd__clkbuf_16)
                                                         clknet_0_clk (net)
                      0.131276    0.013446    0.338080 ^ clkbuf_4_0_0_clk/A (sky130_fd_sc_hd__clkbuf_8)
     6    0.024742    0.058501    0.168949    0.507029 ^ clkbuf_4_0_0_clk/X (sky130_fd_sc_hd__clkbuf_8)
                                                         clknet_4_0_0_clk (net)
                      0.058609    0.002122    0.509152 ^ _2647_/CLK (sky130_fd_sc_hd__dfxtp_2)
     2    0.010970    0.041335    0.328992    0.838144 v _2647_/Q (sky130_fd_sc_hd__dfxtp_2)
                                                         net393 (net)
                      0.041335    0.000714    0.838858 v output393/A (sky130_fd_sc_hd__buf_2)
     1    0.038462    0.096148    0.184718    1.023576 v output393/X (sky130_fd_sc_hd__buf_2)
                                                         b_out[9] (net)
                      0.096242    0.002702    1.026278 v b_out[9] (out)
                                              1.026278   data arrival time

                                  0.000000    0.000000   clock clk (rise edge)
                                  0.000000    0.000000   clock network delay (propagated)
                                  0.200000    0.200000   clock uncertainty
                                  0.000000    0.200000   clock reconvergence pessimism
                                 -0.020000    0.180000   output external delay
                                              0.180000   data required time
---------------------------------------------------------------------------------------------
                                              0.180000   data required time
                                             -1.026278   data arrival time
---------------------------------------------------------------------------------------------
                                              0.846278   slack (MET)


Startpoint: _2645_ (rising edge-triggered flip-flop clocked by clk)
Endpoint: b_out[7] (output port clocked by clk)
Path Group: clk
Path Type: min

Fanout         Cap        Slew       Delay        Time   Description
---------------------------------------------------------------------------------------------
                                  0.000000    0.000000   clock clk (rise edge)
                                  0.000000    0.000000   clock source latency
     1    0.030447    0.142407    0.099408    0.099408 ^ clk (in)
                                                         clk (net)
                      0.142457    0.000000    0.099408 ^ clkbuf_0_clk/A (sky130_fd_sc_hd__clkbuf_16)
    16    0.114557    0.129029    0.225226    0.324634 ^ clkbuf_0_clk/X (sky130_fd_sc_hd__clkbuf_16)
                                                         clknet_0_clk (net)
                      0.131276    0.013446    0.338080 ^ clkbuf_4_0_0_clk/A (sky130_fd_sc_hd__clkbuf_8)
     6    0.024742    0.058501    0.168949    0.507029 ^ clkbuf_4_0_0_clk/X (sky130_fd_sc_hd__clkbuf_8)
                                                         clknet_4_0_0_clk (net)
                      0.058545    0.001429    0.508458 ^ _2645_/CLK (sky130_fd_sc_hd__dfxtp_2)
     2    0.009960    0.038911    0.326356    0.834814 v _2645_/Q (sky130_fd_sc_hd__dfxtp_2)
                                                         net391 (net)
                      0.038911    0.000686    0.835500 v output391/A (sky130_fd_sc_hd__buf_2)
     1    0.041511    0.102751    0.188149    1.023649 v output391/X (sky130_fd_sc_hd__buf_2)
                                                         b_out[7] (net)
                      0.102972    0.003513    1.027162 v b_out[7] (out)
                                              1.027162   data arrival time

                                  0.000000    0.000000   clock clk (rise edge)
                                  0.000000    0.000000   clock network delay (propagated)
                                  0.200000    0.200000   clock uncertainty
                                  0.000000    0.200000   clock reconvergence pessimism
                                 -0.020000    0.180000   output external delay
                                              0.180000   data required time
---------------------------------------------------------------------------------------------
                                              0.180000   data required time
                                             -1.027162   data arrival time
---------------------------------------------------------------------------------------------
                                              0.847162   slack (MET)


Startpoint: _2638_ (rising edge-triggered flip-flop clocked by clk)
Endpoint: b_out[0] (output port clocked by clk)
Path Group: clk
Path Type: min

Fanout         Cap        Slew       Delay        Time   Description
---------------------------------------------------------------------------------------------
                                  0.000000    0.000000   clock clk (rise edge)
                                  0.000000    0.000000   clock source latency
     1    0.030447    0.142407    0.099408    0.099408 ^ clk (in)
                                                         clk (net)
                      0.142457    0.000000    0.099408 ^ clkbuf_0_clk/A (sky130_fd_sc_hd__clkbuf_16)
    16    0.114557    0.129029    0.225226    0.324634 ^ clkbuf_0_clk/X (sky130_fd_sc_hd__clkbuf_16)
                                                         clknet_0_clk (net)
                      0.129285    0.004734    0.329369 ^ clkbuf_4_11_0_clk/A (sky130_fd_sc_hd__clkbuf_8)
     7    0.038095    0.079262    0.184183    0.513552 ^ clkbuf_4_11_0_clk/X (sky130_fd_sc_hd__clkbuf_8)
                                                         clknet_4_11_0_clk (net)
                      0.079532    0.003318    0.516870 ^ _2638_/CLK (sky130_fd_sc_hd__dfxtp_2)
     2    0.008181    0.034684    0.329652    0.846522 v _2638_/Q (sky130_fd_sc_hd__dfxtp_2)
                                                         net378 (net)
                      0.034684    0.000547    0.847070 v output378/A (sky130_fd_sc_hd__buf_2)
     1    0.037014    0.092715    0.179642    1.026712 v output378/X (sky130_fd_sc_hd__buf_2)
                                                         b_out[0] (net)
                      0.092779    0.002231    1.028943 v b_out[0] (out)
                                              1.028943   data arrival time

                                  0.000000    0.000000   clock clk (rise edge)
                                  0.000000    0.000000   clock network delay (propagated)
                                  0.200000    0.200000   clock uncertainty
                                  0.000000    0.200000   clock reconvergence pessimism
                                 -0.020000    0.180000   output external delay
                                              0.180000   data required time
---------------------------------------------------------------------------------------------
                                              0.180000   data required time
                                             -1.028943   data arrival time
---------------------------------------------------------------------------------------------
                                              0.848943   slack (MET)


Startpoint: _2641_ (rising edge-triggered flip-flop clocked by clk)
Endpoint: b_out[3] (output port clocked by clk)
Path Group: clk
Path Type: min

Fanout         Cap        Slew       Delay        Time   Description
---------------------------------------------------------------------------------------------
                                  0.000000    0.000000   clock clk (rise edge)
                                  0.000000    0.000000   clock source latency
     1    0.030447    0.142407    0.099408    0.099408 ^ clk (in)
                                                         clk (net)
                      0.142457    0.000000    0.099408 ^ clkbuf_0_clk/A (sky130_fd_sc_hd__clkbuf_16)
    16    0.114557    0.129029    0.225226    0.324634 ^ clkbuf_0_clk/X (sky130_fd_sc_hd__clkbuf_16)
                                                         clknet_0_clk (net)
                      0.130446    0.010703    0.335337 ^ clkbuf_4_2_0_clk/A (sky130_fd_sc_hd__clkbuf_8)
     6    0.022574    0.055106    0.166297    0.501634 ^ clkbuf_4_2_0_clk/X (sky130_fd_sc_hd__clkbuf_8)
                                                         clknet_4_2_0_clk (net)
                      0.055112    0.000676    0.502310 ^ _2641_/CLK (sky130_fd_sc_hd__dfxtp_2)
     2    0.014307    0.046893    0.334709    0.837019 v _2641_/Q (sky130_fd_sc_hd__dfxtp_2)
                                                         net387 (net)
                      0.046907    0.001213    0.838232 v output387/A (sky130_fd_sc_hd__buf_2)
     1    0.039915    0.099342    0.188624    1.026857 v output387/X (sky130_fd_sc_hd__buf_2)
                                                         b_out[3] (net)
                      0.099637    0.004075    1.030932 v b_out[3] (out)
                                              1.030932   data arrival time

                                  0.000000    0.000000   clock clk (rise edge)
                                  0.000000    0.000000   clock network delay (propagated)
                                  0.200000    0.200000   clock uncertainty
                                  0.000000    0.200000   clock reconvergence pessimism
                                 -0.020000    0.180000   output external delay
                                              0.180000   data required time
---------------------------------------------------------------------------------------------
                                              0.180000   data required time
                                             -1.030932   data arrival time
---------------------------------------------------------------------------------------------
                                              0.850932   slack (MET)


Startpoint: _2646_ (rising edge-triggered flip-flop clocked by clk)
Endpoint: b_out[8] (output port clocked by clk)
Path Group: clk
Path Type: min

Fanout         Cap        Slew       Delay        Time   Description
---------------------------------------------------------------------------------------------
                                  0.000000    0.000000   clock clk (rise edge)
                                  0.000000    0.000000   clock source latency
     1    0.030447    0.142407    0.099408    0.099408 ^ clk (in)
                                                         clk (net)
                      0.142457    0.000000    0.099408 ^ clkbuf_0_clk/A (sky130_fd_sc_hd__clkbuf_16)
    16    0.114557    0.129029    0.225226    0.324634 ^ clkbuf_0_clk/X (sky130_fd_sc_hd__clkbuf_16)
                                                         clknet_0_clk (net)
                      0.131276    0.013446    0.338080 ^ clkbuf_4_0_0_clk/A (sky130_fd_sc_hd__clkbuf_8)
     6    0.024742    0.058501    0.168949    0.507029 ^ clkbuf_4_0_0_clk/X (sky130_fd_sc_hd__clkbuf_8)
                                                         clknet_4_0_0_clk (net)
                      0.058556    0.001570    0.508599 ^ _2646_/CLK (sky130_fd_sc_hd__dfxtp_2)
     2    0.014715    0.047730    0.336701    0.845301 v _2646_/Q (sky130_fd_sc_hd__dfxtp_2)
                                                         net392 (net)
                      0.047753    0.001407    0.846708 v output392/A (sky130_fd_sc_hd__buf_2)
     1    0.047446    0.115421    0.201459    1.048167 v output392/X (sky130_fd_sc_hd__buf_2)
                                                         b_out[8] (net)
                      0.115625    0.003584    1.051751 v b_out[8] (out)
                                              1.051751   data arrival time

                                  0.000000    0.000000   clock clk (rise edge)
                                  0.000000    0.000000   clock network delay (propagated)
                                  0.200000    0.200000   clock uncertainty
                                  0.000000    0.200000   clock reconvergence pessimism
                                 -0.020000    0.180000   output external delay
                                              0.180000   data required time
---------------------------------------------------------------------------------------------
                                              0.180000   data required time
                                             -1.051751   data arrival time
---------------------------------------------------------------------------------------------
                                              0.871750   slack (MET)


Startpoint: _2653_ (rising edge-triggered flip-flop clocked by clk)
Endpoint: b_out[15] (output port clocked by clk)
Path Group: clk
Path Type: min

Fanout         Cap        Slew       Delay        Time   Description
---------------------------------------------------------------------------------------------
                                  0.000000    0.000000   clock clk (rise edge)
                                  0.000000    0.000000   clock source latency
     1    0.030447    0.142407    0.099408    0.099408 ^ clk (in)
                                                         clk (net)
                      0.142457    0.000000    0.099408 ^ clkbuf_0_clk/A (sky130_fd_sc_hd__clkbuf_16)
    16    0.114557    0.129029    0.225226    0.324634 ^ clkbuf_0_clk/X (sky130_fd_sc_hd__clkbuf_16)
                                                         clknet_0_clk (net)
                      0.131402    0.013818    0.338453 ^ clkbuf_4_6_0_clk/A (sky130_fd_sc_hd__clkbuf_8)
     6    0.022783    0.055514    0.166727    0.505180 ^ clkbuf_4_6_0_clk/X (sky130_fd_sc_hd__clkbuf_8)
                                                         clknet_4_6_0_clk (net)
                      0.055557    0.001362    0.506542 ^ _2653_/CLK (sky130_fd_sc_hd__dfxtp_2)
     2    0.015215    0.048736    0.336603    0.843145 v _2653_/Q (sky130_fd_sc_hd__dfxtp_2)
                                                         net384 (net)
                      0.048747    0.001231    0.844376 v output384/A (sky130_fd_sc_hd__buf_2)
     1    0.048485    0.118191    0.201794    1.046170 v output384/X (sky130_fd_sc_hd__buf_2)
                                                         b_out[15] (net)
                      0.118791    0.006552    1.052722 v b_out[15] (out)
                                              1.052722   data arrival time

                                  0.000000    0.000000   clock clk (rise edge)
                                  0.000000    0.000000   clock network delay (propagated)
                                  0.200000    0.200000   clock uncertainty
                                  0.000000    0.200000   clock reconvergence pessimism
                                 -0.020000    0.180000   output external delay
                                              0.180000   data required time
---------------------------------------------------------------------------------------------
                                              0.180000   data required time
                                             -1.052722   data arrival time
---------------------------------------------------------------------------------------------
                                              0.872722   slack (MET)


Startpoint: _2652_ (rising edge-triggered flip-flop clocked by clk)
Endpoint: b_out[14] (output port clocked by clk)
Path Group: clk
Path Type: min

Fanout         Cap        Slew       Delay        Time   Description
---------------------------------------------------------------------------------------------
                                  0.000000    0.000000   clock clk (rise edge)
                                  0.000000    0.000000   clock source latency
     1    0.030447    0.142407    0.099408    0.099408 ^ clk (in)
                                                         clk (net)
                      0.142457    0.000000    0.099408 ^ clkbuf_0_clk/A (sky130_fd_sc_hd__clkbuf_16)
    16    0.114557    0.129029    0.225226    0.324634 ^ clkbuf_0_clk/X (sky130_fd_sc_hd__clkbuf_16)
                                                         clknet_0_clk (net)
                      0.131402    0.013818    0.338453 ^ clkbuf_4_6_0_clk/A (sky130_fd_sc_hd__clkbuf_8)
     6    0.022783    0.055514    0.166727    0.505180 ^ clkbuf_4_6_0_clk/X (sky130_fd_sc_hd__clkbuf_8)
                                                         clknet_4_6_0_clk (net)
                      0.055561    0.001405    0.506585 ^ _2652_/CLK (sky130_fd_sc_hd__dfxtp_2)
     2    0.016668    0.051758    0.339181    0.845766 v _2652_/Q (sky130_fd_sc_hd__dfxtp_2)
                                                         net383 (net)
                      0.051849    0.001388    0.847154 v output383/A (sky130_fd_sc_hd__buf_2)
     1    0.052895    0.127710    0.210097    1.057251 v output383/X (sky130_fd_sc_hd__buf_2)
                                                         b_out[14] (net)
                      0.128275    0.006960    1.064211 v b_out[14] (out)
                                              1.064211   data arrival time

                                  0.000000    0.000000   clock clk (rise edge)
                                  0.000000    0.000000   clock network delay (propagated)
                                  0.200000    0.200000   clock uncertainty
                                  0.000000    0.200000   clock reconvergence pessimism
                                 -0.020000    0.180000   output external delay
                                              0.180000   data required time
---------------------------------------------------------------------------------------------
                                              0.180000   data required time
                                             -1.064211   data arrival time
---------------------------------------------------------------------------------------------
                                              0.884211   slack (MET)


Startpoint: _2648_ (rising edge-triggered flip-flop clocked by clk)
Endpoint: b_out[10] (output port clocked by clk)
Path Group: clk
Path Type: min

Fanout         Cap        Slew       Delay        Time   Description
---------------------------------------------------------------------------------------------
                                  0.000000    0.000000   clock clk (rise edge)
                                  0.000000    0.000000   clock source latency
     1    0.030447    0.142407    0.099408    0.099408 ^ clk (in)
                                                         clk (net)
                      0.142457    0.000000    0.099408 ^ clkbuf_0_clk/A (sky130_fd_sc_hd__clkbuf_16)
    16    0.114557    0.129029    0.225226    0.324634 ^ clkbuf_0_clk/X (sky130_fd_sc_hd__clkbuf_16)
                                                         clknet_0_clk (net)
                      0.131402    0.013818    0.338453 ^ clkbuf_4_6_0_clk/A (sky130_fd_sc_hd__clkbuf_8)
     6    0.022783    0.055514    0.166727    0.505180 ^ clkbuf_4_6_0_clk/X (sky130_fd_sc_hd__clkbuf_8)
                                                         clknet_4_6_0_clk (net)
                      0.055620    0.002034    0.507214 ^ _2648_/CLK (sky130_fd_sc_hd__dfxtp_2)
     3    0.020830    0.060888    0.346434    0.853648 v _2648_/Q (sky130_fd_sc_hd__dfxtp_2)
                                                         net379 (net)
                      0.061093    0.002612    0.856260 v output379/A (sky130_fd_sc_hd__buf_2)
     1    0.051320    0.124179    0.212082    1.068342 v output379/X (sky130_fd_sc_hd__buf_2)
                                                         b_out[10] (net)
                      0.124711    0.006320    1.074662 v b_out[10] (out)
                                              1.074662   data arrival time

                                  0.000000    0.000000   clock clk (rise edge)
                                  0.000000    0.000000   clock network delay (propagated)
                                  0.200000    0.200000   clock uncertainty
                                  0.000000    0.200000   clock reconvergence pessimism
                                 -0.020000    0.180000   output external delay
                                              0.180000   data required time
---------------------------------------------------------------------------------------------
                                              0.180000   data required time
                                             -1.074662   data arrival time
---------------------------------------------------------------------------------------------
                                              0.894662   slack (MET)


Startpoint: _2636_ (rising edge-triggered flip-flop clocked by clk)
Endpoint: a_out[14] (output port clocked by clk)
Path Group: clk
Path Type: min

Fanout         Cap        Slew       Delay        Time   Description
---------------------------------------------------------------------------------------------
                                  0.000000    0.000000   clock clk (rise edge)
                                  0.000000    0.000000   clock source latency
     1    0.030447    0.142407    0.099408    0.099408 ^ clk (in)
                                                         clk (net)
                      0.142457    0.000000    0.099408 ^ clkbuf_0_clk/A (sky130_fd_sc_hd__clkbuf_16)
    16    0.114557    0.129029    0.225226    0.324634 ^ clkbuf_0_clk/X (sky130_fd_sc_hd__clkbuf_16)
                                                         clknet_0_clk (net)
                      0.131802    0.014944    0.339579 ^ clkbuf_4_4_0_clk/A (sky130_fd_sc_hd__clkbuf_8)
     6    0.028684    0.064541    0.173218    0.512797 ^ clkbuf_4_4_0_clk/X (sky130_fd_sc_hd__clkbuf_8)
                                                         clknet_4_4_0_clk (net)
                      0.064901    0.003400    0.516196 ^ _2636_/CLK (sky130_fd_sc_hd__dfxtp_2)
     4    0.019905    0.058530    0.348553    0.864749 v _2636_/Q (sky130_fd_sc_hd__dfxtp_2)
                                                         net351 (net)
                      0.058682    0.002067    0.866817 v output351/A (sky130_fd_sc_hd__buf_2)
     1    0.046608    0.113610    0.204826    1.071643 v output351/X (sky130_fd_sc_hd__buf_2)
                                                         a_out[14] (net)
                      0.113832    0.003743    1.075386 v a_out[14] (out)
                                              1.075386   data arrival time

                                  0.000000    0.000000   clock clk (rise edge)
                                  0.000000    0.000000   clock network delay (propagated)
                                  0.200000    0.200000   clock uncertainty
                                  0.000000    0.200000   clock reconvergence pessimism
                                 -0.020000    0.180000   output external delay
                                              0.180000   data required time
---------------------------------------------------------------------------------------------
                                              0.180000   data required time
                                             -1.075386   data arrival time
---------------------------------------------------------------------------------------------
                                              0.895386   slack (MET)


Startpoint: _2649_ (rising edge-triggered flip-flop clocked by clk)
Endpoint: b_out[11] (output port clocked by clk)
Path Group: clk
Path Type: min

Fanout         Cap        Slew       Delay        Time   Description
---------------------------------------------------------------------------------------------
                                  0.000000    0.000000   clock clk (rise edge)
                                  0.000000    0.000000   clock source latency
     1    0.030447    0.142407    0.099408    0.099408 ^ clk (in)
                                                         clk (net)
                      0.142457    0.000000    0.099408 ^ clkbuf_0_clk/A (sky130_fd_sc_hd__clkbuf_16)
    16    0.114557    0.129029    0.225226    0.324634 ^ clkbuf_0_clk/X (sky130_fd_sc_hd__clkbuf_16)
                                                         clknet_0_clk (net)
                      0.131802    0.014944    0.339579 ^ clkbuf_4_4_0_clk/A (sky130_fd_sc_hd__clkbuf_8)
     6    0.028684    0.064541    0.173218    0.512797 ^ clkbuf_4_4_0_clk/X (sky130_fd_sc_hd__clkbuf_8)
                                                         clknet_4_4_0_clk (net)
                      0.064935    0.003594    0.516391 ^ _2649_/CLK (sky130_fd_sc_hd__dfxtp_2)
     2    0.019970    0.059040    0.348341    0.864732 v _2649_/Q (sky130_fd_sc_hd__dfxtp_2)
                                                         net380 (net)
                      0.059221    0.002401    0.867132 v output380/A (sky130_fd_sc_hd__buf_2)
     1    0.048462    0.118223    0.206066    1.073198 v output380/X (sky130_fd_sc_hd__buf_2)
                                                         b_out[11] (net)
                      0.118862    0.006793    1.079991 v b_out[11] (out)
                                              1.079991   data arrival time

                                  0.000000    0.000000   clock clk (rise edge)
                                  0.000000    0.000000   clock network delay (propagated)
                                  0.200000    0.200000   clock uncertainty
                                  0.000000    0.200000   clock reconvergence pessimism
                                 -0.020000    0.180000   output external delay
                                              0.180000   data required time
---------------------------------------------------------------------------------------------
                                              0.180000   data required time
                                             -1.079991   data arrival time
---------------------------------------------------------------------------------------------
                                              0.899991   slack (MET)


Startpoint: _2626_ (rising edge-triggered flip-flop clocked by clk)
Endpoint: a_out[4] (output port clocked by clk)
Path Group: clk
Path Type: min

Fanout         Cap        Slew       Delay        Time   Description
---------------------------------------------------------------------------------------------
                                  0.000000    0.000000   clock clk (rise edge)
                                  0.000000    0.000000   clock source latency
     1    0.030447    0.142407    0.099408    0.099408 ^ clk (in)
                                                         clk (net)
                      0.142457    0.000000    0.099408 ^ clkbuf_0_clk/A (sky130_fd_sc_hd__clkbuf_16)
    16    0.114557    0.129029    0.225226    0.324634 ^ clkbuf_0_clk/X (sky130_fd_sc_hd__clkbuf_16)
                                                         clknet_0_clk (net)
                      0.130446    0.010703    0.335337 ^ clkbuf_4_2_0_clk/A (sky130_fd_sc_hd__clkbuf_8)
     6    0.022574    0.055106    0.166297    0.501634 ^ clkbuf_4_2_0_clk/X (sky130_fd_sc_hd__clkbuf_8)
                                                         clknet_4_2_0_clk (net)
                      0.055144    0.001259    0.502893 ^ _2626_/CLK (sky130_fd_sc_hd__dfxtp_2)
     7    0.034180    0.090233    0.370305    0.873198 v _2626_/Q (sky130_fd_sc_hd__dfxtp_2)
                                                         net169 (net)
                      0.090501    0.004254    0.877452 v output356/A (sky130_fd_sc_hd__buf_2)
     1    0.034961    0.091508    0.200873    1.078325 v output356/X (sky130_fd_sc_hd__buf_2)
                                                         net356 (net)
                      0.091559    0.001964    1.080290 v a_out[4] (out)
                                              1.080290   data arrival time

                                  0.000000    0.000000   clock clk (rise edge)
                                  0.000000    0.000000   clock network delay (propagated)
                                  0.200000    0.200000   clock uncertainty
                                  0.000000    0.200000   clock reconvergence pessimism
                                 -0.020000    0.180000   output external delay
                                              0.180000   data required time
---------------------------------------------------------------------------------------------
                                              0.180000   data required time
                                             -1.080290   data arrival time
---------------------------------------------------------------------------------------------
                                              0.900290   slack (MET)


Startpoint: _2634_ (rising edge-triggered flip-flop clocked by clk)
Endpoint: a_out[12] (output port clocked by clk)
Path Group: clk
Path Type: min

Fanout         Cap        Slew       Delay        Time   Description
---------------------------------------------------------------------------------------------
                                  0.000000    0.000000   clock clk (rise edge)
                                  0.000000    0.000000   clock source latency
     1    0.030447    0.142407    0.099408    0.099408 ^ clk (in)
                                                         clk (net)
                      0.142457    0.000000    0.099408 ^ clkbuf_0_clk/A (sky130_fd_sc_hd__clkbuf_16)
    16    0.114557    0.129029    0.225226    0.324634 ^ clkbuf_0_clk/X (sky130_fd_sc_hd__clkbuf_16)
                                                         clknet_0_clk (net)
                      0.131866    0.015119    0.339753 ^ clkbuf_4_5_0_clk/A (sky130_fd_sc_hd__clkbuf_8)
     6    0.023397    0.056370    0.167671    0.507424 ^ clkbuf_4_5_0_clk/X (sky130_fd_sc_hd__clkbuf_8)
                                                         clknet_4_5_0_clk (net)
                      0.056408    0.001289    0.508713 ^ _2634_/CLK (sky130_fd_sc_hd__dfxtp_2)
     6    0.031472    0.083979    0.366447    0.875160 v _2634_/Q (sky130_fd_sc_hd__dfxtp_2)
                                                         net349 (net)
                      0.084002    0.001338    0.876498 v output349/A (sky130_fd_sc_hd__buf_2)
     1    0.037347    0.093291    0.202268    1.078767 v output349/X (sky130_fd_sc_hd__buf_2)
                                                         a_out[12] (net)
                      0.093354    0.002226    1.080993 v a_out[12] (out)
                                              1.080993   data arrival time

                                  0.000000    0.000000   clock clk (rise edge)
                                  0.000000    0.000000   clock network delay (propagated)
                                  0.200000    0.200000   clock uncertainty
                                  0.000000    0.200000   clock reconvergence pessimism
                                 -0.020000    0.180000   output external delay
                                              0.180000   data required time
---------------------------------------------------------------------------------------------
                                              0.180000   data required time
                                             -1.080993   data arrival time
---------------------------------------------------------------------------------------------
                                              0.900993   slack (MET)


Startpoint: _2627_ (rising edge-triggered flip-flop clocked by clk)
Endpoint: a_out[5] (output port clocked by clk)
Path Group: clk
Path Type: min

Fanout         Cap        Slew       Delay        Time   Description
---------------------------------------------------------------------------------------------
                                  0.000000    0.000000   clock clk (rise edge)
                                  0.000000    0.000000   clock source latency
     1    0.030447    0.142407    0.099408    0.099408 ^ clk (in)
                                                         clk (net)
                      0.142457    0.000000    0.099408 ^ clkbuf_0_clk/A (sky130_fd_sc_hd__clkbuf_16)
    16    0.114557    0.129029    0.225226    0.324634 ^ clkbuf_0_clk/X (sky130_fd_sc_hd__clkbuf_16)
                                                         clknet_0_clk (net)
                      0.130355    0.010363    0.334997 ^ clkbuf_4_3_0_clk/A (sky130_fd_sc_hd__clkbuf_8)
     6    0.017917    0.048381    0.159673    0.494670 ^ clkbuf_4_3_0_clk/X (sky130_fd_sc_hd__clkbuf_8)
                                                         clknet_4_3_0_clk (net)
                      0.048412    0.001095    0.495766 ^ _2627_/CLK (sky130_fd_sc_hd__dfxtp_2)
     7    0.039861    0.099298    0.377358    0.873123 v _2627_/Q (sky130_fd_sc_hd__dfxtp_2)
                                                         net357 (net)
                      0.099722    0.005566    0.878689 v output357/A (sky130_fd_sc_hd__buf_2)
     1    0.035011    0.091635    0.205140    1.083829 v output357/X (sky130_fd_sc_hd__buf_2)
                                                         a_out[5] (net)
                      0.091687    0.001989    1.085818 v a_out[5] (out)
                                              1.085818   data arrival time

                                  0.000000    0.000000   clock clk (rise edge)
                                  0.000000    0.000000   clock network delay (propagated)
                                  0.200000    0.200000   clock uncertainty
                                  0.000000    0.200000   clock reconvergence pessimism
                                 -0.020000    0.180000   output external delay
                                              0.180000   data required time
---------------------------------------------------------------------------------------------
                                              0.180000   data required time
                                             -1.085818   data arrival time
---------------------------------------------------------------------------------------------
                                              0.905818   slack (MET)


Startpoint: _2651_ (rising edge-triggered flip-flop clocked by clk)
Endpoint: b_out[13] (output port clocked by clk)
Path Group: clk
Path Type: min

Fanout         Cap        Slew       Delay        Time   Description
---------------------------------------------------------------------------------------------
                                  0.000000    0.000000   clock clk (rise edge)
                                  0.000000    0.000000   clock source latency
     1    0.030447    0.142407    0.099408    0.099408 ^ clk (in)
                                                         clk (net)
                      0.142457    0.000000    0.099408 ^ clkbuf_0_clk/A (sky130_fd_sc_hd__clkbuf_16)
    16    0.114557    0.129029    0.225226    0.324634 ^ clkbuf_0_clk/X (sky130_fd_sc_hd__clkbuf_16)
                                                         clknet_0_clk (net)
                      0.131802    0.014944    0.339579 ^ clkbuf_4_4_0_clk/A (sky130_fd_sc_hd__clkbuf_8)
     6    0.028684    0.064541    0.173218    0.512797 ^ clkbuf_4_4_0_clk/X (sky130_fd_sc_hd__clkbuf_8)
                                                         clknet_4_4_0_clk (net)
                      0.064980    0.003842    0.516639 ^ _2651_/CLK (sky130_fd_sc_hd__dfxtp_2)
     2    0.020665    0.060535    0.349617    0.866256 v _2651_/Q (sky130_fd_sc_hd__dfxtp_2)
                                                         net382 (net)
                      0.060724    0.002465    0.868720 v output382/A (sky130_fd_sc_hd__buf_2)
     1    0.052388    0.126018    0.214975    1.083695 v output382/X (sky130_fd_sc_hd__buf_2)
                                                         b_out[13] (net)
                      0.126247    0.004006    1.087701 v b_out[13] (out)
                                              1.087701   data arrival time

                                  0.000000    0.000000   clock clk (rise edge)
                                  0.000000    0.000000   clock network delay (propagated)
                                  0.200000    0.200000   clock uncertainty
                                  0.000000    0.200000   clock reconvergence pessimism
                                 -0.020000    0.180000   output external delay
                                              0.180000   data required time
---------------------------------------------------------------------------------------------
                                              0.180000   data required time
                                             -1.087701   data arrival time
---------------------------------------------------------------------------------------------
                                              0.907701   slack (MET)


Startpoint: _2650_ (rising edge-triggered flip-flop clocked by clk)
Endpoint: b_out[12] (output port clocked by clk)
Path Group: clk
Path Type: min

Fanout         Cap        Slew       Delay        Time   Description
---------------------------------------------------------------------------------------------
                                  0.000000    0.000000   clock clk (rise edge)
                                  0.000000    0.000000   clock source latency
     1    0.030447    0.142407    0.099408    0.099408 ^ clk (in)
                                                         clk (net)
                      0.142457    0.000000    0.099408 ^ clkbuf_0_clk/A (sky130_fd_sc_hd__clkbuf_16)
    16    0.114557    0.129029    0.225226    0.324634 ^ clkbuf_0_clk/X (sky130_fd_sc_hd__clkbuf_16)
                                                         clknet_0_clk (net)
                      0.131402    0.013818    0.338453 ^ clkbuf_4_6_0_clk/A (sky130_fd_sc_hd__clkbuf_8)
     6    0.022783    0.055514    0.166727    0.505180 ^ clkbuf_4_6_0_clk/X (sky130_fd_sc_hd__clkbuf_8)
                                                         clknet_4_6_0_clk (net)
                      0.055605    0.001891    0.507071 ^ _2650_/CLK (sky130_fd_sc_hd__dfxtp_2)
     2    0.025706    0.071008    0.355803    0.862874 v _2650_/Q (sky130_fd_sc_hd__dfxtp_2)
                                                         net381 (net)
                      0.071081    0.002039    0.864913 v output381/A (sky130_fd_sc_hd__buf_2)
     1    0.054791    0.131556    0.222464    1.087378 v output381/X (sky130_fd_sc_hd__buf_2)
                                                         b_out[12] (net)
                      0.132000    0.005917    1.093295 v b_out[12] (out)
                                              1.093295   data arrival time

                                  0.000000    0.000000   clock clk (rise edge)
                                  0.000000    0.000000   clock network delay (propagated)
                                  0.200000    0.200000   clock uncertainty
                                  0.000000    0.200000   clock reconvergence pessimism
                                 -0.020000    0.180000   output external delay
                                              0.180000   data required time
---------------------------------------------------------------------------------------------
                                              0.180000   data required time
                                             -1.093295   data arrival time
---------------------------------------------------------------------------------------------
                                              0.913295   slack (MET)


Startpoint: _2693_ (rising edge-triggered flip-flop clocked by clk)
Endpoint: acc_out[5] (output port clocked by clk)
Path Group: clk
Path Type: min

Fanout         Cap        Slew       Delay        Time   Description
---------------------------------------------------------------------------------------------
                                  0.000000    0.000000   clock clk (rise edge)
                                  0.000000    0.000000   clock source latency
     1    0.030447    0.142407    0.099408    0.099408 ^ clk (in)
                                                         clk (net)
                      0.142457    0.000000    0.099408 ^ clkbuf_0_clk/A (sky130_fd_sc_hd__clkbuf_16)
    16    0.114557    0.129029    0.225226    0.324634 ^ clkbuf_0_clk/X (sky130_fd_sc_hd__clkbuf_16)
                                                         clknet_0_clk (net)
                      0.130271    0.010037    0.334672 ^ clkbuf_4_12_0_clk/A (sky130_fd_sc_hd__clkbuf_8)
     6    0.023815    0.056980    0.167723    0.502394 ^ clkbuf_4_12_0_clk/X (sky130_fd_sc_hd__clkbuf_8)
                                                         clknet_4_12_0_clk (net)
                      0.057013    0.001194    0.503589 ^ _2693_/CLK (sky130_fd_sc_hd__dfxtp_2)
     5    0.022007    0.118039    0.377725    0.881314 ^ _2693_/Q (sky130_fd_sc_hd__dfxtp_2)
                                                         r4_acc[5] (net)
                      0.118054    0.001386    0.882699 ^ _1317_/A (sky130_fd_sc_hd__xnor2_2)
     1    0.002264    0.029404    0.073508    0.956208 v _1317_/Y (sky130_fd_sc_hd__xnor2_2)
                                                         net373 (net)
                      0.029404    0.000152    0.956359 v output373/A (sky130_fd_sc_hd__buf_2)
     1    0.034274    0.090032    0.172637    1.128996 v output373/X (sky130_fd_sc_hd__buf_2)
                                                         acc_out[5] (net)
                      0.090066    0.001615    1.130611 v acc_out[5] (out)
                                              1.130611   data arrival time

                                  0.000000    0.000000   clock clk (rise edge)
                                  0.000000    0.000000   clock network delay (propagated)
                                  0.200000    0.200000   clock uncertainty
                                  0.000000    0.200000   clock reconvergence pessimism
                                 -0.020000    0.180000   output external delay
                                              0.180000   data required time
---------------------------------------------------------------------------------------------
                                              0.180000   data required time
                                             -1.130611   data arrival time
---------------------------------------------------------------------------------------------
                                              0.950611   slack (MET)


Startpoint: _2697_ (rising edge-triggered flip-flop clocked by clk)
Endpoint: acc_out[9] (output port clocked by clk)
Path Group: clk
Path Type: min

Fanout         Cap        Slew       Delay        Time   Description
---------------------------------------------------------------------------------------------
                                  0.000000    0.000000   clock clk (rise edge)
                                  0.000000    0.000000   clock source latency
     1    0.030447    0.142407    0.099408    0.099408 ^ clk (in)
                                                         clk (net)
                      0.142457    0.000000    0.099408 ^ clkbuf_0_clk/A (sky130_fd_sc_hd__clkbuf_16)
    16    0.114557    0.129029    0.225226    0.324634 ^ clkbuf_0_clk/X (sky130_fd_sc_hd__clkbuf_16)
                                                         clknet_0_clk (net)
                      0.130271    0.010037    0.334672 ^ clkbuf_4_12_0_clk/A (sky130_fd_sc_hd__clkbuf_8)
     6    0.023815    0.056980    0.167723    0.502394 ^ clkbuf_4_12_0_clk/X (sky130_fd_sc_hd__clkbuf_8)
                                                         clknet_4_12_0_clk (net)
                      0.057022    0.001327    0.503721 ^ _2697_/CLK (sky130_fd_sc_hd__dfxtp_2)
     5    0.024409    0.129598    0.385917    0.889639 ^ _2697_/Q (sky130_fd_sc_hd__dfxtp_2)
                                                         r4_acc[9] (net)
                      0.129614    0.001465    0.891104 ^ _1325_/A (sky130_fd_sc_hd__xor2_2)
     1    0.002695    0.029711    0.077889    0.968993 v _1325_/X (sky130_fd_sc_hd__xor2_2)
                                                         net377 (net)
                      0.029711    0.000175    0.969168 v output377/A (sky130_fd_sc_hd__buf_2)
     1    0.034778    0.091184    0.173569    1.142736 v output377/X (sky130_fd_sc_hd__buf_2)
                                                         acc_out[9] (net)
                      0.091226    0.001787    1.144523 v acc_out[9] (out)
                                              1.144523   data arrival time

                                  0.000000    0.000000   clock clk (rise edge)
                                  0.000000    0.000000   clock network delay (propagated)
                                  0.200000    0.200000   clock uncertainty
                                  0.000000    0.200000   clock reconvergence pessimism
                                 -0.020000    0.180000   output external delay
                                              0.180000   data required time
---------------------------------------------------------------------------------------------
                                              0.180000   data required time
                                             -1.144523   data arrival time
---------------------------------------------------------------------------------------------
                                              0.964523   slack (MET)


Startpoint: _2702_ (rising edge-triggered flip-flop clocked by clk)
Endpoint: acc_out[14] (output port clocked by clk)
Path Group: clk
Path Type: min

Fanout         Cap        Slew       Delay        Time   Description
---------------------------------------------------------------------------------------------
                                  0.000000    0.000000   clock clk (rise edge)
                                  0.000000    0.000000   clock source latency
     1    0.030447    0.142407    0.099408    0.099408 ^ clk (in)
                                                         clk (net)
                      0.142457    0.000000    0.099408 ^ clkbuf_0_clk/A (sky130_fd_sc_hd__clkbuf_16)
    16    0.114557    0.129029    0.225226    0.324634 ^ clkbuf_0_clk/X (sky130_fd_sc_hd__clkbuf_16)
                                                         clknet_0_clk (net)
                      0.130170    0.009635    0.334269 ^ clkbuf_4_13_0_clk/A (sky130_fd_sc_hd__clkbuf_8)
     6    0.028482    0.064237    0.172926    0.507195 ^ clkbuf_4_13_0_clk/X (sky130_fd_sc_hd__clkbuf_8)
                                                         clknet_4_13_0_clk (net)
                      0.064374    0.002537    0.509732 ^ _2702_/CLK (sky130_fd_sc_hd__dfxtp_2)
     4    0.023478    0.125118    0.385508    0.895240 ^ _2702_/Q (sky130_fd_sc_hd__dfxtp_2)
                                                         r4_acc[14] (net)
                      0.125139    0.001626    0.896866 ^ _1335_/A (sky130_fd_sc_hd__xor2_2)
     1    0.002404    0.028849    0.075954    0.972820 v _1335_/X (sky130_fd_sc_hd__xor2_2)
                                                         net367 (net)
                      0.028849    0.000155    0.972975 v output367/A (sky130_fd_sc_hd__buf_2)
     1    0.035513    0.092778    0.174559    1.147534 v output367/X (sky130_fd_sc_hd__buf_2)
                                                         acc_out[14] (net)
                      0.092819    0.001779    1.149314 v acc_out[14] (out)
                                              1.149314   data arrival time

                                  0.000000    0.000000   clock clk (rise edge)
                                  0.000000    0.000000   clock network delay (propagated)
                                  0.200000    0.200000   clock uncertainty
                                  0.000000    0.200000   clock reconvergence pessimism
                                 -0.020000    0.180000   output external delay
                                              0.180000   data required time
---------------------------------------------------------------------------------------------
                                              0.180000   data required time
                                             -1.149314   data arrival time
---------------------------------------------------------------------------------------------
                                              0.969314   slack (MET)


Startpoint: _2695_ (rising edge-triggered flip-flop clocked by clk)
Endpoint: acc_out[7] (output port clocked by clk)
Path Group: clk
Path Type: min

Fanout         Cap        Slew       Delay        Time   Description
---------------------------------------------------------------------------------------------
                                  0.000000    0.000000   clock clk (rise edge)
                                  0.000000    0.000000   clock source latency
     1    0.030447    0.142407    0.099408    0.099408 ^ clk (in)
                                                         clk (net)
                      0.142457    0.000000    0.099408 ^ clkbuf_0_clk/A (sky130_fd_sc_hd__clkbuf_16)
    16    0.114557    0.129029    0.225226    0.324634 ^ clkbuf_0_clk/X (sky130_fd_sc_hd__clkbuf_16)
                                                         clknet_0_clk (net)
                      0.129934    0.008617    0.333251 ^ clkbuf_4_8_0_clk/A (sky130_fd_sc_hd__clkbuf_8)
     6    0.026264    0.060671    0.170466    0.503717 ^ clkbuf_4_8_0_clk/X (sky130_fd_sc_hd__clkbuf_8)
                                                         clknet_4_8_0_clk (net)
                      0.060719    0.001533    0.505251 ^ _2695_/CLK (sky130_fd_sc_hd__dfxtp_2)
     5    0.026126    0.137815    0.393376    0.898627 ^ _2695_/Q (sky130_fd_sc_hd__dfxtp_2)
                                                         r4_acc[7] (net)
                      0.137826    0.001360    0.899987 ^ _1321_/A (sky130_fd_sc_hd__xor2_2)
     1    0.002119    0.028062    0.076869    0.976856 v _1321_/X (sky130_fd_sc_hd__xor2_2)
                                                         net375 (net)
                      0.028062    0.000147    0.977003 v output375/A (sky130_fd_sc_hd__buf_2)
     1    0.034798    0.091284    0.172793    1.149796 v output375/X (sky130_fd_sc_hd__buf_2)
                                                         acc_out[7] (net)
                      0.091333    0.001934    1.151730 v acc_out[7] (out)
                                              1.151730   data arrival time

                                  0.000000    0.000000   clock clk (rise edge)
                                  0.000000    0.000000   clock network delay (propagated)
                                  0.200000    0.200000   clock uncertainty
                                  0.000000    0.200000   clock reconvergence pessimism
                                 -0.020000    0.180000   output external delay
                                              0.180000   data required time
---------------------------------------------------------------------------------------------
                                              0.180000   data required time
                                             -1.151730   data arrival time
---------------------------------------------------------------------------------------------
                                              0.971730   slack (MET)


Startpoint: _2690_ (rising edge-triggered flip-flop clocked by clk)
Endpoint: acc_out[2] (output port clocked by clk)
Path Group: clk
Path Type: min

Fanout         Cap        Slew       Delay        Time   Description
---------------------------------------------------------------------------------------------
                                  0.000000    0.000000   clock clk (rise edge)
                                  0.000000    0.000000   clock source latency
     1    0.030447    0.142407    0.099408    0.099408 ^ clk (in)
                                                         clk (net)
                      0.142457    0.000000    0.099408 ^ clkbuf_0_clk/A (sky130_fd_sc_hd__clkbuf_16)
    16    0.114557    0.129029    0.225226    0.324634 ^ clkbuf_0_clk/X (sky130_fd_sc_hd__clkbuf_16)
                                                         clknet_0_clk (net)
                      0.130443    0.010691    0.335326 ^ clkbuf_4_15_0_clk/A (sky130_fd_sc_hd__clkbuf_8)
     6    0.025126    0.058962    0.169285    0.504611 ^ clkbuf_4_15_0_clk/X (sky130_fd_sc_hd__clkbuf_8)
                                                         clknet_4_15_0_clk (net)
                      0.059006    0.001399    0.506010 ^ _2690_/CLK (sky130_fd_sc_hd__dfxtp_2)
     6    0.026406    0.139185    0.393611    0.899622 ^ _2690_/Q (sky130_fd_sc_hd__dfxtp_2)
                                                         r4_acc[2] (net)
                      0.139211    0.001892    0.901513 ^ _1310_/A (sky130_fd_sc_hd__xnor2_2)
     1    0.002083    0.028503    0.076222    0.977736 v _1310_/Y (sky130_fd_sc_hd__xnor2_2)
                                                         net370 (net)
                      0.028503    0.000140    0.977876 v output370/A (sky130_fd_sc_hd__buf_2)
     1    0.035128    0.091986    0.173616    1.151492 v output370/X (sky130_fd_sc_hd__buf_2)
                                                         acc_out[2] (net)
                      0.092033    0.001892    1.153384 v acc_out[2] (out)
                                              1.153384   data arrival time

                                  0.000000    0.000000   clock clk (rise edge)
                                  0.000000    0.000000   clock network delay (propagated)
                                  0.200000    0.200000   clock uncertainty
                                  0.000000    0.200000   clock reconvergence pessimism
                                 -0.020000    0.180000   output external delay
                                              0.180000   data required time
---------------------------------------------------------------------------------------------
                                              0.180000   data required time
                                             -1.153384   data arrival time
---------------------------------------------------------------------------------------------
                                              0.973384   slack (MET)


Startpoint: _2696_ (rising edge-triggered flip-flop clocked by clk)
Endpoint: acc_out[8] (output port clocked by clk)
Path Group: clk
Path Type: min

Fanout         Cap        Slew       Delay        Time   Description
---------------------------------------------------------------------------------------------
                                  0.000000    0.000000   clock clk (rise edge)
                                  0.000000    0.000000   clock source latency
     1    0.030447    0.142407    0.099408    0.099408 ^ clk (in)
                                                         clk (net)
                      0.142457    0.000000    0.099408 ^ clkbuf_0_clk/A (sky130_fd_sc_hd__clkbuf_16)
    16    0.114557    0.129029    0.225226    0.324634 ^ clkbuf_0_clk/X (sky130_fd_sc_hd__clkbuf_16)
                                                         clknet_0_clk (net)
                      0.129934    0.008617    0.333251 ^ clkbuf_4_8_0_clk/A (sky130_fd_sc_hd__clkbuf_8)
     6    0.026264    0.060671    0.170466    0.503717 ^ clkbuf_4_8_0_clk/X (sky130_fd_sc_hd__clkbuf_8)
                                                         clknet_4_8_0_clk (net)
                      0.060687    0.001011    0.504729 ^ _2696_/CLK (sky130_fd_sc_hd__dfxtp_2)
     5    0.026280    0.138170    0.393062    0.897791 ^ _2696_/Q (sky130_fd_sc_hd__dfxtp_2)
                                                         r4_acc[8] (net)
                      0.138221    0.002513    0.900304 ^ _1323_/A (sky130_fd_sc_hd__xor2_2)
     1    0.002891    0.030305    0.080167    0.980471 v _1323_/X (sky130_fd_sc_hd__xor2_2)
                                                         net376 (net)
                      0.030305    0.000187    0.980658 v output376/A (sky130_fd_sc_hd__buf_2)
     1    0.034783    0.091181    0.173853    1.154511 v output376/X (sky130_fd_sc_hd__buf_2)
                                                         acc_out[8] (net)
                      0.091221    0.001750    1.156261 v acc_out[8] (out)
                                              1.156261   data arrival time

                                  0.000000    0.000000   clock clk (rise edge)
                                  0.000000    0.000000   clock network delay (propagated)
                                  0.200000    0.200000   clock uncertainty
                                  0.000000    0.200000   clock reconvergence pessimism
                                 -0.020000    0.180000   output external delay
                                              0.180000   data required time
---------------------------------------------------------------------------------------------
                                              0.180000   data required time
                                             -1.156261   data arrival time
---------------------------------------------------------------------------------------------
                                              0.976261   slack (MET)


Startpoint: _2699_ (rising edge-triggered flip-flop clocked by clk)
Endpoint: acc_out[11] (output port clocked by clk)
Path Group: clk
Path Type: min

Fanout         Cap        Slew       Delay        Time   Description
---------------------------------------------------------------------------------------------
                                  0.000000    0.000000   clock clk (rise edge)
                                  0.000000    0.000000   clock source latency
     1    0.030447    0.142407    0.099408    0.099408 ^ clk (in)
                                                         clk (net)
                      0.142457    0.000000    0.099408 ^ clkbuf_0_clk/A (sky130_fd_sc_hd__clkbuf_16)
    16    0.114557    0.129029    0.225226    0.324634 ^ clkbuf_0_clk/X (sky130_fd_sc_hd__clkbuf_16)
                                                         clknet_0_clk (net)
                      0.130170    0.009635    0.334269 ^ clkbuf_4_13_0_clk/A (sky130_fd_sc_hd__clkbuf_8)
     6    0.028482    0.064237    0.172926    0.507195 ^ clkbuf_4_13_0_clk/X (sky130_fd_sc_hd__clkbuf_8)
                                                         clknet_4_13_0_clk (net)
                      0.064341    0.002241    0.509436 ^ _2699_/CLK (sky130_fd_sc_hd__dfxtp_2)
     5    0.025497    0.134858    0.392305    0.901741 ^ _2699_/Q (sky130_fd_sc_hd__dfxtp_2)
                                                         r4_acc[11] (net)
                      0.134872    0.001448    0.903189 ^ _1329_/A (sky130_fd_sc_hd__xnor2_2)
     1    0.002985    0.032092    0.079393    0.982582 v _1329_/Y (sky130_fd_sc_hd__xnor2_2)
                                                         net364 (net)
                      0.032092    0.000191    0.982772 v output364/A (sky130_fd_sc_hd__buf_2)
     1    0.035365    0.092468    0.175606    1.158379 v output364/X (sky130_fd_sc_hd__buf_2)
                                                         acc_out[11] (net)
                      0.092514    0.001887    1.160266 v acc_out[11] (out)
                                              1.160266   data arrival time

                                  0.000000    0.000000   clock clk (rise edge)
                                  0.000000    0.000000   clock network delay (propagated)
                                  0.200000    0.200000   clock uncertainty
                                  0.000000    0.200000   clock reconvergence pessimism
                                 -0.020000    0.180000   output external delay
                                              0.180000   data required time
---------------------------------------------------------------------------------------------
                                              0.180000   data required time
                                             -1.160266   data arrival time
---------------------------------------------------------------------------------------------
                                              0.980266   slack (MET)


Startpoint: _2637_ (rising edge-triggered flip-flop clocked by clk)
Endpoint: a_out[15] (output port clocked by clk)
Path Group: clk
Path Type: min

Fanout         Cap        Slew       Delay        Time   Description
---------------------------------------------------------------------------------------------
                                  0.000000    0.000000   clock clk (rise edge)
                                  0.000000    0.000000   clock source latency
     1    0.030447    0.142407    0.099408    0.099408 ^ clk (in)
                                                         clk (net)
                      0.142457    0.000000    0.099408 ^ clkbuf_0_clk/A (sky130_fd_sc_hd__clkbuf_16)
    16    0.114557    0.129029    0.225226    0.324634 ^ clkbuf_0_clk/X (sky130_fd_sc_hd__clkbuf_16)
                                                         clknet_0_clk (net)
                      0.131866    0.015119    0.339753 ^ clkbuf_4_5_0_clk/A (sky130_fd_sc_hd__clkbuf_8)
     6    0.023397    0.056370    0.167671    0.507424 ^ clkbuf_4_5_0_clk/X (sky130_fd_sc_hd__clkbuf_8)
                                                         clknet_4_5_0_clk (net)
                      0.056404    0.001229    0.508653 ^ _2637_/CLK (sky130_fd_sc_hd__dfxtp_2)
     4    0.025823    0.071219    0.356436    0.865089 v _2637_/Q (sky130_fd_sc_hd__dfxtp_2)
                                                         s1_sign_a (net)
                      0.071226    0.000768    0.865857 v _2706_/A (sky130_fd_sc_hd__buf_2)
     1    0.002017    0.021649    0.122385    0.988243 v _2706_/X (sky130_fd_sc_hd__buf_2)
                                                         net352 (net)
                      0.021649    0.000149    0.988392 v output352/A (sky130_fd_sc_hd__buf_2)
     1    0.035755    0.093361    0.171882    1.160273 v output352/X (sky130_fd_sc_hd__buf_2)
                                                         a_out[15] (net)
                      0.093406    0.001877    1.162150 v a_out[15] (out)
                                              1.162150   data arrival time

                                  0.000000    0.000000   clock clk (rise edge)
                                  0.000000    0.000000   clock network delay (propagated)
                                  0.200000    0.200000   clock uncertainty
                                  0.000000    0.200000   clock reconvergence pessimism
                                 -0.020000    0.180000   output external delay
                                              0.180000   data required time
---------------------------------------------------------------------------------------------
                                              0.180000   data required time
                                             -1.162150   data arrival time
---------------------------------------------------------------------------------------------
                                              0.982150   slack (MET)


Startpoint: _2701_ (rising edge-triggered flip-flop clocked by clk)
Endpoint: acc_out[13] (output port clocked by clk)
Path Group: clk
Path Type: min

Fanout         Cap        Slew       Delay        Time   Description
---------------------------------------------------------------------------------------------
                                  0.000000    0.000000   clock clk (rise edge)
                                  0.000000    0.000000   clock source latency
     1    0.030447    0.142407    0.099408    0.099408 ^ clk (in)
                                                         clk (net)
                      0.142457    0.000000    0.099408 ^ clkbuf_0_clk/A (sky130_fd_sc_hd__clkbuf_16)
    16    0.114557    0.129029    0.225226    0.324634 ^ clkbuf_0_clk/X (sky130_fd_sc_hd__clkbuf_16)
                                                         clknet_0_clk (net)
                      0.130170    0.009635    0.334269 ^ clkbuf_4_13_0_clk/A (sky130_fd_sc_hd__clkbuf_8)
     6    0.028482    0.064237    0.172926    0.507195 ^ clkbuf_4_13_0_clk/X (sky130_fd_sc_hd__clkbuf_8)
                                                         clknet_4_13_0_clk (net)
                      0.064369    0.002493    0.509688 ^ _2701_/CLK (sky130_fd_sc_hd__dfxtp_2)
     5    0.027583    0.144901    0.399488    0.909176 ^ _2701_/Q (sky130_fd_sc_hd__dfxtp_2)
                                                         r4_acc[13] (net)
                      0.144918    0.001622    0.910798 ^ _1333_/A (sky130_fd_sc_hd__xnor2_2)
     1    0.001898    0.028018    0.076260    0.987058 v _1333_/Y (sky130_fd_sc_hd__xnor2_2)
                                                         net366 (net)
                      0.028018    0.000135    0.987193 v output366/A (sky130_fd_sc_hd__buf_2)
     1    0.035591    0.092954    0.174346    1.161539 v output366/X (sky130_fd_sc_hd__buf_2)
                                                         acc_out[13] (net)
                      0.092994    0.001780    1.163320 v acc_out[13] (out)
                                              1.163320   data arrival time

                                  0.000000    0.000000   clock clk (rise edge)
                                  0.000000    0.000000   clock network delay (propagated)
                                  0.200000    0.200000   clock uncertainty
                                  0.000000    0.200000   clock reconvergence pessimism
                                 -0.020000    0.180000   output external delay
                                              0.180000   data required time
---------------------------------------------------------------------------------------------
                                              0.180000   data required time
                                             -1.163320   data arrival time
---------------------------------------------------------------------------------------------
                                              0.983320   slack (MET)


Startpoint: _2691_ (rising edge-triggered flip-flop clocked by clk)
Endpoint: acc_out[3] (output port clocked by clk)
Path Group: clk
Path Type: min

Fanout         Cap        Slew       Delay        Time   Description
---------------------------------------------------------------------------------------------
                                  0.000000    0.000000   clock clk (rise edge)
                                  0.000000    0.000000   clock source latency
     1    0.030447    0.142407    0.099408    0.099408 ^ clk (in)
                                                         clk (net)
                      0.142457    0.000000    0.099408 ^ clkbuf_0_clk/A (sky130_fd_sc_hd__clkbuf_16)
    16    0.114557    0.129029    0.225226    0.324634 ^ clkbuf_0_clk/X (sky130_fd_sc_hd__clkbuf_16)
                                                         clknet_0_clk (net)
                      0.130443    0.010691    0.335326 ^ clkbuf_4_15_0_clk/A (sky130_fd_sc_hd__clkbuf_8)
     6    0.025126    0.058962    0.169285    0.504611 ^ clkbuf_4_15_0_clk/X (sky130_fd_sc_hd__clkbuf_8)
                                                         clknet_4_15_0_clk (net)
                      0.059000    0.001324    0.505935 ^ _2691_/CLK (sky130_fd_sc_hd__dfxtp_2)
     5    0.029111    0.152294    0.402480    0.908415 ^ _2691_/Q (sky130_fd_sc_hd__dfxtp_2)
                                                         r4_acc[3] (net)
                      0.152345    0.002630    0.911045 ^ _1312_/A (sky130_fd_sc_hd__xor2_2)
     1    0.002420    0.028897    0.080552    0.991597 v _1312_/X (sky130_fd_sc_hd__xor2_2)
                                                         net371 (net)
                      0.028897    0.000101    0.991698 v output371/A (sky130_fd_sc_hd__buf_2)
     1    0.035960    0.093344    0.175237    1.166935 v output371/X (sky130_fd_sc_hd__buf_2)
                                                         acc_out[3] (net)
                      0.093399    0.002056    1.168990 v acc_out[3] (out)
                                              1.168990   data arrival time

                                  0.000000    0.000000   clock clk (rise edge)
                                  0.000000    0.000000   clock network delay (propagated)
                                  0.200000    0.200000   clock uncertainty
                                  0.000000    0.200000   clock reconvergence pessimism
                                 -0.020000    0.180000   output external delay
                                              0.180000   data required time
---------------------------------------------------------------------------------------------
                                              0.180000   data required time
                                             -1.168990   data arrival time
---------------------------------------------------------------------------------------------
                                              0.988990   slack (MET)


Startpoint: _2694_ (rising edge-triggered flip-flop clocked by clk)
Endpoint: acc_out[6] (output port clocked by clk)
Path Group: clk
Path Type: min

Fanout         Cap        Slew       Delay        Time   Description
---------------------------------------------------------------------------------------------
                                  0.000000    0.000000   clock clk (rise edge)
                                  0.000000    0.000000   clock source latency
     1    0.030447    0.142407    0.099408    0.099408 ^ clk (in)
                                                         clk (net)
                      0.142457    0.000000    0.099408 ^ clkbuf_0_clk/A (sky130_fd_sc_hd__clkbuf_16)
    16    0.114557    0.129029    0.225226    0.324634 ^ clkbuf_0_clk/X (sky130_fd_sc_hd__clkbuf_16)
                                                         clknet_0_clk (net)
                      0.130271    0.010037    0.334672 ^ clkbuf_4_12_0_clk/A (sky130_fd_sc_hd__clkbuf_8)
     6    0.023815    0.056980    0.167723    0.502394 ^ clkbuf_4_12_0_clk/X (sky130_fd_sc_hd__clkbuf_8)
                                                         clknet_4_12_0_clk (net)
                      0.057003    0.001038    0.503433 ^ _2694_/CLK (sky130_fd_sc_hd__dfxtp_2)
     5    0.031269    0.162668    0.409253    0.912686 ^ _2694_/Q (sky130_fd_sc_hd__dfxtp_2)
                                                         r4_acc[6] (net)
                      0.162692    0.002002    0.914687 ^ _1319_/A (sky130_fd_sc_hd__xor2_2)
     1    0.002928    0.030421    0.084518    0.999206 v _1319_/X (sky130_fd_sc_hd__xor2_2)
                                                         net374 (net)
                      0.030421    0.000190    0.999396 v output374/A (sky130_fd_sc_hd__buf_2)
     1    0.035124    0.091948    0.174470    1.173866 v output374/X (sky130_fd_sc_hd__buf_2)
                                                         acc_out[6] (net)
                      0.091992    0.001853    1.175719 v acc_out[6] (out)
                                              1.175719   data arrival time

                                  0.000000    0.000000   clock clk (rise edge)
                                  0.000000    0.000000   clock network delay (propagated)
                                  0.200000    0.200000   clock uncertainty
                                  0.000000    0.200000   clock reconvergence pessimism
                                 -0.020000    0.180000   output external delay
                                              0.180000   data required time
---------------------------------------------------------------------------------------------
                                              0.180000   data required time
                                             -1.175719   data arrival time
---------------------------------------------------------------------------------------------
                                              0.995719   slack (MET)


Startpoint: _2688_ (rising edge-triggered flip-flop clocked by clk)
Endpoint: acc_out[0] (output port clocked by clk)
Path Group: clk
Path Type: min

Fanout         Cap        Slew       Delay        Time   Description
---------------------------------------------------------------------------------------------
                                  0.000000    0.000000   clock clk (rise edge)
                                  0.000000    0.000000   clock source latency
     1    0.030447    0.142407    0.099408    0.099408 ^ clk (in)
                                                         clk (net)
                      0.142457    0.000000    0.099408 ^ clkbuf_0_clk/A (sky130_fd_sc_hd__clkbuf_16)
    16    0.114557    0.129029    0.225226    0.324634 ^ clkbuf_0_clk/X (sky130_fd_sc_hd__clkbuf_16)
                                                         clknet_0_clk (net)
                      0.130444    0.010695    0.335330 ^ clkbuf_4_14_0_clk/A (sky130_fd_sc_hd__clkbuf_8)
     6    0.024501    0.058124    0.168471    0.503800 ^ clkbuf_4_14_0_clk/X (sky130_fd_sc_hd__clkbuf_8)
                                                         clknet_4_14_0_clk (net)
                      0.058178    0.001539    0.505339 ^ _2688_/CLK (sky130_fd_sc_hd__dfxtp_2)
     8    0.033493    0.088388    0.370862    0.876202 v _2688_/Q (sky130_fd_sc_hd__dfxtp_2)
                                                         r4_acc[0] (net)
                      0.088496    0.002747    0.878948 v _2707_/A (sky130_fd_sc_hd__buf_2)
     1    0.002087    0.021840    0.130467    1.009415 v _2707_/X (sky130_fd_sc_hd__buf_2)
                                                         net362 (net)
                      0.021840    0.000149    1.009565 v output362/A (sky130_fd_sc_hd__buf_2)
     1    0.035085    0.091921    0.170698    1.180263 v output362/X (sky130_fd_sc_hd__buf_2)
                                                         acc_out[0] (net)
                      0.091967    0.001890    1.182154 v acc_out[0] (out)
                                              1.182154   data arrival time

                                  0.000000    0.000000   clock clk (rise edge)
                                  0.000000    0.000000   clock network delay (propagated)
                                  0.200000    0.200000   clock uncertainty
                                  0.000000    0.200000   clock reconvergence pessimism
                                 -0.020000    0.180000   output external delay
                                              0.180000   data required time
---------------------------------------------------------------------------------------------
                                              0.180000   data required time
                                             -1.182154   data arrival time
---------------------------------------------------------------------------------------------
                                              1.002154   slack (MET)


Startpoint: _2698_ (rising edge-triggered flip-flop clocked by clk)
Endpoint: acc_out[10] (output port clocked by clk)
Path Group: clk
Path Type: min

Fanout         Cap        Slew       Delay        Time   Description
---------------------------------------------------------------------------------------------
                                  0.000000    0.000000   clock clk (rise edge)
                                  0.000000    0.000000   clock source latency
     1    0.030447    0.142407    0.099408    0.099408 ^ clk (in)
                                                         clk (net)
                      0.142457    0.000000    0.099408 ^ clkbuf_0_clk/A (sky130_fd_sc_hd__clkbuf_16)
    16    0.114557    0.129029    0.225226    0.324634 ^ clkbuf_0_clk/X (sky130_fd_sc_hd__clkbuf_16)
                                                         clknet_0_clk (net)
                      0.130170    0.009635    0.334269 ^ clkbuf_4_13_0_clk/A (sky130_fd_sc_hd__clkbuf_8)
     6    0.028482    0.064237    0.172926    0.507195 ^ clkbuf_4_13_0_clk/X (sky130_fd_sc_hd__clkbuf_8)
                                                         clknet_4_13_0_clk (net)
                      0.064314    0.001969    0.509163 ^ _2698_/CLK (sky130_fd_sc_hd__dfxtp_2)
     6    0.032800    0.170095    0.417106    0.926269 ^ _2698_/Q (sky130_fd_sc_hd__dfxtp_2)
                                                         r4_acc[10] (net)
                      0.170138    0.002604    0.928873 ^ _1327_/A (sky130_fd_sc_hd__xor2_2)
     1    0.001982    0.027748    0.081526    1.010399 v _1327_/X (sky130_fd_sc_hd__xor2_2)
                                                         net363 (net)
                      0.027748    0.000139    1.010538 v output363/A (sky130_fd_sc_hd__buf_2)
     1    0.034230    0.089948    0.171841    1.182380 v output363/X (sky130_fd_sc_hd__buf_2)
                                                         acc_out[10] (net)
                      0.089981    0.001613    1.183993 v acc_out[10] (out)
                                              1.183993   data arrival time

                                  0.000000    0.000000   clock clk (rise edge)
                                  0.000000    0.000000   clock network delay (propagated)
                                  0.200000    0.200000   clock uncertainty
                                  0.000000    0.200000   clock reconvergence pessimism
                                 -0.020000    0.180000   output external delay
                                              0.180000   data required time
---------------------------------------------------------------------------------------------
                                              0.180000   data required time
                                             -1.183993   data arrival time
---------------------------------------------------------------------------------------------
                                              1.003992   slack (MET)


Startpoint: _2689_ (rising edge-triggered flip-flop clocked by clk)
Endpoint: acc_out[1] (output port clocked by clk)
Path Group: clk
Path Type: min

Fanout         Cap        Slew       Delay        Time   Description
---------------------------------------------------------------------------------------------
                                  0.000000    0.000000   clock clk (rise edge)
                                  0.000000    0.000000   clock source latency
     1    0.030447    0.142407    0.099408    0.099408 ^ clk (in)
                                                         clk (net)
                      0.142457    0.000000    0.099408 ^ clkbuf_0_clk/A (sky130_fd_sc_hd__clkbuf_16)
    16    0.114557    0.129029    0.225226    0.324634 ^ clkbuf_0_clk/X (sky130_fd_sc_hd__clkbuf_16)
                                                         clknet_0_clk (net)
                      0.130444    0.010695    0.335330 ^ clkbuf_4_14_0_clk/A (sky130_fd_sc_hd__clkbuf_8)
     6    0.024501    0.058124    0.168471    0.503800 ^ clkbuf_4_14_0_clk/X (sky130_fd_sc_hd__clkbuf_8)
                                                         clknet_4_14_0_clk (net)
                      0.058191    0.001687    0.505488 ^ _2689_/CLK (sky130_fd_sc_hd__dfxtp_2)
     8    0.034851    0.090877    0.374284    0.879772 v _2689_/Q (sky130_fd_sc_hd__dfxtp_2)
                                                         r4_acc[1] (net)
                      0.090881    0.000655    0.880428 v _1308_/A (sky130_fd_sc_hd__xnor2_2)
     1    0.002203    0.026515    0.140914    1.021341 v _1308_/Y (sky130_fd_sc_hd__xnor2_2)
                                                         net369 (net)
                      0.026515    0.000160    1.021501 v output369/A (sky130_fd_sc_hd__buf_2)
     1    0.035763    0.093417    0.173841    1.195342 v output369/X (sky130_fd_sc_hd__buf_2)
                                                         acc_out[1] (net)
                      0.093471    0.002035    1.197377 v acc_out[1] (out)
                                              1.197377   data arrival time

                                  0.000000    0.000000   clock clk (rise edge)
                                  0.000000    0.000000   clock network delay (propagated)
                                  0.200000    0.200000   clock uncertainty
                                  0.000000    0.200000   clock reconvergence pessimism
                                 -0.020000    0.180000   output external delay
                                              0.180000   data required time
---------------------------------------------------------------------------------------------
                                              0.180000   data required time
                                             -1.197377   data arrival time
---------------------------------------------------------------------------------------------
                                              1.017377   slack (MET)


Startpoint: _2692_ (rising edge-triggered flip-flop clocked by clk)
Endpoint: acc_out[4] (output port clocked by clk)
Path Group: clk
Path Type: min

Fanout         Cap        Slew       Delay        Time   Description
---------------------------------------------------------------------------------------------
                                  0.000000    0.000000   clock clk (rise edge)
                                  0.000000    0.000000   clock source latency
     1    0.030447    0.142407    0.099408    0.099408 ^ clk (in)
                                                         clk (net)
                      0.142457    0.000000    0.099408 ^ clkbuf_0_clk/A (sky130_fd_sc_hd__clkbuf_16)
    16    0.114557    0.129029    0.225226    0.324634 ^ clkbuf_0_clk/X (sky130_fd_sc_hd__clkbuf_16)
                                                         clknet_0_clk (net)
                      0.130443    0.010691    0.335326 ^ clkbuf_4_15_0_clk/A (sky130_fd_sc_hd__clkbuf_8)
     6    0.025126    0.058962    0.169285    0.504611 ^ clkbuf_4_15_0_clk/X (sky130_fd_sc_hd__clkbuf_8)
                                                         clknet_4_15_0_clk (net)
                      0.059001    0.001330    0.505941 ^ _2692_/CLK (sky130_fd_sc_hd__dfxtp_2)
     6    0.035763    0.183910    0.425398    0.931339 ^ _2692_/Q (sky130_fd_sc_hd__dfxtp_2)
                                                         r4_acc[4] (net)
                      0.183930    0.001985    0.933324 ^ _1315_/A (sky130_fd_sc_hd__xnor2_2)
     1    0.003322    0.031616    0.088441    1.021765 v _1315_/Y (sky130_fd_sc_hd__xnor2_2)
                                                         net372 (net)
                      0.031616    0.000208    1.021973 v output372/A (sky130_fd_sc_hd__buf_2)
     1    0.035211    0.092130    0.175141    1.197114 v output372/X (sky130_fd_sc_hd__buf_2)
                                                         acc_out[4] (net)
                      0.092174    0.001856    1.198969 v acc_out[4] (out)
                                              1.198969   data arrival time

                                  0.000000    0.000000   clock clk (rise edge)
                                  0.000000    0.000000   clock network delay (propagated)
                                  0.200000    0.200000   clock uncertainty
                                  0.000000    0.200000   clock reconvergence pessimism
                                 -0.020000    0.180000   output external delay
                                              0.180000   data required time
---------------------------------------------------------------------------------------------
                                              0.180000   data required time
                                             -1.198969   data arrival time
---------------------------------------------------------------------------------------------
                                              1.018970   slack (MET)


Startpoint: _2700_ (rising edge-triggered flip-flop clocked by clk)
Endpoint: acc_out[12] (output port clocked by clk)
Path Group: clk
Path Type: min

Fanout         Cap        Slew       Delay        Time   Description
---------------------------------------------------------------------------------------------
                                  0.000000    0.000000   clock clk (rise edge)
                                  0.000000    0.000000   clock source latency
     1    0.030447    0.142407    0.099408    0.099408 ^ clk (in)
                                                         clk (net)
                      0.142457    0.000000    0.099408 ^ clkbuf_0_clk/A (sky130_fd_sc_hd__clkbuf_16)
    16    0.114557    0.129029    0.225226    0.324634 ^ clkbuf_0_clk/X (sky130_fd_sc_hd__clkbuf_16)
                                                         clknet_0_clk (net)
                      0.130170    0.009635    0.334269 ^ clkbuf_4_13_0_clk/A (sky130_fd_sc_hd__clkbuf_8)
     6    0.028482    0.064237    0.172926    0.507195 ^ clkbuf_4_13_0_clk/X (sky130_fd_sc_hd__clkbuf_8)
                                                         clknet_4_13_0_clk (net)
                      0.064355    0.002367    0.509562 ^ _2700_/CLK (sky130_fd_sc_hd__dfxtp_2)
     6    0.039452    0.201885    0.440032    0.949594 ^ _2700_/Q (sky130_fd_sc_hd__dfxtp_2)
                                                         r4_acc[12] (net)
                      0.201903    0.002036    0.951630 ^ _1331_/A (sky130_fd_sc_hd__xor2_2)
     1    0.002122    0.028146    0.087349    1.038979 v _1331_/X (sky130_fd_sc_hd__xor2_2)
                                                         net365 (net)
                      0.028146    0.000143    1.039123 v output365/A (sky130_fd_sc_hd__buf_2)
     1    0.035048    0.091746    0.173458    1.212581 v output365/X (sky130_fd_sc_hd__buf_2)
                                                         acc_out[12] (net)
                      0.091784    0.001713    1.214293 v acc_out[12] (out)
                                              1.214293   data arrival time

                                  0.000000    0.000000   clock clk (rise edge)
                                  0.000000    0.000000   clock network delay (propagated)
                                  0.200000    0.200000   clock uncertainty
                                  0.000000    0.200000   clock reconvergence pessimism
                                 -0.020000    0.180000   output external delay
                                              0.180000   data required time
---------------------------------------------------------------------------------------------
                                              0.180000   data required time
                                             -1.214293   data arrival time
---------------------------------------------------------------------------------------------
                                              1.034293   slack (MET)


Startpoint: _2631_ (rising edge-triggered flip-flop clocked by clk)
Endpoint: a_out[9] (output port clocked by clk)
Path Group: clk
Path Type: min

Fanout         Cap        Slew       Delay        Time   Description
---------------------------------------------------------------------------------------------
                                  0.000000    0.000000   clock clk (rise edge)
                                  0.000000    0.000000   clock source latency
     1    0.030447    0.142407    0.099408    0.099408 ^ clk (in)
                                                         clk (net)
                      0.142457    0.000000    0.099408 ^ clkbuf_0_clk/A (sky130_fd_sc_hd__clkbuf_16)
    16    0.114557    0.129029    0.225226    0.324634 ^ clkbuf_0_clk/X (sky130_fd_sc_hd__clkbuf_16)
                                                         clknet_0_clk (net)
                      0.131813    0.014975    0.339609 ^ clkbuf_4_7_0_clk/A (sky130_fd_sc_hd__clkbuf_8)
     6    0.021093    0.052962    0.164968    0.504577 ^ clkbuf_4_7_0_clk/X (sky130_fd_sc_hd__clkbuf_8)
                                                         clknet_4_7_0_clk (net)
                      0.052967    0.000549    0.505126 ^ _2631_/CLK (sky130_fd_sc_hd__dfxtp_2)
     8    0.050940    0.123343    0.396830    0.901956 v _2631_/Q (sky130_fd_sc_hd__dfxtp_2)
                                                         net270 (net)
                      0.123798    0.006420    0.908376 v place270/A (sky130_fd_sc_hd__buf_1)
     5    0.019626    0.117529    0.195048    1.103424 v place270/X (sky130_fd_sc_hd__buf_1)
                                                         net361 (net)
                      0.117541    0.001219    1.104643 v output361/A (sky130_fd_sc_hd__buf_2)
     1    0.034897    0.091367    0.213129    1.317772 v output361/X (sky130_fd_sc_hd__buf_2)
                                                         a_out[9] (net)
                      0.091412    0.001857    1.319629 v a_out[9] (out)
                                              1.319629   data arrival time

                                  0.000000    0.000000   clock clk (rise edge)
                                  0.000000    0.000000   clock network delay (propagated)
                                  0.200000    0.200000   clock uncertainty
                                  0.000000    0.200000   clock reconvergence pessimism
                                 -0.020000    0.180000   output external delay
                                              0.180000   data required time
---------------------------------------------------------------------------------------------
                                              0.180000   data required time
                                             -1.319629   data arrival time
---------------------------------------------------------------------------------------------
                                              1.139629   slack (MET)


Startpoint: _2625_ (rising edge-triggered flip-flop clocked by clk)
Endpoint: a_out[3] (output port clocked by clk)
Path Group: clk
Path Type: min

Fanout         Cap        Slew       Delay        Time   Description
---------------------------------------------------------------------------------------------
                                  0.000000    0.000000   clock clk (rise edge)
                                  0.000000    0.000000   clock source latency
     1    0.030447    0.142407    0.099408    0.099408 ^ clk (in)
                                                         clk (net)
                      0.142457    0.000000    0.099408 ^ clkbuf_0_clk/A (sky130_fd_sc_hd__clkbuf_16)
    16    0.114557    0.129029    0.225226    0.324634 ^ clkbuf_0_clk/X (sky130_fd_sc_hd__clkbuf_16)
                                                         clknet_0_clk (net)
                      0.130355    0.010363    0.334997 ^ clkbuf_4_3_0_clk/A (sky130_fd_sc_hd__clkbuf_8)
     6    0.017917    0.048381    0.159673    0.494670 ^ clkbuf_4_3_0_clk/X (sky130_fd_sc_hd__clkbuf_8)
                                                         clknet_4_3_0_clk (net)
                      0.048413    0.001111    0.495781 ^ _2625_/CLK (sky130_fd_sc_hd__dfxtp_2)
     4    0.026082    0.071769    0.354031    0.849812 v _2625_/Q (sky130_fd_sc_hd__dfxtp_2)
                                                         net282 (net)
                      0.071818    0.001705    0.851516 v place282/A (sky130_fd_sc_hd__buf_1)
     8    0.035568    0.207512    0.236852    1.088368 v place282/X (sky130_fd_sc_hd__buf_1)
                                                         net355 (net)
                      0.207639    0.003252    1.091620 v output355/A (sky130_fd_sc_hd__buf_2)
     1    0.035453    0.093321    0.254084    1.345704 v output355/X (sky130_fd_sc_hd__buf_2)
                                                         a_out[3] (net)
                      0.093368    0.001917    1.347621 v a_out[3] (out)
                                              1.347621   data arrival time

                                  0.000000    0.000000   clock clk (rise edge)
                                  0.000000    0.000000   clock network delay (propagated)
                                  0.200000    0.200000   clock uncertainty
                                  0.000000    0.200000   clock reconvergence pessimism
                                 -0.020000    0.180000   output external delay
                                              0.180000   data required time
---------------------------------------------------------------------------------------------
                                              0.180000   data required time
                                             -1.347621   data arrival time
---------------------------------------------------------------------------------------------
                                              1.167621   slack (MET)


Startpoint: _2630_ (rising edge-triggered flip-flop clocked by clk)
Endpoint: a_out[8] (output port clocked by clk)
Path Group: clk
Path Type: min

Fanout         Cap        Slew       Delay        Time   Description
---------------------------------------------------------------------------------------------
                                  0.000000    0.000000   clock clk (rise edge)
                                  0.000000    0.000000   clock source latency
     1    0.030447    0.142407    0.099408    0.099408 ^ clk (in)
                                                         clk (net)
                      0.142457    0.000000    0.099408 ^ clkbuf_0_clk/A (sky130_fd_sc_hd__clkbuf_16)
    16    0.114557    0.129029    0.225226    0.324634 ^ clkbuf_0_clk/X (sky130_fd_sc_hd__clkbuf_16)
                                                         clknet_0_clk (net)
                      0.131866    0.015119    0.339753 ^ clkbuf_4_5_0_clk/A (sky130_fd_sc_hd__clkbuf_8)
     6    0.023397    0.056370    0.167671    0.507424 ^ clkbuf_4_5_0_clk/X (sky130_fd_sc_hd__clkbuf_8)
                                                         clknet_4_5_0_clk (net)
                      0.056419    0.001431    0.508855 ^ _2630_/CLK (sky130_fd_sc_hd__dfxtp_2)
     8    0.044783    0.110417    0.386944    0.895799 v _2630_/Q (sky130_fd_sc_hd__dfxtp_2)
                                                         net51 (net)
                      0.111200    0.007877    0.903676 v place272/A (sky130_fd_sc_hd__buf_1)
     6    0.025549    0.150648    0.213376    1.117052 v place272/X (sky130_fd_sc_hd__buf_1)
                                                         net272 (net)
                      0.150707    0.002759    1.119812 v output360/A (sky130_fd_sc_hd__buf_2)
     1    0.034895    0.091593    0.227912    1.347723 v output360/X (sky130_fd_sc_hd__buf_2)
                                                         net360 (net)
                      0.091635    0.001803    1.349527 v a_out[8] (out)
                                              1.349527   data arrival time

                                  0.000000    0.000000   clock clk (rise edge)
                                  0.000000    0.000000   clock network delay (propagated)
                                  0.200000    0.200000   clock uncertainty
                                  0.000000    0.200000   clock reconvergence pessimism
                                 -0.020000    0.180000   output external delay
                                              0.180000   data required time
---------------------------------------------------------------------------------------------
                                              0.180000   data required time
                                             -1.349527   data arrival time
---------------------------------------------------------------------------------------------
                                              1.169527   slack (MET)


Startpoint: _2628_ (rising edge-triggered flip-flop clocked by clk)
Endpoint: a_out[6] (output port clocked by clk)
Path Group: clk
Path Type: min

Fanout         Cap        Slew       Delay        Time   Description
---------------------------------------------------------------------------------------------
                                  0.000000    0.000000   clock clk (rise edge)
                                  0.000000    0.000000   clock source latency
     1    0.030447    0.142407    0.099408    0.099408 ^ clk (in)
                                                         clk (net)
                      0.142457    0.000000    0.099408 ^ clkbuf_0_clk/A (sky130_fd_sc_hd__clkbuf_16)
    16    0.114557    0.129029    0.225226    0.324634 ^ clkbuf_0_clk/X (sky130_fd_sc_hd__clkbuf_16)
                                                         clknet_0_clk (net)
                      0.130355    0.010363    0.334997 ^ clkbuf_4_3_0_clk/A (sky130_fd_sc_hd__clkbuf_8)
     6    0.017917    0.048381    0.159673    0.494670 ^ clkbuf_4_3_0_clk/X (sky130_fd_sc_hd__clkbuf_8)
                                                         clknet_4_3_0_clk (net)
                      0.048401    0.000920    0.495591 ^ _2628_/CLK (sky130_fd_sc_hd__dfxtp_2)
     5    0.039101    0.097677    0.375973    0.871564 v _2628_/Q (sky130_fd_sc_hd__dfxtp_2)
                                                         net57 (net)
                      0.098169    0.005924    0.877487 v place276/A (sky130_fd_sc_hd__buf_1)
     7    0.031553    0.184494    0.232701    1.110188 v place276/X (sky130_fd_sc_hd__buf_1)
                                                         net276 (net)
                      0.184529    0.002430    1.112618 v output358/A (sky130_fd_sc_hd__buf_2)
     1    0.034941    0.092030    0.242874    1.355492 v output358/X (sky130_fd_sc_hd__buf_2)
                                                         net358 (net)
                      0.092079    0.001941    1.357433 v a_out[6] (out)
                                              1.357433   data arrival time

                                  0.000000    0.000000   clock clk (rise edge)
                                  0.000000    0.000000   clock network delay (propagated)
                                  0.200000    0.200000   clock uncertainty
                                  0.000000    0.200000   clock reconvergence pessimism
                                 -0.020000    0.180000   output external delay
                                              0.180000   data required time
---------------------------------------------------------------------------------------------
                                              0.180000   data required time
                                             -1.357433   data arrival time
---------------------------------------------------------------------------------------------
                                              1.177433   slack (MET)


Startpoint: _2635_ (rising edge-triggered flip-flop clocked by clk)
Endpoint: a_out[13] (output port clocked by clk)
Path Group: clk
Path Type: min

Fanout         Cap        Slew       Delay        Time   Description
---------------------------------------------------------------------------------------------
                                  0.000000    0.000000   clock clk (rise edge)
                                  0.000000    0.000000   clock source latency
     1    0.030447    0.142407    0.099408    0.099408 ^ clk (in)
                                                         clk (net)
                      0.142457    0.000000    0.099408 ^ clkbuf_0_clk/A (sky130_fd_sc_hd__clkbuf_16)
    16    0.114557    0.129029    0.225226    0.324634 ^ clkbuf_0_clk/X (sky130_fd_sc_hd__clkbuf_16)
                                                         clknet_0_clk (net)
                      0.131802    0.014944    0.339579 ^ clkbuf_4_4_0_clk/A (sky130_fd_sc_hd__clkbuf_8)
     6    0.028684    0.064541    0.173218    0.512797 ^ clkbuf_4_4_0_clk/X (sky130_fd_sc_hd__clkbuf_8)
                                                         clknet_4_4_0_clk (net)
                      0.064784    0.002636    0.515433 ^ _2635_/CLK (sky130_fd_sc_hd__dfxtp_2)
     6    0.031396    0.083785    0.369465    0.884898 v _2635_/Q (sky130_fd_sc_hd__dfxtp_2)
                                                         net151 (net)
                      0.083908    0.002828    0.887726 v place262/A (sky130_fd_sc_hd__buf_1)
     7    0.032323    0.189163    0.228372    1.116098 v place262/X (sky130_fd_sc_hd__buf_1)
                                                         net262 (net)
                      0.189370    0.004548    1.120647 v output350/A (sky130_fd_sc_hd__buf_2)
     1    0.034543    0.091138    0.244438    1.365085 v output350/X (sky130_fd_sc_hd__buf_2)
                                                         net350 (net)
                      0.091176    0.001716    1.366801 v a_out[13] (out)
                                              1.366801   data arrival time

                                  0.000000    0.000000   clock clk (rise edge)
                                  0.000000    0.000000   clock network delay (propagated)
                                  0.200000    0.200000   clock uncertainty
                                  0.000000    0.200000   clock reconvergence pessimism
                                 -0.020000    0.180000   output external delay
                                              0.180000   data required time
---------------------------------------------------------------------------------------------
                                              0.180000   data required time
                                             -1.366801   data arrival time
---------------------------------------------------------------------------------------------
                                              1.186801   slack (MET)


Startpoint: _2623_ (rising edge-triggered flip-flop clocked by clk)
Endpoint: a_out[1] (output port clocked by clk)
Path Group: clk
Path Type: min

Fanout         Cap        Slew       Delay        Time   Description
---------------------------------------------------------------------------------------------
                                  0.000000    0.000000   clock clk (rise edge)
                                  0.000000    0.000000   clock source latency
     1    0.030447    0.142407    0.099408    0.099408 ^ clk (in)
                                                         clk (net)
                      0.142457    0.000000    0.099408 ^ clkbuf_0_clk/A (sky130_fd_sc_hd__clkbuf_16)
    16    0.114557    0.129029    0.225226    0.324634 ^ clkbuf_0_clk/X (sky130_fd_sc_hd__clkbuf_16)
                                                         clknet_0_clk (net)
                      0.130355    0.010363    0.334997 ^ clkbuf_4_3_0_clk/A (sky130_fd_sc_hd__clkbuf_8)
     6    0.017917    0.048381    0.159673    0.494670 ^ clkbuf_4_3_0_clk/X (sky130_fd_sc_hd__clkbuf_8)
                                                         clknet_4_3_0_clk (net)
                      0.048414    0.001125    0.495796 ^ _2623_/CLK (sky130_fd_sc_hd__dfxtp_2)
     4    0.030427    0.081815    0.361325    0.857121 v _2623_/Q (sky130_fd_sc_hd__dfxtp_2)
                                                         net175 (net)
                      0.081947    0.002899    0.860020 v place287/A (sky130_fd_sc_hd__buf_1)
     8    0.037630    0.219351    0.248954    1.108974 v place287/X (sky130_fd_sc_hd__buf_1)
                                                         net287 (net)
                      0.219534    0.005321    1.114294 v output353/A (sky130_fd_sc_hd__buf_2)
     1    0.035473    0.093527    0.259262    1.373556 v output353/X (sky130_fd_sc_hd__buf_2)
                                                         net353 (net)
                      0.093583    0.002083    1.375640 v a_out[1] (out)
                                              1.375640   data arrival time

                                  0.000000    0.000000   clock clk (rise edge)
                                  0.000000    0.000000   clock network delay (propagated)
                                  0.200000    0.200000   clock uncertainty
                                  0.000000    0.200000   clock reconvergence pessimism
                                 -0.020000    0.180000   output external delay
                                              0.180000   data required time
---------------------------------------------------------------------------------------------
                                              0.180000   data required time
                                             -1.375640   data arrival time
---------------------------------------------------------------------------------------------
                                              1.195639   slack (MET)


Startpoint: _2629_ (rising edge-triggered flip-flop clocked by clk)
Endpoint: a_out[7] (output port clocked by clk)
Path Group: clk
Path Type: min

Fanout         Cap        Slew       Delay        Time   Description
---------------------------------------------------------------------------------------------
                                  0.000000    0.000000   clock clk (rise edge)
                                  0.000000    0.000000   clock source latency
     1    0.030447    0.142407    0.099408    0.099408 ^ clk (in)
                                                         clk (net)
                      0.142457    0.000000    0.099408 ^ clkbuf_0_clk/A (sky130_fd_sc_hd__clkbuf_16)
    16    0.114557    0.129029    0.225226    0.324634 ^ clkbuf_0_clk/X (sky130_fd_sc_hd__clkbuf_16)
                                                         clknet_0_clk (net)
                      0.130958    0.012459    0.337094 ^ clkbuf_4_1_0_clk/A (sky130_fd_sc_hd__clkbuf_8)
     6    0.018281    0.048935    0.160508    0.497601 ^ clkbuf_4_1_0_clk/X (sky130_fd_sc_hd__clkbuf_8)
                                                         clknet_4_1_0_clk (net)
                      0.048951    0.000840    0.498441 ^ _2629_/CLK (sky130_fd_sc_hd__dfxtp_2)
     7    0.047019    0.114844    0.389200    0.887642 v _2629_/Q (sky130_fd_sc_hd__dfxtp_2)
                                                         net54 (net)
                      0.115093    0.004682    0.892323 v place274/A (sky130_fd_sc_hd__buf_1)
     7    0.032059    0.187386    0.240974    1.133297 v place274/X (sky130_fd_sc_hd__buf_1)
                                                         net274 (net)
                      0.187524    0.003473    1.136770 v output359/A (sky130_fd_sc_hd__buf_2)
     1    0.035614    0.093500    0.245466    1.382236 v output359/X (sky130_fd_sc_hd__buf_2)
                                                         net359 (net)
                      0.093549    0.001946    1.384182 v a_out[7] (out)
                                              1.384182   data arrival time

                                  0.000000    0.000000   clock clk (rise edge)
                                  0.000000    0.000000   clock network delay (propagated)
                                  0.200000    0.200000   clock uncertainty
                                  0.000000    0.200000   clock reconvergence pessimism
                                 -0.020000    0.180000   output external delay
                                              0.180000   data required time
---------------------------------------------------------------------------------------------
                                              0.180000   data required time
                                             -1.384182   data arrival time
---------------------------------------------------------------------------------------------
                                              1.204182   slack (MET)


Startpoint: _2633_ (rising edge-triggered flip-flop clocked by clk)
Endpoint: a_out[11] (output port clocked by clk)
Path Group: clk
Path Type: min

Fanout         Cap        Slew       Delay        Time   Description
---------------------------------------------------------------------------------------------
                                  0.000000    0.000000   clock clk (rise edge)
                                  0.000000    0.000000   clock source latency
     1    0.030447    0.142407    0.099408    0.099408 ^ clk (in)
                                                         clk (net)
                      0.142457    0.000000    0.099408 ^ clkbuf_0_clk/A (sky130_fd_sc_hd__clkbuf_16)
    16    0.114557    0.129029    0.225226    0.324634 ^ clkbuf_0_clk/X (sky130_fd_sc_hd__clkbuf_16)
                                                         clknet_0_clk (net)
                      0.131866    0.015119    0.339753 ^ clkbuf_4_5_0_clk/A (sky130_fd_sc_hd__clkbuf_8)
     6    0.023397    0.056370    0.167671    0.507424 ^ clkbuf_4_5_0_clk/X (sky130_fd_sc_hd__clkbuf_8)
                                                         clknet_4_5_0_clk (net)
                      0.056398    0.001139    0.508563 ^ _2633_/CLK (sky130_fd_sc_hd__dfxtp_2)
     4    0.022440    0.064030    0.349962    0.858526 v _2633_/Q (sky130_fd_sc_hd__dfxtp_2)
                                                         net265 (net)
                      0.064046    0.001022    0.859548 v place265/A (sky130_fd_sc_hd__buf_1)
     8    0.039382    0.228987    0.250013    1.109561 v place265/X (sky130_fd_sc_hd__buf_1)
                                                         net348 (net)
                      0.229069    0.002048    1.111609 v output348/A (sky130_fd_sc_hd__buf_2)
     1    0.043452    0.107600    0.274838    1.386446 v output348/X (sky130_fd_sc_hd__buf_2)
                                                         a_out[11] (net)
                      0.107995    0.005628    1.392075 v a_out[11] (out)
                                              1.392075   data arrival time

                                  0.000000    0.000000   clock clk (rise edge)
                                  0.000000    0.000000   clock network delay (propagated)
                                  0.200000    0.200000   clock uncertainty
                                  0.000000    0.200000   clock reconvergence pessimism
                                 -0.020000    0.180000   output external delay
                                              0.180000   data required time
---------------------------------------------------------------------------------------------
                                              0.180000   data required time
                                             -1.392075   data arrival time
---------------------------------------------------------------------------------------------
                                              1.212075   slack (MET)


Startpoint: _2622_ (rising edge-triggered flip-flop clocked by clk)
Endpoint: a_out[0] (output port clocked by clk)
Path Group: clk
Path Type: min

Fanout         Cap        Slew       Delay        Time   Description
---------------------------------------------------------------------------------------------
                                  0.000000    0.000000   clock clk (rise edge)
                                  0.000000    0.000000   clock source latency
     1    0.030447    0.142407    0.099408    0.099408 ^ clk (in)
                                                         clk (net)
                      0.142457    0.000000    0.099408 ^ clkbuf_0_clk/A (sky130_fd_sc_hd__clkbuf_16)
    16    0.114557    0.129029    0.225226    0.324634 ^ clkbuf_0_clk/X (sky130_fd_sc_hd__clkbuf_16)
                                                         clknet_0_clk (net)
                      0.129285    0.004734    0.329369 ^ clkbuf_4_11_0_clk/A (sky130_fd_sc_hd__clkbuf_8)
     7    0.038095    0.079262    0.184183    0.513552 ^ clkbuf_4_11_0_clk/X (sky130_fd_sc_hd__clkbuf_8)
                                                         clknet_4_11_0_clk (net)
                      0.079500    0.003072    0.516624 ^ _2622_/CLK (sky130_fd_sc_hd__dfxtp_2)
     6    0.036525    0.092275    0.382756    0.899380 v _2622_/Q (sky130_fd_sc_hd__dfxtp_2)
                                                         net76 (net)
                      0.092703    0.005398    0.904777 v place288/A (sky130_fd_sc_hd__buf_1)
     8    0.038528    0.223798    0.258794    1.163571 v place288/X (sky130_fd_sc_hd__buf_1)
                                                         net288 (net)
                      0.223829    0.002588    1.166160 v output346/A (sky130_fd_sc_hd__buf_2)
     1    0.035483    0.093494    0.261366    1.427525 v output346/X (sky130_fd_sc_hd__buf_2)
                                                         net346 (net)
                      0.093538    0.001852    1.429377 v a_out[0] (out)
                                              1.429377   data arrival time

                                  0.000000    0.000000   clock clk (rise edge)
                                  0.000000    0.000000   clock network delay (propagated)
                                  0.200000    0.200000   clock uncertainty
                                  0.000000    0.200000   clock reconvergence pessimism
                                 -0.020000    0.180000   output external delay
                                              0.180000   data required time
---------------------------------------------------------------------------------------------
                                              0.180000   data required time
                                             -1.429377   data arrival time
---------------------------------------------------------------------------------------------
                                              1.249377   slack (MET)


Startpoint: _2703_ (rising edge-triggered flip-flop clocked by clk)
Endpoint: acc_out[15] (output port clocked by clk)
Path Group: clk
Path Type: min

Fanout         Cap        Slew       Delay        Time   Description
---------------------------------------------------------------------------------------------
                                  0.000000    0.000000   clock clk (rise edge)
                                  0.000000    0.000000   clock source latency
     1    0.030447    0.142407    0.099408    0.099408 ^ clk (in)
                                                         clk (net)
                      0.142457    0.000000    0.099408 ^ clkbuf_0_clk/A (sky130_fd_sc_hd__clkbuf_16)
    16    0.114557    0.129029    0.225226    0.324634 ^ clkbuf_0_clk/X (sky130_fd_sc_hd__clkbuf_16)
                                                         clknet_0_clk (net)
                      0.130271    0.010037    0.334672 ^ clkbuf_4_12_0_clk/A (sky130_fd_sc_hd__clkbuf_8)
     6    0.023815    0.056980    0.167723    0.502394 ^ clkbuf_4_12_0_clk/X (sky130_fd_sc_hd__clkbuf_8)
                                                         clknet_4_12_0_clk (net)
                      0.057004    0.001047    0.503441 ^ _2703_/CLK (sky130_fd_sc_hd__dfxtp_2)
     5    0.033645    0.088231    0.370959    0.874400 v _2703_/Q (sky130_fd_sc_hd__dfxtp_2)
                                                         r4_acc[15] (net)
                      0.088338    0.002725    0.877125 v place240/A (sky130_fd_sc_hd__buf_1)
     8    0.032897    0.192155    0.234001    1.111126 v place240/X (sky130_fd_sc_hd__buf_1)
                                                         net240 (net)
                      0.192169    0.001699    1.112825 v _2708_/A (sky130_fd_sc_hd__buf_2)
     1    0.001970    0.023315    0.175326    1.288151 v _2708_/X (sky130_fd_sc_hd__buf_2)
                                                         net368 (net)
                      0.023315    0.000090    1.288241 v output368/A (sky130_fd_sc_hd__buf_2)
     1    0.035148    0.091990    0.171582    1.459823 v output368/X (sky130_fd_sc_hd__buf_2)
                                                         acc_out[15] (net)
                      0.092026    0.001694    1.461517 v acc_out[15] (out)
                                              1.461517   data arrival time

                                  0.000000    0.000000   clock clk (rise edge)
                                  0.000000    0.000000   clock network delay (propagated)
                                  0.200000    0.200000   clock uncertainty
                                  0.000000    0.200000   clock reconvergence pessimism
                                 -0.020000    0.180000   output external delay
                                              0.180000   data required time
---------------------------------------------------------------------------------------------
                                              0.180000   data required time
                                             -1.461517   data arrival time
---------------------------------------------------------------------------------------------
                                              1.281517   slack (MET)


Startpoint: _2624_ (rising edge-triggered flip-flop clocked by clk)
Endpoint: a_out[2] (output port clocked by clk)
Path Group: clk
Path Type: min

Fanout         Cap        Slew       Delay        Time   Description
---------------------------------------------------------------------------------------------
                                  0.000000    0.000000   clock clk (rise edge)
                                  0.000000    0.000000   clock source latency
     1    0.030447    0.142407    0.099408    0.099408 ^ clk (in)
                                                         clk (net)
                      0.142457    0.000000    0.099408 ^ clkbuf_0_clk/A (sky130_fd_sc_hd__clkbuf_16)
    16    0.114557    0.129029    0.225226    0.324634 ^ clkbuf_0_clk/X (sky130_fd_sc_hd__clkbuf_16)
                                                         clknet_0_clk (net)
                      0.129305    0.004907    0.329542 ^ clkbuf_4_10_0_clk/A (sky130_fd_sc_hd__clkbuf_8)
     6    0.034687    0.073891    0.179827    0.509369 ^ clkbuf_4_10_0_clk/X (sky130_fd_sc_hd__clkbuf_8)
                                                         clknet_4_10_0_clk (net)
                      0.074175    0.003174    0.512543 ^ _2624_/CLK (sky130_fd_sc_hd__dfxtp_2)
     2    0.005053    0.027575    0.319814    0.832357 v _2624_/Q (sky130_fd_sc_hd__dfxtp_2)
                                                         net283 (net)
                      0.027575    0.000249    0.832605 v place285/A (sky130_fd_sc_hd__buf_1)
     8    0.052283    0.302285    0.283970    1.116575 v place285/X (sky130_fd_sc_hd__buf_1)
                                                         net285 (net)
                      0.302521    0.007113    1.123688 v place283/A (sky130_fd_sc_hd__buf_1)
     4    0.019141    0.117377    0.252845    1.376534 v place283/X (sky130_fd_sc_hd__buf_1)
                                                         net354 (net)
                      0.117389    0.001192    1.377725 v output354/A (sky130_fd_sc_hd__buf_2)
     1    0.034881    0.091345    0.213001    1.590726 v output354/X (sky130_fd_sc_hd__buf_2)
                                                         a_out[2] (net)
                      0.091392    0.001902    1.592628 v a_out[2] (out)
                                              1.592628   data arrival time

                                  0.000000    0.000000   clock clk (rise edge)
                                  0.000000    0.000000   clock network delay (propagated)
                                  0.200000    0.200000   clock uncertainty
                                  0.000000    0.200000   clock reconvergence pessimism
                                 -0.020000    0.180000   output external delay
                                              0.180000   data required time
---------------------------------------------------------------------------------------------
                                              0.180000   data required time
                                             -1.592628   data arrival time
---------------------------------------------------------------------------------------------
                                              1.412628   slack (MET)


Startpoint: _2632_ (rising edge-triggered flip-flop clocked by clk)
Endpoint: a_out[10] (output port clocked by clk)
Path Group: clk
Path Type: min

Fanout         Cap        Slew       Delay        Time   Description
---------------------------------------------------------------------------------------------
                                  0.000000    0.000000   clock clk (rise edge)
                                  0.000000    0.000000   clock source latency
     1    0.030447    0.142407    0.099408    0.099408 ^ clk (in)
                                                         clk (net)
                      0.142457    0.000000    0.099408 ^ clkbuf_0_clk/A (sky130_fd_sc_hd__clkbuf_16)
    16    0.114557    0.129029    0.225226    0.324634 ^ clkbuf_0_clk/X (sky130_fd_sc_hd__clkbuf_16)
                                                         clknet_0_clk (net)
                      0.131866    0.015119    0.339753 ^ clkbuf_4_5_0_clk/A (sky130_fd_sc_hd__clkbuf_8)
     6    0.023397    0.056370    0.167671    0.507424 ^ clkbuf_4_5_0_clk/X (sky130_fd_sc_hd__clkbuf_8)
                                                         clknet_4_5_0_clk (net)
                      0.056423    0.001483    0.508907 ^ _2632_/CLK (sky130_fd_sc_hd__dfxtp_2)
     5    0.031733    0.084902    0.366219    0.875126 v _2632_/Q (sky130_fd_sc_hd__dfxtp_2)
                                                         net267 (net)
                      0.084981    0.002336    0.877462 v place268/A (sky130_fd_sc_hd__buf_1)
     8    0.036850    0.214733    0.247483    1.124945 v place268/X (sky130_fd_sc_hd__buf_1)
                                                         net268 (net)
                      0.214866    0.003554    1.128499 v place267/A (sky130_fd_sc_hd__buf_1)
     7    0.037520    0.217466    0.297557    1.426055 v place267/X (sky130_fd_sc_hd__buf_1)
                                                         net347 (net)
                      0.217831    0.006851    1.432906 v output347/A (sky130_fd_sc_hd__buf_2)
     1    0.037354    0.093910    0.262026    1.694932 v output347/X (sky130_fd_sc_hd__buf_2)
                                                         a_out[10] (net)
                      0.093975    0.002255    1.697187 v a_out[10] (out)
                                              1.697187   data arrival time

                                  0.000000    0.000000   clock clk (rise edge)
                                  0.000000    0.000000   clock network delay (propagated)
                                  0.200000    0.200000   clock uncertainty
                                  0.000000    0.200000   clock reconvergence pessimism
                                 -0.020000    0.180000   output external delay
                                              0.180000   data required time
---------------------------------------------------------------------------------------------
                                              0.180000   data required time
                                             -1.697187   data arrival time
---------------------------------------------------------------------------------------------
                                              1.517187   slack (MET)



