Starting…
Running 'Verilator.Lint' at 'runs/RUN_2026-07-02_10-20-07/01-verilator-lint'…
Logging subprocess to [repr.filename]'runs/RUN_2026-07-02_10-20-07/01-verilator-lint/verilator-lint.log'[/repr.filename]…
Running 'Checker.LintTimingConstructs' at 'runs/RUN_2026-07-02_10-20-07/02-checker-linttimingconstructs'…
Check for Lint Timing Errors clear.
Running 'Checker.LintErrors' at 'runs/RUN_2026-07-02_10-20-07/03-checker-linterrors'…
Check for Lint errors clear.
Running 'Checker.LintWarnings' at 'runs/RUN_2026-07-02_10-20-07/04-checker-lintwarnings'…
515 Lint warnings found.
Running 'Yosys.JsonHeader' at 'runs/RUN_2026-07-02_10-20-07/05-yosys-jsonheader'…
Logging subprocess to [repr.filename]'runs/RUN_2026-07-02_10-20-07/05-yosys-jsonheader/yosys-jsonheader.log'[/repr.filename]…
Running 'Yosys.Synthesis' at 'runs/RUN_2026-07-02_10-20-07/06-yosys-synthesis'…
Logging subprocess to [repr.filename]'runs/RUN_2026-07-02_10-20-07/06-yosys-synthesis/yosys-synthesis.log'[/repr.filename]…
Parsing synthesis checks…
Running 'Checker.YosysUnmappedCells' at 'runs/RUN_2026-07-02_10-20-07/07-checker-yosysunmappedcells'…
Check for Unmapped Yosys instances clear.
Running 'Checker.YosysSynthChecks' at 'runs/RUN_2026-07-02_10-20-07/08-checker-yosyssynthchecks'…
Check for Yosys check errors clear.
Running 'Checker.NetlistAssignStatements' at 'runs/RUN_2026-07-02_10-20-07/09-checker-netlistassignstatements'…
Running 'OpenROAD.CheckSDCFiles' at 'runs/RUN_2026-07-02_10-20-07/10-openroad-checksdcfiles'…
Running 'OpenROAD.CheckMacroInstances' at 'runs/RUN_2026-07-02_10-20-07/11-openroad-checkmacroinstances'…
No macros found, skipping instance check…
Running 'OpenROAD.STAPrePNR' at 'runs/RUN_2026-07-02_10-20-07/12-openroad-staprepnr'…
Starting STA for the nom_tt_025C_1v80 timing corner…
Starting STA for the nom_ss_100C_1v60 timing corner…
Starting STA for the nom_ff_n40C_1v95 timing corner…
Skipping corner min_tt_025C_1v80 for STA (identical to nom_tt_025C_1v80 at this stage)…
Skipping corner min_ss_100C_1v60 for STA (identical to nom_ss_100C_1v60 at this stage)…
Skipping corner min_ff_n40C_1v95 for STA (identical to nom_ff_n40C_1v95 at this stage)…
Skipping corner max_tt_025C_1v80 for STA (identical to nom_tt_025C_1v80 at this stage)…
Logging subprocess to [repr.filename]'runs/RUN_2026-07-02_10-20-07/12-openroad-staprepnr/nom_tt_025C_1v80/sta.log'[/repr.filename]…
Skipping corner max_ss_100C_1v60 for STA (identical to nom_ss_100C_1v60 at this stage)…
Skipping corner max_ff_n40C_1v95 for STA (identical to nom_ff_n40C_1v95 at this stage)…
Logging subprocess to [repr.filename]'runs/RUN_2026-07-02_10-20-07/12-openroad-staprepnr/nom_ff_n40C_1v95/sta.log'[/repr.filename]…
Logging subprocess to [repr.filename]'runs/RUN_2026-07-02_10-20-07/12-openroad-staprepnr/nom_ss_100C_1v60/sta.log'[/repr.filename]…
Finished STA for the nom_ff_n40C_1v95 timing corner.
Finished STA for the nom_ss_100C_1v60 timing corner.
Finished STA for the nom_tt_025C_1v80 timing corner.
Running 'OpenROAD.Floorplan' at 'runs/RUN_2026-07-02_10-20-07/13-openroad-floorplan'…
Logging subprocess to [repr.filename]'runs/RUN_2026-07-02_10-20-07/13-openroad-floorplan/openroad-floorplan.log'[/repr.filename]…
[STA-1173] /Users/aoxo/.ciel/ciel/sky130/versions/74c0e6b118a67d94c24172143d3bd597473fa63d/sky130A/libs.ref/sky130_fd_io/lib/sky130_ef_io__vccd_lvc_clamped_pad_ss_100C_1v60_3v00_3v00.lib line 42, default_fanout_load is 0.0.
[STA-1173] /Users/aoxo/.ciel/ciel/sky130/versions/74c0e6b118a67d94c24172143d3bd597473fa63d/sky130A/libs.ref/sky130_fd_io/lib/sky130_ef_io__vssd_lvc_clamped_pad_ss_100C_1v60_3v00.lib line 43, default_fanout_load is 0.0.
[STA-1173] /Users/aoxo/.ciel/ciel/sky130/versions/74c0e6b118a67d94c24172143d3bd597473fa63d/sky130A/libs.ref/sky130_fd_io/lib/sky130_ef_io__vddio_hvc_clamped_pad_ss_100C_1v60_3v00_3v00.lib line 42, default_fanout_load is 0.0.
[STA-1173] /Users/aoxo/.ciel/ciel/sky130/versions/74c0e6b118a67d94c24172143d3bd597473fa63d/sky130A/libs.ref/sky130_fd_io/lib/sky130_ef_io__vssio_hvc_clamped_pad_ss_100C_1v60_3v00_3v00.lib line 42, default_fanout_load is 0.0.
[STA-1173] /Users/aoxo/.ciel/ciel/sky130/versions/74c0e6b118a67d94c24172143d3bd597473fa63d/sky130A/libs.ref/sky130_fd_io/lib/sky130_ef_io__gpiov2_pad_ss_ss_100C_1v60_3v00.lib line 33, default_fanout_load is 0.0.
[STA-1173] /Users/aoxo/.ciel/ciel/sky130/versions/74c0e6b118a67d94c24172143d3bd597473fa63d/sky130A/libs.ref/sky130_fd_io/lib/slices_stubs.lib line 33, default_fanout_load is 0.0.
[STA-1173] /Users/aoxo/.ciel/ciel/sky130/versions/74c0e6b118a67d94c24172143d3bd597473fa63d/sky130A/libs.ref/sky130_fd_io/lib/sky130_ef_io__analog_stubs.lib line 43, default_fanout_load is 0.0.
[ORD-2056] The following 2 liberty cell(s) do not have LEF masters and will be marked as dont-use:
[STA-0441] set_input_delay relative to a clock defined on the same port/pin not allowed.
[STA-0441] set_input_delay relative to a clock defined on the same port/pin not allowed.
Running 'OpenROAD.DumpRCValues' at 'runs/RUN_2026-07-02_10-20-07/14-openroad-dumprcvalues'…
Logging subprocess to [repr.filename]'runs/RUN_2026-07-02_10-20-07/14-openroad-dumprcvalues/openroad-dumprcvalues.log'[/repr.filename]…
[STA-1173] /Users/aoxo/.ciel/ciel/sky130/versions/74c0e6b118a67d94c24172143d3bd597473fa63d/sky130A/libs.ref/sky130_fd_io/lib/sky130_ef_io__vccd_lvc_clamped_pad_ss_100C_1v60_3v00_3v00.lib line 42, default_fanout_load is 0.0.
[STA-1173] /Users/aoxo/.ciel/ciel/sky130/versions/74c0e6b118a67d94c24172143d3bd597473fa63d/sky130A/libs.ref/sky130_fd_io/lib/sky130_ef_io__vssd_lvc_clamped_pad_ss_100C_1v60_3v00.lib line 43, default_fanout_load is 0.0.
[STA-1173] /Users/aoxo/.ciel/ciel/sky130/versions/74c0e6b118a67d94c24172143d3bd597473fa63d/sky130A/libs.ref/sky130_fd_io/lib/sky130_ef_io__vddio_hvc_clamped_pad_ss_100C_1v60_3v00_3v00.lib line 42, default_fanout_load is 0.0.
[STA-1173] /Users/aoxo/.ciel/ciel/sky130/versions/74c0e6b118a67d94c24172143d3bd597473fa63d/sky130A/libs.ref/sky130_fd_io/lib/sky130_ef_io__vssio_hvc_clamped_pad_ss_100C_1v60_3v00_3v00.lib line 42, default_fanout_load is 0.0.
[STA-1173] /Users/aoxo/.ciel/ciel/sky130/versions/74c0e6b118a67d94c24172143d3bd597473fa63d/sky130A/libs.ref/sky130_fd_io/lib/sky130_ef_io__gpiov2_pad_ss_ss_100C_1v60_3v00.lib line 33, default_fanout_load is 0.0.
[STA-1173] /Users/aoxo/.ciel/ciel/sky130/versions/74c0e6b118a67d94c24172143d3bd597473fa63d/sky130A/libs.ref/sky130_fd_io/lib/slices_stubs.lib line 33, default_fanout_load is 0.0.
[STA-1173] /Users/aoxo/.ciel/ciel/sky130/versions/74c0e6b118a67d94c24172143d3bd597473fa63d/sky130A/libs.ref/sky130_fd_io/lib/sky130_ef_io__analog_stubs.lib line 43, default_fanout_load is 0.0.
[ORD-2056] The following 2 liberty cell(s) do not have LEF masters and will be marked as dont-use:
Running 'Odb.CheckMacroAntennaProperties' at 'runs/RUN_2026-07-02_10-20-07/15-odb-checkmacroantennaproperties'…
No cells provided, skipping 'Odb.CheckMacroAntennaProperties'…
Running 'Odb.SetPowerConnections' at 'runs/RUN_2026-07-02_10-20-07/16-odb-setpowerconnections'…
Logging subprocess to [repr.filename]'runs/RUN_2026-07-02_10-20-07/16-odb-setpowerconnections/odb-setpowerconnections.log'[/repr.filename]…
Running 'Odb.ManualMacroPlacement' at 'runs/RUN_2026-07-02_10-20-07/17-odb-manualmacroplacement'…
No instances found, skipping 'Odb.ManualMacroPlacement'…
Running 'OpenROAD.CutRows' at 'runs/RUN_2026-07-02_10-20-07/18-openroad-cutrows'…
Logging subprocess to [repr.filename]'runs/RUN_2026-07-02_10-20-07/18-openroad-cutrows/openroad-cutrows.log'[/repr.filename]…
[STA-1173] /Users/aoxo/.ciel/ciel/sky130/versions/74c0e6b118a67d94c24172143d3bd597473fa63d/sky130A/libs.ref/sky130_fd_io/lib/sky130_ef_io__vccd_lvc_clamped_pad_ss_100C_1v60_3v00_3v00.lib line 42, default_fanout_load is 0.0.
[STA-1173] /Users/aoxo/.ciel/ciel/sky130/versions/74c0e6b118a67d94c24172143d3bd597473fa63d/sky130A/libs.ref/sky130_fd_io/lib/sky130_ef_io__vssd_lvc_clamped_pad_ss_100C_1v60_3v00.lib line 43, default_fanout_load is 0.0.
[STA-1173] /Users/aoxo/.ciel/ciel/sky130/versions/74c0e6b118a67d94c24172143d3bd597473fa63d/sky130A/libs.ref/sky130_fd_io/lib/sky130_ef_io__vddio_hvc_clamped_pad_ss_100C_1v60_3v00_3v00.lib line 42, default_fanout_load is 0.0.
[STA-1173] /Users/aoxo/.ciel/ciel/sky130/versions/74c0e6b118a67d94c24172143d3bd597473fa63d/sky130A/libs.ref/sky130_fd_io/lib/sky130_ef_io__vssio_hvc_clamped_pad_ss_100C_1v60_3v00_3v00.lib line 42, default_fanout_load is 0.0.
[STA-1173] /Users/aoxo/.ciel/ciel/sky130/versions/74c0e6b118a67d94c24172143d3bd597473fa63d/sky130A/libs.ref/sky130_fd_io/lib/sky130_ef_io__gpiov2_pad_ss_ss_100C_1v60_3v00.lib line 33, default_fanout_load is 0.0.
[STA-1173] /Users/aoxo/.ciel/ciel/sky130/versions/74c0e6b118a67d94c24172143d3bd597473fa63d/sky130A/libs.ref/sky130_fd_io/lib/slices_stubs.lib line 33, default_fanout_load is 0.0.
[STA-1173] /Users/aoxo/.ciel/ciel/sky130/versions/74c0e6b118a67d94c24172143d3bd597473fa63d/sky130A/libs.ref/sky130_fd_io/lib/sky130_ef_io__analog_stubs.lib line 43, default_fanout_load is 0.0.
[ORD-2056] The following 2 liberty cell(s) do not have LEF masters and will be marked as dont-use:
[STA-0441] set_input_delay relative to a clock defined on the same port/pin not allowed.
[STA-0441] set_input_delay relative to a clock defined on the same port/pin not allowed.
Running 'OpenROAD.TapEndcapInsertion' at 'runs/RUN_2026-07-02_10-20-07/19-openroad-tapendcapinsertion'…
Logging subprocess to [repr.filename]'runs/RUN_2026-07-02_10-20-07/19-openroad-tapendcapinsertion/openroad-tapendcapinsertion.log'[/repr.filename]…
[STA-1173] /Users/aoxo/.ciel/ciel/sky130/versions/74c0e6b118a67d94c24172143d3bd597473fa63d/sky130A/libs.ref/sky130_fd_io/lib/sky130_ef_io__vccd_lvc_clamped_pad_ss_100C_1v60_3v00_3v00.lib line 42, default_fanout_load is 0.0.
[STA-1173] /Users/aoxo/.ciel/ciel/sky130/versions/74c0e6b118a67d94c24172143d3bd597473fa63d/sky130A/libs.ref/sky130_fd_io/lib/sky130_ef_io__vssd_lvc_clamped_pad_ss_100C_1v60_3v00.lib line 43, default_fanout_load is 0.0.
[STA-1173] /Users/aoxo/.ciel/ciel/sky130/versions/74c0e6b118a67d94c24172143d3bd597473fa63d/sky130A/libs.ref/sky130_fd_io/lib/sky130_ef_io__vddio_hvc_clamped_pad_ss_100C_1v60_3v00_3v00.lib line 42, default_fanout_load is 0.0.
[STA-1173] /Users/aoxo/.ciel/ciel/sky130/versions/74c0e6b118a67d94c24172143d3bd597473fa63d/sky130A/libs.ref/sky130_fd_io/lib/sky130_ef_io__vssio_hvc_clamped_pad_ss_100C_1v60_3v00_3v00.lib line 42, default_fanout_load is 0.0.
[STA-1173] /Users/aoxo/.ciel/ciel/sky130/versions/74c0e6b118a67d94c24172143d3bd597473fa63d/sky130A/libs.ref/sky130_fd_io/lib/sky130_ef_io__gpiov2_pad_ss_ss_100C_1v60_3v00.lib line 33, default_fanout_load is 0.0.
[STA-1173] /Users/aoxo/.ciel/ciel/sky130/versions/74c0e6b118a67d94c24172143d3bd597473fa63d/sky130A/libs.ref/sky130_fd_io/lib/slices_stubs.lib line 33, default_fanout_load is 0.0.
[STA-1173] /Users/aoxo/.ciel/ciel/sky130/versions/74c0e6b118a67d94c24172143d3bd597473fa63d/sky130A/libs.ref/sky130_fd_io/lib/sky130_ef_io__analog_stubs.lib line 43, default_fanout_load is 0.0.
[ORD-2056] The following 2 liberty cell(s) do not have LEF masters and will be marked as dont-use:
[STA-0441] set_input_delay relative to a clock defined on the same port/pin not allowed.
[STA-0441] set_input_delay relative to a clock defined on the same port/pin not allowed.
Running 'Odb.AddPDNObstructions' at 'runs/RUN_2026-07-02_10-20-07/20-odb-addpdnobstructions'…
'PDN_OBSTRUCTIONS' is not defined. Skipping 'Odb.AddPDNObstructions'…
Running 'OpenROAD.GeneratePDN' at 'runs/RUN_2026-07-02_10-20-07/21-openroad-generatepdn'…
'PDN_CFG' not explicitly set, setting it to /nix/store/98rqv1hffv9cpnxfdv45ccm5ljz7z0xk-python3-3.13.9-env/lib/python3.13/site-packages/librelane/scripts/openroad/common/pdn_cfg.tcl…
Logging subprocess to [repr.filename]'runs/RUN_2026-07-02_10-20-07/21-openroad-generatepdn/openroad-generatepdn.log'[/repr.filename]…
[STA-1173] /Users/aoxo/.ciel/ciel/sky130/versions/74c0e6b118a67d94c24172143d3bd597473fa63d/sky130A/libs.ref/sky130_fd_io/lib/sky130_ef_io__vccd_lvc_clamped_pad_ss_100C_1v60_3v00_3v00.lib line 42, default_fanout_load is 0.0.
[STA-1173] /Users/aoxo/.ciel/ciel/sky130/versions/74c0e6b118a67d94c24172143d3bd597473fa63d/sky130A/libs.ref/sky130_fd_io/lib/sky130_ef_io__vssd_lvc_clamped_pad_ss_100C_1v60_3v00.lib line 43, default_fanout_load is 0.0.
[STA-1173] /Users/aoxo/.ciel/ciel/sky130/versions/74c0e6b118a67d94c24172143d3bd597473fa63d/sky130A/libs.ref/sky130_fd_io/lib/sky130_ef_io__vddio_hvc_clamped_pad_ss_100C_1v60_3v00_3v00.lib line 42, default_fanout_load is 0.0.
[STA-1173] /Users/aoxo/.ciel/ciel/sky130/versions/74c0e6b118a67d94c24172143d3bd597473fa63d/sky130A/libs.ref/sky130_fd_io/lib/sky130_ef_io__vssio_hvc_clamped_pad_ss_100C_1v60_3v00_3v00.lib line 42, default_fanout_load is 0.0.
[STA-1173] /Users/aoxo/.ciel/ciel/sky130/versions/74c0e6b118a67d94c24172143d3bd597473fa63d/sky130A/libs.ref/sky130_fd_io/lib/sky130_ef_io__gpiov2_pad_ss_ss_100C_1v60_3v00.lib line 33, default_fanout_load is 0.0.
[STA-1173] /Users/aoxo/.ciel/ciel/sky130/versions/74c0e6b118a67d94c24172143d3bd597473fa63d/sky130A/libs.ref/sky130_fd_io/lib/slices_stubs.lib line 33, default_fanout_load is 0.0.
[STA-1173] /Users/aoxo/.ciel/ciel/sky130/versions/74c0e6b118a67d94c24172143d3bd597473fa63d/sky130A/libs.ref/sky130_fd_io/lib/sky130_ef_io__analog_stubs.lib line 43, default_fanout_load is 0.0.
[ORD-2056] The following 2 liberty cell(s) do not have LEF masters and will be marked as dont-use:
[STA-0441] set_input_delay relative to a clock defined on the same port/pin not allowed.
[STA-0441] set_input_delay relative to a clock defined on the same port/pin not allowed.
Running 'Odb.RemovePDNObstructions' at 'runs/RUN_2026-07-02_10-20-07/22-odb-removepdnobstructions'…
'PDN_OBSTRUCTIONS' is not defined. Skipping 'Odb.RemovePDNObstructions'…
Running 'Odb.AddRoutingObstructions' at 'runs/RUN_2026-07-02_10-20-07/23-odb-addroutingobstructions'…
'ROUTING_OBSTRUCTIONS' is not defined. Skipping 'Odb.AddRoutingObstructions'…
Running 'OpenROAD.GlobalPlacementSkipIO' at 'runs/RUN_2026-07-02_10-20-07/24-openroad-globalplacementskipio'…
Logging subprocess to [repr.filename]'runs/RUN_2026-07-02_10-20-07/24-openroad-globalplacementskipio/openroad-globalplacementskipio.log'[/repr.filename]…
[STA-1173] /Users/aoxo/.ciel/ciel/sky130/versions/74c0e6b118a67d94c24172143d3bd597473fa63d/sky130A/libs.ref/sky130_fd_io/lib/sky130_ef_io__vccd_lvc_clamped_pad_ss_100C_1v60_3v00_3v00.lib line 42, default_fanout_load is 0.0.
[STA-1173] /Users/aoxo/.ciel/ciel/sky130/versions/74c0e6b118a67d94c24172143d3bd597473fa63d/sky130A/libs.ref/sky130_fd_io/lib/sky130_ef_io__vssd_lvc_clamped_pad_ss_100C_1v60_3v00.lib line 43, default_fanout_load is 0.0.
[STA-1173] /Users/aoxo/.ciel/ciel/sky130/versions/74c0e6b118a67d94c24172143d3bd597473fa63d/sky130A/libs.ref/sky130_fd_io/lib/sky130_ef_io__vddio_hvc_clamped_pad_ss_100C_1v60_3v00_3v00.lib line 42, default_fanout_load is 0.0.
[STA-1173] /Users/aoxo/.ciel/ciel/sky130/versions/74c0e6b118a67d94c24172143d3bd597473fa63d/sky130A/libs.ref/sky130_fd_io/lib/sky130_ef_io__vssio_hvc_clamped_pad_ss_100C_1v60_3v00_3v00.lib line 42, default_fanout_load is 0.0.
[STA-1173] /Users/aoxo/.ciel/ciel/sky130/versions/74c0e6b118a67d94c24172143d3bd597473fa63d/sky130A/libs.ref/sky130_fd_io/lib/sky130_ef_io__gpiov2_pad_ss_ss_100C_1v60_3v00.lib line 33, default_fanout_load is 0.0.
[STA-1173] /Users/aoxo/.ciel/ciel/sky130/versions/74c0e6b118a67d94c24172143d3bd597473fa63d/sky130A/libs.ref/sky130_fd_io/lib/slices_stubs.lib line 33, default_fanout_load is 0.0.
[STA-1173] /Users/aoxo/.ciel/ciel/sky130/versions/74c0e6b118a67d94c24172143d3bd597473fa63d/sky130A/libs.ref/sky130_fd_io/lib/sky130_ef_io__analog_stubs.lib line 43, default_fanout_load is 0.0.
[ORD-2056] The following 2 liberty cell(s) do not have LEF masters and will be marked as dont-use:
[STA-0441] set_input_delay relative to a clock defined on the same port/pin not allowed.
[STA-0441] set_input_delay relative to a clock defined on the same port/pin not allowed.
Running 'OpenROAD.IOPlacement' at 'runs/RUN_2026-07-02_10-20-07/25-openroad-ioplacement'…
Logging subprocess to [repr.filename]'runs/RUN_2026-07-02_10-20-07/25-openroad-ioplacement/openroad-ioplacement.log'[/repr.filename]…
[STA-1173] /Users/aoxo/.ciel/ciel/sky130/versions/74c0e6b118a67d94c24172143d3bd597473fa63d/sky130A/libs.ref/sky130_fd_io/lib/sky130_ef_io__vccd_lvc_clamped_pad_ss_100C_1v60_3v00_3v00.lib line 42, default_fanout_load is 0.0.
[STA-1173] /Users/aoxo/.ciel/ciel/sky130/versions/74c0e6b118a67d94c24172143d3bd597473fa63d/sky130A/libs.ref/sky130_fd_io/lib/sky130_ef_io__vssd_lvc_clamped_pad_ss_100C_1v60_3v00.lib line 43, default_fanout_load is 0.0.
[STA-1173] /Users/aoxo/.ciel/ciel/sky130/versions/74c0e6b118a67d94c24172143d3bd597473fa63d/sky130A/libs.ref/sky130_fd_io/lib/sky130_ef_io__vddio_hvc_clamped_pad_ss_100C_1v60_3v00_3v00.lib line 42, default_fanout_load is 0.0.
[STA-1173] /Users/aoxo/.ciel/ciel/sky130/versions/74c0e6b118a67d94c24172143d3bd597473fa63d/sky130A/libs.ref/sky130_fd_io/lib/sky130_ef_io__vssio_hvc_clamped_pad_ss_100C_1v60_3v00_3v00.lib line 42, default_fanout_load is 0.0.
[STA-1173] /Users/aoxo/.ciel/ciel/sky130/versions/74c0e6b118a67d94c24172143d3bd597473fa63d/sky130A/libs.ref/sky130_fd_io/lib/sky130_ef_io__gpiov2_pad_ss_ss_100C_1v60_3v00.lib line 33, default_fanout_load is 0.0.
[STA-1173] /Users/aoxo/.ciel/ciel/sky130/versions/74c0e6b118a67d94c24172143d3bd597473fa63d/sky130A/libs.ref/sky130_fd_io/lib/slices_stubs.lib line 33, default_fanout_load is 0.0.
[STA-1173] /Users/aoxo/.ciel/ciel/sky130/versions/74c0e6b118a67d94c24172143d3bd597473fa63d/sky130A/libs.ref/sky130_fd_io/lib/sky130_ef_io__analog_stubs.lib line 43, default_fanout_load is 0.0.
[ORD-2056] The following 2 liberty cell(s) do not have LEF masters and will be marked as dont-use:
[STA-0441] set_input_delay relative to a clock defined on the same port/pin not allowed.
[STA-0441] set_input_delay relative to a clock defined on the same port/pin not allowed.
Running 'Odb.CustomIOPlacement' at 'runs/RUN_2026-07-02_10-20-07/26-odb-customioplacement'…
No custom I/O placement file configured, skipping 'Odb.CustomIOPlacement'…
Running 'Odb.ApplyDEFTemplate' at 'runs/RUN_2026-07-02_10-20-07/27-odb-applydeftemplate'…
No DEF template provided, skipping 'Odb.ApplyDEFTemplate'…
Running 'OpenROAD.GlobalPlacement' at 'runs/RUN_2026-07-02_10-20-07/28-openroad-globalplacement'…
Logging subprocess to [repr.filename]'runs/RUN_2026-07-02_10-20-07/28-openroad-globalplacement/openroad-globalplacement.log'[/repr.filename]…
[STA-1173] /Users/aoxo/.ciel/ciel/sky130/versions/74c0e6b118a67d94c24172143d3bd597473fa63d/sky130A/libs.ref/sky130_fd_io/lib/sky130_ef_io__vccd_lvc_clamped_pad_ss_100C_1v60_3v00_3v00.lib line 42, default_fanout_load is 0.0.
[STA-1173] /Users/aoxo/.ciel/ciel/sky130/versions/74c0e6b118a67d94c24172143d3bd597473fa63d/sky130A/libs.ref/sky130_fd_io/lib/sky130_ef_io__vssd_lvc_clamped_pad_ss_100C_1v60_3v00.lib line 43, default_fanout_load is 0.0.
[STA-1173] /Users/aoxo/.ciel/ciel/sky130/versions/74c0e6b118a67d94c24172143d3bd597473fa63d/sky130A/libs.ref/sky130_fd_io/lib/sky130_ef_io__vddio_hvc_clamped_pad_ss_100C_1v60_3v00_3v00.lib line 42, default_fanout_load is 0.0.
[STA-1173] /Users/aoxo/.ciel/ciel/sky130/versions/74c0e6b118a67d94c24172143d3bd597473fa63d/sky130A/libs.ref/sky130_fd_io/lib/sky130_ef_io__vssio_hvc_clamped_pad_ss_100C_1v60_3v00_3v00.lib line 42, default_fanout_load is 0.0.
[STA-1173] /Users/aoxo/.ciel/ciel/sky130/versions/74c0e6b118a67d94c24172143d3bd597473fa63d/sky130A/libs.ref/sky130_fd_io/lib/sky130_ef_io__gpiov2_pad_ss_ss_100C_1v60_3v00.lib line 33, default_fanout_load is 0.0.
[STA-1173] /Users/aoxo/.ciel/ciel/sky130/versions/74c0e6b118a67d94c24172143d3bd597473fa63d/sky130A/libs.ref/sky130_fd_io/lib/slices_stubs.lib line 33, default_fanout_load is 0.0.
[STA-1173] /Users/aoxo/.ciel/ciel/sky130/versions/74c0e6b118a67d94c24172143d3bd597473fa63d/sky130A/libs.ref/sky130_fd_io/lib/sky130_ef_io__analog_stubs.lib line 43, default_fanout_load is 0.0.
[ORD-2056] The following 2 liberty cell(s) do not have LEF masters and will be marked as dont-use:
[STA-0441] set_input_delay relative to a clock defined on the same port/pin not allowed.
[STA-0441] set_input_delay relative to a clock defined on the same port/pin not allowed.
[GRT-0281] Net clk has a large fanout of 2241 terminals.
Running 'Odb.WriteVerilogHeader' at 'runs/RUN_2026-07-02_10-20-07/29-odb-writeverilogheader'…
Logging subprocess to [repr.filename]'runs/RUN_2026-07-02_10-20-07/29-odb-writeverilogheader/odb-writeverilogheader.log'[/repr.filename]…
Running 'Checker.PowerGridViolations' at 'runs/RUN_2026-07-02_10-20-07/30-checker-powergridviolations'…
Check for power grid violations (as reported by OpenROAD PSM- you may ignore these if LVS passes) clear.
Running 'OpenROAD.STAMidPNR' at 'runs/RUN_2026-07-02_10-20-07/31-openroad-stamidpnr'…
Logging subprocess to [repr.filename]'runs/RUN_2026-07-02_10-20-07/31-openroad-stamidpnr/openroad-stamidpnr.log'[/repr.filename]…
[STA-1173] /Users/aoxo/.ciel/ciel/sky130/versions/74c0e6b118a67d94c24172143d3bd597473fa63d/sky130A/libs.ref/sky130_fd_io/lib/sky130_ef_io__vccd_lvc_clamped_pad_ss_100C_1v60_3v00_3v00.lib line 42, default_fanout_load is 0.0.
[STA-1173] /Users/aoxo/.ciel/ciel/sky130/versions/74c0e6b118a67d94c24172143d3bd597473fa63d/sky130A/libs.ref/sky130_fd_io/lib/sky130_ef_io__vssd_lvc_clamped_pad_ss_100C_1v60_3v00.lib line 43, default_fanout_load is 0.0.
[STA-1173] /Users/aoxo/.ciel/ciel/sky130/versions/74c0e6b118a67d94c24172143d3bd597473fa63d/sky130A/libs.ref/sky130_fd_io/lib/sky130_ef_io__vddio_hvc_clamped_pad_ss_100C_1v60_3v00_3v00.lib line 42, default_fanout_load is 0.0.
[STA-1173] /Users/aoxo/.ciel/ciel/sky130/versions/74c0e6b118a67d94c24172143d3bd597473fa63d/sky130A/libs.ref/sky130_fd_io/lib/sky130_ef_io__vssio_hvc_clamped_pad_ss_100C_1v60_3v00_3v00.lib line 42, default_fanout_load is 0.0.
[STA-1173] /Users/aoxo/.ciel/ciel/sky130/versions/74c0e6b118a67d94c24172143d3bd597473fa63d/sky130A/libs.ref/sky130_fd_io/lib/sky130_ef_io__gpiov2_pad_ss_ss_100C_1v60_3v00.lib line 33, default_fanout_load is 0.0.
[STA-1173] /Users/aoxo/.ciel/ciel/sky130/versions/74c0e6b118a67d94c24172143d3bd597473fa63d/sky130A/libs.ref/sky130_fd_io/lib/slices_stubs.lib line 33, default_fanout_load is 0.0.
[STA-1173] /Users/aoxo/.ciel/ciel/sky130/versions/74c0e6b118a67d94c24172143d3bd597473fa63d/sky130A/libs.ref/sky130_fd_io/lib/sky130_ef_io__analog_stubs.lib line 43, default_fanout_load is 0.0.
[ORD-2056] The following 2 liberty cell(s) do not have LEF masters and will be marked as dont-use:
[STA-0441] set_input_delay relative to a clock defined on the same port/pin not allowed.
[STA-0441] set_input_delay relative to a clock defined on the same port/pin not allowed.
Running 'OpenROAD.RepairDesignPostGPL' at 'runs/RUN_2026-07-02_10-20-07/32-openroad-repairdesignpostgpl'…
Logging subprocess to [repr.filename]'runs/RUN_2026-07-02_10-20-07/32-openroad-repairdesignpostgpl/openroad-repairdesignpostgpl.log'[/repr.filename]…
[STA-1173] /Users/aoxo/.ciel/ciel/sky130/versions/74c0e6b118a67d94c24172143d3bd597473fa63d/sky130A/libs.ref/sky130_fd_io/lib/sky130_ef_io__vccd_lvc_clamped_pad_tt_025C_1v80_3v30_3v30.lib line 42, default_fanout_load is 0.0.
[STA-1173] /Users/aoxo/.ciel/ciel/sky130/versions/74c0e6b118a67d94c24172143d3bd597473fa63d/sky130A/libs.ref/sky130_fd_io/lib/sky130_ef_io__vssd_lvc_clamped_pad_tt_025C_1v80_3v30.lib line 43, default_fanout_load is 0.0.
[STA-1173] /Users/aoxo/.ciel/ciel/sky130/versions/74c0e6b118a67d94c24172143d3bd597473fa63d/sky130A/libs.ref/sky130_fd_io/lib/sky130_ef_io__vddio_hvc_clamped_pad_tt_025C_1v80_3v30_3v30.lib line 42, default_fanout_load is 0.0.
[STA-1173] /Users/aoxo/.ciel/ciel/sky130/versions/74c0e6b118a67d94c24172143d3bd597473fa63d/sky130A/libs.ref/sky130_fd_io/lib/sky130_ef_io__vssio_hvc_clamped_pad_tt_025C_1v80_3v30_3v30.lib line 42, default_fanout_load is 0.0.
[STA-1173] /Users/aoxo/.ciel/ciel/sky130/versions/74c0e6b118a67d94c24172143d3bd597473fa63d/sky130A/libs.ref/sky130_fd_io/lib/sky130_ef_io__gpiov2_pad_tt_tt_025C_1v80_3v30.lib line 33, default_fanout_load is 0.0.
[STA-1173] /Users/aoxo/.ciel/ciel/sky130/versions/74c0e6b118a67d94c24172143d3bd597473fa63d/sky130A/libs.ref/sky130_fd_io/lib/slices_stubs.lib line 33, default_fanout_load is 0.0.
[STA-1173] /Users/aoxo/.ciel/ciel/sky130/versions/74c0e6b118a67d94c24172143d3bd597473fa63d/sky130A/libs.ref/sky130_fd_io/lib/sky130_ef_io__analog_stubs.lib line 43, default_fanout_load is 0.0.
[STA-1173] /Users/aoxo/.ciel/ciel/sky130/versions/74c0e6b118a67d94c24172143d3bd597473fa63d/sky130A/libs.ref/sky130_fd_io/lib/sky130_ef_io__vccd_lvc_clamped_pad_ss_100C_1v60_3v00_3v00.lib line 42, default_fanout_load is 0.0.
[STA-1173] /Users/aoxo/.ciel/ciel/sky130/versions/74c0e6b118a67d94c24172143d3bd597473fa63d/sky130A/libs.ref/sky130_fd_io/lib/sky130_ef_io__vssd_lvc_clamped_pad_ss_100C_1v60_3v00.lib line 43, default_fanout_load is 0.0.
[STA-1173] /Users/aoxo/.ciel/ciel/sky130/versions/74c0e6b118a67d94c24172143d3bd597473fa63d/sky130A/libs.ref/sky130_fd_io/lib/sky130_ef_io__vddio_hvc_clamped_pad_ss_100C_1v60_3v00_3v00.lib line 42, default_fanout_load is 0.0.
[STA-1173] /Users/aoxo/.ciel/ciel/sky130/versions/74c0e6b118a67d94c24172143d3bd597473fa63d/sky130A/libs.ref/sky130_fd_io/lib/sky130_ef_io__vssio_hvc_clamped_pad_ss_100C_1v60_3v00_3v00.lib line 42, default_fanout_load is 0.0.
[STA-1173] /Users/aoxo/.ciel/ciel/sky130/versions/74c0e6b118a67d94c24172143d3bd597473fa63d/sky130A/libs.ref/sky130_fd_io/lib/sky130_ef_io__gpiov2_pad_ss_ss_100C_1v60_3v00.lib line 33, default_fanout_load is 0.0.
[STA-1111] cell sky130_ef_io__gpiov2_pad_ss_ss_100C_1v60_3v00/sky130_ef_io__gpiov2_pad OUT -> PAD timing group combinational not found in cell sky130_ef_io__gpiov2_pad_tt_tt_025C_1v80_3v30/sky130_ef_io__gpiov2_pad.
[STA-1111] cell sky130_ef_io__gpiov2_pad_ss_ss_100C_1v60_3v00/sky130_ef_io__gpiov2_pad OUT -> PAD timing group combinational not found in cell sky130_ef_io__gpiov2_pad_tt_tt_025C_1v80_3v30/sky130_ef_io__gpiov2_pad.
[STA-1111] cell sky130_ef_io__gpiov2_pad_ss_ss_100C_1v60_3v00/sky130_ef_io__gpiov2_pad OUT -> PAD timing group combinational not found in cell sky130_ef_io__gpiov2_pad_tt_tt_025C_1v80_3v30/sky130_ef_io__gpiov2_pad.
[STA-1111] cell sky130_ef_io__gpiov2_pad_ss_ss_100C_1v60_3v00/sky130_ef_io__gpiov2_pad OUT -> PAD timing group combinational not found in cell sky130_ef_io__gpiov2_pad_tt_tt_025C_1v80_3v30/sky130_ef_io__gpiov2_pad.
[STA-1140] /Users/aoxo/.ciel/ciel/sky130/versions/74c0e6b118a67d94c24172143d3bd597473fa63d/sky130A/libs.ref/sky130_fd_io/lib/slices_stubs.lib line 18, library slices_stubs already exists.
[STA-1173] /Users/aoxo/.ciel/ciel/sky130/versions/74c0e6b118a67d94c24172143d3bd597473fa63d/sky130A/libs.ref/sky130_fd_io/lib/slices_stubs.lib line 33, default_fanout_load is 0.0.
[STA-1140] /Users/aoxo/.ciel/ciel/sky130/versions/74c0e6b118a67d94c24172143d3bd597473fa63d/sky130A/libs.ref/sky130_fd_io/lib/sky130_ef_io__analog_stubs.lib line 18, library sky130_ef_io__analog_stubs already exists.
[STA-1173] /Users/aoxo/.ciel/ciel/sky130/versions/74c0e6b118a67d94c24172143d3bd597473fa63d/sky130A/libs.ref/sky130_fd_io/lib/sky130_ef_io__analog_stubs.lib line 43, default_fanout_load is 0.0.
[STA-1140] /Users/aoxo/.ciel/ciel/sky130/versions/74c0e6b118a67d94c24172143d3bd597473fa63d/sky130A/libs.ref/sky130_fd_sc_hd/lib/sky130_fd_sc_hd__tt_025C_1v80.lib line 1, library sky130_fd_sc_hd__tt_025C_1v80 already exists.
[STA-1140] /Users/aoxo/.ciel/ciel/sky130/versions/74c0e6b118a67d94c24172143d3bd597473fa63d/sky130A/libs.ref/sky130_fd_io/lib/sky130_ef_io__vccd_lvc_clamped_pad_tt_025C_1v80_3v30_3v30.lib line 18, library sky130_ef_io__vccd_lvc_clamped_pad_tt_025C_1v80_3v30_3v30 already exists.
[STA-1173] /Users/aoxo/.ciel/ciel/sky130/versions/74c0e6b118a67d94c24172143d3bd597473fa63d/sky130A/libs.ref/sky130_fd_io/lib/sky130_ef_io__vccd_lvc_clamped_pad_tt_025C_1v80_3v30_3v30.lib line 42, default_fanout_load is 0.0.
[STA-1140] /Users/aoxo/.ciel/ciel/sky130/versions/74c0e6b118a67d94c24172143d3bd597473fa63d/sky130A/libs.ref/sky130_fd_io/lib/sky130_ef_io__vssd_lvc_clamped_pad_tt_025C_1v80_3v30.lib line 18, library sky130_ef_io__vssd_lvc_clamped_pad_tt_025C_1v80_3v30 already exists.
[STA-1173] /Users/aoxo/.ciel/ciel/sky130/versions/74c0e6b118a67d94c24172143d3bd597473fa63d/sky130A/libs.ref/sky130_fd_io/lib/sky130_ef_io__vssd_lvc_clamped_pad_tt_025C_1v80_3v30.lib line 43, default_fanout_load is 0.0.
[STA-1140] /Users/aoxo/.ciel/ciel/sky130/versions/74c0e6b118a67d94c24172143d3bd597473fa63d/sky130A/libs.ref/sky130_fd_io/lib/sky130_ef_io__vddio_hvc_clamped_pad_tt_025C_1v80_3v30_3v30.lib line 18, library sky130_ef_io__vddio_hvc_clamped_pad_tt_025C_1v80_3v30_3v30 already exists.
[STA-1173] /Users/aoxo/.ciel/ciel/sky130/versions/74c0e6b118a67d94c24172143d3bd597473fa63d/sky130A/libs.ref/sky130_fd_io/lib/sky130_ef_io__vddio_hvc_clamped_pad_tt_025C_1v80_3v30_3v30.lib line 42, default_fanout_load is 0.0.
[STA-1140] /Users/aoxo/.ciel/ciel/sky130/versions/74c0e6b118a67d94c24172143d3bd597473fa63d/sky130A/libs.ref/sky130_fd_io/lib/sky130_ef_io__vssio_hvc_clamped_pad_tt_025C_1v80_3v30_3v30.lib line 18, library sky130_ef_io__vssio_hvc_clamped_pad_tt_025C_1v80_3v30_3v30 already exists.
[STA-1173] /Users/aoxo/.ciel/ciel/sky130/versions/74c0e6b118a67d94c24172143d3bd597473fa63d/sky130A/libs.ref/sky130_fd_io/lib/sky130_ef_io__vssio_hvc_clamped_pad_tt_025C_1v80_3v30_3v30.lib line 42, default_fanout_load is 0.0.
[STA-1140] /Users/aoxo/.ciel/ciel/sky130/versions/74c0e6b118a67d94c24172143d3bd597473fa63d/sky130A/libs.ref/sky130_fd_io/lib/sky130_ef_io__gpiov2_pad_tt_tt_025C_1v80_3v30.lib line 18, library sky130_ef_io__gpiov2_pad_tt_tt_025C_1v80_3v30 already exists.
[STA-1173] /Users/aoxo/.ciel/ciel/sky130/versions/74c0e6b118a67d94c24172143d3bd597473fa63d/sky130A/libs.ref/sky130_fd_io/lib/sky130_ef_io__gpiov2_pad_tt_tt_025C_1v80_3v30.lib line 33, default_fanout_load is 0.0.
[STA-1140] /Users/aoxo/.ciel/ciel/sky130/versions/74c0e6b118a67d94c24172143d3bd597473fa63d/sky130A/libs.ref/sky130_fd_io/lib/slices_stubs.lib line 18, library slices_stubs already exists.
[STA-1173] /Users/aoxo/.ciel/ciel/sky130/versions/74c0e6b118a67d94c24172143d3bd597473fa63d/sky130A/libs.ref/sky130_fd_io/lib/slices_stubs.lib line 33, default_fanout_load is 0.0.
[STA-1140] /Users/aoxo/.ciel/ciel/sky130/versions/74c0e6b118a67d94c24172143d3bd597473fa63d/sky130A/libs.ref/sky130_fd_io/lib/sky130_ef_io__analog_stubs.lib line 18, library sky130_ef_io__analog_stubs already exists.
[STA-1173] /Users/aoxo/.ciel/ciel/sky130/versions/74c0e6b118a67d94c24172143d3bd597473fa63d/sky130A/libs.ref/sky130_fd_io/lib/sky130_ef_io__analog_stubs.lib line 43, default_fanout_load is 0.0.
[STA-1173] /Users/aoxo/.ciel/ciel/sky130/versions/74c0e6b118a67d94c24172143d3bd597473fa63d/sky130A/libs.ref/sky130_fd_io/lib/sky130_ef_io__vccd_lvc_clamped_pad_ff_n40C_1v95_5v50_5v50.lib line 42, default_fanout_load is 0.0.
[STA-1173] /Users/aoxo/.ciel/ciel/sky130/versions/74c0e6b118a67d94c24172143d3bd597473fa63d/sky130A/libs.ref/sky130_fd_io/lib/sky130_ef_io__vssd_lvc_clamped_pad_ff_n40C_1v95_5v50.lib line 43, default_fanout_load is 0.0.
[STA-1173] /Users/aoxo/.ciel/ciel/sky130/versions/74c0e6b118a67d94c24172143d3bd597473fa63d/sky130A/libs.ref/sky130_fd_io/lib/sky130_ef_io__vddio_hvc_clamped_pad_ff_n40C_1v95_5v50_5v50.lib line 42, default_fanout_load is 0.0.
[STA-1173] /Users/aoxo/.ciel/ciel/sky130/versions/74c0e6b118a67d94c24172143d3bd597473fa63d/sky130A/libs.ref/sky130_fd_io/lib/sky130_ef_io__vssio_hvc_clamped_pad_ff_n40C_1v95_5v50_5v50.lib line 42, default_fanout_load is 0.0.
[STA-1173] /Users/aoxo/.ciel/ciel/sky130/versions/74c0e6b118a67d94c24172143d3bd597473fa63d/sky130A/libs.ref/sky130_fd_io/lib/sky130_ef_io__gpiov2_pad_ff_ff_n40C_1v95_5v50.lib line 33, default_fanout_load is 0.0.
[STA-1140] /Users/aoxo/.ciel/ciel/sky130/versions/74c0e6b118a67d94c24172143d3bd597473fa63d/sky130A/libs.ref/sky130_fd_io/lib/slices_stubs.lib line 18, library slices_stubs already exists.
[STA-1173] /Users/aoxo/.ciel/ciel/sky130/versions/74c0e6b118a67d94c24172143d3bd597473fa63d/sky130A/libs.ref/sky130_fd_io/lib/slices_stubs.lib line 33, default_fanout_load is 0.0.
[STA-1140] /Users/aoxo/.ciel/ciel/sky130/versions/74c0e6b118a67d94c24172143d3bd597473fa63d/sky130A/libs.ref/sky130_fd_io/lib/sky130_ef_io__analog_stubs.lib line 18, library sky130_ef_io__analog_stubs already exists.
[STA-1173] /Users/aoxo/.ciel/ciel/sky130/versions/74c0e6b118a67d94c24172143d3bd597473fa63d/sky130A/libs.ref/sky130_fd_io/lib/sky130_ef_io__analog_stubs.lib line 43, default_fanout_load is 0.0.
[STA-1140] /Users/aoxo/.ciel/ciel/sky130/versions/74c0e6b118a67d94c24172143d3bd597473fa63d/sky130A/libs.ref/sky130_fd_sc_hd/lib/sky130_fd_sc_hd__ff_n40C_1v95.lib line 1, library sky130_fd_sc_hd__ff_n40C_1v95 already exists.
[STA-1140] /Users/aoxo/.ciel/ciel/sky130/versions/74c0e6b118a67d94c24172143d3bd597473fa63d/sky130A/libs.ref/sky130_fd_io/lib/sky130_ef_io__vccd_lvc_clamped_pad_ff_n40C_1v95_5v50_5v50.lib line 18, library sky130_ef_io__vccd_lvc_clamped_pad_ff_n40C_1v95_5v50_5v50 already exists.
[STA-1173] /Users/aoxo/.ciel/ciel/sky130/versions/74c0e6b118a67d94c24172143d3bd597473fa63d/sky130A/libs.ref/sky130_fd_io/lib/sky130_ef_io__vccd_lvc_clamped_pad_ff_n40C_1v95_5v50_5v50.lib line 42, default_fanout_load is 0.0.
[STA-1140] /Users/aoxo/.ciel/ciel/sky130/versions/74c0e6b118a67d94c24172143d3bd597473fa63d/sky130A/libs.ref/sky130_fd_io/lib/sky130_ef_io__vssd_lvc_clamped_pad_ff_n40C_1v95_5v50.lib line 18, library sky130_ef_io__vssd_lvc_clamped_pad_ff_n40C_1v95_5v50 already exists.
[STA-1173] /Users/aoxo/.ciel/ciel/sky130/versions/74c0e6b118a67d94c24172143d3bd597473fa63d/sky130A/libs.ref/sky130_fd_io/lib/sky130_ef_io__vssd_lvc_clamped_pad_ff_n40C_1v95_5v50.lib line 43, default_fanout_load is 0.0.
[STA-1140] /Users/aoxo/.ciel/ciel/sky130/versions/74c0e6b118a67d94c24172143d3bd597473fa63d/sky130A/libs.ref/sky130_fd_io/lib/sky130_ef_io__vddio_hvc_clamped_pad_ff_n40C_1v95_5v50_5v50.lib line 18, library sky130_ef_io__vddio_hvc_clamped_pad_ff_n40C_1v95_5v50_5v50 already exists.
[STA-1173] /Users/aoxo/.ciel/ciel/sky130/versions/74c0e6b118a67d94c24172143d3bd597473fa63d/sky130A/libs.ref/sky130_fd_io/lib/sky130_ef_io__vddio_hvc_clamped_pad_ff_n40C_1v95_5v50_5v50.lib line 42, default_fanout_load is 0.0.
[STA-1140] /Users/aoxo/.ciel/ciel/sky130/versions/74c0e6b118a67d94c24172143d3bd597473fa63d/sky130A/libs.ref/sky130_fd_io/lib/sky130_ef_io__vssio_hvc_clamped_pad_ff_n40C_1v95_5v50_5v50.lib line 18, library sky130_ef_io__vssio_hvc_clamped_pad_ff_n40C_1v95_5v50_5v50 already exists.
[STA-1173] /Users/aoxo/.ciel/ciel/sky130/versions/74c0e6b118a67d94c24172143d3bd597473fa63d/sky130A/libs.ref/sky130_fd_io/lib/sky130_ef_io__vssio_hvc_clamped_pad_ff_n40C_1v95_5v50_5v50.lib line 42, default_fanout_load is 0.0.
[STA-1140] /Users/aoxo/.ciel/ciel/sky130/versions/74c0e6b118a67d94c24172143d3bd597473fa63d/sky130A/libs.ref/sky130_fd_io/lib/sky130_ef_io__gpiov2_pad_ff_ff_n40C_1v95_5v50.lib line 18, library sky130_ef_io__gpiov2_pad_ff_ff_n40C_1v95_5v50 already exists.
[STA-1173] /Users/aoxo/.ciel/ciel/sky130/versions/74c0e6b118a67d94c24172143d3bd597473fa63d/sky130A/libs.ref/sky130_fd_io/lib/sky130_ef_io__gpiov2_pad_ff_ff_n40C_1v95_5v50.lib line 33, default_fanout_load is 0.0.
[STA-1140] /Users/aoxo/.ciel/ciel/sky130/versions/74c0e6b118a67d94c24172143d3bd597473fa63d/sky130A/libs.ref/sky130_fd_io/lib/slices_stubs.lib line 18, library slices_stubs already exists.
[STA-1173] /Users/aoxo/.ciel/ciel/sky130/versions/74c0e6b118a67d94c24172143d3bd597473fa63d/sky130A/libs.ref/sky130_fd_io/lib/slices_stubs.lib line 33, default_fanout_load is 0.0.
[STA-1140] /Users/aoxo/.ciel/ciel/sky130/versions/74c0e6b118a67d94c24172143d3bd597473fa63d/sky130A/libs.ref/sky130_fd_io/lib/sky130_ef_io__analog_stubs.lib line 18, library sky130_ef_io__analog_stubs already exists.
[STA-1173] /Users/aoxo/.ciel/ciel/sky130/versions/74c0e6b118a67d94c24172143d3bd597473fa63d/sky130A/libs.ref/sky130_fd_io/lib/sky130_ef_io__analog_stubs.lib line 43, default_fanout_load is 0.0.
[STA-1140] /Users/aoxo/.ciel/ciel/sky130/versions/74c0e6b118a67d94c24172143d3bd597473fa63d/sky130A/libs.ref/sky130_fd_sc_hd/lib/sky130_fd_sc_hd__ss_100C_1v60.lib line 1, library sky130_fd_sc_hd__ss_100C_1v60 already exists.
[STA-1140] /Users/aoxo/.ciel/ciel/sky130/versions/74c0e6b118a67d94c24172143d3bd597473fa63d/sky130A/libs.ref/sky130_fd_io/lib/sky130_ef_io__vccd_lvc_clamped_pad_ss_100C_1v60_3v00_3v00.lib line 18, library sky130_ef_io__vccd_lvc_clamped_pad_ss_100C_1v60_3v00_3v00 already exists.
[STA-1173] /Users/aoxo/.ciel/ciel/sky130/versions/74c0e6b118a67d94c24172143d3bd597473fa63d/sky130A/libs.ref/sky130_fd_io/lib/sky130_ef_io__vccd_lvc_clamped_pad_ss_100C_1v60_3v00_3v00.lib line 42, default_fanout_load is 0.0.
[STA-1140] /Users/aoxo/.ciel/ciel/sky130/versions/74c0e6b118a67d94c24172143d3bd597473fa63d/sky130A/libs.ref/sky130_fd_io/lib/sky130_ef_io__vssd_lvc_clamped_pad_ss_100C_1v60_3v00.lib line 18, library sky130_ef_io__vssd_lvc_clamped_pad_ss_100C_1v60_3v00 already exists.
[STA-1173] /Users/aoxo/.ciel/ciel/sky130/versions/74c0e6b118a67d94c24172143d3bd597473fa63d/sky130A/libs.ref/sky130_fd_io/lib/sky130_ef_io__vssd_lvc_clamped_pad_ss_100C_1v60_3v00.lib line 43, default_fanout_load is 0.0.
[STA-1140] /Users/aoxo/.ciel/ciel/sky130/versions/74c0e6b118a67d94c24172143d3bd597473fa63d/sky130A/libs.ref/sky130_fd_io/lib/sky130_ef_io__vddio_hvc_clamped_pad_ss_100C_1v60_3v00_3v00.lib line 18, library sky130_ef_io__vddio_hvc_clamped_pad_ss_100C_1v60_3v00_3v00 already exists.
[STA-1173] /Users/aoxo/.ciel/ciel/sky130/versions/74c0e6b118a67d94c24172143d3bd597473fa63d/sky130A/libs.ref/sky130_fd_io/lib/sky130_ef_io__vddio_hvc_clamped_pad_ss_100C_1v60_3v00_3v00.lib line 42, default_fanout_load is 0.0.
[STA-1140] /Users/aoxo/.ciel/ciel/sky130/versions/74c0e6b118a67d94c24172143d3bd597473fa63d/sky130A/libs.ref/sky130_fd_io/lib/sky130_ef_io__vssio_hvc_clamped_pad_ss_100C_1v60_3v00_3v00.lib line 18, library sky130_ef_io__vssio_hvc_clamped_pad_ss_100C_1v60_3v00_3v00 already exists.
[STA-1173] /Users/aoxo/.ciel/ciel/sky130/versions/74c0e6b118a67d94c24172143d3bd597473fa63d/sky130A/libs.ref/sky130_fd_io/lib/sky130_ef_io__vssio_hvc_clamped_pad_ss_100C_1v60_3v00_3v00.lib line 42, default_fanout_load is 0.0.
[STA-1140] /Users/aoxo/.ciel/ciel/sky130/versions/74c0e6b118a67d94c24172143d3bd597473fa63d/sky130A/libs.ref/sky130_fd_io/lib/sky130_ef_io__gpiov2_pad_ss_ss_100C_1v60_3v00.lib line 18, library sky130_ef_io__gpiov2_pad_ss_ss_100C_1v60_3v00 already exists.
[STA-1173] /Users/aoxo/.ciel/ciel/sky130/versions/74c0e6b118a67d94c24172143d3bd597473fa63d/sky130A/libs.ref/sky130_fd_io/lib/sky130_ef_io__gpiov2_pad_ss_ss_100C_1v60_3v00.lib line 33, default_fanout_load is 0.0.
[STA-1111] cell sky130_ef_io__gpiov2_pad_ss_ss_100C_1v60_3v00/sky130_ef_io__gpiov2_pad OUT -> PAD timing group combinational not found in cell sky130_ef_io__gpiov2_pad_tt_tt_025C_1v80_3v30/sky130_ef_io__gpiov2_pad.
[STA-1111] cell sky130_ef_io__gpiov2_pad_ss_ss_100C_1v60_3v00/sky130_ef_io__gpiov2_pad OUT -> PAD timing group combinational not found in cell sky130_ef_io__gpiov2_pad_tt_tt_025C_1v80_3v30/sky130_ef_io__gpiov2_pad.
[STA-1111] cell sky130_ef_io__gpiov2_pad_ss_ss_100C_1v60_3v00/sky130_ef_io__gpiov2_pad OUT -> PAD timing group combinational not found in cell sky130_ef_io__gpiov2_pad_tt_tt_025C_1v80_3v30/sky130_ef_io__gpiov2_pad.
[STA-1111] cell sky130_ef_io__gpiov2_pad_ss_ss_100C_1v60_3v00/sky130_ef_io__gpiov2_pad OUT -> PAD timing group combinational not found in cell sky130_ef_io__gpiov2_pad_tt_tt_025C_1v80_3v30/sky130_ef_io__gpiov2_pad.
[STA-1140] /Users/aoxo/.ciel/ciel/sky130/versions/74c0e6b118a67d94c24172143d3bd597473fa63d/sky130A/libs.ref/sky130_fd_io/lib/slices_stubs.lib line 18, library slices_stubs already exists.
[STA-1173] /Users/aoxo/.ciel/ciel/sky130/versions/74c0e6b118a67d94c24172143d3bd597473fa63d/sky130A/libs.ref/sky130_fd_io/lib/slices_stubs.lib line 33, default_fanout_load is 0.0.
[STA-1140] /Users/aoxo/.ciel/ciel/sky130/versions/74c0e6b118a67d94c24172143d3bd597473fa63d/sky130A/libs.ref/sky130_fd_io/lib/sky130_ef_io__analog_stubs.lib line 18, library sky130_ef_io__analog_stubs already exists.
[STA-1173] /Users/aoxo/.ciel/ciel/sky130/versions/74c0e6b118a67d94c24172143d3bd597473fa63d/sky130A/libs.ref/sky130_fd_io/lib/sky130_ef_io__analog_stubs.lib line 43, default_fanout_load is 0.0.
[STA-1140] /Users/aoxo/.ciel/ciel/sky130/versions/74c0e6b118a67d94c24172143d3bd597473fa63d/sky130A/libs.ref/sky130_fd_sc_hd/lib/sky130_fd_sc_hd__tt_025C_1v80.lib line 1, library sky130_fd_sc_hd__tt_025C_1v80 already exists.
[STA-1140] /Users/aoxo/.ciel/ciel/sky130/versions/74c0e6b118a67d94c24172143d3bd597473fa63d/sky130A/libs.ref/sky130_fd_io/lib/sky130_ef_io__vccd_lvc_clamped_pad_tt_025C_1v80_3v30_3v30.lib line 18, library sky130_ef_io__vccd_lvc_clamped_pad_tt_025C_1v80_3v30_3v30 already exists.
[STA-1173] /Users/aoxo/.ciel/ciel/sky130/versions/74c0e6b118a67d94c24172143d3bd597473fa63d/sky130A/libs.ref/sky130_fd_io/lib/sky130_ef_io__vccd_lvc_clamped_pad_tt_025C_1v80_3v30_3v30.lib line 42, default_fanout_load is 0.0.
[STA-1140] /Users/aoxo/.ciel/ciel/sky130/versions/74c0e6b118a67d94c24172143d3bd597473fa63d/sky130A/libs.ref/sky130_fd_io/lib/sky130_ef_io__vssd_lvc_clamped_pad_tt_025C_1v80_3v30.lib line 18, library sky130_ef_io__vssd_lvc_clamped_pad_tt_025C_1v80_3v30 already exists.
[STA-1173] /Users/aoxo/.ciel/ciel/sky130/versions/74c0e6b118a67d94c24172143d3bd597473fa63d/sky130A/libs.ref/sky130_fd_io/lib/sky130_ef_io__vssd_lvc_clamped_pad_tt_025C_1v80_3v30.lib line 43, default_fanout_load is 0.0.
[STA-1140] /Users/aoxo/.ciel/ciel/sky130/versions/74c0e6b118a67d94c24172143d3bd597473fa63d/sky130A/libs.ref/sky130_fd_io/lib/sky130_ef_io__vddio_hvc_clamped_pad_tt_025C_1v80_3v30_3v30.lib line 18, library sky130_ef_io__vddio_hvc_clamped_pad_tt_025C_1v80_3v30_3v30 already exists.
[STA-1173] /Users/aoxo/.ciel/ciel/sky130/versions/74c0e6b118a67d94c24172143d3bd597473fa63d/sky130A/libs.ref/sky130_fd_io/lib/sky130_ef_io__vddio_hvc_clamped_pad_tt_025C_1v80_3v30_3v30.lib line 42, default_fanout_load is 0.0.
[STA-1140] /Users/aoxo/.ciel/ciel/sky130/versions/74c0e6b118a67d94c24172143d3bd597473fa63d/sky130A/libs.ref/sky130_fd_io/lib/sky130_ef_io__vssio_hvc_clamped_pad_tt_025C_1v80_3v30_3v30.lib line 18, library sky130_ef_io__vssio_hvc_clamped_pad_tt_025C_1v80_3v30_3v30 already exists.
[STA-1173] /Users/aoxo/.ciel/ciel/sky130/versions/74c0e6b118a67d94c24172143d3bd597473fa63d/sky130A/libs.ref/sky130_fd_io/lib/sky130_ef_io__vssio_hvc_clamped_pad_tt_025C_1v80_3v30_3v30.lib line 42, default_fanout_load is 0.0.
[STA-1140] /Users/aoxo/.ciel/ciel/sky130/versions/74c0e6b118a67d94c24172143d3bd597473fa63d/sky130A/libs.ref/sky130_fd_io/lib/sky130_ef_io__gpiov2_pad_tt_tt_025C_1v80_3v30.lib line 18, library sky130_ef_io__gpiov2_pad_tt_tt_025C_1v80_3v30 already exists.
[STA-1173] /Users/aoxo/.ciel/ciel/sky130/versions/74c0e6b118a67d94c24172143d3bd597473fa63d/sky130A/libs.ref/sky130_fd_io/lib/sky130_ef_io__gpiov2_pad_tt_tt_025C_1v80_3v30.lib line 33, default_fanout_load is 0.0.
[STA-1140] /Users/aoxo/.ciel/ciel/sky130/versions/74c0e6b118a67d94c24172143d3bd597473fa63d/sky130A/libs.ref/sky130_fd_io/lib/slices_stubs.lib line 18, library slices_stubs already exists.
[STA-1173] /Users/aoxo/.ciel/ciel/sky130/versions/74c0e6b118a67d94c24172143d3bd597473fa63d/sky130A/libs.ref/sky130_fd_io/lib/slices_stubs.lib line 33, default_fanout_load is 0.0.
[STA-1140] /Users/aoxo/.ciel/ciel/sky130/versions/74c0e6b118a67d94c24172143d3bd597473fa63d/sky130A/libs.ref/sky130_fd_io/lib/sky130_ef_io__analog_stubs.lib line 18, library sky130_ef_io__analog_stubs already exists.
[STA-1173] /Users/aoxo/.ciel/ciel/sky130/versions/74c0e6b118a67d94c24172143d3bd597473fa63d/sky130A/libs.ref/sky130_fd_io/lib/sky130_ef_io__analog_stubs.lib line 43, default_fanout_load is 0.0.
[STA-1140] /Users/aoxo/.ciel/ciel/sky130/versions/74c0e6b118a67d94c24172143d3bd597473fa63d/sky130A/libs.ref/sky130_fd_sc_hd/lib/sky130_fd_sc_hd__ss_100C_1v60.lib line 1, library sky130_fd_sc_hd__ss_100C_1v60 already exists.
[STA-1140] /Users/aoxo/.ciel/ciel/sky130/versions/74c0e6b118a67d94c24172143d3bd597473fa63d/sky130A/libs.ref/sky130_fd_io/lib/sky130_ef_io__vccd_lvc_clamped_pad_ss_100C_1v60_3v00_3v00.lib line 18, library sky130_ef_io__vccd_lvc_clamped_pad_ss_100C_1v60_3v00_3v00 already exists.
[STA-1173] /Users/aoxo/.ciel/ciel/sky130/versions/74c0e6b118a67d94c24172143d3bd597473fa63d/sky130A/libs.ref/sky130_fd_io/lib/sky130_ef_io__vccd_lvc_clamped_pad_ss_100C_1v60_3v00_3v00.lib line 42, default_fanout_load is 0.0.
[STA-1140] /Users/aoxo/.ciel/ciel/sky130/versions/74c0e6b118a67d94c24172143d3bd597473fa63d/sky130A/libs.ref/sky130_fd_io/lib/sky130_ef_io__vssd_lvc_clamped_pad_ss_100C_1v60_3v00.lib line 18, library sky130_ef_io__vssd_lvc_clamped_pad_ss_100C_1v60_3v00 already exists.
[STA-1173] /Users/aoxo/.ciel/ciel/sky130/versions/74c0e6b118a67d94c24172143d3bd597473fa63d/sky130A/libs.ref/sky130_fd_io/lib/sky130_ef_io__vssd_lvc_clamped_pad_ss_100C_1v60_3v00.lib line 43, default_fanout_load is 0.0.
[STA-1140] /Users/aoxo/.ciel/ciel/sky130/versions/74c0e6b118a67d94c24172143d3bd597473fa63d/sky130A/libs.ref/sky130_fd_io/lib/sky130_ef_io__vddio_hvc_clamped_pad_ss_100C_1v60_3v00_3v00.lib line 18, library sky130_ef_io__vddio_hvc_clamped_pad_ss_100C_1v60_3v00_3v00 already exists.
[STA-1173] /Users/aoxo/.ciel/ciel/sky130/versions/74c0e6b118a67d94c24172143d3bd597473fa63d/sky130A/libs.ref/sky130_fd_io/lib/sky130_ef_io__vddio_hvc_clamped_pad_ss_100C_1v60_3v00_3v00.lib line 42, default_fanout_load is 0.0.
[STA-1140] /Users/aoxo/.ciel/ciel/sky130/versions/74c0e6b118a67d94c24172143d3bd597473fa63d/sky130A/libs.ref/sky130_fd_io/lib/sky130_ef_io__vssio_hvc_clamped_pad_ss_100C_1v60_3v00_3v00.lib line 18, library sky130_ef_io__vssio_hvc_clamped_pad_ss_100C_1v60_3v00_3v00 already exists.
[STA-1173] /Users/aoxo/.ciel/ciel/sky130/versions/74c0e6b118a67d94c24172143d3bd597473fa63d/sky130A/libs.ref/sky130_fd_io/lib/sky130_ef_io__vssio_hvc_clamped_pad_ss_100C_1v60_3v00_3v00.lib line 42, default_fanout_load is 0.0.
[STA-1140] /Users/aoxo/.ciel/ciel/sky130/versions/74c0e6b118a67d94c24172143d3bd597473fa63d/sky130A/libs.ref/sky130_fd_io/lib/sky130_ef_io__gpiov2_pad_ss_ss_100C_1v60_3v00.lib line 18, library sky130_ef_io__gpiov2_pad_ss_ss_100C_1v60_3v00 already exists.
[STA-1173] /Users/aoxo/.ciel/ciel/sky130/versions/74c0e6b118a67d94c24172143d3bd597473fa63d/sky130A/libs.ref/sky130_fd_io/lib/sky130_ef_io__gpiov2_pad_ss_ss_100C_1v60_3v00.lib line 33, default_fanout_load is 0.0.
[STA-1111] cell sky130_ef_io__gpiov2_pad_ss_ss_100C_1v60_3v00/sky130_ef_io__gpiov2_pad OUT -> PAD timing group combinational not found in cell sky130_ef_io__gpiov2_pad_tt_tt_025C_1v80_3v30/sky130_ef_io__gpiov2_pad.
[STA-1111] cell sky130_ef_io__gpiov2_pad_ss_ss_100C_1v60_3v00/sky130_ef_io__gpiov2_pad OUT -> PAD timing group combinational not found in cell sky130_ef_io__gpiov2_pad_tt_tt_025C_1v80_3v30/sky130_ef_io__gpiov2_pad.
[STA-1111] cell sky130_ef_io__gpiov2_pad_ss_ss_100C_1v60_3v00/sky130_ef_io__gpiov2_pad OUT -> PAD timing group combinational not found in cell sky130_ef_io__gpiov2_pad_tt_tt_025C_1v80_3v30/sky130_ef_io__gpiov2_pad.
[STA-1111] cell sky130_ef_io__gpiov2_pad_ss_ss_100C_1v60_3v00/sky130_ef_io__gpiov2_pad OUT -> PAD timing group combinational not found in cell sky130_ef_io__gpiov2_pad_tt_tt_025C_1v80_3v30/sky130_ef_io__gpiov2_pad.
[STA-1140] /Users/aoxo/.ciel/ciel/sky130/versions/74c0e6b118a67d94c24172143d3bd597473fa63d/sky130A/libs.ref/sky130_fd_io/lib/slices_stubs.lib line 18, library slices_stubs already exists.
[STA-1173] /Users/aoxo/.ciel/ciel/sky130/versions/74c0e6b118a67d94c24172143d3bd597473fa63d/sky130A/libs.ref/sky130_fd_io/lib/slices_stubs.lib line 33, default_fanout_load is 0.0.
[STA-1140] /Users/aoxo/.ciel/ciel/sky130/versions/74c0e6b118a67d94c24172143d3bd597473fa63d/sky130A/libs.ref/sky130_fd_io/lib/sky130_ef_io__analog_stubs.lib line 18, library sky130_ef_io__analog_stubs already exists.
[STA-1173] /Users/aoxo/.ciel/ciel/sky130/versions/74c0e6b118a67d94c24172143d3bd597473fa63d/sky130A/libs.ref/sky130_fd_io/lib/sky130_ef_io__analog_stubs.lib line 43, default_fanout_load is 0.0.
[STA-1140] /Users/aoxo/.ciel/ciel/sky130/versions/74c0e6b118a67d94c24172143d3bd597473fa63d/sky130A/libs.ref/sky130_fd_sc_hd/lib/sky130_fd_sc_hd__ff_n40C_1v95.lib line 1, library sky130_fd_sc_hd__ff_n40C_1v95 already exists.
[STA-1140] /Users/aoxo/.ciel/ciel/sky130/versions/74c0e6b118a67d94c24172143d3bd597473fa63d/sky130A/libs.ref/sky130_fd_io/lib/sky130_ef_io__vccd_lvc_clamped_pad_ff_n40C_1v95_5v50_5v50.lib line 18, library sky130_ef_io__vccd_lvc_clamped_pad_ff_n40C_1v95_5v50_5v50 already exists.
[STA-1173] /Users/aoxo/.ciel/ciel/sky130/versions/74c0e6b118a67d94c24172143d3bd597473fa63d/sky130A/libs.ref/sky130_fd_io/lib/sky130_ef_io__vccd_lvc_clamped_pad_ff_n40C_1v95_5v50_5v50.lib line 42, default_fanout_load is 0.0.
[STA-1140] /Users/aoxo/.ciel/ciel/sky130/versions/74c0e6b118a67d94c24172143d3bd597473fa63d/sky130A/libs.ref/sky130_fd_io/lib/sky130_ef_io__vssd_lvc_clamped_pad_ff_n40C_1v95_5v50.lib line 18, library sky130_ef_io__vssd_lvc_clamped_pad_ff_n40C_1v95_5v50 already exists.
[STA-1173] /Users/aoxo/.ciel/ciel/sky130/versions/74c0e6b118a67d94c24172143d3bd597473fa63d/sky130A/libs.ref/sky130_fd_io/lib/sky130_ef_io__vssd_lvc_clamped_pad_ff_n40C_1v95_5v50.lib line 43, default_fanout_load is 0.0.
[STA-1140] /Users/aoxo/.ciel/ciel/sky130/versions/74c0e6b118a67d94c24172143d3bd597473fa63d/sky130A/libs.ref/sky130_fd_io/lib/sky130_ef_io__vddio_hvc_clamped_pad_ff_n40C_1v95_5v50_5v50.lib line 18, library sky130_ef_io__vddio_hvc_clamped_pad_ff_n40C_1v95_5v50_5v50 already exists.
[STA-1173] /Users/aoxo/.ciel/ciel/sky130/versions/74c0e6b118a67d94c24172143d3bd597473fa63d/sky130A/libs.ref/sky130_fd_io/lib/sky130_ef_io__vddio_hvc_clamped_pad_ff_n40C_1v95_5v50_5v50.lib line 42, default_fanout_load is 0.0.
[STA-1140] /Users/aoxo/.ciel/ciel/sky130/versions/74c0e6b118a67d94c24172143d3bd597473fa63d/sky130A/libs.ref/sky130_fd_io/lib/sky130_ef_io__vssio_hvc_clamped_pad_ff_n40C_1v95_5v50_5v50.lib line 18, library sky130_ef_io__vssio_hvc_clamped_pad_ff_n40C_1v95_5v50_5v50 already exists.
[STA-1173] /Users/aoxo/.ciel/ciel/sky130/versions/74c0e6b118a67d94c24172143d3bd597473fa63d/sky130A/libs.ref/sky130_fd_io/lib/sky130_ef_io__vssio_hvc_clamped_pad_ff_n40C_1v95_5v50_5v50.lib line 42, default_fanout_load is 0.0.
[STA-1140] /Users/aoxo/.ciel/ciel/sky130/versions/74c0e6b118a67d94c24172143d3bd597473fa63d/sky130A/libs.ref/sky130_fd_io/lib/sky130_ef_io__gpiov2_pad_ff_ff_n40C_1v95_5v50.lib line 18, library sky130_ef_io__gpiov2_pad_ff_ff_n40C_1v95_5v50 already exists.
[STA-1173] /Users/aoxo/.ciel/ciel/sky130/versions/74c0e6b118a67d94c24172143d3bd597473fa63d/sky130A/libs.ref/sky130_fd_io/lib/sky130_ef_io__gpiov2_pad_ff_ff_n40C_1v95_5v50.lib line 33, default_fanout_load is 0.0.
[STA-1140] /Users/aoxo/.ciel/ciel/sky130/versions/74c0e6b118a67d94c24172143d3bd597473fa63d/sky130A/libs.ref/sky130_fd_io/lib/slices_stubs.lib line 18, library slices_stubs already exists.
[STA-1173] /Users/aoxo/.ciel/ciel/sky130/versions/74c0e6b118a67d94c24172143d3bd597473fa63d/sky130A/libs.ref/sky130_fd_io/lib/slices_stubs.lib line 33, default_fanout_load is 0.0.
[STA-1140] /Users/aoxo/.ciel/ciel/sky130/versions/74c0e6b118a67d94c24172143d3bd597473fa63d/sky130A/libs.ref/sky130_fd_io/lib/sky130_ef_io__analog_stubs.lib line 18, library sky130_ef_io__analog_stubs already exists.
[STA-1173] /Users/aoxo/.ciel/ciel/sky130/versions/74c0e6b118a67d94c24172143d3bd597473fa63d/sky130A/libs.ref/sky130_fd_io/lib/sky130_ef_io__analog_stubs.lib line 43, default_fanout_load is 0.0.
[ORD-2056] The following 18 liberty cell(s) do not have LEF masters and will be marked as dont-use:
[STA-0441] set_input_delay relative to a clock defined on the same port/pin not allowed.
[STA-0441] set_input_delay relative to a clock defined on the same port/pin not allowed.
[RSZ-0020] found 2 floating nets.
Running 'Odb.ManualGlobalPlacement' at 'runs/RUN_2026-07-02_10-20-07/33-odb-manualglobalplacement'…
'MANUAL_GLOBAL_PLACEMENTS' not set. Skipping 'Odb.ManualGlobalPlacement'…
Running 'OpenROAD.DetailedPlacement' at 'runs/RUN_2026-07-02_10-20-07/34-openroad-detailedplacement'…
Logging subprocess to [repr.filename]'runs/RUN_2026-07-02_10-20-07/34-openroad-detailedplacement/openroad-detailedplacement.log'[/repr.filename]…
[STA-1173] /Users/aoxo/.ciel/ciel/sky130/versions/74c0e6b118a67d94c24172143d3bd597473fa63d/sky130A/libs.ref/sky130_fd_io/lib/sky130_ef_io__vccd_lvc_clamped_pad_ss_100C_1v60_3v00_3v00.lib line 42, default_fanout_load is 0.0.
[STA-1173] /Users/aoxo/.ciel/ciel/sky130/versions/74c0e6b118a67d94c24172143d3bd597473fa63d/sky130A/libs.ref/sky130_fd_io/lib/sky130_ef_io__vssd_lvc_clamped_pad_ss_100C_1v60_3v00.lib line 43, default_fanout_load is 0.0.
[STA-1173] /Users/aoxo/.ciel/ciel/sky130/versions/74c0e6b118a67d94c24172143d3bd597473fa63d/sky130A/libs.ref/sky130_fd_io/lib/sky130_ef_io__vddio_hvc_clamped_pad_ss_100C_1v60_3v00_3v00.lib line 42, default_fanout_load is 0.0.
[STA-1173] /Users/aoxo/.ciel/ciel/sky130/versions/74c0e6b118a67d94c24172143d3bd597473fa63d/sky130A/libs.ref/sky130_fd_io/lib/sky130_ef_io__vssio_hvc_clamped_pad_ss_100C_1v60_3v00_3v00.lib line 42, default_fanout_load is 0.0.
[STA-1173] /Users/aoxo/.ciel/ciel/sky130/versions/74c0e6b118a67d94c24172143d3bd597473fa63d/sky130A/libs.ref/sky130_fd_io/lib/sky130_ef_io__gpiov2_pad_ss_ss_100C_1v60_3v00.lib line 33, default_fanout_load is 0.0.
[STA-1173] /Users/aoxo/.ciel/ciel/sky130/versions/74c0e6b118a67d94c24172143d3bd597473fa63d/sky130A/libs.ref/sky130_fd_io/lib/slices_stubs.lib line 33, default_fanout_load is 0.0.
[STA-1173] /Users/aoxo/.ciel/ciel/sky130/versions/74c0e6b118a67d94c24172143d3bd597473fa63d/sky130A/libs.ref/sky130_fd_io/lib/sky130_ef_io__analog_stubs.lib line 43, default_fanout_load is 0.0.
[ORD-2056] The following 2 liberty cell(s) do not have LEF masters and will be marked as dont-use:
[STA-0441] set_input_delay relative to a clock defined on the same port/pin not allowed.
[STA-0441] set_input_delay relative to a clock defined on the same port/pin not allowed.
Running 'OpenROAD.CTS' at 'runs/RUN_2026-07-02_10-20-07/35-openroad-cts'…
Logging subprocess to [repr.filename]'runs/RUN_2026-07-02_10-20-07/35-openroad-cts/openroad-cts.log'[/repr.filename]…
[STA-1173] /Users/aoxo/.ciel/ciel/sky130/versions/74c0e6b118a67d94c24172143d3bd597473fa63d/sky130A/libs.ref/sky130_fd_io/lib/sky130_ef_io__vccd_lvc_clamped_pad_tt_025C_1v80_3v30_3v30.lib line 42, default_fanout_load is 0.0.
[STA-1173] /Users/aoxo/.ciel/ciel/sky130/versions/74c0e6b118a67d94c24172143d3bd597473fa63d/sky130A/libs.ref/sky130_fd_io/lib/sky130_ef_io__vssd_lvc_clamped_pad_tt_025C_1v80_3v30.lib line 43, default_fanout_load is 0.0.
[STA-1173] /Users/aoxo/.ciel/ciel/sky130/versions/74c0e6b118a67d94c24172143d3bd597473fa63d/sky130A/libs.ref/sky130_fd_io/lib/sky130_ef_io__vddio_hvc_clamped_pad_tt_025C_1v80_3v30_3v30.lib line 42, default_fanout_load is 0.0.
[STA-1173] /Users/aoxo/.ciel/ciel/sky130/versions/74c0e6b118a67d94c24172143d3bd597473fa63d/sky130A/libs.ref/sky130_fd_io/lib/sky130_ef_io__vssio_hvc_clamped_pad_tt_025C_1v80_3v30_3v30.lib line 42, default_fanout_load is 0.0.
[STA-1173] /Users/aoxo/.ciel/ciel/sky130/versions/74c0e6b118a67d94c24172143d3bd597473fa63d/sky130A/libs.ref/sky130_fd_io/lib/sky130_ef_io__gpiov2_pad_tt_tt_025C_1v80_3v30.lib line 33, default_fanout_load is 0.0.
[STA-1173] /Users/aoxo/.ciel/ciel/sky130/versions/74c0e6b118a67d94c24172143d3bd597473fa63d/sky130A/libs.ref/sky130_fd_io/lib/slices_stubs.lib line 33, default_fanout_load is 0.0.
[STA-1173] /Users/aoxo/.ciel/ciel/sky130/versions/74c0e6b118a67d94c24172143d3bd597473fa63d/sky130A/libs.ref/sky130_fd_io/lib/sky130_ef_io__analog_stubs.lib line 43, default_fanout_load is 0.0.
[STA-1173] /Users/aoxo/.ciel/ciel/sky130/versions/74c0e6b118a67d94c24172143d3bd597473fa63d/sky130A/libs.ref/sky130_fd_io/lib/sky130_ef_io__vccd_lvc_clamped_pad_ss_100C_1v60_3v00_3v00.lib line 42, default_fanout_load is 0.0.
[STA-1173] /Users/aoxo/.ciel/ciel/sky130/versions/74c0e6b118a67d94c24172143d3bd597473fa63d/sky130A/libs.ref/sky130_fd_io/lib/sky130_ef_io__vssd_lvc_clamped_pad_ss_100C_1v60_3v00.lib line 43, default_fanout_load is 0.0.
[STA-1173] /Users/aoxo/.ciel/ciel/sky130/versions/74c0e6b118a67d94c24172143d3bd597473fa63d/sky130A/libs.ref/sky130_fd_io/lib/sky130_ef_io__vddio_hvc_clamped_pad_ss_100C_1v60_3v00_3v00.lib line 42, default_fanout_load is 0.0.
[STA-1173] /Users/aoxo/.ciel/ciel/sky130/versions/74c0e6b118a67d94c24172143d3bd597473fa63d/sky130A/libs.ref/sky130_fd_io/lib/sky130_ef_io__vssio_hvc_clamped_pad_ss_100C_1v60_3v00_3v00.lib line 42, default_fanout_load is 0.0.
[STA-1173] /Users/aoxo/.ciel/ciel/sky130/versions/74c0e6b118a67d94c24172143d3bd597473fa63d/sky130A/libs.ref/sky130_fd_io/lib/sky130_ef_io__gpiov2_pad_ss_ss_100C_1v60_3v00.lib line 33, default_fanout_load is 0.0.
[STA-1111] cell sky130_ef_io__gpiov2_pad_ss_ss_100C_1v60_3v00/sky130_ef_io__gpiov2_pad OUT -> PAD timing group combinational not found in cell sky130_ef_io__gpiov2_pad_tt_tt_025C_1v80_3v30/sky130_ef_io__gpiov2_pad.
[STA-1111] cell sky130_ef_io__gpiov2_pad_ss_ss_100C_1v60_3v00/sky130_ef_io__gpiov2_pad OUT -> PAD timing group combinational not found in cell sky130_ef_io__gpiov2_pad_tt_tt_025C_1v80_3v30/sky130_ef_io__gpiov2_pad.
[STA-1111] cell sky130_ef_io__gpiov2_pad_ss_ss_100C_1v60_3v00/sky130_ef_io__gpiov2_pad OUT -> PAD timing group combinational not found in cell sky130_ef_io__gpiov2_pad_tt_tt_025C_1v80_3v30/sky130_ef_io__gpiov2_pad.
[STA-1111] cell sky130_ef_io__gpiov2_pad_ss_ss_100C_1v60_3v00/sky130_ef_io__gpiov2_pad OUT -> PAD timing group combinational not found in cell sky130_ef_io__gpiov2_pad_tt_tt_025C_1v80_3v30/sky130_ef_io__gpiov2_pad.
[STA-1140] /Users/aoxo/.ciel/ciel/sky130/versions/74c0e6b118a67d94c24172143d3bd597473fa63d/sky130A/libs.ref/sky130_fd_io/lib/slices_stubs.lib line 18, library slices_stubs already exists.
[STA-1173] /Users/aoxo/.ciel/ciel/sky130/versions/74c0e6b118a67d94c24172143d3bd597473fa63d/sky130A/libs.ref/sky130_fd_io/lib/slices_stubs.lib line 33, default_fanout_load is 0.0.
[STA-1140] /Users/aoxo/.ciel/ciel/sky130/versions/74c0e6b118a67d94c24172143d3bd597473fa63d/sky130A/libs.ref/sky130_fd_io/lib/sky130_ef_io__analog_stubs.lib line 18, library sky130_ef_io__analog_stubs already exists.
[STA-1173] /Users/aoxo/.ciel/ciel/sky130/versions/74c0e6b118a67d94c24172143d3bd597473fa63d/sky130A/libs.ref/sky130_fd_io/lib/sky130_ef_io__analog_stubs.lib line 43, default_fanout_load is 0.0.
[STA-1140] /Users/aoxo/.ciel/ciel/sky130/versions/74c0e6b118a67d94c24172143d3bd597473fa63d/sky130A/libs.ref/sky130_fd_sc_hd/lib/sky130_fd_sc_hd__tt_025C_1v80.lib line 1, library sky130_fd_sc_hd__tt_025C_1v80 already exists.
[STA-1140] /Users/aoxo/.ciel/ciel/sky130/versions/74c0e6b118a67d94c24172143d3bd597473fa63d/sky130A/libs.ref/sky130_fd_io/lib/sky130_ef_io__vccd_lvc_clamped_pad_tt_025C_1v80_3v30_3v30.lib line 18, library sky130_ef_io__vccd_lvc_clamped_pad_tt_025C_1v80_3v30_3v30 already exists.
[STA-1173] /Users/aoxo/.ciel/ciel/sky130/versions/74c0e6b118a67d94c24172143d3bd597473fa63d/sky130A/libs.ref/sky130_fd_io/lib/sky130_ef_io__vccd_lvc_clamped_pad_tt_025C_1v80_3v30_3v30.lib line 42, default_fanout_load is 0.0.
[STA-1140] /Users/aoxo/.ciel/ciel/sky130/versions/74c0e6b118a67d94c24172143d3bd597473fa63d/sky130A/libs.ref/sky130_fd_io/lib/sky130_ef_io__vssd_lvc_clamped_pad_tt_025C_1v80_3v30.lib line 18, library sky130_ef_io__vssd_lvc_clamped_pad_tt_025C_1v80_3v30 already exists.
[STA-1173] /Users/aoxo/.ciel/ciel/sky130/versions/74c0e6b118a67d94c24172143d3bd597473fa63d/sky130A/libs.ref/sky130_fd_io/lib/sky130_ef_io__vssd_lvc_clamped_pad_tt_025C_1v80_3v30.lib line 43, default_fanout_load is 0.0.
[STA-1140] /Users/aoxo/.ciel/ciel/sky130/versions/74c0e6b118a67d94c24172143d3bd597473fa63d/sky130A/libs.ref/sky130_fd_io/lib/sky130_ef_io__vddio_hvc_clamped_pad_tt_025C_1v80_3v30_3v30.lib line 18, library sky130_ef_io__vddio_hvc_clamped_pad_tt_025C_1v80_3v30_3v30 already exists.
[STA-1173] /Users/aoxo/.ciel/ciel/sky130/versions/74c0e6b118a67d94c24172143d3bd597473fa63d/sky130A/libs.ref/sky130_fd_io/lib/sky130_ef_io__vddio_hvc_clamped_pad_tt_025C_1v80_3v30_3v30.lib line 42, default_fanout_load is 0.0.
[STA-1140] /Users/aoxo/.ciel/ciel/sky130/versions/74c0e6b118a67d94c24172143d3bd597473fa63d/sky130A/libs.ref/sky130_fd_io/lib/sky130_ef_io__vssio_hvc_clamped_pad_tt_025C_1v80_3v30_3v30.lib line 18, library sky130_ef_io__vssio_hvc_clamped_pad_tt_025C_1v80_3v30_3v30 already exists.
[STA-1173] /Users/aoxo/.ciel/ciel/sky130/versions/74c0e6b118a67d94c24172143d3bd597473fa63d/sky130A/libs.ref/sky130_fd_io/lib/sky130_ef_io__vssio_hvc_clamped_pad_tt_025C_1v80_3v30_3v30.lib line 42, default_fanout_load is 0.0.
[STA-1140] /Users/aoxo/.ciel/ciel/sky130/versions/74c0e6b118a67d94c24172143d3bd597473fa63d/sky130A/libs.ref/sky130_fd_io/lib/sky130_ef_io__gpiov2_pad_tt_tt_025C_1v80_3v30.lib line 18, library sky130_ef_io__gpiov2_pad_tt_tt_025C_1v80_3v30 already exists.
[STA-1173] /Users/aoxo/.ciel/ciel/sky130/versions/74c0e6b118a67d94c24172143d3bd597473fa63d/sky130A/libs.ref/sky130_fd_io/lib/sky130_ef_io__gpiov2_pad_tt_tt_025C_1v80_3v30.lib line 33, default_fanout_load is 0.0.
[STA-1140] /Users/aoxo/.ciel/ciel/sky130/versions/74c0e6b118a67d94c24172143d3bd597473fa63d/sky130A/libs.ref/sky130_fd_io/lib/slices_stubs.lib line 18, library slices_stubs already exists.
[STA-1173] /Users/aoxo/.ciel/ciel/sky130/versions/74c0e6b118a67d94c24172143d3bd597473fa63d/sky130A/libs.ref/sky130_fd_io/lib/slices_stubs.lib line 33, default_fanout_load is 0.0.
[STA-1140] /Users/aoxo/.ciel/ciel/sky130/versions/74c0e6b118a67d94c24172143d3bd597473fa63d/sky130A/libs.ref/sky130_fd_io/lib/sky130_ef_io__analog_stubs.lib line 18, library sky130_ef_io__analog_stubs already exists.
[STA-1173] /Users/aoxo/.ciel/ciel/sky130/versions/74c0e6b118a67d94c24172143d3bd597473fa63d/sky130A/libs.ref/sky130_fd_io/lib/sky130_ef_io__analog_stubs.lib line 43, default_fanout_load is 0.0.
[STA-1173] /Users/aoxo/.ciel/ciel/sky130/versions/74c0e6b118a67d94c24172143d3bd597473fa63d/sky130A/libs.ref/sky130_fd_io/lib/sky130_ef_io__vccd_lvc_clamped_pad_ff_n40C_1v95_5v50_5v50.lib line 42, default_fanout_load is 0.0.
[STA-1173] /Users/aoxo/.ciel/ciel/sky130/versions/74c0e6b118a67d94c24172143d3bd597473fa63d/sky130A/libs.ref/sky130_fd_io/lib/sky130_ef_io__vssd_lvc_clamped_pad_ff_n40C_1v95_5v50.lib line 43, default_fanout_load is 0.0.
[STA-1173] /Users/aoxo/.ciel/ciel/sky130/versions/74c0e6b118a67d94c24172143d3bd597473fa63d/sky130A/libs.ref/sky130_fd_io/lib/sky130_ef_io__vddio_hvc_clamped_pad_ff_n40C_1v95_5v50_5v50.lib line 42, default_fanout_load is 0.0.
[STA-1173] /Users/aoxo/.ciel/ciel/sky130/versions/74c0e6b118a67d94c24172143d3bd597473fa63d/sky130A/libs.ref/sky130_fd_io/lib/sky130_ef_io__vssio_hvc_clamped_pad_ff_n40C_1v95_5v50_5v50.lib line 42, default_fanout_load is 0.0.
[STA-1173] /Users/aoxo/.ciel/ciel/sky130/versions/74c0e6b118a67d94c24172143d3bd597473fa63d/sky130A/libs.ref/sky130_fd_io/lib/sky130_ef_io__gpiov2_pad_ff_ff_n40C_1v95_5v50.lib line 33, default_fanout_load is 0.0.
[STA-1140] /Users/aoxo/.ciel/ciel/sky130/versions/74c0e6b118a67d94c24172143d3bd597473fa63d/sky130A/libs.ref/sky130_fd_io/lib/slices_stubs.lib line 18, library slices_stubs already exists.
[STA-1173] /Users/aoxo/.ciel/ciel/sky130/versions/74c0e6b118a67d94c24172143d3bd597473fa63d/sky130A/libs.ref/sky130_fd_io/lib/slices_stubs.lib line 33, default_fanout_load is 0.0.
[STA-1140] /Users/aoxo/.ciel/ciel/sky130/versions/74c0e6b118a67d94c24172143d3bd597473fa63d/sky130A/libs.ref/sky130_fd_io/lib/sky130_ef_io__analog_stubs.lib line 18, library sky130_ef_io__analog_stubs already exists.
[STA-1173] /Users/aoxo/.ciel/ciel/sky130/versions/74c0e6b118a67d94c24172143d3bd597473fa63d/sky130A/libs.ref/sky130_fd_io/lib/sky130_ef_io__analog_stubs.lib line 43, default_fanout_load is 0.0.
[STA-1140] /Users/aoxo/.ciel/ciel/sky130/versions/74c0e6b118a67d94c24172143d3bd597473fa63d/sky130A/libs.ref/sky130_fd_sc_hd/lib/sky130_fd_sc_hd__ff_n40C_1v95.lib line 1, library sky130_fd_sc_hd__ff_n40C_1v95 already exists.
[STA-1140] /Users/aoxo/.ciel/ciel/sky130/versions/74c0e6b118a67d94c24172143d3bd597473fa63d/sky130A/libs.ref/sky130_fd_io/lib/sky130_ef_io__vccd_lvc_clamped_pad_ff_n40C_1v95_5v50_5v50.lib line 18, library sky130_ef_io__vccd_lvc_clamped_pad_ff_n40C_1v95_5v50_5v50 already exists.
[STA-1173] /Users/aoxo/.ciel/ciel/sky130/versions/74c0e6b118a67d94c24172143d3bd597473fa63d/sky130A/libs.ref/sky130_fd_io/lib/sky130_ef_io__vccd_lvc_clamped_pad_ff_n40C_1v95_5v50_5v50.lib line 42, default_fanout_load is 0.0.
[STA-1140] /Users/aoxo/.ciel/ciel/sky130/versions/74c0e6b118a67d94c24172143d3bd597473fa63d/sky130A/libs.ref/sky130_fd_io/lib/sky130_ef_io__vssd_lvc_clamped_pad_ff_n40C_1v95_5v50.lib line 18, library sky130_ef_io__vssd_lvc_clamped_pad_ff_n40C_1v95_5v50 already exists.
[STA-1173] /Users/aoxo/.ciel/ciel/sky130/versions/74c0e6b118a67d94c24172143d3bd597473fa63d/sky130A/libs.ref/sky130_fd_io/lib/sky130_ef_io__vssd_lvc_clamped_pad_ff_n40C_1v95_5v50.lib line 43, default_fanout_load is 0.0.
[STA-1140] /Users/aoxo/.ciel/ciel/sky130/versions/74c0e6b118a67d94c24172143d3bd597473fa63d/sky130A/libs.ref/sky130_fd_io/lib/sky130_ef_io__vddio_hvc_clamped_pad_ff_n40C_1v95_5v50_5v50.lib line 18, library sky130_ef_io__vddio_hvc_clamped_pad_ff_n40C_1v95_5v50_5v50 already exists.
[STA-1173] /Users/aoxo/.ciel/ciel/sky130/versions/74c0e6b118a67d94c24172143d3bd597473fa63d/sky130A/libs.ref/sky130_fd_io/lib/sky130_ef_io__vddio_hvc_clamped_pad_ff_n40C_1v95_5v50_5v50.lib line 42, default_fanout_load is 0.0.
[STA-1140] /Users/aoxo/.ciel/ciel/sky130/versions/74c0e6b118a67d94c24172143d3bd597473fa63d/sky130A/libs.ref/sky130_fd_io/lib/sky130_ef_io__vssio_hvc_clamped_pad_ff_n40C_1v95_5v50_5v50.lib line 18, library sky130_ef_io__vssio_hvc_clamped_pad_ff_n40C_1v95_5v50_5v50 already exists.
[STA-1173] /Users/aoxo/.ciel/ciel/sky130/versions/74c0e6b118a67d94c24172143d3bd597473fa63d/sky130A/libs.ref/sky130_fd_io/lib/sky130_ef_io__vssio_hvc_clamped_pad_ff_n40C_1v95_5v50_5v50.lib line 42, default_fanout_load is 0.0.
[STA-1140] /Users/aoxo/.ciel/ciel/sky130/versions/74c0e6b118a67d94c24172143d3bd597473fa63d/sky130A/libs.ref/sky130_fd_io/lib/sky130_ef_io__gpiov2_pad_ff_ff_n40C_1v95_5v50.lib line 18, library sky130_ef_io__gpiov2_pad_ff_ff_n40C_1v95_5v50 already exists.
[STA-1173] /Users/aoxo/.ciel/ciel/sky130/versions/74c0e6b118a67d94c24172143d3bd597473fa63d/sky130A/libs.ref/sky130_fd_io/lib/sky130_ef_io__gpiov2_pad_ff_ff_n40C_1v95_5v50.lib line 33, default_fanout_load is 0.0.
[STA-1140] /Users/aoxo/.ciel/ciel/sky130/versions/74c0e6b118a67d94c24172143d3bd597473fa63d/sky130A/libs.ref/sky130_fd_io/lib/slices_stubs.lib line 18, library slices_stubs already exists.
[STA-1173] /Users/aoxo/.ciel/ciel/sky130/versions/74c0e6b118a67d94c24172143d3bd597473fa63d/sky130A/libs.ref/sky130_fd_io/lib/slices_stubs.lib line 33, default_fanout_load is 0.0.
[STA-1140] /Users/aoxo/.ciel/ciel/sky130/versions/74c0e6b118a67d94c24172143d3bd597473fa63d/sky130A/libs.ref/sky130_fd_io/lib/sky130_ef_io__analog_stubs.lib line 18, library sky130_ef_io__analog_stubs already exists.
[STA-1173] /Users/aoxo/.ciel/ciel/sky130/versions/74c0e6b118a67d94c24172143d3bd597473fa63d/sky130A/libs.ref/sky130_fd_io/lib/sky130_ef_io__analog_stubs.lib line 43, default_fanout_load is 0.0.
[STA-1140] /Users/aoxo/.ciel/ciel/sky130/versions/74c0e6b118a67d94c24172143d3bd597473fa63d/sky130A/libs.ref/sky130_fd_sc_hd/lib/sky130_fd_sc_hd__ss_100C_1v60.lib line 1, library sky130_fd_sc_hd__ss_100C_1v60 already exists.
[STA-1140] /Users/aoxo/.ciel/ciel/sky130/versions/74c0e6b118a67d94c24172143d3bd597473fa63d/sky130A/libs.ref/sky130_fd_io/lib/sky130_ef_io__vccd_lvc_clamped_pad_ss_100C_1v60_3v00_3v00.lib line 18, library sky130_ef_io__vccd_lvc_clamped_pad_ss_100C_1v60_3v00_3v00 already exists.
[STA-1173] /Users/aoxo/.ciel/ciel/sky130/versions/74c0e6b118a67d94c24172143d3bd597473fa63d/sky130A/libs.ref/sky130_fd_io/lib/sky130_ef_io__vccd_lvc_clamped_pad_ss_100C_1v60_3v00_3v00.lib line 42, default_fanout_load is 0.0.
[STA-1140] /Users/aoxo/.ciel/ciel/sky130/versions/74c0e6b118a67d94c24172143d3bd597473fa63d/sky130A/libs.ref/sky130_fd_io/lib/sky130_ef_io__vssd_lvc_clamped_pad_ss_100C_1v60_3v00.lib line 18, library sky130_ef_io__vssd_lvc_clamped_pad_ss_100C_1v60_3v00 already exists.
[STA-1173] /Users/aoxo/.ciel/ciel/sky130/versions/74c0e6b118a67d94c24172143d3bd597473fa63d/sky130A/libs.ref/sky130_fd_io/lib/sky130_ef_io__vssd_lvc_clamped_pad_ss_100C_1v60_3v00.lib line 43, default_fanout_load is 0.0.
[STA-1140] /Users/aoxo/.ciel/ciel/sky130/versions/74c0e6b118a67d94c24172143d3bd597473fa63d/sky130A/libs.ref/sky130_fd_io/lib/sky130_ef_io__vddio_hvc_clamped_pad_ss_100C_1v60_3v00_3v00.lib line 18, library sky130_ef_io__vddio_hvc_clamped_pad_ss_100C_1v60_3v00_3v00 already exists.
[STA-1173] /Users/aoxo/.ciel/ciel/sky130/versions/74c0e6b118a67d94c24172143d3bd597473fa63d/sky130A/libs.ref/sky130_fd_io/lib/sky130_ef_io__vddio_hvc_clamped_pad_ss_100C_1v60_3v00_3v00.lib line 42, default_fanout_load is 0.0.
[STA-1140] /Users/aoxo/.ciel/ciel/sky130/versions/74c0e6b118a67d94c24172143d3bd597473fa63d/sky130A/libs.ref/sky130_fd_io/lib/sky130_ef_io__vssio_hvc_clamped_pad_ss_100C_1v60_3v00_3v00.lib line 18, library sky130_ef_io__vssio_hvc_clamped_pad_ss_100C_1v60_3v00_3v00 already exists.
[STA-1173] /Users/aoxo/.ciel/ciel/sky130/versions/74c0e6b118a67d94c24172143d3bd597473fa63d/sky130A/libs.ref/sky130_fd_io/lib/sky130_ef_io__vssio_hvc_clamped_pad_ss_100C_1v60_3v00_3v00.lib line 42, default_fanout_load is 0.0.
[STA-1140] /Users/aoxo/.ciel/ciel/sky130/versions/74c0e6b118a67d94c24172143d3bd597473fa63d/sky130A/libs.ref/sky130_fd_io/lib/sky130_ef_io__gpiov2_pad_ss_ss_100C_1v60_3v00.lib line 18, library sky130_ef_io__gpiov2_pad_ss_ss_100C_1v60_3v00 already exists.
[STA-1173] /Users/aoxo/.ciel/ciel/sky130/versions/74c0e6b118a67d94c24172143d3bd597473fa63d/sky130A/libs.ref/sky130_fd_io/lib/sky130_ef_io__gpiov2_pad_ss_ss_100C_1v60_3v00.lib line 33, default_fanout_load is 0.0.
[STA-1111] cell sky130_ef_io__gpiov2_pad_ss_ss_100C_1v60_3v00/sky130_ef_io__gpiov2_pad OUT -> PAD timing group combinational not found in cell sky130_ef_io__gpiov2_pad_tt_tt_025C_1v80_3v30/sky130_ef_io__gpiov2_pad.
[STA-1111] cell sky130_ef_io__gpiov2_pad_ss_ss_100C_1v60_3v00/sky130_ef_io__gpiov2_pad OUT -> PAD timing group combinational not found in cell sky130_ef_io__gpiov2_pad_tt_tt_025C_1v80_3v30/sky130_ef_io__gpiov2_pad.
[STA-1111] cell sky130_ef_io__gpiov2_pad_ss_ss_100C_1v60_3v00/sky130_ef_io__gpiov2_pad OUT -> PAD timing group combinational not found in cell sky130_ef_io__gpiov2_pad_tt_tt_025C_1v80_3v30/sky130_ef_io__gpiov2_pad.
[STA-1111] cell sky130_ef_io__gpiov2_pad_ss_ss_100C_1v60_3v00/sky130_ef_io__gpiov2_pad OUT -> PAD timing group combinational not found in cell sky130_ef_io__gpiov2_pad_tt_tt_025C_1v80_3v30/sky130_ef_io__gpiov2_pad.
[STA-1140] /Users/aoxo/.ciel/ciel/sky130/versions/74c0e6b118a67d94c24172143d3bd597473fa63d/sky130A/libs.ref/sky130_fd_io/lib/slices_stubs.lib line 18, library slices_stubs already exists.
[STA-1173] /Users/aoxo/.ciel/ciel/sky130/versions/74c0e6b118a67d94c24172143d3bd597473fa63d/sky130A/libs.ref/sky130_fd_io/lib/slices_stubs.lib line 33, default_fanout_load is 0.0.
[STA-1140] /Users/aoxo/.ciel/ciel/sky130/versions/74c0e6b118a67d94c24172143d3bd597473fa63d/sky130A/libs.ref/sky130_fd_io/lib/sky130_ef_io__analog_stubs.lib line 18, library sky130_ef_io__analog_stubs already exists.
[STA-1173] /Users/aoxo/.ciel/ciel/sky130/versions/74c0e6b118a67d94c24172143d3bd597473fa63d/sky130A/libs.ref/sky130_fd_io/lib/sky130_ef_io__analog_stubs.lib line 43, default_fanout_load is 0.0.
[STA-1140] /Users/aoxo/.ciel/ciel/sky130/versions/74c0e6b118a67d94c24172143d3bd597473fa63d/sky130A/libs.ref/sky130_fd_sc_hd/lib/sky130_fd_sc_hd__tt_025C_1v80.lib line 1, library sky130_fd_sc_hd__tt_025C_1v80 already exists.
[STA-1140] /Users/aoxo/.ciel/ciel/sky130/versions/74c0e6b118a67d94c24172143d3bd597473fa63d/sky130A/libs.ref/sky130_fd_io/lib/sky130_ef_io__vccd_lvc_clamped_pad_tt_025C_1v80_3v30_3v30.lib line 18, library sky130_ef_io__vccd_lvc_clamped_pad_tt_025C_1v80_3v30_3v30 already exists.
[STA-1173] /Users/aoxo/.ciel/ciel/sky130/versions/74c0e6b118a67d94c24172143d3bd597473fa63d/sky130A/libs.ref/sky130_fd_io/lib/sky130_ef_io__vccd_lvc_clamped_pad_tt_025C_1v80_3v30_3v30.lib line 42, default_fanout_load is 0.0.
[STA-1140] /Users/aoxo/.ciel/ciel/sky130/versions/74c0e6b118a67d94c24172143d3bd597473fa63d/sky130A/libs.ref/sky130_fd_io/lib/sky130_ef_io__vssd_lvc_clamped_pad_tt_025C_1v80_3v30.lib line 18, library sky130_ef_io__vssd_lvc_clamped_pad_tt_025C_1v80_3v30 already exists.
[STA-1173] /Users/aoxo/.ciel/ciel/sky130/versions/74c0e6b118a67d94c24172143d3bd597473fa63d/sky130A/libs.ref/sky130_fd_io/lib/sky130_ef_io__vssd_lvc_clamped_pad_tt_025C_1v80_3v30.lib line 43, default_fanout_load is 0.0.
[STA-1140] /Users/aoxo/.ciel/ciel/sky130/versions/74c0e6b118a67d94c24172143d3bd597473fa63d/sky130A/libs.ref/sky130_fd_io/lib/sky130_ef_io__vddio_hvc_clamped_pad_tt_025C_1v80_3v30_3v30.lib line 18, library sky130_ef_io__vddio_hvc_clamped_pad_tt_025C_1v80_3v30_3v30 already exists.
[STA-1173] /Users/aoxo/.ciel/ciel/sky130/versions/74c0e6b118a67d94c24172143d3bd597473fa63d/sky130A/libs.ref/sky130_fd_io/lib/sky130_ef_io__vddio_hvc_clamped_pad_tt_025C_1v80_3v30_3v30.lib line 42, default_fanout_load is 0.0.
[STA-1140] /Users/aoxo/.ciel/ciel/sky130/versions/74c0e6b118a67d94c24172143d3bd597473fa63d/sky130A/libs.ref/sky130_fd_io/lib/sky130_ef_io__vssio_hvc_clamped_pad_tt_025C_1v80_3v30_3v30.lib line 18, library sky130_ef_io__vssio_hvc_clamped_pad_tt_025C_1v80_3v30_3v30 already exists.
[STA-1173] /Users/aoxo/.ciel/ciel/sky130/versions/74c0e6b118a67d94c24172143d3bd597473fa63d/sky130A/libs.ref/sky130_fd_io/lib/sky130_ef_io__vssio_hvc_clamped_pad_tt_025C_1v80_3v30_3v30.lib line 42, default_fanout_load is 0.0.
[STA-1140] /Users/aoxo/.ciel/ciel/sky130/versions/74c0e6b118a67d94c24172143d3bd597473fa63d/sky130A/libs.ref/sky130_fd_io/lib/sky130_ef_io__gpiov2_pad_tt_tt_025C_1v80_3v30.lib line 18, library sky130_ef_io__gpiov2_pad_tt_tt_025C_1v80_3v30 already exists.
[STA-1173] /Users/aoxo/.ciel/ciel/sky130/versions/74c0e6b118a67d94c24172143d3bd597473fa63d/sky130A/libs.ref/sky130_fd_io/lib/sky130_ef_io__gpiov2_pad_tt_tt_025C_1v80_3v30.lib line 33, default_fanout_load is 0.0.
[STA-1140] /Users/aoxo/.ciel/ciel/sky130/versions/74c0e6b118a67d94c24172143d3bd597473fa63d/sky130A/libs.ref/sky130_fd_io/lib/slices_stubs.lib line 18, library slices_stubs already exists.
[STA-1173] /Users/aoxo/.ciel/ciel/sky130/versions/74c0e6b118a67d94c24172143d3bd597473fa63d/sky130A/libs.ref/sky130_fd_io/lib/slices_stubs.lib line 33, default_fanout_load is 0.0.
[STA-1140] /Users/aoxo/.ciel/ciel/sky130/versions/74c0e6b118a67d94c24172143d3bd597473fa63d/sky130A/libs.ref/sky130_fd_io/lib/sky130_ef_io__analog_stubs.lib line 18, library sky130_ef_io__analog_stubs already exists.
[STA-1173] /Users/aoxo/.ciel/ciel/sky130/versions/74c0e6b118a67d94c24172143d3bd597473fa63d/sky130A/libs.ref/sky130_fd_io/lib/sky130_ef_io__analog_stubs.lib line 43, default_fanout_load is 0.0.
[STA-1140] /Users/aoxo/.ciel/ciel/sky130/versions/74c0e6b118a67d94c24172143d3bd597473fa63d/sky130A/libs.ref/sky130_fd_sc_hd/lib/sky130_fd_sc_hd__ss_100C_1v60.lib line 1, library sky130_fd_sc_hd__ss_100C_1v60 already exists.
[STA-1140] /Users/aoxo/.ciel/ciel/sky130/versions/74c0e6b118a67d94c24172143d3bd597473fa63d/sky130A/libs.ref/sky130_fd_io/lib/sky130_ef_io__vccd_lvc_clamped_pad_ss_100C_1v60_3v00_3v00.lib line 18, library sky130_ef_io__vccd_lvc_clamped_pad_ss_100C_1v60_3v00_3v00 already exists.
[STA-1173] /Users/aoxo/.ciel/ciel/sky130/versions/74c0e6b118a67d94c24172143d3bd597473fa63d/sky130A/libs.ref/sky130_fd_io/lib/sky130_ef_io__vccd_lvc_clamped_pad_ss_100C_1v60_3v00_3v00.lib line 42, default_fanout_load is 0.0.
[STA-1140] /Users/aoxo/.ciel/ciel/sky130/versions/74c0e6b118a67d94c24172143d3bd597473fa63d/sky130A/libs.ref/sky130_fd_io/lib/sky130_ef_io__vssd_lvc_clamped_pad_ss_100C_1v60_3v00.lib line 18, library sky130_ef_io__vssd_lvc_clamped_pad_ss_100C_1v60_3v00 already exists.
[STA-1173] /Users/aoxo/.ciel/ciel/sky130/versions/74c0e6b118a67d94c24172143d3bd597473fa63d/sky130A/libs.ref/sky130_fd_io/lib/sky130_ef_io__vssd_lvc_clamped_pad_ss_100C_1v60_3v00.lib line 43, default_fanout_load is 0.0.
[STA-1140] /Users/aoxo/.ciel/ciel/sky130/versions/74c0e6b118a67d94c24172143d3bd597473fa63d/sky130A/libs.ref/sky130_fd_io/lib/sky130_ef_io__vddio_hvc_clamped_pad_ss_100C_1v60_3v00_3v00.lib line 18, library sky130_ef_io__vddio_hvc_clamped_pad_ss_100C_1v60_3v00_3v00 already exists.
[STA-1173] /Users/aoxo/.ciel/ciel/sky130/versions/74c0e6b118a67d94c24172143d3bd597473fa63d/sky130A/libs.ref/sky130_fd_io/lib/sky130_ef_io__vddio_hvc_clamped_pad_ss_100C_1v60_3v00_3v00.lib line 42, default_fanout_load is 0.0.
[STA-1140] /Users/aoxo/.ciel/ciel/sky130/versions/74c0e6b118a67d94c24172143d3bd597473fa63d/sky130A/libs.ref/sky130_fd_io/lib/sky130_ef_io__vssio_hvc_clamped_pad_ss_100C_1v60_3v00_3v00.lib line 18, library sky130_ef_io__vssio_hvc_clamped_pad_ss_100C_1v60_3v00_3v00 already exists.
[STA-1173] /Users/aoxo/.ciel/ciel/sky130/versions/74c0e6b118a67d94c24172143d3bd597473fa63d/sky130A/libs.ref/sky130_fd_io/lib/sky130_ef_io__vssio_hvc_clamped_pad_ss_100C_1v60_3v00_3v00.lib line 42, default_fanout_load is 0.0.
[STA-1140] /Users/aoxo/.ciel/ciel/sky130/versions/74c0e6b118a67d94c24172143d3bd597473fa63d/sky130A/libs.ref/sky130_fd_io/lib/sky130_ef_io__gpiov2_pad_ss_ss_100C_1v60_3v00.lib line 18, library sky130_ef_io__gpiov2_pad_ss_ss_100C_1v60_3v00 already exists.
[STA-1173] /Users/aoxo/.ciel/ciel/sky130/versions/74c0e6b118a67d94c24172143d3bd597473fa63d/sky130A/libs.ref/sky130_fd_io/lib/sky130_ef_io__gpiov2_pad_ss_ss_100C_1v60_3v00.lib line 33, default_fanout_load is 0.0.
[STA-1111] cell sky130_ef_io__gpiov2_pad_ss_ss_100C_1v60_3v00/sky130_ef_io__gpiov2_pad OUT -> PAD timing group combinational not found in cell sky130_ef_io__gpiov2_pad_tt_tt_025C_1v80_3v30/sky130_ef_io__gpiov2_pad.
[STA-1111] cell sky130_ef_io__gpiov2_pad_ss_ss_100C_1v60_3v00/sky130_ef_io__gpiov2_pad OUT -> PAD timing group combinational not found in cell sky130_ef_io__gpiov2_pad_tt_tt_025C_1v80_3v30/sky130_ef_io__gpiov2_pad.
[STA-1111] cell sky130_ef_io__gpiov2_pad_ss_ss_100C_1v60_3v00/sky130_ef_io__gpiov2_pad OUT -> PAD timing group combinational not found in cell sky130_ef_io__gpiov2_pad_tt_tt_025C_1v80_3v30/sky130_ef_io__gpiov2_pad.
[STA-1111] cell sky130_ef_io__gpiov2_pad_ss_ss_100C_1v60_3v00/sky130_ef_io__gpiov2_pad OUT -> PAD timing group combinational not found in cell sky130_ef_io__gpiov2_pad_tt_tt_025C_1v80_3v30/sky130_ef_io__gpiov2_pad.
[STA-1140] /Users/aoxo/.ciel/ciel/sky130/versions/74c0e6b118a67d94c24172143d3bd597473fa63d/sky130A/libs.ref/sky130_fd_io/lib/slices_stubs.lib line 18, library slices_stubs already exists.
[STA-1173] /Users/aoxo/.ciel/ciel/sky130/versions/74c0e6b118a67d94c24172143d3bd597473fa63d/sky130A/libs.ref/sky130_fd_io/lib/slices_stubs.lib line 33, default_fanout_load is 0.0.
[STA-1140] /Users/aoxo/.ciel/ciel/sky130/versions/74c0e6b118a67d94c24172143d3bd597473fa63d/sky130A/libs.ref/sky130_fd_io/lib/sky130_ef_io__analog_stubs.lib line 18, library sky130_ef_io__analog_stubs already exists.
[STA-1173] /Users/aoxo/.ciel/ciel/sky130/versions/74c0e6b118a67d94c24172143d3bd597473fa63d/sky130A/libs.ref/sky130_fd_io/lib/sky130_ef_io__analog_stubs.lib line 43, default_fanout_load is 0.0.
[STA-1140] /Users/aoxo/.ciel/ciel/sky130/versions/74c0e6b118a67d94c24172143d3bd597473fa63d/sky130A/libs.ref/sky130_fd_sc_hd/lib/sky130_fd_sc_hd__ff_n40C_1v95.lib line 1, library sky130_fd_sc_hd__ff_n40C_1v95 already exists.
[STA-1140] /Users/aoxo/.ciel/ciel/sky130/versions/74c0e6b118a67d94c24172143d3bd597473fa63d/sky130A/libs.ref/sky130_fd_io/lib/sky130_ef_io__vccd_lvc_clamped_pad_ff_n40C_1v95_5v50_5v50.lib line 18, library sky130_ef_io__vccd_lvc_clamped_pad_ff_n40C_1v95_5v50_5v50 already exists.
[STA-1173] /Users/aoxo/.ciel/ciel/sky130/versions/74c0e6b118a67d94c24172143d3bd597473fa63d/sky130A/libs.ref/sky130_fd_io/lib/sky130_ef_io__vccd_lvc_clamped_pad_ff_n40C_1v95_5v50_5v50.lib line 42, default_fanout_load is 0.0.
[STA-1140] /Users/aoxo/.ciel/ciel/sky130/versions/74c0e6b118a67d94c24172143d3bd597473fa63d/sky130A/libs.ref/sky130_fd_io/lib/sky130_ef_io__vssd_lvc_clamped_pad_ff_n40C_1v95_5v50.lib line 18, library sky130_ef_io__vssd_lvc_clamped_pad_ff_n40C_1v95_5v50 already exists.
[STA-1173] /Users/aoxo/.ciel/ciel/sky130/versions/74c0e6b118a67d94c24172143d3bd597473fa63d/sky130A/libs.ref/sky130_fd_io/lib/sky130_ef_io__vssd_lvc_clamped_pad_ff_n40C_1v95_5v50.lib line 43, default_fanout_load is 0.0.
[STA-1140] /Users/aoxo/.ciel/ciel/sky130/versions/74c0e6b118a67d94c24172143d3bd597473fa63d/sky130A/libs.ref/sky130_fd_io/lib/sky130_ef_io__vddio_hvc_clamped_pad_ff_n40C_1v95_5v50_5v50.lib line 18, library sky130_ef_io__vddio_hvc_clamped_pad_ff_n40C_1v95_5v50_5v50 already exists.
[STA-1173] /Users/aoxo/.ciel/ciel/sky130/versions/74c0e6b118a67d94c24172143d3bd597473fa63d/sky130A/libs.ref/sky130_fd_io/lib/sky130_ef_io__vddio_hvc_clamped_pad_ff_n40C_1v95_5v50_5v50.lib line 42, default_fanout_load is 0.0.
[STA-1140] /Users/aoxo/.ciel/ciel/sky130/versions/74c0e6b118a67d94c24172143d3bd597473fa63d/sky130A/libs.ref/sky130_fd_io/lib/sky130_ef_io__vssio_hvc_clamped_pad_ff_n40C_1v95_5v50_5v50.lib line 18, library sky130_ef_io__vssio_hvc_clamped_pad_ff_n40C_1v95_5v50_5v50 already exists.
[STA-1173] /Users/aoxo/.ciel/ciel/sky130/versions/74c0e6b118a67d94c24172143d3bd597473fa63d/sky130A/libs.ref/sky130_fd_io/lib/sky130_ef_io__vssio_hvc_clamped_pad_ff_n40C_1v95_5v50_5v50.lib line 42, default_fanout_load is 0.0.
[STA-1140] /Users/aoxo/.ciel/ciel/sky130/versions/74c0e6b118a67d94c24172143d3bd597473fa63d/sky130A/libs.ref/sky130_fd_io/lib/sky130_ef_io__gpiov2_pad_ff_ff_n40C_1v95_5v50.lib line 18, library sky130_ef_io__gpiov2_pad_ff_ff_n40C_1v95_5v50 already exists.
[STA-1173] /Users/aoxo/.ciel/ciel/sky130/versions/74c0e6b118a67d94c24172143d3bd597473fa63d/sky130A/libs.ref/sky130_fd_io/lib/sky130_ef_io__gpiov2_pad_ff_ff_n40C_1v95_5v50.lib line 33, default_fanout_load is 0.0.
[STA-1140] /Users/aoxo/.ciel/ciel/sky130/versions/74c0e6b118a67d94c24172143d3bd597473fa63d/sky130A/libs.ref/sky130_fd_io/lib/slices_stubs.lib line 18, library slices_stubs already exists.
[STA-1173] /Users/aoxo/.ciel/ciel/sky130/versions/74c0e6b118a67d94c24172143d3bd597473fa63d/sky130A/libs.ref/sky130_fd_io/lib/slices_stubs.lib line 33, default_fanout_load is 0.0.
[STA-1140] /Users/aoxo/.ciel/ciel/sky130/versions/74c0e6b118a67d94c24172143d3bd597473fa63d/sky130A/libs.ref/sky130_fd_io/lib/sky130_ef_io__analog_stubs.lib line 18, library sky130_ef_io__analog_stubs already exists.
[STA-1173] /Users/aoxo/.ciel/ciel/sky130/versions/74c0e6b118a67d94c24172143d3bd597473fa63d/sky130A/libs.ref/sky130_fd_io/lib/sky130_ef_io__analog_stubs.lib line 43, default_fanout_load is 0.0.
[ORD-2056] The following 18 liberty cell(s) do not have LEF masters and will be marked as dont-use:
[STA-0441] set_input_delay relative to a clock defined on the same port/pin not allowed.
[STA-0441] set_input_delay relative to a clock defined on the same port/pin not allowed.
Running 'OpenROAD.STAMidPNR-1' at 'runs/RUN_2026-07-02_10-20-07/36-openroad-stamidpnr-1'…
Logging subprocess to [repr.filename]'runs/RUN_2026-07-02_10-20-07/36-openroad-stamidpnr-1/openroad-stamidpnr-1.log'[/repr.filename]…
[STA-1173] /Users/aoxo/.ciel/ciel/sky130/versions/74c0e6b118a67d94c24172143d3bd597473fa63d/sky130A/libs.ref/sky130_fd_io/lib/sky130_ef_io__vccd_lvc_clamped_pad_ss_100C_1v60_3v00_3v00.lib line 42, default_fanout_load is 0.0.
[STA-1173] /Users/aoxo/.ciel/ciel/sky130/versions/74c0e6b118a67d94c24172143d3bd597473fa63d/sky130A/libs.ref/sky130_fd_io/lib/sky130_ef_io__vssd_lvc_clamped_pad_ss_100C_1v60_3v00.lib line 43, default_fanout_load is 0.0.
[STA-1173] /Users/aoxo/.ciel/ciel/sky130/versions/74c0e6b118a67d94c24172143d3bd597473fa63d/sky130A/libs.ref/sky130_fd_io/lib/sky130_ef_io__vddio_hvc_clamped_pad_ss_100C_1v60_3v00_3v00.lib line 42, default_fanout_load is 0.0.
[STA-1173] /Users/aoxo/.ciel/ciel/sky130/versions/74c0e6b118a67d94c24172143d3bd597473fa63d/sky130A/libs.ref/sky130_fd_io/lib/sky130_ef_io__vssio_hvc_clamped_pad_ss_100C_1v60_3v00_3v00.lib line 42, default_fanout_load is 0.0.
[STA-1173] /Users/aoxo/.ciel/ciel/sky130/versions/74c0e6b118a67d94c24172143d3bd597473fa63d/sky130A/libs.ref/sky130_fd_io/lib/sky130_ef_io__gpiov2_pad_ss_ss_100C_1v60_3v00.lib line 33, default_fanout_load is 0.0.
[STA-1173] /Users/aoxo/.ciel/ciel/sky130/versions/74c0e6b118a67d94c24172143d3bd597473fa63d/sky130A/libs.ref/sky130_fd_io/lib/slices_stubs.lib line 33, default_fanout_load is 0.0.
[STA-1173] /Users/aoxo/.ciel/ciel/sky130/versions/74c0e6b118a67d94c24172143d3bd597473fa63d/sky130A/libs.ref/sky130_fd_io/lib/sky130_ef_io__analog_stubs.lib line 43, default_fanout_load is 0.0.
[ORD-2056] The following 2 liberty cell(s) do not have LEF masters and will be marked as dont-use:
[STA-0441] set_input_delay relative to a clock defined on the same port/pin not allowed.
[STA-0441] set_input_delay relative to a clock defined on the same port/pin not allowed.
Running 'OpenROAD.ResizerTimingPostCTS' at 'runs/RUN_2026-07-02_10-20-07/37-openroad-resizertimingpostcts'…
Logging subprocess to [repr.filename]'runs/RUN_2026-07-02_10-20-07/37-openroad-resizertimingpostcts/openroad-resizertimingpostcts.log'[/repr.filename]…
[STA-1173] /Users/aoxo/.ciel/ciel/sky130/versions/74c0e6b118a67d94c24172143d3bd597473fa63d/sky130A/libs.ref/sky130_fd_io/lib/sky130_ef_io__vccd_lvc_clamped_pad_tt_025C_1v80_3v30_3v30.lib line 42, default_fanout_load is 0.0.
[STA-1173] /Users/aoxo/.ciel/ciel/sky130/versions/74c0e6b118a67d94c24172143d3bd597473fa63d/sky130A/libs.ref/sky130_fd_io/lib/sky130_ef_io__vssd_lvc_clamped_pad_tt_025C_1v80_3v30.lib line 43, default_fanout_load is 0.0.
[STA-1173] /Users/aoxo/.ciel/ciel/sky130/versions/74c0e6b118a67d94c24172143d3bd597473fa63d/sky130A/libs.ref/sky130_fd_io/lib/sky130_ef_io__vddio_hvc_clamped_pad_tt_025C_1v80_3v30_3v30.lib line 42, default_fanout_load is 0.0.
[STA-1173] /Users/aoxo/.ciel/ciel/sky130/versions/74c0e6b118a67d94c24172143d3bd597473fa63d/sky130A/libs.ref/sky130_fd_io/lib/sky130_ef_io__vssio_hvc_clamped_pad_tt_025C_1v80_3v30_3v30.lib line 42, default_fanout_load is 0.0.
[STA-1173] /Users/aoxo/.ciel/ciel/sky130/versions/74c0e6b118a67d94c24172143d3bd597473fa63d/sky130A/libs.ref/sky130_fd_io/lib/sky130_ef_io__gpiov2_pad_tt_tt_025C_1v80_3v30.lib line 33, default_fanout_load is 0.0.
[STA-1173] /Users/aoxo/.ciel/ciel/sky130/versions/74c0e6b118a67d94c24172143d3bd597473fa63d/sky130A/libs.ref/sky130_fd_io/lib/slices_stubs.lib line 33, default_fanout_load is 0.0.
[STA-1173] /Users/aoxo/.ciel/ciel/sky130/versions/74c0e6b118a67d94c24172143d3bd597473fa63d/sky130A/libs.ref/sky130_fd_io/lib/sky130_ef_io__analog_stubs.lib line 43, default_fanout_load is 0.0.
[STA-1173] /Users/aoxo/.ciel/ciel/sky130/versions/74c0e6b118a67d94c24172143d3bd597473fa63d/sky130A/libs.ref/sky130_fd_io/lib/sky130_ef_io__vccd_lvc_clamped_pad_ss_100C_1v60_3v00_3v00.lib line 42, default_fanout_load is 0.0.
[STA-1173] /Users/aoxo/.ciel/ciel/sky130/versions/74c0e6b118a67d94c24172143d3bd597473fa63d/sky130A/libs.ref/sky130_fd_io/lib/sky130_ef_io__vssd_lvc_clamped_pad_ss_100C_1v60_3v00.lib line 43, default_fanout_load is 0.0.
[STA-1173] /Users/aoxo/.ciel/ciel/sky130/versions/74c0e6b118a67d94c24172143d3bd597473fa63d/sky130A/libs.ref/sky130_fd_io/lib/sky130_ef_io__vddio_hvc_clamped_pad_ss_100C_1v60_3v00_3v00.lib line 42, default_fanout_load is 0.0.
[STA-1173] /Users/aoxo/.ciel/ciel/sky130/versions/74c0e6b118a67d94c24172143d3bd597473fa63d/sky130A/libs.ref/sky130_fd_io/lib/sky130_ef_io__vssio_hvc_clamped_pad_ss_100C_1v60_3v00_3v00.lib line 42, default_fanout_load is 0.0.
[STA-1173] /Users/aoxo/.ciel/ciel/sky130/versions/74c0e6b118a67d94c24172143d3bd597473fa63d/sky130A/libs.ref/sky130_fd_io/lib/sky130_ef_io__gpiov2_pad_ss_ss_100C_1v60_3v00.lib line 33, default_fanout_load is 0.0.
[STA-1111] cell sky130_ef_io__gpiov2_pad_ss_ss_100C_1v60_3v00/sky130_ef_io__gpiov2_pad OUT -> PAD timing group combinational not found in cell sky130_ef_io__gpiov2_pad_tt_tt_025C_1v80_3v30/sky130_ef_io__gpiov2_pad.
[STA-1111] cell sky130_ef_io__gpiov2_pad_ss_ss_100C_1v60_3v00/sky130_ef_io__gpiov2_pad OUT -> PAD timing group combinational not found in cell sky130_ef_io__gpiov2_pad_tt_tt_025C_1v80_3v30/sky130_ef_io__gpiov2_pad.
[STA-1111] cell sky130_ef_io__gpiov2_pad_ss_ss_100C_1v60_3v00/sky130_ef_io__gpiov2_pad OUT -> PAD timing group combinational not found in cell sky130_ef_io__gpiov2_pad_tt_tt_025C_1v80_3v30/sky130_ef_io__gpiov2_pad.
[STA-1111] cell sky130_ef_io__gpiov2_pad_ss_ss_100C_1v60_3v00/sky130_ef_io__gpiov2_pad OUT -> PAD timing group combinational not found in cell sky130_ef_io__gpiov2_pad_tt_tt_025C_1v80_3v30/sky130_ef_io__gpiov2_pad.
[STA-1140] /Users/aoxo/.ciel/ciel/sky130/versions/74c0e6b118a67d94c24172143d3bd597473fa63d/sky130A/libs.ref/sky130_fd_io/lib/slices_stubs.lib line 18, library slices_stubs already exists.
[STA-1173] /Users/aoxo/.ciel/ciel/sky130/versions/74c0e6b118a67d94c24172143d3bd597473fa63d/sky130A/libs.ref/sky130_fd_io/lib/slices_stubs.lib line 33, default_fanout_load is 0.0.
[STA-1140] /Users/aoxo/.ciel/ciel/sky130/versions/74c0e6b118a67d94c24172143d3bd597473fa63d/sky130A/libs.ref/sky130_fd_io/lib/sky130_ef_io__analog_stubs.lib line 18, library sky130_ef_io__analog_stubs already exists.
[STA-1173] /Users/aoxo/.ciel/ciel/sky130/versions/74c0e6b118a67d94c24172143d3bd597473fa63d/sky130A/libs.ref/sky130_fd_io/lib/sky130_ef_io__analog_stubs.lib line 43, default_fanout_load is 0.0.
[STA-1140] /Users/aoxo/.ciel/ciel/sky130/versions/74c0e6b118a67d94c24172143d3bd597473fa63d/sky130A/libs.ref/sky130_fd_sc_hd/lib/sky130_fd_sc_hd__tt_025C_1v80.lib line 1, library sky130_fd_sc_hd__tt_025C_1v80 already exists.
[STA-1140] /Users/aoxo/.ciel/ciel/sky130/versions/74c0e6b118a67d94c24172143d3bd597473fa63d/sky130A/libs.ref/sky130_fd_io/lib/sky130_ef_io__vccd_lvc_clamped_pad_tt_025C_1v80_3v30_3v30.lib line 18, library sky130_ef_io__vccd_lvc_clamped_pad_tt_025C_1v80_3v30_3v30 already exists.
[STA-1173] /Users/aoxo/.ciel/ciel/sky130/versions/74c0e6b118a67d94c24172143d3bd597473fa63d/sky130A/libs.ref/sky130_fd_io/lib/sky130_ef_io__vccd_lvc_clamped_pad_tt_025C_1v80_3v30_3v30.lib line 42, default_fanout_load is 0.0.
[STA-1140] /Users/aoxo/.ciel/ciel/sky130/versions/74c0e6b118a67d94c24172143d3bd597473fa63d/sky130A/libs.ref/sky130_fd_io/lib/sky130_ef_io__vssd_lvc_clamped_pad_tt_025C_1v80_3v30.lib line 18, library sky130_ef_io__vssd_lvc_clamped_pad_tt_025C_1v80_3v30 already exists.
[STA-1173] /Users/aoxo/.ciel/ciel/sky130/versions/74c0e6b118a67d94c24172143d3bd597473fa63d/sky130A/libs.ref/sky130_fd_io/lib/sky130_ef_io__vssd_lvc_clamped_pad_tt_025C_1v80_3v30.lib line 43, default_fanout_load is 0.0.
[STA-1140] /Users/aoxo/.ciel/ciel/sky130/versions/74c0e6b118a67d94c24172143d3bd597473fa63d/sky130A/libs.ref/sky130_fd_io/lib/sky130_ef_io__vddio_hvc_clamped_pad_tt_025C_1v80_3v30_3v30.lib line 18, library sky130_ef_io__vddio_hvc_clamped_pad_tt_025C_1v80_3v30_3v30 already exists.
[STA-1173] /Users/aoxo/.ciel/ciel/sky130/versions/74c0e6b118a67d94c24172143d3bd597473fa63d/sky130A/libs.ref/sky130_fd_io/lib/sky130_ef_io__vddio_hvc_clamped_pad_tt_025C_1v80_3v30_3v30.lib line 42, default_fanout_load is 0.0.
[STA-1140] /Users/aoxo/.ciel/ciel/sky130/versions/74c0e6b118a67d94c24172143d3bd597473fa63d/sky130A/libs.ref/sky130_fd_io/lib/sky130_ef_io__vssio_hvc_clamped_pad_tt_025C_1v80_3v30_3v30.lib line 18, library sky130_ef_io__vssio_hvc_clamped_pad_tt_025C_1v80_3v30_3v30 already exists.
[STA-1173] /Users/aoxo/.ciel/ciel/sky130/versions/74c0e6b118a67d94c24172143d3bd597473fa63d/sky130A/libs.ref/sky130_fd_io/lib/sky130_ef_io__vssio_hvc_clamped_pad_tt_025C_1v80_3v30_3v30.lib line 42, default_fanout_load is 0.0.
[STA-1140] /Users/aoxo/.ciel/ciel/sky130/versions/74c0e6b118a67d94c24172143d3bd597473fa63d/sky130A/libs.ref/sky130_fd_io/lib/sky130_ef_io__gpiov2_pad_tt_tt_025C_1v80_3v30.lib line 18, library sky130_ef_io__gpiov2_pad_tt_tt_025C_1v80_3v30 already exists.
[STA-1173] /Users/aoxo/.ciel/ciel/sky130/versions/74c0e6b118a67d94c24172143d3bd597473fa63d/sky130A/libs.ref/sky130_fd_io/lib/sky130_ef_io__gpiov2_pad_tt_tt_025C_1v80_3v30.lib line 33, default_fanout_load is 0.0.
[STA-1140] /Users/aoxo/.ciel/ciel/sky130/versions/74c0e6b118a67d94c24172143d3bd597473fa63d/sky130A/libs.ref/sky130_fd_io/lib/slices_stubs.lib line 18, library slices_stubs already exists.
[STA-1173] /Users/aoxo/.ciel/ciel/sky130/versions/74c0e6b118a67d94c24172143d3bd597473fa63d/sky130A/libs.ref/sky130_fd_io/lib/slices_stubs.lib line 33, default_fanout_load is 0.0.
[STA-1140] /Users/aoxo/.ciel/ciel/sky130/versions/74c0e6b118a67d94c24172143d3bd597473fa63d/sky130A/libs.ref/sky130_fd_io/lib/sky130_ef_io__analog_stubs.lib line 18, library sky130_ef_io__analog_stubs already exists.
[STA-1173] /Users/aoxo/.ciel/ciel/sky130/versions/74c0e6b118a67d94c24172143d3bd597473fa63d/sky130A/libs.ref/sky130_fd_io/lib/sky130_ef_io__analog_stubs.lib line 43, default_fanout_load is 0.0.
[STA-1173] /Users/aoxo/.ciel/ciel/sky130/versions/74c0e6b118a67d94c24172143d3bd597473fa63d/sky130A/libs.ref/sky130_fd_io/lib/sky130_ef_io__vccd_lvc_clamped_pad_ff_n40C_1v95_5v50_5v50.lib line 42, default_fanout_load is 0.0.
[STA-1173] /Users/aoxo/.ciel/ciel/sky130/versions/74c0e6b118a67d94c24172143d3bd597473fa63d/sky130A/libs.ref/sky130_fd_io/lib/sky130_ef_io__vssd_lvc_clamped_pad_ff_n40C_1v95_5v50.lib line 43, default_fanout_load is 0.0.
[STA-1173] /Users/aoxo/.ciel/ciel/sky130/versions/74c0e6b118a67d94c24172143d3bd597473fa63d/sky130A/libs.ref/sky130_fd_io/lib/sky130_ef_io__vddio_hvc_clamped_pad_ff_n40C_1v95_5v50_5v50.lib line 42, default_fanout_load is 0.0.
[STA-1173] /Users/aoxo/.ciel/ciel/sky130/versions/74c0e6b118a67d94c24172143d3bd597473fa63d/sky130A/libs.ref/sky130_fd_io/lib/sky130_ef_io__vssio_hvc_clamped_pad_ff_n40C_1v95_5v50_5v50.lib line 42, default_fanout_load is 0.0.
[STA-1173] /Users/aoxo/.ciel/ciel/sky130/versions/74c0e6b118a67d94c24172143d3bd597473fa63d/sky130A/libs.ref/sky130_fd_io/lib/sky130_ef_io__gpiov2_pad_ff_ff_n40C_1v95_5v50.lib line 33, default_fanout_load is 0.0.
[STA-1140] /Users/aoxo/.ciel/ciel/sky130/versions/74c0e6b118a67d94c24172143d3bd597473fa63d/sky130A/libs.ref/sky130_fd_io/lib/slices_stubs.lib line 18, library slices_stubs already exists.
[STA-1173] /Users/aoxo/.ciel/ciel/sky130/versions/74c0e6b118a67d94c24172143d3bd597473fa63d/sky130A/libs.ref/sky130_fd_io/lib/slices_stubs.lib line 33, default_fanout_load is 0.0.
[STA-1140] /Users/aoxo/.ciel/ciel/sky130/versions/74c0e6b118a67d94c24172143d3bd597473fa63d/sky130A/libs.ref/sky130_fd_io/lib/sky130_ef_io__analog_stubs.lib line 18, library sky130_ef_io__analog_stubs already exists.
[STA-1173] /Users/aoxo/.ciel/ciel/sky130/versions/74c0e6b118a67d94c24172143d3bd597473fa63d/sky130A/libs.ref/sky130_fd_io/lib/sky130_ef_io__analog_stubs.lib line 43, default_fanout_load is 0.0.
[STA-1140] /Users/aoxo/.ciel/ciel/sky130/versions/74c0e6b118a67d94c24172143d3bd597473fa63d/sky130A/libs.ref/sky130_fd_sc_hd/lib/sky130_fd_sc_hd__ff_n40C_1v95.lib line 1, library sky130_fd_sc_hd__ff_n40C_1v95 already exists.
[STA-1140] /Users/aoxo/.ciel/ciel/sky130/versions/74c0e6b118a67d94c24172143d3bd597473fa63d/sky130A/libs.ref/sky130_fd_io/lib/sky130_ef_io__vccd_lvc_clamped_pad_ff_n40C_1v95_5v50_5v50.lib line 18, library sky130_ef_io__vccd_lvc_clamped_pad_ff_n40C_1v95_5v50_5v50 already exists.
[STA-1173] /Users/aoxo/.ciel/ciel/sky130/versions/74c0e6b118a67d94c24172143d3bd597473fa63d/sky130A/libs.ref/sky130_fd_io/lib/sky130_ef_io__vccd_lvc_clamped_pad_ff_n40C_1v95_5v50_5v50.lib line 42, default_fanout_load is 0.0.
[STA-1140] /Users/aoxo/.ciel/ciel/sky130/versions/74c0e6b118a67d94c24172143d3bd597473fa63d/sky130A/libs.ref/sky130_fd_io/lib/sky130_ef_io__vssd_lvc_clamped_pad_ff_n40C_1v95_5v50.lib line 18, library sky130_ef_io__vssd_lvc_clamped_pad_ff_n40C_1v95_5v50 already exists.
[STA-1173] /Users/aoxo/.ciel/ciel/sky130/versions/74c0e6b118a67d94c24172143d3bd597473fa63d/sky130A/libs.ref/sky130_fd_io/lib/sky130_ef_io__vssd_lvc_clamped_pad_ff_n40C_1v95_5v50.lib line 43, default_fanout_load is 0.0.
[STA-1140] /Users/aoxo/.ciel/ciel/sky130/versions/74c0e6b118a67d94c24172143d3bd597473fa63d/sky130A/libs.ref/sky130_fd_io/lib/sky130_ef_io__vddio_hvc_clamped_pad_ff_n40C_1v95_5v50_5v50.lib line 18, library sky130_ef_io__vddio_hvc_clamped_pad_ff_n40C_1v95_5v50_5v50 already exists.
[STA-1173] /Users/aoxo/.ciel/ciel/sky130/versions/74c0e6b118a67d94c24172143d3bd597473fa63d/sky130A/libs.ref/sky130_fd_io/lib/sky130_ef_io__vddio_hvc_clamped_pad_ff_n40C_1v95_5v50_5v50.lib line 42, default_fanout_load is 0.0.
[STA-1140] /Users/aoxo/.ciel/ciel/sky130/versions/74c0e6b118a67d94c24172143d3bd597473fa63d/sky130A/libs.ref/sky130_fd_io/lib/sky130_ef_io__vssio_hvc_clamped_pad_ff_n40C_1v95_5v50_5v50.lib line 18, library sky130_ef_io__vssio_hvc_clamped_pad_ff_n40C_1v95_5v50_5v50 already exists.
[STA-1173] /Users/aoxo/.ciel/ciel/sky130/versions/74c0e6b118a67d94c24172143d3bd597473fa63d/sky130A/libs.ref/sky130_fd_io/lib/sky130_ef_io__vssio_hvc_clamped_pad_ff_n40C_1v95_5v50_5v50.lib line 42, default_fanout_load is 0.0.
[STA-1140] /Users/aoxo/.ciel/ciel/sky130/versions/74c0e6b118a67d94c24172143d3bd597473fa63d/sky130A/libs.ref/sky130_fd_io/lib/sky130_ef_io__gpiov2_pad_ff_ff_n40C_1v95_5v50.lib line 18, library sky130_ef_io__gpiov2_pad_ff_ff_n40C_1v95_5v50 already exists.
[STA-1173] /Users/aoxo/.ciel/ciel/sky130/versions/74c0e6b118a67d94c24172143d3bd597473fa63d/sky130A/libs.ref/sky130_fd_io/lib/sky130_ef_io__gpiov2_pad_ff_ff_n40C_1v95_5v50.lib line 33, default_fanout_load is 0.0.
[STA-1140] /Users/aoxo/.ciel/ciel/sky130/versions/74c0e6b118a67d94c24172143d3bd597473fa63d/sky130A/libs.ref/sky130_fd_io/lib/slices_stubs.lib line 18, library slices_stubs already exists.
[STA-1173] /Users/aoxo/.ciel/ciel/sky130/versions/74c0e6b118a67d94c24172143d3bd597473fa63d/sky130A/libs.ref/sky130_fd_io/lib/slices_stubs.lib line 33, default_fanout_load is 0.0.
[STA-1140] /Users/aoxo/.ciel/ciel/sky130/versions/74c0e6b118a67d94c24172143d3bd597473fa63d/sky130A/libs.ref/sky130_fd_io/lib/sky130_ef_io__analog_stubs.lib line 18, library sky130_ef_io__analog_stubs already exists.
[STA-1173] /Users/aoxo/.ciel/ciel/sky130/versions/74c0e6b118a67d94c24172143d3bd597473fa63d/sky130A/libs.ref/sky130_fd_io/lib/sky130_ef_io__analog_stubs.lib line 43, default_fanout_load is 0.0.
[STA-1140] /Users/aoxo/.ciel/ciel/sky130/versions/74c0e6b118a67d94c24172143d3bd597473fa63d/sky130A/libs.ref/sky130_fd_sc_hd/lib/sky130_fd_sc_hd__ss_100C_1v60.lib line 1, library sky130_fd_sc_hd__ss_100C_1v60 already exists.
[STA-1140] /Users/aoxo/.ciel/ciel/sky130/versions/74c0e6b118a67d94c24172143d3bd597473fa63d/sky130A/libs.ref/sky130_fd_io/lib/sky130_ef_io__vccd_lvc_clamped_pad_ss_100C_1v60_3v00_3v00.lib line 18, library sky130_ef_io__vccd_lvc_clamped_pad_ss_100C_1v60_3v00_3v00 already exists.
[STA-1173] /Users/aoxo/.ciel/ciel/sky130/versions/74c0e6b118a67d94c24172143d3bd597473fa63d/sky130A/libs.ref/sky130_fd_io/lib/sky130_ef_io__vccd_lvc_clamped_pad_ss_100C_1v60_3v00_3v00.lib line 42, default_fanout_load is 0.0.
[STA-1140] /Users/aoxo/.ciel/ciel/sky130/versions/74c0e6b118a67d94c24172143d3bd597473fa63d/sky130A/libs.ref/sky130_fd_io/lib/sky130_ef_io__vssd_lvc_clamped_pad_ss_100C_1v60_3v00.lib line 18, library sky130_ef_io__vssd_lvc_clamped_pad_ss_100C_1v60_3v00 already exists.
[STA-1173] /Users/aoxo/.ciel/ciel/sky130/versions/74c0e6b118a67d94c24172143d3bd597473fa63d/sky130A/libs.ref/sky130_fd_io/lib/sky130_ef_io__vssd_lvc_clamped_pad_ss_100C_1v60_3v00.lib line 43, default_fanout_load is 0.0.
[STA-1140] /Users/aoxo/.ciel/ciel/sky130/versions/74c0e6b118a67d94c24172143d3bd597473fa63d/sky130A/libs.ref/sky130_fd_io/lib/sky130_ef_io__vddio_hvc_clamped_pad_ss_100C_1v60_3v00_3v00.lib line 18, library sky130_ef_io__vddio_hvc_clamped_pad_ss_100C_1v60_3v00_3v00 already exists.
[STA-1173] /Users/aoxo/.ciel/ciel/sky130/versions/74c0e6b118a67d94c24172143d3bd597473fa63d/sky130A/libs.ref/sky130_fd_io/lib/sky130_ef_io__vddio_hvc_clamped_pad_ss_100C_1v60_3v00_3v00.lib line 42, default_fanout_load is 0.0.
[STA-1140] /Users/aoxo/.ciel/ciel/sky130/versions/74c0e6b118a67d94c24172143d3bd597473fa63d/sky130A/libs.ref/sky130_fd_io/lib/sky130_ef_io__vssio_hvc_clamped_pad_ss_100C_1v60_3v00_3v00.lib line 18, library sky130_ef_io__vssio_hvc_clamped_pad_ss_100C_1v60_3v00_3v00 already exists.
[STA-1173] /Users/aoxo/.ciel/ciel/sky130/versions/74c0e6b118a67d94c24172143d3bd597473fa63d/sky130A/libs.ref/sky130_fd_io/lib/sky130_ef_io__vssio_hvc_clamped_pad_ss_100C_1v60_3v00_3v00.lib line 42, default_fanout_load is 0.0.
[STA-1140] /Users/aoxo/.ciel/ciel/sky130/versions/74c0e6b118a67d94c24172143d3bd597473fa63d/sky130A/libs.ref/sky130_fd_io/lib/sky130_ef_io__gpiov2_pad_ss_ss_100C_1v60_3v00.lib line 18, library sky130_ef_io__gpiov2_pad_ss_ss_100C_1v60_3v00 already exists.
[STA-1173] /Users/aoxo/.ciel/ciel/sky130/versions/74c0e6b118a67d94c24172143d3bd597473fa63d/sky130A/libs.ref/sky130_fd_io/lib/sky130_ef_io__gpiov2_pad_ss_ss_100C_1v60_3v00.lib line 33, default_fanout_load is 0.0.
[STA-1111] cell sky130_ef_io__gpiov2_pad_ss_ss_100C_1v60_3v00/sky130_ef_io__gpiov2_pad OUT -> PAD timing group combinational not found in cell sky130_ef_io__gpiov2_pad_tt_tt_025C_1v80_3v30/sky130_ef_io__gpiov2_pad.
[STA-1111] cell sky130_ef_io__gpiov2_pad_ss_ss_100C_1v60_3v00/sky130_ef_io__gpiov2_pad OUT -> PAD timing group combinational not found in cell sky130_ef_io__gpiov2_pad_tt_tt_025C_1v80_3v30/sky130_ef_io__gpiov2_pad.
[STA-1111] cell sky130_ef_io__gpiov2_pad_ss_ss_100C_1v60_3v00/sky130_ef_io__gpiov2_pad OUT -> PAD timing group combinational not found in cell sky130_ef_io__gpiov2_pad_tt_tt_025C_1v80_3v30/sky130_ef_io__gpiov2_pad.
[STA-1111] cell sky130_ef_io__gpiov2_pad_ss_ss_100C_1v60_3v00/sky130_ef_io__gpiov2_pad OUT -> PAD timing group combinational not found in cell sky130_ef_io__gpiov2_pad_tt_tt_025C_1v80_3v30/sky130_ef_io__gpiov2_pad.
[STA-1140] /Users/aoxo/.ciel/ciel/sky130/versions/74c0e6b118a67d94c24172143d3bd597473fa63d/sky130A/libs.ref/sky130_fd_io/lib/slices_stubs.lib line 18, library slices_stubs already exists.
[STA-1173] /Users/aoxo/.ciel/ciel/sky130/versions/74c0e6b118a67d94c24172143d3bd597473fa63d/sky130A/libs.ref/sky130_fd_io/lib/slices_stubs.lib line 33, default_fanout_load is 0.0.
[STA-1140] /Users/aoxo/.ciel/ciel/sky130/versions/74c0e6b118a67d94c24172143d3bd597473fa63d/sky130A/libs.ref/sky130_fd_io/lib/sky130_ef_io__analog_stubs.lib line 18, library sky130_ef_io__analog_stubs already exists.
[STA-1173] /Users/aoxo/.ciel/ciel/sky130/versions/74c0e6b118a67d94c24172143d3bd597473fa63d/sky130A/libs.ref/sky130_fd_io/lib/sky130_ef_io__analog_stubs.lib line 43, default_fanout_load is 0.0.
[STA-1140] /Users/aoxo/.ciel/ciel/sky130/versions/74c0e6b118a67d94c24172143d3bd597473fa63d/sky130A/libs.ref/sky130_fd_sc_hd/lib/sky130_fd_sc_hd__tt_025C_1v80.lib line 1, library sky130_fd_sc_hd__tt_025C_1v80 already exists.
[STA-1140] /Users/aoxo/.ciel/ciel/sky130/versions/74c0e6b118a67d94c24172143d3bd597473fa63d/sky130A/libs.ref/sky130_fd_io/lib/sky130_ef_io__vccd_lvc_clamped_pad_tt_025C_1v80_3v30_3v30.lib line 18, library sky130_ef_io__vccd_lvc_clamped_pad_tt_025C_1v80_3v30_3v30 already exists.
[STA-1173] /Users/aoxo/.ciel/ciel/sky130/versions/74c0e6b118a67d94c24172143d3bd597473fa63d/sky130A/libs.ref/sky130_fd_io/lib/sky130_ef_io__vccd_lvc_clamped_pad_tt_025C_1v80_3v30_3v30.lib line 42, default_fanout_load is 0.0.
[STA-1140] /Users/aoxo/.ciel/ciel/sky130/versions/74c0e6b118a67d94c24172143d3bd597473fa63d/sky130A/libs.ref/sky130_fd_io/lib/sky130_ef_io__vssd_lvc_clamped_pad_tt_025C_1v80_3v30.lib line 18, library sky130_ef_io__vssd_lvc_clamped_pad_tt_025C_1v80_3v30 already exists.
[STA-1173] /Users/aoxo/.ciel/ciel/sky130/versions/74c0e6b118a67d94c24172143d3bd597473fa63d/sky130A/libs.ref/sky130_fd_io/lib/sky130_ef_io__vssd_lvc_clamped_pad_tt_025C_1v80_3v30.lib line 43, default_fanout_load is 0.0.
[STA-1140] /Users/aoxo/.ciel/ciel/sky130/versions/74c0e6b118a67d94c24172143d3bd597473fa63d/sky130A/libs.ref/sky130_fd_io/lib/sky130_ef_io__vddio_hvc_clamped_pad_tt_025C_1v80_3v30_3v30.lib line 18, library sky130_ef_io__vddio_hvc_clamped_pad_tt_025C_1v80_3v30_3v30 already exists.
[STA-1173] /Users/aoxo/.ciel/ciel/sky130/versions/74c0e6b118a67d94c24172143d3bd597473fa63d/sky130A/libs.ref/sky130_fd_io/lib/sky130_ef_io__vddio_hvc_clamped_pad_tt_025C_1v80_3v30_3v30.lib line 42, default_fanout_load is 0.0.
[STA-1140] /Users/aoxo/.ciel/ciel/sky130/versions/74c0e6b118a67d94c24172143d3bd597473fa63d/sky130A/libs.ref/sky130_fd_io/lib/sky130_ef_io__vssio_hvc_clamped_pad_tt_025C_1v80_3v30_3v30.lib line 18, library sky130_ef_io__vssio_hvc_clamped_pad_tt_025C_1v80_3v30_3v30 already exists.
[STA-1173] /Users/aoxo/.ciel/ciel/sky130/versions/74c0e6b118a67d94c24172143d3bd597473fa63d/sky130A/libs.ref/sky130_fd_io/lib/sky130_ef_io__vssio_hvc_clamped_pad_tt_025C_1v80_3v30_3v30.lib line 42, default_fanout_load is 0.0.
[STA-1140] /Users/aoxo/.ciel/ciel/sky130/versions/74c0e6b118a67d94c24172143d3bd597473fa63d/sky130A/libs.ref/sky130_fd_io/lib/sky130_ef_io__gpiov2_pad_tt_tt_025C_1v80_3v30.lib line 18, library sky130_ef_io__gpiov2_pad_tt_tt_025C_1v80_3v30 already exists.
[STA-1173] /Users/aoxo/.ciel/ciel/sky130/versions/74c0e6b118a67d94c24172143d3bd597473fa63d/sky130A/libs.ref/sky130_fd_io/lib/sky130_ef_io__gpiov2_pad_tt_tt_025C_1v80_3v30.lib line 33, default_fanout_load is 0.0.
[STA-1140] /Users/aoxo/.ciel/ciel/sky130/versions/74c0e6b118a67d94c24172143d3bd597473fa63d/sky130A/libs.ref/sky130_fd_io/lib/slices_stubs.lib line 18, library slices_stubs already exists.
[STA-1173] /Users/aoxo/.ciel/ciel/sky130/versions/74c0e6b118a67d94c24172143d3bd597473fa63d/sky130A/libs.ref/sky130_fd_io/lib/slices_stubs.lib line 33, default_fanout_load is 0.0.
[STA-1140] /Users/aoxo/.ciel/ciel/sky130/versions/74c0e6b118a67d94c24172143d3bd597473fa63d/sky130A/libs.ref/sky130_fd_io/lib/sky130_ef_io__analog_stubs.lib line 18, library sky130_ef_io__analog_stubs already exists.
[STA-1173] /Users/aoxo/.ciel/ciel/sky130/versions/74c0e6b118a67d94c24172143d3bd597473fa63d/sky130A/libs.ref/sky130_fd_io/lib/sky130_ef_io__analog_stubs.lib line 43, default_fanout_load is 0.0.
[STA-1140] /Users/aoxo/.ciel/ciel/sky130/versions/74c0e6b118a67d94c24172143d3bd597473fa63d/sky130A/libs.ref/sky130_fd_sc_hd/lib/sky130_fd_sc_hd__ss_100C_1v60.lib line 1, library sky130_fd_sc_hd__ss_100C_1v60 already exists.
[STA-1140] /Users/aoxo/.ciel/ciel/sky130/versions/74c0e6b118a67d94c24172143d3bd597473fa63d/sky130A/libs.ref/sky130_fd_io/lib/sky130_ef_io__vccd_lvc_clamped_pad_ss_100C_1v60_3v00_3v00.lib line 18, library sky130_ef_io__vccd_lvc_clamped_pad_ss_100C_1v60_3v00_3v00 already exists.
[STA-1173] /Users/aoxo/.ciel/ciel/sky130/versions/74c0e6b118a67d94c24172143d3bd597473fa63d/sky130A/libs.ref/sky130_fd_io/lib/sky130_ef_io__vccd_lvc_clamped_pad_ss_100C_1v60_3v00_3v00.lib line 42, default_fanout_load is 0.0.
[STA-1140] /Users/aoxo/.ciel/ciel/sky130/versions/74c0e6b118a67d94c24172143d3bd597473fa63d/sky130A/libs.ref/sky130_fd_io/lib/sky130_ef_io__vssd_lvc_clamped_pad_ss_100C_1v60_3v00.lib line 18, library sky130_ef_io__vssd_lvc_clamped_pad_ss_100C_1v60_3v00 already exists.
[STA-1173] /Users/aoxo/.ciel/ciel/sky130/versions/74c0e6b118a67d94c24172143d3bd597473fa63d/sky130A/libs.ref/sky130_fd_io/lib/sky130_ef_io__vssd_lvc_clamped_pad_ss_100C_1v60_3v00.lib line 43, default_fanout_load is 0.0.
[STA-1140] /Users/aoxo/.ciel/ciel/sky130/versions/74c0e6b118a67d94c24172143d3bd597473fa63d/sky130A/libs.ref/sky130_fd_io/lib/sky130_ef_io__vddio_hvc_clamped_pad_ss_100C_1v60_3v00_3v00.lib line 18, library sky130_ef_io__vddio_hvc_clamped_pad_ss_100C_1v60_3v00_3v00 already exists.
[STA-1173] /Users/aoxo/.ciel/ciel/sky130/versions/74c0e6b118a67d94c24172143d3bd597473fa63d/sky130A/libs.ref/sky130_fd_io/lib/sky130_ef_io__vddio_hvc_clamped_pad_ss_100C_1v60_3v00_3v00.lib line 42, default_fanout_load is 0.0.
[STA-1140] /Users/aoxo/.ciel/ciel/sky130/versions/74c0e6b118a67d94c24172143d3bd597473fa63d/sky130A/libs.ref/sky130_fd_io/lib/sky130_ef_io__vssio_hvc_clamped_pad_ss_100C_1v60_3v00_3v00.lib line 18, library sky130_ef_io__vssio_hvc_clamped_pad_ss_100C_1v60_3v00_3v00 already exists.
[STA-1173] /Users/aoxo/.ciel/ciel/sky130/versions/74c0e6b118a67d94c24172143d3bd597473fa63d/sky130A/libs.ref/sky130_fd_io/lib/sky130_ef_io__vssio_hvc_clamped_pad_ss_100C_1v60_3v00_3v00.lib line 42, default_fanout_load is 0.0.
[STA-1140] /Users/aoxo/.ciel/ciel/sky130/versions/74c0e6b118a67d94c24172143d3bd597473fa63d/sky130A/libs.ref/sky130_fd_io/lib/sky130_ef_io__gpiov2_pad_ss_ss_100C_1v60_3v00.lib line 18, library sky130_ef_io__gpiov2_pad_ss_ss_100C_1v60_3v00 already exists.
[STA-1173] /Users/aoxo/.ciel/ciel/sky130/versions/74c0e6b118a67d94c24172143d3bd597473fa63d/sky130A/libs.ref/sky130_fd_io/lib/sky130_ef_io__gpiov2_pad_ss_ss_100C_1v60_3v00.lib line 33, default_fanout_load is 0.0.
[STA-1111] cell sky130_ef_io__gpiov2_pad_ss_ss_100C_1v60_3v00/sky130_ef_io__gpiov2_pad OUT -> PAD timing group combinational not found in cell sky130_ef_io__gpiov2_pad_tt_tt_025C_1v80_3v30/sky130_ef_io__gpiov2_pad.
[STA-1111] cell sky130_ef_io__gpiov2_pad_ss_ss_100C_1v60_3v00/sky130_ef_io__gpiov2_pad OUT -> PAD timing group combinational not found in cell sky130_ef_io__gpiov2_pad_tt_tt_025C_1v80_3v30/sky130_ef_io__gpiov2_pad.
[STA-1111] cell sky130_ef_io__gpiov2_pad_ss_ss_100C_1v60_3v00/sky130_ef_io__gpiov2_pad OUT -> PAD timing group combinational not found in cell sky130_ef_io__gpiov2_pad_tt_tt_025C_1v80_3v30/sky130_ef_io__gpiov2_pad.
[STA-1111] cell sky130_ef_io__gpiov2_pad_ss_ss_100C_1v60_3v00/sky130_ef_io__gpiov2_pad OUT -> PAD timing group combinational not found in cell sky130_ef_io__gpiov2_pad_tt_tt_025C_1v80_3v30/sky130_ef_io__gpiov2_pad.
[STA-1140] /Users/aoxo/.ciel/ciel/sky130/versions/74c0e6b118a67d94c24172143d3bd597473fa63d/sky130A/libs.ref/sky130_fd_io/lib/slices_stubs.lib line 18, library slices_stubs already exists.
[STA-1173] /Users/aoxo/.ciel/ciel/sky130/versions/74c0e6b118a67d94c24172143d3bd597473fa63d/sky130A/libs.ref/sky130_fd_io/lib/slices_stubs.lib line 33, default_fanout_load is 0.0.
[STA-1140] /Users/aoxo/.ciel/ciel/sky130/versions/74c0e6b118a67d94c24172143d3bd597473fa63d/sky130A/libs.ref/sky130_fd_io/lib/sky130_ef_io__analog_stubs.lib line 18, library sky130_ef_io__analog_stubs already exists.
[STA-1173] /Users/aoxo/.ciel/ciel/sky130/versions/74c0e6b118a67d94c24172143d3bd597473fa63d/sky130A/libs.ref/sky130_fd_io/lib/sky130_ef_io__analog_stubs.lib line 43, default_fanout_load is 0.0.
[STA-1140] /Users/aoxo/.ciel/ciel/sky130/versions/74c0e6b118a67d94c24172143d3bd597473fa63d/sky130A/libs.ref/sky130_fd_sc_hd/lib/sky130_fd_sc_hd__ff_n40C_1v95.lib line 1, library sky130_fd_sc_hd__ff_n40C_1v95 already exists.
[STA-1140] /Users/aoxo/.ciel/ciel/sky130/versions/74c0e6b118a67d94c24172143d3bd597473fa63d/sky130A/libs.ref/sky130_fd_io/lib/sky130_ef_io__vccd_lvc_clamped_pad_ff_n40C_1v95_5v50_5v50.lib line 18, library sky130_ef_io__vccd_lvc_clamped_pad_ff_n40C_1v95_5v50_5v50 already exists.
[STA-1173] /Users/aoxo/.ciel/ciel/sky130/versions/74c0e6b118a67d94c24172143d3bd597473fa63d/sky130A/libs.ref/sky130_fd_io/lib/sky130_ef_io__vccd_lvc_clamped_pad_ff_n40C_1v95_5v50_5v50.lib line 42, default_fanout_load is 0.0.
[STA-1140] /Users/aoxo/.ciel/ciel/sky130/versions/74c0e6b118a67d94c24172143d3bd597473fa63d/sky130A/libs.ref/sky130_fd_io/lib/sky130_ef_io__vssd_lvc_clamped_pad_ff_n40C_1v95_5v50.lib line 18, library sky130_ef_io__vssd_lvc_clamped_pad_ff_n40C_1v95_5v50 already exists.
[STA-1173] /Users/aoxo/.ciel/ciel/sky130/versions/74c0e6b118a67d94c24172143d3bd597473fa63d/sky130A/libs.ref/sky130_fd_io/lib/sky130_ef_io__vssd_lvc_clamped_pad_ff_n40C_1v95_5v50.lib line 43, default_fanout_load is 0.0.
[STA-1140] /Users/aoxo/.ciel/ciel/sky130/versions/74c0e6b118a67d94c24172143d3bd597473fa63d/sky130A/libs.ref/sky130_fd_io/lib/sky130_ef_io__vddio_hvc_clamped_pad_ff_n40C_1v95_5v50_5v50.lib line 18, library sky130_ef_io__vddio_hvc_clamped_pad_ff_n40C_1v95_5v50_5v50 already exists.
[STA-1173] /Users/aoxo/.ciel/ciel/sky130/versions/74c0e6b118a67d94c24172143d3bd597473fa63d/sky130A/libs.ref/sky130_fd_io/lib/sky130_ef_io__vddio_hvc_clamped_pad_ff_n40C_1v95_5v50_5v50.lib line 42, default_fanout_load is 0.0.
[STA-1140] /Users/aoxo/.ciel/ciel/sky130/versions/74c0e6b118a67d94c24172143d3bd597473fa63d/sky130A/libs.ref/sky130_fd_io/lib/sky130_ef_io__vssio_hvc_clamped_pad_ff_n40C_1v95_5v50_5v50.lib line 18, library sky130_ef_io__vssio_hvc_clamped_pad_ff_n40C_1v95_5v50_5v50 already exists.
[STA-1173] /Users/aoxo/.ciel/ciel/sky130/versions/74c0e6b118a67d94c24172143d3bd597473fa63d/sky130A/libs.ref/sky130_fd_io/lib/sky130_ef_io__vssio_hvc_clamped_pad_ff_n40C_1v95_5v50_5v50.lib line 42, default_fanout_load is 0.0.
[STA-1140] /Users/aoxo/.ciel/ciel/sky130/versions/74c0e6b118a67d94c24172143d3bd597473fa63d/sky130A/libs.ref/sky130_fd_io/lib/sky130_ef_io__gpiov2_pad_ff_ff_n40C_1v95_5v50.lib line 18, library sky130_ef_io__gpiov2_pad_ff_ff_n40C_1v95_5v50 already exists.
[STA-1173] /Users/aoxo/.ciel/ciel/sky130/versions/74c0e6b118a67d94c24172143d3bd597473fa63d/sky130A/libs.ref/sky130_fd_io/lib/sky130_ef_io__gpiov2_pad_ff_ff_n40C_1v95_5v50.lib line 33, default_fanout_load is 0.0.
[STA-1140] /Users/aoxo/.ciel/ciel/sky130/versions/74c0e6b118a67d94c24172143d3bd597473fa63d/sky130A/libs.ref/sky130_fd_io/lib/slices_stubs.lib line 18, library slices_stubs already exists.
[STA-1173] /Users/aoxo/.ciel/ciel/sky130/versions/74c0e6b118a67d94c24172143d3bd597473fa63d/sky130A/libs.ref/sky130_fd_io/lib/slices_stubs.lib line 33, default_fanout_load is 0.0.
[STA-1140] /Users/aoxo/.ciel/ciel/sky130/versions/74c0e6b118a67d94c24172143d3bd597473fa63d/sky130A/libs.ref/sky130_fd_io/lib/sky130_ef_io__analog_stubs.lib line 18, library sky130_ef_io__analog_stubs already exists.
[STA-1173] /Users/aoxo/.ciel/ciel/sky130/versions/74c0e6b118a67d94c24172143d3bd597473fa63d/sky130A/libs.ref/sky130_fd_io/lib/sky130_ef_io__analog_stubs.lib line 43, default_fanout_load is 0.0.
[ORD-2056] The following 18 liberty cell(s) do not have LEF masters and will be marked as dont-use:
[STA-0441] set_input_delay relative to a clock defined on the same port/pin not allowed.
[STA-0441] set_input_delay relative to a clock defined on the same port/pin not allowed.
Running 'OpenROAD.STAMidPNR-2' at 'runs/RUN_2026-07-02_10-20-07/38-openroad-stamidpnr-2'…
Logging subprocess to [repr.filename]'runs/RUN_2026-07-02_10-20-07/38-openroad-stamidpnr-2/openroad-stamidpnr-2.log'[/repr.filename]…
[STA-1173] /Users/aoxo/.ciel/ciel/sky130/versions/74c0e6b118a67d94c24172143d3bd597473fa63d/sky130A/libs.ref/sky130_fd_io/lib/sky130_ef_io__vccd_lvc_clamped_pad_ss_100C_1v60_3v00_3v00.lib line 42, default_fanout_load is 0.0.
[STA-1173] /Users/aoxo/.ciel/ciel/sky130/versions/74c0e6b118a67d94c24172143d3bd597473fa63d/sky130A/libs.ref/sky130_fd_io/lib/sky130_ef_io__vssd_lvc_clamped_pad_ss_100C_1v60_3v00.lib line 43, default_fanout_load is 0.0.
[STA-1173] /Users/aoxo/.ciel/ciel/sky130/versions/74c0e6b118a67d94c24172143d3bd597473fa63d/sky130A/libs.ref/sky130_fd_io/lib/sky130_ef_io__vddio_hvc_clamped_pad_ss_100C_1v60_3v00_3v00.lib line 42, default_fanout_load is 0.0.
[STA-1173] /Users/aoxo/.ciel/ciel/sky130/versions/74c0e6b118a67d94c24172143d3bd597473fa63d/sky130A/libs.ref/sky130_fd_io/lib/sky130_ef_io__vssio_hvc_clamped_pad_ss_100C_1v60_3v00_3v00.lib line 42, default_fanout_load is 0.0.
[STA-1173] /Users/aoxo/.ciel/ciel/sky130/versions/74c0e6b118a67d94c24172143d3bd597473fa63d/sky130A/libs.ref/sky130_fd_io/lib/sky130_ef_io__gpiov2_pad_ss_ss_100C_1v60_3v00.lib line 33, default_fanout_load is 0.0.
[STA-1173] /Users/aoxo/.ciel/ciel/sky130/versions/74c0e6b118a67d94c24172143d3bd597473fa63d/sky130A/libs.ref/sky130_fd_io/lib/slices_stubs.lib line 33, default_fanout_load is 0.0.
[STA-1173] /Users/aoxo/.ciel/ciel/sky130/versions/74c0e6b118a67d94c24172143d3bd597473fa63d/sky130A/libs.ref/sky130_fd_io/lib/sky130_ef_io__analog_stubs.lib line 43, default_fanout_load is 0.0.
[ORD-2056] The following 2 liberty cell(s) do not have LEF masters and will be marked as dont-use:
[STA-0441] set_input_delay relative to a clock defined on the same port/pin not allowed.
[STA-0441] set_input_delay relative to a clock defined on the same port/pin not allowed.
Running 'OpenROAD.GlobalRouting' at 'runs/RUN_2026-07-02_10-20-07/39-openroad-globalrouting'…
Logging subprocess to [repr.filename]'runs/RUN_2026-07-02_10-20-07/39-openroad-globalrouting/openroad-globalrouting.log'[/repr.filename]…
[STA-1173] /Users/aoxo/.ciel/ciel/sky130/versions/74c0e6b118a67d94c24172143d3bd597473fa63d/sky130A/libs.ref/sky130_fd_io/lib/sky130_ef_io__vccd_lvc_clamped_pad_ss_100C_1v60_3v00_3v00.lib line 42, default_fanout_load is 0.0.
[STA-1173] /Users/aoxo/.ciel/ciel/sky130/versions/74c0e6b118a67d94c24172143d3bd597473fa63d/sky130A/libs.ref/sky130_fd_io/lib/sky130_ef_io__vssd_lvc_clamped_pad_ss_100C_1v60_3v00.lib line 43, default_fanout_load is 0.0.
[STA-1173] /Users/aoxo/.ciel/ciel/sky130/versions/74c0e6b118a67d94c24172143d3bd597473fa63d/sky130A/libs.ref/sky130_fd_io/lib/sky130_ef_io__vddio_hvc_clamped_pad_ss_100C_1v60_3v00_3v00.lib line 42, default_fanout_load is 0.0.
[STA-1173] /Users/aoxo/.ciel/ciel/sky130/versions/74c0e6b118a67d94c24172143d3bd597473fa63d/sky130A/libs.ref/sky130_fd_io/lib/sky130_ef_io__vssio_hvc_clamped_pad_ss_100C_1v60_3v00_3v00.lib line 42, default_fanout_load is 0.0.
[STA-1173] /Users/aoxo/.ciel/ciel/sky130/versions/74c0e6b118a67d94c24172143d3bd597473fa63d/sky130A/libs.ref/sky130_fd_io/lib/sky130_ef_io__gpiov2_pad_ss_ss_100C_1v60_3v00.lib line 33, default_fanout_load is 0.0.
[STA-1173] /Users/aoxo/.ciel/ciel/sky130/versions/74c0e6b118a67d94c24172143d3bd597473fa63d/sky130A/libs.ref/sky130_fd_io/lib/slices_stubs.lib line 33, default_fanout_load is 0.0.
[STA-1173] /Users/aoxo/.ciel/ciel/sky130/versions/74c0e6b118a67d94c24172143d3bd597473fa63d/sky130A/libs.ref/sky130_fd_io/lib/sky130_ef_io__analog_stubs.lib line 43, default_fanout_load is 0.0.
[ORD-2056] The following 2 liberty cell(s) do not have LEF masters and will be marked as dont-use:
[STA-0441] set_input_delay relative to a clock defined on the same port/pin not allowed.
[STA-0441] set_input_delay relative to a clock defined on the same port/pin not allowed.
Running 'OpenROAD.CheckAntennas' at 'runs/RUN_2026-07-02_10-20-07/40-openroad-checkantennas'…
Logging subprocess to [repr.filename]'runs/RUN_2026-07-02_10-20-07/40-openroad-checkantennas/openroad-checkantennas.log'[/repr.filename]…
[STA-1173] /Users/aoxo/.ciel/ciel/sky130/versions/74c0e6b118a67d94c24172143d3bd597473fa63d/sky130A/libs.ref/sky130_fd_io/lib/sky130_ef_io__vccd_lvc_clamped_pad_ss_100C_1v60_3v00_3v00.lib line 42, default_fanout_load is 0.0.
[STA-1173] /Users/aoxo/.ciel/ciel/sky130/versions/74c0e6b118a67d94c24172143d3bd597473fa63d/sky130A/libs.ref/sky130_fd_io/lib/sky130_ef_io__vssd_lvc_clamped_pad_ss_100C_1v60_3v00.lib line 43, default_fanout_load is 0.0.
[STA-1173] /Users/aoxo/.ciel/ciel/sky130/versions/74c0e6b118a67d94c24172143d3bd597473fa63d/sky130A/libs.ref/sky130_fd_io/lib/sky130_ef_io__vddio_hvc_clamped_pad_ss_100C_1v60_3v00_3v00.lib line 42, default_fanout_load is 0.0.
[STA-1173] /Users/aoxo/.ciel/ciel/sky130/versions/74c0e6b118a67d94c24172143d3bd597473fa63d/sky130A/libs.ref/sky130_fd_io/lib/sky130_ef_io__vssio_hvc_clamped_pad_ss_100C_1v60_3v00_3v00.lib line 42, default_fanout_load is 0.0.
[STA-1173] /Users/aoxo/.ciel/ciel/sky130/versions/74c0e6b118a67d94c24172143d3bd597473fa63d/sky130A/libs.ref/sky130_fd_io/lib/sky130_ef_io__gpiov2_pad_ss_ss_100C_1v60_3v00.lib line 33, default_fanout_load is 0.0.
[STA-1173] /Users/aoxo/.ciel/ciel/sky130/versions/74c0e6b118a67d94c24172143d3bd597473fa63d/sky130A/libs.ref/sky130_fd_io/lib/slices_stubs.lib line 33, default_fanout_load is 0.0.
[STA-1173] /Users/aoxo/.ciel/ciel/sky130/versions/74c0e6b118a67d94c24172143d3bd597473fa63d/sky130A/libs.ref/sky130_fd_io/lib/sky130_ef_io__analog_stubs.lib line 43, default_fanout_load is 0.0.
[ORD-2056] The following 2 liberty cell(s) do not have LEF masters and will be marked as dont-use:
[STA-0441] set_input_delay relative to a clock defined on the same port/pin not allowed.
[STA-0441] set_input_delay relative to a clock defined on the same port/pin not allowed.
Running 'OpenROAD.RepairDesignPostGRT' at 'runs/RUN_2026-07-02_10-20-07/41-openroad-repairdesignpostgrt'…
Logging subprocess to [repr.filename]'runs/RUN_2026-07-02_10-20-07/41-openroad-repairdesignpostgrt/openroad-repairdesignpostgrt.log'[/repr.filename]…
[STA-1173] /Users/aoxo/.ciel/ciel/sky130/versions/74c0e6b118a67d94c24172143d3bd597473fa63d/sky130A/libs.ref/sky130_fd_io/lib/sky130_ef_io__vccd_lvc_clamped_pad_tt_025C_1v80_3v30_3v30.lib line 42, default_fanout_load is 0.0.
[STA-1173] /Users/aoxo/.ciel/ciel/sky130/versions/74c0e6b118a67d94c24172143d3bd597473fa63d/sky130A/libs.ref/sky130_fd_io/lib/sky130_ef_io__vssd_lvc_clamped_pad_tt_025C_1v80_3v30.lib line 43, default_fanout_load is 0.0.
[STA-1173] /Users/aoxo/.ciel/ciel/sky130/versions/74c0e6b118a67d94c24172143d3bd597473fa63d/sky130A/libs.ref/sky130_fd_io/lib/sky130_ef_io__vddio_hvc_clamped_pad_tt_025C_1v80_3v30_3v30.lib line 42, default_fanout_load is 0.0.
[STA-1173] /Users/aoxo/.ciel/ciel/sky130/versions/74c0e6b118a67d94c24172143d3bd597473fa63d/sky130A/libs.ref/sky130_fd_io/lib/sky130_ef_io__vssio_hvc_clamped_pad_tt_025C_1v80_3v30_3v30.lib line 42, default_fanout_load is 0.0.
[STA-1173] /Users/aoxo/.ciel/ciel/sky130/versions/74c0e6b118a67d94c24172143d3bd597473fa63d/sky130A/libs.ref/sky130_fd_io/lib/sky130_ef_io__gpiov2_pad_tt_tt_025C_1v80_3v30.lib line 33, default_fanout_load is 0.0.
[STA-1173] /Users/aoxo/.ciel/ciel/sky130/versions/74c0e6b118a67d94c24172143d3bd597473fa63d/sky130A/libs.ref/sky130_fd_io/lib/slices_stubs.lib line 33, default_fanout_load is 0.0.
[STA-1173] /Users/aoxo/.ciel/ciel/sky130/versions/74c0e6b118a67d94c24172143d3bd597473fa63d/sky130A/libs.ref/sky130_fd_io/lib/sky130_ef_io__analog_stubs.lib line 43, default_fanout_load is 0.0.
[STA-1173] /Users/aoxo/.ciel/ciel/sky130/versions/74c0e6b118a67d94c24172143d3bd597473fa63d/sky130A/libs.ref/sky130_fd_io/lib/sky130_ef_io__vccd_lvc_clamped_pad_ss_100C_1v60_3v00_3v00.lib line 42, default_fanout_load is 0.0.
[STA-1173] /Users/aoxo/.ciel/ciel/sky130/versions/74c0e6b118a67d94c24172143d3bd597473fa63d/sky130A/libs.ref/sky130_fd_io/lib/sky130_ef_io__vssd_lvc_clamped_pad_ss_100C_1v60_3v00.lib line 43, default_fanout_load is 0.0.
[STA-1173] /Users/aoxo/.ciel/ciel/sky130/versions/74c0e6b118a67d94c24172143d3bd597473fa63d/sky130A/libs.ref/sky130_fd_io/lib/sky130_ef_io__vddio_hvc_clamped_pad_ss_100C_1v60_3v00_3v00.lib line 42, default_fanout_load is 0.0.
[STA-1173] /Users/aoxo/.ciel/ciel/sky130/versions/74c0e6b118a67d94c24172143d3bd597473fa63d/sky130A/libs.ref/sky130_fd_io/lib/sky130_ef_io__vssio_hvc_clamped_pad_ss_100C_1v60_3v00_3v00.lib line 42, default_fanout_load is 0.0.
[STA-1173] /Users/aoxo/.ciel/ciel/sky130/versions/74c0e6b118a67d94c24172143d3bd597473fa63d/sky130A/libs.ref/sky130_fd_io/lib/sky130_ef_io__gpiov2_pad_ss_ss_100C_1v60_3v00.lib line 33, default_fanout_load is 0.0.
[STA-1111] cell sky130_ef_io__gpiov2_pad_ss_ss_100C_1v60_3v00/sky130_ef_io__gpiov2_pad OUT -> PAD timing group combinational not found in cell sky130_ef_io__gpiov2_pad_tt_tt_025C_1v80_3v30/sky130_ef_io__gpiov2_pad.
[STA-1111] cell sky130_ef_io__gpiov2_pad_ss_ss_100C_1v60_3v00/sky130_ef_io__gpiov2_pad OUT -> PAD timing group combinational not found in cell sky130_ef_io__gpiov2_pad_tt_tt_025C_1v80_3v30/sky130_ef_io__gpiov2_pad.
[STA-1111] cell sky130_ef_io__gpiov2_pad_ss_ss_100C_1v60_3v00/sky130_ef_io__gpiov2_pad OUT -> PAD timing group combinational not found in cell sky130_ef_io__gpiov2_pad_tt_tt_025C_1v80_3v30/sky130_ef_io__gpiov2_pad.
[STA-1111] cell sky130_ef_io__gpiov2_pad_ss_ss_100C_1v60_3v00/sky130_ef_io__gpiov2_pad OUT -> PAD timing group combinational not found in cell sky130_ef_io__gpiov2_pad_tt_tt_025C_1v80_3v30/sky130_ef_io__gpiov2_pad.
[STA-1140] /Users/aoxo/.ciel/ciel/sky130/versions/74c0e6b118a67d94c24172143d3bd597473fa63d/sky130A/libs.ref/sky130_fd_io/lib/slices_stubs.lib line 18, library slices_stubs already exists.
[STA-1173] /Users/aoxo/.ciel/ciel/sky130/versions/74c0e6b118a67d94c24172143d3bd597473fa63d/sky130A/libs.ref/sky130_fd_io/lib/slices_stubs.lib line 33, default_fanout_load is 0.0.
[STA-1140] /Users/aoxo/.ciel/ciel/sky130/versions/74c0e6b118a67d94c24172143d3bd597473fa63d/sky130A/libs.ref/sky130_fd_io/lib/sky130_ef_io__analog_stubs.lib line 18, library sky130_ef_io__analog_stubs already exists.
[STA-1173] /Users/aoxo/.ciel/ciel/sky130/versions/74c0e6b118a67d94c24172143d3bd597473fa63d/sky130A/libs.ref/sky130_fd_io/lib/sky130_ef_io__analog_stubs.lib line 43, default_fanout_load is 0.0.
[STA-1140] /Users/aoxo/.ciel/ciel/sky130/versions/74c0e6b118a67d94c24172143d3bd597473fa63d/sky130A/libs.ref/sky130_fd_sc_hd/lib/sky130_fd_sc_hd__tt_025C_1v80.lib line 1, library sky130_fd_sc_hd__tt_025C_1v80 already exists.
[STA-1140] /Users/aoxo/.ciel/ciel/sky130/versions/74c0e6b118a67d94c24172143d3bd597473fa63d/sky130A/libs.ref/sky130_fd_io/lib/sky130_ef_io__vccd_lvc_clamped_pad_tt_025C_1v80_3v30_3v30.lib line 18, library sky130_ef_io__vccd_lvc_clamped_pad_tt_025C_1v80_3v30_3v30 already exists.
[STA-1173] /Users/aoxo/.ciel/ciel/sky130/versions/74c0e6b118a67d94c24172143d3bd597473fa63d/sky130A/libs.ref/sky130_fd_io/lib/sky130_ef_io__vccd_lvc_clamped_pad_tt_025C_1v80_3v30_3v30.lib line 42, default_fanout_load is 0.0.
[STA-1140] /Users/aoxo/.ciel/ciel/sky130/versions/74c0e6b118a67d94c24172143d3bd597473fa63d/sky130A/libs.ref/sky130_fd_io/lib/sky130_ef_io__vssd_lvc_clamped_pad_tt_025C_1v80_3v30.lib line 18, library sky130_ef_io__vssd_lvc_clamped_pad_tt_025C_1v80_3v30 already exists.
[STA-1173] /Users/aoxo/.ciel/ciel/sky130/versions/74c0e6b118a67d94c24172143d3bd597473fa63d/sky130A/libs.ref/sky130_fd_io/lib/sky130_ef_io__vssd_lvc_clamped_pad_tt_025C_1v80_3v30.lib line 43, default_fanout_load is 0.0.
[STA-1140] /Users/aoxo/.ciel/ciel/sky130/versions/74c0e6b118a67d94c24172143d3bd597473fa63d/sky130A/libs.ref/sky130_fd_io/lib/sky130_ef_io__vddio_hvc_clamped_pad_tt_025C_1v80_3v30_3v30.lib line 18, library sky130_ef_io__vddio_hvc_clamped_pad_tt_025C_1v80_3v30_3v30 already exists.
[STA-1173] /Users/aoxo/.ciel/ciel/sky130/versions/74c0e6b118a67d94c24172143d3bd597473fa63d/sky130A/libs.ref/sky130_fd_io/lib/sky130_ef_io__vddio_hvc_clamped_pad_tt_025C_1v80_3v30_3v30.lib line 42, default_fanout_load is 0.0.
[STA-1140] /Users/aoxo/.ciel/ciel/sky130/versions/74c0e6b118a67d94c24172143d3bd597473fa63d/sky130A/libs.ref/sky130_fd_io/lib/sky130_ef_io__vssio_hvc_clamped_pad_tt_025C_1v80_3v30_3v30.lib line 18, library sky130_ef_io__vssio_hvc_clamped_pad_tt_025C_1v80_3v30_3v30 already exists.
[STA-1173] /Users/aoxo/.ciel/ciel/sky130/versions/74c0e6b118a67d94c24172143d3bd597473fa63d/sky130A/libs.ref/sky130_fd_io/lib/sky130_ef_io__vssio_hvc_clamped_pad_tt_025C_1v80_3v30_3v30.lib line 42, default_fanout_load is 0.0.
[STA-1140] /Users/aoxo/.ciel/ciel/sky130/versions/74c0e6b118a67d94c24172143d3bd597473fa63d/sky130A/libs.ref/sky130_fd_io/lib/sky130_ef_io__gpiov2_pad_tt_tt_025C_1v80_3v30.lib line 18, library sky130_ef_io__gpiov2_pad_tt_tt_025C_1v80_3v30 already exists.
[STA-1173] /Users/aoxo/.ciel/ciel/sky130/versions/74c0e6b118a67d94c24172143d3bd597473fa63d/sky130A/libs.ref/sky130_fd_io/lib/sky130_ef_io__gpiov2_pad_tt_tt_025C_1v80_3v30.lib line 33, default_fanout_load is 0.0.
[STA-1140] /Users/aoxo/.ciel/ciel/sky130/versions/74c0e6b118a67d94c24172143d3bd597473fa63d/sky130A/libs.ref/sky130_fd_io/lib/slices_stubs.lib line 18, library slices_stubs already exists.
[STA-1173] /Users/aoxo/.ciel/ciel/sky130/versions/74c0e6b118a67d94c24172143d3bd597473fa63d/sky130A/libs.ref/sky130_fd_io/lib/slices_stubs.lib line 33, default_fanout_load is 0.0.
[STA-1140] /Users/aoxo/.ciel/ciel/sky130/versions/74c0e6b118a67d94c24172143d3bd597473fa63d/sky130A/libs.ref/sky130_fd_io/lib/sky130_ef_io__analog_stubs.lib line 18, library sky130_ef_io__analog_stubs already exists.
[STA-1173] /Users/aoxo/.ciel/ciel/sky130/versions/74c0e6b118a67d94c24172143d3bd597473fa63d/sky130A/libs.ref/sky130_fd_io/lib/sky130_ef_io__analog_stubs.lib line 43, default_fanout_load is 0.0.
[STA-1173] /Users/aoxo/.ciel/ciel/sky130/versions/74c0e6b118a67d94c24172143d3bd597473fa63d/sky130A/libs.ref/sky130_fd_io/lib/sky130_ef_io__vccd_lvc_clamped_pad_ff_n40C_1v95_5v50_5v50.lib line 42, default_fanout_load is 0.0.
[STA-1173] /Users/aoxo/.ciel/ciel/sky130/versions/74c0e6b118a67d94c24172143d3bd597473fa63d/sky130A/libs.ref/sky130_fd_io/lib/sky130_ef_io__vssd_lvc_clamped_pad_ff_n40C_1v95_5v50.lib line 43, default_fanout_load is 0.0.
[STA-1173] /Users/aoxo/.ciel/ciel/sky130/versions/74c0e6b118a67d94c24172143d3bd597473fa63d/sky130A/libs.ref/sky130_fd_io/lib/sky130_ef_io__vddio_hvc_clamped_pad_ff_n40C_1v95_5v50_5v50.lib line 42, default_fanout_load is 0.0.
[STA-1173] /Users/aoxo/.ciel/ciel/sky130/versions/74c0e6b118a67d94c24172143d3bd597473fa63d/sky130A/libs.ref/sky130_fd_io/lib/sky130_ef_io__vssio_hvc_clamped_pad_ff_n40C_1v95_5v50_5v50.lib line 42, default_fanout_load is 0.0.
[STA-1173] /Users/aoxo/.ciel/ciel/sky130/versions/74c0e6b118a67d94c24172143d3bd597473fa63d/sky130A/libs.ref/sky130_fd_io/lib/sky130_ef_io__gpiov2_pad_ff_ff_n40C_1v95_5v50.lib line 33, default_fanout_load is 0.0.
[STA-1140] /Users/aoxo/.ciel/ciel/sky130/versions/74c0e6b118a67d94c24172143d3bd597473fa63d/sky130A/libs.ref/sky130_fd_io/lib/slices_stubs.lib line 18, library slices_stubs already exists.
[STA-1173] /Users/aoxo/.ciel/ciel/sky130/versions/74c0e6b118a67d94c24172143d3bd597473fa63d/sky130A/libs.ref/sky130_fd_io/lib/slices_stubs.lib line 33, default_fanout_load is 0.0.
[STA-1140] /Users/aoxo/.ciel/ciel/sky130/versions/74c0e6b118a67d94c24172143d3bd597473fa63d/sky130A/libs.ref/sky130_fd_io/lib/sky130_ef_io__analog_stubs.lib line 18, library sky130_ef_io__analog_stubs already exists.
[STA-1173] /Users/aoxo/.ciel/ciel/sky130/versions/74c0e6b118a67d94c24172143d3bd597473fa63d/sky130A/libs.ref/sky130_fd_io/lib/sky130_ef_io__analog_stubs.lib line 43, default_fanout_load is 0.0.
[STA-1140] /Users/aoxo/.ciel/ciel/sky130/versions/74c0e6b118a67d94c24172143d3bd597473fa63d/sky130A/libs.ref/sky130_fd_sc_hd/lib/sky130_fd_sc_hd__ff_n40C_1v95.lib line 1, library sky130_fd_sc_hd__ff_n40C_1v95 already exists.
[STA-1140] /Users/aoxo/.ciel/ciel/sky130/versions/74c0e6b118a67d94c24172143d3bd597473fa63d/sky130A/libs.ref/sky130_fd_io/lib/sky130_ef_io__vccd_lvc_clamped_pad_ff_n40C_1v95_5v50_5v50.lib line 18, library sky130_ef_io__vccd_lvc_clamped_pad_ff_n40C_1v95_5v50_5v50 already exists.
[STA-1173] /Users/aoxo/.ciel/ciel/sky130/versions/74c0e6b118a67d94c24172143d3bd597473fa63d/sky130A/libs.ref/sky130_fd_io/lib/sky130_ef_io__vccd_lvc_clamped_pad_ff_n40C_1v95_5v50_5v50.lib line 42, default_fanout_load is 0.0.
[STA-1140] /Users/aoxo/.ciel/ciel/sky130/versions/74c0e6b118a67d94c24172143d3bd597473fa63d/sky130A/libs.ref/sky130_fd_io/lib/sky130_ef_io__vssd_lvc_clamped_pad_ff_n40C_1v95_5v50.lib line 18, library sky130_ef_io__vssd_lvc_clamped_pad_ff_n40C_1v95_5v50 already exists.
[STA-1173] /Users/aoxo/.ciel/ciel/sky130/versions/74c0e6b118a67d94c24172143d3bd597473fa63d/sky130A/libs.ref/sky130_fd_io/lib/sky130_ef_io__vssd_lvc_clamped_pad_ff_n40C_1v95_5v50.lib line 43, default_fanout_load is 0.0.
[STA-1140] /Users/aoxo/.ciel/ciel/sky130/versions/74c0e6b118a67d94c24172143d3bd597473fa63d/sky130A/libs.ref/sky130_fd_io/lib/sky130_ef_io__vddio_hvc_clamped_pad_ff_n40C_1v95_5v50_5v50.lib line 18, library sky130_ef_io__vddio_hvc_clamped_pad_ff_n40C_1v95_5v50_5v50 already exists.
[STA-1173] /Users/aoxo/.ciel/ciel/sky130/versions/74c0e6b118a67d94c24172143d3bd597473fa63d/sky130A/libs.ref/sky130_fd_io/lib/sky130_ef_io__vddio_hvc_clamped_pad_ff_n40C_1v95_5v50_5v50.lib line 42, default_fanout_load is 0.0.
[STA-1140] /Users/aoxo/.ciel/ciel/sky130/versions/74c0e6b118a67d94c24172143d3bd597473fa63d/sky130A/libs.ref/sky130_fd_io/lib/sky130_ef_io__vssio_hvc_clamped_pad_ff_n40C_1v95_5v50_5v50.lib line 18, library sky130_ef_io__vssio_hvc_clamped_pad_ff_n40C_1v95_5v50_5v50 already exists.
[STA-1173] /Users/aoxo/.ciel/ciel/sky130/versions/74c0e6b118a67d94c24172143d3bd597473fa63d/sky130A/libs.ref/sky130_fd_io/lib/sky130_ef_io__vssio_hvc_clamped_pad_ff_n40C_1v95_5v50_5v50.lib line 42, default_fanout_load is 0.0.
[STA-1140] /Users/aoxo/.ciel/ciel/sky130/versions/74c0e6b118a67d94c24172143d3bd597473fa63d/sky130A/libs.ref/sky130_fd_io/lib/sky130_ef_io__gpiov2_pad_ff_ff_n40C_1v95_5v50.lib line 18, library sky130_ef_io__gpiov2_pad_ff_ff_n40C_1v95_5v50 already exists.
[STA-1173] /Users/aoxo/.ciel/ciel/sky130/versions/74c0e6b118a67d94c24172143d3bd597473fa63d/sky130A/libs.ref/sky130_fd_io/lib/sky130_ef_io__gpiov2_pad_ff_ff_n40C_1v95_5v50.lib line 33, default_fanout_load is 0.0.
[STA-1140] /Users/aoxo/.ciel/ciel/sky130/versions/74c0e6b118a67d94c24172143d3bd597473fa63d/sky130A/libs.ref/sky130_fd_io/lib/slices_stubs.lib line 18, library slices_stubs already exists.
[STA-1173] /Users/aoxo/.ciel/ciel/sky130/versions/74c0e6b118a67d94c24172143d3bd597473fa63d/sky130A/libs.ref/sky130_fd_io/lib/slices_stubs.lib line 33, default_fanout_load is 0.0.
[STA-1140] /Users/aoxo/.ciel/ciel/sky130/versions/74c0e6b118a67d94c24172143d3bd597473fa63d/sky130A/libs.ref/sky130_fd_io/lib/sky130_ef_io__analog_stubs.lib line 18, library sky130_ef_io__analog_stubs already exists.
[STA-1173] /Users/aoxo/.ciel/ciel/sky130/versions/74c0e6b118a67d94c24172143d3bd597473fa63d/sky130A/libs.ref/sky130_fd_io/lib/sky130_ef_io__analog_stubs.lib line 43, default_fanout_load is 0.0.
[STA-1140] /Users/aoxo/.ciel/ciel/sky130/versions/74c0e6b118a67d94c24172143d3bd597473fa63d/sky130A/libs.ref/sky130_fd_sc_hd/lib/sky130_fd_sc_hd__ss_100C_1v60.lib line 1, library sky130_fd_sc_hd__ss_100C_1v60 already exists.
[STA-1140] /Users/aoxo/.ciel/ciel/sky130/versions/74c0e6b118a67d94c24172143d3bd597473fa63d/sky130A/libs.ref/sky130_fd_io/lib/sky130_ef_io__vccd_lvc_clamped_pad_ss_100C_1v60_3v00_3v00.lib line 18, library sky130_ef_io__vccd_lvc_clamped_pad_ss_100C_1v60_3v00_3v00 already exists.
[STA-1173] /Users/aoxo/.ciel/ciel/sky130/versions/74c0e6b118a67d94c24172143d3bd597473fa63d/sky130A/libs.ref/sky130_fd_io/lib/sky130_ef_io__vccd_lvc_clamped_pad_ss_100C_1v60_3v00_3v00.lib line 42, default_fanout_load is 0.0.
[STA-1140] /Users/aoxo/.ciel/ciel/sky130/versions/74c0e6b118a67d94c24172143d3bd597473fa63d/sky130A/libs.ref/sky130_fd_io/lib/sky130_ef_io__vssd_lvc_clamped_pad_ss_100C_1v60_3v00.lib line 18, library sky130_ef_io__vssd_lvc_clamped_pad_ss_100C_1v60_3v00 already exists.
[STA-1173] /Users/aoxo/.ciel/ciel/sky130/versions/74c0e6b118a67d94c24172143d3bd597473fa63d/sky130A/libs.ref/sky130_fd_io/lib/sky130_ef_io__vssd_lvc_clamped_pad_ss_100C_1v60_3v00.lib line 43, default_fanout_load is 0.0.
[STA-1140] /Users/aoxo/.ciel/ciel/sky130/versions/74c0e6b118a67d94c24172143d3bd597473fa63d/sky130A/libs.ref/sky130_fd_io/lib/sky130_ef_io__vddio_hvc_clamped_pad_ss_100C_1v60_3v00_3v00.lib line 18, library sky130_ef_io__vddio_hvc_clamped_pad_ss_100C_1v60_3v00_3v00 already exists.
[STA-1173] /Users/aoxo/.ciel/ciel/sky130/versions/74c0e6b118a67d94c24172143d3bd597473fa63d/sky130A/libs.ref/sky130_fd_io/lib/sky130_ef_io__vddio_hvc_clamped_pad_ss_100C_1v60_3v00_3v00.lib line 42, default_fanout_load is 0.0.
[STA-1140] /Users/aoxo/.ciel/ciel/sky130/versions/74c0e6b118a67d94c24172143d3bd597473fa63d/sky130A/libs.ref/sky130_fd_io/lib/sky130_ef_io__vssio_hvc_clamped_pad_ss_100C_1v60_3v00_3v00.lib line 18, library sky130_ef_io__vssio_hvc_clamped_pad_ss_100C_1v60_3v00_3v00 already exists.
[STA-1173] /Users/aoxo/.ciel/ciel/sky130/versions/74c0e6b118a67d94c24172143d3bd597473fa63d/sky130A/libs.ref/sky130_fd_io/lib/sky130_ef_io__vssio_hvc_clamped_pad_ss_100C_1v60_3v00_3v00.lib line 42, default_fanout_load is 0.0.
[STA-1140] /Users/aoxo/.ciel/ciel/sky130/versions/74c0e6b118a67d94c24172143d3bd597473fa63d/sky130A/libs.ref/sky130_fd_io/lib/sky130_ef_io__gpiov2_pad_ss_ss_100C_1v60_3v00.lib line 18, library sky130_ef_io__gpiov2_pad_ss_ss_100C_1v60_3v00 already exists.
[STA-1173] /Users/aoxo/.ciel/ciel/sky130/versions/74c0e6b118a67d94c24172143d3bd597473fa63d/sky130A/libs.ref/sky130_fd_io/lib/sky130_ef_io__gpiov2_pad_ss_ss_100C_1v60_3v00.lib line 33, default_fanout_load is 0.0.
[STA-1111] cell sky130_ef_io__gpiov2_pad_ss_ss_100C_1v60_3v00/sky130_ef_io__gpiov2_pad OUT -> PAD timing group combinational not found in cell sky130_ef_io__gpiov2_pad_tt_tt_025C_1v80_3v30/sky130_ef_io__gpiov2_pad.
[STA-1111] cell sky130_ef_io__gpiov2_pad_ss_ss_100C_1v60_3v00/sky130_ef_io__gpiov2_pad OUT -> PAD timing group combinational not found in cell sky130_ef_io__gpiov2_pad_tt_tt_025C_1v80_3v30/sky130_ef_io__gpiov2_pad.
[STA-1111] cell sky130_ef_io__gpiov2_pad_ss_ss_100C_1v60_3v00/sky130_ef_io__gpiov2_pad OUT -> PAD timing group combinational not found in cell sky130_ef_io__gpiov2_pad_tt_tt_025C_1v80_3v30/sky130_ef_io__gpiov2_pad.
[STA-1111] cell sky130_ef_io__gpiov2_pad_ss_ss_100C_1v60_3v00/sky130_ef_io__gpiov2_pad OUT -> PAD timing group combinational not found in cell sky130_ef_io__gpiov2_pad_tt_tt_025C_1v80_3v30/sky130_ef_io__gpiov2_pad.
[STA-1140] /Users/aoxo/.ciel/ciel/sky130/versions/74c0e6b118a67d94c24172143d3bd597473fa63d/sky130A/libs.ref/sky130_fd_io/lib/slices_stubs.lib line 18, library slices_stubs already exists.
[STA-1173] /Users/aoxo/.ciel/ciel/sky130/versions/74c0e6b118a67d94c24172143d3bd597473fa63d/sky130A/libs.ref/sky130_fd_io/lib/slices_stubs.lib line 33, default_fanout_load is 0.0.
[STA-1140] /Users/aoxo/.ciel/ciel/sky130/versions/74c0e6b118a67d94c24172143d3bd597473fa63d/sky130A/libs.ref/sky130_fd_io/lib/sky130_ef_io__analog_stubs.lib line 18, library sky130_ef_io__analog_stubs already exists.
[STA-1173] /Users/aoxo/.ciel/ciel/sky130/versions/74c0e6b118a67d94c24172143d3bd597473fa63d/sky130A/libs.ref/sky130_fd_io/lib/sky130_ef_io__analog_stubs.lib line 43, default_fanout_load is 0.0.
[STA-1140] /Users/aoxo/.ciel/ciel/sky130/versions/74c0e6b118a67d94c24172143d3bd597473fa63d/sky130A/libs.ref/sky130_fd_sc_hd/lib/sky130_fd_sc_hd__tt_025C_1v80.lib line 1, library sky130_fd_sc_hd__tt_025C_1v80 already exists.
[STA-1140] /Users/aoxo/.ciel/ciel/sky130/versions/74c0e6b118a67d94c24172143d3bd597473fa63d/sky130A/libs.ref/sky130_fd_io/lib/sky130_ef_io__vccd_lvc_clamped_pad_tt_025C_1v80_3v30_3v30.lib line 18, library sky130_ef_io__vccd_lvc_clamped_pad_tt_025C_1v80_3v30_3v30 already exists.
[STA-1173] /Users/aoxo/.ciel/ciel/sky130/versions/74c0e6b118a67d94c24172143d3bd597473fa63d/sky130A/libs.ref/sky130_fd_io/lib/sky130_ef_io__vccd_lvc_clamped_pad_tt_025C_1v80_3v30_3v30.lib line 42, default_fanout_load is 0.0.
[STA-1140] /Users/aoxo/.ciel/ciel/sky130/versions/74c0e6b118a67d94c24172143d3bd597473fa63d/sky130A/libs.ref/sky130_fd_io/lib/sky130_ef_io__vssd_lvc_clamped_pad_tt_025C_1v80_3v30.lib line 18, library sky130_ef_io__vssd_lvc_clamped_pad_tt_025C_1v80_3v30 already exists.
[STA-1173] /Users/aoxo/.ciel/ciel/sky130/versions/74c0e6b118a67d94c24172143d3bd597473fa63d/sky130A/libs.ref/sky130_fd_io/lib/sky130_ef_io__vssd_lvc_clamped_pad_tt_025C_1v80_3v30.lib line 43, default_fanout_load is 0.0.
[STA-1140] /Users/aoxo/.ciel/ciel/sky130/versions/74c0e6b118a67d94c24172143d3bd597473fa63d/sky130A/libs.ref/sky130_fd_io/lib/sky130_ef_io__vddio_hvc_clamped_pad_tt_025C_1v80_3v30_3v30.lib line 18, library sky130_ef_io__vddio_hvc_clamped_pad_tt_025C_1v80_3v30_3v30 already exists.
[STA-1173] /Users/aoxo/.ciel/ciel/sky130/versions/74c0e6b118a67d94c24172143d3bd597473fa63d/sky130A/libs.ref/sky130_fd_io/lib/sky130_ef_io__vddio_hvc_clamped_pad_tt_025C_1v80_3v30_3v30.lib line 42, default_fanout_load is 0.0.
[STA-1140] /Users/aoxo/.ciel/ciel/sky130/versions/74c0e6b118a67d94c24172143d3bd597473fa63d/sky130A/libs.ref/sky130_fd_io/lib/sky130_ef_io__vssio_hvc_clamped_pad_tt_025C_1v80_3v30_3v30.lib line 18, library sky130_ef_io__vssio_hvc_clamped_pad_tt_025C_1v80_3v30_3v30 already exists.
[STA-1173] /Users/aoxo/.ciel/ciel/sky130/versions/74c0e6b118a67d94c24172143d3bd597473fa63d/sky130A/libs.ref/sky130_fd_io/lib/sky130_ef_io__vssio_hvc_clamped_pad_tt_025C_1v80_3v30_3v30.lib line 42, default_fanout_load is 0.0.
[STA-1140] /Users/aoxo/.ciel/ciel/sky130/versions/74c0e6b118a67d94c24172143d3bd597473fa63d/sky130A/libs.ref/sky130_fd_io/lib/sky130_ef_io__gpiov2_pad_tt_tt_025C_1v80_3v30.lib line 18, library sky130_ef_io__gpiov2_pad_tt_tt_025C_1v80_3v30 already exists.
[STA-1173] /Users/aoxo/.ciel/ciel/sky130/versions/74c0e6b118a67d94c24172143d3bd597473fa63d/sky130A/libs.ref/sky130_fd_io/lib/sky130_ef_io__gpiov2_pad_tt_tt_025C_1v80_3v30.lib line 33, default_fanout_load is 0.0.
[STA-1140] /Users/aoxo/.ciel/ciel/sky130/versions/74c0e6b118a67d94c24172143d3bd597473fa63d/sky130A/libs.ref/sky130_fd_io/lib/slices_stubs.lib line 18, library slices_stubs already exists.
[STA-1173] /Users/aoxo/.ciel/ciel/sky130/versions/74c0e6b118a67d94c24172143d3bd597473fa63d/sky130A/libs.ref/sky130_fd_io/lib/slices_stubs.lib line 33, default_fanout_load is 0.0.
[STA-1140] /Users/aoxo/.ciel/ciel/sky130/versions/74c0e6b118a67d94c24172143d3bd597473fa63d/sky130A/libs.ref/sky130_fd_io/lib/sky130_ef_io__analog_stubs.lib line 18, library sky130_ef_io__analog_stubs already exists.
[STA-1173] /Users/aoxo/.ciel/ciel/sky130/versions/74c0e6b118a67d94c24172143d3bd597473fa63d/sky130A/libs.ref/sky130_fd_io/lib/sky130_ef_io__analog_stubs.lib line 43, default_fanout_load is 0.0.
[STA-1140] /Users/aoxo/.ciel/ciel/sky130/versions/74c0e6b118a67d94c24172143d3bd597473fa63d/sky130A/libs.ref/sky130_fd_sc_hd/lib/sky130_fd_sc_hd__ss_100C_1v60.lib line 1, library sky130_fd_sc_hd__ss_100C_1v60 already exists.
[STA-1140] /Users/aoxo/.ciel/ciel/sky130/versions/74c0e6b118a67d94c24172143d3bd597473fa63d/sky130A/libs.ref/sky130_fd_io/lib/sky130_ef_io__vccd_lvc_clamped_pad_ss_100C_1v60_3v00_3v00.lib line 18, library sky130_ef_io__vccd_lvc_clamped_pad_ss_100C_1v60_3v00_3v00 already exists.
[STA-1173] /Users/aoxo/.ciel/ciel/sky130/versions/74c0e6b118a67d94c24172143d3bd597473fa63d/sky130A/libs.ref/sky130_fd_io/lib/sky130_ef_io__vccd_lvc_clamped_pad_ss_100C_1v60_3v00_3v00.lib line 42, default_fanout_load is 0.0.
[STA-1140] /Users/aoxo/.ciel/ciel/sky130/versions/74c0e6b118a67d94c24172143d3bd597473fa63d/sky130A/libs.ref/sky130_fd_io/lib/sky130_ef_io__vssd_lvc_clamped_pad_ss_100C_1v60_3v00.lib line 18, library sky130_ef_io__vssd_lvc_clamped_pad_ss_100C_1v60_3v00 already exists.
[STA-1173] /Users/aoxo/.ciel/ciel/sky130/versions/74c0e6b118a67d94c24172143d3bd597473fa63d/sky130A/libs.ref/sky130_fd_io/lib/sky130_ef_io__vssd_lvc_clamped_pad_ss_100C_1v60_3v00.lib line 43, default_fanout_load is 0.0.
[STA-1140] /Users/aoxo/.ciel/ciel/sky130/versions/74c0e6b118a67d94c24172143d3bd597473fa63d/sky130A/libs.ref/sky130_fd_io/lib/sky130_ef_io__vddio_hvc_clamped_pad_ss_100C_1v60_3v00_3v00.lib line 18, library sky130_ef_io__vddio_hvc_clamped_pad_ss_100C_1v60_3v00_3v00 already exists.
[STA-1173] /Users/aoxo/.ciel/ciel/sky130/versions/74c0e6b118a67d94c24172143d3bd597473fa63d/sky130A/libs.ref/sky130_fd_io/lib/sky130_ef_io__vddio_hvc_clamped_pad_ss_100C_1v60_3v00_3v00.lib line 42, default_fanout_load is 0.0.
[STA-1140] /Users/aoxo/.ciel/ciel/sky130/versions/74c0e6b118a67d94c24172143d3bd597473fa63d/sky130A/libs.ref/sky130_fd_io/lib/sky130_ef_io__vssio_hvc_clamped_pad_ss_100C_1v60_3v00_3v00.lib line 18, library sky130_ef_io__vssio_hvc_clamped_pad_ss_100C_1v60_3v00_3v00 already exists.
[STA-1173] /Users/aoxo/.ciel/ciel/sky130/versions/74c0e6b118a67d94c24172143d3bd597473fa63d/sky130A/libs.ref/sky130_fd_io/lib/sky130_ef_io__vssio_hvc_clamped_pad_ss_100C_1v60_3v00_3v00.lib line 42, default_fanout_load is 0.0.
[STA-1140] /Users/aoxo/.ciel/ciel/sky130/versions/74c0e6b118a67d94c24172143d3bd597473fa63d/sky130A/libs.ref/sky130_fd_io/lib/sky130_ef_io__gpiov2_pad_ss_ss_100C_1v60_3v00.lib line 18, library sky130_ef_io__gpiov2_pad_ss_ss_100C_1v60_3v00 already exists.
[STA-1173] /Users/aoxo/.ciel/ciel/sky130/versions/74c0e6b118a67d94c24172143d3bd597473fa63d/sky130A/libs.ref/sky130_fd_io/lib/sky130_ef_io__gpiov2_pad_ss_ss_100C_1v60_3v00.lib line 33, default_fanout_load is 0.0.
[STA-1111] cell sky130_ef_io__gpiov2_pad_ss_ss_100C_1v60_3v00/sky130_ef_io__gpiov2_pad OUT -> PAD timing group combinational not found in cell sky130_ef_io__gpiov2_pad_tt_tt_025C_1v80_3v30/sky130_ef_io__gpiov2_pad.
[STA-1111] cell sky130_ef_io__gpiov2_pad_ss_ss_100C_1v60_3v00/sky130_ef_io__gpiov2_pad OUT -> PAD timing group combinational not found in cell sky130_ef_io__gpiov2_pad_tt_tt_025C_1v80_3v30/sky130_ef_io__gpiov2_pad.
[STA-1111] cell sky130_ef_io__gpiov2_pad_ss_ss_100C_1v60_3v00/sky130_ef_io__gpiov2_pad OUT -> PAD timing group combinational not found in cell sky130_ef_io__gpiov2_pad_tt_tt_025C_1v80_3v30/sky130_ef_io__gpiov2_pad.
[STA-1111] cell sky130_ef_io__gpiov2_pad_ss_ss_100C_1v60_3v00/sky130_ef_io__gpiov2_pad OUT -> PAD timing group combinational not found in cell sky130_ef_io__gpiov2_pad_tt_tt_025C_1v80_3v30/sky130_ef_io__gpiov2_pad.
[STA-1140] /Users/aoxo/.ciel/ciel/sky130/versions/74c0e6b118a67d94c24172143d3bd597473fa63d/sky130A/libs.ref/sky130_fd_io/lib/slices_stubs.lib line 18, library slices_stubs already exists.
[STA-1173] /Users/aoxo/.ciel/ciel/sky130/versions/74c0e6b118a67d94c24172143d3bd597473fa63d/sky130A/libs.ref/sky130_fd_io/lib/slices_stubs.lib line 33, default_fanout_load is 0.0.
[STA-1140] /Users/aoxo/.ciel/ciel/sky130/versions/74c0e6b118a67d94c24172143d3bd597473fa63d/sky130A/libs.ref/sky130_fd_io/lib/sky130_ef_io__analog_stubs.lib line 18, library sky130_ef_io__analog_stubs already exists.
[STA-1173] /Users/aoxo/.ciel/ciel/sky130/versions/74c0e6b118a67d94c24172143d3bd597473fa63d/sky130A/libs.ref/sky130_fd_io/lib/sky130_ef_io__analog_stubs.lib line 43, default_fanout_load is 0.0.
[STA-1140] /Users/aoxo/.ciel/ciel/sky130/versions/74c0e6b118a67d94c24172143d3bd597473fa63d/sky130A/libs.ref/sky130_fd_sc_hd/lib/sky130_fd_sc_hd__ff_n40C_1v95.lib line 1, library sky130_fd_sc_hd__ff_n40C_1v95 already exists.
[STA-1140] /Users/aoxo/.ciel/ciel/sky130/versions/74c0e6b118a67d94c24172143d3bd597473fa63d/sky130A/libs.ref/sky130_fd_io/lib/sky130_ef_io__vccd_lvc_clamped_pad_ff_n40C_1v95_5v50_5v50.lib line 18, library sky130_ef_io__vccd_lvc_clamped_pad_ff_n40C_1v95_5v50_5v50 already exists.
[STA-1173] /Users/aoxo/.ciel/ciel/sky130/versions/74c0e6b118a67d94c24172143d3bd597473fa63d/sky130A/libs.ref/sky130_fd_io/lib/sky130_ef_io__vccd_lvc_clamped_pad_ff_n40C_1v95_5v50_5v50.lib line 42, default_fanout_load is 0.0.
[STA-1140] /Users/aoxo/.ciel/ciel/sky130/versions/74c0e6b118a67d94c24172143d3bd597473fa63d/sky130A/libs.ref/sky130_fd_io/lib/sky130_ef_io__vssd_lvc_clamped_pad_ff_n40C_1v95_5v50.lib line 18, library sky130_ef_io__vssd_lvc_clamped_pad_ff_n40C_1v95_5v50 already exists.
[STA-1173] /Users/aoxo/.ciel/ciel/sky130/versions/74c0e6b118a67d94c24172143d3bd597473fa63d/sky130A/libs.ref/sky130_fd_io/lib/sky130_ef_io__vssd_lvc_clamped_pad_ff_n40C_1v95_5v50.lib line 43, default_fanout_load is 0.0.
[STA-1140] /Users/aoxo/.ciel/ciel/sky130/versions/74c0e6b118a67d94c24172143d3bd597473fa63d/sky130A/libs.ref/sky130_fd_io/lib/sky130_ef_io__vddio_hvc_clamped_pad_ff_n40C_1v95_5v50_5v50.lib line 18, library sky130_ef_io__vddio_hvc_clamped_pad_ff_n40C_1v95_5v50_5v50 already exists.
[STA-1173] /Users/aoxo/.ciel/ciel/sky130/versions/74c0e6b118a67d94c24172143d3bd597473fa63d/sky130A/libs.ref/sky130_fd_io/lib/sky130_ef_io__vddio_hvc_clamped_pad_ff_n40C_1v95_5v50_5v50.lib line 42, default_fanout_load is 0.0.
[STA-1140] /Users/aoxo/.ciel/ciel/sky130/versions/74c0e6b118a67d94c24172143d3bd597473fa63d/sky130A/libs.ref/sky130_fd_io/lib/sky130_ef_io__vssio_hvc_clamped_pad_ff_n40C_1v95_5v50_5v50.lib line 18, library sky130_ef_io__vssio_hvc_clamped_pad_ff_n40C_1v95_5v50_5v50 already exists.
[STA-1173] /Users/aoxo/.ciel/ciel/sky130/versions/74c0e6b118a67d94c24172143d3bd597473fa63d/sky130A/libs.ref/sky130_fd_io/lib/sky130_ef_io__vssio_hvc_clamped_pad_ff_n40C_1v95_5v50_5v50.lib line 42, default_fanout_load is 0.0.
[STA-1140] /Users/aoxo/.ciel/ciel/sky130/versions/74c0e6b118a67d94c24172143d3bd597473fa63d/sky130A/libs.ref/sky130_fd_io/lib/sky130_ef_io__gpiov2_pad_ff_ff_n40C_1v95_5v50.lib line 18, library sky130_ef_io__gpiov2_pad_ff_ff_n40C_1v95_5v50 already exists.
[STA-1173] /Users/aoxo/.ciel/ciel/sky130/versions/74c0e6b118a67d94c24172143d3bd597473fa63d/sky130A/libs.ref/sky130_fd_io/lib/sky130_ef_io__gpiov2_pad_ff_ff_n40C_1v95_5v50.lib line 33, default_fanout_load is 0.0.
[STA-1140] /Users/aoxo/.ciel/ciel/sky130/versions/74c0e6b118a67d94c24172143d3bd597473fa63d/sky130A/libs.ref/sky130_fd_io/lib/slices_stubs.lib line 18, library slices_stubs already exists.
[STA-1173] /Users/aoxo/.ciel/ciel/sky130/versions/74c0e6b118a67d94c24172143d3bd597473fa63d/sky130A/libs.ref/sky130_fd_io/lib/slices_stubs.lib line 33, default_fanout_load is 0.0.
[STA-1140] /Users/aoxo/.ciel/ciel/sky130/versions/74c0e6b118a67d94c24172143d3bd597473fa63d/sky130A/libs.ref/sky130_fd_io/lib/sky130_ef_io__analog_stubs.lib line 18, library sky130_ef_io__analog_stubs already exists.
[STA-1173] /Users/aoxo/.ciel/ciel/sky130/versions/74c0e6b118a67d94c24172143d3bd597473fa63d/sky130A/libs.ref/sky130_fd_io/lib/sky130_ef_io__analog_stubs.lib line 43, default_fanout_load is 0.0.
[ORD-2056] The following 18 liberty cell(s) do not have LEF masters and will be marked as dont-use:
[STA-0441] set_input_delay relative to a clock defined on the same port/pin not allowed.
[STA-0441] set_input_delay relative to a clock defined on the same port/pin not allowed.
[EST-0026] Missing route to pin hold1582/A in net _00002_.
[EST-0026] Missing route to pin _22414_/X in net _00002_.
[EST-0026] Missing route to pin hold1582/A in net _00002_.
[EST-0026] Missing route to pin _22414_/X in net _00002_.
[EST-0026] Missing route to pin hold1582/A in net _00002_.
[EST-0026] Missing route to pin _22414_/X in net _00002_.
[EST-0026] Missing route to pin hold1582/A in net _00002_.
[EST-0026] Missing route to pin _22414_/X in net _00002_.
[EST-0026] Missing route to pin hold1582/A in net _00002_.
[EST-0026] Missing route to pin _22414_/X in net _00002_.
[EST-0026] Missing route to pin hold1582/A in net _00002_.
[EST-0026] Missing route to pin _22414_/X in net _00002_.
[EST-0026] Missing route to pin hold1582/A in net _00002_.
[EST-0026] Missing route to pin _22414_/X in net _00002_.
[EST-0026] Missing route to pin hold1582/A in net _00002_.
[EST-0026] Missing route to pin _22414_/X in net _00002_.
[EST-0026] Missing route to pin hold1582/A in net _00002_.
[EST-0026] Missing route to pin _22414_/X in net _00002_.
[EST-0026] Missing route to pin _46481_/D in net _00003_.
[EST-0026] Missing route to pin _22412_/X in net _00003_.
[EST-0026] Missing route to pin _46481_/D in net _00003_.
[EST-0026] Missing route to pin _22412_/X in net _00003_.
[EST-0026] Missing route to pin _46481_/D in net _00003_.
[EST-0026] Missing route to pin _22412_/X in net _00003_.
[EST-0026] Missing route to pin _46481_/D in net _00003_.
[EST-0026] Missing route to pin _22412_/X in net _00003_.
[EST-0026] Missing route to pin _46481_/D in net _00003_.
[EST-0026] Missing route to pin _22412_/X in net _00003_.
[EST-0026] Missing route to pin _46481_/D in net _00003_.
[EST-0026] Missing route to pin _22412_/X in net _00003_.
[EST-0026] Missing route to pin _46481_/D in net _00003_.
[EST-0026] Missing route to pin _22412_/X in net _00003_.
[EST-0026] Missing route to pin _46481_/D in net _00003_.
[EST-0026] Missing route to pin _22412_/X in net _00003_.
[EST-0026] Missing route to pin _46481_/D in net _00003_.
[EST-0026] Missing route to pin _22412_/X in net _00003_.
[EST-0026] Missing route to pin _46474_/D in net _00004_.
[EST-0026] Missing route to pin _22404_/X in net _00004_.
[EST-0026] Missing route to pin _46474_/D in net _00004_.
[EST-0026] Missing route to pin _22404_/X in net _00004_.
[EST-0026] Missing route to pin _46474_/D in net _00004_.
[EST-0026] Missing route to pin _22404_/X in net _00004_.
[EST-0026] Missing route to pin _46474_/D in net _00004_.
[EST-0026] Missing route to pin _22404_/X in net _00004_.
[EST-0026] Missing route to pin _46474_/D in net _00004_.
[EST-0026] Missing route to pin _22404_/X in net _00004_.
[EST-0026] Missing route to pin _46474_/D in net _00004_.
[EST-0026] Missing route to pin _22404_/X in net _00004_.
[EST-0026] Missing route to pin _46474_/D in net _00004_.
[EST-0026] Missing route to pin _22404_/X in net _00004_.
[EST-0026] Missing route to pin _46474_/D in net _00004_.
[EST-0026] Missing route to pin _22404_/X in net _00004_.
[EST-0026] Missing route to pin _46474_/D in net _00004_.
[EST-0026] Missing route to pin _22404_/X in net _00004_.
[EST-0026] Missing route to pin _46472_/D in net _00010_.
[EST-0026] Missing route to pin _22384_/X in net _00010_.
[EST-0026] Missing route to pin _46472_/D in net _00010_.
[EST-0026] Missing route to pin _22384_/X in net _00010_.
[EST-0026] Missing route to pin _46472_/D in net _00010_.
[EST-0026] Missing route to pin _22384_/X in net _00010_.
[EST-0026] Missing route to pin _46472_/D in net _00010_.
[EST-0026] Missing route to pin _22384_/X in net _00010_.
[EST-0026] Missing route to pin _46472_/D in net _00010_.
[EST-0026] Missing route to pin _22384_/X in net _00010_.
[EST-0026] Missing route to pin _46472_/D in net _00010_.
[EST-0026] Missing route to pin _22384_/X in net _00010_.
[EST-0026] Missing route to pin _46472_/D in net _00010_.
[EST-0026] Missing route to pin _22384_/X in net _00010_.
[EST-0026] Missing route to pin _46472_/D in net _00010_.
[EST-0026] Missing route to pin _22384_/X in net _00010_.
[EST-0026] Missing route to pin _46472_/D in net _00010_.
[EST-0026] Missing route to pin _22384_/X in net _00010_.
[EST-0026] Missing route to pin _46473_/D in net _00011_.
[EST-0026] Missing route to pin _22382_/Y in net _00011_.
[EST-0026] Missing route to pin _46473_/D in net _00011_.
[EST-0026] Missing route to pin _22382_/Y in net _00011_.
[EST-0026] Missing route to pin _46473_/D in net _00011_.
[EST-0026] Missing route to pin _22382_/Y in net _00011_.
[EST-0026] Missing route to pin _46473_/D in net _00011_.
[EST-0026] Missing route to pin _22382_/Y in net _00011_.
[EST-0026] Missing route to pin _46473_/D in net _00011_.
[EST-0026] Missing route to pin _22382_/Y in net _00011_.
[EST-0026] Missing route to pin _46473_/D in net _00011_.
[EST-0026] Missing route to pin _22382_/Y in net _00011_.
[EST-0026] Missing route to pin _46473_/D in net _00011_.
[EST-0026] Missing route to pin _22382_/Y in net _00011_.
[EST-0026] Missing route to pin _46473_/D in net _00011_.
[EST-0026] Missing route to pin _22382_/Y in net _00011_.
[EST-0026] Missing route to pin _46473_/D in net _00011_.
[EST-0026] Missing route to pin _22382_/Y in net _00011_.
[EST-0026] Missing route to pin _46468_/D in net _00014_.
[EST-0026] Missing route to pin _22367_/X in net _00014_.
[EST-0026] Missing route to pin _46468_/D in net _00014_.
[EST-0026] Missing route to pin _22367_/X in net _00014_.
[EST-0026] Missing route to pin _46468_/D in net _00014_.
[EST-0026] Missing route to pin _22367_/X in net _00014_.
[EST-0026] Missing route to pin _46468_/D in net _00014_.
[EST-0026] Missing route to pin _22367_/X in net _00014_.
[EST-0026] Missing route to pin _46468_/D in net _00014_.
[EST-0026] Missing route to pin _22367_/X in net _00014_.
[EST-0026] Missing route to pin _46468_/D in net _00014_.
[EST-0026] Missing route to pin _22367_/X in net _00014_.
[EST-0026] Missing route to pin _46468_/D in net _00014_.
[EST-0026] Missing route to pin _22367_/X in net _00014_.
[EST-0026] Missing route to pin _46468_/D in net _00014_.
[EST-0026] Missing route to pin _22367_/X in net _00014_.
[EST-0026] Missing route to pin _46468_/D in net _00014_.
[EST-0026] Missing route to pin _22367_/X in net _00014_.
[EST-0026] Missing route to pin _46469_/D in net _00015_.
[EST-0026] Missing route to pin _22363_/Y in net _00015_.
[EST-0026] Missing route to pin _46469_/D in net _00015_.
[EST-0026] Missing route to pin _22363_/Y in net _00015_.
[EST-0026] Missing route to pin _46469_/D in net _00015_.
[EST-0026] Missing route to pin _22363_/Y in net _00015_.
[EST-0026] Missing route to pin _46469_/D in net _00015_.
[EST-0026] Missing route to pin _22363_/Y in net _00015_.
[EST-0026] Missing route to pin _46469_/D in net _00015_.
[EST-0026] Missing route to pin _22363_/Y in net _00015_.
[EST-0026] Missing route to pin _46469_/D in net _00015_.
[EST-0026] Missing route to pin _22363_/Y in net _00015_.
[EST-0026] Missing route to pin _46469_/D in net _00015_.
[EST-0026] Missing route to pin _22363_/Y in net _00015_.
[EST-0026] Missing route to pin _46469_/D in net _00015_.
[EST-0026] Missing route to pin _22363_/Y in net _00015_.
[EST-0026] Missing route to pin _46469_/D in net _00015_.
[EST-0026] Missing route to pin _22363_/Y in net _00015_.
[EST-0026] Missing route to pin _46463_/D in net _00016_.
[EST-0026] Missing route to pin _22346_/X in net _00016_.
[EST-0026] Missing route to pin _46463_/D in net _00016_.
[EST-0026] Missing route to pin _22346_/X in net _00016_.
[EST-0026] Missing route to pin _46463_/D in net _00016_.
[EST-0026] Missing route to pin _22346_/X in net _00016_.
[EST-0026] Missing route to pin _46463_/D in net _00016_.
[EST-0026] Missing route to pin _22346_/X in net _00016_.
[EST-0026] Missing route to pin _46463_/D in net _00016_.
[EST-0026] Missing route to pin _22346_/X in net _00016_.
[EST-0026] Missing route to pin _46463_/D in net _00016_.
[EST-0026] Missing route to pin _22346_/X in net _00016_.
[EST-0026] Missing route to pin _46463_/D in net _00016_.
[EST-0026] Missing route to pin _22346_/X in net _00016_.
[EST-0026] Missing route to pin _46463_/D in net _00016_.
[EST-0026] Missing route to pin _22346_/X in net _00016_.
[EST-0026] Missing route to pin _46463_/D in net _00016_.
[EST-0026] Missing route to pin _22346_/X in net _00016_.
[EST-0026] Missing route to pin _46464_/D in net _00017_.
[EST-0026] Missing route to pin _22345_/Y in net _00017_.
[EST-0026] Missing route to pin _46464_/D in net _00017_.
[EST-0026] Missing route to pin _22345_/Y in net _00017_.
[EST-0026] Missing route to pin _46464_/D in net _00017_.
[EST-0026] Missing route to pin _22345_/Y in net _00017_.
[EST-0026] Missing route to pin _46464_/D in net _00017_.
[EST-0026] Missing route to pin _22345_/Y in net _00017_.
[EST-0026] Missing route to pin _46464_/D in net _00017_.
[EST-0026] Missing route to pin _22345_/Y in net _00017_.
[EST-0026] Missing route to pin _46464_/D in net _00017_.
[EST-0026] Missing route to pin _22345_/Y in net _00017_.
[EST-0026] Missing route to pin _46464_/D in net _00017_.
[EST-0026] Missing route to pin _22345_/Y in net _00017_.
[EST-0026] Missing route to pin _46464_/D in net _00017_.
[EST-0026] Missing route to pin _22345_/Y in net _00017_.
[EST-0026] Missing route to pin _46464_/D in net _00017_.
[EST-0026] Missing route to pin _22345_/Y in net _00017_.
[EST-0026] Missing route to pin _46465_/D in net _00018_.
[EST-0026] Missing route to pin _22339_/Y in net _00018_.
[EST-0026] Missing route to pin _46465_/D in net _00018_.
[EST-0026] Missing route to pin _22339_/Y in net _00018_.
[EST-0026] Missing route to pin _46465_/D in net _00018_.
[EST-0026] Missing route to pin _22339_/Y in net _00018_.
[EST-0026] Missing route to pin _46465_/D in net _00018_.
[EST-0026] Missing route to pin _22339_/Y in net _00018_.
[EST-0026] Missing route to pin _46465_/D in net _00018_.
[EST-0026] Missing route to pin _22339_/Y in net _00018_.
[EST-0026] Missing route to pin _46465_/D in net _00018_.
[EST-0026] Missing route to pin _22339_/Y in net _00018_.
[EST-0026] Missing route to pin _46465_/D in net _00018_.
[EST-0026] Missing route to pin _22339_/Y in net _00018_.
[EST-0026] Missing route to pin _46465_/D in net _00018_.
[EST-0026] Missing route to pin _22339_/Y in net _00018_.
[EST-0026] Missing route to pin _46465_/D in net _00018_.
[EST-0026] Missing route to pin _22339_/Y in net _00018_.
[EST-0026] Missing route to pin place736/A in net _00019_.
[EST-0026] Missing route to pin _44218_/COUT in net _00019_.
[EST-0026] Missing route to pin place736/A in net _00019_.
[EST-0026] Missing route to pin _44218_/COUT in net _00019_.
[EST-0026] Missing route to pin place736/A in net _00019_.
[EST-0026] Missing route to pin _44218_/COUT in net _00019_.
[EST-0026] Missing route to pin place736/A in net _00019_.
[EST-0026] Missing route to pin _44218_/COUT in net _00019_.
[EST-0026] Missing route to pin place736/A in net _00019_.
[EST-0026] Missing route to pin _44218_/COUT in net _00019_.
[EST-0026] Missing route to pin place736/A in net _00019_.
[EST-0026] Missing route to pin _44218_/COUT in net _00019_.
[EST-0026] Missing route to pin place736/A in net _00019_.
[EST-0026] Missing route to pin _44218_/COUT in net _00019_.
[EST-0026] Missing route to pin place736/A in net _00019_.
[EST-0026] Missing route to pin _44218_/COUT in net _00019_.
[EST-0026] Missing route to pin place736/A in net _00019_.
[EST-0026] Missing route to pin _44218_/COUT in net _00019_.
[EST-0026] Missing route to pin place735/A in net _00020_.
[EST-0026] Missing route to pin _44218_/SUM in net _00020_.
[EST-0026] Missing route to pin place735/A in net _00020_.
[EST-0026] Missing route to pin _44218_/SUM in net _00020_.
[EST-0026] Missing route to pin place735/A in net _00020_.
[EST-0026] Missing route to pin _44218_/SUM in net _00020_.
[EST-0026] Missing route to pin place735/A in net _00020_.
[EST-0026] Missing route to pin _44218_/SUM in net _00020_.
[EST-0026] Missing route to pin place735/A in net _00020_.
[EST-0026] Missing route to pin _44218_/SUM in net _00020_.
[EST-0026] Missing route to pin place735/A in net _00020_.
[EST-0026] Missing route to pin _44218_/SUM in net _00020_.
[EST-0026] Missing route to pin place735/A in net _00020_.
[EST-0026] Missing route to pin _44218_/SUM in net _00020_.
[EST-0026] Missing route to pin place735/A in net _00020_.
[EST-0026] Missing route to pin _44218_/SUM in net _00020_.
[EST-0026] Missing route to pin place735/A in net _00020_.
[EST-0026] Missing route to pin _44218_/SUM in net _00020_.
[EST-0026] Missing route to pin place733/A in net _00022_.
[EST-0026] Missing route to pin _44219_/SUM in net _00022_.
[EST-0026] Missing route to pin place733/A in net _00022_.
[EST-0026] Missing route to pin _44219_/SUM in net _00022_.
[EST-0026] Missing route to pin place733/A in net _00022_.
[EST-0026] Missing route to pin _44219_/SUM in net _00022_.
[EST-0026] Missing route to pin place733/A in net _00022_.
[EST-0026] Missing route to pin _44219_/SUM in net _00022_.
[EST-0026] Missing route to pin place733/A in net _00022_.
[EST-0026] Missing route to pin _44219_/SUM in net _00022_.
[EST-0026] Missing route to pin place733/A in net _00022_.
[EST-0026] Missing route to pin _44219_/SUM in net _00022_.
[EST-0026] Missing route to pin place733/A in net _00022_.
[EST-0026] Missing route to pin _44219_/SUM in net _00022_.
[EST-0026] Missing route to pin place733/A in net _00022_.
[EST-0026] Missing route to pin _44219_/SUM in net _00022_.
[EST-0026] Missing route to pin place733/A in net _00022_.
[EST-0026] Missing route to pin _44219_/SUM in net _00022_.
[EST-0026] Missing route to pin place730/A in net _00025_.
[EST-0026] Missing route to pin _44221_/COUT in net _00025_.
[EST-0026] Missing route to pin place730/A in net _00025_.
[EST-0026] Missing route to pin _44221_/COUT in net _00025_.
[EST-0026] Missing route to pin place730/A in net _00025_.
[EST-0026] Missing route to pin _44221_/COUT in net _00025_.
[EST-0026] Missing route to pin place730/A in net _00025_.
[EST-0026] Missing route to pin _44221_/COUT in net _00025_.
[EST-0026] Missing route to pin place730/A in net _00025_.
[EST-0026] Missing route to pin _44221_/COUT in net _00025_.
[EST-0026] Missing route to pin place730/A in net _00025_.
[EST-0026] Missing route to pin _44221_/COUT in net _00025_.
[EST-0026] Missing route to pin place730/A in net _00025_.
[EST-0026] Missing route to pin _44221_/COUT in net _00025_.
[EST-0026] Missing route to pin place730/A in net _00025_.
[EST-0026] Missing route to pin _44221_/COUT in net _00025_.
[EST-0026] Missing route to pin place730/A in net _00025_.
[EST-0026] Missing route to pin _44221_/COUT in net _00025_.
[EST-0026] Missing route to pin place729/A in net _00026_.
[EST-0026] Missing route to pin _44221_/SUM in net _00026_.
[EST-0026] Missing route to pin place729/A in net _00026_.
[EST-0026] Missing route to pin _44221_/SUM in net _00026_.
[EST-0026] Missing route to pin place729/A in net _00026_.
[EST-0026] Missing route to pin _44221_/SUM in net _00026_.
[EST-0026] Missing route to pin place729/A in net _00026_.
[EST-0026] Missing route to pin _44221_/SUM in net _00026_.
[EST-0026] Missing route to pin place729/A in net _00026_.
[EST-0026] Missing route to pin _44221_/SUM in net _00026_.
[EST-0026] Missing route to pin place729/A in net _00026_.
[EST-0026] Missing route to pin _44221_/SUM in net _00026_.
[EST-0026] Missing route to pin place729/A in net _00026_.
[EST-0026] Missing route to pin _44221_/SUM in net _00026_.
[EST-0026] Missing route to pin place729/A in net _00026_.
[EST-0026] Missing route to pin _44221_/SUM in net _00026_.
[EST-0026] Missing route to pin place729/A in net _00026_.
[EST-0026] Missing route to pin _44221_/SUM in net _00026_.
[EST-0026] Missing route to pin place727/A in net _00028_.
[EST-0026] Missing route to pin _44222_/SUM in net _00028_.
[EST-0026] Missing route to pin place727/A in net _00028_.
[EST-0026] Missing route to pin _44222_/SUM in net _00028_.
[EST-0026] Missing route to pin place727/A in net _00028_.
[EST-0026] Missing route to pin _44222_/SUM in net _00028_.
[EST-0026] Missing route to pin place727/A in net _00028_.
[EST-0026] Missing route to pin _44222_/SUM in net _00028_.
[EST-0026] Missing route to pin place727/A in net _00028_.
[EST-0026] Missing route to pin _44222_/SUM in net _00028_.
[EST-0026] Missing route to pin place727/A in net _00028_.
[EST-0026] Missing route to pin _44222_/SUM in net _00028_.
[EST-0026] Missing route to pin place727/A in net _00028_.
[EST-0026] Missing route to pin _44222_/SUM in net _00028_.
[EST-0026] Missing route to pin place727/A in net _00028_.
[EST-0026] Missing route to pin _44222_/SUM in net _00028_.
[EST-0026] Missing route to pin place727/A in net _00028_.
[EST-0026] Missing route to pin _44222_/SUM in net _00028_.
[EST-0026] Missing route to pin place726/A in net _00029_.
[EST-0026] Missing route to pin _44223_/COUT in net _00029_.
[EST-0026] Missing route to pin _37111_/B1 in net _00029_.
[EST-0026] Missing route to pin _37064_/B1 in net _00029_.
[EST-0026] Missing route to pin _37013_/B1 in net _00029_.
[EST-0026] Missing route to pin _36961_/B1 in net _00029_.
[EST-0026] Missing route to pin _36911_/B1 in net _00029_.
[EST-0026] Missing route to pin _36853_/B1 in net _00029_.
[EST-0026] Missing route to pin place726/A in net _00029_.
[EST-0026] Missing route to pin _44223_/COUT in net _00029_.
[EST-0026] Missing route to pin _37111_/B1 in net _00029_.
[EST-0026] Missing route to pin _37064_/B1 in net _00029_.
[EST-0026] Missing route to pin _37013_/B1 in net _00029_.
[EST-0026] Missing route to pin _36961_/B1 in net _00029_.
[EST-0026] Missing route to pin _36911_/B1 in net _00029_.
[EST-0026] Missing route to pin _36853_/B1 in net _00029_.
[EST-0026] Missing route to pin place726/A in net _00029_.
[EST-0026] Missing route to pin _44223_/COUT in net _00029_.
[EST-0026] Missing route to pin _37111_/B1 in net _00029_.
[EST-0026] Missing route to pin _37064_/B1 in net _00029_.
[EST-0026] Missing route to pin _37013_/B1 in net _00029_.
[EST-0026] Missing route to pin _36961_/B1 in net _00029_.
[EST-0026] Missing route to pin _36911_/B1 in net _00029_.
[EST-0026] Missing route to pin _36853_/B1 in net _00029_.
[EST-0026] Missing route to pin place726/A in net _00029_.
[EST-0026] Missing route to pin _44223_/COUT in net _00029_.
[EST-0026] Missing route to pin _37111_/B1 in net _00029_.
[EST-0026] Missing route to pin _37064_/B1 in net _00029_.
[EST-0026] Missing route to pin _37013_/B1 in net _00029_.
[EST-0026] Missing route to pin _36961_/B1 in net _00029_.
[EST-0026] Missing route to pin _36911_/B1 in net _00029_.
[EST-0026] Missing route to pin _36853_/B1 in net _00029_.
[EST-0026] Missing route to pin place726/A in net _00029_.
[EST-0026] Missing route to pin _44223_/COUT in net _00029_.
[EST-0026] Missing route to pin _37111_/B1 in net _00029_.
[EST-0026] Missing route to pin _37064_/B1 in net _00029_.
[EST-0026] Missing route to pin _37013_/B1 in net _00029_.
[EST-0026] Missing route to pin _36961_/B1 in net _00029_.
[EST-0026] Missing route to pin _36911_/B1 in net _00029_.
[EST-0026] Missing route to pin _36853_/B1 in net _00029_.
[EST-0026] Missing route to pin place726/A in net _00029_.
[EST-0026] Missing route to pin _44223_/COUT in net _00029_.
[EST-0026] Missing route to pin _37111_/B1 in net _00029_.
[EST-0026] Missing route to pin _37064_/B1 in net _00029_.
[EST-0026] Missing route to pin _37013_/B1 in net _00029_.
[EST-0026] Missing route to pin _36961_/B1 in net _00029_.
[EST-0026] Missing route to pin _36911_/B1 in net _00029_.
[EST-0026] Missing route to pin _36853_/B1 in net _00029_.
[EST-0026] Missing route to pin place726/A in net _00029_.
[EST-0026] Missing route to pin _44223_/COUT in net _00029_.
[EST-0026] Missing route to pin _37111_/B1 in net _00029_.
[EST-0026] Missing route to pin _37064_/B1 in net _00029_.
[EST-0026] Missing route to pin _37013_/B1 in net _00029_.
[EST-0026] Missing route to pin _36961_/B1 in net _00029_.
[EST-0026] Missing route to pin _36911_/B1 in net _00029_.
[EST-0026] Missing route to pin _36853_/B1 in net _00029_.
[EST-0026] Missing route to pin place726/A in net _00029_.
[EST-0026] Missing route to pin _44223_/COUT in net _00029_.
[EST-0026] Missing route to pin _37111_/B1 in net _00029_.
[EST-0026] Missing route to pin _37064_/B1 in net _00029_.
[EST-0026] Missing route to pin _37013_/B1 in net _00029_.
[EST-0026] Missing route to pin _36961_/B1 in net _00029_.
[EST-0026] Missing route to pin _36911_/B1 in net _00029_.
[EST-0026] Missing route to pin _36853_/B1 in net _00029_.
[EST-0026] Missing route to pin place726/A in net _00029_.
[EST-0026] Missing route to pin _44223_/COUT in net _00029_.
[EST-0026] Missing route to pin _37111_/B1 in net _00029_.
[EST-0026] Missing route to pin _37064_/B1 in net _00029_.
[EST-0026] Missing route to pin _37013_/B1 in net _00029_.
[EST-0026] Missing route to pin _36961_/B1 in net _00029_.
[EST-0026] Missing route to pin _36911_/B1 in net _00029_.
[EST-0026] Missing route to pin _36853_/B1 in net _00029_.
[EST-0026] Missing route to pin place725/A in net _00030_.
[EST-0026] Missing route to pin _44223_/SUM in net _00030_.
[EST-0026] Missing route to pin _36853_/A2 in net _00030_.
[EST-0026] Missing route to pin place725/A in net _00030_.
[EST-0026] Missing route to pin _44223_/SUM in net _00030_.
[EST-0026] Missing route to pin _36853_/A2 in net _00030_.
[EST-0026] Missing route to pin place725/A in net _00030_.
[EST-0026] Missing route to pin _44223_/SUM in net _00030_.
[EST-0026] Missing route to pin _36853_/A2 in net _00030_.
[EST-0026] Missing route to pin place725/A in net _00030_.
[EST-0026] Missing route to pin _44223_/SUM in net _00030_.
[EST-0026] Missing route to pin _36853_/A2 in net _00030_.
[EST-0026] Missing route to pin place725/A in net _00030_.
[EST-0026] Missing route to pin _44223_/SUM in net _00030_.
[EST-0026] Missing route to pin _36853_/A2 in net _00030_.
[EST-0026] Missing route to pin place725/A in net _00030_.
[EST-0026] Missing route to pin _44223_/SUM in net _00030_.
[EST-0026] Missing route to pin _36853_/A2 in net _00030_.
[EST-0026] Missing route to pin place725/A in net _00030_.
[EST-0026] Missing route to pin _44223_/SUM in net _00030_.
[EST-0026] Missing route to pin _36853_/A2 in net _00030_.
[EST-0026] Missing route to pin place725/A in net _00030_.
[EST-0026] Missing route to pin _44223_/SUM in net _00030_.
[EST-0026] Missing route to pin _36853_/A2 in net _00030_.
[EST-0026] Missing route to pin place725/A in net _00030_.
[EST-0026] Missing route to pin _44223_/SUM in net _00030_.
[EST-0026] Missing route to pin _36853_/A2 in net _00030_.
[EST-0026] Missing route to pin place724/A in net _00031_.
[EST-0026] Missing route to pin _44224_/COUT in net _00031_.
[EST-0026] Missing route to pin place724/A in net _00031_.
[EST-0026] Missing route to pin _44224_/COUT in net _00031_.
[EST-0026] Missing route to pin place724/A in net _00031_.
[EST-0026] Missing route to pin _44224_/COUT in net _00031_.
[EST-0026] Missing route to pin place724/A in net _00031_.
[EST-0026] Missing route to pin _44224_/COUT in net _00031_.
[EST-0026] Missing route to pin place724/A in net _00031_.
[EST-0026] Missing route to pin _44224_/COUT in net _00031_.
[EST-0026] Missing route to pin place724/A in net _00031_.
[EST-0026] Missing route to pin _44224_/COUT in net _00031_.
[EST-0026] Missing route to pin place724/A in net _00031_.
[EST-0026] Missing route to pin _44224_/COUT in net _00031_.
[EST-0026] Missing route to pin place724/A in net _00031_.
[EST-0026] Missing route to pin _44224_/COUT in net _00031_.
[EST-0026] Missing route to pin place724/A in net _00031_.
[EST-0026] Missing route to pin _44224_/COUT in net _00031_.
[EST-0026] Missing route to pin place723/A in net _00032_.
[EST-0026] Missing route to pin _44224_/SUM in net _00032_.
[EST-0026] Missing route to pin _38991_/A2 in net _00032_.
[EST-0026] Missing route to pin _38715_/A2 in net _00032_.
[EST-0026] Missing route to pin _38645_/A2 in net _00032_.
[EST-0026] Missing route to pin _38644_/B in net _00032_.
[EST-0026] Missing route to pin place723/A in net _00032_.
[EST-0026] Missing route to pin _44224_/SUM in net _00032_.
[EST-0026] Missing route to pin _38991_/A2 in net _00032_.
[EST-0026] Missing route to pin _38715_/A2 in net _00032_.
[EST-0026] Missing route to pin _38645_/A2 in net _00032_.
[EST-0026] Missing route to pin _38644_/B in net _00032_.
[EST-0026] Missing route to pin place723/A in net _00032_.
[EST-0026] Missing route to pin _44224_/SUM in net _00032_.
[EST-0026] Missing route to pin _38991_/A2 in net _00032_.
[EST-0026] Missing route to pin _38715_/A2 in net _00032_.
[EST-0026] Missing route to pin _38645_/A2 in net _00032_.
[EST-0026] Missing route to pin _38644_/B in net _00032_.
[EST-0026] Missing route to pin place723/A in net _00032_.
[EST-0026] Missing route to pin _44224_/SUM in net _00032_.
[EST-0026] Missing route to pin _38991_/A2 in net _00032_.
[EST-0026] Missing route to pin _38715_/A2 in net _00032_.
[EST-0026] Missing route to pin _38645_/A2 in net _00032_.
[EST-0026] Missing route to pin _38644_/B in net _00032_.
[EST-0026] Missing route to pin place723/A in net _00032_.
[EST-0026] Missing route to pin _44224_/SUM in net _00032_.
[EST-0026] Missing route to pin _38991_/A2 in net _00032_.
[EST-0026] Missing route to pin _38715_/A2 in net _00032_.
[EST-0026] Missing route to pin _38645_/A2 in net _00032_.
[EST-0026] Missing route to pin _38644_/B in net _00032_.
[EST-0026] Missing route to pin place723/A in net _00032_.
[EST-0026] Missing route to pin _44224_/SUM in net _00032_.
[EST-0026] Missing route to pin _38991_/A2 in net _00032_.
[EST-0026] Missing route to pin _38715_/A2 in net _00032_.
[EST-0026] Missing route to pin _38645_/A2 in net _00032_.
[EST-0026] Missing route to pin _38644_/B in net _00032_.
[EST-0026] Missing route to pin place723/A in net _00032_.
[EST-0026] Missing route to pin _44224_/SUM in net _00032_.
[EST-0026] Missing route to pin _38991_/A2 in net _00032_.
[EST-0026] Missing route to pin _38715_/A2 in net _00032_.
[EST-0026] Missing route to pin _38645_/A2 in net _00032_.
[EST-0026] Missing route to pin _38644_/B in net _00032_.
[EST-0026] Missing route to pin place723/A in net _00032_.
[EST-0026] Missing route to pin _44224_/SUM in net _00032_.
[EST-0026] Missing route to pin _38991_/A2 in net _00032_.
[EST-0026] Missing route to pin _38715_/A2 in net _00032_.
[EST-0026] Missing route to pin _38645_/A2 in net _00032_.
[EST-0026] Missing route to pin _38644_/B in net _00032_.
[EST-0026] Missing route to pin place723/A in net _00032_.
[EST-0026] Missing route to pin _44224_/SUM in net _00032_.
[EST-0026] Missing route to pin _38991_/A2 in net _00032_.
[EST-0026] Missing route to pin _38715_/A2 in net _00032_.
[EST-0026] Missing route to pin _38645_/A2 in net _00032_.
[EST-0026] Missing route to pin _38644_/B in net _00032_.
[EST-0026] Missing route to pin place721/A in net _00034_.
[EST-0026] Missing route to pin _44225_/SUM in net _00034_.
[EST-0026] Missing route to pin _41002_/A2 in net _00034_.
[EST-0026] Missing route to pin _40967_/A2 in net _00034_.
[EST-0026] Missing route to pin _40943_/A2 in net _00034_.
[EST-0026] Missing route to pin place721/A in net _00034_.
[EST-0026] Missing route to pin _44225_/SUM in net _00034_.
[EST-0026] Missing route to pin _41002_/A2 in net _00034_.
[EST-0026] Missing route to pin _40967_/A2 in net _00034_.
[EST-0026] Missing route to pin _40943_/A2 in net _00034_.
[EST-0026] Missing route to pin place721/A in net _00034_.
[EST-0026] Missing route to pin _44225_/SUM in net _00034_.
[EST-0026] Missing route to pin _41002_/A2 in net _00034_.
[EST-0026] Missing route to pin _40967_/A2 in net _00034_.
[EST-0026] Missing route to pin _40943_/A2 in net _00034_.
[EST-0026] Missing route to pin place721/A in net _00034_.
[EST-0026] Missing route to pin _44225_/SUM in net _00034_.
[EST-0026] Missing route to pin _41002_/A2 in net _00034_.
[EST-0026] Missing route to pin _40967_/A2 in net _00034_.
[EST-0026] Missing route to pin _40943_/A2 in net _00034_.
[EST-0026] Missing route to pin place721/A in net _00034_.
[EST-0026] Missing route to pin _44225_/SUM in net _00034_.
[EST-0026] Missing route to pin _41002_/A2 in net _00034_.
[EST-0026] Missing route to pin _40967_/A2 in net _00034_.
[EST-0026] Missing route to pin _40943_/A2 in net _00034_.
[EST-0026] Missing route to pin place721/A in net _00034_.
[EST-0026] Missing route to pin _44225_/SUM in net _00034_.
[EST-0026] Missing route to pin _41002_/A2 in net _00034_.
[EST-0026] Missing route to pin _40967_/A2 in net _00034_.
[EST-0026] Missing route to pin _40943_/A2 in net _00034_.
[EST-0026] Missing route to pin place721/A in net _00034_.
[EST-0026] Missing route to pin _44225_/SUM in net _00034_.
[EST-0026] Missing route to pin _41002_/A2 in net _00034_.
[EST-0026] Missing route to pin _40967_/A2 in net _00034_.
[EST-0026] Missing route to pin _40943_/A2 in net _00034_.
[EST-0026] Missing route to pin place721/A in net _00034_.
[EST-0026] Missing route to pin _44225_/SUM in net _00034_.
[EST-0026] Missing route to pin _41002_/A2 in net _00034_.
[EST-0026] Missing route to pin _40967_/A2 in net _00034_.
[EST-0026] Missing route to pin _40943_/A2 in net _00034_.
[EST-0026] Missing route to pin place721/A in net _00034_.
[EST-0026] Missing route to pin _44225_/SUM in net _00034_.
[EST-0026] Missing route to pin _41002_/A2 in net _00034_.
[EST-0026] Missing route to pin _40967_/A2 in net _00034_.
[EST-0026] Missing route to pin _40943_/A2 in net _00034_.
[EST-0026] Missing route to pin _44226_/COUT in net _00035_.
[EST-0026] Missing route to pin _24690_/B in net _00035_.
[EST-0026] Missing route to pin _24667_/B1 in net _00035_.
[EST-0026] Missing route to pin _24645_/B1 in net _00035_.
[EST-0026] Missing route to pin _24617_/B1 in net _00035_.
[EST-0026] Missing route to pin _24589_/B1 in net _00035_.
[EST-0026] Missing route to pin _24554_/B1 in net _00035_.
[EST-0026] Missing route to pin _24522_/B1 in net _00035_.
[EST-0026] Missing route to pin _24481_/B1 in net _00035_.
[EST-0026] Missing route to pin _24437_/B1 in net _00035_.
[EST-0026] Missing route to pin _24396_/B1 in net _00035_.
[EST-0026] Missing route to pin _24351_/B1 in net _00035_.
[EST-0026] Missing route to pin _24303_/B1 in net _00035_.
[EST-0026] Missing route to pin _24250_/B1 in net _00035_.
[EST-0026] Missing route to pin _24199_/B1 in net _00035_.
[EST-0026] Missing route to pin _24146_/B1 in net _00035_.
[EST-0026] Missing route to pin _44226_/COUT in net _00035_.
[EST-0026] Missing route to pin _24690_/B in net _00035_.
[EST-0026] Missing route to pin _24667_/B1 in net _00035_.
[EST-0026] Missing route to pin _24645_/B1 in net _00035_.
[EST-0026] Missing route to pin _24617_/B1 in net _00035_.
[EST-0026] Missing route to pin _24589_/B1 in net _00035_.
[EST-0026] Missing route to pin _24554_/B1 in net _00035_.
[EST-0026] Missing route to pin _24522_/B1 in net _00035_.
[EST-0026] Missing route to pin _24481_/B1 in net _00035_.
[EST-0026] Missing route to pin _24437_/B1 in net _00035_.
[EST-0026] Missing route to pin _24396_/B1 in net _00035_.
[EST-0026] Missing route to pin _24351_/B1 in net _00035_.
[EST-0026] Missing route to pin _24303_/B1 in net _00035_.
[EST-0026] Missing route to pin _24250_/B1 in net _00035_.
[EST-0026] Missing route to pin _24199_/B1 in net _00035_.
[EST-0026] Missing route to pin _24146_/B1 in net _00035_.
[EST-0026] Missing route to pin _44226_/COUT in net _00035_.
[EST-0026] Missing route to pin _24690_/B in net _00035_.
[EST-0026] Missing route to pin _24667_/B1 in net _00035_.
[EST-0026] Missing route to pin _24645_/B1 in net _00035_.
[EST-0026] Missing route to pin _24617_/B1 in net _00035_.
[EST-0026] Missing route to pin _24589_/B1 in net _00035_.
[EST-0026] Missing route to pin _24554_/B1 in net _00035_.
[EST-0026] Missing route to pin _24522_/B1 in net _00035_.
[EST-0026] Missing route to pin _24481_/B1 in net _00035_.
[EST-0026] Missing route to pin _24437_/B1 in net _00035_.
[EST-0026] Missing route to pin _24396_/B1 in net _00035_.
[EST-0026] Missing route to pin _24351_/B1 in net _00035_.
[EST-0026] Missing route to pin _24303_/B1 in net _00035_.
[EST-0026] Missing route to pin _24250_/B1 in net _00035_.
[EST-0026] Missing route to pin _24199_/B1 in net _00035_.
[EST-0026] Missing route to pin _24146_/B1 in net _00035_.
[EST-0026] Missing route to pin _44226_/COUT in net _00035_.
[EST-0026] Missing route to pin _24690_/B in net _00035_.
[EST-0026] Missing route to pin _24667_/B1 in net _00035_.
[EST-0026] Missing route to pin _24645_/B1 in net _00035_.
[EST-0026] Missing route to pin _24617_/B1 in net _00035_.
[EST-0026] Missing route to pin _24589_/B1 in net _00035_.
[EST-0026] Missing route to pin _24554_/B1 in net _00035_.
[EST-0026] Missing route to pin _24522_/B1 in net _00035_.
[EST-0026] Missing route to pin _24481_/B1 in net _00035_.
[EST-0026] Missing route to pin _24437_/B1 in net _00035_.
[EST-0026] Missing route to pin _24396_/B1 in net _00035_.
[EST-0026] Missing route to pin _24351_/B1 in net _00035_.
[EST-0026] Missing route to pin _24303_/B1 in net _00035_.
[EST-0026] Missing route to pin _24250_/B1 in net _00035_.
[EST-0026] Missing route to pin _24199_/B1 in net _00035_.
[EST-0026] Missing route to pin _24146_/B1 in net _00035_.
[EST-0026] Missing route to pin _44226_/COUT in net _00035_.
[EST-0026] Missing route to pin _24690_/B in net _00035_.
[EST-0026] Missing route to pin _24667_/B1 in net _00035_.
[EST-0026] Missing route to pin _24645_/B1 in net _00035_.
[EST-0026] Missing route to pin _24617_/B1 in net _00035_.
[EST-0026] Missing route to pin _24589_/B1 in net _00035_.
[EST-0026] Missing route to pin _24554_/B1 in net _00035_.
[EST-0026] Missing route to pin _24522_/B1 in net _00035_.
[EST-0026] Missing route to pin _24481_/B1 in net _00035_.
[EST-0026] Missing route to pin _24437_/B1 in net _00035_.
[EST-0026] Missing route to pin _24396_/B1 in net _00035_.
[EST-0026] Missing route to pin _24351_/B1 in net _00035_.
[EST-0026] Missing route to pin _24303_/B1 in net _00035_.
[EST-0026] Missing route to pin _24250_/B1 in net _00035_.
[EST-0026] Missing route to pin _24199_/B1 in net _00035_.
[EST-0026] Missing route to pin _24146_/B1 in net _00035_.
[EST-0026] Missing route to pin _44226_/COUT in net _00035_.
[EST-0026] Missing route to pin _24690_/B in net _00035_.
[EST-0026] Missing route to pin _24667_/B1 in net _00035_.
[EST-0026] Missing route to pin _24645_/B1 in net _00035_.
[EST-0026] Missing route to pin _24617_/B1 in net _00035_.
[EST-0026] Missing route to pin _24589_/B1 in net _00035_.
[EST-0026] Missing route to pin _24554_/B1 in net _00035_.
[EST-0026] Missing route to pin _24522_/B1 in net _00035_.
[EST-0026] Missing route to pin _24481_/B1 in net _00035_.
[EST-0026] Missing route to pin _24437_/B1 in net _00035_.
[EST-0026] Missing route to pin _24396_/B1 in net _00035_.
[EST-0026] Missing route to pin _24351_/B1 in net _00035_.
[EST-0026] Missing route to pin _24303_/B1 in net _00035_.
[EST-0026] Missing route to pin _24250_/B1 in net _00035_.
[EST-0026] Missing route to pin _24199_/B1 in net _00035_.
[EST-0026] Missing route to pin _24146_/B1 in net _00035_.
[EST-0026] Missing route to pin _44226_/COUT in net _00035_.
[EST-0026] Missing route to pin _24690_/B in net _00035_.
[EST-0026] Missing route to pin _24667_/B1 in net _00035_.
[EST-0026] Missing route to pin _24645_/B1 in net _00035_.
[EST-0026] Missing route to pin _24617_/B1 in net _00035_.
[EST-0026] Missing route to pin _24589_/B1 in net _00035_.
[EST-0026] Missing route to pin _24554_/B1 in net _00035_.
[EST-0026] Missing route to pin _24522_/B1 in net _00035_.
[EST-0026] Missing route to pin _24481_/B1 in net _00035_.
[EST-0026] Missing route to pin _24437_/B1 in net _00035_.
[EST-0026] Missing route to pin _24396_/B1 in net _00035_.
[EST-0026] Missing route to pin _24351_/B1 in net _00035_.
[EST-0026] Missing route to pin _24303_/B1 in net _00035_.
[EST-0026] Missing route to pin _24250_/B1 in net _00035_.
[EST-0026] Missing route to pin _24199_/B1 in net _00035_.
[EST-0026] Missing route to pin _24146_/B1 in net _00035_.
[EST-0026] Missing route to pin _44226_/COUT in net _00035_.
[EST-0026] Missing route to pin _24690_/B in net _00035_.
[EST-0026] Missing route to pin _24667_/B1 in net _00035_.
[EST-0026] Missing route to pin _24645_/B1 in net _00035_.
[EST-0026] Missing route to pin _24617_/B1 in net _00035_.
[EST-0026] Missing route to pin _24589_/B1 in net _00035_.
[EST-0026] Missing route to pin _24554_/B1 in net _00035_.
[EST-0026] Missing route to pin _24522_/B1 in net _00035_.
[EST-0026] Missing route to pin _24481_/B1 in net _00035_.
[EST-0026] Missing route to pin _24437_/B1 in net _00035_.
[EST-0026] Missing route to pin _24396_/B1 in net _00035_.
[EST-0026] Missing route to pin _24351_/B1 in net _00035_.
[EST-0026] Missing route to pin _24303_/B1 in net _00035_.
[EST-0026] Missing route to pin _24250_/B1 in net _00035_.
[EST-0026] Missing route to pin _24199_/B1 in net _00035_.
[EST-0026] Missing route to pin _24146_/B1 in net _00035_.
[EST-0026] Missing route to pin _44226_/COUT in net _00035_.
[EST-0026] Missing route to pin _24690_/B in net _00035_.
[EST-0026] Missing route to pin _24667_/B1 in net _00035_.
[EST-0026] Missing route to pin _24645_/B1 in net _00035_.
[EST-0026] Missing route to pin _24617_/B1 in net _00035_.
[EST-0026] Missing route to pin _24589_/B1 in net _00035_.
[EST-0026] Missing route to pin _24554_/B1 in net _00035_.
[EST-0026] Missing route to pin _24522_/B1 in net _00035_.
[EST-0026] Missing route to pin _24481_/B1 in net _00035_.
[EST-0026] Missing route to pin _24437_/B1 in net _00035_.
[EST-0026] Missing route to pin _24396_/B1 in net _00035_.
[EST-0026] Missing route to pin _24351_/B1 in net _00035_.
[EST-0026] Missing route to pin _24303_/B1 in net _00035_.
[EST-0026] Missing route to pin _24250_/B1 in net _00035_.
[EST-0026] Missing route to pin _24199_/B1 in net _00035_.
[EST-0026] Missing route to pin _24146_/B1 in net _00035_.
[EST-0026] Missing route to pin place719/A in net _00037_.
[EST-0026] Missing route to pin _44227_/COUT in net _00037_.
[EST-0026] Missing route to pin place719/A in net _00037_.
[EST-0026] Missing route to pin _44227_/COUT in net _00037_.
[EST-0026] Missing route to pin place719/A in net _00037_.
[EST-0026] Missing route to pin _44227_/COUT in net _00037_.
[EST-0026] Missing route to pin place719/A in net _00037_.
[EST-0026] Missing route to pin _44227_/COUT in net _00037_.
[EST-0026] Missing route to pin place719/A in net _00037_.
[EST-0026] Missing route to pin _44227_/COUT in net _00037_.
[EST-0026] Missing route to pin place719/A in net _00037_.
[EST-0026] Missing route to pin _44227_/COUT in net _00037_.
[EST-0026] Missing route to pin place719/A in net _00037_.
[EST-0026] Missing route to pin _44227_/COUT in net _00037_.
[EST-0026] Missing route to pin place719/A in net _00037_.
[EST-0026] Missing route to pin _44227_/COUT in net _00037_.
[EST-0026] Missing route to pin place719/A in net _00037_.
[EST-0026] Missing route to pin _44227_/COUT in net _00037_.
[EST-0026] Missing route to pin place718/A in net _00038_.
[EST-0026] Missing route to pin _44227_/SUM in net _00038_.
[EST-0026] Missing route to pin place718/A in net _00038_.
[EST-0026] Missing route to pin _44227_/SUM in net _00038_.
[EST-0026] Missing route to pin place718/A in net _00038_.
[EST-0026] Missing route to pin _44227_/SUM in net _00038_.
[EST-0026] Missing route to pin place718/A in net _00038_.
[EST-0026] Missing route to pin _44227_/SUM in net _00038_.
[EST-0026] Missing route to pin place718/A in net _00038_.
[EST-0026] Missing route to pin _44227_/SUM in net _00038_.
[EST-0026] Missing route to pin place718/A in net _00038_.
[EST-0026] Missing route to pin _44227_/SUM in net _00038_.
[EST-0026] Missing route to pin place718/A in net _00038_.
[EST-0026] Missing route to pin _44227_/SUM in net _00038_.
[EST-0026] Missing route to pin place718/A in net _00038_.
[EST-0026] Missing route to pin _44227_/SUM in net _00038_.
[EST-0026] Missing route to pin place718/A in net _00038_.
[EST-0026] Missing route to pin _44227_/SUM in net _00038_.
[EST-0026] Missing route to pin place717/A in net _00039_.
[EST-0026] Missing route to pin _44228_/COUT in net _00039_.
[EST-0026] Missing route to pin place717/A in net _00039_.
[EST-0026] Missing route to pin _44228_/COUT in net _00039_.
[EST-0026] Missing route to pin place717/A in net _00039_.
[EST-0026] Missing route to pin _44228_/COUT in net _00039_.
[EST-0026] Missing route to pin place717/A in net _00039_.
[EST-0026] Missing route to pin _44228_/COUT in net _00039_.
[EST-0026] Missing route to pin place717/A in net _00039_.
[EST-0026] Missing route to pin _44228_/COUT in net _00039_.
[EST-0026] Missing route to pin place717/A in net _00039_.
[EST-0026] Missing route to pin _44228_/COUT in net _00039_.
[EST-0026] Missing route to pin place717/A in net _00039_.
[EST-0026] Missing route to pin _44228_/COUT in net _00039_.
[EST-0026] Missing route to pin place717/A in net _00039_.
[EST-0026] Missing route to pin _44228_/COUT in net _00039_.
[EST-0026] Missing route to pin place717/A in net _00039_.
[EST-0026] Missing route to pin _44228_/COUT in net _00039_.
[EST-0026] Missing route to pin place716/A in net _00040_.
[EST-0026] Missing route to pin _44228_/SUM in net _00040_.
[EST-0026] Missing route to pin place716/A in net _00040_.
[EST-0026] Missing route to pin _44228_/SUM in net _00040_.
[EST-0026] Missing route to pin place716/A in net _00040_.
[EST-0026] Missing route to pin _44228_/SUM in net _00040_.
[EST-0026] Missing route to pin place716/A in net _00040_.
[EST-0026] Missing route to pin _44228_/SUM in net _00040_.
[EST-0026] Missing route to pin place716/A in net _00040_.
[EST-0026] Missing route to pin _44228_/SUM in net _00040_.
[EST-0026] Missing route to pin place716/A in net _00040_.
[EST-0026] Missing route to pin _44228_/SUM in net _00040_.
[EST-0026] Missing route to pin place716/A in net _00040_.
[EST-0026] Missing route to pin _44228_/SUM in net _00040_.
[EST-0026] Missing route to pin place716/A in net _00040_.
[EST-0026] Missing route to pin _44228_/SUM in net _00040_.
[EST-0026] Missing route to pin place716/A in net _00040_.
[EST-0026] Missing route to pin _44228_/SUM in net _00040_.
[EST-0026] Missing route to pin place715/A in net _00041_.
[EST-0026] Missing route to pin _44229_/COUT in net _00041_.
[EST-0026] Missing route to pin place715/A in net _00041_.
[EST-0026] Missing route to pin _44229_/COUT in net _00041_.
[EST-0026] Missing route to pin place715/A in net _00041_.
[EST-0026] Missing route to pin _44229_/COUT in net _00041_.
[EST-0026] Missing route to pin place715/A in net _00041_.
[EST-0026] Missing route to pin _44229_/COUT in net _00041_.
[EST-0026] Missing route to pin place715/A in net _00041_.
[EST-0026] Missing route to pin _44229_/COUT in net _00041_.
[EST-0026] Missing route to pin place715/A in net _00041_.
[EST-0026] Missing route to pin _44229_/COUT in net _00041_.
[EST-0026] Missing route to pin place715/A in net _00041_.
[EST-0026] Missing route to pin _44229_/COUT in net _00041_.
[EST-0026] Missing route to pin place715/A in net _00041_.
[EST-0026] Missing route to pin _44229_/COUT in net _00041_.
[EST-0026] Missing route to pin place715/A in net _00041_.
[EST-0026] Missing route to pin _44229_/COUT in net _00041_.
[EST-0026] Missing route to pin place714/A in net _00042_.
[EST-0026] Missing route to pin _44229_/SUM in net _00042_.
[EST-0026] Missing route to pin place714/A in net _00042_.
[EST-0026] Missing route to pin _44229_/SUM in net _00042_.
[EST-0026] Missing route to pin place714/A in net _00042_.
[EST-0026] Missing route to pin _44229_/SUM in net _00042_.
[EST-0026] Missing route to pin place714/A in net _00042_.
[EST-0026] Missing route to pin _44229_/SUM in net _00042_.
[EST-0026] Missing route to pin place714/A in net _00042_.
[EST-0026] Missing route to pin _44229_/SUM in net _00042_.
[EST-0026] Missing route to pin place714/A in net _00042_.
[EST-0026] Missing route to pin _44229_/SUM in net _00042_.
[EST-0026] Missing route to pin place714/A in net _00042_.
[EST-0026] Missing route to pin _44229_/SUM in net _00042_.
[EST-0026] Missing route to pin place714/A in net _00042_.
[EST-0026] Missing route to pin _44229_/SUM in net _00042_.
[EST-0026] Missing route to pin place714/A in net _00042_.
[EST-0026] Missing route to pin _44229_/SUM in net _00042_.
[EST-0026] Missing route to pin _44230_/COUT in net _00044_.
[EST-0026] Missing route to pin _30439_/B in net _00044_.
[EST-0026] Missing route to pin _30390_/B2 in net _00044_.
[EST-0026] Missing route to pin _30361_/B2 in net _00044_.
[EST-0026] Missing route to pin _30296_/B2 in net _00044_.
[EST-0026] Missing route to pin _30284_/B2 in net _00044_.
[EST-0026] Missing route to pin _30233_/B2 in net _00044_.
[EST-0026] Missing route to pin _30192_/B2 in net _00044_.
[EST-0026] Missing route to pin _30169_/A2 in net _00044_.
[EST-0026] Missing route to pin _30163_/B2 in net _00044_.
[EST-0026] Missing route to pin _30147_/B2 in net _00044_.
[EST-0026] Missing route to pin _30130_/B2 in net _00044_.
[EST-0026] Missing route to pin _30106_/B2 in net _00044_.
[EST-0026] Missing route to pin _30084_/B2 in net _00044_.
[EST-0026] Missing route to pin _30054_/B2 in net _00044_.
[EST-0026] Missing route to pin _30033_/B2 in net _00044_.
[EST-0026] Missing route to pin _44230_/COUT in net _00044_.
[EST-0026] Missing route to pin _30439_/B in net _00044_.
[EST-0026] Missing route to pin _30390_/B2 in net _00044_.
[EST-0026] Missing route to pin _30361_/B2 in net _00044_.
[EST-0026] Missing route to pin _30296_/B2 in net _00044_.
[EST-0026] Missing route to pin _30284_/B2 in net _00044_.
[EST-0026] Missing route to pin _30233_/B2 in net _00044_.
[EST-0026] Missing route to pin _30192_/B2 in net _00044_.
[EST-0026] Missing route to pin _30169_/A2 in net _00044_.
[EST-0026] Missing route to pin _30163_/B2 in net _00044_.
[EST-0026] Missing route to pin _30147_/B2 in net _00044_.
[EST-0026] Missing route to pin _30130_/B2 in net _00044_.
[EST-0026] Missing route to pin _30106_/B2 in net _00044_.
[EST-0026] Missing route to pin _30084_/B2 in net _00044_.
[EST-0026] Missing route to pin _30054_/B2 in net _00044_.
[EST-0026] Missing route to pin _30033_/B2 in net _00044_.
[EST-0026] Missing route to pin _44230_/COUT in net _00044_.
[EST-0026] Missing route to pin _30439_/B in net _00044_.
[EST-0026] Missing route to pin _30390_/B2 in net _00044_.
[EST-0026] Missing route to pin _30361_/B2 in net _00044_.
[EST-0026] Missing route to pin _30296_/B2 in net _00044_.
[EST-0026] Missing route to pin _30284_/B2 in net _00044_.
[EST-0026] Missing route to pin _30233_/B2 in net _00044_.
[EST-0026] Missing route to pin _30192_/B2 in net _00044_.
[EST-0026] Missing route to pin _30169_/A2 in net _00044_.
[EST-0026] Missing route to pin _30163_/B2 in net _00044_.
[EST-0026] Missing route to pin _30147_/B2 in net _00044_.
[EST-0026] Missing route to pin _30130_/B2 in net _00044_.
[EST-0026] Missing route to pin _30106_/B2 in net _00044_.
[EST-0026] Missing route to pin _30084_/B2 in net _00044_.
[EST-0026] Missing route to pin _30054_/B2 in net _00044_.
[EST-0026] Missing route to pin _30033_/B2 in net _00044_.
[EST-0026] Missing route to pin _44230_/COUT in net _00044_.
[EST-0026] Missing route to pin _30439_/B in net _00044_.
[EST-0026] Missing route to pin _30390_/B2 in net _00044_.
[EST-0026] Missing route to pin _30361_/B2 in net _00044_.
[EST-0026] Missing route to pin _30296_/B2 in net _00044_.
[EST-0026] Missing route to pin _30284_/B2 in net _00044_.
[EST-0026] Missing route to pin _30233_/B2 in net _00044_.
[EST-0026] Missing route to pin _30192_/B2 in net _00044_.
[EST-0026] Missing route to pin _30169_/A2 in net _00044_.
[EST-0026] Missing route to pin _30163_/B2 in net _00044_.
[EST-0026] Missing route to pin _30147_/B2 in net _00044_.
[EST-0026] Missing route to pin _30130_/B2 in net _00044_.
[EST-0026] Missing route to pin _30106_/B2 in net _00044_.
[EST-0026] Missing route to pin _30084_/B2 in net _00044_.
[EST-0026] Missing route to pin _30054_/B2 in net _00044_.
[EST-0026] Missing route to pin _30033_/B2 in net _00044_.
[EST-0026] Missing route to pin _44230_/COUT in net _00044_.
[EST-0026] Missing route to pin _30439_/B in net _00044_.
[EST-0026] Missing route to pin _30390_/B2 in net _00044_.
[EST-0026] Missing route to pin _30361_/B2 in net _00044_.
[EST-0026] Missing route to pin _30296_/B2 in net _00044_.
[EST-0026] Missing route to pin _30284_/B2 in net _00044_.
[EST-0026] Missing route to pin _30233_/B2 in net _00044_.
[EST-0026] Missing route to pin _30192_/B2 in net _00044_.
[EST-0026] Missing route to pin _30169_/A2 in net _00044_.
[EST-0026] Missing route to pin _30163_/B2 in net _00044_.
[EST-0026] Missing route to pin _30147_/B2 in net _00044_.
[EST-0026] Missing route to pin _30130_/B2 in net _00044_.
[EST-0026] Missing route to pin _30106_/B2 in net _00044_.
[EST-0026] Missing route to pin _30084_/B2 in net _00044_.
[EST-0026] Missing route to pin _30054_/B2 in net _00044_.
[EST-0026] Missing route to pin _30033_/B2 in net _00044_.
[EST-0026] Missing route to pin _44230_/COUT in net _00044_.
[EST-0026] Missing route to pin _30439_/B in net _00044_.
[EST-0026] Missing route to pin _30390_/B2 in net _00044_.
[EST-0026] Missing route to pin _30361_/B2 in net _00044_.
[EST-0026] Missing route to pin _30296_/B2 in net _00044_.
[EST-0026] Missing route to pin _30284_/B2 in net _00044_.
[EST-0026] Missing route to pin _30233_/B2 in net _00044_.
[EST-0026] Missing route to pin _30192_/B2 in net _00044_.
[EST-0026] Missing route to pin _30169_/A2 in net _00044_.
[EST-0026] Missing route to pin _30163_/B2 in net _00044_.
[EST-0026] Missing route to pin _30147_/B2 in net _00044_.
[EST-0026] Missing route to pin _30130_/B2 in net _00044_.
[EST-0026] Missing route to pin _30106_/B2 in net _00044_.
[EST-0026] Missing route to pin _30084_/B2 in net _00044_.
[EST-0026] Missing route to pin _30054_/B2 in net _00044_.
[EST-0026] Missing route to pin _30033_/B2 in net _00044_.
[EST-0026] Missing route to pin _44230_/COUT in net _00044_.
[EST-0026] Missing route to pin _30439_/B in net _00044_.
[EST-0026] Missing route to pin _30390_/B2 in net _00044_.
[EST-0026] Missing route to pin _30361_/B2 in net _00044_.
[EST-0026] Missing route to pin _30296_/B2 in net _00044_.
[EST-0026] Missing route to pin _30284_/B2 in net _00044_.
[EST-0026] Missing route to pin _30233_/B2 in net _00044_.
[EST-0026] Missing route to pin _30192_/B2 in net _00044_.
[EST-0026] Missing route to pin _30169_/A2 in net _00044_.
[EST-0026] Missing route to pin _30163_/B2 in net _00044_.
[EST-0026] Missing route to pin _30147_/B2 in net _00044_.
[EST-0026] Missing route to pin _30130_/B2 in net _00044_.
[EST-0026] Missing route to pin _30106_/B2 in net _00044_.
[EST-0026] Missing route to pin _30084_/B2 in net _00044_.
[EST-0026] Missing route to pin _30054_/B2 in net _00044_.
[EST-0026] Missing route to pin _30033_/B2 in net _00044_.
[EST-0026] Missing route to pin _44230_/COUT in net _00044_.
[EST-0026] Missing route to pin _30439_/B in net _00044_.
[EST-0026] Missing route to pin _30390_/B2 in net _00044_.
[EST-0026] Missing route to pin _30361_/B2 in net _00044_.
[EST-0026] Missing route to pin _30296_/B2 in net _00044_.
[EST-0026] Missing route to pin _30284_/B2 in net _00044_.
[EST-0026] Missing route to pin _30233_/B2 in net _00044_.
[EST-0026] Missing route to pin _30192_/B2 in net _00044_.
[EST-0026] Missing route to pin _30169_/A2 in net _00044_.
[EST-0026] Missing route to pin _30163_/B2 in net _00044_.
[EST-0026] Missing route to pin _30147_/B2 in net _00044_.
[EST-0026] Missing route to pin _30130_/B2 in net _00044_.
[EST-0026] Missing route to pin _30106_/B2 in net _00044_.
[EST-0026] Missing route to pin _30084_/B2 in net _00044_.
[EST-0026] Missing route to pin _30054_/B2 in net _00044_.
[EST-0026] Missing route to pin _30033_/B2 in net _00044_.
[EST-0026] Missing route to pin _44230_/COUT in net _00044_.
[EST-0026] Missing route to pin _30439_/B in net _00044_.
[EST-0026] Missing route to pin _30390_/B2 in net _00044_.
[EST-0026] Missing route to pin _30361_/B2 in net _00044_.
[EST-0026] Missing route to pin _30296_/B2 in net _00044_.
[EST-0026] Missing route to pin _30284_/B2 in net _00044_.
[EST-0026] Missing route to pin _30233_/B2 in net _00044_.
[EST-0026] Missing route to pin _30192_/B2 in net _00044_.
[EST-0026] Missing route to pin _30169_/A2 in net _00044_.
[EST-0026] Missing route to pin _30163_/B2 in net _00044_.
[EST-0026] Missing route to pin _30147_/B2 in net _00044_.
[EST-0026] Missing route to pin _30130_/B2 in net _00044_.
[EST-0026] Missing route to pin _30106_/B2 in net _00044_.
[EST-0026] Missing route to pin _30084_/B2 in net _00044_.
[EST-0026] Missing route to pin _30054_/B2 in net _00044_.
[EST-0026] Missing route to pin _30033_/B2 in net _00044_.
[EST-0026] Missing route to pin _22249_/Y in net _00045_.
[EST-0026] Missing route to pin _22249_/Y in net _00045_.
[EST-0026] Missing route to pin _22249_/Y in net _00045_.
[EST-0026] Missing route to pin _22249_/Y in net _00045_.
[EST-0026] Missing route to pin _22249_/Y in net _00045_.
[EST-0026] Missing route to pin _22249_/Y in net _00045_.
[EST-0026] Missing route to pin _22249_/Y in net _00045_.
[EST-0026] Missing route to pin _22249_/Y in net _00045_.
[EST-0026] Missing route to pin _22249_/Y in net _00045_.
[EST-0026] Missing route to pin _44231_/COUT in net _00046_.
[EST-0026] Missing route to pin _31647_/B2 in net _00046_.
[EST-0026] Missing route to pin _31627_/B2 in net _00046_.
[EST-0026] Missing route to pin _31624_/A2 in net _00046_.
[EST-0026] Missing route to pin _31620_/B2 in net _00046_.
[EST-0026] Missing route to pin _31602_/B2 in net _00046_.
[EST-0026] Missing route to pin _31596_/B2 in net _00046_.
[EST-0026] Missing route to pin _31568_/B2 in net _00046_.
[EST-0026] Missing route to pin _31542_/B2 in net _00046_.
[EST-0026] Missing route to pin _31524_/B2 in net _00046_.
[EST-0026] Missing route to pin _31470_/B2 in net _00046_.
[EST-0026] Missing route to pin _31423_/B2 in net _00046_.
[EST-0026] Missing route to pin _31391_/B2 in net _00046_.
[EST-0026] Missing route to pin _31349_/B2 in net _00046_.
[EST-0026] Missing route to pin _31323_/B2 in net _00046_.
[EST-0026] Missing route to pin _31303_/B in net _00046_.
[EST-0026] Missing route to pin _44231_/COUT in net _00046_.
[EST-0026] Missing route to pin _31647_/B2 in net _00046_.
[EST-0026] Missing route to pin _31627_/B2 in net _00046_.
[EST-0026] Missing route to pin _31624_/A2 in net _00046_.
[EST-0026] Missing route to pin _31620_/B2 in net _00046_.
[EST-0026] Missing route to pin _31602_/B2 in net _00046_.
[EST-0026] Missing route to pin _31596_/B2 in net _00046_.
[EST-0026] Missing route to pin _31568_/B2 in net _00046_.
[EST-0026] Missing route to pin _31542_/B2 in net _00046_.
[EST-0026] Missing route to pin _31524_/B2 in net _00046_.
[EST-0026] Missing route to pin _31470_/B2 in net _00046_.
[EST-0026] Missing route to pin _31423_/B2 in net _00046_.
[EST-0026] Missing route to pin _31391_/B2 in net _00046_.
[EST-0026] Missing route to pin _31349_/B2 in net _00046_.
[EST-0026] Missing route to pin _31323_/B2 in net _00046_.
[EST-0026] Missing route to pin _31303_/B in net _00046_.
[EST-0026] Missing route to pin _44231_/COUT in net _00046_.
[EST-0026] Missing route to pin _31647_/B2 in net _00046_.
[EST-0026] Missing route to pin _31627_/B2 in net _00046_.
[EST-0026] Missing route to pin _31624_/A2 in net _00046_.
[EST-0026] Missing route to pin _31620_/B2 in net _00046_.
[EST-0026] Missing route to pin _31602_/B2 in net _00046_.
[EST-0026] Missing route to pin _31596_/B2 in net _00046_.
[EST-0026] Missing route to pin _31568_/B2 in net _00046_.
[EST-0026] Missing route to pin _31542_/B2 in net _00046_.
[EST-0026] Missing route to pin _31524_/B2 in net _00046_.
[EST-0026] Missing route to pin _31470_/B2 in net _00046_.
[EST-0026] Missing route to pin _31423_/B2 in net _00046_.
[EST-0026] Missing route to pin _31391_/B2 in net _00046_.
[EST-0026] Missing route to pin _31349_/B2 in net _00046_.
[EST-0026] Missing route to pin _31323_/B2 in net _00046_.
[EST-0026] Missing route to pin _31303_/B in net _00046_.
[EST-0026] Missing route to pin _44231_/COUT in net _00046_.
[EST-0026] Missing route to pin _31647_/B2 in net _00046_.
[EST-0026] Missing route to pin _31627_/B2 in net _00046_.
[EST-0026] Missing route to pin _31624_/A2 in net _00046_.
[EST-0026] Missing route to pin _31620_/B2 in net _00046_.
[EST-0026] Missing route to pin _31602_/B2 in net _00046_.
[EST-0026] Missing route to pin _31596_/B2 in net _00046_.
[EST-0026] Missing route to pin _31568_/B2 in net _00046_.
[EST-0026] Missing route to pin _31542_/B2 in net _00046_.
[EST-0026] Missing route to pin _31524_/B2 in net _00046_.
[EST-0026] Missing route to pin _31470_/B2 in net _00046_.
[EST-0026] Missing route to pin _31423_/B2 in net _00046_.
[EST-0026] Missing route to pin _31391_/B2 in net _00046_.
[EST-0026] Missing route to pin _31349_/B2 in net _00046_.
[EST-0026] Missing route to pin _31323_/B2 in net _00046_.
[EST-0026] Missing route to pin _31303_/B in net _00046_.
[EST-0026] Missing route to pin _44231_/COUT in net _00046_.
[EST-0026] Missing route to pin _31647_/B2 in net _00046_.
[EST-0026] Missing route to pin _31627_/B2 in net _00046_.
[EST-0026] Missing route to pin _31624_/A2 in net _00046_.
[EST-0026] Missing route to pin _31620_/B2 in net _00046_.
[EST-0026] Missing route to pin _31602_/B2 in net _00046_.
[EST-0026] Missing route to pin _31596_/B2 in net _00046_.
[EST-0026] Missing route to pin _31568_/B2 in net _00046_.
[EST-0026] Missing route to pin _31542_/B2 in net _00046_.
[EST-0026] Missing route to pin _31524_/B2 in net _00046_.
[EST-0026] Missing route to pin _31470_/B2 in net _00046_.
[EST-0026] Missing route to pin _31423_/B2 in net _00046_.
[EST-0026] Missing route to pin _31391_/B2 in net _00046_.
[EST-0026] Missing route to pin _31349_/B2 in net _00046_.
[EST-0026] Missing route to pin _31323_/B2 in net _00046_.
[EST-0026] Missing route to pin _31303_/B in net _00046_.
[EST-0026] Missing route to pin _44231_/COUT in net _00046_.
[EST-0026] Missing route to pin _31647_/B2 in net _00046_.
[EST-0026] Missing route to pin _31627_/B2 in net _00046_.
[EST-0026] Missing route to pin _31624_/A2 in net _00046_.
[EST-0026] Missing route to pin _31620_/B2 in net _00046_.
[EST-0026] Missing route to pin _31602_/B2 in net _00046_.
[EST-0026] Missing route to pin _31596_/B2 in net _00046_.
[EST-0026] Missing route to pin _31568_/B2 in net _00046_.
[EST-0026] Missing route to pin _31542_/B2 in net _00046_.
[EST-0026] Missing route to pin _31524_/B2 in net _00046_.
[EST-0026] Missing route to pin _31470_/B2 in net _00046_.
[EST-0026] message limit (1000) reached. This message will no longer print.
Running 'Odb.DiodesOnPorts' at 'runs/RUN_2026-07-02_10-20-07/42-odb-diodesonports'…
'DIODE_ON_PORTS' is set to 'none': skipping 'Odb.DiodesOnPorts'…
Gating variable for step 'Odb.HeuristicDiodeInsertion' set to 'False'- the step will be skipped.
Skipping step 'Heuristic Diode Insertion'…
Running 'OpenROAD.RepairAntennas' at 'runs/RUN_2026-07-02_10-20-07/43-openroad-repairantennas'…
Running 'OpenROAD.DiodeInsertion' at 'runs/RUN_2026-07-02_10-20-07/43-openroad-repairantennas/1-openroad-diodeinsertion'…
Logging subprocess to [repr.filename]'runs/RUN_2026-07-02_10-20-07/43-openroad-repairantennas/1-openroad-diodeinsertion/openroad-diodeinsertion.log'[/repr.filename]…
[STA-1173] /Users/aoxo/.ciel/ciel/sky130/versions/74c0e6b118a67d94c24172143d3bd597473fa63d/sky130A/libs.ref/sky130_fd_io/lib/sky130_ef_io__vccd_lvc_clamped_pad_ss_100C_1v60_3v00_3v00.lib line 42, default_fanout_load is 0.0.
[STA-1173] /Users/aoxo/.ciel/ciel/sky130/versions/74c0e6b118a67d94c24172143d3bd597473fa63d/sky130A/libs.ref/sky130_fd_io/lib/sky130_ef_io__vssd_lvc_clamped_pad_ss_100C_1v60_3v00.lib line 43, default_fanout_load is 0.0.
[STA-1173] /Users/aoxo/.ciel/ciel/sky130/versions/74c0e6b118a67d94c24172143d3bd597473fa63d/sky130A/libs.ref/sky130_fd_io/lib/sky130_ef_io__vddio_hvc_clamped_pad_ss_100C_1v60_3v00_3v00.lib line 42, default_fanout_load is 0.0.
[STA-1173] /Users/aoxo/.ciel/ciel/sky130/versions/74c0e6b118a67d94c24172143d3bd597473fa63d/sky130A/libs.ref/sky130_fd_io/lib/sky130_ef_io__vssio_hvc_clamped_pad_ss_100C_1v60_3v00_3v00.lib line 42, default_fanout_load is 0.0.
[STA-1173] /Users/aoxo/.ciel/ciel/sky130/versions/74c0e6b118a67d94c24172143d3bd597473fa63d/sky130A/libs.ref/sky130_fd_io/lib/sky130_ef_io__gpiov2_pad_ss_ss_100C_1v60_3v00.lib line 33, default_fanout_load is 0.0.
[STA-1173] /Users/aoxo/.ciel/ciel/sky130/versions/74c0e6b118a67d94c24172143d3bd597473fa63d/sky130A/libs.ref/sky130_fd_io/lib/slices_stubs.lib line 33, default_fanout_load is 0.0.
[STA-1173] /Users/aoxo/.ciel/ciel/sky130/versions/74c0e6b118a67d94c24172143d3bd597473fa63d/sky130A/libs.ref/sky130_fd_io/lib/sky130_ef_io__analog_stubs.lib line 43, default_fanout_load is 0.0.
[ORD-2056] The following 2 liberty cell(s) do not have LEF masters and will be marked as dont-use:
[STA-0441] set_input_delay relative to a clock defined on the same port/pin not allowed.
[STA-0441] set_input_delay relative to a clock defined on the same port/pin not allowed.
Running 'OpenROAD.CheckAntennas' at 'runs/RUN_2026-07-02_10-20-07/43-openroad-repairantennas/2-openroad-checkantennas'…
Logging subprocess to [repr.filename]'runs/RUN_2026-07-02_10-20-07/43-openroad-repairantennas/2-openroad-checkantennas/openroad-checkantennas.log'[/repr.filename]…
[STA-1173] /Users/aoxo/.ciel/ciel/sky130/versions/74c0e6b118a67d94c24172143d3bd597473fa63d/sky130A/libs.ref/sky130_fd_io/lib/sky130_ef_io__vccd_lvc_clamped_pad_ss_100C_1v60_3v00_3v00.lib line 42, default_fanout_load is 0.0.
[STA-1173] /Users/aoxo/.ciel/ciel/sky130/versions/74c0e6b118a67d94c24172143d3bd597473fa63d/sky130A/libs.ref/sky130_fd_io/lib/sky130_ef_io__vssd_lvc_clamped_pad_ss_100C_1v60_3v00.lib line 43, default_fanout_load is 0.0.
[STA-1173] /Users/aoxo/.ciel/ciel/sky130/versions/74c0e6b118a67d94c24172143d3bd597473fa63d/sky130A/libs.ref/sky130_fd_io/lib/sky130_ef_io__vddio_hvc_clamped_pad_ss_100C_1v60_3v00_3v00.lib line 42, default_fanout_load is 0.0.
[STA-1173] /Users/aoxo/.ciel/ciel/sky130/versions/74c0e6b118a67d94c24172143d3bd597473fa63d/sky130A/libs.ref/sky130_fd_io/lib/sky130_ef_io__vssio_hvc_clamped_pad_ss_100C_1v60_3v00_3v00.lib line 42, default_fanout_load is 0.0.
[STA-1173] /Users/aoxo/.ciel/ciel/sky130/versions/74c0e6b118a67d94c24172143d3bd597473fa63d/sky130A/libs.ref/sky130_fd_io/lib/sky130_ef_io__gpiov2_pad_ss_ss_100C_1v60_3v00.lib line 33, default_fanout_load is 0.0.
[STA-1173] /Users/aoxo/.ciel/ciel/sky130/versions/74c0e6b118a67d94c24172143d3bd597473fa63d/sky130A/libs.ref/sky130_fd_io/lib/slices_stubs.lib line 33, default_fanout_load is 0.0.
[STA-1173] /Users/aoxo/.ciel/ciel/sky130/versions/74c0e6b118a67d94c24172143d3bd597473fa63d/sky130A/libs.ref/sky130_fd_io/lib/sky130_ef_io__analog_stubs.lib line 43, default_fanout_load is 0.0.
[ORD-2056] The following 2 liberty cell(s) do not have LEF masters and will be marked as dont-use:
[STA-0441] set_input_delay relative to a clock defined on the same port/pin not allowed.
[STA-0441] set_input_delay relative to a clock defined on the same port/pin not allowed.
Running 'OpenROAD.ResizerTimingPostGRT' at 'runs/RUN_2026-07-02_10-20-07/44-openroad-resizertimingpostgrt'…
Logging subprocess to [repr.filename]'runs/RUN_2026-07-02_10-20-07/44-openroad-resizertimingpostgrt/openroad-resizertimingpostgrt.log'[/repr.filename]…
[STA-1173] /Users/aoxo/.ciel/ciel/sky130/versions/74c0e6b118a67d94c24172143d3bd597473fa63d/sky130A/libs.ref/sky130_fd_io/lib/sky130_ef_io__vccd_lvc_clamped_pad_tt_025C_1v80_3v30_3v30.lib line 42, default_fanout_load is 0.0.
[STA-1173] /Users/aoxo/.ciel/ciel/sky130/versions/74c0e6b118a67d94c24172143d3bd597473fa63d/sky130A/libs.ref/sky130_fd_io/lib/sky130_ef_io__vssd_lvc_clamped_pad_tt_025C_1v80_3v30.lib line 43, default_fanout_load is 0.0.
[STA-1173] /Users/aoxo/.ciel/ciel/sky130/versions/74c0e6b118a67d94c24172143d3bd597473fa63d/sky130A/libs.ref/sky130_fd_io/lib/sky130_ef_io__vddio_hvc_clamped_pad_tt_025C_1v80_3v30_3v30.lib line 42, default_fanout_load is 0.0.
[STA-1173] /Users/aoxo/.ciel/ciel/sky130/versions/74c0e6b118a67d94c24172143d3bd597473fa63d/sky130A/libs.ref/sky130_fd_io/lib/sky130_ef_io__vssio_hvc_clamped_pad_tt_025C_1v80_3v30_3v30.lib line 42, default_fanout_load is 0.0.
[STA-1173] /Users/aoxo/.ciel/ciel/sky130/versions/74c0e6b118a67d94c24172143d3bd597473fa63d/sky130A/libs.ref/sky130_fd_io/lib/sky130_ef_io__gpiov2_pad_tt_tt_025C_1v80_3v30.lib line 33, default_fanout_load is 0.0.
[STA-1173] /Users/aoxo/.ciel/ciel/sky130/versions/74c0e6b118a67d94c24172143d3bd597473fa63d/sky130A/libs.ref/sky130_fd_io/lib/slices_stubs.lib line 33, default_fanout_load is 0.0.
[STA-1173] /Users/aoxo/.ciel/ciel/sky130/versions/74c0e6b118a67d94c24172143d3bd597473fa63d/sky130A/libs.ref/sky130_fd_io/lib/sky130_ef_io__analog_stubs.lib line 43, default_fanout_load is 0.0.
[STA-1173] /Users/aoxo/.ciel/ciel/sky130/versions/74c0e6b118a67d94c24172143d3bd597473fa63d/sky130A/libs.ref/sky130_fd_io/lib/sky130_ef_io__vccd_lvc_clamped_pad_ss_100C_1v60_3v00_3v00.lib line 42, default_fanout_load is 0.0.
[STA-1173] /Users/aoxo/.ciel/ciel/sky130/versions/74c0e6b118a67d94c24172143d3bd597473fa63d/sky130A/libs.ref/sky130_fd_io/lib/sky130_ef_io__vssd_lvc_clamped_pad_ss_100C_1v60_3v00.lib line 43, default_fanout_load is 0.0.
[STA-1173] /Users/aoxo/.ciel/ciel/sky130/versions/74c0e6b118a67d94c24172143d3bd597473fa63d/sky130A/libs.ref/sky130_fd_io/lib/sky130_ef_io__vddio_hvc_clamped_pad_ss_100C_1v60_3v00_3v00.lib line 42, default_fanout_load is 0.0.
[STA-1173] /Users/aoxo/.ciel/ciel/sky130/versions/74c0e6b118a67d94c24172143d3bd597473fa63d/sky130A/libs.ref/sky130_fd_io/lib/sky130_ef_io__vssio_hvc_clamped_pad_ss_100C_1v60_3v00_3v00.lib line 42, default_fanout_load is 0.0.
[STA-1173] /Users/aoxo/.ciel/ciel/sky130/versions/74c0e6b118a67d94c24172143d3bd597473fa63d/sky130A/libs.ref/sky130_fd_io/lib/sky130_ef_io__gpiov2_pad_ss_ss_100C_1v60_3v00.lib line 33, default_fanout_load is 0.0.
[STA-1111] cell sky130_ef_io__gpiov2_pad_ss_ss_100C_1v60_3v00/sky130_ef_io__gpiov2_pad OUT -> PAD timing group combinational not found in cell sky130_ef_io__gpiov2_pad_tt_tt_025C_1v80_3v30/sky130_ef_io__gpiov2_pad.
[STA-1111] cell sky130_ef_io__gpiov2_pad_ss_ss_100C_1v60_3v00/sky130_ef_io__gpiov2_pad OUT -> PAD timing group combinational not found in cell sky130_ef_io__gpiov2_pad_tt_tt_025C_1v80_3v30/sky130_ef_io__gpiov2_pad.
[STA-1111] cell sky130_ef_io__gpiov2_pad_ss_ss_100C_1v60_3v00/sky130_ef_io__gpiov2_pad OUT -> PAD timing group combinational not found in cell sky130_ef_io__gpiov2_pad_tt_tt_025C_1v80_3v30/sky130_ef_io__gpiov2_pad.
[STA-1111] cell sky130_ef_io__gpiov2_pad_ss_ss_100C_1v60_3v00/sky130_ef_io__gpiov2_pad OUT -> PAD timing group combinational not found in cell sky130_ef_io__gpiov2_pad_tt_tt_025C_1v80_3v30/sky130_ef_io__gpiov2_pad.
[STA-1140] /Users/aoxo/.ciel/ciel/sky130/versions/74c0e6b118a67d94c24172143d3bd597473fa63d/sky130A/libs.ref/sky130_fd_io/lib/slices_stubs.lib line 18, library slices_stubs already exists.
[STA-1173] /Users/aoxo/.ciel/ciel/sky130/versions/74c0e6b118a67d94c24172143d3bd597473fa63d/sky130A/libs.ref/sky130_fd_io/lib/slices_stubs.lib line 33, default_fanout_load is 0.0.
[STA-1140] /Users/aoxo/.ciel/ciel/sky130/versions/74c0e6b118a67d94c24172143d3bd597473fa63d/sky130A/libs.ref/sky130_fd_io/lib/sky130_ef_io__analog_stubs.lib line 18, library sky130_ef_io__analog_stubs already exists.
[STA-1173] /Users/aoxo/.ciel/ciel/sky130/versions/74c0e6b118a67d94c24172143d3bd597473fa63d/sky130A/libs.ref/sky130_fd_io/lib/sky130_ef_io__analog_stubs.lib line 43, default_fanout_load is 0.0.
[STA-1140] /Users/aoxo/.ciel/ciel/sky130/versions/74c0e6b118a67d94c24172143d3bd597473fa63d/sky130A/libs.ref/sky130_fd_sc_hd/lib/sky130_fd_sc_hd__tt_025C_1v80.lib line 1, library sky130_fd_sc_hd__tt_025C_1v80 already exists.
[STA-1140] /Users/aoxo/.ciel/ciel/sky130/versions/74c0e6b118a67d94c24172143d3bd597473fa63d/sky130A/libs.ref/sky130_fd_io/lib/sky130_ef_io__vccd_lvc_clamped_pad_tt_025C_1v80_3v30_3v30.lib line 18, library sky130_ef_io__vccd_lvc_clamped_pad_tt_025C_1v80_3v30_3v30 already exists.
[STA-1173] /Users/aoxo/.ciel/ciel/sky130/versions/74c0e6b118a67d94c24172143d3bd597473fa63d/sky130A/libs.ref/sky130_fd_io/lib/sky130_ef_io__vccd_lvc_clamped_pad_tt_025C_1v80_3v30_3v30.lib line 42, default_fanout_load is 0.0.
[STA-1140] /Users/aoxo/.ciel/ciel/sky130/versions/74c0e6b118a67d94c24172143d3bd597473fa63d/sky130A/libs.ref/sky130_fd_io/lib/sky130_ef_io__vssd_lvc_clamped_pad_tt_025C_1v80_3v30.lib line 18, library sky130_ef_io__vssd_lvc_clamped_pad_tt_025C_1v80_3v30 already exists.
[STA-1173] /Users/aoxo/.ciel/ciel/sky130/versions/74c0e6b118a67d94c24172143d3bd597473fa63d/sky130A/libs.ref/sky130_fd_io/lib/sky130_ef_io__vssd_lvc_clamped_pad_tt_025C_1v80_3v30.lib line 43, default_fanout_load is 0.0.
[STA-1140] /Users/aoxo/.ciel/ciel/sky130/versions/74c0e6b118a67d94c24172143d3bd597473fa63d/sky130A/libs.ref/sky130_fd_io/lib/sky130_ef_io__vddio_hvc_clamped_pad_tt_025C_1v80_3v30_3v30.lib line 18, library sky130_ef_io__vddio_hvc_clamped_pad_tt_025C_1v80_3v30_3v30 already exists.
[STA-1173] /Users/aoxo/.ciel/ciel/sky130/versions/74c0e6b118a67d94c24172143d3bd597473fa63d/sky130A/libs.ref/sky130_fd_io/lib/sky130_ef_io__vddio_hvc_clamped_pad_tt_025C_1v80_3v30_3v30.lib line 42, default_fanout_load is 0.0.
[STA-1140] /Users/aoxo/.ciel/ciel/sky130/versions/74c0e6b118a67d94c24172143d3bd597473fa63d/sky130A/libs.ref/sky130_fd_io/lib/sky130_ef_io__vssio_hvc_clamped_pad_tt_025C_1v80_3v30_3v30.lib line 18, library sky130_ef_io__vssio_hvc_clamped_pad_tt_025C_1v80_3v30_3v30 already exists.
[STA-1173] /Users/aoxo/.ciel/ciel/sky130/versions/74c0e6b118a67d94c24172143d3bd597473fa63d/sky130A/libs.ref/sky130_fd_io/lib/sky130_ef_io__vssio_hvc_clamped_pad_tt_025C_1v80_3v30_3v30.lib line 42, default_fanout_load is 0.0.
[STA-1140] /Users/aoxo/.ciel/ciel/sky130/versions/74c0e6b118a67d94c24172143d3bd597473fa63d/sky130A/libs.ref/sky130_fd_io/lib/sky130_ef_io__gpiov2_pad_tt_tt_025C_1v80_3v30.lib line 18, library sky130_ef_io__gpiov2_pad_tt_tt_025C_1v80_3v30 already exists.
[STA-1173] /Users/aoxo/.ciel/ciel/sky130/versions/74c0e6b118a67d94c24172143d3bd597473fa63d/sky130A/libs.ref/sky130_fd_io/lib/sky130_ef_io__gpiov2_pad_tt_tt_025C_1v80_3v30.lib line 33, default_fanout_load is 0.0.
[STA-1140] /Users/aoxo/.ciel/ciel/sky130/versions/74c0e6b118a67d94c24172143d3bd597473fa63d/sky130A/libs.ref/sky130_fd_io/lib/slices_stubs.lib line 18, library slices_stubs already exists.
[STA-1173] /Users/aoxo/.ciel/ciel/sky130/versions/74c0e6b118a67d94c24172143d3bd597473fa63d/sky130A/libs.ref/sky130_fd_io/lib/slices_stubs.lib line 33, default_fanout_load is 0.0.
[STA-1140] /Users/aoxo/.ciel/ciel/sky130/versions/74c0e6b118a67d94c24172143d3bd597473fa63d/sky130A/libs.ref/sky130_fd_io/lib/sky130_ef_io__analog_stubs.lib line 18, library sky130_ef_io__analog_stubs already exists.
[STA-1173] /Users/aoxo/.ciel/ciel/sky130/versions/74c0e6b118a67d94c24172143d3bd597473fa63d/sky130A/libs.ref/sky130_fd_io/lib/sky130_ef_io__analog_stubs.lib line 43, default_fanout_load is 0.0.
[STA-1173] /Users/aoxo/.ciel/ciel/sky130/versions/74c0e6b118a67d94c24172143d3bd597473fa63d/sky130A/libs.ref/sky130_fd_io/lib/sky130_ef_io__vccd_lvc_clamped_pad_ff_n40C_1v95_5v50_5v50.lib line 42, default_fanout_load is 0.0.
[STA-1173] /Users/aoxo/.ciel/ciel/sky130/versions/74c0e6b118a67d94c24172143d3bd597473fa63d/sky130A/libs.ref/sky130_fd_io/lib/sky130_ef_io__vssd_lvc_clamped_pad_ff_n40C_1v95_5v50.lib line 43, default_fanout_load is 0.0.
[STA-1173] /Users/aoxo/.ciel/ciel/sky130/versions/74c0e6b118a67d94c24172143d3bd597473fa63d/sky130A/libs.ref/sky130_fd_io/lib/sky130_ef_io__vddio_hvc_clamped_pad_ff_n40C_1v95_5v50_5v50.lib line 42, default_fanout_load is 0.0.
[STA-1173] /Users/aoxo/.ciel/ciel/sky130/versions/74c0e6b118a67d94c24172143d3bd597473fa63d/sky130A/libs.ref/sky130_fd_io/lib/sky130_ef_io__vssio_hvc_clamped_pad_ff_n40C_1v95_5v50_5v50.lib line 42, default_fanout_load is 0.0.
[STA-1173] /Users/aoxo/.ciel/ciel/sky130/versions/74c0e6b118a67d94c24172143d3bd597473fa63d/sky130A/libs.ref/sky130_fd_io/lib/sky130_ef_io__gpiov2_pad_ff_ff_n40C_1v95_5v50.lib line 33, default_fanout_load is 0.0.
[STA-1140] /Users/aoxo/.ciel/ciel/sky130/versions/74c0e6b118a67d94c24172143d3bd597473fa63d/sky130A/libs.ref/sky130_fd_io/lib/slices_stubs.lib line 18, library slices_stubs already exists.
[STA-1173] /Users/aoxo/.ciel/ciel/sky130/versions/74c0e6b118a67d94c24172143d3bd597473fa63d/sky130A/libs.ref/sky130_fd_io/lib/slices_stubs.lib line 33, default_fanout_load is 0.0.
[STA-1140] /Users/aoxo/.ciel/ciel/sky130/versions/74c0e6b118a67d94c24172143d3bd597473fa63d/sky130A/libs.ref/sky130_fd_io/lib/sky130_ef_io__analog_stubs.lib line 18, library sky130_ef_io__analog_stubs already exists.
[STA-1173] /Users/aoxo/.ciel/ciel/sky130/versions/74c0e6b118a67d94c24172143d3bd597473fa63d/sky130A/libs.ref/sky130_fd_io/lib/sky130_ef_io__analog_stubs.lib line 43, default_fanout_load is 0.0.
[STA-1140] /Users/aoxo/.ciel/ciel/sky130/versions/74c0e6b118a67d94c24172143d3bd597473fa63d/sky130A/libs.ref/sky130_fd_sc_hd/lib/sky130_fd_sc_hd__ff_n40C_1v95.lib line 1, library sky130_fd_sc_hd__ff_n40C_1v95 already exists.
[STA-1140] /Users/aoxo/.ciel/ciel/sky130/versions/74c0e6b118a67d94c24172143d3bd597473fa63d/sky130A/libs.ref/sky130_fd_io/lib/sky130_ef_io__vccd_lvc_clamped_pad_ff_n40C_1v95_5v50_5v50.lib line 18, library sky130_ef_io__vccd_lvc_clamped_pad_ff_n40C_1v95_5v50_5v50 already exists.
[STA-1173] /Users/aoxo/.ciel/ciel/sky130/versions/74c0e6b118a67d94c24172143d3bd597473fa63d/sky130A/libs.ref/sky130_fd_io/lib/sky130_ef_io__vccd_lvc_clamped_pad_ff_n40C_1v95_5v50_5v50.lib line 42, default_fanout_load is 0.0.
[STA-1140] /Users/aoxo/.ciel/ciel/sky130/versions/74c0e6b118a67d94c24172143d3bd597473fa63d/sky130A/libs.ref/sky130_fd_io/lib/sky130_ef_io__vssd_lvc_clamped_pad_ff_n40C_1v95_5v50.lib line 18, library sky130_ef_io__vssd_lvc_clamped_pad_ff_n40C_1v95_5v50 already exists.
[STA-1173] /Users/aoxo/.ciel/ciel/sky130/versions/74c0e6b118a67d94c24172143d3bd597473fa63d/sky130A/libs.ref/sky130_fd_io/lib/sky130_ef_io__vssd_lvc_clamped_pad_ff_n40C_1v95_5v50.lib line 43, default_fanout_load is 0.0.
[STA-1140] /Users/aoxo/.ciel/ciel/sky130/versions/74c0e6b118a67d94c24172143d3bd597473fa63d/sky130A/libs.ref/sky130_fd_io/lib/sky130_ef_io__vddio_hvc_clamped_pad_ff_n40C_1v95_5v50_5v50.lib line 18, library sky130_ef_io__vddio_hvc_clamped_pad_ff_n40C_1v95_5v50_5v50 already exists.
[STA-1173] /Users/aoxo/.ciel/ciel/sky130/versions/74c0e6b118a67d94c24172143d3bd597473fa63d/sky130A/libs.ref/sky130_fd_io/lib/sky130_ef_io__vddio_hvc_clamped_pad_ff_n40C_1v95_5v50_5v50.lib line 42, default_fanout_load is 0.0.
[STA-1140] /Users/aoxo/.ciel/ciel/sky130/versions/74c0e6b118a67d94c24172143d3bd597473fa63d/sky130A/libs.ref/sky130_fd_io/lib/sky130_ef_io__vssio_hvc_clamped_pad_ff_n40C_1v95_5v50_5v50.lib line 18, library sky130_ef_io__vssio_hvc_clamped_pad_ff_n40C_1v95_5v50_5v50 already exists.
[STA-1173] /Users/aoxo/.ciel/ciel/sky130/versions/74c0e6b118a67d94c24172143d3bd597473fa63d/sky130A/libs.ref/sky130_fd_io/lib/sky130_ef_io__vssio_hvc_clamped_pad_ff_n40C_1v95_5v50_5v50.lib line 42, default_fanout_load is 0.0.
[STA-1140] /Users/aoxo/.ciel/ciel/sky130/versions/74c0e6b118a67d94c24172143d3bd597473fa63d/sky130A/libs.ref/sky130_fd_io/lib/sky130_ef_io__gpiov2_pad_ff_ff_n40C_1v95_5v50.lib line 18, library sky130_ef_io__gpiov2_pad_ff_ff_n40C_1v95_5v50 already exists.
[STA-1173] /Users/aoxo/.ciel/ciel/sky130/versions/74c0e6b118a67d94c24172143d3bd597473fa63d/sky130A/libs.ref/sky130_fd_io/lib/sky130_ef_io__gpiov2_pad_ff_ff_n40C_1v95_5v50.lib line 33, default_fanout_load is 0.0.
[STA-1140] /Users/aoxo/.ciel/ciel/sky130/versions/74c0e6b118a67d94c24172143d3bd597473fa63d/sky130A/libs.ref/sky130_fd_io/lib/slices_stubs.lib line 18, library slices_stubs already exists.
[STA-1173] /Users/aoxo/.ciel/ciel/sky130/versions/74c0e6b118a67d94c24172143d3bd597473fa63d/sky130A/libs.ref/sky130_fd_io/lib/slices_stubs.lib line 33, default_fanout_load is 0.0.
[STA-1140] /Users/aoxo/.ciel/ciel/sky130/versions/74c0e6b118a67d94c24172143d3bd597473fa63d/sky130A/libs.ref/sky130_fd_io/lib/sky130_ef_io__analog_stubs.lib line 18, library sky130_ef_io__analog_stubs already exists.
[STA-1173] /Users/aoxo/.ciel/ciel/sky130/versions/74c0e6b118a67d94c24172143d3bd597473fa63d/sky130A/libs.ref/sky130_fd_io/lib/sky130_ef_io__analog_stubs.lib line 43, default_fanout_load is 0.0.
[STA-1140] /Users/aoxo/.ciel/ciel/sky130/versions/74c0e6b118a67d94c24172143d3bd597473fa63d/sky130A/libs.ref/sky130_fd_sc_hd/lib/sky130_fd_sc_hd__ss_100C_1v60.lib line 1, library sky130_fd_sc_hd__ss_100C_1v60 already exists.
[STA-1140] /Users/aoxo/.ciel/ciel/sky130/versions/74c0e6b118a67d94c24172143d3bd597473fa63d/sky130A/libs.ref/sky130_fd_io/lib/sky130_ef_io__vccd_lvc_clamped_pad_ss_100C_1v60_3v00_3v00.lib line 18, library sky130_ef_io__vccd_lvc_clamped_pad_ss_100C_1v60_3v00_3v00 already exists.
[STA-1173] /Users/aoxo/.ciel/ciel/sky130/versions/74c0e6b118a67d94c24172143d3bd597473fa63d/sky130A/libs.ref/sky130_fd_io/lib/sky130_ef_io__vccd_lvc_clamped_pad_ss_100C_1v60_3v00_3v00.lib line 42, default_fanout_load is 0.0.
[STA-1140] /Users/aoxo/.ciel/ciel/sky130/versions/74c0e6b118a67d94c24172143d3bd597473fa63d/sky130A/libs.ref/sky130_fd_io/lib/sky130_ef_io__vssd_lvc_clamped_pad_ss_100C_1v60_3v00.lib line 18, library sky130_ef_io__vssd_lvc_clamped_pad_ss_100C_1v60_3v00 already exists.
[STA-1173] /Users/aoxo/.ciel/ciel/sky130/versions/74c0e6b118a67d94c24172143d3bd597473fa63d/sky130A/libs.ref/sky130_fd_io/lib/sky130_ef_io__vssd_lvc_clamped_pad_ss_100C_1v60_3v00.lib line 43, default_fanout_load is 0.0.
[STA-1140] /Users/aoxo/.ciel/ciel/sky130/versions/74c0e6b118a67d94c24172143d3bd597473fa63d/sky130A/libs.ref/sky130_fd_io/lib/sky130_ef_io__vddio_hvc_clamped_pad_ss_100C_1v60_3v00_3v00.lib line 18, library sky130_ef_io__vddio_hvc_clamped_pad_ss_100C_1v60_3v00_3v00 already exists.
[STA-1173] /Users/aoxo/.ciel/ciel/sky130/versions/74c0e6b118a67d94c24172143d3bd597473fa63d/sky130A/libs.ref/sky130_fd_io/lib/sky130_ef_io__vddio_hvc_clamped_pad_ss_100C_1v60_3v00_3v00.lib line 42, default_fanout_load is 0.0.
[STA-1140] /Users/aoxo/.ciel/ciel/sky130/versions/74c0e6b118a67d94c24172143d3bd597473fa63d/sky130A/libs.ref/sky130_fd_io/lib/sky130_ef_io__vssio_hvc_clamped_pad_ss_100C_1v60_3v00_3v00.lib line 18, library sky130_ef_io__vssio_hvc_clamped_pad_ss_100C_1v60_3v00_3v00 already exists.
[STA-1173] /Users/aoxo/.ciel/ciel/sky130/versions/74c0e6b118a67d94c24172143d3bd597473fa63d/sky130A/libs.ref/sky130_fd_io/lib/sky130_ef_io__vssio_hvc_clamped_pad_ss_100C_1v60_3v00_3v00.lib line 42, default_fanout_load is 0.0.
[STA-1140] /Users/aoxo/.ciel/ciel/sky130/versions/74c0e6b118a67d94c24172143d3bd597473fa63d/sky130A/libs.ref/sky130_fd_io/lib/sky130_ef_io__gpiov2_pad_ss_ss_100C_1v60_3v00.lib line 18, library sky130_ef_io__gpiov2_pad_ss_ss_100C_1v60_3v00 already exists.
[STA-1173] /Users/aoxo/.ciel/ciel/sky130/versions/74c0e6b118a67d94c24172143d3bd597473fa63d/sky130A/libs.ref/sky130_fd_io/lib/sky130_ef_io__gpiov2_pad_ss_ss_100C_1v60_3v00.lib line 33, default_fanout_load is 0.0.
[STA-1111] cell sky130_ef_io__gpiov2_pad_ss_ss_100C_1v60_3v00/sky130_ef_io__gpiov2_pad OUT -> PAD timing group combinational not found in cell sky130_ef_io__gpiov2_pad_tt_tt_025C_1v80_3v30/sky130_ef_io__gpiov2_pad.
[STA-1111] cell sky130_ef_io__gpiov2_pad_ss_ss_100C_1v60_3v00/sky130_ef_io__gpiov2_pad OUT -> PAD timing group combinational not found in cell sky130_ef_io__gpiov2_pad_tt_tt_025C_1v80_3v30/sky130_ef_io__gpiov2_pad.
[STA-1111] cell sky130_ef_io__gpiov2_pad_ss_ss_100C_1v60_3v00/sky130_ef_io__gpiov2_pad OUT -> PAD timing group combinational not found in cell sky130_ef_io__gpiov2_pad_tt_tt_025C_1v80_3v30/sky130_ef_io__gpiov2_pad.
[STA-1111] cell sky130_ef_io__gpiov2_pad_ss_ss_100C_1v60_3v00/sky130_ef_io__gpiov2_pad OUT -> PAD timing group combinational not found in cell sky130_ef_io__gpiov2_pad_tt_tt_025C_1v80_3v30/sky130_ef_io__gpiov2_pad.
[STA-1140] /Users/aoxo/.ciel/ciel/sky130/versions/74c0e6b118a67d94c24172143d3bd597473fa63d/sky130A/libs.ref/sky130_fd_io/lib/slices_stubs.lib line 18, library slices_stubs already exists.
[STA-1173] /Users/aoxo/.ciel/ciel/sky130/versions/74c0e6b118a67d94c24172143d3bd597473fa63d/sky130A/libs.ref/sky130_fd_io/lib/slices_stubs.lib line 33, default_fanout_load is 0.0.
[STA-1140] /Users/aoxo/.ciel/ciel/sky130/versions/74c0e6b118a67d94c24172143d3bd597473fa63d/sky130A/libs.ref/sky130_fd_io/lib/sky130_ef_io__analog_stubs.lib line 18, library sky130_ef_io__analog_stubs already exists.
[STA-1173] /Users/aoxo/.ciel/ciel/sky130/versions/74c0e6b118a67d94c24172143d3bd597473fa63d/sky130A/libs.ref/sky130_fd_io/lib/sky130_ef_io__analog_stubs.lib line 43, default_fanout_load is 0.0.
[STA-1140] /Users/aoxo/.ciel/ciel/sky130/versions/74c0e6b118a67d94c24172143d3bd597473fa63d/sky130A/libs.ref/sky130_fd_sc_hd/lib/sky130_fd_sc_hd__tt_025C_1v80.lib line 1, library sky130_fd_sc_hd__tt_025C_1v80 already exists.
[STA-1140] /Users/aoxo/.ciel/ciel/sky130/versions/74c0e6b118a67d94c24172143d3bd597473fa63d/sky130A/libs.ref/sky130_fd_io/lib/sky130_ef_io__vccd_lvc_clamped_pad_tt_025C_1v80_3v30_3v30.lib line 18, library sky130_ef_io__vccd_lvc_clamped_pad_tt_025C_1v80_3v30_3v30 already exists.
[STA-1173] /Users/aoxo/.ciel/ciel/sky130/versions/74c0e6b118a67d94c24172143d3bd597473fa63d/sky130A/libs.ref/sky130_fd_io/lib/sky130_ef_io__vccd_lvc_clamped_pad_tt_025C_1v80_3v30_3v30.lib line 42, default_fanout_load is 0.0.
[STA-1140] /Users/aoxo/.ciel/ciel/sky130/versions/74c0e6b118a67d94c24172143d3bd597473fa63d/sky130A/libs.ref/sky130_fd_io/lib/sky130_ef_io__vssd_lvc_clamped_pad_tt_025C_1v80_3v30.lib line 18, library sky130_ef_io__vssd_lvc_clamped_pad_tt_025C_1v80_3v30 already exists.
[STA-1173] /Users/aoxo/.ciel/ciel/sky130/versions/74c0e6b118a67d94c24172143d3bd597473fa63d/sky130A/libs.ref/sky130_fd_io/lib/sky130_ef_io__vssd_lvc_clamped_pad_tt_025C_1v80_3v30.lib line 43, default_fanout_load is 0.0.
[STA-1140] /Users/aoxo/.ciel/ciel/sky130/versions/74c0e6b118a67d94c24172143d3bd597473fa63d/sky130A/libs.ref/sky130_fd_io/lib/sky130_ef_io__vddio_hvc_clamped_pad_tt_025C_1v80_3v30_3v30.lib line 18, library sky130_ef_io__vddio_hvc_clamped_pad_tt_025C_1v80_3v30_3v30 already exists.
[STA-1173] /Users/aoxo/.ciel/ciel/sky130/versions/74c0e6b118a67d94c24172143d3bd597473fa63d/sky130A/libs.ref/sky130_fd_io/lib/sky130_ef_io__vddio_hvc_clamped_pad_tt_025C_1v80_3v30_3v30.lib line 42, default_fanout_load is 0.0.
[STA-1140] /Users/aoxo/.ciel/ciel/sky130/versions/74c0e6b118a67d94c24172143d3bd597473fa63d/sky130A/libs.ref/sky130_fd_io/lib/sky130_ef_io__vssio_hvc_clamped_pad_tt_025C_1v80_3v30_3v30.lib line 18, library sky130_ef_io__vssio_hvc_clamped_pad_tt_025C_1v80_3v30_3v30 already exists.
[STA-1173] /Users/aoxo/.ciel/ciel/sky130/versions/74c0e6b118a67d94c24172143d3bd597473fa63d/sky130A/libs.ref/sky130_fd_io/lib/sky130_ef_io__vssio_hvc_clamped_pad_tt_025C_1v80_3v30_3v30.lib line 42, default_fanout_load is 0.0.
[STA-1140] /Users/aoxo/.ciel/ciel/sky130/versions/74c0e6b118a67d94c24172143d3bd597473fa63d/sky130A/libs.ref/sky130_fd_io/lib/sky130_ef_io__gpiov2_pad_tt_tt_025C_1v80_3v30.lib line 18, library sky130_ef_io__gpiov2_pad_tt_tt_025C_1v80_3v30 already exists.
[STA-1173] /Users/aoxo/.ciel/ciel/sky130/versions/74c0e6b118a67d94c24172143d3bd597473fa63d/sky130A/libs.ref/sky130_fd_io/lib/sky130_ef_io__gpiov2_pad_tt_tt_025C_1v80_3v30.lib line 33, default_fanout_load is 0.0.
[STA-1140] /Users/aoxo/.ciel/ciel/sky130/versions/74c0e6b118a67d94c24172143d3bd597473fa63d/sky130A/libs.ref/sky130_fd_io/lib/slices_stubs.lib line 18, library slices_stubs already exists.
[STA-1173] /Users/aoxo/.ciel/ciel/sky130/versions/74c0e6b118a67d94c24172143d3bd597473fa63d/sky130A/libs.ref/sky130_fd_io/lib/slices_stubs.lib line 33, default_fanout_load is 0.0.
[STA-1140] /Users/aoxo/.ciel/ciel/sky130/versions/74c0e6b118a67d94c24172143d3bd597473fa63d/sky130A/libs.ref/sky130_fd_io/lib/sky130_ef_io__analog_stubs.lib line 18, library sky130_ef_io__analog_stubs already exists.
[STA-1173] /Users/aoxo/.ciel/ciel/sky130/versions/74c0e6b118a67d94c24172143d3bd597473fa63d/sky130A/libs.ref/sky130_fd_io/lib/sky130_ef_io__analog_stubs.lib line 43, default_fanout_load is 0.0.
[STA-1140] /Users/aoxo/.ciel/ciel/sky130/versions/74c0e6b118a67d94c24172143d3bd597473fa63d/sky130A/libs.ref/sky130_fd_sc_hd/lib/sky130_fd_sc_hd__ss_100C_1v60.lib line 1, library sky130_fd_sc_hd__ss_100C_1v60 already exists.
[STA-1140] /Users/aoxo/.ciel/ciel/sky130/versions/74c0e6b118a67d94c24172143d3bd597473fa63d/sky130A/libs.ref/sky130_fd_io/lib/sky130_ef_io__vccd_lvc_clamped_pad_ss_100C_1v60_3v00_3v00.lib line 18, library sky130_ef_io__vccd_lvc_clamped_pad_ss_100C_1v60_3v00_3v00 already exists.
[STA-1173] /Users/aoxo/.ciel/ciel/sky130/versions/74c0e6b118a67d94c24172143d3bd597473fa63d/sky130A/libs.ref/sky130_fd_io/lib/sky130_ef_io__vccd_lvc_clamped_pad_ss_100C_1v60_3v00_3v00.lib line 42, default_fanout_load is 0.0.
[STA-1140] /Users/aoxo/.ciel/ciel/sky130/versions/74c0e6b118a67d94c24172143d3bd597473fa63d/sky130A/libs.ref/sky130_fd_io/lib/sky130_ef_io__vssd_lvc_clamped_pad_ss_100C_1v60_3v00.lib line 18, library sky130_ef_io__vssd_lvc_clamped_pad_ss_100C_1v60_3v00 already exists.
[STA-1173] /Users/aoxo/.ciel/ciel/sky130/versions/74c0e6b118a67d94c24172143d3bd597473fa63d/sky130A/libs.ref/sky130_fd_io/lib/sky130_ef_io__vssd_lvc_clamped_pad_ss_100C_1v60_3v00.lib line 43, default_fanout_load is 0.0.
[STA-1140] /Users/aoxo/.ciel/ciel/sky130/versions/74c0e6b118a67d94c24172143d3bd597473fa63d/sky130A/libs.ref/sky130_fd_io/lib/sky130_ef_io__vddio_hvc_clamped_pad_ss_100C_1v60_3v00_3v00.lib line 18, library sky130_ef_io__vddio_hvc_clamped_pad_ss_100C_1v60_3v00_3v00 already exists.
[STA-1173] /Users/aoxo/.ciel/ciel/sky130/versions/74c0e6b118a67d94c24172143d3bd597473fa63d/sky130A/libs.ref/sky130_fd_io/lib/sky130_ef_io__vddio_hvc_clamped_pad_ss_100C_1v60_3v00_3v00.lib line 42, default_fanout_load is 0.0.
[STA-1140] /Users/aoxo/.ciel/ciel/sky130/versions/74c0e6b118a67d94c24172143d3bd597473fa63d/sky130A/libs.ref/sky130_fd_io/lib/sky130_ef_io__vssio_hvc_clamped_pad_ss_100C_1v60_3v00_3v00.lib line 18, library sky130_ef_io__vssio_hvc_clamped_pad_ss_100C_1v60_3v00_3v00 already exists.
[STA-1173] /Users/aoxo/.ciel/ciel/sky130/versions/74c0e6b118a67d94c24172143d3bd597473fa63d/sky130A/libs.ref/sky130_fd_io/lib/sky130_ef_io__vssio_hvc_clamped_pad_ss_100C_1v60_3v00_3v00.lib line 42, default_fanout_load is 0.0.
[STA-1140] /Users/aoxo/.ciel/ciel/sky130/versions/74c0e6b118a67d94c24172143d3bd597473fa63d/sky130A/libs.ref/sky130_fd_io/lib/sky130_ef_io__gpiov2_pad_ss_ss_100C_1v60_3v00.lib line 18, library sky130_ef_io__gpiov2_pad_ss_ss_100C_1v60_3v00 already exists.
[STA-1173] /Users/aoxo/.ciel/ciel/sky130/versions/74c0e6b118a67d94c24172143d3bd597473fa63d/sky130A/libs.ref/sky130_fd_io/lib/sky130_ef_io__gpiov2_pad_ss_ss_100C_1v60_3v00.lib line 33, default_fanout_load is 0.0.
[STA-1111] cell sky130_ef_io__gpiov2_pad_ss_ss_100C_1v60_3v00/sky130_ef_io__gpiov2_pad OUT -> PAD timing group combinational not found in cell sky130_ef_io__gpiov2_pad_tt_tt_025C_1v80_3v30/sky130_ef_io__gpiov2_pad.
[STA-1111] cell sky130_ef_io__gpiov2_pad_ss_ss_100C_1v60_3v00/sky130_ef_io__gpiov2_pad OUT -> PAD timing group combinational not found in cell sky130_ef_io__gpiov2_pad_tt_tt_025C_1v80_3v30/sky130_ef_io__gpiov2_pad.
[STA-1111] cell sky130_ef_io__gpiov2_pad_ss_ss_100C_1v60_3v00/sky130_ef_io__gpiov2_pad OUT -> PAD timing group combinational not found in cell sky130_ef_io__gpiov2_pad_tt_tt_025C_1v80_3v30/sky130_ef_io__gpiov2_pad.
[STA-1111] cell sky130_ef_io__gpiov2_pad_ss_ss_100C_1v60_3v00/sky130_ef_io__gpiov2_pad OUT -> PAD timing group combinational not found in cell sky130_ef_io__gpiov2_pad_tt_tt_025C_1v80_3v30/sky130_ef_io__gpiov2_pad.
[STA-1140] /Users/aoxo/.ciel/ciel/sky130/versions/74c0e6b118a67d94c24172143d3bd597473fa63d/sky130A/libs.ref/sky130_fd_io/lib/slices_stubs.lib line 18, library slices_stubs already exists.
[STA-1173] /Users/aoxo/.ciel/ciel/sky130/versions/74c0e6b118a67d94c24172143d3bd597473fa63d/sky130A/libs.ref/sky130_fd_io/lib/slices_stubs.lib line 33, default_fanout_load is 0.0.
[STA-1140] /Users/aoxo/.ciel/ciel/sky130/versions/74c0e6b118a67d94c24172143d3bd597473fa63d/sky130A/libs.ref/sky130_fd_io/lib/sky130_ef_io__analog_stubs.lib line 18, library sky130_ef_io__analog_stubs already exists.
[STA-1173] /Users/aoxo/.ciel/ciel/sky130/versions/74c0e6b118a67d94c24172143d3bd597473fa63d/sky130A/libs.ref/sky130_fd_io/lib/sky130_ef_io__analog_stubs.lib line 43, default_fanout_load is 0.0.
[STA-1140] /Users/aoxo/.ciel/ciel/sky130/versions/74c0e6b118a67d94c24172143d3bd597473fa63d/sky130A/libs.ref/sky130_fd_sc_hd/lib/sky130_fd_sc_hd__ff_n40C_1v95.lib line 1, library sky130_fd_sc_hd__ff_n40C_1v95 already exists.
[STA-1140] /Users/aoxo/.ciel/ciel/sky130/versions/74c0e6b118a67d94c24172143d3bd597473fa63d/sky130A/libs.ref/sky130_fd_io/lib/sky130_ef_io__vccd_lvc_clamped_pad_ff_n40C_1v95_5v50_5v50.lib line 18, library sky130_ef_io__vccd_lvc_clamped_pad_ff_n40C_1v95_5v50_5v50 already exists.
[STA-1173] /Users/aoxo/.ciel/ciel/sky130/versions/74c0e6b118a67d94c24172143d3bd597473fa63d/sky130A/libs.ref/sky130_fd_io/lib/sky130_ef_io__vccd_lvc_clamped_pad_ff_n40C_1v95_5v50_5v50.lib line 42, default_fanout_load is 0.0.
[STA-1140] /Users/aoxo/.ciel/ciel/sky130/versions/74c0e6b118a67d94c24172143d3bd597473fa63d/sky130A/libs.ref/sky130_fd_io/lib/sky130_ef_io__vssd_lvc_clamped_pad_ff_n40C_1v95_5v50.lib line 18, library sky130_ef_io__vssd_lvc_clamped_pad_ff_n40C_1v95_5v50 already exists.
[STA-1173] /Users/aoxo/.ciel/ciel/sky130/versions/74c0e6b118a67d94c24172143d3bd597473fa63d/sky130A/libs.ref/sky130_fd_io/lib/sky130_ef_io__vssd_lvc_clamped_pad_ff_n40C_1v95_5v50.lib line 43, default_fanout_load is 0.0.
[STA-1140] /Users/aoxo/.ciel/ciel/sky130/versions/74c0e6b118a67d94c24172143d3bd597473fa63d/sky130A/libs.ref/sky130_fd_io/lib/sky130_ef_io__vddio_hvc_clamped_pad_ff_n40C_1v95_5v50_5v50.lib line 18, library sky130_ef_io__vddio_hvc_clamped_pad_ff_n40C_1v95_5v50_5v50 already exists.
[STA-1173] /Users/aoxo/.ciel/ciel/sky130/versions/74c0e6b118a67d94c24172143d3bd597473fa63d/sky130A/libs.ref/sky130_fd_io/lib/sky130_ef_io__vddio_hvc_clamped_pad_ff_n40C_1v95_5v50_5v50.lib line 42, default_fanout_load is 0.0.
[STA-1140] /Users/aoxo/.ciel/ciel/sky130/versions/74c0e6b118a67d94c24172143d3bd597473fa63d/sky130A/libs.ref/sky130_fd_io/lib/sky130_ef_io__vssio_hvc_clamped_pad_ff_n40C_1v95_5v50_5v50.lib line 18, library sky130_ef_io__vssio_hvc_clamped_pad_ff_n40C_1v95_5v50_5v50 already exists.
[STA-1173] /Users/aoxo/.ciel/ciel/sky130/versions/74c0e6b118a67d94c24172143d3bd597473fa63d/sky130A/libs.ref/sky130_fd_io/lib/sky130_ef_io__vssio_hvc_clamped_pad_ff_n40C_1v95_5v50_5v50.lib line 42, default_fanout_load is 0.0.
[STA-1140] /Users/aoxo/.ciel/ciel/sky130/versions/74c0e6b118a67d94c24172143d3bd597473fa63d/sky130A/libs.ref/sky130_fd_io/lib/sky130_ef_io__gpiov2_pad_ff_ff_n40C_1v95_5v50.lib line 18, library sky130_ef_io__gpiov2_pad_ff_ff_n40C_1v95_5v50 already exists.
[STA-1173] /Users/aoxo/.ciel/ciel/sky130/versions/74c0e6b118a67d94c24172143d3bd597473fa63d/sky130A/libs.ref/sky130_fd_io/lib/sky130_ef_io__gpiov2_pad_ff_ff_n40C_1v95_5v50.lib line 33, default_fanout_load is 0.0.
[STA-1140] /Users/aoxo/.ciel/ciel/sky130/versions/74c0e6b118a67d94c24172143d3bd597473fa63d/sky130A/libs.ref/sky130_fd_io/lib/slices_stubs.lib line 18, library slices_stubs already exists.
[STA-1173] /Users/aoxo/.ciel/ciel/sky130/versions/74c0e6b118a67d94c24172143d3bd597473fa63d/sky130A/libs.ref/sky130_fd_io/lib/slices_stubs.lib line 33, default_fanout_load is 0.0.
[STA-1140] /Users/aoxo/.ciel/ciel/sky130/versions/74c0e6b118a67d94c24172143d3bd597473fa63d/sky130A/libs.ref/sky130_fd_io/lib/sky130_ef_io__analog_stubs.lib line 18, library sky130_ef_io__analog_stubs already exists.
[STA-1173] /Users/aoxo/.ciel/ciel/sky130/versions/74c0e6b118a67d94c24172143d3bd597473fa63d/sky130A/libs.ref/sky130_fd_io/lib/sky130_ef_io__analog_stubs.lib line 43, default_fanout_load is 0.0.
[ORD-2056] The following 18 liberty cell(s) do not have LEF masters and will be marked as dont-use:
[STA-0441] set_input_delay relative to a clock defined on the same port/pin not allowed.
[STA-0441] set_input_delay relative to a clock defined on the same port/pin not allowed.
[EST-0026] Missing route to pin hold1582/A in net _00002_.
[EST-0026] Missing route to pin _22414_/X in net _00002_.
[EST-0026] Missing route to pin hold1582/A in net _00002_.
[EST-0026] Missing route to pin _22414_/X in net _00002_.
[EST-0026] Missing route to pin hold1582/A in net _00002_.
[EST-0026] Missing route to pin _22414_/X in net _00002_.
[EST-0026] Missing route to pin hold1582/A in net _00002_.
[EST-0026] Missing route to pin _22414_/X in net _00002_.
[EST-0026] Missing route to pin hold1582/A in net _00002_.
[EST-0026] Missing route to pin _22414_/X in net _00002_.
[EST-0026] Missing route to pin hold1582/A in net _00002_.
[EST-0026] Missing route to pin _22414_/X in net _00002_.
[EST-0026] Missing route to pin hold1582/A in net _00002_.
[EST-0026] Missing route to pin _22414_/X in net _00002_.
[EST-0026] Missing route to pin hold1582/A in net _00002_.
[EST-0026] Missing route to pin _22414_/X in net _00002_.
[EST-0026] Missing route to pin hold1582/A in net _00002_.
[EST-0026] Missing route to pin _22414_/X in net _00002_.
[EST-0026] Missing route to pin _46481_/D in net _00003_.
[EST-0026] Missing route to pin _22412_/X in net _00003_.
[EST-0026] Missing route to pin _46481_/D in net _00003_.
[EST-0026] Missing route to pin _22412_/X in net _00003_.
[EST-0026] Missing route to pin _46481_/D in net _00003_.
[EST-0026] Missing route to pin _22412_/X in net _00003_.
[EST-0026] Missing route to pin _46481_/D in net _00003_.
[EST-0026] Missing route to pin _22412_/X in net _00003_.
[EST-0026] Missing route to pin _46481_/D in net _00003_.
[EST-0026] Missing route to pin _22412_/X in net _00003_.
[EST-0026] Missing route to pin _46481_/D in net _00003_.
[EST-0026] Missing route to pin _22412_/X in net _00003_.
[EST-0026] Missing route to pin _46481_/D in net _00003_.
[EST-0026] Missing route to pin _22412_/X in net _00003_.
[EST-0026] Missing route to pin _46481_/D in net _00003_.
[EST-0026] Missing route to pin _22412_/X in net _00003_.
[EST-0026] Missing route to pin _46481_/D in net _00003_.
[EST-0026] Missing route to pin _22412_/X in net _00003_.
[EST-0026] Missing route to pin _46474_/D in net _00004_.
[EST-0026] Missing route to pin _22404_/X in net _00004_.
[EST-0026] Missing route to pin _46474_/D in net _00004_.
[EST-0026] Missing route to pin _22404_/X in net _00004_.
[EST-0026] Missing route to pin _46474_/D in net _00004_.
[EST-0026] Missing route to pin _22404_/X in net _00004_.
[EST-0026] Missing route to pin _46474_/D in net _00004_.
[EST-0026] Missing route to pin _22404_/X in net _00004_.
[EST-0026] Missing route to pin _46474_/D in net _00004_.
[EST-0026] Missing route to pin _22404_/X in net _00004_.
[EST-0026] Missing route to pin _46474_/D in net _00004_.
[EST-0026] Missing route to pin _22404_/X in net _00004_.
[EST-0026] Missing route to pin _46474_/D in net _00004_.
[EST-0026] Missing route to pin _22404_/X in net _00004_.
[EST-0026] Missing route to pin _46474_/D in net _00004_.
[EST-0026] Missing route to pin _22404_/X in net _00004_.
[EST-0026] Missing route to pin _46474_/D in net _00004_.
[EST-0026] Missing route to pin _22404_/X in net _00004_.
[EST-0026] Missing route to pin _46472_/D in net _00010_.
[EST-0026] Missing route to pin _22384_/X in net _00010_.
[EST-0026] Missing route to pin _46472_/D in net _00010_.
[EST-0026] Missing route to pin _22384_/X in net _00010_.
[EST-0026] Missing route to pin _46472_/D in net _00010_.
[EST-0026] Missing route to pin _22384_/X in net _00010_.
[EST-0026] Missing route to pin _46472_/D in net _00010_.
[EST-0026] Missing route to pin _22384_/X in net _00010_.
[EST-0026] Missing route to pin _46472_/D in net _00010_.
[EST-0026] Missing route to pin _22384_/X in net _00010_.
[EST-0026] Missing route to pin _46472_/D in net _00010_.
[EST-0026] Missing route to pin _22384_/X in net _00010_.
[EST-0026] Missing route to pin _46472_/D in net _00010_.
[EST-0026] Missing route to pin _22384_/X in net _00010_.
[EST-0026] Missing route to pin _46472_/D in net _00010_.
[EST-0026] Missing route to pin _22384_/X in net _00010_.
[EST-0026] Missing route to pin _46472_/D in net _00010_.
[EST-0026] Missing route to pin _22384_/X in net _00010_.
[EST-0026] Missing route to pin _46473_/D in net _00011_.
[EST-0026] Missing route to pin _22382_/Y in net _00011_.
[EST-0026] Missing route to pin _46473_/D in net _00011_.
[EST-0026] Missing route to pin _22382_/Y in net _00011_.
[EST-0026] Missing route to pin _46473_/D in net _00011_.
[EST-0026] Missing route to pin _22382_/Y in net _00011_.
[EST-0026] Missing route to pin _46473_/D in net _00011_.
[EST-0026] Missing route to pin _22382_/Y in net _00011_.
[EST-0026] Missing route to pin _46473_/D in net _00011_.
[EST-0026] Missing route to pin _22382_/Y in net _00011_.
[EST-0026] Missing route to pin _46473_/D in net _00011_.
[EST-0026] Missing route to pin _22382_/Y in net _00011_.
[EST-0026] Missing route to pin _46473_/D in net _00011_.
[EST-0026] Missing route to pin _22382_/Y in net _00011_.
[EST-0026] Missing route to pin _46473_/D in net _00011_.
[EST-0026] Missing route to pin _22382_/Y in net _00011_.
[EST-0026] Missing route to pin _46473_/D in net _00011_.
[EST-0026] Missing route to pin _22382_/Y in net _00011_.
[EST-0026] Missing route to pin _46468_/D in net _00014_.
[EST-0026] Missing route to pin _22367_/X in net _00014_.
[EST-0026] Missing route to pin _46468_/D in net _00014_.
[EST-0026] Missing route to pin _22367_/X in net _00014_.
[EST-0026] Missing route to pin _46468_/D in net _00014_.
[EST-0026] Missing route to pin _22367_/X in net _00014_.
[EST-0026] Missing route to pin _46468_/D in net _00014_.
[EST-0026] Missing route to pin _22367_/X in net _00014_.
[EST-0026] Missing route to pin _46468_/D in net _00014_.
[EST-0026] Missing route to pin _22367_/X in net _00014_.
[EST-0026] Missing route to pin _46468_/D in net _00014_.
[EST-0026] Missing route to pin _22367_/X in net _00014_.
[EST-0026] Missing route to pin _46468_/D in net _00014_.
[EST-0026] Missing route to pin _22367_/X in net _00014_.
[EST-0026] Missing route to pin _46468_/D in net _00014_.
[EST-0026] Missing route to pin _22367_/X in net _00014_.
[EST-0026] Missing route to pin _46468_/D in net _00014_.
[EST-0026] Missing route to pin _22367_/X in net _00014_.
[EST-0026] Missing route to pin _46469_/D in net _00015_.
[EST-0026] Missing route to pin _22363_/Y in net _00015_.
[EST-0026] Missing route to pin _46469_/D in net _00015_.
[EST-0026] Missing route to pin _22363_/Y in net _00015_.
[EST-0026] Missing route to pin _46469_/D in net _00015_.
[EST-0026] Missing route to pin _22363_/Y in net _00015_.
[EST-0026] Missing route to pin _46469_/D in net _00015_.
[EST-0026] Missing route to pin _22363_/Y in net _00015_.
[EST-0026] Missing route to pin _46469_/D in net _00015_.
[EST-0026] Missing route to pin _22363_/Y in net _00015_.
[EST-0026] Missing route to pin _46469_/D in net _00015_.
[EST-0026] Missing route to pin _22363_/Y in net _00015_.
[EST-0026] Missing route to pin _46469_/D in net _00015_.
[EST-0026] Missing route to pin _22363_/Y in net _00015_.
[EST-0026] Missing route to pin _46469_/D in net _00015_.
[EST-0026] Missing route to pin _22363_/Y in net _00015_.
[EST-0026] Missing route to pin _46469_/D in net _00015_.
[EST-0026] Missing route to pin _22363_/Y in net _00015_.
[EST-0026] Missing route to pin _46463_/D in net _00016_.
[EST-0026] Missing route to pin _22346_/X in net _00016_.
[EST-0026] Missing route to pin _46463_/D in net _00016_.
[EST-0026] Missing route to pin _22346_/X in net _00016_.
[EST-0026] Missing route to pin _46463_/D in net _00016_.
[EST-0026] Missing route to pin _22346_/X in net _00016_.
[EST-0026] Missing route to pin _46463_/D in net _00016_.
[EST-0026] Missing route to pin _22346_/X in net _00016_.
[EST-0026] Missing route to pin _46463_/D in net _00016_.
[EST-0026] Missing route to pin _22346_/X in net _00016_.
[EST-0026] Missing route to pin _46463_/D in net _00016_.
[EST-0026] Missing route to pin _22346_/X in net _00016_.
[EST-0026] Missing route to pin _46463_/D in net _00016_.
[EST-0026] Missing route to pin _22346_/X in net _00016_.
[EST-0026] Missing route to pin _46463_/D in net _00016_.
[EST-0026] Missing route to pin _22346_/X in net _00016_.
[EST-0026] Missing route to pin _46463_/D in net _00016_.
[EST-0026] Missing route to pin _22346_/X in net _00016_.
[EST-0026] Missing route to pin _46464_/D in net _00017_.
[EST-0026] Missing route to pin _22345_/Y in net _00017_.
[EST-0026] Missing route to pin _46464_/D in net _00017_.
[EST-0026] Missing route to pin _22345_/Y in net _00017_.
[EST-0026] Missing route to pin _46464_/D in net _00017_.
[EST-0026] Missing route to pin _22345_/Y in net _00017_.
[EST-0026] Missing route to pin _46464_/D in net _00017_.
[EST-0026] Missing route to pin _22345_/Y in net _00017_.
[EST-0026] Missing route to pin _46464_/D in net _00017_.
[EST-0026] Missing route to pin _22345_/Y in net _00017_.
[EST-0026] Missing route to pin _46464_/D in net _00017_.
[EST-0026] Missing route to pin _22345_/Y in net _00017_.
[EST-0026] Missing route to pin _46464_/D in net _00017_.
[EST-0026] Missing route to pin _22345_/Y in net _00017_.
[EST-0026] Missing route to pin _46464_/D in net _00017_.
[EST-0026] Missing route to pin _22345_/Y in net _00017_.
[EST-0026] Missing route to pin _46464_/D in net _00017_.
[EST-0026] Missing route to pin _22345_/Y in net _00017_.
[EST-0026] Missing route to pin _46465_/D in net _00018_.
[EST-0026] Missing route to pin _22339_/Y in net _00018_.
[EST-0026] Missing route to pin _46465_/D in net _00018_.
[EST-0026] Missing route to pin _22339_/Y in net _00018_.
[EST-0026] Missing route to pin _46465_/D in net _00018_.
[EST-0026] Missing route to pin _22339_/Y in net _00018_.
[EST-0026] Missing route to pin _46465_/D in net _00018_.
[EST-0026] Missing route to pin _22339_/Y in net _00018_.
[EST-0026] Missing route to pin _46465_/D in net _00018_.
[EST-0026] Missing route to pin _22339_/Y in net _00018_.
[EST-0026] Missing route to pin _46465_/D in net _00018_.
[EST-0026] Missing route to pin _22339_/Y in net _00018_.
[EST-0026] Missing route to pin _46465_/D in net _00018_.
[EST-0026] Missing route to pin _22339_/Y in net _00018_.
[EST-0026] Missing route to pin _46465_/D in net _00018_.
[EST-0026] Missing route to pin _22339_/Y in net _00018_.
[EST-0026] Missing route to pin _46465_/D in net _00018_.
[EST-0026] Missing route to pin _22339_/Y in net _00018_.
[EST-0026] Missing route to pin place736/A in net _00019_.
[EST-0026] Missing route to pin _44218_/COUT in net _00019_.
[EST-0026] Missing route to pin place736/A in net _00019_.
[EST-0026] Missing route to pin _44218_/COUT in net _00019_.
[EST-0026] Missing route to pin place736/A in net _00019_.
[EST-0026] Missing route to pin _44218_/COUT in net _00019_.
[EST-0026] Missing route to pin place736/A in net _00019_.
[EST-0026] Missing route to pin _44218_/COUT in net _00019_.
[EST-0026] Missing route to pin place736/A in net _00019_.
[EST-0026] Missing route to pin _44218_/COUT in net _00019_.
[EST-0026] Missing route to pin place736/A in net _00019_.
[EST-0026] Missing route to pin _44218_/COUT in net _00019_.
[EST-0026] Missing route to pin place736/A in net _00019_.
[EST-0026] Missing route to pin _44218_/COUT in net _00019_.
[EST-0026] Missing route to pin place736/A in net _00019_.
[EST-0026] Missing route to pin _44218_/COUT in net _00019_.
[EST-0026] Missing route to pin place736/A in net _00019_.
[EST-0026] Missing route to pin _44218_/COUT in net _00019_.
[EST-0026] Missing route to pin place735/A in net _00020_.
[EST-0026] Missing route to pin _44218_/SUM in net _00020_.
[EST-0026] Missing route to pin place735/A in net _00020_.
[EST-0026] Missing route to pin _44218_/SUM in net _00020_.
[EST-0026] Missing route to pin place735/A in net _00020_.
[EST-0026] Missing route to pin _44218_/SUM in net _00020_.
[EST-0026] Missing route to pin place735/A in net _00020_.
[EST-0026] Missing route to pin _44218_/SUM in net _00020_.
[EST-0026] Missing route to pin place735/A in net _00020_.
[EST-0026] Missing route to pin _44218_/SUM in net _00020_.
[EST-0026] Missing route to pin place735/A in net _00020_.
[EST-0026] Missing route to pin _44218_/SUM in net _00020_.
[EST-0026] Missing route to pin place735/A in net _00020_.
[EST-0026] Missing route to pin _44218_/SUM in net _00020_.
[EST-0026] Missing route to pin place735/A in net _00020_.
[EST-0026] Missing route to pin _44218_/SUM in net _00020_.
[EST-0026] Missing route to pin place735/A in net _00020_.
[EST-0026] Missing route to pin _44218_/SUM in net _00020_.
[EST-0026] Missing route to pin place733/A in net _00022_.
[EST-0026] Missing route to pin _44219_/SUM in net _00022_.
[EST-0026] Missing route to pin place733/A in net _00022_.
[EST-0026] Missing route to pin _44219_/SUM in net _00022_.
[EST-0026] Missing route to pin place733/A in net _00022_.
[EST-0026] Missing route to pin _44219_/SUM in net _00022_.
[EST-0026] Missing route to pin place733/A in net _00022_.
[EST-0026] Missing route to pin _44219_/SUM in net _00022_.
[EST-0026] Missing route to pin place733/A in net _00022_.
[EST-0026] Missing route to pin _44219_/SUM in net _00022_.
[EST-0026] Missing route to pin place733/A in net _00022_.
[EST-0026] Missing route to pin _44219_/SUM in net _00022_.
[EST-0026] Missing route to pin place733/A in net _00022_.
[EST-0026] Missing route to pin _44219_/SUM in net _00022_.
[EST-0026] Missing route to pin place733/A in net _00022_.
[EST-0026] Missing route to pin _44219_/SUM in net _00022_.
[EST-0026] Missing route to pin place733/A in net _00022_.
[EST-0026] Missing route to pin _44219_/SUM in net _00022_.
[EST-0026] Missing route to pin place730/A in net _00025_.
[EST-0026] Missing route to pin _44221_/COUT in net _00025_.
[EST-0026] Missing route to pin place730/A in net _00025_.
[EST-0026] Missing route to pin _44221_/COUT in net _00025_.
[EST-0026] Missing route to pin place730/A in net _00025_.
[EST-0026] Missing route to pin _44221_/COUT in net _00025_.
[EST-0026] Missing route to pin place730/A in net _00025_.
[EST-0026] Missing route to pin _44221_/COUT in net _00025_.
[EST-0026] Missing route to pin place730/A in net _00025_.
[EST-0026] Missing route to pin _44221_/COUT in net _00025_.
[EST-0026] Missing route to pin place730/A in net _00025_.
[EST-0026] Missing route to pin _44221_/COUT in net _00025_.
[EST-0026] Missing route to pin place730/A in net _00025_.
[EST-0026] Missing route to pin _44221_/COUT in net _00025_.
[EST-0026] Missing route to pin place730/A in net _00025_.
[EST-0026] Missing route to pin _44221_/COUT in net _00025_.
[EST-0026] Missing route to pin place730/A in net _00025_.
[EST-0026] Missing route to pin _44221_/COUT in net _00025_.
[EST-0026] Missing route to pin place729/A in net _00026_.
[EST-0026] Missing route to pin _44221_/SUM in net _00026_.
[EST-0026] Missing route to pin place729/A in net _00026_.
[EST-0026] Missing route to pin _44221_/SUM in net _00026_.
[EST-0026] Missing route to pin place729/A in net _00026_.
[EST-0026] Missing route to pin _44221_/SUM in net _00026_.
[EST-0026] Missing route to pin place729/A in net _00026_.
[EST-0026] Missing route to pin _44221_/SUM in net _00026_.
[EST-0026] Missing route to pin place729/A in net _00026_.
[EST-0026] Missing route to pin _44221_/SUM in net _00026_.
[EST-0026] Missing route to pin place729/A in net _00026_.
[EST-0026] Missing route to pin _44221_/SUM in net _00026_.
[EST-0026] Missing route to pin place729/A in net _00026_.
[EST-0026] Missing route to pin _44221_/SUM in net _00026_.
[EST-0026] Missing route to pin place729/A in net _00026_.
[EST-0026] Missing route to pin _44221_/SUM in net _00026_.
[EST-0026] Missing route to pin place729/A in net _00026_.
[EST-0026] Missing route to pin _44221_/SUM in net _00026_.
[EST-0026] Missing route to pin place727/A in net _00028_.
[EST-0026] Missing route to pin _44222_/SUM in net _00028_.
[EST-0026] Missing route to pin place727/A in net _00028_.
[EST-0026] Missing route to pin _44222_/SUM in net _00028_.
[EST-0026] Missing route to pin place727/A in net _00028_.
[EST-0026] Missing route to pin _44222_/SUM in net _00028_.
[EST-0026] Missing route to pin place727/A in net _00028_.
[EST-0026] Missing route to pin _44222_/SUM in net _00028_.
[EST-0026] Missing route to pin place727/A in net _00028_.
[EST-0026] Missing route to pin _44222_/SUM in net _00028_.
[EST-0026] Missing route to pin place727/A in net _00028_.
[EST-0026] Missing route to pin _44222_/SUM in net _00028_.
[EST-0026] Missing route to pin place727/A in net _00028_.
[EST-0026] Missing route to pin _44222_/SUM in net _00028_.
[EST-0026] Missing route to pin place727/A in net _00028_.
[EST-0026] Missing route to pin _44222_/SUM in net _00028_.
[EST-0026] Missing route to pin place727/A in net _00028_.
[EST-0026] Missing route to pin _44222_/SUM in net _00028_.
[EST-0026] Missing route to pin place726/A in net _00029_.
[EST-0026] Missing route to pin _44223_/COUT in net _00029_.
[EST-0026] Missing route to pin _37111_/B1 in net _00029_.
[EST-0026] Missing route to pin _37064_/B1 in net _00029_.
[EST-0026] Missing route to pin _37013_/B1 in net _00029_.
[EST-0026] Missing route to pin _36961_/B1 in net _00029_.
[EST-0026] Missing route to pin _36911_/B1 in net _00029_.
[EST-0026] Missing route to pin _36853_/B1 in net _00029_.
[EST-0026] Missing route to pin place726/A in net _00029_.
[EST-0026] Missing route to pin _44223_/COUT in net _00029_.
[EST-0026] Missing route to pin _37111_/B1 in net _00029_.
[EST-0026] Missing route to pin _37064_/B1 in net _00029_.
[EST-0026] Missing route to pin _37013_/B1 in net _00029_.
[EST-0026] Missing route to pin _36961_/B1 in net _00029_.
[EST-0026] Missing route to pin _36911_/B1 in net _00029_.
[EST-0026] Missing route to pin _36853_/B1 in net _00029_.
[EST-0026] Missing route to pin place726/A in net _00029_.
[EST-0026] Missing route to pin _44223_/COUT in net _00029_.
[EST-0026] Missing route to pin _37111_/B1 in net _00029_.
[EST-0026] Missing route to pin _37064_/B1 in net _00029_.
[EST-0026] Missing route to pin _37013_/B1 in net _00029_.
[EST-0026] Missing route to pin _36961_/B1 in net _00029_.
[EST-0026] Missing route to pin _36911_/B1 in net _00029_.
[EST-0026] Missing route to pin _36853_/B1 in net _00029_.
[EST-0026] Missing route to pin place726/A in net _00029_.
[EST-0026] Missing route to pin _44223_/COUT in net _00029_.
[EST-0026] Missing route to pin _37111_/B1 in net _00029_.
[EST-0026] Missing route to pin _37064_/B1 in net _00029_.
[EST-0026] Missing route to pin _37013_/B1 in net _00029_.
[EST-0026] Missing route to pin _36961_/B1 in net _00029_.
[EST-0026] Missing route to pin _36911_/B1 in net _00029_.
[EST-0026] Missing route to pin _36853_/B1 in net _00029_.
[EST-0026] Missing route to pin place726/A in net _00029_.
[EST-0026] Missing route to pin _44223_/COUT in net _00029_.
[EST-0026] Missing route to pin _37111_/B1 in net _00029_.
[EST-0026] Missing route to pin _37064_/B1 in net _00029_.
[EST-0026] Missing route to pin _37013_/B1 in net _00029_.
[EST-0026] Missing route to pin _36961_/B1 in net _00029_.
[EST-0026] Missing route to pin _36911_/B1 in net _00029_.
[EST-0026] Missing route to pin _36853_/B1 in net _00029_.
[EST-0026] Missing route to pin place726/A in net _00029_.
[EST-0026] Missing route to pin _44223_/COUT in net _00029_.
[EST-0026] Missing route to pin _37111_/B1 in net _00029_.
[EST-0026] Missing route to pin _37064_/B1 in net _00029_.
[EST-0026] Missing route to pin _37013_/B1 in net _00029_.
[EST-0026] Missing route to pin _36961_/B1 in net _00029_.
[EST-0026] Missing route to pin _36911_/B1 in net _00029_.
[EST-0026] Missing route to pin _36853_/B1 in net _00029_.
[EST-0026] Missing route to pin place726/A in net _00029_.
[EST-0026] Missing route to pin _44223_/COUT in net _00029_.
[EST-0026] Missing route to pin _37111_/B1 in net _00029_.
[EST-0026] Missing route to pin _37064_/B1 in net _00029_.
[EST-0026] Missing route to pin _37013_/B1 in net _00029_.
[EST-0026] Missing route to pin _36961_/B1 in net _00029_.
[EST-0026] Missing route to pin _36911_/B1 in net _00029_.
[EST-0026] Missing route to pin _36853_/B1 in net _00029_.
[EST-0026] Missing route to pin place726/A in net _00029_.
[EST-0026] Missing route to pin _44223_/COUT in net _00029_.
[EST-0026] Missing route to pin _37111_/B1 in net _00029_.
[EST-0026] Missing route to pin _37064_/B1 in net _00029_.
[EST-0026] Missing route to pin _37013_/B1 in net _00029_.
[EST-0026] Missing route to pin _36961_/B1 in net _00029_.
[EST-0026] Missing route to pin _36911_/B1 in net _00029_.
[EST-0026] Missing route to pin _36853_/B1 in net _00029_.
[EST-0026] Missing route to pin place726/A in net _00029_.
[EST-0026] Missing route to pin _44223_/COUT in net _00029_.
[EST-0026] Missing route to pin _37111_/B1 in net _00029_.
[EST-0026] Missing route to pin _37064_/B1 in net _00029_.
[EST-0026] Missing route to pin _37013_/B1 in net _00029_.
[EST-0026] Missing route to pin _36961_/B1 in net _00029_.
[EST-0026] Missing route to pin _36911_/B1 in net _00029_.
[EST-0026] Missing route to pin _36853_/B1 in net _00029_.
[EST-0026] Missing route to pin place725/A in net _00030_.
[EST-0026] Missing route to pin _44223_/SUM in net _00030_.
[EST-0026] Missing route to pin _36853_/A2 in net _00030_.
[EST-0026] Missing route to pin place725/A in net _00030_.
[EST-0026] Missing route to pin _44223_/SUM in net _00030_.
[EST-0026] Missing route to pin _36853_/A2 in net _00030_.
[EST-0026] Missing route to pin place725/A in net _00030_.
[EST-0026] Missing route to pin _44223_/SUM in net _00030_.
[EST-0026] Missing route to pin _36853_/A2 in net _00030_.
[EST-0026] Missing route to pin place725/A in net _00030_.
[EST-0026] Missing route to pin _44223_/SUM in net _00030_.
[EST-0026] Missing route to pin _36853_/A2 in net _00030_.
[EST-0026] Missing route to pin place725/A in net _00030_.
[EST-0026] Missing route to pin _44223_/SUM in net _00030_.
[EST-0026] Missing route to pin _36853_/A2 in net _00030_.
[EST-0026] Missing route to pin place725/A in net _00030_.
[EST-0026] Missing route to pin _44223_/SUM in net _00030_.
[EST-0026] Missing route to pin _36853_/A2 in net _00030_.
[EST-0026] Missing route to pin place725/A in net _00030_.
[EST-0026] Missing route to pin _44223_/SUM in net _00030_.
[EST-0026] Missing route to pin _36853_/A2 in net _00030_.
[EST-0026] Missing route to pin place725/A in net _00030_.
[EST-0026] Missing route to pin _44223_/SUM in net _00030_.
[EST-0026] Missing route to pin _36853_/A2 in net _00030_.
[EST-0026] Missing route to pin place725/A in net _00030_.
[EST-0026] Missing route to pin _44223_/SUM in net _00030_.
[EST-0026] Missing route to pin _36853_/A2 in net _00030_.
[EST-0026] Missing route to pin place724/A in net _00031_.
[EST-0026] Missing route to pin _44224_/COUT in net _00031_.
[EST-0026] Missing route to pin place724/A in net _00031_.
[EST-0026] Missing route to pin _44224_/COUT in net _00031_.
[EST-0026] Missing route to pin place724/A in net _00031_.
[EST-0026] Missing route to pin _44224_/COUT in net _00031_.
[EST-0026] Missing route to pin place724/A in net _00031_.
[EST-0026] Missing route to pin _44224_/COUT in net _00031_.
[EST-0026] Missing route to pin place724/A in net _00031_.
[EST-0026] Missing route to pin _44224_/COUT in net _00031_.
[EST-0026] Missing route to pin place724/A in net _00031_.
[EST-0026] Missing route to pin _44224_/COUT in net _00031_.
[EST-0026] Missing route to pin place724/A in net _00031_.
[EST-0026] Missing route to pin _44224_/COUT in net _00031_.
[EST-0026] Missing route to pin place724/A in net _00031_.
[EST-0026] Missing route to pin _44224_/COUT in net _00031_.
[EST-0026] Missing route to pin place724/A in net _00031_.
[EST-0026] Missing route to pin _44224_/COUT in net _00031_.
[EST-0026] Missing route to pin place723/A in net _00032_.
[EST-0026] Missing route to pin _44224_/SUM in net _00032_.
[EST-0026] Missing route to pin _38991_/A2 in net _00032_.
[EST-0026] Missing route to pin _38715_/A2 in net _00032_.
[EST-0026] Missing route to pin _38645_/A2 in net _00032_.
[EST-0026] Missing route to pin _38644_/B in net _00032_.
[EST-0026] Missing route to pin place723/A in net _00032_.
[EST-0026] Missing route to pin _44224_/SUM in net _00032_.
[EST-0026] Missing route to pin _38991_/A2 in net _00032_.
[EST-0026] Missing route to pin _38715_/A2 in net _00032_.
[EST-0026] Missing route to pin _38645_/A2 in net _00032_.
[EST-0026] Missing route to pin _38644_/B in net _00032_.
[EST-0026] Missing route to pin place723/A in net _00032_.
[EST-0026] Missing route to pin _44224_/SUM in net _00032_.
[EST-0026] Missing route to pin _38991_/A2 in net _00032_.
[EST-0026] Missing route to pin _38715_/A2 in net _00032_.
[EST-0026] Missing route to pin _38645_/A2 in net _00032_.
[EST-0026] Missing route to pin _38644_/B in net _00032_.
[EST-0026] Missing route to pin place723/A in net _00032_.
[EST-0026] Missing route to pin _44224_/SUM in net _00032_.
[EST-0026] Missing route to pin _38991_/A2 in net _00032_.
[EST-0026] Missing route to pin _38715_/A2 in net _00032_.
[EST-0026] Missing route to pin _38645_/A2 in net _00032_.
[EST-0026] Missing route to pin _38644_/B in net _00032_.
[EST-0026] Missing route to pin place723/A in net _00032_.
[EST-0026] Missing route to pin _44224_/SUM in net _00032_.
[EST-0026] Missing route to pin _38991_/A2 in net _00032_.
[EST-0026] Missing route to pin _38715_/A2 in net _00032_.
[EST-0026] Missing route to pin _38645_/A2 in net _00032_.
[EST-0026] Missing route to pin _38644_/B in net _00032_.
[EST-0026] Missing route to pin place723/A in net _00032_.
[EST-0026] Missing route to pin _44224_/SUM in net _00032_.
[EST-0026] Missing route to pin _38991_/A2 in net _00032_.
[EST-0026] Missing route to pin _38715_/A2 in net _00032_.
[EST-0026] Missing route to pin _38645_/A2 in net _00032_.
[EST-0026] Missing route to pin _38644_/B in net _00032_.
[EST-0026] Missing route to pin place723/A in net _00032_.
[EST-0026] Missing route to pin _44224_/SUM in net _00032_.
[EST-0026] Missing route to pin _38991_/A2 in net _00032_.
[EST-0026] Missing route to pin _38715_/A2 in net _00032_.
[EST-0026] Missing route to pin _38645_/A2 in net _00032_.
[EST-0026] Missing route to pin _38644_/B in net _00032_.
[EST-0026] Missing route to pin place723/A in net _00032_.
[EST-0026] Missing route to pin _44224_/SUM in net _00032_.
[EST-0026] Missing route to pin _38991_/A2 in net _00032_.
[EST-0026] Missing route to pin _38715_/A2 in net _00032_.
[EST-0026] Missing route to pin _38645_/A2 in net _00032_.
[EST-0026] Missing route to pin _38644_/B in net _00032_.
[EST-0026] Missing route to pin place723/A in net _00032_.
[EST-0026] Missing route to pin _44224_/SUM in net _00032_.
[EST-0026] Missing route to pin _38991_/A2 in net _00032_.
[EST-0026] Missing route to pin _38715_/A2 in net _00032_.
[EST-0026] Missing route to pin _38645_/A2 in net _00032_.
[EST-0026] Missing route to pin _38644_/B in net _00032_.
[EST-0026] Missing route to pin place721/A in net _00034_.
[EST-0026] Missing route to pin _44225_/SUM in net _00034_.
[EST-0026] Missing route to pin _41002_/A2 in net _00034_.
[EST-0026] Missing route to pin _40967_/A2 in net _00034_.
[EST-0026] Missing route to pin _40943_/A2 in net _00034_.
[EST-0026] Missing route to pin place721/A in net _00034_.
[EST-0026] Missing route to pin _44225_/SUM in net _00034_.
[EST-0026] Missing route to pin _41002_/A2 in net _00034_.
[EST-0026] Missing route to pin _40967_/A2 in net _00034_.
[EST-0026] Missing route to pin _40943_/A2 in net _00034_.
[EST-0026] Missing route to pin place721/A in net _00034_.
[EST-0026] Missing route to pin _44225_/SUM in net _00034_.
[EST-0026] Missing route to pin _41002_/A2 in net _00034_.
[EST-0026] Missing route to pin _40967_/A2 in net _00034_.
[EST-0026] Missing route to pin _40943_/A2 in net _00034_.
[EST-0026] Missing route to pin place721/A in net _00034_.
[EST-0026] Missing route to pin _44225_/SUM in net _00034_.
[EST-0026] Missing route to pin _41002_/A2 in net _00034_.
[EST-0026] Missing route to pin _40967_/A2 in net _00034_.
[EST-0026] Missing route to pin _40943_/A2 in net _00034_.
[EST-0026] Missing route to pin place721/A in net _00034_.
[EST-0026] Missing route to pin _44225_/SUM in net _00034_.
[EST-0026] Missing route to pin _41002_/A2 in net _00034_.
[EST-0026] Missing route to pin _40967_/A2 in net _00034_.
[EST-0026] Missing route to pin _40943_/A2 in net _00034_.
[EST-0026] Missing route to pin place721/A in net _00034_.
[EST-0026] Missing route to pin _44225_/SUM in net _00034_.
[EST-0026] Missing route to pin _41002_/A2 in net _00034_.
[EST-0026] Missing route to pin _40967_/A2 in net _00034_.
[EST-0026] Missing route to pin _40943_/A2 in net _00034_.
[EST-0026] Missing route to pin place721/A in net _00034_.
[EST-0026] Missing route to pin _44225_/SUM in net _00034_.
[EST-0026] Missing route to pin _41002_/A2 in net _00034_.
[EST-0026] Missing route to pin _40967_/A2 in net _00034_.
[EST-0026] Missing route to pin _40943_/A2 in net _00034_.
[EST-0026] Missing route to pin place721/A in net _00034_.
[EST-0026] Missing route to pin _44225_/SUM in net _00034_.
[EST-0026] Missing route to pin _41002_/A2 in net _00034_.
[EST-0026] Missing route to pin _40967_/A2 in net _00034_.
[EST-0026] Missing route to pin _40943_/A2 in net _00034_.
[EST-0026] Missing route to pin place721/A in net _00034_.
[EST-0026] Missing route to pin _44225_/SUM in net _00034_.
[EST-0026] Missing route to pin _41002_/A2 in net _00034_.
[EST-0026] Missing route to pin _40967_/A2 in net _00034_.
[EST-0026] Missing route to pin _40943_/A2 in net _00034_.
[EST-0026] Missing route to pin _44226_/COUT in net _00035_.
[EST-0026] Missing route to pin _24690_/B in net _00035_.
[EST-0026] Missing route to pin _24667_/B1 in net _00035_.
[EST-0026] Missing route to pin _24645_/B1 in net _00035_.
[EST-0026] Missing route to pin _24617_/B1 in net _00035_.
[EST-0026] Missing route to pin _24589_/B1 in net _00035_.
[EST-0026] Missing route to pin _24554_/B1 in net _00035_.
[EST-0026] Missing route to pin _24522_/B1 in net _00035_.
[EST-0026] Missing route to pin _24481_/B1 in net _00035_.
[EST-0026] Missing route to pin _24437_/B1 in net _00035_.
[EST-0026] Missing route to pin _24396_/B1 in net _00035_.
[EST-0026] Missing route to pin _24351_/B1 in net _00035_.
[EST-0026] Missing route to pin _24303_/B1 in net _00035_.
[EST-0026] Missing route to pin _24250_/B1 in net _00035_.
[EST-0026] Missing route to pin _24199_/B1 in net _00035_.
[EST-0026] Missing route to pin _24146_/B1 in net _00035_.
[EST-0026] Missing route to pin _44226_/COUT in net _00035_.
[EST-0026] Missing route to pin _24690_/B in net _00035_.
[EST-0026] Missing route to pin _24667_/B1 in net _00035_.
[EST-0026] Missing route to pin _24645_/B1 in net _00035_.
[EST-0026] Missing route to pin _24617_/B1 in net _00035_.
[EST-0026] Missing route to pin _24589_/B1 in net _00035_.
[EST-0026] Missing route to pin _24554_/B1 in net _00035_.
[EST-0026] Missing route to pin _24522_/B1 in net _00035_.
[EST-0026] Missing route to pin _24481_/B1 in net _00035_.
[EST-0026] Missing route to pin _24437_/B1 in net _00035_.
[EST-0026] Missing route to pin _24396_/B1 in net _00035_.
[EST-0026] Missing route to pin _24351_/B1 in net _00035_.
[EST-0026] Missing route to pin _24303_/B1 in net _00035_.
[EST-0026] Missing route to pin _24250_/B1 in net _00035_.
[EST-0026] Missing route to pin _24199_/B1 in net _00035_.
[EST-0026] Missing route to pin _24146_/B1 in net _00035_.
[EST-0026] Missing route to pin _44226_/COUT in net _00035_.
[EST-0026] Missing route to pin _24690_/B in net _00035_.
[EST-0026] Missing route to pin _24667_/B1 in net _00035_.
[EST-0026] Missing route to pin _24645_/B1 in net _00035_.
[EST-0026] Missing route to pin _24617_/B1 in net _00035_.
[EST-0026] Missing route to pin _24589_/B1 in net _00035_.
[EST-0026] Missing route to pin _24554_/B1 in net _00035_.
[EST-0026] Missing route to pin _24522_/B1 in net _00035_.
[EST-0026] Missing route to pin _24481_/B1 in net _00035_.
[EST-0026] Missing route to pin _24437_/B1 in net _00035_.
[EST-0026] Missing route to pin _24396_/B1 in net _00035_.
[EST-0026] Missing route to pin _24351_/B1 in net _00035_.
[EST-0026] Missing route to pin _24303_/B1 in net _00035_.
[EST-0026] Missing route to pin _24250_/B1 in net _00035_.
[EST-0026] Missing route to pin _24199_/B1 in net _00035_.
[EST-0026] Missing route to pin _24146_/B1 in net _00035_.
[EST-0026] Missing route to pin _44226_/COUT in net _00035_.
[EST-0026] Missing route to pin _24690_/B in net _00035_.
[EST-0026] Missing route to pin _24667_/B1 in net _00035_.
[EST-0026] Missing route to pin _24645_/B1 in net _00035_.
[EST-0026] Missing route to pin _24617_/B1 in net _00035_.
[EST-0026] Missing route to pin _24589_/B1 in net _00035_.
[EST-0026] Missing route to pin _24554_/B1 in net _00035_.
[EST-0026] Missing route to pin _24522_/B1 in net _00035_.
[EST-0026] Missing route to pin _24481_/B1 in net _00035_.
[EST-0026] Missing route to pin _24437_/B1 in net _00035_.
[EST-0026] Missing route to pin _24396_/B1 in net _00035_.
[EST-0026] Missing route to pin _24351_/B1 in net _00035_.
[EST-0026] Missing route to pin _24303_/B1 in net _00035_.
[EST-0026] Missing route to pin _24250_/B1 in net _00035_.
[EST-0026] Missing route to pin _24199_/B1 in net _00035_.
[EST-0026] Missing route to pin _24146_/B1 in net _00035_.
[EST-0026] Missing route to pin _44226_/COUT in net _00035_.
[EST-0026] Missing route to pin _24690_/B in net _00035_.
[EST-0026] Missing route to pin _24667_/B1 in net _00035_.
[EST-0026] Missing route to pin _24645_/B1 in net _00035_.
[EST-0026] Missing route to pin _24617_/B1 in net _00035_.
[EST-0026] Missing route to pin _24589_/B1 in net _00035_.
[EST-0026] Missing route to pin _24554_/B1 in net _00035_.
[EST-0026] Missing route to pin _24522_/B1 in net _00035_.
[EST-0026] Missing route to pin _24481_/B1 in net _00035_.
[EST-0026] Missing route to pin _24437_/B1 in net _00035_.
[EST-0026] Missing route to pin _24396_/B1 in net _00035_.
[EST-0026] Missing route to pin _24351_/B1 in net _00035_.
[EST-0026] Missing route to pin _24303_/B1 in net _00035_.
[EST-0026] Missing route to pin _24250_/B1 in net _00035_.
[EST-0026] Missing route to pin _24199_/B1 in net _00035_.
[EST-0026] Missing route to pin _24146_/B1 in net _00035_.
[EST-0026] Missing route to pin _44226_/COUT in net _00035_.
[EST-0026] Missing route to pin _24690_/B in net _00035_.
[EST-0026] Missing route to pin _24667_/B1 in net _00035_.
[EST-0026] Missing route to pin _24645_/B1 in net _00035_.
[EST-0026] Missing route to pin _24617_/B1 in net _00035_.
[EST-0026] Missing route to pin _24589_/B1 in net _00035_.
[EST-0026] Missing route to pin _24554_/B1 in net _00035_.
[EST-0026] Missing route to pin _24522_/B1 in net _00035_.
[EST-0026] Missing route to pin _24481_/B1 in net _00035_.
[EST-0026] Missing route to pin _24437_/B1 in net _00035_.
[EST-0026] Missing route to pin _24396_/B1 in net _00035_.
[EST-0026] Missing route to pin _24351_/B1 in net _00035_.
[EST-0026] Missing route to pin _24303_/B1 in net _00035_.
[EST-0026] Missing route to pin _24250_/B1 in net _00035_.
[EST-0026] Missing route to pin _24199_/B1 in net _00035_.
[EST-0026] Missing route to pin _24146_/B1 in net _00035_.
[EST-0026] Missing route to pin _44226_/COUT in net _00035_.
[EST-0026] Missing route to pin _24690_/B in net _00035_.
[EST-0026] Missing route to pin _24667_/B1 in net _00035_.
[EST-0026] Missing route to pin _24645_/B1 in net _00035_.
[EST-0026] Missing route to pin _24617_/B1 in net _00035_.
[EST-0026] Missing route to pin _24589_/B1 in net _00035_.
[EST-0026] Missing route to pin _24554_/B1 in net _00035_.
[EST-0026] Missing route to pin _24522_/B1 in net _00035_.
[EST-0026] Missing route to pin _24481_/B1 in net _00035_.
[EST-0026] Missing route to pin _24437_/B1 in net _00035_.
[EST-0026] Missing route to pin _24396_/B1 in net _00035_.
[EST-0026] Missing route to pin _24351_/B1 in net _00035_.
[EST-0026] Missing route to pin _24303_/B1 in net _00035_.
[EST-0026] Missing route to pin _24250_/B1 in net _00035_.
[EST-0026] Missing route to pin _24199_/B1 in net _00035_.
[EST-0026] Missing route to pin _24146_/B1 in net _00035_.
[EST-0026] Missing route to pin _44226_/COUT in net _00035_.
[EST-0026] Missing route to pin _24690_/B in net _00035_.
[EST-0026] Missing route to pin _24667_/B1 in net _00035_.
[EST-0026] Missing route to pin _24645_/B1 in net _00035_.
[EST-0026] Missing route to pin _24617_/B1 in net _00035_.
[EST-0026] Missing route to pin _24589_/B1 in net _00035_.
[EST-0026] Missing route to pin _24554_/B1 in net _00035_.
[EST-0026] Missing route to pin _24522_/B1 in net _00035_.
[EST-0026] Missing route to pin _24481_/B1 in net _00035_.
[EST-0026] Missing route to pin _24437_/B1 in net _00035_.
[EST-0026] Missing route to pin _24396_/B1 in net _00035_.
[EST-0026] Missing route to pin _24351_/B1 in net _00035_.
[EST-0026] Missing route to pin _24303_/B1 in net _00035_.
[EST-0026] Missing route to pin _24250_/B1 in net _00035_.
[EST-0026] Missing route to pin _24199_/B1 in net _00035_.
[EST-0026] Missing route to pin _24146_/B1 in net _00035_.
[EST-0026] Missing route to pin _44226_/COUT in net _00035_.
[EST-0026] Missing route to pin _24690_/B in net _00035_.
[EST-0026] Missing route to pin _24667_/B1 in net _00035_.
[EST-0026] Missing route to pin _24645_/B1 in net _00035_.
[EST-0026] Missing route to pin _24617_/B1 in net _00035_.
[EST-0026] Missing route to pin _24589_/B1 in net _00035_.
[EST-0026] Missing route to pin _24554_/B1 in net _00035_.
[EST-0026] Missing route to pin _24522_/B1 in net _00035_.
[EST-0026] Missing route to pin _24481_/B1 in net _00035_.
[EST-0026] Missing route to pin _24437_/B1 in net _00035_.
[EST-0026] Missing route to pin _24396_/B1 in net _00035_.
[EST-0026] Missing route to pin _24351_/B1 in net _00035_.
[EST-0026] Missing route to pin _24303_/B1 in net _00035_.
[EST-0026] Missing route to pin _24250_/B1 in net _00035_.
[EST-0026] Missing route to pin _24199_/B1 in net _00035_.
[EST-0026] Missing route to pin _24146_/B1 in net _00035_.
[EST-0026] Missing route to pin place719/A in net _00037_.
[EST-0026] Missing route to pin _44227_/COUT in net _00037_.
[EST-0026] Missing route to pin place719/A in net _00037_.
[EST-0026] Missing route to pin _44227_/COUT in net _00037_.
[EST-0026] Missing route to pin place719/A in net _00037_.
[EST-0026] Missing route to pin _44227_/COUT in net _00037_.
[EST-0026] Missing route to pin place719/A in net _00037_.
[EST-0026] Missing route to pin _44227_/COUT in net _00037_.
[EST-0026] Missing route to pin place719/A in net _00037_.
[EST-0026] Missing route to pin _44227_/COUT in net _00037_.
[EST-0026] Missing route to pin place719/A in net _00037_.
[EST-0026] Missing route to pin _44227_/COUT in net _00037_.
[EST-0026] Missing route to pin place719/A in net _00037_.
[EST-0026] Missing route to pin _44227_/COUT in net _00037_.
[EST-0026] Missing route to pin place719/A in net _00037_.
[EST-0026] Missing route to pin _44227_/COUT in net _00037_.
[EST-0026] Missing route to pin place719/A in net _00037_.
[EST-0026] Missing route to pin _44227_/COUT in net _00037_.
[EST-0026] Missing route to pin place718/A in net _00038_.
[EST-0026] Missing route to pin _44227_/SUM in net _00038_.
[EST-0026] Missing route to pin place718/A in net _00038_.
[EST-0026] Missing route to pin _44227_/SUM in net _00038_.
[EST-0026] Missing route to pin place718/A in net _00038_.
[EST-0026] Missing route to pin _44227_/SUM in net _00038_.
[EST-0026] Missing route to pin place718/A in net _00038_.
[EST-0026] Missing route to pin _44227_/SUM in net _00038_.
[EST-0026] Missing route to pin place718/A in net _00038_.
[EST-0026] Missing route to pin _44227_/SUM in net _00038_.
[EST-0026] Missing route to pin place718/A in net _00038_.
[EST-0026] Missing route to pin _44227_/SUM in net _00038_.
[EST-0026] Missing route to pin place718/A in net _00038_.
[EST-0026] Missing route to pin _44227_/SUM in net _00038_.
[EST-0026] Missing route to pin place718/A in net _00038_.
[EST-0026] Missing route to pin _44227_/SUM in net _00038_.
[EST-0026] Missing route to pin place718/A in net _00038_.
[EST-0026] Missing route to pin _44227_/SUM in net _00038_.
[EST-0026] Missing route to pin place717/A in net _00039_.
[EST-0026] Missing route to pin _44228_/COUT in net _00039_.
[EST-0026] Missing route to pin place717/A in net _00039_.
[EST-0026] Missing route to pin _44228_/COUT in net _00039_.
[EST-0026] Missing route to pin place717/A in net _00039_.
[EST-0026] Missing route to pin _44228_/COUT in net _00039_.
[EST-0026] Missing route to pin place717/A in net _00039_.
[EST-0026] Missing route to pin _44228_/COUT in net _00039_.
[EST-0026] Missing route to pin place717/A in net _00039_.
[EST-0026] Missing route to pin _44228_/COUT in net _00039_.
[EST-0026] Missing route to pin place717/A in net _00039_.
[EST-0026] Missing route to pin _44228_/COUT in net _00039_.
[EST-0026] Missing route to pin place717/A in net _00039_.
[EST-0026] Missing route to pin _44228_/COUT in net _00039_.
[EST-0026] Missing route to pin place717/A in net _00039_.
[EST-0026] Missing route to pin _44228_/COUT in net _00039_.
[EST-0026] Missing route to pin place717/A in net _00039_.
[EST-0026] Missing route to pin _44228_/COUT in net _00039_.
[EST-0026] Missing route to pin place716/A in net _00040_.
[EST-0026] Missing route to pin _44228_/SUM in net _00040_.
[EST-0026] Missing route to pin place716/A in net _00040_.
[EST-0026] Missing route to pin _44228_/SUM in net _00040_.
[EST-0026] Missing route to pin place716/A in net _00040_.
[EST-0026] Missing route to pin _44228_/SUM in net _00040_.
[EST-0026] Missing route to pin place716/A in net _00040_.
[EST-0026] Missing route to pin _44228_/SUM in net _00040_.
[EST-0026] Missing route to pin place716/A in net _00040_.
[EST-0026] Missing route to pin _44228_/SUM in net _00040_.
[EST-0026] Missing route to pin place716/A in net _00040_.
[EST-0026] Missing route to pin _44228_/SUM in net _00040_.
[EST-0026] Missing route to pin place716/A in net _00040_.
[EST-0026] Missing route to pin _44228_/SUM in net _00040_.
[EST-0026] Missing route to pin place716/A in net _00040_.
[EST-0026] Missing route to pin _44228_/SUM in net _00040_.
[EST-0026] Missing route to pin place716/A in net _00040_.
[EST-0026] Missing route to pin _44228_/SUM in net _00040_.
[EST-0026] Missing route to pin place715/A in net _00041_.
[EST-0026] Missing route to pin _44229_/COUT in net _00041_.
[EST-0026] Missing route to pin place715/A in net _00041_.
[EST-0026] Missing route to pin _44229_/COUT in net _00041_.
[EST-0026] Missing route to pin place715/A in net _00041_.
[EST-0026] Missing route to pin _44229_/COUT in net _00041_.
[EST-0026] Missing route to pin place715/A in net _00041_.
[EST-0026] Missing route to pin _44229_/COUT in net _00041_.
[EST-0026] Missing route to pin place715/A in net _00041_.
[EST-0026] Missing route to pin _44229_/COUT in net _00041_.
[EST-0026] Missing route to pin place715/A in net _00041_.
[EST-0026] Missing route to pin _44229_/COUT in net _00041_.
[EST-0026] Missing route to pin place715/A in net _00041_.
[EST-0026] Missing route to pin _44229_/COUT in net _00041_.
[EST-0026] Missing route to pin place715/A in net _00041_.
[EST-0026] Missing route to pin _44229_/COUT in net _00041_.
[EST-0026] Missing route to pin place715/A in net _00041_.
[EST-0026] Missing route to pin _44229_/COUT in net _00041_.
[EST-0026] Missing route to pin place714/A in net _00042_.
[EST-0026] Missing route to pin _44229_/SUM in net _00042_.
[EST-0026] Missing route to pin place714/A in net _00042_.
[EST-0026] Missing route to pin _44229_/SUM in net _00042_.
[EST-0026] Missing route to pin place714/A in net _00042_.
[EST-0026] Missing route to pin _44229_/SUM in net _00042_.
[EST-0026] Missing route to pin place714/A in net _00042_.
[EST-0026] Missing route to pin _44229_/SUM in net _00042_.
[EST-0026] Missing route to pin place714/A in net _00042_.
[EST-0026] Missing route to pin _44229_/SUM in net _00042_.
[EST-0026] Missing route to pin place714/A in net _00042_.
[EST-0026] Missing route to pin _44229_/SUM in net _00042_.
[EST-0026] Missing route to pin place714/A in net _00042_.
[EST-0026] Missing route to pin _44229_/SUM in net _00042_.
[EST-0026] Missing route to pin place714/A in net _00042_.
[EST-0026] Missing route to pin _44229_/SUM in net _00042_.
[EST-0026] Missing route to pin place714/A in net _00042_.
[EST-0026] Missing route to pin _44229_/SUM in net _00042_.
[EST-0026] Missing route to pin _44230_/COUT in net _00044_.
[EST-0026] Missing route to pin _30439_/B in net _00044_.
[EST-0026] Missing route to pin _30390_/B2 in net _00044_.
[EST-0026] Missing route to pin _30361_/B2 in net _00044_.
[EST-0026] Missing route to pin _30296_/B2 in net _00044_.
[EST-0026] Missing route to pin _30284_/B2 in net _00044_.
[EST-0026] Missing route to pin _30233_/B2 in net _00044_.
[EST-0026] Missing route to pin _30192_/B2 in net _00044_.
[EST-0026] Missing route to pin _30169_/A2 in net _00044_.
[EST-0026] Missing route to pin _30163_/B2 in net _00044_.
[EST-0026] Missing route to pin _30147_/B2 in net _00044_.
[EST-0026] Missing route to pin _30130_/B2 in net _00044_.
[EST-0026] Missing route to pin _30106_/B2 in net _00044_.
[EST-0026] Missing route to pin _30084_/B2 in net _00044_.
[EST-0026] Missing route to pin _30054_/B2 in net _00044_.
[EST-0026] Missing route to pin _30033_/B2 in net _00044_.
[EST-0026] Missing route to pin _44230_/COUT in net _00044_.
[EST-0026] Missing route to pin _30439_/B in net _00044_.
[EST-0026] Missing route to pin _30390_/B2 in net _00044_.
[EST-0026] Missing route to pin _30361_/B2 in net _00044_.
[EST-0026] Missing route to pin _30296_/B2 in net _00044_.
[EST-0026] Missing route to pin _30284_/B2 in net _00044_.
[EST-0026] Missing route to pin _30233_/B2 in net _00044_.
[EST-0026] Missing route to pin _30192_/B2 in net _00044_.
[EST-0026] Missing route to pin _30169_/A2 in net _00044_.
[EST-0026] Missing route to pin _30163_/B2 in net _00044_.
[EST-0026] Missing route to pin _30147_/B2 in net _00044_.
[EST-0026] Missing route to pin _30130_/B2 in net _00044_.
[EST-0026] Missing route to pin _30106_/B2 in net _00044_.
[EST-0026] Missing route to pin _30084_/B2 in net _00044_.
[EST-0026] Missing route to pin _30054_/B2 in net _00044_.
[EST-0026] Missing route to pin _30033_/B2 in net _00044_.
[EST-0026] Missing route to pin _44230_/COUT in net _00044_.
[EST-0026] Missing route to pin _30439_/B in net _00044_.
[EST-0026] Missing route to pin _30390_/B2 in net _00044_.
[EST-0026] Missing route to pin _30361_/B2 in net _00044_.
[EST-0026] Missing route to pin _30296_/B2 in net _00044_.
[EST-0026] Missing route to pin _30284_/B2 in net _00044_.
[EST-0026] Missing route to pin _30233_/B2 in net _00044_.
[EST-0026] Missing route to pin _30192_/B2 in net _00044_.
[EST-0026] Missing route to pin _30169_/A2 in net _00044_.
[EST-0026] Missing route to pin _30163_/B2 in net _00044_.
[EST-0026] Missing route to pin _30147_/B2 in net _00044_.
[EST-0026] Missing route to pin _30130_/B2 in net _00044_.
[EST-0026] Missing route to pin _30106_/B2 in net _00044_.
[EST-0026] Missing route to pin _30084_/B2 in net _00044_.
[EST-0026] Missing route to pin _30054_/B2 in net _00044_.
[EST-0026] Missing route to pin _30033_/B2 in net _00044_.
[EST-0026] Missing route to pin _44230_/COUT in net _00044_.
[EST-0026] Missing route to pin _30439_/B in net _00044_.
[EST-0026] Missing route to pin _30390_/B2 in net _00044_.
[EST-0026] Missing route to pin _30361_/B2 in net _00044_.
[EST-0026] Missing route to pin _30296_/B2 in net _00044_.
[EST-0026] Missing route to pin _30284_/B2 in net _00044_.
[EST-0026] Missing route to pin _30233_/B2 in net _00044_.
[EST-0026] Missing route to pin _30192_/B2 in net _00044_.
[EST-0026] Missing route to pin _30169_/A2 in net _00044_.
[EST-0026] Missing route to pin _30163_/B2 in net _00044_.
[EST-0026] Missing route to pin _30147_/B2 in net _00044_.
[EST-0026] Missing route to pin _30130_/B2 in net _00044_.
[EST-0026] Missing route to pin _30106_/B2 in net _00044_.
[EST-0026] Missing route to pin _30084_/B2 in net _00044_.
[EST-0026] Missing route to pin _30054_/B2 in net _00044_.
[EST-0026] Missing route to pin _30033_/B2 in net _00044_.
[EST-0026] Missing route to pin _44230_/COUT in net _00044_.
[EST-0026] Missing route to pin _30439_/B in net _00044_.
[EST-0026] Missing route to pin _30390_/B2 in net _00044_.
[EST-0026] Missing route to pin _30361_/B2 in net _00044_.
[EST-0026] Missing route to pin _30296_/B2 in net _00044_.
[EST-0026] Missing route to pin _30284_/B2 in net _00044_.
[EST-0026] Missing route to pin _30233_/B2 in net _00044_.
[EST-0026] Missing route to pin _30192_/B2 in net _00044_.
[EST-0026] Missing route to pin _30169_/A2 in net _00044_.
[EST-0026] Missing route to pin _30163_/B2 in net _00044_.
[EST-0026] Missing route to pin _30147_/B2 in net _00044_.
[EST-0026] Missing route to pin _30130_/B2 in net _00044_.
[EST-0026] Missing route to pin _30106_/B2 in net _00044_.
[EST-0026] Missing route to pin _30084_/B2 in net _00044_.
[EST-0026] Missing route to pin _30054_/B2 in net _00044_.
[EST-0026] Missing route to pin _30033_/B2 in net _00044_.
[EST-0026] Missing route to pin _44230_/COUT in net _00044_.
[EST-0026] Missing route to pin _30439_/B in net _00044_.
[EST-0026] Missing route to pin _30390_/B2 in net _00044_.
[EST-0026] Missing route to pin _30361_/B2 in net _00044_.
[EST-0026] Missing route to pin _30296_/B2 in net _00044_.
[EST-0026] Missing route to pin _30284_/B2 in net _00044_.
[EST-0026] Missing route to pin _30233_/B2 in net _00044_.
[EST-0026] Missing route to pin _30192_/B2 in net _00044_.
[EST-0026] Missing route to pin _30169_/A2 in net _00044_.
[EST-0026] Missing route to pin _30163_/B2 in net _00044_.
[EST-0026] Missing route to pin _30147_/B2 in net _00044_.
[EST-0026] Missing route to pin _30130_/B2 in net _00044_.
[EST-0026] Missing route to pin _30106_/B2 in net _00044_.
[EST-0026] Missing route to pin _30084_/B2 in net _00044_.
[EST-0026] Missing route to pin _30054_/B2 in net _00044_.
[EST-0026] Missing route to pin _30033_/B2 in net _00044_.
[EST-0026] Missing route to pin _44230_/COUT in net _00044_.
[EST-0026] Missing route to pin _30439_/B in net _00044_.
[EST-0026] Missing route to pin _30390_/B2 in net _00044_.
[EST-0026] Missing route to pin _30361_/B2 in net _00044_.
[EST-0026] Missing route to pin _30296_/B2 in net _00044_.
[EST-0026] Missing route to pin _30284_/B2 in net _00044_.
[EST-0026] Missing route to pin _30233_/B2 in net _00044_.
[EST-0026] Missing route to pin _30192_/B2 in net _00044_.
[EST-0026] Missing route to pin _30169_/A2 in net _00044_.
[EST-0026] Missing route to pin _30163_/B2 in net _00044_.
[EST-0026] Missing route to pin _30147_/B2 in net _00044_.
[EST-0026] Missing route to pin _30130_/B2 in net _00044_.
[EST-0026] Missing route to pin _30106_/B2 in net _00044_.
[EST-0026] Missing route to pin _30084_/B2 in net _00044_.
[EST-0026] Missing route to pin _30054_/B2 in net _00044_.
[EST-0026] Missing route to pin _30033_/B2 in net _00044_.
[EST-0026] Missing route to pin _44230_/COUT in net _00044_.
[EST-0026] Missing route to pin _30439_/B in net _00044_.
[EST-0026] Missing route to pin _30390_/B2 in net _00044_.
[EST-0026] Missing route to pin _30361_/B2 in net _00044_.
[EST-0026] Missing route to pin _30296_/B2 in net _00044_.
[EST-0026] Missing route to pin _30284_/B2 in net _00044_.
[EST-0026] Missing route to pin _30233_/B2 in net _00044_.
[EST-0026] Missing route to pin _30192_/B2 in net _00044_.
[EST-0026] Missing route to pin _30169_/A2 in net _00044_.
[EST-0026] Missing route to pin _30163_/B2 in net _00044_.
[EST-0026] Missing route to pin _30147_/B2 in net _00044_.
[EST-0026] Missing route to pin _30130_/B2 in net _00044_.
[EST-0026] Missing route to pin _30106_/B2 in net _00044_.
[EST-0026] Missing route to pin _30084_/B2 in net _00044_.
[EST-0026] Missing route to pin _30054_/B2 in net _00044_.
[EST-0026] Missing route to pin _30033_/B2 in net _00044_.
[EST-0026] Missing route to pin _44230_/COUT in net _00044_.
[EST-0026] Missing route to pin _30439_/B in net _00044_.
[EST-0026] Missing route to pin _30390_/B2 in net _00044_.
[EST-0026] Missing route to pin _30361_/B2 in net _00044_.
[EST-0026] Missing route to pin _30296_/B2 in net _00044_.
[EST-0026] Missing route to pin _30284_/B2 in net _00044_.
[EST-0026] Missing route to pin _30233_/B2 in net _00044_.
[EST-0026] Missing route to pin _30192_/B2 in net _00044_.
[EST-0026] Missing route to pin _30169_/A2 in net _00044_.
[EST-0026] Missing route to pin _30163_/B2 in net _00044_.
[EST-0026] Missing route to pin _30147_/B2 in net _00044_.
[EST-0026] Missing route to pin _30130_/B2 in net _00044_.
[EST-0026] Missing route to pin _30106_/B2 in net _00044_.
[EST-0026] Missing route to pin _30084_/B2 in net _00044_.
[EST-0026] Missing route to pin _30054_/B2 in net _00044_.
[EST-0026] Missing route to pin _30033_/B2 in net _00044_.
[EST-0026] Missing route to pin _22249_/Y in net _00045_.
[EST-0026] Missing route to pin _22249_/Y in net _00045_.
[EST-0026] Missing route to pin _22249_/Y in net _00045_.
[EST-0026] Missing route to pin _22249_/Y in net _00045_.
[EST-0026] Missing route to pin _22249_/Y in net _00045_.
[EST-0026] Missing route to pin _22249_/Y in net _00045_.
[EST-0026] Missing route to pin _22249_/Y in net _00045_.
[EST-0026] Missing route to pin _22249_/Y in net _00045_.
[EST-0026] Missing route to pin _22249_/Y in net _00045_.
[EST-0026] Missing route to pin _44231_/COUT in net _00046_.
[EST-0026] Missing route to pin _31647_/B2 in net _00046_.
[EST-0026] Missing route to pin _31627_/B2 in net _00046_.
[EST-0026] Missing route to pin _31624_/A2 in net _00046_.
[EST-0026] Missing route to pin _31620_/B2 in net _00046_.
[EST-0026] Missing route to pin _31602_/B2 in net _00046_.
[EST-0026] Missing route to pin _31596_/B2 in net _00046_.
[EST-0026] Missing route to pin _31568_/B2 in net _00046_.
[EST-0026] Missing route to pin _31542_/B2 in net _00046_.
[EST-0026] Missing route to pin _31524_/B2 in net _00046_.
[EST-0026] Missing route to pin _31470_/B2 in net _00046_.
[EST-0026] Missing route to pin _31423_/B2 in net _00046_.
[EST-0026] Missing route to pin _31391_/B2 in net _00046_.
[EST-0026] Missing route to pin _31349_/B2 in net _00046_.
[EST-0026] Missing route to pin _31323_/B2 in net _00046_.
[EST-0026] Missing route to pin _31303_/B in net _00046_.
[EST-0026] Missing route to pin _44231_/COUT in net _00046_.
[EST-0026] Missing route to pin _31647_/B2 in net _00046_.
[EST-0026] Missing route to pin _31627_/B2 in net _00046_.
[EST-0026] Missing route to pin _31624_/A2 in net _00046_.
[EST-0026] Missing route to pin _31620_/B2 in net _00046_.
[EST-0026] Missing route to pin _31602_/B2 in net _00046_.
[EST-0026] Missing route to pin _31596_/B2 in net _00046_.
[EST-0026] Missing route to pin _31568_/B2 in net _00046_.
[EST-0026] Missing route to pin _31542_/B2 in net _00046_.
[EST-0026] Missing route to pin _31524_/B2 in net _00046_.
[EST-0026] Missing route to pin _31470_/B2 in net _00046_.
[EST-0026] Missing route to pin _31423_/B2 in net _00046_.
[EST-0026] Missing route to pin _31391_/B2 in net _00046_.
[EST-0026] Missing route to pin _31349_/B2 in net _00046_.
[EST-0026] Missing route to pin _31323_/B2 in net _00046_.
[EST-0026] Missing route to pin _31303_/B in net _00046_.
[EST-0026] Missing route to pin _44231_/COUT in net _00046_.
[EST-0026] Missing route to pin _31647_/B2 in net _00046_.
[EST-0026] Missing route to pin _31627_/B2 in net _00046_.
[EST-0026] Missing route to pin _31624_/A2 in net _00046_.
[EST-0026] Missing route to pin _31620_/B2 in net _00046_.
[EST-0026] Missing route to pin _31602_/B2 in net _00046_.
[EST-0026] Missing route to pin _31596_/B2 in net _00046_.
[EST-0026] Missing route to pin _31568_/B2 in net _00046_.
[EST-0026] Missing route to pin _31542_/B2 in net _00046_.
[EST-0026] Missing route to pin _31524_/B2 in net _00046_.
[EST-0026] Missing route to pin _31470_/B2 in net _00046_.
[EST-0026] Missing route to pin _31423_/B2 in net _00046_.
[EST-0026] Missing route to pin _31391_/B2 in net _00046_.
[EST-0026] Missing route to pin _31349_/B2 in net _00046_.
[EST-0026] Missing route to pin _31323_/B2 in net _00046_.
[EST-0026] Missing route to pin _31303_/B in net _00046_.
[EST-0026] Missing route to pin _44231_/COUT in net _00046_.
[EST-0026] Missing route to pin _31647_/B2 in net _00046_.
[EST-0026] Missing route to pin _31627_/B2 in net _00046_.
[EST-0026] Missing route to pin _31624_/A2 in net _00046_.
[EST-0026] Missing route to pin _31620_/B2 in net _00046_.
[EST-0026] Missing route to pin _31602_/B2 in net _00046_.
[EST-0026] Missing route to pin _31596_/B2 in net _00046_.
[EST-0026] Missing route to pin _31568_/B2 in net _00046_.
[EST-0026] Missing route to pin _31542_/B2 in net _00046_.
[EST-0026] Missing route to pin _31524_/B2 in net _00046_.
[EST-0026] Missing route to pin _31470_/B2 in net _00046_.
[EST-0026] Missing route to pin _31423_/B2 in net _00046_.
[EST-0026] Missing route to pin _31391_/B2 in net _00046_.
[EST-0026] Missing route to pin _31349_/B2 in net _00046_.
[EST-0026] Missing route to pin _31323_/B2 in net _00046_.
[EST-0026] Missing route to pin _31303_/B in net _00046_.
[EST-0026] Missing route to pin _44231_/COUT in net _00046_.
[EST-0026] Missing route to pin _31647_/B2 in net _00046_.
[EST-0026] Missing route to pin _31627_/B2 in net _00046_.
[EST-0026] Missing route to pin _31624_/A2 in net _00046_.
[EST-0026] Missing route to pin _31620_/B2 in net _00046_.
[EST-0026] Missing route to pin _31602_/B2 in net _00046_.
[EST-0026] Missing route to pin _31596_/B2 in net _00046_.
[EST-0026] Missing route to pin _31568_/B2 in net _00046_.
[EST-0026] Missing route to pin _31542_/B2 in net _00046_.
[EST-0026] Missing route to pin _31524_/B2 in net _00046_.
[EST-0026] Missing route to pin _31470_/B2 in net _00046_.
[EST-0026] Missing route to pin _31423_/B2 in net _00046_.
[EST-0026] Missing route to pin _31391_/B2 in net _00046_.
[EST-0026] Missing route to pin _31349_/B2 in net _00046_.
[EST-0026] Missing route to pin _31323_/B2 in net _00046_.
[EST-0026] Missing route to pin _31303_/B in net _00046_.
[EST-0026] Missing route to pin _44231_/COUT in net _00046_.
[EST-0026] Missing route to pin _31647_/B2 in net _00046_.
[EST-0026] Missing route to pin _31627_/B2 in net _00046_.
[EST-0026] Missing route to pin _31624_/A2 in net _00046_.
[EST-0026] Missing route to pin _31620_/B2 in net _00046_.
[EST-0026] Missing route to pin _31602_/B2 in net _00046_.
[EST-0026] Missing route to pin _31596_/B2 in net _00046_.
[EST-0026] Missing route to pin _31568_/B2 in net _00046_.
[EST-0026] Missing route to pin _31542_/B2 in net _00046_.
[EST-0026] Missing route to pin _31524_/B2 in net _00046_.
[EST-0026] Missing route to pin _31470_/B2 in net _00046_.
[EST-0026] message limit (1000) reached. This message will no longer print.
Running 'OpenROAD.STAMidPNR-3' at 'runs/RUN_2026-07-02_10-20-07/45-openroad-stamidpnr-3'…
Logging subprocess to [repr.filename]'runs/RUN_2026-07-02_10-20-07/45-openroad-stamidpnr-3/openroad-stamidpnr-3.log'[/repr.filename]…
[STA-1173] /Users/aoxo/.ciel/ciel/sky130/versions/74c0e6b118a67d94c24172143d3bd597473fa63d/sky130A/libs.ref/sky130_fd_io/lib/sky130_ef_io__vccd_lvc_clamped_pad_ss_100C_1v60_3v00_3v00.lib line 42, default_fanout_load is 0.0.
[STA-1173] /Users/aoxo/.ciel/ciel/sky130/versions/74c0e6b118a67d94c24172143d3bd597473fa63d/sky130A/libs.ref/sky130_fd_io/lib/sky130_ef_io__vssd_lvc_clamped_pad_ss_100C_1v60_3v00.lib line 43, default_fanout_load is 0.0.
[STA-1173] /Users/aoxo/.ciel/ciel/sky130/versions/74c0e6b118a67d94c24172143d3bd597473fa63d/sky130A/libs.ref/sky130_fd_io/lib/sky130_ef_io__vddio_hvc_clamped_pad_ss_100C_1v60_3v00_3v00.lib line 42, default_fanout_load is 0.0.
[STA-1173] /Users/aoxo/.ciel/ciel/sky130/versions/74c0e6b118a67d94c24172143d3bd597473fa63d/sky130A/libs.ref/sky130_fd_io/lib/sky130_ef_io__vssio_hvc_clamped_pad_ss_100C_1v60_3v00_3v00.lib line 42, default_fanout_load is 0.0.
[STA-1173] /Users/aoxo/.ciel/ciel/sky130/versions/74c0e6b118a67d94c24172143d3bd597473fa63d/sky130A/libs.ref/sky130_fd_io/lib/sky130_ef_io__gpiov2_pad_ss_ss_100C_1v60_3v00.lib line 33, default_fanout_load is 0.0.
[STA-1173] /Users/aoxo/.ciel/ciel/sky130/versions/74c0e6b118a67d94c24172143d3bd597473fa63d/sky130A/libs.ref/sky130_fd_io/lib/slices_stubs.lib line 33, default_fanout_load is 0.0.
[STA-1173] /Users/aoxo/.ciel/ciel/sky130/versions/74c0e6b118a67d94c24172143d3bd597473fa63d/sky130A/libs.ref/sky130_fd_io/lib/sky130_ef_io__analog_stubs.lib line 43, default_fanout_load is 0.0.
[ORD-2056] The following 2 liberty cell(s) do not have LEF masters and will be marked as dont-use:
[STA-0441] set_input_delay relative to a clock defined on the same port/pin not allowed.
[STA-0441] set_input_delay relative to a clock defined on the same port/pin not allowed.
Running 'OpenROAD.DetailedRouting' at 'runs/RUN_2026-07-02_10-20-07/46-openroad-detailedrouting'…
Running TritonRoute with 10 threads…
Logging subprocess to [repr.filename]'runs/RUN_2026-07-02_10-20-07/46-openroad-detailedrouting/openroad-detailedrouting.log'[/repr.filename]…
[STA-1173] /Users/aoxo/.ciel/ciel/sky130/versions/74c0e6b118a67d94c24172143d3bd597473fa63d/sky130A/libs.ref/sky130_fd_io/lib/sky130_ef_io__vccd_lvc_clamped_pad_ss_100C_1v60_3v00_3v00.lib line 42, default_fanout_load is 0.0.
[STA-1173] /Users/aoxo/.ciel/ciel/sky130/versions/74c0e6b118a67d94c24172143d3bd597473fa63d/sky130A/libs.ref/sky130_fd_io/lib/sky130_ef_io__vssd_lvc_clamped_pad_ss_100C_1v60_3v00.lib line 43, default_fanout_load is 0.0.
[STA-1173] /Users/aoxo/.ciel/ciel/sky130/versions/74c0e6b118a67d94c24172143d3bd597473fa63d/sky130A/libs.ref/sky130_fd_io/lib/sky130_ef_io__vddio_hvc_clamped_pad_ss_100C_1v60_3v00_3v00.lib line 42, default_fanout_load is 0.0.
[STA-1173] /Users/aoxo/.ciel/ciel/sky130/versions/74c0e6b118a67d94c24172143d3bd597473fa63d/sky130A/libs.ref/sky130_fd_io/lib/sky130_ef_io__vssio_hvc_clamped_pad_ss_100C_1v60_3v00_3v00.lib line 42, default_fanout_load is 0.0.
[STA-1173] /Users/aoxo/.ciel/ciel/sky130/versions/74c0e6b118a67d94c24172143d3bd597473fa63d/sky130A/libs.ref/sky130_fd_io/lib/sky130_ef_io__gpiov2_pad_ss_ss_100C_1v60_3v00.lib line 33, default_fanout_load is 0.0.
[STA-1173] /Users/aoxo/.ciel/ciel/sky130/versions/74c0e6b118a67d94c24172143d3bd597473fa63d/sky130A/libs.ref/sky130_fd_io/lib/slices_stubs.lib line 33, default_fanout_load is 0.0.
[STA-1173] /Users/aoxo/.ciel/ciel/sky130/versions/74c0e6b118a67d94c24172143d3bd597473fa63d/sky130A/libs.ref/sky130_fd_io/lib/sky130_ef_io__analog_stubs.lib line 43, default_fanout_load is 0.0.
[ORD-2056] The following 2 liberty cell(s) do not have LEF masters and will be marked as dont-use:
[STA-0441] set_input_delay relative to a clock defined on the same port/pin not allowed.
[STA-0441] set_input_delay relative to a clock defined on the same port/pin not allowed.
[DRT-0349] LEF58_ENCLOSURE with no CUTCLASS is not supported. Skipping for layer mcon
[DRT-0349] LEF58_ENCLOSURE with no CUTCLASS is not supported. Skipping for layer mcon
[DRT-0349] LEF58_ENCLOSURE with no CUTCLASS is not supported. Skipping for layer via
[DRT-0349] LEF58_ENCLOSURE with no CUTCLASS is not supported. Skipping for layer via
[DRT-0349] LEF58_ENCLOSURE with no CUTCLASS is not supported. Skipping for layer via2
[DRT-0349] LEF58_ENCLOSURE with no CUTCLASS is not supported. Skipping for layer via2
[DRT-0349] LEF58_ENCLOSURE with no CUTCLASS is not supported. Skipping for layer via3
[DRT-0349] LEF58_ENCLOSURE with no CUTCLASS is not supported. Skipping for layer via3
[DRT-0349] LEF58_ENCLOSURE with no CUTCLASS is not supported. Skipping for layer via4
[DRT-0349] LEF58_ENCLOSURE with no CUTCLASS is not supported. Skipping for layer via4
[DRT-0120] Large net net713 has 102 pins which may impact routing performance. Consider optimization.
[DRT-0120] Large net net1058 has 117 pins which may impact routing performance. Consider optimization.
[DRT-0120] Large net net1080 has 130 pins which may impact routing performance. Consider optimization.
[DRT-0120] Large net net713 has 102 pins which may impact routing performance. Consider optimization.
[DRT-0120] Large net net1058 has 117 pins which may impact routing performance. Consider optimization.
[DRT-0120] Large net net1080 has 130 pins which may impact routing performance. Consider optimization.
[DRT-0120] Large net net713 has 102 pins which may impact routing performance. Consider optimization.
[DRT-0120] Large net net1058 has 117 pins which may impact routing performance. Consider optimization.
[DRT-0120] Large net net1080 has 130 pins which may impact routing performance. Consider optimization.
Running 'Odb.RemoveRoutingObstructions' at 'runs/RUN_2026-07-02_10-20-07/47-odb-removeroutingobstructions'…
'ROUTING_OBSTRUCTIONS' is not defined. Skipping 'Odb.RemoveRoutingObstructions'…
Running 'OpenROAD.CheckAntennas-1' at 'runs/RUN_2026-07-02_10-20-07/48-openroad-checkantennas-1'…
Logging subprocess to [repr.filename]'runs/RUN_2026-07-02_10-20-07/48-openroad-checkantennas-1/openroad-checkantennas-1.log'[/repr.filename]…
[STA-1173] /Users/aoxo/.ciel/ciel/sky130/versions/74c0e6b118a67d94c24172143d3bd597473fa63d/sky130A/libs.ref/sky130_fd_io/lib/sky130_ef_io__vccd_lvc_clamped_pad_ss_100C_1v60_3v00_3v00.lib line 42, default_fanout_load is 0.0.
[STA-1173] /Users/aoxo/.ciel/ciel/sky130/versions/74c0e6b118a67d94c24172143d3bd597473fa63d/sky130A/libs.ref/sky130_fd_io/lib/sky130_ef_io__vssd_lvc_clamped_pad_ss_100C_1v60_3v00.lib line 43, default_fanout_load is 0.0.
[STA-1173] /Users/aoxo/.ciel/ciel/sky130/versions/74c0e6b118a67d94c24172143d3bd597473fa63d/sky130A/libs.ref/sky130_fd_io/lib/sky130_ef_io__vddio_hvc_clamped_pad_ss_100C_1v60_3v00_3v00.lib line 42, default_fanout_load is 0.0.
[STA-1173] /Users/aoxo/.ciel/ciel/sky130/versions/74c0e6b118a67d94c24172143d3bd597473fa63d/sky130A/libs.ref/sky130_fd_io/lib/sky130_ef_io__vssio_hvc_clamped_pad_ss_100C_1v60_3v00_3v00.lib line 42, default_fanout_load is 0.0.
[STA-1173] /Users/aoxo/.ciel/ciel/sky130/versions/74c0e6b118a67d94c24172143d3bd597473fa63d/sky130A/libs.ref/sky130_fd_io/lib/sky130_ef_io__gpiov2_pad_ss_ss_100C_1v60_3v00.lib line 33, default_fanout_load is 0.0.
[STA-1173] /Users/aoxo/.ciel/ciel/sky130/versions/74c0e6b118a67d94c24172143d3bd597473fa63d/sky130A/libs.ref/sky130_fd_io/lib/slices_stubs.lib line 33, default_fanout_load is 0.0.
[STA-1173] /Users/aoxo/.ciel/ciel/sky130/versions/74c0e6b118a67d94c24172143d3bd597473fa63d/sky130A/libs.ref/sky130_fd_io/lib/sky130_ef_io__analog_stubs.lib line 43, default_fanout_load is 0.0.
[ORD-2056] The following 2 liberty cell(s) do not have LEF masters and will be marked as dont-use:
[STA-0441] set_input_delay relative to a clock defined on the same port/pin not allowed.
[STA-0441] set_input_delay relative to a clock defined on the same port/pin not allowed.
Running 'Checker.TrDRC' at 'runs/RUN_2026-07-02_10-20-07/49-checker-trdrc'…
Check for Routing DRC errors clear.
Running 'Odb.ReportDisconnectedPins' at 'runs/RUN_2026-07-02_10-20-07/50-odb-reportdisconnectedpins'…
Logging subprocess to [repr.filename]'runs/RUN_2026-07-02_10-20-07/50-odb-reportdisconnectedpins/odb-reportdisconnectedpins.log'[/repr.filename]…
Running 'Checker.DisconnectedPins' at 'runs/RUN_2026-07-02_10-20-07/51-checker-disconnectedpins'…
Check for critical disconnected pins clear.
Running 'Odb.ReportWireLength' at 'runs/RUN_2026-07-02_10-20-07/52-odb-reportwirelength'…
Logging subprocess to [repr.filename]'runs/RUN_2026-07-02_10-20-07/52-odb-reportwirelength/odb-reportwirelength.log'[/repr.filename]…
Running 'Checker.WireLength' at 'runs/RUN_2026-07-02_10-20-07/53-checker-wirelength'…
Threshold for Threshold-surpassing long wires is not set. The checker will be skipped.
Running 'OpenROAD.FillInsertion' at 'runs/RUN_2026-07-02_10-20-07/54-openroad-fillinsertion'…
Logging subprocess to [repr.filename]'runs/RUN_2026-07-02_10-20-07/54-openroad-fillinsertion/openroad-fillinsertion.log'[/repr.filename]…
[STA-1173] /Users/aoxo/.ciel/ciel/sky130/versions/74c0e6b118a67d94c24172143d3bd597473fa63d/sky130A/libs.ref/sky130_fd_io/lib/sky130_ef_io__vccd_lvc_clamped_pad_ss_100C_1v60_3v00_3v00.lib line 42, default_fanout_load is 0.0.
[STA-1173] /Users/aoxo/.ciel/ciel/sky130/versions/74c0e6b118a67d94c24172143d3bd597473fa63d/sky130A/libs.ref/sky130_fd_io/lib/sky130_ef_io__vssd_lvc_clamped_pad_ss_100C_1v60_3v00.lib line 43, default_fanout_load is 0.0.
[STA-1173] /Users/aoxo/.ciel/ciel/sky130/versions/74c0e6b118a67d94c24172143d3bd597473fa63d/sky130A/libs.ref/sky130_fd_io/lib/sky130_ef_io__vddio_hvc_clamped_pad_ss_100C_1v60_3v00_3v00.lib line 42, default_fanout_load is 0.0.
[STA-1173] /Users/aoxo/.ciel/ciel/sky130/versions/74c0e6b118a67d94c24172143d3bd597473fa63d/sky130A/libs.ref/sky130_fd_io/lib/sky130_ef_io__vssio_hvc_clamped_pad_ss_100C_1v60_3v00_3v00.lib line 42, default_fanout_load is 0.0.
[STA-1173] /Users/aoxo/.ciel/ciel/sky130/versions/74c0e6b118a67d94c24172143d3bd597473fa63d/sky130A/libs.ref/sky130_fd_io/lib/sky130_ef_io__gpiov2_pad_ss_ss_100C_1v60_3v00.lib line 33, default_fanout_load is 0.0.
[STA-1173] /Users/aoxo/.ciel/ciel/sky130/versions/74c0e6b118a67d94c24172143d3bd597473fa63d/sky130A/libs.ref/sky130_fd_io/lib/slices_stubs.lib line 33, default_fanout_load is 0.0.
[STA-1173] /Users/aoxo/.ciel/ciel/sky130/versions/74c0e6b118a67d94c24172143d3bd597473fa63d/sky130A/libs.ref/sky130_fd_io/lib/sky130_ef_io__analog_stubs.lib line 43, default_fanout_load is 0.0.
[ORD-2056] The following 2 liberty cell(s) do not have LEF masters and will be marked as dont-use:
[STA-0441] set_input_delay relative to a clock defined on the same port/pin not allowed.
[STA-0441] set_input_delay relative to a clock defined on the same port/pin not allowed.
Running 'Odb.CellFrequencyTables' at 'runs/RUN_2026-07-02_10-20-07/55-odb-cellfrequencytables'…
Logging subprocess to [repr.filename]'runs/RUN_2026-07-02_10-20-07/55-odb-cellfrequencytables/buffer_list.txt'[/repr.filename]…
[STA-1173] /Users/aoxo/.ciel/ciel/sky130/versions/74c0e6b118a67d94c24172143d3bd597473fa63d/sky130A/libs.ref/sky130_fd_io/lib/sky130_ef_io__vccd_lvc_clamped_pad_ss_100C_1v60_3v00_3v00.lib line 42, default_fanout_load is 0.0.
[STA-1173] /Users/aoxo/.ciel/ciel/sky130/versions/74c0e6b118a67d94c24172143d3bd597473fa63d/sky130A/libs.ref/sky130_fd_io/lib/sky130_ef_io__vssd_lvc_clamped_pad_ss_100C_1v60_3v00.lib line 43, default_fanout_load is 0.0.
[STA-1173] /Users/aoxo/.ciel/ciel/sky130/versions/74c0e6b118a67d94c24172143d3bd597473fa63d/sky130A/libs.ref/sky130_fd_io/lib/sky130_ef_io__vddio_hvc_clamped_pad_ss_100C_1v60_3v00_3v00.lib line 42, default_fanout_load is 0.0.
[STA-1173] /Users/aoxo/.ciel/ciel/sky130/versions/74c0e6b118a67d94c24172143d3bd597473fa63d/sky130A/libs.ref/sky130_fd_io/lib/sky130_ef_io__vssio_hvc_clamped_pad_ss_100C_1v60_3v00_3v00.lib line 42, default_fanout_load is 0.0.
[STA-1173] /Users/aoxo/.ciel/ciel/sky130/versions/74c0e6b118a67d94c24172143d3bd597473fa63d/sky130A/libs.ref/sky130_fd_io/lib/sky130_ef_io__gpiov2_pad_ss_ss_100C_1v60_3v00.lib line 33, default_fanout_load is 0.0.
[STA-1173] /Users/aoxo/.ciel/ciel/sky130/versions/74c0e6b118a67d94c24172143d3bd597473fa63d/sky130A/libs.ref/sky130_fd_io/lib/slices_stubs.lib line 33, default_fanout_load is 0.0.
[STA-1173] /Users/aoxo/.ciel/ciel/sky130/versions/74c0e6b118a67d94c24172143d3bd597473fa63d/sky130A/libs.ref/sky130_fd_io/lib/sky130_ef_io__analog_stubs.lib line 43, default_fanout_load is 0.0.
Logging subprocess to [repr.filename]'runs/RUN_2026-07-02_10-20-07/55-odb-cellfrequencytables/odb-cellfrequencytables.log'[/repr.filename]…
Running 'OpenROAD.RCX' at 'runs/RUN_2026-07-02_10-20-07/56-openroad-rcx'…
Running RCX for corners matching nom_* (/Users/aoxo/vscode/superfloat.gpu/librelane/core/runs/RUN_2026-07-02_10-20-07/56-openroad-rcx/nom/rcx.log)…
Running RCX for corners matching min_* (/Users/aoxo/vscode/superfloat.gpu/librelane/core/runs/RUN_2026-07-02_10-20-07/56-openroad-rcx/min/rcx.log)…
Running RCX for corners matching max_* (/Users/aoxo/vscode/superfloat.gpu/librelane/core/runs/RUN_2026-07-02_10-20-07/56-openroad-rcx/max/rcx.log)…
Logging subprocess to [repr.filename]'runs/RUN_2026-07-02_10-20-07/56-openroad-rcx/nom/rcx.log'[/repr.filename]…
Logging subprocess to [repr.filename]'runs/RUN_2026-07-02_10-20-07/56-openroad-rcx/min/rcx.log'[/repr.filename]…
Logging subprocess to [repr.filename]'runs/RUN_2026-07-02_10-20-07/56-openroad-rcx/max/rcx.log'[/repr.filename]…
Finished RCX for corners matching nom_*.
Finished RCX for corners matching max_*.
Finished RCX for corners matching min_*.
Running 'OpenROAD.STAPostPNR' at 'runs/RUN_2026-07-02_10-20-07/57-openroad-stapostpnr'…
Starting STA for the nom_tt_025C_1v80 timing corner…
Starting STA for the nom_ss_100C_1v60 timing corner…
Starting STA for the nom_ff_n40C_1v95 timing corner…
Starting STA for the min_tt_025C_1v80 timing corner…
Starting STA for the min_ss_100C_1v60 timing corner…
Starting STA for the min_ff_n40C_1v95 timing corner…
Logging subprocess to [repr.filename]'runs/RUN_2026-07-02_10-20-07/57-openroad-stapostpnr/nom_ss_100C_1v60/sta.log'[/repr.filename]…
Starting STA for the max_tt_025C_1v80 timing corner…
Starting STA for the max_ss_100C_1v60 timing corner…
Logging subprocess to [repr.filename]'runs/RUN_2026-07-02_10-20-07/57-openroad-stapostpnr/nom_tt_025C_1v80/sta.log'[/repr.filename]…
Starting STA for the max_ff_n40C_1v95 timing corner…
Logging subprocess to [repr.filename]'runs/RUN_2026-07-02_10-20-07/57-openroad-stapostpnr/min_ss_100C_1v60/sta.log'[/repr.filename]…
Logging subprocess to [repr.filename]'runs/RUN_2026-07-02_10-20-07/57-openroad-stapostpnr/nom_ff_n40C_1v95/sta.log'[/repr.filename]…
Logging subprocess to [repr.filename]'runs/RUN_2026-07-02_10-20-07/57-openroad-stapostpnr/min_tt_025C_1v80/sta.log'[/repr.filename]…
Logging subprocess to [repr.filename]'runs/RUN_2026-07-02_10-20-07/57-openroad-stapostpnr/min_ff_n40C_1v95/sta.log'[/repr.filename]…
Logging subprocess to [repr.filename]'runs/RUN_2026-07-02_10-20-07/57-openroad-stapostpnr/max_tt_025C_1v80/sta.log'[/repr.filename]…
Logging subprocess to [repr.filename]'runs/RUN_2026-07-02_10-20-07/57-openroad-stapostpnr/max_ss_100C_1v60/sta.log'[/repr.filename]…
Logging subprocess to [repr.filename]'runs/RUN_2026-07-02_10-20-07/57-openroad-stapostpnr/max_ff_n40C_1v95/sta.log'[/repr.filename]…
Finished STA for the min_ss_100C_1v60 timing corner.
Logging subprocess to [repr.filename]'runs/RUN_2026-07-02_10-20-07/57-openroad-stapostpnr/min_ss_100C_1v60/filter_unannotated.log'[/repr.filename]…
Finished STA for the min_ff_n40C_1v95 timing corner.
Logging subprocess to [repr.filename]'runs/RUN_2026-07-02_10-20-07/57-openroad-stapostpnr/min_ff_n40C_1v95/filter_unannotated.log'[/repr.filename]…
Finished STA for the min_tt_025C_1v80 timing corner.
Logging subprocess to [repr.filename]'runs/RUN_2026-07-02_10-20-07/57-openroad-stapostpnr/min_tt_025C_1v80/filter_unannotated.log'[/repr.filename]…
Finished STA for the nom_ss_100C_1v60 timing corner.
Logging subprocess to [repr.filename]'runs/RUN_2026-07-02_10-20-07/57-openroad-stapostpnr/nom_ss_100C_1v60/filter_unannotated.log'[/repr.filename]…
Finished STA for the nom_tt_025C_1v80 timing corner.
Logging subprocess to [repr.filename]'runs/RUN_2026-07-02_10-20-07/57-openroad-stapostpnr/nom_tt_025C_1v80/filter_unannotated.log'[/repr.filename]…
Finished STA for the nom_ff_n40C_1v95 timing corner.
Logging subprocess to [repr.filename]'runs/RUN_2026-07-02_10-20-07/57-openroad-stapostpnr/nom_ff_n40C_1v95/filter_unannotated.log'[/repr.filename]…
Finished STA for the max_ss_100C_1v60 timing corner.
Logging subprocess to [repr.filename]'runs/RUN_2026-07-02_10-20-07/57-openroad-stapostpnr/max_ss_100C_1v60/filter_unannotated.log'[/repr.filename]…
Finished STA for the max_ff_n40C_1v95 timing corner.
Logging subprocess to [repr.filename]'runs/RUN_2026-07-02_10-20-07/57-openroad-stapostpnr/max_ff_n40C_1v95/filter_unannotated.log'[/repr.filename]…
Finished STA for the max_tt_025C_1v80 timing corner.
Logging subprocess to [repr.filename]'runs/RUN_2026-07-02_10-20-07/57-openroad-stapostpnr/max_tt_025C_1v80/filter_unannotated.log'[/repr.filename]…
Running 'OpenROAD.IRDropReport' at 'runs/RUN_2026-07-02_10-20-07/58-openroad-irdropreport'…
'VSRC_LOC_FILES' was not given a value, which may make the results of IR drop analysis inaccurate. If you are not integrating a top-level chip for manufacture, you may ignore this warning, otherwise, see the documentation for 'VSRC_LOC_FILES'.
Logging subprocess to [repr.filename]'runs/RUN_2026-07-02_10-20-07/58-openroad-irdropreport/openroad-irdropreport.log'[/repr.filename]…
[STA-1173] /Users/aoxo/.ciel/ciel/sky130/versions/74c0e6b118a67d94c24172143d3bd597473fa63d/sky130A/libs.ref/sky130_fd_io/lib/sky130_ef_io__vccd_lvc_clamped_pad_ss_100C_1v60_3v00_3v00.lib line 42, default_fanout_load is 0.0.
[STA-1173] /Users/aoxo/.ciel/ciel/sky130/versions/74c0e6b118a67d94c24172143d3bd597473fa63d/sky130A/libs.ref/sky130_fd_io/lib/sky130_ef_io__vssd_lvc_clamped_pad_ss_100C_1v60_3v00.lib line 43, default_fanout_load is 0.0.
[STA-1173] /Users/aoxo/.ciel/ciel/sky130/versions/74c0e6b118a67d94c24172143d3bd597473fa63d/sky130A/libs.ref/sky130_fd_io/lib/sky130_ef_io__vddio_hvc_clamped_pad_ss_100C_1v60_3v00_3v00.lib line 42, default_fanout_load is 0.0.
[STA-1173] /Users/aoxo/.ciel/ciel/sky130/versions/74c0e6b118a67d94c24172143d3bd597473fa63d/sky130A/libs.ref/sky130_fd_io/lib/sky130_ef_io__vssio_hvc_clamped_pad_ss_100C_1v60_3v00_3v00.lib line 42, default_fanout_load is 0.0.
[STA-1173] /Users/aoxo/.ciel/ciel/sky130/versions/74c0e6b118a67d94c24172143d3bd597473fa63d/sky130A/libs.ref/sky130_fd_io/lib/sky130_ef_io__gpiov2_pad_ss_ss_100C_1v60_3v00.lib line 33, default_fanout_load is 0.0.
[STA-1173] /Users/aoxo/.ciel/ciel/sky130/versions/74c0e6b118a67d94c24172143d3bd597473fa63d/sky130A/libs.ref/sky130_fd_io/lib/slices_stubs.lib line 33, default_fanout_load is 0.0.
[STA-1173] /Users/aoxo/.ciel/ciel/sky130/versions/74c0e6b118a67d94c24172143d3bd597473fa63d/sky130A/libs.ref/sky130_fd_io/lib/sky130_ef_io__analog_stubs.lib line 43, default_fanout_load is 0.0.
[ORD-2056] The following 2 liberty cell(s) do not have LEF masters and will be marked as dont-use:
[STA-0441] set_input_delay relative to a clock defined on the same port/pin not allowed.
[STA-0441] set_input_delay relative to a clock defined on the same port/pin not allowed.
+ analyze_power_grid -net VPWR -voltage_file /Users/aoxo/vscode/superfloat.gpu/librelane/core/runs/RUN_2026-07-02_10-20-07/58-openroad-irdropreport/net-VPWR.csv
[INFO PSM-0040] All shapes on net VPWR are connected.
########## IR report #################
Net              : VPWR
Corner           : max_ss_100C_1v60
Total power      : 1.68e-02 W
Supply voltage   : 1.60e+00 V
Worstcase voltage: 1.60e+00 V
Average voltage  : 1.60e+00 V
Average IR drop  : 1.86e-04 V
Worstcase IR drop: 1.10e-03 V
Percentage drop  : 0.07 %
######################################
+ analyze_power_grid -net VGND -voltage_file /Users/aoxo/vscode/superfloat.gpu/librelane/core/runs/RUN_2026-07-02_10-20-07/58-openroad-irdropreport/net-VGND.csv
[INFO PSM-0040] All shapes on net VGND are connected.
########## IR report #################
Net              : VGND
Corner           : max_ss_100C_1v60
Total power      : 1.68e-02 W
Supply voltage   : 0.00e+00 V
Worstcase voltage: 1.45e-03 V
Average voltage  : 1.86e-04 V
Average IR drop  : 1.86e-04 V
Worstcase IR drop: 1.45e-03 V
Percentage drop  : 0.09 %
######################################

Running 'Magic.StreamOut' at 'runs/RUN_2026-07-02_10-20-07/59-magic-streamout'…
Logging subprocess to [repr.filename]'runs/RUN_2026-07-02_10-20-07/59-magic-streamout/magic-streamout.log'[/repr.filename]…
Running 'KLayout.StreamOut' at 'runs/RUN_2026-07-02_10-20-07/60-klayout-streamout'…
Logging subprocess to [repr.filename]'runs/RUN_2026-07-02_10-20-07/60-klayout-streamout/klayout-streamout.log'[/repr.filename]…
Running 'KLayout.Render' at 'runs/RUN_2026-07-02_10-20-07/61-klayout-render'…
Logging subprocess to [repr.filename]'runs/RUN_2026-07-02_10-20-07/61-klayout-render/klayout-render.log'[/repr.filename]…
Running 'Magic.WriteLEF' at 'runs/RUN_2026-07-02_10-20-07/62-magic-writelef'…
Logging subprocess to [repr.filename]'runs/RUN_2026-07-02_10-20-07/62-magic-writelef/magic-writelef.log'[/repr.filename]…
Running 'Odb.CheckDesignAntennaProperties' at 'runs/RUN_2026-07-02_10-20-07/63-odb-checkdesignantennaproperties'…
Logging subprocess to [repr.filename]'runs/RUN_2026-07-02_10-20-07/63-odb-checkdesignantennaproperties/odb-checkdesignantennaproperties.log'[/repr.filename]…
Cell 'core' has (24) output pin(s) without antenna diffusion information. They might not be driven.
Running 'KLayout.XOR' at 'runs/RUN_2026-07-02_10-20-07/64-klayout-xor'…
Running XOR with 10 threads…
Logging subprocess to [repr.filename]'runs/RUN_2026-07-02_10-20-07/64-klayout-xor/klayout-xor.log'[/repr.filename]…
Running 'Checker.XOR' at 'runs/RUN_2026-07-02_10-20-07/65-checker-xor'…
Check for XOR differences clear.
Running 'Magic.DRC' at 'runs/RUN_2026-07-02_10-20-07/66-magic-drc'…
Logging subprocess to [repr.filename]'runs/RUN_2026-07-02_10-20-07/66-magic-drc/magic-drc.log'[/repr.filename]…
Running 'KLayout.DRC' at 'runs/RUN_2026-07-02_10-20-07/67-klayout-drc'…
Running KLayout DRC with 10 threads…
Logging subprocess to [repr.filename]'runs/RUN_2026-07-02_10-20-07/67-klayout-drc/klayout-drc.log'[/repr.filename]…
Logging subprocess to [repr.filename]'runs/RUN_2026-07-02_10-20-07/67-klayout-drc/xml_drc_report_to_json.log'[/repr.filename]…
Running 'Checker.MagicDRC' at 'runs/RUN_2026-07-02_10-20-07/68-checker-magicdrc'…
Check for Magic DRC errors clear.
Running 'Checker.KLayoutDRC' at 'runs/RUN_2026-07-02_10-20-07/69-checker-klayoutdrc'…
Check for KLayout DRC errors clear.
Running 'Magic.SpiceExtraction' at 'runs/RUN_2026-07-02_10-20-07/70-magic-spiceextraction'…
Logging subprocess to [repr.filename]'runs/RUN_2026-07-02_10-20-07/70-magic-spiceextraction/magic-spiceextraction.log'[/repr.filename]…
Running 'Checker.IllegalOverlap' at 'runs/RUN_2026-07-02_10-20-07/71-checker-illegaloverlap'…
Check for Magic Illegal Overlap errors clear.
Running 'Netgen.LVS' at 'runs/RUN_2026-07-02_10-20-07/72-netgen-lvs'…
Logging subprocess to [repr.filename]'runs/RUN_2026-07-02_10-20-07/72-netgen-lvs/netgen-lvs.log'[/repr.filename]…
Running 'Checker.LVS' at 'runs/RUN_2026-07-02_10-20-07/73-checker-lvs'…
Check for LVS errors clear.
Gating variable for step 'Yosys.EQY' set to 'False'- the step will be skipped.
Skipping step 'Equivalence Check'…
Running 'Checker.SetupViolations' at 'runs/RUN_2026-07-02_10-20-07/74-checker-setupviolations'…
No setup violations found
Running 'Checker.HoldViolations' at 'runs/RUN_2026-07-02_10-20-07/75-checker-holdviolations'…
No hold violations found
Running 'Checker.MaxSlewViolations' at 'runs/RUN_2026-07-02_10-20-07/76-checker-maxslewviolations'…
Max Slew violations found in the following corners:
* max_ss_100C_1v60
* nom_ss_100C_1v60
No max slew violations found
Running 'Checker.MaxCapViolations' at 'runs/RUN_2026-07-02_10-20-07/77-checker-maxcapviolations'…
Max Cap violations found in the following corners:
* max_ss_100C_1v60
* nom_ss_100C_1v60
No max cap violations found
Running 'Misc.ReportManufacturability' at 'runs/RUN_2026-07-02_10-20-07/78-misc-reportmanufacturability'…
Saving views to '/Users/aoxo/vscode/superfloat.gpu/librelane/core/runs/RUN_2026-07-02_10-20-07/final'…
Flow complete.
