
===========================================================================
report_checks -path_delay min (Hold)
============================================================================
======================= nom_tt_025C_1v80 Corner ===================================

Startpoint: reset (input port clocked by clk)
Endpoint: _2687_ (rising edge-triggered flip-flop clocked by clk)
Path Group: clk
Path Type: min

Fanout         Cap        Slew       Delay        Time   Description
---------------------------------------------------------------------------------------------
                                  0.000000    0.000000   clock clk (rise edge)
                                  0.000000    0.000000   clock network delay (propagated)
                                  0.020000    0.020000 ^ input external delay
     1    0.003848    0.024276    0.013962    0.033962 ^ reset (in)
                                                         reset (net)
                      0.024276    0.000000    0.033962 ^ hold406/A (sky130_fd_sc_hd__clkbuf_2)
     1    0.002469    0.027306    0.081026    0.114988 ^ hold406/X (sky130_fd_sc_hd__clkbuf_2)
                                                         net405 (net)
                      0.027306    0.000002    0.114990 ^ hold403/A (sky130_fd_sc_hd__clkbuf_2)
     1    0.002642    0.028158    0.082909    0.197899 ^ hold403/X (sky130_fd_sc_hd__clkbuf_2)
                                                         net402 (net)
                      0.028158    0.000005    0.197904 ^ hold407/A (sky130_fd_sc_hd__clkbuf_2)
     1    0.002693    0.027524    0.083449    0.281353 ^ hold407/X (sky130_fd_sc_hd__clkbuf_2)
                                                         net406 (net)
                      0.027524    0.000010    0.281362 ^ input345/A (sky130_fd_sc_hd__buf_2)
     1    0.004424    0.033721    0.090888    0.372250 ^ input345/X (sky130_fd_sc_hd__buf_2)
                                                         net345 (net)
                      0.033721    0.000045    0.372295 ^ hold408/A (sky130_fd_sc_hd__clkbuf_2)
     1    0.003622    0.031890    0.089726    0.462021 ^ hold408/X (sky130_fd_sc_hd__clkbuf_2)
                                                         net407 (net)
                      0.031890    0.000025    0.462045 ^ hold404/A (sky130_fd_sc_hd__clkbuf_2)
     2    0.012288    0.074646    0.122740    0.584785 ^ hold404/X (sky130_fd_sc_hd__clkbuf_2)
                                                         net403 (net)
                      0.074646    0.000256    0.585041 ^ hold409/A (sky130_fd_sc_hd__clkbuf_2)
     2    0.013285    0.079840    0.141808    0.726849 ^ hold409/X (sky130_fd_sc_hd__clkbuf_2)
                                                         net408 (net)
                      0.079840    0.000033    0.726882 ^ _2329_/A (sky130_fd_sc_hd__nor2_2)
     1    0.002571    0.015457    0.042208    0.769090 v _2329_/Y (sky130_fd_sc_hd__nor2_2)
                                                         _0032_ (net)
                      0.015457    0.000006    0.769097 v hold405/A (sky130_fd_sc_hd__clkbuf_2)
     1    0.001988    0.021041    0.080932    0.850029 v hold405/X (sky130_fd_sc_hd__clkbuf_2)
                                                         net404 (net)
                      0.021041    0.000003    0.850032 v _2687_/D (sky130_fd_sc_hd__dfxtp_2)
                                              0.850032   data arrival time

                                  0.000000    0.000000   clock clk (rise edge)
                                  0.000000    0.000000   clock source latency
     1    0.020577    0.098310    0.067797    0.067797 ^ clk (in)
                                                         clk (net)
                      0.098324    0.000000    0.067797 ^ clkbuf_0_clk/A (sky130_fd_sc_hd__clkbuf_16)
    16    0.089719    0.106122    0.197967    0.265764 ^ clkbuf_0_clk/X (sky130_fd_sc_hd__clkbuf_16)
                                                         clknet_0_clk (net)
                      0.106125    0.000806    0.266571 ^ clkbuf_4_8_0_clk/A (sky130_fd_sc_hd__clkbuf_8)
     6    0.019064    0.049887    0.153281    0.419852 ^ clkbuf_4_8_0_clk/X (sky130_fd_sc_hd__clkbuf_8)
                                                         clknet_4_8_0_clk (net)
                      0.049887    0.000101    0.419954 ^ _2687_/CLK (sky130_fd_sc_hd__dfxtp_2)
                                  0.200000    0.619954   clock uncertainty
                                  0.000000    0.619954   clock reconvergence pessimism
                                 -0.035138    0.584816   library hold time
                                              0.584816   data required time
---------------------------------------------------------------------------------------------
                                              0.584816   data required time
                                             -0.850032   data arrival time
---------------------------------------------------------------------------------------------
                                              0.265217   slack (MET)


Startpoint: reset (input port clocked by clk)
Endpoint: _2688_ (rising edge-triggered flip-flop clocked by clk)
Path Group: clk
Path Type: min

Fanout         Cap        Slew       Delay        Time   Description
---------------------------------------------------------------------------------------------
                                  0.000000    0.000000   clock clk (rise edge)
                                  0.000000    0.000000   clock network delay (propagated)
                                  0.020000    0.020000 ^ input external delay
     1    0.003848    0.024276    0.013962    0.033962 ^ reset (in)
                                                         reset (net)
                      0.024276    0.000000    0.033962 ^ hold406/A (sky130_fd_sc_hd__clkbuf_2)
     1    0.002469    0.027306    0.081026    0.114988 ^ hold406/X (sky130_fd_sc_hd__clkbuf_2)
                                                         net405 (net)
                      0.027306    0.000002    0.114990 ^ hold403/A (sky130_fd_sc_hd__clkbuf_2)
     1    0.002642    0.028158    0.082909    0.197899 ^ hold403/X (sky130_fd_sc_hd__clkbuf_2)
                                                         net402 (net)
                      0.028158    0.000005    0.197904 ^ hold407/A (sky130_fd_sc_hd__clkbuf_2)
     1    0.002693    0.027524    0.083449    0.281353 ^ hold407/X (sky130_fd_sc_hd__clkbuf_2)
                                                         net406 (net)
                      0.027524    0.000010    0.281362 ^ input345/A (sky130_fd_sc_hd__buf_2)
     1    0.004424    0.033721    0.090888    0.372250 ^ input345/X (sky130_fd_sc_hd__buf_2)
                                                         net345 (net)
                      0.033721    0.000045    0.372295 ^ hold408/A (sky130_fd_sc_hd__clkbuf_2)
     1    0.003622    0.031890    0.089726    0.462021 ^ hold408/X (sky130_fd_sc_hd__clkbuf_2)
                                                         net407 (net)
                      0.031890    0.000025    0.462045 ^ hold404/A (sky130_fd_sc_hd__clkbuf_2)
     2    0.012288    0.074646    0.122740    0.584785 ^ hold404/X (sky130_fd_sc_hd__clkbuf_2)
                                                         net403 (net)
                      0.074646    0.000256    0.585041 ^ hold409/A (sky130_fd_sc_hd__clkbuf_2)
     2    0.013285    0.079840    0.141808    0.726849 ^ hold409/X (sky130_fd_sc_hd__clkbuf_2)
                                                         net408 (net)
                      0.079840    0.000166    0.727015 ^ _2446_/A (sky130_fd_sc_hd__nor2_2)
     1    0.002555    0.024478    0.042165    0.769181 v _2446_/Y (sky130_fd_sc_hd__nor2_2)
                                                         _0033_ (net)
                      0.024478    0.000007    0.769188 v hold410/A (sky130_fd_sc_hd__clkbuf_2)
     1    0.001948    0.020971    0.084530    0.853718 v hold410/X (sky130_fd_sc_hd__clkbuf_2)
                                                         net409 (net)
                      0.020971    0.000003    0.853721 v _2688_/D (sky130_fd_sc_hd__dfxtp_2)
                                              0.853721   data arrival time

                                  0.000000    0.000000   clock clk (rise edge)
                                  0.000000    0.000000   clock source latency
     1    0.020577    0.098310    0.067797    0.067797 ^ clk (in)
                                                         clk (net)
                      0.098324    0.000000    0.067797 ^ clkbuf_0_clk/A (sky130_fd_sc_hd__clkbuf_16)
    16    0.089719    0.106122    0.197967    0.265764 ^ clkbuf_0_clk/X (sky130_fd_sc_hd__clkbuf_16)
                                                         clknet_0_clk (net)
                      0.106136    0.001288    0.267053 ^ clkbuf_4_14_0_clk/A (sky130_fd_sc_hd__clkbuf_8)
     6    0.017929    0.048158    0.151500    0.418553 ^ clkbuf_4_14_0_clk/X (sky130_fd_sc_hd__clkbuf_8)
                                                         clknet_4_14_0_clk (net)
                      0.048158    0.000211    0.418764 ^ _2688_/CLK (sky130_fd_sc_hd__dfxtp_2)
                                  0.200000    0.618764   clock uncertainty
                                  0.000000    0.618764   clock reconvergence pessimism
                                 -0.035494    0.583270   library hold time
                                              0.583270   data required time
---------------------------------------------------------------------------------------------
                                              0.583270   data required time
                                             -0.853721   data arrival time
---------------------------------------------------------------------------------------------
                                              0.270451   slack (MET)


Startpoint: clear_acc (input port clocked by clk)
Endpoint: _2703_ (rising edge-triggered flip-flop clocked by clk)
Path Group: clk
Path Type: min

Fanout         Cap        Slew       Delay        Time   Description
---------------------------------------------------------------------------------------------
                                  0.000000    0.000000   clock clk (rise edge)
                                  0.000000    0.000000   clock network delay (propagated)
                                  0.020000    0.020000 v input external delay
     1    0.003301    0.009795    0.005257    0.025257 v clear_acc (in)
                                                         clear_acc (net)
                      0.009795    0.000000    0.025257 v hold604/A (sky130_fd_sc_hd__clkbuf_2)
     1    0.002343    0.022258    0.080051    0.105309 v hold604/X (sky130_fd_sc_hd__clkbuf_2)
                                                         net603 (net)
                      0.022258    0.000003    0.105311 v hold599/A (sky130_fd_sc_hd__clkbuf_2)
     1    0.002397    0.022566    0.085424    0.190736 v hold599/X (sky130_fd_sc_hd__clkbuf_2)
                                                         net598 (net)
                      0.022566    0.000004    0.190740 v hold605/A (sky130_fd_sc_hd__clkbuf_2)
     1    0.001894    0.020772    0.083492    0.274232 v hold605/X (sky130_fd_sc_hd__clkbuf_2)
                                                         net604 (net)
                      0.020772    0.000003    0.274235 v input341/A (sky130_fd_sc_hd__buf_2)
     1    0.002703    0.023193    0.102868    0.377104 v input341/X (sky130_fd_sc_hd__buf_2)
                                                         net341 (net)
                      0.023193    0.000006    0.377110 v hold600/A (sky130_fd_sc_hd__clkbuf_2)
     3    0.011152    0.051505    0.115359    0.492469 v hold600/X (sky130_fd_sc_hd__clkbuf_2)
                                                         net599 (net)
                      0.051505    0.000040    0.492509 v _2330_/A2 (sky130_fd_sc_hd__o21ai_2)
     3    0.007996    0.068474    0.140953    0.633463 ^ _2330_/Y (sky130_fd_sc_hd__o21ai_2)
                                                         _0320_ (net)
                      0.068474    0.000021    0.633483 ^ _2527_/B1 (sky130_fd_sc_hd__a32o_2)
     1    0.001764    0.036108    0.109253    0.742737 ^ _2527_/X (sky130_fd_sc_hd__a32o_2)
                                                         _0502_ (net)
                      0.036108    0.000002    0.742739 ^ _2528_/B (sky130_fd_sc_hd__and2_2)
     1    0.001875    0.033276    0.120144    0.862882 ^ _2528_/X (sky130_fd_sc_hd__and2_2)
                                                         _0503_ (net)
                      0.033276    0.000001    0.862884 ^ _2703_/D (sky130_fd_sc_hd__dfxtp_2)
                                              0.862884   data arrival time

                                  0.000000    0.000000   clock clk (rise edge)
                                  0.000000    0.000000   clock source latency
     1    0.020577    0.098310    0.067797    0.067797 ^ clk (in)
                                                         clk (net)
                      0.098324    0.000000    0.067797 ^ clkbuf_0_clk/A (sky130_fd_sc_hd__clkbuf_16)
    16    0.089719    0.106122    0.197967    0.265764 ^ clkbuf_0_clk/X (sky130_fd_sc_hd__clkbuf_16)
                                                         clknet_0_clk (net)
                      0.106132    0.001166    0.266930 ^ clkbuf_4_12_0_clk/A (sky130_fd_sc_hd__clkbuf_8)
     6    0.016961    0.046640    0.150136    0.417066 ^ clkbuf_4_12_0_clk/X (sky130_fd_sc_hd__clkbuf_8)
                                                         clknet_4_12_0_clk (net)
                      0.046640    0.000008    0.417074 ^ _2703_/CLK (sky130_fd_sc_hd__dfxtp_2)
                                  0.200000    0.617074   clock uncertainty
                                  0.000000    0.617074   clock reconvergence pessimism
                                 -0.028546    0.588528   library hold time
                                              0.588528   data required time
---------------------------------------------------------------------------------------------
                                              0.588528   data required time
                                             -0.862884   data arrival time
---------------------------------------------------------------------------------------------
                                              0.274356   slack (MET)


Startpoint: _2680_ (rising edge-triggered flip-flop clocked by clk)
Endpoint: _2680_ (rising edge-triggered flip-flop clocked by clk)
Path Group: clk
Path Type: min

Fanout         Cap        Slew       Delay        Time   Description
---------------------------------------------------------------------------------------------
                                  0.000000    0.000000   clock clk (rise edge)
                                  0.000000    0.000000   clock source latency
     1    0.020577    0.098310    0.067797    0.067797 ^ clk (in)
                                                         clk (net)
                      0.098324    0.000000    0.067797 ^ clkbuf_0_clk/A (sky130_fd_sc_hd__clkbuf_16)
    16    0.089719    0.106122    0.197967    0.265764 ^ clkbuf_0_clk/X (sky130_fd_sc_hd__clkbuf_16)
                                                         clknet_0_clk (net)
                      0.106125    0.000806    0.266571 ^ clkbuf_4_8_0_clk/A (sky130_fd_sc_hd__clkbuf_8)
     6    0.019064    0.049887    0.153281    0.419852 ^ clkbuf_4_8_0_clk/X (sky130_fd_sc_hd__clkbuf_8)
                                                         clknet_4_8_0_clk (net)
                      0.049887    0.000024    0.419876 ^ _2680_/CLK (sky130_fd_sc_hd__dfxtp_2)
     3    0.014874    0.049559    0.334394    0.754271 v _2680_/Q (sky130_fd_sc_hd__dfxtp_2)
                                                         r3_prod_mant[9] (net)
                      0.049559    0.000009    0.754280 v _2160_/B (sky130_fd_sc_hd__nand2_2)
     1    0.004841    0.046087    0.065823    0.820104 ^ _2160_/Y (sky130_fd_sc_hd__nand2_2)
                                                         _0158_ (net)
                      0.046087    0.000005    0.820109 ^ _2191_/A1 (sky130_fd_sc_hd__a21oi_2)
     1    0.001931    0.025980    0.040018    0.860127 v _2191_/Y (sky130_fd_sc_hd__a21oi_2)
                                                         _0025_ (net)
                      0.025980    0.000003    0.860129 v _2680_/D (sky130_fd_sc_hd__dfxtp_2)
                                              0.860129   data arrival time

                                  0.000000    0.000000   clock clk (rise edge)
                                  0.000000    0.000000   clock source latency
     1    0.020577    0.098310    0.067797    0.067797 ^ clk (in)
                                                         clk (net)
                      0.098324    0.000000    0.067797 ^ clkbuf_0_clk/A (sky130_fd_sc_hd__clkbuf_16)
    16    0.089719    0.106122    0.197967    0.265764 ^ clkbuf_0_clk/X (sky130_fd_sc_hd__clkbuf_16)
                                                         clknet_0_clk (net)
                      0.106125    0.000806    0.266571 ^ clkbuf_4_8_0_clk/A (sky130_fd_sc_hd__clkbuf_8)
     6    0.019064    0.049887    0.153281    0.419852 ^ clkbuf_4_8_0_clk/X (sky130_fd_sc_hd__clkbuf_8)
                                                         clknet_4_8_0_clk (net)
                      0.049887    0.000024    0.419876 ^ _2680_/CLK (sky130_fd_sc_hd__dfxtp_2)
                                  0.200000    0.619876   clock uncertainty
                                  0.000000    0.619876   clock reconvergence pessimism
                                 -0.037163    0.582713   library hold time
                                              0.582713   data required time
---------------------------------------------------------------------------------------------
                                              0.582713   data required time
                                             -0.860129   data arrival time
---------------------------------------------------------------------------------------------
                                              0.277416   slack (MET)


Startpoint: _2678_ (rising edge-triggered flip-flop clocked by clk)
Endpoint: _2678_ (rising edge-triggered flip-flop clocked by clk)
Path Group: clk
Path Type: min

Fanout         Cap        Slew       Delay        Time   Description
---------------------------------------------------------------------------------------------
                                  0.000000    0.000000   clock clk (rise edge)
                                  0.000000    0.000000   clock source latency
     1    0.020577    0.098310    0.067797    0.067797 ^ clk (in)
                                                         clk (net)
                      0.098324    0.000000    0.067797 ^ clkbuf_0_clk/A (sky130_fd_sc_hd__clkbuf_16)
    16    0.089719    0.106122    0.197967    0.265764 ^ clkbuf_0_clk/X (sky130_fd_sc_hd__clkbuf_16)
                                                         clknet_0_clk (net)
                      0.106122    0.000247    0.266011 ^ clkbuf_4_11_0_clk/A (sky130_fd_sc_hd__clkbuf_8)
     6    0.023716    0.056742    0.159572    0.425583 ^ clkbuf_4_11_0_clk/X (sky130_fd_sc_hd__clkbuf_8)
                                                         clknet_4_11_0_clk (net)
                      0.056742    0.000121    0.425704 ^ _2678_/CLK (sky130_fd_sc_hd__dfxtp_2)
     3    0.014930    0.049671    0.337040    0.762744 v _2678_/Q (sky130_fd_sc_hd__dfxtp_2)
                                                         r3_prod_mant[7] (net)
                      0.049671    0.000011    0.762755 v _2081_/B (sky130_fd_sc_hd__nand2_2)
     1    0.004886    0.046305    0.066032    0.828787 ^ _2081_/Y (sky130_fd_sc_hd__nand2_2)
                                                         _1298_ (net)
                      0.046305    0.000006    0.828793 ^ _2121_/A1 (sky130_fd_sc_hd__a21oi_2)
     1    0.001911    0.025835    0.040038    0.868831 v _2121_/Y (sky130_fd_sc_hd__a21oi_2)
                                                         _0023_ (net)
                      0.025835    0.000002    0.868834 v _2678_/D (sky130_fd_sc_hd__dfxtp_2)
                                              0.868834   data arrival time

                                  0.000000    0.000000   clock clk (rise edge)
                                  0.000000    0.000000   clock source latency
     1    0.020577    0.098310    0.067797    0.067797 ^ clk (in)
                                                         clk (net)
                      0.098324    0.000000    0.067797 ^ clkbuf_0_clk/A (sky130_fd_sc_hd__clkbuf_16)
    16    0.089719    0.106122    0.197967    0.265764 ^ clkbuf_0_clk/X (sky130_fd_sc_hd__clkbuf_16)
                                                         clknet_0_clk (net)
                      0.106122    0.000247    0.266011 ^ clkbuf_4_11_0_clk/A (sky130_fd_sc_hd__clkbuf_8)
     6    0.023716    0.056742    0.159572    0.425583 ^ clkbuf_4_11_0_clk/X (sky130_fd_sc_hd__clkbuf_8)
                                                         clknet_4_11_0_clk (net)
                      0.056742    0.000121    0.425704 ^ _2678_/CLK (sky130_fd_sc_hd__dfxtp_2)
                                  0.200000    0.625704   clock uncertainty
                                  0.000000    0.625704   clock reconvergence pessimism
                                 -0.035576    0.590129   library hold time
                                              0.590129   data required time
---------------------------------------------------------------------------------------------
                                              0.590129   data required time
                                             -0.868834   data arrival time
---------------------------------------------------------------------------------------------
                                              0.278705   slack (MET)


Startpoint: a_in[0] (input port clocked by clk)
Endpoint: _2622_ (rising edge-triggered flip-flop clocked by clk)
Path Group: clk
Path Type: min

Fanout         Cap        Slew       Delay        Time   Description
---------------------------------------------------------------------------------------------
                                  0.000000    0.000000   clock clk (rise edge)
                                  0.000000    0.000000   clock network delay (propagated)
                                  0.020000    0.020000 ^ input external delay
     1    0.004791    0.028380    0.017157    0.037157 ^ a_in[0] (in)
                                                         a_in[0] (net)
                      0.028380    0.000000    0.037157 ^ hold612/A (sky130_fd_sc_hd__clkbuf_2)
     1    0.002415    0.027028    0.082242    0.119399 ^ hold612/X (sky130_fd_sc_hd__clkbuf_2)
                                                         net611 (net)
                      0.027028    0.000001    0.119400 ^ hold414/A (sky130_fd_sc_hd__clkbuf_2)
     1    0.004912    0.038139    0.092720    0.212120 ^ hold414/X (sky130_fd_sc_hd__clkbuf_2)
                                                         net413 (net)
                      0.038139    0.000051    0.212172 ^ hold613/A (sky130_fd_sc_hd__clkbuf_2)
     1    0.001887    0.024388    0.083297    0.295469 ^ hold613/X (sky130_fd_sc_hd__clkbuf_2)
                                                         net612 (net)
                      0.024388    0.000000    0.295470 ^ input309/A (sky130_fd_sc_hd__buf_2)
     1    0.003143    0.028218    0.084347    0.379817 ^ input309/X (sky130_fd_sc_hd__buf_2)
                                                         net309 (net)
                      0.028218    0.000016    0.379833 ^ hold614/A (sky130_fd_sc_hd__clkbuf_2)
     1    0.003024    0.029030    0.085002    0.464835 ^ hold614/X (sky130_fd_sc_hd__clkbuf_2)
                                                         net613 (net)
                      0.029030    0.000011    0.464846 ^ hold415/A (sky130_fd_sc_hd__clkbuf_2)
     2    0.005747    0.042206    0.096674    0.561519 ^ hold415/X (sky130_fd_sc_hd__clkbuf_2)
                                                         net414 (net)
                      0.042206    0.000005    0.561525 ^ hold615/A (sky130_fd_sc_hd__clkbuf_2)
     1    0.002817    0.029000    0.089043    0.650567 ^ hold615/X (sky130_fd_sc_hd__clkbuf_2)
                                                         net614 (net)
                      0.029000    0.000005    0.650572 ^ _2533_/A2 (sky130_fd_sc_hd__o211a_2)
     1    0.002659    0.041130    0.149482    0.800054 ^ _2533_/X (sky130_fd_sc_hd__o211a_2)
                                                         _0049_ (net)
                      0.041130    0.000005    0.800059 ^ hold416/A (sky130_fd_sc_hd__clkbuf_2)
     1    0.001892    0.024409    0.084395    0.884454 ^ hold416/X (sky130_fd_sc_hd__clkbuf_2)
                                                         net415 (net)
                      0.024409    0.000003    0.884456 ^ _2622_/D (sky130_fd_sc_hd__dfxtp_2)
                                              0.884456   data arrival time

                                  0.000000    0.000000   clock clk (rise edge)
                                  0.000000    0.000000   clock source latency
     1    0.020577    0.098310    0.067797    0.067797 ^ clk (in)
                                                         clk (net)
                      0.098324    0.000000    0.067797 ^ clkbuf_0_clk/A (sky130_fd_sc_hd__clkbuf_16)
    16    0.089719    0.106122    0.197967    0.265764 ^ clkbuf_0_clk/X (sky130_fd_sc_hd__clkbuf_16)
                                                         clknet_0_clk (net)
                      0.106122    0.000247    0.266011 ^ clkbuf_4_11_0_clk/A (sky130_fd_sc_hd__clkbuf_8)
     6    0.023716    0.056742    0.159572    0.425583 ^ clkbuf_4_11_0_clk/X (sky130_fd_sc_hd__clkbuf_8)
                                                         clknet_4_11_0_clk (net)
                      0.056742    0.000229    0.425812 ^ _2622_/CLK (sky130_fd_sc_hd__dfxtp_2)
                                  0.200000    0.625812   clock uncertainty
                                  0.000000    0.625812   clock reconvergence pessimism
                                 -0.025385    0.600427   library hold time
                                              0.600427   data required time
---------------------------------------------------------------------------------------------
                                              0.600427   data required time
                                             -0.884456   data arrival time
---------------------------------------------------------------------------------------------
                                              0.284029   slack (MET)


Startpoint: b_in[0] (input port clocked by clk)
Endpoint: _2638_ (rising edge-triggered flip-flop clocked by clk)
Path Group: clk
Path Type: min

Fanout         Cap        Slew       Delay        Time   Description
---------------------------------------------------------------------------------------------
                                  0.000000    0.000000   clock clk (rise edge)
                                  0.000000    0.000000   clock network delay (propagated)
                                  0.020000    0.020000 ^ input external delay
     1    0.003493    0.022736    0.012723    0.032723 ^ b_in[0] (in)
                                                         b_in[0] (net)
                      0.022736    0.000000    0.032723 ^ hold516/A (sky130_fd_sc_hd__clkbuf_2)
     1    0.002540    0.027660    0.080809    0.113533 ^ hold516/X (sky130_fd_sc_hd__clkbuf_2)
                                                         net515 (net)
                      0.027660    0.000004    0.113536 ^ hold444/A (sky130_fd_sc_hd__clkbuf_2)
     1    0.003116    0.029459    0.085228    0.198764 ^ hold444/X (sky130_fd_sc_hd__clkbuf_2)
                                                         net443 (net)
                      0.029459    0.000015    0.198780 ^ hold517/A (sky130_fd_sc_hd__clkbuf_2)
     1    0.001887    0.024400    0.080182    0.278962 ^ hold517/X (sky130_fd_sc_hd__clkbuf_2)
                                                         net516 (net)
                      0.024400    0.000000    0.278963 ^ input325/A (sky130_fd_sc_hd__buf_2)
     1    0.003266    0.028721    0.084877    0.363840 ^ input325/X (sky130_fd_sc_hd__buf_2)
                                                         net325 (net)
                      0.028721    0.000012    0.363852 ^ hold518/A (sky130_fd_sc_hd__clkbuf_2)
     1    0.003362    0.030643    0.086747    0.450599 ^ hold518/X (sky130_fd_sc_hd__clkbuf_2)
                                                         net517 (net)
                      0.030643    0.000017    0.450617 ^ hold445/A (sky130_fd_sc_hd__clkbuf_2)
     2    0.005290    0.039970    0.095476    0.546093 ^ hold445/X (sky130_fd_sc_hd__clkbuf_2)
                                                         net444 (net)
                      0.039970    0.000016    0.546109 ^ hold519/A (sky130_fd_sc_hd__clkbuf_2)
     2    0.006054    0.045294    0.101742    0.647852 ^ hold519/X (sky130_fd_sc_hd__clkbuf_2)
                                                         net518 (net)
                      0.045294    0.000011    0.647863 ^ _2574_/A2 (sky130_fd_sc_hd__o211a_2)
     1    0.002460    0.039977    0.152963    0.800826 ^ _2574_/X (sky130_fd_sc_hd__o211a_2)
                                                         _0065_ (net)
                      0.039977    0.000002    0.800828 ^ hold446/A (sky130_fd_sc_hd__clkbuf_2)
     1    0.001904    0.024469    0.084035    0.884862 ^ hold446/X (sky130_fd_sc_hd__clkbuf_2)
                                                         net445 (net)
                      0.024469    0.000003    0.884865 ^ _2638_/D (sky130_fd_sc_hd__dfxtp_2)
                                              0.884865   data arrival time

                                  0.000000    0.000000   clock clk (rise edge)
                                  0.000000    0.000000   clock source latency
     1    0.020577    0.098310    0.067797    0.067797 ^ clk (in)
                                                         clk (net)
                      0.098324    0.000000    0.067797 ^ clkbuf_0_clk/A (sky130_fd_sc_hd__clkbuf_16)
    16    0.089719    0.106122    0.197967    0.265764 ^ clkbuf_0_clk/X (sky130_fd_sc_hd__clkbuf_16)
                                                         clknet_0_clk (net)
                      0.106122    0.000247    0.266011 ^ clkbuf_4_11_0_clk/A (sky130_fd_sc_hd__clkbuf_8)
     6    0.023716    0.056742    0.159572    0.425583 ^ clkbuf_4_11_0_clk/X (sky130_fd_sc_hd__clkbuf_8)
                                                         clknet_4_11_0_clk (net)
                      0.056742    0.000236    0.425819 ^ _2638_/CLK (sky130_fd_sc_hd__dfxtp_2)
                                  0.200000    0.625819   clock uncertainty
                                  0.000000    0.625819   clock reconvergence pessimism
                                 -0.025397    0.600422   library hold time
                                              0.600422   data required time
---------------------------------------------------------------------------------------------
                                              0.600422   data required time
                                             -0.884865   data arrival time
---------------------------------------------------------------------------------------------
                                              0.284444   slack (MET)


Startpoint: _2683_ (rising edge-triggered flip-flop clocked by clk)
Endpoint: _2683_ (rising edge-triggered flip-flop clocked by clk)
Path Group: clk
Path Type: min

Fanout         Cap        Slew       Delay        Time   Description
---------------------------------------------------------------------------------------------
                                  0.000000    0.000000   clock clk (rise edge)
                                  0.000000    0.000000   clock source latency
     1    0.020577    0.098310    0.067797    0.067797 ^ clk (in)
                                                         clk (net)
                      0.098324    0.000000    0.067797 ^ clkbuf_0_clk/A (sky130_fd_sc_hd__clkbuf_16)
    16    0.089719    0.106122    0.197967    0.265764 ^ clkbuf_0_clk/X (sky130_fd_sc_hd__clkbuf_16)
                                                         clknet_0_clk (net)
                      0.106124    0.000762    0.266527 ^ clkbuf_4_9_0_clk/A (sky130_fd_sc_hd__clkbuf_8)
     6    0.017954    0.048197    0.151533    0.418059 ^ clkbuf_4_9_0_clk/X (sky130_fd_sc_hd__clkbuf_8)
                                                         clknet_4_9_0_clk (net)
                      0.048198    0.000265    0.418324 ^ _2683_/CLK (sky130_fd_sc_hd__dfxtp_2)
     3    0.014575    0.047338    0.333187    0.751511 v _2683_/Q (sky130_fd_sc_hd__dfxtp_2)
                                                         r3_prod_mant[12] (net)
                      0.047338    0.000031    0.751542 v _2259_/B (sky130_fd_sc_hd__nand2_2)
     1    0.009622    0.066981    0.081902    0.833445 ^ _2259_/Y (sky130_fd_sc_hd__nand2_2)
                                                         _0254_ (net)
                      0.066981    0.000037    0.833481 ^ _2287_/A1 (sky130_fd_sc_hd__a21oi_4)
     1    0.001964    0.026718    0.044848    0.878329 v _2287_/Y (sky130_fd_sc_hd__a21oi_4)
                                                         _0028_ (net)
                      0.026718    0.000003    0.878332 v _2683_/D (sky130_fd_sc_hd__dfxtp_2)
                                              0.878332   data arrival time

                                  0.000000    0.000000   clock clk (rise edge)
                                  0.000000    0.000000   clock source latency
     1    0.020577    0.098310    0.067797    0.067797 ^ clk (in)
                                                         clk (net)
                      0.098324    0.000000    0.067797 ^ clkbuf_0_clk/A (sky130_fd_sc_hd__clkbuf_16)
    16    0.089719    0.106122    0.197967    0.265764 ^ clkbuf_0_clk/X (sky130_fd_sc_hd__clkbuf_16)
                                                         clknet_0_clk (net)
                      0.106124    0.000762    0.266527 ^ clkbuf_4_9_0_clk/A (sky130_fd_sc_hd__clkbuf_8)
     6    0.017954    0.048197    0.151533    0.418059 ^ clkbuf_4_9_0_clk/X (sky130_fd_sc_hd__clkbuf_8)
                                                         clknet_4_9_0_clk (net)
                      0.048198    0.000265    0.418324 ^ _2683_/CLK (sky130_fd_sc_hd__dfxtp_2)
                                  0.200000    0.618324   clock uncertainty
                                  0.000000    0.618324   clock reconvergence pessimism
                                 -0.037842    0.580483   library hold time
                                              0.580483   data required time
---------------------------------------------------------------------------------------------
                                              0.580483   data required time
                                             -0.878332   data arrival time
---------------------------------------------------------------------------------------------
                                              0.297850   slack (MET)


Startpoint: a_in[12] (input port clocked by clk)
Endpoint: _2634_ (rising edge-triggered flip-flop clocked by clk)
Path Group: clk
Path Type: min

Fanout         Cap        Slew       Delay        Time   Description
---------------------------------------------------------------------------------------------
                                  0.000000    0.000000   clock clk (rise edge)
                                  0.000000    0.000000   clock network delay (propagated)
                                  0.020000    0.020000 ^ input external delay
     1    0.006877    0.037545    0.023942    0.043942 ^ a_in[12] (in)
                                                         a_in[12] (net)
                      0.037546    0.000000    0.043942 ^ hold628/A (sky130_fd_sc_hd__clkbuf_2)
     1    0.002415    0.027012    0.085522    0.129464 ^ hold628/X (sky130_fd_sc_hd__clkbuf_2)
                                                         net627 (net)
                      0.027012    0.000001    0.129465 ^ hold423/A (sky130_fd_sc_hd__clkbuf_2)
     1    0.002865    0.028307    0.083838    0.213303 ^ hold423/X (sky130_fd_sc_hd__clkbuf_2)
                                                         net422 (net)
                      0.028307    0.000009    0.213312 ^ hold629/A (sky130_fd_sc_hd__clkbuf_2)
     1    0.002251    0.026211    0.081454    0.294766 ^ hold629/X (sky130_fd_sc_hd__clkbuf_2)
                                                         net628 (net)
                      0.026211    0.000006    0.294772 ^ input312/A (sky130_fd_sc_hd__buf_2)
     1    0.003279    0.028771    0.085611    0.380383 ^ input312/X (sky130_fd_sc_hd__buf_2)
                                                         net312 (net)
                      0.028771    0.000014    0.380397 ^ hold630/A (sky130_fd_sc_hd__clkbuf_2)
     1    0.003506    0.031342    0.087435    0.467832 ^ hold630/X (sky130_fd_sc_hd__clkbuf_2)
                                                         net629 (net)
                      0.031342    0.000018    0.467850 ^ hold424/A (sky130_fd_sc_hd__clkbuf_2)
     2    0.005734    0.042135    0.097427    0.565277 ^ hold424/X (sky130_fd_sc_hd__clkbuf_2)
                                                         net423 (net)
                      0.042135    0.000044    0.565321 ^ hold631/A (sky130_fd_sc_hd__clkbuf_2)
     1    0.002941    0.029616    0.089588    0.654909 ^ hold631/X (sky130_fd_sc_hd__clkbuf_2)
                                                         net630 (net)
                      0.029616    0.000007    0.654916 ^ _2560_/A2 (sky130_fd_sc_hd__o211a_2)
     1    0.002659    0.041129    0.149660    0.804575 ^ _2560_/X (sky130_fd_sc_hd__o211a_2)
                                                         _0061_ (net)
                      0.041129    0.000005    0.804580 ^ hold425/A (sky130_fd_sc_hd__clkbuf_2)
     1    0.001892    0.024409    0.084394    0.888975 ^ hold425/X (sky130_fd_sc_hd__clkbuf_2)
                                                         net424 (net)
                      0.024409    0.000003    0.888977 ^ _2634_/D (sky130_fd_sc_hd__dfxtp_2)
                                              0.888977   data arrival time

                                  0.000000    0.000000   clock clk (rise edge)
                                  0.000000    0.000000   clock source latency
     1    0.020577    0.098310    0.067797    0.067797 ^ clk (in)
                                                         clk (net)
                      0.098324    0.000000    0.067797 ^ clkbuf_0_clk/A (sky130_fd_sc_hd__clkbuf_16)
    16    0.089719    0.106122    0.197967    0.265764 ^ clkbuf_0_clk/X (sky130_fd_sc_hd__clkbuf_16)
                                                         clknet_0_clk (net)
                      0.106164    0.002007    0.267772 ^ clkbuf_4_5_0_clk/A (sky130_fd_sc_hd__clkbuf_8)
     6    0.015837    0.044942    0.148448    0.416220 ^ clkbuf_4_5_0_clk/X (sky130_fd_sc_hd__clkbuf_8)
                                                         clknet_4_5_0_clk (net)
                      0.044942    0.000061    0.416280 ^ _2634_/CLK (sky130_fd_sc_hd__dfxtp_2)
                                  0.200000    0.616280   clock uncertainty
                                  0.000000    0.616280   clock reconvergence pessimism
                                 -0.026932    0.589348   library hold time
                                              0.589348   data required time
---------------------------------------------------------------------------------------------
                                              0.589348   data required time
                                             -0.888977   data arrival time
---------------------------------------------------------------------------------------------
                                              0.299629   slack (MET)


Startpoint: _2682_ (rising edge-triggered flip-flop clocked by clk)
Endpoint: _2682_ (rising edge-triggered flip-flop clocked by clk)
Path Group: clk
Path Type: min

Fanout         Cap        Slew       Delay        Time   Description
---------------------------------------------------------------------------------------------
                                  0.000000    0.000000   clock clk (rise edge)
                                  0.000000    0.000000   clock source latency
     1    0.020577    0.098310    0.067797    0.067797 ^ clk (in)
                                                         clk (net)
                      0.098324    0.000000    0.067797 ^ clkbuf_0_clk/A (sky130_fd_sc_hd__clkbuf_16)
    16    0.089719    0.106122    0.197967    0.265764 ^ clkbuf_0_clk/X (sky130_fd_sc_hd__clkbuf_16)
                                                         clknet_0_clk (net)
                      0.106124    0.000762    0.266527 ^ clkbuf_4_9_0_clk/A (sky130_fd_sc_hd__clkbuf_8)
     6    0.017954    0.048197    0.151533    0.418059 ^ clkbuf_4_9_0_clk/X (sky130_fd_sc_hd__clkbuf_8)
                                                         clknet_4_9_0_clk (net)
                      0.048197    0.000202    0.418261 ^ _2682_/CLK (sky130_fd_sc_hd__dfxtp_2)
     4    0.017839    0.054019    0.339366    0.757627 v _2682_/Q (sky130_fd_sc_hd__dfxtp_2)
                                                         r3_prod_mant[11] (net)
                      0.054019    0.000006    0.757634 v _2231_/B (sky130_fd_sc_hd__nand2_2)
     1    0.009506    0.066507    0.084444    0.842078 ^ _2231_/Y (sky130_fd_sc_hd__nand2_2)
                                                         _0227_ (net)
                      0.066507    0.000033    0.842111 ^ _2258_/A1 (sky130_fd_sc_hd__a21oi_4)
     1    0.001992    0.026764    0.044791    0.886902 v _2258_/Y (sky130_fd_sc_hd__a21oi_4)
                                                         _0027_ (net)
                      0.026764    0.000004    0.886905 v _2682_/D (sky130_fd_sc_hd__dfxtp_2)
                                              0.886905   data arrival time

                                  0.000000    0.000000   clock clk (rise edge)
                                  0.000000    0.000000   clock source latency
     1    0.020577    0.098310    0.067797    0.067797 ^ clk (in)
                                                         clk (net)
                      0.098324    0.000000    0.067797 ^ clkbuf_0_clk/A (sky130_fd_sc_hd__clkbuf_16)
    16    0.089719    0.106122    0.197967    0.265764 ^ clkbuf_0_clk/X (sky130_fd_sc_hd__clkbuf_16)
                                                         clknet_0_clk (net)
                      0.106124    0.000762    0.266527 ^ clkbuf_4_9_0_clk/A (sky130_fd_sc_hd__clkbuf_8)
     6    0.017954    0.048197    0.151533    0.418059 ^ clkbuf_4_9_0_clk/X (sky130_fd_sc_hd__clkbuf_8)
                                                         clknet_4_9_0_clk (net)
                      0.048197    0.000202    0.418261 ^ _2682_/CLK (sky130_fd_sc_hd__dfxtp_2)
                                  0.200000    0.618261   clock uncertainty
                                  0.000000    0.618261   clock reconvergence pessimism
                                 -0.037861    0.580400   library hold time
                                              0.580400   data required time
---------------------------------------------------------------------------------------------
                                              0.580400   data required time
                                             -0.886905   data arrival time
---------------------------------------------------------------------------------------------
                                              0.306505   slack (MET)


Startpoint: a_in[9] (input port clocked by clk)
Endpoint: _2631_ (rising edge-triggered flip-flop clocked by clk)
Path Group: clk
Path Type: min

Fanout         Cap        Slew       Delay        Time   Description
---------------------------------------------------------------------------------------------
                                  0.000000    0.000000   clock clk (rise edge)
                                  0.000000    0.000000   clock network delay (propagated)
                                  0.020000    0.020000 ^ input external delay
     1    0.006128    0.034241    0.021507    0.041507 ^ a_in[9] (in)
                                                         a_in[9] (net)
                      0.034241    0.000000    0.041507 ^ hold660/A (sky130_fd_sc_hd__clkbuf_2)
     1    0.003345    0.030550    0.088635    0.130142 ^ hold660/X (sky130_fd_sc_hd__clkbuf_2)
                                                         net659 (net)
                      0.030550    0.000019    0.130160 ^ hold471/A (sky130_fd_sc_hd__clkbuf_2)
     1    0.003880    0.033162    0.089797    0.219958 ^ hold471/X (sky130_fd_sc_hd__clkbuf_2)
                                                         net470 (net)
                      0.033162    0.000020    0.219978 ^ hold661/A (sky130_fd_sc_hd__clkbuf_2)
     1    0.002319    0.026540    0.083507    0.303485 ^ hold661/X (sky130_fd_sc_hd__clkbuf_2)
                                                         net660 (net)
                      0.026540    0.000007    0.303492 ^ input324/A (sky130_fd_sc_hd__buf_2)
     1    0.002788    0.026787    0.083638    0.387130 ^ input324/X (sky130_fd_sc_hd__buf_2)
                                                         net324 (net)
                      0.026787    0.000008    0.387138 ^ hold662/A (sky130_fd_sc_hd__clkbuf_2)
     1    0.002746    0.028678    0.083207    0.470345 ^ hold662/X (sky130_fd_sc_hd__clkbuf_2)
                                                         net661 (net)
                      0.028678    0.000006    0.470351 ^ hold472/A (sky130_fd_sc_hd__clkbuf_2)
     2    0.005701    0.041982    0.096371    0.566722 ^ hold472/X (sky130_fd_sc_hd__clkbuf_2)
                                                         net471 (net)
                      0.041982    0.000010    0.566732 ^ hold663/A (sky130_fd_sc_hd__clkbuf_2)
     1    0.002896    0.029394    0.089328    0.656059 ^ hold663/X (sky130_fd_sc_hd__clkbuf_2)
                                                         net662 (net)
                      0.029394    0.000006    0.656065 ^ _2554_/A2 (sky130_fd_sc_hd__o211a_2)
     1    0.003161    0.042605    0.152692    0.808757 ^ _2554_/X (sky130_fd_sc_hd__o211a_2)
                                                         _0058_ (net)
                      0.042605    0.000011    0.808769 ^ hold473/A (sky130_fd_sc_hd__clkbuf_2)
     1    0.002139    0.025634    0.086062    0.894831 ^ hold473/X (sky130_fd_sc_hd__clkbuf_2)
                                                         net472 (net)
                      0.025634    0.000005    0.894836 ^ _2631_/D (sky130_fd_sc_hd__dfxtp_2)
                                              0.894836   data arrival time

                                  0.000000    0.000000   clock clk (rise edge)
                                  0.000000    0.000000   clock source latency
     1    0.020577    0.098310    0.067797    0.067797 ^ clk (in)
                                                         clk (net)
                      0.098324    0.000000    0.067797 ^ clkbuf_0_clk/A (sky130_fd_sc_hd__clkbuf_16)
    16    0.089719    0.106122    0.197967    0.265764 ^ clkbuf_0_clk/X (sky130_fd_sc_hd__clkbuf_16)
                                                         clknet_0_clk (net)
                      0.106163    0.001979    0.267744 ^ clkbuf_4_7_0_clk/A (sky130_fd_sc_hd__clkbuf_8)
     6    0.015051    0.043763    0.147276    0.415020 ^ clkbuf_4_7_0_clk/X (sky130_fd_sc_hd__clkbuf_8)
                                                         clknet_4_7_0_clk (net)
                      0.043763    0.000008    0.415028 ^ _2631_/CLK (sky130_fd_sc_hd__dfxtp_2)
                                  0.200000    0.615028   clock uncertainty
                                  0.000000    0.615028   clock reconvergence pessimism
                                 -0.027341    0.587687   library hold time
                                              0.587687   data required time
---------------------------------------------------------------------------------------------
                                              0.587687   data required time
                                             -0.894836   data arrival time
---------------------------------------------------------------------------------------------
                                              0.307149   slack (MET)


Startpoint: b_in[0] (input port clocked by clk)
Endpoint: _2655_ (rising edge-triggered flip-flop clocked by clk)
Path Group: clk
Path Type: min

Fanout         Cap        Slew       Delay        Time   Description
---------------------------------------------------------------------------------------------
                                  0.000000    0.000000   clock clk (rise edge)
                                  0.000000    0.000000   clock network delay (propagated)
                                  0.020000    0.020000 ^ input external delay
     1    0.003493    0.022736    0.012723    0.032723 ^ b_in[0] (in)
                                                         b_in[0] (net)
                      0.022736    0.000000    0.032723 ^ hold516/A (sky130_fd_sc_hd__clkbuf_2)
     1    0.002540    0.027660    0.080809    0.113533 ^ hold516/X (sky130_fd_sc_hd__clkbuf_2)
                                                         net515 (net)
                      0.027660    0.000004    0.113536 ^ hold444/A (sky130_fd_sc_hd__clkbuf_2)
     1    0.003116    0.029459    0.085228    0.198764 ^ hold444/X (sky130_fd_sc_hd__clkbuf_2)
                                                         net443 (net)
                      0.029459    0.000015    0.198780 ^ hold517/A (sky130_fd_sc_hd__clkbuf_2)
     1    0.001887    0.024400    0.080182    0.278962 ^ hold517/X (sky130_fd_sc_hd__clkbuf_2)
                                                         net516 (net)
                      0.024400    0.000000    0.278963 ^ input325/A (sky130_fd_sc_hd__buf_2)
     1    0.003266    0.028721    0.084877    0.363840 ^ input325/X (sky130_fd_sc_hd__buf_2)
                                                         net325 (net)
                      0.028721    0.000012    0.363852 ^ hold518/A (sky130_fd_sc_hd__clkbuf_2)
     1    0.003362    0.030643    0.086747    0.450599 ^ hold518/X (sky130_fd_sc_hd__clkbuf_2)
                                                         net517 (net)
                      0.030643    0.000017    0.450617 ^ hold445/A (sky130_fd_sc_hd__clkbuf_2)
     2    0.005290    0.039970    0.095476    0.546093 ^ hold445/X (sky130_fd_sc_hd__clkbuf_2)
                                                         net444 (net)
                      0.039970    0.000016    0.546109 ^ hold519/A (sky130_fd_sc_hd__clkbuf_2)
     2    0.006054    0.045294    0.101742    0.647852 ^ hold519/X (sky130_fd_sc_hd__clkbuf_2)
                                                         net518 (net)
                      0.045294    0.000012    0.647863 ^ _2613_/A1 (sky130_fd_sc_hd__o211a_2)
     1    0.002825    0.042503    0.166167    0.814030 ^ _2613_/X (sky130_fd_sc_hd__o211a_2)
                                                         _0082_ (net)
                      0.042503    0.000008    0.814039 ^ hold520/A (sky130_fd_sc_hd__clkbuf_2)
     1    0.001902    0.024455    0.084931    0.898970 ^ hold520/X (sky130_fd_sc_hd__clkbuf_2)
                                                         net519 (net)
                      0.024455    0.000003    0.898972 ^ _2655_/D (sky130_fd_sc_hd__dfxtp_2)
                                              0.898972   data arrival time

                                  0.000000    0.000000   clock clk (rise edge)
                                  0.000000    0.000000   clock source latency
     1    0.020577    0.098310    0.067797    0.067797 ^ clk (in)
                                                         clk (net)
                      0.098324    0.000000    0.067797 ^ clkbuf_0_clk/A (sky130_fd_sc_hd__clkbuf_16)
    16    0.089719    0.106122    0.197967    0.265764 ^ clkbuf_0_clk/X (sky130_fd_sc_hd__clkbuf_16)
                                                         clknet_0_clk (net)
                      0.106142    0.001480    0.267244 ^ clkbuf_4_2_0_clk/A (sky130_fd_sc_hd__clkbuf_8)
     6    0.016579    0.046067    0.149538    0.416782 ^ clkbuf_4_2_0_clk/X (sky130_fd_sc_hd__clkbuf_8)
                                                         clknet_4_2_0_clk (net)
                      0.046067    0.000155    0.416937 ^ _2655_/CLK (sky130_fd_sc_hd__dfxtp_2)
                                  0.200000    0.616937   clock uncertainty
                                  0.000000    0.616937   clock reconvergence pessimism
                                 -0.026794    0.590143   library hold time
                                              0.590143   data required time
---------------------------------------------------------------------------------------------
                                              0.590143   data required time
                                             -0.898972   data arrival time
---------------------------------------------------------------------------------------------
                                              0.308830   slack (MET)


Startpoint: a_in[13] (input port clocked by clk)
Endpoint: _2635_ (rising edge-triggered flip-flop clocked by clk)
Path Group: clk
Path Type: min

Fanout         Cap        Slew       Delay        Time   Description
---------------------------------------------------------------------------------------------
                                  0.000000    0.000000   clock clk (rise edge)
                                  0.000000    0.000000   clock network delay (propagated)
                                  0.020000    0.020000 ^ input external delay
     1    0.006516    0.035949    0.022762    0.042762 ^ a_in[13] (in)
                                                         a_in[13] (net)
                      0.035949    0.000000    0.042762 ^ hold636/A (sky130_fd_sc_hd__clkbuf_2)
     1    0.003467    0.031134    0.089804    0.132566 ^ hold636/X (sky130_fd_sc_hd__clkbuf_2)
                                                         net635 (net)
                      0.031134    0.000017    0.132584 ^ hold420/A (sky130_fd_sc_hd__clkbuf_2)
     1    0.002746    0.028672    0.084763    0.217346 ^ hold420/X (sky130_fd_sc_hd__clkbuf_2)
                                                         net419 (net)
                      0.028672    0.000007    0.217353 ^ hold637/A (sky130_fd_sc_hd__clkbuf_2)
     1    0.004351    0.035449    0.091138    0.308491 ^ hold637/X (sky130_fd_sc_hd__clkbuf_2)
                                                         net636 (net)
                      0.035449    0.000044    0.308535 ^ input313/A (sky130_fd_sc_hd__buf_2)
     1    0.004695    0.034830    0.094813    0.403348 ^ input313/X (sky130_fd_sc_hd__buf_2)
                                                         net313 (net)
                      0.034830    0.000043    0.403391 ^ hold638/A (sky130_fd_sc_hd__clkbuf_2)
     1    0.003129    0.029506    0.087845    0.491236 ^ hold638/X (sky130_fd_sc_hd__clkbuf_2)
                                                         net637 (net)
                      0.029506    0.000011    0.491247 ^ hold421/A (sky130_fd_sc_hd__clkbuf_2)
     2    0.005176    0.040864    0.094638    0.585885 ^ hold421/X (sky130_fd_sc_hd__clkbuf_2)
                                                         net420 (net)
                      0.040864    0.000011    0.585896 ^ hold639/A (sky130_fd_sc_hd__clkbuf_2)
     1    0.002698    0.028413    0.088016    0.673911 ^ hold639/X (sky130_fd_sc_hd__clkbuf_2)
                                                         net638 (net)
                      0.028413    0.000004    0.673915 ^ _2562_/A2 (sky130_fd_sc_hd__o211a_2)
     1    0.002475    0.040096    0.148175    0.822090 ^ _2562_/X (sky130_fd_sc_hd__o211a_2)
                                                         _0062_ (net)
                      0.040096    0.000002    0.822092 ^ hold422/A (sky130_fd_sc_hd__clkbuf_2)
     1    0.002089    0.025388    0.084931    0.907023 ^ hold422/X (sky130_fd_sc_hd__clkbuf_2)
                                                         net421 (net)
                      0.025388    0.000004    0.907027 ^ _2635_/D (sky130_fd_sc_hd__dfxtp_2)
                                              0.907027   data arrival time

                                  0.000000    0.000000   clock clk (rise edge)
                                  0.000000    0.000000   clock source latency
     1    0.020577    0.098310    0.067797    0.067797 ^ clk (in)
                                                         clk (net)
                      0.098324    0.000000    0.067797 ^ clkbuf_0_clk/A (sky130_fd_sc_hd__clkbuf_16)
    16    0.089719    0.106122    0.197967    0.265764 ^ clkbuf_0_clk/X (sky130_fd_sc_hd__clkbuf_16)
                                                         clknet_0_clk (net)
                      0.106162    0.001958    0.267722 ^ clkbuf_4_4_0_clk/A (sky130_fd_sc_hd__clkbuf_8)
     6    0.018692    0.049319    0.152714    0.420436 ^ clkbuf_4_4_0_clk/X (sky130_fd_sc_hd__clkbuf_8)
                                                         clknet_4_4_0_clk (net)
                      0.049319    0.000090    0.420527 ^ _2635_/CLK (sky130_fd_sc_hd__dfxtp_2)
                                  0.200000    0.620527   clock uncertainty
                                  0.000000    0.620527   clock reconvergence pessimism
                                 -0.026561    0.593965   library hold time
                                              0.593965   data required time
---------------------------------------------------------------------------------------------
                                              0.593965   data required time
                                             -0.907027   data arrival time
---------------------------------------------------------------------------------------------
                                              0.313062   slack (MET)


Startpoint: clear_acc (input port clocked by clk)
Endpoint: _2672_ (rising edge-triggered flip-flop clocked by clk)
Path Group: clk
Path Type: min

Fanout         Cap        Slew       Delay        Time   Description
---------------------------------------------------------------------------------------------
                                  0.000000    0.000000   clock clk (rise edge)
                                  0.000000    0.000000   clock network delay (propagated)
                                  0.020000    0.020000 ^ input external delay
     1    0.003531    0.022898    0.012852    0.032852 ^ clear_acc (in)
                                                         clear_acc (net)
                      0.022898    0.000000    0.032852 ^ hold604/A (sky130_fd_sc_hd__clkbuf_2)
     1    0.002573    0.027827    0.081020    0.113873 ^ hold604/X (sky130_fd_sc_hd__clkbuf_2)
                                                         net603 (net)
                      0.027827    0.000003    0.113876 ^ hold599/A (sky130_fd_sc_hd__clkbuf_2)
     1    0.002627    0.028084    0.083027    0.196903 ^ hold599/X (sky130_fd_sc_hd__clkbuf_2)
                                                         net598 (net)
                      0.028084    0.000005    0.196908 ^ hold605/A (sky130_fd_sc_hd__clkbuf_2)
     1    0.002054    0.025231    0.080462    0.277370 ^ hold605/X (sky130_fd_sc_hd__clkbuf_2)
                                                         net604 (net)
                      0.025231    0.000003    0.277373 ^ input341/A (sky130_fd_sc_hd__buf_2)
     1    0.002933    0.028271    0.083773    0.361146 ^ input341/X (sky130_fd_sc_hd__buf_2)
                                                         net341 (net)
                      0.028271    0.000007    0.361153 ^ hold600/A (sky130_fd_sc_hd__clkbuf_2)
     3    0.012527    0.075857    0.122439    0.483592 ^ hold600/X (sky130_fd_sc_hd__clkbuf_2)
                                                         net599 (net)
                      0.075857    0.000060    0.483651 ^ _1792_/B (sky130_fd_sc_hd__or2_2)
     7    0.026840    0.143486    0.192831    0.676483 ^ _1792_/X (sky130_fd_sc_hd__or2_2)
                                                         _1016_ (net)
                      0.143486    0.000392    0.676874 ^ _1847_/B1 (sky130_fd_sc_hd__o2bb2a_2)
     1    0.005187    0.049651    0.199532    0.876407 ^ _1847_/X (sky130_fd_sc_hd__o2bb2a_2)
                                                         _1070_ (net)
                      0.049651    0.000012    0.876419 ^ _1848_/B (sky130_fd_sc_hd__nor2_2)
     1    0.002316    0.016368    0.029171    0.905590 v _1848_/Y (sky130_fd_sc_hd__nor2_2)
                                                         _0017_ (net)
                      0.016368    0.000008    0.905599 v _2672_/D (sky130_fd_sc_hd__dfxtp_2)
                                              0.905599   data arrival time

                                  0.000000    0.000000   clock clk (rise edge)
                                  0.000000    0.000000   clock source latency
     1    0.020577    0.098310    0.067797    0.067797 ^ clk (in)
                                                         clk (net)
                      0.098324    0.000000    0.067797 ^ clkbuf_0_clk/A (sky130_fd_sc_hd__clkbuf_16)
    16    0.089719    0.106122    0.197967    0.265764 ^ clkbuf_0_clk/X (sky130_fd_sc_hd__clkbuf_16)
                                                         clknet_0_clk (net)
                      0.106136    0.001288    0.267053 ^ clkbuf_4_14_0_clk/A (sky130_fd_sc_hd__clkbuf_8)
     6    0.017929    0.048158    0.151500    0.418553 ^ clkbuf_4_14_0_clk/X (sky130_fd_sc_hd__clkbuf_8)
                                                         clknet_4_14_0_clk (net)
                      0.048159    0.000276    0.418829 ^ _2672_/CLK (sky130_fd_sc_hd__dfxtp_2)
                                  0.200000    0.618829   clock uncertainty
                                  0.000000    0.618829   clock reconvergence pessimism
                                 -0.033607    0.585221   library hold time
                                              0.585221   data required time
---------------------------------------------------------------------------------------------
                                              0.585221   data required time
                                             -0.905599   data arrival time
---------------------------------------------------------------------------------------------
                                              0.320377   slack (MET)


Startpoint: compute_enable (input port clocked by clk)
Endpoint: _2670_ (rising edge-triggered flip-flop clocked by clk)
Path Group: clk
Path Type: min

Fanout         Cap        Slew       Delay        Time   Description
---------------------------------------------------------------------------------------------
                                  0.000000    0.000000   clock clk (rise edge)
                                  0.000000    0.000000   clock network delay (propagated)
                                  0.020000    0.020000 ^ input external delay
     1    0.003949    0.024717    0.014320    0.034320 ^ compute_enable (in)
                                                         compute_enable (net)
                      0.024717    0.000000    0.034320 ^ hold677/A (sky130_fd_sc_hd__clkbuf_2)
     1    0.003157    0.029663    0.084373    0.118693 ^ hold677/X (sky130_fd_sc_hd__clkbuf_2)
                                                         net676 (net)
                      0.029663    0.000013    0.118705 ^ hold591/A (sky130_fd_sc_hd__clkbuf_2)
     1    0.003363    0.030644    0.087086    0.205792 ^ hold591/X (sky130_fd_sc_hd__clkbuf_2)
                                                         net590 (net)
                      0.030644    0.000016    0.205808 ^ hold678/A (sky130_fd_sc_hd__clkbuf_2)
     1    0.002362    0.026762    0.082808    0.288616 ^ hold678/X (sky130_fd_sc_hd__clkbuf_2)
                                                         net677 (net)
                      0.026762    0.000005    0.288621 ^ input342/A (sky130_fd_sc_hd__buf_2)
     1    0.004532    0.034172    0.090989    0.379610 ^ input342/X (sky130_fd_sc_hd__buf_2)
                                                         net342 (net)
                      0.034172    0.000041    0.379651 ^ hold592/A (sky130_fd_sc_hd__clkbuf_2)
     1    0.003656    0.032054    0.090043    0.469693 ^ hold592/X (sky130_fd_sc_hd__clkbuf_2)
                                                         net591 (net)
                      0.032054    0.000030    0.469724 ^ _1373_/A1_N (sky130_fd_sc_hd__o2bb2a_2)
     1    0.002321    0.029857    0.194051    0.663775 v _1373_/X (sky130_fd_sc_hd__o2bb2a_2)
                                                         _0598_ (net)
                      0.029857    0.000003    0.663778 v hold593/A (sky130_fd_sc_hd__clkbuf_2)
     1    0.004432    0.029792    0.096734    0.760512 v hold593/X (sky130_fd_sc_hd__clkbuf_2)
                                                         net592 (net)
                      0.029792    0.000005    0.760518 v _1374_/B (sky130_fd_sc_hd__nor2_2)
     1    0.002477    0.058406    0.061075    0.821593 ^ _1374_/Y (sky130_fd_sc_hd__nor2_2)
                                                         _0015_ (net)
                      0.058406    0.000002    0.821594 ^ hold594/A (sky130_fd_sc_hd__clkbuf_2)
     1    0.002256    0.025579    0.092284    0.913878 ^ hold594/X (sky130_fd_sc_hd__clkbuf_2)
                                                         net593 (net)
                      0.025579    0.000007    0.913885 ^ _2670_/D (sky130_fd_sc_hd__dfxtp_2)
                                              0.913885   data arrival time

                                  0.000000    0.000000   clock clk (rise edge)
                                  0.000000    0.000000   clock source latency
     1    0.020577    0.098310    0.067797    0.067797 ^ clk (in)
                                                         clk (net)
                      0.098324    0.000000    0.067797 ^ clkbuf_0_clk/A (sky130_fd_sc_hd__clkbuf_16)
    16    0.089719    0.106122    0.197967    0.265764 ^ clkbuf_0_clk/X (sky130_fd_sc_hd__clkbuf_16)
                                                         clknet_0_clk (net)
                      0.106125    0.000806    0.266571 ^ clkbuf_4_8_0_clk/A (sky130_fd_sc_hd__clkbuf_8)
     6    0.019064    0.049887    0.153281    0.419852 ^ clkbuf_4_8_0_clk/X (sky130_fd_sc_hd__clkbuf_8)
                                                         clknet_4_8_0_clk (net)
                      0.049887    0.000083    0.419936 ^ _2670_/CLK (sky130_fd_sc_hd__dfxtp_2)
                                  0.200000    0.619936   clock uncertainty
                                  0.000000    0.619936   clock reconvergence pessimism
                                 -0.026526    0.593409   library hold time
                                              0.593409   data required time
---------------------------------------------------------------------------------------------
                                              0.593409   data required time
                                             -0.913885   data arrival time
---------------------------------------------------------------------------------------------
                                              0.320476   slack (MET)


Startpoint: a_in[2] (input port clocked by clk)
Endpoint: _2624_ (rising edge-triggered flip-flop clocked by clk)
Path Group: clk
Path Type: min

Fanout         Cap        Slew       Delay        Time   Description
---------------------------------------------------------------------------------------------
                                  0.000000    0.000000   clock clk (rise edge)
                                  0.000000    0.000000   clock network delay (propagated)
                                  0.020000    0.020000 ^ input external delay
     1    0.005855    0.033037    0.020619    0.040619 ^ a_in[2] (in)
                                                         a_in[2] (net)
                      0.033037    0.000000    0.040619 ^ hold608/A (sky130_fd_sc_hd__clkbuf_2)
     1    0.006304    0.044942    0.100214    0.140834 ^ hold608/X (sky130_fd_sc_hd__clkbuf_2)
                                                         net607 (net)
                      0.044942    0.000113    0.140946 ^ hold411/A (sky130_fd_sc_hd__clkbuf_2)
     1    0.005589    0.041401    0.101679    0.242626 ^ hold411/X (sky130_fd_sc_hd__clkbuf_2)
                                                         net410 (net)
                      0.041401    0.000078    0.242704 ^ hold609/A (sky130_fd_sc_hd__clkbuf_2)
     1    0.002992    0.028863    0.089558    0.332262 ^ hold609/X (sky130_fd_sc_hd__clkbuf_2)
                                                         net608 (net)
                      0.028863    0.000016    0.332278 ^ input317/A (sky130_fd_sc_hd__buf_2)
     1    0.003445    0.029477    0.087313    0.419590 ^ input317/X (sky130_fd_sc_hd__buf_2)
                                                         net317 (net)
                      0.029477    0.000016    0.419606 ^ hold610/A (sky130_fd_sc_hd__clkbuf_2)
     1    0.003394    0.030796    0.087165    0.506771 ^ hold610/X (sky130_fd_sc_hd__clkbuf_2)
                                                         net609 (net)
                      0.030796    0.000015    0.506786 ^ hold412/A (sky130_fd_sc_hd__clkbuf_2)
     2    0.004126    0.035535    0.091029    0.597815 ^ hold412/X (sky130_fd_sc_hd__clkbuf_2)
                                                         net411 (net)
                      0.035535    0.000006    0.597821 ^ hold611/A (sky130_fd_sc_hd__clkbuf_2)
     1    0.002700    0.028432    0.086120    0.683941 ^ hold611/X (sky130_fd_sc_hd__clkbuf_2)
                                                         net610 (net)
                      0.028432    0.000004    0.683944 ^ _2539_/A2 (sky130_fd_sc_hd__o211a_2)
     1    0.002719    0.041468    0.149687    0.833632 ^ _2539_/X (sky130_fd_sc_hd__o211a_2)
                                                         _0051_ (net)
                      0.041468    0.000006    0.833637 ^ hold413/A (sky130_fd_sc_hd__clkbuf_2)
     1    0.002003    0.024960    0.085028    0.918665 ^ hold413/X (sky130_fd_sc_hd__clkbuf_2)
                                                         net412 (net)
                      0.024960    0.000003    0.918669 ^ _2624_/D (sky130_fd_sc_hd__dfxtp_2)
                                              0.918669   data arrival time

                                  0.000000    0.000000   clock clk (rise edge)
                                  0.000000    0.000000   clock source latency
     1    0.020577    0.098310    0.067797    0.067797 ^ clk (in)
                                                         clk (net)
                      0.098324    0.000000    0.067797 ^ clkbuf_0_clk/A (sky130_fd_sc_hd__clkbuf_16)
    16    0.089719    0.106122    0.197967    0.265764 ^ clkbuf_0_clk/X (sky130_fd_sc_hd__clkbuf_16)
                                                         clknet_0_clk (net)
                      0.106122    0.000315    0.266080 ^ clkbuf_4_10_0_clk/A (sky130_fd_sc_hd__clkbuf_8)
     6    0.020917    0.052503    0.155932    0.422012 ^ clkbuf_4_10_0_clk/X (sky130_fd_sc_hd__clkbuf_8)
                                                         clknet_4_10_0_clk (net)
                      0.052505    0.000408    0.422420 ^ _2624_/CLK (sky130_fd_sc_hd__dfxtp_2)
                                  0.200000    0.622420   clock uncertainty
                                  0.000000    0.622420   clock reconvergence pessimism
                                 -0.026055    0.596365   library hold time
                                              0.596365   data required time
---------------------------------------------------------------------------------------------
                                              0.596365   data required time
                                             -0.918669   data arrival time
---------------------------------------------------------------------------------------------
                                              0.322304   slack (MET)


Startpoint: a_in[7] (input port clocked by clk)
Endpoint: _2629_ (rising edge-triggered flip-flop clocked by clk)
Path Group: clk
Path Type: min

Fanout         Cap        Slew       Delay        Time   Description
---------------------------------------------------------------------------------------------
                                  0.000000    0.000000   clock clk (rise edge)
                                  0.000000    0.000000   clock network delay (propagated)
                                  0.020000    0.020000 ^ input external delay
     1    0.006533    0.036023    0.022810    0.042810 ^ a_in[7] (in)
                                                         a_in[7] (net)
                      0.036024    0.000000    0.042810 ^ hold644/A (sky130_fd_sc_hd__clkbuf_2)
     1    0.007437    0.050571    0.105648    0.148458 ^ hold644/X (sky130_fd_sc_hd__clkbuf_2)
                                                         net643 (net)
                      0.050571    0.000133    0.148591 ^ hold435/A (sky130_fd_sc_hd__clkbuf_2)
     1    0.003163    0.029639    0.093610    0.242201 ^ hold435/X (sky130_fd_sc_hd__clkbuf_2)
                                                         net434 (net)
                      0.029639    0.000016    0.242218 ^ hold645/A (sky130_fd_sc_hd__clkbuf_2)
     1    0.002385    0.026124    0.082550    0.324767 ^ hold645/X (sky130_fd_sc_hd__clkbuf_2)
                                                         net644 (net)
                      0.026124    0.000007    0.324775 ^ input322/A (sky130_fd_sc_hd__buf_2)
     1    0.002419    0.025992    0.081908    0.406683 ^ input322/X (sky130_fd_sc_hd__buf_2)
                                                         net322 (net)
                      0.025992    0.000001    0.406684 ^ hold646/A (sky130_fd_sc_hd__clkbuf_2)
     1    0.002708    0.028489    0.082746    0.489430 ^ hold646/X (sky130_fd_sc_hd__clkbuf_2)
                                                         net645 (net)
                      0.028489    0.000005    0.489435 ^ hold436/A (sky130_fd_sc_hd__clkbuf_2)
     2    0.005005    0.038588    0.093607    0.583042 ^ hold436/X (sky130_fd_sc_hd__clkbuf_2)
                                                         net435 (net)
                      0.038588    0.000018    0.583060 ^ hold647/A (sky130_fd_sc_hd__clkbuf_2)
     1    0.003357    0.030597    0.090237    0.673297 ^ hold647/X (sky130_fd_sc_hd__clkbuf_2)
                                                         net646 (net)
                      0.030597    0.000014    0.673311 ^ _2550_/A2 (sky130_fd_sc_hd__o211a_2)
     1    0.002794    0.041888    0.150780    0.824091 ^ _2550_/X (sky130_fd_sc_hd__o211a_2)
                                                         _0056_ (net)
                      0.041888    0.000008    0.824099 ^ hold437/A (sky130_fd_sc_hd__clkbuf_2)
     1    0.001914    0.024513    0.084764    0.908863 ^ hold437/X (sky130_fd_sc_hd__clkbuf_2)
                                                         net436 (net)
                      0.024513    0.000003    0.908866 ^ _2629_/D (sky130_fd_sc_hd__dfxtp_2)
                                              0.908866   data arrival time

                                  0.000000    0.000000   clock clk (rise edge)
                                  0.000000    0.000000   clock source latency
     1    0.020577    0.098310    0.067797    0.067797 ^ clk (in)
                                                         clk (net)
                      0.098324    0.000000    0.067797 ^ clkbuf_0_clk/A (sky130_fd_sc_hd__clkbuf_16)
    16    0.089719    0.106122    0.197967    0.265764 ^ clkbuf_0_clk/X (sky130_fd_sc_hd__clkbuf_16)
                                                         clknet_0_clk (net)
                      0.106148    0.001644    0.267409 ^ clkbuf_4_1_0_clk/A (sky130_fd_sc_hd__clkbuf_8)
     6    0.014337    0.042708    0.146202    0.413610 ^ clkbuf_4_1_0_clk/X (sky130_fd_sc_hd__clkbuf_8)
                                                         clknet_4_1_0_clk (net)
                      0.042708    0.000030    0.413641 ^ _2629_/CLK (sky130_fd_sc_hd__dfxtp_2)
                                  0.200000    0.613641   clock uncertainty
                                  0.000000    0.613641   clock reconvergence pessimism
                                 -0.027247    0.586394   library hold time
                                              0.586394   data required time
---------------------------------------------------------------------------------------------
                                              0.586394   data required time
                                             -0.908866   data arrival time
---------------------------------------------------------------------------------------------
                                              0.322473   slack (MET)


Startpoint: a_in[8] (input port clocked by clk)
Endpoint: _2630_ (rising edge-triggered flip-flop clocked by clk)
Path Group: clk
Path Type: min

Fanout         Cap        Slew       Delay        Time   Description
---------------------------------------------------------------------------------------------
                                  0.000000    0.000000   clock clk (rise edge)
                                  0.000000    0.000000   clock network delay (propagated)
                                  0.020000    0.020000 ^ input external delay
     1    0.007207    0.039004    0.025005    0.045005 ^ a_in[8] (in)
                                                         a_in[8] (net)
                      0.039004    0.000000    0.045005 ^ hold664/A (sky130_fd_sc_hd__clkbuf_2)
     1    0.003603    0.031786    0.091520    0.136525 ^ hold664/X (sky130_fd_sc_hd__clkbuf_2)
                                                         net663 (net)
                      0.031786    0.000016    0.136541 ^ hold468/A (sky130_fd_sc_hd__clkbuf_2)
     1    0.005950    0.043199    0.098417    0.234958 ^ hold468/X (sky130_fd_sc_hd__clkbuf_2)
                                                         net467 (net)
                      0.043199    0.000070    0.235028 ^ hold665/A (sky130_fd_sc_hd__clkbuf_2)
     1    0.002384    0.026847    0.087401    0.322429 ^ hold665/X (sky130_fd_sc_hd__clkbuf_2)
                                                         net664 (net)
                      0.026847    0.000006    0.322435 ^ input323/A (sky130_fd_sc_hd__buf_2)
     1    0.003126    0.028144    0.085195    0.407630 ^ input323/X (sky130_fd_sc_hd__buf_2)
                                                         net323 (net)
                      0.028144    0.000014    0.407644 ^ hold666/A (sky130_fd_sc_hd__clkbuf_2)
     1    0.002573    0.027817    0.082892    0.490536 ^ hold666/X (sky130_fd_sc_hd__clkbuf_2)
                                                         net665 (net)
                      0.027817    0.000003    0.490539 ^ hold469/A (sky130_fd_sc_hd__clkbuf_2)
     2    0.006483    0.045831    0.099088    0.589627 ^ hold469/X (sky130_fd_sc_hd__clkbuf_2)
                                                         net468 (net)
                      0.045831    0.000013    0.589640 ^ hold667/A (sky130_fd_sc_hd__clkbuf_2)
     1    0.003108    0.029389    0.091672    0.681312 ^ hold667/X (sky130_fd_sc_hd__clkbuf_2)
                                                         net666 (net)
                      0.029389    0.000010    0.681322 ^ _2552_/A2 (sky130_fd_sc_hd__o211a_2)
     1    0.002475    0.040094    0.148457    0.829779 ^ _2552_/X (sky130_fd_sc_hd__o211a_2)
                                                         _0057_ (net)
                      0.040094    0.000002    0.829781 ^ hold470/A (sky130_fd_sc_hd__clkbuf_2)
     1    0.001941    0.024655    0.084249    0.914030 ^ hold470/X (sky130_fd_sc_hd__clkbuf_2)
                                                         net469 (net)
                      0.024655    0.000003    0.914033 ^ _2630_/D (sky130_fd_sc_hd__dfxtp_2)
                                              0.914033   data arrival time

                                  0.000000    0.000000   clock clk (rise edge)
                                  0.000000    0.000000   clock source latency
     1    0.020577    0.098310    0.067797    0.067797 ^ clk (in)
                                                         clk (net)
                      0.098324    0.000000    0.067797 ^ clkbuf_0_clk/A (sky130_fd_sc_hd__clkbuf_16)
    16    0.089719    0.106122    0.197967    0.265764 ^ clkbuf_0_clk/X (sky130_fd_sc_hd__clkbuf_16)
                                                         clknet_0_clk (net)
                      0.106164    0.002007    0.267772 ^ clkbuf_4_5_0_clk/A (sky130_fd_sc_hd__clkbuf_8)
     6    0.015837    0.044942    0.148448    0.416220 ^ clkbuf_4_5_0_clk/X (sky130_fd_sc_hd__clkbuf_8)
                                                         clknet_4_5_0_clk (net)
                      0.044942    0.000049    0.416269 ^ _2630_/CLK (sky130_fd_sc_hd__dfxtp_2)
                                  0.200000    0.616269   clock uncertainty
                                  0.000000    0.616269   clock reconvergence pessimism
                                 -0.026983    0.589286   library hold time
                                              0.589286   data required time
---------------------------------------------------------------------------------------------
                                              0.589286   data required time
                                             -0.914033   data arrival time
---------------------------------------------------------------------------------------------
                                              0.324748   slack (MET)


Startpoint: b_in[1] (input port clocked by clk)
Endpoint: _2639_ (rising edge-triggered flip-flop clocked by clk)
Path Group: clk
Path Type: min

Fanout         Cap        Slew       Delay        Time   Description
---------------------------------------------------------------------------------------------
                                  0.000000    0.000000   clock clk (rise edge)
                                  0.000000    0.000000   clock network delay (propagated)
                                  0.020000    0.020000 ^ input external delay
     1    0.004209    0.025844    0.015228    0.035228 ^ b_in[1] (in)
                                                         b_in[1] (net)
                      0.025844    0.000000    0.035228 ^ hold495/A (sky130_fd_sc_hd__clkbuf_2)
     1    0.004547    0.036391    0.090893    0.126121 ^ hold495/X (sky130_fd_sc_hd__clkbuf_2)
                                                         net494 (net)
                      0.036391    0.000042    0.126162 ^ hold456/A (sky130_fd_sc_hd__clkbuf_2)
     1    0.004390    0.035608    0.094021    0.220183 ^ hold456/X (sky130_fd_sc_hd__clkbuf_2)
                                                         net455 (net)
                      0.035608    0.000040    0.220223 ^ hold496/A (sky130_fd_sc_hd__clkbuf_2)
     1    0.003648    0.032014    0.090519    0.310742 ^ hold496/X (sky130_fd_sc_hd__clkbuf_2)
                                                         net495 (net)
                      0.032014    0.000029    0.310771 ^ input332/A (sky130_fd_sc_hd__buf_2)
     1    0.004138    0.032480    0.091442    0.402212 ^ input332/X (sky130_fd_sc_hd__buf_2)
                                                         net332 (net)
                      0.032480    0.000034    0.402246 ^ hold497/A (sky130_fd_sc_hd__clkbuf_2)
     1    0.003196    0.029834    0.087319    0.489565 ^ hold497/X (sky130_fd_sc_hd__clkbuf_2)
                                                         net496 (net)
                      0.029834    0.000012    0.489577 ^ hold457/A (sky130_fd_sc_hd__clkbuf_2)
     2    0.005460    0.040800    0.095839    0.585416 ^ hold457/X (sky130_fd_sc_hd__clkbuf_2)
                                                         net456 (net)
                      0.040800    0.000036    0.585453 ^ hold498/A (sky130_fd_sc_hd__clkbuf_2)
     2    0.006343    0.045118    0.103148    0.688601 ^ hold498/X (sky130_fd_sc_hd__clkbuf_2)
                                                         net497 (net)
                      0.045118    0.000020    0.688621 ^ _2576_/A2 (sky130_fd_sc_hd__o211a_2)
     1    0.002579    0.040643    0.153645    0.842266 ^ _2576_/X (sky130_fd_sc_hd__o211a_2)
                                                         _0066_ (net)
                      0.040643    0.000003    0.842269 ^ hold458/A (sky130_fd_sc_hd__clkbuf_2)
     1    0.001931    0.024601    0.084397    0.926666 ^ hold458/X (sky130_fd_sc_hd__clkbuf_2)
                                                         net457 (net)
                      0.024601    0.000003    0.926669 ^ _2639_/D (sky130_fd_sc_hd__dfxtp_2)
                                              0.926669   data arrival time

                                  0.000000    0.000000   clock clk (rise edge)
                                  0.000000    0.000000   clock source latency
     1    0.020577    0.098310    0.067797    0.067797 ^ clk (in)
                                                         clk (net)
                      0.098324    0.000000    0.067797 ^ clkbuf_0_clk/A (sky130_fd_sc_hd__clkbuf_16)
    16    0.089719    0.106122    0.197967    0.265764 ^ clkbuf_0_clk/X (sky130_fd_sc_hd__clkbuf_16)
                                                         clknet_0_clk (net)
                      0.106122    0.000315    0.266080 ^ clkbuf_4_10_0_clk/A (sky130_fd_sc_hd__clkbuf_8)
     6    0.020917    0.052503    0.155932    0.422012 ^ clkbuf_4_10_0_clk/X (sky130_fd_sc_hd__clkbuf_8)
                                                         clknet_4_10_0_clk (net)
                      0.052505    0.000407    0.422419 ^ _2639_/CLK (sky130_fd_sc_hd__dfxtp_2)
                                  0.200000    0.622419   clock uncertainty
                                  0.000000    0.622419   clock reconvergence pessimism
                                 -0.025980    0.596439   library hold time
                                              0.596439   data required time
---------------------------------------------------------------------------------------------
                                              0.596439   data required time
                                             -0.926669   data arrival time
---------------------------------------------------------------------------------------------
                                              0.330231   slack (MET)


Startpoint: a_in[11] (input port clocked by clk)
Endpoint: _2633_ (rising edge-triggered flip-flop clocked by clk)
Path Group: clk
Path Type: min

Fanout         Cap        Slew       Delay        Time   Description
---------------------------------------------------------------------------------------------
                                  0.000000    0.000000   clock clk (rise edge)
                                  0.000000    0.000000   clock network delay (propagated)
                                  0.020000    0.020000 ^ input external delay
     1    0.007004    0.038108    0.024359    0.044359 ^ a_in[11] (in)
                                                         a_in[11] (net)
                      0.038109    0.000000    0.044359 ^ hold640/A (sky130_fd_sc_hd__clkbuf_2)
     1    0.004296    0.035162    0.094271    0.138630 ^ hold640/X (sky130_fd_sc_hd__clkbuf_2)
                                                         net639 (net)
                      0.035162    0.000036    0.138666 ^ hold441/A (sky130_fd_sc_hd__clkbuf_2)
     1    0.002956    0.028708    0.087167    0.225834 ^ hold441/X (sky130_fd_sc_hd__clkbuf_2)
                                                         net440 (net)
                      0.028708    0.000012    0.225846 ^ hold641/A (sky130_fd_sc_hd__clkbuf_2)
     1    0.002517    0.026727    0.082831    0.308676 ^ hold641/X (sky130_fd_sc_hd__clkbuf_2)
                                                         net640 (net)
                      0.026727    0.000010    0.308686 ^ input311/A (sky130_fd_sc_hd__buf_2)
     1    0.003932    0.031589    0.088591    0.397278 ^ input311/X (sky130_fd_sc_hd__buf_2)
                                                         net311 (net)
                      0.031589    0.000021    0.397299 ^ hold642/A (sky130_fd_sc_hd__clkbuf_2)
     1    0.005832    0.042615    0.097889    0.495188 ^ hold642/X (sky130_fd_sc_hd__clkbuf_2)
                                                         net641 (net)
                      0.042615    0.000067    0.495254 ^ hold442/A (sky130_fd_sc_hd__clkbuf_2)
     2    0.004964    0.038353    0.098455    0.593709 ^ hold442/X (sky130_fd_sc_hd__clkbuf_2)
                                                         net441 (net)
                      0.038353    0.000016    0.593725 ^ hold643/A (sky130_fd_sc_hd__clkbuf_2)
     1    0.003278    0.030216    0.089789    0.683514 ^ hold643/X (sky130_fd_sc_hd__clkbuf_2)
                                                         net642 (net)
                      0.030216    0.000013    0.683526 ^ _2558_/A2 (sky130_fd_sc_hd__o211a_2)
     1    0.003028    0.043204    0.152114    0.835641 ^ _2558_/X (sky130_fd_sc_hd__o211a_2)
                                                         _0060_ (net)
                      0.043204    0.000011    0.835651 ^ hold443/A (sky130_fd_sc_hd__clkbuf_2)
     1    0.002003    0.024958    0.085650    0.921302 ^ hold443/X (sky130_fd_sc_hd__clkbuf_2)
                                                         net442 (net)
                      0.024958    0.000003    0.921305 ^ _2633_/D (sky130_fd_sc_hd__dfxtp_2)
                                              0.921305   data arrival time

                                  0.000000    0.000000   clock clk (rise edge)
                                  0.000000    0.000000   clock source latency
     1    0.020577    0.098310    0.067797    0.067797 ^ clk (in)
                                                         clk (net)
                      0.098324    0.000000    0.067797 ^ clkbuf_0_clk/A (sky130_fd_sc_hd__clkbuf_16)
    16    0.089719    0.106122    0.197967    0.265764 ^ clkbuf_0_clk/X (sky130_fd_sc_hd__clkbuf_16)
                                                         clknet_0_clk (net)
                      0.106164    0.002007    0.267772 ^ clkbuf_4_5_0_clk/A (sky130_fd_sc_hd__clkbuf_8)
     6    0.015837    0.044942    0.148448    0.416220 ^ clkbuf_4_5_0_clk/X (sky130_fd_sc_hd__clkbuf_8)
                                                         clknet_4_5_0_clk (net)
                      0.044942    0.000051    0.416271 ^ _2633_/CLK (sky130_fd_sc_hd__dfxtp_2)
                                  0.200000    0.616271   clock uncertainty
                                  0.000000    0.616271   clock reconvergence pessimism
                                 -0.027046    0.589225   library hold time
                                              0.589225   data required time
---------------------------------------------------------------------------------------------
                                              0.589225   data required time
                                             -0.921305   data arrival time
---------------------------------------------------------------------------------------------
                                              0.332081   slack (MET)


Startpoint: a_in[10] (input port clocked by clk)
Endpoint: _2632_ (rising edge-triggered flip-flop clocked by clk)
Path Group: clk
Path Type: min

Fanout         Cap        Slew       Delay        Time   Description
---------------------------------------------------------------------------------------------
                                  0.000000    0.000000   clock clk (rise edge)
                                  0.000000    0.000000   clock network delay (propagated)
                                  0.020000    0.020000 ^ input external delay
     1    0.007053    0.038322    0.024509    0.044509 ^ a_in[10] (in)
                                                         a_in[10] (net)
                      0.038322    0.000000    0.044509 ^ hold668/A (sky130_fd_sc_hd__clkbuf_2)
     1    0.003405    0.030830    0.090365    0.134874 ^ hold668/X (sky130_fd_sc_hd__clkbuf_2)
                                                         net667 (net)
                      0.030830    0.000013    0.134887 ^ hold505/A (sky130_fd_sc_hd__clkbuf_2)
     1    0.005334    0.040185    0.095701    0.230588 ^ hold505/X (sky130_fd_sc_hd__clkbuf_2)
                                                         net504 (net)
                      0.040185    0.000050    0.230639 ^ hold669/A (sky130_fd_sc_hd__clkbuf_2)
     1    0.002477    0.026529    0.086749    0.317388 ^ hold669/X (sky130_fd_sc_hd__clkbuf_2)
                                                         net668 (net)
                      0.026529    0.000008    0.317396 ^ input310/A (sky130_fd_sc_hd__buf_2)
     1    0.002870    0.027986    0.083986    0.401382 ^ input310/X (sky130_fd_sc_hd__buf_2)
                                                         net310 (net)
                      0.027986    0.000007    0.401389 ^ hold670/A (sky130_fd_sc_hd__clkbuf_2)
     1    0.003142    0.029586    0.085471    0.486860 ^ hold670/X (sky130_fd_sc_hd__clkbuf_2)
                                                         net669 (net)
                      0.029586    0.000010    0.486870 ^ hold506/A (sky130_fd_sc_hd__clkbuf_2)
     2    0.005227    0.039667    0.094859    0.581729 ^ hold506/X (sky130_fd_sc_hd__clkbuf_2)
                                                         net505 (net)
                      0.039667    0.000002    0.581731 ^ hold671/A (sky130_fd_sc_hd__clkbuf_2)
     1    0.003179    0.029737    0.089800    0.671531 ^ hold671/X (sky130_fd_sc_hd__clkbuf_2)
                                                         net670 (net)
                      0.029737    0.000010    0.671541 ^ _2556_/A2 (sky130_fd_sc_hd__o211a_2)
     1    0.003508    0.044545    0.154928    0.826470 ^ _2556_/X (sky130_fd_sc_hd__o211a_2)
                                                         _0059_ (net)
                      0.044545    0.000023    0.826492 ^ hold507/A (sky130_fd_sc_hd__clkbuf_2)
     1    0.003588    0.031698    0.093414    0.919906 ^ hold507/X (sky130_fd_sc_hd__clkbuf_2)
                                                         net506 (net)
                      0.031698    0.000034    0.919940 ^ _2632_/D (sky130_fd_sc_hd__dfxtp_2)
                                              0.919940   data arrival time

                                  0.000000    0.000000   clock clk (rise edge)
                                  0.000000    0.000000   clock source latency
     1    0.020577    0.098310    0.067797    0.067797 ^ clk (in)
                                                         clk (net)
                      0.098324    0.000000    0.067797 ^ clkbuf_0_clk/A (sky130_fd_sc_hd__clkbuf_16)
    16    0.089719    0.106122    0.197967    0.265764 ^ clkbuf_0_clk/X (sky130_fd_sc_hd__clkbuf_16)
                                                         clknet_0_clk (net)
                      0.106164    0.002007    0.267772 ^ clkbuf_4_5_0_clk/A (sky130_fd_sc_hd__clkbuf_8)
     6    0.015837    0.044942    0.148448    0.416220 ^ clkbuf_4_5_0_clk/X (sky130_fd_sc_hd__clkbuf_8)
                                                         clknet_4_5_0_clk (net)
                      0.044942    0.000066    0.416286 ^ _2632_/CLK (sky130_fd_sc_hd__dfxtp_2)
                                  0.200000    0.616286   clock uncertainty
                                  0.000000    0.616286   clock reconvergence pessimism
                                 -0.028442    0.587844   library hold time
                                              0.587844   data required time
---------------------------------------------------------------------------------------------
                                              0.587844   data required time
                                             -0.919940   data arrival time
---------------------------------------------------------------------------------------------
                                              0.332096   slack (MET)


Startpoint: _2669_ (rising edge-triggered flip-flop clocked by clk)
Endpoint: _2669_ (rising edge-triggered flip-flop clocked by clk)
Path Group: clk
Path Type: min

Fanout         Cap        Slew       Delay        Time   Description
---------------------------------------------------------------------------------------------
                                  0.000000    0.000000   clock clk (rise edge)
                                  0.000000    0.000000   clock source latency
     1    0.020577    0.098310    0.067797    0.067797 ^ clk (in)
                                                         clk (net)
                      0.098324    0.000000    0.067797 ^ clkbuf_0_clk/A (sky130_fd_sc_hd__clkbuf_16)
    16    0.089719    0.106122    0.197967    0.265764 ^ clkbuf_0_clk/X (sky130_fd_sc_hd__clkbuf_16)
                                                         clknet_0_clk (net)
                      0.106163    0.001979    0.267744 ^ clkbuf_4_7_0_clk/A (sky130_fd_sc_hd__clkbuf_8)
     6    0.015051    0.043763    0.147276    0.415020 ^ clkbuf_4_7_0_clk/X (sky130_fd_sc_hd__clkbuf_8)
                                                         clknet_4_7_0_clk (net)
                      0.043763    0.000030    0.415050 ^ _2669_/CLK (sky130_fd_sc_hd__dfxtp_2)
     2    0.012135    0.070820    0.339380    0.754430 ^ _2669_/Q (sky130_fd_sc_hd__dfxtp_2)
                                                         r2_mantissa[14] (net)
                      0.070820    0.000013    0.754443 ^ _1368_/A1 (sky130_fd_sc_hd__o211a_2)
     1    0.001916    0.037355    0.166746    0.921189 ^ _1368_/X (sky130_fd_sc_hd__o211a_2)
                                                         _0014_ (net)
                      0.037355    0.000003    0.921192 ^ _2669_/D (sky130_fd_sc_hd__dfxtp_2)
                                              0.921192   data arrival time

                                  0.000000    0.000000   clock clk (rise edge)
                                  0.000000    0.000000   clock source latency
     1    0.020577    0.098310    0.067797    0.067797 ^ clk (in)
                                                         clk (net)
                      0.098324    0.000000    0.067797 ^ clkbuf_0_clk/A (sky130_fd_sc_hd__clkbuf_16)
    16    0.089719    0.106122    0.197967    0.265764 ^ clkbuf_0_clk/X (sky130_fd_sc_hd__clkbuf_16)
                                                         clknet_0_clk (net)
                      0.106163    0.001979    0.267744 ^ clkbuf_4_7_0_clk/A (sky130_fd_sc_hd__clkbuf_8)
     6    0.015051    0.043763    0.147276    0.415020 ^ clkbuf_4_7_0_clk/X (sky130_fd_sc_hd__clkbuf_8)
                                                         clknet_4_7_0_clk (net)
                      0.043763    0.000030    0.415050 ^ _2669_/CLK (sky130_fd_sc_hd__dfxtp_2)
                                  0.200000    0.615050   clock uncertainty
                                  0.000000    0.615050   clock reconvergence pessimism
                                 -0.029769    0.585281   library hold time
                                              0.585281   data required time
---------------------------------------------------------------------------------------------
                                              0.585281   data required time
                                             -0.921192   data arrival time
---------------------------------------------------------------------------------------------
                                              0.335911   slack (MET)


Startpoint: a_in[3] (input port clocked by clk)
Endpoint: _2625_ (rising edge-triggered flip-flop clocked by clk)
Path Group: clk
Path Type: min

Fanout         Cap        Slew       Delay        Time   Description
---------------------------------------------------------------------------------------------
                                  0.000000    0.000000   clock clk (rise edge)
                                  0.000000    0.000000   clock network delay (propagated)
                                  0.020000    0.020000 ^ input external delay
     1    0.005787    0.032740    0.020401    0.040401 ^ a_in[3] (in)
                                                         a_in[3] (net)
                      0.032740    0.000000    0.040401 ^ hold632/A (sky130_fd_sc_hd__clkbuf_2)
     1    0.005868    0.042792    0.098431    0.138832 ^ hold632/X (sky130_fd_sc_hd__clkbuf_2)
                                                         net631 (net)
                      0.042792    0.000085    0.138917 ^ hold438/A (sky130_fd_sc_hd__clkbuf_2)
     1    0.003270    0.030167    0.091330    0.230248 ^ hold438/X (sky130_fd_sc_hd__clkbuf_2)
                                                         net437 (net)
                      0.030167    0.000016    0.230263 ^ hold633/A (sky130_fd_sc_hd__clkbuf_2)
     1    0.004132    0.034409    0.090820    0.321083 ^ hold633/X (sky130_fd_sc_hd__clkbuf_2)
                                                         net632 (net)
                      0.034409    0.000039    0.321122 ^ input318/A (sky130_fd_sc_hd__buf_2)
     1    0.003411    0.029314    0.089236    0.410358 ^ input318/X (sky130_fd_sc_hd__buf_2)
                                                         net318 (net)
                      0.029314    0.000021    0.410379 ^ hold634/A (sky130_fd_sc_hd__clkbuf_2)
     1    0.003301    0.030346    0.086677    0.497057 ^ hold634/X (sky130_fd_sc_hd__clkbuf_2)
                                                         net633 (net)
                      0.030346    0.000012    0.497068 ^ hold439/A (sky130_fd_sc_hd__clkbuf_2)
     2    0.005806    0.042494    0.097359    0.594427 ^ hold439/X (sky130_fd_sc_hd__clkbuf_2)
                                                         net438 (net)
                      0.042494    0.000041    0.594468 ^ hold635/A (sky130_fd_sc_hd__clkbuf_2)
     1    0.003229    0.029974    0.091039    0.685507 ^ hold635/X (sky130_fd_sc_hd__clkbuf_2)
                                                         net634 (net)
                      0.029974    0.000014    0.685521 ^ _2542_/A2 (sky130_fd_sc_hd__o211a_2)
     1    0.002778    0.041796    0.150497    0.836018 ^ _2542_/X (sky130_fd_sc_hd__o211a_2)
                                                         _0052_ (net)
                      0.041796    0.000006    0.836024 ^ hold440/A (sky130_fd_sc_hd__clkbuf_2)
     1    0.002162    0.025747    0.085876    0.921900 ^ hold440/X (sky130_fd_sc_hd__clkbuf_2)
                                                         net439 (net)
                      0.025747    0.000005    0.921905 ^ _2625_/D (sky130_fd_sc_hd__dfxtp_2)
                                              0.921905   data arrival time

                                  0.000000    0.000000   clock clk (rise edge)
                                  0.000000    0.000000   clock source latency
     1    0.020577    0.098310    0.067797    0.067797 ^ clk (in)
                                                         clk (net)
                      0.098324    0.000000    0.067797 ^ clkbuf_0_clk/A (sky130_fd_sc_hd__clkbuf_16)
    16    0.089719    0.106122    0.197967    0.265764 ^ clkbuf_0_clk/X (sky130_fd_sc_hd__clkbuf_16)
                                                         clknet_0_clk (net)
                      0.106139    0.001391    0.267155 ^ clkbuf_4_3_0_clk/A (sky130_fd_sc_hd__clkbuf_8)
     6    0.013972    0.042168    0.145646    0.412801 ^ clkbuf_4_3_0_clk/X (sky130_fd_sc_hd__clkbuf_8)
                                                         clknet_4_3_0_clk (net)
                      0.042168    0.000041    0.412842 ^ _2625_/CLK (sky130_fd_sc_hd__dfxtp_2)
                                  0.200000    0.612842   clock uncertainty
                                  0.000000    0.612842   clock reconvergence pessimism
                                 -0.027573    0.585269   library hold time
                                              0.585269   data required time
---------------------------------------------------------------------------------------------
                                              0.585269   data required time
                                             -0.921905   data arrival time
---------------------------------------------------------------------------------------------
                                              0.336636   slack (MET)


Startpoint: b_in[2] (input port clocked by clk)
Endpoint: _2657_ (rising edge-triggered flip-flop clocked by clk)
Path Group: clk
Path Type: min

Fanout         Cap        Slew       Delay        Time   Description
---------------------------------------------------------------------------------------------
                                  0.000000    0.000000   clock clk (rise edge)
                                  0.000000    0.000000   clock network delay (propagated)
                                  0.020000    0.020000 ^ input external delay
     1    0.005420    0.031129    0.019198    0.039198 ^ b_in[2] (in)
                                                         b_in[2] (net)
                      0.031129    0.000000    0.039198 ^ hold500/A (sky130_fd_sc_hd__clkbuf_2)
     1    0.002469    0.027293    0.083477    0.122675 ^ hold500/X (sky130_fd_sc_hd__clkbuf_2)
                                                         net499 (net)
                      0.027293    0.000002    0.122677 ^ hold489/A (sky130_fd_sc_hd__clkbuf_2)
     1    0.002628    0.028089    0.082840    0.205517 ^ hold489/X (sky130_fd_sc_hd__clkbuf_2)
                                                         net488 (net)
                      0.028089    0.000004    0.205520 ^ hold501/A (sky130_fd_sc_hd__clkbuf_2)
     1    0.002856    0.028261    0.084176    0.289696 ^ hold501/X (sky130_fd_sc_hd__clkbuf_2)
                                                         net500 (net)
                      0.028261    0.000015    0.289711 ^ input333/A (sky130_fd_sc_hd__buf_2)
     1    0.003480    0.029627    0.087234    0.376946 ^ input333/X (sky130_fd_sc_hd__buf_2)
                                                         net333 (net)
                      0.029627    0.000019    0.376964 ^ hold502/A (sky130_fd_sc_hd__clkbuf_2)
     1    0.005845    0.042684    0.097241    0.474205 ^ hold502/X (sky130_fd_sc_hd__clkbuf_2)
                                                         net501 (net)
                      0.042684    0.000078    0.474284 ^ hold490/A (sky130_fd_sc_hd__clkbuf_2)
     2    0.006748    0.047127    0.105350    0.579634 ^ hold490/X (sky130_fd_sc_hd__clkbuf_2)
                                                         net489 (net)
                      0.047127    0.000090    0.579723 ^ hold503/A (sky130_fd_sc_hd__clkbuf_2)
     2    0.006669    0.046726    0.106652    0.686375 ^ hold503/X (sky130_fd_sc_hd__clkbuf_2)
                                                         net502 (net)
                      0.046726    0.000005    0.686380 ^ _2617_/A1 (sky130_fd_sc_hd__o211a_2)
     1    0.002671    0.041632    0.165609    0.851990 ^ _2617_/X (sky130_fd_sc_hd__o211a_2)
                                                         _0084_ (net)
                      0.041632    0.000005    0.851995 ^ hold504/A (sky130_fd_sc_hd__clkbuf_2)
     1    0.001921    0.024552    0.084708    0.936703 ^ hold504/X (sky130_fd_sc_hd__clkbuf_2)
                                                         net503 (net)
                      0.024552    0.000003    0.936706 ^ _2657_/D (sky130_fd_sc_hd__dfxtp_2)
                                              0.936706   data arrival time

                                  0.000000    0.000000   clock clk (rise edge)
                                  0.000000    0.000000   clock source latency
     1    0.020577    0.098310    0.067797    0.067797 ^ clk (in)
                                                         clk (net)
                      0.098324    0.000000    0.067797 ^ clkbuf_0_clk/A (sky130_fd_sc_hd__clkbuf_16)
    16    0.089719    0.106122    0.197967    0.265764 ^ clkbuf_0_clk/X (sky130_fd_sc_hd__clkbuf_16)
                                                         clknet_0_clk (net)
                      0.106122    0.000315    0.266080 ^ clkbuf_4_10_0_clk/A (sky130_fd_sc_hd__clkbuf_8)
     6    0.020917    0.052503    0.155932    0.422012 ^ clkbuf_4_10_0_clk/X (sky130_fd_sc_hd__clkbuf_8)
                                                         clknet_4_10_0_clk (net)
                      0.052505    0.000398    0.422410 ^ _2657_/CLK (sky130_fd_sc_hd__dfxtp_2)
                                  0.200000    0.622410   clock uncertainty
                                  0.000000    0.622410   clock reconvergence pessimism
                                 -0.025970    0.596439   library hold time
                                              0.596439   data required time
---------------------------------------------------------------------------------------------
                                              0.596439   data required time
                                             -0.936706   data arrival time
---------------------------------------------------------------------------------------------
                                              0.340266   slack (MET)


Startpoint: enable (input port clocked by clk)
Endpoint: _2686_ (rising edge-triggered flip-flop clocked by clk)
Path Group: clk
Path Type: min

Fanout         Cap        Slew       Delay        Time   Description
---------------------------------------------------------------------------------------------
                                  0.000000    0.000000   clock clk (rise edge)
                                  0.000000    0.000000   clock network delay (propagated)
                                  0.020000    0.020000 ^ input external delay
     1    0.003682    0.023555    0.013382    0.033382 ^ enable (in)
                                                         enable (net)
                      0.023555    0.000000    0.033382 ^ hold606/A (sky130_fd_sc_hd__clkbuf_2)
     1    0.002592    0.027921    0.081341    0.114723 ^ hold606/X (sky130_fd_sc_hd__clkbuf_2)
                                                         net605 (net)
                      0.027921    0.000005    0.114727 ^ hold595/A (sky130_fd_sc_hd__clkbuf_2)
     1    0.002415    0.027029    0.082078    0.196805 ^ hold595/X (sky130_fd_sc_hd__clkbuf_2)
                                                         net594 (net)
                      0.027029    0.000001    0.196807 ^ hold607/A (sky130_fd_sc_hd__clkbuf_2)
     1    0.002125    0.025586    0.080413    0.277220 ^ hold607/X (sky130_fd_sc_hd__clkbuf_2)
                                                         net606 (net)
                      0.025586    0.000003    0.277222 ^ input343/A (sky130_fd_sc_hd__buf_2)
     2    0.014355    0.077487    0.124898    0.402120 ^ input343/X (sky130_fd_sc_hd__buf_2)
                                                         net343 (net)
                      0.077487    0.000427    0.402548 ^ hold596/A (sky130_fd_sc_hd__clkbuf_2)
     3    0.020957    0.119696    0.170372    0.572919 ^ hold596/X (sky130_fd_sc_hd__clkbuf_2)
                                                         net595 (net)
                      0.119697    0.000658    0.573578 ^ _2325_/B2 (sky130_fd_sc_hd__o32a_2)
     1    0.002487    0.031322    0.139695    0.713273 ^ _2325_/X (sky130_fd_sc_hd__o32a_2)
                                                         _0317_ (net)
                      0.031322    0.000003    0.713276 ^ hold597/A (sky130_fd_sc_hd__clkbuf_2)
     1    0.005056    0.040248    0.094815    0.808091 ^ hold597/X (sky130_fd_sc_hd__clkbuf_2)
                                                         net596 (net)
                      0.040248    0.000009    0.808100 ^ _2326_/B (sky130_fd_sc_hd__nor2_2)
     1    0.005340    0.019813    0.032887    0.840987 v _2326_/Y (sky130_fd_sc_hd__nor2_2)
                                                         _0031_ (net)
                      0.019813    0.000079    0.841066 v hold598/A (sky130_fd_sc_hd__clkbuf_2)
     1    0.003857    0.026788    0.090383    0.931449 v hold598/X (sky130_fd_sc_hd__clkbuf_2)
                                                         net597 (net)
                      0.026788    0.000041    0.931490 v _2686_/D (sky130_fd_sc_hd__dfxtp_2)
                                              0.931490   data arrival time

                                  0.000000    0.000000   clock clk (rise edge)
                                  0.000000    0.000000   clock source latency
     1    0.020577    0.098310    0.067797    0.067797 ^ clk (in)
                                                         clk (net)
                      0.098324    0.000000    0.067797 ^ clkbuf_0_clk/A (sky130_fd_sc_hd__clkbuf_16)
    16    0.089719    0.106122    0.197967    0.265764 ^ clkbuf_0_clk/X (sky130_fd_sc_hd__clkbuf_16)
                                                         clknet_0_clk (net)
                      0.106122    0.000247    0.266011 ^ clkbuf_4_11_0_clk/A (sky130_fd_sc_hd__clkbuf_8)
     6    0.023716    0.056742    0.159572    0.425583 ^ clkbuf_4_11_0_clk/X (sky130_fd_sc_hd__clkbuf_8)
                                                         clknet_4_11_0_clk (net)
                      0.056742    0.000124    0.425707 ^ _2686_/CLK (sky130_fd_sc_hd__dfxtp_2)
                                  0.200000    0.625707   clock uncertainty
                                  0.000000    0.625707   clock reconvergence pessimism
                                 -0.035967    0.589740   library hold time
                                              0.589740   data required time
---------------------------------------------------------------------------------------------
                                              0.589740   data required time
                                             -0.931490   data arrival time
---------------------------------------------------------------------------------------------
                                              0.341749   slack (MET)


Startpoint: clear_acc (input port clocked by clk)
Endpoint: _2673_ (rising edge-triggered flip-flop clocked by clk)
Path Group: clk
Path Type: min

Fanout         Cap        Slew       Delay        Time   Description
---------------------------------------------------------------------------------------------
                                  0.000000    0.000000   clock clk (rise edge)
                                  0.000000    0.000000   clock network delay (propagated)
                                  0.020000    0.020000 ^ input external delay
     1    0.003531    0.022898    0.012852    0.032852 ^ clear_acc (in)
                                                         clear_acc (net)
                      0.022898    0.000000    0.032852 ^ hold604/A (sky130_fd_sc_hd__clkbuf_2)
     1    0.002573    0.027827    0.081020    0.113873 ^ hold604/X (sky130_fd_sc_hd__clkbuf_2)
                                                         net603 (net)
                      0.027827    0.000003    0.113876 ^ hold599/A (sky130_fd_sc_hd__clkbuf_2)
     1    0.002627    0.028084    0.083027    0.196903 ^ hold599/X (sky130_fd_sc_hd__clkbuf_2)
                                                         net598 (net)
                      0.028084    0.000005    0.196908 ^ hold605/A (sky130_fd_sc_hd__clkbuf_2)
     1    0.002054    0.025231    0.080462    0.277370 ^ hold605/X (sky130_fd_sc_hd__clkbuf_2)
                                                         net604 (net)
                      0.025231    0.000003    0.277373 ^ input341/A (sky130_fd_sc_hd__buf_2)
     1    0.002933    0.028271    0.083773    0.361146 ^ input341/X (sky130_fd_sc_hd__buf_2)
                                                         net341 (net)
                      0.028271    0.000007    0.361153 ^ hold600/A (sky130_fd_sc_hd__clkbuf_2)
     3    0.012527    0.075857    0.122439    0.483592 ^ hold600/X (sky130_fd_sc_hd__clkbuf_2)
                                                         net599 (net)
                      0.075857    0.000060    0.483651 ^ _1792_/B (sky130_fd_sc_hd__or2_2)
     7    0.026840    0.143486    0.192831    0.676483 ^ _1792_/X (sky130_fd_sc_hd__or2_2)
                                                         _1016_ (net)
                      0.143486    0.000352    0.676835 ^ _1901_/B1 (sky130_fd_sc_hd__a21o_2)
     1    0.003093    0.030233    0.109525    0.786359 ^ _1901_/X (sky130_fd_sc_hd__a21o_2)
                                                         _1123_ (net)
                      0.030233    0.000008    0.786367 ^ _1902_/B2 (sky130_fd_sc_hd__o22a_2)
     1    0.005020    0.042153    0.116804    0.903172 ^ _1902_/X (sky130_fd_sc_hd__o22a_2)
                                                         _1124_ (net)
                      0.042153    0.000009    0.903180 ^ _1903_/B (sky130_fd_sc_hd__nor2_2)
     1    0.001899    0.014494    0.026170    0.929350 v _1903_/Y (sky130_fd_sc_hd__nor2_2)
                                                         _0018_ (net)
                      0.014494    0.000002    0.929352 v _2673_/D (sky130_fd_sc_hd__dfxtp_2)
                                              0.929352   data arrival time

                                  0.000000    0.000000   clock clk (rise edge)
                                  0.000000    0.000000   clock source latency
     1    0.020577    0.098310    0.067797    0.067797 ^ clk (in)
                                                         clk (net)
                      0.098324    0.000000    0.067797 ^ clkbuf_0_clk/A (sky130_fd_sc_hd__clkbuf_16)
    16    0.089719    0.106122    0.197967    0.265764 ^ clkbuf_0_clk/X (sky130_fd_sc_hd__clkbuf_16)
                                                         clknet_0_clk (net)
                      0.106136    0.001288    0.267053 ^ clkbuf_4_14_0_clk/A (sky130_fd_sc_hd__clkbuf_8)
     6    0.017929    0.048158    0.151500    0.418553 ^ clkbuf_4_14_0_clk/X (sky130_fd_sc_hd__clkbuf_8)
                                                         clknet_4_14_0_clk (net)
                      0.048158    0.000182    0.418735 ^ _2673_/CLK (sky130_fd_sc_hd__dfxtp_2)
                                  0.200000    0.618735   clock uncertainty
                                  0.000000    0.618735   clock reconvergence pessimism
                                 -0.032839    0.585896   library hold time
                                              0.585896   data required time
---------------------------------------------------------------------------------------------
                                              0.585896   data required time
                                             -0.929352   data arrival time
---------------------------------------------------------------------------------------------
                                              0.343456   slack (MET)


Startpoint: b_in[2] (input port clocked by clk)
Endpoint: _2640_ (rising edge-triggered flip-flop clocked by clk)
Path Group: clk
Path Type: min

Fanout         Cap        Slew       Delay        Time   Description
---------------------------------------------------------------------------------------------
                                  0.000000    0.000000   clock clk (rise edge)
                                  0.000000    0.000000   clock network delay (propagated)
                                  0.020000    0.020000 ^ input external delay
     1    0.005420    0.031129    0.019198    0.039198 ^ b_in[2] (in)
                                                         b_in[2] (net)
                      0.031129    0.000000    0.039198 ^ hold500/A (sky130_fd_sc_hd__clkbuf_2)
     1    0.002469    0.027293    0.083477    0.122675 ^ hold500/X (sky130_fd_sc_hd__clkbuf_2)
                                                         net499 (net)
                      0.027293    0.000002    0.122677 ^ hold489/A (sky130_fd_sc_hd__clkbuf_2)
     1    0.002628    0.028089    0.082840    0.205517 ^ hold489/X (sky130_fd_sc_hd__clkbuf_2)
                                                         net488 (net)
                      0.028089    0.000004    0.205520 ^ hold501/A (sky130_fd_sc_hd__clkbuf_2)
     1    0.002856    0.028261    0.084176    0.289696 ^ hold501/X (sky130_fd_sc_hd__clkbuf_2)
                                                         net500 (net)
                      0.028261    0.000015    0.289711 ^ input333/A (sky130_fd_sc_hd__buf_2)
     1    0.003480    0.029627    0.087234    0.376946 ^ input333/X (sky130_fd_sc_hd__buf_2)
                                                         net333 (net)
                      0.029627    0.000019    0.376964 ^ hold502/A (sky130_fd_sc_hd__clkbuf_2)
     1    0.005845    0.042684    0.097241    0.474205 ^ hold502/X (sky130_fd_sc_hd__clkbuf_2)
                                                         net501 (net)
                      0.042684    0.000078    0.474284 ^ hold490/A (sky130_fd_sc_hd__clkbuf_2)
     2    0.006748    0.047127    0.105350    0.579634 ^ hold490/X (sky130_fd_sc_hd__clkbuf_2)
                                                         net489 (net)
                      0.047127    0.000090    0.579723 ^ hold503/A (sky130_fd_sc_hd__clkbuf_2)
     2    0.006669    0.046726    0.106652    0.686375 ^ hold503/X (sky130_fd_sc_hd__clkbuf_2)
                                                         net502 (net)
                      0.046726    0.000022    0.686397 ^ _2578_/A2 (sky130_fd_sc_hd__o211a_2)
     1    0.003346    0.043580    0.158840    0.845237 ^ _2578_/X (sky130_fd_sc_hd__o211a_2)
                                                         _0067_ (net)
                      0.043580    0.000012    0.845250 ^ hold491/A (sky130_fd_sc_hd__clkbuf_2)
     1    0.002637    0.027248    0.088700    0.933950 ^ hold491/X (sky130_fd_sc_hd__clkbuf_2)
                                                         net490 (net)
                      0.027248    0.000010    0.933959 ^ _2640_/D (sky130_fd_sc_hd__dfxtp_2)
                                              0.933959   data arrival time

                                  0.000000    0.000000   clock clk (rise edge)
                                  0.000000    0.000000   clock source latency
     1    0.020577    0.098310    0.067797    0.067797 ^ clk (in)
                                                         clk (net)
                      0.098324    0.000000    0.067797 ^ clkbuf_0_clk/A (sky130_fd_sc_hd__clkbuf_16)
    16    0.089719    0.106122    0.197967    0.265764 ^ clkbuf_0_clk/X (sky130_fd_sc_hd__clkbuf_16)
                                                         clknet_0_clk (net)
                      0.106142    0.001480    0.267244 ^ clkbuf_4_2_0_clk/A (sky130_fd_sc_hd__clkbuf_8)
     6    0.016579    0.046067    0.149538    0.416782 ^ clkbuf_4_2_0_clk/X (sky130_fd_sc_hd__clkbuf_8)
                                                         clknet_4_2_0_clk (net)
                      0.046067    0.000090    0.416873 ^ _2640_/CLK (sky130_fd_sc_hd__dfxtp_2)
                                  0.200000    0.616872   clock uncertainty
                                  0.000000    0.616872   clock reconvergence pessimism
                                 -0.027373    0.589500   library hold time
                                              0.589500   data required time
---------------------------------------------------------------------------------------------
                                              0.589500   data required time
                                             -0.933959   data arrival time
---------------------------------------------------------------------------------------------
                                              0.344460   slack (MET)


Startpoint: b_in[1] (input port clocked by clk)
Endpoint: _2656_ (rising edge-triggered flip-flop clocked by clk)
Path Group: clk
Path Type: min

Fanout         Cap        Slew       Delay        Time   Description
---------------------------------------------------------------------------------------------
                                  0.000000    0.000000   clock clk (rise edge)
                                  0.000000    0.000000   clock network delay (propagated)
                                  0.020000    0.020000 ^ input external delay
     1    0.004209    0.025844    0.015228    0.035228 ^ b_in[1] (in)
                                                         b_in[1] (net)
                      0.025844    0.000000    0.035228 ^ hold495/A (sky130_fd_sc_hd__clkbuf_2)
     1    0.004547    0.036391    0.090893    0.126121 ^ hold495/X (sky130_fd_sc_hd__clkbuf_2)
                                                         net494 (net)
                      0.036391    0.000042    0.126162 ^ hold456/A (sky130_fd_sc_hd__clkbuf_2)
     1    0.004390    0.035608    0.094021    0.220183 ^ hold456/X (sky130_fd_sc_hd__clkbuf_2)
                                                         net455 (net)
                      0.035608    0.000040    0.220223 ^ hold496/A (sky130_fd_sc_hd__clkbuf_2)
     1    0.003648    0.032014    0.090519    0.310742 ^ hold496/X (sky130_fd_sc_hd__clkbuf_2)
                                                         net495 (net)
                      0.032014    0.000029    0.310771 ^ input332/A (sky130_fd_sc_hd__buf_2)
     1    0.004138    0.032480    0.091442    0.402212 ^ input332/X (sky130_fd_sc_hd__buf_2)
                                                         net332 (net)
                      0.032480    0.000034    0.402246 ^ hold497/A (sky130_fd_sc_hd__clkbuf_2)
     1    0.003196    0.029834    0.087319    0.489565 ^ hold497/X (sky130_fd_sc_hd__clkbuf_2)
                                                         net496 (net)
                      0.029834    0.000012    0.489577 ^ hold457/A (sky130_fd_sc_hd__clkbuf_2)
     2    0.005460    0.040800    0.095839    0.585416 ^ hold457/X (sky130_fd_sc_hd__clkbuf_2)
                                                         net456 (net)
                      0.040800    0.000036    0.585453 ^ hold498/A (sky130_fd_sc_hd__clkbuf_2)
     2    0.006343    0.045118    0.103148    0.688601 ^ hold498/X (sky130_fd_sc_hd__clkbuf_2)
                                                         net497 (net)
                      0.045118    0.000004    0.688605 ^ _2615_/A1 (sky130_fd_sc_hd__o211a_2)
     1    0.002878    0.042800    0.166444    0.855049 ^ _2615_/X (sky130_fd_sc_hd__o211a_2)
                                                         _0083_ (net)
                      0.042800    0.000009    0.855058 ^ hold499/A (sky130_fd_sc_hd__clkbuf_2)
     1    0.002104    0.025459    0.085970    0.941028 ^ hold499/X (sky130_fd_sc_hd__clkbuf_2)
                                                         net498 (net)
                      0.025459    0.000005    0.941034 ^ _2656_/D (sky130_fd_sc_hd__dfxtp_2)
                                              0.941034   data arrival time

                                  0.000000    0.000000   clock clk (rise edge)
                                  0.000000    0.000000   clock source latency
     1    0.020577    0.098310    0.067797    0.067797 ^ clk (in)
                                                         clk (net)
                      0.098324    0.000000    0.067797 ^ clkbuf_0_clk/A (sky130_fd_sc_hd__clkbuf_16)
    16    0.089719    0.106122    0.197967    0.265764 ^ clkbuf_0_clk/X (sky130_fd_sc_hd__clkbuf_16)
                                                         clknet_0_clk (net)
                      0.106122    0.000315    0.266080 ^ clkbuf_4_10_0_clk/A (sky130_fd_sc_hd__clkbuf_8)
     6    0.020917    0.052503    0.155932    0.422012 ^ clkbuf_4_10_0_clk/X (sky130_fd_sc_hd__clkbuf_8)
                                                         clknet_4_10_0_clk (net)
                      0.052505    0.000423    0.422435 ^ _2656_/CLK (sky130_fd_sc_hd__dfxtp_2)
                                  0.200000    0.622435   clock uncertainty
                                  0.000000    0.622435   clock reconvergence pessimism
                                 -0.026158    0.596277   library hold time
                                              0.596277   data required time
---------------------------------------------------------------------------------------------
                                              0.596277   data required time
                                             -0.941034   data arrival time
---------------------------------------------------------------------------------------------
                                              0.344757   slack (MET)


Startpoint: _2667_ (rising edge-triggered flip-flop clocked by clk)
Endpoint: _2667_ (rising edge-triggered flip-flop clocked by clk)
Path Group: clk
Path Type: min

Fanout         Cap        Slew       Delay        Time   Description
---------------------------------------------------------------------------------------------
                                  0.000000    0.000000   clock clk (rise edge)
                                  0.000000    0.000000   clock source latency
     1    0.020577    0.098310    0.067797    0.067797 ^ clk (in)
                                                         clk (net)
                      0.098324    0.000000    0.067797 ^ clkbuf_0_clk/A (sky130_fd_sc_hd__clkbuf_16)
    16    0.089719    0.106122    0.197967    0.265764 ^ clkbuf_0_clk/X (sky130_fd_sc_hd__clkbuf_16)
                                                         clknet_0_clk (net)
                      0.106155    0.001818    0.267582 ^ clkbuf_4_0_0_clk/A (sky130_fd_sc_hd__clkbuf_8)
     6    0.016022    0.045232    0.148685    0.416267 ^ clkbuf_4_0_0_clk/X (sky130_fd_sc_hd__clkbuf_8)
                                                         clknet_4_0_0_clk (net)
                      0.045232    0.000181    0.416448 ^ _2667_/CLK (sky130_fd_sc_hd__dfxtp_2)
     5    0.016179    0.089978    0.353964    0.770411 ^ _2667_/Q (sky130_fd_sc_hd__dfxtp_2)
                                                         r2_mantissa[12] (net)
                      0.089978    0.000009    0.770421 ^ _1364_/A1 (sky130_fd_sc_hd__o211a_2)
     1    0.001865    0.037040    0.170796    0.941217 ^ _1364_/X (sky130_fd_sc_hd__o211a_2)
                                                         _0012_ (net)
                      0.037040    0.000001    0.941218 ^ _2667_/D (sky130_fd_sc_hd__dfxtp_2)
                                              0.941218   data arrival time

                                  0.000000    0.000000   clock clk (rise edge)
                                  0.000000    0.000000   clock source latency
     1    0.020577    0.098310    0.067797    0.067797 ^ clk (in)
                                                         clk (net)
                      0.098324    0.000000    0.067797 ^ clkbuf_0_clk/A (sky130_fd_sc_hd__clkbuf_16)
    16    0.089719    0.106122    0.197967    0.265764 ^ clkbuf_0_clk/X (sky130_fd_sc_hd__clkbuf_16)
                                                         clknet_0_clk (net)
                      0.106155    0.001818    0.267582 ^ clkbuf_4_0_0_clk/A (sky130_fd_sc_hd__clkbuf_8)
     6    0.016022    0.045232    0.148685    0.416267 ^ clkbuf_4_0_0_clk/X (sky130_fd_sc_hd__clkbuf_8)
                                                         clknet_4_0_0_clk (net)
                      0.045232    0.000181    0.416448 ^ _2667_/CLK (sky130_fd_sc_hd__dfxtp_2)
                                  0.200000    0.616448   clock uncertainty
                                  0.000000    0.616448   clock reconvergence pessimism
                                 -0.029510    0.586937   library hold time
                                              0.586937   data required time
---------------------------------------------------------------------------------------------
                                              0.586937   data required time
                                             -0.941218   data arrival time
---------------------------------------------------------------------------------------------
                                              0.354281   slack (MET)


Startpoint: a_in[1] (input port clocked by clk)
Endpoint: _2623_ (rising edge-triggered flip-flop clocked by clk)
Path Group: clk
Path Type: min

Fanout         Cap        Slew       Delay        Time   Description
---------------------------------------------------------------------------------------------
                                  0.000000    0.000000   clock clk (rise edge)
                                  0.000000    0.000000   clock network delay (propagated)
                                  0.020000    0.020000 ^ input external delay
     1    0.005547    0.031685    0.019613    0.039613 ^ a_in[1] (in)
                                                         a_in[1] (net)
                      0.031685    0.000000    0.039613 ^ hold620/A (sky130_fd_sc_hd__clkbuf_2)
     1    0.003853    0.033021    0.090070    0.129682 ^ hold620/X (sky130_fd_sc_hd__clkbuf_2)
                                                         net619 (net)
                      0.033021    0.000027    0.129709 ^ hold432/A (sky130_fd_sc_hd__clkbuf_2)
     1    0.006849    0.047640    0.102316    0.232025 ^ hold432/X (sky130_fd_sc_hd__clkbuf_2)
                                                         net431 (net)
                      0.047640    0.000110    0.232135 ^ hold621/A (sky130_fd_sc_hd__clkbuf_2)
     1    0.005870    0.042774    0.103722    0.335856 ^ hold621/X (sky130_fd_sc_hd__clkbuf_2)
                                                         net620 (net)
                      0.042774    0.000082    0.335938 ^ input316/A (sky130_fd_sc_hd__buf_2)
     1    0.005456    0.038053    0.100250    0.436188 ^ input316/X (sky130_fd_sc_hd__buf_2)
                                                         net316 (net)
                      0.038053    0.000060    0.436248 ^ hold622/A (sky130_fd_sc_hd__clkbuf_2)
     1    0.002891    0.029376    0.087901    0.524149 ^ hold622/X (sky130_fd_sc_hd__clkbuf_2)
                                                         net621 (net)
                      0.029376    0.000008    0.524156 ^ hold433/A (sky130_fd_sc_hd__clkbuf_2)
     2    0.005258    0.039816    0.094893    0.619050 ^ hold433/X (sky130_fd_sc_hd__clkbuf_2)
                                                         net432 (net)
                      0.039816    0.000033    0.619083 ^ hold623/A (sky130_fd_sc_hd__clkbuf_2)
     1    0.002718    0.028513    0.087732    0.706814 ^ hold623/X (sky130_fd_sc_hd__clkbuf_2)
                                                         net622 (net)
                      0.028513    0.000003    0.706817 ^ _2535_/A2 (sky130_fd_sc_hd__o211a_2)
     1    0.002619    0.040909    0.149096    0.855913 ^ _2535_/X (sky130_fd_sc_hd__o211a_2)
                                                         _0050_ (net)
                      0.040909    0.000004    0.855918 ^ hold434/A (sky130_fd_sc_hd__clkbuf_2)
     1    0.001860    0.024249    0.084166    0.940084 ^ hold434/X (sky130_fd_sc_hd__clkbuf_2)
                                                         net433 (net)
                      0.024249    0.000001    0.940085 ^ _2623_/D (sky130_fd_sc_hd__dfxtp_2)
                                              0.940085   data arrival time

                                  0.000000    0.000000   clock clk (rise edge)
                                  0.000000    0.000000   clock source latency
     1    0.020577    0.098310    0.067797    0.067797 ^ clk (in)
                                                         clk (net)
                      0.098324    0.000000    0.067797 ^ clkbuf_0_clk/A (sky130_fd_sc_hd__clkbuf_16)
    16    0.089719    0.106122    0.197967    0.265764 ^ clkbuf_0_clk/X (sky130_fd_sc_hd__clkbuf_16)
                                                         clknet_0_clk (net)
                      0.106139    0.001391    0.267155 ^ clkbuf_4_3_0_clk/A (sky130_fd_sc_hd__clkbuf_8)
     6    0.013972    0.042168    0.145646    0.412801 ^ clkbuf_4_3_0_clk/X (sky130_fd_sc_hd__clkbuf_8)
                                                         clknet_4_3_0_clk (net)
                      0.042168    0.000044    0.412845 ^ _2623_/CLK (sky130_fd_sc_hd__dfxtp_2)
                                  0.200000    0.612845   clock uncertainty
                                  0.000000    0.612845   clock reconvergence pessimism
                                 -0.027263    0.585581   library hold time
                                              0.585581   data required time
---------------------------------------------------------------------------------------------
                                              0.585581   data required time
                                             -0.940085   data arrival time
---------------------------------------------------------------------------------------------
                                              0.354504   slack (MET)


Startpoint: clear_acc (input port clocked by clk)
Endpoint: _2671_ (rising edge-triggered flip-flop clocked by clk)
Path Group: clk
Path Type: min

Fanout         Cap        Slew       Delay        Time   Description
---------------------------------------------------------------------------------------------
                                  0.000000    0.000000   clock clk (rise edge)
                                  0.000000    0.000000   clock network delay (propagated)
                                  0.020000    0.020000 ^ input external delay
     1    0.003531    0.022898    0.012852    0.032852 ^ clear_acc (in)
                                                         clear_acc (net)
                      0.022898    0.000000    0.032852 ^ hold604/A (sky130_fd_sc_hd__clkbuf_2)
     1    0.002573    0.027827    0.081020    0.113873 ^ hold604/X (sky130_fd_sc_hd__clkbuf_2)
                                                         net603 (net)
                      0.027827    0.000003    0.113876 ^ hold599/A (sky130_fd_sc_hd__clkbuf_2)
     1    0.002627    0.028084    0.083027    0.196903 ^ hold599/X (sky130_fd_sc_hd__clkbuf_2)
                                                         net598 (net)
                      0.028084    0.000005    0.196908 ^ hold605/A (sky130_fd_sc_hd__clkbuf_2)
     1    0.002054    0.025231    0.080462    0.277370 ^ hold605/X (sky130_fd_sc_hd__clkbuf_2)
                                                         net604 (net)
                      0.025231    0.000003    0.277373 ^ input341/A (sky130_fd_sc_hd__buf_2)
     1    0.002933    0.028271    0.083773    0.361146 ^ input341/X (sky130_fd_sc_hd__buf_2)
                                                         net341 (net)
                      0.028271    0.000007    0.361153 ^ hold600/A (sky130_fd_sc_hd__clkbuf_2)
     3    0.012527    0.075857    0.122439    0.483592 ^ hold600/X (sky130_fd_sc_hd__clkbuf_2)
                                                         net599 (net)
                      0.075857    0.000060    0.483651 ^ _1792_/B (sky130_fd_sc_hd__or2_2)
     7    0.026840    0.143486    0.192831    0.676483 ^ _1792_/X (sky130_fd_sc_hd__or2_2)
                                                         _1016_ (net)
                      0.143486    0.000390    0.676872 ^ _1794_/B1 (sky130_fd_sc_hd__a31o_2)
     1    0.002770    0.034178    0.119971    0.796844 ^ _1794_/X (sky130_fd_sc_hd__a31o_2)
                                                         _1018_ (net)
                      0.034178    0.000005    0.796848 ^ _1795_/B2 (sky130_fd_sc_hd__o22a_2)
     1    0.005039    0.042222    0.118224    0.915072 ^ _1795_/X (sky130_fd_sc_hd__o22a_2)
                                                         _1019_ (net)
                      0.042222    0.000009    0.915081 ^ _1796_/B (sky130_fd_sc_hd__nor2_2)
     1    0.001984    0.014409    0.026395    0.941475 v _1796_/Y (sky130_fd_sc_hd__nor2_2)
                                                         _0016_ (net)
                      0.014409    0.000004    0.941479 v _2671_/D (sky130_fd_sc_hd__dfxtp_2)
                                              0.941479   data arrival time

                                  0.000000    0.000000   clock clk (rise edge)
                                  0.000000    0.000000   clock source latency
     1    0.020577    0.098310    0.067797    0.067797 ^ clk (in)
                                                         clk (net)
                      0.098324    0.000000    0.067797 ^ clkbuf_0_clk/A (sky130_fd_sc_hd__clkbuf_16)
    16    0.089719    0.106122    0.197967    0.265764 ^ clkbuf_0_clk/X (sky130_fd_sc_hd__clkbuf_16)
                                                         clknet_0_clk (net)
                      0.106136    0.001288    0.267053 ^ clkbuf_4_14_0_clk/A (sky130_fd_sc_hd__clkbuf_8)
     6    0.017929    0.048158    0.151500    0.418553 ^ clkbuf_4_14_0_clk/X (sky130_fd_sc_hd__clkbuf_8)
                                                         clknet_4_14_0_clk (net)
                      0.048159    0.000281    0.418834 ^ _2671_/CLK (sky130_fd_sc_hd__dfxtp_2)
                                  0.200000    0.618834   clock uncertainty
                                  0.000000    0.618834   clock reconvergence pessimism
                                 -0.032804    0.586030   library hold time
                                              0.586030   data required time
---------------------------------------------------------------------------------------------
                                              0.586030   data required time
                                             -0.941479   data arrival time
---------------------------------------------------------------------------------------------
                                              0.355449   slack (MET)


Startpoint: clear_acc (input port clocked by clk)
Endpoint: _2674_ (rising edge-triggered flip-flop clocked by clk)
Path Group: clk
Path Type: min

Fanout         Cap        Slew       Delay        Time   Description
---------------------------------------------------------------------------------------------
                                  0.000000    0.000000   clock clk (rise edge)
                                  0.000000    0.000000   clock network delay (propagated)
                                  0.020000    0.020000 ^ input external delay
     1    0.003531    0.022898    0.012852    0.032852 ^ clear_acc (in)
                                                         clear_acc (net)
                      0.022898    0.000000    0.032852 ^ hold604/A (sky130_fd_sc_hd__clkbuf_2)
     1    0.002573    0.027827    0.081020    0.113873 ^ hold604/X (sky130_fd_sc_hd__clkbuf_2)
                                                         net603 (net)
                      0.027827    0.000003    0.113876 ^ hold599/A (sky130_fd_sc_hd__clkbuf_2)
     1    0.002627    0.028084    0.083027    0.196903 ^ hold599/X (sky130_fd_sc_hd__clkbuf_2)
                                                         net598 (net)
                      0.028084    0.000005    0.196908 ^ hold605/A (sky130_fd_sc_hd__clkbuf_2)
     1    0.002054    0.025231    0.080462    0.277370 ^ hold605/X (sky130_fd_sc_hd__clkbuf_2)
                                                         net604 (net)
                      0.025231    0.000003    0.277373 ^ input341/A (sky130_fd_sc_hd__buf_2)
     1    0.002933    0.028271    0.083773    0.361146 ^ input341/X (sky130_fd_sc_hd__buf_2)
                                                         net341 (net)
                      0.028271    0.000007    0.361153 ^ hold600/A (sky130_fd_sc_hd__clkbuf_2)
     3    0.012527    0.075857    0.122439    0.483592 ^ hold600/X (sky130_fd_sc_hd__clkbuf_2)
                                                         net599 (net)
                      0.075857    0.000062    0.483654 ^ _1370_/B (sky130_fd_sc_hd__nor2_2)
     2    0.005749    0.026757    0.042462    0.526116 v _1370_/Y (sky130_fd_sc_hd__nor2_2)
                                                         _0595_ (net)
                      0.026757    0.000002    0.526119 v place239/A (sky130_fd_sc_hd__buf_1)
     6    0.023912    0.141194    0.170751    0.696870 v place239/X (sky130_fd_sc_hd__buf_1)
                                                         net239 (net)
                      0.141194    0.000260    0.697129 v _1948_/A (sky130_fd_sc_hd__nand2_2)
     1    0.002698    0.047199    0.081188    0.778317 ^ _1948_/Y (sky130_fd_sc_hd__nand2_2)
                                                         _1169_ (net)
                      0.047199    0.000004    0.778321 ^ _1950_/A3 (sky130_fd_sc_hd__o32a_2)
     1    0.005203    0.042669    0.135914    0.914235 ^ _1950_/X (sky130_fd_sc_hd__o32a_2)
                                                         _1171_ (net)
                      0.042669    0.000015    0.914250 ^ _1951_/B (sky130_fd_sc_hd__nor2_2)
     1    0.001976    0.014478    0.026487    0.940737 v _1951_/Y (sky130_fd_sc_hd__nor2_2)
                                                         _0019_ (net)
                      0.014478    0.000003    0.940741 v _2674_/D (sky130_fd_sc_hd__dfxtp_2)
                                              0.940741   data arrival time

                                  0.000000    0.000000   clock clk (rise edge)
                                  0.000000    0.000000   clock source latency
     1    0.020577    0.098310    0.067797    0.067797 ^ clk (in)
                                                         clk (net)
                      0.098324    0.000000    0.067797 ^ clkbuf_0_clk/A (sky130_fd_sc_hd__clkbuf_16)
    16    0.089719    0.106122    0.197967    0.265764 ^ clkbuf_0_clk/X (sky130_fd_sc_hd__clkbuf_16)
                                                         clknet_0_clk (net)
                      0.106136    0.001288    0.267052 ^ clkbuf_4_15_0_clk/A (sky130_fd_sc_hd__clkbuf_8)
     6    0.017276    0.047130    0.150588    0.417640 ^ clkbuf_4_15_0_clk/X (sky130_fd_sc_hd__clkbuf_8)
                                                         clknet_4_15_0_clk (net)
                      0.047130    0.000073    0.417713 ^ _2674_/CLK (sky130_fd_sc_hd__dfxtp_2)
                                  0.200000    0.617713   clock uncertainty
                                  0.000000    0.617713   clock reconvergence pessimism
                                 -0.033062    0.584651   library hold time
                                              0.584651   data required time
---------------------------------------------------------------------------------------------
                                              0.584651   data required time
                                             -0.940741   data arrival time
---------------------------------------------------------------------------------------------
                                              0.356090   slack (MET)


Startpoint: a_in[6] (input port clocked by clk)
Endpoint: _2628_ (rising edge-triggered flip-flop clocked by clk)
Path Group: clk
Path Type: min

Fanout         Cap        Slew       Delay        Time   Description
---------------------------------------------------------------------------------------------
                                  0.000000    0.000000   clock clk (rise edge)
                                  0.000000    0.000000   clock network delay (propagated)
                                  0.020000    0.020000 ^ input external delay
     1    0.006806    0.037230    0.023699    0.043699 ^ a_in[6] (in)
                                                         a_in[6] (net)
                      0.037231    0.000000    0.043699 ^ hold648/A (sky130_fd_sc_hd__clkbuf_2)
     1    0.007926    0.053020    0.107960    0.151659 ^ hold648/X (sky130_fd_sc_hd__clkbuf_2)
                                                         net647 (net)
                      0.053020    0.000153    0.151812 ^ hold447/A (sky130_fd_sc_hd__clkbuf_2)
     1    0.003306    0.030320    0.095137    0.246950 ^ hold447/X (sky130_fd_sc_hd__clkbuf_2)
                                                         net446 (net)
                      0.030320    0.000018    0.246968 ^ hold649/A (sky130_fd_sc_hd__clkbuf_2)
     1    0.005918    0.043041    0.097768    0.344736 ^ hold649/X (sky130_fd_sc_hd__clkbuf_2)
                                                         net648 (net)
                      0.043041    0.000085    0.344821 ^ input321/A (sky130_fd_sc_hd__buf_2)
     1    0.005306    0.037398    0.099814    0.444635 ^ input321/X (sky130_fd_sc_hd__buf_2)
                                                         net321 (net)
                      0.037398    0.000060    0.444695 ^ hold650/A (sky130_fd_sc_hd__clkbuf_2)
     1    0.002578    0.027821    0.086221    0.530916 ^ hold650/X (sky130_fd_sc_hd__clkbuf_2)
                                                         net649 (net)
                      0.027821    0.000004    0.530921 ^ hold448/A (sky130_fd_sc_hd__clkbuf_2)
     2    0.004587    0.036579    0.091754    0.622674 ^ hold448/X (sky130_fd_sc_hd__clkbuf_2)
                                                         net447 (net)
                      0.036579    0.000020    0.622695 ^ hold651/A (sky130_fd_sc_hd__clkbuf_2)
     1    0.002901    0.029428    0.087420    0.710115 ^ hold651/X (sky130_fd_sc_hd__clkbuf_2)
                                                         net650 (net)
                      0.029428    0.000008    0.710123 ^ _2548_/A2 (sky130_fd_sc_hd__o211a_2)
     1    0.002870    0.042316    0.150908    0.861031 ^ _2548_/X (sky130_fd_sc_hd__o211a_2)
                                                         _0055_ (net)
                      0.042316    0.000009    0.861040 ^ hold449/A (sky130_fd_sc_hd__clkbuf_2)
     1    0.001892    0.024408    0.084820    0.945860 ^ hold449/X (sky130_fd_sc_hd__clkbuf_2)
                                                         net448 (net)
                      0.024408    0.000003    0.945862 ^ _2628_/D (sky130_fd_sc_hd__dfxtp_2)
                                              0.945862   data arrival time

                                  0.000000    0.000000   clock clk (rise edge)
                                  0.000000    0.000000   clock source latency
     1    0.020577    0.098310    0.067797    0.067797 ^ clk (in)
                                                         clk (net)
                      0.098324    0.000000    0.067797 ^ clkbuf_0_clk/A (sky130_fd_sc_hd__clkbuf_16)
    16    0.089719    0.106122    0.197967    0.265764 ^ clkbuf_0_clk/X (sky130_fd_sc_hd__clkbuf_16)
                                                         clknet_0_clk (net)
                      0.106139    0.001391    0.267155 ^ clkbuf_4_3_0_clk/A (sky130_fd_sc_hd__clkbuf_8)
     6    0.013972    0.042168    0.145646    0.412801 ^ clkbuf_4_3_0_clk/X (sky130_fd_sc_hd__clkbuf_8)
                                                         clknet_4_3_0_clk (net)
                      0.042168    0.000038    0.412839 ^ _2628_/CLK (sky130_fd_sc_hd__dfxtp_2)
                                  0.200000    0.612839   clock uncertainty
                                  0.000000    0.612839   clock reconvergence pessimism
                                 -0.027296    0.585543   library hold time
                                              0.585543   data required time
---------------------------------------------------------------------------------------------
                                              0.585543   data required time
                                             -0.945862   data arrival time
---------------------------------------------------------------------------------------------
                                              0.360320   slack (MET)


Startpoint: a_in[14] (input port clocked by clk)
Endpoint: _2636_ (rising edge-triggered flip-flop clocked by clk)
Path Group: clk
Path Type: min

Fanout         Cap        Slew       Delay        Time   Description
---------------------------------------------------------------------------------------------
                                  0.000000    0.000000   clock clk (rise edge)
                                  0.000000    0.000000   clock network delay (propagated)
                                  0.020000    0.020000 ^ input external delay
     1    0.007823    0.041735    0.027011    0.047011 ^ a_in[14] (in)
                                                         a_in[14] (net)
                      0.041735    0.000000    0.047011 ^ hold616/A (sky130_fd_sc_hd__clkbuf_2)
     1    0.004273    0.035039    0.095465    0.142477 ^ hold616/X (sky130_fd_sc_hd__clkbuf_2)
                                                         net615 (net)
                      0.035039    0.000033    0.142509 ^ hold417/A (sky130_fd_sc_hd__clkbuf_2)
     1    0.003419    0.030904    0.089260    0.231769 ^ hold417/X (sky130_fd_sc_hd__clkbuf_2)
                                                         net416 (net)
                      0.030904    0.000015    0.231784 ^ hold617/A (sky130_fd_sc_hd__clkbuf_2)
     1    0.002046    0.025186    0.081435    0.313219 ^ hold617/X (sky130_fd_sc_hd__clkbuf_2)
                                                         net616 (net)
                      0.025186    0.000002    0.313221 ^ input314/A (sky130_fd_sc_hd__buf_2)
     1    0.004731    0.035009    0.091109    0.404330 ^ input314/X (sky130_fd_sc_hd__buf_2)
                                                         net314 (net)
                      0.035009    0.000037    0.404367 ^ hold618/A (sky130_fd_sc_hd__clkbuf_2)
     1    0.004885    0.037992    0.095450    0.499817 ^ hold618/X (sky130_fd_sc_hd__clkbuf_2)
                                                         net617 (net)
                      0.037992    0.000040    0.499857 ^ hold418/A (sky130_fd_sc_hd__clkbuf_2)
     2    0.007090    0.048833    0.105026    0.604883 ^ hold418/X (sky130_fd_sc_hd__clkbuf_2)
                                                         net417 (net)
                      0.048833    0.000056    0.604939 ^ hold619/A (sky130_fd_sc_hd__clkbuf_2)
     1    0.003297    0.030289    0.093611    0.698550 ^ hold619/X (sky130_fd_sc_hd__clkbuf_2)
                                                         net618 (net)
                      0.030289    0.000011    0.698561 ^ _2564_/A2 (sky130_fd_sc_hd__o211a_2)
     1    0.004925    0.051796    0.162646    0.861207 ^ _2564_/X (sky130_fd_sc_hd__o211a_2)
                                                         _0063_ (net)
                      0.051796    0.000046    0.861253 ^ hold419/A (sky130_fd_sc_hd__clkbuf_2)
     1    0.004019    0.033787    0.097973    0.959225 ^ hold419/X (sky130_fd_sc_hd__clkbuf_2)
                                                         net418 (net)
                      0.033787    0.000034    0.959259 ^ _2636_/D (sky130_fd_sc_hd__dfxtp_2)
                                              0.959259   data arrival time

                                  0.000000    0.000000   clock clk (rise edge)
                                  0.000000    0.000000   clock source latency
     1    0.020577    0.098310    0.067797    0.067797 ^ clk (in)
                                                         clk (net)
                      0.098324    0.000000    0.067797 ^ clkbuf_0_clk/A (sky130_fd_sc_hd__clkbuf_16)
    16    0.089719    0.106122    0.197967    0.265764 ^ clkbuf_0_clk/X (sky130_fd_sc_hd__clkbuf_16)
                                                         clknet_0_clk (net)
                      0.106162    0.001958    0.267722 ^ clkbuf_4_4_0_clk/A (sky130_fd_sc_hd__clkbuf_8)
     6    0.018692    0.049319    0.152714    0.420436 ^ clkbuf_4_4_0_clk/X (sky130_fd_sc_hd__clkbuf_8)
                                                         clknet_4_4_0_clk (net)
                      0.049319    0.000141    0.420578 ^ _2636_/CLK (sky130_fd_sc_hd__dfxtp_2)
                                  0.200000    0.620578   clock uncertainty
                                  0.000000    0.620578   clock reconvergence pessimism
                                 -0.028300    0.592278   library hold time
                                              0.592278   data required time
---------------------------------------------------------------------------------------------
                                              0.592278   data required time
                                             -0.959259   data arrival time
---------------------------------------------------------------------------------------------
                                              0.366982   slack (MET)


Startpoint: b_in[14] (input port clocked by clk)
Endpoint: _2652_ (rising edge-triggered flip-flop clocked by clk)
Path Group: clk
Path Type: min

Fanout         Cap        Slew       Delay        Time   Description
---------------------------------------------------------------------------------------------
                                  0.000000    0.000000   clock clk (rise edge)
                                  0.000000    0.000000   clock network delay (propagated)
                                  0.020000    0.020000 ^ input external delay
     1    0.008639    0.045356    0.029657    0.049657 ^ b_in[14] (in)
                                                         b_in[14] (net)
                      0.045357    0.000000    0.049657 ^ hold558/A (sky130_fd_sc_hd__clkbuf_2)
     1    0.003363    0.030610    0.092672    0.142329 ^ hold558/X (sky130_fd_sc_hd__clkbuf_2)
                                                         net557 (net)
                      0.030610    0.000016    0.142344 ^ hold480/A (sky130_fd_sc_hd__clkbuf_2)
     1    0.003993    0.033718    0.090336    0.232681 ^ hold480/X (sky130_fd_sc_hd__clkbuf_2)
                                                         net479 (net)
                      0.033718    0.000031    0.232712 ^ hold559/A (sky130_fd_sc_hd__clkbuf_2)
     1    0.002224    0.026070    0.083270    0.315982 ^ hold559/X (sky130_fd_sc_hd__clkbuf_2)
                                                         net558 (net)
                      0.026070    0.000006    0.315988 ^ input330/A (sky130_fd_sc_hd__buf_2)
     1    0.003233    0.028582    0.085361    0.401349 ^ input330/X (sky130_fd_sc_hd__buf_2)
                                                         net330 (net)
                      0.028582    0.000014    0.401363 ^ hold560/A (sky130_fd_sc_hd__clkbuf_2)
     1    0.002904    0.029462    0.084582    0.485945 ^ hold560/X (sky130_fd_sc_hd__clkbuf_2)
                                                         net559 (net)
                      0.029462    0.000008    0.485953 ^ hold481/A (sky130_fd_sc_hd__clkbuf_2)
     2    0.008349    0.055145    0.106849    0.592802 ^ hold481/X (sky130_fd_sc_hd__clkbuf_2)
                                                         net480 (net)
                      0.055145    0.000114    0.592916 ^ hold561/A (sky130_fd_sc_hd__clkbuf_2)
     2    0.006315    0.044978    0.108124    0.701041 ^ hold561/X (sky130_fd_sc_hd__clkbuf_2)
                                                         net560 (net)
                      0.044978    0.000063    0.701104 ^ _2602_/A2 (sky130_fd_sc_hd__o211a_2)
     1    0.004539    0.049921    0.165037    0.866141 ^ _2602_/X (sky130_fd_sc_hd__o211a_2)
                                                         _0079_ (net)
                      0.049921    0.000040    0.866181 ^ hold482/A (sky130_fd_sc_hd__clkbuf_2)
     1    0.003282    0.030212    0.093926    0.960106 ^ hold482/X (sky130_fd_sc_hd__clkbuf_2)
                                                         net481 (net)
                      0.030212    0.000021    0.960127 ^ _2652_/D (sky130_fd_sc_hd__dfxtp_2)
                                              0.960127   data arrival time

                                  0.000000    0.000000   clock clk (rise edge)
                                  0.000000    0.000000   clock source latency
     1    0.020577    0.098310    0.067797    0.067797 ^ clk (in)
                                                         clk (net)
                      0.098324    0.000000    0.067797 ^ clkbuf_0_clk/A (sky130_fd_sc_hd__clkbuf_16)
    16    0.089719    0.106122    0.197967    0.265764 ^ clkbuf_0_clk/X (sky130_fd_sc_hd__clkbuf_16)
                                                         clknet_0_clk (net)
                      0.106158    0.001869    0.267634 ^ clkbuf_4_6_0_clk/A (sky130_fd_sc_hd__clkbuf_8)
     6    0.016276    0.045609    0.149087    0.416721 ^ clkbuf_4_6_0_clk/X (sky130_fd_sc_hd__clkbuf_8)
                                                         clknet_4_6_0_clk (net)
                      0.045609    0.000091    0.416812 ^ _2652_/CLK (sky130_fd_sc_hd__dfxtp_2)
                                  0.200000    0.616812   clock uncertainty
                                  0.000000    0.616812   clock reconvergence pessimism
                                 -0.028047    0.588766   library hold time
                                              0.588766   data required time
---------------------------------------------------------------------------------------------
                                              0.588766   data required time
                                             -0.960127   data arrival time
---------------------------------------------------------------------------------------------
                                              0.371362   slack (MET)


Startpoint: clear_acc (input port clocked by clk)
Endpoint: _2677_ (rising edge-triggered flip-flop clocked by clk)
Path Group: clk
Path Type: min

Fanout         Cap        Slew       Delay        Time   Description
---------------------------------------------------------------------------------------------
                                  0.000000    0.000000   clock clk (rise edge)
                                  0.000000    0.000000   clock network delay (propagated)
                                  0.020000    0.020000 ^ input external delay
     1    0.003531    0.022898    0.012852    0.032852 ^ clear_acc (in)
                                                         clear_acc (net)
                      0.022898    0.000000    0.032852 ^ hold604/A (sky130_fd_sc_hd__clkbuf_2)
     1    0.002573    0.027827    0.081020    0.113873 ^ hold604/X (sky130_fd_sc_hd__clkbuf_2)
                                                         net603 (net)
                      0.027827    0.000003    0.113876 ^ hold599/A (sky130_fd_sc_hd__clkbuf_2)
     1    0.002627    0.028084    0.083027    0.196903 ^ hold599/X (sky130_fd_sc_hd__clkbuf_2)
                                                         net598 (net)
                      0.028084    0.000005    0.196908 ^ hold605/A (sky130_fd_sc_hd__clkbuf_2)
     1    0.002054    0.025231    0.080462    0.277370 ^ hold605/X (sky130_fd_sc_hd__clkbuf_2)
                                                         net604 (net)
                      0.025231    0.000003    0.277373 ^ input341/A (sky130_fd_sc_hd__buf_2)
     1    0.002933    0.028271    0.083773    0.361146 ^ input341/X (sky130_fd_sc_hd__buf_2)
                                                         net341 (net)
                      0.028271    0.000007    0.361153 ^ hold600/A (sky130_fd_sc_hd__clkbuf_2)
     3    0.012527    0.075857    0.122439    0.483592 ^ hold600/X (sky130_fd_sc_hd__clkbuf_2)
                                                         net599 (net)
                      0.075857    0.000062    0.483654 ^ _1370_/B (sky130_fd_sc_hd__nor2_2)
     2    0.005749    0.026757    0.042462    0.526116 v _1370_/Y (sky130_fd_sc_hd__nor2_2)
                                                         _0595_ (net)
                      0.026757    0.000002    0.526119 v place239/A (sky130_fd_sc_hd__buf_1)
     6    0.023912    0.141194    0.170751    0.696870 v place239/X (sky130_fd_sc_hd__buf_1)
                                                         net239 (net)
                      0.141194    0.000017    0.696887 v _2077_/B1 (sky130_fd_sc_hd__o21ai_2)
     1    0.002476    0.058143    0.081652    0.778539 ^ _2077_/Y (sky130_fd_sc_hd__o21ai_2)
                                                         _1295_ (net)
                      0.058143    0.000006    0.778544 ^ _2078_/B2 (sky130_fd_sc_hd__o2bb2a_2)
     1    0.005108    0.049320    0.158624    0.937169 ^ _2078_/X (sky130_fd_sc_hd__o2bb2a_2)
                                                         _1296_ (net)
                      0.049320    0.000011    0.937179 ^ _2079_/B (sky130_fd_sc_hd__nor2_2)
     1    0.002238    0.016172    0.028876    0.966056 v _2079_/Y (sky130_fd_sc_hd__nor2_2)
                                                         _0022_ (net)
                      0.016172    0.000007    0.966062 v _2677_/D (sky130_fd_sc_hd__dfxtp_2)
                                              0.966062   data arrival time

                                  0.000000    0.000000   clock clk (rise edge)
                                  0.000000    0.000000   clock source latency
     1    0.020577    0.098310    0.067797    0.067797 ^ clk (in)
                                                         clk (net)
                      0.098324    0.000000    0.067797 ^ clkbuf_0_clk/A (sky130_fd_sc_hd__clkbuf_16)
    16    0.089719    0.106122    0.197967    0.265764 ^ clkbuf_0_clk/X (sky130_fd_sc_hd__clkbuf_16)
                                                         clknet_0_clk (net)
                      0.106122    0.000247    0.266011 ^ clkbuf_4_11_0_clk/A (sky130_fd_sc_hd__clkbuf_8)
     6    0.023716    0.056742    0.159572    0.425583 ^ clkbuf_4_11_0_clk/X (sky130_fd_sc_hd__clkbuf_8)
                                                         clknet_4_11_0_clk (net)
                      0.056742    0.000114    0.425698 ^ _2677_/CLK (sky130_fd_sc_hd__dfxtp_2)
                                  0.200000    0.625698   clock uncertainty
                                  0.000000    0.625698   clock reconvergence pessimism
                                 -0.031614    0.594084   library hold time
                                              0.594084   data required time
---------------------------------------------------------------------------------------------
                                              0.594084   data required time
                                             -0.966062   data arrival time
---------------------------------------------------------------------------------------------
                                              0.371978   slack (MET)


Startpoint: a_in[4] (input port clocked by clk)
Endpoint: _2626_ (rising edge-triggered flip-flop clocked by clk)
Path Group: clk
Path Type: min

Fanout         Cap        Slew       Delay        Time   Description
---------------------------------------------------------------------------------------------
                                  0.000000    0.000000   clock clk (rise edge)
                                  0.000000    0.000000   clock network delay (propagated)
                                  0.020000    0.020000 ^ input external delay
     1    0.005990    0.033633    0.021048    0.041048 ^ a_in[4] (in)
                                                         a_in[4] (net)
                      0.033634    0.000000    0.041048 ^ hold652/A (sky130_fd_sc_hd__clkbuf_2)
     1    0.002415    0.027019    0.084122    0.125171 ^ hold652/X (sky130_fd_sc_hd__clkbuf_2)
                                                         net651 (net)
                      0.027019    0.000001    0.125172 ^ hold426/A (sky130_fd_sc_hd__clkbuf_2)
     1    0.006954    0.048172    0.100597    0.225769 ^ hold426/X (sky130_fd_sc_hd__clkbuf_2)
                                                         net425 (net)
                      0.048172    0.000112    0.225881 ^ hold653/A (sky130_fd_sc_hd__clkbuf_2)
     1    0.006235    0.044573    0.105317    0.331198 ^ hold653/X (sky130_fd_sc_hd__clkbuf_2)
                                                         net652 (net)
                      0.044573    0.000094    0.331292 ^ input319/A (sky130_fd_sc_hd__buf_2)
     1    0.005915    0.040028    0.102548    0.433840 ^ input319/X (sky130_fd_sc_hd__buf_2)
                                                         net319 (net)
                      0.040028    0.000077    0.433917 ^ hold654/A (sky130_fd_sc_hd__clkbuf_2)
     1    0.005252    0.039762    0.098637    0.532554 ^ hold654/X (sky130_fd_sc_hd__clkbuf_2)
                                                         net653 (net)
                      0.039762    0.000065    0.532619 ^ hold427/A (sky130_fd_sc_hd__clkbuf_2)
     2    0.006034    0.043594    0.101577    0.634195 ^ hold427/X (sky130_fd_sc_hd__clkbuf_2)
                                                         net426 (net)
                      0.043594    0.000029    0.634224 ^ hold655/A (sky130_fd_sc_hd__clkbuf_2)
     1    0.003814    0.032802    0.094120    0.728344 ^ hold655/X (sky130_fd_sc_hd__clkbuf_2)
                                                         net654 (net)
                      0.032802    0.000028    0.728372 ^ _2544_/A2 (sky130_fd_sc_hd__o211a_2)
     1    0.002619    0.040899    0.150336    0.878707 ^ _2544_/X (sky130_fd_sc_hd__o211a_2)
                                                         _0053_ (net)
                      0.040899    0.000004    0.878712 ^ hold428/A (sky130_fd_sc_hd__clkbuf_2)
     1    0.001892    0.024410    0.084312    0.963024 ^ hold428/X (sky130_fd_sc_hd__clkbuf_2)
                                                         net427 (net)
                      0.024410    0.000003    0.963026 ^ _2626_/D (sky130_fd_sc_hd__dfxtp_2)
                                              0.963026   data arrival time

                                  0.000000    0.000000   clock clk (rise edge)
                                  0.000000    0.000000   clock source latency
     1    0.020577    0.098310    0.067797    0.067797 ^ clk (in)
                                                         clk (net)
                      0.098324    0.000000    0.067797 ^ clkbuf_0_clk/A (sky130_fd_sc_hd__clkbuf_16)
    16    0.089719    0.106122    0.197967    0.265764 ^ clkbuf_0_clk/X (sky130_fd_sc_hd__clkbuf_16)
                                                         clknet_0_clk (net)
                      0.106142    0.001480    0.267244 ^ clkbuf_4_2_0_clk/A (sky130_fd_sc_hd__clkbuf_8)
     6    0.016579    0.046067    0.149538    0.416782 ^ clkbuf_4_2_0_clk/X (sky130_fd_sc_hd__clkbuf_8)
                                                         clknet_4_2_0_clk (net)
                      0.046067    0.000102    0.416884 ^ _2626_/CLK (sky130_fd_sc_hd__dfxtp_2)
                                  0.200000    0.616884   clock uncertainty
                                  0.000000    0.616884   clock reconvergence pessimism
                                 -0.026785    0.590099   library hold time
                                              0.590099   data required time
---------------------------------------------------------------------------------------------
                                              0.590099   data required time
                                             -0.963026   data arrival time
---------------------------------------------------------------------------------------------
                                              0.372927   slack (MET)


Startpoint: clear_acc (input port clocked by clk)
Endpoint: _2685_ (rising edge-triggered flip-flop clocked by clk)
Path Group: clk
Path Type: min

Fanout         Cap        Slew       Delay        Time   Description
---------------------------------------------------------------------------------------------
                                  0.000000    0.000000   clock clk (rise edge)
                                  0.000000    0.000000   clock network delay (propagated)
                                  0.020000    0.020000 ^ input external delay
     1    0.003531    0.022898    0.012852    0.032852 ^ clear_acc (in)
                                                         clear_acc (net)
                      0.022898    0.000000    0.032852 ^ hold604/A (sky130_fd_sc_hd__clkbuf_2)
     1    0.002573    0.027827    0.081020    0.113873 ^ hold604/X (sky130_fd_sc_hd__clkbuf_2)
                                                         net603 (net)
                      0.027827    0.000003    0.113876 ^ hold599/A (sky130_fd_sc_hd__clkbuf_2)
     1    0.002627    0.028084    0.083027    0.196903 ^ hold599/X (sky130_fd_sc_hd__clkbuf_2)
                                                         net598 (net)
                      0.028084    0.000005    0.196908 ^ hold605/A (sky130_fd_sc_hd__clkbuf_2)
     1    0.002054    0.025231    0.080462    0.277370 ^ hold605/X (sky130_fd_sc_hd__clkbuf_2)
                                                         net604 (net)
                      0.025231    0.000003    0.277373 ^ input341/A (sky130_fd_sc_hd__buf_2)
     1    0.002933    0.028271    0.083773    0.361146 ^ input341/X (sky130_fd_sc_hd__buf_2)
                                                         net341 (net)
                      0.028271    0.000007    0.361153 ^ hold600/A (sky130_fd_sc_hd__clkbuf_2)
     3    0.012527    0.075857    0.122439    0.483592 ^ hold600/X (sky130_fd_sc_hd__clkbuf_2)
                                                         net599 (net)
                      0.075857    0.000062    0.483654 ^ _1370_/B (sky130_fd_sc_hd__nor2_2)
     2    0.005749    0.026757    0.042462    0.526116 v _1370_/Y (sky130_fd_sc_hd__nor2_2)
                                                         _0595_ (net)
                      0.026757    0.000030    0.526147 v hold601/A (sky130_fd_sc_hd__clkbuf_2)
     4    0.020472    0.083473    0.142781    0.668928 v hold601/X (sky130_fd_sc_hd__clkbuf_2)
                                                         net600 (net)
                      0.083473    0.000314    0.669242 v _2319_/C1 (sky130_fd_sc_hd__o311a_2)
     1    0.002630    0.023485    0.126067    0.795309 v _2319_/X (sky130_fd_sc_hd__o311a_2)
                                                         _0312_ (net)
                      0.023485    0.000005    0.795314 v _2320_/A2 (sky130_fd_sc_hd__o21a_2)
     1    0.002030    0.022964    0.174309    0.969623 v _2320_/X (sky130_fd_sc_hd__o21a_2)
                                                         _0030_ (net)
                      0.022964    0.000004    0.969627 v _2685_/D (sky130_fd_sc_hd__dfxtp_2)
                                              0.969627   data arrival time

                                  0.000000    0.000000   clock clk (rise edge)
                                  0.000000    0.000000   clock source latency
     1    0.020577    0.098310    0.067797    0.067797 ^ clk (in)
                                                         clk (net)
                      0.098324    0.000000    0.067797 ^ clkbuf_0_clk/A (sky130_fd_sc_hd__clkbuf_16)
    16    0.089719    0.106122    0.197967    0.265764 ^ clkbuf_0_clk/X (sky130_fd_sc_hd__clkbuf_16)
                                                         clknet_0_clk (net)
                      0.106124    0.000762    0.266527 ^ clkbuf_4_9_0_clk/A (sky130_fd_sc_hd__clkbuf_8)
     6    0.017954    0.048197    0.151533    0.418059 ^ clkbuf_4_9_0_clk/X (sky130_fd_sc_hd__clkbuf_8)
                                                         clknet_4_9_0_clk (net)
                      0.048198    0.000319    0.418379 ^ _2685_/CLK (sky130_fd_sc_hd__dfxtp_2)
                                  0.200000    0.618379   clock uncertainty
                                  0.000000    0.618379   clock reconvergence pessimism
                                 -0.036303    0.582076   library hold time
                                              0.582076   data required time
---------------------------------------------------------------------------------------------
                                              0.582076   data required time
                                             -0.969627   data arrival time
---------------------------------------------------------------------------------------------
                                              0.387551   slack (MET)


Startpoint: clear_acc (input port clocked by clk)
Endpoint: _2676_ (rising edge-triggered flip-flop clocked by clk)
Path Group: clk
Path Type: min

Fanout         Cap        Slew       Delay        Time   Description
---------------------------------------------------------------------------------------------
                                  0.000000    0.000000   clock clk (rise edge)
                                  0.000000    0.000000   clock network delay (propagated)
                                  0.020000    0.020000 ^ input external delay
     1    0.003531    0.022898    0.012852    0.032852 ^ clear_acc (in)
                                                         clear_acc (net)
                      0.022898    0.000000    0.032852 ^ hold604/A (sky130_fd_sc_hd__clkbuf_2)
     1    0.002573    0.027827    0.081020    0.113873 ^ hold604/X (sky130_fd_sc_hd__clkbuf_2)
                                                         net603 (net)
                      0.027827    0.000003    0.113876 ^ hold599/A (sky130_fd_sc_hd__clkbuf_2)
     1    0.002627    0.028084    0.083027    0.196903 ^ hold599/X (sky130_fd_sc_hd__clkbuf_2)
                                                         net598 (net)
                      0.028084    0.000005    0.196908 ^ hold605/A (sky130_fd_sc_hd__clkbuf_2)
     1    0.002054    0.025231    0.080462    0.277370 ^ hold605/X (sky130_fd_sc_hd__clkbuf_2)
                                                         net604 (net)
                      0.025231    0.000003    0.277373 ^ input341/A (sky130_fd_sc_hd__buf_2)
     1    0.002933    0.028271    0.083773    0.361146 ^ input341/X (sky130_fd_sc_hd__buf_2)
                                                         net341 (net)
                      0.028271    0.000007    0.361153 ^ hold600/A (sky130_fd_sc_hd__clkbuf_2)
     3    0.012527    0.075857    0.122439    0.483592 ^ hold600/X (sky130_fd_sc_hd__clkbuf_2)
                                                         net599 (net)
                      0.075857    0.000060    0.483651 ^ _1792_/B (sky130_fd_sc_hd__or2_2)
     7    0.026840    0.143486    0.192831    0.676483 ^ _1792_/X (sky130_fd_sc_hd__or2_2)
                                                         _1016_ (net)
                      0.143486    0.000221    0.676704 ^ _2037_/B1 (sky130_fd_sc_hd__a31o_2)
     1    0.002276    0.031842    0.117431    0.794134 ^ _2037_/X (sky130_fd_sc_hd__a31o_2)
                                                         _1256_ (net)
                      0.031842    0.000004    0.794138 ^ _2038_/B2 (sky130_fd_sc_hd__o2bb2a_2)
     1    0.004993    0.048737    0.149795    0.943933 ^ _2038_/X (sky130_fd_sc_hd__o2bb2a_2)
                                                         _1257_ (net)
                      0.048737    0.000008    0.943941 ^ _2039_/B (sky130_fd_sc_hd__nor2_2)
     1    0.002627    0.016770    0.029751    0.973691 v _2039_/Y (sky130_fd_sc_hd__nor2_2)
                                                         _0021_ (net)
                      0.016770    0.000009    0.973701 v _2676_/D (sky130_fd_sc_hd__dfxtp_2)
                                              0.973701   data arrival time

                                  0.000000    0.000000   clock clk (rise edge)
                                  0.000000    0.000000   clock source latency
     1    0.020577    0.098310    0.067797    0.067797 ^ clk (in)
                                                         clk (net)
                      0.098324    0.000000    0.067797 ^ clkbuf_0_clk/A (sky130_fd_sc_hd__clkbuf_16)
    16    0.089719    0.106122    0.197967    0.265764 ^ clkbuf_0_clk/X (sky130_fd_sc_hd__clkbuf_16)
                                                         clknet_0_clk (net)
                      0.106132    0.001166    0.266930 ^ clkbuf_4_12_0_clk/A (sky130_fd_sc_hd__clkbuf_8)
     6    0.016961    0.046640    0.150136    0.417066 ^ clkbuf_4_12_0_clk/X (sky130_fd_sc_hd__clkbuf_8)
                                                         clknet_4_12_0_clk (net)
                      0.046640    0.000050    0.417116 ^ _2676_/CLK (sky130_fd_sc_hd__dfxtp_2)
                                  0.200000    0.617116   clock uncertainty
                                  0.000000    0.617116   clock reconvergence pessimism
                                 -0.034111    0.583005   library hold time
                                              0.583005   data required time
---------------------------------------------------------------------------------------------
                                              0.583005   data required time
                                             -0.973701   data arrival time
---------------------------------------------------------------------------------------------
                                              0.390696   slack (MET)


Startpoint: _2666_ (rising edge-triggered flip-flop clocked by clk)
Endpoint: _2666_ (rising edge-triggered flip-flop clocked by clk)
Path Group: clk
Path Type: min

Fanout         Cap        Slew       Delay        Time   Description
---------------------------------------------------------------------------------------------
                                  0.000000    0.000000   clock clk (rise edge)
                                  0.000000    0.000000   clock source latency
     1    0.020577    0.098310    0.067797    0.067797 ^ clk (in)
                                                         clk (net)
                      0.098324    0.000000    0.067797 ^ clkbuf_0_clk/A (sky130_fd_sc_hd__clkbuf_16)
    16    0.089719    0.106122    0.197967    0.265764 ^ clkbuf_0_clk/X (sky130_fd_sc_hd__clkbuf_16)
                                                         clknet_0_clk (net)
                      0.106163    0.001979    0.267744 ^ clkbuf_4_7_0_clk/A (sky130_fd_sc_hd__clkbuf_8)
     6    0.015051    0.043763    0.147276    0.415020 ^ clkbuf_4_7_0_clk/X (sky130_fd_sc_hd__clkbuf_8)
                                                         clknet_4_7_0_clk (net)
                      0.043763    0.000048    0.415067 ^ _2666_/CLK (sky130_fd_sc_hd__dfxtp_2)
     7    0.024415    0.129478    0.381985    0.797052 ^ _2666_/Q (sky130_fd_sc_hd__dfxtp_2)
                                                         r2_mantissa[11] (net)
                      0.129478    0.000009    0.797061 ^ _1362_/A1 (sky130_fd_sc_hd__o211a_2)
     1    0.001865    0.037047    0.179565    0.976627 ^ _1362_/X (sky130_fd_sc_hd__o211a_2)
                                                         _0011_ (net)
                      0.037047    0.000001    0.976628 ^ _2666_/D (sky130_fd_sc_hd__dfxtp_2)
                                              0.976628   data arrival time

                                  0.000000    0.000000   clock clk (rise edge)
                                  0.000000    0.000000   clock source latency
     1    0.020577    0.098310    0.067797    0.067797 ^ clk (in)
                                                         clk (net)
                      0.098324    0.000000    0.067797 ^ clkbuf_0_clk/A (sky130_fd_sc_hd__clkbuf_16)
    16    0.089719    0.106122    0.197967    0.265764 ^ clkbuf_0_clk/X (sky130_fd_sc_hd__clkbuf_16)
                                                         clknet_0_clk (net)
                      0.106163    0.001979    0.267744 ^ clkbuf_4_7_0_clk/A (sky130_fd_sc_hd__clkbuf_8)
     6    0.015051    0.043763    0.147276    0.415020 ^ clkbuf_4_7_0_clk/X (sky130_fd_sc_hd__clkbuf_8)
                                                         clknet_4_7_0_clk (net)
                      0.043763    0.000048    0.415067 ^ _2666_/CLK (sky130_fd_sc_hd__dfxtp_2)
                                  0.200000    0.615067   clock uncertainty
                                  0.000000    0.615067   clock reconvergence pessimism
                                 -0.029705    0.585363   library hold time
                                              0.585363   data required time
---------------------------------------------------------------------------------------------
                                              0.585363   data required time
                                             -0.976628   data arrival time
---------------------------------------------------------------------------------------------
                                              0.391265   slack (MET)


Startpoint: b_in[4] (input port clocked by clk)
Endpoint: _2642_ (rising edge-triggered flip-flop clocked by clk)
Path Group: clk
Path Type: min

Fanout         Cap        Slew       Delay        Time   Description
---------------------------------------------------------------------------------------------
                                  0.000000    0.000000   clock clk (rise edge)
                                  0.000000    0.000000   clock network delay (propagated)
                                  0.020000    0.020000 ^ input external delay
     1    0.006729    0.036887    0.023445    0.043445 ^ b_in[4] (in)
                                                         b_in[4] (net)
                      0.036888    0.000000    0.043445 ^ hold570/A (sky130_fd_sc_hd__clkbuf_2)
     1    0.003269    0.030176    0.089225    0.132670 ^ hold570/X (sky130_fd_sc_hd__clkbuf_2)
                                                         net569 (net)
                      0.030176    0.000015    0.132685 ^ hold492/A (sky130_fd_sc_hd__clkbuf_2)
     1    0.003045    0.029127    0.085799    0.218484 ^ hold492/X (sky130_fd_sc_hd__clkbuf_2)
                                                         net491 (net)
                      0.029127    0.000013    0.218497 ^ hold571/A (sky130_fd_sc_hd__clkbuf_2)
     1    0.005971    0.043307    0.097551    0.316048 ^ hold571/X (sky130_fd_sc_hd__clkbuf_2)
                                                         net570 (net)
                      0.043307    0.000089    0.316137 ^ input335/A (sky130_fd_sc_hd__buf_2)
     1    0.006474    0.042464    0.104055    0.420192 ^ input335/X (sky130_fd_sc_hd__buf_2)
                                                         net335 (net)
                      0.042464    0.000101    0.420292 ^ hold572/A (sky130_fd_sc_hd__clkbuf_2)
     1    0.006215    0.044486    0.103218    0.523511 ^ hold572/X (sky130_fd_sc_hd__clkbuf_2)
                                                         net571 (net)
                      0.044486    0.000091    0.523602 ^ hold493/A (sky130_fd_sc_hd__clkbuf_2)
     2    0.005793    0.042400    0.102316    0.625918 ^ hold493/X (sky130_fd_sc_hd__clkbuf_2)
                                                         net492 (net)
                      0.042400    0.000030    0.625948 ^ hold573/A (sky130_fd_sc_hd__clkbuf_2)
     2    0.006154    0.044182    0.102968    0.728916 ^ hold573/X (sky130_fd_sc_hd__clkbuf_2)
                                                         net572 (net)
                      0.044182    0.000047    0.728963 ^ _2582_/A2 (sky130_fd_sc_hd__o211a_2)
     1    0.003794    0.046112    0.160866    0.889829 ^ _2582_/X (sky130_fd_sc_hd__o211a_2)
                                                         _0069_ (net)
                      0.046112    0.000029    0.889859 ^ hold494/A (sky130_fd_sc_hd__clkbuf_2)
     1    0.003225    0.029946    0.092305    0.982164 ^ hold494/X (sky130_fd_sc_hd__clkbuf_2)
                                                         net493 (net)
                      0.029946    0.000025    0.982189 ^ _2642_/D (sky130_fd_sc_hd__dfxtp_2)
                                              0.982189   data arrival time

                                  0.000000    0.000000   clock clk (rise edge)
                                  0.000000    0.000000   clock source latency
     1    0.020577    0.098310    0.067797    0.067797 ^ clk (in)
                                                         clk (net)
                      0.098324    0.000000    0.067797 ^ clkbuf_0_clk/A (sky130_fd_sc_hd__clkbuf_16)
    16    0.089719    0.106122    0.197967    0.265764 ^ clkbuf_0_clk/X (sky130_fd_sc_hd__clkbuf_16)
                                                         clknet_0_clk (net)
                      0.106148    0.001644    0.267409 ^ clkbuf_4_1_0_clk/A (sky130_fd_sc_hd__clkbuf_8)
     6    0.014337    0.042708    0.146202    0.413610 ^ clkbuf_4_1_0_clk/X (sky130_fd_sc_hd__clkbuf_8)
                                                         clknet_4_1_0_clk (net)
                      0.042708    0.000033    0.413644 ^ _2642_/CLK (sky130_fd_sc_hd__dfxtp_2)
                                  0.200000    0.613644   clock uncertainty
                                  0.000000    0.613644   clock reconvergence pessimism
                                 -0.028372    0.585271   library hold time
                                              0.585271   data required time
---------------------------------------------------------------------------------------------
                                              0.585271   data required time
                                             -0.982189   data arrival time
---------------------------------------------------------------------------------------------
                                              0.396918   slack (MET)


Startpoint: _2675_ (rising edge-triggered flip-flop clocked by clk)
Endpoint: _2675_ (rising edge-triggered flip-flop clocked by clk)
Path Group: clk
Path Type: min

Fanout         Cap        Slew       Delay        Time   Description
---------------------------------------------------------------------------------------------
                                  0.000000    0.000000   clock clk (rise edge)
                                  0.000000    0.000000   clock source latency
     1    0.020577    0.098310    0.067797    0.067797 ^ clk (in)
                                                         clk (net)
                      0.098324    0.000000    0.067797 ^ clkbuf_0_clk/A (sky130_fd_sc_hd__clkbuf_16)
    16    0.089719    0.106122    0.197967    0.265764 ^ clkbuf_0_clk/X (sky130_fd_sc_hd__clkbuf_16)
                                                         clknet_0_clk (net)
                      0.106136    0.001288    0.267052 ^ clkbuf_4_15_0_clk/A (sky130_fd_sc_hd__clkbuf_8)
     6    0.017276    0.047130    0.150588    0.417640 ^ clkbuf_4_15_0_clk/X (sky130_fd_sc_hd__clkbuf_8)
                                                         clknet_4_15_0_clk (net)
                      0.047130    0.000061    0.417701 ^ _2675_/CLK (sky130_fd_sc_hd__dfxtp_2)
     3    0.011263    0.069026    0.337390    0.755091 ^ _2675_/Q (sky130_fd_sc_hd__dfxtp_2)
                                                         r3_prod_mant[4] (net)
                      0.069026    0.000010    0.755102 ^ _1995_/B1 (sky130_fd_sc_hd__a32o_2)
     1    0.001761    0.036096    0.109413    0.864515 ^ _1995_/X (sky130_fd_sc_hd__a32o_2)
                                                         _1215_ (net)
                      0.036096    0.000002    0.864516 ^ _1996_/B (sky130_fd_sc_hd__and2_2)
     1    0.002155    0.034618    0.121576    0.986092 ^ _1996_/X (sky130_fd_sc_hd__and2_2)
                                                         _1216_ (net)
                      0.034618    0.000005    0.986097 ^ _2675_/D (sky130_fd_sc_hd__dfxtp_2)
                                              0.986097   data arrival time

                                  0.000000    0.000000   clock clk (rise edge)
                                  0.000000    0.000000   clock source latency
     1    0.020577    0.098310    0.067797    0.067797 ^ clk (in)
                                                         clk (net)
                      0.098324    0.000000    0.067797 ^ clkbuf_0_clk/A (sky130_fd_sc_hd__clkbuf_16)
    16    0.089719    0.106122    0.197967    0.265764 ^ clkbuf_0_clk/X (sky130_fd_sc_hd__clkbuf_16)
                                                         clknet_0_clk (net)
                      0.106136    0.001288    0.267052 ^ clkbuf_4_15_0_clk/A (sky130_fd_sc_hd__clkbuf_8)
     6    0.017276    0.047130    0.150588    0.417640 ^ clkbuf_4_15_0_clk/X (sky130_fd_sc_hd__clkbuf_8)
                                                         clknet_4_15_0_clk (net)
                      0.047130    0.000061    0.417701 ^ _2675_/CLK (sky130_fd_sc_hd__dfxtp_2)
                                  0.200000    0.617701   clock uncertainty
                                  0.000000    0.617701   clock reconvergence pessimism
                                 -0.028759    0.588942   library hold time
                                              0.588942   data required time
---------------------------------------------------------------------------------------------
                                              0.588942   data required time
                                             -0.986097   data arrival time
---------------------------------------------------------------------------------------------
                                              0.397155   slack (MET)


Startpoint: a_in[5] (input port clocked by clk)
Endpoint: _2627_ (rising edge-triggered flip-flop clocked by clk)
Path Group: clk
Path Type: min

Fanout         Cap        Slew       Delay        Time   Description
---------------------------------------------------------------------------------------------
                                  0.000000    0.000000   clock clk (rise edge)
                                  0.000000    0.000000   clock network delay (propagated)
                                  0.020000    0.020000 ^ input external delay
     1    0.006810    0.037247    0.023710    0.043710 ^ a_in[5] (in)
                                                         a_in[5] (net)
                      0.037248    0.000000    0.043710 ^ hold624/A (sky130_fd_sc_hd__clkbuf_2)
     1    0.002692    0.028390    0.086695    0.130406 ^ hold624/X (sky130_fd_sc_hd__clkbuf_2)
                                                         net623 (net)
                      0.028390    0.000004    0.130410 ^ hold429/A (sky130_fd_sc_hd__clkbuf_2)
     1    0.008645    0.056633    0.107593    0.238003 ^ hold429/X (sky130_fd_sc_hd__clkbuf_2)
                                                         net428 (net)
                      0.056633    0.000189    0.238192 ^ hold625/A (sky130_fd_sc_hd__clkbuf_2)
     1    0.007665    0.051718    0.113866    0.352059 ^ hold625/X (sky130_fd_sc_hd__clkbuf_2)
                                                         net624 (net)
                      0.051718    0.000149    0.352208 ^ input320/A (sky130_fd_sc_hd__buf_2)
     1    0.002970    0.027460    0.093835    0.446042 ^ input320/X (sky130_fd_sc_hd__buf_2)
                                                         net320 (net)
                      0.027460    0.000009    0.446051 ^ hold626/A (sky130_fd_sc_hd__clkbuf_2)
     1    0.006115    0.044014    0.097513    0.543565 ^ hold626/X (sky130_fd_sc_hd__clkbuf_2)
                                                         net625 (net)
                      0.044014    0.000085    0.543650 ^ hold430/A (sky130_fd_sc_hd__clkbuf_2)
     2    0.007352    0.050137    0.108156    0.651806 ^ hold430/X (sky130_fd_sc_hd__clkbuf_2)
                                                         net429 (net)
                      0.050137    0.000099    0.651904 ^ hold627/A (sky130_fd_sc_hd__clkbuf_2)
     1    0.003926    0.033332    0.096958    0.748862 ^ hold627/X (sky130_fd_sc_hd__clkbuf_2)
                                                         net626 (net)
                      0.033332    0.000021    0.748883 ^ _2546_/A2 (sky130_fd_sc_hd__o211a_2)
     1    0.002673    0.041198    0.150819    0.899702 ^ _2546_/X (sky130_fd_sc_hd__o211a_2)
                                                         _0054_ (net)
                      0.041198    0.000004    0.899706 ^ hold431/A (sky130_fd_sc_hd__clkbuf_2)
     1    0.001902    0.024456    0.084463    0.984169 ^ hold431/X (sky130_fd_sc_hd__clkbuf_2)
                                                         net430 (net)
                      0.024456    0.000003    0.984171 ^ _2627_/D (sky130_fd_sc_hd__dfxtp_2)
                                              0.984171   data arrival time

                                  0.000000    0.000000   clock clk (rise edge)
                                  0.000000    0.000000   clock source latency
     1    0.020577    0.098310    0.067797    0.067797 ^ clk (in)
                                                         clk (net)
                      0.098324    0.000000    0.067797 ^ clkbuf_0_clk/A (sky130_fd_sc_hd__clkbuf_16)
    16    0.089719    0.106122    0.197967    0.265764 ^ clkbuf_0_clk/X (sky130_fd_sc_hd__clkbuf_16)
                                                         clknet_0_clk (net)
                      0.106139    0.001391    0.267155 ^ clkbuf_4_3_0_clk/A (sky130_fd_sc_hd__clkbuf_8)
     6    0.013972    0.042168    0.145646    0.412801 ^ clkbuf_4_3_0_clk/X (sky130_fd_sc_hd__clkbuf_8)
                                                         clknet_4_3_0_clk (net)
                      0.042168    0.000041    0.412842 ^ _2627_/CLK (sky130_fd_sc_hd__dfxtp_2)
                                  0.200000    0.612842   clock uncertainty
                                  0.000000    0.612842   clock reconvergence pessimism
                                 -0.027306    0.585536   library hold time
                                              0.585536   data required time
---------------------------------------------------------------------------------------------
                                              0.585536   data required time
                                             -0.984171   data arrival time
---------------------------------------------------------------------------------------------
                                              0.398635   slack (MET)


Startpoint: load_weight (input port clocked by clk)
Endpoint: _2661_ (rising edge-triggered flip-flop clocked by clk)
Path Group: clk
Path Type: min

Fanout         Cap        Slew       Delay        Time   Description
---------------------------------------------------------------------------------------------
                                  0.000000    0.000000   clock clk (rise edge)
                                  0.000000    0.000000   clock network delay (propagated)
                                  0.020000    0.020000 ^ input external delay
     1    0.007035    0.038240    0.024438    0.044438 ^ load_weight (in)
                                                         load_weight (net)
                      0.038240    0.000000    0.044438 ^ hold675/A (sky130_fd_sc_hd__clkbuf_2)
     1    0.002548    0.027674    0.086386    0.130824 ^ hold675/X (sky130_fd_sc_hd__clkbuf_2)
                                                         net674 (net)
                      0.027674    0.000003    0.130827 ^ hold549/A (sky130_fd_sc_hd__clkbuf_2)
     1    0.002800    0.028946    0.083775    0.214602 ^ hold549/X (sky130_fd_sc_hd__clkbuf_2)
                                                         net548 (net)
                      0.028946    0.000007    0.214609 ^ hold676/A (sky130_fd_sc_hd__clkbuf_2)
     1    0.002186    0.025887    0.081383    0.295991 ^ hold676/X (sky130_fd_sc_hd__clkbuf_2)
                                                         net675 (net)
                      0.025887    0.000004    0.295996 ^ input344/A (sky130_fd_sc_hd__buf_2)
     1    0.007865    0.048625    0.102484    0.398480 ^ input344/X (sky130_fd_sc_hd__buf_2)
                                                         net344 (net)
                      0.048625    0.000143    0.398623 ^ hold550/A (sky130_fd_sc_hd__clkbuf_2)
     2    0.009136    0.059113    0.116671    0.515294 ^ hold550/X (sky130_fd_sc_hd__clkbuf_2)
                                                         net549 (net)
                      0.059113    0.000127    0.515421 ^ _1336_/B (sky130_fd_sc_hd__and2_2)
     8    0.024105    0.133472    0.213667    0.729088 ^ _1336_/X (sky130_fd_sc_hd__and2_2)
                                                         _0572_ (net)
                      0.133472    0.000108    0.729195 ^ _1351_/A2 (sky130_fd_sc_hd__o211a_2)
     1    0.002535    0.040533    0.174356    0.903552 ^ _1351_/X (sky130_fd_sc_hd__o211a_2)
                                                         _0006_ (net)
                      0.040533    0.000004    0.903556 ^ hold579/A (sky130_fd_sc_hd__clkbuf_2)
     1    0.001860    0.024250    0.084031    0.987587 ^ hold579/X (sky130_fd_sc_hd__clkbuf_2)
                                                         net578 (net)
                      0.024250    0.000001    0.987588 ^ _2661_/D (sky130_fd_sc_hd__dfxtp_2)
                                              0.987588   data arrival time

                                  0.000000    0.000000   clock clk (rise edge)
                                  0.000000    0.000000   clock source latency
     1    0.020577    0.098310    0.067797    0.067797 ^ clk (in)
                                                         clk (net)
                      0.098324    0.000000    0.067797 ^ clkbuf_0_clk/A (sky130_fd_sc_hd__clkbuf_16)
    16    0.089719    0.106122    0.197967    0.265764 ^ clkbuf_0_clk/X (sky130_fd_sc_hd__clkbuf_16)
                                                         clknet_0_clk (net)
                      0.106148    0.001644    0.267409 ^ clkbuf_4_1_0_clk/A (sky130_fd_sc_hd__clkbuf_8)
     6    0.014337    0.042708    0.146202    0.413610 ^ clkbuf_4_1_0_clk/X (sky130_fd_sc_hd__clkbuf_8)
                                                         clknet_4_1_0_clk (net)
                      0.042708    0.000007    0.413618 ^ _2661_/CLK (sky130_fd_sc_hd__dfxtp_2)
                                  0.200000    0.613618   clock uncertainty
                                  0.000000    0.613618   clock reconvergence pessimism
                                 -0.027192    0.586425   library hold time
                                              0.586425   data required time
---------------------------------------------------------------------------------------------
                                              0.586425   data required time
                                             -0.987588   data arrival time
---------------------------------------------------------------------------------------------
                                              0.401163   slack (MET)


Startpoint: load_weight (input port clocked by clk)
Endpoint: _2662_ (rising edge-triggered flip-flop clocked by clk)
Path Group: clk
Path Type: min

Fanout         Cap        Slew       Delay        Time   Description
---------------------------------------------------------------------------------------------
                                  0.000000    0.000000   clock clk (rise edge)
                                  0.000000    0.000000   clock network delay (propagated)
                                  0.020000    0.020000 ^ input external delay
     1    0.007035    0.038240    0.024438    0.044438 ^ load_weight (in)
                                                         load_weight (net)
                      0.038240    0.000000    0.044438 ^ hold675/A (sky130_fd_sc_hd__clkbuf_2)
     1    0.002548    0.027674    0.086386    0.130824 ^ hold675/X (sky130_fd_sc_hd__clkbuf_2)
                                                         net674 (net)
                      0.027674    0.000003    0.130827 ^ hold549/A (sky130_fd_sc_hd__clkbuf_2)
     1    0.002800    0.028946    0.083775    0.214602 ^ hold549/X (sky130_fd_sc_hd__clkbuf_2)
                                                         net548 (net)
                      0.028946    0.000007    0.214609 ^ hold676/A (sky130_fd_sc_hd__clkbuf_2)
     1    0.002186    0.025887    0.081383    0.295991 ^ hold676/X (sky130_fd_sc_hd__clkbuf_2)
                                                         net675 (net)
                      0.025887    0.000004    0.295996 ^ input344/A (sky130_fd_sc_hd__buf_2)
     1    0.007865    0.048625    0.102484    0.398480 ^ input344/X (sky130_fd_sc_hd__buf_2)
                                                         net344 (net)
                      0.048625    0.000143    0.398623 ^ hold550/A (sky130_fd_sc_hd__clkbuf_2)
     2    0.009136    0.059113    0.116671    0.515294 ^ hold550/X (sky130_fd_sc_hd__clkbuf_2)
                                                         net549 (net)
                      0.059113    0.000127    0.515421 ^ _1336_/B (sky130_fd_sc_hd__and2_2)
     8    0.024105    0.133472    0.213667    0.729088 ^ _1336_/X (sky130_fd_sc_hd__and2_2)
                                                         _0572_ (net)
                      0.133472    0.000058    0.729146 ^ _1354_/A2 (sky130_fd_sc_hd__o211a_2)
     1    0.002711    0.041521    0.175448    0.904594 ^ _1354_/X (sky130_fd_sc_hd__o211a_2)
                                                         _0007_ (net)
                      0.041521    0.000007    0.904601 ^ hold585/A (sky130_fd_sc_hd__clkbuf_2)
     1    0.001941    0.024653    0.084761    0.989362 ^ hold585/X (sky130_fd_sc_hd__clkbuf_2)
                                                         net584 (net)
                      0.024653    0.000003    0.989365 ^ _2662_/D (sky130_fd_sc_hd__dfxtp_2)
                                              0.989365   data arrival time

                                  0.000000    0.000000   clock clk (rise edge)
                                  0.000000    0.000000   clock source latency
     1    0.020577    0.098310    0.067797    0.067797 ^ clk (in)
                                                         clk (net)
                      0.098324    0.000000    0.067797 ^ clkbuf_0_clk/A (sky130_fd_sc_hd__clkbuf_16)
    16    0.089719    0.106122    0.197967    0.265764 ^ clkbuf_0_clk/X (sky130_fd_sc_hd__clkbuf_16)
                                                         clknet_0_clk (net)
                      0.106163    0.001979    0.267744 ^ clkbuf_4_7_0_clk/A (sky130_fd_sc_hd__clkbuf_8)
     6    0.015051    0.043763    0.147276    0.415020 ^ clkbuf_4_7_0_clk/X (sky130_fd_sc_hd__clkbuf_8)
                                                         clknet_4_7_0_clk (net)
                      0.043763    0.000025    0.415045 ^ _2662_/CLK (sky130_fd_sc_hd__dfxtp_2)
                                  0.200000    0.615044   clock uncertainty
                                  0.000000    0.615044   clock reconvergence pessimism
                                 -0.027137    0.587907   library hold time
                                              0.587907   data required time
---------------------------------------------------------------------------------------------
                                              0.587907   data required time
                                             -0.989365   data arrival time
---------------------------------------------------------------------------------------------
                                              0.401458   slack (MET)


Startpoint: load_weight (input port clocked by clk)
Endpoint: _2659_ (rising edge-triggered flip-flop clocked by clk)
Path Group: clk
Path Type: min

Fanout         Cap        Slew       Delay        Time   Description
---------------------------------------------------------------------------------------------
                                  0.000000    0.000000   clock clk (rise edge)
                                  0.000000    0.000000   clock network delay (propagated)
                                  0.020000    0.020000 ^ input external delay
     1    0.007035    0.038240    0.024438    0.044438 ^ load_weight (in)
                                                         load_weight (net)
                      0.038240    0.000000    0.044438 ^ hold675/A (sky130_fd_sc_hd__clkbuf_2)
     1    0.002548    0.027674    0.086386    0.130824 ^ hold675/X (sky130_fd_sc_hd__clkbuf_2)
                                                         net674 (net)
                      0.027674    0.000003    0.130827 ^ hold549/A (sky130_fd_sc_hd__clkbuf_2)
     1    0.002800    0.028946    0.083775    0.214602 ^ hold549/X (sky130_fd_sc_hd__clkbuf_2)
                                                         net548 (net)
                      0.028946    0.000007    0.214609 ^ hold676/A (sky130_fd_sc_hd__clkbuf_2)
     1    0.002186    0.025887    0.081383    0.295991 ^ hold676/X (sky130_fd_sc_hd__clkbuf_2)
                                                         net675 (net)
                      0.025887    0.000004    0.295996 ^ input344/A (sky130_fd_sc_hd__buf_2)
     1    0.007865    0.048625    0.102484    0.398480 ^ input344/X (sky130_fd_sc_hd__buf_2)
                                                         net344 (net)
                      0.048625    0.000143    0.398623 ^ hold550/A (sky130_fd_sc_hd__clkbuf_2)
     2    0.009136    0.059113    0.116671    0.515294 ^ hold550/X (sky130_fd_sc_hd__clkbuf_2)
                                                         net549 (net)
                      0.059113    0.000127    0.515421 ^ _1336_/B (sky130_fd_sc_hd__and2_2)
     8    0.024105    0.133472    0.213667    0.729088 ^ _1336_/X (sky130_fd_sc_hd__and2_2)
                                                         _0572_ (net)
                      0.133472    0.000126    0.729214 ^ _1344_/A2 (sky130_fd_sc_hd__o211a_2)
     1    0.002659    0.041226    0.175122    0.904336 ^ _1344_/X (sky130_fd_sc_hd__o211a_2)
                                                         _0004_ (net)
                      0.041226    0.000005    0.904341 ^ hold574/A (sky130_fd_sc_hd__clkbuf_2)
     1    0.001892    0.024409    0.084429    0.988770 ^ hold574/X (sky130_fd_sc_hd__clkbuf_2)
                                                         net573 (net)
                      0.024409    0.000003    0.988773 ^ _2659_/D (sky130_fd_sc_hd__dfxtp_2)
                                              0.988773   data arrival time

                                  0.000000    0.000000   clock clk (rise edge)
                                  0.000000    0.000000   clock source latency
     1    0.020577    0.098310    0.067797    0.067797 ^ clk (in)
                                                         clk (net)
                      0.098324    0.000000    0.067797 ^ clkbuf_0_clk/A (sky130_fd_sc_hd__clkbuf_16)
    16    0.089719    0.106122    0.197967    0.265764 ^ clkbuf_0_clk/X (sky130_fd_sc_hd__clkbuf_16)
                                                         clknet_0_clk (net)
                      0.106139    0.001391    0.267155 ^ clkbuf_4_3_0_clk/A (sky130_fd_sc_hd__clkbuf_8)
     6    0.013972    0.042168    0.145646    0.412801 ^ clkbuf_4_3_0_clk/X (sky130_fd_sc_hd__clkbuf_8)
                                                         clknet_4_3_0_clk (net)
                      0.042168    0.000013    0.412813 ^ _2659_/CLK (sky130_fd_sc_hd__dfxtp_2)
                                  0.200000    0.612813   clock uncertainty
                                  0.000000    0.612813   clock reconvergence pessimism
                                 -0.027296    0.585517   library hold time
                                              0.585517   data required time
---------------------------------------------------------------------------------------------
                                              0.585517   data required time
                                             -0.988773   data arrival time
---------------------------------------------------------------------------------------------
                                              0.403255   slack (MET)


Startpoint: a_in[15] (input port clocked by clk)
Endpoint: _2637_ (rising edge-triggered flip-flop clocked by clk)
Path Group: clk
Path Type: min

Fanout         Cap        Slew       Delay        Time   Description
---------------------------------------------------------------------------------------------
                                  0.000000    0.000000   clock clk (rise edge)
                                  0.000000    0.000000   clock network delay (propagated)
                                  0.020000    0.020000 ^ input external delay
     1    0.005623    0.032020    0.019862    0.039862 ^ a_in[15] (in)
                                                         a_in[15] (net)
                      0.032020    0.000000    0.039862 ^ hold672/A (sky130_fd_sc_hd__clkbuf_2)
     1    0.002811    0.028992    0.085378    0.125240 ^ hold672/X (sky130_fd_sc_hd__clkbuf_2)
                                                         net671 (net)
                      0.028992    0.000006    0.125245 ^ hold521/A (sky130_fd_sc_hd__clkbuf_2)
     1    0.004791    0.037552    0.092952    0.218198 ^ hold521/X (sky130_fd_sc_hd__clkbuf_2)
                                                         net520 (net)
                      0.037552    0.000037    0.218235 ^ hold673/A (sky130_fd_sc_hd__clkbuf_2)
     1    0.001887    0.024389    0.083087    0.301322 ^ hold673/X (sky130_fd_sc_hd__clkbuf_2)
                                                         net672 (net)
                      0.024389    0.000000    0.301322 ^ input315/A (sky130_fd_sc_hd__buf_2)
     1    0.003460    0.029552    0.085703    0.387026 ^ input315/X (sky130_fd_sc_hd__buf_2)
                                                         net315 (net)
                      0.029552    0.000016    0.387041 ^ hold674/A (sky130_fd_sc_hd__clkbuf_2)
     1    0.003032    0.029067    0.085516    0.472557 ^ hold674/X (sky130_fd_sc_hd__clkbuf_2)
                                                         net673 (net)
                      0.029067    0.000012    0.472570 ^ hold522/A (sky130_fd_sc_hd__clkbuf_2)
     1    0.002717    0.028528    0.083886    0.556456 ^ hold522/X (sky130_fd_sc_hd__clkbuf_2)
                                                         net521 (net)
                      0.028528    0.000005    0.556461 ^ _2570_/B1 (sky130_fd_sc_hd__o31a_2)
     1    0.002544    0.032375    0.115475    0.671935 ^ _2570_/X (sky130_fd_sc_hd__o31a_2)
                                                         _0529_ (net)
                      0.032375    0.000004    0.671939 ^ hold523/A (sky130_fd_sc_hd__clkbuf_2)
     1    0.002907    0.029471    0.085951    0.757890 ^ hold523/X (sky130_fd_sc_hd__clkbuf_2)
                                                         net522 (net)
                      0.029471    0.000006    0.757896 ^ _2572_/A2 (sky130_fd_sc_hd__o211a_2)
     1    0.002738    0.041575    0.150107    0.908003 ^ _2572_/X (sky130_fd_sc_hd__o211a_2)
                                                         _0064_ (net)
                      0.041575    0.000006    0.908009 ^ hold524/A (sky130_fd_sc_hd__clkbuf_2)
     1    0.002199    0.025267    0.085966    0.993975 ^ hold524/X (sky130_fd_sc_hd__clkbuf_2)
                                                         net523 (net)
                      0.025267    0.000006    0.993981 ^ _2637_/D (sky130_fd_sc_hd__dfxtp_2)
                                              0.993981   data arrival time

                                  0.000000    0.000000   clock clk (rise edge)
                                  0.000000    0.000000   clock source latency
     1    0.020577    0.098310    0.067797    0.067797 ^ clk (in)
                                                         clk (net)
                      0.098324    0.000000    0.067797 ^ clkbuf_0_clk/A (sky130_fd_sc_hd__clkbuf_16)
    16    0.089719    0.106122    0.197967    0.265764 ^ clkbuf_0_clk/X (sky130_fd_sc_hd__clkbuf_16)
                                                         clknet_0_clk (net)
                      0.106164    0.002007    0.267772 ^ clkbuf_4_5_0_clk/A (sky130_fd_sc_hd__clkbuf_8)
     6    0.015837    0.044942    0.148448    0.416220 ^ clkbuf_4_5_0_clk/X (sky130_fd_sc_hd__clkbuf_8)
                                                         clknet_4_5_0_clk (net)
                      0.044942    0.000059    0.416279 ^ _2637_/CLK (sky130_fd_sc_hd__dfxtp_2)
                                  0.200000    0.616279   clock uncertainty
                                  0.000000    0.616279   clock reconvergence pessimism
                                 -0.027110    0.589169   library hold time
                                              0.589169   data required time
---------------------------------------------------------------------------------------------
                                              0.589169   data required time
                                             -0.993981   data arrival time
---------------------------------------------------------------------------------------------
                                              0.404812   slack (MET)


Startpoint: load_weight (input port clocked by clk)
Endpoint: _2660_ (rising edge-triggered flip-flop clocked by clk)
Path Group: clk
Path Type: min

Fanout         Cap        Slew       Delay        Time   Description
---------------------------------------------------------------------------------------------
                                  0.000000    0.000000   clock clk (rise edge)
                                  0.000000    0.000000   clock network delay (propagated)
                                  0.020000    0.020000 ^ input external delay
     1    0.007035    0.038240    0.024438    0.044438 ^ load_weight (in)
                                                         load_weight (net)
                      0.038240    0.000000    0.044438 ^ hold675/A (sky130_fd_sc_hd__clkbuf_2)
     1    0.002548    0.027674    0.086386    0.130824 ^ hold675/X (sky130_fd_sc_hd__clkbuf_2)
                                                         net674 (net)
                      0.027674    0.000003    0.130827 ^ hold549/A (sky130_fd_sc_hd__clkbuf_2)
     1    0.002800    0.028946    0.083775    0.214602 ^ hold549/X (sky130_fd_sc_hd__clkbuf_2)
                                                         net548 (net)
                      0.028946    0.000007    0.214609 ^ hold676/A (sky130_fd_sc_hd__clkbuf_2)
     1    0.002186    0.025887    0.081383    0.295991 ^ hold676/X (sky130_fd_sc_hd__clkbuf_2)
                                                         net675 (net)
                      0.025887    0.000004    0.295996 ^ input344/A (sky130_fd_sc_hd__buf_2)
     1    0.007865    0.048625    0.102484    0.398480 ^ input344/X (sky130_fd_sc_hd__buf_2)
                                                         net344 (net)
                      0.048625    0.000143    0.398623 ^ hold550/A (sky130_fd_sc_hd__clkbuf_2)
     2    0.009136    0.059113    0.116671    0.515294 ^ hold550/X (sky130_fd_sc_hd__clkbuf_2)
                                                         net549 (net)
                      0.059113    0.000127    0.515421 ^ _1336_/B (sky130_fd_sc_hd__and2_2)
     8    0.024105    0.133472    0.213667    0.729088 ^ _1336_/X (sky130_fd_sc_hd__and2_2)
                                                         _0572_ (net)
                      0.133472    0.000070    0.729158 ^ _1347_/A2 (sky130_fd_sc_hd__o211a_2)
     1    0.002707    0.041494    0.175419    0.904577 ^ _1347_/X (sky130_fd_sc_hd__o211a_2)
                                                         _0005_ (net)
                      0.041494    0.000007    0.904584 ^ hold553/A (sky130_fd_sc_hd__clkbuf_2)
     1    0.002320    0.025813    0.086494    0.991078 ^ hold553/X (sky130_fd_sc_hd__clkbuf_2)
                                                         net552 (net)
                      0.025813    0.000009    0.991087 ^ _2660_/D (sky130_fd_sc_hd__dfxtp_2)
                                              0.991087   data arrival time

                                  0.000000    0.000000   clock clk (rise edge)
                                  0.000000    0.000000   clock source latency
     1    0.020577    0.098310    0.067797    0.067797 ^ clk (in)
                                                         clk (net)
                      0.098324    0.000000    0.067797 ^ clkbuf_0_clk/A (sky130_fd_sc_hd__clkbuf_16)
    16    0.089719    0.106122    0.197967    0.265764 ^ clkbuf_0_clk/X (sky130_fd_sc_hd__clkbuf_16)
                                                         clknet_0_clk (net)
                      0.106148    0.001644    0.267409 ^ clkbuf_4_1_0_clk/A (sky130_fd_sc_hd__clkbuf_8)
     6    0.014337    0.042708    0.146202    0.413610 ^ clkbuf_4_1_0_clk/X (sky130_fd_sc_hd__clkbuf_8)
                                                         clknet_4_1_0_clk (net)
                      0.042708    0.000031    0.413641 ^ _2660_/CLK (sky130_fd_sc_hd__dfxtp_2)
                                  0.200000    0.613641   clock uncertainty
                                  0.000000    0.613641   clock reconvergence pessimism
                                 -0.027516    0.586125   library hold time
                                              0.586125   data required time
---------------------------------------------------------------------------------------------
                                              0.586125   data required time
                                             -0.991087   data arrival time
---------------------------------------------------------------------------------------------
                                              0.404962   slack (MET)


Startpoint: b_in[3] (input port clocked by clk)
Endpoint: _2658_ (rising edge-triggered flip-flop clocked by clk)
Path Group: clk
Path Type: min

Fanout         Cap        Slew       Delay        Time   Description
---------------------------------------------------------------------------------------------
                                  0.000000    0.000000   clock clk (rise edge)
                                  0.000000    0.000000   clock network delay (propagated)
                                  0.020000    0.020000 ^ input external delay
     1    0.005953    0.033469    0.020927    0.040927 ^ b_in[3] (in)
                                                         b_in[3] (net)
                      0.033470    0.000000    0.040927 ^ hold511/A (sky130_fd_sc_hd__clkbuf_2)
     1    0.007491    0.050844    0.104952    0.145879 ^ hold511/X (sky130_fd_sc_hd__clkbuf_2)
                                                         net510 (net)
                      0.050844    0.000135    0.146014 ^ hold508/A (sky130_fd_sc_hd__clkbuf_2)
     1    0.006563    0.046196    0.107526    0.253540 ^ hold508/X (sky130_fd_sc_hd__clkbuf_2)
                                                         net507 (net)
                      0.046196    0.000108    0.253648 ^ hold512/A (sky130_fd_sc_hd__clkbuf_2)
     1    0.004463    0.035928    0.097777    0.351425 ^ hold512/X (sky130_fd_sc_hd__clkbuf_2)
                                                         net511 (net)
                      0.035928    0.000047    0.351472 ^ input334/A (sky130_fd_sc_hd__buf_2)
     1    0.003096    0.028000    0.088462    0.439935 ^ input334/X (sky130_fd_sc_hd__buf_2)
                                                         net334 (net)
                      0.028000    0.000012    0.439946 ^ hold513/A (sky130_fd_sc_hd__clkbuf_2)
     1    0.005158    0.039337    0.094018    0.533965 ^ hold513/X (sky130_fd_sc_hd__clkbuf_2)
                                                         net512 (net)
                      0.039337    0.000051    0.534015 ^ hold509/A (sky130_fd_sc_hd__clkbuf_2)
     2    0.006982    0.048295    0.105078    0.639093 ^ hold509/X (sky130_fd_sc_hd__clkbuf_2)
                                                         net508 (net)
                      0.048295    0.000061    0.639154 ^ hold514/A (sky130_fd_sc_hd__clkbuf_2)
     2    0.007748    0.052115    0.111235    0.750389 ^ hold514/X (sky130_fd_sc_hd__clkbuf_2)
                                                         net513 (net)
                      0.052115    0.000010    0.750398 ^ _2619_/A1 (sky130_fd_sc_hd__o211a_2)
     1    0.002634    0.041390    0.166852    0.917251 ^ _2619_/X (sky130_fd_sc_hd__o211a_2)
                                                         _0085_ (net)
                      0.041390    0.000005    0.917255 ^ hold515/A (sky130_fd_sc_hd__clkbuf_2)
     1    0.001904    0.024467    0.084542    1.001797 ^ hold515/X (sky130_fd_sc_hd__clkbuf_2)
                                                         net514 (net)
                      0.024467    0.000003    1.001800 ^ _2658_/D (sky130_fd_sc_hd__dfxtp_2)
                                              1.001800   data arrival time

                                  0.000000    0.000000   clock clk (rise edge)
                                  0.000000    0.000000   clock source latency
     1    0.020577    0.098310    0.067797    0.067797 ^ clk (in)
                                                         clk (net)
                      0.098324    0.000000    0.067797 ^ clkbuf_0_clk/A (sky130_fd_sc_hd__clkbuf_16)
    16    0.089719    0.106122    0.197967    0.265764 ^ clkbuf_0_clk/X (sky130_fd_sc_hd__clkbuf_16)
                                                         clknet_0_clk (net)
                      0.106122    0.000315    0.266080 ^ clkbuf_4_10_0_clk/A (sky130_fd_sc_hd__clkbuf_8)
     6    0.020917    0.052503    0.155932    0.422012 ^ clkbuf_4_10_0_clk/X (sky130_fd_sc_hd__clkbuf_8)
                                                         clknet_4_10_0_clk (net)
                      0.052505    0.000399    0.422411 ^ _2658_/CLK (sky130_fd_sc_hd__dfxtp_2)
                                  0.200000    0.622411   clock uncertainty
                                  0.000000    0.622411   clock reconvergence pessimism
                                 -0.025953    0.596458   library hold time
                                              0.596458   data required time
---------------------------------------------------------------------------------------------
                                              0.596458   data required time
                                             -1.001800   data arrival time
---------------------------------------------------------------------------------------------
                                              0.405342   slack (MET)


Startpoint: _2653_ (rising edge-triggered flip-flop clocked by clk)
Endpoint: _2653_ (rising edge-triggered flip-flop clocked by clk)
Path Group: clk
Path Type: min

Fanout         Cap        Slew       Delay        Time   Description
---------------------------------------------------------------------------------------------
                                  0.000000    0.000000   clock clk (rise edge)
                                  0.000000    0.000000   clock source latency
     1    0.020577    0.098310    0.067797    0.067797 ^ clk (in)
                                                         clk (net)
                      0.098324    0.000000    0.067797 ^ clkbuf_0_clk/A (sky130_fd_sc_hd__clkbuf_16)
    16    0.089719    0.106122    0.197967    0.265764 ^ clkbuf_0_clk/X (sky130_fd_sc_hd__clkbuf_16)
                                                         clknet_0_clk (net)
                      0.106158    0.001869    0.267634 ^ clkbuf_4_6_0_clk/A (sky130_fd_sc_hd__clkbuf_8)
     6    0.016276    0.045609    0.149087    0.416721 ^ clkbuf_4_6_0_clk/X (sky130_fd_sc_hd__clkbuf_8)
                                                         clknet_4_6_0_clk (net)
                      0.045609    0.000058    0.416779 ^ _2653_/CLK (sky130_fd_sc_hd__dfxtp_2)
     2    0.007833    0.051640    0.323985    0.740765 ^ _2653_/Q (sky130_fd_sc_hd__dfxtp_2)
                                                         net384 (net)
                      0.051640    0.000016    0.740781 ^ _2609_/A1 (sky130_fd_sc_hd__o211a_2)
     1    0.002918    0.042976    0.168466    0.909247 ^ _2609_/X (sky130_fd_sc_hd__o211a_2)
                                                         _0080_ (net)
                      0.042976    0.000010    0.909257 ^ hold529/A (sky130_fd_sc_hd__clkbuf_2)
     1    0.002349    0.025941    0.087158    0.996415 ^ hold529/X (sky130_fd_sc_hd__clkbuf_2)
                                                         net528 (net)
                      0.025941    0.000009    0.996424 ^ _2653_/D (sky130_fd_sc_hd__dfxtp_2)
                                              0.996424   data arrival time

                                  0.000000    0.000000   clock clk (rise edge)
                                  0.000000    0.000000   clock source latency
     1    0.020577    0.098310    0.067797    0.067797 ^ clk (in)
                                                         clk (net)
                      0.098324    0.000000    0.067797 ^ clkbuf_0_clk/A (sky130_fd_sc_hd__clkbuf_16)
    16    0.089719    0.106122    0.197967    0.265764 ^ clkbuf_0_clk/X (sky130_fd_sc_hd__clkbuf_16)
                                                         clknet_0_clk (net)
                      0.106158    0.001869    0.267634 ^ clkbuf_4_6_0_clk/A (sky130_fd_sc_hd__clkbuf_8)
     6    0.016276    0.045609    0.149087    0.416721 ^ clkbuf_4_6_0_clk/X (sky130_fd_sc_hd__clkbuf_8)
                                                         clknet_4_6_0_clk (net)
                      0.045609    0.000058    0.416779 ^ _2653_/CLK (sky130_fd_sc_hd__dfxtp_2)
                                  0.200000    0.616779   clock uncertainty
                                  0.000000    0.616779   clock reconvergence pessimism
                                 -0.027162    0.589617   library hold time
                                              0.589617   data required time
---------------------------------------------------------------------------------------------
                                              0.589617   data required time
                                             -0.996424   data arrival time
---------------------------------------------------------------------------------------------
                                              0.406807   slack (MET)


Startpoint: load_weight (input port clocked by clk)
Endpoint: _2663_ (rising edge-triggered flip-flop clocked by clk)
Path Group: clk
Path Type: min

Fanout         Cap        Slew       Delay        Time   Description
---------------------------------------------------------------------------------------------
                                  0.000000    0.000000   clock clk (rise edge)
                                  0.000000    0.000000   clock network delay (propagated)
                                  0.020000    0.020000 ^ input external delay
     1    0.007035    0.038240    0.024438    0.044438 ^ load_weight (in)
                                                         load_weight (net)
                      0.038240    0.000000    0.044438 ^ hold675/A (sky130_fd_sc_hd__clkbuf_2)
     1    0.002548    0.027674    0.086386    0.130824 ^ hold675/X (sky130_fd_sc_hd__clkbuf_2)
                                                         net674 (net)
                      0.027674    0.000003    0.130827 ^ hold549/A (sky130_fd_sc_hd__clkbuf_2)
     1    0.002800    0.028946    0.083775    0.214602 ^ hold549/X (sky130_fd_sc_hd__clkbuf_2)
                                                         net548 (net)
                      0.028946    0.000007    0.214609 ^ hold676/A (sky130_fd_sc_hd__clkbuf_2)
     1    0.002186    0.025887    0.081383    0.295991 ^ hold676/X (sky130_fd_sc_hd__clkbuf_2)
                                                         net675 (net)
                      0.025887    0.000004    0.295996 ^ input344/A (sky130_fd_sc_hd__buf_2)
     1    0.007865    0.048625    0.102484    0.398480 ^ input344/X (sky130_fd_sc_hd__buf_2)
                                                         net344 (net)
                      0.048625    0.000143    0.398623 ^ hold550/A (sky130_fd_sc_hd__clkbuf_2)
     2    0.009136    0.059113    0.116671    0.515294 ^ hold550/X (sky130_fd_sc_hd__clkbuf_2)
                                                         net549 (net)
                      0.059113    0.000127    0.515421 ^ _1336_/B (sky130_fd_sc_hd__and2_2)
     8    0.024105    0.133472    0.213667    0.729088 ^ _1336_/X (sky130_fd_sc_hd__and2_2)
                                                         _0572_ (net)
                      0.133472    0.000012    0.729100 ^ _1356_/A2 (sky130_fd_sc_hd__o211a_2)
     1    0.003359    0.043774    0.179456    0.908556 ^ _1356_/X (sky130_fd_sc_hd__o211a_2)
                                                         _0008_ (net)
                      0.043774    0.000014    0.908570 ^ hold590/A (sky130_fd_sc_hd__clkbuf_2)
     1    0.001885    0.024367    0.085308    0.993878 ^ hold590/X (sky130_fd_sc_hd__clkbuf_2)
                                                         net589 (net)
                      0.024367    0.000002    0.993880 ^ _2663_/D (sky130_fd_sc_hd__dfxtp_2)
                                              0.993880   data arrival time

                                  0.000000    0.000000   clock clk (rise edge)
                                  0.000000    0.000000   clock source latency
     1    0.020577    0.098310    0.067797    0.067797 ^ clk (in)
                                                         clk (net)
                      0.098324    0.000000    0.067797 ^ clkbuf_0_clk/A (sky130_fd_sc_hd__clkbuf_16)
    16    0.089719    0.106122    0.197967    0.265764 ^ clkbuf_0_clk/X (sky130_fd_sc_hd__clkbuf_16)
                                                         clknet_0_clk (net)
                      0.106148    0.001644    0.267409 ^ clkbuf_4_1_0_clk/A (sky130_fd_sc_hd__clkbuf_8)
     6    0.014337    0.042708    0.146202    0.413610 ^ clkbuf_4_1_0_clk/X (sky130_fd_sc_hd__clkbuf_8)
                                                         clknet_4_1_0_clk (net)
                      0.042708    0.000019    0.413630 ^ _2663_/CLK (sky130_fd_sc_hd__dfxtp_2)
                                  0.200000    0.613630   clock uncertainty
                                  0.000000    0.613630   clock reconvergence pessimism
                                 -0.027217    0.586413   library hold time
                                              0.586413   data required time
---------------------------------------------------------------------------------------------
                                              0.586413   data required time
                                             -0.993880   data arrival time
---------------------------------------------------------------------------------------------
                                              0.407467   slack (MET)


Startpoint: b_in[6] (input port clocked by clk)
Endpoint: _2644_ (rising edge-triggered flip-flop clocked by clk)
Path Group: clk
Path Type: min

Fanout         Cap        Slew       Delay        Time   Description
---------------------------------------------------------------------------------------------
                                  0.000000    0.000000   clock clk (rise edge)
                                  0.000000    0.000000   clock network delay (propagated)
                                  0.020000    0.020000 ^ input external delay
     1    0.006755    0.037006    0.023532    0.043532 ^ b_in[6] (in)
                                                         b_in[6] (net)
                      0.037006    0.000000    0.043532 ^ hold575/A (sky130_fd_sc_hd__clkbuf_2)
     1    0.007433    0.050549    0.105978    0.149510 ^ hold575/X (sky130_fd_sc_hd__clkbuf_2)
                                                         net574 (net)
                      0.050549    0.000139    0.149650 ^ hold462/A (sky130_fd_sc_hd__clkbuf_2)
     1    0.004375    0.035497    0.098983    0.248633 ^ hold462/X (sky130_fd_sc_hd__clkbuf_2)
                                                         net461 (net)
                      0.035497    0.000036    0.248669 ^ hold576/A (sky130_fd_sc_hd__clkbuf_2)
     1    0.004818    0.037665    0.095359    0.344028 ^ hold576/X (sky130_fd_sc_hd__clkbuf_2)
                                                         net575 (net)
                      0.037665    0.000052    0.344081 ^ input337/A (sky130_fd_sc_hd__buf_2)
     1    0.004326    0.033286    0.094330    0.438411 ^ input337/X (sky130_fd_sc_hd__buf_2)
                                                         net337 (net)
                      0.033286    0.000033    0.438444 ^ hold577/A (sky130_fd_sc_hd__clkbuf_2)
     1    0.003031    0.029056    0.086845    0.525288 ^ hold577/X (sky130_fd_sc_hd__clkbuf_2)
                                                         net576 (net)
                      0.029056    0.000011    0.525300 ^ hold463/A (sky130_fd_sc_hd__clkbuf_2)
     2    0.007541    0.051094    0.103581    0.628881 ^ hold463/X (sky130_fd_sc_hd__clkbuf_2)
                                                         net462 (net)
                      0.051094    0.000111    0.628991 ^ hold578/A (sky130_fd_sc_hd__clkbuf_2)
     2    0.006760    0.047176    0.108396    0.737388 ^ hold578/X (sky130_fd_sc_hd__clkbuf_2)
                                                         net577 (net)
                      0.047176    0.000050    0.737438 ^ _2586_/A2 (sky130_fd_sc_hd__o211a_2)
     1    0.004205    0.048327    0.164074    0.901511 ^ _2586_/X (sky130_fd_sc_hd__o211a_2)
                                                         _0071_ (net)
                      0.048327    0.000038    0.901550 ^ hold464/A (sky130_fd_sc_hd__clkbuf_2)
     1    0.003612    0.031807    0.094871    0.996421 ^ hold464/X (sky130_fd_sc_hd__clkbuf_2)
                                                         net463 (net)
                      0.031807    0.000033    0.996454 ^ _2644_/D (sky130_fd_sc_hd__dfxtp_2)
                                              0.996454   data arrival time

                                  0.000000    0.000000   clock clk (rise edge)
                                  0.000000    0.000000   clock source latency
     1    0.020577    0.098310    0.067797    0.067797 ^ clk (in)
                                                         clk (net)
                      0.098324    0.000000    0.067797 ^ clkbuf_0_clk/A (sky130_fd_sc_hd__clkbuf_16)
    16    0.089719    0.106122    0.197967    0.265764 ^ clkbuf_0_clk/X (sky130_fd_sc_hd__clkbuf_16)
                                                         clknet_0_clk (net)
                      0.106142    0.001480    0.267244 ^ clkbuf_4_2_0_clk/A (sky130_fd_sc_hd__clkbuf_8)
     6    0.016579    0.046067    0.149538    0.416782 ^ clkbuf_4_2_0_clk/X (sky130_fd_sc_hd__clkbuf_8)
                                                         clknet_4_2_0_clk (net)
                      0.046067    0.000045    0.416827 ^ _2644_/CLK (sky130_fd_sc_hd__dfxtp_2)
                                  0.200000    0.616827   clock uncertainty
                                  0.000000    0.616827   clock reconvergence pessimism
                                 -0.028317    0.588510   library hold time
                                              0.588510   data required time
---------------------------------------------------------------------------------------------
                                              0.588510   data required time
                                             -0.996454   data arrival time
---------------------------------------------------------------------------------------------
                                              0.407944   slack (MET)


Startpoint: reset (input port clocked by clk)
Endpoint: _2681_ (rising edge-triggered flip-flop clocked by clk)
Path Group: clk
Path Type: min

Fanout         Cap        Slew       Delay        Time   Description
---------------------------------------------------------------------------------------------
                                  0.000000    0.000000   clock clk (rise edge)
                                  0.000000    0.000000   clock network delay (propagated)
                                  0.020000    0.020000 v input external delay
     1    0.003618    0.010528    0.005792    0.025792 v reset (in)
                                                         reset (net)
                      0.010528    0.000000    0.025792 v hold406/A (sky130_fd_sc_hd__clkbuf_2)
     1    0.002239    0.021893    0.079925    0.105718 v hold406/X (sky130_fd_sc_hd__clkbuf_2)
                                                         net405 (net)
                      0.021893    0.000002    0.105719 v hold403/A (sky130_fd_sc_hd__clkbuf_2)
     1    0.002412    0.022615    0.085333    0.191053 v hold403/X (sky130_fd_sc_hd__clkbuf_2)
                                                         net402 (net)
                      0.022615    0.000005    0.191057 v hold407/A (sky130_fd_sc_hd__clkbuf_2)
     1    0.002533    0.022307    0.086126    0.277183 v hold407/X (sky130_fd_sc_hd__clkbuf_2)
                                                         net406 (net)
                      0.022307    0.000009    0.277192 v input345/A (sky130_fd_sc_hd__buf_2)
     1    0.004194    0.026921    0.108905    0.386097 v input345/X (sky130_fd_sc_hd__buf_2)
                                                         net345 (net)
                      0.026921    0.000041    0.386139 v hold408/A (sky130_fd_sc_hd__clkbuf_2)
     1    0.003392    0.025208    0.091478    0.477616 v hold408/X (sky130_fd_sc_hd__clkbuf_2)
                                                         net407 (net)
                      0.025208    0.000023    0.477639 v hold404/A (sky130_fd_sc_hd__clkbuf_2)
     2    0.011882    0.053306    0.118424    0.596063 v hold404/X (sky130_fd_sc_hd__clkbuf_2)
                                                         net403 (net)
                      0.053307    0.000347    0.596410 v fanout78/A (sky130_fd_sc_hd__buf_1)
     8    0.039776    0.231026    0.248431    0.844841 v fanout78/X (sky130_fd_sc_hd__buf_1)
                                                         net78 (net)
                      0.231027    0.000680    0.845521 v _2230_/A (sky130_fd_sc_hd__nor2_2)
     1    0.001890    0.052260    0.148360    0.993881 ^ _2230_/Y (sky130_fd_sc_hd__nor2_2)
                                                         _0026_ (net)
                      0.052260    0.000002    0.993884 ^ _2681_/D (sky130_fd_sc_hd__dfxtp_2)
                                              0.993884   data arrival time

                                  0.000000    0.000000   clock clk (rise edge)
                                  0.000000    0.000000   clock source latency
     1    0.020577    0.098310    0.067797    0.067797 ^ clk (in)
                                                         clk (net)
                      0.098324    0.000000    0.067797 ^ clkbuf_0_clk/A (sky130_fd_sc_hd__clkbuf_16)
    16    0.089719    0.106122    0.197967    0.265764 ^ clkbuf_0_clk/X (sky130_fd_sc_hd__clkbuf_16)
                                                         clknet_0_clk (net)
                      0.106124    0.000762    0.266527 ^ clkbuf_4_9_0_clk/A (sky130_fd_sc_hd__clkbuf_8)
     6    0.017954    0.048197    0.151533    0.418059 ^ clkbuf_4_9_0_clk/X (sky130_fd_sc_hd__clkbuf_8)
                                                         clknet_4_9_0_clk (net)
                      0.048197    0.000137    0.418196 ^ _2681_/CLK (sky130_fd_sc_hd__dfxtp_2)
                                  0.200000    0.618196   clock uncertainty
                                  0.000000    0.618196   clock reconvergence pessimism
                                 -0.032272    0.585925   library hold time
                                              0.585925   data required time
---------------------------------------------------------------------------------------------
                                              0.585925   data required time
                                             -0.993884   data arrival time
---------------------------------------------------------------------------------------------
                                              0.407959   slack (MET)


Startpoint: b_in[8] (input port clocked by clk)
Endpoint: _2646_ (rising edge-triggered flip-flop clocked by clk)
Path Group: clk
Path Type: min

Fanout         Cap        Slew       Delay        Time   Description
---------------------------------------------------------------------------------------------
                                  0.000000    0.000000   clock clk (rise edge)
                                  0.000000    0.000000   clock network delay (propagated)
                                  0.020000    0.020000 ^ input external delay
     1    0.007678    0.041088    0.026530    0.046530 ^ b_in[8] (in)
                                                         b_in[8] (net)
                      0.041089    0.000000    0.046530 ^ hold586/A (sky130_fd_sc_hd__clkbuf_2)
     1    0.002589    0.027869    0.087591    0.134121 ^ hold586/X (sky130_fd_sc_hd__clkbuf_2)
                                                         net585 (net)
                      0.027869    0.000004    0.134126 ^ hold483/A (sky130_fd_sc_hd__clkbuf_2)
     1    0.002693    0.028413    0.083348    0.217474 ^ hold483/X (sky130_fd_sc_hd__clkbuf_2)
                                                         net482 (net)
                      0.028413    0.000005    0.217479 ^ hold587/A (sky130_fd_sc_hd__clkbuf_2)
     1    0.002802    0.028018    0.084044    0.301524 ^ hold587/X (sky130_fd_sc_hd__clkbuf_2)
                                                         net586 (net)
                      0.028018    0.000013    0.301537 ^ input339/A (sky130_fd_sc_hd__buf_2)
     1    0.006211    0.041348    0.097415    0.398952 ^ input339/X (sky130_fd_sc_hd__buf_2)
                                                         net339 (net)
                      0.041348    0.000086    0.399038 ^ hold588/A (sky130_fd_sc_hd__clkbuf_2)
     1    0.006510    0.045950    0.103963    0.503001 ^ hold588/X (sky130_fd_sc_hd__clkbuf_2)
                                                         net587 (net)
                      0.045950    0.000096    0.503097 ^ hold484/A (sky130_fd_sc_hd__clkbuf_2)
     2    0.008409    0.055442    0.112917    0.616014 ^ hold484/X (sky130_fd_sc_hd__clkbuf_2)
                                                         net483 (net)
                      0.055442    0.000130    0.616144 ^ hold589/A (sky130_fd_sc_hd__clkbuf_2)
     2    0.006433    0.045565    0.108690    0.724835 ^ hold589/X (sky130_fd_sc_hd__clkbuf_2)
                                                         net588 (net)
                      0.045565    0.000059    0.724894 ^ _2590_/A2 (sky130_fd_sc_hd__o211a_2)
     1    0.005920    0.056529    0.171822    0.896715 ^ _2590_/X (sky130_fd_sc_hd__o211a_2)
                                                         _0073_ (net)
                      0.056529    0.000062    0.896777 ^ hold485/A (sky130_fd_sc_hd__clkbuf_2)
     1    0.005319    0.040090    0.104785    1.001562 ^ hold485/X (sky130_fd_sc_hd__clkbuf_2)
                                                         net484 (net)
                      0.040090    0.000055    1.001616 ^ _2646_/D (sky130_fd_sc_hd__dfxtp_2)
                                              1.001616   data arrival time

                                  0.000000    0.000000   clock clk (rise edge)
                                  0.000000    0.000000   clock source latency
     1    0.020577    0.098310    0.067797    0.067797 ^ clk (in)
                                                         clk (net)
                      0.098324    0.000000    0.067797 ^ clkbuf_0_clk/A (sky130_fd_sc_hd__clkbuf_16)
    16    0.089719    0.106122    0.197967    0.265764 ^ clkbuf_0_clk/X (sky130_fd_sc_hd__clkbuf_16)
                                                         clknet_0_clk (net)
                      0.106155    0.001818    0.267582 ^ clkbuf_4_0_0_clk/A (sky130_fd_sc_hd__clkbuf_8)
     6    0.016022    0.045232    0.148685    0.416267 ^ clkbuf_4_0_0_clk/X (sky130_fd_sc_hd__clkbuf_8)
                                                         clknet_4_0_0_clk (net)
                      0.045232    0.000137    0.416404 ^ _2646_/CLK (sky130_fd_sc_hd__dfxtp_2)
                                  0.200000    0.616404   clock uncertainty
                                  0.000000    0.616404   clock reconvergence pessimism
                                 -0.030142    0.586262   library hold time
                                              0.586262   data required time
---------------------------------------------------------------------------------------------
                                              0.586262   data required time
                                             -1.001616   data arrival time
---------------------------------------------------------------------------------------------
                                              0.415355   slack (MET)


Startpoint: b_in[9] (input port clocked by clk)
Endpoint: _2664_ (rising edge-triggered flip-flop clocked by clk)
Path Group: clk
Path Type: min

Fanout         Cap        Slew       Delay        Time   Description
---------------------------------------------------------------------------------------------
                                  0.000000    0.000000   clock clk (rise edge)
                                  0.000000    0.000000   clock network delay (propagated)
                                  0.020000    0.020000 ^ input external delay
     1    0.009939    0.051147    0.033892    0.053892 ^ b_in[9] (in)
                                                         b_in[9] (net)
                      0.051148    0.000000    0.053892 ^ hold562/A (sky130_fd_sc_hd__clkbuf_2)
     1    0.004115    0.034261    0.098181    0.152073 ^ hold562/X (sky130_fd_sc_hd__clkbuf_2)
                                                         net561 (net)
                      0.034261    0.000031    0.152104 ^ hold486/A (sky130_fd_sc_hd__clkbuf_2)
     1    0.004050    0.033990    0.091895    0.244000 ^ hold486/X (sky130_fd_sc_hd__clkbuf_2)
                                                         net485 (net)
                      0.033990    0.000029    0.244028 ^ hold563/A (sky130_fd_sc_hd__clkbuf_2)
     1    0.003054    0.029158    0.087197    0.331225 ^ hold563/X (sky130_fd_sc_hd__clkbuf_2)
                                                         net562 (net)
                      0.029158    0.000018    0.331243 ^ input340/A (sky130_fd_sc_hd__buf_2)
     1    0.003772    0.030884    0.088814    0.420057 ^ input340/X (sky130_fd_sc_hd__buf_2)
                                                         net340 (net)
                      0.030884    0.000023    0.420081 ^ hold564/A (sky130_fd_sc_hd__clkbuf_2)
     1    0.004375    0.035555    0.092014    0.512094 ^ hold564/X (sky130_fd_sc_hd__clkbuf_2)
                                                         net563 (net)
                      0.035555    0.000036    0.512131 ^ hold487/A (sky130_fd_sc_hd__clkbuf_2)
     2    0.010567    0.066359    0.117561    0.629692 ^ hold487/X (sky130_fd_sc_hd__clkbuf_2)
                                                         net486 (net)
                      0.066359    0.000140    0.629833 ^ hold565/A (sky130_fd_sc_hd__clkbuf_2)
     2    0.008403    0.055469    0.120274    0.750107 ^ hold565/X (sky130_fd_sc_hd__clkbuf_2)
                                                         net564 (net)
                      0.055469    0.000080    0.750187 ^ _1357_/A (sky130_fd_sc_hd__or2_2)
     1    0.003742    0.033041    0.103440    0.853627 ^ _1357_/X (sky130_fd_sc_hd__or2_2)
                                                         _0588_ (net)
                      0.033041    0.000018    0.853645 ^ _1358_/B1 (sky130_fd_sc_hd__o211a_2)
     1    0.002274    0.039407    0.153267    1.006913 ^ _1358_/X (sky130_fd_sc_hd__o211a_2)
                                                         _0009_ (net)
                      0.039407    0.000006    1.006919 ^ _2664_/D (sky130_fd_sc_hd__dfxtp_2)
                                              1.006919   data arrival time

                                  0.000000    0.000000   clock clk (rise edge)
                                  0.000000    0.000000   clock source latency
     1    0.020577    0.098310    0.067797    0.067797 ^ clk (in)
                                                         clk (net)
                      0.098324    0.000000    0.067797 ^ clkbuf_0_clk/A (sky130_fd_sc_hd__clkbuf_16)
    16    0.089719    0.106122    0.197967    0.265764 ^ clkbuf_0_clk/X (sky130_fd_sc_hd__clkbuf_16)
                                                         clknet_0_clk (net)
                      0.106162    0.001958    0.267722 ^ clkbuf_4_4_0_clk/A (sky130_fd_sc_hd__clkbuf_8)
     6    0.018692    0.049319    0.152714    0.420436 ^ clkbuf_4_4_0_clk/X (sky130_fd_sc_hd__clkbuf_8)
                                                         clknet_4_4_0_clk (net)
                      0.049319    0.000061    0.420498 ^ _2664_/CLK (sky130_fd_sc_hd__dfxtp_2)
                                  0.200000    0.620498   clock uncertainty
                                  0.000000    0.620498   clock reconvergence pessimism
                                 -0.029463    0.591035   library hold time
                                              0.591035   data required time
---------------------------------------------------------------------------------------------
                                              0.591035   data required time
                                             -1.006919   data arrival time
---------------------------------------------------------------------------------------------
                                              0.415884   slack (MET)


Startpoint: b_in[5] (input port clocked by clk)
Endpoint: _2643_ (rising edge-triggered flip-flop clocked by clk)
Path Group: clk
Path Type: min

Fanout         Cap        Slew       Delay        Time   Description
---------------------------------------------------------------------------------------------
                                  0.000000    0.000000   clock clk (rise edge)
                                  0.000000    0.000000   clock network delay (propagated)
                                  0.020000    0.020000 ^ input external delay
     1    0.006730    0.036896    0.023451    0.043451 ^ b_in[5] (in)
                                                         b_in[5] (net)
                      0.036896    0.000000    0.043451 ^ hold656/A (sky130_fd_sc_hd__clkbuf_2)
     1    0.002784    0.027924    0.086992    0.130443 ^ hold656/X (sky130_fd_sc_hd__clkbuf_2)
                                                         net655 (net)
                      0.027924    0.000008    0.130451 ^ hold459/A (sky130_fd_sc_hd__clkbuf_2)
     1    0.008565    0.056231    0.107121    0.237572 ^ hold459/X (sky130_fd_sc_hd__clkbuf_2)
                                                         net458 (net)
                      0.056231    0.000184    0.237755 ^ hold657/A (sky130_fd_sc_hd__clkbuf_2)
     1    0.005175    0.039379    0.104118    0.341873 ^ hold657/X (sky130_fd_sc_hd__clkbuf_2)
                                                         net656 (net)
                      0.039379    0.000063    0.341936 ^ input336/A (sky130_fd_sc_hd__buf_2)
     1    0.004386    0.033529    0.095181    0.437117 ^ input336/X (sky130_fd_sc_hd__buf_2)
                                                         net336 (net)
                      0.033529    0.000040    0.437157 ^ hold658/A (sky130_fd_sc_hd__clkbuf_2)
     1    0.002628    0.028080    0.085072    0.522229 ^ hold658/X (sky130_fd_sc_hd__clkbuf_2)
                                                         net657 (net)
                      0.028080    0.000005    0.522234 ^ hold460/A (sky130_fd_sc_hd__clkbuf_2)
     3    0.010776    0.067408    0.115726    0.637960 ^ hold460/X (sky130_fd_sc_hd__clkbuf_2)
                                                         net459 (net)
                      0.067408    0.000174    0.638134 ^ hold659/A (sky130_fd_sc_hd__clkbuf_2)
     1    0.005106    0.039147    0.107926    0.746060 ^ hold659/X (sky130_fd_sc_hd__clkbuf_2)
                                                         net658 (net)
                      0.039147    0.000064    0.746124 ^ _2584_/A2 (sky130_fd_sc_hd__o211a_2)
     1    0.004606    0.050257    0.163670    0.909794 ^ _2584_/X (sky130_fd_sc_hd__o211a_2)
                                                         _0070_ (net)
                      0.050257    0.000053    0.909846 ^ hold461/A (sky130_fd_sc_hd__clkbuf_2)
     1    0.004084    0.034109    0.097719    1.007565 ^ hold461/X (sky130_fd_sc_hd__clkbuf_2)
                                                         net460 (net)
                      0.034109    0.000047    1.007612 ^ _2643_/D (sky130_fd_sc_hd__dfxtp_2)
                                              1.007612   data arrival time

                                  0.000000    0.000000   clock clk (rise edge)
                                  0.000000    0.000000   clock source latency
     1    0.020577    0.098310    0.067797    0.067797 ^ clk (in)
                                                         clk (net)
                      0.098324    0.000000    0.067797 ^ clkbuf_0_clk/A (sky130_fd_sc_hd__clkbuf_16)
    16    0.089719    0.106122    0.197967    0.265764 ^ clkbuf_0_clk/X (sky130_fd_sc_hd__clkbuf_16)
                                                         clknet_0_clk (net)
                      0.106155    0.001818    0.267582 ^ clkbuf_4_0_0_clk/A (sky130_fd_sc_hd__clkbuf_8)
     6    0.016022    0.045232    0.148685    0.416267 ^ clkbuf_4_0_0_clk/X (sky130_fd_sc_hd__clkbuf_8)
                                                         clknet_4_0_0_clk (net)
                      0.045232    0.000045    0.416312 ^ _2643_/CLK (sky130_fd_sc_hd__dfxtp_2)
                                  0.200000    0.616312   clock uncertainty
                                  0.000000    0.616312   clock reconvergence pessimism
                                 -0.028903    0.587409   library hold time
                                              0.587409   data required time
---------------------------------------------------------------------------------------------
                                              0.587409   data required time
                                             -1.007612   data arrival time
---------------------------------------------------------------------------------------------
                                              0.420203   slack (MET)


Startpoint: b_in[3] (input port clocked by clk)
Endpoint: _2641_ (rising edge-triggered flip-flop clocked by clk)
Path Group: clk
Path Type: min

Fanout         Cap        Slew       Delay        Time   Description
---------------------------------------------------------------------------------------------
                                  0.000000    0.000000   clock clk (rise edge)
                                  0.000000    0.000000   clock network delay (propagated)
                                  0.020000    0.020000 ^ input external delay
     1    0.005953    0.033469    0.020927    0.040927 ^ b_in[3] (in)
                                                         b_in[3] (net)
                      0.033470    0.000000    0.040927 ^ hold511/A (sky130_fd_sc_hd__clkbuf_2)
     1    0.007491    0.050844    0.104952    0.145879 ^ hold511/X (sky130_fd_sc_hd__clkbuf_2)
                                                         net510 (net)
                      0.050844    0.000135    0.146014 ^ hold508/A (sky130_fd_sc_hd__clkbuf_2)
     1    0.006563    0.046196    0.107526    0.253540 ^ hold508/X (sky130_fd_sc_hd__clkbuf_2)
                                                         net507 (net)
                      0.046196    0.000108    0.253648 ^ hold512/A (sky130_fd_sc_hd__clkbuf_2)
     1    0.004463    0.035928    0.097777    0.351425 ^ hold512/X (sky130_fd_sc_hd__clkbuf_2)
                                                         net511 (net)
                      0.035928    0.000047    0.351472 ^ input334/A (sky130_fd_sc_hd__buf_2)
     1    0.003096    0.028000    0.088462    0.439935 ^ input334/X (sky130_fd_sc_hd__buf_2)
                                                         net334 (net)
                      0.028000    0.000012    0.439946 ^ hold513/A (sky130_fd_sc_hd__clkbuf_2)
     1    0.005158    0.039337    0.094018    0.533965 ^ hold513/X (sky130_fd_sc_hd__clkbuf_2)
                                                         net512 (net)
                      0.039337    0.000051    0.534015 ^ hold509/A (sky130_fd_sc_hd__clkbuf_2)
     2    0.006982    0.048295    0.105078    0.639093 ^ hold509/X (sky130_fd_sc_hd__clkbuf_2)
                                                         net508 (net)
                      0.048295    0.000061    0.639154 ^ hold514/A (sky130_fd_sc_hd__clkbuf_2)
     2    0.007748    0.052115    0.111235    0.750389 ^ hold514/X (sky130_fd_sc_hd__clkbuf_2)
                                                         net513 (net)
                      0.052115    0.000047    0.750436 ^ _2580_/A2 (sky130_fd_sc_hd__o211a_2)
     1    0.004099    0.047804    0.164989    0.915425 ^ _2580_/X (sky130_fd_sc_hd__o211a_2)
                                                         _0068_ (net)
                      0.047804    0.000037    0.915461 ^ hold510/A (sky130_fd_sc_hd__clkbuf_2)
     1    0.003391    0.030740    0.093669    1.009130 ^ hold510/X (sky130_fd_sc_hd__clkbuf_2)
                                                         net509 (net)
                      0.030740    0.000029    1.009159 ^ _2641_/D (sky130_fd_sc_hd__dfxtp_2)
                                              1.009159   data arrival time

                                  0.000000    0.000000   clock clk (rise edge)
                                  0.000000    0.000000   clock source latency
     1    0.020577    0.098310    0.067797    0.067797 ^ clk (in)
                                                         clk (net)
                      0.098324    0.000000    0.067797 ^ clkbuf_0_clk/A (sky130_fd_sc_hd__clkbuf_16)
    16    0.089719    0.106122    0.197967    0.265764 ^ clkbuf_0_clk/X (sky130_fd_sc_hd__clkbuf_16)
                                                         clknet_0_clk (net)
                      0.106142    0.001480    0.267244 ^ clkbuf_4_2_0_clk/A (sky130_fd_sc_hd__clkbuf_8)
     6    0.016579    0.046067    0.149538    0.416782 ^ clkbuf_4_2_0_clk/X (sky130_fd_sc_hd__clkbuf_8)
                                                         clknet_4_2_0_clk (net)
                      0.046067    0.000039    0.416821 ^ _2641_/CLK (sky130_fd_sc_hd__dfxtp_2)
                                  0.200000    0.616821   clock uncertainty
                                  0.000000    0.616821   clock reconvergence pessimism
                                 -0.028096    0.588725   library hold time
                                              0.588725   data required time
---------------------------------------------------------------------------------------------
                                              0.588725   data required time
                                             -1.009159   data arrival time
---------------------------------------------------------------------------------------------
                                              0.420434   slack (MET)


Startpoint: b_in[7] (input port clocked by clk)
Endpoint: _2645_ (rising edge-triggered flip-flop clocked by clk)
Path Group: clk
Path Type: min

Fanout         Cap        Slew       Delay        Time   Description
---------------------------------------------------------------------------------------------
                                  0.000000    0.000000   clock clk (rise edge)
                                  0.000000    0.000000   clock network delay (propagated)
                                  0.020000    0.020000 ^ input external delay
     1    0.006419    0.035524    0.022457    0.042457 ^ b_in[7] (in)
                                                         b_in[7] (net)
                      0.035524    0.000000    0.042457 ^ hold580/A (sky130_fd_sc_hd__clkbuf_2)
     1    0.003852    0.033007    0.091429    0.133886 ^ hold580/X (sky130_fd_sc_hd__clkbuf_2)
                                                         net579 (net)
                      0.033007    0.000025    0.133911 ^ hold477/A (sky130_fd_sc_hd__clkbuf_2)
     1    0.007725    0.052012    0.105686    0.239597 ^ hold477/X (sky130_fd_sc_hd__clkbuf_2)
                                                         net476 (net)
                      0.052012    0.000149    0.239746 ^ hold581/A (sky130_fd_sc_hd__clkbuf_2)
     1    0.004005    0.033714    0.097981    0.337728 ^ hold581/X (sky130_fd_sc_hd__clkbuf_2)
                                                         net580 (net)
                      0.033714    0.000035    0.337762 ^ input338/A (sky130_fd_sc_hd__buf_2)
     1    0.004101    0.032312    0.091919    0.429681 ^ input338/X (sky130_fd_sc_hd__buf_2)
                                                         net338 (net)
                      0.032312    0.000031    0.429713 ^ hold582/A (sky130_fd_sc_hd__clkbuf_2)
     1    0.006850    0.047645    0.102067    0.531780 ^ hold582/X (sky130_fd_sc_hd__clkbuf_2)
                                                         net581 (net)
                      0.047645    0.000112    0.531891 ^ hold478/A (sky130_fd_sc_hd__clkbuf_2)
     2    0.006976    0.048254    0.108004    0.639895 ^ hold478/X (sky130_fd_sc_hd__clkbuf_2)
                                                         net477 (net)
                      0.048254    0.000057    0.639952 ^ hold583/A (sky130_fd_sc_hd__clkbuf_2)
     2    0.006092    0.043866    0.104812    0.744763 ^ hold583/X (sky130_fd_sc_hd__clkbuf_2)
                                                         net582 (net)
                      0.043866    0.000030    0.744794 ^ _2588_/A2 (sky130_fd_sc_hd__o211a_2)
     1    0.005049    0.052335    0.167160    0.911953 ^ _2588_/X (sky130_fd_sc_hd__o211a_2)
                                                         _0072_ (net)
                      0.052335    0.000042    0.911995 ^ hold479/A (sky130_fd_sc_hd__clkbuf_2)
     1    0.004171    0.034523    0.098828    1.010823 ^ hold479/X (sky130_fd_sc_hd__clkbuf_2)
                                                         net478 (net)
                      0.034523    0.000032    1.010855 ^ _2645_/D (sky130_fd_sc_hd__dfxtp_2)
                                              1.010855   data arrival time

                                  0.000000    0.000000   clock clk (rise edge)
                                  0.000000    0.000000   clock source latency
     1    0.020577    0.098310    0.067797    0.067797 ^ clk (in)
                                                         clk (net)
                      0.098324    0.000000    0.067797 ^ clkbuf_0_clk/A (sky130_fd_sc_hd__clkbuf_16)
    16    0.089719    0.106122    0.197967    0.265764 ^ clkbuf_0_clk/X (sky130_fd_sc_hd__clkbuf_16)
                                                         clknet_0_clk (net)
                      0.106155    0.001818    0.267582 ^ clkbuf_4_0_0_clk/A (sky130_fd_sc_hd__clkbuf_8)
     6    0.016022    0.045232    0.148685    0.416267 ^ clkbuf_4_0_0_clk/X (sky130_fd_sc_hd__clkbuf_8)
                                                         clknet_4_0_0_clk (net)
                      0.045232    0.000075    0.416342 ^ _2645_/CLK (sky130_fd_sc_hd__dfxtp_2)
                                  0.200000    0.616342   clock uncertainty
                                  0.000000    0.616342   clock reconvergence pessimism
                                 -0.028989    0.587353   library hold time
                                              0.587353   data required time
---------------------------------------------------------------------------------------------
                                              0.587353   data required time
                                             -1.010855   data arrival time
---------------------------------------------------------------------------------------------
                                              0.423502   slack (MET)


Startpoint: b_in[13] (input port clocked by clk)
Endpoint: _2651_ (rising edge-triggered flip-flop clocked by clk)
Path Group: clk
Path Type: min

Fanout         Cap        Slew       Delay        Time   Description
---------------------------------------------------------------------------------------------
                                  0.000000    0.000000   clock clk (rise edge)
                                  0.000000    0.000000   clock network delay (propagated)
                                  0.020000    0.020000 ^ input external delay
     1    0.009152    0.047641    0.031338    0.051338 ^ b_in[13] (in)
                                                         b_in[13] (net)
                      0.047642    0.000000    0.051338 ^ hold530/A (sky130_fd_sc_hd__clkbuf_2)
     1    0.004468    0.035950    0.098312    0.149650 ^ hold530/X (sky130_fd_sc_hd__clkbuf_2)
                                                         net529 (net)
                      0.035950    0.000040    0.149690 ^ hold450/A (sky130_fd_sc_hd__clkbuf_2)
     1    0.002811    0.028983    0.086781    0.236471 ^ hold450/X (sky130_fd_sc_hd__clkbuf_2)
                                                         net449 (net)
                      0.028983    0.000006    0.236477 ^ hold531/A (sky130_fd_sc_hd__clkbuf_2)
     1    0.002052    0.025221    0.080776    0.317252 ^ hold531/X (sky130_fd_sc_hd__clkbuf_2)
                                                         net530 (net)
                      0.025221    0.000003    0.317255 ^ input329/A (sky130_fd_sc_hd__buf_2)
     1    0.002580    0.026708    0.082260    0.399515 ^ input329/X (sky130_fd_sc_hd__buf_2)
                                                         net329 (net)
                      0.026708    0.000004    0.399519 ^ hold532/A (sky130_fd_sc_hd__clkbuf_2)
     1    0.002944    0.029667    0.084100    0.483620 ^ hold532/X (sky130_fd_sc_hd__clkbuf_2)
                                                         net531 (net)
                      0.029667    0.000007    0.483627 ^ hold451/A (sky130_fd_sc_hd__clkbuf_2)
     2    0.008898    0.057902    0.109056    0.592683 ^ hold451/X (sky130_fd_sc_hd__clkbuf_2)
                                                         net450 (net)
                      0.057902    0.000046    0.592729 ^ hold533/A (sky130_fd_sc_hd__clkbuf_2)
     2    0.008559    0.056216    0.117788    0.710517 ^ hold533/X (sky130_fd_sc_hd__clkbuf_2)
                                                         net532 (net)
                      0.056216    0.000117    0.710634 ^ _2600_/A2 (sky130_fd_sc_hd__o211a_2)
     1    0.008222    0.068253    0.185752    0.896385 ^ _2600_/X (sky130_fd_sc_hd__o211a_2)
                                                         _0078_ (net)
                      0.068253    0.000143    0.896529 ^ hold452/A (sky130_fd_sc_hd__clkbuf_2)
     1    0.007211    0.049513    0.116359    1.012888 ^ hold452/X (sky130_fd_sc_hd__clkbuf_2)
                                                         net451 (net)
                      0.049513    0.000112    1.013000 ^ _2651_/D (sky130_fd_sc_hd__dfxtp_2)
                                              1.013000   data arrival time

                                  0.000000    0.000000   clock clk (rise edge)
                                  0.000000    0.000000   clock source latency
     1    0.020577    0.098310    0.067797    0.067797 ^ clk (in)
                                                         clk (net)
                      0.098324    0.000000    0.067797 ^ clkbuf_0_clk/A (sky130_fd_sc_hd__clkbuf_16)
    16    0.089719    0.106122    0.197967    0.265764 ^ clkbuf_0_clk/X (sky130_fd_sc_hd__clkbuf_16)
                                                         clknet_0_clk (net)
                      0.106162    0.001958    0.267722 ^ clkbuf_4_4_0_clk/A (sky130_fd_sc_hd__clkbuf_8)
     6    0.018692    0.049319    0.152714    0.420436 ^ clkbuf_4_4_0_clk/X (sky130_fd_sc_hd__clkbuf_8)
                                                         clknet_4_4_0_clk (net)
                      0.049319    0.000077    0.420514 ^ _2651_/CLK (sky130_fd_sc_hd__dfxtp_2)
                                  0.200000    0.620514   clock uncertainty
                                  0.000000    0.620514   clock reconvergence pessimism
                                 -0.031555    0.588959   library hold time
                                              0.588959   data required time
---------------------------------------------------------------------------------------------
                                              0.588959   data required time
                                             -1.013000   data arrival time
---------------------------------------------------------------------------------------------
                                              0.424041   slack (MET)


Startpoint: _2679_ (rising edge-triggered flip-flop clocked by clk)
Endpoint: _2679_ (rising edge-triggered flip-flop clocked by clk)
Path Group: clk
Path Type: min

Fanout         Cap        Slew       Delay        Time   Description
---------------------------------------------------------------------------------------------
                                  0.000000    0.000000   clock clk (rise edge)
                                  0.000000    0.000000   clock source latency
     1    0.020577    0.098310    0.067797    0.067797 ^ clk (in)
                                                         clk (net)
                      0.098324    0.000000    0.067797 ^ clkbuf_0_clk/A (sky130_fd_sc_hd__clkbuf_16)
    16    0.089719    0.106122    0.197967    0.265764 ^ clkbuf_0_clk/X (sky130_fd_sc_hd__clkbuf_16)
                                                         clknet_0_clk (net)
                      0.106125    0.000806    0.266571 ^ clkbuf_4_8_0_clk/A (sky130_fd_sc_hd__clkbuf_8)
     6    0.019064    0.049887    0.153281    0.419852 ^ clkbuf_4_8_0_clk/X (sky130_fd_sc_hd__clkbuf_8)
                                                         clknet_4_8_0_clk (net)
                      0.049887    0.000009    0.419861 ^ _2679_/CLK (sky130_fd_sc_hd__dfxtp_2)
     4    0.015629    0.051073    0.335823    0.755684 v _2679_/Q (sky130_fd_sc_hd__dfxtp_2)
                                                         r3_prod_mant[8] (net)
                      0.051073    0.000012    0.755696 v _2157_/A2_N (sky130_fd_sc_hd__o2bb2a_2)
     1    0.004991    0.048719    0.239290    0.994986 ^ _2157_/X (sky130_fd_sc_hd__o2bb2a_2)
                                                         _0156_ (net)
                      0.048719    0.000008    0.994994 ^ _2158_/B (sky130_fd_sc_hd__nor2_2)
     1    0.001899    0.015762    0.027825    1.022819 v _2158_/Y (sky130_fd_sc_hd__nor2_2)
                                                         _0024_ (net)
                      0.015762    0.000002    1.022821 v _2679_/D (sky130_fd_sc_hd__dfxtp_2)
                                              1.022821   data arrival time

                                  0.000000    0.000000   clock clk (rise edge)
                                  0.000000    0.000000   clock source latency
     1    0.020577    0.098310    0.067797    0.067797 ^ clk (in)
                                                         clk (net)
                      0.098324    0.000000    0.067797 ^ clkbuf_0_clk/A (sky130_fd_sc_hd__clkbuf_16)
    16    0.089719    0.106122    0.197967    0.265764 ^ clkbuf_0_clk/X (sky130_fd_sc_hd__clkbuf_16)
                                                         clknet_0_clk (net)
                      0.106125    0.000806    0.266571 ^ clkbuf_4_8_0_clk/A (sky130_fd_sc_hd__clkbuf_8)
     6    0.019064    0.049887    0.153281    0.419852 ^ clkbuf_4_8_0_clk/X (sky130_fd_sc_hd__clkbuf_8)
                                                         clknet_4_8_0_clk (net)
                      0.049887    0.000009    0.419861 ^ _2679_/CLK (sky130_fd_sc_hd__dfxtp_2)
                                  0.200000    0.619861   clock uncertainty
                                  0.000000    0.619861   clock reconvergence pessimism
                                 -0.032973    0.586888   library hold time
                                              0.586888   data required time
---------------------------------------------------------------------------------------------
                                              0.586888   data required time
                                             -1.022821   data arrival time
---------------------------------------------------------------------------------------------
                                              0.435933   slack (MET)


Startpoint: _2684_ (rising edge-triggered flip-flop clocked by clk)
Endpoint: _2684_ (rising edge-triggered flip-flop clocked by clk)
Path Group: clk
Path Type: min

Fanout         Cap        Slew       Delay        Time   Description
---------------------------------------------------------------------------------------------
                                  0.000000    0.000000   clock clk (rise edge)
                                  0.000000    0.000000   clock source latency
     1    0.020577    0.098310    0.067797    0.067797 ^ clk (in)
                                                         clk (net)
                      0.098324    0.000000    0.067797 ^ clkbuf_0_clk/A (sky130_fd_sc_hd__clkbuf_16)
    16    0.089719    0.106122    0.197967    0.265764 ^ clkbuf_0_clk/X (sky130_fd_sc_hd__clkbuf_16)
                                                         clknet_0_clk (net)
                      0.106124    0.000762    0.266527 ^ clkbuf_4_9_0_clk/A (sky130_fd_sc_hd__clkbuf_8)
     6    0.017954    0.048197    0.151533    0.418059 ^ clkbuf_4_9_0_clk/X (sky130_fd_sc_hd__clkbuf_8)
                                                         clknet_4_9_0_clk (net)
                      0.048198    0.000306    0.418366 ^ _2684_/CLK (sky130_fd_sc_hd__dfxtp_2)
     3    0.014303    0.081016    0.348570    0.766936 ^ _2684_/Q (sky130_fd_sc_hd__dfxtp_2)
                                                         r3_prod_mant[13] (net)
                      0.081016    0.000029    0.766966 ^ _2288_/B (sky130_fd_sc_hd__and2_2)
     1    0.005608    0.049158    0.151314    0.918280 ^ _2288_/X (sky130_fd_sc_hd__and2_2)
                                                         _0282_ (net)
                      0.049158    0.000018    0.918298 ^ _2307_/A1 (sky130_fd_sc_hd__o21a_4)
     1    0.002090    0.025630    0.109770    1.028067 ^ _2307_/X (sky130_fd_sc_hd__o21a_4)
                                                         _0029_ (net)
                      0.025630    0.000004    1.028072 ^ _2684_/D (sky130_fd_sc_hd__dfxtp_2)
                                              1.028072   data arrival time

                                  0.000000    0.000000   clock clk (rise edge)
                                  0.000000    0.000000   clock source latency
     1    0.020577    0.098310    0.067797    0.067797 ^ clk (in)
                                                         clk (net)
                      0.098324    0.000000    0.067797 ^ clkbuf_0_clk/A (sky130_fd_sc_hd__clkbuf_16)
    16    0.089719    0.106122    0.197967    0.265764 ^ clkbuf_0_clk/X (sky130_fd_sc_hd__clkbuf_16)
                                                         clknet_0_clk (net)
                      0.106124    0.000762    0.266527 ^ clkbuf_4_9_0_clk/A (sky130_fd_sc_hd__clkbuf_8)
     6    0.017954    0.048197    0.151533    0.418059 ^ clkbuf_4_9_0_clk/X (sky130_fd_sc_hd__clkbuf_8)
                                                         clknet_4_9_0_clk (net)
                      0.048198    0.000306    0.418366 ^ _2684_/CLK (sky130_fd_sc_hd__dfxtp_2)
                                  0.200000    0.618366   clock uncertainty
                                  0.000000    0.618366   clock reconvergence pessimism
                                 -0.026758    0.591608   library hold time
                                              0.591608   data required time
---------------------------------------------------------------------------------------------
                                              0.591608   data required time
                                             -1.028072   data arrival time
---------------------------------------------------------------------------------------------
                                              0.436464   slack (MET)


Startpoint: _2654_ (rising edge-triggered flip-flop clocked by clk)
Endpoint: _2654_ (rising edge-triggered flip-flop clocked by clk)
Path Group: clk
Path Type: min

Fanout         Cap        Slew       Delay        Time   Description
---------------------------------------------------------------------------------------------
                                  0.000000    0.000000   clock clk (rise edge)
                                  0.000000    0.000000   clock source latency
     1    0.020577    0.098310    0.067797    0.067797 ^ clk (in)
                                                         clk (net)
                      0.098324    0.000000    0.067797 ^ clkbuf_0_clk/A (sky130_fd_sc_hd__clkbuf_16)
    16    0.089719    0.106122    0.197967    0.265764 ^ clkbuf_0_clk/X (sky130_fd_sc_hd__clkbuf_16)
                                                         clknet_0_clk (net)
                      0.106158    0.001869    0.267634 ^ clkbuf_4_6_0_clk/A (sky130_fd_sc_hd__clkbuf_8)
     6    0.016276    0.045609    0.149087    0.416721 ^ clkbuf_4_6_0_clk/X (sky130_fd_sc_hd__clkbuf_8)
                                                         clknet_4_6_0_clk (net)
                      0.045609    0.000011    0.416732 ^ _2654_/CLK (sky130_fd_sc_hd__dfxtp_2)
     3    0.016158    0.089886    0.353986    0.770718 ^ _2654_/Q (sky130_fd_sc_hd__dfxtp_2)
                                                         r2_sign (net)
                      0.089886    0.000029    0.770747 ^ _2611_/A1 (sky130_fd_sc_hd__o211a_2)
     1    0.002972    0.043272    0.177563    0.948309 ^ _2611_/X (sky130_fd_sc_hd__o211a_2)
                                                         _0081_ (net)
                      0.043272    0.000011    0.948320 ^ hold542/A (sky130_fd_sc_hd__clkbuf_2)
     1    0.001904    0.024464    0.085217    1.033537 ^ hold542/X (sky130_fd_sc_hd__clkbuf_2)
                                                         net541 (net)
                      0.024464    0.000003    1.033540 ^ _2654_/D (sky130_fd_sc_hd__dfxtp_2)
                                              1.033540   data arrival time

                                  0.000000    0.000000   clock clk (rise edge)
                                  0.000000    0.000000   clock source latency
     1    0.020577    0.098310    0.067797    0.067797 ^ clk (in)
                                                         clk (net)
                      0.098324    0.000000    0.067797 ^ clkbuf_0_clk/A (sky130_fd_sc_hd__clkbuf_16)
    16    0.089719    0.106122    0.197967    0.265764 ^ clkbuf_0_clk/X (sky130_fd_sc_hd__clkbuf_16)
                                                         clknet_0_clk (net)
                      0.106158    0.001869    0.267634 ^ clkbuf_4_6_0_clk/A (sky130_fd_sc_hd__clkbuf_8)
     6    0.016276    0.045609    0.149087    0.416721 ^ clkbuf_4_6_0_clk/X (sky130_fd_sc_hd__clkbuf_8)
                                                         clknet_4_6_0_clk (net)
                      0.045609    0.000011    0.416732 ^ _2654_/CLK (sky130_fd_sc_hd__dfxtp_2)
                                  0.200000    0.616732   clock uncertainty
                                  0.000000    0.616732   clock reconvergence pessimism
                                 -0.026856    0.589875   library hold time
                                              0.589875   data required time
---------------------------------------------------------------------------------------------
                                              0.589875   data required time
                                             -1.033540   data arrival time
---------------------------------------------------------------------------------------------
                                              0.443665   slack (MET)


Startpoint: _2693_ (rising edge-triggered flip-flop clocked by clk)
Endpoint: _2693_ (rising edge-triggered flip-flop clocked by clk)
Path Group: clk
Path Type: min

Fanout         Cap        Slew       Delay        Time   Description
---------------------------------------------------------------------------------------------
                                  0.000000    0.000000   clock clk (rise edge)
                                  0.000000    0.000000   clock source latency
     1    0.020577    0.098310    0.067797    0.067797 ^ clk (in)
                                                         clk (net)
                      0.098324    0.000000    0.067797 ^ clkbuf_0_clk/A (sky130_fd_sc_hd__clkbuf_16)
    16    0.089719    0.106122    0.197967    0.265764 ^ clkbuf_0_clk/X (sky130_fd_sc_hd__clkbuf_16)
                                                         clknet_0_clk (net)
                      0.106132    0.001166    0.266930 ^ clkbuf_4_12_0_clk/A (sky130_fd_sc_hd__clkbuf_8)
     6    0.016961    0.046640    0.150136    0.417066 ^ clkbuf_4_12_0_clk/X (sky130_fd_sc_hd__clkbuf_8)
                                                         clknet_4_12_0_clk (net)
                      0.046640    0.000041    0.417107 ^ _2693_/CLK (sky130_fd_sc_hd__dfxtp_2)
     5    0.019466    0.105705    0.365888    0.782994 ^ _2693_/Q (sky130_fd_sc_hd__dfxtp_2)
                                                         r4_acc[5] (net)
                      0.105705    0.000053    0.783047 ^ _2482_/A1 (sky130_fd_sc_hd__a22o_2)
     1    0.001739    0.030137    0.140434    0.923481 ^ _2482_/X (sky130_fd_sc_hd__a22o_2)
                                                         _0467_ (net)
                      0.030137    0.000001    0.923483 ^ _2483_/B (sky130_fd_sc_hd__and2_2)
     1    0.002144    0.034574    0.119718    1.043200 ^ _2483_/X (sky130_fd_sc_hd__and2_2)
                                                         _0468_ (net)
                      0.034574    0.000005    1.043205 ^ _2693_/D (sky130_fd_sc_hd__dfxtp_2)
                                              1.043205   data arrival time

                                  0.000000    0.000000   clock clk (rise edge)
                                  0.000000    0.000000   clock source latency
     1    0.020577    0.098310    0.067797    0.067797 ^ clk (in)
                                                         clk (net)
                      0.098324    0.000000    0.067797 ^ clkbuf_0_clk/A (sky130_fd_sc_hd__clkbuf_16)
    16    0.089719    0.106122    0.197967    0.265764 ^ clkbuf_0_clk/X (sky130_fd_sc_hd__clkbuf_16)
                                                         clknet_0_clk (net)
                      0.106132    0.001166    0.266930 ^ clkbuf_4_12_0_clk/A (sky130_fd_sc_hd__clkbuf_8)
     6    0.016961    0.046640    0.150136    0.417066 ^ clkbuf_4_12_0_clk/X (sky130_fd_sc_hd__clkbuf_8)
                                                         clknet_4_12_0_clk (net)
                      0.046640    0.000041    0.417107 ^ _2693_/CLK (sky130_fd_sc_hd__dfxtp_2)
                                  0.200000    0.617107   clock uncertainty
                                  0.000000    0.617107   clock reconvergence pessimism
                                 -0.028815    0.588292   library hold time
                                              0.588292   data required time
---------------------------------------------------------------------------------------------
                                              0.588292   data required time
                                             -1.043205   data arrival time
---------------------------------------------------------------------------------------------
                                              0.454913   slack (MET)


Startpoint: _2702_ (rising edge-triggered flip-flop clocked by clk)
Endpoint: _2702_ (rising edge-triggered flip-flop clocked by clk)
Path Group: clk
Path Type: min

Fanout         Cap        Slew       Delay        Time   Description
---------------------------------------------------------------------------------------------
                                  0.000000    0.000000   clock clk (rise edge)
                                  0.000000    0.000000   clock source latency
     1    0.020577    0.098310    0.067797    0.067797 ^ clk (in)
                                                         clk (net)
                      0.098324    0.000000    0.067797 ^ clkbuf_0_clk/A (sky130_fd_sc_hd__clkbuf_16)
    16    0.089719    0.106122    0.197967    0.265764 ^ clkbuf_0_clk/X (sky130_fd_sc_hd__clkbuf_16)
                                                         clknet_0_clk (net)
                      0.106130    0.001077    0.266842 ^ clkbuf_4_13_0_clk/A (sky130_fd_sc_hd__clkbuf_8)
     6    0.018836    0.049589    0.152802    0.419644 ^ clkbuf_4_13_0_clk/X (sky130_fd_sc_hd__clkbuf_8)
                                                         clknet_4_13_0_clk (net)
                      0.049592    0.000464    0.420107 ^ _2702_/CLK (sky130_fd_sc_hd__dfxtp_2)
     4    0.020733    0.111755    0.371372    0.791480 ^ _2702_/Q (sky130_fd_sc_hd__dfxtp_2)
                                                         r4_acc[14] (net)
                      0.111755    0.000080    0.791560 ^ _2524_/A1 (sky130_fd_sc_hd__a22o_2)
     1    0.002611    0.033292    0.147229    0.938789 ^ _2524_/X (sky130_fd_sc_hd__a22o_2)
                                                         _0500_ (net)
                      0.033292    0.000015    0.938804 ^ _2525_/B (sky130_fd_sc_hd__and2_2)
     1    0.001985    0.033808    0.119858    1.058661 ^ _2525_/X (sky130_fd_sc_hd__and2_2)
                                                         _0501_ (net)
                      0.033808    0.000003    1.058665 ^ _2702_/D (sky130_fd_sc_hd__dfxtp_2)
                                              1.058665   data arrival time

                                  0.000000    0.000000   clock clk (rise edge)
                                  0.000000    0.000000   clock source latency
     1    0.020577    0.098310    0.067797    0.067797 ^ clk (in)
                                                         clk (net)
                      0.098324    0.000000    0.067797 ^ clkbuf_0_clk/A (sky130_fd_sc_hd__clkbuf_16)
    16    0.089719    0.106122    0.197967    0.265764 ^ clkbuf_0_clk/X (sky130_fd_sc_hd__clkbuf_16)
                                                         clknet_0_clk (net)
                      0.106130    0.001077    0.266842 ^ clkbuf_4_13_0_clk/A (sky130_fd_sc_hd__clkbuf_8)
     6    0.018836    0.049589    0.152802    0.419644 ^ clkbuf_4_13_0_clk/X (sky130_fd_sc_hd__clkbuf_8)
                                                         clknet_4_13_0_clk (net)
                      0.049592    0.000464    0.420107 ^ _2702_/CLK (sky130_fd_sc_hd__dfxtp_2)
                                  0.200000    0.620107   clock uncertainty
                                  0.000000    0.620107   clock reconvergence pessimism
                                 -0.028268    0.591839   library hold time
                                              0.591839   data required time
---------------------------------------------------------------------------------------------
                                              0.591839   data required time
                                             -1.058665   data arrival time
---------------------------------------------------------------------------------------------
                                              0.466825   slack (MET)


Startpoint: _2697_ (rising edge-triggered flip-flop clocked by clk)
Endpoint: _2697_ (rising edge-triggered flip-flop clocked by clk)
Path Group: clk
Path Type: min

Fanout         Cap        Slew       Delay        Time   Description
---------------------------------------------------------------------------------------------
                                  0.000000    0.000000   clock clk (rise edge)
                                  0.000000    0.000000   clock source latency
     1    0.020577    0.098310    0.067797    0.067797 ^ clk (in)
                                                         clk (net)
                      0.098324    0.000000    0.067797 ^ clkbuf_0_clk/A (sky130_fd_sc_hd__clkbuf_16)
    16    0.089719    0.106122    0.197967    0.265764 ^ clkbuf_0_clk/X (sky130_fd_sc_hd__clkbuf_16)
                                                         clknet_0_clk (net)
                      0.106132    0.001166    0.266930 ^ clkbuf_4_12_0_clk/A (sky130_fd_sc_hd__clkbuf_8)
     6    0.016961    0.046640    0.150136    0.417066 ^ clkbuf_4_12_0_clk/X (sky130_fd_sc_hd__clkbuf_8)
                                                         clknet_4_12_0_clk (net)
                      0.046640    0.000060    0.417126 ^ _2697_/CLK (sky130_fd_sc_hd__dfxtp_2)
     5    0.022155    0.118596    0.375212    0.792339 ^ _2697_/Q (sky130_fd_sc_hd__dfxtp_2)
                                                         r4_acc[9] (net)
                      0.118596    0.000078    0.792417 ^ _2501_/A1 (sky130_fd_sc_hd__a22o_2)
     1    0.002012    0.031424    0.146469    0.938886 ^ _2501_/X (sky130_fd_sc_hd__a22o_2)
                                                         _0482_ (net)
                      0.031424    0.000005    0.938891 ^ _2502_/B (sky130_fd_sc_hd__and2_2)
     1    0.001875    0.033284    0.118729    1.057620 ^ _2502_/X (sky130_fd_sc_hd__and2_2)
                                                         _0483_ (net)
                      0.033284    0.000002    1.057621 ^ _2697_/D (sky130_fd_sc_hd__dfxtp_2)
                                              1.057621   data arrival time

                                  0.000000    0.000000   clock clk (rise edge)
                                  0.000000    0.000000   clock source latency
     1    0.020577    0.098310    0.067797    0.067797 ^ clk (in)
                                                         clk (net)
                      0.098324    0.000000    0.067797 ^ clkbuf_0_clk/A (sky130_fd_sc_hd__clkbuf_16)
    16    0.089719    0.106122    0.197967    0.265764 ^ clkbuf_0_clk/X (sky130_fd_sc_hd__clkbuf_16)
                                                         clknet_0_clk (net)
                      0.106132    0.001166    0.266930 ^ clkbuf_4_12_0_clk/A (sky130_fd_sc_hd__clkbuf_8)
     6    0.016961    0.046640    0.150136    0.417066 ^ clkbuf_4_12_0_clk/X (sky130_fd_sc_hd__clkbuf_8)
                                                         clknet_4_12_0_clk (net)
                      0.046640    0.000060    0.417126 ^ _2697_/CLK (sky130_fd_sc_hd__dfxtp_2)
                                  0.200000    0.617126   clock uncertainty
                                  0.000000    0.617126   clock reconvergence pessimism
                                 -0.028547    0.588579   library hold time
                                              0.588579   data required time
---------------------------------------------------------------------------------------------
                                              0.588579   data required time
                                             -1.057621   data arrival time
---------------------------------------------------------------------------------------------
                                              0.469042   slack (MET)


Startpoint: _2690_ (rising edge-triggered flip-flop clocked by clk)
Endpoint: _2690_ (rising edge-triggered flip-flop clocked by clk)
Path Group: clk
Path Type: min

Fanout         Cap        Slew       Delay        Time   Description
---------------------------------------------------------------------------------------------
                                  0.000000    0.000000   clock clk (rise edge)
                                  0.000000    0.000000   clock source latency
     1    0.020577    0.098310    0.067797    0.067797 ^ clk (in)
                                                         clk (net)
                      0.098324    0.000000    0.067797 ^ clkbuf_0_clk/A (sky130_fd_sc_hd__clkbuf_16)
    16    0.089719    0.106122    0.197967    0.265764 ^ clkbuf_0_clk/X (sky130_fd_sc_hd__clkbuf_16)
                                                         clknet_0_clk (net)
                      0.106136    0.001288    0.267052 ^ clkbuf_4_15_0_clk/A (sky130_fd_sc_hd__clkbuf_8)
     6    0.017276    0.047130    0.150588    0.417640 ^ clkbuf_4_15_0_clk/X (sky130_fd_sc_hd__clkbuf_8)
                                                         clknet_4_15_0_clk (net)
                      0.047130    0.000117    0.417757 ^ _2690_/CLK (sky130_fd_sc_hd__dfxtp_2)
     6    0.022444    0.119985    0.376377    0.794134 ^ _2690_/Q (sky130_fd_sc_hd__dfxtp_2)
                                                         r4_acc[2] (net)
                      0.119985    0.000064    0.794198 ^ _2462_/A1 (sky130_fd_sc_hd__a22o_2)
     1    0.001845    0.030634    0.146071    0.940269 ^ _2462_/X (sky130_fd_sc_hd__a22o_2)
                                                         _0450_ (net)
                      0.030634    0.000003    0.940272 ^ _2463_/B (sky130_fd_sc_hd__and2_2)
     1    0.001866    0.033242    0.118445    1.058717 ^ _2463_/X (sky130_fd_sc_hd__and2_2)
                                                         _0451_ (net)
                      0.033242    0.000002    1.058719 ^ _2690_/D (sky130_fd_sc_hd__dfxtp_2)
                                              1.058719   data arrival time

                                  0.000000    0.000000   clock clk (rise edge)
                                  0.000000    0.000000   clock source latency
     1    0.020577    0.098310    0.067797    0.067797 ^ clk (in)
                                                         clk (net)
                      0.098324    0.000000    0.067797 ^ clkbuf_0_clk/A (sky130_fd_sc_hd__clkbuf_16)
    16    0.089719    0.106122    0.197967    0.265764 ^ clkbuf_0_clk/X (sky130_fd_sc_hd__clkbuf_16)
                                                         clknet_0_clk (net)
                      0.106136    0.001288    0.267052 ^ clkbuf_4_15_0_clk/A (sky130_fd_sc_hd__clkbuf_8)
     6    0.017276    0.047130    0.150588    0.417640 ^ clkbuf_4_15_0_clk/X (sky130_fd_sc_hd__clkbuf_8)
                                                         clknet_4_15_0_clk (net)
                      0.047130    0.000117    0.417757 ^ _2690_/CLK (sky130_fd_sc_hd__dfxtp_2)
                                  0.200000    0.617757   clock uncertainty
                                  0.000000    0.617757   clock reconvergence pessimism
                                 -0.028474    0.589282   library hold time
                                              0.589282   data required time
---------------------------------------------------------------------------------------------
                                              0.589282   data required time
                                             -1.058719   data arrival time
---------------------------------------------------------------------------------------------
                                              0.469436   slack (MET)


Startpoint: _2699_ (rising edge-triggered flip-flop clocked by clk)
Endpoint: _2699_ (rising edge-triggered flip-flop clocked by clk)
Path Group: clk
Path Type: min

Fanout         Cap        Slew       Delay        Time   Description
---------------------------------------------------------------------------------------------
                                  0.000000    0.000000   clock clk (rise edge)
                                  0.000000    0.000000   clock source latency
     1    0.020577    0.098310    0.067797    0.067797 ^ clk (in)
                                                         clk (net)
                      0.098324    0.000000    0.067797 ^ clkbuf_0_clk/A (sky130_fd_sc_hd__clkbuf_16)
    16    0.089719    0.106122    0.197967    0.265764 ^ clkbuf_0_clk/X (sky130_fd_sc_hd__clkbuf_16)
                                                         clknet_0_clk (net)
                      0.106130    0.001077    0.266842 ^ clkbuf_4_13_0_clk/A (sky130_fd_sc_hd__clkbuf_8)
     6    0.018836    0.049589    0.152802    0.419644 ^ clkbuf_4_13_0_clk/X (sky130_fd_sc_hd__clkbuf_8)
                                                         clknet_4_13_0_clk (net)
                      0.049591    0.000370    0.420013 ^ _2699_/CLK (sky130_fd_sc_hd__dfxtp_2)
     5    0.022477    0.120115    0.377407    0.797421 ^ _2699_/Q (sky130_fd_sc_hd__dfxtp_2)
                                                         r4_acc[11] (net)
                      0.120115    0.000062    0.797483 ^ _2509_/A1 (sky130_fd_sc_hd__a22o_2)
     1    0.001814    0.030491    0.145954    0.943436 ^ _2509_/X (sky130_fd_sc_hd__a22o_2)
                                                         _0488_ (net)
                      0.030491    0.000003    0.943439 ^ _2510_/B (sky130_fd_sc_hd__and2_2)
     1    0.002128    0.034501    0.119747    1.063186 ^ _2510_/X (sky130_fd_sc_hd__and2_2)
                                                         _0489_ (net)
                      0.034501    0.000006    1.063192 ^ _2699_/D (sky130_fd_sc_hd__dfxtp_2)
                                              1.063192   data arrival time

                                  0.000000    0.000000   clock clk (rise edge)
                                  0.000000    0.000000   clock source latency
     1    0.020577    0.098310    0.067797    0.067797 ^ clk (in)
                                                         clk (net)
                      0.098324    0.000000    0.067797 ^ clkbuf_0_clk/A (sky130_fd_sc_hd__clkbuf_16)
    16    0.089719    0.106122    0.197967    0.265764 ^ clkbuf_0_clk/X (sky130_fd_sc_hd__clkbuf_16)
                                                         clknet_0_clk (net)
                      0.106130    0.001077    0.266842 ^ clkbuf_4_13_0_clk/A (sky130_fd_sc_hd__clkbuf_8)
     6    0.018836    0.049589    0.152802    0.419644 ^ clkbuf_4_13_0_clk/X (sky130_fd_sc_hd__clkbuf_8)
                                                         clknet_4_13_0_clk (net)
                      0.049591    0.000370    0.420013 ^ _2699_/CLK (sky130_fd_sc_hd__dfxtp_2)
                                  0.200000    0.620013   clock uncertainty
                                  0.000000    0.620013   clock reconvergence pessimism
                                 -0.028412    0.591601   library hold time
                                              0.591601   data required time
---------------------------------------------------------------------------------------------
                                              0.591601   data required time
                                             -1.063192   data arrival time
---------------------------------------------------------------------------------------------
                                              0.471590   slack (MET)


Startpoint: _2696_ (rising edge-triggered flip-flop clocked by clk)
Endpoint: _2696_ (rising edge-triggered flip-flop clocked by clk)
Path Group: clk
Path Type: min

Fanout         Cap        Slew       Delay        Time   Description
---------------------------------------------------------------------------------------------
                                  0.000000    0.000000   clock clk (rise edge)
                                  0.000000    0.000000   clock source latency
     1    0.020577    0.098310    0.067797    0.067797 ^ clk (in)
                                                         clk (net)
                      0.098324    0.000000    0.067797 ^ clkbuf_0_clk/A (sky130_fd_sc_hd__clkbuf_16)
    16    0.089719    0.106122    0.197967    0.265764 ^ clkbuf_0_clk/X (sky130_fd_sc_hd__clkbuf_16)
                                                         clknet_0_clk (net)
                      0.106125    0.000806    0.266571 ^ clkbuf_4_8_0_clk/A (sky130_fd_sc_hd__clkbuf_8)
     6    0.019064    0.049887    0.153281    0.419852 ^ clkbuf_4_8_0_clk/X (sky130_fd_sc_hd__clkbuf_8)
                                                         clknet_4_8_0_clk (net)
                      0.049887    0.000040    0.419892 ^ _2696_/CLK (sky130_fd_sc_hd__dfxtp_2)
     5    0.022705    0.123672    0.378354    0.798246 ^ _2696_/Q (sky130_fd_sc_hd__dfxtp_2)
                                                         r4_acc[8] (net)
                      0.123672    0.000036    0.798283 ^ _2497_/A1 (sky130_fd_sc_hd__a22o_2)
     1    0.001887    0.030834    0.147536    0.945819 ^ _2497_/X (sky130_fd_sc_hd__a22o_2)
                                                         _0479_ (net)
                      0.030834    0.000004    0.945822 ^ _2498_/B (sky130_fd_sc_hd__and2_2)
     1    0.001906    0.033432    0.118708    1.064530 ^ _2498_/X (sky130_fd_sc_hd__and2_2)
                                                         _0480_ (net)
                      0.033432    0.000003    1.064533 ^ _2696_/D (sky130_fd_sc_hd__dfxtp_2)
                                              1.064533   data arrival time

                                  0.000000    0.000000   clock clk (rise edge)
                                  0.000000    0.000000   clock source latency
     1    0.020577    0.098310    0.067797    0.067797 ^ clk (in)
                                                         clk (net)
                      0.098324    0.000000    0.067797 ^ clkbuf_0_clk/A (sky130_fd_sc_hd__clkbuf_16)
    16    0.089719    0.106122    0.197967    0.265764 ^ clkbuf_0_clk/X (sky130_fd_sc_hd__clkbuf_16)
                                                         clknet_0_clk (net)
                      0.106125    0.000806    0.266571 ^ clkbuf_4_8_0_clk/A (sky130_fd_sc_hd__clkbuf_8)
     6    0.019064    0.049887    0.153281    0.419852 ^ clkbuf_4_8_0_clk/X (sky130_fd_sc_hd__clkbuf_8)
                                                         clknet_4_8_0_clk (net)
                      0.049887    0.000040    0.419892 ^ _2696_/CLK (sky130_fd_sc_hd__dfxtp_2)
                                  0.200000    0.619892   clock uncertainty
                                  0.000000    0.619892   clock reconvergence pessimism
                                 -0.028152    0.591741   library hold time
                                              0.591741   data required time
---------------------------------------------------------------------------------------------
                                              0.591741   data required time
                                             -1.064533   data arrival time
---------------------------------------------------------------------------------------------
                                              0.472792   slack (MET)


Startpoint: b_in[9] (input port clocked by clk)
Endpoint: _2647_ (rising edge-triggered flip-flop clocked by clk)
Path Group: clk
Path Type: min

Fanout         Cap        Slew       Delay        Time   Description
---------------------------------------------------------------------------------------------
                                  0.000000    0.000000   clock clk (rise edge)
                                  0.000000    0.000000   clock network delay (propagated)
                                  0.020000    0.020000 ^ input external delay
     1    0.009939    0.051147    0.033892    0.053892 ^ b_in[9] (in)
                                                         b_in[9] (net)
                      0.051148    0.000000    0.053892 ^ hold562/A (sky130_fd_sc_hd__clkbuf_2)
     1    0.004115    0.034261    0.098181    0.152073 ^ hold562/X (sky130_fd_sc_hd__clkbuf_2)
                                                         net561 (net)
                      0.034261    0.000031    0.152104 ^ hold486/A (sky130_fd_sc_hd__clkbuf_2)
     1    0.004050    0.033990    0.091895    0.244000 ^ hold486/X (sky130_fd_sc_hd__clkbuf_2)
                                                         net485 (net)
                      0.033990    0.000029    0.244028 ^ hold563/A (sky130_fd_sc_hd__clkbuf_2)
     1    0.003054    0.029158    0.087197    0.331225 ^ hold563/X (sky130_fd_sc_hd__clkbuf_2)
                                                         net562 (net)
                      0.029158    0.000018    0.331243 ^ input340/A (sky130_fd_sc_hd__buf_2)
     1    0.003772    0.030884    0.088814    0.420057 ^ input340/X (sky130_fd_sc_hd__buf_2)
                                                         net340 (net)
                      0.030884    0.000023    0.420081 ^ hold564/A (sky130_fd_sc_hd__clkbuf_2)
     1    0.004375    0.035555    0.092014    0.512094 ^ hold564/X (sky130_fd_sc_hd__clkbuf_2)
                                                         net563 (net)
                      0.035555    0.000036    0.512131 ^ hold487/A (sky130_fd_sc_hd__clkbuf_2)
     2    0.010567    0.066359    0.117561    0.629692 ^ hold487/X (sky130_fd_sc_hd__clkbuf_2)
                                                         net486 (net)
                      0.066359    0.000140    0.629833 ^ hold565/A (sky130_fd_sc_hd__clkbuf_2)
     2    0.008403    0.055469    0.120274    0.750107 ^ hold565/X (sky130_fd_sc_hd__clkbuf_2)
                                                         net564 (net)
                      0.055469    0.000112    0.750219 ^ _2592_/A2 (sky130_fd_sc_hd__o211a_2)
     1    0.008707    0.070798    0.187898    0.938116 ^ _2592_/X (sky130_fd_sc_hd__o211a_2)
                                                         _0074_ (net)
                      0.070798    0.000155    0.938272 ^ hold488/A (sky130_fd_sc_hd__clkbuf_2)
     1    0.007539    0.051161    0.118554    1.056826 ^ hold488/X (sky130_fd_sc_hd__clkbuf_2)
                                                         net487 (net)
                      0.051161    0.000117    1.056943 ^ _2647_/D (sky130_fd_sc_hd__dfxtp_2)
                                              1.056943   data arrival time

                                  0.000000    0.000000   clock clk (rise edge)
                                  0.000000    0.000000   clock source latency
     1    0.020577    0.098310    0.067797    0.067797 ^ clk (in)
                                                         clk (net)
                      0.098324    0.000000    0.067797 ^ clkbuf_0_clk/A (sky130_fd_sc_hd__clkbuf_16)
    16    0.089719    0.106122    0.197967    0.265764 ^ clkbuf_0_clk/X (sky130_fd_sc_hd__clkbuf_16)
                                                         clknet_0_clk (net)
                      0.106155    0.001818    0.267582 ^ clkbuf_4_0_0_clk/A (sky130_fd_sc_hd__clkbuf_8)
     6    0.016022    0.045232    0.148685    0.416267 ^ clkbuf_4_0_0_clk/X (sky130_fd_sc_hd__clkbuf_8)
                                                         clknet_4_0_0_clk (net)
                      0.045232    0.000189    0.416456 ^ _2647_/CLK (sky130_fd_sc_hd__dfxtp_2)
                                  0.200000    0.616456   clock uncertainty
                                  0.000000    0.616456   clock reconvergence pessimism
                                 -0.032435    0.584021   library hold time
                                              0.584021   data required time
---------------------------------------------------------------------------------------------
                                              0.584021   data required time
                                             -1.056943   data arrival time
---------------------------------------------------------------------------------------------
                                              0.472922   slack (MET)


Startpoint: _2695_ (rising edge-triggered flip-flop clocked by clk)
Endpoint: _2695_ (rising edge-triggered flip-flop clocked by clk)
Path Group: clk
Path Type: min

Fanout         Cap        Slew       Delay        Time   Description
---------------------------------------------------------------------------------------------
                                  0.000000    0.000000   clock clk (rise edge)
                                  0.000000    0.000000   clock source latency
     1    0.020577    0.098310    0.067797    0.067797 ^ clk (in)
                                                         clk (net)
                      0.098324    0.000000    0.067797 ^ clkbuf_0_clk/A (sky130_fd_sc_hd__clkbuf_16)
    16    0.089719    0.106122    0.197967    0.265764 ^ clkbuf_0_clk/X (sky130_fd_sc_hd__clkbuf_16)
                                                         clknet_0_clk (net)
                      0.106125    0.000806    0.266571 ^ clkbuf_4_8_0_clk/A (sky130_fd_sc_hd__clkbuf_8)
     6    0.019064    0.049887    0.153281    0.419852 ^ clkbuf_4_8_0_clk/X (sky130_fd_sc_hd__clkbuf_8)
                                                         clknet_4_8_0_clk (net)
                      0.049887    0.000062    0.419914 ^ _2695_/CLK (sky130_fd_sc_hd__dfxtp_2)
     5    0.022779    0.121569    0.378548    0.798462 ^ _2695_/Q (sky130_fd_sc_hd__dfxtp_2)
                                                         r4_acc[7] (net)
                      0.121569    0.000036    0.798498 ^ _2493_/A1 (sky130_fd_sc_hd__a22o_2)
     1    0.002372    0.032298    0.149442    0.947939 ^ _2493_/X (sky130_fd_sc_hd__a22o_2)
                                                         _0476_ (net)
                      0.032298    0.000008    0.947947 ^ _2494_/B (sky130_fd_sc_hd__and2_2)
     1    0.002183    0.034747    0.120574    1.068521 ^ _2494_/X (sky130_fd_sc_hd__and2_2)
                                                         _0477_ (net)
                      0.034747    0.000005    1.068527 ^ _2695_/D (sky130_fd_sc_hd__dfxtp_2)
                                              1.068527   data arrival time

                                  0.000000    0.000000   clock clk (rise edge)
                                  0.000000    0.000000   clock source latency
     1    0.020577    0.098310    0.067797    0.067797 ^ clk (in)
                                                         clk (net)
                      0.098324    0.000000    0.067797 ^ clkbuf_0_clk/A (sky130_fd_sc_hd__clkbuf_16)
    16    0.089719    0.106122    0.197967    0.265764 ^ clkbuf_0_clk/X (sky130_fd_sc_hd__clkbuf_16)
                                                         clknet_0_clk (net)
                      0.106125    0.000806    0.266571 ^ clkbuf_4_8_0_clk/A (sky130_fd_sc_hd__clkbuf_8)
     6    0.019064    0.049887    0.153281    0.419852 ^ clkbuf_4_8_0_clk/X (sky130_fd_sc_hd__clkbuf_8)
                                                         clknet_4_8_0_clk (net)
                      0.049887    0.000062    0.419914 ^ _2695_/CLK (sky130_fd_sc_hd__dfxtp_2)
                                  0.200000    0.619914   clock uncertainty
                                  0.000000    0.619914   clock reconvergence pessimism
                                 -0.028424    0.591490   library hold time
                                              0.591490   data required time
---------------------------------------------------------------------------------------------
                                              0.591490   data required time
                                             -1.068527   data arrival time
---------------------------------------------------------------------------------------------
                                              0.477037   slack (MET)


Startpoint: _2691_ (rising edge-triggered flip-flop clocked by clk)
Endpoint: _2691_ (rising edge-triggered flip-flop clocked by clk)
Path Group: clk
Path Type: min

Fanout         Cap        Slew       Delay        Time   Description
---------------------------------------------------------------------------------------------
                                  0.000000    0.000000   clock clk (rise edge)
                                  0.000000    0.000000   clock source latency
     1    0.020577    0.098310    0.067797    0.067797 ^ clk (in)
                                                         clk (net)
                      0.098324    0.000000    0.067797 ^ clkbuf_0_clk/A (sky130_fd_sc_hd__clkbuf_16)
    16    0.089719    0.106122    0.197967    0.265764 ^ clkbuf_0_clk/X (sky130_fd_sc_hd__clkbuf_16)
                                                         clknet_0_clk (net)
                      0.106136    0.001288    0.267052 ^ clkbuf_4_15_0_clk/A (sky130_fd_sc_hd__clkbuf_8)
     6    0.017276    0.047130    0.150588    0.417640 ^ clkbuf_4_15_0_clk/X (sky130_fd_sc_hd__clkbuf_8)
                                                         clknet_4_15_0_clk (net)
                      0.047130    0.000095    0.417735 ^ _2691_/CLK (sky130_fd_sc_hd__dfxtp_2)
     5    0.024253    0.128676    0.382622    0.800357 ^ _2691_/Q (sky130_fd_sc_hd__dfxtp_2)
                                                         r4_acc[3] (net)
                      0.128676    0.000042    0.800399 ^ _2469_/A1 (sky130_fd_sc_hd__a22o_2)
     1    0.001933    0.031050    0.149262    0.949662 ^ _2469_/X (sky130_fd_sc_hd__a22o_2)
                                                         _0456_ (net)
                      0.031050    0.000004    0.949666 ^ _2470_/B (sky130_fd_sc_hd__and2_2)
     1    0.002366    0.034947    0.121134    1.070800 ^ _2470_/X (sky130_fd_sc_hd__and2_2)
                                                         _0457_ (net)
                      0.034947    0.000008    1.070808 ^ _2691_/D (sky130_fd_sc_hd__dfxtp_2)
                                              1.070808   data arrival time

                                  0.000000    0.000000   clock clk (rise edge)
                                  0.000000    0.000000   clock source latency
     1    0.020577    0.098310    0.067797    0.067797 ^ clk (in)
                                                         clk (net)
                      0.098324    0.000000    0.067797 ^ clkbuf_0_clk/A (sky130_fd_sc_hd__clkbuf_16)
    16    0.089719    0.106122    0.197967    0.265764 ^ clkbuf_0_clk/X (sky130_fd_sc_hd__clkbuf_16)
                                                         clknet_0_clk (net)
                      0.106136    0.001288    0.267052 ^ clkbuf_4_15_0_clk/A (sky130_fd_sc_hd__clkbuf_8)
     6    0.017276    0.047130    0.150588    0.417640 ^ clkbuf_4_15_0_clk/X (sky130_fd_sc_hd__clkbuf_8)
                                                         clknet_4_15_0_clk (net)
                      0.047130    0.000095    0.417735 ^ _2691_/CLK (sky130_fd_sc_hd__dfxtp_2)
                                  0.200000    0.617735   clock uncertainty
                                  0.000000    0.617735   clock reconvergence pessimism
                                 -0.028827    0.588908   library hold time
                                              0.588908   data required time
---------------------------------------------------------------------------------------------
                                              0.588908   data required time
                                             -1.070808   data arrival time
---------------------------------------------------------------------------------------------
                                              0.481900   slack (MET)


Startpoint: b_in[11] (input port clocked by clk)
Endpoint: _2649_ (rising edge-triggered flip-flop clocked by clk)
Path Group: clk
Path Type: min

Fanout         Cap        Slew       Delay        Time   Description
---------------------------------------------------------------------------------------------
                                  0.000000    0.000000   clock clk (rise edge)
                                  0.000000    0.000000   clock network delay (propagated)
                                  0.020000    0.020000 ^ input external delay
     1    0.009961    0.051247    0.033990    0.053990 ^ b_in[11] (in)
                                                         b_in[11] (net)
                      0.051249    0.000000    0.053990 ^ hold566/A (sky130_fd_sc_hd__clkbuf_2)
     1    0.005307    0.040007    0.102829    0.156819 ^ hold566/X (sky130_fd_sc_hd__clkbuf_2)
                                                         net565 (net)
                      0.040007    0.000063    0.156881 ^ hold453/A (sky130_fd_sc_hd__clkbuf_2)
     1    0.004912    0.038106    0.097320    0.254201 ^ hold453/X (sky130_fd_sc_hd__clkbuf_2)
                                                         net452 (net)
                      0.038106    0.000051    0.254253 ^ hold567/A (sky130_fd_sc_hd__clkbuf_2)
     1    0.004740    0.037280    0.095981    0.350233 ^ hold567/X (sky130_fd_sc_hd__clkbuf_2)
                                                         net566 (net)
                      0.037280    0.000053    0.350286 ^ input327/A (sky130_fd_sc_hd__buf_2)
     1    0.003825    0.031092    0.092074    0.442360 ^ input327/X (sky130_fd_sc_hd__buf_2)
                                                         net327 (net)
                      0.031092    0.000026    0.442386 ^ hold568/A (sky130_fd_sc_hd__clkbuf_2)
     1    0.002721    0.028544    0.084628    0.527015 ^ hold568/X (sky130_fd_sc_hd__clkbuf_2)
                                                         net567 (net)
                      0.028544    0.000006    0.527021 ^ hold454/A (sky130_fd_sc_hd__clkbuf_2)
     2    0.010979    0.068381    0.116672    0.643692 ^ hold454/X (sky130_fd_sc_hd__clkbuf_2)
                                                         net453 (net)
                      0.068381    0.000104    0.643797 ^ hold569/A (sky130_fd_sc_hd__clkbuf_2)
     2    0.009534    0.061175    0.125366    0.769163 ^ hold569/X (sky130_fd_sc_hd__clkbuf_2)
                                                         net568 (net)
                      0.061175    0.000153    0.769316 ^ _2596_/A2 (sky130_fd_sc_hd__o211a_2)
     1    0.008116    0.067691    0.186415    0.955732 ^ _2596_/X (sky130_fd_sc_hd__o211a_2)
                                                         _0076_ (net)
                      0.067691    0.000140    0.955872 ^ hold455/A (sky130_fd_sc_hd__clkbuf_2)
     1    0.007606    0.051479    0.117676    1.073548 ^ hold455/X (sky130_fd_sc_hd__clkbuf_2)
                                                         net454 (net)
                      0.051479    0.000129    1.073677 ^ _2649_/D (sky130_fd_sc_hd__dfxtp_2)
                                              1.073677   data arrival time

                                  0.000000    0.000000   clock clk (rise edge)
                                  0.000000    0.000000   clock source latency
     1    0.020577    0.098310    0.067797    0.067797 ^ clk (in)
                                                         clk (net)
                      0.098324    0.000000    0.067797 ^ clkbuf_0_clk/A (sky130_fd_sc_hd__clkbuf_16)
    16    0.089719    0.106122    0.197967    0.265764 ^ clkbuf_0_clk/X (sky130_fd_sc_hd__clkbuf_16)
                                                         clknet_0_clk (net)
                      0.106162    0.001958    0.267722 ^ clkbuf_4_4_0_clk/A (sky130_fd_sc_hd__clkbuf_8)
     6    0.018692    0.049319    0.152714    0.420436 ^ clkbuf_4_4_0_clk/X (sky130_fd_sc_hd__clkbuf_8)
                                                         clknet_4_4_0_clk (net)
                      0.049319    0.000156    0.420592 ^ _2649_/CLK (sky130_fd_sc_hd__dfxtp_2)
                                  0.200000    0.620592   clock uncertainty
                                  0.000000    0.620592   clock reconvergence pessimism
                                 -0.031962    0.588630   library hold time
                                              0.588630   data required time
---------------------------------------------------------------------------------------------
                                              0.588630   data required time
                                             -1.073677   data arrival time
---------------------------------------------------------------------------------------------
                                              0.485047   slack (MET)


Startpoint: _2701_ (rising edge-triggered flip-flop clocked by clk)
Endpoint: _2701_ (rising edge-triggered flip-flop clocked by clk)
Path Group: clk
Path Type: min

Fanout         Cap        Slew       Delay        Time   Description
---------------------------------------------------------------------------------------------
                                  0.000000    0.000000   clock clk (rise edge)
                                  0.000000    0.000000   clock source latency
     1    0.020577    0.098310    0.067797    0.067797 ^ clk (in)
                                                         clk (net)
                      0.098324    0.000000    0.067797 ^ clkbuf_0_clk/A (sky130_fd_sc_hd__clkbuf_16)
    16    0.089719    0.106122    0.197967    0.265764 ^ clkbuf_0_clk/X (sky130_fd_sc_hd__clkbuf_16)
                                                         clknet_0_clk (net)
                      0.106130    0.001077    0.266842 ^ clkbuf_4_13_0_clk/A (sky130_fd_sc_hd__clkbuf_8)
     6    0.018836    0.049589    0.152802    0.419644 ^ clkbuf_4_13_0_clk/X (sky130_fd_sc_hd__clkbuf_8)
                                                         clknet_4_13_0_clk (net)
                      0.049592    0.000458    0.420101 ^ _2701_/CLK (sky130_fd_sc_hd__dfxtp_2)
     5    0.025522    0.134734    0.387948    0.808050 ^ _2701_/Q (sky130_fd_sc_hd__dfxtp_2)
                                                         r4_acc[13] (net)
                      0.134734    0.000072    0.808122 ^ _2520_/A1 (sky130_fd_sc_hd__a22o_2)
     1    0.001969    0.031223    0.151253    0.959375 ^ _2520_/X (sky130_fd_sc_hd__a22o_2)
                                                         _0497_ (net)
                      0.031223    0.000004    0.959379 ^ _2521_/B (sky130_fd_sc_hd__and2_2)
     1    0.001875    0.033284    0.118668    1.078047 ^ _2521_/X (sky130_fd_sc_hd__and2_2)
                                                         _0498_ (net)
                      0.033284    0.000002    1.078049 ^ _2701_/D (sky130_fd_sc_hd__dfxtp_2)
                                              1.078049   data arrival time

                                  0.000000    0.000000   clock clk (rise edge)
                                  0.000000    0.000000   clock source latency
     1    0.020577    0.098310    0.067797    0.067797 ^ clk (in)
                                                         clk (net)
                      0.098324    0.000000    0.067797 ^ clkbuf_0_clk/A (sky130_fd_sc_hd__clkbuf_16)
    16    0.089719    0.106122    0.197967    0.265764 ^ clkbuf_0_clk/X (sky130_fd_sc_hd__clkbuf_16)
                                                         clknet_0_clk (net)
                      0.106130    0.001077    0.266842 ^ clkbuf_4_13_0_clk/A (sky130_fd_sc_hd__clkbuf_8)
     6    0.018836    0.049589    0.152802    0.419644 ^ clkbuf_4_13_0_clk/X (sky130_fd_sc_hd__clkbuf_8)
                                                         clknet_4_13_0_clk (net)
                      0.049592    0.000458    0.420101 ^ _2701_/CLK (sky130_fd_sc_hd__dfxtp_2)
                                  0.200000    0.620101   clock uncertainty
                                  0.000000    0.620101   clock reconvergence pessimism
                                 -0.028160    0.591942   library hold time
                                              0.591942   data required time
---------------------------------------------------------------------------------------------
                                              0.591942   data required time
                                             -1.078049   data arrival time
---------------------------------------------------------------------------------------------
                                              0.486107   slack (MET)


Startpoint: _2665_ (rising edge-triggered flip-flop clocked by clk)
Endpoint: _2665_ (rising edge-triggered flip-flop clocked by clk)
Path Group: clk
Path Type: min

Fanout         Cap        Slew       Delay        Time   Description
---------------------------------------------------------------------------------------------
                                  0.000000    0.000000   clock clk (rise edge)
                                  0.000000    0.000000   clock source latency
     1    0.020577    0.098310    0.067797    0.067797 ^ clk (in)
                                                         clk (net)
                      0.098324    0.000000    0.067797 ^ clkbuf_0_clk/A (sky130_fd_sc_hd__clkbuf_16)
    16    0.089719    0.106122    0.197967    0.265764 ^ clkbuf_0_clk/X (sky130_fd_sc_hd__clkbuf_16)
                                                         clknet_0_clk (net)
                      0.106163    0.001979    0.267744 ^ clkbuf_4_7_0_clk/A (sky130_fd_sc_hd__clkbuf_8)
     6    0.015051    0.043763    0.147276    0.415020 ^ clkbuf_4_7_0_clk/X (sky130_fd_sc_hd__clkbuf_8)
                                                         clknet_4_7_0_clk (net)
                      0.043763    0.000052    0.415071 ^ _2665_/CLK (sky130_fd_sc_hd__dfxtp_2)
     6    0.026338    0.138714    0.388669    0.803741 ^ _2665_/Q (sky130_fd_sc_hd__dfxtp_2)
                                                         r2_mantissa[10] (net)
                      0.138714    0.000011    0.803752 ^ _1360_/A1 (sky130_fd_sc_hd__o211a_2)
     1    0.002958    0.043275    0.188087    0.991839 ^ _1360_/X (sky130_fd_sc_hd__o211a_2)
                                                         _0010_ (net)
                      0.043275    0.000010    0.991849 ^ hold548/A (sky130_fd_sc_hd__clkbuf_2)
     1    0.002096    0.025420    0.086105    1.077953 ^ hold548/X (sky130_fd_sc_hd__clkbuf_2)
                                                         net547 (net)
                      0.025420    0.000005    1.077959 ^ _2665_/D (sky130_fd_sc_hd__dfxtp_2)
                                              1.077959   data arrival time

                                  0.000000    0.000000   clock clk (rise edge)
                                  0.000000    0.000000   clock source latency
     1    0.020577    0.098310    0.067797    0.067797 ^ clk (in)
                                                         clk (net)
                      0.098324    0.000000    0.067797 ^ clkbuf_0_clk/A (sky130_fd_sc_hd__clkbuf_16)
    16    0.089719    0.106122    0.197967    0.265764 ^ clkbuf_0_clk/X (sky130_fd_sc_hd__clkbuf_16)
                                                         clknet_0_clk (net)
                      0.106163    0.001979    0.267744 ^ clkbuf_4_7_0_clk/A (sky130_fd_sc_hd__clkbuf_8)
     6    0.015051    0.043763    0.147276    0.415020 ^ clkbuf_4_7_0_clk/X (sky130_fd_sc_hd__clkbuf_8)
                                                         clknet_4_7_0_clk (net)
                      0.043763    0.000052    0.415071 ^ _2665_/CLK (sky130_fd_sc_hd__dfxtp_2)
                                  0.200000    0.615071   clock uncertainty
                                  0.000000    0.615071   clock reconvergence pessimism
                                 -0.027296    0.587775   library hold time
                                              0.587775   data required time
---------------------------------------------------------------------------------------------
                                              0.587775   data required time
                                             -1.077959   data arrival time
---------------------------------------------------------------------------------------------
                                              0.490184   slack (MET)


Startpoint: _2698_ (rising edge-triggered flip-flop clocked by clk)
Endpoint: _2698_ (rising edge-triggered flip-flop clocked by clk)
Path Group: clk
Path Type: min

Fanout         Cap        Slew       Delay        Time   Description
---------------------------------------------------------------------------------------------
                                  0.000000    0.000000   clock clk (rise edge)
                                  0.000000    0.000000   clock source latency
     1    0.020577    0.098310    0.067797    0.067797 ^ clk (in)
                                                         clk (net)
                      0.098324    0.000000    0.067797 ^ clkbuf_0_clk/A (sky130_fd_sc_hd__clkbuf_16)
    16    0.089719    0.106122    0.197967    0.265764 ^ clkbuf_0_clk/X (sky130_fd_sc_hd__clkbuf_16)
                                                         clknet_0_clk (net)
                      0.106130    0.001077    0.266842 ^ clkbuf_4_13_0_clk/A (sky130_fd_sc_hd__clkbuf_8)
     6    0.018836    0.049589    0.152802    0.419644 ^ clkbuf_4_13_0_clk/X (sky130_fd_sc_hd__clkbuf_8)
                                                         clknet_4_13_0_clk (net)
                      0.049589    0.000278    0.419921 ^ _2698_/CLK (sky130_fd_sc_hd__dfxtp_2)
     6    0.028767    0.150324    0.399200    0.819122 ^ _2698_/Q (sky130_fd_sc_hd__dfxtp_2)
                                                         r4_acc[10] (net)
                      0.150324    0.000073    0.819195 ^ _2505_/A1 (sky130_fd_sc_hd__a22o_2)
     1    0.001999    0.031361    0.156030    0.975224 ^ _2505_/X (sky130_fd_sc_hd__a22o_2)
                                                         _0485_ (net)
                      0.031361    0.000005    0.975230 ^ _2506_/B (sky130_fd_sc_hd__and2_2)
     1    0.001906    0.033431    0.118867    1.094097 ^ _2506_/X (sky130_fd_sc_hd__and2_2)
                                                         _0486_ (net)
                      0.033431    0.000003    1.094100 ^ _2698_/D (sky130_fd_sc_hd__dfxtp_2)
                                              1.094100   data arrival time

                                  0.000000    0.000000   clock clk (rise edge)
                                  0.000000    0.000000   clock source latency
     1    0.020577    0.098310    0.067797    0.067797 ^ clk (in)
                                                         clk (net)
                      0.098324    0.000000    0.067797 ^ clkbuf_0_clk/A (sky130_fd_sc_hd__clkbuf_16)
    16    0.089719    0.106122    0.197967    0.265764 ^ clkbuf_0_clk/X (sky130_fd_sc_hd__clkbuf_16)
                                                         clknet_0_clk (net)
                      0.106130    0.001077    0.266842 ^ clkbuf_4_13_0_clk/A (sky130_fd_sc_hd__clkbuf_8)
     6    0.018836    0.049589    0.152802    0.419644 ^ clkbuf_4_13_0_clk/X (sky130_fd_sc_hd__clkbuf_8)
                                                         clknet_4_13_0_clk (net)
                      0.049589    0.000278    0.419921 ^ _2698_/CLK (sky130_fd_sc_hd__dfxtp_2)
                                  0.200000    0.619921   clock uncertainty
                                  0.000000    0.619921   clock reconvergence pessimism
                                 -0.028191    0.591731   library hold time
                                              0.591731   data required time
---------------------------------------------------------------------------------------------
                                              0.591731   data required time
                                             -1.094100   data arrival time
---------------------------------------------------------------------------------------------
                                              0.502369   slack (MET)


Startpoint: _2694_ (rising edge-triggered flip-flop clocked by clk)
Endpoint: _2694_ (rising edge-triggered flip-flop clocked by clk)
Path Group: clk
Path Type: min

Fanout         Cap        Slew       Delay        Time   Description
---------------------------------------------------------------------------------------------
                                  0.000000    0.000000   clock clk (rise edge)
                                  0.000000    0.000000   clock source latency
     1    0.020577    0.098310    0.067797    0.067797 ^ clk (in)
                                                         clk (net)
                      0.098324    0.000000    0.067797 ^ clkbuf_0_clk/A (sky130_fd_sc_hd__clkbuf_16)
    16    0.089719    0.106122    0.197967    0.265764 ^ clkbuf_0_clk/X (sky130_fd_sc_hd__clkbuf_16)
                                                         clknet_0_clk (net)
                      0.106132    0.001166    0.266930 ^ clkbuf_4_12_0_clk/A (sky130_fd_sc_hd__clkbuf_8)
     6    0.016961    0.046640    0.150136    0.417066 ^ clkbuf_4_12_0_clk/X (sky130_fd_sc_hd__clkbuf_8)
                                                         clknet_4_12_0_clk (net)
                      0.046640    0.000011    0.417077 ^ _2694_/CLK (sky130_fd_sc_hd__dfxtp_2)
     5    0.028643    0.149761    0.397711    0.814789 ^ _2694_/Q (sky130_fd_sc_hd__dfxtp_2)
                                                         r4_acc[6] (net)
                      0.149761    0.000057    0.814846 ^ _2488_/A1 (sky130_fd_sc_hd__a22o_2)
     1    0.002365    0.032273    0.157834    0.972680 ^ _2488_/X (sky130_fd_sc_hd__a22o_2)
                                                         _0472_ (net)
                      0.032273    0.000008    0.972688 ^ _2489_/B (sky130_fd_sc_hd__and2_2)
     1    0.001875    0.033282    0.118985    1.091673 ^ _2489_/X (sky130_fd_sc_hd__and2_2)
                                                         _0473_ (net)
                      0.033282    0.000002    1.091674 ^ _2694_/D (sky130_fd_sc_hd__dfxtp_2)
                                              1.091674   data arrival time

                                  0.000000    0.000000   clock clk (rise edge)
                                  0.000000    0.000000   clock source latency
     1    0.020577    0.098310    0.067797    0.067797 ^ clk (in)
                                                         clk (net)
                      0.098324    0.000000    0.067797 ^ clkbuf_0_clk/A (sky130_fd_sc_hd__clkbuf_16)
    16    0.089719    0.106122    0.197967    0.265764 ^ clkbuf_0_clk/X (sky130_fd_sc_hd__clkbuf_16)
                                                         clknet_0_clk (net)
                      0.106132    0.001166    0.266930 ^ clkbuf_4_12_0_clk/A (sky130_fd_sc_hd__clkbuf_8)
     6    0.016961    0.046640    0.150136    0.417066 ^ clkbuf_4_12_0_clk/X (sky130_fd_sc_hd__clkbuf_8)
                                                         clknet_4_12_0_clk (net)
                      0.046640    0.000011    0.417077 ^ _2694_/CLK (sky130_fd_sc_hd__dfxtp_2)
                                  0.200000    0.617077   clock uncertainty
                                  0.000000    0.617077   clock reconvergence pessimism
                                 -0.028547    0.588530   library hold time
                                              0.588530   data required time
---------------------------------------------------------------------------------------------
                                              0.588530   data required time
                                             -1.091674   data arrival time
---------------------------------------------------------------------------------------------
                                              0.503144   slack (MET)


Startpoint: b_in[10] (input port clocked by clk)
Endpoint: _2648_ (rising edge-triggered flip-flop clocked by clk)
Path Group: clk
Path Type: min

Fanout         Cap        Slew       Delay        Time   Description
---------------------------------------------------------------------------------------------
                                  0.000000    0.000000   clock clk (rise edge)
                                  0.000000    0.000000   clock network delay (propagated)
                                  0.020000    0.020000 ^ input external delay
     1    0.010407    0.053236    0.035436    0.055436 ^ b_in[10] (in)
                                                         b_in[10] (net)
                      0.053238    0.000000    0.055436 ^ hold543/A (sky130_fd_sc_hd__clkbuf_2)
     1    0.005142    0.039189    0.102898    0.158334 ^ hold543/X (sky130_fd_sc_hd__clkbuf_2)
                                                         net542 (net)
                      0.039189    0.000056    0.158391 ^ hold465/A (sky130_fd_sc_hd__clkbuf_2)
     1    0.004242    0.034902    0.094444    0.252835 ^ hold465/X (sky130_fd_sc_hd__clkbuf_2)
                                                         net464 (net)
                      0.034902    0.000035    0.252870 ^ hold544/A (sky130_fd_sc_hd__clkbuf_2)
     1    0.005197    0.039507    0.096609    0.349479 ^ hold544/X (sky130_fd_sc_hd__clkbuf_2)
                                                         net543 (net)
                      0.039507    0.000065    0.349544 ^ input326/A (sky130_fd_sc_hd__buf_2)
     1    0.002738    0.027375    0.088282    0.437826 ^ input326/X (sky130_fd_sc_hd__buf_2)
                                                         net326 (net)
                      0.027375    0.000006    0.437832 ^ hold545/A (sky130_fd_sc_hd__clkbuf_2)
     1    0.005188    0.039474    0.093910    0.531742 ^ hold545/X (sky130_fd_sc_hd__clkbuf_2)
                                                         net544 (net)
                      0.039474    0.000060    0.531802 ^ hold466/A (sky130_fd_sc_hd__clkbuf_2)
     2    0.010714    0.067103    0.119543    0.651344 ^ hold466/X (sky130_fd_sc_hd__clkbuf_2)
                                                         net465 (net)
                      0.067103    0.000078    0.651423 ^ hold546/A (sky130_fd_sc_hd__clkbuf_2)
     2    0.010922    0.068172    0.130245    0.781668 ^ hold546/X (sky130_fd_sc_hd__clkbuf_2)
                                                         net545 (net)
                      0.068172    0.000208    0.781876 ^ _2594_/A2 (sky130_fd_sc_hd__o211a_2)
     1    0.009251    0.073660    0.193493    0.975369 ^ _2594_/X (sky130_fd_sc_hd__o211a_2)
                                                         _0075_ (net)
                      0.073660    0.000202    0.975571 ^ hold467/A (sky130_fd_sc_hd__clkbuf_2)
     1    0.009053    0.058767    0.125428    1.100999 ^ hold467/X (sky130_fd_sc_hd__clkbuf_2)
                                                         net466 (net)
                      0.058767    0.000194    1.101193 ^ _2648_/D (sky130_fd_sc_hd__dfxtp_2)
                                              1.101193   data arrival time

                                  0.000000    0.000000   clock clk (rise edge)
                                  0.000000    0.000000   clock source latency
     1    0.020577    0.098310    0.067797    0.067797 ^ clk (in)
                                                         clk (net)
                      0.098324    0.000000    0.067797 ^ clkbuf_0_clk/A (sky130_fd_sc_hd__clkbuf_16)
    16    0.089719    0.106122    0.197967    0.265764 ^ clkbuf_0_clk/X (sky130_fd_sc_hd__clkbuf_16)
                                                         clknet_0_clk (net)
                      0.106158    0.001869    0.267634 ^ clkbuf_4_6_0_clk/A (sky130_fd_sc_hd__clkbuf_8)
     6    0.016276    0.045609    0.149087    0.416721 ^ clkbuf_4_6_0_clk/X (sky130_fd_sc_hd__clkbuf_8)
                                                         clknet_4_6_0_clk (net)
                      0.045609    0.000162    0.416883 ^ _2648_/CLK (sky130_fd_sc_hd__dfxtp_2)
                                  0.200000    0.616883   clock uncertainty
                                  0.000000    0.616883   clock reconvergence pessimism
                                 -0.033960    0.582923   library hold time
                                              0.582923   data required time
---------------------------------------------------------------------------------------------
                                              0.582923   data required time
                                             -1.101193   data arrival time
---------------------------------------------------------------------------------------------
                                              0.518270   slack (MET)


Startpoint: _2692_ (rising edge-triggered flip-flop clocked by clk)
Endpoint: _2692_ (rising edge-triggered flip-flop clocked by clk)
Path Group: clk
Path Type: min

Fanout         Cap        Slew       Delay        Time   Description
---------------------------------------------------------------------------------------------
                                  0.000000    0.000000   clock clk (rise edge)
                                  0.000000    0.000000   clock source latency
     1    0.020577    0.098310    0.067797    0.067797 ^ clk (in)
                                                         clk (net)
                      0.098324    0.000000    0.067797 ^ clkbuf_0_clk/A (sky130_fd_sc_hd__clkbuf_16)
    16    0.089719    0.106122    0.197967    0.265764 ^ clkbuf_0_clk/X (sky130_fd_sc_hd__clkbuf_16)
                                                         clknet_0_clk (net)
                      0.106136    0.001288    0.267052 ^ clkbuf_4_15_0_clk/A (sky130_fd_sc_hd__clkbuf_8)
     6    0.017276    0.047130    0.150588    0.417640 ^ clkbuf_4_15_0_clk/X (sky130_fd_sc_hd__clkbuf_8)
                                                         clknet_4_15_0_clk (net)
                      0.047130    0.000064    0.417704 ^ _2692_/CLK (sky130_fd_sc_hd__dfxtp_2)
     6    0.032382    0.167750    0.410813    0.828517 ^ _2692_/Q (sky130_fd_sc_hd__dfxtp_2)
                                                         r4_acc[4] (net)
                      0.167750    0.000044    0.828562 ^ _2475_/A1 (sky130_fd_sc_hd__a22o_2)
     1    0.001739    0.030129    0.159792    0.988353 ^ _2475_/X (sky130_fd_sc_hd__a22o_2)
                                                         _0461_ (net)
                      0.030129    0.000001    0.988355 ^ _2476_/B (sky130_fd_sc_hd__and2_2)
     1    0.002144    0.034574    0.119715    1.108070 ^ _2476_/X (sky130_fd_sc_hd__and2_2)
                                                         _0462_ (net)
                      0.034574    0.000005    1.108075 ^ _2692_/D (sky130_fd_sc_hd__dfxtp_2)
                                              1.108075   data arrival time

                                  0.000000    0.000000   clock clk (rise edge)
                                  0.000000    0.000000   clock source latency
     1    0.020577    0.098310    0.067797    0.067797 ^ clk (in)
                                                         clk (net)
                      0.098324    0.000000    0.067797 ^ clkbuf_0_clk/A (sky130_fd_sc_hd__clkbuf_16)
    16    0.089719    0.106122    0.197967    0.265764 ^ clkbuf_0_clk/X (sky130_fd_sc_hd__clkbuf_16)
                                                         clknet_0_clk (net)
                      0.106136    0.001288    0.267052 ^ clkbuf_4_15_0_clk/A (sky130_fd_sc_hd__clkbuf_8)
     6    0.017276    0.047130    0.150588    0.417640 ^ clkbuf_4_15_0_clk/X (sky130_fd_sc_hd__clkbuf_8)
                                                         clknet_4_15_0_clk (net)
                      0.047130    0.000064    0.417704 ^ _2692_/CLK (sky130_fd_sc_hd__dfxtp_2)
                                  0.200000    0.617704   clock uncertainty
                                  0.000000    0.617704   clock reconvergence pessimism
                                 -0.028750    0.588954   library hold time
                                              0.588954   data required time
---------------------------------------------------------------------------------------------
                                              0.588954   data required time
                                             -1.108075   data arrival time
---------------------------------------------------------------------------------------------
                                              0.519121   slack (MET)


Startpoint: _2689_ (rising edge-triggered flip-flop clocked by clk)
Endpoint: _2689_ (rising edge-triggered flip-flop clocked by clk)
Path Group: clk
Path Type: min

Fanout         Cap        Slew       Delay        Time   Description
---------------------------------------------------------------------------------------------
                                  0.000000    0.000000   clock clk (rise edge)
                                  0.000000    0.000000   clock source latency
     1    0.020577    0.098310    0.067797    0.067797 ^ clk (in)
                                                         clk (net)
                      0.098324    0.000000    0.067797 ^ clkbuf_0_clk/A (sky130_fd_sc_hd__clkbuf_16)
    16    0.089719    0.106122    0.197967    0.265764 ^ clkbuf_0_clk/X (sky130_fd_sc_hd__clkbuf_16)
                                                         clknet_0_clk (net)
                      0.106136    0.001288    0.267053 ^ clkbuf_4_14_0_clk/A (sky130_fd_sc_hd__clkbuf_8)
     6    0.017929    0.048158    0.151500    0.418553 ^ clkbuf_4_14_0_clk/X (sky130_fd_sc_hd__clkbuf_8)
                                                         clknet_4_14_0_clk (net)
                      0.048159    0.000291    0.418844 ^ _2689_/CLK (sky130_fd_sc_hd__dfxtp_2)
     8    0.034432    0.177574    0.418356    0.837200 ^ _2689_/Q (sky130_fd_sc_hd__dfxtp_2)
                                                         r4_acc[1] (net)
                      0.177574    0.000082    0.837282 ^ _2454_/A1 (sky130_fd_sc_hd__a22o_2)
     1    0.002003    0.031381    0.164130    1.001412 ^ _2454_/X (sky130_fd_sc_hd__a22o_2)
                                                         _0443_ (net)
                      0.031381    0.000004    1.001416 ^ _2455_/B (sky130_fd_sc_hd__and2_2)
     1    0.002151    0.034608    0.120132    1.121548 ^ _2455_/X (sky130_fd_sc_hd__and2_2)
                                                         _0444_ (net)
                      0.034608    0.000006    1.121554 ^ _2689_/D (sky130_fd_sc_hd__dfxtp_2)
                                              1.121554   data arrival time

                                  0.000000    0.000000   clock clk (rise edge)
                                  0.000000    0.000000   clock source latency
     1    0.020577    0.098310    0.067797    0.067797 ^ clk (in)
                                                         clk (net)
                      0.098324    0.000000    0.067797 ^ clkbuf_0_clk/A (sky130_fd_sc_hd__clkbuf_16)
    16    0.089719    0.106122    0.197967    0.265764 ^ clkbuf_0_clk/X (sky130_fd_sc_hd__clkbuf_16)
                                                         clknet_0_clk (net)
                      0.106136    0.001288    0.267053 ^ clkbuf_4_14_0_clk/A (sky130_fd_sc_hd__clkbuf_8)
     6    0.017929    0.048158    0.151500    0.418553 ^ clkbuf_4_14_0_clk/X (sky130_fd_sc_hd__clkbuf_8)
                                                         clknet_4_14_0_clk (net)
                      0.048159    0.000291    0.418844 ^ _2689_/CLK (sky130_fd_sc_hd__dfxtp_2)
                                  0.200000    0.618844   clock uncertainty
                                  0.000000    0.618844   clock reconvergence pessimism
                                 -0.028622    0.590222   library hold time
                                              0.590222   data required time
---------------------------------------------------------------------------------------------
                                              0.590222   data required time
                                             -1.121554   data arrival time
---------------------------------------------------------------------------------------------
                                              0.531332   slack (MET)


Startpoint: _2700_ (rising edge-triggered flip-flop clocked by clk)
Endpoint: _2700_ (rising edge-triggered flip-flop clocked by clk)
Path Group: clk
Path Type: min

Fanout         Cap        Slew       Delay        Time   Description
---------------------------------------------------------------------------------------------
                                  0.000000    0.000000   clock clk (rise edge)
                                  0.000000    0.000000   clock source latency
     1    0.020577    0.098310    0.067797    0.067797 ^ clk (in)
                                                         clk (net)
                      0.098324    0.000000    0.067797 ^ clkbuf_0_clk/A (sky130_fd_sc_hd__clkbuf_16)
    16    0.089719    0.106122    0.197967    0.265764 ^ clkbuf_0_clk/X (sky130_fd_sc_hd__clkbuf_16)
                                                         clknet_0_clk (net)
                      0.106130    0.001077    0.266842 ^ clkbuf_4_13_0_clk/A (sky130_fd_sc_hd__clkbuf_8)
     6    0.018836    0.049589    0.152802    0.419644 ^ clkbuf_4_13_0_clk/X (sky130_fd_sc_hd__clkbuf_8)
                                                         clknet_4_13_0_clk (net)
                      0.049591    0.000415    0.420058 ^ _2700_/CLK (sky130_fd_sc_hd__dfxtp_2)
     6    0.035674    0.183172    0.423140    0.843199 ^ _2700_/Q (sky130_fd_sc_hd__dfxtp_2)
                                                         r4_acc[12] (net)
                      0.183172    0.000094    0.843292 ^ _2514_/A1 (sky130_fd_sc_hd__a22o_2)
     1    0.001814    0.030482    0.164762    1.008055 ^ _2514_/X (sky130_fd_sc_hd__a22o_2)
                                                         _0492_ (net)
                      0.030482    0.000003    1.008057 ^ _2515_/B (sky130_fd_sc_hd__and2_2)
     1    0.002089    0.034311    0.119541    1.127598 ^ _2515_/X (sky130_fd_sc_hd__and2_2)
                                                         _0493_ (net)
                      0.034311    0.000005    1.127604 ^ _2700_/D (sky130_fd_sc_hd__dfxtp_2)
                                              1.127604   data arrival time

                                  0.000000    0.000000   clock clk (rise edge)
                                  0.000000    0.000000   clock source latency
     1    0.020577    0.098310    0.067797    0.067797 ^ clk (in)
                                                         clk (net)
                      0.098324    0.000000    0.067797 ^ clkbuf_0_clk/A (sky130_fd_sc_hd__clkbuf_16)
    16    0.089719    0.106122    0.197967    0.265764 ^ clkbuf_0_clk/X (sky130_fd_sc_hd__clkbuf_16)
                                                         clknet_0_clk (net)
                      0.106130    0.001077    0.266842 ^ clkbuf_4_13_0_clk/A (sky130_fd_sc_hd__clkbuf_8)
     6    0.018836    0.049589    0.152802    0.419644 ^ clkbuf_4_13_0_clk/X (sky130_fd_sc_hd__clkbuf_8)
                                                         clknet_4_13_0_clk (net)
                      0.049591    0.000415    0.420058 ^ _2700_/CLK (sky130_fd_sc_hd__dfxtp_2)
                                  0.200000    0.620058   clock uncertainty
                                  0.000000    0.620058   clock reconvergence pessimism
                                 -0.028372    0.591686   library hold time
                                              0.591686   data required time
---------------------------------------------------------------------------------------------
                                              0.591686   data required time
                                             -1.127604   data arrival time
---------------------------------------------------------------------------------------------
                                              0.535918   slack (MET)


Startpoint: b_in[12] (input port clocked by clk)
Endpoint: _2650_ (rising edge-triggered flip-flop clocked by clk)
Path Group: clk
Path Type: min

Fanout         Cap        Slew       Delay        Time   Description
---------------------------------------------------------------------------------------------
                                  0.000000    0.000000   clock clk (rise edge)
                                  0.000000    0.000000   clock network delay (propagated)
                                  0.020000    0.020000 ^ input external delay
     1    0.010473    0.053532    0.035663    0.055663 ^ b_in[12] (in)
                                                         b_in[12] (net)
                      0.053535    0.000000    0.055663 ^ hold554/A (sky130_fd_sc_hd__clkbuf_2)
     1    0.004137    0.034367    0.099128    0.154791 ^ hold554/X (sky130_fd_sc_hd__clkbuf_2)
                                                         net553 (net)
                      0.034367    0.000032    0.154822 ^ hold474/A (sky130_fd_sc_hd__clkbuf_2)
     1    0.009213    0.059501    0.111899    0.266722 ^ hold474/X (sky130_fd_sc_hd__clkbuf_2)
                                                         net473 (net)
                      0.059501    0.000216    0.266938 ^ hold555/A (sky130_fd_sc_hd__clkbuf_2)
     1    0.003775    0.032656    0.099647    0.366585 ^ hold555/X (sky130_fd_sc_hd__clkbuf_2)
                                                         net554 (net)
                      0.032656    0.000030    0.366615 ^ input328/A (sky130_fd_sc_hd__buf_2)
     1    0.006470    0.042471    0.100067    0.466682 ^ input328/X (sky130_fd_sc_hd__buf_2)
                                                         net328 (net)
                      0.042471    0.000098    0.466780 ^ hold556/A (sky130_fd_sc_hd__clkbuf_2)
     1    0.006294    0.044878    0.103526    0.570307 ^ hold556/X (sky130_fd_sc_hd__clkbuf_2)
                                                         net555 (net)
                      0.044878    0.000093    0.570400 ^ hold475/A (sky130_fd_sc_hd__clkbuf_2)
     2    0.010075    0.063860    0.119000    0.689400 ^ hold475/X (sky130_fd_sc_hd__clkbuf_2)
                                                         net474 (net)
                      0.063860    0.000024    0.689424 ^ hold557/A (sky130_fd_sc_hd__clkbuf_2)
     2    0.010902    0.068078    0.128977    0.818401 ^ hold557/X (sky130_fd_sc_hd__clkbuf_2)
                                                         net556 (net)
                      0.068078    0.000228    0.818628 ^ _2598_/A2 (sky130_fd_sc_hd__o211a_2)
     1    0.009224    0.073513    0.193348    1.011977 ^ _2598_/X (sky130_fd_sc_hd__o211a_2)
                                                         _0077_ (net)
                      0.073513    0.000182    1.012158 ^ hold476/A (sky130_fd_sc_hd__clkbuf_2)
     1    0.008256    0.054764    0.122310    1.134468 ^ hold476/X (sky130_fd_sc_hd__clkbuf_2)
                                                         net475 (net)
                      0.054764    0.000146    1.134614 ^ _2650_/D (sky130_fd_sc_hd__dfxtp_2)
                                              1.134614   data arrival time

                                  0.000000    0.000000   clock clk (rise edge)
                                  0.000000    0.000000   clock source latency
     1    0.020577    0.098310    0.067797    0.067797 ^ clk (in)
                                                         clk (net)
                      0.098324    0.000000    0.067797 ^ clkbuf_0_clk/A (sky130_fd_sc_hd__clkbuf_16)
    16    0.089719    0.106122    0.197967    0.265764 ^ clkbuf_0_clk/X (sky130_fd_sc_hd__clkbuf_16)
                                                         clknet_0_clk (net)
                      0.106158    0.001869    0.267634 ^ clkbuf_4_6_0_clk/A (sky130_fd_sc_hd__clkbuf_8)
     6    0.016276    0.045609    0.149087    0.416721 ^ clkbuf_4_6_0_clk/X (sky130_fd_sc_hd__clkbuf_8)
                                                         clknet_4_6_0_clk (net)
                      0.045609    0.000150    0.416871 ^ _2650_/CLK (sky130_fd_sc_hd__dfxtp_2)
                                  0.200000    0.616871   clock uncertainty
                                  0.000000    0.616871   clock reconvergence pessimism
                                 -0.033131    0.583740   library hold time
                                              0.583740   data required time
---------------------------------------------------------------------------------------------
                                              0.583740   data required time
                                             -1.134614   data arrival time
---------------------------------------------------------------------------------------------
                                              0.550874   slack (MET)


Startpoint: _2668_ (rising edge-triggered flip-flop clocked by clk)
Endpoint: _2668_ (rising edge-triggered flip-flop clocked by clk)
Path Group: clk
Path Type: min

Fanout         Cap        Slew       Delay        Time   Description
---------------------------------------------------------------------------------------------
                                  0.000000    0.000000   clock clk (rise edge)
                                  0.000000    0.000000   clock source latency
     1    0.020577    0.098310    0.067797    0.067797 ^ clk (in)
                                                         clk (net)
                      0.098324    0.000000    0.067797 ^ clkbuf_0_clk/A (sky130_fd_sc_hd__clkbuf_16)
    16    0.089719    0.106122    0.197967    0.265764 ^ clkbuf_0_clk/X (sky130_fd_sc_hd__clkbuf_16)
                                                         clknet_0_clk (net)
                      0.106155    0.001818    0.267582 ^ clkbuf_4_0_0_clk/A (sky130_fd_sc_hd__clkbuf_8)
     6    0.016022    0.045232    0.148685    0.416267 ^ clkbuf_4_0_0_clk/X (sky130_fd_sc_hd__clkbuf_8)
                                                         clknet_4_0_0_clk (net)
                      0.045232    0.000159    0.416426 ^ _2668_/CLK (sky130_fd_sc_hd__dfxtp_2)
     8    0.042864    0.218367    0.445691    0.862117 ^ _2668_/Q (sky130_fd_sc_hd__dfxtp_2)
                                                         r2_mantissa[13] (net)
                      0.218367    0.000009    0.862126 ^ _1366_/A1 (sky130_fd_sc_hd__o211a_2)
     1    0.002481    0.040583    0.200849    1.062976 ^ _1366_/X (sky130_fd_sc_hd__o211a_2)
                                                         _0013_ (net)
                      0.040583    0.000003    1.062979 ^ hold535/A (sky130_fd_sc_hd__clkbuf_2)
     1    0.002216    0.025346    0.085690    1.148669 ^ hold535/X (sky130_fd_sc_hd__clkbuf_2)
                                                         net534 (net)
                      0.025346    0.000007    1.148676 ^ _2668_/D (sky130_fd_sc_hd__dfxtp_2)
                                              1.148676   data arrival time

                                  0.000000    0.000000   clock clk (rise edge)
                                  0.000000    0.000000   clock source latency
     1    0.020577    0.098310    0.067797    0.067797 ^ clk (in)
                                                         clk (net)
                      0.098324    0.000000    0.067797 ^ clkbuf_0_clk/A (sky130_fd_sc_hd__clkbuf_16)
    16    0.089719    0.106122    0.197967    0.265764 ^ clkbuf_0_clk/X (sky130_fd_sc_hd__clkbuf_16)
                                                         clknet_0_clk (net)
                      0.106155    0.001818    0.267582 ^ clkbuf_4_0_0_clk/A (sky130_fd_sc_hd__clkbuf_8)
     6    0.016022    0.045232    0.148685    0.416267 ^ clkbuf_4_0_0_clk/X (sky130_fd_sc_hd__clkbuf_8)
                                                         clknet_4_0_0_clk (net)
                      0.045232    0.000159    0.416426 ^ _2668_/CLK (sky130_fd_sc_hd__dfxtp_2)
                                  0.200000    0.616426   clock uncertainty
                                  0.000000    0.616426   clock reconvergence pessimism
                                 -0.027088    0.589338   library hold time
                                              0.589338   data required time
---------------------------------------------------------------------------------------------
                                              0.589338   data required time
                                             -1.148676   data arrival time
---------------------------------------------------------------------------------------------
                                              0.559338   slack (MET)


Startpoint: _2642_ (rising edge-triggered flip-flop clocked by clk)
Endpoint: b_out[4] (output port clocked by clk)
Path Group: clk
Path Type: min

Fanout         Cap        Slew       Delay        Time   Description
---------------------------------------------------------------------------------------------
                                  0.000000    0.000000   clock clk (rise edge)
                                  0.000000    0.000000   clock source latency
     1    0.020577    0.098310    0.067797    0.067797 ^ clk (in)
                                                         clk (net)
                      0.098324    0.000000    0.067797 ^ clkbuf_0_clk/A (sky130_fd_sc_hd__clkbuf_16)
    16    0.089719    0.106122    0.197967    0.265764 ^ clkbuf_0_clk/X (sky130_fd_sc_hd__clkbuf_16)
                                                         clknet_0_clk (net)
                      0.106148    0.001644    0.267409 ^ clkbuf_4_1_0_clk/A (sky130_fd_sc_hd__clkbuf_8)
     6    0.014337    0.042708    0.146202    0.413610 ^ clkbuf_4_1_0_clk/X (sky130_fd_sc_hd__clkbuf_8)
                                                         clknet_4_1_0_clk (net)
                      0.042708    0.000033    0.413644 ^ _2642_/CLK (sky130_fd_sc_hd__dfxtp_2)
     2    0.005097    0.027693    0.308363    0.722006 v _2642_/Q (sky130_fd_sc_hd__dfxtp_2)
                                                         net388 (net)
                      0.027693    0.000033    0.722040 v output388/A (sky130_fd_sc_hd__buf_2)
     1    0.036783    0.092393    0.177418    0.899458 v output388/X (sky130_fd_sc_hd__buf_2)
                                                         b_out[4] (net)
                      0.092396    0.000625    0.900083 v b_out[4] (out)
                                              0.900083   data arrival time

                                  0.000000    0.000000   clock clk (rise edge)
                                  0.000000    0.000000   clock network delay (propagated)
                                  0.200000    0.200000   clock uncertainty
                                  0.000000    0.200000   clock reconvergence pessimism
                                 -0.020000    0.180000   output external delay
                                              0.180000   data required time
---------------------------------------------------------------------------------------------
                                              0.180000   data required time
                                             -0.900083   data arrival time
---------------------------------------------------------------------------------------------
                                              0.720083   slack (MET)


Startpoint: _2640_ (rising edge-triggered flip-flop clocked by clk)
Endpoint: b_out[2] (output port clocked by clk)
Path Group: clk
Path Type: min

Fanout         Cap        Slew       Delay        Time   Description
---------------------------------------------------------------------------------------------
                                  0.000000    0.000000   clock clk (rise edge)
                                  0.000000    0.000000   clock source latency
     1    0.020577    0.098310    0.067797    0.067797 ^ clk (in)
                                                         clk (net)
                      0.098324    0.000000    0.067797 ^ clkbuf_0_clk/A (sky130_fd_sc_hd__clkbuf_16)
    16    0.089719    0.106122    0.197967    0.265764 ^ clkbuf_0_clk/X (sky130_fd_sc_hd__clkbuf_16)
                                                         clknet_0_clk (net)
                      0.106142    0.001480    0.267244 ^ clkbuf_4_2_0_clk/A (sky130_fd_sc_hd__clkbuf_8)
     6    0.016579    0.046067    0.149538    0.416782 ^ clkbuf_4_2_0_clk/X (sky130_fd_sc_hd__clkbuf_8)
                                                         clknet_4_2_0_clk (net)
                      0.046067    0.000090    0.416873 ^ _2640_/CLK (sky130_fd_sc_hd__dfxtp_2)
     2    0.004828    0.027231    0.308911    0.725783 v _2640_/Q (sky130_fd_sc_hd__dfxtp_2)
                                                         net386 (net)
                      0.027231    0.000025    0.725809 v output386/A (sky130_fd_sc_hd__buf_2)
     1    0.035590    0.092366    0.175124    0.900933 v output386/X (sky130_fd_sc_hd__buf_2)
                                                         b_out[2] (net)
                      0.092367    0.000407    0.901340 v b_out[2] (out)
                                              0.901340   data arrival time

                                  0.000000    0.000000   clock clk (rise edge)
                                  0.000000    0.000000   clock network delay (propagated)
                                  0.200000    0.200000   clock uncertainty
                                  0.000000    0.200000   clock reconvergence pessimism
                                 -0.020000    0.180000   output external delay
                                              0.180000   data required time
---------------------------------------------------------------------------------------------
                                              0.180000   data required time
                                             -0.901340   data arrival time
---------------------------------------------------------------------------------------------
                                              0.721340   slack (MET)


Startpoint: _2644_ (rising edge-triggered flip-flop clocked by clk)
Endpoint: b_out[6] (output port clocked by clk)
Path Group: clk
Path Type: min

Fanout         Cap        Slew       Delay        Time   Description
---------------------------------------------------------------------------------------------
                                  0.000000    0.000000   clock clk (rise edge)
                                  0.000000    0.000000   clock source latency
     1    0.020577    0.098310    0.067797    0.067797 ^ clk (in)
                                                         clk (net)
                      0.098324    0.000000    0.067797 ^ clkbuf_0_clk/A (sky130_fd_sc_hd__clkbuf_16)
    16    0.089719    0.106122    0.197967    0.265764 ^ clkbuf_0_clk/X (sky130_fd_sc_hd__clkbuf_16)
                                                         clknet_0_clk (net)
                      0.106142    0.001480    0.267244 ^ clkbuf_4_2_0_clk/A (sky130_fd_sc_hd__clkbuf_8)
     6    0.016579    0.046067    0.149538    0.416782 ^ clkbuf_4_2_0_clk/X (sky130_fd_sc_hd__clkbuf_8)
                                                         clknet_4_2_0_clk (net)
                      0.046067    0.000045    0.416827 ^ _2644_/CLK (sky130_fd_sc_hd__dfxtp_2)
     2    0.004879    0.027316    0.309036    0.725862 v _2644_/Q (sky130_fd_sc_hd__dfxtp_2)
                                                         net390 (net)
                      0.027316    0.000037    0.725899 v output390/A (sky130_fd_sc_hd__buf_2)
     1    0.036226    0.092596    0.176236    0.902135 v output390/X (sky130_fd_sc_hd__buf_2)
                                                         b_out[6] (net)
                      0.092599    0.000569    0.902704 v b_out[6] (out)
                                              0.902704   data arrival time

                                  0.000000    0.000000   clock clk (rise edge)
                                  0.000000    0.000000   clock network delay (propagated)
                                  0.200000    0.200000   clock uncertainty
                                  0.000000    0.200000   clock reconvergence pessimism
                                 -0.020000    0.180000   output external delay
                                              0.180000   data required time
---------------------------------------------------------------------------------------------
                                              0.180000   data required time
                                             -0.902704   data arrival time
---------------------------------------------------------------------------------------------
                                              0.722704   slack (MET)


Startpoint: _2643_ (rising edge-triggered flip-flop clocked by clk)
Endpoint: b_out[5] (output port clocked by clk)
Path Group: clk
Path Type: min

Fanout         Cap        Slew       Delay        Time   Description
---------------------------------------------------------------------------------------------
                                  0.000000    0.000000   clock clk (rise edge)
                                  0.000000    0.000000   clock source latency
     1    0.020577    0.098310    0.067797    0.067797 ^ clk (in)
                                                         clk (net)
                      0.098324    0.000000    0.067797 ^ clkbuf_0_clk/A (sky130_fd_sc_hd__clkbuf_16)
    16    0.089719    0.106122    0.197967    0.265764 ^ clkbuf_0_clk/X (sky130_fd_sc_hd__clkbuf_16)
                                                         clknet_0_clk (net)
                      0.106155    0.001818    0.267582 ^ clkbuf_4_0_0_clk/A (sky130_fd_sc_hd__clkbuf_8)
     6    0.016022    0.045232    0.148685    0.416267 ^ clkbuf_4_0_0_clk/X (sky130_fd_sc_hd__clkbuf_8)
                                                         clknet_4_0_0_clk (net)
                      0.045232    0.000045    0.416312 ^ _2643_/CLK (sky130_fd_sc_hd__dfxtp_2)
     2    0.005253    0.027971    0.309689    0.726001 v _2643_/Q (sky130_fd_sc_hd__dfxtp_2)
                                                         net389 (net)
                      0.027971    0.000041    0.726042 v output389/A (sky130_fd_sc_hd__buf_2)
     1    0.036444    0.092478    0.176929    0.902971 v output389/X (sky130_fd_sc_hd__buf_2)
                                                         b_out[5] (net)
                      0.092480    0.000574    0.903545 v b_out[5] (out)
                                              0.903545   data arrival time

                                  0.000000    0.000000   clock clk (rise edge)
                                  0.000000    0.000000   clock network delay (propagated)
                                  0.200000    0.200000   clock uncertainty
                                  0.000000    0.200000   clock reconvergence pessimism
                                 -0.020000    0.180000   output external delay
                                              0.180000   data required time
---------------------------------------------------------------------------------------------
                                              0.180000   data required time
                                             -0.903545   data arrival time
---------------------------------------------------------------------------------------------
                                              0.723545   slack (MET)


Startpoint: _2647_ (rising edge-triggered flip-flop clocked by clk)
Endpoint: b_out[9] (output port clocked by clk)
Path Group: clk
Path Type: min

Fanout         Cap        Slew       Delay        Time   Description
---------------------------------------------------------------------------------------------
                                  0.000000    0.000000   clock clk (rise edge)
                                  0.000000    0.000000   clock source latency
     1    0.020577    0.098310    0.067797    0.067797 ^ clk (in)
                                                         clk (net)
                      0.098324    0.000000    0.067797 ^ clkbuf_0_clk/A (sky130_fd_sc_hd__clkbuf_16)
    16    0.089719    0.106122    0.197967    0.265764 ^ clkbuf_0_clk/X (sky130_fd_sc_hd__clkbuf_16)
                                                         clknet_0_clk (net)
                      0.106155    0.001818    0.267582 ^ clkbuf_4_0_0_clk/A (sky130_fd_sc_hd__clkbuf_8)
     6    0.016022    0.045232    0.148685    0.416267 ^ clkbuf_4_0_0_clk/X (sky130_fd_sc_hd__clkbuf_8)
                                                         clknet_4_0_0_clk (net)
                      0.045232    0.000189    0.416456 ^ _2647_/CLK (sky130_fd_sc_hd__dfxtp_2)
     2    0.005955    0.029691    0.311493    0.727949 v _2647_/Q (sky130_fd_sc_hd__dfxtp_2)
                                                         net393 (net)
                      0.029691    0.000033    0.727982 v output393/A (sky130_fd_sc_hd__buf_2)
     1    0.035596    0.092354    0.176206    0.904188 v output393/X (sky130_fd_sc_hd__buf_2)
                                                         b_out[9] (net)
                      0.092355    0.000393    0.904580 v b_out[9] (out)
                                              0.904580   data arrival time

                                  0.000000    0.000000   clock clk (rise edge)
                                  0.000000    0.000000   clock network delay (propagated)
                                  0.200000    0.200000   clock uncertainty
                                  0.000000    0.200000   clock reconvergence pessimism
                                 -0.020000    0.180000   output external delay
                                              0.180000   data required time
---------------------------------------------------------------------------------------------
                                              0.180000   data required time
                                             -0.904580   data arrival time
---------------------------------------------------------------------------------------------
                                              0.724581   slack (MET)


Startpoint: _2645_ (rising edge-triggered flip-flop clocked by clk)
Endpoint: b_out[7] (output port clocked by clk)
Path Group: clk
Path Type: min

Fanout         Cap        Slew       Delay        Time   Description
---------------------------------------------------------------------------------------------
                                  0.000000    0.000000   clock clk (rise edge)
                                  0.000000    0.000000   clock source latency
     1    0.020577    0.098310    0.067797    0.067797 ^ clk (in)
                                                         clk (net)
                      0.098324    0.000000    0.067797 ^ clkbuf_0_clk/A (sky130_fd_sc_hd__clkbuf_16)
    16    0.089719    0.106122    0.197967    0.265764 ^ clkbuf_0_clk/X (sky130_fd_sc_hd__clkbuf_16)
                                                         clknet_0_clk (net)
                      0.106155    0.001818    0.267582 ^ clkbuf_4_0_0_clk/A (sky130_fd_sc_hd__clkbuf_8)
     6    0.016022    0.045232    0.148685    0.416267 ^ clkbuf_4_0_0_clk/X (sky130_fd_sc_hd__clkbuf_8)
                                                         clknet_4_0_0_clk (net)
                      0.045232    0.000075    0.416342 ^ _2645_/CLK (sky130_fd_sc_hd__dfxtp_2)
     2    0.005534    0.028472    0.310410    0.726752 v _2645_/Q (sky130_fd_sc_hd__dfxtp_2)
                                                         net391 (net)
                      0.028472    0.000043    0.726796 v output391/A (sky130_fd_sc_hd__buf_2)
     1    0.036901    0.092582    0.177925    0.904721 v output391/X (sky130_fd_sc_hd__buf_2)
                                                         b_out[7] (net)
                      0.092585    0.000692    0.905413 v b_out[7] (out)
                                              0.905413   data arrival time

                                  0.000000    0.000000   clock clk (rise edge)
                                  0.000000    0.000000   clock network delay (propagated)
                                  0.200000    0.200000   clock uncertainty
                                  0.000000    0.200000   clock reconvergence pessimism
                                 -0.020000    0.180000   output external delay
                                              0.180000   data required time
---------------------------------------------------------------------------------------------
                                              0.180000   data required time
                                             -0.905413   data arrival time
---------------------------------------------------------------------------------------------
                                              0.725413   slack (MET)


Startpoint: _2639_ (rising edge-triggered flip-flop clocked by clk)
Endpoint: b_out[1] (output port clocked by clk)
Path Group: clk
Path Type: min

Fanout         Cap        Slew       Delay        Time   Description
---------------------------------------------------------------------------------------------
                                  0.000000    0.000000   clock clk (rise edge)
                                  0.000000    0.000000   clock source latency
     1    0.020577    0.098310    0.067797    0.067797 ^ clk (in)
                                                         clk (net)
                      0.098324    0.000000    0.067797 ^ clkbuf_0_clk/A (sky130_fd_sc_hd__clkbuf_16)
    16    0.089719    0.106122    0.197967    0.265764 ^ clkbuf_0_clk/X (sky130_fd_sc_hd__clkbuf_16)
                                                         clknet_0_clk (net)
                      0.106122    0.000315    0.266080 ^ clkbuf_4_10_0_clk/A (sky130_fd_sc_hd__clkbuf_8)
     6    0.020917    0.052503    0.155932    0.422012 ^ clkbuf_4_10_0_clk/X (sky130_fd_sc_hd__clkbuf_8)
                                                         clknet_4_10_0_clk (net)
                      0.052505    0.000407    0.422419 ^ _2639_/CLK (sky130_fd_sc_hd__dfxtp_2)
     2    0.004129    0.025928    0.309371    0.731790 v _2639_/Q (sky130_fd_sc_hd__dfxtp_2)
                                                         net385 (net)
                      0.025928    0.000013    0.731803 v output385/A (sky130_fd_sc_hd__buf_2)
     1    0.035387    0.091889    0.174269    0.906072 v output385/X (sky130_fd_sc_hd__buf_2)
                                                         b_out[1] (net)
                      0.091889    0.000299    0.906371 v b_out[1] (out)
                                              0.906371   data arrival time

                                  0.000000    0.000000   clock clk (rise edge)
                                  0.000000    0.000000   clock network delay (propagated)
                                  0.200000    0.200000   clock uncertainty
                                  0.000000    0.200000   clock reconvergence pessimism
                                 -0.020000    0.180000   output external delay
                                              0.180000   data required time
---------------------------------------------------------------------------------------------
                                              0.180000   data required time
                                             -0.906371   data arrival time
---------------------------------------------------------------------------------------------
                                              0.726371   slack (MET)


Startpoint: _2641_ (rising edge-triggered flip-flop clocked by clk)
Endpoint: b_out[3] (output port clocked by clk)
Path Group: clk
Path Type: min

Fanout         Cap        Slew       Delay        Time   Description
---------------------------------------------------------------------------------------------
                                  0.000000    0.000000   clock clk (rise edge)
                                  0.000000    0.000000   clock source latency
     1    0.020577    0.098310    0.067797    0.067797 ^ clk (in)
                                                         clk (net)
                      0.098324    0.000000    0.067797 ^ clkbuf_0_clk/A (sky130_fd_sc_hd__clkbuf_16)
    16    0.089719    0.106122    0.197967    0.265764 ^ clkbuf_0_clk/X (sky130_fd_sc_hd__clkbuf_16)
                                                         clknet_0_clk (net)
                      0.106142    0.001480    0.267244 ^ clkbuf_4_2_0_clk/A (sky130_fd_sc_hd__clkbuf_8)
     6    0.016579    0.046067    0.149538    0.416782 ^ clkbuf_4_2_0_clk/X (sky130_fd_sc_hd__clkbuf_8)
                                                         clknet_4_2_0_clk (net)
                      0.046067    0.000039    0.416821 ^ _2641_/CLK (sky130_fd_sc_hd__dfxtp_2)
     2    0.005980    0.029745    0.311860    0.728681 v _2641_/Q (sky130_fd_sc_hd__dfxtp_2)
                                                         net387 (net)
                      0.029745    0.000057    0.728737 v output387/A (sky130_fd_sc_hd__buf_2)
     1    0.036801    0.092409    0.178246    0.906984 v output387/X (sky130_fd_sc_hd__buf_2)
                                                         b_out[3] (net)
                      0.092413    0.000746    0.907730 v b_out[3] (out)
                                              0.907730   data arrival time

                                  0.000000    0.000000   clock clk (rise edge)
                                  0.000000    0.000000   clock network delay (propagated)
                                  0.200000    0.200000   clock uncertainty
                                  0.000000    0.200000   clock reconvergence pessimism
                                 -0.020000    0.180000   output external delay
                                              0.180000   data required time
---------------------------------------------------------------------------------------------
                                              0.180000   data required time
                                             -0.907730   data arrival time
---------------------------------------------------------------------------------------------
                                              0.727730   slack (MET)


Startpoint: _2638_ (rising edge-triggered flip-flop clocked by clk)
Endpoint: b_out[0] (output port clocked by clk)
Path Group: clk
Path Type: min

Fanout         Cap        Slew       Delay        Time   Description
---------------------------------------------------------------------------------------------
                                  0.000000    0.000000   clock clk (rise edge)
                                  0.000000    0.000000   clock source latency
     1    0.020577    0.098310    0.067797    0.067797 ^ clk (in)
                                                         clk (net)
                      0.098324    0.000000    0.067797 ^ clkbuf_0_clk/A (sky130_fd_sc_hd__clkbuf_16)
    16    0.089719    0.106122    0.197967    0.265764 ^ clkbuf_0_clk/X (sky130_fd_sc_hd__clkbuf_16)
                                                         clknet_0_clk (net)
                      0.106122    0.000247    0.266011 ^ clkbuf_4_11_0_clk/A (sky130_fd_sc_hd__clkbuf_8)
     6    0.023716    0.056742    0.159572    0.425583 ^ clkbuf_4_11_0_clk/X (sky130_fd_sc_hd__clkbuf_8)
                                                         clknet_4_11_0_clk (net)
                      0.056742    0.000236    0.425819 ^ _2638_/CLK (sky130_fd_sc_hd__dfxtp_2)
     2    0.004997    0.027523    0.313276    0.739095 v _2638_/Q (sky130_fd_sc_hd__dfxtp_2)
                                                         net378 (net)
                      0.027523    0.000039    0.739133 v output378/A (sky130_fd_sc_hd__buf_2)
     1    0.035050    0.091144    0.174342    0.913475 v output378/X (sky130_fd_sc_hd__buf_2)
                                                         b_out[0] (net)
                      0.091144    0.000277    0.913753 v b_out[0] (out)
                                              0.913753   data arrival time

                                  0.000000    0.000000   clock clk (rise edge)
                                  0.000000    0.000000   clock network delay (propagated)
                                  0.200000    0.200000   clock uncertainty
                                  0.000000    0.200000   clock reconvergence pessimism
                                 -0.020000    0.180000   output external delay
                                              0.180000   data required time
---------------------------------------------------------------------------------------------
                                              0.180000   data required time
                                             -0.913753   data arrival time
---------------------------------------------------------------------------------------------
                                              0.733753   slack (MET)


Startpoint: _2646_ (rising edge-triggered flip-flop clocked by clk)
Endpoint: b_out[8] (output port clocked by clk)
Path Group: clk
Path Type: min

Fanout         Cap        Slew       Delay        Time   Description
---------------------------------------------------------------------------------------------
                                  0.000000    0.000000   clock clk (rise edge)
                                  0.000000    0.000000   clock source latency
     1    0.020577    0.098310    0.067797    0.067797 ^ clk (in)
                                                         clk (net)
                      0.098324    0.000000    0.067797 ^ clkbuf_0_clk/A (sky130_fd_sc_hd__clkbuf_16)
    16    0.089719    0.106122    0.197967    0.265764 ^ clkbuf_0_clk/X (sky130_fd_sc_hd__clkbuf_16)
                                                         clknet_0_clk (net)
                      0.106155    0.001818    0.267582 ^ clkbuf_4_0_0_clk/A (sky130_fd_sc_hd__clkbuf_8)
     6    0.016022    0.045232    0.148685    0.416267 ^ clkbuf_4_0_0_clk/X (sky130_fd_sc_hd__clkbuf_8)
                                                         clknet_4_0_0_clk (net)
                      0.045232    0.000137    0.416404 ^ _2646_/CLK (sky130_fd_sc_hd__dfxtp_2)
     2    0.007329    0.032618    0.314999    0.731403 v _2646_/Q (sky130_fd_sc_hd__dfxtp_2)
                                                         net392 (net)
                      0.032618    0.000084    0.731487 v output392/A (sky130_fd_sc_hd__buf_2)
     1    0.038270    0.095467    0.181945    0.913431 v output392/X (sky130_fd_sc_hd__buf_2)
                                                         b_out[8] (net)
                      0.095471    0.000772    0.914204 v b_out[8] (out)
                                              0.914204   data arrival time

                                  0.000000    0.000000   clock clk (rise edge)
                                  0.000000    0.000000   clock network delay (propagated)
                                  0.200000    0.200000   clock uncertainty
                                  0.000000    0.200000   clock reconvergence pessimism
                                 -0.020000    0.180000   output external delay
                                              0.180000   data required time
---------------------------------------------------------------------------------------------
                                              0.180000   data required time
                                             -0.914204   data arrival time
---------------------------------------------------------------------------------------------
                                              0.734204   slack (MET)


Startpoint: _2653_ (rising edge-triggered flip-flop clocked by clk)
Endpoint: b_out[15] (output port clocked by clk)
Path Group: clk
Path Type: min

Fanout         Cap        Slew       Delay        Time   Description
---------------------------------------------------------------------------------------------
                                  0.000000    0.000000   clock clk (rise edge)
                                  0.000000    0.000000   clock source latency
     1    0.020577    0.098310    0.067797    0.067797 ^ clk (in)
                                                         clk (net)
                      0.098324    0.000000    0.067797 ^ clkbuf_0_clk/A (sky130_fd_sc_hd__clkbuf_16)
    16    0.089719    0.106122    0.197967    0.265764 ^ clkbuf_0_clk/X (sky130_fd_sc_hd__clkbuf_16)
                                                         clknet_0_clk (net)
                      0.106158    0.001869    0.267634 ^ clkbuf_4_6_0_clk/A (sky130_fd_sc_hd__clkbuf_8)
     6    0.016276    0.045609    0.149087    0.416721 ^ clkbuf_4_6_0_clk/X (sky130_fd_sc_hd__clkbuf_8)
                                                         clknet_4_6_0_clk (net)
                      0.045609    0.000058    0.416779 ^ _2653_/CLK (sky130_fd_sc_hd__dfxtp_2)
     2    0.007414    0.032800    0.315367    0.732147 v _2653_/Q (sky130_fd_sc_hd__dfxtp_2)
                                                         net384 (net)
                      0.032800    0.000057    0.732203 v output384/A (sky130_fd_sc_hd__buf_2)
     1    0.038853    0.096761    0.182793    0.914996 v output384/X (sky130_fd_sc_hd__buf_2)
                                                         b_out[15] (net)
                      0.096771    0.001060    0.916056 v b_out[15] (out)
                                              0.916056   data arrival time

                                  0.000000    0.000000   clock clk (rise edge)
                                  0.000000    0.000000   clock network delay (propagated)
                                  0.200000    0.200000   clock uncertainty
                                  0.000000    0.200000   clock reconvergence pessimism
                                 -0.020000    0.180000   output external delay
                                              0.180000   data required time
---------------------------------------------------------------------------------------------
                                              0.180000   data required time
                                             -0.916056   data arrival time
---------------------------------------------------------------------------------------------
                                              0.736056   slack (MET)


Startpoint: _2652_ (rising edge-triggered flip-flop clocked by clk)
Endpoint: b_out[14] (output port clocked by clk)
Path Group: clk
Path Type: min

Fanout         Cap        Slew       Delay        Time   Description
---------------------------------------------------------------------------------------------
                                  0.000000    0.000000   clock clk (rise edge)
                                  0.000000    0.000000   clock source latency
     1    0.020577    0.098310    0.067797    0.067797 ^ clk (in)
                                                         clk (net)
                      0.098324    0.000000    0.067797 ^ clkbuf_0_clk/A (sky130_fd_sc_hd__clkbuf_16)
    16    0.089719    0.106122    0.197967    0.265764 ^ clkbuf_0_clk/X (sky130_fd_sc_hd__clkbuf_16)
                                                         clknet_0_clk (net)
                      0.106158    0.001869    0.267634 ^ clkbuf_4_6_0_clk/A (sky130_fd_sc_hd__clkbuf_8)
     6    0.016276    0.045609    0.149087    0.416721 ^ clkbuf_4_6_0_clk/X (sky130_fd_sc_hd__clkbuf_8)
                                                         clknet_4_6_0_clk (net)
                      0.045609    0.000091    0.416812 ^ _2652_/CLK (sky130_fd_sc_hd__dfxtp_2)
     2    0.007708    0.033457    0.316114    0.732926 v _2652_/Q (sky130_fd_sc_hd__dfxtp_2)
                                                         net383 (net)
                      0.033457    0.000082    0.733008 v output383/A (sky130_fd_sc_hd__buf_2)
     1    0.039082    0.097207    0.183570    0.916578 v output383/X (sky130_fd_sc_hd__buf_2)
                                                         b_out[14] (net)
                      0.097214    0.000874    0.917452 v b_out[14] (out)
                                              0.917452   data arrival time

                                  0.000000    0.000000   clock clk (rise edge)
                                  0.000000    0.000000   clock network delay (propagated)
                                  0.200000    0.200000   clock uncertainty
                                  0.000000    0.200000   clock reconvergence pessimism
                                 -0.020000    0.180000   output external delay
                                              0.180000   data required time
---------------------------------------------------------------------------------------------
                                              0.180000   data required time
                                             -0.917452   data arrival time
---------------------------------------------------------------------------------------------
                                              0.737451   slack (MET)


Startpoint: _2650_ (rising edge-triggered flip-flop clocked by clk)
Endpoint: b_out[12] (output port clocked by clk)
Path Group: clk
Path Type: min

Fanout         Cap        Slew       Delay        Time   Description
---------------------------------------------------------------------------------------------
                                  0.000000    0.000000   clock clk (rise edge)
                                  0.000000    0.000000   clock source latency
     1    0.020577    0.098310    0.067797    0.067797 ^ clk (in)
                                                         clk (net)
                      0.098324    0.000000    0.067797 ^ clkbuf_0_clk/A (sky130_fd_sc_hd__clkbuf_16)
    16    0.089719    0.106122    0.197967    0.265764 ^ clkbuf_0_clk/X (sky130_fd_sc_hd__clkbuf_16)
                                                         clknet_0_clk (net)
                      0.106158    0.001869    0.267634 ^ clkbuf_4_6_0_clk/A (sky130_fd_sc_hd__clkbuf_8)
     6    0.016276    0.045609    0.149087    0.416721 ^ clkbuf_4_6_0_clk/X (sky130_fd_sc_hd__clkbuf_8)
                                                         clknet_4_6_0_clk (net)
                      0.045609    0.000150    0.416871 ^ _2650_/CLK (sky130_fd_sc_hd__dfxtp_2)
     2    0.009866    0.038467    0.321618    0.738489 v _2650_/Q (sky130_fd_sc_hd__dfxtp_2)
                                                         net381 (net)
                      0.038467    0.000160    0.738649 v output381/A (sky130_fd_sc_hd__buf_2)
     1    0.040508    0.100253    0.187912    0.926561 v output381/X (sky130_fd_sc_hd__buf_2)
                                                         b_out[12] (net)
                      0.100264    0.001108    0.927669 v b_out[12] (out)
                                              0.927669   data arrival time

                                  0.000000    0.000000   clock clk (rise edge)
                                  0.000000    0.000000   clock network delay (propagated)
                                  0.200000    0.200000   clock uncertainty
                                  0.000000    0.200000   clock reconvergence pessimism
                                 -0.020000    0.180000   output external delay
                                              0.180000   data required time
---------------------------------------------------------------------------------------------
                                              0.180000   data required time
                                             -0.927669   data arrival time
---------------------------------------------------------------------------------------------
                                              0.747669   slack (MET)


Startpoint: _2651_ (rising edge-triggered flip-flop clocked by clk)
Endpoint: b_out[13] (output port clocked by clk)
Path Group: clk
Path Type: min

Fanout         Cap        Slew       Delay        Time   Description
---------------------------------------------------------------------------------------------
                                  0.000000    0.000000   clock clk (rise edge)
                                  0.000000    0.000000   clock source latency
     1    0.020577    0.098310    0.067797    0.067797 ^ clk (in)
                                                         clk (net)
                      0.098324    0.000000    0.067797 ^ clkbuf_0_clk/A (sky130_fd_sc_hd__clkbuf_16)
    16    0.089719    0.106122    0.197967    0.265764 ^ clkbuf_0_clk/X (sky130_fd_sc_hd__clkbuf_16)
                                                         clknet_0_clk (net)
                      0.106162    0.001958    0.267722 ^ clkbuf_4_4_0_clk/A (sky130_fd_sc_hd__clkbuf_8)
     6    0.018692    0.049319    0.152714    0.420436 ^ clkbuf_4_4_0_clk/X (sky130_fd_sc_hd__clkbuf_8)
                                                         clknet_4_4_0_clk (net)
                      0.049319    0.000077    0.420514 ^ _2651_/CLK (sky130_fd_sc_hd__dfxtp_2)
     2    0.009218    0.036943    0.321328    0.741842 v _2651_/Q (sky130_fd_sc_hd__dfxtp_2)
                                                         net382 (net)
                      0.036943    0.000157    0.741999 v output382/A (sky130_fd_sc_hd__buf_2)
     1    0.040291    0.099830    0.186806    0.928804 v output382/X (sky130_fd_sc_hd__buf_2)
                                                         b_out[13] (net)
                      0.099846    0.001258    0.930063 v b_out[13] (out)
                                              0.930063   data arrival time

                                  0.000000    0.000000   clock clk (rise edge)
                                  0.000000    0.000000   clock network delay (propagated)
                                  0.200000    0.200000   clock uncertainty
                                  0.000000    0.200000   clock reconvergence pessimism
                                 -0.020000    0.180000   output external delay
                                              0.180000   data required time
---------------------------------------------------------------------------------------------
                                              0.180000   data required time
                                             -0.930063   data arrival time
---------------------------------------------------------------------------------------------
                                              0.750063   slack (MET)


Startpoint: _2649_ (rising edge-triggered flip-flop clocked by clk)
Endpoint: b_out[11] (output port clocked by clk)
Path Group: clk
Path Type: min

Fanout         Cap        Slew       Delay        Time   Description
---------------------------------------------------------------------------------------------
                                  0.000000    0.000000   clock clk (rise edge)
                                  0.000000    0.000000   clock source latency
     1    0.020577    0.098310    0.067797    0.067797 ^ clk (in)
                                                         clk (net)
                      0.098324    0.000000    0.067797 ^ clkbuf_0_clk/A (sky130_fd_sc_hd__clkbuf_16)
    16    0.089719    0.106122    0.197967    0.265764 ^ clkbuf_0_clk/X (sky130_fd_sc_hd__clkbuf_16)
                                                         clknet_0_clk (net)
                      0.106162    0.001958    0.267722 ^ clkbuf_4_4_0_clk/A (sky130_fd_sc_hd__clkbuf_8)
     6    0.018692    0.049319    0.152714    0.420436 ^ clkbuf_4_4_0_clk/X (sky130_fd_sc_hd__clkbuf_8)
                                                         clknet_4_4_0_clk (net)
                      0.049319    0.000156    0.420592 ^ _2649_/CLK (sky130_fd_sc_hd__dfxtp_2)
     2    0.009360    0.037268    0.321703    0.742296 v _2649_/Q (sky130_fd_sc_hd__dfxtp_2)
                                                         net380 (net)
                      0.037268    0.000133    0.742428 v output380/A (sky130_fd_sc_hd__buf_2)
     1    0.040222    0.099676    0.186852    0.929281 v output380/X (sky130_fd_sc_hd__buf_2)
                                                         b_out[11] (net)
                      0.099691    0.001227    0.930508 v b_out[11] (out)
                                              0.930508   data arrival time

                                  0.000000    0.000000   clock clk (rise edge)
                                  0.000000    0.000000   clock network delay (propagated)
                                  0.200000    0.200000   clock uncertainty
                                  0.000000    0.200000   clock reconvergence pessimism
                                 -0.020000    0.180000   output external delay
                                              0.180000   data required time
---------------------------------------------------------------------------------------------
                                              0.180000   data required time
                                             -0.930508   data arrival time
---------------------------------------------------------------------------------------------
                                              0.750508   slack (MET)


Startpoint: _2648_ (rising edge-triggered flip-flop clocked by clk)
Endpoint: b_out[10] (output port clocked by clk)
Path Group: clk
Path Type: min

Fanout         Cap        Slew       Delay        Time   Description
---------------------------------------------------------------------------------------------
                                  0.000000    0.000000   clock clk (rise edge)
                                  0.000000    0.000000   clock source latency
     1    0.020577    0.098310    0.067797    0.067797 ^ clk (in)
                                                         clk (net)
                      0.098324    0.000000    0.067797 ^ clkbuf_0_clk/A (sky130_fd_sc_hd__clkbuf_16)
    16    0.089719    0.106122    0.197967    0.265764 ^ clkbuf_0_clk/X (sky130_fd_sc_hd__clkbuf_16)
                                                         clknet_0_clk (net)
                      0.106158    0.001869    0.267634 ^ clkbuf_4_6_0_clk/A (sky130_fd_sc_hd__clkbuf_8)
     6    0.016276    0.045609    0.149087    0.416721 ^ clkbuf_4_6_0_clk/X (sky130_fd_sc_hd__clkbuf_8)
                                                         clknet_4_6_0_clk (net)
                      0.045609    0.000162    0.416883 ^ _2648_/CLK (sky130_fd_sc_hd__dfxtp_2)
     2    0.010303    0.039516    0.322735    0.739618 v _2648_/Q (sky130_fd_sc_hd__dfxtp_2)
                                                         net379 (net)
                      0.039516    0.000173    0.739791 v output379/A (sky130_fd_sc_hd__buf_2)
     1    0.041936    0.103357    0.190458    0.930249 v output379/X (sky130_fd_sc_hd__buf_2)
                                                         b_out[10] (net)
                      0.103380    0.001499    0.931749 v b_out[10] (out)
                                              0.931749   data arrival time

                                  0.000000    0.000000   clock clk (rise edge)
                                  0.000000    0.000000   clock network delay (propagated)
                                  0.200000    0.200000   clock uncertainty
                                  0.000000    0.200000   clock reconvergence pessimism
                                 -0.020000    0.180000   output external delay
                                              0.180000   data required time
---------------------------------------------------------------------------------------------
                                              0.180000   data required time
                                             -0.931749   data arrival time
---------------------------------------------------------------------------------------------
                                              0.751748   slack (MET)


Startpoint: _2636_ (rising edge-triggered flip-flop clocked by clk)
Endpoint: a_out[14] (output port clocked by clk)
Path Group: clk
Path Type: min

Fanout         Cap        Slew       Delay        Time   Description
---------------------------------------------------------------------------------------------
                                  0.000000    0.000000   clock clk (rise edge)
                                  0.000000    0.000000   clock source latency
     1    0.020577    0.098310    0.067797    0.067797 ^ clk (in)
                                                         clk (net)
                      0.098324    0.000000    0.067797 ^ clkbuf_0_clk/A (sky130_fd_sc_hd__clkbuf_16)
    16    0.089719    0.106122    0.197967    0.265764 ^ clkbuf_0_clk/X (sky130_fd_sc_hd__clkbuf_16)
                                                         clknet_0_clk (net)
                      0.106162    0.001958    0.267722 ^ clkbuf_4_4_0_clk/A (sky130_fd_sc_hd__clkbuf_8)
     6    0.018692    0.049319    0.152714    0.420436 ^ clkbuf_4_4_0_clk/X (sky130_fd_sc_hd__clkbuf_8)
                                                         clknet_4_4_0_clk (net)
                      0.049319    0.000141    0.420578 ^ _2636_/CLK (sky130_fd_sc_hd__dfxtp_2)
     4    0.011713    0.042125    0.327740    0.748318 v _2636_/Q (sky130_fd_sc_hd__dfxtp_2)
                                                         net351 (net)
                      0.042125    0.000109    0.748426 v output351/A (sky130_fd_sc_hd__buf_2)
     1    0.038086    0.095037    0.185682    0.934108 v output351/X (sky130_fd_sc_hd__buf_2)
                                                         a_out[14] (net)
                      0.095044    0.000855    0.934963 v a_out[14] (out)
                                              0.934963   data arrival time

                                  0.000000    0.000000   clock clk (rise edge)
                                  0.000000    0.000000   clock network delay (propagated)
                                  0.200000    0.200000   clock uncertainty
                                  0.000000    0.200000   clock reconvergence pessimism
                                 -0.020000    0.180000   output external delay
                                              0.180000   data required time
---------------------------------------------------------------------------------------------
                                              0.180000   data required time
                                             -0.934963   data arrival time
---------------------------------------------------------------------------------------------
                                              0.754963   slack (MET)


Startpoint: _2634_ (rising edge-triggered flip-flop clocked by clk)
Endpoint: a_out[12] (output port clocked by clk)
Path Group: clk
Path Type: min

Fanout         Cap        Slew       Delay        Time   Description
---------------------------------------------------------------------------------------------
                                  0.000000    0.000000   clock clk (rise edge)
                                  0.000000    0.000000   clock source latency
     1    0.020577    0.098310    0.067797    0.067797 ^ clk (in)
                                                         clk (net)
                      0.098324    0.000000    0.067797 ^ clkbuf_0_clk/A (sky130_fd_sc_hd__clkbuf_16)
    16    0.089719    0.106122    0.197967    0.265764 ^ clkbuf_0_clk/X (sky130_fd_sc_hd__clkbuf_16)
                                                         clknet_0_clk (net)
                      0.106164    0.002007    0.267772 ^ clkbuf_4_5_0_clk/A (sky130_fd_sc_hd__clkbuf_8)
     6    0.015837    0.044942    0.148448    0.416220 ^ clkbuf_4_5_0_clk/X (sky130_fd_sc_hd__clkbuf_8)
                                                         clknet_4_5_0_clk (net)
                      0.044942    0.000061    0.416280 ^ _2634_/CLK (sky130_fd_sc_hd__dfxtp_2)
     6    0.019798    0.058259    0.341713    0.757993 v _2634_/Q (sky130_fd_sc_hd__dfxtp_2)
                                                         net349 (net)
                      0.058259    0.000010    0.758003 v output349/A (sky130_fd_sc_hd__buf_2)
     1    0.035151    0.091204    0.187854    0.945856 v output349/X (sky130_fd_sc_hd__buf_2)
                                                         a_out[12] (net)
                      0.091205    0.000327    0.946184 v a_out[12] (out)
                                              0.946184   data arrival time

                                  0.000000    0.000000   clock clk (rise edge)
                                  0.000000    0.000000   clock network delay (propagated)
                                  0.200000    0.200000   clock uncertainty
                                  0.000000    0.200000   clock reconvergence pessimism
                                 -0.020000    0.180000   output external delay
                                              0.180000   data required time
---------------------------------------------------------------------------------------------
                                              0.180000   data required time
                                             -0.946184   data arrival time
---------------------------------------------------------------------------------------------
                                              0.766184   slack (MET)


Startpoint: _2626_ (rising edge-triggered flip-flop clocked by clk)
Endpoint: a_out[4] (output port clocked by clk)
Path Group: clk
Path Type: min

Fanout         Cap        Slew       Delay        Time   Description
---------------------------------------------------------------------------------------------
                                  0.000000    0.000000   clock clk (rise edge)
                                  0.000000    0.000000   clock source latency
     1    0.020577    0.098310    0.067797    0.067797 ^ clk (in)
                                                         clk (net)
                      0.098324    0.000000    0.067797 ^ clkbuf_0_clk/A (sky130_fd_sc_hd__clkbuf_16)
    16    0.089719    0.106122    0.197967    0.265764 ^ clkbuf_0_clk/X (sky130_fd_sc_hd__clkbuf_16)
                                                         clknet_0_clk (net)
                      0.106142    0.001480    0.267244 ^ clkbuf_4_2_0_clk/A (sky130_fd_sc_hd__clkbuf_8)
     6    0.016579    0.046067    0.149538    0.416782 ^ clkbuf_4_2_0_clk/X (sky130_fd_sc_hd__clkbuf_8)
                                                         clknet_4_2_0_clk (net)
                      0.046067    0.000102    0.416884 ^ _2626_/CLK (sky130_fd_sc_hd__dfxtp_2)
     7    0.022082    0.063124    0.346378    0.763262 v _2626_/Q (sky130_fd_sc_hd__dfxtp_2)
                                                         net169 (net)
                      0.063128    0.000535    0.763797 v output356/A (sky130_fd_sc_hd__buf_2)
     1    0.034449    0.089632    0.188876    0.952674 v output356/X (sky130_fd_sc_hd__buf_2)
                                                         net356 (net)
                      0.089632    0.000176    0.952850 v a_out[4] (out)
                                              0.952850   data arrival time

                                  0.000000    0.000000   clock clk (rise edge)
                                  0.000000    0.000000   clock network delay (propagated)
                                  0.200000    0.200000   clock uncertainty
                                  0.000000    0.200000   clock reconvergence pessimism
                                 -0.020000    0.180000   output external delay
                                              0.180000   data required time
---------------------------------------------------------------------------------------------
                                              0.180000   data required time
                                             -0.952850   data arrival time
---------------------------------------------------------------------------------------------
                                              0.772850   slack (MET)


Startpoint: _2627_ (rising edge-triggered flip-flop clocked by clk)
Endpoint: a_out[5] (output port clocked by clk)
Path Group: clk
Path Type: min

Fanout         Cap        Slew       Delay        Time   Description
---------------------------------------------------------------------------------------------
                                  0.000000    0.000000   clock clk (rise edge)
                                  0.000000    0.000000   clock source latency
     1    0.020577    0.098310    0.067797    0.067797 ^ clk (in)
                                                         clk (net)
                      0.098324    0.000000    0.067797 ^ clkbuf_0_clk/A (sky130_fd_sc_hd__clkbuf_16)
    16    0.089719    0.106122    0.197967    0.265764 ^ clkbuf_0_clk/X (sky130_fd_sc_hd__clkbuf_16)
                                                         clknet_0_clk (net)
                      0.106139    0.001391    0.267155 ^ clkbuf_4_3_0_clk/A (sky130_fd_sc_hd__clkbuf_8)
     6    0.013972    0.042168    0.145646    0.412801 ^ clkbuf_4_3_0_clk/X (sky130_fd_sc_hd__clkbuf_8)
                                                         clknet_4_3_0_clk (net)
                      0.042168    0.000041    0.412842 ^ _2627_/CLK (sky130_fd_sc_hd__dfxtp_2)
     7    0.024852    0.069091    0.350063    0.762905 v _2627_/Q (sky130_fd_sc_hd__dfxtp_2)
                                                         net357 (net)
                      0.069099    0.000774    0.763679 v output357/A (sky130_fd_sc_hd__buf_2)
     1    0.034570    0.089912    0.191797    0.955477 v output357/X (sky130_fd_sc_hd__buf_2)
                                                         a_out[5] (net)
                      0.089912    0.000205    0.955681 v a_out[5] (out)
                                              0.955681   data arrival time

                                  0.000000    0.000000   clock clk (rise edge)
                                  0.000000    0.000000   clock network delay (propagated)
                                  0.200000    0.200000   clock uncertainty
                                  0.000000    0.200000   clock reconvergence pessimism
                                 -0.020000    0.180000   output external delay
                                              0.180000   data required time
---------------------------------------------------------------------------------------------
                                              0.180000   data required time
                                             -0.955681   data arrival time
---------------------------------------------------------------------------------------------
                                              0.775681   slack (MET)


Startpoint: _2693_ (rising edge-triggered flip-flop clocked by clk)
Endpoint: acc_out[5] (output port clocked by clk)
Path Group: clk
Path Type: min

Fanout         Cap        Slew       Delay        Time   Description
---------------------------------------------------------------------------------------------
                                  0.000000    0.000000   clock clk (rise edge)
                                  0.000000    0.000000   clock source latency
     1    0.020577    0.098310    0.067797    0.067797 ^ clk (in)
                                                         clk (net)
                      0.098324    0.000000    0.067797 ^ clkbuf_0_clk/A (sky130_fd_sc_hd__clkbuf_16)
    16    0.089719    0.106122    0.197967    0.265764 ^ clkbuf_0_clk/X (sky130_fd_sc_hd__clkbuf_16)
                                                         clknet_0_clk (net)
                      0.106132    0.001166    0.266930 ^ clkbuf_4_12_0_clk/A (sky130_fd_sc_hd__clkbuf_8)
     6    0.016961    0.046640    0.150136    0.417066 ^ clkbuf_4_12_0_clk/X (sky130_fd_sc_hd__clkbuf_8)
                                                         clknet_4_12_0_clk (net)
                      0.046640    0.000041    0.417107 ^ _2693_/CLK (sky130_fd_sc_hd__dfxtp_2)
     5    0.019466    0.105705    0.365888    0.782994 ^ _2693_/Q (sky130_fd_sc_hd__dfxtp_2)
                                                         r4_acc[5] (net)
                      0.105705    0.000100    0.783094 ^ _1317_/A (sky130_fd_sc_hd__xnor2_2)
     1    0.001912    0.027667    0.069317    0.852411 v _1317_/Y (sky130_fd_sc_hd__xnor2_2)
                                                         net373 (net)
                      0.027667    0.000003    0.852414 v output373/A (sky130_fd_sc_hd__buf_2)
     1    0.034132    0.089088    0.172828    1.025243 v output373/X (sky130_fd_sc_hd__buf_2)
                                                         acc_out[5] (net)
                      0.089088    0.000100    1.025342 v acc_out[5] (out)
                                              1.025342   data arrival time

                                  0.000000    0.000000   clock clk (rise edge)
                                  0.000000    0.000000   clock network delay (propagated)
                                  0.200000    0.200000   clock uncertainty
                                  0.000000    0.200000   clock reconvergence pessimism
                                 -0.020000    0.180000   output external delay
                                              0.180000   data required time
---------------------------------------------------------------------------------------------
                                              0.180000   data required time
                                             -1.025342   data arrival time
---------------------------------------------------------------------------------------------
                                              0.845342   slack (MET)


Startpoint: _2637_ (rising edge-triggered flip-flop clocked by clk)
Endpoint: a_out[15] (output port clocked by clk)
Path Group: clk
Path Type: min

Fanout         Cap        Slew       Delay        Time   Description
---------------------------------------------------------------------------------------------
                                  0.000000    0.000000   clock clk (rise edge)
                                  0.000000    0.000000   clock source latency
     1    0.020577    0.098310    0.067797    0.067797 ^ clk (in)
                                                         clk (net)
                      0.098324    0.000000    0.067797 ^ clkbuf_0_clk/A (sky130_fd_sc_hd__clkbuf_16)
    16    0.089719    0.106122    0.197967    0.265764 ^ clkbuf_0_clk/X (sky130_fd_sc_hd__clkbuf_16)
                                                         clknet_0_clk (net)
                      0.106164    0.002007    0.267772 ^ clkbuf_4_5_0_clk/A (sky130_fd_sc_hd__clkbuf_8)
     6    0.015837    0.044942    0.148448    0.416220 ^ clkbuf_4_5_0_clk/X (sky130_fd_sc_hd__clkbuf_8)
                                                         clknet_4_5_0_clk (net)
                      0.044942    0.000059    0.416279 ^ _2637_/CLK (sky130_fd_sc_hd__dfxtp_2)
     4    0.016542    0.051380    0.335620    0.751899 v _2637_/Q (sky130_fd_sc_hd__dfxtp_2)
                                                         s1_sign_a (net)
                      0.051380    0.000016    0.751916 v _2706_/A (sky130_fd_sc_hd__buf_2)
     1    0.001731    0.021265    0.112429    0.864344 v _2706_/X (sky130_fd_sc_hd__buf_2)
                                                         net352 (net)
                      0.021265    0.000000    0.864345 v output352/A (sky130_fd_sc_hd__buf_2)
     1    0.034566    0.090105    0.170816    1.035161 v output352/X (sky130_fd_sc_hd__buf_2)
                                                         a_out[15] (net)
                      0.090105    0.000242    1.035403 v a_out[15] (out)
                                              1.035403   data arrival time

                                  0.000000    0.000000   clock clk (rise edge)
                                  0.000000    0.000000   clock network delay (propagated)
                                  0.200000    0.200000   clock uncertainty
                                  0.000000    0.200000   clock reconvergence pessimism
                                 -0.020000    0.180000   output external delay
                                              0.180000   data required time
---------------------------------------------------------------------------------------------
                                              0.180000   data required time
                                             -1.035403   data arrival time
---------------------------------------------------------------------------------------------
                                              0.855403   slack (MET)


Startpoint: _2702_ (rising edge-triggered flip-flop clocked by clk)
Endpoint: acc_out[14] (output port clocked by clk)
Path Group: clk
Path Type: min

Fanout         Cap        Slew       Delay        Time   Description
---------------------------------------------------------------------------------------------
                                  0.000000    0.000000   clock clk (rise edge)
                                  0.000000    0.000000   clock source latency
     1    0.020577    0.098310    0.067797    0.067797 ^ clk (in)
                                                         clk (net)
                      0.098324    0.000000    0.067797 ^ clkbuf_0_clk/A (sky130_fd_sc_hd__clkbuf_16)
    16    0.089719    0.106122    0.197967    0.265764 ^ clkbuf_0_clk/X (sky130_fd_sc_hd__clkbuf_16)
                                                         clknet_0_clk (net)
                      0.106130    0.001077    0.266842 ^ clkbuf_4_13_0_clk/A (sky130_fd_sc_hd__clkbuf_8)
     6    0.018836    0.049589    0.152802    0.419644 ^ clkbuf_4_13_0_clk/X (sky130_fd_sc_hd__clkbuf_8)
                                                         clknet_4_13_0_clk (net)
                      0.049592    0.000464    0.420107 ^ _2702_/CLK (sky130_fd_sc_hd__dfxtp_2)
     4    0.020733    0.111755    0.371372    0.791480 ^ _2702_/Q (sky130_fd_sc_hd__dfxtp_2)
                                                         r4_acc[14] (net)
                      0.111755    0.000077    0.791556 ^ _1335_/A (sky130_fd_sc_hd__xor2_2)
     1    0.002169    0.028140    0.071727    0.863283 v _1335_/X (sky130_fd_sc_hd__xor2_2)
                                                         net367 (net)
                      0.028140    0.000006    0.863289 v output367/A (sky130_fd_sc_hd__buf_2)
     1    0.034853    0.090686    0.174287    1.037576 v output367/X (sky130_fd_sc_hd__buf_2)
                                                         acc_out[14] (net)
                      0.090686    0.000217    1.037793 v acc_out[14] (out)
                                              1.037793   data arrival time

                                  0.000000    0.000000   clock clk (rise edge)
                                  0.000000    0.000000   clock network delay (propagated)
                                  0.200000    0.200000   clock uncertainty
                                  0.000000    0.200000   clock reconvergence pessimism
                                 -0.020000    0.180000   output external delay
                                              0.180000   data required time
---------------------------------------------------------------------------------------------
                                              0.180000   data required time
                                             -1.037793   data arrival time
---------------------------------------------------------------------------------------------
                                              0.857793   slack (MET)


Startpoint: _2697_ (rising edge-triggered flip-flop clocked by clk)
Endpoint: acc_out[9] (output port clocked by clk)
Path Group: clk
Path Type: min

Fanout         Cap        Slew       Delay        Time   Description
---------------------------------------------------------------------------------------------
                                  0.000000    0.000000   clock clk (rise edge)
                                  0.000000    0.000000   clock source latency
     1    0.020577    0.098310    0.067797    0.067797 ^ clk (in)
                                                         clk (net)
                      0.098324    0.000000    0.067797 ^ clkbuf_0_clk/A (sky130_fd_sc_hd__clkbuf_16)
    16    0.089719    0.106122    0.197967    0.265764 ^ clkbuf_0_clk/X (sky130_fd_sc_hd__clkbuf_16)
                                                         clknet_0_clk (net)
                      0.106132    0.001166    0.266930 ^ clkbuf_4_12_0_clk/A (sky130_fd_sc_hd__clkbuf_8)
     6    0.016961    0.046640    0.150136    0.417066 ^ clkbuf_4_12_0_clk/X (sky130_fd_sc_hd__clkbuf_8)
                                                         clknet_4_12_0_clk (net)
                      0.046640    0.000060    0.417126 ^ _2697_/CLK (sky130_fd_sc_hd__dfxtp_2)
     5    0.022155    0.118596    0.375212    0.792339 ^ _2697_/Q (sky130_fd_sc_hd__dfxtp_2)
                                                         r4_acc[9] (net)
                      0.118596    0.000078    0.792417 ^ _1325_/A (sky130_fd_sc_hd__xor2_2)
     1    0.002293    0.028504    0.074045    0.866462 v _1325_/X (sky130_fd_sc_hd__xor2_2)
                                                         net377 (net)
                      0.028504    0.000008    0.866471 v output377/A (sky130_fd_sc_hd__buf_2)
     1    0.034482    0.089870    0.173777    1.040248 v output377/X (sky130_fd_sc_hd__buf_2)
                                                         acc_out[9] (net)
                      0.089870    0.000181    1.040429 v acc_out[9] (out)
                                              1.040429   data arrival time

                                  0.000000    0.000000   clock clk (rise edge)
                                  0.000000    0.000000   clock network delay (propagated)
                                  0.200000    0.200000   clock uncertainty
                                  0.000000    0.200000   clock reconvergence pessimism
                                 -0.020000    0.180000   output external delay
                                              0.180000   data required time
---------------------------------------------------------------------------------------------
                                              0.180000   data required time
                                             -1.040429   data arrival time
---------------------------------------------------------------------------------------------
                                              0.860429   slack (MET)


Startpoint: _2690_ (rising edge-triggered flip-flop clocked by clk)
Endpoint: acc_out[2] (output port clocked by clk)
Path Group: clk
Path Type: min

Fanout         Cap        Slew       Delay        Time   Description
---------------------------------------------------------------------------------------------
                                  0.000000    0.000000   clock clk (rise edge)
                                  0.000000    0.000000   clock source latency
     1    0.020577    0.098310    0.067797    0.067797 ^ clk (in)
                                                         clk (net)
                      0.098324    0.000000    0.067797 ^ clkbuf_0_clk/A (sky130_fd_sc_hd__clkbuf_16)
    16    0.089719    0.106122    0.197967    0.265764 ^ clkbuf_0_clk/X (sky130_fd_sc_hd__clkbuf_16)
                                                         clknet_0_clk (net)
                      0.106136    0.001288    0.267052 ^ clkbuf_4_15_0_clk/A (sky130_fd_sc_hd__clkbuf_8)
     6    0.017276    0.047130    0.150588    0.417640 ^ clkbuf_4_15_0_clk/X (sky130_fd_sc_hd__clkbuf_8)
                                                         clknet_4_15_0_clk (net)
                      0.047130    0.000117    0.417757 ^ _2690_/CLK (sky130_fd_sc_hd__dfxtp_2)
     6    0.022444    0.119985    0.376377    0.794134 ^ _2690_/Q (sky130_fd_sc_hd__dfxtp_2)
                                                         r4_acc[2] (net)
                      0.119985    0.000143    0.794277 ^ _1310_/A (sky130_fd_sc_hd__xnor2_2)
     1    0.001866    0.027567    0.072334    0.866611 v _1310_/Y (sky130_fd_sc_hd__xnor2_2)
                                                         net370 (net)
                      0.027567    0.000003    0.866614 v output370/A (sky130_fd_sc_hd__buf_2)
     1    0.034615    0.090201    0.173558    1.040172 v output370/X (sky130_fd_sc_hd__buf_2)
                                                         acc_out[2] (net)
                      0.090201    0.000261    1.040433 v acc_out[2] (out)
                                              1.040433   data arrival time

                                  0.000000    0.000000   clock clk (rise edge)
                                  0.000000    0.000000   clock network delay (propagated)
                                  0.200000    0.200000   clock uncertainty
                                  0.000000    0.200000   clock reconvergence pessimism
                                 -0.020000    0.180000   output external delay
                                              0.180000   data required time
---------------------------------------------------------------------------------------------
                                              0.180000   data required time
                                             -1.040433   data arrival time
---------------------------------------------------------------------------------------------
                                              0.860433   slack (MET)


Startpoint: _2695_ (rising edge-triggered flip-flop clocked by clk)
Endpoint: acc_out[7] (output port clocked by clk)
Path Group: clk
Path Type: min

Fanout         Cap        Slew       Delay        Time   Description
---------------------------------------------------------------------------------------------
                                  0.000000    0.000000   clock clk (rise edge)
                                  0.000000    0.000000   clock source latency
     1    0.020577    0.098310    0.067797    0.067797 ^ clk (in)
                                                         clk (net)
                      0.098324    0.000000    0.067797 ^ clkbuf_0_clk/A (sky130_fd_sc_hd__clkbuf_16)
    16    0.089719    0.106122    0.197967    0.265764 ^ clkbuf_0_clk/X (sky130_fd_sc_hd__clkbuf_16)
                                                         clknet_0_clk (net)
                      0.106125    0.000806    0.266571 ^ clkbuf_4_8_0_clk/A (sky130_fd_sc_hd__clkbuf_8)
     6    0.019064    0.049887    0.153281    0.419852 ^ clkbuf_4_8_0_clk/X (sky130_fd_sc_hd__clkbuf_8)
                                                         clknet_4_8_0_clk (net)
                      0.049887    0.000062    0.419914 ^ _2695_/CLK (sky130_fd_sc_hd__dfxtp_2)
     5    0.022779    0.121569    0.378548    0.798462 ^ _2695_/Q (sky130_fd_sc_hd__dfxtp_2)
                                                         r4_acc[7] (net)
                      0.121569    0.000088    0.798549 ^ _1321_/A (sky130_fd_sc_hd__xor2_2)
     1    0.001875    0.027732    0.073154    0.871704 v _1321_/X (sky130_fd_sc_hd__xor2_2)
                                                         net375 (net)
                      0.027732    0.000002    0.871706 v output375/A (sky130_fd_sc_hd__buf_2)
     1    0.034482    0.089876    0.173444    1.045151 v output375/X (sky130_fd_sc_hd__buf_2)
                                                         acc_out[7] (net)
                      0.089876    0.000181    1.045332 v acc_out[7] (out)
                                              1.045332   data arrival time

                                  0.000000    0.000000   clock clk (rise edge)
                                  0.000000    0.000000   clock network delay (propagated)
                                  0.200000    0.200000   clock uncertainty
                                  0.000000    0.200000   clock reconvergence pessimism
                                 -0.020000    0.180000   output external delay
                                              0.180000   data required time
---------------------------------------------------------------------------------------------
                                              0.180000   data required time
                                             -1.045332   data arrival time
---------------------------------------------------------------------------------------------
                                              0.865332   slack (MET)


Startpoint: _2699_ (rising edge-triggered flip-flop clocked by clk)
Endpoint: acc_out[11] (output port clocked by clk)
Path Group: clk
Path Type: min

Fanout         Cap        Slew       Delay        Time   Description
---------------------------------------------------------------------------------------------
                                  0.000000    0.000000   clock clk (rise edge)
                                  0.000000    0.000000   clock source latency
     1    0.020577    0.098310    0.067797    0.067797 ^ clk (in)
                                                         clk (net)
                      0.098324    0.000000    0.067797 ^ clkbuf_0_clk/A (sky130_fd_sc_hd__clkbuf_16)
    16    0.089719    0.106122    0.197967    0.265764 ^ clkbuf_0_clk/X (sky130_fd_sc_hd__clkbuf_16)
                                                         clknet_0_clk (net)
                      0.106130    0.001077    0.266842 ^ clkbuf_4_13_0_clk/A (sky130_fd_sc_hd__clkbuf_8)
     6    0.018836    0.049589    0.152802    0.419644 ^ clkbuf_4_13_0_clk/X (sky130_fd_sc_hd__clkbuf_8)
                                                         clknet_4_13_0_clk (net)
                      0.049591    0.000370    0.420013 ^ _2699_/CLK (sky130_fd_sc_hd__dfxtp_2)
     5    0.022477    0.120115    0.377407    0.797421 ^ _2699_/Q (sky130_fd_sc_hd__dfxtp_2)
                                                         r4_acc[11] (net)
                      0.120115    0.000061    0.797481 ^ _1329_/A (sky130_fd_sc_hd__xnor2_2)
     1    0.002330    0.029049    0.074269    0.871750 v _1329_/Y (sky130_fd_sc_hd__xnor2_2)
                                                         net364 (net)
                      0.029049    0.000009    0.871759 v output364/A (sky130_fd_sc_hd__buf_2)
     1    0.034655    0.090259    0.174304    1.046063 v output364/X (sky130_fd_sc_hd__buf_2)
                                                         acc_out[11] (net)
                      0.090259    0.000222    1.046285 v acc_out[11] (out)
                                              1.046285   data arrival time

                                  0.000000    0.000000   clock clk (rise edge)
                                  0.000000    0.000000   clock network delay (propagated)
                                  0.200000    0.200000   clock uncertainty
                                  0.000000    0.200000   clock reconvergence pessimism
                                 -0.020000    0.180000   output external delay
                                              0.180000   data required time
---------------------------------------------------------------------------------------------
                                              0.180000   data required time
                                             -1.046285   data arrival time
---------------------------------------------------------------------------------------------
                                              0.866285   slack (MET)


Startpoint: _2696_ (rising edge-triggered flip-flop clocked by clk)
Endpoint: acc_out[8] (output port clocked by clk)
Path Group: clk
Path Type: min

Fanout         Cap        Slew       Delay        Time   Description
---------------------------------------------------------------------------------------------
                                  0.000000    0.000000   clock clk (rise edge)
                                  0.000000    0.000000   clock source latency
     1    0.020577    0.098310    0.067797    0.067797 ^ clk (in)
                                                         clk (net)
                      0.098324    0.000000    0.067797 ^ clkbuf_0_clk/A (sky130_fd_sc_hd__clkbuf_16)
    16    0.089719    0.106122    0.197967    0.265764 ^ clkbuf_0_clk/X (sky130_fd_sc_hd__clkbuf_16)
                                                         clknet_0_clk (net)
                      0.106125    0.000806    0.266571 ^ clkbuf_4_8_0_clk/A (sky130_fd_sc_hd__clkbuf_8)
     6    0.019064    0.049887    0.153281    0.419852 ^ clkbuf_4_8_0_clk/X (sky130_fd_sc_hd__clkbuf_8)
                                                         clknet_4_8_0_clk (net)
                      0.049887    0.000040    0.419892 ^ _2696_/CLK (sky130_fd_sc_hd__dfxtp_2)
     5    0.022705    0.123672    0.378354    0.798246 ^ _2696_/Q (sky130_fd_sc_hd__dfxtp_2)
                                                         r4_acc[8] (net)
                      0.123672    0.000050    0.798296 ^ _1323_/A (sky130_fd_sc_hd__xor2_2)
     1    0.002293    0.028508    0.075280    0.873576 v _1323_/X (sky130_fd_sc_hd__xor2_2)
                                                         net376 (net)
                      0.028508    0.000008    0.873584 v output376/A (sky130_fd_sc_hd__buf_2)
     1    0.034377    0.089635    0.173603    1.047187 v output376/X (sky130_fd_sc_hd__buf_2)
                                                         acc_out[8] (net)
                      0.089635    0.000157    1.047343 v acc_out[8] (out)
                                              1.047343   data arrival time

                                  0.000000    0.000000   clock clk (rise edge)
                                  0.000000    0.000000   clock network delay (propagated)
                                  0.200000    0.200000   clock uncertainty
                                  0.000000    0.200000   clock reconvergence pessimism
                                 -0.020000    0.180000   output external delay
                                              0.180000   data required time
---------------------------------------------------------------------------------------------
                                              0.180000   data required time
                                             -1.047343   data arrival time
---------------------------------------------------------------------------------------------
                                              0.867343   slack (MET)


Startpoint: _2691_ (rising edge-triggered flip-flop clocked by clk)
Endpoint: acc_out[3] (output port clocked by clk)
Path Group: clk
Path Type: min

Fanout         Cap        Slew       Delay        Time   Description
---------------------------------------------------------------------------------------------
                                  0.000000    0.000000   clock clk (rise edge)
                                  0.000000    0.000000   clock source latency
     1    0.020577    0.098310    0.067797    0.067797 ^ clk (in)
                                                         clk (net)
                      0.098324    0.000000    0.067797 ^ clkbuf_0_clk/A (sky130_fd_sc_hd__clkbuf_16)
    16    0.089719    0.106122    0.197967    0.265764 ^ clkbuf_0_clk/X (sky130_fd_sc_hd__clkbuf_16)
                                                         clknet_0_clk (net)
                      0.106136    0.001288    0.267052 ^ clkbuf_4_15_0_clk/A (sky130_fd_sc_hd__clkbuf_8)
     6    0.017276    0.047130    0.150588    0.417640 ^ clkbuf_4_15_0_clk/X (sky130_fd_sc_hd__clkbuf_8)
                                                         clknet_4_15_0_clk (net)
                      0.047130    0.000095    0.417735 ^ _2691_/CLK (sky130_fd_sc_hd__dfxtp_2)
     5    0.024253    0.128676    0.382622    0.800357 ^ _2691_/Q (sky130_fd_sc_hd__dfxtp_2)
                                                         r4_acc[3] (net)
                      0.128676    0.000243    0.800600 ^ _1312_/A (sky130_fd_sc_hd__xor2_2)
     1    0.002035    0.028234    0.075047    0.875647 v _1312_/X (sky130_fd_sc_hd__xor2_2)
                                                         net371 (net)
                      0.028234    0.000003    0.875650 v output371/A (sky130_fd_sc_hd__buf_2)
     1    0.034931    0.090898    0.174402    1.050053 v output371/X (sky130_fd_sc_hd__buf_2)
                                                         acc_out[3] (net)
                      0.090898    0.000307    1.050359 v acc_out[3] (out)
                                              1.050359   data arrival time

                                  0.000000    0.000000   clock clk (rise edge)
                                  0.000000    0.000000   clock network delay (propagated)
                                  0.200000    0.200000   clock uncertainty
                                  0.000000    0.200000   clock reconvergence pessimism
                                 -0.020000    0.180000   output external delay
                                              0.180000   data required time
---------------------------------------------------------------------------------------------
                                              0.180000   data required time
                                             -1.050359   data arrival time
---------------------------------------------------------------------------------------------
                                              0.870359   slack (MET)


Startpoint: _2701_ (rising edge-triggered flip-flop clocked by clk)
Endpoint: acc_out[13] (output port clocked by clk)
Path Group: clk
Path Type: min

Fanout         Cap        Slew       Delay        Time   Description
---------------------------------------------------------------------------------------------
                                  0.000000    0.000000   clock clk (rise edge)
                                  0.000000    0.000000   clock source latency
     1    0.020577    0.098310    0.067797    0.067797 ^ clk (in)
                                                         clk (net)
                      0.098324    0.000000    0.067797 ^ clkbuf_0_clk/A (sky130_fd_sc_hd__clkbuf_16)
    16    0.089719    0.106122    0.197967    0.265764 ^ clkbuf_0_clk/X (sky130_fd_sc_hd__clkbuf_16)
                                                         clknet_0_clk (net)
                      0.106130    0.001077    0.266842 ^ clkbuf_4_13_0_clk/A (sky130_fd_sc_hd__clkbuf_8)
     6    0.018836    0.049589    0.152802    0.419644 ^ clkbuf_4_13_0_clk/X (sky130_fd_sc_hd__clkbuf_8)
                                                         clknet_4_13_0_clk (net)
                      0.049592    0.000458    0.420101 ^ _2701_/CLK (sky130_fd_sc_hd__dfxtp_2)
     5    0.025522    0.134734    0.387948    0.808050 ^ _2701_/Q (sky130_fd_sc_hd__dfxtp_2)
                                                         r4_acc[13] (net)
                      0.134734    0.000103    0.808153 ^ _1333_/A (sky130_fd_sc_hd__xnor2_2)
     1    0.001919    0.027864    0.074892    0.883044 v _1333_/Y (sky130_fd_sc_hd__xnor2_2)
                                                         net366 (net)
                      0.027864    0.000003    0.883047 v output366/A (sky130_fd_sc_hd__buf_2)
     1    0.034796    0.090562    0.174070    1.057117 v output366/X (sky130_fd_sc_hd__buf_2)
                                                         acc_out[13] (net)
                      0.090562    0.000207    1.057324 v acc_out[13] (out)
                                              1.057324   data arrival time

                                  0.000000    0.000000   clock clk (rise edge)
                                  0.000000    0.000000   clock network delay (propagated)
                                  0.200000    0.200000   clock uncertainty
                                  0.000000    0.200000   clock reconvergence pessimism
                                 -0.020000    0.180000   output external delay
                                              0.180000   data required time
---------------------------------------------------------------------------------------------
                                              0.180000   data required time
                                             -1.057324   data arrival time
---------------------------------------------------------------------------------------------
                                              0.877324   slack (MET)


Startpoint: _2694_ (rising edge-triggered flip-flop clocked by clk)
Endpoint: acc_out[6] (output port clocked by clk)
Path Group: clk
Path Type: min

Fanout         Cap        Slew       Delay        Time   Description
---------------------------------------------------------------------------------------------
                                  0.000000    0.000000   clock clk (rise edge)
                                  0.000000    0.000000   clock source latency
     1    0.020577    0.098310    0.067797    0.067797 ^ clk (in)
                                                         clk (net)
                      0.098324    0.000000    0.067797 ^ clkbuf_0_clk/A (sky130_fd_sc_hd__clkbuf_16)
    16    0.089719    0.106122    0.197967    0.265764 ^ clkbuf_0_clk/X (sky130_fd_sc_hd__clkbuf_16)
                                                         clknet_0_clk (net)
                      0.106132    0.001166    0.266930 ^ clkbuf_4_12_0_clk/A (sky130_fd_sc_hd__clkbuf_8)
     6    0.016961    0.046640    0.150136    0.417066 ^ clkbuf_4_12_0_clk/X (sky130_fd_sc_hd__clkbuf_8)
                                                         clknet_4_12_0_clk (net)
                      0.046640    0.000011    0.417077 ^ _2694_/CLK (sky130_fd_sc_hd__dfxtp_2)
     5    0.028643    0.149761    0.397711    0.814789 ^ _2694_/Q (sky130_fd_sc_hd__dfxtp_2)
                                                         r4_acc[6] (net)
                      0.149761    0.000084    0.814873 ^ _1319_/A (sky130_fd_sc_hd__xor2_2)
     1    0.002359    0.028728    0.079871    0.894744 v _1319_/X (sky130_fd_sc_hd__xor2_2)
                                                         net374 (net)
                      0.028728    0.000009    0.894753 v output374/A (sky130_fd_sc_hd__buf_2)
     1    0.034446    0.089789    0.173814    1.068567 v output374/X (sky130_fd_sc_hd__buf_2)
                                                         acc_out[6] (net)
                      0.089789    0.000173    1.068740 v acc_out[6] (out)
                                              1.068740   data arrival time

                                  0.000000    0.000000   clock clk (rise edge)
                                  0.000000    0.000000   clock network delay (propagated)
                                  0.200000    0.200000   clock uncertainty
                                  0.000000    0.200000   clock reconvergence pessimism
                                 -0.020000    0.180000   output external delay
                                              0.180000   data required time
---------------------------------------------------------------------------------------------
                                              0.180000   data required time
                                             -1.068740   data arrival time
---------------------------------------------------------------------------------------------
                                              0.888740   slack (MET)


Startpoint: _2698_ (rising edge-triggered flip-flop clocked by clk)
Endpoint: acc_out[10] (output port clocked by clk)
Path Group: clk
Path Type: min

Fanout         Cap        Slew       Delay        Time   Description
---------------------------------------------------------------------------------------------
                                  0.000000    0.000000   clock clk (rise edge)
                                  0.000000    0.000000   clock source latency
     1    0.020577    0.098310    0.067797    0.067797 ^ clk (in)
                                                         clk (net)
                      0.098324    0.000000    0.067797 ^ clkbuf_0_clk/A (sky130_fd_sc_hd__clkbuf_16)
    16    0.089719    0.106122    0.197967    0.265764 ^ clkbuf_0_clk/X (sky130_fd_sc_hd__clkbuf_16)
                                                         clknet_0_clk (net)
                      0.106130    0.001077    0.266842 ^ clkbuf_4_13_0_clk/A (sky130_fd_sc_hd__clkbuf_8)
     6    0.018836    0.049589    0.152802    0.419644 ^ clkbuf_4_13_0_clk/X (sky130_fd_sc_hd__clkbuf_8)
                                                         clknet_4_13_0_clk (net)
                      0.049589    0.000278    0.419921 ^ _2698_/CLK (sky130_fd_sc_hd__dfxtp_2)
     6    0.028767    0.150324    0.399200    0.819122 ^ _2698_/Q (sky130_fd_sc_hd__dfxtp_2)
                                                         r4_acc[10] (net)
                      0.150324    0.000092    0.819214 ^ _1327_/A (sky130_fd_sc_hd__xor2_2)
     1    0.001875    0.027775    0.077873    0.897086 v _1327_/X (sky130_fd_sc_hd__xor2_2)
                                                         net363 (net)
                      0.027775    0.000002    0.897089 v output363/A (sky130_fd_sc_hd__buf_2)
     1    0.034132    0.089087    0.172875    1.069964 v output363/X (sky130_fd_sc_hd__buf_2)
                                                         acc_out[10] (net)
                      0.089087    0.000100    1.070063 v acc_out[10] (out)
                                              1.070063   data arrival time

                                  0.000000    0.000000   clock clk (rise edge)
                                  0.000000    0.000000   clock network delay (propagated)
                                  0.200000    0.200000   clock uncertainty
                                  0.000000    0.200000   clock reconvergence pessimism
                                 -0.020000    0.180000   output external delay
                                              0.180000   data required time
---------------------------------------------------------------------------------------------
                                              0.180000   data required time
                                             -1.070063   data arrival time
---------------------------------------------------------------------------------------------
                                              0.890063   slack (MET)


Startpoint: _2688_ (rising edge-triggered flip-flop clocked by clk)
Endpoint: acc_out[0] (output port clocked by clk)
Path Group: clk
Path Type: min

Fanout         Cap        Slew       Delay        Time   Description
---------------------------------------------------------------------------------------------
                                  0.000000    0.000000   clock clk (rise edge)
                                  0.000000    0.000000   clock source latency
     1    0.020577    0.098310    0.067797    0.067797 ^ clk (in)
                                                         clk (net)
                      0.098324    0.000000    0.067797 ^ clkbuf_0_clk/A (sky130_fd_sc_hd__clkbuf_16)
    16    0.089719    0.106122    0.197967    0.265764 ^ clkbuf_0_clk/X (sky130_fd_sc_hd__clkbuf_16)
                                                         clknet_0_clk (net)
                      0.106136    0.001288    0.267053 ^ clkbuf_4_14_0_clk/A (sky130_fd_sc_hd__clkbuf_8)
     6    0.017929    0.048158    0.151500    0.418553 ^ clkbuf_4_14_0_clk/X (sky130_fd_sc_hd__clkbuf_8)
                                                         clknet_4_14_0_clk (net)
                      0.048158    0.000211    0.418764 ^ _2688_/CLK (sky130_fd_sc_hd__dfxtp_2)
     8    0.028154    0.076053    0.358746    0.777510 v _2688_/Q (sky130_fd_sc_hd__dfxtp_2)
                                                         r4_acc[0] (net)
                      0.076053    0.000338    0.777847 v _2707_/A (sky130_fd_sc_hd__buf_2)
     1    0.001950    0.021877    0.124369    0.902216 v _2707_/X (sky130_fd_sc_hd__buf_2)
                                                         net362 (net)
                      0.021877    0.000003    0.902220 v output362/A (sky130_fd_sc_hd__buf_2)
     1    0.034615    0.090223    0.171139    1.073359 v output362/X (sky130_fd_sc_hd__buf_2)
                                                         acc_out[0] (net)
                      0.090223    0.000261    1.073620 v acc_out[0] (out)
                                              1.073620   data arrival time

                                  0.000000    0.000000   clock clk (rise edge)
                                  0.000000    0.000000   clock network delay (propagated)
                                  0.200000    0.200000   clock uncertainty
                                  0.000000    0.200000   clock reconvergence pessimism
                                 -0.020000    0.180000   output external delay
                                              0.180000   data required time
---------------------------------------------------------------------------------------------
                                              0.180000   data required time
                                             -1.073620   data arrival time
---------------------------------------------------------------------------------------------
                                              0.893620   slack (MET)


Startpoint: _2692_ (rising edge-triggered flip-flop clocked by clk)
Endpoint: acc_out[4] (output port clocked by clk)
Path Group: clk
Path Type: min

Fanout         Cap        Slew       Delay        Time   Description
---------------------------------------------------------------------------------------------
                                  0.000000    0.000000   clock clk (rise edge)
                                  0.000000    0.000000   clock source latency
     1    0.020577    0.098310    0.067797    0.067797 ^ clk (in)
                                                         clk (net)
                      0.098324    0.000000    0.067797 ^ clkbuf_0_clk/A (sky130_fd_sc_hd__clkbuf_16)
    16    0.089719    0.106122    0.197967    0.265764 ^ clkbuf_0_clk/X (sky130_fd_sc_hd__clkbuf_16)
                                                         clknet_0_clk (net)
                      0.106136    0.001288    0.267052 ^ clkbuf_4_15_0_clk/A (sky130_fd_sc_hd__clkbuf_8)
     6    0.017276    0.047130    0.150588    0.417640 ^ clkbuf_4_15_0_clk/X (sky130_fd_sc_hd__clkbuf_8)
                                                         clknet_4_15_0_clk (net)
                      0.047130    0.000064    0.417704 ^ _2692_/CLK (sky130_fd_sc_hd__dfxtp_2)
     6    0.032382    0.167750    0.410813    0.828517 ^ _2692_/Q (sky130_fd_sc_hd__dfxtp_2)
                                                         r4_acc[4] (net)
                      0.167750    0.000120    0.828638 ^ _1315_/A (sky130_fd_sc_hd__xnor2_2)
     1    0.002562    0.028670    0.082591    0.911229 v _1315_/Y (sky130_fd_sc_hd__xnor2_2)
                                                         net372 (net)
                      0.028670    0.000013    0.911242 v output372/A (sky130_fd_sc_hd__buf_2)
     1    0.034603    0.090144    0.174053    1.085295 v output372/X (sky130_fd_sc_hd__buf_2)
                                                         acc_out[4] (net)
                      0.090144    0.000209    1.085504 v acc_out[4] (out)
                                              1.085504   data arrival time

                                  0.000000    0.000000   clock clk (rise edge)
                                  0.000000    0.000000   clock network delay (propagated)
                                  0.200000    0.200000   clock uncertainty
                                  0.000000    0.200000   clock reconvergence pessimism
                                 -0.020000    0.180000   output external delay
                                              0.180000   data required time
---------------------------------------------------------------------------------------------
                                              0.180000   data required time
                                             -1.085504   data arrival time
---------------------------------------------------------------------------------------------
                                              0.905504   slack (MET)


Startpoint: _2689_ (rising edge-triggered flip-flop clocked by clk)
Endpoint: acc_out[1] (output port clocked by clk)
Path Group: clk
Path Type: min

Fanout         Cap        Slew       Delay        Time   Description
---------------------------------------------------------------------------------------------
                                  0.000000    0.000000   clock clk (rise edge)
                                  0.000000    0.000000   clock source latency
     1    0.020577    0.098310    0.067797    0.067797 ^ clk (in)
                                                         clk (net)
                      0.098324    0.000000    0.067797 ^ clkbuf_0_clk/A (sky130_fd_sc_hd__clkbuf_16)
    16    0.089719    0.106122    0.197967    0.265764 ^ clkbuf_0_clk/X (sky130_fd_sc_hd__clkbuf_16)
                                                         clknet_0_clk (net)
                      0.106136    0.001288    0.267053 ^ clkbuf_4_14_0_clk/A (sky130_fd_sc_hd__clkbuf_8)
     6    0.017929    0.048158    0.151500    0.418553 ^ clkbuf_4_14_0_clk/X (sky130_fd_sc_hd__clkbuf_8)
                                                         clknet_4_14_0_clk (net)
                      0.048159    0.000291    0.418844 ^ _2689_/CLK (sky130_fd_sc_hd__dfxtp_2)
     8    0.034432    0.177574    0.418356    0.837200 ^ _2689_/Q (sky130_fd_sc_hd__dfxtp_2)
                                                         r4_acc[1] (net)
                      0.177574    0.000018    0.837218 ^ _1308_/A (sky130_fd_sc_hd__xnor2_2)
     1    0.002038    0.026401    0.081656    0.918874 v _1308_/Y (sky130_fd_sc_hd__xnor2_2)
                                                         net369 (net)
                      0.026401    0.000004    0.918878 v output369/A (sky130_fd_sc_hd__buf_2)
     1    0.034892    0.090824    0.173543    1.092421 v output369/X (sky130_fd_sc_hd__buf_2)
                                                         acc_out[1] (net)
                      0.090824    0.000301    1.092722 v acc_out[1] (out)
                                              1.092722   data arrival time

                                  0.000000    0.000000   clock clk (rise edge)
                                  0.000000    0.000000   clock network delay (propagated)
                                  0.200000    0.200000   clock uncertainty
                                  0.000000    0.200000   clock reconvergence pessimism
                                 -0.020000    0.180000   output external delay
                                              0.180000   data required time
---------------------------------------------------------------------------------------------
                                              0.180000   data required time
                                             -1.092722   data arrival time
---------------------------------------------------------------------------------------------
                                              0.912722   slack (MET)


Startpoint: _2700_ (rising edge-triggered flip-flop clocked by clk)
Endpoint: acc_out[12] (output port clocked by clk)
Path Group: clk
Path Type: min

Fanout         Cap        Slew       Delay        Time   Description
---------------------------------------------------------------------------------------------
                                  0.000000    0.000000   clock clk (rise edge)
                                  0.000000    0.000000   clock source latency
     1    0.020577    0.098310    0.067797    0.067797 ^ clk (in)
                                                         clk (net)
                      0.098324    0.000000    0.067797 ^ clkbuf_0_clk/A (sky130_fd_sc_hd__clkbuf_16)
    16    0.089719    0.106122    0.197967    0.265764 ^ clkbuf_0_clk/X (sky130_fd_sc_hd__clkbuf_16)
                                                         clknet_0_clk (net)
                      0.106130    0.001077    0.266842 ^ clkbuf_4_13_0_clk/A (sky130_fd_sc_hd__clkbuf_8)
     6    0.018836    0.049589    0.152802    0.419644 ^ clkbuf_4_13_0_clk/X (sky130_fd_sc_hd__clkbuf_8)
                                                         clknet_4_13_0_clk (net)
                      0.049591    0.000415    0.420058 ^ _2700_/CLK (sky130_fd_sc_hd__dfxtp_2)
     6    0.035674    0.183172    0.423140    0.843199 ^ _2700_/Q (sky130_fd_sc_hd__dfxtp_2)
                                                         r4_acc[12] (net)
                      0.183172    0.000082    0.843281 ^ _1331_/A (sky130_fd_sc_hd__xor2_2)
     1    0.001920    0.027963    0.083367    0.926648 v _1331_/X (sky130_fd_sc_hd__xor2_2)
                                                         net365 (net)
                      0.027963    0.000003    0.926651 v output365/A (sky130_fd_sc_hd__buf_2)
     1    0.034479    0.089860    0.173556    1.100207 v output365/X (sky130_fd_sc_hd__buf_2)
                                                         acc_out[12] (net)
                      0.089860    0.000162    1.100368 v acc_out[12] (out)
                                              1.100368   data arrival time

                                  0.000000    0.000000   clock clk (rise edge)
                                  0.000000    0.000000   clock network delay (propagated)
                                  0.200000    0.200000   clock uncertainty
                                  0.000000    0.200000   clock reconvergence pessimism
                                 -0.020000    0.180000   output external delay
                                              0.180000   data required time
---------------------------------------------------------------------------------------------
                                              0.180000   data required time
                                             -1.100368   data arrival time
---------------------------------------------------------------------------------------------
                                              0.920368   slack (MET)


Startpoint: _2631_ (rising edge-triggered flip-flop clocked by clk)
Endpoint: a_out[9] (output port clocked by clk)
Path Group: clk
Path Type: min

Fanout         Cap        Slew       Delay        Time   Description
---------------------------------------------------------------------------------------------
                                  0.000000    0.000000   clock clk (rise edge)
                                  0.000000    0.000000   clock source latency
     1    0.020577    0.098310    0.067797    0.067797 ^ clk (in)
                                                         clk (net)
                      0.098324    0.000000    0.067797 ^ clkbuf_0_clk/A (sky130_fd_sc_hd__clkbuf_16)
    16    0.089719    0.106122    0.197967    0.265764 ^ clkbuf_0_clk/X (sky130_fd_sc_hd__clkbuf_16)
                                                         clknet_0_clk (net)
                      0.106163    0.001979    0.267744 ^ clkbuf_4_7_0_clk/A (sky130_fd_sc_hd__clkbuf_8)
     6    0.015051    0.043763    0.147276    0.415020 ^ clkbuf_4_7_0_clk/X (sky130_fd_sc_hd__clkbuf_8)
                                                         clknet_4_7_0_clk (net)
                      0.043763    0.000008    0.415028 ^ _2631_/CLK (sky130_fd_sc_hd__dfxtp_2)
     8    0.030681    0.081714    0.361551    0.776578 v _2631_/Q (sky130_fd_sc_hd__dfxtp_2)
                                                         net270 (net)
                      0.081724    0.000931    0.777510 v place270/A (sky130_fd_sc_hd__buf_1)
     5    0.014368    0.088415    0.155000    0.932510 v place270/X (sky130_fd_sc_hd__buf_1)
                                                         net361 (net)
                      0.088415    0.000107    0.932617 v output361/A (sky130_fd_sc_hd__buf_2)
     1    0.034257    0.089224    0.200058    1.132674 v output361/X (sky130_fd_sc_hd__buf_2)
                                                         a_out[9] (net)
                      0.089224    0.000131    1.132806 v a_out[9] (out)
                                              1.132806   data arrival time

                                  0.000000    0.000000   clock clk (rise edge)
                                  0.000000    0.000000   clock network delay (propagated)
                                  0.200000    0.200000   clock uncertainty
                                  0.000000    0.200000   clock reconvergence pessimism
                                 -0.020000    0.180000   output external delay
                                              0.180000   data required time
---------------------------------------------------------------------------------------------
                                              0.180000   data required time
                                             -1.132806   data arrival time
---------------------------------------------------------------------------------------------
                                              0.952806   slack (MET)


Startpoint: _2628_ (rising edge-triggered flip-flop clocked by clk)
Endpoint: a_out[6] (output port clocked by clk)
Path Group: clk
Path Type: min

Fanout         Cap        Slew       Delay        Time   Description
---------------------------------------------------------------------------------------------
                                  0.000000    0.000000   clock clk (rise edge)
                                  0.000000    0.000000   clock source latency
     1    0.020577    0.098310    0.067797    0.067797 ^ clk (in)
                                                         clk (net)
                      0.098324    0.000000    0.067797 ^ clkbuf_0_clk/A (sky130_fd_sc_hd__clkbuf_16)
    16    0.089719    0.106122    0.197967    0.265764 ^ clkbuf_0_clk/X (sky130_fd_sc_hd__clkbuf_16)
                                                         clknet_0_clk (net)
                      0.106139    0.001391    0.267155 ^ clkbuf_4_3_0_clk/A (sky130_fd_sc_hd__clkbuf_8)
     6    0.013972    0.042168    0.145646    0.412801 ^ clkbuf_4_3_0_clk/X (sky130_fd_sc_hd__clkbuf_8)
                                                         clknet_4_3_0_clk (net)
                      0.042168    0.000038    0.412839 ^ _2628_/CLK (sky130_fd_sc_hd__dfxtp_2)
     5    0.020634    0.060023    0.342262    0.755101 v _2628_/Q (sky130_fd_sc_hd__dfxtp_2)
                                                         net57 (net)
                      0.060024    0.000409    0.755510 v place276/A (sky130_fd_sc_hd__buf_1)
     7    0.021635    0.128301    0.175900    0.931410 v place276/X (sky130_fd_sc_hd__buf_1)
                                                         net276 (net)
                      0.128301    0.000196    0.931606 v output358/A (sky130_fd_sc_hd__buf_2)
     1    0.034449    0.089743    0.218457    1.150063 v output358/X (sky130_fd_sc_hd__buf_2)
                                                         net358 (net)
                      0.089743    0.000176    1.150239 v a_out[6] (out)
                                              1.150239   data arrival time

                                  0.000000    0.000000   clock clk (rise edge)
                                  0.000000    0.000000   clock network delay (propagated)
                                  0.200000    0.200000   clock uncertainty
                                  0.000000    0.200000   clock reconvergence pessimism
                                 -0.020000    0.180000   output external delay
                                              0.180000   data required time
---------------------------------------------------------------------------------------------
                                              0.180000   data required time
                                             -1.150239   data arrival time
---------------------------------------------------------------------------------------------
                                              0.970239   slack (MET)


Startpoint: _2630_ (rising edge-triggered flip-flop clocked by clk)
Endpoint: a_out[8] (output port clocked by clk)
Path Group: clk
Path Type: min

Fanout         Cap        Slew       Delay        Time   Description
---------------------------------------------------------------------------------------------
                                  0.000000    0.000000   clock clk (rise edge)
                                  0.000000    0.000000   clock source latency
     1    0.020577    0.098310    0.067797    0.067797 ^ clk (in)
                                                         clk (net)
                      0.098324    0.000000    0.067797 ^ clkbuf_0_clk/A (sky130_fd_sc_hd__clkbuf_16)
    16    0.089719    0.106122    0.197967    0.265764 ^ clkbuf_0_clk/X (sky130_fd_sc_hd__clkbuf_16)
                                                         clknet_0_clk (net)
                      0.106164    0.002007    0.267772 ^ clkbuf_4_5_0_clk/A (sky130_fd_sc_hd__clkbuf_8)
     6    0.015837    0.044942    0.148448    0.416220 ^ clkbuf_4_5_0_clk/X (sky130_fd_sc_hd__clkbuf_8)
                                                         clknet_4_5_0_clk (net)
                      0.044942    0.000049    0.416269 ^ _2630_/CLK (sky130_fd_sc_hd__dfxtp_2)
     8    0.028645    0.077326    0.358104    0.774373 v _2630_/Q (sky130_fd_sc_hd__dfxtp_2)
                                                         net51 (net)
                      0.077338    0.000968    0.775341 v place272/A (sky130_fd_sc_hd__buf_1)
     6    0.017867    0.107672    0.167788    0.943129 v place272/X (sky130_fd_sc_hd__buf_1)
                                                         net272 (net)
                      0.107672    0.000177    0.943306 v output360/A (sky130_fd_sc_hd__buf_2)
     1    0.034310    0.089359    0.208921    1.152227 v output360/X (sky130_fd_sc_hd__buf_2)
                                                         net360 (net)
                      0.089359    0.000130    1.152356 v a_out[8] (out)
                                              1.152356   data arrival time

                                  0.000000    0.000000   clock clk (rise edge)
                                  0.000000    0.000000   clock network delay (propagated)
                                  0.200000    0.200000   clock uncertainty
                                  0.000000    0.200000   clock reconvergence pessimism
                                 -0.020000    0.180000   output external delay
                                              0.180000   data required time
---------------------------------------------------------------------------------------------
                                              0.180000   data required time
                                             -1.152356   data arrival time
---------------------------------------------------------------------------------------------
                                              0.972356   slack (MET)


Startpoint: _2625_ (rising edge-triggered flip-flop clocked by clk)
Endpoint: a_out[3] (output port clocked by clk)
Path Group: clk
Path Type: min

Fanout         Cap        Slew       Delay        Time   Description
---------------------------------------------------------------------------------------------
                                  0.000000    0.000000   clock clk (rise edge)
                                  0.000000    0.000000   clock source latency
     1    0.020577    0.098310    0.067797    0.067797 ^ clk (in)
                                                         clk (net)
                      0.098324    0.000000    0.067797 ^ clkbuf_0_clk/A (sky130_fd_sc_hd__clkbuf_16)
    16    0.089719    0.106122    0.197967    0.265764 ^ clkbuf_0_clk/X (sky130_fd_sc_hd__clkbuf_16)
                                                         clknet_0_clk (net)
                      0.106139    0.001391    0.267155 ^ clkbuf_4_3_0_clk/A (sky130_fd_sc_hd__clkbuf_8)
     6    0.013972    0.042168    0.145646    0.412801 ^ clkbuf_4_3_0_clk/X (sky130_fd_sc_hd__clkbuf_8)
                                                         clknet_4_3_0_clk (net)
                      0.042168    0.000041    0.412842 ^ _2625_/CLK (sky130_fd_sc_hd__dfxtp_2)
     4    0.014629    0.047482    0.330966    0.743808 v _2625_/Q (sky130_fd_sc_hd__dfxtp_2)
                                                         net282 (net)
                      0.047482    0.000281    0.744089 v place282/A (sky130_fd_sc_hd__buf_1)
     8    0.025353    0.149416    0.185678    0.929767 v place282/X (sky130_fd_sc_hd__buf_1)
                                                         net355 (net)
                      0.149416    0.000420    0.930188 v output355/A (sky130_fd_sc_hd__buf_2)
     1    0.034398    0.089798    0.227732    1.157920 v output355/X (sky130_fd_sc_hd__buf_2)
                                                         a_out[3] (net)
                      0.089798    0.000150    1.158070 v a_out[3] (out)
                                              1.158070   data arrival time

                                  0.000000    0.000000   clock clk (rise edge)
                                  0.000000    0.000000   clock network delay (propagated)
                                  0.200000    0.200000   clock uncertainty
                                  0.000000    0.200000   clock reconvergence pessimism
                                 -0.020000    0.180000   output external delay
                                              0.180000   data required time
---------------------------------------------------------------------------------------------
                                              0.180000   data required time
                                             -1.158070   data arrival time
---------------------------------------------------------------------------------------------
                                              0.978070   slack (MET)


Startpoint: _2635_ (rising edge-triggered flip-flop clocked by clk)
Endpoint: a_out[13] (output port clocked by clk)
Path Group: clk
Path Type: min

Fanout         Cap        Slew       Delay        Time   Description
---------------------------------------------------------------------------------------------
                                  0.000000    0.000000   clock clk (rise edge)
                                  0.000000    0.000000   clock source latency
     1    0.020577    0.098310    0.067797    0.067797 ^ clk (in)
                                                         clk (net)
                      0.098324    0.000000    0.067797 ^ clkbuf_0_clk/A (sky130_fd_sc_hd__clkbuf_16)
    16    0.089719    0.106122    0.197967    0.265764 ^ clkbuf_0_clk/X (sky130_fd_sc_hd__clkbuf_16)
                                                         clknet_0_clk (net)
                      0.106162    0.001958    0.267722 ^ clkbuf_4_4_0_clk/A (sky130_fd_sc_hd__clkbuf_8)
     6    0.018692    0.049319    0.152714    0.420436 ^ clkbuf_4_4_0_clk/X (sky130_fd_sc_hd__clkbuf_8)
                                                         clknet_4_4_0_clk (net)
                      0.049319    0.000090    0.420527 ^ _2635_/CLK (sky130_fd_sc_hd__dfxtp_2)
     6    0.020538    0.059813    0.344742    0.765268 v _2635_/Q (sky130_fd_sc_hd__dfxtp_2)
                                                         net151 (net)
                      0.059814    0.000370    0.765638 v place262/A (sky130_fd_sc_hd__buf_1)
     7    0.022799    0.134926    0.180552    0.946190 v place262/X (sky130_fd_sc_hd__buf_1)
                                                         net262 (net)
                      0.134926    0.000395    0.946585 v output350/A (sky130_fd_sc_hd__buf_2)
     1    0.034204    0.089246    0.220977    1.167562 v output350/X (sky130_fd_sc_hd__buf_2)
                                                         net350 (net)
                      0.089246    0.000119    1.167681 v a_out[13] (out)
                                              1.167681   data arrival time

                                  0.000000    0.000000   clock clk (rise edge)
                                  0.000000    0.000000   clock network delay (propagated)
                                  0.200000    0.200000   clock uncertainty
                                  0.000000    0.200000   clock reconvergence pessimism
                                 -0.020000    0.180000   output external delay
                                              0.180000   data required time
---------------------------------------------------------------------------------------------
                                              0.180000   data required time
                                             -1.167681   data arrival time
---------------------------------------------------------------------------------------------
                                              0.987681   slack (MET)


Startpoint: _2633_ (rising edge-triggered flip-flop clocked by clk)
Endpoint: a_out[11] (output port clocked by clk)
Path Group: clk
Path Type: min

Fanout         Cap        Slew       Delay        Time   Description
---------------------------------------------------------------------------------------------
                                  0.000000    0.000000   clock clk (rise edge)
                                  0.000000    0.000000   clock source latency
     1    0.020577    0.098310    0.067797    0.067797 ^ clk (in)
                                                         clk (net)
                      0.098324    0.000000    0.067797 ^ clkbuf_0_clk/A (sky130_fd_sc_hd__clkbuf_16)
    16    0.089719    0.106122    0.197967    0.265764 ^ clkbuf_0_clk/X (sky130_fd_sc_hd__clkbuf_16)
                                                         clknet_0_clk (net)
                      0.106164    0.002007    0.267772 ^ clkbuf_4_5_0_clk/A (sky130_fd_sc_hd__clkbuf_8)
     6    0.015837    0.044942    0.148448    0.416220 ^ clkbuf_4_5_0_clk/X (sky130_fd_sc_hd__clkbuf_8)
                                                         clknet_4_5_0_clk (net)
                      0.044942    0.000051    0.416271 ^ _2633_/CLK (sky130_fd_sc_hd__dfxtp_2)
     4    0.014250    0.046718    0.331278    0.747549 v _2633_/Q (sky130_fd_sc_hd__dfxtp_2)
                                                         net265 (net)
                      0.046718    0.000016    0.747564 v place265/A (sky130_fd_sc_hd__buf_1)
     8    0.025045    0.147617    0.184213    0.931777 v place265/X (sky130_fd_sc_hd__buf_1)
                                                         net348 (net)
                      0.147617    0.000131    0.931909 v output348/A (sky130_fd_sc_hd__buf_2)
     1    0.039278    0.097686    0.235009    1.166918 v output348/X (sky130_fd_sc_hd__buf_2)
                                                         a_out[11] (net)
                      0.097695    0.000966    1.167884 v a_out[11] (out)
                                              1.167884   data arrival time

                                  0.000000    0.000000   clock clk (rise edge)
                                  0.000000    0.000000   clock network delay (propagated)
                                  0.200000    0.200000   clock uncertainty
                                  0.000000    0.200000   clock reconvergence pessimism
                                 -0.020000    0.180000   output external delay
                                              0.180000   data required time
---------------------------------------------------------------------------------------------
                                              0.180000   data required time
                                             -1.167884   data arrival time
---------------------------------------------------------------------------------------------
                                              0.987884   slack (MET)


Startpoint: _2629_ (rising edge-triggered flip-flop clocked by clk)
Endpoint: a_out[7] (output port clocked by clk)
Path Group: clk
Path Type: min

Fanout         Cap        Slew       Delay        Time   Description
---------------------------------------------------------------------------------------------
                                  0.000000    0.000000   clock clk (rise edge)
                                  0.000000    0.000000   clock source latency
     1    0.020577    0.098310    0.067797    0.067797 ^ clk (in)
                                                         clk (net)
                      0.098324    0.000000    0.067797 ^ clkbuf_0_clk/A (sky130_fd_sc_hd__clkbuf_16)
    16    0.089719    0.106122    0.197967    0.265764 ^ clkbuf_0_clk/X (sky130_fd_sc_hd__clkbuf_16)
                                                         clknet_0_clk (net)
                      0.106148    0.001644    0.267409 ^ clkbuf_4_1_0_clk/A (sky130_fd_sc_hd__clkbuf_8)
     6    0.014337    0.042708    0.146202    0.413610 ^ clkbuf_4_1_0_clk/X (sky130_fd_sc_hd__clkbuf_8)
                                                         clknet_4_1_0_clk (net)
                      0.042708    0.000030    0.413641 ^ _2629_/CLK (sky130_fd_sc_hd__dfxtp_2)
     7    0.028540    0.076900    0.357450    0.771090 v _2629_/Q (sky130_fd_sc_hd__dfxtp_2)
                                                         net54 (net)
                      0.076900    0.000306    0.771397 v place274/A (sky130_fd_sc_hd__buf_1)
     7    0.020967    0.124543    0.180472    0.951869 v place274/X (sky130_fd_sc_hd__buf_1)
                                                         net274 (net)
                      0.124543    0.000358    0.952227 v output359/A (sky130_fd_sc_hd__buf_2)
     1    0.034661    0.090177    0.217174    1.169401 v output359/X (sky130_fd_sc_hd__buf_2)
                                                         net359 (net)
                      0.090177    0.000197    1.169598 v a_out[7] (out)
                                              1.169598   data arrival time

                                  0.000000    0.000000   clock clk (rise edge)
                                  0.000000    0.000000   clock network delay (propagated)
                                  0.200000    0.200000   clock uncertainty
                                  0.000000    0.200000   clock reconvergence pessimism
                                 -0.020000    0.180000   output external delay
                                              0.180000   data required time
---------------------------------------------------------------------------------------------
                                              0.180000   data required time
                                             -1.169598   data arrival time
---------------------------------------------------------------------------------------------
                                              0.989598   slack (MET)


Startpoint: _2623_ (rising edge-triggered flip-flop clocked by clk)
Endpoint: a_out[1] (output port clocked by clk)
Path Group: clk
Path Type: min

Fanout         Cap        Slew       Delay        Time   Description
---------------------------------------------------------------------------------------------
                                  0.000000    0.000000   clock clk (rise edge)
                                  0.000000    0.000000   clock source latency
     1    0.020577    0.098310    0.067797    0.067797 ^ clk (in)
                                                         clk (net)
                      0.098324    0.000000    0.067797 ^ clkbuf_0_clk/A (sky130_fd_sc_hd__clkbuf_16)
    16    0.089719    0.106122    0.197967    0.265764 ^ clkbuf_0_clk/X (sky130_fd_sc_hd__clkbuf_16)
                                                         clknet_0_clk (net)
                      0.106139    0.001391    0.267155 ^ clkbuf_4_3_0_clk/A (sky130_fd_sc_hd__clkbuf_8)
     6    0.013972    0.042168    0.145646    0.412801 ^ clkbuf_4_3_0_clk/X (sky130_fd_sc_hd__clkbuf_8)
                                                         clknet_4_3_0_clk (net)
                      0.042168    0.000044    0.412845 ^ _2623_/CLK (sky130_fd_sc_hd__dfxtp_2)
     4    0.016928    0.052219    0.335241    0.748086 v _2623_/Q (sky130_fd_sc_hd__dfxtp_2)
                                                         net175 (net)
                      0.052219    0.000373    0.748459 v place287/A (sky130_fd_sc_hd__buf_1)
     8    0.026242    0.154477    0.191420    0.939879 v place287/X (sky130_fd_sc_hd__buf_1)
                                                         net287 (net)
                      0.154478    0.000580    0.940459 v output353/A (sky130_fd_sc_hd__buf_2)
     1    0.034675    0.090472    0.230430    1.170889 v output353/X (sky130_fd_sc_hd__buf_2)
                                                         net353 (net)
                      0.090472    0.000229    1.171118 v a_out[1] (out)
                                              1.171118   data arrival time

                                  0.000000    0.000000   clock clk (rise edge)
                                  0.000000    0.000000   clock network delay (propagated)
                                  0.200000    0.200000   clock uncertainty
                                  0.000000    0.200000   clock reconvergence pessimism
                                 -0.020000    0.180000   output external delay
                                              0.180000   data required time
---------------------------------------------------------------------------------------------
                                              0.180000   data required time
                                             -1.171118   data arrival time
---------------------------------------------------------------------------------------------
                                              0.991118   slack (MET)


Startpoint: _2622_ (rising edge-triggered flip-flop clocked by clk)
Endpoint: a_out[0] (output port clocked by clk)
Path Group: clk
Path Type: min

Fanout         Cap        Slew       Delay        Time   Description
---------------------------------------------------------------------------------------------
                                  0.000000    0.000000   clock clk (rise edge)
                                  0.000000    0.000000   clock source latency
     1    0.020577    0.098310    0.067797    0.067797 ^ clk (in)
                                                         clk (net)
                      0.098324    0.000000    0.067797 ^ clkbuf_0_clk/A (sky130_fd_sc_hd__clkbuf_16)
    16    0.089719    0.106122    0.197967    0.265764 ^ clkbuf_0_clk/X (sky130_fd_sc_hd__clkbuf_16)
                                                         clknet_0_clk (net)
                      0.106122    0.000247    0.266011 ^ clkbuf_4_11_0_clk/A (sky130_fd_sc_hd__clkbuf_8)
     6    0.023716    0.056742    0.159572    0.425583 ^ clkbuf_4_11_0_clk/X (sky130_fd_sc_hd__clkbuf_8)
                                                         clknet_4_11_0_clk (net)
                      0.056742    0.000229    0.425812 ^ _2622_/CLK (sky130_fd_sc_hd__dfxtp_2)
     6    0.023583    0.066365    0.353066    0.778879 v _2622_/Q (sky130_fd_sc_hd__dfxtp_2)
                                                         net76 (net)
                      0.066370    0.000613    0.779491 v place288/A (sky130_fd_sc_hd__buf_1)
     8    0.029863    0.174774    0.212961    0.992452 v place288/X (sky130_fd_sc_hd__buf_1)
                                                         net288 (net)
                      0.174774    0.000194    0.992645 v output346/A (sky130_fd_sc_hd__buf_2)
     1    0.034521    0.090280    0.239181    1.231826 v output346/X (sky130_fd_sc_hd__buf_2)
                                                         net346 (net)
                      0.090280    0.000164    1.231991 v a_out[0] (out)
                                              1.231991   data arrival time

                                  0.000000    0.000000   clock clk (rise edge)
                                  0.000000    0.000000   clock network delay (propagated)
                                  0.200000    0.200000   clock uncertainty
                                  0.000000    0.200000   clock reconvergence pessimism
                                 -0.020000    0.180000   output external delay
                                              0.180000   data required time
---------------------------------------------------------------------------------------------
                                              0.180000   data required time
                                             -1.231991   data arrival time
---------------------------------------------------------------------------------------------
                                              1.051991   slack (MET)


Startpoint: _2703_ (rising edge-triggered flip-flop clocked by clk)
Endpoint: acc_out[15] (output port clocked by clk)
Path Group: clk
Path Type: min

Fanout         Cap        Slew       Delay        Time   Description
---------------------------------------------------------------------------------------------
                                  0.000000    0.000000   clock clk (rise edge)
                                  0.000000    0.000000   clock source latency
     1    0.020577    0.098310    0.067797    0.067797 ^ clk (in)
                                                         clk (net)
                      0.098324    0.000000    0.067797 ^ clkbuf_0_clk/A (sky130_fd_sc_hd__clkbuf_16)
    16    0.089719    0.106122    0.197967    0.265764 ^ clkbuf_0_clk/X (sky130_fd_sc_hd__clkbuf_16)
                                                         clknet_0_clk (net)
                      0.106132    0.001166    0.266930 ^ clkbuf_4_12_0_clk/A (sky130_fd_sc_hd__clkbuf_8)
     6    0.016961    0.046640    0.150136    0.417066 ^ clkbuf_4_12_0_clk/X (sky130_fd_sc_hd__clkbuf_8)
                                                         clknet_4_12_0_clk (net)
                      0.046640    0.000008    0.417074 ^ _2703_/CLK (sky130_fd_sc_hd__dfxtp_2)
     5    0.023261    0.065572    0.348916    0.765990 v _2703_/Q (sky130_fd_sc_hd__dfxtp_2)
                                                         r4_acc[15] (net)
                      0.065573    0.000443    0.766433 v place240/A (sky130_fd_sc_hd__buf_1)
     8    0.027221    0.159863    0.201584    0.968016 v place240/X (sky130_fd_sc_hd__buf_1)
                                                         net240 (net)
                      0.159863    0.000155    0.968171 v _2708_/A (sky130_fd_sc_hd__buf_2)
     1    0.001779    0.022439    0.160797    1.128969 v _2708_/X (sky130_fd_sc_hd__buf_2)
                                                         net368 (net)
                      0.022439    0.000000    1.128970 v output368/A (sky130_fd_sc_hd__buf_2)
     1    0.034523    0.089985    0.171272    1.300242 v output368/X (sky130_fd_sc_hd__buf_2)
                                                         acc_out[15] (net)
                      0.089985    0.000165    1.300406 v acc_out[15] (out)
                                              1.300406   data arrival time

                                  0.000000    0.000000   clock clk (rise edge)
                                  0.000000    0.000000   clock network delay (propagated)
                                  0.200000    0.200000   clock uncertainty
                                  0.000000    0.200000   clock reconvergence pessimism
                                 -0.020000    0.180000   output external delay
                                              0.180000   data required time
---------------------------------------------------------------------------------------------
                                              0.180000   data required time
                                             -1.300406   data arrival time
---------------------------------------------------------------------------------------------
                                              1.120406   slack (MET)


Startpoint: _2624_ (rising edge-triggered flip-flop clocked by clk)
Endpoint: a_out[2] (output port clocked by clk)
Path Group: clk
Path Type: min

Fanout         Cap        Slew       Delay        Time   Description
---------------------------------------------------------------------------------------------
                                  0.000000    0.000000   clock clk (rise edge)
                                  0.000000    0.000000   clock source latency
     1    0.020577    0.098310    0.067797    0.067797 ^ clk (in)
                                                         clk (net)
                      0.098324    0.000000    0.067797 ^ clkbuf_0_clk/A (sky130_fd_sc_hd__clkbuf_16)
    16    0.089719    0.106122    0.197967    0.265764 ^ clkbuf_0_clk/X (sky130_fd_sc_hd__clkbuf_16)
                                                         clknet_0_clk (net)
                      0.106122    0.000315    0.266080 ^ clkbuf_4_10_0_clk/A (sky130_fd_sc_hd__clkbuf_8)
     6    0.020917    0.052503    0.155932    0.422012 ^ clkbuf_4_10_0_clk/X (sky130_fd_sc_hd__clkbuf_8)
                                                         clknet_4_10_0_clk (net)
                      0.052505    0.000408    0.422420 ^ _2624_/CLK (sky130_fd_sc_hd__dfxtp_2)
     2    0.004141    0.026881    0.309418    0.731838 v _2624_/Q (sky130_fd_sc_hd__dfxtp_2)
                                                         net283 (net)
                      0.026881    0.000006    0.731844 v place285/A (sky130_fd_sc_hd__buf_1)
     8    0.029798    0.174492    0.194680    0.926524 v place285/X (sky130_fd_sc_hd__buf_1)
                                                         net285 (net)
                      0.174493    0.000702    0.927226 v place283/A (sky130_fd_sc_hd__buf_1)
     4    0.012740    0.080432    0.184125    1.111352 v place283/X (sky130_fd_sc_hd__buf_1)
                                                         net354 (net)
                      0.080432    0.000095    1.111446 v output354/A (sky130_fd_sc_hd__buf_2)
     1    0.034361    0.089452    0.196602    1.308048 v output354/X (sky130_fd_sc_hd__buf_2)
                                                         a_out[2] (net)
                      0.089452    0.000156    1.308204 v a_out[2] (out)
                                              1.308204   data arrival time

                                  0.000000    0.000000   clock clk (rise edge)
                                  0.000000    0.000000   clock network delay (propagated)
                                  0.200000    0.200000   clock uncertainty
                                  0.000000    0.200000   clock reconvergence pessimism
                                 -0.020000    0.180000   output external delay
                                              0.180000   data required time
---------------------------------------------------------------------------------------------
                                              0.180000   data required time
                                             -1.308204   data arrival time
---------------------------------------------------------------------------------------------
                                              1.128204   slack (MET)


Startpoint: _2632_ (rising edge-triggered flip-flop clocked by clk)
Endpoint: a_out[10] (output port clocked by clk)
Path Group: clk
Path Type: min

Fanout         Cap        Slew       Delay        Time   Description
---------------------------------------------------------------------------------------------
                                  0.000000    0.000000   clock clk (rise edge)
                                  0.000000    0.000000   clock source latency
     1    0.020577    0.098310    0.067797    0.067797 ^ clk (in)
                                                         clk (net)
                      0.098324    0.000000    0.067797 ^ clkbuf_0_clk/A (sky130_fd_sc_hd__clkbuf_16)
    16    0.089719    0.106122    0.197967    0.265764 ^ clkbuf_0_clk/X (sky130_fd_sc_hd__clkbuf_16)
                                                         clknet_0_clk (net)
                      0.106164    0.002007    0.267772 ^ clkbuf_4_5_0_clk/A (sky130_fd_sc_hd__clkbuf_8)
     6    0.015837    0.044942    0.148448    0.416220 ^ clkbuf_4_5_0_clk/X (sky130_fd_sc_hd__clkbuf_8)
                                                         clknet_4_5_0_clk (net)
                      0.044942    0.000066    0.416286 ^ _2632_/CLK (sky130_fd_sc_hd__dfxtp_2)
     5    0.019430    0.057550    0.340890    0.757175 v _2632_/Q (sky130_fd_sc_hd__dfxtp_2)
                                                         net267 (net)
                      0.057550    0.000146    0.757322 v place268/A (sky130_fd_sc_hd__buf_1)
     8    0.026220    0.154247    0.193891    0.951213 v place268/X (sky130_fd_sc_hd__buf_1)
                                                         net268 (net)
                      0.154247    0.000227    0.951440 v place267/A (sky130_fd_sc_hd__buf_1)
     7    0.022087    0.130856    0.216585    1.168025 v place267/X (sky130_fd_sc_hd__buf_1)
                                                         net347 (net)
                      0.130856    0.000267    1.168292 v output347/A (sky130_fd_sc_hd__buf_2)
     1    0.035275    0.091656    0.220940    1.389232 v output347/X (sky130_fd_sc_hd__buf_2)
                                                         a_out[10] (net)
                      0.091657    0.000423    1.389655 v a_out[10] (out)
                                              1.389655   data arrival time

                                  0.000000    0.000000   clock clk (rise edge)
                                  0.000000    0.000000   clock network delay (propagated)
                                  0.200000    0.200000   clock uncertainty
                                  0.000000    0.200000   clock reconvergence pessimism
                                 -0.020000    0.180000   output external delay
                                              0.180000   data required time
---------------------------------------------------------------------------------------------
                                              0.180000   data required time
                                             -1.389655   data arrival time
---------------------------------------------------------------------------------------------
                                              1.209655   slack (MET)



