Instance,Terminal,Layer,X location,Y location,Voltage
FILLER_93_841,VPWR,li1,392.6100,263.8400,1.599715
FILLER_93_838,VPWR,li1,391.4600,263.8400,1.599715
FILLER_93_810,VPWR,li1,378.5800,263.8400,1.599719
FILLER_93_770,VPWR,li1,360.1800,263.8400,1.599744
FILLER_93_767,VPWR,li1,359.0300,263.8400,1.599750
FILLER_93_760,VPWR,li1,355.8100,263.8400,1.599757
FILLER_93_757,VPWR,li1,354.4300,263.8400,1.599757
FILLER_93_741,VPWR,li1,346.8400,263.8400,1.599779
FILLER_93_738,VPWR,li1,345.6900,263.8400,1.599779
FILLER_93_735,VPWR,li1,344.3100,263.8400,1.599784
FILLER_93_732,VPWR,li1,342.9300,263.8400,1.599790
FILLER_93_729,VPWR,li1,341.5500,263.8400,1.599790
FILLER_93_726,VPWR,li1,339.9400,263.8400,1.599796
FILLER_93_710,VPWR,li1,332.8100,263.8400,1.599814
FILLER_93_698,VPWR,li1,327.0600,263.8400,1.599819
FILLER_93_682,VPWR,li1,319.9300,263.8400,1.599792
FILLER_93_666,VPWR,li1,312.3400,263.8400,1.599766
FILLER_93_657,VPWR,li1,308.4300,263.8400,1.599756
FILLER_93_651,VPWR,li1,305.2100,263.8400,1.599748
FILLER_93_645,VPWR,li1,302.6800,263.8400,1.599743
FILLER_93_621,VPWR,li1,291.6400,263.8400,1.599722
FILLER_93_605,VPWR,li1,284.5100,263.8400,1.599711
FILLER_93_589,VPWR,li1,276.9200,263.8400,1.599708
FILLER_93_576,VPWR,li1,270.9400,263.8400,1.599709
FILLER_93_545,VPWR,li1,256.6800,263.8400,1.599718
FILLER_93_529,VPWR,li1,249.5500,263.8400,1.599725
FILLER_93_513,VPWR,li1,241.7300,263.8400,1.599734
FILLER_93_477,VPWR,li1,225.4000,263.8400,1.599757
FILLER_93_463,VPWR,li1,218.7300,263.8400,1.599766
FILLER_93_453,VPWR,li1,214.3600,263.8400,1.599772
FILLER_93_413,VPWR,li1,196.1900,263.8400,1.599801
FILLER_93_393,VPWR,li1,186.9900,263.8400,1.599817
FILLER_93_389,VPWR,li1,185.1500,263.8400,1.599820
FILLER_93_369,VPWR,li1,175.4900,263.8400,1.599833
FILLER_93_363,VPWR,li1,172.7300,263.8400,1.599818
FILLER_93_330,VPWR,li1,157.7800,263.8400,1.599744
FILLER_93_318,VPWR,li1,152.0300,263.8400,1.599717
FILLER_93_281,VPWR,li1,135.0100,263.8400,1.599645
FILLER_93_268,VPWR,li1,129.0300,263.8400,1.599620
FILLER_93_247,VPWR,li1,119.3700,263.8400,1.599599
FILLER_93_197,VPWR,li1,96.6000,263.8400,1.599570
FILLER_93_176,VPWR,li1,86.9400,263.8400,1.599568
FILLER_93_166,VPWR,li1,82.3400,263.8400,1.599569
FILLER_93_126,VPWR,li1,63.7100,263.8400,1.599589
FILLER_93_113,VPWR,li1,57.9600,263.8400,1.599611
FILLER_93_93,VPWR,li1,48.5300,263.8400,1.599659
FILLER_93_57,VPWR,li1,32.2000,263.8400,1.599755
FILLER_93_51,VPWR,li1,29.2100,263.8400,1.599773
FILLER_93_36,VPWR,li1,22.5400,263.8400,1.599820
FILLER_93_29,VPWR,li1,19.3200,263.8400,1.599818
FILLER_93_3,VPWR,li1,7.1300,263.8400,1.599813
FILLER_92_810,VPWR,li1,378.5800,263.8400,1.599719
FILLER_92_776,VPWR,li1,362.9400,263.8400,1.599738
FILLER_92_757,VPWR,li1,354.2000,263.8400,1.599757
FILLER_92_701,VPWR,li1,328.2100,263.8400,1.599828
FILLER_92_698,VPWR,li1,327.0600,263.8400,1.599819
FILLER_92_691,VPWR,li1,324.0700,263.8400,1.599804
FILLER_92_636,VPWR,li1,298.5400,263.8400,1.599736
FILLER_92_569,VPWR,li1,267.7200,263.8400,1.599710
FILLER_92_550,VPWR,li1,258.9800,263.8400,1.599715
FILLER_92_503,VPWR,li1,237.3600,263.8400,1.599740
FILLER_92_474,VPWR,li1,224.0200,263.8400,1.599760
FILLER_92_458,VPWR,li1,216.8900,263.8400,1.599768
FILLER_92_369,VPWR,li1,175.4900,263.8400,1.599833
FILLER_92_292,VPWR,li1,140.0700,263.8400,1.599666
FILLER_92_274,VPWR,li1,131.7900,263.8400,1.599635
FILLER_92_247,VPWR,li1,119.3700,263.8400,1.599599
FILLER_92_197,VPWR,li1,96.6000,263.8400,1.599570
FILLER_92_176,VPWR,li1,86.7100,263.8400,1.599568
FILLER_92_85,VPWR,li1,44.8500,263.8400,1.599676
FILLER_92_74,VPWR,li1,40.2500,263.8400,1.599700
FILLER_92_42,VPWR,li1,25.3000,263.8400,1.599796
FILLER_91_841,VPWR,li1,392.6100,258.4000,1.599831
FILLER_91_810,VPWR,li1,378.3500,258.4000,1.599833
FILLER_91_802,VPWR,li1,374.6700,258.4000,1.599834
FILLER_91_783,VPWR,li1,365.9300,258.4000,1.599839
FILLER_91_776,VPWR,li1,362.7100,258.4000,1.599841
FILLER_91_732,VPWR,li1,342.7000,258.4000,1.599857
FILLER_91_729,VPWR,li1,341.5500,258.4000,1.599859
FILLER_91_726,VPWR,li1,339.9400,258.4000,1.599860
FILLER_91_723,VPWR,li1,338.7900,258.4000,1.599860
FILLER_91_696,VPWR,li1,326.3700,258.4000,1.599861
FILLER_91_669,VPWR,li1,313.9500,258.4000,1.599808
FILLER_91_658,VPWR,li1,308.8900,258.4000,1.599787
FILLER_91_643,VPWR,li1,301.5300,258.4000,1.599760
FILLER_91_640,VPWR,li1,300.6100,258.4000,1.599752
FILLER_91_637,VPWR,li1,299.2300,258.4000,1.599752
FILLER_91_634,VPWR,li1,297.8500,258.4000,1.599742
FILLER_91_574,VPWR,li1,270.2500,258.4000,1.599670
FILLER_91_545,VPWR,li1,256.6800,258.4000,1.599644
FILLER_91_529,VPWR,li1,249.3200,258.4000,1.599639
FILLER_91_509,VPWR,li1,240.3500,258.4000,1.599639
FILLER_91_462,VPWR,li1,218.5000,258.4000,1.599661
FILLER_91_446,VPWR,li1,211.1400,258.4000,1.599673
FILLER_91_393,VPWR,li1,186.9900,258.4000,1.599725
FILLER_91_390,VPWR,li1,185.3800,258.4000,1.599730
FILLER_91_383,VPWR,li1,182.1600,258.4000,1.599734
FILLER_91_378,VPWR,li1,179.6300,258.4000,1.599739
FILLER_91_358,VPWR,li1,170.8900,258.4000,1.599714
FILLER_91_337,VPWR,li1,160.7700,258.4000,1.599642
FILLER_91_281,VPWR,li1,135.0100,258.4000,1.599512
FILLER_91_272,VPWR,li1,130.8700,258.4000,1.599501
FILLER_91_225,VPWR,li1,109.4800,258.4000,1.599481
FILLER_91_222,VPWR,li1,108.1000,258.4000,1.599481
FILLER_91_217,VPWR,li1,105.5700,258.4000,1.599483
FILLER_91_186,VPWR,li1,91.3100,258.4000,1.599505
FILLER_91_177,VPWR,li1,87.4000,258.4000,1.599513
FILLER_91_169,VPWR,li1,83.4900,258.4000,1.599525
FILLER_91_160,VPWR,li1,79.3500,258.4000,1.599536
FILLER_91_141,VPWR,li1,70.8400,258.4000,1.599564
FILLER_91_127,VPWR,li1,64.1700,258.4000,1.599596
FILLER_91_113,VPWR,li1,57.7300,258.4000,1.599623
FILLER_91_92,VPWR,li1,48.3000,258.4000,1.599674
FILLER_91_64,VPWR,li1,35.4200,258.4000,1.599746
FILLER_91_17,VPWR,li1,13.8000,258.4000,1.599833
FILLER_91_7,VPWR,li1,8.9700,258.4000,1.599833
FILLER_90_813,VPWR,li1,380.1900,258.4000,1.599833
FILLER_90_810,VPWR,li1,378.5800,258.4000,1.599833
FILLER_90_765,VPWR,li1,357.8800,258.4000,1.599844
FILLER_90_753,VPWR,li1,352.5900,258.4000,1.599848
FILLER_90_740,VPWR,li1,346.1500,258.4000,1.599855
FILLER_90_679,VPWR,li1,318.0900,258.4000,1.599819
FILLER_90_652,VPWR,li1,306.1300,258.4000,1.599778
FILLER_90_642,VPWR,li1,301.3000,258.4000,1.599760
FILLER_90_635,VPWR,li1,297.8500,258.4000,1.599742
FILLER_90_620,VPWR,li1,291.1800,258.4000,1.599721
FILLER_90_615,VPWR,li1,288.6500,258.4000,1.599715
FILLER_90_612,VPWR,li1,287.7300,258.4000,1.599715
FILLER_90_603,VPWR,li1,283.3600,258.4000,1.599697
FILLER_90_589,VPWR,li1,276.6900,258.4000,1.599685
FILLER_90_581,VPWR,li1,273.2400,258.4000,1.599675
FILLER_90_576,VPWR,li1,270.7100,258.4000,1.599670
FILLER_90_573,VPWR,li1,269.7900,258.4000,1.599665
FILLER_90_500,VPWR,li1,235.7500,258.4000,1.599642
FILLER_90_459,VPWR,li1,217.1200,258.4000,1.599665
FILLER_90_434,VPWR,li1,205.3900,258.4000,1.599683
FILLER_90_425,VPWR,li1,201.4800,258.4000,1.599692
FILLER_90_405,VPWR,li1,192.5100,258.4000,1.599711
FILLER_90_383,VPWR,li1,181.9300,258.4000,1.599734
FILLER_90_365,VPWR,li1,174.1100,258.4000,1.599751
FILLER_90_359,VPWR,li1,170.8900,258.4000,1.599714
FILLER_90_307,VPWR,li1,146.9700,258.4000,1.599568
FILLER_90_197,VPWR,li1,96.3700,258.4000,1.599496
FILLER_90_155,VPWR,li1,77.0500,258.4000,1.599545
FILLER_90_141,VPWR,li1,70.6100,258.4000,1.599570
FILLER_90_135,VPWR,li1,67.8500,258.4000,1.599580
FILLER_90_127,VPWR,li1,64.6300,258.4000,1.599587
FILLER_90_82,VPWR,li1,43.7000,258.4000,1.599695
FILLER_90_73,VPWR,li1,39.5600,258.4000,1.599724
FILLER_90_45,VPWR,li1,26.6800,258.4000,1.599801
FILLER_90_29,VPWR,li1,19.5500,258.4000,1.599834
FILLER_90_25,VPWR,li1,17.7100,258.4000,1.599833
FILLER_90_19,VPWR,li1,14.7200,258.4000,1.599833
FILLER_90_3,VPWR,li1,7.3600,258.4000,1.599832
FILLER_89_841,VPWR,li1,392.6100,252.9600,1.599523
FILLER_89_814,VPWR,li1,380.6500,252.9600,1.599528
FILLER_89_785,VPWR,li1,366.8500,252.9600,1.599545
FILLER_89_776,VPWR,li1,363.1700,252.9600,1.599551
FILLER_89_773,VPWR,li1,361.7900,252.9600,1.599557
FILLER_89_770,VPWR,li1,360.4100,252.9600,1.599557
FILLER_89_713,VPWR,li1,333.7300,252.9600,1.599674
FILLER_89_663,VPWR,li1,310.9600,252.9600,1.599616
FILLER_89_625,VPWR,li1,293.2500,252.9600,1.599547
FILLER_89_608,VPWR,li1,285.4300,252.9600,1.599525
FILLER_89_599,VPWR,li1,281.5200,252.9600,1.599514
FILLER_89_578,VPWR,li1,271.6300,252.9600,1.599499
FILLER_89_558,VPWR,li1,262.6600,252.9600,1.599491
FILLER_89_539,VPWR,li1,254.1500,252.9600,1.599486
FILLER_89_533,VPWR,li1,250.9300,252.9600,1.599485
FILLER_89_513,VPWR,li1,241.7300,252.9600,1.599491
FILLER_89_502,VPWR,li1,236.9000,252.9600,1.599496
FILLER_89_480,VPWR,li1,226.5500,252.9600,1.599516
FILLER_89_453,VPWR,li1,214.1300,252.9600,1.599553
FILLER_89_447,VPWR,li1,211.3700,252.9600,1.599562
FILLER_89_435,VPWR,li1,205.8500,252.9600,1.599582
FILLER_89_393,VPWR,li1,186.5300,252.9600,1.599661
FILLER_89_382,VPWR,li1,181.9300,252.9600,1.599679
FILLER_89_348,VPWR,li1,165.8300,252.9600,1.599639
FILLER_89_281,VPWR,li1,135.0100,252.9600,1.599465
FILLER_89_275,VPWR,li1,132.2500,252.9600,1.599460
FILLER_89_223,VPWR,li1,108.3300,252.9600,1.599449
FILLER_89_204,VPWR,li1,99.8200,252.9600,1.599458
FILLER_89_160,VPWR,li1,79.5800,252.9600,1.599512
FILLER_89_140,VPWR,li1,70.3800,252.9600,1.599547
FILLER_89_81,VPWR,li1,43.4700,252.9600,1.599688
FILLER_89_3,VPWR,li1,7.1300,252.9600,1.599824
FILLER_88_810,VPWR,li1,378.5800,252.9600,1.599531
FILLER_88_793,VPWR,li1,370.5300,252.9600,1.599542
FILLER_88_780,VPWR,li1,364.5500,252.9600,1.599551
FILLER_88_777,VPWR,li1,363.6300,252.9600,1.599551
FILLER_88_760,VPWR,li1,355.5800,252.9600,1.599569
FILLER_88_757,VPWR,li1,354.4300,252.9600,1.599574
FILLER_88_690,VPWR,li1,323.1500,252.9600,1.599684
FILLER_88_680,VPWR,li1,318.7800,252.9600,1.599659
FILLER_88_645,VPWR,li1,302.9100,252.9600,1.599579
FILLER_88_642,VPWR,li1,301.3000,252.9600,1.599572
FILLER_88_639,VPWR,li1,300.1500,252.9600,1.599572
FILLER_88_630,VPWR,li1,296.0100,252.9600,1.599556
FILLER_88_600,VPWR,li1,281.9800,252.9600,1.599514
FILLER_88_597,VPWR,li1,280.8300,252.9600,1.599514
FILLER_88_589,VPWR,li1,276.9200,252.9600,1.599504
FILLER_88_587,VPWR,li1,275.7700,252.9600,1.599504
FILLER_88_568,VPWR,li1,267.0300,252.9600,1.599495
FILLER_88_563,VPWR,li1,264.7300,252.9600,1.599492
FILLER_88_560,VPWR,li1,263.8100,252.9600,1.599492
FILLER_88_533,VPWR,li1,251.1600,252.9600,1.599485
FILLER_88_504,VPWR,li1,237.5900,252.9600,1.599496
FILLER_88_481,VPWR,li1,227.4700,252.9600,1.599516
FILLER_88_461,VPWR,li1,217.8100,252.9600,1.599538
FILLER_88_452,VPWR,li1,213.9000,252.9600,1.599553
FILLER_88_377,VPWR,li1,179.1700,252.9600,1.599698
FILLER_88_182,VPWR,li1,89.7000,252.9600,1.599480
FILLER_88_153,VPWR,li1,76.1300,252.9600,1.599528
FILLER_88_141,VPWR,li1,70.6100,252.9600,1.599547
FILLER_88_105,VPWR,li1,54.5100,252.9600,1.599623
FILLER_88_40,VPWR,li1,24.1500,252.9600,1.599810
FILLER_88_20,VPWR,li1,14.9500,252.9600,1.599826
FILLER_88_3,VPWR,li1,7.3600,252.9600,1.599824
FILLER_87_841,VPWR,li1,392.6100,247.5200,1.599591
FILLER_87_838,VPWR,li1,391.4600,247.5200,1.599591
FILLER_87_809,VPWR,li1,377.8900,247.5200,1.599595
FILLER_87_775,VPWR,li1,362.7100,247.5200,1.599608
FILLER_87_772,VPWR,li1,361.3300,247.5200,1.599613
FILLER_87_769,VPWR,li1,359.9500,247.5200,1.599613
FILLER_87_766,VPWR,li1,358.5700,247.5200,1.599618
FILLER_87_756,VPWR,li1,353.5100,247.5200,1.599632
FILLER_87_748,VPWR,li1,350.2900,247.5200,1.599637
FILLER_87_745,VPWR,li1,348.9100,247.5200,1.599644
FILLER_87_726,VPWR,li1,339.9400,247.5200,1.599681
FILLER_87_723,VPWR,li1,338.7900,247.5200,1.599681
FILLER_87_707,VPWR,li1,331.4300,247.5200,1.599719
FILLER_87_704,VPWR,li1,330.0500,247.5200,1.599733
FILLER_87_701,VPWR,li1,328.6700,247.5200,1.599723
FILLER_87_698,VPWR,li1,327.2900,247.5200,1.599723
FILLER_87_689,VPWR,li1,322.9200,247.5200,1.599694
FILLER_87_686,VPWR,li1,321.7700,247.5200,1.599694
FILLER_87_671,VPWR,li1,314.4100,247.5200,1.599662
FILLER_87_649,VPWR,li1,304.5200,247.5200,1.599628
FILLER_87_646,VPWR,li1,303.3700,247.5200,1.599620
FILLER_87_643,VPWR,li1,301.9900,247.5200,1.599620
FILLER_87_640,VPWR,li1,300.6100,247.5200,1.599611
FILLER_87_637,VPWR,li1,299.2300,247.5200,1.599611
FILLER_87_630,VPWR,li1,295.7800,247.5200,1.599600
FILLER_87_627,VPWR,li1,294.6300,247.5200,1.599592
FILLER_87_624,VPWR,li1,293.2500,247.5200,1.599592
FILLER_87_617,VPWR,li1,289.8000,247.5200,1.599577
FILLER_87_615,VPWR,li1,288.6500,247.5200,1.599577
FILLER_87_612,VPWR,li1,287.7300,247.5200,1.599572
FILLER_87_609,VPWR,li1,286.3500,247.5200,1.599572
FILLER_87_606,VPWR,li1,284.9700,247.5200,1.599566
FILLER_87_603,VPWR,li1,283.5900,247.5200,1.599561
FILLER_87_600,VPWR,li1,282.2100,247.5200,1.599561
FILLER_87_591,VPWR,li1,277.8400,247.5200,1.599547
FILLER_87_557,VPWR,li1,262.4300,247.5200,1.599524
FILLER_87_532,VPWR,li1,250.9300,247.5200,1.599514
FILLER_87_526,VPWR,li1,247.9400,247.5200,1.599511
FILLER_87_487,VPWR,li1,230.0000,247.5200,1.599515
FILLER_87_482,VPWR,li1,227.4700,247.5200,1.599517
FILLER_87_434,VPWR,li1,205.3900,247.5200,1.599563
FILLER_87_416,VPWR,li1,197.1100,247.5200,1.599592
FILLER_87_370,VPWR,li1,176.1800,247.5200,1.599680
FILLER_87_290,VPWR,li1,139.1500,247.5200,1.599519
FILLER_87_263,VPWR,li1,126.7300,247.5200,1.599506
FILLER_87_238,VPWR,li1,115.2300,247.5200,1.599505
FILLER_87_205,VPWR,li1,100.0500,247.5200,1.599521
FILLER_87_173,VPWR,li1,85.7900,247.5200,1.599556
FILLER_87_98,VPWR,li1,50.8300,247.5200,1.599687
FILLER_87_57,VPWR,li1,32.2000,247.5200,1.599785
FILLER_87_39,VPWR,li1,23.6900,247.5200,1.599832
FILLER_87_25,VPWR,li1,17.2500,247.5200,1.599852
FILLER_86_828,VPWR,li1,386.6300,247.5200,1.599591
FILLER_86_818,VPWR,li1,382.0300,247.5200,1.599592
FILLER_86_794,VPWR,li1,371.2200,247.5200,1.599598
FILLER_86_779,VPWR,li1,364.3200,247.5200,1.599608
FILLER_86_764,VPWR,li1,357.4200,247.5200,1.599618
FILLER_86_744,VPWR,li1,348.2200,247.5200,1.599644
FILLER_86_741,VPWR,li1,347.0700,247.5200,1.599653
FILLER_86_738,VPWR,li1,345.6900,247.5200,1.599653
FILLER_86_720,VPWR,li1,337.1800,247.5200,1.599697
FILLER_86_710,VPWR,li1,332.5800,247.5200,1.599719
FILLER_86_707,VPWR,li1,331.4300,247.5200,1.599719
FILLER_86_667,VPWR,li1,312.5700,247.5200,1.599652
FILLER_86_664,VPWR,li1,311.6500,247.5200,1.599652
FILLER_86_645,VPWR,li1,302.4500,247.5200,1.599620
FILLER_86_632,VPWR,li1,296.9300,247.5200,1.599600
FILLER_86_613,VPWR,li1,288.1900,247.5200,1.599577
FILLER_86_610,VPWR,li1,286.8100,247.5200,1.599572
FILLER_86_605,VPWR,li1,284.2800,247.5200,1.599566
FILLER_86_602,VPWR,li1,283.1300,247.5200,1.599561
FILLER_86_580,VPWR,li1,272.5500,247.5200,1.599537
FILLER_86_568,VPWR,li1,267.0300,247.5200,1.599529
FILLER_86_544,VPWR,li1,255.9900,247.5200,1.599519
FILLER_86_533,VPWR,li1,251.3900,247.5200,1.599514
FILLER_86_502,VPWR,li1,237.1300,247.5200,1.599509
FILLER_86_484,VPWR,li1,228.3900,247.5200,1.599515
FILLER_86_475,VPWR,li1,224.2500,247.5200,1.599520
FILLER_86_460,VPWR,li1,217.5800,247.5200,1.599531
FILLER_86_425,VPWR,li1,201.4800,247.5200,1.599577
FILLER_86_418,VPWR,li1,198.2600,247.5200,1.599583
FILLER_86_409,VPWR,li1,194.1200,247.5200,1.599604
FILLER_86_328,VPWR,li1,156.6300,247.5200,1.599580
FILLER_86_309,VPWR,li1,148.1200,247.5200,1.599543
FILLER_86_268,VPWR,li1,129.0300,247.5200,1.599507
FILLER_86_253,VPWR,li1,122.1300,247.5200,1.599504
FILLER_86_174,VPWR,li1,86.2500,247.5200,1.599550
FILLER_86_110,VPWR,li1,56.8100,247.5200,1.599658
FILLER_86_104,VPWR,li1,53.5900,247.5200,1.599674
FILLER_86_85,VPWR,li1,45.0800,247.5200,1.599717
FILLER_86_75,VPWR,li1,40.2500,247.5200,1.599742
FILLER_86_61,VPWR,li1,33.8100,247.5200,1.599785
FILLER_86_3,VPWR,li1,7.1300,247.5200,1.599851
FILLER_85_841,VPWR,li1,392.6100,242.0800,1.599511
FILLER_85_839,VPWR,li1,391.6900,242.0800,1.599511
FILLER_85_801,VPWR,li1,374.2100,242.0800,1.599532
FILLER_85_778,VPWR,li1,364.0900,242.0800,1.599558
FILLER_85_775,VPWR,li1,362.7100,242.0800,1.599567
FILLER_85_763,VPWR,li1,356.7300,242.0800,1.599584
FILLER_85_760,VPWR,li1,355.8100,242.0800,1.599584
FILLER_85_757,VPWR,li1,354.4300,242.0800,1.599593
FILLER_85_746,VPWR,li1,349.1400,242.0800,1.599613
FILLER_85_743,VPWR,li1,347.9900,242.0800,1.599613
FILLER_85_729,VPWR,li1,341.3200,242.0800,1.599643
FILLER_85_726,VPWR,li1,339.9400,242.0800,1.599653
FILLER_85_723,VPWR,li1,338.7900,242.0800,1.599653
FILLER_85_707,VPWR,li1,331.2000,242.0800,1.599687
FILLER_85_704,VPWR,li1,330.0500,242.0800,1.599699
FILLER_85_701,VPWR,li1,328.6700,242.0800,1.599699
FILLER_85_682,VPWR,li1,319.4700,242.0800,1.599628
FILLER_85_673,VPWR,li1,315.5600,242.0800,1.599597
FILLER_85_667,VPWR,li1,312.5700,242.0800,1.599582
FILLER_85_664,VPWR,li1,311.6500,242.0800,1.599569
FILLER_85_661,VPWR,li1,310.2700,242.0800,1.599569
FILLER_85_658,VPWR,li1,308.8900,242.0800,1.599555
FILLER_85_655,VPWR,li1,307.5100,242.0800,1.599546
FILLER_85_642,VPWR,li1,301.5300,242.0800,1.599518
FILLER_85_621,VPWR,li1,291.4100,242.0800,1.599470
FILLER_85_590,VPWR,li1,277.6100,242.0800,1.599427
FILLER_85_587,VPWR,li1,276.2300,242.0800,1.599420
FILLER_85_567,VPWR,li1,266.8000,242.0800,1.599400
FILLER_85_564,VPWR,li1,265.6500,242.0800,1.599400
FILLER_85_561,VPWR,li1,264.2700,242.0800,1.599397
FILLER_85_530,VPWR,li1,249.7800,242.0800,1.599395
FILLER_85_519,VPWR,li1,244.4900,242.0800,1.599399
FILLER_85_503,VPWR,li1,237.1300,242.0800,1.599410
FILLER_85_468,VPWR,li1,221.2600,242.0800,1.599454
FILLER_85_426,VPWR,li1,201.7100,242.0800,1.599524
FILLER_85_399,VPWR,li1,189.7500,242.0800,1.599588
FILLER_85_385,VPWR,li1,183.0800,242.0800,1.599627
FILLER_85_376,VPWR,li1,178.7100,242.0800,1.599645
FILLER_85_343,VPWR,li1,163.5300,242.0800,1.599589
FILLER_85_319,VPWR,li1,152.4900,242.0800,1.599511
FILLER_85_301,VPWR,li1,144.2100,242.0800,1.599459
FILLER_85_278,VPWR,li1,133.8600,242.0800,1.599422
FILLER_85_225,VPWR,li1,109.4800,242.0800,1.599433
FILLER_85_165,VPWR,li1,82.1100,242.0800,1.599526
FILLER_85_154,VPWR,li1,76.8200,242.0800,1.599547
FILLER_85_129,VPWR,li1,65.0900,242.0800,1.599610
FILLER_85_113,VPWR,li1,58.1900,242.0800,1.599638
FILLER_85_43,VPWR,li1,25.5300,242.0800,1.599827
FILLER_85_21,VPWR,li1,15.4100,242.0800,1.599849
FILLER_85_7,VPWR,li1,8.9700,242.0800,1.599849
FILLER_84_840,VPWR,li1,392.3800,242.0800,1.599511
FILLER_84_810,VPWR,li1,378.5800,242.0800,1.599523
FILLER_84_804,VPWR,li1,375.8200,242.0800,1.599532
FILLER_84_783,VPWR,li1,365.9300,242.0800,1.599553
FILLER_84_753,VPWR,li1,352.5900,242.0800,1.599599
FILLER_84_750,VPWR,li1,351.2100,242.0800,1.599606
FILLER_84_747,VPWR,li1,349.8300,242.0800,1.599606
FILLER_84_744,VPWR,li1,348.4500,242.0800,1.599613
FILLER_84_741,VPWR,li1,347.0700,242.0800,1.599622
FILLER_84_738,VPWR,li1,345.6900,242.0800,1.599622
FILLER_84_718,VPWR,li1,336.2600,242.0800,1.599662
FILLER_84_712,VPWR,li1,333.5000,242.0800,1.599676
FILLER_84_707,VPWR,li1,331.2000,242.0800,1.599687
FILLER_84_704,VPWR,li1,330.0500,242.0800,1.599699
FILLER_84_695,VPWR,li1,325.4500,242.0800,1.599661
FILLER_84_653,VPWR,li1,306.1300,242.0800,1.599546
FILLER_84_645,VPWR,li1,302.4500,242.0800,1.599518
FILLER_84_641,VPWR,li1,301.0700,242.0800,1.599518
FILLER_84_606,VPWR,li1,284.9700,242.0800,1.599450
FILLER_84_533,VPWR,li1,250.9300,242.0800,1.599395
FILLER_84_518,VPWR,li1,244.0300,242.0800,1.599401
FILLER_84_510,VPWR,li1,240.8100,242.0800,1.599406
FILLER_84_489,VPWR,li1,231.1500,242.0800,1.599427
FILLER_84_474,VPWR,li1,224.0200,242.0800,1.599442
FILLER_84_463,VPWR,li1,218.9600,242.0800,1.599461
FILLER_84_447,VPWR,li1,211.3700,242.0800,1.599487
FILLER_84_421,VPWR,li1,199.8700,242.0800,1.599535
FILLER_84_415,VPWR,li1,196.6500,242.0800,1.599546
FILLER_84_386,VPWR,li1,183.5400,242.0800,1.599616
FILLER_84_369,VPWR,li1,175.4900,242.0800,1.599672
FILLER_84_363,VPWR,li1,172.7300,242.0800,1.599656
FILLER_84_345,VPWR,li1,164.4500,242.0800,1.599589
FILLER_84_309,VPWR,li1,148.1200,242.0800,1.599478
FILLER_84_197,VPWR,li1,96.6000,242.0800,1.599469
FILLER_84_187,VPWR,li1,92.0000,242.0800,1.599482
FILLER_84_164,VPWR,li1,81.4200,242.0800,1.599526
FILLER_84_125,VPWR,li1,63.4800,242.0800,1.599610
FILLER_84_110,VPWR,li1,56.3500,242.0800,1.599648
FILLER_84_96,VPWR,li1,50.1400,242.0800,1.599691
FILLER_84_85,VPWR,li1,45.0800,242.0800,1.599716
FILLER_84_72,VPWR,li1,39.1000,242.0800,1.599753
FILLER_84_50,VPWR,li1,28.9800,242.0800,1.599809
FILLER_84_25,VPWR,li1,17.7100,242.0800,1.599849
FILLER_84_5,VPWR,li1,8.5100,242.0800,1.599849
FILLER_83_841,VPWR,li1,392.6100,236.6400,1.599495
FILLER_83_814,VPWR,li1,380.1900,236.6400,1.599502
FILLER_83_776,VPWR,li1,362.7100,236.6400,1.599530
FILLER_83_767,VPWR,li1,358.8000,236.6400,1.599544
FILLER_83_671,VPWR,li1,314.4100,236.6400,1.599585
FILLER_83_617,VPWR,li1,289.8000,236.6400,1.599489
FILLER_83_609,VPWR,li1,286.1200,236.6400,1.599477
FILLER_83_595,VPWR,li1,279.9100,236.6400,1.599468
FILLER_83_561,VPWR,li1,264.2700,236.6400,1.599449
FILLER_83_558,VPWR,li1,262.6600,236.6400,1.599448
FILLER_83_555,VPWR,li1,261.5100,236.6400,1.599448
FILLER_83_548,VPWR,li1,258.2900,236.6400,1.599445
FILLER_83_541,VPWR,li1,254.6100,236.6400,1.599442
FILLER_83_538,VPWR,li1,253.6900,236.6400,1.599442
FILLER_83_530,VPWR,li1,249.5500,236.6400,1.599440
FILLER_83_501,VPWR,li1,236.6700,236.6400,1.599445
FILLER_83_431,VPWR,li1,204.2400,236.6400,1.599544
FILLER_83_421,VPWR,li1,199.6400,236.6400,1.599565
FILLER_83_410,VPWR,li1,194.5800,236.6400,1.599591
FILLER_83_393,VPWR,li1,186.9900,236.6400,1.599644
FILLER_83_369,VPWR,li1,175.7200,236.6400,1.599742
FILLER_83_350,VPWR,li1,166.9800,236.6400,1.599716
FILLER_83_291,VPWR,li1,139.6100,236.6400,1.599650
FILLER_83_225,VPWR,li1,109.4800,236.6400,1.599653
FILLER_83_223,VPWR,li1,108.3300,236.6400,1.599653
FILLER_83_196,VPWR,li1,95.9100,236.6400,1.599670
FILLER_83_173,VPWR,li1,85.5600,236.6400,1.599691
FILLER_83_167,VPWR,li1,82.5700,236.6400,1.599701
FILLER_83_159,VPWR,li1,79.3500,236.6400,1.599709
FILLER_83_143,VPWR,li1,71.9900,236.6400,1.599729
FILLER_83_136,VPWR,li1,68.5400,236.6400,1.599739
FILLER_83_125,VPWR,li1,63.7100,236.6400,1.599750
FILLER_83_118,VPWR,li1,60.2600,236.6400,1.599761
FILLER_83_113,VPWR,li1,57.7300,236.6400,1.599769
FILLER_83_107,VPWR,li1,54.9700,236.6400,1.599783
FILLER_83_91,VPWR,li1,47.6100,236.6400,1.599803
FILLER_83_57,VPWR,li1,31.9700,236.6400,1.599859
FILLER_83_53,VPWR,li1,30.5900,236.6400,1.599867
FILLER_83_31,VPWR,li1,20.2400,236.6400,1.599900
FILLER_83_3,VPWR,li1,7.5900,236.6400,1.599898
FILLER_82_817,VPWR,li1,381.8000,236.6400,1.599500
FILLER_82_811,VPWR,li1,378.8100,236.6400,1.599502
FILLER_82_780,VPWR,li1,364.5500,236.6400,1.599526
FILLER_82_757,VPWR,li1,354.2000,236.6400,1.599559
FILLER_82_730,VPWR,li1,341.7800,236.6400,1.599609
FILLER_82_690,VPWR,li1,323.1500,236.6400,1.599636
FILLER_82_650,VPWR,li1,304.9800,236.6400,1.599541
FILLER_82_626,VPWR,li1,293.7100,236.6400,1.599495
FILLER_82_623,VPWR,li1,292.7900,236.6400,1.599495
FILLER_82_589,VPWR,li1,277.1500,236.6400,1.599463
FILLER_82_585,VPWR,li1,275.3100,236.6400,1.599461
FILLER_82_568,VPWR,li1,267.4900,236.6400,1.599452
FILLER_82_536,VPWR,li1,252.7700,236.6400,1.599441
FILLER_82_533,VPWR,li1,251.3900,236.6400,1.599441
FILLER_82_531,VPWR,li1,250.0100,236.6400,1.599440
FILLER_82_528,VPWR,li1,249.0900,236.6400,1.599440
FILLER_82_525,VPWR,li1,247.7100,236.6400,1.599440
FILLER_82_518,VPWR,li1,244.0300,236.6400,1.599441
FILLER_82_474,VPWR,li1,224.0200,236.6400,1.599463
FILLER_82_462,VPWR,li1,218.7300,236.6400,1.599480
FILLER_82_428,VPWR,li1,203.0900,236.6400,1.599544
FILLER_82_415,VPWR,li1,196.6500,236.6400,1.599578
FILLER_82_405,VPWR,li1,192.2800,236.6400,1.599607
FILLER_82_387,VPWR,li1,183.7700,236.6400,1.599674
FILLER_82_376,VPWR,li1,178.9400,236.6400,1.599706
FILLER_82_365,VPWR,li1,173.6500,236.6400,1.599734
FILLER_82_289,VPWR,li1,138.9200,236.6400,1.599650
FILLER_82_222,VPWR,li1,108.1000,236.6400,1.599653
FILLER_82_210,VPWR,li1,102.3500,236.6400,1.599660
FILLER_82_191,VPWR,li1,93.6100,236.6400,1.599674
FILLER_82_141,VPWR,li1,70.8400,236.6400,1.599729
FILLER_82_112,VPWR,li1,57.5000,236.6400,1.599769
FILLER_82_66,VPWR,li1,36.1100,236.6400,1.599844
FILLER_82_44,VPWR,li1,25.9900,236.6400,1.599883
FILLER_82_29,VPWR,li1,19.5500,236.6400,1.599900
FILLER_81_841,VPWR,li1,392.6100,231.2000,1.599576
FILLER_81_835,VPWR,li1,389.8500,231.2000,1.599576
FILLER_81_813,VPWR,li1,379.9600,231.2000,1.599580
FILLER_81_782,VPWR,li1,365.7000,231.2000,1.599600
FILLER_81_744,VPWR,li1,347.9900,231.2000,1.599662
FILLER_81_732,VPWR,li1,342.9300,231.2000,1.599677
FILLER_81_729,VPWR,li1,341.5500,231.2000,1.599686
FILLER_81_718,VPWR,li1,336.0300,231.2000,1.599705
FILLER_81_670,VPWR,li1,314.1800,231.2000,1.599686
FILLER_81_659,VPWR,li1,309.3500,231.2000,1.599673
FILLER_81_633,VPWR,li1,297.3900,231.2000,1.599653
FILLER_81_626,VPWR,li1,293.9400,231.2000,1.599650
FILLER_81_623,VPWR,li1,292.7900,231.2000,1.599647
FILLER_81_620,VPWR,li1,291.4100,231.2000,1.599647
FILLER_81_617,VPWR,li1,290.0300,231.2000,1.599644
FILLER_81_594,VPWR,li1,279.2200,231.2000,1.599637
FILLER_81_572,VPWR,li1,269.1000,231.2000,1.599638
FILLER_81_564,VPWR,li1,265.6500,231.2000,1.599639
FILLER_81_561,VPWR,li1,264.2700,231.2000,1.599639
FILLER_81_558,VPWR,li1,262.6600,231.2000,1.599640
FILLER_81_538,VPWR,li1,253.4600,231.2000,1.599646
FILLER_81_535,VPWR,li1,252.3100,231.2000,1.599646
FILLER_81_502,VPWR,li1,236.9000,231.2000,1.599661
FILLER_81_453,VPWR,li1,214.3600,231.2000,1.599695
FILLER_81_442,VPWR,li1,209.3000,231.2000,1.599705
FILLER_81_348,VPWR,li1,165.8300,231.2000,1.599778
FILLER_81_281,VPWR,li1,135.0100,231.2000,1.599723
FILLER_81_279,VPWR,li1,134.0900,231.2000,1.599723
FILLER_81_242,VPWR,li1,117.3000,231.2000,1.599730
FILLER_81_225,VPWR,li1,109.4800,231.2000,1.599738
FILLER_81_222,VPWR,li1,108.1000,231.2000,1.599738
FILLER_81_187,VPWR,li1,92.2300,231.2000,1.599759
FILLER_81_155,VPWR,li1,77.5100,231.2000,1.599785
FILLER_81_131,VPWR,li1,66.0100,231.2000,1.599810
FILLER_81_111,VPWR,li1,56.8100,231.2000,1.599830
FILLER_81_57,VPWR,li1,32.2000,231.2000,1.599894
FILLER_81_47,VPWR,li1,27.3700,231.2000,1.599913
FILLER_81_26,VPWR,li1,17.7100,231.2000,1.599924
FILLER_80_810,VPWR,li1,378.5800,231.2000,1.599582
FILLER_80_804,VPWR,li1,375.8200,231.2000,1.599585
FILLER_80_769,VPWR,li1,359.4900,231.2000,1.599622
FILLER_80_766,VPWR,li1,358.5700,231.2000,1.599622
FILLER_80_757,VPWR,li1,353.9700,231.2000,1.599637
FILLER_80_749,VPWR,li1,350.5200,231.2000,1.599654
FILLER_80_738,VPWR,li1,345.4600,231.2000,1.599670
FILLER_80_735,VPWR,li1,344.3100,231.2000,1.599677
FILLER_80_725,VPWR,li1,339.4800,231.2000,1.599696
FILLER_80_705,VPWR,li1,330.2800,231.2000,1.599728
FILLER_80_653,VPWR,li1,306.1300,231.2000,1.599667
FILLER_80_650,VPWR,li1,305.2100,231.2000,1.599667
FILLER_80_636,VPWR,li1,298.3100,231.2000,1.599656
FILLER_80_621,VPWR,li1,291.6400,231.2000,1.599647
FILLER_80_594,VPWR,li1,279.2200,231.2000,1.599637
FILLER_80_587,VPWR,li1,275.7700,231.2000,1.599637
FILLER_80_584,VPWR,li1,274.8500,231.2000,1.599637
FILLER_80_575,VPWR,li1,270.4800,231.2000,1.599637
FILLER_80_546,VPWR,li1,257.3700,231.2000,1.599643
FILLER_80_520,VPWR,li1,245.4100,231.2000,1.599652
FILLER_80_474,VPWR,li1,224.0200,231.2000,1.599676
FILLER_80_468,VPWR,li1,221.0300,231.2000,1.599680
FILLER_80_447,VPWR,li1,211.6000,231.2000,1.599700
FILLER_80_421,VPWR,li1,199.4100,231.2000,1.599727
FILLER_80_419,VPWR,li1,198.4900,231.2000,1.599727
FILLER_80_365,VPWR,li1,173.8800,231.2000,1.599802
FILLER_80_363,VPWR,li1,172.7300,231.2000,1.599802
FILLER_80_268,VPWR,li1,129.2600,231.2000,1.599725
FILLER_80_250,VPWR,li1,120.9800,231.2000,1.599728
FILLER_80_207,VPWR,li1,100.9700,231.2000,1.599748
FILLER_80_197,VPWR,li1,96.3700,231.2000,1.599753
FILLER_80_179,VPWR,li1,88.3200,231.2000,1.599767
FILLER_80_98,VPWR,li1,51.2900,231.2000,1.599843
FILLER_80_79,VPWR,li1,42.0900,231.2000,1.599867
FILLER_80_65,VPWR,li1,35.6500,231.2000,1.599884
FILLER_80_54,VPWR,li1,30.8200,231.2000,1.599899
FILLER_80_39,VPWR,li1,23.6900,231.2000,1.599919
FILLER_80_25,VPWR,li1,17.7100,231.2000,1.599924
FILLER_80_11,VPWR,li1,10.8100,231.2000,1.599923
FILLER_79_841,VPWR,li1,392.6100,225.7600,1.599657
FILLER_79_823,VPWR,li1,384.5600,225.7600,1.599660
FILLER_79_802,VPWR,li1,374.6700,225.7600,1.599665
FILLER_79_783,VPWR,li1,365.9300,225.7600,1.599674
FILLER_79_780,VPWR,li1,365.0100,225.7600,1.599677
FILLER_79_777,VPWR,li1,363.6300,225.7600,1.599677
FILLER_79_770,VPWR,li1,360.1800,225.7600,1.599681
FILLER_79_749,VPWR,li1,350.7500,225.7600,1.599696
FILLER_79_739,VPWR,li1,346.1500,225.7600,1.599708
FILLER_79_736,VPWR,li1,344.7700,225.7600,1.599708
FILLER_79_727,VPWR,li1,340.1700,225.7600,1.599722
FILLER_79_724,VPWR,li1,339.2500,225.7600,1.599722
FILLER_79_721,VPWR,li1,337.8700,225.7600,1.599728
FILLER_79_718,VPWR,li1,336.4900,225.7600,1.599728
FILLER_79_700,VPWR,li1,327.9800,225.7600,1.599744
FILLER_79_673,VPWR,li1,315.7900,225.7600,1.599674
FILLER_79_662,VPWR,li1,310.7300,225.7600,1.599650
FILLER_79_659,VPWR,li1,309.3500,225.7600,1.599638
FILLER_79_656,VPWR,li1,307.9700,225.7600,1.599638
FILLER_79_653,VPWR,li1,306.5900,225.7600,1.599629
FILLER_79_632,VPWR,li1,296.4700,225.7600,1.599583
FILLER_79_620,VPWR,li1,290.9500,225.7600,1.599558
FILLER_79_617,VPWR,li1,290.0300,225.7600,1.599547
FILLER_79_615,VPWR,li1,288.6500,225.7600,1.599547
FILLER_79_582,VPWR,li1,273.7000,225.7600,1.599512
FILLER_79_567,VPWR,li1,267.0300,225.7600,1.599518
FILLER_79_561,VPWR,li1,263.8100,225.7600,1.599522
FILLER_79_559,VPWR,li1,262.8900,225.7600,1.599522
FILLER_79_550,VPWR,li1,258.7500,225.7600,1.599528
FILLER_79_547,VPWR,li1,257.8300,225.7600,1.599530
FILLER_79_544,VPWR,li1,256.4500,225.7600,1.599530
FILLER_79_541,VPWR,li1,255.0700,225.7600,1.599533
FILLER_79_538,VPWR,li1,253.6900,225.7600,1.599533
FILLER_79_503,VPWR,li1,237.1300,225.7600,1.599556
FILLER_79_480,VPWR,li1,226.7800,225.7600,1.599571
FILLER_79_467,VPWR,li1,220.5700,225.7600,1.599583
FILLER_79_461,VPWR,li1,217.8100,225.7600,1.599589
FILLER_79_449,VPWR,li1,212.7500,225.7600,1.599606
FILLER_79_434,VPWR,li1,205.3900,225.7600,1.599634
FILLER_79_422,VPWR,li1,200.1000,225.7600,1.599657
FILLER_79_393,VPWR,li1,186.7600,225.7600,1.599718
FILLER_79_374,VPWR,li1,177.7900,225.7600,1.599759
FILLER_79_288,VPWR,li1,138.4600,225.7600,1.599703
FILLER_79_281,VPWR,li1,135.2400,225.7600,1.599702
FILLER_79_247,VPWR,li1,119.3700,225.7600,1.599704
FILLER_79_229,VPWR,li1,111.0900,225.7600,1.599710
FILLER_79_222,VPWR,li1,108.1000,225.7600,1.599716
FILLER_79_202,VPWR,li1,99.1300,225.7600,1.599727
FILLER_79_187,VPWR,li1,92.0000,225.7600,1.599741
FILLER_79_169,VPWR,li1,83.9500,225.7600,1.599759
FILLER_79_161,VPWR,li1,79.8100,225.7600,1.599769
FILLER_79_132,VPWR,li1,66.9300,225.7600,1.599795
FILLER_79_97,VPWR,li1,50.8300,225.7600,1.599835
FILLER_79_86,VPWR,li1,45.5400,225.7600,1.599849
FILLER_79_75,VPWR,li1,40.7100,225.7600,1.599862
FILLER_79_61,VPWR,li1,33.8100,225.7600,1.599881
FILLER_79_46,VPWR,li1,27.3700,225.7600,1.599906
FILLER_78_840,VPWR,li1,392.3800,225.7600,1.599657
FILLER_78_806,VPWR,li1,376.7400,225.7600,1.599664
FILLER_78_781,VPWR,li1,365.4700,225.7600,1.599674
FILLER_78_766,VPWR,li1,358.3400,225.7600,1.599686
FILLER_78_763,VPWR,li1,357.1900,225.7600,1.599686
FILLER_78_760,VPWR,li1,355.8100,225.7600,1.599690
FILLER_78_757,VPWR,li1,354.4300,225.7600,1.599693
FILLER_78_754,VPWR,li1,352.8200,225.7600,1.599693
FILLER_78_751,VPWR,li1,351.6700,225.7600,1.599696
FILLER_78_735,VPWR,li1,344.0800,225.7600,1.599714
FILLER_78_732,VPWR,li1,342.9300,225.7600,1.599714
FILLER_78_701,VPWR,li1,328.4400,225.7600,1.599756
FILLER_78_699,VPWR,li1,327.2900,225.7600,1.599744
FILLER_78_659,VPWR,li1,309.1200,225.7600,1.599638
FILLER_78_656,VPWR,li1,307.9700,225.7600,1.599638
FILLER_78_628,VPWR,li1,295.0900,225.7600,1.599570
FILLER_78_625,VPWR,li1,293.7100,225.7600,1.599570
FILLER_78_622,VPWR,li1,292.3300,225.7600,1.599558
FILLER_78_619,VPWR,li1,290.9500,225.7600,1.599558
FILLER_78_574,VPWR,li1,269.7900,225.7600,1.599516
FILLER_78_567,VPWR,li1,266.5700,225.7600,1.599520
FILLER_78_564,VPWR,li1,265.6500,225.7600,1.599520
FILLER_78_557,VPWR,li1,262.2000,225.7600,1.599525
FILLER_78_554,VPWR,li1,261.0500,225.7600,1.599525
FILLER_78_551,VPWR,li1,259.6700,225.7600,1.599528
FILLER_78_548,VPWR,li1,258.2900,225.7600,1.599528
FILLER_78_545,VPWR,li1,256.9100,225.7600,1.599530
FILLER_78_537,VPWR,li1,253.2300,225.7600,1.599536
FILLER_78_531,VPWR,li1,250.0100,225.7600,1.599538
FILLER_78_450,VPWR,li1,212.7500,225.7600,1.599606
FILLER_78_428,VPWR,li1,202.6300,225.7600,1.599646
FILLER_78_421,VPWR,li1,199.8700,225.7600,1.599657
FILLER_78_407,VPWR,li1,192.9700,225.7600,1.599686
FILLER_78_387,VPWR,li1,183.7700,225.7600,1.599729
FILLER_78_365,VPWR,li1,173.6500,225.7600,1.599762
FILLER_78_349,VPWR,li1,166.5200,225.7600,1.599734
FILLER_78_324,VPWR,li1,154.7900,225.7600,1.599709
FILLER_78_309,VPWR,li1,148.1200,225.7600,1.599706
FILLER_78_253,VPWR,li1,122.5900,225.7600,1.599703
FILLER_78_217,VPWR,li1,105.5700,225.7600,1.599719
FILLER_78_197,VPWR,li1,96.6000,225.7600,1.599733
FILLER_78_184,VPWR,li1,90.3900,225.7600,1.599745
FILLER_78_160,VPWR,li1,79.3500,225.7600,1.599769
FILLER_78_141,VPWR,li1,70.6100,225.7600,1.599790
FILLER_78_122,VPWR,li1,62.3300,225.7600,1.599806
FILLER_78_105,VPWR,li1,54.0500,225.7600,1.599827
FILLER_78_81,VPWR,li1,43.4700,225.7600,1.599855
FILLER_78_69,VPWR,li1,37.9500,225.7600,1.599870
FILLER_78_25,VPWR,li1,17.7100,225.7600,1.599917
FILLER_77_841,VPWR,li1,392.6100,220.3200,1.599787
FILLER_77_838,VPWR,li1,391.4600,220.3200,1.599787
FILLER_77_809,VPWR,li1,378.3500,220.3200,1.599790
FILLER_77_799,VPWR,li1,373.7500,220.3200,1.599792
FILLER_77_783,VPWR,li1,365.9300,220.3200,1.599797
FILLER_77_766,VPWR,li1,358.5700,220.3200,1.599803
FILLER_77_763,VPWR,li1,357.1900,220.3200,1.599803
FILLER_77_757,VPWR,li1,353.9700,220.3200,1.599807
FILLER_77_754,VPWR,li1,353.0500,220.3200,1.599807
FILLER_77_726,VPWR,li1,339.9400,220.3200,1.599829
FILLER_77_715,VPWR,li1,334.6500,220.3200,1.599841
FILLER_77_712,VPWR,li1,333.7300,220.3200,1.599841
FILLER_77_709,VPWR,li1,332.3500,220.3200,1.599849
FILLER_77_706,VPWR,li1,330.9700,220.3200,1.599849
FILLER_77_686,VPWR,li1,321.3100,220.3200,1.599840
FILLER_77_658,VPWR,li1,308.6600,220.3200,1.599809
FILLER_77_655,VPWR,li1,307.5100,220.3200,1.599809
FILLER_77_652,VPWR,li1,306.1300,220.3200,1.599805
FILLER_77_636,VPWR,li1,298.7700,220.3200,1.599792
FILLER_77_633,VPWR,li1,297.3900,220.3200,1.599792
FILLER_77_630,VPWR,li1,296.0100,220.3200,1.599787
FILLER_77_595,VPWR,li1,279.6800,220.3200,1.599765
FILLER_77_580,VPWR,li1,272.5500,220.3200,1.599757
FILLER_77_574,VPWR,li1,269.7900,220.3200,1.599754
FILLER_77_545,VPWR,li1,256.6800,220.3200,1.599741
FILLER_77_532,VPWR,li1,250.7000,220.3200,1.599736
FILLER_77_447,VPWR,li1,211.3700,220.3200,1.599720
FILLER_77_403,VPWR,li1,191.5900,220.3200,1.599749
FILLER_77_393,VPWR,li1,186.5300,220.3200,1.599769
FILLER_77_378,VPWR,li1,179.6300,220.3200,1.599786
FILLER_77_357,VPWR,li1,169.9700,220.3200,1.599786
FILLER_77_342,VPWR,li1,163.0700,220.3200,1.599758
FILLER_77_335,VPWR,li1,159.8500,220.3200,1.599750
FILLER_77_311,VPWR,li1,149.0400,220.3200,1.599734
FILLER_77_281,VPWR,li1,135.0100,220.3200,1.599718
FILLER_77_275,VPWR,li1,132.2500,220.3200,1.599717
FILLER_77_248,VPWR,li1,120.2900,220.3200,1.599711
FILLER_77_239,VPWR,li1,115.6900,220.3200,1.599709
FILLER_77_188,VPWR,li1,92.2300,220.3200,1.599724
FILLER_77_173,VPWR,li1,85.5600,220.3200,1.599734
FILLER_77_141,VPWR,li1,70.6100,220.3200,1.599764
FILLER_77_103,VPWR,li1,53.1300,220.3200,1.599807
FILLER_77_72,VPWR,li1,38.8700,220.3200,1.599849
FILLER_77_61,VPWR,li1,34.2700,220.3200,1.599867
FILLER_77_33,VPWR,li1,21.1600,220.3200,1.599909
FILLER_77_18,VPWR,li1,14.0300,220.3200,1.599907
FILLER_77_7,VPWR,li1,9.2000,220.3200,1.599906
FILLER_76_824,VPWR,li1,385.2500,220.3200,1.599788
FILLER_76_807,VPWR,li1,376.9700,220.3200,1.599791
FILLER_76_781,VPWR,li1,365.0100,220.3200,1.599798
FILLER_76_767,VPWR,li1,358.8000,220.3200,1.599803
FILLER_76_764,VPWR,li1,357.6500,220.3200,1.599803
FILLER_76_754,VPWR,li1,352.8200,220.3200,1.599807
FILLER_76_751,VPWR,li1,351.6700,220.3200,1.599809
FILLER_76_748,VPWR,li1,350.2900,220.3200,1.599811
FILLER_76_745,VPWR,li1,348.9100,220.3200,1.599811
FILLER_76_742,VPWR,li1,347.5300,220.3200,1.599814
FILLER_76_739,VPWR,li1,346.1500,220.3200,1.599814
FILLER_76_717,VPWR,li1,336.0300,220.3200,1.599835
FILLER_76_714,VPWR,li1,334.6500,220.3200,1.599841
FILLER_76_690,VPWR,li1,323.6100,220.3200,1.599846
FILLER_76_687,VPWR,li1,322.2300,220.3200,1.599840
FILLER_76_684,VPWR,li1,320.8500,220.3200,1.599835
FILLER_76_681,VPWR,li1,319.4700,220.3200,1.599835
FILLER_76_678,VPWR,li1,318.0900,220.3200,1.599828
FILLER_76_675,VPWR,li1,316.7100,220.3200,1.599828
FILLER_76_659,VPWR,li1,309.3500,220.3200,1.599812
FILLER_76_645,VPWR,li1,302.4500,220.3200,1.599800
FILLER_76_636,VPWR,li1,298.7700,220.3200,1.599792
FILLER_76_633,VPWR,li1,297.3900,220.3200,1.599792
FILLER_76_630,VPWR,li1,296.0100,220.3200,1.599787
FILLER_76_627,VPWR,li1,294.6300,220.3200,1.599787
FILLER_76_624,VPWR,li1,293.2500,220.3200,1.599783
FILLER_76_621,VPWR,li1,291.8700,220.3200,1.599783
FILLER_76_614,VPWR,li1,288.1900,220.3200,1.599776
FILLER_76_611,VPWR,li1,287.2700,220.3200,1.599776
FILLER_76_596,VPWR,li1,280.1400,220.3200,1.599765
FILLER_76_593,VPWR,li1,278.9900,220.3200,1.599765
FILLER_76_589,VPWR,li1,276.6900,220.3200,1.599762
FILLER_76_586,VPWR,li1,275.5400,220.3200,1.599760
FILLER_76_583,VPWR,li1,274.3900,220.3200,1.599760
FILLER_76_580,VPWR,li1,273.0100,220.3200,1.599757
FILLER_76_577,VPWR,li1,271.6300,220.3200,1.599757
FILLER_76_574,VPWR,li1,270.2500,220.3200,1.599754
FILLER_76_560,VPWR,li1,263.3500,220.3200,1.599748
FILLER_76_548,VPWR,li1,258.2900,220.3200,1.599741
FILLER_76_533,VPWR,li1,251.1600,220.3200,1.599736
FILLER_76_530,VPWR,li1,249.7800,220.3200,1.599734
FILLER_76_509,VPWR,li1,240.3500,220.3200,1.599726
FILLER_76_477,VPWR,li1,225.6300,220.3200,1.599719
FILLER_76_474,VPWR,li1,224.0200,220.3200,1.599719
FILLER_76_444,VPWR,li1,209.9900,220.3200,1.599720
FILLER_76_438,VPWR,li1,207.2300,220.3200,1.599721
FILLER_76_392,VPWR,li1,186.3000,220.3200,1.599769
FILLER_76_365,VPWR,li1,173.8800,220.3200,1.599795
FILLER_76_363,VPWR,li1,172.7300,220.3200,1.599795
FILLER_76_351,VPWR,li1,167.4400,220.3200,1.599777
FILLER_76_317,VPWR,li1,151.8000,220.3200,1.599738
FILLER_76_298,VPWR,li1,143.0600,220.3200,1.599726
FILLER_76_272,VPWR,li1,130.8700,220.3200,1.599716
FILLER_76_253,VPWR,li1,122.3600,220.3200,1.599712
FILLER_76_238,VPWR,li1,115.2300,220.3200,1.599709
FILLER_76_213,VPWR,li1,104.1900,220.3200,1.599712
FILLER_76_197,VPWR,li1,96.8300,220.3200,1.599717
FILLER_76_135,VPWR,li1,67.8500,220.3200,1.599769
FILLER_76_110,VPWR,li1,56.3500,220.3200,1.599799
FILLER_76_81,VPWR,li1,43.4700,220.3200,1.599839
FILLER_76_67,VPWR,li1,36.5700,220.3200,1.599861
FILLER_76_40,VPWR,li1,24.6100,220.3200,1.599897
FILLER_76_29,VPWR,li1,19.3200,220.3200,1.599908
FILLER_76_25,VPWR,li1,17.7100,220.3200,1.599907
FILLER_76_7,VPWR,li1,9.2000,220.3200,1.599906
FILLER_75_841,VPWR,li1,392.6100,214.8800,1.599699
FILLER_75_839,VPWR,li1,391.6900,214.8800,1.599699
FILLER_75_785,VPWR,li1,367.0800,214.8800,1.599720
FILLER_75_770,VPWR,li1,359.9500,214.8800,1.599729
FILLER_75_737,VPWR,li1,345.0000,214.8800,1.599765
FILLER_75_729,VPWR,li1,341.0900,214.8800,1.599776
FILLER_75_714,VPWR,li1,334.4200,214.8800,1.599800
FILLER_75_711,VPWR,li1,333.2700,214.8800,1.599810
FILLER_75_708,VPWR,li1,331.8900,214.8800,1.599810
FILLER_75_687,VPWR,li1,322.0000,214.8800,1.599805
FILLER_75_673,VPWR,li1,315.3300,214.8800,1.599789
FILLER_75_659,VPWR,li1,308.8900,214.8800,1.599774
FILLER_75_656,VPWR,li1,307.9700,214.8800,1.599768
FILLER_75_653,VPWR,li1,306.5900,214.8800,1.599768
FILLER_75_650,VPWR,li1,305.2100,214.8800,1.599763
FILLER_75_613,VPWR,li1,288.1900,214.8800,1.599727
FILLER_75_593,VPWR,li1,278.7600,214.8800,1.599707
FILLER_75_590,VPWR,li1,277.6100,214.8800,1.599702
FILLER_75_587,VPWR,li1,276.2300,214.8800,1.599702
FILLER_75_584,VPWR,li1,274.8500,214.8800,1.599698
FILLER_75_564,VPWR,li1,265.6500,214.8800,1.599681
FILLER_75_561,VPWR,li1,264.2700,214.8800,1.599675
FILLER_75_558,VPWR,li1,262.6600,214.8800,1.599675
FILLER_75_544,VPWR,li1,255.9900,214.8800,1.599660
FILLER_75_509,VPWR,li1,240.3500,214.8800,1.599632
FILLER_75_503,VPWR,li1,237.1300,214.8800,1.599628
FILLER_75_449,VPWR,li1,212.2900,214.8800,1.599633
FILLER_75_411,VPWR,li1,195.2700,214.8800,1.599701
FILLER_75_393,VPWR,li1,186.9900,214.8800,1.599741
FILLER_75_389,VPWR,li1,185.1500,214.8800,1.599750
FILLER_75_342,VPWR,li1,163.0700,214.8800,1.599764
FILLER_75_335,VPWR,li1,159.8500,214.8800,1.599753
FILLER_75_319,VPWR,li1,152.9500,214.8800,1.599739
FILLER_75_301,VPWR,li1,144.2100,214.8800,1.599727
FILLER_75_270,VPWR,li1,130.1800,214.8800,1.599714
FILLER_75_238,VPWR,li1,115.2300,214.8800,1.599709
FILLER_75_221,VPWR,li1,107.8700,214.8800,1.599713
FILLER_75_192,VPWR,li1,94.5300,214.8800,1.599732
FILLER_75_177,VPWR,li1,87.1700,214.8800,1.599745
FILLER_75_155,VPWR,li1,77.5100,214.8800,1.599764
FILLER_75_90,VPWR,li1,47.1500,214.8800,1.599839
FILLER_75_41,VPWR,li1,25.0700,214.8800,1.599907
FILLER_75_21,VPWR,li1,15.8700,214.8800,1.599915
FILLER_74_840,VPWR,li1,392.3800,214.8800,1.599699
FILLER_74_834,VPWR,li1,389.6200,214.8800,1.599699
FILLER_74_821,VPWR,li1,383.6400,214.8800,1.599701
FILLER_74_784,VPWR,li1,366.3900,214.8800,1.599720
FILLER_74_781,VPWR,li1,365.4700,214.8800,1.599720
FILLER_74_778,VPWR,li1,364.0900,214.8800,1.599723
FILLER_74_757,VPWR,li1,353.9700,214.8800,1.599744
FILLER_74_754,VPWR,li1,352.8200,214.8800,1.599744
FILLER_74_751,VPWR,li1,351.6700,214.8800,1.599750
FILLER_74_748,VPWR,li1,350.2900,214.8800,1.599750
FILLER_74_740,VPWR,li1,346.6100,214.8800,1.599765
FILLER_74_737,VPWR,li1,345.2300,214.8800,1.599765
FILLER_74_734,VPWR,li1,343.8500,214.8800,1.599770
FILLER_74_692,VPWR,li1,324.0700,214.8800,1.599813
FILLER_74_689,VPWR,li1,323.1500,214.8800,1.599813
FILLER_74_686,VPWR,li1,321.7700,214.8800,1.599805
FILLER_74_683,VPWR,li1,320.3900,214.8800,1.599805
FILLER_74_680,VPWR,li1,319.0100,214.8800,1.599799
FILLER_74_648,VPWR,li1,304.2900,214.8800,1.599763
FILLER_74_645,VPWR,li1,302.9100,214.8800,1.599757
FILLER_74_641,VPWR,li1,301.0700,214.8800,1.599752
FILLER_74_638,VPWR,li1,299.6900,214.8800,1.599752
FILLER_74_631,VPWR,li1,296.2400,214.8800,1.599742
FILLER_74_628,VPWR,li1,295.0900,214.8800,1.599742
FILLER_74_625,VPWR,li1,293.7100,214.8800,1.599736
FILLER_74_622,VPWR,li1,292.3300,214.8800,1.599736
FILLER_74_608,VPWR,li1,285.4300,214.8800,1.599719
FILLER_74_605,VPWR,li1,284.5100,214.8800,1.599719
FILLER_74_602,VPWR,li1,283.1300,214.8800,1.599715
FILLER_74_579,VPWR,li1,272.0900,214.8800,1.599693
FILLER_74_567,VPWR,li1,267.0300,214.8800,1.599681
FILLER_74_564,VPWR,li1,265.6500,214.8800,1.599681
FILLER_74_555,VPWR,li1,261.0500,214.8800,1.599670
FILLER_74_552,VPWR,li1,260.1300,214.8800,1.599670
FILLER_74_533,VPWR,li1,251.3900,214.8800,1.599653
FILLER_74_531,VPWR,li1,250.0100,214.8800,1.599649
FILLER_74_482,VPWR,li1,227.7000,214.8800,1.599618
FILLER_74_475,VPWR,li1,224.2500,214.8800,1.599615
FILLER_74_418,VPWR,li1,198.2600,214.8800,1.599688
FILLER_74_387,VPWR,li1,184.0000,214.8800,1.599763
FILLER_74_355,VPWR,li1,169.0500,214.8800,1.599779
FILLER_74_309,VPWR,li1,148.3500,214.8800,1.599732
FILLER_74_290,VPWR,li1,139.1500,214.8800,1.599721
FILLER_74_275,VPWR,li1,132.2500,214.8800,1.599716
FILLER_74_261,VPWR,li1,125.8100,214.8800,1.599712
FILLER_74_212,VPWR,li1,103.2700,214.8800,1.599717
FILLER_74_178,VPWR,li1,87.8600,214.8800,1.599745
FILLER_74_168,VPWR,li1,83.0300,214.8800,1.599753
FILLER_74_161,VPWR,li1,80.2700,214.8800,1.599759
FILLER_74_150,VPWR,li1,74.7500,214.8800,1.599770
FILLER_74_126,VPWR,li1,63.7100,214.8800,1.599798
FILLER_74_120,VPWR,li1,60.9500,214.8800,1.599804
FILLER_74_85,VPWR,li1,45.0800,214.8800,1.599847
FILLER_74_83,VPWR,li1,43.9300,214.8800,1.599847
FILLER_74_75,VPWR,li1,40.2500,214.8800,1.599862
FILLER_74_61,VPWR,li1,33.8100,214.8800,1.599879
FILLER_74_44,VPWR,li1,25.9900,214.8800,1.599900
FILLER_74_29,VPWR,li1,19.3200,214.8800,1.599916
FILLER_74_13,VPWR,li1,11.7300,214.8800,1.599914
FILLER_74_3,VPWR,li1,7.5900,214.8800,1.599913
FILLER_73_841,VPWR,li1,392.6100,209.4400,1.599801
FILLER_73_834,VPWR,li1,389.6200,209.4400,1.599801
FILLER_73_820,VPWR,li1,383.1800,209.4400,1.599804
FILLER_73_805,VPWR,li1,376.2800,209.4400,1.599808
FILLER_73_778,VPWR,li1,363.6300,209.4400,1.599821
FILLER_73_775,VPWR,li1,362.7100,209.4400,1.599821
FILLER_73_740,VPWR,li1,346.3800,209.4400,1.599846
FILLER_73_737,VPWR,li1,345.2300,209.4400,1.599851
FILLER_73_734,VPWR,li1,343.8500,209.4400,1.599851
FILLER_73_725,VPWR,li1,339.7100,209.4400,1.599860
FILLER_73_716,VPWR,li1,335.1100,209.4400,1.599872
FILLER_73_713,VPWR,li1,334.1900,209.4400,1.599872
FILLER_73_710,VPWR,li1,332.8100,209.4400,1.599879
FILLER_73_707,VPWR,li1,331.4300,209.4400,1.599879
FILLER_73_688,VPWR,li1,322.2300,209.4400,1.599866
FILLER_73_685,VPWR,li1,321.3100,209.4400,1.599866
FILLER_73_682,VPWR,li1,319.9300,209.4400,1.599861
FILLER_73_679,VPWR,li1,318.5500,209.4400,1.599857
FILLER_73_676,VPWR,li1,317.1700,209.4400,1.599857
FILLER_73_673,VPWR,li1,315.7900,209.4400,1.599852
FILLER_73_620,VPWR,li1,290.9500,209.4400,1.599801
FILLER_73_617,VPWR,li1,290.0300,209.4400,1.599798
FILLER_73_606,VPWR,li1,284.7400,209.4400,1.599787
FILLER_73_603,VPWR,li1,283.5900,209.4400,1.599787
FILLER_73_600,VPWR,li1,282.2100,209.4400,1.599782
FILLER_73_597,VPWR,li1,280.8300,209.4400,1.599782
FILLER_73_594,VPWR,li1,279.4500,209.4400,1.599777
FILLER_73_591,VPWR,li1,278.0700,209.4400,1.599777
FILLER_73_588,VPWR,li1,276.6900,209.4400,1.599773
FILLER_73_585,VPWR,li1,275.3100,209.4400,1.599769
FILLER_73_582,VPWR,li1,273.9300,209.4400,1.599769
FILLER_73_557,VPWR,li1,262.4300,209.4400,1.599747
FILLER_73_554,VPWR,li1,261.0500,209.4400,1.599747
FILLER_73_551,VPWR,li1,259.6700,209.4400,1.599743
FILLER_73_548,VPWR,li1,258.2900,209.4400,1.599743
FILLER_73_539,VPWR,li1,253.6900,209.4400,1.599735
FILLER_73_505,VPWR,li1,238.2800,209.4400,1.599711
FILLER_73_502,VPWR,li1,236.9000,209.4400,1.599708
FILLER_73_434,VPWR,li1,205.6200,209.4400,1.599729
FILLER_73_415,VPWR,li1,196.8800,209.4400,1.599749
FILLER_73_403,VPWR,li1,191.1300,209.4400,1.599770
FILLER_73_393,VPWR,li1,186.5300,209.4400,1.599794
FILLER_73_364,VPWR,li1,173.4200,209.4400,1.599839
FILLER_73_337,VPWR,li1,161.0000,209.4400,1.599825
FILLER_73_289,VPWR,li1,138.6900,209.4400,1.599804
FILLER_73_237,VPWR,li1,114.7700,209.4400,1.599799
FILLER_73_225,VPWR,li1,109.2500,209.4400,1.599799
FILLER_73_218,VPWR,li1,106.0300,209.4400,1.599800
FILLER_73_212,VPWR,li1,103.2700,209.4400,1.599801
FILLER_73_196,VPWR,li1,96.3700,209.4400,1.599804
FILLER_73_140,VPWR,li1,70.1500,209.4400,1.599829
FILLER_73_125,VPWR,li1,63.2500,209.4400,1.599843
FILLER_73_67,VPWR,li1,36.5700,209.4400,1.599898
FILLER_73_57,VPWR,li1,32.2000,209.4400,1.599910
FILLER_73_53,VPWR,li1,30.5900,209.4400,1.599910
FILLER_73_38,VPWR,li1,23.2300,209.4400,1.599928
FILLER_73_3,VPWR,li1,7.1300,209.4400,1.599932
FILLER_72_818,VPWR,li1,382.0300,209.4400,1.599804
FILLER_72_797,VPWR,li1,372.6000,209.4400,1.599813
FILLER_72_782,VPWR,li1,365.9300,209.4400,1.599818
FILLER_72_766,VPWR,li1,358.5700,209.4400,1.599826
FILLER_72_757,VPWR,li1,354.2000,209.4400,1.599833
FILLER_72_742,VPWR,li1,347.0700,209.4400,1.599846
FILLER_72_727,VPWR,li1,340.4000,209.4400,1.599860
FILLER_72_710,VPWR,li1,332.3500,209.4400,1.599879
FILLER_72_707,VPWR,li1,331.4300,209.4400,1.599879
FILLER_72_704,VPWR,li1,330.0500,209.4400,1.599885
FILLER_72_701,VPWR,li1,328.6700,209.4400,1.599880
FILLER_72_699,VPWR,li1,327.2900,209.4400,1.599880
FILLER_72_696,VPWR,li1,326.3700,209.4400,1.599876
FILLER_72_680,VPWR,li1,319.0100,209.4400,1.599861
FILLER_72_677,VPWR,li1,317.6300,209.4400,1.599857
FILLER_72_656,VPWR,li1,307.9700,209.4400,1.599836
FILLER_72_653,VPWR,li1,306.5900,209.4400,1.599831
FILLER_72_650,VPWR,li1,305.2100,209.4400,1.599831
FILLER_72_617,VPWR,li1,289.5700,209.4400,1.599798
FILLER_72_614,VPWR,li1,288.6500,209.4400,1.599794
FILLER_72_611,VPWR,li1,287.2700,209.4400,1.599794
FILLER_72_579,VPWR,li1,272.0900,209.4400,1.599763
FILLER_72_566,VPWR,li1,266.5700,209.4400,1.599754
FILLER_72_547,VPWR,li1,257.3700,209.4400,1.599738
FILLER_72_544,VPWR,li1,256.4500,209.4400,1.599738
FILLER_72_489,VPWR,li1,230.9200,209.4400,1.599702
FILLER_72_475,VPWR,li1,224.2500,209.4400,1.599700
FILLER_72_437,VPWR,li1,206.7700,209.4400,1.599723
FILLER_72_421,VPWR,li1,199.6400,209.4400,1.599743
FILLER_72_395,VPWR,li1,187.4500,209.4400,1.599794
FILLER_72_365,VPWR,li1,173.6500,209.4400,1.599842
FILLER_72_337,VPWR,li1,161.0000,209.4400,1.599825
FILLER_72_322,VPWR,li1,153.8700,209.4400,1.599815
FILLER_72_307,VPWR,li1,146.9700,209.4400,1.599809
FILLER_72_250,VPWR,li1,120.9800,209.4400,1.599799
FILLER_72_164,VPWR,li1,81.1900,209.4400,1.599816
FILLER_72_141,VPWR,li1,70.6100,209.4400,1.599829
FILLER_72_117,VPWR,li1,59.5700,209.4400,1.599848
FILLER_72_110,VPWR,li1,56.8100,209.4400,1.599853
FILLER_72_82,VPWR,li1,43.7000,209.4400,1.599882
FILLER_72_75,VPWR,li1,40.4800,209.4400,1.599887
FILLER_72_59,VPWR,li1,32.8900,209.4400,1.599904
FILLER_72_26,VPWR,li1,17.9400,209.4400,1.599933
FILLER_72_7,VPWR,li1,9.2000,209.4400,1.599932
FILLER_71_841,VPWR,li1,392.6100,204.0000,1.599767
FILLER_71_837,VPWR,li1,391.2300,204.0000,1.599767
FILLER_71_789,VPWR,li1,368.6900,204.0000,1.599786
FILLER_71_781,VPWR,li1,365.4700,204.0000,1.599793
FILLER_71_754,VPWR,li1,353.0500,204.0000,1.599817
FILLER_71_740,VPWR,li1,346.6100,204.0000,1.599832
FILLER_71_737,VPWR,li1,345.2300,204.0000,1.599832
FILLER_71_729,VPWR,li1,341.0900,204.0000,1.599842
FILLER_71_727,VPWR,li1,340.1700,204.0000,1.599846
FILLER_71_724,VPWR,li1,339.2500,204.0000,1.599846
FILLER_71_707,VPWR,li1,331.2000,204.0000,1.599868
FILLER_71_704,VPWR,li1,330.0500,204.0000,1.599868
FILLER_71_658,VPWR,li1,308.4300,204.0000,1.599820
FILLER_71_655,VPWR,li1,307.5100,204.0000,1.599815
FILLER_71_630,VPWR,li1,296.0100,204.0000,1.599786
FILLER_71_627,VPWR,li1,294.6300,204.0000,1.599782
FILLER_71_624,VPWR,li1,293.2500,204.0000,1.599782
FILLER_71_605,VPWR,li1,284.5100,204.0000,1.599759
FILLER_71_590,VPWR,li1,277.3800,204.0000,1.599744
FILLER_71_576,VPWR,li1,270.9400,204.0000,1.599731
FILLER_71_573,VPWR,li1,269.7900,204.0000,1.599731
FILLER_71_570,VPWR,li1,268.4100,204.0000,1.599726
FILLER_71_567,VPWR,li1,267.0300,204.0000,1.599726
FILLER_71_564,VPWR,li1,265.6500,204.0000,1.599721
FILLER_71_561,VPWR,li1,264.2700,204.0000,1.599721
FILLER_71_556,VPWR,li1,261.5100,204.0000,1.599713
FILLER_71_553,VPWR,li1,260.5900,204.0000,1.599713
FILLER_71_526,VPWR,li1,247.9400,204.0000,1.599689
FILLER_71_501,VPWR,li1,236.6700,204.0000,1.599678
FILLER_71_457,VPWR,li1,216.2000,204.0000,1.599693
FILLER_71_393,VPWR,li1,186.7600,204.0000,1.599757
FILLER_71_386,VPWR,li1,183.5400,204.0000,1.599764
FILLER_71_337,VPWR,li1,161.2300,204.0000,1.599732
FILLER_71_335,VPWR,li1,159.8500,204.0000,1.599732
FILLER_71_315,VPWR,li1,150.6500,204.0000,1.599706
FILLER_71_281,VPWR,li1,135.0100,204.0000,1.599691
FILLER_71_221,VPWR,li1,107.8700,204.0000,1.599702
FILLER_71_189,VPWR,li1,92.9200,204.0000,1.599722
FILLER_71_169,VPWR,li1,83.9500,204.0000,1.599735
FILLER_71_165,VPWR,li1,82.1100,204.0000,1.599739
FILLER_71_135,VPWR,li1,68.0800,204.0000,1.599770
FILLER_71_117,VPWR,li1,59.5700,204.0000,1.599796
FILLER_71_110,VPWR,li1,56.5800,204.0000,1.599801
FILLER_71_57,VPWR,li1,31.9700,204.0000,1.599879
FILLER_71_55,VPWR,li1,31.0500,204.0000,1.599885
FILLER_71_42,VPWR,li1,25.0700,204.0000,1.599902
FILLER_71_37,VPWR,li1,22.7700,204.0000,1.599909
FILLER_70_813,VPWR,li1,379.7300,204.0000,1.599774
FILLER_70_811,VPWR,li1,378.8100,204.0000,1.599774
FILLER_70_795,VPWR,li1,371.4500,204.0000,1.599781
FILLER_70_757,VPWR,li1,353.9700,204.0000,1.599813
FILLER_70_755,VPWR,li1,353.0500,204.0000,1.599817
FILLER_70_752,VPWR,li1,352.1300,204.0000,1.599817
FILLER_70_740,VPWR,li1,346.6100,204.0000,1.599832
FILLER_70_730,VPWR,li1,341.5500,204.0000,1.599842
FILLER_70_701,VPWR,li1,328.6700,204.0000,1.599874
FILLER_70_680,VPWR,li1,318.7800,204.0000,1.599846
FILLER_70_677,VPWR,li1,317.6300,204.0000,1.599846
FILLER_70_674,VPWR,li1,316.2500,204.0000,1.599838
FILLER_70_671,VPWR,li1,314.8700,204.0000,1.599838
FILLER_70_654,VPWR,li1,306.5900,204.0000,1.599815
FILLER_70_636,VPWR,li1,298.3100,204.0000,1.599792
FILLER_70_608,VPWR,li1,285.6600,204.0000,1.599764
FILLER_70_605,VPWR,li1,284.5100,204.0000,1.599759
FILLER_70_602,VPWR,li1,283.1300,204.0000,1.599759
FILLER_70_599,VPWR,li1,281.7500,204.0000,1.599753
FILLER_70_596,VPWR,li1,280.3700,204.0000,1.599753
FILLER_70_578,VPWR,li1,272.0900,204.0000,1.599736
FILLER_70_575,VPWR,li1,270.7100,204.0000,1.599731
FILLER_70_572,VPWR,li1,269.3300,204.0000,1.599731
FILLER_70_558,VPWR,li1,262.4300,204.0000,1.599717
FILLER_70_555,VPWR,li1,261.5100,204.0000,1.599713
FILLER_70_552,VPWR,li1,260.1300,204.0000,1.599713
FILLER_70_542,VPWR,li1,255.0700,204.0000,1.599702
FILLER_70_539,VPWR,li1,254.1500,204.0000,1.599702
FILLER_70_536,VPWR,li1,252.7700,204.0000,1.599697
FILLER_70_533,VPWR,li1,251.3900,204.0000,1.599697
FILLER_70_494,VPWR,li1,232.9900,204.0000,1.599679
FILLER_70_474,VPWR,li1,224.0200,204.0000,1.599686
FILLER_70_399,VPWR,li1,189.2900,204.0000,1.599748
FILLER_70_373,VPWR,li1,177.3300,204.0000,1.599784
FILLER_70_344,VPWR,li1,164.4500,204.0000,1.599742
FILLER_70_320,VPWR,li1,153.4100,204.0000,1.599711
FILLER_70_309,VPWR,li1,148.1200,204.0000,1.599701
FILLER_70_303,VPWR,li1,145.1300,204.0000,1.599695
FILLER_70_276,VPWR,li1,132.9400,204.0000,1.599691
FILLER_70_253,VPWR,li1,122.1300,204.0000,1.599694
FILLER_70_215,VPWR,li1,104.6500,204.0000,1.599706
FILLER_70_197,VPWR,li1,96.3700,204.0000,1.599715
FILLER_70_190,VPWR,li1,93.3800,204.0000,1.599722
FILLER_70_170,VPWR,li1,84.1800,204.0000,1.599735
FILLER_70_141,VPWR,li1,70.8400,204.0000,1.599765
FILLER_70_122,VPWR,li1,61.8700,204.0000,1.599789
FILLER_70_110,VPWR,li1,56.5800,204.0000,1.599801
FILLER_70_82,VPWR,li1,43.7000,204.0000,1.599841
FILLER_70_25,VPWR,li1,17.7100,204.0000,1.599916
FILLER_70_8,VPWR,li1,9.8900,204.0000,1.599915
FILLER_70_3,VPWR,li1,7.1300,204.0000,1.599915
FILLER_69_841,VPWR,li1,392.6100,198.5600,1.599792
FILLER_69_834,VPWR,li1,389.6200,198.5600,1.599792
FILLER_69_826,VPWR,li1,386.1700,198.5600,1.599793
FILLER_69_777,VPWR,li1,363.4000,198.5600,1.599823
FILLER_69_752,VPWR,li1,352.1300,198.5600,1.599844
FILLER_69_729,VPWR,li1,341.5500,198.5600,1.599868
FILLER_69_725,VPWR,li1,339.7100,198.5600,1.599872
FILLER_69_717,VPWR,li1,335.5700,198.5600,1.599885
FILLER_69_714,VPWR,li1,334.6500,198.5600,1.599885
FILLER_69_686,VPWR,li1,321.3100,198.5600,1.599879
FILLER_69_669,VPWR,li1,313.9500,198.5600,1.599867
FILLER_69_659,VPWR,li1,308.8900,198.5600,1.599859
FILLER_69_656,VPWR,li1,307.9700,198.5600,1.599855
FILLER_69_653,VPWR,li1,306.5900,198.5600,1.599855
FILLER_69_650,VPWR,li1,305.2100,198.5600,1.599851
FILLER_69_647,VPWR,li1,303.8300,198.5600,1.599851
FILLER_69_636,VPWR,li1,298.7700,198.5600,1.599841
FILLER_69_633,VPWR,li1,297.3900,198.5600,1.599841
FILLER_69_624,VPWR,li1,292.7900,198.5600,1.599834
FILLER_69_614,VPWR,li1,288.4200,198.5600,1.599828
FILLER_69_604,VPWR,li1,283.8200,198.5600,1.599822
FILLER_69_601,VPWR,li1,282.6700,198.5600,1.599818
FILLER_69_598,VPWR,li1,281.2900,198.5600,1.599818
FILLER_69_595,VPWR,li1,279.9100,198.5600,1.599816
FILLER_69_578,VPWR,li1,272.0900,198.5600,1.599806
FILLER_69_575,VPWR,li1,270.7100,198.5600,1.599804
FILLER_69_572,VPWR,li1,269.3300,198.5600,1.599801
FILLER_69_569,VPWR,li1,267.9500,198.5600,1.599801
FILLER_69_552,VPWR,li1,259.6700,198.5600,1.599790
FILLER_69_549,VPWR,li1,258.7500,198.5600,1.599790
FILLER_69_501,VPWR,li1,236.6700,198.5600,1.599767
FILLER_69_483,VPWR,li1,227.9300,198.5600,1.599762
FILLER_69_446,VPWR,li1,211.1400,198.5600,1.599779
FILLER_69_430,VPWR,li1,204.0100,198.5600,1.599791
FILLER_69_420,VPWR,li1,199.1800,198.5600,1.599803
FILLER_69_393,VPWR,li1,186.7600,198.5600,1.599828
FILLER_69_349,VPWR,li1,166.5200,198.5600,1.599840
FILLER_69_334,VPWR,li1,159.6200,198.5600,1.599831
FILLER_69_314,VPWR,li1,150.4200,198.5600,1.599818
FILLER_69_281,VPWR,li1,135.4700,198.5600,1.599803
FILLER_69_247,VPWR,li1,119.8300,198.5600,1.599799
FILLER_69_189,VPWR,li1,92.6900,198.5600,1.599811
FILLER_69_165,VPWR,li1,82.1100,198.5600,1.599821
FILLER_69_151,VPWR,li1,75.2100,198.5600,1.599831
FILLER_69_129,VPWR,li1,65.3200,198.5600,1.599848
FILLER_69_65,VPWR,li1,35.8800,198.5600,1.599900
FILLER_69_55,VPWR,li1,31.0500,198.5600,1.599911
FILLER_69_31,VPWR,li1,20.4700,198.5600,1.599935
FILLER_69_3,VPWR,li1,7.1300,198.5600,1.599932
FILLER_68_839,VPWR,li1,392.1500,198.5600,1.599792
FILLER_68_775,VPWR,li1,362.7100,198.5600,1.599823
FILLER_68_753,VPWR,li1,352.5900,198.5600,1.599844
FILLER_68_742,VPWR,li1,347.3000,198.5600,1.599855
FILLER_68_737,VPWR,li1,344.7700,198.5600,1.599860
FILLER_68_716,VPWR,li1,335.1100,198.5600,1.599885
FILLER_68_713,VPWR,li1,334.1900,198.5600,1.599885
FILLER_68_710,VPWR,li1,332.8100,198.5600,1.599891
FILLER_68_707,VPWR,li1,331.4300,198.5600,1.599891
FILLER_68_704,VPWR,li1,330.0500,198.5600,1.599897
FILLER_68_701,VPWR,li1,328.6700,198.5600,1.599893
FILLER_68_698,VPWR,li1,327.0600,198.5600,1.599893
FILLER_68_670,VPWR,li1,314.4100,198.5600,1.599867
FILLER_68_642,VPWR,li1,301.3000,198.5600,1.599845
FILLER_68_639,VPWR,li1,300.1500,198.5600,1.599845
FILLER_68_627,VPWR,li1,294.6300,198.5600,1.599837
FILLER_68_624,VPWR,li1,293.2500,198.5600,1.599834
FILLER_68_621,VPWR,li1,291.8700,198.5600,1.599831
FILLER_68_618,VPWR,li1,290.4900,198.5600,1.599831
FILLER_68_600,VPWR,li1,281.9800,198.5600,1.599818
FILLER_68_597,VPWR,li1,280.8300,198.5600,1.599816
FILLER_68_594,VPWR,li1,279.4500,198.5600,1.599816
FILLER_68_587,VPWR,li1,275.7700,198.5600,1.599811
FILLER_68_577,VPWR,li1,271.6300,198.5600,1.599804
FILLER_68_574,VPWR,li1,270.2500,198.5600,1.599804
FILLER_68_552,VPWR,li1,259.6700,198.5600,1.599790
FILLER_68_549,VPWR,li1,258.7500,198.5600,1.599790
FILLER_68_546,VPWR,li1,257.3700,198.5600,1.599786
FILLER_68_543,VPWR,li1,255.9900,198.5600,1.599786
FILLER_68_533,VPWR,li1,250.9300,198.5600,1.599780
FILLER_68_517,VPWR,li1,243.5700,198.5600,1.599772
FILLER_68_498,VPWR,li1,234.8300,198.5600,1.599765
FILLER_68_475,VPWR,li1,224.2500,198.5600,1.599761
FILLER_68_465,VPWR,li1,219.8800,198.5600,1.599767
FILLER_68_457,VPWR,li1,216.4300,198.5600,1.599770
FILLER_68_421,VPWR,li1,199.6400,198.5600,1.599799
FILLER_68_376,VPWR,li1,178.7100,198.5600,1.599852
FILLER_68_359,VPWR,li1,170.8900,198.5600,1.599852
FILLER_68_303,VPWR,li1,145.1300,198.5600,1.599811
FILLER_68_253,VPWR,li1,122.1300,198.5600,1.599800
FILLER_68_234,VPWR,li1,113.3900,198.5600,1.599799
FILLER_68_219,VPWR,li1,106.7200,198.5600,1.599801
FILLER_68_197,VPWR,li1,96.6000,198.5600,1.599807
FILLER_68_178,VPWR,li1,88.0900,198.5600,1.599814
FILLER_68_149,VPWR,li1,74.7500,198.5600,1.599831
FILLER_68_126,VPWR,li1,63.7100,198.5600,1.599851
FILLER_68_103,VPWR,li1,53.3600,198.5600,1.599866
FILLER_68_76,VPWR,li1,40.7100,198.5600,1.599890
FILLER_68_49,VPWR,li1,28.5200,198.5600,1.599916
FILLER_68_21,VPWR,li1,15.8700,198.5600,1.599933
FILLER_68_3,VPWR,li1,7.1300,198.5600,1.599932
FILLER_67_841,VPWR,li1,392.6100,193.1200,1.599845
FILLER_67_800,VPWR,li1,373.7500,193.1200,1.599857
FILLER_67_768,VPWR,li1,359.4900,193.1200,1.599871
FILLER_67_756,VPWR,li1,353.7400,193.1200,1.599881
FILLER_67_742,VPWR,li1,347.0700,193.1200,1.599888
FILLER_67_726,VPWR,li1,339.9400,193.1200,1.599900
FILLER_67_723,VPWR,li1,338.7900,193.1200,1.599900
FILLER_67_720,VPWR,li1,337.4100,193.1200,1.599903
FILLER_67_706,VPWR,li1,330.5100,193.1200,1.599915
FILLER_67_692,VPWR,li1,324.0700,193.1200,1.599905
FILLER_67_689,VPWR,li1,323.1500,193.1200,1.599902
FILLER_67_679,VPWR,li1,318.0900,193.1200,1.599894
FILLER_67_676,VPWR,li1,317.1700,193.1200,1.599890
FILLER_67_673,VPWR,li1,315.7900,193.1200,1.599890
FILLER_67_671,VPWR,li1,314.4100,193.1200,1.599886
FILLER_67_668,VPWR,li1,313.4900,193.1200,1.599886
FILLER_67_665,VPWR,li1,312.1100,193.1200,1.599881
FILLER_67_662,VPWR,li1,310.7300,193.1200,1.599881
FILLER_67_659,VPWR,li1,309.3500,193.1200,1.599876
FILLER_67_656,VPWR,li1,307.9700,193.1200,1.599876
FILLER_67_653,VPWR,li1,306.5900,193.1200,1.599871
FILLER_67_641,VPWR,li1,300.8400,193.1200,1.599862
FILLER_67_638,VPWR,li1,299.6900,193.1200,1.599862
FILLER_67_615,VPWR,li1,288.6500,193.1200,1.599845
FILLER_67_612,VPWR,li1,287.7300,193.1200,1.599845
FILLER_67_589,VPWR,li1,276.6900,193.1200,1.599830
FILLER_67_586,VPWR,li1,275.7700,193.1200,1.599830
FILLER_67_568,VPWR,li1,267.2600,193.1200,1.599821
FILLER_67_559,VPWR,li1,262.8900,193.1200,1.599816
FILLER_67_556,VPWR,li1,261.9700,193.1200,1.599814
FILLER_67_553,VPWR,li1,260.5900,193.1200,1.599814
FILLER_67_531,VPWR,li1,250.2400,193.1200,1.599802
FILLER_67_528,VPWR,li1,249.0900,193.1200,1.599802
FILLER_67_505,VPWR,li1,238.0500,193.1200,1.599792
FILLER_67_502,VPWR,li1,236.9000,193.1200,1.599792
FILLER_67_491,VPWR,li1,231.8400,193.1200,1.599789
FILLER_67_469,VPWR,li1,221.4900,193.1200,1.599784
FILLER_67_449,VPWR,li1,212.7500,193.1200,1.599782
FILLER_67_391,VPWR,li1,185.6100,193.1200,1.599803
FILLER_67_370,VPWR,li1,175.9500,193.1200,1.599827
FILLER_67_354,VPWR,li1,168.5900,193.1200,1.599801
FILLER_67_325,VPWR,li1,155.2500,193.1200,1.599753
FILLER_67_296,VPWR,li1,142.1400,193.1200,1.599714
FILLER_67_281,VPWR,li1,135.2400,193.1200,1.599692
FILLER_67_240,VPWR,li1,116.1500,193.1200,1.599653
FILLER_67_225,VPWR,li1,109.4800,193.1200,1.599643
FILLER_67_214,VPWR,li1,104.4200,193.1200,1.599634
FILLER_67_179,VPWR,li1,88.0900,193.1200,1.599615
FILLER_67_169,VPWR,li1,83.4900,193.1200,1.599610
FILLER_67_147,VPWR,li1,73.3700,193.1200,1.599635
FILLER_67_127,VPWR,li1,64.1700,193.1200,1.599669
FILLER_67_117,VPWR,li1,59.5700,193.1200,1.599689
FILLER_67_110,VPWR,li1,56.5800,193.1200,1.599710
FILLER_67_68,VPWR,li1,37.2600,193.1200,1.599803
FILLER_67_57,VPWR,li1,32.4300,193.1200,1.599825
FILLER_67_50,VPWR,li1,28.9800,193.1200,1.599838
FILLER_67_22,VPWR,li1,16.3300,193.1200,1.599874
FILLER_67_3,VPWR,li1,7.5900,193.1200,1.599873
FILLER_66_841,VPWR,li1,392.6100,193.1200,1.599845
FILLER_66_826,VPWR,li1,385.9400,193.1200,1.599847
FILLER_66_803,VPWR,li1,375.1300,193.1200,1.599855
FILLER_66_795,VPWR,li1,371.4500,193.1200,1.599859
FILLER_66_757,VPWR,li1,353.9700,193.1200,1.599878
FILLER_66_750,VPWR,li1,350.7500,193.1200,1.599883
FILLER_66_734,VPWR,li1,343.8500,193.1200,1.599893
FILLER_66_727,VPWR,li1,340.1700,193.1200,1.599900
FILLER_66_707,VPWR,li1,330.9700,193.1200,1.599912
FILLER_66_704,VPWR,li1,330.0500,193.1200,1.599915
FILLER_66_701,VPWR,li1,328.6700,193.1200,1.599912
FILLER_66_690,VPWR,li1,323.1500,193.1200,1.599902
FILLER_66_664,VPWR,li1,311.1900,193.1200,1.599881
FILLER_66_645,VPWR,li1,302.6800,193.1200,1.599866
FILLER_66_641,VPWR,li1,301.0700,193.1200,1.599862
FILLER_66_638,VPWR,li1,299.6900,193.1200,1.599862
FILLER_66_628,VPWR,li1,294.6300,193.1200,1.599853
FILLER_66_625,VPWR,li1,293.7100,193.1200,1.599853
FILLER_66_615,VPWR,li1,289.1100,193.1200,1.599845
FILLER_66_612,VPWR,li1,287.7300,193.1200,1.599845
FILLER_66_600,VPWR,li1,282.2100,193.1200,1.599837
FILLER_66_597,VPWR,li1,280.8300,193.1200,1.599837
FILLER_66_585,VPWR,li1,275.3100,193.1200,1.599830
FILLER_66_582,VPWR,li1,273.9300,193.1200,1.599827
FILLER_66_579,VPWR,li1,272.5500,193.1200,1.599827
FILLER_66_569,VPWR,li1,267.4900,193.1200,1.599821
FILLER_66_566,VPWR,li1,266.5700,193.1200,1.599818
FILLER_66_563,VPWR,li1,265.1900,193.1200,1.599818
FILLER_66_560,VPWR,li1,263.8100,193.1200,1.599816
FILLER_66_536,VPWR,li1,252.3100,193.1200,1.599804
FILLER_66_533,VPWR,li1,251.3900,193.1200,1.599804
FILLER_66_529,VPWR,li1,249.5500,193.1200,1.599802
FILLER_66_526,VPWR,li1,248.1700,193.1200,1.599800
FILLER_66_523,VPWR,li1,246.7900,193.1200,1.599800
FILLER_66_504,VPWR,li1,237.5900,193.1200,1.599792
FILLER_66_491,VPWR,li1,231.6100,193.1200,1.599789
FILLER_66_466,VPWR,li1,220.1100,193.1200,1.599783
FILLER_66_430,VPWR,li1,203.7800,193.1200,1.599786
FILLER_66_390,VPWR,li1,185.1500,193.1200,1.599806
FILLER_66_365,VPWR,li1,173.6500,193.1200,1.599816
FILLER_66_361,VPWR,li1,172.2700,193.1200,1.599816
FILLER_66_309,VPWR,li1,148.1200,193.1200,1.599729
FILLER_66_274,VPWR,li1,131.7900,193.1200,1.599684
FILLER_66_266,VPWR,li1,128.3400,193.1200,1.599680
FILLER_66_245,VPWR,li1,118.9100,193.1200,1.599660
FILLER_66_237,VPWR,li1,114.7700,193.1200,1.599653
FILLER_66_203,VPWR,li1,99.1300,193.1200,1.599627
FILLER_66_195,VPWR,li1,95.4500,193.1200,1.599624
FILLER_66_186,VPWR,li1,91.3100,193.1200,1.599619
FILLER_66_150,VPWR,li1,75.2100,193.1200,1.599620
FILLER_66_139,VPWR,li1,69.6900,193.1200,1.599644
FILLER_66_117,VPWR,li1,59.5700,193.1200,1.599689
FILLER_66_78,VPWR,li1,41.6300,193.1200,1.599775
FILLER_66_56,VPWR,li1,31.5100,193.1200,1.599825
FILLER_66_29,VPWR,li1,19.0900,193.1200,1.599874
FILLER_66_26,VPWR,li1,17.9400,193.1200,1.599874
FILLER_66_3,VPWR,li1,7.3600,193.1200,1.599873
FILLER_65_841,VPWR,li1,392.6100,187.6800,1.599835
FILLER_65_839,VPWR,li1,391.6900,187.6800,1.599835
FILLER_65_820,VPWR,li1,383.1800,187.6800,1.599837
FILLER_65_785,VPWR,li1,367.3100,187.6800,1.599854
FILLER_65_781,VPWR,li1,365.4700,187.6800,1.599857
FILLER_65_756,VPWR,li1,353.5100,187.6800,1.599875
FILLER_65_750,VPWR,li1,350.7500,187.6800,1.599880
FILLER_65_741,VPWR,li1,346.6100,187.6800,1.599887
FILLER_65_718,VPWR,li1,336.2600,187.6800,1.599905
FILLER_65_701,VPWR,li1,328.2100,187.6800,1.599915
FILLER_65_698,VPWR,li1,327.2900,187.6800,1.599915
FILLER_65_676,VPWR,li1,316.7100,187.6800,1.599898
FILLER_65_673,VPWR,li1,315.7900,187.6800,1.599895
FILLER_65_671,VPWR,li1,314.4100,187.6800,1.599895
FILLER_65_660,VPWR,li1,309.8100,187.6800,1.599888
FILLER_65_657,VPWR,li1,308.4300,187.6800,1.599888
FILLER_65_635,VPWR,li1,297.8500,187.6800,1.599876
FILLER_65_632,VPWR,li1,296.9300,187.6800,1.599874
FILLER_65_629,VPWR,li1,295.5500,187.6800,1.599874
FILLER_65_620,VPWR,li1,290.9500,187.6800,1.599868
FILLER_65_617,VPWR,li1,290.0300,187.6800,1.599868
FILLER_65_613,VPWR,li1,288.1900,187.6800,1.599867
FILLER_65_610,VPWR,li1,286.8100,187.6800,1.599864
FILLER_65_607,VPWR,li1,285.4300,187.6800,1.599864
FILLER_65_604,VPWR,li1,284.0500,187.6800,1.599861
FILLER_65_601,VPWR,li1,282.6700,187.6800,1.599861
FILLER_65_598,VPWR,li1,281.2900,187.6800,1.599860
FILLER_65_585,VPWR,li1,275.3100,187.6800,1.599853
FILLER_65_582,VPWR,li1,273.9300,187.6800,1.599853
FILLER_65_579,VPWR,li1,272.5500,187.6800,1.599851
FILLER_65_576,VPWR,li1,271.1700,187.6800,1.599851
FILLER_65_564,VPWR,li1,265.6500,187.6800,1.599846
FILLER_65_561,VPWR,li1,264.2700,187.6800,1.599844
FILLER_65_557,VPWR,li1,262.4300,187.6800,1.599843
FILLER_65_554,VPWR,li1,261.0500,187.6800,1.599843
FILLER_65_544,VPWR,li1,255.9900,187.6800,1.599839
FILLER_65_541,VPWR,li1,255.0700,187.6800,1.599837
FILLER_65_511,VPWR,li1,241.2700,187.6800,1.599830
FILLER_65_508,VPWR,li1,239.8900,187.6800,1.599830
FILLER_65_505,VPWR,li1,238.5100,187.6800,1.599829
FILLER_65_413,VPWR,li1,195.7300,187.6800,1.599830
FILLER_65_393,VPWR,li1,186.7600,187.6800,1.599846
FILLER_65_372,VPWR,li1,177.3300,187.6800,1.599870
FILLER_65_344,VPWR,li1,164.2200,187.6800,1.599854
FILLER_65_294,VPWR,li1,141.2200,187.6800,1.599826
FILLER_65_274,VPWR,li1,132.0200,187.6800,1.599817
FILLER_65_258,VPWR,li1,124.8900,187.6800,1.599811
FILLER_65_232,VPWR,li1,112.4700,187.6800,1.599803
FILLER_65_208,VPWR,li1,101.8900,187.6800,1.599799
FILLER_65_169,VPWR,li1,83.4900,187.6800,1.599797
FILLER_65_158,VPWR,li1,78.6600,187.6800,1.599798
FILLER_65_137,VPWR,li1,69.2300,187.6800,1.599799
FILLER_65_122,VPWR,li1,62.1000,187.6800,1.599806
FILLER_65_54,VPWR,li1,30.8200,187.6800,1.599888
FILLER_65_35,VPWR,li1,22.0800,187.6800,1.599917
FILLER_65_3,VPWR,li1,7.5900,187.6800,1.599914
FILLER_64_840,VPWR,li1,392.3800,187.6800,1.599835
FILLER_64_803,VPWR,li1,375.1300,187.6800,1.599845
FILLER_64_761,VPWR,li1,355.8100,187.6800,1.599871
FILLER_64_730,VPWR,li1,342.0100,187.6800,1.599897
FILLER_64_720,VPWR,li1,337.1800,187.6800,1.599905
FILLER_64_717,VPWR,li1,336.0300,187.6800,1.599905
FILLER_64_714,VPWR,li1,334.6500,187.6800,1.599910
FILLER_64_711,VPWR,li1,333.2700,187.6800,1.599910
FILLER_64_701,VPWR,li1,328.2100,187.6800,1.599915
FILLER_64_699,VPWR,li1,327.2900,187.6800,1.599915
FILLER_64_689,VPWR,li1,322.9200,187.6800,1.599905
FILLER_64_686,VPWR,li1,321.7700,187.6800,1.599905
FILLER_64_658,VPWR,li1,308.6600,187.6800,1.599888
FILLER_64_655,VPWR,li1,307.5100,187.6800,1.599885
FILLER_64_652,VPWR,li1,306.1300,187.6800,1.599885
FILLER_64_642,VPWR,li1,301.3000,187.6800,1.599878
FILLER_64_639,VPWR,li1,300.1500,187.6800,1.599878
FILLER_64_636,VPWR,li1,298.7700,187.6800,1.599876
FILLER_64_633,VPWR,li1,297.3900,187.6800,1.599876
FILLER_64_630,VPWR,li1,296.0100,187.6800,1.599874
FILLER_64_598,VPWR,li1,280.8300,187.6800,1.599860
FILLER_64_585,VPWR,li1,275.3100,187.6800,1.599853
FILLER_64_582,VPWR,li1,273.9300,187.6800,1.599853
FILLER_64_579,VPWR,li1,272.5500,187.6800,1.599851
FILLER_64_556,VPWR,li1,261.5100,187.6800,1.599843
FILLER_64_539,VPWR,li1,253.6900,187.6800,1.599837
FILLER_64_536,VPWR,li1,252.7700,187.6800,1.599836
FILLER_64_533,VPWR,li1,251.3900,187.6800,1.599836
FILLER_64_529,VPWR,li1,249.5500,187.6800,1.599835
FILLER_64_513,VPWR,li1,242.1900,187.6800,1.599831
FILLER_64_499,VPWR,li1,235.2900,187.6800,1.599828
FILLER_64_481,VPWR,li1,227.2400,187.6800,1.599826
FILLER_64_373,VPWR,li1,177.5600,187.6800,1.599870
FILLER_64_365,VPWR,li1,174.1100,187.6800,1.599871
FILLER_64_347,VPWR,li1,165.8300,187.6800,1.599854
FILLER_64_326,VPWR,li1,155.7100,187.6800,1.599843
FILLER_64_313,VPWR,li1,149.7300,187.6800,1.599834
FILLER_64_305,VPWR,li1,146.0500,187.6800,1.599831
FILLER_64_249,VPWR,li1,120.7500,187.6800,1.599809
FILLER_64_225,VPWR,li1,109.7100,187.6800,1.599802
FILLER_64_219,VPWR,li1,106.7200,187.6800,1.599801
FILLER_64_197,VPWR,li1,96.3700,187.6800,1.599798
FILLER_64_193,VPWR,li1,94.9900,187.6800,1.599798
FILLER_64_162,VPWR,li1,80.5000,187.6800,1.599797
FILLER_64_101,VPWR,li1,52.4400,187.6800,1.599831
FILLER_64_85,VPWR,li1,45.3100,187.6800,1.599849
FILLER_64_45,VPWR,li1,26.6800,187.6800,1.599905
FILLER_64_15,VPWR,li1,12.6500,187.6800,1.599914
FILLER_64_3,VPWR,li1,7.1300,187.6800,1.599914
FILLER_63_841,VPWR,li1,392.6100,182.2400,1.599815
FILLER_63_838,VPWR,li1,391.4600,182.2400,1.599815
FILLER_63_712,VPWR,li1,333.5000,182.2400,1.599903
FILLER_63_709,VPWR,li1,332.3500,182.2400,1.599903
FILLER_63_673,VPWR,li1,315.5600,182.2400,1.599889
FILLER_63_671,VPWR,li1,314.4100,182.2400,1.599889
FILLER_63_654,VPWR,li1,306.8200,182.2400,1.599880
FILLER_63_633,VPWR,li1,297.1600,182.2400,1.599869
FILLER_63_630,VPWR,li1,296.0100,182.2400,1.599866
FILLER_63_627,VPWR,li1,294.6300,182.2400,1.599866
FILLER_63_617,VPWR,li1,289.8000,182.2400,1.599861
FILLER_63_601,VPWR,li1,282.2100,182.2400,1.599853
FILLER_63_580,VPWR,li1,272.5500,182.2400,1.599845
FILLER_63_577,VPWR,li1,271.6300,182.2400,1.599845
FILLER_63_561,VPWR,li1,264.0400,182.2400,1.599839
FILLER_63_551,VPWR,li1,259.4400,182.2400,1.599836
FILLER_63_534,VPWR,li1,251.6200,182.2400,1.599831
FILLER_63_531,VPWR,li1,250.4700,182.2400,1.599830
FILLER_63_528,VPWR,li1,249.0900,182.2400,1.599830
FILLER_63_525,VPWR,li1,247.7100,182.2400,1.599828
FILLER_63_522,VPWR,li1,246.3300,182.2400,1.599828
FILLER_63_511,VPWR,li1,241.0400,182.2400,1.599825
FILLER_63_508,VPWR,li1,239.8900,182.2400,1.599825
FILLER_63_505,VPWR,li1,238.5100,182.2400,1.599824
FILLER_63_502,VPWR,li1,236.9000,182.2400,1.599824
FILLER_63_479,VPWR,li1,226.0900,182.2400,1.599819
FILLER_63_447,VPWR,li1,211.3700,182.2400,1.599817
FILLER_63_442,VPWR,li1,209.0700,182.2400,1.599817
FILLER_63_419,VPWR,li1,198.4900,182.2400,1.599832
FILLER_63_391,VPWR,li1,185.6100,182.2400,1.599856
FILLER_63_374,VPWR,li1,177.7900,182.2400,1.599874
FILLER_63_365,VPWR,li1,173.6500,182.2400,1.599874
FILLER_63_313,VPWR,li1,149.7300,182.2400,1.599833
FILLER_63_293,VPWR,li1,140.9900,182.2400,1.599824
FILLER_63_281,VPWR,li1,135.4700,182.2400,1.599820
FILLER_63_253,VPWR,li1,122.1300,182.2400,1.599815
FILLER_63_182,VPWR,li1,89.7000,182.2400,1.599828
FILLER_63_167,VPWR,li1,82.5700,182.2400,1.599835
FILLER_63_133,VPWR,li1,67.1600,182.2400,1.599855
FILLER_63_113,VPWR,li1,57.7300,182.2400,1.599872
FILLER_63_43,VPWR,li1,25.7600,182.2400,1.599936
FILLER_63_38,VPWR,li1,23.2300,182.2400,1.599942
FILLER_63_21,VPWR,li1,15.4100,182.2400,1.599940
FILLER_63_3,VPWR,li1,7.1300,182.2400,1.599940
FILLER_62_781,VPWR,li1,365.0100,182.2400,1.599845
FILLER_62_769,VPWR,li1,359.4900,182.2400,1.599854
FILLER_62_754,VPWR,li1,352.8200,182.2400,1.599864
FILLER_62_739,VPWR,li1,345.9200,182.2400,1.599879
FILLER_62_717,VPWR,li1,335.8000,182.2400,1.599898
FILLER_62_701,VPWR,li1,328.6700,182.2400,1.599907
FILLER_62_698,VPWR,li1,327.0600,182.2400,1.599907
FILLER_62_676,VPWR,li1,317.1700,182.2400,1.599893
FILLER_62_673,VPWR,li1,315.7900,182.2400,1.599889
FILLER_62_670,VPWR,li1,314.4100,182.2400,1.599889
FILLER_62_667,VPWR,li1,313.0300,182.2400,1.599887
FILLER_62_655,VPWR,li1,307.5100,182.2400,1.599880
FILLER_62_645,VPWR,li1,302.4500,182.2400,1.599873
FILLER_62_642,VPWR,li1,301.3000,182.2400,1.599873
FILLER_62_618,VPWR,li1,290.4900,182.2400,1.599861
FILLER_62_615,VPWR,li1,289.1100,182.2400,1.599861
FILLER_62_601,VPWR,li1,282.2100,182.2400,1.599853
FILLER_62_598,VPWR,li1,281.2900,182.2400,1.599853
FILLER_62_589,VPWR,li1,276.6900,182.2400,1.599849
FILLER_62_587,VPWR,li1,275.7700,182.2400,1.599847
FILLER_62_584,VPWR,li1,274.8500,182.2400,1.599847
FILLER_62_564,VPWR,li1,265.4200,182.2400,1.599840
FILLER_62_561,VPWR,li1,264.2700,182.2400,1.599839
FILLER_62_558,VPWR,li1,262.8900,182.2400,1.599838
FILLER_62_555,VPWR,li1,261.5100,182.2400,1.599838
FILLER_62_552,VPWR,li1,260.1300,182.2400,1.599836
FILLER_62_549,VPWR,li1,258.7500,182.2400,1.599835
FILLER_62_546,VPWR,li1,257.3700,182.2400,1.599835
FILLER_62_536,VPWR,li1,252.5400,182.2400,1.599831
FILLER_62_533,VPWR,li1,251.3900,182.2400,1.599831
FILLER_62_509,VPWR,li1,240.3500,182.2400,1.599825
FILLER_62_477,VPWR,li1,225.4000,182.2400,1.599819
FILLER_62_461,VPWR,li1,217.8100,182.2400,1.599818
FILLER_62_430,VPWR,li1,203.7800,182.2400,1.599825
FILLER_62_415,VPWR,li1,196.6500,182.2400,1.599835
FILLER_62_406,VPWR,li1,192.7400,182.2400,1.599841
FILLER_62_379,VPWR,li1,180.3200,182.2400,1.599868
FILLER_62_365,VPWR,li1,173.6500,182.2400,1.599874
FILLER_62_332,VPWR,li1,158.4700,182.2400,1.599845
FILLER_62_324,VPWR,li1,154.7900,182.2400,1.599838
FILLER_62_278,VPWR,li1,133.6300,182.2400,1.599818
FILLER_62_251,VPWR,li1,121.2100,182.2400,1.599815
FILLER_62_241,VPWR,li1,116.8400,182.2400,1.599815
FILLER_62_197,VPWR,li1,96.3700,182.2400,1.599822
FILLER_62_182,VPWR,li1,89.4700,182.2400,1.599828
FILLER_62_165,VPWR,li1,81.6500,182.2400,1.599837
FILLER_62_137,VPWR,li1,69.2300,182.2400,1.599852
FILLER_62_85,VPWR,li1,45.0800,182.2400,1.599896
FILLER_62_81,VPWR,li1,43.4700,182.2400,1.599896
FILLER_62_69,VPWR,li1,37.4900,182.2400,1.599908
FILLER_62_59,VPWR,li1,32.8900,182.2400,1.599918
FILLER_62_41,VPWR,li1,24.8400,182.2400,1.599936
FILLER_62_29,VPWR,li1,19.3200,182.2400,1.599941
FILLER_62_15,VPWR,li1,12.6500,182.2400,1.599940
FILLER_61_841,VPWR,li1,392.6100,176.8000,1.599839
FILLER_61_837,VPWR,li1,391.2300,176.8000,1.599839
FILLER_61_809,VPWR,li1,378.1200,176.8000,1.599845
FILLER_61_795,VPWR,li1,371.6800,176.8000,1.599851
FILLER_61_764,VPWR,li1,357.4200,176.8000,1.599863
FILLER_61_733,VPWR,li1,343.1600,176.8000,1.599881
FILLER_61_726,VPWR,li1,339.9400,176.8000,1.599883
FILLER_61_708,VPWR,li1,331.6600,176.8000,1.599896
FILLER_61_685,VPWR,li1,321.3100,176.8000,1.599880
FILLER_61_676,VPWR,li1,316.7100,176.8000,1.599869
FILLER_61_673,VPWR,li1,315.7900,176.8000,1.599864
FILLER_61_671,VPWR,li1,314.4100,176.8000,1.599859
FILLER_61_655,VPWR,li1,307.5100,176.8000,1.599843
FILLER_61_652,VPWR,li1,306.1300,176.8000,1.599843
FILLER_61_640,VPWR,li1,300.6100,176.8000,1.599827
FILLER_61_637,VPWR,li1,299.2300,176.8000,1.599827
FILLER_61_626,VPWR,li1,293.9400,176.8000,1.599816
FILLER_61_623,VPWR,li1,292.7900,176.8000,1.599812
FILLER_61_620,VPWR,li1,291.4100,176.8000,1.599808
FILLER_61_617,VPWR,li1,290.0300,176.8000,1.599808
FILLER_61_602,VPWR,li1,282.6700,176.8000,1.599793
FILLER_61_599,VPWR,li1,281.7500,176.8000,1.599789
FILLER_61_596,VPWR,li1,280.3700,176.8000,1.599789
FILLER_61_581,VPWR,li1,273.2400,176.8000,1.599773
FILLER_61_578,VPWR,li1,272.0900,176.8000,1.599773
FILLER_61_575,VPWR,li1,270.7100,176.8000,1.599769
FILLER_61_567,VPWR,li1,266.5700,176.8000,1.599761
FILLER_61_564,VPWR,li1,265.6500,176.8000,1.599761
FILLER_61_539,VPWR,li1,254.1500,176.8000,1.599742
FILLER_61_534,VPWR,li1,251.6200,176.8000,1.599738
FILLER_61_531,VPWR,li1,250.4700,176.8000,1.599738
FILLER_61_503,VPWR,li1,237.1300,176.8000,1.599721
FILLER_61_487,VPWR,li1,229.7700,176.8000,1.599714
FILLER_61_447,VPWR,li1,211.3700,176.8000,1.599720
FILLER_61_433,VPWR,li1,204.9300,176.8000,1.599738
FILLER_61_412,VPWR,li1,195.5000,176.8000,1.599771
FILLER_61_393,VPWR,li1,186.5300,176.8000,1.599803
FILLER_61_389,VPWR,li1,185.1500,176.8000,1.599803
FILLER_61_374,VPWR,li1,178.2500,176.8000,1.599830
FILLER_61_363,VPWR,li1,172.9600,176.8000,1.599843
FILLER_61_333,VPWR,li1,158.9300,176.8000,1.599813
FILLER_61_306,VPWR,li1,146.5100,176.8000,1.599795
FILLER_61_281,VPWR,li1,135.2400,176.8000,1.599778
FILLER_61_261,VPWR,li1,125.8100,176.8000,1.599767
FILLER_61_230,VPWR,li1,111.7800,176.8000,1.599761
FILLER_61_217,VPWR,li1,106.0300,176.8000,1.599766
FILLER_61_173,VPWR,li1,85.7900,176.8000,1.599786
FILLER_61_160,VPWR,li1,79.3500,176.8000,1.599795
FILLER_61_128,VPWR,li1,64.6300,176.8000,1.599816
FILLER_61_113,VPWR,li1,57.9600,176.8000,1.599829
FILLER_61_111,VPWR,li1,56.8100,176.8000,1.599829
FILLER_61_84,VPWR,li1,44.3900,176.8000,1.599855
FILLER_61_70,VPWR,li1,37.9500,176.8000,1.599869
FILLER_61_54,VPWR,li1,30.8200,176.8000,1.599884
FILLER_61_3,VPWR,li1,7.1300,176.8000,1.599908
FILLER_60_841,VPWR,li1,392.6100,176.8000,1.599839
FILLER_60_811,VPWR,li1,378.8100,176.8000,1.599845
FILLER_60_784,VPWR,li1,366.3900,176.8000,1.599856
FILLER_60_764,VPWR,li1,357.6500,176.8000,1.599863
FILLER_60_753,VPWR,li1,352.5900,176.8000,1.599869
FILLER_60_701,VPWR,li1,328.2100,176.8000,1.599894
FILLER_60_697,VPWR,li1,326.8300,176.8000,1.599894
FILLER_60_682,VPWR,li1,319.7000,176.8000,1.599874
FILLER_60_667,VPWR,li1,312.8000,176.8000,1.599859
FILLER_60_645,VPWR,li1,302.9100,176.8000,1.599833
FILLER_60_634,VPWR,li1,297.3900,176.8000,1.599821
FILLER_60_624,VPWR,li1,292.7900,176.8000,1.599812
FILLER_60_621,VPWR,li1,291.8700,176.8000,1.599812
FILLER_60_598,VPWR,li1,281.0600,176.8000,1.599789
FILLER_60_595,VPWR,li1,279.9100,176.8000,1.599785
FILLER_60_592,VPWR,li1,278.5300,176.8000,1.599785
FILLER_60_589,VPWR,li1,277.1500,176.8000,1.599781
FILLER_60_569,VPWR,li1,267.7200,176.8000,1.599765
FILLER_60_546,VPWR,li1,256.9100,176.8000,1.599748
FILLER_60_531,VPWR,li1,250.0100,176.8000,1.599738
FILLER_60_528,VPWR,li1,249.0900,176.8000,1.599735
FILLER_60_525,VPWR,li1,247.7100,176.8000,1.599735
FILLER_60_516,VPWR,li1,243.1100,176.8000,1.599730
FILLER_60_503,VPWR,li1,237.1300,176.8000,1.599721
FILLER_60_500,VPWR,li1,236.2100,176.8000,1.599721
FILLER_60_489,VPWR,li1,230.9200,176.8000,1.599714
FILLER_60_486,VPWR,li1,229.7700,176.8000,1.599714
FILLER_60_473,VPWR,li1,223.7900,176.8000,1.599707
FILLER_60_470,VPWR,li1,222.4100,176.8000,1.599707
FILLER_60_459,VPWR,li1,217.1200,176.8000,1.599702
FILLER_60_441,VPWR,li1,208.6100,176.8000,1.599729
FILLER_60_421,VPWR,li1,199.8700,176.8000,1.599754
FILLER_60_413,VPWR,li1,196.1900,176.8000,1.599763
FILLER_60_385,VPWR,li1,183.3100,176.8000,1.599810
FILLER_60_369,VPWR,li1,175.9500,176.8000,1.599847
FILLER_60_362,VPWR,li1,172.5000,176.8000,1.599843
FILLER_60_328,VPWR,li1,156.6300,176.8000,1.599810
FILLER_60_289,VPWR,li1,138.9200,176.8000,1.599784
FILLER_60_206,VPWR,li1,100.5100,176.8000,1.599770
FILLER_60_197,VPWR,li1,96.6000,176.8000,1.599775
FILLER_60_178,VPWR,li1,88.0900,176.8000,1.599784
FILLER_60_85,VPWR,li1,45.0800,176.8000,1.599852
FILLER_60_82,VPWR,li1,43.7000,176.8000,1.599855
FILLER_60_72,VPWR,li1,38.8700,176.8000,1.599865
FILLER_60_46,VPWR,li1,27.1400,176.8000,1.599894
FILLER_59_841,VPWR,li1,392.6100,171.3600,1.599808
FILLER_59_802,VPWR,li1,374.6700,171.3600,1.599818
FILLER_59_794,VPWR,li1,370.9900,171.3600,1.599822
FILLER_59_785,VPWR,li1,367.0800,171.3600,1.599826
FILLER_59_769,VPWR,li1,359.9500,171.3600,1.599836
FILLER_59_759,VPWR,li1,354.8900,171.3600,1.599848
FILLER_59_741,VPWR,li1,347.0700,171.3600,1.599864
FILLER_59_729,VPWR,li1,341.0900,171.3600,1.599873
FILLER_59_727,VPWR,li1,340.1700,171.3600,1.599877
FILLER_59_720,VPWR,li1,337.4100,171.3600,1.599881
FILLER_59_706,VPWR,li1,330.5100,171.3600,1.599897
FILLER_59_696,VPWR,li1,325.9100,171.3600,1.599898
FILLER_59_693,VPWR,li1,324.9900,171.3600,1.599898
FILLER_59_686,VPWR,li1,321.3100,171.3600,1.599893
FILLER_59_676,VPWR,li1,316.9400,171.3600,1.599885
FILLER_59_673,VPWR,li1,315.7900,171.3600,1.599881
FILLER_59_671,VPWR,li1,314.4100,171.3600,1.599881
FILLER_59_655,VPWR,li1,307.0500,171.3600,1.599870
FILLER_59_652,VPWR,li1,306.1300,171.3600,1.599870
FILLER_59_629,VPWR,li1,295.3200,171.3600,1.599858
FILLER_59_626,VPWR,li1,294.1700,171.3600,1.599856
FILLER_59_623,VPWR,li1,292.7900,171.3600,1.599854
FILLER_59_620,VPWR,li1,291.4100,171.3600,1.599854
FILLER_59_617,VPWR,li1,290.0300,171.3600,1.599851
FILLER_59_604,VPWR,li1,284.0500,171.3600,1.599847
FILLER_59_601,VPWR,li1,282.6700,171.3600,1.599844
FILLER_59_580,VPWR,li1,273.0100,171.3600,1.599839
FILLER_59_577,VPWR,li1,271.6300,171.3600,1.599837
FILLER_59_561,VPWR,li1,264.2700,171.3600,1.599835
FILLER_59_554,VPWR,li1,260.5900,171.3600,1.599834
FILLER_59_539,VPWR,li1,253.6900,171.3600,1.599833
FILLER_59_524,VPWR,li1,246.7900,171.3600,1.599833
FILLER_59_521,VPWR,li1,245.8700,171.3600,1.599833
FILLER_59_518,VPWR,li1,244.4900,171.3600,1.599833
FILLER_59_491,VPWR,li1,231.6100,171.3600,1.599834
FILLER_59_474,VPWR,li1,223.7900,171.3600,1.599835
FILLER_59_449,VPWR,li1,212.7500,171.3600,1.599839
FILLER_59_417,VPWR,li1,197.8000,171.3600,1.599851
FILLER_59_404,VPWR,li1,191.5900,171.3600,1.599857
FILLER_59_369,VPWR,li1,175.4900,171.3600,1.599883
FILLER_59_341,VPWR,li1,162.6100,171.3600,1.599844
FILLER_59_319,VPWR,li1,152.4900,171.3600,1.599818
FILLER_59_300,VPWR,li1,143.9800,171.3600,1.599796
FILLER_59_286,VPWR,li1,137.3100,171.3600,1.599776
FILLER_59_279,VPWR,li1,134.0900,171.3600,1.599771
FILLER_59_247,VPWR,li1,119.6000,171.3600,1.599735
FILLER_59_213,VPWR,li1,103.9600,171.3600,1.599710
FILLER_59_193,VPWR,li1,94.9900,171.3600,1.599697
FILLER_59_171,VPWR,li1,84.4100,171.3600,1.599684
FILLER_59_134,VPWR,li1,67.3900,171.3600,1.599670
FILLER_59_111,VPWR,li1,56.8100,171.3600,1.599667
FILLER_59_57,VPWR,li1,31.9700,171.3600,1.599737
FILLER_59_34,VPWR,li1,21.6200,171.3600,1.599810
FILLER_59_27,VPWR,li1,18.4000,171.3600,1.599809
FILLER_59_15,VPWR,li1,13.1100,171.3600,1.599807
FILLER_59_3,VPWR,li1,7.1300,171.3600,1.599806
FILLER_58_817,VPWR,li1,381.8000,171.3600,1.599811
FILLER_58_799,VPWR,li1,373.2900,171.3600,1.599820
FILLER_58_786,VPWR,li1,367.5400,171.3600,1.599826
FILLER_58_757,VPWR,li1,354.4300,171.3600,1.599848
FILLER_58_755,VPWR,li1,353.0500,171.3600,1.599852
FILLER_58_724,VPWR,li1,339.2500,171.3600,1.599877
FILLER_58_671,VPWR,li1,314.8700,171.3600,1.599881
FILLER_58_643,VPWR,li1,301.5300,171.3600,1.599863
FILLER_58_627,VPWR,li1,294.6300,171.3600,1.599856
FILLER_58_624,VPWR,li1,293.2500,171.3600,1.599856
FILLER_58_601,VPWR,li1,282.4400,171.3600,1.599844
FILLER_58_582,VPWR,li1,273.4700,171.3600,1.599839
FILLER_58_568,VPWR,li1,267.0300,171.3600,1.599836
FILLER_58_559,VPWR,li1,263.1200,171.3600,1.599835
FILLER_58_530,VPWR,li1,249.7800,171.3600,1.599833
FILLER_58_527,VPWR,li1,248.6300,171.3600,1.599833
FILLER_58_513,VPWR,li1,241.7300,171.3600,1.599833
FILLER_58_496,VPWR,li1,234.1400,171.3600,1.599834
FILLER_58_493,VPWR,li1,232.9900,171.3600,1.599834
FILLER_58_490,VPWR,li1,231.6100,171.3600,1.599834
FILLER_58_475,VPWR,li1,224.2500,171.3600,1.599835
FILLER_58_472,VPWR,li1,223.3300,171.3600,1.599835
FILLER_58_429,VPWR,li1,203.0900,171.3600,1.599847
FILLER_58_408,VPWR,li1,193.8900,171.3600,1.599855
FILLER_58_386,VPWR,li1,183.5400,171.3600,1.599867
FILLER_58_365,VPWR,li1,174.1100,171.3600,1.599883
FILLER_58_363,VPWR,li1,172.7300,171.3600,1.599877
FILLER_58_324,VPWR,li1,154.7900,171.3600,1.599825
FILLER_58_251,VPWR,li1,121.2100,171.3600,1.599739
FILLER_58_246,VPWR,li1,118.9100,171.3600,1.599735
FILLER_58_195,VPWR,li1,95.4500,171.3600,1.599697
FILLER_58_164,VPWR,li1,81.1900,171.3600,1.599681
FILLER_58_155,VPWR,li1,77.0500,171.3600,1.599677
FILLER_58_141,VPWR,li1,70.6100,171.3600,1.599672
FILLER_58_137,VPWR,li1,69.2300,171.3600,1.599671
FILLER_58_85,VPWR,li1,44.8500,171.3600,1.599679
FILLER_58_37,VPWR,li1,23.2300,171.3600,1.599791
FILLER_58_21,VPWR,li1,15.6400,171.3600,1.599808
FILLER_58_3,VPWR,li1,7.1300,171.3600,1.599806
FILLER_57_841,VPWR,li1,392.6100,165.9200,1.599703
FILLER_57_798,VPWR,li1,373.0600,165.9200,1.599725
FILLER_57_729,VPWR,li1,341.0900,165.9200,1.599830
FILLER_57_681,VPWR,li1,319.4700,165.9200,1.599866
FILLER_57_669,VPWR,li1,313.9500,165.9200,1.599858
FILLER_57_666,VPWR,li1,312.5700,165.9200,1.599858
FILLER_57_663,VPWR,li1,311.1900,165.9200,1.599855
FILLER_57_660,VPWR,li1,309.8100,165.9200,1.599855
FILLER_57_646,VPWR,li1,302.9100,165.9200,1.599848
FILLER_57_643,VPWR,li1,301.9900,165.9200,1.599846
FILLER_57_614,VPWR,li1,288.4200,165.9200,1.599835
FILLER_57_604,VPWR,li1,283.8200,165.9200,1.599831
FILLER_57_601,VPWR,li1,282.6700,165.9200,1.599829
FILLER_57_598,VPWR,li1,281.2900,165.9200,1.599829
FILLER_57_595,VPWR,li1,279.9100,165.9200,1.599826
FILLER_57_561,VPWR,li1,263.8100,165.9200,1.599818
FILLER_57_553,VPWR,li1,260.1300,165.9200,1.599816
FILLER_57_550,VPWR,li1,259.2100,165.9200,1.599816
FILLER_57_547,VPWR,li1,257.8300,165.9200,1.599815
FILLER_57_544,VPWR,li1,256.4500,165.9200,1.599815
FILLER_57_528,VPWR,li1,249.0900,165.9200,1.599812
FILLER_57_525,VPWR,li1,247.7100,165.9200,1.599812
FILLER_57_522,VPWR,li1,246.3300,165.9200,1.599812
FILLER_57_508,VPWR,li1,239.4300,165.9200,1.599810
FILLER_57_505,VPWR,li1,238.5100,165.9200,1.599810
FILLER_57_503,VPWR,li1,237.1300,165.9200,1.599810
FILLER_57_500,VPWR,li1,236.2100,165.9200,1.599809
FILLER_57_497,VPWR,li1,234.8300,165.9200,1.599809
FILLER_57_494,VPWR,li1,233.4500,165.9200,1.599809
FILLER_57_491,VPWR,li1,232.0700,165.9200,1.599808
FILLER_57_488,VPWR,li1,230.6900,165.9200,1.599808
FILLER_57_473,VPWR,li1,223.5600,165.9200,1.599808
FILLER_57_470,VPWR,li1,222.4100,165.9200,1.599808
FILLER_57_449,VPWR,li1,212.2900,165.9200,1.599808
FILLER_57_447,VPWR,li1,211.3700,165.9200,1.599808
FILLER_57_393,VPWR,li1,186.7600,165.9200,1.599854
FILLER_57_386,VPWR,li1,183.3100,165.9200,1.599862
FILLER_57_372,VPWR,li1,176.8700,165.9200,1.599882
FILLER_57_357,VPWR,li1,170.2000,165.9200,1.599880
FILLER_57_340,VPWR,li1,162.3800,165.9200,1.599867
FILLER_57_337,VPWR,li1,161.2300,165.9200,1.599864
FILLER_57_327,VPWR,li1,156.1700,165.9200,1.599857
FILLER_57_294,VPWR,li1,140.9900,165.9200,1.599835
FILLER_57_274,VPWR,li1,131.7900,165.9200,1.599825
FILLER_57_263,VPWR,li1,126.9600,165.9200,1.599820
FILLER_57_248,VPWR,li1,120.0600,165.9200,1.599815
FILLER_57_217,VPWR,li1,106.0300,165.9200,1.599806
FILLER_57_202,VPWR,li1,98.9000,165.9200,1.599804
FILLER_57_169,VPWR,li1,83.4900,165.9200,1.599803
FILLER_57_118,VPWR,li1,60.2600,165.9200,1.599814
FILLER_57_84,VPWR,li1,44.8500,165.9200,1.599838
FILLER_57_72,VPWR,li1,39.3300,165.9200,1.599847
FILLER_57_53,VPWR,li1,30.5900,165.9200,1.599865
FILLER_56_840,VPWR,li1,392.3800,165.9200,1.599703
FILLER_56_832,VPWR,li1,388.9300,165.9200,1.599703
FILLER_56_813,VPWR,li1,379.7300,165.9200,1.599713
FILLER_56_790,VPWR,li1,369.1500,165.9200,1.599733
FILLER_56_746,VPWR,li1,349.1400,165.9200,1.599801
FILLER_56_718,VPWR,li1,336.2600,165.9200,1.599842
FILLER_56_709,VPWR,li1,332.1200,165.9200,1.599860
FILLER_56_658,VPWR,li1,308.6600,165.9200,1.599853
FILLER_56_655,VPWR,li1,307.5100,165.9200,1.599853
FILLER_56_645,VPWR,li1,302.6800,165.9200,1.599846
FILLER_56_641,VPWR,li1,301.0700,165.9200,1.599846
FILLER_56_632,VPWR,li1,296.7000,165.9200,1.599842
FILLER_56_622,VPWR,li1,292.1000,165.9200,1.599837
FILLER_56_619,VPWR,li1,290.9500,165.9200,1.599837
FILLER_56_595,VPWR,li1,279.9100,165.9200,1.599826
FILLER_56_592,VPWR,li1,278.5300,165.9200,1.599826
FILLER_56_589,VPWR,li1,277.1500,165.9200,1.599825
FILLER_56_578,VPWR,li1,271.6300,165.9200,1.599822
FILLER_56_569,VPWR,li1,267.7200,165.9200,1.599819
FILLER_56_566,VPWR,li1,266.5700,165.9200,1.599819
FILLER_56_552,VPWR,li1,259.6700,165.9200,1.599816
FILLER_56_549,VPWR,li1,258.7500,165.9200,1.599816
FILLER_56_546,VPWR,li1,257.3700,165.9200,1.599815
FILLER_56_536,VPWR,li1,252.3100,165.9200,1.599813
FILLER_56_533,VPWR,li1,251.3900,165.9200,1.599813
FILLER_56_523,VPWR,li1,246.3300,165.9200,1.599812
FILLER_56_520,VPWR,li1,245.4100,165.9200,1.599811
FILLER_56_517,VPWR,li1,244.0300,165.9200,1.599811
FILLER_56_514,VPWR,li1,242.6500,165.9200,1.599811
FILLER_56_511,VPWR,li1,241.2700,165.9200,1.599811
FILLER_56_501,VPWR,li1,236.4400,165.9200,1.599809
FILLER_56_498,VPWR,li1,235.2900,165.9200,1.599809
FILLER_56_495,VPWR,li1,233.9100,165.9200,1.599809
FILLER_56_474,VPWR,li1,224.0200,165.9200,1.599808
FILLER_56_471,VPWR,li1,222.8700,165.9200,1.599808
FILLER_56_468,VPWR,li1,221.4900,165.9200,1.599808
FILLER_56_421,VPWR,li1,199.4100,165.9200,1.599824
FILLER_56_410,VPWR,li1,194.5800,165.9200,1.599835
FILLER_56_383,VPWR,li1,181.9300,165.9200,1.599869
FILLER_56_380,VPWR,li1,181.0100,165.9200,1.599869
FILLER_56_373,VPWR,li1,177.5600,165.9200,1.599882
FILLER_56_370,VPWR,li1,176.4100,165.9200,1.599882
FILLER_56_362,VPWR,li1,172.5000,165.9200,1.599884
FILLER_56_352,VPWR,li1,167.6700,165.9200,1.599876
FILLER_56_349,VPWR,li1,166.7500,165.9200,1.599872
FILLER_56_346,VPWR,li1,165.3700,165.9200,1.599872
FILLER_56_343,VPWR,li1,163.9900,165.9200,1.599867
FILLER_56_320,VPWR,li1,153.4100,165.9200,1.599854
FILLER_56_312,VPWR,li1,149.2700,165.9200,1.599846
FILLER_56_309,VPWR,li1,148.3500,165.9200,1.599846
FILLER_56_293,VPWR,li1,140.7600,165.9200,1.599835
FILLER_56_290,VPWR,li1,139.6100,165.9200,1.599835
FILLER_56_271,VPWR,li1,130.6400,165.9200,1.599823
FILLER_56_261,VPWR,li1,126.0400,165.9200,1.599820
FILLER_56_229,VPWR,li1,111.5500,165.9200,1.599809
FILLER_56_203,VPWR,li1,99.1300,165.9200,1.599804
FILLER_56_186,VPWR,li1,91.3100,165.9200,1.599802
FILLER_56_141,VPWR,li1,70.6100,165.9200,1.599807
FILLER_56_126,VPWR,li1,63.7100,165.9200,1.599811
FILLER_56_102,VPWR,li1,53.1300,165.9200,1.599822
FILLER_56_85,VPWR,li1,45.3100,165.9200,1.599838
FILLER_56_79,VPWR,li1,42.0900,165.9200,1.599842
FILLER_56_65,VPWR,li1,35.6500,165.9200,1.599855
FILLER_56_46,VPWR,li1,27.1400,165.9200,1.599873
FILLER_56_3,VPWR,li1,7.5900,165.9200,1.599875
FILLER_55_841,VPWR,li1,392.6100,160.4800,1.599672
FILLER_55_822,VPWR,li1,383.8700,160.4800,1.599674
FILLER_55_798,VPWR,li1,373.2900,160.4800,1.599697
FILLER_55_768,VPWR,li1,359.4900,160.4800,1.599735
FILLER_55_746,VPWR,li1,349.3700,160.4800,1.599773
FILLER_55_721,VPWR,li1,337.8700,160.4800,1.599825
FILLER_55_673,VPWR,li1,315.7900,160.4800,1.599858
FILLER_55_670,VPWR,li1,314.1800,160.4800,1.599856
FILLER_55_667,VPWR,li1,313.0300,160.4800,1.599855
FILLER_55_664,VPWR,li1,311.6500,160.4800,1.599855
FILLER_55_661,VPWR,li1,310.2700,160.4800,1.599853
FILLER_55_626,VPWR,li1,294.1700,160.4800,1.599844
FILLER_55_623,VPWR,li1,292.7900,160.4800,1.599843
FILLER_55_620,VPWR,li1,291.4100,160.4800,1.599843
FILLER_55_617,VPWR,li1,290.0300,160.4800,1.599842
FILLER_55_615,VPWR,li1,288.6500,160.4800,1.599842
FILLER_55_570,VPWR,li1,268.1800,160.4800,1.599837
FILLER_55_567,VPWR,li1,267.0300,160.4800,1.599837
FILLER_55_564,VPWR,li1,265.6500,160.4800,1.599837
FILLER_55_561,VPWR,li1,264.2700,160.4800,1.599837
FILLER_55_557,VPWR,li1,262.4300,160.4800,1.599838
FILLER_55_537,VPWR,li1,252.7700,160.4800,1.599839
FILLER_55_515,VPWR,li1,242.6500,160.4800,1.599842
FILLER_55_512,VPWR,li1,241.7300,160.4800,1.599842
FILLER_55_470,VPWR,li1,222.4100,160.4800,1.599850
FILLER_55_467,VPWR,li1,221.0300,160.4800,1.599851
FILLER_55_464,VPWR,li1,219.6500,160.4800,1.599851
FILLER_55_461,VPWR,li1,218.2700,160.4800,1.599852
FILLER_55_458,VPWR,li1,216.8900,160.4800,1.599852
FILLER_55_413,VPWR,li1,195.9600,160.4800,1.599871
FILLER_55_406,VPWR,li1,192.7400,160.4800,1.599877
FILLER_55_390,VPWR,li1,185.3800,160.4800,1.599889
FILLER_55_387,VPWR,li1,184.2300,160.4800,1.599889
FILLER_55_372,VPWR,li1,177.1000,160.4800,1.599903
FILLER_55_369,VPWR,li1,175.9500,160.4800,1.599903
FILLER_55_340,VPWR,li1,162.6100,160.4800,1.599882
FILLER_55_337,VPWR,li1,161.2300,160.4800,1.599877
FILLER_55_314,VPWR,li1,150.1900,160.4800,1.599857
FILLER_55_291,VPWR,li1,139.8400,160.4800,1.599837
FILLER_55_288,VPWR,li1,138.6900,160.4800,1.599837
FILLER_55_278,VPWR,li1,133.8600,160.4800,1.599826
FILLER_55_275,VPWR,li1,132.7100,160.4800,1.599826
FILLER_55_259,VPWR,li1,125.3500,160.4800,1.599814
FILLER_55_251,VPWR,li1,121.4400,160.4800,1.599806
FILLER_55_237,VPWR,li1,114.7700,160.4800,1.599798
FILLER_55_234,VPWR,li1,113.8500,160.4800,1.599794
FILLER_55_231,VPWR,li1,112.4700,160.4800,1.599794
FILLER_55_228,VPWR,li1,111.0900,160.4800,1.599792
FILLER_55_225,VPWR,li1,109.7100,160.4800,1.599789
FILLER_55_222,VPWR,li1,108.1000,160.4800,1.599786
FILLER_55_199,VPWR,li1,97.5200,160.4800,1.599773
FILLER_55_138,VPWR,li1,69.6900,160.4800,1.599752
FILLER_55_97,VPWR,li1,50.6000,160.4800,1.599768
FILLER_55_57,VPWR,li1,32.4300,160.4800,1.599826
FILLER_55_55,VPWR,li1,31.0500,160.4800,1.599826
FILLER_55_15,VPWR,li1,13.1100,160.4800,1.599866
FILLER_55_3,VPWR,li1,7.1300,160.4800,1.599866
FILLER_54_841,VPWR,li1,392.6100,160.4800,1.599672
FILLER_54_753,VPWR,li1,352.5900,160.4800,1.599761
FILLER_54_743,VPWR,li1,347.5300,160.4800,1.599784
FILLER_54_711,VPWR,li1,333.0400,160.4800,1.599841
FILLER_54_701,VPWR,li1,328.6700,160.4800,1.599867
FILLER_54_695,VPWR,li1,325.4500,160.4800,1.599865
FILLER_54_672,VPWR,li1,315.1000,160.4800,1.599856
FILLER_54_669,VPWR,li1,313.9500,160.4800,1.599856
FILLER_54_666,VPWR,li1,312.5700,160.4800,1.599855
FILLER_54_660,VPWR,li1,309.3500,160.4800,1.599853
FILLER_54_651,VPWR,li1,305.2100,160.4800,1.599850
FILLER_54_648,VPWR,li1,304.2900,160.4800,1.599849
FILLER_54_645,VPWR,li1,302.9100,160.4800,1.599849
FILLER_54_641,VPWR,li1,301.0700,160.4800,1.599848
FILLER_54_638,VPWR,li1,299.6900,160.4800,1.599846
FILLER_54_635,VPWR,li1,298.3100,160.4800,1.599846
FILLER_54_607,VPWR,li1,285.2000,160.4800,1.599840
FILLER_54_597,VPWR,li1,280.3700,160.4800,1.599838
FILLER_54_594,VPWR,li1,279.4500,160.4800,1.599838
FILLER_54_585,VPWR,li1,275.3100,160.4800,1.599837
FILLER_54_542,VPWR,li1,255.3000,160.4800,1.599838
FILLER_54_529,VPWR,li1,249.5500,160.4800,1.599840
FILLER_54_526,VPWR,li1,248.1700,160.4800,1.599840
FILLER_54_523,VPWR,li1,246.7900,160.4800,1.599840
FILLER_54_520,VPWR,li1,245.4100,160.4800,1.599841
FILLER_54_517,VPWR,li1,244.0300,160.4800,1.599841
FILLER_54_514,VPWR,li1,242.6500,160.4800,1.599842
FILLER_54_511,VPWR,li1,241.2700,160.4800,1.599842
FILLER_54_486,VPWR,li1,229.7700,160.4800,1.599846
FILLER_54_473,VPWR,li1,223.7900,160.4800,1.599850
FILLER_54_470,VPWR,li1,222.4100,160.4800,1.599850
FILLER_54_462,VPWR,li1,218.7300,160.4800,1.599851
FILLER_54_459,VPWR,li1,217.3500,160.4800,1.599852
FILLER_54_442,VPWR,li1,209.0700,160.4800,1.599857
FILLER_54_408,VPWR,li1,193.6600,160.4800,1.599874
FILLER_54_387,VPWR,li1,184.0000,160.4800,1.599889
FILLER_54_371,VPWR,li1,176.8700,160.4800,1.599903
FILLER_54_368,VPWR,li1,175.4900,160.4800,1.599906
FILLER_54_365,VPWR,li1,174.1100,160.4800,1.599906
FILLER_54_328,VPWR,li1,156.8600,160.4800,1.599867
FILLER_54_322,VPWR,li1,153.8700,160.4800,1.599863
FILLER_54_305,VPWR,li1,146.5100,160.4800,1.599851
FILLER_54_289,VPWR,li1,139.1500,160.4800,1.599837
FILLER_54_286,VPWR,li1,137.7700,160.4800,1.599833
FILLER_54_271,VPWR,li1,130.6400,160.4800,1.599823
FILLER_54_262,VPWR,li1,126.7300,160.4800,1.599814
FILLER_54_259,VPWR,li1,125.3500,160.4800,1.599814
FILLER_54_256,VPWR,li1,123.9700,160.4800,1.599809
FILLER_54_253,VPWR,li1,122.5900,160.4800,1.599809
FILLER_54_251,VPWR,li1,121.2100,160.4800,1.599806
FILLER_54_248,VPWR,li1,120.2900,160.4800,1.599806
FILLER_54_206,VPWR,li1,100.9700,160.4800,1.599779
FILLER_54_177,VPWR,li1,87.4000,160.4800,1.599764
FILLER_54_158,VPWR,li1,78.4300,160.4800,1.599757
FILLER_54_139,VPWR,li1,69.6900,160.4800,1.599752
FILLER_54_112,VPWR,li1,57.5000,160.4800,1.599756
FILLER_54_85,VPWR,li1,45.0800,160.4800,1.599781
FILLER_54_74,VPWR,li1,40.0200,160.4800,1.599792
FILLER_54_27,VPWR,li1,18.1700,160.4800,1.599868
FILLER_54_3,VPWR,li1,7.5900,160.4800,1.599866
FILLER_53_841,VPWR,li1,392.6100,155.0400,1.599666
FILLER_53_762,VPWR,li1,356.7300,155.0400,1.599744
FILLER_53_756,VPWR,li1,353.5100,155.0400,1.599754
FILLER_53_725,VPWR,li1,339.7100,155.0400,1.599813
FILLER_53_702,VPWR,li1,328.9000,155.0400,1.599856
FILLER_53_684,VPWR,li1,320.3900,155.0400,1.599843
FILLER_53_681,VPWR,li1,319.4700,155.0400,1.599843
FILLER_53_658,VPWR,li1,308.4300,155.0400,1.599831
FILLER_53_655,VPWR,li1,307.5100,155.0400,1.599831
FILLER_53_652,VPWR,li1,306.1300,155.0400,1.599828
FILLER_53_617,VPWR,li1,289.5700,155.0400,1.599817
FILLER_53_614,VPWR,li1,288.4200,155.0400,1.599816
FILLER_53_611,VPWR,li1,287.2700,155.0400,1.599814
FILLER_53_608,VPWR,li1,285.8900,155.0400,1.599814
FILLER_53_605,VPWR,li1,284.5100,155.0400,1.599813
FILLER_53_593,VPWR,li1,278.9900,155.0400,1.599810
FILLER_53_590,VPWR,li1,277.6100,155.0400,1.599810
FILLER_53_561,VPWR,li1,264.2700,155.0400,1.599806
FILLER_53_538,VPWR,li1,253.2300,155.0400,1.599805
FILLER_53_535,VPWR,li1,252.3100,155.0400,1.599805
FILLER_53_512,VPWR,li1,241.5000,155.0400,1.599805
FILLER_53_493,VPWR,li1,232.7600,155.0400,1.599807
FILLER_53_490,VPWR,li1,231.6100,155.0400,1.599807
FILLER_53_478,VPWR,li1,226.0900,155.0400,1.599808
FILLER_53_455,VPWR,li1,215.2800,155.0400,1.599813
FILLER_53_452,VPWR,li1,214.1300,155.0400,1.599813
FILLER_53_449,VPWR,li1,212.7500,155.0400,1.599813
FILLER_53_390,VPWR,li1,185.3800,155.0400,1.599862
FILLER_53_387,VPWR,li1,184.2300,155.0400,1.599869
FILLER_53_384,VPWR,li1,182.8500,155.0400,1.599869
FILLER_53_381,VPWR,li1,181.4700,155.0400,1.599878
FILLER_53_378,VPWR,li1,180.0900,155.0400,1.599878
FILLER_53_369,VPWR,li1,175.4900,155.0400,1.599893
FILLER_53_366,VPWR,li1,174.5700,155.0400,1.599889
FILLER_53_363,VPWR,li1,173.1900,155.0400,1.599889
FILLER_53_346,VPWR,li1,164.9100,155.0400,1.599879
FILLER_53_343,VPWR,li1,163.9900,155.0400,1.599876
FILLER_53_340,VPWR,li1,162.6100,155.0400,1.599876
FILLER_53_337,VPWR,li1,161.2300,155.0400,1.599874
FILLER_53_320,VPWR,li1,152.9500,155.0400,1.599866
FILLER_53_317,VPWR,li1,152.0300,155.0400,1.599864
FILLER_53_314,VPWR,li1,150.6500,155.0400,1.599864
FILLER_53_305,VPWR,li1,146.5100,155.0400,1.599859
FILLER_53_302,VPWR,li1,145.1300,155.0400,1.599859
FILLER_53_293,VPWR,li1,140.5300,155.0400,1.599854
FILLER_53_290,VPWR,li1,139.6100,155.0400,1.599854
FILLER_53_287,VPWR,li1,138.2300,155.0400,1.599851
FILLER_53_284,VPWR,li1,136.8500,155.0400,1.599851
FILLER_53_281,VPWR,li1,135.4700,155.0400,1.599849
FILLER_53_265,VPWR,li1,127.8800,155.0400,1.599843
FILLER_53_261,VPWR,li1,125.8100,155.0400,1.599842
FILLER_53_258,VPWR,li1,124.8900,155.0400,1.599840
FILLER_53_242,VPWR,li1,117.5300,155.0400,1.599836
FILLER_53_239,VPWR,li1,116.1500,155.0400,1.599836
FILLER_53_231,VPWR,li1,112.0100,155.0400,1.599833
FILLER_53_222,VPWR,li1,108.1000,155.0400,1.599831
FILLER_53_219,VPWR,li1,106.9500,155.0400,1.599831
FILLER_53_148,VPWR,li1,74.2900,155.0400,1.599824
FILLER_53_136,VPWR,li1,68.7700,155.0400,1.599825
FILLER_53_113,VPWR,li1,57.9600,155.0400,1.599832
FILLER_53_82,VPWR,li1,43.4700,155.0400,1.599847
FILLER_53_3,VPWR,li1,7.5900,155.0400,1.599881
FILLER_52_813,VPWR,li1,379.7300,155.0400,1.599683
FILLER_52_810,VPWR,li1,378.5800,155.0400,1.599683
FILLER_52_792,VPWR,li1,370.0700,155.0400,1.599706
FILLER_52_762,VPWR,li1,356.2700,155.0400,1.599744
FILLER_52_737,VPWR,li1,345.0000,155.0400,1.599791
FILLER_52_730,VPWR,li1,341.7800,155.0400,1.599805
FILLER_52_722,VPWR,li1,338.3300,155.0400,1.599813
FILLER_52_664,VPWR,li1,311.1900,155.0400,1.599833
FILLER_52_661,VPWR,li1,310.2700,155.0400,1.599833
FILLER_52_658,VPWR,li1,308.8900,155.0400,1.599831
FILLER_52_655,VPWR,li1,307.5100,155.0400,1.599831
FILLER_52_645,VPWR,li1,302.4500,155.0400,1.599825
FILLER_52_635,VPWR,li1,298.0800,155.0400,1.599821
FILLER_52_632,VPWR,li1,296.9300,155.0400,1.599821
FILLER_52_629,VPWR,li1,295.5500,155.0400,1.599820
FILLER_52_626,VPWR,li1,294.1700,155.0400,1.599820
FILLER_52_623,VPWR,li1,292.7900,155.0400,1.599818
FILLER_52_620,VPWR,li1,291.4100,155.0400,1.599818
FILLER_52_606,VPWR,li1,284.5100,155.0400,1.599813
FILLER_52_603,VPWR,li1,283.5900,155.0400,1.599813
FILLER_52_589,VPWR,li1,276.6900,155.0400,1.599809
FILLER_52_587,VPWR,li1,275.7700,155.0400,1.599809
FILLER_52_584,VPWR,li1,274.8500,155.0400,1.599809
FILLER_52_572,VPWR,li1,269.3300,155.0400,1.599807
FILLER_52_569,VPWR,li1,267.9500,155.0400,1.599807
FILLER_52_566,VPWR,li1,266.5700,155.0400,1.599807
FILLER_52_557,VPWR,li1,261.9700,155.0400,1.599806
FILLER_52_542,VPWR,li1,255.5300,155.0400,1.599805
FILLER_52_530,VPWR,li1,249.7800,155.0400,1.599805
FILLER_52_527,VPWR,li1,248.6300,155.0400,1.599805
FILLER_52_524,VPWR,li1,247.2500,155.0400,1.599805
FILLER_52_521,VPWR,li1,245.8700,155.0400,1.599805
FILLER_52_518,VPWR,li1,244.4900,155.0400,1.599805
FILLER_52_495,VPWR,li1,233.4500,155.0400,1.599807
FILLER_52_492,VPWR,li1,232.5300,155.0400,1.599807
FILLER_52_489,VPWR,li1,231.1500,155.0400,1.599807
FILLER_52_477,VPWR,li1,225.6300,155.0400,1.599808
FILLER_52_473,VPWR,li1,223.7900,155.0400,1.599809
FILLER_52_462,VPWR,li1,218.5000,155.0400,1.599811
FILLER_52_459,VPWR,li1,217.3500,155.0400,1.599811
FILLER_52_444,VPWR,li1,210.2200,155.0400,1.599815
FILLER_52_441,VPWR,li1,209.0700,155.0400,1.599815
FILLER_52_421,VPWR,li1,199.8700,155.0400,1.599825
FILLER_52_406,VPWR,li1,192.7400,155.0400,1.599844
FILLER_52_403,VPWR,li1,191.5900,155.0400,1.599844
FILLER_52_361,VPWR,li1,172.2700,155.0400,1.599887
FILLER_52_336,VPWR,li1,160.3100,155.0400,1.599874
FILLER_52_333,VPWR,li1,159.3900,155.0400,1.599872
FILLER_52_312,VPWR,li1,149.7300,155.0400,1.599862
FILLER_52_309,VPWR,li1,148.3500,155.0400,1.599860
FILLER_52_306,VPWR,li1,146.7400,155.0400,1.599860
FILLER_52_283,VPWR,li1,136.1600,155.0400,1.599849
FILLER_52_280,VPWR,li1,135.0100,155.0400,1.599849
FILLER_52_266,VPWR,li1,128.1100,155.0400,1.599843
FILLER_52_256,VPWR,li1,123.9700,155.0400,1.599840
FILLER_52_253,VPWR,li1,122.5900,155.0400,1.599839
FILLER_52_236,VPWR,li1,114.7700,155.0400,1.599834
FILLER_52_233,VPWR,li1,113.3900,155.0400,1.599834
FILLER_52_230,VPWR,li1,112.0100,155.0400,1.599833
FILLER_52_227,VPWR,li1,110.6300,155.0400,1.599833
FILLER_52_222,VPWR,li1,107.8700,155.0400,1.599831
FILLER_52_219,VPWR,li1,106.9500,155.0400,1.599831
FILLER_52_209,VPWR,li1,102.1200,155.0400,1.599828
FILLER_52_206,VPWR,li1,100.5100,155.0400,1.599828
FILLER_52_170,VPWR,li1,84.1800,155.0400,1.599823
FILLER_52_134,VPWR,li1,67.6200,155.0400,1.599826
FILLER_52_122,VPWR,li1,62.3300,155.0400,1.599828
FILLER_52_112,VPWR,li1,57.5000,155.0400,1.599832
FILLER_51_841,VPWR,li1,392.6100,149.6000,1.599793
FILLER_51_839,VPWR,li1,391.6900,149.6000,1.599793
FILLER_51_806,VPWR,li1,376.5100,149.6000,1.599798
FILLER_51_785,VPWR,li1,367.0800,149.6000,1.599805
FILLER_51_763,VPWR,li1,356.7300,149.6000,1.599817
FILLER_51_748,VPWR,li1,350.0600,149.6000,1.599825
FILLER_51_737,VPWR,li1,345.2300,149.6000,1.599834
FILLER_51_725,VPWR,li1,339.7100,149.6000,1.599843
FILLER_51_699,VPWR,li1,327.2900,149.6000,1.599876
FILLER_51_686,VPWR,li1,321.7700,149.6000,1.599867
FILLER_51_663,VPWR,li1,310.7300,149.6000,1.599854
FILLER_51_642,VPWR,li1,301.0700,149.6000,1.599846
FILLER_51_639,VPWR,li1,300.1500,149.6000,1.599846
FILLER_51_636,VPWR,li1,298.7700,149.6000,1.599845
FILLER_51_633,VPWR,li1,297.3900,149.6000,1.599845
FILLER_51_617,VPWR,li1,290.0300,149.6000,1.599842
FILLER_51_613,VPWR,li1,288.1900,149.6000,1.599842
FILLER_51_610,VPWR,li1,286.8100,149.6000,1.599841
FILLER_51_600,VPWR,li1,281.9800,149.6000,1.599840
FILLER_51_597,VPWR,li1,280.8300,149.6000,1.599840
FILLER_51_590,VPWR,li1,277.3800,149.6000,1.599839
FILLER_51_587,VPWR,li1,276.2300,149.6000,1.599839
FILLER_51_584,VPWR,li1,274.8500,149.6000,1.599839
FILLER_51_577,VPWR,li1,271.4000,149.6000,1.599838
FILLER_51_574,VPWR,li1,270.2500,149.6000,1.599838
FILLER_51_558,VPWR,li1,262.6600,149.6000,1.599839
FILLER_51_508,VPWR,li1,239.8900,149.6000,1.599845
FILLER_51_505,VPWR,li1,238.5100,149.6000,1.599845
FILLER_51_501,VPWR,li1,236.6700,149.6000,1.599846
FILLER_51_498,VPWR,li1,235.2900,149.6000,1.599847
FILLER_51_484,VPWR,li1,228.3900,149.6000,1.599850
FILLER_51_481,VPWR,li1,227.4700,149.6000,1.599850
FILLER_51_478,VPWR,li1,226.0900,149.6000,1.599852
FILLER_51_475,VPWR,li1,224.7100,149.6000,1.599852
FILLER_51_472,VPWR,li1,223.3300,149.6000,1.599853
FILLER_51_469,VPWR,li1,221.9500,149.6000,1.599853
FILLER_51_458,VPWR,li1,216.6600,149.6000,1.599856
FILLER_51_391,VPWR,li1,185.6100,149.6000,1.599887
FILLER_51_384,VPWR,li1,182.3900,149.6000,1.599892
FILLER_51_373,VPWR,li1,177.3300,149.6000,1.599904
FILLER_51_370,VPWR,li1,176.4100,149.6000,1.599904
FILLER_51_367,VPWR,li1,175.0300,149.6000,1.599908
FILLER_51_359,VPWR,li1,170.8900,149.6000,1.599900
FILLER_51_356,VPWR,li1,169.9700,149.6000,1.599900
FILLER_51_340,VPWR,li1,162.6100,149.6000,1.599887
FILLER_51_337,VPWR,li1,161.2300,149.6000,1.599883
FILLER_51_333,VPWR,li1,159.3900,149.6000,1.599879
FILLER_51_330,VPWR,li1,158.0100,149.6000,1.599879
FILLER_51_316,VPWR,li1,151.1100,149.6000,1.599867
FILLER_51_313,VPWR,li1,150.1900,149.6000,1.599867
FILLER_51_310,VPWR,li1,148.8100,149.6000,1.599864
FILLER_51_307,VPWR,li1,147.4300,149.6000,1.599861
FILLER_51_304,VPWR,li1,146.0500,149.6000,1.599861
FILLER_51_286,VPWR,li1,137.7700,149.6000,1.599849
FILLER_51_264,VPWR,li1,127.1900,149.6000,1.599836
FILLER_51_238,VPWR,li1,115.6900,149.6000,1.599823
FILLER_51_210,VPWR,li1,102.3500,149.6000,1.599811
FILLER_51_118,VPWR,li1,60.2600,149.6000,1.599795
FILLER_51_94,VPWR,li1,48.9900,149.6000,1.599810
FILLER_51_57,VPWR,li1,31.9700,149.6000,1.599865
FILLER_51_49,VPWR,li1,28.7500,149.6000,1.599872
FILLER_51_3,VPWR,li1,7.5900,149.6000,1.599897
FILLER_50_841,VPWR,li1,392.6100,149.6000,1.599793
FILLER_50_799,VPWR,li1,373.5200,149.6000,1.599799
FILLER_50_784,VPWR,li1,366.8500,149.6000,1.599807
FILLER_50_757,VPWR,li1,353.9700,149.6000,1.599822
FILLER_50_736,VPWR,li1,344.7700,149.6000,1.599834
FILLER_50_715,VPWR,li1,334.6500,149.6000,1.599860
FILLER_50_710,VPWR,li1,332.3500,149.6000,1.599868
FILLER_50_692,VPWR,li1,324.5300,149.6000,1.599873
FILLER_50_681,VPWR,li1,319.0100,149.6000,1.599864
FILLER_50_662,VPWR,li1,310.5000,149.6000,1.599852
FILLER_50_648,VPWR,li1,303.8300,149.6000,1.599848
FILLER_50_645,VPWR,li1,302.9100,149.6000,1.599847
FILLER_50_643,VPWR,li1,301.5300,149.6000,1.599846
FILLER_50_627,VPWR,li1,294.6300,149.6000,1.599843
FILLER_50_624,VPWR,li1,293.2500,149.6000,1.599843
FILLER_50_614,VPWR,li1,288.4200,149.6000,1.599842
FILLER_50_589,VPWR,li1,276.6900,149.6000,1.599839
FILLER_50_573,VPWR,li1,269.5600,149.6000,1.599838
FILLER_50_552,VPWR,li1,259.6700,149.6000,1.599839
FILLER_50_549,VPWR,li1,258.7500,149.6000,1.599839
FILLER_50_546,VPWR,li1,257.3700,149.6000,1.599839
FILLER_50_524,VPWR,li1,247.0200,149.6000,1.599842
FILLER_50_502,VPWR,li1,236.6700,149.6000,1.599846
FILLER_50_499,VPWR,li1,235.7500,149.6000,1.599847
FILLER_50_496,VPWR,li1,234.3700,149.6000,1.599847
FILLER_50_486,VPWR,li1,229.3100,149.6000,1.599849
FILLER_50_470,VPWR,li1,222.1800,149.6000,1.599853
FILLER_50_456,VPWR,li1,215.5100,149.6000,1.599858
FILLER_50_453,VPWR,li1,214.5900,149.6000,1.599858
FILLER_50_450,VPWR,li1,213.2100,149.6000,1.599860
FILLER_50_434,VPWR,li1,205.8500,149.6000,1.599865
FILLER_50_431,VPWR,li1,204.4700,149.6000,1.599865
FILLER_50_421,VPWR,li1,199.8700,149.6000,1.599869
FILLER_50_406,VPWR,li1,192.7400,149.6000,1.599877
FILLER_50_391,VPWR,li1,185.8400,149.6000,1.599887
FILLER_50_368,VPWR,li1,175.4900,149.6000,1.599908
FILLER_50_365,VPWR,li1,174.1100,149.6000,1.599908
FILLER_50_361,VPWR,li1,172.2700,149.6000,1.599905
FILLER_50_358,VPWR,li1,170.8900,149.6000,1.599900
FILLER_50_336,VPWR,li1,160.5400,149.6000,1.599883
FILLER_50_333,VPWR,li1,159.3900,149.6000,1.599879
FILLER_50_309,VPWR,li1,148.1200,149.6000,1.599864
FILLER_50_307,VPWR,li1,146.9700,149.6000,1.599861
FILLER_50_301,VPWR,li1,144.4400,149.6000,1.599857
FILLER_50_298,VPWR,li1,143.2900,149.6000,1.599857
FILLER_50_286,VPWR,li1,137.3100,149.6000,1.599849
FILLER_50_272,VPWR,li1,130.8700,149.6000,1.599840
FILLER_50_269,VPWR,li1,129.9500,149.6000,1.599840
FILLER_50_266,VPWR,li1,128.5700,149.6000,1.599836
FILLER_50_263,VPWR,li1,127.1900,149.6000,1.599836
FILLER_50_253,VPWR,li1,122.5900,149.6000,1.599830
FILLER_50_244,VPWR,li1,118.4500,149.6000,1.599826
FILLER_50_241,VPWR,li1,117.0700,149.6000,1.599826
FILLER_50_238,VPWR,li1,115.6900,149.6000,1.599823
FILLER_50_235,VPWR,li1,114.3100,149.6000,1.599823
FILLER_50_223,VPWR,li1,108.3300,149.6000,1.599817
FILLER_50_193,VPWR,li1,94.9900,149.6000,1.599805
FILLER_50_190,VPWR,li1,93.6100,149.6000,1.599805
FILLER_50_166,VPWR,li1,82.5700,149.6000,1.599798
FILLER_50_123,VPWR,li1,62.5600,149.6000,1.599795
FILLER_50_109,VPWR,li1,56.1200,149.6000,1.599799
FILLER_50_82,VPWR,li1,43.7000,149.6000,1.599817
FILLER_50_49,VPWR,li1,28.5200,149.6000,1.599872
FILLER_50_29,VPWR,li1,19.5500,149.6000,1.599898
FILLER_50_3,VPWR,li1,7.5900,149.6000,1.599897
FILLER_49_841,VPWR,li1,392.6100,144.1600,1.599587
FILLER_49_839,VPWR,li1,391.6900,144.1600,1.599587
FILLER_49_803,VPWR,li1,375.1300,144.1600,1.599595
FILLER_49_785,VPWR,li1,366.8500,144.1600,1.599611
FILLER_49_775,VPWR,li1,362.7100,144.1600,1.599623
FILLER_49_746,VPWR,li1,348.9100,144.1600,1.599685
FILLER_49_701,VPWR,li1,328.2100,144.1600,1.599805
FILLER_49_673,VPWR,li1,315.5600,144.1600,1.599793
FILLER_49_639,VPWR,li1,299.9200,144.1600,1.599787
FILLER_49_617,VPWR,li1,289.8000,144.1600,1.599787
FILLER_49_615,VPWR,li1,288.6500,144.1600,1.599787
FILLER_49_612,VPWR,li1,287.7300,144.1600,1.599787
FILLER_49_609,VPWR,li1,286.3500,144.1600,1.599787
FILLER_49_606,VPWR,li1,284.9700,144.1600,1.599787
FILLER_49_586,VPWR,li1,275.7700,144.1600,1.599789
FILLER_49_572,VPWR,li1,268.8700,144.1600,1.599792
FILLER_49_569,VPWR,li1,267.9500,144.1600,1.599792
FILLER_49_559,VPWR,li1,262.8900,144.1600,1.599795
FILLER_49_532,VPWR,li1,250.7000,144.1600,1.599803
FILLER_49_529,VPWR,li1,249.5500,144.1600,1.599804
FILLER_49_526,VPWR,li1,248.1700,144.1600,1.599804
FILLER_49_523,VPWR,li1,246.7900,144.1600,1.599806
FILLER_49_502,VPWR,li1,236.9000,144.1600,1.599813
FILLER_49_499,VPWR,li1,235.7500,144.1600,1.599814
FILLER_49_496,VPWR,li1,234.3700,144.1600,1.599814
FILLER_49_476,VPWR,li1,224.9400,144.1600,1.599823
FILLER_49_461,VPWR,li1,217.8100,144.1600,1.599830
FILLER_49_458,VPWR,li1,216.8900,144.1600,1.599830
FILLER_49_437,VPWR,li1,206.7700,144.1600,1.599841
FILLER_49_434,VPWR,li1,205.8500,144.1600,1.599841
FILLER_49_427,VPWR,li1,202.4000,144.1600,1.599845
FILLER_49_396,VPWR,li1,188.3700,144.1600,1.599866
FILLER_49_393,VPWR,li1,186.9900,144.1600,1.599866
FILLER_49_390,VPWR,li1,185.3800,144.1600,1.599870
FILLER_49_387,VPWR,li1,184.2300,144.1600,1.599874
FILLER_49_384,VPWR,li1,182.8500,144.1600,1.599874
FILLER_49_370,VPWR,li1,175.9500,144.1600,1.599888
FILLER_49_367,VPWR,li1,175.0300,144.1600,1.599888
FILLER_49_364,VPWR,li1,173.6500,144.1600,1.599883
FILLER_49_337,VPWR,li1,161.0000,144.1600,1.599850
FILLER_49_335,VPWR,li1,159.8500,144.1600,1.599845
FILLER_49_332,VPWR,li1,158.9300,144.1600,1.599845
FILLER_49_318,VPWR,li1,152.0300,144.1600,1.599828
FILLER_49_308,VPWR,li1,147.4300,144.1600,1.599816
FILLER_49_305,VPWR,li1,146.5100,144.1600,1.599811
FILLER_49_302,VPWR,li1,145.1300,144.1600,1.599811
FILLER_49_299,VPWR,li1,143.7500,144.1600,1.599806
FILLER_49_296,VPWR,li1,142.3700,144.1600,1.599801
FILLER_49_293,VPWR,li1,140.9900,144.1600,1.599801
FILLER_49_281,VPWR,li1,135.4700,144.1600,1.599786
FILLER_49_261,VPWR,li1,126.2700,144.1600,1.599767
FILLER_49_240,VPWR,li1,116.6100,144.1600,1.599742
FILLER_49_225,VPWR,li1,109.4800,144.1600,1.599727
FILLER_49_222,VPWR,li1,108.1000,144.1600,1.599727
FILLER_49_211,VPWR,li1,103.0400,144.1600,1.599715
FILLER_49_208,VPWR,li1,101.8900,144.1600,1.599715
FILLER_49_194,VPWR,li1,94.9900,144.1600,1.599700
FILLER_49_191,VPWR,li1,94.0700,144.1600,1.599700
FILLER_49_188,VPWR,li1,92.6900,144.1600,1.599696
FILLER_49_185,VPWR,li1,91.3100,144.1600,1.599692
FILLER_49_174,VPWR,li1,85.7900,144.1600,1.599686
FILLER_49_169,VPWR,li1,83.4900,144.1600,1.599682
FILLER_49_160,VPWR,li1,79.3500,144.1600,1.599682
FILLER_49_144,VPWR,li1,72.2200,144.1600,1.599687
FILLER_49_128,VPWR,li1,64.6300,144.1600,1.599701
FILLER_49_110,VPWR,li1,56.5800,144.1600,1.599715
FILLER_49_95,VPWR,li1,49.9100,144.1600,1.599733
FILLER_49_70,VPWR,li1,38.4100,144.1600,1.599774
FILLER_49_57,VPWR,li1,31.9700,144.1600,1.599805
FILLER_49_34,VPWR,li1,21.6200,144.1600,1.599856
FILLER_48_840,VPWR,li1,392.3800,144.1600,1.599587
FILLER_48_813,VPWR,li1,379.7300,144.1600,1.599587
FILLER_48_803,VPWR,li1,375.1300,144.1600,1.599595
FILLER_48_753,VPWR,li1,352.5900,144.1600,1.599674
FILLER_48_708,VPWR,li1,331.8900,144.1600,1.599788
FILLER_48_701,VPWR,li1,328.6700,144.1600,1.599805
FILLER_48_699,VPWR,li1,327.2900,144.1600,1.599805
FILLER_48_694,VPWR,li1,324.9900,144.1600,1.599802
FILLER_48_669,VPWR,li1,313.9500,144.1600,1.599791
FILLER_48_666,VPWR,li1,312.5700,144.1600,1.599790
FILLER_48_652,VPWR,li1,305.6700,144.1600,1.599788
FILLER_48_645,VPWR,li1,302.6800,144.1600,1.599788
FILLER_48_639,VPWR,li1,299.9200,144.1600,1.599787
FILLER_48_636,VPWR,li1,298.7700,144.1600,1.599787
FILLER_48_633,VPWR,li1,297.3900,144.1600,1.599787
FILLER_48_630,VPWR,li1,296.0100,144.1600,1.599787
FILLER_48_622,VPWR,li1,292.3300,144.1600,1.599787
FILLER_48_608,VPWR,li1,285.4300,144.1600,1.599787
FILLER_48_605,VPWR,li1,284.5100,144.1600,1.599787
FILLER_48_587,VPWR,li1,275.7700,144.1600,1.599789
FILLER_48_584,VPWR,li1,274.8500,144.1600,1.599789
FILLER_48_555,VPWR,li1,261.0500,144.1600,1.599797
FILLER_48_552,VPWR,li1,260.1300,144.1600,1.599797
FILLER_48_536,VPWR,li1,252.7700,144.1600,1.599801
FILLER_48_533,VPWR,li1,251.3900,144.1600,1.599803
FILLER_48_530,VPWR,li1,249.7800,144.1600,1.599804
FILLER_48_527,VPWR,li1,248.6300,144.1600,1.599804
FILLER_48_524,VPWR,li1,247.2500,144.1600,1.599806
FILLER_48_521,VPWR,li1,245.8700,144.1600,1.599806
FILLER_48_498,VPWR,li1,234.8300,144.1600,1.599814
FILLER_48_483,VPWR,li1,228.1600,144.1600,1.599821
FILLER_48_480,VPWR,li1,227.0100,144.1600,1.599821
FILLER_48_477,VPWR,li1,225.6300,144.1600,1.599823
FILLER_48_454,VPWR,li1,215.0500,144.1600,1.599832
FILLER_48_406,VPWR,li1,192.7400,144.1600,1.599859
FILLER_48_383,VPWR,li1,182.3900,144.1600,1.599877
FILLER_48_380,VPWR,li1,181.0100,144.1600,1.599877
FILLER_48_365,VPWR,li1,173.6500,144.1600,1.599883
FILLER_48_346,VPWR,li1,164.9100,144.1600,1.599860
FILLER_48_331,VPWR,li1,158.2400,144.1600,1.599840
FILLER_48_328,VPWR,li1,157.0900,144.1600,1.599840
FILLER_48_312,VPWR,li1,149.7300,144.1600,1.599822
FILLER_48_309,VPWR,li1,148.3500,144.1600,1.599816
FILLER_48_298,VPWR,li1,143.0600,144.1600,1.599806
FILLER_48_295,VPWR,li1,141.9100,144.1600,1.599801
FILLER_48_281,VPWR,li1,135.0100,144.1600,1.599786
FILLER_48_259,VPWR,li1,124.8900,144.1600,1.599763
FILLER_48_256,VPWR,li1,123.9700,144.1600,1.599759
FILLER_48_253,VPWR,li1,122.5900,144.1600,1.599759
FILLER_48_251,VPWR,li1,121.2100,144.1600,1.599753
FILLER_48_248,VPWR,li1,120.2900,144.1600,1.599753
FILLER_48_237,VPWR,li1,115.2300,144.1600,1.599742
FILLER_48_231,VPWR,li1,112.2400,144.1600,1.599736
FILLER_48_216,VPWR,li1,105.3400,144.1600,1.599719
FILLER_48_210,VPWR,li1,102.5800,144.1600,1.599715
FILLER_48_193,VPWR,li1,94.9900,144.1600,1.599700
FILLER_48_190,VPWR,li1,93.6100,144.1600,1.599696
FILLER_48_141,VPWR,li1,70.6100,144.1600,1.599690
FILLER_48_138,VPWR,li1,69.4600,144.1600,1.599693
FILLER_48_96,VPWR,li1,50.1400,144.1600,1.599733
FILLER_48_29,VPWR,li1,19.3200,144.1600,1.599856
FILLER_48_3,VPWR,li1,7.5900,144.1600,1.599854
FILLER_47_841,VPWR,li1,392.6100,138.7200,1.599695
FILLER_47_785,VPWR,li1,366.8500,138.7200,1.599701
FILLER_47_765,VPWR,li1,357.8800,138.7200,1.599709
FILLER_47_743,VPWR,li1,347.7600,138.7200,1.599733
FILLER_47_687,VPWR,li1,322.0000,138.7200,1.599771
FILLER_47_673,VPWR,li1,315.3300,138.7200,1.599752
FILLER_47_670,VPWR,li1,314.1800,138.7200,1.599746
FILLER_47_667,VPWR,li1,313.0300,138.7200,1.599746
FILLER_47_633,VPWR,li1,296.9300,138.7200,1.599703
FILLER_47_630,VPWR,li1,296.0100,138.7200,1.599703
FILLER_47_603,VPWR,li1,283.1300,138.7200,1.599677
FILLER_47_600,VPWR,li1,282.2100,138.7200,1.599673
FILLER_47_597,VPWR,li1,280.8300,138.7200,1.599673
FILLER_47_586,VPWR,li1,275.7700,138.7200,1.599663
FILLER_47_583,VPWR,li1,274.3900,138.7200,1.599659
FILLER_47_580,VPWR,li1,273.0100,138.7200,1.599659
FILLER_47_577,VPWR,li1,271.6300,138.7200,1.599654
FILLER_47_574,VPWR,li1,270.2500,138.7200,1.599654
FILLER_47_557,VPWR,li1,262.4300,138.7200,1.599639
FILLER_47_554,VPWR,li1,261.0500,138.7200,1.599636
FILLER_47_551,VPWR,li1,259.6700,138.7200,1.599636
FILLER_47_535,VPWR,li1,252.3100,138.7200,1.599622
FILLER_47_532,VPWR,li1,250.9300,138.7200,1.599619
FILLER_47_529,VPWR,li1,249.5500,138.7200,1.599619
FILLER_47_521,VPWR,li1,245.6400,138.7200,1.599613
FILLER_47_505,VPWR,li1,238.5100,138.7200,1.599600
FILLER_47_501,VPWR,li1,236.6700,138.7200,1.599598
FILLER_47_498,VPWR,li1,235.2900,138.7200,1.599598
FILLER_47_487,VPWR,li1,230.2300,138.7200,1.599591
FILLER_47_484,VPWR,li1,228.8500,138.7200,1.599588
FILLER_47_465,VPWR,li1,220.1100,138.7200,1.599576
FILLER_47_462,VPWR,li1,218.7300,138.7200,1.599573
FILLER_47_452,VPWR,li1,213.9000,138.7200,1.599566
FILLER_47_449,VPWR,li1,212.7500,138.7200,1.599566
FILLER_47_445,VPWR,li1,210.9100,138.7200,1.599564
FILLER_47_406,VPWR,li1,192.7400,138.7200,1.599651
FILLER_47_384,VPWR,li1,182.8500,138.7200,1.599730
FILLER_47_381,VPWR,li1,181.4700,138.7200,1.599730
FILLER_47_371,VPWR,li1,176.6400,138.7200,1.599779
FILLER_47_357,VPWR,li1,169.9700,138.7200,1.599767
FILLER_47_340,VPWR,li1,162.1500,138.7200,1.599755
FILLER_47_337,VPWR,li1,161.2300,138.7200,1.599755
FILLER_47_335,VPWR,li1,159.8500,138.7200,1.599752
FILLER_47_332,VPWR,li1,158.9300,138.7200,1.599752
FILLER_47_314,VPWR,li1,150.6500,138.7200,1.599738
FILLER_47_287,VPWR,li1,138.0000,138.7200,1.599721
FILLER_47_284,VPWR,li1,136.8500,138.7200,1.599719
FILLER_47_281,VPWR,li1,135.4700,138.7200,1.599719
FILLER_47_279,VPWR,li1,134.0900,138.7200,1.599716
FILLER_47_276,VPWR,li1,133.1700,138.7200,1.599714
FILLER_47_273,VPWR,li1,131.7900,138.7200,1.599714
FILLER_47_270,VPWR,li1,130.4100,138.7200,1.599710
FILLER_47_253,VPWR,li1,122.1300,138.7200,1.599700
FILLER_47_250,VPWR,li1,121.2100,138.7200,1.599700
FILLER_47_240,VPWR,li1,116.1500,138.7200,1.599695
FILLER_47_237,VPWR,li1,115.2300,138.7200,1.599694
FILLER_47_234,VPWR,li1,113.8500,138.7200,1.599694
FILLER_47_211,VPWR,li1,103.0400,138.7200,1.599690
FILLER_47_169,VPWR,li1,83.7200,138.7200,1.599697
FILLER_47_153,VPWR,li1,76.3600,138.7200,1.599706
FILLER_47_134,VPWR,li1,67.6200,138.7200,1.599727
FILLER_47_118,VPWR,li1,60.2600,138.7200,1.599750
FILLER_47_110,VPWR,li1,56.5800,138.7200,1.599763
FILLER_47_96,VPWR,li1,50.1400,138.7200,1.599783
FILLER_47_51,VPWR,li1,29.2100,138.7200,1.599857
FILLER_47_32,VPWR,li1,20.7000,138.7200,1.599890
FILLER_46_813,VPWR,li1,379.7300,138.7200,1.599695
FILLER_46_799,VPWR,li1,373.2900,138.7200,1.599697
FILLER_46_789,VPWR,li1,368.9200,138.7200,1.599699
FILLER_46_757,VPWR,li1,353.9700,138.7200,1.599715
FILLER_46_738,VPWR,li1,345.2300,138.7200,1.599738
FILLER_46_693,VPWR,li1,324.7600,138.7200,1.599780
FILLER_46_680,VPWR,li1,318.5500,138.7200,1.599764
FILLER_46_661,VPWR,li1,310.0400,138.7200,1.599735
FILLER_46_658,VPWR,li1,308.8900,138.7200,1.599735
FILLER_46_655,VPWR,li1,307.5100,138.7200,1.599727
FILLER_46_652,VPWR,li1,306.1300,138.7200,1.599727
FILLER_46_643,VPWR,li1,301.5300,138.7200,1.599712
FILLER_46_636,VPWR,li1,298.3100,138.7200,1.599708
FILLER_46_633,VPWR,li1,297.3900,138.7200,1.599703
FILLER_46_619,VPWR,li1,290.4900,138.7200,1.599688
FILLER_46_612,VPWR,li1,287.5000,138.7200,1.599682
FILLER_46_606,VPWR,li1,284.5100,138.7200,1.599677
FILLER_46_592,VPWR,li1,278.0700,138.7200,1.599666
FILLER_46_589,VPWR,li1,277.1500,138.7200,1.599666
FILLER_46_585,VPWR,li1,275.3100,138.7200,1.599663
FILLER_46_577,VPWR,li1,271.6300,138.7200,1.599654
FILLER_46_558,VPWR,li1,262.4300,138.7200,1.599639
FILLER_46_555,VPWR,li1,261.5100,138.7200,1.599639
FILLER_46_552,VPWR,li1,260.1300,138.7200,1.599636
FILLER_46_536,VPWR,li1,252.3100,138.7200,1.599622
FILLER_46_533,VPWR,li1,251.3900,138.7200,1.599622
FILLER_46_516,VPWR,li1,243.5700,138.7200,1.599610
FILLER_46_513,VPWR,li1,242.1900,138.7200,1.599606
FILLER_46_510,VPWR,li1,240.8100,138.7200,1.599606
FILLER_46_495,VPWR,li1,233.6800,138.7200,1.599594
FILLER_46_492,VPWR,li1,232.5300,138.7200,1.599594
FILLER_46_489,VPWR,li1,231.1500,138.7200,1.599591
FILLER_46_486,VPWR,li1,229.7700,138.7200,1.599588
FILLER_46_483,VPWR,li1,228.3900,138.7200,1.599588
FILLER_46_480,VPWR,li1,227.0100,138.7200,1.599585
FILLER_46_477,VPWR,li1,225.6300,138.7200,1.599583
FILLER_46_475,VPWR,li1,224.2500,138.7200,1.599580
FILLER_46_460,VPWR,li1,217.8100,138.7200,1.599573
FILLER_46_457,VPWR,li1,216.4300,138.7200,1.599569
FILLER_46_454,VPWR,li1,215.0500,138.7200,1.599569
FILLER_46_421,VPWR,li1,199.4100,138.7200,1.599610
FILLER_46_417,VPWR,li1,198.0300,138.7200,1.599610
FILLER_46_414,VPWR,li1,196.6500,138.7200,1.599630
FILLER_46_395,VPWR,li1,187.6800,138.7200,1.599696
FILLER_46_389,VPWR,li1,184.6900,138.7200,1.599714
FILLER_46_344,VPWR,li1,163.9900,138.7200,1.599759
FILLER_46_330,VPWR,li1,157.5500,138.7200,1.599749
FILLER_46_286,VPWR,li1,137.3100,138.7200,1.599721
FILLER_46_283,VPWR,li1,136.3900,138.7200,1.599719
FILLER_46_280,VPWR,li1,135.0100,138.7200,1.599716
FILLER_46_277,VPWR,li1,133.6300,138.7200,1.599716
FILLER_46_274,VPWR,li1,132.2500,138.7200,1.599714
FILLER_46_268,VPWR,li1,129.2600,138.7200,1.599710
FILLER_46_122,VPWR,li1,61.8700,138.7200,1.599744
FILLER_46_111,VPWR,li1,57.0400,138.7200,1.599763
FILLER_46_98,VPWR,li1,51.2900,138.7200,1.599777
FILLER_46_29,VPWR,li1,19.3200,138.7200,1.599888
FILLER_46_27,VPWR,li1,18.1700,138.7200,1.599888
FILLER_45_841,VPWR,li1,392.6100,133.2800,1.599612
FILLER_45_837,VPWR,li1,391.2300,133.2800,1.599612
FILLER_45_785,VPWR,li1,367.3100,133.2800,1.599617
FILLER_45_733,VPWR,li1,342.9300,133.2800,1.599696
FILLER_45_718,VPWR,li1,336.2600,133.2800,1.599735
FILLER_45_699,VPWR,li1,327.5200,133.2800,1.599786
FILLER_45_681,VPWR,li1,319.2400,133.2800,1.599772
FILLER_45_673,VPWR,li1,315.7900,133.2800,1.599768
FILLER_45_670,VPWR,li1,314.1800,133.2800,1.599768
FILLER_45_641,VPWR,li1,301.0700,133.2800,1.599754
FILLER_45_638,VPWR,li1,299.6900,133.2800,1.599753
FILLER_45_635,VPWR,li1,298.3100,133.2800,1.599753
FILLER_45_621,VPWR,li1,291.4100,133.2800,1.599750
FILLER_45_614,VPWR,li1,288.4200,133.2800,1.599749
FILLER_45_599,VPWR,li1,281.5200,133.2800,1.599748
FILLER_45_552,VPWR,li1,259.6700,133.2800,1.599751
FILLER_45_537,VPWR,li1,253.0000,133.2800,1.599754
FILLER_45_486,VPWR,li1,229.3100,133.2800,1.599773
FILLER_45_483,VPWR,li1,228.3900,133.2800,1.599773
FILLER_45_480,VPWR,li1,227.0100,133.2800,1.599775
FILLER_45_462,VPWR,li1,218.5000,133.2800,1.599782
FILLER_45_456,VPWR,li1,215.7400,133.2800,1.599785
FILLER_45_445,VPWR,li1,210.9100,133.2800,1.599791
FILLER_45_431,VPWR,li1,204.0100,133.2800,1.599800
FILLER_45_408,VPWR,li1,193.6600,133.2800,1.599813
FILLER_45_405,VPWR,li1,192.5100,133.2800,1.599817
FILLER_45_402,VPWR,li1,191.1300,133.2800,1.599817
FILLER_45_389,VPWR,li1,185.1500,133.2800,1.599826
FILLER_45_357,VPWR,li1,170.4300,133.2800,1.599833
FILLER_45_354,VPWR,li1,169.0500,133.2800,1.599833
FILLER_45_333,VPWR,li1,159.3900,133.2800,1.599804
FILLER_45_330,VPWR,li1,158.0100,133.2800,1.599796
FILLER_45_327,VPWR,li1,156.6300,133.2800,1.599796
FILLER_45_316,VPWR,li1,151.5700,133.2800,1.599779
FILLER_45_313,VPWR,li1,150.1900,133.2800,1.599779
FILLER_45_307,VPWR,li1,147.2000,133.2800,1.599771
FILLER_45_304,VPWR,li1,146.0500,133.2800,1.599765
FILLER_45_301,VPWR,li1,144.6700,133.2800,1.599765
FILLER_45_298,VPWR,li1,143.2900,133.2800,1.599760
FILLER_45_274,VPWR,li1,132.0200,133.2800,1.599737
FILLER_45_249,VPWR,li1,120.2900,133.2800,1.599721
FILLER_45_243,VPWR,li1,117.7600,133.2800,1.599719
FILLER_45_225,VPWR,li1,109.4800,133.2800,1.599717
FILLER_45_194,VPWR,li1,95.4500,133.2800,1.599720
FILLER_45_169,VPWR,li1,83.7200,133.2800,1.599723
FILLER_45_166,VPWR,li1,82.3400,133.2800,1.599724
FILLER_45_136,VPWR,li1,68.7700,133.2800,1.599744
FILLER_45_126,VPWR,li1,63.9400,133.2800,1.599759
FILLER_45_113,VPWR,li1,58.1900,133.2800,1.599780
FILLER_45_111,VPWR,li1,56.8100,133.2800,1.599780
FILLER_45_62,VPWR,li1,34.7300,133.2800,1.599853
FILLER_45_57,VPWR,li1,31.9700,133.2800,1.599862
FILLER_45_15,VPWR,li1,12.6500,133.2800,1.599892
FILLER_45_3,VPWR,li1,7.1300,133.2800,1.599891
FILLER_44_839,VPWR,li1,392.1500,133.2800,1.599612
FILLER_44_813,VPWR,li1,379.9600,133.2800,1.599613
FILLER_44_770,VPWR,li1,359.9500,133.2800,1.599627
FILLER_44_748,VPWR,li1,349.8300,133.2800,1.599653
FILLER_44_720,VPWR,li1,337.1800,133.2800,1.599735
FILLER_44_706,VPWR,li1,330.5100,133.2800,1.599774
FILLER_44_701,VPWR,li1,328.2100,133.2800,1.599790
FILLER_44_672,VPWR,li1,315.3300,133.2800,1.599768
FILLER_44_645,VPWR,li1,302.6800,133.2800,1.599755
FILLER_44_643,VPWR,li1,301.5300,133.2800,1.599754
FILLER_44_637,VPWR,li1,298.7700,133.2800,1.599753
FILLER_44_623,VPWR,li1,292.3300,133.2800,1.599750
FILLER_44_620,VPWR,li1,291.4100,133.2800,1.599750
FILLER_44_598,VPWR,li1,281.0600,133.2800,1.599748
FILLER_44_595,VPWR,li1,279.9100,133.2800,1.599748
FILLER_44_592,VPWR,li1,278.5300,133.2800,1.599748
FILLER_44_589,VPWR,li1,277.1500,133.2800,1.599748
FILLER_44_581,VPWR,li1,273.0100,133.2800,1.599748
FILLER_44_559,VPWR,li1,263.1200,133.2800,1.599750
FILLER_44_556,VPWR,li1,261.9700,133.2800,1.599750
FILLER_44_553,VPWR,li1,260.5900,133.2800,1.599751
FILLER_44_537,VPWR,li1,252.7700,133.2800,1.599754
FILLER_44_513,VPWR,li1,241.9600,133.2800,1.599762
FILLER_44_499,VPWR,li1,235.2900,133.2800,1.599766
FILLER_44_489,VPWR,li1,230.9200,133.2800,1.599770
FILLER_44_486,VPWR,li1,229.7700,133.2800,1.599773
FILLER_44_483,VPWR,li1,228.3900,133.2800,1.599773
FILLER_44_470,VPWR,li1,221.9500,133.2800,1.599779
FILLER_44_464,VPWR,li1,219.1900,133.2800,1.599782
FILLER_44_461,VPWR,li1,218.2700,133.2800,1.599782
FILLER_44_458,VPWR,li1,216.8900,133.2800,1.599785
FILLER_44_449,VPWR,li1,212.2900,133.2800,1.599789
FILLER_44_436,VPWR,li1,206.3100,133.2800,1.599797
FILLER_44_433,VPWR,li1,205.3900,133.2800,1.599797
FILLER_44_414,VPWR,li1,196.1900,133.2800,1.599810
FILLER_44_411,VPWR,li1,195.2700,133.2800,1.599813
FILLER_44_408,VPWR,li1,193.8900,133.2800,1.599813
FILLER_44_405,VPWR,li1,192.5100,133.2800,1.599817
FILLER_44_402,VPWR,li1,191.1300,133.2800,1.599817
FILLER_44_399,VPWR,li1,189.7500,133.2800,1.599821
FILLER_44_365,VPWR,li1,173.6500,133.2800,1.599846
FILLER_44_362,VPWR,li1,172.5000,133.2800,1.599839
FILLER_44_354,VPWR,li1,169.0500,133.2800,1.599833
FILLER_44_349,VPWR,li1,166.2900,133.2800,1.599825
FILLER_44_346,VPWR,li1,165.3700,133.2800,1.599818
FILLER_44_343,VPWR,li1,163.9900,133.2800,1.599818
FILLER_44_328,VPWR,li1,156.8600,133.2800,1.599796
FILLER_44_309,VPWR,li1,148.1200,133.2800,1.599771
FILLER_44_293,VPWR,li1,140.5300,133.2800,1.599753
FILLER_44_266,VPWR,li1,128.3400,133.2800,1.599731
FILLER_44_250,VPWR,li1,120.9800,133.2800,1.599721
FILLER_44_220,VPWR,li1,107.4100,133.2800,1.599717
FILLER_44_217,VPWR,li1,106.0300,133.2800,1.599718
FILLER_44_161,VPWR,li1,80.0400,133.2800,1.599726
FILLER_44_141,VPWR,li1,70.6100,133.2800,1.599740
FILLER_44_129,VPWR,li1,65.3200,133.2800,1.599759
FILLER_44_104,VPWR,li1,54.0500,133.2800,1.599789
FILLER_44_42,VPWR,li1,25.5300,133.2800,1.599886
FILLER_44_27,VPWR,li1,18.1700,133.2800,1.599895
FILLER_43_841,VPWR,li1,392.6100,127.8400,1.599739
FILLER_43_839,VPWR,li1,391.6900,127.8400,1.599739
FILLER_43_793,VPWR,li1,370.5300,127.8400,1.599743
FILLER_43_783,VPWR,li1,365.9300,127.8400,1.599748
FILLER_43_764,VPWR,li1,357.4200,127.8400,1.599755
FILLER_43_727,VPWR,li1,340.1700,127.8400,1.599793
FILLER_43_673,VPWR,li1,315.5600,127.8400,1.599809
FILLER_43_662,VPWR,li1,310.2700,127.8400,1.599799
FILLER_43_659,VPWR,li1,309.3500,127.8400,1.599796
FILLER_43_643,VPWR,li1,301.5300,127.8400,1.599784
FILLER_43_617,VPWR,li1,289.8000,127.8400,1.599767
FILLER_43_615,VPWR,li1,288.6500,127.8400,1.599767
FILLER_43_572,VPWR,li1,269.3300,127.8400,1.599753
FILLER_43_557,VPWR,li1,262.4300,127.8400,1.599751
FILLER_43_536,VPWR,li1,252.7700,127.8400,1.599751
FILLER_43_522,VPWR,li1,245.8700,127.8400,1.599751
FILLER_43_491,VPWR,li1,231.6100,127.8400,1.599756
FILLER_43_488,VPWR,li1,230.6900,127.8400,1.599756
FILLER_43_468,VPWR,li1,221.0300,127.8400,1.599760
FILLER_43_449,VPWR,li1,212.5200,127.8400,1.599765
FILLER_43_427,VPWR,li1,202.6300,127.8400,1.599772
FILLER_43_409,VPWR,li1,194.1200,127.8400,1.599778
FILLER_43_406,VPWR,li1,192.9700,127.8400,1.599782
FILLER_43_403,VPWR,li1,191.5900,127.8400,1.599782
FILLER_43_345,VPWR,li1,164.9100,127.8400,1.599753
FILLER_43_329,VPWR,li1,157.3200,127.8400,1.599721
FILLER_43_309,VPWR,li1,147.8900,127.8400,1.599678
FILLER_43_242,VPWR,li1,117.3000,127.8400,1.599593
FILLER_43_166,VPWR,li1,82.3400,127.8400,1.599596
FILLER_43_148,VPWR,li1,73.8300,127.8400,1.599609
FILLER_43_126,VPWR,li1,63.7100,127.8400,1.599636
FILLER_43_113,VPWR,li1,58.1900,127.8400,1.599658
FILLER_43_110,VPWR,li1,56.5800,127.8400,1.599658
FILLER_43_100,VPWR,li1,52.2100,127.8400,1.599675
FILLER_43_89,VPWR,li1,46.9200,127.8400,1.599700
FILLER_43_75,VPWR,li1,40.7100,127.8400,1.599724
FILLER_43_57,VPWR,li1,31.9700,127.8400,1.599775
FILLER_43_54,VPWR,li1,30.8200,127.8400,1.599775
FILLER_42_839,VPWR,li1,392.1500,127.8400,1.599739
FILLER_42_813,VPWR,li1,379.9600,127.8400,1.599740
FILLER_42_811,VPWR,li1,378.8100,127.8400,1.599740
FILLER_42_791,VPWR,li1,369.8400,127.8400,1.599744
FILLER_42_778,VPWR,li1,363.6300,127.8400,1.599750
FILLER_42_754,VPWR,li1,352.8200,127.8400,1.599761
FILLER_42_733,VPWR,li1,342.9300,127.8400,1.599787
FILLER_42_706,VPWR,li1,330.5100,127.8400,1.599839
FILLER_42_701,VPWR,li1,328.2100,127.8400,1.599835
FILLER_42_699,VPWR,li1,327.2900,127.8400,1.599835
FILLER_42_689,VPWR,li1,322.6900,127.8400,1.599823
FILLER_42_663,VPWR,li1,311.1900,127.8400,1.599799
FILLER_42_652,VPWR,li1,305.9000,127.8400,1.599791
FILLER_42_645,VPWR,li1,302.6800,127.8400,1.599784
FILLER_42_636,VPWR,li1,298.5400,127.8400,1.599778
FILLER_42_589,VPWR,li1,276.9200,127.8400,1.599756
FILLER_42_587,VPWR,li1,275.7700,127.8400,1.599756
FILLER_42_546,VPWR,li1,257.3700,127.8400,1.599750
FILLER_42_531,VPWR,li1,250.0100,127.8400,1.599751
FILLER_42_502,VPWR,li1,237.1300,127.8400,1.599754
FILLER_42_490,VPWR,li1,231.6100,127.8400,1.599756
FILLER_42_487,VPWR,li1,230.2300,127.8400,1.599756
FILLER_42_480,VPWR,li1,227.0100,127.8400,1.599757
FILLER_42_477,VPWR,li1,225.6300,127.8400,1.599758
FILLER_42_464,VPWR,li1,219.4200,127.8400,1.599761
FILLER_42_421,VPWR,li1,199.8700,127.8400,1.599775
FILLER_42_419,VPWR,li1,198.4900,127.8400,1.599775
FILLER_42_398,VPWR,li1,188.8300,127.8400,1.599786
FILLER_42_395,VPWR,li1,187.9100,127.8400,1.599790
FILLER_42_377,VPWR,li1,179.1700,127.8400,1.599804
FILLER_42_362,VPWR,li1,172.5000,127.8400,1.599786
FILLER_42_332,VPWR,li1,158.4700,127.8400,1.599721
FILLER_42_329,VPWR,li1,157.5500,127.8400,1.599721
FILLER_42_326,VPWR,li1,156.1700,127.8400,1.599713
FILLER_42_315,VPWR,li1,150.8800,127.8400,1.599696
FILLER_42_299,VPWR,li1,143.2900,127.8400,1.599663
FILLER_42_292,VPWR,li1,140.5300,127.8400,1.599652
FILLER_42_289,VPWR,li1,139.1500,127.8400,1.599652
FILLER_42_286,VPWR,li1,137.7700,127.8400,1.599644
FILLER_42_263,VPWR,li1,126.7300,127.8400,1.599611
FILLER_42_253,VPWR,li1,122.1300,127.8400,1.599601
FILLER_42_234,VPWR,li1,113.6200,127.8400,1.599591
FILLER_42_197,VPWR,li1,96.6000,127.8400,1.599586
FILLER_42_176,VPWR,li1,87.1700,127.8400,1.599591
FILLER_42_46,VPWR,li1,26.9100,127.8400,1.599798
FILLER_42_3,VPWR,li1,7.1300,127.8400,1.599827
FILLER_41_841,VPWR,li1,392.6100,122.4000,1.599617
FILLER_41_838,VPWR,li1,391.4600,122.4000,1.599617
FILLER_41_813,VPWR,li1,379.7300,122.4000,1.599621
FILLER_41_799,VPWR,li1,373.2900,122.4000,1.599625
FILLER_41_785,VPWR,li1,367.3100,122.4000,1.599636
FILLER_41_733,VPWR,li1,343.1600,122.4000,1.599693
FILLER_41_701,VPWR,li1,328.2100,122.4000,1.599720
FILLER_41_686,VPWR,li1,321.3100,122.4000,1.599676
FILLER_41_673,VPWR,li1,315.5600,122.4000,1.599633
FILLER_41_659,VPWR,li1,308.8900,122.4000,1.599586
FILLER_41_626,VPWR,li1,293.7100,122.4000,1.599508
FILLER_41_615,VPWR,li1,288.6500,122.4000,1.599479
FILLER_41_605,VPWR,li1,284.0500,122.4000,1.599459
FILLER_41_569,VPWR,li1,267.9500,122.4000,1.599404
FILLER_41_557,VPWR,li1,262.4300,122.4000,1.599391
FILLER_41_522,VPWR,li1,245.8700,122.4000,1.599380
FILLER_41_493,VPWR,li1,232.9900,122.4000,1.599396
FILLER_41_453,VPWR,li1,214.1300,122.4000,1.599451
FILLER_41_411,VPWR,li1,194.8100,122.4000,1.599548
FILLER_41_393,VPWR,li1,186.7600,122.4000,1.599599
FILLER_41_389,VPWR,li1,185.1500,122.4000,1.599599
FILLER_41_386,VPWR,li1,183.7700,122.4000,1.599617
FILLER_41_337,VPWR,li1,161.0000,122.4000,1.599567
FILLER_41_331,VPWR,li1,158.0100,122.4000,1.599552
FILLER_41_321,VPWR,li1,153.4100,122.4000,1.599524
FILLER_41_263,VPWR,li1,126.7300,122.4000,1.599409
FILLER_41_169,VPWR,li1,83.7200,122.4000,1.599389
FILLER_41_105,VPWR,li1,54.5100,122.4000,1.599525
FILLER_41_94,VPWR,li1,48.9900,122.4000,1.599563
FILLER_41_84,VPWR,li1,44.3900,122.4000,1.599605
FILLER_41_79,VPWR,li1,42.0900,122.4000,1.599620
FILLER_41_72,VPWR,li1,39.3300,122.4000,1.599634
FILLER_41_57,VPWR,li1,32.2000,122.4000,1.599689
FILLER_41_40,VPWR,li1,24.1500,122.4000,1.599768
FILLER_41_30,VPWR,li1,19.5500,122.4000,1.599791
FILLER_41_15,VPWR,li1,12.8800,122.4000,1.599790
FILLER_41_3,VPWR,li1,7.1300,122.4000,1.599790
FILLER_40_813,VPWR,li1,380.1900,122.4000,1.599620
FILLER_40_794,VPWR,li1,370.9900,122.4000,1.599627
FILLER_40_761,VPWR,li1,356.0400,122.4000,1.599659
FILLER_40_755,VPWR,li1,353.0500,122.4000,1.599666
FILLER_40_698,VPWR,li1,327.0600,122.4000,1.599720
FILLER_40_662,VPWR,li1,310.5000,122.4000,1.599600
FILLER_40_637,VPWR,li1,299.0000,122.4000,1.599528
FILLER_40_614,VPWR,li1,288.1900,122.4000,1.599479
FILLER_40_583,VPWR,li1,273.9300,122.4000,1.599420
FILLER_40_541,VPWR,li1,254.6100,122.4000,1.599380
FILLER_40_531,VPWR,li1,250.0100,122.4000,1.599379
FILLER_40_519,VPWR,li1,244.9500,122.4000,1.599380
FILLER_40_481,VPWR,li1,227.0100,122.4000,1.599411
FILLER_40_466,VPWR,li1,220.3400,122.4000,1.599431
FILLER_40_448,VPWR,li1,211.8300,122.4000,1.599458
FILLER_40_421,VPWR,li1,199.6400,122.4000,1.599514
FILLER_40_392,VPWR,li1,186.5300,122.4000,1.599599
FILLER_40_389,VPWR,li1,185.1500,122.4000,1.599599
FILLER_40_386,VPWR,li1,183.7700,122.4000,1.599617
FILLER_40_372,VPWR,li1,176.8700,122.4000,1.599652
FILLER_40_307,VPWR,li1,146.9700,122.4000,1.599486
FILLER_40_278,VPWR,li1,134.0900,122.4000,1.599431
FILLER_40_267,VPWR,li1,128.8000,122.4000,1.599418
FILLER_40_253,VPWR,li1,122.1300,122.4000,1.599392
FILLER_40_251,VPWR,li1,121.2100,122.4000,1.599392
FILLER_40_219,VPWR,li1,106.7200,122.4000,1.599363
FILLER_40_197,VPWR,li1,96.3700,122.4000,1.599360
FILLER_40_129,VPWR,li1,65.0900,122.4000,1.599458
FILLER_40_82,VPWR,li1,43.7000,122.4000,1.599605
FILLER_40_71,VPWR,li1,38.6400,122.4000,1.599651
FILLER_40_40,VPWR,li1,24.6100,122.4000,1.599768
FILLER_40_3,VPWR,li1,7.1300,122.4000,1.599790
FILLER_39_841,VPWR,li1,392.6100,116.9600,1.599710
FILLER_39_838,VPWR,li1,391.4600,116.9600,1.599710
FILLER_39_785,VPWR,li1,366.8500,116.9600,1.599742
FILLER_39_760,VPWR,li1,355.5800,116.9600,1.599769
FILLER_39_734,VPWR,li1,343.3900,116.9600,1.599793
FILLER_39_729,VPWR,li1,341.0900,116.9600,1.599799
FILLER_39_727,VPWR,li1,340.1700,116.9600,1.599805
FILLER_39_705,VPWR,li1,330.0500,116.9600,1.599832
FILLER_39_643,VPWR,li1,301.7600,116.9600,1.599724
FILLER_39_615,VPWR,li1,288.6500,116.9600,1.599682
FILLER_39_602,VPWR,li1,283.1300,116.9600,1.599665
FILLER_39_595,VPWR,li1,279.9100,116.9600,1.599655
FILLER_39_583,VPWR,li1,274.3900,116.9600,1.599635
FILLER_39_580,VPWR,li1,273.0100,116.9600,1.599635
FILLER_39_561,VPWR,li1,264.0400,116.9600,1.599611
FILLER_39_549,VPWR,li1,258.7500,116.9600,1.599600
FILLER_39_519,VPWR,li1,244.7200,116.9600,1.599579
FILLER_39_501,VPWR,li1,236.6700,116.9600,1.599575
FILLER_39_478,VPWR,li1,225.8600,116.9600,1.599575
FILLER_39_449,VPWR,li1,212.5200,116.9600,1.599590
FILLER_39_421,VPWR,li1,199.6400,116.9600,1.599626
FILLER_39_418,VPWR,li1,198.4900,116.9600,1.599626
FILLER_39_396,VPWR,li1,188.1400,116.9600,1.599658
FILLER_39_393,VPWR,li1,186.9900,116.9600,1.599665
FILLER_39_391,VPWR,li1,185.6100,116.9600,1.599671
FILLER_39_364,VPWR,li1,173.1900,116.9600,1.599692
FILLER_39_361,VPWR,li1,172.2700,116.9600,1.599674
FILLER_39_358,VPWR,li1,170.8900,116.9600,1.599674
FILLER_39_225,VPWR,li1,109.2500,116.9600,1.599368
FILLER_39_221,VPWR,li1,107.8700,116.9600,1.599368
FILLER_39_213,VPWR,li1,103.7300,116.9600,1.599369
FILLER_39_174,VPWR,li1,86.0200,116.9600,1.599398
FILLER_39_158,VPWR,li1,78.6600,116.9600,1.599427
FILLER_39_110,VPWR,li1,56.5800,116.9600,1.599539
FILLER_39_67,VPWR,li1,36.8000,116.9600,1.599671
FILLER_39_55,VPWR,li1,31.0500,116.9600,1.599716
FILLER_38_841,VPWR,li1,392.6100,116.9600,1.599710
FILLER_38_773,VPWR,li1,361.3300,116.9600,1.599753
FILLER_38_763,VPWR,li1,356.9600,116.9600,1.599763
FILLER_38_743,VPWR,li1,347.5300,116.9600,1.599784
FILLER_38_719,VPWR,li1,336.9500,116.9600,1.599814
FILLER_38_714,VPWR,li1,334.1900,116.9600,1.599821
FILLER_38_701,VPWR,li1,328.2100,116.9600,1.599825
FILLER_38_697,VPWR,li1,326.8300,116.9600,1.599825
FILLER_38_641,VPWR,li1,301.0700,116.9600,1.599724
FILLER_38_628,VPWR,li1,295.0900,116.9600,1.599703
FILLER_38_596,VPWR,li1,280.1400,116.9600,1.599655
FILLER_38_587,VPWR,li1,275.7700,116.9600,1.599640
FILLER_38_584,VPWR,li1,274.8500,116.9600,1.599640
FILLER_38_581,VPWR,li1,273.4700,116.9600,1.599635
FILLER_38_578,VPWR,li1,272.0900,116.9600,1.599628
FILLER_38_560,VPWR,li1,263.3500,116.9600,1.599611
FILLER_38_533,VPWR,li1,251.1600,116.9600,1.599585
FILLER_38_514,VPWR,li1,242.6500,116.9600,1.599577
FILLER_38_505,VPWR,li1,238.0500,116.9600,1.599575
FILLER_38_494,VPWR,li1,233.2200,116.9600,1.599574
FILLER_38_470,VPWR,li1,221.9500,116.9600,1.599576
FILLER_38_440,VPWR,li1,208.3800,116.9600,1.599601
FILLER_38_430,VPWR,li1,203.5500,116.9600,1.599614
FILLER_38_427,VPWR,li1,202.6300,116.9600,1.599619
FILLER_38_424,VPWR,li1,201.2500,116.9600,1.599619
FILLER_38_421,VPWR,li1,199.8700,116.9600,1.599626
FILLER_38_406,VPWR,li1,192.5100,116.9600,1.599644
FILLER_38_398,VPWR,li1,188.8300,116.9600,1.599658
FILLER_38_381,VPWR,li1,181.0100,116.9600,1.599687
FILLER_38_378,VPWR,li1,180.0900,116.9600,1.599687
FILLER_38_365,VPWR,li1,173.6500,116.9600,1.599692
FILLER_38_362,VPWR,li1,172.5000,116.9600,1.599674
FILLER_38_359,VPWR,li1,171.3500,116.9600,1.599674
FILLER_38_274,VPWR,li1,131.7900,116.9600,1.599442
FILLER_38_250,VPWR,li1,120.9800,116.9600,1.599392
FILLER_38_201,VPWR,li1,98.4400,116.9600,1.599374
FILLER_38_141,VPWR,li1,71.0700,116.9600,1.599468
FILLER_38_139,VPWR,li1,69.6900,116.9600,1.599468
FILLER_38_99,VPWR,li1,51.2900,116.9600,1.599580
FILLER_38_51,VPWR,li1,29.2100,116.9600,1.599731
FILLER_38_29,VPWR,li1,19.0900,116.9600,1.599804
FILLER_38_27,VPWR,li1,18.1700,116.9600,1.599804
FILLER_37_841,VPWR,li1,392.6100,111.5200,1.599426
FILLER_37_837,VPWR,li1,391.2300,111.5200,1.599426
FILLER_37_821,VPWR,li1,383.8700,111.5200,1.599429
FILLER_37_792,VPWR,li1,370.0700,111.5200,1.599458
FILLER_37_769,VPWR,li1,359.7200,111.5200,1.599486
FILLER_37_734,VPWR,li1,343.3900,111.5200,1.599584
FILLER_37_701,VPWR,li1,328.4400,111.5200,1.599680
FILLER_37_648,VPWR,li1,304.2900,111.5200,1.599590
FILLER_37_623,VPWR,li1,292.3300,111.5200,1.599561
FILLER_37_620,VPWR,li1,291.4100,111.5200,1.599561
FILLER_37_617,VPWR,li1,290.0300,111.5200,1.599555
FILLER_37_615,VPWR,li1,288.6500,111.5200,1.599555
FILLER_37_566,VPWR,li1,266.5700,111.5200,1.599513
FILLER_37_541,VPWR,li1,255.0700,111.5200,1.599496
FILLER_37_505,VPWR,li1,238.2800,111.5200,1.599516
FILLER_37_499,VPWR,li1,235.2900,111.5200,1.599527
FILLER_37_454,VPWR,li1,214.8200,111.5200,1.599582
FILLER_37_446,VPWR,li1,211.1400,111.5200,1.599588
FILLER_37_423,VPWR,li1,200.3300,111.5200,1.599632
FILLER_37_420,VPWR,li1,199.4100,111.5200,1.599632
FILLER_37_399,VPWR,li1,189.2900,111.5200,1.599669
FILLER_37_382,VPWR,li1,181.9300,111.5200,1.599700
FILLER_37_374,VPWR,li1,178.2500,111.5200,1.599717
FILLER_37_371,VPWR,li1,176.8700,111.5200,1.599730
FILLER_37_337,VPWR,li1,161.2300,111.5200,1.599629
FILLER_37_329,VPWR,li1,157.3200,111.5200,1.599610
FILLER_37_309,VPWR,li1,148.3500,111.5200,1.599553
FILLER_37_279,VPWR,li1,134.0900,111.5200,1.599489
FILLER_37_263,VPWR,li1,127.1900,111.5200,1.599468
FILLER_37_225,VPWR,li1,109.2500,111.5200,1.599446
FILLER_37_202,VPWR,li1,98.6700,111.5200,1.599456
FILLER_37_162,VPWR,li1,80.5000,111.5200,1.599502
FILLER_37_117,VPWR,li1,59.5700,111.5200,1.599578
FILLER_37_89,VPWR,li1,47.1500,111.5200,1.599634
FILLER_37_78,VPWR,li1,41.8600,111.5200,1.599667
FILLER_36_813,VPWR,li1,379.7300,111.5200,1.599434
FILLER_36_810,VPWR,li1,378.5800,111.5200,1.599434
FILLER_36_796,VPWR,li1,372.1400,111.5200,1.599454
FILLER_36_755,VPWR,li1,353.0500,111.5200,1.599508
FILLER_36_735,VPWR,li1,344.3100,111.5200,1.599568
FILLER_36_705,VPWR,li1,330.5100,111.5200,1.599688
FILLER_36_699,VPWR,li1,327.2900,111.5200,1.599680
FILLER_36_668,VPWR,li1,313.4900,111.5200,1.599622
FILLER_36_648,VPWR,li1,303.8300,111.5200,1.599590
FILLER_36_645,VPWR,li1,302.9100,111.5200,1.599590
FILLER_36_643,VPWR,li1,301.5300,111.5200,1.599585
FILLER_36_640,VPWR,li1,300.6100,111.5200,1.599585
FILLER_36_625,VPWR,li1,293.4800,111.5200,1.599567
FILLER_36_622,VPWR,li1,292.3300,111.5200,1.599561
FILLER_36_619,VPWR,li1,290.9500,111.5200,1.599561
FILLER_36_605,VPWR,li1,284.0500,111.5200,1.599545
FILLER_36_602,VPWR,li1,283.1300,111.5200,1.599541
FILLER_36_599,VPWR,li1,281.7500,111.5200,1.599538
FILLER_36_596,VPWR,li1,280.3700,111.5200,1.599538
FILLER_36_586,VPWR,li1,275.5400,111.5200,1.599529
FILLER_36_583,VPWR,li1,274.3900,111.5200,1.599524
FILLER_36_580,VPWR,li1,273.0100,111.5200,1.599524
FILLER_36_560,VPWR,li1,263.8100,111.5200,1.599509
FILLER_36_546,VPWR,li1,256.9100,111.5200,1.599500
FILLER_36_529,VPWR,li1,249.5500,111.5200,1.599491
FILLER_36_513,VPWR,li1,242.1900,111.5200,1.599507
FILLER_36_497,VPWR,li1,234.8300,111.5200,1.599527
FILLER_36_483,VPWR,li1,227.9300,111.5200,1.599542
FILLER_36_480,VPWR,li1,227.0100,111.5200,1.599547
FILLER_36_477,VPWR,li1,225.6300,111.5200,1.599547
FILLER_36_475,VPWR,li1,224.2500,111.5200,1.599553
FILLER_36_472,VPWR,li1,223.3300,111.5200,1.599553
FILLER_36_449,VPWR,li1,212.2900,111.5200,1.599588
FILLER_36_427,VPWR,li1,202.1700,111.5200,1.599623
FILLER_36_424,VPWR,li1,201.2500,111.5200,1.599623
FILLER_36_421,VPWR,li1,199.8700,111.5200,1.599632
FILLER_36_399,VPWR,li1,189.7500,111.5200,1.599669
FILLER_36_385,VPWR,li1,182.8500,111.5200,1.599700
FILLER_36_353,VPWR,li1,168.3600,111.5200,1.599672
FILLER_36_339,VPWR,li1,161.9200,111.5200,1.599629
FILLER_36_312,VPWR,li1,149.7300,111.5200,1.599565
FILLER_36_309,VPWR,li1,148.3500,111.5200,1.599553
FILLER_36_306,VPWR,li1,146.7400,111.5200,1.599542
FILLER_36_303,VPWR,li1,145.5900,111.5200,1.599542
FILLER_36_275,VPWR,li1,132.4800,111.5200,1.599479
FILLER_36_253,VPWR,li1,122.1300,111.5200,1.599455
FILLER_36_224,VPWR,li1,109.0200,111.5200,1.599446
FILLER_36_203,VPWR,li1,99.3600,111.5200,1.599456
FILLER_36_200,VPWR,li1,98.2100,111.5200,1.599459
FILLER_36_197,VPWR,li1,96.8300,111.5200,1.599459
FILLER_36_194,VPWR,li1,95.2200,111.5200,1.599462
FILLER_36_178,VPWR,li1,87.6300,111.5200,1.599482
FILLER_36_160,VPWR,li1,79.5800,111.5200,1.599502
FILLER_36_85,VPWR,li1,45.0800,111.5200,1.599650
FILLER_36_63,VPWR,li1,34.9600,111.5200,1.599714
FILLER_36_46,VPWR,li1,26.9100,111.5200,1.599777
FILLER_36_29,VPWR,li1,19.0900,111.5200,1.599819
FILLER_36_20,VPWR,li1,15.1800,111.5200,1.599819
FILLER_35_841,VPWR,li1,392.6100,106.0800,1.599735
FILLER_35_835,VPWR,li1,389.8500,106.0800,1.599735
FILLER_35_825,VPWR,li1,385.7100,106.0800,1.599735
FILLER_35_806,VPWR,li1,376.7400,106.0800,1.599743
FILLER_35_785,VPWR,li1,366.8500,106.0800,1.599753
FILLER_35_783,VPWR,li1,365.9300,106.0800,1.599756
FILLER_35_777,VPWR,li1,363.4000,106.0800,1.599760
FILLER_35_735,VPWR,li1,344.0800,106.0800,1.599800
FILLER_35_710,VPWR,li1,332.3500,106.0800,1.599840
FILLER_35_705,VPWR,li1,330.0500,106.0800,1.599848
FILLER_35_691,VPWR,li1,323.6100,106.0800,1.599836
FILLER_35_673,VPWR,li1,315.3300,106.0800,1.599822
FILLER_35_651,VPWR,li1,305.4400,106.0800,1.599807
FILLER_35_648,VPWR,li1,304.2900,106.0800,1.599807
FILLER_35_645,VPWR,li1,302.9100,106.0800,1.599805
FILLER_35_614,VPWR,li1,288.4200,106.0800,1.599794
FILLER_35_600,VPWR,li1,281.7500,106.0800,1.599791
FILLER_35_597,VPWR,li1,280.8300,106.0800,1.599791
FILLER_35_583,VPWR,li1,273.9300,106.0800,1.599789
FILLER_35_580,VPWR,li1,273.0100,106.0800,1.599789
FILLER_35_577,VPWR,li1,271.6300,106.0800,1.599788
FILLER_35_574,VPWR,li1,270.2500,106.0800,1.599788
FILLER_35_559,VPWR,li1,262.8900,106.0800,1.599788
FILLER_35_556,VPWR,li1,261.9700,106.0800,1.599788
FILLER_35_535,VPWR,li1,251.8500,106.0800,1.599789
FILLER_35_532,VPWR,li1,250.9300,106.0800,1.599789
FILLER_35_516,VPWR,li1,243.5700,106.0800,1.599791
FILLER_35_505,VPWR,li1,238.5100,106.0800,1.599792
FILLER_35_499,VPWR,li1,235.2900,106.0800,1.599793
FILLER_35_496,VPWR,li1,234.3700,106.0800,1.599793
FILLER_35_480,VPWR,li1,227.0100,106.0800,1.599796
FILLER_35_459,VPWR,li1,217.3500,106.0800,1.599802
FILLER_35_456,VPWR,li1,215.9700,106.0800,1.599802
FILLER_35_449,VPWR,li1,212.5200,106.0800,1.599805
FILLER_35_445,VPWR,li1,210.9100,106.0800,1.599805
FILLER_35_434,VPWR,li1,205.6200,106.0800,1.599811
FILLER_35_431,VPWR,li1,204.4700,106.0800,1.599811
FILLER_35_404,VPWR,li1,191.5900,106.0800,1.599825
FILLER_35_401,VPWR,li1,190.6700,106.0800,1.599825
FILLER_35_391,VPWR,li1,185.6100,106.0800,1.599834
FILLER_35_374,VPWR,li1,178.0200,106.0800,1.599843
FILLER_35_300,VPWR,li1,143.9800,106.0800,1.599709
FILLER_35_297,VPWR,li1,142.8300,106.0800,1.599709
FILLER_35_281,VPWR,li1,135.4700,106.0800,1.599686
FILLER_35_278,VPWR,li1,133.8600,106.0800,1.599681
FILLER_35_275,VPWR,li1,132.7100,106.0800,1.599681
FILLER_35_259,VPWR,li1,125.3500,106.0800,1.599663
FILLER_35_223,VPWR,li1,108.3300,106.0800,1.599641
FILLER_35_204,VPWR,li1,99.5900,106.0800,1.599638
FILLER_35_201,VPWR,li1,98.6700,106.0800,1.599638
FILLER_35_198,VPWR,li1,97.2900,106.0800,1.599638
FILLER_35_190,VPWR,li1,93.1500,106.0800,1.599638
FILLER_35_187,VPWR,li1,92.2300,106.0800,1.599638
FILLER_35_156,VPWR,li1,77.7400,106.0800,1.599650
FILLER_35_132,VPWR,li1,66.7000,106.0800,1.599672
FILLER_35_123,VPWR,li1,62.3300,106.0800,1.599680
FILLER_35_113,VPWR,li1,57.7300,106.0800,1.599690
FILLER_35_103,VPWR,li1,53.1300,106.0800,1.599703
FILLER_35_90,VPWR,li1,47.3800,106.0800,1.599723
FILLER_35_82,VPWR,li1,43.4700,106.0800,1.599737
FILLER_35_74,VPWR,li1,39.7900,106.0800,1.599751
FILLER_35_3,VPWR,li1,7.1300,106.0800,1.599837
FILLER_34_841,VPWR,li1,392.6100,106.0800,1.599735
FILLER_34_809,VPWR,li1,378.3500,106.0800,1.599740
FILLER_34_792,VPWR,li1,370.3000,106.0800,1.599750
FILLER_34_785,VPWR,li1,367.0800,106.0800,1.599753
FILLER_34_764,VPWR,li1,357.4200,106.0800,1.599770
FILLER_34_749,VPWR,li1,350.2900,106.0800,1.599789
FILLER_34_740,VPWR,li1,346.1500,106.0800,1.599795
FILLER_34_712,VPWR,li1,333.5000,106.0800,1.599831
FILLER_34_699,VPWR,li1,327.2900,106.0800,1.599841
FILLER_34_670,VPWR,li1,314.1800,106.0800,1.599819
FILLER_34_641,VPWR,li1,301.0700,106.0800,1.599802
FILLER_34_638,VPWR,li1,299.6900,106.0800,1.599802
FILLER_34_624,VPWR,li1,292.7900,106.0800,1.599796
FILLER_34_621,VPWR,li1,291.8700,106.0800,1.599795
FILLER_34_610,VPWR,li1,286.3500,106.0800,1.599792
FILLER_34_601,VPWR,li1,282.6700,106.0800,1.599791
FILLER_34_598,VPWR,li1,281.2900,106.0800,1.599791
FILLER_34_587,VPWR,li1,275.7700,106.0800,1.599789
FILLER_34_516,VPWR,li1,243.5700,106.0800,1.599791
FILLER_34_513,VPWR,li1,242.1900,106.0800,1.599791
FILLER_34_503,VPWR,li1,237.3600,106.0800,1.599793
FILLER_34_500,VPWR,li1,236.2100,106.0800,1.599793
FILLER_34_497,VPWR,li1,234.8300,106.0800,1.599793
FILLER_34_483,VPWR,li1,227.9300,106.0800,1.599796
FILLER_34_480,VPWR,li1,227.0100,106.0800,1.599796
FILLER_34_477,VPWR,li1,225.6300,106.0800,1.599797
FILLER_34_475,VPWR,li1,224.2500,106.0800,1.599798
FILLER_34_472,VPWR,li1,223.3300,106.0800,1.599798
FILLER_34_451,VPWR,li1,213.2100,106.0800,1.599803
FILLER_34_448,VPWR,li1,212.2900,106.0800,1.599805
FILLER_34_445,VPWR,li1,210.9100,106.0800,1.599805
FILLER_34_429,VPWR,li1,203.3200,106.0800,1.599813
FILLER_34_426,VPWR,li1,202.1700,106.0800,1.599813
FILLER_34_417,VPWR,li1,198.0300,106.0800,1.599817
FILLER_34_405,VPWR,li1,192.5100,106.0800,1.599823
FILLER_34_402,VPWR,li1,191.1300,106.0800,1.599825
FILLER_34_386,VPWR,li1,183.3100,106.0800,1.599837
FILLER_34_379,VPWR,li1,180.0900,106.0800,1.599840
FILLER_34_347,VPWR,li1,165.8300,106.0800,1.599799
FILLER_34_319,VPWR,li1,152.4900,106.0800,1.599742
FILLER_34_309,VPWR,li1,147.8900,106.0800,1.599724
FILLER_34_286,VPWR,li1,137.3100,106.0800,1.599693
FILLER_34_256,VPWR,li1,123.7400,106.0800,1.599658
FILLER_34_253,VPWR,li1,122.5900,106.0800,1.599658
FILLER_34_249,VPWR,li1,120.7500,106.0800,1.599654
FILLER_34_236,VPWR,li1,114.3100,106.0800,1.599645
FILLER_34_233,VPWR,li1,113.3900,106.0800,1.599645
FILLER_34_224,VPWR,li1,109.2500,106.0800,1.599642
FILLER_34_221,VPWR,li1,107.8700,106.0800,1.599641
FILLER_34_200,VPWR,li1,98.2100,106.0800,1.599638
FILLER_34_197,VPWR,li1,96.8300,106.0800,1.599638
FILLER_34_193,VPWR,li1,94.9900,106.0800,1.599638
FILLER_34_190,VPWR,li1,93.6100,106.0800,1.599638
FILLER_34_159,VPWR,li1,79.3500,106.0800,1.599648
FILLER_34_145,VPWR,li1,72.4500,106.0800,1.599660
FILLER_34_139,VPWR,li1,69.6900,106.0800,1.599665
FILLER_34_109,VPWR,li1,55.8900,106.0800,1.599695
FILLER_34_85,VPWR,li1,44.8500,106.0800,1.599737
FILLER_34_83,VPWR,li1,43.9300,106.0800,1.599737
FILLER_34_67,VPWR,li1,37.0300,106.0800,1.599763
FILLER_34_38,VPWR,li1,23.2300,106.0800,1.599825
FILLER_34_26,VPWR,li1,17.9400,106.0800,1.599838
FILLER_34_3,VPWR,li1,7.1300,106.0800,1.599837
FILLER_33_841,VPWR,li1,392.6100,100.6400,1.599525
FILLER_33_839,VPWR,li1,391.6900,100.6400,1.599525
FILLER_33_819,VPWR,li1,382.7200,100.6400,1.599533
FILLER_33_773,VPWR,li1,361.7900,100.6400,1.599589
FILLER_33_758,VPWR,li1,354.6600,100.6400,1.599621
FILLER_33_717,VPWR,li1,336.0300,100.6400,1.599732
FILLER_33_703,VPWR,li1,329.5900,100.6400,1.599778
FILLER_33_673,VPWR,li1,315.3300,100.6400,1.599772
FILLER_33_661,VPWR,li1,309.8100,100.6400,1.599766
FILLER_33_629,VPWR,li1,295.0900,100.6400,1.599759
FILLER_33_626,VPWR,li1,294.1700,100.6400,1.599759
FILLER_33_623,VPWR,li1,292.7900,100.6400,1.599759
FILLER_33_620,VPWR,li1,291.4100,100.6400,1.599759
FILLER_33_617,VPWR,li1,290.0300,100.6400,1.599758
FILLER_33_609,VPWR,li1,286.1200,100.6400,1.599758
FILLER_33_606,VPWR,li1,284.9700,100.6400,1.599758
FILLER_33_603,VPWR,li1,283.5900,100.6400,1.599758
FILLER_33_595,VPWR,li1,279.4500,100.6400,1.599759
FILLER_33_574,VPWR,li1,270.2500,100.6400,1.599761
FILLER_33_571,VPWR,li1,268.8700,100.6400,1.599761
FILLER_33_561,VPWR,li1,264.0400,100.6400,1.599764
FILLER_33_557,VPWR,li1,262.4300,100.6400,1.599764
FILLER_33_548,VPWR,li1,258.2900,100.6400,1.599765
FILLER_33_545,VPWR,li1,256.9100,100.6400,1.599767
FILLER_33_542,VPWR,li1,255.5300,100.6400,1.599767
FILLER_33_503,VPWR,li1,237.1300,100.6400,1.599777
FILLER_33_500,VPWR,li1,236.2100,100.6400,1.599778
FILLER_33_469,VPWR,li1,221.9500,100.6400,1.599790
FILLER_33_466,VPWR,li1,220.5700,100.6400,1.599792
FILLER_33_463,VPWR,li1,219.1900,100.6400,1.599792
FILLER_33_449,VPWR,li1,212.2900,100.6400,1.599798
FILLER_33_425,VPWR,li1,201.7100,100.6400,1.599810
FILLER_33_422,VPWR,li1,200.3300,100.6400,1.599812
FILLER_33_419,VPWR,li1,198.9500,100.6400,1.599815
FILLER_33_390,VPWR,li1,185.3800,100.6400,1.599832
FILLER_33_370,VPWR,li1,176.1800,100.6400,1.599844
FILLER_33_351,VPWR,li1,167.2100,100.6400,1.599796
FILLER_33_343,VPWR,li1,163.9900,100.6400,1.599787
FILLER_33_329,VPWR,li1,157.3200,100.6400,1.599755
FILLER_33_291,VPWR,li1,140.0700,100.6400,1.599684
FILLER_33_271,VPWR,li1,130.6400,100.6400,1.599651
FILLER_33_252,VPWR,li1,122.1300,100.6400,1.599626
FILLER_33_244,VPWR,li1,117.9900,100.6400,1.599613
FILLER_33_228,VPWR,li1,110.6300,100.6400,1.599594
FILLER_33_225,VPWR,li1,109.7100,100.6400,1.599589
FILLER_33_198,VPWR,li1,97.0600,100.6400,1.599562
FILLER_33_195,VPWR,li1,95.9100,100.6400,1.599562
FILLER_33_192,VPWR,li1,94.5300,100.6400,1.599557
FILLER_33_189,VPWR,li1,93.1500,100.6400,1.599557
FILLER_33_169,VPWR,li1,83.7200,100.6400,1.599545
FILLER_33_97,VPWR,li1,50.6000,100.6400,1.599634
FILLER_33_82,VPWR,li1,43.7000,100.6400,1.599678
FILLER_33_77,VPWR,li1,41.1700,100.6400,1.599693
FILLER_33_66,VPWR,li1,36.3400,100.6400,1.599713
FILLER_33_57,VPWR,li1,32.2000,100.6400,1.599744
FILLER_33_46,VPWR,li1,27.3700,100.6400,1.599772
FILLER_33_3,VPWR,li1,7.5900,100.6400,1.599807
FILLER_32_841,VPWR,li1,392.6100,100.6400,1.599525
FILLER_32_811,VPWR,li1,378.8100,100.6400,1.599540
FILLER_32_789,VPWR,li1,368.6900,100.6400,1.599563
FILLER_32_741,VPWR,li1,346.8400,100.6400,1.599661
FILLER_32_720,VPWR,li1,336.9500,100.6400,1.599732
FILLER_32_717,VPWR,li1,336.0300,100.6400,1.599732
FILLER_32_707,VPWR,li1,330.9700,100.6400,1.599778
FILLER_32_704,VPWR,li1,330.0500,100.6400,1.599778
FILLER_32_701,VPWR,li1,328.6700,100.6400,1.599791
FILLER_32_689,VPWR,li1,322.9200,100.6400,1.599780
FILLER_32_645,VPWR,li1,302.9100,100.6400,1.599762
FILLER_32_643,VPWR,li1,301.5300,100.6400,1.599760
FILLER_32_640,VPWR,li1,300.6100,100.6400,1.599760
FILLER_32_632,VPWR,li1,296.4700,100.6400,1.599759
FILLER_32_620,VPWR,li1,291.4100,100.6400,1.599759
FILLER_32_581,VPWR,li1,273.2400,100.6400,1.599760
FILLER_32_567,VPWR,li1,266.5700,100.6400,1.599762
FILLER_32_564,VPWR,li1,265.6500,100.6400,1.599763
FILLER_32_561,VPWR,li1,264.2700,100.6400,1.599763
FILLER_32_533,VPWR,li1,251.1600,100.6400,1.599769
FILLER_32_501,VPWR,li1,236.2100,100.6400,1.599778
FILLER_32_498,VPWR,li1,235.2900,100.6400,1.599778
FILLER_32_467,VPWR,li1,221.0300,100.6400,1.599790
FILLER_32_461,VPWR,li1,217.8100,100.6400,1.599794
FILLER_32_454,VPWR,li1,214.8200,100.6400,1.599796
FILLER_32_447,VPWR,li1,211.6000,100.6400,1.599800
FILLER_32_444,VPWR,li1,210.4500,100.6400,1.599800
FILLER_32_441,VPWR,li1,209.0700,100.6400,1.599803
FILLER_32_438,VPWR,li1,207.6900,100.6400,1.599803
FILLER_32_431,VPWR,li1,204.2400,100.6400,1.599807
FILLER_32_428,VPWR,li1,203.0900,100.6400,1.599810
FILLER_32_425,VPWR,li1,201.7100,100.6400,1.599810
FILLER_32_421,VPWR,li1,199.6400,100.6400,1.599812
FILLER_32_418,VPWR,li1,198.2600,100.6400,1.599815
FILLER_32_372,VPWR,li1,177.1000,100.6400,1.599844
FILLER_32_365,VPWR,li1,173.6500,100.6400,1.599830
FILLER_32_348,VPWR,li1,166.2900,100.6400,1.599796
FILLER_32_321,VPWR,li1,153.8700,100.6400,1.599733
FILLER_32_301,VPWR,li1,144.4400,100.6400,1.599694
FILLER_32_270,VPWR,li1,130.4100,100.6400,1.599651
FILLER_32_253,VPWR,li1,122.1300,100.6400,1.599626
FILLER_32_251,VPWR,li1,121.2100,100.6400,1.599620
FILLER_32_248,VPWR,li1,120.2900,100.6400,1.599620
FILLER_32_245,VPWR,li1,118.9100,100.6400,1.599613
FILLER_32_242,VPWR,li1,117.5300,100.6400,1.599607
FILLER_32_221,VPWR,li1,107.8700,100.6400,1.599583
FILLER_32_218,VPWR,li1,106.4900,100.6400,1.599583
FILLER_32_197,VPWR,li1,96.6000,100.6400,1.599562
FILLER_32_188,VPWR,li1,92.6900,100.6400,1.599554
FILLER_32_185,VPWR,li1,91.3100,100.6400,1.599554
FILLER_32_171,VPWR,li1,84.6400,100.6400,1.599545
FILLER_32_139,VPWR,li1,69.6900,100.6400,1.599551
FILLER_32_129,VPWR,li1,65.5500,100.6400,1.599571
FILLER_32_115,VPWR,li1,58.6500,100.6400,1.599603
FILLER_32_85,VPWR,li1,44.8500,100.6400,1.599666
FILLER_32_3,VPWR,li1,7.1300,100.6400,1.599807
FILLER_31_841,VPWR,li1,392.6100,95.2000,1.599463
FILLER_31_839,VPWR,li1,391.6900,95.2000,1.599463
FILLER_31_785,VPWR,li1,367.0800,95.2000,1.599515
FILLER_31_753,VPWR,li1,352.3600,95.2000,1.599594
FILLER_31_727,VPWR,li1,340.1700,95.2000,1.599680
FILLER_31_706,VPWR,li1,330.5100,95.2000,1.599770
FILLER_31_692,VPWR,li1,324.0700,95.2000,1.599762
FILLER_31_689,VPWR,li1,323.1500,95.2000,1.599762
FILLER_31_686,VPWR,li1,321.7700,95.2000,1.599759
FILLER_31_671,VPWR,li1,314.4100,95.2000,1.599753
FILLER_31_636,VPWR,li1,298.7700,95.2000,1.599749
FILLER_31_633,VPWR,li1,297.3900,95.2000,1.599749
FILLER_31_617,VPWR,li1,290.0300,95.2000,1.599751
FILLER_31_615,VPWR,li1,288.6500,95.2000,1.599752
FILLER_31_606,VPWR,li1,284.9700,95.2000,1.599754
FILLER_31_603,VPWR,li1,283.5900,95.2000,1.599754
FILLER_31_589,VPWR,li1,276.6900,95.2000,1.599759
FILLER_31_586,VPWR,li1,275.7700,95.2000,1.599759
FILLER_31_583,VPWR,li1,274.3900,95.2000,1.599760
FILLER_31_580,VPWR,li1,273.0100,95.2000,1.599760
FILLER_31_569,VPWR,li1,267.7200,95.2000,1.599764
FILLER_31_559,VPWR,li1,262.8900,95.2000,1.599768
FILLER_31_556,VPWR,li1,261.9700,95.2000,1.599768
FILLER_31_553,VPWR,li1,260.5900,95.2000,1.599770
FILLER_31_508,VPWR,li1,239.6600,95.2000,1.599790
FILLER_31_505,VPWR,li1,238.5100,95.2000,1.599790
FILLER_31_501,VPWR,li1,236.6700,95.2000,1.599792
FILLER_31_498,VPWR,li1,235.2900,95.2000,1.599795
FILLER_31_495,VPWR,li1,233.9100,95.2000,1.599795
FILLER_31_492,VPWR,li1,232.5300,95.2000,1.599797
FILLER_31_489,VPWR,li1,231.1500,95.2000,1.599797
FILLER_31_475,VPWR,li1,224.2500,95.2000,1.599807
FILLER_31_447,VPWR,li1,211.3700,95.2000,1.599821
FILLER_31_444,VPWR,li1,210.4500,95.2000,1.599824
FILLER_31_441,VPWR,li1,209.0700,95.2000,1.599824
FILLER_31_438,VPWR,li1,207.6900,95.2000,1.599827
FILLER_31_423,VPWR,li1,200.3300,95.2000,1.599839
FILLER_31_418,VPWR,li1,198.4900,95.2000,1.599842
FILLER_31_402,VPWR,li1,190.9000,95.2000,1.599853
FILLER_31_393,VPWR,li1,186.5300,95.2000,1.599860
FILLER_31_391,VPWR,li1,185.6100,95.2000,1.599860
FILLER_31_370,VPWR,li1,176.4100,95.2000,1.599879
FILLER_31_320,VPWR,li1,153.4100,95.2000,1.599819
FILLER_31_252,VPWR,li1,121.9000,95.2000,1.599775
FILLER_31_249,VPWR,li1,120.7500,95.2000,1.599775
FILLER_31_246,VPWR,li1,119.3700,95.2000,1.599774
FILLER_31_243,VPWR,li1,117.9900,95.2000,1.599774
FILLER_31_223,VPWR,li1,108.3300,95.2000,1.599775
FILLER_31_220,VPWR,li1,107.4100,95.2000,1.599775
FILLER_31_217,VPWR,li1,106.0300,95.2000,1.599776
FILLER_31_194,VPWR,li1,95.4500,95.2000,1.599780
FILLER_31_191,VPWR,li1,94.0700,95.2000,1.599780
FILLER_31_165,VPWR,li1,82.1100,95.2000,1.599788
FILLER_31_145,VPWR,li1,72.6800,95.2000,1.599800
FILLER_31_117,VPWR,li1,59.5700,95.2000,1.599821
FILLER_31_79,VPWR,li1,42.3200,95.2000,1.599860
FILLER_31_57,VPWR,li1,32.4300,95.2000,1.599887
FILLER_31_55,VPWR,li1,31.0500,95.2000,1.599887
FILLER_31_40,VPWR,li1,24.3800,95.2000,1.599908
FILLER_31_35,VPWR,li1,21.8500,95.2000,1.599915
FILLER_30_813,VPWR,li1,379.9600,95.2000,1.599471
FILLER_30_811,VPWR,li1,378.8100,95.2000,1.599471
FILLER_30_784,VPWR,li1,366.3900,95.2000,1.599524
FILLER_30_701,VPWR,li1,328.2100,95.2000,1.599767
FILLER_30_694,VPWR,li1,324.9900,95.2000,1.599765
FILLER_30_691,VPWR,li1,324.0700,95.2000,1.599762
FILLER_30_688,VPWR,li1,322.6900,95.2000,1.599762
FILLER_30_671,VPWR,li1,314.4100,95.2000,1.599753
FILLER_30_668,VPWR,li1,313.4900,95.2000,1.599753
FILLER_30_661,VPWR,li1,310.0400,95.2000,1.599752
FILLER_30_658,VPWR,li1,308.8900,95.2000,1.599751
FILLER_30_655,VPWR,li1,307.5100,95.2000,1.599751
FILLER_30_648,VPWR,li1,304.0600,95.2000,1.599749
FILLER_30_645,VPWR,li1,302.9100,95.2000,1.599749
FILLER_30_643,VPWR,li1,301.5300,95.2000,1.599749
FILLER_30_640,VPWR,li1,300.6100,95.2000,1.599749
FILLER_30_637,VPWR,li1,299.2300,95.2000,1.599749
FILLER_30_615,VPWR,li1,288.8800,95.2000,1.599752
FILLER_30_612,VPWR,li1,287.7300,95.2000,1.599752
FILLER_30_589,VPWR,li1,277.1500,95.2000,1.599759
FILLER_30_586,VPWR,li1,275.5400,95.2000,1.599759
FILLER_30_583,VPWR,li1,274.3900,95.2000,1.599760
FILLER_30_551,VPWR,li1,259.6700,95.2000,1.599770
FILLER_30_548,VPWR,li1,258.2900,95.2000,1.599772
FILLER_30_545,VPWR,li1,256.9100,95.2000,1.599772
FILLER_30_533,VPWR,li1,251.3900,95.2000,1.599777
FILLER_30_531,VPWR,li1,250.0100,95.2000,1.599779
FILLER_30_528,VPWR,li1,249.0900,95.2000,1.599779
FILLER_30_501,VPWR,li1,236.2100,95.2000,1.599792
FILLER_30_498,VPWR,li1,235.2900,95.2000,1.599795
FILLER_30_495,VPWR,li1,233.9100,95.2000,1.599795
FILLER_30_492,VPWR,li1,232.5300,95.2000,1.599797
FILLER_30_477,VPWR,li1,225.4000,95.2000,1.599804
FILLER_30_474,VPWR,li1,224.0200,95.2000,1.599807
FILLER_30_471,VPWR,li1,222.8700,95.2000,1.599807
FILLER_30_456,VPWR,li1,215.5100,95.2000,1.599816
FILLER_30_453,VPWR,li1,214.5900,95.2000,1.599819
FILLER_30_450,VPWR,li1,213.2100,95.2000,1.599819
FILLER_30_447,VPWR,li1,211.8300,95.2000,1.599821
FILLER_30_444,VPWR,li1,210.4500,95.2000,1.599824
FILLER_30_425,VPWR,li1,201.7100,95.2000,1.599835
FILLER_30_365,VPWR,li1,173.6500,95.2000,1.599872
FILLER_30_268,VPWR,li1,129.4900,95.2000,1.599779
FILLER_30_261,VPWR,li1,125.8100,95.2000,1.599776
FILLER_30_253,VPWR,li1,122.5900,95.2000,1.599776
FILLER_30_251,VPWR,li1,121.2100,95.2000,1.599775
FILLER_30_235,VPWR,li1,114.3100,95.2000,1.599774
FILLER_30_225,VPWR,li1,109.4800,95.2000,1.599775
FILLER_30_222,VPWR,li1,108.3300,95.2000,1.599775
FILLER_30_219,VPWR,li1,106.9500,95.2000,1.599776
FILLER_30_216,VPWR,li1,105.5700,95.2000,1.599776
FILLER_30_197,VPWR,li1,96.3700,95.2000,1.599779
FILLER_30_193,VPWR,li1,94.9900,95.2000,1.599780
FILLER_30_190,VPWR,li1,93.6100,95.2000,1.599780
FILLER_30_173,VPWR,li1,85.3300,95.2000,1.599786
FILLER_30_166,VPWR,li1,82.5700,95.2000,1.599788
FILLER_30_141,VPWR,li1,71.0700,95.2000,1.599802
FILLER_30_138,VPWR,li1,69.4600,95.2000,1.599802
FILLER_30_122,VPWR,li1,62.3300,95.2000,1.599816
FILLER_30_112,VPWR,li1,57.5000,95.2000,1.599825
FILLER_30_85,VPWR,li1,45.3100,95.2000,1.599853
FILLER_30_61,VPWR,li1,34.2700,95.2000,1.599879
FILLER_30_42,VPWR,li1,25.0700,95.2000,1.599908
FILLER_30_18,VPWR,li1,14.0300,95.2000,1.599912
FILLER_29_841,VPWR,li1,392.6100,89.7600,1.599532
FILLER_29_811,VPWR,li1,379.0400,89.7600,1.599546
FILLER_29_785,VPWR,li1,367.0800,89.7600,1.599572
FILLER_29_769,VPWR,li1,359.4900,89.7600,1.599597
FILLER_29_746,VPWR,li1,349.1400,89.7600,1.599653
FILLER_29_733,VPWR,li1,342.9300,89.7600,1.599686
FILLER_29_720,VPWR,li1,337.4100,89.7600,1.599711
FILLER_29_694,VPWR,li1,324.9900,89.7600,1.599766
FILLER_29_679,VPWR,li1,318.3200,89.7600,1.599754
FILLER_29_676,VPWR,li1,317.1700,89.7600,1.599754
FILLER_29_673,VPWR,li1,315.7900,89.7600,1.599751
FILLER_29_671,VPWR,li1,314.4100,89.7600,1.599751
FILLER_29_656,VPWR,li1,307.7400,89.7600,1.599744
FILLER_29_615,VPWR,li1,288.6500,89.7600,1.599746
FILLER_29_595,VPWR,li1,279.6800,89.7600,1.599750
FILLER_29_592,VPWR,li1,278.5300,89.7600,1.599750
FILLER_29_589,VPWR,li1,277.1500,89.7600,1.599752
FILLER_29_586,VPWR,li1,275.7700,89.7600,1.599752
FILLER_29_583,VPWR,li1,274.3900,89.7600,1.599754
FILLER_29_580,VPWR,li1,273.0100,89.7600,1.599754
FILLER_29_577,VPWR,li1,271.6300,89.7600,1.599756
FILLER_29_574,VPWR,li1,270.2500,89.7600,1.599756
FILLER_29_554,VPWR,li1,260.5900,89.7600,1.599764
FILLER_29_551,VPWR,li1,259.6700,89.7600,1.599764
FILLER_29_537,VPWR,li1,252.7700,89.7600,1.599771
FILLER_29_534,VPWR,li1,251.8500,89.7600,1.599771
FILLER_29_531,VPWR,li1,250.4700,89.7600,1.599773
FILLER_29_508,VPWR,li1,239.4300,89.7600,1.599785
FILLER_29_505,VPWR,li1,238.5100,89.7600,1.599785
FILLER_29_503,VPWR,li1,237.1300,89.7600,1.599787
FILLER_29_480,VPWR,li1,226.5500,89.7600,1.599799
FILLER_29_477,VPWR,li1,225.6300,89.7600,1.599802
FILLER_29_474,VPWR,li1,224.2500,89.7600,1.599802
FILLER_29_458,VPWR,li1,216.8900,89.7600,1.599812
FILLER_29_455,VPWR,li1,215.5100,89.7600,1.599815
FILLER_29_452,VPWR,li1,214.1300,89.7600,1.599815
FILLER_29_449,VPWR,li1,212.7500,89.7600,1.599818
FILLER_29_424,VPWR,li1,200.7900,89.7600,1.599835
FILLER_29_410,VPWR,li1,194.3500,89.7600,1.599846
FILLER_29_401,VPWR,li1,190.6700,89.7600,1.599856
FILLER_29_398,VPWR,li1,189.2900,89.7600,1.599856
FILLER_29_393,VPWR,li1,186.5300,89.7600,1.599864
FILLER_29_373,VPWR,li1,177.7900,89.7600,1.599880
FILLER_29_325,VPWR,li1,155.7100,89.7600,1.599853
FILLER_29_275,VPWR,li1,132.2500,89.7600,1.599836
FILLER_29_246,VPWR,li1,119.3700,89.7600,1.599838
FILLER_29_243,VPWR,li1,117.9900,89.7600,1.599838
FILLER_29_240,VPWR,li1,116.6100,89.7600,1.599838
FILLER_29_225,VPWR,li1,109.4800,89.7600,1.599841
FILLER_29_223,VPWR,li1,108.3300,89.7600,1.599841
FILLER_29_220,VPWR,li1,107.4100,89.7600,1.599842
FILLER_29_217,VPWR,li1,106.0300,89.7600,1.599842
FILLER_29_214,VPWR,li1,104.6500,89.7600,1.599843
FILLER_29_191,VPWR,li1,93.8400,89.7600,1.599848
FILLER_29_182,VPWR,li1,89.4700,89.7600,1.599850
FILLER_29_179,VPWR,li1,88.5500,89.7600,1.599850
FILLER_29_176,VPWR,li1,87.1700,89.7600,1.599851
FILLER_29_173,VPWR,li1,85.7900,89.7600,1.599852
FILLER_29_166,VPWR,li1,82.3400,89.7600,1.599853
FILLER_29_147,VPWR,li1,73.3700,89.7600,1.599859
FILLER_29_133,VPWR,li1,66.9300,89.7600,1.599864
FILLER_29_105,VPWR,li1,54.2800,89.7600,1.599880
FILLER_29_100,VPWR,li1,51.7500,89.7600,1.599884
FILLER_29_93,VPWR,li1,48.9900,89.7600,1.599888
FILLER_29_83,VPWR,li1,43.9300,89.7600,1.599897
FILLER_29_57,VPWR,li1,32.2000,89.7600,1.599920
FILLER_29_29,VPWR,li1,19.0900,89.7600,1.599939
FILLER_29_20,VPWR,li1,14.9500,89.7600,1.599939
FILLER_29_12,VPWR,li1,11.2700,89.7600,1.599938
FILLER_29_3,VPWR,li1,7.1300,89.7600,1.599938
FILLER_28_840,VPWR,li1,392.3800,89.7600,1.599532
FILLER_28_754,VPWR,li1,352.8200,89.7600,1.599625
FILLER_28_745,VPWR,li1,348.6800,89.7600,1.599653
FILLER_28_739,VPWR,li1,345.6900,89.7600,1.599673
FILLER_28_701,VPWR,li1,328.4400,89.7600,1.599770
FILLER_28_697,VPWR,li1,326.8300,89.7600,1.599770
FILLER_28_693,VPWR,li1,324.5300,89.7600,1.599763
FILLER_28_673,VPWR,li1,315.5600,89.7600,1.599751
FILLER_28_670,VPWR,li1,314.4100,89.7600,1.599751
FILLER_28_641,VPWR,li1,301.0700,89.7600,1.599743
FILLER_28_638,VPWR,li1,299.6900,89.7600,1.599743
FILLER_28_630,VPWR,li1,295.5500,89.7600,1.599743
FILLER_28_627,VPWR,li1,294.6300,89.7600,1.599743
FILLER_28_605,VPWR,li1,284.2800,89.7600,1.599748
FILLER_28_602,VPWR,li1,283.1300,89.7600,1.599748
FILLER_28_564,VPWR,li1,265.6500,89.7600,1.599760
FILLER_28_561,VPWR,li1,264.2700,89.7600,1.599760
FILLER_28_533,VPWR,li1,251.1600,89.7600,1.599773
FILLER_28_530,VPWR,li1,249.7800,89.7600,1.599773
FILLER_28_515,VPWR,li1,242.8800,89.7600,1.599782
FILLER_28_512,VPWR,li1,241.7300,89.7600,1.599782
FILLER_28_502,VPWR,li1,236.6700,89.7600,1.599787
FILLER_28_499,VPWR,li1,235.7500,89.7600,1.599789
FILLER_28_496,VPWR,li1,234.3700,89.7600,1.599791
FILLER_28_493,VPWR,li1,232.9900,89.7600,1.599791
FILLER_28_483,VPWR,li1,227.9300,89.7600,1.599799
FILLER_28_480,VPWR,li1,227.0100,89.7600,1.599799
FILLER_28_477,VPWR,li1,225.6300,89.7600,1.599802
FILLER_28_474,VPWR,li1,224.0200,89.7600,1.599802
FILLER_28_452,VPWR,li1,214.1300,89.7600,1.599815
FILLER_28_441,VPWR,li1,208.6100,89.7600,1.599824
FILLER_28_421,VPWR,li1,199.6400,89.7600,1.599838
FILLER_28_414,VPWR,li1,196.1900,89.7600,1.599843
FILLER_28_373,VPWR,li1,177.3300,89.7600,1.599880
FILLER_28_309,VPWR,li1,148.1200,89.7600,1.599846
FILLER_28_253,VPWR,li1,122.1300,89.7600,1.599837
FILLER_28_242,VPWR,li1,117.0700,89.7600,1.599838
FILLER_28_239,VPWR,li1,116.1500,89.7600,1.599838
FILLER_28_215,VPWR,li1,105.1100,89.7600,1.599843
FILLER_28_212,VPWR,li1,103.7300,89.7600,1.599843
FILLER_28_200,VPWR,li1,98.2100,89.7600,1.599845
FILLER_28_197,VPWR,li1,96.8300,89.7600,1.599846
FILLER_28_193,VPWR,li1,94.9900,89.7600,1.599848
FILLER_28_190,VPWR,li1,93.6100,89.7600,1.599848
FILLER_28_176,VPWR,li1,86.7100,89.7600,1.599851
FILLER_28_173,VPWR,li1,85.7900,89.7600,1.599852
FILLER_28_170,VPWR,li1,84.4100,89.7600,1.599852
FILLER_28_145,VPWR,li1,72.4500,89.7600,1.599861
FILLER_28_119,VPWR,li1,60.7200,89.7600,1.599870
FILLER_28_85,VPWR,li1,45.3100,89.7600,1.599893
FILLER_28_27,VPWR,li1,18.1700,89.7600,1.599939
FILLER_28_3,VPWR,li1,7.3600,89.7600,1.599938
FILLER_27_841,VPWR,li1,392.6100,84.3200,1.599624
FILLER_27_807,VPWR,li1,377.2000,84.3200,1.599631
FILLER_27_779,VPWR,li1,364.0900,84.3200,1.599664
FILLER_27_727,VPWR,li1,340.1700,84.3200,1.599772
FILLER_27_700,VPWR,li1,327.7500,84.3200,1.599825
FILLER_27_697,VPWR,li1,326.8300,84.3200,1.599823
FILLER_27_694,VPWR,li1,325.4500,84.3200,1.599823
FILLER_27_691,VPWR,li1,324.0700,84.3200,1.599819
FILLER_27_688,VPWR,li1,322.6900,84.3200,1.599819
FILLER_27_685,VPWR,li1,321.3100,84.3200,1.599816
FILLER_27_682,VPWR,li1,319.9300,84.3200,1.599816
FILLER_27_679,VPWR,li1,318.5500,84.3200,1.599814
FILLER_27_676,VPWR,li1,317.1700,84.3200,1.599813
FILLER_27_673,VPWR,li1,315.7900,84.3200,1.599813
FILLER_27_669,VPWR,li1,313.9500,84.3200,1.599812
FILLER_27_661,VPWR,li1,309.8100,84.3200,1.599809
FILLER_27_658,VPWR,li1,308.8900,84.3200,1.599809
FILLER_27_636,VPWR,li1,298.7700,84.3200,1.599806
FILLER_27_633,VPWR,li1,297.3900,84.3200,1.599805
FILLER_27_630,VPWR,li1,296.0100,84.3200,1.599805
FILLER_27_627,VPWR,li1,294.6300,84.3200,1.599805
FILLER_27_624,VPWR,li1,293.2500,84.3200,1.599805
FILLER_27_592,VPWR,li1,278.3000,84.3200,1.599807
FILLER_27_589,VPWR,li1,277.1500,84.3200,1.599807
FILLER_27_580,VPWR,li1,272.5500,84.3200,1.599808
FILLER_27_577,VPWR,li1,271.6300,84.3200,1.599809
FILLER_27_574,VPWR,li1,270.2500,84.3200,1.599809
FILLER_27_564,VPWR,li1,265.1900,84.3200,1.599811
FILLER_27_561,VPWR,li1,264.2700,84.3200,1.599812
FILLER_27_546,VPWR,li1,256.9100,84.3200,1.599817
FILLER_27_543,VPWR,li1,255.9900,84.3200,1.599817
FILLER_27_532,VPWR,li1,250.9300,84.3200,1.599821
FILLER_27_508,VPWR,li1,239.8900,84.3200,1.599829
FILLER_27_505,VPWR,li1,238.5100,84.3200,1.599831
FILLER_27_493,VPWR,li1,232.7600,84.3200,1.599836
FILLER_27_490,VPWR,li1,231.6100,84.3200,1.599839
FILLER_27_474,VPWR,li1,224.2500,84.3200,1.599845
FILLER_27_471,VPWR,li1,222.8700,84.3200,1.599848
FILLER_27_449,VPWR,li1,212.2900,84.3200,1.599860
FILLER_27_447,VPWR,li1,211.3700,84.3200,1.599862
FILLER_27_393,VPWR,li1,186.5300,84.3200,1.599898
FILLER_27_384,VPWR,li1,182.3900,84.3200,1.599906
FILLER_27_321,VPWR,li1,153.6400,84.3200,1.599886
FILLER_27_310,VPWR,li1,148.5800,84.3200,1.599878
FILLER_27_291,VPWR,li1,139.8400,84.3200,1.599870
FILLER_27_281,VPWR,li1,135.0100,84.3200,1.599865
FILLER_27_257,VPWR,li1,123.9700,84.3200,1.599858
FILLER_27_245,VPWR,li1,118.9100,84.3200,1.599855
FILLER_27_242,VPWR,li1,117.5300,84.3200,1.599855
FILLER_27_228,VPWR,li1,110.6300,84.3200,1.599852
FILLER_27_225,VPWR,li1,109.7100,84.3200,1.599852
FILLER_27_223,VPWR,li1,108.3300,84.3200,1.599852
FILLER_27_153,VPWR,li1,76.3600,84.3200,1.599862
FILLER_27_126,VPWR,li1,63.7100,84.3200,1.599872
FILLER_27_104,VPWR,li1,53.5900,84.3200,1.599883
FILLER_27_47,VPWR,li1,27.3700,84.3200,1.599928
FILLER_27_3,VPWR,li1,7.3600,84.3200,1.599941
FILLER_26_818,VPWR,li1,382.0300,84.3200,1.599627
FILLER_26_766,VPWR,li1,358.1100,84.3200,1.599685
FILLER_26_701,VPWR,li1,328.2100,84.3200,1.599825
FILLER_26_699,VPWR,li1,327.2900,84.3200,1.599825
FILLER_26_671,VPWR,li1,314.6400,84.3200,1.599812
FILLER_26_642,VPWR,li1,301.3000,84.3200,1.599806
FILLER_26_639,VPWR,li1,300.1500,84.3200,1.599806
FILLER_26_618,VPWR,li1,290.4900,84.3200,1.599805
FILLER_26_603,VPWR,li1,283.3600,84.3200,1.599805
FILLER_26_589,VPWR,li1,276.6900,84.3200,1.599807
FILLER_26_547,VPWR,li1,257.6000,84.3200,1.599817
FILLER_26_533,VPWR,li1,250.9300,84.3200,1.599821
FILLER_26_523,VPWR,li1,246.3300,84.3200,1.599825
FILLER_26_520,VPWR,li1,245.4100,84.3200,1.599825
FILLER_26_508,VPWR,li1,239.8900,84.3200,1.599829
FILLER_26_505,VPWR,li1,238.5100,84.3200,1.599831
FILLER_26_493,VPWR,li1,232.9900,84.3200,1.599836
FILLER_26_482,VPWR,li1,227.7000,84.3200,1.599843
FILLER_26_461,VPWR,li1,218.0400,84.3200,1.599854
FILLER_26_458,VPWR,li1,216.8900,84.3200,1.599854
FILLER_26_447,VPWR,li1,211.8300,84.3200,1.599860
FILLER_26_375,VPWR,li1,178.2500,84.3200,1.599913
FILLER_26_342,VPWR,li1,163.0700,84.3200,1.599896
FILLER_26_287,VPWR,li1,137.7700,84.3200,1.599868
FILLER_26_277,VPWR,li1,133.1700,84.3200,1.599864
FILLER_26_253,VPWR,li1,122.5900,84.3200,1.599857
FILLER_26_230,VPWR,li1,111.5500,84.3200,1.599853
FILLER_26_227,VPWR,li1,110.6300,84.3200,1.599852
FILLER_26_224,VPWR,li1,109.2500,84.3200,1.599852
FILLER_26_221,VPWR,li1,107.8700,84.3200,1.599852
FILLER_26_197,VPWR,li1,96.3700,84.3200,1.599852
FILLER_26_193,VPWR,li1,94.9900,84.3200,1.599852
FILLER_26_184,VPWR,li1,90.3900,84.3200,1.599854
FILLER_26_175,VPWR,li1,86.2500,84.3200,1.599857
FILLER_26_159,VPWR,li1,79.3500,84.3200,1.599860
FILLER_26_156,VPWR,li1,77.9700,84.3200,1.599862
FILLER_26_139,VPWR,li1,69.6900,84.3200,1.599867
FILLER_26_111,VPWR,li1,56.8100,84.3200,1.599881
FILLER_26_106,VPWR,li1,54.5100,84.3200,1.599883
FILLER_26_99,VPWR,li1,51.7500,84.3200,1.599886
FILLER_26_85,VPWR,li1,44.8500,84.3200,1.599899
FILLER_26_82,VPWR,li1,43.7000,84.3200,1.599899
FILLER_26_47,VPWR,li1,27.6000,84.3200,1.599928
FILLER_26_37,VPWR,li1,22.7700,84.3200,1.599937
FILLER_26_27,VPWR,li1,18.1700,84.3200,1.599942
FILLER_26_11,VPWR,li1,11.0400,84.3200,1.599941
FILLER_25_841,VPWR,li1,392.6100,78.8800,1.599780
FILLER_25_792,VPWR,li1,370.0700,78.8800,1.599792
FILLER_25_785,VPWR,li1,367.0800,78.8800,1.599795
FILLER_25_758,VPWR,li1,354.4300,78.8800,1.599815
FILLER_25_751,VPWR,li1,351.6700,78.8800,1.599822
FILLER_25_733,VPWR,li1,342.9300,78.8800,1.599837
FILLER_25_727,VPWR,li1,340.1700,78.8800,1.599846
FILLER_25_665,VPWR,li1,311.8800,78.8800,1.599826
FILLER_25_646,VPWR,li1,302.9100,78.8800,1.599805
FILLER_25_643,VPWR,li1,301.9900,78.8800,1.599805
FILLER_25_629,VPWR,li1,295.0900,78.8800,1.599792
FILLER_25_620,VPWR,li1,291.1800,78.8800,1.599783
FILLER_25_617,VPWR,li1,290.0300,78.8800,1.599783
FILLER_25_615,VPWR,li1,288.6500,78.8800,1.599779
FILLER_25_612,VPWR,li1,287.7300,78.8800,1.599779
FILLER_25_601,VPWR,li1,282.6700,78.8800,1.599771
FILLER_25_573,VPWR,li1,269.3300,78.8800,1.599750
FILLER_25_564,VPWR,li1,265.1900,78.8800,1.599743
FILLER_25_561,VPWR,li1,264.2700,78.8800,1.599743
FILLER_25_558,VPWR,li1,262.6600,78.8800,1.599740
FILLER_25_555,VPWR,li1,261.5100,78.8800,1.599737
FILLER_25_552,VPWR,li1,260.1300,78.8800,1.599737
FILLER_25_538,VPWR,li1,253.2300,78.8800,1.599726
FILLER_25_535,VPWR,li1,252.3100,78.8800,1.599726
FILLER_25_505,VPWR,li1,238.0500,78.8800,1.599738
FILLER_25_493,VPWR,li1,232.9900,78.8800,1.599747
FILLER_25_474,VPWR,li1,224.0200,78.8800,1.599769
FILLER_25_462,VPWR,li1,218.7300,78.8800,1.599780
FILLER_25_459,VPWR,li1,217.3500,78.8800,1.599786
FILLER_25_456,VPWR,li1,215.9700,78.8800,1.599786
FILLER_25_453,VPWR,li1,214.5900,78.8800,1.599791
FILLER_25_447,VPWR,li1,211.3700,78.8800,1.599797
FILLER_25_436,VPWR,li1,206.5400,78.8800,1.599813
FILLER_25_424,VPWR,li1,201.0200,78.8800,1.599824
FILLER_25_406,VPWR,li1,192.5100,78.8800,1.599849
FILLER_25_337,VPWR,li1,161.0000,78.8800,1.599879
FILLER_25_313,VPWR,li1,149.9600,78.8800,1.599871
FILLER_25_275,VPWR,li1,132.2500,78.8800,1.599861
FILLER_25_258,VPWR,li1,124.4300,78.8800,1.599858
FILLER_25_253,VPWR,li1,122.5900,78.8800,1.599858
FILLER_25_225,VPWR,li1,109.2500,78.8800,1.599859
FILLER_25_200,VPWR,li1,97.9800,78.8800,1.599863
FILLER_25_197,VPWR,li1,96.8300,78.8800,1.599864
FILLER_25_175,VPWR,li1,86.2500,78.8800,1.599870
FILLER_25_172,VPWR,li1,85.3300,78.8800,1.599870
FILLER_25_169,VPWR,li1,83.9500,78.8800,1.599872
FILLER_25_167,VPWR,li1,82.5700,78.8800,1.599872
FILLER_25_157,VPWR,li1,78.4300,78.8800,1.599876
FILLER_25_154,VPWR,li1,77.0500,78.8800,1.599878
FILLER_25_151,VPWR,li1,75.6700,78.8800,1.599878
FILLER_25_135,VPWR,li1,68.3100,78.8800,1.599887
FILLER_25_111,VPWR,li1,56.8100,78.8800,1.599899
FILLER_25_84,VPWR,li1,44.8500,78.8800,1.599913
FILLER_25_75,VPWR,li1,40.2500,78.8800,1.599919
FILLER_25_66,VPWR,li1,36.3400,78.8800,1.599925
FILLER_25_54,VPWR,li1,30.8200,78.8800,1.599936
FILLER_25_26,VPWR,li1,18.1700,78.8800,1.599952
FILLER_25_3,VPWR,li1,7.1300,78.8800,1.599951
FILLER_24_837,VPWR,li1,390.7700,78.8800,1.599780
FILLER_24_811,VPWR,li1,378.8100,78.8800,1.599783
FILLER_24_802,VPWR,li1,374.6700,78.8800,1.599786
FILLER_24_777,VPWR,li1,363.4000,78.8800,1.599801
FILLER_24_732,VPWR,li1,342.7000,78.8800,1.599837
FILLER_24_713,VPWR,li1,333.9600,78.8800,1.599857
FILLER_24_710,VPWR,li1,332.8100,78.8800,1.599863
FILLER_24_707,VPWR,li1,331.4300,78.8800,1.599863
FILLER_24_704,VPWR,li1,330.0500,78.8800,1.599870
FILLER_24_701,VPWR,li1,328.6700,78.8800,1.599870
FILLER_24_693,VPWR,li1,324.7600,78.8800,1.599856
FILLER_24_690,VPWR,li1,323.6100,78.8800,1.599856
FILLER_24_682,VPWR,li1,319.9300,78.8800,1.599846
FILLER_24_667,VPWR,li1,313.0300,78.8800,1.599826
FILLER_24_664,VPWR,li1,311.6500,78.8800,1.599826
FILLER_24_661,VPWR,li1,310.2700,78.8800,1.599820
FILLER_24_658,VPWR,li1,308.8900,78.8800,1.599820
FILLER_24_636,VPWR,li1,298.3100,78.8800,1.599796
FILLER_24_633,VPWR,li1,297.3900,78.8800,1.599796
FILLER_24_592,VPWR,li1,278.0700,78.8800,1.599764
FILLER_24_589,VPWR,li1,277.1500,78.8800,1.599761
FILLER_24_586,VPWR,li1,275.5400,78.8800,1.599758
FILLER_24_583,VPWR,li1,274.3900,78.8800,1.599758
FILLER_24_572,VPWR,li1,269.1000,78.8800,1.599750
FILLER_24_569,VPWR,li1,267.9500,78.8800,1.599746
FILLER_24_566,VPWR,li1,266.5700,78.8800,1.599746
FILLER_24_560,VPWR,li1,263.3500,78.8800,1.599740
FILLER_24_557,VPWR,li1,262.4300,78.8800,1.599740
FILLER_24_536,VPWR,li1,252.3100,78.8800,1.599726
FILLER_24_533,VPWR,li1,251.3900,78.8800,1.599724
FILLER_24_505,VPWR,li1,238.0500,78.8800,1.599738
FILLER_24_486,VPWR,li1,229.3100,78.8800,1.599757
FILLER_24_483,VPWR,li1,228.3900,78.8800,1.599757
FILLER_24_480,VPWR,li1,227.0100,78.8800,1.599764
FILLER_24_477,VPWR,li1,225.6300,78.8800,1.599764
FILLER_24_475,VPWR,li1,224.2500,78.8800,1.599769
FILLER_24_472,VPWR,li1,223.3300,78.8800,1.599769
FILLER_24_456,VPWR,li1,215.9700,78.8800,1.599786
FILLER_24_448,VPWR,li1,211.8300,78.8800,1.599797
FILLER_24_419,VPWR,li1,198.4900,78.8800,1.599830
FILLER_24_393,VPWR,li1,186.5300,78.8800,1.599864
FILLER_24_375,VPWR,li1,178.2500,78.8800,1.599890
FILLER_24_365,VPWR,li1,173.6500,78.8800,1.599893
FILLER_24_342,VPWR,li1,163.0700,78.8800,1.599881
FILLER_24_281,VPWR,li1,135.4700,78.8800,1.599862
FILLER_24_253,VPWR,li1,122.3600,78.8800,1.599858
FILLER_24_222,VPWR,li1,107.8700,78.8800,1.599859
FILLER_24_206,VPWR,li1,100.9700,78.8800,1.599861
FILLER_24_197,VPWR,li1,96.8300,78.8800,1.599864
FILLER_24_131,VPWR,li1,66.0100,78.8800,1.599889
FILLER_24_113,VPWR,li1,57.9600,78.8800,1.599897
FILLER_24_107,VPWR,li1,55.2000,78.8800,1.599899
FILLER_24_101,VPWR,li1,52.4400,78.8800,1.599903
FILLER_24_79,VPWR,li1,42.0900,78.8800,1.599916
FILLER_24_49,VPWR,li1,28.5200,78.8800,1.599939
FILLER_24_29,VPWR,li1,19.3200,78.8800,1.599952
FILLER_23_841,VPWR,li1,392.6100,73.4400,1.599771
FILLER_23_741,VPWR,li1,346.6100,73.4400,1.599819
FILLER_23_732,VPWR,li1,342.7000,73.4400,1.599829
FILLER_23_729,VPWR,li1,341.5500,73.4400,1.599834
FILLER_23_708,VPWR,li1,331.6600,73.4400,1.599863
FILLER_23_705,VPWR,li1,330.5100,73.4400,1.599871
FILLER_23_676,VPWR,li1,317.1700,73.4400,1.599851
FILLER_23_673,VPWR,li1,315.7900,73.4400,1.599849
FILLER_23_646,VPWR,li1,303.3700,73.4400,1.599840
FILLER_23_643,VPWR,li1,301.9900,73.4400,1.599840
FILLER_23_640,VPWR,li1,300.6100,73.4400,1.599838
FILLER_23_637,VPWR,li1,299.2300,73.4400,1.599838
FILLER_23_613,VPWR,li1,288.1900,73.4400,1.599834
FILLER_23_610,VPWR,li1,286.8100,73.4400,1.599834
FILLER_23_583,VPWR,li1,273.9300,73.4400,1.599833
FILLER_23_554,VPWR,li1,260.5900,73.4400,1.599834
FILLER_23_539,VPWR,li1,253.9200,73.4400,1.599836
FILLER_23_530,VPWR,li1,249.5500,73.4400,1.599837
FILLER_23_527,VPWR,li1,248.6300,73.4400,1.599837
FILLER_23_495,VPWR,li1,233.4500,73.4400,1.599844
FILLER_23_484,VPWR,li1,228.6200,73.4400,1.599848
FILLER_23_481,VPWR,li1,227.4700,73.4400,1.599848
FILLER_23_478,VPWR,li1,226.0900,73.4400,1.599849
FILLER_23_428,VPWR,li1,202.8600,73.4400,1.599870
FILLER_23_391,VPWR,li1,185.6100,73.4400,1.599889
FILLER_23_363,VPWR,li1,172.7300,73.4400,1.599898
FILLER_23_350,VPWR,li1,166.7500,73.4400,1.599883
FILLER_23_328,VPWR,li1,156.6300,73.4400,1.599864
FILLER_23_278,VPWR,li1,133.8600,73.4400,1.599829
FILLER_23_263,VPWR,li1,126.7300,73.4400,1.599826
FILLER_23_243,VPWR,li1,117.5300,73.4400,1.599824
FILLER_23_229,VPWR,li1,111.0900,73.4400,1.599825
FILLER_23_225,VPWR,li1,109.4800,73.4400,1.599825
FILLER_23_190,VPWR,li1,93.6100,73.4400,1.599836
FILLER_23_175,VPWR,li1,86.4800,73.4400,1.599843
FILLER_23_172,VPWR,li1,85.3300,73.4400,1.599845
FILLER_23_169,VPWR,li1,83.9500,73.4400,1.599847
FILLER_23_166,VPWR,li1,82.3400,73.4400,1.599847
FILLER_23_158,VPWR,li1,78.4300,73.4400,1.599853
FILLER_23_155,VPWR,li1,77.5100,73.4400,1.599853
FILLER_23_145,VPWR,li1,72.6800,73.4400,1.599860
FILLER_23_142,VPWR,li1,71.5300,73.4400,1.599860
FILLER_23_139,VPWR,li1,70.1500,73.4400,1.599863
FILLER_23_136,VPWR,li1,68.7700,73.4400,1.599863
FILLER_23_126,VPWR,li1,63.9400,73.4400,1.599869
FILLER_23_117,VPWR,li1,59.5700,73.4400,1.599876
FILLER_23_111,VPWR,li1,56.8100,73.4400,1.599880
FILLER_23_83,VPWR,li1,44.1600,73.4400,1.599899
FILLER_23_57,VPWR,li1,32.4300,73.4400,1.599920
FILLER_23_49,VPWR,li1,28.7500,73.4400,1.599926
FILLER_23_32,VPWR,li1,20.4700,73.4400,1.599943
FILLER_22_834,VPWR,li1,389.6200,73.4400,1.599771
FILLER_22_813,VPWR,li1,379.7300,73.4400,1.599774
FILLER_22_811,VPWR,li1,378.8100,73.4400,1.599775
FILLER_22_757,VPWR,li1,354.2000,73.4400,1.599805
FILLER_22_750,VPWR,li1,350.9800,73.4400,1.599810
FILLER_22_733,VPWR,li1,343.3900,73.4400,1.599829
FILLER_22_710,VPWR,li1,332.5800,73.4400,1.599863
FILLER_22_707,VPWR,li1,331.4300,73.4400,1.599863
FILLER_22_704,VPWR,li1,330.0500,73.4400,1.599871
FILLER_22_701,VPWR,li1,328.6700,73.4400,1.599867
FILLER_22_699,VPWR,li1,327.2900,73.4400,1.599867
FILLER_22_689,VPWR,li1,323.1500,73.4400,1.599860
FILLER_22_672,VPWR,li1,314.8700,73.4400,1.599849
FILLER_22_669,VPWR,li1,313.9500,73.4400,1.599846
FILLER_22_666,VPWR,li1,312.5700,73.4400,1.599846
FILLER_22_651,VPWR,li1,305.6700,73.4400,1.599841
FILLER_22_648,VPWR,li1,304.2900,73.4400,1.599841
FILLER_22_645,VPWR,li1,302.9100,73.4400,1.599840
FILLER_22_638,VPWR,li1,299.2300,73.4400,1.599838
FILLER_22_635,VPWR,li1,298.3100,73.4400,1.599837
FILLER_22_632,VPWR,li1,296.9300,73.4400,1.599837
FILLER_22_623,VPWR,li1,292.5600,73.4400,1.599835
FILLER_22_609,VPWR,li1,285.8900,73.4400,1.599834
FILLER_22_606,VPWR,li1,284.9700,73.4400,1.599834
FILLER_22_603,VPWR,li1,283.5900,73.4400,1.599833
FILLER_22_600,VPWR,li1,282.2100,73.4400,1.599833
FILLER_22_597,VPWR,li1,280.8300,73.4400,1.599833
FILLER_22_587,VPWR,li1,275.7700,73.4400,1.599833
FILLER_22_584,VPWR,li1,274.8500,73.4400,1.599833
FILLER_22_581,VPWR,li1,273.4700,73.4400,1.599833
FILLER_22_567,VPWR,li1,266.5700,73.4400,1.599833
FILLER_22_564,VPWR,li1,265.6500,73.4400,1.599833
FILLER_22_561,VPWR,li1,264.2700,73.4400,1.599833
FILLER_22_558,VPWR,li1,262.8900,73.4400,1.599834
FILLER_22_555,VPWR,li1,261.5100,73.4400,1.599834
FILLER_22_552,VPWR,li1,260.1300,73.4400,1.599834
FILLER_22_549,VPWR,li1,258.7500,73.4400,1.599834
FILLER_22_546,VPWR,li1,257.3700,73.4400,1.599834
FILLER_22_529,VPWR,li1,249.5500,73.4400,1.599837
FILLER_22_526,VPWR,li1,248.1700,73.4400,1.599838
FILLER_22_523,VPWR,li1,246.7900,73.4400,1.599838
FILLER_22_507,VPWR,li1,239.4300,73.4400,1.599841
FILLER_22_504,VPWR,li1,238.0500,73.4400,1.599842
FILLER_22_474,VPWR,li1,224.0200,73.4400,1.599851
FILLER_22_452,VPWR,li1,213.6700,73.4400,1.599859
FILLER_22_425,VPWR,li1,201.7100,73.4400,1.599870
FILLER_22_406,VPWR,li1,192.5100,73.4400,1.599881
FILLER_22_385,VPWR,li1,183.0800,73.4400,1.599893
FILLER_22_341,VPWR,li1,162.8400,73.4400,1.599876
FILLER_22_329,VPWR,li1,157.3200,73.4400,1.599864
FILLER_22_238,VPWR,li1,115.2300,73.4400,1.599824
FILLER_22_228,VPWR,li1,111.0900,73.4400,1.599825
FILLER_22_200,VPWR,li1,97.9800,73.4400,1.599832
FILLER_22_197,VPWR,li1,96.8300,73.4400,1.599834
FILLER_22_194,VPWR,li1,95.2200,73.4400,1.599836
FILLER_22_191,VPWR,li1,94.0700,73.4400,1.599836
FILLER_22_176,VPWR,li1,86.9400,73.4400,1.599843
FILLER_22_173,VPWR,li1,85.7900,73.4400,1.599845
FILLER_22_170,VPWR,li1,84.4100,73.4400,1.599845
FILLER_22_167,VPWR,li1,83.0300,73.4400,1.599847
FILLER_22_144,VPWR,li1,72.4500,73.4400,1.599860
FILLER_22_141,VPWR,li1,71.0700,73.4400,1.599860
FILLER_22_138,VPWR,li1,69.4600,73.4400,1.599863
FILLER_22_129,VPWR,li1,65.0900,73.4400,1.599869
FILLER_22_70,VPWR,li1,37.9500,73.4400,1.599911
FILLER_22_44,VPWR,li1,26.2200,73.4400,1.599933
FILLER_22_29,VPWR,li1,19.3200,73.4400,1.599943
FILLER_22_3,VPWR,li1,7.5900,73.4400,1.599941
FILLER_21_841,VPWR,li1,392.6100,68.0000,1.599691
FILLER_21_835,VPWR,li1,389.8500,68.0000,1.599691
FILLER_21_789,VPWR,li1,368.9200,68.0000,1.599708
FILLER_21_752,VPWR,li1,351.9000,68.0000,1.599745
FILLER_21_734,VPWR,li1,343.3900,68.0000,1.599773
FILLER_21_727,VPWR,li1,340.1700,68.0000,1.599789
FILLER_21_724,VPWR,li1,339.2500,68.0000,1.599789
FILLER_21_709,VPWR,li1,332.1200,68.0000,1.599823
FILLER_21_706,VPWR,li1,330.9700,68.0000,1.599823
FILLER_21_692,VPWR,li1,324.0700,68.0000,1.599831
FILLER_21_689,VPWR,li1,323.1500,68.0000,1.599827
FILLER_21_686,VPWR,li1,321.7700,68.0000,1.599827
FILLER_21_683,VPWR,li1,320.3900,68.0000,1.599824
FILLER_21_673,VPWR,li1,315.7900,68.0000,1.599814
FILLER_21_669,VPWR,li1,313.9500,68.0000,1.599811
FILLER_21_666,VPWR,li1,312.5700,68.0000,1.599811
FILLER_21_637,VPWR,li1,299.0000,68.0000,1.599791
FILLER_21_583,VPWR,li1,273.9300,68.0000,1.599772
FILLER_21_564,VPWR,li1,265.4200,68.0000,1.599767
FILLER_21_561,VPWR,li1,264.2700,68.0000,1.599766
FILLER_21_559,VPWR,li1,262.8900,68.0000,1.599766
FILLER_21_556,VPWR,li1,261.9700,68.0000,1.599764
FILLER_21_553,VPWR,li1,260.5900,68.0000,1.599764
FILLER_21_524,VPWR,li1,247.2500,68.0000,1.599760
FILLER_21_521,VPWR,li1,245.8700,68.0000,1.599760
FILLER_21_518,VPWR,li1,244.4900,68.0000,1.599760
FILLER_21_495,VPWR,li1,233.4500,68.0000,1.599759
FILLER_21_481,VPWR,li1,227.0100,68.0000,1.599758
FILLER_21_478,VPWR,li1,226.0900,68.0000,1.599758
FILLER_21_437,VPWR,li1,207.0000,68.0000,1.599762
FILLER_21_337,VPWR,li1,161.0000,68.0000,1.599817
FILLER_21_317,VPWR,li1,151.8000,68.0000,1.599810
FILLER_21_297,VPWR,li1,142.3700,68.0000,1.599806
FILLER_21_288,VPWR,li1,138.4600,68.0000,1.599804
FILLER_21_277,VPWR,li1,133.6300,68.0000,1.599803
FILLER_21_230,VPWR,li1,112.0100,68.0000,1.599807
FILLER_21_225,VPWR,li1,109.2500,68.0000,1.599809
FILLER_21_223,VPWR,li1,108.3300,68.0000,1.599809
FILLER_21_196,VPWR,li1,96.1400,68.0000,1.599822
FILLER_21_193,VPWR,li1,94.9900,68.0000,1.599822
FILLER_21_190,VPWR,li1,93.6100,68.0000,1.599824
FILLER_21_172,VPWR,li1,84.8700,68.0000,1.599834
FILLER_21_169,VPWR,li1,83.9500,68.0000,1.599836
FILLER_21_146,VPWR,li1,73.3700,68.0000,1.599852
FILLER_21_143,VPWR,li1,71.9900,68.0000,1.599852
FILLER_21_140,VPWR,li1,70.6100,68.0000,1.599856
FILLER_21_109,VPWR,li1,56.3500,68.0000,1.599876
FILLER_21_99,VPWR,li1,51.5200,68.0000,1.599886
FILLER_21_83,VPWR,li1,43.9300,68.0000,1.599896
FILLER_21_77,VPWR,li1,41.4000,68.0000,1.599901
FILLER_21_3,VPWR,li1,7.5900,68.0000,1.599938
FILLER_20_841,VPWR,li1,392.6100,68.0000,1.599691
FILLER_20_813,VPWR,li1,379.9600,68.0000,1.599694
FILLER_20_807,VPWR,li1,376.9700,68.0000,1.599695
FILLER_20_786,VPWR,li1,367.7700,68.0000,1.599708
FILLER_20_760,VPWR,li1,355.5800,68.0000,1.599737
FILLER_20_757,VPWR,li1,354.4300,68.0000,1.599737
FILLER_20_687,VPWR,li1,321.7700,68.0000,1.599827
FILLER_20_658,VPWR,li1,308.6600,68.0000,1.599805
FILLER_20_650,VPWR,li1,304.7500,68.0000,1.599797
FILLER_20_642,VPWR,li1,301.3000,68.0000,1.599794
FILLER_20_627,VPWR,li1,294.4000,68.0000,1.599787
FILLER_20_624,VPWR,li1,293.2500,68.0000,1.599785
FILLER_20_600,VPWR,li1,282.2100,68.0000,1.599777
FILLER_20_592,VPWR,li1,278.3000,68.0000,1.599775
FILLER_20_589,VPWR,li1,277.1500,68.0000,1.599773
FILLER_20_587,VPWR,li1,275.7700,68.0000,1.599773
FILLER_20_584,VPWR,li1,274.8500,68.0000,1.599772
FILLER_20_581,VPWR,li1,273.4700,68.0000,1.599770
FILLER_20_567,VPWR,li1,266.5700,68.0000,1.599767
FILLER_20_508,VPWR,li1,239.6600,68.0000,1.599759
FILLER_20_505,VPWR,li1,238.5100,68.0000,1.599759
FILLER_20_502,VPWR,li1,237.1300,68.0000,1.599759
FILLER_20_471,VPWR,li1,222.4100,68.0000,1.599758
FILLER_20_452,VPWR,li1,214.1300,68.0000,1.599760
FILLER_20_421,VPWR,li1,199.8700,68.0000,1.599767
FILLER_20_419,VPWR,li1,198.4900,68.0000,1.599767
FILLER_20_398,VPWR,li1,188.8300,68.0000,1.599784
FILLER_20_362,VPWR,li1,172.5000,68.0000,1.599831
FILLER_20_287,VPWR,li1,138.2300,68.0000,1.599804
FILLER_20_253,VPWR,li1,122.5900,68.0000,1.599802
FILLER_20_250,VPWR,li1,120.9800,68.0000,1.599802
FILLER_20_235,VPWR,li1,114.0800,68.0000,1.599805
FILLER_20_204,VPWR,li1,99.5900,68.0000,1.599817
FILLER_20_194,VPWR,li1,95.2200,68.0000,1.599822
FILLER_20_191,VPWR,li1,94.0700,68.0000,1.599824
FILLER_20_188,VPWR,li1,92.6900,68.0000,1.599824
FILLER_20_173,VPWR,li1,85.5600,68.0000,1.599834
FILLER_20_170,VPWR,li1,84.4100,68.0000,1.599836
FILLER_20_167,VPWR,li1,83.0300,68.0000,1.599836
FILLER_20_137,VPWR,li1,69.2300,68.0000,1.599856
FILLER_20_134,VPWR,li1,67.8500,68.0000,1.599860
FILLER_20_131,VPWR,li1,66.4700,68.0000,1.599860
FILLER_20_93,VPWR,li1,48.7600,68.0000,1.599889
FILLER_20_85,VPWR,li1,45.0800,68.0000,1.599896
FILLER_20_83,VPWR,li1,43.9300,68.0000,1.599896
FILLER_20_57,VPWR,li1,31.9700,68.0000,1.599921
FILLER_20_33,VPWR,li1,21.1600,68.0000,1.599941
FILLER_20_27,VPWR,li1,18.1700,68.0000,1.599939
FILLER_20_7,VPWR,li1,9.4300,68.0000,1.599938
FILLER_19_841,VPWR,li1,392.6100,62.5600,1.599706
FILLER_19_839,VPWR,li1,391.6900,62.5600,1.599706
FILLER_19_817,VPWR,li1,381.8000,62.5600,1.599710
FILLER_19_785,VPWR,li1,367.0800,62.5600,1.599736
FILLER_19_757,VPWR,li1,354.4300,62.5600,1.599772
FILLER_19_754,VPWR,li1,353.0500,62.5600,1.599772
FILLER_19_751,VPWR,li1,351.6700,62.5600,1.599780
FILLER_19_748,VPWR,li1,350.2900,62.5600,1.599780
FILLER_19_734,VPWR,li1,343.6200,62.5600,1.599806
FILLER_19_713,VPWR,li1,333.9600,62.5600,1.599834
FILLER_19_670,VPWR,li1,314.1800,62.5600,1.599815
FILLER_19_667,VPWR,li1,313.0300,62.5600,1.599815
FILLER_19_657,VPWR,li1,308.4300,62.5600,1.599801
FILLER_19_654,VPWR,li1,307.0500,62.5600,1.599801
FILLER_19_651,VPWR,li1,305.6700,62.5600,1.599797
FILLER_19_637,VPWR,li1,298.7700,62.5600,1.599782
FILLER_19_634,VPWR,li1,297.8500,62.5600,1.599782
FILLER_19_631,VPWR,li1,296.4700,62.5600,1.599778
FILLER_19_617,VPWR,li1,289.5700,62.5600,1.599766
FILLER_19_615,VPWR,li1,288.6500,62.5600,1.599763
FILLER_19_612,VPWR,li1,287.7300,62.5600,1.599763
FILLER_19_564,VPWR,li1,265.1900,62.5600,1.599729
FILLER_19_561,VPWR,li1,264.2700,62.5600,1.599729
FILLER_19_558,VPWR,li1,262.6600,62.5600,1.599726
FILLER_19_546,VPWR,li1,257.3700,62.5600,1.599720
FILLER_19_543,VPWR,li1,255.9900,62.5600,1.599720
FILLER_19_540,VPWR,li1,254.6100,62.5600,1.599717
FILLER_19_537,VPWR,li1,253.2300,62.5600,1.599717
FILLER_19_528,VPWR,li1,248.8600,62.5600,1.599713
FILLER_19_520,VPWR,li1,245.1800,62.5600,1.599710
FILLER_19_505,VPWR,li1,238.0500,62.5600,1.599703
FILLER_19_501,VPWR,li1,236.6700,62.5600,1.599703
FILLER_19_481,VPWR,li1,227.2400,62.5600,1.599696
FILLER_19_463,VPWR,li1,218.7300,62.5600,1.599692
FILLER_19_446,VPWR,li1,211.1400,62.5600,1.599688
FILLER_19_434,VPWR,li1,205.3900,62.5600,1.599695
FILLER_19_393,VPWR,li1,186.9900,62.5600,1.599733
FILLER_19_373,VPWR,li1,177.5600,62.5600,1.599776
FILLER_19_364,VPWR,li1,173.1900,62.5600,1.599787
FILLER_19_337,VPWR,li1,161.0000,62.5600,1.599763
FILLER_19_264,VPWR,li1,127.4200,62.5600,1.599760
FILLER_19_233,VPWR,li1,113.1600,62.5600,1.599773
FILLER_19_219,VPWR,li1,106.4900,62.5600,1.599780
FILLER_19_187,VPWR,li1,92.0000,62.5600,1.599802
FILLER_19_175,VPWR,li1,86.4800,62.5600,1.599810
FILLER_19_172,VPWR,li1,85.3300,62.5600,1.599810
FILLER_19_169,VPWR,li1,83.9500,62.5600,1.599814
FILLER_19_113,VPWR,li1,57.9600,62.5600,1.599859
FILLER_19_57,VPWR,li1,32.2000,62.5600,1.599912
FILLER_19_50,VPWR,li1,28.9800,62.5600,1.599918
FILLER_18_831,VPWR,li1,388.4700,62.5600,1.599706
FILLER_18_810,VPWR,li1,378.5800,62.5600,1.599716
FILLER_18_802,VPWR,li1,375.1300,62.5600,1.599719
FILLER_18_778,VPWR,li1,363.8600,62.5600,1.599742
FILLER_18_757,VPWR,li1,354.4300,62.5600,1.599772
FILLER_18_741,VPWR,li1,346.8400,62.5600,1.599791
FILLER_18_738,VPWR,li1,345.6900,62.5600,1.599799
FILLER_18_735,VPWR,li1,344.3100,62.5600,1.599799
FILLER_18_732,VPWR,li1,342.9300,62.5600,1.599806
FILLER_18_729,VPWR,li1,341.5500,62.5600,1.599812
FILLER_18_726,VPWR,li1,340.1700,62.5600,1.599812
FILLER_18_710,VPWR,li1,332.8100,62.5600,1.599843
FILLER_18_707,VPWR,li1,331.4300,62.5600,1.599843
FILLER_18_704,VPWR,li1,330.0500,62.5600,1.599852
FILLER_18_701,VPWR,li1,328.6700,62.5600,1.599848
FILLER_18_697,VPWR,li1,326.8300,62.5600,1.599843
FILLER_18_694,VPWR,li1,325.4500,62.5600,1.599843
FILLER_18_691,VPWR,li1,324.0700,62.5600,1.599837
FILLER_18_672,VPWR,li1,314.8700,62.5600,1.599819
FILLER_18_669,VPWR,li1,313.9500,62.5600,1.599815
FILLER_18_658,VPWR,li1,308.8900,62.5600,1.599805
FILLER_18_643,VPWR,li1,301.5300,62.5600,1.599787
FILLER_18_640,VPWR,li1,300.6100,62.5600,1.599787
FILLER_18_637,VPWR,li1,299.2300,62.5600,1.599782
FILLER_18_634,VPWR,li1,297.8500,62.5600,1.599782
FILLER_18_625,VPWR,li1,293.4800,62.5600,1.599774
FILLER_18_615,VPWR,li1,289.1100,62.5600,1.599763
FILLER_18_595,VPWR,li1,279.4500,62.5600,1.599748
FILLER_18_592,VPWR,li1,278.5300,62.5600,1.599748
FILLER_18_589,VPWR,li1,277.1500,62.5600,1.599745
FILLER_18_578,VPWR,li1,271.8600,62.5600,1.599738
FILLER_18_575,VPWR,li1,270.7100,62.5600,1.599738
FILLER_18_557,VPWR,li1,261.9700,62.5600,1.599726
FILLER_18_533,VPWR,li1,251.1600,62.5600,1.599715
FILLER_18_531,VPWR,li1,250.0100,62.5600,1.599713
FILLER_18_528,VPWR,li1,249.0900,62.5600,1.599713
FILLER_18_525,VPWR,li1,247.7100,62.5600,1.599711
FILLER_18_522,VPWR,li1,246.3300,62.5600,1.599710
FILLER_18_508,VPWR,li1,239.4300,62.5600,1.599705
FILLER_18_498,VPWR,li1,235.2900,62.5600,1.599701
FILLER_18_482,VPWR,li1,227.9300,62.5600,1.599697
FILLER_18_475,VPWR,li1,224.2500,62.5600,1.599695
FILLER_18_459,VPWR,li1,216.8900,62.5600,1.599690
FILLER_18_362,VPWR,li1,172.5000,62.5600,1.599787
FILLER_18_338,VPWR,li1,161.4600,62.5600,1.599763
FILLER_18_318,VPWR,li1,152.4900,62.5600,1.599756
FILLER_18_302,VPWR,li1,144.6700,62.5600,1.599754
FILLER_18_282,VPWR,li1,135.7000,62.5600,1.599755
FILLER_18_243,VPWR,li1,117.5300,62.5600,1.599767
FILLER_18_193,VPWR,li1,94.9900,62.5600,1.599795
FILLER_18_184,VPWR,li1,90.3900,62.5600,1.599802
FILLER_18_169,VPWR,li1,83.9500,62.5600,1.599814
FILLER_18_166,VPWR,li1,82.5700,62.5600,1.599817
FILLER_18_163,VPWR,li1,81.1900,62.5600,1.599817
FILLER_18_160,VPWR,li1,79.8100,62.5600,1.599821
FILLER_18_144,VPWR,li1,72.4500,62.5600,1.599834
FILLER_18_141,VPWR,li1,71.0700,62.5600,1.599834
FILLER_18_134,VPWR,li1,67.3900,62.5600,1.599841
FILLER_18_131,VPWR,li1,66.4700,62.5600,1.599841
FILLER_18_128,VPWR,li1,65.0900,62.5600,1.599846
FILLER_18_125,VPWR,li1,63.7100,62.5600,1.599846
FILLER_18_113,VPWR,li1,57.9600,62.5600,1.599859
FILLER_18_110,VPWR,li1,56.8100,62.5600,1.599859
FILLER_18_102,VPWR,li1,53.1300,62.5600,1.599868
FILLER_18_70,VPWR,li1,38.4100,62.5600,1.599897
FILLER_18_43,VPWR,li1,25.5300,62.5600,1.599926
FILLER_18_18,VPWR,li1,14.4900,62.5600,1.599935
FILLER_18_8,VPWR,li1,9.4300,62.5600,1.599935
FILLER_18_3,VPWR,li1,7.1300,62.5600,1.599935
FILLER_17_841,VPWR,li1,392.6100,57.1200,1.599727
FILLER_17_835,VPWR,li1,389.8500,57.1200,1.599728
FILLER_17_817,VPWR,li1,381.5700,57.1200,1.599736
FILLER_17_808,VPWR,li1,377.4300,57.1200,1.599742
FILLER_17_796,VPWR,li1,371.9100,57.1200,1.599750
FILLER_17_779,VPWR,li1,364.0900,57.1200,1.599767
FILLER_17_776,VPWR,li1,363.1700,57.1200,1.599771
FILLER_17_762,VPWR,li1,356.2700,57.1200,1.599787
FILLER_17_735,VPWR,li1,344.3100,57.1200,1.599821
FILLER_17_729,VPWR,li1,341.0900,57.1200,1.599834
FILLER_17_725,VPWR,li1,339.7100,57.1200,1.599839
FILLER_17_722,VPWR,li1,338.3300,57.1200,1.599839
FILLER_17_719,VPWR,li1,336.9500,57.1200,1.599848
FILLER_17_704,VPWR,li1,329.8200,57.1200,1.599869
FILLER_17_701,VPWR,li1,328.6700,57.1200,1.599866
FILLER_17_698,VPWR,li1,327.2900,57.1200,1.599866
FILLER_17_673,VPWR,li1,315.3300,57.1200,1.599840
FILLER_17_670,VPWR,li1,314.1800,57.1200,1.599840
FILLER_17_667,VPWR,li1,313.0300,57.1200,1.599836
FILLER_17_664,VPWR,li1,311.6500,57.1200,1.599836
FILLER_17_638,VPWR,li1,299.4600,57.1200,1.599814
FILLER_17_623,VPWR,li1,292.5600,57.1200,1.599802
FILLER_17_620,VPWR,li1,291.4100,57.1200,1.599802
FILLER_17_617,VPWR,li1,290.0300,57.1200,1.599799
FILLER_17_615,VPWR,li1,288.6500,57.1200,1.599799
FILLER_17_599,VPWR,li1,281.2900,57.1200,1.599790
FILLER_17_596,VPWR,li1,280.3700,57.1200,1.599790
FILLER_17_582,VPWR,li1,273.4700,57.1200,1.599782
FILLER_17_579,VPWR,li1,272.5500,57.1200,1.599782
FILLER_17_576,VPWR,li1,271.1700,57.1200,1.599780
FILLER_17_573,VPWR,li1,269.7900,57.1200,1.599780
FILLER_17_561,VPWR,li1,264.2700,57.1200,1.599774
FILLER_17_550,VPWR,li1,258.7500,57.1200,1.599770
FILLER_17_547,VPWR,li1,257.8300,57.1200,1.599770
FILLER_17_544,VPWR,li1,256.4500,57.1200,1.599769
FILLER_17_541,VPWR,li1,255.0700,57.1200,1.599769
FILLER_17_534,VPWR,li1,251.6200,57.1200,1.599767
FILLER_17_505,VPWR,li1,238.5100,57.1200,1.599762
FILLER_17_503,VPWR,li1,237.1300,57.1200,1.599761
FILLER_17_494,VPWR,li1,232.9900,57.1200,1.599760
FILLER_17_466,VPWR,li1,220.3400,57.1200,1.599759
FILLER_17_432,VPWR,li1,204.7000,57.1200,1.599781
FILLER_17_399,VPWR,li1,189.7500,57.1200,1.599819
FILLER_17_390,VPWR,li1,185.3800,57.1200,1.599838
FILLER_17_355,VPWR,li1,169.0500,57.1200,1.599857
FILLER_17_333,VPWR,li1,159.3900,57.1200,1.599844
FILLER_17_328,VPWR,li1,156.6300,57.1200,1.599842
FILLER_17_281,VPWR,li1,135.0100,57.1200,1.599829
FILLER_17_273,VPWR,li1,131.7900,57.1200,1.599828
FILLER_17_263,VPWR,li1,126.9600,57.1200,1.599828
FILLER_17_249,VPWR,li1,120.2900,57.1200,1.599828
FILLER_17_223,VPWR,li1,108.3300,57.1200,1.599832
FILLER_17_207,VPWR,li1,101.4300,57.1200,1.599838
FILLER_17_175,VPWR,li1,86.7100,57.1200,1.599850
FILLER_17_172,VPWR,li1,85.3300,57.1200,1.599850
FILLER_17_169,VPWR,li1,83.9500,57.1200,1.599853
FILLER_17_167,VPWR,li1,82.5700,57.1200,1.599853
FILLER_17_164,VPWR,li1,81.6500,57.1200,1.599855
FILLER_17_161,VPWR,li1,80.2700,57.1200,1.599855
FILLER_17_141,VPWR,li1,71.0700,57.1200,1.599866
FILLER_17_130,VPWR,li1,65.7800,57.1200,1.599872
FILLER_17_127,VPWR,li1,64.6300,57.1200,1.599875
FILLER_17_124,VPWR,li1,63.2500,57.1200,1.599875
FILLER_17_116,VPWR,li1,59.3400,57.1200,1.599882
FILLER_17_113,VPWR,li1,58.1900,57.1200,1.599882
FILLER_17_111,VPWR,li1,56.8100,57.1200,1.599885
FILLER_17_108,VPWR,li1,55.8900,57.1200,1.599885
FILLER_17_97,VPWR,li1,50.6000,57.1200,1.599894
FILLER_17_82,VPWR,li1,43.9300,57.1200,1.599903
FILLER_17_57,VPWR,li1,32.4300,57.1200,1.599926
FILLER_17_50,VPWR,li1,28.9800,57.1200,1.599931
FILLER_17_7,VPWR,li1,9.2000,57.1200,1.599945
FILLER_16_841,VPWR,li1,392.6100,57.1200,1.599727
FILLER_16_821,VPWR,li1,383.4100,57.1200,1.599732
FILLER_16_782,VPWR,li1,365.4700,57.1200,1.599767
FILLER_16_760,VPWR,li1,355.3500,57.1200,1.599792
FILLER_16_757,VPWR,li1,354.4300,57.1200,1.599792
FILLER_16_755,VPWR,li1,353.0500,57.1200,1.599799
FILLER_16_752,VPWR,li1,352.1300,57.1200,1.599799
FILLER_16_730,VPWR,li1,341.7800,57.1200,1.599834
FILLER_16_722,VPWR,li1,338.3300,57.1200,1.599839
FILLER_16_704,VPWR,li1,329.8200,57.1200,1.599869
FILLER_16_701,VPWR,li1,328.6700,57.1200,1.599866
FILLER_16_699,VPWR,li1,327.2900,57.1200,1.599866
FILLER_16_677,VPWR,li1,317.4000,57.1200,1.599845
FILLER_16_666,VPWR,li1,312.5700,57.1200,1.599836
FILLER_16_633,VPWR,li1,297.3900,57.1200,1.599808
FILLER_16_592,VPWR,li1,278.3000,57.1200,1.599786
FILLER_16_589,VPWR,li1,277.1500,57.1200,1.599786
FILLER_16_580,VPWR,li1,272.7800,57.1200,1.599782
FILLER_16_560,VPWR,li1,263.8100,57.1200,1.599774
FILLER_16_557,VPWR,li1,262.4300,57.1200,1.599773
FILLER_16_554,VPWR,li1,261.0500,57.1200,1.599773
FILLER_16_539,VPWR,li1,253.9200,57.1200,1.599768
FILLER_16_536,VPWR,li1,252.7700,57.1200,1.599767
FILLER_16_533,VPWR,li1,251.3900,57.1200,1.599767
FILLER_16_483,VPWR,li1,228.1600,57.1200,1.599759
FILLER_16_477,VPWR,li1,225.4000,57.1200,1.599758
FILLER_16_473,VPWR,li1,223.7900,57.1200,1.599759
FILLER_16_442,VPWR,li1,209.3000,57.1200,1.599775
FILLER_16_377,VPWR,li1,179.4000,57.1200,1.599853
FILLER_16_365,VPWR,li1,174.1100,57.1200,1.599863
FILLER_16_363,VPWR,li1,172.7300,57.1200,1.599861
FILLER_16_330,VPWR,li1,158.0100,57.1200,1.599844
FILLER_16_309,VPWR,li1,148.3500,57.1200,1.599834
FILLER_16_300,VPWR,li1,143.9800,57.1200,1.599830
FILLER_16_268,VPWR,li1,129.4900,57.1200,1.599828
FILLER_16_235,VPWR,li1,113.8500,57.1200,1.599830
FILLER_16_197,VPWR,li1,96.6000,57.1200,1.599841
FILLER_16_167,VPWR,li1,82.8000,57.1200,1.599853
FILLER_16_164,VPWR,li1,81.6500,57.1200,1.599855
FILLER_16_161,VPWR,li1,80.2700,57.1200,1.599855
FILLER_16_147,VPWR,li1,73.3700,57.1200,1.599864
FILLER_16_144,VPWR,li1,72.4500,57.1200,1.599864
FILLER_16_141,VPWR,li1,71.0700,57.1200,1.599866
FILLER_16_130,VPWR,li1,65.5500,57.1200,1.599872
FILLER_16_120,VPWR,li1,60.9500,57.1200,1.599879
FILLER_16_117,VPWR,li1,60.0300,57.1200,1.599879
FILLER_16_102,VPWR,li1,52.9000,57.1200,1.599889
FILLER_16_29,VPWR,li1,19.3200,57.1200,1.599946
FILLER_16_3,VPWR,li1,7.5900,57.1200,1.599945
FILLER_15_841,VPWR,li1,392.6100,51.6800,1.599796
FILLER_15_802,VPWR,li1,375.1300,51.6800,1.599810
FILLER_15_788,VPWR,li1,368.2300,51.6800,1.599820
FILLER_15_785,VPWR,li1,367.3100,51.6800,1.599824
FILLER_15_782,VPWR,li1,365.7000,51.6800,1.599824
FILLER_15_760,VPWR,li1,355.8100,51.6800,1.599841
FILLER_15_757,VPWR,li1,354.4300,51.6800,1.599846
FILLER_15_754,VPWR,li1,353.0500,51.6800,1.599846
FILLER_15_751,VPWR,li1,351.6700,51.6800,1.599851
FILLER_15_741,VPWR,li1,346.6100,51.6800,1.599860
FILLER_15_738,VPWR,li1,345.6900,51.6800,1.599860
FILLER_15_725,VPWR,li1,339.7100,51.6800,1.599874
FILLER_15_709,VPWR,li1,332.3500,51.6800,1.599887
FILLER_15_706,VPWR,li1,330.9700,51.6800,1.599892
FILLER_15_687,VPWR,li1,322.2300,51.6800,1.599882
FILLER_15_676,VPWR,li1,316.9400,51.6800,1.599870
FILLER_15_673,VPWR,li1,315.7900,51.6800,1.599864
FILLER_15_670,VPWR,li1,314.1800,51.6800,1.599864
FILLER_15_645,VPWR,li1,302.6800,51.6800,1.599837
FILLER_15_642,VPWR,li1,301.5300,51.6800,1.599837
FILLER_15_639,VPWR,li1,300.1500,51.6800,1.599833
FILLER_15_636,VPWR,li1,298.7700,51.6800,1.599828
FILLER_15_633,VPWR,li1,297.3900,51.6800,1.599828
FILLER_15_630,VPWR,li1,296.0100,51.6800,1.599825
FILLER_15_627,VPWR,li1,294.6300,51.6800,1.599820
FILLER_15_624,VPWR,li1,293.2500,51.6800,1.599820
FILLER_15_598,VPWR,li1,280.8300,51.6800,1.599797
FILLER_15_590,VPWR,li1,277.1500,51.6800,1.599790
FILLER_15_587,VPWR,li1,276.2300,51.6800,1.599787
FILLER_15_559,VPWR,li1,262.8900,51.6800,1.599766
FILLER_15_548,VPWR,li1,258.0600,51.6800,1.599758
FILLER_15_521,VPWR,li1,245.4100,51.6800,1.599742
FILLER_15_463,VPWR,li1,218.7300,51.6800,1.599729
FILLER_15_445,VPWR,li1,210.9100,51.6800,1.599738
FILLER_15_398,VPWR,li1,189.2900,51.6800,1.599779
FILLER_15_354,VPWR,li1,168.5900,51.6800,1.599822
FILLER_15_314,VPWR,li1,150.1900,51.6800,1.599799
FILLER_15_299,VPWR,li1,143.5200,51.6800,1.599796
FILLER_15_279,VPWR,li1,134.0900,51.6800,1.599794
FILLER_15_262,VPWR,li1,126.2700,51.6800,1.599795
FILLER_15_244,VPWR,li1,117.9900,51.6800,1.599797
FILLER_15_238,VPWR,li1,115.4600,51.6800,1.599797
FILLER_15_231,VPWR,li1,112.0100,51.6800,1.599799
FILLER_15_223,VPWR,li1,108.3300,51.6800,1.599800
FILLER_15_180,VPWR,li1,89.0100,51.6800,1.599812
FILLER_15_169,VPWR,li1,83.7200,51.6800,1.599818
FILLER_15_166,VPWR,li1,82.3400,51.6800,1.599818
FILLER_15_147,VPWR,li1,73.6000,51.6800,1.599830
FILLER_15_144,VPWR,li1,72.4500,51.6800,1.599833
FILLER_15_141,VPWR,li1,71.0700,51.6800,1.599833
FILLER_15_138,VPWR,li1,69.6900,51.6800,1.599836
FILLER_15_119,VPWR,li1,60.4900,51.6800,1.599851
FILLER_15_116,VPWR,li1,59.5700,51.6800,1.599851
FILLER_15_113,VPWR,li1,58.1900,51.6800,1.599855
FILLER_15_111,VPWR,li1,56.8100,51.6800,1.599859
FILLER_15_98,VPWR,li1,50.8300,51.6800,1.599867
FILLER_15_83,VPWR,li1,44.1600,51.6800,1.599881
FILLER_15_71,VPWR,li1,38.8700,51.6800,1.599892
FILLER_15_57,VPWR,li1,31.9700,51.6800,1.599909
FILLER_14_840,VPWR,li1,392.3800,51.6800,1.599796
FILLER_14_824,VPWR,li1,385.0200,51.6800,1.599799
FILLER_14_817,VPWR,li1,381.5700,51.6800,1.599803
FILLER_14_799,VPWR,li1,373.2900,51.6800,1.599812
FILLER_14_785,VPWR,li1,366.8500,51.6800,1.599824
FILLER_14_782,VPWR,li1,365.9300,51.6800,1.599824
FILLER_14_779,VPWR,li1,364.5500,51.6800,1.599828
FILLER_14_776,VPWR,li1,363.1700,51.6800,1.599828
FILLER_14_755,VPWR,li1,353.0500,51.6800,1.599846
FILLER_14_752,VPWR,li1,352.1300,51.6800,1.599851
FILLER_14_749,VPWR,li1,350.7500,51.6800,1.599851
FILLER_14_736,VPWR,li1,344.3100,51.6800,1.599866
FILLER_14_733,VPWR,li1,343.3900,51.6800,1.599866
FILLER_14_730,VPWR,li1,342.0100,51.6800,1.599870
FILLER_14_723,VPWR,li1,338.5600,51.6800,1.599874
FILLER_14_698,VPWR,li1,327.0600,51.6800,1.599891
FILLER_14_695,VPWR,li1,325.9100,51.6800,1.599891
FILLER_14_689,VPWR,li1,322.6900,51.6800,1.599882
FILLER_14_686,VPWR,li1,321.7700,51.6800,1.599882
FILLER_14_683,VPWR,li1,320.3900,51.6800,1.599876
FILLER_14_657,VPWR,li1,307.9700,51.6800,1.599848
FILLER_14_654,VPWR,li1,307.0500,51.6800,1.599848
FILLER_14_645,VPWR,li1,302.4500,51.6800,1.599837
FILLER_14_620,VPWR,li1,290.9500,51.6800,1.599816
FILLER_14_617,VPWR,li1,290.0300,51.6800,1.599811
FILLER_14_614,VPWR,li1,288.6500,51.6800,1.599811
FILLER_14_611,VPWR,li1,287.2700,51.6800,1.599808
FILLER_14_600,VPWR,li1,281.9800,51.6800,1.599797
FILLER_14_597,VPWR,li1,280.8300,51.6800,1.599797
FILLER_14_585,VPWR,li1,275.3100,51.6800,1.599787
FILLER_14_574,VPWR,li1,270.0200,51.6800,1.599777
FILLER_14_571,VPWR,li1,268.8700,51.6800,1.599777
FILLER_14_568,VPWR,li1,267.4900,51.6800,1.599773
FILLER_14_565,VPWR,li1,266.1100,51.6800,1.599770
FILLER_14_562,VPWR,li1,264.7300,51.6800,1.599770
FILLER_14_553,VPWR,li1,260.1300,51.6800,1.599762
FILLER_14_550,VPWR,li1,259.2100,51.6800,1.599762
FILLER_14_540,VPWR,li1,254.6100,51.6800,1.599755
FILLER_14_530,VPWR,li1,249.7800,51.6800,1.599746
FILLER_14_499,VPWR,li1,235.5200,51.6800,1.599729
FILLER_14_477,VPWR,li1,225.4000,51.6800,1.599724
FILLER_14_474,VPWR,li1,224.0200,51.6800,1.599725
FILLER_14_446,VPWR,li1,211.1400,51.6800,1.599738
FILLER_14_430,VPWR,li1,204.0100,51.6800,1.599746
FILLER_14_418,VPWR,li1,198.2600,51.6800,1.599756
FILLER_14_349,VPWR,li1,166.7500,51.6800,1.599819
FILLER_14_329,VPWR,li1,157.5500,51.6800,1.599807
FILLER_14_314,VPWR,li1,150.1900,51.6800,1.599799
FILLER_14_305,VPWR,li1,146.5100,51.6800,1.599797
FILLER_14_273,VPWR,li1,131.3300,51.6800,1.599794
FILLER_14_249,VPWR,li1,120.7500,51.6800,1.599796
FILLER_14_234,VPWR,li1,113.6200,51.6800,1.599798
FILLER_14_210,VPWR,li1,102.3500,51.6800,1.599804
FILLER_14_190,VPWR,li1,93.3800,51.6800,1.599809
FILLER_14_176,VPWR,li1,86.7100,51.6800,1.599815
FILLER_14_150,VPWR,li1,74.9800,51.6800,1.599830
FILLER_14_139,VPWR,li1,69.6900,51.6800,1.599836
FILLER_14_136,VPWR,li1,68.7700,51.6800,1.599836
FILLER_14_112,VPWR,li1,57.7300,51.6800,1.599855
FILLER_14_96,VPWR,li1,50.3700,51.6800,1.599871
FILLER_14_93,VPWR,li1,48.9900,51.6800,1.599871
FILLER_14_54,VPWR,li1,31.0500,51.6800,1.599909
FILLER_14_29,VPWR,li1,19.5500,51.6800,1.599931
FILLER_14_3,VPWR,li1,7.1300,51.6800,1.599927
FILLER_13_841,VPWR,li1,392.6100,46.2400,1.599847
FILLER_13_825,VPWR,li1,385.7100,46.2400,1.599848
FILLER_13_797,VPWR,li1,372.6000,46.2400,1.599857
FILLER_13_781,VPWR,li1,365.4700,46.2400,1.599866
FILLER_13_778,VPWR,li1,364.0900,46.2400,1.599866
FILLER_13_749,VPWR,li1,350.7500,46.2400,1.599883
FILLER_13_746,VPWR,li1,349.3700,46.2400,1.599887
FILLER_13_743,VPWR,li1,347.9900,46.2400,1.599887
FILLER_13_729,VPWR,li1,341.5500,46.2400,1.599897
FILLER_13_727,VPWR,li1,340.1700,46.2400,1.599897
FILLER_13_724,VPWR,li1,339.2500,46.2400,1.599901
FILLER_13_721,VPWR,li1,337.8700,46.2400,1.599901
FILLER_13_700,VPWR,li1,327.9800,46.2400,1.599908
FILLER_13_697,VPWR,li1,326.8300,46.2400,1.599908
FILLER_13_694,VPWR,li1,325.4500,46.2400,1.599903
FILLER_13_691,VPWR,li1,324.0700,46.2400,1.599903
FILLER_13_688,VPWR,li1,322.6900,46.2400,1.599897
FILLER_13_685,VPWR,li1,321.3100,46.2400,1.599897
FILLER_13_682,VPWR,li1,319.9300,46.2400,1.599892
FILLER_13_679,VPWR,li1,318.5500,46.2400,1.599888
FILLER_13_676,VPWR,li1,317.1700,46.2400,1.599888
FILLER_13_673,VPWR,li1,315.7900,46.2400,1.599883
FILLER_13_671,VPWR,li1,314.4100,46.2400,1.599878
FILLER_13_655,VPWR,li1,307.2800,46.2400,1.599865
FILLER_13_652,VPWR,li1,306.1300,46.2400,1.599861
FILLER_13_649,VPWR,li1,304.7500,46.2400,1.599861
FILLER_13_646,VPWR,li1,303.3700,46.2400,1.599855
FILLER_13_643,VPWR,li1,301.9900,46.2400,1.599855
FILLER_13_640,VPWR,li1,300.6100,46.2400,1.599851
FILLER_13_630,VPWR,li1,295.7800,46.2400,1.599842
FILLER_13_617,VPWR,li1,289.5700,46.2400,1.599830
FILLER_13_615,VPWR,li1,288.6500,46.2400,1.599827
FILLER_13_612,VPWR,li1,287.7300,46.2400,1.599827
FILLER_13_601,VPWR,li1,282.4400,46.2400,1.599816
FILLER_13_586,VPWR,li1,275.5400,46.2400,1.599804
FILLER_13_567,VPWR,li1,266.5700,46.2400,1.599791
FILLER_13_564,VPWR,li1,265.6500,46.2400,1.599788
FILLER_13_561,VPWR,li1,264.2700,46.2400,1.599788
FILLER_13_557,VPWR,li1,262.4300,46.2400,1.599785
FILLER_13_460,VPWR,li1,217.5800,46.2400,1.599765
FILLER_13_449,VPWR,li1,212.7500,46.2400,1.599769
FILLER_13_437,VPWR,li1,207.2300,46.2400,1.599772
FILLER_13_427,VPWR,li1,202.1700,46.2400,1.599776
FILLER_13_421,VPWR,li1,199.4100,46.2400,1.599777
FILLER_13_393,VPWR,li1,186.5300,46.2400,1.599793
FILLER_13_391,VPWR,li1,185.6100,46.2400,1.599793
FILLER_13_364,VPWR,li1,173.1900,46.2400,1.599800
FILLER_13_329,VPWR,li1,157.3200,46.2400,1.599741
FILLER_13_319,VPWR,li1,152.4900,46.2400,1.599728
FILLER_13_281,VPWR,li1,135.0100,46.2400,1.599700
FILLER_13_273,VPWR,li1,131.5600,46.2400,1.599697
FILLER_13_255,VPWR,li1,123.0500,46.2400,1.599689
FILLER_13_225,VPWR,li1,109.2500,46.2400,1.599682
FILLER_13_193,VPWR,li1,94.7600,46.2400,1.599679
FILLER_13_169,VPWR,li1,83.7200,46.2400,1.599679
FILLER_13_150,VPWR,li1,74.7500,46.2400,1.599681
FILLER_13_140,VPWR,li1,70.1500,46.2400,1.599685
FILLER_13_137,VPWR,li1,69.2300,46.2400,1.599685
FILLER_13_127,VPWR,li1,64.1700,46.2400,1.599689
FILLER_13_124,VPWR,li1,63.2500,46.2400,1.599689
FILLER_13_103,VPWR,li1,53.1300,46.2400,1.599715
FILLER_13_81,VPWR,li1,43.0100,46.2400,1.599745
FILLER_13_39,VPWR,li1,23.6900,46.2400,1.599841
FILLER_12_836,VPWR,li1,390.5400,46.2400,1.599847
FILLER_12_804,VPWR,li1,376.0500,46.2400,1.599854
FILLER_12_788,VPWR,li1,368.6900,46.2400,1.599861
FILLER_12_774,VPWR,li1,362.2500,46.2400,1.599868
FILLER_12_760,VPWR,li1,355.3500,46.2400,1.599877
FILLER_12_757,VPWR,li1,354.4300,46.2400,1.599880
FILLER_12_755,VPWR,li1,353.0500,46.2400,1.599880
FILLER_12_752,VPWR,li1,352.1300,46.2400,1.599883
FILLER_12_749,VPWR,li1,350.7500,46.2400,1.599883
FILLER_12_746,VPWR,li1,349.3700,46.2400,1.599887
FILLER_12_743,VPWR,li1,347.9900,46.2400,1.599887
FILLER_12_713,VPWR,li1,333.7300,46.2400,1.599906
FILLER_12_704,VPWR,li1,329.5900,46.2400,1.599914
FILLER_12_701,VPWR,li1,328.6700,46.2400,1.599914
FILLER_12_699,VPWR,li1,327.2900,46.2400,1.599908
FILLER_12_696,VPWR,li1,326.3700,46.2400,1.599908
FILLER_12_693,VPWR,li1,324.9900,46.2400,1.599903
FILLER_12_683,VPWR,li1,319.9300,46.2400,1.599892
FILLER_12_680,VPWR,li1,319.0100,46.2400,1.599892
FILLER_12_645,VPWR,li1,302.9100,46.2400,1.599855
FILLER_12_642,VPWR,li1,301.3000,46.2400,1.599851
FILLER_12_639,VPWR,li1,300.1500,46.2400,1.599851
FILLER_12_621,VPWR,li1,291.8700,46.2400,1.599835
FILLER_12_607,VPWR,li1,284.9700,46.2400,1.599820
FILLER_12_604,VPWR,li1,284.0500,46.2400,1.599820
FILLER_12_595,VPWR,li1,279.4500,46.2400,1.599811
FILLER_12_592,VPWR,li1,278.5300,46.2400,1.599808
FILLER_12_589,VPWR,li1,277.1500,46.2400,1.599808
FILLER_12_587,VPWR,li1,275.7700,46.2400,1.599804
FILLER_12_584,VPWR,li1,274.8500,46.2400,1.599804
FILLER_12_581,VPWR,li1,273.4700,46.2400,1.599801
FILLER_12_578,VPWR,li1,272.0900,46.2400,1.599798
FILLER_12_561,VPWR,li1,263.8100,46.2400,1.599785
FILLER_12_558,VPWR,li1,262.8900,46.2400,1.599785
FILLER_12_477,VPWR,li1,225.4000,46.2400,1.599761
FILLER_12_474,VPWR,li1,224.0200,46.2400,1.599761
FILLER_12_425,VPWR,li1,201.4800,46.2400,1.599776
FILLER_12_363,VPWR,li1,172.7300,46.2400,1.599789
FILLER_12_340,VPWR,li1,162.1500,46.2400,1.599750
FILLER_12_328,VPWR,li1,157.0900,46.2400,1.599741
FILLER_12_314,VPWR,li1,150.1900,46.2400,1.599723
FILLER_12_291,VPWR,li1,139.6100,46.2400,1.599704
FILLER_12_234,VPWR,li1,113.3900,46.2400,1.599684
FILLER_12_210,VPWR,li1,102.8100,46.2400,1.599680
FILLER_12_193,VPWR,li1,94.9900,46.2400,1.599679
FILLER_12_170,VPWR,li1,84.4100,46.2400,1.599679
FILLER_12_141,VPWR,li1,71.0700,46.2400,1.599683
FILLER_12_138,VPWR,li1,69.4600,46.2400,1.599685
FILLER_12_128,VPWR,li1,64.8600,46.2400,1.599689
FILLER_12_93,VPWR,li1,48.7600,46.2400,1.599726
FILLER_12_85,VPWR,li1,44.8500,46.2400,1.599739
FILLER_12_52,VPWR,li1,29.9000,46.2400,1.599806
FILLER_12_33,VPWR,li1,21.1600,46.2400,1.599855
FILLER_12_3,VPWR,li1,7.3600,46.2400,1.599851
FILLER_11_841,VPWR,li1,392.6100,40.8000,1.599861
FILLER_11_837,VPWR,li1,391.2300,40.8000,1.599861
FILLER_11_827,VPWR,li1,386.6300,40.8000,1.599862
FILLER_11_820,VPWR,li1,383.1800,40.8000,1.599863
FILLER_11_799,VPWR,li1,373.7500,40.8000,1.599869
FILLER_11_791,VPWR,li1,369.6100,40.8000,1.599873
FILLER_11_783,VPWR,li1,365.9300,40.8000,1.599876
FILLER_11_780,VPWR,li1,365.0100,40.8000,1.599876
FILLER_11_774,VPWR,li1,361.7900,40.8000,1.599880
FILLER_11_771,VPWR,li1,360.8700,40.8000,1.599880
FILLER_11_746,VPWR,li1,349.1400,40.8000,1.599891
FILLER_11_743,VPWR,li1,347.9900,40.8000,1.599891
FILLER_11_732,VPWR,li1,342.9300,40.8000,1.599897
FILLER_11_729,VPWR,li1,341.5500,40.8000,1.599899
FILLER_11_726,VPWR,li1,339.9400,40.8000,1.599899
FILLER_11_723,VPWR,li1,338.7900,40.8000,1.599901
FILLER_11_712,VPWR,li1,333.5000,40.8000,1.599906
FILLER_11_703,VPWR,li1,329.1300,40.8000,1.599912
FILLER_11_700,VPWR,li1,328.2100,40.8000,1.599912
FILLER_11_690,VPWR,li1,323.3800,40.8000,1.599900
FILLER_11_663,VPWR,li1,310.7300,40.8000,1.599866
FILLER_11_660,VPWR,li1,309.8100,40.8000,1.599866
FILLER_11_654,VPWR,li1,306.5900,40.8000,1.599858
FILLER_11_651,VPWR,li1,305.6700,40.8000,1.599853
FILLER_11_648,VPWR,li1,304.2900,40.8000,1.599853
FILLER_11_645,VPWR,li1,302.9100,40.8000,1.599847
FILLER_11_636,VPWR,li1,298.3100,40.8000,1.599837
FILLER_11_624,VPWR,li1,293.2500,40.8000,1.599826
FILLER_11_614,VPWR,li1,288.4200,40.8000,1.599816
FILLER_11_571,VPWR,li1,268.4100,40.8000,1.599774
FILLER_11_561,VPWR,li1,263.8100,40.8000,1.599764
FILLER_11_529,VPWR,li1,249.0900,40.8000,1.599735
FILLER_11_502,VPWR,li1,236.9000,40.8000,1.599729
FILLER_11_454,VPWR,li1,214.8200,40.8000,1.599755
FILLER_11_447,VPWR,li1,211.3700,40.8000,1.599761
FILLER_11_435,VPWR,li1,206.3100,40.8000,1.599777
FILLER_11_424,VPWR,li1,201.0200,40.8000,1.599792
FILLER_11_413,VPWR,li1,196.1900,40.8000,1.599807
FILLER_11_398,VPWR,li1,189.2900,40.8000,1.599824
FILLER_11_390,VPWR,li1,185.3800,40.8000,1.599838
FILLER_11_369,VPWR,li1,175.7200,40.8000,1.599874
FILLER_11_351,VPWR,li1,167.4400,40.8000,1.599859
FILLER_11_337,VPWR,li1,160.7700,40.8000,1.599850
FILLER_11_325,VPWR,li1,155.7100,40.8000,1.599845
FILLER_11_293,VPWR,li1,140.7600,40.8000,1.599834
FILLER_11_278,VPWR,li1,133.8600,40.8000,1.599832
FILLER_11_271,VPWR,li1,130.8700,40.8000,1.599832
FILLER_11_222,VPWR,li1,108.1000,40.8000,1.599836
FILLER_11_184,VPWR,li1,90.8500,40.8000,1.599847
FILLER_11_169,VPWR,li1,83.7200,40.8000,1.599854
FILLER_11_129,VPWR,li1,65.5500,40.8000,1.599874
FILLER_11_113,VPWR,li1,58.1900,40.8000,1.599883
FILLER_11_103,VPWR,li1,53.1300,40.8000,1.599891
FILLER_11_100,VPWR,li1,52.2100,40.8000,1.599891
FILLER_10_841,VPWR,li1,392.6100,40.8000,1.599861
FILLER_10_813,VPWR,li1,379.9600,40.8000,1.599865
FILLER_10_804,VPWR,li1,375.5900,40.8000,1.599868
FILLER_10_801,VPWR,li1,374.6700,40.8000,1.599869
FILLER_10_786,VPWR,li1,367.5400,40.8000,1.599874
FILLER_10_783,VPWR,li1,366.3900,40.8000,1.599876
FILLER_10_780,VPWR,li1,365.0100,40.8000,1.599876
FILLER_10_760,VPWR,li1,355.5800,40.8000,1.599885
FILLER_10_757,VPWR,li1,354.4300,40.8000,1.599885
FILLER_10_755,VPWR,li1,353.0500,40.8000,1.599888
FILLER_10_752,VPWR,li1,352.1300,40.8000,1.599888
FILLER_10_727,VPWR,li1,340.1700,40.8000,1.599899
FILLER_10_724,VPWR,li1,339.2500,40.8000,1.599901
FILLER_10_721,VPWR,li1,337.8700,40.8000,1.599901
FILLER_10_718,VPWR,li1,336.4900,40.8000,1.599903
FILLER_10_672,VPWR,li1,315.3300,40.8000,1.599879
FILLER_10_669,VPWR,li1,313.9500,40.8000,1.599873
FILLER_10_666,VPWR,li1,312.5700,40.8000,1.599873
FILLER_10_634,VPWR,li1,297.6200,40.8000,1.599837
FILLER_10_623,VPWR,li1,292.7900,40.8000,1.599826
FILLER_10_620,VPWR,li1,291.4100,40.8000,1.599822
FILLER_10_597,VPWR,li1,280.6000,40.8000,1.599799
FILLER_10_589,VPWR,li1,276.9200,40.8000,1.599788
FILLER_10_586,VPWR,li1,275.5400,40.8000,1.599788
FILLER_10_573,VPWR,li1,269.7900,40.8000,1.599774
FILLER_10_551,VPWR,li1,259.2100,40.8000,1.599754
FILLER_10_505,VPWR,li1,238.2800,40.8000,1.599728
FILLER_10_477,VPWR,li1,225.4000,40.8000,1.599734
FILLER_10_445,VPWR,li1,210.9100,40.8000,1.599761
FILLER_10_438,VPWR,li1,207.4600,40.8000,1.599770
FILLER_10_417,VPWR,li1,198.0300,40.8000,1.599797
FILLER_10_379,VPWR,li1,180.3200,40.8000,1.599856
FILLER_10_365,VPWR,li1,174.1100,40.8000,1.599870
FILLER_10_359,VPWR,li1,170.8900,40.8000,1.599867
FILLER_10_328,VPWR,li1,156.6300,40.8000,1.599847
FILLER_10_309,VPWR,li1,147.8900,40.8000,1.599839
FILLER_10_277,VPWR,li1,133.4000,40.8000,1.599832
FILLER_10_242,VPWR,li1,117.3000,40.8000,1.599833
FILLER_10_214,VPWR,li1,104.1900,40.8000,1.599838
FILLER_10_185,VPWR,li1,90.8500,40.8000,1.599847
FILLER_10_172,VPWR,li1,85.1000,40.8000,1.599852
FILLER_10_162,VPWR,li1,80.5000,40.8000,1.599856
FILLER_10_127,VPWR,li1,64.1700,40.8000,1.599874
FILLER_10_98,VPWR,li1,50.8300,40.8000,1.599894
FILLER_10_95,VPWR,li1,49.9100,40.8000,1.599894
FILLER_10_85,VPWR,li1,44.8500,40.8000,1.599904
FILLER_10_42,VPWR,li1,25.0700,40.8000,1.599938
FILLER_10_29,VPWR,li1,19.0900,40.8000,1.599945
FILLER_9_841,VPWR,li1,392.6100,35.3600,1.599827
FILLER_9_839,VPWR,li1,391.6900,35.3600,1.599827
FILLER_9_819,VPWR,li1,382.7200,35.3600,1.599831
FILLER_9_798,VPWR,li1,373.0600,35.3600,1.599844
FILLER_9_795,VPWR,li1,371.9100,35.3600,1.599844
FILLER_9_785,VPWR,li1,366.8500,35.3600,1.599853
FILLER_9_783,VPWR,li1,365.9300,35.3600,1.599853
FILLER_9_780,VPWR,li1,365.0100,35.3600,1.599857
FILLER_9_777,VPWR,li1,363.6300,35.3600,1.599857
FILLER_9_767,VPWR,li1,358.5700,35.3600,1.599866
FILLER_9_764,VPWR,li1,357.6500,35.3600,1.599866
FILLER_9_750,VPWR,li1,350.7500,35.3600,1.599878
FILLER_9_747,VPWR,li1,349.8300,35.3600,1.599881
FILLER_9_744,VPWR,li1,348.4500,35.3600,1.599881
FILLER_9_735,VPWR,li1,343.8500,35.3600,1.599890
FILLER_9_732,VPWR,li1,342.9300,35.3600,1.599890
FILLER_9_729,VPWR,li1,341.5500,35.3600,1.599894
FILLER_9_726,VPWR,li1,339.9400,35.3600,1.599898
FILLER_9_723,VPWR,li1,338.7900,35.3600,1.599898
FILLER_9_720,VPWR,li1,337.4100,35.3600,1.599903
FILLER_9_717,VPWR,li1,336.0300,35.3600,1.599903
FILLER_9_714,VPWR,li1,334.6500,35.3600,1.599908
FILLER_9_711,VPWR,li1,333.2700,35.3600,1.599908
FILLER_9_708,VPWR,li1,331.8900,35.3600,1.599912
FILLER_9_698,VPWR,li1,327.0600,35.3600,1.599912
FILLER_9_695,VPWR,li1,325.9100,35.3600,1.599907
FILLER_9_692,VPWR,li1,324.5300,35.3600,1.599907
FILLER_9_676,VPWR,li1,317.1700,35.3600,1.599892
FILLER_9_673,VPWR,li1,315.7900,35.3600,1.599889
FILLER_9_670,VPWR,li1,314.1800,35.3600,1.599889
FILLER_9_655,VPWR,li1,307.2800,35.3600,1.599877
FILLER_9_652,VPWR,li1,306.1300,35.3600,1.599873
FILLER_9_649,VPWR,li1,304.7500,35.3600,1.599873
FILLER_9_646,VPWR,li1,303.3700,35.3600,1.599868
FILLER_9_623,VPWR,li1,292.5600,35.3600,1.599852
FILLER_9_620,VPWR,li1,291.4100,35.3600,1.599852
FILLER_9_617,VPWR,li1,290.0300,35.3600,1.599849
FILLER_9_598,VPWR,li1,280.8300,35.3600,1.599837
FILLER_9_595,VPWR,li1,279.9100,35.3600,1.599833
FILLER_9_592,VPWR,li1,278.5300,35.3600,1.599833
FILLER_9_589,VPWR,li1,277.1500,35.3600,1.599830
FILLER_9_586,VPWR,li1,275.7700,35.3600,1.599830
FILLER_9_575,VPWR,li1,270.7100,35.3600,1.599822
FILLER_9_572,VPWR,li1,269.3300,35.3600,1.599822
FILLER_9_569,VPWR,li1,267.9500,35.3600,1.599818
FILLER_9_559,VPWR,li1,262.8900,35.3600,1.599813
FILLER_9_502,VPWR,li1,236.9000,35.3600,1.599788
FILLER_9_493,VPWR,li1,232.5300,35.3600,1.599786
FILLER_9_479,VPWR,li1,226.0900,35.3600,1.599783
FILLER_9_449,VPWR,li1,212.2900,35.3600,1.599785
FILLER_9_393,VPWR,li1,186.7600,35.3600,1.599818
FILLER_9_345,VPWR,li1,164.4500,35.3600,1.599835
FILLER_9_334,VPWR,li1,159.6200,35.3600,1.599829
FILLER_9_294,VPWR,li1,141.2200,35.3600,1.599816
FILLER_9_278,VPWR,li1,133.8600,35.3600,1.599816
FILLER_9_255,VPWR,li1,123.5100,35.3600,1.599818
FILLER_9_222,VPWR,li1,108.1000,35.3600,1.599825
FILLER_9_200,VPWR,li1,97.7500,35.3600,1.599832
FILLER_9_177,VPWR,li1,87.4000,35.3600,1.599842
FILLER_9_169,VPWR,li1,83.4900,35.3600,1.599847
FILLER_9_158,VPWR,li1,78.6600,35.3600,1.599852
FILLER_9_149,VPWR,li1,74.7500,35.3600,1.599857
FILLER_9_126,VPWR,li1,63.9400,35.3600,1.599872
FILLER_9_100,VPWR,li1,52.2100,35.3600,1.599889
FILLER_9_97,VPWR,li1,50.8300,35.3600,1.599893
FILLER_9_94,VPWR,li1,49.4500,35.3600,1.599893
FILLER_9_74,VPWR,li1,40.0200,35.3600,1.599908
FILLER_9_27,VPWR,li1,18.6300,35.3600,1.599941
FILLER_8_840,VPWR,li1,392.3800,35.3600,1.599827
FILLER_8_835,VPWR,li1,389.8500,35.3600,1.599827
FILLER_8_813,VPWR,li1,379.9600,35.3600,1.599836
FILLER_8_810,VPWR,li1,378.5800,35.3600,1.599836
FILLER_8_807,VPWR,li1,377.4300,35.3600,1.599838
FILLER_8_804,VPWR,li1,376.0500,35.3600,1.599841
FILLER_8_801,VPWR,li1,374.6700,35.3600,1.599841
FILLER_8_760,VPWR,li1,355.8100,35.3600,1.599869
FILLER_8_757,VPWR,li1,354.4300,35.3600,1.599873
FILLER_8_741,VPWR,li1,346.8400,35.3600,1.599885
FILLER_8_707,VPWR,li1,330.9700,35.3600,1.599912
FILLER_8_704,VPWR,li1,330.0500,35.3600,1.599915
FILLER_8_701,VPWR,li1,328.6700,35.3600,1.599912
FILLER_8_698,VPWR,li1,327.0600,35.3600,1.599912
FILLER_8_695,VPWR,li1,325.9100,35.3600,1.599907
FILLER_8_674,VPWR,li1,316.0200,35.3600,1.599892
FILLER_8_671,VPWR,li1,314.8700,35.3600,1.599889
FILLER_8_668,VPWR,li1,313.4900,35.3600,1.599885
FILLER_8_665,VPWR,li1,312.1100,35.3600,1.599885
FILLER_8_629,VPWR,li1,295.3200,35.3600,1.599856
FILLER_8_626,VPWR,li1,294.1700,35.3600,1.599856
FILLER_8_623,VPWR,li1,292.7900,35.3600,1.599852
FILLER_8_620,VPWR,li1,291.4100,35.3600,1.599852
FILLER_8_592,VPWR,li1,278.3000,35.3600,1.599833
FILLER_8_589,VPWR,li1,277.1500,35.3600,1.599830
FILLER_8_586,VPWR,li1,275.5400,35.3600,1.599830
FILLER_8_542,VPWR,li1,255.3000,35.3600,1.599803
FILLER_8_504,VPWR,li1,237.8200,35.3600,1.599789
FILLER_8_494,VPWR,li1,233.2200,35.3600,1.599786
FILLER_8_448,VPWR,li1,212.0600,35.3600,1.599785
FILLER_8_442,VPWR,li1,209.0700,35.3600,1.599787
FILLER_8_418,VPWR,li1,198.2600,35.3600,1.599792
FILLER_8_406,VPWR,li1,192.5100,35.3600,1.599805
FILLER_8_336,VPWR,li1,160.7700,35.3600,1.599829
FILLER_8_309,VPWR,li1,147.8900,35.3600,1.599818
FILLER_8_290,VPWR,li1,139.1500,35.3600,1.599816
FILLER_8_268,VPWR,li1,129.0300,35.3600,1.599817
FILLER_8_253,VPWR,li1,122.3600,35.3600,1.599819
FILLER_8_251,VPWR,li1,121.2100,35.3600,1.599820
FILLER_8_235,VPWR,li1,114.0800,35.3600,1.599822
FILLER_8_217,VPWR,li1,105.5700,35.3600,1.599828
FILLER_8_197,VPWR,li1,96.6000,35.3600,1.599834
FILLER_8_182,VPWR,li1,89.4700,35.3600,1.599840
FILLER_8_141,VPWR,li1,71.0700,35.3600,1.599863
FILLER_8_122,VPWR,li1,62.1000,35.3600,1.599876
FILLER_8_103,VPWR,li1,53.3600,35.3600,1.599889
FILLER_8_100,VPWR,li1,52.2100,35.3600,1.599889
FILLER_8_97,VPWR,li1,50.8300,35.3600,1.599893
FILLER_8_85,VPWR,li1,45.3100,35.3600,1.599901
FILLER_8_73,VPWR,li1,39.5600,35.3600,1.599911
FILLER_8_33,VPWR,li1,21.1600,35.3600,1.599942
FILLER_8_26,VPWR,li1,17.9400,35.3600,1.599941
FILLER_8_3,VPWR,li1,7.1300,35.3600,1.599941
FILLER_7_841,VPWR,li1,392.6100,29.9200,1.599810
FILLER_7_833,VPWR,li1,388.9300,29.9200,1.599810
FILLER_7_785,VPWR,li1,367.3100,29.9200,1.599832
FILLER_7_782,VPWR,li1,365.7000,29.9200,1.599832
FILLER_7_779,VPWR,li1,364.5500,29.9200,1.599836
FILLER_7_776,VPWR,li1,363.1700,29.9200,1.599836
FILLER_7_725,VPWR,li1,339.7100,29.9200,1.599875
FILLER_7_722,VPWR,li1,338.3300,29.9200,1.599880
FILLER_7_703,VPWR,li1,329.5900,29.9200,1.599901
FILLER_7_700,VPWR,li1,328.2100,29.9200,1.599898
FILLER_7_697,VPWR,li1,326.8300,29.9200,1.599898
FILLER_7_683,VPWR,li1,319.9300,29.9200,1.599888
FILLER_7_673,VPWR,li1,315.3300,29.9200,1.599880
FILLER_7_669,VPWR,li1,313.9500,29.9200,1.599880
FILLER_7_646,VPWR,li1,303.3700,29.9200,1.599868
FILLER_7_643,VPWR,li1,301.9900,29.9200,1.599866
FILLER_7_640,VPWR,li1,300.6100,29.9200,1.599864
FILLER_7_637,VPWR,li1,299.2300,29.9200,1.599864
FILLER_7_626,VPWR,li1,294.1700,29.9200,1.599859
FILLER_7_623,VPWR,li1,292.7900,29.9200,1.599857
FILLER_7_620,VPWR,li1,291.4100,29.9200,1.599857
FILLER_7_617,VPWR,li1,290.0300,29.9200,1.599855
FILLER_7_601,VPWR,li1,282.4400,29.9200,1.599849
FILLER_7_598,VPWR,li1,281.2900,29.9200,1.599849
FILLER_7_595,VPWR,li1,279.9100,29.9200,1.599847
FILLER_7_592,VPWR,li1,278.5300,29.9200,1.599845
FILLER_7_570,VPWR,li1,267.9500,29.9200,1.599839
FILLER_7_559,VPWR,li1,262.8900,29.9200,1.599835
FILLER_7_523,VPWR,li1,246.5600,29.9200,1.599829
FILLER_7_477,VPWR,li1,225.1700,29.9200,1.599824
FILLER_7_454,VPWR,li1,214.8200,29.9200,1.599827
FILLER_7_389,VPWR,li1,185.1500,29.9200,1.599856
FILLER_7_383,VPWR,li1,181.9300,29.9200,1.599863
FILLER_7_337,VPWR,li1,161.0000,29.9200,1.599837
FILLER_7_309,VPWR,li1,148.3500,29.9200,1.599814
FILLER_7_235,VPWR,li1,114.0800,29.9200,1.599809
FILLER_7_208,VPWR,li1,101.8900,29.9200,1.599818
FILLER_7_184,VPWR,li1,90.8500,29.9200,1.599829
FILLER_7_169,VPWR,li1,83.7200,29.9200,1.599838
FILLER_7_167,VPWR,li1,82.5700,29.9200,1.599838
FILLER_7_156,VPWR,li1,77.9700,29.9200,1.599844
FILLER_7_130,VPWR,li1,66.0100,29.9200,1.599862
FILLER_7_57,VPWR,li1,32.4300,29.9200,1.599921
FILLER_7_45,VPWR,li1,26.4500,29.9200,1.599934
FILLER_7_26,VPWR,li1,17.9400,29.9200,1.599945
FILLER_7_7,VPWR,li1,9.2000,29.9200,1.599944
FILLER_6_841,VPWR,li1,392.6100,29.9200,1.599810
FILLER_6_836,VPWR,li1,390.3100,29.9200,1.599810
FILLER_6_833,VPWR,li1,389.3900,29.9200,1.599810
FILLER_6_813,VPWR,li1,379.7300,29.9200,1.599816
FILLER_6_810,VPWR,li1,378.5800,29.9200,1.599816
FILLER_6_807,VPWR,li1,377.4300,29.9200,1.599819
FILLER_6_804,VPWR,li1,376.0500,29.9200,1.599819
FILLER_6_801,VPWR,li1,374.6700,29.9200,1.599822
FILLER_6_798,VPWR,li1,373.2900,29.9200,1.599822
FILLER_6_785,VPWR,li1,366.8500,29.9200,1.599832
FILLER_6_782,VPWR,li1,365.9300,29.9200,1.599832
FILLER_6_779,VPWR,li1,364.5500,29.9200,1.599836
FILLER_6_776,VPWR,li1,363.1700,29.9200,1.599836
FILLER_6_760,VPWR,li1,355.8100,29.9200,1.599849
FILLER_6_757,VPWR,li1,354.4300,29.9200,1.599849
FILLER_6_753,VPWR,li1,352.5900,29.9200,1.599852
FILLER_6_731,VPWR,li1,342.2400,29.9200,1.599870
FILLER_6_728,VPWR,li1,341.0900,29.9200,1.599875
FILLER_6_714,VPWR,li1,334.1900,29.9200,1.599888
FILLER_6_698,VPWR,li1,327.0600,29.9200,1.599898
FILLER_6_690,VPWR,li1,323.1500,29.9200,1.599891
FILLER_6_671,VPWR,li1,314.4100,29.9200,1.599880
FILLER_6_664,VPWR,li1,311.4200,29.9200,1.599877
FILLER_6_661,VPWR,li1,310.2700,29.9200,1.599874
FILLER_6_658,VPWR,li1,308.8900,29.9200,1.599874
FILLER_6_643,VPWR,li1,301.5300,29.9200,1.599866
FILLER_6_634,VPWR,li1,297.6200,29.9200,1.599862
FILLER_6_617,VPWR,li1,290.0300,29.9200,1.599855
FILLER_6_595,VPWR,li1,279.4500,29.9200,1.599847
FILLER_6_592,VPWR,li1,278.5300,29.9200,1.599845
FILLER_6_589,VPWR,li1,277.1500,29.9200,1.599845
FILLER_6_587,VPWR,li1,275.7700,29.9200,1.599844
FILLER_6_584,VPWR,li1,274.8500,29.9200,1.599844
FILLER_6_573,VPWR,li1,269.5600,29.9200,1.599839
FILLER_6_570,VPWR,li1,268.4100,29.9200,1.599839
FILLER_6_567,VPWR,li1,267.0300,29.9200,1.599837
FILLER_6_525,VPWR,li1,247.2500,29.9200,1.599829
FILLER_6_477,VPWR,li1,225.4000,29.9200,1.599824
FILLER_6_469,VPWR,li1,221.4900,29.9200,1.599824
FILLER_6_451,VPWR,li1,213.4400,29.9200,1.599827
FILLER_6_413,VPWR,li1,196.1900,29.9200,1.599840
FILLER_6_354,VPWR,li1,168.8200,29.9200,1.599858
FILLER_6_330,VPWR,li1,157.5500,29.9200,1.599830
FILLER_6_316,VPWR,li1,151.1100,29.9200,1.599818
FILLER_6_309,VPWR,li1,148.1200,29.9200,1.599814
FILLER_6_253,VPWR,li1,122.5900,29.9200,1.599806
FILLER_6_247,VPWR,li1,119.3700,29.9200,1.599807
FILLER_6_229,VPWR,li1,111.0900,29.9200,1.599812
FILLER_6_224,VPWR,li1,108.7900,29.9200,1.599814
FILLER_6_197,VPWR,li1,96.3700,29.9200,1.599823
FILLER_6_154,VPWR,li1,77.0500,29.9200,1.599847
FILLER_6_123,VPWR,li1,62.3300,29.9200,1.599867
FILLER_6_89,VPWR,li1,46.9200,29.9200,1.599894
FILLER_6_54,VPWR,li1,30.8200,29.9200,1.599927
FILLER_6_39,VPWR,li1,23.9200,29.9200,1.599940
FILLER_6_29,VPWR,li1,19.0900,29.9200,1.599945
FILLER_6_27,VPWR,li1,18.1700,29.9200,1.599945
FILLER_5_841,VPWR,li1,392.6100,24.4800,1.599822
FILLER_5_839,VPWR,li1,391.6900,24.4800,1.599822
FILLER_5_836,VPWR,li1,390.7700,24.4800,1.599822
FILLER_5_809,VPWR,li1,378.1200,24.4800,1.599826
FILLER_5_806,VPWR,li1,376.9700,24.4800,1.599828
FILLER_5_803,VPWR,li1,375.5900,24.4800,1.599828
FILLER_5_757,VPWR,li1,354.2000,24.4800,1.599859
FILLER_5_754,VPWR,li1,353.0500,24.4800,1.599859
FILLER_5_751,VPWR,li1,351.6700,24.4800,1.599863
FILLER_5_748,VPWR,li1,350.2900,24.4800,1.599863
FILLER_5_700,VPWR,li1,327.7500,24.4800,1.599893
FILLER_5_679,VPWR,li1,318.3200,24.4800,1.599876
FILLER_5_671,VPWR,li1,314.4100,24.4800,1.599866
FILLER_5_668,VPWR,li1,313.4900,24.4800,1.599866
FILLER_5_653,VPWR,li1,306.3600,24.4800,1.599849
FILLER_5_650,VPWR,li1,305.2100,24.4800,1.599849
FILLER_5_647,VPWR,li1,303.8300,24.4800,1.599845
FILLER_5_644,VPWR,li1,302.4500,24.4800,1.599841
FILLER_5_641,VPWR,li1,301.0700,24.4800,1.599841
FILLER_5_590,VPWR,li1,277.1500,24.4800,1.599797
FILLER_5_575,VPWR,li1,270.2500,24.4800,1.599785
FILLER_5_572,VPWR,li1,269.3300,24.4800,1.599785
FILLER_5_565,VPWR,li1,265.8800,24.4800,1.599780
FILLER_5_559,VPWR,li1,262.8900,24.4800,1.599776
FILLER_5_529,VPWR,li1,249.0900,24.4800,1.599756
FILLER_5_505,VPWR,li1,238.2800,24.4800,1.599742
FILLER_5_503,VPWR,li1,237.1300,24.4800,1.599740
FILLER_5_497,VPWR,li1,234.3700,24.4800,1.599738
FILLER_5_472,VPWR,li1,223.1000,24.4800,1.599728
FILLER_5_449,VPWR,li1,212.5200,24.4800,1.599722
FILLER_5_447,VPWR,li1,211.3700,24.4800,1.599725
FILLER_5_393,VPWR,li1,186.7600,24.4800,1.599779
FILLER_5_383,VPWR,li1,181.9300,24.4800,1.599795
FILLER_5_372,VPWR,li1,177.3300,24.4800,1.599816
FILLER_5_343,VPWR,li1,163.5300,24.4800,1.599796
FILLER_5_327,VPWR,li1,156.1700,24.4800,1.599783
FILLER_5_306,VPWR,li1,146.7400,24.4800,1.599776
FILLER_5_285,VPWR,li1,137.3100,24.4800,1.599773
FILLER_5_255,VPWR,li1,123.0500,24.4800,1.599778
FILLER_5_229,VPWR,li1,111.0900,24.4800,1.599787
FILLER_5_202,VPWR,li1,98.6700,24.4800,1.599800
FILLER_5_193,VPWR,li1,94.5300,24.4800,1.599805
FILLER_5_182,VPWR,li1,89.7000,24.4800,1.599811
FILLER_5_152,VPWR,li1,76.1300,24.4800,1.599831
FILLER_5_126,VPWR,li1,64.1700,24.4800,1.599851
FILLER_5_100,VPWR,li1,52.2100,24.4800,1.599874
FILLER_5_78,VPWR,li1,41.6300,24.4800,1.599896
FILLER_5_57,VPWR,li1,31.9700,24.4800,1.599918
FILLER_5_48,VPWR,li1,27.8300,24.4800,1.599927
FILLER_5_20,VPWR,li1,15.4100,24.4800,1.599941
FILLER_5_3,VPWR,li1,7.1300,24.4800,1.599940
FILLER_4_840,VPWR,li1,392.3800,24.4800,1.599822
FILLER_4_837,VPWR,li1,391.2300,24.4800,1.599822
FILLER_4_818,VPWR,li1,382.0300,24.4800,1.599823
FILLER_4_809,VPWR,li1,378.3500,24.4800,1.599826
FILLER_4_786,VPWR,li1,367.7700,24.4800,1.599839
FILLER_4_772,VPWR,li1,360.8700,24.4800,1.599847
FILLER_4_760,VPWR,li1,355.8100,24.4800,1.599854
FILLER_4_757,VPWR,li1,354.4300,24.4800,1.599859
FILLER_4_754,VPWR,li1,352.8200,24.4800,1.599859
FILLER_4_751,VPWR,li1,351.6700,24.4800,1.599863
FILLER_4_748,VPWR,li1,350.2900,24.4800,1.599863
FILLER_4_733,VPWR,li1,343.1600,24.4800,1.599874
FILLER_4_730,VPWR,li1,342.0100,24.4800,1.599878
FILLER_4_727,VPWR,li1,340.6300,24.4800,1.599878
FILLER_4_724,VPWR,li1,339.2500,24.4800,1.599882
FILLER_4_721,VPWR,li1,337.8700,24.4800,1.599882
FILLER_4_707,VPWR,li1,330.9700,24.4800,1.599894
FILLER_4_704,VPWR,li1,330.0500,24.4800,1.599899
FILLER_4_701,VPWR,li1,328.6700,24.4800,1.599899
FILLER_4_681,VPWR,li1,319.0100,24.4800,1.599876
FILLER_4_678,VPWR,li1,318.0900,24.4800,1.599872
FILLER_4_675,VPWR,li1,316.7100,24.4800,1.599872
FILLER_4_645,VPWR,li1,302.9100,24.4800,1.599845
FILLER_4_643,VPWR,li1,301.5300,24.4800,1.599841
FILLER_4_640,VPWR,li1,300.6100,24.4800,1.599838
FILLER_4_624,VPWR,li1,293.2500,24.4800,1.599825
FILLER_4_621,VPWR,li1,291.8700,24.4800,1.599822
FILLER_4_618,VPWR,li1,290.4900,24.4800,1.599822
FILLER_4_608,VPWR,li1,285.6600,24.4800,1.599813
FILLER_4_605,VPWR,li1,284.5100,24.4800,1.599809
FILLER_4_602,VPWR,li1,283.1300,24.4800,1.599809
FILLER_4_599,VPWR,li1,281.7500,24.4800,1.599804
FILLER_4_596,VPWR,li1,280.3700,24.4800,1.599804
FILLER_4_577,VPWR,li1,271.6300,24.4800,1.599789
FILLER_4_531,VPWR,li1,250.0100,24.4800,1.599756
FILLER_4_500,VPWR,li1,235.9800,24.4800,1.599740
FILLER_4_482,VPWR,li1,227.4700,24.4800,1.599732
FILLER_4_441,VPWR,li1,208.6100,24.4800,1.599729
FILLER_4_421,VPWR,li1,199.4100,24.4800,1.599741
FILLER_4_365,VPWR,li1,173.8800,24.4800,1.599822
FILLER_4_361,VPWR,li1,172.2700,24.4800,1.599822
FILLER_4_307,VPWR,li1,146.9700,24.4800,1.599776
FILLER_4_278,VPWR,li1,134.0900,24.4800,1.599773
FILLER_4_264,VPWR,li1,127.1900,24.4800,1.599776
FILLER_4_251,VPWR,li1,121.2100,24.4800,1.599780
FILLER_4_228,VPWR,li1,111.0900,24.4800,1.599787
FILLER_4_205,VPWR,li1,100.0500,24.4800,1.599800
FILLER_4_182,VPWR,li1,89.4700,24.4800,1.599811
FILLER_4_166,VPWR,li1,82.5700,24.4800,1.599821
FILLER_4_104,VPWR,li1,54.0500,24.4800,1.599871
FILLER_4_71,VPWR,li1,38.4100,24.4800,1.599905
FILLER_4_44,VPWR,li1,25.9900,24.4800,1.599931
FILLER_4_29,VPWR,li1,19.3200,24.4800,1.599941
FILLER_4_25,VPWR,li1,17.7100,24.4800,1.599941
FILLER_4_3,VPWR,li1,7.5900,24.4800,1.599940
FILLER_3_841,VPWR,li1,392.6100,19.0400,1.599746
FILLER_3_826,VPWR,li1,385.7100,19.0400,1.599749
FILLER_3_823,VPWR,li1,384.7900,19.0400,1.599749
FILLER_3_794,VPWR,li1,371.2200,19.0400,1.599769
FILLER_3_791,VPWR,li1,370.0700,19.0400,1.599774
FILLER_3_788,VPWR,li1,368.6900,19.0400,1.599774
FILLER_3_785,VPWR,li1,367.3100,19.0400,1.599779
FILLER_3_783,VPWR,li1,365.9300,19.0400,1.599779
FILLER_3_760,VPWR,li1,355.8100,19.0400,1.599803
FILLER_3_757,VPWR,li1,354.4300,19.0400,1.599803
FILLER_3_729,VPWR,li1,341.0900,19.0400,1.599840
FILLER_3_726,VPWR,li1,339.9400,19.0400,1.599840
FILLER_3_703,VPWR,li1,329.1300,19.0400,1.599872
FILLER_3_700,VPWR,li1,328.2100,19.0400,1.599868
FILLER_3_697,VPWR,li1,326.8300,19.0400,1.599868
FILLER_3_679,VPWR,li1,318.3200,19.0400,1.599844
FILLER_3_676,VPWR,li1,317.1700,19.0400,1.599844
FILLER_3_673,VPWR,li1,315.7900,19.0400,1.599837
FILLER_3_656,VPWR,li1,307.9700,19.0400,1.599823
FILLER_3_648,VPWR,li1,304.2900,19.0400,1.599812
FILLER_3_627,VPWR,li1,294.6300,19.0400,1.599797
FILLER_3_624,VPWR,li1,293.2500,19.0400,1.599793
FILLER_3_605,VPWR,li1,284.2800,19.0400,1.599778
FILLER_3_602,VPWR,li1,283.1300,19.0400,1.599778
FILLER_3_599,VPWR,li1,281.7500,19.0400,1.599774
FILLER_3_596,VPWR,li1,280.3700,19.0400,1.599774
FILLER_3_574,VPWR,li1,270.0200,19.0400,1.599759
FILLER_3_565,VPWR,li1,265.6500,19.0400,1.599752
FILLER_3_558,VPWR,li1,262.6600,19.0400,1.599749
FILLER_3_551,VPWR,li1,259.4400,19.0400,1.599745
FILLER_3_532,VPWR,li1,250.4700,19.0400,1.599734
FILLER_3_505,VPWR,li1,238.0500,19.0400,1.599723
FILLER_3_449,VPWR,li1,212.5200,19.0400,1.599713
FILLER_3_425,VPWR,li1,201.7100,19.0400,1.599727
FILLER_3_389,VPWR,li1,185.1500,19.0400,1.599767
FILLER_3_364,VPWR,li1,173.1900,19.0400,1.599798
FILLER_3_346,VPWR,li1,164.9100,19.0400,1.599769
FILLER_3_221,VPWR,li1,107.8700,19.0400,1.599752
FILLER_3_196,VPWR,li1,95.9100,19.0400,1.599766
FILLER_3_159,VPWR,li1,78.8900,19.0400,1.599793
FILLER_3_113,VPWR,li1,57.9600,19.0400,1.599837
FILLER_3_106,VPWR,li1,54.7400,19.0400,1.599842
FILLER_3_84,VPWR,li1,44.8500,19.0400,1.599869
FILLER_3_64,VPWR,li1,35.1900,19.0400,1.599891
FILLER_3_34,VPWR,li1,21.3900,19.0400,1.599928
FILLER_2_840,VPWR,li1,392.3800,19.0400,1.599746
FILLER_2_813,VPWR,li1,379.9600,19.0400,1.599755
FILLER_2_809,VPWR,li1,378.3500,19.0400,1.599758
FILLER_2_806,VPWR,li1,376.9700,19.0400,1.599758
FILLER_2_764,VPWR,li1,357.1900,19.0400,1.599797
FILLER_2_755,VPWR,li1,353.0500,19.0400,1.599809
FILLER_2_752,VPWR,li1,352.1300,19.0400,1.599809
FILLER_2_738,VPWR,li1,345.2300,19.0400,1.599826
FILLER_2_735,VPWR,li1,344.3100,19.0400,1.599832
FILLER_2_732,VPWR,li1,342.9300,19.0400,1.599832
FILLER_2_710,VPWR,li1,332.3500,19.0400,1.599864
FILLER_2_707,VPWR,li1,331.4300,19.0400,1.599864
FILLER_2_704,VPWR,li1,330.0500,19.0400,1.599872
FILLER_2_701,VPWR,li1,328.6700,19.0400,1.599872
FILLER_2_689,VPWR,li1,322.9200,19.0400,1.599857
FILLER_2_678,VPWR,li1,317.8600,19.0400,1.599844
FILLER_2_662,VPWR,li1,310.7300,19.0400,1.599829
FILLER_2_648,VPWR,li1,303.8300,19.0400,1.599812
FILLER_2_645,VPWR,li1,302.9100,19.0400,1.599812
FILLER_2_641,VPWR,li1,301.0700,19.0400,1.599808
FILLER_2_633,VPWR,li1,296.9300,19.0400,1.599800
FILLER_2_630,VPWR,li1,296.0100,19.0400,1.599797
FILLER_2_627,VPWR,li1,294.6300,19.0400,1.599797
FILLER_2_618,VPWR,li1,290.0300,19.0400,1.599789
FILLER_2_608,VPWR,li1,285.4300,19.0400,1.599782
FILLER_2_605,VPWR,li1,284.5100,19.0400,1.599778
FILLER_2_602,VPWR,li1,283.1300,19.0400,1.599778
FILLER_2_597,VPWR,li1,280.3700,19.0400,1.599774
FILLER_2_578,VPWR,li1,272.0900,19.0400,1.599762
FILLER_2_571,VPWR,li1,268.8700,19.0400,1.599755
FILLER_2_549,VPWR,li1,258.2900,19.0400,1.599742
FILLER_2_530,VPWR,li1,249.7800,19.0400,1.599734
FILLER_2_477,VPWR,li1,225.6300,19.0400,1.599714
FILLER_2_473,VPWR,li1,223.7900,19.0400,1.599713
FILLER_2_442,VPWR,li1,209.5300,19.0400,1.599716
FILLER_2_365,VPWR,li1,174.1100,19.0400,1.599798
FILLER_2_313,VPWR,li1,150.1900,19.0400,1.599743
FILLER_2_285,VPWR,li1,136.8500,19.0400,1.599736
FILLER_2_278,VPWR,li1,134.0900,19.0400,1.599736
FILLER_2_197,VPWR,li1,96.3700,19.0400,1.599766
FILLER_2_171,VPWR,li1,84.4100,19.0400,1.599784
FILLER_2_154,VPWR,li1,76.8200,19.0400,1.599797
FILLER_2_138,VPWR,li1,69.4600,19.0400,1.599814
FILLER_2_63,VPWR,li1,34.7300,19.0400,1.599891
FILLER_2_49,VPWR,li1,28.5200,19.0400,1.599912
FILLER_2_44,VPWR,li1,25.9900,19.0400,1.599918
FILLER_2_29,VPWR,li1,19.3200,19.0400,1.599927
FILLER_2_3,VPWR,li1,7.1300,19.0400,1.599926
FILLER_1_841,VPWR,li1,392.6100,13.6000,1.599801
FILLER_1_837,VPWR,li1,391.2300,13.6000,1.599801
FILLER_1_834,VPWR,li1,389.8500,13.6000,1.599801
FILLER_1_807,VPWR,li1,376.9700,13.6000,1.599807
FILLER_1_783,VPWR,li1,365.9300,13.6000,1.599820
FILLER_1_741,VPWR,li1,346.8400,13.6000,1.599849
FILLER_1_738,VPWR,li1,345.6900,13.6000,1.599853
FILLER_1_725,VPWR,li1,339.7100,13.6000,1.599866
FILLER_1_722,VPWR,li1,338.3300,13.6000,1.599866
FILLER_1_707,VPWR,li1,331.2000,13.6000,1.599885
FILLER_1_701,VPWR,li1,328.2100,13.6000,1.599890
FILLER_1_691,VPWR,li1,323.6100,13.6000,1.599881
FILLER_1_676,VPWR,li1,316.9400,13.6000,1.599867
FILLER_1_673,VPWR,li1,315.7900,13.6000,1.599862
FILLER_1_669,VPWR,li1,313.9500,13.6000,1.599858
FILLER_1_639,VPWR,li1,300.1500,13.6000,1.599833
FILLER_1_636,VPWR,li1,298.7700,13.6000,1.599833
FILLER_1_620,VPWR,li1,291.1800,13.6000,1.599820
FILLER_1_617,VPWR,li1,290.0300,13.6000,1.599816
FILLER_1_600,VPWR,li1,282.2100,13.6000,1.599807
FILLER_1_579,VPWR,li1,272.5500,13.6000,1.599795
FILLER_1_509,VPWR,li1,239.8900,13.6000,1.599775
FILLER_1_502,VPWR,li1,236.9000,13.6000,1.599774
FILLER_1_476,VPWR,li1,224.7100,13.6000,1.599773
FILLER_1_449,VPWR,li1,212.5200,13.6000,1.599777
FILLER_1_446,VPWR,li1,211.1400,13.6000,1.599777
FILLER_1_393,VPWR,li1,186.7600,13.6000,1.599810
FILLER_1_376,VPWR,li1,178.7100,13.6000,1.599830
FILLER_1_286,VPWR,li1,137.3100,13.6000,1.599761
FILLER_1_281,VPWR,li1,135.0100,13.6000,1.599759
FILLER_1_278,VPWR,li1,133.8600,13.6000,1.599759
FILLER_1_262,VPWR,li1,126.7300,13.6000,1.599755
FILLER_1_235,VPWR,li1,113.8500,13.6000,1.599753
FILLER_1_223,VPWR,li1,108.3300,13.6000,1.599754
FILLER_1_207,VPWR,li1,101.4300,13.6000,1.599757
FILLER_1_169,VPWR,li1,83.4900,13.6000,1.599778
FILLER_1_126,VPWR,li1,64.1700,13.6000,1.599813
FILLER_1_93,VPWR,li1,48.5300,13.6000,1.599847
FILLER_1_81,VPWR,li1,43.0100,13.6000,1.599866
FILLER_1_63,VPWR,li1,34.7300,13.6000,1.599883
FILLER_1_37,VPWR,li1,22.7700,13.6000,1.599920
FILLER_1_3,VPWR,li1,7.5900,13.6000,1.599918
FILLER_0_841,VPWR,li1,392.6100,13.6000,1.599801
FILLER_0_839,VPWR,li1,391.6900,13.6000,1.599801
FILLER_0_804,VPWR,li1,376.0500,13.6000,1.599809
FILLER_0_801,VPWR,li1,374.6700,13.6000,1.599809
FILLER_0_785,VPWR,li1,367.3100,13.6000,1.599818
FILLER_0_782,VPWR,li1,365.7000,13.6000,1.599820
FILLER_0_779,VPWR,li1,364.5500,13.6000,1.599820
FILLER_0_760,VPWR,li1,355.8100,13.6000,1.599835
FILLER_0_757,VPWR,li1,354.4300,13.6000,1.599835
FILLER_0_753,VPWR,li1,352.5900,13.6000,1.599839
FILLER_0_750,VPWR,li1,351.2100,13.6000,1.599844
FILLER_0_732,VPWR,li1,342.7000,13.6000,1.599857
FILLER_0_729,VPWR,li1,341.5500,13.6000,1.599861
FILLER_0_719,VPWR,li1,336.7200,13.6000,1.599872
FILLER_0_716,VPWR,li1,335.5700,13.6000,1.599872
FILLER_0_708,VPWR,li1,331.8900,13.6000,1.599880
FILLER_0_698,VPWR,li1,327.0600,13.6000,1.599886
FILLER_0_682,VPWR,li1,319.9300,13.6000,1.599873
FILLER_0_679,VPWR,li1,318.5500,13.6000,1.599867
FILLER_0_676,VPWR,li1,317.1700,13.6000,1.599867
FILLER_0_673,VPWR,li1,315.7900,13.6000,1.599862
FILLER_0_671,VPWR,li1,314.4100,13.6000,1.599862
FILLER_0_661,VPWR,li1,310.2700,13.6000,1.599854
FILLER_0_652,VPWR,li1,305.9000,13.6000,1.599845
FILLER_0_642,VPWR,li1,301.3000,13.6000,1.599837
FILLER_0_639,VPWR,li1,300.1500,13.6000,1.599833
FILLER_0_636,VPWR,li1,298.7700,13.6000,1.599833
FILLER_0_625,VPWR,li1,293.2500,13.6000,1.599823
FILLER_0_617,VPWR,li1,289.5700,13.6000,1.599816
FILLER_0_614,VPWR,li1,288.4200,13.6000,1.599816
FILLER_0_602,VPWR,li1,282.6700,13.6000,1.599807
FILLER_0_579,VPWR,li1,272.0900,13.6000,1.599795
FILLER_0_561,VPWR,li1,263.8100,13.6000,1.599788
FILLER_0_551,VPWR,li1,259.4400,13.6000,1.599784
FILLER_0_501,VPWR,li1,236.6700,13.6000,1.599774
FILLER_0_482,VPWR,li1,227.9300,13.6000,1.599773
FILLER_0_469,VPWR,li1,221.7200,13.6000,1.599773
FILLER_0_449,VPWR,li1,212.7500,13.6000,1.599777
FILLER_0_446,VPWR,li1,211.1400,13.6000,1.599777
FILLER_0_421,VPWR,li1,199.4100,13.6000,1.599789
FILLER_0_414,VPWR,li1,196.4200,13.6000,1.599792
FILLER_0_318,VPWR,li1,152.0300,13.6000,1.599776
FILLER_0_253,VPWR,li1,122.1300,13.6000,1.599753
FILLER_0_250,VPWR,li1,120.9800,13.6000,1.599753
FILLER_0_238,VPWR,li1,115.2300,13.6000,1.599753
FILLER_0_183,VPWR,li1,89.9300,13.6000,1.599768
FILLER_0_169,VPWR,li1,83.4900,13.6000,1.599778
FILLER_0_121,VPWR,li1,61.6400,13.6000,1.599820
FILLER_0_115,VPWR,li1,58.6500,13.6000,1.599824
FILLER_0_107,VPWR,li1,54.9700,13.6000,1.599835
FILLER_0_83,VPWR,li1,43.9300,13.6000,1.599860
FILLER_0_72,VPWR,li1,38.8700,13.6000,1.599876
FILLER_0_42,VPWR,li1,25.0700,13.6000,1.599910
ANTENNA_182,VPWR,li1,168.3600,176.8000,1.599832
ANTENNA_181,VPWR,li1,56.1200,231.2000,1.599835
ANTENNA_180,VPWR,li1,38.1800,252.9600,1.599726
ANTENNA_179,VPWR,li1,126.9600,209.4400,1.599799
ANTENNA_178,VPWR,li1,97.0600,68.0000,1.599819
ANTENNA_177,VPWR,li1,83.7200,155.0400,1.599823
ANTENNA_176,VPWR,li1,187.2200,89.7600,1.599860
ANTENNA_175,VPWR,li1,177.5600,84.3200,1.599913
ANTENNA_174,VPWR,li1,197.3400,100.6400,1.599815
ANTENNA_173,VPWR,li1,91.5400,40.8000,1.599847
ANTENNA_172,VPWR,li1,39.5600,13.6000,1.599870
ANTENNA_171,VPWR,li1,125.1200,78.8800,1.599858
ANTENNA_170,VPWR,li1,90.6200,165.9200,1.599802
ANTENNA_169,VPWR,li1,191.8200,73.4400,1.599881
ANTENNA_168,VPWR,li1,22.0800,204.0000,1.599916
ANTENNA_167,VPWR,li1,7.8200,252.9600,1.599824
ANTENNA_166,VPWR,li1,122.3600,258.4000,1.599482
ANTENNA_165,VPWR,li1,157.7800,258.4000,1.599631
ANTENNA_164,VPWR,li1,146.7400,187.6800,1.599831
ANTENNA_163,VPWR,li1,85.1000,19.0400,1.599784
ANTENNA_162,VPWR,li1,144.9000,252.9600,1.599503
ANTENNA_161,VPWR,li1,173.8800,13.6000,1.599826
ANTENNA_160,VPWR,li1,167.9000,193.1200,1.599793
ANTENNA_159,VPWR,li1,161.0000,13.6000,1.599793
ANTENNA_158,VPWR,li1,35.8800,19.0400,1.599891
ANTENNA_157,VPWR,li1,32.2000,19.0400,1.599897
ANTENNA_156,VPWR,li1,109.4800,29.9200,1.599812
ANTENNA_155,VPWR,li1,35.4200,19.0400,1.599891
ANTENNA_154,VPWR,li1,52.9000,155.0400,1.599837
ANTENNA_153,VPWR,li1,122.3600,263.8400,1.599604
ANTENNA_152,VPWR,li1,80.5000,225.7600,1.599765
ANTENNA_151,VPWR,li1,57.9600,13.6000,1.599824
ANTENNA_150,VPWR,li1,60.2600,19.0400,1.599832
ANTENNA_149,VPWR,li1,95.6800,149.6000,1.599807
ANTENNA_148,VPWR,li1,79.5800,19.0400,1.599793
ANTENNA_147,VPWR,li1,80.0400,144.1600,1.599682
ANTENNA_146,VPWR,li1,82.3400,100.6400,1.599544
ANTENNA_145,VPWR,li1,99.8200,193.1200,1.599630
ANTENNA_144,VPWR,li1,102.5800,182.2400,1.599817
ANTENNA_143,VPWR,li1,34.9600,78.8800,1.599929
ANTENNA_142,VPWR,li1,92.0000,165.9200,1.599802
ANTENNA_141,VPWR,li1,389.6200,29.9200,1.599810
ANTENNA_140,VPWR,li1,187.2200,46.2400,1.599793
ANTENNA_139,VPWR,li1,135.2400,89.7600,1.599838
ANTENNA_138,VPWR,li1,105.3400,204.0000,1.599705
ANTENNA_137,VPWR,li1,199.6400,95.2000,1.599839
ANTENNA_136,VPWR,li1,76.8200,84.3200,1.599862
ANTENNA_135,VPWR,li1,200.5600,100.6400,1.599812
ANTENNA_134,VPWR,li1,82.3400,122.4000,1.599389
ANTENNA_133,VPWR,li1,83.7200,171.3600,1.599684
ANTENNA_132,VPWR,li1,334.4200,182.2400,1.599898
ANTENNA_131,VPWR,li1,7.3600,29.9200,1.599944
ANTENNA_130,VPWR,li1,46.9200,13.6000,1.599855
ANTENNA_129,VPWR,li1,154.1000,84.3200,1.599886
ANTENNA_128,VPWR,li1,16.1000,247.5200,1.599851
ANTENNA_127,VPWR,li1,191.8200,89.7600,1.599851
ANTENNA_126,VPWR,li1,28.0600,231.2000,1.599906
ANTENNA_125,VPWR,li1,98.4400,160.4800,1.599775
ANTENNA_124,VPWR,li1,98.4400,165.9200,1.599804
ANTENNA_123,VPWR,li1,103.9600,214.8800,1.599717
ANTENNA_122,VPWR,li1,163.3000,171.3600,1.599849
ANTENNA_121,VPWR,li1,46.9200,24.4800,1.599887
ANTENNA_120,VPWR,li1,53.8200,29.9200,1.599881
ANTENNA_119,VPWR,li1,70.8400,19.0400,1.599811
ANTENNA_118,VPWR,li1,85.1000,155.0400,1.599823
ANTENNA_117,VPWR,li1,178.0200,89.7600,1.599880
ANTENNA_116,VPWR,li1,328.4400,165.9200,1.599875
ANTENNA_115,VPWR,li1,115.9200,214.8800,1.599710
ANTENNA_114,VPWR,li1,126.5000,176.8000,1.599767
ANTENNA_113,VPWR,li1,73.6000,263.8400,1.599574
ANTENNA_112,VPWR,li1,155.4800,171.3600,1.599825
ANTENNA_111,VPWR,li1,105.3400,160.4800,1.599783
ANTENNA_110,VPWR,li1,127.8800,198.5600,1.599801
ANTENNA_109,VPWR,li1,176.1800,19.0400,1.599807
ANTENNA_108,VPWR,li1,68.0800,127.8400,1.599627
ANTENNA_107,VPWR,li1,76.3600,171.3600,1.599677
ANTENNA_106,VPWR,li1,63.0200,149.6000,1.599795
ANTENNA_105,VPWR,li1,133.4000,187.6800,1.599818
ANTENNA_104,VPWR,li1,186.7600,100.6400,1.599829
ANTENNA_103,VPWR,li1,40.9400,24.4800,1.599900
ANTENNA_102,VPWR,li1,59.3400,204.0000,1.599796
ANTENNA_101,VPWR,li1,45.0800,19.0400,1.599864
ANTENNA_100,VPWR,li1,101.2000,155.0400,1.599828
ANTENNA_99,VPWR,li1,18.4000,40.8000,1.599945
ANTENNA_98,VPWR,li1,150.4200,187.6800,1.599836
ANTENNA_97,VPWR,li1,390.5400,220.3200,1.599787
ANTENNA_96,VPWR,li1,7.3600,35.3600,1.599941
ANTENNA_95,VPWR,li1,94.3000,133.2800,1.599720
ANTENNA_94,VPWR,li1,23.0000,62.5600,1.599932
ANTENNA_93,VPWR,li1,126.0400,78.8800,1.599859
ANTENNA_92,VPWR,li1,93.8400,182.2400,1.599824
ANTENNA_91,VPWR,li1,174.3400,100.6400,1.599830
ANTENNA_90,VPWR,li1,104.4200,13.6000,1.599755
ANTENNA_89,VPWR,li1,156.4000,187.6800,1.599843
ANTENNA_88,VPWR,li1,86.0200,29.9200,1.599834
ANTENNA_87,VPWR,li1,61.1800,133.2800,1.599767
ANTENNA_86,VPWR,li1,13.3400,62.5600,1.599935
ANTENNA_85,VPWR,li1,149.9600,73.4400,1.599849
ANTENNA_84,VPWR,li1,57.0400,258.4000,1.599623
ANTENNA_83,VPWR,li1,122.8200,182.2400,1.599815
ANTENNA_82,VPWR,li1,99.3600,182.2400,1.599821
ANTENNA_81,VPWR,li1,147.2000,176.8000,1.599795
ANTENNA_80,VPWR,li1,96.6000,214.8800,1.599728
ANTENNA_79,VPWR,li1,112.2400,19.0400,1.599749
ANTENNA_78,VPWR,li1,184.9200,95.2000,1.599864
ANTENNA_77,VPWR,li1,183.5400,89.7600,1.599870
ANTENNA_76,VPWR,li1,122.8200,13.6000,1.599753
ANTENNA_75,VPWR,li1,270.9400,19.0400,1.599759
ANTENNA_74,VPWR,li1,186.3000,100.6400,1.599829
ANTENNA_73,VPWR,li1,201.4800,84.3200,1.599876
ANTENNA_72,VPWR,li1,390.5400,84.3200,1.599624
ANTENNA_71,VPWR,li1,151.8000,263.8400,1.599717
ANTENNA_70,VPWR,li1,138.0000,176.8000,1.599781
ANTENNA_69,VPWR,li1,95.6800,204.0000,1.599718
ANTENNA_68,VPWR,li1,12.4200,68.0000,1.599939
ANTENNA_67,VPWR,li1,164.6800,13.6000,1.599799
ANTENNA_66,VPWR,li1,122.3600,160.4800,1.599809
ANTENNA_65,VPWR,li1,164.6800,263.8400,1.599775
ANTENNA_64,VPWR,li1,169.2800,106.0800,1.599810
ANTENNA_63,VPWR,li1,124.6600,84.3200,1.599858
ANTENNA_62,VPWR,li1,78.6600,263.8400,1.599570
ANTENNA_61,VPWR,li1,143.9800,13.6000,1.599768
ANTENNA_60,VPWR,li1,43.7000,13.6000,1.599860
ANTENNA_59,VPWR,li1,188.1400,89.7600,1.599860
ANTENNA_58,VPWR,li1,132.0200,13.6000,1.599758
ANTENNA_57,VPWR,li1,22.0800,68.0000,1.599941
ANTENNA_56,VPWR,li1,165.1400,193.1200,1.599782
ANTENNA_55,VPWR,li1,7.3600,231.2000,1.599923
ANTENNA_54,VPWR,li1,9.2000,19.0400,1.599926
ANTENNA_53,VPWR,li1,168.3600,182.2400,1.599863
ANTENNA_52,VPWR,li1,177.5600,106.0800,1.599843
ANTENNA_51,VPWR,li1,152.2600,193.1200,1.599743
ANTENNA_50,VPWR,li1,71.7600,258.4000,1.599564
ANTENNA_49,VPWR,li1,119.1400,198.5600,1.599799
ANTENNA_48,VPWR,li1,159.6200,176.8000,1.599817
ANTENNA_47,VPWR,li1,20.2400,78.8800,1.599952
ANTENNA_46,VPWR,li1,322.9200,149.6000,1.599870
ANTENNA_45,VPWR,li1,86.4800,144.1600,1.599686
ANTENNA_44,VPWR,li1,92.4600,138.7200,1.599691
ANTENNA_43,VPWR,li1,63.9400,209.4400,1.599840
ANTENNA_42,VPWR,li1,105.3400,220.3200,1.599712
ANTENNA_41,VPWR,li1,331.6600,111.5200,1.599666
ANTENNA_40,VPWR,li1,52.4400,209.4400,1.599864
ANTENNA_39,VPWR,li1,293.0200,116.9600,1.599696
ANTENNA_38,VPWR,li1,96.6000,133.2800,1.599719
ANTENNA_37,VPWR,li1,165.1400,231.2000,1.599778
ANTENNA_36,VPWR,li1,80.5000,252.9600,1.599512
ANTENNA_35,VPWR,li1,128.8000,89.7600,1.599836
ANTENNA_34,VPWR,li1,155.9400,78.8800,1.599875
ANTENNA_33,VPWR,li1,127.8800,209.4400,1.599799
ANTENNA_32,VPWR,li1,78.6600,231.2000,1.599785
ANTENNA_31,VPWR,li1,89.7000,133.2800,1.599721
ANTENNA_30,VPWR,li1,86.4800,122.4000,1.599382
ANTENNA_29,VPWR,li1,88.7800,155.0400,1.599824
ANTENNA_28,VPWR,li1,91.0800,231.2000,1.599763
ANTENNA_27,VPWR,li1,80.0400,225.7600,1.599769
ANTENNA_26,VPWR,li1,80.5000,214.8800,1.599759
ANTENNA_25,VPWR,li1,47.8400,68.0000,1.599889
ANTENNA_24,VPWR,li1,184.0000,106.0800,1.599834
ANTENNA_23,VPWR,li1,123.7400,78.8800,1.599858
ANTENNA_22,VPWR,li1,110.4000,73.4400,1.599825
ANTENNA_21,VPWR,li1,114.5400,51.6800,1.599797
ANTENNA_20,VPWR,li1,212.5200,78.8800,1.599797
ANTENNA_19,VPWR,li1,62.5600,209.4400,1.599843
ANTENNA_18,VPWR,li1,97.5200,51.6800,1.599807
ANTENNA_17,VPWR,li1,123.2800,78.8800,1.599858
ANTENNA_16,VPWR,li1,155.4800,165.9200,1.599857
ANTENNA_15,VPWR,li1,108.1000,198.5600,1.599801
ANTENNA_14,VPWR,li1,163.3000,165.9200,1.599867
ANTENNA_13,VPWR,li1,390.5400,73.4400,1.599771
ANTENNA_12,VPWR,li1,315.1000,144.1600,1.599791
ANTENNA_11,VPWR,li1,390.5400,236.6400,1.599495
ANTENNA_10,VPWR,li1,364.3200,78.8800,1.599797
ANTENNA_9,VPWR,li1,325.2200,155.0400,1.599849
ANTENNA_8,VPWR,li1,389.6200,225.7600,1.599657
ANTENNA_7,VPWR,li1,328.4400,171.3600,1.599903
ANTENNA_6,VPWR,li1,66.2400,133.2800,1.599752
ANTENNA_5,VPWR,li1,79.5800,165.9200,1.599803
ANTENNA_4,VPWR,li1,7.3600,242.0800,1.599849
ANTENNA_3,VPWR,li1,17.0200,231.2000,1.599924
ANTENNA_2,VPWR,li1,76.8200,111.5200,1.599510
ANTENNA_1,VPWR,li1,343.1600,187.6800,1.599893
g_row\[0\].g_col\[0\].pe/hold3595,VPWR,li1,43.2400,176.8000,1.599855
hold3594,VPWR,li1,30.3600,57.1200,1.599931
hold3593,VPWR,li1,67.1600,111.5200,1.599545
hold3592,VPWR,li1,63.4800,106.0800,1.599675
hold3591,VPWR,li1,43.2400,78.8800,1.599916
hold3590,VPWR,li1,55.6600,84.3200,1.599881
hold3589,VPWR,li1,33.1200,57.1200,1.599923
hold3588,VPWR,li1,78.6600,149.6000,1.599796
hold3587,VPWR,li1,33.1200,133.2800,1.599862
hold3586,VPWR,li1,7.8200,204.0000,1.599915
hold3585,VPWR,li1,64.4000,149.6000,1.599794
hold3584,VPWR,li1,7.8200,84.3200,1.599941
hold3583,VPWR,li1,54.2800,111.5200,1.599597
hold3582,VPWR,li1,19.7800,165.9200,1.599880
hold3581,VPWR,li1,12.4200,193.1200,1.599873
hold3580,VPWR,li1,7.8200,231.2000,1.599923
hold3579,VPWR,li1,9.6600,231.2000,1.599923
hold3578,VPWR,li1,81.8800,149.6000,1.599797
hold3577,VPWR,li1,67.6200,133.2800,1.599752
hold3576,VPWR,li1,54.7400,144.1600,1.599719
hold3575,VPWR,li1,33.1200,127.8400,1.599763
hold3574,VPWR,li1,32.6600,116.9600,1.599716
hold3573,VPWR,li1,68.0800,144.1600,1.599693
hold3572,VPWR,li1,20.2400,84.3200,1.599943
hold3571,VPWR,li1,35.4200,89.7600,1.599911
hold3570,VPWR,li1,43.2400,78.8800,1.599916
hold3569,VPWR,li1,19.7800,46.2400,1.599854
hold3568,VPWR,li1,58.4200,95.2000,1.599821
hold3567,VPWR,li1,58.4200,89.7600,1.599873
hold3566,VPWR,li1,9.6600,40.8000,1.599943
hold3565,VPWR,li1,39.5600,24.4800,1.599900
hold3564,VPWR,li1,53.8200,78.8800,1.599903
hold3563,VPWR,li1,83.2600,100.6400,1.599545
hold3562,VPWR,li1,46.9200,62.5600,1.599879
hold3561,VPWR,li1,58.4200,78.8800,1.599897
hold3560,VPWR,li1,71.3000,95.2000,1.599800
hold3559,VPWR,li1,78.2000,111.5200,1.599510
hold3558,VPWR,li1,99.3600,258.4000,1.599492
hold3557,VPWR,li1,120.5200,263.8400,1.599599
hold3556,VPWR,li1,103.5000,263.8400,1.599575
hold3555,VPWR,li1,88.3200,263.8400,1.599568
hold3554,VPWR,li1,174.3400,176.8000,1.599847
hold3553,VPWR,li1,80.9600,263.8400,1.599569
hold3552,VPWR,li1,358.3400,116.9600,1.599763
hold3551,VPWR,li1,370.3000,95.2000,1.599503
hold3550,VPWR,li1,379.0400,78.8800,1.599783
hold3549,VPWR,li1,379.0400,73.4400,1.599774
hold3548,VPWR,li1,391.0000,46.2400,1.599847
hold3547,VPWR,li1,331.2000,106.0800,1.599840
hold3546,VPWR,li1,374.4400,89.7600,1.599553
hold3545,VPWR,li1,381.3400,68.0000,1.599693
hold3544,VPWR,li1,331.2000,100.6400,1.599778
hold3543,VPWR,li1,332.1200,106.0800,1.599840
hold3542,VPWR,li1,337.6400,100.6400,1.599732
hold3541,VPWR,li1,316.4800,144.1600,1.599793
hold3540,VPWR,li1,95.6800,176.8000,1.599775
hold3539,VPWR,li1,30.3600,242.0800,1.599798
hold3538,VPWR,li1,19.3200,252.9600,1.599827
hold3537,VPWR,li1,8.7400,252.9600,1.599824
hold3536,VPWR,li1,59.8000,214.8800,1.599804
hold3535,VPWR,li1,21.6200,236.6400,1.599900
hold3534,VPWR,li1,368.9200,111.5200,1.599458
hold3533,VPWR,li1,373.5200,106.0800,1.599745
hold3532,VPWR,li1,364.3200,100.6400,1.599579
hold3531,VPWR,li1,387.7800,73.4400,1.599772
hold3530,VPWR,li1,391.0000,57.1200,1.599727
hold3529,VPWR,li1,365.7000,78.8800,1.599797
hold3528,VPWR,li1,367.0800,111.5200,1.599463
hold3527,VPWR,li1,368.4600,95.2000,1.599515
hold3526,VPWR,li1,359.2600,95.2000,1.599562
hold3525,VPWR,li1,367.5400,68.0000,1.599708
hold3524,VPWR,li1,391.9200,46.2400,1.599847
hold3523,VPWR,li1,378.1200,68.0000,1.599695
hold3522,VPWR,li1,339.4800,106.0800,1.599813
hold3521,VPWR,li1,364.7800,193.1200,1.599867
hold3520,VPWR,li1,337.1800,182.2400,1.599893
hold3519,VPWR,li1,378.1200,225.7600,1.599664
hold3518,VPWR,li1,335.8000,182.2400,1.599898
hold3517,VPWR,li1,387.7800,247.5200,1.599591
hold3516,VPWR,li1,353.7400,198.5600,1.599844
hold3515,VPWR,li1,391.0000,231.2000,1.599576
hold3514,VPWR,li1,38.1800,116.9600,1.599671
hold3513,VPWR,li1,42.3200,127.8400,1.599724
hold3512,VPWR,li1,19.3200,111.5200,1.599819
hold3511,VPWR,li1,23.9200,95.2000,1.599908
hold3510,VPWR,li1,42.3200,100.6400,1.599678
hold3509,VPWR,li1,33.5800,89.7600,1.599915
hold3508,VPWR,li1,21.6200,73.4400,1.599943
hold3507,VPWR,li1,17.4800,198.5600,1.599933
hold3506,VPWR,li1,19.7800,193.1200,1.599874
hold3505,VPWR,li1,23.4600,187.6800,1.599911
hold3504,VPWR,li1,12.8800,187.6800,1.599914
hold3503,VPWR,li1,11.9600,198.5600,1.599932
hold3502,VPWR,li1,7.8200,225.7600,1.599916
hold3501,VPWR,li1,88.7800,160.4800,1.599764
hold3500,VPWR,li1,127.4200,165.9200,1.599820
hold3499,VPWR,li1,40.4800,236.6400,1.599827
hold3498,VPWR,li1,101.6600,176.8000,1.599770
hold3497,VPWR,li1,54.2800,220.3200,1.599807
hold3496,VPWR,li1,52.4400,225.7600,1.599835
hold3495,VPWR,li1,93.8400,155.0400,1.599825
hold3494,VPWR,li1,44.1600,242.0800,1.599716
hold3493,VPWR,li1,201.0200,252.9600,1.599597
hold3492,VPWR,li1,203.3200,263.8400,1.599791
hold3491,VPWR,li1,197.3400,252.9600,1.599612
hold3490,VPWR,li1,205.6200,263.8400,1.599785
hold3489,VPWR,li1,202.4000,252.9600,1.599597
hold3488,VPWR,li1,247.9400,263.8400,1.599725
hold3487,VPWR,li1,255.3000,263.8400,1.599718
hold3486,VPWR,li1,101.2000,193.1200,1.599630
hold3485,VPWR,li1,28.0600,258.4000,1.599801
hold3484,VPWR,li1,62.1000,198.5600,1.599851
hold3483,VPWR,li1,84.1800,220.3200,1.599737
hold3482,VPWR,li1,46.4600,242.0800,1.599703
hold3481,VPWR,li1,69.0000,220.3200,1.599769
hold3480,VPWR,li1,39.5600,252.9600,1.599712
hold3479,VPWR,li1,374.4400,204.0000,1.599778
hold3478,VPWR,li1,329.8200,165.9200,1.599867
hold3477,VPWR,li1,379.9600,220.3200,1.599789
hold3476,VPWR,li1,333.0400,176.8000,1.599896
hold3475,VPWR,li1,369.3800,214.8800,1.599715
hold3474,VPWR,li1,370.3000,214.8800,1.599715
hold3473,VPWR,li1,327.0600,165.9200,1.599873
hold3472,VPWR,li1,19.7800,127.8400,1.599827
hold3471,VPWR,li1,25.3000,122.4000,1.599748
hold3470,VPWR,li1,45.0800,133.2800,1.599817
hold3469,VPWR,li1,28.5200,111.5200,1.599763
hold3468,VPWR,li1,61.6400,144.1600,1.599705
hold3467,VPWR,li1,8.7400,89.7600,1.599938
hold3466,VPWR,li1,7.8200,29.9200,1.599944
hold3465,VPWR,li1,37.2600,263.8400,1.599718
hold3464,VPWR,li1,127.8800,176.8000,1.599769
hold3463,VPWR,li1,52.9000,252.9600,1.599636
hold3462,VPWR,li1,81.8800,225.7600,1.599765
hold3461,VPWR,li1,115.4600,187.6800,1.599805
hold3460,VPWR,li1,97.0600,204.0000,1.599715
hold3459,VPWR,li1,65.3200,236.6400,1.599750
hold3458,VPWR,li1,389.6200,160.4800,1.599672
hold3457,VPWR,li1,382.7200,160.4800,1.599674
hold3456,VPWR,li1,374.4400,138.7200,1.599697
hold3455,VPWR,li1,380.4200,176.8000,1.599843
hold3454,VPWR,li1,390.0800,122.4000,1.599617
hold3453,VPWR,li1,391.0000,84.3200,1.599624
hold3452,VPWR,li1,391.0000,73.4400,1.599771
hold3451,VPWR,li1,356.0400,171.3600,1.599843
hold3450,VPWR,li1,381.8000,204.0000,1.599772
hold3449,VPWR,li1,354.2000,176.8000,1.599869
hold3448,VPWR,li1,345.4600,171.3600,1.599864
hold3447,VPWR,li1,335.8000,171.3600,1.599886
hold3446,VPWR,li1,357.8800,193.1200,1.599874
hold3445,VPWR,li1,345.4600,182.2400,1.599879
hold3444,VPWR,li1,380.4200,220.3200,1.599789
hold3443,VPWR,li1,337.6400,171.3600,1.599881
hold3442,VPWR,li1,383.6400,204.0000,1.599770
hold3441,VPWR,li1,354.6600,187.6800,1.599875
hold3440,VPWR,li1,331.6600,165.9200,1.599860
hold3439,VPWR,li1,371.2200,209.4400,1.599813
hold3438,VPWR,li1,390.0800,231.2000,1.599576
hold3437,VPWR,li1,391.4600,106.0800,1.599735
hold3436,VPWR,li1,391.0000,198.5600,1.599792
hold3435,VPWR,li1,372.6000,193.1200,1.599857
hold3434,VPWR,li1,328.9000,165.9200,1.599875
hold3433,VPWR,li1,330.7400,165.9200,1.599867
hold3432,VPWR,li1,388.2400,231.2000,1.599576
hold3431,VPWR,li1,326.6000,155.0400,1.599852
hold3430,VPWR,li1,356.0400,176.8000,1.599866
hold3429,VPWR,li1,355.1200,193.1200,1.599878
hold3428,VPWR,li1,378.5800,214.8800,1.599705
hold3427,VPWR,li1,339.0200,182.2400,1.599889
hold3426,VPWR,li1,345.9200,198.5600,1.599860
hold3425,VPWR,li1,362.0200,204.0000,1.599797
hold3424,VPWR,li1,344.5400,187.6800,1.599890
hold3423,VPWR,li1,69.0000,231.2000,1.599802
hold3422,VPWR,li1,120.0600,204.0000,1.599694
hold3421,VPWR,li1,142.6000,187.6800,1.599826
hold3420,VPWR,li1,69.0000,258.4000,1.599570
hold3419,VPWR,li1,15.6400,263.8400,1.599815
hold3418,VPWR,li1,111.3200,187.6800,1.599803
hold3417,VPWR,li1,8.2800,263.8400,1.599814
hold3416,VPWR,li1,41.4000,116.9600,1.599649
hold3415,VPWR,li1,58.4200,100.6400,1.599603
hold3414,VPWR,li1,34.9600,68.0000,1.599913
hold3413,VPWR,li1,55.6600,78.8800,1.599899
hold3412,VPWR,li1,34.0400,73.4400,1.599915
hold3411,VPWR,li1,20.2400,40.8000,1.599945
hold3410,VPWR,li1,68.5400,106.0800,1.599665
hold3409,VPWR,li1,169.7400,182.2400,1.599863
hold3408,VPWR,li1,153.6400,198.5600,1.599822
hold3407,VPWR,li1,161.4600,182.2400,1.599848
hold3406,VPWR,li1,171.5800,176.8000,1.599838
hold3405,VPWR,li1,53.3600,263.8400,1.599628
hold3404,VPWR,li1,163.7600,176.8000,1.599824
hold3403,VPWR,li1,163.7600,171.3600,1.599849
hold3402,VPWR,li1,148.5800,263.8400,1.599698
hold3401,VPWR,li1,210.2200,252.9600,1.599562
hold3400,VPWR,li1,215.2800,247.5200,1.599536
hold3399,VPWR,li1,238.7400,252.9600,1.599494
hold3398,VPWR,li1,238.7400,247.5200,1.599509
hold3397,VPWR,li1,244.2600,247.5200,1.599510
hold3396,VPWR,li1,275.0800,263.8400,1.599708
hold3395,VPWR,li1,202.4000,247.5200,1.599569
hold3394,VPWR,li1,204.2400,247.5200,1.599563
hold3393,VPWR,li1,217.1200,258.4000,1.599665
hold3392,VPWR,li1,215.7400,258.4000,1.599665
hold3391,VPWR,li1,246.1000,263.8400,1.599727
hold3390,VPWR,li1,247.9400,258.4000,1.599638
hold3389,VPWR,li1,241.9600,252.9600,1.599491
hold3388,VPWR,li1,22.0800,95.2000,1.599915
hold3387,VPWR,li1,13.8000,68.0000,1.599939
hold3386,VPWR,li1,18.8600,57.1200,1.599946
hold3385,VPWR,li1,90.6200,133.2800,1.599721
hold3384,VPWR,li1,30.8200,68.0000,1.599921
hold3383,VPWR,li1,52.4400,100.6400,1.599625
hold3382,VPWR,li1,9.2000,73.4400,1.599941
hold3381,VPWR,li1,371.6800,106.0800,1.599748
hold3380,VPWR,li1,389.1600,78.8800,1.599780
hold3379,VPWR,li1,391.9200,73.4400,1.599771
hold3378,VPWR,li1,339.4800,111.5200,1.599605
hold3377,VPWR,li1,316.4800,138.7200,1.599752
hold3376,VPWR,li1,391.4600,68.0000,1.599691
hold3375,VPWR,li1,320.1600,144.1600,1.599797
hold3374,VPWR,li1,32.6600,40.8000,1.599924
hold3373,VPWR,li1,27.1400,19.0400,1.599912
hold3372,VPWR,li1,58.4200,68.0000,1.599872
hold3371,VPWR,li1,17.4800,13.6000,1.599919
hold3370,VPWR,li1,7.8200,19.0400,1.599926
hold3369,VPWR,li1,66.7000,78.8800,1.599887
hold3368,VPWR,li1,68.5400,84.3200,1.599867
hold3367,VPWR,li1,81.8800,231.2000,1.599777
hold3366,VPWR,li1,134.7800,182.2400,1.599818
hold3365,VPWR,li1,78.2000,236.6400,1.599709
hold3364,VPWR,li1,113.1600,187.6800,1.599803
hold3363,VPWR,li1,81.8800,209.4400,1.599816
hold3362,VPWR,li1,97.5200,187.6800,1.599798
hold3361,VPWR,li1,60.2600,214.8800,1.599804
hold3360,VPWR,li1,87.4000,247.5200,1.599550
hold3359,VPWR,li1,112.2400,225.7600,1.599710
hold3358,VPWR,li1,148.5800,198.5600,1.599814
hold3357,VPWR,li1,91.0800,252.9600,1.599480
hold3356,VPWR,li1,87.8600,247.5200,1.599550
hold3355,VPWR,li1,84.1800,242.0800,1.599514
hold3354,VPWR,li1,108.5600,204.0000,1.599702
hold3353,VPWR,li1,65.3200,111.5200,1.599552
hold3352,VPWR,li1,85.1000,122.4000,1.599382
hold3351,VPWR,li1,8.2800,19.0400,1.599926
hold3350,VPWR,li1,23.9200,40.8000,1.599938
hold3349,VPWR,li1,42.7800,68.0000,1.599901
hold3348,VPWR,li1,19.7800,62.5600,1.599937
hold3347,VPWR,li1,93.8400,138.7200,1.599691
hold3346,VPWR,li1,140.3000,89.7600,1.599841
hold3345,VPWR,li1,65.7800,24.4800,1.599851
hold3344,VPWR,li1,126.0400,62.5600,1.599760
hold3343,VPWR,li1,143.0600,84.3200,1.599873
hold3342,VPWR,li1,69.0000,29.9200,1.599857
hold3341,VPWR,li1,96.1400,51.6800,1.599807
hold3340,VPWR,li1,124.2000,84.3200,1.599858
hold3339,VPWR,li1,16.1000,258.4000,1.599833
hold3338,VPWR,li1,15.1800,236.6400,1.599899
hold3337,VPWR,li1,29.4400,231.2000,1.599906
hold3336,VPWR,li1,51.0600,209.4400,1.599864
hold3335,VPWR,li1,56.1200,198.5600,1.599862
hold3334,VPWR,li1,32.6600,220.3200,1.599873
hold3333,VPWR,li1,17.4800,236.6400,1.599899
hold3332,VPWR,li1,91.5400,198.5600,1.599811
hold3331,VPWR,li1,123.7400,160.4800,1.599809
hold3330,VPWR,li1,71.7600,209.4400,1.599829
hold3329,VPWR,li1,38.6400,236.6400,1.599834
hold3328,VPWR,li1,17.4800,247.5200,1.599852
hold3327,VPWR,li1,94.3000,171.3600,1.599697
hold3326,VPWR,li1,101.6600,155.0400,1.599828
hold3325,VPWR,li1,97.0600,19.0400,1.599766
hold3324,VPWR,li1,146.2800,68.0000,1.599808
hold3323,VPWR,li1,122.8200,40.8000,1.599832
hold3322,VPWR,li1,45.5400,13.6000,1.599855
hold3321,VPWR,li1,178.9400,106.0800,1.599843
hold3320,VPWR,li1,77.2800,24.4800,1.599831
hold3319,VPWR,li1,184.4600,106.0800,1.599834
hold3318,VPWR,li1,139.8400,57.1200,1.599830
hold3317,VPWR,li1,91.0800,24.4800,1.599811
hold3316,VPWR,li1,193.2000,89.7600,1.599851
hold3315,VPWR,li1,187.6800,95.2000,1.599856
hold3314,VPWR,li1,56.1200,13.6000,1.599829
hold3313,VPWR,li1,261.7400,29.9200,1.599835
hold3312,VPWR,li1,265.4200,29.9200,1.599837
hold3311,VPWR,li1,23.4600,204.0000,1.599909
hold3310,VPWR,li1,52.4400,182.2400,1.599879
hold3309,VPWR,li1,69.0000,165.9200,1.599807
hold3308,VPWR,li1,26.6800,214.8800,1.599900
hold3307,VPWR,li1,80.0400,171.3600,1.599681
hold3306,VPWR,li1,50.6000,198.5600,1.599871
hold3305,VPWR,li1,7.8200,242.0800,1.599849
hold3304,VPWR,li1,115.9200,209.4400,1.599799
hold3303,VPWR,li1,89.7000,231.2000,1.599763
hold3302,VPWR,li1,117.7600,209.4400,1.599799
hold3301,VPWR,li1,146.2800,182.2400,1.599829
hold3300,VPWR,li1,120.5200,198.5600,1.599799
hold3299,VPWR,li1,46.4600,247.5200,1.599717
hold3298,VPWR,li1,81.8800,214.8800,1.599759
hold3297,VPWR,li1,135.7000,95.2000,1.599785
hold3296,VPWR,li1,126.0400,84.3200,1.599859
hold3295,VPWR,li1,132.9400,95.2000,1.599780
hold3294,VPWR,li1,63.4800,29.9200,1.599867
hold3293,VPWR,li1,51.5200,13.6000,1.599840
hold3292,VPWR,li1,45.5400,29.9200,1.599898
hold3291,VPWR,li1,65.3200,29.9200,1.599862
hold3290,VPWR,li1,92.4600,258.4000,1.599505
hold3289,VPWR,li1,88.3200,258.4000,1.599513
hold3288,VPWR,li1,81.8800,252.9600,1.599504
hold3287,VPWR,li1,74.9800,263.8400,1.599574
hold3286,VPWR,li1,73.1400,258.4000,1.599555
hold3285,VPWR,li1,156.8600,171.3600,1.599831
hold3284,VPWR,li1,155.9400,171.3600,1.599825
hold3283,VPWR,li1,94.7600,40.8000,1.599844
hold3282,VPWR,li1,146.2800,78.8800,1.599867
hold3281,VPWR,li1,121.4400,57.1200,1.599828
hold3280,VPWR,li1,142.6000,84.3200,1.599873
hold3279,VPWR,li1,140.7600,84.3200,1.599870
hold3278,VPWR,li1,141.2200,84.3200,1.599870
hold3277,VPWR,li1,124.6600,78.8800,1.599858
hold3276,VPWR,li1,43.2400,111.5200,1.599667
hold3275,VPWR,li1,7.8200,95.2000,1.599911
hold3274,VPWR,li1,20.2400,116.9600,1.599804
hold3273,VPWR,li1,30.3600,106.0800,1.599792
hold3272,VPWR,li1,8.7400,84.3200,1.599941
hold3271,VPWR,li1,21.6200,89.7600,1.599940
hold3270,VPWR,li1,91.0800,133.2800,1.599721
hold3269,VPWR,li1,8.2800,62.5600,1.599935
hold3268,VPWR,li1,23.0000,100.6400,1.599811
hold3267,VPWR,li1,37.7200,100.6400,1.599713
hold3266,VPWR,li1,19.7800,68.0000,1.599940
hold3265,VPWR,li1,33.5800,89.7600,1.599915
hold3264,VPWR,li1,22.0800,40.8000,1.599942
hold3263,VPWR,li1,87.8600,144.1600,1.599689
hold3262,VPWR,li1,122.8200,46.2400,1.599689
hold3261,VPWR,li1,72.2200,19.0400,1.599806
hold3260,VPWR,li1,176.6400,95.2000,1.599879
hold3259,VPWR,li1,155.4800,84.3200,1.599888
hold3258,VPWR,li1,55.6600,19.0400,1.599842
hold3257,VPWR,li1,170.6600,106.0800,1.599822
hold3256,VPWR,li1,115.0000,57.1200,1.599829
hold3255,VPWR,li1,82.3400,35.3600,1.599847
hold3254,VPWR,li1,80.5000,35.3600,1.599850
hold3253,VPWR,li1,110.4000,46.2400,1.599682
hold3252,VPWR,li1,37.2600,19.0400,1.599884
hold3251,VPWR,li1,155.4800,100.6400,1.599744
hold3250,VPWR,li1,26.2200,13.6000,1.599910
hold3249,VPWR,li1,39.5600,24.4800,1.599900
hold3248,VPWR,li1,134.7800,187.6800,1.599818
hold3247,VPWR,li1,45.5400,258.4000,1.599685
hold3246,VPWR,li1,79.5800,231.2000,1.599781
hold3245,VPWR,li1,134.7800,198.5600,1.599803
hold3244,VPWR,li1,120.5200,193.1200,1.599660
hold3243,VPWR,li1,66.7000,242.0800,1.599596
hold3242,VPWR,li1,60.7200,204.0000,1.599789
hold3241,VPWR,li1,94.3000,149.6000,1.599805
hold3240,VPWR,li1,106.7200,160.4800,1.599786
hold3239,VPWR,li1,89.7000,187.6800,1.599797
hold3238,VPWR,li1,28.5200,242.0800,1.599809
hold3237,VPWR,li1,47.8400,220.3200,1.599822
hold3236,VPWR,li1,26.6800,242.0800,1.599827
hold3235,VPWR,li1,84.1800,176.8000,1.599789
hold3234,VPWR,li1,93.3800,263.8400,1.599568
hold3233,VPWR,li1,94.7600,252.9600,1.599469
hold3232,VPWR,li1,146.2800,198.5600,1.599811
hold3231,VPWR,li1,131.1000,209.4400,1.599800
hold3230,VPWR,li1,157.7800,176.8000,1.599813
hold3229,VPWR,li1,129.2600,198.5600,1.599801
hold3228,VPWR,li1,92.4600,231.2000,1.599759
hold3227,VPWR,li1,20.7000,116.9600,1.599804
hold3226,VPWR,li1,7.8200,138.7200,1.599884
hold3225,VPWR,li1,23.0000,122.4000,1.599768
hold3224,VPWR,li1,8.2800,127.8400,1.599827
hold3223,VPWR,li1,11.0400,187.6800,1.599914
hold3222,VPWR,li1,10.1200,89.7600,1.599938
hold3221,VPWR,li1,84.6400,144.1600,1.599682
hold3220,VPWR,li1,109.9400,225.7600,1.599713
hold3219,VPWR,li1,84.6400,242.0800,1.599514
hold3218,VPWR,li1,107.6400,220.3200,1.599710
hold3217,VPWR,li1,133.4000,182.2400,1.599818
hold3216,VPWR,li1,142.1400,165.9200,1.599838
hold3215,VPWR,li1,27.1400,252.9600,1.599795
hold3214,VPWR,li1,81.4200,225.7600,1.599765
hold3213,VPWR,li1,183.5400,95.2000,1.599864
hold3212,VPWR,li1,105.8000,13.6000,1.599755
hold3211,VPWR,li1,101.6600,24.4800,1.599797
hold3210,VPWR,li1,133.4000,13.6000,1.599758
hold3209,VPWR,li1,195.0400,89.7600,1.599846
hold3208,VPWR,li1,195.9600,95.2000,1.599845
hold3207,VPWR,li1,212.9800,78.8800,1.599797
hold3206,VPWR,li1,179.4000,89.7600,1.599876
hold3205,VPWR,li1,188.1400,95.2000,1.599856
hold3204,VPWR,li1,84.6400,13.6000,1.599778
hold3203,VPWR,li1,202.8600,89.7600,1.599832
hold3202,VPWR,li1,188.1400,100.6400,1.599826
hold3201,VPWR,li1,207.9200,84.3200,1.599865
hold3200,VPWR,li1,200.1000,95.2000,1.599839
hold3199,VPWR,li1,136.6200,95.2000,1.599787
hold3198,VPWR,li1,134.7800,95.2000,1.599785
hold3197,VPWR,li1,75.9000,46.2400,1.599681
hold3196,VPWR,li1,30.3600,19.0400,1.599902
hold3195,VPWR,li1,110.4000,68.0000,1.599807
hold3194,VPWR,li1,41.4000,24.4800,1.599896
hold3193,VPWR,li1,110.8600,78.8800,1.599858
hold3192,VPWR,li1,245.6400,19.0400,1.599730
hold3191,VPWR,li1,247.4800,19.0400,1.599732
hold3190,VPWR,li1,257.1400,19.0400,1.599742
hold3189,VPWR,li1,258.0600,13.6000,1.599784
hold3188,VPWR,li1,212.5200,73.4400,1.599859
hold3187,VPWR,li1,205.1600,84.3200,1.599869
hold3186,VPWR,li1,197.8000,95.2000,1.599842
hold3185,VPWR,li1,122.8200,62.5600,1.599764
hold3184,VPWR,li1,138.9200,84.3200,1.599868
hold3183,VPWR,li1,133.4000,78.8800,1.599861
hold3182,VPWR,li1,43.2400,19.0400,1.599869
hold3181,VPWR,li1,153.6400,106.0800,1.599742
hold3180,VPWR,li1,114.5400,78.8800,1.599857
hold3179,VPWR,li1,97.9800,57.1200,1.599839
hold3178,VPWR,li1,391.9200,209.4400,1.599801
hold3177,VPWR,li1,369.3800,182.2400,1.599836
hold3176,VPWR,li1,391.0000,209.4400,1.599801
hold3175,VPWR,li1,391.0000,214.8800,1.599699
hold3174,VPWR,li1,391.9200,231.2000,1.599576
hold3173,VPWR,li1,391.0000,225.7600,1.599657
hold3172,VPWR,li1,324.3000,149.6000,1.599870
hold3171,VPWR,li1,161.4600,13.6000,1.599793
hold3170,VPWR,li1,124.2000,13.6000,1.599754
hold3169,VPWR,li1,199.6400,78.8800,1.599830
hold3168,VPWR,li1,113.6200,19.0400,1.599747
hold3167,VPWR,li1,274.1600,19.0400,1.599765
hold3166,VPWR,li1,270.9400,13.6000,1.599795
hold3165,VPWR,li1,201.0200,89.7600,1.599835
hold3164,VPWR,li1,10.1200,198.5600,1.599932
hold3163,VPWR,li1,8.2800,209.4400,1.599932
hold3162,VPWR,li1,7.8200,236.6400,1.599898
hold3161,VPWR,li1,30.8200,214.8800,1.599885
hold3160,VPWR,li1,35.4200,209.4400,1.599898
hold3159,VPWR,li1,76.8200,149.6000,1.599795
hold3158,VPWR,li1,7.8200,46.2400,1.599851
hold3157,VPWR,li1,32.6600,214.8800,1.599879
hold3156,VPWR,li1,45.5400,193.1200,1.599756
hold3155,VPWR,li1,7.8200,214.8800,1.599913
hold3154,VPWR,li1,59.3400,155.0400,1.599830
hold3153,VPWR,li1,74.9800,155.0400,1.599824
hold3152,VPWR,li1,69.4600,127.8400,1.599621
hold3151,VPWR,li1,67.1600,127.8400,1.599627
hold3150,VPWR,li1,35.8800,209.4400,1.599898
hold3149,VPWR,li1,71.3000,176.8000,1.599807
hold3148,VPWR,li1,53.3600,193.1200,1.599718
hold3147,VPWR,li1,48.7600,198.5600,1.599874
hold3146,VPWR,li1,29.9000,220.3200,1.599880
hold3145,VPWR,li1,44.1600,204.0000,1.599841
hold3144,VPWR,li1,78.2000,171.3600,1.599679
hold3143,VPWR,li1,21.6200,78.8800,1.599952
hold3142,VPWR,li1,26.6800,89.7600,1.599929
hold3141,VPWR,li1,17.4800,78.8800,1.599951
hold3140,VPWR,li1,58.4200,111.5200,1.599578
hold3139,VPWR,li1,15.6400,46.2400,1.599853
hold3138,VPWR,li1,23.4600,68.0000,1.599936
hold3137,VPWR,li1,87.8600,122.4000,1.599377
hold3136,VPWR,li1,25.3000,29.9200,1.599940
hold3135,VPWR,li1,49.2200,57.1200,1.599894
hold3134,VPWR,li1,26.6800,40.8000,1.599933
hold3133,VPWR,li1,58.4200,73.4400,1.599876
hold3132,VPWR,li1,72.2200,89.7600,1.599861
hold3131,VPWR,li1,87.4000,106.0800,1.599639
hold3130,VPWR,li1,48.3000,68.0000,1.599889
hold3129,VPWR,li1,301.3000,144.1600,1.599787
g_row\[0\].g_col\[0\].pe/hold3128,VPWR,li1,27.6000,155.0400,1.599877
g_row\[1\].g_col\[1\].pe/hold3127,VPWR,li1,228.6200,127.8400,1.599757
g_row\[0\].g_col\[0\].pe/hold3126,VPWR,li1,124.6600,182.2400,1.599816
g_row\[1\].g_col\[1\].pe/hold3125,VPWR,li1,300.3800,116.9600,1.599717
g_row\[1\].g_col\[1\].pe/hold3124,VPWR,li1,343.6200,84.3200,1.599748
g_row\[0\].g_col\[1\].pe/hold3123,VPWR,li1,187.2200,73.4400,1.599887
g_row\[0\].g_col\[0\].pe/hold3122,VPWR,li1,79.1200,214.8800,1.599764
g_row\[0\].g_col\[1\].pe/hold3121,VPWR,li1,51.9800,29.9200,1.599884
g_row\[1\].g_col\[1\].pe/hold3120,VPWR,li1,188.6000,68.0000,1.599784
g_row\[1\].g_col\[1\].pe/hold3119,VPWR,li1,191.3600,78.8800,1.599849
hold3118,VPWR,li1,69.0000,155.0400,1.599825
g_row\[1\].g_col\[0\].pe/hold3117,VPWR,li1,391.9200,263.8400,1.599715
g_row\[1\].g_col\[1\].pe/hold3116,VPWR,li1,266.3400,35.3600,1.599818
hold3115,VPWR,li1,172.0400,40.8000,1.599867
hold3114,VPWR,li1,135.7000,24.4800,1.599773
g_row\[0\].g_col\[0\].pe/hold3113,VPWR,li1,132.9400,209.4400,1.599801
g_row\[0\].g_col\[0\].pe/hold3112,VPWR,li1,108.1000,187.6800,1.599801
g_row\[0\].g_col\[1\].pe/hold3111,VPWR,li1,130.6400,138.7200,1.599710
g_row\[0\].g_col\[1\].pe/hold3110,VPWR,li1,156.8600,51.6800,1.599807
g_row\[0\].g_col\[1\].pe/hold3109,VPWR,li1,27.6000,29.9200,1.599934
g_row\[0\].g_col\[1\].pe/hold3108,VPWR,li1,97.9800,46.2400,1.599679
g_row\[1\].g_col\[0\].pe/hold3107,VPWR,li1,390.0800,252.9600,1.599524
hold3106,VPWR,li1,164.2200,209.4400,1.599827
g_row\[1\].g_col\[1\].pe/hold3105,VPWR,li1,226.3200,19.0400,1.599714
g_row\[1\].g_col\[0\].pe/hold3104,VPWR,li1,215.7400,187.6800,1.599823
g_row\[1\].g_col\[1\].pe/hold3103,VPWR,li1,231.3800,24.4800,1.599735
g_row\[1\].g_col\[1\].pe/hold3102,VPWR,li1,247.4800,40.8000,1.599735
g_row\[1\].g_col\[1\].pe/hold3101,VPWR,li1,233.6800,51.6800,1.599727
hold3100,VPWR,li1,174.8000,209.4400,1.599842
g_row\[1\].g_col\[0\].pe/hold3099,VPWR,li1,196.8800,176.8000,1.599763
g_row\[1\].g_col\[0\].pe/hold3098,VPWR,li1,192.7400,171.3600,1.599857
g_row\[1\].g_col\[1\].pe/hold3097,VPWR,li1,201.4800,127.8400,1.599772
g_row\[1\].g_col\[1\].pe/hold3096,VPWR,li1,201.0200,116.9600,1.599619
g_row\[1\].g_col\[0\].pe/hold3095,VPWR,li1,217.1200,182.2400,1.599818
g_row\[1\].g_col\[0\].pe/hold3094,VPWR,li1,230.4600,193.1200,1.599789
g_row\[1\].g_col\[1\].pe/hold3093,VPWR,li1,341.7800,78.8800,1.599842
g_row\[1\].g_col\[1\].pe/hold3092,VPWR,li1,238.7400,51.6800,1.599732
g_row\[1\].g_col\[1\].pe/hold3091,VPWR,li1,242.8800,51.6800,1.599739
g_row\[1\].g_col\[0\].pe/hold3090,VPWR,li1,254.8400,214.8800,1.599660
g_row\[1\].g_col\[1\].pe/hold3089,VPWR,li1,246.1000,29.9200,1.599829
g_row\[1\].g_col\[1\].pe/hold3088,VPWR,li1,251.6200,35.3600,1.599799
g_row\[0\].g_col\[0\].pe/hold3087,VPWR,li1,84.1800,236.6400,1.599697
g_row\[1\].g_col\[0\].pe/hold3086,VPWR,li1,225.8600,187.6800,1.599825
hold3085,VPWR,li1,176.6400,209.4400,1.599845
g_row\[0\].g_col\[0\].pe/hold3084,VPWR,li1,56.1200,182.2400,1.599872
g_row\[0\].g_col\[1\].pe/hold3083,VPWR,li1,118.2200,127.8400,1.599596
g_row\[1\].g_col\[0\].pe/hold3082,VPWR,li1,234.1400,225.7600,1.599559
g_row\[1\].g_col\[0\].pe/hold3081,VPWR,li1,215.2800,182.2400,1.599817
g_row\[0\].g_col\[0\].pe/hold3080,VPWR,li1,54.2800,182.2400,1.599875
g_row\[1\].g_col\[0\].pe/hold3079,VPWR,li1,248.8600,198.5600,1.599777
g_row\[1\].g_col\[0\].pe/hold3078,VPWR,li1,251.6200,225.7600,1.599536
g_row\[0\].g_col\[0\].pe/hold3077,VPWR,li1,150.4200,231.2000,1.599740
g_row\[1\].g_col\[1\].pe/hold3076,VPWR,li1,219.8800,62.5600,1.599692
g_row\[1\].g_col\[1\].pe/hold3075,VPWR,li1,226.7800,57.1200,1.599759
g_row\[1\].g_col\[1\].pe/hold3074,VPWR,li1,255.7600,46.2400,1.599776
g_row\[0\].g_col\[1\].pe/hold3073,VPWR,li1,153.1800,51.6800,1.599803
g_row\[1\].g_col\[1\].pe/hold3072,VPWR,li1,258.0600,40.8000,1.599754
g_row\[1\].g_col\[1\].pe/hold3071,VPWR,li1,247.4800,57.1200,1.599765
g_row\[1\].g_col\[0\].pe/hold3070,VPWR,li1,242.8800,198.5600,1.599772
g_row\[1\].g_col\[1\].pe/hold3069,VPWR,li1,247.9400,40.8000,1.599735
g_row\[0\].g_col\[0\].pe/hold3068,VPWR,li1,28.5200,231.2000,1.599906
g_row\[0\].g_col\[0\].pe/hold3067,VPWR,li1,65.7800,171.3600,1.599670
g_row\[0\].g_col\[0\].pe/hold3066,VPWR,li1,39.5600,225.7600,1.599870
g_row\[1\].g_col\[1\].pe/hold3065,VPWR,li1,264.5000,35.3600,1.599813
g_row\[0\].g_col\[0\].pe/hold3064,VPWR,li1,153.6400,225.7600,1.599709
g_row\[1\].g_col\[1\].pe/hold3063,VPWR,li1,227.7000,111.5200,1.599542
g_row\[1\].g_col\[1\].pe/hold3062,VPWR,li1,229.5400,111.5200,1.599537
g_row\[1\].g_col\[0\].pe/hold3061,VPWR,li1,198.2600,231.2000,1.599727
hold3060,VPWR,li1,174.8000,193.1200,1.599827
g_row\[1\].g_col\[1\].pe/hold3059,VPWR,li1,197.8000,40.8000,1.599797
g_row\[1\].g_col\[1\].pe/hold3058,VPWR,li1,200.1000,35.3600,1.599791
hold3057,VPWR,li1,157.3200,40.8000,1.599847
g_row\[0\].g_col\[0\].pe/hold3056,VPWR,li1,104.8800,198.5600,1.599801
g_row\[0\].g_col\[0\].pe/hold3055,VPWR,li1,89.2400,193.1200,1.599615
g_row\[0\].g_col\[1\].pe/hold3054,VPWR,li1,144.4400,46.2400,1.599714
g_row\[0\].g_col\[0\].pe/hold3053,VPWR,li1,166.0600,209.4400,1.599831
g_row\[0\].g_col\[0\].pe/hold3052,VPWR,li1,167.9000,225.7600,1.599734
g_row\[0\].g_col\[0\].pe/hold3051,VPWR,li1,140.7600,236.6400,1.599653
g_row\[0\].g_col\[1\].pe/hold3050,VPWR,li1,181.7000,73.4400,1.599893
g_row\[0\].g_col\[1\].pe/hold3049,VPWR,li1,166.0600,78.8800,1.599886
g_row\[1\].g_col\[0\].pe/hold3048,VPWR,li1,237.3600,225.7600,1.599556
g_row\[1\].g_col\[0\].pe/hold3047,VPWR,li1,235.9800,225.7600,1.599556
g_row\[1\].g_col\[0\].pe/hold3046,VPWR,li1,235.5200,231.2000,1.599661
g_row\[1\].g_col\[1\].pe/hold3045,VPWR,li1,226.7800,46.2400,1.599761
g_row\[0\].g_col\[0\].pe/hold3044,VPWR,li1,140.3000,204.0000,1.599692
g_row\[0\].g_col\[0\].pe/hold3043,VPWR,li1,120.5200,225.7600,1.599704
g_row\[0\].g_col\[0\].pe/hold3042,VPWR,li1,159.1600,231.2000,1.599762
g_row\[0\].g_col\[0\].pe/hold3041,VPWR,li1,108.5600,252.9600,1.599447
g_row\[0\].g_col\[0\].pe/hold3040,VPWR,li1,200.5600,242.0800,1.599535
g_row\[0\].g_col\[0\].pe/hold3039,VPWR,li1,190.4400,242.0800,1.599578
g_row\[0\].g_col\[0\].pe/hold3038,VPWR,li1,184.9200,242.0800,1.599616
g_row\[1\].g_col\[0\].pe/hold3037,VPWR,li1,232.3000,242.0800,1.599420
g_row\[1\].g_col\[0\].pe/hold3036,VPWR,li1,225.8600,242.0800,1.599437
hold3035,VPWR,li1,201.4800,242.0800,1.599524
g_row\[0\].g_col\[0\].pe/hold3034,VPWR,li1,178.9400,187.6800,1.599870
g_row\[0\].g_col\[0\].pe/hold3033,VPWR,li1,159.1600,209.4400,1.599822
g_row\[0\].g_col\[0\].pe/hold3032,VPWR,li1,149.5000,242.0800,1.599492
g_row\[1\].g_col\[0\].pe/hold3031,VPWR,li1,230.4600,242.0800,1.599427
g_row\[1\].g_col\[0\].pe/hold3030,VPWR,li1,239.2000,225.7600,1.599552
hold3029,VPWR,li1,208.3800,242.0800,1.599494
g_row\[1\].g_col\[1\].pe/hold3028,VPWR,li1,221.7200,24.4800,1.599726
g_row\[1\].g_col\[1\].pe/hold3027,VPWR,li1,210.2200,24.4800,1.599725
hold3026,VPWR,li1,165.6000,35.3600,1.599835
g_row\[1\].g_col\[0\].pe/hold3025,VPWR,li1,235.9800,214.8800,1.599628
g_row\[1\].g_col\[0\].pe/hold3024,VPWR,li1,210.2200,236.6400,1.599510
hold3023,VPWR,li1,187.2200,231.2000,1.599760
g_row\[1\].g_col\[1\].pe/hold3022,VPWR,li1,246.5600,46.2400,1.599767
g_row\[1\].g_col\[1\].pe/hold3021,VPWR,li1,249.3200,40.8000,1.599738
g_row\[1\].g_col\[1\].pe/hold3020,VPWR,li1,261.7400,29.9200,1.599835
g_row\[1\].g_col\[1\].pe/hold3019,VPWR,li1,234.6000,24.4800,1.599738
hold3018,VPWR,li1,197.8000,29.9200,1.599840
g_row\[1\].g_col\[0\].pe/hold3017,VPWR,li1,284.7400,236.6400,1.599477
g_row\[1\].g_col\[0\].pe/hold3016,VPWR,li1,282.9000,236.6400,1.599472
g_row\[0\].g_col\[0\].pe/hold3015,VPWR,li1,133.4000,225.7600,1.599702
g_row\[0\].g_col\[0\].pe/hold3014,VPWR,li1,132.0200,220.3200,1.599717
g_row\[1\].g_col\[0\].pe/hold3013,VPWR,li1,252.5400,209.4400,1.599732
g_row\[1\].g_col\[0\].pe/hold3012,VPWR,li1,249.3200,214.8800,1.599649
g_row\[1\].g_col\[0\].pe/hold3011,VPWR,li1,253.4600,209.4400,1.599735
g_row\[1\].g_col\[0\].pe/hold3010,VPWR,li1,227.7000,242.0800,1.599432
g_row\[1\].g_col\[0\].pe/hold3009,VPWR,li1,196.4200,231.2000,1.599731
hold3008,VPWR,li1,184.9200,236.6400,1.599660
g_row\[1\].g_col\[1\].pe/hold3007,VPWR,li1,268.6400,133.2800,1.599748
g_row\[0\].g_col\[1\].pe/hold3006,VPWR,li1,157.7800,68.0000,1.599815
g_row\[0\].g_col\[1\].pe/hold3005,VPWR,li1,158.7000,73.4400,1.599868
g_row\[1\].g_col\[0\].pe/hold3004,VPWR,li1,187.2200,171.3600,1.599864
hold3003,VPWR,li1,190.4400,187.6800,1.599836
g_row\[1\].g_col\[0\].pe/hold3002,VPWR,li1,235.5200,209.4400,1.599708
g_row\[1\].g_col\[0\].pe/hold3001,VPWR,li1,211.6000,214.8800,1.599633
hold3000,VPWR,li1,185.3800,214.8800,1.599750
g_row\[0\].g_col\[1\].pe/hold2999,VPWR,li1,117.3000,35.3600,1.599821
g_row\[0\].g_col\[1\].pe/hold2998,VPWR,li1,63.0200,13.6000,1.599813
g_row\[1\].g_col\[0\].pe/hold2997,VPWR,li1,241.9600,209.4400,1.599718
g_row\[1\].g_col\[0\].pe/hold2996,VPWR,li1,225.4000,225.7600,1.599575
g_row\[0\].g_col\[1\].pe/hold2995,VPWR,li1,140.3000,57.1200,1.599830
g_row\[0\].g_col\[1\].pe/hold2994,VPWR,li1,136.1600,57.1200,1.599829
g_row\[0\].g_col\[1\].pe/hold2993,VPWR,li1,119.1400,51.6800,1.599796
g_row\[1\].g_col\[1\].pe/hold2992,VPWR,li1,210.6800,29.9200,1.599828
g_row\[1\].g_col\[1\].pe/hold2991,VPWR,li1,207.0000,19.0400,1.599719
hold2990,VPWR,li1,166.0600,35.3600,1.599837
g_row\[0\].g_col\[1\].pe/hold2989,VPWR,li1,154.1000,40.8000,1.599845
g_row\[0\].g_col\[1\].pe/hold2988,VPWR,li1,172.0400,78.8800,1.599893
g_row\[0\].g_col\[1\].pe/hold2987,VPWR,li1,92.4600,29.9200,1.599826
g_row\[1\].g_col\[0\].pe/hold2986,VPWR,li1,200.5600,231.2000,1.599722
g_row\[1\].g_col\[0\].pe/hold2985,VPWR,li1,212.9800,231.2000,1.599695
hold2984,VPWR,li1,210.2200,231.2000,1.599700
g_row\[0\].g_col\[0\].pe/hold2983,VPWR,li1,192.2800,242.0800,1.599568
g_row\[0\].g_col\[0\].pe/hold2982,VPWR,li1,188.6000,242.0800,1.599588
g_row\[0\].g_col\[0\].pe/hold2981,VPWR,li1,177.1000,231.2000,1.599801
g_row\[1\].g_col\[1\].pe/hold2980,VPWR,li1,209.7600,51.6800,1.599738
g_row\[1\].g_col\[1\].pe/hold2979,VPWR,li1,202.8600,46.2400,1.599774
hold2978,VPWR,li1,176.1800,51.6800,1.599833
g_row\[0\].g_col\[0\].pe/hold2977,VPWR,li1,172.0400,236.6400,1.599734
g_row\[0\].g_col\[0\].pe/hold2976,VPWR,li1,168.3600,236.6400,1.599722
g_row\[0\].g_col\[0\].pe/hold2975,VPWR,li1,145.3600,247.5200,1.599536
g_row\[1\].g_col\[0\].pe/hold2974,VPWR,li1,339.4800,160.4800,1.599812
g_row\[1\].g_col\[0\].pe/hold2973,VPWR,li1,369.8400,160.4800,1.599703
g_row\[0\].g_col\[1\].pe/hold2972,VPWR,li1,124.2000,29.9200,1.599805
g_row\[0\].g_col\[1\].pe/hold2971,VPWR,li1,175.7200,78.8800,1.599897
g_row\[0\].g_col\[1\].pe/hold2970,VPWR,li1,133.4000,57.1200,1.599828
g_row\[0\].g_col\[1\].pe/hold2969,VPWR,li1,146.2800,29.9200,1.599811
g_row\[0\].g_col\[1\].pe/hold2968,VPWR,li1,133.4000,29.9200,1.599804
g_row\[0\].g_col\[1\].pe/hold2967,VPWR,li1,96.1400,29.9200,1.599823
g_row\[1\].g_col\[0\].pe/hold2966,VPWR,li1,352.8200,160.4800,1.599761
g_row\[1\].g_col\[0\].pe/hold2965,VPWR,li1,379.5000,176.8000,1.599845
g_row\[0\].g_col\[0\].pe/hold2964,VPWR,li1,170.2000,236.6400,1.599728
g_row\[0\].g_col\[0\].pe/hold2963,VPWR,li1,174.3400,242.0800,1.599672
g_row\[0\].g_col\[0\].pe/hold2962,VPWR,li1,132.9400,225.7600,1.599702
g_row\[0\].g_col\[0\].pe/hold2961,VPWR,li1,131.5600,225.7600,1.599702
g_row\[1\].g_col\[0\].pe/hold2960,VPWR,li1,391.4600,160.4800,1.599672
g_row\[1\].g_col\[0\].pe/hold2959,VPWR,li1,365.2400,182.2400,1.599842
g_row\[1\].g_col\[0\].pe/hold2958,VPWR,li1,347.7600,160.4800,1.599784
g_row\[1\].g_col\[0\].pe/hold2957,VPWR,li1,372.1400,171.3600,1.599822
g_row\[0\].g_col\[0\].pe/hold2956,VPWR,li1,124.2000,225.7600,1.599702
g_row\[0\].g_col\[0\].pe/hold2955,VPWR,li1,133.4000,214.8800,1.599716
g_row\[0\].g_col\[1\].pe/hold2954,VPWR,li1,36.8000,35.3600,1.599916
g_row\[0\].g_col\[1\].pe/hold2953,VPWR,li1,22.5400,19.0400,1.599928
g_row\[0\].g_col\[1\].pe/hold2952,VPWR,li1,38.1800,35.3600,1.599911
g_row\[0\].g_col\[0\].pe/hold2951,VPWR,li1,40.4800,193.1200,1.599786
g_row\[0\].g_col\[0\].pe/hold2950,VPWR,li1,41.8600,193.1200,1.599775
g_row\[0\].g_col\[0\].pe/hold2949,VPWR,li1,73.1400,176.8000,1.599802
g_row\[1\].g_col\[0\].pe/hold2948,VPWR,li1,326.1400,144.1600,1.599802
g_row\[1\].g_col\[0\].pe/hold2947,VPWR,li1,330.2800,144.1600,1.599808
g_row\[1\].g_col\[0\].pe/hold2946,VPWR,li1,340.4000,122.4000,1.599699
g_row\[0\].g_col\[0\].pe/hold2945,VPWR,li1,174.8000,225.7600,1.599762
g_row\[0\].g_col\[0\].pe/hold2944,VPWR,li1,167.9000,198.5600,1.599846
g_row\[0\].g_col\[0\].pe/hold2943,VPWR,li1,163.3000,225.7600,1.599722
g_row\[0\].g_col\[0\].pe/hold2942,VPWR,li1,174.3400,263.8400,1.599818
g_row\[0\].g_col\[1\].pe/hold2941,VPWR,li1,169.7400,68.0000,1.599828
g_row\[0\].g_col\[1\].pe/hold2940,VPWR,li1,190.4400,68.0000,1.599779
g_row\[0\].g_col\[0\].pe/hold2939,VPWR,li1,120.0600,171.3600,1.599739
g_row\[0\].g_col\[0\].pe/hold2938,VPWR,li1,120.9800,171.3600,1.599739
g_row\[0\].g_col\[0\].pe/hold2937,VPWR,li1,34.0400,193.1200,1.599815
g_row\[0\].g_col\[0\].pe/hold2936,VPWR,li1,29.9000,204.0000,1.599885
g_row\[0\].g_col\[0\].pe/hold2935,VPWR,li1,77.7400,171.3600,1.599677
g_row\[0\].g_col\[0\].pe/hold2934,VPWR,li1,55.2000,193.1200,1.599710
g_row\[1\].g_col\[1\].pe/hold2933,VPWR,li1,212.5200,68.0000,1.599760
g_row\[1\].g_col\[1\].pe/hold2932,VPWR,li1,210.6800,73.4400,1.599861
g_row\[1\].g_col\[0\].pe/hold2931,VPWR,li1,199.1800,165.9200,1.599824
g_row\[1\].g_col\[0\].pe/hold2930,VPWR,li1,194.1200,144.1600,1.599855
g_row\[1\].g_col\[0\].pe/hold2929,VPWR,li1,203.7800,176.8000,1.599738
g_row\[1\].g_col\[0\].pe/hold2928,VPWR,li1,197.3400,165.9200,1.599828
g_row\[1\].g_col\[0\].pe/hold2927,VPWR,li1,202.8600,149.6000,1.599867
g_row\[1\].g_col\[0\].pe/hold2926,VPWR,li1,326.6000,133.2800,1.599786
g_row\[1\].g_col\[0\].pe/hold2925,VPWR,li1,350.9800,144.1600,1.599674
g_row\[0\].g_col\[0\].pe/hold2924,VPWR,li1,37.7200,187.6800,1.599867
g_row\[0\].g_col\[0\].pe/hold2923,VPWR,li1,23.9200,198.5600,1.599928
g_row\[0\].g_col\[0\].pe/hold2922,VPWR,li1,47.8400,204.0000,1.599828
g_row\[0\].g_col\[0\].pe/hold2921,VPWR,li1,78.2000,176.8000,1.599795
g_row\[0\].g_col\[0\].pe/hold2920,VPWR,li1,10.1200,198.5600,1.599932
g_row\[1\].g_col\[0\].pe/hold2919,VPWR,li1,354.6600,160.4800,1.599753
g_row\[1\].g_col\[0\].pe/hold2918,VPWR,li1,350.5200,165.9200,1.599790
g_row\[1\].g_col\[0\].pe/hold2917,VPWR,li1,323.3800,138.7200,1.599780
g_row\[1\].g_col\[0\].pe/hold2916,VPWR,li1,324.3000,133.2800,1.599783
g_row\[1\].g_col\[0\].pe/hold2915,VPWR,li1,324.7600,133.2800,1.599783
g_row\[1\].g_col\[0\].pe/hold2914,VPWR,li1,350.0600,144.1600,1.599685
g_row\[1\].g_col\[0\].pe/hold2913,VPWR,li1,367.5400,155.0400,1.599713
g_row\[0\].g_col\[0\].pe/hold2912,VPWR,li1,68.5400,160.4800,1.599751
g_row\[0\].g_col\[0\].pe/hold2911,VPWR,li1,39.1000,182.2400,1.599908
g_row\[0\].g_col\[0\].pe/hold2910,VPWR,li1,9.2000,160.4800,1.599866
g_row\[0\].g_col\[1\].pe/hold2909,VPWR,li1,174.3400,51.6800,1.599830
g_row\[0\].g_col\[1\].pe/hold2908,VPWR,li1,177.5600,46.2400,1.599806
g_row\[0\].g_col\[1\].pe/hold2907,VPWR,li1,159.1600,40.8000,1.599850
g_row\[0\].g_col\[1\].pe/hold2906,VPWR,li1,135.2400,29.9200,1.599804
g_row\[0\].g_col\[0\].pe/hold2905,VPWR,li1,46.4600,182.2400,1.599892
g_row\[0\].g_col\[0\].pe/hold2904,VPWR,li1,22.5400,160.4800,1.599871
g_row\[1\].g_col\[0\].pe/hold2903,VPWR,li1,363.4000,171.3600,1.599831
g_row\[1\].g_col\[0\].pe/hold2902,VPWR,li1,370.3000,176.8000,1.599851
g_row\[1\].g_col\[0\].pe/hold2901,VPWR,li1,371.6800,149.6000,1.599801
g_row\[1\].g_col\[0\].pe/hold2900,VPWR,li1,365.2400,149.6000,1.599807
g_row\[1\].g_col\[0\].pe/hold2899,VPWR,li1,373.5200,149.6000,1.599799
g_row\[0\].g_col\[0\].pe/hold2898,VPWR,li1,21.6200,198.5600,1.599935
g_row\[0\].g_col\[0\].pe/hold2897,VPWR,li1,23.9200,204.0000,1.599909
g_row\[1\].g_col\[0\].pe/hold2896,VPWR,li1,332.5800,127.8400,1.599825
g_row\[1\].g_col\[0\].pe/hold2895,VPWR,li1,329.3600,133.2800,1.599790
g_row\[1\].g_col\[0\].pe/hold2894,VPWR,li1,329.3600,127.8400,1.599839
g_row\[1\].g_col\[0\].pe/hold2893,VPWR,li1,195.5000,155.0400,1.599837
g_row\[1\].g_col\[0\].pe/hold2892,VPWR,li1,204.7000,149.6000,1.599865
g_row\[0\].g_col\[0\].pe/hold2891,VPWR,li1,29.9000,198.5600,1.599916
g_row\[0\].g_col\[0\].pe/hold2890,VPWR,li1,32.6600,198.5600,1.599911
g_row\[0\].g_col\[0\].pe/hold2889,VPWR,li1,28.0600,182.2400,1.599928
g_row\[0\].g_col\[0\].pe/hold2888,VPWR,li1,30.3600,193.1200,1.599838
g_row\[0\].g_col\[0\].pe/hold2887,VPWR,li1,23.4600,198.5600,1.599928
g_row\[0\].g_col\[0\].pe/hold2886,VPWR,li1,27.1400,182.2400,1.599932
g_row\[1\].g_col\[1\].pe/hold2885,VPWR,li1,200.5600,62.5600,1.599706
g_row\[1\].g_col\[1\].pe/hold2884,VPWR,li1,201.9400,68.0000,1.599765
g_row\[1\].g_col\[1\].pe/hold2883,VPWR,li1,200.1000,46.2400,1.599777
g_row\[1\].g_col\[0\].pe/hold2882,VPWR,li1,200.5600,214.8800,1.599680
g_row\[1\].g_col\[0\].pe/hold2881,VPWR,li1,192.2800,209.4400,1.599770
g_row\[1\].g_col\[0\].pe/hold2880,VPWR,li1,201.4800,225.7600,1.599657
g_row\[0\].g_col\[0\].pe/hold2879,VPWR,li1,43.2400,165.9200,1.599842
g_row\[0\].g_col\[0\].pe/hold2878,VPWR,li1,44.6200,155.0400,1.599847
g_row\[0\].g_col\[0\].pe/hold2877,VPWR,li1,33.1200,149.6000,1.599855
g_row\[0\].g_col\[0\].pe/hold2876,VPWR,li1,51.9800,160.4800,1.599768
g_row\[0\].g_col\[0\].pe/hold2875,VPWR,li1,38.6400,182.2400,1.599908
g_row\[1\].g_col\[1\].pe/hold2874,VPWR,li1,245.6400,13.6000,1.599777
g_row\[1\].g_col\[1\].pe/hold2873,VPWR,li1,269.1000,13.6000,1.599793
g_row\[1\].g_col\[1\].pe/hold2872,VPWR,li1,263.5800,29.9200,1.599836
g_row\[1\].g_col\[1\].pe/hold2871,VPWR,li1,245.1800,24.4800,1.599751
g_row\[1\].g_col\[1\].pe/hold2870,VPWR,li1,235.5200,13.6000,1.599774
g_row\[1\].g_col\[1\].pe/hold2869,VPWR,li1,248.8600,24.4800,1.599756
g_row\[1\].g_col\[1\].pe/hold2868,VPWR,li1,256.6800,24.4800,1.599767
g_row\[1\].g_col\[1\].pe/hold2867,VPWR,li1,247.4800,13.6000,1.599778
g_row\[1\].g_col\[1\].pe/hold2866,VPWR,li1,238.7400,13.6000,1.599775
g_row\[1\].g_col\[1\].pe/hold2865,VPWR,li1,243.8000,19.0400,1.599728
g_row\[1\].g_col\[1\].pe/hold2864,VPWR,li1,235.0600,13.6000,1.599774
g_row\[1\].g_col\[1\].pe/hold2863,VPWR,li1,241.5000,24.4800,1.599746
g_row\[1\].g_col\[1\].pe/hold2862,VPWR,li1,243.3400,24.4800,1.599749
g_row\[1\].g_col\[0\].pe/hold2861,VPWR,li1,229.5400,209.4400,1.599702
g_row\[1\].g_col\[0\].pe/hold2860,VPWR,li1,222.6400,214.8800,1.599615
g_row\[1\].g_col\[0\].pe/hold2859,VPWR,li1,210.6800,231.2000,1.599700
g_row\[1\].g_col\[0\].pe/hold2858,VPWR,li1,203.7800,225.7600,1.599646
g_row\[1\].g_col\[0\].pe/hold2857,VPWR,li1,194.5800,231.2000,1.599736
g_row\[1\].g_col\[0\].pe/hold2856,VPWR,li1,204.7000,242.0800,1.599516
g_row\[1\].g_col\[0\].pe/hold2855,VPWR,li1,201.0200,236.6400,1.599555
g_row\[1\].g_col\[0\].pe/hold2854,VPWR,li1,215.7400,242.0800,1.599467
g_row\[1\].g_col\[0\].pe/hold2853,VPWR,li1,187.6800,176.8000,1.599793
g_row\[1\].g_col\[0\].pe/hold2852,VPWR,li1,189.5200,176.8000,1.599787
g_row\[1\].g_col\[0\].pe/hold2851,VPWR,li1,197.8000,187.6800,1.599827
g_row\[1\].g_col\[0\].pe/hold2850,VPWR,li1,184.9200,176.8000,1.599810
g_row\[1\].g_col\[0\].pe/hold2849,VPWR,li1,210.6800,209.4400,1.599714
g_row\[1\].g_col\[0\].pe/hold2848,VPWR,li1,202.8600,204.0000,1.599715
g_row\[1\].g_col\[0\].pe/hold2847,VPWR,li1,218.9600,193.1200,1.599783
g_row\[1\].g_col\[0\].pe/hold2846,VPWR,li1,205.6200,198.5600,1.599791
g_row\[1\].g_col\[1\].pe/hold2845,VPWR,li1,187.2200,13.6000,1.599810
g_row\[1\].g_col\[1\].pe/hold2844,VPWR,li1,187.2200,19.0400,1.599759
g_row\[1\].g_col\[1\].pe/hold2843,VPWR,li1,179.8600,13.6000,1.599824
g_row\[1\].g_col\[1\].pe/hold2842,VPWR,li1,177.1000,13.6000,1.599830
g_row\[1\].g_col\[1\].pe/hold2841,VPWR,li1,246.5600,19.0400,1.599730
g_row\[1\].g_col\[1\].pe/hold2840,VPWR,li1,255.3000,19.0400,1.599740
g_row\[1\].g_col\[1\].pe/hold2839,VPWR,li1,243.8000,13.6000,1.599776
g_row\[1\].g_col\[1\].pe/hold2838,VPWR,li1,241.9600,19.0400,1.599726
g_row\[1\].g_col\[0\].pe/hold2837,VPWR,li1,187.6800,220.3200,1.599760
g_row\[1\].g_col\[0\].pe/hold2836,VPWR,li1,189.5200,220.3200,1.599755
g_row\[1\].g_col\[0\].pe/hold2835,VPWR,li1,190.4400,214.8800,1.599724
g_row\[1\].g_col\[0\].pe/hold2834,VPWR,li1,187.6800,209.4400,1.599794
g_row\[1\].g_col\[0\].pe/hold2833,VPWR,li1,179.8600,198.5600,1.599852
g_row\[1\].g_col\[0\].pe/hold2832,VPWR,li1,188.6000,209.4400,1.599782
g_row\[1\].g_col\[0\].pe/hold2831,VPWR,li1,189.9800,198.5600,1.599820
g_row\[1\].g_col\[0\].pe/hold2830,VPWR,li1,186.3000,193.1200,1.599803
g_row\[1\].g_col\[1\].pe/hold2829,VPWR,li1,254.8400,24.4800,1.599763
g_row\[1\].g_col\[1\].pe/hold2828,VPWR,li1,264.5000,19.0400,1.599752
g_row\[1\].g_col\[1\].pe/hold2827,VPWR,li1,265.8800,24.4800,1.599780
g_row\[1\].g_col\[1\].pe/hold2826,VPWR,li1,264.0400,24.4800,1.599776
g_row\[1\].g_col\[1\].pe/hold2825,VPWR,li1,231.8400,35.3600,1.599786
g_row\[1\].g_col\[1\].pe/hold2824,VPWR,li1,199.6400,13.6000,1.599789
g_row\[1\].g_col\[1\].pe/hold2823,VPWR,li1,218.5000,29.9200,1.599825
g_row\[1\].g_col\[1\].pe/hold2822,VPWR,li1,207.9200,19.0400,1.599719
g_row\[1\].g_col\[0\].pe/hold2821,VPWR,li1,193.6600,193.1200,1.599793
g_row\[1\].g_col\[0\].pe/hold2820,VPWR,li1,204.7000,187.6800,1.599824
g_row\[1\].g_col\[0\].pe/hold2819,VPWR,li1,202.8600,193.1200,1.599786
g_row\[1\].g_col\[0\].pe/hold2818,VPWR,li1,215.2800,193.1200,1.599782
g_row\[1\].g_col\[0\].pe/hold2817,VPWR,li1,217.1200,193.1200,1.599782
g_row\[1\].g_col\[0\].pe/hold2816,VPWR,li1,214.8200,187.6800,1.599823
hold2815,VPWR,li1,172.0400,144.1600,1.599878
hold2814,VPWR,li1,127.8800,144.1600,1.599767
hold2813,VPWR,li1,79.5800,138.7200,1.599701
hold2812,VPWR,li1,43.2400,138.7200,1.599805
hold2811,VPWR,li1,61.6400,138.7200,1.599744
hold2810,VPWR,li1,17.0200,35.3600,1.599941
hold2809,VPWR,li1,195.9600,149.6000,1.599873
hold2808,VPWR,li1,193.2000,149.6000,1.599877
hold2807,VPWR,li1,145.8200,149.6000,1.599861
hold2806,VPWR,li1,54.2800,149.6000,1.599801
hold2805,VPWR,li1,61.6400,149.6000,1.599795
hold2804,VPWR,li1,64.8600,127.8400,1.599636
hold2803,VPWR,li1,119.1400,100.6400,1.599613
hold2802,VPWR,li1,46.0000,106.0800,1.599731
hold2801,VPWR,li1,46.9200,78.8800,1.599910
hold2800,VPWR,li1,52.9000,89.7600,1.599880
hold2799,VPWR,li1,42.7800,73.4400,1.599899
hold2798,VPWR,li1,55.6600,73.4400,1.599880
hold2797,VPWR,li1,169.2800,155.0400,1.599883
hold2796,VPWR,li1,109.0200,155.0400,1.599832
hold2795,VPWR,li1,58.8800,160.4800,1.599756
hold2794,VPWR,li1,26.2200,182.2400,1.599932
hold2793,VPWR,li1,76.8200,155.0400,1.599823
hold2792,VPWR,li1,21.6200,84.3200,1.599943
hold2791,VPWR,li1,108.1000,122.4000,1.599366
hold2790,VPWR,li1,40.0200,116.9600,1.599649
hold2789,VPWR,li1,21.6200,40.8000,1.599945
hold2788,VPWR,li1,53.3600,89.7600,1.599880
hold2787,VPWR,li1,29.4400,57.1200,1.599931
hold2786,VPWR,li1,32.6600,46.2400,1.599791
hold2785,VPWR,li1,7.8200,155.0400,1.599881
hold2784,VPWR,li1,7.8200,116.9600,1.599803
hold2783,VPWR,li1,54.2800,106.0800,1.599703
hold2782,VPWR,li1,32.6600,51.6800,1.599909
hold2781,VPWR,li1,56.5800,78.8800,1.599899
hold2780,VPWR,li1,47.3800,73.4400,1.599891
hold2779,VPWR,li1,25.3000,252.9600,1.599810
hold2778,VPWR,li1,106.7200,204.0000,1.599705
hold2777,VPWR,li1,156.4000,187.6800,1.599843
hold2776,VPWR,li1,106.7200,252.9600,1.599449
hold2775,VPWR,li1,99.8200,263.8400,1.599572
hold2774,VPWR,li1,151.8000,187.6800,1.599836
hold2773,VPWR,li1,354.2000,116.9600,1.599769
hold2772,VPWR,li1,367.0800,133.2800,1.599617
hold2771,VPWR,li1,366.6200,116.9600,1.599742
hold2770,VPWR,li1,380.4200,78.8800,1.599783
hold2769,VPWR,li1,391.0000,35.3600,1.599827
hold2768,VPWR,li1,339.4800,100.6400,1.599718
hold2767,VPWR,li1,7.8200,263.8400,1.599813
hold2766,VPWR,li1,58.4200,209.4400,1.599853
hold2765,VPWR,li1,96.6000,171.3600,1.599700
hold2764,VPWR,li1,57.0400,225.7600,1.599819
hold2763,VPWR,li1,99.8200,160.4800,1.599775
hold2762,VPWR,li1,97.0600,165.9200,1.599803
hold2761,VPWR,li1,318.7800,127.8400,1.599814
hold2760,VPWR,li1,313.7200,127.8400,1.599805
hold2759,VPWR,li1,329.3600,122.4000,1.599736
hold2758,VPWR,li1,364.7800,106.0800,1.599756
hold2757,VPWR,li1,368.9200,89.7600,1.599567
hold2756,VPWR,li1,380.4200,62.5600,1.599713
hold2755,VPWR,li1,21.1600,149.6000,1.599898
hold2754,VPWR,li1,7.8200,111.5200,1.599819
hold2753,VPWR,li1,26.6800,116.9600,1.599764
hold2752,VPWR,li1,39.5600,111.5200,1.599682
hold2751,VPWR,li1,22.0800,89.7600,1.599940
hold2750,VPWR,li1,16.5600,29.9200,1.599944
hold2749,VPWR,li1,361.1000,144.1600,1.599634
hold2748,VPWR,li1,356.0400,122.4000,1.599659
hold2747,VPWR,li1,360.1800,116.9600,1.599758
hold2746,VPWR,li1,368.4600,89.7600,1.599567
hold2745,VPWR,li1,380.4200,57.1200,1.599736
hold2744,VPWR,li1,380.4200,62.5600,1.599713
hold2743,VPWR,li1,30.3600,138.7200,1.599857
hold2742,VPWR,li1,17.4800,111.5200,1.599819
hold2741,VPWR,li1,17.9400,193.1200,1.599874
hold2740,VPWR,li1,22.0800,193.1200,1.599875
hold2739,VPWR,li1,13.8000,198.5600,1.599933
hold2738,VPWR,li1,7.8200,247.5200,1.599851
hold2737,VPWR,li1,118.2200,204.0000,1.599695
hold2736,VPWR,li1,60.2600,247.5200,1.599643
hold2735,VPWR,li1,129.2600,165.9200,1.599823
hold2734,VPWR,li1,52.4400,231.2000,1.599843
hold2733,VPWR,li1,15.6400,252.9600,1.599826
hold2732,VPWR,li1,47.3800,236.6400,1.599803
hold2731,VPWR,li1,339.0200,116.9600,1.599805
hold2730,VPWR,li1,354.6600,122.4000,1.599666
hold2729,VPWR,li1,356.9600,116.9600,1.599763
hold2728,VPWR,li1,370.7600,111.5200,1.599454
hold2727,VPWR,li1,372.6000,89.7600,1.599557
hold2726,VPWR,li1,383.1800,68.0000,1.599692
hold2725,VPWR,li1,382.2600,176.8000,1.599842
hold2724,VPWR,li1,391.9200,171.3600,1.599808
hold2723,VPWR,li1,339.4800,165.9200,1.599830
hold2722,VPWR,li1,368.0000,220.3200,1.599796
hold2721,VPWR,li1,355.1200,204.0000,1.599813
hold2720,VPWR,li1,334.8800,176.8000,1.599890
hold2719,VPWR,li1,9.2000,155.0400,1.599882
hold2718,VPWR,li1,21.6200,127.8400,1.599828
hold2717,VPWR,li1,55.2000,144.1600,1.599719
hold2716,VPWR,li1,43.2400,122.4000,1.599605
hold2715,VPWR,li1,28.0600,111.5200,1.599777
hold2714,VPWR,li1,7.8200,57.1200,1.599945
hold2713,VPWR,li1,13.8000,187.6800,1.599914
hold2712,VPWR,li1,17.4800,187.6800,1.599916
hold2711,VPWR,li1,19.7800,89.7600,1.599939
hold2710,VPWR,li1,71.3000,106.0800,1.599660
hold2709,VPWR,li1,84.6400,111.5200,1.599487
hold2708,VPWR,li1,46.0000,29.9200,1.599894
hold2707,VPWR,li1,181.7000,242.0800,1.599627
hold2706,VPWR,li1,195.5000,252.9600,1.599619
hold2705,VPWR,li1,212.9800,263.8400,1.599776
hold2704,VPWR,li1,200.1000,258.4000,1.599697
hold2703,VPWR,li1,150.4200,263.8400,1.599708
hold2702,VPWR,li1,249.3200,263.8400,1.599725
hold2701,VPWR,li1,371.2200,182.2400,1.599833
hold2700,VPWR,li1,390.5400,187.6800,1.599835
hold2699,VPWR,li1,378.1200,193.1200,1.599852
hold2698,VPWR,li1,391.9200,247.5200,1.599591
hold2697,VPWR,li1,346.3800,187.6800,1.599887
hold2696,VPWR,li1,354.6600,187.6800,1.599875
hold2695,VPWR,li1,120.5200,214.8800,1.599710
hold2694,VPWR,li1,45.5400,263.8400,1.599676
hold2693,VPWR,li1,81.8800,214.8800,1.599759
hold2692,VPWR,li1,71.3000,220.3200,1.599764
hold2691,VPWR,li1,67.1600,231.2000,1.599806
hold2690,VPWR,li1,58.8800,231.2000,1.599825
hold2689,VPWR,li1,378.1200,193.1200,1.599852
hold2688,VPWR,li1,345.4600,187.6800,1.599890
hold2687,VPWR,li1,381.8000,220.3200,1.599789
hold2686,VPWR,li1,339.4800,165.9200,1.599830
hold2685,VPWR,li1,337.6400,165.9200,1.599842
hold2684,VPWR,li1,371.2200,214.8800,1.599713
hold2683,VPWR,li1,390.5400,127.8400,1.599739
hold2682,VPWR,li1,391.4600,100.6400,1.599525
hold2681,VPWR,li1,390.5400,95.2000,1.599463
hold2680,VPWR,li1,383.1800,193.1200,1.599848
hold2679,VPWR,li1,368.9200,198.5600,1.599815
hold2678,VPWR,li1,372.6000,204.0000,1.599781
hold2677,VPWR,li1,89.2400,247.5200,1.599543
hold2676,VPWR,li1,45.0800,252.9600,1.599688
hold2675,VPWR,li1,15.1800,258.4000,1.599833
hold2674,VPWR,li1,67.6200,247.5200,1.599612
hold2673,VPWR,li1,117.3000,187.6800,1.599806
hold2672,VPWR,li1,58.4200,204.0000,1.599796
hold2671,VPWR,li1,349.1400,171.3600,1.599857
hold2670,VPWR,li1,378.1200,187.6800,1.599840
hold2669,VPWR,li1,359.2600,176.8000,1.599862
hold2668,VPWR,li1,341.7800,176.8000,1.599881
hold2667,VPWR,li1,391.0000,236.6400,1.599495
hold2666,VPWR,li1,323.3800,165.9200,1.599870
hold2665,VPWR,li1,113.6200,187.6800,1.599803
hold2664,VPWR,li1,48.7600,236.6400,1.599803
hold2663,VPWR,li1,47.3800,263.8400,1.599659
hold2662,VPWR,li1,106.7200,225.7600,1.599716
hold2661,VPWR,li1,105.3400,214.8800,1.599715
hold2660,VPWR,li1,66.2400,214.8800,1.599789
hold2659,VPWR,li1,7.8200,220.3200,1.599906
hold2658,VPWR,li1,8.7400,193.1200,1.599873
hold2657,VPWR,li1,7.8200,62.5600,1.599935
hold2656,VPWR,li1,65.3200,106.0800,1.599672
hold2655,VPWR,li1,92.9200,133.2800,1.599720
hold2654,VPWR,li1,24.3800,68.0000,1.599936
hold2653,VPWR,li1,43.2400,51.6800,1.599886
hold2652,VPWR,li1,44.1600,29.9200,1.599898
hold2651,VPWR,li1,49.2200,73.4400,1.599888
hold2650,VPWR,li1,64.8600,78.8800,1.599889
hold2649,VPWR,li1,39.1000,57.1200,1.599911
hold2648,VPWR,li1,58.8800,73.4400,1.599876
hold2647,VPWR,li1,382.2600,182.2400,1.599819
hold2646,VPWR,li1,391.9200,182.2400,1.599815
hold2645,VPWR,li1,373.0600,182.2400,1.599830
hold2644,VPWR,li1,368.4600,193.1200,1.599861
hold2643,VPWR,li1,356.9600,193.1200,1.599874
hold2642,VPWR,li1,360.1800,204.0000,1.599800
hold2641,VPWR,li1,377.6600,127.8400,1.599740
hold2640,VPWR,li1,391.9200,138.7200,1.599695
hold2639,VPWR,li1,380.4200,171.3600,1.599813
hold2638,VPWR,li1,390.5400,149.6000,1.599793
hold2637,VPWR,li1,390.5400,127.8400,1.599739
hold2636,VPWR,li1,391.9200,78.8800,1.599780
hold2635,VPWR,li1,9.2000,187.6800,1.599914
hold2634,VPWR,li1,7.8200,73.4400,1.599941
hold2633,VPWR,li1,84.1800,127.8400,1.599594
hold2632,VPWR,li1,26.6800,68.0000,1.599929
hold2631,VPWR,li1,47.8400,84.3200,1.599891
hold2630,VPWR,li1,41.4000,78.8800,1.599919
hold2629,VPWR,li1,172.0400,252.9600,1.599683
hold2628,VPWR,li1,200.1000,247.5200,1.599577
hold2627,VPWR,li1,169.2800,187.6800,1.599863
hold2626,VPWR,li1,57.5000,263.8400,1.599611
hold2625,VPWR,li1,164.6800,171.3600,1.599849
hold2624,VPWR,li1,165.6000,171.3600,1.599857
hold2623,VPWR,li1,176.6400,242.0800,1.599659
hold2622,VPWR,li1,176.6400,263.8400,1.599833
hold2621,VPWR,li1,202.8600,252.9600,1.599589
hold2620,VPWR,li1,212.9800,252.9600,1.599553
hold2619,VPWR,li1,97.9800,263.8400,1.599571
hold2618,VPWR,li1,248.4000,242.0800,1.599396
hold2617,VPWR,li1,81.8800,165.9200,1.599803
hold2616,VPWR,li1,14.7200,247.5200,1.599851
hold2615,VPWR,li1,18.8600,231.2000,1.599924
hold2614,VPWR,li1,45.5400,220.3200,1.599832
hold2613,VPWR,li1,90.6200,165.9200,1.599802
hold2612,VPWR,li1,58.4200,193.1200,1.599700
hold2611,VPWR,li1,60.7200,231.2000,1.599820
hold2610,VPWR,li1,80.0400,231.2000,1.599781
hold2609,VPWR,li1,132.9400,198.5600,1.599803
hold2608,VPWR,li1,78.2000,242.0800,1.599547
hold2607,VPWR,li1,94.7600,204.0000,1.599718
hold2606,VPWR,li1,24.8400,247.5200,1.599832
hold2605,VPWR,li1,372.1400,122.4000,1.599627
hold2604,VPWR,li1,377.2000,116.9600,1.599723
hold2603,VPWR,li1,391.9200,122.4000,1.599617
hold2602,VPWR,li1,389.6200,78.8800,1.599780
hold2601,VPWR,li1,365.2400,89.7600,1.599580
hold2600,VPWR,li1,318.3200,144.1600,1.599795
hold2599,VPWR,li1,180.3200,252.9600,1.599688
hold2598,VPWR,li1,183.5400,263.8400,1.599820
hold2597,VPWR,li1,200.5600,247.5200,1.599577
hold2596,VPWR,li1,136.1600,263.8400,1.599645
hold2595,VPWR,li1,238.7400,263.8400,1.599736
hold2594,VPWR,li1,253.4600,263.8400,1.599719
hold2593,VPWR,li1,128.8000,73.4400,1.599826
hold2592,VPWR,li1,116.3800,73.4400,1.599824
hold2591,VPWR,li1,73.1400,40.8000,1.599863
hold2590,VPWR,li1,90.6200,35.3600,1.599840
hold2589,VPWR,li1,107.6400,62.5600,1.599780
hold2588,VPWR,li1,45.5400,24.4800,1.599887
hold2587,VPWR,li1,153.6400,193.1200,1.599743
hold2586,VPWR,li1,116.3800,220.3200,1.599709
hold2585,VPWR,li1,103.0400,231.2000,1.599745
hold2584,VPWR,li1,92.9200,252.9600,1.599473
hold2583,VPWR,li1,143.5200,193.1200,1.599714
hold2582,VPWR,li1,60.2600,258.4000,1.599607
hold2581,VPWR,li1,23.9200,225.7600,1.599913
hold2580,VPWR,li1,17.4800,214.8800,1.599915
hold2579,VPWR,li1,22.0800,198.5600,1.599935
hold2578,VPWR,li1,22.0800,209.4400,1.599934
hold2577,VPWR,li1,19.7800,225.7600,1.599918
hold2576,VPWR,li1,15.6400,236.6400,1.599899
hold2575,VPWR,li1,19.7800,198.5600,1.599934
hold2574,VPWR,li1,7.8200,95.2000,1.599911
hold2573,VPWR,li1,20.2400,89.7600,1.599939
hold2572,VPWR,li1,66.7000,127.8400,1.599627
hold2571,VPWR,li1,37.2600,100.6400,1.599713
hold2570,VPWR,li1,92.0000,144.1600,1.599696
hold2569,VPWR,li1,114.5400,46.2400,1.599684
hold2568,VPWR,li1,157.3200,78.8800,1.599877
hold2567,VPWR,li1,174.8000,95.2000,1.599872
hold2566,VPWR,li1,175.7200,100.6400,1.599844
hold2565,VPWR,li1,176.1800,106.0800,1.599846
hold2564,VPWR,li1,181.7000,111.5200,1.599709
hold2563,VPWR,li1,42.3200,242.0800,1.599726
hold2562,VPWR,li1,67.1600,236.6400,1.599739
hold2561,VPWR,li1,67.1600,231.2000,1.599806
hold2560,VPWR,li1,58.4200,214.8800,1.599811
hold2559,VPWR,li1,33.1200,236.6400,1.599859
hold2558,VPWR,li1,84.6400,187.6800,1.599797
hold2557,VPWR,li1,181.7000,100.6400,1.599835
hold2556,VPWR,li1,143.5200,68.0000,1.599806
hold2555,VPWR,li1,138.0000,57.1200,1.599829
hold2554,VPWR,li1,97.5200,29.9200,1.599823
hold2553,VPWR,li1,189.5200,100.6400,1.599826
hold2552,VPWR,li1,281.5200,19.0400,1.599774
hold2551,VPWR,li1,52.9000,127.8400,1.599675
hold2550,VPWR,li1,56.1200,122.4000,1.599525
hold2549,VPWR,li1,69.0000,138.7200,1.599727
hold2548,VPWR,li1,23.0000,95.2000,1.599915
hold2547,VPWR,li1,9.6600,95.2000,1.599912
hold2546,VPWR,li1,14.7200,62.5600,1.599935
hold2545,VPWR,li1,114.5400,242.0800,1.599421
hold2544,VPWR,li1,101.2000,258.4000,1.599488
hold2543,VPWR,li1,106.7200,258.4000,1.599483
hold2542,VPWR,li1,49.6800,263.8400,1.599647
hold2541,VPWR,li1,161.4600,171.3600,1.599844
hold2540,VPWR,li1,84.1800,247.5200,1.599556
hold2539,VPWR,li1,141.6800,73.4400,1.599838
hold2538,VPWR,li1,139.8400,68.0000,1.599804
hold2537,VPWR,li1,120.5200,40.8000,1.599832
hold2536,VPWR,li1,129.2600,51.6800,1.599794
hold2535,VPWR,li1,43.2400,24.4800,1.599892
hold2534,VPWR,li1,28.0600,13.6000,1.599902
hold2533,VPWR,li1,116.8400,57.1200,1.599828
hold2532,VPWR,li1,94.3000,29.9200,1.599825
hold2531,VPWR,li1,127.4200,51.6800,1.599794
hold2530,VPWR,li1,161.4600,95.2000,1.599835
hold2529,VPWR,li1,124.2000,62.5600,1.599761
hold2528,VPWR,li1,166.9800,111.5200,1.599672
hold2527,VPWR,li1,78.6600,40.8000,1.599858
hold2526,VPWR,li1,130.1800,89.7600,1.599836
hold2525,VPWR,li1,128.8000,89.7600,1.599836
hold2524,VPWR,li1,55.2000,29.9200,1.599881
hold2523,VPWR,li1,67.6200,29.9200,1.599859
hold2522,VPWR,li1,54.7400,35.3600,1.599885
hold2521,VPWR,li1,30.3600,133.2800,1.599869
hold2520,VPWR,li1,9.2000,149.6000,1.599897
hold2519,VPWR,li1,21.1600,111.5200,1.599819
hold2518,VPWR,li1,18.8600,116.9600,1.599804
hold2517,VPWR,li1,8.2800,100.6400,1.599807
hold2516,VPWR,li1,71.3000,149.6000,1.599793
hold2515,VPWR,li1,121.4400,198.5600,1.599799
hold2514,VPWR,li1,140.3000,176.8000,1.599784
hold2513,VPWR,li1,117.7600,198.5600,1.599799
hold2512,VPWR,li1,94.7600,236.6400,1.599674
hold2511,VPWR,li1,119.6000,209.4400,1.599799
hold2510,VPWR,li1,94.3000,204.0000,1.599718
hold2509,VPWR,li1,139.3800,78.8800,1.599864
hold2508,VPWR,li1,116.8400,51.6800,1.599797
hold2507,VPWR,li1,144.9000,78.8800,1.599867
hold2506,VPWR,li1,154.5600,95.2000,1.599819
hold2505,VPWR,li1,78.6600,29.9200,1.599844
hold2504,VPWR,li1,126.0400,68.0000,1.599802
hold2503,VPWR,li1,30.3600,231.2000,1.599899
hold2502,VPWR,li1,33.5800,231.2000,1.599894
hold2501,VPWR,li1,51.0600,209.4400,1.599864
hold2500,VPWR,li1,17.4800,252.9600,1.599826
hold2499,VPWR,li1,69.0000,209.4400,1.599833
hold2498,VPWR,li1,63.9400,198.5600,1.599848
hold2497,VPWR,li1,78.2000,258.4000,1.599545
hold2496,VPWR,li1,30.3600,263.8400,1.599773
hold2495,VPWR,li1,58.4200,258.4000,1.599623
hold2494,VPWR,li1,35.4200,263.8400,1.599729
hold2493,VPWR,li1,145.3600,171.3600,1.599796
hold2492,VPWR,li1,73.1400,220.3200,1.599759
hold2491,VPWR,li1,109.9400,57.1200,1.599832
hold2490,VPWR,li1,138.4600,89.7600,1.599840
hold2489,VPWR,li1,126.0400,84.3200,1.599859
hold2488,VPWR,li1,87.8600,51.6800,1.599815
hold2487,VPWR,li1,109.0200,78.8800,1.599859
hold2486,VPWR,li1,138.4600,106.0800,1.599693
hold2485,VPWR,li1,104.4200,247.5200,1.599517
hold2484,VPWR,li1,97.5200,258.4000,1.599496
hold2483,VPWR,li1,151.8000,204.0000,1.599711
hold2482,VPWR,li1,155.4800,193.1200,1.599753
hold2481,VPWR,li1,109.4800,231.2000,1.599738
hold2480,VPWR,li1,47.3800,258.4000,1.599674
hold2479,VPWR,li1,109.4800,236.6400,1.599653
hold2478,VPWR,li1,129.2600,209.4400,1.599800
hold2477,VPWR,li1,51.5200,263.8400,1.599637
hold2476,VPWR,li1,82.8000,242.0800,1.599526
hold2475,VPWR,li1,136.6200,176.8000,1.599781
hold2474,VPWR,li1,43.2400,247.5200,1.599728
hold2473,VPWR,li1,112.2400,24.4800,1.599787
hold2472,VPWR,li1,166.0600,84.3200,1.599903
hold2471,VPWR,li1,130.1800,35.3600,1.599817
hold2470,VPWR,li1,187.6800,100.6400,1.599829
hold2469,VPWR,li1,214.8200,73.4400,1.599857
hold2468,VPWR,li1,224.4800,68.0000,1.599758
hold2467,VPWR,li1,14.7200,176.8000,1.599910
hold2466,VPWR,li1,20.2400,193.1200,1.599874
hold2465,VPWR,li1,10.5800,193.1200,1.599873
hold2464,VPWR,li1,7.8200,220.3200,1.599906
hold2463,VPWR,li1,7.8200,258.4000,1.599832
hold2462,VPWR,li1,86.4800,155.0400,1.599823
hold2461,VPWR,li1,187.6800,84.3200,1.599898
hold2460,VPWR,li1,136.1600,13.6000,1.599761
hold2459,VPWR,li1,150.8800,13.6000,1.599776
hold2458,VPWR,li1,120.5200,29.9200,1.599807
hold2457,VPWR,li1,281.5200,13.6000,1.599807
hold2456,VPWR,li1,214.8200,73.4400,1.599857
hold2455,VPWR,li1,89.2400,19.0400,1.599777
hold2454,VPWR,li1,138.4600,57.1200,1.599829
hold2453,VPWR,li1,97.0600,13.6000,1.599760
hold2452,VPWR,li1,124.2000,24.4800,1.599777
hold2451,VPWR,li1,107.6400,13.6000,1.599754
hold2450,VPWR,li1,272.3200,19.0400,1.599762
hold2449,VPWR,li1,33.5800,220.3200,1.599867
hold2448,VPWR,li1,31.7400,220.3200,1.599873
hold2447,VPWR,li1,28.9800,214.8800,1.599890
hold2446,VPWR,li1,63.9400,155.0400,1.599828
hold2445,VPWR,li1,73.1400,155.0400,1.599824
hold2444,VPWR,li1,7.8200,40.8000,1.599942
hold2443,VPWR,li1,114.5400,62.5600,1.599771
hold2442,VPWR,li1,113.1600,51.6800,1.599798
hold2441,VPWR,li1,99.8200,57.1200,1.599838
hold2440,VPWR,li1,112.2400,51.6800,1.599798
hold2439,VPWR,li1,112.7000,57.1200,1.599830
hold2438,VPWR,li1,111.7800,62.5600,1.599773
hold2437,VPWR,li1,91.0800,13.6000,1.599768
hold2436,VPWR,li1,126.0400,24.4800,1.599776
hold2435,VPWR,li1,248.4000,19.0400,1.599732
hold2434,VPWR,li1,115.4600,29.9200,1.599809
hold2433,VPWR,li1,269.1000,13.6000,1.599793
hold2432,VPWR,li1,222.6400,73.4400,1.599851
hold2431,VPWR,li1,390.0800,122.4000,1.599617
hold2430,VPWR,li1,391.9200,111.5200,1.599426
hold2429,VPWR,li1,391.9200,95.2000,1.599463
hold2428,VPWR,li1,367.5400,182.2400,1.599839
hold2427,VPWR,li1,370.7600,193.1200,1.599859
hold2426,VPWR,li1,366.6200,193.1200,1.599863
hold2425,VPWR,li1,43.7000,193.1200,1.599765
hold2424,VPWR,li1,71.3000,160.4800,1.599752
hold2423,VPWR,li1,33.5800,209.4400,1.599904
hold2422,VPWR,li1,46.9200,198.5600,1.599878
hold2421,VPWR,li1,60.2600,198.5600,1.599854
hold2420,VPWR,li1,80.0400,165.9200,1.599803
hold2419,VPWR,li1,62.1000,116.9600,1.599506
hold2418,VPWR,li1,24.3800,62.5600,1.599932
hold2417,VPWR,li1,29.4400,78.8800,1.599936
hold2416,VPWR,li1,69.0000,127.8400,1.599621
hold2415,VPWR,li1,43.7000,95.2000,1.599853
hold2414,VPWR,li1,81.8800,116.9600,1.599417
hold2413,VPWR,li1,28.5200,19.0400,1.599912
hold2412,VPWR,li1,24.8400,40.8000,1.599938
hold2411,VPWR,li1,38.1800,29.9200,1.599909
hold2410,VPWR,li1,84.1800,95.2000,1.599786
hold2409,VPWR,li1,26.6800,35.3600,1.599931
hold2408,VPWR,li1,20.7000,19.0400,1.599927
g_row\[0\].g_col\[1\].pe/hold2407,VPWR,li1,107.6400,127.8400,1.599588
g_row\[0\].g_col\[1\].pe/hold2406,VPWR,li1,107.6400,122.4000,1.599363
g_row\[0\].g_col\[1\].pe/hold2405,VPWR,li1,111.7800,133.2800,1.599717
g_row\[0\].g_col\[1\].pe/hold2404,VPWR,li1,129.7200,133.2800,1.599731
g_row\[0\].g_col\[1\].pe/hold2403,VPWR,li1,133.4000,133.2800,1.599737
g_row\[0\].g_col\[1\].pe/hold2402,VPWR,li1,139.3800,133.2800,1.599753
g_row\[0\].g_col\[1\].pe/hold2401,VPWR,li1,132.4800,122.4000,1.599431
g_row\[0\].g_col\[1\].pe/hold2400,VPWR,li1,118.6800,127.8400,1.599596
g_row\[0\].g_col\[1\].pe/hold2399,VPWR,li1,178.0200,127.8400,1.599804
g_row\[0\].g_col\[1\].pe/hold2398,VPWR,li1,188.1400,133.2800,1.599821
g_row\[0\].g_col\[1\].pe/hold2397,VPWR,li1,183.5400,138.7200,1.599714
g_row\[0\].g_col\[1\].pe/hold2396,VPWR,li1,184.4600,127.8400,1.599793
g_row\[0\].g_col\[1\].pe/hold2395,VPWR,li1,197.8000,122.4000,1.599524
g_row\[0\].g_col\[1\].pe/hold2394,VPWR,li1,195.9600,122.4000,1.599535
g_row\[0\].g_col\[1\].pe/hold2393,VPWR,li1,110.4000,116.9600,1.599369
g_row\[0\].g_col\[1\].pe/hold2392,VPWR,li1,109.9400,122.4000,1.599368
g_row\[0\].g_col\[1\].pe/hold2391,VPWR,li1,119.1400,133.2800,1.599719
g_row\[0\].g_col\[1\].pe/hold2390,VPWR,li1,139.8400,127.8400,1.599652
g_row\[0\].g_col\[1\].pe/hold2389,VPWR,li1,129.7200,122.4000,1.599418
g_row\[0\].g_col\[1\].pe/hold2388,VPWR,li1,127.8800,122.4000,1.599409
g_row\[0\].g_col\[1\].pe/hold2387,VPWR,li1,89.7000,122.4000,1.599372
g_row\[0\].g_col\[1\].pe/hold2386,VPWR,li1,105.8000,127.8400,1.599588
g_row\[0\].g_col\[1\].pe/hold2385,VPWR,li1,103.9600,127.8400,1.599587
g_row\[0\].g_col\[1\].pe/hold2384,VPWR,li1,92.4600,133.2800,1.599720
g_row\[0\].g_col\[1\].pe/hold2383,VPWR,li1,81.8800,138.7200,1.599699
g_row\[0\].g_col\[1\].pe/hold2382,VPWR,li1,110.4000,111.5200,1.599445
g_row\[0\].g_col\[1\].pe/hold2381,VPWR,li1,122.8200,116.9600,1.599401
g_row\[0\].g_col\[1\].pe/hold2380,VPWR,li1,123.2800,116.9600,1.599401
g_row\[0\].g_col\[1\].pe/hold2379,VPWR,li1,97.5200,111.5200,1.599459
g_row\[0\].g_col\[1\].pe/hold2378,VPWR,li1,97.0600,116.9600,1.599377
g_row\[0\].g_col\[1\].pe/hold2377,VPWR,li1,76.3600,116.9600,1.599437
g_row\[0\].g_col\[1\].pe/hold2376,VPWR,li1,81.8800,111.5200,1.599495
g_row\[0\].g_col\[1\].pe/hold2375,VPWR,li1,80.9600,111.5200,1.599502
g_row\[0\].g_col\[1\].pe/hold2374,VPWR,li1,99.8200,111.5200,1.599456
g_row\[0\].g_col\[1\].pe/hold2373,VPWR,li1,107.6400,111.5200,1.599446
g_row\[0\].g_col\[1\].pe/hold2372,VPWR,li1,107.6400,111.5200,1.599446
g_row\[0\].g_col\[1\].pe/hold2371,VPWR,li1,94.7600,138.7200,1.599691
g_row\[0\].g_col\[1\].pe/hold2370,VPWR,li1,103.0400,133.2800,1.599718
g_row\[0\].g_col\[1\].pe/hold2369,VPWR,li1,103.5000,133.2800,1.599718
g_row\[0\].g_col\[0\].pe/hold2368,VPWR,li1,110.4000,252.9600,1.599445
g_row\[0\].g_col\[0\].pe/hold2367,VPWR,li1,125.1200,252.9600,1.599447
g_row\[0\].g_col\[0\].pe/hold2366,VPWR,li1,123.7400,258.4000,1.599482
g_row\[0\].g_col\[1\].pe/hold2365,VPWR,li1,148.5800,68.0000,1.599809
g_row\[0\].g_col\[1\].pe/hold2364,VPWR,li1,148.5800,62.5600,1.599754
hold2363,VPWR,li1,75.9000,155.0400,1.599824
g_row\[0\].g_col\[1\].pe/hold2362,VPWR,li1,159.6200,68.0000,1.599817
g_row\[0\].g_col\[1\].pe/hold2361,VPWR,li1,174.3400,62.5600,1.599793
g_row\[0\].g_col\[1\].pe/hold2360,VPWR,li1,103.9600,144.1600,1.599719
hold2359,VPWR,li1,55.6600,171.3600,1.599667
g_row\[0\].g_col\[1\].pe/hold2358,VPWR,li1,157.7800,57.1200,1.599842
g_row\[0\].g_col\[1\].pe/hold2357,VPWR,li1,179.4000,46.2400,1.599803
g_row\[0\].g_col\[1\].pe/hold2356,VPWR,li1,148.5800,116.9600,1.599519
g_row\[0\].g_col\[1\].pe/hold2355,VPWR,li1,101.6600,138.7200,1.599689
g_row\[0\].g_col\[1\].pe/hold2354,VPWR,li1,161.4600,116.9600,1.599594
g_row\[0\].g_col\[1\].pe/hold2353,VPWR,li1,159.1600,122.4000,1.599552
g_row\[0\].g_col\[1\].pe/hold2352,VPWR,li1,167.4400,133.2800,1.599825
g_row\[0\].g_col\[1\].pe/hold2351,VPWR,li1,166.5200,127.8400,1.599753
g_row\[0\].g_col\[1\].pe/hold2350,VPWR,li1,161.4600,133.2800,1.599810
g_row\[0\].g_col\[1\].pe/hold2349,VPWR,li1,159.6200,127.8400,1.599731
g_row\[0\].g_col\[1\].pe/hold2348,VPWR,li1,187.6800,78.8800,1.599864
g_row\[0\].g_col\[1\].pe/hold2347,VPWR,li1,189.0600,73.4400,1.599883
g_row\[0\].g_col\[1\].pe/hold2346,VPWR,li1,164.2200,73.4400,1.599876
g_row\[0\].g_col\[1\].pe/hold2345,VPWR,li1,162.3800,68.0000,1.599819
g_row\[0\].g_col\[1\].pe/hold2344,VPWR,li1,164.2200,78.8800,1.599884
g_row\[0\].g_col\[1\].pe/hold2343,VPWR,li1,165.6000,73.4400,1.599883
g_row\[0\].g_col\[1\].pe/hold2342,VPWR,li1,163.3000,89.7600,1.599860
g_row\[0\].g_col\[1\].pe/hold2341,VPWR,li1,113.6200,144.1600,1.599736
hold2340,VPWR,li1,58.4200,171.3600,1.599667
hold2339,VPWR,li1,55.6600,176.8000,1.599832
g_row\[0\].g_col\[1\].pe/hold2338,VPWR,li1,182.1600,122.4000,1.599617
g_row\[0\].g_col\[1\].pe/hold2337,VPWR,li1,172.0400,133.2800,1.599839
g_row\[0\].g_col\[1\].pe/hold2336,VPWR,li1,174.8000,133.2800,1.599846
g_row\[0\].g_col\[1\].pe/hold2335,VPWR,li1,174.3400,116.9600,1.599692
g_row\[0\].g_col\[1\].pe/hold2334,VPWR,li1,172.0400,122.4000,1.599639
g_row\[0\].g_col\[1\].pe/hold2333,VPWR,li1,69.0000,111.5200,1.599538
g_row\[0\].g_col\[1\].pe/hold2332,VPWR,li1,66.7000,111.5200,1.599545
g_row\[0\].g_col\[1\].pe/hold2331,VPWR,li1,74.5200,116.9600,1.599445
g_row\[0\].g_col\[1\].pe/hold2330,VPWR,li1,49.2200,133.2800,1.599803
g_row\[0\].g_col\[1\].pe/hold2329,VPWR,li1,47.3800,133.2800,1.599810
g_row\[0\].g_col\[1\].pe/hold2328,VPWR,li1,48.3000,127.8400,1.599692
g_row\[0\].g_col\[1\].pe/hold2327,VPWR,li1,64.8600,111.5200,1.599552
g_row\[0\].g_col\[1\].pe/hold2326,VPWR,li1,72.6800,116.9600,1.599453
g_row\[0\].g_col\[1\].pe/hold2325,VPWR,li1,79.1200,106.0800,1.599648
g_row\[0\].g_col\[0\].pe/hold2324,VPWR,li1,52.9000,176.8000,1.599836
g_row\[0\].g_col\[0\].pe/hold2323,VPWR,li1,25.3000,155.0400,1.599882
g_row\[0\].g_col\[0\].pe/hold2322,VPWR,li1,45.0800,198.5600,1.599883
g_row\[0\].g_col\[0\].pe/hold2321,VPWR,li1,23.4600,225.7600,1.599913
g_row\[0\].g_col\[0\].pe/hold2320,VPWR,li1,34.5000,198.5600,1.599905
g_row\[0\].g_col\[0\].pe/hold2319,VPWR,li1,27.1400,214.8800,1.599900
g_row\[0\].g_col\[0\].pe/hold2318,VPWR,li1,53.8200,171.3600,1.599667
g_row\[0\].g_col\[0\].pe/hold2317,VPWR,li1,40.0200,187.6800,1.599861
g_row\[0\].g_col\[0\].pe/hold2316,VPWR,li1,43.2400,187.6800,1.599856
g_row\[0\].g_col\[0\].pe/hold2315,VPWR,li1,31.7400,198.5600,1.599911
g_row\[0\].g_col\[0\].pe/hold2314,VPWR,li1,103.5000,204.0000,1.599706
g_row\[0\].g_col\[0\].pe/hold2313,VPWR,li1,151.8000,225.7600,1.599708
g_row\[0\].g_col\[0\].pe/hold2312,VPWR,li1,146.2800,247.5200,1.599536
g_row\[0\].g_col\[0\].pe/hold2311,VPWR,li1,35.8800,193.1200,1.599803
g_row\[0\].g_col\[0\].pe/hold2310,VPWR,li1,23.9200,193.1200,1.599864
g_row\[0\].g_col\[0\].pe/hold2309,VPWR,li1,35.4200,220.3200,1.599861
g_row\[0\].g_col\[0\].pe/hold2308,VPWR,li1,20.7000,214.8800,1.599916
g_row\[0\].g_col\[0\].pe/hold2307,VPWR,li1,34.0400,204.0000,1.599872
g_row\[0\].g_col\[0\].pe/hold2306,VPWR,li1,25.3000,187.6800,1.599905
g_row\[0\].g_col\[0\].pe/hold2305,VPWR,li1,35.8800,187.6800,1.599873
g_row\[0\].g_col\[0\].pe/hold2304,VPWR,li1,36.8000,231.2000,1.599884
g_row\[0\].g_col\[0\].pe/hold2303,VPWR,li1,56.5800,176.8000,1.599829
g_row\[0\].g_col\[0\].pe/hold2302,VPWR,li1,25.3000,204.0000,1.599902
g_row\[0\].g_col\[0\].pe/hold2301,VPWR,li1,56.1200,149.6000,1.599799
g_row\[0\].g_col\[0\].pe/hold2300,VPWR,li1,38.6400,149.6000,1.599835
g_row\[0\].g_col\[0\].pe/hold2299,VPWR,li1,54.7400,165.9200,1.599822
g_row\[0\].g_col\[0\].pe/hold2298,VPWR,li1,50.1400,149.6000,1.599806
g_row\[0\].g_col\[0\].pe/hold2297,VPWR,li1,67.6200,171.3600,1.599671
g_row\[0\].g_col\[0\].pe/hold2296,VPWR,li1,56.1200,220.3200,1.599799
g_row\[0\].g_col\[0\].pe/hold2295,VPWR,li1,45.5400,176.8000,1.599852
g_row\[0\].g_col\[0\].pe/hold2294,VPWR,li1,27.1400,155.0400,1.599877
g_row\[0\].g_col\[0\].pe/hold2293,VPWR,li1,30.3600,149.6000,1.599865
g_row\[0\].g_col\[0\].pe/hold2292,VPWR,li1,172.0400,209.4400,1.599839
g_row\[0\].g_col\[0\].pe/hold2291,VPWR,li1,155.9400,225.7600,1.599711
g_row\[0\].g_col\[0\].pe/hold2290,VPWR,li1,112.7000,247.5200,1.599507
g_row\[0\].g_col\[0\].pe/hold2289,VPWR,li1,169.7400,209.4400,1.599834
g_row\[0\].g_col\[0\].pe/hold2288,VPWR,li1,161.4600,236.6400,1.599695
g_row\[0\].g_col\[0\].pe/hold2287,VPWR,li1,56.1200,187.6800,1.599819
g_row\[0\].g_col\[0\].pe/hold2286,VPWR,li1,54.2800,187.6800,1.599823
g_row\[0\].g_col\[0\].pe/hold2285,VPWR,li1,65.7800,182.2400,1.599858
g_row\[0\].g_col\[0\].pe/hold2284,VPWR,li1,52.4400,182.2400,1.599879
g_row\[0\].g_col\[0\].pe/hold2283,VPWR,li1,107.6400,176.8000,1.599766
g_row\[0\].g_col\[0\].pe/hold2282,VPWR,li1,94.7600,220.3200,1.599719
g_row\[0\].g_col\[0\].pe/hold2281,VPWR,li1,155.0200,204.0000,1.599719
g_row\[0\].g_col\[0\].pe/hold2280,VPWR,li1,110.8600,236.6400,1.599650
g_row\[1\].g_col\[0\].pe/hold2279,VPWR,li1,328.9000,231.2000,1.599740
g_row\[1\].g_col\[0\].pe/hold2278,VPWR,li1,338.1000,231.2000,1.599696
g_row\[0\].g_col\[0\].pe/hold2277,VPWR,li1,156.8600,204.0000,1.599724
g_row\[0\].g_col\[0\].pe/hold2276,VPWR,li1,112.7000,231.2000,1.599734
g_row\[0\].g_col\[0\].pe/hold2275,VPWR,li1,172.0400,198.5600,1.599852
g_row\[0\].g_col\[0\].pe/hold2274,VPWR,li1,168.3600,236.6400,1.599722
g_row\[0\].g_col\[0\].pe/hold2273,VPWR,li1,180.7800,182.2400,1.599868
g_row\[0\].g_col\[0\].pe/hold2272,VPWR,li1,155.0200,209.4400,1.599817
g_row\[0\].g_col\[0\].pe/hold2271,VPWR,li1,77.2800,247.5200,1.599577
g_row\[0\].g_col\[0\].pe/hold2270,VPWR,li1,178.9400,182.2400,1.599874
g_row\[0\].g_col\[0\].pe/hold2269,VPWR,li1,153.6400,209.4400,1.599815
g_row\[0\].g_col\[0\].pe/hold2268,VPWR,li1,123.2800,198.5600,1.599800
g_row\[0\].g_col\[0\].pe/hold2267,VPWR,li1,155.0200,231.2000,1.599751
g_row\[0\].g_col\[0\].pe/hold2266,VPWR,li1,178.0200,252.9600,1.599698
g_row\[0\].g_col\[0\].pe/hold2265,VPWR,li1,169.2800,242.0800,1.599633
g_row\[1\].g_col\[1\].pe/hold2264,VPWR,li1,200.1000,68.0000,1.599767
g_row\[1\].g_col\[1\].pe/hold2263,VPWR,li1,203.7800,68.0000,1.599763
g_row\[1\].g_col\[1\].pe/hold2262,VPWR,li1,190.9000,73.4400,1.599881
g_row\[1\].g_col\[0\].pe/hold2261,VPWR,li1,326.6000,242.0800,1.599681
g_row\[1\].g_col\[0\].pe/hold2260,VPWR,li1,332.5800,236.6400,1.599652
g_row\[1\].g_col\[0\].pe/hold2259,VPWR,li1,334.8800,242.0800,1.599676
g_row\[1\].g_col\[0\].pe/hold2258,VPWR,li1,311.4200,236.6400,1.599575
g_row\[1\].g_col\[0\].pe/hold2257,VPWR,li1,314.1800,236.6400,1.599585
g_row\[1\].g_col\[0\].pe/hold2256,VPWR,li1,313.2600,236.6400,1.599585
g_row\[0\].g_col\[0\].pe/hold2255,VPWR,li1,124.6600,176.8000,1.599764
g_row\[0\].g_col\[0\].pe/hold2254,VPWR,li1,108.5600,220.3200,1.599709
g_row\[1\].g_col\[1\].pe/hold2253,VPWR,li1,199.6400,40.8000,1.599792
g_row\[1\].g_col\[1\].pe/hold2252,VPWR,li1,190.9000,40.8000,1.599824
g_row\[1\].g_col\[1\].pe/hold2251,VPWR,li1,189.9800,35.3600,1.599810
g_row\[0\].g_col\[0\].pe/hold2250,VPWR,li1,148.5800,187.6800,1.599834
g_row\[0\].g_col\[0\].pe/hold2249,VPWR,li1,133.4000,220.3200,1.599717
g_row\[1\].g_col\[1\].pe/hold2248,VPWR,li1,205.6200,68.0000,1.599762
g_row\[1\].g_col\[1\].pe/hold2247,VPWR,li1,194.5800,40.8000,1.599807
g_row\[1\].g_col\[1\].pe/hold2246,VPWR,li1,191.3600,78.8800,1.599849
g_row\[0\].g_col\[1\].pe/hold2245,VPWR,li1,138.4600,51.6800,1.599795
g_row\[0\].g_col\[1\].pe/hold2244,VPWR,li1,115.4600,35.3600,1.599822
g_row\[0\].g_col\[1\].pe/hold2243,VPWR,li1,122.3600,62.5600,1.599764
g_row\[1\].g_col\[0\].pe/hold2242,VPWR,li1,313.7200,242.0800,1.599582
g_row\[1\].g_col\[0\].pe/hold2241,VPWR,li1,317.8600,225.7600,1.599689
g_row\[1\].g_col\[0\].pe/hold2240,VPWR,li1,326.6000,225.7600,1.599744
g_row\[0\].g_col\[1\].pe/hold2239,VPWR,li1,142.6000,46.2400,1.599710
g_row\[0\].g_col\[1\].pe/hold2238,VPWR,li1,142.6000,35.3600,1.599816
g_row\[0\].g_col\[0\].pe/hold2237,VPWR,li1,109.9400,182.2400,1.599815
g_row\[0\].g_col\[0\].pe/hold2236,VPWR,li1,126.9600,214.8800,1.599712
g_row\[1\].g_col\[0\].pe/hold2235,VPWR,li1,271.4000,242.0800,1.599408
g_row\[1\].g_col\[0\].pe/hold2234,VPWR,li1,273.2400,242.0800,1.599415
g_row\[1\].g_col\[0\].pe/hold2233,VPWR,li1,290.2600,242.0800,1.599470
g_row\[1\].g_col\[0\].pe/hold2232,VPWR,li1,294.8600,236.6400,1.599503
g_row\[1\].g_col\[0\].pe/hold2231,VPWR,li1,296.7000,236.6400,1.599508
g_row\[0\].g_col\[1\].pe/hold2230,VPWR,li1,136.6200,116.9600,1.599461
hold2229,VPWR,li1,54.7400,176.8000,1.599832
g_row\[0\].g_col\[0\].pe/hold2228,VPWR,li1,146.2800,204.0000,1.599695
g_row\[0\].g_col\[0\].pe/hold2227,VPWR,li1,151.8000,204.0000,1.599711
g_row\[0\].g_col\[0\].pe/hold2226,VPWR,li1,122.3600,231.2000,1.599728
g_row\[0\].g_col\[0\].pe/hold2225,VPWR,li1,133.4000,187.6800,1.599818
g_row\[0\].g_col\[0\].pe/hold2224,VPWR,li1,131.5600,214.8800,1.599714
g_row\[1\].g_col\[0\].pe/hold2223,VPWR,li1,293.0200,231.2000,1.599647
g_row\[1\].g_col\[0\].pe/hold2222,VPWR,li1,249.3200,204.0000,1.599694
g_row\[0\].g_col\[1\].pe/hold2221,VPWR,li1,132.4800,46.2400,1.599697
g_row\[0\].g_col\[1\].pe/hold2220,VPWR,li1,140.3000,35.3600,1.599816
g_row\[0\].g_col\[1\].pe/hold2219,VPWR,li1,138.0000,19.0400,1.599736
g_row\[0\].g_col\[1\].pe/hold2218,VPWR,li1,152.2600,122.4000,1.599513
g_row\[0\].g_col\[1\].pe/hold2217,VPWR,li1,142.1400,127.8400,1.599663
g_row\[0\].g_col\[1\].pe/hold2216,VPWR,li1,144.4400,127.8400,1.599671
g_row\[0\].g_col\[1\].pe/hold2215,VPWR,li1,137.5400,122.4000,1.599449
g_row\[0\].g_col\[1\].pe/hold2214,VPWR,li1,135.7000,122.4000,1.599438
g_row\[0\].g_col\[1\].pe/hold2213,VPWR,li1,135.7000,116.9600,1.599461
g_row\[1\].g_col\[1\].pe/hold2212,VPWR,li1,201.4800,51.6800,1.599751
g_row\[1\].g_col\[1\].pe/hold2211,VPWR,li1,200.1000,73.4400,1.599872
g_row\[0\].g_col\[1\].pe/hold2210,VPWR,li1,141.6800,68.0000,1.599805
g_row\[0\].g_col\[1\].pe/hold2209,VPWR,li1,109.9400,24.4800,1.599790
g_row\[1\].g_col\[1\].pe/hold2208,VPWR,li1,204.7000,46.2400,1.599773
g_row\[1\].g_col\[1\].pe/hold2207,VPWR,li1,205.6200,51.6800,1.599746
g_row\[1\].g_col\[1\].pe/hold2206,VPWR,li1,211.1400,46.2400,1.599769
g_row\[0\].g_col\[1\].pe/hold2205,VPWR,li1,137.0800,106.0800,1.599693
g_row\[0\].g_col\[1\].pe/hold2204,VPWR,li1,152.2600,100.6400,1.599733
g_row\[0\].g_col\[1\].pe/hold2203,VPWR,li1,145.8200,95.2000,1.599804
g_row\[0\].g_col\[1\].pe/hold2202,VPWR,li1,146.2800,95.2000,1.599804
g_row\[1\].g_col\[1\].pe/hold2201,VPWR,li1,174.3400,35.3600,1.599849
hold2200,VPWR,li1,188.1400,13.6000,1.599806
g_row\[1\].g_col\[1\].pe/hold2199,VPWR,li1,203.3200,111.5200,1.599615
hold2198,VPWR,li1,326.1400,149.6000,1.599873
g_row\[0\].g_col\[1\].pe/hold2197,VPWR,li1,107.6400,40.8000,1.599836
g_row\[0\].g_col\[1\].pe/hold2196,VPWR,li1,109.9400,35.3600,1.599824
g_row\[1\].g_col\[1\].pe/hold2195,VPWR,li1,208.8400,29.9200,1.599829
g_row\[1\].g_col\[1\].pe/hold2194,VPWR,li1,207.9200,35.3600,1.599787
g_row\[1\].g_col\[1\].pe/hold2193,VPWR,li1,215.7400,35.3600,1.599784
g_row\[0\].g_col\[1\].pe/hold2192,VPWR,li1,176.1800,35.3600,1.599853
g_row\[0\].g_col\[1\].pe/hold2191,VPWR,li1,167.9000,84.3200,1.599905
g_row\[0\].g_col\[1\].pe/hold2190,VPWR,li1,126.0400,116.9600,1.599415
g_row\[0\].g_col\[1\].pe/hold2189,VPWR,li1,133.8600,111.5200,1.599489
g_row\[0\].g_col\[1\].pe/hold2188,VPWR,li1,123.2800,122.4000,1.599399
g_row\[0\].g_col\[1\].pe/hold2187,VPWR,li1,138.4600,51.6800,1.599795
hold2186,VPWR,li1,149.9600,57.1200,1.599836
hold2185,VPWR,li1,179.8600,35.3600,1.599837
g_row\[0\].g_col\[1\].pe/hold2184,VPWR,li1,164.2200,68.0000,1.599821
g_row\[0\].g_col\[1\].pe/hold2183,VPWR,li1,161.4600,89.7600,1.599857
g_row\[1\].g_col\[1\].pe/hold2182,VPWR,li1,232.3000,29.9200,1.599825
g_row\[1\].g_col\[1\].pe/hold2181,VPWR,li1,197.8000,13.6000,1.599792
g_row\[1\].g_col\[1\].pe/hold2180,VPWR,li1,197.8000,13.6000,1.599792
g_row\[0\].g_col\[0\].pe/hold2179,VPWR,li1,197.8000,242.0800,1.599546
g_row\[0\].g_col\[0\].pe/hold2178,VPWR,li1,183.0800,236.6400,1.599674
g_row\[1\].g_col\[1\].pe/hold2177,VPWR,li1,233.2200,24.4800,1.599738
hold2176,VPWR,li1,163.3000,13.6000,1.599799
g_row\[0\].g_col\[1\].pe/hold2175,VPWR,li1,165.6000,84.3200,1.599900
g_row\[0\].g_col\[1\].pe/hold2174,VPWR,li1,124.2000,46.2400,1.599690
g_row\[0\].g_col\[1\].pe/hold2173,VPWR,li1,73.6000,13.6000,1.599792
g_row\[1\].g_col\[1\].pe/hold2172,VPWR,li1,215.7400,62.5600,1.599690
g_row\[1\].g_col\[1\].pe/hold2171,VPWR,li1,193.6600,35.3600,1.599805
hold2170,VPWR,li1,162.3800,35.3600,1.599832
g_row\[0\].g_col\[1\].pe/hold2169,VPWR,li1,135.2400,35.3600,1.599816
g_row\[0\].g_col\[1\].pe/hold2168,VPWR,li1,86.4800,40.8000,1.599852
g_row\[0\].g_col\[1\].pe/hold2167,VPWR,li1,86.0200,46.2400,1.599678
g_row\[0\].g_col\[0\].pe/hold2166,VPWR,li1,180.3200,231.2000,1.599785
g_row\[0\].g_col\[0\].pe/hold2165,VPWR,li1,186.7600,242.0800,1.599602
g_row\[0\].g_col\[1\].pe/hold2164,VPWR,li1,164.2200,35.3600,1.599835
g_row\[0\].g_col\[1\].pe/hold2163,VPWR,li1,158.7000,29.9200,1.599830
hold2162,VPWR,li1,152.2600,35.3600,1.599821
g_row\[0\].g_col\[0\].pe/hold2161,VPWR,li1,197.8000,236.6400,1.599578
g_row\[0\].g_col\[0\].pe/hold2160,VPWR,li1,164.6800,236.6400,1.599710
g_row\[0\].g_col\[0\].pe/hold2159,VPWR,li1,112.7000,242.0800,1.599424
g_row\[0\].g_col\[1\].pe/hold2158,VPWR,li1,158.7000,46.2400,1.599741
g_row\[0\].g_col\[1\].pe/hold2157,VPWR,li1,100.2800,68.0000,1.599817
g_row\[0\].g_col\[1\].pe/hold2156,VPWR,li1,167.9000,73.4400,1.599887
g_row\[0\].g_col\[1\].pe/hold2155,VPWR,li1,155.0200,51.6800,1.599805
g_row\[0\].g_col\[0\].pe/hold2154,VPWR,li1,218.5000,258.4000,1.599661
g_row\[0\].g_col\[0\].pe/hold2153,VPWR,li1,219.8800,258.4000,1.599661
g_row\[1\].g_col\[1\].pe/hold2152,VPWR,li1,201.4800,68.0000,1.599765
hold2151,VPWR,li1,192.7400,40.8000,1.599813
g_row\[0\].g_col\[1\].pe/hold2150,VPWR,li1,168.3600,51.6800,1.599819
hold2149,VPWR,li1,188.1400,35.3600,1.599818
g_row\[0\].g_col\[1\].pe/hold2148,VPWR,li1,135.7000,24.4800,1.599773
g_row\[0\].g_col\[1\].pe/hold2147,VPWR,li1,140.7600,46.2400,1.599708
g_row\[0\].g_col\[1\].pe/hold2146,VPWR,li1,132.4800,40.8000,1.599832
g_row\[0\].g_col\[1\].pe/hold2145,VPWR,li1,159.1600,29.9200,1.599830
g_row\[0\].g_col\[1\].pe/hold2144,VPWR,li1,148.5800,19.0400,1.599741
g_row\[1\].g_col\[1\].pe/hold2143,VPWR,li1,231.3800,35.3600,1.599786
g_row\[1\].g_col\[1\].pe/hold2142,VPWR,li1,220.3400,29.9200,1.599824
hold2141,VPWR,li1,225.8600,35.3600,1.599783
g_row\[1\].g_col\[1\].pe/hold2140,VPWR,li1,222.6400,46.2400,1.599762
hold2139,VPWR,li1,178.0200,35.3600,1.599842
g_row\[0\].g_col\[0\].pe/hold2138,VPWR,li1,219.8800,242.0800,1.599454
g_row\[0\].g_col\[0\].pe/hold2137,VPWR,li1,217.1200,247.5200,1.599531
g_row\[0\].g_col\[1\].pe/hold2136,VPWR,li1,148.5800,24.4800,1.599776
g_row\[0\].g_col\[1\].pe/hold2135,VPWR,li1,179.4000,84.3200,1.599910
g_row\[0\].g_col\[1\].pe/hold2134,VPWR,li1,99.8200,24.4800,1.599800
g_row\[0\].g_col\[1\].pe/hold2133,VPWR,li1,112.2400,29.9200,1.599811
g_row\[0\].g_col\[1\].pe/hold2132,VPWR,li1,59.3400,51.6800,1.599851
g_row\[0\].g_col\[1\].pe/hold2131,VPWR,li1,90.6200,51.6800,1.599812
g_row\[0\].g_col\[1\].pe/hold2130,VPWR,li1,124.6600,46.2400,1.599690
g_row\[0\].g_col\[1\].pe/hold2129,VPWR,li1,135.7000,19.0400,1.599736
g_row\[0\].g_col\[1\].pe/hold2128,VPWR,li1,177.1000,78.8800,1.599890
g_row\[0\].g_col\[1\].pe/hold2127,VPWR,li1,40.4800,40.8000,1.599909
g_row\[0\].g_col\[1\].pe/hold2126,VPWR,li1,67.1600,40.8000,1.599871
g_row\[0\].g_col\[0\].pe/hold2125,VPWR,li1,191.3600,242.0800,1.599578
g_row\[1\].g_col\[1\].pe/hold2124,VPWR,li1,236.4400,46.2400,1.599761
g_row\[1\].g_col\[1\].pe/hold2123,VPWR,li1,231.8400,51.6800,1.599725
g_row\[0\].g_col\[0\].pe/hold2122,VPWR,li1,202.8600,242.0800,1.599524
g_row\[0\].g_col\[0\].pe/hold2121,VPWR,li1,202.8600,247.5200,1.599569
g_row\[1\].g_col\[1\].pe/hold2120,VPWR,li1,222.6400,51.6800,1.599725
hold2119,VPWR,li1,175.7200,40.8000,1.599874
g_row\[0\].g_col\[1\].pe/hold2118,VPWR,li1,38.6400,35.3600,1.599911
g_row\[0\].g_col\[1\].pe/hold2117,VPWR,li1,93.3800,62.5600,1.599799
g_row\[0\].g_col\[1\].pe/hold2116,VPWR,li1,32.2000,24.4800,1.599918
g_row\[0\].g_col\[1\].pe/hold2115,VPWR,li1,69.0000,40.8000,1.599868
g_row\[0\].g_col\[0\].pe/hold2114,VPWR,li1,149.5000,89.7600,1.599847
g_row\[1\].g_col\[0\].pe/hold2113,VPWR,li1,380.4200,236.6400,1.599502
g_row\[1\].g_col\[0\].pe/hold2112,VPWR,li1,381.3400,231.2000,1.599579
g_row\[1\].g_col\[0\].pe/hold2111,VPWR,li1,378.5800,242.0800,1.599523
g_row\[0\].g_col\[0\].pe/hold2110,VPWR,li1,264.5000,252.9600,1.599492
g_row\[0\].g_col\[0\].pe/hold2109,VPWR,li1,261.2800,252.9600,1.599491
g_row\[0\].g_col\[0\].pe/hold2108,VPWR,li1,252.5400,247.5200,1.599514
g_row\[0\].g_col\[0\].pe/hold2107,VPWR,li1,238.7400,258.4000,1.599641
g_row\[0\].g_col\[0\].pe/hold2106,VPWR,li1,236.9000,258.4000,1.599642
g_row\[0\].g_col\[0\].pe/hold2105,VPWR,li1,258.9800,247.5200,1.599522
g_row\[0\].g_col\[0\].pe/hold2104,VPWR,li1,254.3800,247.5200,1.599517
g_row\[0\].g_col\[0\].pe/hold2103,VPWR,li1,259.9000,236.6400,1.599445
g_row\[0\].g_col\[0\].pe/hold2102,VPWR,li1,253.9200,242.0800,1.599392
g_row\[0\].g_col\[0\].pe/hold2101,VPWR,li1,252.0800,242.0800,1.599393
g_row\[1\].g_col\[1\].pe/hold2100,VPWR,li1,249.3200,13.6000,1.599779
hold2099,VPWR,li1,143.0600,40.8000,1.599836
g_row\[1\].g_col\[1\].pe/hold2098,VPWR,li1,247.0200,24.4800,1.599754
hold2097,VPWR,li1,189.5200,78.8800,1.599854
g_row\[0\].g_col\[0\].pe/hold2096,VPWR,li1,266.3400,258.4000,1.599661
g_row\[0\].g_col\[0\].pe/hold2095,VPWR,li1,268.1800,258.4000,1.599665
g_row\[1\].g_col\[1\].pe/hold2094,VPWR,li1,270.9400,13.6000,1.599795
g_row\[1\].g_col\[1\].pe/hold2093,VPWR,li1,270.4800,19.0400,1.599759
g_row\[1\].g_col\[1\].pe/hold2092,VPWR,li1,264.5000,24.4800,1.599776
g_row\[1\].g_col\[1\].pe/hold2091,VPWR,li1,238.7400,13.6000,1.599775
hold2090,VPWR,li1,193.2000,89.7600,1.599851
g_row\[1\].g_col\[1\].pe/hold2089,VPWR,li1,258.5200,24.4800,1.599769
hold2088,VPWR,li1,175.7200,19.0400,1.599807
g_row\[0\].g_col\[0\].pe/hold2087,VPWR,li1,223.5600,258.4000,1.599654
g_row\[0\].g_col\[0\].pe/hold2086,VPWR,li1,225.8600,252.9600,1.599521
g_row\[1\].g_col\[1\].pe/hold2085,VPWR,li1,249.3200,19.0400,1.599734
hold2084,VPWR,li1,167.9000,35.3600,1.599840
g_row\[1\].g_col\[0\].pe/hold2083,VPWR,li1,218.9600,220.3200,1.599718
hold2082,VPWR,li1,184.9200,220.3200,1.599769
g_row\[1\].g_col\[0\].pe/hold2081,VPWR,li1,200.1000,231.2000,1.599722
g_row\[1\].g_col\[0\].pe/hold2080,VPWR,li1,197.8000,225.7600,1.599665
g_row\[1\].g_col\[0\].pe/hold2079,VPWR,li1,201.4800,225.7600,1.599657
g_row\[1\].g_col\[0\].pe/hold2078,VPWR,li1,233.6800,231.2000,1.599663
g_row\[1\].g_col\[0\].pe/hold2077,VPWR,li1,230.9200,236.6400,1.599449
g_row\[1\].g_col\[0\].pe/hold2076,VPWR,li1,218.0400,242.0800,1.599461
g_row\[1\].g_col\[0\].pe/hold2075,VPWR,li1,241.0400,236.6400,1.599442
g_row\[1\].g_col\[0\].pe/hold2074,VPWR,li1,226.3200,247.5200,1.599517
g_row\[1\].g_col\[0\].pe/hold2073,VPWR,li1,235.5200,247.5200,1.599509
g_row\[1\].g_col\[0\].pe/hold2072,VPWR,li1,199.1800,171.3600,1.599851
g_row\[1\].g_col\[0\].pe/hold2071,VPWR,li1,206.5400,155.0400,1.599816
g_row\[1\].g_col\[0\].pe/hold2070,VPWR,li1,203.3200,242.0800,1.599516
hold2069,VPWR,li1,217.5800,242.0800,1.599461
g_row\[1\].g_col\[0\].pe/hold2068,VPWR,li1,227.2400,247.5200,1.599517
g_row\[1\].g_col\[0\].pe/hold2067,VPWR,li1,242.8800,236.6400,1.599441
g_row\[1\].g_col\[0\].pe/hold2066,VPWR,li1,239.2000,242.0800,1.599406
g_row\[1\].g_col\[0\].pe/hold2065,VPWR,li1,217.1200,236.6400,1.599486
g_row\[1\].g_col\[0\].pe/hold2064,VPWR,li1,216.6600,236.6400,1.599486
g_row\[1\].g_col\[0\].pe/hold2063,VPWR,li1,218.5000,236.6400,1.599480
g_row\[1\].g_col\[0\].pe/hold2062,VPWR,li1,201.0200,165.9200,1.599820
g_row\[1\].g_col\[0\].pe/hold2061,VPWR,li1,197.8000,149.6000,1.599871
g_row\[1\].g_col\[0\].pe/hold2060,VPWR,li1,201.9400,231.2000,1.599718
g_row\[1\].g_col\[0\].pe/hold2059,VPWR,li1,212.0600,236.6400,1.599502
g_row\[1\].g_col\[0\].pe/hold2058,VPWR,li1,210.2200,242.0800,1.599487
g_row\[1\].g_col\[0\].pe/hold2057,VPWR,li1,194.1200,155.0400,1.599837
g_row\[1\].g_col\[0\].pe/hold2056,VPWR,li1,200.1000,160.4800,1.599865
g_row\[1\].g_col\[0\].pe/hold2055,VPWR,li1,197.8000,176.8000,1.599763
g_row\[1\].g_col\[0\].pe/hold2054,VPWR,li1,197.8000,182.2400,1.599835
g_row\[1\].g_col\[0\].pe/hold2053,VPWR,li1,195.5000,171.3600,1.599855
g_row\[1\].g_col\[0\].pe/hold2052,VPWR,li1,204.2400,171.3600,1.599845
g_row\[1\].g_col\[0\].pe/hold2051,VPWR,li1,218.9600,165.9200,1.599808
g_row\[1\].g_col\[0\].pe/hold2050,VPWR,li1,195.5000,165.9200,1.599835
g_row\[1\].g_col\[0\].pe/hold2049,VPWR,li1,210.2200,182.2400,1.599817
hold2048,VPWR,li1,206.0800,187.6800,1.599824
hold2047,VPWR,li1,189.9800,193.1200,1.599798
g_row\[1\].g_col\[0\].pe/hold2046,VPWR,li1,205.1600,182.2400,1.599822
hold2045,VPWR,li1,199.1800,193.1200,1.599789
g_row\[1\].g_col\[0\].pe/hold2044,VPWR,li1,212.9800,187.6800,1.599823
hold2043,VPWR,li1,202.4000,193.1200,1.599787
hold2042,VPWR,li1,188.1400,198.5600,1.599828
g_row\[0\].g_col\[1\].pe/hold2041,VPWR,li1,33.1200,144.1600,1.599795
g_row\[0\].g_col\[1\].pe/hold2040,VPWR,li1,34.9600,149.6000,1.599848
g_row\[0\].g_col\[1\].pe/hold2039,VPWR,li1,43.2400,133.2800,1.599824
g_row\[0\].g_col\[1\].pe/hold2038,VPWR,li1,33.1200,133.2800,1.599862
g_row\[0\].g_col\[1\].pe/hold2037,VPWR,li1,34.9600,133.2800,1.599853
g_row\[0\].g_col\[1\].pe/hold2036,VPWR,li1,40.9400,122.4000,1.599634
g_row\[0\].g_col\[1\].pe/hold2035,VPWR,li1,70.8400,138.7200,1.599720
g_row\[0\].g_col\[1\].pe/hold2034,VPWR,li1,20.2400,51.6800,1.599931
g_row\[0\].g_col\[1\].pe/hold2033,VPWR,li1,86.4800,111.5200,1.599482
g_row\[0\].g_col\[1\].pe/hold2032,VPWR,li1,57.5000,100.6400,1.599603
g_row\[0\].g_col\[1\].pe/hold2031,VPWR,li1,58.8800,106.0800,1.599690
g_row\[0\].g_col\[1\].pe/hold2030,VPWR,li1,30.3600,73.4400,1.599926
g_row\[0\].g_col\[1\].pe/hold2029,VPWR,li1,48.7600,106.0800,1.599723
g_row\[0\].g_col\[1\].pe/hold2028,VPWR,li1,46.0000,84.3200,1.599894
g_row\[0\].g_col\[0\].pe/hold2027,VPWR,li1,53.8200,176.8000,1.599836
g_row\[0\].g_col\[0\].pe/hold2026,VPWR,li1,28.0600,187.6800,1.599896
g_row\[0\].g_col\[0\].pe/hold2025,VPWR,li1,132.9400,231.2000,1.599723
g_row\[0\].g_col\[0\].pe/hold2024,VPWR,li1,120.5200,225.7600,1.599704
g_row\[0\].g_col\[0\].pe/hold2023,VPWR,li1,139.8400,209.4400,1.599804
g_row\[0\].g_col\[0\].pe/hold2022,VPWR,li1,142.1400,209.4400,1.599806
g_row\[0\].g_col\[0\].pe/hold2021,VPWR,li1,177.1000,236.6400,1.599727
g_row\[0\].g_col\[0\].pe/hold2020,VPWR,li1,178.9400,236.6400,1.599706
hold2019,VPWR,li1,184.9200,236.6400,1.599660
g_row\[0\].g_col\[0\].pe/hold2018,VPWR,li1,174.3400,236.6400,1.599742
g_row\[0\].g_col\[0\].pe/hold2017,VPWR,li1,159.1600,263.8400,1.599744
g_row\[0\].g_col\[0\].pe/hold2016,VPWR,li1,162.3800,209.4400,1.599825
hold2015,VPWR,li1,166.0600,204.0000,1.599751
g_row\[0\].g_col\[0\].pe/hold2014,VPWR,li1,180.7800,220.3200,1.599786
g_row\[0\].g_col\[0\].pe/hold2013,VPWR,li1,162.8400,236.6400,1.599704
g_row\[0\].g_col\[0\].pe/hold2012,VPWR,li1,167.9000,231.2000,1.599784
g_row\[0\].g_col\[0\].pe/hold2011,VPWR,li1,152.7200,236.6400,1.599673
g_row\[0\].g_col\[0\].pe/hold2010,VPWR,li1,192.7400,231.2000,1.599741
g_row\[0\].g_col\[0\].pe/hold2009,VPWR,li1,175.2600,231.2000,1.599810
g_row\[0\].g_col\[0\].pe/hold2008,VPWR,li1,179.8600,242.0800,1.599645
g_row\[0\].g_col\[0\].pe/hold2007,VPWR,li1,140.3000,209.4400,1.599804
g_row\[0\].g_col\[0\].pe/hold2006,VPWR,li1,136.1600,220.3200,1.599720
g_row\[0\].g_col\[0\].pe/hold2005,VPWR,li1,166.5200,236.6400,1.599716
g_row\[0\].g_col\[0\].pe/hold2004,VPWR,li1,133.4000,214.8800,1.599716
g_row\[0\].g_col\[0\].pe/hold2003,VPWR,li1,134.7800,225.7600,1.599702
g_row\[0\].g_col\[0\].pe/hold2002,VPWR,li1,125.5800,242.0800,1.599413
g_row\[0\].g_col\[0\].pe/hold2001,VPWR,li1,148.5800,258.4000,1.599568
g_row\[0\].g_col\[0\].pe/hold2000,VPWR,li1,135.2400,247.5200,1.599512
g_row\[0\].g_col\[0\].pe/hold1999,VPWR,li1,133.4000,252.9600,1.599460
g_row\[0\].g_col\[0\].pe/hold1998,VPWR,li1,193.6600,252.9600,1.599627
g_row\[0\].g_col\[0\].pe/hold1997,VPWR,li1,190.9000,247.5200,1.599611
g_row\[0\].g_col\[0\].pe/hold1996,VPWR,li1,159.6200,258.4000,1.599642
g_row\[0\].g_col\[0\].pe/hold1995,VPWR,li1,164.6800,242.0800,1.599589
g_row\[0\].g_col\[0\].pe/hold1994,VPWR,li1,199.1800,252.9600,1.599604
g_row\[0\].g_col\[0\].pe/hold1993,VPWR,li1,192.7400,247.5200,1.599604
g_row\[0\].g_col\[0\].pe/hold1992,VPWR,li1,187.2200,247.5200,1.599630
g_row\[1\].g_col\[1\].pe/hold1991,VPWR,li1,290.2600,133.2800,1.599749
g_row\[1\].g_col\[1\].pe/hold1990,VPWR,li1,199.6400,122.4000,1.599514
hold1989,VPWR,li1,210.6800,144.1600,1.599836
g_row\[1\].g_col\[1\].pe/hold1988,VPWR,li1,225.8600,122.4000,1.599418
g_row\[1\].g_col\[1\].pe/hold1987,VPWR,li1,223.5600,149.6000,1.599853
hold1986,VPWR,li1,220.8000,165.9200,1.599808
g_row\[1\].g_col\[1\].pe/hold1985,VPWR,li1,202.8600,116.9600,1.599614
g_row\[1\].g_col\[1\].pe/hold1984,VPWR,li1,201.4800,122.4000,1.599504
g_row\[1\].g_col\[1\].pe/hold1983,VPWR,li1,212.9800,122.4000,1.599458
g_row\[1\].g_col\[1\].pe/hold1982,VPWR,li1,218.0400,127.8400,1.599761
g_row\[1\].g_col\[1\].pe/hold1981,VPWR,li1,218.9600,122.4000,1.599437
g_row\[1\].g_col\[1\].pe/hold1980,VPWR,li1,219.8800,127.8400,1.599760
g_row\[0\].g_col\[1\].pe/hold1979,VPWR,li1,168.8200,40.8000,1.599863
g_row\[0\].g_col\[1\].pe/hold1978,VPWR,li1,97.0600,62.5600,1.599792
g_row\[1\].g_col\[1\].pe/hold1977,VPWR,li1,246.1000,24.4800,1.599751
hold1976,VPWR,li1,175.2600,13.6000,1.599835
g_row\[0\].g_col\[1\].pe/hold1975,VPWR,li1,146.2800,46.2400,1.599718
g_row\[0\].g_col\[1\].pe/hold1974,VPWR,li1,147.6600,57.1200,1.599834
g_row\[0\].g_col\[1\].pe/hold1973,VPWR,li1,146.2800,73.4400,1.599846
g_row\[0\].g_col\[1\].pe/hold1972,VPWR,li1,151.3400,46.2400,1.599728
g_row\[0\].g_col\[1\].pe/hold1971,VPWR,li1,151.3400,51.6800,1.599801
g_row\[1\].g_col\[1\].pe/hold1970,VPWR,li1,258.0600,29.9200,1.599833
g_row\[1\].g_col\[1\].pe/hold1969,VPWR,li1,259.9000,29.9200,1.599834
g_row\[1\].g_col\[1\].pe/hold1968,VPWR,li1,235.5200,127.8400,1.599754
g_row\[1\].g_col\[1\].pe/hold1967,VPWR,li1,243.3400,133.2800,1.599760
g_row\[1\].g_col\[1\].pe/hold1966,VPWR,li1,236.4400,111.5200,1.599521
g_row\[1\].g_col\[1\].pe/hold1965,VPWR,li1,222.1800,57.1200,1.599759
g_row\[1\].g_col\[1\].pe/hold1964,VPWR,li1,223.5600,68.0000,1.599758
g_row\[1\].g_col\[1\].pe/hold1963,VPWR,li1,254.8400,35.3600,1.599803
g_row\[1\].g_col\[1\].pe/hold1962,VPWR,li1,256.6800,35.3600,1.599806
g_row\[1\].g_col\[1\].pe/hold1961,VPWR,li1,248.4000,51.6800,1.599746
g_row\[1\].g_col\[1\].pe/hold1960,VPWR,li1,249.3200,57.1200,1.599766
g_row\[0\].g_col\[0\].pe/hold1959,VPWR,li1,71.3000,209.4400,1.599829
g_row\[0\].g_col\[0\].pe/hold1958,VPWR,li1,58.8800,236.6400,1.599769
g_row\[1\].g_col\[1\].pe/hold1957,VPWR,li1,256.2200,40.8000,1.599750
g_row\[1\].g_col\[1\].pe/hold1956,VPWR,li1,235.9800,57.1200,1.599761
g_row\[1\].g_col\[1\].pe/hold1955,VPWR,li1,243.3400,35.3600,1.599793
g_row\[1\].g_col\[1\].pe/hold1954,VPWR,li1,245.1800,35.3600,1.599794
g_row\[1\].g_col\[1\].pe/hold1953,VPWR,li1,244.2600,29.9200,1.599828
g_row\[1\].g_col\[1\].pe/hold1952,VPWR,li1,247.9400,24.4800,1.599754
g_row\[1\].g_col\[1\].pe/hold1951,VPWR,li1,236.4400,106.0800,1.599793
hold1950,VPWR,li1,311.4200,144.1600,1.599790
g_row\[1\].g_col\[1\].pe/hold1949,VPWR,li1,238.7400,127.8400,1.599753
g_row\[1\].g_col\[1\].pe/hold1948,VPWR,li1,240.5800,127.8400,1.599753
g_row\[1\].g_col\[1\].pe/hold1947,VPWR,li1,242.4200,127.8400,1.599752
g_row\[1\].g_col\[1\].pe/hold1946,VPWR,li1,270.4800,116.9600,1.599628
g_row\[1\].g_col\[1\].pe/hold1945,VPWR,li1,255.7600,127.8400,1.599750
g_row\[1\].g_col\[1\].pe/hold1944,VPWR,li1,249.3200,127.8400,1.599751
g_row\[1\].g_col\[1\].pe/hold1943,VPWR,li1,251.6200,133.2800,1.599755
g_row\[1\].g_col\[1\].pe/hold1942,VPWR,li1,268.6400,116.9600,1.599623
g_row\[1\].g_col\[1\].pe/hold1941,VPWR,li1,264.5000,127.8400,1.599751
g_row\[1\].g_col\[1\].pe/hold1940,VPWR,li1,266.8000,133.2800,1.599749
g_row\[1\].g_col\[1\].pe/hold1939,VPWR,li1,264.9600,122.4000,1.599397
hold1938,VPWR,li1,289.8000,133.2800,1.599749
g_row\[1\].g_col\[0\].pe/hold1937,VPWR,li1,377.2000,231.2000,1.599582
g_row\[1\].g_col\[0\].pe/hold1936,VPWR,li1,377.2000,242.0800,1.599526
g_row\[0\].g_col\[0\].pe/hold1935,VPWR,li1,140.3000,247.5200,1.599519
g_row\[0\].g_col\[0\].pe/hold1934,VPWR,li1,136.1600,231.2000,1.599723
g_row\[0\].g_col\[0\].pe/hold1933,VPWR,li1,146.2800,252.9600,1.599503
g_row\[0\].g_col\[0\].pe/hold1932,VPWR,li1,118.6800,231.2000,1.599730
g_row\[0\].g_col\[0\].pe/hold1931,VPWR,li1,120.5200,236.6400,1.599642
g_row\[0\].g_col\[0\].pe/hold1930,VPWR,li1,120.5200,231.2000,1.599729
hold1929,VPWR,li1,103.0400,193.1200,1.599634
g_row\[1\].g_col\[1\].pe/hold1928,VPWR,li1,253.9200,127.8400,1.599750
g_row\[1\].g_col\[1\].pe/hold1927,VPWR,li1,251.1600,127.8400,1.599751
g_row\[1\].g_col\[0\].pe/hold1926,VPWR,li1,391.9200,252.9600,1.599523
g_row\[1\].g_col\[0\].pe/hold1925,VPWR,li1,381.3400,236.6400,1.599500
g_row\[1\].g_col\[0\].pe/hold1924,VPWR,li1,391.0000,252.9600,1.599524
g_row\[1\].g_col\[0\].pe/hold1923,VPWR,li1,374.4400,247.5200,1.599596
g_row\[1\].g_col\[0\].pe/hold1922,VPWR,li1,381.8000,258.4000,1.599833
g_row\[1\].g_col\[0\].pe/hold1921,VPWR,li1,385.0200,258.4000,1.599832
g_row\[1\].g_col\[0\].pe/hold1920,VPWR,li1,366.1600,220.3200,1.599797
g_row\[1\].g_col\[0\].pe/hold1919,VPWR,li1,370.7600,231.2000,1.599589
g_row\[1\].g_col\[0\].pe/hold1918,VPWR,li1,368.9200,231.2000,1.599592
g_row\[1\].g_col\[0\].pe/hold1917,VPWR,li1,363.8600,236.6400,1.599530
g_row\[1\].g_col\[0\].pe/hold1916,VPWR,li1,362.9400,231.2000,1.599608
g_row\[1\].g_col\[0\].pe/hold1915,VPWR,li1,361.1000,242.0800,1.599567
g_row\[1\].g_col\[0\].pe/hold1914,VPWR,li1,352.3600,225.7600,1.599696
g_row\[1\].g_col\[0\].pe/hold1913,VPWR,li1,355.5800,236.6400,1.599552
g_row\[1\].g_col\[0\].pe/hold1912,VPWR,li1,357.4200,236.6400,1.599544
g_row\[0\].g_col\[0\].pe/hold1911,VPWR,li1,103.5000,236.6400,1.599660
g_row\[0\].g_col\[0\].pe/hold1910,VPWR,li1,112.7000,236.6400,1.599648
g_row\[0\].g_col\[0\].pe/hold1909,VPWR,li1,140.3000,236.6400,1.599650
g_row\[0\].g_col\[0\].pe/hold1908,VPWR,li1,143.5200,225.7600,1.599704
g_row\[0\].g_col\[0\].pe/hold1907,VPWR,li1,148.5800,231.2000,1.599735
g_row\[1\].g_col\[0\].pe/hold1906,VPWR,li1,193.2000,220.3200,1.599749
hold1905,VPWR,li1,174.8000,209.4400,1.599842
g_row\[1\].g_col\[0\].pe/hold1904,VPWR,li1,211.1400,198.5600,1.599779
hold1903,VPWR,li1,201.0200,193.1200,1.599787
g_row\[1\].g_col\[0\].pe/hold1902,VPWR,li1,191.8200,193.1200,1.599795
hold1901,VPWR,li1,188.1400,193.1200,1.599801
g_row\[1\].g_col\[0\].pe/hold1900,VPWR,li1,251.1600,214.8800,1.599653
g_row\[1\].g_col\[0\].pe/hold1899,VPWR,li1,229.5400,242.0800,1.599427
hold1898,VPWR,li1,233.6800,225.7600,1.599562
g_row\[1\].g_col\[0\].pe/hold1897,VPWR,li1,207.9200,209.4400,1.599723
hold1896,VPWR,li1,188.6000,214.8800,1.599741
g_row\[1\].g_col\[0\].pe/hold1895,VPWR,li1,177.1000,193.1200,1.599819
hold1894,VPWR,li1,196.8800,214.8800,1.599701
g_row\[1\].g_col\[0\].pe/hold1893,VPWR,li1,200.1000,214.8800,1.599680
g_row\[1\].g_col\[0\].pe/hold1892,VPWR,li1,184.9200,204.0000,1.599764
g_row\[1\].g_col\[0\].pe/hold1891,VPWR,li1,253.0000,214.8800,1.599657
g_row\[1\].g_col\[0\].pe/hold1890,VPWR,li1,228.6200,247.5200,1.599515
hold1889,VPWR,li1,216.2000,242.0800,1.599467
g_row\[1\].g_col\[0\].pe/hold1888,VPWR,li1,186.7600,176.8000,1.599803
hold1887,VPWR,li1,194.5800,187.6800,1.599830
g_row\[1\].g_col\[0\].pe/hold1886,VPWR,li1,232.3000,225.7600,1.599562
g_row\[1\].g_col\[0\].pe/hold1885,VPWR,li1,238.7400,220.3200,1.599726
hold1884,VPWR,li1,230.4600,220.3200,1.599721
g_row\[0\].g_col\[0\].pe/hold1883,VPWR,li1,69.0000,236.6400,1.599734
g_row\[0\].g_col\[0\].pe/hold1882,VPWR,li1,115.9200,209.4400,1.599799
g_row\[0\].g_col\[0\].pe/hold1881,VPWR,li1,100.7400,225.7600,1.599727
g_row\[0\].g_col\[1\].pe/hold1880,VPWR,li1,85.1000,133.2800,1.599723
g_row\[0\].g_col\[1\].pe/hold1879,VPWR,li1,85.5600,127.8400,1.599594
g_row\[1\].g_col\[0\].pe/hold1878,VPWR,li1,240.1200,209.4400,1.599715
g_row\[1\].g_col\[0\].pe/hold1877,VPWR,li1,238.7400,214.8800,1.599632
hold1876,VPWR,li1,202.8600,236.6400,1.599544
g_row\[1\].g_col\[0\].pe/hold1875,VPWR,li1,235.5200,225.7600,1.599559
g_row\[1\].g_col\[0\].pe/hold1874,VPWR,li1,233.6800,231.2000,1.599663
g_row\[1\].g_col\[0\].pe/hold1873,VPWR,li1,248.8600,214.8800,1.599649
g_row\[1\].g_col\[0\].pe/hold1872,VPWR,li1,251.6200,209.4400,1.599732
g_row\[1\].g_col\[0\].pe/hold1871,VPWR,li1,365.2400,176.8000,1.599856
g_row\[1\].g_col\[0\].pe/hold1870,VPWR,li1,352.3600,165.9200,1.599784
g_row\[1\].g_col\[0\].pe/hold1869,VPWR,li1,326.6000,160.4800,1.599865
g_row\[1\].g_col\[0\].pe/hold1868,VPWR,li1,360.1800,160.4800,1.599735
g_row\[1\].g_col\[0\].pe/hold1867,VPWR,li1,365.2400,171.3600,1.599828
g_row\[1\].g_col\[0\].pe/hold1866,VPWR,li1,372.1400,182.2400,1.599833
g_row\[1\].g_col\[0\].pe/hold1865,VPWR,li1,368.9200,155.0400,1.599706
g_row\[1\].g_col\[0\].pe/hold1864,VPWR,li1,372.1400,149.6000,1.599801
g_row\[1\].g_col\[0\].pe/hold1863,VPWR,li1,341.3200,144.1600,1.599732
g_row\[1\].g_col\[0\].pe/hold1862,VPWR,li1,375.3600,149.6000,1.599798
g_row\[1\].g_col\[0\].pe/hold1861,VPWR,li1,238.7400,231.2000,1.599659
g_row\[1\].g_col\[0\].pe/hold1860,VPWR,li1,239.2000,236.6400,1.599443
g_row\[1\].g_col\[0\].pe/hold1859,VPWR,li1,346.3800,160.4800,1.599784
g_row\[1\].g_col\[0\].pe/hold1858,VPWR,li1,363.4000,149.6000,1.599808
g_row\[1\].g_col\[0\].pe/hold1857,VPWR,li1,354.6600,160.4800,1.599753
g_row\[1\].g_col\[0\].pe/hold1856,VPWR,li1,361.5600,171.3600,1.599836
g_row\[0\].g_col\[1\].pe/hold1855,VPWR,li1,50.1400,116.9600,1.599580
g_row\[0\].g_col\[1\].pe/hold1854,VPWR,li1,52.4400,122.4000,1.599539
g_row\[0\].g_col\[1\].pe/hold1853,VPWR,li1,90.1600,144.1600,1.599692
g_row\[0\].g_col\[1\].pe/hold1852,VPWR,li1,89.7000,144.1600,1.599692
g_row\[0\].g_col\[1\].pe/hold1851,VPWR,li1,63.4800,138.7200,1.599739
g_row\[0\].g_col\[1\].pe/hold1850,VPWR,li1,55.6600,133.2800,1.599789
g_row\[0\].g_col\[1\].pe/hold1849,VPWR,li1,29.9000,111.5200,1.599763
g_row\[0\].g_col\[1\].pe/hold1848,VPWR,li1,30.3600,111.5200,1.599749
g_row\[0\].g_col\[1\].pe/hold1847,VPWR,li1,43.2400,116.9600,1.599630
g_row\[0\].g_col\[1\].pe/hold1846,VPWR,li1,52.4400,116.9600,1.599565
g_row\[0\].g_col\[1\].pe/hold1845,VPWR,li1,56.1200,111.5200,1.599588
g_row\[0\].g_col\[1\].pe/hold1844,VPWR,li1,71.3000,155.0400,1.599824
g_row\[1\].g_col\[0\].pe/hold1843,VPWR,li1,391.9200,258.4000,1.599831
g_row\[1\].g_col\[0\].pe/hold1842,VPWR,li1,390.0800,263.8400,1.599715
g_row\[1\].g_col\[0\].pe/hold1841,VPWR,li1,374.4400,247.5200,1.599596
g_row\[1\].g_col\[0\].pe/hold1840,VPWR,li1,361.5600,149.6000,1.599810
g_row\[1\].g_col\[0\].pe/hold1839,VPWR,li1,365.2400,149.6000,1.599807
g_row\[1\].g_col\[0\].pe/hold1838,VPWR,li1,377.6600,127.8400,1.599740
g_row\[0\].g_col\[0\].pe/hold1837,VPWR,li1,110.8600,231.2000,1.599736
g_row\[0\].g_col\[0\].pe/hold1836,VPWR,li1,130.1800,209.4400,1.599800
g_row\[0\].g_col\[0\].pe/hold1835,VPWR,li1,123.7400,220.3200,1.599712
g_row\[1\].g_col\[0\].pe/hold1834,VPWR,li1,364.3200,263.8400,1.599738
g_row\[1\].g_col\[0\].pe/hold1833,VPWR,li1,378.1200,247.5200,1.599594
g_row\[1\].g_col\[0\].pe/hold1832,VPWR,li1,376.7400,242.0800,1.599526
g_row\[1\].g_col\[0\].pe/hold1831,VPWR,li1,383.6400,252.9600,1.599527
g_row\[1\].g_col\[0\].pe/hold1830,VPWR,li1,339.4800,258.4000,1.599860
g_row\[1\].g_col\[0\].pe/hold1829,VPWR,li1,345.0000,258.4000,1.599855
g_row\[1\].g_col\[0\].pe/hold1828,VPWR,li1,350.9800,258.4000,1.599850
g_row\[1\].g_col\[0\].pe/hold1827,VPWR,li1,350.0600,263.8400,1.599767
g_row\[1\].g_col\[0\].pe/hold1826,VPWR,li1,367.5400,263.8400,1.599728
g_row\[1\].g_col\[0\].pe/hold1825,VPWR,li1,377.2000,263.8400,1.599719
g_row\[1\].g_col\[0\].pe/hold1824,VPWR,li1,361.5600,258.4000,1.599841
g_row\[1\].g_col\[0\].pe/hold1823,VPWR,li1,365.7000,252.9600,1.599548
g_row\[1\].g_col\[0\].pe/hold1822,VPWR,li1,366.1600,263.8400,1.599733
g_row\[1\].g_col\[0\].pe/hold1821,VPWR,li1,328.9000,252.9600,1.599710
g_row\[1\].g_col\[0\].pe/hold1820,VPWR,li1,329.3600,263.8400,1.599828
g_row\[1\].g_col\[1\].pe/hold1819,VPWR,li1,357.4200,111.5200,1.599493
g_row\[1\].g_col\[1\].pe/hold1818,VPWR,li1,349.1400,106.0800,1.599789
g_row\[1\].g_col\[1\].pe/hold1817,VPWR,li1,361.5600,95.2000,1.599541
g_row\[1\].g_col\[1\].pe/hold1816,VPWR,li1,361.1000,100.6400,1.599597
g_row\[1\].g_col\[1\].pe/hold1815,VPWR,li1,350.0600,100.6400,1.599645
g_row\[1\].g_col\[1\].pe/hold1814,VPWR,li1,362.0200,78.8800,1.599801
g_row\[1\].g_col\[1\].pe/hold1813,VPWR,li1,370.7600,89.7600,1.599561
g_row\[1\].g_col\[1\].pe/hold1812,VPWR,li1,367.0800,89.7600,1.599572
g_row\[1\].g_col\[1\].pe/hold1811,VPWR,li1,348.2200,100.6400,1.599661
g_row\[1\].g_col\[1\].pe/hold1810,VPWR,li1,338.1000,100.6400,1.599718
g_row\[1\].g_col\[1\].pe/hold1809,VPWR,li1,341.7800,95.2000,1.599680
g_row\[1\].g_col\[1\].pe/hold1808,VPWR,li1,345.9200,89.7600,1.599663
g_row\[1\].g_col\[1\].pe/hold1807,VPWR,li1,350.9800,100.6400,1.599645
g_row\[1\].g_col\[1\].pe/hold1806,VPWR,li1,347.3000,106.0800,1.599795
g_row\[0\].g_col\[0\].pe/hold1805,VPWR,li1,129.2600,225.7600,1.599702
g_row\[0\].g_col\[0\].pe/hold1804,VPWR,li1,131.1000,225.7600,1.599702
g_row\[0\].g_col\[0\].pe/hold1803,VPWR,li1,146.2800,220.3200,1.599731
g_row\[0\].g_col\[0\].pe/hold1802,VPWR,li1,150.4200,225.7600,1.599707
g_row\[0\].g_col\[0\].pe/hold1801,VPWR,li1,152.7200,209.4400,1.599815
g_row\[0\].g_col\[0\].pe/hold1800,VPWR,li1,152.2600,225.7600,1.599708
g_row\[0\].g_col\[0\].pe/hold1799,VPWR,li1,161.4600,225.7600,1.599715
g_row\[0\].g_col\[0\].pe/hold1798,VPWR,li1,144.4400,220.3200,1.599726
g_row\[0\].g_col\[0\].pe/hold1797,VPWR,li1,133.8600,220.3200,1.599718
g_row\[1\].g_col\[1\].pe/hold1796,VPWR,li1,227.2400,116.9600,1.599574
hold1795,VPWR,li1,217.1200,133.2800,1.599785
g_row\[0\].g_col\[1\].pe/hold1794,VPWR,li1,152.7200,127.8400,1.599703
g_row\[0\].g_col\[1\].pe/hold1793,VPWR,li1,146.2800,127.8400,1.599678
g_row\[0\].g_col\[1\].pe/hold1792,VPWR,li1,148.5800,133.2800,1.599771
g_row\[1\].g_col\[0\].pe/hold1791,VPWR,li1,333.5000,149.6000,1.599868
g_row\[1\].g_col\[0\].pe/hold1790,VPWR,li1,350.9800,160.4800,1.599773
g_row\[1\].g_col\[0\].pe/hold1789,VPWR,li1,346.3800,138.7200,1.599733
g_row\[1\].g_col\[0\].pe/hold1788,VPWR,li1,339.4800,138.7200,1.599753
g_row\[1\].g_col\[0\].pe/hold1787,VPWR,li1,320.6200,138.7200,1.599771
g_row\[1\].g_col\[0\].pe/hold1786,VPWR,li1,326.1400,133.2800,1.599786
g_row\[1\].g_col\[0\].pe/hold1785,VPWR,li1,328.9000,155.0400,1.599856
g_row\[1\].g_col\[0\].pe/hold1784,VPWR,li1,341.7800,133.2800,1.599708
g_row\[1\].g_col\[1\].pe/hold1783,VPWR,li1,244.2600,51.6800,1.599739
g_row\[1\].g_col\[1\].pe/hold1782,VPWR,li1,235.5200,40.8000,1.599729
hold1781,VPWR,li1,204.7000,40.8000,1.599777
g_row\[1\].g_col\[1\].pe/hold1780,VPWR,li1,224.0200,29.9200,1.599824
g_row\[1\].g_col\[1\].pe/hold1779,VPWR,li1,224.9400,35.3600,1.599783
hold1778,VPWR,li1,193.2000,40.8000,1.599813
g_row\[1\].g_col\[1\].pe/hold1777,VPWR,li1,241.0400,51.6800,1.599736
g_row\[1\].g_col\[1\].pe/hold1776,VPWR,li1,234.1400,57.1200,1.599760
g_row\[1\].g_col\[0\].pe/hold1775,VPWR,li1,235.0600,204.0000,1.599678
g_row\[1\].g_col\[0\].pe/hold1774,VPWR,li1,225.4000,204.0000,1.599684
g_row\[1\].g_col\[0\].pe/hold1773,VPWR,li1,216.6600,209.4400,1.599705
g_row\[1\].g_col\[0\].pe/hold1772,VPWR,li1,327.0600,122.4000,1.599720
g_row\[1\].g_col\[0\].pe/hold1771,VPWR,li1,344.5400,138.7200,1.599738
g_row\[1\].g_col\[0\].pe/hold1770,VPWR,li1,303.6000,252.9600,1.599579
g_row\[1\].g_col\[0\].pe/hold1769,VPWR,li1,323.8400,242.0800,1.599661
g_row\[1\].g_col\[1\].pe/hold1768,VPWR,li1,281.5200,116.9600,1.599655
g_row\[1\].g_col\[1\].pe/hold1767,VPWR,li1,280.1400,133.2800,1.599748
hold1766,VPWR,li1,311.8800,149.6000,1.599854
g_row\[1\].g_col\[0\].pe/hold1765,VPWR,li1,230.9200,187.6800,1.599827
g_row\[1\].g_col\[0\].pe/hold1764,VPWR,li1,233.6800,198.5600,1.599763
hold1763,VPWR,li1,198.7200,214.8800,1.599688
g_row\[1\].g_col\[0\].pe/hold1762,VPWR,li1,246.5600,204.0000,1.599689
g_row\[1\].g_col\[0\].pe/hold1761,VPWR,li1,247.4800,204.0000,1.599689
g_row\[1\].g_col\[0\].pe/hold1760,VPWR,li1,318.3200,263.8400,1.599779
g_row\[1\].g_col\[0\].pe/hold1759,VPWR,li1,313.7200,263.8400,1.599766
g_row\[1\].g_col\[0\].pe/hold1758,VPWR,li1,304.0600,263.8400,1.599743
g_row\[1\].g_col\[0\].pe/hold1757,VPWR,li1,322.4600,263.8400,1.599804
g_row\[1\].g_col\[0\].pe/hold1756,VPWR,li1,327.0600,252.9600,1.599697
g_row\[0\].g_col\[0\].pe/hold1755,VPWR,li1,64.8600,242.0800,1.599610
g_row\[0\].g_col\[0\].pe/hold1754,VPWR,li1,69.0000,225.7600,1.599790
g_row\[0\].g_col\[0\].pe/hold1753,VPWR,li1,69.0000,247.5200,1.599612
g_row\[1\].g_col\[1\].pe/hold1752,VPWR,li1,374.9000,133.2800,1.599613
g_row\[1\].g_col\[1\].pe/hold1751,VPWR,li1,379.0400,116.9600,1.599721
g_row\[0\].g_col\[0\].pe/hold1750,VPWR,li1,58.4200,247.5200,1.599658
g_row\[0\].g_col\[0\].pe/hold1749,VPWR,li1,110.4000,209.4400,1.599799
g_row\[0\].g_col\[0\].pe/hold1748,VPWR,li1,97.5200,231.2000,1.599753
g_row\[1\].g_col\[1\].pe/hold1747,VPWR,li1,380.8800,116.9600,1.599718
g_row\[1\].g_col\[1\].pe/hold1746,VPWR,li1,380.4200,116.9600,1.599721
g_row\[1\].g_col\[0\].pe/hold1745,VPWR,li1,287.9600,258.4000,1.599715
g_row\[1\].g_col\[0\].pe/hold1744,VPWR,li1,281.0600,263.8400,1.599708
g_row\[1\].g_col\[1\].pe/hold1743,VPWR,li1,341.7800,122.4000,1.599699
g_row\[1\].g_col\[1\].pe/hold1742,VPWR,li1,359.7200,144.1600,1.599634
g_row\[1\].g_col\[1\].pe/hold1741,VPWR,li1,342.2400,116.9600,1.599799
g_row\[1\].g_col\[1\].pe/hold1740,VPWR,li1,365.2400,57.1200,1.599767
g_row\[1\].g_col\[1\].pe/hold1739,VPWR,li1,365.2400,62.5600,1.599742
g_row\[1\].g_col\[1\].pe/hold1738,VPWR,li1,365.2400,62.5600,1.599742
g_row\[1\].g_col\[1\].pe/hold1737,VPWR,li1,362.4800,127.8400,1.599750
g_row\[1\].g_col\[1\].pe/hold1736,VPWR,li1,363.8600,122.4000,1.599641
g_row\[1\].g_col\[0\].pe/hold1735,VPWR,li1,289.8000,258.4000,1.599721
g_row\[1\].g_col\[0\].pe/hold1734,VPWR,li1,296.2400,258.4000,1.599742
g_row\[1\].g_col\[0\].pe/hold1733,VPWR,li1,282.9000,263.8400,1.599711
g_row\[1\].g_col\[0\].pe/hold1732,VPWR,li1,275.5400,258.4000,1.599680
g_row\[1\].g_col\[0\].pe/hold1731,VPWR,li1,271.8600,258.4000,1.599670
g_row\[1\].g_col\[1\].pe/hold1730,VPWR,li1,376.2800,51.6800,1.599810
g_row\[1\].g_col\[1\].pe/hold1729,VPWR,li1,378.1200,51.6800,1.599806
g_row\[1\].g_col\[1\].pe/hold1728,VPWR,li1,376.7400,51.6800,1.599810
g_row\[1\].g_col\[0\].pe/hold1727,VPWR,li1,230.4600,193.1200,1.599789
g_row\[1\].g_col\[0\].pe/hold1726,VPWR,li1,229.0800,187.6800,1.599826
g_row\[1\].g_col\[0\].pe/hold1725,VPWR,li1,216.6600,187.6800,1.599824
g_row\[1\].g_col\[0\].pe/hold1724,VPWR,li1,228.6200,193.1200,1.599787
g_row\[0\].g_col\[0\].pe/hold1723,VPWR,li1,26.6800,247.5200,1.599815
g_row\[0\].g_col\[0\].pe/hold1722,VPWR,li1,84.6400,165.9200,1.599802
g_row\[0\].g_col\[0\].pe/hold1721,VPWR,li1,45.5400,236.6400,1.599813
g_row\[0\].g_col\[0\].pe/hold1720,VPWR,li1,58.4200,247.5200,1.599658
g_row\[0\].g_col\[0\].pe/hold1719,VPWR,li1,106.7200,220.3200,1.599710
g_row\[0\].g_col\[0\].pe/hold1718,VPWR,li1,107.6400,165.9200,1.599807
g_row\[0\].g_col\[0\].pe/hold1717,VPWR,li1,37.2600,236.6400,1.599844
g_row\[0\].g_col\[0\].pe/hold1716,VPWR,li1,30.3600,252.9600,1.599777
g_row\[1\].g_col\[1\].pe/hold1715,VPWR,li1,356.9600,68.0000,1.599730
g_row\[1\].g_col\[1\].pe/hold1714,VPWR,li1,353.7400,73.4400,1.599805
g_row\[1\].g_col\[1\].pe/hold1713,VPWR,li1,344.0800,89.7600,1.599673
g_row\[1\].g_col\[1\].pe/hold1712,VPWR,li1,372.1400,57.1200,1.599750
g_row\[1\].g_col\[1\].pe/hold1711,VPWR,li1,376.2800,57.1200,1.599742
g_row\[1\].g_col\[1\].pe/hold1710,VPWR,li1,378.5800,62.5600,1.599716
g_row\[1\].g_col\[1\].pe/hold1709,VPWR,li1,356.9600,68.0000,1.599730
g_row\[1\].g_col\[1\].pe/hold1708,VPWR,li1,353.2800,68.0000,1.599745
g_row\[1\].g_col\[1\].pe/hold1707,VPWR,li1,391.4600,29.9200,1.599810
g_row\[1\].g_col\[1\].pe/hold1706,VPWR,li1,352.3600,73.4400,1.599810
g_row\[1\].g_col\[1\].pe/hold1705,VPWR,li1,355.1200,68.0000,1.599737
g_row\[0\].g_col\[0\].pe/hold1704,VPWR,li1,28.5200,247.5200,1.599804
g_row\[0\].g_col\[0\].pe/hold1703,VPWR,li1,65.3200,209.4400,1.599840
g_row\[1\].g_col\[1\].pe/hold1702,VPWR,li1,380.4200,51.6800,1.599803
g_row\[1\].g_col\[1\].pe/hold1701,VPWR,li1,383.6400,51.6800,1.599801
g_row\[0\].g_col\[0\].pe/hold1700,VPWR,li1,57.5000,220.3200,1.599799
g_row\[0\].g_col\[0\].pe/hold1699,VPWR,li1,103.9600,182.2400,1.599817
g_row\[0\].g_col\[0\].pe/hold1698,VPWR,li1,103.0400,193.1200,1.599634
g_row\[1\].g_col\[1\].pe/hold1697,VPWR,li1,347.7600,73.4400,1.599819
g_row\[1\].g_col\[1\].pe/hold1696,VPWR,li1,374.4400,51.6800,1.599812
g_row\[1\].g_col\[1\].pe/hold1695,VPWR,li1,385.9400,46.2400,1.599848
g_row\[1\].g_col\[0\].pe/hold1694,VPWR,li1,346.8400,231.2000,1.599662
g_row\[1\].g_col\[0\].pe/hold1693,VPWR,li1,349.1400,231.2000,1.599654
g_row\[1\].g_col\[0\].pe/hold1692,VPWR,li1,350.9800,236.6400,1.599567
g_row\[1\].g_col\[1\].pe/hold1691,VPWR,li1,373.5200,100.6400,1.599549
g_row\[1\].g_col\[0\].pe/hold1690,VPWR,li1,341.7800,236.6400,1.599609
g_row\[1\].g_col\[0\].pe/hold1689,VPWR,li1,340.8600,242.0800,1.599643
g_row\[0\].g_col\[0\].pe/hold1688,VPWR,li1,91.5400,214.8800,1.599736
g_row\[0\].g_col\[0\].pe/hold1687,VPWR,li1,97.0600,209.4400,1.599804
g_row\[0\].g_col\[0\].pe/hold1686,VPWR,li1,91.5400,225.7600,1.599745
g_row\[1\].g_col\[1\].pe/hold1685,VPWR,li1,326.1400,106.0800,1.599841
g_row\[1\].g_col\[1\].pe/hold1684,VPWR,li1,327.9800,100.6400,1.599791
g_row\[1\].g_col\[1\].pe/hold1683,VPWR,li1,305.9000,111.5200,1.599598
g_row\[1\].g_col\[1\].pe/hold1682,VPWR,li1,310.9600,100.6400,1.599768
g_row\[1\].g_col\[1\].pe/hold1681,VPWR,li1,311.4200,106.0800,1.599816
g_row\[1\].g_col\[1\].pe/hold1680,VPWR,li1,302.6800,111.5200,1.599590
g_row\[1\].g_col\[1\].pe/hold1679,VPWR,li1,311.8800,111.5200,1.599613
g_row\[1\].g_col\[1\].pe/hold1678,VPWR,li1,311.8800,122.4000,1.599611
g_row\[1\].g_col\[1\].pe/hold1677,VPWR,li1,316.0200,111.5200,1.599630
g_row\[1\].g_col\[1\].pe/hold1676,VPWR,li1,309.1200,116.9600,1.599753
g_row\[1\].g_col\[1\].pe/hold1675,VPWR,li1,307.7400,122.4000,1.599586
g_row\[1\].g_col\[1\].pe/hold1674,VPWR,li1,306.8200,116.9600,1.599745
g_row\[1\].g_col\[1\].pe/hold1673,VPWR,li1,297.1600,127.8400,1.599778
g_row\[1\].g_col\[1\].pe/hold1672,VPWR,li1,358.3400,89.7600,1.599597
g_row\[1\].g_col\[1\].pe/hold1671,VPWR,li1,353.2800,78.8800,1.599815
g_row\[1\].g_col\[1\].pe/hold1670,VPWR,li1,355.5800,73.4400,1.599801
g_row\[1\].g_col\[1\].pe/hold1669,VPWR,li1,312.8000,100.6400,1.599770
g_row\[1\].g_col\[1\].pe/hold1668,VPWR,li1,313.2600,95.2000,1.599753
g_row\[1\].g_col\[1\].pe/hold1667,VPWR,li1,321.5400,100.6400,1.599780
g_row\[1\].g_col\[1\].pe/hold1666,VPWR,li1,328.9000,111.5200,1.599680
g_row\[1\].g_col\[1\].pe/hold1665,VPWR,li1,313.7200,122.4000,1.599622
g_row\[1\].g_col\[1\].pe/hold1664,VPWR,li1,310.0400,122.4000,1.599600
g_row\[1\].g_col\[1\].pe/hold1663,VPWR,li1,335.3400,116.9600,1.599814
g_row\[1\].g_col\[0\].pe/hold1662,VPWR,li1,265.8800,252.9600,1.599495
g_row\[1\].g_col\[0\].pe/hold1661,VPWR,li1,269.5600,252.9600,1.599496
g_row\[1\].g_col\[0\].pe/hold1660,VPWR,li1,271.4000,252.9600,1.599499
g_row\[1\].g_col\[0\].pe/hold1659,VPWR,li1,275.0800,242.0800,1.599420
hold1658,VPWR,li1,27.1400,236.6400,1.599883
hold1657,VPWR,li1,46.4600,214.8800,1.599839
hold1656,VPWR,li1,49.2200,209.4400,1.599869
g_row\[1\].g_col\[1\].pe/hold1655,VPWR,li1,339.0200,84.3200,1.599772
g_row\[1\].g_col\[1\].pe/hold1654,VPWR,li1,337.1800,84.3200,1.599782
g_row\[1\].g_col\[1\].pe/hold1653,VPWR,li1,344.5400,89.7600,1.599673
g_row\[1\].g_col\[1\].pe/hold1652,VPWR,li1,329.3600,84.3200,1.599828
g_row\[1\].g_col\[1\].pe/hold1651,VPWR,li1,348.6800,84.3200,1.599725
g_row\[1\].g_col\[1\].pe/hold1650,VPWR,li1,346.8400,84.3200,1.599733
g_row\[1\].g_col\[1\].pe/hold1649,VPWR,li1,350.5200,84.3200,1.599717
g_row\[1\].g_col\[1\].pe/hold1648,VPWR,li1,352.3600,84.3200,1.599709
g_row\[1\].g_col\[1\].pe/hold1647,VPWR,li1,350.0600,78.8800,1.599822
g_row\[1\].g_col\[1\].pe/hold1646,VPWR,li1,347.7600,89.7600,1.599653
g_row\[1\].g_col\[1\].pe/hold1645,VPWR,li1,331.2000,95.2000,1.599751
g_row\[1\].g_col\[1\].pe/hold1644,VPWR,li1,341.7800,89.7600,1.599686
g_row\[1\].g_col\[1\].pe/hold1643,VPWR,li1,329.3600,95.2000,1.599770
g_row\[1\].g_col\[1\].pe/hold1642,VPWR,li1,298.5400,116.9600,1.599709
hold1641,VPWR,li1,291.1800,127.8400,1.599770
hold1640,VPWR,li1,166.5200,193.1200,1.599793
hold1639,VPWR,li1,21.1600,236.6400,1.599900
hold1638,VPWR,li1,57.9600,204.0000,1.599801
hold1637,VPWR,li1,48.3000,214.8800,1.599834
g_row\[0\].g_col\[0\].pe/hold1636,VPWR,li1,89.7000,198.5600,1.599814
hold1635,VPWR,li1,37.7200,242.0800,1.599753
hold1634,VPWR,li1,46.0000,220.3200,1.599832
hold1633,VPWR,li1,32.6600,225.7600,1.599888
hold1632,VPWR,li1,194.1200,149.6000,1.599877
hold1631,VPWR,li1,101.2000,149.6000,1.599811
hold1630,VPWR,li1,7.8200,68.0000,1.599938
hold1629,VPWR,li1,149.0400,138.7200,1.599735
hold1628,VPWR,li1,64.4000,144.1600,1.599701
hold1627,VPWR,li1,19.7800,84.3200,1.599942
hold1626,VPWR,li1,137.5400,155.0400,1.599851
hold1625,VPWR,li1,36.8000,149.6000,1.599841
hold1624,VPWR,li1,74.9800,149.6000,1.599794
hold1623,VPWR,li1,82.8000,111.5200,1.599495
hold1622,VPWR,li1,33.1200,68.0000,1.599916
hold1621,VPWR,li1,46.4600,68.0000,1.599893
hold1620,VPWR,li1,80.0400,116.9600,1.599427
hold1619,VPWR,li1,21.1600,51.6800,1.599932
hold1618,VPWR,li1,36.8000,68.0000,1.599909
hold1617,VPWR,li1,24.3800,182.2400,1.599936
hold1616,VPWR,li1,30.3600,62.5600,1.599918
hold1615,VPWR,li1,19.7800,40.8000,1.599945
hold1614,VPWR,li1,132.0200,165.9200,1.599825
hold1613,VPWR,li1,151.8000,198.5600,1.599818
hold1612,VPWR,li1,167.4400,187.6800,1.599859
hold1611,VPWR,li1,364.7800,127.8400,1.599748
hold1610,VPWR,li1,362.4800,106.0800,1.599760
hold1609,VPWR,li1,381.8000,51.6800,1.599803
hold1608,VPWR,li1,27.1400,133.2800,1.599879
hold1607,VPWR,li1,43.2400,127.8400,1.599713
hold1606,VPWR,li1,21.6200,78.8800,1.599952
hold1605,VPWR,li1,316.9400,127.8400,1.599809
hold1604,VPWR,li1,352.3600,116.9600,1.599773
hold1603,VPWR,li1,390.0800,62.5600,1.599706
hold1602,VPWR,li1,48.3000,214.8800,1.599834
hold1601,VPWR,li1,69.0000,204.0000,1.599770
hold1600,VPWR,li1,43.2400,231.2000,1.599867
hold1599,VPWR,li1,362.0200,133.2800,1.599621
hold1598,VPWR,li1,368.0000,106.0800,1.599753
hold1597,VPWR,li1,329.8200,111.5200,1.599688
hold1596,VPWR,li1,22.0800,138.7200,1.599890
hold1595,VPWR,li1,8.2800,182.2400,1.599940
hold1594,VPWR,li1,8.2800,204.0000,1.599915
hold1593,VPWR,li1,15.6400,187.6800,1.599915
hold1592,VPWR,li1,37.2600,84.3200,1.599909
hold1591,VPWR,li1,28.0600,46.2400,1.599816
hold1590,VPWR,li1,9.6600,155.0400,1.599882
hold1589,VPWR,li1,43.2400,133.2800,1.599824
hold1588,VPWR,li1,66.2400,144.1600,1.599696
hold1587,VPWR,li1,109.9400,198.5600,1.599800
hold1586,VPWR,li1,37.2600,252.9600,1.599726
hold1585,VPWR,li1,55.2000,225.7600,1.599827
hold1584,VPWR,li1,381.3400,176.8000,1.599843
hold1583,VPWR,li1,344.5400,182.2400,1.599879
hold1582,VPWR,li1,367.5400,214.8800,1.599717
hold1581,VPWR,li1,337.1800,116.9600,1.599810
hold1580,VPWR,li1,365.2400,111.5200,1.599469
hold1579,VPWR,li1,359.7200,95.2000,1.599551
hold1578,VPWR,li1,391.4600,116.9600,1.599710
hold1577,VPWR,li1,380.4200,182.2400,1.599822
hold1576,VPWR,li1,385.0200,214.8800,1.599701
hold1575,VPWR,li1,384.5600,209.4400,1.599803
hold1574,VPWR,li1,339.0200,171.3600,1.599881
hold1573,VPWR,li1,370.7600,198.5600,1.599810
hold1572,VPWR,li1,376.2800,187.6800,1.599842
hold1571,VPWR,li1,391.9200,220.3200,1.599787
hold1570,VPWR,li1,363.8600,204.0000,1.599793
hold1569,VPWR,li1,8.2800,198.5600,1.599932
hold1568,VPWR,li1,71.3000,138.7200,1.599720
hold1567,VPWR,li1,92.9200,138.7200,1.599691
hold1566,VPWR,li1,380.4200,193.1200,1.599850
hold1565,VPWR,li1,356.9600,182.2400,1.599859
hold1564,VPWR,li1,367.5400,204.0000,1.599789
hold1563,VPWR,li1,117.3000,214.8800,1.599710
hold1562,VPWR,li1,103.0400,198.5600,1.599802
hold1561,VPWR,li1,122.8200,182.2400,1.599815
hold1560,VPWR,li1,180.7800,258.4000,1.599739
hold1559,VPWR,li1,158.2400,263.8400,1.599744
hold1558,VPWR,li1,236.4400,263.8400,1.599740
hold1557,VPWR,li1,63.9400,73.4400,1.599869
hold1556,VPWR,li1,40.0200,62.5600,1.599897
hold1555,VPWR,li1,84.1800,89.7600,1.599852
hold1554,VPWR,li1,85.5600,204.0000,1.599735
hold1553,VPWR,li1,136.6200,182.2400,1.599820
hold1552,VPWR,li1,56.1200,236.6400,1.599775
hold1551,VPWR,li1,139.3800,176.8000,1.599784
hold1550,VPWR,li1,80.9600,220.3200,1.599742
hold1549,VPWR,li1,68.5400,225.7600,1.599795
hold1548,VPWR,li1,384.1000,182.2400,1.599818
hold1547,VPWR,li1,352.8200,165.9200,1.599784
hold1546,VPWR,li1,391.9200,236.6400,1.599495
hold1545,VPWR,li1,63.4800,144.1600,1.599701
hold1544,VPWR,li1,21.6200,62.5600,1.599937
hold1543,VPWR,li1,45.5400,73.4400,1.599894
hold1542,VPWR,li1,379.5000,127.8400,1.599740
hold1541,VPWR,li1,391.0000,144.1600,1.599587
hold1540,VPWR,li1,380.4200,106.0800,1.599738
hold1539,VPWR,li1,21.6200,225.7600,1.599919
hold1538,VPWR,li1,33.5800,198.5600,1.599905
hold1537,VPWR,li1,67.6200,182.2400,1.599855
hold1536,VPWR,li1,390.5400,133.2800,1.599612
hold1535,VPWR,li1,378.1200,89.7600,1.599546
hold1534,VPWR,li1,391.9200,62.5600,1.599706
hold1533,VPWR,li1,174.3400,263.8400,1.599818
hold1532,VPWR,li1,110.8600,242.0800,1.599428
hold1531,VPWR,li1,163.3000,182.2400,1.599853
hold1530,VPWR,li1,180.7800,258.4000,1.599739
hold1529,VPWR,li1,204.7000,252.9600,1.599582
hold1528,VPWR,li1,251.6200,258.4000,1.599640
hold1527,VPWR,li1,72.6800,35.3600,1.599860
hold1526,VPWR,li1,127.4200,78.8800,1.599859
hold1525,VPWR,li1,94.7600,51.6800,1.599809
hold1524,VPWR,li1,25.7600,225.7600,1.599906
hold1523,VPWR,li1,58.4200,198.5600,1.599857
hold1522,VPWR,li1,49.6800,204.0000,1.599822
hold1521,VPWR,li1,8.2800,176.8000,1.599908
hold1520,VPWR,li1,7.8200,78.8800,1.599951
hold1519,VPWR,li1,19.7800,35.3600,1.599942
hold1518,VPWR,li1,86.4800,19.0400,1.599780
hold1517,VPWR,li1,154.5600,78.8800,1.599875
hold1516,VPWR,li1,56.1200,19.0400,1.599842
hold1515,VPWR,li1,97.9800,242.0800,1.599462
hold1514,VPWR,li1,128.3400,209.4400,1.599800
hold1513,VPWR,li1,77.7400,247.5200,1.599577
hold1512,VPWR,li1,172.0400,258.4000,1.599734
hold1511,VPWR,li1,204.2400,252.9600,1.599589
hold1510,VPWR,li1,251.6200,263.8400,1.599722
hold1509,VPWR,li1,157.3200,84.3200,1.599890
hold1508,VPWR,li1,164.2200,84.3200,1.599900
hold1507,VPWR,li1,196.8800,95.2000,1.599842
hold1506,VPWR,li1,66.2400,242.0800,1.599596
hold1505,VPWR,li1,83.2600,225.7600,1.599759
hold1504,VPWR,li1,30.3600,247.5200,1.599794
hold1503,VPWR,li1,41.4000,247.5200,1.599742
hold1502,VPWR,li1,40.4800,242.0800,1.599737
hold1501,VPWR,li1,94.7600,160.4800,1.599770
hold1500,VPWR,li1,77.7400,138.7200,1.599706
hold1499,VPWR,li1,62.5600,133.2800,1.599767
hold1498,VPWR,li1,19.7800,78.8800,1.599952
hold1497,VPWR,li1,163.7600,193.1200,1.599782
hold1496,VPWR,li1,87.8600,263.8400,1.599568
hold1495,VPWR,li1,151.3400,182.2400,1.599835
hold1494,VPWR,li1,109.9400,29.9200,1.599812
hold1493,VPWR,li1,148.5800,73.4400,1.599849
hold1492,VPWR,li1,143.0600,78.8800,1.599866
hold1491,VPWR,li1,20.7000,144.1600,1.599856
hold1490,VPWR,li1,9.2000,100.6400,1.599807
hold1489,VPWR,li1,8.2800,89.7600,1.599938
hold1488,VPWR,li1,148.5800,84.3200,1.599878
hold1487,VPWR,li1,97.0600,40.8000,1.599842
hold1486,VPWR,li1,161.4600,106.0800,1.599774
hold1485,VPWR,li1,137.0800,78.8800,1.599863
hold1484,VPWR,li1,141.2200,78.8800,1.599865
hold1483,VPWR,li1,67.1600,29.9200,1.599859
hold1482,VPWR,li1,133.4000,89.7600,1.599837
hold1481,VPWR,li1,85.1000,46.2400,1.599678
hold1480,VPWR,li1,131.1000,95.2000,1.599779
hold1479,VPWR,li1,98.4400,220.3200,1.599717
hold1478,VPWR,li1,79.1200,252.9600,1.599512
hold1477,VPWR,li1,17.4800,263.8400,1.599816
hold1476,VPWR,li1,136.6200,89.7600,1.599838
hold1475,VPWR,li1,109.9400,62.5600,1.599777
hold1474,VPWR,li1,71.3000,40.8000,1.599865
hold1473,VPWR,li1,101.2000,252.9600,1.599458
hold1472,VPWR,li1,101.2000,247.5200,1.599521
hold1471,VPWR,li1,86.9400,236.6400,1.599691
hold1470,VPWR,li1,77.2800,252.9600,1.599519
hold1469,VPWR,li1,33.5800,263.8400,1.599741
hold1468,VPWR,li1,124.2000,182.2400,1.599816
hold1467,VPWR,li1,94.7600,236.6400,1.599674
hold1466,VPWR,li1,148.5800,176.8000,1.599798
hold1465,VPWR,li1,97.9800,214.8800,1.599724
hold1464,VPWR,li1,16.5600,182.2400,1.599940
hold1463,VPWR,li1,11.5000,204.0000,1.599915
hold1462,VPWR,li1,77.7400,155.0400,1.599823
hold1461,VPWR,li1,50.1400,214.8800,1.599829
hold1460,VPWR,li1,45.5400,231.2000,1.599861
hold1459,VPWR,li1,69.4600,204.0000,1.599770
hold1458,VPWR,li1,99.3600,29.9200,1.599820
hold1457,VPWR,li1,118.6800,40.8000,1.599833
hold1456,VPWR,li1,65.3200,24.4800,1.599851
hold1455,VPWR,li1,189.5200,78.8800,1.599854
hold1454,VPWR,li1,258.0600,19.0400,1.599742
hold1453,VPWR,li1,212.9800,73.4400,1.599859
hold1452,VPWR,li1,162.3800,78.8800,1.599881
hold1451,VPWR,li1,186.3000,95.2000,1.599860
hold1450,VPWR,li1,189.5200,95.2000,1.599853
hold1449,VPWR,li1,46.0000,204.0000,1.599833
hold1448,VPWR,li1,35.8800,204.0000,1.599866
hold1447,VPWR,li1,73.1400,149.6000,1.599793
hold1446,VPWR,li1,92.9200,40.8000,1.599845
hold1445,VPWR,li1,144.4400,95.2000,1.599798
hold1444,VPWR,li1,100.7400,68.0000,1.599817
hold1443,VPWR,li1,94.7600,13.6000,1.599763
hold1442,VPWR,li1,256.2200,13.6000,1.599783
hold1441,VPWR,li1,216.6600,73.4400,1.599855
hold1440,VPWR,li1,39.5600,198.5600,1.599895
hold1439,VPWR,li1,42.3200,204.0000,1.599847
hold1438,VPWR,li1,90.1600,155.0400,1.599824
hold1437,VPWR,li1,390.0800,182.2400,1.599815
hold1436,VPWR,li1,376.2800,193.1200,1.599855
hold1435,VPWR,li1,370.3000,193.1200,1.599859
hold1434,VPWR,li1,50.6000,100.6400,1.599634
hold1433,VPWR,li1,74.5200,127.8400,1.599609
hold1432,VPWR,li1,43.2400,89.7600,1.599897
hold1431,VPWR,li1,50.1400,68.0000,1.599886
hold1430,VPWR,li1,31.2800,57.1200,1.599926
hold1429,VPWR,li1,71.3000,89.7600,1.599861
clkload17,VPWR,li1,275.0800,122.4000,1.599420
clkload16,VPWR,li1,341.7800,84.3200,1.599757
clkload15,VPWR,li1,197.8000,122.4000,1.599524
clkload14,VPWR,li1,208.1500,62.5600,1.599690
clkload13,VPWR,li1,60.9500,263.8400,1.599597
clkload12,VPWR,li1,102.5800,182.2400,1.599817
clkload11,VPWR,li1,166.7500,95.2000,1.599851
clkload10,VPWR,li1,60.0300,46.2400,1.599691
clkload9,VPWR,li1,88.3200,111.5200,1.599477
clkload8,VPWR,li1,281.0600,225.7600,1.599515
clkload7,VPWR,li1,320.3900,225.7600,1.599702
clkload6,VPWR,li1,217.1200,214.8800,1.599612
clkload5,VPWR,li1,352.8200,138.7200,1.599715
clkload4,VPWR,li1,249.7800,116.9600,1.599581
clkload3,VPWR,li1,139.3800,242.0800,1.599430
clkload2,VPWR,li1,80.5000,193.1200,1.599607
clkload1,VPWR,li1,184.0000,68.0000,1.599797
clkload0,VPWR,li1,115.9200,111.5200,1.599443
clkbuf_4_15_0_clk,VPWR,li1,278.7600,225.7600,1.599508
clkbuf_4_14_0_clk,VPWR,li1,323.3800,231.2000,1.599710
clkbuf_4_13_0_clk,VPWR,li1,217.1200,214.8800,1.599612
clkbuf_4_12_0_clk,VPWR,li1,216.6600,176.8000,1.599702
clkbuf_4_11_0_clk,VPWR,li1,352.8200,133.2800,1.599642
clkbuf_4_10_0_clk,VPWR,li1,354.6600,111.5200,1.599508
clkbuf_4_9_0_clk,VPWR,li1,249.7800,111.5200,1.599491
clkbuf_4_8_0_clk,VPWR,li1,247.0200,78.8800,1.599719
clkbuf_4_7_0_clk,VPWR,li1,139.3800,242.0800,1.599430
clkbuf_4_6_0_clk,VPWR,li1,161.4600,225.7600,1.599715
clkbuf_4_5_0_clk,VPWR,li1,78.2000,193.1200,1.599608
clkbuf_4_4_0_clk,VPWR,li1,48.3000,171.3600,1.599669
clkbuf_4_3_0_clk,VPWR,li1,184.0000,62.5600,1.599738
clkbuf_4_2_0_clk,VPWR,li1,168.3600,46.2400,1.599771
clkbuf_4_1_0_clk,VPWR,li1,115.9200,116.9600,1.599370
clkbuf_4_0_0_clk,VPWR,li1,72.2200,100.6400,1.599541
clkbuf_0_clk,VPWR,li1,205.6200,138.7200,1.599557
clkbuf_leaf_102_clk,VPWR,li1,59.8000,46.2400,1.599691
clkbuf_leaf_101_clk,VPWR,li1,161.9200,24.4800,1.599787
clkbuf_leaf_100_clk,VPWR,li1,163.3000,19.0400,1.599761
clkbuf_leaf_99_clk,VPWR,li1,173.8800,13.6000,1.599826
clkbuf_leaf_98_clk,VPWR,li1,189.0600,19.0400,1.599752
clkbuf_leaf_97_clk,VPWR,li1,194.1200,24.4800,1.599750
clkbuf_leaf_96_clk,VPWR,li1,198.7200,35.3600,1.599792
clkbuf_leaf_95_clk,VPWR,li1,178.9400,35.3600,1.599842
clkbuf_leaf_94_clk,VPWR,li1,177.5600,51.6800,1.599822
clkbuf_leaf_93_clk,VPWR,li1,193.2000,51.6800,1.599765
clkbuf_leaf_92_clk,VPWR,li1,193.6600,68.0000,1.599771
clkbuf_leaf_91_clk,VPWR,li1,177.5600,68.0000,1.599822
clkbuf_leaf_90_clk,VPWR,li1,168.3600,62.5600,1.599773
clkbuf_leaf_89_clk,VPWR,li1,168.8200,89.7600,1.599864
clkbuf_leaf_88_clk,VPWR,li1,207.0000,122.4000,1.599475
clkbuf_leaf_87_clk,VPWR,li1,217.1200,116.9600,1.599579
clkbuf_leaf_86_clk,VPWR,li1,210.2200,62.5600,1.599688
clkbuf_leaf_85_clk,VPWR,li1,214.3600,57.1200,1.599760
clkbuf_leaf_84_clk,VPWR,li1,230.4600,51.6800,1.599722
clkbuf_leaf_83_clk,VPWR,li1,242.4200,40.8000,1.599727
clkbuf_leaf_82_clk,VPWR,li1,219.8800,40.8000,1.599738
clkbuf_leaf_81_clk,VPWR,li1,213.4400,24.4800,1.599722
clkbuf_leaf_80_clk,VPWR,li1,214.8200,19.0400,1.599709
clkbuf_leaf_79_clk,VPWR,li1,339.0200,89.7600,1.599711
clkbuf_leaf_78_clk,VPWR,li1,358.3400,89.7600,1.599597
clkbuf_leaf_7_clk,VPWR,li1,124.2000,127.8400,1.599604
clkbuf_leaf_6_clk,VPWR,li1,139.3800,111.5200,1.599508
clkbuf_leaf_0_clk,VPWR,li1,38.1800,46.2400,1.599762
clkbuf_leaf_77_clk,VPWR,li1,374.4400,84.3200,1.599634
clkbuf_leaf_44_clk,VPWR,li1,210.6800,182.2400,1.599817
clkbuf_leaf_43_clk,VPWR,li1,206.5400,165.9200,1.599809
clkbuf_leaf_42_clk,VPWR,li1,201.0200,155.0400,1.599820
clkbuf_leaf_41_clk,VPWR,li1,192.2800,187.6800,1.599831
clkbuf_leaf_40_clk,VPWR,li1,180.3200,193.1200,1.599811
clkbuf_leaf_39_clk,VPWR,li1,145.8200,204.0000,1.599695
clkbuf_leaf_76_clk,VPWR,li1,379.0400,95.2000,1.599471
clkbuf_leaf_75_clk,VPWR,li1,378.5800,111.5200,1.599434
clkbuf_leaf_74_clk,VPWR,li1,347.7600,127.8400,1.599766
clkbuf_leaf_73_clk,VPWR,li1,315.5600,122.4000,1.599633
clkbuf_leaf_72_clk,VPWR,li1,318.7800,111.5200,1.599638
clkbuf_leaf_71_clk,VPWR,li1,279.2200,122.4000,1.599433
clkbuf_leaf_70_clk,VPWR,li1,259.4400,122.4000,1.599381
clkbuf_leaf_16_clk,VPWR,li1,26.6800,144.1600,1.599821
clkbuf_leaf_14_clk,VPWR,li1,62.1000,160.4800,1.599748
clkbuf_leaf_38_clk,VPWR,li1,159.1600,220.3200,1.599750
clkbuf_leaf_4_clk,VPWR,li1,97.5200,122.4000,1.599360
clkbuf_leaf_1_clk,VPWR,li1,24.8400,106.0800,1.599825
clkbuf_leaf_2_clk,VPWR,li1,22.5400,127.8400,1.599828
clkbuf_leaf_3_clk,VPWR,li1,62.1000,122.4000,1.599473
clkbuf_leaf_5_clk,VPWR,li1,89.7000,116.9600,1.599390
clkbuf_leaf_69_clk,VPWR,li1,239.6600,122.4000,1.599382
clkbuf_leaf_37_clk,VPWR,li1,174.8000,204.0000,1.599778
clkbuf_leaf_36_clk,VPWR,li1,194.1200,209.4400,1.599757
clkbuf_leaf_35_clk,VPWR,li1,198.7200,220.3200,1.599732
clkbuf_leaf_34_clk,VPWR,li1,185.8400,231.2000,1.599760
clkbuf_leaf_33_clk,VPWR,li1,174.8000,220.3200,1.599802
clkbuf_leaf_32_clk,VPWR,li1,181.2400,247.5200,1.599650
clkbuf_leaf_68_clk,VPWR,li1,333.9600,138.7200,1.599774
clkbuf_leaf_67_clk,VPWR,li1,339.4800,149.6000,1.599843
clkbuf_leaf_66_clk,VPWR,li1,355.5800,144.1600,1.599650
clkbuf_leaf_65_clk,VPWR,li1,365.2400,144.1600,1.599615
clkbuf_leaf_64_clk,VPWR,li1,379.9600,144.1600,1.599587
clkbuf_leaf_63_clk,VPWR,li1,387.3200,155.0400,1.599666
clkbuf_leaf_62_clk,VPWR,li1,384.1000,160.4800,1.599674
clkbuf_leaf_15_clk,VPWR,li1,44.1600,149.6000,1.599817
clkbuf_leaf_13_clk,VPWR,li1,84.6400,144.1600,1.599682
clkbuf_leaf_31_clk,VPWR,li1,165.6000,258.4000,1.599673
clkbuf_leaf_60_clk,VPWR,li1,368.4600,231.2000,1.599592
clkbuf_leaf_30_clk,VPWR,li1,161.4600,247.5200,1.599601
clkbuf_leaf_29_clk,VPWR,li1,152.2600,252.9600,1.599541
clkbuf_leaf_28_clk,VPWR,li1,139.8400,258.4000,1.599525
clkbuf_leaf_27_clk,VPWR,li1,120.0600,258.4000,1.599477
clkbuf_leaf_26_clk,VPWR,li1,119.6000,252.9600,1.599439
clkbuf_leaf_25_clk,VPWR,li1,120.0600,242.0800,1.599413
clkbuf_leaf_59_clk,VPWR,li1,384.1000,242.0800,1.599512
clkbuf_leaf_58_clk,VPWR,li1,371.6800,263.8400,1.599722
clkbuf_leaf_57_clk,VPWR,li1,345.4600,252.9600,1.599603
clkbuf_leaf_56_clk,VPWR,li1,316.9400,263.8400,1.599779
clkbuf_leaf_55_clk,VPWR,li1,322.0000,236.6400,1.599636
clkbuf_leaf_54_clk,VPWR,li1,303.6000,236.6400,1.599526
clkbuf_leaf_53_clk,VPWR,li1,282.4400,263.8400,1.599708
clkbuf_leaf_12_clk,VPWR,li1,119.1400,176.8000,1.599757
clkbuf_leaf_24_clk,VPWR,li1,141.6800,231.2000,1.599724
clkbuf_leaf_11_clk,VPWR,li1,182.6200,133.2800,1.599830
clkbuf_leaf_8_clk,VPWR,li1,146.7400,122.4000,1.599486
clkbuf_leaf_52_clk,VPWR,li1,260.8200,258.4000,1.599646
clkbuf_leaf_23_clk,VPWR,li1,63.0200,263.8400,1.599589
clkbuf_leaf_22_clk,VPWR,li1,65.3200,187.6800,1.599800
clkbuf_leaf_21_clk,VPWR,li1,26.6800,171.3600,1.599777
clkbuf_leaf_20_clk,VPWR,li1,39.1000,171.3600,1.599697
clkbuf_leaf_19_clk,VPWR,li1,37.7200,160.4800,1.599798
clkbuf_leaf_18_clk,VPWR,li1,19.3200,165.9200,1.599880
clkbuf_leaf_51_clk,VPWR,li1,258.5200,242.0800,1.599390
clkbuf_leaf_50_clk,VPWR,li1,229.5400,236.6400,1.599449
clkbuf_leaf_49_clk,VPWR,li1,217.5800,225.7600,1.599589
clkbuf_leaf_48_clk,VPWR,li1,213.4400,209.4400,1.599708
clkbuf_leaf_47_clk,VPWR,li1,226.3200,209.4400,1.599699
clkbuf_leaf_46_clk,VPWR,li1,237.8200,204.0000,1.599677
clkbuf_leaf_45_clk,VPWR,li1,223.1000,198.5600,1.599761
clkbuf_leaf_17_clk,VPWR,li1,19.7800,155.0400,1.599884
clkbuf_leaf_9_clk,VPWR,li1,158.2400,116.9600,1.599579
clkbuf_leaf_10_clk,VPWR,li1,167.4400,127.8400,1.599763
output1389,VPWR,li1,325.6800,263.8400,1.599819
output1385,VPWR,li1,348.2200,263.8400,1.599772
output1386,VPWR,li1,334.4200,263.8400,1.599814
output1387,VPWR,li1,325.6800,263.8400,1.599819
output1388,VPWR,li1,203.7800,263.8400,1.599788
output1384,VPWR,li1,357.4200,263.8400,1.599750
output1383,VPWR,li1,376.2800,247.5200,1.599595
output1382,VPWR,li1,372.6000,247.5200,1.599598
output1390,VPWR,li1,300.8400,263.8400,1.599739
output1379,VPWR,li1,43.2400,84.3200,1.599899
output1376,VPWR,li1,51.9800,62.5600,1.599868
output1377,VPWR,li1,188.6000,263.8400,1.599812
output1378,VPWR,li1,9.6600,13.6000,1.599918
output1380,VPWR,li1,380.4200,263.8400,1.599718
output1381,VPWR,li1,361.5600,263.8400,1.599744
output1375,VPWR,li1,39.1000,29.9200,1.599909
output1374,VPWR,li1,56.1200,95.2000,1.599825
output1373,VPWR,li1,56.1200,106.0800,1.599695
output1391,VPWR,li1,299.0000,263.8400,1.599736
output1368,VPWR,li1,48.7600,100.6400,1.599643
output1369,VPWR,li1,36.3400,78.8800,1.599925
output1366,VPWR,li1,197.8000,263.8400,1.599797
output1365,VPWR,li1,38.6400,68.0000,1.599906
output1367,VPWR,li1,80.5000,182.2400,1.599837
output1370,VPWR,li1,53.8200,78.8800,1.599903
output1364,VPWR,li1,32.2000,35.3600,1.599921
output1363,VPWR,li1,7.8200,13.6000,1.599918
output1371,VPWR,li1,45.5400,57.1200,1.599903
output1362,VPWR,li1,28.5200,89.7600,1.599925
output1361,VPWR,li1,217.5800,263.8400,1.599768
output1360,VPWR,li1,219.8800,263.8400,1.599766
output1372,VPWR,li1,30.3600,24.4800,1.599923
output1358,VPWR,li1,232.7600,263.8400,1.599745
output1356,VPWR,li1,240.5800,263.8400,1.599734
output1357,VPWR,li1,240.5800,252.9600,1.599491
output1359,VPWR,li1,234.6000,263.8400,1.599742
output1355,VPWR,li1,194.1200,258.4000,1.599711
input1310,VPWR,li1,391.9200,84.3200,1.599624
input1308,VPWR,li1,8.2800,122.4000,1.599790
input1311,VPWR,li1,50.6000,89.7600,1.599884
input1312,VPWR,li1,7.8200,40.8000,1.599942
input1313,VPWR,li1,45.5400,62.5600,1.599884
output1393,VPWR,li1,266.3400,252.9600,1.599495
output1394,VPWR,li1,260.8200,247.5200,1.599524
output1396,VPWR,li1,363.4000,263.8400,1.599738
output1395,VPWR,li1,249.3200,247.5200,1.599512
output1399,VPWR,li1,200.1000,263.8400,1.599794
output1398,VPWR,li1,391.0000,68.0000,1.599691
output1397,VPWR,li1,390.5400,144.1600,1.599587
output1400,VPWR,li1,391.0000,78.8800,1.599780
output1401,VPWR,li1,382.7200,116.9600,1.599716
output1402,VPWR,li1,380.4200,68.0000,1.599694
output1410,VPWR,li1,201.9400,263.8400,1.599791
output1411,VPWR,li1,333.0400,111.5200,1.599666
output1412,VPWR,li1,358.3400,182.2400,1.599854
output1413,VPWR,li1,365.2400,95.2000,1.599524
output1414,VPWR,li1,370.7600,62.5600,1.599727
output1417,VPWR,li1,159.1600,258.4000,1.599631
output1415,VPWR,li1,207.4600,263.8400,1.599782
output1416,VPWR,li1,120.5200,263.8400,1.599599
g_row\[1\].g_col\[0\].pe/wire1420,VPWR,li1,306.1300,252.9600,1.599596
output1418,VPWR,li1,101.6600,263.8400,1.599574
g_row\[1\].g_col\[1\].pe/max_cap1419,VPWR,li1,325.4500,116.9600,1.599815
g_row\[0\].g_col\[0\].pe/_2689__1421,VPWR,li1,112.0100,182.2400,1.599815
g_row\[1\].g_col\[1\].pe/_2688__1428,VPWR,li1,317.6300,46.2400,1.599888
g_row\[1\].g_col\[1\].pe/_2689__1427,VPWR,li1,216.4300,73.4400,1.599857
g_row\[1\].g_col\[0\].pe/_2688__1426,VPWR,li1,255.0700,209.4400,1.599735
output1403,VPWR,li1,341.7800,106.0800,1.599806
output1404,VPWR,li1,391.0000,51.6800,1.599796
output1408,VPWR,li1,358.8000,106.0800,1.599770
output1405,VPWR,li1,377.2000,73.4400,1.599775
output1406,VPWR,li1,391.0000,29.9200,1.599810
output1407,VPWR,li1,376.2800,89.7600,1.599549
output1409,VPWR,li1,391.0000,106.0800,1.599735
g_row\[1\].g_col\[0\].pe/_2689__1425,VPWR,li1,210.9100,160.4800,1.599856
g_row\[0\].g_col\[1\].pe/_2688__1424,VPWR,li1,163.9900,84.3200,1.599900
input1314,VPWR,li1,17.0200,24.4800,1.599941
output1392,VPWR,li1,290.2600,263.8400,1.599720
g_row\[0\].g_col\[1\].pe/_2689__1423,VPWR,li1,23.2300,40.8000,1.599942
g_row\[0\].g_col\[0\].pe/_2688__1422,VPWR,li1,139.6100,214.8800,1.599721
input1307,VPWR,li1,8.2800,198.5600,1.599932
input1309,VPWR,li1,54.7400,127.8400,1.599666
output1354,VPWR,li1,26.6800,111.5200,1.599777
input1353,VPWR,li1,53.3600,84.3200,1.599886
input1352,VPWR,li1,59.8000,133.2800,1.599775
input1351,VPWR,li1,27.6000,78.8800,1.599939
input1350,VPWR,li1,25.3000,187.6800,1.599905
input1349,VPWR,li1,74.0600,242.0800,1.599559
input1348,VPWR,li1,86.4800,258.4000,1.599518
input1347,VPWR,li1,46.0000,263.8400,1.599676
input1346,VPWR,li1,104.8800,193.1200,1.599637
input1345,VPWR,li1,71.3000,204.0000,1.599765
input1344,VPWR,li1,98.9000,209.4400,1.599802
input1343,VPWR,li1,131.1000,198.5600,1.599802
input1342,VPWR,li1,45.0800,13.6000,1.599860
input1341,VPWR,li1,112.7000,78.8800,1.599858
input1340,VPWR,li1,81.8800,247.5200,1.599563
input1339,VPWR,li1,84.1800,95.2000,1.599786
input1338,VPWR,li1,87.4000,19.0400,1.599780
input1337,VPWR,li1,29.9000,78.8800,1.599936
input1336,VPWR,li1,135.7000,78.8800,1.599862
input1335,VPWR,li1,137.5400,78.8800,1.599863
input1334,VPWR,li1,98.4400,68.0000,1.599819
input1333,VPWR,li1,60.2600,68.0000,1.599869
input1332,VPWR,li1,174.3400,106.0800,1.599835
input1331,VPWR,li1,267.2600,19.0400,1.599755
input1330,VPWR,li1,184.9200,89.7600,1.599864
input1329,VPWR,li1,106.7200,198.5600,1.599801
input1328,VPWR,li1,96.1400,46.2400,1.599679
input1327,VPWR,li1,200.1000,84.3200,1.599876
input1326,VPWR,li1,92.9200,13.6000,1.599766
input1325,VPWR,li1,87.4000,29.9200,1.599834
input1324,VPWR,li1,126.5000,209.4400,1.599799
input1323,VPWR,li1,96.1400,252.9600,1.599469
input1322,VPWR,li1,176.6400,263.8400,1.599833
input1321,VPWR,li1,206.0800,252.9600,1.599582
input1320,VPWR,li1,122.8200,263.8400,1.599604
input1319,VPWR,li1,76.8200,263.8400,1.599571
input1318,VPWR,li1,95.2200,182.2400,1.599824
input1317,VPWR,li1,7.8200,209.4400,1.599932
input1316,VPWR,li1,100.7400,182.2400,1.599818
input1315,VPWR,li1,16.1000,242.0800,1.599849
input1304,VPWR,li1,363.4000,95.2000,1.599532
input1301,VPWR,li1,372.6000,198.5600,1.599807
input1300,VPWR,li1,376.7400,133.2800,1.599613
input1302,VPWR,li1,378.5800,57.1200,1.599738
input1298,VPWR,li1,368.4600,214.8800,1.599717
input1297,VPWR,li1,50.1400,122.4000,1.599563
input1299,VPWR,li1,382.2600,68.0000,1.599693
input1303,VPWR,li1,360.6400,106.0800,1.599764
input1296,VPWR,li1,347.3000,176.8000,1.599875
input1295,VPWR,li1,391.0000,193.1200,1.599845
input1305,VPWR,li1,346.3800,95.2000,1.599647
input1294,VPWR,li1,378.1200,220.3200,1.599790
input1306,VPWR,li1,9.6600,84.3200,1.599941
input1291,VPWR,li1,89.2400,165.9200,1.599802
input1288,VPWR,li1,67.1600,225.7600,1.599795
input1286,VPWR,li1,141.2200,263.8400,1.599666
input1287,VPWR,li1,34.0400,209.4400,1.599904
input1289,VPWR,li1,92.0000,155.0400,1.599824
input1290,VPWR,li1,66.7000,84.3200,1.599869
input1292,VPWR,li1,45.5400,133.2800,1.599817
input1293,VPWR,li1,380.4200,214.8800,1.599703
fanout349,VPWR,li1,9.2000,258.4000,1.599833
g_row\[0\].g_col\[0\].pe/place1253,VPWR,li1,76.1300,176.8000,1.599798
g_row\[0\].g_col\[0\].pe/place1252,VPWR,li1,126.7300,247.5200,1.599506
g_row\[0\].g_col\[0\].pe/place1251,VPWR,li1,15.8700,171.3600,1.599808
g_row\[0\].g_col\[0\].pe/place1254,VPWR,li1,71.5300,155.0400,1.599824
place1250,VPWR,li1,136.8500,133.2800,1.599747
g_row\[0\].g_col\[0\].pe/place1255,VPWR,li1,179.6300,209.4400,1.599824
place1249,VPWR,li1,170.8900,111.5200,1.599698
place1248,VPWR,li1,204.4700,127.8400,1.599769
g_row\[0\].g_col\[0\].pe/place1256,VPWR,li1,170.8900,225.7600,1.599752
g_row\[1\].g_col\[1\].pe/place1244,VPWR,li1,286.3500,122.4000,1.599470
g_row\[1\].g_col\[1\].pe/place1243,VPWR,li1,291.4100,122.4000,1.599495
g_row\[0\].g_col\[0\].pe/place1232,VPWR,li1,168.5900,214.8800,1.599779
g_row\[1\].g_col\[0\].pe/place1245,VPWR,li1,330.0500,149.6000,1.599880
g_row\[0\].g_col\[1\].pe/place1173,VPWR,li1,153.4100,127.8400,1.599703
g_row\[1\].g_col\[1\].pe/place1056,VPWR,li1,374.2100,116.9600,1.599728
g_row\[1\].g_col\[1\].pe/place1057,VPWR,li1,338.3300,122.4000,1.599705
place1246,VPWR,li1,247.7100,122.4000,1.599380
g_row\[1\].g_col\[1\].pe/place1055,VPWR,li1,277.1500,116.9600,1.599647
g_row\[1\].g_col\[1\].pe/place1054,VPWR,li1,219.1900,116.9600,1.599578
place1247,VPWR,li1,215.0500,116.9600,1.599584
g_row\[1\].g_col\[0\].pe/place846,VPWR,li1,257.8300,204.0000,1.599707
g_row\[0\].g_col\[1\].pe/place965,VPWR,li1,161.2300,122.4000,1.599567
g_row\[1\].g_col\[1\].pe/place1053,VPWR,li1,214.1300,51.6800,1.599732
g_row\[1\].g_col\[1\].pe/place816,VPWR,li1,362.2500,111.5200,1.599477
g_row\[1\].g_col\[1\].pe/place821,VPWR,li1,329.5900,127.8400,1.599839
g_row\[1\].g_col\[0\].pe/place841,VPWR,li1,214.1300,160.4800,1.599855
place1277,VPWR,li1,286.3500,127.8400,1.599764
g_row\[1\].g_col\[1\].pe/place1238,VPWR,li1,201.7100,24.4800,1.599737
place1239,VPWR,li1,201.2500,51.6800,1.599751
g_row\[0\].g_col\[1\].pe/place1237,VPWR,li1,190.6700,62.5600,1.599722
g_row\[0\].g_col\[0\].pe/place1225,VPWR,li1,172.2700,242.0800,1.599656
g_row\[0\].g_col\[0\].pe/place1224,VPWR,li1,216.4300,252.9600,1.599543
g_row\[0\].g_col\[0\].pe/place1226,VPWR,li1,138.2300,182.2400,1.599822
g_row\[0\].g_col\[1\].pe/place1235,VPWR,li1,170.8900,35.3600,1.599844
place1221,VPWR,li1,149.7300,171.3600,1.599809
place1222,VPWR,li1,129.4900,165.9200,1.599823
g_row\[0\].g_col\[1\].pe/place1236,VPWR,li1,170.8900,73.4400,1.599893
g_row\[0\].g_col\[0\].pe/place1219,VPWR,li1,123.9700,171.3600,1.599747
place1220,VPWR,li1,91.7700,160.4800,1.599768
g_row\[1\].g_col\[1\].pe/place1240,VPWR,li1,197.5700,62.5600,1.599710
place1218,VPWR,li1,85.3300,160.4800,1.599762
place1217,VPWR,li1,149.7300,144.1600,1.599822
place1241,VPWR,li1,175.4900,111.5200,1.599730
place1216,VPWR,li1,93.6100,155.0400,1.599824
g_row\[0\].g_col\[0\].pe/place1215,VPWR,li1,54.9700,160.4800,1.599759
place1233,VPWR,li1,188.3700,133.2800,1.599821
place1213,VPWR,li1,116.1500,182.2400,1.599815
place1214,VPWR,li1,66.0100,165.9200,1.599809
g_row\[1\].g_col\[1\].pe/place1242,VPWR,li1,368.6900,78.8800,1.599792
g_row\[0\].g_col\[0\].pe/place1211,VPWR,li1,76.5900,160.4800,1.599755
place1212,VPWR,li1,72.9100,165.9200,1.599805
place1284,VPWR,li1,15.8700,138.7200,1.599887
place1209,VPWR,li1,108.7900,165.9200,1.599807
place1210,VPWR,li1,63.7100,176.8000,1.599816
place1285,VPWR,li1,8.9700,144.1600,1.599854
place1207,VPWR,li1,86.2500,165.9200,1.599802
place1208,VPWR,li1,59.1100,171.3600,1.599667
place1205,VPWR,li1,83.4900,171.3600,1.599684
g_row\[0\].g_col\[0\].pe/place1206,VPWR,li1,59.5700,187.6800,1.599812
g_row\[0\].g_col\[0\].pe/place1203,VPWR,li1,23.6900,214.8800,1.599907
place1204,VPWR,li1,87.6300,171.3600,1.599687
place1201,VPWR,li1,73.8300,171.3600,1.599675
g_row\[0\].g_col\[0\].pe/place1202,VPWR,li1,28.2900,187.6800,1.599896
place1276,VPWR,li1,342.4700,133.2800,1.599696
place1199,VPWR,li1,62.7900,165.9200,1.599811
g_row\[0\].g_col\[0\].pe/place1200,VPWR,li1,36.5700,198.5600,1.599900
place1198,VPWR,li1,50.3700,165.9200,1.599827
g_row\[0\].g_col\[0\].pe/place1197,VPWR,li1,43.0100,187.6800,1.599856
place1272,VPWR,li1,81.1900,258.4000,1.599530
place1195,VPWR,li1,66.9300,165.9200,1.599809
g_row\[0\].g_col\[0\].pe/place1194,VPWR,li1,50.8300,176.8000,1.599841
g_row\[0\].g_col\[0\].pe/place1193,VPWR,li1,54.0500,209.4400,1.599858
place1269,VPWR,li1,159.8500,236.6400,1.599695
g_row\[0\].g_col\[0\].pe/place1191,VPWR,li1,118.4500,138.7200,1.599698
place1273,VPWR,li1,308.4300,127.8400,1.599796
g_row\[1\].g_col\[0\].pe/place1270,VPWR,li1,351.6700,242.0800,1.599599
place1268,VPWR,li1,164.4500,236.6400,1.599704
g_row\[0\].g_col\[0\].pe/place1192,VPWR,li1,123.9700,176.8000,1.599764
g_row\[0\].g_col\[0\].pe/place1190,VPWR,li1,83.9500,182.2400,1.599835
place1223,VPWR,li1,110.6300,171.3600,1.599720
place1271,VPWR,li1,136.8500,247.5200,1.599516
g_row\[1\].g_col\[1\].pe/place1274,VPWR,li1,355.8100,84.3200,1.599699
g_row\[0\].g_col\[0\].pe/place1188,VPWR,li1,87.6300,165.9200,1.599802
g_row\[0\].g_col\[0\].pe/place1189,VPWR,li1,59.5700,176.8000,1.599823
g_row\[0\].g_col\[0\].pe/place1187,VPWR,li1,91.3100,149.6000,1.599802
g_row\[0\].g_col\[0\].pe/place1184,VPWR,li1,128.1100,171.3600,1.599757
g_row\[0\].g_col\[0\].pe/place1185,VPWR,li1,93.6100,176.8000,1.599777
g_row\[0\].g_col\[0\].pe/place1183,VPWR,li1,150.6500,149.6000,1.599867
g_row\[0\].g_col\[0\].pe/place1179,VPWR,li1,137.7700,187.6800,1.599822
g_row\[0\].g_col\[0\].pe/place1186,VPWR,li1,45.3100,182.2400,1.599892
g_row\[0\].g_col\[0\].pe/place1180,VPWR,li1,66.0100,209.4400,1.599836
g_row\[0\].g_col\[0\].pe/place1178,VPWR,li1,149.7300,209.4400,1.599810
g_row\[0\].g_col\[0\].pe/place1229,VPWR,li1,136.8500,214.8800,1.599719
g_row\[0\].g_col\[0\].pe/place1228,VPWR,li1,41.1700,176.8000,1.599860
g_row\[0\].g_col\[0\].pe/place1227,VPWR,li1,47.1500,171.3600,1.599669
g_row\[0\].g_col\[0\].pe/place1181,VPWR,li1,49.9100,204.0000,1.599822
g_row\[0\].g_col\[0\].pe/place1182,VPWR,li1,61.8700,209.4400,1.599843
g_row\[0\].g_col\[1\].pe/place1165,VPWR,li1,30.5900,122.4000,1.599709
g_row\[0\].g_col\[1\].pe/place1166,VPWR,li1,30.1300,133.2800,1.599869
g_row\[0\].g_col\[0\].pe/place1230,VPWR,li1,169.0500,209.4400,1.599834
g_row\[0\].g_col\[1\].pe/place1163,VPWR,li1,150.1900,62.5600,1.599755
g_row\[0\].g_col\[1\].pe/place1164,VPWR,li1,99.1300,29.9200,1.599820
g_row\[0\].g_col\[0\].pe/place1174,VPWR,li1,214.1300,258.4000,1.599669
g_row\[0\].g_col\[1\].pe/place1161,VPWR,li1,150.6500,57.1200,1.599836
g_row\[0\].g_col\[1\].pe/place1162,VPWR,li1,21.3900,35.3600,1.599942
g_row\[0\].g_col\[1\].pe/place1159,VPWR,li1,146.0500,62.5600,1.599754
g_row\[0\].g_col\[1\].pe/place1160,VPWR,li1,107.8700,35.3600,1.599825
g_row\[0\].g_col\[1\].pe/place1157,VPWR,li1,93.6100,35.3600,1.599836
g_row\[0\].g_col\[1\].pe/place1158,VPWR,li1,135.4700,84.3200,1.599865
g_row\[0\].g_col\[1\].pe/place1155,VPWR,li1,93.6100,40.8000,1.599845
g_row\[0\].g_col\[1\].pe/place1156,VPWR,li1,121.6700,84.3200,1.599857
g_row\[0\].g_col\[1\].pe/place1153,VPWR,li1,92.2300,46.2400,1.599678
g_row\[0\].g_col\[1\].pe/place1154,VPWR,li1,119.3700,89.7600,1.599838
g_row\[0\].g_col\[1\].pe/place1151,VPWR,li1,90.8500,51.6800,1.599811
g_row\[0\].g_col\[1\].pe/place1152,VPWR,li1,125.8100,89.7600,1.599836
g_row\[0\].g_col\[0\].pe/place1175,VPWR,li1,176.4100,242.0800,1.599659
g_row\[0\].g_col\[1\].pe/place1149,VPWR,li1,140.0700,106.0800,1.599701
g_row\[0\].g_col\[1\].pe/place1150,VPWR,li1,93.6100,57.1200,1.599842
g_row\[0\].g_col\[0\].pe/place1231,VPWR,li1,188.8300,220.3200,1.599760
g_row\[0\].g_col\[1\].pe/place1147,VPWR,li1,85.3300,57.1200,1.599850
g_row\[0\].g_col\[1\].pe/place1148,VPWR,li1,143.2900,89.7600,1.599842
g_row\[0\].g_col\[1\].pe/place1146,VPWR,li1,72.4500,51.6800,1.599833
g_row\[0\].g_col\[1\].pe/place1145,VPWR,li1,150.1900,106.0800,1.599734
g_row\[0\].g_col\[1\].pe/place1143,VPWR,li1,67.8500,62.5600,1.599841
g_row\[0\].g_col\[1\].pe/place1144,VPWR,li1,164.4500,95.2000,1.599841
g_row\[0\].g_col\[1\].pe/place1141,VPWR,li1,42.0900,57.1200,1.599907
g_row\[0\].g_col\[1\].pe/place1139,VPWR,li1,87.1700,68.0000,1.599831
g_row\[0\].g_col\[1\].pe/place1138,VPWR,li1,41.6300,51.6800,1.599886
g_row\[0\].g_col\[1\].pe/place1137,VPWR,li1,168.1300,111.5200,1.599672
g_row\[0\].g_col\[1\].pe/place1135,VPWR,li1,154.7900,111.5200,1.599595
g_row\[0\].g_col\[1\].pe/place1136,VPWR,li1,10.8100,62.5600,1.599935
g_row\[0\].g_col\[1\].pe/place1133,VPWR,li1,35.1900,29.9200,1.599916
g_row\[0\].g_col\[1\].pe/place1140,VPWR,li1,163.9900,111.5200,1.599653
g_row\[0\].g_col\[1\].pe/place1132,VPWR,li1,16.3300,46.2400,1.599853
g_row\[0\].g_col\[1\].pe/place1134,VPWR,li1,33.8100,35.3600,1.599921
g_row\[0\].g_col\[1\].pe/place1131,VPWR,li1,8.9700,51.6800,1.599927
g_row\[0\].g_col\[1\].pe/place1129,VPWR,li1,43.4700,40.8000,1.599904
g_row\[0\].g_col\[1\].pe/place1142,VPWR,li1,142.8300,100.6400,1.599694
g_row\[0\].g_col\[1\].pe/place1130,VPWR,li1,9.8900,46.2400,1.599852
g_row\[0\].g_col\[1\].pe/place1125,VPWR,li1,48.0700,35.3600,1.599897
g_row\[0\].g_col\[1\].pe/place1126,VPWR,li1,66.4700,46.2400,1.599686
g_row\[0\].g_col\[1\].pe/place1121,VPWR,li1,88.0900,46.2400,1.599678
g_row\[0\].g_col\[1\].pe/place1127,VPWR,li1,10.3500,57.1200,1.599945
g_row\[0\].g_col\[1\].pe/place1128,VPWR,li1,66.9300,51.6800,1.599839
g_row\[0\].g_col\[1\].pe/place1122,VPWR,li1,86.2500,51.6800,1.599815
g_row\[0\].g_col\[1\].pe/place1120,VPWR,li1,152.9500,57.1200,1.599839
g_row\[0\].g_col\[1\].pe/place1168,VPWR,li1,154.7900,100.6400,1.599744
g_row\[0\].g_col\[1\].pe/place1169,VPWR,li1,151.5700,116.9600,1.599542
g_row\[0\].g_col\[1\].pe/place1167,VPWR,li1,155.7100,122.4000,1.599538
g_row\[1\].g_col\[0\].pe/place1108,VPWR,li1,281.7500,155.0400,1.599812
g_row\[1\].g_col\[0\].pe/place1109,VPWR,li1,201.2500,182.2400,1.599828
g_row\[1\].g_col\[0\].pe/place1107,VPWR,li1,331.8900,155.0400,1.599842
g_row\[0\].g_col\[1\].pe/place1170,VPWR,li1,154.7900,51.6800,1.599803
g_row\[1\].g_col\[0\].pe/place1105,VPWR,li1,351.2100,155.0400,1.599762
place1106,VPWR,li1,235.2900,133.2800,1.599766
g_row\[0\].g_col\[1\].pe/place1116,VPWR,li1,24.6100,127.8400,1.599811
g_row\[1\].g_col\[0\].pe/place1103,VPWR,li1,349.8300,160.4800,1.599773
place1104,VPWR,li1,219.1900,149.6000,1.599855
g_row\[0\].g_col\[1\].pe/place1117,VPWR,li1,21.8500,122.4000,1.599791
g_row\[1\].g_col\[0\].pe/place1101,VPWR,li1,333.7300,155.0400,1.599834
place1102,VPWR,li1,278.5300,144.1600,1.599788
g_row\[1\].g_col\[0\].pe/place1110,VPWR,li1,208.6100,198.5600,1.599783
place1100,VPWR,li1,330.5100,144.1600,1.599808
place1099,VPWR,li1,318.0900,144.1600,1.599795
g_row\[0\].g_col\[1\].pe/place1123,VPWR,li1,54.9700,62.5600,1.599863
place1098,VPWR,li1,253.2300,144.1600,1.599801
g_row\[1\].g_col\[0\].pe/place1097,VPWR,li1,282.2100,149.6000,1.599840
g_row\[0\].g_col\[1\].pe/place1124,VPWR,li1,63.2500,57.1200,1.599875
g_row\[1\].g_col\[0\].pe/place1095,VPWR,li1,322.6900,155.0400,1.599847
place1096,VPWR,li1,282.2100,144.1600,1.599787
g_row\[0\].g_col\[1\].pe/place1171,VPWR,li1,176.8700,57.1200,1.599868
place1093,VPWR,li1,282.6700,160.4800,1.599839
place1094,VPWR,li1,330.5100,187.6800,1.599917
g_row\[1\].g_col\[0\].pe/place1091,VPWR,li1,328.2100,171.3600,1.599903
place1092,VPWR,li1,282.6700,160.4800,1.599839
place1089,VPWR,li1,279.9100,171.3600,1.599842
place1090,VPWR,li1,299.6900,176.8000,1.599827
place1087,VPWR,li1,272.0900,155.0400,1.599808
g_row\[1\].g_col\[0\].pe/place1088,VPWR,li1,303.3700,176.8000,1.599833
place1085,VPWR,li1,265.1900,176.8000,1.599761
place1086,VPWR,li1,273.9300,176.8000,1.599776
g_row\[1\].g_col\[0\].pe/place1083,VPWR,li1,261.0500,176.8000,1.599752
place1084,VPWR,li1,233.4500,176.8000,1.599716
place1082,VPWR,li1,227.0100,160.4800,1.599847
g_row\[1\].g_col\[0\].pe/place1081,VPWR,li1,256.9100,176.8000,1.599748
place1080,VPWR,li1,227.0100,176.8000,1.599711
g_row\[1\].g_col\[0\].pe/place1078,VPWR,li1,223.3300,176.8000,1.599707
g_row\[1\].g_col\[0\].pe/place1077,VPWR,li1,244.4900,204.0000,1.599686
g_row\[1\].g_col\[0\].pe/place1075,VPWR,li1,198.9500,138.7200,1.599610
g_row\[1\].g_col\[0\].pe/place1111,VPWR,li1,219.6500,209.4400,1.599703
g_row\[1\].g_col\[0\].pe/place1076,VPWR,li1,209.5300,165.9200,1.599809
g_row\[1\].g_col\[0\].pe/place1074,VPWR,li1,216.4300,171.3600,1.599838
g_row\[1\].g_col\[0\].pe/place1073,VPWR,li1,215.5100,171.3600,1.599838
g_row\[1\].g_col\[0\].pe/place1072,VPWR,li1,220.5700,171.3600,1.599836
g_row\[1\].g_col\[0\].pe/place1071,VPWR,li1,231.1500,165.9200,1.599808
g_row\[1\].g_col\[0\].pe/place1067,VPWR,li1,219.6500,176.8000,1.599704
g_row\[1\].g_col\[0\].pe/place1068,VPWR,li1,218.7300,187.6800,1.599824
g_row\[1\].g_col\[0\].pe/place1063,VPWR,li1,237.1300,198.5600,1.599767
g_row\[1\].g_col\[0\].pe/place1064,VPWR,li1,273.9300,165.9200,1.599823
g_row\[1\].g_col\[0\].pe/place1062,VPWR,li1,245.8700,198.5600,1.599774
g_row\[1\].g_col\[0\].pe/place1113,VPWR,li1,241.2700,198.5600,1.599769
g_row\[1\].g_col\[0\].pe/place1112,VPWR,li1,219.1900,204.0000,1.599689
g_row\[1\].g_col\[0\].pe/place1114,VPWR,li1,330.0500,263.8400,1.599822
g_row\[1\].g_col\[1\].pe/place1049,VPWR,li1,220.1100,24.4800,1.599726
g_row\[1\].g_col\[1\].pe/place1050,VPWR,li1,227.9300,46.2400,1.599761
g_row\[1\].g_col\[1\].pe/place1047,VPWR,li1,280.8300,84.3200,1.599806
g_row\[1\].g_col\[1\].pe/place1048,VPWR,li1,214.5900,111.5200,1.599582
g_row\[1\].g_col\[1\].pe/place1045,VPWR,li1,267.4900,84.3200,1.599810
g_row\[1\].g_col\[1\].pe/place1046,VPWR,li1,221.4900,78.8800,1.599773
g_row\[1\].g_col\[1\].pe/place1043,VPWR,li1,270.2500,95.2000,1.599762
g_row\[1\].g_col\[1\].pe/place1044,VPWR,li1,208.1500,106.0800,1.599807
g_row\[1\].g_col\[1\].pe/place1042,VPWR,li1,208.1500,106.0800,1.599807
g_row\[1\].g_col\[1\].pe/place1041,VPWR,li1,271.6300,73.4400,1.599832
g_row\[1\].g_col\[1\].pe/place1039,VPWR,li1,242.6500,84.3200,1.599827
g_row\[1\].g_col\[1\].pe/place1040,VPWR,li1,271.6300,78.8800,1.599753
g_row\[1\].g_col\[1\].pe/place1037,VPWR,li1,267.9500,68.0000,1.599768
g_row\[1\].g_col\[1\].pe/place1038,VPWR,li1,235.7500,116.9600,1.599575
g_row\[1\].g_col\[1\].pe/place1036,VPWR,li1,266.5700,57.1200,1.599777
g_row\[1\].g_col\[1\].pe/place1035,VPWR,li1,265.6500,116.9600,1.599616
g_row\[1\].g_col\[1\].pe/place1033,VPWR,li1,267.9500,62.5600,1.599734
g_row\[1\].g_col\[1\].pe/place1034,VPWR,li1,243.1100,111.5200,1.599507
g_row\[1\].g_col\[1\].pe/place1032,VPWR,li1,260.5900,51.6800,1.599762
g_row\[1\].g_col\[1\].pe/place1031,VPWR,li1,259.6700,62.5600,1.599724
g_row\[1\].g_col\[1\].pe/place1029,VPWR,li1,261.0500,40.8000,1.599758
g_row\[1\].g_col\[1\].pe/place1030,VPWR,li1,242.1900,100.6400,1.599775
g_row\[1\].g_col\[1\].pe/place1028,VPWR,li1,254.1500,95.2000,1.599775
g_row\[1\].g_col\[1\].pe/place1027,VPWR,li1,260.1300,46.2400,1.599781
g_row\[1\].g_col\[0\].pe/place1115,VPWR,li1,269.3300,252.9600,1.599496
g_row\[1\].g_col\[1\].pe/place1025,VPWR,li1,259.6700,46.2400,1.599781
g_row\[1\].g_col\[0\].pe/place1065,VPWR,li1,269.7900,187.6800,1.599848
g_row\[1\].g_col\[0\].pe/place1059,VPWR,li1,337.4100,263.8400,1.599802
g_row\[1\].g_col\[1\].pe/place1023,VPWR,li1,255.5300,46.2400,1.599776
g_row\[1\].g_col\[1\].pe/place1024,VPWR,li1,242.6500,62.5600,1.599707
g_row\[1\].g_col\[1\].pe/place1022,VPWR,li1,252.7700,46.2400,1.599773
g_row\[1\].g_col\[1\].pe/place1021,VPWR,li1,238.0500,51.6800,1.599732
g_row\[1\].g_col\[1\].pe/place1020,VPWR,li1,273.0100,46.2400,1.599801
g_row\[1\].g_col\[0\].pe/place1066,VPWR,li1,239.8900,198.5600,1.599769
g_row\[1\].g_col\[0\].pe/place1058,VPWR,li1,322.6900,263.8400,1.599804
g_row\[1\].g_col\[1\].pe/place1018,VPWR,li1,235.7500,84.3200,1.599833
g_row\[1\].g_col\[1\].pe/place1026,VPWR,li1,257.8300,111.5200,1.599500
g_row\[1\].g_col\[1\].pe/place1019,VPWR,li1,209.5300,68.0000,1.599761
g_row\[1\].g_col\[1\].pe/place1016,VPWR,li1,230.6900,57.1200,1.599760
g_row\[0\].g_col\[1\].pe/place1172,VPWR,li1,183.3100,46.2400,1.599798
g_row\[1\].g_col\[1\].pe/place1017,VPWR,li1,216.4300,62.5600,1.599690
g_row\[1\].g_col\[1\].pe/place1014,VPWR,li1,221.4900,68.0000,1.599759
g_row\[1\].g_col\[1\].pe/place1013,VPWR,li1,227.0100,73.4400,1.599848
g_row\[1\].g_col\[1\].pe/place1015,VPWR,li1,228.8500,51.6800,1.599722
g_row\[1\].g_col\[1\].pe/place1010,VPWR,li1,230.2300,84.3200,1.599839
g_row\[1\].g_col\[1\].pe/place1011,VPWR,li1,240.3500,35.3600,1.599790
g_row\[1\].g_col\[1\].pe/place1006,VPWR,li1,267.0300,57.1200,1.599777
g_row\[1\].g_col\[1\].pe/place1012,VPWR,li1,228.8500,35.3600,1.599784
g_row\[1\].g_col\[1\].pe/place1051,VPWR,li1,245.4100,116.9600,1.599579
g_row\[1\].g_col\[1\].pe/place1005,VPWR,li1,252.7700,40.8000,1.599743
g_row\[1\].g_col\[1\].pe/place1007,VPWR,li1,265.6500,29.9200,1.599837
g_row\[0\].g_col\[0\].pe/place975,VPWR,li1,149.7300,236.6400,1.599668
g_row\[0\].g_col\[0\].pe/place977,VPWR,li1,119.3700,220.3200,1.599710
g_row\[0\].g_col\[0\].pe/place985,VPWR,li1,51.2900,187.6800,1.599831
g_row\[0\].g_col\[0\].pe/place973,VPWR,li1,221.4900,242.0800,1.599454
g_row\[0\].g_col\[1\].pe/place942,VPWR,li1,124.4300,127.8400,1.599604
g_row\[0\].g_col\[1\].pe/place944,VPWR,li1,151.5700,84.3200,1.599883
g_row\[0\].g_col\[1\].pe/place941,VPWR,li1,61.4100,144.1600,1.599705
g_row\[0\].g_col\[1\].pe/place940,VPWR,li1,41.1700,122.4000,1.599620
g_row\[1\].g_col\[0\].pe/place910,VPWR,li1,371.9100,236.6400,1.599513
g_row\[1\].g_col\[0\].pe/place912,VPWR,li1,325.4500,193.1200,1.599905
g_row\[1\].g_col\[0\].pe/place908,VPWR,li1,330.0500,252.9600,1.599695
g_row\[1\].g_col\[0\].pe/place920,VPWR,li1,255.9900,187.6800,1.599839
g_row\[1\].g_col\[1\].pe/place879,VPWR,li1,333.2700,100.6400,1.599751
g_row\[1\].g_col\[1\].pe/place881,VPWR,li1,309.3500,51.6800,1.599853
g_row\[1\].g_col\[1\].pe/place902,VPWR,li1,204.4700,46.2400,1.599774
g_row\[1\].g_col\[1\].pe/place889,VPWR,li1,257.8300,35.3600,1.599806
g_row\[1\].g_col\[1\].pe/place877,VPWR,li1,363.6300,116.9600,1.599749
g_row\[1\].g_col\[0\].pe/place931,VPWR,li1,302.4500,231.2000,1.599661
g_row\[0\].g_col\[0\].pe/place866,VPWR,li1,48.0700,225.7600,1.599843
g_row\[1\].g_col\[1\].pe/place875,VPWR,li1,320.8500,40.8000,1.599894
g_row\[0\].g_col\[1\].pe/place857,VPWR,li1,137.3100,84.3200,1.599868
g_row\[0\].g_col\[1\].pe/place855,VPWR,li1,146.0500,84.3200,1.599876
g_row\[0\].g_col\[1\].pe/place858,VPWR,li1,152.4900,73.4400,1.599856
g_row\[1\].g_col\[0\].pe/place844,VPWR,li1,319.4700,193.1200,1.599894
g_row\[1\].g_col\[0\].pe/place847,VPWR,li1,296.9300,193.1200,1.599857
g_row\[0\].g_col\[0\].pe/place864,VPWR,li1,102.8100,160.4800,1.599781
g_row\[1\].g_col\[1\].pe/place831,VPWR,li1,325.4500,40.8000,1.599906
g_row\[1\].g_col\[1\].pe/place834,VPWR,li1,284.5100,51.6800,1.599801
g_row\[1\].g_col\[0\].pe/place1060,VPWR,li1,268.4100,214.8800,1.599686
g_row\[1\].g_col\[1\].pe/place903,VPWR,li1,217.3500,40.8000,1.599745
g_row\[1\].g_col\[0\].pe/place1061,VPWR,li1,245.8700,214.8800,1.599644
g_row\[1\].g_col\[0\].pe/place1069,VPWR,li1,254.6100,165.9200,1.599814
g_row\[1\].g_col\[1\].pe/place904,VPWR,li1,209.5300,57.1200,1.599771
g_row\[1\].g_col\[0\].pe/place1070,VPWR,li1,243.5700,193.1200,1.599797
g_row\[0\].g_col\[1\].pe/place950,VPWR,li1,106.0300,62.5600,1.599780
g_row\[1\].g_col\[0\].pe/place817,VPWR,li1,330.0500,258.4000,1.599871
g_row\[1\].g_col\[1\].pe/place880,VPWR,li1,344.3100,35.3600,1.599890
g_row\[0\].g_col\[1\].pe/place825,VPWR,li1,46.6900,122.4000,1.599583
g_row\[1\].g_col\[1\].pe/place882,VPWR,li1,286.8100,51.6800,1.599808
g_row\[1\].g_col\[1\].pe/place883,VPWR,li1,286.8100,35.3600,1.599845
g_row\[0\].g_col\[1\].pe/place964,VPWR,li1,144.6700,122.4000,1.599477
g_row\[1\].g_col\[1\].pe/place832,VPWR,li1,305.2100,51.6800,1.599843
g_row\[0\].g_col\[1\].pe/place824,VPWR,li1,62.7900,133.2800,1.599767
g_row\[1\].g_col\[1\].pe/place836,VPWR,li1,297.3900,46.2400,1.599842
g_row\[1\].g_col\[1\].pe/place884,VPWR,li1,268.8700,46.2400,1.599795
g_row\[1\].g_col\[1\].pe/place835,VPWR,li1,296.0100,40.8000,1.599832
g_row\[1\].g_col\[1\].pe/place886,VPWR,li1,272.5500,24.4800,1.599789
g_row\[1\].g_col\[0\].pe/place842,VPWR,li1,388.9300,220.3200,1.599787
g_row\[1\].g_col\[1\].pe/place837,VPWR,li1,266.1100,40.8000,1.599769
g_row\[1\].g_col\[1\].pe/place838,VPWR,li1,261.0500,57.1200,1.599773
g_row\[1\].g_col\[1\].pe/place885,VPWR,li1,272.5500,51.6800,1.599783
g_row\[1\].g_col\[1\].pe/place898,VPWR,li1,206.3100,111.5200,1.599605
g_row\[1\].g_col\[1\].pe/place839,VPWR,li1,230.2300,78.8800,1.599753
g_row\[1\].g_col\[1\].pe/place888,VPWR,li1,260.1300,62.5600,1.599724
g_row\[1\].g_col\[1\].pe/place890,VPWR,li1,231.6100,78.8800,1.599753
g_row\[1\].g_col\[1\].pe/place892,VPWR,li1,227.0100,68.0000,1.599758
g_row\[1\].g_col\[1\].pe/place901,VPWR,li1,209.0700,40.8000,1.599770
g_row\[1\].g_col\[0\].pe/place840,VPWR,li1,209.5300,155.0400,1.599815
g_row\[1\].g_col\[1\].pe/place891,VPWR,li1,235.2900,73.4400,1.599843
g_row\[1\].g_col\[1\].pe/place897,VPWR,li1,207.2300,24.4800,1.599729
g_row\[1\].g_col\[1\].pe/place893,VPWR,li1,231.1500,73.4400,1.599845
g_row\[1\].g_col\[1\].pe/place894,VPWR,li1,231.1500,73.4400,1.599845
g_row\[1\].g_col\[1\].pe/place895,VPWR,li1,235.2900,84.3200,1.599833
g_row\[1\].g_col\[1\].pe/place896,VPWR,li1,239.8900,116.9600,1.599576
g_row\[1\].g_col\[0\].pe/place918,VPWR,li1,269.7900,193.1200,1.599823
g_row\[1\].g_col\[0\].pe/place843,VPWR,li1,306.5900,231.2000,1.599667
g_row\[1\].g_col\[0\].pe/place930,VPWR,li1,330.9700,225.7600,1.599746
g_row\[0\].g_col\[0\].pe/place996,VPWR,li1,166.2900,225.7600,1.599734
g_row\[1\].g_col\[0\].pe/place905,VPWR,li1,301.0700,204.0000,1.599798
g_row\[1\].g_col\[0\].pe/place907,VPWR,li1,304.2900,204.0000,1.599809
g_row\[1\].g_col\[0\].pe/place906,VPWR,li1,257.3700,204.0000,1.599707
g_row\[1\].g_col\[0\].pe/place909,VPWR,li1,308.8900,247.5200,1.599638
g_row\[1\].g_col\[0\].pe/place1079,VPWR,li1,243.5700,182.2400,1.599826
g_row\[0\].g_col\[1\].pe/place1118,VPWR,li1,184.2300,78.8800,1.599870
g_row\[1\].g_col\[0\].pe/place934,VPWR,li1,227.0100,204.0000,1.599683
g_row\[0\].g_col\[1\].pe/place1119,VPWR,li1,185.1500,84.3200,1.599901
g_row\[1\].g_col\[0\].pe/place935,VPWR,li1,209.5300,171.3600,1.599840
g_row\[0\].g_col\[1\].pe/place953,VPWR,li1,41.1700,57.1200,1.599907
g_row\[0\].g_col\[1\].pe/place818,VPWR,li1,40.2500,133.2800,1.599834
g_row\[1\].g_col\[0\].pe/place911,VPWR,li1,320.3900,193.1200,1.599898
g_row\[0\].g_col\[0\].pe/place827,VPWR,li1,233.9100,236.6400,1.599446
g_row\[1\].g_col\[0\].pe/place913,VPWR,li1,310.2700,182.2400,1.599882
g_row\[1\].g_col\[0\].pe/place914,VPWR,li1,284.5100,209.4400,1.599787
g_row\[0\].g_col\[1\].pe/place967,VPWR,li1,154.7900,46.2400,1.599732
g_row\[1\].g_col\[0\].pe/place845,VPWR,li1,311.1900,198.5600,1.599862
g_row\[0\].g_col\[0\].pe/place826,VPWR,li1,221.4900,236.6400,1.599470
g_row\[1\].g_col\[0\].pe/place848,VPWR,li1,304.7500,182.2400,1.599875
g_row\[1\].g_col\[0\].pe/place915,VPWR,li1,286.8100,171.3600,1.599849
g_row\[0\].g_col\[1\].pe/place853,VPWR,li1,23.6900,35.3600,1.599938
g_row\[1\].g_col\[0\].pe/place917,VPWR,li1,269.7900,193.1200,1.599823
g_row\[0\].g_col\[1\].pe/place854,VPWR,li1,102.8100,127.8400,1.599587
g_row\[1\].g_col\[0\].pe/place849,VPWR,li1,295.0900,176.8000,1.599816
g_row\[1\].g_col\[0\].pe/place850,VPWR,li1,275.7700,171.3600,1.599840
g_row\[1\].g_col\[0\].pe/place916,VPWR,li1,296.4700,176.8000,1.599821
g_row\[1\].g_col\[0\].pe/place919,VPWR,li1,278.5300,171.3600,1.599842
g_row\[1\].g_col\[0\].pe/place851,VPWR,li1,252.7700,160.4800,1.599839
g_row\[1\].g_col\[0\].pe/place929,VPWR,li1,333.2700,149.6000,1.599868
g_row\[1\].g_col\[0\].pe/place921,VPWR,li1,252.7700,155.0400,1.599805
g_row\[1\].g_col\[0\].pe/place923,VPWR,li1,221.0300,155.0400,1.599810
g_row\[1\].g_col\[0\].pe/place933,VPWR,li1,203.0900,182.2400,1.599825
g_row\[0\].g_col\[1\].pe/place852,VPWR,li1,35.1900,35.3600,1.599916
g_row\[1\].g_col\[0\].pe/place922,VPWR,li1,231.6100,144.1600,1.599817
g_row\[1\].g_col\[0\].pe/place928,VPWR,li1,202.1700,198.5600,1.599795
g_row\[1\].g_col\[0\].pe/place924,VPWR,li1,228.8500,155.0400,1.599808
g_row\[1\].g_col\[0\].pe/place925,VPWR,li1,228.3900,155.0400,1.599808
g_row\[1\].g_col\[0\].pe/place926,VPWR,li1,227.0100,149.6000,1.599850
g_row\[1\].g_col\[0\].pe/place927,VPWR,li1,215.5100,225.7600,1.599596
g_row\[0\].g_col\[1\].pe/place951,VPWR,li1,88.0900,62.5600,1.599806
g_row\[1\].g_col\[1\].pe/place900,VPWR,li1,311.6500,106.0800,1.599816
g_row\[1\].g_col\[0\].pe/place932,VPWR,li1,214.1300,198.5600,1.599774
g_row\[0\].g_col\[0\].pe/place983,VPWR,li1,42.5500,209.4400,1.599882
g_row\[0\].g_col\[1\].pe/place936,VPWR,li1,172.7300,78.8800,1.599893
g_row\[0\].g_col\[1\].pe/place938,VPWR,li1,152.4900,89.7600,1.599850
g_row\[0\].g_col\[1\].pe/place937,VPWR,li1,169.0500,78.8800,1.599889
g_row\[0\].g_col\[1\].pe/place939,VPWR,li1,151.1100,84.3200,1.599883
g_row\[0\].g_col\[0\].pe/place1176,VPWR,li1,51.7500,225.7600,1.599835
g_row\[0\].g_col\[1\].pe/place968,VPWR,li1,177.3300,62.5600,1.599776
g_row\[0\].g_col\[0\].pe/place1177,VPWR,li1,113.3900,220.3200,1.599709
place1265,VPWR,li1,170.4300,263.8400,1.599798
g_row\[0\].g_col\[1\].pe/place969,VPWR,li1,163.9900,51.6800,1.599815
place1266,VPWR,li1,149.7300,263.8400,1.599708
g_row\[0\].g_col\[0\].pe/place998,VPWR,li1,154.7900,204.0000,1.599719
g_row\[0\].g_col\[0\].pe/place819,VPWR,li1,220.1100,247.5200,1.599527
g_row\[0\].g_col\[1\].pe/place943,VPWR,li1,139.1500,89.7600,1.599840
g_row\[1\].g_col\[0\].pe/place823,VPWR,li1,299.6900,247.5200,1.599611
g_row\[1\].g_col\[1\].pe/place829,VPWR,li1,216.8900,68.0000,1.599759
g_row\[0\].g_col\[1\].pe/place945,VPWR,li1,124.4300,57.1200,1.599828
g_row\[0\].g_col\[1\].pe/place946,VPWR,li1,100.5100,78.8800,1.599861
g_row\[1\].g_col\[1\].pe/place1052,VPWR,li1,205.8500,116.9600,1.599606
g_row\[0\].g_col\[1\].pe/place856,VPWR,li1,170.8900,84.3200,1.599910
g_row\[1\].g_col\[1\].pe/place828,VPWR,li1,235.7500,78.8800,1.599742
g_row\[0\].g_col\[1\].pe/place859,VPWR,li1,154.3300,73.4400,1.599860
g_row\[0\].g_col\[1\].pe/place947,VPWR,li1,106.0300,51.6800,1.599801
g_row\[1\].g_col\[1\].pe/place899,VPWR,li1,223.3300,116.9600,1.599576
g_row\[0\].g_col\[1\].pe/place948,VPWR,li1,77.5100,57.1200,1.599859
g_row\[1\].g_col\[1\].pe/place887,VPWR,li1,272.0900,29.9200,1.599842
g_row\[0\].g_col\[1\].pe/place860,VPWR,li1,76.1300,51.6800,1.599826
g_row\[0\].g_col\[1\].pe/place861,VPWR,li1,89.4700,57.1200,1.599846
g_row\[0\].g_col\[1\].pe/place949,VPWR,li1,67.8500,68.0000,1.599860
g_row\[0\].g_col\[1\].pe/place952,VPWR,li1,72.4500,46.2400,1.599683
g_row\[0\].g_col\[1\].pe/place862,VPWR,li1,46.6900,35.3600,1.599897
g_row\[0\].g_col\[1\].pe/place963,VPWR,li1,171.3500,122.4000,1.599639
g_row\[0\].g_col\[1\].pe/place954,VPWR,li1,47.1500,40.8000,1.599898
g_row\[0\].g_col\[1\].pe/place956,VPWR,li1,16.3300,40.8000,1.599944
g_row\[0\].g_col\[1\].pe/place966,VPWR,li1,162.6100,57.1200,1.599849
g_row\[0\].g_col\[0\].pe/place863,VPWR,li1,111.0900,138.7200,1.599692
g_row\[0\].g_col\[1\].pe/place955,VPWR,li1,41.1700,29.9200,1.599903
g_row\[0\].g_col\[1\].pe/place957,VPWR,li1,42.5500,35.3600,1.599904
g_row\[0\].g_col\[1\].pe/place962,VPWR,li1,170.8900,51.6800,1.599826
g_row\[0\].g_col\[1\].pe/place958,VPWR,li1,42.0900,35.3600,1.599904
g_row\[0\].g_col\[1\].pe/place959,VPWR,li1,40.2500,19.0400,1.599876
g_row\[0\].g_col\[1\].pe/place960,VPWR,li1,166.7500,57.1200,1.599853
g_row\[0\].g_col\[0\].pe/place995,VPWR,li1,183.7700,209.4400,1.599804
g_row\[0\].g_col\[0\].pe/place865,VPWR,li1,128.5700,236.6400,1.599641
g_row\[0\].g_col\[1\].pe/place961,VPWR,li1,182.8500,40.8000,1.599847
g_row\[0\].g_col\[0\].pe/place1264,VPWR,li1,106.4900,263.8400,1.599579
place1267,VPWR,li1,144.6700,258.4000,1.599556
g_row\[0\].g_col\[0\].pe/place970,VPWR,li1,39.7900,231.2000,1.599873
g_row\[0\].g_col\[0\].pe/place972,VPWR,li1,33.3500,231.2000,1.599894
place1275,VPWR,li1,382.0300,144.1600,1.599587
g_row\[0\].g_col\[0\].pe/place971,VPWR,li1,120.2900,214.8800,1.599710
g_row\[0\].g_col\[0\].pe/place974,VPWR,li1,181.4700,236.6400,1.599690
g_row\[0\].g_col\[0\].pe/place1196,VPWR,li1,47.1500,187.6800,1.599841
g_row\[0\].g_col\[1\].pe/place1234,VPWR,li1,112.0100,133.2800,1.599717
g_row\[0\].g_col\[0\].pe/place999,VPWR,li1,142.8300,209.4400,1.599806
place1278,VPWR,li1,18.1700,138.7200,1.599888
g_row\[0\].g_col\[1\].pe/place1279,VPWR,li1,106.4900,133.2800,1.599717
g_row\[0\].g_col\[0\].pe/place1000,VPWR,li1,152.0300,182.2400,1.599835
place1280,VPWR,li1,106.0300,138.7200,1.599690
g_row\[1\].g_col\[1\].pe/place820,VPWR,li1,325.9100,111.5200,1.599669
g_row\[0\].g_col\[0\].pe/place976,VPWR,li1,33.8100,236.6400,1.599852
g_row\[1\].g_col\[0\].pe/place822,VPWR,li1,325.4500,252.9600,1.599697
g_row\[1\].g_col\[1\].pe/place833,VPWR,li1,330.0500,40.8000,1.599909
g_row\[0\].g_col\[0\].pe/place868,VPWR,li1,48.5300,231.2000,1.599850
g_row\[0\].g_col\[0\].pe/place978,VPWR,li1,85.7900,193.1200,1.599613
g_row\[0\].g_col\[0\].pe/place979,VPWR,li1,50.8300,220.3200,1.599813
g_row\[0\].g_col\[0\].pe/place867,VPWR,li1,129.9500,214.8800,1.599714
g_row\[1\].g_col\[1\].pe/place830,VPWR,li1,330.0500,84.3200,1.599828
g_row\[0\].g_col\[0\].pe/place870,VPWR,li1,63.2500,214.8800,1.599798
g_row\[0\].g_col\[0\].pe/place980,VPWR,li1,72.4500,193.1200,1.599635
g_row\[0\].g_col\[0\].pe/place869,VPWR,li1,65.5500,220.3200,1.599775
g_row\[0\].g_col\[0\].pe/place982,VPWR,li1,54.9700,209.4400,1.599858
g_row\[1\].g_col\[1\].pe/place876,VPWR,li1,336.0300,40.8000,1.599903
g_row\[0\].g_col\[0\].pe/place871,VPWR,li1,57.2700,193.1200,1.599700
g_row\[0\].g_col\[0\].pe/place872,VPWR,li1,83.0300,187.6800,1.599797
g_row\[0\].g_col\[0\].pe/place981,VPWR,li1,61.8700,193.1200,1.599680
g_row\[0\].g_col\[0\].pe/place994,VPWR,li1,155.7100,231.2000,1.599751
g_row\[0\].g_col\[0\].pe/place873,VPWR,li1,93.6100,165.9200,1.599803
g_row\[0\].g_col\[0\].pe/place984,VPWR,li1,104.1900,187.6800,1.599800
g_row\[0\].g_col\[0\].pe/place986,VPWR,li1,119.3700,165.9200,1.599814
g_row\[0\].g_col\[0\].pe/place988,VPWR,li1,69.6900,171.3600,1.599672
g_row\[0\].g_col\[0\].pe/place997,VPWR,li1,147.4300,182.2400,1.599829
g_row\[1\].g_col\[1\].pe/place874,VPWR,li1,322.2300,46.2400,1.599897
g_row\[0\].g_col\[0\].pe/place987,VPWR,li1,86.2500,155.0400,1.599823
g_row\[0\].g_col\[0\].pe/place993,VPWR,li1,42.0900,165.9200,1.599842
g_row\[0\].g_col\[0\].pe/place989,VPWR,li1,80.7300,160.4800,1.599758
g_row\[0\].g_col\[0\].pe/place990,VPWR,li1,80.7300,160.4800,1.599758
g_row\[0\].g_col\[0\].pe/place991,VPWR,li1,105.5700,144.1600,1.599719
g_row\[0\].g_col\[0\].pe/place992,VPWR,li1,106.4900,171.3600,1.599714
g_row\[1\].g_col\[1\].pe/place1008,VPWR,li1,247.7100,35.3600,1.599797
g_row\[1\].g_col\[1\].pe/place878,VPWR,li1,322.2300,122.4000,1.599676
g_row\[1\].g_col\[1\].pe/place1009,VPWR,li1,227.9300,40.8000,1.599732
place1281,VPWR,li1,20.9300,106.0800,1.599840
g_row\[1\].g_col\[1\].pe/place1001,VPWR,li1,359.4900,127.8400,1.599753
g_row\[1\].g_col\[1\].pe/place1003,VPWR,li1,299.6900,51.6800,1.599833
place1282,VPWR,li1,162.6100,19.0400,1.599761
place1283,VPWR,li1,20.0100,100.6400,1.599809
g_row\[1\].g_col\[1\].pe/place1002,VPWR,li1,324.9900,127.8400,1.599829
g_row\[1\].g_col\[1\].pe/place1004,VPWR,li1,284.9700,46.2400,1.599820
place1263,VPWR,li1,175.4900,176.8000,1.599847
place1262,VPWR,li1,183.7700,187.6800,1.599852
g_row\[1\].g_col\[0\].pe/place1261,VPWR,li1,229.3100,225.7600,1.599567
g_row\[1\].g_col\[0\].pe/place1260,VPWR,li1,230.6900,231.2000,1.599666
g_row\[1\].g_col\[0\].pe/place1259,VPWR,li1,332.8100,231.2000,1.599718
g_row\[1\].g_col\[0\].pe/place1258,VPWR,li1,204.4700,209.4400,1.599729
place1257,VPWR,li1,196.1900,182.2400,1.599838
TAP_TAPCELL_ROW_93_1627,VPWR,li1,392.1500,264.1460,1.599715
TAP_TAPCELL_ROW_93_1626,VPWR,li1,379.2700,264.1460,1.599718
TAP_TAPCELL_ROW_93_1625,VPWR,li1,366.3900,264.1460,1.599733
TAP_TAPCELL_ROW_93_1624,VPWR,li1,353.5100,264.1460,1.599762
TAP_TAPCELL_ROW_93_1623,VPWR,li1,340.6300,264.1460,1.599796
TAP_TAPCELL_ROW_93_1622,VPWR,li1,327.7500,264.1460,1.599828
TAP_TAPCELL_ROW_93_1621,VPWR,li1,314.8700,264.1460,1.599772
TAP_TAPCELL_ROW_93_1620,VPWR,li1,301.9900,264.1460,1.599739
TAP_TAPCELL_ROW_93_1619,VPWR,li1,289.1100,264.1460,1.599720
TAP_TAPCELL_ROW_93_1618,VPWR,li1,276.2300,264.1460,1.599708
TAP_TAPCELL_ROW_93_1617,VPWR,li1,263.3500,264.1460,1.599712
TAP_TAPCELL_ROW_93_1616,VPWR,li1,250.4700,264.1460,1.599722
TAP_TAPCELL_ROW_93_1615,VPWR,li1,237.5900,264.1460,1.599740
TAP_TAPCELL_ROW_93_1614,VPWR,li1,224.7100,264.1460,1.599757
TAP_TAPCELL_ROW_93_1613,VPWR,li1,211.8300,264.1460,1.599776
TAP_TAPCELL_ROW_93_1612,VPWR,li1,198.9500,264.1460,1.599797
TAP_TAPCELL_ROW_93_1611,VPWR,li1,186.0700,264.1460,1.599817
TAP_TAPCELL_ROW_93_1610,VPWR,li1,173.1900,264.1460,1.599818
TAP_TAPCELL_ROW_93_1609,VPWR,li1,160.3100,264.1460,1.599756
TAP_TAPCELL_ROW_93_1608,VPWR,li1,147.4300,264.1460,1.599698
TAP_TAPCELL_ROW_93_1607,VPWR,li1,134.5500,264.1460,1.599645
TAP_TAPCELL_ROW_93_1606,VPWR,li1,121.6700,264.1460,1.599604
TAP_TAPCELL_ROW_93_1605,VPWR,li1,108.7900,264.1460,1.599581
TAP_TAPCELL_ROW_93_1604,VPWR,li1,95.9100,264.1460,1.599570
TAP_TAPCELL_ROW_93_1603,VPWR,li1,83.0300,264.1460,1.599568
TAP_TAPCELL_ROW_93_1602,VPWR,li1,70.1500,264.1460,1.599580
TAP_TAPCELL_ROW_93_1601,VPWR,li1,57.2700,264.1460,1.599618
TAP_TAPCELL_ROW_93_1600,VPWR,li1,44.3900,264.1460,1.599676
TAP_TAPCELL_ROW_93_1599,VPWR,li1,31.5100,264.1460,1.599755
TAP_TAPCELL_ROW_93_1598,VPWR,li1,18.6300,264.1460,1.599816
TAP_TAPCELL_ROW_92_1597,VPWR,li1,379.2700,263.5330,1.599718
TAP_TAPCELL_ROW_92_1596,VPWR,li1,353.5100,263.5330,1.599762
TAP_TAPCELL_ROW_92_1595,VPWR,li1,327.7500,263.5330,1.599828
TAP_TAPCELL_ROW_92_1594,VPWR,li1,301.9900,263.5330,1.599739
TAP_TAPCELL_ROW_92_1593,VPWR,li1,276.2300,263.5330,1.599708
TAP_TAPCELL_ROW_92_1592,VPWR,li1,250.4700,263.5330,1.599722
TAP_TAPCELL_ROW_92_1591,VPWR,li1,224.7100,263.5330,1.599757
TAP_TAPCELL_ROW_92_1590,VPWR,li1,198.9500,263.5330,1.599797
TAP_TAPCELL_ROW_92_1589,VPWR,li1,173.1900,263.5330,1.599818
TAP_TAPCELL_ROW_92_1588,VPWR,li1,147.4300,263.5330,1.599698
TAP_TAPCELL_ROW_92_1587,VPWR,li1,121.6700,263.5330,1.599604
TAP_TAPCELL_ROW_92_1586,VPWR,li1,95.9100,263.5330,1.599570
TAP_TAPCELL_ROW_92_1585,VPWR,li1,70.1500,263.5330,1.599580
TAP_TAPCELL_ROW_92_1584,VPWR,li1,44.3900,263.5330,1.599676
TAP_TAPCELL_ROW_92_1583,VPWR,li1,18.6300,263.5330,1.599816
TAP_TAPCELL_ROW_91_1582,VPWR,li1,392.1500,258.7060,1.599831
TAP_TAPCELL_ROW_91_1581,VPWR,li1,366.3900,258.7060,1.599837
TAP_TAPCELL_ROW_91_1580,VPWR,li1,340.6300,258.7060,1.599859
TAP_TAPCELL_ROW_91_1579,VPWR,li1,314.8700,258.7060,1.599808
TAP_TAPCELL_ROW_91_1578,VPWR,li1,289.1100,258.7060,1.599715
TAP_TAPCELL_ROW_91_1577,VPWR,li1,263.3500,258.7060,1.599654
TAP_TAPCELL_ROW_91_1576,VPWR,li1,237.5900,258.7060,1.599641
TAP_TAPCELL_ROW_91_1575,VPWR,li1,211.8300,258.7060,1.599673
TAP_TAPCELL_ROW_91_1574,VPWR,li1,186.0700,258.7060,1.599725
TAP_TAPCELL_ROW_91_1573,VPWR,li1,160.3100,258.7060,1.599642
TAP_TAPCELL_ROW_91_1572,VPWR,li1,134.5500,258.7060,1.599512
TAP_TAPCELL_ROW_91_1571,VPWR,li1,108.7900,258.7060,1.599481
TAP_TAPCELL_ROW_91_1570,VPWR,li1,83.0300,258.7060,1.599525
TAP_TAPCELL_ROW_91_1569,VPWR,li1,57.2700,258.7060,1.599623
TAP_TAPCELL_ROW_91_1568,VPWR,li1,31.5100,258.7060,1.599774
TAP_TAPCELL_ROW_90_1567,VPWR,li1,379.2700,258.0930,1.599833
TAP_TAPCELL_ROW_90_1566,VPWR,li1,353.5100,258.0930,1.599848
TAP_TAPCELL_ROW_90_1565,VPWR,li1,327.7500,258.0930,1.599861
TAP_TAPCELL_ROW_90_1564,VPWR,li1,301.9900,258.0930,1.599760
TAP_TAPCELL_ROW_90_1563,VPWR,li1,276.2300,258.0930,1.599680
TAP_TAPCELL_ROW_90_1562,VPWR,li1,250.4700,258.0930,1.599639
TAP_TAPCELL_ROW_90_1561,VPWR,li1,224.7100,258.0930,1.599654
TAP_TAPCELL_ROW_90_1560,VPWR,li1,198.9500,258.0930,1.599697
TAP_TAPCELL_ROW_90_1559,VPWR,li1,173.1900,258.0930,1.599734
TAP_TAPCELL_ROW_90_1558,VPWR,li1,147.4300,258.0930,1.599568
TAP_TAPCELL_ROW_90_1557,VPWR,li1,121.6700,258.0930,1.599477
TAP_TAPCELL_ROW_90_1556,VPWR,li1,95.9100,258.0930,1.599496
TAP_TAPCELL_ROW_90_1555,VPWR,li1,70.1500,258.0930,1.599570
TAP_TAPCELL_ROW_90_1554,VPWR,li1,44.3900,258.0930,1.599695
TAP_TAPCELL_ROW_90_1553,VPWR,li1,18.6300,258.0930,1.599834
TAP_TAPCELL_ROW_89_1552,VPWR,li1,392.1500,253.2660,1.599523
TAP_TAPCELL_ROW_89_1551,VPWR,li1,366.3900,253.2660,1.599548
TAP_TAPCELL_ROW_89_1550,VPWR,li1,340.6300,253.2660,1.599630
TAP_TAPCELL_ROW_89_1549,VPWR,li1,314.8700,253.2660,1.599638
TAP_TAPCELL_ROW_89_1548,VPWR,li1,289.1100,253.2660,1.599535
TAP_TAPCELL_ROW_89_1547,VPWR,li1,263.3500,253.2660,1.599492
TAP_TAPCELL_ROW_89_1546,VPWR,li1,237.5900,253.2660,1.599496
TAP_TAPCELL_ROW_89_1545,VPWR,li1,211.8300,253.2660,1.599562
TAP_TAPCELL_ROW_89_1544,VPWR,li1,186.0700,253.2660,1.599661
TAP_TAPCELL_ROW_89_1543,VPWR,li1,160.3100,253.2660,1.599598
TAP_TAPCELL_ROW_89_1542,VPWR,li1,134.5500,253.2660,1.599465
TAP_TAPCELL_ROW_89_1541,VPWR,li1,108.7900,253.2660,1.599447
TAP_TAPCELL_ROW_89_1540,VPWR,li1,83.0300,253.2660,1.599504
TAP_TAPCELL_ROW_89_1539,VPWR,li1,57.2700,253.2660,1.599608
TAP_TAPCELL_ROW_89_1538,VPWR,li1,31.5100,253.2660,1.599763
TAP_TAPCELL_ROW_88_1537,VPWR,li1,379.2700,252.6530,1.599530
TAP_TAPCELL_ROW_88_1536,VPWR,li1,353.5100,252.6530,1.599574
TAP_TAPCELL_ROW_88_1535,VPWR,li1,327.7500,252.6530,1.599710
TAP_TAPCELL_ROW_88_1534,VPWR,li1,301.9900,252.6530,1.599579
TAP_TAPCELL_ROW_88_1533,VPWR,li1,276.2300,252.6530,1.599504
TAP_TAPCELL_ROW_88_1532,VPWR,li1,250.4700,252.6530,1.599484
TAP_TAPCELL_ROW_88_1531,VPWR,li1,224.7100,252.6530,1.599521
TAP_TAPCELL_ROW_88_1530,VPWR,li1,198.9500,252.6530,1.599612
TAP_TAPCELL_ROW_88_1529,VPWR,li1,173.1900,252.6530,1.599683
TAP_TAPCELL_ROW_88_1528,VPWR,li1,147.4300,252.6530,1.599515
TAP_TAPCELL_ROW_88_1527,VPWR,li1,121.6700,252.6530,1.599442
TAP_TAPCELL_ROW_88_1526,VPWR,li1,95.9100,252.6530,1.599469
TAP_TAPCELL_ROW_88_1525,VPWR,li1,70.1500,252.6530,1.599547
TAP_TAPCELL_ROW_88_1524,VPWR,li1,44.3900,252.6530,1.599688
TAP_TAPCELL_ROW_88_1523,VPWR,li1,18.6300,252.6530,1.599827
TAP_TAPCELL_ROW_87_1522,VPWR,li1,392.1500,247.8260,1.599591
TAP_TAPCELL_ROW_87_1521,VPWR,li1,366.3900,247.8260,1.599605
TAP_TAPCELL_ROW_87_1520,VPWR,li1,340.6300,247.8260,1.599673
TAP_TAPCELL_ROW_87_1519,VPWR,li1,314.8700,247.8260,1.599662
TAP_TAPCELL_ROW_87_1518,VPWR,li1,289.1100,247.8260,1.599577
TAP_TAPCELL_ROW_87_1517,VPWR,li1,263.3500,247.8260,1.599527
TAP_TAPCELL_ROW_87_1516,VPWR,li1,237.5900,247.8260,1.599509
TAP_TAPCELL_ROW_87_1515,VPWR,li1,211.8300,247.8260,1.599541
TAP_TAPCELL_ROW_87_1514,VPWR,li1,186.0700,247.8260,1.599630
TAP_TAPCELL_ROW_87_1513,VPWR,li1,160.3100,247.8260,1.599601
TAP_TAPCELL_ROW_87_1512,VPWR,li1,134.5500,247.8260,1.599512
TAP_TAPCELL_ROW_87_1511,VPWR,li1,108.7900,247.8260,1.599511
TAP_TAPCELL_ROW_87_1510,VPWR,li1,83.0300,247.8260,1.599563
TAP_TAPCELL_ROW_87_1509,VPWR,li1,57.2700,247.8260,1.599658
TAP_TAPCELL_ROW_87_1508,VPWR,li1,31.5100,247.8260,1.599794
TAP_TAPCELL_ROW_86_1507,VPWR,li1,379.2700,247.2130,1.599594
TAP_TAPCELL_ROW_86_1506,VPWR,li1,353.5100,247.2130,1.599632
TAP_TAPCELL_ROW_86_1505,VPWR,li1,327.7500,247.2130,1.599723
TAP_TAPCELL_ROW_86_1504,VPWR,li1,301.9900,247.2130,1.599620
TAP_TAPCELL_ROW_86_1503,VPWR,li1,276.2300,247.2130,1.599547
TAP_TAPCELL_ROW_86_1502,VPWR,li1,250.4700,247.2130,1.599512
TAP_TAPCELL_ROW_86_1501,VPWR,li1,224.7100,247.2130,1.599520
TAP_TAPCELL_ROW_86_1500,VPWR,li1,198.9500,247.2130,1.599583
TAP_TAPCELL_ROW_86_1499,VPWR,li1,173.1900,247.2130,1.599680
TAP_TAPCELL_ROW_86_1498,VPWR,li1,147.4300,247.2130,1.599543
TAP_TAPCELL_ROW_86_1497,VPWR,li1,121.6700,247.2130,1.599504
TAP_TAPCELL_ROW_86_1496,VPWR,li1,95.9100,247.2130,1.599528
TAP_TAPCELL_ROW_86_1495,VPWR,li1,70.1500,247.2130,1.599603
TAP_TAPCELL_ROW_86_1494,VPWR,li1,44.3900,247.2130,1.599728
TAP_TAPCELL_ROW_86_1493,VPWR,li1,18.6300,247.2130,1.599852
TAP_TAPCELL_ROW_85_1492,VPWR,li1,392.1500,242.3860,1.599511
TAP_TAPCELL_ROW_85_1491,VPWR,li1,366.3900,242.3860,1.599553
TAP_TAPCELL_ROW_85_1490,VPWR,li1,340.6300,242.3860,1.599643
TAP_TAPCELL_ROW_85_1489,VPWR,li1,314.8700,242.3860,1.599597
TAP_TAPCELL_ROW_85_1488,VPWR,li1,289.1100,242.3860,1.599459
TAP_TAPCELL_ROW_85_1487,VPWR,li1,263.3500,242.3860,1.599397
TAP_TAPCELL_ROW_85_1486,VPWR,li1,237.5900,242.3860,1.599410
TAP_TAPCELL_ROW_85_1485,VPWR,li1,211.8300,242.3860,1.599487
TAP_TAPCELL_ROW_85_1484,VPWR,li1,186.0700,242.3860,1.599602
TAP_TAPCELL_ROW_85_1483,VPWR,li1,160.3100,242.3860,1.599565
TAP_TAPCELL_ROW_85_1482,VPWR,li1,134.5500,242.3860,1.599422
TAP_TAPCELL_ROW_85_1481,VPWR,li1,108.7900,242.3860,1.599433
TAP_TAPCELL_ROW_85_1480,VPWR,li1,83.0300,242.3860,1.599526
TAP_TAPCELL_ROW_85_1479,VPWR,li1,57.2700,242.3860,1.599648
TAP_TAPCELL_ROW_85_1478,VPWR,li1,31.5100,242.3860,1.599798
TAP_TAPCELL_ROW_84_1477,VPWR,li1,379.2700,241.7730,1.599523
TAP_TAPCELL_ROW_84_1476,VPWR,li1,353.5100,241.7730,1.599593
TAP_TAPCELL_ROW_84_1475,VPWR,li1,327.7500,241.7730,1.599681
TAP_TAPCELL_ROW_84_1474,VPWR,li1,301.9900,241.7730,1.599518
TAP_TAPCELL_ROW_84_1473,VPWR,li1,276.2300,241.7730,1.599420
TAP_TAPCELL_ROW_84_1472,VPWR,li1,250.4700,241.7730,1.599395
TAP_TAPCELL_ROW_84_1471,VPWR,li1,224.7100,241.7730,1.599442
TAP_TAPCELL_ROW_84_1470,VPWR,li1,198.9500,241.7730,1.599535
TAP_TAPCELL_ROW_84_1469,VPWR,li1,173.1900,241.7730,1.599656
TAP_TAPCELL_ROW_84_1468,VPWR,li1,147.4300,241.7730,1.599478
TAP_TAPCELL_ROW_84_1467,VPWR,li1,121.6700,241.7730,1.599413
TAP_TAPCELL_ROW_84_1466,VPWR,li1,95.9100,241.7730,1.599469
TAP_TAPCELL_ROW_84_1465,VPWR,li1,70.1500,241.7730,1.599584
TAP_TAPCELL_ROW_84_1464,VPWR,li1,44.3900,241.7730,1.599716
TAP_TAPCELL_ROW_84_1463,VPWR,li1,18.6300,241.7730,1.599849
TAP_TAPCELL_ROW_83_1462,VPWR,li1,392.1500,236.9460,1.599495
TAP_TAPCELL_ROW_83_1461,VPWR,li1,366.3900,236.9460,1.599522
TAP_TAPCELL_ROW_83_1460,VPWR,li1,340.6300,236.9460,1.599609
TAP_TAPCELL_ROW_83_1459,VPWR,li1,314.8700,236.9460,1.599585
TAP_TAPCELL_ROW_83_1458,VPWR,li1,289.1100,236.9460,1.599484
TAP_TAPCELL_ROW_83_1457,VPWR,li1,263.3500,236.9460,1.599449
TAP_TAPCELL_ROW_83_1456,VPWR,li1,237.5900,236.9460,1.599445
TAP_TAPCELL_ROW_83_1455,VPWR,li1,211.8300,236.9460,1.599510
TAP_TAPCELL_ROW_83_1454,VPWR,li1,186.0700,236.9460,1.599660
TAP_TAPCELL_ROW_83_1453,VPWR,li1,160.3100,236.9460,1.599695
TAP_TAPCELL_ROW_83_1452,VPWR,li1,134.5500,236.9460,1.599644
TAP_TAPCELL_ROW_83_1451,VPWR,li1,108.7900,236.9460,1.599653
TAP_TAPCELL_ROW_83_1450,VPWR,li1,83.0300,236.9460,1.599697
TAP_TAPCELL_ROW_83_1449,VPWR,li1,57.2700,236.9460,1.599775
TAP_TAPCELL_ROW_83_1448,VPWR,li1,31.5100,236.9460,1.599867
TAP_TAPCELL_ROW_82_1447,VPWR,li1,379.2700,236.3330,1.599502
TAP_TAPCELL_ROW_82_1446,VPWR,li1,353.5100,236.3330,1.599559
TAP_TAPCELL_ROW_82_1445,VPWR,li1,327.7500,236.3330,1.599681
TAP_TAPCELL_ROW_82_1444,VPWR,li1,301.9900,236.3330,1.599526
TAP_TAPCELL_ROW_82_1443,VPWR,li1,276.2300,236.3330,1.599463
TAP_TAPCELL_ROW_82_1442,VPWR,li1,250.4700,236.3330,1.599440
TAP_TAPCELL_ROW_82_1441,VPWR,li1,224.7100,236.3330,1.599463
TAP_TAPCELL_ROW_82_1440,VPWR,li1,198.9500,236.3330,1.599565
TAP_TAPCELL_ROW_82_1439,VPWR,li1,173.1900,236.3330,1.599734
TAP_TAPCELL_ROW_82_1438,VPWR,li1,147.4300,236.3330,1.599664
TAP_TAPCELL_ROW_82_1437,VPWR,li1,121.6700,236.3330,1.599642
TAP_TAPCELL_ROW_82_1436,VPWR,li1,95.9100,236.3330,1.599670
TAP_TAPCELL_ROW_82_1435,VPWR,li1,70.1500,236.3330,1.599734
TAP_TAPCELL_ROW_82_1434,VPWR,li1,44.3900,236.3330,1.599813
TAP_TAPCELL_ROW_82_1433,VPWR,li1,18.6300,236.3330,1.599899
TAP_TAPCELL_ROW_81_1432,VPWR,li1,392.1500,231.5060,1.599576
TAP_TAPCELL_ROW_81_1431,VPWR,li1,366.3900,231.5060,1.599600
TAP_TAPCELL_ROW_81_1430,VPWR,li1,340.6300,231.5060,1.599686
TAP_TAPCELL_ROW_81_1429,VPWR,li1,314.8700,231.5060,1.599686
TAP_TAPCELL_ROW_81_1428,VPWR,li1,289.1100,231.5060,1.599644
TAP_TAPCELL_ROW_81_1427,VPWR,li1,263.3500,231.5060,1.599639
TAP_TAPCELL_ROW_81_1426,VPWR,li1,237.5900,231.5060,1.599659
TAP_TAPCELL_ROW_81_1425,VPWR,li1,211.8300,231.5060,1.599700
TAP_TAPCELL_ROW_81_1424,VPWR,li1,186.0700,231.5060,1.599760
TAP_TAPCELL_ROW_81_1423,VPWR,li1,160.3100,231.5060,1.599762
TAP_TAPCELL_ROW_81_1422,VPWR,li1,134.5500,231.5060,1.599723
TAP_TAPCELL_ROW_81_1421,VPWR,li1,108.7900,231.5060,1.599738
TAP_TAPCELL_ROW_81_1420,VPWR,li1,83.0300,231.5060,1.599777
TAP_TAPCELL_ROW_81_1419,VPWR,li1,57.2700,231.5060,1.599830
TAP_TAPCELL_ROW_81_1418,VPWR,li1,31.5100,231.5060,1.599899
TAP_TAPCELL_ROW_80_1417,VPWR,li1,379.2700,230.8930,1.599580
TAP_TAPCELL_ROW_80_1416,VPWR,li1,353.5100,230.8930,1.599643
TAP_TAPCELL_ROW_80_1415,VPWR,li1,327.7500,230.8930,1.599740
TAP_TAPCELL_ROW_80_1414,VPWR,li1,301.9900,230.8930,1.599661
TAP_TAPCELL_ROW_80_1413,VPWR,li1,276.2300,230.8930,1.599637
TAP_TAPCELL_ROW_80_1412,VPWR,li1,250.4700,230.8930,1.599648
TAP_TAPCELL_ROW_80_1411,VPWR,li1,224.7100,230.8930,1.599676
TAP_TAPCELL_ROW_80_1410,VPWR,li1,198.9500,230.8930,1.599727
TAP_TAPCELL_ROW_80_1409,VPWR,li1,173.1900,230.8930,1.599802
TAP_TAPCELL_ROW_80_1408,VPWR,li1,147.4300,230.8930,1.599735
TAP_TAPCELL_ROW_80_1407,VPWR,li1,121.6700,230.8930,1.599728
TAP_TAPCELL_ROW_80_1406,VPWR,li1,95.9100,230.8930,1.599756
TAP_TAPCELL_ROW_80_1405,VPWR,li1,70.1500,230.8930,1.599802
TAP_TAPCELL_ROW_80_1404,VPWR,li1,44.3900,230.8930,1.599861
TAP_TAPCELL_ROW_80_1403,VPWR,li1,18.6300,230.8930,1.599924
TAP_TAPCELL_ROW_79_1402,VPWR,li1,392.1500,226.0660,1.599657
TAP_TAPCELL_ROW_79_1401,VPWR,li1,366.3900,226.0660,1.599674
TAP_TAPCELL_ROW_79_1400,VPWR,li1,340.6300,226.0660,1.599722
TAP_TAPCELL_ROW_79_1399,VPWR,li1,314.8700,226.0660,1.599674
TAP_TAPCELL_ROW_79_1398,VPWR,li1,289.1100,226.0660,1.599547
TAP_TAPCELL_ROW_79_1397,VPWR,li1,263.3500,226.0660,1.599522
TAP_TAPCELL_ROW_79_1396,VPWR,li1,237.5900,226.0660,1.599556
TAP_TAPCELL_ROW_79_1395,VPWR,li1,211.8300,226.0660,1.599615
TAP_TAPCELL_ROW_79_1394,VPWR,li1,186.0700,226.0660,1.599718
TAP_TAPCELL_ROW_79_1393,VPWR,li1,160.3100,226.0660,1.599713
TAP_TAPCELL_ROW_79_1392,VPWR,li1,134.5500,226.0660,1.599702
TAP_TAPCELL_ROW_79_1391,VPWR,li1,108.7900,226.0660,1.599713
TAP_TAPCELL_ROW_79_1390,VPWR,li1,83.0300,226.0660,1.599759
TAP_TAPCELL_ROW_79_1389,VPWR,li1,57.2700,226.0660,1.599819
TAP_TAPCELL_ROW_79_1388,VPWR,li1,31.5100,226.0660,1.599888
TAP_TAPCELL_ROW_78_1387,VPWR,li1,379.2700,225.4530,1.599662
TAP_TAPCELL_ROW_78_1386,VPWR,li1,353.5100,225.4530,1.599693
TAP_TAPCELL_ROW_78_1385,VPWR,li1,327.7500,225.4530,1.599744
TAP_TAPCELL_ROW_78_1384,VPWR,li1,301.9900,225.4530,1.599607
TAP_TAPCELL_ROW_78_1383,VPWR,li1,276.2300,225.4530,1.599510
TAP_TAPCELL_ROW_78_1382,VPWR,li1,250.4700,225.4530,1.599538
TAP_TAPCELL_ROW_78_1381,VPWR,li1,224.7100,225.4530,1.599575
TAP_TAPCELL_ROW_78_1380,VPWR,li1,198.9500,225.4530,1.599665
TAP_TAPCELL_ROW_78_1379,VPWR,li1,173.1900,225.4530,1.599762
TAP_TAPCELL_ROW_78_1378,VPWR,li1,147.4300,225.4530,1.599706
TAP_TAPCELL_ROW_78_1377,VPWR,li1,121.6700,225.4530,1.599703
TAP_TAPCELL_ROW_78_1376,VPWR,li1,95.9100,225.4530,1.599733
TAP_TAPCELL_ROW_78_1375,VPWR,li1,70.1500,225.4530,1.599790
TAP_TAPCELL_ROW_78_1374,VPWR,li1,44.3900,225.4530,1.599855
TAP_TAPCELL_ROW_78_1373,VPWR,li1,18.6300,225.4530,1.599917
TAP_TAPCELL_ROW_77_1372,VPWR,li1,392.1500,220.6260,1.599787
TAP_TAPCELL_ROW_77_1371,VPWR,li1,366.3900,220.6260,1.599797
TAP_TAPCELL_ROW_77_1370,VPWR,li1,340.6300,220.6260,1.599824
TAP_TAPCELL_ROW_77_1369,VPWR,li1,314.8700,220.6260,1.599824
TAP_TAPCELL_ROW_77_1368,VPWR,li1,289.1100,220.6260,1.599779
TAP_TAPCELL_ROW_77_1367,VPWR,li1,263.3500,220.6260,1.599748
TAP_TAPCELL_ROW_77_1366,VPWR,li1,237.5900,220.6260,1.599724
TAP_TAPCELL_ROW_77_1365,VPWR,li1,211.8300,220.6260,1.599719
TAP_TAPCELL_ROW_77_1364,VPWR,li1,186.0700,220.6260,1.599769
TAP_TAPCELL_ROW_77_1363,VPWR,li1,160.3100,220.6260,1.599750
TAP_TAPCELL_ROW_77_1362,VPWR,li1,134.5500,220.6260,1.599718
TAP_TAPCELL_ROW_77_1361,VPWR,li1,108.7900,220.6260,1.599709
TAP_TAPCELL_ROW_77_1360,VPWR,li1,83.0300,220.6260,1.599737
TAP_TAPCELL_ROW_77_1359,VPWR,li1,57.2700,220.6260,1.599799
TAP_TAPCELL_ROW_77_1358,VPWR,li1,31.5100,220.6260,1.599873
TAP_TAPCELL_ROW_76_1357,VPWR,li1,379.2700,220.0130,1.599790
TAP_TAPCELL_ROW_76_1356,VPWR,li1,353.5100,220.0130,1.599807
TAP_TAPCELL_ROW_76_1355,VPWR,li1,327.7500,220.0130,1.599858
TAP_TAPCELL_ROW_76_1354,VPWR,li1,301.9900,220.0130,1.599797
TAP_TAPCELL_ROW_76_1353,VPWR,li1,276.2300,220.0130,1.599762
TAP_TAPCELL_ROW_76_1352,VPWR,li1,250.4700,220.0130,1.599736
TAP_TAPCELL_ROW_76_1351,VPWR,li1,224.7100,220.0130,1.599719
TAP_TAPCELL_ROW_76_1350,VPWR,li1,198.9500,220.0130,1.599732
TAP_TAPCELL_ROW_76_1349,VPWR,li1,173.1900,220.0130,1.599795
TAP_TAPCELL_ROW_76_1348,VPWR,li1,147.4300,220.0130,1.599731
TAP_TAPCELL_ROW_76_1347,VPWR,li1,121.6700,220.0130,1.599711
TAP_TAPCELL_ROW_76_1346,VPWR,li1,95.9100,220.0130,1.599719
TAP_TAPCELL_ROW_76_1345,VPWR,li1,70.1500,220.0130,1.599764
TAP_TAPCELL_ROW_76_1344,VPWR,li1,44.3900,220.0130,1.599832
TAP_TAPCELL_ROW_76_1343,VPWR,li1,18.6300,220.0130,1.599908
TAP_TAPCELL_ROW_75_1342,VPWR,li1,392.1500,215.1860,1.599699
TAP_TAPCELL_ROW_75_1341,VPWR,li1,366.3900,215.1860,1.599720
TAP_TAPCELL_ROW_75_1340,VPWR,li1,340.6300,215.1860,1.599783
TAP_TAPCELL_ROW_75_1339,VPWR,li1,314.8700,215.1860,1.599789
TAP_TAPCELL_ROW_75_1338,VPWR,li1,289.1100,215.1860,1.599727
TAP_TAPCELL_ROW_75_1337,VPWR,li1,263.3500,215.1860,1.599675
TAP_TAPCELL_ROW_75_1336,VPWR,li1,237.5900,215.1860,1.599628
TAP_TAPCELL_ROW_75_1335,VPWR,li1,211.8300,215.1860,1.599633
TAP_TAPCELL_ROW_75_1334,VPWR,li1,186.0700,215.1860,1.599750
TAP_TAPCELL_ROW_75_1333,VPWR,li1,160.3100,215.1860,1.599757
TAP_TAPCELL_ROW_75_1332,VPWR,li1,134.5500,215.1860,1.599717
TAP_TAPCELL_ROW_75_1331,VPWR,li1,108.7900,215.1860,1.599713
TAP_TAPCELL_ROW_75_1330,VPWR,li1,83.0300,215.1860,1.599753
TAP_TAPCELL_ROW_75_1329,VPWR,li1,57.2700,215.1860,1.599811
TAP_TAPCELL_ROW_75_1328,VPWR,li1,31.5100,215.1860,1.599885
TAP_TAPCELL_ROW_74_1327,VPWR,li1,379.2700,214.5730,1.599705
TAP_TAPCELL_ROW_74_1326,VPWR,li1,353.5100,214.5730,1.599744
TAP_TAPCELL_ROW_74_1325,VPWR,li1,327.7500,214.5730,1.599827
TAP_TAPCELL_ROW_74_1324,VPWR,li1,301.9900,214.5730,1.599757
TAP_TAPCELL_ROW_74_1323,VPWR,li1,276.2300,214.5730,1.599702
TAP_TAPCELL_ROW_74_1322,VPWR,li1,250.4700,214.5730,1.599649
TAP_TAPCELL_ROW_74_1321,VPWR,li1,224.7100,214.5730,1.599616
TAP_TAPCELL_ROW_74_1320,VPWR,li1,198.9500,214.5730,1.599688
TAP_TAPCELL_ROW_74_1319,VPWR,li1,173.1900,214.5730,1.599793
TAP_TAPCELL_ROW_74_1318,VPWR,li1,147.4300,214.5730,1.599732
TAP_TAPCELL_ROW_74_1317,VPWR,li1,121.6700,214.5730,1.599711
TAP_TAPCELL_ROW_74_1316,VPWR,li1,95.9100,214.5730,1.599728
TAP_TAPCELL_ROW_74_1315,VPWR,li1,70.1500,214.5730,1.599783
TAP_TAPCELL_ROW_74_1314,VPWR,li1,44.3900,214.5730,1.599847
TAP_TAPCELL_ROW_74_1313,VPWR,li1,18.6300,214.5730,1.599916
TAP_TAPCELL_ROW_73_1312,VPWR,li1,392.1500,209.7460,1.599801
TAP_TAPCELL_ROW_73_1311,VPWR,li1,366.3900,209.7460,1.599818
TAP_TAPCELL_ROW_73_1310,VPWR,li1,340.6300,209.7460,1.599860
TAP_TAPCELL_ROW_73_1309,VPWR,li1,314.8700,209.7460,1.599852
TAP_TAPCELL_ROW_73_1308,VPWR,li1,289.1100,209.7460,1.599798
TAP_TAPCELL_ROW_73_1307,VPWR,li1,263.3500,209.7460,1.599751
TAP_TAPCELL_ROW_73_1306,VPWR,li1,237.5900,209.7460,1.599711
TAP_TAPCELL_ROW_73_1305,VPWR,li1,211.8300,209.7460,1.599714
TAP_TAPCELL_ROW_73_1304,VPWR,li1,186.0700,209.7460,1.599794
TAP_TAPCELL_ROW_73_1303,VPWR,li1,160.3100,209.7460,1.599822
TAP_TAPCELL_ROW_73_1302,VPWR,li1,134.5500,209.7460,1.599802
TAP_TAPCELL_ROW_73_1301,VPWR,li1,108.7900,209.7460,1.599800
TAP_TAPCELL_ROW_73_1300,VPWR,li1,83.0300,209.7460,1.599814
TAP_TAPCELL_ROW_73_1299,VPWR,li1,57.2700,209.7460,1.599853
TAP_TAPCELL_ROW_73_1298,VPWR,li1,31.5100,209.7460,1.599910
TAP_TAPCELL_ROW_72_1297,VPWR,li1,379.2700,209.1330,1.599806
TAP_TAPCELL_ROW_72_1296,VPWR,li1,353.5100,209.1330,1.599833
TAP_TAPCELL_ROW_72_1295,VPWR,li1,327.7500,209.1330,1.599880
TAP_TAPCELL_ROW_72_1294,VPWR,li1,301.9900,209.1330,1.599823
TAP_TAPCELL_ROW_72_1293,VPWR,li1,276.2300,209.1330,1.599773
TAP_TAPCELL_ROW_72_1292,VPWR,li1,250.4700,209.1330,1.599728
TAP_TAPCELL_ROW_72_1291,VPWR,li1,224.7100,209.1330,1.599700
TAP_TAPCELL_ROW_72_1290,VPWR,li1,198.9500,209.1330,1.599743
TAP_TAPCELL_ROW_72_1289,VPWR,li1,173.1900,209.1330,1.599839
TAP_TAPCELL_ROW_72_1288,VPWR,li1,147.4300,209.1330,1.599809
TAP_TAPCELL_ROW_72_1287,VPWR,li1,121.6700,209.1330,1.599799
TAP_TAPCELL_ROW_72_1286,VPWR,li1,95.9100,209.1330,1.599804
TAP_TAPCELL_ROW_72_1285,VPWR,li1,70.1500,209.1330,1.599829
TAP_TAPCELL_ROW_72_1284,VPWR,li1,44.3900,209.1330,1.599878
TAP_TAPCELL_ROW_72_1283,VPWR,li1,18.6300,209.1330,1.599933
TAP_TAPCELL_ROW_71_1282,VPWR,li1,392.1500,204.3060,1.599767
TAP_TAPCELL_ROW_71_1281,VPWR,li1,366.3900,204.3060,1.599789
TAP_TAPCELL_ROW_71_1280,VPWR,li1,340.6300,204.3060,1.599846
TAP_TAPCELL_ROW_71_1279,VPWR,li1,314.8700,204.3060,1.599838
TAP_TAPCELL_ROW_71_1278,VPWR,li1,289.1100,204.3060,1.599772
TAP_TAPCELL_ROW_71_1277,VPWR,li1,263.3500,204.3060,1.599717
TAP_TAPCELL_ROW_71_1276,VPWR,li1,237.5900,204.3060,1.599677
TAP_TAPCELL_ROW_71_1275,VPWR,li1,211.8300,204.3060,1.599698
TAP_TAPCELL_ROW_71_1274,VPWR,li1,186.0700,204.3060,1.599757
TAP_TAPCELL_ROW_71_1273,VPWR,li1,160.3100,204.3060,1.599732
TAP_TAPCELL_ROW_71_1272,VPWR,li1,134.5500,204.3060,1.599691
TAP_TAPCELL_ROW_71_1271,VPWR,li1,108.7900,204.3060,1.599702
TAP_TAPCELL_ROW_71_1270,VPWR,li1,83.0300,204.3060,1.599739
TAP_TAPCELL_ROW_71_1269,VPWR,li1,57.2700,204.3060,1.599801
TAP_TAPCELL_ROW_71_1268,VPWR,li1,31.5100,204.3060,1.599885
TAP_TAPCELL_ROW_70_1267,VPWR,li1,379.2700,203.6930,1.599774
TAP_TAPCELL_ROW_70_1266,VPWR,li1,353.5100,203.6930,1.599817
TAP_TAPCELL_ROW_70_1265,VPWR,li1,327.7500,203.6930,1.599874
TAP_TAPCELL_ROW_70_1264,VPWR,li1,301.9900,203.6930,1.599803
TAP_TAPCELL_ROW_70_1263,VPWR,li1,276.2300,203.6930,1.599744
TAP_TAPCELL_ROW_70_1262,VPWR,li1,250.4700,203.6930,1.599694
TAP_TAPCELL_ROW_70_1261,VPWR,li1,224.7100,203.6930,1.599684
TAP_TAPCELL_ROW_70_1260,VPWR,li1,198.9500,203.6930,1.599724
TAP_TAPCELL_ROW_70_1259,VPWR,li1,173.1900,203.6930,1.599778
TAP_TAPCELL_ROW_70_1258,VPWR,li1,147.4300,203.6930,1.599701
TAP_TAPCELL_ROW_70_1257,VPWR,li1,121.6700,203.6930,1.599694
TAP_TAPCELL_ROW_70_1256,VPWR,li1,95.9100,203.6930,1.599718
TAP_TAPCELL_ROW_70_1255,VPWR,li1,70.1500,203.6930,1.599765
TAP_TAPCELL_ROW_70_1254,VPWR,li1,44.3900,203.6930,1.599841
TAP_TAPCELL_ROW_70_1253,VPWR,li1,18.6300,203.6930,1.599916
TAP_TAPCELL_ROW_69_1252,VPWR,li1,392.1500,198.8660,1.599792
TAP_TAPCELL_ROW_69_1251,VPWR,li1,366.3900,198.8660,1.599819
TAP_TAPCELL_ROW_69_1250,VPWR,li1,340.6300,198.8660,1.599872
TAP_TAPCELL_ROW_69_1249,VPWR,li1,314.8700,198.8660,1.599867
TAP_TAPCELL_ROW_69_1248,VPWR,li1,289.1100,198.8660,1.599828
TAP_TAPCELL_ROW_69_1247,VPWR,li1,263.3500,198.8660,1.599795
TAP_TAPCELL_ROW_69_1246,VPWR,li1,237.5900,198.8660,1.599767
TAP_TAPCELL_ROW_69_1245,VPWR,li1,211.8300,198.8660,1.599779
TAP_TAPCELL_ROW_69_1244,VPWR,li1,186.0700,198.8660,1.599834
TAP_TAPCELL_ROW_69_1243,VPWR,li1,160.3100,198.8660,1.599831
TAP_TAPCELL_ROW_69_1242,VPWR,li1,134.5500,198.8660,1.599803
TAP_TAPCELL_ROW_69_1241,VPWR,li1,108.7900,198.8660,1.599800
TAP_TAPCELL_ROW_69_1240,VPWR,li1,83.0300,198.8660,1.599821
TAP_TAPCELL_ROW_69_1239,VPWR,li1,57.2700,198.8660,1.599862
TAP_TAPCELL_ROW_69_1238,VPWR,li1,31.5100,198.8660,1.599911
TAP_TAPCELL_ROW_68_1237,VPWR,li1,379.2700,198.2530,1.599799
TAP_TAPCELL_ROW_68_1236,VPWR,li1,353.5100,198.2530,1.599844
TAP_TAPCELL_ROW_68_1235,VPWR,li1,327.7500,198.2530,1.599893
TAP_TAPCELL_ROW_68_1234,VPWR,li1,301.9900,198.2530,1.599848
TAP_TAPCELL_ROW_68_1233,VPWR,li1,276.2300,198.2530,1.599811
TAP_TAPCELL_ROW_68_1232,VPWR,li1,250.4700,198.2530,1.599780
TAP_TAPCELL_ROW_68_1231,VPWR,li1,224.7100,198.2530,1.599761
TAP_TAPCELL_ROW_68_1230,VPWR,li1,198.9500,198.2530,1.599803
TAP_TAPCELL_ROW_68_1229,VPWR,li1,173.1900,198.2530,1.599858
TAP_TAPCELL_ROW_68_1228,VPWR,li1,147.4300,198.2530,1.599814
TAP_TAPCELL_ROW_68_1227,VPWR,li1,121.6700,198.2530,1.599800
TAP_TAPCELL_ROW_68_1226,VPWR,li1,95.9100,198.2530,1.599807
TAP_TAPCELL_ROW_68_1225,VPWR,li1,70.1500,198.2530,1.599838
TAP_TAPCELL_ROW_68_1224,VPWR,li1,44.3900,198.2530,1.599883
TAP_TAPCELL_ROW_68_1223,VPWR,li1,18.6300,198.2530,1.599934
TAP_TAPCELL_ROW_67_1222,VPWR,li1,392.1500,193.4260,1.599845
TAP_TAPCELL_ROW_67_1221,VPWR,li1,366.3900,193.4260,1.599863
TAP_TAPCELL_ROW_67_1220,VPWR,li1,340.6300,193.4260,1.599898
TAP_TAPCELL_ROW_67_1219,VPWR,li1,314.8700,193.4260,1.599886
TAP_TAPCELL_ROW_67_1218,VPWR,li1,289.1100,193.4260,1.599845
TAP_TAPCELL_ROW_67_1217,VPWR,li1,263.3500,193.4260,1.599816
TAP_TAPCELL_ROW_67_1216,VPWR,li1,237.5900,193.4260,1.599792
TAP_TAPCELL_ROW_67_1215,VPWR,li1,211.8300,193.4260,1.599782
TAP_TAPCELL_ROW_67_1214,VPWR,li1,186.0700,193.4260,1.599803
TAP_TAPCELL_ROW_67_1213,VPWR,li1,160.3100,193.4260,1.599765
TAP_TAPCELL_ROW_67_1212,VPWR,li1,134.5500,193.4260,1.599692
TAP_TAPCELL_ROW_67_1211,VPWR,li1,108.7900,193.4260,1.599643
TAP_TAPCELL_ROW_67_1210,VPWR,li1,83.0300,193.4260,1.599610
TAP_TAPCELL_ROW_67_1209,VPWR,li1,57.2700,193.4260,1.599700
TAP_TAPCELL_ROW_67_1208,VPWR,li1,31.5100,193.4260,1.599825
TAP_TAPCELL_ROW_66_1207,VPWR,li1,379.2700,192.8130,1.599852
TAP_TAPCELL_ROW_66_1206,VPWR,li1,353.5100,192.8130,1.599881
TAP_TAPCELL_ROW_66_1205,VPWR,li1,327.7500,192.8130,1.599912
TAP_TAPCELL_ROW_66_1204,VPWR,li1,301.9900,192.8130,1.599866
TAP_TAPCELL_ROW_66_1203,VPWR,li1,276.2300,192.8130,1.599830
TAP_TAPCELL_ROW_66_1202,VPWR,li1,250.4700,192.8130,1.599802
TAP_TAPCELL_ROW_66_1201,VPWR,li1,224.7100,192.8130,1.599786
TAP_TAPCELL_ROW_66_1200,VPWR,li1,198.9500,192.8130,1.599789
TAP_TAPCELL_ROW_66_1199,VPWR,li1,173.1900,192.8130,1.599816
TAP_TAPCELL_ROW_66_1198,VPWR,li1,147.4300,192.8130,1.599729
TAP_TAPCELL_ROW_66_1197,VPWR,li1,121.6700,192.8130,1.599666
TAP_TAPCELL_ROW_66_1196,VPWR,li1,95.9100,192.8130,1.599624
TAP_TAPCELL_ROW_66_1195,VPWR,li1,70.1500,192.8130,1.599644
TAP_TAPCELL_ROW_66_1194,VPWR,li1,44.3900,192.8130,1.599765
TAP_TAPCELL_ROW_66_1193,VPWR,li1,18.6300,192.8130,1.599874
TAP_TAPCELL_ROW_65_1192,VPWR,li1,392.1500,187.9860,1.599835
TAP_TAPCELL_ROW_65_1191,VPWR,li1,366.3900,187.9860,1.599857
TAP_TAPCELL_ROW_65_1190,VPWR,li1,340.6300,187.9860,1.599897
TAP_TAPCELL_ROW_65_1189,VPWR,li1,314.8700,187.9860,1.599895
TAP_TAPCELL_ROW_65_1188,VPWR,li1,289.1100,187.9860,1.599867
TAP_TAPCELL_ROW_65_1187,VPWR,li1,263.3500,187.9860,1.599844
TAP_TAPCELL_ROW_65_1186,VPWR,li1,237.5900,187.9860,1.599829
TAP_TAPCELL_ROW_65_1185,VPWR,li1,211.8300,187.9860,1.599823
TAP_TAPCELL_ROW_65_1184,VPWR,li1,186.0700,187.9860,1.599846
TAP_TAPCELL_ROW_65_1183,VPWR,li1,160.3100,187.9860,1.599849
TAP_TAPCELL_ROW_65_1182,VPWR,li1,134.5500,187.9860,1.599818
TAP_TAPCELL_ROW_65_1181,VPWR,li1,108.7900,187.9860,1.599802
TAP_TAPCELL_ROW_65_1180,VPWR,li1,83.0300,187.9860,1.599797
TAP_TAPCELL_ROW_65_1179,VPWR,li1,57.2700,187.9860,1.599819
TAP_TAPCELL_ROW_65_1178,VPWR,li1,31.5100,187.9860,1.599888
TAP_TAPCELL_ROW_64_1177,VPWR,li1,379.2700,187.3730,1.599840
TAP_TAPCELL_ROW_64_1176,VPWR,li1,353.5100,187.3730,1.599875
TAP_TAPCELL_ROW_64_1175,VPWR,li1,327.7500,187.3730,1.599915
TAP_TAPCELL_ROW_64_1174,VPWR,li1,301.9900,187.3730,1.599881
TAP_TAPCELL_ROW_64_1173,VPWR,li1,276.2300,187.3730,1.599855
TAP_TAPCELL_ROW_64_1172,VPWR,li1,250.4700,187.3730,1.599835
TAP_TAPCELL_ROW_64_1171,VPWR,li1,224.7100,187.3730,1.599825
TAP_TAPCELL_ROW_64_1170,VPWR,li1,198.9500,187.3730,1.599827
TAP_TAPCELL_ROW_64_1169,VPWR,li1,173.1900,187.3730,1.599867
TAP_TAPCELL_ROW_64_1168,VPWR,li1,147.4300,187.3730,1.599831
TAP_TAPCELL_ROW_64_1167,VPWR,li1,121.6700,187.3730,1.599809
TAP_TAPCELL_ROW_64_1166,VPWR,li1,95.9100,187.3730,1.599798
TAP_TAPCELL_ROW_64_1165,VPWR,li1,70.1500,187.3730,1.599799
TAP_TAPCELL_ROW_64_1164,VPWR,li1,44.3900,187.3730,1.599849
TAP_TAPCELL_ROW_64_1163,VPWR,li1,18.6300,187.3730,1.599916
TAP_TAPCELL_ROW_63_1162,VPWR,li1,392.1500,182.5460,1.599815
TAP_TAPCELL_ROW_63_1161,VPWR,li1,366.3900,182.5460,1.599842
TAP_TAPCELL_ROW_63_1160,VPWR,li1,340.6300,182.5460,1.599889
TAP_TAPCELL_ROW_63_1159,VPWR,li1,314.8700,182.5460,1.599889
TAP_TAPCELL_ROW_63_1158,VPWR,li1,289.1100,182.5460,1.599861
TAP_TAPCELL_ROW_63_1157,VPWR,li1,263.3500,182.5460,1.599839
TAP_TAPCELL_ROW_63_1156,VPWR,li1,237.5900,182.5460,1.599824
TAP_TAPCELL_ROW_63_1155,VPWR,li1,211.8300,182.5460,1.599817
TAP_TAPCELL_ROW_63_1154,VPWR,li1,186.0700,182.5460,1.599856
TAP_TAPCELL_ROW_63_1153,VPWR,li1,160.3100,182.5460,1.599848
TAP_TAPCELL_ROW_63_1152,VPWR,li1,134.5500,182.5460,1.599818
TAP_TAPCELL_ROW_63_1151,VPWR,li1,108.7900,182.5460,1.599815
TAP_TAPCELL_ROW_63_1150,VPWR,li1,83.0300,182.5460,1.599835
TAP_TAPCELL_ROW_63_1149,VPWR,li1,57.2700,182.5460,1.599872
TAP_TAPCELL_ROW_63_1148,VPWR,li1,31.5100,182.5460,1.599922
TAP_TAPCELL_ROW_62_1147,VPWR,li1,379.2700,181.9330,1.599822
TAP_TAPCELL_ROW_62_1146,VPWR,li1,353.5100,181.9330,1.599864
TAP_TAPCELL_ROW_62_1145,VPWR,li1,327.7500,181.9330,1.599907
TAP_TAPCELL_ROW_62_1144,VPWR,li1,301.9900,181.9330,1.599873
TAP_TAPCELL_ROW_62_1143,VPWR,li1,276.2300,181.9330,1.599849
TAP_TAPCELL_ROW_62_1142,VPWR,li1,250.4700,181.9330,1.599830
TAP_TAPCELL_ROW_62_1141,VPWR,li1,224.7100,181.9330,1.599819
TAP_TAPCELL_ROW_62_1140,VPWR,li1,198.9500,181.9330,1.599832
TAP_TAPCELL_ROW_62_1139,VPWR,li1,173.1900,181.9330,1.599874
TAP_TAPCELL_ROW_62_1138,VPWR,li1,147.4300,181.9330,1.599829
TAP_TAPCELL_ROW_62_1137,VPWR,li1,121.6700,181.9330,1.599815
TAP_TAPCELL_ROW_62_1136,VPWR,li1,95.9100,181.9330,1.599822
TAP_TAPCELL_ROW_62_1135,VPWR,li1,70.1500,181.9330,1.599852
TAP_TAPCELL_ROW_62_1134,VPWR,li1,44.3900,181.9330,1.599896
TAP_TAPCELL_ROW_62_1133,VPWR,li1,18.6300,181.9330,1.599941
TAP_TAPCELL_ROW_61_1132,VPWR,li1,392.1500,177.1060,1.599839
TAP_TAPCELL_ROW_61_1131,VPWR,li1,366.3900,177.1060,1.599856
TAP_TAPCELL_ROW_61_1130,VPWR,li1,340.6300,177.1060,1.599883
TAP_TAPCELL_ROW_61_1129,VPWR,li1,314.8700,177.1060,1.599864
TAP_TAPCELL_ROW_61_1128,VPWR,li1,289.1100,177.1060,1.599804
TAP_TAPCELL_ROW_61_1127,VPWR,li1,263.3500,177.1060,1.599758
TAP_TAPCELL_ROW_61_1126,VPWR,li1,237.5900,177.1060,1.599723
TAP_TAPCELL_ROW_61_1125,VPWR,li1,211.8300,177.1060,1.599714
TAP_TAPCELL_ROW_61_1124,VPWR,li1,186.0700,177.1060,1.599803
TAP_TAPCELL_ROW_61_1123,VPWR,li1,160.3100,177.1060,1.599817
TAP_TAPCELL_ROW_61_1122,VPWR,li1,134.5500,177.1060,1.599778
TAP_TAPCELL_ROW_61_1121,VPWR,li1,108.7900,177.1060,1.599763
TAP_TAPCELL_ROW_61_1120,VPWR,li1,83.0300,177.1060,1.599789
TAP_TAPCELL_ROW_61_1119,VPWR,li1,57.2700,177.1060,1.599829
TAP_TAPCELL_ROW_61_1118,VPWR,li1,31.5100,177.1060,1.599884
TAP_TAPCELL_ROW_60_1117,VPWR,li1,379.2700,176.4930,1.599845
TAP_TAPCELL_ROW_60_1116,VPWR,li1,353.5100,176.4930,1.599869
TAP_TAPCELL_ROW_60_1115,VPWR,li1,327.7500,176.4930,1.599894
TAP_TAPCELL_ROW_60_1114,VPWR,li1,301.9900,176.4930,1.599833
TAP_TAPCELL_ROW_60_1113,VPWR,li1,276.2300,176.4930,1.599781
TAP_TAPCELL_ROW_60_1112,VPWR,li1,250.4700,176.4930,1.599738
TAP_TAPCELL_ROW_60_1111,VPWR,li1,224.7100,176.4930,1.599709
TAP_TAPCELL_ROW_60_1110,VPWR,li1,198.9500,176.4930,1.599754
TAP_TAPCELL_ROW_60_1109,VPWR,li1,173.1900,176.4930,1.599843
TAP_TAPCELL_ROW_60_1108,VPWR,li1,147.4300,176.4930,1.599795
TAP_TAPCELL_ROW_60_1107,VPWR,li1,121.6700,176.4930,1.599762
TAP_TAPCELL_ROW_60_1106,VPWR,li1,95.9100,176.4930,1.599775
TAP_TAPCELL_ROW_60_1105,VPWR,li1,70.1500,176.4930,1.599807
TAP_TAPCELL_ROW_60_1104,VPWR,li1,44.3900,176.4930,1.599855
TAP_TAPCELL_ROW_60_1103,VPWR,li1,18.6300,176.4930,1.599912
TAP_TAPCELL_ROW_59_1102,VPWR,li1,392.1500,171.6660,1.599808
TAP_TAPCELL_ROW_59_1101,VPWR,li1,366.3900,171.6660,1.599828
TAP_TAPCELL_ROW_59_1100,VPWR,li1,340.6300,171.6660,1.599877
TAP_TAPCELL_ROW_59_1099,VPWR,li1,314.8700,171.6660,1.599881
TAP_TAPCELL_ROW_59_1098,VPWR,li1,289.1100,171.6660,1.599851
TAP_TAPCELL_ROW_59_1097,VPWR,li1,263.3500,171.6660,1.599835
TAP_TAPCELL_ROW_59_1096,VPWR,li1,237.5900,171.6660,1.599833
TAP_TAPCELL_ROW_59_1095,VPWR,li1,211.8300,171.6660,1.599839
TAP_TAPCELL_ROW_59_1094,VPWR,li1,186.0700,171.6660,1.599864
TAP_TAPCELL_ROW_59_1093,VPWR,li1,160.3100,171.6660,1.599836
TAP_TAPCELL_ROW_59_1092,VPWR,li1,134.5500,171.6660,1.599771
TAP_TAPCELL_ROW_59_1091,VPWR,li1,108.7900,171.6660,1.599718
TAP_TAPCELL_ROW_59_1090,VPWR,li1,83.0300,171.6660,1.599684
TAP_TAPCELL_ROW_59_1089,VPWR,li1,57.2700,171.6660,1.599667
TAP_TAPCELL_ROW_59_1088,VPWR,li1,31.5100,171.6660,1.599747
TAP_TAPCELL_ROW_58_1087,VPWR,li1,379.2700,171.0530,1.599813
TAP_TAPCELL_ROW_58_1086,VPWR,li1,353.5100,171.0530,1.599848
TAP_TAPCELL_ROW_58_1085,VPWR,li1,327.7500,171.0530,1.599903
TAP_TAPCELL_ROW_58_1084,VPWR,li1,301.9900,171.0530,1.599863
TAP_TAPCELL_ROW_58_1083,VPWR,li1,276.2300,171.0530,1.599840
TAP_TAPCELL_ROW_58_1082,VPWR,li1,250.4700,171.0530,1.599833
TAP_TAPCELL_ROW_58_1081,VPWR,li1,224.7100,171.0530,1.599835
TAP_TAPCELL_ROW_58_1080,VPWR,li1,198.9500,171.0530,1.599851
TAP_TAPCELL_ROW_58_1079,VPWR,li1,173.1900,171.0530,1.599877
TAP_TAPCELL_ROW_58_1078,VPWR,li1,147.4300,171.0530,1.599805
TAP_TAPCELL_ROW_58_1077,VPWR,li1,121.6700,171.0530,1.599739
TAP_TAPCELL_ROW_58_1076,VPWR,li1,95.9100,171.0530,1.599697
TAP_TAPCELL_ROW_58_1075,VPWR,li1,70.1500,171.0530,1.599672
TAP_TAPCELL_ROW_58_1074,VPWR,li1,44.3900,171.0530,1.599679
TAP_TAPCELL_ROW_58_1073,VPWR,li1,18.6300,171.0530,1.599809
TAP_TAPCELL_ROW_57_1072,VPWR,li1,392.1500,166.2260,1.599703
TAP_TAPCELL_ROW_57_1071,VPWR,li1,366.3900,166.2260,1.599744
TAP_TAPCELL_ROW_57_1070,VPWR,li1,340.6300,166.2260,1.599830
TAP_TAPCELL_ROW_57_1069,VPWR,li1,314.8700,166.2260,1.599861
TAP_TAPCELL_ROW_57_1068,VPWR,li1,289.1100,166.2260,1.599835
TAP_TAPCELL_ROW_57_1067,VPWR,li1,263.3500,166.2260,1.599817
TAP_TAPCELL_ROW_57_1066,VPWR,li1,237.5900,166.2260,1.599810
TAP_TAPCELL_ROW_57_1065,VPWR,li1,211.8300,166.2260,1.599808
TAP_TAPCELL_ROW_57_1064,VPWR,li1,186.0700,166.2260,1.599854
TAP_TAPCELL_ROW_57_1063,VPWR,li1,160.3100,166.2260,1.599864
TAP_TAPCELL_ROW_57_1062,VPWR,li1,134.5500,166.2260,1.599828
TAP_TAPCELL_ROW_57_1061,VPWR,li1,108.7900,166.2260,1.599807
TAP_TAPCELL_ROW_57_1060,VPWR,li1,83.0300,166.2260,1.599803
TAP_TAPCELL_ROW_57_1059,VPWR,li1,57.2700,166.2260,1.599817
TAP_TAPCELL_ROW_57_1058,VPWR,li1,31.5100,166.2260,1.599865
TAP_TAPCELL_ROW_56_1057,VPWR,li1,379.2700,165.6130,1.599713
TAP_TAPCELL_ROW_56_1056,VPWR,li1,353.5100,165.6130,1.599784
TAP_TAPCELL_ROW_56_1055,VPWR,li1,327.7500,165.6130,1.599875
TAP_TAPCELL_ROW_56_1054,VPWR,li1,301.9900,165.6130,1.599846
TAP_TAPCELL_ROW_56_1053,VPWR,li1,276.2300,165.6130,1.599825
TAP_TAPCELL_ROW_56_1052,VPWR,li1,250.4700,165.6130,1.599813
TAP_TAPCELL_ROW_56_1051,VPWR,li1,224.7100,165.6130,1.599808
TAP_TAPCELL_ROW_56_1050,VPWR,li1,198.9500,165.6130,1.599824
TAP_TAPCELL_ROW_56_1049,VPWR,li1,173.1900,165.6130,1.599884
TAP_TAPCELL_ROW_56_1048,VPWR,li1,147.4300,165.6130,1.599843
TAP_TAPCELL_ROW_56_1047,VPWR,li1,121.6700,165.6130,1.599815
TAP_TAPCELL_ROW_56_1046,VPWR,li1,95.9100,165.6130,1.599803
TAP_TAPCELL_ROW_56_1045,VPWR,li1,70.1500,165.6130,1.599807
TAP_TAPCELL_ROW_56_1044,VPWR,li1,44.3900,165.6130,1.599838
TAP_TAPCELL_ROW_56_1043,VPWR,li1,18.6300,165.6130,1.599879
TAP_TAPCELL_ROW_55_1042,VPWR,li1,392.1500,160.7860,1.599672
TAP_TAPCELL_ROW_55_1041,VPWR,li1,366.3900,160.7860,1.599716
TAP_TAPCELL_ROW_55_1040,VPWR,li1,340.6300,160.7860,1.599812
TAP_TAPCELL_ROW_55_1039,VPWR,li1,314.8700,160.7860,1.599856
TAP_TAPCELL_ROW_55_1038,VPWR,li1,289.1100,160.7860,1.599842
TAP_TAPCELL_ROW_55_1037,VPWR,li1,263.3500,160.7860,1.599838
TAP_TAPCELL_ROW_55_1036,VPWR,li1,237.5900,160.7860,1.599843
TAP_TAPCELL_ROW_55_1035,VPWR,li1,211.8300,160.7860,1.599856
TAP_TAPCELL_ROW_55_1034,VPWR,li1,186.0700,160.7860,1.599885
TAP_TAPCELL_ROW_55_1033,VPWR,li1,160.3100,160.7860,1.599877
TAP_TAPCELL_ROW_55_1032,VPWR,li1,134.5500,160.7860,1.599830
TAP_TAPCELL_ROW_55_1031,VPWR,li1,108.7900,160.7860,1.599789
TAP_TAPCELL_ROW_55_1030,VPWR,li1,83.0300,160.7860,1.599760
TAP_TAPCELL_ROW_55_1029,VPWR,li1,57.2700,160.7860,1.599756
TAP_TAPCELL_ROW_55_1028,VPWR,li1,31.5100,160.7860,1.599826
TAP_TAPCELL_ROW_54_1027,VPWR,li1,379.2700,160.1730,1.599681
TAP_TAPCELL_ROW_54_1026,VPWR,li1,353.5100,160.1730,1.599761
TAP_TAPCELL_ROW_54_1025,VPWR,li1,327.7500,160.1730,1.599867
TAP_TAPCELL_ROW_54_1024,VPWR,li1,301.9900,160.1730,1.599848
TAP_TAPCELL_ROW_54_1023,VPWR,li1,276.2300,160.1730,1.599837
TAP_TAPCELL_ROW_54_1022,VPWR,li1,250.4700,160.1730,1.599840
TAP_TAPCELL_ROW_54_1021,VPWR,li1,224.7100,160.1730,1.599848
TAP_TAPCELL_ROW_54_1020,VPWR,li1,198.9500,160.1730,1.599867
TAP_TAPCELL_ROW_54_1019,VPWR,li1,173.1900,160.1730,1.599902
TAP_TAPCELL_ROW_54_1018,VPWR,li1,147.4300,160.1730,1.599851
TAP_TAPCELL_ROW_54_1017,VPWR,li1,121.6700,160.1730,1.599806
TAP_TAPCELL_ROW_54_1016,VPWR,li1,95.9100,160.1730,1.599773
TAP_TAPCELL_ROW_54_1015,VPWR,li1,70.1500,160.1730,1.599752
TAP_TAPCELL_ROW_54_1014,VPWR,li1,44.3900,160.1730,1.599781
TAP_TAPCELL_ROW_54_1013,VPWR,li1,18.6300,160.1730,1.599868
TAP_TAPCELL_ROW_53_1012,VPWR,li1,392.1500,155.3460,1.599666
TAP_TAPCELL_ROW_53_1011,VPWR,li1,366.3900,155.3460,1.599713
TAP_TAPCELL_ROW_53_1010,VPWR,li1,340.6300,155.3460,1.599805
TAP_TAPCELL_ROW_53_1009,VPWR,li1,314.8700,155.3460,1.599838
TAP_TAPCELL_ROW_53_1008,VPWR,li1,289.1100,155.3460,1.599816
TAP_TAPCELL_ROW_53_1007,VPWR,li1,263.3500,155.3460,1.599806
TAP_TAPCELL_ROW_53_1006,VPWR,li1,237.5900,155.3460,1.599806
TAP_TAPCELL_ROW_53_1005,VPWR,li1,211.8300,155.3460,1.599813
TAP_TAPCELL_ROW_53_1004,VPWR,li1,186.0700,155.3460,1.599862
TAP_TAPCELL_ROW_53_1003,VPWR,li1,160.3100,155.3460,1.599874
TAP_TAPCELL_ROW_53_1002,VPWR,li1,134.5500,155.3460,1.599849
TAP_TAPCELL_ROW_53_1001,VPWR,li1,108.7900,155.3460,1.599832
TAP_TAPCELL_ROW_53_1000,VPWR,li1,83.0300,155.3460,1.599823
TAP_TAPCELL_ROW_53_999,VPWR,li1,57.2700,155.3460,1.599832
TAP_TAPCELL_ROW_53_998,VPWR,li1,31.5100,155.3460,1.599867
TAP_TAPCELL_ROW_52_997,VPWR,li1,379.2700,154.7330,1.599683
TAP_TAPCELL_ROW_52_996,VPWR,li1,353.5100,154.7330,1.599754
TAP_TAPCELL_ROW_52_995,VPWR,li1,327.7500,154.7330,1.599852
TAP_TAPCELL_ROW_52_994,VPWR,li1,301.9900,154.7330,1.599825
TAP_TAPCELL_ROW_52_993,VPWR,li1,276.2300,154.7330,1.599809
TAP_TAPCELL_ROW_52_992,VPWR,li1,250.4700,154.7330,1.599805
TAP_TAPCELL_ROW_52_991,VPWR,li1,224.7100,154.7330,1.599809
TAP_TAPCELL_ROW_52_990,VPWR,li1,198.9500,154.7330,1.599825
TAP_TAPCELL_ROW_52_989,VPWR,li1,173.1900,154.7330,1.599889
TAP_TAPCELL_ROW_52_988,VPWR,li1,147.4300,154.7330,1.599860
TAP_TAPCELL_ROW_52_987,VPWR,li1,121.6700,154.7330,1.599839
TAP_TAPCELL_ROW_52_986,VPWR,li1,95.9100,154.7330,1.599826
TAP_TAPCELL_ROW_52_985,VPWR,li1,70.1500,154.7330,1.599825
TAP_TAPCELL_ROW_52_984,VPWR,li1,44.3900,154.7330,1.599847
TAP_TAPCELL_ROW_52_983,VPWR,li1,18.6300,154.7330,1.599884
TAP_TAPCELL_ROW_51_982,VPWR,li1,392.1500,149.9060,1.599793
TAP_TAPCELL_ROW_51_981,VPWR,li1,366.3900,149.9060,1.599807
TAP_TAPCELL_ROW_51_980,VPWR,li1,340.6300,149.9060,1.599843
TAP_TAPCELL_ROW_51_979,VPWR,li1,314.8700,149.9060,1.599859
TAP_TAPCELL_ROW_51_978,VPWR,li1,289.1100,149.9060,1.599842
TAP_TAPCELL_ROW_51_977,VPWR,li1,263.3500,149.9060,1.599839
TAP_TAPCELL_ROW_51_976,VPWR,li1,237.5900,149.9060,1.599846
TAP_TAPCELL_ROW_51_975,VPWR,li1,211.8300,149.9060,1.599860
TAP_TAPCELL_ROW_51_974,VPWR,li1,186.0700,149.9060,1.599887
TAP_TAPCELL_ROW_51_973,VPWR,li1,160.3100,149.9060,1.599883
TAP_TAPCELL_ROW_51_972,VPWR,li1,134.5500,149.9060,1.599846
TAP_TAPCELL_ROW_51_971,VPWR,li1,108.7900,149.9060,1.599817
TAP_TAPCELL_ROW_51_970,VPWR,li1,83.0300,149.9060,1.599798
TAP_TAPCELL_ROW_51_969,VPWR,li1,57.2700,149.9060,1.599799
TAP_TAPCELL_ROW_51_968,VPWR,li1,31.5100,149.9060,1.599865
TAP_TAPCELL_ROW_50_967,VPWR,li1,379.2700,149.2930,1.599795
TAP_TAPCELL_ROW_50_966,VPWR,li1,353.5100,149.2930,1.599822
TAP_TAPCELL_ROW_50_965,VPWR,li1,327.7500,149.2930,1.599876
TAP_TAPCELL_ROW_50_964,VPWR,li1,301.9900,149.2930,1.599847
TAP_TAPCELL_ROW_50_963,VPWR,li1,276.2300,149.2930,1.599839
TAP_TAPCELL_ROW_50_962,VPWR,li1,250.4700,149.2930,1.599842
TAP_TAPCELL_ROW_50_961,VPWR,li1,224.7100,149.2930,1.599852
TAP_TAPCELL_ROW_50_960,VPWR,li1,198.9500,149.2930,1.599871
TAP_TAPCELL_ROW_50_959,VPWR,li1,173.1900,149.2930,1.599905
TAP_TAPCELL_ROW_50_958,VPWR,li1,147.4300,149.2930,1.599861
TAP_TAPCELL_ROW_50_957,VPWR,li1,121.6700,149.2930,1.599830
TAP_TAPCELL_ROW_50_956,VPWR,li1,95.9100,149.2930,1.599807
TAP_TAPCELL_ROW_50_955,VPWR,li1,70.1500,149.2930,1.599793
TAP_TAPCELL_ROW_50_954,VPWR,li1,44.3900,149.2930,1.599817
TAP_TAPCELL_ROW_50_953,VPWR,li1,18.6300,149.2930,1.599898
TAP_TAPCELL_ROW_49_952,VPWR,li1,392.1500,144.4660,1.599587
TAP_TAPCELL_ROW_49_951,VPWR,li1,366.3900,144.4660,1.599615
TAP_TAPCELL_ROW_49_950,VPWR,li1,340.6300,144.4660,1.599732
TAP_TAPCELL_ROW_49_949,VPWR,li1,314.8700,144.4660,1.599791
TAP_TAPCELL_ROW_49_948,VPWR,li1,289.1100,144.4660,1.599787
TAP_TAPCELL_ROW_49_947,VPWR,li1,263.3500,144.4660,1.599795
TAP_TAPCELL_ROW_49_946,VPWR,li1,237.5900,144.4660,1.599813
TAP_TAPCELL_ROW_49_945,VPWR,li1,211.8300,144.4660,1.599836
TAP_TAPCELL_ROW_49_944,VPWR,li1,186.0700,144.4660,1.599870
TAP_TAPCELL_ROW_49_943,VPWR,li1,160.3100,144.4660,1.599845
TAP_TAPCELL_ROW_49_942,VPWR,li1,134.5500,144.4660,1.599786
TAP_TAPCELL_ROW_49_941,VPWR,li1,108.7900,144.4660,1.599727
TAP_TAPCELL_ROW_49_940,VPWR,li1,83.0300,144.4660,1.599682
TAP_TAPCELL_ROW_49_939,VPWR,li1,57.2700,144.4660,1.599715
TAP_TAPCELL_ROW_49_938,VPWR,li1,31.5100,144.4660,1.599805
TAP_TAPCELL_ROW_48_937,VPWR,li1,379.2700,143.8530,1.599587
TAP_TAPCELL_ROW_48_936,VPWR,li1,353.5100,143.8530,1.599661
TAP_TAPCELL_ROW_48_935,VPWR,li1,327.7500,143.8530,1.599805
TAP_TAPCELL_ROW_48_934,VPWR,li1,301.9900,143.8530,1.599788
TAP_TAPCELL_ROW_48_933,VPWR,li1,276.2300,143.8530,1.599789
TAP_TAPCELL_ROW_48_932,VPWR,li1,250.4700,143.8530,1.599803
TAP_TAPCELL_ROW_48_931,VPWR,li1,224.7100,143.8530,1.599824
TAP_TAPCELL_ROW_48_930,VPWR,li1,198.9500,143.8530,1.599849
TAP_TAPCELL_ROW_48_929,VPWR,li1,173.1900,143.8530,1.599883
TAP_TAPCELL_ROW_48_928,VPWR,li1,147.4300,143.8530,1.599816
TAP_TAPCELL_ROW_48_927,VPWR,li1,121.6700,143.8530,1.599753
TAP_TAPCELL_ROW_48_926,VPWR,li1,95.9100,143.8530,1.599703
TAP_TAPCELL_ROW_48_925,VPWR,li1,70.1500,143.8530,1.599690
TAP_TAPCELL_ROW_48_924,VPWR,li1,44.3900,143.8530,1.599751
TAP_TAPCELL_ROW_48_923,VPWR,li1,18.6300,143.8530,1.599856
TAP_TAPCELL_ROW_47_922,VPWR,li1,392.1500,139.0260,1.599695
TAP_TAPCELL_ROW_47_921,VPWR,li1,366.3900,139.0260,1.599701
TAP_TAPCELL_ROW_47_920,VPWR,li1,340.6300,139.0260,1.599753
TAP_TAPCELL_ROW_47_919,VPWR,li1,314.8700,139.0260,1.599752
TAP_TAPCELL_ROW_47_918,VPWR,li1,289.1100,139.0260,1.599688
TAP_TAPCELL_ROW_47_917,VPWR,li1,263.3500,139.0260,1.599642
TAP_TAPCELL_ROW_47_916,VPWR,li1,237.5900,139.0260,1.599600
TAP_TAPCELL_ROW_47_915,VPWR,li1,211.8300,139.0260,1.599564
TAP_TAPCELL_ROW_47_914,VPWR,li1,186.0700,139.0260,1.599696
TAP_TAPCELL_ROW_47_913,VPWR,li1,160.3100,139.0260,1.599752
TAP_TAPCELL_ROW_47_912,VPWR,li1,134.5500,139.0260,1.599716
TAP_TAPCELL_ROW_47_911,VPWR,li1,108.7900,139.0260,1.599691
TAP_TAPCELL_ROW_47_910,VPWR,li1,83.0300,139.0260,1.599699
TAP_TAPCELL_ROW_47_909,VPWR,li1,57.2700,139.0260,1.599757
TAP_TAPCELL_ROW_47_908,VPWR,li1,31.5100,139.0260,1.599848
TAP_TAPCELL_ROW_46_907,VPWR,li1,379.2700,138.4130,1.599695
TAP_TAPCELL_ROW_46_906,VPWR,li1,353.5100,138.4130,1.599715
TAP_TAPCELL_ROW_46_905,VPWR,li1,327.7500,138.4130,1.599790
TAP_TAPCELL_ROW_46_904,VPWR,li1,301.9900,138.4130,1.599717
TAP_TAPCELL_ROW_46_903,VPWR,li1,276.2300,138.4130,1.599663
TAP_TAPCELL_ROW_46_902,VPWR,li1,250.4700,138.4130,1.599619
TAP_TAPCELL_ROW_46_901,VPWR,li1,224.7100,138.4130,1.599583
TAP_TAPCELL_ROW_46_900,VPWR,li1,198.9500,138.4130,1.599610
TAP_TAPCELL_ROW_46_899,VPWR,li1,173.1900,138.4130,1.599773
TAP_TAPCELL_ROW_46_898,VPWR,li1,147.4300,138.4130,1.599735
TAP_TAPCELL_ROW_46_897,VPWR,li1,121.6700,138.4130,1.599700
TAP_TAPCELL_ROW_46_896,VPWR,li1,95.9100,138.4130,1.599691
TAP_TAPCELL_ROW_46_895,VPWR,li1,70.1500,138.4130,1.599720
TAP_TAPCELL_ROW_46_894,VPWR,li1,44.3900,138.4130,1.599805
TAP_TAPCELL_ROW_46_893,VPWR,li1,18.6300,138.4130,1.599888
TAP_TAPCELL_ROW_45_892,VPWR,li1,392.1500,133.5860,1.599612
TAP_TAPCELL_ROW_45_891,VPWR,li1,366.3900,133.5860,1.599617
TAP_TAPCELL_ROW_45_890,VPWR,li1,340.6300,133.5860,1.599708
TAP_TAPCELL_ROW_45_889,VPWR,li1,314.8700,133.5860,1.599768
TAP_TAPCELL_ROW_45_888,VPWR,li1,289.1100,133.5860,1.599749
TAP_TAPCELL_ROW_45_887,VPWR,li1,263.3500,133.5860,1.599750
TAP_TAPCELL_ROW_45_886,VPWR,li1,237.5900,133.5860,1.599764
TAP_TAPCELL_ROW_45_885,VPWR,li1,211.8300,133.5860,1.599791
TAP_TAPCELL_ROW_45_884,VPWR,li1,186.0700,133.5860,1.599826
TAP_TAPCELL_ROW_45_883,VPWR,li1,160.3100,133.5860,1.599804
TAP_TAPCELL_ROW_45_882,VPWR,li1,134.5500,133.5860,1.599742
TAP_TAPCELL_ROW_45_881,VPWR,li1,108.7900,133.5860,1.599717
TAP_TAPCELL_ROW_45_880,VPWR,li1,83.0300,133.5860,1.599724
TAP_TAPCELL_ROW_45_879,VPWR,li1,57.2700,133.5860,1.599780
TAP_TAPCELL_ROW_45_878,VPWR,li1,31.5100,133.5860,1.599869
TAP_TAPCELL_ROW_44_877,VPWR,li1,379.2700,132.9730,1.599613
TAP_TAPCELL_ROW_44_876,VPWR,li1,353.5100,132.9730,1.599637
TAP_TAPCELL_ROW_44_875,VPWR,li1,327.7500,132.9730,1.599786
TAP_TAPCELL_ROW_44_874,VPWR,li1,301.9900,132.9730,1.599755
TAP_TAPCELL_ROW_44_873,VPWR,li1,276.2300,132.9730,1.599748
TAP_TAPCELL_ROW_44_872,VPWR,li1,250.4700,132.9730,1.599755
TAP_TAPCELL_ROW_44_871,VPWR,li1,224.7100,132.9730,1.599777
TAP_TAPCELL_ROW_44_870,VPWR,li1,198.9500,132.9730,1.599805
TAP_TAPCELL_ROW_44_869,VPWR,li1,173.1900,132.9730,1.599846
TAP_TAPCELL_ROW_44_868,VPWR,li1,147.4300,132.9730,1.599771
TAP_TAPCELL_ROW_44_867,VPWR,li1,121.6700,132.9730,1.599721
TAP_TAPCELL_ROW_44_866,VPWR,li1,95.9100,132.9730,1.599720
TAP_TAPCELL_ROW_44_865,VPWR,li1,70.1500,132.9730,1.599744
TAP_TAPCELL_ROW_44_864,VPWR,li1,44.3900,132.9730,1.599824
TAP_TAPCELL_ROW_44_863,VPWR,li1,18.6300,132.9730,1.599895
TAP_TAPCELL_ROW_43_862,VPWR,li1,392.1500,128.1460,1.599739
TAP_TAPCELL_ROW_43_861,VPWR,li1,366.3900,128.1460,1.599748
TAP_TAPCELL_ROW_43_860,VPWR,li1,340.6300,128.1460,1.599793
TAP_TAPCELL_ROW_43_859,VPWR,li1,314.8700,128.1460,1.599805
TAP_TAPCELL_ROW_43_858,VPWR,li1,289.1100,128.1460,1.599767
TAP_TAPCELL_ROW_43_857,VPWR,li1,263.3500,128.1460,1.599751
TAP_TAPCELL_ROW_43_856,VPWR,li1,237.5900,128.1460,1.599753
TAP_TAPCELL_ROW_43_855,VPWR,li1,211.8300,128.1460,1.599765
TAP_TAPCELL_ROW_43_854,VPWR,li1,186.0700,128.1460,1.599793
TAP_TAPCELL_ROW_43_853,VPWR,li1,160.3100,128.1460,1.599731
TAP_TAPCELL_ROW_43_852,VPWR,li1,134.5500,128.1460,1.599631
TAP_TAPCELL_ROW_43_851,VPWR,li1,108.7900,128.1460,1.599588
TAP_TAPCELL_ROW_43_850,VPWR,li1,83.0300,128.1460,1.599596
TAP_TAPCELL_ROW_43_849,VPWR,li1,57.2700,128.1460,1.599658
TAP_TAPCELL_ROW_43_848,VPWR,li1,31.5100,128.1460,1.599775
TAP_TAPCELL_ROW_42_847,VPWR,li1,379.2700,127.5330,1.599740
TAP_TAPCELL_ROW_42_846,VPWR,li1,353.5100,127.5330,1.599761
TAP_TAPCELL_ROW_42_845,VPWR,li1,327.7500,127.5330,1.599835
TAP_TAPCELL_ROW_42_844,VPWR,li1,301.9900,127.5330,1.599784
TAP_TAPCELL_ROW_42_843,VPWR,li1,276.2300,127.5330,1.599756
TAP_TAPCELL_ROW_42_842,VPWR,li1,250.4700,127.5330,1.599751
TAP_TAPCELL_ROW_42_841,VPWR,li1,224.7100,127.5330,1.599758
TAP_TAPCELL_ROW_42_840,VPWR,li1,198.9500,127.5330,1.599775
TAP_TAPCELL_ROW_42_839,VPWR,li1,173.1900,127.5330,1.599797
TAP_TAPCELL_ROW_42_838,VPWR,li1,147.4300,127.5330,1.599678
TAP_TAPCELL_ROW_42_837,VPWR,li1,121.6700,127.5330,1.599599
TAP_TAPCELL_ROW_42_836,VPWR,li1,95.9100,127.5330,1.599586
TAP_TAPCELL_ROW_42_835,VPWR,li1,70.1500,127.5330,1.599621
TAP_TAPCELL_ROW_42_834,VPWR,li1,44.3900,127.5330,1.599713
TAP_TAPCELL_ROW_42_833,VPWR,li1,18.6300,127.5330,1.599827
TAP_TAPCELL_ROW_41_832,VPWR,li1,392.1500,122.7060,1.599617
TAP_TAPCELL_ROW_41_831,VPWR,li1,366.3900,122.7060,1.599636
TAP_TAPCELL_ROW_41_830,VPWR,li1,340.6300,122.7060,1.599699
TAP_TAPCELL_ROW_41_829,VPWR,li1,314.8700,122.7060,1.599622
TAP_TAPCELL_ROW_41_828,VPWR,li1,289.1100,122.7060,1.599479
TAP_TAPCELL_ROW_41_827,VPWR,li1,263.3500,122.7060,1.599391
TAP_TAPCELL_ROW_41_826,VPWR,li1,237.5900,122.7060,1.599386
TAP_TAPCELL_ROW_41_825,VPWR,li1,211.8300,122.7060,1.599458
TAP_TAPCELL_ROW_41_824,VPWR,li1,186.0700,122.7060,1.599599
TAP_TAPCELL_ROW_41_823,VPWR,li1,160.3100,122.7060,1.599567
TAP_TAPCELL_ROW_41_822,VPWR,li1,134.5500,122.7060,1.599438
TAP_TAPCELL_ROW_41_821,VPWR,li1,108.7900,122.7060,1.599366
TAP_TAPCELL_ROW_41_820,VPWR,li1,83.0300,122.7060,1.599389
TAP_TAPCELL_ROW_41_819,VPWR,li1,57.2700,122.7060,1.599505
TAP_TAPCELL_ROW_41_818,VPWR,li1,31.5100,122.7060,1.599709
TAP_TAPCELL_ROW_40_817,VPWR,li1,379.2700,122.0930,1.599621
TAP_TAPCELL_ROW_40_816,VPWR,li1,353.5100,122.0930,1.599666
TAP_TAPCELL_ROW_40_815,VPWR,li1,327.7500,122.0930,1.599720
TAP_TAPCELL_ROW_40_814,VPWR,li1,301.9900,122.0930,1.599546
TAP_TAPCELL_ROW_40_813,VPWR,li1,276.2300,122.0930,1.599426
TAP_TAPCELL_ROW_40_812,VPWR,li1,250.4700,122.0930,1.599379
TAP_TAPCELL_ROW_40_811,VPWR,li1,224.7100,122.0930,1.599418
TAP_TAPCELL_ROW_40_810,VPWR,li1,198.9500,122.0930,1.599524
TAP_TAPCELL_ROW_40_809,VPWR,li1,173.1900,122.0930,1.599652
TAP_TAPCELL_ROW_40_808,VPWR,li1,147.4300,122.0930,1.599486
TAP_TAPCELL_ROW_40_807,VPWR,li1,121.6700,122.0930,1.599392
TAP_TAPCELL_ROW_40_806,VPWR,li1,95.9100,122.0930,1.599360
TAP_TAPCELL_ROW_40_805,VPWR,li1,70.1500,122.0930,1.599438
TAP_TAPCELL_ROW_40_804,VPWR,li1,44.3900,122.0930,1.599605
TAP_TAPCELL_ROW_40_803,VPWR,li1,18.6300,122.0930,1.599791
TAP_TAPCELL_ROW_39_802,VPWR,li1,392.1500,117.2660,1.599710
TAP_TAPCELL_ROW_39_801,VPWR,li1,366.3900,117.2660,1.599742
TAP_TAPCELL_ROW_39_800,VPWR,li1,340.6300,117.2660,1.599805
TAP_TAPCELL_ROW_39_799,VPWR,li1,314.8700,117.2660,1.599775
TAP_TAPCELL_ROW_39_798,VPWR,li1,289.1100,117.2660,1.599682
TAP_TAPCELL_ROW_39_797,VPWR,li1,263.3500,117.2660,1.599611
TAP_TAPCELL_ROW_39_796,VPWR,li1,237.5900,117.2660,1.599575
TAP_TAPCELL_ROW_39_795,VPWR,li1,211.8300,117.2660,1.599594
TAP_TAPCELL_ROW_39_794,VPWR,li1,186.0700,117.2660,1.599665
TAP_TAPCELL_ROW_39_793,VPWR,li1,160.3100,117.2660,1.599594
TAP_TAPCELL_ROW_39_792,VPWR,li1,134.5500,117.2660,1.599452
TAP_TAPCELL_ROW_39_791,VPWR,li1,108.7900,117.2660,1.599368
TAP_TAPCELL_ROW_39_790,VPWR,li1,83.0300,117.2660,1.599410
TAP_TAPCELL_ROW_39_789,VPWR,li1,57.2700,117.2660,1.599539
TAP_TAPCELL_ROW_39_788,VPWR,li1,31.5100,117.2660,1.599716
TAP_TAPCELL_ROW_38_787,VPWR,li1,379.2700,116.6530,1.599721
TAP_TAPCELL_ROW_38_786,VPWR,li1,353.5100,116.6530,1.599773
TAP_TAPCELL_ROW_38_785,VPWR,li1,327.7500,116.6530,1.599825
TAP_TAPCELL_ROW_38_784,VPWR,li1,301.9900,116.6530,1.599724
TAP_TAPCELL_ROW_38_783,VPWR,li1,276.2300,116.6530,1.599640
TAP_TAPCELL_ROW_38_782,VPWR,li1,250.4700,116.6530,1.599581
TAP_TAPCELL_ROW_38_781,VPWR,li1,224.7100,116.6530,1.599575
TAP_TAPCELL_ROW_38_780,VPWR,li1,198.9500,116.6530,1.599626
TAP_TAPCELL_ROW_38_779,VPWR,li1,173.1900,116.6530,1.599692
TAP_TAPCELL_ROW_38_778,VPWR,li1,147.4300,116.6530,1.599519
TAP_TAPCELL_ROW_38_777,VPWR,li1,121.6700,116.6530,1.599392
TAP_TAPCELL_ROW_38_776,VPWR,li1,95.9100,116.6530,1.599377
TAP_TAPCELL_ROW_38_775,VPWR,li1,70.1500,116.6530,1.599468
TAP_TAPCELL_ROW_38_774,VPWR,li1,44.3900,116.6530,1.599630
TAP_TAPCELL_ROW_38_773,VPWR,li1,18.6300,116.6530,1.599804
TAP_TAPCELL_ROW_37_772,VPWR,li1,392.1500,111.8260,1.599426
TAP_TAPCELL_ROW_37_771,VPWR,li1,366.3900,111.8260,1.599469
TAP_TAPCELL_ROW_37_770,VPWR,li1,340.6300,111.8260,1.599605
TAP_TAPCELL_ROW_37_769,VPWR,li1,314.8700,111.8260,1.599622
TAP_TAPCELL_ROW_37_768,VPWR,li1,289.1100,111.8260,1.599555
TAP_TAPCELL_ROW_37_767,VPWR,li1,263.3500,111.8260,1.599509
TAP_TAPCELL_ROW_37_766,VPWR,li1,237.5900,111.8260,1.599521
TAP_TAPCELL_ROW_37_765,VPWR,li1,211.8300,111.8260,1.599588
TAP_TAPCELL_ROW_37_764,VPWR,li1,186.0700,111.8260,1.599682
TAP_TAPCELL_ROW_37_763,VPWR,li1,160.3100,111.8260,1.599629
TAP_TAPCELL_ROW_37_762,VPWR,li1,134.5500,111.8260,1.599489
TAP_TAPCELL_ROW_37_761,VPWR,li1,108.7900,111.8260,1.599446
TAP_TAPCELL_ROW_37_760,VPWR,li1,83.0300,111.8260,1.599495
TAP_TAPCELL_ROW_37_759,VPWR,li1,57.2700,111.8260,1.599588
TAP_TAPCELL_ROW_37_758,VPWR,li1,31.5100,111.8260,1.599749
TAP_TAPCELL_ROW_36_757,VPWR,li1,379.2700,111.2130,1.599434
TAP_TAPCELL_ROW_36_756,VPWR,li1,353.5100,111.2130,1.599508
TAP_TAPCELL_ROW_36_755,VPWR,li1,327.7500,111.2130,1.599680
TAP_TAPCELL_ROW_36_754,VPWR,li1,301.9900,111.2130,1.599585
TAP_TAPCELL_ROW_36_753,VPWR,li1,276.2300,111.2130,1.599529
TAP_TAPCELL_ROW_36_752,VPWR,li1,250.4700,111.2130,1.599491
TAP_TAPCELL_ROW_36_751,VPWR,li1,224.7100,111.2130,1.599553
TAP_TAPCELL_ROW_36_750,VPWR,li1,198.9500,111.2130,1.599632
TAP_TAPCELL_ROW_36_749,VPWR,li1,173.1900,111.2130,1.599714
TAP_TAPCELL_ROW_36_748,VPWR,li1,147.4300,111.2130,1.599553
TAP_TAPCELL_ROW_36_747,VPWR,li1,121.6700,111.2130,1.599452
TAP_TAPCELL_ROW_36_746,VPWR,li1,95.9100,111.2130,1.599462
TAP_TAPCELL_ROW_36_745,VPWR,li1,70.1500,111.2130,1.599538
TAP_TAPCELL_ROW_36_744,VPWR,li1,44.3900,111.2130,1.599650
TAP_TAPCELL_ROW_36_743,VPWR,li1,18.6300,111.2130,1.599819
TAP_TAPCELL_ROW_35_742,VPWR,li1,392.1500,106.3860,1.599735
TAP_TAPCELL_ROW_35_741,VPWR,li1,366.3900,106.3860,1.599756
TAP_TAPCELL_ROW_35_740,VPWR,li1,340.6300,106.3860,1.599813
TAP_TAPCELL_ROW_35_739,VPWR,li1,314.8700,106.3860,1.599819
TAP_TAPCELL_ROW_35_738,VPWR,li1,289.1100,106.3860,1.599794
TAP_TAPCELL_ROW_35_737,VPWR,li1,263.3500,106.3860,1.599788
TAP_TAPCELL_ROW_35_736,VPWR,li1,237.5900,106.3860,1.599793
TAP_TAPCELL_ROW_35_735,VPWR,li1,211.8300,106.3860,1.599805
TAP_TAPCELL_ROW_35_734,VPWR,li1,186.0700,106.3860,1.599831
TAP_TAPCELL_ROW_35_733,VPWR,li1,160.3100,106.3860,1.599774
TAP_TAPCELL_ROW_35_732,VPWR,li1,134.5500,106.3860,1.599686
TAP_TAPCELL_ROW_35_731,VPWR,li1,108.7900,106.3860,1.599641
TAP_TAPCELL_ROW_35_730,VPWR,li1,83.0300,106.3860,1.599645
TAP_TAPCELL_ROW_35_729,VPWR,li1,57.2700,106.3860,1.599695
TAP_TAPCELL_ROW_35_728,VPWR,li1,31.5100,106.3860,1.599792
TAP_TAPCELL_ROW_34_727,VPWR,li1,379.2700,105.7730,1.599740
TAP_TAPCELL_ROW_34_726,VPWR,li1,353.5100,105.7730,1.599782
TAP_TAPCELL_ROW_34_725,VPWR,li1,327.7500,105.7730,1.599841
TAP_TAPCELL_ROW_34_724,VPWR,li1,301.9900,105.7730,1.599805
TAP_TAPCELL_ROW_34_723,VPWR,li1,276.2300,105.7730,1.599789
TAP_TAPCELL_ROW_34_722,VPWR,li1,250.4700,105.7730,1.599789
TAP_TAPCELL_ROW_34_721,VPWR,li1,224.7100,105.7730,1.599798
TAP_TAPCELL_ROW_34_720,VPWR,li1,198.9500,105.7730,1.599817
TAP_TAPCELL_ROW_34_719,VPWR,li1,173.1900,105.7730,1.599835
TAP_TAPCELL_ROW_34_718,VPWR,li1,147.4300,105.7730,1.599724
TAP_TAPCELL_ROW_34_717,VPWR,li1,121.6700,105.7730,1.599654
TAP_TAPCELL_ROW_34_716,VPWR,li1,95.9100,105.7730,1.599638
TAP_TAPCELL_ROW_34_715,VPWR,li1,70.1500,105.7730,1.599665
TAP_TAPCELL_ROW_34_714,VPWR,li1,44.3900,105.7730,1.599737
TAP_TAPCELL_ROW_34_713,VPWR,li1,18.6300,105.7730,1.599838
TAP_TAPCELL_ROW_33_712,VPWR,li1,392.1500,100.9460,1.599525
TAP_TAPCELL_ROW_33_711,VPWR,li1,366.3900,100.9460,1.599571
TAP_TAPCELL_ROW_33_710,VPWR,li1,340.6300,100.9460,1.599700
TAP_TAPCELL_ROW_33_709,VPWR,li1,314.8700,100.9460,1.599772
TAP_TAPCELL_ROW_33_708,VPWR,li1,289.1100,100.9460,1.599758
TAP_TAPCELL_ROW_33_707,VPWR,li1,263.3500,100.9460,1.599764
TAP_TAPCELL_ROW_33_706,VPWR,li1,237.5900,100.9460,1.599777
TAP_TAPCELL_ROW_33_705,VPWR,li1,211.8300,100.9460,1.599800
TAP_TAPCELL_ROW_33_704,VPWR,li1,186.0700,100.9460,1.599829
TAP_TAPCELL_ROW_33_703,VPWR,li1,160.3100,100.9460,1.599765
TAP_TAPCELL_ROW_33_702,VPWR,li1,134.5500,100.9460,1.599665
TAP_TAPCELL_ROW_33_701,VPWR,li1,108.7900,100.9460,1.599589
TAP_TAPCELL_ROW_33_700,VPWR,li1,83.0300,100.9460,1.599545
TAP_TAPCELL_ROW_33_699,VPWR,li1,57.2700,100.9460,1.599603
TAP_TAPCELL_ROW_33_698,VPWR,li1,31.5100,100.9460,1.599744
TAP_TAPCELL_ROW_32_697,VPWR,li1,379.2700,100.3330,1.599536
TAP_TAPCELL_ROW_32_696,VPWR,li1,353.5100,100.3330,1.599634
TAP_TAPCELL_ROW_32_695,VPWR,li1,327.7500,100.3330,1.599791
TAP_TAPCELL_ROW_32_694,VPWR,li1,301.9900,100.3330,1.599760
TAP_TAPCELL_ROW_32_693,VPWR,li1,276.2300,100.3330,1.599759
TAP_TAPCELL_ROW_32_692,VPWR,li1,250.4700,100.3330,1.599770
TAP_TAPCELL_ROW_32_691,VPWR,li1,224.7100,100.3330,1.599788
TAP_TAPCELL_ROW_32_690,VPWR,li1,198.9500,100.3330,1.599815
TAP_TAPCELL_ROW_32_689,VPWR,li1,173.1900,100.3330,1.599830
TAP_TAPCELL_ROW_32_688,VPWR,li1,147.4300,100.3330,1.599707
TAP_TAPCELL_ROW_32_687,VPWR,li1,121.6700,100.3330,1.599620
TAP_TAPCELL_ROW_32_686,VPWR,li1,95.9100,100.3330,1.599562
TAP_TAPCELL_ROW_32_685,VPWR,li1,70.1500,100.3330,1.599551
TAP_TAPCELL_ROW_32_684,VPWR,li1,44.3900,100.3330,1.599666
TAP_TAPCELL_ROW_32_683,VPWR,li1,18.6300,100.3330,1.599809
TAP_TAPCELL_ROW_31_682,VPWR,li1,392.1500,95.5060,1.599463
TAP_TAPCELL_ROW_31_681,VPWR,li1,366.3900,95.5060,1.599524
TAP_TAPCELL_ROW_31_680,VPWR,li1,340.6300,95.5060,1.599680
TAP_TAPCELL_ROW_31_679,VPWR,li1,314.8700,95.5060,1.599753
TAP_TAPCELL_ROW_31_678,VPWR,li1,289.1100,95.5060,1.599752
TAP_TAPCELL_ROW_31_677,VPWR,li1,263.3500,95.5060,1.599768
TAP_TAPCELL_ROW_31_676,VPWR,li1,237.5900,95.5060,1.599792
TAP_TAPCELL_ROW_31_675,VPWR,li1,211.8300,95.5060,1.599821
TAP_TAPCELL_ROW_31_674,VPWR,li1,186.0700,95.5060,1.599860
TAP_TAPCELL_ROW_31_673,VPWR,li1,160.3100,95.5060,1.599835
TAP_TAPCELL_ROW_31_672,VPWR,li1,134.5500,95.5060,1.599785
TAP_TAPCELL_ROW_31_671,VPWR,li1,108.7900,95.5060,1.599775
TAP_TAPCELL_ROW_31_670,VPWR,li1,83.0300,95.5060,1.599788
TAP_TAPCELL_ROW_31_669,VPWR,li1,57.2700,95.5060,1.599825
TAP_TAPCELL_ROW_31_668,VPWR,li1,31.5100,95.5060,1.599887
TAP_TAPCELL_ROW_30_667,VPWR,li1,379.2700,94.8930,1.599471
TAP_TAPCELL_ROW_30_666,VPWR,li1,353.5100,94.8930,1.599594
TAP_TAPCELL_ROW_30_665,VPWR,li1,327.7500,94.8930,1.599767
TAP_TAPCELL_ROW_30_664,VPWR,li1,301.9900,94.8930,1.599749
TAP_TAPCELL_ROW_30_663,VPWR,li1,276.2300,94.8930,1.599759
TAP_TAPCELL_ROW_30_662,VPWR,li1,250.4700,94.8930,1.599779
TAP_TAPCELL_ROW_30_661,VPWR,li1,224.7100,94.8930,1.599804
TAP_TAPCELL_ROW_30_660,VPWR,li1,198.9500,94.8930,1.599839
TAP_TAPCELL_ROW_30_659,VPWR,li1,173.1900,94.8930,1.599872
TAP_TAPCELL_ROW_30_658,VPWR,li1,147.4300,94.8930,1.599804
TAP_TAPCELL_ROW_30_657,VPWR,li1,121.6700,94.8930,1.599775
TAP_TAPCELL_ROW_30_656,VPWR,li1,95.9100,94.8930,1.599779
TAP_TAPCELL_ROW_30_655,VPWR,li1,70.1500,94.8930,1.599802
TAP_TAPCELL_ROW_30_654,VPWR,li1,44.3900,94.8930,1.599853
TAP_TAPCELL_ROW_30_653,VPWR,li1,18.6300,94.8930,1.599913
TAP_TAPCELL_ROW_29_652,VPWR,li1,392.1500,90.0660,1.599532
TAP_TAPCELL_ROW_29_651,VPWR,li1,366.3900,90.0660,1.599572
TAP_TAPCELL_ROW_29_650,VPWR,li1,340.6300,90.0660,1.599701
TAP_TAPCELL_ROW_29_649,VPWR,li1,314.8700,90.0660,1.599751
TAP_TAPCELL_ROW_29_648,VPWR,li1,289.1100,90.0660,1.599745
TAP_TAPCELL_ROW_29_647,VPWR,li1,263.3500,90.0660,1.599762
TAP_TAPCELL_ROW_29_646,VPWR,li1,237.5900,90.0660,1.599787
TAP_TAPCELL_ROW_29_645,VPWR,li1,211.8300,90.0660,1.599818
TAP_TAPCELL_ROW_29_644,VPWR,li1,186.0700,90.0660,1.599864
TAP_TAPCELL_ROW_29_643,VPWR,li1,160.3100,90.0660,1.599857
TAP_TAPCELL_ROW_29_642,VPWR,li1,134.5500,90.0660,1.599837
TAP_TAPCELL_ROW_29_641,VPWR,li1,108.7900,90.0660,1.599841
TAP_TAPCELL_ROW_29_640,VPWR,li1,83.0300,90.0660,1.599853
TAP_TAPCELL_ROW_29_639,VPWR,li1,57.2700,90.0660,1.599876
TAP_TAPCELL_ROW_29_638,VPWR,li1,31.5100,90.0660,1.599920
TAP_TAPCELL_ROW_28_637,VPWR,li1,379.2700,89.4530,1.599546
TAP_TAPCELL_ROW_28_636,VPWR,li1,353.5100,89.4530,1.599625
TAP_TAPCELL_ROW_28_635,VPWR,li1,327.7500,89.4530,1.599770
TAP_TAPCELL_ROW_28_634,VPWR,li1,301.9900,89.4530,1.599743
TAP_TAPCELL_ROW_28_633,VPWR,li1,276.2300,89.4530,1.599752
TAP_TAPCELL_ROW_28_632,VPWR,li1,250.4700,89.4530,1.599773
TAP_TAPCELL_ROW_28_631,VPWR,li1,224.7100,89.4530,1.599802
TAP_TAPCELL_ROW_28_630,VPWR,li1,198.9500,89.4530,1.599838
TAP_TAPCELL_ROW_28_629,VPWR,li1,173.1900,89.4530,1.599879
TAP_TAPCELL_ROW_28_628,VPWR,li1,147.4300,89.4530,1.599846
TAP_TAPCELL_ROW_28_627,VPWR,li1,121.6700,89.4530,1.599837
TAP_TAPCELL_ROW_28_626,VPWR,li1,95.9100,89.4530,1.599846
TAP_TAPCELL_ROW_28_625,VPWR,li1,70.1500,89.4530,1.599862
TAP_TAPCELL_ROW_28_624,VPWR,li1,44.3900,89.4530,1.599897
TAP_TAPCELL_ROW_28_623,VPWR,li1,18.6300,89.4530,1.599939
TAP_TAPCELL_ROW_27_622,VPWR,li1,392.1500,84.6260,1.599624
TAP_TAPCELL_ROW_27_621,VPWR,li1,366.3900,84.6260,1.599657
TAP_TAPCELL_ROW_27_620,VPWR,li1,340.6300,84.6260,1.599772
TAP_TAPCELL_ROW_27_619,VPWR,li1,314.8700,84.6260,1.599812
TAP_TAPCELL_ROW_27_618,VPWR,li1,289.1100,84.6260,1.599805
TAP_TAPCELL_ROW_27_617,VPWR,li1,263.3500,84.6260,1.599812
TAP_TAPCELL_ROW_27_616,VPWR,li1,237.5900,84.6260,1.599831
TAP_TAPCELL_ROW_27_615,VPWR,li1,211.8300,84.6260,1.599860
TAP_TAPCELL_ROW_27_614,VPWR,li1,186.0700,84.6260,1.599898
TAP_TAPCELL_ROW_27_613,VPWR,li1,160.3100,84.6260,1.599893
TAP_TAPCELL_ROW_27_612,VPWR,li1,134.5500,84.6260,1.599865
TAP_TAPCELL_ROW_27_611,VPWR,li1,108.7900,84.6260,1.599852
TAP_TAPCELL_ROW_27_610,VPWR,li1,83.0300,84.6260,1.599858
TAP_TAPCELL_ROW_27_609,VPWR,li1,57.2700,84.6260,1.599878
TAP_TAPCELL_ROW_27_608,VPWR,li1,31.5100,84.6260,1.599920
TAP_TAPCELL_ROW_26_607,VPWR,li1,379.2700,84.0130,1.599629
TAP_TAPCELL_ROW_26_606,VPWR,li1,353.5100,84.0130,1.599709
TAP_TAPCELL_ROW_26_605,VPWR,li1,327.7500,84.0130,1.599825
TAP_TAPCELL_ROW_26_604,VPWR,li1,301.9900,84.0130,1.599806
TAP_TAPCELL_ROW_26_603,VPWR,li1,276.2300,84.0130,1.599808
TAP_TAPCELL_ROW_26_602,VPWR,li1,250.4700,84.0130,1.599821
TAP_TAPCELL_ROW_26_601,VPWR,li1,224.7100,84.0130,1.599845
TAP_TAPCELL_ROW_26_600,VPWR,li1,198.9500,84.0130,1.599879
TAP_TAPCELL_ROW_26_599,VPWR,li1,173.1900,84.0130,1.599914
TAP_TAPCELL_ROW_26_598,VPWR,li1,147.4300,84.0130,1.599878
TAP_TAPCELL_ROW_26_597,VPWR,li1,121.6700,84.0130,1.599857
TAP_TAPCELL_ROW_26_596,VPWR,li1,95.9100,84.0130,1.599852
TAP_TAPCELL_ROW_26_595,VPWR,li1,70.1500,84.0130,1.599867
TAP_TAPCELL_ROW_26_594,VPWR,li1,44.3900,84.0130,1.599899
TAP_TAPCELL_ROW_26_593,VPWR,li1,18.6300,84.0130,1.599942
TAP_TAPCELL_ROW_25_592,VPWR,li1,392.1500,79.1860,1.599780
TAP_TAPCELL_ROW_25_591,VPWR,li1,366.3900,79.1860,1.599795
TAP_TAPCELL_ROW_25_590,VPWR,li1,340.6300,79.1860,1.599842
TAP_TAPCELL_ROW_25_589,VPWR,li1,314.8700,79.1860,1.599830
TAP_TAPCELL_ROW_25_588,VPWR,li1,289.1100,79.1860,1.599779
TAP_TAPCELL_ROW_25_587,VPWR,li1,263.3500,79.1860,1.599740
TAP_TAPCELL_ROW_25_586,VPWR,li1,237.5900,79.1860,1.599738
TAP_TAPCELL_ROW_25_585,VPWR,li1,211.8300,79.1860,1.599797
TAP_TAPCELL_ROW_25_584,VPWR,li1,186.0700,79.1860,1.599864
TAP_TAPCELL_ROW_25_583,VPWR,li1,160.3100,79.1860,1.599879
TAP_TAPCELL_ROW_25_582,VPWR,li1,134.5500,79.1860,1.599862
TAP_TAPCELL_ROW_25_581,VPWR,li1,108.7900,79.1860,1.599859
TAP_TAPCELL_ROW_25_580,VPWR,li1,83.0300,79.1860,1.599872
TAP_TAPCELL_ROW_25_579,VPWR,li1,57.2700,79.1860,1.599897
TAP_TAPCELL_ROW_25_578,VPWR,li1,31.5100,79.1860,1.599932
TAP_TAPCELL_ROW_24_577,VPWR,li1,379.2700,78.5730,1.599783
TAP_TAPCELL_ROW_24_576,VPWR,li1,353.5100,78.5730,1.599815
TAP_TAPCELL_ROW_24_575,VPWR,li1,327.7500,78.5730,1.599863
TAP_TAPCELL_ROW_24_574,VPWR,li1,301.9900,78.5730,1.599805
TAP_TAPCELL_ROW_24_573,VPWR,li1,276.2300,78.5730,1.599761
TAP_TAPCELL_ROW_24_572,VPWR,li1,250.4700,78.5730,1.599724
TAP_TAPCELL_ROW_24_571,VPWR,li1,224.7100,78.5730,1.599769
TAP_TAPCELL_ROW_24_570,VPWR,li1,198.9500,78.5730,1.599830
TAP_TAPCELL_ROW_24_569,VPWR,li1,173.1900,78.5730,1.599893
TAP_TAPCELL_ROW_24_568,VPWR,li1,147.4300,78.5730,1.599869
TAP_TAPCELL_ROW_24_567,VPWR,li1,121.6700,78.5730,1.599858
TAP_TAPCELL_ROW_24_566,VPWR,li1,95.9100,78.5730,1.599864
TAP_TAPCELL_ROW_24_565,VPWR,li1,70.1500,78.5730,1.599883
TAP_TAPCELL_ROW_24_564,VPWR,li1,44.3900,78.5730,1.599913
TAP_TAPCELL_ROW_24_563,VPWR,li1,18.6300,78.5730,1.599952
TAP_TAPCELL_ROW_23_562,VPWR,li1,392.1500,73.7460,1.599771
TAP_TAPCELL_ROW_23_561,VPWR,li1,366.3900,73.7460,1.599785
TAP_TAPCELL_ROW_23_560,VPWR,li1,340.6300,73.7460,1.599834
TAP_TAPCELL_ROW_23_559,VPWR,li1,314.8700,73.7460,1.599849
TAP_TAPCELL_ROW_23_558,VPWR,li1,289.1100,73.7460,1.599835
TAP_TAPCELL_ROW_23_557,VPWR,li1,263.3500,73.7460,1.599834
TAP_TAPCELL_ROW_23_556,VPWR,li1,237.5900,73.7460,1.599842
TAP_TAPCELL_ROW_23_555,VPWR,li1,211.8300,73.7460,1.599861
TAP_TAPCELL_ROW_23_554,VPWR,li1,186.0700,73.7460,1.599887
TAP_TAPCELL_ROW_23_553,VPWR,li1,160.3100,73.7460,1.599871
TAP_TAPCELL_ROW_23_552,VPWR,li1,134.5500,73.7460,1.599829
TAP_TAPCELL_ROW_23_551,VPWR,li1,108.7900,73.7460,1.599826
TAP_TAPCELL_ROW_23_550,VPWR,li1,83.0300,73.7460,1.599847
TAP_TAPCELL_ROW_23_549,VPWR,li1,57.2700,73.7460,1.599880
TAP_TAPCELL_ROW_23_548,VPWR,li1,31.5100,73.7460,1.599920
TAP_TAPCELL_ROW_22_547,VPWR,li1,379.2700,73.1330,1.599774
TAP_TAPCELL_ROW_22_546,VPWR,li1,353.5100,73.1330,1.599805
TAP_TAPCELL_ROW_22_545,VPWR,li1,327.7500,73.1330,1.599867
TAP_TAPCELL_ROW_22_544,VPWR,li1,301.9900,73.1330,1.599840
TAP_TAPCELL_ROW_22_543,VPWR,li1,276.2300,73.1330,1.599833
TAP_TAPCELL_ROW_22_542,VPWR,li1,250.4700,73.1330,1.599837
TAP_TAPCELL_ROW_22_541,VPWR,li1,224.7100,73.1330,1.599849
TAP_TAPCELL_ROW_22_540,VPWR,li1,198.9500,73.1330,1.599872
TAP_TAPCELL_ROW_22_539,VPWR,li1,173.1900,73.1330,1.599898
TAP_TAPCELL_ROW_22_538,VPWR,li1,147.4300,73.1330,1.599846
TAP_TAPCELL_ROW_22_537,VPWR,li1,121.6700,73.1330,1.599825
TAP_TAPCELL_ROW_22_536,VPWR,li1,95.9100,73.1330,1.599834
TAP_TAPCELL_ROW_22_535,VPWR,li1,70.1500,73.1330,1.599863
TAP_TAPCELL_ROW_22_534,VPWR,li1,44.3900,73.1330,1.599899
TAP_TAPCELL_ROW_22_533,VPWR,li1,18.6300,73.1330,1.599943
TAP_TAPCELL_ROW_21_532,VPWR,li1,392.1500,68.3060,1.599691
TAP_TAPCELL_ROW_21_531,VPWR,li1,366.3900,68.3060,1.599711
TAP_TAPCELL_ROW_21_530,VPWR,li1,340.6300,68.3060,1.599789
TAP_TAPCELL_ROW_21_529,VPWR,li1,314.8700,68.3060,1.599814
TAP_TAPCELL_ROW_21_528,VPWR,li1,289.1100,68.3060,1.599781
TAP_TAPCELL_ROW_21_527,VPWR,li1,263.3500,68.3060,1.599766
TAP_TAPCELL_ROW_21_526,VPWR,li1,237.5900,68.3060,1.599759
TAP_TAPCELL_ROW_21_525,VPWR,li1,211.8300,68.3060,1.599760
TAP_TAPCELL_ROW_21_524,VPWR,li1,186.0700,68.3060,1.599791
TAP_TAPCELL_ROW_21_523,VPWR,li1,160.3100,68.3060,1.599817
TAP_TAPCELL_ROW_21_522,VPWR,li1,134.5500,68.3060,1.599803
TAP_TAPCELL_ROW_21_521,VPWR,li1,108.7900,68.3060,1.599809
TAP_TAPCELL_ROW_21_520,VPWR,li1,83.0300,68.3060,1.599836
TAP_TAPCELL_ROW_21_519,VPWR,li1,57.2700,68.3060,1.599876
TAP_TAPCELL_ROW_21_518,VPWR,li1,31.5100,68.3060,1.599921
TAP_TAPCELL_ROW_20_517,VPWR,li1,379.2700,67.6930,1.599694
TAP_TAPCELL_ROW_20_516,VPWR,li1,353.5100,67.6930,1.599745
TAP_TAPCELL_ROW_20_515,VPWR,li1,327.7500,67.6930,1.599839
TAP_TAPCELL_ROW_20_514,VPWR,li1,301.9900,67.6930,1.599794
TAP_TAPCELL_ROW_20_513,VPWR,li1,276.2300,67.6930,1.599773
TAP_TAPCELL_ROW_20_512,VPWR,li1,250.4700,67.6930,1.599761
TAP_TAPCELL_ROW_20_511,VPWR,li1,224.7100,67.6930,1.599758
TAP_TAPCELL_ROW_20_510,VPWR,li1,198.9500,67.6930,1.599767
TAP_TAPCELL_ROW_20_509,VPWR,li1,173.1900,67.6930,1.599831
TAP_TAPCELL_ROW_20_508,VPWR,li1,147.4300,67.6930,1.599808
TAP_TAPCELL_ROW_20_507,VPWR,li1,121.6700,67.6930,1.599802
TAP_TAPCELL_ROW_20_506,VPWR,li1,95.9100,67.6930,1.599822
TAP_TAPCELL_ROW_20_505,VPWR,li1,70.1500,67.6930,1.599856
TAP_TAPCELL_ROW_20_504,VPWR,li1,44.3900,67.6930,1.599896
TAP_TAPCELL_ROW_20_503,VPWR,li1,18.6300,67.6930,1.599940
TAP_TAPCELL_ROW_19_502,VPWR,li1,392.1500,62.8660,1.599706
TAP_TAPCELL_ROW_19_501,VPWR,li1,366.3900,62.8660,1.599736
TAP_TAPCELL_ROW_19_500,VPWR,li1,340.6300,62.8660,1.599812
TAP_TAPCELL_ROW_19_499,VPWR,li1,314.8700,62.8660,1.599819
TAP_TAPCELL_ROW_19_498,VPWR,li1,289.1100,62.8660,1.599763
TAP_TAPCELL_ROW_19_497,VPWR,li1,263.3500,62.8660,1.599726
TAP_TAPCELL_ROW_19_496,VPWR,li1,237.5900,62.8660,1.599703
TAP_TAPCELL_ROW_19_495,VPWR,li1,211.8300,62.8660,1.599688
TAP_TAPCELL_ROW_19_494,VPWR,li1,186.0700,62.8660,1.599733
TAP_TAPCELL_ROW_19_493,VPWR,li1,160.3100,62.8660,1.599763
TAP_TAPCELL_ROW_19_492,VPWR,li1,134.5500,62.8660,1.599755
TAP_TAPCELL_ROW_19_491,VPWR,li1,108.7900,62.8660,1.599777
TAP_TAPCELL_ROW_19_490,VPWR,li1,83.0300,62.8660,1.599814
TAP_TAPCELL_ROW_19_489,VPWR,li1,57.2700,62.8660,1.599859
TAP_TAPCELL_ROW_19_488,VPWR,li1,31.5100,62.8660,1.599912
TAP_TAPCELL_ROW_18_487,VPWR,li1,379.2700,62.2530,1.599713
TAP_TAPCELL_ROW_18_486,VPWR,li1,353.5100,62.2530,1.599772
TAP_TAPCELL_ROW_18_485,VPWR,li1,327.7500,62.2530,1.599848
TAP_TAPCELL_ROW_18_484,VPWR,li1,301.9900,62.2530,1.599787
TAP_TAPCELL_ROW_18_483,VPWR,li1,276.2300,62.2530,1.599745
TAP_TAPCELL_ROW_18_482,VPWR,li1,250.4700,62.2530,1.599713
TAP_TAPCELL_ROW_18_481,VPWR,li1,224.7100,62.2530,1.599695
TAP_TAPCELL_ROW_18_480,VPWR,li1,198.9500,62.2530,1.599706
TAP_TAPCELL_ROW_18_479,VPWR,li1,173.1900,62.2530,1.599787
TAP_TAPCELL_ROW_18_478,VPWR,li1,147.4300,62.2530,1.599754
TAP_TAPCELL_ROW_18_477,VPWR,li1,121.6700,62.2530,1.599764
TAP_TAPCELL_ROW_18_476,VPWR,li1,95.9100,62.2530,1.599795
TAP_TAPCELL_ROW_18_475,VPWR,li1,70.1500,62.2530,1.599837
TAP_TAPCELL_ROW_18_474,VPWR,li1,44.3900,62.2530,1.599884
TAP_TAPCELL_ROW_18_473,VPWR,li1,18.6300,62.2530,1.599937
TAP_TAPCELL_ROW_17_472,VPWR,li1,392.1500,57.4260,1.599727
TAP_TAPCELL_ROW_17_471,VPWR,li1,366.3900,57.4260,1.599761
TAP_TAPCELL_ROW_17_470,VPWR,li1,340.6300,57.4260,1.599834
TAP_TAPCELL_ROW_17_469,VPWR,li1,314.8700,57.4260,1.599840
TAP_TAPCELL_ROW_17_468,VPWR,li1,289.1100,57.4260,1.599799
TAP_TAPCELL_ROW_17_467,VPWR,li1,263.3500,57.4260,1.599774
TAP_TAPCELL_ROW_17_466,VPWR,li1,237.5900,57.4260,1.599761
TAP_TAPCELL_ROW_17_465,VPWR,li1,211.8300,57.4260,1.599766
TAP_TAPCELL_ROW_17_464,VPWR,li1,186.0700,57.4260,1.599831
TAP_TAPCELL_ROW_17_463,VPWR,li1,160.3100,57.4260,1.599847
TAP_TAPCELL_ROW_17_462,VPWR,li1,134.5500,57.4260,1.599829
TAP_TAPCELL_ROW_17_461,VPWR,li1,108.7900,57.4260,1.599832
TAP_TAPCELL_ROW_17_460,VPWR,li1,83.0300,57.4260,1.599853
TAP_TAPCELL_ROW_17_459,VPWR,li1,57.2700,57.4260,1.599885
TAP_TAPCELL_ROW_17_458,VPWR,li1,31.5100,57.4260,1.599926
TAP_TAPCELL_ROW_16_457,VPWR,li1,379.2700,56.8130,1.599738
TAP_TAPCELL_ROW_16_456,VPWR,li1,353.5100,56.8130,1.599799
TAP_TAPCELL_ROW_16_455,VPWR,li1,327.7500,56.8130,1.599866
TAP_TAPCELL_ROW_16_454,VPWR,li1,301.9900,56.8130,1.599818
TAP_TAPCELL_ROW_16_453,VPWR,li1,276.2300,56.8130,1.599784
TAP_TAPCELL_ROW_16_452,VPWR,li1,250.4700,56.8130,1.599766
TAP_TAPCELL_ROW_16_451,VPWR,li1,224.7100,56.8130,1.599758
TAP_TAPCELL_ROW_16_450,VPWR,li1,198.9500,56.8130,1.599794
TAP_TAPCELL_ROW_16_449,VPWR,li1,173.1900,56.8130,1.599863
TAP_TAPCELL_ROW_16_448,VPWR,li1,147.4300,56.8130,1.599833
TAP_TAPCELL_ROW_16_447,VPWR,li1,121.6700,56.8130,1.599828
TAP_TAPCELL_ROW_16_446,VPWR,li1,95.9100,56.8130,1.599841
TAP_TAPCELL_ROW_16_445,VPWR,li1,70.1500,56.8130,1.599866
TAP_TAPCELL_ROW_16_444,VPWR,li1,44.3900,56.8130,1.599903
TAP_TAPCELL_ROW_16_443,VPWR,li1,18.6300,56.8130,1.599946
TAP_TAPCELL_ROW_15_442,VPWR,li1,392.1500,51.9860,1.599796
TAP_TAPCELL_ROW_15_441,VPWR,li1,366.3900,51.9860,1.599824
TAP_TAPCELL_ROW_15_440,VPWR,li1,340.6300,51.9860,1.599870
TAP_TAPCELL_ROW_15_439,VPWR,li1,314.8700,51.9860,1.599864
TAP_TAPCELL_ROW_15_438,VPWR,li1,289.1100,51.9860,1.599811
TAP_TAPCELL_ROW_15_437,VPWR,li1,263.3500,51.9860,1.599766
TAP_TAPCELL_ROW_15_436,VPWR,li1,237.5900,51.9860,1.599732
TAP_TAPCELL_ROW_15_435,VPWR,li1,211.8300,51.9860,1.599735
TAP_TAPCELL_ROW_15_434,VPWR,li1,186.0700,51.9860,1.599790
TAP_TAPCELL_ROW_15_433,VPWR,li1,160.3100,51.9860,1.599809
TAP_TAPCELL_ROW_15_432,VPWR,li1,134.5500,51.9860,1.599794
TAP_TAPCELL_ROW_15_431,VPWR,li1,108.7900,51.9860,1.599800
TAP_TAPCELL_ROW_15_430,VPWR,li1,83.0300,51.9860,1.599818
TAP_TAPCELL_ROW_15_429,VPWR,li1,57.2700,51.9860,1.599855
TAP_TAPCELL_ROW_15_428,VPWR,li1,31.5100,51.9860,1.599909
TAP_TAPCELL_ROW_14_427,VPWR,li1,379.2700,51.3730,1.599806
TAP_TAPCELL_ROW_14_426,VPWR,li1,353.5100,51.3730,1.599846
TAP_TAPCELL_ROW_14_425,VPWR,li1,327.7500,51.3730,1.599896
TAP_TAPCELL_ROW_14_424,VPWR,li1,301.9900,51.3730,1.599837
TAP_TAPCELL_ROW_14_423,VPWR,li1,276.2300,51.3730,1.599787
TAP_TAPCELL_ROW_14_422,VPWR,li1,250.4700,51.3730,1.599749
TAP_TAPCELL_ROW_14_421,VPWR,li1,224.7100,51.3730,1.599724
TAP_TAPCELL_ROW_14_420,VPWR,li1,198.9500,51.3730,1.599756
TAP_TAPCELL_ROW_14_419,VPWR,li1,173.1900,51.3730,1.599830
TAP_TAPCELL_ROW_14_418,VPWR,li1,147.4300,51.3730,1.599797
TAP_TAPCELL_ROW_14_417,VPWR,li1,121.6700,51.3730,1.599795
TAP_TAPCELL_ROW_14_416,VPWR,li1,95.9100,51.3730,1.599807
TAP_TAPCELL_ROW_14_415,VPWR,li1,70.1500,51.3730,1.599836
TAP_TAPCELL_ROW_14_414,VPWR,li1,44.3900,51.3730,1.599881
TAP_TAPCELL_ROW_14_413,VPWR,li1,18.6300,51.3730,1.599931
TAP_TAPCELL_ROW_13_412,VPWR,li1,392.1500,46.5460,1.599847
TAP_TAPCELL_ROW_13_411,VPWR,li1,366.3900,46.5460,1.599863
TAP_TAPCELL_ROW_13_410,VPWR,li1,340.6300,46.5460,1.599897
TAP_TAPCELL_ROW_13_409,VPWR,li1,314.8700,46.5460,1.599883
TAP_TAPCELL_ROW_13_408,VPWR,li1,289.1100,46.5460,1.599827
TAP_TAPCELL_ROW_13_407,VPWR,li1,263.3500,46.5460,1.599785
TAP_TAPCELL_ROW_13_406,VPWR,li1,237.5900,46.5460,1.599761
TAP_TAPCELL_ROW_13_405,VPWR,li1,211.8300,46.5460,1.599769
TAP_TAPCELL_ROW_13_404,VPWR,li1,186.0700,46.5460,1.599793
TAP_TAPCELL_ROW_13_403,VPWR,li1,160.3100,46.5460,1.599746
TAP_TAPCELL_ROW_13_402,VPWR,li1,134.5500,46.5460,1.599700
TAP_TAPCELL_ROW_13_401,VPWR,li1,108.7900,46.5460,1.599682
TAP_TAPCELL_ROW_13_400,VPWR,li1,83.0300,46.5460,1.599679
TAP_TAPCELL_ROW_13_399,VPWR,li1,57.2700,46.5460,1.599699
TAP_TAPCELL_ROW_13_398,VPWR,li1,31.5100,46.5460,1.599806
TAP_TAPCELL_ROW_12_397,VPWR,li1,379.2700,45.9330,1.599852
TAP_TAPCELL_ROW_12_396,VPWR,li1,353.5100,45.9330,1.599880
TAP_TAPCELL_ROW_12_395,VPWR,li1,327.7500,45.9330,1.599908
TAP_TAPCELL_ROW_12_394,VPWR,li1,301.9900,45.9330,1.599855
TAP_TAPCELL_ROW_12_393,VPWR,li1,276.2300,45.9330,1.599804
TAP_TAPCELL_ROW_12_392,VPWR,li1,250.4700,45.9330,1.599771
TAP_TAPCELL_ROW_12_391,VPWR,li1,224.7100,45.9330,1.599761
TAP_TAPCELL_ROW_12_390,VPWR,li1,198.9500,45.9330,1.599777
TAP_TAPCELL_ROW_12_389,VPWR,li1,173.1900,45.9330,1.599800
TAP_TAPCELL_ROW_12_388,VPWR,li1,147.4300,45.9330,1.599718
TAP_TAPCELL_ROW_12_387,VPWR,li1,121.6700,45.9330,1.599689
TAP_TAPCELL_ROW_12_386,VPWR,li1,95.9100,45.9330,1.599679
TAP_TAPCELL_ROW_12_385,VPWR,li1,70.1500,45.9330,1.599685
TAP_TAPCELL_ROW_12_384,VPWR,li1,44.3900,45.9330,1.599745
TAP_TAPCELL_ROW_12_383,VPWR,li1,18.6300,45.9330,1.599854
TAP_TAPCELL_ROW_11_382,VPWR,li1,392.1500,41.1060,1.599861
TAP_TAPCELL_ROW_11_381,VPWR,li1,366.3900,41.1060,1.599876
TAP_TAPCELL_ROW_11_380,VPWR,li1,340.6300,41.1060,1.599899
TAP_TAPCELL_ROW_11_379,VPWR,li1,314.8700,41.1060,1.599879
TAP_TAPCELL_ROW_11_378,VPWR,li1,289.1100,41.1060,1.599816
TAP_TAPCELL_ROW_11_377,VPWR,li1,263.3500,41.1060,1.599764
TAP_TAPCELL_ROW_11_376,VPWR,li1,237.5900,41.1060,1.599728
TAP_TAPCELL_ROW_11_375,VPWR,li1,211.8300,41.1060,1.599761
TAP_TAPCELL_ROW_11_374,VPWR,li1,186.0700,41.1060,1.599838
TAP_TAPCELL_ROW_11_373,VPWR,li1,160.3100,41.1060,1.599850
TAP_TAPCELL_ROW_11_372,VPWR,li1,134.5500,41.1060,1.599833
TAP_TAPCELL_ROW_11_371,VPWR,li1,108.7900,41.1060,1.599836
TAP_TAPCELL_ROW_11_370,VPWR,li1,83.0300,41.1060,1.599854
TAP_TAPCELL_ROW_11_369,VPWR,li1,57.2700,41.1060,1.599883
TAP_TAPCELL_ROW_11_368,VPWR,li1,31.5100,41.1060,1.599924
TAP_TAPCELL_ROW_10_367,VPWR,li1,379.2700,40.4930,1.599865
TAP_TAPCELL_ROW_10_366,VPWR,li1,353.5100,40.4930,1.599888
TAP_TAPCELL_ROW_10_365,VPWR,li1,327.7500,40.4930,1.599912
TAP_TAPCELL_ROW_10_364,VPWR,li1,301.9900,40.4930,1.599847
TAP_TAPCELL_ROW_10_363,VPWR,li1,276.2300,40.4930,1.599788
TAP_TAPCELL_ROW_10_362,VPWR,li1,250.4700,40.4930,1.599738
TAP_TAPCELL_ROW_10_361,VPWR,li1,224.7100,40.4930,1.599735
TAP_TAPCELL_ROW_10_360,VPWR,li1,198.9500,40.4930,1.599797
TAP_TAPCELL_ROW_10_359,VPWR,li1,173.1900,40.4930,1.599870
TAP_TAPCELL_ROW_10_358,VPWR,li1,147.4300,40.4930,1.599839
TAP_TAPCELL_ROW_10_357,VPWR,li1,121.6700,40.4930,1.599832
TAP_TAPCELL_ROW_10_356,VPWR,li1,95.9100,40.4930,1.599844
TAP_TAPCELL_ROW_10_355,VPWR,li1,70.1500,40.4930,1.599868
TAP_TAPCELL_ROW_10_354,VPWR,li1,44.3900,40.4930,1.599904
TAP_TAPCELL_ROW_10_353,VPWR,li1,18.6300,40.4930,1.599945
TAP_TAPCELL_ROW_9_352,VPWR,li1,392.1500,35.6660,1.599827
TAP_TAPCELL_ROW_9_351,VPWR,li1,366.3900,35.6660,1.599853
TAP_TAPCELL_ROW_9_350,VPWR,li1,340.6300,35.6660,1.599894
TAP_TAPCELL_ROW_9_349,VPWR,li1,314.8700,35.6660,1.599889
TAP_TAPCELL_ROW_9_348,VPWR,li1,289.1100,35.6660,1.599849
TAP_TAPCELL_ROW_9_347,VPWR,li1,263.3500,35.6660,1.599813
TAP_TAPCELL_ROW_9_346,VPWR,li1,237.5900,35.6660,1.599789
TAP_TAPCELL_ROW_9_345,VPWR,li1,211.8300,35.6660,1.599785
TAP_TAPCELL_ROW_9_344,VPWR,li1,186.0700,35.6660,1.599823
TAP_TAPCELL_ROW_9_343,VPWR,li1,160.3100,35.6660,1.599829
TAP_TAPCELL_ROW_9_342,VPWR,li1,134.5500,35.6660,1.599816
TAP_TAPCELL_ROW_9_341,VPWR,li1,108.7900,35.6660,1.599825
TAP_TAPCELL_ROW_9_340,VPWR,li1,83.0300,35.6660,1.599847
TAP_TAPCELL_ROW_9_339,VPWR,li1,57.2700,35.6660,1.599881
TAP_TAPCELL_ROW_9_338,VPWR,li1,31.5100,35.6660,1.599925
TAP_TAPCELL_ROW_8_337,VPWR,li1,379.2700,35.0530,1.599836
TAP_TAPCELL_ROW_8_336,VPWR,li1,353.5100,35.0530,1.599873
TAP_TAPCELL_ROW_8_335,VPWR,li1,327.7500,35.0530,1.599912
TAP_TAPCELL_ROW_8_334,VPWR,li1,301.9900,35.0530,1.599868
TAP_TAPCELL_ROW_8_333,VPWR,li1,276.2300,35.0530,1.599830
TAP_TAPCELL_ROW_8_332,VPWR,li1,250.4700,35.0530,1.599799
TAP_TAPCELL_ROW_8_331,VPWR,li1,224.7100,35.0530,1.599783
TAP_TAPCELL_ROW_8_330,VPWR,li1,198.9500,35.0530,1.599792
TAP_TAPCELL_ROW_8_329,VPWR,li1,173.1900,35.0530,1.599849
TAP_TAPCELL_ROW_8_328,VPWR,li1,147.4300,35.0530,1.599818
TAP_TAPCELL_ROW_8_327,VPWR,li1,121.6700,35.0530,1.599819
TAP_TAPCELL_ROW_8_326,VPWR,li1,95.9100,35.0530,1.599834
TAP_TAPCELL_ROW_8_325,VPWR,li1,70.1500,35.0530,1.599863
TAP_TAPCELL_ROW_8_324,VPWR,li1,44.3900,35.0530,1.599901
TAP_TAPCELL_ROW_8_323,VPWR,li1,18.6300,35.0530,1.599941
TAP_TAPCELL_ROW_7_322,VPWR,li1,392.1500,30.2260,1.599810
TAP_TAPCELL_ROW_7_321,VPWR,li1,366.3900,30.2260,1.599832
TAP_TAPCELL_ROW_7_320,VPWR,li1,340.6300,30.2260,1.599875
TAP_TAPCELL_ROW_7_319,VPWR,li1,314.8700,30.2260,1.599880
TAP_TAPCELL_ROW_7_318,VPWR,li1,289.1100,30.2260,1.599855
TAP_TAPCELL_ROW_7_317,VPWR,li1,263.3500,30.2260,1.599835
TAP_TAPCELL_ROW_7_316,VPWR,li1,237.5900,30.2260,1.599826
TAP_TAPCELL_ROW_7_315,VPWR,li1,211.8300,30.2260,1.599828
TAP_TAPCELL_ROW_7_314,VPWR,li1,186.0700,30.2260,1.599856
TAP_TAPCELL_ROW_7_313,VPWR,li1,160.3100,30.2260,1.599837
TAP_TAPCELL_ROW_7_312,VPWR,li1,134.5500,30.2260,1.599804
TAP_TAPCELL_ROW_7_311,VPWR,li1,108.7900,30.2260,1.599814
TAP_TAPCELL_ROW_7_310,VPWR,li1,83.0300,30.2260,1.599838
TAP_TAPCELL_ROW_7_309,VPWR,li1,57.2700,30.2260,1.599875
TAP_TAPCELL_ROW_7_308,VPWR,li1,31.5100,30.2260,1.599927
TAP_TAPCELL_ROW_6_307,VPWR,li1,379.2700,29.6130,1.599816
TAP_TAPCELL_ROW_6_306,VPWR,li1,353.5100,29.6130,1.599852
TAP_TAPCELL_ROW_6_305,VPWR,li1,327.7500,29.6130,1.599898
TAP_TAPCELL_ROW_6_304,VPWR,li1,301.9900,29.6130,1.599866
TAP_TAPCELL_ROW_6_303,VPWR,li1,276.2300,29.6130,1.599844
TAP_TAPCELL_ROW_6_302,VPWR,li1,250.4700,29.6130,1.599830
TAP_TAPCELL_ROW_6_301,VPWR,li1,224.7100,29.6130,1.599824
TAP_TAPCELL_ROW_6_300,VPWR,li1,198.9500,29.6130,1.599837
TAP_TAPCELL_ROW_6_299,VPWR,li1,173.1900,29.6130,1.599870
TAP_TAPCELL_ROW_6_298,VPWR,li1,147.4300,29.6130,1.599811
TAP_TAPCELL_ROW_6_297,VPWR,li1,121.6700,29.6130,1.599806
TAP_TAPCELL_ROW_6_296,VPWR,li1,95.9100,29.6130,1.599825
TAP_TAPCELL_ROW_6_295,VPWR,li1,70.1500,29.6130,1.599857
TAP_TAPCELL_ROW_6_294,VPWR,li1,44.3900,29.6130,1.599898
TAP_TAPCELL_ROW_6_293,VPWR,li1,18.6300,29.6130,1.599945
TAP_TAPCELL_ROW_5_292,VPWR,li1,392.1500,24.7860,1.599822
TAP_TAPCELL_ROW_5_291,VPWR,li1,366.3900,24.7860,1.599839
TAP_TAPCELL_ROW_5_290,VPWR,li1,340.6300,24.7860,1.599878
TAP_TAPCELL_ROW_5_289,VPWR,li1,314.8700,24.7860,1.599866
TAP_TAPCELL_ROW_5_288,VPWR,li1,289.1100,24.7860,1.599817
TAP_TAPCELL_ROW_5_287,VPWR,li1,263.3500,24.7860,1.599776
TAP_TAPCELL_ROW_5_286,VPWR,li1,237.5900,24.7860,1.599742
TAP_TAPCELL_ROW_5_285,VPWR,li1,211.8300,24.7860,1.599725
TAP_TAPCELL_ROW_5_284,VPWR,li1,186.0700,24.7860,1.599779
TAP_TAPCELL_ROW_5_283,VPWR,li1,160.3100,24.7860,1.599787
TAP_TAPCELL_ROW_5_282,VPWR,li1,134.5500,24.7860,1.599773
TAP_TAPCELL_ROW_5_281,VPWR,li1,108.7900,24.7860,1.599790
TAP_TAPCELL_ROW_5_280,VPWR,li1,83.0300,24.7860,1.599821
TAP_TAPCELL_ROW_5_279,VPWR,li1,57.2700,24.7860,1.599866
TAP_TAPCELL_ROW_5_278,VPWR,li1,31.5100,24.7860,1.599918
TAP_TAPCELL_ROW_4_277,VPWR,li1,379.2700,24.1730,1.599826
TAP_TAPCELL_ROW_4_276,VPWR,li1,353.5100,24.1730,1.599859
TAP_TAPCELL_ROW_4_275,VPWR,li1,327.7500,24.1730,1.599893
TAP_TAPCELL_ROW_4_274,VPWR,li1,301.9900,24.1730,1.599841
TAP_TAPCELL_ROW_4_273,VPWR,li1,276.2300,24.1730,1.599797
TAP_TAPCELL_ROW_4_272,VPWR,li1,250.4700,24.1730,1.599756
TAP_TAPCELL_ROW_4_271,VPWR,li1,224.7100,24.1730,1.599728
TAP_TAPCELL_ROW_4_270,VPWR,li1,198.9500,24.1730,1.599741
TAP_TAPCELL_ROW_4_269,VPWR,li1,173.1900,24.1730,1.599822
TAP_TAPCELL_ROW_4_268,VPWR,li1,147.4300,24.1730,1.599776
TAP_TAPCELL_ROW_4_267,VPWR,li1,121.6700,24.1730,1.599778
TAP_TAPCELL_ROW_4_266,VPWR,li1,95.9100,24.1730,1.599805
TAP_TAPCELL_ROW_4_265,VPWR,li1,70.1500,24.1730,1.599841
TAP_TAPCELL_ROW_4_264,VPWR,li1,44.3900,24.1730,1.599892
TAP_TAPCELL_ROW_4_263,VPWR,li1,18.6300,24.1730,1.599941
TAP_TAPCELL_ROW_3_262,VPWR,li1,392.1500,19.3460,1.599746
TAP_TAPCELL_ROW_3_261,VPWR,li1,366.3900,19.3460,1.599779
TAP_TAPCELL_ROW_3_260,VPWR,li1,340.6300,19.3460,1.599840
TAP_TAPCELL_ROW_3_259,VPWR,li1,314.8700,19.3460,1.599837
TAP_TAPCELL_ROW_3_258,VPWR,li1,289.1100,19.3460,1.599786
TAP_TAPCELL_ROW_3_257,VPWR,li1,263.3500,19.3460,1.599749
TAP_TAPCELL_ROW_3_256,VPWR,li1,237.5900,19.3460,1.599723
TAP_TAPCELL_ROW_3_255,VPWR,li1,211.8300,19.3460,1.599713
TAP_TAPCELL_ROW_3_254,VPWR,li1,186.0700,19.3460,1.599767
TAP_TAPCELL_ROW_3_253,VPWR,li1,160.3100,19.3460,1.599757
TAP_TAPCELL_ROW_3_252,VPWR,li1,134.5500,19.3460,1.599736
TAP_TAPCELL_ROW_3_251,VPWR,li1,108.7900,19.3460,1.599752
TAP_TAPCELL_ROW_3_250,VPWR,li1,83.0300,19.3460,1.599789
TAP_TAPCELL_ROW_3_249,VPWR,li1,57.2700,19.3460,1.599837
TAP_TAPCELL_ROW_3_248,VPWR,li1,31.5100,19.3460,1.599902
TAP_TAPCELL_ROW_2_247,VPWR,li1,379.2700,18.7330,1.599755
TAP_TAPCELL_ROW_2_246,VPWR,li1,353.5100,18.7330,1.599809
TAP_TAPCELL_ROW_2_245,VPWR,li1,327.7500,18.7330,1.599868
TAP_TAPCELL_ROW_2_244,VPWR,li1,301.9900,18.7330,1.599808
TAP_TAPCELL_ROW_2_243,VPWR,li1,276.2300,18.7330,1.599768
TAP_TAPCELL_ROW_2_242,VPWR,li1,250.4700,18.7330,1.599734
TAP_TAPCELL_ROW_2_241,VPWR,li1,224.7100,18.7330,1.599713
TAP_TAPCELL_ROW_2_240,VPWR,li1,198.9500,18.7330,1.599732
TAP_TAPCELL_ROW_2_239,VPWR,li1,173.1900,18.7330,1.599798
TAP_TAPCELL_ROW_2_238,VPWR,li1,147.4300,18.7330,1.599741
TAP_TAPCELL_ROW_2_237,VPWR,li1,121.6700,18.7330,1.599741
TAP_TAPCELL_ROW_2_236,VPWR,li1,95.9100,18.7330,1.599766
TAP_TAPCELL_ROW_2_235,VPWR,li1,70.1500,18.7330,1.599811
TAP_TAPCELL_ROW_2_234,VPWR,li1,44.3900,18.7330,1.599869
TAP_TAPCELL_ROW_2_233,VPWR,li1,18.6300,18.7330,1.599927
TAP_TAPCELL_ROW_1_232,VPWR,li1,392.1500,13.9060,1.599801
TAP_TAPCELL_ROW_1_231,VPWR,li1,366.3900,13.9060,1.599818
TAP_TAPCELL_ROW_1_230,VPWR,li1,340.6300,13.9060,1.599861
TAP_TAPCELL_ROW_1_229,VPWR,li1,314.8700,13.9060,1.599862
TAP_TAPCELL_ROW_1_228,VPWR,li1,289.1100,13.9060,1.599816
TAP_TAPCELL_ROW_1_227,VPWR,li1,263.3500,13.9060,1.599788
TAP_TAPCELL_ROW_1_226,VPWR,li1,237.5900,13.9060,1.599774
TAP_TAPCELL_ROW_1_225,VPWR,li1,211.8300,13.9060,1.599777
TAP_TAPCELL_ROW_1_224,VPWR,li1,186.0700,13.9060,1.599810
TAP_TAPCELL_ROW_1_223,VPWR,li1,160.3100,13.9060,1.599793
TAP_TAPCELL_ROW_1_222,VPWR,li1,134.5500,13.9060,1.599759
TAP_TAPCELL_ROW_1_221,VPWR,li1,108.7900,13.9060,1.599754
TAP_TAPCELL_ROW_1_220,VPWR,li1,83.0300,13.9060,1.599778
TAP_TAPCELL_ROW_1_219,VPWR,li1,57.2700,13.9060,1.599829
TAP_TAPCELL_ROW_1_218,VPWR,li1,31.5100,13.9060,1.599896
TAP_TAPCELL_ROW_0_217,VPWR,li1,392.1500,13.2930,1.599801
TAP_TAPCELL_ROW_0_216,VPWR,li1,379.2700,13.2930,1.599805
TAP_TAPCELL_ROW_0_215,VPWR,li1,366.3900,13.2930,1.599818
TAP_TAPCELL_ROW_0_214,VPWR,li1,353.5100,13.2930,1.599839
TAP_TAPCELL_ROW_0_213,VPWR,li1,340.6300,13.2930,1.599861
TAP_TAPCELL_ROW_0_212,VPWR,li1,327.7500,13.2930,1.599890
TAP_TAPCELL_ROW_0_211,VPWR,li1,314.8700,13.2930,1.599862
TAP_TAPCELL_ROW_0_210,VPWR,li1,301.9900,13.2930,1.599837
TAP_TAPCELL_ROW_0_209,VPWR,li1,289.1100,13.2930,1.599816
TAP_TAPCELL_ROW_0_208,VPWR,li1,276.2300,13.2930,1.599800
TAP_TAPCELL_ROW_0_207,VPWR,li1,263.3500,13.2930,1.599788
TAP_TAPCELL_ROW_0_206,VPWR,li1,250.4700,13.2930,1.599779
TAP_TAPCELL_ROW_0_205,VPWR,li1,237.5900,13.2930,1.599774
TAP_TAPCELL_ROW_0_204,VPWR,li1,224.7100,13.2930,1.599773
TAP_TAPCELL_ROW_0_203,VPWR,li1,211.8300,13.2930,1.599777
TAP_TAPCELL_ROW_0_202,VPWR,li1,198.9500,13.2930,1.599789
TAP_TAPCELL_ROW_0_201,VPWR,li1,186.0700,13.2930,1.599810
TAP_TAPCELL_ROW_0_200,VPWR,li1,173.1900,13.2930,1.599826
TAP_TAPCELL_ROW_0_199,VPWR,li1,160.3100,13.2930,1.599793
TAP_TAPCELL_ROW_0_198,VPWR,li1,147.4300,13.2930,1.599771
TAP_TAPCELL_ROW_0_197,VPWR,li1,134.5500,13.2930,1.599759
TAP_TAPCELL_ROW_0_196,VPWR,li1,121.6700,13.2930,1.599753
TAP_TAPCELL_ROW_0_195,VPWR,li1,108.7900,13.2930,1.599754
TAP_TAPCELL_ROW_0_194,VPWR,li1,95.9100,13.2930,1.599763
TAP_TAPCELL_ROW_0_193,VPWR,li1,83.0300,13.2930,1.599778
TAP_TAPCELL_ROW_0_192,VPWR,li1,70.1500,13.2930,1.599799
TAP_TAPCELL_ROW_0_191,VPWR,li1,57.2700,13.2930,1.599829
TAP_TAPCELL_ROW_0_190,VPWR,li1,44.3900,13.2930,1.599860
TAP_TAPCELL_ROW_0_189,VPWR,li1,31.5100,13.2930,1.599896
TAP_TAPCELL_ROW_0_188,VPWR,li1,18.6300,13.2930,1.599919
PHY_EDGE_ROW_93_Left_187,VPWR,li1,6.2100,263.8400,1.599813
PHY_EDGE_ROW_92_Left_186,VPWR,li1,6.2100,263.8400,1.599813
PHY_EDGE_ROW_91_Left_185,VPWR,li1,6.2100,258.4000,1.599832
PHY_EDGE_ROW_90_Left_184,VPWR,li1,6.2100,258.4000,1.599832
PHY_EDGE_ROW_89_Left_183,VPWR,li1,6.2100,252.9600,1.599824
PHY_EDGE_ROW_88_Left_182,VPWR,li1,6.2100,252.9600,1.599824
PHY_EDGE_ROW_87_Left_181,VPWR,li1,6.2100,247.5200,1.599851
PHY_EDGE_ROW_86_Left_180,VPWR,li1,6.2100,247.5200,1.599851
PHY_EDGE_ROW_85_Left_179,VPWR,li1,6.2100,242.0800,1.599849
PHY_EDGE_ROW_84_Left_178,VPWR,li1,6.2100,242.0800,1.599849
PHY_EDGE_ROW_83_Left_177,VPWR,li1,6.2100,236.6400,1.599898
PHY_EDGE_ROW_82_Left_176,VPWR,li1,6.2100,236.6400,1.599898
PHY_EDGE_ROW_81_Left_175,VPWR,li1,6.2100,231.2000,1.599923
PHY_EDGE_ROW_80_Left_174,VPWR,li1,6.2100,231.2000,1.599923
PHY_EDGE_ROW_79_Left_173,VPWR,li1,6.2100,225.7600,1.599916
PHY_EDGE_ROW_78_Left_172,VPWR,li1,6.2100,225.7600,1.599916
PHY_EDGE_ROW_77_Left_171,VPWR,li1,6.2100,220.3200,1.599906
PHY_EDGE_ROW_76_Left_170,VPWR,li1,6.2100,220.3200,1.599906
PHY_EDGE_ROW_75_Left_169,VPWR,li1,6.2100,214.8800,1.599913
PHY_EDGE_ROW_74_Left_168,VPWR,li1,6.2100,214.8800,1.599913
PHY_EDGE_ROW_73_Left_167,VPWR,li1,6.2100,209.4400,1.599932
PHY_EDGE_ROW_72_Left_166,VPWR,li1,6.2100,209.4400,1.599932
PHY_EDGE_ROW_71_Left_165,VPWR,li1,6.2100,204.0000,1.599915
PHY_EDGE_ROW_70_Left_164,VPWR,li1,6.2100,204.0000,1.599915
PHY_EDGE_ROW_69_Left_163,VPWR,li1,6.2100,198.5600,1.599932
PHY_EDGE_ROW_68_Left_162,VPWR,li1,6.2100,198.5600,1.599932
PHY_EDGE_ROW_67_Left_161,VPWR,li1,6.2100,193.1200,1.599873
PHY_EDGE_ROW_66_Left_160,VPWR,li1,6.2100,193.1200,1.599873
PHY_EDGE_ROW_65_Left_159,VPWR,li1,6.2100,187.6800,1.599914
PHY_EDGE_ROW_64_Left_158,VPWR,li1,6.2100,187.6800,1.599914
PHY_EDGE_ROW_63_Left_157,VPWR,li1,6.2100,182.2400,1.599940
PHY_EDGE_ROW_62_Left_156,VPWR,li1,6.2100,182.2400,1.599940
PHY_EDGE_ROW_61_Left_155,VPWR,li1,6.2100,176.8000,1.599908
PHY_EDGE_ROW_60_Left_154,VPWR,li1,6.2100,176.8000,1.599908
PHY_EDGE_ROW_59_Left_153,VPWR,li1,6.2100,171.3600,1.599806
PHY_EDGE_ROW_58_Left_152,VPWR,li1,6.2100,171.3600,1.599806
PHY_EDGE_ROW_57_Left_151,VPWR,li1,6.2100,165.9200,1.599875
PHY_EDGE_ROW_56_Left_150,VPWR,li1,6.2100,165.9200,1.599875
PHY_EDGE_ROW_55_Left_149,VPWR,li1,6.2100,160.4800,1.599866
PHY_EDGE_ROW_54_Left_148,VPWR,li1,6.2100,160.4800,1.599866
PHY_EDGE_ROW_53_Left_147,VPWR,li1,6.2100,155.0400,1.599881
PHY_EDGE_ROW_52_Left_146,VPWR,li1,6.2100,155.0400,1.599881
PHY_EDGE_ROW_51_Left_145,VPWR,li1,6.2100,149.6000,1.599897
PHY_EDGE_ROW_50_Left_144,VPWR,li1,6.2100,149.6000,1.599897
PHY_EDGE_ROW_49_Left_143,VPWR,li1,6.2100,144.1600,1.599854
PHY_EDGE_ROW_48_Left_142,VPWR,li1,6.2100,144.1600,1.599854
PHY_EDGE_ROW_47_Left_141,VPWR,li1,6.2100,138.7200,1.599884
PHY_EDGE_ROW_46_Left_140,VPWR,li1,6.2100,138.7200,1.599884
PHY_EDGE_ROW_45_Left_139,VPWR,li1,6.2100,133.2800,1.599891
PHY_EDGE_ROW_44_Left_138,VPWR,li1,6.2100,133.2800,1.599891
PHY_EDGE_ROW_43_Left_137,VPWR,li1,6.2100,127.8400,1.599827
PHY_EDGE_ROW_42_Left_136,VPWR,li1,6.2100,127.8400,1.599827
PHY_EDGE_ROW_41_Left_135,VPWR,li1,6.2100,122.4000,1.599790
PHY_EDGE_ROW_40_Left_134,VPWR,li1,6.2100,122.4000,1.599790
PHY_EDGE_ROW_39_Left_133,VPWR,li1,6.2100,116.9600,1.599803
PHY_EDGE_ROW_38_Left_132,VPWR,li1,6.2100,116.9600,1.599803
PHY_EDGE_ROW_37_Left_131,VPWR,li1,6.2100,111.5200,1.599819
PHY_EDGE_ROW_36_Left_130,VPWR,li1,6.2100,111.5200,1.599819
PHY_EDGE_ROW_35_Left_129,VPWR,li1,6.2100,106.0800,1.599837
PHY_EDGE_ROW_34_Left_128,VPWR,li1,6.2100,106.0800,1.599837
PHY_EDGE_ROW_33_Left_127,VPWR,li1,6.2100,100.6400,1.599807
PHY_EDGE_ROW_32_Left_126,VPWR,li1,6.2100,100.6400,1.599807
PHY_EDGE_ROW_31_Left_125,VPWR,li1,6.2100,95.2000,1.599911
PHY_EDGE_ROW_30_Left_124,VPWR,li1,6.2100,95.2000,1.599911
PHY_EDGE_ROW_29_Left_123,VPWR,li1,6.2100,89.7600,1.599938
PHY_EDGE_ROW_28_Left_122,VPWR,li1,6.2100,89.7600,1.599938
PHY_EDGE_ROW_27_Left_121,VPWR,li1,6.2100,84.3200,1.599941
PHY_EDGE_ROW_26_Left_120,VPWR,li1,6.2100,84.3200,1.599941
PHY_EDGE_ROW_25_Left_119,VPWR,li1,6.2100,78.8800,1.599951
PHY_EDGE_ROW_24_Left_118,VPWR,li1,6.2100,78.8800,1.599951
PHY_EDGE_ROW_23_Left_117,VPWR,li1,6.2100,73.4400,1.599941
PHY_EDGE_ROW_22_Left_116,VPWR,li1,6.2100,73.4400,1.599941
PHY_EDGE_ROW_21_Left_115,VPWR,li1,6.2100,68.0000,1.599938
PHY_EDGE_ROW_20_Left_114,VPWR,li1,6.2100,68.0000,1.599938
PHY_EDGE_ROW_19_Left_113,VPWR,li1,6.2100,62.5600,1.599935
PHY_EDGE_ROW_18_Left_112,VPWR,li1,6.2100,62.5600,1.599935
PHY_EDGE_ROW_17_Left_111,VPWR,li1,6.2100,57.1200,1.599945
PHY_EDGE_ROW_16_Left_110,VPWR,li1,6.2100,57.1200,1.599945
PHY_EDGE_ROW_15_Left_109,VPWR,li1,6.2100,51.6800,1.599927
PHY_EDGE_ROW_14_Left_108,VPWR,li1,6.2100,51.6800,1.599927
PHY_EDGE_ROW_13_Left_107,VPWR,li1,6.2100,46.2400,1.599851
PHY_EDGE_ROW_12_Left_106,VPWR,li1,6.2100,46.2400,1.599851
PHY_EDGE_ROW_11_Left_105,VPWR,li1,6.2100,40.8000,1.599942
PHY_EDGE_ROW_10_Left_104,VPWR,li1,6.2100,40.8000,1.599942
PHY_EDGE_ROW_9_Left_103,VPWR,li1,6.2100,35.3600,1.599941
PHY_EDGE_ROW_8_Left_102,VPWR,li1,6.2100,35.3600,1.599941
PHY_EDGE_ROW_7_Left_101,VPWR,li1,6.2100,29.9200,1.599944
PHY_EDGE_ROW_6_Left_100,VPWR,li1,6.2100,29.9200,1.599944
PHY_EDGE_ROW_5_Left_99,VPWR,li1,6.2100,24.4800,1.599940
PHY_EDGE_ROW_4_Left_98,VPWR,li1,6.2100,24.4800,1.599940
PHY_EDGE_ROW_3_Left_97,VPWR,li1,6.2100,19.0400,1.599926
PHY_EDGE_ROW_2_Left_96,VPWR,li1,6.2100,19.0400,1.599926
PHY_EDGE_ROW_1_Left_95,VPWR,li1,6.2100,13.6000,1.599918
PHY_EDGE_ROW_0_Left_94,VPWR,li1,6.2100,13.6000,1.599918
PHY_EDGE_ROW_93_Right_93,VPWR,li1,393.5300,263.8400,1.599715
PHY_EDGE_ROW_92_Right_92,VPWR,li1,393.5300,263.8400,1.599715
PHY_EDGE_ROW_91_Right_91,VPWR,li1,393.5300,258.4000,1.599831
PHY_EDGE_ROW_90_Right_90,VPWR,li1,393.5300,258.4000,1.599831
PHY_EDGE_ROW_89_Right_89,VPWR,li1,393.5300,252.9600,1.599523
PHY_EDGE_ROW_88_Right_88,VPWR,li1,393.5300,252.9600,1.599523
PHY_EDGE_ROW_87_Right_87,VPWR,li1,393.5300,247.5200,1.599591
PHY_EDGE_ROW_86_Right_86,VPWR,li1,393.5300,247.5200,1.599591
PHY_EDGE_ROW_85_Right_85,VPWR,li1,393.5300,242.0800,1.599511
PHY_EDGE_ROW_84_Right_84,VPWR,li1,393.5300,242.0800,1.599511
PHY_EDGE_ROW_83_Right_83,VPWR,li1,393.5300,236.6400,1.599495
PHY_EDGE_ROW_82_Right_82,VPWR,li1,393.5300,236.6400,1.599495
PHY_EDGE_ROW_81_Right_81,VPWR,li1,393.5300,231.2000,1.599576
PHY_EDGE_ROW_80_Right_80,VPWR,li1,393.5300,231.2000,1.599576
PHY_EDGE_ROW_79_Right_79,VPWR,li1,393.5300,225.7600,1.599657
PHY_EDGE_ROW_78_Right_78,VPWR,li1,393.5300,225.7600,1.599657
PHY_EDGE_ROW_77_Right_77,VPWR,li1,393.5300,220.3200,1.599787
PHY_EDGE_ROW_76_Right_76,VPWR,li1,393.5300,220.3200,1.599787
PHY_EDGE_ROW_75_Right_75,VPWR,li1,393.5300,214.8800,1.599699
PHY_EDGE_ROW_74_Right_74,VPWR,li1,393.5300,214.8800,1.599699
PHY_EDGE_ROW_73_Right_73,VPWR,li1,393.5300,209.4400,1.599801
PHY_EDGE_ROW_72_Right_72,VPWR,li1,393.5300,209.4400,1.599801
PHY_EDGE_ROW_71_Right_71,VPWR,li1,393.5300,204.0000,1.599767
PHY_EDGE_ROW_70_Right_70,VPWR,li1,393.5300,204.0000,1.599767
PHY_EDGE_ROW_69_Right_69,VPWR,li1,393.5300,198.5600,1.599792
PHY_EDGE_ROW_68_Right_68,VPWR,li1,393.5300,198.5600,1.599792
PHY_EDGE_ROW_67_Right_67,VPWR,li1,393.5300,193.1200,1.599845
PHY_EDGE_ROW_66_Right_66,VPWR,li1,393.5300,193.1200,1.599845
PHY_EDGE_ROW_65_Right_65,VPWR,li1,393.5300,187.6800,1.599835
PHY_EDGE_ROW_64_Right_64,VPWR,li1,393.5300,187.6800,1.599835
PHY_EDGE_ROW_63_Right_63,VPWR,li1,393.5300,182.2400,1.599815
PHY_EDGE_ROW_62_Right_62,VPWR,li1,393.5300,182.2400,1.599815
PHY_EDGE_ROW_61_Right_61,VPWR,li1,393.5300,176.8000,1.599839
PHY_EDGE_ROW_60_Right_60,VPWR,li1,393.5300,176.8000,1.599839
PHY_EDGE_ROW_59_Right_59,VPWR,li1,393.5300,171.3600,1.599808
PHY_EDGE_ROW_58_Right_58,VPWR,li1,393.5300,171.3600,1.599808
PHY_EDGE_ROW_57_Right_57,VPWR,li1,393.5300,165.9200,1.599703
PHY_EDGE_ROW_56_Right_56,VPWR,li1,393.5300,165.9200,1.599703
PHY_EDGE_ROW_55_Right_55,VPWR,li1,393.5300,160.4800,1.599672
PHY_EDGE_ROW_54_Right_54,VPWR,li1,393.5300,160.4800,1.599672
PHY_EDGE_ROW_53_Right_53,VPWR,li1,393.5300,155.0400,1.599666
PHY_EDGE_ROW_52_Right_52,VPWR,li1,393.5300,155.0400,1.599666
PHY_EDGE_ROW_51_Right_51,VPWR,li1,393.5300,149.6000,1.599793
PHY_EDGE_ROW_50_Right_50,VPWR,li1,393.5300,149.6000,1.599793
PHY_EDGE_ROW_49_Right_49,VPWR,li1,393.5300,144.1600,1.599587
PHY_EDGE_ROW_48_Right_48,VPWR,li1,393.5300,144.1600,1.599587
PHY_EDGE_ROW_47_Right_47,VPWR,li1,393.5300,138.7200,1.599695
PHY_EDGE_ROW_46_Right_46,VPWR,li1,393.5300,138.7200,1.599695
PHY_EDGE_ROW_45_Right_45,VPWR,li1,393.5300,133.2800,1.599612
PHY_EDGE_ROW_44_Right_44,VPWR,li1,393.5300,133.2800,1.599612
PHY_EDGE_ROW_43_Right_43,VPWR,li1,393.5300,127.8400,1.599739
PHY_EDGE_ROW_42_Right_42,VPWR,li1,393.5300,127.8400,1.599739
PHY_EDGE_ROW_41_Right_41,VPWR,li1,393.5300,122.4000,1.599617
PHY_EDGE_ROW_40_Right_40,VPWR,li1,393.5300,122.4000,1.599617
PHY_EDGE_ROW_39_Right_39,VPWR,li1,393.5300,116.9600,1.599710
PHY_EDGE_ROW_38_Right_38,VPWR,li1,393.5300,116.9600,1.599710
PHY_EDGE_ROW_37_Right_37,VPWR,li1,393.5300,111.5200,1.599426
PHY_EDGE_ROW_36_Right_36,VPWR,li1,393.5300,111.5200,1.599426
PHY_EDGE_ROW_35_Right_35,VPWR,li1,393.5300,106.0800,1.599735
PHY_EDGE_ROW_34_Right_34,VPWR,li1,393.5300,106.0800,1.599735
PHY_EDGE_ROW_33_Right_33,VPWR,li1,393.5300,100.6400,1.599525
PHY_EDGE_ROW_32_Right_32,VPWR,li1,393.5300,100.6400,1.599525
PHY_EDGE_ROW_31_Right_31,VPWR,li1,393.5300,95.2000,1.599463
PHY_EDGE_ROW_30_Right_30,VPWR,li1,393.5300,95.2000,1.599463
PHY_EDGE_ROW_29_Right_29,VPWR,li1,393.5300,89.7600,1.599532
PHY_EDGE_ROW_28_Right_28,VPWR,li1,393.5300,89.7600,1.599532
PHY_EDGE_ROW_27_Right_27,VPWR,li1,393.5300,84.3200,1.599624
PHY_EDGE_ROW_26_Right_26,VPWR,li1,393.5300,84.3200,1.599624
PHY_EDGE_ROW_25_Right_25,VPWR,li1,393.5300,78.8800,1.599780
PHY_EDGE_ROW_24_Right_24,VPWR,li1,393.5300,78.8800,1.599780
PHY_EDGE_ROW_23_Right_23,VPWR,li1,393.5300,73.4400,1.599771
PHY_EDGE_ROW_22_Right_22,VPWR,li1,393.5300,73.4400,1.599771
PHY_EDGE_ROW_21_Right_21,VPWR,li1,393.5300,68.0000,1.599691
PHY_EDGE_ROW_20_Right_20,VPWR,li1,393.5300,68.0000,1.599691
PHY_EDGE_ROW_19_Right_19,VPWR,li1,393.5300,62.5600,1.599706
PHY_EDGE_ROW_18_Right_18,VPWR,li1,393.5300,62.5600,1.599706
PHY_EDGE_ROW_17_Right_17,VPWR,li1,393.5300,57.1200,1.599727
PHY_EDGE_ROW_16_Right_16,VPWR,li1,393.5300,57.1200,1.599727
PHY_EDGE_ROW_15_Right_15,VPWR,li1,393.5300,51.6800,1.599796
PHY_EDGE_ROW_14_Right_14,VPWR,li1,393.5300,51.6800,1.599796
PHY_EDGE_ROW_13_Right_13,VPWR,li1,393.5300,46.2400,1.599847
PHY_EDGE_ROW_12_Right_12,VPWR,li1,393.5300,46.2400,1.599847
PHY_EDGE_ROW_11_Right_11,VPWR,li1,393.5300,40.8000,1.599861
PHY_EDGE_ROW_10_Right_10,VPWR,li1,393.5300,40.8000,1.599861
PHY_EDGE_ROW_9_Right_9,VPWR,li1,393.5300,35.3600,1.599827
PHY_EDGE_ROW_8_Right_8,VPWR,li1,393.5300,35.3600,1.599827
PHY_EDGE_ROW_7_Right_7,VPWR,li1,393.5300,29.9200,1.599810
PHY_EDGE_ROW_6_Right_6,VPWR,li1,393.5300,29.9200,1.599810
PHY_EDGE_ROW_5_Right_5,VPWR,li1,393.5300,24.4800,1.599822
PHY_EDGE_ROW_4_Right_4,VPWR,li1,393.5300,24.4800,1.599822
PHY_EDGE_ROW_3_Right_3,VPWR,li1,393.5300,19.0400,1.599746
PHY_EDGE_ROW_2_Right_2,VPWR,li1,393.5300,19.0400,1.599746
PHY_EDGE_ROW_1_Right_1,VPWR,li1,393.5300,13.6000,1.599801
PHY_EDGE_ROW_0_Right_0,VPWR,li1,393.5300,13.6000,1.599801
g_row\[1\].g_col\[1\].pe/_2776_,VPWR,li1,365.2400,84.3200,1.599664
g_row\[1\].g_col\[1\].pe/_2775_,VPWR,li1,338.5600,116.9600,1.599810
g_row\[1\].g_col\[1\].pe/_2774_,VPWR,li1,281.5200,116.9600,1.599655
g_row\[1\].g_col\[1\].pe/_2771_,VPWR,li1,318.5500,127.8400,1.599814
g_row\[1\].g_col\[1\].pe/_2770_,VPWR,li1,341.0900,138.7200,1.599753
g_row\[1\].g_col\[1\].pe/_2769_,VPWR,li1,360.8700,138.7200,1.599705
g_row\[1\].g_col\[1\].pe/_2768_,VPWR,li1,370.9900,138.7200,1.599698
g_row\[1\].g_col\[1\].pe/_2767_,VPWR,li1,378.8100,138.7200,1.599695
g_row\[1\].g_col\[1\].pe/_2766_,VPWR,li1,377.4300,133.2800,1.599613
g_row\[1\].g_col\[1\].pe/_2765_,VPWR,li1,375.1300,116.9600,1.599728
g_row\[1\].g_col\[1\].pe/_2764_,VPWR,li1,383.8700,111.5200,1.599429
g_row\[1\].g_col\[1\].pe/_2763_,VPWR,li1,381.1100,106.0800,1.599738
g_row\[1\].g_col\[1\].pe/_2762_,VPWR,li1,378.3500,100.6400,1.599540
g_row\[1\].g_col\[1\].pe/_2761_,VPWR,li1,362.2500,111.5200,1.599477
g_row\[1\].g_col\[1\].pe/_2760_,VPWR,li1,319.4700,106.0800,1.599828
g_row\[1\].g_col\[1\].pe/_2759_,VPWR,li1,348.9100,111.5200,1.599538
g_row\[1\].g_col\[1\].pe/_2758_,VPWR,li1,343.3900,116.9600,1.599793
g_row\[1\].g_col\[1\].pe/_2757_,VPWR,li1,335.5700,122.4000,1.599716
g_row\[1\].g_col\[1\].pe/_2756_,VPWR,li1,313.9500,116.9600,1.599768
g_row\[1\].g_col\[1\].pe/_2755_,VPWR,li1,306.1300,122.4000,1.599571
g_row\[1\].g_col\[1\].pe/_2754_,VPWR,li1,310.7300,111.5200,1.599613
g_row\[1\].g_col\[1\].pe/_2753_,VPWR,li1,358.5700,78.8800,1.599808
g_row\[1\].g_col\[1\].pe/_2752_,VPWR,li1,353.5100,89.7600,1.599625
g_row\[1\].g_col\[1\].pe/_2751_,VPWR,li1,359.9500,84.3200,1.599678
g_row\[1\].g_col\[1\].pe/_2750_,VPWR,li1,362.2500,84.3200,1.599670
g_row\[1\].g_col\[1\].pe/_2749_,VPWR,li1,370.5300,84.3200,1.599648
g_row\[1\].g_col\[1\].pe/_2748_,VPWR,li1,381.5700,84.3200,1.599627
g_row\[1\].g_col\[1\].pe/_2747_,VPWR,li1,386.1700,84.3200,1.599624
g_row\[1\].g_col\[1\].pe/_2746_,VPWR,li1,388.0100,89.7600,1.599533
g_row\[1\].g_col\[1\].pe/_2745_,VPWR,li1,374.2100,78.8800,1.599787
g_row\[1\].g_col\[1\].pe/_2744_,VPWR,li1,348.4500,84.3200,1.599733
g_row\[1\].g_col\[1\].pe/_2743_,VPWR,li1,334.1900,84.3200,1.599798
g_row\[1\].g_col\[1\].pe/_2742_,VPWR,li1,342.0100,84.3200,1.599757
g_row\[1\].g_col\[1\].pe/_2741_,VPWR,li1,332.8100,89.7600,1.599745
g_row\[1\].g_col\[1\].pe/_2740_,VPWR,li1,321.3100,106.0800,1.599831
g_row\[1\].g_col\[1\].pe/_2739_,VPWR,li1,319.4700,100.6400,1.599776
g_row\[1\].g_col\[1\].pe/_2738_,VPWR,li1,292.3300,122.4000,1.599495
g_row\[1\].g_col\[1\].pe/_2737_,VPWR,li1,242.6500,40.8000,1.599727
g_row\[1\].g_col\[1\].pe/_2736_,VPWR,li1,242.6500,46.2400,1.599762
g_row\[1\].g_col\[1\].pe/_2735_,VPWR,li1,241.7300,46.2400,1.599762
g_row\[1\].g_col\[1\].pe/_2734_,VPWR,li1,231.6100,46.2400,1.599760
g_row\[1\].g_col\[1\].pe/_2733_,VPWR,li1,221.9500,46.2400,1.599762
g_row\[1\].g_col\[1\].pe/_2732_,VPWR,li1,233.9100,40.8000,1.599729
g_row\[1\].g_col\[1\].pe/_2731_,VPWR,li1,241.7300,35.3600,1.599790
g_row\[1\].g_col\[1\].pe/_2730_,VPWR,li1,223.3300,40.8000,1.599735
g_row\[1\].g_col\[1\].pe/_2729_,VPWR,li1,220.5700,35.3600,1.599782
g_row\[1\].g_col\[1\].pe/_2728_,VPWR,li1,220.1100,35.3600,1.599782
g_row\[1\].g_col\[1\].pe/_2727_,VPWR,li1,219.1900,29.9200,1.599825
g_row\[1\].g_col\[1\].pe/_2726_,VPWR,li1,222.8700,51.6800,1.599725
g_row\[1\].g_col\[1\].pe/_2725_,VPWR,li1,215.5100,51.6800,1.599732
g_row\[1\].g_col\[1\].pe/_2724_,VPWR,li1,215.9700,57.1200,1.599760
g_row\[1\].g_col\[1\].pe/_2723_,VPWR,li1,206.3100,68.0000,1.599762
g_row\[1\].g_col\[1\].pe/_2722_,VPWR,li1,224.7100,57.1200,1.599758
g_row\[1\].g_col\[1\].pe/_2721_,VPWR,li1,200.3300,57.1200,1.599794
g_row\[1\].g_col\[1\].pe/_2720_,VPWR,li1,216.8900,19.0400,1.599709
g_row\[1\].g_col\[1\].pe/_2719_,VPWR,li1,217.3500,13.6000,1.599773
g_row\[1\].g_col\[1\].pe/_2718_,VPWR,li1,216.8900,24.4800,1.599724
g_row\[1\].g_col\[1\].pe/_2717_,VPWR,li1,204.4700,13.6000,1.599783
g_row\[1\].g_col\[1\].pe/_2716_,VPWR,li1,203.0900,19.0400,1.599727
g_row\[1\].g_col\[1\].pe/_2715_,VPWR,li1,216.8900,13.6000,1.599773
g_row\[1\].g_col\[1\].pe/_2714_,VPWR,li1,197.1100,19.0400,1.599737
g_row\[1\].g_col\[1\].pe/_2713_,VPWR,li1,206.3100,51.6800,1.599742
g_row\[1\].g_col\[1\].pe/_2712_,VPWR,li1,198.9500,24.4800,1.599741
g_row\[1\].g_col\[1\].pe/_2711_,VPWR,li1,203.0900,40.8000,1.599783
g_row\[1\].g_col\[1\].pe/_2710_,VPWR,li1,200.3300,29.9200,1.599837
g_row\[1\].g_col\[1\].pe/_2709_,VPWR,li1,191.5900,57.1200,1.599814
g_row\[1\].g_col\[1\].pe/_2708_,VPWR,li1,209.0700,29.9200,1.599829
g_row\[1\].g_col\[1\].pe/_2707_,VPWR,li1,191.5900,62.5600,1.599722
g_row\[1\].g_col\[1\].pe/_2706_,VPWR,li1,195.2700,68.0000,1.599771
g_row\[1\].g_col\[1\].pe/_2705_,VPWR,li1,284.0500,122.4000,1.599459
g_row\[1\].g_col\[1\].pe/_2704_,VPWR,li1,207.6900,116.9600,1.599601
g_row\[1\].g_col\[1\].pe/_2703_,VPWR,li1,228.3900,122.4000,1.599411
g_row\[1\].g_col\[1\].pe/_2702_,VPWR,li1,228.8500,116.9600,1.599574
g_row\[1\].g_col\[1\].pe/_2701_,VPWR,li1,255.5300,116.9600,1.599593
g_row\[1\].g_col\[1\].pe/_2700_,VPWR,li1,250.0100,122.4000,1.599379
g_row\[1\].g_col\[1\].pe/_2699_,VPWR,li1,241.7300,122.4000,1.599381
g_row\[1\].g_col\[1\].pe/_2698_,VPWR,li1,257.8300,122.4000,1.599381
g_row\[1\].g_col\[1\].pe/_2697_,VPWR,li1,231.1500,122.4000,1.599400
g_row\[1\].g_col\[1\].pe/_2696_,VPWR,li1,268.4100,116.9600,1.599623
g_row\[1\].g_col\[1\].pe/_2695_,VPWR,li1,232.0700,116.9600,1.599574
g_row\[1\].g_col\[1\].pe/_2694_,VPWR,li1,269.7900,122.4000,1.599408
g_row\[1\].g_col\[1\].pe/_2693_,VPWR,li1,207.6900,122.4000,1.599475
g_row\[1\].g_col\[1\].pe/_2692_,VPWR,li1,208.1500,111.5200,1.599598
g_row\[1\].g_col\[1\].pe/_2691_,VPWR,li1,218.2700,122.4000,1.599437
g_row\[1\].g_col\[1\].pe/_2690_,VPWR,li1,219.1900,111.5200,1.599563
g_row\[1\].g_col\[1\].pe/_2689_,VPWR,li1,215.7400,68.0000,1.599760
g_row\[1\].g_col\[1\].pe/_2688_,VPWR,li1,313.2600,46.2400,1.599878
g_row\[1\].g_col\[1\].pe/_2687_,VPWR,li1,215.2800,46.2400,1.599766
g_row\[1\].g_col\[1\].pe/_2686_,VPWR,li1,220.1100,57.1200,1.599759
g_row\[1\].g_col\[1\].pe/_2685_,VPWR,li1,209.7600,46.2400,1.599770
g_row\[1\].g_col\[1\].pe/_2684_,VPWR,li1,220.5700,51.6800,1.599727
g_row\[1\].g_col\[1\].pe/_2683_,VPWR,li1,203.7800,62.5600,1.599699
g_row\[1\].g_col\[1\].pe/_2682_,VPWR,li1,206.3100,57.1200,1.599781
g_row\[1\].g_col\[1\].pe/_2681_,VPWR,li1,203.3200,62.5600,1.599699
g_row\[1\].g_col\[1\].pe/_2680_,VPWR,li1,213.2100,62.5600,1.599689
g_row\[1\].g_col\[1\].pe/_2679_,VPWR,li1,218.9600,62.5600,1.599692
g_row\[1\].g_col\[1\].pe/_2678_,VPWR,li1,217.3500,51.6800,1.599729
g_row\[1\].g_col\[1\].pe/_2677_,VPWR,li1,201.0200,57.1200,1.599790
g_row\[1\].g_col\[1\].pe/_2676_,VPWR,li1,199.4100,51.6800,1.599756
g_row\[1\].g_col\[1\].pe/_2675_,VPWR,li1,196.4200,46.2400,1.599780
g_row\[1\].g_col\[1\].pe/_2674_,VPWR,li1,196.1900,35.3600,1.599796
g_row\[1\].g_col\[1\].pe/_2673_,VPWR,li1,197.1100,57.1200,1.599799
g_row\[1\].g_col\[1\].pe/_2672_,VPWR,li1,195.7300,40.8000,1.599807
g_row\[1\].g_col\[1\].pe/_2671_,VPWR,li1,192.5100,35.3600,1.599805
g_row\[1\].g_col\[1\].pe/_2670_,VPWR,li1,221.2600,19.0400,1.599711
g_row\[1\].g_col\[1\].pe/_2669_,VPWR,li1,221.9500,19.0400,1.599711
g_row\[1\].g_col\[1\].pe/_2668_,VPWR,li1,222.6400,13.6000,1.599773
g_row\[1\].g_col\[1\].pe/_2667_,VPWR,li1,224.2500,19.0400,1.599713
g_row\[1\].g_col\[1\].pe/_2666_,VPWR,li1,209.7600,19.0400,1.599716
g_row\[1\].g_col\[1\].pe/_2665_,VPWR,li1,223.3300,24.4800,1.599728
g_row\[1\].g_col\[1\].pe/_2664_,VPWR,li1,201.4800,13.6000,1.599786
g_row\[1\].g_col\[1\].pe/_2663_,VPWR,li1,209.5300,13.6000,1.599779
g_row\[1\].g_col\[1\].pe/_2662_,VPWR,li1,208.8400,13.6000,1.599779
g_row\[1\].g_col\[1\].pe/_2661_,VPWR,li1,204.9300,24.4800,1.599733
g_row\[1\].g_col\[1\].pe/_2660_,VPWR,li1,205.1600,13.6000,1.599783
g_row\[1\].g_col\[1\].pe/_2659_,VPWR,li1,226.0900,13.6000,1.599773
g_row\[1\].g_col\[1\].pe/_2658_,VPWR,li1,204.2400,19.0400,1.599723
g_row\[1\].g_col\[1\].pe/_2657_,VPWR,li1,207.2300,24.4800,1.599729
g_row\[1\].g_col\[1\].pe/_2656_,VPWR,li1,204.7000,57.1200,1.599781
g_row\[1\].g_col\[1\].pe/_2655_,VPWR,li1,207.6900,57.1200,1.599775
g_row\[1\].g_col\[1\].pe/_2654_,VPWR,li1,203.3200,29.9200,1.599833
g_row\[1\].g_col\[1\].pe/_2653_,VPWR,li1,200.3300,29.9200,1.599837
g_row\[1\].g_col\[1\].pe/_2652_,VPWR,li1,205.1600,35.3600,1.599788
g_row\[1\].g_col\[1\].pe/_2651_,VPWR,li1,202.6300,40.8000,1.599783
g_row\[1\].g_col\[1\].pe/_2650_,VPWR,li1,202.8600,35.3600,1.599789
g_row\[1\].g_col\[1\].pe/_2649_,VPWR,li1,205.8500,35.3600,1.599788
g_row\[1\].g_col\[1\].pe/_2648_,VPWR,li1,196.4200,51.6800,1.599759
g_row\[1\].g_col\[1\].pe/_2647_,VPWR,li1,193.4300,51.6800,1.599765
g_row\[1\].g_col\[1\].pe/_2646_,VPWR,li1,206.0800,29.9200,1.599831
g_row\[1\].g_col\[1\].pe/_2645_,VPWR,li1,204.0100,24.4800,1.599733
g_row\[1\].g_col\[1\].pe/_2644_,VPWR,li1,194.5800,57.1200,1.599806
g_row\[1\].g_col\[1\].pe/_2643_,VPWR,li1,191.5900,57.1200,1.599814
g_row\[1\].g_col\[1\].pe/_2642_,VPWR,li1,196.8800,62.5600,1.599710
g_row\[1\].g_col\[1\].pe/_2641_,VPWR,li1,193.8900,62.5600,1.599716
g_row\[1\].g_col\[1\].pe/_2640_,VPWR,li1,278.3000,122.4000,1.599433
g_row\[1\].g_col\[1\].pe/_2639_,VPWR,li1,279.9100,127.8400,1.599759
g_row\[1\].g_col\[1\].pe/_2638_,VPWR,li1,278.3000,144.1600,1.599788
g_row\[1\].g_col\[1\].pe/_2637_,VPWR,li1,282.2100,144.1600,1.599787
g_row\[1\].g_col\[1\].pe/_2636_,VPWR,li1,278.5300,149.6000,1.599839
g_row\[1\].g_col\[1\].pe/_2635_,VPWR,li1,239.4300,155.0400,1.599806
g_row\[1\].g_col\[1\].pe/_2634_,VPWR,li1,239.4300,160.4800,1.599842
g_row\[1\].g_col\[1\].pe/_2633_,VPWR,li1,208.3800,127.8400,1.599767
g_row\[1\].g_col\[1\].pe/_2632_,VPWR,li1,209.5300,111.5200,1.599598
g_row\[1\].g_col\[1\].pe/_2631_,VPWR,li1,222.6400,122.4000,1.599424
g_row\[1\].g_col\[1\].pe/_2630_,VPWR,li1,223.3300,122.4000,1.599424
g_row\[1\].g_col\[1\].pe/_2628_,VPWR,li1,224.9400,111.5200,1.599553
g_row\[1\].g_col\[1\].pe/_2627_,VPWR,li1,223.3300,116.9600,1.599576
g_row\[1\].g_col\[1\].pe/_2626_,VPWR,li1,256.2200,116.9600,1.599593
g_row\[1\].g_col\[1\].pe/_2625_,VPWR,li1,251.8500,127.8400,1.599751
g_row\[1\].g_col\[1\].pe/_2624_,VPWR,li1,247.9400,127.8400,1.599751
g_row\[1\].g_col\[1\].pe/_2623_,VPWR,li1,244.9500,127.8400,1.599751
g_row\[1\].g_col\[1\].pe/_2622_,VPWR,li1,235.5200,122.4000,1.599391
g_row\[1\].g_col\[1\].pe/_2621_,VPWR,li1,242.6500,127.8400,1.599752
g_row\[1\].g_col\[1\].pe/_2619_,VPWR,li1,252.5400,122.4000,1.599380
g_row\[1\].g_col\[1\].pe/_2618_,VPWR,li1,244.4900,127.8400,1.599751
g_row\[1\].g_col\[1\].pe/_2617_,VPWR,li1,239.6600,127.8400,1.599753
g_row\[1\].g_col\[1\].pe/_2616_,VPWR,li1,243.1100,116.9600,1.599577
g_row\[1\].g_col\[1\].pe/_2615_,VPWR,li1,261.2800,116.9600,1.599606
g_row\[1\].g_col\[1\].pe/_2614_,VPWR,li1,264.7300,111.5200,1.599509
g_row\[1\].g_col\[1\].pe/_2613_,VPWR,li1,240.1200,116.9600,1.599576
g_row\[1\].g_col\[1\].pe/_2612_,VPWR,li1,239.8900,111.5200,1.599516
g_row\[1\].g_col\[1\].pe/_2611_,VPWR,li1,265.4200,122.4000,1.599397
g_row\[1\].g_col\[1\].pe/_2610_,VPWR,li1,259.2100,127.8400,1.599750
g_row\[1\].g_col\[1\].pe/_2608_,VPWR,li1,201.9400,122.4000,1.599504
g_row\[1\].g_col\[1\].pe/_2607_,VPWR,li1,204.4700,127.8400,1.599769
g_row\[1\].g_col\[1\].pe/_2606_,VPWR,li1,202.4000,111.5200,1.599623
g_row\[1\].g_col\[1\].pe/_2605_,VPWR,li1,213.2100,111.5200,1.599582
g_row\[1\].g_col\[1\].pe/_2604_,VPWR,li1,216.2000,122.4000,1.599444
g_row\[1\].g_col\[1\].pe/_2603_,VPWR,li1,213.2100,122.4000,1.599458
g_row\[1\].g_col\[1\].pe/_2600_,VPWR,li1,210.6800,116.9600,1.599594
g_row\[1\].g_col\[1\].pe/_2599_,VPWR,li1,214.1300,106.0800,1.599803
g_row\[1\].g_col\[1\].pe/_2595_,VPWR,li1,313.2600,127.8400,1.599805
g_row\[1\].g_col\[1\].pe/_2594_,VPWR,li1,317.1700,116.9600,1.599785
g_row\[1\].g_col\[1\].pe/_2592_,VPWR,li1,342.2400,138.7200,1.599745
g_row\[1\].g_col\[1\].pe/_2591_,VPWR,li1,338.5600,133.2800,1.599720
g_row\[1\].g_col\[1\].pe/_2590_,VPWR,li1,335.1100,127.8400,1.599813
g_row\[1\].g_col\[1\].pe/_2588_,VPWR,li1,355.5800,138.7200,1.599712
g_row\[1\].g_col\[1\].pe/_2587_,VPWR,li1,359.2600,133.2800,1.599627
g_row\[1\].g_col\[1\].pe/_2586_,VPWR,li1,358.3400,133.2800,1.599627
g_row\[1\].g_col\[1\].pe/_2585_,VPWR,li1,359.2600,127.8400,1.599753
g_row\[1\].g_col\[1\].pe/_2584_,VPWR,li1,358.1100,122.4000,1.599654
g_row\[1\].g_col\[1\].pe/_2582_,VPWR,li1,364.7800,144.1600,1.599615
g_row\[1\].g_col\[1\].pe/_2581_,VPWR,li1,366.6200,138.7200,1.599701
g_row\[1\].g_col\[1\].pe/_2580_,VPWR,li1,364.5500,133.2800,1.599618
g_row\[1\].g_col\[1\].pe/_2579_,VPWR,li1,368.4600,127.8400,1.599744
g_row\[1\].g_col\[1\].pe/_2577_,VPWR,li1,372.1400,133.2800,1.599614
g_row\[1\].g_col\[1\].pe/_2576_,VPWR,li1,371.2200,138.7200,1.599698
g_row\[1\].g_col\[1\].pe/_2575_,VPWR,li1,369.1500,133.2800,1.599615
g_row\[1\].g_col\[1\].pe/_2573_,VPWR,li1,369.3800,133.2800,1.599615
g_row\[1\].g_col\[1\].pe/_2572_,VPWR,li1,372.1400,133.2800,1.599614
g_row\[1\].g_col\[1\].pe/_2571_,VPWR,li1,369.1500,122.4000,1.599632
g_row\[1\].g_col\[1\].pe/_2569_,VPWR,li1,370.7600,116.9600,1.599734
g_row\[1\].g_col\[1\].pe/_2568_,VPWR,li1,369.3800,116.9600,1.599738
g_row\[1\].g_col\[1\].pe/_2567_,VPWR,li1,368.2300,116.9600,1.599738
g_row\[1\].g_col\[1\].pe/_2565_,VPWR,li1,376.7400,111.5200,1.599438
g_row\[1\].g_col\[1\].pe/_2564_,VPWR,li1,372.1400,111.5200,1.599454
g_row\[1\].g_col\[1\].pe/_2563_,VPWR,li1,368.2300,111.5200,1.599463
g_row\[1\].g_col\[1\].pe/_2561_,VPWR,li1,376.0500,106.0800,1.599743
g_row\[1\].g_col\[1\].pe/_2560_,VPWR,li1,374.4400,106.0800,1.599745
g_row\[1\].g_col\[1\].pe/_2559_,VPWR,li1,368.6900,106.0800,1.599750
g_row\[1\].g_col\[1\].pe/_2558_,VPWR,li1,369.6100,100.6400,1.599563
g_row\[1\].g_col\[1\].pe/_2557_,VPWR,li1,370.5300,100.6400,1.599557
g_row\[1\].g_col\[1\].pe/_2555_,VPWR,li1,373.9800,111.5200,1.599445
g_row\[1\].g_col\[1\].pe/_2554_,VPWR,li1,370.7600,106.0800,1.599748
g_row\[1\].g_col\[1\].pe/_2553_,VPWR,li1,365.0100,106.0800,1.599756
g_row\[1\].g_col\[1\].pe/_2552_,VPWR,li1,366.8500,100.6400,1.599571
g_row\[1\].g_col\[1\].pe/_2551_,VPWR,li1,364.3200,100.6400,1.599579
g_row\[1\].g_col\[1\].pe/_2549_,VPWR,li1,361.5600,106.0800,1.599764
g_row\[1\].g_col\[1\].pe/_2548_,VPWR,li1,358.3400,106.0800,1.599770
g_row\[1\].g_col\[1\].pe/_2547_,VPWR,li1,355.3500,106.0800,1.599774
g_row\[1\].g_col\[1\].pe/_2546_,VPWR,li1,353.0500,100.6400,1.599634
g_row\[1\].g_col\[1\].pe/_2545_,VPWR,li1,352.1300,100.6400,1.599634
g_row\[1\].g_col\[1\].pe/_2544_,VPWR,li1,348.4500,100.6400,1.599661
g_row\[1\].g_col\[1\].pe/_2542_,VPWR,li1,316.0200,106.0800,1.599822
g_row\[1\].g_col\[1\].pe/_2541_,VPWR,li1,325.2200,111.5200,1.599669
g_row\[1\].g_col\[1\].pe/_2540_,VPWR,li1,329.5900,106.0800,1.599848
g_row\[1\].g_col\[1\].pe/_2539_,VPWR,li1,333.7300,100.6400,1.599751
g_row\[1\].g_col\[1\].pe/_2538_,VPWR,li1,335.8000,106.0800,1.599823
g_row\[1\].g_col\[1\].pe/_2536_,VPWR,li1,351.9000,106.0800,1.599782
g_row\[1\].g_col\[1\].pe/_2535_,VPWR,li1,348.6800,106.0800,1.599789
g_row\[1\].g_col\[1\].pe/_2534_,VPWR,li1,342.2400,111.5200,1.599584
g_row\[1\].g_col\[1\].pe/_2533_,VPWR,li1,342.2400,106.0800,1.599806
g_row\[1\].g_col\[1\].pe/_2532_,VPWR,li1,333.7300,106.0800,1.599831
g_row\[1\].g_col\[1\].pe/_2531_,VPWR,li1,339.2500,111.5200,1.599605
g_row\[1\].g_col\[1\].pe/_2529_,VPWR,li1,355.1200,116.9600,1.599769
g_row\[1\].g_col\[1\].pe/_2528_,VPWR,li1,349.6000,116.9600,1.599779
g_row\[1\].g_col\[1\].pe/_2527_,VPWR,li1,334.6500,111.5200,1.599641
g_row\[1\].g_col\[1\].pe/_2526_,VPWR,li1,337.4100,111.5200,1.599619
g_row\[1\].g_col\[1\].pe/_2525_,VPWR,li1,331.8900,111.5200,1.599666
g_row\[1\].g_col\[1\].pe/_2522_,VPWR,li1,331.6600,122.4000,1.599726
g_row\[1\].g_col\[1\].pe/_2521_,VPWR,li1,329.8200,122.4000,1.599736
g_row\[1\].g_col\[1\].pe/_2520_,VPWR,li1,324.5300,116.9600,1.599815
g_row\[1\].g_col\[1\].pe/_2519_,VPWR,li1,328.6700,116.9600,1.599832
g_row\[1\].g_col\[1\].pe/_2517_,VPWR,li1,323.8400,122.4000,1.599695
g_row\[1\].g_col\[1\].pe/_2516_,VPWR,li1,334.6500,122.4000,1.599716
g_row\[1\].g_col\[1\].pe/_2514_,VPWR,li1,310.2700,116.9600,1.599753
g_row\[1\].g_col\[1\].pe/_2513_,VPWR,li1,313.0300,116.9600,1.599768
g_row\[1\].g_col\[1\].pe/_2512_,VPWR,li1,321.3100,116.9600,1.599802
g_row\[1\].g_col\[1\].pe/_2510_,VPWR,li1,332.3500,127.8400,1.599825
g_row\[1\].g_col\[1\].pe/_2509_,VPWR,li1,336.0300,127.8400,1.599813
g_row\[1\].g_col\[1\].pe/_2508_,VPWR,li1,333.7300,133.2800,1.599751
g_row\[1\].g_col\[1\].pe/_2507_,VPWR,li1,368.2300,127.8400,1.599744
g_row\[1\].g_col\[1\].pe/_2506_,VPWR,li1,368.2300,122.4000,1.599632
g_row\[1\].g_col\[1\].pe/_2505_,VPWR,li1,387.0900,100.6400,1.599527
g_row\[1\].g_col\[1\].pe/_2504_,VPWR,li1,382.9500,106.0800,1.599737
g_row\[1\].g_col\[1\].pe/_2503_,VPWR,li1,355.5800,127.8400,1.599757
g_row\[1\].g_col\[1\].pe/_2502_,VPWR,li1,356.9600,100.6400,1.599610
g_row\[1\].g_col\[1\].pe/_2501_,VPWR,li1,336.7200,106.0800,1.599823
g_row\[1\].g_col\[1\].pe/_2500_,VPWR,li1,339.2500,106.0800,1.599813
g_row\[1\].g_col\[1\].pe/_2499_,VPWR,li1,319.4700,111.5200,1.599638
g_row\[1\].g_col\[1\].pe/_2498_,VPWR,li1,325.4500,122.4000,1.599695
g_row\[1\].g_col\[1\].pe/_2497_,VPWR,li1,359.9500,100.6400,1.599597
g_row\[1\].g_col\[1\].pe/_2496_,VPWR,li1,384.3300,100.6400,1.599529
g_row\[1\].g_col\[1\].pe/_2495_,VPWR,li1,383.4100,100.6400,1.599529
g_row\[1\].g_col\[1\].pe/_2494_,VPWR,li1,355.3500,133.2800,1.599633
g_row\[1\].g_col\[1\].pe/_2493_,VPWR,li1,345.9200,122.4000,1.599685
g_row\[1\].g_col\[1\].pe/_2492_,VPWR,li1,389.1600,116.9600,1.599710
g_row\[1\].g_col\[1\].pe/_2491_,VPWR,li1,382.7200,116.9600,1.599716
g_row\[1\].g_col\[1\].pe/_2490_,VPWR,li1,388.0100,122.4000,1.599617
g_row\[1\].g_col\[1\].pe/_2489_,VPWR,li1,385.9400,116.9600,1.599712
g_row\[1\].g_col\[1\].pe/_2488_,VPWR,li1,371.6800,122.4000,1.599627
g_row\[1\].g_col\[1\].pe/_2487_,VPWR,li1,378.1200,122.4000,1.599621
g_row\[1\].g_col\[1\].pe/_2486_,VPWR,li1,341.5500,127.8400,1.599793
g_row\[1\].g_col\[1\].pe/_2485_,VPWR,li1,350.0600,122.4000,1.599674
g_row\[1\].g_col\[1\].pe/_2484_,VPWR,li1,365.4700,122.4000,1.599641
g_row\[1\].g_col\[1\].pe/_2483_,VPWR,li1,338.3300,127.8400,1.599800
g_row\[1\].g_col\[1\].pe/_2482_,VPWR,li1,344.3100,127.8400,1.599779
g_row\[1\].g_col\[1\].pe/_2481_,VPWR,li1,352.5900,127.8400,1.599761
g_row\[1\].g_col\[1\].pe/_2480_,VPWR,li1,362.2500,127.8400,1.599750
g_row\[1\].g_col\[1\].pe/_2479_,VPWR,li1,365.4700,127.8400,1.599748
g_row\[1\].g_col\[1\].pe/_2478_,VPWR,li1,363.1700,133.2800,1.599621
g_row\[1\].g_col\[1\].pe/_2477_,VPWR,li1,375.1300,127.8400,1.599741
g_row\[1\].g_col\[1\].pe/_2476_,VPWR,li1,373.7500,127.8400,1.599741
g_row\[1\].g_col\[1\].pe/_2475_,VPWR,li1,385.7100,116.9600,1.599712
g_row\[1\].g_col\[1\].pe/_2474_,VPWR,li1,376.0500,122.4000,1.599623
g_row\[1\].g_col\[1\].pe/_2473_,VPWR,li1,389.3900,111.5200,1.599426
g_row\[1\].g_col\[1\].pe/_2472_,VPWR,li1,387.5500,111.5200,1.599426
g_row\[1\].g_col\[1\].pe/_2471_,VPWR,li1,390.0800,100.6400,1.599525
g_row\[1\].g_col\[1\].pe/_2470_,VPWR,li1,374.2100,100.6400,1.599549
g_row\[1\].g_col\[1\].pe/_2469_,VPWR,li1,385.7100,100.6400,1.599527
g_row\[1\].g_col\[1\].pe/_2468_,VPWR,li1,344.3100,100.6400,1.599678
g_row\[1\].g_col\[1\].pe/_2467_,VPWR,li1,355.3500,100.6400,1.599621
g_row\[1\].g_col\[1\].pe/_2466_,VPWR,li1,344.3100,106.0800,1.599800
g_row\[1\].g_col\[1\].pe/_2465_,VPWR,li1,335.8000,111.5200,1.599641
g_row\[1\].g_col\[1\].pe/_2464_,VPWR,li1,355.1200,111.5200,1.599501
g_row\[1\].g_col\[1\].pe/_2463_,VPWR,li1,330.0500,116.9600,1.599832
g_row\[1\].g_col\[1\].pe/_2462_,VPWR,li1,332.8100,116.9600,1.599821
g_row\[1\].g_col\[1\].pe/_2461_,VPWR,li1,333.2700,116.9600,1.599821
g_row\[1\].g_col\[1\].pe/_2460_,VPWR,li1,326.8300,106.0800,1.599841
g_row\[1\].g_col\[1\].pe/_2459_,VPWR,li1,322.2300,111.5200,1.599655
g_row\[1\].g_col\[1\].pe/_2458_,VPWR,li1,342.0100,111.5200,1.599584
g_row\[1\].g_col\[1\].pe/_2457_,VPWR,li1,348.4500,111.5200,1.599538
g_row\[1\].g_col\[1\].pe/_2456_,VPWR,li1,345.2300,111.5200,1.599568
g_row\[1\].g_col\[1\].pe/_2455_,VPWR,li1,336.9500,95.2000,1.599714
g_row\[1\].g_col\[1\].pe/_2454_,VPWR,li1,345.6900,106.0800,1.599800
g_row\[1\].g_col\[1\].pe/_2453_,VPWR,li1,345.6900,95.2000,1.599647
g_row\[1\].g_col\[1\].pe/_2452_,VPWR,li1,343.8500,100.6400,1.599678
g_row\[1\].g_col\[1\].pe/_2451_,VPWR,li1,341.0900,95.2000,1.599680
g_row\[1\].g_col\[1\].pe/_2450_,VPWR,li1,340.6300,100.6400,1.599700
g_row\[1\].g_col\[1\].pe/_2449_,VPWR,li1,332.3500,95.2000,1.599751
g_row\[1\].g_col\[1\].pe/_2448_,VPWR,li1,344.7700,95.2000,1.599647
g_row\[1\].g_col\[1\].pe/_2447_,VPWR,li1,362.7100,100.6400,1.599589
g_row\[1\].g_col\[1\].pe/_2446_,VPWR,li1,358.5700,100.6400,1.599610
g_row\[1\].g_col\[1\].pe/_2445_,VPWR,li1,350.2900,95.2000,1.599607
g_row\[1\].g_col\[1\].pe/_2444_,VPWR,li1,377.4300,100.6400,1.599540
g_row\[1\].g_col\[1\].pe/_2443_,VPWR,li1,372.8300,95.2000,1.599491
g_row\[1\].g_col\[1\].pe/_2442_,VPWR,li1,381.1100,100.6400,1.599533
g_row\[1\].g_col\[1\].pe/_2441_,VPWR,li1,375.5900,89.7600,1.599553
g_row\[1\].g_col\[1\].pe/_2440_,VPWR,li1,388.9300,100.6400,1.599525
g_row\[1\].g_col\[1\].pe/_2439_,VPWR,li1,386.6300,95.2000,1.599463
g_row\[1\].g_col\[1\].pe/_2438_,VPWR,li1,387.5500,106.0800,1.599735
g_row\[1\].g_col\[1\].pe/_2437_,VPWR,li1,388.0100,106.0800,1.599735
g_row\[1\].g_col\[1\].pe/_2436_,VPWR,li1,388.0100,95.2000,1.599463
g_row\[1\].g_col\[1\].pe/_2435_,VPWR,li1,389.3900,116.9600,1.599710
g_row\[1\].g_col\[1\].pe/_2434_,VPWR,li1,385.7100,89.7600,1.599535
g_row\[1\].g_col\[1\].pe/_2433_,VPWR,li1,375.1300,122.4000,1.599623
g_row\[1\].g_col\[1\].pe/_2432_,VPWR,li1,375.5900,95.2000,1.599481
g_row\[1\].g_col\[1\].pe/_2431_,VPWR,li1,371.9100,127.8400,1.599743
g_row\[1\].g_col\[1\].pe/_2430_,VPWR,li1,369.6100,95.2000,1.599503
g_row\[1\].g_col\[1\].pe/_2429_,VPWR,li1,363.1700,95.2000,1.599541
g_row\[1\].g_col\[1\].pe/_2428_,VPWR,li1,355.3500,127.8400,1.599757
g_row\[1\].g_col\[1\].pe/_2427_,VPWR,li1,351.6700,133.2800,1.599642
g_row\[1\].g_col\[1\].pe/_2426_,VPWR,li1,355.8100,95.2000,1.599575
g_row\[1\].g_col\[1\].pe/_2425_,VPWR,li1,339.2500,127.8400,1.599800
g_row\[1\].g_col\[1\].pe/_2424_,VPWR,li1,339.0200,133.2800,1.599720
g_row\[1\].g_col\[1\].pe/_2423_,VPWR,li1,342.0100,127.8400,1.599787
g_row\[1\].g_col\[1\].pe/_2422_,VPWR,li1,348.4500,127.8400,1.599766
g_row\[1\].g_col\[1\].pe/_2421_,VPWR,li1,355.3500,95.2000,1.599575
g_row\[1\].g_col\[1\].pe/_2420_,VPWR,li1,361.3300,89.7600,1.599587
g_row\[1\].g_col\[1\].pe/_2419_,VPWR,li1,364.5500,89.7600,1.599580
g_row\[1\].g_col\[1\].pe/_2418_,VPWR,li1,370.9900,89.7600,1.599561
g_row\[1\].g_col\[1\].pe/_2417_,VPWR,li1,381.1100,89.7600,1.599540
g_row\[1\].g_col\[1\].pe/_2416_,VPWR,li1,390.3100,89.7600,1.599532
g_row\[1\].g_col\[1\].pe/_2415_,VPWR,li1,382.0300,95.2000,1.599467
g_row\[1\].g_col\[1\].pe/_2414_,VPWR,li1,381.1100,89.7600,1.599540
g_row\[1\].g_col\[1\].pe/_2413_,VPWR,li1,350.2900,95.2000,1.599607
g_row\[1\].g_col\[1\].pe/_2412_,VPWR,li1,335.8000,95.2000,1.599714
g_row\[1\].g_col\[1\].pe/_2411_,VPWR,li1,325.2200,100.6400,1.599786
g_row\[1\].g_col\[1\].pe/_2410_,VPWR,li1,319.2400,116.9600,1.599793
g_row\[1\].g_col\[1\].pe/_2409_,VPWR,li1,321.7700,116.9600,1.599802
g_row\[1\].g_col\[1\].pe/_2408_,VPWR,li1,317.6300,111.5200,1.599630
g_row\[1\].g_col\[1\].pe/_2406_,VPWR,li1,305.2100,122.4000,1.599571
g_row\[1\].g_col\[1\].pe/_2405_,VPWR,li1,300.6100,122.4000,1.599546
g_row\[1\].g_col\[1\].pe/_2404_,VPWR,li1,304.0600,116.9600,1.599731
g_row\[1\].g_col\[1\].pe/_2403_,VPWR,li1,308.4300,116.9600,1.599745
g_row\[1\].g_col\[1\].pe/_2402_,VPWR,li1,309.3500,106.0800,1.599813
g_row\[1\].g_col\[1\].pe/_2401_,VPWR,li1,308.8900,111.5200,1.599608
g_row\[1\].g_col\[1\].pe/_2399_,VPWR,li1,308.8900,106.0800,1.599813
g_row\[1\].g_col\[1\].pe/_2398_,VPWR,li1,305.4400,111.5200,1.599598
g_row\[1\].g_col\[1\].pe/_2397_,VPWR,li1,307.0500,106.0800,1.599811
g_row\[1\].g_col\[1\].pe/_2396_,VPWR,li1,357.4200,78.8800,1.599808
g_row\[1\].g_col\[1\].pe/_2395_,VPWR,li1,359.7200,73.4400,1.599794
g_row\[1\].g_col\[1\].pe/_2394_,VPWR,li1,360.4100,73.4400,1.599794
g_row\[1\].g_col\[1\].pe/_2393_,VPWR,li1,364.5500,73.4400,1.599788
g_row\[1\].g_col\[1\].pe/_2392_,VPWR,li1,358.1100,62.5600,1.599761
g_row\[1\].g_col\[1\].pe/_2391_,VPWR,li1,350.7500,57.1200,1.599805
g_row\[1\].g_col\[1\].pe/_2390_,VPWR,li1,327.2900,51.6800,1.599891
g_row\[1\].g_col\[1\].pe/_2389_,VPWR,li1,329.5900,51.6800,1.599892
g_row\[1\].g_col\[1\].pe/_2388_,VPWR,li1,324.0700,51.6800,1.599886
g_row\[1\].g_col\[1\].pe/_2387_,VPWR,li1,354.8900,57.1200,1.599792
g_row\[1\].g_col\[1\].pe/_2386_,VPWR,li1,349.8300,57.1200,1.599805
g_row\[1\].g_col\[1\].pe/_2385_,VPWR,li1,362.2500,62.5600,1.599749
g_row\[1\].g_col\[1\].pe/_2384_,VPWR,li1,356.7300,62.5600,1.599761
g_row\[1\].g_col\[1\].pe/_2383_,VPWR,li1,365.9300,73.4400,1.599785
g_row\[1\].g_col\[1\].pe/_2381_,VPWR,li1,350.7500,89.7600,1.599636
g_row\[1\].g_col\[1\].pe/_2380_,VPWR,li1,356.7300,73.4400,1.599801
g_row\[1\].g_col\[1\].pe/_2379_,VPWR,li1,363.6300,73.4400,1.599788
g_row\[1\].g_col\[1\].pe/_2378_,VPWR,li1,363.1700,68.0000,1.599715
g_row\[1\].g_col\[1\].pe/_2377_,VPWR,li1,365.9300,68.0000,1.599711
g_row\[1\].g_col\[1\].pe/_2376_,VPWR,li1,359.7200,68.0000,1.599722
g_row\[1\].g_col\[1\].pe/_2375_,VPWR,li1,361.3300,62.5600,1.599749
g_row\[1\].g_col\[1\].pe/_2374_,VPWR,li1,359.4900,57.1200,1.599778
g_row\[1\].g_col\[1\].pe/_2373_,VPWR,li1,357.4200,57.1200,1.599787
g_row\[1\].g_col\[1\].pe/_2372_,VPWR,li1,350.2900,62.5600,1.599780
g_row\[1\].g_col\[1\].pe/_2371_,VPWR,li1,342.9300,51.6800,1.599866
g_row\[1\].g_col\[1\].pe/_2370_,VPWR,li1,346.3800,57.1200,1.599815
g_row\[1\].g_col\[1\].pe/_2369_,VPWR,li1,348.9100,51.6800,1.599855
g_row\[1\].g_col\[1\].pe/_2368_,VPWR,li1,348.4500,51.6800,1.599855
g_row\[1\].g_col\[1\].pe/_2367_,VPWR,li1,333.0400,51.6800,1.599887
g_row\[1\].g_col\[1\].pe/_2366_,VPWR,li1,336.4900,51.6800,1.599879
g_row\[1\].g_col\[1\].pe/_2365_,VPWR,li1,335.8000,46.2400,1.599903
g_row\[1\].g_col\[1\].pe/_2364_,VPWR,li1,331.4300,46.2400,1.599910
g_row\[1\].g_col\[1\].pe/_2363_,VPWR,li1,325.6800,40.8000,1.599906
g_row\[1\].g_col\[1\].pe/_2361_,VPWR,li1,354.8900,84.3200,1.599699
g_row\[1\].g_col\[1\].pe/_2360_,VPWR,li1,364.3200,78.8800,1.599797
g_row\[1\].g_col\[1\].pe/_2359_,VPWR,li1,360.8700,68.0000,1.599722
g_row\[1\].g_col\[1\].pe/_2358_,VPWR,li1,365.0100,68.0000,1.599711
g_row\[1\].g_col\[1\].pe/_2357_,VPWR,li1,372.8300,62.5600,1.599723
g_row\[1\].g_col\[1\].pe/_2356_,VPWR,li1,368.6900,62.5600,1.599731
g_row\[1\].g_col\[1\].pe/_2355_,VPWR,li1,367.3100,62.5600,1.599736
g_row\[1\].g_col\[1\].pe/_2354_,VPWR,li1,369.8400,62.5600,1.599731
g_row\[1\].g_col\[1\].pe/_2353_,VPWR,li1,367.7700,57.1200,1.599761
g_row\[1\].g_col\[1\].pe/_2352_,VPWR,li1,370.3000,57.1200,1.599754
g_row\[1\].g_col\[1\].pe/_2351_,VPWR,li1,369.6100,57.1200,1.599754
g_row\[1\].g_col\[1\].pe/_2350_,VPWR,li1,362.2500,57.1200,1.599771
g_row\[1\].g_col\[1\].pe/_2349_,VPWR,li1,359.4900,51.6800,1.599835
g_row\[1\].g_col\[1\].pe/_2348_,VPWR,li1,359.0300,51.6800,1.599835
g_row\[1\].g_col\[1\].pe/_2347_,VPWR,li1,345.2300,57.1200,1.599821
g_row\[1\].g_col\[1\].pe/_2346_,VPWR,li1,342.4700,57.1200,1.599827
g_row\[1\].g_col\[1\].pe/_2345_,VPWR,li1,340.1700,57.1200,1.599834
g_row\[1\].g_col\[1\].pe/_2344_,VPWR,li1,340.1700,51.6800,1.599874
g_row\[1\].g_col\[1\].pe/_2343_,VPWR,li1,336.0300,51.6800,1.599879
g_row\[1\].g_col\[1\].pe/_2342_,VPWR,li1,315.5600,51.6800,1.599864
g_row\[1\].g_col\[1\].pe/_2341_,VPWR,li1,318.5500,51.6800,1.599870
g_row\[1\].g_col\[1\].pe/_2340_,VPWR,li1,331.6600,46.2400,1.599910
g_row\[1\].g_col\[1\].pe/_2339_,VPWR,li1,355.8100,51.6800,1.599841
g_row\[1\].g_col\[1\].pe/_2338_,VPWR,li1,373.7500,57.1200,1.599746
g_row\[1\].g_col\[1\].pe/_2337_,VPWR,li1,368.4600,51.6800,1.599820
g_row\[1\].g_col\[1\].pe/_2336_,VPWR,li1,357.6500,95.2000,1.599562
g_row\[1\].g_col\[1\].pe/_2335_,VPWR,li1,367.3100,84.3200,1.599657
g_row\[1\].g_col\[1\].pe/_2334_,VPWR,li1,368.4600,73.4400,1.599782
g_row\[1\].g_col\[1\].pe/_2333_,VPWR,li1,370.7600,68.0000,1.599703
g_row\[1\].g_col\[1\].pe/_2332_,VPWR,li1,373.0600,68.0000,1.599699
g_row\[1\].g_col\[1\].pe/_2331_,VPWR,li1,374.9000,68.0000,1.599697
g_row\[1\].g_col\[1\].pe/_2330_,VPWR,li1,391.0000,57.1200,1.599727
g_row\[1\].g_col\[1\].pe/_2329_,VPWR,li1,374.6700,62.5600,1.599719
g_row\[1\].g_col\[1\].pe/_2328_,VPWR,li1,376.9700,62.5600,1.599716
g_row\[1\].g_col\[1\].pe/_2327_,VPWR,li1,381.3400,57.1200,1.599736
g_row\[1\].g_col\[1\].pe/_2326_,VPWR,li1,379.2700,51.6800,1.599806
g_row\[1\].g_col\[1\].pe/_2325_,VPWR,li1,376.0500,57.1200,1.599742
g_row\[1\].g_col\[1\].pe/_2324_,VPWR,li1,371.4500,40.8000,1.599871
g_row\[1\].g_col\[1\].pe/_2323_,VPWR,li1,371.4500,51.6800,1.599815
g_row\[1\].g_col\[1\].pe/_2322_,VPWR,li1,366.8500,57.1200,1.599761
g_row\[1\].g_col\[1\].pe/_2321_,VPWR,li1,363.8600,51.6800,1.599828
g_row\[1\].g_col\[1\].pe/_2320_,VPWR,li1,361.3300,51.6800,1.599831
g_row\[1\].g_col\[1\].pe/_2319_,VPWR,li1,360.4100,46.2400,1.599871
g_row\[1\].g_col\[1\].pe/_2318_,VPWR,li1,354.4300,46.2400,1.599880
g_row\[1\].g_col\[1\].pe/_2317_,VPWR,li1,345.6900,51.6800,1.599860
g_row\[1\].g_col\[1\].pe/_2316_,VPWR,li1,346.1500,46.2400,1.599890
g_row\[1\].g_col\[1\].pe/_2315_,VPWR,li1,343.6200,46.2400,1.599893
g_row\[1\].g_col\[1\].pe/_2314_,VPWR,li1,336.9500,46.2400,1.599903
g_row\[1\].g_col\[1\].pe/_2313_,VPWR,li1,331.2000,40.8000,1.599909
g_row\[1\].g_col\[1\].pe/_2312_,VPWR,li1,341.7800,46.2400,1.599897
g_row\[1\].g_col\[1\].pe/_2311_,VPWR,li1,356.7300,40.8000,1.599883
g_row\[1\].g_col\[1\].pe/_2310_,VPWR,li1,370.5300,46.2400,1.599859
g_row\[1\].g_col\[1\].pe/_2309_,VPWR,li1,381.1100,46.2400,1.599850
g_row\[1\].g_col\[1\].pe/_2308_,VPWR,li1,363.6300,89.7600,1.599580
g_row\[1\].g_col\[1\].pe/_2307_,VPWR,li1,368.6900,78.8800,1.599792
g_row\[1\].g_col\[1\].pe/_2306_,VPWR,li1,372.6000,78.8800,1.599787
g_row\[1\].g_col\[1\].pe/_2305_,VPWR,li1,373.2900,73.4400,1.599777
g_row\[1\].g_col\[1\].pe/_2304_,VPWR,li1,378.1200,68.0000,1.599695
g_row\[1\].g_col\[1\].pe/_2303_,VPWR,li1,383.8700,62.5600,1.599708
g_row\[1\].g_col\[1\].pe/_2302_,VPWR,li1,382.9500,62.5600,1.599710
g_row\[1\].g_col\[1\].pe/_2301_,VPWR,li1,373.0600,73.4400,1.599777
g_row\[1\].g_col\[1\].pe/_2300_,VPWR,li1,377.4300,73.4400,1.599775
g_row\[1\].g_col\[1\].pe/_2299_,VPWR,li1,385.7100,68.0000,1.599691
g_row\[1\].g_col\[1\].pe/_2298_,VPWR,li1,386.1700,62.5600,1.599707
g_row\[1\].g_col\[1\].pe/_2297_,VPWR,li1,387.5500,51.6800,1.599797
g_row\[1\].g_col\[1\].pe/_2296_,VPWR,li1,388.9300,51.6800,1.599797
g_row\[1\].g_col\[1\].pe/_2295_,VPWR,li1,388.4700,46.2400,1.599847
g_row\[1\].g_col\[1\].pe/_2294_,VPWR,li1,391.2300,51.6800,1.599796
g_row\[1\].g_col\[1\].pe/_2293_,VPWR,li1,388.2400,46.2400,1.599847
g_row\[1\].g_col\[1\].pe/_2292_,VPWR,li1,384.7900,40.8000,1.599863
g_row\[1\].g_col\[1\].pe/_2291_,VPWR,li1,383.1800,51.6800,1.599801
g_row\[1\].g_col\[1\].pe/_2290_,VPWR,li1,383.8700,46.2400,1.599849
g_row\[1\].g_col\[1\].pe/_2289_,VPWR,li1,377.4300,40.8000,1.599867
g_row\[1\].g_col\[1\].pe/_2288_,VPWR,li1,375.5900,40.8000,1.599868
g_row\[1\].g_col\[1\].pe/_2287_,VPWR,li1,382.0300,46.2400,1.599850
g_row\[1\].g_col\[1\].pe/_2286_,VPWR,li1,376.0500,46.2400,1.599854
g_row\[1\].g_col\[1\].pe/_2285_,VPWR,li1,372.3700,46.2400,1.599857
g_row\[1\].g_col\[1\].pe/_2284_,VPWR,li1,367.7700,46.2400,1.599863
g_row\[1\].g_col\[1\].pe/_2283_,VPWR,li1,366.6200,46.2400,1.599863
g_row\[1\].g_col\[1\].pe/_2282_,VPWR,li1,364.0900,46.2400,1.599866
g_row\[1\].g_col\[1\].pe/_2281_,VPWR,li1,358.5700,46.2400,1.599873
g_row\[1\].g_col\[1\].pe/_2280_,VPWR,li1,352.5900,40.8000,1.599888
g_row\[1\].g_col\[1\].pe/_2279_,VPWR,li1,333.9600,40.8000,1.599906
g_row\[1\].g_col\[1\].pe/_2278_,VPWR,li1,345.4600,46.2400,1.599890
g_row\[1\].g_col\[1\].pe/_2277_,VPWR,li1,369.8400,35.3600,1.599847
g_row\[1\].g_col\[1\].pe/_2276_,VPWR,li1,371.4500,51.6800,1.599815
g_row\[1\].g_col\[1\].pe/_2275_,VPWR,li1,298.0800,46.2400,1.599847
g_row\[1\].g_col\[1\].pe/_2274_,VPWR,li1,278.3000,51.6800,1.599790
g_row\[1\].g_col\[1\].pe/_2273_,VPWR,li1,377.8900,46.2400,1.599852
g_row\[1\].g_col\[1\].pe/_2272_,VPWR,li1,388.9300,40.8000,1.599861
g_row\[1\].g_col\[1\].pe/_2271_,VPWR,li1,384.3300,35.3600,1.599831
g_row\[1\].g_col\[1\].pe/_2270_,VPWR,li1,386.6300,51.6800,1.599799
g_row\[1\].g_col\[1\].pe/_2269_,VPWR,li1,369.1500,84.3200,1.599648
g_row\[1\].g_col\[1\].pe/_2268_,VPWR,li1,380.6500,84.3200,1.599629
g_row\[1\].g_col\[1\].pe/_2267_,VPWR,li1,382.0300,78.8800,1.599781
g_row\[1\].g_col\[1\].pe/_2266_,VPWR,li1,386.1700,73.4400,1.599772
g_row\[1\].g_col\[1\].pe/_2265_,VPWR,li1,383.8700,73.4400,1.599772
g_row\[1\].g_col\[1\].pe/_2264_,VPWR,li1,383.1800,78.8800,1.599781
g_row\[1\].g_col\[1\].pe/_2263_,VPWR,li1,385.7100,57.1200,1.599728
g_row\[1\].g_col\[1\].pe/_2262_,VPWR,li1,382.9500,57.1200,1.599732
g_row\[1\].g_col\[1\].pe/_2261_,VPWR,li1,388.4700,57.1200,1.599728
g_row\[1\].g_col\[1\].pe/_2260_,VPWR,li1,386.6300,57.1200,1.599728
g_row\[1\].g_col\[1\].pe/_2259_,VPWR,li1,382.0300,35.3600,1.599833
g_row\[1\].g_col\[1\].pe/_2258_,VPWR,li1,380.8800,35.3600,1.599833
g_row\[1\].g_col\[1\].pe/_2257_,VPWR,li1,388.4700,35.3600,1.599827
g_row\[1\].g_col\[1\].pe/_2256_,VPWR,li1,360.8700,35.3600,1.599861
g_row\[1\].g_col\[1\].pe/_2255_,VPWR,li1,389.3900,40.8000,1.599861
g_row\[1\].g_col\[1\].pe/_2254_,VPWR,li1,372.3700,35.3600,1.599844
g_row\[1\].g_col\[1\].pe/_2253_,VPWR,li1,368.2300,29.9200,1.599828
g_row\[1\].g_col\[1\].pe/_2252_,VPWR,li1,383.4100,40.8000,1.599863
g_row\[1\].g_col\[1\].pe/_2251_,VPWR,li1,368.0000,40.8000,1.599874
g_row\[1\].g_col\[1\].pe/_2250_,VPWR,li1,363.1700,40.8000,1.599878
g_row\[1\].g_col\[1\].pe/_2249_,VPWR,li1,363.1700,40.8000,1.599878
g_row\[1\].g_col\[1\].pe/_2248_,VPWR,li1,306.5900,46.2400,1.599865
g_row\[1\].g_col\[1\].pe/_2247_,VPWR,li1,300.3800,40.8000,1.599843
g_row\[1\].g_col\[1\].pe/_2246_,VPWR,li1,379.7300,40.8000,1.599865
g_row\[1\].g_col\[1\].pe/_2245_,VPWR,li1,376.5100,35.3600,1.599838
g_row\[1\].g_col\[1\].pe/_2244_,VPWR,li1,370.9900,40.8000,1.599873
g_row\[1\].g_col\[1\].pe/_2243_,VPWR,li1,353.9700,35.3600,1.599873
g_row\[1\].g_col\[1\].pe/_2242_,VPWR,li1,342.2400,40.8000,1.599897
g_row\[1\].g_col\[1\].pe/_2241_,VPWR,li1,345.9200,40.8000,1.599894
g_row\[1\].g_col\[1\].pe/_2240_,VPWR,li1,310.0400,40.8000,1.599866
g_row\[1\].g_col\[1\].pe/_2239_,VPWR,li1,359.0300,40.8000,1.599881
g_row\[1\].g_col\[1\].pe/_2238_,VPWR,li1,387.3200,29.9200,1.599810
g_row\[1\].g_col\[1\].pe/_2237_,VPWR,li1,386.6300,84.3200,1.599624
g_row\[1\].g_col\[1\].pe/_2236_,VPWR,li1,386.1700,78.8800,1.599780
g_row\[1\].g_col\[1\].pe/_2235_,VPWR,li1,389.3900,73.4400,1.599771
g_row\[1\].g_col\[1\].pe/_2234_,VPWR,li1,387.0900,62.5600,1.599707
g_row\[1\].g_col\[1\].pe/_2233_,VPWR,li1,390.0800,62.5600,1.599706
g_row\[1\].g_col\[1\].pe/_2232_,VPWR,li1,388.4700,24.4800,1.599822
g_row\[1\].g_col\[1\].pe/_2231_,VPWR,li1,389.3900,24.4800,1.599822
g_row\[1\].g_col\[1\].pe/_2230_,VPWR,li1,386.6300,35.3600,1.599828
g_row\[1\].g_col\[1\].pe/_2229_,VPWR,li1,387.3200,29.9200,1.599810
g_row\[1\].g_col\[1\].pe/_2228_,VPWR,li1,379.9600,24.4800,1.599824
g_row\[1\].g_col\[1\].pe/_2227_,VPWR,li1,382.9500,24.4800,1.599823
g_row\[1\].g_col\[1\].pe/_2226_,VPWR,li1,382.9500,29.9200,1.599812
g_row\[1\].g_col\[1\].pe/_2225_,VPWR,li1,358.5700,24.4800,1.599852
g_row\[1\].g_col\[1\].pe/_2224_,VPWR,li1,382.9500,29.9200,1.599812
g_row\[1\].g_col\[1\].pe/_2223_,VPWR,li1,370.9900,29.9200,1.599825
g_row\[1\].g_col\[1\].pe/_2222_,VPWR,li1,373.7500,24.4800,1.599830
g_row\[1\].g_col\[1\].pe/_2221_,VPWR,li1,376.9700,29.9200,1.599819
g_row\[1\].g_col\[1\].pe/_2220_,VPWR,li1,367.7700,35.3600,1.599850
g_row\[1\].g_col\[1\].pe/_2219_,VPWR,li1,361.7900,35.3600,1.599861
g_row\[1\].g_col\[1\].pe/_2218_,VPWR,li1,359.0300,40.8000,1.599881
g_row\[1\].g_col\[1\].pe/_2217_,VPWR,li1,353.5100,29.9200,1.599852
g_row\[1\].g_col\[1\].pe/_2216_,VPWR,li1,345.9200,35.3600,1.599885
g_row\[1\].g_col\[1\].pe/_2215_,VPWR,li1,345.4600,40.8000,1.599894
g_row\[1\].g_col\[1\].pe/_2214_,VPWR,li1,309.8100,35.3600,1.599881
g_row\[1\].g_col\[1\].pe/_2213_,VPWR,li1,357.6500,35.3600,1.599866
g_row\[1\].g_col\[1\].pe/_2212_,VPWR,li1,370.9900,29.9200,1.599825
g_row\[1\].g_col\[1\].pe/_2211_,VPWR,li1,367.7700,35.3600,1.599850
g_row\[1\].g_col\[1\].pe/_2210_,VPWR,li1,310.7300,35.3600,1.599881
g_row\[1\].g_col\[1\].pe/_2209_,VPWR,li1,305.2100,40.8000,1.599853
g_row\[1\].g_col\[1\].pe/_2208_,VPWR,li1,299.9200,40.8000,1.599843
g_row\[1\].g_col\[1\].pe/_2207_,VPWR,li1,307.9700,40.8000,1.599858
g_row\[1\].g_col\[1\].pe/_2206_,VPWR,li1,272.7800,40.8000,1.599783
g_row\[1\].g_col\[1\].pe/_2205_,VPWR,li1,273.2400,35.3600,1.599827
g_row\[1\].g_col\[1\].pe/_2204_,VPWR,li1,257.3700,46.2400,1.599778
g_row\[1\].g_col\[1\].pe/_2203_,VPWR,li1,376.0500,24.4800,1.599828
g_row\[1\].g_col\[1\].pe/_2202_,VPWR,li1,385.7100,24.4800,1.599822
g_row\[1\].g_col\[1\].pe/_2201_,VPWR,li1,384.7900,68.0000,1.599692
g_row\[1\].g_col\[1\].pe/_2200_,VPWR,li1,388.9300,68.0000,1.599691
g_row\[1\].g_col\[1\].pe/_2199_,VPWR,li1,388.9300,84.3200,1.599624
g_row\[1\].g_col\[1\].pe/_2198_,VPWR,li1,386.8600,78.8800,1.599780
g_row\[1\].g_col\[1\].pe/_2197_,VPWR,li1,388.0100,68.0000,1.599691
g_row\[1\].g_col\[1\].pe/_2196_,VPWR,li1,387.5500,73.4400,1.599772
g_row\[1\].g_col\[1\].pe/_2195_,VPWR,li1,388.9300,19.0400,1.599746
g_row\[1\].g_col\[1\].pe/_2194_,VPWR,li1,385.2500,24.4800,1.599822
g_row\[1\].g_col\[1\].pe/_2193_,VPWR,li1,382.4900,13.6000,1.599803
g_row\[1\].g_col\[1\].pe/_2192_,VPWR,li1,377.8900,13.6000,1.599807
g_row\[1\].g_col\[1\].pe/_2191_,VPWR,li1,382.4900,19.0400,1.599751
g_row\[1\].g_col\[1\].pe/_2190_,VPWR,li1,380.6500,24.4800,1.599824
g_row\[1\].g_col\[1\].pe/_2189_,VPWR,li1,379.2700,19.0400,1.599755
g_row\[1\].g_col\[1\].pe/_2188_,VPWR,li1,362.2500,24.4800,1.599847
g_row\[1\].g_col\[1\].pe/_2187_,VPWR,li1,364.0900,19.0400,1.599783
g_row\[1\].g_col\[1\].pe/_2186_,VPWR,li1,374.6700,19.0400,1.599762
g_row\[1\].g_col\[1\].pe/_2185_,VPWR,li1,374.6700,19.0400,1.599762
g_row\[1\].g_col\[1\].pe/_2184_,VPWR,li1,371.2200,19.0400,1.599769
g_row\[1\].g_col\[1\].pe/_2183_,VPWR,li1,371.4500,24.4800,1.599832
g_row\[1\].g_col\[1\].pe/_2182_,VPWR,li1,364.0900,24.4800,1.599842
g_row\[1\].g_col\[1\].pe/_2181_,VPWR,li1,359.4900,29.9200,1.599841
g_row\[1\].g_col\[1\].pe/_2180_,VPWR,li1,359.4900,29.9200,1.599841
g_row\[1\].g_col\[1\].pe/_2179_,VPWR,li1,350.2900,35.3600,1.599878
g_row\[1\].g_col\[1\].pe/_2178_,VPWR,li1,342.7000,29.9200,1.599870
g_row\[1\].g_col\[1\].pe/_2177_,VPWR,li1,335.8000,29.9200,1.599888
g_row\[1\].g_col\[1\].pe/_2176_,VPWR,li1,299.6900,29.9200,1.599864
g_row\[1\].g_col\[1\].pe/_2175_,VPWR,li1,295.5500,29.9200,1.599859
g_row\[1\].g_col\[1\].pe/_2174_,VPWR,li1,365.0100,24.4800,1.599842
g_row\[1\].g_col\[1\].pe/_2173_,VPWR,li1,369.6100,24.4800,1.599834
g_row\[1\].g_col\[1\].pe/_2172_,VPWR,li1,310.2700,29.9200,1.599874
g_row\[1\].g_col\[1\].pe/_2171_,VPWR,li1,305.2100,35.3600,1.599873
g_row\[1\].g_col\[1\].pe/_2170_,VPWR,li1,296.7000,29.9200,1.599862
g_row\[1\].g_col\[1\].pe/_2169_,VPWR,li1,305.6700,29.9200,1.599870
g_row\[1\].g_col\[1\].pe/_2168_,VPWR,li1,273.4700,35.3600,1.599827
g_row\[1\].g_col\[1\].pe/_2167_,VPWR,li1,276.4600,29.9200,1.599844
g_row\[1\].g_col\[1\].pe/_2166_,VPWR,li1,269.7900,29.9200,1.599840
g_row\[1\].g_col\[1\].pe/_2165_,VPWR,li1,273.2400,29.9200,1.599842
g_row\[1\].g_col\[1\].pe/_2164_,VPWR,li1,259.2100,29.9200,1.599834
g_row\[1\].g_col\[1\].pe/_2163_,VPWR,li1,270.7100,35.3600,1.599822
g_row\[1\].g_col\[1\].pe/_2162_,VPWR,li1,382.0300,19.0400,1.599751
g_row\[1\].g_col\[1\].pe/_2161_,VPWR,li1,390.7700,19.0400,1.599746
g_row\[1\].g_col\[1\].pe/_2160_,VPWR,li1,384.3300,95.2000,1.599465
g_row\[1\].g_col\[1\].pe/_2159_,VPWR,li1,375.5900,84.3200,1.599634
g_row\[1\].g_col\[1\].pe/_2158_,VPWR,li1,376.7400,78.8800,1.599784
g_row\[1\].g_col\[1\].pe/_2157_,VPWR,li1,381.1100,73.4400,1.599773
g_row\[1\].g_col\[1\].pe/_2156_,VPWR,li1,384.3300,73.4400,1.599772
g_row\[1\].g_col\[1\].pe/_2155_,VPWR,li1,381.3400,73.4400,1.599773
g_row\[1\].g_col\[1\].pe/_2154_,VPWR,li1,349.1400,68.0000,1.599759
g_row\[1\].g_col\[1\].pe/_2153_,VPWR,li1,351.9000,68.0000,1.599745
g_row\[1\].g_col\[1\].pe/_2152_,VPWR,li1,368.2300,73.4400,1.599782
g_row\[1\].g_col\[1\].pe/_2151_,VPWR,li1,350.7500,73.4400,1.599810
g_row\[1\].g_col\[1\].pe/_2150_,VPWR,li1,348.6800,73.4400,1.599815
g_row\[1\].g_col\[1\].pe/_2149_,VPWR,li1,388.4700,13.6000,1.599801
g_row\[1\].g_col\[1\].pe/_2148_,VPWR,li1,386.6300,19.0400,1.599747
g_row\[1\].g_col\[1\].pe/_2147_,VPWR,li1,386.1700,13.6000,1.599801
g_row\[1\].g_col\[1\].pe/_2146_,VPWR,li1,380.1900,13.6000,1.599805
g_row\[1\].g_col\[1\].pe/_2145_,VPWR,li1,349.8300,13.6000,1.599844
g_row\[1\].g_col\[1\].pe/_2144_,VPWR,li1,373.7500,13.6000,1.599811
g_row\[1\].g_col\[1\].pe/_2143_,VPWR,li1,366.3900,19.0400,1.599779
g_row\[1\].g_col\[1\].pe/_2142_,VPWR,li1,359.4900,19.0400,1.599792
g_row\[1\].g_col\[1\].pe/_2141_,VPWR,li1,357.6500,24.4800,1.599852
g_row\[1\].g_col\[1\].pe/_2140_,VPWR,li1,347.5300,29.9200,1.599860
g_row\[1\].g_col\[1\].pe/_2139_,VPWR,li1,349.6000,40.8000,1.599891
g_row\[1\].g_col\[1\].pe/_2138_,VPWR,li1,336.7200,35.3600,1.599903
g_row\[1\].g_col\[1\].pe/_2137_,VPWR,li1,302.9100,13.6000,1.599837
g_row\[1\].g_col\[1\].pe/_2136_,VPWR,li1,348.2200,24.4800,1.599868
g_row\[1\].g_col\[1\].pe/_2135_,VPWR,li1,372.8300,13.6000,1.599811
g_row\[1\].g_col\[1\].pe/_2134_,VPWR,li1,368.6900,13.6000,1.599815
g_row\[1\].g_col\[1\].pe/_2133_,VPWR,li1,369.8400,13.6000,1.599815
g_row\[1\].g_col\[1\].pe/_2132_,VPWR,li1,305.2100,29.9200,1.599870
g_row\[1\].g_col\[1\].pe/_2131_,VPWR,li1,298.7700,35.3600,1.599863
g_row\[1\].g_col\[1\].pe/_2130_,VPWR,li1,295.3200,40.8000,1.599832
g_row\[1\].g_col\[1\].pe/_2129_,VPWR,li1,299.2300,24.4800,1.599838
g_row\[1\].g_col\[1\].pe/_2128_,VPWR,li1,296.7000,24.4800,1.599833
g_row\[1\].g_col\[1\].pe/_2127_,VPWR,li1,292.3300,29.9200,1.599857
g_row\[1\].g_col\[1\].pe/_2126_,VPWR,li1,255.0700,29.9200,1.599832
g_row\[1\].g_col\[1\].pe/_2125_,VPWR,li1,248.8600,29.9200,1.599830
g_row\[1\].g_col\[1\].pe/_2124_,VPWR,li1,281.2900,24.4800,1.599804
g_row\[1\].g_col\[1\].pe/_2123_,VPWR,li1,281.5200,29.9200,1.599849
g_row\[1\].g_col\[1\].pe/_2122_,VPWR,li1,257.3700,24.4800,1.599767
g_row\[1\].g_col\[1\].pe/_2121_,VPWR,li1,278.5300,24.4800,1.599800
g_row\[1\].g_col\[1\].pe/_2120_,VPWR,li1,352.1300,19.0400,1.599809
g_row\[1\].g_col\[1\].pe/_2119_,VPWR,li1,342.9300,19.0400,1.599832
g_row\[1\].g_col\[1\].pe/_2118_,VPWR,li1,364.0900,13.6000,1.599823
g_row\[1\].g_col\[1\].pe/_2117_,VPWR,li1,362.7100,13.6000,1.599823
g_row\[1\].g_col\[1\].pe/_2116_,VPWR,li1,383.4100,89.7600,1.599537
g_row\[1\].g_col\[1\].pe/_2115_,VPWR,li1,347.0700,89.7600,1.599663
g_row\[1\].g_col\[1\].pe/_2114_,VPWR,li1,348.2200,78.8800,1.599825
g_row\[1\].g_col\[1\].pe/_2113_,VPWR,li1,351.6700,78.8800,1.599822
g_row\[1\].g_col\[1\].pe/_2112_,VPWR,li1,344.7700,78.8800,1.599833
g_row\[1\].g_col\[1\].pe/_2111_,VPWR,li1,345.2300,68.0000,1.599767
g_row\[1\].g_col\[1\].pe/_2110_,VPWR,li1,345.2300,62.5600,1.599799
g_row\[1\].g_col\[1\].pe/_2109_,VPWR,li1,347.9900,62.5600,1.599791
g_row\[1\].g_col\[1\].pe/_2108_,VPWR,li1,360.4100,19.0400,1.599792
g_row\[1\].g_col\[1\].pe/_2107_,VPWR,li1,359.4900,13.6000,1.599827
g_row\[1\].g_col\[1\].pe/_2106_,VPWR,li1,359.0300,13.6000,1.599827
g_row\[1\].g_col\[1\].pe/_2105_,VPWR,li1,355.3500,19.0400,1.599803
g_row\[1\].g_col\[1\].pe/_2104_,VPWR,li1,354.4300,13.6000,1.599835
g_row\[1\].g_col\[1\].pe/_2103_,VPWR,li1,325.9100,13.6000,1.599886
g_row\[1\].g_col\[1\].pe/_2102_,VPWR,li1,344.7700,13.6000,1.599853
g_row\[1\].g_col\[1\].pe/_2101_,VPWR,li1,348.4500,13.6000,1.599849
g_row\[1\].g_col\[1\].pe/_2100_,VPWR,li1,338.7900,13.6000,1.599866
g_row\[1\].g_col\[1\].pe/_2099_,VPWR,li1,342.9300,13.6000,1.599857
g_row\[1\].g_col\[1\].pe/_2098_,VPWR,li1,287.7300,19.0400,1.599786
g_row\[1\].g_col\[1\].pe/_2097_,VPWR,li1,311.1900,13.6000,1.599854
g_row\[1\].g_col\[1\].pe/_2096_,VPWR,li1,307.9700,13.6000,1.599849
g_row\[1\].g_col\[1\].pe/_2095_,VPWR,li1,244.9500,13.6000,1.599776
g_row\[1\].g_col\[1\].pe/_2094_,VPWR,li1,241.9600,13.6000,1.599775
g_row\[1\].g_col\[1\].pe/_2093_,VPWR,li1,241.2700,13.6000,1.599775
g_row\[1\].g_col\[1\].pe/_2092_,VPWR,li1,303.8300,13.6000,1.599842
g_row\[1\].g_col\[1\].pe/_2091_,VPWR,li1,307.0500,13.6000,1.599845
g_row\[1\].g_col\[1\].pe/_2090_,VPWR,li1,299.6900,35.3600,1.599863
g_row\[1\].g_col\[1\].pe/_2089_,VPWR,li1,294.8600,35.3600,1.599856
g_row\[1\].g_col\[1\].pe/_2088_,VPWR,li1,252.5400,13.6000,1.599781
g_row\[1\].g_col\[1\].pe/_2087_,VPWR,li1,253.0000,13.6000,1.599781
g_row\[1\].g_col\[1\].pe/_2086_,VPWR,li1,247.7100,13.6000,1.599778
g_row\[1\].g_col\[1\].pe/_2085_,VPWR,li1,257.6000,13.6000,1.599783
g_row\[1\].g_col\[1\].pe/_2084_,VPWR,li1,254.6100,29.9200,1.599832
g_row\[1\].g_col\[1\].pe/_2083_,VPWR,li1,255.9900,19.0400,1.599740
g_row\[1\].g_col\[1\].pe/_2082_,VPWR,li1,252.5400,19.0400,1.599737
g_row\[1\].g_col\[1\].pe/_2081_,VPWR,li1,252.7700,19.0400,1.599737
g_row\[1\].g_col\[1\].pe/_2080_,VPWR,li1,252.3100,24.4800,1.599759
g_row\[1\].g_col\[1\].pe/_2079_,VPWR,li1,251.8500,29.9200,1.599831
g_row\[1\].g_col\[1\].pe/_2078_,VPWR,li1,348.4500,19.0400,1.599820
g_row\[1\].g_col\[1\].pe/_2077_,VPWR,li1,347.5300,19.0400,1.599820
g_row\[1\].g_col\[1\].pe/_2076_,VPWR,li1,346.6100,24.4800,1.599868
g_row\[1\].g_col\[1\].pe/_2075_,VPWR,li1,343.8500,24.4800,1.599874
g_row\[1\].g_col\[1\].pe/_2074_,VPWR,li1,340.4000,35.3600,1.599898
g_row\[1\].g_col\[1\].pe/_2073_,VPWR,li1,333.0400,35.3600,1.599908
g_row\[1\].g_col\[1\].pe/_2072_,VPWR,li1,286.8100,19.0400,1.599782
g_row\[1\].g_col\[1\].pe/_2071_,VPWR,li1,338.1000,19.0400,1.599845
g_row\[1\].g_col\[1\].pe/_2070_,VPWR,li1,320.3900,19.0400,1.599850
g_row\[1\].g_col\[1\].pe/_2069_,VPWR,li1,334.4200,19.0400,1.599857
g_row\[1\].g_col\[1\].pe/_2068_,VPWR,li1,333.7300,13.6000,1.599875
g_row\[1\].g_col\[1\].pe/_2067_,VPWR,li1,350.2900,29.9200,1.599855
g_row\[1\].g_col\[1\].pe/_2066_,VPWR,li1,343.3900,68.0000,1.599773
g_row\[1\].g_col\[1\].pe/_2065_,VPWR,li1,353.0500,84.3200,1.599709
g_row\[1\].g_col\[1\].pe/_2064_,VPWR,li1,338.7900,78.8800,1.599846
g_row\[1\].g_col\[1\].pe/_2063_,VPWR,li1,346.1500,78.8800,1.599833
g_row\[1\].g_col\[1\].pe/_2062_,VPWR,li1,345.4600,73.4400,1.599824
g_row\[1\].g_col\[1\].pe/_2061_,VPWR,li1,344.7700,73.4400,1.599824
g_row\[1\].g_col\[1\].pe/_2060_,VPWR,li1,347.5300,68.0000,1.599759
g_row\[1\].g_col\[1\].pe/_2059_,VPWR,li1,345.6900,29.9200,1.599863
g_row\[1\].g_col\[1\].pe/_2058_,VPWR,li1,339.2500,19.0400,1.599845
g_row\[1\].g_col\[1\].pe/_2057_,VPWR,li1,334.6500,13.6000,1.599875
g_row\[1\].g_col\[1\].pe/_2056_,VPWR,li1,312.5700,13.6000,1.599858
g_row\[1\].g_col\[1\].pe/_2055_,VPWR,li1,306.1300,19.0400,1.599819
g_row\[1\].g_col\[1\].pe/_2054_,VPWR,li1,329.5900,13.6000,1.599885
g_row\[1\].g_col\[1\].pe/_2053_,VPWR,li1,329.5900,13.6000,1.599885
g_row\[1\].g_col\[1\].pe/_2052_,VPWR,li1,325.4500,19.0400,1.599863
g_row\[1\].g_col\[1\].pe/_2051_,VPWR,li1,295.7800,13.6000,1.599827
g_row\[1\].g_col\[1\].pe/_2050_,VPWR,li1,294.8600,13.6000,1.599823
g_row\[1\].g_col\[1\].pe/_2049_,VPWR,li1,291.4100,13.6000,1.599820
g_row\[1\].g_col\[1\].pe/_2048_,VPWR,li1,292.1000,19.0400,1.599793
g_row\[1\].g_col\[1\].pe/_2047_,VPWR,li1,285.8900,13.6000,1.599812
g_row\[1\].g_col\[1\].pe/_2046_,VPWR,li1,239.4300,19.0400,1.599724
g_row\[1\].g_col\[1\].pe/_2045_,VPWR,li1,227.7000,19.0400,1.599715
g_row\[1\].g_col\[1\].pe/_2044_,VPWR,li1,244.2600,19.0400,1.599728
g_row\[1\].g_col\[1\].pe/_2043_,VPWR,li1,241.7300,19.0400,1.599726
g_row\[1\].g_col\[1\].pe/_2042_,VPWR,li1,239.4300,19.0400,1.599724
g_row\[1\].g_col\[1\].pe/_2041_,VPWR,li1,235.2900,29.9200,1.599826
g_row\[1\].g_col\[1\].pe/_2040_,VPWR,li1,238.9700,29.9200,1.599826
g_row\[1\].g_col\[1\].pe/_2039_,VPWR,li1,290.9500,19.0400,1.599789
g_row\[1\].g_col\[1\].pe/_2038_,VPWR,li1,287.9600,24.4800,1.599817
g_row\[1\].g_col\[1\].pe/_2037_,VPWR,li1,287.7300,35.3600,1.599845
g_row\[1\].g_col\[1\].pe/_2036_,VPWR,li1,282.9000,35.3600,1.599840
g_row\[1\].g_col\[1\].pe/_2035_,VPWR,li1,278.3000,19.0400,1.599771
g_row\[1\].g_col\[1\].pe/_2034_,VPWR,li1,277.3800,19.0400,1.599768
g_row\[1\].g_col\[1\].pe/_2033_,VPWR,li1,278.0700,24.4800,1.599800
g_row\[1\].g_col\[1\].pe/_2032_,VPWR,li1,274.1600,24.4800,1.599794
g_row\[1\].g_col\[1\].pe/_2031_,VPWR,li1,260.8200,24.4800,1.599773
g_row\[1\].g_col\[1\].pe/_2030_,VPWR,li1,275.7700,24.4800,1.599794
g_row\[1\].g_col\[1\].pe/_2029_,VPWR,li1,267.7200,19.0400,1.599755
g_row\[1\].g_col\[1\].pe/_2028_,VPWR,li1,268.8700,24.4800,1.599785
g_row\[1\].g_col\[1\].pe/_2027_,VPWR,li1,250.9300,24.4800,1.599759
g_row\[1\].g_col\[1\].pe/_2026_,VPWR,li1,267.4900,24.4800,1.599780
g_row\[1\].g_col\[1\].pe/_2025_,VPWR,li1,231.8400,13.6000,1.599774
g_row\[1\].g_col\[1\].pe/_2024_,VPWR,li1,323.6100,13.6000,1.599881
g_row\[1\].g_col\[1\].pe/_2023_,VPWR,li1,320.3900,13.6000,1.599873
g_row\[1\].g_col\[1\].pe/_2022_,VPWR,li1,333.7300,19.0400,1.599857
g_row\[1\].g_col\[1\].pe/_2021_,VPWR,li1,334.1900,24.4800,1.599888
g_row\[1\].g_col\[1\].pe/_2020_,VPWR,li1,332.1200,29.9200,1.599896
g_row\[1\].g_col\[1\].pe/_2019_,VPWR,li1,329.3600,35.3600,1.599915
g_row\[1\].g_col\[1\].pe/_2018_,VPWR,li1,275.3100,13.6000,1.599798
g_row\[1\].g_col\[1\].pe/_2017_,VPWR,li1,330.0500,19.0400,1.599872
g_row\[1\].g_col\[1\].pe/_2016_,VPWR,li1,305.6700,24.4800,1.599849
g_row\[1\].g_col\[1\].pe/_2015_,VPWR,li1,338.7900,24.4800,1.599882
g_row\[1\].g_col\[1\].pe/_2014_,VPWR,li1,329.5900,24.4800,1.599899
g_row\[1\].g_col\[1\].pe/_2013_,VPWR,li1,342.0100,62.5600,1.599806
g_row\[1\].g_col\[1\].pe/_2012_,VPWR,li1,336.9500,68.0000,1.599798
g_row\[1\].g_col\[1\].pe/_2011_,VPWR,li1,332.8100,89.7600,1.599745
g_row\[1\].g_col\[1\].pe/_2010_,VPWR,li1,340.1700,78.8800,1.599846
g_row\[1\].g_col\[1\].pe/_2009_,VPWR,li1,337.6400,73.4400,1.599843
g_row\[1\].g_col\[1\].pe/_2008_,VPWR,li1,339.2500,73.4400,1.599843
g_row\[1\].g_col\[1\].pe/_2007_,VPWR,li1,336.2600,78.8800,1.599852
g_row\[1\].g_col\[1\].pe/_2006_,VPWR,li1,341.0900,73.4400,1.599834
g_row\[1\].g_col\[1\].pe/_2005_,VPWR,li1,341.0900,68.0000,1.599782
g_row\[1\].g_col\[1\].pe/_2004_,VPWR,li1,338.5600,68.0000,1.599798
g_row\[1\].g_col\[1\].pe/_2003_,VPWR,li1,337.4100,62.5600,1.599824
g_row\[1\].g_col\[1\].pe/_2002_,VPWR,li1,337.4100,29.9200,1.599880
g_row\[1\].g_col\[1\].pe/_2001_,VPWR,li1,334.1900,24.4800,1.599888
g_row\[1\].g_col\[1\].pe/_2000_,VPWR,li1,324.9900,29.9200,1.599895
g_row\[1\].g_col\[1\].pe/_1999_,VPWR,li1,326.3700,24.4800,1.599893
g_row\[1\].g_col\[1\].pe/_1998_,VPWR,li1,320.1600,24.4800,1.599880
g_row\[1\].g_col\[1\].pe/_1997_,VPWR,li1,314.4100,19.0400,1.599837
g_row\[1\].g_col\[1\].pe/_1996_,VPWR,li1,307.0500,19.0400,1.599819
g_row\[1\].g_col\[1\].pe/_1995_,VPWR,li1,298.7700,19.0400,1.599804
g_row\[1\].g_col\[1\].pe/_1994_,VPWR,li1,296.4700,19.0400,1.599800
g_row\[1\].g_col\[1\].pe/_1993_,VPWR,li1,285.4300,13.6000,1.599812
g_row\[1\].g_col\[1\].pe/_1992_,VPWR,li1,274.1600,13.6000,1.599798
g_row\[1\].g_col\[1\].pe/_1991_,VPWR,li1,278.5300,13.6000,1.599803
g_row\[1\].g_col\[1\].pe/_1990_,VPWR,li1,231.3800,13.6000,1.599774
g_row\[1\].g_col\[1\].pe/_1989_,VPWR,li1,227.0100,13.6000,1.599773
g_row\[1\].g_col\[1\].pe/_1988_,VPWR,li1,235.5200,19.0400,1.599721
g_row\[1\].g_col\[1\].pe/_1987_,VPWR,li1,231.1500,19.0400,1.599718
g_row\[1\].g_col\[1\].pe/_1986_,VPWR,li1,235.5200,19.0400,1.599721
g_row\[1\].g_col\[1\].pe/_1985_,VPWR,li1,238.5100,24.4800,1.599742
g_row\[1\].g_col\[1\].pe/_1984_,VPWR,li1,240.3500,24.4800,1.599746
g_row\[1\].g_col\[1\].pe/_1983_,VPWR,li1,256.9100,29.9200,1.599833
g_row\[1\].g_col\[1\].pe/_1982_,VPWR,li1,235.7500,24.4800,1.599740
g_row\[1\].g_col\[1\].pe/_1981_,VPWR,li1,229.0800,40.8000,1.599732
g_row\[1\].g_col\[1\].pe/_1980_,VPWR,li1,229.3100,19.0400,1.599715
g_row\[1\].g_col\[1\].pe/_1979_,VPWR,li1,274.3900,19.0400,1.599765
g_row\[1\].g_col\[1\].pe/_1978_,VPWR,li1,279.4500,13.6000,1.599803
g_row\[1\].g_col\[1\].pe/_1977_,VPWR,li1,278.9900,46.2400,1.599811
g_row\[1\].g_col\[1\].pe/_1976_,VPWR,li1,281.5200,46.2400,1.599816
g_row\[1\].g_col\[1\].pe/_1975_,VPWR,li1,265.8800,13.6000,1.599790
g_row\[1\].g_col\[1\].pe/_1974_,VPWR,li1,266.1100,13.6000,1.599790
g_row\[1\].g_col\[1\].pe/_1973_,VPWR,li1,261.5100,13.6000,1.599787
g_row\[1\].g_col\[1\].pe/_1972_,VPWR,li1,261.2800,13.6000,1.599787
g_row\[1\].g_col\[1\].pe/_1971_,VPWR,li1,260.8200,35.3600,1.599811
g_row\[1\].g_col\[1\].pe/_1970_,VPWR,li1,261.0500,19.0400,1.599745
g_row\[1\].g_col\[1\].pe/_1969_,VPWR,li1,260.3600,19.0400,1.599745
g_row\[1\].g_col\[1\].pe/_1968_,VPWR,li1,264.2700,19.0400,1.599749
g_row\[1\].g_col\[1\].pe/_1967_,VPWR,li1,254.1500,24.4800,1.599763
g_row\[1\].g_col\[1\].pe/_1966_,VPWR,li1,258.2900,35.3600,1.599806
g_row\[1\].g_col\[1\].pe/_1965_,VPWR,li1,261.9700,24.4800,1.599773
g_row\[1\].g_col\[1\].pe/_1964_,VPWR,li1,311.6500,19.0400,1.599829
g_row\[1\].g_col\[1\].pe/_1963_,VPWR,li1,310.7300,24.4800,1.599858
g_row\[1\].g_col\[1\].pe/_1962_,VPWR,li1,322.4600,19.0400,1.599857
g_row\[1\].g_col\[1\].pe/_1961_,VPWR,li1,319.9300,19.0400,1.599850
g_row\[1\].g_col\[1\].pe/_1960_,VPWR,li1,324.9900,19.0400,1.599863
g_row\[1\].g_col\[1\].pe/_1959_,VPWR,li1,322.2300,24.4800,1.599884
g_row\[1\].g_col\[1\].pe/_1958_,VPWR,li1,321.5400,40.8000,1.599894
g_row\[1\].g_col\[1\].pe/_1957_,VPWR,li1,319.7000,35.3600,1.599898
g_row\[1\].g_col\[1\].pe/_1956_,VPWR,li1,287.2700,24.4800,1.599813
g_row\[1\].g_col\[1\].pe/_1955_,VPWR,li1,284.2800,24.4800,1.599809
g_row\[1\].g_col\[1\].pe/_1954_,VPWR,li1,317.6300,29.9200,1.599885
g_row\[1\].g_col\[1\].pe/_1953_,VPWR,li1,335.5700,57.1200,1.599848
g_row\[1\].g_col\[1\].pe/_1952_,VPWR,li1,331.8900,57.1200,1.599859
g_row\[1\].g_col\[1\].pe/_1951_,VPWR,li1,334.4200,73.4400,1.599853
g_row\[1\].g_col\[1\].pe/_1950_,VPWR,li1,339.2500,89.7600,1.599701
g_row\[1\].g_col\[1\].pe/_1948_,VPWR,li1,330.0500,89.7600,1.599774
g_row\[1\].g_col\[1\].pe/_1947_,VPWR,li1,334.1900,84.3200,1.599798
g_row\[1\].g_col\[1\].pe/_1946_,VPWR,li1,332.8100,95.2000,1.599751
g_row\[1\].g_col\[1\].pe/_1945_,VPWR,li1,336.0300,78.8800,1.599852
g_row\[1\].g_col\[1\].pe/_1944_,VPWR,li1,332.1200,78.8800,1.599863
g_row\[1\].g_col\[1\].pe/_1943_,VPWR,li1,335.1100,73.4400,1.599853
g_row\[1\].g_col\[1\].pe/_1942_,VPWR,li1,342.0100,68.0000,1.599782
g_row\[1\].g_col\[1\].pe/_1941_,VPWR,li1,333.9600,68.0000,1.599811
g_row\[1\].g_col\[1\].pe/_1940_,VPWR,li1,335.5700,68.0000,1.599811
g_row\[1\].g_col\[1\].pe/_1939_,VPWR,li1,336.4900,62.5600,1.599824
g_row\[1\].g_col\[1\].pe/_1938_,VPWR,li1,333.2700,57.1200,1.599859
g_row\[1\].g_col\[1\].pe/_1937_,VPWR,li1,325.4500,57.1200,1.599862
g_row\[1\].g_col\[1\].pe/_1936_,VPWR,li1,295.5500,62.5600,1.599778
g_row\[1\].g_col\[1\].pe/_1935_,VPWR,li1,330.9700,29.9200,1.599896
g_row\[1\].g_col\[1\].pe/_1934_,VPWR,li1,324.5300,24.4800,1.599889
g_row\[1\].g_col\[1\].pe/_1933_,VPWR,li1,290.9500,51.6800,1.599816
g_row\[1\].g_col\[1\].pe/_1932_,VPWR,li1,256.9100,51.6800,1.599758
g_row\[1\].g_col\[1\].pe/_1931_,VPWR,li1,300.6100,19.0400,1.599808
g_row\[1\].g_col\[1\].pe/_1930_,VPWR,li1,296.9300,24.4800,1.599833
g_row\[1\].g_col\[1\].pe/_1929_,VPWR,li1,252.3100,51.6800,1.599752
g_row\[1\].g_col\[1\].pe/_1928_,VPWR,li1,235.9800,51.6800,1.599729
g_row\[1\].g_col\[1\].pe/_1927_,VPWR,li1,230.6900,24.4800,1.599735
g_row\[1\].g_col\[1\].pe/_1926_,VPWR,li1,227.4700,29.9200,1.599824
g_row\[1\].g_col\[1\].pe/_1925_,VPWR,li1,225.1700,24.4800,1.599730
g_row\[1\].g_col\[1\].pe/_1924_,VPWR,li1,228.6200,24.4800,1.599732
g_row\[1\].g_col\[1\].pe/_1923_,VPWR,li1,243.5700,24.4800,1.599749
g_row\[1\].g_col\[1\].pe/_1922_,VPWR,li1,260.1300,24.4800,1.599769
g_row\[1\].g_col\[1\].pe/_1921_,VPWR,li1,223.1000,29.9200,1.599824
g_row\[1\].g_col\[1\].pe/_1920_,VPWR,li1,231.1500,29.9200,1.599825
g_row\[1\].g_col\[1\].pe/_1919_,VPWR,li1,232.5300,19.0400,1.599718
g_row\[1\].g_col\[1\].pe/_1918_,VPWR,li1,223.3300,13.6000,1.599773
g_row\[1\].g_col\[1\].pe/_1917_,VPWR,li1,226.0900,24.4800,1.599730
g_row\[1\].g_col\[1\].pe/_1916_,VPWR,li1,292.3300,24.4800,1.599825
g_row\[1\].g_col\[1\].pe/_1915_,VPWR,li1,285.8900,29.9200,1.599852
g_row\[1\].g_col\[1\].pe/_1914_,VPWR,li1,282.9000,40.8000,1.599804
g_row\[1\].g_col\[1\].pe/_1913_,VPWR,li1,286.3500,29.9200,1.599852
g_row\[1\].g_col\[1\].pe/_1912_,VPWR,li1,281.7500,35.3600,1.599837
g_row\[1\].g_col\[1\].pe/_1911_,VPWR,li1,267.2600,40.8000,1.599769
g_row\[1\].g_col\[1\].pe/_1910_,VPWR,li1,266.5700,35.3600,1.599818
g_row\[1\].g_col\[1\].pe/_1909_,VPWR,li1,261.7400,35.3600,1.599811
g_row\[1\].g_col\[1\].pe/_1908_,VPWR,li1,323.1500,29.9200,1.599891
g_row\[1\].g_col\[1\].pe/_1907_,VPWR,li1,317.6300,29.9200,1.599885
g_row\[1\].g_col\[1\].pe/_1906_,VPWR,li1,316.4800,24.4800,1.599872
g_row\[1\].g_col\[1\].pe/_1905_,VPWR,li1,313.0300,29.9200,1.599877
g_row\[1\].g_col\[1\].pe/_1904_,VPWR,li1,314.8700,24.4800,1.599866
g_row\[1\].g_col\[1\].pe/_1903_,VPWR,li1,309.8100,24.4800,1.599858
g_row\[1\].g_col\[1\].pe/_1902_,VPWR,li1,304.5200,51.6800,1.599843
g_row\[1\].g_col\[1\].pe/_1901_,VPWR,li1,312.8000,40.8000,1.599873
g_row\[1\].g_col\[1\].pe/_1900_,VPWR,li1,290.9500,40.8000,1.599822
g_row\[1\].g_col\[1\].pe/_1899_,VPWR,li1,278.7600,40.8000,1.599795
g_row\[1\].g_col\[1\].pe/_1898_,VPWR,li1,319.4700,51.6800,1.599876
g_row\[1\].g_col\[1\].pe/_1897_,VPWR,li1,325.9100,68.0000,1.599835
g_row\[1\].g_col\[1\].pe/_1896_,VPWR,li1,331.8900,62.5600,1.599843
g_row\[1\].g_col\[1\].pe/_1895_,VPWR,li1,327.0600,89.7600,1.599770
g_row\[1\].g_col\[1\].pe/_1894_,VPWR,li1,326.3700,78.8800,1.599863
g_row\[1\].g_col\[1\].pe/_1893_,VPWR,li1,313.4900,106.0800,1.599819
g_row\[1\].g_col\[1\].pe/_1892_,VPWR,li1,325.4500,100.6400,1.599786
g_row\[1\].g_col\[1\].pe/_1891_,VPWR,li1,327.2900,95.2000,1.599767
g_row\[1\].g_col\[1\].pe/_1890_,VPWR,li1,326.8300,78.8800,1.599863
g_row\[1\].g_col\[1\].pe/_1889_,VPWR,li1,328.6700,73.4400,1.599867
g_row\[1\].g_col\[1\].pe/_1888_,VPWR,li1,325.6800,73.4400,1.599864
g_row\[1\].g_col\[1\].pe/_1887_,VPWR,li1,325.4500,73.4400,1.599864
g_row\[1\].g_col\[1\].pe/_1886_,VPWR,li1,327.2900,68.0000,1.599835
g_row\[1\].g_col\[1\].pe/_1885_,VPWR,li1,330.9700,68.0000,1.599823
g_row\[1\].g_col\[1\].pe/_1884_,VPWR,li1,310.7300,68.0000,1.599808
g_row\[1\].g_col\[1\].pe/_1883_,VPWR,li1,303.3700,68.0000,1.599797
g_row\[1\].g_col\[1\].pe/_1882_,VPWR,li1,327.2900,62.5600,1.599848
g_row\[1\].g_col\[1\].pe/_1881_,VPWR,li1,296.0100,57.1200,1.599808
g_row\[1\].g_col\[1\].pe/_1880_,VPWR,li1,283.1300,57.1200,1.599793
g_row\[1\].g_col\[1\].pe/_1879_,VPWR,li1,253.2300,57.1200,1.599768
g_row\[1\].g_col\[1\].pe/_1878_,VPWR,li1,293.7100,57.1200,1.599805
g_row\[1\].g_col\[1\].pe/_1877_,VPWR,li1,257.3700,57.1200,1.599770
g_row\[1\].g_col\[1\].pe/_1876_,VPWR,li1,243.5700,57.1200,1.599764
g_row\[1\].g_col\[1\].pe/_1875_,VPWR,li1,240.5800,57.1200,1.599763
g_row\[1\].g_col\[1\].pe/_1874_,VPWR,li1,254.6100,51.6800,1.599755
g_row\[1\].g_col\[1\].pe/_1873_,VPWR,li1,250.4700,46.2400,1.599771
g_row\[1\].g_col\[1\].pe/_1872_,VPWR,li1,248.4000,46.2400,1.599769
g_row\[1\].g_col\[1\].pe/_1871_,VPWR,li1,237.5900,57.1200,1.599761
g_row\[1\].g_col\[1\].pe/_1870_,VPWR,li1,231.6100,57.1200,1.599760
g_row\[1\].g_col\[1\].pe/_1869_,VPWR,li1,229.7700,62.5600,1.599698
g_row\[1\].g_col\[1\].pe/_1868_,VPWR,li1,288.1900,46.2400,1.599827
g_row\[1\].g_col\[1\].pe/_1867_,VPWR,li1,287.7300,40.8000,1.599811
g_row\[1\].g_col\[1\].pe/_1866_,VPWR,li1,286.1200,40.8000,1.599811
g_row\[1\].g_col\[1\].pe/_1865_,VPWR,li1,281.2900,40.8000,1.599799
g_row\[1\].g_col\[1\].pe/_1864_,VPWR,li1,275.3100,40.8000,1.599788
g_row\[1\].g_col\[1\].pe/_1863_,VPWR,li1,270.4800,40.8000,1.599778
g_row\[1\].g_col\[1\].pe/_1862_,VPWR,li1,267.0300,46.2400,1.599791
g_row\[1\].g_col\[1\].pe/_1861_,VPWR,li1,263.5800,40.8000,1.599764
g_row\[1\].g_col\[1\].pe/_1860_,VPWR,li1,323.6100,57.1200,1.599858
g_row\[1\].g_col\[1\].pe/_1859_,VPWR,li1,320.8500,57.1200,1.599850
g_row\[1\].g_col\[1\].pe/_1858_,VPWR,li1,323.8400,35.3600,1.599903
g_row\[1\].g_col\[1\].pe/_1857_,VPWR,li1,322.6900,35.3600,1.599903
g_row\[1\].g_col\[1\].pe/_1856_,VPWR,li1,321.7700,29.9200,1.599891
g_row\[1\].g_col\[1\].pe/_1855_,VPWR,li1,319.4700,35.3600,1.599898
g_row\[1\].g_col\[1\].pe/_1854_,VPWR,li1,317.8600,40.8000,1.599884
g_row\[1\].g_col\[1\].pe/_1853_,VPWR,li1,316.9400,40.8000,1.599884
g_row\[1\].g_col\[1\].pe/_1852_,VPWR,li1,278.9900,51.6800,1.599794
g_row\[1\].g_col\[1\].pe/_1851_,VPWR,li1,274.6200,57.1200,1.599784
g_row\[1\].g_col\[1\].pe/_1850_,VPWR,li1,323.1500,68.0000,1.599827
g_row\[1\].g_col\[1\].pe/_1849_,VPWR,li1,319.9300,68.0000,1.599824
g_row\[1\].g_col\[1\].pe/_1848_,VPWR,li1,322.6900,62.5600,1.599837
g_row\[1\].g_col\[1\].pe/_1847_,VPWR,li1,321.7700,78.8800,1.599851
g_row\[1\].g_col\[1\].pe/_1846_,VPWR,li1,321.7700,73.4400,1.599856
g_row\[1\].g_col\[1\].pe/_1845_,VPWR,li1,318.0900,68.0000,1.599820
g_row\[1\].g_col\[1\].pe/_1844_,VPWR,li1,322.4600,78.8800,1.599851
g_row\[1\].g_col\[1\].pe/_1843_,VPWR,li1,326.3700,95.2000,1.599765
g_row\[1\].g_col\[1\].pe/_1842_,VPWR,li1,316.4800,95.2000,1.599755
g_row\[1\].g_col\[1\].pe/_1841_,VPWR,li1,325.4500,89.7600,1.599766
g_row\[1\].g_col\[1\].pe/_1840_,VPWR,li1,323.1500,89.7600,1.599763
g_row\[1\].g_col\[1\].pe/_1838_,VPWR,li1,307.0500,116.9600,1.599745
g_row\[1\].g_col\[1\].pe/_1836_,VPWR,li1,313.2600,100.6400,1.599770
g_row\[1\].g_col\[1\].pe/_1835_,VPWR,li1,318.7800,100.6400,1.599776
g_row\[1\].g_col\[1\].pe/_1834_,VPWR,li1,318.0900,95.2000,1.599755
g_row\[1\].g_col\[1\].pe/_1833_,VPWR,li1,315.3300,100.6400,1.599772
g_row\[1\].g_col\[1\].pe/_1832_,VPWR,li1,320.1600,95.2000,1.599759
g_row\[1\].g_col\[1\].pe/_1831_,VPWR,li1,311.6500,95.2000,1.599752
g_row\[1\].g_col\[1\].pe/_1830_,VPWR,li1,320.6200,89.7600,1.599758
g_row\[1\].g_col\[1\].pe/_1829_,VPWR,li1,306.5900,100.6400,1.599765
g_row\[1\].g_col\[1\].pe/_1828_,VPWR,li1,307.0500,106.0800,1.599811
g_row\[1\].g_col\[1\].pe/_1827_,VPWR,li1,310.7300,100.6400,1.599768
g_row\[1\].g_col\[1\].pe/_1826_,VPWR,li1,308.4300,100.6400,1.599766
g_row\[1\].g_col\[1\].pe/_1825_,VPWR,li1,300.1500,111.5200,1.599579
g_row\[1\].g_col\[1\].pe/_1824_,VPWR,li1,295.5500,111.5200,1.599571
g_row\[1\].g_col\[1\].pe/_1823_,VPWR,li1,304.2900,100.6400,1.599762
g_row\[1\].g_col\[1\].pe/_1822_,VPWR,li1,297.6200,106.0800,1.599799
g_row\[1\].g_col\[1\].pe/_1821_,VPWR,li1,304.0600,106.0800,1.599807
g_row\[1\].g_col\[1\].pe/_1820_,VPWR,li1,299.2300,116.9600,1.599717
g_row\[1\].g_col\[1\].pe/_1819_,VPWR,li1,298.5400,111.5200,1.599579
g_row\[1\].g_col\[1\].pe/_1818_,VPWR,li1,296.0100,106.0800,1.599799
g_row\[1\].g_col\[1\].pe/_1817_,VPWR,li1,216.8900,100.6400,1.599794
g_row\[1\].g_col\[1\].pe/_1816_,VPWR,li1,213.9000,100.6400,1.599798
g_row\[1\].g_col\[1\].pe/_1815_,VPWR,li1,287.2700,111.5200,1.599551
g_row\[1\].g_col\[1\].pe/_1814_,VPWR,li1,204.0100,100.6400,1.599807
g_row\[1\].g_col\[1\].pe/_1813_,VPWR,li1,205.8500,100.6400,1.599805
g_row\[1\].g_col\[1\].pe/_1812_,VPWR,li1,205.1600,95.2000,1.599832
g_row\[1\].g_col\[1\].pe/_1811_,VPWR,li1,207.2300,95.2000,1.599827
g_row\[1\].g_col\[1\].pe/_1810_,VPWR,li1,206.5400,89.7600,1.599827
g_row\[1\].g_col\[1\].pe/_1809_,VPWR,li1,205.3900,89.7600,1.599827
g_row\[1\].g_col\[1\].pe/_1808_,VPWR,li1,208.6100,84.3200,1.599865
g_row\[1\].g_col\[1\].pe/_1807_,VPWR,li1,202.6300,78.8800,1.599819
g_row\[1\].g_col\[1\].pe/_1806_,VPWR,li1,209.9900,78.8800,1.599803
g_row\[1\].g_col\[1\].pe/_1805_,VPWR,li1,209.0700,78.8800,1.599803
g_row\[1\].g_col\[1\].pe/_1804_,VPWR,li1,210.4500,73.4400,1.599861
g_row\[1\].g_col\[1\].pe/_1803_,VPWR,li1,204.9300,78.8800,1.599813
g_row\[1\].g_col\[1\].pe/_1802_,VPWR,li1,206.7700,78.8800,1.599809
g_row\[1\].g_col\[1\].pe/_1801_,VPWR,li1,203.7800,78.8800,1.599819
g_row\[1\].g_col\[1\].pe/_1800_,VPWR,li1,206.3100,73.4400,1.599865
g_row\[1\].g_col\[1\].pe/_1799_,VPWR,li1,204.2400,73.4400,1.599867
g_row\[1\].g_col\[1\].pe/_1798_,VPWR,li1,214.1300,78.8800,1.599791
g_row\[1\].g_col\[1\].pe/_1797_,VPWR,li1,200.7900,78.8800,1.599824
g_row\[1\].g_col\[1\].pe/_1796_,VPWR,li1,201.2500,73.4400,1.599870
g_row\[1\].g_col\[1\].pe/_1795_,VPWR,li1,210.2200,89.7600,1.599820
g_row\[1\].g_col\[1\].pe/_1794_,VPWR,li1,202.6300,89.7600,1.599832
g_row\[1\].g_col\[1\].pe/_1793_,VPWR,li1,195.9600,89.7600,1.599846
g_row\[1\].g_col\[1\].pe/_1792_,VPWR,li1,207.6900,89.7600,1.599824
g_row\[1\].g_col\[1\].pe/_1791_,VPWR,li1,203.0900,84.3200,1.599871
g_row\[1\].g_col\[1\].pe/_1790_,VPWR,li1,209.9900,89.7600,1.599820
g_row\[1\].g_col\[1\].pe/_1789_,VPWR,li1,212.2900,89.7600,1.599818
g_row\[1\].g_col\[1\].pe/_1788_,VPWR,li1,209.9900,84.3200,1.599862
g_row\[1\].g_col\[1\].pe/_1787_,VPWR,li1,204.0100,84.3200,1.599871
g_row\[1\].g_col\[1\].pe/_1786_,VPWR,li1,192.9700,73.4400,1.599879
g_row\[1\].g_col\[1\].pe/_1785_,VPWR,li1,195.7300,73.4400,1.599876
g_row\[1\].g_col\[1\].pe/_1784_,VPWR,li1,223.3300,73.4400,1.599851
g_row\[1\].g_col\[1\].pe/_1783_,VPWR,li1,197.1100,73.4400,1.599876
g_row\[1\].g_col\[1\].pe/_1782_,VPWR,li1,207.9200,73.4400,1.599865
g_row\[1\].g_col\[1\].pe/_1781_,VPWR,li1,198.0300,84.3200,1.599879
g_row\[1\].g_col\[1\].pe/_1780_,VPWR,li1,203.5500,95.2000,1.599832
g_row\[1\].g_col\[1\].pe/_1779_,VPWR,li1,204.9300,106.0800,1.599811
g_row\[1\].g_col\[1\].pe/_1778_,VPWR,li1,208.6100,100.6400,1.599803
g_row\[1\].g_col\[1\].pe/_1777_,VPWR,li1,216.4300,106.0800,1.599802
g_row\[1\].g_col\[1\].pe/_1776_,VPWR,li1,219.6500,111.5200,1.599563
g_row\[1\].g_col\[1\].pe/_1775_,VPWR,li1,217.3500,95.2000,1.599813
g_row\[1\].g_col\[1\].pe/_1774_,VPWR,li1,219.1900,100.6400,1.599792
g_row\[1\].g_col\[1\].pe/_1773_,VPWR,li1,213.2100,100.6400,1.599798
g_row\[1\].g_col\[1\].pe/_1772_,VPWR,li1,201.9400,95.2000,1.599835
g_row\[1\].g_col\[1\].pe/_1771_,VPWR,li1,198.9500,89.7600,1.599838
g_row\[1\].g_col\[1\].pe/_1770_,VPWR,li1,220.5700,89.7600,1.599806
g_row\[1\].g_col\[1\].pe/_1769_,VPWR,li1,197.5700,89.7600,1.599843
g_row\[1\].g_col\[1\].pe/_1768_,VPWR,li1,221.4900,84.3200,1.599848
g_row\[1\].g_col\[1\].pe/_1767_,VPWR,li1,226.0900,84.3200,1.599843
g_row\[1\].g_col\[1\].pe/_1766_,VPWR,li1,195.7300,84.3200,1.599882
g_row\[1\].g_col\[1\].pe/_1765_,VPWR,li1,191.5900,84.3200,1.599889
g_row\[1\].g_col\[1\].pe/_1764_,VPWR,li1,195.2700,78.8800,1.599838
g_row\[1\].g_col\[1\].pe/_1763_,VPWR,li1,219.1900,73.4400,1.599853
g_row\[1\].g_col\[1\].pe/_1762_,VPWR,li1,195.7300,78.8800,1.599838
g_row\[1\].g_col\[1\].pe/_1761_,VPWR,li1,214.3600,84.3200,1.599857
g_row\[1\].g_col\[1\].pe/_1760_,VPWR,li1,215.0500,95.2000,1.599816
g_row\[1\].g_col\[1\].pe/_1759_,VPWR,li1,221.0300,95.2000,1.599809
g_row\[1\].g_col\[1\].pe/_1758_,VPWR,li1,227.9300,100.6400,1.599784
g_row\[1\].g_col\[1\].pe/_1757_,VPWR,li1,220.5700,95.2000,1.599809
g_row\[1\].g_col\[1\].pe/_1756_,VPWR,li1,216.2000,89.7600,1.599812
g_row\[1\].g_col\[1\].pe/_1755_,VPWR,li1,227.9300,84.3200,1.599841
g_row\[1\].g_col\[1\].pe/_1754_,VPWR,li1,226.3200,78.8800,1.599764
g_row\[1\].g_col\[1\].pe/_1753_,VPWR,li1,220.5700,89.7600,1.599806
g_row\[1\].g_col\[1\].pe/_1752_,VPWR,li1,219.6500,78.8800,1.599780
g_row\[1\].g_col\[1\].pe/_1751_,VPWR,li1,219.6500,73.4400,1.599853
g_row\[1\].g_col\[1\].pe/_1750_,VPWR,li1,219.1900,84.3200,1.599851
g_row\[1\].g_col\[1\].pe/_1749_,VPWR,li1,214.3600,84.3200,1.599857
g_row\[1\].g_col\[1\].pe/_1748_,VPWR,li1,216.4300,100.6400,1.599796
g_row\[1\].g_col\[1\].pe/_1747_,VPWR,li1,301.0700,106.0800,1.599802
g_row\[1\].g_col\[1\].pe/_1746_,VPWR,li1,296.9300,116.9600,1.599709
g_row\[1\].g_col\[1\].pe/_1745_,VPWR,li1,291.4100,116.9600,1.599689
g_row\[1\].g_col\[1\].pe/_1744_,VPWR,li1,286.8100,111.5200,1.599551
g_row\[1\].g_col\[1\].pe/_1743_,VPWR,li1,282.2100,111.5200,1.599541
g_row\[1\].g_col\[1\].pe/_1742_,VPWR,li1,278.0700,116.9600,1.599647
g_row\[1\].g_col\[1\].pe/_1741_,VPWR,li1,221.0300,106.0800,1.599799
g_row\[1\].g_col\[1\].pe/_1740_,VPWR,li1,225.1700,106.0800,1.599797
g_row\[1\].g_col\[1\].pe/_1739_,VPWR,li1,266.5700,106.0800,1.599788
g_row\[1\].g_col\[1\].pe/_1738_,VPWR,li1,265.4200,95.2000,1.599766
g_row\[1\].g_col\[1\].pe/_1737_,VPWR,li1,221.0300,106.0800,1.599799
g_row\[1\].g_col\[1\].pe/_1736_,VPWR,li1,230.6900,106.0800,1.599794
g_row\[1\].g_col\[1\].pe/_1735_,VPWR,li1,224.2500,100.6400,1.599788
g_row\[1\].g_col\[1\].pe/_1734_,VPWR,li1,223.1000,100.6400,1.599788
g_row\[1\].g_col\[1\].pe/_1733_,VPWR,li1,232.5300,100.6400,1.599780
g_row\[1\].g_col\[1\].pe/_1732_,VPWR,li1,232.7600,100.6400,1.599780
g_row\[1\].g_col\[1\].pe/_1731_,VPWR,li1,227.4700,95.2000,1.599801
g_row\[1\].g_col\[1\].pe/_1730_,VPWR,li1,228.8500,95.2000,1.599801
g_row\[1\].g_col\[1\].pe/_1729_,VPWR,li1,230.2300,89.7600,1.599795
g_row\[1\].g_col\[1\].pe/_1728_,VPWR,li1,240.8100,100.6400,1.599775
g_row\[1\].g_col\[1\].pe/_1727_,VPWR,li1,238.2800,100.6400,1.599777
g_row\[1\].g_col\[1\].pe/_1726_,VPWR,li1,295.5500,111.5200,1.599571
g_row\[1\].g_col\[1\].pe/_1725_,VPWR,li1,286.1200,116.9600,1.599671
g_row\[1\].g_col\[1\].pe/_1724_,VPWR,li1,278.5300,106.0800,1.599790
g_row\[1\].g_col\[1\].pe/_1723_,VPWR,li1,285.4300,116.9600,1.599671
g_row\[1\].g_col\[1\].pe/_1722_,VPWR,li1,276.2300,111.5200,1.599529
g_row\[1\].g_col\[1\].pe/_1721_,VPWR,li1,270.2500,111.5200,1.599520
g_row\[1\].g_col\[1\].pe/_1720_,VPWR,li1,278.0700,111.5200,1.599534
g_row\[1\].g_col\[1\].pe/_1719_,VPWR,li1,261.5100,111.5200,1.599504
g_row\[1\].g_col\[1\].pe/_1718_,VPWR,li1,277.1500,106.0800,1.599789
g_row\[1\].g_col\[1\].pe/_1717_,VPWR,li1,272.5500,106.0800,1.599789
g_row\[1\].g_col\[1\].pe/_1716_,VPWR,li1,266.3400,100.6400,1.599762
g_row\[1\].g_col\[1\].pe/_1715_,VPWR,li1,278.0700,100.6400,1.599759
g_row\[1\].g_col\[1\].pe/_1714_,VPWR,li1,261.2800,116.9600,1.599606
g_row\[1\].g_col\[1\].pe/_1713_,VPWR,li1,255.0700,106.0800,1.599788
g_row\[1\].g_col\[1\].pe/_1712_,VPWR,li1,231.6100,111.5200,1.599532
g_row\[1\].g_col\[1\].pe/_1711_,VPWR,li1,231.1500,106.0800,1.599794
g_row\[1\].g_col\[1\].pe/_1710_,VPWR,li1,227.7000,100.6400,1.599784
g_row\[1\].g_col\[1\].pe/_1709_,VPWR,li1,231.1500,111.5200,1.599537
g_row\[1\].g_col\[1\].pe/_1708_,VPWR,li1,233.9100,111.5200,1.599527
g_row\[1\].g_col\[1\].pe/_1707_,VPWR,li1,229.7700,89.7600,1.599795
g_row\[1\].g_col\[1\].pe/_1706_,VPWR,li1,234.8300,89.7600,1.599789
g_row\[1\].g_col\[1\].pe/_1705_,VPWR,li1,238.5100,111.5200,1.599516
g_row\[1\].g_col\[1\].pe/_1704_,VPWR,li1,239.6600,106.0800,1.599792
g_row\[1\].g_col\[1\].pe/_1703_,VPWR,li1,292.3300,106.0800,1.599796
g_row\[1\].g_col\[1\].pe/_1702_,VPWR,li1,310.5000,95.2000,1.599752
g_row\[1\].g_col\[1\].pe/_1701_,VPWR,li1,305.6700,95.2000,1.599750
g_row\[1\].g_col\[1\].pe/_1700_,VPWR,li1,301.0700,95.2000,1.599749
g_row\[1\].g_col\[1\].pe/_1699_,VPWR,li1,298.3100,100.6400,1.599759
g_row\[1\].g_col\[1\].pe/_1698_,VPWR,li1,298.3100,100.6400,1.599759
g_row\[1\].g_col\[1\].pe/_1697_,VPWR,li1,295.5500,95.2000,1.599749
g_row\[1\].g_col\[1\].pe/_1696_,VPWR,li1,288.1900,106.0800,1.599794
g_row\[1\].g_col\[1\].pe/_1695_,VPWR,li1,284.7400,106.0800,1.599792
g_row\[1\].g_col\[1\].pe/_1694_,VPWR,li1,284.9700,106.0800,1.599792
g_row\[1\].g_col\[1\].pe/_1693_,VPWR,li1,285.4300,100.6400,1.599758
g_row\[1\].g_col\[1\].pe/_1692_,VPWR,li1,270.7100,111.5200,1.599520
g_row\[1\].g_col\[1\].pe/_1691_,VPWR,li1,267.9500,111.5200,1.599516
g_row\[1\].g_col\[1\].pe/_1690_,VPWR,li1,273.9300,100.6400,1.599760
g_row\[1\].g_col\[1\].pe/_1689_,VPWR,li1,265.6500,111.5200,1.599513
g_row\[1\].g_col\[1\].pe/_1688_,VPWR,li1,266.5700,106.0800,1.599788
g_row\[1\].g_col\[1\].pe/_1687_,VPWR,li1,259.6700,106.0800,1.599788
g_row\[1\].g_col\[1\].pe/_1686_,VPWR,li1,248.8600,116.9600,1.599581
g_row\[1\].g_col\[1\].pe/_1685_,VPWR,li1,247.2500,106.0800,1.599790
g_row\[1\].g_col\[1\].pe/_1684_,VPWR,li1,249.3200,100.6400,1.599770
g_row\[1\].g_col\[1\].pe/_1683_,VPWR,li1,253.6900,111.5200,1.599496
g_row\[1\].g_col\[1\].pe/_1682_,VPWR,li1,239.4300,95.2000,1.599790
g_row\[1\].g_col\[1\].pe/_1681_,VPWR,li1,238.9700,89.7600,1.599785
g_row\[1\].g_col\[1\].pe/_1680_,VPWR,li1,245.8700,111.5200,1.599499
g_row\[1\].g_col\[1\].pe/_1679_,VPWR,li1,241.0400,106.0800,1.599791
g_row\[1\].g_col\[1\].pe/_1678_,VPWR,li1,290.4900,106.0800,1.599795
g_row\[1\].g_col\[1\].pe/_1677_,VPWR,li1,287.7300,100.6400,1.599758
g_row\[1\].g_col\[1\].pe/_1676_,VPWR,li1,287.0400,95.2000,1.599753
g_row\[1\].g_col\[1\].pe/_1675_,VPWR,li1,289.5700,100.6400,1.599758
g_row\[1\].g_col\[1\].pe/_1674_,VPWR,li1,274.8500,100.6400,1.599760
g_row\[1\].g_col\[1\].pe/_1673_,VPWR,li1,273.0100,89.7600,1.599754
g_row\[1\].g_col\[1\].pe/_1672_,VPWR,li1,268.1800,89.7600,1.599758
g_row\[1\].g_col\[1\].pe/_1671_,VPWR,li1,269.7900,100.6400,1.599761
g_row\[1\].g_col\[1\].pe/_1670_,VPWR,li1,265.8800,95.2000,1.599766
g_row\[1\].g_col\[1\].pe/_1669_,VPWR,li1,311.1900,89.7600,1.599746
g_row\[1\].g_col\[1\].pe/_1668_,VPWR,li1,305.6700,95.2000,1.599750
g_row\[1\].g_col\[1\].pe/_1667_,VPWR,li1,294.1700,100.6400,1.599759
g_row\[1\].g_col\[1\].pe/_1666_,VPWR,li1,290.9500,95.2000,1.599751
g_row\[1\].g_col\[1\].pe/_1665_,VPWR,li1,281.0600,95.2000,1.599756
g_row\[1\].g_col\[1\].pe/_1664_,VPWR,li1,285.4300,95.2000,1.599753
g_row\[1\].g_col\[1\].pe/_1663_,VPWR,li1,293.7100,95.2000,1.599749
g_row\[1\].g_col\[1\].pe/_1662_,VPWR,li1,292.3300,89.7600,1.599743
g_row\[1\].g_col\[1\].pe/_1661_,VPWR,li1,281.2900,100.6400,1.599758
g_row\[1\].g_col\[1\].pe/_1660_,VPWR,li1,278.0700,95.2000,1.599757
g_row\[1\].g_col\[1\].pe/_1659_,VPWR,li1,283.1300,89.7600,1.599748
g_row\[1\].g_col\[1\].pe/_1658_,VPWR,li1,287.7300,89.7600,1.599746
g_row\[1\].g_col\[1\].pe/_1657_,VPWR,li1,287.2700,89.7600,1.599746
g_row\[1\].g_col\[1\].pe/_1656_,VPWR,li1,280.8300,95.2000,1.599756
g_row\[1\].g_col\[1\].pe/_1655_,VPWR,li1,279.4500,89.7600,1.599750
g_row\[1\].g_col\[1\].pe/_1654_,VPWR,li1,274.6200,84.3200,1.599808
g_row\[1\].g_col\[1\].pe/_1653_,VPWR,li1,270.7100,95.2000,1.599762
g_row\[1\].g_col\[1\].pe/_1652_,VPWR,li1,262.2000,95.2000,1.599768
g_row\[1\].g_col\[1\].pe/_1651_,VPWR,li1,279.4500,100.6400,1.599759
g_row\[1\].g_col\[1\].pe/_1650_,VPWR,li1,260.5900,100.6400,1.599764
g_row\[1\].g_col\[1\].pe/_1649_,VPWR,li1,261.9700,106.0800,1.599788
g_row\[1\].g_col\[1\].pe/_1648_,VPWR,li1,260.3600,100.6400,1.599764
g_row\[1\].g_col\[1\].pe/_1647_,VPWR,li1,257.3700,106.0800,1.599788
g_row\[1\].g_col\[1\].pe/_1646_,VPWR,li1,252.5400,106.0800,1.599789
g_row\[1\].g_col\[1\].pe/_1645_,VPWR,li1,260.1300,111.5200,1.599504
g_row\[1\].g_col\[1\].pe/_1644_,VPWR,li1,242.6500,89.7600,1.599782
g_row\[1\].g_col\[1\].pe/_1643_,VPWR,li1,242.1900,95.2000,1.599786
g_row\[1\].g_col\[1\].pe/_1642_,VPWR,li1,247.2500,106.0800,1.599790
g_row\[1\].g_col\[1\].pe/_1641_,VPWR,li1,245.6400,100.6400,1.599772
g_row\[1\].g_col\[1\].pe/_1640_,VPWR,li1,304.2900,89.7600,1.599743
g_row\[1\].g_col\[1\].pe/_1639_,VPWR,li1,321.7700,89.7600,1.599758
g_row\[1\].g_col\[1\].pe/_1638_,VPWR,li1,324.0700,84.3200,1.599819
g_row\[1\].g_col\[1\].pe/_1637_,VPWR,li1,320.8500,73.4400,1.599856
g_row\[1\].g_col\[1\].pe/_1636_,VPWR,li1,318.0900,73.4400,1.599851
g_row\[1\].g_col\[1\].pe/_1635_,VPWR,li1,310.2700,73.4400,1.599844
g_row\[1\].g_col\[1\].pe/_1634_,VPWR,li1,300.6100,73.4400,1.599838
g_row\[1\].g_col\[1\].pe/_1633_,VPWR,li1,315.3300,68.0000,1.599814
g_row\[1\].g_col\[1\].pe/_1632_,VPWR,li1,301.9900,62.5600,1.599787
g_row\[1\].g_col\[1\].pe/_1631_,VPWR,li1,296.9300,68.0000,1.599789
g_row\[1\].g_col\[1\].pe/_1630_,VPWR,li1,258.2900,68.0000,1.599763
g_row\[1\].g_col\[1\].pe/_1629_,VPWR,li1,285.4300,62.5600,1.599757
g_row\[1\].g_col\[1\].pe/_1628_,VPWR,li1,254.6100,62.5600,1.599717
g_row\[1\].g_col\[1\].pe/_1627_,VPWR,li1,250.9300,62.5600,1.599715
g_row\[1\].g_col\[1\].pe/_1626_,VPWR,li1,247.0200,62.5600,1.599711
g_row\[1\].g_col\[1\].pe/_1625_,VPWR,li1,248.1700,57.1200,1.599765
g_row\[1\].g_col\[1\].pe/_1624_,VPWR,li1,243.5700,57.1200,1.599764
g_row\[1\].g_col\[1\].pe/_1623_,VPWR,li1,241.5000,51.6800,1.599736
g_row\[1\].g_col\[1\].pe/_1622_,VPWR,li1,242.6500,62.5600,1.599707
g_row\[1\].g_col\[1\].pe/_1621_,VPWR,li1,231.6100,62.5600,1.599699
g_row\[1\].g_col\[1\].pe/_1620_,VPWR,li1,233.9100,62.5600,1.599701
g_row\[1\].g_col\[1\].pe/_1619_,VPWR,li1,239.4300,62.5600,1.599705
g_row\[1\].g_col\[1\].pe/_1618_,VPWR,li1,237.5900,62.5600,1.599703
g_row\[1\].g_col\[1\].pe/_1617_,VPWR,li1,238.0500,46.2400,1.599761
g_row\[1\].g_col\[1\].pe/_1616_,VPWR,li1,234.8300,68.0000,1.599759
g_row\[1\].g_col\[1\].pe/_1615_,VPWR,li1,281.7500,57.1200,1.599790
g_row\[1\].g_col\[1\].pe/_1614_,VPWR,li1,287.7300,57.1200,1.599796
g_row\[1\].g_col\[1\].pe/_1613_,VPWR,li1,282.9000,51.6800,1.599801
g_row\[1\].g_col\[1\].pe/_1612_,VPWR,li1,276.6900,57.1200,1.599786
g_row\[1\].g_col\[1\].pe/_1611_,VPWR,li1,272.5500,51.6800,1.599783
g_row\[1\].g_col\[1\].pe/_1610_,VPWR,li1,270.4800,57.1200,1.599780
g_row\[1\].g_col\[1\].pe/_1609_,VPWR,li1,266.5700,51.6800,1.599773
g_row\[1\].g_col\[1\].pe/_1608_,VPWR,li1,262.2000,51.6800,1.599766
g_row\[1\].g_col\[1\].pe/_1607_,VPWR,li1,318.0900,62.5600,1.599826
g_row\[1\].g_col\[1\].pe/_1606_,VPWR,li1,320.3900,62.5600,1.599831
g_row\[1\].g_col\[1\].pe/_1605_,VPWR,li1,319.2400,57.1200,1.599850
g_row\[1\].g_col\[1\].pe/_1604_,VPWR,li1,316.7100,57.1200,1.599845
g_row\[1\].g_col\[1\].pe/_1603_,VPWR,li1,316.2500,62.5600,1.599819
g_row\[1\].g_col\[1\].pe/_1602_,VPWR,li1,308.8900,57.1200,1.599829
g_row\[1\].g_col\[1\].pe/_1601_,VPWR,li1,299.9200,57.1200,1.599814
g_row\[1\].g_col\[1\].pe/_1598_,VPWR,li1,315.1000,57.1200,1.599840
g_row\[1\].g_col\[1\].pe/_1597_,VPWR,li1,291.4100,62.5600,1.599770
g_row\[1\].g_col\[1\].pe/_1596_,VPWR,li1,281.0600,62.5600,1.599752
g_row\[1\].g_col\[1\].pe/_1595_,VPWR,li1,317.6300,78.8800,1.599840
g_row\[1\].g_col\[1\].pe/_1594_,VPWR,li1,314.8700,78.8800,1.599830
g_row\[1\].g_col\[1\].pe/_1593_,VPWR,li1,313.4900,78.8800,1.599830
g_row\[1\].g_col\[1\].pe/_1592_,VPWR,li1,317.6300,89.7600,1.599754
g_row\[1\].g_col\[1\].pe/_1591_,VPWR,li1,318.0900,84.3200,1.599814
g_row\[1\].g_col\[1\].pe/_1590_,VPWR,li1,318.0900,78.8800,1.599840
g_row\[1\].g_col\[1\].pe/_1589_,VPWR,li1,303.8300,84.3200,1.599807
g_row\[1\].g_col\[1\].pe/_1588_,VPWR,li1,298.3100,84.3200,1.599806
g_row\[1\].g_col\[1\].pe/_1587_,VPWR,li1,311.6500,73.4400,1.599844
g_row\[1\].g_col\[1\].pe/_1586_,VPWR,li1,302.4500,68.0000,1.599794
g_row\[1\].g_col\[1\].pe/_1585_,VPWR,li1,294.6300,73.4400,1.599836
g_row\[1\].g_col\[1\].pe/_1584_,VPWR,li1,261.9700,73.4400,1.599834
g_row\[1\].g_col\[1\].pe/_1583_,VPWR,li1,297.8500,68.0000,1.599789
g_row\[1\].g_col\[1\].pe/_1582_,VPWR,li1,259.6700,68.0000,1.599763
g_row\[1\].g_col\[1\].pe/_1581_,VPWR,li1,255.0700,68.0000,1.599762
g_row\[1\].g_col\[1\].pe/_1580_,VPWR,li1,249.3200,68.0000,1.599761
g_row\[1\].g_col\[1\].pe/_1579_,VPWR,li1,253.6900,68.0000,1.599761
g_row\[1\].g_col\[1\].pe/_1578_,VPWR,li1,248.6300,51.6800,1.599746
g_row\[1\].g_col\[1\].pe/_1577_,VPWR,li1,245.6400,51.6800,1.599742
g_row\[1\].g_col\[1\].pe/_1576_,VPWR,li1,247.2500,68.0000,1.599760
g_row\[1\].g_col\[1\].pe/_1575_,VPWR,li1,230.2300,68.0000,1.599758
g_row\[1\].g_col\[1\].pe/_1574_,VPWR,li1,231.1500,68.0000,1.599758
g_row\[1\].g_col\[1\].pe/_1573_,VPWR,li1,240.8100,68.0000,1.599759
g_row\[1\].g_col\[1\].pe/_1572_,VPWR,li1,235.5200,68.0000,1.599759
g_row\[1\].g_col\[1\].pe/_1571_,VPWR,li1,292.7900,62.5600,1.599770
g_row\[1\].g_col\[1\].pe/_1570_,VPWR,li1,289.5700,68.0000,1.599783
g_row\[1\].g_col\[1\].pe/_1569_,VPWR,li1,286.5800,57.1200,1.599796
g_row\[1\].g_col\[1\].pe/_1568_,VPWR,li1,284.0500,62.5600,1.599757
g_row\[1\].g_col\[1\].pe/_1567_,VPWR,li1,278.0700,62.5600,1.599748
g_row\[1\].g_col\[1\].pe/_1566_,VPWR,li1,274.1600,62.5600,1.599741
g_row\[1\].g_col\[1\].pe/_1565_,VPWR,li1,268.4100,62.5600,1.599734
g_row\[1\].g_col\[1\].pe/_1564_,VPWR,li1,264.5000,68.0000,1.599766
g_row\[1\].g_col\[1\].pe/_1563_,VPWR,li1,307.5100,73.4400,1.599842
g_row\[1\].g_col\[1\].pe/_1562_,VPWR,li1,307.2800,68.0000,1.599802
g_row\[1\].g_col\[1\].pe/_1561_,VPWR,li1,306.5900,68.0000,1.599802
g_row\[1\].g_col\[1\].pe/_1560_,VPWR,li1,310.5000,68.0000,1.599808
g_row\[1\].g_col\[1\].pe/_1559_,VPWR,li1,310.7300,62.5600,1.599809
g_row\[1\].g_col\[1\].pe/_1558_,VPWR,li1,311.4200,62.5600,1.599809
g_row\[1\].g_col\[1\].pe/_1557_,VPWR,li1,307.9700,57.1200,1.599829
g_row\[1\].g_col\[1\].pe/_1556_,VPWR,li1,304.0600,57.1200,1.599822
g_row\[1\].g_col\[1\].pe/_1555_,VPWR,li1,287.5000,68.0000,1.599781
g_row\[1\].g_col\[1\].pe/_1554_,VPWR,li1,280.1400,68.0000,1.599776
g_row\[1\].g_col\[1\].pe/_1553_,VPWR,li1,306.3600,73.4400,1.599842
g_row\[1\].g_col\[1\].pe/_1552_,VPWR,li1,300.1500,78.8800,1.599802
g_row\[1\].g_col\[1\].pe/_1551_,VPWR,li1,312.8000,84.3200,1.599811
g_row\[1\].g_col\[1\].pe/_1550_,VPWR,li1,310.7300,89.7600,1.599746
g_row\[1\].g_col\[1\].pe/_1549_,VPWR,li1,306.8200,84.3200,1.599808
g_row\[1\].g_col\[1\].pe/_1548_,VPWR,li1,311.6500,84.3200,1.599811
g_row\[1\].g_col\[1\].pe/_1547_,VPWR,li1,308.4300,84.3200,1.599808
g_row\[1\].g_col\[1\].pe/_1546_,VPWR,li1,306.1300,78.8800,1.599812
g_row\[1\].g_col\[1\].pe/_1545_,VPWR,li1,305.2100,78.8800,1.599812
g_row\[1\].g_col\[1\].pe/_1544_,VPWR,li1,305.2100,62.5600,1.599797
g_row\[1\].g_col\[1\].pe/_1543_,VPWR,li1,301.7600,57.1200,1.599818
g_row\[1\].g_col\[1\].pe/_1541_,VPWR,li1,312.1100,51.6800,1.599859
g_row\[1\].g_col\[1\].pe/_1540_,VPWR,li1,309.5800,46.2400,1.599871
g_row\[1\].g_col\[1\].pe/_1538_,VPWR,li1,304.2900,57.1200,1.599822
g_row\[1\].g_col\[1\].pe/_1537_,VPWR,li1,290.9500,73.4400,1.599835
g_row\[1\].g_col\[1\].pe/_1536_,VPWR,li1,279.6800,78.8800,1.599764
g_row\[1\].g_col\[1\].pe/_1535_,VPWR,li1,310.2700,78.8800,1.599820
g_row\[1\].g_col\[1\].pe/_1534_,VPWR,li1,298.3100,78.8800,1.599796
g_row\[1\].g_col\[1\].pe/_1533_,VPWR,li1,295.5500,73.4400,1.599836
g_row\[1\].g_col\[1\].pe/_1532_,VPWR,li1,292.3300,68.0000,1.599785
g_row\[1\].g_col\[1\].pe/_1531_,VPWR,li1,289.1100,73.4400,1.599835
g_row\[1\].g_col\[1\].pe/_1530_,VPWR,li1,284.7400,68.0000,1.599779
g_row\[1\].g_col\[1\].pe/_1529_,VPWR,li1,283.1300,68.0000,1.599777
g_row\[1\].g_col\[1\].pe/_1528_,VPWR,li1,277.1500,68.0000,1.599773
g_row\[1\].g_col\[1\].pe/_1527_,VPWR,li1,273.2400,62.5600,1.599741
g_row\[1\].g_col\[1\].pe/_1526_,VPWR,li1,269.7900,68.0000,1.599769
g_row\[1\].g_col\[1\].pe/_1525_,VPWR,li1,264.0400,62.5600,1.599729
g_row\[1\].g_col\[1\].pe/_1524_,VPWR,li1,266.5700,73.4400,1.599833
g_row\[1\].g_col\[1\].pe/_1523_,VPWR,li1,257.3700,73.4400,1.599834
g_row\[1\].g_col\[1\].pe/_1522_,VPWR,li1,254.1500,84.3200,1.599819
g_row\[1\].g_col\[1\].pe/_1521_,VPWR,li1,251.6200,73.4400,1.599837
g_row\[1\].g_col\[1\].pe/_1520_,VPWR,li1,253.6900,73.4400,1.599836
g_row\[1\].g_col\[1\].pe/_1519_,VPWR,li1,243.1100,73.4400,1.599840
g_row\[1\].g_col\[1\].pe/_1518_,VPWR,li1,242.1900,68.0000,1.599760
g_row\[1\].g_col\[1\].pe/_1517_,VPWR,li1,247.2500,78.8800,1.599719
g_row\[1\].g_col\[1\].pe/_1516_,VPWR,li1,235.5200,78.8800,1.599742
g_row\[1\].g_col\[1\].pe/_1515_,VPWR,li1,260.1300,78.8800,1.599737
g_row\[1\].g_col\[1\].pe/_1514_,VPWR,li1,252.0800,68.0000,1.599761
g_row\[1\].g_col\[1\].pe/_1513_,VPWR,li1,293.2500,78.8800,1.599789
g_row\[1\].g_col\[1\].pe/_1512_,VPWR,li1,264.7300,78.8800,1.599743
g_row\[1\].g_col\[1\].pe/_1511_,VPWR,li1,303.8300,89.7600,1.599743
g_row\[1\].g_col\[1\].pe/_1510_,VPWR,li1,297.3900,89.7600,1.599742
g_row\[1\].g_col\[1\].pe/_1509_,VPWR,li1,302.4500,84.3200,1.599806
g_row\[1\].g_col\[1\].pe/_1508_,VPWR,li1,290.9500,84.3200,1.599805
g_row\[1\].g_col\[1\].pe/_1507_,VPWR,li1,280.6000,78.8800,1.599768
g_row\[1\].g_col\[1\].pe/_1506_,VPWR,li1,306.5900,89.7600,1.599744
g_row\[1\].g_col\[1\].pe/_1504_,VPWR,li1,312.5700,51.6800,1.599859
g_row\[1\].g_col\[1\].pe/_1503_,VPWR,li1,309.3500,51.6800,1.599853
g_row\[1\].g_col\[1\].pe/_1502_,VPWR,li1,312.8000,46.2400,1.599878
g_row\[1\].g_col\[1\].pe/_1501_,VPWR,li1,298.3100,89.7600,1.599742
g_row\[1\].g_col\[1\].pe/_1500_,VPWR,li1,294.1700,84.3200,1.599805
g_row\[1\].g_col\[1\].pe/_1499_,VPWR,li1,293.7100,78.8800,1.599789
g_row\[1\].g_col\[1\].pe/_1498_,VPWR,li1,287.7300,78.8800,1.599779
g_row\[1\].g_col\[1\].pe/_1497_,VPWR,li1,282.9000,78.8800,1.599771
g_row\[1\].g_col\[1\].pe/_1496_,VPWR,li1,283.1300,73.4400,1.599833
g_row\[1\].g_col\[1\].pe/_1495_,VPWR,li1,277.1500,73.4400,1.599833
g_row\[1\].g_col\[1\].pe/_1494_,VPWR,li1,278.3000,73.4400,1.599833
g_row\[1\].g_col\[1\].pe/_1493_,VPWR,li1,269.7900,73.4400,1.599832
g_row\[1\].g_col\[1\].pe/_1492_,VPWR,li1,271.8600,68.0000,1.599770
g_row\[1\].g_col\[1\].pe/_1491_,VPWR,li1,267.0300,84.3200,1.599810
g_row\[1\].g_col\[1\].pe/_1490_,VPWR,li1,261.0500,84.3200,1.599814
g_row\[1\].g_col\[1\].pe/_1489_,VPWR,li1,256.4500,78.8800,1.599730
g_row\[1\].g_col\[1\].pe/_1488_,VPWR,li1,248.4000,84.3200,1.599823
g_row\[1\].g_col\[1\].pe/_1487_,VPWR,li1,255.5300,78.8800,1.599730
g_row\[1\].g_col\[1\].pe/_1486_,VPWR,li1,244.9500,73.4400,1.599839
g_row\[1\].g_col\[1\].pe/_1485_,VPWR,li1,239.8900,73.4400,1.599841
g_row\[1\].g_col\[1\].pe/_1484_,VPWR,li1,241.2700,78.8800,1.599732
g_row\[1\].g_col\[1\].pe/_1483_,VPWR,li1,235.5200,73.4400,1.599843
g_row\[1\].g_col\[1\].pe/_1482_,VPWR,li1,258.7500,84.3200,1.599815
g_row\[1\].g_col\[1\].pe/_1481_,VPWR,li1,261.7400,84.3200,1.599814
g_row\[1\].g_col\[1\].pe/_1480_,VPWR,li1,292.3300,89.7600,1.599743
g_row\[1\].g_col\[1\].pe/_1479_,VPWR,li1,261.9700,89.7600,1.599762
g_row\[1\].g_col\[1\].pe/_1478_,VPWR,li1,285.8900,84.3200,1.599805
g_row\[1\].g_col\[1\].pe/_1477_,VPWR,li1,286.8100,84.3200,1.599805
g_row\[1\].g_col\[1\].pe/_1476_,VPWR,li1,285.2000,78.8800,1.599775
g_row\[1\].g_col\[1\].pe/_1474_,VPWR,li1,293.7100,46.2400,1.599838
g_row\[1\].g_col\[1\].pe/_1473_,VPWR,li1,295.5500,51.6800,1.599825
g_row\[1\].g_col\[1\].pe/_1471_,VPWR,li1,293.9400,46.2400,1.599838
g_row\[1\].g_col\[1\].pe/_1470_,VPWR,li1,292.3300,51.6800,1.599816
g_row\[1\].g_col\[1\].pe/_1469_,VPWR,li1,290.9500,46.2400,1.599830
g_row\[1\].g_col\[1\].pe/_1466_,VPWR,li1,323.6100,51.6800,1.599886
g_row\[1\].g_col\[1\].pe/_1465_,VPWR,li1,279.9100,84.3200,1.599806
g_row\[1\].g_col\[1\].pe/_1464_,VPWR,li1,276.2300,78.8800,1.599761
g_row\[1\].g_col\[1\].pe/_1463_,VPWR,li1,271.4000,78.8800,1.599753
g_row\[1\].g_col\[1\].pe/_1461_,VPWR,li1,260.5900,40.8000,1.599758
g_row\[1\].g_col\[1\].pe/_1460_,VPWR,li1,251.8500,35.3600,1.599799
g_row\[1\].g_col\[1\].pe/_1459_,VPWR,li1,256.9100,40.8000,1.599750
g_row\[1\].g_col\[1\].pe/_1457_,VPWR,li1,252.3100,40.8000,1.599743
g_row\[1\].g_col\[1\].pe/_1453_,VPWR,li1,270.7100,46.2400,1.599798
g_row\[1\].g_col\[1\].pe/_1452_,VPWR,li1,273.0100,84.3200,1.599808
g_row\[1\].g_col\[1\].pe/_1451_,VPWR,li1,267.2600,78.8800,1.599746
g_row\[1\].g_col\[1\].pe/_1449_,VPWR,li1,253.6900,35.3600,1.599803
g_row\[1\].g_col\[1\].pe/_1448_,VPWR,li1,228.3900,35.3600,1.599784
g_row\[1\].g_col\[1\].pe/_1447_,VPWR,li1,248.1700,35.3600,1.599797
g_row\[1\].g_col\[1\].pe/_1444_,VPWR,li1,250.0100,29.9200,1.599830
g_row\[1\].g_col\[1\].pe/_1443_,VPWR,li1,266.5700,89.7600,1.599758
g_row\[1\].g_col\[1\].pe/_1442_,VPWR,li1,260.5900,89.7600,1.599764
g_row\[1\].g_col\[1\].pe/_1441_,VPWR,li1,255.9900,89.7600,1.599768
g_row\[1\].g_col\[1\].pe/_1440_,VPWR,li1,253.4600,84.3200,1.599819
g_row\[1\].g_col\[1\].pe/_1438_,VPWR,li1,254.6100,89.7600,1.599768
g_row\[1\].g_col\[1\].pe/_1437_,VPWR,li1,243.5700,84.3200,1.599827
g_row\[1\].g_col\[1\].pe/_1436_,VPWR,li1,240.3500,78.8800,1.599732
g_row\[1\].g_col\[1\].pe/_1432_,VPWR,li1,246.3300,89.7600,1.599777
g_row\[1\].g_col\[1\].pe/_1431_,VPWR,li1,248.4000,84.3200,1.599823
g_row\[1\].g_col\[1\].pe/_1429_,VPWR,li1,258.2900,95.2000,1.599772
g_row\[1\].g_col\[1\].pe/_1428_,VPWR,li1,249.3200,95.2000,1.599779
g_row\[1\].g_col\[1\].pe/_1427_,VPWR,li1,254.6100,100.6400,1.599768
g_row\[1\].g_col\[1\].pe/_1426_,VPWR,li1,253.0000,100.6400,1.599768
g_row\[1\].g_col\[1\].pe/_1424_,VPWR,li1,242.1900,29.9200,1.599827
g_row\[1\].g_col\[1\].pe/_1423_,VPWR,li1,239.8900,29.9200,1.599827
g_row\[1\].g_col\[1\].pe/_1422_,VPWR,li1,244.0300,29.9200,1.599828
g_row\[1\].g_col\[1\].pe/_1421_,VPWR,li1,228.3900,29.9200,1.599824
g_row\[1\].g_col\[1\].pe/_1420_,VPWR,li1,253.6900,95.2000,1.599775
g_row\[1\].g_col\[1\].pe/_1419_,VPWR,li1,245.4100,95.2000,1.599783
g_row\[1\].g_col\[1\].pe/_1418_,VPWR,li1,247.7100,89.7600,1.599777
g_row\[1\].g_col\[1\].pe/_1416_,VPWR,li1,223.7900,62.5600,1.599694
g_row\[1\].g_col\[1\].pe/_1415_,VPWR,li1,222.4100,62.5600,1.599694
g_row\[1\].g_col\[1\].pe/_1414_,VPWR,li1,220.5700,68.0000,1.599759
g_row\[1\].g_col\[1\].pe/_1413_,VPWR,li1,247.2500,100.6400,1.599772
g_row\[1\].g_col\[1\].pe/_1412_,VPWR,li1,246.1000,95.2000,1.599783
g_row\[1\].g_col\[1\].pe/_1411_,VPWR,li1,226.0900,62.5600,1.599696
g_row\[1\].g_col\[1\].pe/_1408_,VPWR,li1,297.3900,122.4000,1.599528
g_row\[1\].g_col\[1\].pe/_1407_,VPWR,li1,295.5500,116.9600,1.599703
g_row\[1\].g_col\[1\].pe/_1406_,VPWR,li1,294.6300,122.4000,1.599508
g_row\[1\].g_col\[1\].pe/_1405_,VPWR,li1,304.7500,116.9600,1.599737
g_row\[1\].g_col\[1\].pe/_1404_,VPWR,li1,302.9100,116.9600,1.599731
g_row\[1\].g_col\[1\].pe/_1403_,VPWR,li1,235.5200,35.3600,1.599788
g_row\[1\].g_col\[1\].pe/_1402_,VPWR,li1,210.4500,35.3600,1.599785
g_row\[1\].g_col\[1\].pe/_1401_,VPWR,li1,235.5200,46.2400,1.599761
g_row\[1\].g_col\[1\].pe/_1400_,VPWR,li1,213.2100,46.2400,1.599767
g_row\[1\].g_col\[1\].pe/_1399_,VPWR,li1,234.6000,35.3600,1.599786
g_row\[1\].g_col\[1\].pe/_1398_,VPWR,li1,213.2100,40.8000,1.599755
g_row\[1\].g_col\[1\].pe/_1397_,VPWR,li1,231.8400,46.2400,1.599760
g_row\[1\].g_col\[1\].pe/_1396_,VPWR,li1,206.7700,46.2400,1.599772
g_row\[1\].g_col\[1\].pe/_1395_,VPWR,li1,216.2000,46.2400,1.599766
g_row\[1\].g_col\[1\].pe/_1394_,VPWR,li1,207.6900,51.6800,1.599742
g_row\[1\].g_col\[1\].pe/_1393_,VPWR,li1,232.7600,40.8000,1.599729
g_row\[1\].g_col\[1\].pe/_1392_,VPWR,li1,213.6700,35.3600,1.599785
g_row\[1\].g_col\[1\].pe/_1391_,VPWR,li1,235.0600,29.9200,1.599826
g_row\[1\].g_col\[1\].pe/_1389_,VPWR,li1,208.1500,35.3600,1.599787
g_row\[1\].g_col\[1\].pe/_1388_,VPWR,li1,219.8800,46.2400,1.599763
g_row\[1\].g_col\[1\].pe/_1387_,VPWR,li1,209.0700,46.2400,1.599770
g_row\[1\].g_col\[1\].pe/_1386_,VPWR,li1,214.3600,35.3600,1.599784
g_row\[1\].g_col\[1\].pe/_1385_,VPWR,li1,213.2100,29.9200,1.599827
g_row\[1\].g_col\[1\].pe/_1384_,VPWR,li1,213.4400,40.8000,1.599755
g_row\[1\].g_col\[1\].pe/_1383_,VPWR,li1,209.0700,40.8000,1.599770
g_row\[1\].g_col\[1\].pe/_1380_,VPWR,li1,215.7400,29.9200,1.599826
g_row\[1\].g_col\[1\].pe/_1377_,VPWR,li1,278.0700,127.8400,1.599758
g_row\[1\].g_col\[1\].pe/_1376_,VPWR,li1,210.4500,35.3600,1.599785
g_row\[1\].g_col\[1\].pe/_1374_,VPWR,li1,200.7900,46.2400,1.599776
g_row\[1\].g_col\[1\].pe/_1372_,VPWR,li1,200.5600,62.5600,1.599706
g_row\[1\].g_col\[1\].pe/_1371_,VPWR,li1,387.5500,133.2800,1.599612
g_row\[1\].g_col\[1\].pe/_1370_,VPWR,li1,377.2000,144.1600,1.599591
g_row\[1\].g_col\[1\].pe/_1369_,VPWR,li1,328.6700,138.7200,1.599798
g_row\[1\].g_col\[1\].pe/_1368_,VPWR,li1,388.9300,138.7200,1.599695
g_row\[1\].g_col\[1\].pe/_1367_,VPWR,li1,384.3300,138.7200,1.599695
g_row\[1\].g_col\[1\].pe/_1366_,VPWR,li1,388.0100,138.7200,1.599695
g_row\[1\].g_col\[1\].pe/_1365_,VPWR,li1,377.2000,138.7200,1.599695
g_row\[1\].g_col\[1\].pe/_1364_,VPWR,li1,378.3500,133.2800,1.599613
g_row\[1\].g_col\[1\].pe/_1363_,VPWR,li1,387.0900,144.1600,1.599587
g_row\[1\].g_col\[1\].pe/_1362_,VPWR,li1,382.9500,133.2800,1.599613
g_row\[1\].g_col\[1\].pe/_1361_,VPWR,li1,386.6300,133.2800,1.599612
g_row\[1\].g_col\[1\].pe/_1360_,VPWR,li1,382.0300,133.2800,1.599613
g_row\[1\].g_col\[1\].pe/_1359_,VPWR,li1,386.6300,127.8400,1.599740
g_row\[1\].g_col\[1\].pe/_1358_,VPWR,li1,382.0300,127.8400,1.599740
g_row\[1\].g_col\[1\].pe/_1357_,VPWR,li1,386.6300,127.8400,1.599740
g_row\[1\].g_col\[1\].pe/_1356_,VPWR,li1,382.0300,127.8400,1.599740
g_row\[1\].g_col\[1\].pe/_1355_,VPWR,li1,386.1700,122.4000,1.599618
g_row\[1\].g_col\[1\].pe/_1354_,VPWR,li1,381.5700,122.4000,1.599620
g_row\[1\].g_col\[1\].pe/_1353_,VPWR,li1,383.8700,122.4000,1.599618
g_row\[1\].g_col\[1\].pe/_1352_,VPWR,li1,361.1000,122.4000,1.599647
g_row\[1\].g_col\[1\].pe/_1351_,VPWR,li1,363.1700,116.9600,1.599749
g_row\[1\].g_col\[1\].pe/_1350_,VPWR,li1,358.1100,122.4000,1.599654
g_row\[1\].g_col\[1\].pe/_1349_,VPWR,li1,362.7100,122.4000,1.599647
g_row\[1\].g_col\[1\].pe/_1348_,VPWR,li1,359.0300,116.9600,1.599758
g_row\[1\].g_col\[1\].pe/_1347_,VPWR,li1,353.5100,122.4000,1.599666
g_row\[1\].g_col\[1\].pe/_1346_,VPWR,li1,353.5100,106.0800,1.599782
g_row\[1\].g_col\[1\].pe/_1345_,VPWR,li1,345.4600,116.9600,1.599789
g_row\[1\].g_col\[1\].pe/_1344_,VPWR,li1,350.2900,116.9600,1.599779
g_row\[1\].g_col\[1\].pe/_1343_,VPWR,li1,345.2300,122.4000,1.599685
g_row\[1\].g_col\[1\].pe/_1342_,VPWR,li1,349.8300,122.4000,1.599674
g_row\[1\].g_col\[1\].pe/_1341_,VPWR,li1,342.4700,122.4000,1.599693
g_row\[1\].g_col\[1\].pe/_1340_,VPWR,li1,210.9100,68.0000,1.599761
g_row\[1\].g_col\[0\].pe/_2776_,VPWR,li1,379.5000,258.4000,1.599833
g_row\[1\].g_col\[0\].pe/_2775_,VPWR,li1,365.2400,263.8400,1.599733
g_row\[1\].g_col\[0\].pe/_2771_,VPWR,li1,321.7700,258.4000,1.599840
g_row\[1\].g_col\[0\].pe/_2770_,VPWR,li1,267.4900,247.5200,1.599532
g_row\[1\].g_col\[0\].pe/_2769_,VPWR,li1,280.3700,258.4000,1.599689
g_row\[1\].g_col\[0\].pe/_2768_,VPWR,li1,272.0900,263.8400,1.599709
g_row\[1\].g_col\[0\].pe/_2767_,VPWR,li1,290.9500,263.8400,1.599722
g_row\[1\].g_col\[0\].pe/_2766_,VPWR,li1,306.1300,263.8400,1.599748
g_row\[1\].g_col\[0\].pe/_2765_,VPWR,li1,313.9500,258.4000,1.599808
g_row\[1\].g_col\[0\].pe/_2764_,VPWR,li1,322.2300,252.9600,1.599672
g_row\[1\].g_col\[0\].pe/_2763_,VPWR,li1,334.1900,258.4000,1.599865
g_row\[1\].g_col\[0\].pe/_2762_,VPWR,li1,341.5500,252.9600,1.599630
g_row\[1\].g_col\[0\].pe/_2761_,VPWR,li1,349.3700,263.8400,1.599772
g_row\[1\].g_col\[0\].pe/_2760_,VPWR,li1,358.5700,263.8400,1.599750
g_row\[1\].g_col\[0\].pe/_2759_,VPWR,li1,365.0100,258.4000,1.599839
g_row\[1\].g_col\[0\].pe/_2758_,VPWR,li1,370.5300,258.4000,1.599835
g_row\[1\].g_col\[0\].pe/_2757_,VPWR,li1,385.2500,263.8400,1.599715
g_row\[1\].g_col\[0\].pe/_2756_,VPWR,li1,382.0300,247.5200,1.599592
g_row\[1\].g_col\[0\].pe/_2755_,VPWR,li1,330.5100,236.6400,1.599668
g_row\[1\].g_col\[0\].pe/_2754_,VPWR,li1,297.8500,236.6400,1.599508
g_row\[1\].g_col\[0\].pe/_2753_,VPWR,li1,266.5700,242.0800,1.599400
g_row\[1\].g_col\[0\].pe/_2752_,VPWR,li1,280.3700,242.0800,1.599434
g_row\[1\].g_col\[0\].pe/_2751_,VPWR,li1,293.2500,242.0800,1.599481
g_row\[1\].g_col\[0\].pe/_2750_,VPWR,li1,309.3500,236.6400,1.599563
g_row\[1\].g_col\[0\].pe/_2749_,VPWR,li1,319.0100,236.6400,1.599618
g_row\[1\].g_col\[0\].pe/_2748_,VPWR,li1,337.4100,236.6400,1.599625
g_row\[1\].g_col\[0\].pe/_2747_,VPWR,li1,346.1500,236.6400,1.599586
g_row\[1\].g_col\[0\].pe/_2746_,VPWR,li1,353.9700,231.2000,1.599637
g_row\[1\].g_col\[0\].pe/_2745_,VPWR,li1,360.4100,236.6400,1.599535
g_row\[1\].g_col\[0\].pe/_2744_,VPWR,li1,370.5300,225.7600,1.599668
g_row\[1\].g_col\[0\].pe/_2743_,VPWR,li1,383.4100,231.2000,1.599577
g_row\[1\].g_col\[0\].pe/_2742_,VPWR,li1,386.1700,236.6400,1.599495
g_row\[1\].g_col\[0\].pe/_2741_,VPWR,li1,375.5900,231.2000,1.599585
g_row\[1\].g_col\[0\].pe/_2740_,VPWR,li1,388.0100,225.7600,1.599657
g_row\[1\].g_col\[0\].pe/_2739_,VPWR,li1,386.1700,236.6400,1.599495
g_row\[1\].g_col\[0\].pe/_2738_,VPWR,li1,331.8900,231.2000,1.599728
g_row\[1\].g_col\[0\].pe/_2737_,VPWR,li1,235.2900,209.4400,1.599708
g_row\[1\].g_col\[0\].pe/_2736_,VPWR,li1,232.0700,214.8800,1.599623
g_row\[1\].g_col\[0\].pe/_2735_,VPWR,li1,227.4700,214.8800,1.599618
g_row\[1\].g_col\[0\].pe/_2734_,VPWR,li1,239.8900,214.8800,1.599632
g_row\[1\].g_col\[0\].pe/_2733_,VPWR,li1,233.9100,220.3200,1.599722
g_row\[1\].g_col\[0\].pe/_2732_,VPWR,li1,241.7300,204.0000,1.599682
g_row\[1\].g_col\[0\].pe/_2731_,VPWR,li1,220.5700,204.0000,1.599689
g_row\[1\].g_col\[0\].pe/_2730_,VPWR,li1,232.0700,198.5600,1.599763
g_row\[1\].g_col\[0\].pe/_2729_,VPWR,li1,228.8500,198.5600,1.599762
g_row\[1\].g_col\[0\].pe/_2728_,VPWR,li1,217.3500,193.1200,1.599782
g_row\[1\].g_col\[0\].pe/_2727_,VPWR,li1,204.4700,176.8000,1.599738
g_row\[1\].g_col\[0\].pe/_2726_,VPWR,li1,210.9100,187.6800,1.599823
g_row\[1\].g_col\[0\].pe/_2725_,VPWR,li1,212.7500,176.8000,1.599714
g_row\[1\].g_col\[0\].pe/_2724_,VPWR,li1,210.4500,171.3600,1.599840
g_row\[1\].g_col\[0\].pe/_2723_,VPWR,li1,203.5500,165.9200,1.599814
g_row\[1\].g_col\[0\].pe/_2722_,VPWR,li1,230.2300,204.0000,1.599680
g_row\[1\].g_col\[0\].pe/_2721_,VPWR,li1,203.0900,204.0000,1.599715
g_row\[1\].g_col\[0\].pe/_2720_,VPWR,li1,207.6900,204.0000,1.599705
g_row\[1\].g_col\[0\].pe/_2719_,VPWR,li1,205.3900,214.8800,1.599657
g_row\[1\].g_col\[0\].pe/_2718_,VPWR,li1,208.6100,225.7600,1.599626
g_row\[1\].g_col\[0\].pe/_2717_,VPWR,li1,228.8500,231.2000,1.599668
g_row\[1\].g_col\[0\].pe/_2716_,VPWR,li1,218.2700,220.3200,1.599718
g_row\[1\].g_col\[0\].pe/_2715_,VPWR,li1,228.8500,225.7600,1.599567
g_row\[1\].g_col\[0\].pe/_2714_,VPWR,li1,214.1300,220.3200,1.599718
g_row\[1\].g_col\[0\].pe/_2713_,VPWR,li1,213.2100,204.0000,1.599698
g_row\[1\].g_col\[0\].pe/_2712_,VPWR,li1,194.8100,198.5600,1.599808
g_row\[1\].g_col\[0\].pe/_2711_,VPWR,li1,207.6900,193.1200,1.599783
g_row\[1\].g_col\[0\].pe/_2710_,VPWR,li1,194.8100,193.1200,1.599793
g_row\[1\].g_col\[0\].pe/_2709_,VPWR,li1,199.8700,187.6800,1.599826
g_row\[1\].g_col\[0\].pe/_2708_,VPWR,li1,210.4500,193.1200,1.599782
g_row\[1\].g_col\[0\].pe/_2707_,VPWR,li1,201.2500,209.4400,1.599737
g_row\[1\].g_col\[0\].pe/_2706_,VPWR,li1,191.5900,176.8000,1.599779
g_row\[1\].g_col\[0\].pe/_2705_,VPWR,li1,349.3700,149.6000,1.599828
g_row\[1\].g_col\[0\].pe/_2704_,VPWR,li1,204.9300,160.4800,1.599860
g_row\[1\].g_col\[0\].pe/_2703_,VPWR,li1,204.0100,160.4800,1.599860
g_row\[1\].g_col\[0\].pe/_2702_,VPWR,li1,204.4700,155.0400,1.599817
g_row\[1\].g_col\[0\].pe/_2701_,VPWR,li1,323.6100,127.8400,1.599823
g_row\[1\].g_col\[0\].pe/_2700_,VPWR,li1,314.4100,138.7200,1.599746
g_row\[1\].g_col\[0\].pe/_2699_,VPWR,li1,333.2700,138.7200,1.599774
g_row\[1\].g_col\[0\].pe/_2698_,VPWR,li1,324.0700,144.1600,1.599799
g_row\[1\].g_col\[0\].pe/_2697_,VPWR,li1,324.5300,155.0400,1.599849
g_row\[1\].g_col\[0\].pe/_2696_,VPWR,li1,360.4100,149.6000,1.599813
g_row\[1\].g_col\[0\].pe/_2695_,VPWR,li1,344.7700,144.1600,1.599707
g_row\[1\].g_col\[0\].pe/_2694_,VPWR,li1,336.4900,144.1600,1.599757
g_row\[1\].g_col\[0\].pe/_2693_,VPWR,li1,336.4900,144.1600,1.599757
g_row\[1\].g_col\[0\].pe/_2692_,VPWR,li1,365.0100,160.4800,1.599716
g_row\[1\].g_col\[0\].pe/_2691_,VPWR,li1,349.3700,155.0400,1.599773
g_row\[1\].g_col\[0\].pe/_2690_,VPWR,li1,364.0900,155.0400,1.599719
g_row\[1\].g_col\[0\].pe/_2689_,VPWR,li1,212.9800,160.4800,1.599855
g_row\[1\].g_col\[0\].pe/_2688_,VPWR,li1,252.0800,204.0000,1.599697
g_row\[1\].g_col\[0\].pe/_2687_,VPWR,li1,207.0000,182.2400,1.599819
g_row\[1\].g_col\[0\].pe/_2686_,VPWR,li1,213.2100,182.2400,1.599817
g_row\[1\].g_col\[0\].pe/_2685_,VPWR,li1,207.0000,176.8000,1.599729
g_row\[1\].g_col\[0\].pe/_2684_,VPWR,li1,209.9900,176.8000,1.599720
g_row\[1\].g_col\[0\].pe/_2683_,VPWR,li1,205.6200,171.3600,1.599845
g_row\[1\].g_col\[0\].pe/_2682_,VPWR,li1,216.4300,182.2400,1.599817
g_row\[1\].g_col\[0\].pe/_2681_,VPWR,li1,196.8800,165.9200,1.599828
g_row\[1\].g_col\[0\].pe/_2680_,VPWR,li1,209.0700,160.4800,1.599857
g_row\[1\].g_col\[0\].pe/_2679_,VPWR,li1,230.9200,204.0000,1.599680
g_row\[1\].g_col\[0\].pe/_2678_,VPWR,li1,222.4100,204.0000,1.599686
g_row\[1\].g_col\[0\].pe/_2677_,VPWR,li1,201.4800,198.5600,1.599795
g_row\[1\].g_col\[0\].pe/_2676_,VPWR,li1,200.7900,204.0000,1.599719
g_row\[1\].g_col\[0\].pe/_2675_,VPWR,li1,197.3400,204.0000,1.599729
g_row\[1\].g_col\[0\].pe/_2674_,VPWR,li1,193.4300,204.0000,1.599737
g_row\[1\].g_col\[0\].pe/_2673_,VPWR,li1,194.8100,182.2400,1.599838
g_row\[1\].g_col\[0\].pe/_2672_,VPWR,li1,194.8100,209.4400,1.599757
g_row\[1\].g_col\[0\].pe/_2671_,VPWR,li1,192.9700,214.8800,1.599712
g_row\[1\].g_col\[0\].pe/_2670_,VPWR,li1,207.9200,209.4400,1.599723
g_row\[1\].g_col\[0\].pe/_2669_,VPWR,li1,209.5300,214.8800,1.599641
g_row\[1\].g_col\[0\].pe/_2668_,VPWR,li1,206.5400,214.8800,1.599657
g_row\[1\].g_col\[0\].pe/_2667_,VPWR,li1,210.4500,214.8800,1.599641
g_row\[1\].g_col\[0\].pe/_2666_,VPWR,li1,207.4600,225.7600,1.599626
g_row\[1\].g_col\[0\].pe/_2665_,VPWR,li1,208.6100,220.3200,1.599721
g_row\[1\].g_col\[0\].pe/_2664_,VPWR,li1,222.6400,225.7600,1.599579
g_row\[1\].g_col\[0\].pe/_2663_,VPWR,li1,223.7900,231.2000,1.599676
g_row\[1\].g_col\[0\].pe/_2662_,VPWR,li1,224.0200,220.3200,1.599719
g_row\[1\].g_col\[0\].pe/_2661_,VPWR,li1,219.6500,231.2000,1.599684
g_row\[1\].g_col\[0\].pe/_2660_,VPWR,li1,227.7000,220.3200,1.599720
g_row\[1\].g_col\[0\].pe/_2659_,VPWR,li1,236.2100,220.3200,1.599724
g_row\[1\].g_col\[0\].pe/_2658_,VPWR,li1,213.9000,209.4400,1.599708
g_row\[1\].g_col\[0\].pe/_2657_,VPWR,li1,210.4500,225.7600,1.599615
g_row\[1\].g_col\[0\].pe/_2656_,VPWR,li1,213.9000,204.0000,1.599696
g_row\[1\].g_col\[0\].pe/_2655_,VPWR,li1,208.1500,204.0000,1.599705
g_row\[1\].g_col\[0\].pe/_2654_,VPWR,li1,196.8800,204.0000,1.599729
g_row\[1\].g_col\[0\].pe/_2653_,VPWR,li1,197.5700,198.5600,1.599803
g_row\[1\].g_col\[0\].pe/_2652_,VPWR,li1,206.0800,198.5600,1.599787
g_row\[1\].g_col\[0\].pe/_2651_,VPWR,li1,209.0700,198.5600,1.599783
g_row\[1\].g_col\[0\].pe/_2650_,VPWR,li1,196.4200,193.1200,1.599791
g_row\[1\].g_col\[0\].pe/_2649_,VPWR,li1,200.3300,193.1200,1.599789
g_row\[1\].g_col\[0\].pe/_2648_,VPWR,li1,201.0200,187.6800,1.599826
g_row\[1\].g_col\[0\].pe/_2647_,VPWR,li1,204.0100,187.6800,1.599824
g_row\[1\].g_col\[0\].pe/_2646_,VPWR,li1,207.4600,187.6800,1.599824
g_row\[1\].g_col\[0\].pe/_2645_,VPWR,li1,210.4500,187.6800,1.599823
g_row\[1\].g_col\[0\].pe/_2644_,VPWR,li1,202.8600,214.8800,1.599668
g_row\[1\].g_col\[0\].pe/_2643_,VPWR,li1,201.2500,209.4400,1.599737
g_row\[1\].g_col\[0\].pe/_2642_,VPWR,li1,195.5000,171.3600,1.599855
g_row\[1\].g_col\[0\].pe/_2641_,VPWR,li1,193.8900,176.8000,1.599771
g_row\[1\].g_col\[0\].pe/_2640_,VPWR,li1,352.3600,149.6000,1.599822
g_row\[1\].g_col\[0\].pe/_2639_,VPWR,li1,355.3500,149.6000,1.599817
g_row\[1\].g_col\[0\].pe/_2638_,VPWR,li1,369.3800,149.6000,1.599803
g_row\[1\].g_col\[0\].pe/_2637_,VPWR,li1,369.1500,149.6000,1.599803
g_row\[1\].g_col\[0\].pe/_2636_,VPWR,li1,370.0700,155.0400,1.599706
g_row\[1\].g_col\[0\].pe/_2635_,VPWR,li1,202.1700,149.6000,1.599867
g_row\[1\].g_col\[0\].pe/_2634_,VPWR,li1,324.0700,138.7200,1.599780
g_row\[1\].g_col\[0\].pe/_2633_,VPWR,li1,198.2600,160.4800,1.599867
g_row\[1\].g_col\[0\].pe/_2632_,VPWR,li1,195.2700,160.4800,1.599874
g_row\[1\].g_col\[0\].pe/_2631_,VPWR,li1,201.0200,171.3600,1.599849
g_row\[1\].g_col\[0\].pe/_2630_,VPWR,li1,197.5700,171.3600,1.599851
g_row\[1\].g_col\[0\].pe/_2628_,VPWR,li1,196.8800,155.0400,1.599830
g_row\[1\].g_col\[0\].pe/_2627_,VPWR,li1,197.5700,160.4800,1.599871
g_row\[1\].g_col\[0\].pe/_2626_,VPWR,li1,321.5400,133.2800,1.599776
g_row\[1\].g_col\[0\].pe/_2625_,VPWR,li1,318.5500,138.7200,1.599764
g_row\[1\].g_col\[0\].pe/_2624_,VPWR,li1,320.6200,138.7200,1.599771
g_row\[1\].g_col\[0\].pe/_2623_,VPWR,li1,317.6300,133.2800,1.599772
g_row\[1\].g_col\[0\].pe/_2622_,VPWR,li1,327.5200,138.7200,1.599790
g_row\[1\].g_col\[0\].pe/_2621_,VPWR,li1,326.3700,138.7200,1.599790
g_row\[1\].g_col\[0\].pe/_2619_,VPWR,li1,322.9200,144.1600,1.599799
g_row\[1\].g_col\[0\].pe/_2618_,VPWR,li1,320.3900,149.6000,1.599867
g_row\[1\].g_col\[0\].pe/_2617_,VPWR,li1,335.8000,155.0400,1.599824
g_row\[1\].g_col\[0\].pe/_2616_,VPWR,li1,330.5100,155.0400,1.599856
g_row\[1\].g_col\[0\].pe/_2615_,VPWR,li1,358.8000,149.6000,1.599813
g_row\[1\].g_col\[0\].pe/_2614_,VPWR,li1,355.3500,149.6000,1.599817
g_row\[1\].g_col\[0\].pe/_2613_,VPWR,li1,342.7000,149.6000,1.599837
g_row\[1\].g_col\[0\].pe/_2612_,VPWR,li1,340.1700,155.0400,1.599805
g_row\[1\].g_col\[0\].pe/_2611_,VPWR,li1,329.3600,149.6000,1.599880
g_row\[1\].g_col\[0\].pe/_2610_,VPWR,li1,322.6900,149.6000,1.599870
g_row\[1\].g_col\[0\].pe/_2608_,VPWR,li1,337.1800,149.6000,1.599851
g_row\[1\].g_col\[0\].pe/_2607_,VPWR,li1,326.3700,149.6000,1.599876
g_row\[1\].g_col\[0\].pe/_2606_,VPWR,li1,358.3400,155.0400,1.599737
g_row\[1\].g_col\[0\].pe/_2605_,VPWR,li1,354.8900,155.0400,1.599754
g_row\[1\].g_col\[0\].pe/_2604_,VPWR,li1,347.7600,149.6000,1.599828
g_row\[1\].g_col\[0\].pe/_2603_,VPWR,li1,347.9900,155.0400,1.599773
g_row\[1\].g_col\[0\].pe/_2600_,VPWR,li1,359.2600,155.0400,1.599737
g_row\[1\].g_col\[0\].pe/_2599_,VPWR,li1,354.8900,155.0400,1.599754
g_row\[1\].g_col\[0\].pe/_2595_,VPWR,li1,306.8200,258.4000,1.599778
g_row\[1\].g_col\[0\].pe/_2594_,VPWR,li1,304.7500,247.5200,1.599628
g_row\[1\].g_col\[0\].pe/_2592_,VPWR,li1,265.4200,247.5200,1.599529
g_row\[1\].g_col\[0\].pe/_2591_,VPWR,li1,273.2400,247.5200,1.599542
g_row\[1\].g_col\[0\].pe/_2590_,VPWR,li1,279.9100,247.5200,1.599553
g_row\[1\].g_col\[0\].pe/_2588_,VPWR,li1,278.7600,263.8400,1.599708
g_row\[1\].g_col\[0\].pe/_2587_,VPWR,li1,278.7600,258.4000,1.599689
g_row\[1\].g_col\[0\].pe/_2586_,VPWR,li1,278.7600,252.9600,1.599510
g_row\[1\].g_col\[0\].pe/_2585_,VPWR,li1,279.6800,252.9600,1.599510
g_row\[1\].g_col\[0\].pe/_2584_,VPWR,li1,281.7500,258.4000,1.599697
g_row\[1\].g_col\[0\].pe/_2582_,VPWR,li1,272.7800,263.8400,1.599709
g_row\[1\].g_col\[0\].pe/_2581_,VPWR,li1,272.7800,258.4000,1.599675
g_row\[1\].g_col\[0\].pe/_2580_,VPWR,li1,285.4300,258.4000,1.599707
g_row\[1\].g_col\[0\].pe/_2579_,VPWR,li1,291.1800,252.9600,1.599541
g_row\[1\].g_col\[0\].pe/_2577_,VPWR,li1,285.6600,258.4000,1.599707
g_row\[1\].g_col\[0\].pe/_2576_,VPWR,li1,293.4800,258.4000,1.599730
g_row\[1\].g_col\[0\].pe/_2575_,VPWR,li1,296.4700,258.4000,1.599742
g_row\[1\].g_col\[0\].pe/_2573_,VPWR,li1,300.3800,263.8400,1.599739
g_row\[1\].g_col\[0\].pe/_2572_,VPWR,li1,303.6000,258.4000,1.599769
g_row\[1\].g_col\[0\].pe/_2571_,VPWR,li1,306.5900,263.8400,1.599748
g_row\[1\].g_col\[0\].pe/_2569_,VPWR,li1,310.5000,263.8400,1.599761
g_row\[1\].g_col\[0\].pe/_2568_,VPWR,li1,311.4200,258.4000,1.599799
g_row\[1\].g_col\[0\].pe/_2567_,VPWR,li1,316.2500,263.8400,1.599772
g_row\[1\].g_col\[0\].pe/_2565_,VPWR,li1,316.4800,258.4000,1.599819
g_row\[1\].g_col\[0\].pe/_2564_,VPWR,li1,321.0800,252.9600,1.599672
g_row\[1\].g_col\[0\].pe/_2563_,VPWR,li1,313.0300,252.9600,1.599628
g_row\[1\].g_col\[0\].pe/_2561_,VPWR,li1,333.7300,258.4000,1.599865
g_row\[1\].g_col\[0\].pe/_2560_,VPWR,li1,331.6600,252.9600,1.599695
g_row\[1\].g_col\[0\].pe/_2559_,VPWR,li1,333.2700,252.9600,1.599674
g_row\[1\].g_col\[0\].pe/_2558_,VPWR,li1,335.1100,247.5200,1.599706
g_row\[1\].g_col\[0\].pe/_2557_,VPWR,li1,343.3900,247.5200,1.599664
g_row\[1\].g_col\[0\].pe/_2555_,VPWR,li1,335.3400,252.9600,1.599661
g_row\[1\].g_col\[0\].pe/_2554_,VPWR,li1,338.5600,252.9600,1.599642
g_row\[1\].g_col\[0\].pe/_2553_,VPWR,li1,336.0300,252.9600,1.599661
g_row\[1\].g_col\[0\].pe/_2552_,VPWR,li1,347.0700,252.9600,1.599603
g_row\[1\].g_col\[0\].pe/_2551_,VPWR,li1,342.7000,247.5200,1.599664
g_row\[1\].g_col\[0\].pe/_2549_,VPWR,li1,350.5200,258.4000,1.599850
g_row\[1\].g_col\[0\].pe/_2548_,VPWR,li1,348.2200,258.4000,1.599852
g_row\[1\].g_col\[0\].pe/_2547_,VPWR,li1,351.6700,252.9600,1.599580
g_row\[1\].g_col\[0\].pe/_2546_,VPWR,li1,349.8300,252.9600,1.599587
g_row\[1\].g_col\[0\].pe/_2545_,VPWR,li1,352.1300,252.9600,1.599580
g_row\[1\].g_col\[0\].pe/_2544_,VPWR,li1,358.1100,252.9600,1.599562
g_row\[1\].g_col\[0\].pe/_2542_,VPWR,li1,359.2600,258.4000,1.599844
g_row\[1\].g_col\[0\].pe/_2541_,VPWR,li1,355.5800,258.4000,1.599847
g_row\[1\].g_col\[0\].pe/_2540_,VPWR,li1,354.8900,252.9600,1.599574
g_row\[1\].g_col\[0\].pe/_2539_,VPWR,li1,361.3300,252.9600,1.599557
g_row\[1\].g_col\[0\].pe/_2538_,VPWR,li1,357.8800,252.9600,1.599562
g_row\[1\].g_col\[0\].pe/_2536_,VPWR,li1,359.7200,258.4000,1.599842
g_row\[1\].g_col\[0\].pe/_2535_,VPWR,li1,368.9200,252.9600,1.599542
g_row\[1\].g_col\[0\].pe/_2534_,VPWR,li1,364.7800,247.5200,1.599605
g_row\[1\].g_col\[0\].pe/_2533_,VPWR,li1,366.1600,247.5200,1.599605
g_row\[1\].g_col\[0\].pe/_2532_,VPWR,li1,374.6700,252.9600,1.599534
g_row\[1\].g_col\[0\].pe/_2531_,VPWR,li1,371.9100,247.5200,1.599597
g_row\[1\].g_col\[0\].pe/_2529_,VPWR,li1,364.3200,258.4000,1.599839
g_row\[1\].g_col\[0\].pe/_2528_,VPWR,li1,370.3000,263.8400,1.599722
g_row\[1\].g_col\[0\].pe/_2527_,VPWR,li1,376.0500,252.9600,1.599534
g_row\[1\].g_col\[0\].pe/_2526_,VPWR,li1,376.5100,247.5200,1.599595
g_row\[1\].g_col\[0\].pe/_2525_,VPWR,li1,376.9700,252.9600,1.599531
g_row\[1\].g_col\[0\].pe/_2522_,VPWR,li1,387.3200,263.8400,1.599715
g_row\[1\].g_col\[0\].pe/_2521_,VPWR,li1,382.2600,258.4000,1.599832
g_row\[1\].g_col\[0\].pe/_2520_,VPWR,li1,385.2500,252.9600,1.599525
g_row\[1\].g_col\[0\].pe/_2519_,VPWR,li1,382.4900,252.9600,1.599527
g_row\[1\].g_col\[0\].pe/_2517_,VPWR,li1,304.5200,242.0800,1.599536
g_row\[1\].g_col\[0\].pe/_2516_,VPWR,li1,294.6300,247.5200,1.599592
g_row\[1\].g_col\[0\].pe/_2514_,VPWR,li1,380.6500,247.5200,1.599592
g_row\[1\].g_col\[0\].pe/_2513_,VPWR,li1,381.1100,252.9600,1.599528
g_row\[1\].g_col\[0\].pe/_2512_,VPWR,li1,384.3300,247.5200,1.599592
g_row\[1\].g_col\[0\].pe/_2510_,VPWR,li1,293.2500,242.0800,1.599481
g_row\[1\].g_col\[0\].pe/_2509_,VPWR,li1,290.9500,247.5200,1.599585
g_row\[1\].g_col\[0\].pe/_2508_,VPWR,li1,279.4500,247.5200,1.599553
g_row\[1\].g_col\[0\].pe/_2507_,VPWR,li1,297.3900,247.5200,1.599600
g_row\[1\].g_col\[0\].pe/_2506_,VPWR,li1,307.5100,247.5200,1.599638
g_row\[1\].g_col\[0\].pe/_2505_,VPWR,li1,324.9900,247.5200,1.599707
g_row\[1\].g_col\[0\].pe/_2504_,VPWR,li1,326.3700,242.0800,1.599681
g_row\[1\].g_col\[0\].pe/_2503_,VPWR,li1,290.2600,252.9600,1.599535
g_row\[1\].g_col\[0\].pe/_2502_,VPWR,li1,346.3800,247.5200,1.599653
g_row\[1\].g_col\[0\].pe/_2501_,VPWR,li1,368.4600,247.5200,1.599600
g_row\[1\].g_col\[0\].pe/_2500_,VPWR,li1,369.1500,247.5200,1.599600
g_row\[1\].g_col\[0\].pe/_2499_,VPWR,li1,389.8500,247.5200,1.599591
g_row\[1\].g_col\[0\].pe/_2498_,VPWR,li1,388.0100,252.9600,1.599524
g_row\[1\].g_col\[0\].pe/_2497_,VPWR,li1,352.1300,247.5200,1.599632
g_row\[1\].g_col\[0\].pe/_2496_,VPWR,li1,335.5700,247.5200,1.599697
g_row\[1\].g_col\[0\].pe/_2495_,VPWR,li1,333.7300,247.5200,1.599706
g_row\[1\].g_col\[0\].pe/_2494_,VPWR,li1,276.6900,252.9600,1.599504
g_row\[1\].g_col\[0\].pe/_2493_,VPWR,li1,286.5800,242.0800,1.599450
g_row\[1\].g_col\[0\].pe/_2492_,VPWR,li1,319.7000,247.5200,1.599684
g_row\[1\].g_col\[0\].pe/_2491_,VPWR,li1,320.1600,247.5200,1.599684
g_row\[1\].g_col\[0\].pe/_2490_,VPWR,li1,311.1900,263.8400,1.599761
g_row\[1\].g_col\[0\].pe/_2489_,VPWR,li1,310.5000,252.9600,1.599616
g_row\[1\].g_col\[0\].pe/_2488_,VPWR,li1,298.0800,252.9600,1.599563
g_row\[1\].g_col\[0\].pe/_2487_,VPWR,li1,299.4600,258.4000,1.599752
g_row\[1\].g_col\[0\].pe/_2486_,VPWR,li1,291.4100,247.5200,1.599585
g_row\[1\].g_col\[0\].pe/_2485_,VPWR,li1,287.5000,242.0800,1.599459
g_row\[1\].g_col\[0\].pe/_2484_,VPWR,li1,285.4300,247.5200,1.599566
g_row\[1\].g_col\[0\].pe/_2483_,VPWR,li1,274.3900,247.5200,1.599542
g_row\[1\].g_col\[0\].pe/_2482_,VPWR,li1,276.2300,247.5200,1.599547
g_row\[1\].g_col\[0\].pe/_2481_,VPWR,li1,274.8500,258.4000,1.599680
g_row\[1\].g_col\[0\].pe/_2480_,VPWR,li1,283.5900,252.9600,1.599521
g_row\[1\].g_col\[0\].pe/_2479_,VPWR,li1,287.2700,252.9600,1.599530
g_row\[1\].g_col\[0\].pe/_2478_,VPWR,li1,285.4300,252.9600,1.599525
g_row\[1\].g_col\[0\].pe/_2477_,VPWR,li1,301.0700,252.9600,1.599572
g_row\[1\].g_col\[0\].pe/_2476_,VPWR,li1,296.4700,252.9600,1.599556
g_row\[1\].g_col\[0\].pe/_2475_,VPWR,li1,312.1100,247.5200,1.599652
g_row\[1\].g_col\[0\].pe/_2474_,VPWR,li1,307.5100,252.9600,1.599596
g_row\[1\].g_col\[0\].pe/_2473_,VPWR,li1,316.7100,252.9600,1.599648
g_row\[1\].g_col\[0\].pe/_2472_,VPWR,li1,315.7900,247.5200,1.599662
g_row\[1\].g_col\[0\].pe/_2471_,VPWR,li1,329.3600,247.5200,1.599733
g_row\[1\].g_col\[0\].pe/_2470_,VPWR,li1,339.7100,247.5200,1.599681
g_row\[1\].g_col\[0\].pe/_2469_,VPWR,li1,336.4900,242.0800,1.599662
g_row\[1\].g_col\[0\].pe/_2468_,VPWR,li1,355.8100,247.5200,1.599623
g_row\[1\].g_col\[0\].pe/_2467_,VPWR,li1,355.3500,247.5200,1.599623
g_row\[1\].g_col\[0\].pe/_2466_,VPWR,li1,358.5700,242.0800,1.599575
g_row\[1\].g_col\[0\].pe/_2465_,VPWR,li1,368.4600,252.9600,1.599545
g_row\[1\].g_col\[0\].pe/_2464_,VPWR,li1,372.1400,252.9600,1.599537
g_row\[1\].g_col\[0\].pe/_2463_,VPWR,li1,388.4700,252.9600,1.599524
g_row\[1\].g_col\[0\].pe/_2462_,VPWR,li1,383.8700,258.4000,1.599832
g_row\[1\].g_col\[0\].pe/_2461_,VPWR,li1,388.0100,258.4000,1.599831
g_row\[1\].g_col\[0\].pe/_2460_,VPWR,li1,388.4700,242.0800,1.599511
g_row\[1\].g_col\[0\].pe/_2459_,VPWR,li1,383.8700,242.0800,1.599512
g_row\[1\].g_col\[0\].pe/_2458_,VPWR,li1,378.8100,252.9600,1.599530
g_row\[1\].g_col\[0\].pe/_2457_,VPWR,li1,381.1100,263.8400,1.599717
g_row\[1\].g_col\[0\].pe/_2456_,VPWR,li1,376.5100,258.4000,1.599834
g_row\[1\].g_col\[0\].pe/_2455_,VPWR,li1,376.9700,236.6400,1.599505
g_row\[1\].g_col\[0\].pe/_2454_,VPWR,li1,365.0100,252.9600,1.599548
g_row\[1\].g_col\[0\].pe/_2453_,VPWR,li1,372.3700,242.0800,1.599539
g_row\[1\].g_col\[0\].pe/_2452_,VPWR,li1,360.8700,247.5200,1.599613
g_row\[1\].g_col\[0\].pe/_2451_,VPWR,li1,370.9900,242.0800,1.599539
g_row\[1\].g_col\[0\].pe/_2450_,VPWR,li1,367.7700,242.0800,1.599547
g_row\[1\].g_col\[0\].pe/_2449_,VPWR,li1,368.2300,236.6400,1.599518
g_row\[1\].g_col\[0\].pe/_2448_,VPWR,li1,375.1300,242.0800,1.599532
g_row\[1\].g_col\[0\].pe/_2447_,VPWR,li1,349.3700,247.5200,1.599644
g_row\[1\].g_col\[0\].pe/_2446_,VPWR,li1,351.6700,247.5200,1.599637
g_row\[1\].g_col\[0\].pe/_2445_,VPWR,li1,370.9900,236.6400,1.599513
g_row\[1\].g_col\[0\].pe/_2444_,VPWR,li1,346.1500,242.0800,1.599622
g_row\[1\].g_col\[0\].pe/_2443_,VPWR,li1,343.3900,242.0800,1.599631
g_row\[1\].g_col\[0\].pe/_2442_,VPWR,li1,343.3900,242.0800,1.599631
g_row\[1\].g_col\[0\].pe/_2441_,VPWR,li1,362.7100,242.0800,1.599567
g_row\[1\].g_col\[0\].pe/_2440_,VPWR,li1,333.2700,242.0800,1.599676
g_row\[1\].g_col\[0\].pe/_2439_,VPWR,li1,356.7300,242.0800,1.599584
g_row\[1\].g_col\[0\].pe/_2438_,VPWR,li1,324.5300,247.5200,1.599707
g_row\[1\].g_col\[0\].pe/_2437_,VPWR,li1,321.3100,242.0800,1.599642
g_row\[1\].g_col\[0\].pe/_2436_,VPWR,li1,350.2900,236.6400,1.599567
g_row\[1\].g_col\[0\].pe/_2435_,VPWR,li1,316.7100,247.5200,1.599672
g_row\[1\].g_col\[0\].pe/_2434_,VPWR,li1,337.4100,236.6400,1.599625
g_row\[1\].g_col\[0\].pe/_2433_,VPWR,li1,303.8300,258.4000,1.599769
g_row\[1\].g_col\[0\].pe/_2432_,VPWR,li1,319.9300,242.0800,1.599628
g_row\[1\].g_col\[0\].pe/_2431_,VPWR,li1,293.7100,252.9600,1.599547
g_row\[1\].g_col\[0\].pe/_2430_,VPWR,li1,312.5700,242.0800,1.599582
g_row\[1\].g_col\[0\].pe/_2429_,VPWR,li1,297.8500,242.0800,1.599501
g_row\[1\].g_col\[0\].pe/_2428_,VPWR,li1,273.9300,252.9600,1.599501
g_row\[1\].g_col\[0\].pe/_2427_,VPWR,li1,273.4700,252.9600,1.599501
g_row\[1\].g_col\[0\].pe/_2426_,VPWR,li1,281.2900,242.0800,1.599434
g_row\[1\].g_col\[0\].pe/_2425_,VPWR,li1,274.3900,242.0800,1.599415
g_row\[1\].g_col\[0\].pe/_2424_,VPWR,li1,270.9400,247.5200,1.599537
g_row\[1\].g_col\[0\].pe/_2423_,VPWR,li1,268.4100,247.5200,1.599532
g_row\[1\].g_col\[0\].pe/_2422_,VPWR,li1,270.2500,242.0800,1.599408
g_row\[1\].g_col\[0\].pe/_2421_,VPWR,li1,282.2100,236.6400,1.599472
g_row\[1\].g_col\[0\].pe/_2420_,VPWR,li1,298.7700,242.0800,1.599501
g_row\[1\].g_col\[0\].pe/_2419_,VPWR,li1,307.9700,242.0800,1.599555
g_row\[1\].g_col\[0\].pe/_2418_,VPWR,li1,317.6300,242.0800,1.599615
g_row\[1\].g_col\[0\].pe/_2417_,VPWR,li1,338.3300,242.0800,1.599653
g_row\[1\].g_col\[0\].pe/_2416_,VPWR,li1,345.6900,236.6400,1.599586
g_row\[1\].g_col\[0\].pe/_2415_,VPWR,li1,354.8900,236.6400,1.599552
g_row\[1\].g_col\[0\].pe/_2414_,VPWR,li1,360.8700,236.6400,1.599535
g_row\[1\].g_col\[0\].pe/_2413_,VPWR,li1,366.3900,236.6400,1.599522
g_row\[1\].g_col\[0\].pe/_2412_,VPWR,li1,376.2800,236.6400,1.599505
g_row\[1\].g_col\[0\].pe/_2411_,VPWR,li1,384.1000,231.2000,1.599577
g_row\[1\].g_col\[0\].pe/_2410_,VPWR,li1,387.3200,247.5200,1.599591
g_row\[1\].g_col\[0\].pe/_2409_,VPWR,li1,385.7100,252.9600,1.599525
g_row\[1\].g_col\[0\].pe/_2408_,VPWR,li1,367.3100,242.0800,1.599553
g_row\[1\].g_col\[0\].pe/_2406_,VPWR,li1,304.2900,242.0800,1.599536
g_row\[1\].g_col\[0\].pe/_2405_,VPWR,li1,324.0700,242.0800,1.599661
g_row\[1\].g_col\[0\].pe/_2404_,VPWR,li1,329.8200,236.6400,1.599668
g_row\[1\].g_col\[0\].pe/_2403_,VPWR,li1,328.6700,242.0800,1.599699
g_row\[1\].g_col\[0\].pe/_2402_,VPWR,li1,295.5500,231.2000,1.599650
g_row\[1\].g_col\[0\].pe/_2401_,VPWR,li1,296.0100,231.2000,1.599653
g_row\[1\].g_col\[0\].pe/_2399_,VPWR,li1,365.4700,242.0800,1.599558
g_row\[1\].g_col\[0\].pe/_2398_,VPWR,li1,294.8600,225.7600,1.599570
g_row\[1\].g_col\[0\].pe/_2397_,VPWR,li1,292.3300,225.7600,1.599558
g_row\[1\].g_col\[0\].pe/_2396_,VPWR,li1,263.1200,236.6400,1.599448
g_row\[1\].g_col\[0\].pe/_2395_,VPWR,li1,268.1800,236.6400,1.599452
g_row\[1\].g_col\[0\].pe/_2394_,VPWR,li1,273.0100,236.6400,1.599458
g_row\[1\].g_col\[0\].pe/_2393_,VPWR,li1,269.7900,236.6400,1.599455
g_row\[1\].g_col\[0\].pe/_2392_,VPWR,li1,256.4500,236.6400,1.599444
g_row\[1\].g_col\[0\].pe/_2391_,VPWR,li1,242.6500,231.2000,1.599654
g_row\[1\].g_col\[0\].pe/_2390_,VPWR,li1,240.8100,220.3200,1.599728
g_row\[1\].g_col\[0\].pe/_2389_,VPWR,li1,245.4100,220.3200,1.599730
g_row\[1\].g_col\[0\].pe/_2388_,VPWR,li1,248.1700,220.3200,1.599734
g_row\[1\].g_col\[0\].pe/_2387_,VPWR,li1,242.1900,225.7600,1.599548
g_row\[1\].g_col\[0\].pe/_2386_,VPWR,li1,243.1100,231.2000,1.599654
g_row\[1\].g_col\[0\].pe/_2385_,VPWR,li1,255.0700,231.2000,1.599644
g_row\[1\].g_col\[0\].pe/_2384_,VPWR,li1,271.1700,231.2000,1.599637
g_row\[1\].g_col\[0\].pe/_2383_,VPWR,li1,272.0900,236.6400,1.599458
g_row\[1\].g_col\[0\].pe/_2381_,VPWR,li1,274.3900,236.6400,1.599461
g_row\[1\].g_col\[0\].pe/_2380_,VPWR,li1,279.9100,236.6400,1.599468
g_row\[1\].g_col\[0\].pe/_2379_,VPWR,li1,277.6100,236.6400,1.599463
g_row\[1\].g_col\[0\].pe/_2378_,VPWR,li1,287.2700,231.2000,1.599641
g_row\[1\].g_col\[0\].pe/_2377_,VPWR,li1,284.9700,236.6400,1.599477
g_row\[1\].g_col\[0\].pe/_2376_,VPWR,li1,283.8200,231.2000,1.599639
g_row\[1\].g_col\[0\].pe/_2375_,VPWR,li1,275.7700,231.2000,1.599637
g_row\[1\].g_col\[0\].pe/_2374_,VPWR,li1,259.2100,231.2000,1.599641
g_row\[1\].g_col\[0\].pe/_2373_,VPWR,li1,260.8200,225.7600,1.599525
g_row\[1\].g_col\[0\].pe/_2372_,VPWR,li1,248.6300,231.2000,1.599649
g_row\[1\].g_col\[0\].pe/_2371_,VPWR,li1,248.1700,231.2000,1.599649
g_row\[1\].g_col\[0\].pe/_2370_,VPWR,li1,235.9800,231.2000,1.599661
g_row\[1\].g_col\[0\].pe/_2369_,VPWR,li1,239.4300,231.2000,1.599657
g_row\[1\].g_col\[0\].pe/_2368_,VPWR,li1,239.4300,225.7600,1.599552
g_row\[1\].g_col\[0\].pe/_2367_,VPWR,li1,241.9600,225.7600,1.599548
g_row\[1\].g_col\[0\].pe/_2366_,VPWR,li1,248.6300,220.3200,1.599734
g_row\[1\].g_col\[0\].pe/_2365_,VPWR,li1,244.7200,225.7600,1.599544
g_row\[1\].g_col\[0\].pe/_2364_,VPWR,li1,244.0300,220.3200,1.599730
g_row\[1\].g_col\[0\].pe/_2363_,VPWR,li1,242.8800,214.8800,1.599639
g_row\[1\].g_col\[0\].pe/_2361_,VPWR,li1,287.7300,236.6400,1.599484
g_row\[1\].g_col\[0\].pe/_2360_,VPWR,li1,292.1000,236.6400,1.599495
g_row\[1\].g_col\[0\].pe/_2359_,VPWR,li1,289.1100,236.6400,1.599484
g_row\[1\].g_col\[0\].pe/_2358_,VPWR,li1,290.0300,231.2000,1.599644
g_row\[1\].g_col\[0\].pe/_2357_,VPWR,li1,307.9700,231.2000,1.599673
g_row\[1\].g_col\[0\].pe/_2356_,VPWR,li1,280.8300,231.2000,1.599638
g_row\[1\].g_col\[0\].pe/_2355_,VPWR,li1,287.2700,225.7600,1.599539
g_row\[1\].g_col\[0\].pe/_2354_,VPWR,li1,284.7400,225.7600,1.599530
g_row\[1\].g_col\[0\].pe/_2353_,VPWR,li1,277.6100,231.2000,1.599637
g_row\[1\].g_col\[0\].pe/_2352_,VPWR,li1,269.1000,225.7600,1.599516
g_row\[1\].g_col\[0\].pe/_2351_,VPWR,li1,272.5500,231.2000,1.599637
g_row\[1\].g_col\[0\].pe/_2350_,VPWR,li1,267.0300,231.2000,1.599639
g_row\[1\].g_col\[0\].pe/_2349_,VPWR,li1,261.0500,231.2000,1.599640
g_row\[1\].g_col\[0\].pe/_2348_,VPWR,li1,267.4900,231.2000,1.599638
g_row\[1\].g_col\[0\].pe/_2347_,VPWR,li1,253.6900,231.2000,1.599646
g_row\[1\].g_col\[0\].pe/_2346_,VPWR,li1,251.8500,225.7600,1.599536
g_row\[1\].g_col\[0\].pe/_2345_,VPWR,li1,247.2500,225.7600,1.599542
g_row\[1\].g_col\[0\].pe/_2344_,VPWR,li1,249.5500,225.7600,1.599538
g_row\[1\].g_col\[0\].pe/_2343_,VPWR,li1,246.7900,225.7600,1.599542
g_row\[1\].g_col\[0\].pe/_2342_,VPWR,li1,246.5600,209.4400,1.599724
g_row\[1\].g_col\[0\].pe/_2341_,VPWR,li1,246.7900,209.4400,1.599724
g_row\[1\].g_col\[0\].pe/_2340_,VPWR,li1,246.5600,214.8800,1.599644
g_row\[1\].g_col\[0\].pe/_2339_,VPWR,li1,261.0500,220.3200,1.599745
g_row\[1\].g_col\[0\].pe/_2338_,VPWR,li1,281.2900,231.2000,1.599638
g_row\[1\].g_col\[0\].pe/_2337_,VPWR,li1,271.8600,225.7600,1.599513
g_row\[1\].g_col\[0\].pe/_2336_,VPWR,li1,298.3100,236.6400,1.599508
g_row\[1\].g_col\[0\].pe/_2335_,VPWR,li1,309.3500,236.6400,1.599563
g_row\[1\].g_col\[0\].pe/_2334_,VPWR,li1,311.8800,231.2000,1.599681
g_row\[1\].g_col\[0\].pe/_2333_,VPWR,li1,311.8800,231.2000,1.599681
g_row\[1\].g_col\[0\].pe/_2332_,VPWR,li1,332.1200,225.7600,1.599746
g_row\[1\].g_col\[0\].pe/_2331_,VPWR,li1,323.8400,225.7600,1.599725
g_row\[1\].g_col\[0\].pe/_2330_,VPWR,li1,322.9200,220.3200,1.599840
g_row\[1\].g_col\[0\].pe/_2329_,VPWR,li1,317.1700,231.2000,1.599692
g_row\[1\].g_col\[0\].pe/_2328_,VPWR,li1,303.3700,231.2000,1.599661
g_row\[1\].g_col\[0\].pe/_2327_,VPWR,li1,301.7600,225.7600,1.599607
g_row\[1\].g_col\[0\].pe/_2326_,VPWR,li1,300.1500,231.2000,1.599659
g_row\[1\].g_col\[0\].pe/_2325_,VPWR,li1,285.8900,231.2000,1.599641
g_row\[1\].g_col\[0\].pe/_2324_,VPWR,li1,284.9700,220.3200,1.599773
g_row\[1\].g_col\[0\].pe/_2323_,VPWR,li1,273.0100,225.7600,1.599513
g_row\[1\].g_col\[0\].pe/_2322_,VPWR,li1,271.1700,220.3200,1.599754
g_row\[1\].g_col\[0\].pe/_2321_,VPWR,li1,268.1800,225.7600,1.599518
g_row\[1\].g_col\[0\].pe/_2320_,VPWR,li1,265.1900,225.7600,1.599520
g_row\[1\].g_col\[0\].pe/_2319_,VPWR,li1,266.5700,220.3200,1.599751
g_row\[1\].g_col\[0\].pe/_2318_,VPWR,li1,260.1300,220.3200,1.599745
g_row\[1\].g_col\[0\].pe/_2317_,VPWR,li1,252.3100,220.3200,1.599737
g_row\[1\].g_col\[0\].pe/_2316_,VPWR,li1,255.0700,225.7600,1.599533
g_row\[1\].g_col\[0\].pe/_2315_,VPWR,li1,254.8400,220.3200,1.599739
g_row\[1\].g_col\[0\].pe/_2314_,VPWR,li1,254.6100,220.3200,1.599739
g_row\[1\].g_col\[0\].pe/_2313_,VPWR,li1,253.9200,214.8800,1.599657
g_row\[1\].g_col\[0\].pe/_2312_,VPWR,li1,255.7600,209.4400,1.599738
g_row\[1\].g_col\[0\].pe/_2311_,VPWR,li1,263.8100,225.7600,1.599522
g_row\[1\].g_col\[0\].pe/_2310_,VPWR,li1,274.3900,220.3200,1.599760
g_row\[1\].g_col\[0\].pe/_2309_,VPWR,li1,298.3100,225.7600,1.599591
g_row\[1\].g_col\[0\].pe/_2308_,VPWR,li1,316.2500,242.0800,1.599597
g_row\[1\].g_col\[0\].pe/_2307_,VPWR,li1,316.2500,236.6400,1.599602
g_row\[1\].g_col\[0\].pe/_2306_,VPWR,li1,316.9400,231.2000,1.599692
g_row\[1\].g_col\[0\].pe/_2305_,VPWR,li1,324.5300,231.2000,1.599710
g_row\[1\].g_col\[0\].pe/_2304_,VPWR,li1,334.4200,225.7600,1.599735
g_row\[1\].g_col\[0\].pe/_2303_,VPWR,li1,346.1500,225.7600,1.599708
g_row\[1\].g_col\[0\].pe/_2302_,VPWR,li1,340.6300,225.7600,1.599722
g_row\[1\].g_col\[0\].pe/_2301_,VPWR,li1,369.8400,220.3200,1.599795
g_row\[1\].g_col\[0\].pe/_2300_,VPWR,li1,361.7900,225.7600,1.599681
g_row\[1\].g_col\[0\].pe/_2299_,VPWR,li1,360.4100,225.7600,1.599681
g_row\[1\].g_col\[0\].pe/_2298_,VPWR,li1,349.3700,225.7600,1.599700
g_row\[1\].g_col\[0\].pe/_2297_,VPWR,li1,324.0700,225.7600,1.599725
g_row\[1\].g_col\[0\].pe/_2296_,VPWR,li1,315.7900,225.7600,1.599674
g_row\[1\].g_col\[0\].pe/_2295_,VPWR,li1,313.0300,225.7600,1.599663
g_row\[1\].g_col\[0\].pe/_2294_,VPWR,li1,310.2700,225.7600,1.599650
g_row\[1\].g_col\[0\].pe/_2293_,VPWR,li1,312.8000,225.7600,1.599663
g_row\[1\].g_col\[0\].pe/_2292_,VPWR,li1,304.7500,225.7600,1.599616
g_row\[1\].g_col\[0\].pe/_2291_,VPWR,li1,303.6000,225.7600,1.599616
g_row\[1\].g_col\[0\].pe/_2290_,VPWR,li1,306.1300,225.7600,1.599629
g_row\[1\].g_col\[0\].pe/_2289_,VPWR,li1,302.9100,214.8800,1.599757
g_row\[1\].g_col\[0\].pe/_2288_,VPWR,li1,297.8500,214.8800,1.599748
g_row\[1\].g_col\[0\].pe/_2287_,VPWR,li1,298.7700,225.7600,1.599591
g_row\[1\].g_col\[0\].pe/_2286_,VPWR,li1,292.3300,220.3200,1.599783
g_row\[1\].g_col\[0\].pe/_2285_,VPWR,li1,285.8900,220.3200,1.599773
g_row\[1\].g_col\[0\].pe/_2284_,VPWR,li1,289.1100,225.7600,1.599547
g_row\[1\].g_col\[0\].pe/_2283_,VPWR,li1,281.5200,220.3200,1.599769
g_row\[1\].g_col\[0\].pe/_2282_,VPWR,li1,286.8100,225.7600,1.599539
g_row\[1\].g_col\[0\].pe/_2281_,VPWR,li1,266.5700,220.3200,1.599751
g_row\[1\].g_col\[0\].pe/_2280_,VPWR,li1,259.2100,214.8800,1.599665
g_row\[1\].g_col\[0\].pe/_2279_,VPWR,li1,257.6000,214.8800,1.599665
g_row\[1\].g_col\[0\].pe/_2278_,VPWR,li1,263.1200,214.8800,1.599675
g_row\[1\].g_col\[0\].pe/_2277_,VPWR,li1,289.8000,220.3200,1.599779
g_row\[1\].g_col\[0\].pe/_2276_,VPWR,li1,277.6100,220.3200,1.599762
g_row\[1\].g_col\[0\].pe/_2275_,VPWR,li1,272.3200,214.8800,1.599693
g_row\[1\].g_col\[0\].pe/_2274_,VPWR,li1,265.4200,209.4400,1.599754
g_row\[1\].g_col\[0\].pe/_2273_,VPWR,li1,300.6100,220.3200,1.599797
g_row\[1\].g_col\[0\].pe/_2272_,VPWR,li1,313.0300,220.3200,1.599820
g_row\[1\].g_col\[0\].pe/_2271_,VPWR,li1,310.2700,220.3200,1.599812
g_row\[1\].g_col\[0\].pe/_2270_,VPWR,li1,319.9300,225.7600,1.599702
g_row\[1\].g_col\[0\].pe/_2269_,VPWR,li1,320.8500,231.2000,1.599703
g_row\[1\].g_col\[0\].pe/_2268_,VPWR,li1,336.0300,231.2000,1.599705
g_row\[1\].g_col\[0\].pe/_2267_,VPWR,li1,338.3300,231.2000,1.599696
g_row\[1\].g_col\[0\].pe/_2266_,VPWR,li1,343.3900,236.6400,1.599596
g_row\[1\].g_col\[0\].pe/_2265_,VPWR,li1,342.4700,225.7600,1.599714
g_row\[1\].g_col\[0\].pe/_2264_,VPWR,li1,341.7800,231.2000,1.599686
g_row\[1\].g_col\[0\].pe/_2263_,VPWR,li1,337.4100,225.7600,1.599728
g_row\[1\].g_col\[0\].pe/_2262_,VPWR,li1,336.0300,220.3200,1.599835
g_row\[1\].g_col\[0\].pe/_2261_,VPWR,li1,338.3300,220.3200,1.599829
g_row\[1\].g_col\[0\].pe/_2260_,VPWR,li1,327.2900,220.3200,1.599852
g_row\[1\].g_col\[0\].pe/_2259_,VPWR,li1,325.9100,220.3200,1.599852
g_row\[1\].g_col\[0\].pe/_2258_,VPWR,li1,329.8200,214.8800,1.599818
g_row\[1\].g_col\[0\].pe/_2257_,VPWR,li1,318.0900,220.3200,1.599828
g_row\[1\].g_col\[0\].pe/_2256_,VPWR,li1,312.5700,209.4400,1.599845
g_row\[1\].g_col\[0\].pe/_2255_,VPWR,li1,313.0300,220.3200,1.599820
g_row\[1\].g_col\[0\].pe/_2254_,VPWR,li1,313.0300,214.8800,1.599784
g_row\[1\].g_col\[0\].pe/_2253_,VPWR,li1,310.2700,214.8800,1.599774
g_row\[1\].g_col\[0\].pe/_2252_,VPWR,li1,305.6700,220.3200,1.599805
g_row\[1\].g_col\[0\].pe/_2251_,VPWR,li1,281.9800,220.3200,1.599769
g_row\[1\].g_col\[0\].pe/_2250_,VPWR,li1,282.6700,214.8800,1.599715
g_row\[1\].g_col\[0\].pe/_2249_,VPWR,li1,280.3700,214.8800,1.599707
g_row\[1\].g_col\[0\].pe/_2248_,VPWR,li1,279.4500,214.8800,1.599707
g_row\[1\].g_col\[0\].pe/_2247_,VPWR,li1,274.1600,214.8800,1.599698
g_row\[1\].g_col\[0\].pe/_2246_,VPWR,li1,302.4500,220.3200,1.599800
g_row\[1\].g_col\[0\].pe/_2245_,VPWR,li1,298.3100,214.8800,1.599748
g_row\[1\].g_col\[0\].pe/_2244_,VPWR,li1,292.3300,214.8800,1.599736
g_row\[1\].g_col\[0\].pe/_2243_,VPWR,li1,288.6500,214.8800,1.599727
g_row\[1\].g_col\[0\].pe/_2242_,VPWR,li1,285.6600,214.8800,1.599719
g_row\[1\].g_col\[0\].pe/_2241_,VPWR,li1,287.0400,204.0000,1.599764
g_row\[1\].g_col\[0\].pe/_2240_,VPWR,li1,296.7000,209.4400,1.599813
g_row\[1\].g_col\[0\].pe/_2239_,VPWR,li1,303.3700,209.4400,1.599827
g_row\[1\].g_col\[0\].pe/_2238_,VPWR,li1,342.2400,220.3200,1.599824
g_row\[1\].g_col\[0\].pe/_2237_,VPWR,li1,344.7700,231.2000,1.599670
g_row\[1\].g_col\[0\].pe/_2236_,VPWR,li1,347.9900,231.2000,1.599662
g_row\[1\].g_col\[0\].pe/_2235_,VPWR,li1,352.5900,236.6400,1.599559
g_row\[1\].g_col\[0\].pe/_2234_,VPWR,li1,348.4500,225.7600,1.599700
g_row\[1\].g_col\[0\].pe/_2233_,VPWR,li1,350.9800,220.3200,1.599809
g_row\[1\].g_col\[0\].pe/_2232_,VPWR,li1,355.3500,220.3200,1.599805
g_row\[1\].g_col\[0\].pe/_2231_,VPWR,li1,355.3500,220.3200,1.599805
g_row\[1\].g_col\[0\].pe/_2230_,VPWR,li1,346.6100,220.3200,1.599814
g_row\[1\].g_col\[0\].pe/_2229_,VPWR,li1,344.0800,220.3200,1.599818
g_row\[1\].g_col\[0\].pe/_2228_,VPWR,li1,341.3200,220.3200,1.599824
g_row\[1\].g_col\[0\].pe/_2227_,VPWR,li1,338.3300,220.3200,1.599829
g_row\[1\].g_col\[0\].pe/_2226_,VPWR,li1,330.9700,220.3200,1.599849
g_row\[1\].g_col\[0\].pe/_2225_,VPWR,li1,321.3100,204.0000,1.599856
g_row\[1\].g_col\[0\].pe/_2224_,VPWR,li1,325.4500,214.8800,1.599819
g_row\[1\].g_col\[0\].pe/_2223_,VPWR,li1,325.9100,214.8800,1.599819
g_row\[1\].g_col\[0\].pe/_2222_,VPWR,li1,329.5900,209.4400,1.599885
g_row\[1\].g_col\[0\].pe/_2221_,VPWR,li1,318.5500,214.8800,1.599799
g_row\[1\].g_col\[0\].pe/_2220_,VPWR,li1,315.3300,214.8800,1.599789
g_row\[1\].g_col\[0\].pe/_2219_,VPWR,li1,311.6500,209.4400,1.599845
g_row\[1\].g_col\[0\].pe/_2218_,VPWR,li1,307.5100,209.4400,1.599836
g_row\[1\].g_col\[0\].pe/_2217_,VPWR,li1,298.7700,209.4400,1.599817
g_row\[1\].g_col\[0\].pe/_2216_,VPWR,li1,293.0200,209.4400,1.599805
g_row\[1\].g_col\[0\].pe/_2215_,VPWR,li1,304.9800,204.0000,1.599809
g_row\[1\].g_col\[0\].pe/_2214_,VPWR,li1,290.9500,198.5600,1.599831
g_row\[1\].g_col\[0\].pe/_2213_,VPWR,li1,315.7900,209.4400,1.599852
g_row\[1\].g_col\[0\].pe/_2212_,VPWR,li1,309.3500,214.8800,1.599774
g_row\[1\].g_col\[0\].pe/_2211_,VPWR,li1,305.6700,214.8800,1.599763
g_row\[1\].g_col\[0\].pe/_2210_,VPWR,li1,301.5300,209.4400,1.599823
g_row\[1\].g_col\[0\].pe/_2209_,VPWR,li1,292.7900,209.4400,1.599805
g_row\[1\].g_col\[0\].pe/_2208_,VPWR,li1,287.0400,209.4400,1.599794
g_row\[1\].g_col\[0\].pe/_2207_,VPWR,li1,297.8500,204.0000,1.599792
g_row\[1\].g_col\[0\].pe/_2206_,VPWR,li1,263.5800,209.4400,1.599751
g_row\[1\].g_col\[0\].pe/_2205_,VPWR,li1,259.4400,209.4400,1.599743
g_row\[1\].g_col\[0\].pe/_2204_,VPWR,li1,262.4300,204.0000,1.599717
g_row\[1\].g_col\[0\].pe/_2203_,VPWR,li1,336.4900,214.8800,1.599792
g_row\[1\].g_col\[0\].pe/_2202_,VPWR,li1,346.6100,214.8800,1.599765
g_row\[1\].g_col\[0\].pe/_2201_,VPWR,li1,360.8700,220.3200,1.599800
g_row\[1\].g_col\[0\].pe/_2200_,VPWR,li1,360.8700,220.3200,1.599800
g_row\[1\].g_col\[0\].pe/_2199_,VPWR,li1,352.1300,231.2000,1.599643
g_row\[1\].g_col\[0\].pe/_2198_,VPWR,li1,356.0400,231.2000,1.599630
g_row\[1\].g_col\[0\].pe/_2197_,VPWR,li1,358.1100,225.7600,1.599686
g_row\[1\].g_col\[0\].pe/_2196_,VPWR,li1,354.8900,225.7600,1.599690
g_row\[1\].g_col\[0\].pe/_2195_,VPWR,li1,356.7300,214.8800,1.599737
g_row\[1\].g_col\[0\].pe/_2194_,VPWR,li1,350.7500,214.8800,1.599750
g_row\[1\].g_col\[0\].pe/_2193_,VPWR,li1,350.2900,209.4400,1.599839
g_row\[1\].g_col\[0\].pe/_2192_,VPWR,li1,348.4500,214.8800,1.599755
g_row\[1\].g_col\[0\].pe/_2191_,VPWR,li1,342.9300,214.8800,1.599770
g_row\[1\].g_col\[0\].pe/_2190_,VPWR,li1,339.2500,214.8800,1.599783
g_row\[1\].g_col\[0\].pe/_2189_,VPWR,li1,341.5500,214.8800,1.599776
g_row\[1\].g_col\[0\].pe/_2188_,VPWR,li1,333.2700,204.0000,1.599863
g_row\[1\].g_col\[0\].pe/_2187_,VPWR,li1,332.3500,198.5600,1.599891
g_row\[1\].g_col\[0\].pe/_2186_,VPWR,li1,336.9500,214.8800,1.599792
g_row\[1\].g_col\[0\].pe/_2185_,VPWR,li1,334.1900,209.4400,1.599872
g_row\[1\].g_col\[0\].pe/_2184_,VPWR,li1,336.7200,204.0000,1.599852
g_row\[1\].g_col\[0\].pe/_2183_,VPWR,li1,330.9700,214.8800,1.599818
g_row\[1\].g_col\[0\].pe/_2182_,VPWR,li1,326.3700,204.0000,1.599868
g_row\[1\].g_col\[0\].pe/_2181_,VPWR,li1,322.6900,209.4400,1.599866
g_row\[1\].g_col\[0\].pe/_2180_,VPWR,li1,318.0900,204.0000,1.599846
g_row\[1\].g_col\[0\].pe/_2179_,VPWR,li1,314.4100,193.1200,1.599886
g_row\[1\].g_col\[0\].pe/_2178_,VPWR,li1,312.3400,187.6800,1.599892
g_row\[1\].g_col\[0\].pe/_2177_,VPWR,li1,312.3400,204.0000,1.599829
g_row\[1\].g_col\[0\].pe/_2176_,VPWR,li1,278.0700,204.0000,1.599748
g_row\[1\].g_col\[0\].pe/_2175_,VPWR,li1,275.3100,204.0000,1.599741
g_row\[1\].g_col\[0\].pe/_2174_,VPWR,li1,322.2300,204.0000,1.599856
g_row\[1\].g_col\[0\].pe/_2173_,VPWR,li1,325.4500,209.4400,1.599876
g_row\[1\].g_col\[0\].pe/_2172_,VPWR,li1,295.0900,204.0000,1.599786
g_row\[1\].g_col\[0\].pe/_2171_,VPWR,li1,289.1100,204.0000,1.599772
g_row\[1\].g_col\[0\].pe/_2170_,VPWR,li1,286.1200,198.5600,1.599825
g_row\[1\].g_col\[0\].pe/_2169_,VPWR,li1,290.9500,204.0000,1.599776
g_row\[1\].g_col\[0\].pe/_2168_,VPWR,li1,264.2700,204.0000,1.599721
g_row\[1\].g_col\[0\].pe/_2167_,VPWR,li1,267.2600,204.0000,1.599726
g_row\[1\].g_col\[0\].pe/_2166_,VPWR,li1,261.5100,198.5600,1.599793
g_row\[1\].g_col\[0\].pe/_2165_,VPWR,li1,265.4200,198.5600,1.599798
g_row\[1\].g_col\[0\].pe/_2164_,VPWR,li1,265.1900,193.1200,1.599818
g_row\[1\].g_col\[0\].pe/_2163_,VPWR,li1,256.9100,198.5600,1.599786
g_row\[1\].g_col\[0\].pe/_2162_,VPWR,li1,355.8100,214.8800,1.599737
g_row\[1\].g_col\[0\].pe/_2161_,VPWR,li1,363.6300,220.3200,1.599798
g_row\[1\].g_col\[0\].pe/_2160_,VPWR,li1,358.5700,231.2000,1.599622
g_row\[1\].g_col\[0\].pe/_2159_,VPWR,li1,364.0900,231.2000,1.599608
g_row\[1\].g_col\[0\].pe/_2158_,VPWR,li1,361.1000,231.2000,1.599615
g_row\[1\].g_col\[0\].pe/_2157_,VPWR,li1,360.8700,231.2000,1.599615
g_row\[1\].g_col\[0\].pe/_2156_,VPWR,li1,364.0900,220.3200,1.599798
g_row\[1\].g_col\[0\].pe/_2155_,VPWR,li1,363.4000,225.7600,1.599677
g_row\[1\].g_col\[0\].pe/_2154_,VPWR,li1,376.7400,214.8800,1.599707
g_row\[1\].g_col\[0\].pe/_2153_,VPWR,li1,377.6600,209.4400,1.599808
g_row\[1\].g_col\[0\].pe/_2152_,VPWR,li1,370.5300,220.3200,1.599795
g_row\[1\].g_col\[0\].pe/_2151_,VPWR,li1,383.4100,214.8800,1.599701
g_row\[1\].g_col\[0\].pe/_2150_,VPWR,li1,381.3400,214.8800,1.599703
g_row\[1\].g_col\[0\].pe/_2149_,VPWR,li1,363.1700,214.8800,1.599723
g_row\[1\].g_col\[0\].pe/_2148_,VPWR,li1,360.4100,214.8800,1.599729
g_row\[1\].g_col\[0\].pe/_2147_,VPWR,li1,355.8100,209.4400,1.599829
g_row\[1\].g_col\[0\].pe/_2146_,VPWR,li1,349.8300,209.4400,1.599839
g_row\[1\].g_col\[0\].pe/_2145_,VPWR,li1,349.8300,204.0000,1.599823
g_row\[1\].g_col\[0\].pe/_2144_,VPWR,li1,343.8500,209.4400,1.599851
g_row\[1\].g_col\[0\].pe/_2143_,VPWR,li1,338.3300,204.0000,1.599852
g_row\[1\].g_col\[0\].pe/_2142_,VPWR,li1,332.3500,204.0000,1.599863
g_row\[1\].g_col\[0\].pe/_2141_,VPWR,li1,327.7500,198.5600,1.599893
g_row\[1\].g_col\[0\].pe/_2140_,VPWR,li1,311.6500,204.0000,1.599829
g_row\[1\].g_col\[0\].pe/_2139_,VPWR,li1,308.6600,204.0000,1.599820
g_row\[1\].g_col\[0\].pe/_2138_,VPWR,li1,325.2200,187.6800,1.599910
g_row\[1\].g_col\[0\].pe/_2137_,VPWR,li1,320.3900,198.5600,1.599879
g_row\[1\].g_col\[0\].pe/_2136_,VPWR,li1,332.5800,193.1200,1.599912
g_row\[1\].g_col\[0\].pe/_2135_,VPWR,li1,342.0100,209.4400,1.599855
g_row\[1\].g_col\[0\].pe/_2134_,VPWR,li1,337.8700,209.4400,1.599865
g_row\[1\].g_col\[0\].pe/_2133_,VPWR,li1,337.1800,209.4400,1.599865
g_row\[1\].g_col\[0\].pe/_2132_,VPWR,li1,280.8300,204.0000,1.599753
g_row\[1\].g_col\[0\].pe/_2131_,VPWR,li1,279.4500,209.4400,1.599777
g_row\[1\].g_col\[0\].pe/_2130_,VPWR,li1,274.1600,209.4400,1.599769
g_row\[1\].g_col\[0\].pe/_2129_,VPWR,li1,272.5500,204.0000,1.599736
g_row\[1\].g_col\[0\].pe/_2128_,VPWR,li1,277.8400,198.5600,1.599814
g_row\[1\].g_col\[0\].pe/_2127_,VPWR,li1,274.3900,204.0000,1.599741
g_row\[1\].g_col\[0\].pe/_2126_,VPWR,li1,253.2300,198.5600,1.599782
g_row\[1\].g_col\[0\].pe/_2125_,VPWR,li1,252.0800,193.1200,1.599804
g_row\[1\].g_col\[0\].pe/_2124_,VPWR,li1,273.9300,198.5600,1.599809
g_row\[1\].g_col\[0\].pe/_2123_,VPWR,li1,274.6200,198.5600,1.599809
g_row\[1\].g_col\[0\].pe/_2122_,VPWR,li1,273.4700,193.1200,1.599827
g_row\[1\].g_col\[0\].pe/_2121_,VPWR,li1,277.6100,198.5600,1.599814
g_row\[1\].g_col\[0\].pe/_2120_,VPWR,li1,342.9300,198.5600,1.599868
g_row\[1\].g_col\[0\].pe/_2119_,VPWR,li1,337.4100,198.5600,1.599877
g_row\[1\].g_col\[0\].pe/_2118_,VPWR,li1,360.4100,209.4400,1.599824
g_row\[1\].g_col\[0\].pe/_2117_,VPWR,li1,365.0100,209.4400,1.599818
g_row\[1\].g_col\[0\].pe/_2116_,VPWR,li1,365.4700,236.6400,1.599526
g_row\[1\].g_col\[0\].pe/_2115_,VPWR,li1,367.3100,225.7600,1.599672
g_row\[1\].g_col\[0\].pe/_2114_,VPWR,li1,370.3000,225.7600,1.599668
g_row\[1\].g_col\[0\].pe/_2113_,VPWR,li1,376.5100,225.7600,1.599664
g_row\[1\].g_col\[0\].pe/_2112_,VPWR,li1,376.0500,220.3200,1.599791
g_row\[1\].g_col\[0\].pe/_2111_,VPWR,li1,376.0500,214.8800,1.599707
g_row\[1\].g_col\[0\].pe/_2110_,VPWR,li1,373.2900,214.8800,1.599710
g_row\[1\].g_col\[0\].pe/_2109_,VPWR,li1,374.2100,209.4400,1.599810
g_row\[1\].g_col\[0\].pe/_2108_,VPWR,li1,369.6100,209.4400,1.599815
g_row\[1\].g_col\[0\].pe/_2107_,VPWR,li1,362.2500,209.4400,1.599821
g_row\[1\].g_col\[0\].pe/_2106_,VPWR,li1,360.4100,204.0000,1.599800
g_row\[1\].g_col\[0\].pe/_2105_,VPWR,li1,356.2700,209.4400,1.599829
g_row\[1\].g_col\[0\].pe/_2104_,VPWR,li1,355.8100,204.0000,1.599809
g_row\[1\].g_col\[0\].pe/_2103_,VPWR,li1,356.7300,198.5600,1.599835
g_row\[1\].g_col\[0\].pe/_2102_,VPWR,li1,349.8300,198.5600,1.599849
g_row\[1\].g_col\[0\].pe/_2101_,VPWR,li1,349.3700,204.0000,1.599823
g_row\[1\].g_col\[0\].pe/_2100_,VPWR,li1,342.9300,204.0000,1.599837
g_row\[1\].g_col\[0\].pe/_2099_,VPWR,li1,343.8500,204.0000,1.599837
g_row\[1\].g_col\[0\].pe/_2098_,VPWR,li1,297.3900,198.5600,1.599841
g_row\[1\].g_col\[0\].pe/_2097_,VPWR,li1,325.4500,204.0000,1.599868
g_row\[1\].g_col\[0\].pe/_2096_,VPWR,li1,323.1500,198.5600,1.599885
g_row\[1\].g_col\[0\].pe/_2095_,VPWR,li1,244.9500,198.5600,1.599774
g_row\[1\].g_col\[0\].pe/_2094_,VPWR,li1,244.2600,193.1200,1.599797
g_row\[1\].g_col\[0\].pe/_2093_,VPWR,li1,239.8900,193.1200,1.599794
g_row\[1\].g_col\[0\].pe/_2092_,VPWR,li1,316.7100,198.5600,1.599872
g_row\[1\].g_col\[0\].pe/_2091_,VPWR,li1,324.5300,198.5600,1.599885
g_row\[1\].g_col\[0\].pe/_2090_,VPWR,li1,318.0900,198.5600,1.599872
g_row\[1\].g_col\[0\].pe/_2089_,VPWR,li1,294.8600,198.5600,1.599837
g_row\[1\].g_col\[0\].pe/_2088_,VPWR,li1,256.6800,193.1200,1.599809
g_row\[1\].g_col\[0\].pe/_2087_,VPWR,li1,257.1400,193.1200,1.599809
g_row\[1\].g_col\[0\].pe/_2086_,VPWR,li1,253.6900,182.2400,1.599832
g_row\[1\].g_col\[0\].pe/_2085_,VPWR,li1,257.1400,182.2400,1.599834
g_row\[1\].g_col\[0\].pe/_2084_,VPWR,li1,261.5100,182.2400,1.599838
g_row\[1\].g_col\[0\].pe/_2083_,VPWR,li1,255.5300,182.2400,1.599834
g_row\[1\].g_col\[0\].pe/_2082_,VPWR,li1,261.2800,193.1200,1.599814
g_row\[1\].g_col\[0\].pe/_2081_,VPWR,li1,258.2900,187.6800,1.599841
g_row\[1\].g_col\[0\].pe/_2080_,VPWR,li1,259.6700,187.6800,1.599841
g_row\[1\].g_col\[0\].pe/_2079_,VPWR,li1,253.6900,193.1200,1.599807
g_row\[1\].g_col\[0\].pe/_2078_,VPWR,li1,345.2300,198.5600,1.599860
g_row\[1\].g_col\[0\].pe/_2077_,VPWR,li1,338.3300,198.5600,1.599877
g_row\[1\].g_col\[0\].pe/_2076_,VPWR,li1,333.7300,193.1200,1.599908
g_row\[1\].g_col\[0\].pe/_2075_,VPWR,li1,327.2900,193.1200,1.599912
g_row\[1\].g_col\[0\].pe/_2074_,VPWR,li1,324.7600,187.6800,1.599910
g_row\[1\].g_col\[0\].pe/_2073_,VPWR,li1,330.2800,187.6800,1.599917
g_row\[1\].g_col\[0\].pe/_2072_,VPWR,li1,305.2100,193.1200,1.599871
g_row\[1\].g_col\[0\].pe/_2071_,VPWR,li1,341.7800,193.1200,1.599898
g_row\[1\].g_col\[0\].pe/_2070_,VPWR,li1,349.8300,198.5600,1.599849
g_row\[1\].g_col\[0\].pe/_2069_,VPWR,li1,368.4600,209.4400,1.599815
g_row\[1\].g_col\[0\].pe/_2068_,VPWR,li1,364.0900,204.0000,1.599793
g_row\[1\].g_col\[0\].pe/_2067_,VPWR,li1,374.6700,209.4400,1.599810
g_row\[1\].g_col\[0\].pe/_2066_,VPWR,li1,380.6500,209.4400,1.599806
g_row\[1\].g_col\[0\].pe/_2065_,VPWR,li1,367.3100,231.2000,1.599600
g_row\[1\].g_col\[0\].pe/_2064_,VPWR,li1,380.6500,225.7600,1.599662
g_row\[1\].g_col\[0\].pe/_2063_,VPWR,li1,381.1100,225.7600,1.599661
g_row\[1\].g_col\[0\].pe/_2062_,VPWR,li1,384.1000,220.3200,1.599788
g_row\[1\].g_col\[0\].pe/_2061_,VPWR,li1,382.9500,220.3200,1.599789
g_row\[1\].g_col\[0\].pe/_2060_,VPWR,li1,379.7300,209.4400,1.599806
g_row\[1\].g_col\[0\].pe/_2059_,VPWR,li1,377.8900,204.0000,1.599775
g_row\[1\].g_col\[0\].pe/_2058_,VPWR,li1,371.9100,204.0000,1.599781
g_row\[1\].g_col\[0\].pe/_2057_,VPWR,li1,368.2300,204.0000,1.599786
g_row\[1\].g_col\[0\].pe/_2056_,VPWR,li1,368.2300,193.1200,1.599861
g_row\[1\].g_col\[0\].pe/_2055_,VPWR,li1,365.0100,198.5600,1.599819
g_row\[1\].g_col\[0\].pe/_2054_,VPWR,li1,360.8700,198.5600,1.599827
g_row\[1\].g_col\[0\].pe/_2053_,VPWR,li1,357.6500,204.0000,1.599805
g_row\[1\].g_col\[0\].pe/_2052_,VPWR,li1,360.8700,198.5600,1.599827
g_row\[1\].g_col\[0\].pe/_2051_,VPWR,li1,303.6000,193.1200,1.599866
g_row\[1\].g_col\[0\].pe/_2050_,VPWR,li1,305.4400,198.5600,1.599851
g_row\[1\].g_col\[0\].pe/_2049_,VPWR,li1,300.1500,204.0000,1.599798
g_row\[1\].g_col\[0\].pe/_2048_,VPWR,li1,301.3000,198.5600,1.599845
g_row\[1\].g_col\[0\].pe/_2047_,VPWR,li1,296.0100,193.1200,1.599857
g_row\[1\].g_col\[0\].pe/_2046_,VPWR,li1,224.2500,187.6800,1.599825
g_row\[1\].g_col\[0\].pe/_2045_,VPWR,li1,221.2600,187.6800,1.599824
g_row\[1\].g_col\[0\].pe/_2044_,VPWR,li1,247.0200,193.1200,1.599800
g_row\[1\].g_col\[0\].pe/_2043_,VPWR,li1,241.2700,193.1200,1.599796
g_row\[1\].g_col\[0\].pe/_2042_,VPWR,li1,238.9700,193.1200,1.599794
g_row\[1\].g_col\[0\].pe/_2041_,VPWR,li1,232.0700,176.8000,1.599716
g_row\[1\].g_col\[0\].pe/_2040_,VPWR,li1,227.9300,182.2400,1.599820
g_row\[1\].g_col\[0\].pe/_2039_,VPWR,li1,303.8300,187.6800,1.599883
g_row\[1\].g_col\[0\].pe/_2038_,VPWR,li1,309.1200,193.1200,1.599876
g_row\[1\].g_col\[0\].pe/_2037_,VPWR,li1,304.7500,187.6800,1.599883
g_row\[1\].g_col\[0\].pe/_2036_,VPWR,li1,299.9200,187.6800,1.599878
g_row\[1\].g_col\[0\].pe/_2035_,VPWR,li1,293.0200,187.6800,1.599871
g_row\[1\].g_col\[0\].pe/_2034_,VPWR,li1,293.0200,187.6800,1.599871
g_row\[1\].g_col\[0\].pe/_2033_,VPWR,li1,291.4100,193.1200,1.599850
g_row\[1\].g_col\[0\].pe/_2032_,VPWR,li1,292.1000,182.2400,1.599864
g_row\[1\].g_col\[0\].pe/_2031_,VPWR,li1,282.9000,187.6800,1.599861
g_row\[1\].g_col\[0\].pe/_2030_,VPWR,li1,289.5700,187.6800,1.599867
g_row\[1\].g_col\[0\].pe/_2029_,VPWR,li1,286.5800,187.6800,1.599864
g_row\[1\].g_col\[0\].pe/_2028_,VPWR,li1,286.8100,182.2400,1.599859
g_row\[1\].g_col\[0\].pe/_2027_,VPWR,li1,269.3300,182.2400,1.599843
g_row\[1\].g_col\[0\].pe/_2026_,VPWR,li1,283.5900,182.2400,1.599856
g_row\[1\].g_col\[0\].pe/_2025_,VPWR,li1,234.6000,187.6800,1.599827
g_row\[1\].g_col\[0\].pe/_2024_,VPWR,li1,356.7300,198.5600,1.599835
g_row\[1\].g_col\[0\].pe/_2023_,VPWR,li1,350.2900,193.1200,1.599883
g_row\[1\].g_col\[0\].pe/_2022_,VPWR,li1,343.8500,193.1200,1.599893
g_row\[1\].g_col\[0\].pe/_2021_,VPWR,li1,336.9500,193.1200,1.599903
g_row\[1\].g_col\[0\].pe/_2020_,VPWR,li1,333.9600,187.6800,1.599910
g_row\[1\].g_col\[0\].pe/_2019_,VPWR,li1,338.5600,187.6800,1.599900
g_row\[1\].g_col\[0\].pe/_2018_,VPWR,li1,284.9700,193.1200,1.599842
g_row\[1\].g_col\[0\].pe/_2017_,VPWR,li1,367.3100,198.5600,1.599815
g_row\[1\].g_col\[0\].pe/_2016_,VPWR,li1,359.9500,187.6800,1.599866
g_row\[1\].g_col\[0\].pe/_2015_,VPWR,li1,376.9700,204.0000,1.599775
g_row\[1\].g_col\[0\].pe/_2014_,VPWR,li1,375.5900,193.1200,1.599855
g_row\[1\].g_col\[0\].pe/_2013_,VPWR,li1,381.1100,204.0000,1.599772
g_row\[1\].g_col\[0\].pe/_2012_,VPWR,li1,386.1700,204.0000,1.599769
g_row\[1\].g_col\[0\].pe/_2011_,VPWR,li1,390.3100,242.0800,1.599511
g_row\[1\].g_col\[0\].pe/_2010_,VPWR,li1,388.0100,220.3200,1.599787
g_row\[1\].g_col\[0\].pe/_2009_,VPWR,li1,387.3200,209.4400,1.599801
g_row\[1\].g_col\[0\].pe/_2008_,VPWR,li1,390.3100,214.8800,1.599699
g_row\[1\].g_col\[0\].pe/_2007_,VPWR,li1,387.3200,214.8800,1.599699
g_row\[1\].g_col\[0\].pe/_2006_,VPWR,li1,387.5500,214.8800,1.599699
g_row\[1\].g_col\[0\].pe/_2005_,VPWR,li1,391.6900,204.0000,1.599767
g_row\[1\].g_col\[0\].pe/_2004_,VPWR,li1,389.1600,204.0000,1.599767
g_row\[1\].g_col\[0\].pe/_2003_,VPWR,li1,385.2500,204.0000,1.599770
g_row\[1\].g_col\[0\].pe/_2002_,VPWR,li1,382.4900,198.5600,1.599796
g_row\[1\].g_col\[0\].pe/_2001_,VPWR,li1,376.5100,198.5600,1.599802
g_row\[1\].g_col\[0\].pe/_2000_,VPWR,li1,373.2900,193.1200,1.599857
g_row\[1\].g_col\[0\].pe/_1999_,VPWR,li1,373.7500,187.6800,1.599845
g_row\[1\].g_col\[0\].pe/_1998_,VPWR,li1,369.3800,187.6800,1.599851
g_row\[1\].g_col\[0\].pe/_1997_,VPWR,li1,372.3700,198.5600,1.599810
g_row\[1\].g_col\[0\].pe/_1996_,VPWR,li1,366.3900,198.5600,1.599819
g_row\[1\].g_col\[0\].pe/_1995_,VPWR,li1,317.6300,182.2400,1.599893
g_row\[1\].g_col\[0\].pe/_1994_,VPWR,li1,243.1100,187.6800,1.599831
g_row\[1\].g_col\[0\].pe/_1993_,VPWR,li1,311.1900,198.5600,1.599862
g_row\[1\].g_col\[0\].pe/_1992_,VPWR,li1,291.1800,193.1200,1.599850
g_row\[1\].g_col\[0\].pe/_1991_,VPWR,li1,287.7300,198.5600,1.599825
g_row\[1\].g_col\[0\].pe/_1990_,VPWR,li1,234.6000,193.1200,1.599791
g_row\[1\].g_col\[0\].pe/_1989_,VPWR,li1,234.3700,193.1200,1.599791
g_row\[1\].g_col\[0\].pe/_1988_,VPWR,li1,227.2400,193.1200,1.599787
g_row\[1\].g_col\[0\].pe/_1987_,VPWR,li1,222.4100,193.1200,1.599784
g_row\[1\].g_col\[0\].pe/_1986_,VPWR,li1,219.8800,182.2400,1.599818
g_row\[1\].g_col\[0\].pe/_1985_,VPWR,li1,223.7900,182.2400,1.599819
g_row\[1\].g_col\[0\].pe/_1984_,VPWR,li1,231.6100,182.2400,1.599821
g_row\[1\].g_col\[0\].pe/_1983_,VPWR,li1,224.7100,171.3600,1.599835
g_row\[1\].g_col\[0\].pe/_1982_,VPWR,li1,219.1900,182.2400,1.599818
g_row\[1\].g_col\[0\].pe/_1981_,VPWR,li1,222.6400,187.6800,1.599824
g_row\[1\].g_col\[0\].pe/_1980_,VPWR,li1,234.3700,182.2400,1.599823
g_row\[1\].g_col\[0\].pe/_1979_,VPWR,li1,284.0500,198.5600,1.599822
g_row\[1\].g_col\[0\].pe/_1978_,VPWR,li1,284.9700,193.1200,1.599842
g_row\[1\].g_col\[0\].pe/_1977_,VPWR,li1,279.9100,193.1200,1.599834
g_row\[1\].g_col\[0\].pe/_1976_,VPWR,li1,278.3000,193.1200,1.599834
g_row\[1\].g_col\[0\].pe/_1975_,VPWR,li1,278.3000,187.6800,1.599857
g_row\[1\].g_col\[0\].pe/_1974_,VPWR,li1,278.5300,187.6800,1.599857
g_row\[1\].g_col\[0\].pe/_1973_,VPWR,li1,274.3900,182.2400,1.599847
g_row\[1\].g_col\[0\].pe/_1972_,VPWR,li1,277.8400,182.2400,1.599849
g_row\[1\].g_col\[0\].pe/_1971_,VPWR,li1,278.7600,182.2400,1.599851
g_row\[1\].g_col\[0\].pe/_1970_,VPWR,li1,280.8300,182.2400,1.599853
g_row\[1\].g_col\[0\].pe/_1969_,VPWR,li1,265.8800,187.6800,1.599846
g_row\[1\].g_col\[0\].pe/_1968_,VPWR,li1,268.4100,187.6800,1.599848
g_row\[1\].g_col\[0\].pe/_1967_,VPWR,li1,266.1100,182.2400,1.599840
g_row\[1\].g_col\[0\].pe/_1966_,VPWR,li1,264.2700,176.8000,1.599758
g_row\[1\].g_col\[0\].pe/_1965_,VPWR,li1,262.8900,187.6800,1.599844
g_row\[1\].g_col\[0\].pe/_1964_,VPWR,li1,363.1700,193.1200,1.599867
g_row\[1\].g_col\[0\].pe/_1963_,VPWR,li1,360.8700,193.1200,1.599871
g_row\[1\].g_col\[0\].pe/_1962_,VPWR,li1,355.5800,193.1200,1.599878
g_row\[1\].g_col\[0\].pe/_1961_,VPWR,li1,352.1300,193.1200,1.599881
g_row\[1\].g_col\[0\].pe/_1960_,VPWR,li1,352.1300,187.6800,1.599880
g_row\[1\].g_col\[0\].pe/_1959_,VPWR,li1,347.5300,193.1200,1.599888
g_row\[1\].g_col\[0\].pe/_1958_,VPWR,li1,342.7000,187.6800,1.599893
g_row\[1\].g_col\[0\].pe/_1957_,VPWR,li1,348.6800,187.6800,1.599883
g_row\[1\].g_col\[0\].pe/_1956_,VPWR,li1,312.5700,182.2400,1.599887
g_row\[1\].g_col\[0\].pe/_1955_,VPWR,li1,299.0000,182.2400,1.599871
g_row\[1\].g_col\[0\].pe/_1954_,VPWR,li1,362.2500,182.2400,1.599850
g_row\[1\].g_col\[0\].pe/_1953_,VPWR,li1,383.4100,193.1200,1.599848
g_row\[1\].g_col\[0\].pe/_1952_,VPWR,li1,380.6500,193.1200,1.599850
g_row\[1\].g_col\[0\].pe/_1951_,VPWR,li1,383.6400,209.4400,1.599804
g_row\[1\].g_col\[0\].pe/_1950_,VPWR,li1,389.8500,247.5200,1.599591
g_row\[1\].g_col\[0\].pe/_1948_,VPWR,li1,374.2100,231.2000,1.599585
g_row\[1\].g_col\[0\].pe/_1947_,VPWR,li1,374.2100,225.7600,1.599665
g_row\[1\].g_col\[0\].pe/_1946_,VPWR,li1,386.1700,220.3200,1.599787
g_row\[1\].g_col\[0\].pe/_1945_,VPWR,li1,372.8300,214.8800,1.599713
g_row\[1\].g_col\[0\].pe/_1944_,VPWR,li1,374.4400,220.3200,1.599792
g_row\[1\].g_col\[0\].pe/_1943_,VPWR,li1,388.0100,209.4400,1.599801
g_row\[1\].g_col\[0\].pe/_1942_,VPWR,li1,389.3900,204.0000,1.599767
g_row\[1\].g_col\[0\].pe/_1941_,VPWR,li1,391.0000,193.1200,1.599845
g_row\[1\].g_col\[0\].pe/_1940_,VPWR,li1,388.0100,193.1200,1.599846
g_row\[1\].g_col\[0\].pe/_1939_,VPWR,li1,386.6300,187.6800,1.599835
g_row\[1\].g_col\[0\].pe/_1938_,VPWR,li1,382.4900,187.6800,1.599837
g_row\[1\].g_col\[0\].pe/_1937_,VPWR,li1,375.5900,182.2400,1.599826
g_row\[1\].g_col\[0\].pe/_1936_,VPWR,li1,376.0500,176.8000,1.599847
g_row\[1\].g_col\[0\].pe/_1935_,VPWR,li1,379.7300,187.6800,1.599840
g_row\[1\].g_col\[0\].pe/_1934_,VPWR,li1,373.7500,187.6800,1.599845
g_row\[1\].g_col\[0\].pe/_1933_,VPWR,li1,330.0500,182.2400,1.599910
g_row\[1\].g_col\[0\].pe/_1932_,VPWR,li1,268.4100,176.8000,1.599765
g_row\[1\].g_col\[0\].pe/_1931_,VPWR,li1,319.9300,187.6800,1.599902
g_row\[1\].g_col\[0\].pe/_1930_,VPWR,li1,245.8700,187.6800,1.599833
g_row\[1\].g_col\[0\].pe/_1929_,VPWR,li1,242.6500,182.2400,1.599826
g_row\[1\].g_col\[0\].pe/_1928_,VPWR,li1,241.5000,176.8000,1.599727
g_row\[1\].g_col\[0\].pe/_1927_,VPWR,li1,238.5100,187.6800,1.599829
g_row\[1\].g_col\[0\].pe/_1926_,VPWR,li1,238.0500,182.2400,1.599824
g_row\[1\].g_col\[0\].pe/_1925_,VPWR,li1,229.3100,187.6800,1.599826
g_row\[1\].g_col\[0\].pe/_1924_,VPWR,li1,230.4600,182.2400,1.599821
g_row\[1\].g_col\[0\].pe/_1923_,VPWR,li1,234.8300,182.2400,1.599823
g_row\[1\].g_col\[0\].pe/_1922_,VPWR,li1,253.6900,182.2400,1.599832
g_row\[1\].g_col\[0\].pe/_1921_,VPWR,li1,235.5200,176.8000,1.599721
g_row\[1\].g_col\[0\].pe/_1920_,VPWR,li1,232.9900,187.6800,1.599827
g_row\[1\].g_col\[0\].pe/_1919_,VPWR,li1,222.8700,193.1200,1.599784
g_row\[1\].g_col\[0\].pe/_1918_,VPWR,li1,218.7300,187.6800,1.599824
g_row\[1\].g_col\[0\].pe/_1917_,VPWR,li1,227.0100,187.6800,1.599826
g_row\[1\].g_col\[0\].pe/_1916_,VPWR,li1,318.0900,187.6800,1.599898
g_row\[1\].g_col\[0\].pe/_1915_,VPWR,li1,312.1100,187.6800,1.599892
g_row\[1\].g_col\[0\].pe/_1914_,VPWR,li1,309.1200,182.2400,1.599882
g_row\[1\].g_col\[0\].pe/_1913_,VPWR,li1,303.3700,182.2400,1.599875
g_row\[1\].g_col\[0\].pe/_1912_,VPWR,li1,297.8500,182.2400,1.599869
g_row\[1\].g_col\[0\].pe/_1911_,VPWR,li1,293.0200,182.2400,1.599864
g_row\[1\].g_col\[0\].pe/_1910_,VPWR,li1,276.6900,176.8000,1.599781
g_row\[1\].g_col\[0\].pe/_1909_,VPWR,li1,270.0200,176.8000,1.599769
g_row\[1\].g_col\[0\].pe/_1908_,VPWR,li1,369.6100,187.6800,1.599851
g_row\[1\].g_col\[0\].pe/_1907_,VPWR,li1,363.6300,187.6800,1.599860
g_row\[1\].g_col\[0\].pe/_1906_,VPWR,li1,363.4000,187.6800,1.599860
g_row\[1\].g_col\[0\].pe/_1905_,VPWR,li1,356.7300,187.6800,1.599871
g_row\[1\].g_col\[0\].pe/_1904_,VPWR,li1,357.1900,187.6800,1.599871
g_row\[1\].g_col\[0\].pe/_1903_,VPWR,li1,350.2900,187.6800,1.599883
g_row\[1\].g_col\[0\].pe/_1902_,VPWR,li1,339.4800,187.6800,1.599900
g_row\[1\].g_col\[0\].pe/_1901_,VPWR,li1,354.2000,182.2400,1.599864
g_row\[1\].g_col\[0\].pe/_1900_,VPWR,li1,320.8500,182.2400,1.599898
g_row\[1\].g_col\[0\].pe/_1899_,VPWR,li1,310.9600,176.8000,1.599854
g_row\[1\].g_col\[0\].pe/_1898_,VPWR,li1,362.2500,176.8000,1.599859
g_row\[1\].g_col\[0\].pe/_1897_,VPWR,li1,390.3100,187.6800,1.599835
g_row\[1\].g_col\[0\].pe/_1896_,VPWR,li1,387.0900,187.6800,1.599835
g_row\[1\].g_col\[0\].pe/_1895_,VPWR,li1,377.2000,198.5600,1.599802
g_row\[1\].g_col\[0\].pe/_1894_,VPWR,li1,384.3300,198.5600,1.599795
g_row\[1\].g_col\[0\].pe/_1893_,VPWR,li1,382.9500,225.7600,1.599660
g_row\[1\].g_col\[0\].pe/_1892_,VPWR,li1,387.0900,225.7600,1.599657
g_row\[1\].g_col\[0\].pe/_1891_,VPWR,li1,387.0900,193.1200,1.599847
g_row\[1\].g_col\[0\].pe/_1890_,VPWR,li1,388.4700,198.5600,1.599792
g_row\[1\].g_col\[0\].pe/_1889_,VPWR,li1,388.0100,198.5600,1.599792
g_row\[1\].g_col\[0\].pe/_1888_,VPWR,li1,388.7000,176.8000,1.599839
g_row\[1\].g_col\[0\].pe/_1887_,VPWR,li1,390.7700,176.8000,1.599839
g_row\[1\].g_col\[0\].pe/_1886_,VPWR,li1,388.0100,182.2400,1.599815
g_row\[1\].g_col\[0\].pe/_1885_,VPWR,li1,386.1700,182.2400,1.599816
g_row\[1\].g_col\[0\].pe/_1884_,VPWR,li1,377.4300,171.3600,1.599814
g_row\[1\].g_col\[0\].pe/_1883_,VPWR,li1,374.6700,171.3600,1.599818
g_row\[1\].g_col\[0\].pe/_1882_,VPWR,li1,380.1900,182.2400,1.599822
g_row\[1\].g_col\[0\].pe/_1881_,VPWR,li1,376.0500,182.2400,1.599826
g_row\[1\].g_col\[0\].pe/_1880_,VPWR,li1,335.1100,171.3600,1.599886
g_row\[1\].g_col\[0\].pe/_1879_,VPWR,li1,261.9700,171.3600,1.599834
g_row\[1\].g_col\[0\].pe/_1878_,VPWR,li1,332.3500,182.2400,1.599903
g_row\[1\].g_col\[0\].pe/_1877_,VPWR,li1,268.8700,182.2400,1.599843
g_row\[1\].g_col\[0\].pe/_1876_,VPWR,li1,258.7500,171.3600,1.599834
g_row\[1\].g_col\[0\].pe/_1875_,VPWR,li1,238.7400,176.8000,1.599723
g_row\[1\].g_col\[0\].pe/_1874_,VPWR,li1,247.2500,182.2400,1.599828
g_row\[1\].g_col\[0\].pe/_1873_,VPWR,li1,246.7900,176.8000,1.599732
g_row\[1\].g_col\[0\].pe/_1872_,VPWR,li1,245.1800,176.8000,1.599732
g_row\[1\].g_col\[0\].pe/_1871_,VPWR,li1,240.8100,176.8000,1.599727
g_row\[1\].g_col\[0\].pe/_1870_,VPWR,li1,227.9300,171.3600,1.599834
g_row\[1\].g_col\[0\].pe/_1869_,VPWR,li1,227.0100,165.9200,1.599808
g_row\[1\].g_col\[0\].pe/_1868_,VPWR,li1,325.4500,182.2400,1.599904
g_row\[1\].g_col\[0\].pe/_1867_,VPWR,li1,320.8500,182.2400,1.599898
g_row\[1\].g_col\[0\].pe/_1866_,VPWR,li1,318.7800,176.8000,1.599874
g_row\[1\].g_col\[0\].pe/_1865_,VPWR,li1,311.1900,176.8000,1.599854
g_row\[1\].g_col\[0\].pe/_1864_,VPWR,li1,306.5900,176.8000,1.599843
g_row\[1\].g_col\[0\].pe/_1863_,VPWR,li1,300.3800,171.3600,1.599863
g_row\[1\].g_col\[0\].pe/_1862_,VPWR,li1,288.1900,176.8000,1.599804
g_row\[1\].g_col\[0\].pe/_1861_,VPWR,li1,284.2800,182.2400,1.599856
g_row\[1\].g_col\[0\].pe/_1860_,VPWR,li1,368.2300,182.2400,1.599839
g_row\[1\].g_col\[0\].pe/_1859_,VPWR,li1,363.1700,176.8000,1.599859
g_row\[1\].g_col\[0\].pe/_1858_,VPWR,li1,363.4000,182.2400,1.599845
g_row\[1\].g_col\[0\].pe/_1857_,VPWR,li1,359.0300,182.2400,1.599854
g_row\[1\].g_col\[0\].pe/_1856_,VPWR,li1,359.4900,187.6800,1.599866
g_row\[1\].g_col\[0\].pe/_1855_,VPWR,li1,349.3700,182.2400,1.599870
g_row\[1\].g_col\[0\].pe/_1854_,VPWR,li1,338.5600,182.2400,1.599893
g_row\[1\].g_col\[0\].pe/_1853_,VPWR,li1,355.5800,182.2400,1.599859
g_row\[1\].g_col\[0\].pe/_1852_,VPWR,li1,329.5900,176.8000,1.599900
g_row\[1\].g_col\[0\].pe/_1851_,VPWR,li1,325.2200,182.2400,1.599904
g_row\[1\].g_col\[0\].pe/_1850_,VPWR,li1,373.2900,176.8000,1.599849
g_row\[1\].g_col\[0\].pe/_1849_,VPWR,li1,372.8300,171.3600,1.599820
g_row\[1\].g_col\[0\].pe/_1848_,VPWR,li1,369.1500,171.3600,1.599824
g_row\[1\].g_col\[0\].pe/_1847_,VPWR,li1,390.7700,165.9200,1.599703
g_row\[1\].g_col\[0\].pe/_1846_,VPWR,li1,382.9500,176.8000,1.599842
g_row\[1\].g_col\[0\].pe/_1845_,VPWR,li1,385.2500,176.8000,1.599840
g_row\[1\].g_col\[0\].pe/_1844_,VPWR,li1,383.6400,171.3600,1.599810
g_row\[1\].g_col\[0\].pe/_1843_,VPWR,li1,380.6500,198.5600,1.599799
g_row\[1\].g_col\[0\].pe/_1842_,VPWR,li1,378.1200,165.9200,1.599716
g_row\[1\].g_col\[0\].pe/_1841_,VPWR,li1,382.4900,198.5600,1.599796
g_row\[1\].g_col\[0\].pe/_1840_,VPWR,li1,381.1100,165.9200,1.599710
g_row\[1\].g_col\[0\].pe/_1838_,VPWR,li1,303.3700,236.6400,1.599526
g_row\[1\].g_col\[0\].pe/_1836_,VPWR,li1,380.8800,242.0800,1.599518
g_row\[1\].g_col\[0\].pe/_1835_,VPWR,li1,387.7800,231.2000,1.599576
g_row\[1\].g_col\[0\].pe/_1834_,VPWR,li1,382.9500,165.9200,1.599707
g_row\[1\].g_col\[0\].pe/_1833_,VPWR,li1,381.1100,155.0400,1.599678
g_row\[1\].g_col\[0\].pe/_1832_,VPWR,li1,377.2000,165.9200,1.599716
g_row\[1\].g_col\[0\].pe/_1831_,VPWR,li1,362.2500,155.0400,1.599724
g_row\[1\].g_col\[0\].pe/_1830_,VPWR,li1,374.9000,165.9200,1.599720
g_row\[1\].g_col\[0\].pe/_1829_,VPWR,li1,311.6500,133.2800,1.599763
g_row\[1\].g_col\[0\].pe/_1828_,VPWR,li1,307.5100,133.2800,1.599759
g_row\[1\].g_col\[0\].pe/_1827_,VPWR,li1,313.4900,144.1600,1.599791
g_row\[1\].g_col\[0\].pe/_1826_,VPWR,li1,311.6500,127.8400,1.599799
g_row\[1\].g_col\[0\].pe/_1825_,VPWR,li1,307.0500,127.8400,1.599791
g_row\[1\].g_col\[0\].pe/_1824_,VPWR,li1,304.7500,133.2800,1.599757
g_row\[1\].g_col\[0\].pe/_1823_,VPWR,li1,310.7300,133.2800,1.599763
g_row\[1\].g_col\[0\].pe/_1822_,VPWR,li1,299.0000,127.8400,1.599780
g_row\[1\].g_col\[0\].pe/_1821_,VPWR,li1,303.6000,127.8400,1.599787
g_row\[1\].g_col\[0\].pe/_1820_,VPWR,li1,302.4500,122.4000,1.599556
g_row\[1\].g_col\[0\].pe/_1819_,VPWR,li1,300.3800,127.8400,1.599780
g_row\[1\].g_col\[0\].pe/_1818_,VPWR,li1,298.3100,122.4000,1.599528
g_row\[1\].g_col\[0\].pe/_1817_,VPWR,li1,273.9300,127.8400,1.599755
g_row\[1\].g_col\[0\].pe/_1816_,VPWR,li1,274.6200,133.2800,1.599748
g_row\[1\].g_col\[0\].pe/_1815_,VPWR,li1,293.2500,127.8400,1.599772
g_row\[1\].g_col\[0\].pe/_1814_,VPWR,li1,233.4500,127.8400,1.599754
g_row\[1\].g_col\[0\].pe/_1813_,VPWR,li1,236.2100,127.8400,1.599754
g_row\[1\].g_col\[0\].pe/_1812_,VPWR,li1,228.1600,127.8400,1.599757
g_row\[1\].g_col\[0\].pe/_1811_,VPWR,li1,223.7900,127.8400,1.599759
g_row\[1\].g_col\[0\].pe/_1810_,VPWR,li1,222.1800,127.8400,1.599759
g_row\[1\].g_col\[0\].pe/_1809_,VPWR,li1,214.5900,127.8400,1.599763
g_row\[1\].g_col\[0\].pe/_1808_,VPWR,li1,223.7900,133.2800,1.599777
g_row\[1\].g_col\[0\].pe/_1807_,VPWR,li1,220.1100,133.2800,1.599780
g_row\[1\].g_col\[0\].pe/_1806_,VPWR,li1,226.5500,138.7200,1.599585
g_row\[1\].g_col\[0\].pe/_1805_,VPWR,li1,222.8700,138.7200,1.599580
g_row\[1\].g_col\[0\].pe/_1804_,VPWR,li1,222.8700,138.7200,1.599580
g_row\[1\].g_col\[0\].pe/_1803_,VPWR,li1,220.5700,133.2800,1.599780
g_row\[1\].g_col\[0\].pe/_1802_,VPWR,li1,220.1100,138.7200,1.599576
g_row\[1\].g_col\[0\].pe/_1801_,VPWR,li1,223.1000,144.1600,1.599824
g_row\[1\].g_col\[0\].pe/_1800_,VPWR,li1,218.7300,144.1600,1.599828
g_row\[1\].g_col\[0\].pe/_1799_,VPWR,li1,216.2000,138.7200,1.599569
g_row\[1\].g_col\[0\].pe/_1798_,VPWR,li1,223.3300,144.1600,1.599824
g_row\[1\].g_col\[0\].pe/_1797_,VPWR,li1,203.0900,133.2800,1.599800
g_row\[1\].g_col\[0\].pe/_1796_,VPWR,li1,200.3300,133.2800,1.599805
g_row\[1\].g_col\[0\].pe/_1795_,VPWR,li1,217.5800,127.8400,1.599762
g_row\[1\].g_col\[0\].pe/_1794_,VPWR,li1,213.6700,133.2800,1.599789
g_row\[1\].g_col\[0\].pe/_1793_,VPWR,li1,212.9800,138.7200,1.599566
g_row\[1\].g_col\[0\].pe/_1792_,VPWR,li1,215.5100,133.2800,1.599785
g_row\[1\].g_col\[0\].pe/_1791_,VPWR,li1,211.3700,127.8400,1.599765
g_row\[1\].g_col\[0\].pe/_1790_,VPWR,li1,215.9700,127.8400,1.599762
g_row\[1\].g_col\[0\].pe/_1789_,VPWR,li1,213.6700,127.8400,1.599763
g_row\[1\].g_col\[0\].pe/_1788_,VPWR,li1,213.6700,133.2800,1.599789
g_row\[1\].g_col\[0\].pe/_1787_,VPWR,li1,208.6100,127.8400,1.599767
g_row\[1\].g_col\[0\].pe/_1786_,VPWR,li1,197.5700,133.2800,1.599810
g_row\[1\].g_col\[0\].pe/_1785_,VPWR,li1,218.7300,149.6000,1.599855
g_row\[1\].g_col\[0\].pe/_1784_,VPWR,li1,220.1100,144.1600,1.599828
g_row\[1\].g_col\[0\].pe/_1783_,VPWR,li1,198.9500,127.8400,1.599775
g_row\[1\].g_col\[0\].pe/_1782_,VPWR,li1,195.9600,133.2800,1.599810
g_row\[1\].g_col\[0\].pe/_1781_,VPWR,li1,207.2300,133.2800,1.599794
g_row\[1\].g_col\[0\].pe/_1780_,VPWR,li1,223.3300,133.2800,1.599779
g_row\[1\].g_col\[0\].pe/_1779_,VPWR,li1,233.4500,127.8400,1.599754
g_row\[1\].g_col\[0\].pe/_1778_,VPWR,li1,275.3100,127.8400,1.599755
g_row\[1\].g_col\[0\].pe/_1777_,VPWR,li1,271.6300,122.4000,1.599413
g_row\[1\].g_col\[0\].pe/_1776_,VPWR,li1,269.3300,127.8400,1.599753
g_row\[1\].g_col\[0\].pe/_1775_,VPWR,li1,271.1700,133.2800,1.599748
g_row\[1\].g_col\[0\].pe/_1774_,VPWR,li1,263.8100,138.7200,1.599642
g_row\[1\].g_col\[0\].pe/_1773_,VPWR,li1,271.1700,127.8400,1.599754
g_row\[1\].g_col\[0\].pe/_1772_,VPWR,li1,226.3200,133.2800,1.599775
g_row\[1\].g_col\[0\].pe/_1771_,VPWR,li1,210.4500,133.2800,1.599791
g_row\[1\].g_col\[0\].pe/_1770_,VPWR,li1,208.6100,138.7200,1.599561
g_row\[1\].g_col\[0\].pe/_1769_,VPWR,li1,207.6900,133.2800,1.599794
g_row\[1\].g_col\[0\].pe/_1768_,VPWR,li1,218.7300,155.0400,1.599811
g_row\[1\].g_col\[0\].pe/_1767_,VPWR,li1,220.5700,160.4800,1.599851
g_row\[1\].g_col\[0\].pe/_1766_,VPWR,li1,202.6300,138.7200,1.599578
g_row\[1\].g_col\[0\].pe/_1765_,VPWR,li1,204.0100,144.1600,1.599843
g_row\[1\].g_col\[0\].pe/_1764_,VPWR,li1,208.6100,149.6000,1.599862
g_row\[1\].g_col\[0\].pe/_1763_,VPWR,li1,214.1300,149.6000,1.599858
g_row\[1\].g_col\[0\].pe/_1762_,VPWR,li1,200.7900,133.2800,1.599803
g_row\[1\].g_col\[0\].pe/_1761_,VPWR,li1,195.0400,138.7200,1.599630
g_row\[1\].g_col\[0\].pe/_1760_,VPWR,li1,272.5500,133.2800,1.599748
g_row\[1\].g_col\[0\].pe/_1759_,VPWR,li1,267.9500,138.7200,1.599647
g_row\[1\].g_col\[0\].pe/_1758_,VPWR,li1,266.5700,133.2800,1.599749
g_row\[1\].g_col\[0\].pe/_1757_,VPWR,li1,212.7500,144.1600,1.599834
g_row\[1\].g_col\[0\].pe/_1756_,VPWR,li1,208.3800,144.1600,1.599839
g_row\[1\].g_col\[0\].pe/_1755_,VPWR,li1,213.6700,155.0400,1.599813
g_row\[1\].g_col\[0\].pe/_1754_,VPWR,li1,223.5600,155.0400,1.599809
g_row\[1\].g_col\[0\].pe/_1753_,VPWR,li1,208.1500,144.1600,1.599839
g_row\[1\].g_col\[0\].pe/_1752_,VPWR,li1,209.5300,149.6000,1.599862
g_row\[1\].g_col\[0\].pe/_1751_,VPWR,li1,214.1300,144.1600,1.599834
g_row\[1\].g_col\[0\].pe/_1750_,VPWR,li1,202.1700,144.1600,1.599845
g_row\[1\].g_col\[0\].pe/_1749_,VPWR,li1,196.8800,144.1600,1.599851
g_row\[1\].g_col\[0\].pe/_1748_,VPWR,li1,273.4700,138.7200,1.599659
g_row\[1\].g_col\[0\].pe/_1747_,VPWR,li1,304.2900,127.8400,1.599787
g_row\[1\].g_col\[0\].pe/_1746_,VPWR,li1,300.1500,133.2800,1.599754
g_row\[1\].g_col\[0\].pe/_1745_,VPWR,li1,295.5500,133.2800,1.599750
g_row\[1\].g_col\[0\].pe/_1744_,VPWR,li1,290.9500,116.9600,1.599689
g_row\[1\].g_col\[0\].pe/_1743_,VPWR,li1,287.2700,127.8400,1.599764
g_row\[1\].g_col\[0\].pe/_1742_,VPWR,li1,282.6700,127.8400,1.599761
g_row\[1\].g_col\[0\].pe/_1741_,VPWR,li1,267.0300,127.8400,1.599752
g_row\[1\].g_col\[0\].pe/_1740_,VPWR,li1,264.7300,133.2800,1.599750
g_row\[1\].g_col\[0\].pe/_1739_,VPWR,li1,281.2900,127.8400,1.599759
g_row\[1\].g_col\[0\].pe/_1738_,VPWR,li1,277.3800,133.2800,1.599748
g_row\[1\].g_col\[0\].pe/_1737_,VPWR,li1,263.3500,127.8400,1.599751
g_row\[1\].g_col\[0\].pe/_1736_,VPWR,li1,258.7500,127.8400,1.599750
g_row\[1\].g_col\[0\].pe/_1735_,VPWR,li1,261.5100,133.2800,1.599750
g_row\[1\].g_col\[0\].pe/_1734_,VPWR,li1,251.1600,133.2800,1.599755
g_row\[1\].g_col\[0\].pe/_1733_,VPWR,li1,266.5700,138.7200,1.599647
g_row\[1\].g_col\[0\].pe/_1732_,VPWR,li1,263.1200,144.1600,1.599795
g_row\[1\].g_col\[0\].pe/_1731_,VPWR,li1,246.7900,133.2800,1.599758
g_row\[1\].g_col\[0\].pe/_1730_,VPWR,li1,242.1900,138.7200,1.599606
g_row\[1\].g_col\[0\].pe/_1729_,VPWR,li1,244.0300,144.1600,1.599807
g_row\[1\].g_col\[0\].pe/_1728_,VPWR,li1,240.8100,133.2800,1.599762
g_row\[1\].g_col\[0\].pe/_1727_,VPWR,li1,231.3800,133.2800,1.599770
g_row\[1\].g_col\[0\].pe/_1726_,VPWR,li1,304.7500,133.2800,1.599757
g_row\[1\].g_col\[0\].pe/_1725_,VPWR,li1,294.4000,127.8400,1.599772
g_row\[1\].g_col\[0\].pe/_1724_,VPWR,li1,283.5900,133.2800,1.599748
g_row\[1\].g_col\[0\].pe/_1723_,VPWR,li1,294.6300,133.2800,1.599750
g_row\[1\].g_col\[0\].pe/_1722_,VPWR,li1,293.7100,138.7200,1.599694
g_row\[1\].g_col\[0\].pe/_1721_,VPWR,li1,292.3300,138.7200,1.599694
g_row\[1\].g_col\[0\].pe/_1720_,VPWR,li1,287.2700,133.2800,1.599749
g_row\[1\].g_col\[0\].pe/_1719_,VPWR,li1,254.6100,133.2800,1.599753
g_row\[1\].g_col\[0\].pe/_1718_,VPWR,li1,284.9700,133.2800,1.599748
g_row\[1\].g_col\[0\].pe/_1717_,VPWR,li1,281.2900,138.7200,1.599673
g_row\[1\].g_col\[0\].pe/_1716_,VPWR,li1,278.3000,138.7200,1.599666
g_row\[1\].g_col\[0\].pe/_1715_,VPWR,li1,285.8900,138.7200,1.599682
g_row\[1\].g_col\[0\].pe/_1714_,VPWR,li1,258.0600,133.2800,1.599752
g_row\[1\].g_col\[0\].pe/_1713_,VPWR,li1,256.4500,133.2800,1.599752
g_row\[1\].g_col\[0\].pe/_1712_,VPWR,li1,254.6100,127.8400,1.599750
g_row\[1\].g_col\[0\].pe/_1711_,VPWR,li1,256.4500,144.1600,1.599799
g_row\[1\].g_col\[0\].pe/_1710_,VPWR,li1,254.3800,138.7200,1.599627
g_row\[1\].g_col\[0\].pe/_1709_,VPWR,li1,247.2500,133.2800,1.599758
g_row\[1\].g_col\[0\].pe/_1708_,VPWR,li1,247.2500,127.8400,1.599751
g_row\[1\].g_col\[0\].pe/_1707_,VPWR,li1,242.1900,144.1600,1.599808
g_row\[1\].g_col\[0\].pe/_1706_,VPWR,li1,237.1300,144.1600,1.599813
g_row\[1\].g_col\[0\].pe/_1705_,VPWR,li1,238.5100,133.2800,1.599764
g_row\[1\].g_col\[0\].pe/_1704_,VPWR,li1,233.2200,133.2800,1.599768
g_row\[1\].g_col\[0\].pe/_1703_,VPWR,li1,306.1300,138.7200,1.599727
g_row\[1\].g_col\[0\].pe/_1702_,VPWR,li1,357.4200,160.4800,1.599743
g_row\[1\].g_col\[0\].pe/_1701_,VPWR,li1,343.8500,155.0400,1.599791
g_row\[1\].g_col\[0\].pe/_1700_,VPWR,li1,310.7300,138.7200,1.599740
g_row\[1\].g_col\[0\].pe/_1699_,VPWR,li1,308.8900,144.1600,1.599789
g_row\[1\].g_col\[0\].pe/_1698_,VPWR,li1,308.8900,144.1600,1.599789
g_row\[1\].g_col\[0\].pe/_1697_,VPWR,li1,307.0500,149.6000,1.599850
g_row\[1\].g_col\[0\].pe/_1696_,VPWR,li1,303.8300,138.7200,1.599721
g_row\[1\].g_col\[0\].pe/_1695_,VPWR,li1,299.9200,138.7200,1.599708
g_row\[1\].g_col\[0\].pe/_1694_,VPWR,li1,300.1500,138.7200,1.599712
g_row\[1\].g_col\[0\].pe/_1693_,VPWR,li1,298.3100,149.6000,1.599845
g_row\[1\].g_col\[0\].pe/_1692_,VPWR,li1,287.2700,138.7200,1.599682
g_row\[1\].g_col\[0\].pe/_1691_,VPWR,li1,289.1100,138.7200,1.599688
g_row\[1\].g_col\[0\].pe/_1690_,VPWR,li1,293.2500,144.1600,1.599787
g_row\[1\].g_col\[0\].pe/_1689_,VPWR,li1,284.5100,138.7200,1.599677
g_row\[1\].g_col\[0\].pe/_1688_,VPWR,li1,272.0900,144.1600,1.599790
g_row\[1\].g_col\[0\].pe/_1687_,VPWR,li1,257.8300,138.7200,1.599633
g_row\[1\].g_col\[0\].pe/_1686_,VPWR,li1,247.4800,138.7200,1.599616
g_row\[1\].g_col\[0\].pe/_1685_,VPWR,li1,255.9900,138.7200,1.599627
g_row\[1\].g_col\[0\].pe/_1684_,VPWR,li1,257.1400,144.1600,1.599799
g_row\[1\].g_col\[0\].pe/_1683_,VPWR,li1,247.2500,138.7200,1.599613
g_row\[1\].g_col\[0\].pe/_1682_,VPWR,li1,231.6100,144.1600,1.599817
g_row\[1\].g_col\[0\].pe/_1681_,VPWR,li1,227.4700,144.1600,1.599821
g_row\[1\].g_col\[0\].pe/_1680_,VPWR,li1,237.1300,138.7200,1.599600
g_row\[1\].g_col\[0\].pe/_1679_,VPWR,li1,232.7600,138.7200,1.599594
g_row\[1\].g_col\[0\].pe/_1678_,VPWR,li1,301.0700,144.1600,1.599787
g_row\[1\].g_col\[0\].pe/_1677_,VPWR,li1,304.2900,144.1600,1.599788
g_row\[1\].g_col\[0\].pe/_1676_,VPWR,li1,303.6000,144.1600,1.599788
g_row\[1\].g_col\[0\].pe/_1675_,VPWR,li1,306.1300,144.1600,1.599788
g_row\[1\].g_col\[0\].pe/_1674_,VPWR,li1,294.1700,144.1600,1.599787
g_row\[1\].g_col\[0\].pe/_1673_,VPWR,li1,293.7100,149.6000,1.599843
g_row\[1\].g_col\[0\].pe/_1672_,VPWR,li1,290.7200,149.6000,1.599842
g_row\[1\].g_col\[0\].pe/_1671_,VPWR,li1,288.6500,144.1600,1.599787
g_row\[1\].g_col\[0\].pe/_1670_,VPWR,li1,286.1200,149.6000,1.599841
g_row\[1\].g_col\[0\].pe/_1669_,VPWR,li1,369.6100,160.4800,1.599703
g_row\[1\].g_col\[0\].pe/_1668_,VPWR,li1,343.3900,155.0400,1.599791
g_row\[1\].g_col\[0\].pe/_1667_,VPWR,li1,304.7500,155.0400,1.599828
g_row\[1\].g_col\[0\].pe/_1666_,VPWR,li1,308.8900,149.6000,1.599852
g_row\[1\].g_col\[0\].pe/_1665_,VPWR,li1,312.8000,149.6000,1.599857
g_row\[1\].g_col\[0\].pe/_1664_,VPWR,li1,313.0300,155.0400,1.599836
g_row\[1\].g_col\[0\].pe/_1663_,VPWR,li1,304.2900,149.6000,1.599848
g_row\[1\].g_col\[0\].pe/_1662_,VPWR,li1,302.4500,155.0400,1.599825
g_row\[1\].g_col\[0\].pe/_1661_,VPWR,li1,297.8500,144.1600,1.599787
g_row\[1\].g_col\[0\].pe/_1660_,VPWR,li1,273.0100,149.6000,1.599838
g_row\[1\].g_col\[0\].pe/_1659_,VPWR,li1,318.0900,149.6000,1.599864
g_row\[1\].g_col\[0\].pe/_1658_,VPWR,li1,311.6500,155.0400,1.599833
g_row\[1\].g_col\[0\].pe/_1657_,VPWR,li1,310.7300,160.4800,1.599853
g_row\[1\].g_col\[0\].pe/_1656_,VPWR,li1,315.7900,149.6000,1.599859
g_row\[1\].g_col\[0\].pe/_1655_,VPWR,li1,317.6300,155.0400,1.599840
g_row\[1\].g_col\[0\].pe/_1654_,VPWR,li1,316.9400,155.0400,1.599840
g_row\[1\].g_col\[0\].pe/_1653_,VPWR,li1,287.7300,155.0400,1.599816
g_row\[1\].g_col\[0\].pe/_1652_,VPWR,li1,284.2800,149.6000,1.599840
g_row\[1\].g_col\[0\].pe/_1651_,VPWR,li1,273.0100,149.6000,1.599838
g_row\[1\].g_col\[0\].pe/_1650_,VPWR,li1,266.5700,149.6000,1.599838
g_row\[1\].g_col\[0\].pe/_1649_,VPWR,li1,272.5500,144.1600,1.599790
g_row\[1\].g_col\[0\].pe/_1648_,VPWR,li1,248.8600,149.6000,1.599842
g_row\[1\].g_col\[0\].pe/_1647_,VPWR,li1,267.9500,144.1600,1.599792
g_row\[1\].g_col\[0\].pe/_1646_,VPWR,li1,265.4200,144.1600,1.599794
g_row\[1\].g_col\[0\].pe/_1645_,VPWR,li1,253.6900,149.6000,1.599840
g_row\[1\].g_col\[0\].pe/_1644_,VPWR,li1,239.8900,149.6000,1.599845
g_row\[1\].g_col\[0\].pe/_1643_,VPWR,li1,239.8900,144.1600,1.599810
g_row\[1\].g_col\[0\].pe/_1642_,VPWR,li1,247.2500,149.6000,1.599842
g_row\[1\].g_col\[0\].pe/_1641_,VPWR,li1,242.4200,149.6000,1.599844
g_row\[1\].g_col\[0\].pe/_1640_,VPWR,li1,342.4700,160.4800,1.599800
g_row\[1\].g_col\[0\].pe/_1639_,VPWR,li1,385.2500,165.9200,1.599705
g_row\[1\].g_col\[0\].pe/_1638_,VPWR,li1,388.9300,165.9200,1.599703
g_row\[1\].g_col\[0\].pe/_1637_,VPWR,li1,388.0100,171.3600,1.599808
g_row\[1\].g_col\[0\].pe/_1636_,VPWR,li1,386.1700,176.8000,1.599840
g_row\[1\].g_col\[0\].pe/_1635_,VPWR,li1,359.9500,165.9200,1.599759
g_row\[1\].g_col\[0\].pe/_1634_,VPWR,li1,357.1900,165.9200,1.599769
g_row\[1\].g_col\[0\].pe/_1633_,VPWR,li1,383.8700,171.3600,1.599810
g_row\[1\].g_col\[0\].pe/_1632_,VPWR,li1,377.8900,171.3600,1.599814
g_row\[1\].g_col\[0\].pe/_1631_,VPWR,li1,308.8900,171.3600,1.599873
g_row\[1\].g_col\[0\].pe/_1630_,VPWR,li1,271.6300,165.9200,1.599822
g_row\[1\].g_col\[0\].pe/_1629_,VPWR,li1,337.4100,176.8000,1.599886
g_row\[1\].g_col\[0\].pe/_1628_,VPWR,li1,267.9500,171.3600,1.599836
g_row\[1\].g_col\[0\].pe/_1627_,VPWR,li1,255.5300,171.3600,1.599834
g_row\[1\].g_col\[0\].pe/_1626_,VPWR,li1,252.0800,171.3600,1.599833
g_row\[1\].g_col\[0\].pe/_1625_,VPWR,li1,260.1300,176.8000,1.599752
g_row\[1\].g_col\[0\].pe/_1624_,VPWR,li1,253.6900,176.8000,1.599742
g_row\[1\].g_col\[0\].pe/_1623_,VPWR,li1,248.8600,171.3600,1.599833
g_row\[1\].g_col\[0\].pe/_1622_,VPWR,li1,240.8100,171.3600,1.599833
g_row\[1\].g_col\[0\].pe/_1621_,VPWR,li1,228.3900,171.3600,1.599834
g_row\[1\].g_col\[0\].pe/_1620_,VPWR,li1,229.3100,160.4800,1.599846
g_row\[1\].g_col\[0\].pe/_1619_,VPWR,li1,232.9900,171.3600,1.599834
g_row\[1\].g_col\[0\].pe/_1618_,VPWR,li1,235.7500,171.3600,1.599834
g_row\[1\].g_col\[0\].pe/_1617_,VPWR,li1,252.7700,176.8000,1.599742
g_row\[1\].g_col\[0\].pe/_1616_,VPWR,li1,236.2100,171.3600,1.599833
g_row\[1\].g_col\[0\].pe/_1615_,VPWR,li1,331.4300,176.8000,1.599896
g_row\[1\].g_col\[0\].pe/_1614_,VPWR,li1,323.1500,176.8000,1.599885
g_row\[1\].g_col\[0\].pe/_1613_,VPWR,li1,319.2400,171.3600,1.599889
g_row\[1\].g_col\[0\].pe/_1612_,VPWR,li1,324.9900,176.8000,1.599889
g_row\[1\].g_col\[0\].pe/_1611_,VPWR,li1,316.2500,176.8000,1.599864
g_row\[1\].g_col\[0\].pe/_1610_,VPWR,li1,312.3400,171.3600,1.599876
g_row\[1\].g_col\[0\].pe/_1609_,VPWR,li1,285.8900,176.8000,1.599800
g_row\[1\].g_col\[0\].pe/_1608_,VPWR,li1,283.3600,176.8000,1.599793
g_row\[1\].g_col\[0\].pe/_1607_,VPWR,li1,375.5900,176.8000,1.599847
g_row\[1\].g_col\[0\].pe/_1606_,VPWR,li1,369.6100,176.8000,1.599853
g_row\[1\].g_col\[0\].pe/_1605_,VPWR,li1,368.0000,176.8000,1.599853
g_row\[1\].g_col\[0\].pe/_1604_,VPWR,li1,359.0300,176.8000,1.599863
g_row\[1\].g_col\[0\].pe/_1603_,VPWR,li1,360.8700,182.2400,1.599850
g_row\[1\].g_col\[0\].pe/_1602_,VPWR,li1,349.3700,182.2400,1.599870
g_row\[1\].g_col\[0\].pe/_1601_,VPWR,li1,342.7000,182.2400,1.599884
g_row\[1\].g_col\[0\].pe/_1598_,VPWR,li1,351.4400,176.8000,1.599871
g_row\[1\].g_col\[0\].pe/_1597_,VPWR,li1,303.8300,171.3600,1.599867
g_row\[1\].g_col\[0\].pe/_1596_,VPWR,li1,297.1600,171.3600,1.599860
g_row\[1\].g_col\[0\].pe/_1595_,VPWR,li1,369.6100,171.3600,1.599824
g_row\[1\].g_col\[0\].pe/_1594_,VPWR,li1,362.7100,165.9200,1.599750
g_row\[1\].g_col\[0\].pe/_1593_,VPWR,li1,365.0100,165.9200,1.599744
g_row\[1\].g_col\[0\].pe/_1592_,VPWR,li1,372.3700,160.4800,1.599697
g_row\[1\].g_col\[0\].pe/_1591_,VPWR,li1,372.3700,165.9200,1.599725
g_row\[1\].g_col\[0\].pe/_1590_,VPWR,li1,369.6100,165.9200,1.599733
g_row\[1\].g_col\[0\].pe/_1589_,VPWR,li1,357.1900,160.4800,1.599743
g_row\[1\].g_col\[0\].pe/_1588_,VPWR,li1,354.8900,165.9200,1.599775
g_row\[1\].g_col\[0\].pe/_1587_,VPWR,li1,364.0900,171.3600,1.599831
g_row\[1\].g_col\[0\].pe/_1586_,VPWR,li1,358.1100,171.3600,1.599839
g_row\[1\].g_col\[0\].pe/_1585_,VPWR,li1,334.1900,165.9200,1.599849
g_row\[1\].g_col\[0\].pe/_1584_,VPWR,li1,274.8500,171.3600,1.599840
g_row\[1\].g_col\[0\].pe/_1583_,VPWR,li1,311.1900,171.3600,1.599876
g_row\[1\].g_col\[0\].pe/_1582_,VPWR,li1,270.2500,171.3600,1.599837
g_row\[1\].g_col\[0\].pe/_1581_,VPWR,li1,265.1900,171.3600,1.599835
g_row\[1\].g_col\[0\].pe/_1580_,VPWR,li1,261.7400,165.9200,1.599817
g_row\[1\].g_col\[0\].pe/_1579_,VPWR,li1,259.6700,171.3600,1.599834
g_row\[1\].g_col\[0\].pe/_1578_,VPWR,li1,252.7700,165.9200,1.599813
g_row\[1\].g_col\[0\].pe/_1577_,VPWR,li1,248.4000,165.9200,1.599812
g_row\[1\].g_col\[0\].pe/_1576_,VPWR,li1,253.6900,171.3600,1.599833
g_row\[1\].g_col\[0\].pe/_1575_,VPWR,li1,227.0100,165.9200,1.599808
g_row\[1\].g_col\[0\].pe/_1574_,VPWR,li1,225.1700,160.4800,1.599848
g_row\[1\].g_col\[0\].pe/_1573_,VPWR,li1,244.9500,171.3600,1.599833
g_row\[1\].g_col\[0\].pe/_1572_,VPWR,li1,239.6600,171.3600,1.599833
g_row\[1\].g_col\[0\].pe/_1571_,VPWR,li1,305.2100,171.3600,1.599867
g_row\[1\].g_col\[0\].pe/_1570_,VPWR,li1,306.1300,165.9200,1.599850
g_row\[1\].g_col\[0\].pe/_1569_,VPWR,li1,304.9800,165.9200,1.599850
g_row\[1\].g_col\[0\].pe/_1568_,VPWR,li1,298.3100,171.3600,1.599860
g_row\[1\].g_col\[0\].pe/_1567_,VPWR,li1,298.3100,165.9200,1.599842
g_row\[1\].g_col\[0\].pe/_1566_,VPWR,li1,294.4000,165.9200,1.599840
g_row\[1\].g_col\[0\].pe/_1565_,VPWR,li1,289.5700,171.3600,1.599851
g_row\[1\].g_col\[0\].pe/_1564_,VPWR,li1,284.7400,171.3600,1.599847
g_row\[1\].g_col\[0\].pe/_1563_,VPWR,li1,358.1100,171.3600,1.599839
g_row\[1\].g_col\[0\].pe/_1562_,VPWR,li1,352.8200,171.3600,1.599852
g_row\[1\].g_col\[0\].pe/_1561_,VPWR,li1,349.3700,171.3600,1.599857
g_row\[1\].g_col\[0\].pe/_1560_,VPWR,li1,351.4400,171.3600,1.599852
g_row\[1\].g_col\[0\].pe/_1559_,VPWR,li1,355.3500,176.8000,1.599866
g_row\[1\].g_col\[0\].pe/_1558_,VPWR,li1,350.0600,176.8000,1.599871
g_row\[1\].g_col\[0\].pe/_1557_,VPWR,li1,346.6100,176.8000,1.599875
g_row\[1\].g_col\[0\].pe/_1556_,VPWR,li1,341.7800,182.2400,1.599884
g_row\[1\].g_col\[0\].pe/_1555_,VPWR,li1,332.1200,171.3600,1.599897
g_row\[1\].g_col\[0\].pe/_1554_,VPWR,li1,322.9200,171.3600,1.599893
g_row\[1\].g_col\[0\].pe/_1553_,VPWR,li1,343.6200,165.9200,1.599821
g_row\[1\].g_col\[0\].pe/_1552_,VPWR,li1,342.9300,171.3600,1.599870
g_row\[1\].g_col\[0\].pe/_1551_,VPWR,li1,364.7800,155.0400,1.599719
g_row\[1\].g_col\[0\].pe/_1550_,VPWR,li1,363.1700,160.4800,1.599722
g_row\[1\].g_col\[0\].pe/_1549_,VPWR,li1,345.0000,165.9200,1.599810
g_row\[1\].g_col\[0\].pe/_1548_,VPWR,li1,367.3100,165.9200,1.599738
g_row\[1\].g_col\[0\].pe/_1547_,VPWR,li1,362.7100,165.9200,1.599750
g_row\[1\].g_col\[0\].pe/_1546_,VPWR,li1,348.9100,165.9200,1.599801
g_row\[1\].g_col\[0\].pe/_1545_,VPWR,li1,342.9300,171.3600,1.599870
g_row\[1\].g_col\[0\].pe/_1544_,VPWR,li1,343.3900,176.8000,1.599881
g_row\[1\].g_col\[0\].pe/_1543_,VPWR,li1,337.6400,176.8000,1.599886
g_row\[1\].g_col\[0\].pe/_1541_,VPWR,li1,250.0100,209.4400,1.599728
g_row\[1\].g_col\[0\].pe/_1540_,VPWR,li1,242.8800,209.4400,1.599718
g_row\[1\].g_col\[0\].pe/_1538_,VPWR,li1,322.2300,193.1200,1.599902
g_row\[1\].g_col\[0\].pe/_1537_,VPWR,li1,325.9100,165.9200,1.599873
g_row\[1\].g_col\[0\].pe/_1536_,VPWR,li1,317.8600,160.4800,1.599859
g_row\[1\].g_col\[0\].pe/_1535_,VPWR,li1,347.0700,171.3600,1.599864
g_row\[1\].g_col\[0\].pe/_1534_,VPWR,li1,356.7300,165.9200,1.599769
g_row\[1\].g_col\[0\].pe/_1533_,VPWR,li1,335.5700,165.9200,1.599849
g_row\[1\].g_col\[0\].pe/_1532_,VPWR,li1,331.8900,171.3600,1.599897
g_row\[1\].g_col\[0\].pe/_1531_,VPWR,li1,323.1500,165.9200,1.599870
g_row\[1\].g_col\[0\].pe/_1530_,VPWR,li1,320.6200,165.9200,1.599866
g_row\[1\].g_col\[0\].pe/_1529_,VPWR,li1,324.5300,171.3600,1.599898
g_row\[1\].g_col\[0\].pe/_1528_,VPWR,li1,318.5500,171.3600,1.599885
g_row\[1\].g_col\[0\].pe/_1527_,VPWR,li1,316.9400,165.9200,1.599863
g_row\[1\].g_col\[0\].pe/_1526_,VPWR,li1,292.3300,165.9200,1.599837
g_row\[1\].g_col\[0\].pe/_1525_,VPWR,li1,286.1200,165.9200,1.599833
g_row\[1\].g_col\[0\].pe/_1524_,VPWR,li1,276.2300,165.9200,1.599825
g_row\[1\].g_col\[0\].pe/_1523_,VPWR,li1,267.0300,165.9200,1.599819
g_row\[1\].g_col\[0\].pe/_1522_,VPWR,li1,262.4300,160.4800,1.599838
g_row\[1\].g_col\[0\].pe/_1521_,VPWR,li1,257.6000,160.4800,1.599838
g_row\[1\].g_col\[0\].pe/_1520_,VPWR,li1,262.8900,165.9200,1.599817
g_row\[1\].g_col\[0\].pe/_1519_,VPWR,li1,234.3700,160.4800,1.599844
g_row\[1\].g_col\[0\].pe/_1518_,VPWR,li1,232.5300,160.4800,1.599845
g_row\[1\].g_col\[0\].pe/_1517_,VPWR,li1,242.6500,165.9200,1.599811
g_row\[1\].g_col\[0\].pe/_1516_,VPWR,li1,238.7400,165.9200,1.599810
g_row\[1\].g_col\[0\].pe/_1515_,VPWR,li1,269.7900,165.9200,1.599821
g_row\[1\].g_col\[0\].pe/_1514_,VPWR,li1,260.3600,160.4800,1.599838
g_row\[1\].g_col\[0\].pe/_1513_,VPWR,li1,330.9700,160.4800,1.599851
g_row\[1\].g_col\[0\].pe/_1512_,VPWR,li1,277.6100,160.4800,1.599838
g_row\[1\].g_col\[0\].pe/_1511_,VPWR,li1,342.0100,165.9200,1.599821
g_row\[1\].g_col\[0\].pe/_1510_,VPWR,li1,337.4100,155.0400,1.599824
g_row\[1\].g_col\[0\].pe/_1509_,VPWR,li1,343.8500,160.4800,1.599800
g_row\[1\].g_col\[0\].pe/_1508_,VPWR,li1,298.7700,165.9200,1.599844
g_row\[1\].g_col\[0\].pe/_1507_,VPWR,li1,296.2400,160.4800,1.599845
g_row\[1\].g_col\[0\].pe/_1506_,VPWR,li1,347.5300,165.9200,1.599801
g_row\[1\].g_col\[0\].pe/_1504_,VPWR,li1,249.0900,209.4400,1.599728
g_row\[1\].g_col\[0\].pe/_1503_,VPWR,li1,239.8900,209.4400,1.599715
g_row\[1\].g_col\[0\].pe/_1502_,VPWR,li1,244.2600,209.4400,1.599721
g_row\[1\].g_col\[0\].pe/_1501_,VPWR,li1,336.4900,160.4800,1.599825
g_row\[1\].g_col\[0\].pe/_1500_,VPWR,li1,334.1900,160.4800,1.599841
g_row\[1\].g_col\[0\].pe/_1499_,VPWR,li1,328.2100,160.4800,1.599867
g_row\[1\].g_col\[0\].pe/_1498_,VPWR,li1,322.2300,160.4800,1.599862
g_row\[1\].g_col\[0\].pe/_1497_,VPWR,li1,317.4000,160.4800,1.599858
g_row\[1\].g_col\[0\].pe/_1496_,VPWR,li1,322.2300,160.4800,1.599862
g_row\[1\].g_col\[0\].pe/_1495_,VPWR,li1,315.7900,165.9200,1.599861
g_row\[1\].g_col\[0\].pe/_1494_,VPWR,li1,310.9600,165.9200,1.599855
g_row\[1\].g_col\[0\].pe/_1493_,VPWR,li1,287.2700,165.9200,1.599833
g_row\[1\].g_col\[0\].pe/_1492_,VPWR,li1,282.4400,165.9200,1.599829
g_row\[1\].g_col\[0\].pe/_1491_,VPWR,li1,277.6100,160.4800,1.599838
g_row\[1\].g_col\[0\].pe/_1490_,VPWR,li1,271.6300,160.4800,1.599837
g_row\[1\].g_col\[0\].pe/_1489_,VPWR,li1,268.4100,160.4800,1.599837
g_row\[1\].g_col\[0\].pe/_1488_,VPWR,li1,261.2800,155.0400,1.599806
g_row\[1\].g_col\[0\].pe/_1487_,VPWR,li1,255.9900,160.4800,1.599838
g_row\[1\].g_col\[0\].pe/_1486_,VPWR,li1,237.5900,160.4800,1.599843
g_row\[1\].g_col\[0\].pe/_1485_,VPWR,li1,241.7300,155.0400,1.599805
g_row\[1\].g_col\[0\].pe/_1484_,VPWR,li1,249.5500,160.4800,1.599840
g_row\[1\].g_col\[0\].pe/_1483_,VPWR,li1,244.7200,160.4800,1.599841
g_row\[1\].g_col\[0\].pe/_1482_,VPWR,li1,273.0100,160.4800,1.599837
g_row\[1\].g_col\[0\].pe/_1481_,VPWR,li1,260.3600,155.0400,1.599806
g_row\[1\].g_col\[0\].pe/_1480_,VPWR,li1,300.1500,155.0400,1.599824
g_row\[1\].g_col\[0\].pe/_1479_,VPWR,li1,278.9900,149.6000,1.599839
g_row\[1\].g_col\[0\].pe/_1478_,VPWR,li1,300.6100,160.4800,1.599848
g_row\[1\].g_col\[0\].pe/_1477_,VPWR,li1,306.5900,160.4800,1.599850
g_row\[1\].g_col\[0\].pe/_1476_,VPWR,li1,307.2800,160.4800,1.599852
g_row\[1\].g_col\[0\].pe/_1474_,VPWR,li1,268.8700,209.4400,1.599759
g_row\[1\].g_col\[0\].pe/_1473_,VPWR,li1,269.7900,214.8800,1.599686
g_row\[1\].g_col\[0\].pe/_1471_,VPWR,li1,271.8600,209.4400,1.599763
g_row\[1\].g_col\[0\].pe/_1470_,VPWR,li1,270.7100,209.4400,1.599763
g_row\[1\].g_col\[0\].pe/_1469_,VPWR,li1,268.4100,209.4400,1.599759
g_row\[1\].g_col\[0\].pe/_1466_,VPWR,li1,277.6100,220.3200,1.599762
g_row\[1\].g_col\[0\].pe/_1465_,VPWR,li1,296.4700,155.0400,1.599821
g_row\[1\].g_col\[0\].pe/_1464_,VPWR,li1,294.6300,160.4800,1.599844
g_row\[1\].g_col\[0\].pe/_1463_,VPWR,li1,291.6400,155.0400,1.599818
g_row\[1\].g_col\[0\].pe/_1461_,VPWR,li1,287.2700,182.2400,1.599859
g_row\[1\].g_col\[0\].pe/_1460_,VPWR,li1,266.1100,198.5600,1.599798
g_row\[1\].g_col\[0\].pe/_1459_,VPWR,li1,261.9700,198.5600,1.599793
g_row\[1\].g_col\[0\].pe/_1457_,VPWR,li1,252.7700,198.5600,1.599782
g_row\[1\].g_col\[0\].pe/_1453_,VPWR,li1,268.8700,198.5600,1.599801
g_row\[1\].g_col\[0\].pe/_1452_,VPWR,li1,288.6500,160.4800,1.599842
g_row\[1\].g_col\[0\].pe/_1451_,VPWR,li1,286.5800,160.4800,1.599840
g_row\[1\].g_col\[0\].pe/_1449_,VPWR,li1,273.0100,182.2400,1.599845
g_row\[1\].g_col\[0\].pe/_1448_,VPWR,li1,246.3300,187.6800,1.599833
g_row\[1\].g_col\[0\].pe/_1447_,VPWR,li1,248.1700,198.5600,1.599777
g_row\[1\].g_col\[0\].pe/_1444_,VPWR,li1,251.3900,187.6800,1.599836
g_row\[1\].g_col\[0\].pe/_1443_,VPWR,li1,279.9100,155.0400,1.599811
g_row\[1\].g_col\[0\].pe/_1442_,VPWR,li1,273.9300,155.0400,1.599809
g_row\[1\].g_col\[0\].pe/_1441_,VPWR,li1,267.9500,155.0400,1.599807
g_row\[1\].g_col\[0\].pe/_1440_,VPWR,li1,264.0400,155.0400,1.599806
g_row\[1\].g_col\[0\].pe/_1438_,VPWR,li1,256.4500,155.0400,1.599805
g_row\[1\].g_col\[0\].pe/_1437_,VPWR,li1,236.6700,155.0400,1.599806
g_row\[1\].g_col\[0\].pe/_1436_,VPWR,li1,235.2900,155.0400,1.599806
g_row\[1\].g_col\[0\].pe/_1432_,VPWR,li1,248.6300,155.0400,1.599805
g_row\[1\].g_col\[0\].pe/_1431_,VPWR,li1,243.8000,155.0400,1.599805
g_row\[1\].g_col\[0\].pe/_1429_,VPWR,li1,267.4900,149.6000,1.599838
g_row\[1\].g_col\[0\].pe/_1428_,VPWR,li1,257.6000,155.0400,1.599805
g_row\[1\].g_col\[0\].pe/_1427_,VPWR,li1,262.8900,149.6000,1.599839
g_row\[1\].g_col\[0\].pe/_1426_,VPWR,li1,260.8200,144.1600,1.599797
g_row\[1\].g_col\[0\].pe/_1424_,VPWR,li1,227.4700,182.2400,1.599820
g_row\[1\].g_col\[0\].pe/_1423_,VPWR,li1,222.4100,182.2400,1.599819
g_row\[1\].g_col\[0\].pe/_1422_,VPWR,li1,227.4700,176.8000,1.599711
g_row\[1\].g_col\[0\].pe/_1421_,VPWR,li1,220.5700,171.3600,1.599836
g_row\[1\].g_col\[0\].pe/_1420_,VPWR,li1,259.2100,149.6000,1.599839
g_row\[1\].g_col\[0\].pe/_1419_,VPWR,li1,231.6100,149.6000,1.599848
g_row\[1\].g_col\[0\].pe/_1418_,VPWR,li1,231.6100,149.6000,1.599848
g_row\[1\].g_col\[0\].pe/_1416_,VPWR,li1,214.5900,165.9200,1.599808
g_row\[1\].g_col\[0\].pe/_1415_,VPWR,li1,219.1900,165.9200,1.599808
g_row\[1\].g_col\[0\].pe/_1414_,VPWR,li1,214.1300,165.9200,1.599808
g_row\[1\].g_col\[0\].pe/_1413_,VPWR,li1,253.2300,149.6000,1.599840
g_row\[1\].g_col\[0\].pe/_1412_,VPWR,li1,244.7200,149.6000,1.599843
g_row\[1\].g_col\[0\].pe/_1411_,VPWR,li1,216.8900,165.9200,1.599808
g_row\[1\].g_col\[0\].pe/_1408_,VPWR,li1,317.6300,225.7600,1.599689
g_row\[1\].g_col\[0\].pe/_1407_,VPWR,li1,325.4500,236.6400,1.599663
g_row\[1\].g_col\[0\].pe/_1406_,VPWR,li1,332.3500,242.0800,1.599687
g_row\[1\].g_col\[0\].pe/_1405_,VPWR,li1,299.2300,231.2000,1.599656
g_row\[1\].g_col\[0\].pe/_1404_,VPWR,li1,191.1300,225.7600,1.599696
g_row\[1\].g_col\[0\].pe/_1403_,VPWR,li1,232.7600,209.4400,1.599706
g_row\[1\].g_col\[0\].pe/_1402_,VPWR,li1,219.1900,209.4400,1.599703
g_row\[1\].g_col\[0\].pe/_1401_,VPWR,li1,226.7800,209.4400,1.599699
g_row\[1\].g_col\[0\].pe/_1400_,VPWR,li1,226.0900,214.8800,1.599616
g_row\[1\].g_col\[0\].pe/_1399_,VPWR,li1,221.7200,220.3200,1.599719
g_row\[1\].g_col\[0\].pe/_1398_,VPWR,li1,213.2100,220.3200,1.599719
g_row\[1\].g_col\[0\].pe/_1397_,VPWR,li1,233.2200,220.3200,1.599722
g_row\[1\].g_col\[0\].pe/_1396_,VPWR,li1,222.4100,231.2000,1.599680
g_row\[1\].g_col\[0\].pe/_1395_,VPWR,li1,228.1600,220.3200,1.599720
g_row\[1\].g_col\[0\].pe/_1394_,VPWR,li1,219.1900,225.7600,1.599589
g_row\[1\].g_col\[0\].pe/_1393_,VPWR,li1,233.2200,214.8800,1.599623
g_row\[1\].g_col\[0\].pe/_1392_,VPWR,li1,223.3300,225.7600,1.599579
g_row\[1\].g_col\[0\].pe/_1391_,VPWR,li1,222.1800,209.4400,1.599702
g_row\[1\].g_col\[0\].pe/_1389_,VPWR,li1,222.8700,214.8800,1.599615
g_row\[1\].g_col\[0\].pe/_1388_,VPWR,li1,225.8600,193.1200,1.599786
g_row\[1\].g_col\[0\].pe/_1387_,VPWR,li1,217.3500,198.5600,1.599770
g_row\[1\].g_col\[0\].pe/_1386_,VPWR,li1,222.1800,198.5600,1.599761
g_row\[1\].g_col\[0\].pe/_1385_,VPWR,li1,218.2700,198.5600,1.599767
g_row\[1\].g_col\[0\].pe/_1384_,VPWR,li1,213.9000,198.5600,1.599774
g_row\[1\].g_col\[0\].pe/_1383_,VPWR,li1,205.3900,193.1200,1.599785
g_row\[1\].g_col\[0\].pe/_1380_,VPWR,li1,201.9400,171.3600,1.599847
g_row\[1\].g_col\[0\].pe/_1377_,VPWR,li1,281.2900,171.3600,1.599844
g_row\[1\].g_col\[0\].pe/_1376_,VPWR,li1,198.9500,176.8000,1.599754
g_row\[1\].g_col\[0\].pe/_1374_,VPWR,li1,199.8700,182.2400,1.599832
g_row\[1\].g_col\[0\].pe/_1372_,VPWR,li1,201.4800,176.8000,1.599746
g_row\[1\].g_col\[0\].pe/_1371_,VPWR,li1,260.1300,263.8400,1.599715
g_row\[1\].g_col\[0\].pe/_1370_,VPWR,li1,265.4200,263.8400,1.599711
g_row\[1\].g_col\[0\].pe/_1369_,VPWR,li1,267.9500,252.9600,1.599496
g_row\[1\].g_col\[0\].pe/_1368_,VPWR,li1,260.1300,258.4000,1.599646
g_row\[1\].g_col\[0\].pe/_1367_,VPWR,li1,268.8700,263.8400,1.599710
g_row\[1\].g_col\[0\].pe/_1366_,VPWR,li1,266.5700,258.4000,1.599661
g_row\[1\].g_col\[0\].pe/_1365_,VPWR,li1,287.0400,263.8400,1.599717
g_row\[1\].g_col\[0\].pe/_1364_,VPWR,li1,277.1500,263.8400,1.599708
g_row\[1\].g_col\[0\].pe/_1363_,VPWR,li1,292.3300,258.4000,1.599730
g_row\[1\].g_col\[0\].pe/_1362_,VPWR,li1,296.4700,263.8400,1.599730
g_row\[1\].g_col\[0\].pe/_1361_,VPWR,li1,295.0900,263.8400,1.599730
g_row\[1\].g_col\[0\].pe/_1360_,VPWR,li1,308.4300,258.4000,1.599787
g_row\[1\].g_col\[0\].pe/_1359_,VPWR,li1,315.3300,252.9600,1.599638
g_row\[1\].g_col\[0\].pe/_1358_,VPWR,li1,319.9300,258.4000,1.599833
g_row\[1\].g_col\[0\].pe/_1357_,VPWR,li1,324.5300,258.4000,1.599852
g_row\[1\].g_col\[0\].pe/_1356_,VPWR,li1,328.6700,258.4000,1.599871
g_row\[1\].g_col\[0\].pe/_1355_,VPWR,li1,333.2700,263.8400,1.599814
g_row\[1\].g_col\[0\].pe/_1354_,VPWR,li1,336.9500,258.4000,1.599862
g_row\[1\].g_col\[0\].pe/_1353_,VPWR,li1,339.2500,263.8400,1.599796
g_row\[1\].g_col\[0\].pe/_1352_,VPWR,li1,342.2400,258.4000,1.599859
g_row\[1\].g_col\[0\].pe/_1351_,VPWR,li1,346.1500,258.4000,1.599855
g_row\[1\].g_col\[0\].pe/_1350_,VPWR,li1,343.8500,263.8400,1.599784
g_row\[1\].g_col\[0\].pe/_1349_,VPWR,li1,354.8900,258.4000,1.599847
g_row\[1\].g_col\[0\].pe/_1348_,VPWR,li1,352.1300,263.8400,1.599762
g_row\[1\].g_col\[0\].pe/_1347_,VPWR,li1,376.5100,258.4000,1.599834
g_row\[1\].g_col\[0\].pe/_1346_,VPWR,li1,371.9100,258.4000,1.599835
g_row\[1\].g_col\[0\].pe/_1345_,VPWR,li1,372.6000,252.9600,1.599537
g_row\[1\].g_col\[0\].pe/_1344_,VPWR,li1,375.1300,263.8400,1.599720
g_row\[1\].g_col\[0\].pe/_1343_,VPWR,li1,384.3300,263.8400,1.599715
g_row\[1\].g_col\[0\].pe/_1342_,VPWR,li1,388.9300,258.4000,1.599831
g_row\[1\].g_col\[0\].pe/_1341_,VPWR,li1,389.8500,263.8400,1.599715
g_row\[1\].g_col\[0\].pe/_1340_,VPWR,li1,205.8500,171.3600,1.599845
g_row\[0\].g_col\[1\].pe/_2776_,VPWR,li1,80.9600,100.6400,1.599544
g_row\[0\].g_col\[1\].pe/_2775_,VPWR,li1,40.4800,111.5200,1.599682
g_row\[0\].g_col\[1\].pe/_2774_,VPWR,li1,186.3000,127.8400,1.599790
g_row\[0\].g_col\[1\].pe/_2771_,VPWR,li1,19.5500,133.2800,1.599895
g_row\[0\].g_col\[1\].pe/_2770_,VPWR,li1,31.0500,127.8400,1.599775
g_row\[0\].g_col\[1\].pe/_2769_,VPWR,li1,25.0700,116.9600,1.599764
g_row\[0\].g_col\[1\].pe/_2768_,VPWR,li1,16.3300,106.0800,1.599837
g_row\[0\].g_col\[1\].pe/_2767_,VPWR,li1,35.6500,106.0800,1.599770
g_row\[0\].g_col\[1\].pe/_2766_,VPWR,li1,27.3700,106.0800,1.599805
g_row\[0\].g_col\[1\].pe/_2765_,VPWR,li1,57.2700,116.9600,1.599539
g_row\[0\].g_col\[1\].pe/_2764_,VPWR,li1,57.2700,122.4000,1.599505
g_row\[0\].g_col\[1\].pe/_2763_,VPWR,li1,89.0100,127.8400,1.599590
g_row\[0\].g_col\[1\].pe/_2762_,VPWR,li1,66.0100,138.7200,1.599732
g_row\[0\].g_col\[1\].pe/_2761_,VPWR,li1,88.0900,138.7200,1.599693
g_row\[0\].g_col\[1\].pe/_2760_,VPWR,li1,71.9900,149.6000,1.599793
g_row\[0\].g_col\[1\].pe/_2759_,VPWR,li1,30.5900,144.1600,1.599805
g_row\[0\].g_col\[1\].pe/_2758_,VPWR,li1,35.6500,149.6000,1.599848
g_row\[0\].g_col\[1\].pe/_2757_,VPWR,li1,32.4300,138.7200,1.599848
g_row\[0\].g_col\[1\].pe/_2756_,VPWR,li1,49.9100,133.2800,1.599803
g_row\[0\].g_col\[1\].pe/_2755_,VPWR,li1,96.8300,127.8400,1.599586
g_row\[0\].g_col\[1\].pe/_2754_,VPWR,li1,171.3500,127.8400,1.599786
g_row\[0\].g_col\[1\].pe/_2753_,VPWR,li1,194.3500,127.8400,1.599778
g_row\[0\].g_col\[1\].pe/_2752_,VPWR,li1,177.3300,122.4000,1.599652
g_row\[0\].g_col\[1\].pe/_2751_,VPWR,li1,114.7700,122.4000,1.599373
g_row\[0\].g_col\[1\].pe/_2750_,VPWR,li1,115.2300,116.9600,1.599371
g_row\[0\].g_col\[1\].pe/_2749_,VPWR,li1,105.1100,116.9600,1.599369
g_row\[0\].g_col\[1\].pe/_2748_,VPWR,li1,93.6100,116.9600,1.599380
g_row\[0\].g_col\[1\].pe/_2747_,VPWR,li1,81.1900,116.9600,1.599417
g_row\[0\].g_col\[1\].pe/_2746_,VPWR,li1,74.2900,116.9600,1.599453
g_row\[0\].g_col\[1\].pe/_2745_,VPWR,li1,76.1300,111.5200,1.599517
g_row\[0\].g_col\[1\].pe/_2744_,VPWR,li1,91.7700,127.8400,1.599588
g_row\[0\].g_col\[1\].pe/_2743_,VPWR,li1,112.9300,127.8400,1.599591
g_row\[0\].g_col\[1\].pe/_2742_,VPWR,li1,133.1700,127.8400,1.599631
g_row\[0\].g_col\[1\].pe/_2741_,VPWR,li1,122.5900,122.4000,1.599392
g_row\[0\].g_col\[1\].pe/_2740_,VPWR,li1,134.5500,133.2800,1.599742
g_row\[0\].g_col\[1\].pe/_2739_,VPWR,li1,152.4900,133.2800,1.599784
g_row\[0\].g_col\[1\].pe/_2738_,VPWR,li1,100.0500,138.7200,1.599689
g_row\[0\].g_col\[1\].pe/_2737_,VPWR,li1,168.1300,68.0000,1.599824
g_row\[0\].g_col\[1\].pe/_2736_,VPWR,li1,181.0100,57.1200,1.599853
g_row\[0\].g_col\[1\].pe/_2735_,VPWR,li1,181.9300,62.5600,1.599749
g_row\[0\].g_col\[1\].pe/_2734_,VPWR,li1,179.1700,73.4400,1.599897
g_row\[0\].g_col\[1\].pe/_2733_,VPWR,li1,168.1300,62.5600,1.599773
g_row\[0\].g_col\[1\].pe/_2732_,VPWR,li1,164.4500,51.6800,1.599815
g_row\[0\].g_col\[1\].pe/_2731_,VPWR,li1,166.2900,57.1200,1.599853
g_row\[0\].g_col\[1\].pe/_2730_,VPWR,li1,82.5700,51.6800,1.599818
g_row\[0\].g_col\[1\].pe/_2729_,VPWR,li1,173.1900,57.1200,1.599863
g_row\[0\].g_col\[1\].pe/_2728_,VPWR,li1,64.1700,51.6800,1.599845
g_row\[0\].g_col\[1\].pe/_2727_,VPWR,li1,166.2900,46.2400,1.599764
g_row\[0\].g_col\[1\].pe/_2726_,VPWR,li1,40.2500,46.2400,1.599754
g_row\[0\].g_col\[1\].pe/_2725_,VPWR,li1,163.0700,40.8000,1.599854
g_row\[0\].g_col\[1\].pe/_2724_,VPWR,li1,25.5300,46.2400,1.599830
g_row\[0\].g_col\[1\].pe/_2723_,VPWR,li1,27.3700,35.3600,1.599931
g_row\[0\].g_col\[1\].pe/_2722_,VPWR,li1,187.4500,73.4400,1.599887
g_row\[0\].g_col\[1\].pe/_2721_,VPWR,li1,195.2700,46.2400,1.599780
g_row\[0\].g_col\[1\].pe/_2720_,VPWR,li1,177.7900,29.9200,1.599871
g_row\[0\].g_col\[1\].pe/_2719_,VPWR,li1,187.9100,46.2400,1.599789
g_row\[0\].g_col\[1\].pe/_2718_,VPWR,li1,185.6100,29.9200,1.599856
g_row\[0\].g_col\[1\].pe/_2717_,VPWR,li1,183.7700,57.1200,1.599838
g_row\[0\].g_col\[1\].pe/_2716_,VPWR,li1,169.0500,19.0400,1.599783
g_row\[0\].g_col\[1\].pe/_2715_,VPWR,li1,167.6700,24.4800,1.599807
g_row\[0\].g_col\[1\].pe/_2714_,VPWR,li1,167.6700,29.9200,1.599852
g_row\[0\].g_col\[1\].pe/_2713_,VPWR,li1,184.6900,51.6800,1.599797
g_row\[0\].g_col\[1\].pe/_2712_,VPWR,li1,183.3100,24.4800,1.599795
g_row\[0\].g_col\[1\].pe/_2711_,VPWR,li1,191.1300,24.4800,1.599760
g_row\[0\].g_col\[1\].pe/_2710_,VPWR,li1,188.3700,35.3600,1.599818
g_row\[0\].g_col\[1\].pe/_2709_,VPWR,li1,170.4300,35.3600,1.599844
g_row\[0\].g_col\[1\].pe/_2708_,VPWR,li1,192.5100,29.9200,1.599846
g_row\[0\].g_col\[1\].pe/_2707_,VPWR,li1,188.3700,40.8000,1.599830
g_row\[0\].g_col\[1\].pe/_2706_,VPWR,li1,177.3300,46.2400,1.599806
g_row\[0\].g_col\[1\].pe/_2705_,VPWR,li1,179.1700,127.8400,1.599804
g_row\[0\].g_col\[1\].pe/_2704_,VPWR,li1,152.9500,111.5200,1.599575
g_row\[0\].g_col\[1\].pe/_2703_,VPWR,li1,166.2900,116.9600,1.599637
g_row\[0\].g_col\[1\].pe/_2702_,VPWR,li1,166.7500,116.9600,1.599637
g_row\[0\].g_col\[1\].pe/_2701_,VPWR,li1,143.2900,106.0800,1.599709
g_row\[0\].g_col\[1\].pe/_2700_,VPWR,li1,167.2100,122.4000,1.599610
g_row\[0\].g_col\[1\].pe/_2699_,VPWR,li1,148.3500,106.0800,1.599724
g_row\[0\].g_col\[1\].pe/_2698_,VPWR,li1,148.8100,100.6400,1.599718
g_row\[0\].g_col\[1\].pe/_2697_,VPWR,li1,140.9900,111.5200,1.599508
g_row\[0\].g_col\[1\].pe/_2696_,VPWR,li1,128.1100,116.9600,1.599424
g_row\[0\].g_col\[1\].pe/_2695_,VPWR,li1,151.5700,122.4000,1.599513
g_row\[0\].g_col\[1\].pe/_2694_,VPWR,li1,138.6900,122.4000,1.599449
g_row\[0\].g_col\[1\].pe/_2693_,VPWR,li1,165.3700,122.4000,1.599598
g_row\[0\].g_col\[1\].pe/_2692_,VPWR,li1,156.1700,62.5600,1.599758
g_row\[0\].g_col\[1\].pe/_2691_,VPWR,li1,157.0900,62.5600,1.599758
g_row\[0\].g_col\[1\].pe/_2690_,VPWR,li1,156.1700,68.0000,1.599812
g_row\[0\].g_col\[1\].pe/_2689_,VPWR,li1,28.9800,40.8000,1.599929
g_row\[0\].g_col\[1\].pe/_2688_,VPWR,li1,166.9800,78.8800,1.599886
g_row\[0\].g_col\[1\].pe/_2687_,VPWR,li1,38.1800,40.8000,1.599916
g_row\[0\].g_col\[1\].pe/_2686_,VPWR,li1,31.5100,46.2400,1.599806
g_row\[0\].g_col\[1\].pe/_2685_,VPWR,li1,162.3800,35.3600,1.599832
g_row\[0\].g_col\[1\].pe/_2684_,VPWR,li1,158.0100,40.8000,1.599847
g_row\[0\].g_col\[1\].pe/_2683_,VPWR,li1,29.4400,40.8000,1.599929
g_row\[0\].g_col\[1\].pe/_2682_,VPWR,li1,30.1300,46.2400,1.599806
g_row\[0\].g_col\[1\].pe/_2681_,VPWR,li1,34.5000,40.8000,1.599919
g_row\[0\].g_col\[1\].pe/_2680_,VPWR,li1,30.1300,35.3600,1.599925
g_row\[0\].g_col\[1\].pe/_2679_,VPWR,li1,184.0000,68.0000,1.599797
g_row\[0\].g_col\[1\].pe/_2678_,VPWR,li1,178.2500,68.0000,1.599822
g_row\[0\].g_col\[1\].pe/_2677_,VPWR,li1,189.5200,46.2400,1.599789
g_row\[0\].g_col\[1\].pe/_2676_,VPWR,li1,187.4500,40.8000,1.599830
g_row\[0\].g_col\[1\].pe/_2675_,VPWR,li1,178.4800,40.8000,1.599864
g_row\[0\].g_col\[1\].pe/_2674_,VPWR,li1,178.2500,40.8000,1.599864
g_row\[0\].g_col\[1\].pe/_2673_,VPWR,li1,171.3500,40.8000,1.599867
g_row\[0\].g_col\[1\].pe/_2672_,VPWR,li1,175.0300,46.2400,1.599811
g_row\[0\].g_col\[1\].pe/_2671_,VPWR,li1,162.1500,46.2400,1.599750
g_row\[0\].g_col\[1\].pe/_2670_,VPWR,li1,171.1200,29.9200,1.599865
g_row\[0\].g_col\[1\].pe/_2669_,VPWR,li1,172.7300,29.9200,1.599865
g_row\[0\].g_col\[1\].pe/_2668_,VPWR,li1,182.1600,46.2400,1.599798
g_row\[0\].g_col\[1\].pe/_2667_,VPWR,li1,192.9700,46.2400,1.599783
g_row\[0\].g_col\[1\].pe/_2666_,VPWR,li1,179.8600,29.9200,1.599867
g_row\[0\].g_col\[1\].pe/_2665_,VPWR,li1,194.3500,29.9200,1.599842
g_row\[0\].g_col\[1\].pe/_2664_,VPWR,li1,178.9400,51.6800,1.599822
g_row\[0\].g_col\[1\].pe/_2663_,VPWR,li1,187.4500,51.6800,1.599790
g_row\[0\].g_col\[1\].pe/_2662_,VPWR,li1,158.2400,24.4800,1.599785
g_row\[0\].g_col\[1\].pe/_2661_,VPWR,li1,174.5700,19.0400,1.599798
g_row\[0\].g_col\[1\].pe/_2660_,VPWR,li1,158.2400,35.3600,1.599826
g_row\[0\].g_col\[1\].pe/_2659_,VPWR,li1,174.5700,29.9200,1.599870
g_row\[0\].g_col\[1\].pe/_2658_,VPWR,li1,166.5200,29.9200,1.599852
g_row\[0\].g_col\[1\].pe/_2657_,VPWR,li1,162.6100,29.9200,1.599841
g_row\[0\].g_col\[1\].pe/_2656_,VPWR,li1,184.0000,51.6800,1.599797
g_row\[0\].g_col\[1\].pe/_2655_,VPWR,li1,191.1300,51.6800,1.599772
g_row\[0\].g_col\[1\].pe/_2654_,VPWR,li1,179.8600,24.4800,1.599803
g_row\[0\].g_col\[1\].pe/_2653_,VPWR,li1,176.8700,29.9200,1.599877
g_row\[0\].g_col\[1\].pe/_2652_,VPWR,li1,184.0000,24.4800,1.599787
g_row\[0\].g_col\[1\].pe/_2651_,VPWR,li1,188.3700,24.4800,1.599770
g_row\[0\].g_col\[1\].pe/_2650_,VPWR,li1,182.6200,35.3600,1.599829
g_row\[0\].g_col\[1\].pe/_2649_,VPWR,li1,183.3100,29.9200,1.599863
g_row\[0\].g_col\[1\].pe/_2648_,VPWR,li1,168.8200,40.8000,1.599863
g_row\[0\].g_col\[1\].pe/_2647_,VPWR,li1,174.1100,40.8000,1.599870
g_row\[0\].g_col\[1\].pe/_2646_,VPWR,li1,191.3600,29.9200,1.599846
g_row\[0\].g_col\[1\].pe/_2645_,VPWR,li1,187.4500,29.9200,1.599853
g_row\[0\].g_col\[1\].pe/_2644_,VPWR,li1,182.6200,40.8000,1.599847
g_row\[0\].g_col\[1\].pe/_2643_,VPWR,li1,184.6900,35.3600,1.599823
g_row\[0\].g_col\[1\].pe/_2642_,VPWR,li1,171.1200,51.6800,1.599826
g_row\[0\].g_col\[1\].pe/_2641_,VPWR,li1,171.3500,46.2400,1.599789
g_row\[0\].g_col\[1\].pe/_2640_,VPWR,li1,175.2600,127.8400,1.599810
g_row\[0\].g_col\[1\].pe/_2639_,VPWR,li1,176.8700,133.2800,1.599853
g_row\[0\].g_col\[1\].pe/_2638_,VPWR,li1,149.9600,127.8400,1.599688
g_row\[0\].g_col\[1\].pe/_2637_,VPWR,li1,142.3700,133.2800,1.599760
g_row\[0\].g_col\[1\].pe/_2636_,VPWR,li1,155.2500,127.8400,1.599713
g_row\[0\].g_col\[1\].pe/_2635_,VPWR,li1,145.5900,133.2800,1.599765
g_row\[0\].g_col\[1\].pe/_2634_,VPWR,li1,142.3700,127.8400,1.599663
g_row\[0\].g_col\[1\].pe/_2633_,VPWR,li1,145.3600,116.9600,1.599509
g_row\[0\].g_col\[1\].pe/_2632_,VPWR,li1,151.5700,111.5200,1.599575
g_row\[0\].g_col\[1\].pe/_2631_,VPWR,li1,158.2400,116.9600,1.599579
g_row\[0\].g_col\[1\].pe/_2630_,VPWR,li1,158.0100,111.5200,1.599610
g_row\[0\].g_col\[1\].pe/_2628_,VPWR,li1,154.5600,116.9600,1.599558
g_row\[0\].g_col\[1\].pe/_2627_,VPWR,li1,160.3100,111.5200,1.599629
g_row\[0\].g_col\[1\].pe/_2626_,VPWR,li1,140.3000,122.4000,1.599460
g_row\[0\].g_col\[1\].pe/_2625_,VPWR,li1,137.7700,116.9600,1.599471
g_row\[0\].g_col\[1\].pe/_2624_,VPWR,li1,157.3200,122.4000,1.599538
g_row\[0\].g_col\[1\].pe/_2623_,VPWR,li1,161.6900,127.8400,1.599739
g_row\[0\].g_col\[1\].pe/_2622_,VPWR,li1,145.8200,111.5200,1.599542
g_row\[0\].g_col\[1\].pe/_2621_,VPWR,li1,142.3700,116.9600,1.599494
g_row\[0\].g_col\[1\].pe/_2619_,VPWR,li1,149.5000,100.6400,1.599718
g_row\[0\].g_col\[1\].pe/_2618_,VPWR,li1,146.0500,100.6400,1.599707
g_row\[0\].g_col\[1\].pe/_2617_,VPWR,li1,139.3800,116.9600,1.599471
g_row\[0\].g_col\[1\].pe/_2616_,VPWR,li1,135.9300,111.5200,1.599497
g_row\[0\].g_col\[1\].pe/_2615_,VPWR,li1,133.8600,116.9600,1.599452
g_row\[0\].g_col\[1\].pe/_2614_,VPWR,li1,133.1700,116.9600,1.599442
g_row\[0\].g_col\[1\].pe/_2613_,VPWR,li1,143.0600,116.9600,1.599494
g_row\[0\].g_col\[1\].pe/_2612_,VPWR,li1,140.0700,116.9600,1.599482
g_row\[0\].g_col\[1\].pe/_2611_,VPWR,li1,132.4800,122.4000,1.599431
g_row\[0\].g_col\[1\].pe/_2610_,VPWR,li1,130.4100,122.4000,1.599418
g_row\[0\].g_col\[1\].pe/_2608_,VPWR,li1,162.3800,127.8400,1.599739
g_row\[0\].g_col\[1\].pe/_2607_,VPWR,li1,158.9300,127.8400,1.599721
g_row\[0\].g_col\[1\].pe/_2606_,VPWR,li1,151.3400,68.0000,1.599810
g_row\[0\].g_col\[1\].pe/_2605_,VPWR,li1,150.6500,62.5600,1.599755
g_row\[0\].g_col\[1\].pe/_2604_,VPWR,li1,154.5600,57.1200,1.599839
g_row\[0\].g_col\[1\].pe/_2603_,VPWR,li1,146.0500,62.5600,1.599754
g_row\[0\].g_col\[1\].pe/_2600_,VPWR,li1,155.0200,68.0000,1.599812
g_row\[0\].g_col\[1\].pe/_2599_,VPWR,li1,155.7100,73.4400,1.599860
g_row\[0\].g_col\[1\].pe/_2595_,VPWR,li1,14.2600,133.2800,1.599892
g_row\[0\].g_col\[1\].pe/_2594_,VPWR,li1,58.6500,133.2800,1.599775
g_row\[0\].g_col\[1\].pe/_2592_,VPWR,li1,29.9000,122.4000,1.599709
g_row\[0\].g_col\[1\].pe/_2591_,VPWR,li1,35.8800,127.8400,1.599749
g_row\[0\].g_col\[1\].pe/_2590_,VPWR,li1,44.8500,127.8400,1.599713
g_row\[0\].g_col\[1\].pe/_2588_,VPWR,li1,23.0000,116.9600,1.599781
g_row\[0\].g_col\[1\].pe/_2587_,VPWR,li1,23.9200,111.5200,1.599798
g_row\[0\].g_col\[1\].pe/_2586_,VPWR,li1,34.9600,116.9600,1.599685
g_row\[0\].g_col\[1\].pe/_2585_,VPWR,li1,33.1200,116.9600,1.599700
g_row\[0\].g_col\[1\].pe/_2584_,VPWR,li1,32.8900,111.5200,1.599731
g_row\[0\].g_col\[1\].pe/_2582_,VPWR,li1,17.0200,111.5200,1.599819
g_row\[0\].g_col\[1\].pe/_2581_,VPWR,li1,21.1600,111.5200,1.599819
g_row\[0\].g_col\[1\].pe/_2580_,VPWR,li1,37.0300,111.5200,1.599699
g_row\[0\].g_col\[1\].pe/_2579_,VPWR,li1,42.3200,111.5200,1.599667
g_row\[0\].g_col\[1\].pe/_2577_,VPWR,li1,32.6600,106.0800,1.599782
g_row\[0\].g_col\[1\].pe/_2576_,VPWR,li1,32.6600,111.5200,1.599731
g_row\[0\].g_col\[1\].pe/_2575_,VPWR,li1,38.4100,111.5200,1.599699
g_row\[0\].g_col\[1\].pe/_2573_,VPWR,li1,25.3000,100.6400,1.599786
g_row\[0\].g_col\[1\].pe/_2572_,VPWR,li1,24.8400,111.5200,1.599798
g_row\[0\].g_col\[1\].pe/_2571_,VPWR,li1,45.3100,111.5200,1.599650
g_row\[0\].g_col\[1\].pe/_2569_,VPWR,li1,54.7400,116.9600,1.599550
g_row\[0\].g_col\[1\].pe/_2568_,VPWR,li1,51.5200,116.9600,1.599580
g_row\[0\].g_col\[1\].pe/_2567_,VPWR,li1,48.0700,116.9600,1.599594
g_row\[0\].g_col\[1\].pe/_2565_,VPWR,li1,52.4400,122.4000,1.599539
g_row\[0\].g_col\[1\].pe/_2564_,VPWR,li1,49.6800,122.4000,1.599563
g_row\[0\].g_col\[1\].pe/_2563_,VPWR,li1,46.2300,122.4000,1.599583
g_row\[0\].g_col\[1\].pe/_2561_,VPWR,li1,88.0900,133.2800,1.599722
g_row\[0\].g_col\[1\].pe/_2560_,VPWR,li1,84.6400,133.2800,1.599723
g_row\[0\].g_col\[1\].pe/_2559_,VPWR,li1,81.6500,133.2800,1.599724
g_row\[0\].g_col\[1\].pe/_2558_,VPWR,li1,78.8900,133.2800,1.599726
g_row\[0\].g_col\[1\].pe/_2557_,VPWR,li1,75.6700,127.8400,1.599605
g_row\[0\].g_col\[1\].pe/_2555_,VPWR,li1,65.7800,138.7200,1.599732
g_row\[0\].g_col\[1\].pe/_2554_,VPWR,li1,66.2400,133.2800,1.599752
g_row\[0\].g_col\[1\].pe/_2553_,VPWR,li1,71.0700,133.2800,1.599740
g_row\[0\].g_col\[1\].pe/_2552_,VPWR,li1,74.2900,133.2800,1.599732
g_row\[0\].g_col\[1\].pe/_2551_,VPWR,li1,74.0600,138.7200,1.599710
g_row\[0\].g_col\[1\].pe/_2549_,VPWR,li1,84.1800,138.7200,1.599697
g_row\[0\].g_col\[1\].pe/_2548_,VPWR,li1,85.1000,149.6000,1.599799
g_row\[0\].g_col\[1\].pe/_2547_,VPWR,li1,78.4300,144.1600,1.599682
g_row\[0\].g_col\[1\].pe/_2546_,VPWR,li1,80.7300,149.6000,1.599797
g_row\[0\].g_col\[1\].pe/_2545_,VPWR,li1,81.6500,144.1600,1.599682
g_row\[0\].g_col\[1\].pe/_2544_,VPWR,li1,77.5100,144.1600,1.599682
g_row\[0\].g_col\[1\].pe/_2542_,VPWR,li1,66.7000,149.6000,1.599794
g_row\[0\].g_col\[1\].pe/_2541_,VPWR,li1,68.0800,149.6000,1.599794
g_row\[0\].g_col\[1\].pe/_2540_,VPWR,li1,64.6300,149.6000,1.599794
g_row\[0\].g_col\[1\].pe/_2539_,VPWR,li1,66.4700,144.1600,1.599696
g_row\[0\].g_col\[1\].pe/_2538_,VPWR,li1,69.9200,144.1600,1.599690
g_row\[0\].g_col\[1\].pe/_2536_,VPWR,li1,27.6000,138.7200,1.599865
g_row\[0\].g_col\[1\].pe/_2535_,VPWR,li1,35.8800,144.1600,1.599784
g_row\[0\].g_col\[1\].pe/_2534_,VPWR,li1,60.7200,149.6000,1.599795
g_row\[0\].g_col\[1\].pe/_2533_,VPWR,li1,57.9600,149.6000,1.599797
g_row\[0\].g_col\[1\].pe/_2532_,VPWR,li1,58.6500,149.6000,1.599797
g_row\[0\].g_col\[1\].pe/_2531_,VPWR,li1,54.0500,149.6000,1.599801
g_row\[0\].g_col\[1\].pe/_2529_,VPWR,li1,30.3600,149.6000,1.599865
g_row\[0\].g_col\[1\].pe/_2528_,VPWR,li1,41.4000,149.6000,1.599825
g_row\[0\].g_col\[1\].pe/_2527_,VPWR,li1,50.8300,149.6000,1.599806
g_row\[0\].g_col\[1\].pe/_2526_,VPWR,li1,52.2100,149.6000,1.599804
g_row\[0\].g_col\[1\].pe/_2525_,VPWR,li1,48.0700,149.6000,1.599810
g_row\[0\].g_col\[1\].pe/_2522_,VPWR,li1,27.1400,138.7200,1.599865
g_row\[0\].g_col\[1\].pe/_2521_,VPWR,li1,46.4600,138.7200,1.599793
g_row\[0\].g_col\[1\].pe/_2520_,VPWR,li1,54.5100,138.7200,1.599771
g_row\[0\].g_col\[1\].pe/_2519_,VPWR,li1,51.7500,138.7200,1.599777
g_row\[0\].g_col\[1\].pe/_2517_,VPWR,li1,61.1800,127.8400,1.599643
g_row\[0\].g_col\[1\].pe/_2516_,VPWR,li1,54.5100,127.8400,1.599666
g_row\[0\].g_col\[1\].pe/_2514_,VPWR,li1,49.4500,138.7200,1.599783
g_row\[0\].g_col\[1\].pe/_2513_,VPWR,li1,51.7500,133.2800,1.599796
g_row\[0\].g_col\[1\].pe/_2512_,VPWR,li1,59.5700,138.7200,1.599750
g_row\[0\].g_col\[1\].pe/_2510_,VPWR,li1,46.2300,127.8400,1.599700
g_row\[0\].g_col\[1\].pe/_2509_,VPWR,li1,49.9100,127.8400,1.599692
g_row\[0\].g_col\[1\].pe/_2508_,VPWR,li1,39.3300,127.8400,1.599732
g_row\[0\].g_col\[1\].pe/_2507_,VPWR,li1,45.7700,116.9600,1.599609
g_row\[0\].g_col\[1\].pe/_2506_,VPWR,li1,47.1500,116.9600,1.599609
g_row\[0\].g_col\[1\].pe/_2505_,VPWR,li1,71.9900,122.4000,1.599425
g_row\[0\].g_col\[1\].pe/_2504_,VPWR,li1,74.2900,122.4000,1.599416
g_row\[0\].g_col\[1\].pe/_2503_,VPWR,li1,42.7800,116.9600,1.599630
g_row\[0\].g_col\[1\].pe/_2502_,VPWR,li1,77.7400,138.7200,1.599706
g_row\[0\].g_col\[1\].pe/_2501_,VPWR,li1,57.5000,144.1600,1.599715
g_row\[0\].g_col\[1\].pe/_2500_,VPWR,li1,59.1100,144.1600,1.599709
g_row\[0\].g_col\[1\].pe/_2499_,VPWR,li1,58.6500,138.7200,1.599757
g_row\[0\].g_col\[1\].pe/_2498_,VPWR,li1,55.4300,138.7200,1.599763
g_row\[0\].g_col\[1\].pe/_2497_,VPWR,li1,81.6500,138.7200,1.599699
g_row\[0\].g_col\[1\].pe/_2496_,VPWR,li1,78.4300,133.2800,1.599726
g_row\[0\].g_col\[1\].pe/_2495_,VPWR,li1,77.9700,127.8400,1.599602
g_row\[0\].g_col\[1\].pe/_2494_,VPWR,li1,34.2700,122.4000,1.599674
g_row\[0\].g_col\[1\].pe/_2493_,VPWR,li1,57.9600,127.8400,1.599658
g_row\[0\].g_col\[1\].pe/_2492_,VPWR,li1,58.8800,116.9600,1.599524
g_row\[0\].g_col\[1\].pe/_2491_,VPWR,li1,67.6200,116.9600,1.599478
g_row\[0\].g_col\[1\].pe/_2490_,VPWR,li1,60.9500,106.0800,1.599680
g_row\[0\].g_col\[1\].pe/_2489_,VPWR,li1,62.5600,111.5200,1.599563
g_row\[0\].g_col\[1\].pe/_2488_,VPWR,li1,49.2200,111.5200,1.599622
g_row\[0\].g_col\[1\].pe/_2487_,VPWR,li1,51.9800,111.5200,1.599608
g_row\[0\].g_col\[1\].pe/_2486_,VPWR,li1,50.3700,127.8400,1.599683
g_row\[0\].g_col\[1\].pe/_2485_,VPWR,li1,63.0200,122.4000,1.599473
g_row\[0\].g_col\[1\].pe/_2484_,VPWR,li1,69.2300,133.2800,1.599744
g_row\[0\].g_col\[1\].pe/_2483_,VPWR,li1,37.0300,122.4000,1.599651
g_row\[0\].g_col\[1\].pe/_2482_,VPWR,li1,27.3700,122.4000,1.599730
g_row\[0\].g_col\[1\].pe/_2481_,VPWR,li1,30.5900,116.9600,1.599731
g_row\[0\].g_col\[1\].pe/_2480_,VPWR,li1,35.6500,111.5200,1.599714
g_row\[0\].g_col\[1\].pe/_2479_,VPWR,li1,41.6300,106.0800,1.599744
g_row\[0\].g_col\[1\].pe/_2478_,VPWR,li1,37.4900,116.9600,1.599671
g_row\[0\].g_col\[1\].pe/_2477_,VPWR,li1,51.2900,106.0800,1.599709
g_row\[0\].g_col\[1\].pe/_2476_,VPWR,li1,48.5300,111.5200,1.599634
g_row\[0\].g_col\[1\].pe/_2475_,VPWR,li1,61.8700,111.5200,1.599563
g_row\[0\].g_col\[1\].pe/_2474_,VPWR,li1,57.7300,111.5200,1.599588
g_row\[0\].g_col\[1\].pe/_2473_,VPWR,li1,64.6300,116.9600,1.599493
g_row\[0\].g_col\[1\].pe/_2472_,VPWR,li1,63.2500,116.9600,1.599506
g_row\[0\].g_col\[1\].pe/_2471_,VPWR,li1,74.9800,122.4000,1.599416
g_row\[0\].g_col\[1\].pe/_2470_,VPWR,li1,75.2100,133.2800,1.599732
g_row\[0\].g_col\[1\].pe/_2469_,VPWR,li1,80.2700,127.8400,1.599599
g_row\[0\].g_col\[1\].pe/_2468_,VPWR,li1,73.8300,138.7200,1.599710
g_row\[0\].g_col\[1\].pe/_2467_,VPWR,li1,90.3900,138.7200,1.599692
g_row\[0\].g_col\[1\].pe/_2466_,VPWR,li1,74.2900,144.1600,1.599685
g_row\[0\].g_col\[1\].pe/_2465_,VPWR,li1,52.4400,144.1600,1.599726
g_row\[0\].g_col\[1\].pe/_2464_,VPWR,li1,46.0000,144.1600,1.599751
g_row\[0\].g_col\[1\].pe/_2463_,VPWR,li1,52.2100,144.1600,1.599726
g_row\[0\].g_col\[1\].pe/_2462_,VPWR,li1,48.5300,144.1600,1.599739
g_row\[0\].g_col\[1\].pe/_2461_,VPWR,li1,46.6900,138.7200,1.599793
g_row\[0\].g_col\[1\].pe/_2460_,VPWR,li1,128.5700,133.2800,1.599731
g_row\[0\].g_col\[1\].pe/_2459_,VPWR,li1,127.1900,138.7200,1.599708
g_row\[0\].g_col\[1\].pe/_2458_,VPWR,li1,45.7700,149.6000,1.599813
g_row\[0\].g_col\[1\].pe/_2457_,VPWR,li1,42.5500,144.1600,1.599757
g_row\[0\].g_col\[1\].pe/_2456_,VPWR,li1,39.3300,144.1600,1.599774
g_row\[0\].g_col\[1\].pe/_2455_,VPWR,li1,124.8900,133.2800,1.599725
g_row\[0\].g_col\[1\].pe/_2454_,VPWR,li1,48.0700,144.1600,1.599739
g_row\[0\].g_col\[1\].pe/_2453_,VPWR,li1,117.0700,138.7200,1.599695
g_row\[0\].g_col\[1\].pe/_2452_,VPWR,li1,73.8300,144.1600,1.599687
g_row\[0\].g_col\[1\].pe/_2451_,VPWR,li1,111.0900,138.7200,1.599692
g_row\[0\].g_col\[1\].pe/_2450_,VPWR,li1,115.6900,133.2800,1.599718
g_row\[0\].g_col\[1\].pe/_2449_,VPWR,li1,118.9100,133.2800,1.599719
g_row\[0\].g_col\[1\].pe/_2448_,VPWR,li1,108.7900,133.2800,1.599717
g_row\[0\].g_col\[1\].pe/_2447_,VPWR,li1,80.2700,138.7200,1.599701
g_row\[0\].g_col\[1\].pe/_2446_,VPWR,li1,87.1700,138.7200,1.599693
g_row\[0\].g_col\[1\].pe/_2445_,VPWR,li1,100.0500,127.8400,1.599586
g_row\[0\].g_col\[1\].pe/_2444_,VPWR,li1,71.9900,133.2800,1.599740
g_row\[0\].g_col\[1\].pe/_2443_,VPWR,li1,71.9900,127.8400,1.599613
g_row\[0\].g_col\[1\].pe/_2442_,VPWR,li1,71.9900,127.8400,1.599613
g_row\[0\].g_col\[1\].pe/_2441_,VPWR,li1,81.6500,127.8400,1.599599
g_row\[0\].g_col\[1\].pe/_2440_,VPWR,li1,77.0500,127.8400,1.599605
g_row\[0\].g_col\[1\].pe/_2439_,VPWR,li1,78.8900,122.4000,1.599400
g_row\[0\].g_col\[1\].pe/_2438_,VPWR,li1,69.6900,122.4000,1.599438
g_row\[0\].g_col\[1\].pe/_2437_,VPWR,li1,66.9300,122.4000,1.599449
g_row\[0\].g_col\[1\].pe/_2436_,VPWR,li1,87.1700,122.4000,1.599377
g_row\[0\].g_col\[1\].pe/_2435_,VPWR,li1,67.8500,116.9600,1.599478
g_row\[0\].g_col\[1\].pe/_2434_,VPWR,li1,100.5100,116.9600,1.599371
g_row\[0\].g_col\[1\].pe/_2433_,VPWR,li1,53.1300,111.5200,1.599608
g_row\[0\].g_col\[1\].pe/_2432_,VPWR,li1,103.7300,111.5200,1.599448
g_row\[0\].g_col\[1\].pe/_2431_,VPWR,li1,45.3100,106.0800,1.599731
g_row\[0\].g_col\[1\].pe/_2430_,VPWR,li1,116.1500,111.5200,1.599443
g_row\[0\].g_col\[1\].pe/_2429_,VPWR,li1,117.9900,122.4000,1.599382
g_row\[0\].g_col\[1\].pe/_2428_,VPWR,li1,29.2100,116.9600,1.599731
g_row\[0\].g_col\[1\].pe/_2427_,VPWR,li1,26.9100,122.4000,1.599748
g_row\[0\].g_col\[1\].pe/_2426_,VPWR,li1,103.2700,122.4000,1.599360
g_row\[0\].g_col\[1\].pe/_2425_,VPWR,li1,38.8700,127.8400,1.599732
g_row\[0\].g_col\[1\].pe/_2424_,VPWR,li1,34.0400,122.4000,1.599674
g_row\[0\].g_col\[1\].pe/_2423_,VPWR,li1,37.0300,122.4000,1.599651
g_row\[0\].g_col\[1\].pe/_2422_,VPWR,li1,63.2500,127.8400,1.599636
g_row\[0\].g_col\[1\].pe/_2421_,VPWR,li1,103.7300,122.4000,1.599360
g_row\[0\].g_col\[1\].pe/_2420_,VPWR,li1,115.6900,127.8400,1.599593
g_row\[0\].g_col\[1\].pe/_2419_,VPWR,li1,120.7500,116.9600,1.599392
g_row\[0\].g_col\[1\].pe/_2418_,VPWR,li1,105.5700,116.9600,1.599368
g_row\[0\].g_col\[1\].pe/_2417_,VPWR,li1,94.9900,111.5200,1.599462
g_row\[0\].g_col\[1\].pe/_2416_,VPWR,li1,88.0900,116.9600,1.599390
g_row\[0\].g_col\[1\].pe/_2415_,VPWR,li1,82.5700,122.4000,1.599389
g_row\[0\].g_col\[1\].pe/_2414_,VPWR,li1,79.3500,122.4000,1.599400
g_row\[0\].g_col\[1\].pe/_2413_,VPWR,li1,94.0700,122.4000,1.599363
g_row\[0\].g_col\[1\].pe/_2412_,VPWR,li1,115.0000,133.2800,1.599718
g_row\[0\].g_col\[1\].pe/_2411_,VPWR,li1,123.7400,133.2800,1.599725
g_row\[0\].g_col\[1\].pe/_2410_,VPWR,li1,55.2000,133.2800,1.599789
g_row\[0\].g_col\[1\].pe/_2409_,VPWR,li1,53.1300,138.7200,1.599771
g_row\[0\].g_col\[1\].pe/_2408_,VPWR,li1,121.2100,133.2800,1.599721
g_row\[0\].g_col\[1\].pe/_2406_,VPWR,li1,87.6300,133.2800,1.599722
g_row\[0\].g_col\[1\].pe/_2405_,VPWR,li1,97.2900,133.2800,1.599719
g_row\[0\].g_col\[1\].pe/_2404_,VPWR,li1,100.2800,133.2800,1.599719
g_row\[0\].g_col\[1\].pe/_2403_,VPWR,li1,104.6500,133.2800,1.599718
g_row\[0\].g_col\[1\].pe/_2402_,VPWR,li1,170.8900,133.2800,1.599839
g_row\[0\].g_col\[1\].pe/_2401_,VPWR,li1,181.4700,127.8400,1.599798
g_row\[0\].g_col\[1\].pe/_2399_,VPWR,li1,120.7500,138.7200,1.599700
g_row\[0\].g_col\[1\].pe/_2398_,VPWR,li1,184.4600,127.8400,1.599793
g_row\[0\].g_col\[1\].pe/_2397_,VPWR,li1,183.3100,133.2800,1.599830
g_row\[0\].g_col\[1\].pe/_2396_,VPWR,li1,190.9000,122.4000,1.599564
g_row\[0\].g_col\[1\].pe/_2395_,VPWR,li1,193.6600,122.4000,1.599548
g_row\[0\].g_col\[1\].pe/_2394_,VPWR,li1,188.8300,122.4000,1.599577
g_row\[0\].g_col\[1\].pe/_2393_,VPWR,li1,196.1900,116.9600,1.599634
g_row\[0\].g_col\[1\].pe/_2392_,VPWR,li1,195.7300,116.9600,1.599634
g_row\[0\].g_col\[1\].pe/_2391_,VPWR,li1,194.8100,106.0800,1.599821
g_row\[0\].g_col\[1\].pe/_2390_,VPWR,li1,189.2900,89.7600,1.599856
g_row\[0\].g_col\[1\].pe/_2389_,VPWR,li1,184.2300,84.3200,1.599901
g_row\[0\].g_col\[1\].pe/_2388_,VPWR,li1,179.6300,89.7600,1.599876
g_row\[0\].g_col\[1\].pe/_2387_,VPWR,li1,200.3300,106.0800,1.599815
g_row\[0\].g_col\[1\].pe/_2386_,VPWR,li1,199.4100,106.0800,1.599817
g_row\[0\].g_col\[1\].pe/_2385_,VPWR,li1,191.5900,111.5200,1.599662
g_row\[0\].g_col\[1\].pe/_2384_,VPWR,li1,191.1300,111.5200,1.599662
g_row\[0\].g_col\[1\].pe/_2383_,VPWR,li1,195.2700,127.8400,1.599778
g_row\[0\].g_col\[1\].pe/_2381_,VPWR,li1,175.0300,122.4000,1.599665
g_row\[0\].g_col\[1\].pe/_2380_,VPWR,li1,177.3300,116.9600,1.599698
g_row\[0\].g_col\[1\].pe/_2379_,VPWR,li1,190.6700,116.9600,1.599650
g_row\[0\].g_col\[1\].pe/_2378_,VPWR,li1,177.7900,116.9600,1.599698
g_row\[0\].g_col\[1\].pe/_2377_,VPWR,li1,180.0900,111.5200,1.599709
g_row\[0\].g_col\[1\].pe/_2376_,VPWR,li1,181.2400,116.9600,1.599687
g_row\[0\].g_col\[1\].pe/_2375_,VPWR,li1,191.5900,116.9600,1.599650
g_row\[0\].g_col\[1\].pe/_2374_,VPWR,li1,195.7300,111.5200,1.599644
g_row\[0\].g_col\[1\].pe/_2373_,VPWR,li1,188.1400,106.0800,1.599828
g_row\[0\].g_col\[1\].pe/_2372_,VPWR,li1,195.7300,111.5200,1.599644
g_row\[0\].g_col\[1\].pe/_2371_,VPWR,li1,194.8100,100.6400,1.599818
g_row\[0\].g_col\[1\].pe/_2370_,VPWR,li1,202.4000,106.0800,1.599813
g_row\[0\].g_col\[1\].pe/_2369_,VPWR,li1,195.2700,106.0800,1.599821
g_row\[0\].g_col\[1\].pe/_2368_,VPWR,li1,190.6700,100.6400,1.599823
g_row\[0\].g_col\[1\].pe/_2367_,VPWR,li1,190.4400,84.3200,1.599893
g_row\[0\].g_col\[1\].pe/_2366_,VPWR,li1,188.8300,84.3200,1.599893
g_row\[0\].g_col\[1\].pe/_2365_,VPWR,li1,193.6600,84.3200,1.599886
g_row\[0\].g_col\[1\].pe/_2364_,VPWR,li1,183.3100,89.7600,1.599870
g_row\[0\].g_col\[1\].pe/_2363_,VPWR,li1,175.2600,89.7600,1.599885
g_row\[0\].g_col\[1\].pe/_2361_,VPWR,li1,110.1700,122.4000,1.599368
g_row\[0\].g_col\[1\].pe/_2360_,VPWR,li1,113.1600,122.4000,1.599373
g_row\[0\].g_col\[1\].pe/_2359_,VPWR,li1,180.0900,122.4000,1.599630
g_row\[0\].g_col\[1\].pe/_2358_,VPWR,li1,175.0300,116.9600,1.599707
g_row\[0\].g_col\[1\].pe/_2357_,VPWR,li1,130.4100,106.0800,1.599675
g_row\[0\].g_col\[1\].pe/_2356_,VPWR,li1,184.2300,116.9600,1.599671
g_row\[0\].g_col\[1\].pe/_2355_,VPWR,li1,182.3900,116.9600,1.599678
g_row\[0\].g_col\[1\].pe/_2354_,VPWR,li1,184.9200,116.9600,1.599671
g_row\[0\].g_col\[1\].pe/_2353_,VPWR,li1,187.4500,116.9600,1.599665
g_row\[0\].g_col\[1\].pe/_2352_,VPWR,li1,187.6800,111.5200,1.599682
g_row\[0\].g_col\[1\].pe/_2351_,VPWR,li1,184.2300,111.5200,1.599690
g_row\[0\].g_col\[1\].pe/_2350_,VPWR,li1,186.0700,111.5200,1.599682
g_row\[0\].g_col\[1\].pe/_2349_,VPWR,li1,187.4500,106.0800,1.599831
g_row\[0\].g_col\[1\].pe/_2348_,VPWR,li1,178.7100,100.6400,1.599839
g_row\[0\].g_col\[1\].pe/_2347_,VPWR,li1,195.2700,100.6400,1.599818
g_row\[0\].g_col\[1\].pe/_2346_,VPWR,li1,194.8100,95.2000,1.599845
g_row\[0\].g_col\[1\].pe/_2345_,VPWR,li1,191.5900,100.6400,1.599823
g_row\[0\].g_col\[1\].pe/_2344_,VPWR,li1,192.5100,95.2000,1.599849
g_row\[0\].g_col\[1\].pe/_2343_,VPWR,li1,192.0500,95.2000,1.599849
g_row\[0\].g_col\[1\].pe/_2342_,VPWR,li1,184.0000,78.8800,1.599870
g_row\[0\].g_col\[1\].pe/_2341_,VPWR,li1,184.2300,73.4400,1.599889
g_row\[0\].g_col\[1\].pe/_2340_,VPWR,li1,175.2600,89.7600,1.599885
g_row\[0\].g_col\[1\].pe/_2339_,VPWR,li1,178.7100,100.6400,1.599839
g_row\[0\].g_col\[1\].pe/_2338_,VPWR,li1,179.1700,111.5200,1.599717
g_row\[0\].g_col\[1\].pe/_2337_,VPWR,li1,182.1600,106.0800,1.599837
g_row\[0\].g_col\[1\].pe/_2336_,VPWR,li1,110.1700,133.2800,1.599717
g_row\[0\].g_col\[1\].pe/_2335_,VPWR,li1,110.1700,116.9600,1.599369
g_row\[0\].g_col\[1\].pe/_2334_,VPWR,li1,111.3200,111.5200,1.599445
g_row\[0\].g_col\[1\].pe/_2333_,VPWR,li1,129.2600,116.9600,1.599424
g_row\[0\].g_col\[1\].pe/_2332_,VPWR,li1,128.3400,111.5200,1.599468
g_row\[0\].g_col\[1\].pe/_2331_,VPWR,li1,122.8200,106.0800,1.599658
g_row\[0\].g_col\[1\].pe/_2330_,VPWR,li1,113.6200,106.0800,1.599645
g_row\[0\].g_col\[1\].pe/_2329_,VPWR,li1,130.8700,111.5200,1.599479
g_row\[0\].g_col\[1\].pe/_2328_,VPWR,li1,158.9300,111.5200,1.599610
g_row\[0\].g_col\[1\].pe/_2327_,VPWR,li1,164.2200,111.5200,1.599653
g_row\[0\].g_col\[1\].pe/_2326_,VPWR,li1,163.9900,106.0800,1.599791
g_row\[0\].g_col\[1\].pe/_2325_,VPWR,li1,173.1900,111.5200,1.599714
g_row\[0\].g_col\[1\].pe/_2324_,VPWR,li1,168.1300,95.2000,1.599851
g_row\[0\].g_col\[1\].pe/_2323_,VPWR,li1,174.5700,106.0800,1.599835
g_row\[0\].g_col\[1\].pe/_2322_,VPWR,li1,179.6300,106.0800,1.599840
g_row\[0\].g_col\[1\].pe/_2321_,VPWR,li1,181.7000,106.0800,1.599837
g_row\[0\].g_col\[1\].pe/_2320_,VPWR,li1,183.7700,100.6400,1.599832
g_row\[0\].g_col\[1\].pe/_2319_,VPWR,li1,182.8500,100.6400,1.599835
g_row\[0\].g_col\[1\].pe/_2318_,VPWR,li1,182.3900,95.2000,1.599868
g_row\[0\].g_col\[1\].pe/_2317_,VPWR,li1,181.9300,89.7600,1.599870
g_row\[0\].g_col\[1\].pe/_2316_,VPWR,li1,178.7100,95.2000,1.599874
g_row\[0\].g_col\[1\].pe/_2315_,VPWR,li1,181.2400,95.2000,1.599868
g_row\[0\].g_col\[1\].pe/_2314_,VPWR,li1,179.1700,84.3200,1.599913
g_row\[0\].g_col\[1\].pe/_2313_,VPWR,li1,175.2600,84.3200,1.599917
g_row\[0\].g_col\[1\].pe/_2312_,VPWR,li1,171.1200,89.7600,1.599873
g_row\[0\].g_col\[1\].pe/_2311_,VPWR,li1,178.2500,95.2000,1.599874
g_row\[0\].g_col\[1\].pe/_2310_,VPWR,li1,171.3500,106.0800,1.599822
g_row\[0\].g_col\[1\].pe/_2309_,VPWR,li1,167.2100,106.0800,1.599799
g_row\[0\].g_col\[1\].pe/_2308_,VPWR,li1,124.4300,116.9600,1.599401
g_row\[0\].g_col\[1\].pe/_2307_,VPWR,li1,100.0500,116.9600,1.599374
g_row\[0\].g_col\[1\].pe/_2306_,VPWR,li1,104.8800,111.5200,1.599448
g_row\[0\].g_col\[1\].pe/_2305_,VPWR,li1,123.5100,111.5200,1.599455
g_row\[0\].g_col\[1\].pe/_2304_,VPWR,li1,127.4200,106.0800,1.599668
g_row\[0\].g_col\[1\].pe/_2303_,VPWR,li1,91.3100,106.0800,1.599638
g_row\[0\].g_col\[1\].pe/_2302_,VPWR,li1,84.8700,106.0800,1.599641
g_row\[0\].g_col\[1\].pe/_2301_,VPWR,li1,133.8600,106.0800,1.599681
g_row\[0\].g_col\[1\].pe/_2300_,VPWR,li1,123.5100,111.5200,1.599455
g_row\[0\].g_col\[1\].pe/_2299_,VPWR,li1,94.9900,106.0800,1.599638
g_row\[0\].g_col\[1\].pe/_2298_,VPWR,li1,93.1500,111.5200,1.599465
g_row\[0\].g_col\[1\].pe/_2297_,VPWR,li1,117.9900,106.0800,1.599650
g_row\[0\].g_col\[1\].pe/_2296_,VPWR,li1,118.9100,106.0800,1.599650
g_row\[0\].g_col\[1\].pe/_2295_,VPWR,li1,116.1500,106.0800,1.599648
g_row\[0\].g_col\[1\].pe/_2294_,VPWR,li1,120.7500,100.6400,1.599620
g_row\[0\].g_col\[1\].pe/_2293_,VPWR,li1,115.9200,100.6400,1.599607
g_row\[0\].g_col\[1\].pe/_2292_,VPWR,li1,155.7100,106.0800,1.599754
g_row\[0\].g_col\[1\].pe/_2291_,VPWR,li1,161.9200,100.6400,1.599777
g_row\[0\].g_col\[1\].pe/_2290_,VPWR,li1,158.0100,106.0800,1.599764
g_row\[0\].g_col\[1\].pe/_2289_,VPWR,li1,163.9900,100.6400,1.599787
g_row\[0\].g_col\[1\].pe/_2288_,VPWR,li1,155.2500,84.3200,1.599886
g_row\[0\].g_col\[1\].pe/_2287_,VPWR,li1,162.1500,106.0800,1.599782
g_row\[0\].g_col\[1\].pe/_2286_,VPWR,li1,172.7300,100.6400,1.599830
g_row\[0\].g_col\[1\].pe/_2285_,VPWR,li1,169.9700,100.6400,1.599809
g_row\[0\].g_col\[1\].pe/_2284_,VPWR,li1,168.5900,100.6400,1.599809
g_row\[0\].g_col\[1\].pe/_2283_,VPWR,li1,162.8400,95.2000,1.599841
g_row\[0\].g_col\[1\].pe/_2282_,VPWR,li1,165.8300,100.6400,1.599796
g_row\[0\].g_col\[1\].pe/_2281_,VPWR,li1,172.7300,95.2000,1.599865
g_row\[0\].g_col\[1\].pe/_2280_,VPWR,li1,173.1900,84.3200,1.599914
g_row\[0\].g_col\[1\].pe/_2279_,VPWR,li1,168.3600,84.3200,1.599905
g_row\[0\].g_col\[1\].pe/_2278_,VPWR,li1,171.1200,95.2000,1.599865
g_row\[0\].g_col\[1\].pe/_2277_,VPWR,li1,167.9000,89.7600,1.599864
g_row\[0\].g_col\[1\].pe/_2276_,VPWR,li1,168.1300,106.0800,1.599810
g_row\[0\].g_col\[1\].pe/_2275_,VPWR,li1,170.6600,73.4400,1.599893
g_row\[0\].g_col\[1\].pe/_2274_,VPWR,li1,166.9800,73.4400,1.599883
g_row\[0\].g_col\[1\].pe/_2273_,VPWR,li1,158.9300,100.6400,1.599755
g_row\[0\].g_col\[1\].pe/_2272_,VPWR,li1,112.4700,100.6400,1.599598
g_row\[0\].g_col\[1\].pe/_2271_,VPWR,li1,109.7100,100.6400,1.599589
g_row\[0\].g_col\[1\].pe/_2270_,VPWR,li1,120.2900,111.5200,1.599452
g_row\[0\].g_col\[1\].pe/_2269_,VPWR,li1,107.4100,106.0800,1.599641
g_row\[0\].g_col\[1\].pe/_2268_,VPWR,li1,91.3100,122.4000,1.599372
g_row\[0\].g_col\[1\].pe/_2267_,VPWR,li1,91.3100,111.5200,1.599470
g_row\[0\].g_col\[1\].pe/_2266_,VPWR,li1,94.9900,116.9600,1.599380
g_row\[0\].g_col\[1\].pe/_2265_,VPWR,li1,89.9300,106.0800,1.599638
g_row\[0\].g_col\[1\].pe/_2264_,VPWR,li1,89.7000,111.5200,1.599477
g_row\[0\].g_col\[1\].pe/_2263_,VPWR,li1,88.0900,106.0800,1.599639
g_row\[0\].g_col\[1\].pe/_2262_,VPWR,li1,91.3100,100.6400,1.599554
g_row\[0\].g_col\[1\].pe/_2261_,VPWR,li1,86.2500,100.6400,1.599547
g_row\[0\].g_col\[1\].pe/_2260_,VPWR,li1,87.1700,100.6400,1.599547
g_row\[0\].g_col\[1\].pe/_2259_,VPWR,li1,78.4300,100.6400,1.599543
g_row\[0\].g_col\[1\].pe/_2258_,VPWR,li1,80.9600,100.6400,1.599544
g_row\[0\].g_col\[1\].pe/_2257_,VPWR,li1,113.8500,100.6400,1.599598
g_row\[0\].g_col\[1\].pe/_2256_,VPWR,li1,100.9700,89.7600,1.599844
g_row\[0\].g_col\[1\].pe/_2255_,VPWR,li1,112.0100,95.2000,1.599774
g_row\[0\].g_col\[1\].pe/_2254_,VPWR,li1,89.0100,100.6400,1.599551
g_row\[0\].g_col\[1\].pe/_2253_,VPWR,li1,86.2500,95.2000,1.599784
g_row\[0\].g_col\[1\].pe/_2252_,VPWR,li1,159.3900,100.6400,1.599765
g_row\[0\].g_col\[1\].pe/_2251_,VPWR,li1,161.9200,84.3200,1.599896
g_row\[0\].g_col\[1\].pe/_2250_,VPWR,li1,159.3900,84.3200,1.599893
g_row\[0\].g_col\[1\].pe/_2249_,VPWR,li1,161.6900,84.3200,1.599896
g_row\[0\].g_col\[1\].pe/_2248_,VPWR,li1,157.0900,78.8800,1.599877
g_row\[0\].g_col\[1\].pe/_2247_,VPWR,li1,152.2600,78.8800,1.599873
g_row\[0\].g_col\[1\].pe/_2246_,VPWR,li1,157.0900,95.2000,1.599827
g_row\[0\].g_col\[1\].pe/_2245_,VPWR,li1,158.4700,95.2000,1.599827
g_row\[0\].g_col\[1\].pe/_2244_,VPWR,li1,163.5300,89.7600,1.599860
g_row\[0\].g_col\[1\].pe/_2243_,VPWR,li1,157.5500,89.7600,1.599854
g_row\[0\].g_col\[1\].pe/_2242_,VPWR,li1,158.2400,84.3200,1.599890
g_row\[0\].g_col\[1\].pe/_2241_,VPWR,li1,158.2400,89.7600,1.599854
g_row\[0\].g_col\[1\].pe/_2240_,VPWR,li1,91.0800,68.0000,1.599826
g_row\[0\].g_col\[1\].pe/_2239_,VPWR,li1,151.5700,95.2000,1.599813
g_row\[0\].g_col\[1\].pe/_2238_,VPWR,li1,48.3000,106.0800,1.599723
g_row\[0\].g_col\[1\].pe/_2237_,VPWR,li1,84.4100,116.9600,1.599410
g_row\[0\].g_col\[1\].pe/_2236_,VPWR,li1,85.3300,111.5200,1.599487
g_row\[0\].g_col\[1\].pe/_2235_,VPWR,li1,77.0500,122.4000,1.599406
g_row\[0\].g_col\[1\].pe/_2234_,VPWR,li1,84.8700,106.0800,1.599641
g_row\[0\].g_col\[1\].pe/_2233_,VPWR,li1,81.4200,106.0800,1.599645
g_row\[0\].g_col\[1\].pe/_2232_,VPWR,li1,66.0100,106.0800,1.599672
g_row\[0\].g_col\[1\].pe/_2231_,VPWR,li1,57.2700,106.0800,1.599695
g_row\[0\].g_col\[1\].pe/_2230_,VPWR,li1,52.6700,106.0800,1.599709
g_row\[0\].g_col\[1\].pe/_2229_,VPWR,li1,48.7600,100.6400,1.599643
g_row\[0\].g_col\[1\].pe/_2228_,VPWR,li1,46.4600,100.6400,1.599655
g_row\[0\].g_col\[1\].pe/_2227_,VPWR,li1,45.7700,100.6400,1.599666
g_row\[0\].g_col\[1\].pe/_2226_,VPWR,li1,76.5900,100.6400,1.599542
g_row\[0\].g_col\[1\].pe/_2225_,VPWR,li1,73.8300,95.2000,1.599796
g_row\[0\].g_col\[1\].pe/_2224_,VPWR,li1,76.1300,95.2000,1.599793
g_row\[0\].g_col\[1\].pe/_2223_,VPWR,li1,67.8500,100.6400,1.599558
g_row\[0\].g_col\[1\].pe/_2222_,VPWR,li1,63.2500,95.2000,1.599812
g_row\[0\].g_col\[1\].pe/_2221_,VPWR,li1,90.3900,95.2000,1.599781
g_row\[0\].g_col\[1\].pe/_2220_,VPWR,li1,102.3500,95.2000,1.599777
g_row\[0\].g_col\[1\].pe/_2219_,VPWR,li1,101.8900,95.2000,1.599777
g_row\[0\].g_col\[1\].pe/_2218_,VPWR,li1,150.6500,95.2000,1.599813
g_row\[0\].g_col\[1\].pe/_2217_,VPWR,li1,148.3500,89.7600,1.599846
g_row\[0\].g_col\[1\].pe/_2216_,VPWR,li1,153.1800,89.7600,1.599850
g_row\[0\].g_col\[1\].pe/_2215_,VPWR,li1,148.5800,95.2000,1.599809
g_row\[0\].g_col\[1\].pe/_2214_,VPWR,li1,80.2700,73.4400,1.599851
g_row\[0\].g_col\[1\].pe/_2213_,VPWR,li1,97.7500,95.2000,1.599778
g_row\[0\].g_col\[1\].pe/_2212_,VPWR,li1,88.5500,95.2000,1.599782
g_row\[0\].g_col\[1\].pe/_2211_,VPWR,li1,92.2300,95.2000,1.599780
g_row\[0\].g_col\[1\].pe/_2210_,VPWR,li1,90.3900,73.4400,1.599840
g_row\[0\].g_col\[1\].pe/_2209_,VPWR,li1,89.9300,73.4400,1.599840
g_row\[0\].g_col\[1\].pe/_2208_,VPWR,li1,87.8600,78.8800,1.599869
g_row\[0\].g_col\[1\].pe/_2207_,VPWR,li1,90.8500,68.0000,1.599826
g_row\[0\].g_col\[1\].pe/_2206_,VPWR,li1,89.2400,62.5600,1.599806
g_row\[0\].g_col\[1\].pe/_2205_,VPWR,li1,87.8600,68.0000,1.599831
g_row\[0\].g_col\[1\].pe/_2204_,VPWR,li1,85.3300,62.5600,1.599810
g_row\[0\].g_col\[1\].pe/_2203_,VPWR,li1,26.4500,100.6400,1.599786
g_row\[0\].g_col\[1\].pe/_2202_,VPWR,li1,39.7900,100.6400,1.599693
g_row\[0\].g_col\[1\].pe/_2201_,VPWR,li1,81.6500,106.0800,1.599645
g_row\[0\].g_col\[1\].pe/_2200_,VPWR,li1,74.2900,106.0800,1.599655
g_row\[0\].g_col\[1\].pe/_2199_,VPWR,li1,68.7700,111.5200,1.599538
g_row\[0\].g_col\[1\].pe/_2198_,VPWR,li1,72.2200,106.0800,1.599660
g_row\[0\].g_col\[1\].pe/_2197_,VPWR,li1,75.6700,106.0800,1.599655
g_row\[0\].g_col\[1\].pe/_2196_,VPWR,li1,68.7700,106.0800,1.599665
g_row\[0\].g_col\[1\].pe/_2195_,VPWR,li1,61.4100,106.0800,1.599680
g_row\[0\].g_col\[1\].pe/_2194_,VPWR,li1,40.7100,106.0800,1.599751
g_row\[0\].g_col\[1\].pe/_2193_,VPWR,li1,38.8700,95.2000,1.599866
g_row\[0\].g_col\[1\].pe/_2192_,VPWR,li1,35.1900,100.6400,1.599726
g_row\[0\].g_col\[1\].pe/_2191_,VPWR,li1,34.2700,100.6400,1.599726
g_row\[0\].g_col\[1\].pe/_2190_,VPWR,li1,35.1900,106.0800,1.599770
g_row\[0\].g_col\[1\].pe/_2189_,VPWR,li1,29.6700,100.6400,1.599756
g_row\[0\].g_col\[1\].pe/_2188_,VPWR,li1,10.8100,100.6400,1.599807
g_row\[0\].g_col\[1\].pe/_2187_,VPWR,li1,12.1900,95.2000,1.599912
g_row\[0\].g_col\[1\].pe/_2186_,VPWR,li1,27.8300,95.2000,1.599899
g_row\[0\].g_col\[1\].pe/_2185_,VPWR,li1,20.0100,95.2000,1.599913
g_row\[0\].g_col\[1\].pe/_2184_,VPWR,li1,17.0200,89.7600,1.599939
g_row\[0\].g_col\[1\].pe/_2183_,VPWR,li1,67.3900,95.2000,1.599807
g_row\[0\].g_col\[1\].pe/_2182_,VPWR,li1,78.8900,95.2000,1.599791
g_row\[0\].g_col\[1\].pe/_2181_,VPWR,li1,77.9700,89.7600,1.599856
g_row\[0\].g_col\[1\].pe/_2180_,VPWR,li1,100.9700,89.7600,1.599844
g_row\[0\].g_col\[1\].pe/_2179_,VPWR,li1,134.0900,89.7600,1.599837
g_row\[0\].g_col\[1\].pe/_2178_,VPWR,li1,132.4800,84.3200,1.599864
g_row\[0\].g_col\[1\].pe/_2177_,VPWR,li1,96.1400,89.7600,1.599846
g_row\[0\].g_col\[1\].pe/_2176_,VPWR,li1,60.9500,78.8800,1.599894
g_row\[0\].g_col\[1\].pe/_2175_,VPWR,li1,60.0300,78.8800,1.599894
g_row\[0\].g_col\[1\].pe/_2174_,VPWR,li1,80.2700,95.2000,1.599791
g_row\[0\].g_col\[1\].pe/_2173_,VPWR,li1,66.0100,95.2000,1.599807
g_row\[0\].g_col\[1\].pe/_2172_,VPWR,li1,83.0300,78.8800,1.599872
g_row\[0\].g_col\[1\].pe/_2171_,VPWR,li1,77.0500,78.8800,1.599878
g_row\[0\].g_col\[1\].pe/_2170_,VPWR,li1,74.9800,73.4400,1.599856
g_row\[0\].g_col\[1\].pe/_2169_,VPWR,li1,80.7300,78.8800,1.599874
g_row\[0\].g_col\[1\].pe/_2168_,VPWR,li1,77.9700,68.0000,1.599844
g_row\[0\].g_col\[1\].pe/_2167_,VPWR,li1,80.9600,68.0000,1.599839
g_row\[0\].g_col\[1\].pe/_2166_,VPWR,li1,75.2100,62.5600,1.599827
g_row\[0\].g_col\[1\].pe/_2165_,VPWR,li1,78.6600,62.5600,1.599821
g_row\[0\].g_col\[1\].pe/_2164_,VPWR,li1,64.1700,62.5600,1.599846
g_row\[0\].g_col\[1\].pe/_2163_,VPWR,li1,81.6500,62.5600,1.599817
g_row\[0\].g_col\[1\].pe/_2162_,VPWR,li1,54.9700,100.6400,1.599614
g_row\[0\].g_col\[1\].pe/_2161_,VPWR,li1,60.4900,100.6400,1.599589
g_row\[0\].g_col\[1\].pe/_2160_,VPWR,li1,69.2300,122.4000,1.599438
g_row\[0\].g_col\[1\].pe/_2159_,VPWR,li1,71.0700,111.5200,1.599529
g_row\[0\].g_col\[1\].pe/_2158_,VPWR,li1,74.5200,111.5200,1.599517
g_row\[0\].g_col\[1\].pe/_2157_,VPWR,li1,71.5300,111.5200,1.599529
g_row\[0\].g_col\[1\].pe/_2156_,VPWR,li1,71.9900,100.6400,1.599542
g_row\[0\].g_col\[1\].pe/_2155_,VPWR,li1,77.2800,106.0800,1.599650
g_row\[0\].g_col\[1\].pe/_2154_,VPWR,li1,106.2600,100.6400,1.599583
g_row\[0\].g_col\[1\].pe/_2153_,VPWR,li1,104.4200,100.6400,1.599579
g_row\[0\].g_col\[1\].pe/_2152_,VPWR,li1,132.7100,100.6400,1.599659
g_row\[0\].g_col\[1\].pe/_2151_,VPWR,li1,128.5700,106.0800,1.599668
g_row\[0\].g_col\[1\].pe/_2150_,VPWR,li1,104.8800,106.0800,1.599639
g_row\[0\].g_col\[1\].pe/_2149_,VPWR,li1,64.6300,100.6400,1.599571
g_row\[0\].g_col\[1\].pe/_2148_,VPWR,li1,54.0500,100.6400,1.599625
g_row\[0\].g_col\[1\].pe/_2147_,VPWR,li1,41.1700,100.6400,1.599693
g_row\[0\].g_col\[1\].pe/_2146_,VPWR,li1,31.0500,100.6400,1.599756
g_row\[0\].g_col\[1\].pe/_2145_,VPWR,li1,31.0500,95.2000,1.599887
g_row\[0\].g_col\[1\].pe/_2144_,VPWR,li1,21.8500,100.6400,1.599811
g_row\[0\].g_col\[1\].pe/_2143_,VPWR,li1,15.4100,100.6400,1.599807
g_row\[0\].g_col\[1\].pe/_2142_,VPWR,li1,11.7300,95.2000,1.599912
g_row\[0\].g_col\[1\].pe/_2141_,VPWR,li1,78.8900,89.7600,1.599856
g_row\[0\].g_col\[1\].pe/_2140_,VPWR,li1,144.2100,89.7600,1.599842
g_row\[0\].g_col\[1\].pe/_2139_,VPWR,li1,145.3600,84.3200,1.599876
g_row\[0\].g_col\[1\].pe/_2138_,VPWR,li1,91.5400,89.7600,1.599849
g_row\[0\].g_col\[1\].pe/_2137_,VPWR,li1,11.7300,84.3200,1.599941
g_row\[0\].g_col\[1\].pe/_2136_,VPWR,li1,34.5000,95.2000,1.599879
g_row\[0\].g_col\[1\].pe/_2135_,VPWR,li1,20.0100,95.2000,1.599913
g_row\[0\].g_col\[1\].pe/_2134_,VPWR,li1,16.3300,95.2000,1.599913
g_row\[0\].g_col\[1\].pe/_2133_,VPWR,li1,16.5600,95.2000,1.599913
g_row\[0\].g_col\[1\].pe/_2132_,VPWR,li1,62.7900,84.3200,1.599872
g_row\[0\].g_col\[1\].pe/_2131_,VPWR,li1,71.9900,78.8800,1.599882
g_row\[0\].g_col\[1\].pe/_2130_,VPWR,li1,68.0800,78.8800,1.599887
g_row\[0\].g_col\[1\].pe/_2129_,VPWR,li1,62.7900,78.8800,1.599891
g_row\[0\].g_col\[1\].pe/_2128_,VPWR,li1,58.4200,84.3200,1.599878
g_row\[0\].g_col\[1\].pe/_2127_,VPWR,li1,64.1700,78.8800,1.599891
g_row\[0\].g_col\[1\].pe/_2126_,VPWR,li1,60.4900,62.5600,1.599854
g_row\[0\].g_col\[1\].pe/_2125_,VPWR,li1,61.1800,57.1200,1.599879
g_row\[0\].g_col\[1\].pe/_2124_,VPWR,li1,61.4100,73.4400,1.599872
g_row\[0\].g_col\[1\].pe/_2123_,VPWR,li1,61.6400,73.4400,1.599872
g_row\[0\].g_col\[1\].pe/_2122_,VPWR,li1,64.1700,68.0000,1.599863
g_row\[0\].g_col\[1\].pe/_2121_,VPWR,li1,59.5700,62.5600,1.599854
g_row\[0\].g_col\[1\].pe/_2120_,VPWR,li1,36.5700,95.2000,1.599872
g_row\[0\].g_col\[1\].pe/_2119_,VPWR,li1,36.1100,89.7600,1.599911
g_row\[0\].g_col\[1\].pe/_2118_,VPWR,li1,49.4500,95.2000,1.599842
g_row\[0\].g_col\[1\].pe/_2117_,VPWR,li1,60.9500,95.2000,1.599816
g_row\[0\].g_col\[1\].pe/_2116_,VPWR,li1,69.6900,116.9600,1.599468
g_row\[0\].g_col\[1\].pe/_2115_,VPWR,li1,91.7700,122.4000,1.599368
g_row\[0\].g_col\[1\].pe/_2114_,VPWR,li1,98.4400,122.4000,1.599360
g_row\[0\].g_col\[1\].pe/_2113_,VPWR,li1,101.4300,111.5200,1.599452
g_row\[0\].g_col\[1\].pe/_2112_,VPWR,li1,101.4300,106.0800,1.599639
g_row\[0\].g_col\[1\].pe/_2111_,VPWR,li1,102.3500,100.6400,1.599574
g_row\[0\].g_col\[1\].pe/_2110_,VPWR,li1,94.5300,100.6400,1.599557
g_row\[0\].g_col\[1\].pe/_2109_,VPWR,li1,99.1300,100.6400,1.599567
g_row\[0\].g_col\[1\].pe/_2108_,VPWR,li1,61.8700,100.6400,1.599589
g_row\[0\].g_col\[1\].pe/_2107_,VPWR,li1,54.0500,95.2000,1.599831
g_row\[0\].g_col\[1\].pe/_2106_,VPWR,li1,52.6700,95.2000,1.599831
g_row\[0\].g_col\[1\].pe/_2105_,VPWR,li1,46.2300,95.2000,1.599847
g_row\[0\].g_col\[1\].pe/_2104_,VPWR,li1,48.0700,95.2000,1.599842
g_row\[0\].g_col\[1\].pe/_2103_,VPWR,li1,46.2300,89.7600,1.599893
g_row\[0\].g_col\[1\].pe/_2102_,VPWR,li1,26.9100,95.2000,1.599899
g_row\[0\].g_col\[1\].pe/_2101_,VPWR,li1,29.2100,89.7600,1.599925
g_row\[0\].g_col\[1\].pe/_2100_,VPWR,li1,24.1500,89.7600,1.599934
g_row\[0\].g_col\[1\].pe/_2099_,VPWR,li1,25.0700,89.7600,1.599934
g_row\[0\].g_col\[1\].pe/_2098_,VPWR,li1,25.0700,84.3200,1.599933
g_row\[0\].g_col\[1\].pe/_2097_,VPWR,li1,15.8700,89.7600,1.599939
g_row\[0\].g_col\[1\].pe/_2096_,VPWR,li1,15.4100,84.3200,1.599942
g_row\[0\].g_col\[1\].pe/_2095_,VPWR,li1,18.1700,84.3200,1.599942
g_row\[0\].g_col\[1\].pe/_2094_,VPWR,li1,13.3400,84.3200,1.599941
g_row\[0\].g_col\[1\].pe/_2093_,VPWR,li1,13.5700,78.8800,1.599951
g_row\[0\].g_col\[1\].pe/_2092_,VPWR,li1,13.1100,89.7600,1.599938
g_row\[0\].g_col\[1\].pe/_2091_,VPWR,li1,11.7300,89.7600,1.599938
g_row\[0\].g_col\[1\].pe/_2090_,VPWR,li1,73.3700,84.3200,1.599864
g_row\[0\].g_col\[1\].pe/_2089_,VPWR,li1,72.2200,78.8800,1.599882
g_row\[0\].g_col\[1\].pe/_2088_,VPWR,li1,29.9000,73.4400,1.599926
g_row\[0\].g_col\[1\].pe/_2087_,VPWR,li1,35.4200,73.4400,1.599915
g_row\[0\].g_col\[1\].pe/_2086_,VPWR,li1,33.3500,68.0000,1.599916
g_row\[0\].g_col\[1\].pe/_2085_,VPWR,li1,36.8000,68.0000,1.599909
g_row\[0\].g_col\[1\].pe/_2084_,VPWR,li1,64.1700,68.0000,1.599863
g_row\[0\].g_col\[1\].pe/_2083_,VPWR,li1,39.7900,68.0000,1.599906
g_row\[0\].g_col\[1\].pe/_2082_,VPWR,li1,33.5800,62.5600,1.599907
g_row\[0\].g_col\[1\].pe/_2081_,VPWR,li1,34.7300,62.5600,1.599907
g_row\[0\].g_col\[1\].pe/_2080_,VPWR,li1,42.5500,62.5600,1.599891
g_row\[0\].g_col\[1\].pe/_2079_,VPWR,li1,36.5700,62.5600,1.599901
g_row\[0\].g_col\[1\].pe/_2078_,VPWR,li1,41.1700,95.2000,1.599860
g_row\[0\].g_col\[1\].pe/_2077_,VPWR,li1,40.7100,89.7600,1.599904
g_row\[0\].g_col\[1\].pe/_2076_,VPWR,li1,39.3300,89.7600,1.599904
g_row\[0\].g_col\[1\].pe/_2075_,VPWR,li1,112.9300,89.7600,1.599839
g_row\[0\].g_col\[1\].pe/_2074_,VPWR,li1,111.7800,95.2000,1.599774
g_row\[0\].g_col\[1\].pe/_2073_,VPWR,li1,91.0800,89.7600,1.599849
g_row\[0\].g_col\[1\].pe/_2072_,VPWR,li1,40.2500,84.3200,1.599904
g_row\[0\].g_col\[1\].pe/_2071_,VPWR,li1,62.5600,89.7600,1.599868
g_row\[0\].g_col\[1\].pe/_2070_,VPWR,li1,69.2300,89.7600,1.599862
g_row\[0\].g_col\[1\].pe/_2069_,VPWR,li1,59.8000,95.2000,1.599821
g_row\[0\].g_col\[1\].pe/_2068_,VPWR,li1,55.8900,89.7600,1.599876
g_row\[0\].g_col\[1\].pe/_2067_,VPWR,li1,97.7500,95.2000,1.599778
g_row\[0\].g_col\[1\].pe/_2066_,VPWR,li1,100.0500,106.0800,1.599638
g_row\[0\].g_col\[1\].pe/_2065_,VPWR,li1,106.0300,122.4000,1.599363
g_row\[0\].g_col\[1\].pe/_2064_,VPWR,li1,106.0300,127.8400,1.599588
g_row\[0\].g_col\[1\].pe/_2063_,VPWR,li1,110.1700,127.8400,1.599589
g_row\[0\].g_col\[1\].pe/_2062_,VPWR,li1,111.3200,106.0800,1.599643
g_row\[0\].g_col\[1\].pe/_2061_,VPWR,li1,110.6300,106.0800,1.599642
g_row\[0\].g_col\[1\].pe/_2060_,VPWR,li1,104.1900,106.0800,1.599639
g_row\[0\].g_col\[1\].pe/_2059_,VPWR,li1,100.0500,100.6400,1.599567
g_row\[0\].g_col\[1\].pe/_2058_,VPWR,li1,63.7100,89.7600,1.599868
g_row\[0\].g_col\[1\].pe/_2057_,VPWR,li1,57.2700,89.7600,1.599876
g_row\[0\].g_col\[1\].pe/_2056_,VPWR,li1,55.4300,84.3200,1.599881
g_row\[0\].g_col\[1\].pe/_2055_,VPWR,li1,49.9100,84.3200,1.599888
g_row\[0\].g_col\[1\].pe/_2054_,VPWR,li1,51.2900,89.7600,1.599884
g_row\[0\].g_col\[1\].pe/_2053_,VPWR,li1,45.7700,84.3200,1.599894
g_row\[0\].g_col\[1\].pe/_2052_,VPWR,li1,48.0700,89.7600,1.599888
g_row\[0\].g_col\[1\].pe/_2051_,VPWR,li1,34.0400,84.3200,1.599914
g_row\[0\].g_col\[1\].pe/_2050_,VPWR,li1,31.2800,84.3200,1.599920
g_row\[0\].g_col\[1\].pe/_2049_,VPWR,li1,31.0500,89.7600,1.599920
g_row\[0\].g_col\[1\].pe/_2048_,VPWR,li1,29.4400,84.3200,1.599924
g_row\[0\].g_col\[1\].pe/_2047_,VPWR,li1,24.1500,84.3200,1.599937
g_row\[0\].g_col\[1\].pe/_2046_,VPWR,li1,10.3500,78.8800,1.599951
g_row\[0\].g_col\[1\].pe/_2045_,VPWR,li1,16.5600,73.4400,1.599942
g_row\[0\].g_col\[1\].pe/_2044_,VPWR,li1,16.5600,84.3200,1.599942
g_row\[0\].g_col\[1\].pe/_2043_,VPWR,li1,10.8100,78.8800,1.599951
g_row\[0\].g_col\[1\].pe/_2042_,VPWR,li1,8.5100,78.8800,1.599951
g_row\[0\].g_col\[1\].pe/_2041_,VPWR,li1,11.7300,62.5600,1.599935
g_row\[0\].g_col\[1\].pe/_2040_,VPWR,li1,11.7300,57.1200,1.599945
g_row\[0\].g_col\[1\].pe/_2039_,VPWR,li1,38.4100,78.8800,1.599921
g_row\[0\].g_col\[1\].pe/_2038_,VPWR,li1,41.4000,84.3200,1.599904
g_row\[0\].g_col\[1\].pe/_2037_,VPWR,li1,89.4700,78.8800,1.599869
g_row\[0\].g_col\[1\].pe/_2036_,VPWR,li1,88.3200,84.3200,1.599855
g_row\[0\].g_col\[1\].pe/_2035_,VPWR,li1,40.0200,73.4400,1.599904
g_row\[0\].g_col\[1\].pe/_2034_,VPWR,li1,39.5600,78.8800,1.599921
g_row\[0\].g_col\[1\].pe/_2033_,VPWR,li1,36.5700,73.4400,1.599911
g_row\[0\].g_col\[1\].pe/_2032_,VPWR,li1,40.0200,73.4400,1.599904
g_row\[0\].g_col\[1\].pe/_2031_,VPWR,li1,66.2400,73.4400,1.599866
g_row\[0\].g_col\[1\].pe/_2030_,VPWR,li1,43.0100,73.4400,1.599899
g_row\[0\].g_col\[1\].pe/_2029_,VPWR,li1,40.9400,62.5600,1.599891
g_row\[0\].g_col\[1\].pe/_2028_,VPWR,li1,41.6300,68.0000,1.599901
g_row\[0\].g_col\[1\].pe/_2027_,VPWR,li1,44.3900,62.5600,1.599884
g_row\[0\].g_col\[1\].pe/_2026_,VPWR,li1,37.9500,62.5600,1.599901
g_row\[0\].g_col\[1\].pe/_2025_,VPWR,li1,25.3000,78.8800,1.599944
g_row\[0\].g_col\[1\].pe/_2024_,VPWR,li1,72.9100,84.3200,1.599864
g_row\[0\].g_col\[1\].pe/_2023_,VPWR,li1,66.9300,89.7600,1.599864
g_row\[0\].g_col\[1\].pe/_2022_,VPWR,li1,66.9300,84.3200,1.599869
g_row\[0\].g_col\[1\].pe/_2021_,VPWR,li1,112.4700,89.7600,1.599839
g_row\[0\].g_col\[1\].pe/_2020_,VPWR,li1,107.6400,89.7600,1.599842
g_row\[0\].g_col\[1\].pe/_2019_,VPWR,li1,92.0000,84.3200,1.599854
g_row\[0\].g_col\[1\].pe/_2018_,VPWR,li1,50.8300,78.8800,1.599906
g_row\[0\].g_col\[1\].pe/_2017_,VPWR,li1,60.0300,89.7600,1.599873
g_row\[0\].g_col\[1\].pe/_2016_,VPWR,li1,85.3300,84.3200,1.599857
g_row\[0\].g_col\[1\].pe/_2015_,VPWR,li1,101.4300,84.3200,1.599851
g_row\[0\].g_col\[1\].pe/_2014_,VPWR,li1,98.2100,84.3200,1.599851
g_row\[0\].g_col\[1\].pe/_2013_,VPWR,li1,116.1500,95.2000,1.599774
g_row\[0\].g_col\[1\].pe/_2012_,VPWR,li1,124.4300,100.6400,1.599632
g_row\[0\].g_col\[1\].pe/_2011_,VPWR,li1,130.4100,127.8400,1.599623
g_row\[0\].g_col\[1\].pe/_2010_,VPWR,li1,128.1100,100.6400,1.599643
g_row\[0\].g_col\[1\].pe/_2009_,VPWR,li1,124.2000,100.6400,1.599632
g_row\[0\].g_col\[1\].pe/_2008_,VPWR,li1,125.3500,106.0800,1.599663
g_row\[0\].g_col\[1\].pe/_2007_,VPWR,li1,127.8800,100.6400,1.599643
g_row\[0\].g_col\[1\].pe/_2006_,VPWR,li1,126.7300,95.2000,1.599777
g_row\[0\].g_col\[1\].pe/_2005_,VPWR,li1,124.4300,95.2000,1.599776
g_row\[0\].g_col\[1\].pe/_2004_,VPWR,li1,123.7400,95.2000,1.599776
g_row\[0\].g_col\[1\].pe/_2003_,VPWR,li1,117.9900,95.2000,1.599774
g_row\[0\].g_col\[1\].pe/_2002_,VPWR,li1,105.1100,84.3200,1.599851
g_row\[0\].g_col\[1\].pe/_2001_,VPWR,li1,99.1300,84.3200,1.599851
g_row\[0\].g_col\[1\].pe/_2000_,VPWR,li1,100.0500,73.4400,1.599831
g_row\[0\].g_col\[1\].pe/_1999_,VPWR,li1,95.4500,73.4400,1.599834
g_row\[0\].g_col\[1\].pe/_1998_,VPWR,li1,98.9000,78.8800,1.599863
g_row\[0\].g_col\[1\].pe/_1997_,VPWR,li1,60.4900,84.3200,1.599874
g_row\[0\].g_col\[1\].pe/_1996_,VPWR,li1,50.3700,84.3200,1.599888
g_row\[0\].g_col\[1\].pe/_1995_,VPWR,li1,45.7700,68.0000,1.599893
g_row\[0\].g_col\[1\].pe/_1994_,VPWR,li1,28.7500,68.0000,1.599925
g_row\[0\].g_col\[1\].pe/_1993_,VPWR,li1,37.0300,84.3200,1.599909
g_row\[0\].g_col\[1\].pe/_1992_,VPWR,li1,32.6600,78.8800,1.599932
g_row\[0\].g_col\[1\].pe/_1991_,VPWR,li1,33.8100,78.8800,1.599929
g_row\[0\].g_col\[1\].pe/_1990_,VPWR,li1,25.3000,73.4400,1.599933
g_row\[0\].g_col\[1\].pe/_1989_,VPWR,li1,24.6100,78.8800,1.599944
g_row\[0\].g_col\[1\].pe/_1988_,VPWR,li1,14.2600,78.8800,1.599951
g_row\[0\].g_col\[1\].pe/_1987_,VPWR,li1,13.1100,73.4400,1.599941
g_row\[0\].g_col\[1\].pe/_1986_,VPWR,li1,10.1200,68.0000,1.599938
g_row\[0\].g_col\[1\].pe/_1985_,VPWR,li1,12.1900,73.4400,1.599941
g_row\[0\].g_col\[1\].pe/_1984_,VPWR,li1,14.0300,68.0000,1.599939
g_row\[0\].g_col\[1\].pe/_1983_,VPWR,li1,25.0700,68.0000,1.599936
g_row\[0\].g_col\[1\].pe/_1982_,VPWR,li1,11.2700,68.0000,1.599939
g_row\[0\].g_col\[1\].pe/_1981_,VPWR,li1,21.6200,46.2400,1.599855
g_row\[0\].g_col\[1\].pe/_1980_,VPWR,li1,21.3900,68.0000,1.599941
g_row\[0\].g_col\[1\].pe/_1979_,VPWR,li1,47.1500,78.8800,1.599910
g_row\[0\].g_col\[1\].pe/_1978_,VPWR,li1,49.9100,78.8800,1.599906
g_row\[0\].g_col\[1\].pe/_1977_,VPWR,li1,140.9900,78.8800,1.599864
g_row\[0\].g_col\[1\].pe/_1976_,VPWR,li1,138.9200,73.4400,1.599834
g_row\[0\].g_col\[1\].pe/_1975_,VPWR,li1,52.4400,73.4400,1.599884
g_row\[0\].g_col\[1\].pe/_1974_,VPWR,li1,52.6700,73.4400,1.599884
g_row\[0\].g_col\[1\].pe/_1973_,VPWR,li1,56.3500,73.4400,1.599880
g_row\[0\].g_col\[1\].pe/_1972_,VPWR,li1,53.8200,68.0000,1.599880
g_row\[0\].g_col\[1\].pe/_1971_,VPWR,li1,67.1600,73.4400,1.599866
g_row\[0\].g_col\[1\].pe/_1970_,VPWR,li1,50.3700,68.0000,1.599886
g_row\[0\].g_col\[1\].pe/_1969_,VPWR,li1,57.5000,68.0000,1.599876
g_row\[0\].g_col\[1\].pe/_1968_,VPWR,li1,53.5900,68.0000,1.599880
g_row\[0\].g_col\[1\].pe/_1967_,VPWR,li1,60.9500,68.0000,1.599869
g_row\[0\].g_col\[1\].pe/_1966_,VPWR,li1,61.8700,68.0000,1.599869
g_row\[0\].g_col\[1\].pe/_1965_,VPWR,li1,54.9700,62.5600,1.599863
g_row\[0\].g_col\[1\].pe/_1964_,VPWR,li1,83.0300,84.3200,1.599858
g_row\[0\].g_col\[1\].pe/_1963_,VPWR,li1,79.8100,84.3200,1.599860
g_row\[0\].g_col\[1\].pe/_1962_,VPWR,li1,82.3400,89.7600,1.599853
g_row\[0\].g_col\[1\].pe/_1961_,VPWR,li1,73.8300,89.7600,1.599859
g_row\[0\].g_col\[1\].pe/_1960_,VPWR,li1,74.7500,89.7600,1.599859
g_row\[0\].g_col\[1\].pe/_1959_,VPWR,li1,125.3500,89.7600,1.599836
g_row\[0\].g_col\[1\].pe/_1958_,VPWR,li1,121.9000,89.7600,1.599837
g_row\[0\].g_col\[1\].pe/_1957_,VPWR,li1,92.4600,84.3200,1.599853
g_row\[0\].g_col\[1\].pe/_1956_,VPWR,li1,74.7500,73.4400,1.599856
g_row\[0\].g_col\[1\].pe/_1955_,VPWR,li1,81.4200,68.0000,1.599839
g_row\[0\].g_col\[1\].pe/_1954_,VPWR,li1,105.1100,84.3200,1.599851
g_row\[0\].g_col\[1\].pe/_1953_,VPWR,li1,116.1500,78.8800,1.599857
g_row\[0\].g_col\[1\].pe/_1952_,VPWR,li1,113.3900,73.4400,1.599824
g_row\[0\].g_col\[1\].pe/_1951_,VPWR,li1,127.4200,95.2000,1.599777
g_row\[0\].g_col\[1\].pe/_1950_,VPWR,li1,128.1100,127.8400,1.599611
g_row\[0\].g_col\[1\].pe/_1948_,VPWR,li1,120.2900,127.8400,1.599599
g_row\[0\].g_col\[1\].pe/_1947_,VPWR,li1,126.2700,122.4000,1.599409
g_row\[0\].g_col\[1\].pe/_1946_,VPWR,li1,129.0300,138.7200,1.599710
g_row\[0\].g_col\[1\].pe/_1945_,VPWR,li1,132.7100,100.6400,1.599659
g_row\[0\].g_col\[1\].pe/_1944_,VPWR,li1,137.0800,100.6400,1.599673
g_row\[0\].g_col\[1\].pe/_1943_,VPWR,li1,131.3300,95.2000,1.599780
g_row\[0\].g_col\[1\].pe/_1942_,VPWR,li1,130.8700,89.7600,1.599836
g_row\[0\].g_col\[1\].pe/_1941_,VPWR,li1,132.0200,73.4400,1.599828
g_row\[0\].g_col\[1\].pe/_1940_,VPWR,li1,133.1700,78.8800,1.599861
g_row\[0\].g_col\[1\].pe/_1939_,VPWR,li1,118.4500,78.8800,1.599857
g_row\[0\].g_col\[1\].pe/_1938_,VPWR,li1,114.3100,73.4400,1.599824
g_row\[0\].g_col\[1\].pe/_1937_,VPWR,li1,117.5300,68.0000,1.599803
g_row\[0\].g_col\[1\].pe/_1936_,VPWR,li1,114.3100,68.0000,1.599805
g_row\[0\].g_col\[1\].pe/_1935_,VPWR,li1,105.5700,73.4400,1.599827
g_row\[0\].g_col\[1\].pe/_1934_,VPWR,li1,99.5900,73.4400,1.599832
g_row\[0\].g_col\[1\].pe/_1933_,VPWR,li1,97.7500,68.0000,1.599819
g_row\[0\].g_col\[1\].pe/_1932_,VPWR,li1,49.4500,62.5600,1.599873
g_row\[0\].g_col\[1\].pe/_1931_,VPWR,li1,47.6100,73.4400,1.599891
g_row\[0\].g_col\[1\].pe/_1930_,VPWR,li1,28.2900,68.0000,1.599929
g_row\[0\].g_col\[1\].pe/_1929_,VPWR,li1,26.9100,62.5600,1.599926
g_row\[0\].g_col\[1\].pe/_1928_,VPWR,li1,21.1600,57.1200,1.599947
g_row\[0\].g_col\[1\].pe/_1927_,VPWR,li1,22.7700,73.4400,1.599938
g_row\[0\].g_col\[1\].pe/_1926_,VPWR,li1,17.7100,68.0000,1.599939
g_row\[0\].g_col\[1\].pe/_1925_,VPWR,li1,17.2500,62.5600,1.599936
g_row\[0\].g_col\[1\].pe/_1924_,VPWR,li1,20.7000,62.5600,1.599937
g_row\[0\].g_col\[1\].pe/_1923_,VPWR,li1,16.7900,62.5600,1.599936
g_row\[0\].g_col\[1\].pe/_1922_,VPWR,li1,45.3100,78.8800,1.599913
g_row\[0\].g_col\[1\].pe/_1921_,VPWR,li1,23.9200,62.5600,1.599932
g_row\[0\].g_col\[1\].pe/_1920_,VPWR,li1,16.3300,73.4400,1.599942
g_row\[0\].g_col\[1\].pe/_1919_,VPWR,li1,16.3300,78.8800,1.599951
g_row\[0\].g_col\[1\].pe/_1918_,VPWR,li1,19.0900,73.4400,1.599943
g_row\[0\].g_col\[1\].pe/_1917_,VPWR,li1,9.8900,73.4400,1.599941
g_row\[0\].g_col\[1\].pe/_1916_,VPWR,li1,79.3500,73.4400,1.599851
g_row\[0\].g_col\[1\].pe/_1915_,VPWR,li1,92.6900,78.8800,1.599866
g_row\[0\].g_col\[1\].pe/_1914_,VPWR,li1,94.3000,78.8800,1.599866
g_row\[0\].g_col\[1\].pe/_1913_,VPWR,li1,77.0500,68.0000,1.599844
g_row\[0\].g_col\[1\].pe/_1912_,VPWR,li1,76.1300,62.5600,1.599827
g_row\[0\].g_col\[1\].pe/_1911_,VPWR,li1,73.6000,57.1200,1.599864
g_row\[0\].g_col\[1\].pe/_1910_,VPWR,li1,73.3700,68.0000,1.599852
g_row\[0\].g_col\[1\].pe/_1909_,VPWR,li1,71.7600,62.5600,1.599834
g_row\[0\].g_col\[1\].pe/_1908_,VPWR,li1,105.5700,78.8800,1.599860
g_row\[0\].g_col\[1\].pe/_1907_,VPWR,li1,104.6500,78.8800,1.599860
g_row\[0\].g_col\[1\].pe/_1906_,VPWR,li1,88.7800,84.3200,1.599855
g_row\[0\].g_col\[1\].pe/_1905_,VPWR,li1,94.9900,84.3200,1.599852
g_row\[0\].g_col\[1\].pe/_1904_,VPWR,li1,88.0900,89.7600,1.599851
g_row\[0\].g_col\[1\].pe/_1903_,VPWR,li1,113.8500,84.3200,1.599854
g_row\[0\].g_col\[1\].pe/_1902_,VPWR,li1,113.6200,84.3200,1.599854
g_row\[0\].g_col\[1\].pe/_1901_,VPWR,li1,130.1800,78.8800,1.599860
g_row\[0\].g_col\[1\].pe/_1900_,VPWR,li1,102.8100,68.0000,1.599813
g_row\[0\].g_col\[1\].pe/_1899_,VPWR,li1,103.0400,73.4400,1.599828
g_row\[0\].g_col\[1\].pe/_1898_,VPWR,li1,119.3700,73.4400,1.599824
g_row\[0\].g_col\[1\].pe/_1897_,VPWR,li1,136.3900,68.0000,1.599804
g_row\[0\].g_col\[1\].pe/_1896_,VPWR,li1,131.3300,68.0000,1.599803
g_row\[0\].g_col\[1\].pe/_1895_,VPWR,li1,136.1600,100.6400,1.599665
g_row\[0\].g_col\[1\].pe/_1894_,VPWR,li1,138.6900,95.2000,1.599790
g_row\[0\].g_col\[1\].pe/_1893_,VPWR,li1,133.1700,127.8400,1.599631
g_row\[0\].g_col\[1\].pe/_1892_,VPWR,li1,136.8500,127.8400,1.599644
g_row\[0\].g_col\[1\].pe/_1891_,VPWR,li1,140.9900,100.6400,1.599684
g_row\[0\].g_col\[1\].pe/_1890_,VPWR,li1,139.6100,95.2000,1.599790
g_row\[0\].g_col\[1\].pe/_1889_,VPWR,li1,140.9900,95.2000,1.599794
g_row\[0\].g_col\[1\].pe/_1888_,VPWR,li1,143.5200,73.4400,1.599841
g_row\[0\].g_col\[1\].pe/_1887_,VPWR,li1,140.5300,68.0000,1.599805
g_row\[0\].g_col\[1\].pe/_1886_,VPWR,li1,138.6900,73.4400,1.599834
g_row\[0\].g_col\[1\].pe/_1885_,VPWR,li1,132.7100,73.4400,1.599828
g_row\[0\].g_col\[1\].pe/_1884_,VPWR,li1,133.6300,62.5600,1.599756
g_row\[0\].g_col\[1\].pe/_1883_,VPWR,li1,124.8900,62.5600,1.599761
g_row\[0\].g_col\[1\].pe/_1882_,VPWR,li1,122.1300,68.0000,1.599802
g_row\[0\].g_col\[1\].pe/_1881_,VPWR,li1,117.5300,68.0000,1.599803
g_row\[0\].g_col\[1\].pe/_1880_,VPWR,li1,112.4700,57.1200,1.599830
g_row\[0\].g_col\[1\].pe/_1879_,VPWR,li1,55.4300,51.6800,1.599859
g_row\[0\].g_col\[1\].pe/_1878_,VPWR,li1,110.6300,68.0000,1.599807
g_row\[0\].g_col\[1\].pe/_1877_,VPWR,li1,49.4500,62.5600,1.599873
g_row\[0\].g_col\[1\].pe/_1876_,VPWR,li1,46.6900,46.2400,1.599733
g_row\[0\].g_col\[1\].pe/_1875_,VPWR,li1,27.1400,57.1200,1.599938
g_row\[0\].g_col\[1\].pe/_1874_,VPWR,li1,28.7500,62.5600,1.599918
g_row\[0\].g_col\[1\].pe/_1873_,VPWR,li1,25.5300,57.1200,1.599938
g_row\[0\].g_col\[1\].pe/_1872_,VPWR,li1,46.4600,57.1200,1.599899
g_row\[0\].g_col\[1\].pe/_1871_,VPWR,li1,22.7700,57.1200,1.599947
g_row\[0\].g_col\[1\].pe/_1870_,VPWR,li1,15.4100,57.1200,1.599946
g_row\[0\].g_col\[1\].pe/_1869_,VPWR,li1,17.2500,51.6800,1.599930
g_row\[0\].g_col\[1\].pe/_1868_,VPWR,li1,104.6500,68.0000,1.599812
g_row\[0\].g_col\[1\].pe/_1867_,VPWR,li1,107.4100,73.4400,1.599826
g_row\[0\].g_col\[1\].pe/_1866_,VPWR,li1,106.2600,68.0000,1.599812
g_row\[0\].g_col\[1\].pe/_1865_,VPWR,li1,103.2700,62.5600,1.599783
g_row\[0\].g_col\[1\].pe/_1864_,VPWR,li1,100.9700,62.5600,1.599787
g_row\[0\].g_col\[1\].pe/_1863_,VPWR,li1,98.9000,57.1200,1.599839
g_row\[0\].g_col\[1\].pe/_1862_,VPWR,li1,97.2900,62.5600,1.599792
g_row\[0\].g_col\[1\].pe/_1861_,VPWR,li1,92.4600,62.5600,1.599799
g_row\[0\].g_col\[1\].pe/_1860_,VPWR,li1,124.8900,73.4400,1.599825
g_row\[0\].g_col\[1\].pe/_1859_,VPWR,li1,120.7500,73.4400,1.599824
g_row\[0\].g_col\[1\].pe/_1858_,VPWR,li1,125.1200,73.4400,1.599825
g_row\[0\].g_col\[1\].pe/_1857_,VPWR,li1,112.9300,78.8800,1.599858
g_row\[0\].g_col\[1\].pe/_1856_,VPWR,li1,110.6300,78.8800,1.599858
g_row\[0\].g_col\[1\].pe/_1855_,VPWR,li1,118.4500,84.3200,1.599855
g_row\[0\].g_col\[1\].pe/_1854_,VPWR,li1,120.0600,78.8800,1.599857
g_row\[0\].g_col\[1\].pe/_1853_,VPWR,li1,129.7200,78.8800,1.599860
g_row\[0\].g_col\[1\].pe/_1852_,VPWR,li1,109.7100,62.5600,1.599777
g_row\[0\].g_col\[1\].pe/_1851_,VPWR,li1,110.4000,51.6800,1.599799
g_row\[0\].g_col\[1\].pe/_1850_,VPWR,li1,135.9300,73.4400,1.599831
g_row\[0\].g_col\[1\].pe/_1849_,VPWR,li1,132.7100,62.5600,1.599756
g_row\[0\].g_col\[1\].pe/_1848_,VPWR,li1,129.4900,62.5600,1.599758
g_row\[0\].g_col\[1\].pe/_1847_,VPWR,li1,137.3100,62.5600,1.599754
g_row\[0\].g_col\[1\].pe/_1846_,VPWR,li1,136.8500,57.1200,1.599829
g_row\[0\].g_col\[1\].pe/_1845_,VPWR,li1,142.3700,62.5600,1.599753
g_row\[0\].g_col\[1\].pe/_1844_,VPWR,li1,145.8200,57.1200,1.599833
g_row\[0\].g_col\[1\].pe/_1843_,VPWR,li1,143.7500,95.2000,1.599798
g_row\[0\].g_col\[1\].pe/_1842_,VPWR,li1,139.8400,29.9200,1.599805
g_row\[0\].g_col\[1\].pe/_1841_,VPWR,li1,142.8300,95.2000,1.599798
g_row\[0\].g_col\[1\].pe/_1840_,VPWR,li1,144.6700,35.3600,1.599817
g_row\[0\].g_col\[1\].pe/_1838_,VPWR,li1,189.7500,127.8400,1.599786
g_row\[0\].g_col\[1\].pe/_1836_,VPWR,li1,149.0400,127.8400,1.599688
g_row\[0\].g_col\[1\].pe/_1835_,VPWR,li1,145.8200,127.8400,1.599671
g_row\[0\].g_col\[1\].pe/_1834_,VPWR,li1,144.6700,29.9200,1.599808
g_row\[0\].g_col\[1\].pe/_1833_,VPWR,li1,143.7500,29.9200,1.599808
g_row\[0\].g_col\[1\].pe/_1832_,VPWR,li1,149.0400,24.4800,1.599776
g_row\[0\].g_col\[1\].pe/_1831_,VPWR,li1,149.7300,29.9200,1.599814
g_row\[0\].g_col\[1\].pe/_1830_,VPWR,li1,157.7800,35.3600,1.599826
g_row\[0\].g_col\[1\].pe/_1829_,VPWR,li1,140.5300,13.6000,1.599764
g_row\[0\].g_col\[1\].pe/_1828_,VPWR,li1,148.8100,13.6000,1.599771
g_row\[0\].g_col\[1\].pe/_1827_,VPWR,li1,146.0500,19.0400,1.599739
g_row\[0\].g_col\[1\].pe/_1826_,VPWR,li1,135.9300,13.6000,1.599761
g_row\[0\].g_col\[1\].pe/_1825_,VPWR,li1,126.7300,13.6000,1.599755
g_row\[0\].g_col\[1\].pe/_1824_,VPWR,li1,129.9500,13.6000,1.599756
g_row\[0\].g_col\[1\].pe/_1823_,VPWR,li1,141.9100,19.0400,1.599737
g_row\[0\].g_col\[1\].pe/_1822_,VPWR,li1,116.8400,19.0400,1.599744
g_row\[0\].g_col\[1\].pe/_1821_,VPWR,li1,121.9000,13.6000,1.599753
g_row\[0\].g_col\[1\].pe/_1820_,VPWR,li1,119.3700,13.6000,1.599753
g_row\[0\].g_col\[1\].pe/_1819_,VPWR,li1,116.8400,13.6000,1.599752
g_row\[0\].g_col\[1\].pe/_1818_,VPWR,li1,117.0700,13.6000,1.599752
g_row\[0\].g_col\[1\].pe/_1817_,VPWR,li1,81.1900,13.6000,1.599780
g_row\[0\].g_col\[1\].pe/_1816_,VPWR,li1,78.2000,13.6000,1.599785
g_row\[0\].g_col\[1\].pe/_1815_,VPWR,li1,112.0100,13.6000,1.599753
g_row\[0\].g_col\[1\].pe/_1814_,VPWR,li1,48.9900,13.6000,1.599847
g_row\[0\].g_col\[1\].pe/_1813_,VPWR,li1,49.9100,13.6000,1.599847
g_row\[0\].g_col\[1\].pe/_1812_,VPWR,li1,41.8600,13.6000,1.599866
g_row\[0\].g_col\[1\].pe/_1811_,VPWR,li1,37.4900,13.6000,1.599876
g_row\[0\].g_col\[1\].pe/_1810_,VPWR,li1,36.3400,13.6000,1.599883
g_row\[0\].g_col\[1\].pe/_1809_,VPWR,li1,30.5900,19.0400,1.599902
g_row\[0\].g_col\[1\].pe/_1808_,VPWR,li1,35.6500,24.4800,1.599912
g_row\[0\].g_col\[1\].pe/_1807_,VPWR,li1,33.3500,19.0400,1.599897
g_row\[0\].g_col\[1\].pe/_1806_,VPWR,li1,32.8900,29.9200,1.599921
g_row\[0\].g_col\[1\].pe/_1805_,VPWR,li1,34.2700,24.4800,1.599912
g_row\[0\].g_col\[1\].pe/_1804_,VPWR,li1,26.4500,24.4800,1.599931
g_row\[0\].g_col\[1\].pe/_1803_,VPWR,li1,33.8100,19.0400,1.599897
g_row\[0\].g_col\[1\].pe/_1802_,VPWR,li1,29.6700,24.4800,1.599923
g_row\[0\].g_col\[1\].pe/_1801_,VPWR,li1,29.9000,29.9200,1.599927
g_row\[0\].g_col\[1\].pe/_1800_,VPWR,li1,27.3700,29.9200,1.599934
g_row\[0\].g_col\[1\].pe/_1799_,VPWR,li1,23.4600,24.4800,1.599941
g_row\[0\].g_col\[1\].pe/_1798_,VPWR,li1,37.4900,24.4800,1.599905
g_row\[0\].g_col\[1\].pe/_1797_,VPWR,li1,27.8300,24.4800,1.599927
g_row\[0\].g_col\[1\].pe/_1796_,VPWR,li1,25.0700,19.0400,1.599918
g_row\[0\].g_col\[1\].pe/_1795_,VPWR,li1,33.1200,13.6000,1.599888
g_row\[0\].g_col\[1\].pe/_1794_,VPWR,li1,23.2300,13.6000,1.599920
g_row\[0\].g_col\[1\].pe/_1793_,VPWR,li1,20.2400,13.6000,1.599919
g_row\[0\].g_col\[1\].pe/_1792_,VPWR,li1,26.9100,19.0400,1.599912
g_row\[0\].g_col\[1\].pe/_1791_,VPWR,li1,24.6100,19.0400,1.599918
g_row\[0\].g_col\[1\].pe/_1790_,VPWR,li1,32.8900,13.6000,1.599888
g_row\[0\].g_col\[1\].pe/_1789_,VPWR,li1,30.1300,13.6000,1.599896
g_row\[0\].g_col\[1\].pe/_1788_,VPWR,li1,30.1300,13.6000,1.599896
g_row\[0\].g_col\[1\].pe/_1787_,VPWR,li1,25.9900,13.6000,1.599910
g_row\[0\].g_col\[1\].pe/_1786_,VPWR,li1,22.7700,19.0400,1.599928
g_row\[0\].g_col\[1\].pe/_1785_,VPWR,li1,21.3900,29.9200,1.599945
g_row\[0\].g_col\[1\].pe/_1784_,VPWR,li1,21.3900,29.9200,1.599945
g_row\[0\].g_col\[1\].pe/_1783_,VPWR,li1,22.7700,24.4800,1.599941
g_row\[0\].g_col\[1\].pe/_1782_,VPWR,li1,19.7800,24.4800,1.599941
g_row\[0\].g_col\[1\].pe/_1781_,VPWR,li1,19.5500,13.6000,1.599919
g_row\[0\].g_col\[1\].pe/_1780_,VPWR,li1,37.0300,19.0400,1.599884
g_row\[0\].g_col\[1\].pe/_1779_,VPWR,li1,47.1500,13.6000,1.599855
g_row\[0\].g_col\[1\].pe/_1778_,VPWR,li1,73.8300,13.6000,1.599792
g_row\[0\].g_col\[1\].pe/_1777_,VPWR,li1,79.8100,13.6000,1.599785
g_row\[0\].g_col\[1\].pe/_1776_,VPWR,li1,86.7100,13.6000,1.599772
g_row\[0\].g_col\[1\].pe/_1775_,VPWR,li1,58.1900,19.0400,1.599837
g_row\[0\].g_col\[1\].pe/_1774_,VPWR,li1,53.5900,13.6000,1.599835
g_row\[0\].g_col\[1\].pe/_1773_,VPWR,li1,75.6700,13.6000,1.599789
g_row\[0\].g_col\[1\].pe/_1772_,VPWR,li1,41.4000,13.6000,1.599866
g_row\[0\].g_col\[1\].pe/_1771_,VPWR,li1,17.2500,19.0400,1.599927
g_row\[0\].g_col\[1\].pe/_1770_,VPWR,li1,13.5700,13.6000,1.599918
g_row\[0\].g_col\[1\].pe/_1769_,VPWR,li1,15.4100,13.6000,1.599918
g_row\[0\].g_col\[1\].pe/_1768_,VPWR,li1,13.1100,35.3600,1.599941
g_row\[0\].g_col\[1\].pe/_1767_,VPWR,li1,8.9700,35.3600,1.599941
g_row\[0\].g_col\[1\].pe/_1766_,VPWR,li1,15.4100,19.0400,1.599927
g_row\[0\].g_col\[1\].pe/_1765_,VPWR,li1,20.0100,19.0400,1.599927
g_row\[0\].g_col\[1\].pe/_1764_,VPWR,li1,12.6500,29.9200,1.599944
g_row\[0\].g_col\[1\].pe/_1763_,VPWR,li1,15.4100,35.3600,1.599941
g_row\[0\].g_col\[1\].pe/_1762_,VPWR,li1,14.0300,24.4800,1.599941
g_row\[0\].g_col\[1\].pe/_1761_,VPWR,li1,9.2000,24.4800,1.599940
g_row\[0\].g_col\[1\].pe/_1760_,VPWR,li1,60.4900,13.6000,1.599820
g_row\[0\].g_col\[1\].pe/_1759_,VPWR,li1,54.0500,13.6000,1.599835
g_row\[0\].g_col\[1\].pe/_1758_,VPWR,li1,51.7500,19.0400,1.599849
g_row\[0\].g_col\[1\].pe/_1757_,VPWR,li1,10.8100,19.0400,1.599926
g_row\[0\].g_col\[1\].pe/_1756_,VPWR,li1,9.6600,24.4800,1.599940
g_row\[0\].g_col\[1\].pe/_1755_,VPWR,li1,10.3500,35.3600,1.599941
g_row\[0\].g_col\[1\].pe/_1754_,VPWR,li1,12.4200,40.8000,1.599943
g_row\[0\].g_col\[1\].pe/_1753_,VPWR,li1,11.2700,13.6000,1.599918
g_row\[0\].g_col\[1\].pe/_1752_,VPWR,li1,10.8100,29.9200,1.599944
g_row\[0\].g_col\[1\].pe/_1751_,VPWR,li1,15.8700,29.9200,1.599944
g_row\[0\].g_col\[1\].pe/_1750_,VPWR,li1,12.6500,19.0400,1.599926
g_row\[0\].g_col\[1\].pe/_1749_,VPWR,li1,12.8800,24.4800,1.599941
g_row\[0\].g_col\[1\].pe/_1748_,VPWR,li1,60.0300,13.6000,1.599820
g_row\[0\].g_col\[1\].pe/_1747_,VPWR,li1,124.8900,13.6000,1.599754
g_row\[0\].g_col\[1\].pe/_1746_,VPWR,li1,120.2900,19.0400,1.599741
g_row\[0\].g_col\[1\].pe/_1745_,VPWR,li1,105.1100,13.6000,1.599755
g_row\[0\].g_col\[1\].pe/_1744_,VPWR,li1,110.6300,19.0400,1.599749
g_row\[0\].g_col\[1\].pe/_1743_,VPWR,li1,102.8100,19.0400,1.599757
g_row\[0\].g_col\[1\].pe/_1742_,VPWR,li1,98.2100,19.0400,1.599763
g_row\[0\].g_col\[1\].pe/_1741_,VPWR,li1,87.1700,13.6000,1.599772
g_row\[0\].g_col\[1\].pe/_1740_,VPWR,li1,71.5300,13.6000,1.599799
g_row\[0\].g_col\[1\].pe/_1739_,VPWR,li1,91.7700,13.6000,1.599766
g_row\[0\].g_col\[1\].pe/_1738_,VPWR,li1,90.1600,29.9200,1.599829
g_row\[0\].g_col\[1\].pe/_1737_,VPWR,li1,66.9300,13.6000,1.599805
g_row\[0\].g_col\[1\].pe/_1736_,VPWR,li1,67.8500,13.6000,1.599805
g_row\[0\].g_col\[1\].pe/_1735_,VPWR,li1,47.1500,19.0400,1.599859
g_row\[0\].g_col\[1\].pe/_1734_,VPWR,li1,52.9000,19.0400,1.599849
g_row\[0\].g_col\[1\].pe/_1733_,VPWR,li1,50.3700,24.4800,1.599879
g_row\[0\].g_col\[1\].pe/_1732_,VPWR,li1,49.6800,24.4800,1.599879
g_row\[0\].g_col\[1\].pe/_1731_,VPWR,li1,48.5300,19.0400,1.599859
g_row\[0\].g_col\[1\].pe/_1730_,VPWR,li1,44.8500,24.4800,1.599892
g_row\[0\].g_col\[1\].pe/_1729_,VPWR,li1,42.0900,29.9200,1.599903
g_row\[0\].g_col\[1\].pe/_1728_,VPWR,li1,41.1700,19.0400,1.599876
g_row\[0\].g_col\[1\].pe/_1727_,VPWR,li1,36.3400,29.9200,1.599916
g_row\[0\].g_col\[1\].pe/_1726_,VPWR,li1,130.4100,13.6000,1.599756
g_row\[0\].g_col\[1\].pe/_1725_,VPWR,li1,111.3200,13.6000,1.599753
g_row\[0\].g_col\[1\].pe/_1724_,VPWR,li1,108.3300,24.4800,1.599790
g_row\[0\].g_col\[1\].pe/_1723_,VPWR,li1,100.9700,13.6000,1.599757
g_row\[0\].g_col\[1\].pe/_1722_,VPWR,li1,97.7500,13.6000,1.599760
g_row\[0\].g_col\[1\].pe/_1721_,VPWR,li1,92.6900,19.0400,1.599773
g_row\[0\].g_col\[1\].pe/_1720_,VPWR,li1,99.5900,19.0400,1.599763
g_row\[0\].g_col\[1\].pe/_1719_,VPWR,li1,78.8900,19.0400,1.599793
g_row\[0\].g_col\[1\].pe/_1718_,VPWR,li1,105.5700,24.4800,1.599793
g_row\[0\].g_col\[1\].pe/_1717_,VPWR,li1,103.2700,24.4800,1.599797
g_row\[0\].g_col\[1\].pe/_1716_,VPWR,li1,96.6000,24.4800,1.599802
g_row\[0\].g_col\[1\].pe/_1715_,VPWR,li1,107.4100,29.9200,1.599814
g_row\[0\].g_col\[1\].pe/_1714_,VPWR,li1,82.3400,19.0400,1.599789
g_row\[0\].g_col\[1\].pe/_1713_,VPWR,li1,75.6700,19.0400,1.599801
g_row\[0\].g_col\[1\].pe/_1712_,VPWR,li1,67.8500,19.0400,1.599814
g_row\[0\].g_col\[1\].pe/_1711_,VPWR,li1,63.7100,19.0400,1.599823
g_row\[0\].g_col\[1\].pe/_1710_,VPWR,li1,56.5800,24.4800,1.599866
g_row\[0\].g_col\[1\].pe/_1709_,VPWR,li1,63.7100,19.0400,1.599823
g_row\[0\].g_col\[1\].pe/_1708_,VPWR,li1,59.5700,19.0400,1.599832
g_row\[0\].g_col\[1\].pe/_1707_,VPWR,li1,50.3700,29.9200,1.599889
g_row\[0\].g_col\[1\].pe/_1706_,VPWR,li1,48.9900,29.9200,1.599889
g_row\[0\].g_col\[1\].pe/_1705_,VPWR,li1,61.4100,24.4800,1.599858
g_row\[0\].g_col\[1\].pe/_1704_,VPWR,li1,63.4800,29.9200,1.599867
g_row\[0\].g_col\[1\].pe/_1703_,VPWR,li1,130.4100,19.0400,1.599736
g_row\[0\].g_col\[1\].pe/_1702_,VPWR,li1,144.9000,24.4800,1.599774
g_row\[0\].g_col\[1\].pe/_1701_,VPWR,li1,143.2900,24.4800,1.599774
g_row\[0\].g_col\[1\].pe/_1700_,VPWR,li1,141.4500,24.4800,1.599774
g_row\[0\].g_col\[1\].pe/_1699_,VPWR,li1,138.2300,24.4800,1.599773
g_row\[0\].g_col\[1\].pe/_1698_,VPWR,li1,139.1500,19.0400,1.599736
g_row\[0\].g_col\[1\].pe/_1697_,VPWR,li1,131.3300,24.4800,1.599773
g_row\[0\].g_col\[1\].pe/_1696_,VPWR,li1,130.4100,19.0400,1.599736
g_row\[0\].g_col\[1\].pe/_1695_,VPWR,li1,123.2800,19.0400,1.599739
g_row\[0\].g_col\[1\].pe/_1694_,VPWR,li1,123.5100,19.0400,1.599739
g_row\[0\].g_col\[1\].pe/_1693_,VPWR,li1,117.5300,19.0400,1.599744
g_row\[0\].g_col\[1\].pe/_1692_,VPWR,li1,94.0700,19.0400,1.599769
g_row\[0\].g_col\[1\].pe/_1691_,VPWR,li1,91.3100,19.0400,1.599773
g_row\[0\].g_col\[1\].pe/_1690_,VPWR,li1,108.7900,19.0400,1.599752
g_row\[0\].g_col\[1\].pe/_1689_,VPWR,li1,88.5500,19.0400,1.599777
g_row\[0\].g_col\[1\].pe/_1688_,VPWR,li1,86.2500,24.4800,1.599816
g_row\[0\].g_col\[1\].pe/_1687_,VPWR,li1,74.7500,19.0400,1.599801
g_row\[0\].g_col\[1\].pe/_1686_,VPWR,li1,74.0600,24.4800,1.599836
g_row\[0\].g_col\[1\].pe/_1685_,VPWR,li1,69.6900,19.0400,1.599811
g_row\[0\].g_col\[1\].pe/_1684_,VPWR,li1,68.0800,24.4800,1.599845
g_row\[0\].g_col\[1\].pe/_1683_,VPWR,li1,73.3700,24.4800,1.599836
g_row\[0\].g_col\[1\].pe/_1682_,VPWR,li1,60.4900,24.4800,1.599858
g_row\[0\].g_col\[1\].pe/_1681_,VPWR,li1,54.9700,24.4800,1.599871
g_row\[0\].g_col\[1\].pe/_1680_,VPWR,li1,69.6900,24.4800,1.599845
g_row\[0\].g_col\[1\].pe/_1679_,VPWR,li1,64.4000,35.3600,1.599872
g_row\[0\].g_col\[1\].pe/_1678_,VPWR,li1,135.4700,19.0400,1.599736
g_row\[0\].g_col\[1\].pe/_1677_,VPWR,li1,133.1700,19.0400,1.599736
g_row\[0\].g_col\[1\].pe/_1676_,VPWR,li1,126.0400,19.0400,1.599738
g_row\[0\].g_col\[1\].pe/_1675_,VPWR,li1,127.6500,19.0400,1.599738
g_row\[0\].g_col\[1\].pe/_1674_,VPWR,li1,113.3900,19.0400,1.599747
g_row\[0\].g_col\[1\].pe/_1673_,VPWR,li1,105.5700,29.9200,1.599815
g_row\[0\].g_col\[1\].pe/_1672_,VPWR,li1,105.8000,35.3600,1.599828
g_row\[0\].g_col\[1\].pe/_1671_,VPWR,li1,104.1900,19.0400,1.599757
g_row\[0\].g_col\[1\].pe/_1670_,VPWR,li1,97.9800,24.4800,1.599802
g_row\[0\].g_col\[1\].pe/_1669_,VPWR,li1,154.3300,29.9200,1.599823
g_row\[0\].g_col\[1\].pe/_1668_,VPWR,li1,139.1500,24.4800,1.599773
g_row\[0\].g_col\[1\].pe/_1667_,VPWR,li1,130.4100,29.9200,1.599803
g_row\[0\].g_col\[1\].pe/_1666_,VPWR,li1,126.7300,24.4800,1.599776
g_row\[0\].g_col\[1\].pe/_1665_,VPWR,li1,115.0000,24.4800,1.599785
g_row\[0\].g_col\[1\].pe/_1664_,VPWR,li1,123.5100,24.4800,1.599777
g_row\[0\].g_col\[1\].pe/_1663_,VPWR,li1,130.4100,24.4800,1.599773
g_row\[0\].g_col\[1\].pe/_1662_,VPWR,li1,125.3500,29.9200,1.599805
g_row\[0\].g_col\[1\].pe/_1661_,VPWR,li1,113.3900,24.4800,1.599785
g_row\[0\].g_col\[1\].pe/_1660_,VPWR,li1,93.1500,24.4800,1.599807
g_row\[0\].g_col\[1\].pe/_1659_,VPWR,li1,119.8300,24.4800,1.599780
g_row\[0\].g_col\[1\].pe/_1658_,VPWR,li1,119.3700,29.9200,1.599807
g_row\[0\].g_col\[1\].pe/_1657_,VPWR,li1,119.8300,40.8000,1.599833
g_row\[0\].g_col\[1\].pe/_1656_,VPWR,li1,117.9900,24.4800,1.599781
g_row\[0\].g_col\[1\].pe/_1655_,VPWR,li1,116.1500,29.9200,1.599808
g_row\[0\].g_col\[1\].pe/_1654_,VPWR,li1,111.7800,29.9200,1.599811
g_row\[0\].g_col\[1\].pe/_1653_,VPWR,li1,103.2700,29.9200,1.599818
g_row\[0\].g_col\[1\].pe/_1652_,VPWR,li1,93.8400,29.9200,1.599826
g_row\[0\].g_col\[1\].pe/_1651_,VPWR,li1,92.6900,24.4800,1.599807
g_row\[0\].g_col\[1\].pe/_1650_,VPWR,li1,87.1700,29.9200,1.599834
g_row\[0\].g_col\[1\].pe/_1649_,VPWR,li1,84.8700,19.0400,1.599784
g_row\[0\].g_col\[1\].pe/_1648_,VPWR,li1,81.4200,19.0400,1.599789
g_row\[0\].g_col\[1\].pe/_1647_,VPWR,li1,86.2500,24.4800,1.599816
g_row\[0\].g_col\[1\].pe/_1646_,VPWR,li1,80.0400,24.4800,1.599825
g_row\[0\].g_col\[1\].pe/_1645_,VPWR,li1,79.8100,24.4800,1.599825
g_row\[0\].g_col\[1\].pe/_1644_,VPWR,li1,59.1100,29.9200,1.599872
g_row\[0\].g_col\[1\].pe/_1643_,VPWR,li1,54.9700,29.9200,1.599881
g_row\[0\].g_col\[1\].pe/_1642_,VPWR,li1,73.3700,29.9200,1.599850
g_row\[0\].g_col\[1\].pe/_1641_,VPWR,li1,68.0800,35.3600,1.599866
g_row\[0\].g_col\[1\].pe/_1640_,VPWR,li1,139.1500,29.9200,1.599805
g_row\[0\].g_col\[1\].pe/_1639_,VPWR,li1,144.2100,35.3600,1.599816
g_row\[0\].g_col\[1\].pe/_1638_,VPWR,li1,146.9700,51.6800,1.599797
g_row\[0\].g_col\[1\].pe/_1637_,VPWR,li1,143.7500,57.1200,1.599830
g_row\[0\].g_col\[1\].pe/_1636_,VPWR,li1,141.4500,62.5600,1.599753
g_row\[0\].g_col\[1\].pe/_1635_,VPWR,li1,144.2100,51.6800,1.599796
g_row\[0\].g_col\[1\].pe/_1634_,VPWR,li1,133.1700,46.2400,1.599697
g_row\[0\].g_col\[1\].pe/_1633_,VPWR,li1,137.7700,62.5600,1.599754
g_row\[0\].g_col\[1\].pe/_1632_,VPWR,li1,129.0300,62.5600,1.599758
g_row\[0\].g_col\[1\].pe/_1631_,VPWR,li1,129.4900,51.6800,1.599794
g_row\[0\].g_col\[1\].pe/_1630_,VPWR,li1,81.1900,40.8000,1.599856
g_row\[0\].g_col\[1\].pe/_1629_,VPWR,li1,117.0700,57.1200,1.599828
g_row\[0\].g_col\[1\].pe/_1628_,VPWR,li1,56.3500,57.1200,1.599885
g_row\[0\].g_col\[1\].pe/_1627_,VPWR,li1,52.6700,51.6800,1.599864
g_row\[0\].g_col\[1\].pe/_1626_,VPWR,li1,34.9600,51.6800,1.599900
g_row\[0\].g_col\[1\].pe/_1625_,VPWR,li1,49.4500,57.1200,1.599894
g_row\[0\].g_col\[1\].pe/_1624_,VPWR,li1,47.6100,51.6800,1.599876
g_row\[0\].g_col\[1\].pe/_1623_,VPWR,li1,46.4600,51.6800,1.599876
g_row\[0\].g_col\[1\].pe/_1622_,VPWR,li1,28.2900,51.6800,1.599915
g_row\[0\].g_col\[1\].pe/_1621_,VPWR,li1,25.0700,51.6800,1.599923
g_row\[0\].g_col\[1\].pe/_1620_,VPWR,li1,23.2300,51.6800,1.599927
g_row\[0\].g_col\[1\].pe/_1619_,VPWR,li1,29.2100,51.6800,1.599915
g_row\[0\].g_col\[1\].pe/_1618_,VPWR,li1,25.5300,46.2400,1.599830
g_row\[0\].g_col\[1\].pe/_1617_,VPWR,li1,15.4100,68.0000,1.599939
g_row\[0\].g_col\[1\].pe/_1616_,VPWR,li1,18.1700,46.2400,1.599854
g_row\[0\].g_col\[1\].pe/_1615_,VPWR,li1,114.3100,62.5600,1.599771
g_row\[0\].g_col\[1\].pe/_1614_,VPWR,li1,118.4500,62.5600,1.599767
g_row\[0\].g_col\[1\].pe/_1613_,VPWR,li1,119.6000,62.5600,1.599766
g_row\[0\].g_col\[1\].pe/_1612_,VPWR,li1,108.7900,57.1200,1.599832
g_row\[0\].g_col\[1\].pe/_1611_,VPWR,li1,105.1100,57.1200,1.599834
g_row\[0\].g_col\[1\].pe/_1610_,VPWR,li1,102.5800,57.1200,1.599836
g_row\[0\].g_col\[1\].pe/_1609_,VPWR,li1,94.0700,57.1200,1.599842
g_row\[0\].g_col\[1\].pe/_1608_,VPWR,li1,89.2400,57.1200,1.599846
g_row\[0\].g_col\[1\].pe/_1607_,VPWR,li1,134.5500,68.0000,1.599803
g_row\[0\].g_col\[1\].pe/_1606_,VPWR,li1,128.5700,68.0000,1.599802
g_row\[0\].g_col\[1\].pe/_1605_,VPWR,li1,128.3400,68.0000,1.599802
g_row\[0\].g_col\[1\].pe/_1604_,VPWR,li1,124.4300,68.0000,1.599802
g_row\[0\].g_col\[1\].pe/_1603_,VPWR,li1,126.7300,78.8800,1.599859
g_row\[0\].g_col\[1\].pe/_1602_,VPWR,li1,129.9500,84.3200,1.599861
g_row\[0\].g_col\[1\].pe/_1601_,VPWR,li1,128.8000,84.3200,1.599861
g_row\[0\].g_col\[1\].pe/_1598_,VPWR,li1,128.8000,73.4400,1.599826
g_row\[0\].g_col\[1\].pe/_1597_,VPWR,li1,123.5100,57.1200,1.599828
g_row\[0\].g_col\[1\].pe/_1596_,VPWR,li1,118.6800,46.2400,1.599687
g_row\[0\].g_col\[1\].pe/_1595_,VPWR,li1,148.8100,46.2400,1.599723
g_row\[0\].g_col\[1\].pe/_1594_,VPWR,li1,148.8100,46.2400,1.599723
g_row\[0\].g_col\[1\].pe/_1593_,VPWR,li1,148.8100,51.6800,1.599799
g_row\[0\].g_col\[1\].pe/_1592_,VPWR,li1,154.7900,35.3600,1.599824
g_row\[0\].g_col\[1\].pe/_1591_,VPWR,li1,153.4100,46.2400,1.599732
g_row\[0\].g_col\[1\].pe/_1590_,VPWR,li1,150.1900,40.8000,1.599841
g_row\[0\].g_col\[1\].pe/_1589_,VPWR,li1,149.7300,35.3600,1.599820
g_row\[0\].g_col\[1\].pe/_1588_,VPWR,li1,135.0100,40.8000,1.599833
g_row\[0\].g_col\[1\].pe/_1587_,VPWR,li1,144.2100,46.2400,1.599710
g_row\[0\].g_col\[1\].pe/_1586_,VPWR,li1,138.2300,46.2400,1.599704
g_row\[0\].g_col\[1\].pe/_1585_,VPWR,li1,136.3900,40.8000,1.599833
g_row\[0\].g_col\[1\].pe/_1584_,VPWR,li1,105.5700,40.8000,1.599838
g_row\[0\].g_col\[1\].pe/_1583_,VPWR,li1,128.1100,46.2400,1.599693
g_row\[0\].g_col\[1\].pe/_1582_,VPWR,li1,79.8100,46.2400,1.599679
g_row\[0\].g_col\[1\].pe/_1581_,VPWR,li1,77.0500,51.6800,1.599826
g_row\[0\].g_col\[1\].pe/_1580_,VPWR,li1,62.5600,40.8000,1.599877
g_row\[0\].g_col\[1\].pe/_1579_,VPWR,li1,54.0500,51.6800,1.599864
g_row\[0\].g_col\[1\].pe/_1578_,VPWR,li1,49.9100,46.2400,1.599726
g_row\[0\].g_col\[1\].pe/_1577_,VPWR,li1,45.0800,46.2400,1.599739
g_row\[0\].g_col\[1\].pe/_1576_,VPWR,li1,39.3300,51.6800,1.599892
g_row\[0\].g_col\[1\].pe/_1575_,VPWR,li1,35.1900,51.6800,1.599900
g_row\[0\].g_col\[1\].pe/_1574_,VPWR,li1,36.1100,57.1200,1.599917
g_row\[0\].g_col\[1\].pe/_1573_,VPWR,li1,36.5700,40.8000,1.599916
g_row\[0\].g_col\[1\].pe/_1572_,VPWR,li1,34.5000,46.2400,1.599781
g_row\[0\].g_col\[1\].pe/_1571_,VPWR,li1,124.8900,51.6800,1.599795
g_row\[0\].g_col\[1\].pe/_1570_,VPWR,li1,123.0500,51.6800,1.599795
g_row\[0\].g_col\[1\].pe/_1569_,VPWR,li1,119.6000,57.1200,1.599828
g_row\[0\].g_col\[1\].pe/_1568_,VPWR,li1,117.0700,51.6800,1.599797
g_row\[0\].g_col\[1\].pe/_1567_,VPWR,li1,114.3100,46.2400,1.599684
g_row\[0\].g_col\[1\].pe/_1566_,VPWR,li1,111.3200,46.2400,1.599683
g_row\[0\].g_col\[1\].pe/_1565_,VPWR,li1,100.9700,51.6800,1.599804
g_row\[0\].g_col\[1\].pe/_1564_,VPWR,li1,93.3800,51.6800,1.599809
g_row\[0\].g_col\[1\].pe/_1563_,VPWR,li1,142.3700,57.1200,1.599830
g_row\[0\].g_col\[1\].pe/_1562_,VPWR,li1,141.2200,51.6800,1.599795
g_row\[0\].g_col\[1\].pe/_1561_,VPWR,li1,140.9900,51.6800,1.599795
g_row\[0\].g_col\[1\].pe/_1560_,VPWR,li1,143.9800,68.0000,1.599806
g_row\[0\].g_col\[1\].pe/_1559_,VPWR,li1,149.7300,68.0000,1.599809
g_row\[0\].g_col\[1\].pe/_1558_,VPWR,li1,146.2800,68.0000,1.599808
g_row\[0\].g_col\[1\].pe/_1557_,VPWR,li1,150.6500,78.8800,1.599871
g_row\[0\].g_col\[1\].pe/_1556_,VPWR,li1,147.6600,78.8800,1.599869
g_row\[0\].g_col\[1\].pe/_1555_,VPWR,li1,136.1600,51.6800,1.599795
g_row\[0\].g_col\[1\].pe/_1554_,VPWR,li1,103.9600,51.6800,1.599802
g_row\[0\].g_col\[1\].pe/_1553_,VPWR,li1,148.1200,35.3600,1.599818
g_row\[0\].g_col\[1\].pe/_1552_,VPWR,li1,145.5900,40.8000,1.599838
g_row\[0\].g_col\[1\].pe/_1551_,VPWR,li1,161.9200,24.4800,1.599787
g_row\[0\].g_col\[1\].pe/_1550_,VPWR,li1,155.2500,29.9200,1.599823
g_row\[0\].g_col\[1\].pe/_1549_,VPWR,li1,137.5400,35.3600,1.599816
g_row\[0\].g_col\[1\].pe/_1548_,VPWR,li1,150.6500,29.9200,1.599818
g_row\[0\].g_col\[1\].pe/_1547_,VPWR,li1,153.4100,35.3600,1.599821
g_row\[0\].g_col\[1\].pe/_1546_,VPWR,li1,151.1100,40.8000,1.599841
g_row\[0\].g_col\[1\].pe/_1545_,VPWR,li1,144.2100,40.8000,1.599836
g_row\[0\].g_col\[1\].pe/_1544_,VPWR,li1,149.2700,73.4400,1.599849
g_row\[0\].g_col\[1\].pe/_1543_,VPWR,li1,144.4400,73.4400,1.599841
g_row\[0\].g_col\[1\].pe/_1541_,VPWR,li1,180.5500,78.8800,1.599881
g_row\[0\].g_col\[1\].pe/_1540_,VPWR,li1,180.3200,78.8800,1.599881
g_row\[0\].g_col\[1\].pe/_1538_,VPWR,li1,144.6700,78.8800,1.599866
g_row\[0\].g_col\[1\].pe/_1537_,VPWR,li1,125.3500,40.8000,1.599832
g_row\[0\].g_col\[1\].pe/_1536_,VPWR,li1,121.4400,46.2400,1.599689
g_row\[0\].g_col\[1\].pe/_1535_,VPWR,li1,155.2500,40.8000,1.599845
g_row\[0\].g_col\[1\].pe/_1534_,VPWR,li1,139.1500,40.8000,1.599834
g_row\[0\].g_col\[1\].pe/_1533_,VPWR,li1,136.3900,46.2400,1.599701
g_row\[0\].g_col\[1\].pe/_1532_,VPWR,li1,134.5500,51.6800,1.599794
g_row\[0\].g_col\[1\].pe/_1531_,VPWR,li1,133.1700,57.1200,1.599828
g_row\[0\].g_col\[1\].pe/_1530_,VPWR,li1,132.0200,51.6800,1.599794
g_row\[0\].g_col\[1\].pe/_1529_,VPWR,li1,108.3300,51.6800,1.599800
g_row\[0\].g_col\[1\].pe/_1528_,VPWR,li1,105.5700,46.2400,1.599681
g_row\[0\].g_col\[1\].pe/_1527_,VPWR,li1,100.7400,46.2400,1.599680
g_row\[0\].g_col\[1\].pe/_1526_,VPWR,li1,99.1300,51.6800,1.599805
g_row\[0\].g_col\[1\].pe/_1525_,VPWR,li1,92.4600,46.2400,1.599678
g_row\[0\].g_col\[1\].pe/_1524_,VPWR,li1,106.4900,46.2400,1.599681
g_row\[0\].g_col\[1\].pe/_1523_,VPWR,li1,80.7300,46.2400,1.599679
g_row\[0\].g_col\[1\].pe/_1522_,VPWR,li1,74.7500,46.2400,1.599681
g_row\[0\].g_col\[1\].pe/_1521_,VPWR,li1,75.9000,40.8000,1.599860
g_row\[0\].g_col\[1\].pe/_1520_,VPWR,li1,61.8700,40.8000,1.599877
g_row\[0\].g_col\[1\].pe/_1519_,VPWR,li1,48.5300,40.8000,1.599898
g_row\[0\].g_col\[1\].pe/_1518_,VPWR,li1,42.0900,40.8000,1.599909
g_row\[0\].g_col\[1\].pe/_1517_,VPWR,li1,52.2100,46.2400,1.599715
g_row\[0\].g_col\[1\].pe/_1516_,VPWR,li1,55.2000,40.8000,1.599886
g_row\[0\].g_col\[1\].pe/_1515_,VPWR,li1,102.3500,40.8000,1.599839
g_row\[0\].g_col\[1\].pe/_1514_,VPWR,li1,99.3600,40.8000,1.599841
g_row\[0\].g_col\[1\].pe/_1513_,VPWR,li1,131.7900,35.3600,1.599817
g_row\[0\].g_col\[1\].pe/_1512_,VPWR,li1,109.7100,40.8000,1.599836
g_row\[0\].g_col\[1\].pe/_1511_,VPWR,li1,136.3900,29.9200,1.599804
g_row\[0\].g_col\[1\].pe/_1510_,VPWR,li1,132.7100,35.3600,1.599817
g_row\[0\].g_col\[1\].pe/_1509_,VPWR,li1,137.7700,35.3600,1.599816
g_row\[0\].g_col\[1\].pe/_1508_,VPWR,li1,122.5900,40.8000,1.599832
g_row\[0\].g_col\[1\].pe/_1507_,VPWR,li1,119.6000,35.3600,1.599820
g_row\[0\].g_col\[1\].pe/_1506_,VPWR,li1,139.1500,40.8000,1.599834
g_row\[0\].g_col\[1\].pe/_1504_,VPWR,li1,187.4500,78.8800,1.599864
g_row\[0\].g_col\[1\].pe/_1503_,VPWR,li1,177.7900,78.8800,1.599890
g_row\[0\].g_col\[1\].pe/_1502_,VPWR,li1,181.7000,84.3200,1.599906
g_row\[0\].g_col\[1\].pe/_1501_,VPWR,li1,131.3300,29.9200,1.599803
g_row\[0\].g_col\[1\].pe/_1500_,VPWR,li1,129.9500,40.8000,1.599832
g_row\[0\].g_col\[1\].pe/_1499_,VPWR,li1,127.1900,40.8000,1.599832
g_row\[0\].g_col\[1\].pe/_1498_,VPWR,li1,128.5700,46.2400,1.599693
g_row\[0\].g_col\[1\].pe/_1497_,VPWR,li1,129.2600,57.1200,1.599828
g_row\[0\].g_col\[1\].pe/_1496_,VPWR,li1,118.4500,46.2400,1.599687
g_row\[0\].g_col\[1\].pe/_1495_,VPWR,li1,115.6900,40.8000,1.599833
g_row\[0\].g_col\[1\].pe/_1494_,VPWR,li1,110.8600,40.8000,1.599836
g_row\[0\].g_col\[1\].pe/_1493_,VPWR,li1,99.1300,46.2400,1.599679
g_row\[0\].g_col\[1\].pe/_1492_,VPWR,li1,88.7800,46.2400,1.599678
g_row\[0\].g_col\[1\].pe/_1491_,VPWR,li1,113.8500,40.8000,1.599834
g_row\[0\].g_col\[1\].pe/_1490_,VPWR,li1,104.6500,40.8000,1.599838
g_row\[0\].g_col\[1\].pe/_1489_,VPWR,li1,87.1700,40.8000,1.599850
g_row\[0\].g_col\[1\].pe/_1488_,VPWR,li1,82.8000,40.8000,1.599854
g_row\[0\].g_col\[1\].pe/_1487_,VPWR,li1,98.6700,40.8000,1.599842
g_row\[0\].g_col\[1\].pe/_1486_,VPWR,li1,58.1900,40.8000,1.599883
g_row\[0\].g_col\[1\].pe/_1485_,VPWR,li1,53.1300,40.8000,1.599891
g_row\[0\].g_col\[1\].pe/_1484_,VPWR,li1,71.0700,40.8000,1.599865
g_row\[0\].g_col\[1\].pe/_1483_,VPWR,li1,67.1600,46.2400,1.599686
g_row\[0\].g_col\[1\].pe/_1482_,VPWR,li1,89.0100,40.8000,1.599848
g_row\[0\].g_col\[1\].pe/_1481_,VPWR,li1,76.8200,35.3600,1.599854
g_row\[0\].g_col\[1\].pe/_1480_,VPWR,li1,126.7300,29.9200,1.599804
g_row\[0\].g_col\[1\].pe/_1479_,VPWR,li1,104.1900,35.3600,1.599828
g_row\[0\].g_col\[1\].pe/_1478_,VPWR,li1,125.8100,35.3600,1.599818
g_row\[0\].g_col\[1\].pe/_1477_,VPWR,li1,127.1900,35.3600,1.599818
g_row\[0\].g_col\[1\].pe/_1476_,VPWR,li1,126.9600,57.1200,1.599828
g_row\[0\].g_col\[1\].pe/_1474_,VPWR,li1,158.4700,73.4400,1.599868
g_row\[0\].g_col\[1\].pe/_1473_,VPWR,li1,162.6100,73.4400,1.599876
g_row\[0\].g_col\[1\].pe/_1471_,VPWR,li1,161.0000,73.4400,1.599871
g_row\[0\].g_col\[1\].pe/_1470_,VPWR,li1,161.6900,78.8800,1.599881
g_row\[0\].g_col\[1\].pe/_1469_,VPWR,li1,159.3900,78.8800,1.599879
g_row\[0\].g_col\[1\].pe/_1466_,VPWR,li1,186.9900,68.0000,1.599791
g_row\[0\].g_col\[1\].pe/_1465_,VPWR,li1,119.8300,35.3600,1.599820
g_row\[0\].g_col\[1\].pe/_1464_,VPWR,li1,113.8500,35.3600,1.599822
g_row\[0\].g_col\[1\].pe/_1463_,VPWR,li1,111.7800,35.3600,1.599823
g_row\[0\].g_col\[1\].pe/_1461_,VPWR,li1,68.7700,62.5600,1.599837
g_row\[0\].g_col\[1\].pe/_1460_,VPWR,li1,67.8500,57.1200,1.599869
g_row\[0\].g_col\[1\].pe/_1459_,VPWR,li1,68.3100,57.1200,1.599869
g_row\[0\].g_col\[1\].pe/_1457_,VPWR,li1,76.5900,57.1200,1.599859
g_row\[0\].g_col\[1\].pe/_1453_,VPWR,li1,105.1100,57.1200,1.599834
g_row\[0\].g_col\[1\].pe/_1452_,VPWR,li1,100.9700,35.3600,1.599830
g_row\[0\].g_col\[1\].pe/_1451_,VPWR,li1,95.6800,35.3600,1.599834
g_row\[0\].g_col\[1\].pe/_1449_,VPWR,li1,61.8700,62.5600,1.599850
g_row\[0\].g_col\[1\].pe/_1448_,VPWR,li1,62.7900,51.6800,1.599845
g_row\[0\].g_col\[1\].pe/_1447_,VPWR,li1,53.1300,57.1200,1.599889
g_row\[0\].g_col\[1\].pe/_1444_,VPWR,li1,36.1100,57.1200,1.599917
g_row\[0\].g_col\[1\].pe/_1443_,VPWR,li1,100.0500,35.3600,1.599830
g_row\[0\].g_col\[1\].pe/_1442_,VPWR,li1,90.8500,35.3600,1.599840
g_row\[0\].g_col\[1\].pe/_1441_,VPWR,li1,86.2500,35.3600,1.599844
g_row\[0\].g_col\[1\].pe/_1440_,VPWR,li1,80.9600,35.3600,1.599850
g_row\[0\].g_col\[1\].pe/_1438_,VPWR,li1,77.0500,40.8000,1.599860
g_row\[0\].g_col\[1\].pe/_1437_,VPWR,li1,60.4900,35.3600,1.599876
g_row\[0\].g_col\[1\].pe/_1436_,VPWR,li1,54.9700,35.3600,1.599885
g_row\[0\].g_col\[1\].pe/_1432_,VPWR,li1,71.0700,35.3600,1.599863
g_row\[0\].g_col\[1\].pe/_1431_,VPWR,li1,66.2400,40.8000,1.599871
g_row\[0\].g_col\[1\].pe/_1429_,VPWR,li1,85.3300,35.3600,1.599844
g_row\[0\].g_col\[1\].pe/_1428_,VPWR,li1,75.9000,29.9200,1.599847
g_row\[0\].g_col\[1\].pe/_1427_,VPWR,li1,82.5700,29.9200,1.599838
g_row\[0\].g_col\[1\].pe/_1426_,VPWR,li1,80.5000,29.9200,1.599841
g_row\[0\].g_col\[1\].pe/_1424_,VPWR,li1,16.7900,68.0000,1.599939
g_row\[0\].g_col\[1\].pe/_1423_,VPWR,li1,13.1100,51.6800,1.599928
g_row\[0\].g_col\[1\].pe/_1422_,VPWR,li1,15.8700,57.1200,1.599946
g_row\[0\].g_col\[1\].pe/_1421_,VPWR,li1,11.7300,46.2400,1.599852
g_row\[0\].g_col\[1\].pe/_1420_,VPWR,li1,76.5900,35.3600,1.599854
g_row\[0\].g_col\[1\].pe/_1419_,VPWR,li1,58.6500,35.3600,1.599881
g_row\[0\].g_col\[1\].pe/_1418_,VPWR,li1,59.5700,29.9200,1.599872
g_row\[0\].g_col\[1\].pe/_1416_,VPWR,li1,14.9500,40.8000,1.599944
g_row\[0\].g_col\[1\].pe/_1415_,VPWR,li1,16.7900,51.6800,1.599930
g_row\[0\].g_col\[1\].pe/_1414_,VPWR,li1,10.3500,40.8000,1.599943
g_row\[0\].g_col\[1\].pe/_1413_,VPWR,li1,71.5300,29.9200,1.599853
g_row\[0\].g_col\[1\].pe/_1412_,VPWR,li1,66.2400,35.3600,1.599868
g_row\[0\].g_col\[1\].pe/_1411_,VPWR,li1,13.1100,46.2400,1.599852
g_row\[0\].g_col\[1\].pe/_1408_,VPWR,li1,94.5300,133.2800,1.599720
g_row\[0\].g_col\[1\].pe/_1407_,VPWR,li1,99.1300,133.2800,1.599719
g_row\[0\].g_col\[1\].pe/_1406_,VPWR,li1,101.8900,133.2800,1.599718
g_row\[0\].g_col\[1\].pe/_1405_,VPWR,li1,187.4500,127.8400,1.599790
g_row\[0\].g_col\[1\].pe/_1404_,VPWR,li1,189.7500,127.8400,1.599786
g_row\[0\].g_col\[1\].pe/_1403_,VPWR,li1,166.9800,68.0000,1.599824
g_row\[0\].g_col\[1\].pe/_1402_,VPWR,li1,163.0700,62.5600,1.599766
g_row\[0\].g_col\[1\].pe/_1401_,VPWR,li1,175.2600,62.5600,1.599793
g_row\[0\].g_col\[1\].pe/_1400_,VPWR,li1,175.0300,78.8800,1.599897
g_row\[0\].g_col\[1\].pe/_1399_,VPWR,li1,178.9400,73.4400,1.599897
g_row\[0\].g_col\[1\].pe/_1398_,VPWR,li1,171.8100,68.0000,1.599831
g_row\[0\].g_col\[1\].pe/_1397_,VPWR,li1,175.2600,73.4400,1.599904
g_row\[0\].g_col\[1\].pe/_1396_,VPWR,li1,174.1100,73.4400,1.599898
g_row\[0\].g_col\[1\].pe/_1395_,VPWR,li1,162.3800,68.0000,1.599819
g_row\[0\].g_col\[1\].pe/_1394_,VPWR,li1,162.6100,62.5600,1.599766
g_row\[0\].g_col\[1\].pe/_1393_,VPWR,li1,160.0800,51.6800,1.599809
g_row\[0\].g_col\[1\].pe/_1392_,VPWR,li1,158.9300,46.2400,1.599746
g_row\[0\].g_col\[1\].pe/_1391_,VPWR,li1,160.5400,57.1200,1.599847
g_row\[0\].g_col\[1\].pe/_1389_,VPWR,li1,158.9300,51.6800,1.599809
g_row\[0\].g_col\[1\].pe/_1388_,VPWR,li1,80.0400,51.6800,1.599821
g_row\[0\].g_col\[1\].pe/_1387_,VPWR,li1,151.5700,51.6800,1.599801
g_row\[0\].g_col\[1\].pe/_1386_,VPWR,li1,175.2600,68.0000,1.599835
g_row\[0\].g_col\[1\].pe/_1385_,VPWR,li1,171.3500,57.1200,1.599861
g_row\[0\].g_col\[1\].pe/_1384_,VPWR,li1,55.2000,46.2400,1.599706
g_row\[0\].g_col\[1\].pe/_1383_,VPWR,li1,160.7700,46.2400,1.599750
g_row\[0\].g_col\[1\].pe/_1380_,VPWR,li1,162.8400,40.8000,1.599854
g_row\[0\].g_col\[1\].pe/_1377_,VPWR,li1,7.5900,138.7200,1.599884
g_row\[0\].g_col\[1\].pe/_1376_,VPWR,li1,165.8300,40.8000,1.599859
g_row\[0\].g_col\[1\].pe/_1374_,VPWR,li1,156.1700,57.1200,1.599842
g_row\[0\].g_col\[1\].pe/_1372_,VPWR,li1,187.6800,57.1200,1.599831
g_row\[0\].g_col\[1\].pe/_1371_,VPWR,li1,9.8900,111.5200,1.599819
g_row\[0\].g_col\[1\].pe/_1370_,VPWR,li1,14.7200,111.5200,1.599819
g_row\[0\].g_col\[1\].pe/_1369_,VPWR,li1,35.6500,127.8400,1.599749
g_row\[0\].g_col\[1\].pe/_1368_,VPWR,li1,11.7300,111.5200,1.599819
g_row\[0\].g_col\[1\].pe/_1367_,VPWR,li1,16.3300,116.9600,1.599804
g_row\[0\].g_col\[1\].pe/_1366_,VPWR,li1,11.7300,116.9600,1.599804
g_row\[0\].g_col\[1\].pe/_1365_,VPWR,li1,10.1200,116.9600,1.599804
g_row\[0\].g_col\[1\].pe/_1364_,VPWR,li1,25.0700,116.9600,1.599764
g_row\[0\].g_col\[1\].pe/_1363_,VPWR,li1,15.4100,122.4000,1.599791
g_row\[0\].g_col\[1\].pe/_1362_,VPWR,li1,10.8100,122.4000,1.599790
g_row\[0\].g_col\[1\].pe/_1361_,VPWR,li1,14.9500,116.9600,1.599804
g_row\[0\].g_col\[1\].pe/_1360_,VPWR,li1,10.8100,127.8400,1.599827
g_row\[0\].g_col\[1\].pe/_1359_,VPWR,li1,16.3300,122.4000,1.599791
g_row\[0\].g_col\[1\].pe/_1358_,VPWR,li1,20.4700,122.4000,1.599791
g_row\[0\].g_col\[1\].pe/_1357_,VPWR,li1,15.4100,127.8400,1.599827
g_row\[0\].g_col\[1\].pe/_1356_,VPWR,li1,16.3300,133.2800,1.599894
g_row\[0\].g_col\[1\].pe/_1355_,VPWR,li1,14.9500,127.8400,1.599827
g_row\[0\].g_col\[1\].pe/_1354_,VPWR,li1,28.7500,127.8400,1.599787
g_row\[0\].g_col\[1\].pe/_1353_,VPWR,li1,21.8500,133.2800,1.599898
g_row\[0\].g_col\[1\].pe/_1352_,VPWR,li1,25.3000,133.2800,1.599886
g_row\[0\].g_col\[1\].pe/_1351_,VPWR,li1,22.7700,138.7200,1.599882
g_row\[0\].g_col\[1\].pe/_1350_,VPWR,li1,24.6100,138.7200,1.599875
g_row\[0\].g_col\[1\].pe/_1349_,VPWR,li1,25.0700,149.6000,1.599889
g_row\[0\].g_col\[1\].pe/_1348_,VPWR,li1,28.2900,133.2800,1.599879
g_row\[0\].g_col\[1\].pe/_1347_,VPWR,li1,36.1100,144.1600,1.599784
g_row\[0\].g_col\[1\].pe/_1346_,VPWR,li1,34.7300,138.7200,1.599836
g_row\[0\].g_col\[1\].pe/_1345_,VPWR,li1,37.2600,133.2800,1.599845
g_row\[0\].g_col\[1\].pe/_1344_,VPWR,li1,40.7100,138.7200,1.599819
g_row\[0\].g_col\[1\].pe/_1343_,VPWR,li1,40.7100,133.2800,1.599834
g_row\[0\].g_col\[1\].pe/_1342_,VPWR,li1,39.3300,138.7200,1.599819
g_row\[0\].g_col\[1\].pe/_1341_,VPWR,li1,37.0300,133.2800,1.599845
g_row\[0\].g_col\[1\].pe/_1340_,VPWR,li1,28.2900,35.3600,1.599931
g_row\[0\].g_col\[0\].pe/_2776_,VPWR,li1,215.7400,263.8400,1.599772
g_row\[0\].g_col\[0\].pe/_2775_,VPWR,li1,189.5200,263.8400,1.599812
g_row\[0\].g_col\[0\].pe/_2771_,VPWR,li1,168.5900,242.0800,1.599615
g_row\[0\].g_col\[0\].pe/_2770_,VPWR,li1,258.7500,242.0800,1.599390
g_row\[0\].g_col\[0\].pe/_2769_,VPWR,li1,260.1300,247.5200,1.599522
g_row\[0\].g_col\[0\].pe/_2768_,VPWR,li1,244.4900,263.8400,1.599730
g_row\[0\].g_col\[0\].pe/_2767_,VPWR,li1,259.2100,252.9600,1.599489
g_row\[0\].g_col\[0\].pe/_2766_,VPWR,li1,263.3500,263.8400,1.599712
g_row\[0\].g_col\[0\].pe/_2765_,VPWR,li1,254.6100,263.8400,1.599719
g_row\[0\].g_col\[0\].pe/_2764_,VPWR,li1,222.4100,252.9600,1.599526
g_row\[0\].g_col\[0\].pe/_2763_,VPWR,li1,225.6300,242.0800,1.599442
g_row\[0\].g_col\[0\].pe/_2762_,VPWR,li1,218.7300,231.2000,1.599684
g_row\[0\].g_col\[0\].pe/_2761_,VPWR,li1,205.3900,231.2000,1.599711
g_row\[0\].g_col\[0\].pe/_2760_,VPWR,li1,194.3500,231.2000,1.599741
g_row\[0\].g_col\[0\].pe/_2759_,VPWR,li1,182.3900,247.5200,1.599650
g_row\[0\].g_col\[0\].pe/_2758_,VPWR,li1,185.1500,252.9600,1.599669
g_row\[0\].g_col\[0\].pe/_2757_,VPWR,li1,175.4900,258.4000,1.599751
g_row\[0\].g_col\[0\].pe/_2756_,VPWR,li1,164.4500,258.4000,1.599673
g_row\[0\].g_col\[0\].pe/_2755_,VPWR,li1,172.2700,231.2000,1.599795
g_row\[0\].g_col\[0\].pe/_2754_,VPWR,li1,150.1900,231.2000,1.599740
g_row\[0\].g_col\[0\].pe/_2753_,VPWR,li1,106.0300,242.0800,1.599441
g_row\[0\].g_col\[0\].pe/_2752_,VPWR,li1,113.8500,242.0800,1.599424
g_row\[0\].g_col\[0\].pe/_2751_,VPWR,li1,130.8700,242.0800,1.599417
g_row\[0\].g_col\[0\].pe/_2750_,VPWR,li1,117.5300,247.5200,1.599504
g_row\[0\].g_col\[0\].pe/_2749_,VPWR,li1,134.5500,252.9600,1.599465
g_row\[0\].g_col\[0\].pe/_2748_,VPWR,li1,115.2300,263.8400,1.599590
g_row\[0\].g_col\[0\].pe/_2747_,VPWR,li1,115.2300,263.8400,1.599590
g_row\[0\].g_col\[0\].pe/_2746_,VPWR,li1,117.5300,258.4000,1.599476
g_row\[0\].g_col\[0\].pe/_2745_,VPWR,li1,117.5300,252.9600,1.599440
g_row\[0\].g_col\[0\].pe/_2744_,VPWR,li1,122.5900,247.5200,1.599504
g_row\[0\].g_col\[0\].pe/_2743_,VPWR,li1,119.8300,236.6400,1.599642
g_row\[0\].g_col\[0\].pe/_2742_,VPWR,li1,136.8500,231.2000,1.599723
g_row\[0\].g_col\[0\].pe/_2741_,VPWR,li1,134.5500,236.6400,1.599644
g_row\[0\].g_col\[0\].pe/_2740_,VPWR,li1,156.1700,236.6400,1.599683
g_row\[0\].g_col\[0\].pe/_2739_,VPWR,li1,160.3100,242.0800,1.599565
g_row\[0\].g_col\[0\].pe/_2738_,VPWR,li1,161.6900,231.2000,1.599768
g_row\[0\].g_col\[0\].pe/_2737_,VPWR,li1,148.3500,214.8800,1.599732
g_row\[0\].g_col\[0\].pe/_2736_,VPWR,li1,158.9300,214.8800,1.599753
g_row\[0\].g_col\[0\].pe/_2735_,VPWR,li1,140.9900,220.3200,1.599724
g_row\[0\].g_col\[0\].pe/_2734_,VPWR,li1,155.7100,220.3200,1.599744
g_row\[0\].g_col\[0\].pe/_2733_,VPWR,li1,138.6900,220.3200,1.599721
g_row\[0\].g_col\[0\].pe/_2732_,VPWR,li1,143.2900,214.8800,1.599724
g_row\[0\].g_col\[0\].pe/_2731_,VPWR,li1,148.8100,209.4400,1.599810
g_row\[0\].g_col\[0\].pe/_2730_,VPWR,li1,63.7100,204.0000,1.599780
g_row\[0\].g_col\[0\].pe/_2729_,VPWR,li1,56.8100,187.6800,1.599819
g_row\[0\].g_col\[0\].pe/_2728_,VPWR,li1,146.0500,198.5600,1.599811
g_row\[0\].g_col\[0\].pe/_2727_,VPWR,li1,60.9500,182.2400,1.599865
g_row\[0\].g_col\[0\].pe/_2726_,VPWR,li1,141.4500,182.2400,1.599824
g_row\[0\].g_col\[0\].pe/_2725_,VPWR,li1,129.4900,182.2400,1.599816
g_row\[0\].g_col\[0\].pe/_2724_,VPWR,li1,107.4100,182.2400,1.599815
g_row\[0\].g_col\[0\].pe/_2723_,VPWR,li1,117.5300,176.8000,1.599757
g_row\[0\].g_col\[0\].pe/_2722_,VPWR,li1,143.2900,225.7600,1.599704
g_row\[0\].g_col\[0\].pe/_2721_,VPWR,li1,179.6300,209.4400,1.599824
g_row\[0\].g_col\[0\].pe/_2720_,VPWR,li1,177.3300,214.8800,1.599789
g_row\[0\].g_col\[0\].pe/_2719_,VPWR,li1,193.8900,214.8800,1.599712
g_row\[0\].g_col\[0\].pe/_2718_,VPWR,li1,207.2300,220.3200,1.599721
g_row\[0\].g_col\[0\].pe/_2717_,VPWR,li1,195.7300,225.7600,1.599677
g_row\[0\].g_col\[0\].pe/_2716_,VPWR,li1,181.9300,220.3200,1.599778
g_row\[0\].g_col\[0\].pe/_2715_,VPWR,li1,203.0900,220.3200,1.599725
g_row\[0\].g_col\[0\].pe/_2714_,VPWR,li1,178.2500,214.8800,1.599789
g_row\[0\].g_col\[0\].pe/_2713_,VPWR,li1,181.9300,198.5600,1.599842
g_row\[0\].g_col\[0\].pe/_2712_,VPWR,li1,191.1300,204.0000,1.599743
g_row\[0\].g_col\[0\].pe/_2711_,VPWR,li1,185.1500,204.0000,1.599764
g_row\[0\].g_col\[0\].pe/_2710_,VPWR,li1,192.5100,198.5600,1.599813
g_row\[0\].g_col\[0\].pe/_2709_,VPWR,li1,183.7700,187.6800,1.599852
g_row\[0\].g_col\[0\].pe/_2708_,VPWR,li1,190.2100,182.2400,1.599845
g_row\[0\].g_col\[0\].pe/_2707_,VPWR,li1,184.6900,198.5600,1.599834
g_row\[0\].g_col\[0\].pe/_2706_,VPWR,li1,188.3700,182.2400,1.599849
g_row\[0\].g_col\[0\].pe/_2705_,VPWR,li1,53.1300,160.4800,1.599762
g_row\[0\].g_col\[0\].pe/_2704_,VPWR,li1,53.1300,171.3600,1.599667
g_row\[0\].g_col\[0\].pe/_2703_,VPWR,li1,53.1300,165.9200,1.599822
g_row\[0\].g_col\[0\].pe/_2702_,VPWR,li1,46.2300,160.4800,1.599777
g_row\[0\].g_col\[0\].pe/_2701_,VPWR,li1,40.2500,171.3600,1.599697
g_row\[0\].g_col\[0\].pe/_2700_,VPWR,li1,31.5100,176.8000,1.599884
g_row\[0\].g_col\[0\].pe/_2699_,VPWR,li1,22.7700,176.8000,1.599906
g_row\[0\].g_col\[0\].pe/_2698_,VPWR,li1,63.2500,171.3600,1.599668
g_row\[0\].g_col\[0\].pe/_2697_,VPWR,li1,30.1300,171.3600,1.599747
g_row\[0\].g_col\[0\].pe/_2696_,VPWR,li1,10.8100,176.8000,1.599908
g_row\[0\].g_col\[0\].pe/_2695_,VPWR,li1,31.5100,165.9200,1.599865
g_row\[0\].g_col\[0\].pe/_2694_,VPWR,li1,59.5700,165.9200,1.599814
g_row\[0\].g_col\[0\].pe/_2693_,VPWR,li1,53.1300,155.0400,1.599835
g_row\[0\].g_col\[0\].pe/_2692_,VPWR,li1,63.7100,160.4800,1.599748
g_row\[0\].g_col\[0\].pe/_2691_,VPWR,li1,64.1700,155.0400,1.599826
g_row\[0\].g_col\[0\].pe/_2690_,VPWR,li1,112.9300,171.3600,1.599724
g_row\[0\].g_col\[0\].pe/_2689_,VPWR,li1,109.9400,176.8000,1.599763
g_row\[0\].g_col\[0\].pe/_2688_,VPWR,li1,126.0400,214.8800,1.599712
g_row\[0\].g_col\[0\].pe/_2687_,VPWR,li1,143.5200,182.2400,1.599826
g_row\[0\].g_col\[0\].pe/_2686_,VPWR,li1,145.1300,176.8000,1.599792
g_row\[0\].g_col\[0\].pe/_2685_,VPWR,li1,130.6400,182.2400,1.599816
g_row\[0\].g_col\[0\].pe/_2684_,VPWR,li1,127.1900,176.8000,1.599767
g_row\[0\].g_col\[0\].pe/_2683_,VPWR,li1,114.5400,182.2400,1.599815
g_row\[0\].g_col\[0\].pe/_2682_,VPWR,li1,110.1700,176.8000,1.599763
g_row\[0\].g_col\[0\].pe/_2681_,VPWR,li1,119.1400,182.2400,1.599815
g_row\[0\].g_col\[0\].pe/_2680_,VPWR,li1,117.9900,171.3600,1.599735
g_row\[0\].g_col\[0\].pe/_2679_,VPWR,li1,146.7400,220.3200,1.599731
g_row\[0\].g_col\[0\].pe/_2678_,VPWR,li1,149.7300,225.7600,1.599707
g_row\[0\].g_col\[0\].pe/_2677_,VPWR,li1,175.2600,204.0000,1.599790
g_row\[0\].g_col\[0\].pe/_2676_,VPWR,li1,171.8100,209.4400,1.599839
g_row\[0\].g_col\[0\].pe/_2675_,VPWR,li1,170.2000,220.3200,1.599786
g_row\[0\].g_col\[0\].pe/_2674_,VPWR,li1,168.1300,220.3200,1.599777
g_row\[0\].g_col\[0\].pe/_2673_,VPWR,li1,164.9100,220.3200,1.599769
g_row\[0\].g_col\[0\].pe/_2672_,VPWR,li1,164.9100,214.8800,1.599768
g_row\[0\].g_col\[0\].pe/_2671_,VPWR,li1,165.3700,220.3200,1.599769
g_row\[0\].g_col\[0\].pe/_2670_,VPWR,li1,171.1200,214.8800,1.599786
g_row\[0\].g_col\[0\].pe/_2669_,VPWR,li1,182.3900,214.8800,1.599763
g_row\[0\].g_col\[0\].pe/_2668_,VPWR,li1,188.1400,214.8800,1.599741
g_row\[0\].g_col\[0\].pe/_2667_,VPWR,li1,189.7500,209.4400,1.599782
g_row\[0\].g_col\[0\].pe/_2666_,VPWR,li1,195.0400,225.7600,1.599677
g_row\[0\].g_col\[0\].pe/_2665_,VPWR,li1,197.5700,220.3200,1.599732
g_row\[0\].g_col\[0\].pe/_2664_,VPWR,li1,190.9000,225.7600,1.599696
g_row\[0\].g_col\[0\].pe/_2663_,VPWR,li1,185.1500,225.7600,1.599729
g_row\[0\].g_col\[0\].pe/_2662_,VPWR,li1,176.1800,220.3200,1.599802
g_row\[0\].g_col\[0\].pe/_2661_,VPWR,li1,182.8500,220.3200,1.599778
g_row\[0\].g_col\[0\].pe/_2660_,VPWR,li1,194.5800,220.3200,1.599740
g_row\[0\].g_col\[0\].pe/_2659_,VPWR,li1,191.5900,220.3200,1.599749
g_row\[0\].g_col\[0\].pe/_2658_,VPWR,li1,172.5000,214.8800,1.599786
g_row\[0\].g_col\[0\].pe/_2657_,VPWR,li1,183.3100,214.8800,1.599763
g_row\[0\].g_col\[0\].pe/_2656_,VPWR,li1,181.2400,204.0000,1.599771
g_row\[0\].g_col\[0\].pe/_2655_,VPWR,li1,176.8700,198.5600,1.599863
g_row\[0\].g_col\[0\].pe/_2654_,VPWR,li1,185.3800,209.4400,1.599804
g_row\[0\].g_col\[0\].pe/_2653_,VPWR,li1,190.6700,204.0000,1.599748
g_row\[0\].g_col\[0\].pe/_2652_,VPWR,li1,179.4000,204.0000,1.599777
g_row\[0\].g_col\[0\].pe/_2651_,VPWR,li1,174.5700,198.5600,1.599858
g_row\[0\].g_col\[0\].pe/_2650_,VPWR,li1,183.5400,193.1200,1.599806
g_row\[0\].g_col\[0\].pe/_2649_,VPWR,li1,189.7500,193.1200,1.599798
g_row\[0\].g_col\[0\].pe/_2648_,VPWR,li1,179.8600,187.6800,1.599863
g_row\[0\].g_col\[0\].pe/_2647_,VPWR,li1,188.3700,187.6800,1.599841
g_row\[0\].g_col\[0\].pe/_2646_,VPWR,li1,182.6200,182.2400,1.599863
g_row\[0\].g_col\[0\].pe/_2645_,VPWR,li1,192.5100,187.6800,1.599831
g_row\[0\].g_col\[0\].pe/_2644_,VPWR,li1,179.8600,193.1200,1.599811
g_row\[0\].g_col\[0\].pe/_2643_,VPWR,li1,187.4500,193.1200,1.599801
g_row\[0\].g_col\[0\].pe/_2642_,VPWR,li1,183.5400,182.2400,1.599863
g_row\[0\].g_col\[0\].pe/_2641_,VPWR,li1,191.5900,176.8000,1.599779
g_row\[0\].g_col\[0\].pe/_2640_,VPWR,li1,42.3200,160.4800,1.599786
g_row\[0\].g_col\[0\].pe/_2639_,VPWR,li1,51.2900,155.0400,1.599837
g_row\[0\].g_col\[0\].pe/_2638_,VPWR,li1,41.4000,155.0400,1.599851
g_row\[0\].g_col\[0\].pe/_2637_,VPWR,li1,29.6700,155.0400,1.599871
g_row\[0\].g_col\[0\].pe/_2636_,VPWR,li1,46.2300,155.0400,1.599843
g_row\[0\].g_col\[0\].pe/_2635_,VPWR,li1,33.3500,165.9200,1.599859
g_row\[0\].g_col\[0\].pe/_2634_,VPWR,li1,37.0300,176.8000,1.599869
g_row\[0\].g_col\[0\].pe/_2633_,VPWR,li1,47.3800,165.9200,1.599833
g_row\[0\].g_col\[0\].pe/_2632_,VPWR,li1,46.6900,176.8000,1.599852
g_row\[0\].g_col\[0\].pe/_2631_,VPWR,li1,47.3800,160.4800,1.599777
g_row\[0\].g_col\[0\].pe/_2630_,VPWR,li1,47.1500,165.9200,1.599833
g_row\[0\].g_col\[0\].pe/_2628_,VPWR,li1,40.0200,165.9200,1.599847
g_row\[0\].g_col\[0\].pe/_2627_,VPWR,li1,37.0300,165.9200,1.599855
g_row\[0\].g_col\[0\].pe/_2626_,VPWR,li1,36.8000,165.9200,1.599855
g_row\[0\].g_col\[0\].pe/_2625_,VPWR,li1,33.3500,171.3600,1.599737
g_row\[0\].g_col\[0\].pe/_2624_,VPWR,li1,28.0600,165.9200,1.599873
g_row\[0\].g_col\[0\].pe/_2623_,VPWR,li1,25.0700,171.3600,1.599777
g_row\[0\].g_col\[0\].pe/_2622_,VPWR,li1,20.7000,171.3600,1.599810
g_row\[0\].g_col\[0\].pe/_2621_,VPWR,li1,17.2500,171.3600,1.599808
g_row\[0\].g_col\[0\].pe/_2619_,VPWR,li1,63.0200,171.3600,1.599668
g_row\[0\].g_col\[0\].pe/_2618_,VPWR,li1,58.6500,165.9200,1.599817
g_row\[0\].g_col\[0\].pe/_2617_,VPWR,li1,24.8400,165.9200,1.599879
g_row\[0\].g_col\[0\].pe/_2616_,VPWR,li1,17.2500,165.9200,1.599879
g_row\[0\].g_col\[0\].pe/_2615_,VPWR,li1,16.5600,176.8000,1.599911
g_row\[0\].g_col\[0\].pe/_2614_,VPWR,li1,12.6500,176.8000,1.599909
g_row\[0\].g_col\[0\].pe/_2613_,VPWR,li1,25.3000,160.4800,1.599852
g_row\[0\].g_col\[0\].pe/_2612_,VPWR,li1,25.0700,165.9200,1.599879
g_row\[0\].g_col\[0\].pe/_2611_,VPWR,li1,28.9800,160.4800,1.599840
g_row\[0\].g_col\[0\].pe/_2610_,VPWR,li1,21.8500,165.9200,1.599886
g_row\[0\].g_col\[0\].pe/_2608_,VPWR,li1,47.3800,155.0400,1.599843
g_row\[0\].g_col\[0\].pe/_2607_,VPWR,li1,48.9900,155.0400,1.599840
g_row\[0\].g_col\[0\].pe/_2606_,VPWR,li1,55.2000,155.0400,1.599833
g_row\[0\].g_col\[0\].pe/_2605_,VPWR,li1,67.8500,160.4800,1.599751
g_row\[0\].g_col\[0\].pe/_2604_,VPWR,li1,59.8000,155.0400,1.599830
g_row\[0\].g_col\[0\].pe/_2603_,VPWR,li1,66.0100,155.0400,1.599826
g_row\[0\].g_col\[0\].pe/_2600_,VPWR,li1,104.4200,176.8000,1.599767
g_row\[0\].g_col\[0\].pe/_2599_,VPWR,li1,113.3900,176.8000,1.599761
g_row\[0\].g_col\[0\].pe/_2595_,VPWR,li1,166.9800,242.0800,1.599615
g_row\[0\].g_col\[0\].pe/_2594_,VPWR,li1,171.3500,236.6400,1.599728
g_row\[0\].g_col\[0\].pe/_2592_,VPWR,li1,256.2200,236.6400,1.599444
g_row\[0\].g_col\[0\].pe/_2591_,VPWR,li1,252.0800,242.0800,1.599393
g_row\[0\].g_col\[0\].pe/_2590_,VPWR,li1,251.3900,236.6400,1.599441
g_row\[0\].g_col\[0\].pe/_2588_,VPWR,li1,256.6800,247.5200,1.599519
g_row\[0\].g_col\[0\].pe/_2587_,VPWR,li1,253.9200,247.5200,1.599517
g_row\[0\].g_col\[0\].pe/_2586_,VPWR,li1,248.8600,247.5200,1.599512
g_row\[0\].g_col\[0\].pe/_2585_,VPWR,li1,246.1000,242.0800,1.599399
g_row\[0\].g_col\[0\].pe/_2584_,VPWR,li1,246.3300,247.5200,1.599511
g_row\[0\].g_col\[0\].pe/_2582_,VPWR,li1,239.2000,263.8400,1.599736
g_row\[0\].g_col\[0\].pe/_2581_,VPWR,li1,235.5200,258.4000,1.599642
g_row\[0\].g_col\[0\].pe/_2580_,VPWR,li1,234.8300,252.9600,1.599499
g_row\[0\].g_col\[0\].pe/_2579_,VPWR,li1,235.5200,247.5200,1.599509
g_row\[0\].g_col\[0\].pe/_2577_,VPWR,li1,256.2200,252.9600,1.599487
g_row\[0\].g_col\[0\].pe/_2576_,VPWR,li1,253.4600,252.9600,1.599486
g_row\[0\].g_col\[0\].pe/_2575_,VPWR,li1,249.0900,252.9600,1.599484
g_row\[0\].g_col\[0\].pe/_2573_,VPWR,li1,258.9800,252.9600,1.599489
g_row\[0\].g_col\[0\].pe/_2572_,VPWR,li1,254.3800,258.4000,1.599642
g_row\[0\].g_col\[0\].pe/_2571_,VPWR,li1,252.3100,252.9600,1.599485
g_row\[0\].g_col\[0\].pe/_2569_,VPWR,li1,251.1600,258.4000,1.599640
g_row\[0\].g_col\[0\].pe/_2568_,VPWR,li1,254.3800,258.4000,1.599642
g_row\[0\].g_col\[0\].pe/_2567_,VPWR,li1,249.0900,258.4000,1.599639
g_row\[0\].g_col\[0\].pe/_2565_,VPWR,li1,219.4200,252.9600,1.599538
g_row\[0\].g_col\[0\].pe/_2564_,VPWR,li1,222.6400,252.9600,1.599526
g_row\[0\].g_col\[0\].pe/_2563_,VPWR,li1,221.0300,258.4000,1.599657
g_row\[0\].g_col\[0\].pe/_2561_,VPWR,li1,223.7900,247.5200,1.599523
g_row\[0\].g_col\[0\].pe/_2560_,VPWR,li1,222.1800,247.5200,1.599523
g_row\[0\].g_col\[0\].pe/_2559_,VPWR,li1,219.1900,247.5200,1.599527
g_row\[0\].g_col\[0\].pe/_2558_,VPWR,li1,214.1300,247.5200,1.599536
g_row\[0\].g_col\[0\].pe/_2557_,VPWR,li1,213.6700,242.0800,1.599475
g_row\[0\].g_col\[0\].pe/_2555_,VPWR,li1,213.4400,231.2000,1.599695
g_row\[0\].g_col\[0\].pe/_2554_,VPWR,li1,216.6600,231.2000,1.599688
g_row\[0\].g_col\[0\].pe/_2553_,VPWR,li1,214.5900,236.6400,1.599495
g_row\[0\].g_col\[0\].pe/_2552_,VPWR,li1,213.2100,242.0800,1.599475
g_row\[0\].g_col\[0\].pe/_2551_,VPWR,li1,213.9000,236.6400,1.599495
g_row\[0\].g_col\[0\].pe/_2549_,VPWR,li1,203.7800,225.7600,1.599646
g_row\[0\].g_col\[0\].pe/_2548_,VPWR,li1,204.7000,231.2000,1.599711
g_row\[0\].g_col\[0\].pe/_2547_,VPWR,li1,205.3900,236.6400,1.599531
g_row\[0\].g_col\[0\].pe/_2546_,VPWR,li1,207.6900,231.2000,1.599705
g_row\[0\].g_col\[0\].pe/_2545_,VPWR,li1,208.1500,236.6400,1.599518
g_row\[0\].g_col\[0\].pe/_2544_,VPWR,li1,200.7900,236.6400,1.599555
g_row\[0\].g_col\[0\].pe/_2542_,VPWR,li1,187.6800,225.7600,1.599718
g_row\[0\].g_col\[0\].pe/_2541_,VPWR,li1,189.9800,231.2000,1.599749
g_row\[0\].g_col\[0\].pe/_2540_,VPWR,li1,189.2900,236.6400,1.599631
g_row\[0\].g_col\[0\].pe/_2539_,VPWR,li1,192.5100,236.6400,1.599607
g_row\[0\].g_col\[0\].pe/_2538_,VPWR,li1,194.5800,236.6400,1.599591
g_row\[0\].g_col\[0\].pe/_2536_,VPWR,li1,177.1000,247.5200,1.599680
g_row\[0\].g_col\[0\].pe/_2535_,VPWR,li1,188.1400,247.5200,1.599622
g_row\[0\].g_col\[0\].pe/_2534_,VPWR,li1,181.7000,242.0800,1.599627
g_row\[0\].g_col\[0\].pe/_2533_,VPWR,li1,178.9400,242.0800,1.599645
g_row\[0\].g_col\[0\].pe/_2532_,VPWR,li1,181.0100,236.6400,1.599690
g_row\[0\].g_col\[0\].pe/_2531_,VPWR,li1,196.1900,247.5200,1.599592
g_row\[0\].g_col\[0\].pe/_2529_,VPWR,li1,194.1200,252.9600,1.599627
g_row\[0\].g_col\[0\].pe/_2528_,VPWR,li1,190.9000,252.9600,1.599645
g_row\[0\].g_col\[0\].pe/_2527_,VPWR,li1,197.1100,252.9600,1.599619
g_row\[0\].g_col\[0\].pe/_2526_,VPWR,li1,198.4900,247.5200,1.599583
g_row\[0\].g_col\[0\].pe/_2525_,VPWR,li1,200.3300,252.9600,1.599604
g_row\[0\].g_col\[0\].pe/_2522_,VPWR,li1,171.5800,252.9600,1.599683
g_row\[0\].g_col\[0\].pe/_2521_,VPWR,li1,175.2600,252.9600,1.599711
g_row\[0\].g_col\[0\].pe/_2520_,VPWR,li1,170.8900,247.5200,1.599662
g_row\[0\].g_col\[0\].pe/_2519_,VPWR,li1,169.0500,252.9600,1.599660
g_row\[0\].g_col\[0\].pe/_2517_,VPWR,li1,176.1800,236.6400,1.599727
g_row\[0\].g_col\[0\].pe/_2516_,VPWR,li1,233.4500,242.0800,1.599420
g_row\[0\].g_col\[0\].pe/_2514_,VPWR,li1,161.2300,252.9600,1.599598
g_row\[0\].g_col\[0\].pe/_2513_,VPWR,li1,166.2900,252.9600,1.599639
g_row\[0\].g_col\[0\].pe/_2512_,VPWR,li1,169.5100,247.5200,1.599662
g_row\[0\].g_col\[0\].pe/_2510_,VPWR,li1,236.6700,242.0800,1.599414
g_row\[0\].g_col\[0\].pe/_2509_,VPWR,li1,236.2100,236.6400,1.599445
g_row\[0\].g_col\[0\].pe/_2508_,VPWR,li1,246.3300,236.6400,1.599439
g_row\[0\].g_col\[0\].pe/_2507_,VPWR,li1,246.3300,247.5200,1.599511
g_row\[0\].g_col\[0\].pe/_2506_,VPWR,li1,245.4100,252.9600,1.599487
g_row\[0\].g_col\[0\].pe/_2505_,VPWR,li1,215.9700,252.9600,1.599543
g_row\[0\].g_col\[0\].pe/_2504_,VPWR,li1,211.8300,252.9600,1.599562
g_row\[0\].g_col\[0\].pe/_2503_,VPWR,li1,235.0600,242.0800,1.599414
g_row\[0\].g_col\[0\].pe/_2502_,VPWR,li1,209.7600,242.0800,1.599494
g_row\[0\].g_col\[0\].pe/_2501_,VPWR,li1,197.8000,242.0800,1.599546
g_row\[0\].g_col\[0\].pe/_2500_,VPWR,li1,194.8100,242.0800,1.599558
g_row\[0\].g_col\[0\].pe/_2499_,VPWR,li1,174.5700,247.5200,1.599693
g_row\[0\].g_col\[0\].pe/_2498_,VPWR,li1,163.5300,252.9600,1.599618
g_row\[0\].g_col\[0\].pe/_2497_,VPWR,li1,209.0700,236.6400,1.599518
g_row\[0\].g_col\[0\].pe/_2496_,VPWR,li1,213.2100,247.5200,1.599541
g_row\[0\].g_col\[0\].pe/_2495_,VPWR,li1,206.7700,258.4000,1.599683
g_row\[0\].g_col\[0\].pe/_2494_,VPWR,li1,242.6500,242.0800,1.599401
g_row\[0\].g_col\[0\].pe/_2493_,VPWR,li1,221.7200,236.6400,1.599470
g_row\[0\].g_col\[0\].pe/_2492_,VPWR,li1,247.0200,252.9600,1.599485
g_row\[0\].g_col\[0\].pe/_2491_,VPWR,li1,246.5600,258.4000,1.599638
g_row\[0\].g_col\[0\].pe/_2490_,VPWR,li1,249.5500,252.9600,1.599484
g_row\[0\].g_col\[0\].pe/_2489_,VPWR,li1,243.8000,252.9600,1.599487
g_row\[0\].g_col\[0\].pe/_2488_,VPWR,li1,243.8000,247.5200,1.599509
g_row\[0\].g_col\[0\].pe/_2487_,VPWR,li1,241.0400,247.5200,1.599508
g_row\[0\].g_col\[0\].pe/_2486_,VPWR,li1,238.9700,236.6400,1.599443
g_row\[0\].g_col\[0\].pe/_2485_,VPWR,li1,226.7800,231.2000,1.599671
g_row\[0\].g_col\[0\].pe/_2484_,VPWR,li1,225.6300,247.5200,1.599520
g_row\[0\].g_col\[0\].pe/_2483_,VPWR,li1,241.7300,236.6400,1.599442
g_row\[0\].g_col\[0\].pe/_2482_,VPWR,li1,242.6500,242.0800,1.599401
g_row\[0\].g_col\[0\].pe/_2481_,VPWR,li1,242.1900,247.5200,1.599509
g_row\[0\].g_col\[0\].pe/_2480_,VPWR,li1,232.0700,247.5200,1.599511
g_row\[0\].g_col\[0\].pe/_2479_,VPWR,li1,235.7500,252.9600,1.599499
g_row\[0\].g_col\[0\].pe/_2478_,VPWR,li1,231.6100,247.5200,1.599511
g_row\[0\].g_col\[0\].pe/_2477_,VPWR,li1,239.4300,252.9600,1.599494
g_row\[0\].g_col\[0\].pe/_2476_,VPWR,li1,231.1500,252.9600,1.599506
g_row\[0\].g_col\[0\].pe/_2475_,VPWR,li1,243.1100,258.4000,1.599637
g_row\[0\].g_col\[0\].pe/_2474_,VPWR,li1,232.5300,258.4000,1.599645
g_row\[0\].g_col\[0\].pe/_2473_,VPWR,li1,239.4300,258.4000,1.599639
g_row\[0\].g_col\[0\].pe/_2472_,VPWR,li1,244.0300,258.4000,1.599637
g_row\[0\].g_col\[0\].pe/_2471_,VPWR,li1,210.2200,247.5200,1.599547
g_row\[0\].g_col\[0\].pe/_2470_,VPWR,li1,209.0700,247.5200,1.599547
g_row\[0\].g_col\[0\].pe/_2469_,VPWR,li1,208.6100,252.9600,1.599571
g_row\[0\].g_col\[0\].pe/_2468_,VPWR,li1,197.1100,236.6400,1.599578
g_row\[0\].g_col\[0\].pe/_2467_,VPWR,li1,205.8500,242.0800,1.599504
g_row\[0\].g_col\[0\].pe/_2466_,VPWR,li1,188.8300,225.7600,1.599705
g_row\[0\].g_col\[0\].pe/_2465_,VPWR,li1,194.1200,242.0800,1.599558
g_row\[0\].g_col\[0\].pe/_2464_,VPWR,li1,187.6800,242.0800,1.599602
g_row\[0\].g_col\[0\].pe/_2463_,VPWR,li1,174.1100,247.5200,1.599693
g_row\[0\].g_col\[0\].pe/_2462_,VPWR,li1,180.0900,252.9600,1.599688
g_row\[0\].g_col\[0\].pe/_2461_,VPWR,li1,175.9500,252.9600,1.599711
g_row\[0\].g_col\[0\].pe/_2460_,VPWR,li1,163.5300,247.5200,1.599621
g_row\[0\].g_col\[0\].pe/_2459_,VPWR,li1,158.4700,252.9600,1.599585
g_row\[0\].g_col\[0\].pe/_2458_,VPWR,li1,195.7300,247.5200,1.599592
g_row\[0\].g_col\[0\].pe/_2457_,VPWR,li1,189.7500,247.5200,1.599622
g_row\[0\].g_col\[0\].pe/_2456_,VPWR,li1,192.9700,247.5200,1.599604
g_row\[0\].g_col\[0\].pe/_2455_,VPWR,li1,153.4100,242.0800,1.599511
g_row\[0\].g_col\[0\].pe/_2454_,VPWR,li1,184.6900,242.0800,1.599616
g_row\[0\].g_col\[0\].pe/_2453_,VPWR,li1,144.2100,236.6400,1.599657
g_row\[0\].g_col\[0\].pe/_2452_,VPWR,li1,188.8300,236.6400,1.599631
g_row\[0\].g_col\[0\].pe/_2451_,VPWR,li1,144.6700,236.6400,1.599657
g_row\[0\].g_col\[0\].pe/_2450_,VPWR,li1,145.5900,242.0800,1.599459
g_row\[0\].g_col\[0\].pe/_2449_,VPWR,li1,149.2700,236.6400,1.599668
g_row\[0\].g_col\[0\].pe/_2448_,VPWR,li1,133.6300,247.5200,1.599512
g_row\[0\].g_col\[0\].pe/_2447_,VPWR,li1,210.9100,236.6400,1.599510
g_row\[0\].g_col\[0\].pe/_2446_,VPWR,li1,206.3100,236.6400,1.599531
g_row\[0\].g_col\[0\].pe/_2445_,VPWR,li1,129.0300,236.6400,1.599641
g_row\[0\].g_col\[0\].pe/_2444_,VPWR,li1,206.7700,242.0800,1.599504
g_row\[0\].g_col\[0\].pe/_2443_,VPWR,li1,205.3900,247.5200,1.599563
g_row\[0\].g_col\[0\].pe/_2442_,VPWR,li1,207.2300,247.5200,1.599553
g_row\[0\].g_col\[0\].pe/_2441_,VPWR,li1,129.9500,247.5200,1.599507
g_row\[0\].g_col\[0\].pe/_2440_,VPWR,li1,207.6900,252.9600,1.599571
g_row\[0\].g_col\[0\].pe/_2439_,VPWR,li1,129.0300,252.9600,1.599453
g_row\[0\].g_col\[0\].pe/_2438_,VPWR,li1,208.6100,258.4000,1.599677
g_row\[0\].g_col\[0\].pe/_2437_,VPWR,li1,213.2100,258.4000,1.599669
g_row\[0\].g_col\[0\].pe/_2436_,VPWR,li1,127.6500,258.4000,1.599491
g_row\[0\].g_col\[0\].pe/_2435_,VPWR,li1,243.5700,263.8400,1.599730
g_row\[0\].g_col\[0\].pe/_2434_,VPWR,li1,125.8100,263.8400,1.599614
g_row\[0\].g_col\[0\].pe/_2433_,VPWR,li1,228.3900,252.9600,1.599512
g_row\[0\].g_col\[0\].pe/_2432_,VPWR,li1,141.4500,252.9600,1.599486
g_row\[0\].g_col\[0\].pe/_2431_,VPWR,li1,231.6100,252.9600,1.599506
g_row\[0\].g_col\[0\].pe/_2430_,VPWR,li1,141.4500,252.9600,1.599486
g_row\[0\].g_col\[0\].pe/_2429_,VPWR,li1,142.3700,247.5200,1.599525
g_row\[0\].g_col\[0\].pe/_2428_,VPWR,li1,239.4300,247.5200,1.599508
g_row\[0\].g_col\[0\].pe/_2427_,VPWR,li1,239.4300,242.0800,1.599406
g_row\[0\].g_col\[0\].pe/_2426_,VPWR,li1,149.2700,247.5200,1.599550
g_row\[0\].g_col\[0\].pe/_2425_,VPWR,li1,247.7100,242.0800,1.599396
g_row\[0\].g_col\[0\].pe/_2424_,VPWR,li1,245.6400,236.6400,1.599439
g_row\[0\].g_col\[0\].pe/_2423_,VPWR,li1,245.4100,242.0800,1.599399
g_row\[0\].g_col\[0\].pe/_2422_,VPWR,li1,227.0100,236.6400,1.599455
g_row\[0\].g_col\[0\].pe/_2421_,VPWR,li1,142.8300,247.5200,1.599525
g_row\[0\].g_col\[0\].pe/_2420_,VPWR,li1,137.7700,247.5200,1.599516
g_row\[0\].g_col\[0\].pe/_2419_,VPWR,li1,136.8500,252.9600,1.599472
g_row\[0\].g_col\[0\].pe/_2418_,VPWR,li1,132.7100,258.4000,1.599506
g_row\[0\].g_col\[0\].pe/_2417_,VPWR,li1,112.0100,258.4000,1.599478
g_row\[0\].g_col\[0\].pe/_2416_,VPWR,li1,113.8500,258.4000,1.599477
g_row\[0\].g_col\[0\].pe/_2415_,VPWR,li1,117.0700,247.5200,1.599504
g_row\[0\].g_col\[0\].pe/_2414_,VPWR,li1,131.7900,242.0800,1.599417
g_row\[0\].g_col\[0\].pe/_2413_,VPWR,li1,124.8900,236.6400,1.599641
g_row\[0\].g_col\[0\].pe/_2412_,VPWR,li1,137.0800,236.6400,1.599648
g_row\[0\].g_col\[0\].pe/_2411_,VPWR,li1,158.2400,242.0800,1.599550
g_row\[0\].g_col\[0\].pe/_2410_,VPWR,li1,167.9000,247.5200,1.599643
g_row\[0\].g_col\[0\].pe/_2409_,VPWR,li1,169.5100,258.4000,1.599714
g_row\[0\].g_col\[0\].pe/_2408_,VPWR,li1,172.2700,247.5200,1.599680
g_row\[0\].g_col\[0\].pe/_2406_,VPWR,li1,177.7900,231.2000,1.599801
g_row\[0\].g_col\[0\].pe/_2405_,VPWR,li1,167.2100,231.2000,1.599784
g_row\[0\].g_col\[0\].pe/_2404_,VPWR,li1,170.6600,231.2000,1.599795
g_row\[0\].g_col\[0\].pe/_2403_,VPWR,li1,166.7500,247.5200,1.599643
g_row\[0\].g_col\[0\].pe/_2402_,VPWR,li1,141.9100,231.2000,1.599724
g_row\[0\].g_col\[0\].pe/_2401_,VPWR,li1,145.1300,231.2000,1.599730
g_row\[0\].g_col\[0\].pe/_2399_,VPWR,li1,151.5700,236.6400,1.599673
g_row\[0\].g_col\[0\].pe/_2398_,VPWR,li1,148.1200,225.7600,1.599706
g_row\[0\].g_col\[0\].pe/_2397_,VPWR,li1,145.5900,225.7600,1.599705
g_row\[0\].g_col\[0\].pe/_2396_,VPWR,li1,104.4200,236.6400,1.599657
g_row\[0\].g_col\[0\].pe/_2395_,VPWR,li1,105.3400,242.0800,1.599441
g_row\[0\].g_col\[0\].pe/_2394_,VPWR,li1,100.5100,242.0800,1.599456
g_row\[0\].g_col\[0\].pe/_2393_,VPWR,li1,97.7500,236.6400,1.599666
g_row\[0\].g_col\[0\].pe/_2392_,VPWR,li1,99.1300,236.6400,1.599666
g_row\[0\].g_col\[0\].pe/_2391_,VPWR,li1,95.9100,231.2000,1.599756
g_row\[0\].g_col\[0\].pe/_2390_,VPWR,li1,95.4500,225.7600,1.599737
g_row\[0\].g_col\[0\].pe/_2389_,VPWR,li1,89.9300,225.7600,1.599745
g_row\[0\].g_col\[0\].pe/_2388_,VPWR,li1,94.5300,231.2000,1.599756
g_row\[0\].g_col\[0\].pe/_2387_,VPWR,li1,90.3900,231.2000,1.599763
g_row\[0\].g_col\[0\].pe/_2386_,VPWR,li1,87.6300,231.2000,1.599767
g_row\[0\].g_col\[0\].pe/_2385_,VPWR,li1,92.2300,236.6400,1.599680
g_row\[0\].g_col\[0\].pe/_2384_,VPWR,li1,86.7100,242.0800,1.599503
g_row\[0\].g_col\[0\].pe/_2383_,VPWR,li1,100.0500,236.6400,1.599663
g_row\[0\].g_col\[0\].pe/_2381_,VPWR,li1,110.1700,247.5200,1.599511
g_row\[0\].g_col\[0\].pe/_2380_,VPWR,li1,100.0500,242.0800,1.599456
g_row\[0\].g_col\[0\].pe/_2379_,VPWR,li1,94.0700,242.0800,1.599475
g_row\[0\].g_col\[0\].pe/_2378_,VPWR,li1,97.7500,247.5200,1.599524
g_row\[0\].g_col\[0\].pe/_2377_,VPWR,li1,89.9300,247.5200,1.599543
g_row\[0\].g_col\[0\].pe/_2376_,VPWR,li1,90.1600,242.0800,1.599495
g_row\[0\].g_col\[0\].pe/_2375_,VPWR,li1,88.5500,242.0800,1.599495
g_row\[0\].g_col\[0\].pe/_2374_,VPWR,li1,90.8500,236.6400,1.599680
g_row\[0\].g_col\[0\].pe/_2373_,VPWR,li1,74.9800,231.2000,1.599790
g_row\[0\].g_col\[0\].pe/_2372_,VPWR,li1,88.0900,236.6400,1.599686
g_row\[0\].g_col\[0\].pe/_2371_,VPWR,li1,75.2100,225.7600,1.599776
g_row\[0\].g_col\[0\].pe/_2370_,VPWR,li1,84.6400,231.2000,1.599772
g_row\[0\].g_col\[0\].pe/_2369_,VPWR,li1,85.7900,231.2000,1.599772
g_row\[0\].g_col\[0\].pe/_2368_,VPWR,li1,82.1100,231.2000,1.599777
g_row\[0\].g_col\[0\].pe/_2367_,VPWR,li1,86.4800,225.7600,1.599752
g_row\[0\].g_col\[0\].pe/_2366_,VPWR,li1,87.6300,220.3200,1.599729
g_row\[0\].g_col\[0\].pe/_2365_,VPWR,li1,90.6200,220.3200,1.599724
g_row\[0\].g_col\[0\].pe/_2364_,VPWR,li1,87.1700,225.7600,1.599752
g_row\[0\].g_col\[0\].pe/_2363_,VPWR,li1,71.3000,225.7600,1.599785
g_row\[0\].g_col\[0\].pe/_2361_,VPWR,li1,129.4900,252.9600,1.599453
g_row\[0\].g_col\[0\].pe/_2360_,VPWR,li1,128.3400,242.0800,1.599415
g_row\[0\].g_col\[0\].pe/_2359_,VPWR,li1,94.9900,242.0800,1.599475
g_row\[0\].g_col\[0\].pe/_2358_,VPWR,li1,91.3100,247.5200,1.599538
g_row\[0\].g_col\[0\].pe/_2357_,VPWR,li1,81.6500,252.9600,1.599504
g_row\[0\].g_col\[0\].pe/_2356_,VPWR,li1,84.4100,247.5200,1.599556
g_row\[0\].g_col\[0\].pe/_2355_,VPWR,li1,79.3500,247.5200,1.599570
g_row\[0\].g_col\[0\].pe/_2354_,VPWR,li1,81.8800,247.5200,1.599563
g_row\[0\].g_col\[0\].pe/_2353_,VPWR,li1,80.2700,242.0800,1.599534
g_row\[0\].g_col\[0\].pe/_2352_,VPWR,li1,79.5800,242.0800,1.599534
g_row\[0\].g_col\[0\].pe/_2351_,VPWR,li1,76.5900,242.0800,1.599547
g_row\[0\].g_col\[0\].pe/_2350_,VPWR,li1,75.6700,236.6400,1.599719
g_row\[0\].g_col\[0\].pe/_2349_,VPWR,li1,74.2900,236.6400,1.599719
g_row\[0\].g_col\[0\].pe/_2348_,VPWR,li1,71.9900,231.2000,1.599797
g_row\[0\].g_col\[0\].pe/_2347_,VPWR,li1,75.6700,231.2000,1.599790
g_row\[0\].g_col\[0\].pe/_2346_,VPWR,li1,71.5300,231.2000,1.599797
g_row\[0\].g_col\[0\].pe/_2345_,VPWR,li1,78.4300,225.7600,1.599769
g_row\[0\].g_col\[0\].pe/_2344_,VPWR,li1,71.9900,225.7600,1.599785
g_row\[0\].g_col\[0\].pe/_2343_,VPWR,li1,76.1300,225.7600,1.599776
g_row\[0\].g_col\[0\].pe/_2342_,VPWR,li1,126.5000,220.3200,1.599714
g_row\[0\].g_col\[0\].pe/_2341_,VPWR,li1,122.1300,220.3200,1.599712
g_row\[0\].g_col\[0\].pe/_2340_,VPWR,li1,47.8400,225.7600,1.599843
g_row\[0\].g_col\[0\].pe/_2339_,VPWR,li1,60.0300,236.6400,1.599761
g_row\[0\].g_col\[0\].pe/_2338_,VPWR,li1,74.7500,242.0800,1.599559
g_row\[0\].g_col\[0\].pe/_2337_,VPWR,li1,71.7600,242.0800,1.599569
g_row\[0\].g_col\[0\].pe/_2336_,VPWR,li1,122.5900,242.0800,1.599413
g_row\[0\].g_col\[0\].pe/_2335_,VPWR,li1,110.1700,247.5200,1.599511
g_row\[0\].g_col\[0\].pe/_2334_,VPWR,li1,113.1600,247.5200,1.599507
g_row\[0\].g_col\[0\].pe/_2333_,VPWR,li1,93.3800,247.5200,1.599533
g_row\[0\].g_col\[0\].pe/_2332_,VPWR,li1,96.1400,247.5200,1.599528
g_row\[0\].g_col\[0\].pe/_2331_,VPWR,li1,97.9800,252.9600,1.599462
g_row\[0\].g_col\[0\].pe/_2330_,VPWR,li1,74.5200,252.9600,1.599528
g_row\[0\].g_col\[0\].pe/_2329_,VPWR,li1,86.2500,252.9600,1.599489
g_row\[0\].g_col\[0\].pe/_2328_,VPWR,li1,79.8100,247.5200,1.599570
g_row\[0\].g_col\[0\].pe/_2327_,VPWR,li1,74.9800,247.5200,1.599591
g_row\[0\].g_col\[0\].pe/_2326_,VPWR,li1,71.5300,247.5200,1.599603
g_row\[0\].g_col\[0\].pe/_2325_,VPWR,li1,73.3700,247.5200,1.599591
g_row\[0\].g_col\[0\].pe/_2324_,VPWR,li1,54.5100,242.0800,1.599660
g_row\[0\].g_col\[0\].pe/_2323_,VPWR,li1,70.1500,242.0800,1.599584
g_row\[0\].g_col\[0\].pe/_2322_,VPWR,li1,68.7700,242.0800,1.599584
g_row\[0\].g_col\[0\].pe/_2321_,VPWR,li1,69.4600,231.2000,1.599802
g_row\[0\].g_col\[0\].pe/_2320_,VPWR,li1,70.1500,236.6400,1.599734
g_row\[0\].g_col\[0\].pe/_2319_,VPWR,li1,65.0900,236.6400,1.599750
g_row\[0\].g_col\[0\].pe/_2318_,VPWR,li1,62.7900,231.2000,1.599816
g_row\[0\].g_col\[0\].pe/_2317_,VPWR,li1,65.0900,231.2000,1.599810
g_row\[0\].g_col\[0\].pe/_2316_,VPWR,li1,62.7900,231.2000,1.599816
g_row\[0\].g_col\[0\].pe/_2315_,VPWR,li1,64.8600,225.7600,1.599801
g_row\[0\].g_col\[0\].pe/_2314_,VPWR,li1,60.4900,225.7600,1.599812
g_row\[0\].g_col\[0\].pe/_2313_,VPWR,li1,55.2000,225.7600,1.599827
g_row\[0\].g_col\[0\].pe/_2312_,VPWR,li1,43.2400,225.7600,1.599855
g_row\[0\].g_col\[0\].pe/_2311_,VPWR,li1,61.8700,236.6400,1.599756
g_row\[0\].g_col\[0\].pe/_2310_,VPWR,li1,61.4100,242.0800,1.599621
g_row\[0\].g_col\[0\].pe/_2309_,VPWR,li1,62.7900,247.5200,1.599634
g_row\[0\].g_col\[0\].pe/_2308_,VPWR,li1,158.0100,258.4000,1.599631
g_row\[0\].g_col\[0\].pe/_2307_,VPWR,li1,123.5100,247.5200,1.599504
g_row\[0\].g_col\[0\].pe/_2306_,VPWR,li1,125.1200,242.0800,1.599413
g_row\[0\].g_col\[0\].pe/_2305_,VPWR,li1,102.8100,252.9600,1.599453
g_row\[0\].g_col\[0\].pe/_2304_,VPWR,li1,100.7400,247.5200,1.599521
g_row\[0\].g_col\[0\].pe/_2303_,VPWR,li1,89.4700,258.4000,1.599508
g_row\[0\].g_col\[0\].pe/_2302_,VPWR,li1,84.8700,263.8400,1.599568
g_row\[0\].g_col\[0\].pe/_2301_,VPWR,li1,105.3400,247.5200,1.599515
g_row\[0\].g_col\[0\].pe/_2300_,VPWR,li1,98.2100,252.9600,1.599462
g_row\[0\].g_col\[0\].pe/_2299_,VPWR,li1,94.0700,258.4000,1.599499
g_row\[0\].g_col\[0\].pe/_2298_,VPWR,li1,90.3900,263.8400,1.599567
g_row\[0\].g_col\[0\].pe/_2297_,VPWR,li1,76.1300,252.9600,1.599528
g_row\[0\].g_col\[0\].pe/_2296_,VPWR,li1,71.9900,252.9600,1.599539
g_row\[0\].g_col\[0\].pe/_2295_,VPWR,li1,68.3100,252.9600,1.599556
g_row\[0\].g_col\[0\].pe/_2294_,VPWR,li1,69.2300,247.5200,1.599612
g_row\[0\].g_col\[0\].pe/_2293_,VPWR,li1,68.0800,252.9600,1.599556
g_row\[0\].g_col\[0\].pe/_2292_,VPWR,li1,65.5500,252.9600,1.599567
g_row\[0\].g_col\[0\].pe/_2291_,VPWR,li1,66.7000,247.5200,1.599621
g_row\[0\].g_col\[0\].pe/_2290_,VPWR,li1,65.5500,247.5200,1.599621
g_row\[0\].g_col\[0\].pe/_2289_,VPWR,li1,48.9900,247.5200,1.599697
g_row\[0\].g_col\[0\].pe/_2288_,VPWR,li1,48.5300,242.0800,1.599691
g_row\[0\].g_col\[0\].pe/_2287_,VPWR,li1,62.3300,247.5200,1.599634
g_row\[0\].g_col\[0\].pe/_2286_,VPWR,li1,61.8700,242.0800,1.599621
g_row\[0\].g_col\[0\].pe/_2285_,VPWR,li1,54.0500,242.0800,1.599660
g_row\[0\].g_col\[0\].pe/_2284_,VPWR,li1,51.7500,242.0800,1.599673
g_row\[0\].g_col\[0\].pe/_2283_,VPWR,li1,53.3600,236.6400,1.599783
g_row\[0\].g_col\[0\].pe/_2282_,VPWR,li1,50.8300,236.6400,1.599791
g_row\[0\].g_col\[0\].pe/_2281_,VPWR,li1,51.2900,236.6400,1.599791
g_row\[0\].g_col\[0\].pe/_2280_,VPWR,li1,48.5300,231.2000,1.599850
g_row\[0\].g_col\[0\].pe/_2279_,VPWR,li1,43.7000,231.2000,1.599867
g_row\[0\].g_col\[0\].pe/_2278_,VPWR,li1,36.3400,231.2000,1.599884
g_row\[0\].g_col\[0\].pe/_2277_,VPWR,li1,42.7800,242.0800,1.599726
g_row\[0\].g_col\[0\].pe/_2276_,VPWR,li1,58.1900,242.0800,1.599638
g_row\[0\].g_col\[0\].pe/_2275_,VPWR,li1,63.0200,220.3200,1.599783
g_row\[0\].g_col\[0\].pe/_2274_,VPWR,li1,59.3400,220.3200,1.599790
g_row\[0\].g_col\[0\].pe/_2273_,VPWR,li1,54.9700,247.5200,1.599674
g_row\[0\].g_col\[0\].pe/_2272_,VPWR,li1,62.7900,252.9600,1.599580
g_row\[0\].g_col\[0\].pe/_2271_,VPWR,li1,55.4300,258.4000,1.599638
g_row\[0\].g_col\[0\].pe/_2270_,VPWR,li1,71.9900,252.9600,1.599539
g_row\[0\].g_col\[0\].pe/_2269_,VPWR,li1,122.5900,252.9600,1.599442
g_row\[0\].g_col\[0\].pe/_2268_,VPWR,li1,110.1700,263.8400,1.599581
g_row\[0\].g_col\[0\].pe/_2267_,VPWR,li1,99.1300,263.8400,1.599571
g_row\[0\].g_col\[0\].pe/_2266_,VPWR,li1,94.9900,263.8400,1.599568
g_row\[0\].g_col\[0\].pe/_2265_,VPWR,li1,94.9900,258.4000,1.599499
g_row\[0\].g_col\[0\].pe/_2264_,VPWR,li1,93.8400,263.8400,1.599568
g_row\[0\].g_col\[0\].pe/_2263_,VPWR,li1,85.3300,258.4000,1.599518
g_row\[0\].g_col\[0\].pe/_2262_,VPWR,li1,80.2700,263.8400,1.599570
g_row\[0\].g_col\[0\].pe/_2261_,VPWR,li1,78.8900,263.8400,1.599570
g_row\[0\].g_col\[0\].pe/_2260_,VPWR,li1,73.8300,258.4000,1.599555
g_row\[0\].g_col\[0\].pe/_2259_,VPWR,li1,55.4300,252.9600,1.599623
g_row\[0\].g_col\[0\].pe/_2258_,VPWR,li1,58.8800,252.9600,1.599608
g_row\[0\].g_col\[0\].pe/_2257_,VPWR,li1,63.2500,252.9600,1.599580
g_row\[0\].g_col\[0\].pe/_2256_,VPWR,li1,43.0100,247.5200,1.599728
g_row\[0\].g_col\[0\].pe/_2255_,VPWR,li1,58.1900,252.9600,1.599608
g_row\[0\].g_col\[0\].pe/_2254_,VPWR,li1,52.2100,252.9600,1.599636
g_row\[0\].g_col\[0\].pe/_2253_,VPWR,li1,46.2300,247.5200,1.599717
g_row\[0\].g_col\[0\].pe/_2252_,VPWR,li1,54.0500,247.5200,1.599674
g_row\[0\].g_col\[0\].pe/_2251_,VPWR,li1,55.6600,236.6400,1.599775
g_row\[0\].g_col\[0\].pe/_2250_,VPWR,li1,54.5100,231.2000,1.599835
g_row\[0\].g_col\[0\].pe/_2249_,VPWR,li1,58.6500,231.2000,1.599825
g_row\[0\].g_col\[0\].pe/_2248_,VPWR,li1,54.9700,231.2000,1.599835
g_row\[0\].g_col\[0\].pe/_2247_,VPWR,li1,59.8000,225.7600,1.599812
g_row\[0\].g_col\[0\].pe/_2246_,VPWR,li1,50.3700,247.5200,1.599697
g_row\[0\].g_col\[0\].pe/_2245_,VPWR,li1,48.0700,242.0800,1.599703
g_row\[0\].g_col\[0\].pe/_2244_,VPWR,li1,44.3900,236.6400,1.599813
g_row\[0\].g_col\[0\].pe/_2243_,VPWR,li1,41.1700,236.6400,1.599827
g_row\[0\].g_col\[0\].pe/_2242_,VPWR,li1,40.0200,231.2000,1.599873
g_row\[0\].g_col\[0\].pe/_2241_,VPWR,li1,35.8800,236.6400,1.599844
g_row\[0\].g_col\[0\].pe/_2240_,VPWR,li1,53.3600,214.8800,1.599820
g_row\[0\].g_col\[0\].pe/_2239_,VPWR,li1,38.8700,242.0800,1.599753
g_row\[0\].g_col\[0\].pe/_2238_,VPWR,li1,71.7600,263.8400,1.599576
g_row\[0\].g_col\[0\].pe/_2237_,VPWR,li1,110.1700,263.8400,1.599581
g_row\[0\].g_col\[0\].pe/_2236_,VPWR,li1,98.6700,258.4000,1.599492
g_row\[0\].g_col\[0\].pe/_2235_,VPWR,li1,102.8100,247.5200,1.599517
g_row\[0\].g_col\[0\].pe/_2234_,VPWR,li1,90.8500,263.8400,1.599567
g_row\[0\].g_col\[0\].pe/_2233_,VPWR,li1,90.6200,252.9600,1.599480
g_row\[0\].g_col\[0\].pe/_2232_,VPWR,li1,81.1900,258.4000,1.599530
g_row\[0\].g_col\[0\].pe/_2231_,VPWR,li1,66.4700,258.4000,1.599580
g_row\[0\].g_col\[0\].pe/_2230_,VPWR,li1,66.9300,263.8400,1.599582
g_row\[0\].g_col\[0\].pe/_2229_,VPWR,li1,62.5600,258.4000,1.599596
g_row\[0\].g_col\[0\].pe/_2228_,VPWR,li1,55.6600,263.8400,1.599618
g_row\[0\].g_col\[0\].pe/_2227_,VPWR,li1,54.9700,263.8400,1.599628
g_row\[0\].g_col\[0\].pe/_2226_,VPWR,li1,54.0500,258.4000,1.599638
g_row\[0\].g_col\[0\].pe/_2225_,VPWR,li1,31.0500,258.4000,1.599774
g_row\[0\].g_col\[0\].pe/_2224_,VPWR,li1,51.2900,258.4000,1.599660
g_row\[0\].g_col\[0\].pe/_2223_,VPWR,li1,41.6300,258.4000,1.599707
g_row\[0\].g_col\[0\].pe/_2222_,VPWR,li1,41.6300,252.9600,1.599699
g_row\[0\].g_col\[0\].pe/_2221_,VPWR,li1,48.9900,252.9600,1.599662
g_row\[0\].g_col\[0\].pe/_2220_,VPWR,li1,41.1700,252.9600,1.599712
g_row\[0\].g_col\[0\].pe/_2219_,VPWR,li1,37.9500,247.5200,1.599759
g_row\[0\].g_col\[0\].pe/_2218_,VPWR,li1,37.0300,247.5200,1.599759
g_row\[0\].g_col\[0\].pe/_2217_,VPWR,li1,34.7300,242.0800,1.599771
g_row\[0\].g_col\[0\].pe/_2216_,VPWR,li1,29.9000,236.6400,1.599867
g_row\[0\].g_col\[0\].pe/_2215_,VPWR,li1,31.2800,242.0800,1.599798
g_row\[0\].g_col\[0\].pe/_2214_,VPWR,li1,29.6700,225.7600,1.599894
g_row\[0\].g_col\[0\].pe/_2213_,VPWR,li1,33.8100,247.5200,1.599785
g_row\[0\].g_col\[0\].pe/_2212_,VPWR,li1,47.6100,252.9600,1.599662
g_row\[0\].g_col\[0\].pe/_2211_,VPWR,li1,40.7100,242.0800,1.599737
g_row\[0\].g_col\[0\].pe/_2210_,VPWR,li1,54.0500,214.8800,1.599820
g_row\[0\].g_col\[0\].pe/_2209_,VPWR,li1,53.1300,220.3200,1.599807
g_row\[0\].g_col\[0\].pe/_2208_,VPWR,li1,48.3000,220.3200,1.599822
g_row\[0\].g_col\[0\].pe/_2207_,VPWR,li1,50.3700,214.8800,1.599829
g_row\[0\].g_col\[0\].pe/_2206_,VPWR,li1,59.8000,209.4400,1.599848
g_row\[0\].g_col\[0\].pe/_2205_,VPWR,li1,57.0400,214.8800,1.599811
g_row\[0\].g_col\[0\].pe/_2204_,VPWR,li1,51.2900,204.0000,1.599822
g_row\[0\].g_col\[0\].pe/_2203_,VPWR,li1,42.5500,263.8400,1.599686
g_row\[0\].g_col\[0\].pe/_2202_,VPWR,li1,68.7700,263.8400,1.599580
g_row\[0\].g_col\[0\].pe/_2201_,VPWR,li1,93.6100,252.9600,1.599473
g_row\[0\].g_col\[0\].pe/_2200_,VPWR,li1,90.8500,258.4000,1.599508
g_row\[0\].g_col\[0\].pe/_2199_,VPWR,li1,111.0900,258.4000,1.599478
g_row\[0\].g_col\[0\].pe/_2198_,VPWR,li1,107.1800,258.4000,1.599483
g_row\[0\].g_col\[0\].pe/_2197_,VPWR,li1,103.7300,258.4000,1.599485
g_row\[0\].g_col\[0\].pe/_2196_,VPWR,li1,103.7300,258.4000,1.599485
g_row\[0\].g_col\[0\].pe/_2195_,VPWR,li1,67.3900,258.4000,1.599580
g_row\[0\].g_col\[0\].pe/_2194_,VPWR,li1,60.9500,258.4000,1.599607
g_row\[0\].g_col\[0\].pe/_2193_,VPWR,li1,25.9900,263.8400,1.599796
g_row\[0\].g_col\[0\].pe/_2192_,VPWR,li1,20.9300,263.8400,1.599818
g_row\[0\].g_col\[0\].pe/_2191_,VPWR,li1,51.7500,263.8400,1.599637
g_row\[0\].g_col\[0\].pe/_2190_,VPWR,li1,49.9100,258.4000,1.599660
g_row\[0\].g_col\[0\].pe/_2189_,VPWR,li1,48.5300,263.8400,1.599659
g_row\[0\].g_col\[0\].pe/_2188_,VPWR,li1,17.7100,258.4000,1.599833
g_row\[0\].g_col\[0\].pe/_2187_,VPWR,li1,21.8500,252.9600,1.599829
g_row\[0\].g_col\[0\].pe/_2186_,VPWR,li1,44.8500,258.4000,1.599695
g_row\[0\].g_col\[0\].pe/_2185_,VPWR,li1,13.1100,263.8400,1.599814
g_row\[0\].g_col\[0\].pe/_2184_,VPWR,li1,12.4200,258.4000,1.599833
g_row\[0\].g_col\[0\].pe/_2183_,VPWR,li1,41.1700,263.8400,1.599700
g_row\[0\].g_col\[0\].pe/_2182_,VPWR,li1,36.1100,258.4000,1.599746
g_row\[0\].g_col\[0\].pe/_2181_,VPWR,li1,34.7300,252.9600,1.599751
g_row\[0\].g_col\[0\].pe/_2180_,VPWR,li1,33.3500,252.9600,1.599751
g_row\[0\].g_col\[0\].pe/_2179_,VPWR,li1,30.5900,247.5200,1.599794
g_row\[0\].g_col\[0\].pe/_2178_,VPWR,li1,28.0600,236.6400,1.599875
g_row\[0\].g_col\[0\].pe/_2177_,VPWR,li1,34.9600,242.0800,1.599771
g_row\[0\].g_col\[0\].pe/_2176_,VPWR,li1,39.3300,214.8800,1.599862
g_row\[0\].g_col\[0\].pe/_2175_,VPWR,li1,42.0900,214.8800,1.599852
g_row\[0\].g_col\[0\].pe/_2174_,VPWR,li1,29.2100,252.9600,1.599777
g_row\[0\].g_col\[0\].pe/_2173_,VPWR,li1,38.8700,258.4000,1.599724
g_row\[0\].g_col\[0\].pe/_2172_,VPWR,li1,37.0300,225.7600,1.599876
g_row\[0\].g_col\[0\].pe/_2171_,VPWR,li1,31.0500,225.7600,1.599894
g_row\[0\].g_col\[0\].pe/_2170_,VPWR,li1,26.2200,225.7600,1.599906
g_row\[0\].g_col\[0\].pe/_2169_,VPWR,li1,35.6500,225.7600,1.599876
g_row\[0\].g_col\[0\].pe/_2168_,VPWR,li1,35.6500,214.8800,1.599873
g_row\[0\].g_col\[0\].pe/_2167_,VPWR,li1,38.6400,214.8800,1.599862
g_row\[0\].g_col\[0\].pe/_2166_,VPWR,li1,38.4100,209.4400,1.599892
g_row\[0\].g_col\[0\].pe/_2165_,VPWR,li1,38.6400,209.4400,1.599892
g_row\[0\].g_col\[0\].pe/_2164_,VPWR,li1,41.6300,204.0000,1.599847
g_row\[0\].g_col\[0\].pe/_2163_,VPWR,li1,42.0900,209.4400,1.599887
g_row\[0\].g_col\[0\].pe/_2162_,VPWR,li1,33.3500,258.4000,1.599759
g_row\[0\].g_col\[0\].pe/_2161_,VPWR,li1,84.4100,258.4000,1.599525
g_row\[0\].g_col\[0\].pe/_2160_,VPWR,li1,101.4300,258.4000,1.599488
g_row\[0\].g_col\[0\].pe/_2159_,VPWR,li1,112.4700,252.9600,1.599443
g_row\[0\].g_col\[0\].pe/_2158_,VPWR,li1,113.1600,252.9600,1.599443
g_row\[0\].g_col\[0\].pe/_2157_,VPWR,li1,110.1700,252.9600,1.599447
g_row\[0\].g_col\[0\].pe/_2156_,VPWR,li1,103.7300,252.9600,1.599453
g_row\[0\].g_col\[0\].pe/_2155_,VPWR,li1,106.7200,252.9600,1.599449
g_row\[0\].g_col\[0\].pe/_2154_,VPWR,li1,106.2600,231.2000,1.599741
g_row\[0\].g_col\[0\].pe/_2153_,VPWR,li1,102.5800,231.2000,1.599745
g_row\[0\].g_col\[0\].pe/_2152_,VPWR,li1,106.9500,247.5200,1.599515
g_row\[0\].g_col\[0\].pe/_2151_,VPWR,li1,112.4700,231.2000,1.599736
g_row\[0\].g_col\[0\].pe/_2150_,VPWR,li1,105.8000,231.2000,1.599741
g_row\[0\].g_col\[0\].pe/_2149_,VPWR,li1,86.2500,252.9600,1.599489
g_row\[0\].g_col\[0\].pe/_2148_,VPWR,li1,28.2900,258.4000,1.599801
g_row\[0\].g_col\[0\].pe/_2147_,VPWR,li1,28.7500,263.8400,1.599773
g_row\[0\].g_col\[0\].pe/_2146_,VPWR,li1,21.8500,263.8400,1.599820
g_row\[0\].g_col\[0\].pe/_2145_,VPWR,li1,12.1900,252.9600,1.599825
g_row\[0\].g_col\[0\].pe/_2144_,VPWR,li1,15.4100,263.8400,1.599815
g_row\[0\].g_col\[0\].pe/_2143_,VPWR,li1,22.3100,258.4000,1.599834
g_row\[0\].g_col\[0\].pe/_2142_,VPWR,li1,23.2300,258.4000,1.599834
g_row\[0\].g_col\[0\].pe/_2141_,VPWR,li1,26.4500,252.9600,1.599795
g_row\[0\].g_col\[0\].pe/_2140_,VPWR,li1,24.6100,247.5200,1.599832
g_row\[0\].g_col\[0\].pe/_2139_,VPWR,li1,26.6800,242.0800,1.599827
g_row\[0\].g_col\[0\].pe/_2138_,VPWR,li1,24.3800,236.6400,1.599891
g_row\[0\].g_col\[0\].pe/_2137_,VPWR,li1,21.8500,220.3200,1.599909
g_row\[0\].g_col\[0\].pe/_2136_,VPWR,li1,20.2400,247.5200,1.599852
g_row\[0\].g_col\[0\].pe/_2135_,VPWR,li1,10.3500,263.8400,1.599814
g_row\[0\].g_col\[0\].pe/_2134_,VPWR,li1,11.2700,258.4000,1.599833
g_row\[0\].g_col\[0\].pe/_2133_,VPWR,li1,10.5800,263.8400,1.599814
g_row\[0\].g_col\[0\].pe/_2132_,VPWR,li1,42.0900,220.3200,1.599839
g_row\[0\].g_col\[0\].pe/_2131_,VPWR,li1,39.7900,220.3200,1.599849
g_row\[0\].g_col\[0\].pe/_2130_,VPWR,li1,36.8000,220.3200,1.599861
g_row\[0\].g_col\[0\].pe/_2129_,VPWR,li1,41.6300,225.7600,1.599862
g_row\[0\].g_col\[0\].pe/_2128_,VPWR,li1,45.5400,214.8800,1.599847
g_row\[0\].g_col\[0\].pe/_2127_,VPWR,li1,42.5500,214.8800,1.599852
g_row\[0\].g_col\[0\].pe/_2126_,VPWR,li1,46.6900,198.5600,1.599878
g_row\[0\].g_col\[0\].pe/_2125_,VPWR,li1,50.1400,193.1200,1.599734
g_row\[0\].g_col\[0\].pe/_2124_,VPWR,li1,46.2300,209.4400,1.599874
g_row\[0\].g_col\[0\].pe/_2123_,VPWR,li1,46.4600,209.4400,1.599874
g_row\[0\].g_col\[0\].pe/_2122_,VPWR,li1,46.2300,204.0000,1.599833
g_row\[0\].g_col\[0\].pe/_2121_,VPWR,li1,48.9900,209.4400,1.599869
g_row\[0\].g_col\[0\].pe/_2120_,VPWR,li1,8.9700,247.5200,1.599851
g_row\[0\].g_col\[0\].pe/_2119_,VPWR,li1,12.1900,247.5200,1.599851
g_row\[0\].g_col\[0\].pe/_2118_,VPWR,li1,16.7900,252.9600,1.599826
g_row\[0\].g_col\[0\].pe/_2117_,VPWR,li1,81.1900,236.6400,1.599701
g_row\[0\].g_col\[0\].pe/_2116_,VPWR,li1,109.7100,258.4000,1.599481
g_row\[0\].g_col\[0\].pe/_2115_,VPWR,li1,124.8900,236.6400,1.599641
g_row\[0\].g_col\[0\].pe/_2114_,VPWR,li1,119.6000,242.0800,1.599413
g_row\[0\].g_col\[0\].pe/_2113_,VPWR,li1,112.0100,236.6400,1.599650
g_row\[0\].g_col\[0\].pe/_2112_,VPWR,li1,115.2300,231.2000,1.599732
g_row\[0\].g_col\[0\].pe/_2111_,VPWR,li1,106.0300,236.6400,1.599657
g_row\[0\].g_col\[0\].pe/_2110_,VPWR,li1,99.5900,231.2000,1.599748
g_row\[0\].g_col\[0\].pe/_2109_,VPWR,li1,100.5100,231.2000,1.599748
g_row\[0\].g_col\[0\].pe/_2108_,VPWR,li1,82.1100,236.6400,1.599701
g_row\[0\].g_col\[0\].pe/_2107_,VPWR,li1,20.4700,247.5200,1.599852
g_row\[0\].g_col\[0\].pe/_2106_,VPWR,li1,21.3900,252.9600,1.599829
g_row\[0\].g_col\[0\].pe/_2105_,VPWR,li1,13.1100,252.9600,1.599825
g_row\[0\].g_col\[0\].pe/_2104_,VPWR,li1,14.9500,247.5200,1.599851
g_row\[0\].g_col\[0\].pe/_2103_,VPWR,li1,14.9500,225.7600,1.599917
g_row\[0\].g_col\[0\].pe/_2102_,VPWR,li1,9.8900,252.9600,1.599824
g_row\[0\].g_col\[0\].pe/_2101_,VPWR,li1,10.8100,247.5200,1.599851
g_row\[0\].g_col\[0\].pe/_2100_,VPWR,li1,8.5100,225.7600,1.599916
g_row\[0\].g_col\[0\].pe/_2099_,VPWR,li1,10.8100,225.7600,1.599916
g_row\[0\].g_col\[0\].pe/_2098_,VPWR,li1,11.7300,209.4400,1.599932
g_row\[0\].g_col\[0\].pe/_2097_,VPWR,li1,11.7300,220.3200,1.599906
g_row\[0\].g_col\[0\].pe/_2096_,VPWR,li1,9.8900,214.8800,1.599913
g_row\[0\].g_col\[0\].pe/_2095_,VPWR,li1,8.5100,187.6800,1.599914
g_row\[0\].g_col\[0\].pe/_2094_,VPWR,li1,11.0400,182.2400,1.599940
g_row\[0\].g_col\[0\].pe/_2093_,VPWR,li1,10.8100,182.2400,1.599940
g_row\[0\].g_col\[0\].pe/_2092_,VPWR,li1,10.3500,214.8800,1.599913
g_row\[0\].g_col\[0\].pe/_2091_,VPWR,li1,11.7300,220.3200,1.599906
g_row\[0\].g_col\[0\].pe/_2090_,VPWR,li1,24.6100,220.3200,1.599897
g_row\[0\].g_col\[0\].pe/_2089_,VPWR,li1,29.4400,220.3200,1.599880
g_row\[0\].g_col\[0\].pe/_2088_,VPWR,li1,26.6800,209.4400,1.599919
g_row\[0\].g_col\[0\].pe/_2087_,VPWR,li1,28.0600,209.4400,1.599919
g_row\[0\].g_col\[0\].pe/_2086_,VPWR,li1,24.1500,209.4400,1.599928
g_row\[0\].g_col\[0\].pe/_2085_,VPWR,li1,27.1400,204.0000,1.599895
g_row\[0\].g_col\[0\].pe/_2084_,VPWR,li1,31.5100,204.0000,1.599885
g_row\[0\].g_col\[0\].pe/_2083_,VPWR,li1,31.5100,209.4400,1.599910
g_row\[0\].g_col\[0\].pe/_2082_,VPWR,li1,34.0400,204.0000,1.599872
g_row\[0\].g_col\[0\].pe/_2081_,VPWR,li1,37.9500,204.0000,1.599859
g_row\[0\].g_col\[0\].pe/_2080_,VPWR,li1,39.7900,204.0000,1.599853
g_row\[0\].g_col\[0\].pe/_2079_,VPWR,li1,47.6100,193.1200,1.599746
g_row\[0\].g_col\[0\].pe/_2078_,VPWR,li1,12.1900,242.0800,1.599849
g_row\[0\].g_col\[0\].pe/_2077_,VPWR,li1,12.1900,242.0800,1.599849
g_row\[0\].g_col\[0\].pe/_2076_,VPWR,li1,22.3100,242.0800,1.599850
g_row\[0\].g_col\[0\].pe/_2075_,VPWR,li1,21.8500,242.0800,1.599850
g_row\[0\].g_col\[0\].pe/_2074_,VPWR,li1,17.4800,242.0800,1.599849
g_row\[0\].g_col\[0\].pe/_2073_,VPWR,li1,23.9200,236.6400,1.599891
g_row\[0\].g_col\[0\].pe/_2072_,VPWR,li1,11.2700,209.4400,1.599932
g_row\[0\].g_col\[0\].pe/_2071_,VPWR,li1,9.2000,231.2000,1.599923
g_row\[0\].g_col\[0\].pe/_2070_,VPWR,li1,12.1900,225.7600,1.599916
g_row\[0\].g_col\[0\].pe/_2069_,VPWR,li1,74.9800,220.3200,1.599752
g_row\[0\].g_col\[0\].pe/_2068_,VPWR,li1,71.9900,220.3200,1.599759
g_row\[0\].g_col\[0\].pe/_2067_,VPWR,li1,94.0700,225.7600,1.599737
g_row\[0\].g_col\[0\].pe/_2066_,VPWR,li1,104.1900,225.7600,1.599719
g_row\[0\].g_col\[0\].pe/_2065_,VPWR,li1,122.5900,231.2000,1.599728
g_row\[0\].g_col\[0\].pe/_2064_,VPWR,li1,114.7700,236.6400,1.599646
g_row\[0\].g_col\[0\].pe/_2063_,VPWR,li1,116.6100,236.6400,1.599645
g_row\[0\].g_col\[0\].pe/_2062_,VPWR,li1,119.1400,231.2000,1.599729
g_row\[0\].g_col\[0\].pe/_2061_,VPWR,li1,116.1500,231.2000,1.599732
g_row\[0\].g_col\[0\].pe/_2060_,VPWR,li1,104.6500,225.7600,1.599719
g_row\[0\].g_col\[0\].pe/_2059_,VPWR,li1,100.0500,225.7600,1.599727
g_row\[0\].g_col\[0\].pe/_2058_,VPWR,li1,79.8100,220.3200,1.599742
g_row\[0\].g_col\[0\].pe/_2057_,VPWR,li1,77.0500,220.3200,1.599748
g_row\[0\].g_col\[0\].pe/_2056_,VPWR,li1,79.8100,204.0000,1.599743
g_row\[0\].g_col\[0\].pe/_2055_,VPWR,li1,73.8300,209.4400,1.599824
g_row\[0\].g_col\[0\].pe/_2054_,VPWR,li1,19.5500,220.3200,1.599908
g_row\[0\].g_col\[0\].pe/_2053_,VPWR,li1,15.4100,220.3200,1.599907
g_row\[0\].g_col\[0\].pe/_2052_,VPWR,li1,16.3300,220.3200,1.599907
g_row\[0\].g_col\[0\].pe/_2051_,VPWR,li1,15.6400,209.4400,1.599932
g_row\[0\].g_col\[0\].pe/_2050_,VPWR,li1,15.1800,214.8800,1.599914
g_row\[0\].g_col\[0\].pe/_2049_,VPWR,li1,13.5700,214.8800,1.599914
g_row\[0\].g_col\[0\].pe/_2048_,VPWR,li1,20.7000,209.4400,1.599934
g_row\[0\].g_col\[0\].pe/_2047_,VPWR,li1,11.7300,204.0000,1.599915
g_row\[0\].g_col\[0\].pe/_2046_,VPWR,li1,16.7900,182.2400,1.599940
g_row\[0\].g_col\[0\].pe/_2045_,VPWR,li1,17.0200,176.8000,1.599911
g_row\[0\].g_col\[0\].pe/_2044_,VPWR,li1,11.0400,187.6800,1.599914
g_row\[0\].g_col\[0\].pe/_2043_,VPWR,li1,10.3500,176.8000,1.599908
g_row\[0\].g_col\[0\].pe/_2042_,VPWR,li1,8.0500,182.2400,1.599940
g_row\[0\].g_col\[0\].pe/_2041_,VPWR,li1,40.2500,176.8000,1.599865
g_row\[0\].g_col\[0\].pe/_2040_,VPWR,li1,49.9100,176.8000,1.599841
g_row\[0\].g_col\[0\].pe/_2039_,VPWR,li1,19.5500,209.4400,1.599933
g_row\[0\].g_col\[0\].pe/_2038_,VPWR,li1,15.6400,209.4400,1.599932
g_row\[0\].g_col\[0\].pe/_2037_,VPWR,li1,21.3900,214.8800,1.599916
g_row\[0\].g_col\[0\].pe/_2036_,VPWR,li1,27.1400,220.3200,1.599888
g_row\[0\].g_col\[0\].pe/_2035_,VPWR,li1,16.5600,204.0000,1.599916
g_row\[0\].g_col\[0\].pe/_2034_,VPWR,li1,14.7200,204.0000,1.599915
g_row\[0\].g_col\[0\].pe/_2033_,VPWR,li1,20.0100,204.0000,1.599916
g_row\[0\].g_col\[0\].pe/_2032_,VPWR,li1,20.7000,204.0000,1.599916
g_row\[0\].g_col\[0\].pe/_2031_,VPWR,li1,28.0600,204.0000,1.599895
g_row\[0\].g_col\[0\].pe/_2030_,VPWR,li1,25.9900,198.5600,1.599922
g_row\[0\].g_col\[0\].pe/_2029_,VPWR,li1,38.1800,198.5600,1.599895
g_row\[0\].g_col\[0\].pe/_2028_,VPWR,li1,42.0900,198.5600,1.599890
g_row\[0\].g_col\[0\].pe/_2027_,VPWR,li1,42.5500,198.5600,1.599887
g_row\[0\].g_col\[0\].pe/_2026_,VPWR,li1,43.0100,193.1200,1.599775
g_row\[0\].g_col\[0\].pe/_2025_,VPWR,li1,21.6200,187.6800,1.599917
g_row\[0\].g_col\[0\].pe/_2024_,VPWR,li1,17.2500,225.7600,1.599917
g_row\[0\].g_col\[0\].pe/_2023_,VPWR,li1,14.0300,231.2000,1.599923
g_row\[0\].g_col\[0\].pe/_2022_,VPWR,li1,11.7300,236.6400,1.599899
g_row\[0\].g_col\[0\].pe/_2021_,VPWR,li1,11.2700,236.6400,1.599899
g_row\[0\].g_col\[0\].pe/_2020_,VPWR,li1,17.9400,236.6400,1.599899
g_row\[0\].g_col\[0\].pe/_2019_,VPWR,li1,25.3000,231.2000,1.599919
g_row\[0\].g_col\[0\].pe/_2018_,VPWR,li1,13.1100,198.5600,1.599932
g_row\[0\].g_col\[0\].pe/_2017_,VPWR,li1,65.5500,220.3200,1.599775
g_row\[0\].g_col\[0\].pe/_2016_,VPWR,li1,72.4500,214.8800,1.599775
g_row\[0\].g_col\[0\].pe/_2015_,VPWR,li1,92.2300,214.8800,1.599736
g_row\[0\].g_col\[0\].pe/_2014_,VPWR,li1,89.0100,214.8800,1.599741
g_row\[0\].g_col\[0\].pe/_2013_,VPWR,li1,99.5900,220.3200,1.599715
g_row\[0\].g_col\[0\].pe/_2012_,VPWR,li1,112.0100,225.7600,1.599710
g_row\[0\].g_col\[0\].pe/_2011_,VPWR,li1,131.3300,231.2000,1.599724
g_row\[0\].g_col\[0\].pe/_2010_,VPWR,li1,127.1900,225.7600,1.599702
g_row\[0\].g_col\[0\].pe/_2009_,VPWR,li1,117.7600,220.3200,1.599710
g_row\[0\].g_col\[0\].pe/_2008_,VPWR,li1,127.6500,231.2000,1.599725
g_row\[0\].g_col\[0\].pe/_2007_,VPWR,li1,123.2800,225.7600,1.599703
g_row\[0\].g_col\[0\].pe/_2006_,VPWR,li1,114.7700,225.7600,1.599706
g_row\[0\].g_col\[0\].pe/_2005_,VPWR,li1,110.1700,220.3200,1.599709
g_row\[0\].g_col\[0\].pe/_2004_,VPWR,li1,109.0200,225.7600,1.599713
g_row\[0\].g_col\[0\].pe/_2003_,VPWR,li1,103.7300,220.3200,1.599712
g_row\[0\].g_col\[0\].pe/_2002_,VPWR,li1,95.4500,220.3200,1.599719
g_row\[0\].g_col\[0\].pe/_2001_,VPWR,li1,90.8500,220.3200,1.599724
g_row\[0\].g_col\[0\].pe/_2000_,VPWR,li1,89.0100,204.0000,1.599726
g_row\[0\].g_col\[0\].pe/_1999_,VPWR,li1,91.7700,204.0000,1.599722
g_row\[0\].g_col\[0\].pe/_1998_,VPWR,li1,86.0200,204.0000,1.599732
g_row\[0\].g_col\[0\].pe/_1997_,VPWR,li1,77.9700,209.4400,1.599819
g_row\[0\].g_col\[0\].pe/_1996_,VPWR,li1,75.2100,204.0000,1.599753
g_row\[0\].g_col\[0\].pe/_1995_,VPWR,li1,72.9100,204.0000,1.599758
g_row\[0\].g_col\[0\].pe/_1994_,VPWR,li1,71.0700,187.6800,1.599799
g_row\[0\].g_col\[0\].pe/_1993_,VPWR,li1,17.2500,198.5600,1.599933
g_row\[0\].g_col\[0\].pe/_1992_,VPWR,li1,15.6400,187.6800,1.599915
g_row\[0\].g_col\[0\].pe/_1991_,VPWR,li1,15.4100,193.1200,1.599874
g_row\[0\].g_col\[0\].pe/_1990_,VPWR,li1,20.2400,182.2400,1.599941
g_row\[0\].g_col\[0\].pe/_1989_,VPWR,li1,19.5500,187.6800,1.599916
g_row\[0\].g_col\[0\].pe/_1988_,VPWR,li1,22.0800,182.2400,1.599942
g_row\[0\].g_col\[0\].pe/_1987_,VPWR,li1,20.4700,176.8000,1.599913
g_row\[0\].g_col\[0\].pe/_1986_,VPWR,li1,24.3800,176.8000,1.599906
g_row\[0\].g_col\[0\].pe/_1985_,VPWR,li1,28.2900,176.8000,1.599894
g_row\[0\].g_col\[0\].pe/_1984_,VPWR,li1,41.1700,182.2400,1.599901
g_row\[0\].g_col\[0\].pe/_1983_,VPWR,li1,41.6300,187.6800,1.599856
g_row\[0\].g_col\[0\].pe/_1982_,VPWR,li1,35.1900,171.3600,1.599719
g_row\[0\].g_col\[0\].pe/_1981_,VPWR,li1,30.8200,182.2400,1.599922
g_row\[0\].g_col\[0\].pe/_1980_,VPWR,li1,31.0500,187.6800,1.599888
g_row\[0\].g_col\[0\].pe/_1979_,VPWR,li1,9.8900,193.1200,1.599873
g_row\[0\].g_col\[0\].pe/_1978_,VPWR,li1,13.5700,193.1200,1.599873
g_row\[0\].g_col\[0\].pe/_1977_,VPWR,li1,34.7300,214.8800,1.599873
g_row\[0\].g_col\[0\].pe/_1976_,VPWR,li1,29.4400,214.8800,1.599890
g_row\[0\].g_col\[0\].pe/_1975_,VPWR,li1,26.2200,193.1200,1.599852
g_row\[0\].g_col\[0\].pe/_1974_,VPWR,li1,26.9100,193.1200,1.599852
g_row\[0\].g_col\[0\].pe/_1973_,VPWR,li1,22.3100,193.1200,1.599875
g_row\[0\].g_col\[0\].pe/_1972_,VPWR,li1,26.2200,198.5600,1.599922
g_row\[0\].g_col\[0\].pe/_1971_,VPWR,li1,28.9800,198.5600,1.599916
g_row\[0\].g_col\[0\].pe/_1970_,VPWR,li1,30.1300,193.1200,1.599838
g_row\[0\].g_col\[0\].pe/_1969_,VPWR,li1,33.5800,193.1200,1.599815
g_row\[0\].g_col\[0\].pe/_1968_,VPWR,li1,37.4900,193.1200,1.599803
g_row\[0\].g_col\[0\].pe/_1967_,VPWR,li1,39.3300,193.1200,1.599786
g_row\[0\].g_col\[0\].pe/_1966_,VPWR,li1,37.4900,204.0000,1.599866
g_row\[0\].g_col\[0\].pe/_1965_,VPWR,li1,39.7900,187.6800,1.599861
g_row\[0\].g_col\[0\].pe/_1964_,VPWR,li1,75.2100,209.4400,1.599824
g_row\[0\].g_col\[0\].pe/_1963_,VPWR,li1,66.9300,214.8800,1.599789
g_row\[0\].g_col\[0\].pe/_1962_,VPWR,li1,21.6200,225.7600,1.599919
g_row\[0\].g_col\[0\].pe/_1961_,VPWR,li1,20.0100,231.2000,1.599924
g_row\[0\].g_col\[0\].pe/_1960_,VPWR,li1,22.3100,231.2000,1.599925
g_row\[0\].g_col\[0\].pe/_1959_,VPWR,li1,13.5700,231.2000,1.599923
g_row\[0\].g_col\[0\].pe/_1958_,VPWR,li1,21.6200,231.2000,1.599925
g_row\[0\].g_col\[0\].pe/_1957_,VPWR,li1,25.7600,231.2000,1.599913
g_row\[0\].g_col\[0\].pe/_1956_,VPWR,li1,67.3900,198.5600,1.599843
g_row\[0\].g_col\[0\].pe/_1955_,VPWR,li1,71.7600,193.1200,1.599635
g_row\[0\].g_col\[0\].pe/_1954_,VPWR,li1,85.3300,214.8800,1.599749
g_row\[0\].g_col\[0\].pe/_1953_,VPWR,li1,101.4300,220.3200,1.599714
g_row\[0\].g_col\[0\].pe/_1952_,VPWR,li1,94.0700,214.8800,1.599732
g_row\[0\].g_col\[0\].pe/_1951_,VPWR,li1,117.7600,225.7600,1.599705
g_row\[0\].g_col\[0\].pe/_1950_,VPWR,li1,136.8500,225.7600,1.599703
g_row\[0\].g_col\[0\].pe/_1948_,VPWR,li1,133.1700,236.6400,1.599644
g_row\[0\].g_col\[0\].pe/_1947_,VPWR,li1,129.9500,231.2000,1.599724
g_row\[0\].g_col\[0\].pe/_1946_,VPWR,li1,122.5900,236.6400,1.599642
g_row\[0\].g_col\[0\].pe/_1945_,VPWR,li1,124.8900,231.2000,1.599726
g_row\[0\].g_col\[0\].pe/_1944_,VPWR,li1,125.5800,231.2000,1.599726
g_row\[0\].g_col\[0\].pe/_1943_,VPWR,li1,116.6100,225.7600,1.599705
g_row\[0\].g_col\[0\].pe/_1942_,VPWR,li1,113.8500,220.3200,1.599709
g_row\[0\].g_col\[0\].pe/_1941_,VPWR,li1,113.6200,214.8800,1.599709
g_row\[0\].g_col\[0\].pe/_1940_,VPWR,li1,111.0900,220.3200,1.599709
g_row\[0\].g_col\[0\].pe/_1939_,VPWR,li1,104.1900,214.8800,1.599717
g_row\[0\].g_col\[0\].pe/_1938_,VPWR,li1,98.2100,214.8800,1.599724
g_row\[0\].g_col\[0\].pe/_1937_,VPWR,li1,100.5100,198.5600,1.599804
g_row\[0\].g_col\[0\].pe/_1936_,VPWR,li1,99.5900,204.0000,1.599711
g_row\[0\].g_col\[0\].pe/_1935_,VPWR,li1,92.6900,209.4400,1.599805
g_row\[0\].g_col\[0\].pe/_1934_,VPWR,li1,89.4700,204.0000,1.599726
g_row\[0\].g_col\[0\].pe/_1933_,VPWR,li1,84.8700,198.5600,1.599818
g_row\[0\].g_col\[0\].pe/_1932_,VPWR,li1,87.6300,182.2400,1.599831
g_row\[0\].g_col\[0\].pe/_1931_,VPWR,li1,77.5100,204.0000,1.599748
g_row\[0\].g_col\[0\].pe/_1930_,VPWR,li1,73.3700,187.6800,1.599798
g_row\[0\].g_col\[0\].pe/_1929_,VPWR,li1,77.9700,182.2400,1.599842
g_row\[0\].g_col\[0\].pe/_1928_,VPWR,li1,75.9000,176.8000,1.599798
g_row\[0\].g_col\[0\].pe/_1927_,VPWR,li1,36.1100,187.6800,1.599873
g_row\[0\].g_col\[0\].pe/_1926_,VPWR,li1,33.3500,187.6800,1.599880
g_row\[0\].g_col\[0\].pe/_1925_,VPWR,li1,29.6700,182.2400,1.599928
g_row\[0\].g_col\[0\].pe/_1924_,VPWR,li1,33.5800,182.2400,1.599918
g_row\[0\].g_col\[0\].pe/_1923_,VPWR,li1,41.6300,182.2400,1.599901
g_row\[0\].g_col\[0\].pe/_1922_,VPWR,li1,45.3100,193.1200,1.599765
g_row\[0\].g_col\[0\].pe/_1921_,VPWR,li1,36.8000,182.2400,1.599913
g_row\[0\].g_col\[0\].pe/_1920_,VPWR,li1,35.1900,182.2400,1.599913
g_row\[0\].g_col\[0\].pe/_1919_,VPWR,li1,14.0300,182.2400,1.599940
g_row\[0\].g_col\[0\].pe/_1918_,VPWR,li1,20.0100,171.3600,1.599809
g_row\[0\].g_col\[0\].pe/_1917_,VPWR,li1,14.0300,182.2400,1.599940
g_row\[0\].g_col\[0\].pe/_1916_,VPWR,li1,71.9900,198.5600,1.599835
g_row\[0\].g_col\[0\].pe/_1915_,VPWR,li1,66.9300,198.5600,1.599843
g_row\[0\].g_col\[0\].pe/_1914_,VPWR,li1,61.6400,193.1200,1.599680
g_row\[0\].g_col\[0\].pe/_1913_,VPWR,li1,67.3900,193.1200,1.599658
g_row\[0\].g_col\[0\].pe/_1912_,VPWR,li1,60.4900,198.5600,1.599854
g_row\[0\].g_col\[0\].pe/_1911_,VPWR,li1,55.6600,198.5600,1.599862
g_row\[0\].g_col\[0\].pe/_1910_,VPWR,li1,66.4700,193.1200,1.599658
g_row\[0\].g_col\[0\].pe/_1909_,VPWR,li1,64.8600,182.2400,1.599858
g_row\[0\].g_col\[0\].pe/_1908_,VPWR,li1,89.9300,209.4400,1.599809
g_row\[0\].g_col\[0\].pe/_1907_,VPWR,li1,84.4100,209.4400,1.599814
g_row\[0\].g_col\[0\].pe/_1906_,VPWR,li1,79.5800,209.4400,1.599819
g_row\[0\].g_col\[0\].pe/_1905_,VPWR,li1,76.1300,214.8800,1.599770
g_row\[0\].g_col\[0\].pe/_1904_,VPWR,li1,78.4300,214.8800,1.599764
g_row\[0\].g_col\[0\].pe/_1903_,VPWR,li1,73.8300,214.8800,1.599775
g_row\[0\].g_col\[0\].pe/_1902_,VPWR,li1,69.0000,214.8800,1.599783
g_row\[0\].g_col\[0\].pe/_1901_,VPWR,li1,68.0800,209.4400,1.599833
g_row\[0\].g_col\[0\].pe/_1900_,VPWR,li1,82.1100,204.0000,1.599739
g_row\[0\].g_col\[0\].pe/_1899_,VPWR,li1,80.9600,182.2400,1.599837
g_row\[0\].g_col\[0\].pe/_1898_,VPWR,li1,100.9700,214.8800,1.599720
g_row\[0\].g_col\[0\].pe/_1897_,VPWR,li1,112.9300,209.4400,1.599799
g_row\[0\].g_col\[0\].pe/_1896_,VPWR,li1,110.6300,214.8800,1.599711
g_row\[0\].g_col\[0\].pe/_1895_,VPWR,li1,163.3000,209.4400,1.599827
g_row\[0\].g_col\[0\].pe/_1894_,VPWR,li1,137.7700,214.8800,1.599719
g_row\[0\].g_col\[0\].pe/_1893_,VPWR,li1,152.4900,231.2000,1.599745
g_row\[0\].g_col\[0\].pe/_1892_,VPWR,li1,155.7100,236.6400,1.599683
g_row\[0\].g_col\[0\].pe/_1891_,VPWR,li1,165.8300,214.8800,1.599768
g_row\[0\].g_col\[0\].pe/_1890_,VPWR,li1,152.0300,214.8800,1.599739
g_row\[0\].g_col\[0\].pe/_1889_,VPWR,li1,135.4700,214.8800,1.599717
g_row\[0\].g_col\[0\].pe/_1888_,VPWR,li1,136.6200,209.4400,1.599802
g_row\[0\].g_col\[0\].pe/_1887_,VPWR,li1,132.7100,209.4400,1.599801
g_row\[0\].g_col\[0\].pe/_1886_,VPWR,li1,115.2300,214.8800,1.599709
g_row\[0\].g_col\[0\].pe/_1885_,VPWR,li1,109.2500,214.8800,1.599713
g_row\[0\].g_col\[0\].pe/_1884_,VPWR,li1,115.2300,198.5600,1.599799
g_row\[0\].g_col\[0\].pe/_1883_,VPWR,li1,112.0100,198.5600,1.599799
g_row\[0\].g_col\[0\].pe/_1882_,VPWR,li1,104.1900,204.0000,1.599706
g_row\[0\].g_col\[0\].pe/_1881_,VPWR,li1,99.5900,204.0000,1.599711
g_row\[0\].g_col\[0\].pe/_1880_,VPWR,li1,98.6700,198.5600,1.599805
g_row\[0\].g_col\[0\].pe/_1879_,VPWR,li1,97.7500,182.2400,1.599821
g_row\[0\].g_col\[0\].pe/_1878_,VPWR,li1,89.4700,198.5600,1.599814
g_row\[0\].g_col\[0\].pe/_1877_,VPWR,li1,86.2500,182.2400,1.599831
g_row\[0\].g_col\[0\].pe/_1876_,VPWR,li1,91.7700,182.2400,1.599826
g_row\[0\].g_col\[0\].pe/_1875_,VPWR,li1,90.1600,176.8000,1.599781
g_row\[0\].g_col\[0\].pe/_1874_,VPWR,li1,76.5900,182.2400,1.599842
g_row\[0\].g_col\[0\].pe/_1873_,VPWR,li1,70.6100,182.2400,1.599852
g_row\[0\].g_col\[0\].pe/_1872_,VPWR,li1,66.7000,176.8000,1.599812
g_row\[0\].g_col\[0\].pe/_1871_,VPWR,li1,73.3700,182.2400,1.599846
g_row\[0\].g_col\[0\].pe/_1870_,VPWR,li1,71.5300,176.8000,1.599807
g_row\[0\].g_col\[0\].pe/_1869_,VPWR,li1,67.8500,176.8000,1.599812
g_row\[0\].g_col\[0\].pe/_1868_,VPWR,li1,84.4100,198.5600,1.599818
g_row\[0\].g_col\[0\].pe/_1867_,VPWR,li1,78.4300,198.5600,1.599826
g_row\[0\].g_col\[0\].pe/_1866_,VPWR,li1,78.2000,187.6800,1.599798
g_row\[0\].g_col\[0\].pe/_1865_,VPWR,li1,78.4300,198.5600,1.599826
g_row\[0\].g_col\[0\].pe/_1864_,VPWR,li1,65.5500,187.6800,1.599800
g_row\[0\].g_col\[0\].pe/_1863_,VPWR,li1,53.3600,193.1200,1.599718
g_row\[0\].g_col\[0\].pe/_1862_,VPWR,li1,75.2100,187.6800,1.599798
g_row\[0\].g_col\[0\].pe/_1861_,VPWR,li1,72.2200,198.5600,1.599835
g_row\[0\].g_col\[0\].pe/_1860_,VPWR,li1,102.8100,209.4400,1.599801
g_row\[0\].g_col\[0\].pe/_1859_,VPWR,li1,100.0500,209.4400,1.599802
g_row\[0\].g_col\[0\].pe/_1858_,VPWR,li1,94.3000,209.4400,1.599805
g_row\[0\].g_col\[0\].pe/_1857_,VPWR,li1,89.4700,214.8800,1.599741
g_row\[0\].g_col\[0\].pe/_1856_,VPWR,li1,88.5500,209.4400,1.599809
g_row\[0\].g_col\[0\].pe/_1855_,VPWR,li1,84.8700,220.3200,1.599734
g_row\[0\].g_col\[0\].pe/_1854_,VPWR,li1,85.1000,214.8800,1.599749
g_row\[0\].g_col\[0\].pe/_1853_,VPWR,li1,85.1000,209.4400,1.599812
g_row\[0\].g_col\[0\].pe/_1852_,VPWR,li1,94.0700,198.5600,1.599809
g_row\[0\].g_col\[0\].pe/_1851_,VPWR,li1,97.5200,193.1200,1.599627
g_row\[0\].g_col\[0\].pe/_1850_,VPWR,li1,116.1500,204.0000,1.599696
g_row\[0\].g_col\[0\].pe/_1849_,VPWR,li1,113.3900,209.4400,1.599799
g_row\[0\].g_col\[0\].pe/_1848_,VPWR,li1,110.1700,209.4400,1.599799
g_row\[0\].g_col\[0\].pe/_1847_,VPWR,li1,138.2300,209.4400,1.599802
g_row\[0\].g_col\[0\].pe/_1846_,VPWR,li1,127.6500,204.0000,1.599692
g_row\[0\].g_col\[0\].pe/_1845_,VPWR,li1,135.4700,209.4400,1.599802
g_row\[0\].g_col\[0\].pe/_1844_,VPWR,li1,158.2400,204.0000,1.599724
g_row\[0\].g_col\[0\].pe/_1843_,VPWR,li1,166.2900,209.4400,1.599831
g_row\[0\].g_col\[0\].pe/_1842_,VPWR,li1,170.6600,198.5600,1.599852
g_row\[0\].g_col\[0\].pe/_1841_,VPWR,li1,168.1300,209.4400,1.599834
g_row\[0\].g_col\[0\].pe/_1840_,VPWR,li1,163.0700,204.0000,1.599742
g_row\[0\].g_col\[0\].pe/_1838_,VPWR,li1,154.3300,225.7600,1.599709
g_row\[0\].g_col\[0\].pe/_1836_,VPWR,li1,161.9200,242.0800,1.599565
g_row\[0\].g_col\[0\].pe/_1835_,VPWR,li1,154.5600,242.0800,1.599525
g_row\[0\].g_col\[0\].pe/_1834_,VPWR,li1,169.9700,204.0000,1.599765
g_row\[0\].g_col\[0\].pe/_1833_,VPWR,li1,174.1100,198.5600,1.599858
g_row\[0\].g_col\[0\].pe/_1832_,VPWR,li1,173.8800,193.1200,1.599816
g_row\[0\].g_col\[0\].pe/_1831_,VPWR,li1,175.9500,187.6800,1.599875
g_row\[0\].g_col\[0\].pe/_1830_,VPWR,li1,177.1000,198.5600,1.599863
g_row\[0\].g_col\[0\].pe/_1829_,VPWR,li1,180.5500,160.4800,1.599895
g_row\[0\].g_col\[0\].pe/_1828_,VPWR,li1,185.6100,160.4800,1.599889
g_row\[0\].g_col\[0\].pe/_1827_,VPWR,li1,183.3100,176.8000,1.599810
g_row\[0\].g_col\[0\].pe/_1826_,VPWR,li1,194.3500,160.4800,1.599874
g_row\[0\].g_col\[0\].pe/_1825_,VPWR,li1,188.3700,160.4800,1.599881
g_row\[0\].g_col\[0\].pe/_1824_,VPWR,li1,191.5900,160.4800,1.599877
g_row\[0\].g_col\[0\].pe/_1823_,VPWR,li1,190.2100,171.3600,1.599859
g_row\[0\].g_col\[0\].pe/_1822_,VPWR,li1,179.8600,149.6000,1.599898
g_row\[0\].g_col\[0\].pe/_1821_,VPWR,li1,177.5600,155.0400,1.599886
g_row\[0\].g_col\[0\].pe/_1820_,VPWR,li1,182.8500,155.0400,1.599869
g_row\[0\].g_col\[0\].pe/_1819_,VPWR,li1,184.0000,149.6000,1.599892
g_row\[0\].g_col\[0\].pe/_1818_,VPWR,li1,178.7100,155.0400,1.599886
g_row\[0\].g_col\[0\].pe/_1817_,VPWR,li1,166.7500,155.0400,1.599881
g_row\[0\].g_col\[0\].pe/_1816_,VPWR,li1,164.2200,155.0400,1.599876
g_row\[0\].g_col\[0\].pe/_1815_,VPWR,li1,179.1700,149.6000,1.599898
g_row\[0\].g_col\[0\].pe/_1814_,VPWR,li1,172.7300,149.6000,1.599905
g_row\[0\].g_col\[0\].pe/_1813_,VPWR,li1,174.5700,155.0400,1.599889
g_row\[0\].g_col\[0\].pe/_1812_,VPWR,li1,142.6000,155.0400,1.599856
g_row\[0\].g_col\[0\].pe/_1811_,VPWR,li1,140.9900,155.0400,1.599854
g_row\[0\].g_col\[0\].pe/_1810_,VPWR,li1,140.7600,149.6000,1.599853
g_row\[0\].g_col\[0\].pe/_1809_,VPWR,li1,129.9500,155.0400,1.599845
g_row\[0\].g_col\[0\].pe/_1808_,VPWR,li1,140.0700,149.6000,1.599853
g_row\[0\].g_col\[0\].pe/_1807_,VPWR,li1,135.9300,149.6000,1.599846
g_row\[0\].g_col\[0\].pe/_1806_,VPWR,li1,132.7100,144.1600,1.599779
g_row\[0\].g_col\[0\].pe/_1805_,VPWR,li1,138.2300,144.1600,1.599795
g_row\[0\].g_col\[0\].pe/_1804_,VPWR,li1,136.3900,144.1600,1.599790
g_row\[0\].g_col\[0\].pe/_1803_,VPWR,li1,133.1700,149.6000,1.599843
g_row\[0\].g_col\[0\].pe/_1802_,VPWR,li1,135.4700,149.6000,1.599846
g_row\[0\].g_col\[0\].pe/_1801_,VPWR,li1,132.4800,149.6000,1.599843
g_row\[0\].g_col\[0\].pe/_1800_,VPWR,li1,131.7900,144.1600,1.599779
g_row\[0\].g_col\[0\].pe/_1799_,VPWR,li1,126.9600,144.1600,1.599767
g_row\[0\].g_col\[0\].pe/_1798_,VPWR,li1,129.9500,144.1600,1.599775
g_row\[0\].g_col\[0\].pe/_1797_,VPWR,li1,124.8900,149.6000,1.599833
g_row\[0\].g_col\[0\].pe/_1796_,VPWR,li1,120.2900,149.6000,1.599828
g_row\[0\].g_col\[0\].pe/_1795_,VPWR,li1,132.9400,155.0400,1.599847
g_row\[0\].g_col\[0\].pe/_1794_,VPWR,li1,126.2700,155.0400,1.599842
g_row\[0\].g_col\[0\].pe/_1793_,VPWR,li1,122.8200,155.0400,1.599839
g_row\[0\].g_col\[0\].pe/_1792_,VPWR,li1,126.7300,155.0400,1.599842
g_row\[0\].g_col\[0\].pe/_1791_,VPWR,li1,119.8300,149.6000,1.599828
g_row\[0\].g_col\[0\].pe/_1790_,VPWR,li1,130.8700,149.6000,1.599840
g_row\[0\].g_col\[0\].pe/_1789_,VPWR,li1,128.5700,149.6000,1.599836
g_row\[0\].g_col\[0\].pe/_1788_,VPWR,li1,129.4900,155.0400,1.599843
g_row\[0\].g_col\[0\].pe/_1787_,VPWR,li1,123.9700,149.6000,1.599833
g_row\[0\].g_col\[0\].pe/_1786_,VPWR,li1,124.4300,144.1600,1.599763
g_row\[0\].g_col\[0\].pe/_1785_,VPWR,li1,86.2500,149.6000,1.599799
g_row\[0\].g_col\[0\].pe/_1784_,VPWR,li1,84.8700,160.4800,1.599762
g_row\[0\].g_col\[0\].pe/_1783_,VPWR,li1,120.2900,144.1600,1.599753
g_row\[0\].g_col\[0\].pe/_1782_,VPWR,li1,117.7600,144.1600,1.599748
g_row\[0\].g_col\[0\].pe/_1781_,VPWR,li1,118.4500,155.0400,1.599837
g_row\[0\].g_col\[0\].pe/_1780_,VPWR,li1,144.2100,149.6000,1.599857
g_row\[0\].g_col\[0\].pe/_1779_,VPWR,li1,171.3500,155.0400,1.599887
g_row\[0\].g_col\[0\].pe/_1778_,VPWR,li1,168.5900,155.0400,1.599883
g_row\[0\].g_col\[0\].pe/_1777_,VPWR,li1,166.2900,149.6000,1.599893
g_row\[0\].g_col\[0\].pe/_1776_,VPWR,li1,167.2100,149.6000,1.599893
g_row\[0\].g_col\[0\].pe/_1775_,VPWR,li1,154.7900,155.0400,1.599868
g_row\[0\].g_col\[0\].pe/_1774_,VPWR,li1,151.5700,155.0400,1.599864
g_row\[0\].g_col\[0\].pe/_1773_,VPWR,li1,161.6900,155.0400,1.599874
g_row\[0\].g_col\[0\].pe/_1772_,VPWR,li1,144.9000,155.0400,1.599859
g_row\[0\].g_col\[0\].pe/_1771_,VPWR,li1,119.8300,155.0400,1.599837
g_row\[0\].g_col\[0\].pe/_1770_,VPWR,li1,116.6100,160.4800,1.599800
g_row\[0\].g_col\[0\].pe/_1769_,VPWR,li1,117.5300,149.6000,1.599826
g_row\[0\].g_col\[0\].pe/_1768_,VPWR,li1,117.9900,160.4800,1.599800
g_row\[0\].g_col\[0\].pe/_1767_,VPWR,li1,113.3900,165.9200,1.599811
g_row\[0\].g_col\[0\].pe/_1766_,VPWR,li1,112.0100,149.6000,1.599821
g_row\[0\].g_col\[0\].pe/_1765_,VPWR,li1,109.7100,149.6000,1.599817
g_row\[0\].g_col\[0\].pe/_1764_,VPWR,li1,80.7300,155.0400,1.599823
g_row\[0\].g_col\[0\].pe/_1763_,VPWR,li1,80.7300,155.0400,1.599823
g_row\[0\].g_col\[0\].pe/_1762_,VPWR,li1,105.5700,149.6000,1.599815
g_row\[0\].g_col\[0\].pe/_1761_,VPWR,li1,104.4200,155.0400,1.599830
g_row\[0\].g_col\[0\].pe/_1760_,VPWR,li1,155.7100,155.0400,1.599868
g_row\[0\].g_col\[0\].pe/_1759_,VPWR,li1,154.3300,149.6000,1.599873
g_row\[0\].g_col\[0\].pe/_1758_,VPWR,li1,155.7100,149.6000,1.599873
g_row\[0\].g_col\[0\].pe/_1757_,VPWR,li1,113.8500,155.0400,1.599834
g_row\[0\].g_col\[0\].pe/_1756_,VPWR,li1,110.4000,155.0400,1.599832
g_row\[0\].g_col\[0\].pe/_1755_,VPWR,li1,94.0700,160.4800,1.599770
g_row\[0\].g_col\[0\].pe/_1754_,VPWR,li1,89.2400,160.4800,1.599765
g_row\[0\].g_col\[0\].pe/_1753_,VPWR,li1,110.6300,160.4800,1.599792
g_row\[0\].g_col\[0\].pe/_1752_,VPWR,li1,75.2100,160.4800,1.599755
g_row\[0\].g_col\[0\].pe/_1751_,VPWR,li1,72.4500,160.4800,1.599753
g_row\[0\].g_col\[0\].pe/_1750_,VPWR,li1,104.6500,160.4800,1.599783
g_row\[0\].g_col\[0\].pe/_1749_,VPWR,li1,104.4200,155.0400,1.599830
g_row\[0\].g_col\[0\].pe/_1748_,VPWR,li1,155.2500,160.4800,1.599867
g_row\[0\].g_col\[0\].pe/_1747_,VPWR,li1,187.4500,155.0400,1.599855
g_row\[0\].g_col\[0\].pe/_1746_,VPWR,li1,185.1500,155.0400,1.599862
g_row\[0\].g_col\[0\].pe/_1745_,VPWR,li1,189.2900,149.6000,1.599881
g_row\[0\].g_col\[0\].pe/_1744_,VPWR,li1,183.7700,149.6000,1.599892
g_row\[0\].g_col\[0\].pe/_1743_,VPWR,li1,179.1700,144.1600,1.599881
g_row\[0\].g_col\[0\].pe/_1742_,VPWR,li1,175.4900,144.1600,1.599888
g_row\[0\].g_col\[0\].pe/_1741_,VPWR,li1,162.6100,149.6000,1.599887
g_row\[0\].g_col\[0\].pe/_1740_,VPWR,li1,162.6100,144.1600,1.599850
g_row\[0\].g_col\[0\].pe/_1739_,VPWR,li1,163.9900,160.4800,1.599882
g_row\[0\].g_col\[0\].pe/_1738_,VPWR,li1,159.1600,160.4800,1.599873
g_row\[0\].g_col\[0\].pe/_1737_,VPWR,li1,166.7500,144.1600,1.599865
g_row\[0\].g_col\[0\].pe/_1736_,VPWR,li1,167.2100,138.7200,1.599763
g_row\[0\].g_col\[0\].pe/_1735_,VPWR,li1,156.6300,138.7200,1.599749
g_row\[0\].g_col\[0\].pe/_1734_,VPWR,li1,112.2400,149.6000,1.599821
g_row\[0\].g_col\[0\].pe/_1733_,VPWR,li1,155.2500,144.1600,1.599836
g_row\[0\].g_col\[0\].pe/_1732_,VPWR,li1,153.1800,138.7200,1.599743
g_row\[0\].g_col\[0\].pe/_1731_,VPWR,li1,112.9300,144.1600,1.599736
g_row\[0\].g_col\[0\].pe/_1730_,VPWR,li1,89.9300,149.6000,1.599802
g_row\[0\].g_col\[0\].pe/_1729_,VPWR,li1,89.4700,155.0400,1.599824
g_row\[0\].g_col\[0\].pe/_1728_,VPWR,li1,108.7900,144.1600,1.599727
g_row\[0\].g_col\[0\].pe/_1727_,VPWR,li1,106.2600,149.6000,1.599815
g_row\[0\].g_col\[0\].pe/_1726_,VPWR,li1,191.5900,155.0400,1.599844
g_row\[0\].g_col\[0\].pe/_1725_,VPWR,li1,188.6000,155.0400,1.599855
g_row\[0\].g_col\[0\].pe/_1724_,VPWR,li1,169.9700,165.9200,1.599880
g_row\[0\].g_col\[0\].pe/_1723_,VPWR,li1,189.2900,149.6000,1.599881
g_row\[0\].g_col\[0\].pe/_1722_,VPWR,li1,189.2900,144.1600,1.599862
g_row\[0\].g_col\[0\].pe/_1721_,VPWR,li1,189.2900,138.7200,1.599672
g_row\[0\].g_col\[0\].pe/_1720_,VPWR,li1,178.7100,144.1600,1.599881
g_row\[0\].g_col\[0\].pe/_1719_,VPWR,li1,180.5500,133.2800,1.599836
g_row\[0\].g_col\[0\].pe/_1718_,VPWR,li1,172.2700,160.4800,1.599902
g_row\[0\].g_col\[0\].pe/_1717_,VPWR,li1,166.2900,160.4800,1.599890
g_row\[0\].g_col\[0\].pe/_1716_,VPWR,li1,158.2400,155.0400,1.599872
g_row\[0\].g_col\[0\].pe/_1715_,VPWR,li1,133.1700,165.9200,1.599825
g_row\[0\].g_col\[0\].pe/_1714_,VPWR,li1,178.9400,138.7200,1.599749
g_row\[0\].g_col\[0\].pe/_1713_,VPWR,li1,179.6300,138.7200,1.599749
g_row\[0\].g_col\[0\].pe/_1712_,VPWR,li1,165.8300,138.7200,1.599763
g_row\[0\].g_col\[0\].pe/_1711_,VPWR,li1,160.7700,138.7200,1.599755
g_row\[0\].g_col\[0\].pe/_1710_,VPWR,li1,154.1000,133.2800,1.599784
g_row\[0\].g_col\[0\].pe/_1709_,VPWR,li1,165.3700,133.2800,1.599818
g_row\[0\].g_col\[0\].pe/_1708_,VPWR,li1,163.5300,138.7200,1.599759
g_row\[0\].g_col\[0\].pe/_1707_,VPWR,li1,97.7500,138.7200,1.599690
g_row\[0\].g_col\[0\].pe/_1706_,VPWR,li1,98.2100,149.6000,1.599809
g_row\[0\].g_col\[0\].pe/_1705_,VPWR,li1,154.3300,138.7200,1.599743
g_row\[0\].g_col\[0\].pe/_1704_,VPWR,li1,140.7600,133.2800,1.599753
g_row\[0\].g_col\[0\].pe/_1703_,VPWR,li1,191.1300,165.9200,1.599842
g_row\[0\].g_col\[0\].pe/_1702_,VPWR,li1,175.7200,182.2400,1.599880
g_row\[0\].g_col\[0\].pe/_1701_,VPWR,li1,176.8700,182.2400,1.599880
g_row\[0\].g_col\[0\].pe/_1700_,VPWR,li1,185.6100,171.3600,1.599864
g_row\[0\].g_col\[0\].pe/_1699_,VPWR,li1,189.7500,171.3600,1.599859
g_row\[0\].g_col\[0\].pe/_1698_,VPWR,li1,190.2100,165.9200,1.599842
g_row\[0\].g_col\[0\].pe/_1697_,VPWR,li1,182.8500,171.3600,1.599870
g_row\[0\].g_col\[0\].pe/_1696_,VPWR,li1,186.5300,165.9200,1.599854
g_row\[0\].g_col\[0\].pe/_1695_,VPWR,li1,183.5400,165.9200,1.599862
g_row\[0\].g_col\[0\].pe/_1694_,VPWR,li1,189.2900,160.4800,1.599881
g_row\[0\].g_col\[0\].pe/_1693_,VPWR,li1,180.0900,165.9200,1.599874
g_row\[0\].g_col\[0\].pe/_1692_,VPWR,li1,184.6900,144.1600,1.599870
g_row\[0\].g_col\[0\].pe/_1691_,VPWR,li1,186.0700,138.7200,1.599696
g_row\[0\].g_col\[0\].pe/_1690_,VPWR,li1,180.5500,160.4800,1.599895
g_row\[0\].g_col\[0\].pe/_1689_,VPWR,li1,184.6900,138.7200,1.599714
g_row\[0\].g_col\[0\].pe/_1688_,VPWR,li1,173.1900,138.7200,1.599773
g_row\[0\].g_col\[0\].pe/_1687_,VPWR,li1,175.0300,138.7200,1.599779
g_row\[0\].g_col\[0\].pe/_1686_,VPWR,li1,171.5800,138.7200,1.599773
g_row\[0\].g_col\[0\].pe/_1685_,VPWR,li1,160.3100,133.2800,1.599804
g_row\[0\].g_col\[0\].pe/_1684_,VPWR,li1,149.5000,138.7200,1.599738
g_row\[0\].g_col\[0\].pe/_1683_,VPWR,li1,175.9500,133.2800,1.599853
g_row\[0\].g_col\[0\].pe/_1682_,VPWR,li1,99.1300,144.1600,1.599708
g_row\[0\].g_col\[0\].pe/_1681_,VPWR,li1,98.2100,149.6000,1.599809
g_row\[0\].g_col\[0\].pe/_1680_,VPWR,li1,144.2100,138.7200,1.599730
g_row\[0\].g_col\[0\].pe/_1679_,VPWR,li1,139.3800,138.7200,1.599724
g_row\[0\].g_col\[0\].pe/_1678_,VPWR,li1,193.8900,165.9200,1.599835
g_row\[0\].g_col\[0\].pe/_1677_,VPWR,li1,184.6900,165.9200,1.599862
g_row\[0\].g_col\[0\].pe/_1676_,VPWR,li1,181.7000,171.3600,1.599870
g_row\[0\].g_col\[0\].pe/_1675_,VPWR,li1,179.1700,171.3600,1.599874
g_row\[0\].g_col\[0\].pe/_1674_,VPWR,li1,179.1700,165.9200,1.599874
g_row\[0\].g_col\[0\].pe/_1673_,VPWR,li1,140.5300,171.3600,1.599787
g_row\[0\].g_col\[0\].pe/_1672_,VPWR,li1,132.0200,171.3600,1.599766
g_row\[0\].g_col\[0\].pe/_1671_,VPWR,li1,169.9700,160.4800,1.599897
g_row\[0\].g_col\[0\].pe/_1670_,VPWR,li1,158.2400,160.4800,1.599873
g_row\[0\].g_col\[0\].pe/_1669_,VPWR,li1,173.6500,187.6800,1.599871
g_row\[0\].g_col\[0\].pe/_1668_,VPWR,li1,171.8100,182.2400,1.599868
g_row\[0\].g_col\[0\].pe/_1667_,VPWR,li1,177.7900,171.3600,1.599879
g_row\[0\].g_col\[0\].pe/_1666_,VPWR,li1,180.5500,176.8000,1.599821
g_row\[0\].g_col\[0\].pe/_1665_,VPWR,li1,167.4400,171.3600,1.599862
g_row\[0\].g_col\[0\].pe/_1664_,VPWR,li1,170.4300,176.8000,1.599838
g_row\[0\].g_col\[0\].pe/_1663_,VPWR,li1,179.6300,176.8000,1.599830
g_row\[0\].g_col\[0\].pe/_1662_,VPWR,li1,164.9100,176.8000,1.599824
g_row\[0\].g_col\[0\].pe/_1661_,VPWR,li1,176.4100,171.3600,1.599879
g_row\[0\].g_col\[0\].pe/_1660_,VPWR,li1,174.5700,165.9200,1.599888
g_row\[0\].g_col\[0\].pe/_1659_,VPWR,li1,172.2700,171.3600,1.599877
g_row\[0\].g_col\[0\].pe/_1658_,VPWR,li1,167.6700,176.8000,1.599832
g_row\[0\].g_col\[0\].pe/_1657_,VPWR,li1,161.6900,176.8000,1.599820
g_row\[0\].g_col\[0\].pe/_1656_,VPWR,li1,169.5100,171.3600,1.599869
g_row\[0\].g_col\[0\].pe/_1655_,VPWR,li1,140.5300,171.3600,1.599787
g_row\[0\].g_col\[0\].pe/_1654_,VPWR,li1,130.6400,176.8000,1.599773
g_row\[0\].g_col\[0\].pe/_1653_,VPWR,li1,166.7500,165.9200,1.599872
g_row\[0\].g_col\[0\].pe/_1652_,VPWR,li1,158.2400,165.9200,1.599861
g_row\[0\].g_col\[0\].pe/_1651_,VPWR,li1,173.6500,165.9200,1.599884
g_row\[0\].g_col\[0\].pe/_1650_,VPWR,li1,160.3100,165.9200,1.599864
g_row\[0\].g_col\[0\].pe/_1649_,VPWR,li1,171.3500,144.1600,1.599878
g_row\[0\].g_col\[0\].pe/_1648_,VPWR,li1,168.3600,138.7200,1.599767
g_row\[0\].g_col\[0\].pe/_1647_,VPWR,li1,161.6900,144.1600,1.599850
g_row\[0\].g_col\[0\].pe/_1646_,VPWR,li1,145.3600,144.1600,1.599811
g_row\[0\].g_col\[0\].pe/_1645_,VPWR,li1,168.1300,144.1600,1.599865
g_row\[0\].g_col\[0\].pe/_1644_,VPWR,li1,98.2100,144.1600,1.599708
g_row\[0\].g_col\[0\].pe/_1643_,VPWR,li1,102.3500,149.6000,1.599811
g_row\[0\].g_col\[0\].pe/_1642_,VPWR,li1,153.4100,144.1600,1.599828
g_row\[0\].g_col\[0\].pe/_1641_,VPWR,li1,140.3000,138.7200,1.599724
g_row\[0\].g_col\[0\].pe/_1640_,VPWR,li1,170.4300,182.2400,1.599868
g_row\[0\].g_col\[0\].pe/_1639_,VPWR,li1,167.2100,204.0000,1.599751
g_row\[0\].g_col\[0\].pe/_1638_,VPWR,li1,160.7700,204.0000,1.599732
g_row\[0\].g_col\[0\].pe/_1637_,VPWR,li1,138.2300,204.0000,1.599691
g_row\[0\].g_col\[0\].pe/_1636_,VPWR,li1,136.3900,204.0000,1.599691
g_row\[0\].g_col\[0\].pe/_1635_,VPWR,li1,137.3100,198.5600,1.599805
g_row\[0\].g_col\[0\].pe/_1634_,VPWR,li1,137.3100,198.5600,1.599805
g_row\[0\].g_col\[0\].pe/_1633_,VPWR,li1,118.4500,204.0000,1.599695
g_row\[0\].g_col\[0\].pe/_1632_,VPWR,li1,116.1500,198.5600,1.599799
g_row\[0\].g_col\[0\].pe/_1631_,VPWR,li1,116.6100,193.1200,1.599656
g_row\[0\].g_col\[0\].pe/_1630_,VPWR,li1,112.4700,182.2400,1.599815
g_row\[0\].g_col\[0\].pe/_1629_,VPWR,li1,103.2700,198.5600,1.599802
g_row\[0\].g_col\[0\].pe/_1628_,VPWR,li1,99.1300,182.2400,1.599821
g_row\[0\].g_col\[0\].pe/_1627_,VPWR,li1,98.6700,176.8000,1.599773
g_row\[0\].g_col\[0\].pe/_1626_,VPWR,li1,103.5000,171.3600,1.599710
g_row\[0\].g_col\[0\].pe/_1625_,VPWR,li1,92.6900,182.2400,1.599826
g_row\[0\].g_col\[0\].pe/_1624_,VPWR,li1,91.3100,171.3600,1.599693
g_row\[0\].g_col\[0\].pe/_1623_,VPWR,li1,86.4800,171.3600,1.599687
g_row\[0\].g_col\[0\].pe/_1622_,VPWR,li1,91.7700,176.8000,1.599781
g_row\[0\].g_col\[0\].pe/_1621_,VPWR,li1,84.4100,176.8000,1.599789
g_row\[0\].g_col\[0\].pe/_1620_,VPWR,li1,80.7300,171.3600,1.599681
g_row\[0\].g_col\[0\].pe/_1619_,VPWR,li1,87.6300,176.8000,1.599784
g_row\[0\].g_col\[0\].pe/_1618_,VPWR,li1,101.4300,176.8000,1.599770
g_row\[0\].g_col\[0\].pe/_1617_,VPWR,li1,62.3300,182.2400,1.599861
g_row\[0\].g_col\[0\].pe/_1616_,VPWR,li1,98.2100,176.8000,1.599773
g_row\[0\].g_col\[0\].pe/_1615_,VPWR,li1,99.1300,193.1200,1.599627
g_row\[0\].g_col\[0\].pe/_1614_,VPWR,li1,93.1500,193.1200,1.599621
g_row\[0\].g_col\[0\].pe/_1613_,VPWR,li1,93.3800,193.1200,1.599621
g_row\[0\].g_col\[0\].pe/_1612_,VPWR,li1,95.9100,198.5600,1.599807
g_row\[0\].g_col\[0\].pe/_1611_,VPWR,li1,94.5300,187.6800,1.599798
g_row\[0\].g_col\[0\].pe/_1610_,VPWR,li1,92.4600,187.6800,1.599798
g_row\[0\].g_col\[0\].pe/_1609_,VPWR,li1,88.0900,193.1200,1.599615
g_row\[0\].g_col\[0\].pe/_1608_,VPWR,li1,80.9600,187.6800,1.599797
g_row\[0\].g_col\[0\].pe/_1607_,VPWR,li1,112.4700,204.0000,1.599699
g_row\[0\].g_col\[0\].pe/_1606_,VPWR,li1,112.0100,204.0000,1.599699
g_row\[0\].g_col\[0\].pe/_1605_,VPWR,li1,107.1800,209.4400,1.599800
g_row\[0\].g_col\[0\].pe/_1604_,VPWR,li1,107.4100,209.4400,1.599800
g_row\[0\].g_col\[0\].pe/_1603_,VPWR,li1,104.6500,209.4400,1.599800
g_row\[0\].g_col\[0\].pe/_1602_,VPWR,li1,123.5100,209.4400,1.599799
g_row\[0\].g_col\[0\].pe/_1601_,VPWR,li1,123.7400,214.8800,1.599712
g_row\[0\].g_col\[0\].pe/_1598_,VPWR,li1,118.6800,209.4400,1.599799
g_row\[0\].g_col\[0\].pe/_1597_,VPWR,li1,110.6300,187.6800,1.599803
g_row\[0\].g_col\[0\].pe/_1596_,VPWR,li1,113.1600,193.1200,1.599650
g_row\[0\].g_col\[0\].pe/_1595_,VPWR,li1,162.1500,198.5600,1.599835
g_row\[0\].g_col\[0\].pe/_1594_,VPWR,li1,164.9100,198.5600,1.599840
g_row\[0\].g_col\[0\].pe/_1593_,VPWR,li1,161.6900,193.1200,1.599775
g_row\[0\].g_col\[0\].pe/_1592_,VPWR,li1,170.4300,193.1200,1.599808
g_row\[0\].g_col\[0\].pe/_1591_,VPWR,li1,167.6700,198.5600,1.599846
g_row\[0\].g_col\[0\].pe/_1590_,VPWR,li1,161.6900,198.5600,1.599835
g_row\[0\].g_col\[0\].pe/_1589_,VPWR,li1,162.1500,187.6800,1.599851
g_row\[0\].g_col\[0\].pe/_1588_,VPWR,li1,158.9300,193.1200,1.599765
g_row\[0\].g_col\[0\].pe/_1587_,VPWR,li1,141.9100,198.5600,1.599806
g_row\[0\].g_col\[0\].pe/_1586_,VPWR,li1,138.6900,193.1200,1.599703
g_row\[0\].g_col\[0\].pe/_1585_,VPWR,li1,133.6300,193.1200,1.599692
g_row\[0\].g_col\[0\].pe/_1584_,VPWR,li1,135.9300,171.3600,1.599776
g_row\[0\].g_col\[0\].pe/_1583_,VPWR,li1,119.3700,193.1200,1.599660
g_row\[0\].g_col\[0\].pe/_1582_,VPWR,li1,117.0700,187.6800,1.599805
g_row\[0\].g_col\[0\].pe/_1581_,VPWR,li1,117.9900,165.9200,1.599814
g_row\[0\].g_col\[0\].pe/_1580_,VPWR,li1,115.9200,165.9200,1.599812
g_row\[0\].g_col\[0\].pe/_1579_,VPWR,li1,100.5100,171.3600,1.599703
g_row\[0\].g_col\[0\].pe/_1578_,VPWR,li1,95.4500,165.9200,1.599803
g_row\[0\].g_col\[0\].pe/_1577_,VPWR,li1,91.5400,171.3600,1.599693
g_row\[0\].g_col\[0\].pe/_1576_,VPWR,li1,99.1300,171.3600,1.599703
g_row\[0\].g_col\[0\].pe/_1575_,VPWR,li1,73.8300,171.3600,1.599675
g_row\[0\].g_col\[0\].pe/_1574_,VPWR,li1,71.0700,165.9200,1.599806
g_row\[0\].g_col\[0\].pe/_1573_,VPWR,li1,102.3500,165.9200,1.599805
g_row\[0\].g_col\[0\].pe/_1572_,VPWR,li1,101.2000,165.9200,1.599805
g_row\[0\].g_col\[0\].pe/_1571_,VPWR,li1,112.9300,193.1200,1.599650
g_row\[0\].g_col\[0\].pe/_1570_,VPWR,li1,110.1700,198.5600,1.599800
g_row\[0\].g_col\[0\].pe/_1569_,VPWR,li1,106.7200,193.1200,1.599640
g_row\[0\].g_col\[0\].pe/_1568_,VPWR,li1,108.7900,193.1200,1.599643
g_row\[0\].g_col\[0\].pe/_1567_,VPWR,li1,105.5700,187.6800,1.599800
g_row\[0\].g_col\[0\].pe/_1566_,VPWR,li1,100.2800,187.6800,1.599799
g_row\[0\].g_col\[0\].pe/_1565_,VPWR,li1,88.5500,187.6800,1.599797
g_row\[0\].g_col\[0\].pe/_1564_,VPWR,li1,86.9400,187.6800,1.599797
g_row\[0\].g_col\[0\].pe/_1563_,VPWR,li1,133.1700,198.5600,1.599803
g_row\[0\].g_col\[0\].pe/_1562_,VPWR,li1,130.1800,198.5600,1.599802
g_row\[0\].g_col\[0\].pe/_1561_,VPWR,li1,126.7300,198.5600,1.599801
g_row\[0\].g_col\[0\].pe/_1560_,VPWR,li1,131.1000,204.0000,1.599691
g_row\[0\].g_col\[0\].pe/_1559_,VPWR,li1,125.8100,198.5600,1.599801
g_row\[0\].g_col\[0\].pe/_1558_,VPWR,li1,124.2000,204.0000,1.599693
g_row\[0\].g_col\[0\].pe/_1557_,VPWR,li1,123.9700,204.0000,1.599693
g_row\[0\].g_col\[0\].pe/_1556_,VPWR,li1,123.7400,209.4400,1.599799
g_row\[0\].g_col\[0\].pe/_1555_,VPWR,li1,130.1800,193.1200,1.599684
g_row\[0\].g_col\[0\].pe/_1554_,VPWR,li1,123.7400,198.5600,1.599800
g_row\[0\].g_col\[0\].pe/_1553_,VPWR,li1,156.8600,198.5600,1.599825
g_row\[0\].g_col\[0\].pe/_1552_,VPWR,li1,151.1100,198.5600,1.599818
g_row\[0\].g_col\[0\].pe/_1551_,VPWR,li1,171.5800,187.6800,1.599867
g_row\[0\].g_col\[0\].pe/_1550_,VPWR,li1,167.6700,187.6800,1.599859
g_row\[0\].g_col\[0\].pe/_1549_,VPWR,li1,158.7000,187.6800,1.599846
g_row\[0\].g_col\[0\].pe/_1548_,VPWR,li1,169.9700,193.1200,1.599801
g_row\[0\].g_col\[0\].pe/_1547_,VPWR,li1,165.3700,193.1200,1.599782
g_row\[0\].g_col\[0\].pe/_1546_,VPWR,li1,155.7100,198.5600,1.599825
g_row\[0\].g_col\[0\].pe/_1545_,VPWR,li1,152.0300,193.1200,1.599743
g_row\[0\].g_col\[0\].pe/_1544_,VPWR,li1,131.3300,204.0000,1.599691
g_row\[0\].g_col\[0\].pe/_1543_,VPWR,li1,127.8800,204.0000,1.599692
g_row\[0\].g_col\[0\].pe/_1541_,VPWR,li1,126.7300,225.7600,1.599702
g_row\[0\].g_col\[0\].pe/_1540_,VPWR,li1,127.4200,220.3200,1.599714
g_row\[0\].g_col\[0\].pe/_1538_,VPWR,li1,118.9100,214.8800,1.599710
g_row\[0\].g_col\[0\].pe/_1537_,VPWR,li1,150.1900,193.1200,1.599738
g_row\[0\].g_col\[0\].pe/_1536_,VPWR,li1,149.0400,182.2400,1.599833
g_row\[0\].g_col\[0\].pe/_1535_,VPWR,li1,156.6300,193.1200,1.599753
g_row\[0\].g_col\[0\].pe/_1534_,VPWR,li1,159.3900,193.1200,1.599765
g_row\[0\].g_col\[0\].pe/_1533_,VPWR,li1,138.2300,193.1200,1.599703
g_row\[0\].g_col\[0\].pe/_1532_,VPWR,li1,131.3300,193.1200,1.599684
g_row\[0\].g_col\[0\].pe/_1531_,VPWR,li1,128.5700,187.6800,1.599814
g_row\[0\].g_col\[0\].pe/_1530_,VPWR,li1,123.7400,187.6800,1.599811
g_row\[0\].g_col\[0\].pe/_1529_,VPWR,li1,125.3500,193.1200,1.599673
g_row\[0\].g_col\[0\].pe/_1528_,VPWR,li1,124.8900,193.1200,1.599673
g_row\[0\].g_col\[0\].pe/_1527_,VPWR,li1,120.0600,182.2400,1.599815
g_row\[0\].g_col\[0\].pe/_1526_,VPWR,li1,121.2100,187.6800,1.599809
g_row\[0\].g_col\[0\].pe/_1525_,VPWR,li1,99.3600,187.6800,1.599799
g_row\[0\].g_col\[0\].pe/_1524_,VPWR,li1,137.7700,165.9200,1.599832
g_row\[0\].g_col\[0\].pe/_1523_,VPWR,li1,124.8900,171.3600,1.599747
g_row\[0\].g_col\[0\].pe/_1522_,VPWR,li1,123.5100,165.9200,1.599818
g_row\[0\].g_col\[0\].pe/_1521_,VPWR,li1,123.7400,165.9200,1.599818
g_row\[0\].g_col\[0\].pe/_1520_,VPWR,li1,115.6900,171.3600,1.599730
g_row\[0\].g_col\[0\].pe/_1519_,VPWR,li1,76.1300,165.9200,1.599804
g_row\[0\].g_col\[0\].pe/_1518_,VPWR,li1,77.0500,165.9200,1.599804
g_row\[0\].g_col\[0\].pe/_1517_,VPWR,li1,112.0100,165.9200,1.599809
g_row\[0\].g_col\[0\].pe/_1516_,VPWR,li1,104.8800,165.9200,1.599806
g_row\[0\].g_col\[0\].pe/_1515_,VPWR,li1,136.3900,160.4800,1.599833
g_row\[0\].g_col\[0\].pe/_1514_,VPWR,li1,128.8000,160.4800,1.599820
g_row\[0\].g_col\[0\].pe/_1513_,VPWR,li1,156.6300,182.2400,1.599842
g_row\[0\].g_col\[0\].pe/_1512_,VPWR,li1,153.8700,171.3600,1.599818
g_row\[0\].g_col\[0\].pe/_1511_,VPWR,li1,165.8300,182.2400,1.599858
g_row\[0\].g_col\[0\].pe/_1510_,VPWR,li1,160.3100,182.2400,1.599848
g_row\[0\].g_col\[0\].pe/_1509_,VPWR,li1,162.1500,187.6800,1.599851
g_row\[0\].g_col\[0\].pe/_1508_,VPWR,li1,151.1100,176.8000,1.599802
g_row\[0\].g_col\[0\].pe/_1507_,VPWR,li1,149.0400,176.8000,1.599798
g_row\[0\].g_col\[0\].pe/_1506_,VPWR,li1,158.0100,187.6800,1.599846
g_row\[0\].g_col\[0\].pe/_1504_,VPWR,li1,124.4300,220.3200,1.599713
g_row\[0\].g_col\[0\].pe/_1503_,VPWR,li1,129.4900,220.3200,1.599716
g_row\[0\].g_col\[0\].pe/_1502_,VPWR,li1,130.6400,220.3200,1.599716
g_row\[0\].g_col\[0\].pe/_1501_,VPWR,li1,164.9100,182.2400,1.599853
g_row\[0\].g_col\[0\].pe/_1500_,VPWR,li1,157.0900,182.2400,1.599842
g_row\[0\].g_col\[0\].pe/_1499_,VPWR,li1,152.4900,187.6800,1.599838
g_row\[0\].g_col\[0\].pe/_1498_,VPWR,li1,144.2100,193.1200,1.599720
g_row\[0\].g_col\[0\].pe/_1497_,VPWR,li1,127.4200,187.6800,1.599814
g_row\[0\].g_col\[0\].pe/_1496_,VPWR,li1,146.5100,187.6800,1.599831
g_row\[0\].g_col\[0\].pe/_1495_,VPWR,li1,137.7700,187.6800,1.599822
g_row\[0\].g_col\[0\].pe/_1494_,VPWR,li1,131.1000,187.6800,1.599817
g_row\[0\].g_col\[0\].pe/_1493_,VPWR,li1,142.8300,187.6800,1.599826
g_row\[0\].g_col\[0\].pe/_1492_,VPWR,li1,106.7200,182.2400,1.599815
g_row\[0\].g_col\[0\].pe/_1491_,VPWR,li1,153.4100,176.8000,1.599806
g_row\[0\].g_col\[0\].pe/_1490_,VPWR,li1,135.9300,165.9200,1.599828
g_row\[0\].g_col\[0\].pe/_1489_,VPWR,li1,134.0900,160.4800,1.599826
g_row\[0\].g_col\[0\].pe/_1488_,VPWR,li1,132.4800,155.0400,1.599847
g_row\[0\].g_col\[0\].pe/_1487_,VPWR,li1,129.0300,160.4800,1.599820
g_row\[0\].g_col\[0\].pe/_1486_,VPWR,li1,97.7500,155.0400,1.599826
g_row\[0\].g_col\[0\].pe/_1485_,VPWR,li1,98.2100,160.4800,1.599775
g_row\[0\].g_col\[0\].pe/_1484_,VPWR,li1,125.3500,138.7200,1.599704
g_row\[0\].g_col\[0\].pe/_1483_,VPWR,li1,123.7400,138.7200,1.599704
g_row\[0\].g_col\[0\].pe/_1482_,VPWR,li1,151.1100,165.9200,1.599850
g_row\[0\].g_col\[0\].pe/_1481_,VPWR,li1,148.5800,155.0400,1.599862
g_row\[0\].g_col\[0\].pe/_1480_,VPWR,li1,160.3100,176.8000,1.599817
g_row\[0\].g_col\[0\].pe/_1479_,VPWR,li1,158.9300,171.3600,1.599836
g_row\[0\].g_col\[0\].pe/_1478_,VPWR,li1,155.7100,176.8000,1.599810
g_row\[0\].g_col\[0\].pe/_1477_,VPWR,li1,131.3300,176.8000,1.599773
g_row\[0\].g_col\[0\].pe/_1476_,VPWR,li1,126.9600,182.2400,1.599816
g_row\[0\].g_col\[0\].pe/_1474_,VPWR,li1,64.6300,225.7600,1.599801
g_row\[0\].g_col\[0\].pe/_1473_,VPWR,li1,68.3100,220.3200,1.599769
g_row\[0\].g_col\[0\].pe/_1471_,VPWR,li1,62.1000,220.3200,1.599783
g_row\[0\].g_col\[0\].pe/_1470_,VPWR,li1,62.3300,214.8800,1.599798
g_row\[0\].g_col\[0\].pe/_1469_,VPWR,li1,59.5700,220.3200,1.599790
g_row\[0\].g_col\[0\].pe/_1466_,VPWR,li1,45.3100,225.7600,1.599849
g_row\[0\].g_col\[0\].pe/_1465_,VPWR,li1,149.2700,171.3600,1.599809
g_row\[0\].g_col\[0\].pe/_1464_,VPWR,li1,135.4700,176.8000,1.599778
g_row\[0\].g_col\[0\].pe/_1463_,VPWR,li1,129.7200,171.3600,1.599757
g_row\[0\].g_col\[0\].pe/_1461_,VPWR,li1,54.0500,198.5600,1.599866
g_row\[0\].g_col\[0\].pe/_1460_,VPWR,li1,54.0500,204.0000,1.599809
g_row\[0\].g_col\[0\].pe/_1459_,VPWR,li1,54.0500,204.0000,1.599809
g_row\[0\].g_col\[0\].pe/_1457_,VPWR,li1,65.0900,204.0000,1.599780
g_row\[0\].g_col\[0\].pe/_1453_,VPWR,li1,52.2100,198.5600,1.599871
g_row\[0\].g_col\[0\].pe/_1452_,VPWR,li1,144.2100,176.8000,1.599792
g_row\[0\].g_col\[0\].pe/_1451_,VPWR,li1,142.1400,176.8000,1.599788
g_row\[0\].g_col\[0\].pe/_1449_,VPWR,li1,47.1500,193.1200,1.599756
g_row\[0\].g_col\[0\].pe/_1448_,VPWR,li1,50.3700,193.1200,1.599734
g_row\[0\].g_col\[0\].pe/_1447_,VPWR,li1,50.8300,198.5600,1.599871
g_row\[0\].g_col\[0\].pe/_1444_,VPWR,li1,48.9900,187.6800,1.599836
g_row\[0\].g_col\[0\].pe/_1443_,VPWR,li1,159.8500,171.3600,1.599836
g_row\[0\].g_col\[0\].pe/_1442_,VPWR,li1,153.4100,160.4800,1.599863
g_row\[0\].g_col\[0\].pe/_1441_,VPWR,li1,146.9700,160.4800,1.599851
g_row\[0\].g_col\[0\].pe/_1440_,VPWR,li1,142.1400,160.4800,1.599843
g_row\[0\].g_col\[0\].pe/_1438_,VPWR,li1,150.6500,160.4800,1.599857
g_row\[0\].g_col\[0\].pe/_1437_,VPWR,li1,142.8300,160.4800,1.599843
g_row\[0\].g_col\[0\].pe/_1436_,VPWR,li1,98.2100,155.0400,1.599826
g_row\[0\].g_col\[0\].pe/_1432_,VPWR,li1,145.1300,138.7200,1.599730
g_row\[0\].g_col\[0\].pe/_1431_,VPWR,li1,139.3800,144.1600,1.599795
g_row\[0\].g_col\[0\].pe/_1429_,VPWR,li1,155.7100,165.9200,1.599857
g_row\[0\].g_col\[0\].pe/_1428_,VPWR,li1,153.1800,171.3600,1.599818
g_row\[0\].g_col\[0\].pe/_1427_,VPWR,li1,146.0500,165.9200,1.599843
g_row\[0\].g_col\[0\].pe/_1426_,VPWR,li1,145.3600,171.3600,1.599796
g_row\[0\].g_col\[0\].pe/_1424_,VPWR,li1,47.6100,176.8000,1.599846
g_row\[0\].g_col\[0\].pe/_1423_,VPWR,li1,49.4500,182.2400,1.599884
g_row\[0\].g_col\[0\].pe/_1422_,VPWR,li1,49.4500,182.2400,1.599884
g_row\[0\].g_col\[0\].pe/_1421_,VPWR,li1,61.4100,176.8000,1.599820
g_row\[0\].g_col\[0\].pe/_1420_,VPWR,li1,152.0300,165.9200,1.599850
g_row\[0\].g_col\[0\].pe/_1419_,VPWR,li1,144.2100,165.9200,1.599841
g_row\[0\].g_col\[0\].pe/_1418_,VPWR,li1,82.1100,165.9200,1.599803
g_row\[0\].g_col\[0\].pe/_1416_,VPWR,li1,34.7300,176.8000,1.599875
g_row\[0\].g_col\[0\].pe/_1415_,VPWR,li1,79.8100,176.8000,1.599795
g_row\[0\].g_col\[0\].pe/_1414_,VPWR,li1,81.1900,176.8000,1.599792
g_row\[0\].g_col\[0\].pe/_1413_,VPWR,li1,134.5500,171.3600,1.599771
g_row\[0\].g_col\[0\].pe/_1412_,VPWR,li1,106.7200,171.3600,1.599714
g_row\[0\].g_col\[0\].pe/_1411_,VPWR,li1,104.1900,176.8000,1.599767
g_row\[0\].g_col\[0\].pe/_1408_,VPWR,li1,156.6300,225.7600,1.599711
g_row\[0\].g_col\[0\].pe/_1407_,VPWR,li1,162.6100,231.2000,1.599768
g_row\[0\].g_col\[0\].pe/_1406_,VPWR,li1,169.0500,225.7600,1.599745
g_row\[0\].g_col\[0\].pe/_1405_,VPWR,li1,157.0900,231.2000,1.599756
g_row\[0\].g_col\[0\].pe/_1404_,VPWR,li1,166.2900,231.2000,1.599778
g_row\[0\].g_col\[0\].pe/_1403_,VPWR,li1,149.5000,220.3200,1.599734
g_row\[0\].g_col\[0\].pe/_1402_,VPWR,li1,153.4100,220.3200,1.599738
g_row\[0\].g_col\[0\].pe/_1401_,VPWR,li1,156.4000,209.4400,1.599817
g_row\[0\].g_col\[0\].pe/_1400_,VPWR,li1,158.4700,214.8800,1.599753
g_row\[0\].g_col\[0\].pe/_1399_,VPWR,li1,140.7600,225.7600,1.599703
g_row\[0\].g_col\[0\].pe/_1398_,VPWR,li1,158.9300,225.7600,1.599713
g_row\[0\].g_col\[0\].pe/_1397_,VPWR,li1,155.4800,214.8800,1.599747
g_row\[0\].g_col\[0\].pe/_1396_,VPWR,li1,161.6900,220.3200,1.599758
g_row\[0\].g_col\[0\].pe/_1395_,VPWR,li1,137.5400,225.7600,1.599703
g_row\[0\].g_col\[0\].pe/_1394_,VPWR,li1,161.6900,214.8800,1.599757
g_row\[0\].g_col\[0\].pe/_1393_,VPWR,li1,142.1400,214.8800,1.599724
g_row\[0\].g_col\[0\].pe/_1392_,VPWR,li1,150.6500,220.3200,1.599734
g_row\[0\].g_col\[0\].pe/_1391_,VPWR,li1,144.9000,209.4400,1.599808
g_row\[0\].g_col\[0\].pe/_1389_,VPWR,li1,159.3900,209.4400,1.599822
g_row\[0\].g_col\[0\].pe/_1388_,VPWR,li1,140.3000,198.5600,1.599806
g_row\[0\].g_col\[0\].pe/_1387_,VPWR,li1,157.0900,209.4400,1.599820
g_row\[0\].g_col\[0\].pe/_1386_,VPWR,li1,55.2000,182.2400,1.599875
g_row\[0\].g_col\[0\].pe/_1385_,VPWR,li1,145.5900,193.1200,1.599720
g_row\[0\].g_col\[0\].pe/_1384_,VPWR,li1,143.0600,204.0000,1.599694
g_row\[0\].g_col\[0\].pe/_1383_,VPWR,li1,149.7300,204.0000,1.599706
g_row\[0\].g_col\[0\].pe/_1380_,VPWR,li1,59.8000,182.2400,1.599865
g_row\[0\].g_col\[0\].pe/_1377_,VPWR,li1,129.9500,225.7600,1.599702
g_row\[0\].g_col\[0\].pe/_1376_,VPWR,li1,147.8900,193.1200,1.599729
g_row\[0\].g_col\[0\].pe/_1374_,VPWR,li1,153.4100,182.2400,1.599838
g_row\[0\].g_col\[0\].pe/_1372_,VPWR,li1,154.1000,187.6800,1.599838
g_row\[0\].g_col\[0\].pe/_1371_,VPWR,li1,220.5700,263.8400,1.599763
g_row\[0\].g_col\[0\].pe/_1370_,VPWR,li1,222.6400,263.8400,1.599760
g_row\[0\].g_col\[0\].pe/_1369_,VPWR,li1,249.5500,242.0800,1.599395
g_row\[0\].g_col\[0\].pe/_1368_,VPWR,li1,228.8500,263.8400,1.599752
g_row\[0\].g_col\[0\].pe/_1367_,VPWR,li1,232.0700,258.4000,1.599645
g_row\[0\].g_col\[0\].pe/_1366_,VPWR,li1,227.4700,258.4000,1.599651
g_row\[0\].g_col\[0\].pe/_1365_,VPWR,li1,222.6400,258.4000,1.599657
g_row\[0\].g_col\[0\].pe/_1364_,VPWR,li1,228.8500,258.4000,1.599648
g_row\[0\].g_col\[0\].pe/_1363_,VPWR,li1,233.9100,263.8400,1.599745
g_row\[0\].g_col\[0\].pe/_1362_,VPWR,li1,226.5500,258.4000,1.599651
g_row\[0\].g_col\[0\].pe/_1361_,VPWR,li1,227.9300,263.8400,1.599752
g_row\[0\].g_col\[0\].pe/_1360_,VPWR,li1,209.9900,263.8400,1.599779
g_row\[0\].g_col\[0\].pe/_1359_,VPWR,li1,213.2100,263.8400,1.599776
g_row\[0\].g_col\[0\].pe/_1358_,VPWR,li1,209.0700,258.4000,1.599677
g_row\[0\].g_col\[0\].pe/_1357_,VPWR,li1,207.2300,263.8400,1.599785
g_row\[0\].g_col\[0\].pe/_1356_,VPWR,li1,203.5500,258.4000,1.599687
g_row\[0\].g_col\[0\].pe/_1355_,VPWR,li1,203.0900,258.4000,1.599692
g_row\[0\].g_col\[0\].pe/_1354_,VPWR,li1,200.7900,263.8400,1.599794
g_row\[0\].g_col\[0\].pe/_1353_,VPWR,li1,197.1100,258.4000,1.599702
g_row\[0\].g_col\[0\].pe/_1352_,VPWR,li1,196.8800,258.4000,1.599702
g_row\[0\].g_col\[0\].pe/_1351_,VPWR,li1,195.7300,263.8400,1.599801
g_row\[0\].g_col\[0\].pe/_1350_,VPWR,li1,192.5100,258.4000,1.599711
g_row\[0\].g_col\[0\].pe/_1349_,VPWR,li1,192.5100,263.8400,1.599807
g_row\[0\].g_col\[0\].pe/_1348_,VPWR,li1,191.5900,263.8400,1.599807
g_row\[0\].g_col\[0\].pe/_1347_,VPWR,li1,189.2900,258.4000,1.599719
g_row\[0\].g_col\[0\].pe/_1346_,VPWR,li1,188.8300,258.4000,1.599719
g_row\[0\].g_col\[0\].pe/_1345_,VPWR,li1,184.0000,258.4000,1.599730
g_row\[0\].g_col\[0\].pe/_1344_,VPWR,li1,189.7500,252.9600,1.599645
g_row\[0\].g_col\[0\].pe/_1343_,VPWR,li1,184.2300,252.9600,1.599669
g_row\[0\].g_col\[0\].pe/_1342_,VPWR,li1,185.6100,263.8400,1.599817
g_row\[0\].g_col\[0\].pe/_1341_,VPWR,li1,183.7700,258.4000,1.599730
g_row\[0\].g_col\[0\].pe/_1340_,VPWR,li1,115.6900,165.9200,1.599812
_340_,VPWR,li1,180.5500,19.0400,1.599784
_339_,VPWR,li1,156.1700,13.6000,1.599784
_338_,VPWR,li1,14.0300,100.6400,1.599807
_337_,VPWR,li1,169.0500,13.6000,1.599814
_336_,VPWR,li1,156.1700,106.0800,1.599754
_335_,VPWR,li1,156.1700,19.0400,1.599748
_334_,VPWR,li1,154.7900,19.0400,1.599748
_333_,VPWR,li1,148.3500,13.6000,1.599771
_332_,VPWR,li1,11.2700,51.6800,1.599927
_331_,VPWR,li1,165.3700,13.6000,1.599804
_330_,VPWR,li1,192.0500,13.6000,1.599798
_329_,VPWR,li1,180.5500,19.0400,1.599784
_328_,VPWR,li1,153.4100,24.4800,1.599780
_327_,VPWR,li1,192.9700,13.6000,1.599798
_326_,VPWR,li1,181.9300,13.6000,1.599818
_325_,VPWR,li1,156.1700,13.6000,1.599784
_324_,VPWR,li1,169.0500,263.8400,1.599798
_323_,VPWR,li1,156.1700,247.5200,1.599580
_322_,VPWR,li1,181.9300,225.7600,1.599738
_321_,VPWR,li1,181.9300,231.2000,1.599785
_320_,VPWR,li1,179.6300,225.7600,1.599749
_319_,VPWR,li1,173.6500,225.7600,1.599762
_318_,VPWR,li1,153.4100,258.4000,1.599604
_317_,VPWR,li1,164.4500,263.8400,1.599775
_316_,VPWR,li1,156.1700,252.9600,1.599568
_315_,VPWR,li1,148.3500,242.0800,1.599478
_314_,VPWR,li1,148.3500,258.4000,1.599568
_313_,VPWR,li1,152.4900,247.5200,1.599563
_312_,VPWR,li1,148.3500,252.9600,1.599515
_311_,VPWR,li1,138.6900,258.4000,1.599525
_310_,VPWR,li1,135.9300,263.8400,1.599645
_309_,VPWR,li1,127.6500,263.8400,1.599620
_308_,VPWR,li1,383.4100,149.6000,1.599793
_307_,VPWR,li1,192.0500,138.7200,1.599651
_306_,VPWR,li1,198.0300,144.1600,1.599851
_305_,VPWR,li1,198.0300,149.6000,1.599871
_304_,VPWR,li1,346.1500,144.1600,1.599707
_303_,VPWR,li1,319.9300,133.2800,1.599776
_302_,VPWR,li1,331.8900,133.2800,1.599774
_301_,VPWR,li1,349.3700,138.7200,1.599724
_300_,VPWR,li1,380.6500,149.6000,1.599795
_299_,VPWR,li1,362.2500,138.7200,1.599705
_298_,VPWR,li1,370.9900,144.1600,1.599602
_297_,VPWR,li1,374.2100,155.0400,1.599692
_296_,VPWR,li1,388.9300,155.0400,1.599666
_295_,VPWR,li1,375.5900,155.0400,1.599692
_294_,VPWR,li1,377.8900,160.4800,1.599687
_293_,VPWR,li1,388.0100,160.4800,1.599672
_292_,VPWR,li1,35.6500,155.0400,1.599859
_291_,VPWR,li1,14.0300,160.4800,1.599866
_290_,VPWR,li1,35.6500,160.4800,1.599806
_289_,VPWR,li1,12.1900,165.9200,1.599875
_288_,VPWR,li1,35.6500,263.8400,1.599729
_287_,VPWR,li1,11.2700,171.3600,1.599806
_286_,VPWR,li1,10.8100,165.9200,1.599875
_285_,VPWR,li1,74.2900,263.8400,1.599574
_284_,VPWR,li1,24.1500,149.6000,1.599889
_283_,VPWR,li1,14.4900,155.0400,1.599882
_282_,VPWR,li1,22.7700,155.0400,1.599890
_281_,VPWR,li1,17.7100,160.4800,1.599868
_280_,VPWR,li1,27.8300,160.4800,1.599840
_279_,VPWR,li1,32.4300,155.0400,1.599867
_278_,VPWR,li1,40.2500,155.0400,1.599851
_277_,VPWR,li1,105.1100,263.8400,1.599575
_276_,VPWR,li1,148.8100,116.9600,1.599519
_275_,VPWR,li1,43.0100,144.1600,1.599757
_274_,VPWR,li1,10.8100,133.2800,1.599891
_273_,VPWR,li1,12.1900,138.7200,1.599884
_271_,VPWR,li1,9.8900,133.2800,1.599891
_269_,VPWR,li1,176.8700,24.4800,1.599816
_267_,VPWR,li1,139.6100,13.6000,1.599764
_265_,VPWR,li1,9.8900,106.0800,1.599837
_263_,VPWR,li1,174.1100,24.4800,1.599828
_261_,VPWR,li1,9.8900,106.0800,1.599837
_259_,VPWR,li1,144.6700,13.6000,1.599768
_257_,VPWR,li1,153.4100,24.4800,1.599780
_255_,VPWR,li1,144.6700,19.0400,1.599739
_253_,VPWR,li1,14.9500,106.0800,1.599837
_251_,VPWR,li1,169.0500,24.4800,1.599807
_249_,VPWR,li1,196.1900,19.0400,1.599737
_247_,VPWR,li1,183.3100,13.6000,1.599818
_245_,VPWR,li1,149.7300,19.0400,1.599743
_243_,VPWR,li1,190.6700,19.0400,1.599752
_241_,VPWR,li1,170.4300,19.0400,1.599783
_239_,VPWR,li1,162.1500,29.9200,1.599841
_237_,VPWR,li1,168.5900,252.9600,1.599660
_235_,VPWR,li1,154.7900,263.8400,1.599731
_233_,VPWR,li1,180.0900,263.8400,1.599825
_231_,VPWR,li1,180.0900,263.8400,1.599825
_229_,VPWR,li1,177.3300,258.4000,1.599744
_227_,VPWR,li1,161.6900,263.8400,1.599756
_225_,VPWR,li1,144.6700,263.8400,1.599687
_223_,VPWR,li1,163.0700,252.9600,1.599618
_221_,VPWR,li1,154.7900,258.4000,1.599604
_219_,VPWR,li1,131.7900,263.8400,1.599635
_217_,VPWR,li1,132.2500,258.4000,1.599501
_215_,VPWR,li1,139.6100,263.8400,1.599666
_213_,VPWR,li1,144.6700,263.8400,1.599687
_211_,VPWR,li1,127.1900,258.4000,1.599491
_209_,VPWR,li1,131.7900,247.5200,1.599510
_207_,VPWR,li1,125.8100,252.9600,1.599447
_205_,VPWR,li1,387.0900,144.1600,1.599587
_203_,VPWR,li1,106.0300,138.7200,1.599690
_201_,VPWR,li1,191.5900,144.1600,1.599859
_199_,VPWR,li1,78.4300,149.6000,1.599795
_197_,VPWR,li1,345.6900,133.2800,1.599677
_195_,VPWR,li1,318.5500,122.4000,1.599655
_193_,VPWR,li1,347.0700,133.2800,1.599677
_191_,VPWR,li1,356.2700,144.1600,1.599650
_189_,VPWR,li1,387.0900,149.6000,1.599793
_187_,VPWR,li1,376.5100,149.6000,1.599798
_185_,VPWR,li1,372.3700,144.1600,1.599602
_183_,VPWR,li1,382.4900,155.0400,1.599678
_181_,VPWR,li1,382.4900,138.7200,1.599695
_179_,VPWR,li1,389.3900,171.3600,1.599808
_177_,VPWR,li1,389.8500,149.6000,1.599793
_175_,VPWR,li1,376.5100,160.4800,1.599687
_173_,VPWR,li1,18.6300,144.1600,1.599856
_171_,VPWR,li1,12.6500,155.0400,1.599882
_169_,VPWR,li1,13.5700,144.1600,1.599855
_167_,VPWR,li1,9.8900,171.3600,1.599806
_165_,VPWR,li1,83.9500,263.8400,1.599568
_163_,VPWR,li1,21.3900,160.4800,1.599871
_161_,VPWR,li1,9.8900,160.4800,1.599866
_159_,VPWR,li1,76.5900,258.4000,1.599545
_157_,VPWR,li1,17.7100,149.6000,1.599898
_155_,VPWR,li1,11.2700,138.7200,1.599884
_153_,VPWR,li1,15.8700,149.6000,1.599898
_151_,VPWR,li1,10.8100,149.6000,1.599897
_149_,VPWR,li1,10.8100,144.1600,1.599854
_147_,VPWR,li1,24.1500,144.1600,1.599836
_145_,VPWR,li1,15.8700,144.1600,1.599855
_143_,VPWR,li1,154.7900,263.8400,1.599731
_141_,VPWR,li1,9.8900,122.4000,1.599790
_139_,VPWR,li1,12.6500,149.6000,1.599897
_137_,VPWR,li1,9.4300,127.8400,1.599827
_136_,VPWR,li1,7.5900,116.9600,1.599803
