Instance,Terminal,Layer,X location,Y location,Voltage
FILLER_93_841,VGND,li1,392.6100,266.5600,0.000033
FILLER_93_838,VGND,li1,391.4600,266.5600,0.000033
FILLER_93_810,VGND,li1,378.5800,266.5600,0.000033
FILLER_93_770,VGND,li1,360.1800,266.5600,0.000030
FILLER_93_767,VGND,li1,359.0300,266.5600,0.000030
FILLER_93_760,VGND,li1,355.8100,266.5600,0.000029
FILLER_93_757,VGND,li1,354.4300,266.5600,0.000029
FILLER_93_741,VGND,li1,346.8400,266.5600,0.000028
FILLER_93_738,VGND,li1,345.6900,266.5600,0.000028
FILLER_93_735,VGND,li1,344.3100,266.5600,0.000028
FILLER_93_732,VGND,li1,342.9300,266.5600,0.000028
FILLER_93_729,VGND,li1,341.5500,266.5600,0.000027
FILLER_93_726,VGND,li1,339.9400,266.5600,0.000027
FILLER_93_710,VGND,li1,332.8100,266.5600,0.000026
FILLER_93_698,VGND,li1,327.0600,266.5600,0.000032
FILLER_93_682,VGND,li1,319.9300,266.5600,0.000038
FILLER_93_666,VGND,li1,312.3400,266.5600,0.000043
FILLER_93_657,VGND,li1,308.4300,266.5600,0.000045
FILLER_93_651,VGND,li1,305.2100,266.5600,0.000047
FILLER_93_645,VGND,li1,302.6800,266.5600,0.000047
FILLER_93_621,VGND,li1,291.6400,266.5600,0.000050
FILLER_93_605,VGND,li1,284.5100,266.5600,0.000052
FILLER_93_589,VGND,li1,276.9200,266.5600,0.000053
FILLER_93_576,VGND,li1,270.9400,266.5600,0.000054
FILLER_93_545,VGND,li1,256.6800,266.5600,0.000057
FILLER_93_529,VGND,li1,249.5500,266.5600,0.000058
FILLER_93_513,VGND,li1,241.7300,266.5600,0.000059
FILLER_93_477,VGND,li1,225.4000,266.5600,0.000060
FILLER_93_463,VGND,li1,218.7300,266.5600,0.000060
FILLER_93_453,VGND,li1,214.3600,266.5600,0.000060
FILLER_93_413,VGND,li1,196.1900,266.5600,0.000060
FILLER_93_393,VGND,li1,186.9900,266.5600,0.000060
FILLER_93_389,VGND,li1,185.1500,266.5600,0.000060
FILLER_93_369,VGND,li1,175.4900,266.5600,0.000068
FILLER_93_363,VGND,li1,172.7300,266.5600,0.000075
FILLER_93_330,VGND,li1,157.7800,266.5600,0.000108
FILLER_93_318,VGND,li1,152.0300,266.5600,0.000119
FILLER_93_281,VGND,li1,135.0100,266.5600,0.000149
FILLER_93_268,VGND,li1,129.0300,266.5600,0.000158
FILLER_93_247,VGND,li1,119.3700,266.5600,0.000168
FILLER_93_197,VGND,li1,96.6000,266.5600,0.000173
FILLER_93_176,VGND,li1,86.9400,266.5600,0.000171
FILLER_93_166,VGND,li1,82.3400,266.5600,0.000169
FILLER_93_126,VGND,li1,63.7100,266.5600,0.000157
FILLER_93_113,VGND,li1,57.9600,266.5600,0.000148
FILLER_93_93,VGND,li1,48.5300,266.5600,0.000126
FILLER_93_57,VGND,li1,32.2000,266.5600,0.000087
FILLER_93_51,VGND,li1,29.2100,266.5600,0.000081
FILLER_93_36,VGND,li1,22.5400,266.5600,0.000072
FILLER_93_29,VGND,li1,19.3200,266.5600,0.000073
FILLER_93_3,VGND,li1,7.1300,266.5600,0.000075
FILLER_92_810,VGND,li1,378.5800,261.1200,0.000293
FILLER_92_776,VGND,li1,362.9400,261.1200,0.000270
FILLER_92_757,VGND,li1,354.2000,261.1200,0.000249
FILLER_92_701,VGND,li1,328.2100,261.1200,0.000208
FILLER_92_698,VGND,li1,327.0600,261.1200,0.000217
FILLER_92_691,VGND,li1,324.0700,261.1200,0.000229
FILLER_92_636,VGND,li1,298.5400,261.1200,0.000313
FILLER_92_569,VGND,li1,267.7200,261.1200,0.000352
FILLER_92_550,VGND,li1,258.9800,261.1200,0.000351
FILLER_92_503,VGND,li1,237.3600,261.1200,0.000333
FILLER_92_474,VGND,li1,224.0200,261.1200,0.000312
FILLER_92_458,VGND,li1,216.8900,261.1200,0.000304
FILLER_92_369,VGND,li1,175.4900,261.1200,0.000271
FILLER_92_292,VGND,li1,140.0700,261.1200,0.000517
FILLER_92_274,VGND,li1,131.7900,261.1200,0.000553
FILLER_92_247,VGND,li1,119.3700,261.1200,0.000583
FILLER_92_197,VGND,li1,96.6000,261.1200,0.000579
FILLER_92_176,VGND,li1,86.7100,261.1200,0.000563
FILLER_92_85,VGND,li1,44.8500,261.1200,0.000378
FILLER_92_74,VGND,li1,40.2500,261.1200,0.000336
FILLER_92_42,VGND,li1,25.3000,261.1200,0.000223
FILLER_91_841,VGND,li1,392.6100,261.1200,0.000296
FILLER_91_810,VGND,li1,378.3500,261.1200,0.000293
FILLER_91_802,VGND,li1,374.6700,261.1200,0.000292
FILLER_91_783,VGND,li1,365.9300,261.1200,0.000276
FILLER_91_776,VGND,li1,362.7100,261.1200,0.000270
FILLER_91_732,VGND,li1,342.7000,261.1200,0.000219
FILLER_91_729,VGND,li1,341.5500,261.1200,0.000213
FILLER_91_726,VGND,li1,339.9400,261.1200,0.000208
FILLER_91_723,VGND,li1,338.7900,261.1200,0.000208
FILLER_91_696,VGND,li1,326.3700,261.1200,0.000217
FILLER_91_669,VGND,li1,313.9500,261.1200,0.000272
FILLER_91_658,VGND,li1,308.8900,261.1200,0.000287
FILLER_91_643,VGND,li1,301.5300,261.1200,0.000308
FILLER_91_640,VGND,li1,300.6100,261.1200,0.000308
FILLER_91_637,VGND,li1,299.2300,261.1200,0.000313
FILLER_91_634,VGND,li1,297.8500,261.1200,0.000318
FILLER_91_574,VGND,li1,270.2500,261.1200,0.000352
FILLER_91_545,VGND,li1,256.6800,261.1200,0.000350
FILLER_91_529,VGND,li1,249.3200,261.1200,0.000345
FILLER_91_509,VGND,li1,240.3500,261.1200,0.000336
FILLER_91_462,VGND,li1,218.5000,261.1200,0.000304
FILLER_91_446,VGND,li1,211.1400,261.1200,0.000296
FILLER_91_393,VGND,li1,186.9900,261.1200,0.000254
FILLER_91_390,VGND,li1,185.3800,261.1200,0.000251
FILLER_91_383,VGND,li1,182.1600,261.1200,0.000246
FILLER_91_378,VGND,li1,179.6300,261.1200,0.000243
FILLER_91_358,VGND,li1,170.8900,261.1200,0.000310
FILLER_91_337,VGND,li1,160.7700,261.1200,0.000390
FILLER_91_281,VGND,li1,135.0100,261.1200,0.000539
FILLER_91_272,VGND,li1,130.8700,261.1200,0.000553
FILLER_91_225,VGND,li1,109.4800,261.1200,0.000586
FILLER_91_222,VGND,li1,108.1000,261.1200,0.000586
FILLER_91_217,VGND,li1,105.5700,261.1200,0.000586
FILLER_91_186,VGND,li1,91.3100,261.1200,0.000573
FILLER_91_177,VGND,li1,87.4000,261.1200,0.000567
FILLER_91_169,VGND,li1,83.4900,261.1200,0.000557
FILLER_91_160,VGND,li1,79.3500,261.1200,0.000546
FILLER_91_141,VGND,li1,70.8400,261.1200,0.000522
FILLER_91_127,VGND,li1,64.1700,261.1200,0.000496
FILLER_91_113,VGND,li1,57.7300,261.1200,0.000464
FILLER_91_92,VGND,li1,48.3000,261.1200,0.000406
FILLER_91_64,VGND,li1,35.4200,261.1200,0.000309
FILLER_91_17,VGND,li1,13.8000,261.1200,0.000229
FILLER_91_7,VGND,li1,8.9700,261.1200,0.000230
FILLER_90_813,VGND,li1,380.1900,255.6800,0.000359
FILLER_90_810,VGND,li1,378.5800,255.6800,0.000359
FILLER_90_765,VGND,li1,357.8800,255.6800,0.000334
FILLER_90_753,VGND,li1,352.5900,255.6800,0.000319
FILLER_90_740,VGND,li1,346.1500,255.6800,0.000303
FILLER_90_679,VGND,li1,318.0900,255.6800,0.000336
FILLER_90_652,VGND,li1,306.1300,255.6800,0.000392
FILLER_90_642,VGND,li1,301.3000,255.6800,0.000414
FILLER_90_635,VGND,li1,297.8500,255.6800,0.000435
FILLER_90_620,VGND,li1,291.1800,255.6800,0.000453
FILLER_90_615,VGND,li1,288.6500,255.6800,0.000466
FILLER_90_612,VGND,li1,287.7300,255.6800,0.000466
FILLER_90_603,VGND,li1,283.3600,255.6800,0.000477
FILLER_90_589,VGND,li1,276.6900,255.6800,0.000496
FILLER_90_581,VGND,li1,273.2400,255.6800,0.000502
FILLER_90_576,VGND,li1,270.7100,255.6800,0.000506
FILLER_90_573,VGND,li1,269.7900,255.6800,0.000510
FILLER_90_500,VGND,li1,235.7500,255.6800,0.000494
FILLER_90_459,VGND,li1,217.1200,255.6800,0.000429
FILLER_90_434,VGND,li1,205.3900,255.6800,0.000382
FILLER_90_425,VGND,li1,201.4800,255.6800,0.000364
FILLER_90_405,VGND,li1,192.5100,255.6800,0.000322
FILLER_90_383,VGND,li1,181.9300,255.6800,0.000264
FILLER_90_365,VGND,li1,174.1100,255.6800,0.000287
FILLER_90_359,VGND,li1,170.8900,255.6800,0.000300
FILLER_90_307,VGND,li1,146.9700,255.6800,0.000423
FILLER_90_197,VGND,li1,96.3700,255.6800,0.000464
FILLER_90_155,VGND,li1,77.0500,255.6800,0.000416
FILLER_90_141,VGND,li1,70.6100,255.6800,0.000389
FILLER_90_135,VGND,li1,67.8500,255.6800,0.000379
FILLER_90_127,VGND,li1,64.6300,255.6800,0.000372
FILLER_90_82,VGND,li1,43.7000,255.6800,0.000265
FILLER_90_73,VGND,li1,39.5600,255.6800,0.000234
FILLER_90_45,VGND,li1,26.6800,255.6800,0.000155
FILLER_90_29,VGND,li1,19.5500,255.6800,0.000158
FILLER_90_25,VGND,li1,17.7100,255.6800,0.000159
FILLER_90_19,VGND,li1,14.7200,255.6800,0.000160
FILLER_90_3,VGND,li1,7.3600,255.6800,0.000161
FILLER_89_841,VGND,li1,392.6100,255.6800,0.000365
FILLER_89_814,VGND,li1,380.6500,255.6800,0.000360
FILLER_89_785,VGND,li1,366.8500,255.6800,0.000348
FILLER_89_776,VGND,li1,363.1700,255.6800,0.000340
FILLER_89_773,VGND,li1,361.7900,255.6800,0.000340
FILLER_89_770,VGND,li1,360.4100,255.6800,0.000337
FILLER_89_713,VGND,li1,333.7300,255.6800,0.000254
FILLER_89_663,VGND,li1,310.9600,255.6800,0.000367
FILLER_89_625,VGND,li1,293.2500,255.6800,0.000446
FILLER_89_608,VGND,li1,285.4300,255.6800,0.000472
FILLER_89_599,VGND,li1,281.5200,255.6800,0.000482
FILLER_89_578,VGND,li1,271.6300,255.6800,0.000506
FILLER_89_558,VGND,li1,262.6600,255.6800,0.000519
FILLER_89_539,VGND,li1,254.1500,255.6800,0.000521
FILLER_89_533,VGND,li1,250.9300,255.6800,0.000521
FILLER_89_513,VGND,li1,241.7300,255.6800,0.000507
FILLER_89_502,VGND,li1,236.9000,255.6800,0.000499
FILLER_89_480,VGND,li1,226.5500,255.6800,0.000468
FILLER_89_453,VGND,li1,214.1300,255.6800,0.000418
FILLER_89_447,VGND,li1,211.3700,255.6800,0.000407
FILLER_89_435,VGND,li1,205.8500,255.6800,0.000382
FILLER_89_393,VGND,li1,186.5300,255.6800,0.000290
FILLER_89_382,VGND,li1,181.9300,255.6800,0.000264
FILLER_89_348,VGND,li1,165.8300,255.6800,0.000329
FILLER_89_281,VGND,li1,135.0100,255.6800,0.000463
FILLER_89_275,VGND,li1,132.2500,255.6800,0.000468
FILLER_89_223,VGND,li1,108.3300,255.6800,0.000481
FILLER_89_204,VGND,li1,99.8200,255.6800,0.000468
FILLER_89_160,VGND,li1,79.5800,255.6800,0.000422
FILLER_89_140,VGND,li1,70.3800,255.6800,0.000389
FILLER_89_81,VGND,li1,43.4700,255.6800,0.000265
FILLER_89_3,VGND,li1,7.1300,255.6800,0.000161
FILLER_88_810,VGND,li1,378.5800,250.2400,0.000376
FILLER_88_793,VGND,li1,370.5300,250.2400,0.000369
FILLER_88_780,VGND,li1,364.5500,250.2400,0.000360
FILLER_88_777,VGND,li1,363.6300,250.2400,0.000356
FILLER_88_760,VGND,li1,355.5800,250.2400,0.000337
FILLER_88_757,VGND,li1,354.4300,250.2400,0.000337
FILLER_88_690,VGND,li1,323.1500,250.2400,0.000288
FILLER_88_680,VGND,li1,318.7800,250.2400,0.000305
FILLER_88_645,VGND,li1,302.9100,250.2400,0.000362
FILLER_88_642,VGND,li1,301.3000,250.2400,0.000367
FILLER_88_639,VGND,li1,300.1500,250.2400,0.000367
FILLER_88_630,VGND,li1,296.0100,250.2400,0.000379
FILLER_88_600,VGND,li1,281.9800,250.2400,0.000411
FILLER_88_597,VGND,li1,280.8300,250.2400,0.000415
FILLER_88_589,VGND,li1,276.9200,250.2400,0.000421
FILLER_88_587,VGND,li1,275.7700,250.2400,0.000421
FILLER_88_568,VGND,li1,267.0300,250.2400,0.000434
FILLER_88_563,VGND,li1,264.7300,250.2400,0.000436
FILLER_88_560,VGND,li1,263.8100,250.2400,0.000436
FILLER_88_533,VGND,li1,251.1600,250.2400,0.000445
FILLER_88_504,VGND,li1,237.5900,250.2400,0.000446
FILLER_88_481,VGND,li1,227.4700,250.2400,0.000437
FILLER_88_461,VGND,li1,217.8100,250.2400,0.000423
FILLER_88_452,VGND,li1,213.9000,250.2400,0.000416
FILLER_88_377,VGND,li1,179.1700,250.2400,0.000295
FILLER_88_182,VGND,li1,89.7000,250.2400,0.000488
FILLER_88_153,VGND,li1,76.1300,250.2400,0.000440
FILLER_88_141,VGND,li1,70.6100,250.2400,0.000423
FILLER_88_105,VGND,li1,54.5100,250.2400,0.000349
FILLER_88_40,VGND,li1,24.1500,250.2400,0.000171
FILLER_88_20,VGND,li1,14.9500,250.2400,0.000175
FILLER_88_3,VGND,li1,7.3600,250.2400,0.000176
FILLER_87_841,VGND,li1,392.6100,250.2400,0.000381
FILLER_87_838,VGND,li1,391.4600,250.2400,0.000381
FILLER_87_809,VGND,li1,377.8900,250.2400,0.000375
FILLER_87_775,VGND,li1,362.7100,250.2400,0.000356
FILLER_87_772,VGND,li1,361.3300,250.2400,0.000350
FILLER_87_769,VGND,li1,359.9500,250.2400,0.000350
FILLER_87_766,VGND,li1,358.5700,250.2400,0.000345
FILLER_87_756,VGND,li1,353.5100,250.2400,0.000330
FILLER_87_748,VGND,li1,350.2900,250.2400,0.000318
FILLER_87_745,VGND,li1,348.9100,250.2400,0.000318
FILLER_87_726,VGND,li1,339.9400,250.2400,0.000277
FILLER_87_723,VGND,li1,338.7900,250.2400,0.000277
FILLER_87_707,VGND,li1,331.4300,250.2400,0.000255
FILLER_87_704,VGND,li1,330.0500,250.2400,0.000255
FILLER_87_701,VGND,li1,328.6700,250.2400,0.000268
FILLER_87_698,VGND,li1,327.2900,250.2400,0.000268
FILLER_87_689,VGND,li1,322.9200,250.2400,0.000288
FILLER_87_686,VGND,li1,321.7700,250.2400,0.000296
FILLER_87_671,VGND,li1,314.4100,250.2400,0.000322
FILLER_87_649,VGND,li1,304.5200,250.2400,0.000354
FILLER_87_646,VGND,li1,303.3700,250.2400,0.000362
FILLER_87_643,VGND,li1,301.9900,250.2400,0.000362
FILLER_87_640,VGND,li1,300.6100,250.2400,0.000367
FILLER_87_637,VGND,li1,299.2300,250.2400,0.000373
FILLER_87_630,VGND,li1,295.7800,250.2400,0.000379
FILLER_87_627,VGND,li1,294.6300,250.2400,0.000385
FILLER_87_624,VGND,li1,293.2500,250.2400,0.000385
FILLER_87_617,VGND,li1,289.8000,250.2400,0.000394
FILLER_87_615,VGND,li1,288.6500,250.2400,0.000399
FILLER_87_612,VGND,li1,287.7300,250.2400,0.000399
FILLER_87_609,VGND,li1,286.3500,250.2400,0.000406
FILLER_87_606,VGND,li1,284.9700,250.2400,0.000406
FILLER_87_603,VGND,li1,283.5900,250.2400,0.000411
FILLER_87_600,VGND,li1,282.2100,250.2400,0.000411
FILLER_87_591,VGND,li1,277.8400,250.2400,0.000419
FILLER_87_557,VGND,li1,262.4300,250.2400,0.000438
FILLER_87_532,VGND,li1,250.9300,250.2400,0.000445
FILLER_87_526,VGND,li1,247.9400,250.2400,0.000447
FILLER_87_487,VGND,li1,230.0000,250.2400,0.000440
FILLER_87_482,VGND,li1,227.4700,250.2400,0.000437
FILLER_87_434,VGND,li1,205.3900,250.2400,0.000392
FILLER_87_416,VGND,li1,197.1100,250.2400,0.000366
FILLER_87_370,VGND,li1,176.1800,250.2400,0.000314
FILLER_87_290,VGND,li1,139.1500,250.2400,0.000509
FILLER_87_263,VGND,li1,126.7300,250.2400,0.000526
FILLER_87_238,VGND,li1,115.2300,250.2400,0.000527
FILLER_87_205,VGND,li1,100.0500,250.2400,0.000512
FILLER_87_173,VGND,li1,85.7900,250.2400,0.000474
FILLER_87_98,VGND,li1,50.8300,250.2400,0.000331
FILLER_87_57,VGND,li1,32.2000,250.2400,0.000223
FILLER_87_39,VGND,li1,23.6900,250.2400,0.000171
FILLER_87_25,VGND,li1,17.2500,250.2400,0.000174
FILLER_86_828,VGND,li1,386.6300,244.8000,0.000378
FILLER_86_818,VGND,li1,382.0300,244.8000,0.000376
FILLER_86_794,VGND,li1,371.2200,244.8000,0.000371
FILLER_86_779,VGND,li1,364.3200,244.8000,0.000362
FILLER_86_764,VGND,li1,357.4200,244.8000,0.000354
FILLER_86_744,VGND,li1,348.2200,244.8000,0.000336
FILLER_86_741,VGND,li1,347.0700,244.8000,0.000330
FILLER_86_738,VGND,li1,345.6900,244.8000,0.000330
FILLER_86_720,VGND,li1,337.1800,244.8000,0.000298
FILLER_86_710,VGND,li1,332.5800,244.8000,0.000279
FILLER_86_707,VGND,li1,331.4300,244.8000,0.000279
FILLER_86_667,VGND,li1,312.5700,244.8000,0.000405
FILLER_86_664,VGND,li1,311.6500,244.8000,0.000417
FILLER_86_645,VGND,li1,302.4500,244.8000,0.000465
FILLER_86_632,VGND,li1,296.9300,244.8000,0.000490
FILLER_86_613,VGND,li1,288.1900,244.8000,0.000529
FILLER_86_610,VGND,li1,286.8100,244.8000,0.000541
FILLER_86_605,VGND,li1,284.2800,244.8000,0.000550
FILLER_86_602,VGND,li1,283.1300,244.8000,0.000550
FILLER_86_580,VGND,li1,272.5500,244.8000,0.000582
FILLER_86_568,VGND,li1,267.0300,244.8000,0.000597
FILLER_86_544,VGND,li1,255.9900,244.8000,0.000608
FILLER_86_533,VGND,li1,251.3900,244.8000,0.000607
FILLER_86_502,VGND,li1,237.1300,244.8000,0.000597
FILLER_86_484,VGND,li1,228.3900,244.8000,0.000578
FILLER_86_475,VGND,li1,224.2500,244.8000,0.000571
FILLER_86_460,VGND,li1,217.5800,244.8000,0.000547
FILLER_86_425,VGND,li1,201.4800,244.8000,0.000475
FILLER_86_418,VGND,li1,198.2600,244.8000,0.000466
FILLER_86_409,VGND,li1,194.1200,244.8000,0.000435
FILLER_86_328,VGND,li1,156.6300,244.8000,0.000518
FILLER_86_309,VGND,li1,148.1200,244.8000,0.000569
FILLER_86_268,VGND,li1,129.0300,244.8000,0.000626
FILLER_86_253,VGND,li1,122.1300,244.8000,0.000626
FILLER_86_174,VGND,li1,86.2500,244.8000,0.000531
FILLER_86_110,VGND,li1,56.8100,244.8000,0.000375
FILLER_86_104,VGND,li1,53.5900,244.8000,0.000356
FILLER_86_85,VGND,li1,45.0800,244.8000,0.000302
FILLER_86_75,VGND,li1,40.2500,244.8000,0.000261
FILLER_86_61,VGND,li1,33.8100,244.8000,0.000228
FILLER_86_3,VGND,li1,7.1300,244.8000,0.000167
FILLER_85_841,VGND,li1,392.6100,244.8000,0.000379
FILLER_85_839,VGND,li1,391.6900,244.8000,0.000379
FILLER_85_801,VGND,li1,374.2100,244.8000,0.000373
FILLER_85_778,VGND,li1,364.0900,244.8000,0.000362
FILLER_85_775,VGND,li1,362.7100,244.8000,0.000362
FILLER_85_763,VGND,li1,356.7300,244.8000,0.000350
FILLER_85_760,VGND,li1,355.8100,244.8000,0.000350
FILLER_85_757,VGND,li1,354.4300,244.8000,0.000347
FILLER_85_746,VGND,li1,349.1400,244.8000,0.000336
FILLER_85_743,VGND,li1,347.9900,244.8000,0.000336
FILLER_85_729,VGND,li1,341.3200,244.8000,0.000315
FILLER_85_726,VGND,li1,339.9400,244.8000,0.000309
FILLER_85_723,VGND,li1,338.7900,244.8000,0.000309
FILLER_85_707,VGND,li1,331.2000,244.8000,0.000279
FILLER_85_704,VGND,li1,330.0500,244.8000,0.000299
FILLER_85_701,VGND,li1,328.6700,244.8000,0.000299
FILLER_85_682,VGND,li1,319.4700,244.8000,0.000363
FILLER_85_673,VGND,li1,315.5600,244.8000,0.000392
FILLER_85_667,VGND,li1,312.5700,244.8000,0.000405
FILLER_85_664,VGND,li1,311.6500,244.8000,0.000417
FILLER_85_661,VGND,li1,310.2700,244.8000,0.000417
FILLER_85_658,VGND,li1,308.8900,244.8000,0.000433
FILLER_85_655,VGND,li1,307.5100,244.8000,0.000433
FILLER_85_642,VGND,li1,301.5300,244.8000,0.000465
FILLER_85_621,VGND,li1,291.4100,244.8000,0.000521
FILLER_85_590,VGND,li1,277.6100,244.8000,0.000572
FILLER_85_587,VGND,li1,276.2300,244.8000,0.000572
FILLER_85_567,VGND,li1,266.8000,244.8000,0.000597
FILLER_85_564,VGND,li1,265.6500,244.8000,0.000597
FILLER_85_561,VGND,li1,264.2700,244.8000,0.000600
FILLER_85_530,VGND,li1,249.7800,244.8000,0.000607
FILLER_85_519,VGND,li1,244.4900,244.8000,0.000605
FILLER_85_503,VGND,li1,237.1300,244.8000,0.000597
FILLER_85_468,VGND,li1,221.2600,244.8000,0.000559
FILLER_85_426,VGND,li1,201.7100,244.8000,0.000475
FILLER_85_399,VGND,li1,189.7500,244.8000,0.000417
FILLER_85_385,VGND,li1,183.0800,244.8000,0.000367
FILLER_85_376,VGND,li1,178.7100,244.8000,0.000347
FILLER_85_343,VGND,li1,163.5300,244.8000,0.000469
FILLER_85_319,VGND,li1,152.4900,244.8000,0.000544
FILLER_85_301,VGND,li1,144.2100,244.8000,0.000590
FILLER_85_278,VGND,li1,133.8600,244.8000,0.000623
FILLER_85_225,VGND,li1,109.4800,244.8000,0.000604
FILLER_85_165,VGND,li1,82.1100,244.8000,0.000511
FILLER_85_154,VGND,li1,76.8200,244.8000,0.000486
FILLER_85_129,VGND,li1,65.0900,244.8000,0.000424
FILLER_85_113,VGND,li1,58.1900,244.8000,0.000375
FILLER_85_43,VGND,li1,25.5300,244.8000,0.000165
FILLER_85_21,VGND,li1,15.4100,244.8000,0.000167
FILLER_85_7,VGND,li1,8.9700,244.8000,0.000167
FILLER_84_840,VGND,li1,392.3800,239.3600,0.000544
FILLER_84_810,VGND,li1,378.5800,239.3600,0.000531
FILLER_84_804,VGND,li1,375.8200,239.3600,0.000525
FILLER_84_783,VGND,li1,365.9300,239.3600,0.000496
FILLER_84_753,VGND,li1,352.5900,239.3600,0.000448
FILLER_84_750,VGND,li1,351.2100,239.3600,0.000438
FILLER_84_747,VGND,li1,349.8300,239.3600,0.000429
FILLER_84_744,VGND,li1,348.4500,239.3600,0.000429
FILLER_84_741,VGND,li1,347.0700,239.3600,0.000415
FILLER_84_738,VGND,li1,345.6900,239.3600,0.000415
FILLER_84_718,VGND,li1,336.2600,239.3600,0.000354
FILLER_84_712,VGND,li1,333.5000,239.3600,0.000338
FILLER_84_707,VGND,li1,331.2000,239.3600,0.000353
FILLER_84_704,VGND,li1,330.0500,239.3600,0.000367
FILLER_84_695,VGND,li1,325.4500,239.3600,0.000404
FILLER_84_653,VGND,li1,306.1300,239.3600,0.000506
FILLER_84_645,VGND,li1,302.4500,239.3600,0.000524
FILLER_84_641,VGND,li1,301.0700,239.3600,0.000524
FILLER_84_606,VGND,li1,284.9700,239.3600,0.000556
FILLER_84_533,VGND,li1,250.9300,239.3600,0.000559
FILLER_84_518,VGND,li1,244.0300,239.3600,0.000550
FILLER_84_510,VGND,li1,240.8100,239.3600,0.000546
FILLER_84_489,VGND,li1,231.1500,239.3600,0.000522
FILLER_84_474,VGND,li1,224.0200,239.3600,0.000507
FILLER_84_463,VGND,li1,218.9600,239.3600,0.000485
FILLER_84_447,VGND,li1,211.3700,239.3600,0.000457
FILLER_84_421,VGND,li1,199.8700,239.3600,0.000404
FILLER_84_415,VGND,li1,196.6500,239.3600,0.000392
FILLER_84_386,VGND,li1,183.5400,239.3600,0.000308
FILLER_84_369,VGND,li1,175.4900,239.3600,0.000294
FILLER_84_363,VGND,li1,172.7300,239.3600,0.000314
FILLER_84_345,VGND,li1,164.4500,239.3600,0.000346
FILLER_84_309,VGND,li1,148.1200,239.3600,0.000409
FILLER_84_197,VGND,li1,96.6000,239.3600,0.000391
FILLER_84_187,VGND,li1,92.0000,239.3600,0.000377
FILLER_84_164,VGND,li1,81.4200,239.3600,0.000347
FILLER_84_125,VGND,li1,63.4800,239.3600,0.000285
FILLER_84_110,VGND,li1,56.3500,239.3600,0.000255
FILLER_84_96,VGND,li1,50.1400,239.3600,0.000231
FILLER_84_85,VGND,li1,45.0800,239.3600,0.000209
FILLER_84_72,VGND,li1,39.1000,239.3600,0.000177
FILLER_84_50,VGND,li1,28.9800,239.3600,0.000136
FILLER_84_25,VGND,li1,17.7100,239.3600,0.000116
FILLER_84_5,VGND,li1,8.5100,239.3600,0.000117
FILLER_83_841,VGND,li1,392.6100,239.3600,0.000544
FILLER_83_814,VGND,li1,380.1900,239.3600,0.000531
FILLER_83_776,VGND,li1,362.7100,239.3600,0.000488
FILLER_83_767,VGND,li1,358.8000,239.3600,0.000474
FILLER_83_671,VGND,li1,314.4100,239.3600,0.000471
FILLER_83_617,VGND,li1,289.8000,239.3600,0.000548
FILLER_83_609,VGND,li1,286.1200,239.3600,0.000556
FILLER_83_595,VGND,li1,279.9100,239.3600,0.000562
FILLER_83_561,VGND,li1,264.2700,239.3600,0.000567
FILLER_83_558,VGND,li1,262.6600,239.3600,0.000566
FILLER_83_555,VGND,li1,261.5100,239.3600,0.000566
FILLER_83_548,VGND,li1,258.2900,239.3600,0.000565
FILLER_83_541,VGND,li1,254.6100,239.3600,0.000562
FILLER_83_538,VGND,li1,253.6900,239.3600,0.000562
FILLER_83_530,VGND,li1,249.5500,239.3600,0.000559
FILLER_83_501,VGND,li1,236.6700,239.3600,0.000538
FILLER_83_431,VGND,li1,204.2400,239.3600,0.000423
FILLER_83_421,VGND,li1,199.6400,239.3600,0.000404
FILLER_83_410,VGND,li1,194.5800,239.3600,0.000380
FILLER_83_393,VGND,li1,186.9900,239.3600,0.000332
FILLER_83_369,VGND,li1,175.7200,239.3600,0.000294
FILLER_83_350,VGND,li1,166.9800,239.3600,0.000335
FILLER_83_291,VGND,li1,139.6100,239.3600,0.000430
FILLER_83_225,VGND,li1,109.4800,239.3600,0.000418
FILLER_83_223,VGND,li1,108.3300,239.3600,0.000418
FILLER_83_196,VGND,li1,95.9100,239.3600,0.000391
FILLER_83_173,VGND,li1,85.5600,239.3600,0.000361
FILLER_83_167,VGND,li1,82.5700,239.3600,0.000347
FILLER_83_159,VGND,li1,79.3500,239.3600,0.000341
FILLER_83_143,VGND,li1,71.9900,239.3600,0.000316
FILLER_83_136,VGND,li1,68.5400,239.3600,0.000299
FILLER_83_125,VGND,li1,63.7100,239.3600,0.000285
FILLER_83_118,VGND,li1,60.2600,239.3600,0.000272
FILLER_83_113,VGND,li1,57.7300,239.3600,0.000255
FILLER_83_107,VGND,li1,54.9700,239.3600,0.000244
FILLER_83_91,VGND,li1,47.6100,239.3600,0.000220
FILLER_83_57,VGND,li1,31.9700,239.3600,0.000147
FILLER_83_53,VGND,li1,30.5900,239.3600,0.000136
FILLER_83_31,VGND,li1,20.2400,239.3600,0.000116
FILLER_83_3,VGND,li1,7.5900,239.3600,0.000117
FILLER_82_817,VGND,li1,381.8000,233.9200,0.000396
FILLER_82_811,VGND,li1,378.8100,233.9200,0.000394
FILLER_82_780,VGND,li1,364.5500,233.9200,0.000371
FILLER_82_757,VGND,li1,354.2000,233.9200,0.000345
FILLER_82_730,VGND,li1,341.7800,233.9200,0.000302
FILLER_82_690,VGND,li1,323.1500,233.9200,0.000329
FILLER_82_650,VGND,li1,304.9800,233.9200,0.000385
FILLER_82_626,VGND,li1,293.7100,233.9200,0.000410
FILLER_82_623,VGND,li1,292.7900,233.9200,0.000415
FILLER_82_589,VGND,li1,277.1500,233.9200,0.000432
FILLER_82_585,VGND,li1,275.3100,233.9200,0.000433
FILLER_82_568,VGND,li1,267.4900,233.9200,0.000436
FILLER_82_536,VGND,li1,252.7700,233.9200,0.000435
FILLER_82_533,VGND,li1,251.3900,233.9200,0.000434
FILLER_82_531,VGND,li1,250.0100,233.9200,0.000434
FILLER_82_528,VGND,li1,249.0900,233.9200,0.000433
FILLER_82_525,VGND,li1,247.7100,233.9200,0.000433
FILLER_82_518,VGND,li1,244.0300,233.9200,0.000431
FILLER_82_474,VGND,li1,224.0200,233.9200,0.000404
FILLER_82_462,VGND,li1,218.7300,233.9200,0.000387
FILLER_82_428,VGND,li1,203.0900,233.9200,0.000333
FILLER_82_415,VGND,li1,196.6500,233.9200,0.000308
FILLER_82_405,VGND,li1,192.2800,233.9200,0.000288
FILLER_82_387,VGND,li1,183.7700,233.9200,0.000243
FILLER_82_376,VGND,li1,178.9400,233.9200,0.000215
FILLER_82_365,VGND,li1,173.6500,233.9200,0.000238
FILLER_82_289,VGND,li1,138.9200,233.9200,0.000321
FILLER_82_222,VGND,li1,108.1000,233.9200,0.000306
FILLER_82_210,VGND,li1,102.3500,233.9200,0.000298
FILLER_82_191,VGND,li1,93.6100,233.9200,0.000281
FILLER_82_141,VGND,li1,70.8400,233.9200,0.000236
FILLER_82_112,VGND,li1,57.5000,233.9200,0.000197
FILLER_82_66,VGND,li1,36.1100,233.9200,0.000132
FILLER_82_44,VGND,li1,25.9900,233.9200,0.000097
FILLER_82_29,VGND,li1,19.5500,233.9200,0.000091
FILLER_81_841,VGND,li1,392.6100,233.9200,0.000400
FILLER_81_835,VGND,li1,389.8500,233.9200,0.000399
FILLER_81_813,VGND,li1,379.9600,233.9200,0.000394
FILLER_81_782,VGND,li1,365.7000,233.9200,0.000371
FILLER_81_744,VGND,li1,347.9900,233.9200,0.000324
FILLER_81_732,VGND,li1,342.9300,233.9200,0.000311
FILLER_81_729,VGND,li1,341.5500,233.9200,0.000302
FILLER_81_718,VGND,li1,336.0300,233.9200,0.000285
FILLER_81_670,VGND,li1,314.1800,233.9200,0.000360
FILLER_81_659,VGND,li1,309.3500,233.9200,0.000374
FILLER_81_633,VGND,li1,297.3900,233.9200,0.000403
FILLER_81_626,VGND,li1,293.9400,233.9200,0.000410
FILLER_81_623,VGND,li1,292.7900,233.9200,0.000415
FILLER_81_620,VGND,li1,291.4100,233.9200,0.000415
FILLER_81_617,VGND,li1,290.0300,233.9200,0.000419
FILLER_81_594,VGND,li1,279.2200,233.9200,0.000431
FILLER_81_572,VGND,li1,269.1000,233.9200,0.000436
FILLER_81_564,VGND,li1,265.6500,233.9200,0.000436
FILLER_81_561,VGND,li1,264.2700,233.9200,0.000436
FILLER_81_558,VGND,li1,262.6600,233.9200,0.000436
FILLER_81_538,VGND,li1,253.4600,233.9200,0.000435
FILLER_81_535,VGND,li1,252.3100,233.9200,0.000435
FILLER_81_502,VGND,li1,236.9000,233.9200,0.000425
FILLER_81_453,VGND,li1,214.3600,233.9200,0.000378
FILLER_81_442,VGND,li1,209.3000,233.9200,0.000355
FILLER_81_348,VGND,li1,165.8300,233.9200,0.000261
FILLER_81_281,VGND,li1,135.0100,233.9200,0.000322
FILLER_81_279,VGND,li1,134.0900,233.9200,0.000323
FILLER_81_242,VGND,li1,117.3000,233.9200,0.000315
FILLER_81_225,VGND,li1,109.4800,233.9200,0.000306
FILLER_81_222,VGND,li1,108.1000,233.9200,0.000306
FILLER_81_187,VGND,li1,92.2300,233.9200,0.000281
FILLER_81_155,VGND,li1,77.5100,233.9200,0.000251
FILLER_81_131,VGND,li1,66.0100,233.9200,0.000220
FILLER_81_111,VGND,li1,56.8100,233.9200,0.000197
FILLER_81_57,VGND,li1,32.2000,233.9200,0.000119
FILLER_81_47,VGND,li1,27.3700,233.9200,0.000097
FILLER_81_26,VGND,li1,17.7100,233.9200,0.000091
FILLER_80_810,VGND,li1,378.5800,228.4800,0.000338
FILLER_80_804,VGND,li1,375.8200,228.4800,0.000335
FILLER_80_769,VGND,li1,359.4900,228.4800,0.000302
FILLER_80_766,VGND,li1,358.5700,228.4800,0.000302
FILLER_80_757,VGND,li1,353.9700,228.4800,0.000285
FILLER_80_749,VGND,li1,350.5200,228.4800,0.000280
FILLER_80_738,VGND,li1,345.4600,228.4800,0.000261
FILLER_80_735,VGND,li1,344.3100,228.4800,0.000261
FILLER_80_725,VGND,li1,339.4800,228.4800,0.000240
FILLER_80_705,VGND,li1,330.2800,228.4800,0.000240
FILLER_80_653,VGND,li1,306.1300,228.4800,0.000352
FILLER_80_650,VGND,li1,305.2100,228.4800,0.000352
FILLER_80_636,VGND,li1,298.3100,228.4800,0.000375
FILLER_80_621,VGND,li1,291.6400,228.4800,0.000399
FILLER_80_594,VGND,li1,279.2200,228.4800,0.000437
FILLER_80_587,VGND,li1,275.7700,228.4800,0.000435
FILLER_80_584,VGND,li1,274.8500,228.4800,0.000432
FILLER_80_575,VGND,li1,270.4800,228.4800,0.000427
FILLER_80_546,VGND,li1,257.3700,228.4800,0.000406
FILLER_80_520,VGND,li1,245.4100,228.4800,0.000385
FILLER_80_474,VGND,li1,224.0200,228.4800,0.000338
FILLER_80_468,VGND,li1,221.0300,228.4800,0.000331
FILLER_80_447,VGND,li1,211.6000,228.4800,0.000306
FILLER_80_421,VGND,li1,199.4100,228.4800,0.000273
FILLER_80_419,VGND,li1,198.4900,228.4800,0.000273
FILLER_80_365,VGND,li1,173.8800,228.4800,0.000194
FILLER_80_363,VGND,li1,172.7300,228.4800,0.000194
FILLER_80_268,VGND,li1,129.2600,228.4800,0.000240
FILLER_80_250,VGND,li1,120.9800,228.4800,0.000240
FILLER_80_207,VGND,li1,100.9700,228.4800,0.000227
FILLER_80_197,VGND,li1,96.3700,228.4800,0.000221
FILLER_80_179,VGND,li1,88.3200,228.4800,0.000209
FILLER_80_98,VGND,li1,51.2900,228.4800,0.000139
FILLER_80_79,VGND,li1,42.0900,228.4800,0.000119
FILLER_80_65,VGND,li1,35.6500,228.4800,0.000103
FILLER_80_54,VGND,li1,30.8200,228.4800,0.000086
FILLER_80_39,VGND,li1,23.6900,228.4800,0.000076
FILLER_80_25,VGND,li1,17.7100,228.4800,0.000078
FILLER_80_11,VGND,li1,10.8100,228.4800,0.000079
FILLER_79_841,VGND,li1,392.6100,228.4800,0.000342
FILLER_79_823,VGND,li1,384.5600,228.4800,0.000341
FILLER_79_802,VGND,li1,374.6700,228.4800,0.000335
FILLER_79_783,VGND,li1,365.9300,228.4800,0.000321
FILLER_79_780,VGND,li1,365.0100,228.4800,0.000321
FILLER_79_777,VGND,li1,363.6300,228.4800,0.000315
FILLER_79_770,VGND,li1,360.1800,228.4800,0.000307
FILLER_79_749,VGND,li1,350.7500,228.4800,0.000280
FILLER_79_739,VGND,li1,346.1500,228.4800,0.000266
FILLER_79_736,VGND,li1,344.7700,228.4800,0.000261
FILLER_79_727,VGND,li1,340.1700,228.4800,0.000247
FILLER_79_724,VGND,li1,339.2500,228.4800,0.000240
FILLER_79_721,VGND,li1,337.8700,228.4800,0.000240
FILLER_79_718,VGND,li1,336.4900,228.4800,0.000234
FILLER_79_700,VGND,li1,327.9800,228.4800,0.000253
FILLER_79_673,VGND,li1,315.7900,228.4800,0.000310
FILLER_79_662,VGND,li1,310.7300,228.4800,0.000333
FILLER_79_659,VGND,li1,309.3500,228.4800,0.000333
FILLER_79_656,VGND,li1,307.9700,228.4800,0.000344
FILLER_79_653,VGND,li1,306.5900,228.4800,0.000344
FILLER_79_632,VGND,li1,296.4700,228.4800,0.000386
FILLER_79_620,VGND,li1,290.9500,228.4800,0.000399
FILLER_79_617,VGND,li1,290.0300,228.4800,0.000405
FILLER_79_615,VGND,li1,288.6500,228.4800,0.000411
FILLER_79_582,VGND,li1,273.7000,228.4800,0.000432
FILLER_79_567,VGND,li1,267.0300,228.4800,0.000424
FILLER_79_561,VGND,li1,263.8100,228.4800,0.000417
FILLER_79_559,VGND,li1,262.8900,228.4800,0.000417
FILLER_79_550,VGND,li1,258.7500,228.4800,0.000410
FILLER_79_547,VGND,li1,257.8300,228.4800,0.000406
FILLER_79_544,VGND,li1,256.4500,228.4800,0.000406
FILLER_79_541,VGND,li1,255.0700,228.4800,0.000402
FILLER_79_538,VGND,li1,253.6900,228.4800,0.000402
FILLER_79_503,VGND,li1,237.1300,228.4800,0.000368
FILLER_79_480,VGND,li1,226.7800,228.4800,0.000349
FILLER_79_467,VGND,li1,220.5700,228.4800,0.000331
FILLER_79_461,VGND,li1,217.8100,228.4800,0.000326
FILLER_79_449,VGND,li1,212.7500,228.4800,0.000313
FILLER_79_434,VGND,li1,205.3900,228.4800,0.000289
FILLER_79_422,VGND,li1,200.1000,228.4800,0.000273
FILLER_79_393,VGND,li1,186.7600,228.4800,0.000228
FILLER_79_374,VGND,li1,177.7900,228.4800,0.000183
FILLER_79_288,VGND,li1,138.4600,228.4800,0.000235
FILLER_79_281,VGND,li1,135.2400,228.4800,0.000238
FILLER_79_247,VGND,li1,119.3700,228.4800,0.000240
FILLER_79_229,VGND,li1,111.0900,228.4800,0.000236
FILLER_79_222,VGND,li1,108.1000,228.4800,0.000234
FILLER_79_202,VGND,li1,99.1300,228.4800,0.000225
FILLER_79_187,VGND,li1,92.0000,228.4800,0.000213
FILLER_79_169,VGND,li1,83.9500,228.4800,0.000201
FILLER_79_161,VGND,li1,79.8100,228.4800,0.000193
FILLER_79_132,VGND,li1,66.9300,228.4800,0.000172
FILLER_79_97,VGND,li1,50.8300,228.4800,0.000139
FILLER_79_86,VGND,li1,45.5400,228.4800,0.000124
FILLER_79_75,VGND,li1,40.7100,228.4800,0.000113
FILLER_79_61,VGND,li1,33.8100,228.4800,0.000097
FILLER_79_46,VGND,li1,27.3700,228.4800,0.000081
FILLER_78_840,VGND,li1,392.3800,223.0400,0.000311
FILLER_78_806,VGND,li1,376.7400,223.0400,0.000303
FILLER_78_781,VGND,li1,365.4700,223.0400,0.000293
FILLER_78_766,VGND,li1,358.3400,223.0400,0.000282
FILLER_78_763,VGND,li1,357.1900,223.0400,0.000282
FILLER_78_760,VGND,li1,355.8100,223.0400,0.000279
FILLER_78_757,VGND,li1,354.4300,223.0400,0.000276
FILLER_78_754,VGND,li1,352.8200,223.0400,0.000273
FILLER_78_751,VGND,li1,351.6700,223.0400,0.000273
FILLER_78_735,VGND,li1,344.0800,223.0400,0.000253
FILLER_78_732,VGND,li1,342.9300,223.0400,0.000253
FILLER_78_701,VGND,li1,328.4400,223.0400,0.000229
FILLER_78_699,VGND,li1,327.2900,223.0400,0.000229
FILLER_78_659,VGND,li1,309.1200,223.0400,0.000300
FILLER_78_656,VGND,li1,307.9700,223.0400,0.000300
FILLER_78_628,VGND,li1,295.0900,223.0400,0.000339
FILLER_78_625,VGND,li1,293.7100,223.0400,0.000339
FILLER_78_622,VGND,li1,292.3300,223.0400,0.000346
FILLER_78_619,VGND,li1,290.9500,223.0400,0.000346
FILLER_78_574,VGND,li1,269.7900,223.0400,0.000382
FILLER_78_567,VGND,li1,266.5700,223.0400,0.000384
FILLER_78_564,VGND,li1,265.6500,223.0400,0.000384
FILLER_78_557,VGND,li1,262.2000,223.0400,0.000386
FILLER_78_554,VGND,li1,261.0500,223.0400,0.000387
FILLER_78_551,VGND,li1,259.6700,223.0400,0.000387
FILLER_78_548,VGND,li1,258.2900,223.0400,0.000389
FILLER_78_545,VGND,li1,256.9100,223.0400,0.000389
FILLER_78_537,VGND,li1,253.2300,223.0400,0.000391
FILLER_78_531,VGND,li1,250.0100,223.0400,0.000392
FILLER_78_450,VGND,li1,212.7500,223.0400,0.000383
FILLER_78_428,VGND,li1,202.6300,223.0400,0.000360
FILLER_78_421,VGND,li1,199.8700,223.0400,0.000352
FILLER_78_407,VGND,li1,192.9700,223.0400,0.000324
FILLER_78_387,VGND,li1,183.7700,223.0400,0.000276
FILLER_78_365,VGND,li1,173.6500,223.0400,0.000288
FILLER_78_349,VGND,li1,166.5200,223.0400,0.000322
FILLER_78_324,VGND,li1,154.7900,223.0400,0.000347
FILLER_78_309,VGND,li1,148.1200,223.0400,0.000350
FILLER_78_253,VGND,li1,122.5900,223.0400,0.000346
FILLER_78_217,VGND,li1,105.5700,223.0400,0.000331
FILLER_78_197,VGND,li1,96.6000,223.0400,0.000316
FILLER_78_184,VGND,li1,90.3900,223.0400,0.000304
FILLER_78_160,VGND,li1,79.3500,223.0400,0.000278
FILLER_78_141,VGND,li1,70.6100,223.0400,0.000249
FILLER_78_122,VGND,li1,62.3300,223.0400,0.000230
FILLER_78_105,VGND,li1,54.0500,223.0400,0.000202
FILLER_78_81,VGND,li1,43.4700,223.0400,0.000171
FILLER_78_69,VGND,li1,37.9500,223.0400,0.000148
FILLER_78_25,VGND,li1,17.7100,223.0400,0.000101
FILLER_77_841,VGND,li1,392.6100,223.0400,0.000311
FILLER_77_838,VGND,li1,391.4600,223.0400,0.000311
FILLER_77_809,VGND,li1,378.3500,223.0400,0.000304
FILLER_77_799,VGND,li1,373.7500,223.0400,0.000301
FILLER_77_783,VGND,li1,365.9300,223.0400,0.000293
FILLER_77_766,VGND,li1,358.5700,223.0400,0.000282
FILLER_77_763,VGND,li1,357.1900,223.0400,0.000282
FILLER_77_757,VGND,li1,353.9700,223.0400,0.000276
FILLER_77_754,VGND,li1,353.0500,223.0400,0.000273
FILLER_77_726,VGND,li1,339.9400,223.0400,0.000240
FILLER_77_715,VGND,li1,334.6500,223.0400,0.000223
FILLER_77_712,VGND,li1,333.7300,223.0400,0.000223
FILLER_77_709,VGND,li1,332.3500,223.0400,0.000212
FILLER_77_706,VGND,li1,330.9700,223.0400,0.000212
FILLER_77_686,VGND,li1,321.3100,223.0400,0.000260
FILLER_77_658,VGND,li1,308.6600,223.0400,0.000300
FILLER_77_655,VGND,li1,307.5100,223.0400,0.000305
FILLER_77_652,VGND,li1,306.1300,223.0400,0.000305
FILLER_77_636,VGND,li1,298.7700,223.0400,0.000326
FILLER_77_633,VGND,li1,297.3900,223.0400,0.000333
FILLER_77_630,VGND,li1,296.0100,223.0400,0.000333
FILLER_77_595,VGND,li1,279.6800,223.0400,0.000372
FILLER_77_580,VGND,li1,272.5500,223.0400,0.000380
FILLER_77_574,VGND,li1,269.7900,223.0400,0.000382
FILLER_77_545,VGND,li1,256.6800,223.0400,0.000389
FILLER_77_532,VGND,li1,250.7000,223.0400,0.000392
FILLER_77_447,VGND,li1,211.3700,223.0400,0.000383
FILLER_77_403,VGND,li1,191.5900,223.0400,0.000314
FILLER_77_393,VGND,li1,186.5300,223.0400,0.000286
FILLER_77_378,VGND,li1,179.6300,223.0400,0.000256
FILLER_77_357,VGND,li1,169.9700,223.0400,0.000302
FILLER_77_342,VGND,li1,163.0700,223.0400,0.000335
FILLER_77_335,VGND,li1,159.8500,223.0400,0.000343
FILLER_77_311,VGND,li1,149.0400,223.0400,0.000349
FILLER_77_281,VGND,li1,135.0100,223.0400,0.000351
FILLER_77_275,VGND,li1,132.2500,223.0400,0.000349
FILLER_77_248,VGND,li1,120.2900,223.0400,0.000345
FILLER_77_239,VGND,li1,115.6900,223.0400,0.000343
FILLER_77_188,VGND,li1,92.2300,223.0400,0.000308
FILLER_77_173,VGND,li1,85.5600,223.0400,0.000293
FILLER_77_141,VGND,li1,70.6100,223.0400,0.000249
FILLER_77_103,VGND,li1,53.1300,223.0400,0.000202
FILLER_77_72,VGND,li1,38.8700,223.0400,0.000155
FILLER_77_61,VGND,li1,34.2700,223.0400,0.000139
FILLER_77_33,VGND,li1,21.1600,223.0400,0.000100
FILLER_77_18,VGND,li1,14.0300,223.0400,0.000102
FILLER_77_7,VGND,li1,9.2000,223.0400,0.000102
FILLER_76_824,VGND,li1,385.2500,217.6000,0.000236
FILLER_76_807,VGND,li1,376.9700,217.6000,0.000232
FILLER_76_781,VGND,li1,365.0100,217.6000,0.000224
FILLER_76_767,VGND,li1,358.8000,217.6000,0.000216
FILLER_76_764,VGND,li1,357.6500,217.6000,0.000216
FILLER_76_754,VGND,li1,352.8200,217.6000,0.000209
FILLER_76_751,VGND,li1,351.6700,217.6000,0.000205
FILLER_76_748,VGND,li1,350.2900,217.6000,0.000205
FILLER_76_745,VGND,li1,348.9100,217.6000,0.000199
FILLER_76_742,VGND,li1,347.5300,217.6000,0.000199
FILLER_76_739,VGND,li1,346.1500,217.6000,0.000194
FILLER_76_717,VGND,li1,336.0300,217.6000,0.000164
FILLER_76_714,VGND,li1,334.6500,217.6000,0.000164
FILLER_76_690,VGND,li1,323.6100,217.6000,0.000181
FILLER_76_687,VGND,li1,322.2300,217.6000,0.000188
FILLER_76_684,VGND,li1,320.8500,217.6000,0.000188
FILLER_76_681,VGND,li1,319.4700,217.6000,0.000195
FILLER_76_678,VGND,li1,318.0900,217.6000,0.000199
FILLER_76_675,VGND,li1,316.7100,217.6000,0.000199
FILLER_76_659,VGND,li1,309.3500,217.6000,0.000219
FILLER_76_645,VGND,li1,302.4500,217.6000,0.000229
FILLER_76_636,VGND,li1,298.7700,217.6000,0.000238
FILLER_76_633,VGND,li1,297.3900,217.6000,0.000238
FILLER_76_630,VGND,li1,296.0100,217.6000,0.000243
FILLER_76_627,VGND,li1,294.6300,217.6000,0.000243
FILLER_76_624,VGND,li1,293.2500,217.6000,0.000247
FILLER_76_621,VGND,li1,291.8700,217.6000,0.000247
FILLER_76_614,VGND,li1,288.1900,217.6000,0.000255
FILLER_76_611,VGND,li1,287.2700,217.6000,0.000255
FILLER_76_596,VGND,li1,280.1400,217.6000,0.000268
FILLER_76_593,VGND,li1,278.9900,217.6000,0.000268
FILLER_76_589,VGND,li1,276.6900,217.6000,0.000272
FILLER_76_586,VGND,li1,275.5400,217.6000,0.000275
FILLER_76_583,VGND,li1,274.3900,217.6000,0.000275
FILLER_76_580,VGND,li1,273.0100,217.6000,0.000278
FILLER_76_577,VGND,li1,271.6300,217.6000,0.000281
FILLER_76_574,VGND,li1,270.2500,217.6000,0.000281
FILLER_76_560,VGND,li1,263.3500,217.6000,0.000291
FILLER_76_548,VGND,li1,258.2900,217.6000,0.000298
FILLER_76_533,VGND,li1,251.1600,217.6000,0.000307
FILLER_76_530,VGND,li1,249.7800,217.6000,0.000309
FILLER_76_509,VGND,li1,240.3500,217.6000,0.000322
FILLER_76_477,VGND,li1,225.6300,217.6000,0.000335
FILLER_76_474,VGND,li1,224.0200,217.6000,0.000335
FILLER_76_444,VGND,li1,209.9900,217.6000,0.000316
FILLER_76_438,VGND,li1,207.2300,217.6000,0.000307
FILLER_76_392,VGND,li1,186.3000,217.6000,0.000221
FILLER_76_365,VGND,li1,173.8800,217.6000,0.000210
FILLER_76_363,VGND,li1,172.7300,217.6000,0.000210
FILLER_76_351,VGND,li1,167.4400,217.6000,0.000227
FILLER_76_317,VGND,li1,151.8000,217.6000,0.000265
FILLER_76_298,VGND,li1,143.0600,217.6000,0.000277
FILLER_76_272,VGND,li1,130.8700,217.6000,0.000287
FILLER_76_253,VGND,li1,122.3600,217.6000,0.000291
FILLER_76_238,VGND,li1,115.2300,217.6000,0.000294
FILLER_76_213,VGND,li1,104.1900,217.6000,0.000289
FILLER_76_197,VGND,li1,96.8300,217.6000,0.000282
FILLER_76_135,VGND,li1,67.8500,217.6000,0.000224
FILLER_76_110,VGND,li1,56.3500,217.6000,0.000194
FILLER_76_81,VGND,li1,43.4700,217.6000,0.000151
FILLER_76_67,VGND,li1,36.5700,217.6000,0.000128
FILLER_76_40,VGND,li1,24.6100,217.6000,0.000091
FILLER_76_29,VGND,li1,19.3200,217.6000,0.000093
FILLER_76_25,VGND,li1,17.7100,217.6000,0.000093
FILLER_76_7,VGND,li1,9.2000,217.6000,0.000095
FILLER_75_841,VGND,li1,392.6100,217.6000,0.000237
FILLER_75_839,VGND,li1,391.6900,217.6000,0.000237
FILLER_75_785,VGND,li1,367.0800,217.6000,0.000225
FILLER_75_770,VGND,li1,359.9500,217.6000,0.000218
FILLER_75_737,VGND,li1,345.0000,217.6000,0.000194
FILLER_75_729,VGND,li1,341.0900,217.6000,0.000184
FILLER_75_714,VGND,li1,334.4200,217.6000,0.000164
FILLER_75_711,VGND,li1,333.2700,217.6000,0.000156
FILLER_75_708,VGND,li1,331.8900,217.6000,0.000156
FILLER_75_687,VGND,li1,322.0000,217.6000,0.000188
FILLER_75_673,VGND,li1,315.3300,217.6000,0.000204
FILLER_75_659,VGND,li1,308.8900,217.6000,0.000219
FILLER_75_656,VGND,li1,307.9700,217.6000,0.000219
FILLER_75_653,VGND,li1,306.5900,217.6000,0.000224
FILLER_75_650,VGND,li1,305.2100,217.6000,0.000224
FILLER_75_613,VGND,li1,288.1900,217.6000,0.000255
FILLER_75_593,VGND,li1,278.7600,217.6000,0.000268
FILLER_75_590,VGND,li1,277.6100,217.6000,0.000272
FILLER_75_587,VGND,li1,276.2300,217.6000,0.000272
FILLER_75_584,VGND,li1,274.8500,217.6000,0.000275
FILLER_75_564,VGND,li1,265.6500,217.6000,0.000288
FILLER_75_561,VGND,li1,264.2700,217.6000,0.000291
FILLER_75_558,VGND,li1,262.6600,217.6000,0.000294
FILLER_75_544,VGND,li1,255.9900,217.6000,0.000302
FILLER_75_509,VGND,li1,240.3500,217.6000,0.000322
FILLER_75_503,VGND,li1,237.1300,217.6000,0.000325
FILLER_75_449,VGND,li1,212.2900,217.6000,0.000322
FILLER_75_411,VGND,li1,195.2700,217.6000,0.000260
FILLER_75_393,VGND,li1,186.9900,217.6000,0.000229
FILLER_75_389,VGND,li1,185.1500,217.6000,0.000221
FILLER_75_342,VGND,li1,163.0700,217.6000,0.000240
FILLER_75_335,VGND,li1,159.8500,217.6000,0.000255
FILLER_75_319,VGND,li1,152.9500,217.6000,0.000265
FILLER_75_301,VGND,li1,144.2100,217.6000,0.000275
FILLER_75_270,VGND,li1,130.1800,217.6000,0.000287
FILLER_75_238,VGND,li1,115.2300,217.6000,0.000294
FILLER_75_221,VGND,li1,107.8700,217.6000,0.000291
FILLER_75_192,VGND,li1,94.5300,217.6000,0.000279
FILLER_75_177,VGND,li1,87.1700,217.6000,0.000266
FILLER_75_155,VGND,li1,77.5100,217.6000,0.000246
FILLER_75_90,VGND,li1,47.1500,217.6000,0.000166
FILLER_75_41,VGND,li1,25.0700,217.6000,0.000091
FILLER_75_21,VGND,li1,15.8700,217.6000,0.000094
FILLER_74_840,VGND,li1,392.3800,212.1600,0.000200
FILLER_74_834,VGND,li1,389.6200,212.1600,0.000200
FILLER_74_821,VGND,li1,383.6400,212.1600,0.000199
FILLER_74_784,VGND,li1,366.3900,212.1600,0.000183
FILLER_74_781,VGND,li1,365.4700,212.1600,0.000183
FILLER_74_778,VGND,li1,364.0900,212.1600,0.000181
FILLER_74_757,VGND,li1,353.9700,212.1600,0.000166
FILLER_74_754,VGND,li1,352.8200,212.1600,0.000166
FILLER_74_751,VGND,li1,351.6700,212.1600,0.000162
FILLER_74_748,VGND,li1,350.2900,212.1600,0.000162
FILLER_74_740,VGND,li1,346.6100,212.1600,0.000155
FILLER_74_737,VGND,li1,345.2300,212.1600,0.000150
FILLER_74_734,VGND,li1,343.8500,212.1600,0.000150
FILLER_74_692,VGND,li1,324.0700,212.1600,0.000140
FILLER_74_689,VGND,li1,323.1500,212.1600,0.000140
FILLER_74_686,VGND,li1,321.7700,212.1600,0.000144
FILLER_74_683,VGND,li1,320.3900,212.1600,0.000149
FILLER_74_680,VGND,li1,319.0100,212.1600,0.000149
FILLER_74_648,VGND,li1,304.2900,212.1600,0.000178
FILLER_74_645,VGND,li1,302.9100,212.1600,0.000183
FILLER_74_641,VGND,li1,301.0700,212.1600,0.000186
FILLER_74_638,VGND,li1,299.6900,212.1600,0.000186
FILLER_74_631,VGND,li1,296.2400,212.1600,0.000194
FILLER_74_628,VGND,li1,295.0900,212.1600,0.000194
FILLER_74_625,VGND,li1,293.7100,212.1600,0.000197
FILLER_74_622,VGND,li1,292.3300,212.1600,0.000201
FILLER_74_608,VGND,li1,285.4300,212.1600,0.000210
FILLER_74_605,VGND,li1,284.5100,212.1600,0.000213
FILLER_74_602,VGND,li1,283.1300,212.1600,0.000213
FILLER_74_579,VGND,li1,272.0900,212.1600,0.000231
FILLER_74_567,VGND,li1,267.0300,212.1600,0.000241
FILLER_74_564,VGND,li1,265.6500,212.1600,0.000241
FILLER_74_555,VGND,li1,261.0500,212.1600,0.000249
FILLER_74_552,VGND,li1,260.1300,212.1600,0.000249
FILLER_74_533,VGND,li1,251.3900,212.1600,0.000260
FILLER_74_531,VGND,li1,250.0100,212.1600,0.000263
FILLER_74_482,VGND,li1,227.7000,212.1600,0.000283
FILLER_74_475,VGND,li1,224.2500,212.1600,0.000282
FILLER_74_418,VGND,li1,198.2600,212.1600,0.000222
FILLER_74_387,VGND,li1,184.0000,212.1600,0.000173
FILLER_74_355,VGND,li1,169.0500,212.1600,0.000189
FILLER_74_309,VGND,li1,148.3500,212.1600,0.000231
FILLER_74_290,VGND,li1,139.1500,212.1600,0.000239
FILLER_74_275,VGND,li1,132.2500,212.1600,0.000242
FILLER_74_261,VGND,li1,125.8100,212.1600,0.000243
FILLER_74_212,VGND,li1,103.2700,212.1600,0.000231
FILLER_74_178,VGND,li1,87.8600,212.1600,0.000211
FILLER_74_168,VGND,li1,83.0300,212.1600,0.000204
FILLER_74_161,VGND,li1,80.2700,212.1600,0.000199
FILLER_74_150,VGND,li1,74.7500,212.1600,0.000190
FILLER_74_126,VGND,li1,63.7100,212.1600,0.000167
FILLER_74_120,VGND,li1,60.9500,212.1600,0.000162
FILLER_74_85,VGND,li1,45.0800,212.1600,0.000126
FILLER_74_83,VGND,li1,43.9300,212.1600,0.000126
FILLER_74_75,VGND,li1,40.2500,212.1600,0.000113
FILLER_74_61,VGND,li1,33.8100,212.1600,0.000097
FILLER_74_44,VGND,li1,25.9900,212.1600,0.000077
FILLER_74_29,VGND,li1,19.3200,212.1600,0.000080
FILLER_74_13,VGND,li1,11.7300,212.1600,0.000082
FILLER_74_3,VGND,li1,7.5900,212.1600,0.000082
FILLER_73_841,VGND,li1,392.6100,212.1600,0.000200
FILLER_73_834,VGND,li1,389.6200,212.1600,0.000200
FILLER_73_820,VGND,li1,383.1800,212.1600,0.000199
FILLER_73_805,VGND,li1,376.2800,212.1600,0.000194
FILLER_73_778,VGND,li1,363.6300,212.1600,0.000181
FILLER_73_775,VGND,li1,362.7100,212.1600,0.000181
FILLER_73_740,VGND,li1,346.3800,212.1600,0.000155
FILLER_73_737,VGND,li1,345.2300,212.1600,0.000150
FILLER_73_734,VGND,li1,343.8500,212.1600,0.000150
FILLER_73_725,VGND,li1,339.7100,212.1600,0.000141
FILLER_73_716,VGND,li1,335.1100,212.1600,0.000128
FILLER_73_713,VGND,li1,334.1900,212.1600,0.000128
FILLER_73_710,VGND,li1,332.8100,212.1600,0.000121
FILLER_73_707,VGND,li1,331.4300,212.1600,0.000121
FILLER_73_688,VGND,li1,322.2300,212.1600,0.000144
FILLER_73_685,VGND,li1,321.3100,212.1600,0.000144
FILLER_73_682,VGND,li1,319.9300,212.1600,0.000149
FILLER_73_679,VGND,li1,318.5500,212.1600,0.000153
FILLER_73_676,VGND,li1,317.1700,212.1600,0.000153
FILLER_73_673,VGND,li1,315.7900,212.1600,0.000157
FILLER_73_620,VGND,li1,290.9500,212.1600,0.000201
FILLER_73_617,VGND,li1,290.0300,212.1600,0.000205
FILLER_73_606,VGND,li1,284.7400,212.1600,0.000213
FILLER_73_603,VGND,li1,283.5900,212.1600,0.000213
FILLER_73_600,VGND,li1,282.2100,212.1600,0.000217
FILLER_73_597,VGND,li1,280.8300,212.1600,0.000217
FILLER_73_594,VGND,li1,279.4500,212.1600,0.000222
FILLER_73_591,VGND,li1,278.0700,212.1600,0.000222
FILLER_73_588,VGND,li1,276.6900,212.1600,0.000224
FILLER_73_585,VGND,li1,275.3100,212.1600,0.000228
FILLER_73_582,VGND,li1,273.9300,212.1600,0.000228
FILLER_73_557,VGND,li1,262.4300,212.1600,0.000245
FILLER_73_554,VGND,li1,261.0500,212.1600,0.000249
FILLER_73_551,VGND,li1,259.6700,212.1600,0.000249
FILLER_73_548,VGND,li1,258.2900,212.1600,0.000252
FILLER_73_539,VGND,li1,253.6900,212.1600,0.000257
FILLER_73_505,VGND,li1,238.2800,212.1600,0.000276
FILLER_73_502,VGND,li1,236.9000,212.1600,0.000278
FILLER_73_434,VGND,li1,205.6200,212.1600,0.000246
FILLER_73_415,VGND,li1,196.8800,212.1600,0.000222
FILLER_73_403,VGND,li1,191.1300,212.1600,0.000199
FILLER_73_393,VGND,li1,186.5300,212.1600,0.000183
FILLER_73_364,VGND,li1,173.4200,212.1600,0.000176
FILLER_73_337,VGND,li1,161.0000,212.1600,0.000207
FILLER_73_289,VGND,li1,138.6900,212.1600,0.000239
FILLER_73_237,VGND,li1,114.7700,212.1600,0.000242
FILLER_73_225,VGND,li1,109.2500,212.1600,0.000238
FILLER_73_218,VGND,li1,106.0300,212.1600,0.000234
FILLER_73_212,VGND,li1,103.2700,212.1600,0.000231
FILLER_73_196,VGND,li1,96.3700,212.1600,0.000222
FILLER_73_140,VGND,li1,70.1500,212.1600,0.000183
FILLER_73_125,VGND,li1,63.2500,212.1600,0.000167
FILLER_73_67,VGND,li1,36.5700,212.1600,0.000105
FILLER_73_57,VGND,li1,32.2000,212.1600,0.000093
FILLER_73_53,VGND,li1,30.5900,212.1600,0.000088
FILLER_73_38,VGND,li1,23.2300,212.1600,0.000078
FILLER_73_3,VGND,li1,7.1300,212.1600,0.000082
FILLER_72_818,VGND,li1,382.0300,206.7200,0.000206
FILLER_72_797,VGND,li1,372.6000,206.7200,0.000198
FILLER_72_782,VGND,li1,365.9300,206.7200,0.000190
FILLER_72_766,VGND,li1,358.5700,206.7200,0.000180
FILLER_72_757,VGND,li1,354.2000,206.7200,0.000169
FILLER_72_742,VGND,li1,347.0700,206.7200,0.000157
FILLER_72_727,VGND,li1,340.4000,206.7200,0.000139
FILLER_72_710,VGND,li1,332.3500,206.7200,0.000119
FILLER_72_707,VGND,li1,331.4300,206.7200,0.000119
FILLER_72_704,VGND,li1,330.0500,206.7200,0.000126
FILLER_72_701,VGND,li1,328.6700,206.7200,0.000126
FILLER_72_699,VGND,li1,327.2900,206.7200,0.000132
FILLER_72_696,VGND,li1,326.3700,206.7200,0.000132
FILLER_72_680,VGND,li1,319.0100,206.7200,0.000153
FILLER_72_677,VGND,li1,317.6300,206.7200,0.000153
FILLER_72_656,VGND,li1,307.9700,206.7200,0.000177
FILLER_72_653,VGND,li1,306.5900,206.7200,0.000183
FILLER_72_650,VGND,li1,305.2100,206.7200,0.000183
FILLER_72_617,VGND,li1,289.5700,206.7200,0.000218
FILLER_72_614,VGND,li1,288.6500,206.7200,0.000222
FILLER_72_611,VGND,li1,287.2700,206.7200,0.000222
FILLER_72_579,VGND,li1,272.0900,206.7200,0.000253
FILLER_72_566,VGND,li1,266.5700,206.7200,0.000261
FILLER_72_547,VGND,li1,257.3700,206.7200,0.000277
FILLER_72_544,VGND,li1,256.4500,206.7200,0.000277
FILLER_72_489,VGND,li1,230.9200,206.7200,0.000309
FILLER_72_475,VGND,li1,224.2500,206.7200,0.000311
FILLER_72_437,VGND,li1,206.7700,206.7200,0.000303
FILLER_72_421,VGND,li1,199.6400,206.7200,0.000289
FILLER_72_395,VGND,li1,187.4500,206.7200,0.000250
FILLER_72_365,VGND,li1,173.6500,206.7200,0.000240
FILLER_72_337,VGND,li1,161.0000,206.7200,0.000272
FILLER_72_322,VGND,li1,153.8700,206.7200,0.000284
FILLER_72_307,VGND,li1,146.9700,206.7200,0.000298
FILLER_72_250,VGND,li1,120.9800,206.7200,0.000297
FILLER_72_164,VGND,li1,81.1900,206.7200,0.000249
FILLER_72_141,VGND,li1,70.6100,206.7200,0.000228
FILLER_72_117,VGND,li1,59.5700,206.7200,0.000196
FILLER_72_110,VGND,li1,56.8100,206.7200,0.000191
FILLER_72_82,VGND,li1,43.7000,206.7200,0.000151
FILLER_72_75,VGND,li1,40.4800,206.7200,0.000140
FILLER_72_59,VGND,li1,32.8900,206.7200,0.000112
FILLER_72_26,VGND,li1,17.9400,206.7200,0.000086
FILLER_72_7,VGND,li1,9.2000,206.7200,0.000087
FILLER_71_841,VGND,li1,392.6100,206.7200,0.000210
FILLER_71_837,VGND,li1,391.2300,206.7200,0.000210
FILLER_71_789,VGND,li1,368.6900,206.7200,0.000193
FILLER_71_781,VGND,li1,365.4700,206.7200,0.000190
FILLER_71_754,VGND,li1,353.0500,206.7200,0.000169
FILLER_71_740,VGND,li1,346.6100,206.7200,0.000153
FILLER_71_737,VGND,li1,345.2300,206.7200,0.000153
FILLER_71_729,VGND,li1,341.0900,206.7200,0.000144
FILLER_71_727,VGND,li1,340.1700,206.7200,0.000139
FILLER_71_724,VGND,li1,339.2500,206.7200,0.000139
FILLER_71_707,VGND,li1,331.2000,206.7200,0.000119
FILLER_71_704,VGND,li1,330.0500,206.7200,0.000126
FILLER_71_658,VGND,li1,308.4300,206.7200,0.000177
FILLER_71_655,VGND,li1,307.5100,206.7200,0.000177
FILLER_71_630,VGND,li1,296.0100,206.7200,0.000206
FILLER_71_627,VGND,li1,294.6300,206.7200,0.000206
FILLER_71_624,VGND,li1,293.2500,206.7200,0.000210
FILLER_71_605,VGND,li1,284.5100,206.7200,0.000227
FILLER_71_590,VGND,li1,277.3800,206.7200,0.000241
FILLER_71_576,VGND,li1,270.9400,206.7200,0.000253
FILLER_71_573,VGND,li1,269.7900,206.7200,0.000257
FILLER_71_570,VGND,li1,268.4100,206.7200,0.000257
FILLER_71_567,VGND,li1,267.0300,206.7200,0.000261
FILLER_71_564,VGND,li1,265.6500,206.7200,0.000261
FILLER_71_561,VGND,li1,264.2700,206.7200,0.000265
FILLER_71_556,VGND,li1,261.5100,206.7200,0.000268
FILLER_71_553,VGND,li1,260.5900,206.7200,0.000272
FILLER_71_526,VGND,li1,247.9400,206.7200,0.000291
FILLER_71_501,VGND,li1,236.6700,206.7200,0.000305
FILLER_71_457,VGND,li1,216.2000,206.7200,0.000312
FILLER_71_393,VGND,li1,186.7600,206.7200,0.000241
FILLER_71_386,VGND,li1,183.5400,206.7200,0.000234
FILLER_71_337,VGND,li1,161.2300,206.7200,0.000268
FILLER_71_335,VGND,li1,159.8500,206.7200,0.000272
FILLER_71_315,VGND,li1,150.6500,206.7200,0.000293
FILLER_71_281,VGND,li1,135.0100,206.7200,0.000303
FILLER_71_221,VGND,li1,107.8700,206.7200,0.000288
FILLER_71_189,VGND,li1,92.9200,206.7200,0.000272
FILLER_71_169,VGND,li1,83.9500,206.7200,0.000257
FILLER_71_165,VGND,li1,82.1100,206.7200,0.000254
FILLER_71_135,VGND,li1,68.0800,206.7200,0.000223
FILLER_71_117,VGND,li1,59.5700,206.7200,0.000196
FILLER_71_110,VGND,li1,56.5800,206.7200,0.000191
FILLER_71_57,VGND,li1,31.9700,206.7200,0.000112
FILLER_71_55,VGND,li1,31.0500,206.7200,0.000105
FILLER_71_42,VGND,li1,25.0700,206.7200,0.000085
FILLER_71_37,VGND,li1,22.7700,206.7200,0.000085
FILLER_70_813,VGND,li1,379.7300,201.2800,0.000222
FILLER_70_811,VGND,li1,378.8100,201.2800,0.000222
FILLER_70_795,VGND,li1,371.4500,201.2800,0.000209
FILLER_70_757,VGND,li1,353.9700,201.2800,0.000175
FILLER_70_755,VGND,li1,353.0500,201.2800,0.000170
FILLER_70_752,VGND,li1,352.1300,201.2800,0.000170
FILLER_70_740,VGND,li1,346.6100,201.2800,0.000157
FILLER_70_730,VGND,li1,341.5500,201.2800,0.000145
FILLER_70_701,VGND,li1,328.6700,201.2800,0.000134
FILLER_70_680,VGND,li1,318.7800,201.2800,0.000158
FILLER_70_677,VGND,li1,317.6300,201.2800,0.000162
FILLER_70_674,VGND,li1,316.2500,201.2800,0.000162
FILLER_70_671,VGND,li1,314.8700,201.2800,0.000167
FILLER_70_654,VGND,li1,306.5900,201.2800,0.000185
FILLER_70_636,VGND,li1,298.3100,201.2800,0.000205
FILLER_70_608,VGND,li1,285.6600,201.2800,0.000228
FILLER_70_605,VGND,li1,284.5100,201.2800,0.000232
FILLER_70_602,VGND,li1,283.1300,201.2800,0.000236
FILLER_70_599,VGND,li1,281.7500,201.2800,0.000236
FILLER_70_596,VGND,li1,280.3700,201.2800,0.000239
FILLER_70_578,VGND,li1,272.0900,201.2800,0.000254
FILLER_70_575,VGND,li1,270.7100,201.2800,0.000259
FILLER_70_572,VGND,li1,269.3300,201.2800,0.000259
FILLER_70_558,VGND,li1,262.4300,201.2800,0.000274
FILLER_70_555,VGND,li1,261.5100,201.2800,0.000274
FILLER_70_552,VGND,li1,260.1300,201.2800,0.000278
FILLER_70_542,VGND,li1,255.0700,201.2800,0.000286
FILLER_70_539,VGND,li1,254.1500,201.2800,0.000286
FILLER_70_536,VGND,li1,252.7700,201.2800,0.000291
FILLER_70_533,VGND,li1,251.3900,201.2800,0.000291
FILLER_70_494,VGND,li1,232.9900,201.2800,0.000311
FILLER_70_474,VGND,li1,224.0200,201.2800,0.000305
FILLER_70_399,VGND,li1,189.2900,201.2800,0.000206
FILLER_70_373,VGND,li1,177.3300,201.2800,0.000162
FILLER_70_344,VGND,li1,164.4500,201.2800,0.000192
FILLER_70_320,VGND,li1,153.4100,201.2800,0.000212
FILLER_70_309,VGND,li1,148.1200,201.2800,0.000217
FILLER_70_303,VGND,li1,145.1300,201.2800,0.000220
FILLER_70_276,VGND,li1,132.9400,201.2800,0.000229
FILLER_70_253,VGND,li1,122.1300,201.2800,0.000233
FILLER_70_215,VGND,li1,104.6500,201.2800,0.000228
FILLER_70_197,VGND,li1,96.3700,201.2800,0.000221
FILLER_70_190,VGND,li1,93.3800,201.2800,0.000218
FILLER_70_170,VGND,li1,84.1800,201.2800,0.000208
FILLER_70_141,VGND,li1,70.8400,201.2800,0.000185
FILLER_70_122,VGND,li1,61.8700,201.2800,0.000165
FILLER_70_110,VGND,li1,56.5800,201.2800,0.000156
FILLER_70_82,VGND,li1,43.7000,201.2800,0.000122
FILLER_70_25,VGND,li1,17.7100,201.2800,0.000075
FILLER_70_8,VGND,li1,9.8900,201.2800,0.000076
FILLER_70_3,VGND,li1,7.1300,201.2800,0.000076
FILLER_69_841,VGND,li1,392.6100,201.2800,0.000232
FILLER_69_834,VGND,li1,389.6200,201.2800,0.000231
FILLER_69_826,VGND,li1,386.1700,201.2800,0.000229
FILLER_69_777,VGND,li1,363.4000,201.2800,0.000192
FILLER_69_752,VGND,li1,352.1300,201.2800,0.000170
FILLER_69_729,VGND,li1,341.5500,201.2800,0.000145
FILLER_69_725,VGND,li1,339.7100,201.2800,0.000140
FILLER_69_717,VGND,li1,335.5700,201.2800,0.000128
FILLER_69_714,VGND,li1,334.6500,201.2800,0.000128
FILLER_69_686,VGND,li1,321.3100,201.2800,0.000150
FILLER_69_669,VGND,li1,313.9500,201.2800,0.000167
FILLER_69_659,VGND,li1,308.8900,201.2800,0.000180
FILLER_69_656,VGND,li1,307.9700,201.2800,0.000185
FILLER_69_653,VGND,li1,306.5900,201.2800,0.000185
FILLER_69_650,VGND,li1,305.2100,201.2800,0.000191
FILLER_69_647,VGND,li1,303.8300,201.2800,0.000191
FILLER_69_636,VGND,li1,298.7700,201.2800,0.000205
FILLER_69_633,VGND,li1,297.3900,201.2800,0.000205
FILLER_69_624,VGND,li1,292.7900,201.2800,0.000215
FILLER_69_614,VGND,li1,288.4200,201.2800,0.000223
FILLER_69_604,VGND,li1,283.8200,201.2800,0.000232
FILLER_69_601,VGND,li1,282.6700,201.2800,0.000236
FILLER_69_598,VGND,li1,281.2900,201.2800,0.000239
FILLER_69_595,VGND,li1,279.9100,201.2800,0.000239
FILLER_69_578,VGND,li1,272.0900,201.2800,0.000254
FILLER_69_575,VGND,li1,270.7100,201.2800,0.000259
FILLER_69_572,VGND,li1,269.3300,201.2800,0.000259
FILLER_69_569,VGND,li1,267.9500,201.2800,0.000263
FILLER_69_552,VGND,li1,259.6700,201.2800,0.000278
FILLER_69_549,VGND,li1,258.7500,201.2800,0.000278
FILLER_69_501,VGND,li1,236.6700,201.2800,0.000312
FILLER_69_483,VGND,li1,227.9300,201.2800,0.000308
FILLER_69_446,VGND,li1,211.1400,201.2800,0.000278
FILLER_69_430,VGND,li1,204.0100,201.2800,0.000258
FILLER_69_420,VGND,li1,199.1800,201.2800,0.000243
FILLER_69_393,VGND,li1,186.7600,201.2800,0.000195
FILLER_69_349,VGND,li1,166.5200,201.2800,0.000188
FILLER_69_334,VGND,li1,159.6200,201.2800,0.000201
FILLER_69_314,VGND,li1,150.4200,201.2800,0.000214
FILLER_69_281,VGND,li1,135.4700,201.2800,0.000228
FILLER_69_247,VGND,li1,119.8300,201.2800,0.000234
FILLER_69_189,VGND,li1,92.6900,201.2800,0.000218
FILLER_69_165,VGND,li1,82.1100,201.2800,0.000205
FILLER_69_151,VGND,li1,75.2100,201.2800,0.000194
FILLER_69_129,VGND,li1,65.3200,201.2800,0.000173
FILLER_69_65,VGND,li1,35.8800,201.2800,0.000106
FILLER_69_55,VGND,li1,31.0500,201.2800,0.000094
FILLER_69_31,VGND,li1,20.4700,201.2800,0.000074
FILLER_69_3,VGND,li1,7.1300,201.2800,0.000076
FILLER_68_839,VGND,li1,392.1500,195.8400,0.000167
FILLER_68_775,VGND,li1,362.7100,195.8400,0.000143
FILLER_68_753,VGND,li1,352.5900,195.8400,0.000126
FILLER_68_742,VGND,li1,347.3000,195.8400,0.000117
FILLER_68_737,VGND,li1,344.7700,195.8400,0.000113
FILLER_68_716,VGND,li1,335.1100,195.8400,0.000093
FILLER_68_713,VGND,li1,334.1900,195.8400,0.000093
FILLER_68_710,VGND,li1,332.8100,195.8400,0.000090
FILLER_68_707,VGND,li1,331.4300,195.8400,0.000094
FILLER_68_704,VGND,li1,330.0500,195.8400,0.000094
FILLER_68_701,VGND,li1,328.6700,195.8400,0.000100
FILLER_68_698,VGND,li1,327.0600,195.8400,0.000100
FILLER_68_670,VGND,li1,314.4100,195.8400,0.000124
FILLER_68_642,VGND,li1,301.3000,195.8400,0.000145
FILLER_68_639,VGND,li1,300.1500,195.8400,0.000145
FILLER_68_627,VGND,li1,294.6300,195.8400,0.000153
FILLER_68_624,VGND,li1,293.2500,195.8400,0.000153
FILLER_68_621,VGND,li1,291.8700,195.8400,0.000157
FILLER_68_618,VGND,li1,290.4900,195.8400,0.000157
FILLER_68_600,VGND,li1,281.9800,195.8400,0.000165
FILLER_68_597,VGND,li1,280.8300,195.8400,0.000168
FILLER_68_594,VGND,li1,279.4500,195.8400,0.000168
FILLER_68_587,VGND,li1,275.7700,195.8400,0.000171
FILLER_68_577,VGND,li1,271.6300,195.8400,0.000175
FILLER_68_574,VGND,li1,270.2500,195.8400,0.000176
FILLER_68_552,VGND,li1,259.6700,195.8400,0.000185
FILLER_68_549,VGND,li1,258.7500,195.8400,0.000185
FILLER_68_546,VGND,li1,257.3700,195.8400,0.000187
FILLER_68_543,VGND,li1,255.9900,195.8400,0.000187
FILLER_68_533,VGND,li1,250.9300,195.8400,0.000191
FILLER_68_517,VGND,li1,243.5700,195.8400,0.000195
FILLER_68_498,VGND,li1,234.8300,195.8400,0.000198
FILLER_68_475,VGND,li1,224.2500,195.8400,0.000198
FILLER_68_465,VGND,li1,219.8800,195.8400,0.000197
FILLER_68_457,VGND,li1,216.4300,195.8400,0.000196
FILLER_68_421,VGND,li1,199.6400,195.8400,0.000182
FILLER_68_376,VGND,li1,178.7100,195.8400,0.000151
FILLER_68_359,VGND,li1,170.8900,195.8400,0.000186
FILLER_68_303,VGND,li1,145.1300,195.8400,0.000266
FILLER_68_253,VGND,li1,122.1300,195.8400,0.000314
FILLER_68_234,VGND,li1,113.3900,195.8400,0.000325
FILLER_68_219,VGND,li1,106.7200,195.8400,0.000332
FILLER_68_197,VGND,li1,96.6000,195.8400,0.000341
FILLER_68_178,VGND,li1,88.0900,195.8400,0.000345
FILLER_68_149,VGND,li1,74.7500,195.8400,0.000335
FILLER_68_126,VGND,li1,63.7100,195.8400,0.000292
FILLER_68_103,VGND,li1,53.3600,195.8400,0.000249
FILLER_68_76,VGND,li1,40.7100,195.8400,0.000188
FILLER_68_49,VGND,li1,28.5200,195.8400,0.000139
FILLER_68_21,VGND,li1,15.8700,195.8400,0.000117
FILLER_68_3,VGND,li1,7.1300,195.8400,0.000118
FILLER_67_841,VGND,li1,392.6100,195.8400,0.000167
FILLER_67_800,VGND,li1,373.7500,195.8400,0.000155
FILLER_67_768,VGND,li1,359.4900,195.8400,0.000135
FILLER_67_756,VGND,li1,353.7400,195.8400,0.000126
FILLER_67_742,VGND,li1,347.0700,195.8400,0.000117
FILLER_67_726,VGND,li1,339.9400,195.8400,0.000104
FILLER_67_723,VGND,li1,338.7900,195.8400,0.000099
FILLER_67_720,VGND,li1,337.4100,195.8400,0.000099
FILLER_67_706,VGND,li1,330.5100,195.8400,0.000094
FILLER_67_692,VGND,li1,324.0700,195.8400,0.000107
FILLER_67_689,VGND,li1,323.1500,195.8400,0.000107
FILLER_67_679,VGND,li1,318.0900,195.8400,0.000116
FILLER_67_676,VGND,li1,317.1700,195.8400,0.000121
FILLER_67_673,VGND,li1,315.7900,195.8400,0.000121
FILLER_67_671,VGND,li1,314.4100,195.8400,0.000124
FILLER_67_668,VGND,li1,313.4900,195.8400,0.000124
FILLER_67_665,VGND,li1,312.1100,195.8400,0.000129
FILLER_67_662,VGND,li1,310.7300,195.8400,0.000129
FILLER_67_659,VGND,li1,309.3500,195.8400,0.000133
FILLER_67_656,VGND,li1,307.9700,195.8400,0.000133
FILLER_67_653,VGND,li1,306.5900,195.8400,0.000137
FILLER_67_641,VGND,li1,300.8400,195.8400,0.000145
FILLER_67_638,VGND,li1,299.6900,195.8400,0.000145
FILLER_67_615,VGND,li1,288.6500,195.8400,0.000160
FILLER_67_612,VGND,li1,287.7300,195.8400,0.000160
FILLER_67_589,VGND,li1,276.6900,195.8400,0.000171
FILLER_67_586,VGND,li1,275.7700,195.8400,0.000171
FILLER_67_568,VGND,li1,267.2600,195.8400,0.000178
FILLER_67_559,VGND,li1,262.8900,195.8400,0.000182
FILLER_67_556,VGND,li1,261.9700,195.8400,0.000184
FILLER_67_553,VGND,li1,260.5900,195.8400,0.000184
FILLER_67_531,VGND,li1,250.2400,195.8400,0.000192
FILLER_67_528,VGND,li1,249.0900,195.8400,0.000192
FILLER_67_505,VGND,li1,238.0500,195.8400,0.000197
FILLER_67_502,VGND,li1,236.9000,195.8400,0.000197
FILLER_67_491,VGND,li1,231.8400,195.8400,0.000198
FILLER_67_469,VGND,li1,221.4900,195.8400,0.000197
FILLER_67_449,VGND,li1,212.7500,195.8400,0.000193
FILLER_67_391,VGND,li1,185.6100,195.8400,0.000164
FILLER_67_370,VGND,li1,175.9500,195.8400,0.000163
FILLER_67_354,VGND,li1,168.5900,195.8400,0.000194
FILLER_67_325,VGND,li1,155.2500,195.8400,0.000238
FILLER_67_296,VGND,li1,142.1400,195.8400,0.000275
FILLER_67_281,VGND,li1,135.2400,195.8400,0.000290
FILLER_67_240,VGND,li1,116.1500,195.8400,0.000322
FILLER_67_225,VGND,li1,109.4800,195.8400,0.000329
FILLER_67_214,VGND,li1,104.4200,195.8400,0.000336
FILLER_67_179,VGND,li1,88.0900,195.8400,0.000345
FILLER_67_169,VGND,li1,83.4900,195.8400,0.000347
FILLER_67_147,VGND,li1,73.3700,195.8400,0.000325
FILLER_67_127,VGND,li1,64.1700,195.8400,0.000292
FILLER_67_117,VGND,li1,59.5700,195.8400,0.000275
FILLER_67_110,VGND,li1,56.5800,195.8400,0.000257
FILLER_67_68,VGND,li1,37.2600,195.8400,0.000173
FILLER_67_57,VGND,li1,32.4300,195.8400,0.000157
FILLER_67_50,VGND,li1,28.9800,195.8400,0.000139
FILLER_67_22,VGND,li1,16.3300,195.8400,0.000117
FILLER_67_3,VGND,li1,7.5900,195.8400,0.000118
FILLER_66_841,VGND,li1,392.6100,190.4000,0.000151
FILLER_66_826,VGND,li1,385.9400,190.4000,0.000150
FILLER_66_803,VGND,li1,375.1300,190.4000,0.000142
FILLER_66_795,VGND,li1,371.4500,190.4000,0.000138
FILLER_66_757,VGND,li1,353.9700,190.4000,0.000112
FILLER_66_750,VGND,li1,350.7500,190.4000,0.000107
FILLER_66_734,VGND,li1,343.8500,190.4000,0.000094
FILLER_66_727,VGND,li1,340.1700,190.4000,0.000087
FILLER_66_707,VGND,li1,330.9700,190.4000,0.000080
FILLER_66_704,VGND,li1,330.0500,190.4000,0.000080
FILLER_66_701,VGND,li1,328.6700,190.4000,0.000084
FILLER_66_690,VGND,li1,323.1500,190.4000,0.000091
FILLER_66_664,VGND,li1,311.1900,190.4000,0.000103
FILLER_66_645,VGND,li1,302.6800,190.4000,0.000112
FILLER_66_641,VGND,li1,301.0700,190.4000,0.000114
FILLER_66_638,VGND,li1,299.6900,190.4000,0.000114
FILLER_66_628,VGND,li1,294.6300,190.4000,0.000120
FILLER_66_625,VGND,li1,293.7100,190.4000,0.000120
FILLER_66_615,VGND,li1,289.1100,190.4000,0.000123
FILLER_66_612,VGND,li1,287.7300,190.4000,0.000125
FILLER_66_600,VGND,li1,282.2100,190.4000,0.000130
FILLER_66_597,VGND,li1,280.8300,190.4000,0.000130
FILLER_66_585,VGND,li1,275.3100,190.4000,0.000134
FILLER_66_582,VGND,li1,273.9300,190.4000,0.000136
FILLER_66_579,VGND,li1,272.5500,190.4000,0.000136
FILLER_66_569,VGND,li1,267.4900,190.4000,0.000139
FILLER_66_566,VGND,li1,266.5700,190.4000,0.000140
FILLER_66_563,VGND,li1,265.1900,190.4000,0.000140
FILLER_66_560,VGND,li1,263.8100,190.4000,0.000141
FILLER_66_536,VGND,li1,252.3100,190.4000,0.000148
FILLER_66_533,VGND,li1,251.3900,190.4000,0.000149
FILLER_66_529,VGND,li1,249.5500,190.4000,0.000150
FILLER_66_526,VGND,li1,248.1700,190.4000,0.000150
FILLER_66_523,VGND,li1,246.7900,190.4000,0.000151
FILLER_66_504,VGND,li1,237.5900,190.4000,0.000155
FILLER_66_491,VGND,li1,231.6100,190.4000,0.000158
FILLER_66_466,VGND,li1,220.1100,190.4000,0.000162
FILLER_66_430,VGND,li1,203.7800,190.4000,0.000160
FILLER_66_390,VGND,li1,185.1500,190.4000,0.000143
FILLER_66_365,VGND,li1,173.6500,190.4000,0.000143
FILLER_66_361,VGND,li1,172.2700,190.4000,0.000143
FILLER_66_309,VGND,li1,148.1200,190.4000,0.000177
FILLER_66_274,VGND,li1,131.7900,190.4000,0.000187
FILLER_66_266,VGND,li1,128.3400,190.4000,0.000188
FILLER_66_245,VGND,li1,118.9100,190.4000,0.000190
FILLER_66_237,VGND,li1,114.7700,190.4000,0.000191
FILLER_66_203,VGND,li1,99.1300,190.4000,0.000191
FILLER_66_195,VGND,li1,95.4500,190.4000,0.000191
FILLER_66_186,VGND,li1,91.3100,190.4000,0.000190
FILLER_66_150,VGND,li1,75.2100,190.4000,0.000179
FILLER_66_139,VGND,li1,69.6900,190.4000,0.000169
FILLER_66_117,VGND,li1,59.5700,190.4000,0.000152
FILLER_66_78,VGND,li1,41.6300,190.4000,0.000114
FILLER_66_56,VGND,li1,31.5100,190.4000,0.000086
FILLER_66_29,VGND,li1,19.0900,190.4000,0.000072
FILLER_66_26,VGND,li1,17.9400,190.4000,0.000072
FILLER_66_3,VGND,li1,7.3600,190.4000,0.000073
FILLER_65_841,VGND,li1,392.6100,190.4000,0.000151
FILLER_65_839,VGND,li1,391.6900,190.4000,0.000151
FILLER_65_820,VGND,li1,383.1800,190.4000,0.000148
FILLER_65_785,VGND,li1,367.3100,190.4000,0.000132
FILLER_65_781,VGND,li1,365.4700,190.4000,0.000130
FILLER_65_756,VGND,li1,353.5100,190.4000,0.000112
FILLER_65_750,VGND,li1,350.7500,190.4000,0.000107
FILLER_65_741,VGND,li1,346.6100,190.4000,0.000099
FILLER_65_718,VGND,li1,336.2600,190.4000,0.000083
FILLER_65_701,VGND,li1,328.2100,190.4000,0.000084
FILLER_65_698,VGND,li1,327.2900,190.4000,0.000084
FILLER_65_676,VGND,li1,316.7100,190.4000,0.000098
FILLER_65_673,VGND,li1,315.7900,190.4000,0.000100
FILLER_65_671,VGND,li1,314.4100,190.4000,0.000100
FILLER_65_660,VGND,li1,309.8100,190.4000,0.000106
FILLER_65_657,VGND,li1,308.4300,190.4000,0.000106
FILLER_65_635,VGND,li1,297.8500,190.4000,0.000116
FILLER_65_632,VGND,li1,296.9300,190.4000,0.000118
FILLER_65_629,VGND,li1,295.5500,190.4000,0.000118
FILLER_65_620,VGND,li1,290.9500,190.4000,0.000122
FILLER_65_617,VGND,li1,290.0300,190.4000,0.000123
FILLER_65_613,VGND,li1,288.1900,190.4000,0.000125
FILLER_65_610,VGND,li1,286.8100,190.4000,0.000125
FILLER_65_607,VGND,li1,285.4300,190.4000,0.000126
FILLER_65_604,VGND,li1,284.0500,190.4000,0.000128
FILLER_65_601,VGND,li1,282.6700,190.4000,0.000128
FILLER_65_598,VGND,li1,281.2900,190.4000,0.000130
FILLER_65_585,VGND,li1,275.3100,190.4000,0.000134
FILLER_65_582,VGND,li1,273.9300,190.4000,0.000136
FILLER_65_579,VGND,li1,272.5500,190.4000,0.000136
FILLER_65_576,VGND,li1,271.1700,190.4000,0.000137
FILLER_65_564,VGND,li1,265.6500,190.4000,0.000140
FILLER_65_561,VGND,li1,264.2700,190.4000,0.000141
FILLER_65_557,VGND,li1,262.4300,190.4000,0.000143
FILLER_65_554,VGND,li1,261.0500,190.4000,0.000143
FILLER_65_544,VGND,li1,255.9900,190.4000,0.000146
FILLER_65_541,VGND,li1,255.0700,190.4000,0.000146
FILLER_65_511,VGND,li1,241.2700,190.4000,0.000154
FILLER_65_508,VGND,li1,239.8900,190.4000,0.000154
FILLER_65_505,VGND,li1,238.5100,190.4000,0.000155
FILLER_65_413,VGND,li1,195.7300,190.4000,0.000156
FILLER_65_393,VGND,li1,186.7600,190.4000,0.000146
FILLER_65_372,VGND,li1,177.3300,190.4000,0.000130
FILLER_65_344,VGND,li1,164.2200,190.4000,0.000158
FILLER_65_294,VGND,li1,141.2200,190.4000,0.000182
FILLER_65_274,VGND,li1,132.0200,190.4000,0.000186
FILLER_65_258,VGND,li1,124.8900,190.4000,0.000189
FILLER_65_232,VGND,li1,112.4700,190.4000,0.000192
FILLER_65_208,VGND,li1,101.8900,190.4000,0.000192
FILLER_65_169,VGND,li1,83.4900,190.4000,0.000188
FILLER_65_158,VGND,li1,78.6600,190.4000,0.000184
FILLER_65_137,VGND,li1,69.2300,190.4000,0.000169
FILLER_65_122,VGND,li1,62.1000,190.4000,0.000156
FILLER_65_54,VGND,li1,30.8200,190.4000,0.000086
FILLER_65_35,VGND,li1,22.0800,190.4000,0.000071
FILLER_65_3,VGND,li1,7.5900,190.4000,0.000073
FILLER_64_840,VGND,li1,392.3800,184.9600,0.000155
FILLER_64_803,VGND,li1,375.1300,184.9600,0.000144
FILLER_64_761,VGND,li1,355.8100,184.9600,0.000117
FILLER_64_730,VGND,li1,342.0100,184.9600,0.000095
FILLER_64_720,VGND,li1,337.1800,184.9600,0.000086
FILLER_64_717,VGND,li1,336.0300,184.9600,0.000081
FILLER_64_714,VGND,li1,334.6500,184.9600,0.000081
FILLER_64_711,VGND,li1,333.2700,184.9600,0.000078
FILLER_64_701,VGND,li1,328.2100,184.9600,0.000085
FILLER_64_699,VGND,li1,327.2900,184.9600,0.000085
FILLER_64_689,VGND,li1,322.9200,184.9600,0.000091
FILLER_64_686,VGND,li1,321.7700,184.9600,0.000094
FILLER_64_658,VGND,li1,308.6600,184.9600,0.000108
FILLER_64_655,VGND,li1,307.5100,184.9600,0.000111
FILLER_64_652,VGND,li1,306.1300,184.9600,0.000111
FILLER_64_642,VGND,li1,301.3000,184.9600,0.000116
FILLER_64_639,VGND,li1,300.1500,184.9600,0.000118
FILLER_64_636,VGND,li1,298.7700,184.9600,0.000120
FILLER_64_633,VGND,li1,297.3900,184.9600,0.000120
FILLER_64_630,VGND,li1,296.0100,184.9600,0.000122
FILLER_64_598,VGND,li1,280.8300,184.9600,0.000134
FILLER_64_585,VGND,li1,275.3100,184.9600,0.000139
FILLER_64_582,VGND,li1,273.9300,184.9600,0.000139
FILLER_64_579,VGND,li1,272.5500,184.9600,0.000141
FILLER_64_556,VGND,li1,261.5100,184.9600,0.000149
FILLER_64_539,VGND,li1,253.6900,184.9600,0.000154
FILLER_64_536,VGND,li1,252.7700,184.9600,0.000155
FILLER_64_533,VGND,li1,251.3900,184.9600,0.000155
FILLER_64_529,VGND,li1,249.5500,184.9600,0.000156
FILLER_64_513,VGND,li1,242.1900,184.9600,0.000160
FILLER_64_499,VGND,li1,235.2900,184.9600,0.000162
FILLER_64_481,VGND,li1,227.2400,184.9600,0.000164
FILLER_64_373,VGND,li1,177.5600,184.9600,0.000119
FILLER_64_365,VGND,li1,174.1100,184.9600,0.000127
FILLER_64_347,VGND,li1,165.8300,184.9600,0.000142
FILLER_64_326,VGND,li1,155.7100,184.9600,0.000159
FILLER_64_313,VGND,li1,149.7300,184.9600,0.000166
FILLER_64_305,VGND,li1,146.0500,184.9600,0.000169
FILLER_64_249,VGND,li1,120.7500,184.9600,0.000192
FILLER_64_225,VGND,li1,109.7100,184.9600,0.000197
FILLER_64_219,VGND,li1,106.7200,184.9600,0.000198
FILLER_64_197,VGND,li1,96.3700,184.9600,0.000200
FILLER_64_193,VGND,li1,94.9900,184.9600,0.000200
FILLER_64_162,VGND,li1,80.5000,184.9600,0.000198
FILLER_64_101,VGND,li1,52.4400,184.9600,0.000160
FILLER_64_85,VGND,li1,45.3100,184.9600,0.000138
FILLER_64_45,VGND,li1,26.6800,184.9600,0.000080
FILLER_64_15,VGND,li1,12.6500,184.9600,0.000083
FILLER_64_3,VGND,li1,7.1300,184.9600,0.000083
FILLER_63_841,VGND,li1,392.6100,184.9600,0.000155
FILLER_63_838,VGND,li1,391.4600,184.9600,0.000155
FILLER_63_712,VGND,li1,333.5000,184.9600,0.000078
FILLER_63_709,VGND,li1,332.3500,184.9600,0.000078
FILLER_63_673,VGND,li1,315.5600,184.9600,0.000102
FILLER_63_671,VGND,li1,314.4100,184.9600,0.000102
FILLER_63_654,VGND,li1,306.8200,184.9600,0.000111
FILLER_63_633,VGND,li1,297.1600,184.9600,0.000120
FILLER_63_630,VGND,li1,296.0100,184.9600,0.000122
FILLER_63_627,VGND,li1,294.6300,184.9600,0.000122
FILLER_63_617,VGND,li1,289.8000,184.9600,0.000127
FILLER_63_601,VGND,li1,282.2100,184.9600,0.000134
FILLER_63_580,VGND,li1,272.5500,184.9600,0.000141
FILLER_63_577,VGND,li1,271.6300,184.9600,0.000141
FILLER_63_561,VGND,li1,264.0400,184.9600,0.000147
FILLER_63_551,VGND,li1,259.4400,184.9600,0.000150
FILLER_63_534,VGND,li1,251.6200,184.9600,0.000155
FILLER_63_531,VGND,li1,250.4700,184.9600,0.000156
FILLER_63_528,VGND,li1,249.0900,184.9600,0.000157
FILLER_63_525,VGND,li1,247.7100,184.9600,0.000157
FILLER_63_522,VGND,li1,246.3300,184.9600,0.000158
FILLER_63_511,VGND,li1,241.0400,184.9600,0.000161
FILLER_63_508,VGND,li1,239.8900,184.9600,0.000161
FILLER_63_505,VGND,li1,238.5100,184.9600,0.000161
FILLER_63_502,VGND,li1,236.9000,184.9600,0.000162
FILLER_63_479,VGND,li1,226.0900,184.9600,0.000164
FILLER_63_447,VGND,li1,211.3700,184.9600,0.000165
FILLER_63_442,VGND,li1,209.0700,184.9600,0.000164
FILLER_63_419,VGND,li1,198.4900,184.9600,0.000160
FILLER_63_391,VGND,li1,185.6100,184.9600,0.000141
FILLER_63_374,VGND,li1,177.7900,184.9600,0.000119
FILLER_63_365,VGND,li1,173.6500,184.9600,0.000127
FILLER_63_313,VGND,li1,149.7300,184.9600,0.000166
FILLER_63_293,VGND,li1,140.9900,184.9600,0.000174
FILLER_63_281,VGND,li1,135.4700,184.9600,0.000180
FILLER_63_253,VGND,li1,122.1300,184.9600,0.000190
FILLER_63_182,VGND,li1,89.7000,184.9600,0.000200
FILLER_63_167,VGND,li1,82.5700,184.9600,0.000198
FILLER_63_133,VGND,li1,67.1600,184.9600,0.000191
FILLER_63_113,VGND,li1,57.7300,184.9600,0.000172
FILLER_63_43,VGND,li1,25.7600,184.9600,0.000080
FILLER_63_38,VGND,li1,23.2300,184.9600,0.000080
FILLER_63_21,VGND,li1,15.4100,184.9600,0.000083
FILLER_63_3,VGND,li1,7.1300,184.9600,0.000083
FILLER_62_781,VGND,li1,365.0100,179.5200,0.000151
FILLER_62_769,VGND,li1,359.4900,179.5200,0.000145
FILLER_62_754,VGND,li1,352.8200,179.5200,0.000135
FILLER_62_739,VGND,li1,345.9200,179.5200,0.000125
FILLER_62_717,VGND,li1,335.8000,179.5200,0.000111
FILLER_62_701,VGND,li1,328.6700,179.5200,0.000118
FILLER_62_698,VGND,li1,327.0600,179.5200,0.000118
FILLER_62_676,VGND,li1,317.1700,179.5200,0.000146
FILLER_62_673,VGND,li1,315.7900,179.5200,0.000150
FILLER_62_670,VGND,li1,314.4100,179.5200,0.000155
FILLER_62_667,VGND,li1,313.0300,179.5200,0.000155
FILLER_62_655,VGND,li1,307.5100,179.5200,0.000172
FILLER_62_645,VGND,li1,302.4500,179.5200,0.000184
FILLER_62_642,VGND,li1,301.3000,179.5200,0.000184
FILLER_62_618,VGND,li1,290.4900,179.5200,0.000210
FILLER_62_615,VGND,li1,289.1100,179.5200,0.000210
FILLER_62_601,VGND,li1,282.2100,179.5200,0.000227
FILLER_62_598,VGND,li1,281.2900,179.5200,0.000227
FILLER_62_589,VGND,li1,276.6900,179.5200,0.000236
FILLER_62_587,VGND,li1,275.7700,179.5200,0.000240
FILLER_62_584,VGND,li1,274.8500,179.5200,0.000240
FILLER_62_564,VGND,li1,265.4200,179.5200,0.000258
FILLER_62_561,VGND,li1,264.2700,179.5200,0.000262
FILLER_62_558,VGND,li1,262.8900,179.5200,0.000262
FILLER_62_555,VGND,li1,261.5100,179.5200,0.000267
FILLER_62_552,VGND,li1,260.1300,179.5200,0.000267
FILLER_62_549,VGND,li1,258.7500,179.5200,0.000272
FILLER_62_546,VGND,li1,257.3700,179.5200,0.000272
FILLER_62_536,VGND,li1,252.5400,179.5200,0.000280
FILLER_62_533,VGND,li1,251.3900,179.5200,0.000283
FILLER_62_509,VGND,li1,240.3500,179.5200,0.000298
FILLER_62_477,VGND,li1,225.4000,179.5200,0.000317
FILLER_62_461,VGND,li1,217.8100,179.5200,0.000327
FILLER_62_430,VGND,li1,203.7800,179.5200,0.000287
FILLER_62_415,VGND,li1,196.6500,179.5200,0.000259
FILLER_62_406,VGND,li1,192.7400,179.5200,0.000238
FILLER_62_379,VGND,li1,180.3200,179.5200,0.000188
FILLER_62_365,VGND,li1,173.6500,179.5200,0.000191
FILLER_62_332,VGND,li1,158.4700,179.5200,0.000226
FILLER_62_324,VGND,li1,154.7900,179.5200,0.000236
FILLER_62_278,VGND,li1,133.6300,179.5200,0.000266
FILLER_62_251,VGND,li1,121.2100,179.5200,0.000277
FILLER_62_241,VGND,li1,116.8400,179.5200,0.000276
FILLER_62_197,VGND,li1,96.3700,179.5200,0.000251
FILLER_62_182,VGND,li1,89.4700,179.5200,0.000241
FILLER_62_165,VGND,li1,81.6500,179.5200,0.000224
FILLER_62_137,VGND,li1,69.2300,179.5200,0.000201
FILLER_62_85,VGND,li1,45.0800,179.5200,0.000141
FILLER_62_81,VGND,li1,43.4700,179.5200,0.000136
FILLER_62_69,VGND,li1,37.4900,179.5200,0.000119
FILLER_62_59,VGND,li1,32.8900,179.5200,0.000105
FILLER_62_41,VGND,li1,24.8400,179.5200,0.000079
FILLER_62_29,VGND,li1,19.3200,179.5200,0.000081
FILLER_62_15,VGND,li1,12.6500,179.5200,0.000082
FILLER_61_841,VGND,li1,392.6100,179.5200,0.000171
FILLER_61_837,VGND,li1,391.2300,179.5200,0.000171
FILLER_61_809,VGND,li1,378.1200,179.5200,0.000165
FILLER_61_795,VGND,li1,371.6800,179.5200,0.000157
FILLER_61_764,VGND,li1,357.4200,179.5200,0.000142
FILLER_61_733,VGND,li1,343.1600,179.5200,0.000121
FILLER_61_726,VGND,li1,339.9400,179.5200,0.000117
FILLER_61_708,VGND,li1,331.6600,179.5200,0.000106
FILLER_61_685,VGND,li1,321.3100,179.5200,0.000135
FILLER_61_676,VGND,li1,316.7100,179.5200,0.000146
FILLER_61_673,VGND,li1,315.7900,179.5200,0.000150
FILLER_61_671,VGND,li1,314.4100,179.5200,0.000155
FILLER_61_655,VGND,li1,307.5100,179.5200,0.000172
FILLER_61_652,VGND,li1,306.1300,179.5200,0.000172
FILLER_61_640,VGND,li1,300.6100,179.5200,0.000189
FILLER_61_637,VGND,li1,299.2300,179.5200,0.000189
FILLER_61_626,VGND,li1,293.9400,179.5200,0.000200
FILLER_61_623,VGND,li1,292.7900,179.5200,0.000205
FILLER_61_620,VGND,li1,291.4100,179.5200,0.000205
FILLER_61_617,VGND,li1,290.0300,179.5200,0.000210
FILLER_61_602,VGND,li1,282.6700,179.5200,0.000227
FILLER_61_599,VGND,li1,281.7500,179.5200,0.000227
FILLER_61_596,VGND,li1,280.3700,179.5200,0.000232
FILLER_61_581,VGND,li1,273.2400,179.5200,0.000243
FILLER_61_578,VGND,li1,272.0900,179.5200,0.000248
FILLER_61_575,VGND,li1,270.7100,179.5200,0.000248
FILLER_61_567,VGND,li1,266.5700,179.5200,0.000258
FILLER_61_564,VGND,li1,265.6500,179.5200,0.000258
FILLER_61_539,VGND,li1,254.1500,179.5200,0.000280
FILLER_61_534,VGND,li1,251.6200,179.5200,0.000283
FILLER_61_531,VGND,li1,250.4700,179.5200,0.000283
FILLER_61_503,VGND,li1,237.1300,179.5200,0.000302
FILLER_61_487,VGND,li1,229.7700,179.5200,0.000311
FILLER_61_447,VGND,li1,211.3700,179.5200,0.000312
FILLER_61_433,VGND,li1,204.9300,179.5200,0.000287
FILLER_61_412,VGND,li1,195.5000,179.5200,0.000248
FILLER_61_393,VGND,li1,186.5300,179.5200,0.000210
FILLER_61_389,VGND,li1,185.1500,179.5200,0.000210
FILLER_61_374,VGND,li1,178.2500,179.5200,0.000178
FILLER_61_363,VGND,li1,172.9600,179.5200,0.000196
FILLER_61_333,VGND,li1,158.9300,179.5200,0.000226
FILLER_61_306,VGND,li1,146.5100,179.5200,0.000250
FILLER_61_281,VGND,li1,135.2400,179.5200,0.000266
FILLER_61_261,VGND,li1,125.8100,179.5200,0.000274
FILLER_61_230,VGND,li1,111.7800,179.5200,0.000272
FILLER_61_217,VGND,li1,106.0300,179.5200,0.000266
FILLER_61_173,VGND,li1,85.7900,179.5200,0.000234
FILLER_61_160,VGND,li1,79.3500,179.5200,0.000219
FILLER_61_128,VGND,li1,64.6300,179.5200,0.000191
FILLER_61_113,VGND,li1,57.9600,179.5200,0.000176
FILLER_61_111,VGND,li1,56.8100,179.5200,0.000171
FILLER_61_84,VGND,li1,44.3900,179.5200,0.000136
FILLER_61_70,VGND,li1,37.9500,179.5200,0.000119
FILLER_61_54,VGND,li1,30.8200,179.5200,0.000099
FILLER_61_3,VGND,li1,7.1300,179.5200,0.000082
FILLER_60_841,VGND,li1,392.6100,174.0800,0.000147
FILLER_60_811,VGND,li1,378.8100,174.0800,0.000142
FILLER_60_784,VGND,li1,366.3900,174.0800,0.000128
FILLER_60_764,VGND,li1,357.6500,174.0800,0.000119
FILLER_60_753,VGND,li1,352.5900,174.0800,0.000112
FILLER_60_701,VGND,li1,328.2100,174.0800,0.000090
FILLER_60_697,VGND,li1,326.8300,174.0800,0.000090
FILLER_60_682,VGND,li1,319.7000,174.0800,0.000101
FILLER_60_667,VGND,li1,312.8000,174.0800,0.000110
FILLER_60_645,VGND,li1,302.9100,174.0800,0.000123
FILLER_60_634,VGND,li1,297.3900,174.0800,0.000129
FILLER_60_624,VGND,li1,292.7900,174.0800,0.000135
FILLER_60_621,VGND,li1,291.8700,174.0800,0.000135
FILLER_60_598,VGND,li1,281.0600,174.0800,0.000146
FILLER_60_595,VGND,li1,279.9100,174.0800,0.000148
FILLER_60_592,VGND,li1,278.5300,174.0800,0.000148
FILLER_60_589,VGND,li1,277.1500,174.0800,0.000150
FILLER_60_569,VGND,li1,267.7200,174.0800,0.000156
FILLER_60_546,VGND,li1,256.9100,174.0800,0.000160
FILLER_60_531,VGND,li1,250.0100,174.0800,0.000162
FILLER_60_528,VGND,li1,249.0900,174.0800,0.000162
FILLER_60_525,VGND,li1,247.7100,174.0800,0.000162
FILLER_60_516,VGND,li1,243.1100,174.0800,0.000163
FILLER_60_503,VGND,li1,237.1300,174.0800,0.000164
FILLER_60_500,VGND,li1,236.2100,174.0800,0.000164
FILLER_60_489,VGND,li1,230.9200,174.0800,0.000164
FILLER_60_486,VGND,li1,229.7700,174.0800,0.000164
FILLER_60_473,VGND,li1,223.7900,174.0800,0.000164
FILLER_60_470,VGND,li1,222.4100,174.0800,0.000164
FILLER_60_459,VGND,li1,217.1200,174.0800,0.000162
FILLER_60_441,VGND,li1,208.6100,174.0800,0.000159
FILLER_60_421,VGND,li1,199.8700,174.0800,0.000151
FILLER_60_413,VGND,li1,196.1900,174.0800,0.000146
FILLER_60_385,VGND,li1,183.3100,174.0800,0.000129
FILLER_60_369,VGND,li1,175.9500,174.0800,0.000129
FILLER_60_362,VGND,li1,172.5000,174.0800,0.000135
FILLER_60_328,VGND,li1,156.6300,174.0800,0.000181
FILLER_60_289,VGND,li1,138.9200,174.0800,0.000219
FILLER_60_206,VGND,li1,100.5100,174.0800,0.000282
FILLER_60_197,VGND,li1,96.6000,174.0800,0.000286
FILLER_60_178,VGND,li1,88.0900,174.0800,0.000292
FILLER_60_85,VGND,li1,45.0800,174.0800,0.000286
FILLER_60_82,VGND,li1,43.7000,174.0800,0.000286
FILLER_60_72,VGND,li1,38.8700,174.0800,0.000269
FILLER_60_46,VGND,li1,27.1400,174.0800,0.000205
FILLER_59_841,VGND,li1,392.6100,174.0800,0.000147
FILLER_59_802,VGND,li1,374.6700,174.0800,0.000139
FILLER_59_794,VGND,li1,370.9900,174.0800,0.000135
FILLER_59_785,VGND,li1,367.0800,174.0800,0.000130
FILLER_59_769,VGND,li1,359.9500,174.0800,0.000122
FILLER_59_759,VGND,li1,354.8900,174.0800,0.000115
FILLER_59_741,VGND,li1,347.0700,174.0800,0.000102
FILLER_59_729,VGND,li1,341.0900,174.0800,0.000094
FILLER_59_727,VGND,li1,340.1700,174.0800,0.000094
FILLER_59_720,VGND,li1,337.4100,174.0800,0.000090
FILLER_59_706,VGND,li1,330.5100,174.0800,0.000084
FILLER_59_696,VGND,li1,325.9100,174.0800,0.000093
FILLER_59_693,VGND,li1,324.9900,174.0800,0.000093
FILLER_59_686,VGND,li1,321.3100,174.0800,0.000098
FILLER_59_676,VGND,li1,316.9400,174.0800,0.000104
FILLER_59_673,VGND,li1,315.7900,174.0800,0.000107
FILLER_59_671,VGND,li1,314.4100,174.0800,0.000110
FILLER_59_655,VGND,li1,307.0500,174.0800,0.000118
FILLER_59_652,VGND,li1,306.1300,174.0800,0.000118
FILLER_59_629,VGND,li1,295.3200,174.0800,0.000132
FILLER_59_626,VGND,li1,294.1700,174.0800,0.000132
FILLER_59_623,VGND,li1,292.7900,174.0800,0.000135
FILLER_59_620,VGND,li1,291.4100,174.0800,0.000135
FILLER_59_617,VGND,li1,290.0300,174.0800,0.000138
FILLER_59_604,VGND,li1,284.0500,174.0800,0.000143
FILLER_59_601,VGND,li1,282.6700,174.0800,0.000146
FILLER_59_580,VGND,li1,273.0100,174.0800,0.000152
FILLER_59_577,VGND,li1,271.6300,174.0800,0.000154
FILLER_59_561,VGND,li1,264.2700,174.0800,0.000158
FILLER_59_554,VGND,li1,260.5900,174.0800,0.000159
FILLER_59_539,VGND,li1,253.6900,174.0800,0.000161
FILLER_59_524,VGND,li1,246.7900,174.0800,0.000163
FILLER_59_521,VGND,li1,245.8700,174.0800,0.000163
FILLER_59_518,VGND,li1,244.4900,174.0800,0.000163
FILLER_59_491,VGND,li1,231.6100,174.0800,0.000164
FILLER_59_474,VGND,li1,223.7900,174.0800,0.000164
FILLER_59_449,VGND,li1,212.7500,174.0800,0.000161
FILLER_59_417,VGND,li1,197.8000,174.0800,0.000149
FILLER_59_404,VGND,li1,191.5900,174.0800,0.000142
FILLER_59_369,VGND,li1,175.4900,174.0800,0.000129
FILLER_59_341,VGND,li1,162.6100,174.0800,0.000163
FILLER_59_319,VGND,li1,152.4900,174.0800,0.000188
FILLER_59_300,VGND,li1,143.9800,174.0800,0.000208
FILLER_59_286,VGND,li1,137.3100,174.0800,0.000225
FILLER_59_279,VGND,li1,134.0900,174.0800,0.000229
FILLER_59_247,VGND,li1,119.6000,174.0800,0.000258
FILLER_59_213,VGND,li1,103.9600,174.0800,0.000278
FILLER_59_193,VGND,li1,94.9900,174.0800,0.000287
FILLER_59_171,VGND,li1,84.4100,174.0800,0.000295
FILLER_59_134,VGND,li1,67.3900,174.0800,0.000302
FILLER_59_111,VGND,li1,56.8100,174.0800,0.000301
FILLER_59_57,VGND,li1,31.9700,174.0800,0.000230
FILLER_59_34,VGND,li1,21.6200,174.0800,0.000197
FILLER_59_27,VGND,li1,18.4000,174.0800,0.000199
FILLER_59_15,VGND,li1,13.1100,174.0800,0.000201
FILLER_59_3,VGND,li1,7.1300,174.0800,0.000203
FILLER_58_817,VGND,li1,381.8000,168.6400,0.000261
FILLER_58_799,VGND,li1,373.2900,168.6400,0.000246
FILLER_58_786,VGND,li1,367.5400,168.6400,0.000237
FILLER_58_757,VGND,li1,354.4300,168.6400,0.000199
FILLER_58_755,VGND,li1,353.0500,168.6400,0.000193
FILLER_58_724,VGND,li1,339.2500,168.6400,0.000148
FILLER_58_671,VGND,li1,314.8700,168.6400,0.000153
FILLER_58_643,VGND,li1,301.5300,168.6400,0.000170
FILLER_58_627,VGND,li1,294.6300,168.6400,0.000177
FILLER_58_624,VGND,li1,293.2500,168.6400,0.000179
FILLER_58_601,VGND,li1,282.4400,168.6400,0.000189
FILLER_58_582,VGND,li1,273.4700,168.6400,0.000194
FILLER_58_568,VGND,li1,267.0300,168.6400,0.000197
FILLER_58_559,VGND,li1,263.1200,168.6400,0.000198
FILLER_58_530,VGND,li1,249.7800,168.6400,0.000200
FILLER_58_527,VGND,li1,248.6300,168.6400,0.000200
FILLER_58_513,VGND,li1,241.7300,168.6400,0.000200
FILLER_58_496,VGND,li1,234.1400,168.6400,0.000200
FILLER_58_493,VGND,li1,232.9900,168.6400,0.000200
FILLER_58_490,VGND,li1,231.6100,168.6400,0.000199
FILLER_58_475,VGND,li1,224.2500,168.6400,0.000199
FILLER_58_472,VGND,li1,223.3300,168.6400,0.000199
FILLER_58_429,VGND,li1,203.0900,168.6400,0.000186
FILLER_58_408,VGND,li1,193.8900,168.6400,0.000164
FILLER_58_386,VGND,li1,183.5400,168.6400,0.000135
FILLER_58_365,VGND,li1,174.1100,168.6400,0.000130
FILLER_58_363,VGND,li1,172.7300,168.6400,0.000130
FILLER_58_324,VGND,li1,154.7900,168.6400,0.000158
FILLER_58_251,VGND,li1,121.2100,168.6400,0.000193
FILLER_58_246,VGND,li1,118.9100,168.6400,0.000194
FILLER_58_195,VGND,li1,95.4500,168.6400,0.000202
FILLER_58_164,VGND,li1,81.1900,168.6400,0.000201
FILLER_58_155,VGND,li1,77.0500,168.6400,0.000199
FILLER_58_141,VGND,li1,70.6100,168.6400,0.000195
FILLER_58_137,VGND,li1,69.2300,168.6400,0.000194
FILLER_58_85,VGND,li1,44.8500,168.6400,0.000166
FILLER_58_37,VGND,li1,23.2300,168.6400,0.000125
FILLER_58_21,VGND,li1,15.6400,168.6400,0.000138
FILLER_58_3,VGND,li1,7.1300,168.6400,0.000141
FILLER_57_841,VGND,li1,392.6100,168.6400,0.000267
FILLER_57_798,VGND,li1,373.0600,168.6400,0.000246
FILLER_57_729,VGND,li1,341.0900,168.6400,0.000154
FILLER_57_681,VGND,li1,319.4700,168.6400,0.000146
FILLER_57_669,VGND,li1,313.9500,168.6400,0.000157
FILLER_57_666,VGND,li1,312.5700,168.6400,0.000157
FILLER_57_663,VGND,li1,311.1900,168.6400,0.000161
FILLER_57_660,VGND,li1,309.8100,168.6400,0.000161
FILLER_57_646,VGND,li1,302.9100,168.6400,0.000170
FILLER_57_643,VGND,li1,301.9900,168.6400,0.000170
FILLER_57_614,VGND,li1,288.4200,168.6400,0.000183
FILLER_57_604,VGND,li1,283.8200,168.6400,0.000187
FILLER_57_601,VGND,li1,282.6700,168.6400,0.000189
FILLER_57_598,VGND,li1,281.2900,168.6400,0.000189
FILLER_57_595,VGND,li1,279.9100,168.6400,0.000191
FILLER_57_561,VGND,li1,263.8100,168.6400,0.000198
FILLER_57_553,VGND,li1,260.1300,168.6400,0.000199
FILLER_57_550,VGND,li1,259.2100,168.6400,0.000199
FILLER_57_547,VGND,li1,257.8300,168.6400,0.000199
FILLER_57_544,VGND,li1,256.4500,168.6400,0.000199
FILLER_57_528,VGND,li1,249.0900,168.6400,0.000200
FILLER_57_525,VGND,li1,247.7100,168.6400,0.000200
FILLER_57_522,VGND,li1,246.3300,168.6400,0.000200
FILLER_57_508,VGND,li1,239.4300,168.6400,0.000200
FILLER_57_505,VGND,li1,238.5100,168.6400,0.000200
FILLER_57_503,VGND,li1,237.1300,168.6400,0.000200
FILLER_57_500,VGND,li1,236.2100,168.6400,0.000200
FILLER_57_497,VGND,li1,234.8300,168.6400,0.000200
FILLER_57_494,VGND,li1,233.4500,168.6400,0.000200
FILLER_57_491,VGND,li1,232.0700,168.6400,0.000199
FILLER_57_488,VGND,li1,230.6900,168.6400,0.000199
FILLER_57_473,VGND,li1,223.5600,168.6400,0.000199
FILLER_57_470,VGND,li1,222.4100,168.6400,0.000199
FILLER_57_449,VGND,li1,212.2900,168.6400,0.000196
FILLER_57_447,VGND,li1,211.3700,168.6400,0.000196
FILLER_57_393,VGND,li1,186.7600,168.6400,0.000141
FILLER_57_386,VGND,li1,183.3100,168.6400,0.000129
FILLER_57_372,VGND,li1,176.8700,168.6400,0.000124
FILLER_57_357,VGND,li1,170.2000,168.6400,0.000135
FILLER_57_340,VGND,li1,162.3800,168.6400,0.000147
FILLER_57_337,VGND,li1,161.2300,168.6400,0.000150
FILLER_57_327,VGND,li1,156.1700,168.6400,0.000158
FILLER_57_294,VGND,li1,140.9900,168.6400,0.000175
FILLER_57_274,VGND,li1,131.7900,168.6400,0.000184
FILLER_57_263,VGND,li1,126.9600,168.6400,0.000188
FILLER_57_248,VGND,li1,120.0600,168.6400,0.000193
FILLER_57_217,VGND,li1,106.0300,168.6400,0.000200
FILLER_57_202,VGND,li1,98.9000,168.6400,0.000202
FILLER_57_169,VGND,li1,83.4900,168.6400,0.000202
FILLER_57_118,VGND,li1,60.2600,168.6400,0.000187
FILLER_57_84,VGND,li1,44.8500,168.6400,0.000166
FILLER_57_72,VGND,li1,39.3300,168.6400,0.000156
FILLER_57_53,VGND,li1,30.5900,168.6400,0.000135
FILLER_56_840,VGND,li1,392.3800,163.2000,0.000248
FILLER_56_832,VGND,li1,388.9300,163.2000,0.000248
FILLER_56_813,VGND,li1,379.7300,163.2000,0.000242
FILLER_56_790,VGND,li1,369.1500,163.2000,0.000228
FILLER_56_746,VGND,li1,349.1400,163.2000,0.000167
FILLER_56_718,VGND,li1,336.2600,163.2000,0.000130
FILLER_56_709,VGND,li1,332.1200,163.2000,0.000110
FILLER_56_658,VGND,li1,308.6600,163.2000,0.000131
FILLER_56_655,VGND,li1,307.5100,163.2000,0.000131
FILLER_56_645,VGND,li1,302.6800,163.2000,0.000134
FILLER_56_641,VGND,li1,301.0700,163.2000,0.000136
FILLER_56_632,VGND,li1,296.7000,163.2000,0.000139
FILLER_56_622,VGND,li1,292.1000,163.2000,0.000142
FILLER_56_619,VGND,li1,290.9500,163.2000,0.000142
FILLER_56_595,VGND,li1,279.9100,163.2000,0.000149
FILLER_56_592,VGND,li1,278.5300,163.2000,0.000149
FILLER_56_589,VGND,li1,277.1500,163.2000,0.000150
FILLER_56_578,VGND,li1,271.6300,163.2000,0.000151
FILLER_56_569,VGND,li1,267.7200,163.2000,0.000151
FILLER_56_566,VGND,li1,266.5700,163.2000,0.000151
FILLER_56_552,VGND,li1,259.6700,163.2000,0.000152
FILLER_56_549,VGND,li1,258.7500,163.2000,0.000152
FILLER_56_546,VGND,li1,257.3700,163.2000,0.000152
FILLER_56_536,VGND,li1,252.3100,163.2000,0.000151
FILLER_56_533,VGND,li1,251.3900,163.2000,0.000151
FILLER_56_523,VGND,li1,246.3300,163.2000,0.000150
FILLER_56_520,VGND,li1,245.4100,163.2000,0.000150
FILLER_56_517,VGND,li1,244.0300,163.2000,0.000150
FILLER_56_514,VGND,li1,242.6500,163.2000,0.000149
FILLER_56_511,VGND,li1,241.2700,163.2000,0.000149
FILLER_56_501,VGND,li1,236.4400,163.2000,0.000148
FILLER_56_498,VGND,li1,235.2900,163.2000,0.000148
FILLER_56_495,VGND,li1,233.9100,163.2000,0.000148
FILLER_56_474,VGND,li1,224.0200,163.2000,0.000144
FILLER_56_471,VGND,li1,222.8700,163.2000,0.000144
FILLER_56_468,VGND,li1,221.4900,163.2000,0.000143
FILLER_56_421,VGND,li1,199.4100,163.2000,0.000128
FILLER_56_410,VGND,li1,194.5800,163.2000,0.000122
FILLER_56_383,VGND,li1,181.9300,163.2000,0.000099
FILLER_56_380,VGND,li1,181.0100,163.2000,0.000099
FILLER_56_373,VGND,li1,177.5600,163.2000,0.000101
FILLER_56_370,VGND,li1,176.4100,163.2000,0.000101
FILLER_56_362,VGND,li1,172.5000,163.2000,0.000110
FILLER_56_352,VGND,li1,167.6700,163.2000,0.000120
FILLER_56_349,VGND,li1,166.7500,163.2000,0.000125
FILLER_56_346,VGND,li1,165.3700,163.2000,0.000125
FILLER_56_343,VGND,li1,163.9900,163.2000,0.000131
FILLER_56_320,VGND,li1,153.4100,163.2000,0.000149
FILLER_56_312,VGND,li1,149.2700,163.2000,0.000156
FILLER_56_309,VGND,li1,148.3500,163.2000,0.000161
FILLER_56_293,VGND,li1,140.7600,163.2000,0.000171
FILLER_56_290,VGND,li1,139.6100,163.2000,0.000175
FILLER_56_271,VGND,li1,130.6400,163.2000,0.000191
FILLER_56_261,VGND,li1,126.0400,163.2000,0.000195
FILLER_56_229,VGND,li1,111.5500,163.2000,0.000214
FILLER_56_203,VGND,li1,99.1300,163.2000,0.000227
FILLER_56_186,VGND,li1,91.3100,163.2000,0.000233
FILLER_56_141,VGND,li1,70.6100,163.2000,0.000243
FILLER_56_126,VGND,li1,63.7100,163.2000,0.000243
FILLER_56_102,VGND,li1,53.1300,163.2000,0.000226
FILLER_56_85,VGND,li1,45.3100,163.2000,0.000206
FILLER_56_79,VGND,li1,42.0900,163.2000,0.000199
FILLER_56_65,VGND,li1,35.6500,163.2000,0.000179
FILLER_56_46,VGND,li1,27.1400,163.2000,0.000141
FILLER_56_3,VGND,li1,7.5900,163.2000,0.000138
FILLER_55_841,VGND,li1,392.6100,163.2000,0.000248
FILLER_55_822,VGND,li1,383.8700,163.2000,0.000246
FILLER_55_798,VGND,li1,373.2900,163.2000,0.000234
FILLER_55_768,VGND,li1,359.4900,163.2000,0.000205
FILLER_55_746,VGND,li1,349.3700,163.2000,0.000173
FILLER_55_721,VGND,li1,337.8700,163.2000,0.000130
FILLER_55_673,VGND,li1,315.7900,163.2000,0.000125
FILLER_55_670,VGND,li1,314.1800,163.2000,0.000126
FILLER_55_667,VGND,li1,313.0300,163.2000,0.000126
FILLER_55_664,VGND,li1,311.6500,163.2000,0.000129
FILLER_55_661,VGND,li1,310.2700,163.2000,0.000129
FILLER_55_626,VGND,li1,294.1700,163.2000,0.000141
FILLER_55_623,VGND,li1,292.7900,163.2000,0.000141
FILLER_55_620,VGND,li1,291.4100,163.2000,0.000142
FILLER_55_617,VGND,li1,290.0300,163.2000,0.000143
FILLER_55_615,VGND,li1,288.6500,163.2000,0.000143
FILLER_55_570,VGND,li1,268.1800,163.2000,0.000151
FILLER_55_567,VGND,li1,267.0300,163.2000,0.000151
FILLER_55_564,VGND,li1,265.6500,163.2000,0.000151
FILLER_55_561,VGND,li1,264.2700,163.2000,0.000151
FILLER_55_557,VGND,li1,262.4300,163.2000,0.000151
FILLER_55_537,VGND,li1,252.7700,163.2000,0.000151
FILLER_55_515,VGND,li1,242.6500,163.2000,0.000149
FILLER_55_512,VGND,li1,241.7300,163.2000,0.000149
FILLER_55_470,VGND,li1,222.4100,163.2000,0.000143
FILLER_55_467,VGND,li1,221.0300,163.2000,0.000143
FILLER_55_464,VGND,li1,219.6500,163.2000,0.000142
FILLER_55_461,VGND,li1,218.2700,163.2000,0.000141
FILLER_55_458,VGND,li1,216.8900,163.2000,0.000141
FILLER_55_413,VGND,li1,195.9600,163.2000,0.000122
FILLER_55_406,VGND,li1,192.7400,163.2000,0.000118
FILLER_55_390,VGND,li1,185.3800,163.2000,0.000108
FILLER_55_387,VGND,li1,184.2300,163.2000,0.000105
FILLER_55_372,VGND,li1,177.1000,163.2000,0.000101
FILLER_55_369,VGND,li1,175.9500,163.2000,0.000105
FILLER_55_340,VGND,li1,162.6100,163.2000,0.000131
FILLER_55_337,VGND,li1,161.2300,163.2000,0.000135
FILLER_55_314,VGND,li1,150.1900,163.2000,0.000156
FILLER_55_291,VGND,li1,139.8400,163.2000,0.000175
FILLER_55_288,VGND,li1,138.6900,163.2000,0.000175
FILLER_55_278,VGND,li1,133.8600,163.2000,0.000183
FILLER_55_275,VGND,li1,132.7100,163.2000,0.000186
FILLER_55_259,VGND,li1,125.3500,163.2000,0.000198
FILLER_55_251,VGND,li1,121.4400,163.2000,0.000201
FILLER_55_237,VGND,li1,114.7700,163.2000,0.000211
FILLER_55_234,VGND,li1,113.8500,163.2000,0.000211
FILLER_55_231,VGND,li1,112.4700,163.2000,0.000214
FILLER_55_228,VGND,li1,111.0900,163.2000,0.000214
FILLER_55_225,VGND,li1,109.7100,163.2000,0.000216
FILLER_55_222,VGND,li1,108.1000,163.2000,0.000218
FILLER_55_199,VGND,li1,97.5200,163.2000,0.000229
FILLER_55_138,VGND,li1,69.6900,163.2000,0.000243
FILLER_55_97,VGND,li1,50.6000,163.2000,0.000220
FILLER_55_57,VGND,li1,32.4300,163.2000,0.000159
FILLER_55_55,VGND,li1,31.0500,163.2000,0.000159
FILLER_55_15,VGND,li1,13.1100,163.2000,0.000138
FILLER_55_3,VGND,li1,7.1300,163.2000,0.000138
FILLER_54_841,VGND,li1,392.6100,157.7600,0.000391
FILLER_54_753,VGND,li1,352.5900,157.7600,0.000266
FILLER_54_743,VGND,li1,347.5300,157.7600,0.000238
FILLER_54_711,VGND,li1,333.0400,157.7600,0.000164
FILLER_54_701,VGND,li1,328.6700,157.7600,0.000169
FILLER_54_695,VGND,li1,325.4500,157.7600,0.000174
FILLER_54_672,VGND,li1,315.1000,157.7600,0.000182
FILLER_54_669,VGND,li1,313.9500,157.7600,0.000182
FILLER_54_666,VGND,li1,312.5700,157.7600,0.000184
FILLER_54_660,VGND,li1,309.3500,157.7600,0.000186
FILLER_54_651,VGND,li1,305.2100,157.7600,0.000188
FILLER_54_648,VGND,li1,304.2900,157.7600,0.000190
FILLER_54_645,VGND,li1,302.9100,157.7600,0.000190
FILLER_54_641,VGND,li1,301.0700,157.7600,0.000191
FILLER_54_638,VGND,li1,299.6900,157.7600,0.000193
FILLER_54_635,VGND,li1,298.3100,157.7600,0.000193
FILLER_54_607,VGND,li1,285.2000,157.7600,0.000198
FILLER_54_597,VGND,li1,280.3700,157.7600,0.000199
FILLER_54_594,VGND,li1,279.4500,157.7600,0.000199
FILLER_54_585,VGND,li1,275.3100,157.7600,0.000200
FILLER_54_542,VGND,li1,255.3000,157.7600,0.000200
FILLER_54_529,VGND,li1,249.5500,157.7600,0.000198
FILLER_54_526,VGND,li1,248.1700,157.7600,0.000198
FILLER_54_523,VGND,li1,246.7900,157.7600,0.000198
FILLER_54_520,VGND,li1,245.4100,157.7600,0.000197
FILLER_54_517,VGND,li1,244.0300,157.7600,0.000197
FILLER_54_514,VGND,li1,242.6500,157.7600,0.000196
FILLER_54_511,VGND,li1,241.2700,157.7600,0.000196
FILLER_54_486,VGND,li1,229.7700,157.7600,0.000192
FILLER_54_473,VGND,li1,223.7900,157.7600,0.000189
FILLER_54_470,VGND,li1,222.4100,157.7600,0.000189
FILLER_54_462,VGND,li1,218.7300,157.7600,0.000186
FILLER_54_459,VGND,li1,217.3500,157.7600,0.000186
FILLER_54_442,VGND,li1,209.0700,157.7600,0.000182
FILLER_54_408,VGND,li1,193.6600,157.7600,0.000157
FILLER_54_387,VGND,li1,184.0000,157.7600,0.000124
FILLER_54_371,VGND,li1,176.8700,157.7600,0.000109
FILLER_54_368,VGND,li1,175.4900,157.7600,0.000109
FILLER_54_365,VGND,li1,174.1100,157.7600,0.000112
FILLER_54_328,VGND,li1,156.8600,157.7600,0.000131
FILLER_54_322,VGND,li1,153.8700,157.7600,0.000136
FILLER_54_305,VGND,li1,146.5100,157.7600,0.000144
FILLER_54_289,VGND,li1,139.1500,157.7600,0.000150
FILLER_54_286,VGND,li1,137.7700,157.7600,0.000152
FILLER_54_271,VGND,li1,130.6400,157.7600,0.000158
FILLER_54_262,VGND,li1,126.7300,157.7600,0.000162
FILLER_54_259,VGND,li1,125.3500,157.7600,0.000164
FILLER_54_256,VGND,li1,123.9700,157.7600,0.000164
FILLER_54_253,VGND,li1,122.5900,157.7600,0.000166
FILLER_54_251,VGND,li1,121.2100,157.7600,0.000168
FILLER_54_248,VGND,li1,120.2900,157.7600,0.000168
FILLER_54_206,VGND,li1,100.9700,157.7600,0.000182
FILLER_54_177,VGND,li1,87.4000,157.7600,0.000188
FILLER_54_158,VGND,li1,78.4300,157.7600,0.000189
FILLER_54_139,VGND,li1,69.6900,157.7600,0.000188
FILLER_54_112,VGND,li1,57.5000,157.7600,0.000180
FILLER_54_85,VGND,li1,45.0800,157.7600,0.000160
FILLER_54_74,VGND,li1,40.0200,157.7600,0.000152
FILLER_54_27,VGND,li1,18.1700,157.7600,0.000130
FILLER_54_3,VGND,li1,7.5900,157.7600,0.000133
FILLER_53_841,VGND,li1,392.6100,157.7600,0.000391
FILLER_53_762,VGND,li1,356.7300,157.7600,0.000285
FILLER_53_756,VGND,li1,353.5100,157.7600,0.000266
FILLER_53_725,VGND,li1,339.7100,157.7600,0.000205
FILLER_53_702,VGND,li1,328.9000,157.7600,0.000169
FILLER_53_684,VGND,li1,320.3900,157.7600,0.000178
FILLER_53_681,VGND,li1,319.4700,157.7600,0.000178
FILLER_53_658,VGND,li1,308.4300,157.7600,0.000187
FILLER_53_655,VGND,li1,307.5100,157.7600,0.000187
FILLER_53_652,VGND,li1,306.1300,157.7600,0.000188
FILLER_53_617,VGND,li1,289.5700,157.7600,0.000196
FILLER_53_614,VGND,li1,288.4200,157.7600,0.000197
FILLER_53_611,VGND,li1,287.2700,157.7600,0.000197
FILLER_53_608,VGND,li1,285.8900,157.7600,0.000198
FILLER_53_605,VGND,li1,284.5100,157.7600,0.000198
FILLER_53_593,VGND,li1,278.9900,157.7600,0.000199
FILLER_53_590,VGND,li1,277.6100,157.7600,0.000199
FILLER_53_561,VGND,li1,264.2700,157.7600,0.000200
FILLER_53_538,VGND,li1,253.2300,157.7600,0.000199
FILLER_53_535,VGND,li1,252.3100,157.7600,0.000199
FILLER_53_512,VGND,li1,241.5000,157.7600,0.000196
FILLER_53_493,VGND,li1,232.7600,157.7600,0.000193
FILLER_53_490,VGND,li1,231.6100,157.7600,0.000193
FILLER_53_478,VGND,li1,226.0900,157.7600,0.000190
FILLER_53_455,VGND,li1,215.2800,157.7600,0.000184
FILLER_53_452,VGND,li1,214.1300,157.7600,0.000184
FILLER_53_449,VGND,li1,212.7500,157.7600,0.000183
FILLER_53_390,VGND,li1,185.3800,157.7600,0.000132
FILLER_53_387,VGND,li1,184.2300,157.7600,0.000124
FILLER_53_384,VGND,li1,182.8500,157.7600,0.000124
FILLER_53_381,VGND,li1,181.4700,157.7600,0.000115
FILLER_53_378,VGND,li1,180.0900,157.7600,0.000115
FILLER_53_369,VGND,li1,175.4900,157.7600,0.000109
FILLER_53_366,VGND,li1,174.5700,157.7600,0.000112
FILLER_53_363,VGND,li1,173.1900,157.7600,0.000112
FILLER_53_346,VGND,li1,164.9100,157.7600,0.000123
FILLER_53_343,VGND,li1,163.9900,157.7600,0.000123
FILLER_53_340,VGND,li1,162.6100,157.7600,0.000126
FILLER_53_337,VGND,li1,161.2300,157.7600,0.000126
FILLER_53_320,VGND,li1,152.9500,157.7600,0.000136
FILLER_53_317,VGND,li1,152.0300,157.7600,0.000138
FILLER_53_314,VGND,li1,150.6500,157.7600,0.000138
FILLER_53_305,VGND,li1,146.5100,157.7600,0.000144
FILLER_53_302,VGND,li1,145.1300,157.7600,0.000144
FILLER_53_293,VGND,li1,140.5300,157.7600,0.000150
FILLER_53_290,VGND,li1,139.6100,157.7600,0.000150
FILLER_53_287,VGND,li1,138.2300,157.7600,0.000152
FILLER_53_284,VGND,li1,136.8500,157.7600,0.000152
FILLER_53_281,VGND,li1,135.4700,157.7600,0.000154
FILLER_53_265,VGND,li1,127.8800,157.7600,0.000160
FILLER_53_261,VGND,li1,125.8100,157.7600,0.000162
FILLER_53_258,VGND,li1,124.8900,157.7600,0.000164
FILLER_53_242,VGND,li1,117.5300,157.7600,0.000171
FILLER_53_239,VGND,li1,116.1500,157.7600,0.000171
FILLER_53_231,VGND,li1,112.0100,157.7600,0.000175
FILLER_53_222,VGND,li1,108.1000,157.7600,0.000178
FILLER_53_219,VGND,li1,106.9500,157.7600,0.000178
FILLER_53_148,VGND,li1,74.2900,157.7600,0.000189
FILLER_53_136,VGND,li1,68.7700,157.7600,0.000188
FILLER_53_113,VGND,li1,57.9600,157.7600,0.000180
FILLER_53_82,VGND,li1,43.4700,157.7600,0.000156
FILLER_53_3,VGND,li1,7.5900,157.7600,0.000133
FILLER_52_813,VGND,li1,379.7300,152.3200,0.000165
FILLER_52_810,VGND,li1,378.5800,152.3200,0.000165
FILLER_52_792,VGND,li1,370.0700,152.3200,0.000156
FILLER_52_762,VGND,li1,356.2700,152.3200,0.000136
FILLER_52_737,VGND,li1,345.0000,152.3200,0.000117
FILLER_52_730,VGND,li1,341.7800,152.3200,0.000106
FILLER_52_722,VGND,li1,338.3300,152.3200,0.000102
FILLER_52_664,VGND,li1,311.1900,152.3200,0.000112
FILLER_52_661,VGND,li1,310.2700,152.3200,0.000112
FILLER_52_658,VGND,li1,308.8900,152.3200,0.000114
FILLER_52_655,VGND,li1,307.5100,152.3200,0.000114
FILLER_52_645,VGND,li1,302.4500,152.3200,0.000118
FILLER_52_635,VGND,li1,298.0800,152.3200,0.000121
FILLER_52_632,VGND,li1,296.9300,152.3200,0.000122
FILLER_52_629,VGND,li1,295.5500,152.3200,0.000122
FILLER_52_626,VGND,li1,294.1700,152.3200,0.000123
FILLER_52_623,VGND,li1,292.7900,152.3200,0.000124
FILLER_52_620,VGND,li1,291.4100,152.3200,0.000124
FILLER_52_606,VGND,li1,284.5100,152.3200,0.000127
FILLER_52_603,VGND,li1,283.5900,152.3200,0.000127
FILLER_52_589,VGND,li1,276.6900,152.3200,0.000130
FILLER_52_587,VGND,li1,275.7700,152.3200,0.000131
FILLER_52_584,VGND,li1,274.8500,152.3200,0.000131
FILLER_52_572,VGND,li1,269.3300,152.3200,0.000132
FILLER_52_569,VGND,li1,267.9500,152.3200,0.000133
FILLER_52_566,VGND,li1,266.5700,152.3200,0.000133
FILLER_52_557,VGND,li1,261.9700,152.3200,0.000133
FILLER_52_542,VGND,li1,255.5300,152.3200,0.000133
FILLER_52_530,VGND,li1,249.7800,152.3200,0.000133
FILLER_52_527,VGND,li1,248.6300,152.3200,0.000133
FILLER_52_524,VGND,li1,247.2500,152.3200,0.000133
FILLER_52_521,VGND,li1,245.8700,152.3200,0.000132
FILLER_52_518,VGND,li1,244.4900,152.3200,0.000132
FILLER_52_495,VGND,li1,233.4500,152.3200,0.000130
FILLER_52_492,VGND,li1,232.5300,152.3200,0.000130
FILLER_52_489,VGND,li1,231.1500,152.3200,0.000130
FILLER_52_477,VGND,li1,225.6300,152.3200,0.000128
FILLER_52_473,VGND,li1,223.7900,152.3200,0.000128
FILLER_52_462,VGND,li1,218.5000,152.3200,0.000126
FILLER_52_459,VGND,li1,217.3500,152.3200,0.000125
FILLER_52_444,VGND,li1,210.2200,152.3200,0.000121
FILLER_52_441,VGND,li1,209.0700,152.3200,0.000121
FILLER_52_421,VGND,li1,199.8700,152.3200,0.000114
FILLER_52_406,VGND,li1,192.7400,152.3200,0.000105
FILLER_52_403,VGND,li1,191.5900,152.3200,0.000105
FILLER_52_361,VGND,li1,172.2700,152.3200,0.000098
FILLER_52_336,VGND,li1,160.3100,152.3200,0.000114
FILLER_52_333,VGND,li1,159.3900,152.3200,0.000117
FILLER_52_312,VGND,li1,149.7300,152.3200,0.000129
FILLER_52_309,VGND,li1,148.3500,152.3200,0.000129
FILLER_52_306,VGND,li1,146.7400,152.3200,0.000132
FILLER_52_283,VGND,li1,136.1600,152.3200,0.000144
FILLER_52_280,VGND,li1,135.0100,152.3200,0.000144
FILLER_52_266,VGND,li1,128.1100,152.3200,0.000151
FILLER_52_256,VGND,li1,123.9700,152.3200,0.000154
FILLER_52_253,VGND,li1,122.5900,152.3200,0.000156
FILLER_52_236,VGND,li1,114.7700,152.3200,0.000161
FILLER_52_233,VGND,li1,113.3900,152.3200,0.000161
FILLER_52_230,VGND,li1,112.0100,152.3200,0.000163
FILLER_52_227,VGND,li1,110.6300,152.3200,0.000163
FILLER_52_222,VGND,li1,107.8700,152.3200,0.000164
FILLER_52_219,VGND,li1,106.9500,152.3200,0.000164
FILLER_52_209,VGND,li1,102.1200,152.3200,0.000167
FILLER_52_206,VGND,li1,100.5100,152.3200,0.000167
FILLER_52_170,VGND,li1,84.1800,152.3200,0.000172
FILLER_52_134,VGND,li1,67.6200,152.3200,0.000169
FILLER_52_122,VGND,li1,62.3300,152.3200,0.000167
FILLER_52_112,VGND,li1,57.5000,152.3200,0.000164
FILLER_51_841,VGND,li1,392.6100,152.3200,0.000170
FILLER_51_839,VGND,li1,391.6900,152.3200,0.000170
FILLER_51_806,VGND,li1,376.5100,152.3200,0.000163
FILLER_51_785,VGND,li1,367.0800,152.3200,0.000154
FILLER_51_763,VGND,li1,356.7300,152.3200,0.000139
FILLER_51_748,VGND,li1,350.0600,152.3200,0.000127
FILLER_51_737,VGND,li1,345.2300,152.3200,0.000117
FILLER_51_725,VGND,li1,339.7100,152.3200,0.000102
FILLER_51_699,VGND,li1,327.2900,152.3200,0.000095
FILLER_51_686,VGND,li1,321.7700,152.3200,0.000100
FILLER_51_663,VGND,li1,310.7300,152.3200,0.000112
FILLER_51_642,VGND,li1,301.0700,152.3200,0.000119
FILLER_51_639,VGND,li1,300.1500,152.3200,0.000119
FILLER_51_636,VGND,li1,298.7700,152.3200,0.000121
FILLER_51_633,VGND,li1,297.3900,152.3200,0.000121
FILLER_51_617,VGND,li1,290.0300,152.3200,0.000125
FILLER_51_613,VGND,li1,288.1900,152.3200,0.000126
FILLER_51_610,VGND,li1,286.8100,152.3200,0.000126
FILLER_51_600,VGND,li1,281.9800,152.3200,0.000128
FILLER_51_597,VGND,li1,280.8300,152.3200,0.000128
FILLER_51_590,VGND,li1,277.3800,152.3200,0.000130
FILLER_51_587,VGND,li1,276.2300,152.3200,0.000131
FILLER_51_584,VGND,li1,274.8500,152.3200,0.000131
FILLER_51_577,VGND,li1,271.4000,152.3200,0.000132
FILLER_51_574,VGND,li1,270.2500,152.3200,0.000132
FILLER_51_558,VGND,li1,262.6600,152.3200,0.000133
FILLER_51_508,VGND,li1,239.8900,152.3200,0.000131
FILLER_51_505,VGND,li1,238.5100,152.3200,0.000131
FILLER_51_501,VGND,li1,236.6700,152.3200,0.000131
FILLER_51_498,VGND,li1,235.2900,152.3200,0.000131
FILLER_51_484,VGND,li1,228.3900,152.3200,0.000129
FILLER_51_481,VGND,li1,227.4700,152.3200,0.000129
FILLER_51_478,VGND,li1,226.0900,152.3200,0.000128
FILLER_51_475,VGND,li1,224.7100,152.3200,0.000128
FILLER_51_472,VGND,li1,223.3300,152.3200,0.000128
FILLER_51_469,VGND,li1,221.9500,152.3200,0.000127
FILLER_51_458,VGND,li1,216.6600,152.3200,0.000125
FILLER_51_391,VGND,li1,185.6100,152.3200,0.000096
FILLER_51_384,VGND,li1,182.3900,152.3200,0.000091
FILLER_51_373,VGND,li1,177.3300,152.3200,0.000089
FILLER_51_370,VGND,li1,176.4100,152.3200,0.000089
FILLER_51_367,VGND,li1,175.0300,152.3200,0.000092
FILLER_51_359,VGND,li1,170.8900,152.3200,0.000098
FILLER_51_356,VGND,li1,169.9700,152.3200,0.000102
FILLER_51_340,VGND,li1,162.6100,152.3200,0.000111
FILLER_51_337,VGND,li1,161.2300,152.3200,0.000114
FILLER_51_333,VGND,li1,159.3900,152.3200,0.000117
FILLER_51_330,VGND,li1,158.0100,152.3200,0.000117
FILLER_51_316,VGND,li1,151.1100,152.3200,0.000127
FILLER_51_313,VGND,li1,150.1900,152.3200,0.000127
FILLER_51_310,VGND,li1,148.8100,152.3200,0.000129
FILLER_51_307,VGND,li1,147.4300,152.3200,0.000132
FILLER_51_304,VGND,li1,146.0500,152.3200,0.000132
FILLER_51_286,VGND,li1,137.7700,152.3200,0.000142
FILLER_51_264,VGND,li1,127.1900,152.3200,0.000153
FILLER_51_238,VGND,li1,115.6900,152.3200,0.000160
FILLER_51_210,VGND,li1,102.3500,152.3200,0.000167
FILLER_51_118,VGND,li1,60.2600,152.3200,0.000166
FILLER_51_94,VGND,li1,48.9900,152.3200,0.000159
FILLER_51_57,VGND,li1,31.9700,152.3200,0.000117
FILLER_51_49,VGND,li1,28.7500,152.3200,0.000109
FILLER_51_3,VGND,li1,7.5900,152.3200,0.000108
FILLER_50_841,VGND,li1,392.6100,146.8800,0.000381
FILLER_50_799,VGND,li1,373.5200,146.8800,0.000365
FILLER_50_784,VGND,li1,366.8500,146.8800,0.000353
FILLER_50_757,VGND,li1,353.9700,146.8800,0.000315
FILLER_50_736,VGND,li1,344.7700,146.8800,0.000276
FILLER_50_715,VGND,li1,334.6500,146.8800,0.000216
FILLER_50_710,VGND,li1,332.3500,146.8800,0.000199
FILLER_50_692,VGND,li1,324.5300,146.8800,0.000210
FILLER_50_681,VGND,li1,319.0100,146.8800,0.000217
FILLER_50_662,VGND,li1,310.5000,146.8800,0.000222
FILLER_50_648,VGND,li1,303.8300,146.8800,0.000224
FILLER_50_645,VGND,li1,302.9100,146.8800,0.000224
FILLER_50_643,VGND,li1,301.5300,146.8800,0.000224
FILLER_50_627,VGND,li1,294.6300,146.8800,0.000224
FILLER_50_624,VGND,li1,293.2500,146.8800,0.000224
FILLER_50_614,VGND,li1,288.4200,146.8800,0.000223
FILLER_50_589,VGND,li1,276.6900,146.8800,0.000220
FILLER_50_573,VGND,li1,269.5600,146.8800,0.000216
FILLER_50_552,VGND,li1,259.6700,146.8800,0.000209
FILLER_50_549,VGND,li1,258.7500,146.8800,0.000207
FILLER_50_546,VGND,li1,257.3700,146.8800,0.000207
FILLER_50_524,VGND,li1,247.0200,146.8800,0.000197
FILLER_50_502,VGND,li1,236.6700,146.8800,0.000187
FILLER_50_499,VGND,li1,235.7500,146.8800,0.000185
FILLER_50_496,VGND,li1,234.3700,146.8800,0.000185
FILLER_50_486,VGND,li1,229.3100,146.8800,0.000180
FILLER_50_470,VGND,li1,222.1800,146.8800,0.000171
FILLER_50_456,VGND,li1,215.5100,146.8800,0.000163
FILLER_50_453,VGND,li1,214.5900,146.8800,0.000160
FILLER_50_450,VGND,li1,213.2100,146.8800,0.000160
FILLER_50_434,VGND,li1,205.8500,146.8800,0.000150
FILLER_50_431,VGND,li1,204.4700,146.8800,0.000147
FILLER_50_421,VGND,li1,199.8700,146.8800,0.000141
FILLER_50_406,VGND,li1,192.7400,146.8800,0.000127
FILLER_50_391,VGND,li1,185.8400,146.8800,0.000115
FILLER_50_368,VGND,li1,175.4900,146.8800,0.000109
FILLER_50_365,VGND,li1,174.1100,146.8800,0.000113
FILLER_50_361,VGND,li1,172.2700,146.8800,0.000117
FILLER_50_358,VGND,li1,170.8900,146.8800,0.000117
FILLER_50_336,VGND,li1,160.5400,146.8800,0.000139
FILLER_50_333,VGND,li1,159.3900,146.8800,0.000139
FILLER_50_309,VGND,li1,148.1200,146.8800,0.000158
FILLER_50_307,VGND,li1,146.9700,146.8800,0.000158
FILLER_50_301,VGND,li1,144.4400,146.8800,0.000161
FILLER_50_298,VGND,li1,143.2900,146.8800,0.000164
FILLER_50_286,VGND,li1,137.3100,146.8800,0.000171
FILLER_50_272,VGND,li1,130.8700,146.8800,0.000179
FILLER_50_269,VGND,li1,129.9500,146.8800,0.000182
FILLER_50_266,VGND,li1,128.5700,146.8800,0.000182
FILLER_50_263,VGND,li1,127.1900,146.8800,0.000185
FILLER_50_253,VGND,li1,122.5900,146.8800,0.000190
FILLER_50_244,VGND,li1,118.4500,146.8800,0.000195
FILLER_50_241,VGND,li1,117.0700,146.8800,0.000197
FILLER_50_238,VGND,li1,115.6900,146.8800,0.000200
FILLER_50_235,VGND,li1,114.3100,146.8800,0.000200
FILLER_50_223,VGND,li1,108.3300,146.8800,0.000207
FILLER_50_193,VGND,li1,94.9900,146.8800,0.000219
FILLER_50_190,VGND,li1,93.6100,146.8800,0.000221
FILLER_50_166,VGND,li1,82.5700,146.8800,0.000230
FILLER_50_123,VGND,li1,62.5600,146.8800,0.000230
FILLER_50_109,VGND,li1,56.1200,146.8800,0.000222
FILLER_50_82,VGND,li1,43.7000,146.8800,0.000195
FILLER_50_49,VGND,li1,28.5200,146.8800,0.000142
FILLER_50_29,VGND,li1,19.5500,146.8800,0.000131
FILLER_50_3,VGND,li1,7.5900,146.8800,0.000133
FILLER_49_841,VGND,li1,392.6100,146.8800,0.000381
FILLER_49_839,VGND,li1,391.6900,146.8800,0.000381
FILLER_49_803,VGND,li1,375.1300,146.8800,0.000371
FILLER_49_785,VGND,li1,366.8500,146.8800,0.000353
FILLER_49_775,VGND,li1,362.7100,146.8800,0.000343
FILLER_49_746,VGND,li1,348.9100,146.8800,0.000295
FILLER_49_701,VGND,li1,328.2100,146.8800,0.000205
FILLER_49_673,VGND,li1,315.5600,146.8800,0.000219
FILLER_49_639,VGND,li1,299.9200,146.8800,0.000224
FILLER_49_617,VGND,li1,289.8000,146.8800,0.000224
FILLER_49_615,VGND,li1,288.6500,146.8800,0.000223
FILLER_49_612,VGND,li1,287.7300,146.8800,0.000223
FILLER_49_609,VGND,li1,286.3500,146.8800,0.000223
FILLER_49_606,VGND,li1,284.9700,146.8800,0.000223
FILLER_49_586,VGND,li1,275.7700,146.8800,0.000220
FILLER_49_572,VGND,li1,268.8700,146.8800,0.000215
FILLER_49_569,VGND,li1,267.9500,146.8800,0.000215
FILLER_49_559,VGND,li1,262.8900,146.8800,0.000211
FILLER_49_532,VGND,li1,250.7000,146.8800,0.000201
FILLER_49_529,VGND,li1,249.5500,146.8800,0.000199
FILLER_49_526,VGND,li1,248.1700,146.8800,0.000197
FILLER_49_523,VGND,li1,246.7900,146.8800,0.000197
FILLER_49_502,VGND,li1,236.9000,146.8800,0.000187
FILLER_49_499,VGND,li1,235.7500,146.8800,0.000185
FILLER_49_496,VGND,li1,234.3700,146.8800,0.000185
FILLER_49_476,VGND,li1,224.9400,146.8800,0.000174
FILLER_49_461,VGND,li1,217.8100,146.8800,0.000166
FILLER_49_458,VGND,li1,216.8900,146.8800,0.000163
FILLER_49_437,VGND,li1,206.7700,146.8800,0.000150
FILLER_49_434,VGND,li1,205.8500,146.8800,0.000150
FILLER_49_427,VGND,li1,202.4000,146.8800,0.000145
FILLER_49_396,VGND,li1,188.3700,146.8800,0.000121
FILLER_49_393,VGND,li1,186.9900,146.8800,0.000115
FILLER_49_390,VGND,li1,185.3800,146.8800,0.000115
FILLER_49_387,VGND,li1,184.2300,146.8800,0.000110
FILLER_49_384,VGND,li1,182.8500,146.8800,0.000110
FILLER_49_370,VGND,li1,175.9500,146.8800,0.000109
FILLER_49_367,VGND,li1,175.0300,146.8800,0.000109
FILLER_49_364,VGND,li1,173.6500,146.8800,0.000113
FILLER_49_337,VGND,li1,161.0000,146.8800,0.000135
FILLER_49_335,VGND,li1,159.8500,146.8800,0.000139
FILLER_49_332,VGND,li1,158.9300,146.8800,0.000139
FILLER_49_318,VGND,li1,152.0300,146.8800,0.000150
FILLER_49_308,VGND,li1,147.4300,146.8800,0.000158
FILLER_49_305,VGND,li1,146.5100,146.8800,0.000158
FILLER_49_302,VGND,li1,145.1300,146.8800,0.000161
FILLER_49_299,VGND,li1,143.7500,146.8800,0.000164
FILLER_49_296,VGND,li1,142.3700,146.8800,0.000164
FILLER_49_293,VGND,li1,140.9900,146.8800,0.000167
FILLER_49_281,VGND,li1,135.4700,146.8800,0.000174
FILLER_49_261,VGND,li1,126.2700,146.8800,0.000185
FILLER_49_240,VGND,li1,116.6100,146.8800,0.000197
FILLER_49_225,VGND,li1,109.4800,146.8800,0.000207
FILLER_49_222,VGND,li1,108.1000,146.8800,0.000207
FILLER_49_211,VGND,li1,103.0400,146.8800,0.000213
FILLER_49_208,VGND,li1,101.8900,146.8800,0.000213
FILLER_49_194,VGND,li1,94.9900,146.8800,0.000219
FILLER_49_191,VGND,li1,94.0700,146.8800,0.000221
FILLER_49_188,VGND,li1,92.6900,146.8800,0.000221
FILLER_49_185,VGND,li1,91.3100,146.8800,0.000224
FILLER_49_174,VGND,li1,85.7900,146.8800,0.000228
FILLER_49_169,VGND,li1,83.4900,146.8800,0.000230
FILLER_49_160,VGND,li1,79.3500,146.8800,0.000232
FILLER_49_144,VGND,li1,72.2200,146.8800,0.000234
FILLER_49_128,VGND,li1,64.6300,146.8800,0.000231
FILLER_49_110,VGND,li1,56.5800,146.8800,0.000222
FILLER_49_95,VGND,li1,49.9100,146.8800,0.000212
FILLER_49_70,VGND,li1,38.4100,146.8800,0.000178
FILLER_49_57,VGND,li1,31.9700,146.8800,0.000149
FILLER_49_34,VGND,li1,21.6200,146.8800,0.000131
FILLER_48_840,VGND,li1,392.3800,141.4400,0.000353
FILLER_48_813,VGND,li1,379.7300,141.4400,0.000353
FILLER_48_803,VGND,li1,375.1300,141.4400,0.000351
FILLER_48_753,VGND,li1,352.5900,141.4400,0.000305
FILLER_48_708,VGND,li1,331.8900,141.4400,0.000219
FILLER_48_701,VGND,li1,328.6700,141.4400,0.000229
FILLER_48_699,VGND,li1,327.2900,141.4400,0.000236
FILLER_48_694,VGND,li1,324.9900,141.4400,0.000242
FILLER_48_669,VGND,li1,313.9500,141.4400,0.000274
FILLER_48_666,VGND,li1,312.5700,141.4400,0.000274
FILLER_48_652,VGND,li1,305.6700,141.4400,0.000294
FILLER_48_645,VGND,li1,302.6800,141.4400,0.000301
FILLER_48_639,VGND,li1,299.9200,141.4400,0.000305
FILLER_48_636,VGND,li1,298.7700,141.4400,0.000305
FILLER_48_633,VGND,li1,297.3900,141.4400,0.000310
FILLER_48_630,VGND,li1,296.0100,141.4400,0.000310
FILLER_48_622,VGND,li1,292.3300,141.4400,0.000316
FILLER_48_608,VGND,li1,285.4300,141.4400,0.000327
FILLER_48_605,VGND,li1,284.5100,141.4400,0.000331
FILLER_48_587,VGND,li1,275.7700,141.4400,0.000343
FILLER_48_584,VGND,li1,274.8500,141.4400,0.000343
FILLER_48_555,VGND,li1,261.0500,141.4400,0.000363
FILLER_48_552,VGND,li1,260.1300,141.4400,0.000363
FILLER_48_536,VGND,li1,252.7700,141.4400,0.000373
FILLER_48_533,VGND,li1,251.3900,141.4400,0.000373
FILLER_48_530,VGND,li1,249.7800,141.4400,0.000375
FILLER_48_527,VGND,li1,248.6300,141.4400,0.000378
FILLER_48_524,VGND,li1,247.2500,141.4400,0.000380
FILLER_48_521,VGND,li1,245.8700,141.4400,0.000380
FILLER_48_498,VGND,li1,234.8300,141.4400,0.000392
FILLER_48_483,VGND,li1,228.1600,141.4400,0.000401
FILLER_48_480,VGND,li1,227.0100,141.4400,0.000401
FILLER_48_477,VGND,li1,225.6300,141.4400,0.000403
FILLER_48_454,VGND,li1,215.0500,141.4400,0.000413
FILLER_48_406,VGND,li1,192.7400,141.4400,0.000328
FILLER_48_383,VGND,li1,182.3900,141.4400,0.000240
FILLER_48_380,VGND,li1,181.0100,141.4400,0.000240
FILLER_48_365,VGND,li1,173.6500,141.4400,0.000234
FILLER_48_346,VGND,li1,164.9100,141.4400,0.000246
FILLER_48_331,VGND,li1,158.2400,141.4400,0.000256
FILLER_48_328,VGND,li1,157.0900,141.4400,0.000256
FILLER_48_312,VGND,li1,149.7300,141.4400,0.000266
FILLER_48_309,VGND,li1,148.3500,141.4400,0.000269
FILLER_48_298,VGND,li1,143.0600,141.4400,0.000276
FILLER_48_295,VGND,li1,141.9100,141.4400,0.000276
FILLER_48_281,VGND,li1,135.0100,141.4400,0.000286
FILLER_48_259,VGND,li1,124.8900,141.4400,0.000298
FILLER_48_256,VGND,li1,123.9700,141.4400,0.000298
FILLER_48_253,VGND,li1,122.5900,141.4400,0.000300
FILLER_48_251,VGND,li1,121.2100,141.4400,0.000302
FILLER_48_248,VGND,li1,120.2900,141.4400,0.000302
FILLER_48_237,VGND,li1,115.2300,141.4400,0.000310
FILLER_48_231,VGND,li1,112.2400,141.4400,0.000312
FILLER_48_216,VGND,li1,105.3400,141.4400,0.000319
FILLER_48_210,VGND,li1,102.5800,141.4400,0.000321
FILLER_48_193,VGND,li1,94.9900,141.4400,0.000327
FILLER_48_190,VGND,li1,93.6100,141.4400,0.000328
FILLER_48_141,VGND,li1,70.6100,141.4400,0.000302
FILLER_48_138,VGND,li1,69.4600,141.4400,0.000302
FILLER_48_96,VGND,li1,50.1400,141.4400,0.000230
FILLER_48_29,VGND,li1,19.3200,141.4400,0.000128
FILLER_48_3,VGND,li1,7.5900,141.4400,0.000132
FILLER_47_841,VGND,li1,392.6100,141.4400,0.000353
FILLER_47_785,VGND,li1,366.8500,141.4400,0.000345
FILLER_47_765,VGND,li1,357.8800,141.4400,0.000322
FILLER_47_743,VGND,li1,347.7600,141.4400,0.000287
FILLER_47_687,VGND,li1,322.0000,141.4400,0.000248
FILLER_47_673,VGND,li1,315.3300,141.4400,0.000268
FILLER_47_670,VGND,li1,314.1800,141.4400,0.000274
FILLER_47_667,VGND,li1,313.0300,141.4400,0.000274
FILLER_47_633,VGND,li1,296.9300,141.4400,0.000310
FILLER_47_630,VGND,li1,296.0100,141.4400,0.000310
FILLER_47_603,VGND,li1,283.1300,141.4400,0.000331
FILLER_47_600,VGND,li1,282.2100,141.4400,0.000334
FILLER_47_597,VGND,li1,280.8300,141.4400,0.000334
FILLER_47_586,VGND,li1,275.7700,141.4400,0.000343
FILLER_47_583,VGND,li1,274.3900,141.4400,0.000343
FILLER_47_580,VGND,li1,273.0100,141.4400,0.000346
FILLER_47_577,VGND,li1,271.6300,141.4400,0.000349
FILLER_47_574,VGND,li1,270.2500,141.4400,0.000349
FILLER_47_557,VGND,li1,262.4300,141.4400,0.000359
FILLER_47_554,VGND,li1,261.0500,141.4400,0.000363
FILLER_47_551,VGND,li1,259.6700,141.4400,0.000363
FILLER_47_535,VGND,li1,252.3100,141.4400,0.000373
FILLER_47_532,VGND,li1,250.9300,141.4400,0.000375
FILLER_47_529,VGND,li1,249.5500,141.4400,0.000375
FILLER_47_521,VGND,li1,245.6400,141.4400,0.000380
FILLER_47_505,VGND,li1,238.5100,141.4400,0.000388
FILLER_47_501,VGND,li1,236.6700,141.4400,0.000390
FILLER_47_498,VGND,li1,235.2900,141.4400,0.000392
FILLER_47_487,VGND,li1,230.2300,141.4400,0.000398
FILLER_47_484,VGND,li1,228.8500,141.4400,0.000398
FILLER_47_465,VGND,li1,220.1100,141.4400,0.000409
FILLER_47_462,VGND,li1,218.7300,141.4400,0.000409
FILLER_47_452,VGND,li1,213.9000,141.4400,0.000415
FILLER_47_449,VGND,li1,212.7500,141.4400,0.000415
FILLER_47_445,VGND,li1,210.9100,141.4400,0.000417
FILLER_47_406,VGND,li1,192.7400,141.4400,0.000328
FILLER_47_384,VGND,li1,182.8500,141.4400,0.000254
FILLER_47_381,VGND,li1,181.4700,141.4400,0.000240
FILLER_47_371,VGND,li1,176.6400,141.4400,0.000228
FILLER_47_357,VGND,li1,169.9700,141.4400,0.000237
FILLER_47_340,VGND,li1,162.1500,141.4400,0.000250
FILLER_47_337,VGND,li1,161.2300,141.4400,0.000250
FILLER_47_335,VGND,li1,159.8500,141.4400,0.000253
FILLER_47_332,VGND,li1,158.9300,141.4400,0.000253
FILLER_47_314,VGND,li1,150.6500,141.4400,0.000266
FILLER_47_287,VGND,li1,138.0000,141.4400,0.000283
FILLER_47_284,VGND,li1,136.8500,141.4400,0.000283
FILLER_47_281,VGND,li1,135.4700,141.4400,0.000286
FILLER_47_279,VGND,li1,134.0900,141.4400,0.000286
FILLER_47_276,VGND,li1,133.1700,141.4400,0.000289
FILLER_47_273,VGND,li1,131.7900,141.4400,0.000289
FILLER_47_270,VGND,li1,130.4100,141.4400,0.000292
FILLER_47_253,VGND,li1,122.1300,141.4400,0.000300
FILLER_47_250,VGND,li1,121.2100,141.4400,0.000302
FILLER_47_240,VGND,li1,116.1500,141.4400,0.000307
FILLER_47_237,VGND,li1,115.2300,141.4400,0.000310
FILLER_47_234,VGND,li1,113.8500,141.4400,0.000310
FILLER_47_211,VGND,li1,103.0400,141.4400,0.000321
FILLER_47_169,VGND,li1,83.7200,141.4400,0.000332
FILLER_47_153,VGND,li1,76.3600,141.4400,0.000320
FILLER_47_134,VGND,li1,67.6200,141.4400,0.000296
FILLER_47_118,VGND,li1,60.2600,141.4400,0.000268
FILLER_47_110,VGND,li1,56.5800,141.4400,0.000261
FILLER_47_96,VGND,li1,50.1400,141.4400,0.000230
FILLER_47_51,VGND,li1,29.2100,141.4400,0.000140
FILLER_47_32,VGND,li1,20.7000,141.4400,0.000127
FILLER_46_813,VGND,li1,379.7300,136.0000,0.000276
FILLER_46_799,VGND,li1,373.2900,136.0000,0.000274
FILLER_46_789,VGND,li1,368.9200,136.0000,0.000273
FILLER_46_757,VGND,li1,353.9700,136.0000,0.000260
FILLER_46_738,VGND,li1,345.2300,136.0000,0.000228
FILLER_46_693,VGND,li1,324.7600,136.0000,0.000179
FILLER_46_680,VGND,li1,318.5500,136.0000,0.000188
FILLER_46_661,VGND,li1,310.0400,136.0000,0.000199
FILLER_46_658,VGND,li1,308.8900,136.0000,0.000199
FILLER_46_655,VGND,li1,307.5100,136.0000,0.000201
FILLER_46_652,VGND,li1,306.1300,136.0000,0.000201
FILLER_46_643,VGND,li1,301.5300,136.0000,0.000204
FILLER_46_636,VGND,li1,298.3100,136.0000,0.000206
FILLER_46_633,VGND,li1,297.3900,136.0000,0.000206
FILLER_46_619,VGND,li1,290.4900,136.0000,0.000208
FILLER_46_612,VGND,li1,287.5000,136.0000,0.000208
FILLER_46_606,VGND,li1,284.5100,136.0000,0.000209
FILLER_46_592,VGND,li1,278.0700,136.0000,0.000208
FILLER_46_589,VGND,li1,277.1500,136.0000,0.000208
FILLER_46_585,VGND,li1,275.3100,136.0000,0.000208
FILLER_46_577,VGND,li1,271.6300,136.0000,0.000208
FILLER_46_558,VGND,li1,262.4300,136.0000,0.000204
FILLER_46_555,VGND,li1,261.5100,136.0000,0.000204
FILLER_46_552,VGND,li1,260.1300,136.0000,0.000203
FILLER_46_536,VGND,li1,252.3100,136.0000,0.000199
FILLER_46_533,VGND,li1,251.3900,136.0000,0.000198
FILLER_46_516,VGND,li1,243.5700,136.0000,0.000193
FILLER_46_513,VGND,li1,242.1900,136.0000,0.000191
FILLER_46_510,VGND,li1,240.8100,136.0000,0.000191
FILLER_46_495,VGND,li1,233.6800,136.0000,0.000186
FILLER_46_492,VGND,li1,232.5300,136.0000,0.000183
FILLER_46_489,VGND,li1,231.1500,136.0000,0.000183
FILLER_46_486,VGND,li1,229.7700,136.0000,0.000182
FILLER_46_483,VGND,li1,228.3900,136.0000,0.000179
FILLER_46_480,VGND,li1,227.0100,136.0000,0.000179
FILLER_46_477,VGND,li1,225.6300,136.0000,0.000177
FILLER_46_475,VGND,li1,224.2500,136.0000,0.000176
FILLER_46_460,VGND,li1,217.8100,136.0000,0.000170
FILLER_46_457,VGND,li1,216.4300,136.0000,0.000168
FILLER_46_454,VGND,li1,215.0500,136.0000,0.000168
FILLER_46_421,VGND,li1,199.4100,136.0000,0.000146
FILLER_46_417,VGND,li1,198.0300,136.0000,0.000146
FILLER_46_414,VGND,li1,196.6500,136.0000,0.000143
FILLER_46_395,VGND,li1,187.6800,136.0000,0.000130
FILLER_46_389,VGND,li1,184.6900,136.0000,0.000121
FILLER_46_344,VGND,li1,163.9900,136.0000,0.000152
FILLER_46_330,VGND,li1,157.5500,136.0000,0.000170
FILLER_46_286,VGND,li1,137.3100,136.0000,0.000217
FILLER_46_283,VGND,li1,136.3900,136.0000,0.000217
FILLER_46_280,VGND,li1,135.0100,136.0000,0.000221
FILLER_46_277,VGND,li1,133.6300,136.0000,0.000226
FILLER_46_274,VGND,li1,132.2500,136.0000,0.000226
FILLER_46_268,VGND,li1,129.2600,136.0000,0.000232
FILLER_46_122,VGND,li1,61.8700,136.0000,0.000216
FILLER_46_111,VGND,li1,57.0400,136.0000,0.000203
FILLER_46_98,VGND,li1,51.2900,136.0000,0.000186
FILLER_46_29,VGND,li1,19.3200,136.0000,0.000101
FILLER_46_27,VGND,li1,18.1700,136.0000,0.000101
FILLER_45_841,VGND,li1,392.6100,136.0000,0.000276
FILLER_45_837,VGND,li1,391.2300,136.0000,0.000276
FILLER_45_785,VGND,li1,367.3100,136.0000,0.000272
FILLER_45_733,VGND,li1,342.9300,136.0000,0.000217
FILLER_45_718,VGND,li1,336.2600,136.0000,0.000186
FILLER_45_699,VGND,li1,327.5200,136.0000,0.000175
FILLER_45_681,VGND,li1,319.2400,136.0000,0.000188
FILLER_45_673,VGND,li1,315.7900,136.0000,0.000193
FILLER_45_670,VGND,li1,314.1800,136.0000,0.000193
FILLER_45_641,VGND,li1,301.0700,136.0000,0.000205
FILLER_45_638,VGND,li1,299.6900,136.0000,0.000205
FILLER_45_635,VGND,li1,298.3100,136.0000,0.000206
FILLER_45_621,VGND,li1,291.4100,136.0000,0.000208
FILLER_45_614,VGND,li1,288.4200,136.0000,0.000208
FILLER_45_599,VGND,li1,281.5200,136.0000,0.000209
FILLER_45_552,VGND,li1,259.6700,136.0000,0.000203
FILLER_45_537,VGND,li1,253.0000,136.0000,0.000199
FILLER_45_486,VGND,li1,229.3100,136.0000,0.000182
FILLER_45_483,VGND,li1,228.3900,136.0000,0.000179
FILLER_45_480,VGND,li1,227.0100,136.0000,0.000179
FILLER_45_462,VGND,li1,218.5000,136.0000,0.000170
FILLER_45_456,VGND,li1,215.7400,136.0000,0.000168
FILLER_45_445,VGND,li1,210.9100,136.0000,0.000163
FILLER_45_431,VGND,li1,204.0100,136.0000,0.000153
FILLER_45_408,VGND,li1,193.6600,136.0000,0.000140
FILLER_45_405,VGND,li1,192.5100,136.0000,0.000136
FILLER_45_402,VGND,li1,191.1300,136.0000,0.000136
FILLER_45_389,VGND,li1,185.1500,136.0000,0.000125
FILLER_45_357,VGND,li1,170.4300,136.0000,0.000139
FILLER_45_354,VGND,li1,169.0500,136.0000,0.000139
FILLER_45_333,VGND,li1,159.3900,136.0000,0.000163
FILLER_45_330,VGND,li1,158.0100,136.0000,0.000170
FILLER_45_327,VGND,li1,156.6300,136.0000,0.000170
FILLER_45_316,VGND,li1,151.5700,136.0000,0.000182
FILLER_45_313,VGND,li1,150.1900,136.0000,0.000189
FILLER_45_307,VGND,li1,147.2000,136.0000,0.000195
FILLER_45_304,VGND,li1,146.0500,136.0000,0.000195
FILLER_45_301,VGND,li1,144.6700,136.0000,0.000201
FILLER_45_298,VGND,li1,143.2900,136.0000,0.000201
FILLER_45_274,VGND,li1,132.0200,136.0000,0.000226
FILLER_45_249,VGND,li1,120.2900,136.0000,0.000247
FILLER_45_243,VGND,li1,117.7600,136.0000,0.000251
FILLER_45_225,VGND,li1,109.4800,136.0000,0.000259
FILLER_45_194,VGND,li1,95.4500,136.0000,0.000260
FILLER_45_169,VGND,li1,83.7200,136.0000,0.000255
FILLER_45_166,VGND,li1,82.3400,136.0000,0.000255
FILLER_45_136,VGND,li1,68.7700,136.0000,0.000234
FILLER_45_126,VGND,li1,63.9400,136.0000,0.000222
FILLER_45_113,VGND,li1,58.1900,136.0000,0.000203
FILLER_45_111,VGND,li1,56.8100,136.0000,0.000198
FILLER_45_62,VGND,li1,34.7300,136.0000,0.000132
FILLER_45_57,VGND,li1,31.9700,136.0000,0.000117
FILLER_45_15,VGND,li1,12.6500,136.0000,0.000102
FILLER_45_3,VGND,li1,7.1300,136.0000,0.000103
FILLER_44_839,VGND,li1,392.1500,130.5600,0.000267
FILLER_44_813,VGND,li1,379.9600,130.5600,0.000267
FILLER_44_770,VGND,li1,359.9500,130.5600,0.000252
FILLER_44_748,VGND,li1,349.8300,130.5600,0.000228
FILLER_44_720,VGND,li1,337.1800,130.5600,0.000182
FILLER_44_706,VGND,li1,330.5100,130.5600,0.000167
FILLER_44_701,VGND,li1,328.2100,130.5600,0.000173
FILLER_44_672,VGND,li1,315.3300,130.5600,0.000192
FILLER_44_645,VGND,li1,302.6800,130.5600,0.000206
FILLER_44_643,VGND,li1,301.5300,130.5600,0.000206
FILLER_44_637,VGND,li1,298.7700,130.5600,0.000209
FILLER_44_623,VGND,li1,292.3300,130.5600,0.000216
FILLER_44_620,VGND,li1,291.4100,130.5600,0.000216
FILLER_44_598,VGND,li1,281.0600,130.5600,0.000222
FILLER_44_595,VGND,li1,279.9100,130.5600,0.000222
FILLER_44_592,VGND,li1,278.5300,130.5600,0.000224
FILLER_44_589,VGND,li1,277.1500,130.5600,0.000224
FILLER_44_581,VGND,li1,273.0100,130.5600,0.000225
FILLER_44_559,VGND,li1,263.1200,130.5600,0.000228
FILLER_44_556,VGND,li1,261.9700,130.5600,0.000228
FILLER_44_553,VGND,li1,260.5900,130.5600,0.000228
FILLER_44_537,VGND,li1,252.7700,130.5600,0.000228
FILLER_44_513,VGND,li1,241.9600,130.5600,0.000226
FILLER_44_499,VGND,li1,235.2900,130.5600,0.000224
FILLER_44_489,VGND,li1,230.9200,130.5600,0.000222
FILLER_44_486,VGND,li1,229.7700,130.5600,0.000221
FILLER_44_483,VGND,li1,228.3900,130.5600,0.000221
FILLER_44_470,VGND,li1,221.9500,130.5600,0.000218
FILLER_44_464,VGND,li1,219.1900,130.5600,0.000218
FILLER_44_461,VGND,li1,218.2700,130.5600,0.000217
FILLER_44_458,VGND,li1,216.8900,130.5600,0.000217
FILLER_44_449,VGND,li1,212.2900,130.5600,0.000214
FILLER_44_436,VGND,li1,206.3100,130.5600,0.000210
FILLER_44_433,VGND,li1,205.3900,130.5600,0.000209
FILLER_44_414,VGND,li1,196.1900,130.5600,0.000203
FILLER_44_411,VGND,li1,195.2700,130.5600,0.000201
FILLER_44_408,VGND,li1,193.8900,130.5600,0.000201
FILLER_44_405,VGND,li1,192.5100,130.5600,0.000199
FILLER_44_402,VGND,li1,191.1300,130.5600,0.000197
FILLER_44_399,VGND,li1,189.7500,130.5600,0.000197
FILLER_44_365,VGND,li1,173.6500,130.5600,0.000203
FILLER_44_362,VGND,li1,172.5000,130.5600,0.000214
FILLER_44_354,VGND,li1,169.0500,130.5600,0.000228
FILLER_44_349,VGND,li1,166.2900,130.5600,0.000239
FILLER_44_346,VGND,li1,165.3700,130.5600,0.000239
FILLER_44_343,VGND,li1,163.9900,130.5600,0.000249
FILLER_44_328,VGND,li1,156.8600,130.5600,0.000278
FILLER_44_309,VGND,li1,148.1200,130.5600,0.000307
FILLER_44_293,VGND,li1,140.5300,130.5600,0.000335
FILLER_44_266,VGND,li1,128.3400,130.5600,0.000368
FILLER_44_250,VGND,li1,120.9800,130.5600,0.000381
FILLER_44_220,VGND,li1,107.4100,130.5600,0.000384
FILLER_44_217,VGND,li1,106.0300,130.5600,0.000383
FILLER_44_161,VGND,li1,80.0400,130.5600,0.000364
FILLER_44_141,VGND,li1,70.6100,130.5600,0.000341
FILLER_44_129,VGND,li1,65.3200,130.5600,0.000320
FILLER_44_104,VGND,li1,54.0500,130.5600,0.000286
FILLER_44_42,VGND,li1,25.5300,130.5600,0.000161
FILLER_44_27,VGND,li1,18.1700,130.5600,0.000170
FILLER_43_841,VGND,li1,392.6100,130.5600,0.000267
FILLER_43_839,VGND,li1,391.6900,130.5600,0.000267
FILLER_43_793,VGND,li1,370.5300,130.5600,0.000264
FILLER_43_783,VGND,li1,365.9300,130.5600,0.000260
FILLER_43_764,VGND,li1,357.4200,130.5600,0.000248
FILLER_43_727,VGND,li1,340.1700,130.5600,0.000190
FILLER_43_673,VGND,li1,315.5600,130.5600,0.000190
FILLER_43_662,VGND,li1,310.2700,130.5600,0.000197
FILLER_43_659,VGND,li1,309.3500,130.5600,0.000197
FILLER_43_643,VGND,li1,301.5300,130.5600,0.000206
FILLER_43_617,VGND,li1,289.8000,130.5600,0.000217
FILLER_43_615,VGND,li1,288.6500,130.5600,0.000217
FILLER_43_572,VGND,li1,269.3300,130.5600,0.000226
FILLER_43_557,VGND,li1,262.4300,130.5600,0.000228
FILLER_43_536,VGND,li1,252.7700,130.5600,0.000228
FILLER_43_522,VGND,li1,245.8700,130.5600,0.000227
FILLER_43_491,VGND,li1,231.6100,130.5600,0.000222
FILLER_43_488,VGND,li1,230.6900,130.5600,0.000222
FILLER_43_468,VGND,li1,221.0300,130.5600,0.000218
FILLER_43_449,VGND,li1,212.5200,130.5600,0.000214
FILLER_43_427,VGND,li1,202.6300,130.5600,0.000208
FILLER_43_409,VGND,li1,194.1200,130.5600,0.000201
FILLER_43_406,VGND,li1,192.9700,130.5600,0.000199
FILLER_43_403,VGND,li1,191.5900,130.5600,0.000199
FILLER_43_345,VGND,li1,164.9100,130.5600,0.000239
FILLER_43_329,VGND,li1,157.3200,130.5600,0.000270
FILLER_43_309,VGND,li1,147.8900,130.5600,0.000307
FILLER_43_242,VGND,li1,117.3000,130.5600,0.000384
FILLER_43_166,VGND,li1,82.3400,130.5600,0.000367
FILLER_43_148,VGND,li1,73.8300,130.5600,0.000352
FILLER_43_126,VGND,li1,63.7100,130.5600,0.000320
FILLER_43_113,VGND,li1,58.1900,130.5600,0.000295
FILLER_43_110,VGND,li1,56.5800,130.5600,0.000295
FILLER_43_100,VGND,li1,52.2100,130.5600,0.000277
FILLER_43_89,VGND,li1,46.9200,130.5600,0.000253
FILLER_43_75,VGND,li1,40.7100,130.5600,0.000233
FILLER_43_57,VGND,li1,31.9700,130.5600,0.000193
FILLER_43_54,VGND,li1,30.8200,130.5600,0.000185
FILLER_42_839,VGND,li1,392.1500,125.1200,0.000322
FILLER_42_813,VGND,li1,379.9600,125.1200,0.000322
FILLER_42_811,VGND,li1,378.8100,125.1200,0.000322
FILLER_42_791,VGND,li1,369.8400,125.1200,0.000317
FILLER_42_778,VGND,li1,363.6300,125.1200,0.000309
FILLER_42_754,VGND,li1,352.8200,125.1200,0.000291
FILLER_42_733,VGND,li1,342.9300,125.1200,0.000263
FILLER_42_706,VGND,li1,330.5100,125.1200,0.000224
FILLER_42_701,VGND,li1,328.2100,125.1200,0.000233
FILLER_42_699,VGND,li1,327.2900,125.1200,0.000233
FILLER_42_689,VGND,li1,322.6900,125.1200,0.000258
FILLER_42_663,VGND,li1,311.1900,125.1200,0.000303
FILLER_42_652,VGND,li1,305.9000,125.1200,0.000325
FILLER_42_645,VGND,li1,302.6800,125.1200,0.000332
FILLER_42_636,VGND,li1,298.5400,125.1200,0.000351
FILLER_42_589,VGND,li1,276.9200,125.1200,0.000410
FILLER_42_587,VGND,li1,275.7700,125.1200,0.000410
FILLER_42_546,VGND,li1,257.3700,125.1200,0.000425
FILLER_42_531,VGND,li1,250.0100,125.1200,0.000426
FILLER_42_502,VGND,li1,237.1300,125.1200,0.000420
FILLER_42_490,VGND,li1,231.6100,125.1200,0.000417
FILLER_42_487,VGND,li1,230.2300,125.1200,0.000417
FILLER_42_480,VGND,li1,227.0100,125.1200,0.000414
FILLER_42_477,VGND,li1,225.6300,125.1200,0.000412
FILLER_42_464,VGND,li1,219.4200,125.1200,0.000404
FILLER_42_421,VGND,li1,199.8700,125.1200,0.000361
FILLER_42_419,VGND,li1,198.4900,125.1200,0.000355
FILLER_42_398,VGND,li1,188.8300,125.1200,0.000316
FILLER_42_395,VGND,li1,187.9100,125.1200,0.000316
FILLER_42_377,VGND,li1,179.1700,125.1200,0.000280
FILLER_42_362,VGND,li1,172.5000,125.1200,0.000314
FILLER_42_332,VGND,li1,158.4700,125.1200,0.000392
FILLER_42_329,VGND,li1,157.5500,125.1200,0.000392
FILLER_42_326,VGND,li1,156.1700,125.1200,0.000401
FILLER_42_315,VGND,li1,150.8800,125.1200,0.000424
FILLER_42_299,VGND,li1,143.2900,125.1200,0.000458
FILLER_42_292,VGND,li1,140.5300,125.1200,0.000464
FILLER_42_289,VGND,li1,139.1500,125.1200,0.000472
FILLER_42_286,VGND,li1,137.7700,125.1200,0.000472
FILLER_42_263,VGND,li1,126.7300,125.1200,0.000501
FILLER_42_253,VGND,li1,122.1300,125.1200,0.000512
FILLER_42_234,VGND,li1,113.6200,125.1200,0.000528
FILLER_42_197,VGND,li1,96.6000,125.1200,0.000540
FILLER_42_176,VGND,li1,87.1700,125.1200,0.000521
FILLER_42_46,VGND,li1,26.9100,125.1200,0.000208
FILLER_42_3,VGND,li1,7.1300,125.1200,0.000187
FILLER_41_841,VGND,li1,392.6100,125.1200,0.000322
FILLER_41_838,VGND,li1,391.4600,125.1200,0.000322
FILLER_41_813,VGND,li1,379.7300,125.1200,0.000322
FILLER_41_799,VGND,li1,373.2900,125.1200,0.000319
FILLER_41_785,VGND,li1,367.3100,125.1200,0.000314
FILLER_41_733,VGND,li1,343.1600,125.1200,0.000263
FILLER_41_701,VGND,li1,328.2100,125.1200,0.000233
FILLER_41_686,VGND,li1,321.3100,125.1200,0.000258
FILLER_41_673,VGND,li1,315.5600,125.1200,0.000281
FILLER_41_659,VGND,li1,308.8900,125.1200,0.000312
FILLER_41_626,VGND,li1,293.7100,125.1200,0.000364
FILLER_41_615,VGND,li1,288.6500,125.1200,0.000378
FILLER_41_605,VGND,li1,284.0500,125.1200,0.000395
FILLER_41_569,VGND,li1,267.9500,125.1200,0.000417
FILLER_41_557,VGND,li1,262.4300,125.1200,0.000422
FILLER_41_522,VGND,li1,245.8700,125.1200,0.000425
FILLER_41_493,VGND,li1,232.9900,125.1200,0.000419
FILLER_41_453,VGND,li1,214.1300,125.1200,0.000397
FILLER_41_411,VGND,li1,194.8100,125.1200,0.000342
FILLER_41_393,VGND,li1,186.7600,125.1200,0.000309
FILLER_41_389,VGND,li1,185.1500,125.1200,0.000299
FILLER_41_386,VGND,li1,183.7700,125.1200,0.000299
FILLER_41_337,VGND,li1,161.0000,125.1200,0.000381
FILLER_41_331,VGND,li1,158.0100,125.1200,0.000392
FILLER_41_321,VGND,li1,153.4100,125.1200,0.000412
FILLER_41_263,VGND,li1,126.7300,125.1200,0.000501
FILLER_41_169,VGND,li1,83.7200,125.1200,0.000518
FILLER_41_105,VGND,li1,54.5100,125.1200,0.000402
FILLER_41_94,VGND,li1,48.9900,125.1200,0.000365
FILLER_41_84,VGND,li1,44.3900,125.1200,0.000335
FILLER_41_79,VGND,li1,42.0900,125.1200,0.000319
FILLER_41_72,VGND,li1,39.3300,125.1200,0.000301
FILLER_41_57,VGND,li1,32.2000,125.1200,0.000249
FILLER_41_40,VGND,li1,24.1500,125.1200,0.000186
FILLER_41_30,VGND,li1,19.5500,125.1200,0.000187
FILLER_41_15,VGND,li1,12.8800,125.1200,0.000187
FILLER_41_3,VGND,li1,7.1300,125.1200,0.000187
FILLER_40_813,VGND,li1,380.1900,119.6800,0.000264
FILLER_40_794,VGND,li1,370.9900,119.6800,0.000256
FILLER_40_761,VGND,li1,356.0400,119.6800,0.000234
FILLER_40_755,VGND,li1,353.0500,119.6800,0.000230
FILLER_40_698,VGND,li1,327.0600,119.6800,0.000238
FILLER_40_662,VGND,li1,310.5000,119.6800,0.000323
FILLER_40_637,VGND,li1,299.0000,119.6800,0.000378
FILLER_40_614,VGND,li1,288.1900,119.6800,0.000415
FILLER_40_583,VGND,li1,273.9300,119.6800,0.000468
FILLER_40_541,VGND,li1,254.6100,119.6800,0.000507
FILLER_40_531,VGND,li1,250.0100,119.6800,0.000511
FILLER_40_519,VGND,li1,244.9500,119.6800,0.000508
FILLER_40_481,VGND,li1,227.0100,119.6800,0.000471
FILLER_40_466,VGND,li1,220.3400,119.6800,0.000446
FILLER_40_448,VGND,li1,211.8300,119.6800,0.000422
FILLER_40_421,VGND,li1,199.6400,119.6800,0.000369
FILLER_40_392,VGND,li1,186.5300,119.6800,0.000310
FILLER_40_389,VGND,li1,185.1500,119.6800,0.000301
FILLER_40_386,VGND,li1,183.7700,119.6800,0.000301
FILLER_40_372,VGND,li1,176.8700,119.6800,0.000286
FILLER_40_307,VGND,li1,146.9700,119.6800,0.000435
FILLER_40_278,VGND,li1,134.0900,119.6800,0.000489
FILLER_40_267,VGND,li1,128.8000,119.6800,0.000503
FILLER_40_253,VGND,li1,122.1300,119.6800,0.000524
FILLER_40_251,VGND,li1,121.2100,119.6800,0.000524
FILLER_40_219,VGND,li1,106.7200,119.6800,0.000543
FILLER_40_197,VGND,li1,96.3700,119.6800,0.000538
FILLER_40_129,VGND,li1,65.0900,119.6800,0.000446
FILLER_40_82,VGND,li1,43.7000,119.6800,0.000323
FILLER_40_71,VGND,li1,38.6400,119.6800,0.000290
FILLER_40_40,VGND,li1,24.6100,119.6800,0.000190
FILLER_40_3,VGND,li1,7.1300,119.6800,0.000191
FILLER_39_841,VGND,li1,392.6100,119.6800,0.000269
FILLER_39_838,VGND,li1,391.4600,119.6800,0.000269
FILLER_39_785,VGND,li1,366.8500,119.6800,0.000250
FILLER_39_760,VGND,li1,355.5800,119.6800,0.000234
FILLER_39_734,VGND,li1,343.3900,119.6800,0.000214
FILLER_39_729,VGND,li1,341.0900,119.6800,0.000210
FILLER_39_727,VGND,li1,340.1700,119.6800,0.000207
FILLER_39_705,VGND,li1,330.0500,119.6800,0.000211
FILLER_39_643,VGND,li1,301.7600,119.6800,0.000365
FILLER_39_615,VGND,li1,288.6500,119.6800,0.000415
FILLER_39_602,VGND,li1,283.1300,119.6800,0.000434
FILLER_39_595,VGND,li1,279.9100,119.6800,0.000445
FILLER_39_583,VGND,li1,274.3900,119.6800,0.000468
FILLER_39_580,VGND,li1,273.0100,119.6800,0.000468
FILLER_39_561,VGND,li1,264.0400,119.6800,0.000494
FILLER_39_549,VGND,li1,258.7500,119.6800,0.000505
FILLER_39_519,VGND,li1,244.7200,119.6800,0.000506
FILLER_39_501,VGND,li1,236.6700,119.6800,0.000497
FILLER_39_478,VGND,li1,225.8600,119.6800,0.000464
FILLER_39_449,VGND,li1,212.5200,119.6800,0.000422
FILLER_39_421,VGND,li1,199.6400,119.6800,0.000369
FILLER_39_418,VGND,li1,198.4900,119.6800,0.000369
FILLER_39_396,VGND,li1,188.1400,119.6800,0.000322
FILLER_39_393,VGND,li1,186.9900,119.6800,0.000310
FILLER_39_391,VGND,li1,185.6100,119.6800,0.000310
FILLER_39_364,VGND,li1,173.1900,119.6800,0.000307
FILLER_39_361,VGND,li1,172.2700,119.6800,0.000320
FILLER_39_358,VGND,li1,170.8900,119.6800,0.000320
FILLER_39_225,VGND,li1,109.2500,119.6800,0.000541
FILLER_39_221,VGND,li1,107.8700,119.6800,0.000541
FILLER_39_213,VGND,li1,103.7300,119.6800,0.000544
FILLER_39_174,VGND,li1,86.0200,119.6800,0.000517
FILLER_39_158,VGND,li1,78.6600,119.6800,0.000496
FILLER_39_110,VGND,li1,56.5800,119.6800,0.000401
FILLER_39_67,VGND,li1,36.8000,119.6800,0.000278
FILLER_39_55,VGND,li1,31.0500,119.6800,0.000236
FILLER_38_841,VGND,li1,392.6100,114.2400,0.000596
FILLER_38_773,VGND,li1,361.3300,114.2400,0.000515
FILLER_38_763,VGND,li1,356.9600,114.2400,0.000505
FILLER_38_743,VGND,li1,347.5300,114.2400,0.000443
FILLER_38_719,VGND,li1,336.9500,114.2400,0.000361
FILLER_38_714,VGND,li1,334.1900,114.2400,0.000339
FILLER_38_701,VGND,li1,328.2100,114.2400,0.000346
FILLER_38_697,VGND,li1,326.8300,114.2400,0.000346
FILLER_38_641,VGND,li1,301.0700,114.2400,0.000463
FILLER_38_628,VGND,li1,295.0900,114.2400,0.000486
FILLER_38_596,VGND,li1,280.1400,114.2400,0.000535
FILLER_38_587,VGND,li1,275.7700,114.2400,0.000548
FILLER_38_584,VGND,li1,274.8500,114.2400,0.000554
FILLER_38_581,VGND,li1,273.4700,114.2400,0.000554
FILLER_38_578,VGND,li1,272.0900,114.2400,0.000561
FILLER_38_560,VGND,li1,263.3500,114.2400,0.000579
FILLER_38_533,VGND,li1,251.1600,114.2400,0.000605
FILLER_38_514,VGND,li1,242.6500,114.2400,0.000599
FILLER_38_505,VGND,li1,238.0500,114.2400,0.000590
FILLER_38_494,VGND,li1,233.2200,114.2400,0.000578
FILLER_38_470,VGND,li1,221.9500,114.2400,0.000557
FILLER_38_440,VGND,li1,208.3800,114.2400,0.000506
FILLER_38_430,VGND,li1,203.5500,114.2400,0.000484
FILLER_38_427,VGND,li1,202.6300,114.2400,0.000473
FILLER_38_424,VGND,li1,201.2500,114.2400,0.000473
FILLER_38_421,VGND,li1,199.8700,114.2400,0.000463
FILLER_38_406,VGND,li1,192.5100,114.2400,0.000432
FILLER_38_398,VGND,li1,188.8300,114.2400,0.000413
FILLER_38_381,VGND,li1,181.0100,114.2400,0.000372
FILLER_38_378,VGND,li1,180.0900,114.2400,0.000360
FILLER_38_365,VGND,li1,173.6500,114.2400,0.000413
FILLER_38_362,VGND,li1,172.5000,114.2400,0.000430
FILLER_38_359,VGND,li1,171.3500,114.2400,0.000430
FILLER_38_274,VGND,li1,131.7900,114.2400,0.000703
FILLER_38_250,VGND,li1,120.9800,114.2400,0.000746
FILLER_38_201,VGND,li1,98.4400,114.2400,0.000729
FILLER_38_141,VGND,li1,71.0700,114.2400,0.000608
FILLER_38_139,VGND,li1,69.6900,114.2400,0.000594
FILLER_38_99,VGND,li1,51.2900,114.2400,0.000478
FILLER_38_51,VGND,li1,29.2100,114.2400,0.000280
FILLER_38_29,VGND,li1,19.0900,114.2400,0.000236
FILLER_38_27,VGND,li1,18.1700,114.2400,0.000236
FILLER_37_841,VGND,li1,392.6100,114.2400,0.000596
FILLER_37_837,VGND,li1,391.2300,114.2400,0.000596
FILLER_37_821,VGND,li1,383.8700,114.2400,0.000590
FILLER_37_792,VGND,li1,370.0700,114.2400,0.000555
FILLER_37_769,VGND,li1,359.7200,114.2400,0.000515
FILLER_37_734,VGND,li1,343.3900,114.2400,0.000401
FILLER_37_701,VGND,li1,328.4400,114.2400,0.000346
FILLER_37_648,VGND,li1,304.2900,114.2400,0.000456
FILLER_37_623,VGND,li1,292.3300,114.2400,0.000499
FILLER_37_620,VGND,li1,291.4100,114.2400,0.000499
FILLER_37_617,VGND,li1,290.0300,114.2400,0.000508
FILLER_37_615,VGND,li1,288.6500,114.2400,0.000508
FILLER_37_566,VGND,li1,266.5700,114.2400,0.000574
FILLER_37_541,VGND,li1,255.0700,114.2400,0.000598
FILLER_37_505,VGND,li1,238.2800,114.2400,0.000590
FILLER_37_499,VGND,li1,235.2900,114.2400,0.000583
FILLER_37_454,VGND,li1,214.8200,114.2400,0.000527
FILLER_37_446,VGND,li1,211.1400,114.2400,0.000516
FILLER_37_423,VGND,li1,200.3300,114.2400,0.000463
FILLER_37_420,VGND,li1,199.4100,114.2400,0.000463
FILLER_37_399,VGND,li1,189.2900,114.2400,0.000413
FILLER_37_382,VGND,li1,181.9300,114.2400,0.000372
FILLER_37_374,VGND,li1,178.2500,114.2400,0.000378
FILLER_37_371,VGND,li1,176.8700,114.2400,0.000378
FILLER_37_337,VGND,li1,161.2300,114.2400,0.000529
FILLER_37_329,VGND,li1,157.3200,114.2400,0.000555
FILLER_37_309,VGND,li1,148.3500,114.2400,0.000619
FILLER_37_279,VGND,li1,134.0900,114.2400,0.000694
FILLER_37_263,VGND,li1,127.1900,114.2400,0.000727
FILLER_37_225,VGND,li1,109.2500,114.2400,0.000752
FILLER_37_202,VGND,li1,98.6700,114.2400,0.000729
FILLER_37_162,VGND,li1,80.5000,114.2400,0.000663
FILLER_37_117,VGND,li1,59.5700,114.2400,0.000528
FILLER_37_89,VGND,li1,47.1500,114.2400,0.000447
FILLER_37_78,VGND,li1,41.8600,114.2400,0.000391
FILLER_36_813,VGND,li1,379.7300,108.8000,0.000228
FILLER_36_810,VGND,li1,378.5800,108.8000,0.000228
FILLER_36_796,VGND,li1,372.1400,108.8000,0.000221
FILLER_36_755,VGND,li1,353.0500,108.8000,0.000202
FILLER_36_735,VGND,li1,344.3100,108.8000,0.000189
FILLER_36_705,VGND,li1,330.5100,108.8000,0.000163
FILLER_36_699,VGND,li1,327.2900,108.8000,0.000170
FILLER_36_668,VGND,li1,313.4900,108.8000,0.000203
FILLER_36_648,VGND,li1,303.8300,108.8000,0.000217
FILLER_36_645,VGND,li1,302.9100,108.8000,0.000217
FILLER_36_643,VGND,li1,301.5300,108.8000,0.000220
FILLER_36_640,VGND,li1,300.6100,108.8000,0.000220
FILLER_36_625,VGND,li1,293.4800,108.8000,0.000227
FILLER_36_622,VGND,li1,292.3300,108.8000,0.000230
FILLER_36_619,VGND,li1,290.9500,108.8000,0.000230
FILLER_36_605,VGND,li1,284.0500,108.8000,0.000234
FILLER_36_602,VGND,li1,283.1300,108.8000,0.000234
FILLER_36_599,VGND,li1,281.7500,108.8000,0.000234
FILLER_36_596,VGND,li1,280.3700,108.8000,0.000234
FILLER_36_586,VGND,li1,275.5400,108.8000,0.000236
FILLER_36_583,VGND,li1,274.3900,108.8000,0.000236
FILLER_36_580,VGND,li1,273.0100,108.8000,0.000236
FILLER_36_560,VGND,li1,263.8100,108.8000,0.000237
FILLER_36_546,VGND,li1,256.9100,108.8000,0.000237
FILLER_36_529,VGND,li1,249.5500,108.8000,0.000235
FILLER_36_513,VGND,li1,242.1900,108.8000,0.000233
FILLER_36_497,VGND,li1,234.8300,108.8000,0.000230
FILLER_36_483,VGND,li1,227.9300,108.8000,0.000226
FILLER_36_480,VGND,li1,227.0100,108.8000,0.000226
FILLER_36_477,VGND,li1,225.6300,108.8000,0.000225
FILLER_36_475,VGND,li1,224.2500,108.8000,0.000224
FILLER_36_472,VGND,li1,223.3300,108.8000,0.000224
FILLER_36_449,VGND,li1,212.2900,108.8000,0.000214
FILLER_36_427,VGND,li1,202.1700,108.8000,0.000202
FILLER_36_424,VGND,li1,201.2500,108.8000,0.000202
FILLER_36_421,VGND,li1,199.8700,108.8000,0.000199
FILLER_36_399,VGND,li1,189.7500,108.8000,0.000181
FILLER_36_385,VGND,li1,182.8500,108.8000,0.000170
FILLER_36_353,VGND,li1,168.3600,108.8000,0.000214
FILLER_36_339,VGND,li1,161.9200,108.8000,0.000243
FILLER_36_312,VGND,li1,149.7300,108.8000,0.000285
FILLER_36_309,VGND,li1,148.3500,108.8000,0.000294
FILLER_36_306,VGND,li1,146.7400,108.8000,0.000300
FILLER_36_303,VGND,li1,145.5900,108.8000,0.000300
FILLER_36_275,VGND,li1,132.4800,108.8000,0.000340
FILLER_36_253,VGND,li1,122.1300,108.8000,0.000363
FILLER_36_224,VGND,li1,109.0200,108.8000,0.000371
FILLER_36_203,VGND,li1,99.3600,108.8000,0.000367
FILLER_36_200,VGND,li1,98.2100,108.8000,0.000366
FILLER_36_197,VGND,li1,96.8300,108.8000,0.000366
FILLER_36_194,VGND,li1,95.2200,108.8000,0.000365
FILLER_36_178,VGND,li1,87.6300,108.8000,0.000355
FILLER_36_160,VGND,li1,79.5800,108.8000,0.000345
FILLER_36_85,VGND,li1,45.0800,108.8000,0.000248
FILLER_36_63,VGND,li1,34.9600,108.8000,0.000212
FILLER_36_46,VGND,li1,26.9100,108.8000,0.000171
FILLER_36_29,VGND,li1,19.0900,108.8000,0.000163
FILLER_36_20,VGND,li1,15.1800,108.8000,0.000165
FILLER_35_841,VGND,li1,392.6100,108.8000,0.000233
FILLER_35_835,VGND,li1,389.8500,108.8000,0.000233
FILLER_35_825,VGND,li1,385.7100,108.8000,0.000232
FILLER_35_806,VGND,li1,376.7400,108.8000,0.000227
FILLER_35_785,VGND,li1,366.8500,108.8000,0.000217
FILLER_35_783,VGND,li1,365.9300,108.8000,0.000217
FILLER_35_777,VGND,li1,363.4000,108.8000,0.000214
FILLER_35_735,VGND,li1,344.0800,108.8000,0.000189
FILLER_35_710,VGND,li1,332.3500,108.8000,0.000156
FILLER_35_705,VGND,li1,330.0500,108.8000,0.000163
FILLER_35_691,VGND,li1,323.6100,108.8000,0.000181
FILLER_35_673,VGND,li1,315.3300,108.8000,0.000201
FILLER_35_651,VGND,li1,305.4400,108.8000,0.000214
FILLER_35_648,VGND,li1,304.2900,108.8000,0.000217
FILLER_35_645,VGND,li1,302.9100,108.8000,0.000217
FILLER_35_614,VGND,li1,288.4200,108.8000,0.000232
FILLER_35_600,VGND,li1,281.7500,108.8000,0.000234
FILLER_35_597,VGND,li1,280.8300,108.8000,0.000234
FILLER_35_583,VGND,li1,273.9300,108.8000,0.000236
FILLER_35_580,VGND,li1,273.0100,108.8000,0.000236
FILLER_35_577,VGND,li1,271.6300,108.8000,0.000237
FILLER_35_574,VGND,li1,270.2500,108.8000,0.000237
FILLER_35_559,VGND,li1,262.8900,108.8000,0.000237
FILLER_35_556,VGND,li1,261.9700,108.8000,0.000237
FILLER_35_535,VGND,li1,251.8500,108.8000,0.000236
FILLER_35_532,VGND,li1,250.9300,108.8000,0.000235
FILLER_35_516,VGND,li1,243.5700,108.8000,0.000233
FILLER_35_505,VGND,li1,238.5100,108.8000,0.000232
FILLER_35_499,VGND,li1,235.2900,108.8000,0.000230
FILLER_35_496,VGND,li1,234.3700,108.8000,0.000230
FILLER_35_480,VGND,li1,227.0100,108.8000,0.000226
FILLER_35_459,VGND,li1,217.3500,108.8000,0.000219
FILLER_35_456,VGND,li1,215.9700,108.8000,0.000219
FILLER_35_449,VGND,li1,212.5200,108.8000,0.000214
FILLER_35_445,VGND,li1,210.9100,108.8000,0.000214
FILLER_35_434,VGND,li1,205.6200,108.8000,0.000208
FILLER_35_431,VGND,li1,204.4700,108.8000,0.000205
FILLER_35_404,VGND,li1,191.5900,108.8000,0.000186
FILLER_35_401,VGND,li1,190.6700,108.8000,0.000186
FILLER_35_391,VGND,li1,185.6100,108.8000,0.000175
FILLER_35_374,VGND,li1,178.0200,108.8000,0.000162
FILLER_35_300,VGND,li1,143.9800,108.8000,0.000309
FILLER_35_297,VGND,li1,142.8300,108.8000,0.000309
FILLER_35_281,VGND,li1,135.4700,108.8000,0.000334
FILLER_35_278,VGND,li1,133.8600,108.8000,0.000340
FILLER_35_275,VGND,li1,132.7100,108.8000,0.000340
FILLER_35_259,VGND,li1,125.3500,108.8000,0.000357
FILLER_35_223,VGND,li1,108.3300,108.8000,0.000371
FILLER_35_204,VGND,li1,99.5900,108.8000,0.000367
FILLER_35_201,VGND,li1,98.6700,108.8000,0.000367
FILLER_35_198,VGND,li1,97.2900,108.8000,0.000366
FILLER_35_190,VGND,li1,93.1500,108.8000,0.000363
FILLER_35_187,VGND,li1,92.2300,108.8000,0.000363
FILLER_35_156,VGND,li1,77.7400,108.8000,0.000340
FILLER_35_132,VGND,li1,66.7000,108.8000,0.000318
FILLER_35_123,VGND,li1,62.3300,108.8000,0.000309
FILLER_35_113,VGND,li1,57.7300,108.8000,0.000294
FILLER_35_103,VGND,li1,53.1300,108.8000,0.000284
FILLER_35_90,VGND,li1,47.3800,108.8000,0.000264
FILLER_35_82,VGND,li1,43.4700,108.8000,0.000248
FILLER_35_74,VGND,li1,39.7900,108.8000,0.000232
FILLER_35_3,VGND,li1,7.1300,108.8000,0.000165
FILLER_34_841,VGND,li1,392.6100,103.3600,0.000401
FILLER_34_809,VGND,li1,378.3500,103.3600,0.000387
FILLER_34_792,VGND,li1,370.3000,103.3600,0.000366
FILLER_34_785,VGND,li1,367.0800,103.3600,0.000360
FILLER_34_764,VGND,li1,357.4200,103.3600,0.000328
FILLER_34_749,VGND,li1,350.2900,103.3600,0.000297
FILLER_34_740,VGND,li1,346.1500,103.3600,0.000277
FILLER_34_712,VGND,li1,333.5000,103.3600,0.000200
FILLER_34_699,VGND,li1,327.2900,103.3600,0.000211
FILLER_34_670,VGND,li1,314.1800,103.3600,0.000231
FILLER_34_641,VGND,li1,301.0700,103.3600,0.000240
FILLER_34_638,VGND,li1,299.6900,103.3600,0.000241
FILLER_34_624,VGND,li1,292.7900,103.3600,0.000241
FILLER_34_621,VGND,li1,291.8700,103.3600,0.000241
FILLER_34_610,VGND,li1,286.3500,103.3600,0.000240
FILLER_34_601,VGND,li1,282.6700,103.3600,0.000240
FILLER_34_598,VGND,li1,281.2900,103.3600,0.000240
FILLER_34_587,VGND,li1,275.7700,103.3600,0.000239
FILLER_34_516,VGND,li1,243.5700,103.3600,0.000226
FILLER_34_513,VGND,li1,242.1900,103.3600,0.000226
FILLER_34_503,VGND,li1,237.3600,103.3600,0.000223
FILLER_34_500,VGND,li1,236.2100,103.3600,0.000222
FILLER_34_497,VGND,li1,234.8300,103.3600,0.000222
FILLER_34_483,VGND,li1,227.9300,103.3600,0.000217
FILLER_34_480,VGND,li1,227.0100,103.3600,0.000216
FILLER_34_477,VGND,li1,225.6300,103.3600,0.000216
FILLER_34_475,VGND,li1,224.2500,103.3600,0.000215
FILLER_34_472,VGND,li1,223.3300,103.3600,0.000215
FILLER_34_451,VGND,li1,213.2100,103.3600,0.000207
FILLER_34_448,VGND,li1,212.2900,103.3600,0.000206
FILLER_34_445,VGND,li1,210.9100,103.3600,0.000206
FILLER_34_429,VGND,li1,203.3200,103.3600,0.000196
FILLER_34_426,VGND,li1,202.1700,103.3600,0.000196
FILLER_34_417,VGND,li1,198.0300,103.3600,0.000192
FILLER_34_405,VGND,li1,192.5100,103.3600,0.000185
FILLER_34_402,VGND,li1,191.1300,103.3600,0.000182
FILLER_34_386,VGND,li1,183.3100,103.3600,0.000170
FILLER_34_379,VGND,li1,180.0900,103.3600,0.000165
FILLER_34_347,VGND,li1,165.8300,103.3600,0.000235
FILLER_34_319,VGND,li1,152.4900,103.3600,0.000300
FILLER_34_309,VGND,li1,147.8900,103.3600,0.000323
FILLER_34_286,VGND,li1,137.3100,103.3600,0.000361
FILLER_34_256,VGND,li1,123.7400,103.3600,0.000409
FILLER_34_253,VGND,li1,122.5900,103.3600,0.000409
FILLER_34_249,VGND,li1,120.7500,103.3600,0.000415
FILLER_34_236,VGND,li1,114.3100,103.3600,0.000434
FILLER_34_233,VGND,li1,113.3900,103.3600,0.000439
FILLER_34_224,VGND,li1,109.2500,103.3600,0.000448
FILLER_34_221,VGND,li1,107.8700,103.3600,0.000454
FILLER_34_200,VGND,li1,98.2100,103.3600,0.000473
FILLER_34_197,VGND,li1,96.8300,103.3600,0.000473
FILLER_34_193,VGND,li1,94.9900,103.3600,0.000476
FILLER_34_190,VGND,li1,93.6100,103.3600,0.000480
FILLER_34_159,VGND,li1,79.3500,103.3600,0.000492
FILLER_34_145,VGND,li1,72.4500,103.3600,0.000493
FILLER_34_139,VGND,li1,69.6900,103.3600,0.000481
FILLER_34_109,VGND,li1,55.8900,103.3600,0.000422
FILLER_34_85,VGND,li1,44.8500,103.3600,0.000354
FILLER_34_83,VGND,li1,43.9300,103.3600,0.000340
FILLER_34_67,VGND,li1,37.0300,103.3600,0.000298
FILLER_34_38,VGND,li1,23.2300,103.3600,0.000213
FILLER_34_26,VGND,li1,17.9400,103.3600,0.000216
FILLER_34_3,VGND,li1,7.1300,103.3600,0.000219
FILLER_33_841,VGND,li1,392.6100,103.3600,0.000401
FILLER_33_839,VGND,li1,391.6900,103.3600,0.000401
FILLER_33_819,VGND,li1,382.7200,103.3600,0.000395
FILLER_33_773,VGND,li1,361.7900,103.3600,0.000344
FILLER_33_758,VGND,li1,354.6600,103.3600,0.000310
FILLER_33_717,VGND,li1,336.0300,103.3600,0.000222
FILLER_33_703,VGND,li1,329.5900,103.3600,0.000206
FILLER_33_673,VGND,li1,315.3300,103.3600,0.000229
FILLER_33_661,VGND,li1,309.8100,103.3600,0.000235
FILLER_33_629,VGND,li1,295.0900,103.3600,0.000241
FILLER_33_626,VGND,li1,294.1700,103.3600,0.000241
FILLER_33_623,VGND,li1,292.7900,103.3600,0.000241
FILLER_33_620,VGND,li1,291.4100,103.3600,0.000241
FILLER_33_617,VGND,li1,290.0300,103.3600,0.000241
FILLER_33_609,VGND,li1,286.1200,103.3600,0.000240
FILLER_33_606,VGND,li1,284.9700,103.3600,0.000240
FILLER_33_603,VGND,li1,283.5900,103.3600,0.000240
FILLER_33_595,VGND,li1,279.4500,103.3600,0.000239
FILLER_33_574,VGND,li1,270.2500,103.3600,0.000237
FILLER_33_571,VGND,li1,268.8700,103.3600,0.000237
FILLER_33_561,VGND,li1,264.0400,103.3600,0.000234
FILLER_33_557,VGND,li1,262.4300,103.3600,0.000234
FILLER_33_548,VGND,li1,258.2900,103.3600,0.000232
FILLER_33_545,VGND,li1,256.9100,103.3600,0.000232
FILLER_33_542,VGND,li1,255.5300,103.3600,0.000232
FILLER_33_503,VGND,li1,237.1300,103.3600,0.000223
FILLER_33_500,VGND,li1,236.2100,103.3600,0.000222
FILLER_33_469,VGND,li1,221.9500,103.3600,0.000213
FILLER_33_466,VGND,li1,220.5700,103.3600,0.000212
FILLER_33_463,VGND,li1,219.1900,103.3600,0.000212
FILLER_33_449,VGND,li1,212.2900,103.3600,0.000206
FILLER_33_425,VGND,li1,201.7100,103.3600,0.000196
FILLER_33_422,VGND,li1,200.3300,103.3600,0.000194
FILLER_33_419,VGND,li1,198.9500,103.3600,0.000192
FILLER_33_390,VGND,li1,185.3800,103.3600,0.000173
FILLER_33_370,VGND,li1,176.1800,103.3600,0.000180
FILLER_33_351,VGND,li1,167.2100,103.3600,0.000235
FILLER_33_343,VGND,li1,163.9900,103.3600,0.000244
FILLER_33_329,VGND,li1,157.3200,103.3600,0.000278
FILLER_33_291,VGND,li1,140.0700,103.3600,0.000351
FILLER_33_271,VGND,li1,130.6400,103.3600,0.000383
FILLER_33_252,VGND,li1,122.1300,103.3600,0.000415
FILLER_33_244,VGND,li1,117.9900,103.3600,0.000424
FILLER_33_228,VGND,li1,110.6300,103.3600,0.000443
FILLER_33_225,VGND,li1,109.7100,103.3600,0.000448
FILLER_33_198,VGND,li1,97.0600,103.3600,0.000473
FILLER_33_195,VGND,li1,95.9100,103.3600,0.000476
FILLER_33_192,VGND,li1,94.5300,103.3600,0.000480
FILLER_33_189,VGND,li1,93.1500,103.3600,0.000480
FILLER_33_169,VGND,li1,83.7200,103.3600,0.000491
FILLER_33_97,VGND,li1,50.6000,103.3600,0.000393
FILLER_33_82,VGND,li1,43.7000,103.3600,0.000340
FILLER_33_77,VGND,li1,41.1700,103.3600,0.000323
FILLER_33_66,VGND,li1,36.3400,103.3600,0.000298
FILLER_33_57,VGND,li1,32.2000,103.3600,0.000262
FILLER_33_46,VGND,li1,27.3700,103.3600,0.000230
FILLER_33_3,VGND,li1,7.5900,103.3600,0.000219
FILLER_32_841,VGND,li1,392.6100,97.9200,0.000441
FILLER_32_811,VGND,li1,378.8100,97.9200,0.000433
FILLER_32_789,VGND,li1,368.6900,97.9200,0.000397
FILLER_32_741,VGND,li1,346.8400,97.9200,0.000299
FILLER_32_720,VGND,li1,336.9500,97.9200,0.000230
FILLER_32_717,VGND,li1,336.0300,97.9200,0.000230
FILLER_32_707,VGND,li1,330.9700,97.9200,0.000207
FILLER_32_704,VGND,li1,330.0500,97.9200,0.000207
FILLER_32_701,VGND,li1,328.6700,97.9200,0.000212
FILLER_32_689,VGND,li1,322.9200,97.9200,0.000219
FILLER_32_645,VGND,li1,302.9100,97.9200,0.000231
FILLER_32_643,VGND,li1,301.5300,97.9200,0.000231
FILLER_32_640,VGND,li1,300.6100,97.9200,0.000231
FILLER_32_632,VGND,li1,296.4700,97.9200,0.000232
FILLER_32_620,VGND,li1,291.4100,97.9200,0.000232
FILLER_32_581,VGND,li1,273.2400,97.9200,0.000226
FILLER_32_567,VGND,li1,266.5700,97.9200,0.000223
FILLER_32_564,VGND,li1,265.6500,97.9200,0.000223
FILLER_32_561,VGND,li1,264.2700,97.9200,0.000221
FILLER_32_533,VGND,li1,251.1600,97.9200,0.000213
FILLER_32_501,VGND,li1,236.2100,97.9200,0.000200
FILLER_32_498,VGND,li1,235.2900,97.9200,0.000197
FILLER_32_467,VGND,li1,221.0300,97.9200,0.000184
FILLER_32_461,VGND,li1,217.8100,97.9200,0.000180
FILLER_32_454,VGND,li1,214.8200,97.9200,0.000173
FILLER_32_447,VGND,li1,211.6000,97.9200,0.000170
FILLER_32_444,VGND,li1,210.4500,97.9200,0.000170
FILLER_32_441,VGND,li1,209.0700,97.9200,0.000166
FILLER_32_438,VGND,li1,207.6900,97.9200,0.000166
FILLER_32_431,VGND,li1,204.2400,97.9200,0.000161
FILLER_32_428,VGND,li1,203.0900,97.9200,0.000157
FILLER_32_425,VGND,li1,201.7100,97.9200,0.000157
FILLER_32_421,VGND,li1,199.6400,97.9200,0.000153
FILLER_32_418,VGND,li1,198.2600,97.9200,0.000150
FILLER_32_372,VGND,li1,177.1000,97.9200,0.000129
FILLER_32_365,VGND,li1,173.6500,97.9200,0.000139
FILLER_32_348,VGND,li1,166.2900,97.9200,0.000160
FILLER_32_321,VGND,li1,153.8700,97.9200,0.000198
FILLER_32_301,VGND,li1,144.4400,97.9200,0.000223
FILLER_32_270,VGND,li1,130.4100,97.9200,0.000250
FILLER_32_253,VGND,li1,122.1300,97.9200,0.000258
FILLER_32_251,VGND,li1,121.2100,97.9200,0.000260
FILLER_32_248,VGND,li1,120.2900,97.9200,0.000260
FILLER_32_245,VGND,li1,118.9100,97.9200,0.000262
FILLER_32_242,VGND,li1,117.5300,97.9200,0.000263
FILLER_32_221,VGND,li1,107.8700,97.9200,0.000267
FILLER_32_218,VGND,li1,106.4900,97.9200,0.000267
FILLER_32_197,VGND,li1,96.6000,97.9200,0.000266
FILLER_32_188,VGND,li1,92.6900,97.9200,0.000264
FILLER_32_185,VGND,li1,91.3100,97.9200,0.000264
FILLER_32_171,VGND,li1,84.6400,97.9200,0.000259
FILLER_32_139,VGND,li1,69.6900,97.9200,0.000239
FILLER_32_129,VGND,li1,65.5500,97.9200,0.000231
FILLER_32_115,VGND,li1,58.6500,97.9200,0.000212
FILLER_32_85,VGND,li1,44.8500,97.9200,0.000175
FILLER_32_3,VGND,li1,7.1300,97.9200,0.000114
FILLER_31_841,VGND,li1,392.6100,97.9200,0.000441
FILLER_31_839,VGND,li1,391.6900,97.9200,0.000441
FILLER_31_785,VGND,li1,367.0800,97.9200,0.000397
FILLER_31_753,VGND,li1,352.3600,97.9200,0.000328
FILLER_31_727,VGND,li1,340.1700,97.9200,0.000258
FILLER_31_706,VGND,li1,330.5100,97.9200,0.000207
FILLER_31_692,VGND,li1,324.0700,97.9200,0.000216
FILLER_31_689,VGND,li1,323.1500,97.9200,0.000219
FILLER_31_686,VGND,li1,321.7700,97.9200,0.000219
FILLER_31_671,VGND,li1,314.4100,97.9200,0.000226
FILLER_31_636,VGND,li1,298.7700,97.9200,0.000231
FILLER_31_633,VGND,li1,297.3900,97.9200,0.000232
FILLER_31_617,VGND,li1,290.0300,97.9200,0.000231
FILLER_31_615,VGND,li1,288.6500,97.9200,0.000231
FILLER_31_606,VGND,li1,284.9700,97.9200,0.000230
FILLER_31_603,VGND,li1,283.5900,97.9200,0.000230
FILLER_31_589,VGND,li1,276.6900,97.9200,0.000228
FILLER_31_586,VGND,li1,275.7700,97.9200,0.000227
FILLER_31_583,VGND,li1,274.3900,97.9200,0.000226
FILLER_31_580,VGND,li1,273.0100,97.9200,0.000226
FILLER_31_569,VGND,li1,267.7200,97.9200,0.000224
FILLER_31_559,VGND,li1,262.8900,97.9200,0.000221
FILLER_31_556,VGND,li1,261.9700,97.9200,0.000220
FILLER_31_553,VGND,li1,260.5900,97.9200,0.000220
FILLER_31_508,VGND,li1,239.6600,97.9200,0.000202
FILLER_31_505,VGND,li1,238.5100,97.9200,0.000202
FILLER_31_501,VGND,li1,236.6700,97.9200,0.000200
FILLER_31_498,VGND,li1,235.2900,97.9200,0.000197
FILLER_31_495,VGND,li1,233.9100,97.9200,0.000197
FILLER_31_492,VGND,li1,232.5300,97.9200,0.000195
FILLER_31_489,VGND,li1,231.1500,97.9200,0.000195
FILLER_31_475,VGND,li1,224.2500,97.9200,0.000186
FILLER_31_447,VGND,li1,211.3700,97.9200,0.000170
FILLER_31_444,VGND,li1,210.4500,97.9200,0.000170
FILLER_31_441,VGND,li1,209.0700,97.9200,0.000166
FILLER_31_438,VGND,li1,207.6900,97.9200,0.000166
FILLER_31_423,VGND,li1,200.3300,97.9200,0.000153
FILLER_31_418,VGND,li1,198.4900,97.9200,0.000150
FILLER_31_402,VGND,li1,190.9000,97.9200,0.000139
FILLER_31_393,VGND,li1,186.5300,97.9200,0.000133
FILLER_31_391,VGND,li1,185.6100,97.9200,0.000133
FILLER_31_370,VGND,li1,176.4100,97.9200,0.000129
FILLER_31_320,VGND,li1,153.4100,97.9200,0.000198
FILLER_31_252,VGND,li1,121.9000,97.9200,0.000260
FILLER_31_249,VGND,li1,120.7500,97.9200,0.000260
FILLER_31_246,VGND,li1,119.3700,97.9200,0.000262
FILLER_31_243,VGND,li1,117.9900,97.9200,0.000262
FILLER_31_223,VGND,li1,108.3300,97.9200,0.000267
FILLER_31_220,VGND,li1,107.4100,97.9200,0.000267
FILLER_31_217,VGND,li1,106.0300,97.9200,0.000267
FILLER_31_194,VGND,li1,95.4500,97.9200,0.000265
FILLER_31_191,VGND,li1,94.0700,97.9200,0.000265
FILLER_31_165,VGND,li1,82.1100,97.9200,0.000257
FILLER_31_145,VGND,li1,72.6800,97.9200,0.000243
FILLER_31_117,VGND,li1,59.5700,97.9200,0.000217
FILLER_31_79,VGND,li1,42.3200,97.9200,0.000167
FILLER_31_57,VGND,li1,32.4300,97.9200,0.000134
FILLER_31_55,VGND,li1,31.0500,97.9200,0.000134
FILLER_31_40,VGND,li1,24.3800,97.9200,0.000109
FILLER_31_35,VGND,li1,21.8500,97.9200,0.000110
FILLER_30_813,VGND,li1,379.9600,92.4800,0.000498
FILLER_30_811,VGND,li1,378.8100,92.4800,0.000498
FILLER_30_784,VGND,li1,366.3900,92.4800,0.000461
FILLER_30_701,VGND,li1,328.2100,92.4800,0.000241
FILLER_30_694,VGND,li1,324.9900,92.4800,0.000245
FILLER_30_691,VGND,li1,324.0700,92.4800,0.000249
FILLER_30_688,VGND,li1,322.6900,92.4800,0.000249
FILLER_30_671,VGND,li1,314.4100,92.4800,0.000261
FILLER_30_668,VGND,li1,313.4900,92.4800,0.000261
FILLER_30_661,VGND,li1,310.0400,92.4800,0.000265
FILLER_30_658,VGND,li1,308.8900,92.4800,0.000267
FILLER_30_655,VGND,li1,307.5100,92.4800,0.000267
FILLER_30_648,VGND,li1,304.0600,92.4800,0.000269
FILLER_30_645,VGND,li1,302.9100,92.4800,0.000269
FILLER_30_643,VGND,li1,301.5300,92.4800,0.000270
FILLER_30_640,VGND,li1,300.6100,92.4800,0.000270
FILLER_30_637,VGND,li1,299.2300,92.4800,0.000271
FILLER_30_615,VGND,li1,288.8800,92.4800,0.000268
FILLER_30_612,VGND,li1,287.7300,92.4800,0.000268
FILLER_30_589,VGND,li1,277.1500,92.4800,0.000260
FILLER_30_586,VGND,li1,275.5400,92.4800,0.000260
FILLER_30_583,VGND,li1,274.3900,92.4800,0.000258
FILLER_30_551,VGND,li1,259.6700,92.4800,0.000246
FILLER_30_548,VGND,li1,258.2900,92.4800,0.000246
FILLER_30_545,VGND,li1,256.9100,92.4800,0.000244
FILLER_30_533,VGND,li1,251.3900,92.4800,0.000238
FILLER_30_531,VGND,li1,250.0100,92.4800,0.000238
FILLER_30_528,VGND,li1,249.0900,92.4800,0.000236
FILLER_30_501,VGND,li1,236.2100,92.4800,0.000222
FILLER_30_498,VGND,li1,235.2900,92.4800,0.000222
FILLER_30_495,VGND,li1,233.9100,92.4800,0.000219
FILLER_30_492,VGND,li1,232.5300,92.4800,0.000219
FILLER_30_477,VGND,li1,225.4000,92.4800,0.000210
FILLER_30_474,VGND,li1,224.0200,92.4800,0.000207
FILLER_30_471,VGND,li1,222.8700,92.4800,0.000207
FILLER_30_456,VGND,li1,215.5100,92.4800,0.000197
FILLER_30_453,VGND,li1,214.5900,92.4800,0.000197
FILLER_30_450,VGND,li1,213.2100,92.4800,0.000194
FILLER_30_447,VGND,li1,211.8300,92.4800,0.000191
FILLER_30_444,VGND,li1,210.4500,92.4800,0.000191
FILLER_30_425,VGND,li1,201.7100,92.4800,0.000178
FILLER_30_365,VGND,li1,173.6500,92.4800,0.000153
FILLER_30_268,VGND,li1,129.4900,92.4800,0.000208
FILLER_30_261,VGND,li1,125.8100,92.4800,0.000208
FILLER_30_253,VGND,li1,122.5900,92.4800,0.000206
FILLER_30_251,VGND,li1,121.2100,92.4800,0.000206
FILLER_30_235,VGND,li1,114.3100,92.4800,0.000203
FILLER_30_225,VGND,li1,109.4800,92.4800,0.000200
FILLER_30_222,VGND,li1,108.3300,92.4800,0.000199
FILLER_30_219,VGND,li1,106.9500,92.4800,0.000199
FILLER_30_216,VGND,li1,105.5700,92.4800,0.000197
FILLER_30_197,VGND,li1,96.3700,92.4800,0.000191
FILLER_30_193,VGND,li1,94.9900,92.4800,0.000189
FILLER_30_190,VGND,li1,93.6100,92.4800,0.000189
FILLER_30_173,VGND,li1,85.3300,92.4800,0.000181
FILLER_30_166,VGND,li1,82.5700,92.4800,0.000179
FILLER_30_141,VGND,li1,71.0700,92.4800,0.000166
FILLER_30_138,VGND,li1,69.4600,92.4800,0.000164
FILLER_30_122,VGND,li1,62.3300,92.4800,0.000154
FILLER_30_112,VGND,li1,57.5000,92.4800,0.000142
FILLER_30_85,VGND,li1,45.3100,92.4800,0.000117
FILLER_30_61,VGND,li1,34.2700,92.4800,0.000093
FILLER_30_42,VGND,li1,25.0700,92.4800,0.000069
FILLER_30_18,VGND,li1,14.0300,92.4800,0.000072
FILLER_29_841,VGND,li1,392.6100,92.4800,0.000511
FILLER_29_811,VGND,li1,379.0400,92.4800,0.000498
FILLER_29_785,VGND,li1,367.0800,92.4800,0.000461
FILLER_29_769,VGND,li1,359.4900,92.4800,0.000429
FILLER_29_746,VGND,li1,349.1400,92.4800,0.000355
FILLER_29_733,VGND,li1,342.9300,92.4800,0.000321
FILLER_29_720,VGND,li1,337.4100,92.4800,0.000269
FILLER_29_694,VGND,li1,324.9900,92.4800,0.000245
FILLER_29_679,VGND,li1,318.3200,92.4800,0.000256
FILLER_29_676,VGND,li1,317.1700,92.4800,0.000259
FILLER_29_673,VGND,li1,315.7900,92.4800,0.000259
FILLER_29_671,VGND,li1,314.4100,92.4800,0.000261
FILLER_29_656,VGND,li1,307.7400,92.4800,0.000267
FILLER_29_615,VGND,li1,288.6500,92.4800,0.000268
FILLER_29_595,VGND,li1,279.6800,92.4800,0.000262
FILLER_29_592,VGND,li1,278.5300,92.4800,0.000262
FILLER_29_589,VGND,li1,277.1500,92.4800,0.000260
FILLER_29_586,VGND,li1,275.7700,92.4800,0.000260
FILLER_29_583,VGND,li1,274.3900,92.4800,0.000258
FILLER_29_580,VGND,li1,273.0100,92.4800,0.000258
FILLER_29_577,VGND,li1,271.6300,92.4800,0.000256
FILLER_29_574,VGND,li1,270.2500,92.4800,0.000256
FILLER_29_554,VGND,li1,260.5900,92.4800,0.000248
FILLER_29_551,VGND,li1,259.6700,92.4800,0.000246
FILLER_29_537,VGND,li1,252.7700,92.4800,0.000240
FILLER_29_534,VGND,li1,251.8500,92.4800,0.000240
FILLER_29_531,VGND,li1,250.4700,92.4800,0.000238
FILLER_29_508,VGND,li1,239.4300,92.4800,0.000227
FILLER_29_505,VGND,li1,238.5100,92.4800,0.000224
FILLER_29_503,VGND,li1,237.1300,92.4800,0.000224
FILLER_29_480,VGND,li1,226.5500,92.4800,0.000212
FILLER_29_477,VGND,li1,225.6300,92.4800,0.000210
FILLER_29_474,VGND,li1,224.2500,92.4800,0.000207
FILLER_29_458,VGND,li1,216.8900,92.4800,0.000200
FILLER_29_455,VGND,li1,215.5100,92.4800,0.000197
FILLER_29_452,VGND,li1,214.1300,92.4800,0.000194
FILLER_29_449,VGND,li1,212.7500,92.4800,0.000194
FILLER_29_424,VGND,li1,200.7900,92.4800,0.000175
FILLER_29_410,VGND,li1,194.3500,92.4800,0.000166
FILLER_29_401,VGND,li1,190.6700,92.4800,0.000158
FILLER_29_398,VGND,li1,189.2900,92.4800,0.000158
FILLER_29_393,VGND,li1,186.5300,92.4800,0.000150
FILLER_29_373,VGND,li1,177.7900,92.4800,0.000136
FILLER_29_325,VGND,li1,155.7100,92.4800,0.000188
FILLER_29_275,VGND,li1,132.2500,92.4800,0.000207
FILLER_29_246,VGND,li1,119.3700,92.4800,0.000206
FILLER_29_243,VGND,li1,117.9900,92.4800,0.000204
FILLER_29_240,VGND,li1,116.6100,92.4800,0.000204
FILLER_29_225,VGND,li1,109.4800,92.4800,0.000200
FILLER_29_223,VGND,li1,108.3300,92.4800,0.000199
FILLER_29_220,VGND,li1,107.4100,92.4800,0.000199
FILLER_29_217,VGND,li1,106.0300,92.4800,0.000197
FILLER_29_214,VGND,li1,104.6500,92.4800,0.000197
FILLER_29_191,VGND,li1,93.8400,92.4800,0.000189
FILLER_29_182,VGND,li1,89.4700,92.4800,0.000186
FILLER_29_179,VGND,li1,88.5500,92.4800,0.000184
FILLER_29_176,VGND,li1,87.1700,92.4800,0.000184
FILLER_29_173,VGND,li1,85.7900,92.4800,0.000181
FILLER_29_166,VGND,li1,82.3400,92.4800,0.000179
FILLER_29_147,VGND,li1,73.3700,92.4800,0.000169
FILLER_29_133,VGND,li1,66.9300,92.4800,0.000160
FILLER_29_105,VGND,li1,54.2800,92.4800,0.000136
FILLER_29_100,VGND,li1,51.7500,92.4800,0.000132
FILLER_29_93,VGND,li1,48.9900,92.4800,0.000127
FILLER_29_83,VGND,li1,43.9300,92.4800,0.000117
FILLER_29_57,VGND,li1,32.2000,92.4800,0.000087
FILLER_29_29,VGND,li1,19.0900,92.4800,0.000071
FILLER_29_20,VGND,li1,14.9500,92.4800,0.000072
FILLER_29_12,VGND,li1,11.2700,92.4800,0.000073
FILLER_29_3,VGND,li1,7.1300,92.4800,0.000073
FILLER_28_840,VGND,li1,392.3800,87.0400,0.000331
FILLER_28_754,VGND,li1,352.8200,87.0400,0.000271
FILLER_28_745,VGND,li1,348.6800,87.0400,0.000253
FILLER_28_739,VGND,li1,345.6900,87.0400,0.000241
FILLER_28_701,VGND,li1,328.4400,87.0400,0.000173
FILLER_28_697,VGND,li1,326.8300,87.0400,0.000173
FILLER_28_693,VGND,li1,324.5300,87.0400,0.000174
FILLER_28_673,VGND,li1,315.5600,87.0400,0.000180
FILLER_28_670,VGND,li1,314.4100,87.0400,0.000180
FILLER_28_641,VGND,li1,301.0700,87.0400,0.000182
FILLER_28_638,VGND,li1,299.6900,87.0400,0.000182
FILLER_28_630,VGND,li1,295.5500,87.0400,0.000182
FILLER_28_627,VGND,li1,294.6300,87.0400,0.000182
FILLER_28_605,VGND,li1,284.2800,87.0400,0.000181
FILLER_28_602,VGND,li1,283.1300,87.0400,0.000181
FILLER_28_564,VGND,li1,265.6500,87.0400,0.000174
FILLER_28_561,VGND,li1,264.2700,87.0400,0.000173
FILLER_28_533,VGND,li1,251.1600,87.0400,0.000165
FILLER_28_530,VGND,li1,249.7800,87.0400,0.000164
FILLER_28_515,VGND,li1,242.8800,87.0400,0.000159
FILLER_28_512,VGND,li1,241.7300,87.0400,0.000159
FILLER_28_502,VGND,li1,236.6700,87.0400,0.000153
FILLER_28_499,VGND,li1,235.7500,87.0400,0.000153
FILLER_28_496,VGND,li1,234.3700,87.0400,0.000151
FILLER_28_493,VGND,li1,232.9900,87.0400,0.000151
FILLER_28_483,VGND,li1,227.9300,87.0400,0.000146
FILLER_28_480,VGND,li1,227.0100,87.0400,0.000146
FILLER_28_477,VGND,li1,225.6300,87.0400,0.000144
FILLER_28_474,VGND,li1,224.0200,87.0400,0.000142
FILLER_28_452,VGND,li1,214.1300,87.0400,0.000133
FILLER_28_441,VGND,li1,208.6100,87.0400,0.000126
FILLER_28_421,VGND,li1,199.6400,87.0400,0.000115
FILLER_28_414,VGND,li1,196.1900,87.0400,0.000109
FILLER_28_373,VGND,li1,177.3300,87.0400,0.000078
FILLER_28_309,VGND,li1,148.1200,87.0400,0.000117
FILLER_28_253,VGND,li1,122.1300,87.0400,0.000140
FILLER_28_242,VGND,li1,117.0700,87.0400,0.000142
FILLER_28_239,VGND,li1,116.1500,87.0400,0.000142
FILLER_28_215,VGND,li1,105.1100,87.0400,0.000147
FILLER_28_212,VGND,li1,103.7300,87.0400,0.000147
FILLER_28_200,VGND,li1,98.2100,87.0400,0.000146
FILLER_28_197,VGND,li1,96.8300,87.0400,0.000146
FILLER_28_193,VGND,li1,94.9900,87.0400,0.000145
FILLER_28_190,VGND,li1,93.6100,87.0400,0.000145
FILLER_28_176,VGND,li1,86.7100,87.0400,0.000142
FILLER_28_173,VGND,li1,85.7900,87.0400,0.000141
FILLER_28_170,VGND,li1,84.4100,87.0400,0.000141
FILLER_28_145,VGND,li1,72.4500,87.0400,0.000134
FILLER_28_119,VGND,li1,60.7200,87.0400,0.000126
FILLER_28_85,VGND,li1,45.3100,87.0400,0.000104
FILLER_28_27,VGND,li1,18.1700,87.0400,0.000064
FILLER_28_3,VGND,li1,7.3600,87.0400,0.000065
FILLER_27_841,VGND,li1,392.6100,87.0400,0.000331
FILLER_27_807,VGND,li1,377.2000,87.0400,0.000322
FILLER_27_779,VGND,li1,364.0900,87.0400,0.000302
FILLER_27_727,VGND,li1,340.1700,87.0400,0.000211
FILLER_27_700,VGND,li1,327.7500,87.0400,0.000173
FILLER_27_697,VGND,li1,326.8300,87.0400,0.000173
FILLER_27_694,VGND,li1,325.4500,87.0400,0.000174
FILLER_27_691,VGND,li1,324.0700,87.0400,0.000176
FILLER_27_688,VGND,li1,322.6900,87.0400,0.000176
FILLER_27_685,VGND,li1,321.3100,87.0400,0.000178
FILLER_27_682,VGND,li1,319.9300,87.0400,0.000178
FILLER_27_679,VGND,li1,318.5500,87.0400,0.000179
FILLER_27_676,VGND,li1,317.1700,87.0400,0.000180
FILLER_27_673,VGND,li1,315.7900,87.0400,0.000180
FILLER_27_669,VGND,li1,313.9500,87.0400,0.000180
FILLER_27_661,VGND,li1,309.8100,87.0400,0.000182
FILLER_27_658,VGND,li1,308.8900,87.0400,0.000182
FILLER_27_636,VGND,li1,298.7700,87.0400,0.000182
FILLER_27_633,VGND,li1,297.3900,87.0400,0.000182
FILLER_27_630,VGND,li1,296.0100,87.0400,0.000182
FILLER_27_627,VGND,li1,294.6300,87.0400,0.000182
FILLER_27_624,VGND,li1,293.2500,87.0400,0.000182
FILLER_27_592,VGND,li1,278.3000,87.0400,0.000179
FILLER_27_589,VGND,li1,277.1500,87.0400,0.000179
FILLER_27_580,VGND,li1,272.5500,87.0400,0.000178
FILLER_27_577,VGND,li1,271.6300,87.0400,0.000177
FILLER_27_574,VGND,li1,270.2500,87.0400,0.000177
FILLER_27_564,VGND,li1,265.1900,87.0400,0.000174
FILLER_27_561,VGND,li1,264.2700,87.0400,0.000173
FILLER_27_546,VGND,li1,256.9100,87.0400,0.000169
FILLER_27_543,VGND,li1,255.9900,87.0400,0.000169
FILLER_27_532,VGND,li1,250.9300,87.0400,0.000165
FILLER_27_508,VGND,li1,239.8900,87.0400,0.000157
FILLER_27_505,VGND,li1,238.5100,87.0400,0.000155
FILLER_27_493,VGND,li1,232.7600,87.0400,0.000151
FILLER_27_490,VGND,li1,231.6100,87.0400,0.000149
FILLER_27_474,VGND,li1,224.2500,87.0400,0.000142
FILLER_27_471,VGND,li1,222.8700,87.0400,0.000142
FILLER_27_449,VGND,li1,212.2900,87.0400,0.000131
FILLER_27_447,VGND,li1,211.3700,87.0400,0.000129
FILLER_27_393,VGND,li1,186.5300,87.0400,0.000094
FILLER_27_384,VGND,li1,182.3900,87.0400,0.000087
FILLER_27_321,VGND,li1,153.6400,87.0400,0.000110
FILLER_27_310,VGND,li1,148.5800,87.0400,0.000117
FILLER_27_291,VGND,li1,139.8400,87.0400,0.000126
FILLER_27_281,VGND,li1,135.0100,87.0400,0.000130
FILLER_27_257,VGND,li1,123.9700,87.0400,0.000138
FILLER_27_245,VGND,li1,118.9100,87.0400,0.000141
FILLER_27_242,VGND,li1,117.5300,87.0400,0.000142
FILLER_27_228,VGND,li1,110.6300,87.0400,0.000145
FILLER_27_225,VGND,li1,109.7100,87.0400,0.000145
FILLER_27_223,VGND,li1,108.3300,87.0400,0.000146
FILLER_27_153,VGND,li1,76.3600,87.0400,0.000137
FILLER_27_126,VGND,li1,63.7100,87.0400,0.000127
FILLER_27_104,VGND,li1,53.5900,87.0400,0.000117
FILLER_27_47,VGND,li1,27.3700,87.0400,0.000068
FILLER_27_3,VGND,li1,7.3600,87.0400,0.000065
FILLER_26_818,VGND,li1,382.0300,81.6000,0.000376
FILLER_26_766,VGND,li1,358.1100,81.6000,0.000320
FILLER_26_701,VGND,li1,328.2100,81.6000,0.000225
FILLER_26_699,VGND,li1,327.2900,81.6000,0.000225
FILLER_26_671,VGND,li1,314.6400,81.6000,0.000258
FILLER_26_642,VGND,li1,301.3000,81.6000,0.000284
FILLER_26_639,VGND,li1,300.1500,81.6000,0.000284
FILLER_26_618,VGND,li1,290.4900,81.6000,0.000297
FILLER_26_603,VGND,li1,283.3600,81.6000,0.000304
FILLER_26_589,VGND,li1,276.6900,81.6000,0.000311
FILLER_26_547,VGND,li1,257.6000,81.6000,0.000326
FILLER_26_533,VGND,li1,250.9300,81.6000,0.000330
FILLER_26_523,VGND,li1,246.3300,81.6000,0.000333
FILLER_26_520,VGND,li1,245.4100,81.6000,0.000333
FILLER_26_508,VGND,li1,239.8900,81.6000,0.000317
FILLER_26_505,VGND,li1,238.5100,81.6000,0.000311
FILLER_26_493,VGND,li1,232.9900,81.6000,0.000298
FILLER_26_482,VGND,li1,227.7000,81.6000,0.000277
FILLER_26_461,VGND,li1,218.0400,81.6000,0.000248
FILLER_26_458,VGND,li1,216.8900,81.6000,0.000248
FILLER_26_447,VGND,li1,211.8300,81.6000,0.000231
FILLER_26_375,VGND,li1,178.2500,81.6000,0.000113
FILLER_26_342,VGND,li1,163.0700,81.6000,0.000127
FILLER_26_287,VGND,li1,137.7700,81.6000,0.000138
FILLER_26_277,VGND,li1,133.1700,81.6000,0.000138
FILLER_26_253,VGND,li1,122.5900,81.6000,0.000137
FILLER_26_230,VGND,li1,111.5500,81.6000,0.000134
FILLER_26_227,VGND,li1,110.6300,81.6000,0.000134
FILLER_26_224,VGND,li1,109.2500,81.6000,0.000133
FILLER_26_221,VGND,li1,107.8700,81.6000,0.000133
FILLER_26_197,VGND,li1,96.3700,81.6000,0.000128
FILLER_26_193,VGND,li1,94.9900,81.6000,0.000127
FILLER_26_184,VGND,li1,90.3900,81.6000,0.000124
FILLER_26_175,VGND,li1,86.2500,81.6000,0.000121
FILLER_26_159,VGND,li1,79.3500,81.6000,0.000116
FILLER_26_156,VGND,li1,77.9700,81.6000,0.000116
FILLER_26_139,VGND,li1,69.6900,81.6000,0.000109
FILLER_26_111,VGND,li1,56.8100,81.6000,0.000096
FILLER_26_106,VGND,li1,54.5100,81.6000,0.000093
FILLER_26_99,VGND,li1,51.7500,81.6000,0.000091
FILLER_26_85,VGND,li1,44.8500,81.6000,0.000080
FILLER_26_82,VGND,li1,43.7000,81.6000,0.000080
FILLER_26_47,VGND,li1,27.6000,81.6000,0.000055
FILLER_26_37,VGND,li1,22.7700,81.6000,0.000051
FILLER_26_27,VGND,li1,18.1700,81.6000,0.000052
FILLER_26_11,VGND,li1,11.0400,81.6000,0.000053
FILLER_25_841,VGND,li1,392.6100,81.6000,0.000379
FILLER_25_792,VGND,li1,370.0700,81.6000,0.000354
FILLER_25_785,VGND,li1,367.0800,81.6000,0.000347
FILLER_25_758,VGND,li1,354.4300,81.6000,0.000306
FILLER_25_751,VGND,li1,351.6700,81.6000,0.000290
FILLER_25_733,VGND,li1,342.9300,81.6000,0.000257
FILLER_25_727,VGND,li1,340.1700,81.6000,0.000238
FILLER_25_665,VGND,li1,311.8800,81.6000,0.000267
FILLER_25_646,VGND,li1,302.9100,81.6000,0.000281
FILLER_25_643,VGND,li1,301.9900,81.6000,0.000281
FILLER_25_629,VGND,li1,295.0900,81.6000,0.000291
FILLER_25_620,VGND,li1,291.1800,81.6000,0.000297
FILLER_25_617,VGND,li1,290.0300,81.6000,0.000297
FILLER_25_615,VGND,li1,288.6500,81.6000,0.000299
FILLER_25_612,VGND,li1,287.7300,81.6000,0.000299
FILLER_25_601,VGND,li1,282.6700,81.6000,0.000304
FILLER_25_573,VGND,li1,269.3300,81.6000,0.000317
FILLER_25_564,VGND,li1,265.1900,81.6000,0.000320
FILLER_25_561,VGND,li1,264.2700,81.6000,0.000322
FILLER_25_558,VGND,li1,262.6600,81.6000,0.000322
FILLER_25_555,VGND,li1,261.5100,81.6000,0.000324
FILLER_25_552,VGND,li1,260.1300,81.6000,0.000324
FILLER_25_538,VGND,li1,253.2300,81.6000,0.000329
FILLER_25_535,VGND,li1,252.3100,81.6000,0.000329
FILLER_25_505,VGND,li1,238.0500,81.6000,0.000311
FILLER_25_493,VGND,li1,232.9900,81.6000,0.000298
FILLER_25_474,VGND,li1,224.0200,81.6000,0.000271
FILLER_25_462,VGND,li1,218.7300,81.6000,0.000254
FILLER_25_459,VGND,li1,217.3500,81.6000,0.000248
FILLER_25_456,VGND,li1,215.9700,81.6000,0.000240
FILLER_25_453,VGND,li1,214.5900,81.6000,0.000240
FILLER_25_447,VGND,li1,211.3700,81.6000,0.000231
FILLER_25_436,VGND,li1,206.5400,81.6000,0.000210
FILLER_25_424,VGND,li1,201.0200,81.6000,0.000197
FILLER_25_406,VGND,li1,192.5100,81.6000,0.000164
FILLER_25_337,VGND,li1,161.0000,81.6000,0.000129
FILLER_25_313,VGND,li1,149.9600,81.6000,0.000134
FILLER_25_275,VGND,li1,132.2500,81.6000,0.000138
FILLER_25_258,VGND,li1,124.4300,81.6000,0.000137
FILLER_25_253,VGND,li1,122.5900,81.6000,0.000137
FILLER_25_225,VGND,li1,109.2500,81.6000,0.000133
FILLER_25_200,VGND,li1,97.9800,81.6000,0.000128
FILLER_25_197,VGND,li1,96.8300,81.6000,0.000128
FILLER_25_175,VGND,li1,86.2500,81.6000,0.000121
FILLER_25_172,VGND,li1,85.3300,81.6000,0.000121
FILLER_25_169,VGND,li1,83.9500,81.6000,0.000120
FILLER_25_167,VGND,li1,82.5700,81.6000,0.000120
FILLER_25_157,VGND,li1,78.4300,81.6000,0.000116
FILLER_25_154,VGND,li1,77.0500,81.6000,0.000114
FILLER_25_151,VGND,li1,75.6700,81.6000,0.000114
FILLER_25_135,VGND,li1,68.3100,81.6000,0.000107
FILLER_25_111,VGND,li1,56.8100,81.6000,0.000096
FILLER_25_84,VGND,li1,44.8500,81.6000,0.000080
FILLER_25_75,VGND,li1,40.2500,81.6000,0.000076
FILLER_25_66,VGND,li1,36.3400,81.6000,0.000070
FILLER_25_54,VGND,li1,30.8200,81.6000,0.000058
FILLER_25_26,VGND,li1,18.1700,81.6000,0.000052
FILLER_25_3,VGND,li1,7.1300,81.6000,0.000053
FILLER_24_837,VGND,li1,390.7700,76.1600,0.000209
FILLER_24_811,VGND,li1,378.8100,76.1600,0.000205
FILLER_24_802,VGND,li1,374.6700,76.1600,0.000203
FILLER_24_777,VGND,li1,363.4000,76.1600,0.000186
FILLER_24_732,VGND,li1,342.7000,76.1600,0.000142
FILLER_24_713,VGND,li1,333.9600,76.1600,0.000117
FILLER_24_710,VGND,li1,332.8100,76.1600,0.000117
FILLER_24_707,VGND,li1,331.4300,76.1600,0.000122
FILLER_24_704,VGND,li1,330.0500,76.1600,0.000122
FILLER_24_701,VGND,li1,328.6700,76.1600,0.000126
FILLER_24_693,VGND,li1,324.7600,76.1600,0.000132
FILLER_24_690,VGND,li1,323.6100,76.1600,0.000132
FILLER_24_682,VGND,li1,319.9300,76.1600,0.000137
FILLER_24_667,VGND,li1,313.0300,76.1600,0.000145
FILLER_24_664,VGND,li1,311.6500,76.1600,0.000145
FILLER_24_661,VGND,li1,310.2700,76.1600,0.000147
FILLER_24_658,VGND,li1,308.8900,76.1600,0.000147
FILLER_24_636,VGND,li1,298.3100,76.1600,0.000153
FILLER_24_633,VGND,li1,297.3900,76.1600,0.000153
FILLER_24_592,VGND,li1,278.0700,76.1600,0.000157
FILLER_24_589,VGND,li1,277.1500,76.1600,0.000157
FILLER_24_586,VGND,li1,275.5400,76.1600,0.000157
FILLER_24_583,VGND,li1,274.3900,76.1600,0.000157
FILLER_24_572,VGND,li1,269.1000,76.1600,0.000157
FILLER_24_569,VGND,li1,267.9500,76.1600,0.000156
FILLER_24_566,VGND,li1,266.5700,76.1600,0.000156
FILLER_24_560,VGND,li1,263.3500,76.1600,0.000155
FILLER_24_557,VGND,li1,262.4300,76.1600,0.000155
FILLER_24_536,VGND,li1,252.3100,76.1600,0.000151
FILLER_24_533,VGND,li1,251.3900,76.1600,0.000151
FILLER_24_505,VGND,li1,238.0500,76.1600,0.000143
FILLER_24_486,VGND,li1,229.3100,76.1600,0.000137
FILLER_24_483,VGND,li1,228.3900,76.1600,0.000136
FILLER_24_480,VGND,li1,227.0100,76.1600,0.000134
FILLER_24_477,VGND,li1,225.6300,76.1600,0.000134
FILLER_24_475,VGND,li1,224.2500,76.1600,0.000133
FILLER_24_472,VGND,li1,223.3300,76.1600,0.000133
FILLER_24_456,VGND,li1,215.9700,76.1600,0.000127
FILLER_24_448,VGND,li1,211.8300,76.1600,0.000123
FILLER_24_419,VGND,li1,198.4900,76.1600,0.000109
FILLER_24_393,VGND,li1,186.5300,76.1600,0.000096
FILLER_24_375,VGND,li1,178.2500,76.1600,0.000083
FILLER_24_365,VGND,li1,173.6500,76.1600,0.000091
FILLER_24_342,VGND,li1,163.0700,76.1600,0.000109
FILLER_24_281,VGND,li1,135.4700,76.1600,0.000147
FILLER_24_253,VGND,li1,122.3600,76.1600,0.000157
FILLER_24_222,VGND,li1,107.8700,76.1600,0.000159
FILLER_24_206,VGND,li1,100.9700,76.1600,0.000156
FILLER_24_197,VGND,li1,96.8300,76.1600,0.000151
FILLER_24_131,VGND,li1,66.0100,76.1600,0.000119
FILLER_24_113,VGND,li1,57.9600,76.1600,0.000108
FILLER_24_107,VGND,li1,55.2000,76.1600,0.000105
FILLER_24_101,VGND,li1,52.4400,76.1600,0.000101
FILLER_24_79,VGND,li1,42.0900,76.1600,0.000085
FILLER_24_49,VGND,li1,28.5200,76.1600,0.000061
FILLER_24_29,VGND,li1,19.3200,76.1600,0.000056
FILLER_23_841,VGND,li1,392.6100,76.1600,0.000209
FILLER_23_741,VGND,li1,346.6100,76.1600,0.000155
FILLER_23_732,VGND,li1,342.7000,76.1600,0.000142
FILLER_23_729,VGND,li1,341.5500,76.1600,0.000142
FILLER_23_708,VGND,li1,331.6600,76.1600,0.000122
FILLER_23_705,VGND,li1,330.5100,76.1600,0.000122
FILLER_23_676,VGND,li1,317.1700,76.1600,0.000140
FILLER_23_673,VGND,li1,315.7900,76.1600,0.000142
FILLER_23_646,VGND,li1,303.3700,76.1600,0.000151
FILLER_23_643,VGND,li1,301.9900,76.1600,0.000151
FILLER_23_640,VGND,li1,300.6100,76.1600,0.000152
FILLER_23_637,VGND,li1,299.2300,76.1600,0.000152
FILLER_23_613,VGND,li1,288.1900,76.1600,0.000156
FILLER_23_610,VGND,li1,286.8100,76.1600,0.000156
FILLER_23_583,VGND,li1,273.9300,76.1600,0.000157
FILLER_23_554,VGND,li1,260.5900,76.1600,0.000154
FILLER_23_539,VGND,li1,253.9200,76.1600,0.000152
FILLER_23_530,VGND,li1,249.5500,76.1600,0.000150
FILLER_23_527,VGND,li1,248.6300,76.1600,0.000149
FILLER_23_495,VGND,li1,233.4500,76.1600,0.000140
FILLER_23_484,VGND,li1,228.6200,76.1600,0.000136
FILLER_23_481,VGND,li1,227.4700,76.1600,0.000136
FILLER_23_478,VGND,li1,226.0900,76.1600,0.000134
FILLER_23_428,VGND,li1,202.8600,76.1600,0.000115
FILLER_23_391,VGND,li1,185.6100,76.1600,0.000093
FILLER_23_363,VGND,li1,172.7300,76.1600,0.000091
FILLER_23_350,VGND,li1,166.7500,76.1600,0.000104
FILLER_23_328,VGND,li1,156.6300,76.1600,0.000118
FILLER_23_278,VGND,li1,133.8600,76.1600,0.000147
FILLER_23_263,VGND,li1,126.7300,76.1600,0.000154
FILLER_23_243,VGND,li1,117.5300,76.1600,0.000159
FILLER_23_229,VGND,li1,111.0900,76.1600,0.000159
FILLER_23_225,VGND,li1,109.4800,76.1600,0.000159
FILLER_23_190,VGND,li1,93.6100,76.1600,0.000149
FILLER_23_175,VGND,li1,86.4800,76.1600,0.000142
FILLER_23_172,VGND,li1,85.3300,76.1600,0.000142
FILLER_23_169,VGND,li1,83.9500,76.1600,0.000139
FILLER_23_166,VGND,li1,82.3400,76.1600,0.000139
FILLER_23_158,VGND,li1,78.4300,76.1600,0.000133
FILLER_23_155,VGND,li1,77.5100,76.1600,0.000133
FILLER_23_145,VGND,li1,72.6800,76.1600,0.000127
FILLER_23_142,VGND,li1,71.5300,76.1600,0.000125
FILLER_23_139,VGND,li1,70.1500,76.1600,0.000125
FILLER_23_136,VGND,li1,68.7700,76.1600,0.000122
FILLER_23_126,VGND,li1,63.9400,76.1600,0.000117
FILLER_23_117,VGND,li1,59.5700,76.1600,0.000111
FILLER_23_111,VGND,li1,56.8100,76.1600,0.000105
FILLER_23_83,VGND,li1,44.1600,76.1600,0.000088
FILLER_23_57,VGND,li1,32.4300,76.1600,0.000068
FILLER_23_49,VGND,li1,28.7500,76.1600,0.000061
FILLER_23_32,VGND,li1,20.4700,76.1600,0.000055
FILLER_22_834,VGND,li1,389.6200,70.7200,0.000216
FILLER_22_813,VGND,li1,379.7300,70.7200,0.000215
FILLER_22_811,VGND,li1,378.8100,70.7200,0.000214
FILLER_22_757,VGND,li1,354.2000,70.7200,0.000184
FILLER_22_750,VGND,li1,350.9800,70.7200,0.000179
FILLER_22_733,VGND,li1,343.3900,70.7200,0.000161
FILLER_22_710,VGND,li1,332.5800,70.7200,0.000123
FILLER_22_707,VGND,li1,331.4300,70.7200,0.000127
FILLER_22_704,VGND,li1,330.0500,70.7200,0.000127
FILLER_22_701,VGND,li1,328.6700,70.7200,0.000132
FILLER_22_699,VGND,li1,327.2900,70.7200,0.000132
FILLER_22_689,VGND,li1,323.1500,70.7200,0.000137
FILLER_22_672,VGND,li1,314.8700,70.7200,0.000147
FILLER_22_669,VGND,li1,313.9500,70.7200,0.000149
FILLER_22_666,VGND,li1,312.5700,70.7200,0.000149
FILLER_22_651,VGND,li1,305.6700,70.7200,0.000156
FILLER_22_648,VGND,li1,304.2900,70.7200,0.000156
FILLER_22_645,VGND,li1,302.9100,70.7200,0.000158
FILLER_22_638,VGND,li1,299.2300,70.7200,0.000159
FILLER_22_635,VGND,li1,298.3100,70.7200,0.000160
FILLER_22_632,VGND,li1,296.9300,70.7200,0.000160
FILLER_22_623,VGND,li1,292.5600,70.7200,0.000162
FILLER_22_609,VGND,li1,285.8900,70.7200,0.000165
FILLER_22_606,VGND,li1,284.9700,70.7200,0.000165
FILLER_22_603,VGND,li1,283.5900,70.7200,0.000165
FILLER_22_600,VGND,li1,282.2100,70.7200,0.000166
FILLER_22_597,VGND,li1,280.8300,70.7200,0.000166
FILLER_22_587,VGND,li1,275.7700,70.7200,0.000167
FILLER_22_584,VGND,li1,274.8500,70.7200,0.000167
FILLER_22_581,VGND,li1,273.4700,70.7200,0.000168
FILLER_22_567,VGND,li1,266.5700,70.7200,0.000168
FILLER_22_564,VGND,li1,265.6500,70.7200,0.000168
FILLER_22_561,VGND,li1,264.2700,70.7200,0.000168
FILLER_22_558,VGND,li1,262.8900,70.7200,0.000169
FILLER_22_555,VGND,li1,261.5100,70.7200,0.000169
FILLER_22_552,VGND,li1,260.1300,70.7200,0.000169
FILLER_22_549,VGND,li1,258.7500,70.7200,0.000169
FILLER_22_546,VGND,li1,257.3700,70.7200,0.000169
FILLER_22_529,VGND,li1,249.5500,70.7200,0.000169
FILLER_22_526,VGND,li1,248.1700,70.7200,0.000169
FILLER_22_523,VGND,li1,246.7900,70.7200,0.000168
FILLER_22_507,VGND,li1,239.4300,70.7200,0.000168
FILLER_22_504,VGND,li1,238.0500,70.7200,0.000168
FILLER_22_474,VGND,li1,224.0200,70.7200,0.000165
FILLER_22_452,VGND,li1,213.6700,70.7200,0.000159
FILLER_22_425,VGND,li1,201.7100,70.7200,0.000151
FILLER_22_406,VGND,li1,192.5100,70.7200,0.000143
FILLER_22_385,VGND,li1,183.0800,70.7200,0.000128
FILLER_22_341,VGND,li1,162.8400,70.7200,0.000149
FILLER_22_329,VGND,li1,157.3200,70.7200,0.000161
FILLER_22_238,VGND,li1,115.2300,70.7200,0.000177
FILLER_22_228,VGND,li1,111.0900,70.7200,0.000175
FILLER_22_200,VGND,li1,97.9800,70.7200,0.000166
FILLER_22_197,VGND,li1,96.8300,70.7200,0.000164
FILLER_22_194,VGND,li1,95.2200,70.7200,0.000162
FILLER_22_191,VGND,li1,94.0700,70.7200,0.000162
FILLER_22_176,VGND,li1,86.9400,70.7200,0.000155
FILLER_22_173,VGND,li1,85.7900,70.7200,0.000155
FILLER_22_170,VGND,li1,84.4100,70.7200,0.000153
FILLER_22_167,VGND,li1,83.0300,70.7200,0.000150
FILLER_22_144,VGND,li1,72.4500,70.7200,0.000139
FILLER_22_141,VGND,li1,71.0700,70.7200,0.000135
FILLER_22_138,VGND,li1,69.4600,70.7200,0.000135
FILLER_22_129,VGND,li1,65.0900,70.7200,0.000128
FILLER_22_70,VGND,li1,37.9500,70.7200,0.000086
FILLER_22_44,VGND,li1,26.2200,70.7200,0.000063
FILLER_22_29,VGND,li1,19.3200,70.7200,0.000061
FILLER_22_3,VGND,li1,7.5900,70.7200,0.000062
FILLER_21_841,VGND,li1,392.6100,70.7200,0.000216
FILLER_21_835,VGND,li1,389.8500,70.7200,0.000216
FILLER_21_789,VGND,li1,368.9200,70.7200,0.000207
FILLER_21_752,VGND,li1,351.9000,70.7200,0.000179
FILLER_21_734,VGND,li1,343.3900,70.7200,0.000161
FILLER_21_727,VGND,li1,340.1700,70.7200,0.000148
FILLER_21_724,VGND,li1,339.2500,70.7200,0.000148
FILLER_21_709,VGND,li1,332.1200,70.7200,0.000123
FILLER_21_706,VGND,li1,330.9700,70.7200,0.000127
FILLER_21_692,VGND,li1,324.0700,70.7200,0.000137
FILLER_21_689,VGND,li1,323.1500,70.7200,0.000137
FILLER_21_686,VGND,li1,321.7700,70.7200,0.000141
FILLER_21_683,VGND,li1,320.3900,70.7200,0.000141
FILLER_21_673,VGND,li1,315.7900,70.7200,0.000147
FILLER_21_669,VGND,li1,313.9500,70.7200,0.000149
FILLER_21_666,VGND,li1,312.5700,70.7200,0.000149
FILLER_21_637,VGND,li1,299.0000,70.7200,0.000159
FILLER_21_583,VGND,li1,273.9300,70.7200,0.000167
FILLER_21_564,VGND,li1,265.4200,70.7200,0.000168
FILLER_21_561,VGND,li1,264.2700,70.7200,0.000168
FILLER_21_559,VGND,li1,262.8900,70.7200,0.000169
FILLER_21_556,VGND,li1,261.9700,70.7200,0.000169
FILLER_21_553,VGND,li1,260.5900,70.7200,0.000169
FILLER_21_524,VGND,li1,247.2500,70.7200,0.000168
FILLER_21_521,VGND,li1,245.8700,70.7200,0.000168
FILLER_21_518,VGND,li1,244.4900,70.7200,0.000168
FILLER_21_495,VGND,li1,233.4500,70.7200,0.000167
FILLER_21_481,VGND,li1,227.0100,70.7200,0.000165
FILLER_21_478,VGND,li1,226.0900,70.7200,0.000165
FILLER_21_437,VGND,li1,207.0000,70.7200,0.000154
FILLER_21_337,VGND,li1,161.0000,70.7200,0.000152
FILLER_21_317,VGND,li1,151.8000,70.7200,0.000165
FILLER_21_297,VGND,li1,142.3700,70.7200,0.000176
FILLER_21_288,VGND,li1,138.4600,70.7200,0.000179
FILLER_21_277,VGND,li1,133.6300,70.7200,0.000181
FILLER_21_230,VGND,li1,112.0100,70.7200,0.000175
FILLER_21_225,VGND,li1,109.2500,70.7200,0.000173
FILLER_21_223,VGND,li1,108.3300,70.7200,0.000173
FILLER_21_196,VGND,li1,96.1400,70.7200,0.000164
FILLER_21_193,VGND,li1,94.9900,70.7200,0.000162
FILLER_21_190,VGND,li1,93.6100,70.7200,0.000162
FILLER_21_172,VGND,li1,84.8700,70.7200,0.000153
FILLER_21_169,VGND,li1,83.9500,70.7200,0.000153
FILLER_21_146,VGND,li1,73.3700,70.7200,0.000139
FILLER_21_143,VGND,li1,71.9900,70.7200,0.000139
FILLER_21_140,VGND,li1,70.6100,70.7200,0.000135
FILLER_21_109,VGND,li1,56.3500,70.7200,0.000117
FILLER_21_99,VGND,li1,51.5200,70.7200,0.000108
FILLER_21_83,VGND,li1,43.9300,70.7200,0.000095
FILLER_21_77,VGND,li1,41.4000,70.7200,0.000090
FILLER_21_3,VGND,li1,7.5900,70.7200,0.000062
FILLER_20_841,VGND,li1,392.6100,65.2800,0.000290
FILLER_20_813,VGND,li1,379.9600,65.2800,0.000283
FILLER_20_807,VGND,li1,376.9700,65.2800,0.000280
FILLER_20_786,VGND,li1,367.7700,65.2800,0.000264
FILLER_20_760,VGND,li1,355.5800,65.2800,0.000235
FILLER_20_757,VGND,li1,354.4300,65.2800,0.000228
FILLER_20_687,VGND,li1,321.7700,65.2800,0.000171
FILLER_20_658,VGND,li1,308.6600,65.2800,0.000195
FILLER_20_650,VGND,li1,304.7500,65.2800,0.000203
FILLER_20_642,VGND,li1,301.3000,65.2800,0.000207
FILLER_20_627,VGND,li1,294.4000,65.2800,0.000217
FILLER_20_624,VGND,li1,293.2500,65.2800,0.000217
FILLER_20_600,VGND,li1,282.2100,65.2800,0.000227
FILLER_20_592,VGND,li1,278.3000,65.2800,0.000230
FILLER_20_589,VGND,li1,277.1500,65.2800,0.000232
FILLER_20_587,VGND,li1,275.7700,65.2800,0.000232
FILLER_20_584,VGND,li1,274.8500,65.2800,0.000234
FILLER_20_581,VGND,li1,273.4700,65.2800,0.000234
FILLER_20_567,VGND,li1,266.5700,65.2800,0.000239
FILLER_20_508,VGND,li1,239.6600,65.2800,0.000252
FILLER_20_505,VGND,li1,238.5100,65.2800,0.000252
FILLER_20_502,VGND,li1,237.1300,65.2800,0.000252
FILLER_20_471,VGND,li1,222.4100,65.2800,0.000254
FILLER_20_452,VGND,li1,214.1300,65.2800,0.000253
FILLER_20_421,VGND,li1,199.8700,65.2800,0.000243
FILLER_20_419,VGND,li1,198.4900,65.2800,0.000240
FILLER_20_398,VGND,li1,188.8300,65.2800,0.000221
FILLER_20_362,VGND,li1,172.5000,65.2800,0.000189
FILLER_20_287,VGND,li1,138.2300,65.2800,0.000216
FILLER_20_253,VGND,li1,122.5900,65.2800,0.000210
FILLER_20_250,VGND,li1,120.9800,65.2800,0.000210
FILLER_20_235,VGND,li1,114.0800,65.2800,0.000206
FILLER_20_204,VGND,li1,99.5900,65.2800,0.000191
FILLER_20_194,VGND,li1,95.2200,65.2800,0.000185
FILLER_20_191,VGND,li1,94.0700,65.2800,0.000181
FILLER_20_188,VGND,li1,92.6900,65.2800,0.000181
FILLER_20_173,VGND,li1,85.5600,65.2800,0.000171
FILLER_20_170,VGND,li1,84.4100,65.2800,0.000167
FILLER_20_167,VGND,li1,83.0300,65.2800,0.000167
FILLER_20_137,VGND,li1,69.2300,65.2800,0.000146
FILLER_20_134,VGND,li1,67.8500,65.2800,0.000141
FILLER_20_131,VGND,li1,66.4700,65.2800,0.000141
FILLER_20_93,VGND,li1,48.7600,65.2800,0.000110
FILLER_20_85,VGND,li1,45.0800,65.2800,0.000101
FILLER_20_83,VGND,li1,43.9300,65.2800,0.000101
FILLER_20_57,VGND,li1,31.9700,65.2800,0.000076
FILLER_20_33,VGND,li1,21.1600,65.2800,0.000061
FILLER_20_27,VGND,li1,18.1700,65.2800,0.000062
FILLER_20_7,VGND,li1,9.4300,65.2800,0.000063
FILLER_19_841,VGND,li1,392.6100,65.2800,0.000290
FILLER_19_839,VGND,li1,391.6900,65.2800,0.000290
FILLER_19_817,VGND,li1,381.8000,65.2800,0.000285
FILLER_19_785,VGND,li1,367.0800,65.2800,0.000264
FILLER_19_757,VGND,li1,354.4300,65.2800,0.000228
FILLER_19_754,VGND,li1,353.0500,65.2800,0.000228
FILLER_19_751,VGND,li1,351.6700,65.2800,0.000219
FILLER_19_748,VGND,li1,350.2900,65.2800,0.000219
FILLER_19_734,VGND,li1,343.6200,65.2800,0.000197
FILLER_19_713,VGND,li1,333.9600,65.2800,0.000163
FILLER_19_670,VGND,li1,314.1800,65.2800,0.000188
FILLER_19_667,VGND,li1,313.0300,65.2800,0.000188
FILLER_19_657,VGND,li1,308.4300,65.2800,0.000195
FILLER_19_654,VGND,li1,307.0500,65.2800,0.000200
FILLER_19_651,VGND,li1,305.6700,65.2800,0.000200
FILLER_19_637,VGND,li1,298.7700,65.2800,0.000210
FILLER_19_634,VGND,li1,297.8500,65.2800,0.000213
FILLER_19_631,VGND,li1,296.4700,65.2800,0.000213
FILLER_19_617,VGND,li1,289.5700,65.2800,0.000220
FILLER_19_615,VGND,li1,288.6500,65.2800,0.000222
FILLER_19_612,VGND,li1,287.7300,65.2800,0.000222
FILLER_19_564,VGND,li1,265.1900,65.2800,0.000241
FILLER_19_561,VGND,li1,264.2700,65.2800,0.000242
FILLER_19_558,VGND,li1,262.6600,65.2800,0.000242
FILLER_19_546,VGND,li1,257.3700,65.2800,0.000246
FILLER_19_543,VGND,li1,255.9900,65.2800,0.000246
FILLER_19_540,VGND,li1,254.6100,65.2800,0.000247
FILLER_19_537,VGND,li1,253.2300,65.2800,0.000247
FILLER_19_528,VGND,li1,248.8600,65.2800,0.000249
FILLER_19_520,VGND,li1,245.1800,65.2800,0.000250
FILLER_19_505,VGND,li1,238.0500,65.2800,0.000252
FILLER_19_501,VGND,li1,236.6700,65.2800,0.000252
FILLER_19_481,VGND,li1,227.2400,65.2800,0.000254
FILLER_19_463,VGND,li1,218.7300,65.2800,0.000254
FILLER_19_446,VGND,li1,211.1400,65.2800,0.000252
FILLER_19_434,VGND,li1,205.3900,65.2800,0.000249
FILLER_19_393,VGND,li1,186.9900,65.2800,0.000212
FILLER_19_373,VGND,li1,177.5600,65.2800,0.000175
FILLER_19_364,VGND,li1,173.1900,65.2800,0.000189
FILLER_19_337,VGND,li1,161.0000,65.2800,0.000208
FILLER_19_264,VGND,li1,127.4200,65.2800,0.000213
FILLER_19_233,VGND,li1,113.1600,65.2800,0.000206
FILLER_19_219,VGND,li1,106.4900,65.2800,0.000199
FILLER_19_187,VGND,li1,92.0000,65.2800,0.000179
FILLER_19_175,VGND,li1,86.4800,65.2800,0.000171
FILLER_19_172,VGND,li1,85.3300,65.2800,0.000171
FILLER_19_169,VGND,li1,83.9500,65.2800,0.000167
FILLER_19_113,VGND,li1,57.9600,65.2800,0.000125
FILLER_19_57,VGND,li1,32.2000,65.2800,0.000076
FILLER_19_50,VGND,li1,28.9800,65.2800,0.000071
FILLER_18_831,VGND,li1,388.4700,59.8400,0.000278
FILLER_18_810,VGND,li1,378.5800,59.8400,0.000268
FILLER_18_802,VGND,li1,375.1300,59.8400,0.000259
FILLER_18_778,VGND,li1,363.8600,59.8400,0.000234
FILLER_18_757,VGND,li1,354.4300,59.8400,0.000210
FILLER_18_741,VGND,li1,346.8400,59.8400,0.000188
FILLER_18_738,VGND,li1,345.6900,59.8400,0.000182
FILLER_18_735,VGND,li1,344.3100,59.8400,0.000182
FILLER_18_732,VGND,li1,342.9300,59.8400,0.000176
FILLER_18_729,VGND,li1,341.5500,59.8400,0.000168
FILLER_18_726,VGND,li1,340.1700,59.8400,0.000168
FILLER_18_710,VGND,li1,332.8100,59.8400,0.000142
FILLER_18_707,VGND,li1,331.4300,59.8400,0.000148
FILLER_18_704,VGND,li1,330.0500,59.8400,0.000148
FILLER_18_701,VGND,li1,328.6700,59.8400,0.000153
FILLER_18_697,VGND,li1,326.8300,59.8400,0.000157
FILLER_18_694,VGND,li1,325.4500,59.8400,0.000157
FILLER_18_691,VGND,li1,324.0700,59.8400,0.000161
FILLER_18_672,VGND,li1,314.8700,59.8400,0.000181
FILLER_18_669,VGND,li1,313.9500,59.8400,0.000181
FILLER_18_658,VGND,li1,308.8900,59.8400,0.000193
FILLER_18_643,VGND,li1,301.5300,59.8400,0.000208
FILLER_18_640,VGND,li1,300.6100,59.8400,0.000208
FILLER_18_637,VGND,li1,299.2300,59.8400,0.000213
FILLER_18_634,VGND,li1,297.8500,59.8400,0.000213
FILLER_18_625,VGND,li1,293.4800,59.8400,0.000221
FILLER_18_615,VGND,li1,289.1100,59.8400,0.000228
FILLER_18_595,VGND,li1,279.4500,59.8400,0.000242
FILLER_18_592,VGND,li1,278.5300,59.8400,0.000242
FILLER_18_589,VGND,li1,277.1500,59.8400,0.000245
FILLER_18_578,VGND,li1,271.8600,59.8400,0.000250
FILLER_18_575,VGND,li1,270.7100,59.8400,0.000253
FILLER_18_557,VGND,li1,261.9700,59.8400,0.000261
FILLER_18_533,VGND,li1,251.1600,59.8400,0.000271
FILLER_18_531,VGND,li1,250.0100,59.8400,0.000271
FILLER_18_528,VGND,li1,249.0900,59.8400,0.000272
FILLER_18_525,VGND,li1,247.7100,59.8400,0.000273
FILLER_18_522,VGND,li1,246.3300,59.8400,0.000273
FILLER_18_508,VGND,li1,239.4300,59.8400,0.000277
FILLER_18_498,VGND,li1,235.2900,59.8400,0.000279
FILLER_18_482,VGND,li1,227.9300,59.8400,0.000283
FILLER_18_475,VGND,li1,224.2500,59.8400,0.000284
FILLER_18_459,VGND,li1,216.8900,59.8400,0.000284
FILLER_18_362,VGND,li1,172.5000,59.8400,0.000196
FILLER_18_338,VGND,li1,161.4600,59.8400,0.000212
FILLER_18_318,VGND,li1,152.4900,59.8400,0.000221
FILLER_18_302,VGND,li1,144.6700,59.8400,0.000227
FILLER_18_282,VGND,li1,135.7000,59.8400,0.000227
FILLER_18_243,VGND,li1,117.5300,59.8400,0.000217
FILLER_18_193,VGND,li1,94.9900,59.8400,0.000189
FILLER_18_184,VGND,li1,90.3900,59.8400,0.000180
FILLER_18_169,VGND,li1,83.9500,59.8400,0.000172
FILLER_18_166,VGND,li1,82.5700,59.8400,0.000169
FILLER_18_163,VGND,li1,81.1900,59.8400,0.000166
FILLER_18_160,VGND,li1,79.8100,59.8400,0.000166
FILLER_18_144,VGND,li1,72.4500,59.8400,0.000154
FILLER_18_141,VGND,li1,71.0700,59.8400,0.000150
FILLER_18_134,VGND,li1,67.3900,59.8400,0.000145
FILLER_18_131,VGND,li1,66.4700,59.8400,0.000141
FILLER_18_128,VGND,li1,65.0900,59.8400,0.000141
FILLER_18_125,VGND,li1,63.7100,59.8400,0.000138
FILLER_18_113,VGND,li1,57.9600,59.8400,0.000126
FILLER_18_110,VGND,li1,56.8100,59.8400,0.000126
FILLER_18_102,VGND,li1,53.1300,59.8400,0.000120
FILLER_18_70,VGND,li1,38.4100,59.8400,0.000090
FILLER_18_43,VGND,li1,25.5300,59.8400,0.000061
FILLER_18_18,VGND,li1,14.4900,59.8400,0.000062
FILLER_18_8,VGND,li1,9.4300,59.8400,0.000063
FILLER_18_3,VGND,li1,7.1300,59.8400,0.000063
FILLER_17_841,VGND,li1,392.6100,59.8400,0.000278
FILLER_17_835,VGND,li1,389.8500,59.8400,0.000278
FILLER_17_817,VGND,li1,381.5700,59.8400,0.000270
FILLER_17_808,VGND,li1,377.4300,59.8400,0.000264
FILLER_17_796,VGND,li1,371.9100,59.8400,0.000256
FILLER_17_779,VGND,li1,364.0900,59.8400,0.000239
FILLER_17_776,VGND,li1,363.1700,59.8400,0.000234
FILLER_17_762,VGND,li1,356.2700,59.8400,0.000218
FILLER_17_735,VGND,li1,344.3100,59.8400,0.000182
FILLER_17_729,VGND,li1,341.0900,59.8400,0.000168
FILLER_17_725,VGND,li1,339.7100,59.8400,0.000163
FILLER_17_722,VGND,li1,338.3300,59.8400,0.000163
FILLER_17_719,VGND,li1,336.9500,59.8400,0.000157
FILLER_17_704,VGND,li1,329.8200,59.8400,0.000148
FILLER_17_701,VGND,li1,328.6700,59.8400,0.000153
FILLER_17_698,VGND,li1,327.2900,59.8400,0.000153
FILLER_17_673,VGND,li1,315.3300,59.8400,0.000181
FILLER_17_670,VGND,li1,314.1800,59.8400,0.000181
FILLER_17_667,VGND,li1,313.0300,59.8400,0.000186
FILLER_17_664,VGND,li1,311.6500,59.8400,0.000186
FILLER_17_638,VGND,li1,299.4600,59.8400,0.000213
FILLER_17_623,VGND,li1,292.5600,59.8400,0.000224
FILLER_17_620,VGND,li1,291.4100,59.8400,0.000224
FILLER_17_617,VGND,li1,290.0300,59.8400,0.000228
FILLER_17_615,VGND,li1,288.6500,59.8400,0.000228
FILLER_17_599,VGND,li1,281.2900,59.8400,0.000240
FILLER_17_596,VGND,li1,280.3700,59.8400,0.000240
FILLER_17_582,VGND,li1,273.4700,59.8400,0.000250
FILLER_17_579,VGND,li1,272.5500,59.8400,0.000250
FILLER_17_576,VGND,li1,271.1700,59.8400,0.000253
FILLER_17_573,VGND,li1,269.7900,59.8400,0.000253
FILLER_17_561,VGND,li1,264.2700,59.8400,0.000259
FILLER_17_550,VGND,li1,258.7500,59.8400,0.000265
FILLER_17_547,VGND,li1,257.8300,59.8400,0.000265
FILLER_17_544,VGND,li1,256.4500,59.8400,0.000267
FILLER_17_541,VGND,li1,255.0700,59.8400,0.000267
FILLER_17_534,VGND,li1,251.6200,59.8400,0.000271
FILLER_17_505,VGND,li1,238.5100,59.8400,0.000278
FILLER_17_503,VGND,li1,237.1300,59.8400,0.000278
FILLER_17_494,VGND,li1,232.9900,59.8400,0.000280
FILLER_17_466,VGND,li1,220.3400,59.8400,0.000284
FILLER_17_432,VGND,li1,204.7000,59.8400,0.000271
FILLER_17_399,VGND,li1,189.7500,59.8400,0.000239
FILLER_17_390,VGND,li1,185.3800,59.8400,0.000225
FILLER_17_355,VGND,li1,169.0500,59.8400,0.000202
FILLER_17_333,VGND,li1,159.3900,59.8400,0.000215
FILLER_17_328,VGND,li1,156.6300,59.8400,0.000218
FILLER_17_281,VGND,li1,135.0100,59.8400,0.000227
FILLER_17_273,VGND,li1,131.7900,59.8400,0.000226
FILLER_17_263,VGND,li1,126.9600,59.8400,0.000224
FILLER_17_249,VGND,li1,120.2900,59.8400,0.000219
FILLER_17_223,VGND,li1,108.3300,59.8400,0.000207
FILLER_17_207,VGND,li1,101.4300,59.8400,0.000197
FILLER_17_175,VGND,li1,86.7100,59.8400,0.000177
FILLER_17_172,VGND,li1,85.3300,59.8400,0.000172
FILLER_17_169,VGND,li1,83.9500,59.8400,0.000172
FILLER_17_167,VGND,li1,82.5700,59.8400,0.000169
FILLER_17_164,VGND,li1,81.6500,59.8400,0.000169
FILLER_17_161,VGND,li1,80.2700,59.8400,0.000166
FILLER_17_141,VGND,li1,71.0700,59.8400,0.000150
FILLER_17_130,VGND,li1,65.7800,59.8400,0.000141
FILLER_17_127,VGND,li1,64.6300,59.8400,0.000138
FILLER_17_124,VGND,li1,63.2500,59.8400,0.000138
FILLER_17_116,VGND,li1,59.3400,59.8400,0.000131
FILLER_17_113,VGND,li1,58.1900,59.8400,0.000126
FILLER_17_111,VGND,li1,56.8100,59.8400,0.000126
FILLER_17_108,VGND,li1,55.8900,59.8400,0.000123
FILLER_17_97,VGND,li1,50.6000,59.8400,0.000113
FILLER_17_82,VGND,li1,43.9300,59.8400,0.000102
FILLER_17_57,VGND,li1,32.4300,59.8400,0.000075
FILLER_17_50,VGND,li1,28.9800,59.8400,0.000069
FILLER_17_7,VGND,li1,9.2000,59.8400,0.000063
FILLER_16_841,VGND,li1,392.6100,54.4000,0.000225
FILLER_16_821,VGND,li1,383.4100,54.4000,0.000220
FILLER_16_782,VGND,li1,365.4700,54.4000,0.000191
FILLER_16_760,VGND,li1,355.3500,54.4000,0.000168
FILLER_16_757,VGND,li1,354.4300,54.4000,0.000163
FILLER_16_755,VGND,li1,353.0500,54.4000,0.000159
FILLER_16_752,VGND,li1,352.1300,54.4000,0.000159
FILLER_16_730,VGND,li1,341.7800,54.4000,0.000130
FILLER_16_722,VGND,li1,338.3300,54.4000,0.000125
FILLER_16_704,VGND,li1,329.8200,54.4000,0.000113
FILLER_16_701,VGND,li1,328.6700,54.4000,0.000118
FILLER_16_699,VGND,li1,327.2900,54.4000,0.000118
FILLER_16_677,VGND,li1,317.4000,54.4000,0.000138
FILLER_16_666,VGND,li1,312.5700,54.4000,0.000146
FILLER_16_633,VGND,li1,297.3900,54.4000,0.000173
FILLER_16_592,VGND,li1,278.3000,54.4000,0.000197
FILLER_16_589,VGND,li1,277.1500,54.4000,0.000197
FILLER_16_580,VGND,li1,272.7800,54.4000,0.000201
FILLER_16_560,VGND,li1,263.8100,54.4000,0.000211
FILLER_16_557,VGND,li1,262.4300,54.4000,0.000211
FILLER_16_554,VGND,li1,261.0500,54.4000,0.000213
FILLER_16_539,VGND,li1,253.9200,54.4000,0.000217
FILLER_16_536,VGND,li1,252.7700,54.4000,0.000219
FILLER_16_533,VGND,li1,251.3900,54.4000,0.000219
FILLER_16_483,VGND,li1,228.1600,54.4000,0.000230
FILLER_16_477,VGND,li1,225.4000,54.4000,0.000231
FILLER_16_473,VGND,li1,223.7900,54.4000,0.000231
FILLER_16_442,VGND,li1,209.3000,54.4000,0.000219
FILLER_16_377,VGND,li1,179.4000,54.4000,0.000147
FILLER_16_365,VGND,li1,174.1100,54.4000,0.000160
FILLER_16_363,VGND,li1,172.7300,54.4000,0.000160
FILLER_16_330,VGND,li1,158.0100,54.4000,0.000178
FILLER_16_309,VGND,li1,148.3500,54.4000,0.000184
FILLER_16_300,VGND,li1,143.9800,54.4000,0.000186
FILLER_16_268,VGND,li1,129.4900,54.4000,0.000184
FILLER_16_235,VGND,li1,113.8500,54.4000,0.000179
FILLER_16_197,VGND,li1,96.6000,54.4000,0.000167
FILLER_16_167,VGND,li1,82.8000,54.4000,0.000154
FILLER_16_164,VGND,li1,81.6500,54.4000,0.000151
FILLER_16_161,VGND,li1,80.2700,54.4000,0.000151
FILLER_16_147,VGND,li1,73.3700,54.4000,0.000141
FILLER_16_144,VGND,li1,72.4500,54.4000,0.000141
FILLER_16_141,VGND,li1,71.0700,54.4000,0.000138
FILLER_16_130,VGND,li1,65.5500,54.4000,0.000132
FILLER_16_120,VGND,li1,60.9500,54.4000,0.000123
FILLER_16_117,VGND,li1,60.0300,54.4000,0.000123
FILLER_16_102,VGND,li1,52.9000,54.4000,0.000113
FILLER_16_29,VGND,li1,19.3200,54.4000,0.000060
FILLER_16_3,VGND,li1,7.5900,54.4000,0.000061
FILLER_15_841,VGND,li1,392.6100,54.4000,0.000225
FILLER_15_802,VGND,li1,375.1300,54.4000,0.000209
FILLER_15_788,VGND,li1,368.2300,54.4000,0.000195
FILLER_15_785,VGND,li1,367.3100,54.4000,0.000195
FILLER_15_782,VGND,li1,365.7000,54.4000,0.000191
FILLER_15_760,VGND,li1,355.8100,54.4000,0.000168
FILLER_15_757,VGND,li1,354.4300,54.4000,0.000163
FILLER_15_754,VGND,li1,353.0500,54.4000,0.000159
FILLER_15_751,VGND,li1,351.6700,54.4000,0.000159
FILLER_15_741,VGND,li1,346.6100,54.4000,0.000143
FILLER_15_738,VGND,li1,345.6900,54.4000,0.000143
FILLER_15_725,VGND,li1,339.7100,54.4000,0.000125
FILLER_15_709,VGND,li1,332.3500,54.4000,0.000109
FILLER_15_706,VGND,li1,330.9700,54.4000,0.000113
FILLER_15_687,VGND,li1,322.2300,54.4000,0.000128
FILLER_15_676,VGND,li1,316.9400,54.4000,0.000138
FILLER_15_673,VGND,li1,315.7900,54.4000,0.000142
FILLER_15_670,VGND,li1,314.1800,54.4000,0.000146
FILLER_15_645,VGND,li1,302.6800,54.4000,0.000164
FILLER_15_642,VGND,li1,301.5300,54.4000,0.000164
FILLER_15_639,VGND,li1,300.1500,54.4000,0.000169
FILLER_15_636,VGND,li1,298.7700,54.4000,0.000169
FILLER_15_633,VGND,li1,297.3900,54.4000,0.000173
FILLER_15_630,VGND,li1,296.0100,54.4000,0.000173
FILLER_15_627,VGND,li1,294.6300,54.4000,0.000177
FILLER_15_624,VGND,li1,293.2500,54.4000,0.000177
FILLER_15_598,VGND,li1,280.8300,54.4000,0.000193
FILLER_15_590,VGND,li1,277.1500,54.4000,0.000197
FILLER_15_587,VGND,li1,276.2300,54.4000,0.000199
FILLER_15_559,VGND,li1,262.8900,54.4000,0.000211
FILLER_15_548,VGND,li1,258.0600,54.4000,0.000215
FILLER_15_521,VGND,li1,245.4100,54.4000,0.000222
FILLER_15_463,VGND,li1,218.7300,54.4000,0.000231
FILLER_15_445,VGND,li1,210.9100,54.4000,0.000225
FILLER_15_398,VGND,li1,189.2900,54.4000,0.000178
FILLER_15_354,VGND,li1,168.5900,54.4000,0.000166
FILLER_15_314,VGND,li1,150.1900,54.4000,0.000183
FILLER_15_299,VGND,li1,143.5200,54.4000,0.000186
FILLER_15_279,VGND,li1,134.0900,54.4000,0.000185
FILLER_15_262,VGND,li1,126.2700,54.4000,0.000184
FILLER_15_244,VGND,li1,117.9900,54.4000,0.000181
FILLER_15_238,VGND,li1,115.4600,54.4000,0.000180
FILLER_15_231,VGND,li1,112.0100,54.4000,0.000178
FILLER_15_223,VGND,li1,108.3300,54.4000,0.000176
FILLER_15_180,VGND,li1,89.0100,54.4000,0.000161
FILLER_15_169,VGND,li1,83.7200,54.4000,0.000154
FILLER_15_166,VGND,li1,82.3400,54.4000,0.000154
FILLER_15_147,VGND,li1,73.6000,54.4000,0.000141
FILLER_15_144,VGND,li1,72.4500,54.4000,0.000141
FILLER_15_141,VGND,li1,71.0700,54.4000,0.000138
FILLER_15_138,VGND,li1,69.6900,54.4000,0.000138
FILLER_15_119,VGND,li1,60.4900,54.4000,0.000123
FILLER_15_116,VGND,li1,59.5700,54.4000,0.000123
FILLER_15_113,VGND,li1,58.1900,54.4000,0.000120
FILLER_15_111,VGND,li1,56.8100,54.4000,0.000117
FILLER_15_98,VGND,li1,50.8300,54.4000,0.000107
FILLER_15_83,VGND,li1,44.1600,54.4000,0.000098
FILLER_15_71,VGND,li1,38.8700,54.4000,0.000087
FILLER_15_57,VGND,li1,31.9700,54.4000,0.000072
FILLER_14_840,VGND,li1,392.3800,48.9600,0.000162
FILLER_14_824,VGND,li1,385.0200,48.9600,0.000161
FILLER_14_817,VGND,li1,381.5700,48.9600,0.000159
FILLER_14_799,VGND,li1,373.2900,48.9600,0.000153
FILLER_14_785,VGND,li1,366.8500,48.9600,0.000146
FILLER_14_782,VGND,li1,365.9300,48.9600,0.000146
FILLER_14_779,VGND,li1,364.5500,48.9600,0.000143
FILLER_14_776,VGND,li1,363.1700,48.9600,0.000143
FILLER_14_755,VGND,li1,353.0500,48.9600,0.000130
FILLER_14_752,VGND,li1,352.1300,48.9600,0.000127
FILLER_14_749,VGND,li1,350.7500,48.9600,0.000127
FILLER_14_736,VGND,li1,344.3100,48.9600,0.000117
FILLER_14_733,VGND,li1,343.3900,48.9600,0.000114
FILLER_14_730,VGND,li1,342.0100,48.9600,0.000114
FILLER_14_723,VGND,li1,338.5600,48.9600,0.000108
FILLER_14_698,VGND,li1,327.0600,48.9600,0.000113
FILLER_14_695,VGND,li1,325.9100,48.9600,0.000113
FILLER_14_689,VGND,li1,322.6900,48.9600,0.000124
FILLER_14_686,VGND,li1,321.7700,48.9600,0.000124
FILLER_14_683,VGND,li1,320.3900,48.9600,0.000129
FILLER_14_657,VGND,li1,307.9700,48.9600,0.000162
FILLER_14_654,VGND,li1,307.0500,48.9600,0.000162
FILLER_14_645,VGND,li1,302.4500,48.9600,0.000174
FILLER_14_620,VGND,li1,290.9500,48.9600,0.000202
FILLER_14_617,VGND,li1,290.0300,48.9600,0.000207
FILLER_14_614,VGND,li1,288.6500,48.9600,0.000211
FILLER_14_611,VGND,li1,287.2700,48.9600,0.000211
FILLER_14_600,VGND,li1,281.9800,48.9600,0.000226
FILLER_14_597,VGND,li1,280.8300,48.9600,0.000226
FILLER_14_585,VGND,li1,275.3100,48.9600,0.000239
FILLER_14_574,VGND,li1,270.0200,48.9600,0.000253
FILLER_14_571,VGND,li1,268.8700,48.9600,0.000253
FILLER_14_568,VGND,li1,267.4900,48.9600,0.000258
FILLER_14_565,VGND,li1,266.1100,48.9600,0.000258
FILLER_14_562,VGND,li1,264.7300,48.9600,0.000262
FILLER_14_553,VGND,li1,260.1300,48.9600,0.000272
FILLER_14_550,VGND,li1,259.2100,48.9600,0.000272
FILLER_14_540,VGND,li1,254.6100,48.9600,0.000280
FILLER_14_530,VGND,li1,249.7800,48.9600,0.000291
FILLER_14_499,VGND,li1,235.5200,48.9600,0.000310
FILLER_14_477,VGND,li1,225.4000,48.9600,0.000312
FILLER_14_474,VGND,li1,224.0200,48.9600,0.000310
FILLER_14_446,VGND,li1,211.1400,48.9600,0.000295
FILLER_14_430,VGND,li1,204.0100,48.9600,0.000286
FILLER_14_418,VGND,li1,198.2600,48.9600,0.000277
FILLER_14_349,VGND,li1,166.7500,48.9600,0.000272
FILLER_14_329,VGND,li1,157.5500,48.9600,0.000287
FILLER_14_314,VGND,li1,150.1900,48.9600,0.000298
FILLER_14_305,VGND,li1,146.5100,48.9600,0.000301
FILLER_14_273,VGND,li1,131.3300,48.9600,0.000310
FILLER_14_249,VGND,li1,120.7500,48.9600,0.000311
FILLER_14_234,VGND,li1,113.6200,48.9600,0.000309
FILLER_14_210,VGND,li1,102.3500,48.9600,0.000305
FILLER_14_190,VGND,li1,93.3800,48.9600,0.000302
FILLER_14_176,VGND,li1,86.7100,48.9600,0.000296
FILLER_14_150,VGND,li1,74.9800,48.9600,0.000283
FILLER_14_139,VGND,li1,69.6900,48.9600,0.000273
FILLER_14_136,VGND,li1,68.7700,48.9600,0.000273
FILLER_14_112,VGND,li1,57.7300,48.9600,0.000250
FILLER_14_96,VGND,li1,50.3700,48.9600,0.000227
FILLER_14_93,VGND,li1,48.9900,48.9600,0.000227
FILLER_14_54,VGND,li1,31.0500,48.9600,0.000158
FILLER_14_29,VGND,li1,19.5500,48.9600,0.000131
FILLER_14_3,VGND,li1,7.1300,48.9600,0.000135
FILLER_13_841,VGND,li1,392.6100,48.9600,0.000162
FILLER_13_825,VGND,li1,385.7100,48.9600,0.000161
FILLER_13_797,VGND,li1,372.6000,48.9600,0.000153
FILLER_13_781,VGND,li1,365.4700,48.9600,0.000146
FILLER_13_778,VGND,li1,364.0900,48.9600,0.000143
FILLER_13_749,VGND,li1,350.7500,48.9600,0.000127
FILLER_13_746,VGND,li1,349.3700,48.9600,0.000123
FILLER_13_743,VGND,li1,347.9900,48.9600,0.000123
FILLER_13_729,VGND,li1,341.5500,48.9600,0.000111
FILLER_13_727,VGND,li1,340.1700,48.9600,0.000111
FILLER_13_724,VGND,li1,339.2500,48.9600,0.000108
FILLER_13_721,VGND,li1,337.8700,48.9600,0.000108
FILLER_13_700,VGND,li1,327.9800,48.9600,0.000108
FILLER_13_697,VGND,li1,326.8300,48.9600,0.000113
FILLER_13_694,VGND,li1,325.4500,48.9600,0.000118
FILLER_13_691,VGND,li1,324.0700,48.9600,0.000118
FILLER_13_688,VGND,li1,322.6900,48.9600,0.000124
FILLER_13_685,VGND,li1,321.3100,48.9600,0.000129
FILLER_13_682,VGND,li1,319.9300,48.9600,0.000129
FILLER_13_679,VGND,li1,318.5500,48.9600,0.000136
FILLER_13_676,VGND,li1,317.1700,48.9600,0.000136
FILLER_13_673,VGND,li1,315.7900,48.9600,0.000143
FILLER_13_671,VGND,li1,314.4100,48.9600,0.000143
FILLER_13_655,VGND,li1,307.2800,48.9600,0.000162
FILLER_13_652,VGND,li1,306.1300,48.9600,0.000169
FILLER_13_649,VGND,li1,304.7500,48.9600,0.000169
FILLER_13_646,VGND,li1,303.3700,48.9600,0.000174
FILLER_13_643,VGND,li1,301.9900,48.9600,0.000179
FILLER_13_640,VGND,li1,300.6100,48.9600,0.000179
FILLER_13_630,VGND,li1,295.7800,48.9600,0.000191
FILLER_13_617,VGND,li1,289.5700,48.9600,0.000207
FILLER_13_615,VGND,li1,288.6500,48.9600,0.000211
FILLER_13_612,VGND,li1,287.7300,48.9600,0.000211
FILLER_13_601,VGND,li1,282.4400,48.9600,0.000226
FILLER_13_586,VGND,li1,275.5400,48.9600,0.000239
FILLER_13_567,VGND,li1,266.5700,48.9600,0.000258
FILLER_13_564,VGND,li1,265.6500,48.9600,0.000262
FILLER_13_561,VGND,li1,264.2700,48.9600,0.000262
FILLER_13_557,VGND,li1,262.4300,48.9600,0.000266
FILLER_13_460,VGND,li1,217.5800,48.9600,0.000305
FILLER_13_449,VGND,li1,212.7500,48.9600,0.000298
FILLER_13_437,VGND,li1,207.2300,48.9600,0.000291
FILLER_13_427,VGND,li1,202.1700,48.9600,0.000281
FILLER_13_421,VGND,li1,199.4100,48.9600,0.000277
FILLER_13_393,VGND,li1,186.5300,48.9600,0.000240
FILLER_13_391,VGND,li1,185.6100,48.9600,0.000240
FILLER_13_364,VGND,li1,173.1900,48.9600,0.000241
FILLER_13_329,VGND,li1,157.3200,48.9600,0.000287
FILLER_13_319,VGND,li1,152.4900,48.9600,0.000295
FILLER_13_281,VGND,li1,135.0100,48.9600,0.000309
FILLER_13_273,VGND,li1,131.5600,48.9600,0.000310
FILLER_13_255,VGND,li1,123.0500,48.9600,0.000311
FILLER_13_225,VGND,li1,109.2500,48.9600,0.000308
FILLER_13_193,VGND,li1,94.7600,48.9600,0.000302
FILLER_13_169,VGND,li1,83.7200,48.9600,0.000293
FILLER_13_150,VGND,li1,74.7500,48.9600,0.000283
FILLER_13_140,VGND,li1,70.1500,48.9600,0.000273
FILLER_13_137,VGND,li1,69.2300,48.9600,0.000273
FILLER_13_127,VGND,li1,64.1700,48.9600,0.000264
FILLER_13_124,VGND,li1,63.2500,48.9600,0.000264
FILLER_13_103,VGND,li1,53.1300,48.9600,0.000239
FILLER_13_81,VGND,li1,43.0100,48.9600,0.000210
FILLER_13_39,VGND,li1,23.6900,48.9600,0.000127
FILLER_12_836,VGND,li1,390.5400,43.5200,0.000125
FILLER_12_804,VGND,li1,376.0500,43.5200,0.000119
FILLER_12_788,VGND,li1,368.6900,43.5200,0.000114
FILLER_12_774,VGND,li1,362.2500,43.5200,0.000107
FILLER_12_760,VGND,li1,355.3500,43.5200,0.000101
FILLER_12_757,VGND,li1,354.4300,43.5200,0.000101
FILLER_12_755,VGND,li1,353.0500,43.5200,0.000099
FILLER_12_752,VGND,li1,352.1300,43.5200,0.000097
FILLER_12_749,VGND,li1,350.7500,43.5200,0.000097
FILLER_12_746,VGND,li1,349.3700,43.5200,0.000095
FILLER_12_743,VGND,li1,347.9900,43.5200,0.000095
FILLER_12_713,VGND,li1,333.7300,43.5200,0.000079
FILLER_12_704,VGND,li1,329.5900,43.5200,0.000082
FILLER_12_701,VGND,li1,328.6700,43.5200,0.000086
FILLER_12_699,VGND,li1,327.2900,43.5200,0.000091
FILLER_12_696,VGND,li1,326.3700,43.5200,0.000091
FILLER_12_693,VGND,li1,324.9900,43.5200,0.000096
FILLER_12_683,VGND,li1,319.9300,43.5200,0.000105
FILLER_12_680,VGND,li1,319.0100,43.5200,0.000105
FILLER_12_645,VGND,li1,302.9100,43.5200,0.000139
FILLER_12_642,VGND,li1,301.3000,43.5200,0.000143
FILLER_12_639,VGND,li1,300.1500,43.5200,0.000143
FILLER_12_621,VGND,li1,291.8700,43.5200,0.000159
FILLER_12_607,VGND,li1,284.9700,43.5200,0.000170
FILLER_12_604,VGND,li1,284.0500,43.5200,0.000170
FILLER_12_595,VGND,li1,279.4500,43.5200,0.000177
FILLER_12_592,VGND,li1,278.5300,43.5200,0.000181
FILLER_12_589,VGND,li1,277.1500,43.5200,0.000181
FILLER_12_587,VGND,li1,275.7700,43.5200,0.000183
FILLER_12_584,VGND,li1,274.8500,43.5200,0.000186
FILLER_12_581,VGND,li1,273.4700,43.5200,0.000186
FILLER_12_578,VGND,li1,272.0900,43.5200,0.000190
FILLER_12_561,VGND,li1,263.8100,43.5200,0.000201
FILLER_12_558,VGND,li1,262.8900,43.5200,0.000201
FILLER_12_477,VGND,li1,225.4000,43.5200,0.000202
FILLER_12_474,VGND,li1,224.0200,43.5200,0.000200
FILLER_12_425,VGND,li1,201.4800,43.5200,0.000165
FILLER_12_363,VGND,li1,172.7300,43.5200,0.000130
FILLER_12_340,VGND,li1,162.1500,43.5200,0.000153
FILLER_12_328,VGND,li1,157.0900,43.5200,0.000163
FILLER_12_314,VGND,li1,150.1900,43.5200,0.000174
FILLER_12_291,VGND,li1,139.6100,43.5200,0.000184
FILLER_12_234,VGND,li1,113.3900,43.5200,0.000199
FILLER_12_210,VGND,li1,102.8100,43.5200,0.000201
FILLER_12_193,VGND,li1,94.9900,43.5200,0.000201
FILLER_12_170,VGND,li1,84.4100,43.5200,0.000199
FILLER_12_141,VGND,li1,71.0700,43.5200,0.000193
FILLER_12_138,VGND,li1,69.4600,43.5200,0.000193
FILLER_12_128,VGND,li1,64.8600,43.5200,0.000191
FILLER_12_93,VGND,li1,48.7600,43.5200,0.000160
FILLER_12_85,VGND,li1,44.8500,43.5200,0.000147
FILLER_12_52,VGND,li1,29.9000,43.5200,0.000105
FILLER_12_33,VGND,li1,21.1600,43.5200,0.000094
FILLER_12_3,VGND,li1,7.3600,43.5200,0.000098
FILLER_11_841,VGND,li1,392.6100,43.5200,0.000125
FILLER_11_837,VGND,li1,391.2300,43.5200,0.000125
FILLER_11_827,VGND,li1,386.6300,43.5200,0.000124
FILLER_11_820,VGND,li1,383.1800,43.5200,0.000124
FILLER_11_799,VGND,li1,373.7500,43.5200,0.000118
FILLER_11_791,VGND,li1,369.6100,43.5200,0.000114
FILLER_11_783,VGND,li1,365.9300,43.5200,0.000111
FILLER_11_780,VGND,li1,365.0100,43.5200,0.000111
FILLER_11_774,VGND,li1,361.7900,43.5200,0.000107
FILLER_11_771,VGND,li1,360.8700,43.5200,0.000107
FILLER_11_746,VGND,li1,349.1400,43.5200,0.000095
FILLER_11_743,VGND,li1,347.9900,43.5200,0.000095
FILLER_11_732,VGND,li1,342.9300,43.5200,0.000089
FILLER_11_729,VGND,li1,341.5500,43.5200,0.000087
FILLER_11_726,VGND,li1,339.9400,43.5200,0.000085
FILLER_11_723,VGND,li1,338.7900,43.5200,0.000085
FILLER_11_712,VGND,li1,333.5000,43.5200,0.000079
FILLER_11_703,VGND,li1,329.1300,43.5200,0.000086
FILLER_11_700,VGND,li1,328.2100,43.5200,0.000086
FILLER_11_690,VGND,li1,323.3800,43.5200,0.000096
FILLER_11_663,VGND,li1,310.7300,43.5200,0.000124
FILLER_11_660,VGND,li1,309.8100,43.5200,0.000124
FILLER_11_654,VGND,li1,306.5900,43.5200,0.000130
FILLER_11_651,VGND,li1,305.6700,43.5200,0.000135
FILLER_11_648,VGND,li1,304.2900,43.5200,0.000135
FILLER_11_645,VGND,li1,302.9100,43.5200,0.000139
FILLER_11_636,VGND,li1,298.3100,43.5200,0.000146
FILLER_11_624,VGND,li1,293.2500,43.5200,0.000155
FILLER_11_614,VGND,li1,288.4200,43.5200,0.000164
FILLER_11_571,VGND,li1,268.4100,43.5200,0.000193
FILLER_11_561,VGND,li1,263.8100,43.5200,0.000201
FILLER_11_529,VGND,li1,249.0900,43.5200,0.000217
FILLER_11_502,VGND,li1,236.9000,43.5200,0.000215
FILLER_11_454,VGND,li1,214.8200,43.5200,0.000185
FILLER_11_447,VGND,li1,211.3700,43.5200,0.000182
FILLER_11_435,VGND,li1,206.3100,43.5200,0.000171
FILLER_11_424,VGND,li1,201.0200,43.5200,0.000165
FILLER_11_413,VGND,li1,196.1900,43.5200,0.000153
FILLER_11_398,VGND,li1,189.2900,43.5200,0.000143
FILLER_11_390,VGND,li1,185.3800,43.5200,0.000134
FILLER_11_369,VGND,li1,175.7200,43.5200,0.000121
FILLER_11_351,VGND,li1,167.4400,43.5200,0.000143
FILLER_11_337,VGND,li1,160.7700,43.5200,0.000153
FILLER_11_325,VGND,li1,155.7100,43.5200,0.000163
FILLER_11_293,VGND,li1,140.7600,43.5200,0.000184
FILLER_11_278,VGND,li1,133.8600,43.5200,0.000189
FILLER_11_271,VGND,li1,130.8700,43.5200,0.000191
FILLER_11_222,VGND,li1,108.1000,43.5200,0.000201
FILLER_11_184,VGND,li1,90.8500,43.5200,0.000201
FILLER_11_169,VGND,li1,83.7200,43.5200,0.000199
FILLER_11_129,VGND,li1,65.5500,43.5200,0.000191
FILLER_11_113,VGND,li1,58.1900,43.5200,0.000181
FILLER_11_103,VGND,li1,53.1300,43.5200,0.000169
FILLER_11_100,VGND,li1,52.2100,43.5200,0.000169
FILLER_10_841,VGND,li1,392.6100,38.0800,0.000149
FILLER_10_813,VGND,li1,379.9600,38.0800,0.000142
FILLER_10_804,VGND,li1,375.5900,38.0800,0.000138
FILLER_10_801,VGND,li1,374.6700,38.0800,0.000138
FILLER_10_786,VGND,li1,367.5400,38.0800,0.000130
FILLER_10_783,VGND,li1,366.3900,38.0800,0.000127
FILLER_10_780,VGND,li1,365.0100,38.0800,0.000127
FILLER_10_760,VGND,li1,355.5800,38.0800,0.000117
FILLER_10_757,VGND,li1,354.4300,38.0800,0.000114
FILLER_10_755,VGND,li1,353.0500,38.0800,0.000114
FILLER_10_752,VGND,li1,352.1300,38.0800,0.000111
FILLER_10_727,VGND,li1,340.1700,38.0800,0.000098
FILLER_10_724,VGND,li1,339.2500,38.0800,0.000095
FILLER_10_721,VGND,li1,337.8700,38.0800,0.000095
FILLER_10_718,VGND,li1,336.4900,38.0800,0.000093
FILLER_10_672,VGND,li1,315.3300,38.0800,0.000128
FILLER_10_669,VGND,li1,313.9500,38.0800,0.000133
FILLER_10_666,VGND,li1,312.5700,38.0800,0.000133
FILLER_10_634,VGND,li1,297.6200,38.0800,0.000165
FILLER_10_623,VGND,li1,292.7900,38.0800,0.000177
FILLER_10_620,VGND,li1,291.4100,38.0800,0.000177
FILLER_10_597,VGND,li1,280.6000,38.0800,0.000198
FILLER_10_589,VGND,li1,276.9200,38.0800,0.000208
FILLER_10_586,VGND,li1,275.5400,38.0800,0.000208
FILLER_10_573,VGND,li1,269.7900,38.0800,0.000220
FILLER_10_551,VGND,li1,259.2100,38.0800,0.000238
FILLER_10_505,VGND,li1,238.2800,38.0800,0.000271
FILLER_10_477,VGND,li1,225.4000,38.0800,0.000278
FILLER_10_445,VGND,li1,210.9100,38.0800,0.000266
FILLER_10_438,VGND,li1,207.4600,38.0800,0.000262
FILLER_10_417,VGND,li1,198.0300,38.0800,0.000245
FILLER_10_379,VGND,li1,180.3200,38.0800,0.000179
FILLER_10_365,VGND,li1,174.1100,38.0800,0.000179
FILLER_10_359,VGND,li1,170.8900,38.0800,0.000183
FILLER_10_328,VGND,li1,156.6300,38.0800,0.000199
FILLER_10_309,VGND,li1,147.8900,38.0800,0.000201
FILLER_10_277,VGND,li1,133.4000,38.0800,0.000201
FILLER_10_242,VGND,li1,117.3000,38.0800,0.000195
FILLER_10_214,VGND,li1,104.1900,38.0800,0.000184
FILLER_10_185,VGND,li1,90.8500,38.0800,0.000171
FILLER_10_172,VGND,li1,85.1000,38.0800,0.000164
FILLER_10_162,VGND,li1,80.5000,38.0800,0.000158
FILLER_10_127,VGND,li1,64.1700,38.0800,0.000132
FILLER_10_98,VGND,li1,50.8300,38.0800,0.000111
FILLER_10_95,VGND,li1,49.9100,38.0800,0.000111
FILLER_10_85,VGND,li1,44.8500,38.0800,0.000102
FILLER_10_42,VGND,li1,25.0700,38.0800,0.000062
FILLER_10_29,VGND,li1,19.0900,38.0800,0.000064
FILLER_9_841,VGND,li1,392.6100,38.0800,0.000149
FILLER_9_839,VGND,li1,391.6900,38.0800,0.000149
FILLER_9_819,VGND,li1,382.7200,38.0800,0.000145
FILLER_9_798,VGND,li1,373.0600,38.0800,0.000135
FILLER_9_795,VGND,li1,371.9100,38.0800,0.000135
FILLER_9_785,VGND,li1,366.8500,38.0800,0.000130
FILLER_9_783,VGND,li1,365.9300,38.0800,0.000127
FILLER_9_780,VGND,li1,365.0100,38.0800,0.000127
FILLER_9_777,VGND,li1,363.6300,38.0800,0.000125
FILLER_9_767,VGND,li1,358.5700,38.0800,0.000119
FILLER_9_764,VGND,li1,357.6500,38.0800,0.000119
FILLER_9_750,VGND,li1,350.7500,38.0800,0.000111
FILLER_9_747,VGND,li1,349.8300,38.0800,0.000108
FILLER_9_744,VGND,li1,348.4500,38.0800,0.000108
FILLER_9_735,VGND,li1,343.8500,38.0800,0.000100
FILLER_9_732,VGND,li1,342.9300,38.0800,0.000100
FILLER_9_729,VGND,li1,341.5500,38.0800,0.000098
FILLER_9_726,VGND,li1,339.9400,38.0800,0.000098
FILLER_9_723,VGND,li1,338.7900,38.0800,0.000095
FILLER_9_720,VGND,li1,337.4100,38.0800,0.000093
FILLER_9_717,VGND,li1,336.0300,38.0800,0.000093
FILLER_9_714,VGND,li1,334.6500,38.0800,0.000090
FILLER_9_711,VGND,li1,333.2700,38.0800,0.000087
FILLER_9_708,VGND,li1,331.8900,38.0800,0.000087
FILLER_9_698,VGND,li1,327.0600,38.0800,0.000099
FILLER_9_695,VGND,li1,325.9100,38.0800,0.000105
FILLER_9_692,VGND,li1,324.5300,38.0800,0.000105
FILLER_9_676,VGND,li1,317.1700,38.0800,0.000122
FILLER_9_673,VGND,li1,315.7900,38.0800,0.000128
FILLER_9_670,VGND,li1,314.1800,38.0800,0.000133
FILLER_9_655,VGND,li1,307.2800,38.0800,0.000145
FILLER_9_652,VGND,li1,306.1300,38.0800,0.000150
FILLER_9_649,VGND,li1,304.7500,38.0800,0.000150
FILLER_9_646,VGND,li1,303.3700,38.0800,0.000156
FILLER_9_623,VGND,li1,292.5600,38.0800,0.000177
FILLER_9_620,VGND,li1,291.4100,38.0800,0.000177
FILLER_9_617,VGND,li1,290.0300,38.0800,0.000182
FILLER_9_598,VGND,li1,280.8300,38.0800,0.000198
FILLER_9_595,VGND,li1,279.9100,38.0800,0.000202
FILLER_9_592,VGND,li1,278.5300,38.0800,0.000202
FILLER_9_589,VGND,li1,277.1500,38.0800,0.000208
FILLER_9_586,VGND,li1,275.7700,38.0800,0.000208
FILLER_9_575,VGND,li1,270.7100,38.0800,0.000220
FILLER_9_572,VGND,li1,269.3300,38.0800,0.000220
FILLER_9_569,VGND,li1,267.9500,38.0800,0.000225
FILLER_9_559,VGND,li1,262.8900,38.0800,0.000231
FILLER_9_502,VGND,li1,236.9000,38.0800,0.000271
FILLER_9_493,VGND,li1,232.5300,38.0800,0.000275
FILLER_9_479,VGND,li1,226.0900,38.0800,0.000278
FILLER_9_449,VGND,li1,212.2900,38.0800,0.000269
FILLER_9_393,VGND,li1,186.7600,38.0800,0.000205
FILLER_9_345,VGND,li1,164.4500,38.0800,0.000191
FILLER_9_334,VGND,li1,159.6200,38.0800,0.000196
FILLER_9_294,VGND,li1,141.2200,38.0800,0.000202
FILLER_9_278,VGND,li1,133.8600,38.0800,0.000202
FILLER_9_255,VGND,li1,123.5100,38.0800,0.000198
FILLER_9_222,VGND,li1,108.1000,38.0800,0.000187
FILLER_9_200,VGND,li1,97.7500,38.0800,0.000177
FILLER_9_177,VGND,li1,87.4000,38.0800,0.000167
FILLER_9_169,VGND,li1,83.4900,38.0800,0.000161
FILLER_9_158,VGND,li1,78.6600,38.0800,0.000156
FILLER_9_149,VGND,li1,74.7500,38.0800,0.000148
FILLER_9_126,VGND,li1,63.9400,38.0800,0.000132
FILLER_9_100,VGND,li1,52.2100,38.0800,0.000116
FILLER_9_97,VGND,li1,50.8300,38.0800,0.000111
FILLER_9_94,VGND,li1,49.4500,38.0800,0.000111
FILLER_9_74,VGND,li1,40.0200,38.0800,0.000092
FILLER_9_27,VGND,li1,18.6300,38.0800,0.000064
FILLER_8_840,VGND,li1,392.3800,32.6400,0.000165
FILLER_8_835,VGND,li1,389.8500,32.6400,0.000165
FILLER_8_813,VGND,li1,379.9600,32.6400,0.000159
FILLER_8_810,VGND,li1,378.5800,32.6400,0.000157
FILLER_8_807,VGND,li1,377.4300,32.6400,0.000157
FILLER_8_804,VGND,li1,376.0500,32.6400,0.000154
FILLER_8_801,VGND,li1,374.6700,32.6400,0.000154
FILLER_8_760,VGND,li1,355.8100,32.6400,0.000124
FILLER_8_757,VGND,li1,354.4300,32.6400,0.000120
FILLER_8_741,VGND,li1,346.8400,32.6400,0.000109
FILLER_8_707,VGND,li1,330.9700,32.6400,0.000084
FILLER_8_704,VGND,li1,330.0500,32.6400,0.000084
FILLER_8_701,VGND,li1,328.6700,32.6400,0.000087
FILLER_8_698,VGND,li1,327.0600,32.6400,0.000089
FILLER_8_695,VGND,li1,325.9100,32.6400,0.000089
FILLER_8_674,VGND,li1,316.0200,32.6400,0.000103
FILLER_8_671,VGND,li1,314.8700,32.6400,0.000106
FILLER_8_668,VGND,li1,313.4900,32.6400,0.000108
FILLER_8_665,VGND,li1,312.1100,32.6400,0.000108
FILLER_8_629,VGND,li1,295.3200,32.6400,0.000127
FILLER_8_626,VGND,li1,294.1700,32.6400,0.000129
FILLER_8_623,VGND,li1,292.7900,32.6400,0.000129
FILLER_8_620,VGND,li1,291.4100,32.6400,0.000132
FILLER_8_592,VGND,li1,278.3000,32.6400,0.000143
FILLER_8_589,VGND,li1,277.1500,32.6400,0.000146
FILLER_8_586,VGND,li1,275.5400,32.6400,0.000146
FILLER_8_542,VGND,li1,255.3000,32.6400,0.000162
FILLER_8_504,VGND,li1,237.8200,32.6400,0.000169
FILLER_8_494,VGND,li1,233.2200,32.6400,0.000171
FILLER_8_448,VGND,li1,212.0600,32.6400,0.000167
FILLER_8_442,VGND,li1,209.0700,32.6400,0.000165
FILLER_8_418,VGND,li1,198.2600,32.6400,0.000157
FILLER_8_406,VGND,li1,192.5100,32.6400,0.000150
FILLER_8_336,VGND,li1,160.7700,32.6400,0.000170
FILLER_8_309,VGND,li1,147.8900,32.6400,0.000194
FILLER_8_290,VGND,li1,139.1500,32.6400,0.000200
FILLER_8_268,VGND,li1,129.0300,32.6400,0.000202
FILLER_8_253,VGND,li1,122.3600,32.6400,0.000200
FILLER_8_251,VGND,li1,121.2100,32.6400,0.000200
FILLER_8_235,VGND,li1,114.0800,32.6400,0.000197
FILLER_8_217,VGND,li1,105.5700,32.6400,0.000191
FILLER_8_197,VGND,li1,96.6000,32.6400,0.000184
FILLER_8_182,VGND,li1,89.4700,32.6400,0.000177
FILLER_8_141,VGND,li1,71.0700,32.6400,0.000149
FILLER_8_122,VGND,li1,62.1000,32.6400,0.000136
FILLER_8_103,VGND,li1,53.3600,32.6400,0.000121
FILLER_8_100,VGND,li1,52.2100,32.6400,0.000116
FILLER_8_97,VGND,li1,50.8300,32.6400,0.000116
FILLER_8_85,VGND,li1,45.3100,32.6400,0.000104
FILLER_8_73,VGND,li1,39.5600,32.6400,0.000092
FILLER_8_33,VGND,li1,21.1600,32.6400,0.000060
FILLER_8_26,VGND,li1,17.9400,32.6400,0.000060
FILLER_8_3,VGND,li1,7.1300,32.6400,0.000061
FILLER_7_841,VGND,li1,392.6100,32.6400,0.000165
FILLER_7_833,VGND,li1,388.9300,32.6400,0.000165
FILLER_7_785,VGND,li1,367.3100,32.6400,0.000142
FILLER_7_782,VGND,li1,365.7000,32.6400,0.000139
FILLER_7_779,VGND,li1,364.5500,32.6400,0.000139
FILLER_7_776,VGND,li1,363.1700,32.6400,0.000134
FILLER_7_725,VGND,li1,339.7100,32.6400,0.000092
FILLER_7_722,VGND,li1,338.3300,32.6400,0.000092
FILLER_7_703,VGND,li1,329.5900,32.6400,0.000084
FILLER_7_700,VGND,li1,328.2100,32.6400,0.000087
FILLER_7_697,VGND,li1,326.8300,32.6400,0.000089
FILLER_7_683,VGND,li1,319.9300,32.6400,0.000098
FILLER_7_673,VGND,li1,315.3300,32.6400,0.000106
FILLER_7_669,VGND,li1,313.9500,32.6400,0.000106
FILLER_7_646,VGND,li1,303.3700,32.6400,0.000118
FILLER_7_643,VGND,li1,301.9900,32.6400,0.000121
FILLER_7_640,VGND,li1,300.6100,32.6400,0.000121
FILLER_7_637,VGND,li1,299.2300,32.6400,0.000123
FILLER_7_626,VGND,li1,294.1700,32.6400,0.000129
FILLER_7_623,VGND,li1,292.7900,32.6400,0.000129
FILLER_7_620,VGND,li1,291.4100,32.6400,0.000132
FILLER_7_617,VGND,li1,290.0300,32.6400,0.000132
FILLER_7_601,VGND,li1,282.4400,32.6400,0.000141
FILLER_7_598,VGND,li1,281.2900,32.6400,0.000141
FILLER_7_595,VGND,li1,279.9100,32.6400,0.000143
FILLER_7_592,VGND,li1,278.5300,32.6400,0.000143
FILLER_7_570,VGND,li1,267.9500,32.6400,0.000152
FILLER_7_559,VGND,li1,262.8900,32.6400,0.000157
FILLER_7_523,VGND,li1,246.5600,32.6400,0.000166
FILLER_7_477,VGND,li1,225.1700,32.6400,0.000172
FILLER_7_454,VGND,li1,214.8200,32.6400,0.000168
FILLER_7_389,VGND,li1,185.1500,32.6400,0.000137
FILLER_7_383,VGND,li1,181.9300,32.6400,0.000131
FILLER_7_337,VGND,li1,161.0000,32.6400,0.000170
FILLER_7_309,VGND,li1,148.3500,32.6400,0.000194
FILLER_7_235,VGND,li1,114.0800,32.6400,0.000197
FILLER_7_208,VGND,li1,101.8900,32.6400,0.000189
FILLER_7_184,VGND,li1,90.8500,32.6400,0.000177
FILLER_7_169,VGND,li1,83.7200,32.6400,0.000168
FILLER_7_167,VGND,li1,82.5700,32.6400,0.000168
FILLER_7_156,VGND,li1,77.9700,32.6400,0.000161
FILLER_7_130,VGND,li1,66.0100,32.6400,0.000139
FILLER_7_57,VGND,li1,32.4300,32.6400,0.000079
FILLER_7_45,VGND,li1,26.4500,32.6400,0.000066
FILLER_7_26,VGND,li1,17.9400,32.6400,0.000060
FILLER_7_7,VGND,li1,9.2000,32.6400,0.000061
FILLER_6_841,VGND,li1,392.6100,27.2000,0.000186
FILLER_6_836,VGND,li1,390.3100,27.2000,0.000186
FILLER_6_833,VGND,li1,389.3900,27.2000,0.000186
FILLER_6_813,VGND,li1,379.7300,27.2000,0.000181
FILLER_6_810,VGND,li1,378.5800,27.2000,0.000179
FILLER_6_807,VGND,li1,377.4300,27.2000,0.000179
FILLER_6_804,VGND,li1,376.0500,27.2000,0.000177
FILLER_6_801,VGND,li1,374.6700,27.2000,0.000174
FILLER_6_798,VGND,li1,373.2900,27.2000,0.000174
FILLER_6_785,VGND,li1,366.8500,27.2000,0.000165
FILLER_6_782,VGND,li1,365.9300,27.2000,0.000163
FILLER_6_779,VGND,li1,364.5500,27.2000,0.000163
FILLER_6_776,VGND,li1,363.1700,27.2000,0.000159
FILLER_6_760,VGND,li1,355.8100,27.2000,0.000147
FILLER_6_757,VGND,li1,354.4300,27.2000,0.000147
FILLER_6_753,VGND,li1,352.5900,27.2000,0.000144
FILLER_6_731,VGND,li1,342.2400,27.2000,0.000123
FILLER_6_728,VGND,li1,341.0900,27.2000,0.000123
FILLER_6_714,VGND,li1,334.1900,27.2000,0.000109
FILLER_6_698,VGND,li1,327.0600,27.2000,0.000112
FILLER_6_690,VGND,li1,323.1500,27.2000,0.000117
FILLER_6_671,VGND,li1,314.4100,27.2000,0.000128
FILLER_6_664,VGND,li1,311.4200,27.2000,0.000130
FILLER_6_661,VGND,li1,310.2700,27.2000,0.000132
FILLER_6_658,VGND,li1,308.8900,27.2000,0.000132
FILLER_6_643,VGND,li1,301.5300,27.2000,0.000138
FILLER_6_634,VGND,li1,297.6200,27.2000,0.000141
FILLER_6_617,VGND,li1,290.0300,27.2000,0.000147
FILLER_6_595,VGND,li1,279.4500,27.2000,0.000152
FILLER_6_592,VGND,li1,278.5300,27.2000,0.000153
FILLER_6_589,VGND,li1,277.1500,27.2000,0.000153
FILLER_6_587,VGND,li1,275.7700,27.2000,0.000154
FILLER_6_584,VGND,li1,274.8500,27.2000,0.000154
FILLER_6_573,VGND,li1,269.5600,27.2000,0.000156
FILLER_6_570,VGND,li1,268.4100,27.2000,0.000156
FILLER_6_567,VGND,li1,267.0300,27.2000,0.000157
FILLER_6_525,VGND,li1,247.2500,27.2000,0.000161
FILLER_6_477,VGND,li1,225.4000,27.2000,0.000161
FILLER_6_469,VGND,li1,221.4900,27.2000,0.000160
FILLER_6_451,VGND,li1,213.4400,27.2000,0.000158
FILLER_6_413,VGND,li1,196.1900,27.2000,0.000141
FILLER_6_354,VGND,li1,168.8200,27.2000,0.000130
FILLER_6_330,VGND,li1,157.5500,27.2000,0.000153
FILLER_6_316,VGND,li1,151.1100,27.2000,0.000161
FILLER_6_309,VGND,li1,148.1200,27.2000,0.000165
FILLER_6_253,VGND,li1,122.5900,27.2000,0.000170
FILLER_6_247,VGND,li1,119.3700,27.2000,0.000169
FILLER_6_229,VGND,li1,111.0900,27.2000,0.000164
FILLER_6_224,VGND,li1,108.7900,27.2000,0.000162
FILLER_6_197,VGND,li1,96.3700,27.2000,0.000153
FILLER_6_154,VGND,li1,77.0500,27.2000,0.000132
FILLER_6_123,VGND,li1,62.3300,27.2000,0.000114
FILLER_6_89,VGND,li1,46.9200,27.2000,0.000089
FILLER_6_54,VGND,li1,30.8200,27.2000,0.000059
FILLER_6_39,VGND,li1,23.9200,27.2000,0.000047
FILLER_6_29,VGND,li1,19.0900,27.2000,0.000047
FILLER_6_27,VGND,li1,18.1700,27.2000,0.000047
FILLER_5_841,VGND,li1,392.6100,27.2000,0.000186
FILLER_5_839,VGND,li1,391.6900,27.2000,0.000186
FILLER_5_836,VGND,li1,390.7700,27.2000,0.000186
FILLER_5_809,VGND,li1,378.1200,27.2000,0.000179
FILLER_5_806,VGND,li1,376.9700,27.2000,0.000177
FILLER_5_803,VGND,li1,375.5900,27.2000,0.000177
FILLER_5_757,VGND,li1,354.2000,27.2000,0.000144
FILLER_5_754,VGND,li1,353.0500,27.2000,0.000144
FILLER_5_751,VGND,li1,351.6700,27.2000,0.000141
FILLER_5_748,VGND,li1,350.2900,27.2000,0.000141
FILLER_5_700,VGND,li1,327.7500,27.2000,0.000112
FILLER_5_679,VGND,li1,318.3200,27.2000,0.000123
FILLER_5_671,VGND,li1,314.4100,27.2000,0.000128
FILLER_5_668,VGND,li1,313.4900,27.2000,0.000128
FILLER_5_653,VGND,li1,306.3600,27.2000,0.000134
FILLER_5_650,VGND,li1,305.2100,27.2000,0.000137
FILLER_5_647,VGND,li1,303.8300,27.2000,0.000137
FILLER_5_644,VGND,li1,302.4500,27.2000,0.000138
FILLER_5_641,VGND,li1,301.0700,27.2000,0.000140
FILLER_5_590,VGND,li1,277.1500,27.2000,0.000153
FILLER_5_575,VGND,li1,270.2500,27.2000,0.000156
FILLER_5_572,VGND,li1,269.3300,27.2000,0.000156
FILLER_5_565,VGND,li1,265.8800,27.2000,0.000157
FILLER_5_559,VGND,li1,262.8900,27.2000,0.000158
FILLER_5_529,VGND,li1,249.0900,27.2000,0.000161
FILLER_5_505,VGND,li1,238.2800,27.2000,0.000162
FILLER_5_503,VGND,li1,237.1300,27.2000,0.000162
FILLER_5_497,VGND,li1,234.3700,27.2000,0.000162
FILLER_5_472,VGND,li1,223.1000,27.2000,0.000160
FILLER_5_449,VGND,li1,212.5200,27.2000,0.000156
FILLER_5_447,VGND,li1,211.3700,27.2000,0.000156
FILLER_5_393,VGND,li1,186.7600,27.2000,0.000124
FILLER_5_383,VGND,li1,181.9300,27.2000,0.000115
FILLER_5_372,VGND,li1,177.3300,27.2000,0.000112
FILLER_5_343,VGND,li1,163.5300,27.2000,0.000143
FILLER_5_327,VGND,li1,156.1700,27.2000,0.000153
FILLER_5_306,VGND,li1,146.7400,27.2000,0.000166
FILLER_5_285,VGND,li1,137.3100,27.2000,0.000172
FILLER_5_255,VGND,li1,123.0500,27.2000,0.000170
FILLER_5_229,VGND,li1,111.0900,27.2000,0.000164
FILLER_5_202,VGND,li1,98.6700,27.2000,0.000155
FILLER_5_193,VGND,li1,94.5300,27.2000,0.000150
FILLER_5_182,VGND,li1,89.7000,27.2000,0.000147
FILLER_5_152,VGND,li1,76.1300,27.2000,0.000132
FILLER_5_126,VGND,li1,64.1700,27.2000,0.000116
FILLER_5_100,VGND,li1,52.2100,27.2000,0.000098
FILLER_5_78,VGND,li1,41.6300,27.2000,0.000079
FILLER_5_57,VGND,li1,31.9700,27.2000,0.000062
FILLER_5_48,VGND,li1,27.8300,27.2000,0.000053
FILLER_5_20,VGND,li1,15.4100,27.2000,0.000048
FILLER_5_3,VGND,li1,7.1300,27.2000,0.000048
FILLER_4_840,VGND,li1,392.3800,21.7600,0.000226
FILLER_4_837,VGND,li1,391.2300,21.7600,0.000226
FILLER_4_818,VGND,li1,382.0300,21.7600,0.000219
FILLER_4_809,VGND,li1,378.3500,21.7600,0.000216
FILLER_4_786,VGND,li1,367.7700,21.7600,0.000196
FILLER_4_772,VGND,li1,360.8700,21.7600,0.000181
FILLER_4_760,VGND,li1,355.8100,21.7600,0.000166
FILLER_4_757,VGND,li1,354.4300,21.7600,0.000166
FILLER_4_754,VGND,li1,352.8200,21.7600,0.000160
FILLER_4_751,VGND,li1,351.6700,21.7600,0.000156
FILLER_4_748,VGND,li1,350.2900,21.7600,0.000156
FILLER_4_733,VGND,li1,343.1600,21.7600,0.000136
FILLER_4_730,VGND,li1,342.0100,21.7600,0.000136
FILLER_4_727,VGND,li1,340.6300,21.7600,0.000131
FILLER_4_724,VGND,li1,339.2500,21.7600,0.000126
FILLER_4_721,VGND,li1,337.8700,21.7600,0.000126
FILLER_4_707,VGND,li1,330.9700,21.7600,0.000109
FILLER_4_704,VGND,li1,330.0500,21.7600,0.000115
FILLER_4_701,VGND,li1,328.6700,21.7600,0.000115
FILLER_4_681,VGND,li1,319.0100,21.7600,0.000136
FILLER_4_678,VGND,li1,318.0900,21.7600,0.000140
FILLER_4_675,VGND,li1,316.7100,21.7600,0.000140
FILLER_4_645,VGND,li1,302.9100,21.7600,0.000168
FILLER_4_643,VGND,li1,301.5300,21.7600,0.000173
FILLER_4_640,VGND,li1,300.6100,21.7600,0.000173
FILLER_4_624,VGND,li1,293.2500,21.7600,0.000185
FILLER_4_621,VGND,li1,291.8700,21.7600,0.000190
FILLER_4_618,VGND,li1,290.4900,21.7600,0.000190
FILLER_4_608,VGND,li1,285.6600,21.7600,0.000198
FILLER_4_605,VGND,li1,284.5100,21.7600,0.000202
FILLER_4_602,VGND,li1,283.1300,21.7600,0.000202
FILLER_4_599,VGND,li1,281.7500,21.7600,0.000206
FILLER_4_596,VGND,li1,280.3700,21.7600,0.000206
FILLER_4_577,VGND,li1,271.6300,21.7600,0.000221
FILLER_4_531,VGND,li1,250.0100,21.7600,0.000249
FILLER_4_500,VGND,li1,235.9800,21.7600,0.000262
FILLER_4_482,VGND,li1,227.4700,21.7600,0.000268
FILLER_4_441,VGND,li1,208.6100,21.7600,0.000265
FILLER_4_421,VGND,li1,199.4100,21.7600,0.000251
FILLER_4_365,VGND,li1,173.8800,21.7600,0.000202
FILLER_4_361,VGND,li1,172.2700,21.7600,0.000202
FILLER_4_307,VGND,li1,146.9700,21.7600,0.000246
FILLER_4_278,VGND,li1,134.0900,21.7600,0.000247
FILLER_4_264,VGND,li1,127.1900,21.7600,0.000243
FILLER_4_251,VGND,li1,121.2100,21.7600,0.000240
FILLER_4_228,VGND,li1,111.0900,21.7600,0.000230
FILLER_4_205,VGND,li1,100.0500,21.7600,0.000218
FILLER_4_182,VGND,li1,89.4700,21.7600,0.000204
FILLER_4_166,VGND,li1,82.5700,21.7600,0.000192
FILLER_4_104,VGND,li1,54.0500,21.7600,0.000137
FILLER_4_71,VGND,li1,38.4100,21.7600,0.000101
FILLER_4_44,VGND,li1,25.9900,21.7600,0.000069
FILLER_4_29,VGND,li1,19.3200,21.7600,0.000069
FILLER_4_25,VGND,li1,17.7100,21.7600,0.000070
FILLER_4_3,VGND,li1,7.5900,21.7600,0.000070
FILLER_3_841,VGND,li1,392.6100,21.7600,0.000226
FILLER_3_826,VGND,li1,385.7100,21.7600,0.000224
FILLER_3_823,VGND,li1,384.7900,21.7600,0.000224
FILLER_3_794,VGND,li1,371.2200,21.7600,0.000201
FILLER_3_791,VGND,li1,370.0700,21.7600,0.000201
FILLER_3_788,VGND,li1,368.6900,21.7600,0.000196
FILLER_3_785,VGND,li1,367.3100,21.7600,0.000192
FILLER_3_783,VGND,li1,365.9300,21.7600,0.000192
FILLER_3_760,VGND,li1,355.8100,21.7600,0.000166
FILLER_3_757,VGND,li1,354.4300,21.7600,0.000166
FILLER_3_729,VGND,li1,341.0900,21.7600,0.000131
FILLER_3_726,VGND,li1,339.9400,21.7600,0.000131
FILLER_3_703,VGND,li1,329.1300,21.7600,0.000115
FILLER_3_700,VGND,li1,328.2100,21.7600,0.000119
FILLER_3_697,VGND,li1,326.8300,21.7600,0.000119
FILLER_3_679,VGND,li1,318.3200,21.7600,0.000140
FILLER_3_676,VGND,li1,317.1700,21.7600,0.000140
FILLER_3_673,VGND,li1,315.7900,21.7600,0.000144
FILLER_3_656,VGND,li1,307.9700,21.7600,0.000158
FILLER_3_648,VGND,li1,304.2900,21.7600,0.000168
FILLER_3_627,VGND,li1,294.6300,21.7600,0.000185
FILLER_3_624,VGND,li1,293.2500,21.7600,0.000185
FILLER_3_605,VGND,li1,284.2800,21.7600,0.000202
FILLER_3_602,VGND,li1,283.1300,21.7600,0.000202
FILLER_3_599,VGND,li1,281.7500,21.7600,0.000206
FILLER_3_596,VGND,li1,280.3700,21.7600,0.000206
FILLER_3_574,VGND,li1,270.0200,21.7600,0.000221
FILLER_3_565,VGND,li1,265.6500,21.7600,0.000228
FILLER_3_558,VGND,li1,262.6600,21.7600,0.000234
FILLER_3_551,VGND,li1,259.4400,21.7600,0.000237
FILLER_3_532,VGND,li1,250.4700,21.7600,0.000249
FILLER_3_505,VGND,li1,238.0500,21.7600,0.000260
FILLER_3_449,VGND,li1,212.5200,21.7600,0.000273
FILLER_3_425,VGND,li1,201.7100,21.7600,0.000256
FILLER_3_389,VGND,li1,185.1500,21.7600,0.000208
FILLER_3_364,VGND,li1,173.1900,21.7600,0.000202
FILLER_3_346,VGND,li1,164.9100,21.7600,0.000224
FILLER_3_221,VGND,li1,107.8700,21.7600,0.000227
FILLER_3_196,VGND,li1,95.9100,21.7600,0.000213
FILLER_3_159,VGND,li1,78.8900,21.7600,0.000188
FILLER_3_113,VGND,li1,57.9600,21.7600,0.000145
FILLER_3_106,VGND,li1,54.7400,21.7600,0.000141
FILLER_3_84,VGND,li1,44.8500,21.7600,0.000116
FILLER_3_64,VGND,li1,35.1900,21.7600,0.000096
FILLER_3_34,VGND,li1,21.3900,21.7600,0.000069
FILLER_2_840,VGND,li1,392.3800,16.3200,0.000202
FILLER_2_813,VGND,li1,379.9600,16.3200,0.000199
FILLER_2_809,VGND,li1,378.3500,16.3200,0.000197
FILLER_2_806,VGND,li1,376.9700,16.3200,0.000197
FILLER_2_764,VGND,li1,357.1900,16.3200,0.000175
FILLER_2_755,VGND,li1,353.0500,16.3200,0.000166
FILLER_2_752,VGND,li1,352.1300,16.3200,0.000166
FILLER_2_738,VGND,li1,345.2300,16.3200,0.000153
FILLER_2_735,VGND,li1,344.3100,16.3200,0.000148
FILLER_2_732,VGND,li1,342.9300,16.3200,0.000148
FILLER_2_710,VGND,li1,332.3500,16.3200,0.000122
FILLER_2_707,VGND,li1,331.4300,16.3200,0.000122
FILLER_2_704,VGND,li1,330.0500,16.3200,0.000127
FILLER_2_701,VGND,li1,328.6700,16.3200,0.000132
FILLER_2_689,VGND,li1,322.9200,16.3200,0.000144
FILLER_2_678,VGND,li1,317.8600,16.3200,0.000157
FILLER_2_662,VGND,li1,310.7300,16.3200,0.000173
FILLER_2_648,VGND,li1,303.8300,16.3200,0.000190
FILLER_2_645,VGND,li1,302.9100,16.3200,0.000190
FILLER_2_641,VGND,li1,301.0700,16.3200,0.000193
FILLER_2_633,VGND,li1,296.9300,16.3200,0.000201
FILLER_2_630,VGND,li1,296.0100,16.3200,0.000206
FILLER_2_627,VGND,li1,294.6300,16.3200,0.000206
FILLER_2_618,VGND,li1,290.0300,16.3200,0.000215
FILLER_2_608,VGND,li1,285.4300,16.3200,0.000225
FILLER_2_605,VGND,li1,284.5100,16.3200,0.000225
FILLER_2_602,VGND,li1,283.1300,16.3200,0.000229
FILLER_2_597,VGND,li1,280.3700,16.3200,0.000233
FILLER_2_578,VGND,li1,272.0900,16.3200,0.000249
FILLER_2_571,VGND,li1,268.8700,16.3200,0.000252
FILLER_2_549,VGND,li1,258.2900,16.3200,0.000269
FILLER_2_530,VGND,li1,249.7800,16.3200,0.000279
FILLER_2_477,VGND,li1,225.6300,16.3200,0.000300
FILLER_2_473,VGND,li1,223.7900,16.3200,0.000301
FILLER_2_442,VGND,li1,209.5300,16.3200,0.000299
FILLER_2_365,VGND,li1,174.1100,16.3200,0.000254
FILLER_2_313,VGND,li1,150.1900,16.3200,0.000309
FILLER_2_285,VGND,li1,136.8500,16.3200,0.000315
FILLER_2_278,VGND,li1,134.0900,16.3200,0.000315
FILLER_2_197,VGND,li1,96.3700,16.3200,0.000283
FILLER_2_171,VGND,li1,84.4100,16.3200,0.000262
FILLER_2_154,VGND,li1,76.8200,16.3200,0.000245
FILLER_2_138,VGND,li1,69.4600,16.3200,0.000224
FILLER_2_63,VGND,li1,34.7300,16.3200,0.000120
FILLER_2_49,VGND,li1,28.5200,16.3200,0.000099
FILLER_2_44,VGND,li1,25.9900,16.3200,0.000090
FILLER_2_29,VGND,li1,19.3200,16.3200,0.000092
FILLER_2_3,VGND,li1,7.1300,16.3200,0.000093
FILLER_1_841,VGND,li1,392.6100,16.3200,0.000202
FILLER_1_837,VGND,li1,391.2300,16.3200,0.000202
FILLER_1_834,VGND,li1,389.8500,16.3200,0.000202
FILLER_1_807,VGND,li1,376.9700,16.3200,0.000197
FILLER_1_783,VGND,li1,365.9300,16.3200,0.000186
FILLER_1_741,VGND,li1,346.8400,16.3200,0.000153
FILLER_1_738,VGND,li1,345.6900,16.3200,0.000153
FILLER_1_725,VGND,li1,339.7100,16.3200,0.000139
FILLER_1_722,VGND,li1,338.3300,16.3200,0.000139
FILLER_1_707,VGND,li1,331.2000,16.3200,0.000127
FILLER_1_701,VGND,li1,328.2100,16.3200,0.000132
FILLER_1_691,VGND,li1,323.6100,16.3200,0.000144
FILLER_1_676,VGND,li1,316.9400,16.3200,0.000162
FILLER_1_673,VGND,li1,315.7900,16.3200,0.000162
FILLER_1_669,VGND,li1,313.9500,16.3200,0.000166
FILLER_1_639,VGND,li1,300.1500,16.3200,0.000198
FILLER_1_636,VGND,li1,298.7700,16.3200,0.000198
FILLER_1_620,VGND,li1,291.1800,16.3200,0.000215
FILLER_1_617,VGND,li1,290.0300,16.3200,0.000215
FILLER_1_600,VGND,li1,282.2100,16.3200,0.000229
FILLER_1_579,VGND,li1,272.5500,16.3200,0.000249
FILLER_1_509,VGND,li1,239.8900,16.3200,0.000288
FILLER_1_502,VGND,li1,236.9000,16.3200,0.000292
FILLER_1_476,VGND,li1,224.7100,16.3200,0.000301
FILLER_1_449,VGND,li1,212.5200,16.3200,0.000303
FILLER_1_446,VGND,li1,211.1400,16.3200,0.000303
FILLER_1_393,VGND,li1,186.7600,16.3200,0.000254
FILLER_1_376,VGND,li1,178.7100,16.3200,0.000225
FILLER_1_286,VGND,li1,137.3100,16.3200,0.000315
FILLER_1_281,VGND,li1,135.0100,16.3200,0.000315
FILLER_1_278,VGND,li1,133.8600,16.3200,0.000315
FILLER_1_262,VGND,li1,126.7300,16.3200,0.000313
FILLER_1_235,VGND,li1,113.8500,16.3200,0.000304
FILLER_1_223,VGND,li1,108.3300,16.3200,0.000299
FILLER_1_207,VGND,li1,101.4300,16.3200,0.000292
FILLER_1_169,VGND,li1,83.4900,16.3200,0.000257
FILLER_1_126,VGND,li1,64.1700,16.3200,0.000213
FILLER_1_93,VGND,li1,48.5300,16.3200,0.000165
FILLER_1_81,VGND,li1,43.0100,16.3200,0.000152
FILLER_1_63,VGND,li1,34.7300,16.3200,0.000120
FILLER_1_37,VGND,li1,22.7700,16.3200,0.000091
FILLER_1_3,VGND,li1,7.5900,16.3200,0.000093
FILLER_0_841,VGND,li1,392.6100,10.8800,0.000091
FILLER_0_839,VGND,li1,391.6900,10.8800,0.000091
FILLER_0_804,VGND,li1,376.0500,10.8800,0.000086
FILLER_0_801,VGND,li1,374.6700,10.8800,0.000086
FILLER_0_785,VGND,li1,367.3100,10.8800,0.000082
FILLER_0_782,VGND,li1,365.7000,10.8800,0.000081
FILLER_0_779,VGND,li1,364.5500,10.8800,0.000081
FILLER_0_760,VGND,li1,355.8100,10.8800,0.000075
FILLER_0_757,VGND,li1,354.4300,10.8800,0.000073
FILLER_0_753,VGND,li1,352.5900,10.8800,0.000071
FILLER_0_750,VGND,li1,351.2100,10.8800,0.000071
FILLER_0_732,VGND,li1,342.7000,10.8800,0.000064
FILLER_0_729,VGND,li1,341.5500,10.8800,0.000062
FILLER_0_719,VGND,li1,336.7200,10.8800,0.000057
FILLER_0_716,VGND,li1,335.5700,10.8800,0.000057
FILLER_0_708,VGND,li1,331.8900,10.8800,0.000053
FILLER_0_698,VGND,li1,327.0600,10.8800,0.000059
FILLER_0_682,VGND,li1,319.9300,10.8800,0.000067
FILLER_0_679,VGND,li1,318.5500,10.8800,0.000070
FILLER_0_676,VGND,li1,317.1700,10.8800,0.000070
FILLER_0_673,VGND,li1,315.7900,10.8800,0.000074
FILLER_0_671,VGND,li1,314.4100,10.8800,0.000074
FILLER_0_661,VGND,li1,310.2700,10.8800,0.000078
FILLER_0_652,VGND,li1,305.9000,10.8800,0.000083
FILLER_0_642,VGND,li1,301.3000,10.8800,0.000087
FILLER_0_639,VGND,li1,300.1500,10.8800,0.000089
FILLER_0_636,VGND,li1,298.7700,10.8800,0.000089
FILLER_0_625,VGND,li1,293.2500,10.8800,0.000094
FILLER_0_617,VGND,li1,289.5700,10.8800,0.000098
FILLER_0_614,VGND,li1,288.4200,10.8800,0.000098
FILLER_0_602,VGND,li1,282.6700,10.8800,0.000101
FILLER_0_579,VGND,li1,272.0900,10.8800,0.000106
FILLER_0_561,VGND,li1,263.8100,10.8800,0.000107
FILLER_0_551,VGND,li1,259.4400,10.8800,0.000108
FILLER_0_501,VGND,li1,236.6700,10.8800,0.000109
FILLER_0_482,VGND,li1,227.9300,10.8800,0.000108
FILLER_0_469,VGND,li1,221.7200,10.8800,0.000106
FILLER_0_449,VGND,li1,212.7500,10.8800,0.000101
FILLER_0_446,VGND,li1,211.1400,10.8800,0.000101
FILLER_0_421,VGND,li1,199.4100,10.8800,0.000093
FILLER_0_414,VGND,li1,196.4200,10.8800,0.000091
FILLER_0_318,VGND,li1,152.0300,10.8800,0.000096
FILLER_0_253,VGND,li1,122.1300,10.8800,0.000107
FILLER_0_250,VGND,li1,120.9800,10.8800,0.000108
FILLER_0_238,VGND,li1,115.2300,10.8800,0.000108
FILLER_0_183,VGND,li1,89.9300,10.8800,0.000101
FILLER_0_169,VGND,li1,83.4900,10.8800,0.000096
FILLER_0_121,VGND,li1,61.6400,10.8800,0.000077
FILLER_0_115,VGND,li1,58.6500,10.8800,0.000075
FILLER_0_107,VGND,li1,54.9700,10.8800,0.000070
FILLER_0_83,VGND,li1,43.9300,10.8800,0.000060
FILLER_0_72,VGND,li1,38.8700,10.8800,0.000054
FILLER_0_42,VGND,li1,25.0700,10.8800,0.000038
ANTENNA_182,VGND,li1,168.3600,174.0800,0.000149
ANTENNA_181,VGND,li1,56.1200,233.9200,0.000190
ANTENNA_180,VGND,li1,38.1800,255.6800,0.000234
ANTENNA_179,VGND,li1,126.9600,212.1600,0.000243
ANTENNA_178,VGND,li1,97.0600,70.7200,0.000164
ANTENNA_177,VGND,li1,83.7200,157.7600,0.000189
ANTENNA_176,VGND,li1,187.2200,92.4800,0.000154
ANTENNA_175,VGND,li1,177.5600,81.6000,0.000113
ANTENNA_174,VGND,li1,197.3400,97.9200,0.000150
ANTENNA_173,VGND,li1,91.5400,38.0800,0.000171
ANTENNA_172,VGND,li1,39.5600,10.8800,0.000054
ANTENNA_171,VGND,li1,125.1200,81.6000,0.000137
ANTENNA_170,VGND,li1,90.6200,163.2000,0.000234
ANTENNA_169,VGND,li1,191.8200,70.7200,0.000140
ANTENNA_168,VGND,li1,22.0800,206.7200,0.000085
ANTENNA_167,VGND,li1,7.8200,255.6800,0.000161
ANTENNA_166,VGND,li1,122.3600,255.6800,0.000487
ANTENNA_165,VGND,li1,157.7800,261.1200,0.000406
ANTENNA_164,VGND,li1,146.7400,184.9600,0.000169
ANTENNA_163,VGND,li1,85.1000,16.3200,0.000262
ANTENNA_162,VGND,li1,144.9000,250.2400,0.000492
ANTENNA_161,VGND,li1,173.8800,10.8800,0.000074
ANTENNA_160,VGND,li1,167.9000,195.8400,0.000202
ANTENNA_159,VGND,li1,161.0000,16.3200,0.000295
ANTENNA_158,VGND,li1,35.8800,21.7600,0.000096
ANTENNA_157,VGND,li1,32.2000,21.7600,0.000088
ANTENNA_156,VGND,li1,109.4800,32.6400,0.000193
ANTENNA_155,VGND,li1,35.4200,16.3200,0.000127
ANTENNA_154,VGND,li1,52.9000,152.3200,0.000161
ANTENNA_153,VGND,li1,122.3600,266.5600,0.000166
ANTENNA_152,VGND,li1,80.5000,228.4800,0.000197
ANTENNA_151,VGND,li1,57.9600,10.8800,0.000075
ANTENNA_150,VGND,li1,60.2600,16.3200,0.000204
ANTENNA_149,VGND,li1,95.6800,152.3200,0.000169
ANTENNA_148,VGND,li1,79.5800,21.7600,0.000188
ANTENNA_147,VGND,li1,80.0400,146.8800,0.000232
ANTENNA_146,VGND,li1,82.3400,103.3600,0.000492
ANTENNA_145,VGND,li1,99.8200,190.4000,0.000191
ANTENNA_144,VGND,li1,102.5800,184.9600,0.000199
ANTENNA_143,VGND,li1,34.9600,76.1600,0.000073
ANTENNA_142,VGND,li1,92.0000,168.6400,0.000203
ANTENNA_141,VGND,li1,389.6200,32.6400,0.000165
ANTENNA_140,VGND,li1,187.2200,48.9600,0.000240
ANTENNA_139,VGND,li1,135.2400,92.4800,0.000206
ANTENNA_138,VGND,li1,105.3400,201.2800,0.000229
ANTENNA_137,VGND,li1,199.6400,97.9200,0.000153
ANTENNA_136,VGND,li1,76.8200,81.6000,0.000114
ANTENNA_135,VGND,li1,200.5600,97.9200,0.000153
ANTENNA_134,VGND,li1,82.3400,125.1200,0.000513
ANTENNA_133,VGND,li1,83.7200,174.0800,0.000295
ANTENNA_132,VGND,li1,334.4200,184.9600,0.000081
ANTENNA_131,VGND,li1,7.3600,27.2000,0.000048
ANTENNA_130,VGND,li1,46.9200,10.8800,0.000063
ANTENNA_129,VGND,li1,154.1000,81.6000,0.000132
ANTENNA_128,VGND,li1,16.1000,244.8000,0.000167
ANTENNA_127,VGND,li1,191.8200,92.4800,0.000162
ANTENNA_126,VGND,li1,28.0600,228.4800,0.000081
ANTENNA_125,VGND,li1,98.4400,163.2000,0.000227
ANTENNA_124,VGND,li1,98.4400,163.2000,0.000227
ANTENNA_123,VGND,li1,103.9600,212.1600,0.000231
ANTENNA_122,VGND,li1,163.3000,174.0800,0.000163
ANTENNA_121,VGND,li1,46.9200,21.7600,0.000121
ANTENNA_120,VGND,li1,53.8200,27.2000,0.000098
ANTENNA_119,VGND,li1,70.8400,16.3200,0.000230
ANTENNA_118,VGND,li1,85.1000,152.3200,0.000171
ANTENNA_117,VGND,li1,178.0200,87.0400,0.000078
ANTENNA_116,VGND,li1,328.4400,168.6400,0.000134
ANTENNA_115,VGND,li1,115.9200,217.6000,0.000293
ANTENNA_114,VGND,li1,126.5000,174.0800,0.000245
ANTENNA_113,VGND,li1,73.6000,266.5600,0.000165
ANTENNA_112,VGND,li1,155.4800,174.0800,0.000181
ANTENNA_111,VGND,li1,105.3400,163.2000,0.000220
ANTENNA_110,VGND,li1,127.8800,201.2800,0.000231
ANTENNA_109,VGND,li1,176.1800,21.7600,0.000195
ANTENNA_108,VGND,li1,68.0800,130.5600,0.000335
ANTENNA_107,VGND,li1,76.3600,174.0800,0.000299
ANTENNA_106,VGND,li1,63.0200,152.3200,0.000167
ANTENNA_105,VGND,li1,133.4000,184.9600,0.000182
ANTENNA_104,VGND,li1,186.7600,103.3600,0.000176
ANTENNA_103,VGND,li1,40.9400,27.2000,0.000079
ANTENNA_102,VGND,li1,59.3400,201.2800,0.000160
ANTENNA_101,VGND,li1,45.0800,16.3200,0.000159
ANTENNA_100,VGND,li1,101.2000,152.3200,0.000167
ANTENNA_99,VGND,li1,18.4000,43.5200,0.000095
ANTENNA_98,VGND,li1,150.4200,184.9600,0.000164
ANTENNA_97,VGND,li1,390.5400,217.6000,0.000237
ANTENNA_96,VGND,li1,7.3600,38.0800,0.000065
ANTENNA_95,VGND,li1,94.3000,136.0000,0.000260
ANTENNA_94,VGND,li1,23.0000,59.8400,0.000061
ANTENNA_93,VGND,li1,126.0400,81.6000,0.000138
ANTENNA_92,VGND,li1,93.8400,184.9600,0.000200
ANTENNA_91,VGND,li1,174.3400,97.9200,0.000139
ANTENNA_90,VGND,li1,104.4200,10.8800,0.000107
ANTENNA_89,VGND,li1,156.4000,184.9600,0.000157
ANTENNA_88,VGND,li1,86.0200,27.2000,0.000143
ANTENNA_87,VGND,li1,61.1800,136.0000,0.000210
ANTENNA_86,VGND,li1,13.3400,65.2800,0.000063
ANTENNA_85,VGND,li1,149.9600,70.7200,0.000169
ANTENNA_84,VGND,li1,57.0400,255.6800,0.000329
ANTENNA_83,VGND,li1,122.8200,184.9600,0.000190
ANTENNA_82,VGND,li1,99.3600,179.5200,0.000254
ANTENNA_81,VGND,li1,147.2000,179.5200,0.000247
ANTENNA_80,VGND,li1,96.6000,212.1600,0.000222
ANTENNA_79,VGND,li1,112.2400,16.3200,0.000302
ANTENNA_78,VGND,li1,184.9200,92.4800,0.000150
ANTENNA_77,VGND,li1,183.5400,92.4800,0.000144
ANTENNA_76,VGND,li1,122.8200,10.8800,0.000107
ANTENNA_75,VGND,li1,270.9400,21.7600,0.000221
ANTENNA_74,VGND,li1,186.3000,97.9200,0.000133
ANTENNA_73,VGND,li1,201.4800,81.6000,0.000197
ANTENNA_72,VGND,li1,390.5400,81.6000,0.000379
ANTENNA_71,VGND,li1,151.8000,261.1200,0.000453
ANTENNA_70,VGND,li1,138.0000,179.5200,0.000262
ANTENNA_69,VGND,li1,95.6800,206.7200,0.000276
ANTENNA_68,VGND,li1,12.4200,70.7200,0.000062
ANTENNA_67,VGND,li1,164.6800,10.8800,0.000086
ANTENNA_66,VGND,li1,122.3600,163.2000,0.000201
ANTENNA_65,VGND,li1,164.6800,261.1200,0.000361
ANTENNA_64,VGND,li1,169.2800,108.8000,0.000204
ANTENNA_63,VGND,li1,124.6600,87.0400,0.000138
ANTENNA_62,VGND,li1,78.6600,261.1200,0.000546
ANTENNA_61,VGND,li1,143.9800,16.3200,0.000313
ANTENNA_60,VGND,li1,43.7000,16.3200,0.000152
ANTENNA_59,VGND,li1,188.1400,92.4800,0.000154
ANTENNA_58,VGND,li1,132.0200,10.8800,0.000104
ANTENNA_57,VGND,li1,22.0800,65.2800,0.000061
ANTENNA_56,VGND,li1,165.1400,195.8400,0.000211
ANTENNA_55,VGND,li1,7.3600,233.9200,0.000092
ANTENNA_54,VGND,li1,9.2000,21.7600,0.000070
ANTENNA_53,VGND,li1,168.3600,179.5200,0.000206
ANTENNA_52,VGND,li1,177.5600,103.3600,0.000180
ANTENNA_51,VGND,li1,152.2600,190.4000,0.000172
ANTENNA_50,VGND,li1,71.7600,261.1200,0.000522
ANTENNA_49,VGND,li1,119.1400,195.8400,0.000318
ANTENNA_48,VGND,li1,159.6200,179.5200,0.000226
ANTENNA_47,VGND,li1,20.2400,76.1600,0.000056
ANTENNA_46,VGND,li1,322.9200,152.3200,0.000100
ANTENNA_45,VGND,li1,86.4800,146.8800,0.000226
ANTENNA_44,VGND,li1,92.4600,141.4400,0.000328
ANTENNA_43,VGND,li1,63.9400,212.1600,0.000167
ANTENNA_42,VGND,li1,105.3400,217.6000,0.000289
ANTENNA_41,VGND,li1,331.6600,108.8000,0.000156
ANTENNA_40,VGND,li1,52.4400,212.1600,0.000146
ANTENNA_39,VGND,li1,293.0200,119.6800,0.000396
ANTENNA_38,VGND,li1,96.6000,136.0000,0.000261
ANTENNA_37,VGND,li1,165.1400,233.9200,0.000261
ANTENNA_36,VGND,li1,80.5000,255.6800,0.000428
ANTENNA_35,VGND,li1,128.8000,87.0400,0.000135
ANTENNA_34,VGND,li1,155.9400,76.1600,0.000122
ANTENNA_33,VGND,li1,127.8800,206.7200,0.000300
ANTENNA_32,VGND,li1,78.6600,233.9200,0.000251
ANTENNA_31,VGND,li1,89.7000,136.0000,0.000259
ANTENNA_30,VGND,li1,86.4800,125.1200,0.000521
ANTENNA_29,VGND,li1,88.7800,157.7600,0.000188
ANTENNA_28,VGND,li1,91.0800,228.4800,0.000213
ANTENNA_27,VGND,li1,80.0400,223.0400,0.000278
ANTENNA_26,VGND,li1,80.5000,217.6000,0.000250
ANTENNA_25,VGND,li1,47.8400,65.2800,0.000106
ANTENNA_24,VGND,li1,184.0000,103.3600,0.000173
ANTENNA_23,VGND,li1,123.7400,81.6000,0.000137
ANTENNA_22,VGND,li1,110.4000,76.1600,0.000159
ANTENNA_21,VGND,li1,114.5400,54.4000,0.000180
ANTENNA_20,VGND,li1,212.5200,76.1600,0.000123
ANTENNA_19,VGND,li1,62.5600,212.1600,0.000167
ANTENNA_18,VGND,li1,97.5200,54.4000,0.000167
ANTENNA_17,VGND,li1,123.2800,76.1600,0.000155
ANTENNA_16,VGND,li1,155.4800,168.6400,0.000158
ANTENNA_15,VGND,li1,108.1000,201.2800,0.000230
ANTENNA_14,VGND,li1,163.3000,168.6400,0.000147
ANTENNA_13,VGND,li1,390.5400,70.7200,0.000216
ANTENNA_12,VGND,li1,315.1000,141.4400,0.000268
ANTENNA_11,VGND,li1,390.5400,233.9200,0.000399
ANTENNA_10,VGND,li1,364.3200,76.1600,0.000190
ANTENNA_9,VGND,li1,325.2200,152.3200,0.000097
ANTENNA_8,VGND,li1,389.6200,228.4800,0.000342
ANTENNA_7,VGND,li1,328.4400,168.6400,0.000134
ANTENNA_6,VGND,li1,66.2400,130.5600,0.000328
ANTENNA_5,VGND,li1,79.5800,163.2000,0.000240
ANTENNA_4,VGND,li1,7.3600,239.3600,0.000117
ANTENNA_3,VGND,li1,17.0200,233.9200,0.000091
ANTENNA_2,VGND,li1,76.8200,108.8000,0.000340
ANTENNA_1,VGND,li1,343.1600,184.9600,0.000095
g_row\[0\].g_col\[0\].pe/hold3595,VGND,li1,43.2400,179.5200,0.000136
hold3594,VGND,li1,30.3600,59.8400,0.000069
hold3593,VGND,li1,67.1600,108.8000,0.000322
hold3592,VGND,li1,63.4800,108.8000,0.000314
hold3591,VGND,li1,43.2400,76.1600,0.000085
hold3590,VGND,li1,55.6600,81.6000,0.000096
hold3589,VGND,li1,33.1200,54.4000,0.000076
hold3588,VGND,li1,78.6600,146.8800,0.000232
hold3587,VGND,li1,33.1200,136.0000,0.000124
hold3586,VGND,li1,7.8200,206.7200,0.000087
hold3585,VGND,li1,64.4000,152.3200,0.000168
hold3584,VGND,li1,7.8200,81.6000,0.000053
hold3583,VGND,li1,54.2800,114.2400,0.000499
hold3582,VGND,li1,19.7800,163.2000,0.000134
hold3581,VGND,li1,12.4200,190.4000,0.000073
hold3580,VGND,li1,7.8200,228.4800,0.000080
hold3579,VGND,li1,9.6600,228.4800,0.000080
hold3578,VGND,li1,81.8800,152.3200,0.000172
hold3577,VGND,li1,67.6200,130.5600,0.000328
hold3576,VGND,li1,54.7400,141.4400,0.000253
hold3575,VGND,li1,33.1200,130.5600,0.000193
hold3574,VGND,li1,32.6600,119.6800,0.000236
hold3573,VGND,li1,68.0800,141.4400,0.000296
hold3572,VGND,li1,20.2400,87.0400,0.000063
hold3571,VGND,li1,35.4200,87.0400,0.000086
hold3570,VGND,li1,43.2400,81.6000,0.000080
hold3569,VGND,li1,19.7800,43.5200,0.000095
hold3568,VGND,li1,58.4200,97.9200,0.000212
hold3567,VGND,li1,58.4200,92.4800,0.000147
hold3566,VGND,li1,9.6600,38.0800,0.000065
hold3565,VGND,li1,39.5600,27.2000,0.000076
hold3564,VGND,li1,53.8200,81.6000,0.000093
hold3563,VGND,li1,83.2600,97.9200,0.000257
hold3562,VGND,li1,46.9200,65.2800,0.000106
hold3561,VGND,li1,58.4200,81.6000,0.000099
hold3560,VGND,li1,71.3000,97.9200,0.000239
hold3559,VGND,li1,78.2000,108.8000,0.000340
hold3558,VGND,li1,99.3600,255.6800,0.000468
hold3557,VGND,li1,120.5200,261.1200,0.000583
hold3556,VGND,li1,103.5000,266.5600,0.000172
hold3555,VGND,li1,88.3200,266.5600,0.000171
hold3554,VGND,li1,174.3400,174.0800,0.000129
hold3553,VGND,li1,80.9600,266.5600,0.000169
hold3552,VGND,li1,358.3400,114.2400,0.000505
hold3551,VGND,li1,370.3000,97.9200,0.000410
hold3550,VGND,li1,379.0400,81.6000,0.000374
hold3549,VGND,li1,379.0400,76.1600,0.000205
hold3548,VGND,li1,391.0000,48.9600,0.000162
hold3547,VGND,li1,331.2000,108.8000,0.000156
hold3546,VGND,li1,374.4400,87.0400,0.000319
hold3545,VGND,li1,381.3400,65.2800,0.000285
hold3544,VGND,li1,331.2000,103.3600,0.000206
hold3543,VGND,li1,332.1200,103.3600,0.000200
hold3542,VGND,li1,337.6400,103.3600,0.000232
hold3541,VGND,li1,316.4800,141.4400,0.000268
hold3540,VGND,li1,95.6800,179.5200,0.000251
hold3539,VGND,li1,30.3600,244.8000,0.000204
hold3538,VGND,li1,19.3200,255.6800,0.000158
hold3537,VGND,li1,8.7400,250.2400,0.000176
hold3536,VGND,li1,59.8000,212.1600,0.000162
hold3535,VGND,li1,21.6200,239.3600,0.000116
hold3534,VGND,li1,368.9200,108.8000,0.000219
hold3533,VGND,li1,373.5200,103.3600,0.000377
hold3532,VGND,li1,364.3200,97.9200,0.000382
hold3531,VGND,li1,387.7800,76.1600,0.000209
hold3530,VGND,li1,391.0000,59.8400,0.000278
hold3529,VGND,li1,365.7000,76.1600,0.000190
hold3528,VGND,li1,367.0800,108.8000,0.000217
hold3527,VGND,li1,368.4600,97.9200,0.000397
hold3526,VGND,li1,359.2600,92.4800,0.000418
hold3525,VGND,li1,367.5400,70.7200,0.000205
hold3524,VGND,li1,391.9200,43.5200,0.000125
hold3523,VGND,li1,378.1200,65.2800,0.000280
hold3522,VGND,li1,339.4800,108.8000,0.000179
hold3521,VGND,li1,364.7800,190.4000,0.000127
hold3520,VGND,li1,337.1800,179.5200,0.000114
hold3519,VGND,li1,378.1200,223.0400,0.000304
hold3518,VGND,li1,335.8000,184.9600,0.000081
hold3517,VGND,li1,387.7800,244.8000,0.000378
hold3516,VGND,li1,353.7400,201.2800,0.000170
hold3515,VGND,li1,391.0000,233.9200,0.000399
hold3514,VGND,li1,38.1800,119.6800,0.000278
hold3513,VGND,li1,42.3200,130.5600,0.000233
hold3512,VGND,li1,19.3200,114.2400,0.000236
hold3511,VGND,li1,23.9200,92.4800,0.000069
hold3510,VGND,li1,42.3200,103.3600,0.000340
hold3509,VGND,li1,33.5800,92.4800,0.000093
hold3508,VGND,li1,21.6200,76.1600,0.000055
hold3507,VGND,li1,17.4800,195.8400,0.000117
hold3506,VGND,li1,19.7800,195.8400,0.000117
hold3505,VGND,li1,23.4600,190.4000,0.000071
hold3504,VGND,li1,12.8800,190.4000,0.000073
hold3503,VGND,li1,11.9600,201.2800,0.000076
hold3502,VGND,li1,7.8200,223.0400,0.000102
hold3501,VGND,li1,88.7800,157.7600,0.000188
hold3500,VGND,li1,127.4200,163.2000,0.000195
hold3499,VGND,li1,40.4800,239.3600,0.000189
hold3498,VGND,li1,101.6600,174.0800,0.000282
hold3497,VGND,li1,54.2800,223.0400,0.000202
hold3496,VGND,li1,52.4400,228.4800,0.000139
hold3495,VGND,li1,93.8400,157.7600,0.000186
hold3494,VGND,li1,44.1600,244.8000,0.000290
hold3493,VGND,li1,201.0200,255.6800,0.000364
hold3492,VGND,li1,203.3200,261.1200,0.000283
hold3491,VGND,li1,197.3400,255.6800,0.000346
hold3490,VGND,li1,205.6200,266.5600,0.000060
hold3489,VGND,li1,202.4000,250.2400,0.000386
hold3488,VGND,li1,247.9400,266.5600,0.000058
hold3487,VGND,li1,255.3000,266.5600,0.000057
hold3486,VGND,li1,101.2000,190.4000,0.000192
hold3485,VGND,li1,28.0600,255.6800,0.000173
hold3484,VGND,li1,62.1000,201.2800,0.000169
hold3483,VGND,li1,84.1800,223.0400,0.000287
hold3482,VGND,li1,46.4600,239.3600,0.000209
hold3481,VGND,li1,69.0000,217.6000,0.000224
hold3480,VGND,li1,39.5600,255.6800,0.000234
hold3479,VGND,li1,374.4400,201.2800,0.000216
hold3478,VGND,li1,329.8200,168.6400,0.000130
hold3477,VGND,li1,379.9600,223.0400,0.000306
hold3476,VGND,li1,333.0400,179.5200,0.000106
hold3475,VGND,li1,369.3800,212.1600,0.000188
hold3474,VGND,li1,370.3000,217.6000,0.000228
hold3473,VGND,li1,327.0600,168.6400,0.000134
hold3472,VGND,li1,19.7800,125.1200,0.000187
hold3471,VGND,li1,25.3000,125.1200,0.000186
hold3470,VGND,li1,45.0800,136.0000,0.000166
hold3469,VGND,li1,28.5200,114.2400,0.000280
hold3468,VGND,li1,61.6400,146.8800,0.000230
hold3467,VGND,li1,8.7400,87.0400,0.000065
hold3466,VGND,li1,7.8200,32.6400,0.000061
hold3465,VGND,li1,37.2600,266.5600,0.000102
hold3464,VGND,li1,127.8800,174.0800,0.000245
hold3463,VGND,li1,52.9000,255.6800,0.000308
hold3462,VGND,li1,81.8800,228.4800,0.000197
hold3461,VGND,li1,115.4600,190.4000,0.000191
hold3460,VGND,li1,97.0600,206.7200,0.000276
hold3459,VGND,li1,65.3200,239.3600,0.000292
hold3458,VGND,li1,389.6200,157.7600,0.000391
hold3457,VGND,li1,382.7200,163.2000,0.000244
hold3456,VGND,li1,374.4400,136.0000,0.000274
hold3455,VGND,li1,380.4200,174.0800,0.000144
hold3454,VGND,li1,390.0800,125.1200,0.000322
hold3453,VGND,li1,391.0000,87.0400,0.000331
hold3452,VGND,li1,391.0000,76.1600,0.000209
hold3451,VGND,li1,356.0400,174.0800,0.000115
hold3450,VGND,li1,381.8000,206.7200,0.000206
hold3449,VGND,li1,354.2000,179.5200,0.000137
hold3448,VGND,li1,345.4600,174.0800,0.000102
hold3447,VGND,li1,335.8000,168.6400,0.000141
hold3446,VGND,li1,357.8800,195.8400,0.000135
hold3445,VGND,li1,345.4600,184.9600,0.000099
hold3444,VGND,li1,380.4200,217.6000,0.000234
hold3443,VGND,li1,337.6400,168.6400,0.000148
hold3442,VGND,li1,383.6400,206.7200,0.000208
hold3441,VGND,li1,354.6600,190.4000,0.000112
hold3440,VGND,li1,331.6600,168.6400,0.000127
hold3439,VGND,li1,371.2200,206.7200,0.000198
hold3438,VGND,li1,390.0800,228.4800,0.000342
hold3437,VGND,li1,391.4600,103.3600,0.000401
hold3436,VGND,li1,391.0000,201.2800,0.000232
hold3435,VGND,li1,372.6000,195.8400,0.000155
hold3434,VGND,li1,328.9000,163.2000,0.000113
hold3433,VGND,li1,330.7400,163.2000,0.000110
hold3432,VGND,li1,388.2400,228.4800,0.000341
hold3431,VGND,li1,326.6000,152.3200,0.000095
hold3430,VGND,li1,356.0400,179.5200,0.000140
hold3429,VGND,li1,355.1200,190.4000,0.000112
hold3428,VGND,li1,378.5800,217.6000,0.000233
hold3427,VGND,li1,339.0200,179.5200,0.000117
hold3426,VGND,li1,345.9200,195.8400,0.000113
hold3425,VGND,li1,362.0200,201.2800,0.000192
hold3424,VGND,li1,344.5400,184.9600,0.000099
hold3423,VGND,li1,69.0000,228.4800,0.000176
hold3422,VGND,li1,120.0600,206.7200,0.000297
hold3421,VGND,li1,142.6000,190.4000,0.000182
hold3420,VGND,li1,69.0000,255.6800,0.000389
hold3419,VGND,li1,15.6400,266.5600,0.000074
hold3418,VGND,li1,111.3200,184.9600,0.000196
hold3417,VGND,li1,8.2800,266.5600,0.000075
hold3416,VGND,li1,41.4000,114.2400,0.000391
hold3415,VGND,li1,58.4200,103.3600,0.000435
hold3414,VGND,li1,34.9600,65.2800,0.000084
hold3413,VGND,li1,55.6600,81.6000,0.000096
hold3412,VGND,li1,34.0400,76.1600,0.000068
hold3411,VGND,li1,20.2400,38.0800,0.000064
hold3410,VGND,li1,68.5400,103.3600,0.000481
hold3409,VGND,li1,169.7400,179.5200,0.000201
hold3408,VGND,li1,153.6400,201.2800,0.000209
hold3407,VGND,li1,161.4600,184.9600,0.000151
hold3406,VGND,li1,171.5800,179.5200,0.000196
hold3405,VGND,li1,53.3600,266.5600,0.000139
hold3404,VGND,li1,163.7600,179.5200,0.000215
hold3403,VGND,li1,163.7600,168.6400,0.000147
hold3402,VGND,li1,148.5800,261.1200,0.000472
hold3401,VGND,li1,210.2200,255.6800,0.000407
hold3400,VGND,li1,215.2800,250.2400,0.000416
hold3399,VGND,li1,238.7400,255.6800,0.000503
hold3398,VGND,li1,238.7400,250.2400,0.000446
hold3397,VGND,li1,244.2600,244.8000,0.000605
hold3396,VGND,li1,275.0800,266.5600,0.000053
hold3395,VGND,li1,202.4000,250.2400,0.000386
hold3394,VGND,li1,204.2400,250.2400,0.000392
hold3393,VGND,li1,217.1200,261.1200,0.000304
hold3392,VGND,li1,215.7400,255.6800,0.000429
hold3391,VGND,li1,246.1000,266.5600,0.000058
hold3390,VGND,li1,247.9400,261.1200,0.000345
hold3389,VGND,li1,241.9600,250.2400,0.000448
hold3388,VGND,li1,22.0800,92.4800,0.000070
hold3387,VGND,li1,13.8000,70.7200,0.000062
hold3386,VGND,li1,18.8600,59.8400,0.000062
hold3385,VGND,li1,90.6200,130.5600,0.000375
hold3384,VGND,li1,30.8200,65.2800,0.000076
hold3383,VGND,li1,52.4400,97.9200,0.000200
hold3382,VGND,li1,9.2000,70.7200,0.000062
hold3381,VGND,li1,371.6800,103.3600,0.000373
hold3380,VGND,li1,389.1600,81.6000,0.000379
hold3379,VGND,li1,391.9200,70.7200,0.000216
hold3378,VGND,li1,339.4800,114.2400,0.000381
hold3377,VGND,li1,316.4800,141.4400,0.000268
hold3376,VGND,li1,391.4600,65.2800,0.000290
hold3375,VGND,li1,320.1600,141.4400,0.000254
hold3374,VGND,li1,32.6600,43.5200,0.000112
hold3373,VGND,li1,27.1400,16.3200,0.000099
hold3372,VGND,li1,58.4200,70.7200,0.000120
hold3371,VGND,li1,17.4800,10.8800,0.000039
hold3370,VGND,li1,7.8200,21.7600,0.000070
hold3369,VGND,li1,66.7000,81.6000,0.000107
hold3368,VGND,li1,68.5400,81.6000,0.000109
hold3367,VGND,li1,81.8800,233.9200,0.000261
hold3366,VGND,li1,134.7800,179.5200,0.000266
hold3365,VGND,li1,78.2000,233.9200,0.000251
hold3364,VGND,li1,113.1600,184.9600,0.000195
hold3363,VGND,li1,81.8800,212.1600,0.000199
hold3362,VGND,li1,97.5200,184.9600,0.000200
hold3361,VGND,li1,60.2600,217.6000,0.000205
hold3360,VGND,li1,87.4000,250.2400,0.000480
hold3359,VGND,li1,112.2400,228.4800,0.000237
hold3358,VGND,li1,148.5800,195.8400,0.000260
hold3357,VGND,li1,91.0800,250.2400,0.000493
hold3356,VGND,li1,87.8600,244.8000,0.000531
hold3355,VGND,li1,84.1800,244.8000,0.000522
hold3354,VGND,li1,108.5600,201.2800,0.000231
hold3353,VGND,li1,65.3200,108.8000,0.000318
hold3352,VGND,li1,85.1000,125.1200,0.000518
hold3351,VGND,li1,8.2800,16.3200,0.000093
hold3350,VGND,li1,23.9200,38.0800,0.000062
hold3349,VGND,li1,42.7800,70.7200,0.000095
hold3348,VGND,li1,19.7800,59.8400,0.000062
hold3347,VGND,li1,93.8400,141.4400,0.000327
hold3346,VGND,li1,140.3000,92.4800,0.000204
hold3345,VGND,li1,65.7800,27.2000,0.000116
hold3344,VGND,li1,126.0400,65.2800,0.000213
hold3343,VGND,li1,143.0600,87.0400,0.000122
hold3342,VGND,li1,69.0000,27.2000,0.000123
hold3341,VGND,li1,96.1400,54.4000,0.000167
hold3340,VGND,li1,124.2000,81.6000,0.000137
hold3339,VGND,li1,16.1000,255.6800,0.000160
hold3338,VGND,li1,15.1800,239.3600,0.000117
hold3337,VGND,li1,29.4400,228.4800,0.000086
hold3336,VGND,li1,51.0600,212.1600,0.000141
hold3335,VGND,li1,56.1200,201.2800,0.000156
hold3334,VGND,li1,32.6600,223.0400,0.000129
hold3333,VGND,li1,17.4800,233.9200,0.000091
hold3332,VGND,li1,91.5400,195.8400,0.000343
hold3331,VGND,li1,123.7400,163.2000,0.000198
hold3330,VGND,li1,71.7600,206.7200,0.000228
hold3329,VGND,li1,38.6400,239.3600,0.000177
hold3328,VGND,li1,17.4800,244.8000,0.000166
hold3327,VGND,li1,94.3000,168.6400,0.000202
hold3326,VGND,li1,101.6600,157.7600,0.000182
hold3325,VGND,li1,97.0600,21.7600,0.000213
hold3324,VGND,li1,146.2800,65.2800,0.000215
hold3323,VGND,li1,122.8200,38.0800,0.000197
hold3322,VGND,li1,45.5400,10.8800,0.000060
hold3321,VGND,li1,178.9400,103.3600,0.000165
hold3320,VGND,li1,77.2800,21.7600,0.000182
hold3319,VGND,li1,184.4600,108.8000,0.000175
hold3318,VGND,li1,139.8400,59.8400,0.000228
hold3317,VGND,li1,91.0800,27.2000,0.000147
hold3316,VGND,li1,193.2000,92.4800,0.000162
hold3315,VGND,li1,187.6800,97.9200,0.000136
hold3314,VGND,li1,56.1200,10.8800,0.000073
hold3313,VGND,li1,261.7400,32.6400,0.000157
hold3312,VGND,li1,265.4200,27.2000,0.000157
hold3311,VGND,li1,23.4600,201.2800,0.000073
hold3310,VGND,li1,52.4400,179.5200,0.000161
hold3309,VGND,li1,69.0000,163.2000,0.000243
hold3308,VGND,li1,26.6800,217.6000,0.000098
hold3307,VGND,li1,80.0400,168.6400,0.000201
hold3306,VGND,li1,50.6000,201.2800,0.000143
hold3305,VGND,li1,7.8200,244.8000,0.000167
hold3304,VGND,li1,115.9200,212.1600,0.000242
hold3303,VGND,li1,89.7000,228.4800,0.000209
hold3302,VGND,li1,117.7600,212.1600,0.000242
hold3301,VGND,li1,146.2800,179.5200,0.000250
hold3300,VGND,li1,120.5200,195.8400,0.000314
hold3299,VGND,li1,46.4600,244.8000,0.000302
hold3298,VGND,li1,81.8800,217.6000,0.000254
hold3297,VGND,li1,135.7000,97.9200,0.000243
hold3296,VGND,li1,126.0400,87.0400,0.000137
hold3295,VGND,li1,132.9400,92.4800,0.000207
hold3294,VGND,li1,63.4800,27.2000,0.000114
hold3293,VGND,li1,51.5200,10.8800,0.000068
hold3292,VGND,li1,45.5400,27.2000,0.000085
hold3291,VGND,li1,65.3200,27.2000,0.000116
hold3290,VGND,li1,92.4600,261.1200,0.000573
hold3289,VGND,li1,88.3200,255.6800,0.000449
hold3288,VGND,li1,81.8800,255.6800,0.000428
hold3287,VGND,li1,74.9800,266.5600,0.000165
hold3286,VGND,li1,73.1400,261.1200,0.000531
hold3285,VGND,li1,156.8600,174.0800,0.000181
hold3284,VGND,li1,155.9400,168.6400,0.000158
hold3283,VGND,li1,94.7600,38.0800,0.000175
hold3282,VGND,li1,146.2800,76.1600,0.000133
hold3281,VGND,li1,121.4400,59.8400,0.000220
hold3280,VGND,li1,142.6000,81.6000,0.000137
hold3279,VGND,li1,140.7600,81.6000,0.000138
hold3278,VGND,li1,141.2200,87.0400,0.000124
hold3277,VGND,li1,124.6600,76.1600,0.000155
hold3276,VGND,li1,43.2400,114.2400,0.000415
hold3275,VGND,li1,7.8200,92.4800,0.000073
hold3274,VGND,li1,20.2400,114.2400,0.000236
hold3273,VGND,li1,30.3600,108.8000,0.000186
hold3272,VGND,li1,8.7400,87.0400,0.000065
hold3271,VGND,li1,21.6200,87.0400,0.000063
hold3270,VGND,li1,91.0800,136.0000,0.000259
hold3269,VGND,li1,8.2800,59.8400,0.000063
hold3268,VGND,li1,23.0000,103.3600,0.000213
hold3267,VGND,li1,37.7200,103.3600,0.000298
hold3266,VGND,li1,19.7800,65.2800,0.000061
hold3265,VGND,li1,33.5800,87.0400,0.000083
hold3264,VGND,li1,22.0800,38.0800,0.000063
hold3263,VGND,li1,87.8600,146.8800,0.000226
hold3262,VGND,li1,122.8200,43.5200,0.000196
hold3261,VGND,li1,72.2200,16.3200,0.000235
hold3260,VGND,li1,176.6400,92.4800,0.000145
hold3259,VGND,li1,155.4800,81.6000,0.000132
hold3258,VGND,li1,55.6600,16.3200,0.000186
hold3257,VGND,li1,170.6600,108.8000,0.000204
hold3256,VGND,li1,115.0000,54.4000,0.000180
hold3255,VGND,li1,82.3400,32.6400,0.000168
hold3254,VGND,li1,80.5000,32.6400,0.000165
hold3253,VGND,li1,110.4000,48.9600,0.000309
hold3252,VGND,li1,37.2600,21.7600,0.000101
hold3251,VGND,li1,155.4800,97.9200,0.000192
hold3250,VGND,li1,26.2200,10.8800,0.000038
hold3249,VGND,li1,39.5600,21.7600,0.000107
hold3248,VGND,li1,134.7800,184.9600,0.000182
hold3247,VGND,li1,45.5400,255.6800,0.000277
hold3246,VGND,li1,79.5800,228.4800,0.000193
hold3245,VGND,li1,134.7800,195.8400,0.000290
hold3244,VGND,li1,120.5200,190.4000,0.000190
hold3243,VGND,li1,66.7000,239.3600,0.000292
hold3242,VGND,li1,60.7200,201.2800,0.000165
hold3241,VGND,li1,94.3000,152.3200,0.000170
hold3240,VGND,li1,106.7200,163.2000,0.000218
hold3239,VGND,li1,89.7000,184.9600,0.000200
hold3238,VGND,li1,28.5200,244.8000,0.000192
hold3237,VGND,li1,47.8400,223.0400,0.000186
hold3236,VGND,li1,26.6800,244.8000,0.000179
hold3235,VGND,li1,84.1800,179.5200,0.000229
hold3234,VGND,li1,93.3800,266.5600,0.000173
hold3233,VGND,li1,94.7600,250.2400,0.000502
hold3232,VGND,li1,146.2800,195.8400,0.000266
hold3231,VGND,li1,131.1000,206.7200,0.000302
hold3230,VGND,li1,157.7800,174.0800,0.000175
hold3229,VGND,li1,129.2600,201.2800,0.000231
hold3228,VGND,li1,92.4600,228.4800,0.000213
hold3227,VGND,li1,20.7000,119.6800,0.000190
hold3226,VGND,li1,7.8200,136.0000,0.000103
hold3225,VGND,li1,23.0000,119.6800,0.000190
hold3224,VGND,li1,8.2800,125.1200,0.000187
hold3223,VGND,li1,11.0400,190.4000,0.000073
hold3222,VGND,li1,10.1200,92.4800,0.000073
hold3221,VGND,li1,84.6400,146.8800,0.000228
hold3220,VGND,li1,109.9400,228.4800,0.000236
hold3219,VGND,li1,84.6400,239.3600,0.000353
hold3218,VGND,li1,107.6400,223.0400,0.000334
hold3217,VGND,li1,133.4000,184.9600,0.000182
hold3216,VGND,li1,142.1400,168.6400,0.000175
hold3215,VGND,li1,27.1400,250.2400,0.000190
hold3214,VGND,li1,81.4200,223.0400,0.000283
hold3213,VGND,li1,183.5400,92.4800,0.000144
hold3212,VGND,li1,105.8000,10.8800,0.000107
hold3211,VGND,li1,101.6600,27.2000,0.000158
hold3210,VGND,li1,133.4000,10.8800,0.000104
hold3209,VGND,li1,195.0400,87.0400,0.000109
hold3208,VGND,li1,195.9600,92.4800,0.000166
hold3207,VGND,li1,212.9800,81.6000,0.000231
hold3206,VGND,li1,179.4000,87.0400,0.000081
hold3205,VGND,li1,188.1400,92.4800,0.000154
hold3204,VGND,li1,84.6400,16.3200,0.000262
hold3203,VGND,li1,202.8600,87.0400,0.000120
hold3202,VGND,li1,188.1400,103.3600,0.000179
hold3201,VGND,li1,207.9200,87.0400,0.000126
hold3200,VGND,li1,200.1000,92.4800,0.000175
hold3199,VGND,li1,136.6200,92.4800,0.000205
hold3198,VGND,li1,134.7800,92.4800,0.000206
hold3197,VGND,li1,75.9000,48.9600,0.000283
hold3196,VGND,li1,30.3600,21.7600,0.000083
hold3195,VGND,li1,110.4000,70.7200,0.000175
hold3194,VGND,li1,41.4000,21.7600,0.000111
hold3193,VGND,li1,110.8600,76.1600,0.000159
hold3192,VGND,li1,245.6400,21.7600,0.000253
hold3191,VGND,li1,247.4800,21.7600,0.000251
hold3190,VGND,li1,257.1400,16.3200,0.000269
hold3189,VGND,li1,258.0600,10.8800,0.000108
hold3188,VGND,li1,212.5200,70.7200,0.000159
hold3187,VGND,li1,205.1600,81.6000,0.000210
hold3186,VGND,li1,197.8000,92.4800,0.000172
hold3185,VGND,li1,122.8200,59.8400,0.000220
hold3184,VGND,li1,138.9200,81.6000,0.000138
hold3183,VGND,li1,133.4000,81.6000,0.000138
hold3182,VGND,li1,43.2400,16.3200,0.000152
hold3181,VGND,li1,153.6400,103.3600,0.000300
hold3180,VGND,li1,114.5400,76.1600,0.000159
hold3179,VGND,li1,97.9800,54.4000,0.000169
hold3178,VGND,li1,391.9200,206.7200,0.000210
hold3177,VGND,li1,369.3800,184.9600,0.000137
hold3176,VGND,li1,391.0000,212.1600,0.000200
hold3175,VGND,li1,391.0000,212.1600,0.000200
hold3174,VGND,li1,391.9200,228.4800,0.000342
hold3173,VGND,li1,391.0000,228.4800,0.000342
hold3172,VGND,li1,324.3000,152.3200,0.000097
hold3171,VGND,li1,161.4600,10.8800,0.000089
hold3170,VGND,li1,124.2000,10.8800,0.000107
hold3169,VGND,li1,199.6400,81.6000,0.000190
hold3168,VGND,li1,113.6200,16.3200,0.000304
hold3167,VGND,li1,274.1600,21.7600,0.000215
hold3166,VGND,li1,270.9400,10.8800,0.000106
hold3165,VGND,li1,201.0200,87.0400,0.000115
hold3164,VGND,li1,10.1200,195.8400,0.000118
hold3163,VGND,li1,8.2800,212.1600,0.000082
hold3162,VGND,li1,7.8200,233.9200,0.000092
hold3161,VGND,li1,30.8200,212.1600,0.000093
hold3160,VGND,li1,35.4200,212.1600,0.000105
hold3159,VGND,li1,76.8200,146.8800,0.000233
hold3158,VGND,li1,7.8200,48.9600,0.000135
hold3157,VGND,li1,32.6600,212.1600,0.000097
hold3156,VGND,li1,45.5400,190.4000,0.000121
hold3155,VGND,li1,7.8200,217.6000,0.000095
hold3154,VGND,li1,59.3400,157.7600,0.000182
hold3153,VGND,li1,74.9800,152.3200,0.000172
hold3152,VGND,li1,69.4600,130.5600,0.000335
hold3151,VGND,li1,67.1600,125.1200,0.000469
hold3150,VGND,li1,35.8800,206.7200,0.000125
hold3149,VGND,li1,71.3000,174.0800,0.000302
hold3148,VGND,li1,53.3600,195.8400,0.000249
hold3147,VGND,li1,48.7600,201.2800,0.000139
hold3146,VGND,li1,29.9000,217.6000,0.000108
hold3145,VGND,li1,44.1600,206.7200,0.000151
hold3144,VGND,li1,78.2000,168.6400,0.000200
hold3143,VGND,li1,21.6200,76.1600,0.000055
hold3142,VGND,li1,26.6800,87.0400,0.000068
hold3141,VGND,li1,17.4800,76.1600,0.000056
hold3140,VGND,li1,58.4200,114.2400,0.000528
hold3139,VGND,li1,15.6400,48.9600,0.000132
hold3138,VGND,li1,23.4600,65.2800,0.000060
hold3137,VGND,li1,87.8600,125.1200,0.000526
hold3136,VGND,li1,25.3000,32.6400,0.000059
hold3135,VGND,li1,49.2200,59.8400,0.000113
hold3134,VGND,li1,26.6800,43.5200,0.000092
hold3133,VGND,li1,58.4200,76.1600,0.000108
hold3132,VGND,li1,72.2200,92.4800,0.000166
hold3131,VGND,li1,87.4000,108.8000,0.000355
hold3130,VGND,li1,48.3000,70.7200,0.000104
hold3129,VGND,li1,301.3000,146.8800,0.000224
g_row\[0\].g_col\[0\].pe/hold3128,VGND,li1,27.6000,152.3200,0.000109
g_row\[1\].g_col\[1\].pe/hold3127,VGND,li1,228.6200,125.1200,0.000414
g_row\[0\].g_col\[0\].pe/hold3126,VGND,li1,124.6600,179.5200,0.000274
g_row\[1\].g_col\[1\].pe/hold3125,VGND,li1,300.3800,119.6800,0.000365
g_row\[1\].g_col\[1\].pe/hold3124,VGND,li1,343.6200,87.0400,0.000232
g_row\[0\].g_col\[1\].pe/hold3123,VGND,li1,187.2200,76.1600,0.000096
g_row\[0\].g_col\[0\].pe/hold3122,VGND,li1,79.1200,217.6000,0.000250
g_row\[0\].g_col\[1\].pe/hold3121,VGND,li1,51.9800,32.6400,0.000116
g_row\[1\].g_col\[1\].pe/hold3120,VGND,li1,188.6000,70.7200,0.000138
g_row\[1\].g_col\[1\].pe/hold3119,VGND,li1,191.3600,76.1600,0.000102
hold3118,VGND,li1,69.0000,152.3200,0.000171
g_row\[1\].g_col\[0\].pe/hold3117,VGND,li1,391.9200,261.1200,0.000296
g_row\[1\].g_col\[1\].pe/hold3116,VGND,li1,266.3400,38.0800,0.000225
hold3115,VGND,li1,172.0400,38.0800,0.000183
hold3114,VGND,li1,135.7000,27.2000,0.000172
g_row\[0\].g_col\[0\].pe/hold3113,VGND,li1,132.9400,206.7200,0.000303
g_row\[0\].g_col\[0\].pe/hold3112,VGND,li1,108.1000,184.9600,0.000198
g_row\[0\].g_col\[1\].pe/hold3111,VGND,li1,130.6400,136.0000,0.000232
g_row\[0\].g_col\[1\].pe/hold3110,VGND,li1,156.8600,54.4000,0.000178
g_row\[0\].g_col\[1\].pe/hold3109,VGND,li1,27.6000,32.6400,0.000066
g_row\[0\].g_col\[1\].pe/hold3108,VGND,li1,97.9800,48.9600,0.000304
g_row\[1\].g_col\[0\].pe/hold3107,VGND,li1,390.0800,250.2400,0.000381
hold3106,VGND,li1,164.2200,206.7200,0.000263
g_row\[1\].g_col\[1\].pe/hold3105,VGND,li1,226.3200,21.7600,0.000268
g_row\[1\].g_col\[0\].pe/hold3104,VGND,li1,215.7400,184.9600,0.000165
g_row\[1\].g_col\[1\].pe/hold3103,VGND,li1,231.3800,27.2000,0.000162
g_row\[1\].g_col\[1\].pe/hold3102,VGND,li1,247.4800,38.0800,0.000258
g_row\[1\].g_col\[1\].pe/hold3101,VGND,li1,233.6800,54.4000,0.000228
hold3100,VGND,li1,174.8000,212.1600,0.000176
g_row\[1\].g_col\[0\].pe/hold3099,VGND,li1,196.8800,179.5200,0.000259
g_row\[1\].g_col\[0\].pe/hold3098,VGND,li1,192.7400,174.0800,0.000142
g_row\[1\].g_col\[1\].pe/hold3097,VGND,li1,201.4800,125.1200,0.000367
g_row\[1\].g_col\[1\].pe/hold3096,VGND,li1,201.0200,119.6800,0.000380
g_row\[1\].g_col\[0\].pe/hold3095,VGND,li1,217.1200,184.9600,0.000165
g_row\[1\].g_col\[0\].pe/hold3094,VGND,li1,230.4600,195.8400,0.000198
g_row\[1\].g_col\[1\].pe/hold3093,VGND,li1,341.7800,81.6000,0.000247
g_row\[1\].g_col\[1\].pe/hold3092,VGND,li1,238.7400,54.4000,0.000225
g_row\[1\].g_col\[1\].pe/hold3091,VGND,li1,242.8800,48.9600,0.000300
g_row\[1\].g_col\[0\].pe/hold3090,VGND,li1,254.8400,217.6000,0.000302
g_row\[1\].g_col\[1\].pe/hold3089,VGND,li1,246.1000,27.2000,0.000161
g_row\[1\].g_col\[1\].pe/hold3088,VGND,li1,251.6200,32.6400,0.000164
g_row\[0\].g_col\[0\].pe/hold3087,VGND,li1,84.1800,239.3600,0.000353
g_row\[1\].g_col\[0\].pe/hold3086,VGND,li1,225.8600,184.9600,0.000164
hold3085,VGND,li1,176.6400,212.1600,0.000166
g_row\[0\].g_col\[0\].pe/hold3084,VGND,li1,56.1200,179.5200,0.000171
g_row\[0\].g_col\[1\].pe/hold3083,VGND,li1,118.2200,125.1200,0.000520
g_row\[1\].g_col\[0\].pe/hold3082,VGND,li1,234.1400,228.4800,0.000365
g_row\[1\].g_col\[0\].pe/hold3081,VGND,li1,215.2800,184.9600,0.000165
g_row\[0\].g_col\[0\].pe/hold3080,VGND,li1,54.2800,179.5200,0.000166
g_row\[1\].g_col\[0\].pe/hold3079,VGND,li1,248.8600,201.2800,0.000295
g_row\[1\].g_col\[0\].pe/hold3078,VGND,li1,251.6200,223.0400,0.000392
g_row\[0\].g_col\[0\].pe/hold3077,VGND,li1,150.4200,228.4800,0.000225
g_row\[1\].g_col\[1\].pe/hold3076,VGND,li1,219.8800,65.2800,0.000254
g_row\[1\].g_col\[1\].pe/hold3075,VGND,li1,226.7800,54.4000,0.000230
g_row\[1\].g_col\[1\].pe/hold3074,VGND,li1,255.7600,43.5200,0.000209
g_row\[0\].g_col\[1\].pe/hold3073,VGND,li1,153.1800,54.4000,0.000181
g_row\[1\].g_col\[1\].pe/hold3072,VGND,li1,258.0600,43.5200,0.000207
g_row\[1\].g_col\[1\].pe/hold3071,VGND,li1,247.4800,54.4000,0.000221
g_row\[1\].g_col\[0\].pe/hold3070,VGND,li1,242.8800,201.2800,0.000304
g_row\[1\].g_col\[1\].pe/hold3069,VGND,li1,247.9400,43.5200,0.000217
g_row\[0\].g_col\[0\].pe/hold3068,VGND,li1,28.5200,233.9200,0.000106
g_row\[0\].g_col\[0\].pe/hold3067,VGND,li1,65.7800,168.6400,0.000193
g_row\[0\].g_col\[0\].pe/hold3066,VGND,li1,39.5600,223.0400,0.000155
g_row\[1\].g_col\[1\].pe/hold3065,VGND,li1,264.5000,38.0800,0.000231
g_row\[0\].g_col\[0\].pe/hold3064,VGND,li1,153.6400,223.0400,0.000347
g_row\[1\].g_col\[1\].pe/hold3063,VGND,li1,227.7000,114.2400,0.000571
g_row\[1\].g_col\[1\].pe/hold3062,VGND,li1,229.5400,114.2400,0.000574
g_row\[1\].g_col\[0\].pe/hold3061,VGND,li1,198.2600,233.9200,0.000316
hold3060,VGND,li1,174.8000,190.4000,0.000136
g_row\[1\].g_col\[1\].pe/hold3059,VGND,li1,197.8000,43.5200,0.000157
g_row\[1\].g_col\[1\].pe/hold3058,VGND,li1,200.1000,32.6400,0.000159
hold3057,VGND,li1,157.3200,43.5200,0.000163
g_row\[0\].g_col\[0\].pe/hold3056,VGND,li1,104.8800,201.2800,0.000229
g_row\[0\].g_col\[0\].pe/hold3055,VGND,li1,89.2400,195.8400,0.000345
g_row\[0\].g_col\[1\].pe/hold3054,VGND,li1,144.4400,43.5200,0.000178
g_row\[0\].g_col\[0\].pe/hold3053,VGND,li1,166.0600,206.7200,0.000257
g_row\[0\].g_col\[0\].pe/hold3052,VGND,li1,167.9000,223.0400,0.000310
g_row\[0\].g_col\[0\].pe/hold3051,VGND,li1,140.7600,239.3600,0.000430
g_row\[0\].g_col\[1\].pe/hold3050,VGND,li1,181.7000,70.7200,0.000128
g_row\[0\].g_col\[1\].pe/hold3049,VGND,li1,166.0600,76.1600,0.000104
g_row\[1\].g_col\[0\].pe/hold3048,VGND,li1,237.3600,223.0400,0.000397
g_row\[1\].g_col\[0\].pe/hold3047,VGND,li1,235.9800,228.4800,0.000368
g_row\[1\].g_col\[0\].pe/hold3046,VGND,li1,235.5200,233.9200,0.000425
g_row\[1\].g_col\[1\].pe/hold3045,VGND,li1,226.7800,48.9600,0.000313
g_row\[0\].g_col\[0\].pe/hold3044,VGND,li1,140.3000,201.2800,0.000224
g_row\[0\].g_col\[0\].pe/hold3043,VGND,li1,120.5200,223.0400,0.000345
g_row\[0\].g_col\[0\].pe/hold3042,VGND,li1,159.1600,233.9200,0.000277
g_row\[0\].g_col\[0\].pe/hold3041,VGND,li1,108.5600,250.2400,0.000522
g_row\[0\].g_col\[0\].pe/hold3040,VGND,li1,200.5600,244.8000,0.000475
g_row\[0\].g_col\[0\].pe/hold3039,VGND,li1,190.4400,239.3600,0.000355
g_row\[0\].g_col\[0\].pe/hold3038,VGND,li1,184.9200,239.3600,0.000320
g_row\[1\].g_col\[0\].pe/hold3037,VGND,li1,232.3000,244.8000,0.000589
g_row\[1\].g_col\[0\].pe/hold3036,VGND,li1,225.8600,239.3600,0.000513
hold3035,VGND,li1,201.4800,239.3600,0.000414
g_row\[0\].g_col\[0\].pe/hold3034,VGND,li1,178.9400,184.9600,0.000119
g_row\[0\].g_col\[0\].pe/hold3033,VGND,li1,159.1600,212.1600,0.000211
g_row\[0\].g_col\[0\].pe/hold3032,VGND,li1,149.5000,239.3600,0.000403
g_row\[1\].g_col\[0\].pe/hold3031,VGND,li1,230.4600,244.8000,0.000586
g_row\[1\].g_col\[0\].pe/hold3030,VGND,li1,239.2000,223.0400,0.000396
hold3029,VGND,li1,208.3800,239.3600,0.000449
g_row\[1\].g_col\[1\].pe/hold3028,VGND,li1,221.7200,27.2000,0.000160
g_row\[1\].g_col\[1\].pe/hold3027,VGND,li1,210.2200,27.2000,0.000155
hold3026,VGND,li1,165.6000,38.0800,0.000191
g_row\[1\].g_col\[0\].pe/hold3025,VGND,li1,235.9800,217.6000,0.000325
g_row\[1\].g_col\[0\].pe/hold3024,VGND,li1,210.2200,233.9200,0.000364
hold3023,VGND,li1,187.2200,233.9200,0.000255
g_row\[1\].g_col\[1\].pe/hold3022,VGND,li1,246.5600,48.9600,0.000295
g_row\[1\].g_col\[1\].pe/hold3021,VGND,li1,249.3200,38.0800,0.000255
g_row\[1\].g_col\[1\].pe/hold3020,VGND,li1,261.7400,27.2000,0.000158
g_row\[1\].g_col\[1\].pe/hold3019,VGND,li1,234.6000,21.7600,0.000262
hold3018,VGND,li1,197.8000,27.2000,0.000141
g_row\[1\].g_col\[0\].pe/hold3017,VGND,li1,284.7400,239.3600,0.000556
g_row\[1\].g_col\[0\].pe/hold3016,VGND,li1,282.9000,233.9200,0.000427
g_row\[0\].g_col\[0\].pe/hold3015,VGND,li1,133.4000,228.4800,0.000238
g_row\[0\].g_col\[0\].pe/hold3014,VGND,li1,132.0200,217.6000,0.000286
g_row\[1\].g_col\[0\].pe/hold3013,VGND,li1,252.5400,212.1600,0.000260
g_row\[1\].g_col\[0\].pe/hold3012,VGND,li1,249.3200,217.6000,0.000309
g_row\[1\].g_col\[0\].pe/hold3011,VGND,li1,253.4600,206.7200,0.000281
g_row\[1\].g_col\[0\].pe/hold3010,VGND,li1,227.7000,239.3600,0.000518
g_row\[1\].g_col\[0\].pe/hold3009,VGND,li1,196.4200,233.9200,0.000308
hold3008,VGND,li1,184.9200,233.9200,0.000243
g_row\[1\].g_col\[1\].pe/hold3007,VGND,li1,268.6400,130.5600,0.000226
g_row\[0\].g_col\[1\].pe/hold3006,VGND,li1,157.7800,65.2800,0.000210
g_row\[0\].g_col\[1\].pe/hold3005,VGND,li1,158.7000,70.7200,0.000156
g_row\[1\].g_col\[0\].pe/hold3004,VGND,li1,187.2200,174.0800,0.000135
hold3003,VGND,li1,190.4400,190.4000,0.000151
g_row\[1\].g_col\[0\].pe/hold3002,VGND,li1,235.5200,212.1600,0.000278
g_row\[1\].g_col\[0\].pe/hold3001,VGND,li1,211.6000,212.1600,0.000260
hold3000,VGND,li1,185.3800,212.1600,0.000183
g_row\[0\].g_col\[1\].pe/hold2999,VGND,li1,117.3000,32.6400,0.000198
g_row\[0\].g_col\[1\].pe/hold2998,VGND,li1,63.0200,10.8800,0.000080
g_row\[1\].g_col\[0\].pe/hold2997,VGND,li1,241.9600,206.7200,0.000298
g_row\[1\].g_col\[0\].pe/hold2996,VGND,li1,225.4000,228.4800,0.000344
g_row\[0\].g_col\[1\].pe/hold2995,VGND,li1,140.3000,54.4000,0.000186
g_row\[0\].g_col\[1\].pe/hold2994,VGND,li1,136.1600,59.8400,0.000227
g_row\[0\].g_col\[1\].pe/hold2993,VGND,li1,119.1400,54.4000,0.000182
g_row\[1\].g_col\[1\].pe/hold2992,VGND,li1,210.6800,32.6400,0.000167
g_row\[1\].g_col\[1\].pe/hold2991,VGND,li1,207.0000,21.7600,0.000265
hold2990,VGND,li1,166.0600,32.6400,0.000157
g_row\[0\].g_col\[1\].pe/hold2989,VGND,li1,154.1000,43.5200,0.000167
g_row\[0\].g_col\[1\].pe/hold2988,VGND,li1,172.0400,76.1600,0.000095
g_row\[0\].g_col\[1\].pe/hold2987,VGND,li1,92.4600,32.6400,0.000181
g_row\[1\].g_col\[0\].pe/hold2986,VGND,li1,200.5600,228.4800,0.000279
g_row\[1\].g_col\[0\].pe/hold2985,VGND,li1,212.9800,233.9200,0.000370
hold2984,VGND,li1,210.2200,228.4800,0.000306
g_row\[0\].g_col\[0\].pe/hold2983,VGND,li1,192.2800,239.3600,0.000367
g_row\[0\].g_col\[0\].pe/hold2982,VGND,li1,188.6000,239.3600,0.000344
g_row\[0\].g_col\[0\].pe/hold2981,VGND,li1,177.1000,233.9200,0.000224
g_row\[1\].g_col\[1\].pe/hold2980,VGND,li1,209.7600,48.9600,0.000295
g_row\[1\].g_col\[1\].pe/hold2979,VGND,li1,202.8600,43.5200,0.000168
hold2978,VGND,li1,176.1800,48.9600,0.000227
g_row\[0\].g_col\[0\].pe/hold2977,VGND,li1,172.0400,233.9200,0.000238
g_row\[0\].g_col\[0\].pe/hold2976,VGND,li1,168.3600,239.3600,0.000335
g_row\[0\].g_col\[0\].pe/hold2975,VGND,li1,145.3600,250.2400,0.000492
g_row\[1\].g_col\[0\].pe/hold2974,VGND,li1,339.4800,163.2000,0.000141
g_row\[1\].g_col\[0\].pe/hold2973,VGND,li1,369.8400,157.7600,0.000337
g_row\[0\].g_col\[1\].pe/hold2972,VGND,li1,124.2000,27.2000,0.000171
g_row\[0\].g_col\[1\].pe/hold2971,VGND,li1,175.7200,81.6000,0.000116
g_row\[0\].g_col\[1\].pe/hold2970,VGND,li1,133.4000,59.8400,0.000226
g_row\[0\].g_col\[1\].pe/hold2969,VGND,li1,146.2800,27.2000,0.000166
g_row\[0\].g_col\[1\].pe/hold2968,VGND,li1,133.4000,27.2000,0.000172
g_row\[0\].g_col\[1\].pe/hold2967,VGND,li1,96.1400,32.6400,0.000184
g_row\[1\].g_col\[0\].pe/hold2966,VGND,li1,352.8200,163.2000,0.000183
g_row\[1\].g_col\[0\].pe/hold2965,VGND,li1,379.5000,179.5200,0.000165
g_row\[0\].g_col\[0\].pe/hold2964,VGND,li1,170.2000,233.9200,0.000244
g_row\[0\].g_col\[0\].pe/hold2963,VGND,li1,174.3400,239.3600,0.000305
g_row\[0\].g_col\[0\].pe/hold2962,VGND,li1,132.9400,223.0400,0.000350
g_row\[0\].g_col\[0\].pe/hold2961,VGND,li1,131.5600,228.4800,0.000239
g_row\[1\].g_col\[0\].pe/hold2960,VGND,li1,391.4600,157.7600,0.000391
g_row\[1\].g_col\[0\].pe/hold2959,VGND,li1,365.2400,184.9600,0.000131
g_row\[1\].g_col\[0\].pe/hold2958,VGND,li1,347.7600,163.2000,0.000167
g_row\[1\].g_col\[0\].pe/hold2957,VGND,li1,372.1400,168.6400,0.000246
g_row\[0\].g_col\[0\].pe/hold2956,VGND,li1,124.2000,223.0400,0.000347
g_row\[0\].g_col\[0\].pe/hold2955,VGND,li1,133.4000,212.1600,0.000242
g_row\[0\].g_col\[1\].pe/hold2954,VGND,li1,36.8000,38.0800,0.000088
g_row\[0\].g_col\[1\].pe/hold2953,VGND,li1,22.5400,16.3200,0.000091
g_row\[0\].g_col\[1\].pe/hold2952,VGND,li1,38.1800,32.6400,0.000092
g_row\[0\].g_col\[0\].pe/hold2951,VGND,li1,40.4800,190.4000,0.000110
g_row\[0\].g_col\[0\].pe/hold2950,VGND,li1,41.8600,195.8400,0.000200
g_row\[0\].g_col\[0\].pe/hold2949,VGND,li1,73.1400,174.0800,0.000301
g_row\[1\].g_col\[0\].pe/hold2948,VGND,li1,326.1400,141.4400,0.000236
g_row\[1\].g_col\[0\].pe/hold2947,VGND,li1,330.2800,141.4400,0.000229
g_row\[1\].g_col\[0\].pe/hold2946,VGND,li1,340.4000,119.6800,0.000207
g_row\[0\].g_col\[0\].pe/hold2945,VGND,li1,174.8000,223.0400,0.000288
g_row\[0\].g_col\[0\].pe/hold2944,VGND,li1,167.9000,201.2800,0.000188
g_row\[0\].g_col\[0\].pe/hold2943,VGND,li1,163.3000,228.4800,0.000210
g_row\[0\].g_col\[0\].pe/hold2942,VGND,li1,174.3400,261.1200,0.000291
g_row\[0\].g_col\[1\].pe/hold2941,VGND,li1,169.7400,70.7200,0.000136
g_row\[0\].g_col\[1\].pe/hold2940,VGND,li1,190.4400,70.7200,0.000140
g_row\[0\].g_col\[0\].pe/hold2939,VGND,li1,120.0600,168.6400,0.000193
g_row\[0\].g_col\[0\].pe/hold2938,VGND,li1,120.9800,174.0800,0.000258
g_row\[0\].g_col\[0\].pe/hold2937,VGND,li1,34.0400,195.8400,0.000157
g_row\[0\].g_col\[0\].pe/hold2936,VGND,li1,29.9000,206.7200,0.000105
g_row\[0\].g_col\[0\].pe/hold2935,VGND,li1,77.7400,174.0800,0.000299
g_row\[0\].g_col\[0\].pe/hold2934,VGND,li1,55.2000,195.8400,0.000257
g_row\[1\].g_col\[1\].pe/hold2933,VGND,li1,212.5200,65.2800,0.000252
g_row\[1\].g_col\[1\].pe/hold2932,VGND,li1,210.6800,70.7200,0.000157
g_row\[1\].g_col\[0\].pe/hold2931,VGND,li1,199.1800,168.6400,0.000177
g_row\[1\].g_col\[0\].pe/hold2930,VGND,li1,194.1200,141.4400,0.000328
g_row\[1\].g_col\[0\].pe/hold2929,VGND,li1,203.7800,179.5200,0.000287
g_row\[1\].g_col\[0\].pe/hold2928,VGND,li1,197.3400,168.6400,0.000173
g_row\[1\].g_col\[0\].pe/hold2927,VGND,li1,202.8600,152.3200,0.000118
g_row\[1\].g_col\[0\].pe/hold2926,VGND,li1,326.6000,130.5600,0.000173
g_row\[1\].g_col\[0\].pe/hold2925,VGND,li1,350.9800,141.4400,0.000305
g_row\[0\].g_col\[0\].pe/hold2924,VGND,li1,37.7200,190.4000,0.000105
g_row\[0\].g_col\[0\].pe/hold2923,VGND,li1,23.9200,201.2800,0.000073
g_row\[0\].g_col\[0\].pe/hold2922,VGND,li1,47.8400,206.7200,0.000164
g_row\[0\].g_col\[0\].pe/hold2921,VGND,li1,78.2000,179.5200,0.000219
g_row\[0\].g_col\[0\].pe/hold2920,VGND,li1,10.1200,201.2800,0.000076
g_row\[1\].g_col\[0\].pe/hold2919,VGND,li1,354.6600,163.2000,0.000190
g_row\[1\].g_col\[0\].pe/hold2918,VGND,li1,350.5200,163.2000,0.000173
g_row\[1\].g_col\[0\].pe/hold2917,VGND,li1,323.3800,136.0000,0.000179
g_row\[1\].g_col\[0\].pe/hold2916,VGND,li1,324.3000,136.0000,0.000179
g_row\[1\].g_col\[0\].pe/hold2915,VGND,li1,324.7600,130.5600,0.000178
g_row\[1\].g_col\[0\].pe/hold2914,VGND,li1,350.0600,146.8800,0.000295
g_row\[1\].g_col\[0\].pe/hold2913,VGND,li1,367.5400,157.7600,0.000329
g_row\[0\].g_col\[0\].pe/hold2912,VGND,li1,68.5400,157.7600,0.000188
g_row\[0\].g_col\[0\].pe/hold2911,VGND,li1,39.1000,184.9600,0.000122
g_row\[0\].g_col\[0\].pe/hold2910,VGND,li1,9.2000,157.7600,0.000133
g_row\[0\].g_col\[1\].pe/hold2909,VGND,li1,174.3400,48.9600,0.000241
g_row\[0\].g_col\[1\].pe/hold2908,VGND,li1,177.5600,43.5200,0.000115
g_row\[0\].g_col\[1\].pe/hold2907,VGND,li1,159.1600,43.5200,0.000157
g_row\[0\].g_col\[1\].pe/hold2906,VGND,li1,135.2400,27.2000,0.000172
g_row\[0\].g_col\[0\].pe/hold2905,VGND,li1,46.4600,179.5200,0.000141
g_row\[0\].g_col\[0\].pe/hold2904,VGND,li1,22.5400,163.2000,0.000132
g_row\[1\].g_col\[0\].pe/hold2903,VGND,li1,363.4000,174.0800,0.000124
g_row\[1\].g_col\[0\].pe/hold2902,VGND,li1,370.3000,179.5200,0.000157
g_row\[1\].g_col\[0\].pe/hold2901,VGND,li1,371.6800,152.3200,0.000159
g_row\[1\].g_col\[0\].pe/hold2900,VGND,li1,365.2400,152.3200,0.000152
g_row\[1\].g_col\[0\].pe/hold2899,VGND,li1,373.5200,152.3200,0.000161
g_row\[0\].g_col\[0\].pe/hold2898,VGND,li1,21.6200,195.8400,0.000116
g_row\[0\].g_col\[0\].pe/hold2897,VGND,li1,23.9200,206.7200,0.000085
g_row\[1\].g_col\[0\].pe/hold2896,VGND,li1,332.5800,130.5600,0.000161
g_row\[1\].g_col\[0\].pe/hold2895,VGND,li1,329.3600,130.5600,0.000167
g_row\[1\].g_col\[0\].pe/hold2894,VGND,li1,329.3600,125.1200,0.000224
g_row\[1\].g_col\[0\].pe/hold2893,VGND,li1,195.5000,157.7600,0.000162
g_row\[1\].g_col\[0\].pe/hold2892,VGND,li1,204.7000,152.3200,0.000119
g_row\[0\].g_col\[0\].pe/hold2891,VGND,li1,29.9000,195.8400,0.000139
g_row\[0\].g_col\[0\].pe/hold2890,VGND,li1,32.6600,201.2800,0.000094
g_row\[0\].g_col\[0\].pe/hold2889,VGND,li1,28.0600,179.5200,0.000091
g_row\[0\].g_col\[0\].pe/hold2888,VGND,li1,30.3600,195.8400,0.000148
g_row\[0\].g_col\[0\].pe/hold2887,VGND,li1,23.4600,195.8400,0.000116
g_row\[0\].g_col\[0\].pe/hold2886,VGND,li1,27.1400,184.9600,0.000086
g_row\[1\].g_col\[1\].pe/hold2885,VGND,li1,200.5600,65.2800,0.000243
g_row\[1\].g_col\[1\].pe/hold2884,VGND,li1,201.9400,70.7200,0.000151
g_row\[1\].g_col\[1\].pe/hold2883,VGND,li1,200.1000,43.5200,0.000161
g_row\[1\].g_col\[0\].pe/hold2882,VGND,li1,200.5600,217.6000,0.000284
g_row\[1\].g_col\[0\].pe/hold2881,VGND,li1,192.2800,212.1600,0.000207
g_row\[1\].g_col\[0\].pe/hold2880,VGND,li1,201.4800,223.0400,0.000352
g_row\[0\].g_col\[0\].pe/hold2879,VGND,li1,43.2400,163.2000,0.000199
g_row\[0\].g_col\[0\].pe/hold2878,VGND,li1,44.6200,157.7600,0.000160
g_row\[0\].g_col\[0\].pe/hold2877,VGND,li1,33.1200,152.3200,0.000124
g_row\[0\].g_col\[0\].pe/hold2876,VGND,li1,51.9800,163.2000,0.000220
g_row\[0\].g_col\[0\].pe/hold2875,VGND,li1,38.6400,179.5200,0.000119
g_row\[1\].g_col\[1\].pe/hold2874,VGND,li1,245.6400,10.8800,0.000110
g_row\[1\].g_col\[1\].pe/hold2873,VGND,li1,269.1000,16.3200,0.000252
g_row\[1\].g_col\[1\].pe/hold2872,VGND,li1,263.5800,27.2000,0.000158
g_row\[1\].g_col\[1\].pe/hold2871,VGND,li1,245.1800,21.7600,0.000253
g_row\[1\].g_col\[1\].pe/hold2870,VGND,li1,235.5200,16.3200,0.000292
g_row\[1\].g_col\[1\].pe/hold2869,VGND,li1,248.8600,21.7600,0.000249
g_row\[1\].g_col\[1\].pe/hold2868,VGND,li1,256.6800,21.7600,0.000240
g_row\[1\].g_col\[1\].pe/hold2867,VGND,li1,247.4800,10.8800,0.000109
g_row\[1\].g_col\[1\].pe/hold2866,VGND,li1,238.7400,16.3200,0.000290
g_row\[1\].g_col\[1\].pe/hold2865,VGND,li1,243.8000,21.7600,0.000255
g_row\[1\].g_col\[1\].pe/hold2864,VGND,li1,235.0600,10.8800,0.000109
g_row\[1\].g_col\[1\].pe/hold2863,VGND,li1,241.5000,21.7600,0.000256
g_row\[1\].g_col\[1\].pe/hold2862,VGND,li1,243.3400,21.7600,0.000255
g_row\[1\].g_col\[0\].pe/hold2861,VGND,li1,229.5400,206.7200,0.000309
g_row\[1\].g_col\[0\].pe/hold2860,VGND,li1,222.6400,217.6000,0.000336
g_row\[1\].g_col\[0\].pe/hold2859,VGND,li1,210.6800,233.9200,0.000364
g_row\[1\].g_col\[0\].pe/hold2858,VGND,li1,203.7800,223.0400,0.000360
g_row\[1\].g_col\[0\].pe/hold2857,VGND,li1,194.5800,233.9200,0.000299
g_row\[1\].g_col\[0\].pe/hold2856,VGND,li1,204.7000,244.8000,0.000499
g_row\[1\].g_col\[0\].pe/hold2855,VGND,li1,201.0200,239.3600,0.000414
g_row\[1\].g_col\[0\].pe/hold2854,VGND,li1,215.7400,239.3600,0.000479
g_row\[1\].g_col\[0\].pe/hold2853,VGND,li1,187.6800,179.5200,0.000222
g_row\[1\].g_col\[0\].pe/hold2852,VGND,li1,189.5200,179.5200,0.000230
g_row\[1\].g_col\[0\].pe/hold2851,VGND,li1,197.8000,184.9600,0.000159
g_row\[1\].g_col\[0\].pe/hold2850,VGND,li1,184.9200,174.0800,0.000132
g_row\[1\].g_col\[0\].pe/hold2849,VGND,li1,210.6800,212.1600,0.000260
g_row\[1\].g_col\[0\].pe/hold2848,VGND,li1,202.8600,206.7200,0.000295
g_row\[1\].g_col\[0\].pe/hold2847,VGND,li1,218.9600,190.4000,0.000162
g_row\[1\].g_col\[0\].pe/hold2846,VGND,li1,205.6200,201.2800,0.000258
g_row\[1\].g_col\[1\].pe/hold2845,VGND,li1,187.2200,10.8800,0.000081
g_row\[1\].g_col\[1\].pe/hold2844,VGND,li1,187.2200,21.7600,0.000215
g_row\[1\].g_col\[1\].pe/hold2843,VGND,li1,179.8600,16.3200,0.000225
g_row\[1\].g_col\[1\].pe/hold2842,VGND,li1,177.1000,10.8800,0.000069
g_row\[1\].g_col\[1\].pe/hold2841,VGND,li1,246.5600,16.3200,0.000281
g_row\[1\].g_col\[1\].pe/hold2840,VGND,li1,255.3000,16.3200,0.000271
g_row\[1\].g_col\[1\].pe/hold2839,VGND,li1,243.8000,10.8800,0.000110
g_row\[1\].g_col\[1\].pe/hold2838,VGND,li1,241.9600,16.3200,0.000286
g_row\[1\].g_col\[0\].pe/hold2837,VGND,li1,187.6800,217.6000,0.000229
g_row\[1\].g_col\[0\].pe/hold2836,VGND,li1,189.5200,217.6000,0.000239
g_row\[1\].g_col\[0\].pe/hold2835,VGND,li1,190.4400,217.6000,0.000239
g_row\[1\].g_col\[0\].pe/hold2834,VGND,li1,187.6800,212.1600,0.000191
g_row\[1\].g_col\[0\].pe/hold2833,VGND,li1,179.8600,195.8400,0.000151
g_row\[1\].g_col\[0\].pe/hold2832,VGND,li1,188.6000,206.7200,0.000250
g_row\[1\].g_col\[0\].pe/hold2831,VGND,li1,189.9800,201.2800,0.000213
g_row\[1\].g_col\[0\].pe/hold2830,VGND,li1,186.3000,190.4000,0.000146
g_row\[1\].g_col\[1\].pe/hold2829,VGND,li1,254.8400,21.7600,0.000242
g_row\[1\].g_col\[1\].pe/hold2828,VGND,li1,264.5000,21.7600,0.000231
g_row\[1\].g_col\[1\].pe/hold2827,VGND,li1,265.8800,21.7600,0.000228
g_row\[1\].g_col\[1\].pe/hold2826,VGND,li1,264.0400,21.7600,0.000231
g_row\[1\].g_col\[1\].pe/hold2825,VGND,li1,231.8400,32.6400,0.000171
g_row\[1\].g_col\[1\].pe/hold2824,VGND,li1,199.6400,16.3200,0.000285
g_row\[1\].g_col\[1\].pe/hold2823,VGND,li1,218.5000,27.2000,0.000160
g_row\[1\].g_col\[1\].pe/hold2822,VGND,li1,207.9200,16.3200,0.000299
g_row\[1\].g_col\[0\].pe/hold2821,VGND,li1,193.6600,195.8400,0.000176
g_row\[1\].g_col\[0\].pe/hold2820,VGND,li1,204.7000,190.4000,0.000161
g_row\[1\].g_col\[0\].pe/hold2819,VGND,li1,202.8600,195.8400,0.000187
g_row\[1\].g_col\[0\].pe/hold2818,VGND,li1,215.2800,190.4000,0.000162
g_row\[1\].g_col\[0\].pe/hold2817,VGND,li1,217.1200,190.4000,0.000162
g_row\[1\].g_col\[0\].pe/hold2816,VGND,li1,214.8200,190.4000,0.000162
hold2815,VGND,li1,172.0400,141.4400,0.000234
hold2814,VGND,li1,127.8800,146.8800,0.000185
hold2813,VGND,li1,79.5800,141.4400,0.000324
hold2812,VGND,li1,43.2400,136.0000,0.000160
hold2811,VGND,li1,61.6400,141.4400,0.000276
hold2810,VGND,li1,17.0200,38.0800,0.000065
hold2809,VGND,li1,195.9600,146.8800,0.000135
hold2808,VGND,li1,193.2000,152.3200,0.000105
hold2807,VGND,li1,145.8200,146.8800,0.000161
hold2806,VGND,li1,54.2800,152.3200,0.000163
hold2805,VGND,li1,61.6400,152.3200,0.000167
hold2804,VGND,li1,64.8600,130.5600,0.000320
hold2803,VGND,li1,119.1400,103.3600,0.000424
hold2802,VGND,li1,46.0000,103.3600,0.000354
hold2801,VGND,li1,46.9200,76.1600,0.000093
hold2800,VGND,li1,52.9000,92.4800,0.000136
hold2799,VGND,li1,42.7800,76.1600,0.000085
hold2798,VGND,li1,55.6600,76.1600,0.000105
hold2797,VGND,li1,169.2800,157.7600,0.000117
hold2796,VGND,li1,109.0200,152.3200,0.000164
hold2795,VGND,li1,58.8800,157.7600,0.000180
hold2794,VGND,li1,26.2200,179.5200,0.000085
hold2793,VGND,li1,76.8200,152.3200,0.000172
hold2792,VGND,li1,21.6200,81.6000,0.000051
hold2791,VGND,li1,108.1000,119.6800,0.000541
hold2790,VGND,li1,40.0200,119.6800,0.000290
hold2789,VGND,li1,21.6200,43.5200,0.000094
hold2788,VGND,li1,53.3600,87.0400,0.000117
hold2787,VGND,li1,29.4400,54.4000,0.000068
hold2786,VGND,li1,32.6600,48.9600,0.000170
hold2785,VGND,li1,7.8200,152.3200,0.000108
hold2784,VGND,li1,7.8200,114.2400,0.000237
hold2783,VGND,li1,54.2800,108.8000,0.000284
hold2782,VGND,li1,32.6600,48.9600,0.000170
hold2781,VGND,li1,56.5800,76.1600,0.000105
hold2780,VGND,li1,47.3800,76.1600,0.000093
hold2779,VGND,li1,25.3000,250.2400,0.000171
hold2778,VGND,li1,106.7200,201.2800,0.000230
hold2777,VGND,li1,156.4000,190.4000,0.000169
hold2776,VGND,li1,106.7200,250.2400,0.000519
hold2775,VGND,li1,99.8200,266.5600,0.000173
hold2774,VGND,li1,151.8000,184.9600,0.000164
hold2773,VGND,li1,354.2000,119.6800,0.000230
hold2772,VGND,li1,367.0800,130.5600,0.000262
hold2771,VGND,li1,366.6200,114.2400,0.000537
hold2770,VGND,li1,380.4200,76.1600,0.000205
hold2769,VGND,li1,391.0000,32.6400,0.000165
hold2768,VGND,li1,339.4800,103.3600,0.000242
hold2767,VGND,li1,7.8200,261.1200,0.000230
hold2766,VGND,li1,58.4200,206.7200,0.000196
hold2765,VGND,li1,96.6000,174.0800,0.000286
hold2764,VGND,li1,57.0400,223.0400,0.000214
hold2763,VGND,li1,99.8200,163.2000,0.000227
hold2762,VGND,li1,97.0600,163.2000,0.000229
hold2761,VGND,li1,318.7800,130.5600,0.000186
hold2760,VGND,li1,313.7200,130.5600,0.000192
hold2759,VGND,li1,329.3600,125.1200,0.000224
hold2758,VGND,li1,364.7800,108.8000,0.000214
hold2757,VGND,li1,368.9200,87.0400,0.000312
hold2756,VGND,li1,380.4200,65.2800,0.000283
hold2755,VGND,li1,21.1600,146.8800,0.000131
hold2754,VGND,li1,7.8200,108.8000,0.000165
hold2753,VGND,li1,26.6800,119.6800,0.000190
hold2752,VGND,li1,39.5600,108.8000,0.000232
hold2751,VGND,li1,22.0800,92.4800,0.000070
hold2750,VGND,li1,16.5600,32.6400,0.000061
hold2749,VGND,li1,361.1000,146.8800,0.000337
hold2748,VGND,li1,356.0400,125.1200,0.000296
hold2747,VGND,li1,360.1800,114.2400,0.000515
hold2746,VGND,li1,368.4600,92.4800,0.000470
hold2745,VGND,li1,380.4200,59.8400,0.000270
hold2744,VGND,li1,380.4200,59.8400,0.000270
hold2743,VGND,li1,30.3600,141.4400,0.000153
hold2742,VGND,li1,17.4800,114.2400,0.000236
hold2741,VGND,li1,17.9400,195.8400,0.000117
hold2740,VGND,li1,22.0800,190.4000,0.000071
hold2739,VGND,li1,13.8000,201.2800,0.000076
hold2738,VGND,li1,7.8200,250.2400,0.000176
hold2737,VGND,li1,118.2200,206.7200,0.000296
hold2736,VGND,li1,60.2600,244.8000,0.000396
hold2735,VGND,li1,129.2600,163.2000,0.000191
hold2734,VGND,li1,52.4400,233.9200,0.000180
hold2733,VGND,li1,15.6400,255.6800,0.000160
hold2732,VGND,li1,47.3800,233.9200,0.000168
hold2731,VGND,li1,339.0200,119.6800,0.000207
hold2730,VGND,li1,354.6600,119.6800,0.000230
hold2729,VGND,li1,356.9600,119.6800,0.000234
hold2728,VGND,li1,370.7600,108.8000,0.000221
hold2727,VGND,li1,372.6000,87.0400,0.000317
hold2726,VGND,li1,383.1800,65.2800,0.000286
hold2725,VGND,li1,382.2600,174.0800,0.000145
hold2724,VGND,li1,391.9200,168.6400,0.000267
hold2723,VGND,li1,339.4800,163.2000,0.000141
hold2722,VGND,li1,368.0000,217.6000,0.000225
hold2721,VGND,li1,355.1200,201.2800,0.000175
hold2720,VGND,li1,334.8800,179.5200,0.000111
hold2719,VGND,li1,9.2000,157.7600,0.000133
hold2718,VGND,li1,21.6200,125.1200,0.000186
hold2717,VGND,li1,55.2000,146.8800,0.000222
hold2716,VGND,li1,43.2400,125.1200,0.000319
hold2715,VGND,li1,28.0600,108.8000,0.000171
hold2714,VGND,li1,7.8200,59.8400,0.000063
hold2713,VGND,li1,13.8000,184.9600,0.000083
hold2712,VGND,li1,17.4800,184.9600,0.000082
hold2711,VGND,li1,19.7800,87.0400,0.000064
hold2710,VGND,li1,71.3000,103.3600,0.000493
hold2709,VGND,li1,84.6400,108.8000,0.000353
hold2708,VGND,li1,46.0000,32.6400,0.000107
hold2707,VGND,li1,181.7000,244.8000,0.000367
hold2706,VGND,li1,195.5000,255.6800,0.000337
hold2705,VGND,li1,212.9800,266.5600,0.000060
hold2704,VGND,li1,200.1000,255.6800,0.000355
hold2703,VGND,li1,150.4200,261.1200,0.000453
hold2702,VGND,li1,249.3200,261.1200,0.000345
hold2701,VGND,li1,371.2200,184.9600,0.000139
hold2700,VGND,li1,390.5400,190.4000,0.000151
hold2699,VGND,li1,378.1200,195.8400,0.000160
hold2698,VGND,li1,391.9200,244.8000,0.000379
hold2697,VGND,li1,346.3800,184.9600,0.000102
hold2696,VGND,li1,354.6600,184.9600,0.000113
hold2695,VGND,li1,120.5200,212.1600,0.000242
hold2694,VGND,li1,45.5400,266.5600,0.000119
hold2693,VGND,li1,81.8800,212.1600,0.000199
hold2692,VGND,li1,71.3000,217.6000,0.000230
hold2691,VGND,li1,67.1600,233.9200,0.000226
hold2690,VGND,li1,58.8800,228.4800,0.000153
hold2689,VGND,li1,378.1200,190.4000,0.000145
hold2688,VGND,li1,345.4600,190.4000,0.000099
hold2687,VGND,li1,381.8000,223.0400,0.000307
hold2686,VGND,li1,339.4800,168.6400,0.000154
hold2685,VGND,li1,337.6400,163.2000,0.000130
hold2684,VGND,li1,371.2200,212.1600,0.000190
hold2683,VGND,li1,390.5400,125.1200,0.000322
hold2682,VGND,li1,391.4600,97.9200,0.000441
hold2681,VGND,li1,390.5400,97.9200,0.000441
hold2680,VGND,li1,383.1800,195.8400,0.000163
hold2679,VGND,li1,368.9200,201.2800,0.000205
hold2678,VGND,li1,372.6000,201.2800,0.000212
hold2677,VGND,li1,89.2400,250.2400,0.000488
hold2676,VGND,li1,45.0800,255.6800,0.000265
hold2675,VGND,li1,15.1800,261.1200,0.000229
hold2674,VGND,li1,67.6200,244.8000,0.000438
hold2673,VGND,li1,117.3000,190.4000,0.000191
hold2672,VGND,li1,58.4200,206.7200,0.000196
hold2671,VGND,li1,349.1400,168.6400,0.000185
hold2670,VGND,li1,378.1200,184.9600,0.000148
hold2669,VGND,li1,359.2600,174.0800,0.000119
hold2668,VGND,li1,341.7800,179.5200,0.000121
hold2667,VGND,li1,391.0000,239.3600,0.000544
hold2666,VGND,li1,323.3800,163.2000,0.000117
hold2665,VGND,li1,113.6200,190.4000,0.000192
hold2664,VGND,li1,48.7600,239.3600,0.000220
hold2663,VGND,li1,47.3800,266.5600,0.000126
hold2662,VGND,li1,106.7200,223.0400,0.000331
hold2661,VGND,li1,105.3400,212.1600,0.000234
hold2660,VGND,li1,66.2400,217.6000,0.000219
hold2659,VGND,li1,7.8200,217.6000,0.000095
hold2658,VGND,li1,8.7400,190.4000,0.000073
hold2657,VGND,li1,7.8200,65.2800,0.000064
hold2656,VGND,li1,65.3200,108.8000,0.000318
hold2655,VGND,li1,92.9200,136.0000,0.000260
hold2654,VGND,li1,24.3800,70.7200,0.000059
hold2653,VGND,li1,43.2400,48.9600,0.000210
hold2652,VGND,li1,44.1600,32.6400,0.000104
hold2651,VGND,li1,49.2200,76.1600,0.000096
hold2650,VGND,li1,64.8600,76.1600,0.000117
hold2649,VGND,li1,39.1000,54.4000,0.000087
hold2648,VGND,li1,58.8800,70.7200,0.000120
hold2647,VGND,li1,382.2600,179.5200,0.000167
hold2646,VGND,li1,391.9200,179.5200,0.000171
hold2645,VGND,li1,373.0600,184.9600,0.000142
hold2644,VGND,li1,368.4600,190.4000,0.000132
hold2643,VGND,li1,356.9600,190.4000,0.000117
hold2642,VGND,li1,360.1800,201.2800,0.000188
hold2641,VGND,li1,377.6600,130.5600,0.000267
hold2640,VGND,li1,391.9200,136.0000,0.000276
hold2639,VGND,li1,380.4200,168.6400,0.000258
hold2638,VGND,li1,390.5400,152.3200,0.000170
hold2637,VGND,li1,390.5400,130.5600,0.000267
hold2636,VGND,li1,391.9200,76.1600,0.000209
hold2635,VGND,li1,9.2000,190.4000,0.000073
hold2634,VGND,li1,7.8200,76.1600,0.000058
hold2633,VGND,li1,84.1800,130.5600,0.000369
hold2632,VGND,li1,26.6800,65.2800,0.000067
hold2631,VGND,li1,47.8400,81.6000,0.000086
hold2630,VGND,li1,41.4000,81.6000,0.000076
hold2629,VGND,li1,172.0400,255.6800,0.000300
hold2628,VGND,li1,200.1000,244.8000,0.000475
hold2627,VGND,li1,169.2800,184.9600,0.000136
hold2626,VGND,li1,57.5000,261.1200,0.000464
hold2625,VGND,li1,164.6800,174.0800,0.000157
hold2624,VGND,li1,165.6000,168.6400,0.000142
hold2623,VGND,li1,176.6400,239.3600,0.000294
hold2622,VGND,li1,176.6400,261.1200,0.000271
hold2621,VGND,li1,202.8600,255.6800,0.000373
hold2620,VGND,li1,212.9800,255.6800,0.000418
hold2619,VGND,li1,97.9800,266.5600,0.000173
hold2618,VGND,li1,248.4000,244.8000,0.000607
hold2617,VGND,li1,81.8800,168.6400,0.000202
hold2616,VGND,li1,14.7200,244.8000,0.000167
hold2615,VGND,li1,18.8600,233.9200,0.000091
hold2614,VGND,li1,45.5400,217.6000,0.000157
hold2613,VGND,li1,90.6200,168.6400,0.000203
hold2612,VGND,li1,58.4200,195.8400,0.000265
hold2611,VGND,li1,60.7200,228.4800,0.000159
hold2610,VGND,li1,80.0400,233.9200,0.000257
hold2609,VGND,li1,132.9400,195.8400,0.000293
hold2608,VGND,li1,78.2000,244.8000,0.000486
hold2607,VGND,li1,94.7600,201.2800,0.000221
hold2606,VGND,li1,24.8400,250.2400,0.000171
hold2605,VGND,li1,372.1400,119.6800,0.000256
hold2604,VGND,li1,377.2000,119.6800,0.000262
hold2603,VGND,li1,391.9200,119.6800,0.000269
hold2602,VGND,li1,389.6200,76.1600,0.000209
hold2601,VGND,li1,365.2400,87.0400,0.000302
hold2600,VGND,li1,318.3200,141.4400,0.000259
hold2599,VGND,li1,180.3200,250.2400,0.000308
hold2598,VGND,li1,183.5400,266.5600,0.000060
hold2597,VGND,li1,200.5600,250.2400,0.000380
hold2596,VGND,li1,136.1600,266.5600,0.000149
hold2595,VGND,li1,238.7400,266.5600,0.000059
hold2594,VGND,li1,253.4600,266.5600,0.000057
hold2593,VGND,li1,128.8000,70.7200,0.000182
hold2592,VGND,li1,116.3800,70.7200,0.000177
hold2591,VGND,li1,73.1400,38.0800,0.000148
hold2590,VGND,li1,90.6200,32.6400,0.000177
hold2589,VGND,li1,107.6400,65.2800,0.000199
hold2588,VGND,li1,45.5400,21.7600,0.000121
hold2587,VGND,li1,153.6400,190.4000,0.000172
hold2586,VGND,li1,116.3800,217.6000,0.000293
hold2585,VGND,li1,103.0400,233.9200,0.000298
hold2584,VGND,li1,92.9200,250.2400,0.000498
hold2583,VGND,li1,143.5200,195.8400,0.000275
hold2582,VGND,li1,60.2600,255.6800,0.000353
hold2581,VGND,li1,23.9200,228.4800,0.000076
hold2580,VGND,li1,17.4800,217.6000,0.000093
hold2579,VGND,li1,22.0800,201.2800,0.000074
hold2578,VGND,li1,22.0800,212.1600,0.000079
hold2577,VGND,li1,19.7800,223.0400,0.000101
hold2576,VGND,li1,15.6400,233.9200,0.000091
hold2575,VGND,li1,19.7800,195.8400,0.000117
hold2574,VGND,li1,7.8200,97.9200,0.000114
hold2573,VGND,li1,20.2400,92.4800,0.000071
hold2572,VGND,li1,66.7000,130.5600,0.000328
hold2571,VGND,li1,37.2600,97.9200,0.000154
hold2570,VGND,li1,92.0000,141.4400,0.000328
hold2569,VGND,li1,114.5400,43.5200,0.000199
hold2568,VGND,li1,157.3200,76.1600,0.000118
hold2567,VGND,li1,174.8000,92.4800,0.000153
hold2566,VGND,li1,175.7200,97.9200,0.000129
hold2565,VGND,li1,176.1800,103.3600,0.000180
hold2564,VGND,li1,181.7000,108.8000,0.000170
hold2563,VGND,li1,42.3200,244.8000,0.000273
hold2562,VGND,li1,67.1600,239.3600,0.000299
hold2561,VGND,li1,67.1600,228.4800,0.000172
hold2560,VGND,li1,58.4200,217.6000,0.000200
hold2559,VGND,li1,33.1200,239.3600,0.000156
hold2558,VGND,li1,84.6400,190.4000,0.000188
hold2557,VGND,li1,181.7000,103.3600,0.000170
hold2556,VGND,li1,143.5200,70.7200,0.000176
hold2555,VGND,li1,138.0000,59.8400,0.000228
hold2554,VGND,li1,97.5200,27.2000,0.000153
hold2553,VGND,li1,189.5200,97.9200,0.000139
hold2552,VGND,li1,281.5200,16.3200,0.000233
hold2551,VGND,li1,52.9000,125.1200,0.000388
hold2550,VGND,li1,56.1200,125.1200,0.000402
hold2549,VGND,li1,69.0000,141.4400,0.000296
hold2548,VGND,li1,23.0000,97.9200,0.000110
hold2547,VGND,li1,9.6600,92.4800,0.000073
hold2546,VGND,li1,14.7200,65.2800,0.000063
hold2545,VGND,li1,114.5400,244.8000,0.000616
hold2544,VGND,li1,101.2000,255.6800,0.000473
hold2543,VGND,li1,106.7200,261.1200,0.000586
hold2542,VGND,li1,49.6800,266.5600,0.000131
hold2541,VGND,li1,161.4600,174.0800,0.000169
hold2540,VGND,li1,84.1800,250.2400,0.000474
hold2539,VGND,li1,141.6800,76.1600,0.000139
hold2538,VGND,li1,139.8400,65.2800,0.000216
hold2537,VGND,li1,120.5200,38.0800,0.000196
hold2536,VGND,li1,129.2600,54.4000,0.000184
hold2535,VGND,li1,43.2400,21.7600,0.000116
hold2534,VGND,li1,28.0600,10.8800,0.000042
hold2533,VGND,li1,116.8400,54.4000,0.000181
hold2532,VGND,li1,94.3000,32.6400,0.000183
hold2531,VGND,li1,127.4200,54.4000,0.000184
hold2530,VGND,li1,161.4600,97.9200,0.000175
hold2529,VGND,li1,124.2000,65.2800,0.000212
hold2528,VGND,li1,166.9800,108.8000,0.000214
hold2527,VGND,li1,78.6600,43.5200,0.000198
hold2526,VGND,li1,130.1800,87.0400,0.000135
hold2525,VGND,li1,128.8000,92.4800,0.000208
hold2524,VGND,li1,55.2000,27.2000,0.000102
hold2523,VGND,li1,67.6200,32.6400,0.000145
hold2522,VGND,li1,54.7400,32.6400,0.000121
hold2521,VGND,li1,30.3600,136.0000,0.000117
hold2520,VGND,li1,9.2000,152.3200,0.000108
hold2519,VGND,li1,21.1600,114.2400,0.000236
hold2518,VGND,li1,18.8600,119.6800,0.000190
hold2517,VGND,li1,8.2800,97.9200,0.000113
hold2516,VGND,li1,71.3000,146.8800,0.000234
hold2515,VGND,li1,121.4400,201.2800,0.000233
hold2514,VGND,li1,140.3000,174.0800,0.000219
hold2513,VGND,li1,117.7600,195.8400,0.000318
hold2512,VGND,li1,94.7600,239.3600,0.000386
hold2511,VGND,li1,119.6000,212.1600,0.000242
hold2510,VGND,li1,94.3000,206.7200,0.000272
hold2509,VGND,li1,139.3800,81.6000,0.000138
hold2508,VGND,li1,116.8400,54.4000,0.000181
hold2507,VGND,li1,144.9000,81.6000,0.000136
hold2506,VGND,li1,154.5600,92.4800,0.000191
hold2505,VGND,li1,78.6600,27.2000,0.000135
hold2504,VGND,li1,126.0400,70.7200,0.000181
hold2503,VGND,li1,30.3600,233.9200,0.000112
hold2502,VGND,li1,33.5800,233.9200,0.000119
hold2501,VGND,li1,51.0600,206.7200,0.000170
hold2500,VGND,li1,17.4800,255.6800,0.000159
hold2499,VGND,li1,69.0000,206.7200,0.000223
hold2498,VGND,li1,63.9400,201.2800,0.000173
hold2497,VGND,li1,78.2000,255.6800,0.000422
hold2496,VGND,li1,30.3600,266.5600,0.000081
hold2495,VGND,li1,58.4200,255.6800,0.000338
hold2494,VGND,li1,35.4200,266.5600,0.000097
hold2493,VGND,li1,145.3600,174.0800,0.000208
hold2492,VGND,li1,73.1400,217.6000,0.000237
hold2491,VGND,li1,109.9400,59.8400,0.000207
hold2490,VGND,li1,138.4600,92.4800,0.000204
hold2489,VGND,li1,126.0400,81.6000,0.000138
hold2488,VGND,li1,87.8600,48.9600,0.000298
hold2487,VGND,li1,109.0200,76.1600,0.000159
hold2486,VGND,li1,138.4600,103.3600,0.000361
hold2485,VGND,li1,104.4200,244.8000,0.000590
hold2484,VGND,li1,97.5200,255.6800,0.000464
hold2483,VGND,li1,151.8000,201.2800,0.000212
hold2482,VGND,li1,155.4800,190.4000,0.000169
hold2481,VGND,li1,109.4800,228.4800,0.000234
hold2480,VGND,li1,47.3800,255.6800,0.000287
hold2479,VGND,li1,109.4800,233.9200,0.000306
hold2478,VGND,li1,129.2600,206.7200,0.000301
hold2477,VGND,li1,51.5200,266.5600,0.000135
hold2476,VGND,li1,82.8000,239.3600,0.000347
hold2475,VGND,li1,136.6200,179.5200,0.000262
hold2474,VGND,li1,43.2400,244.8000,0.000290
hold2473,VGND,li1,112.2400,27.2000,0.000166
hold2472,VGND,li1,166.0600,81.6000,0.000124
hold2471,VGND,li1,130.1800,32.6400,0.000202
hold2470,VGND,li1,187.6800,97.9200,0.000136
hold2469,VGND,li1,214.8200,76.1600,0.000125
hold2468,VGND,li1,224.4800,70.7200,0.000165
hold2467,VGND,li1,14.7200,179.5200,0.000082
hold2466,VGND,li1,20.2400,190.4000,0.000071
hold2465,VGND,li1,10.5800,190.4000,0.000073
hold2464,VGND,li1,7.8200,223.0400,0.000102
hold2463,VGND,li1,7.8200,261.1200,0.000230
hold2462,VGND,li1,86.4800,152.3200,0.000171
hold2461,VGND,li1,187.6800,87.0400,0.000094
hold2460,VGND,li1,136.1600,16.3200,0.000315
hold2459,VGND,li1,150.8800,10.8800,0.000096
hold2458,VGND,li1,120.5200,27.2000,0.000169
hold2457,VGND,li1,281.5200,10.8800,0.000101
hold2456,VGND,li1,214.8200,70.7200,0.000160
hold2455,VGND,li1,89.2400,21.7600,0.000204
hold2454,VGND,li1,138.4600,54.4000,0.000186
hold2453,VGND,li1,97.0600,10.8800,0.000105
hold2452,VGND,li1,124.2000,27.2000,0.000171
hold2451,VGND,li1,107.6400,10.8800,0.000108
hold2450,VGND,li1,272.3200,21.7600,0.000218
hold2449,VGND,li1,33.5800,217.6000,0.000122
hold2448,VGND,li1,31.7400,217.6000,0.000115
hold2447,VGND,li1,28.9800,212.1600,0.000088
hold2446,VGND,li1,63.9400,152.3200,0.000168
hold2445,VGND,li1,73.1400,152.3200,0.000172
hold2444,VGND,li1,7.8200,43.5200,0.000098
hold2443,VGND,li1,114.5400,65.2800,0.000206
hold2442,VGND,li1,113.1600,54.4000,0.000179
hold2441,VGND,li1,99.8200,54.4000,0.000171
hold2440,VGND,li1,112.2400,48.9600,0.000309
hold2439,VGND,li1,112.7000,54.4000,0.000179
hold2438,VGND,li1,111.7800,65.2800,0.000204
hold2437,VGND,li1,91.0800,10.8800,0.000101
hold2436,VGND,li1,126.0400,21.7600,0.000243
hold2435,VGND,li1,248.4000,16.3200,0.000279
hold2434,VGND,li1,115.4600,32.6400,0.000197
hold2433,VGND,li1,269.1000,10.8800,0.000106
hold2432,VGND,li1,222.6400,70.7200,0.000163
hold2431,VGND,li1,390.0800,119.6800,0.000269
hold2430,VGND,li1,391.9200,108.8000,0.000233
hold2429,VGND,li1,391.9200,92.4800,0.000511
hold2428,VGND,li1,367.5400,184.9600,0.000134
hold2427,VGND,li1,370.7600,195.8400,0.000153
hold2426,VGND,li1,366.6200,190.4000,0.000130
hold2425,VGND,li1,43.7000,195.8400,0.000208
hold2424,VGND,li1,71.3000,157.7600,0.000188
hold2423,VGND,li1,33.5800,212.1600,0.000097
hold2422,VGND,li1,46.9200,201.2800,0.000133
hold2421,VGND,li1,60.2600,201.2800,0.000165
hold2420,VGND,li1,80.0400,168.6400,0.000201
hold2419,VGND,li1,62.1000,114.2400,0.000551
hold2418,VGND,li1,24.3800,59.8400,0.000061
hold2417,VGND,li1,29.4400,81.6000,0.000058
hold2416,VGND,li1,69.0000,125.1200,0.000476
hold2415,VGND,li1,43.7000,97.9200,0.000175
hold2414,VGND,li1,81.8800,119.6800,0.000511
hold2413,VGND,li1,28.5200,21.7600,0.000074
hold2412,VGND,li1,24.8400,43.5200,0.000093
hold2411,VGND,li1,38.1800,32.6400,0.000092
hold2410,VGND,li1,84.1800,97.9200,0.000259
hold2409,VGND,li1,26.6800,32.6400,0.000066
hold2408,VGND,li1,20.7000,16.3200,0.000092
g_row\[0\].g_col\[1\].pe/hold2407,VGND,li1,107.6400,130.5600,0.000384
g_row\[0\].g_col\[1\].pe/hold2406,VGND,li1,107.6400,125.1200,0.000536
g_row\[0\].g_col\[1\].pe/hold2405,VGND,li1,111.7800,130.5600,0.000385
g_row\[0\].g_col\[1\].pe/hold2404,VGND,li1,129.7200,130.5600,0.000368
g_row\[0\].g_col\[1\].pe/hold2403,VGND,li1,133.4000,136.0000,0.000226
g_row\[0\].g_col\[1\].pe/hold2402,VGND,li1,139.3800,130.5600,0.000335
g_row\[0\].g_col\[1\].pe/hold2401,VGND,li1,132.4800,119.6800,0.000489
g_row\[0\].g_col\[1\].pe/hold2400,VGND,li1,118.6800,130.5600,0.000384
g_row\[0\].g_col\[1\].pe/hold2399,VGND,li1,178.0200,125.1200,0.000272
g_row\[0\].g_col\[1\].pe/hold2398,VGND,li1,188.1400,130.5600,0.000195
g_row\[0\].g_col\[1\].pe/hold2397,VGND,li1,183.5400,136.0000,0.000121
g_row\[0\].g_col\[1\].pe/hold2396,VGND,li1,184.4600,125.1200,0.000299
g_row\[0\].g_col\[1\].pe/hold2395,VGND,li1,197.8000,119.6800,0.000360
g_row\[0\].g_col\[1\].pe/hold2394,VGND,li1,195.9600,125.1200,0.000342
g_row\[0\].g_col\[1\].pe/hold2393,VGND,li1,110.4000,119.6800,0.000540
g_row\[0\].g_col\[1\].pe/hold2392,VGND,li1,109.9400,125.1200,0.000534
g_row\[0\].g_col\[1\].pe/hold2391,VGND,li1,119.1400,136.0000,0.000251
g_row\[0\].g_col\[1\].pe/hold2390,VGND,li1,139.8400,130.5600,0.000335
g_row\[0\].g_col\[1\].pe/hold2389,VGND,li1,129.7200,125.1200,0.000494
g_row\[0\].g_col\[1\].pe/hold2388,VGND,li1,127.8800,125.1200,0.000501
g_row\[0\].g_col\[1\].pe/hold2387,VGND,li1,89.7000,125.1200,0.000530
g_row\[0\].g_col\[1\].pe/hold2386,VGND,li1,105.8000,130.5600,0.000383
g_row\[0\].g_col\[1\].pe/hold2385,VGND,li1,103.9600,125.1200,0.000539
g_row\[0\].g_col\[1\].pe/hold2384,VGND,li1,92.4600,130.5600,0.000377
g_row\[0\].g_col\[1\].pe/hold2383,VGND,li1,81.8800,136.0000,0.000254
g_row\[0\].g_col\[1\].pe/hold2382,VGND,li1,110.4000,114.2400,0.000755
g_row\[0\].g_col\[1\].pe/hold2381,VGND,li1,122.8200,114.2400,0.000740
g_row\[0\].g_col\[1\].pe/hold2380,VGND,li1,123.2800,119.6800,0.000517
g_row\[0\].g_col\[1\].pe/hold2379,VGND,li1,97.5200,114.2400,0.000729
g_row\[0\].g_col\[1\].pe/hold2378,VGND,li1,97.0600,114.2400,0.000729
g_row\[0\].g_col\[1\].pe/hold2377,VGND,li1,76.3600,114.2400,0.000640
g_row\[0\].g_col\[1\].pe/hold2376,VGND,li1,81.8800,114.2400,0.000663
g_row\[0\].g_col\[1\].pe/hold2375,VGND,li1,80.9600,108.8000,0.000348
g_row\[0\].g_col\[1\].pe/hold2374,VGND,li1,99.8200,114.2400,0.000737
g_row\[0\].g_col\[1\].pe/hold2373,VGND,li1,107.6400,108.8000,0.000371
g_row\[0\].g_col\[1\].pe/hold2372,VGND,li1,107.6400,114.2400,0.000752
g_row\[0\].g_col\[1\].pe/hold2371,VGND,li1,94.7600,136.0000,0.000260
g_row\[0\].g_col\[1\].pe/hold2370,VGND,li1,103.0400,130.5600,0.000383
g_row\[0\].g_col\[1\].pe/hold2369,VGND,li1,103.5000,136.0000,0.000261
g_row\[0\].g_col\[0\].pe/hold2368,VGND,li1,110.4000,250.2400,0.000524
g_row\[0\].g_col\[0\].pe/hold2367,VGND,li1,125.1200,255.6800,0.000483
g_row\[0\].g_col\[0\].pe/hold2366,VGND,li1,123.7400,255.6800,0.000483
g_row\[0\].g_col\[1\].pe/hold2365,VGND,li1,148.5800,65.2800,0.000214
g_row\[0\].g_col\[1\].pe/hold2364,VGND,li1,148.5800,59.8400,0.000224
hold2363,VGND,li1,75.9000,157.7600,0.000189
g_row\[0\].g_col\[1\].pe/hold2362,VGND,li1,159.6200,65.2800,0.000208
g_row\[0\].g_col\[1\].pe/hold2361,VGND,li1,174.3400,59.8400,0.000192
g_row\[0\].g_col\[1\].pe/hold2360,VGND,li1,103.9600,141.4400,0.000319
hold2359,VGND,li1,55.6600,174.0800,0.000301
g_row\[0\].g_col\[1\].pe/hold2358,VGND,li1,157.7800,59.8400,0.000218
g_row\[0\].g_col\[1\].pe/hold2357,VGND,li1,179.4000,43.5200,0.000120
g_row\[0\].g_col\[1\].pe/hold2356,VGND,li1,148.5800,114.2400,0.000619
g_row\[0\].g_col\[1\].pe/hold2355,VGND,li1,101.6600,141.4400,0.000321
g_row\[0\].g_col\[1\].pe/hold2354,VGND,li1,161.4600,119.6800,0.000375
g_row\[0\].g_col\[1\].pe/hold2353,VGND,li1,159.1600,125.1200,0.000392
g_row\[0\].g_col\[1\].pe/hold2352,VGND,li1,167.4400,130.5600,0.000228
g_row\[0\].g_col\[1\].pe/hold2351,VGND,li1,166.5200,130.5600,0.000239
g_row\[0\].g_col\[1\].pe/hold2350,VGND,li1,161.4600,136.0000,0.000158
g_row\[0\].g_col\[1\].pe/hold2349,VGND,li1,159.6200,125.1200,0.000381
g_row\[0\].g_col\[1\].pe/hold2348,VGND,li1,187.6800,76.1600,0.000096
g_row\[0\].g_col\[1\].pe/hold2347,VGND,li1,189.0600,76.1600,0.000099
g_row\[0\].g_col\[1\].pe/hold2346,VGND,li1,164.2200,70.7200,0.000149
g_row\[0\].g_col\[1\].pe/hold2345,VGND,li1,162.3800,70.7200,0.000152
g_row\[0\].g_col\[1\].pe/hold2344,VGND,li1,164.2200,76.1600,0.000109
g_row\[0\].g_col\[1\].pe/hold2343,VGND,li1,165.6000,76.1600,0.000104
g_row\[0\].g_col\[1\].pe/hold2342,VGND,li1,163.3000,92.4800,0.000179
g_row\[0\].g_col\[1\].pe/hold2341,VGND,li1,113.6200,141.4400,0.000310
hold2340,VGND,li1,58.4200,174.0800,0.000302
hold2339,VGND,li1,55.6600,179.5200,0.000166
g_row\[0\].g_col\[1\].pe/hold2338,VGND,li1,182.1600,125.1200,0.000290
g_row\[0\].g_col\[1\].pe/hold2337,VGND,li1,172.0400,136.0000,0.000132
g_row\[0\].g_col\[1\].pe/hold2336,VGND,li1,174.8000,130.5600,0.000203
g_row\[0\].g_col\[1\].pe/hold2335,VGND,li1,174.3400,119.6800,0.000307
g_row\[0\].g_col\[1\].pe/hold2334,VGND,li1,172.0400,119.6800,0.000320
g_row\[0\].g_col\[1\].pe/hold2333,VGND,li1,69.0000,108.8000,0.000326
g_row\[0\].g_col\[1\].pe/hold2332,VGND,li1,66.7000,114.2400,0.000581
g_row\[0\].g_col\[1\].pe/hold2331,VGND,li1,74.5200,114.2400,0.000629
g_row\[0\].g_col\[1\].pe/hold2330,VGND,li1,49.2200,130.5600,0.000267
g_row\[0\].g_col\[1\].pe/hold2329,VGND,li1,47.3800,130.5600,0.000260
g_row\[0\].g_col\[1\].pe/hold2328,VGND,li1,48.3000,130.5600,0.000260
g_row\[0\].g_col\[1\].pe/hold2327,VGND,li1,64.8600,114.2400,0.000568
g_row\[0\].g_col\[1\].pe/hold2326,VGND,li1,72.6800,114.2400,0.000608
g_row\[0\].g_col\[1\].pe/hold2325,VGND,li1,79.1200,108.8000,0.000345
g_row\[0\].g_col\[0\].pe/hold2324,VGND,li1,52.9000,174.0800,0.000300
g_row\[0\].g_col\[0\].pe/hold2323,VGND,li1,25.3000,157.7600,0.000116
g_row\[0\].g_col\[0\].pe/hold2322,VGND,li1,45.0800,201.2800,0.000128
g_row\[0\].g_col\[0\].pe/hold2321,VGND,li1,23.4600,223.0400,0.000099
g_row\[0\].g_col\[0\].pe/hold2320,VGND,li1,34.5000,201.2800,0.000101
g_row\[0\].g_col\[0\].pe/hold2319,VGND,li1,27.1400,212.1600,0.000083
g_row\[0\].g_col\[0\].pe/hold2318,VGND,li1,53.8200,174.0800,0.000300
g_row\[0\].g_col\[0\].pe/hold2317,VGND,li1,40.0200,184.9600,0.000122
g_row\[0\].g_col\[0\].pe/hold2316,VGND,li1,43.2400,184.9600,0.000130
g_row\[0\].g_col\[0\].pe/hold2315,VGND,li1,31.7400,195.8400,0.000148
g_row\[0\].g_col\[0\].pe/hold2314,VGND,li1,103.5000,201.2800,0.000228
g_row\[0\].g_col\[0\].pe/hold2313,VGND,li1,151.8000,223.0400,0.000348
g_row\[0\].g_col\[0\].pe/hold2312,VGND,li1,146.2800,244.8000,0.000579
g_row\[0\].g_col\[0\].pe/hold2311,VGND,li1,35.8800,195.8400,0.000173
g_row\[0\].g_col\[0\].pe/hold2310,VGND,li1,23.9200,190.4000,0.000070
g_row\[0\].g_col\[0\].pe/hold2309,VGND,li1,35.4200,217.6000,0.000128
g_row\[0\].g_col\[0\].pe/hold2308,VGND,li1,20.7000,212.1600,0.000079
g_row\[0\].g_col\[0\].pe/hold2307,VGND,li1,34.0400,201.2800,0.000101
g_row\[0\].g_col\[0\].pe/hold2306,VGND,li1,25.3000,190.4000,0.000070
g_row\[0\].g_col\[0\].pe/hold2305,VGND,li1,35.8800,190.4000,0.000100
g_row\[0\].g_col\[0\].pe/hold2304,VGND,li1,36.8000,228.4800,0.000103
g_row\[0\].g_col\[0\].pe/hold2303,VGND,li1,56.5800,174.0800,0.000301
g_row\[0\].g_col\[0\].pe/hold2302,VGND,li1,25.3000,201.2800,0.000078
g_row\[0\].g_col\[0\].pe/hold2301,VGND,li1,56.1200,152.3200,0.000164
g_row\[0\].g_col\[0\].pe/hold2300,VGND,li1,38.6400,152.3200,0.000142
g_row\[0\].g_col\[0\].pe/hold2299,VGND,li1,54.7400,163.2000,0.000226
g_row\[0\].g_col\[0\].pe/hold2298,VGND,li1,50.1400,152.3200,0.000159
g_row\[0\].g_col\[0\].pe/hold2297,VGND,li1,67.6200,168.6400,0.000194
g_row\[0\].g_col\[0\].pe/hold2296,VGND,li1,56.1200,223.0400,0.000209
g_row\[0\].g_col\[0\].pe/hold2295,VGND,li1,45.5400,179.5200,0.000141
g_row\[0\].g_col\[0\].pe/hold2294,VGND,li1,27.1400,157.7600,0.000122
g_row\[0\].g_col\[0\].pe/hold2293,VGND,li1,30.3600,152.3200,0.000117
g_row\[0\].g_col\[0\].pe/hold2292,VGND,li1,172.0400,206.7200,0.000240
g_row\[0\].g_col\[0\].pe/hold2291,VGND,li1,155.9400,223.0400,0.000346
g_row\[0\].g_col\[0\].pe/hold2290,VGND,li1,112.7000,244.8000,0.000612
g_row\[0\].g_col\[0\].pe/hold2289,VGND,li1,169.7400,212.1600,0.000189
g_row\[0\].g_col\[0\].pe/hold2288,VGND,li1,161.4600,239.3600,0.000364
g_row\[0\].g_col\[0\].pe/hold2287,VGND,li1,56.1200,190.4000,0.000145
g_row\[0\].g_col\[0\].pe/hold2286,VGND,li1,54.2800,190.4000,0.000140
g_row\[0\].g_col\[0\].pe/hold2285,VGND,li1,65.7800,179.5200,0.000191
g_row\[0\].g_col\[0\].pe/hold2284,VGND,li1,52.4400,184.9600,0.000160
g_row\[0\].g_col\[0\].pe/hold2283,VGND,li1,107.6400,179.5200,0.000266
g_row\[0\].g_col\[0\].pe/hold2282,VGND,li1,94.7600,217.6000,0.000279
g_row\[0\].g_col\[0\].pe/hold2281,VGND,li1,155.0200,201.2800,0.000209
g_row\[0\].g_col\[0\].pe/hold2280,VGND,li1,110.8600,239.3600,0.000422
g_row\[1\].g_col\[0\].pe/hold2279,VGND,li1,328.9000,228.4800,0.000240
g_row\[1\].g_col\[0\].pe/hold2278,VGND,li1,338.1000,228.4800,0.000240
g_row\[0\].g_col\[0\].pe/hold2277,VGND,li1,156.8600,201.2800,0.000205
g_row\[0\].g_col\[0\].pe/hold2276,VGND,li1,112.7000,233.9200,0.000311
g_row\[0\].g_col\[0\].pe/hold2275,VGND,li1,172.0400,195.8400,0.000186
g_row\[0\].g_col\[0\].pe/hold2274,VGND,li1,168.3600,233.9200,0.000249
g_row\[0\].g_col\[0\].pe/hold2273,VGND,li1,180.7800,184.9600,0.000128
g_row\[0\].g_col\[0\].pe/hold2272,VGND,li1,155.0200,206.7200,0.000284
g_row\[0\].g_col\[0\].pe/hold2271,VGND,li1,77.2800,244.8000,0.000486
g_row\[0\].g_col\[0\].pe/hold2270,VGND,li1,178.9400,184.9600,0.000119
g_row\[0\].g_col\[0\].pe/hold2269,VGND,li1,153.6400,212.1600,0.000224
g_row\[0\].g_col\[0\].pe/hold2268,VGND,li1,123.2800,201.2800,0.000232
g_row\[0\].g_col\[0\].pe/hold2267,VGND,li1,155.0200,233.9200,0.000289
g_row\[0\].g_col\[0\].pe/hold2266,VGND,li1,178.0200,250.2400,0.000295
g_row\[0\].g_col\[0\].pe/hold2265,VGND,li1,169.2800,244.8000,0.000423
g_row\[1\].g_col\[1\].pe/hold2264,VGND,li1,200.1000,70.7200,0.000149
g_row\[1\].g_col\[1\].pe/hold2263,VGND,li1,203.7800,70.7200,0.000153
g_row\[1\].g_col\[1\].pe/hold2262,VGND,li1,190.9000,76.1600,0.000102
g_row\[1\].g_col\[0\].pe/hold2261,VGND,li1,326.6000,239.3600,0.000384
g_row\[1\].g_col\[0\].pe/hold2260,VGND,li1,332.5800,233.9200,0.000268
g_row\[1\].g_col\[0\].pe/hold2259,VGND,li1,334.8800,239.3600,0.000354
g_row\[1\].g_col\[0\].pe/hold2258,VGND,li1,311.4200,239.3600,0.000481
g_row\[1\].g_col\[0\].pe/hold2257,VGND,li1,314.1800,233.9200,0.000360
g_row\[1\].g_col\[0\].pe/hold2256,VGND,li1,313.2600,239.3600,0.000471
g_row\[0\].g_col\[0\].pe/hold2255,VGND,li1,124.6600,179.5200,0.000274
g_row\[0\].g_col\[0\].pe/hold2254,VGND,li1,108.5600,217.6000,0.000292
g_row\[1\].g_col\[1\].pe/hold2253,VGND,li1,199.6400,43.5200,0.000161
g_row\[1\].g_col\[1\].pe/hold2252,VGND,li1,190.9000,43.5200,0.000143
g_row\[1\].g_col\[1\].pe/hold2251,VGND,li1,189.9800,38.0800,0.000217
g_row\[0\].g_col\[0\].pe/hold2250,VGND,li1,148.5800,184.9600,0.000166
g_row\[0\].g_col\[0\].pe/hold2249,VGND,li1,133.4000,223.0400,0.000350
g_row\[1\].g_col\[1\].pe/hold2248,VGND,li1,205.6200,70.7200,0.000154
g_row\[1\].g_col\[1\].pe/hold2247,VGND,li1,194.5800,43.5200,0.000153
g_row\[1\].g_col\[1\].pe/hold2246,VGND,li1,191.3600,81.6000,0.000164
g_row\[0\].g_col\[1\].pe/hold2245,VGND,li1,138.4600,48.9600,0.000308
g_row\[0\].g_col\[1\].pe/hold2244,VGND,li1,115.4600,32.6400,0.000197
g_row\[0\].g_col\[1\].pe/hold2243,VGND,li1,122.3600,65.2800,0.000210
g_row\[1\].g_col\[0\].pe/hold2242,VGND,li1,313.7200,244.8000,0.000405
g_row\[1\].g_col\[0\].pe/hold2241,VGND,li1,317.8600,223.0400,0.000268
g_row\[1\].g_col\[0\].pe/hold2240,VGND,li1,326.6000,228.4800,0.000253
g_row\[0\].g_col\[1\].pe/hold2239,VGND,li1,142.6000,43.5200,0.000180
g_row\[0\].g_col\[1\].pe/hold2238,VGND,li1,142.6000,38.0800,0.000202
g_row\[0\].g_col\[0\].pe/hold2237,VGND,li1,109.9400,184.9600,0.000197
g_row\[0\].g_col\[0\].pe/hold2236,VGND,li1,126.9600,212.1600,0.000243
g_row\[1\].g_col\[0\].pe/hold2235,VGND,li1,271.4000,239.3600,0.000566
g_row\[1\].g_col\[0\].pe/hold2234,VGND,li1,273.2400,239.3600,0.000565
g_row\[1\].g_col\[0\].pe/hold2233,VGND,li1,290.2600,244.8000,0.000521
g_row\[1\].g_col\[0\].pe/hold2232,VGND,li1,294.8600,239.3600,0.000538
g_row\[1\].g_col\[0\].pe/hold2231,VGND,li1,296.7000,239.3600,0.000534
g_row\[0\].g_col\[1\].pe/hold2230,VGND,li1,136.6200,114.2400,0.000682
hold2229,VGND,li1,54.7400,174.0800,0.000301
g_row\[0\].g_col\[0\].pe/hold2228,VGND,li1,146.2800,201.2800,0.000220
g_row\[0\].g_col\[0\].pe/hold2227,VGND,li1,151.8000,206.7200,0.000288
g_row\[0\].g_col\[0\].pe/hold2226,VGND,li1,122.3600,233.9200,0.000319
g_row\[0\].g_col\[0\].pe/hold2225,VGND,li1,133.4000,190.4000,0.000186
g_row\[0\].g_col\[0\].pe/hold2224,VGND,li1,131.5600,217.6000,0.000286
g_row\[1\].g_col\[0\].pe/hold2223,VGND,li1,293.0200,228.4800,0.000392
g_row\[1\].g_col\[0\].pe/hold2222,VGND,li1,249.3200,201.2800,0.000295
g_row\[0\].g_col\[1\].pe/hold2221,VGND,li1,132.4800,43.5200,0.000191
g_row\[0\].g_col\[1\].pe/hold2220,VGND,li1,140.3000,32.6400,0.000200
g_row\[0\].g_col\[1\].pe/hold2219,VGND,li1,138.0000,16.3200,0.000315
g_row\[0\].g_col\[1\].pe/hold2218,VGND,li1,152.2600,125.1200,0.000424
g_row\[0\].g_col\[1\].pe/hold2217,VGND,li1,142.1400,125.1200,0.000458
g_row\[0\].g_col\[1\].pe/hold2216,VGND,li1,144.4400,125.1200,0.000451
g_row\[0\].g_col\[1\].pe/hold2215,VGND,li1,137.5400,125.1200,0.000472
g_row\[0\].g_col\[1\].pe/hold2214,VGND,li1,135.7000,125.1200,0.000481
g_row\[0\].g_col\[1\].pe/hold2213,VGND,li1,135.7000,119.6800,0.000482
g_row\[1\].g_col\[1\].pe/hold2212,VGND,li1,201.4800,54.4000,0.000205
g_row\[1\].g_col\[1\].pe/hold2211,VGND,li1,200.1000,70.7200,0.000149
g_row\[0\].g_col\[1\].pe/hold2210,VGND,li1,141.6800,65.2800,0.000216
g_row\[0\].g_col\[1\].pe/hold2209,VGND,li1,109.9400,27.2000,0.000164
g_row\[1\].g_col\[1\].pe/hold2208,VGND,li1,204.7000,43.5200,0.000171
g_row\[1\].g_col\[1\].pe/hold2207,VGND,li1,205.6200,48.9600,0.000286
g_row\[1\].g_col\[1\].pe/hold2206,VGND,li1,211.1400,43.5200,0.000182
g_row\[0\].g_col\[1\].pe/hold2205,VGND,li1,137.0800,108.8000,0.000327
g_row\[0\].g_col\[1\].pe/hold2204,VGND,li1,152.2600,97.9200,0.000202
g_row\[0\].g_col\[1\].pe/hold2203,VGND,li1,145.8200,97.9200,0.000218
g_row\[0\].g_col\[1\].pe/hold2202,VGND,li1,146.2800,92.4800,0.000198
g_row\[1\].g_col\[1\].pe/hold2201,VGND,li1,174.3400,32.6400,0.000138
hold2200,VGND,li1,188.1400,16.3200,0.000262
g_row\[1\].g_col\[1\].pe/hold2199,VGND,li1,203.3200,108.8000,0.000205
hold2198,VGND,li1,326.1400,152.3200,0.000095
g_row\[0\].g_col\[1\].pe/hold2197,VGND,li1,107.6400,38.0800,0.000187
g_row\[0\].g_col\[1\].pe/hold2196,VGND,li1,109.9400,38.0800,0.000189
g_row\[1\].g_col\[1\].pe/hold2195,VGND,li1,208.8400,32.6400,0.000165
g_row\[1\].g_col\[1\].pe/hold2194,VGND,li1,207.9200,32.6400,0.000165
g_row\[1\].g_col\[1\].pe/hold2193,VGND,li1,215.7400,32.6400,0.000170
g_row\[0\].g_col\[1\].pe/hold2192,VGND,li1,176.1800,32.6400,0.000129
g_row\[0\].g_col\[1\].pe/hold2191,VGND,li1,167.9000,81.6000,0.000123
g_row\[0\].g_col\[1\].pe/hold2190,VGND,li1,126.0400,114.2400,0.000727
g_row\[0\].g_col\[1\].pe/hold2189,VGND,li1,133.8600,108.8000,0.000340
g_row\[0\].g_col\[1\].pe/hold2188,VGND,li1,123.2800,119.6800,0.000517
g_row\[0\].g_col\[1\].pe/hold2187,VGND,li1,138.4600,54.4000,0.000186
hold2186,VGND,li1,149.9600,54.4000,0.000184
hold2185,VGND,li1,179.8600,32.6400,0.000126
g_row\[0\].g_col\[1\].pe/hold2184,VGND,li1,164.2200,70.7200,0.000149
g_row\[0\].g_col\[1\].pe/hold2183,VGND,li1,161.4600,92.4800,0.000182
g_row\[1\].g_col\[1\].pe/hold2182,VGND,li1,232.3000,32.6400,0.000171
g_row\[1\].g_col\[1\].pe/hold2181,VGND,li1,197.8000,10.8800,0.000091
g_row\[1\].g_col\[1\].pe/hold2180,VGND,li1,197.8000,16.3200,0.000280
g_row\[0\].g_col\[0\].pe/hold2179,VGND,li1,197.8000,239.3600,0.000392
g_row\[0\].g_col\[0\].pe/hold2178,VGND,li1,183.0800,239.3600,0.000308
g_row\[1\].g_col\[1\].pe/hold2177,VGND,li1,233.2200,27.2000,0.000162
hold2176,VGND,li1,163.3000,10.8800,0.000086
g_row\[0\].g_col\[1\].pe/hold2175,VGND,li1,165.6000,87.0400,0.000095
g_row\[0\].g_col\[1\].pe/hold2174,VGND,li1,124.2000,48.9600,0.000311
g_row\[0\].g_col\[1\].pe/hold2173,VGND,li1,73.6000,10.8800,0.000089
g_row\[1\].g_col\[1\].pe/hold2172,VGND,li1,215.7400,59.8400,0.000284
g_row\[1\].g_col\[1\].pe/hold2171,VGND,li1,193.6600,32.6400,0.000150
hold2170,VGND,li1,162.3800,32.6400,0.000165
g_row\[0\].g_col\[1\].pe/hold2169,VGND,li1,135.2400,32.6400,0.000202
g_row\[0\].g_col\[1\].pe/hold2168,VGND,li1,86.4800,38.0800,0.000164
g_row\[0\].g_col\[1\].pe/hold2167,VGND,li1,86.0200,43.5200,0.000200
g_row\[0\].g_col\[0\].pe/hold2166,VGND,li1,180.3200,228.4800,0.000198
g_row\[0\].g_col\[0\].pe/hold2165,VGND,li1,186.7600,239.3600,0.000332
g_row\[0\].g_col\[1\].pe/hold2164,VGND,li1,164.2200,32.6400,0.000161
g_row\[0\].g_col\[1\].pe/hold2163,VGND,li1,158.7000,27.2000,0.000150
hold2162,VGND,li1,152.2600,32.6400,0.000186
g_row\[0\].g_col\[0\].pe/hold2161,VGND,li1,197.8000,233.9200,0.000308
g_row\[0\].g_col\[0\].pe/hold2160,VGND,li1,164.6800,233.9200,0.000261
g_row\[0\].g_col\[0\].pe/hold2159,VGND,li1,112.7000,244.8000,0.000612
g_row\[0\].g_col\[1\].pe/hold2158,VGND,li1,158.7000,43.5200,0.000157
g_row\[0\].g_col\[1\].pe/hold2157,VGND,li1,100.2800,70.7200,0.000167
g_row\[0\].g_col\[1\].pe/hold2156,VGND,li1,167.9000,76.1600,0.000100
g_row\[0\].g_col\[1\].pe/hold2155,VGND,li1,155.0200,54.4000,0.000180
g_row\[0\].g_col\[0\].pe/hold2154,VGND,li1,218.5000,255.6800,0.000440
g_row\[0\].g_col\[0\].pe/hold2153,VGND,li1,219.8800,261.1200,0.000308
g_row\[1\].g_col\[1\].pe/hold2152,VGND,li1,201.4800,65.2800,0.000243
hold2151,VGND,li1,192.7400,43.5200,0.000150
g_row\[0\].g_col\[1\].pe/hold2150,VGND,li1,168.3600,48.9600,0.000272
hold2149,VGND,li1,188.1400,38.0800,0.000205
g_row\[0\].g_col\[1\].pe/hold2148,VGND,li1,135.7000,21.7600,0.000247
g_row\[0\].g_col\[1\].pe/hold2147,VGND,li1,140.7600,43.5200,0.000184
g_row\[0\].g_col\[1\].pe/hold2146,VGND,li1,132.4800,43.5200,0.000191
g_row\[0\].g_col\[1\].pe/hold2145,VGND,li1,159.1600,32.6400,0.000174
g_row\[0\].g_col\[1\].pe/hold2144,VGND,li1,148.5800,16.3200,0.000311
g_row\[1\].g_col\[1\].pe/hold2143,VGND,li1,231.3800,38.0800,0.000275
g_row\[1\].g_col\[1\].pe/hold2142,VGND,li1,220.3400,27.2000,0.000160
hold2141,VGND,li1,225.8600,32.6400,0.000172
g_row\[1\].g_col\[1\].pe/hold2140,VGND,li1,222.6400,43.5200,0.000200
hold2139,VGND,li1,178.0200,32.6400,0.000123
g_row\[0\].g_col\[0\].pe/hold2138,VGND,li1,219.8800,244.8000,0.000559
g_row\[0\].g_col\[0\].pe/hold2137,VGND,li1,217.1200,250.2400,0.000420
g_row\[0\].g_col\[1\].pe/hold2136,VGND,li1,148.5800,21.7600,0.000246
g_row\[0\].g_col\[1\].pe/hold2135,VGND,li1,179.4000,81.6000,0.000120
g_row\[0\].g_col\[1\].pe/hold2134,VGND,li1,99.8200,27.2000,0.000155
g_row\[0\].g_col\[1\].pe/hold2133,VGND,li1,112.2400,27.2000,0.000166
g_row\[0\].g_col\[1\].pe/hold2132,VGND,li1,59.3400,48.9600,0.000256
g_row\[0\].g_col\[1\].pe/hold2131,VGND,li1,90.6200,54.4000,0.000161
g_row\[0\].g_col\[1\].pe/hold2130,VGND,li1,124.6600,43.5200,0.000194
g_row\[0\].g_col\[1\].pe/hold2129,VGND,li1,135.7000,16.3200,0.000315
g_row\[0\].g_col\[1\].pe/hold2128,VGND,li1,177.1000,76.1600,0.000083
g_row\[0\].g_col\[1\].pe/hold2127,VGND,li1,40.4800,43.5200,0.000138
g_row\[0\].g_col\[1\].pe/hold2126,VGND,li1,67.1600,43.5200,0.000192
g_row\[0\].g_col\[0\].pe/hold2125,VGND,li1,191.3600,244.8000,0.000417
g_row\[1\].g_col\[1\].pe/hold2124,VGND,li1,236.4400,48.9600,0.000310
g_row\[1\].g_col\[1\].pe/hold2123,VGND,li1,231.8400,54.4000,0.000228
g_row\[0\].g_col\[0\].pe/hold2122,VGND,li1,202.8600,244.8000,0.000490
g_row\[0\].g_col\[0\].pe/hold2121,VGND,li1,202.8600,244.8000,0.000490
g_row\[1\].g_col\[1\].pe/hold2120,VGND,li1,222.6400,48.9600,0.000310
hold2119,VGND,li1,175.7200,38.0800,0.000175
g_row\[0\].g_col\[1\].pe/hold2118,VGND,li1,38.6400,38.0800,0.000092
g_row\[0\].g_col\[1\].pe/hold2117,VGND,li1,93.3800,65.2800,0.000181
g_row\[0\].g_col\[1\].pe/hold2116,VGND,li1,32.2000,21.7600,0.000088
g_row\[0\].g_col\[1\].pe/hold2115,VGND,li1,69.0000,38.0800,0.000142
g_row\[0\].g_col\[0\].pe/hold2114,VGND,li1,149.5000,87.0400,0.000117
g_row\[1\].g_col\[0\].pe/hold2113,VGND,li1,380.4200,233.9200,0.000394
g_row\[1\].g_col\[0\].pe/hold2112,VGND,li1,381.3400,233.9200,0.000396
g_row\[1\].g_col\[0\].pe/hold2111,VGND,li1,378.5800,244.8000,0.000375
g_row\[0\].g_col\[0\].pe/hold2110,VGND,li1,264.5000,255.6800,0.000516
g_row\[0\].g_col\[0\].pe/hold2109,VGND,li1,261.2800,255.6800,0.000522
g_row\[0\].g_col\[0\].pe/hold2108,VGND,li1,252.5400,250.2400,0.000445
g_row\[0\].g_col\[0\].pe/hold2107,VGND,li1,238.7400,261.1200,0.000333
g_row\[0\].g_col\[0\].pe/hold2106,VGND,li1,236.9000,255.6800,0.000499
g_row\[0\].g_col\[0\].pe/hold2105,VGND,li1,258.9800,250.2400,0.000440
g_row\[0\].g_col\[0\].pe/hold2104,VGND,li1,254.3800,250.2400,0.000443
g_row\[0\].g_col\[0\].pe/hold2103,VGND,li1,259.9000,239.3600,0.000565
g_row\[0\].g_col\[0\].pe/hold2102,VGND,li1,253.9200,239.3600,0.000562
g_row\[0\].g_col\[0\].pe/hold2101,VGND,li1,252.0800,239.3600,0.000561
g_row\[1\].g_col\[1\].pe/hold2100,VGND,li1,249.3200,10.8800,0.000109
hold2099,VGND,li1,143.0600,38.0800,0.000202
g_row\[1\].g_col\[1\].pe/hold2098,VGND,li1,247.0200,21.7600,0.000251
hold2097,VGND,li1,189.5200,76.1600,0.000099
g_row\[0\].g_col\[0\].pe/hold2096,VGND,li1,266.3400,255.6800,0.000513
g_row\[0\].g_col\[0\].pe/hold2095,VGND,li1,268.1800,255.6800,0.000510
g_row\[1\].g_col\[1\].pe/hold2094,VGND,li1,270.9400,16.3200,0.000249
g_row\[1\].g_col\[1\].pe/hold2093,VGND,li1,270.4800,16.3200,0.000252
g_row\[1\].g_col\[1\].pe/hold2092,VGND,li1,264.5000,27.2000,0.000158
g_row\[1\].g_col\[1\].pe/hold2091,VGND,li1,238.7400,10.8800,0.000109
hold2090,VGND,li1,193.2000,87.0400,0.000106
g_row\[1\].g_col\[1\].pe/hold2089,VGND,li1,258.5200,21.7600,0.000237
hold2088,VGND,li1,175.7200,16.3200,0.000241
g_row\[0\].g_col\[0\].pe/hold2087,VGND,li1,223.5600,255.6800,0.000458
g_row\[0\].g_col\[0\].pe/hold2086,VGND,li1,225.8600,250.2400,0.000433
g_row\[1\].g_col\[1\].pe/hold2085,VGND,li1,249.3200,21.7600,0.000249
hold2084,VGND,li1,167.9000,32.6400,0.000152
g_row\[1\].g_col\[0\].pe/hold2083,VGND,li1,218.9600,217.6000,0.000337
hold2082,VGND,li1,184.9200,223.0400,0.000286
g_row\[1\].g_col\[0\].pe/hold2081,VGND,li1,200.1000,233.9200,0.000325
g_row\[1\].g_col\[0\].pe/hold2080,VGND,li1,197.8000,223.0400,0.000346
g_row\[1\].g_col\[0\].pe/hold2079,VGND,li1,201.4800,228.4800,0.000279
g_row\[1\].g_col\[0\].pe/hold2078,VGND,li1,233.6800,233.9200,0.000423
g_row\[1\].g_col\[0\].pe/hold2077,VGND,li1,230.9200,239.3600,0.000522
g_row\[1\].g_col\[0\].pe/hold2076,VGND,li1,218.0400,244.8000,0.000553
g_row\[1\].g_col\[0\].pe/hold2075,VGND,li1,241.0400,233.9200,0.000429
g_row\[1\].g_col\[0\].pe/hold2074,VGND,li1,226.3200,250.2400,0.000433
g_row\[1\].g_col\[0\].pe/hold2073,VGND,li1,235.5200,244.8000,0.000593
g_row\[1\].g_col\[0\].pe/hold2072,VGND,li1,199.1800,174.0800,0.000149
g_row\[1\].g_col\[0\].pe/hold2071,VGND,li1,206.5400,157.7600,0.000179
g_row\[1\].g_col\[0\].pe/hold2070,VGND,li1,203.3200,239.3600,0.000423
hold2069,VGND,li1,217.5800,239.3600,0.000485
g_row\[1\].g_col\[0\].pe/hold2068,VGND,li1,227.2400,244.8000,0.000578
g_row\[1\].g_col\[0\].pe/hold2067,VGND,li1,242.8800,233.9200,0.000431
g_row\[1\].g_col\[0\].pe/hold2066,VGND,li1,239.2000,239.3600,0.000543
g_row\[1\].g_col\[0\].pe/hold2065,VGND,li1,217.1200,233.9200,0.000387
g_row\[1\].g_col\[0\].pe/hold2064,VGND,li1,216.6600,239.3600,0.000479
g_row\[1\].g_col\[0\].pe/hold2063,VGND,li1,218.5000,239.3600,0.000485
g_row\[1\].g_col\[0\].pe/hold2062,VGND,li1,201.0200,168.6400,0.000181
g_row\[1\].g_col\[0\].pe/hold2061,VGND,li1,197.8000,146.8800,0.000138
g_row\[1\].g_col\[0\].pe/hold2060,VGND,li1,201.9400,233.9200,0.000333
g_row\[1\].g_col\[0\].pe/hold2059,VGND,li1,212.0600,233.9200,0.000370
g_row\[1\].g_col\[0\].pe/hold2058,VGND,li1,210.2200,239.3600,0.000457
g_row\[1\].g_col\[0\].pe/hold2057,VGND,li1,194.1200,152.3200,0.000108
g_row\[1\].g_col\[0\].pe/hold2056,VGND,li1,200.1000,157.7600,0.000174
g_row\[1\].g_col\[0\].pe/hold2055,VGND,li1,197.8000,174.0800,0.000149
g_row\[1\].g_col\[0\].pe/hold2054,VGND,li1,197.8000,179.5200,0.000259
g_row\[1\].g_col\[0\].pe/hold2053,VGND,li1,195.5000,168.6400,0.000164
g_row\[1\].g_col\[0\].pe/hold2052,VGND,li1,204.2400,168.6400,0.000186
g_row\[1\].g_col\[0\].pe/hold2051,VGND,li1,218.9600,168.6400,0.000198
g_row\[1\].g_col\[0\].pe/hold2050,VGND,li1,195.5000,168.6400,0.000164
g_row\[1\].g_col\[0\].pe/hold2049,VGND,li1,210.2200,184.9600,0.000164
hold2048,VGND,li1,206.0800,184.9600,0.000163
hold2047,VGND,li1,189.9800,190.4000,0.000151
g_row\[1\].g_col\[0\].pe/hold2046,VGND,li1,205.1600,179.5200,0.000287
hold2045,VGND,li1,199.1800,195.8400,0.000182
g_row\[1\].g_col\[0\].pe/hold2044,VGND,li1,212.9800,190.4000,0.000162
hold2043,VGND,li1,202.4000,190.4000,0.000160
hold2042,VGND,li1,188.1400,201.2800,0.000206
g_row\[0\].g_col\[1\].pe/hold2041,VGND,li1,33.1200,146.8800,0.000159
g_row\[0\].g_col\[1\].pe/hold2040,VGND,li1,34.9600,152.3200,0.000131
g_row\[0\].g_col\[1\].pe/hold2039,VGND,li1,43.2400,136.0000,0.000160
g_row\[0\].g_col\[1\].pe/hold2038,VGND,li1,33.1200,130.5600,0.000193
g_row\[0\].g_col\[1\].pe/hold2037,VGND,li1,34.9600,130.5600,0.000207
g_row\[0\].g_col\[1\].pe/hold2036,VGND,li1,40.9400,125.1200,0.000301
g_row\[0\].g_col\[1\].pe/hold2035,VGND,li1,70.8400,141.4400,0.000302
g_row\[0\].g_col\[1\].pe/hold2034,VGND,li1,20.2400,54.4000,0.000060
g_row\[0\].g_col\[1\].pe/hold2033,VGND,li1,86.4800,108.8000,0.000355
g_row\[0\].g_col\[1\].pe/hold2032,VGND,li1,57.5000,97.9200,0.000212
g_row\[0\].g_col\[1\].pe/hold2031,VGND,li1,58.8800,108.8000,0.000303
g_row\[0\].g_col\[1\].pe/hold2030,VGND,li1,30.3600,76.1600,0.000064
g_row\[0\].g_col\[1\].pe/hold2029,VGND,li1,48.7600,108.8000,0.000264
g_row\[0\].g_col\[1\].pe/hold2028,VGND,li1,46.0000,81.6000,0.000084
g_row\[0\].g_col\[0\].pe/hold2027,VGND,li1,53.8200,179.5200,0.000161
g_row\[0\].g_col\[0\].pe/hold2026,VGND,li1,28.0600,184.9600,0.000086
g_row\[0\].g_col\[0\].pe/hold2025,VGND,li1,132.9400,233.9200,0.000323
g_row\[0\].g_col\[0\].pe/hold2024,VGND,li1,120.5200,228.4800,0.000240
g_row\[0\].g_col\[0\].pe/hold2023,VGND,li1,139.8400,212.1600,0.000239
g_row\[0\].g_col\[0\].pe/hold2022,VGND,li1,142.1400,206.7200,0.000303
g_row\[0\].g_col\[0\].pe/hold2021,VGND,li1,177.1000,239.3600,0.000294
g_row\[0\].g_col\[0\].pe/hold2020,VGND,li1,178.9400,239.3600,0.000278
hold2019,VGND,li1,184.9200,239.3600,0.000320
g_row\[0\].g_col\[0\].pe/hold2018,VGND,li1,174.3400,239.3600,0.000305
g_row\[0\].g_col\[0\].pe/hold2017,VGND,li1,159.1600,266.5600,0.000108
g_row\[0\].g_col\[0\].pe/hold2016,VGND,li1,162.3800,206.7200,0.000268
hold2015,VGND,li1,166.0600,201.2800,0.000192
g_row\[0\].g_col\[0\].pe/hold2014,VGND,li1,180.7800,223.0400,0.000266
g_row\[0\].g_col\[0\].pe/hold2013,VGND,li1,162.8400,233.9200,0.000267
g_row\[0\].g_col\[0\].pe/hold2012,VGND,li1,167.9000,228.4800,0.000205
g_row\[0\].g_col\[0\].pe/hold2011,VGND,li1,152.7200,233.9200,0.000295
g_row\[0\].g_col\[0\].pe/hold2010,VGND,li1,192.7400,233.9200,0.000288
g_row\[0\].g_col\[0\].pe/hold2009,VGND,li1,175.2600,228.4800,0.000188
g_row\[0\].g_col\[0\].pe/hold2008,VGND,li1,179.8600,244.8000,0.000347
g_row\[0\].g_col\[0\].pe/hold2007,VGND,li1,140.3000,206.7200,0.000303
g_row\[0\].g_col\[0\].pe/hold2006,VGND,li1,136.1600,223.0400,0.000351
g_row\[0\].g_col\[0\].pe/hold2005,VGND,li1,166.5200,233.9200,0.000255
g_row\[0\].g_col\[0\].pe/hold2004,VGND,li1,133.4000,217.6000,0.000285
g_row\[0\].g_col\[0\].pe/hold2003,VGND,li1,134.7800,223.0400,0.000351
g_row\[0\].g_col\[0\].pe/hold2002,VGND,li1,125.5800,244.8000,0.000626
g_row\[0\].g_col\[0\].pe/hold2001,VGND,li1,148.5800,255.6800,0.000423
g_row\[0\].g_col\[0\].pe/hold2000,VGND,li1,135.2400,244.8000,0.000623
g_row\[0\].g_col\[0\].pe/hold1999,VGND,li1,133.4000,255.6800,0.000468
g_row\[0\].g_col\[0\].pe/hold1998,VGND,li1,193.6600,255.6800,0.000322
g_row\[0\].g_col\[0\].pe/hold1997,VGND,li1,190.9000,244.8000,0.000417
g_row\[0\].g_col\[0\].pe/hold1996,VGND,li1,159.6200,255.6800,0.000372
g_row\[0\].g_col\[0\].pe/hold1995,VGND,li1,164.6800,244.8000,0.000469
g_row\[0\].g_col\[0\].pe/hold1994,VGND,li1,199.1800,255.6800,0.000355
g_row\[0\].g_col\[0\].pe/hold1993,VGND,li1,192.7400,244.8000,0.000435
g_row\[0\].g_col\[0\].pe/hold1992,VGND,li1,187.2200,250.2400,0.000335
g_row\[1\].g_col\[1\].pe/hold1991,VGND,li1,290.2600,136.0000,0.000208
g_row\[1\].g_col\[1\].pe/hold1990,VGND,li1,199.6400,125.1200,0.000361
hold1989,VGND,li1,210.6800,146.8800,0.000156
g_row\[1\].g_col\[1\].pe/hold1988,VGND,li1,225.8600,119.6800,0.000464
g_row\[1\].g_col\[1\].pe/hold1987,VGND,li1,223.5600,146.8800,0.000171
hold1986,VGND,li1,220.8000,168.6400,0.000199
g_row\[1\].g_col\[1\].pe/hold1985,VGND,li1,202.8600,119.6800,0.000388
g_row\[1\].g_col\[1\].pe/hold1984,VGND,li1,201.4800,125.1200,0.000367
g_row\[1\].g_col\[1\].pe/hold1983,VGND,li1,212.9800,125.1200,0.000393
g_row\[1\].g_col\[1\].pe/hold1982,VGND,li1,218.0400,125.1200,0.000404
g_row\[1\].g_col\[1\].pe/hold1981,VGND,li1,218.9600,119.6800,0.000446
g_row\[1\].g_col\[1\].pe/hold1980,VGND,li1,219.8800,130.5600,0.000218
g_row\[0\].g_col\[1\].pe/hold1979,VGND,li1,168.8200,43.5200,0.000136
g_row\[0\].g_col\[1\].pe/hold1978,VGND,li1,97.0600,59.8400,0.000192
g_row\[1\].g_col\[1\].pe/hold1977,VGND,li1,246.1000,27.2000,0.000161
hold1976,VGND,li1,175.2600,10.8800,0.000071
g_row\[0\].g_col\[1\].pe/hold1975,VGND,li1,146.2800,43.5200,0.000176
g_row\[0\].g_col\[1\].pe/hold1974,VGND,li1,147.6600,59.8400,0.000226
g_row\[0\].g_col\[1\].pe/hold1973,VGND,li1,146.2800,70.7200,0.000172
g_row\[0\].g_col\[1\].pe/hold1972,VGND,li1,151.3400,48.9600,0.000295
g_row\[0\].g_col\[1\].pe/hold1971,VGND,li1,151.3400,54.4000,0.000183
g_row\[1\].g_col\[1\].pe/hold1970,VGND,li1,258.0600,32.6400,0.000160
g_row\[1\].g_col\[1\].pe/hold1969,VGND,li1,259.9000,32.6400,0.000158
g_row\[1\].g_col\[1\].pe/hold1968,VGND,li1,235.5200,125.1200,0.000420
g_row\[1\].g_col\[1\].pe/hold1967,VGND,li1,243.3400,130.5600,0.000226
g_row\[1\].g_col\[1\].pe/hold1966,VGND,li1,236.4400,114.2400,0.000587
g_row\[1\].g_col\[1\].pe/hold1965,VGND,li1,222.1800,54.4000,0.000231
g_row\[1\].g_col\[1\].pe/hold1964,VGND,li1,223.5600,65.2800,0.000254
g_row\[1\].g_col\[1\].pe/hold1963,VGND,li1,254.8400,38.0800,0.000246
g_row\[1\].g_col\[1\].pe/hold1962,VGND,li1,256.6800,38.0800,0.000242
g_row\[1\].g_col\[1\].pe/hold1961,VGND,li1,248.4000,48.9600,0.000291
g_row\[1\].g_col\[1\].pe/hold1960,VGND,li1,249.3200,54.4000,0.000220
g_row\[0\].g_col\[0\].pe/hold1959,VGND,li1,71.3000,212.1600,0.000183
g_row\[0\].g_col\[0\].pe/hold1958,VGND,li1,58.8800,239.3600,0.000264
g_row\[1\].g_col\[1\].pe/hold1957,VGND,li1,256.2200,43.5200,0.000209
g_row\[1\].g_col\[1\].pe/hold1956,VGND,li1,235.9800,59.8400,0.000279
g_row\[1\].g_col\[1\].pe/hold1955,VGND,li1,243.3400,32.6400,0.000167
g_row\[1\].g_col\[1\].pe/hold1954,VGND,li1,245.1800,32.6400,0.000166
g_row\[1\].g_col\[1\].pe/hold1953,VGND,li1,244.2600,27.2000,0.000161
g_row\[1\].g_col\[1\].pe/hold1952,VGND,li1,247.9400,27.2000,0.000161
g_row\[1\].g_col\[1\].pe/hold1951,VGND,li1,236.4400,108.8000,0.000231
hold1950,VGND,li1,311.4200,146.8800,0.000221
g_row\[1\].g_col\[1\].pe/hold1949,VGND,li1,238.7400,130.5600,0.000225
g_row\[1\].g_col\[1\].pe/hold1948,VGND,li1,240.5800,130.5600,0.000226
g_row\[1\].g_col\[1\].pe/hold1947,VGND,li1,242.4200,130.5600,0.000226
g_row\[1\].g_col\[1\].pe/hold1946,VGND,li1,270.4800,114.2400,0.000561
g_row\[1\].g_col\[1\].pe/hold1945,VGND,li1,255.7600,125.1200,0.000425
g_row\[1\].g_col\[1\].pe/hold1944,VGND,li1,249.3200,130.5600,0.000227
g_row\[1\].g_col\[1\].pe/hold1943,VGND,li1,251.6200,130.5600,0.000228
g_row\[1\].g_col\[1\].pe/hold1942,VGND,li1,268.6400,114.2400,0.000566
g_row\[1\].g_col\[1\].pe/hold1941,VGND,li1,264.5000,130.5600,0.000227
g_row\[1\].g_col\[1\].pe/hold1940,VGND,li1,266.8000,130.5600,0.000227
g_row\[1\].g_col\[1\].pe/hold1939,VGND,li1,264.9600,119.6800,0.000494
hold1938,VGND,li1,289.8000,130.5600,0.000217
g_row\[1\].g_col\[0\].pe/hold1937,VGND,li1,377.2000,228.4800,0.000337
g_row\[1\].g_col\[0\].pe/hold1936,VGND,li1,377.2000,239.3600,0.000525
g_row\[0\].g_col\[0\].pe/hold1935,VGND,li1,140.3000,250.2400,0.000509
g_row\[0\].g_col\[0\].pe/hold1934,VGND,li1,136.1600,233.9200,0.000322
g_row\[0\].g_col\[0\].pe/hold1933,VGND,li1,146.2800,250.2400,0.000492
g_row\[0\].g_col\[0\].pe/hold1932,VGND,li1,118.6800,233.9200,0.000315
g_row\[0\].g_col\[0\].pe/hold1931,VGND,li1,120.5200,233.9200,0.000318
g_row\[0\].g_col\[0\].pe/hold1930,VGND,li1,120.5200,233.9200,0.000318
hold1929,VGND,li1,103.0400,195.8400,0.000336
g_row\[1\].g_col\[1\].pe/hold1928,VGND,li1,253.9200,125.1200,0.000425
g_row\[1\].g_col\[1\].pe/hold1927,VGND,li1,251.1600,130.5600,0.000228
g_row\[1\].g_col\[0\].pe/hold1926,VGND,li1,391.9200,250.2400,0.000381
g_row\[1\].g_col\[0\].pe/hold1925,VGND,li1,381.3400,239.3600,0.000537
g_row\[1\].g_col\[0\].pe/hold1924,VGND,li1,391.0000,255.6800,0.000365
g_row\[1\].g_col\[0\].pe/hold1923,VGND,li1,374.4400,250.2400,0.000373
g_row\[1\].g_col\[0\].pe/hold1922,VGND,li1,381.8000,255.6800,0.000360
g_row\[1\].g_col\[0\].pe/hold1921,VGND,li1,385.0200,261.1200,0.000296
g_row\[1\].g_col\[0\].pe/hold1920,VGND,li1,366.1600,217.6000,0.000224
g_row\[1\].g_col\[0\].pe/hold1919,VGND,li1,370.7600,233.9200,0.000384
g_row\[1\].g_col\[0\].pe/hold1918,VGND,li1,368.9200,233.9200,0.000380
g_row\[1\].g_col\[0\].pe/hold1917,VGND,li1,363.8600,239.3600,0.000488
g_row\[1\].g_col\[0\].pe/hold1916,VGND,li1,362.9400,228.4800,0.000315
g_row\[1\].g_col\[0\].pe/hold1915,VGND,li1,361.1000,244.8000,0.000359
g_row\[1\].g_col\[0\].pe/hold1914,VGND,li1,352.3600,228.4800,0.000285
g_row\[1\].g_col\[0\].pe/hold1913,VGND,li1,355.5800,233.9200,0.000350
g_row\[1\].g_col\[0\].pe/hold1912,VGND,li1,357.4200,239.3600,0.000466
g_row\[0\].g_col\[0\].pe/hold1911,VGND,li1,103.5000,233.9200,0.000298
g_row\[0\].g_col\[0\].pe/hold1910,VGND,li1,112.7000,239.3600,0.000426
g_row\[0\].g_col\[0\].pe/hold1909,VGND,li1,140.3000,233.9200,0.000321
g_row\[0\].g_col\[0\].pe/hold1908,VGND,li1,143.5200,228.4800,0.000231
g_row\[0\].g_col\[0\].pe/hold1907,VGND,li1,148.5800,228.4800,0.000228
g_row\[1\].g_col\[0\].pe/hold1906,VGND,li1,193.2000,223.0400,0.000324
hold1905,VGND,li1,174.8000,206.7200,0.000231
g_row\[1\].g_col\[0\].pe/hold1904,VGND,li1,211.1400,195.8400,0.000193
hold1903,VGND,li1,201.0200,195.8400,0.000185
g_row\[1\].g_col\[0\].pe/hold1902,VGND,li1,191.8200,195.8400,0.000174
hold1901,VGND,li1,188.1400,190.4000,0.000149
g_row\[1\].g_col\[0\].pe/hold1900,VGND,li1,251.1600,217.6000,0.000307
g_row\[1\].g_col\[0\].pe/hold1899,VGND,li1,229.5400,239.3600,0.000522
hold1898,VGND,li1,233.6800,223.0400,0.000398
g_row\[1\].g_col\[0\].pe/hold1897,VGND,li1,207.9200,206.7200,0.000303
hold1896,VGND,li1,188.6000,217.6000,0.000229
g_row\[1\].g_col\[0\].pe/hold1895,VGND,li1,177.1000,195.8400,0.000163
hold1894,VGND,li1,196.8800,217.6000,0.000269
g_row\[1\].g_col\[0\].pe/hold1893,VGND,li1,200.1000,212.1600,0.000228
g_row\[1\].g_col\[0\].pe/hold1892,VGND,li1,184.9200,206.7200,0.000234
g_row\[1\].g_col\[0\].pe/hold1891,VGND,li1,253.0000,217.6000,0.000305
g_row\[1\].g_col\[0\].pe/hold1890,VGND,li1,228.6200,250.2400,0.000437
hold1889,VGND,li1,216.2000,244.8000,0.000547
g_row\[1\].g_col\[0\].pe/hold1888,VGND,li1,186.7600,174.0800,0.000135
hold1887,VGND,li1,194.5800,190.4000,0.000156
g_row\[1\].g_col\[0\].pe/hold1886,VGND,li1,232.3000,228.4800,0.000361
g_row\[1\].g_col\[0\].pe/hold1885,VGND,li1,238.7400,217.6000,0.000322
hold1884,VGND,li1,230.4600,223.0400,0.000398
g_row\[0\].g_col\[0\].pe/hold1883,VGND,li1,69.0000,233.9200,0.000231
g_row\[0\].g_col\[0\].pe/hold1882,VGND,li1,115.9200,206.7200,0.000295
g_row\[0\].g_col\[0\].pe/hold1881,VGND,li1,100.7400,228.4800,0.000225
g_row\[0\].g_col\[1\].pe/hold1880,VGND,li1,85.1000,136.0000,0.000256
g_row\[0\].g_col\[1\].pe/hold1879,VGND,li1,85.5600,125.1200,0.000521
g_row\[1\].g_col\[0\].pe/hold1878,VGND,li1,240.1200,206.7200,0.000300
g_row\[1\].g_col\[0\].pe/hold1877,VGND,li1,238.7400,217.6000,0.000322
hold1876,VGND,li1,202.8600,239.3600,0.000423
g_row\[1\].g_col\[0\].pe/hold1875,VGND,li1,235.5200,223.0400,0.000397
g_row\[1\].g_col\[0\].pe/hold1874,VGND,li1,233.6800,228.4800,0.000361
g_row\[1\].g_col\[0\].pe/hold1873,VGND,li1,248.8600,212.1600,0.000263
g_row\[1\].g_col\[0\].pe/hold1872,VGND,li1,251.6200,206.7200,0.000284
g_row\[1\].g_col\[0\].pe/hold1871,VGND,li1,365.2400,174.0800,0.000128
g_row\[1\].g_col\[0\].pe/hold1870,VGND,li1,352.3600,163.2000,0.000183
g_row\[1\].g_col\[0\].pe/hold1869,VGND,li1,326.6000,157.7600,0.000172
g_row\[1\].g_col\[0\].pe/hold1868,VGND,li1,360.1800,157.7600,0.000296
g_row\[1\].g_col\[0\].pe/hold1867,VGND,li1,365.2400,174.0800,0.000128
g_row\[1\].g_col\[0\].pe/hold1866,VGND,li1,372.1400,179.5200,0.000159
g_row\[1\].g_col\[0\].pe/hold1865,VGND,li1,368.9200,152.3200,0.000156
g_row\[1\].g_col\[0\].pe/hold1864,VGND,li1,372.1400,146.8800,0.000365
g_row\[1\].g_col\[0\].pe/hold1863,VGND,li1,341.3200,141.4400,0.000266
g_row\[1\].g_col\[0\].pe/hold1862,VGND,li1,375.3600,152.3200,0.000163
g_row\[1\].g_col\[0\].pe/hold1861,VGND,li1,238.7400,233.9200,0.000426
g_row\[1\].g_col\[0\].pe/hold1860,VGND,li1,239.2000,233.9200,0.000426
g_row\[1\].g_col\[0\].pe/hold1859,VGND,li1,346.3800,157.7600,0.000238
g_row\[1\].g_col\[0\].pe/hold1858,VGND,li1,363.4000,152.3200,0.000150
g_row\[1\].g_col\[0\].pe/hold1857,VGND,li1,354.6600,157.7600,0.000276
g_row\[1\].g_col\[0\].pe/hold1856,VGND,li1,361.5600,174.0800,0.000122
g_row\[0\].g_col\[1\].pe/hold1855,VGND,li1,50.1400,114.2400,0.000463
g_row\[0\].g_col\[1\].pe/hold1854,VGND,li1,52.4400,119.6800,0.000371
g_row\[0\].g_col\[1\].pe/hold1853,VGND,li1,90.1600,141.4400,0.000330
g_row\[0\].g_col\[1\].pe/hold1852,VGND,li1,89.7000,146.8800,0.000224
g_row\[0\].g_col\[1\].pe/hold1851,VGND,li1,63.4800,141.4400,0.000283
g_row\[0\].g_col\[1\].pe/hold1850,VGND,li1,55.6600,130.5600,0.000286
g_row\[0\].g_col\[1\].pe/hold1849,VGND,li1,29.9000,108.8000,0.000186
g_row\[0\].g_col\[1\].pe/hold1848,VGND,li1,30.3600,114.2400,0.000298
g_row\[0\].g_col\[1\].pe/hold1847,VGND,li1,43.2400,114.2400,0.000415
g_row\[0\].g_col\[1\].pe/hold1846,VGND,li1,52.4400,114.2400,0.000478
g_row\[0\].g_col\[1\].pe/hold1845,VGND,li1,56.1200,114.2400,0.000512
g_row\[0\].g_col\[1\].pe/hold1844,VGND,li1,71.3000,152.3200,0.000171
g_row\[1\].g_col\[0\].pe/hold1843,VGND,li1,391.9200,255.6800,0.000365
g_row\[1\].g_col\[0\].pe/hold1842,VGND,li1,390.0800,261.1200,0.000296
g_row\[1\].g_col\[0\].pe/hold1841,VGND,li1,374.4400,244.8000,0.000373
g_row\[1\].g_col\[0\].pe/hold1840,VGND,li1,361.5600,152.3200,0.000147
g_row\[1\].g_col\[0\].pe/hold1839,VGND,li1,365.2400,146.8800,0.000348
g_row\[1\].g_col\[0\].pe/hold1838,VGND,li1,377.6600,125.1200,0.000322
g_row\[0\].g_col\[0\].pe/hold1837,VGND,li1,110.8600,233.9200,0.000309
g_row\[0\].g_col\[0\].pe/hold1836,VGND,li1,130.1800,212.1600,0.000242
g_row\[0\].g_col\[0\].pe/hold1835,VGND,li1,123.7400,217.6000,0.000290
g_row\[1\].g_col\[0\].pe/hold1834,VGND,li1,364.3200,261.1200,0.000276
g_row\[1\].g_col\[0\].pe/hold1833,VGND,li1,378.1200,244.8000,0.000375
g_row\[1\].g_col\[0\].pe/hold1832,VGND,li1,376.7400,244.8000,0.000374
g_row\[1\].g_col\[0\].pe/hold1831,VGND,li1,383.6400,250.2400,0.000379
g_row\[1\].g_col\[0\].pe/hold1830,VGND,li1,339.4800,255.6800,0.000279
g_row\[1\].g_col\[0\].pe/hold1829,VGND,li1,345.0000,255.6800,0.000303
g_row\[1\].g_col\[0\].pe/hold1828,VGND,li1,350.9800,255.6800,0.000319
g_row\[1\].g_col\[0\].pe/hold1827,VGND,li1,350.0600,266.5600,0.000029
g_row\[1\].g_col\[0\].pe/hold1826,VGND,li1,367.5400,266.5600,0.000031
g_row\[1\].g_col\[0\].pe/hold1825,VGND,li1,377.2000,261.1200,0.000293
g_row\[1\].g_col\[0\].pe/hold1824,VGND,li1,361.5600,261.1200,0.000270
g_row\[1\].g_col\[0\].pe/hold1823,VGND,li1,365.7000,250.2400,0.000360
g_row\[1\].g_col\[0\].pe/hold1822,VGND,li1,366.1600,261.1200,0.000280
g_row\[1\].g_col\[0\].pe/hold1821,VGND,li1,328.9000,255.6800,0.000262
g_row\[1\].g_col\[0\].pe/hold1820,VGND,li1,329.3600,261.1200,0.000208
g_row\[1\].g_col\[1\].pe/hold1819,VGND,li1,357.4200,108.8000,0.000207
g_row\[1\].g_col\[1\].pe/hold1818,VGND,li1,349.1400,103.3600,0.000289
g_row\[1\].g_col\[1\].pe/hold1817,VGND,li1,361.5600,97.9200,0.000372
g_row\[1\].g_col\[1\].pe/hold1816,VGND,li1,361.1000,97.9200,0.000372
g_row\[1\].g_col\[1\].pe/hold1815,VGND,li1,350.0600,97.9200,0.000317
g_row\[1\].g_col\[1\].pe/hold1814,VGND,li1,362.0200,76.1600,0.000186
g_row\[1\].g_col\[1\].pe/hold1813,VGND,li1,370.7600,87.0400,0.000314
g_row\[1\].g_col\[1\].pe/hold1812,VGND,li1,367.0800,87.0400,0.000307
g_row\[1\].g_col\[1\].pe/hold1811,VGND,li1,348.2200,97.9200,0.000299
g_row\[1\].g_col\[1\].pe/hold1810,VGND,li1,338.1000,97.9200,0.000244
g_row\[1\].g_col\[1\].pe/hold1809,VGND,li1,341.7800,97.9200,0.000258
g_row\[1\].g_col\[1\].pe/hold1808,VGND,li1,345.9200,92.4800,0.000334
g_row\[1\].g_col\[1\].pe/hold1807,VGND,li1,350.9800,103.3600,0.000297
g_row\[1\].g_col\[1\].pe/hold1806,VGND,li1,347.3000,103.3600,0.000277
g_row\[0\].g_col\[0\].pe/hold1805,VGND,li1,129.2600,223.0400,0.000349
g_row\[0\].g_col\[0\].pe/hold1804,VGND,li1,131.1000,223.0400,0.000349
g_row\[0\].g_col\[0\].pe/hold1803,VGND,li1,146.2800,217.6000,0.000273
g_row\[0\].g_col\[0\].pe/hold1802,VGND,li1,150.4200,228.4800,0.000225
g_row\[0\].g_col\[0\].pe/hold1801,VGND,li1,152.7200,206.7200,0.000288
g_row\[0\].g_col\[0\].pe/hold1800,VGND,li1,152.2600,228.4800,0.000223
g_row\[0\].g_col\[0\].pe/hold1799,VGND,li1,161.4600,228.4800,0.000212
g_row\[0\].g_col\[0\].pe/hold1798,VGND,li1,144.4400,217.6000,0.000275
g_row\[0\].g_col\[0\].pe/hold1797,VGND,li1,133.8600,217.6000,0.000285
g_row\[1\].g_col\[1\].pe/hold1796,VGND,li1,227.2400,119.6800,0.000471
hold1795,VGND,li1,217.1200,136.0000,0.000170
g_row\[0\].g_col\[1\].pe/hold1794,VGND,li1,152.7200,130.5600,0.000289
g_row\[0\].g_col\[1\].pe/hold1793,VGND,li1,146.2800,125.1200,0.000446
g_row\[0\].g_col\[1\].pe/hold1792,VGND,li1,148.5800,136.0000,0.000189
g_row\[1\].g_col\[0\].pe/hold1791,VGND,li1,333.5000,146.8800,0.000199
g_row\[1\].g_col\[0\].pe/hold1790,VGND,li1,350.9800,163.2000,0.000173
g_row\[1\].g_col\[0\].pe/hold1789,VGND,li1,346.3800,141.4400,0.000287
g_row\[1\].g_col\[0\].pe/hold1788,VGND,li1,339.4800,141.4400,0.000258
g_row\[1\].g_col\[0\].pe/hold1787,VGND,li1,320.6200,141.4400,0.000254
g_row\[1\].g_col\[0\].pe/hold1786,VGND,li1,326.1400,136.0000,0.000175
g_row\[1\].g_col\[0\].pe/hold1785,VGND,li1,328.9000,152.3200,0.000091
g_row\[1\].g_col\[0\].pe/hold1784,VGND,li1,341.7800,136.0000,0.000207
g_row\[1\].g_col\[1\].pe/hold1783,VGND,li1,244.2600,54.4000,0.000223
g_row\[1\].g_col\[1\].pe/hold1782,VGND,li1,235.5200,43.5200,0.000215
hold1781,VGND,li1,204.7000,43.5200,0.000171
g_row\[1\].g_col\[1\].pe/hold1780,VGND,li1,224.0200,32.6400,0.000172
g_row\[1\].g_col\[1\].pe/hold1779,VGND,li1,224.9400,38.0800,0.000278
hold1778,VGND,li1,193.2000,38.0800,0.000226
g_row\[1\].g_col\[1\].pe/hold1777,VGND,li1,241.0400,48.9600,0.000303
g_row\[1\].g_col\[1\].pe/hold1776,VGND,li1,234.1400,59.8400,0.000280
g_row\[1\].g_col\[0\].pe/hold1775,VGND,li1,235.0600,206.7200,0.000305
g_row\[1\].g_col\[0\].pe/hold1774,VGND,li1,225.4000,206.7200,0.000311
g_row\[1\].g_col\[0\].pe/hold1773,VGND,li1,216.6600,212.1600,0.000275
g_row\[1\].g_col\[0\].pe/hold1772,VGND,li1,327.0600,125.1200,0.000233
g_row\[1\].g_col\[0\].pe/hold1771,VGND,li1,344.5400,141.4400,0.000280
g_row\[1\].g_col\[0\].pe/hold1770,VGND,li1,303.6000,255.6800,0.000403
g_row\[1\].g_col\[0\].pe/hold1769,VGND,li1,323.8400,244.8000,0.000334
g_row\[1\].g_col\[1\].pe/hold1768,VGND,li1,281.5200,119.6800,0.000445
g_row\[1\].g_col\[1\].pe/hold1767,VGND,li1,280.1400,136.0000,0.000209
hold1766,VGND,li1,311.8800,146.8800,0.000221
g_row\[1\].g_col\[0\].pe/hold1765,VGND,li1,230.9200,190.4000,0.000158
g_row\[1\].g_col\[0\].pe/hold1764,VGND,li1,233.6800,195.8400,0.000198
hold1763,VGND,li1,198.7200,217.6000,0.000276
g_row\[1\].g_col\[0\].pe/hold1762,VGND,li1,246.5600,206.7200,0.000291
g_row\[1\].g_col\[0\].pe/hold1761,VGND,li1,247.4800,201.2800,0.000300
g_row\[1\].g_col\[0\].pe/hold1760,VGND,li1,318.3200,266.5600,0.000038
g_row\[1\].g_col\[0\].pe/hold1759,VGND,li1,313.7200,266.5600,0.000043
g_row\[1\].g_col\[0\].pe/hold1758,VGND,li1,304.0600,266.5600,0.000047
g_row\[1\].g_col\[0\].pe/hold1757,VGND,li1,322.4600,261.1200,0.000240
g_row\[1\].g_col\[0\].pe/hold1756,VGND,li1,327.0600,255.6800,0.000274
g_row\[0\].g_col\[0\].pe/hold1755,VGND,li1,64.8600,239.3600,0.000285
g_row\[0\].g_col\[0\].pe/hold1754,VGND,li1,69.0000,223.0400,0.000249
g_row\[0\].g_col\[0\].pe/hold1753,VGND,li1,69.0000,250.2400,0.000416
g_row\[1\].g_col\[1\].pe/hold1752,VGND,li1,374.9000,130.5600,0.000266
g_row\[1\].g_col\[1\].pe/hold1751,VGND,li1,379.0400,119.6800,0.000264
g_row\[0\].g_col\[0\].pe/hold1750,VGND,li1,58.4200,250.2400,0.000365
g_row\[0\].g_col\[0\].pe/hold1749,VGND,li1,110.4000,212.1600,0.000238
g_row\[0\].g_col\[0\].pe/hold1748,VGND,li1,97.5200,228.4800,0.000221
g_row\[1\].g_col\[1\].pe/hold1747,VGND,li1,380.8800,119.6800,0.000265
g_row\[1\].g_col\[1\].pe/hold1746,VGND,li1,380.4200,114.2400,0.000587
g_row\[1\].g_col\[0\].pe/hold1745,VGND,li1,287.9600,261.1200,0.000337
g_row\[1\].g_col\[0\].pe/hold1744,VGND,li1,281.0600,266.5600,0.000052
g_row\[1\].g_col\[1\].pe/hold1743,VGND,li1,341.7800,125.1200,0.000254
g_row\[1\].g_col\[1\].pe/hold1742,VGND,li1,359.7200,141.4400,0.000331
g_row\[1\].g_col\[1\].pe/hold1741,VGND,li1,342.2400,119.6800,0.000210
g_row\[1\].g_col\[1\].pe/hold1740,VGND,li1,365.2400,59.8400,0.000239
g_row\[1\].g_col\[1\].pe/hold1739,VGND,li1,365.2400,59.8400,0.000239
g_row\[1\].g_col\[1\].pe/hold1738,VGND,li1,365.2400,65.2800,0.000260
g_row\[1\].g_col\[1\].pe/hold1737,VGND,li1,362.4800,125.1200,0.000305
g_row\[1\].g_col\[1\].pe/hold1736,VGND,li1,363.8600,125.1200,0.000309
g_row\[1\].g_col\[0\].pe/hold1735,VGND,li1,289.8000,255.6800,0.000460
g_row\[1\].g_col\[0\].pe/hold1734,VGND,li1,296.2400,261.1200,0.000318
g_row\[1\].g_col\[0\].pe/hold1733,VGND,li1,282.9000,266.5600,0.000052
g_row\[1\].g_col\[0\].pe/hold1732,VGND,li1,275.5400,261.1200,0.000352
g_row\[1\].g_col\[0\].pe/hold1731,VGND,li1,271.8600,255.6800,0.000506
g_row\[1\].g_col\[1\].pe/hold1730,VGND,li1,376.2800,48.9600,0.000157
g_row\[1\].g_col\[1\].pe/hold1729,VGND,li1,378.1200,48.9600,0.000158
g_row\[1\].g_col\[1\].pe/hold1728,VGND,li1,376.7400,54.4000,0.000209
g_row\[1\].g_col\[0\].pe/hold1727,VGND,li1,230.4600,190.4000,0.000159
g_row\[1\].g_col\[0\].pe/hold1726,VGND,li1,229.0800,190.4000,0.000159
g_row\[1\].g_col\[0\].pe/hold1725,VGND,li1,216.6600,190.4000,0.000162
g_row\[1\].g_col\[0\].pe/hold1724,VGND,li1,228.6200,195.8400,0.000199
g_row\[0\].g_col\[0\].pe/hold1723,VGND,li1,26.6800,250.2400,0.000190
g_row\[0\].g_col\[0\].pe/hold1722,VGND,li1,84.6400,168.6400,0.000202
g_row\[0\].g_col\[0\].pe/hold1721,VGND,li1,45.5400,233.9200,0.000163
g_row\[0\].g_col\[0\].pe/hold1720,VGND,li1,58.4200,244.8000,0.000375
g_row\[0\].g_col\[0\].pe/hold1719,VGND,li1,106.7200,217.6000,0.000291
g_row\[0\].g_col\[0\].pe/hold1718,VGND,li1,107.6400,168.6400,0.000200
g_row\[0\].g_col\[0\].pe/hold1717,VGND,li1,37.2600,233.9200,0.000132
g_row\[0\].g_col\[0\].pe/hold1716,VGND,li1,30.3600,255.6800,0.000187
g_row\[1\].g_col\[1\].pe/hold1715,VGND,li1,356.9600,70.7200,0.000192
g_row\[1\].g_col\[1\].pe/hold1714,VGND,li1,353.7400,76.1600,0.000170
g_row\[1\].g_col\[1\].pe/hold1713,VGND,li1,344.0800,92.4800,0.000321
g_row\[1\].g_col\[1\].pe/hold1712,VGND,li1,372.1400,54.4000,0.000203
g_row\[1\].g_col\[1\].pe/hold1711,VGND,li1,376.2800,59.8400,0.000264
g_row\[1\].g_col\[1\].pe/hold1710,VGND,li1,378.5800,65.2800,0.000280
g_row\[1\].g_col\[1\].pe/hold1709,VGND,li1,356.9600,65.2800,0.000235
g_row\[1\].g_col\[1\].pe/hold1708,VGND,li1,353.2800,70.7200,0.000184
g_row\[1\].g_col\[1\].pe/hold1707,VGND,li1,391.4600,27.2000,0.000186
g_row\[1\].g_col\[1\].pe/hold1706,VGND,li1,352.3600,70.7200,0.000179
g_row\[1\].g_col\[1\].pe/hold1705,VGND,li1,355.1200,70.7200,0.000188
g_row\[0\].g_col\[0\].pe/hold1704,VGND,li1,28.5200,250.2400,0.000201
g_row\[0\].g_col\[0\].pe/hold1703,VGND,li1,65.3200,212.1600,0.000173
g_row\[1\].g_col\[1\].pe/hold1702,VGND,li1,380.4200,48.9600,0.000159
g_row\[1\].g_col\[1\].pe/hold1701,VGND,li1,383.6400,54.4000,0.000220
g_row\[0\].g_col\[0\].pe/hold1700,VGND,li1,57.5000,217.6000,0.000194
g_row\[0\].g_col\[0\].pe/hold1699,VGND,li1,103.9600,184.9600,0.000199
g_row\[0\].g_col\[0\].pe/hold1698,VGND,li1,103.0400,190.4000,0.000192
g_row\[1\].g_col\[1\].pe/hold1697,VGND,li1,347.7600,76.1600,0.000155
g_row\[1\].g_col\[1\].pe/hold1696,VGND,li1,374.4400,48.9600,0.000155
g_row\[1\].g_col\[1\].pe/hold1695,VGND,li1,385.9400,43.5200,0.000124
g_row\[1\].g_col\[0\].pe/hold1694,VGND,li1,346.8400,233.9200,0.000324
g_row\[1\].g_col\[0\].pe/hold1693,VGND,li1,349.1400,233.9200,0.000331
g_row\[1\].g_col\[0\].pe/hold1692,VGND,li1,350.9800,233.9200,0.000337
g_row\[1\].g_col\[1\].pe/hold1691,VGND,li1,373.5200,103.3600,0.000377
g_row\[1\].g_col\[0\].pe/hold1690,VGND,li1,341.7800,239.3600,0.000388
g_row\[1\].g_col\[0\].pe/hold1689,VGND,li1,340.8600,239.3600,0.000388
g_row\[0\].g_col\[0\].pe/hold1688,VGND,li1,91.5400,212.1600,0.000214
g_row\[0\].g_col\[0\].pe/hold1687,VGND,li1,97.0600,206.7200,0.000276
g_row\[0\].g_col\[0\].pe/hold1686,VGND,li1,91.5400,223.0400,0.000304
g_row\[1\].g_col\[1\].pe/hold1685,VGND,li1,326.1400,103.3600,0.000215
g_row\[1\].g_col\[1\].pe/hold1684,VGND,li1,327.9800,103.3600,0.000211
g_row\[1\].g_col\[1\].pe/hold1683,VGND,li1,305.9000,114.2400,0.000449
g_row\[1\].g_col\[1\].pe/hold1682,VGND,li1,310.9600,103.3600,0.000233
g_row\[1\].g_col\[1\].pe/hold1681,VGND,li1,311.4200,108.8000,0.000206
g_row\[1\].g_col\[1\].pe/hold1680,VGND,li1,302.6800,114.2400,0.000463
g_row\[1\].g_col\[1\].pe/hold1679,VGND,li1,311.8800,108.8000,0.000206
g_row\[1\].g_col\[1\].pe/hold1678,VGND,li1,311.8800,125.1200,0.000296
g_row\[1\].g_col\[1\].pe/hold1677,VGND,li1,316.0200,114.2400,0.000400
g_row\[1\].g_col\[1\].pe/hold1676,VGND,li1,309.1200,114.2400,0.000431
g_row\[1\].g_col\[1\].pe/hold1675,VGND,li1,307.7400,125.1200,0.000312
g_row\[1\].g_col\[1\].pe/hold1674,VGND,li1,306.8200,119.6800,0.000341
g_row\[1\].g_col\[1\].pe/hold1673,VGND,li1,297.1600,125.1200,0.000351
g_row\[1\].g_col\[1\].pe/hold1672,VGND,li1,358.3400,92.4800,0.000418
g_row\[1\].g_col\[1\].pe/hold1671,VGND,li1,353.2800,81.6000,0.000297
g_row\[1\].g_col\[1\].pe/hold1670,VGND,li1,355.5800,76.1600,0.000174
g_row\[1\].g_col\[1\].pe/hold1669,VGND,li1,312.8000,97.9200,0.000226
g_row\[1\].g_col\[1\].pe/hold1668,VGND,li1,313.2600,97.9200,0.000226
g_row\[1\].g_col\[1\].pe/hold1667,VGND,li1,321.5400,97.9200,0.000219
g_row\[1\].g_col\[1\].pe/hold1666,VGND,li1,328.9000,108.8000,0.000163
g_row\[1\].g_col\[1\].pe/hold1665,VGND,li1,313.7200,125.1200,0.000289
g_row\[1\].g_col\[1\].pe/hold1664,VGND,li1,310.0400,125.1200,0.000303
g_row\[1\].g_col\[1\].pe/hold1663,VGND,li1,335.3400,114.2400,0.000339
g_row\[1\].g_col\[0\].pe/hold1662,VGND,li1,265.8800,250.2400,0.000434
g_row\[1\].g_col\[0\].pe/hold1661,VGND,li1,269.5600,250.2400,0.000431
g_row\[1\].g_col\[0\].pe/hold1660,VGND,li1,271.4000,250.2400,0.000427
g_row\[1\].g_col\[0\].pe/hold1659,VGND,li1,275.0800,239.3600,0.000564
hold1658,VGND,li1,27.1400,233.9200,0.000097
hold1657,VGND,li1,46.4600,212.1600,0.000132
hold1656,VGND,li1,49.2200,212.1600,0.000136
g_row\[1\].g_col\[1\].pe/hold1655,VGND,li1,339.0200,87.0400,0.000211
g_row\[1\].g_col\[1\].pe/hold1654,VGND,li1,337.1800,87.0400,0.000199
g_row\[1\].g_col\[1\].pe/hold1653,VGND,li1,344.5400,87.0400,0.000232
g_row\[1\].g_col\[1\].pe/hold1652,VGND,li1,329.3600,81.6000,0.000215
g_row\[1\].g_col\[1\].pe/hold1651,VGND,li1,348.6800,81.6000,0.000282
g_row\[1\].g_col\[1\].pe/hold1650,VGND,li1,346.8400,81.6000,0.000271
g_row\[1\].g_col\[1\].pe/hold1649,VGND,li1,350.5200,81.6000,0.000290
g_row\[1\].g_col\[1\].pe/hold1648,VGND,li1,352.3600,81.6000,0.000297
g_row\[1\].g_col\[1\].pe/hold1647,VGND,li1,350.0600,81.6000,0.000282
g_row\[1\].g_col\[1\].pe/hold1646,VGND,li1,347.7600,92.4800,0.000355
g_row\[1\].g_col\[1\].pe/hold1645,VGND,li1,331.2000,92.4800,0.000234
g_row\[1\].g_col\[1\].pe/hold1644,VGND,li1,341.7800,92.4800,0.000308
g_row\[1\].g_col\[1\].pe/hold1643,VGND,li1,329.3600,92.4800,0.000237
g_row\[1\].g_col\[1\].pe/hold1642,VGND,li1,298.5400,119.6800,0.000378
hold1641,VGND,li1,291.1800,130.5600,0.000216
hold1640,VGND,li1,166.5200,195.8400,0.000202
hold1639,VGND,li1,21.1600,233.9200,0.000091
hold1638,VGND,li1,57.9600,201.2800,0.000160
hold1637,VGND,li1,48.3000,212.1600,0.000136
g_row\[0\].g_col\[0\].pe/hold1636,VGND,li1,89.7000,195.8400,0.000345
hold1635,VGND,li1,37.7200,239.3600,0.000177
hold1634,VGND,li1,46.0000,223.0400,0.000177
hold1633,VGND,li1,32.6600,228.4800,0.000092
hold1632,VGND,li1,194.1200,146.8800,0.000132
hold1631,VGND,li1,101.2000,152.3200,0.000167
hold1630,VGND,li1,7.8200,65.2800,0.000064
hold1629,VGND,li1,149.0400,141.4400,0.000269
hold1628,VGND,li1,64.4000,141.4400,0.000283
hold1627,VGND,li1,19.7800,81.6000,0.000052
hold1626,VGND,li1,137.5400,152.3200,0.000142
hold1625,VGND,li1,36.8000,152.3200,0.000136
hold1624,VGND,li1,74.9800,146.8800,0.000234
hold1623,VGND,li1,82.8000,108.8000,0.000350
hold1622,VGND,li1,33.1200,65.2800,0.000080
hold1621,VGND,li1,46.4600,65.2800,0.000106
hold1620,VGND,li1,80.0400,119.6800,0.000503
hold1619,VGND,li1,21.1600,48.9600,0.000129
hold1618,VGND,li1,36.8000,65.2800,0.000087
hold1617,VGND,li1,24.3800,184.9600,0.000080
hold1616,VGND,li1,30.3600,65.2800,0.000071
hold1615,VGND,li1,19.7800,43.5200,0.000095
hold1614,VGND,li1,132.0200,163.2000,0.000186
hold1613,VGND,li1,151.8000,201.2800,0.000212
hold1612,VGND,li1,167.4400,184.9600,0.000142
hold1611,VGND,li1,364.7800,130.5600,0.000260
hold1610,VGND,li1,362.4800,103.3600,0.000344
hold1609,VGND,li1,381.8000,54.4000,0.000218
hold1608,VGND,li1,27.1400,130.5600,0.000170
hold1607,VGND,li1,43.2400,125.1200,0.000319
hold1606,VGND,li1,21.6200,81.6000,0.000051
hold1605,VGND,li1,316.9400,130.5600,0.000190
hold1604,VGND,li1,352.3600,114.2400,0.000479
hold1603,VGND,li1,390.0800,59.8400,0.000278
hold1602,VGND,li1,48.3000,217.6000,0.000166
hold1601,VGND,li1,69.0000,201.2800,0.000180
hold1600,VGND,li1,43.2400,228.4800,0.000119
hold1599,VGND,li1,362.0200,136.0000,0.000269
hold1598,VGND,li1,368.0000,108.8000,0.000219
hold1597,VGND,li1,329.8200,114.2400,0.000331
hold1596,VGND,li1,22.0800,141.4400,0.000127
hold1595,VGND,li1,8.2800,184.9600,0.000083
hold1594,VGND,li1,8.2800,201.2800,0.000076
hold1593,VGND,li1,15.6400,184.9600,0.000082
hold1592,VGND,li1,37.2600,87.0400,0.000090
hold1591,VGND,li1,28.0600,48.9600,0.000148
hold1590,VGND,li1,9.6600,152.3200,0.000108
hold1589,VGND,li1,43.2400,130.5600,0.000244
hold1588,VGND,li1,66.2400,141.4400,0.000290
hold1587,VGND,li1,109.9400,201.2800,0.000231
hold1586,VGND,li1,37.2600,250.2400,0.000254
hold1585,VGND,li1,55.2000,223.0400,0.000209
hold1584,VGND,li1,381.3400,179.5200,0.000166
hold1583,VGND,li1,344.5400,179.5200,0.000125
hold1582,VGND,li1,367.5400,212.1600,0.000186
hold1581,VGND,li1,337.1800,119.6800,0.000201
hold1580,VGND,li1,365.2400,114.2400,0.000537
hold1579,VGND,li1,359.7200,97.9200,0.000361
hold1578,VGND,li1,391.4600,114.2400,0.000596
hold1577,VGND,li1,380.4200,179.5200,0.000166
hold1576,VGND,li1,385.0200,212.1600,0.000199
hold1575,VGND,li1,384.5600,212.1600,0.000199
hold1574,VGND,li1,339.0200,174.0800,0.000090
hold1573,VGND,li1,370.7600,201.2800,0.000209
hold1572,VGND,li1,376.2800,184.9600,0.000144
hold1571,VGND,li1,391.9200,217.6000,0.000237
hold1570,VGND,li1,363.8600,206.7200,0.000186
hold1569,VGND,li1,8.2800,201.2800,0.000076
hold1568,VGND,li1,71.3000,136.0000,0.000240
hold1567,VGND,li1,92.9200,136.0000,0.000260
hold1566,VGND,li1,380.4200,190.4000,0.000146
hold1565,VGND,li1,356.9600,184.9600,0.000117
hold1564,VGND,li1,367.5400,206.7200,0.000193
hold1563,VGND,li1,117.3000,217.6000,0.000293
hold1562,VGND,li1,103.0400,201.2800,0.000228
hold1561,VGND,li1,122.8200,179.5200,0.000277
hold1560,VGND,li1,180.7800,261.1200,0.000246
hold1559,VGND,li1,158.2400,261.1200,0.000406
hold1558,VGND,li1,236.4400,266.5600,0.000059
hold1557,VGND,li1,63.9400,70.7200,0.000128
hold1556,VGND,li1,40.0200,59.8400,0.000090
hold1555,VGND,li1,84.1800,92.4800,0.000181
hold1554,VGND,li1,85.5600,206.7200,0.000257
hold1553,VGND,li1,136.6200,179.5200,0.000262
hold1552,VGND,li1,56.1200,239.3600,0.000255
hold1551,VGND,li1,139.3800,179.5200,0.000259
hold1550,VGND,li1,80.9600,217.6000,0.000254
hold1549,VGND,li1,68.5400,228.4800,0.000172
hold1548,VGND,li1,384.1000,179.5200,0.000169
hold1547,VGND,li1,352.8200,168.6400,0.000193
hold1546,VGND,li1,391.9200,233.9200,0.000400
hold1545,VGND,li1,63.4800,146.8800,0.000231
hold1544,VGND,li1,21.6200,59.8400,0.000062
hold1543,VGND,li1,45.5400,76.1600,0.000088
hold1542,VGND,li1,379.5000,130.5600,0.000267
hold1541,VGND,li1,391.0000,141.4400,0.000353
hold1540,VGND,li1,380.4200,103.3600,0.000391
hold1539,VGND,li1,21.6200,223.0400,0.000100
hold1538,VGND,li1,33.5800,195.8400,0.000157
hold1537,VGND,li1,67.6200,179.5200,0.000196
hold1536,VGND,li1,390.5400,130.5600,0.000267
hold1535,VGND,li1,378.1200,87.0400,0.000324
hold1534,VGND,li1,391.9200,59.8400,0.000278
hold1533,VGND,li1,174.3400,266.5600,0.000075
hold1532,VGND,li1,110.8600,244.8000,0.000608
hold1531,VGND,li1,163.3000,184.9600,0.000148
hold1530,VGND,li1,180.7800,255.6800,0.000264
hold1529,VGND,li1,204.7000,255.6800,0.000382
hold1528,VGND,li1,251.6200,255.6800,0.000521
hold1527,VGND,li1,72.6800,32.6400,0.000153
hold1526,VGND,li1,127.4200,81.6000,0.000138
hold1525,VGND,li1,94.7600,48.9600,0.000302
hold1524,VGND,li1,25.7600,228.4800,0.000075
hold1523,VGND,li1,58.4200,201.2800,0.000160
hold1522,VGND,li1,49.6800,206.7200,0.000170
hold1521,VGND,li1,8.2800,179.5200,0.000082
hold1520,VGND,li1,7.8200,76.1600,0.000058
hold1519,VGND,li1,19.7800,32.6400,0.000060
hold1518,VGND,li1,86.4800,16.3200,0.000266
hold1517,VGND,li1,154.5600,76.1600,0.000122
hold1516,VGND,li1,56.1200,21.7600,0.000141
hold1515,VGND,li1,97.9800,239.3600,0.000396
hold1514,VGND,li1,128.3400,212.1600,0.000243
hold1513,VGND,li1,77.7400,250.2400,0.000450
hold1512,VGND,li1,172.0400,255.6800,0.000300
hold1511,VGND,li1,204.2400,250.2400,0.000392
hold1510,VGND,li1,251.6200,266.5600,0.000058
hold1509,VGND,li1,157.3200,81.6000,0.000130
hold1508,VGND,li1,164.2200,81.6000,0.000126
hold1507,VGND,li1,196.8800,97.9200,0.000150
hold1506,VGND,li1,66.2400,244.8000,0.000424
hold1505,VGND,li1,83.2600,223.0400,0.000287
hold1504,VGND,li1,30.3600,250.2400,0.000212
hold1503,VGND,li1,41.4000,244.8000,0.000273
hold1502,VGND,li1,40.4800,239.3600,0.000189
hold1501,VGND,li1,94.7600,157.7600,0.000186
hold1500,VGND,li1,77.7400,141.4400,0.000320
hold1499,VGND,li1,62.5600,136.0000,0.000216
hold1498,VGND,li1,19.7800,81.6000,0.000052
hold1497,VGND,li1,163.7600,195.8400,0.000211
hold1496,VGND,li1,87.8600,261.1200,0.000567
hold1495,VGND,li1,151.3400,179.5200,0.000240
hold1494,VGND,li1,109.9400,27.2000,0.000164
hold1493,VGND,li1,148.5800,70.7200,0.000169
hold1492,VGND,li1,143.0600,81.6000,0.000137
hold1491,VGND,li1,20.7000,141.4400,0.000127
hold1490,VGND,li1,9.2000,103.3600,0.000219
hold1489,VGND,li1,8.2800,92.4800,0.000073
hold1488,VGND,li1,148.5800,81.6000,0.000135
hold1487,VGND,li1,97.0600,38.0800,0.000177
hold1486,VGND,li1,161.4600,108.8000,0.000243
hold1485,VGND,li1,137.0800,76.1600,0.000144
hold1484,VGND,li1,141.2200,81.6000,0.000137
hold1483,VGND,li1,67.1600,27.2000,0.000120
hold1482,VGND,li1,133.4000,92.4800,0.000207
hold1481,VGND,li1,85.1000,48.9600,0.000296
hold1480,VGND,li1,131.1000,92.4800,0.000208
hold1479,VGND,li1,98.4400,217.6000,0.000282
hold1478,VGND,li1,79.1200,250.2400,0.000457
hold1477,VGND,li1,17.4800,266.5600,0.000074
hold1476,VGND,li1,136.6200,92.4800,0.000205
hold1475,VGND,li1,109.9400,65.2800,0.000202
hold1474,VGND,li1,71.3000,38.0800,0.000145
hold1473,VGND,li1,101.2000,255.6800,0.000473
hold1472,VGND,li1,101.2000,250.2400,0.000512
hold1471,VGND,li1,86.9400,239.3600,0.000361
hold1470,VGND,li1,77.2800,250.2400,0.000450
hold1469,VGND,li1,33.5800,266.5600,0.000093
hold1468,VGND,li1,124.2000,184.9600,0.000189
hold1467,VGND,li1,94.7600,233.9200,0.000286
hold1466,VGND,li1,148.5800,179.5200,0.000247
hold1465,VGND,li1,97.9800,212.1600,0.000225
hold1464,VGND,li1,16.5600,184.9600,0.000082
hold1463,VGND,li1,11.5000,201.2800,0.000076
hold1462,VGND,li1,77.7400,157.7600,0.000189
hold1461,VGND,li1,50.1400,217.6000,0.000175
hold1460,VGND,li1,45.5400,228.4800,0.000124
hold1459,VGND,li1,69.4600,206.7200,0.000223
hold1458,VGND,li1,99.3600,27.2000,0.000155
hold1457,VGND,li1,118.6800,38.0800,0.000195
hold1456,VGND,li1,65.3200,21.7600,0.000160
hold1455,VGND,li1,189.5200,81.6000,0.000155
hold1454,VGND,li1,258.0600,21.7600,0.000240
hold1453,VGND,li1,212.9800,76.1600,0.000123
hold1452,VGND,li1,162.3800,81.6000,0.000127
hold1451,VGND,li1,186.3000,92.4800,0.000150
hold1450,VGND,li1,189.5200,97.9200,0.000139
hold1449,VGND,li1,46.0000,206.7200,0.000158
hold1448,VGND,li1,35.8800,201.2800,0.000106
hold1447,VGND,li1,73.1400,146.8800,0.000234
hold1446,VGND,li1,92.9200,38.0800,0.000173
hold1445,VGND,li1,144.4400,92.4800,0.000201
hold1444,VGND,li1,100.7400,65.2800,0.000191
hold1443,VGND,li1,94.7600,10.8800,0.000104
hold1442,VGND,li1,256.2200,10.8800,0.000109
hold1441,VGND,li1,216.6600,70.7200,0.000161
hold1440,VGND,li1,39.5600,195.8400,0.000188
hold1439,VGND,li1,42.3200,201.2800,0.000122
hold1438,VGND,li1,90.1600,157.7600,0.000187
hold1437,VGND,li1,390.0800,184.9600,0.000155
hold1436,VGND,li1,376.2800,190.4000,0.000142
hold1435,VGND,li1,370.3000,190.4000,0.000135
hold1434,VGND,li1,50.6000,97.9200,0.000195
hold1433,VGND,li1,74.5200,125.1200,0.000494
hold1432,VGND,li1,43.2400,87.0400,0.000101
hold1431,VGND,li1,50.1400,70.7200,0.000108
hold1430,VGND,li1,31.2800,54.4000,0.000072
hold1429,VGND,li1,71.3000,87.0400,0.000133
clkload17,VGND,li1,275.0800,119.6800,0.000461
clkload16,VGND,li1,341.7800,87.0400,0.000224
clkload15,VGND,li1,197.8000,125.1200,0.000355
clkload14,VGND,li1,208.1500,65.2800,0.000252
clkload13,VGND,li1,60.9500,266.5600,0.000153
clkload12,VGND,li1,102.5800,179.5200,0.000262
clkload11,VGND,li1,166.7500,92.4800,0.000174
clkload10,VGND,li1,60.0300,48.9600,0.000256
clkload9,VGND,li1,88.3200,114.2400,0.000703
clkload8,VGND,li1,281.0600,223.0400,0.000372
clkload7,VGND,li1,320.3900,228.4800,0.000286
clkload6,VGND,li1,217.1200,212.1600,0.000275
clkload5,VGND,li1,352.8200,141.4400,0.000313
clkload4,VGND,li1,249.7800,119.6800,0.000511
clkload3,VGND,li1,139.3800,239.3600,0.000430
clkload2,VGND,li1,80.5000,190.4000,0.000187
clkload1,VGND,li1,184.0000,65.2800,0.000205
clkload0,VGND,li1,115.9200,114.2400,0.000762
clkbuf_4_15_0_clk,VGND,li1,278.7600,228.4800,0.000437
clkbuf_4_14_0_clk,VGND,li1,323.3800,233.9200,0.000329
clkbuf_4_13_0_clk,VGND,li1,217.1200,217.6000,0.000337
clkbuf_4_12_0_clk,VGND,li1,216.6600,179.5200,0.000327
clkbuf_4_11_0_clk,VGND,li1,352.8200,136.0000,0.000260
clkbuf_4_10_0_clk,VGND,li1,354.6600,114.2400,0.000495
clkbuf_4_9_0_clk,VGND,li1,249.7800,114.2400,0.000609
clkbuf_4_8_0_clk,VGND,li1,247.0200,81.6000,0.000333
clkbuf_4_7_0_clk,VGND,li1,139.3800,244.8000,0.000620
clkbuf_4_6_0_clk,VGND,li1,161.4600,223.0400,0.000343
clkbuf_4_5_0_clk,VGND,li1,78.2000,195.8400,0.000348
clkbuf_4_4_0_clk,VGND,li1,48.3000,174.0800,0.000297
clkbuf_4_3_0_clk,VGND,li1,184.0000,59.8400,0.000225
clkbuf_4_2_0_clk,VGND,li1,168.3600,48.9600,0.000272
clkbuf_4_1_0_clk,VGND,li1,115.9200,114.2400,0.000762
clkbuf_4_0_0_clk,VGND,li1,72.2200,103.3600,0.000493
clkbuf_0_clk,VGND,li1,205.6200,141.4400,0.000422
clkbuf_leaf_102_clk,VGND,li1,59.8000,43.5200,0.000188
clkbuf_leaf_101_clk,VGND,li1,161.9200,21.7600,0.000237
clkbuf_leaf_100_clk,VGND,li1,163.3000,16.3200,0.000290
clkbuf_leaf_99_clk,VGND,li1,173.8800,16.3200,0.000254
clkbuf_leaf_98_clk,VGND,li1,189.0600,16.3200,0.000262
clkbuf_leaf_97_clk,VGND,li1,194.1200,21.7600,0.000241
clkbuf_leaf_96_clk,VGND,li1,198.7200,38.0800,0.000245
clkbuf_leaf_95_clk,VGND,li1,178.9400,38.0800,0.000171
clkbuf_leaf_94_clk,VGND,li1,177.5600,54.4000,0.000154
clkbuf_leaf_93_clk,VGND,li1,193.2000,48.9600,0.000268
clkbuf_leaf_92_clk,VGND,li1,193.6600,65.2800,0.000235
clkbuf_leaf_91_clk,VGND,li1,177.5600,70.7200,0.000121
clkbuf_leaf_90_clk,VGND,li1,168.3600,65.2800,0.000201
clkbuf_leaf_89_clk,VGND,li1,168.8200,92.4800,0.000170
clkbuf_leaf_88_clk,VGND,li1,207.0000,125.1200,0.000386
clkbuf_leaf_87_clk,VGND,li1,217.1200,114.2400,0.000544
clkbuf_leaf_86_clk,VGND,li1,210.2200,59.8400,0.000282
clkbuf_leaf_85_clk,VGND,li1,214.3600,54.4000,0.000231
clkbuf_leaf_84_clk,VGND,li1,230.4600,48.9600,0.000316
clkbuf_leaf_83_clk,VGND,li1,242.4200,43.5200,0.000222
clkbuf_leaf_82_clk,VGND,li1,219.8800,38.0800,0.000280
clkbuf_leaf_81_clk,VGND,li1,213.4400,21.7600,0.000273
clkbuf_leaf_80_clk,VGND,li1,214.8200,16.3200,0.000307
clkbuf_leaf_79_clk,VGND,li1,339.0200,87.0400,0.000211
clkbuf_leaf_78_clk,VGND,li1,358.3400,87.0400,0.000292
clkbuf_leaf_7_clk,VGND,li1,124.2000,130.5600,0.000379
clkbuf_leaf_6_clk,VGND,li1,139.3800,114.2400,0.000669
clkbuf_leaf_0_clk,VGND,li1,38.1800,48.9600,0.000196
clkbuf_leaf_77_clk,VGND,li1,374.4400,81.6000,0.000370
clkbuf_leaf_44_clk,VGND,li1,210.6800,179.5200,0.000312
clkbuf_leaf_43_clk,VGND,li1,206.5400,168.6400,0.000192
clkbuf_leaf_42_clk,VGND,li1,201.0200,157.7600,0.000174
clkbuf_leaf_41_clk,VGND,li1,192.2800,184.9600,0.000157
clkbuf_leaf_40_clk,VGND,li1,180.3200,190.4000,0.000138
clkbuf_leaf_39_clk,VGND,li1,145.8200,206.7200,0.000302
clkbuf_leaf_76_clk,VGND,li1,379.0400,97.9200,0.000433
clkbuf_leaf_75_clk,VGND,li1,378.5800,114.2400,0.000584
clkbuf_leaf_74_clk,VGND,li1,347.7600,125.1200,0.000282
clkbuf_leaf_73_clk,VGND,li1,315.5600,119.6800,0.000302
clkbuf_leaf_72_clk,VGND,li1,318.7800,108.8000,0.000196
clkbuf_leaf_71_clk,VGND,li1,279.2200,125.1200,0.000407
clkbuf_leaf_70_clk,VGND,li1,259.4400,119.6800,0.000505
clkbuf_leaf_16_clk,VGND,li1,26.6800,146.8800,0.000130
clkbuf_leaf_14_clk,VGND,li1,62.1000,163.2000,0.000243
clkbuf_leaf_38_clk,VGND,li1,159.1600,217.6000,0.000255
clkbuf_leaf_4_clk,VGND,li1,97.5200,125.1200,0.000540
clkbuf_leaf_1_clk,VGND,li1,24.8400,108.8000,0.000161
clkbuf_leaf_2_clk,VGND,li1,22.5400,130.5600,0.000168
clkbuf_leaf_3_clk,VGND,li1,62.1000,125.1200,0.000450
clkbuf_leaf_5_clk,VGND,li1,89.7000,114.2400,0.000703
clkbuf_leaf_69_clk,VGND,li1,239.6600,119.6800,0.000504
clkbuf_leaf_37_clk,VGND,li1,174.8000,206.7200,0.000231
clkbuf_leaf_36_clk,VGND,li1,194.1200,206.7200,0.000277
clkbuf_leaf_35_clk,VGND,li1,198.7200,223.0400,0.000346
clkbuf_leaf_34_clk,VGND,li1,185.8400,228.4800,0.000228
clkbuf_leaf_33_clk,VGND,li1,174.8000,223.0400,0.000288
clkbuf_leaf_32_clk,VGND,li1,181.2400,250.2400,0.000308
clkbuf_leaf_68_clk,VGND,li1,333.9600,141.4400,0.000232
clkbuf_leaf_67_clk,VGND,li1,339.4800,146.8800,0.000249
clkbuf_leaf_66_clk,VGND,li1,355.5800,146.8800,0.000323
clkbuf_leaf_65_clk,VGND,li1,365.2400,141.4400,0.000345
clkbuf_leaf_64_clk,VGND,li1,379.9600,146.8800,0.000379
clkbuf_leaf_63_clk,VGND,li1,387.3200,157.7600,0.000391
clkbuf_leaf_62_clk,VGND,li1,384.1000,157.7600,0.000386
clkbuf_leaf_15_clk,VGND,li1,44.1600,152.3200,0.000155
clkbuf_leaf_13_clk,VGND,li1,84.6400,141.4400,0.000332
clkbuf_leaf_31_clk,VGND,li1,165.6000,261.1200,0.000361
clkbuf_leaf_60_clk,VGND,li1,368.4600,228.4800,0.000330
clkbuf_leaf_30_clk,VGND,li1,161.4600,244.8000,0.000495
clkbuf_leaf_29_clk,VGND,li1,152.2600,250.2400,0.000463
clkbuf_leaf_28_clk,VGND,li1,139.8400,261.1200,0.000517
clkbuf_leaf_27_clk,VGND,li1,120.0600,261.1200,0.000583
clkbuf_leaf_26_clk,VGND,li1,119.6000,255.6800,0.000490
clkbuf_leaf_25_clk,VGND,li1,120.0600,244.8000,0.000626
clkbuf_leaf_59_clk,VGND,li1,384.1000,239.3600,0.000543
clkbuf_leaf_58_clk,VGND,li1,371.6800,261.1200,0.000290
clkbuf_leaf_57_clk,VGND,li1,345.4600,255.6800,0.000303
clkbuf_leaf_56_clk,VGND,li1,316.9400,261.1200,0.000264
clkbuf_leaf_55_clk,VGND,li1,322.0000,239.3600,0.000420
clkbuf_leaf_54_clk,VGND,li1,303.6000,239.3600,0.000517
clkbuf_leaf_53_clk,VGND,li1,282.4400,261.1200,0.000349
clkbuf_leaf_12_clk,VGND,li1,119.1400,179.5200,0.000278
clkbuf_leaf_24_clk,VGND,li1,141.6800,233.9200,0.000320
clkbuf_leaf_11_clk,VGND,li1,182.6200,130.5600,0.000189
clkbuf_leaf_8_clk,VGND,li1,146.7400,125.1200,0.000446
clkbuf_leaf_52_clk,VGND,li1,260.8200,255.6800,0.000522
clkbuf_leaf_23_clk,VGND,li1,63.0200,261.1200,0.000496
clkbuf_leaf_22_clk,VGND,li1,65.3200,184.9600,0.000190
clkbuf_leaf_21_clk,VGND,li1,26.6800,174.0800,0.000194
clkbuf_leaf_20_clk,VGND,li1,39.1000,174.0800,0.000269
clkbuf_leaf_19_clk,VGND,li1,37.7200,163.2000,0.000188
clkbuf_leaf_18_clk,VGND,li1,19.3200,168.6400,0.000136
clkbuf_leaf_51_clk,VGND,li1,258.5200,244.8000,0.000609
clkbuf_leaf_50_clk,VGND,li1,229.5400,233.9200,0.000419
clkbuf_leaf_49_clk,VGND,li1,217.5800,223.0400,0.000397
clkbuf_leaf_48_clk,VGND,li1,213.4400,206.7200,0.000312
clkbuf_leaf_47_clk,VGND,li1,226.3200,212.1600,0.000284
clkbuf_leaf_46_clk,VGND,li1,237.8200,201.2800,0.000312
clkbuf_leaf_45_clk,VGND,li1,223.1000,201.2800,0.000305
clkbuf_leaf_17_clk,VGND,li1,19.7800,157.7600,0.000130
clkbuf_leaf_9_clk,VGND,li1,158.2400,114.2400,0.000555
clkbuf_leaf_10_clk,VGND,li1,167.4400,125.1200,0.000342
output1389,VGND,li1,325.6800,266.5600,0.000032
output1385,VGND,li1,348.2200,266.5600,0.000028
output1386,VGND,li1,334.4200,266.5600,0.000026
output1387,VGND,li1,325.6800,261.1200,0.000229
output1388,VGND,li1,203.7800,266.5600,0.000060
output1384,VGND,li1,357.4200,266.5600,0.000030
output1383,VGND,li1,376.2800,244.8000,0.000374
output1382,VGND,li1,372.6000,244.8000,0.000371
output1390,VGND,li1,300.8400,266.5600,0.000048
output1379,VGND,li1,43.2400,87.0400,0.000101
output1376,VGND,li1,51.9800,65.2800,0.000116
output1377,VGND,li1,188.6000,266.5600,0.000060
output1378,VGND,li1,9.6600,10.8800,0.000039
output1380,VGND,li1,380.4200,261.1200,0.000294
output1381,VGND,li1,361.5600,266.5600,0.000030
output1375,VGND,li1,39.1000,27.2000,0.000076
output1374,VGND,li1,56.1200,92.4800,0.000142
output1373,VGND,li1,56.1200,108.8000,0.000294
output1391,VGND,li1,299.0000,266.5600,0.000048
output1368,VGND,li1,48.7600,97.9200,0.000190
output1369,VGND,li1,36.3400,76.1600,0.000073
output1366,VGND,li1,197.8000,266.5600,0.000060
output1365,VGND,li1,38.6400,65.2800,0.000091
output1367,VGND,li1,80.5000,179.5200,0.000224
output1370,VGND,li1,53.8200,76.1600,0.000101
output1364,VGND,li1,32.2000,32.6400,0.000079
output1363,VGND,li1,7.8200,10.8800,0.000039
output1371,VGND,li1,45.5400,54.4000,0.000098
output1362,VGND,li1,28.5200,87.0400,0.000072
output1361,VGND,li1,217.5800,266.5600,0.000060
output1360,VGND,li1,219.8800,266.5600,0.000060
output1372,VGND,li1,30.3600,21.7600,0.000083
output1358,VGND,li1,232.7600,266.5600,0.000059
output1356,VGND,li1,240.5800,266.5600,0.000059
output1357,VGND,li1,240.5800,255.6800,0.000507
output1359,VGND,li1,234.6000,266.5600,0.000059
output1355,VGND,li1,194.1200,255.6800,0.000322
input1310,VGND,li1,391.9200,81.6000,0.000379
input1308,VGND,li1,8.2800,119.6800,0.000191
input1311,VGND,li1,50.6000,92.4800,0.000132
input1312,VGND,li1,7.8200,38.0800,0.000065
input1313,VGND,li1,45.5400,59.8400,0.000102
output1393,VGND,li1,266.3400,255.6800,0.000513
output1394,VGND,li1,260.8200,250.2400,0.000438
output1396,VGND,li1,363.4000,266.5600,0.000031
output1395,VGND,li1,249.3200,250.2400,0.000446
output1399,VGND,li1,200.1000,266.5600,0.000060
output1398,VGND,li1,391.0000,70.7200,0.000216
output1397,VGND,li1,390.5400,146.8800,0.000381
output1400,VGND,li1,391.0000,81.6000,0.000379
output1401,VGND,li1,382.7200,119.6800,0.000266
output1402,VGND,li1,380.4200,70.7200,0.000215
output1410,VGND,li1,201.9400,266.5600,0.000060
output1411,VGND,li1,333.0400,108.8000,0.000162
output1412,VGND,li1,358.3400,179.5200,0.000142
output1413,VGND,li1,365.2400,97.9200,0.000390
output1414,VGND,li1,370.7600,65.2800,0.000271
output1417,VGND,li1,159.1600,261.1200,0.000406
output1415,VGND,li1,207.4600,266.5600,0.000060
output1416,VGND,li1,120.5200,266.5600,0.000168
g_row\[1\].g_col\[0\].pe/wire1420,VGND,li1,306.1300,250.2400,0.000354
output1418,VGND,li1,101.6600,266.5600,0.000172
g_row\[1\].g_col\[1\].pe/max_cap1419,VGND,li1,325.4500,119.6800,0.000238
g_row\[0\].g_col\[0\].pe/_2689__1421,VGND,li1,112.0100,179.5200,0.000272
g_row\[1\].g_col\[1\].pe/_2688__1428,VGND,li1,317.6300,43.5200,0.000110
g_row\[1\].g_col\[1\].pe/_2689__1427,VGND,li1,216.4300,76.1600,0.000127
g_row\[1\].g_col\[0\].pe/_2688__1426,VGND,li1,255.0700,206.7200,0.000281
output1403,VGND,li1,341.7800,103.3600,0.000254
output1404,VGND,li1,391.0000,48.9600,0.000162
output1408,VGND,li1,358.8000,103.3600,0.000328
output1405,VGND,li1,377.2000,76.1600,0.000204
output1406,VGND,li1,391.0000,32.6400,0.000165
output1407,VGND,li1,376.2800,87.0400,0.000322
output1409,VGND,li1,391.0000,108.8000,0.000233
g_row\[1\].g_col\[0\].pe/_2689__1425,VGND,li1,210.9100,163.2000,0.000138
g_row\[0\].g_col\[1\].pe/_2688__1424,VGND,li1,163.9900,87.0400,0.000097
input1314,VGND,li1,17.0200,27.2000,0.000048
output1392,VGND,li1,290.2600,266.5600,0.000050
g_row\[0\].g_col\[1\].pe/_2689__1423,VGND,li1,23.2300,43.5200,0.000093
g_row\[0\].g_col\[0\].pe/_2688__1422,VGND,li1,139.6100,217.6000,0.000281
input1307,VGND,li1,8.2800,195.8400,0.000118
input1309,VGND,li1,54.7400,125.1200,0.000402
output1354,VGND,li1,26.6800,114.2400,0.000262
input1353,VGND,li1,53.3600,81.6000,0.000091
input1352,VGND,li1,59.8000,136.0000,0.000210
input1351,VGND,li1,27.6000,81.6000,0.000055
input1350,VGND,li1,25.3000,184.9600,0.000080
input1349,VGND,li1,74.0600,239.3600,0.000324
input1348,VGND,li1,86.4800,255.6800,0.000444
input1347,VGND,li1,46.0000,261.1200,0.000378
input1346,VGND,li1,104.8800,190.4000,0.000192
input1345,VGND,li1,71.3000,206.7200,0.000228
input1344,VGND,li1,98.9000,206.7200,0.000280
input1343,VGND,li1,131.1000,201.2800,0.000230
input1342,VGND,li1,45.0800,16.3200,0.000159
input1341,VGND,li1,112.7000,76.1600,0.000160
input1340,VGND,li1,81.8800,250.2400,0.000466
input1339,VGND,li1,84.1800,92.4800,0.000181
input1338,VGND,li1,87.4000,21.7600,0.000201
input1337,VGND,li1,29.9000,76.1600,0.000061
input1336,VGND,li1,135.7000,81.6000,0.000138
input1335,VGND,li1,137.5400,81.6000,0.000138
input1334,VGND,li1,98.4400,70.7200,0.000166
input1333,VGND,li1,60.2600,70.7200,0.000123
input1332,VGND,li1,174.3400,103.3600,0.000196
input1331,VGND,li1,267.2600,16.3200,0.000257
input1330,VGND,li1,184.9200,92.4800,0.000150
input1329,VGND,li1,106.7200,201.2800,0.000230
input1328,VGND,li1,96.1400,48.9600,0.000303
input1327,VGND,li1,200.1000,81.6000,0.000190
input1326,VGND,li1,92.9200,10.8800,0.000103
input1325,VGND,li1,87.4000,27.2000,0.000143
input1324,VGND,li1,126.5000,206.7200,0.000300
input1323,VGND,li1,96.1400,255.6800,0.000464
input1322,VGND,li1,176.6400,266.5600,0.000068
input1321,VGND,li1,206.0800,250.2400,0.000397
input1320,VGND,li1,122.8200,261.1200,0.000578
input1319,VGND,li1,76.8200,266.5600,0.000167
input1318,VGND,li1,95.2200,184.9600,0.000200
input1317,VGND,li1,7.8200,206.7200,0.000087
input1316,VGND,li1,100.7400,179.5200,0.000259
input1315,VGND,li1,16.1000,239.3600,0.000117
input1304,VGND,li1,363.4000,97.9200,0.000382
input1301,VGND,li1,372.6000,201.2800,0.000212
input1300,VGND,li1,376.7400,130.5600,0.000267
input1302,VGND,li1,378.5800,59.8400,0.000268
input1298,VGND,li1,368.4600,217.6000,0.000225
input1297,VGND,li1,50.1400,125.1200,0.000365
input1299,VGND,li1,382.2600,70.7200,0.000215
input1303,VGND,li1,360.6400,103.3600,0.000338
input1296,VGND,li1,347.3000,174.0800,0.000105
input1295,VGND,li1,391.0000,195.8400,0.000167
input1305,VGND,li1,346.3800,92.4800,0.000334
input1294,VGND,li1,378.1200,217.6000,0.000233
input1306,VGND,li1,9.6600,81.6000,0.000053
input1291,VGND,li1,89.2400,163.2000,0.000234
input1288,VGND,li1,67.1600,223.0400,0.000244
input1286,VGND,li1,141.2200,261.1200,0.000517
input1287,VGND,li1,34.0400,206.7200,0.000119
input1289,VGND,li1,92.0000,157.7600,0.000187
input1290,VGND,li1,66.7000,81.6000,0.000107
input1292,VGND,li1,45.5400,130.5600,0.000253
input1293,VGND,li1,380.4200,217.6000,0.000234
fanout349,VGND,li1,9.2000,255.6800,0.000161
g_row\[0\].g_col\[0\].pe/place1253,VGND,li1,76.1300,174.0800,0.000299
g_row\[0\].g_col\[0\].pe/place1252,VGND,li1,126.7300,244.8000,0.000626
g_row\[0\].g_col\[0\].pe/place1251,VGND,li1,15.8700,174.0800,0.000200
g_row\[0\].g_col\[0\].pe/place1254,VGND,li1,71.5300,157.7600,0.000188
place1250,VGND,li1,136.8500,136.0000,0.000217
g_row\[0\].g_col\[0\].pe/place1255,VGND,li1,179.6300,212.1600,0.000159
place1249,VGND,li1,170.8900,108.8000,0.000204
place1248,VGND,li1,204.4700,125.1200,0.000378
g_row\[0\].g_col\[0\].pe/place1256,VGND,li1,170.8900,223.0400,0.000302
g_row\[1\].g_col\[1\].pe/place1244,VGND,li1,286.3500,125.1200,0.000385
g_row\[1\].g_col\[1\].pe/place1243,VGND,li1,291.4100,125.1200,0.000369
g_row\[0\].g_col\[0\].pe/place1232,VGND,li1,168.5900,217.6000,0.000227
g_row\[1\].g_col\[0\].pe/place1245,VGND,li1,330.0500,146.8800,0.000203
g_row\[0\].g_col\[1\].pe/place1173,VGND,li1,153.4100,125.1200,0.000412
g_row\[1\].g_col\[1\].pe/place1056,VGND,li1,374.2100,119.6800,0.000260
g_row\[1\].g_col\[1\].pe/place1057,VGND,li1,338.3300,125.1200,0.000245
place1246,VGND,li1,247.7100,119.6800,0.000509
g_row\[1\].g_col\[1\].pe/place1055,VGND,li1,277.1500,119.6800,0.000454
g_row\[1\].g_col\[1\].pe/place1054,VGND,li1,219.1900,119.6800,0.000446
place1247,VGND,li1,215.0500,119.6800,0.000433
g_row\[1\].g_col\[0\].pe/place846,VGND,li1,257.8300,206.7200,0.000277
g_row\[0\].g_col\[1\].pe/place965,VGND,li1,161.2300,119.6800,0.000375
g_row\[1\].g_col\[1\].pe/place1053,VGND,li1,214.1300,54.4000,0.000231
g_row\[1\].g_col\[1\].pe/place816,VGND,li1,362.2500,114.2400,0.000525
g_row\[1\].g_col\[1\].pe/place821,VGND,li1,329.5900,130.5600,0.000167
g_row\[1\].g_col\[0\].pe/place841,VGND,li1,214.1300,163.2000,0.000140
place1277,VGND,li1,286.3500,130.5600,0.000219
g_row\[1\].g_col\[1\].pe/place1238,VGND,li1,201.7100,21.7600,0.000256
place1239,VGND,li1,201.2500,48.9600,0.000281
g_row\[0\].g_col\[1\].pe/place1237,VGND,li1,190.6700,59.8400,0.000239
g_row\[0\].g_col\[0\].pe/place1225,VGND,li1,172.2700,244.8000,0.000399
g_row\[0\].g_col\[0\].pe/place1224,VGND,li1,216.4300,255.6800,0.000429
g_row\[0\].g_col\[0\].pe/place1226,VGND,li1,138.2300,184.9600,0.000178
g_row\[0\].g_col\[1\].pe/place1235,VGND,li1,170.8900,32.6400,0.000144
place1221,VGND,li1,149.7300,168.6400,0.000165
place1222,VGND,li1,129.4900,168.6400,0.000186
g_row\[0\].g_col\[1\].pe/place1236,VGND,li1,170.8900,70.7200,0.000136
g_row\[0\].g_col\[0\].pe/place1219,VGND,li1,123.9700,174.0800,0.000250
place1220,VGND,li1,91.7700,157.7600,0.000187
g_row\[1\].g_col\[1\].pe/place1240,VGND,li1,197.5700,65.2800,0.000240
place1218,VGND,li1,85.3300,163.2000,0.000237
place1217,VGND,li1,149.7300,146.8800,0.000154
place1241,VGND,li1,175.4900,108.8000,0.000175
place1216,VGND,li1,93.6100,152.3200,0.000170
g_row\[0\].g_col\[0\].pe/place1215,VGND,li1,54.9700,163.2000,0.000230
place1233,VGND,li1,188.3700,136.0000,0.000130
place1213,VGND,li1,116.1500,184.9600,0.000194
place1214,VGND,li1,66.0100,163.2000,0.000243
g_row\[1\].g_col\[1\].pe/place1242,VGND,li1,368.6900,76.1600,0.000196
g_row\[0\].g_col\[0\].pe/place1211,VGND,li1,76.5900,163.2000,0.000241
place1212,VGND,li1,72.9100,163.2000,0.000242
place1284,VGND,li1,15.8700,136.0000,0.000102
place1209,VGND,li1,108.7900,163.2000,0.000216
place1210,VGND,li1,63.7100,174.0800,0.000303
place1285,VGND,li1,8.9700,146.8800,0.000133
place1207,VGND,li1,86.2500,163.2000,0.000237
place1208,VGND,li1,59.1100,168.6400,0.000187
place1205,VGND,li1,83.4900,168.6400,0.000202
g_row\[0\].g_col\[0\].pe/place1206,VGND,li1,59.5700,190.4000,0.000152
g_row\[0\].g_col\[0\].pe/place1203,VGND,li1,23.6900,212.1600,0.000078
place1204,VGND,li1,87.6300,168.6400,0.000203
place1201,VGND,li1,73.8300,174.0800,0.000301
g_row\[0\].g_col\[0\].pe/place1202,VGND,li1,28.2900,190.4000,0.000078
place1276,VGND,li1,342.4700,130.5600,0.000201
place1199,VGND,li1,62.7900,168.6400,0.000191
g_row\[0\].g_col\[0\].pe/place1200,VGND,li1,36.5700,195.8400,0.000173
place1198,VGND,li1,50.3700,163.2000,0.000220
g_row\[0\].g_col\[0\].pe/place1197,VGND,li1,43.0100,190.4000,0.000114
place1272,VGND,li1,81.1900,255.6800,0.000428
place1195,VGND,li1,66.9300,168.6400,0.000193
g_row\[0\].g_col\[0\].pe/place1194,VGND,li1,50.8300,179.5200,0.000153
g_row\[0\].g_col\[0\].pe/place1193,VGND,li1,54.0500,206.7200,0.000184
place1269,VGND,li1,159.8500,233.9200,0.000277
g_row\[0\].g_col\[0\].pe/place1191,VGND,li1,118.4500,141.4400,0.000304
place1273,VGND,li1,308.4300,125.1200,0.000312
g_row\[1\].g_col\[0\].pe/place1270,VGND,li1,351.6700,244.8000,0.000343
place1268,VGND,li1,164.4500,239.3600,0.000346
g_row\[0\].g_col\[0\].pe/place1192,VGND,li1,123.9700,174.0800,0.000250
g_row\[0\].g_col\[0\].pe/place1190,VGND,li1,83.9500,179.5200,0.000229
place1223,VGND,li1,110.6300,168.6400,0.000198
place1271,VGND,li1,136.8500,250.2400,0.000513
g_row\[1\].g_col\[1\].pe/place1274,VGND,li1,355.8100,81.6000,0.000306
g_row\[0\].g_col\[0\].pe/place1188,VGND,li1,87.6300,168.6400,0.000203
g_row\[0\].g_col\[0\].pe/place1189,VGND,li1,59.5700,174.0800,0.000302
g_row\[0\].g_col\[0\].pe/place1187,VGND,li1,91.3100,152.3200,0.000171
g_row\[0\].g_col\[0\].pe/place1184,VGND,li1,128.1100,174.0800,0.000245
g_row\[0\].g_col\[0\].pe/place1185,VGND,li1,93.6100,174.0800,0.000287
g_row\[0\].g_col\[0\].pe/place1183,VGND,li1,150.6500,146.8800,0.000154
g_row\[0\].g_col\[0\].pe/place1179,VGND,li1,137.7700,184.9600,0.000178
g_row\[0\].g_col\[0\].pe/place1186,VGND,li1,45.3100,184.9600,0.000138
g_row\[0\].g_col\[0\].pe/place1180,VGND,li1,66.0100,206.7200,0.000218
g_row\[0\].g_col\[0\].pe/place1178,VGND,li1,149.7300,206.7200,0.000293
g_row\[0\].g_col\[0\].pe/place1229,VGND,li1,136.8500,217.6000,0.000283
g_row\[0\].g_col\[0\].pe/place1228,VGND,li1,41.1700,174.0800,0.000277
g_row\[0\].g_col\[0\].pe/place1227,VGND,li1,47.1500,168.6400,0.000171
g_row\[0\].g_col\[0\].pe/place1181,VGND,li1,49.9100,201.2800,0.000139
g_row\[0\].g_col\[0\].pe/place1182,VGND,li1,61.8700,206.7200,0.000207
g_row\[0\].g_col\[1\].pe/place1165,VGND,li1,30.5900,119.6800,0.000223
g_row\[0\].g_col\[1\].pe/place1166,VGND,li1,30.1300,130.5600,0.000185
g_row\[0\].g_col\[0\].pe/place1230,VGND,li1,169.0500,206.7200,0.000248
g_row\[0\].g_col\[1\].pe/place1163,VGND,li1,150.1900,65.2800,0.000214
g_row\[0\].g_col\[1\].pe/place1164,VGND,li1,99.1300,32.6400,0.000187
g_row\[0\].g_col\[0\].pe/place1174,VGND,li1,214.1300,261.1200,0.000299
g_row\[0\].g_col\[1\].pe/place1161,VGND,li1,150.6500,59.8400,0.000223
g_row\[0\].g_col\[1\].pe/place1162,VGND,li1,21.3900,38.0800,0.000063
g_row\[0\].g_col\[1\].pe/place1159,VGND,li1,146.0500,65.2800,0.000215
g_row\[0\].g_col\[1\].pe/place1160,VGND,li1,107.8700,32.6400,0.000193
g_row\[0\].g_col\[1\].pe/place1157,VGND,li1,93.6100,32.6400,0.000181
g_row\[0\].g_col\[1\].pe/place1158,VGND,li1,135.4700,81.6000,0.000138
g_row\[0\].g_col\[1\].pe/place1155,VGND,li1,93.6100,43.5200,0.000201
g_row\[0\].g_col\[1\].pe/place1156,VGND,li1,121.6700,87.0400,0.000140
g_row\[0\].g_col\[1\].pe/place1153,VGND,li1,92.2300,48.9600,0.000300
g_row\[0\].g_col\[1\].pe/place1154,VGND,li1,119.3700,87.0400,0.000141
g_row\[0\].g_col\[1\].pe/place1151,VGND,li1,90.8500,48.9600,0.000300
g_row\[0\].g_col\[1\].pe/place1152,VGND,li1,125.8100,92.4800,0.000208
g_row\[0\].g_col\[0\].pe/place1175,VGND,li1,176.4100,244.8000,0.000365
g_row\[0\].g_col\[1\].pe/place1149,VGND,li1,140.0700,108.8000,0.000318
g_row\[0\].g_col\[1\].pe/place1150,VGND,li1,93.6100,54.4000,0.000165
g_row\[0\].g_col\[0\].pe/place1231,VGND,li1,188.8300,223.0400,0.000299
g_row\[0\].g_col\[1\].pe/place1147,VGND,li1,85.3300,54.4000,0.000157
g_row\[0\].g_col\[1\].pe/place1148,VGND,li1,143.2900,92.4800,0.000201
g_row\[0\].g_col\[1\].pe/place1146,VGND,li1,72.4500,48.9600,0.000279
g_row\[0\].g_col\[1\].pe/place1145,VGND,li1,150.1900,103.3600,0.000311
g_row\[0\].g_col\[1\].pe/place1143,VGND,li1,67.8500,65.2800,0.000141
g_row\[0\].g_col\[1\].pe/place1144,VGND,li1,164.4500,97.9200,0.000167
g_row\[0\].g_col\[1\].pe/place1141,VGND,li1,42.0900,54.4000,0.000093
g_row\[0\].g_col\[1\].pe/place1139,VGND,li1,87.1700,70.7200,0.000155
g_row\[0\].g_col\[1\].pe/place1138,VGND,li1,41.6300,54.4000,0.000093
g_row\[0\].g_col\[1\].pe/place1137,VGND,li1,168.1300,114.2400,0.000473
g_row\[0\].g_col\[1\].pe/place1135,VGND,li1,154.7900,108.8000,0.000266
g_row\[0\].g_col\[1\].pe/place1136,VGND,li1,10.8100,65.2800,0.000063
g_row\[0\].g_col\[1\].pe/place1133,VGND,li1,35.1900,32.6400,0.000085
g_row\[0\].g_col\[1\].pe/place1140,VGND,li1,163.9900,114.2400,0.000497
g_row\[0\].g_col\[1\].pe/place1132,VGND,li1,16.3300,43.5200,0.000096
g_row\[0\].g_col\[1\].pe/place1134,VGND,li1,33.8100,38.0800,0.000083
g_row\[0\].g_col\[1\].pe/place1131,VGND,li1,8.9700,54.4000,0.000061
g_row\[0\].g_col\[1\].pe/place1129,VGND,li1,43.4700,43.5200,0.000147
g_row\[0\].g_col\[1\].pe/place1142,VGND,li1,142.8300,103.3600,0.000341
g_row\[0\].g_col\[1\].pe/place1130,VGND,li1,9.8900,43.5200,0.000097
g_row\[0\].g_col\[1\].pe/place1125,VGND,li1,48.0700,32.6400,0.000111
g_row\[0\].g_col\[1\].pe/place1126,VGND,li1,66.4700,48.9600,0.000269
g_row\[0\].g_col\[1\].pe/place1121,VGND,li1,88.0900,48.9600,0.000298
g_row\[0\].g_col\[1\].pe/place1127,VGND,li1,10.3500,54.4000,0.000061
g_row\[0\].g_col\[1\].pe/place1128,VGND,li1,66.9300,54.4000,0.000132
g_row\[0\].g_col\[1\].pe/place1122,VGND,li1,86.2500,54.4000,0.000157
g_row\[0\].g_col\[1\].pe/place1120,VGND,li1,152.9500,54.4000,0.000181
g_row\[0\].g_col\[1\].pe/place1168,VGND,li1,154.7900,103.3600,0.000290
g_row\[0\].g_col\[1\].pe/place1169,VGND,li1,151.5700,114.2400,0.000594
g_row\[0\].g_col\[1\].pe/place1167,VGND,li1,155.7100,125.1200,0.000401
g_row\[1\].g_col\[0\].pe/place1108,VGND,li1,281.7500,157.7600,0.000199
g_row\[1\].g_col\[0\].pe/place1109,VGND,li1,201.2500,179.5200,0.000277
g_row\[1\].g_col\[0\].pe/place1107,VGND,li1,331.8900,152.3200,0.000087
g_row\[0\].g_col\[1\].pe/place1170,VGND,li1,154.7900,48.9600,0.000291
g_row\[1\].g_col\[0\].pe/place1105,VGND,li1,351.2100,157.7600,0.000254
place1106,VGND,li1,235.2900,136.0000,0.000186
g_row\[0\].g_col\[1\].pe/place1116,VGND,li1,24.6100,125.1200,0.000186
g_row\[1\].g_col\[0\].pe/place1103,VGND,li1,349.8300,157.7600,0.000254
place1104,VGND,li1,219.1900,152.3200,0.000126
g_row\[0\].g_col\[1\].pe/place1117,VGND,li1,21.8500,125.1200,0.000186
g_row\[1\].g_col\[0\].pe/place1101,VGND,li1,333.7300,157.7600,0.000164
place1102,VGND,li1,278.5300,141.4400,0.000338
g_row\[1\].g_col\[0\].pe/place1110,VGND,li1,208.6100,201.2800,0.000270
place1100,VGND,li1,330.5100,146.8800,0.000203
place1099,VGND,li1,318.0900,146.8800,0.000217
g_row\[0\].g_col\[1\].pe/place1123,VGND,li1,54.9700,65.2800,0.000121
place1098,VGND,li1,253.2300,146.8800,0.000204
g_row\[1\].g_col\[0\].pe/place1097,VGND,li1,282.2100,146.8800,0.000222
g_row\[0\].g_col\[1\].pe/place1124,VGND,li1,63.2500,54.4000,0.000128
g_row\[1\].g_col\[0\].pe/place1095,VGND,li1,322.6900,152.3200,0.000100
place1096,VGND,li1,282.2100,146.8800,0.000222
g_row\[0\].g_col\[1\].pe/place1171,VGND,li1,176.8700,54.4000,0.000154
place1093,VGND,li1,282.6700,163.2000,0.000147
place1094,VGND,li1,330.5100,184.9600,0.000081
g_row\[1\].g_col\[0\].pe/place1091,VGND,li1,328.2100,174.0800,0.000090
place1092,VGND,li1,282.6700,157.7600,0.000199
place1089,VGND,li1,279.9100,174.0800,0.000148
place1090,VGND,li1,299.6900,174.0800,0.000126
place1087,VGND,li1,272.0900,152.3200,0.000132
g_row\[1\].g_col\[0\].pe/place1088,VGND,li1,303.3700,179.5200,0.000179
place1085,VGND,li1,265.1900,174.0800,0.000157
place1086,VGND,li1,273.9300,174.0800,0.000152
g_row\[1\].g_col\[0\].pe/place1083,VGND,li1,261.0500,179.5200,0.000267
place1084,VGND,li1,233.4500,174.0800,0.000164
place1082,VGND,li1,227.0100,157.7600,0.000191
g_row\[1\].g_col\[0\].pe/place1081,VGND,li1,256.9100,179.5200,0.000275
place1080,VGND,li1,227.0100,174.0800,0.000164
g_row\[1\].g_col\[0\].pe/place1078,VGND,li1,223.3300,179.5200,0.000320
g_row\[1\].g_col\[0\].pe/place1077,VGND,li1,244.4900,201.2800,0.000304
g_row\[1\].g_col\[0\].pe/place1075,VGND,li1,198.9500,141.4400,0.000374
g_row\[1\].g_col\[0\].pe/place1111,VGND,li1,219.6500,212.1600,0.000278
g_row\[1\].g_col\[0\].pe/place1076,VGND,li1,209.5300,163.2000,0.000137
g_row\[1\].g_col\[0\].pe/place1074,VGND,li1,216.4300,168.6400,0.000198
g_row\[1\].g_col\[0\].pe/place1073,VGND,li1,215.5100,174.0800,0.000162
g_row\[1\].g_col\[0\].pe/place1072,VGND,li1,220.5700,168.6400,0.000198
g_row\[1\].g_col\[0\].pe/place1071,VGND,li1,231.1500,163.2000,0.000147
g_row\[1\].g_col\[0\].pe/place1067,VGND,li1,219.6500,174.0800,0.000163
g_row\[1\].g_col\[0\].pe/place1068,VGND,li1,218.7300,184.9600,0.000165
g_row\[1\].g_col\[0\].pe/place1063,VGND,li1,237.1300,195.8400,0.000197
g_row\[1\].g_col\[0\].pe/place1064,VGND,li1,273.9300,163.2000,0.000150
g_row\[1\].g_col\[0\].pe/place1062,VGND,li1,245.8700,201.2800,0.000300
g_row\[1\].g_col\[0\].pe/place1113,VGND,li1,241.2700,195.8400,0.000197
g_row\[1\].g_col\[0\].pe/place1112,VGND,li1,219.1900,201.2800,0.000298
g_row\[1\].g_col\[0\].pe/place1114,VGND,li1,330.0500,266.5600,0.000028
g_row\[1\].g_col\[1\].pe/place1049,VGND,li1,220.1100,21.7600,0.000271
g_row\[1\].g_col\[1\].pe/place1050,VGND,li1,227.9300,43.5200,0.000206
g_row\[1\].g_col\[1\].pe/place1047,VGND,li1,280.8300,87.0400,0.000180
g_row\[1\].g_col\[1\].pe/place1048,VGND,li1,214.5900,108.8000,0.000217
g_row\[1\].g_col\[1\].pe/place1045,VGND,li1,267.4900,87.0400,0.000176
g_row\[1\].g_col\[1\].pe/place1046,VGND,li1,221.4900,81.6000,0.000263
g_row\[1\].g_col\[1\].pe/place1043,VGND,li1,270.2500,97.9200,0.000225
g_row\[1\].g_col\[1\].pe/place1044,VGND,li1,208.1500,108.8000,0.000212
g_row\[1\].g_col\[1\].pe/place1042,VGND,li1,208.1500,103.3600,0.000203
g_row\[1\].g_col\[1\].pe/place1041,VGND,li1,271.6300,76.1600,0.000157
g_row\[1\].g_col\[1\].pe/place1039,VGND,li1,242.6500,81.6000,0.000325
g_row\[1\].g_col\[1\].pe/place1040,VGND,li1,271.6300,76.1600,0.000157
g_row\[1\].g_col\[1\].pe/place1037,VGND,li1,267.9500,70.7200,0.000168
g_row\[1\].g_col\[1\].pe/place1038,VGND,li1,235.7500,114.2400,0.000587
g_row\[1\].g_col\[1\].pe/place1036,VGND,li1,266.5700,54.4000,0.000207
g_row\[1\].g_col\[1\].pe/place1035,VGND,li1,265.6500,114.2400,0.000574
g_row\[1\].g_col\[1\].pe/place1033,VGND,li1,267.9500,59.8400,0.000256
g_row\[1\].g_col\[1\].pe/place1034,VGND,li1,243.1100,114.2400,0.000599
g_row\[1\].g_col\[1\].pe/place1032,VGND,li1,260.5900,54.4000,0.000213
g_row\[1\].g_col\[1\].pe/place1031,VGND,li1,259.6700,59.8400,0.000263
g_row\[1\].g_col\[1\].pe/place1029,VGND,li1,261.0500,43.5200,0.000204
g_row\[1\].g_col\[1\].pe/place1030,VGND,li1,242.1900,97.9200,0.000205
g_row\[1\].g_col\[1\].pe/place1028,VGND,li1,254.1500,92.4800,0.000243
g_row\[1\].g_col\[1\].pe/place1027,VGND,li1,260.1300,43.5200,0.000204
g_row\[1\].g_col\[0\].pe/place1115,VGND,li1,269.3300,255.6800,0.000510
g_row\[1\].g_col\[1\].pe/place1025,VGND,li1,259.6700,48.9600,0.000272
g_row\[1\].g_col\[0\].pe/place1065,VGND,li1,269.7900,184.9600,0.000143
g_row\[1\].g_col\[0\].pe/place1059,VGND,li1,337.4100,266.5600,0.000027
g_row\[1\].g_col\[1\].pe/place1023,VGND,li1,255.5300,48.9600,0.000280
g_row\[1\].g_col\[1\].pe/place1024,VGND,li1,242.6500,65.2800,0.000251
g_row\[1\].g_col\[1\].pe/place1022,VGND,li1,252.7700,43.5200,0.000213
g_row\[1\].g_col\[1\].pe/place1021,VGND,li1,238.0500,48.9600,0.000307
g_row\[1\].g_col\[1\].pe/place1020,VGND,li1,273.0100,48.9600,0.000245
g_row\[1\].g_col\[0\].pe/place1066,VGND,li1,239.8900,201.2800,0.000308
g_row\[1\].g_col\[0\].pe/place1058,VGND,li1,322.6900,266.5600,0.000035
g_row\[1\].g_col\[1\].pe/place1018,VGND,li1,235.7500,81.6000,0.000305
g_row\[1\].g_col\[1\].pe/place1026,VGND,li1,257.8300,114.2400,0.000592
g_row\[1\].g_col\[1\].pe/place1019,VGND,li1,209.5300,70.7200,0.000156
g_row\[1\].g_col\[1\].pe/place1016,VGND,li1,230.6900,59.8400,0.000282
g_row\[0\].g_col\[1\].pe/place1172,VGND,li1,183.3100,48.9600,0.000232
g_row\[1\].g_col\[1\].pe/place1017,VGND,li1,216.4300,65.2800,0.000253
g_row\[1\].g_col\[1\].pe/place1014,VGND,li1,221.4900,70.7200,0.000163
g_row\[1\].g_col\[1\].pe/place1013,VGND,li1,227.0100,70.7200,0.000165
g_row\[1\].g_col\[1\].pe/place1015,VGND,li1,228.8500,54.4000,0.000229
g_row\[1\].g_col\[1\].pe/place1010,VGND,li1,230.2300,81.6000,0.000290
g_row\[1\].g_col\[1\].pe/place1011,VGND,li1,240.3500,32.6400,0.000168
g_row\[1\].g_col\[1\].pe/place1006,VGND,li1,267.0300,59.8400,0.000256
g_row\[1\].g_col\[1\].pe/place1012,VGND,li1,228.8500,32.6400,0.000172
g_row\[1\].g_col\[1\].pe/place1051,VGND,li1,245.4100,114.2400,0.000604
g_row\[1\].g_col\[1\].pe/place1005,VGND,li1,252.7700,38.0800,0.000251
g_row\[1\].g_col\[1\].pe/place1007,VGND,li1,265.6500,32.6400,0.000154
g_row\[0\].g_col\[0\].pe/place975,VGND,li1,149.7300,233.9200,0.000303
g_row\[0\].g_col\[0\].pe/place977,VGND,li1,119.3700,217.6000,0.000292
g_row\[0\].g_col\[0\].pe/place985,VGND,li1,51.2900,190.4000,0.000133
g_row\[0\].g_col\[0\].pe/place973,VGND,li1,221.4900,239.3600,0.000499
g_row\[0\].g_col\[1\].pe/place942,VGND,li1,124.4300,125.1200,0.000507
g_row\[0\].g_col\[1\].pe/place944,VGND,li1,151.5700,81.6000,0.000134
g_row\[0\].g_col\[1\].pe/place941,VGND,li1,61.4100,141.4400,0.000276
g_row\[0\].g_col\[1\].pe/place940,VGND,li1,41.1700,119.6800,0.000306
g_row\[1\].g_col\[0\].pe/place910,VGND,li1,371.9100,239.3600,0.000515
g_row\[1\].g_col\[0\].pe/place912,VGND,li1,325.4500,190.4000,0.000087
g_row\[1\].g_col\[0\].pe/place908,VGND,li1,330.0500,250.2400,0.000255
g_row\[1\].g_col\[0\].pe/place920,VGND,li1,255.9900,184.9600,0.000153
g_row\[1\].g_col\[1\].pe/place879,VGND,li1,333.2700,97.9200,0.000204
g_row\[1\].g_col\[1\].pe/place881,VGND,li1,309.3500,54.4000,0.000152
g_row\[1\].g_col\[1\].pe/place902,VGND,li1,204.4700,48.9600,0.000286
g_row\[1\].g_col\[1\].pe/place889,VGND,li1,257.8300,32.6400,0.000160
g_row\[1\].g_col\[1\].pe/place877,VGND,li1,363.6300,114.2400,0.000525
g_row\[1\].g_col\[0\].pe/place931,VGND,li1,302.4500,233.9200,0.000393
g_row\[0\].g_col\[0\].pe/place866,VGND,li1,48.0700,228.4800,0.000133
g_row\[1\].g_col\[1\].pe/place875,VGND,li1,320.8500,43.5200,0.000102
g_row\[0\].g_col\[1\].pe/place857,VGND,li1,137.3100,87.0400,0.000128
g_row\[0\].g_col\[1\].pe/place855,VGND,li1,146.0500,87.0400,0.000119
g_row\[0\].g_col\[1\].pe/place858,VGND,li1,152.4900,70.7200,0.000165
g_row\[1\].g_col\[0\].pe/place844,VGND,li1,319.4700,190.4000,0.000095
g_row\[1\].g_col\[0\].pe/place847,VGND,li1,296.9300,190.4000,0.000118
g_row\[0\].g_col\[0\].pe/place864,VGND,li1,102.8100,163.2000,0.000224
g_row\[1\].g_col\[1\].pe/place831,VGND,li1,325.4500,38.0800,0.000105
g_row\[1\].g_col\[1\].pe/place834,VGND,li1,284.5100,48.9600,0.000218
g_row\[1\].g_col\[0\].pe/place1060,VGND,li1,268.4100,217.6000,0.000284
g_row\[1\].g_col\[1\].pe/place903,VGND,li1,217.3500,43.5200,0.000190
g_row\[1\].g_col\[0\].pe/place1061,VGND,li1,245.8700,212.1600,0.000267
g_row\[1\].g_col\[0\].pe/place1069,VGND,li1,254.6100,163.2000,0.000152
g_row\[1\].g_col\[1\].pe/place904,VGND,li1,209.5300,59.8400,0.000282
g_row\[1\].g_col\[0\].pe/place1070,VGND,li1,243.5700,195.8400,0.000195
g_row\[0\].g_col\[1\].pe/place950,VGND,li1,106.0300,59.8400,0.000203
g_row\[1\].g_col\[0\].pe/place817,VGND,li1,330.0500,255.6800,0.000262
g_row\[1\].g_col\[1\].pe/place880,VGND,li1,344.3100,32.6400,0.000101
g_row\[0\].g_col\[1\].pe/place825,VGND,li1,46.6900,125.1200,0.000347
g_row\[1\].g_col\[1\].pe/place882,VGND,li1,286.8100,54.4000,0.000186
g_row\[1\].g_col\[1\].pe/place883,VGND,li1,286.8100,38.0800,0.000187
g_row\[0\].g_col\[1\].pe/place964,VGND,li1,144.6700,119.6800,0.000451
g_row\[1\].g_col\[1\].pe/place832,VGND,li1,305.2100,54.4000,0.000160
g_row\[0\].g_col\[1\].pe/place824,VGND,li1,62.7900,130.5600,0.000311
g_row\[1\].g_col\[1\].pe/place836,VGND,li1,297.3900,43.5200,0.000150
g_row\[1\].g_col\[1\].pe/place884,VGND,li1,268.8700,48.9600,0.000253
g_row\[1\].g_col\[1\].pe/place835,VGND,li1,296.0100,43.5200,0.000150
g_row\[1\].g_col\[1\].pe/place886,VGND,li1,272.5500,27.2000,0.000155
g_row\[1\].g_col\[0\].pe/place842,VGND,li1,388.9300,223.0400,0.000311
g_row\[1\].g_col\[1\].pe/place837,VGND,li1,266.1100,43.5200,0.000197
g_row\[1\].g_col\[1\].pe/place838,VGND,li1,261.0500,59.8400,0.000263
g_row\[1\].g_col\[1\].pe/place885,VGND,li1,272.5500,48.9600,0.000245
g_row\[1\].g_col\[1\].pe/place898,VGND,li1,206.3100,114.2400,0.000495
g_row\[1\].g_col\[1\].pe/place839,VGND,li1,230.2300,81.6000,0.000290
g_row\[1\].g_col\[1\].pe/place888,VGND,li1,260.1300,65.2800,0.000244
g_row\[1\].g_col\[1\].pe/place890,VGND,li1,231.6100,76.1600,0.000139
g_row\[1\].g_col\[1\].pe/place892,VGND,li1,227.0100,65.2800,0.000254
g_row\[1\].g_col\[1\].pe/place901,VGND,li1,209.0700,43.5200,0.000179
g_row\[1\].g_col\[0\].pe/place840,VGND,li1,209.5300,157.7600,0.000182
g_row\[1\].g_col\[1\].pe/place891,VGND,li1,235.2900,70.7200,0.000168
g_row\[1\].g_col\[1\].pe/place897,VGND,li1,207.2300,27.2000,0.000153
g_row\[1\].g_col\[1\].pe/place893,VGND,li1,231.1500,76.1600,0.000139
g_row\[1\].g_col\[1\].pe/place894,VGND,li1,231.1500,70.7200,0.000167
g_row\[1\].g_col\[1\].pe/place895,VGND,li1,235.2900,87.0400,0.000153
g_row\[1\].g_col\[1\].pe/place896,VGND,li1,239.8900,119.6800,0.000504
g_row\[1\].g_col\[0\].pe/place918,VGND,li1,269.7900,195.8400,0.000176
g_row\[1\].g_col\[0\].pe/place843,VGND,li1,306.5900,233.9200,0.000385
g_row\[1\].g_col\[0\].pe/place930,VGND,li1,330.9700,223.0400,0.000212
g_row\[0\].g_col\[0\].pe/place996,VGND,li1,166.2900,228.4800,0.000205
g_row\[1\].g_col\[0\].pe/place905,VGND,li1,301.0700,206.7200,0.000192
g_row\[1\].g_col\[0\].pe/place907,VGND,li1,304.2900,201.2800,0.000191
g_row\[1\].g_col\[0\].pe/place906,VGND,li1,257.3700,201.2800,0.000282
g_row\[1\].g_col\[0\].pe/place909,VGND,li1,308.8900,244.8000,0.000433
g_row\[1\].g_col\[0\].pe/place1079,VGND,li1,243.5700,184.9600,0.000160
g_row\[0\].g_col\[1\].pe/place1118,VGND,li1,184.2300,76.1600,0.000093
g_row\[1\].g_col\[0\].pe/place934,VGND,li1,227.0100,201.2800,0.000308
g_row\[0\].g_col\[1\].pe/place1119,VGND,li1,185.1500,81.6000,0.000137
g_row\[1\].g_col\[0\].pe/place935,VGND,li1,209.5300,174.0800,0.000159
g_row\[0\].g_col\[1\].pe/place953,VGND,li1,41.1700,59.8400,0.000096
g_row\[0\].g_col\[1\].pe/place818,VGND,li1,40.2500,130.5600,0.000225
g_row\[1\].g_col\[0\].pe/place911,VGND,li1,320.3900,195.8400,0.000112
g_row\[0\].g_col\[0\].pe/place827,VGND,li1,233.9100,239.3600,0.000532
g_row\[1\].g_col\[0\].pe/place913,VGND,li1,310.2700,179.5200,0.000162
g_row\[1\].g_col\[0\].pe/place914,VGND,li1,284.5100,206.7200,0.000227
g_row\[0\].g_col\[1\].pe/place967,VGND,li1,154.7900,48.9600,0.000291
g_row\[1\].g_col\[0\].pe/place845,VGND,li1,311.1900,201.2800,0.000174
g_row\[0\].g_col\[0\].pe/place826,VGND,li1,221.4900,233.9200,0.000398
g_row\[1\].g_col\[0\].pe/place848,VGND,li1,304.7500,179.5200,0.000179
g_row\[1\].g_col\[0\].pe/place915,VGND,li1,286.8100,174.0800,0.000140
g_row\[0\].g_col\[1\].pe/place853,VGND,li1,23.6900,32.6400,0.000059
g_row\[1\].g_col\[0\].pe/place917,VGND,li1,269.7900,190.4000,0.000137
g_row\[0\].g_col\[1\].pe/place854,VGND,li1,102.8100,130.5600,0.000383
g_row\[1\].g_col\[0\].pe/place849,VGND,li1,295.0900,174.0800,0.000132
g_row\[1\].g_col\[0\].pe/place850,VGND,li1,275.7700,174.0800,0.000150
g_row\[1\].g_col\[0\].pe/place916,VGND,li1,296.4700,179.5200,0.000195
g_row\[1\].g_col\[0\].pe/place919,VGND,li1,278.5300,168.6400,0.000191
g_row\[1\].g_col\[0\].pe/place851,VGND,li1,252.7700,157.7600,0.000199
g_row\[1\].g_col\[0\].pe/place929,VGND,li1,333.2700,152.3200,0.000087
g_row\[1\].g_col\[0\].pe/place921,VGND,li1,252.7700,152.3200,0.000133
g_row\[1\].g_col\[0\].pe/place923,VGND,li1,221.0300,152.3200,0.000127
g_row\[1\].g_col\[0\].pe/place933,VGND,li1,203.0900,184.9600,0.000162
g_row\[0\].g_col\[1\].pe/place852,VGND,li1,35.1900,32.6400,0.000085
g_row\[1\].g_col\[0\].pe/place922,VGND,li1,231.6100,146.8800,0.000182
g_row\[1\].g_col\[0\].pe/place928,VGND,li1,202.1700,195.8400,0.000185
g_row\[1\].g_col\[0\].pe/place924,VGND,li1,228.8500,157.7600,0.000192
g_row\[1\].g_col\[0\].pe/place925,VGND,li1,228.3900,152.3200,0.000129
g_row\[1\].g_col\[0\].pe/place926,VGND,li1,227.0100,146.8800,0.000177
g_row\[1\].g_col\[0\].pe/place927,VGND,li1,215.5100,228.4800,0.000320
g_row\[0\].g_col\[1\].pe/place951,VGND,li1,88.0900,59.8400,0.000177
g_row\[1\].g_col\[1\].pe/place900,VGND,li1,311.6500,103.3600,0.000233
g_row\[1\].g_col\[0\].pe/place932,VGND,li1,214.1300,201.2800,0.000284
g_row\[0\].g_col\[0\].pe/place983,VGND,li1,42.5500,212.1600,0.000121
g_row\[0\].g_col\[1\].pe/place936,VGND,li1,172.7300,81.6000,0.000118
g_row\[0\].g_col\[1\].pe/place938,VGND,li1,152.4900,87.0400,0.000113
g_row\[0\].g_col\[1\].pe/place937,VGND,li1,169.0500,76.1600,0.000100
g_row\[0\].g_col\[1\].pe/place939,VGND,li1,151.1100,87.0400,0.000113
g_row\[0\].g_col\[0\].pe/place1176,VGND,li1,51.7500,223.0400,0.000195
g_row\[0\].g_col\[1\].pe/place968,VGND,li1,177.3300,59.8400,0.000186
g_row\[0\].g_col\[0\].pe/place1177,VGND,li1,113.3900,223.0400,0.000339
place1265,VGND,li1,170.4300,266.5600,0.000080
g_row\[0\].g_col\[1\].pe/place969,VGND,li1,163.9900,48.9600,0.000277
place1266,VGND,li1,149.7300,266.5600,0.000123
g_row\[0\].g_col\[0\].pe/place998,VGND,li1,154.7900,206.7200,0.000284
g_row\[0\].g_col\[0\].pe/place819,VGND,li1,220.1100,250.2400,0.000426
g_row\[0\].g_col\[1\].pe/place943,VGND,li1,139.1500,87.0400,0.000126
g_row\[1\].g_col\[0\].pe/place823,VGND,li1,299.6900,244.8000,0.000475
g_row\[1\].g_col\[1\].pe/place829,VGND,li1,216.8900,65.2800,0.000253
g_row\[0\].g_col\[1\].pe/place945,VGND,li1,124.4300,59.8400,0.000222
g_row\[0\].g_col\[1\].pe/place946,VGND,li1,100.5100,81.6000,0.000130
g_row\[1\].g_col\[1\].pe/place1052,VGND,li1,205.8500,114.2400,0.000495
g_row\[0\].g_col\[1\].pe/place856,VGND,li1,170.8900,81.6000,0.000120
g_row\[1\].g_col\[1\].pe/place828,VGND,li1,235.7500,76.1600,0.000142
g_row\[0\].g_col\[1\].pe/place859,VGND,li1,154.3300,76.1600,0.000122
g_row\[0\].g_col\[1\].pe/place947,VGND,li1,106.0300,54.4000,0.000174
g_row\[1\].g_col\[1\].pe/place899,VGND,li1,223.3300,119.6800,0.000457
g_row\[0\].g_col\[1\].pe/place948,VGND,li1,77.5100,59.8400,0.000160
g_row\[1\].g_col\[1\].pe/place887,VGND,li1,272.0900,27.2000,0.000155
g_row\[0\].g_col\[1\].pe/place860,VGND,li1,76.1300,54.4000,0.000146
g_row\[0\].g_col\[1\].pe/place861,VGND,li1,89.4700,54.4000,0.000161
g_row\[0\].g_col\[1\].pe/place949,VGND,li1,67.8500,70.7200,0.000132
g_row\[0\].g_col\[1\].pe/place952,VGND,li1,72.4500,48.9600,0.000279
g_row\[0\].g_col\[1\].pe/place862,VGND,li1,46.6900,38.0800,0.000106
g_row\[0\].g_col\[1\].pe/place963,VGND,li1,171.3500,125.1200,0.000314
g_row\[0\].g_col\[1\].pe/place954,VGND,li1,47.1500,38.0800,0.000106
g_row\[0\].g_col\[1\].pe/place956,VGND,li1,16.3300,38.0800,0.000065
g_row\[0\].g_col\[1\].pe/place966,VGND,li1,162.6100,59.8400,0.000212
g_row\[0\].g_col\[0\].pe/place863,VGND,li1,111.0900,141.4400,0.000312
g_row\[0\].g_col\[1\].pe/place955,VGND,li1,41.1700,32.6400,0.000098
g_row\[0\].g_col\[1\].pe/place957,VGND,li1,42.5500,38.0800,0.000098
g_row\[0\].g_col\[1\].pe/place962,VGND,li1,170.8900,54.4000,0.000163
g_row\[0\].g_col\[1\].pe/place958,VGND,li1,42.0900,32.6400,0.000098
g_row\[0\].g_col\[1\].pe/place959,VGND,li1,40.2500,16.3200,0.000143
g_row\[0\].g_col\[1\].pe/place960,VGND,li1,166.7500,59.8400,0.000205
g_row\[0\].g_col\[0\].pe/place995,VGND,li1,183.7700,212.1600,0.000173
g_row\[0\].g_col\[0\].pe/place865,VGND,li1,128.5700,233.9200,0.000322
g_row\[0\].g_col\[1\].pe/place961,VGND,li1,182.8500,43.5200,0.000126
g_row\[0\].g_col\[0\].pe/place1264,VGND,li1,106.4900,266.5600,0.000172
place1267,VGND,li1,144.6700,255.6800,0.000432
g_row\[0\].g_col\[0\].pe/place970,VGND,li1,39.7900,228.4800,0.000113
g_row\[0\].g_col\[0\].pe/place972,VGND,li1,33.3500,228.4800,0.000097
place1275,VGND,li1,382.0300,141.4400,0.000353
g_row\[0\].g_col\[0\].pe/place971,VGND,li1,120.2900,217.6000,0.000292
g_row\[0\].g_col\[0\].pe/place974,VGND,li1,181.4700,233.9200,0.000230
g_row\[0\].g_col\[0\].pe/place1196,VGND,li1,47.1500,190.4000,0.000127
g_row\[0\].g_col\[1\].pe/place1234,VGND,li1,112.0100,136.0000,0.000258
g_row\[0\].g_col\[0\].pe/place999,VGND,li1,142.8300,212.1600,0.000236
place1278,VGND,li1,18.1700,141.4400,0.000128
g_row\[0\].g_col\[1\].pe/place1279,VGND,li1,106.4900,136.0000,0.000260
g_row\[0\].g_col\[0\].pe/place1000,VGND,li1,152.0300,184.9600,0.000164
place1280,VGND,li1,106.0300,136.0000,0.000260
g_row\[1\].g_col\[1\].pe/place820,VGND,li1,325.9100,114.2400,0.000358
g_row\[0\].g_col\[0\].pe/place976,VGND,li1,33.8100,233.9200,0.000119
g_row\[1\].g_col\[0\].pe/place822,VGND,li1,325.4500,250.2400,0.000279
g_row\[1\].g_col\[1\].pe/place833,VGND,li1,330.0500,38.0800,0.000094
g_row\[0\].g_col\[0\].pe/place868,VGND,li1,48.5300,228.4800,0.000133
g_row\[0\].g_col\[0\].pe/place978,VGND,li1,85.7900,195.8400,0.000346
g_row\[0\].g_col\[0\].pe/place979,VGND,li1,50.8300,223.0400,0.000195
g_row\[0\].g_col\[0\].pe/place867,VGND,li1,129.9500,212.1600,0.000243
g_row\[1\].g_col\[1\].pe/place830,VGND,li1,330.0500,87.0400,0.000170
g_row\[0\].g_col\[0\].pe/place870,VGND,li1,63.2500,217.6000,0.000210
g_row\[0\].g_col\[0\].pe/place980,VGND,li1,72.4500,190.4000,0.000172
g_row\[0\].g_col\[0\].pe/place869,VGND,li1,65.5500,217.6000,0.000219
g_row\[0\].g_col\[0\].pe/place982,VGND,li1,54.9700,212.1600,0.000151
g_row\[1\].g_col\[1\].pe/place876,VGND,li1,336.0300,43.5200,0.000082
g_row\[0\].g_col\[0\].pe/place871,VGND,li1,57.2700,190.4000,0.000145
g_row\[0\].g_col\[0\].pe/place872,VGND,li1,83.0300,184.9600,0.000198
g_row\[0\].g_col\[0\].pe/place981,VGND,li1,61.8700,195.8400,0.000284
g_row\[0\].g_col\[0\].pe/place994,VGND,li1,155.7100,228.4800,0.000221
g_row\[0\].g_col\[0\].pe/place873,VGND,li1,93.6100,163.2000,0.000231
g_row\[0\].g_col\[0\].pe/place984,VGND,li1,104.1900,184.9600,0.000199
g_row\[0\].g_col\[0\].pe/place986,VGND,li1,119.3700,163.2000,0.000205
g_row\[0\].g_col\[0\].pe/place988,VGND,li1,69.6900,174.0800,0.000302
g_row\[0\].g_col\[0\].pe/place997,VGND,li1,147.4300,184.9600,0.000169
g_row\[1\].g_col\[1\].pe/place874,VGND,li1,322.2300,43.5200,0.000102
g_row\[0\].g_col\[0\].pe/place987,VGND,li1,86.2500,157.7600,0.000188
g_row\[0\].g_col\[0\].pe/place993,VGND,li1,42.0900,168.6400,0.000162
g_row\[0\].g_col\[0\].pe/place989,VGND,li1,80.7300,157.7600,0.000189
g_row\[0\].g_col\[0\].pe/place990,VGND,li1,80.7300,163.2000,0.000240
g_row\[0\].g_col\[0\].pe/place991,VGND,li1,105.5700,146.8800,0.000209
g_row\[0\].g_col\[0\].pe/place992,VGND,li1,106.4900,174.0800,0.000276
g_row\[1\].g_col\[1\].pe/place1008,VGND,li1,247.7100,38.0800,0.000258
g_row\[1\].g_col\[1\].pe/place878,VGND,li1,322.2300,119.6800,0.000263
g_row\[1\].g_col\[1\].pe/place1009,VGND,li1,227.9300,38.0800,0.000277
place1281,VGND,li1,20.9300,103.3600,0.000215
g_row\[1\].g_col\[1\].pe/place1001,VGND,li1,359.4900,125.1200,0.000301
g_row\[1\].g_col\[1\].pe/place1003,VGND,li1,299.6900,48.9600,0.000185
place1282,VGND,li1,162.6100,21.7600,0.000231
place1283,VGND,li1,20.0100,103.3600,0.000215
g_row\[1\].g_col\[1\].pe/place1002,VGND,li1,324.9900,125.1200,0.000247
g_row\[1\].g_col\[1\].pe/place1004,VGND,li1,284.9700,48.9600,0.000218
place1263,VGND,li1,175.4900,179.5200,0.000186
place1262,VGND,li1,183.7700,190.4000,0.000143
g_row\[1\].g_col\[0\].pe/place1261,VGND,li1,229.3100,228.4800,0.000354
g_row\[1\].g_col\[0\].pe/place1260,VGND,li1,230.6900,233.9200,0.000419
g_row\[1\].g_col\[0\].pe/place1259,VGND,li1,332.8100,228.4800,0.000221
g_row\[1\].g_col\[0\].pe/place1258,VGND,li1,204.4700,206.7200,0.000295
place1257,VGND,li1,196.1900,184.9600,0.000159
TAP_TAPCELL_ROW_93_1627,VGND,li1,392.1500,266.2680,0.000033
TAP_TAPCELL_ROW_93_1626,VGND,li1,379.2700,266.2680,0.000033
TAP_TAPCELL_ROW_93_1625,VGND,li1,366.3900,266.2680,0.000031
TAP_TAPCELL_ROW_93_1624,VGND,li1,353.5100,266.2680,0.000029
TAP_TAPCELL_ROW_93_1623,VGND,li1,340.6300,266.2680,0.000027
TAP_TAPCELL_ROW_93_1622,VGND,li1,327.7500,266.2680,0.000030
TAP_TAPCELL_ROW_93_1621,VGND,li1,314.8700,266.2680,0.000041
TAP_TAPCELL_ROW_93_1620,VGND,li1,301.9900,266.2680,0.000048
TAP_TAPCELL_ROW_93_1619,VGND,li1,289.1100,266.2680,0.000050
TAP_TAPCELL_ROW_93_1618,VGND,li1,276.2300,266.2680,0.000053
TAP_TAPCELL_ROW_93_1617,VGND,li1,263.3500,266.2680,0.000055
TAP_TAPCELL_ROW_93_1616,VGND,li1,250.4700,266.2680,0.000058
TAP_TAPCELL_ROW_93_1615,VGND,li1,237.5900,266.2680,0.000059
TAP_TAPCELL_ROW_93_1614,VGND,li1,224.7100,266.2680,0.000060
TAP_TAPCELL_ROW_93_1613,VGND,li1,211.8300,266.2680,0.000060
TAP_TAPCELL_ROW_93_1612,VGND,li1,198.9500,266.2680,0.000060
TAP_TAPCELL_ROW_93_1611,VGND,li1,186.0700,266.2680,0.000060
TAP_TAPCELL_ROW_93_1610,VGND,li1,173.1900,266.2680,0.000075
TAP_TAPCELL_ROW_93_1609,VGND,li1,160.3100,266.2680,0.000103
TAP_TAPCELL_ROW_93_1608,VGND,li1,147.4300,266.2680,0.000127
TAP_TAPCELL_ROW_93_1607,VGND,li1,134.5500,266.2680,0.000149
TAP_TAPCELL_ROW_93_1606,VGND,li1,121.6700,266.2680,0.000166
TAP_TAPCELL_ROW_93_1605,VGND,li1,108.7900,266.2680,0.000172
TAP_TAPCELL_ROW_93_1604,VGND,li1,95.9100,266.2680,0.000173
TAP_TAPCELL_ROW_93_1603,VGND,li1,83.0300,266.2680,0.000170
TAP_TAPCELL_ROW_93_1602,VGND,li1,70.1500,266.2680,0.000163
TAP_TAPCELL_ROW_93_1601,VGND,li1,57.2700,266.2680,0.000143
TAP_TAPCELL_ROW_93_1600,VGND,li1,44.3900,266.2680,0.000119
TAP_TAPCELL_ROW_93_1599,VGND,li1,31.5100,266.2680,0.000087
TAP_TAPCELL_ROW_93_1598,VGND,li1,18.6300,266.2680,0.000074
TAP_TAPCELL_ROW_92_1597,VGND,li1,379.2700,261.4110,0.000293
TAP_TAPCELL_ROW_92_1596,VGND,li1,353.5100,261.4110,0.000249
TAP_TAPCELL_ROW_92_1595,VGND,li1,327.7500,261.4110,0.000217
TAP_TAPCELL_ROW_92_1594,VGND,li1,301.9900,261.4110,0.000308
TAP_TAPCELL_ROW_92_1593,VGND,li1,276.2300,261.4110,0.000352
TAP_TAPCELL_ROW_92_1592,VGND,li1,250.4700,261.4110,0.000347
TAP_TAPCELL_ROW_92_1591,VGND,li1,224.7100,261.4110,0.000315
TAP_TAPCELL_ROW_92_1590,VGND,li1,198.9500,261.4110,0.000276
TAP_TAPCELL_ROW_92_1589,VGND,li1,173.1900,261.4110,0.000291
TAP_TAPCELL_ROW_92_1588,VGND,li1,147.4300,261.4110,0.000472
TAP_TAPCELL_ROW_92_1587,VGND,li1,121.6700,261.4110,0.000578
TAP_TAPCELL_ROW_92_1586,VGND,li1,95.9100,261.4110,0.000579
TAP_TAPCELL_ROW_92_1585,VGND,li1,70.1500,261.4110,0.000522
TAP_TAPCELL_ROW_92_1584,VGND,li1,44.3900,261.4110,0.000378
TAP_TAPCELL_ROW_92_1583,VGND,li1,18.6300,261.4110,0.000227
TAP_TAPCELL_ROW_91_1582,VGND,li1,392.1500,260.8280,0.000296
TAP_TAPCELL_ROW_91_1581,VGND,li1,366.3900,260.8280,0.000280
TAP_TAPCELL_ROW_91_1580,VGND,li1,340.6300,260.8280,0.000213
TAP_TAPCELL_ROW_91_1579,VGND,li1,314.8700,260.8280,0.000272
TAP_TAPCELL_ROW_91_1578,VGND,li1,289.1100,260.8280,0.000337
TAP_TAPCELL_ROW_91_1577,VGND,li1,263.3500,260.8280,0.000352
TAP_TAPCELL_ROW_91_1576,VGND,li1,237.5900,260.8280,0.000333
TAP_TAPCELL_ROW_91_1575,VGND,li1,211.8300,260.8280,0.000296
TAP_TAPCELL_ROW_91_1574,VGND,li1,186.0700,260.8280,0.000254
TAP_TAPCELL_ROW_91_1573,VGND,li1,160.3100,260.8280,0.000390
TAP_TAPCELL_ROW_91_1572,VGND,li1,134.5500,260.8280,0.000539
TAP_TAPCELL_ROW_91_1571,VGND,li1,108.7900,260.8280,0.000586
TAP_TAPCELL_ROW_91_1570,VGND,li1,83.0300,260.8280,0.000557
TAP_TAPCELL_ROW_91_1569,VGND,li1,57.2700,260.8280,0.000464
TAP_TAPCELL_ROW_91_1568,VGND,li1,31.5100,260.8280,0.000277
TAP_TAPCELL_ROW_90_1567,VGND,li1,379.2700,255.9710,0.000359
TAP_TAPCELL_ROW_90_1566,VGND,li1,353.5100,255.9710,0.000325
TAP_TAPCELL_ROW_90_1565,VGND,li1,327.7500,255.9710,0.000274
TAP_TAPCELL_ROW_90_1564,VGND,li1,301.9900,255.9710,0.000414
TAP_TAPCELL_ROW_90_1563,VGND,li1,276.2300,255.9710,0.000496
TAP_TAPCELL_ROW_90_1562,VGND,li1,250.4700,255.9710,0.000521
TAP_TAPCELL_ROW_90_1561,VGND,li1,224.7100,255.9710,0.000458
TAP_TAPCELL_ROW_90_1560,VGND,li1,198.9500,255.9710,0.000346
TAP_TAPCELL_ROW_90_1559,VGND,li1,173.1900,255.9710,0.000287
TAP_TAPCELL_ROW_90_1558,VGND,li1,147.4300,255.9710,0.000423
TAP_TAPCELL_ROW_90_1557,VGND,li1,121.6700,255.9710,0.000487
TAP_TAPCELL_ROW_90_1556,VGND,li1,95.9100,255.9710,0.000464
TAP_TAPCELL_ROW_90_1555,VGND,li1,70.1500,255.9710,0.000389
TAP_TAPCELL_ROW_90_1554,VGND,li1,44.3900,255.9710,0.000265
TAP_TAPCELL_ROW_90_1553,VGND,li1,18.6300,255.9710,0.000159
TAP_TAPCELL_ROW_89_1552,VGND,li1,392.1500,255.3880,0.000365
TAP_TAPCELL_ROW_89_1551,VGND,li1,366.3900,255.3880,0.000346
TAP_TAPCELL_ROW_89_1550,VGND,li1,340.6300,255.3880,0.000279
TAP_TAPCELL_ROW_89_1549,VGND,li1,314.8700,255.3880,0.000347
TAP_TAPCELL_ROW_89_1548,VGND,li1,289.1100,255.3880,0.000460
TAP_TAPCELL_ROW_89_1547,VGND,li1,263.3500,255.3880,0.000519
TAP_TAPCELL_ROW_89_1546,VGND,li1,237.5900,255.3880,0.000499
TAP_TAPCELL_ROW_89_1545,VGND,li1,211.8300,255.3880,0.000407
TAP_TAPCELL_ROW_89_1544,VGND,li1,186.0700,255.3880,0.000290
TAP_TAPCELL_ROW_89_1543,VGND,li1,160.3100,255.3880,0.000359
TAP_TAPCELL_ROW_89_1542,VGND,li1,134.5500,255.3880,0.000463
TAP_TAPCELL_ROW_89_1541,VGND,li1,108.7900,255.3880,0.000483
TAP_TAPCELL_ROW_89_1540,VGND,li1,83.0300,255.3880,0.000435
TAP_TAPCELL_ROW_89_1539,VGND,li1,57.2700,255.3880,0.000338
TAP_TAPCELL_ROW_89_1538,VGND,li1,31.5100,255.3880,0.000187
TAP_TAPCELL_ROW_88_1537,VGND,li1,379.2700,250.5310,0.000376
TAP_TAPCELL_ROW_88_1536,VGND,li1,353.5100,250.5310,0.000330
TAP_TAPCELL_ROW_88_1535,VGND,li1,327.7500,250.5310,0.000268
TAP_TAPCELL_ROW_88_1534,VGND,li1,301.9900,250.5310,0.000362
TAP_TAPCELL_ROW_88_1533,VGND,li1,276.2300,250.5310,0.000421
TAP_TAPCELL_ROW_88_1532,VGND,li1,250.4700,250.5310,0.000446
TAP_TAPCELL_ROW_88_1531,VGND,li1,224.7100,250.5310,0.000433
TAP_TAPCELL_ROW_88_1530,VGND,li1,198.9500,250.5310,0.000374
TAP_TAPCELL_ROW_88_1529,VGND,li1,173.1900,250.5310,0.000329
TAP_TAPCELL_ROW_88_1528,VGND,li1,147.4300,250.5310,0.000483
TAP_TAPCELL_ROW_88_1527,VGND,li1,121.6700,250.5310,0.000528
TAP_TAPCELL_ROW_88_1526,VGND,li1,95.9100,250.5310,0.000502
TAP_TAPCELL_ROW_88_1525,VGND,li1,70.1500,250.5310,0.000423
TAP_TAPCELL_ROW_88_1524,VGND,li1,44.3900,250.5310,0.000287
TAP_TAPCELL_ROW_88_1523,VGND,li1,18.6300,250.5310,0.000174
TAP_TAPCELL_ROW_87_1522,VGND,li1,392.1500,249.9480,0.000381
TAP_TAPCELL_ROW_87_1521,VGND,li1,366.3900,249.9480,0.000363
TAP_TAPCELL_ROW_87_1520,VGND,li1,340.6300,249.9480,0.000285
TAP_TAPCELL_ROW_87_1519,VGND,li1,314.8700,249.9480,0.000322
TAP_TAPCELL_ROW_87_1518,VGND,li1,289.1100,249.9480,0.000399
TAP_TAPCELL_ROW_87_1517,VGND,li1,263.3500,249.9480,0.000436
TAP_TAPCELL_ROW_87_1516,VGND,li1,237.5900,249.9480,0.000446
TAP_TAPCELL_ROW_87_1515,VGND,li1,211.8300,249.9480,0.000412
TAP_TAPCELL_ROW_87_1514,VGND,li1,186.0700,249.9480,0.000327
TAP_TAPCELL_ROW_87_1513,VGND,li1,160.3100,249.9480,0.000414
TAP_TAPCELL_ROW_87_1512,VGND,li1,134.5500,249.9480,0.000519
TAP_TAPCELL_ROW_87_1511,VGND,li1,108.7900,249.9480,0.000522
TAP_TAPCELL_ROW_87_1510,VGND,li1,83.0300,249.9480,0.000466
TAP_TAPCELL_ROW_87_1509,VGND,li1,57.2700,249.9480,0.000365
TAP_TAPCELL_ROW_87_1508,VGND,li1,31.5100,249.9480,0.000212
TAP_TAPCELL_ROW_86_1507,VGND,li1,379.2700,245.0910,0.000375
TAP_TAPCELL_ROW_86_1506,VGND,li1,353.5100,245.0910,0.000347
TAP_TAPCELL_ROW_86_1505,VGND,li1,327.7500,245.0910,0.000316
TAP_TAPCELL_ROW_86_1504,VGND,li1,301.9900,245.0910,0.000465
TAP_TAPCELL_ROW_86_1503,VGND,li1,276.2300,245.0910,0.000572
TAP_TAPCELL_ROW_86_1502,VGND,li1,250.4700,245.0910,0.000607
TAP_TAPCELL_ROW_86_1501,VGND,li1,224.7100,245.0910,0.000571
TAP_TAPCELL_ROW_86_1500,VGND,li1,198.9500,245.0910,0.000466
TAP_TAPCELL_ROW_86_1499,VGND,li1,173.1900,245.0910,0.000399
TAP_TAPCELL_ROW_86_1498,VGND,li1,147.4300,245.0910,0.000579
TAP_TAPCELL_ROW_86_1497,VGND,li1,121.6700,245.0910,0.000626
TAP_TAPCELL_ROW_86_1496,VGND,li1,95.9100,245.0910,0.000569
TAP_TAPCELL_ROW_86_1495,VGND,li1,70.1500,245.0910,0.000452
TAP_TAPCELL_ROW_86_1494,VGND,li1,44.3900,245.0910,0.000290
TAP_TAPCELL_ROW_86_1493,VGND,li1,18.6300,245.0910,0.000166
TAP_TAPCELL_ROW_85_1492,VGND,li1,392.1500,244.5080,0.000379
TAP_TAPCELL_ROW_85_1491,VGND,li1,366.3900,244.5080,0.000365
TAP_TAPCELL_ROW_85_1490,VGND,li1,340.6300,244.5080,0.000315
TAP_TAPCELL_ROW_85_1489,VGND,li1,314.8700,244.5080,0.000392
TAP_TAPCELL_ROW_85_1488,VGND,li1,289.1100,244.5080,0.000529
TAP_TAPCELL_ROW_85_1487,VGND,li1,263.3500,244.5080,0.000600
TAP_TAPCELL_ROW_85_1486,VGND,li1,237.5900,244.5080,0.000597
TAP_TAPCELL_ROW_85_1485,VGND,li1,211.8300,244.5080,0.000532
TAP_TAPCELL_ROW_85_1484,VGND,li1,186.0700,244.5080,0.000386
TAP_TAPCELL_ROW_85_1483,VGND,li1,160.3100,244.5080,0.000495
TAP_TAPCELL_ROW_85_1482,VGND,li1,134.5500,244.5080,0.000623
TAP_TAPCELL_ROW_85_1481,VGND,li1,108.7900,244.5080,0.000604
TAP_TAPCELL_ROW_85_1480,VGND,li1,83.0300,244.5080,0.000511
TAP_TAPCELL_ROW_85_1479,VGND,li1,57.2700,244.5080,0.000375
TAP_TAPCELL_ROW_85_1478,VGND,li1,31.5100,244.5080,0.000204
TAP_TAPCELL_ROW_84_1477,VGND,li1,379.2700,239.6510,0.000531
TAP_TAPCELL_ROW_84_1476,VGND,li1,353.5100,239.6510,0.000448
TAP_TAPCELL_ROW_84_1475,VGND,li1,327.7500,239.6510,0.000384
TAP_TAPCELL_ROW_84_1474,VGND,li1,301.9900,239.6510,0.000524
TAP_TAPCELL_ROW_84_1473,VGND,li1,276.2300,239.6510,0.000564
TAP_TAPCELL_ROW_84_1472,VGND,li1,250.4700,239.6510,0.000559
TAP_TAPCELL_ROW_84_1471,VGND,li1,224.7100,239.6510,0.000507
TAP_TAPCELL_ROW_84_1470,VGND,li1,198.9500,239.6510,0.000404
TAP_TAPCELL_ROW_84_1469,VGND,li1,173.1900,239.6510,0.000305
TAP_TAPCELL_ROW_84_1468,VGND,li1,147.4300,239.6510,0.000409
TAP_TAPCELL_ROW_84_1467,VGND,li1,121.6700,239.6510,0.000435
TAP_TAPCELL_ROW_84_1466,VGND,li1,95.9100,239.6510,0.000391
TAP_TAPCELL_ROW_84_1465,VGND,li1,70.1500,239.6510,0.000310
TAP_TAPCELL_ROW_84_1464,VGND,li1,44.3900,239.6510,0.000199
TAP_TAPCELL_ROW_84_1463,VGND,li1,18.6300,239.6510,0.000116
TAP_TAPCELL_ROW_83_1462,VGND,li1,392.1500,239.0680,0.000544
TAP_TAPCELL_ROW_83_1461,VGND,li1,366.3900,239.0680,0.000496
TAP_TAPCELL_ROW_83_1460,VGND,li1,340.6300,239.0680,0.000388
TAP_TAPCELL_ROW_83_1459,VGND,li1,314.8700,239.0680,0.000471
TAP_TAPCELL_ROW_83_1458,VGND,li1,289.1100,239.0680,0.000551
TAP_TAPCELL_ROW_83_1457,VGND,li1,263.3500,239.0680,0.000567
TAP_TAPCELL_ROW_83_1456,VGND,li1,237.5900,239.0680,0.000538
TAP_TAPCELL_ROW_83_1455,VGND,li1,211.8300,239.0680,0.000457
TAP_TAPCELL_ROW_83_1454,VGND,li1,186.0700,239.0680,0.000320
TAP_TAPCELL_ROW_83_1453,VGND,li1,160.3100,239.0680,0.000364
TAP_TAPCELL_ROW_83_1452,VGND,li1,134.5500,239.0680,0.000435
TAP_TAPCELL_ROW_83_1451,VGND,li1,108.7900,239.0680,0.000418
TAP_TAPCELL_ROW_83_1450,VGND,li1,83.0300,239.0680,0.000353
TAP_TAPCELL_ROW_83_1449,VGND,li1,57.2700,239.0680,0.000255
TAP_TAPCELL_ROW_83_1448,VGND,li1,31.5100,239.0680,0.000147
TAP_TAPCELL_ROW_82_1447,VGND,li1,379.2700,234.2110,0.000394
TAP_TAPCELL_ROW_82_1446,VGND,li1,353.5100,234.2110,0.000345
TAP_TAPCELL_ROW_82_1445,VGND,li1,327.7500,234.2110,0.000297
TAP_TAPCELL_ROW_82_1444,VGND,li1,301.9900,234.2110,0.000393
TAP_TAPCELL_ROW_82_1443,VGND,li1,276.2300,234.2110,0.000433
TAP_TAPCELL_ROW_82_1442,VGND,li1,250.4700,234.2110,0.000434
TAP_TAPCELL_ROW_82_1441,VGND,li1,224.7100,234.2110,0.000404
TAP_TAPCELL_ROW_82_1440,VGND,li1,198.9500,234.2110,0.000316
TAP_TAPCELL_ROW_82_1439,VGND,li1,173.1900,234.2110,0.000238
TAP_TAPCELL_ROW_82_1438,VGND,li1,147.4300,234.2110,0.000308
TAP_TAPCELL_ROW_82_1437,VGND,li1,121.6700,234.2110,0.000318
TAP_TAPCELL_ROW_82_1436,VGND,li1,95.9100,234.2110,0.000286
TAP_TAPCELL_ROW_82_1435,VGND,li1,70.1500,234.2110,0.000231
TAP_TAPCELL_ROW_82_1434,VGND,li1,44.3900,234.2110,0.000157
TAP_TAPCELL_ROW_82_1433,VGND,li1,18.6300,234.2110,0.000091
TAP_TAPCELL_ROW_81_1432,VGND,li1,392.1500,233.6280,0.000400
TAP_TAPCELL_ROW_81_1431,VGND,li1,366.3900,233.6280,0.000376
TAP_TAPCELL_ROW_81_1430,VGND,li1,340.6300,233.6280,0.000302
TAP_TAPCELL_ROW_81_1429,VGND,li1,314.8700,233.6280,0.000360
TAP_TAPCELL_ROW_81_1428,VGND,li1,289.1100,233.6280,0.000419
TAP_TAPCELL_ROW_81_1427,VGND,li1,263.3500,233.6280,0.000436
TAP_TAPCELL_ROW_81_1426,VGND,li1,237.5900,233.6280,0.000426
TAP_TAPCELL_ROW_81_1425,VGND,li1,211.8300,233.6280,0.000364
TAP_TAPCELL_ROW_81_1424,VGND,li1,186.0700,233.6280,0.000255
TAP_TAPCELL_ROW_81_1423,VGND,li1,160.3100,233.6280,0.000277
TAP_TAPCELL_ROW_81_1422,VGND,li1,134.5500,233.6280,0.000323
TAP_TAPCELL_ROW_81_1421,VGND,li1,108.7900,233.6280,0.000306
TAP_TAPCELL_ROW_81_1420,VGND,li1,83.0300,233.6280,0.000261
TAP_TAPCELL_ROW_81_1419,VGND,li1,57.2700,233.6280,0.000197
TAP_TAPCELL_ROW_81_1418,VGND,li1,31.5100,233.6280,0.000112
TAP_TAPCELL_ROW_80_1417,VGND,li1,379.2700,228.7710,0.000338
TAP_TAPCELL_ROW_80_1416,VGND,li1,353.5100,228.7710,0.000285
TAP_TAPCELL_ROW_80_1415,VGND,li1,327.7500,228.7710,0.000253
TAP_TAPCELL_ROW_80_1414,VGND,li1,301.9900,228.7710,0.000362
TAP_TAPCELL_ROW_80_1413,VGND,li1,276.2300,228.7710,0.000435
TAP_TAPCELL_ROW_80_1412,VGND,li1,250.4700,228.7710,0.000394
TAP_TAPCELL_ROW_80_1411,VGND,li1,224.7100,228.7710,0.000344
TAP_TAPCELL_ROW_80_1410,VGND,li1,198.9500,228.7710,0.000273
TAP_TAPCELL_ROW_80_1409,VGND,li1,173.1900,228.7710,0.000194
TAP_TAPCELL_ROW_80_1408,VGND,li1,147.4300,228.7710,0.000228
TAP_TAPCELL_ROW_80_1407,VGND,li1,121.6700,228.7710,0.000240
TAP_TAPCELL_ROW_80_1406,VGND,li1,95.9100,228.7710,0.000218
TAP_TAPCELL_ROW_80_1405,VGND,li1,70.1500,228.7710,0.000176
TAP_TAPCELL_ROW_80_1404,VGND,li1,44.3900,228.7710,0.000124
TAP_TAPCELL_ROW_80_1403,VGND,li1,18.6300,228.7710,0.000078
TAP_TAPCELL_ROW_79_1402,VGND,li1,392.1500,228.1880,0.000342
TAP_TAPCELL_ROW_79_1401,VGND,li1,366.3900,228.1880,0.000321
TAP_TAPCELL_ROW_79_1400,VGND,li1,340.6300,228.1880,0.000247
TAP_TAPCELL_ROW_79_1399,VGND,li1,314.8700,228.1880,0.000310
TAP_TAPCELL_ROW_79_1398,VGND,li1,289.1100,228.1880,0.000405
TAP_TAPCELL_ROW_79_1397,VGND,li1,263.3500,228.1880,0.000417
TAP_TAPCELL_ROW_79_1396,VGND,li1,237.5900,228.1880,0.000368
TAP_TAPCELL_ROW_79_1395,VGND,li1,211.8300,228.1880,0.000306
TAP_TAPCELL_ROW_79_1394,VGND,li1,186.0700,228.1880,0.000228
TAP_TAPCELL_ROW_79_1393,VGND,li1,160.3100,228.1880,0.000216
TAP_TAPCELL_ROW_79_1392,VGND,li1,134.5500,228.1880,0.000238
TAP_TAPCELL_ROW_79_1391,VGND,li1,108.7900,228.1880,0.000234
TAP_TAPCELL_ROW_79_1390,VGND,li1,83.0300,228.1880,0.000201
TAP_TAPCELL_ROW_79_1389,VGND,li1,57.2700,228.1880,0.000153
TAP_TAPCELL_ROW_79_1388,VGND,li1,31.5100,228.1880,0.000092
TAP_TAPCELL_ROW_78_1387,VGND,li1,379.2700,223.3310,0.000304
TAP_TAPCELL_ROW_78_1386,VGND,li1,353.5100,223.3310,0.000276
TAP_TAPCELL_ROW_78_1385,VGND,li1,327.7500,223.3310,0.000229
TAP_TAPCELL_ROW_78_1384,VGND,li1,301.9900,223.3310,0.000317
TAP_TAPCELL_ROW_78_1383,VGND,li1,276.2300,223.3310,0.000376
TAP_TAPCELL_ROW_78_1382,VGND,li1,250.4700,223.3310,0.000392
TAP_TAPCELL_ROW_78_1381,VGND,li1,224.7100,223.3310,0.000398
TAP_TAPCELL_ROW_78_1380,VGND,li1,198.9500,223.3310,0.000346
TAP_TAPCELL_ROW_78_1379,VGND,li1,173.1900,223.3310,0.000288
TAP_TAPCELL_ROW_78_1378,VGND,li1,147.4300,223.3310,0.000350
TAP_TAPCELL_ROW_78_1377,VGND,li1,121.6700,223.3310,0.000345
TAP_TAPCELL_ROW_78_1376,VGND,li1,95.9100,223.3310,0.000316
TAP_TAPCELL_ROW_78_1375,VGND,li1,70.1500,223.3310,0.000249
TAP_TAPCELL_ROW_78_1374,VGND,li1,44.3900,223.3310,0.000171
TAP_TAPCELL_ROW_78_1373,VGND,li1,18.6300,223.3310,0.000101
TAP_TAPCELL_ROW_77_1372,VGND,li1,392.1500,222.7480,0.000311
TAP_TAPCELL_ROW_77_1371,VGND,li1,366.3900,222.7480,0.000293
TAP_TAPCELL_ROW_77_1370,VGND,li1,340.6300,222.7480,0.000247
TAP_TAPCELL_ROW_77_1369,VGND,li1,314.8700,222.7480,0.000278
TAP_TAPCELL_ROW_77_1368,VGND,li1,289.1100,222.7480,0.000351
TAP_TAPCELL_ROW_77_1367,VGND,li1,263.3500,222.7480,0.000386
TAP_TAPCELL_ROW_77_1366,VGND,li1,237.5900,222.7480,0.000397
TAP_TAPCELL_ROW_77_1365,VGND,li1,211.8300,222.7480,0.000383
TAP_TAPCELL_ROW_77_1364,VGND,li1,186.0700,222.7480,0.000286
TAP_TAPCELL_ROW_77_1363,VGND,li1,160.3100,222.7480,0.000343
TAP_TAPCELL_ROW_77_1362,VGND,li1,134.5500,222.7480,0.000350
TAP_TAPCELL_ROW_77_1361,VGND,li1,108.7900,222.7480,0.000334
TAP_TAPCELL_ROW_77_1360,VGND,li1,83.0300,222.7480,0.000283
TAP_TAPCELL_ROW_77_1359,VGND,li1,57.2700,222.7480,0.000214
TAP_TAPCELL_ROW_77_1358,VGND,li1,31.5100,222.7480,0.000129
TAP_TAPCELL_ROW_76_1357,VGND,li1,379.2700,217.8910,0.000233
TAP_TAPCELL_ROW_76_1356,VGND,li1,353.5100,217.8910,0.000209
TAP_TAPCELL_ROW_76_1355,VGND,li1,327.7500,217.8910,0.000169
TAP_TAPCELL_ROW_76_1354,VGND,li1,301.9900,217.8910,0.000233
TAP_TAPCELL_ROW_76_1353,VGND,li1,276.2300,217.8910,0.000272
TAP_TAPCELL_ROW_76_1352,VGND,li1,250.4700,217.8910,0.000309
TAP_TAPCELL_ROW_76_1351,VGND,li1,224.7100,217.8910,0.000335
TAP_TAPCELL_ROW_76_1350,VGND,li1,198.9500,217.8910,0.000276
TAP_TAPCELL_ROW_76_1349,VGND,li1,173.1900,217.8910,0.000210
TAP_TAPCELL_ROW_76_1348,VGND,li1,147.4300,217.8910,0.000273
TAP_TAPCELL_ROW_76_1347,VGND,li1,121.6700,217.8910,0.000291
TAP_TAPCELL_ROW_76_1346,VGND,li1,95.9100,217.8910,0.000279
TAP_TAPCELL_ROW_76_1345,VGND,li1,70.1500,217.8910,0.000230
TAP_TAPCELL_ROW_76_1344,VGND,li1,44.3900,217.8910,0.000157
TAP_TAPCELL_ROW_76_1343,VGND,li1,18.6300,217.8910,0.000093
TAP_TAPCELL_ROW_75_1342,VGND,li1,392.1500,217.3080,0.000237
TAP_TAPCELL_ROW_75_1341,VGND,li1,366.3900,217.3080,0.000224
TAP_TAPCELL_ROW_75_1340,VGND,li1,340.6300,217.3080,0.000184
TAP_TAPCELL_ROW_75_1339,VGND,li1,314.8700,217.3080,0.000204
TAP_TAPCELL_ROW_75_1338,VGND,li1,289.1100,217.3080,0.000252
TAP_TAPCELL_ROW_75_1337,VGND,li1,263.3500,217.3080,0.000291
TAP_TAPCELL_ROW_75_1336,VGND,li1,237.5900,217.3080,0.000325
TAP_TAPCELL_ROW_75_1335,VGND,li1,211.8300,217.3080,0.000322
TAP_TAPCELL_ROW_75_1334,VGND,li1,186.0700,217.3080,0.000221
TAP_TAPCELL_ROW_75_1333,VGND,li1,160.3100,217.3080,0.000249
TAP_TAPCELL_ROW_75_1332,VGND,li1,134.5500,217.3080,0.000285
TAP_TAPCELL_ROW_75_1331,VGND,li1,108.7900,217.3080,0.000292
TAP_TAPCELL_ROW_75_1330,VGND,li1,83.0300,217.3080,0.000258
TAP_TAPCELL_ROW_75_1329,VGND,li1,57.2700,217.3080,0.000194
TAP_TAPCELL_ROW_75_1328,VGND,li1,31.5100,217.3080,0.000115
TAP_TAPCELL_ROW_74_1327,VGND,li1,379.2700,212.4510,0.000197
TAP_TAPCELL_ROW_74_1326,VGND,li1,353.5100,212.4510,0.000166
TAP_TAPCELL_ROW_74_1325,VGND,li1,327.7500,212.4510,0.000130
TAP_TAPCELL_ROW_74_1324,VGND,li1,301.9900,212.4510,0.000183
TAP_TAPCELL_ROW_74_1323,VGND,li1,276.2300,212.4510,0.000224
TAP_TAPCELL_ROW_74_1322,VGND,li1,250.4700,212.4510,0.000263
TAP_TAPCELL_ROW_74_1321,VGND,li1,224.7100,212.4510,0.000284
TAP_TAPCELL_ROW_74_1320,VGND,li1,198.9500,212.4510,0.000228
TAP_TAPCELL_ROW_74_1319,VGND,li1,173.1900,212.4510,0.000176
TAP_TAPCELL_ROW_74_1318,VGND,li1,147.4300,212.4510,0.000231
TAP_TAPCELL_ROW_74_1317,VGND,li1,121.6700,212.4510,0.000243
TAP_TAPCELL_ROW_74_1316,VGND,li1,95.9100,212.4510,0.000222
TAP_TAPCELL_ROW_74_1315,VGND,li1,70.1500,212.4510,0.000183
TAP_TAPCELL_ROW_74_1314,VGND,li1,44.3900,212.4510,0.000126
TAP_TAPCELL_ROW_74_1313,VGND,li1,18.6300,212.4510,0.000080
TAP_TAPCELL_ROW_73_1312,VGND,li1,392.1500,211.8680,0.000200
TAP_TAPCELL_ROW_73_1311,VGND,li1,366.3900,211.8680,0.000183
TAP_TAPCELL_ROW_73_1310,VGND,li1,340.6300,211.8680,0.000141
TAP_TAPCELL_ROW_73_1309,VGND,li1,314.8700,211.8680,0.000157
TAP_TAPCELL_ROW_73_1308,VGND,li1,289.1100,211.8680,0.000205
TAP_TAPCELL_ROW_73_1307,VGND,li1,263.3500,211.8680,0.000245
TAP_TAPCELL_ROW_73_1306,VGND,li1,237.5900,211.8680,0.000276
TAP_TAPCELL_ROW_73_1305,VGND,li1,211.8300,211.8680,0.000260
TAP_TAPCELL_ROW_73_1304,VGND,li1,186.0700,211.8680,0.000183
TAP_TAPCELL_ROW_73_1303,VGND,li1,160.3100,211.8680,0.000211
TAP_TAPCELL_ROW_73_1302,VGND,li1,134.5500,211.8680,0.000242
TAP_TAPCELL_ROW_73_1301,VGND,li1,108.7900,211.8680,0.000236
TAP_TAPCELL_ROW_73_1300,VGND,li1,83.0300,211.8680,0.000204
TAP_TAPCELL_ROW_73_1299,VGND,li1,57.2700,211.8680,0.000156
TAP_TAPCELL_ROW_73_1298,VGND,li1,31.5100,211.8680,0.000093
TAP_TAPCELL_ROW_72_1297,VGND,li1,379.2700,207.0110,0.000204
TAP_TAPCELL_ROW_72_1296,VGND,li1,353.5100,207.0110,0.000169
TAP_TAPCELL_ROW_72_1295,VGND,li1,327.7500,207.0110,0.000132
TAP_TAPCELL_ROW_72_1294,VGND,li1,301.9900,207.0110,0.000192
TAP_TAPCELL_ROW_72_1293,VGND,li1,276.2300,207.0110,0.000245
TAP_TAPCELL_ROW_72_1292,VGND,li1,250.4700,207.0110,0.000288
TAP_TAPCELL_ROW_72_1291,VGND,li1,224.7100,207.0110,0.000311
TAP_TAPCELL_ROW_72_1290,VGND,li1,198.9500,207.0110,0.000284
TAP_TAPCELL_ROW_72_1289,VGND,li1,173.1900,207.0110,0.000240
TAP_TAPCELL_ROW_72_1288,VGND,li1,147.4300,207.0110,0.000298
TAP_TAPCELL_ROW_72_1287,VGND,li1,121.6700,207.0110,0.000297
TAP_TAPCELL_ROW_72_1286,VGND,li1,95.9100,207.0110,0.000276
TAP_TAPCELL_ROW_72_1285,VGND,li1,70.1500,207.0110,0.000228
TAP_TAPCELL_ROW_72_1284,VGND,li1,44.3900,207.0110,0.000151
TAP_TAPCELL_ROW_72_1283,VGND,li1,18.6300,207.0110,0.000086
TAP_TAPCELL_ROW_71_1282,VGND,li1,392.1500,206.4280,0.000210
TAP_TAPCELL_ROW_71_1281,VGND,li1,366.3900,206.4280,0.000190
TAP_TAPCELL_ROW_71_1280,VGND,li1,340.6300,206.4280,0.000139
TAP_TAPCELL_ROW_71_1279,VGND,li1,314.8700,206.4280,0.000160
TAP_TAPCELL_ROW_71_1278,VGND,li1,289.1100,206.4280,0.000218
TAP_TAPCELL_ROW_71_1277,VGND,li1,263.3500,206.4280,0.000265
TAP_TAPCELL_ROW_71_1276,VGND,li1,237.5900,206.4280,0.000303
TAP_TAPCELL_ROW_71_1275,VGND,li1,211.8300,206.4280,0.000312
TAP_TAPCELL_ROW_71_1274,VGND,li1,186.0700,206.4280,0.000241
TAP_TAPCELL_ROW_71_1273,VGND,li1,160.3100,206.4280,0.000272
TAP_TAPCELL_ROW_71_1272,VGND,li1,134.5500,206.4280,0.000303
TAP_TAPCELL_ROW_71_1271,VGND,li1,108.7900,206.4280,0.000288
TAP_TAPCELL_ROW_71_1270,VGND,li1,83.0300,206.4280,0.000254
TAP_TAPCELL_ROW_71_1269,VGND,li1,57.2700,206.4280,0.000191
TAP_TAPCELL_ROW_71_1268,VGND,li1,31.5100,206.4280,0.000105
TAP_TAPCELL_ROW_70_1267,VGND,li1,379.2700,201.5710,0.000222
TAP_TAPCELL_ROW_70_1266,VGND,li1,353.5100,201.5710,0.000170
TAP_TAPCELL_ROW_70_1265,VGND,li1,327.7500,201.5710,0.000134
TAP_TAPCELL_ROW_70_1264,VGND,li1,301.9900,201.5710,0.000195
TAP_TAPCELL_ROW_70_1263,VGND,li1,276.2300,201.5710,0.000246
TAP_TAPCELL_ROW_70_1262,VGND,li1,250.4700,201.5710,0.000295
TAP_TAPCELL_ROW_70_1261,VGND,li1,224.7100,201.5710,0.000307
TAP_TAPCELL_ROW_70_1260,VGND,li1,198.9500,201.5710,0.000243
TAP_TAPCELL_ROW_70_1259,VGND,li1,173.1900,201.5710,0.000172
TAP_TAPCELL_ROW_70_1258,VGND,li1,147.4300,201.5710,0.000217
TAP_TAPCELL_ROW_70_1257,VGND,li1,121.6700,201.5710,0.000233
TAP_TAPCELL_ROW_70_1256,VGND,li1,95.9100,201.5710,0.000221
TAP_TAPCELL_ROW_70_1255,VGND,li1,70.1500,201.5710,0.000185
TAP_TAPCELL_ROW_70_1254,VGND,li1,44.3900,201.5710,0.000128
TAP_TAPCELL_ROW_70_1253,VGND,li1,18.6300,201.5710,0.000075
TAP_TAPCELL_ROW_69_1252,VGND,li1,392.1500,200.9880,0.000232
TAP_TAPCELL_ROW_69_1251,VGND,li1,366.3900,200.9880,0.000201
TAP_TAPCELL_ROW_69_1250,VGND,li1,340.6300,200.9880,0.000140
TAP_TAPCELL_ROW_69_1249,VGND,li1,314.8700,200.9880,0.000167
TAP_TAPCELL_ROW_69_1248,VGND,li1,289.1100,200.9880,0.000223
TAP_TAPCELL_ROW_69_1247,VGND,li1,263.3500,200.9880,0.000270
TAP_TAPCELL_ROW_69_1246,VGND,li1,237.5900,200.9880,0.000312
TAP_TAPCELL_ROW_69_1245,VGND,li1,211.8300,200.9880,0.000278
TAP_TAPCELL_ROW_69_1244,VGND,li1,186.0700,200.9880,0.000195
TAP_TAPCELL_ROW_69_1243,VGND,li1,160.3100,200.9880,0.000201
TAP_TAPCELL_ROW_69_1242,VGND,li1,134.5500,200.9880,0.000229
TAP_TAPCELL_ROW_69_1241,VGND,li1,108.7900,200.9880,0.000231
TAP_TAPCELL_ROW_69_1240,VGND,li1,83.0300,200.9880,0.000205
TAP_TAPCELL_ROW_69_1239,VGND,li1,57.2700,200.9880,0.000156
TAP_TAPCELL_ROW_69_1238,VGND,li1,31.5100,200.9880,0.000094
TAP_TAPCELL_ROW_68_1237,VGND,li1,379.2700,196.1310,0.000160
TAP_TAPCELL_ROW_68_1236,VGND,li1,353.5100,196.1310,0.000126
TAP_TAPCELL_ROW_68_1235,VGND,li1,327.7500,196.1310,0.000100
TAP_TAPCELL_ROW_68_1234,VGND,li1,301.9900,196.1310,0.000142
TAP_TAPCELL_ROW_68_1233,VGND,li1,276.2300,196.1310,0.000171
TAP_TAPCELL_ROW_68_1232,VGND,li1,250.4700,196.1310,0.000192
TAP_TAPCELL_ROW_68_1231,VGND,li1,224.7100,196.1310,0.000198
TAP_TAPCELL_ROW_68_1230,VGND,li1,198.9500,196.1310,0.000182
TAP_TAPCELL_ROW_68_1229,VGND,li1,173.1900,196.1310,0.000175
TAP_TAPCELL_ROW_68_1228,VGND,li1,147.4300,196.1310,0.000260
TAP_TAPCELL_ROW_68_1227,VGND,li1,121.6700,196.1310,0.000314
TAP_TAPCELL_ROW_68_1226,VGND,li1,95.9100,196.1310,0.000341
TAP_TAPCELL_ROW_68_1225,VGND,li1,70.1500,196.1310,0.000317
TAP_TAPCELL_ROW_68_1224,VGND,li1,44.3900,196.1310,0.000208
TAP_TAPCELL_ROW_68_1223,VGND,li1,18.6300,196.1310,0.000117
TAP_TAPCELL_ROW_67_1222,VGND,li1,392.1500,195.5480,0.000167
TAP_TAPCELL_ROW_67_1221,VGND,li1,366.3900,195.5480,0.000148
TAP_TAPCELL_ROW_67_1220,VGND,li1,340.6300,195.5480,0.000104
TAP_TAPCELL_ROW_67_1219,VGND,li1,314.8700,195.5480,0.000124
TAP_TAPCELL_ROW_67_1218,VGND,li1,289.1100,195.5480,0.000160
TAP_TAPCELL_ROW_67_1217,VGND,li1,263.3500,195.5480,0.000182
TAP_TAPCELL_ROW_67_1216,VGND,li1,237.5900,195.5480,0.000197
TAP_TAPCELL_ROW_67_1215,VGND,li1,211.8300,195.5480,0.000193
TAP_TAPCELL_ROW_67_1214,VGND,li1,186.0700,195.5480,0.000164
TAP_TAPCELL_ROW_67_1213,VGND,li1,160.3100,195.5480,0.000227
TAP_TAPCELL_ROW_67_1212,VGND,li1,134.5500,195.5480,0.000293
TAP_TAPCELL_ROW_67_1211,VGND,li1,108.7900,195.5480,0.000329
TAP_TAPCELL_ROW_67_1210,VGND,li1,83.0300,195.5480,0.000347
TAP_TAPCELL_ROW_67_1209,VGND,li1,57.2700,195.5480,0.000265
TAP_TAPCELL_ROW_67_1208,VGND,li1,31.5100,195.5480,0.000148
TAP_TAPCELL_ROW_66_1207,VGND,li1,379.2700,190.6910,0.000145
TAP_TAPCELL_ROW_66_1206,VGND,li1,353.5100,190.6910,0.000112
TAP_TAPCELL_ROW_66_1205,VGND,li1,327.7500,190.6910,0.000084
TAP_TAPCELL_ROW_66_1204,VGND,li1,301.9900,190.6910,0.000112
TAP_TAPCELL_ROW_66_1203,VGND,li1,276.2300,190.6910,0.000134
TAP_TAPCELL_ROW_66_1202,VGND,li1,250.4700,190.6910,0.000149
TAP_TAPCELL_ROW_66_1201,VGND,li1,224.7100,190.6910,0.000160
TAP_TAPCELL_ROW_66_1200,VGND,li1,198.9500,190.6910,0.000159
TAP_TAPCELL_ROW_66_1199,VGND,li1,173.1900,190.6910,0.000143
TAP_TAPCELL_ROW_66_1198,VGND,li1,147.4300,190.6910,0.000177
TAP_TAPCELL_ROW_66_1197,VGND,li1,121.6700,190.6910,0.000190
TAP_TAPCELL_ROW_66_1196,VGND,li1,95.9100,190.6910,0.000191
TAP_TAPCELL_ROW_66_1195,VGND,li1,70.1500,190.6910,0.000169
TAP_TAPCELL_ROW_66_1194,VGND,li1,44.3900,190.6910,0.000121
TAP_TAPCELL_ROW_66_1193,VGND,li1,18.6300,190.6910,0.000072
TAP_TAPCELL_ROW_65_1192,VGND,li1,392.1500,190.1080,0.000151
TAP_TAPCELL_ROW_65_1191,VGND,li1,366.3900,190.1080,0.000130
TAP_TAPCELL_ROW_65_1190,VGND,li1,340.6300,190.1080,0.000090
TAP_TAPCELL_ROW_65_1189,VGND,li1,314.8700,190.1080,0.000100
TAP_TAPCELL_ROW_65_1188,VGND,li1,289.1100,190.1080,0.000123
TAP_TAPCELL_ROW_65_1187,VGND,li1,263.3500,190.1080,0.000141
TAP_TAPCELL_ROW_65_1186,VGND,li1,237.5900,190.1080,0.000155
TAP_TAPCELL_ROW_65_1185,VGND,li1,211.8300,190.1080,0.000163
TAP_TAPCELL_ROW_65_1184,VGND,li1,186.0700,190.1080,0.000146
TAP_TAPCELL_ROW_65_1183,VGND,li1,160.3100,190.1080,0.000165
TAP_TAPCELL_ROW_65_1182,VGND,li1,134.5500,190.1080,0.000185
TAP_TAPCELL_ROW_65_1181,VGND,li1,108.7900,190.1080,0.000192
TAP_TAPCELL_ROW_65_1180,VGND,li1,83.0300,190.1080,0.000188
TAP_TAPCELL_ROW_65_1179,VGND,li1,57.2700,190.1080,0.000145
TAP_TAPCELL_ROW_65_1178,VGND,li1,31.5100,190.1080,0.000086
TAP_TAPCELL_ROW_64_1177,VGND,li1,379.2700,185.2510,0.000148
TAP_TAPCELL_ROW_64_1176,VGND,li1,353.5100,185.2510,0.000113
TAP_TAPCELL_ROW_64_1175,VGND,li1,327.7500,185.2510,0.000085
TAP_TAPCELL_ROW_64_1174,VGND,li1,301.9900,185.2510,0.000116
TAP_TAPCELL_ROW_64_1173,VGND,li1,276.2300,185.2510,0.000138
TAP_TAPCELL_ROW_64_1172,VGND,li1,250.4700,185.2510,0.000156
TAP_TAPCELL_ROW_64_1171,VGND,li1,224.7100,185.2510,0.000164
TAP_TAPCELL_ROW_64_1170,VGND,li1,198.9500,185.2510,0.000160
TAP_TAPCELL_ROW_64_1169,VGND,li1,173.1900,185.2510,0.000132
TAP_TAPCELL_ROW_64_1168,VGND,li1,147.4300,185.2510,0.000169
TAP_TAPCELL_ROW_64_1167,VGND,li1,121.6700,185.2510,0.000192
TAP_TAPCELL_ROW_64_1166,VGND,li1,95.9100,185.2510,0.000200
TAP_TAPCELL_ROW_64_1165,VGND,li1,70.1500,185.2510,0.000193
TAP_TAPCELL_ROW_64_1164,VGND,li1,44.3900,185.2510,0.000138
TAP_TAPCELL_ROW_64_1163,VGND,li1,18.6300,185.2510,0.000082
TAP_TAPCELL_ROW_63_1162,VGND,li1,392.1500,184.6680,0.000155
TAP_TAPCELL_ROW_63_1161,VGND,li1,366.3900,184.6680,0.000131
TAP_TAPCELL_ROW_63_1160,VGND,li1,340.6300,184.6680,0.000090
TAP_TAPCELL_ROW_63_1159,VGND,li1,314.8700,184.6680,0.000102
TAP_TAPCELL_ROW_63_1158,VGND,li1,289.1100,184.6680,0.000127
TAP_TAPCELL_ROW_63_1157,VGND,li1,263.3500,184.6680,0.000147
TAP_TAPCELL_ROW_63_1156,VGND,li1,237.5900,184.6680,0.000161
TAP_TAPCELL_ROW_63_1155,VGND,li1,211.8300,184.6680,0.000165
TAP_TAPCELL_ROW_63_1154,VGND,li1,186.0700,184.6680,0.000141
TAP_TAPCELL_ROW_63_1153,VGND,li1,160.3100,184.6680,0.000151
TAP_TAPCELL_ROW_63_1152,VGND,li1,134.5500,184.6680,0.000182
TAP_TAPCELL_ROW_63_1151,VGND,li1,108.7900,184.6680,0.000197
TAP_TAPCELL_ROW_63_1150,VGND,li1,83.0300,184.6680,0.000198
TAP_TAPCELL_ROW_63_1149,VGND,li1,57.2700,184.6680,0.000172
TAP_TAPCELL_ROW_63_1148,VGND,li1,31.5100,184.6680,0.000100
TAP_TAPCELL_ROW_62_1147,VGND,li1,379.2700,179.8110,0.000165
TAP_TAPCELL_ROW_62_1146,VGND,li1,353.5100,179.8110,0.000137
TAP_TAPCELL_ROW_62_1145,VGND,li1,327.7500,179.8110,0.000118
TAP_TAPCELL_ROW_62_1144,VGND,li1,301.9900,179.8110,0.000184
TAP_TAPCELL_ROW_62_1143,VGND,li1,276.2300,179.8110,0.000240
TAP_TAPCELL_ROW_62_1142,VGND,li1,250.4700,179.8110,0.000283
TAP_TAPCELL_ROW_62_1141,VGND,li1,224.7100,179.8110,0.000317
TAP_TAPCELL_ROW_62_1140,VGND,li1,198.9500,179.8110,0.000268
TAP_TAPCELL_ROW_62_1139,VGND,li1,173.1900,179.8110,0.000196
TAP_TAPCELL_ROW_62_1138,VGND,li1,147.4300,179.8110,0.000247
TAP_TAPCELL_ROW_62_1137,VGND,li1,121.6700,179.8110,0.000277
TAP_TAPCELL_ROW_62_1136,VGND,li1,95.9100,179.8110,0.000251
TAP_TAPCELL_ROW_62_1135,VGND,li1,70.1500,179.8110,0.000201
TAP_TAPCELL_ROW_62_1134,VGND,li1,44.3900,179.8110,0.000136
TAP_TAPCELL_ROW_62_1133,VGND,li1,18.6300,179.8110,0.000081
TAP_TAPCELL_ROW_61_1132,VGND,li1,392.1500,179.2280,0.000171
TAP_TAPCELL_ROW_61_1131,VGND,li1,366.3900,179.2280,0.000151
TAP_TAPCELL_ROW_61_1130,VGND,li1,340.6300,179.2280,0.000117
TAP_TAPCELL_ROW_61_1129,VGND,li1,314.8700,179.2280,0.000150
TAP_TAPCELL_ROW_61_1128,VGND,li1,289.1100,179.2280,0.000210
TAP_TAPCELL_ROW_61_1127,VGND,li1,263.3500,179.2280,0.000262
TAP_TAPCELL_ROW_61_1126,VGND,li1,237.5900,179.2280,0.000302
TAP_TAPCELL_ROW_61_1125,VGND,li1,211.8300,179.2280,0.000316
TAP_TAPCELL_ROW_61_1124,VGND,li1,186.0700,179.2280,0.000210
TAP_TAPCELL_ROW_61_1123,VGND,li1,160.3100,179.2280,0.000222
TAP_TAPCELL_ROW_61_1122,VGND,li1,134.5500,179.2280,0.000266
TAP_TAPCELL_ROW_61_1121,VGND,li1,108.7900,179.2280,0.000269
TAP_TAPCELL_ROW_61_1120,VGND,li1,83.0300,179.2280,0.000229
TAP_TAPCELL_ROW_61_1119,VGND,li1,57.2700,179.2280,0.000171
TAP_TAPCELL_ROW_61_1118,VGND,li1,31.5100,179.2280,0.000099
TAP_TAPCELL_ROW_60_1117,VGND,li1,379.2700,174.3710,0.000142
TAP_TAPCELL_ROW_60_1116,VGND,li1,353.5100,174.3710,0.000112
TAP_TAPCELL_ROW_60_1115,VGND,li1,327.7500,174.3710,0.000090
TAP_TAPCELL_ROW_60_1114,VGND,li1,301.9900,174.3710,0.000123
TAP_TAPCELL_ROW_60_1113,VGND,li1,276.2300,174.3710,0.000150
TAP_TAPCELL_ROW_60_1112,VGND,li1,250.4700,174.3710,0.000162
TAP_TAPCELL_ROW_60_1111,VGND,li1,224.7100,174.3710,0.000164
TAP_TAPCELL_ROW_60_1110,VGND,li1,198.9500,174.3710,0.000149
TAP_TAPCELL_ROW_60_1109,VGND,li1,173.1900,174.3710,0.000135
TAP_TAPCELL_ROW_60_1108,VGND,li1,147.4300,174.3710,0.000200
TAP_TAPCELL_ROW_60_1107,VGND,li1,121.6700,174.3710,0.000254
TAP_TAPCELL_ROW_60_1106,VGND,li1,95.9100,174.3710,0.000286
TAP_TAPCELL_ROW_60_1105,VGND,li1,70.1500,174.3710,0.000302
TAP_TAPCELL_ROW_60_1104,VGND,li1,44.3900,174.3710,0.000286
TAP_TAPCELL_ROW_60_1103,VGND,li1,18.6300,174.3710,0.000199
TAP_TAPCELL_ROW_59_1102,VGND,li1,392.1500,173.7880,0.000147
TAP_TAPCELL_ROW_59_1101,VGND,li1,366.3900,173.7880,0.000128
TAP_TAPCELL_ROW_59_1100,VGND,li1,340.6300,173.7880,0.000094
TAP_TAPCELL_ROW_59_1099,VGND,li1,314.8700,173.7880,0.000107
TAP_TAPCELL_ROW_59_1098,VGND,li1,289.1100,173.7880,0.000138
TAP_TAPCELL_ROW_59_1097,VGND,li1,263.3500,173.7880,0.000158
TAP_TAPCELL_ROW_59_1096,VGND,li1,237.5900,173.7880,0.000164
TAP_TAPCELL_ROW_59_1095,VGND,li1,211.8300,173.7880,0.000161
TAP_TAPCELL_ROW_59_1094,VGND,li1,186.0700,173.7880,0.000132
TAP_TAPCELL_ROW_59_1093,VGND,li1,160.3100,173.7880,0.000169
TAP_TAPCELL_ROW_59_1092,VGND,li1,134.5500,173.7880,0.000229
TAP_TAPCELL_ROW_59_1091,VGND,li1,108.7900,173.7880,0.000273
TAP_TAPCELL_ROW_59_1090,VGND,li1,83.0300,173.7880,0.000295
TAP_TAPCELL_ROW_59_1089,VGND,li1,57.2700,173.7880,0.000301
TAP_TAPCELL_ROW_59_1088,VGND,li1,31.5100,173.7880,0.000230
TAP_TAPCELL_ROW_58_1087,VGND,li1,379.2700,168.9310,0.000258
TAP_TAPCELL_ROW_58_1086,VGND,li1,353.5100,168.9310,0.000199
TAP_TAPCELL_ROW_58_1085,VGND,li1,327.7500,168.9310,0.000134
TAP_TAPCELL_ROW_58_1084,VGND,li1,301.9900,168.9310,0.000170
TAP_TAPCELL_ROW_58_1083,VGND,li1,276.2300,168.9310,0.000192
TAP_TAPCELL_ROW_58_1082,VGND,li1,250.4700,168.9310,0.000200
TAP_TAPCELL_ROW_58_1081,VGND,li1,224.7100,168.9310,0.000199
TAP_TAPCELL_ROW_58_1080,VGND,li1,198.9500,168.9310,0.000173
TAP_TAPCELL_ROW_58_1079,VGND,li1,173.1900,168.9310,0.000130
TAP_TAPCELL_ROW_58_1078,VGND,li1,147.4300,168.9310,0.000167
TAP_TAPCELL_ROW_58_1077,VGND,li1,121.6700,168.9310,0.000193
TAP_TAPCELL_ROW_58_1076,VGND,li1,95.9100,168.9310,0.000202
TAP_TAPCELL_ROW_58_1075,VGND,li1,70.1500,168.9310,0.000195
TAP_TAPCELL_ROW_58_1074,VGND,li1,44.3900,168.9310,0.000166
TAP_TAPCELL_ROW_58_1073,VGND,li1,18.6300,168.9310,0.000136
TAP_TAPCELL_ROW_57_1072,VGND,li1,392.1500,168.3480,0.000267
TAP_TAPCELL_ROW_57_1071,VGND,li1,366.3900,168.3480,0.000231
TAP_TAPCELL_ROW_57_1070,VGND,li1,340.6300,168.3480,0.000154
TAP_TAPCELL_ROW_57_1069,VGND,li1,314.8700,168.3480,0.000153
TAP_TAPCELL_ROW_57_1068,VGND,li1,289.1100,168.3480,0.000183
TAP_TAPCELL_ROW_57_1067,VGND,li1,263.3500,168.3480,0.000198
TAP_TAPCELL_ROW_57_1066,VGND,li1,237.5900,168.3480,0.000200
TAP_TAPCELL_ROW_57_1065,VGND,li1,211.8300,168.3480,0.000196
TAP_TAPCELL_ROW_57_1064,VGND,li1,186.0700,168.3480,0.000141
TAP_TAPCELL_ROW_57_1063,VGND,li1,160.3100,168.3480,0.000150
TAP_TAPCELL_ROW_57_1062,VGND,li1,134.5500,168.3480,0.000181
TAP_TAPCELL_ROW_57_1061,VGND,li1,108.7900,168.3480,0.000199
TAP_TAPCELL_ROW_57_1060,VGND,li1,83.0300,168.3480,0.000202
TAP_TAPCELL_ROW_57_1059,VGND,li1,57.2700,168.3480,0.000186
TAP_TAPCELL_ROW_57_1058,VGND,li1,31.5100,168.3480,0.000135
TAP_TAPCELL_ROW_56_1057,VGND,li1,379.2700,163.4910,0.000242
TAP_TAPCELL_ROW_56_1056,VGND,li1,353.5100,163.4910,0.000183
TAP_TAPCELL_ROW_56_1055,VGND,li1,327.7500,163.4910,0.000113
TAP_TAPCELL_ROW_56_1054,VGND,li1,301.9900,163.4910,0.000136
TAP_TAPCELL_ROW_56_1053,VGND,li1,276.2300,163.4910,0.000150
TAP_TAPCELL_ROW_56_1052,VGND,li1,250.4700,163.4910,0.000151
TAP_TAPCELL_ROW_56_1051,VGND,li1,224.7100,163.4910,0.000144
TAP_TAPCELL_ROW_56_1050,VGND,li1,198.9500,163.4910,0.000128
TAP_TAPCELL_ROW_56_1049,VGND,li1,173.1900,163.4910,0.000110
TAP_TAPCELL_ROW_56_1048,VGND,li1,147.4300,163.4910,0.000161
TAP_TAPCELL_ROW_56_1047,VGND,li1,121.6700,163.4910,0.000201
TAP_TAPCELL_ROW_56_1046,VGND,li1,95.9100,163.4910,0.000229
TAP_TAPCELL_ROW_56_1045,VGND,li1,70.1500,163.4910,0.000243
TAP_TAPCELL_ROW_56_1044,VGND,li1,44.3900,163.4910,0.000206
TAP_TAPCELL_ROW_56_1043,VGND,li1,18.6300,163.4910,0.000136
TAP_TAPCELL_ROW_55_1042,VGND,li1,392.1500,162.9080,0.000248
TAP_TAPCELL_ROW_55_1041,VGND,li1,366.3900,162.9080,0.000222
TAP_TAPCELL_ROW_55_1040,VGND,li1,340.6300,162.9080,0.000141
TAP_TAPCELL_ROW_55_1039,VGND,li1,314.8700,162.9080,0.000125
TAP_TAPCELL_ROW_55_1038,VGND,li1,289.1100,162.9080,0.000143
TAP_TAPCELL_ROW_55_1037,VGND,li1,263.3500,162.9080,0.000151
TAP_TAPCELL_ROW_55_1036,VGND,li1,237.5900,162.9080,0.000148
TAP_TAPCELL_ROW_55_1035,VGND,li1,211.8300,162.9080,0.000138
TAP_TAPCELL_ROW_55_1034,VGND,li1,186.0700,162.9080,0.000108
TAP_TAPCELL_ROW_55_1033,VGND,li1,160.3100,162.9080,0.000135
TAP_TAPCELL_ROW_55_1032,VGND,li1,134.5500,162.9080,0.000183
TAP_TAPCELL_ROW_55_1031,VGND,li1,108.7900,162.9080,0.000216
TAP_TAPCELL_ROW_55_1030,VGND,li1,83.0300,162.9080,0.000239
TAP_TAPCELL_ROW_55_1029,VGND,li1,57.2700,162.9080,0.000234
TAP_TAPCELL_ROW_55_1028,VGND,li1,31.5100,162.9080,0.000159
TAP_TAPCELL_ROW_54_1027,VGND,li1,379.2700,158.0510,0.000370
TAP_TAPCELL_ROW_54_1026,VGND,li1,353.5100,158.0510,0.000266
TAP_TAPCELL_ROW_54_1025,VGND,li1,327.7500,158.0510,0.000172
TAP_TAPCELL_ROW_54_1024,VGND,li1,301.9900,158.0510,0.000191
TAP_TAPCELL_ROW_54_1023,VGND,li1,276.2300,158.0510,0.000200
TAP_TAPCELL_ROW_54_1022,VGND,li1,250.4700,158.0510,0.000199
TAP_TAPCELL_ROW_54_1021,VGND,li1,224.7100,158.0510,0.000190
TAP_TAPCELL_ROW_54_1020,VGND,li1,198.9500,158.0510,0.000168
TAP_TAPCELL_ROW_54_1019,VGND,li1,173.1900,158.0510,0.000112
TAP_TAPCELL_ROW_54_1018,VGND,li1,147.4300,158.0510,0.000141
TAP_TAPCELL_ROW_54_1017,VGND,li1,121.6700,158.0510,0.000166
TAP_TAPCELL_ROW_54_1016,VGND,li1,95.9100,158.0510,0.000185
TAP_TAPCELL_ROW_54_1015,VGND,li1,70.1500,158.0510,0.000188
TAP_TAPCELL_ROW_54_1014,VGND,li1,44.3900,158.0510,0.000160
TAP_TAPCELL_ROW_54_1013,VGND,li1,18.6300,158.0510,0.000130
TAP_TAPCELL_ROW_53_1012,VGND,li1,392.1500,157.4680,0.000391
TAP_TAPCELL_ROW_53_1011,VGND,li1,366.3900,157.4680,0.000319
TAP_TAPCELL_ROW_53_1010,VGND,li1,340.6300,157.4680,0.000205
TAP_TAPCELL_ROW_53_1009,VGND,li1,314.8700,157.4680,0.000182
TAP_TAPCELL_ROW_53_1008,VGND,li1,289.1100,157.4680,0.000196
TAP_TAPCELL_ROW_53_1007,VGND,li1,263.3500,157.4680,0.000200
TAP_TAPCELL_ROW_53_1006,VGND,li1,237.5900,157.4680,0.000195
TAP_TAPCELL_ROW_53_1005,VGND,li1,211.8300,157.4680,0.000183
TAP_TAPCELL_ROW_53_1004,VGND,li1,186.0700,157.4680,0.000132
TAP_TAPCELL_ROW_53_1003,VGND,li1,160.3100,157.4680,0.000129
TAP_TAPCELL_ROW_53_1002,VGND,li1,134.5500,157.4680,0.000154
TAP_TAPCELL_ROW_53_1001,VGND,li1,108.7900,157.4680,0.000176
TAP_TAPCELL_ROW_53_1000,VGND,li1,83.0300,157.4680,0.000189
TAP_TAPCELL_ROW_53_999,VGND,li1,57.2700,157.4680,0.000180
TAP_TAPCELL_ROW_53_998,VGND,li1,31.5100,157.4680,0.000133
TAP_TAPCELL_ROW_52_997,VGND,li1,379.2700,152.6110,0.000165
TAP_TAPCELL_ROW_52_996,VGND,li1,353.5100,152.6110,0.000131
TAP_TAPCELL_ROW_52_995,VGND,li1,327.7500,152.6110,0.000095
TAP_TAPCELL_ROW_52_994,VGND,li1,301.9900,152.6110,0.000118
TAP_TAPCELL_ROW_52_993,VGND,li1,276.2300,152.6110,0.000131
TAP_TAPCELL_ROW_52_992,VGND,li1,250.4700,152.6110,0.000133
TAP_TAPCELL_ROW_52_991,VGND,li1,224.7100,152.6110,0.000128
TAP_TAPCELL_ROW_52_990,VGND,li1,198.9500,152.6110,0.000114
TAP_TAPCELL_ROW_52_989,VGND,li1,173.1900,152.6110,0.000095
TAP_TAPCELL_ROW_52_988,VGND,li1,147.4300,152.6110,0.000132
TAP_TAPCELL_ROW_52_987,VGND,li1,121.6700,152.6110,0.000156
TAP_TAPCELL_ROW_52_986,VGND,li1,95.9100,152.6110,0.000169
TAP_TAPCELL_ROW_52_985,VGND,li1,70.1500,152.6110,0.000171
TAP_TAPCELL_ROW_52_984,VGND,li1,44.3900,152.6110,0.000155
TAP_TAPCELL_ROW_52_983,VGND,li1,18.6300,152.6110,0.000106
TAP_TAPCELL_ROW_51_982,VGND,li1,392.1500,152.0280,0.000170
TAP_TAPCELL_ROW_51_981,VGND,li1,366.3900,152.0280,0.000152
TAP_TAPCELL_ROW_51_980,VGND,li1,340.6300,152.0280,0.000106
TAP_TAPCELL_ROW_51_979,VGND,li1,314.8700,152.0280,0.000107
TAP_TAPCELL_ROW_51_978,VGND,li1,289.1100,152.0280,0.000125
TAP_TAPCELL_ROW_51_977,VGND,li1,263.3500,152.0280,0.000133
TAP_TAPCELL_ROW_51_976,VGND,li1,237.5900,152.0280,0.000131
TAP_TAPCELL_ROW_51_975,VGND,li1,211.8300,152.0280,0.000123
TAP_TAPCELL_ROW_51_974,VGND,li1,186.0700,152.0280,0.000096
TAP_TAPCELL_ROW_51_973,VGND,li1,160.3100,152.0280,0.000114
TAP_TAPCELL_ROW_51_972,VGND,li1,134.5500,152.0280,0.000147
TAP_TAPCELL_ROW_51_971,VGND,li1,108.7900,152.0280,0.000164
TAP_TAPCELL_ROW_51_970,VGND,li1,83.0300,152.0280,0.000172
TAP_TAPCELL_ROW_51_969,VGND,li1,57.2700,152.0280,0.000164
TAP_TAPCELL_ROW_51_968,VGND,li1,31.5100,152.0280,0.000117
TAP_TAPCELL_ROW_50_967,VGND,li1,379.2700,147.1710,0.000379
TAP_TAPCELL_ROW_50_966,VGND,li1,353.5100,147.1710,0.000315
TAP_TAPCELL_ROW_50_965,VGND,li1,327.7500,147.1710,0.000208
TAP_TAPCELL_ROW_50_964,VGND,li1,301.9900,147.1710,0.000224
TAP_TAPCELL_ROW_50_963,VGND,li1,276.2300,147.1710,0.000220
TAP_TAPCELL_ROW_50_962,VGND,li1,250.4700,147.1710,0.000199
TAP_TAPCELL_ROW_50_961,VGND,li1,224.7100,147.1710,0.000174
TAP_TAPCELL_ROW_50_960,VGND,li1,198.9500,147.1710,0.000138
TAP_TAPCELL_ROW_50_959,VGND,li1,173.1900,147.1710,0.000113
TAP_TAPCELL_ROW_50_958,VGND,li1,147.4300,147.1710,0.000158
TAP_TAPCELL_ROW_50_957,VGND,li1,121.6700,147.1710,0.000193
TAP_TAPCELL_ROW_50_956,VGND,li1,95.9100,147.1710,0.000219
TAP_TAPCELL_ROW_50_955,VGND,li1,70.1500,147.1710,0.000234
TAP_TAPCELL_ROW_50_954,VGND,li1,44.3900,147.1710,0.000195
TAP_TAPCELL_ROW_50_953,VGND,li1,18.6300,147.1710,0.000131
TAP_TAPCELL_ROW_49_952,VGND,li1,392.1500,146.5880,0.000381
TAP_TAPCELL_ROW_49_951,VGND,li1,366.3900,146.5880,0.000348
TAP_TAPCELL_ROW_49_950,VGND,li1,340.6300,146.5880,0.000249
TAP_TAPCELL_ROW_49_949,VGND,li1,314.8700,146.5880,0.000220
TAP_TAPCELL_ROW_49_948,VGND,li1,289.1100,146.5880,0.000223
TAP_TAPCELL_ROW_49_947,VGND,li1,263.3500,146.5880,0.000211
TAP_TAPCELL_ROW_49_946,VGND,li1,237.5900,146.5880,0.000187
TAP_TAPCELL_ROW_49_945,VGND,li1,211.8300,146.5880,0.000156
TAP_TAPCELL_ROW_49_944,VGND,li1,186.0700,146.5880,0.000115
TAP_TAPCELL_ROW_49_943,VGND,li1,160.3100,146.5880,0.000139
TAP_TAPCELL_ROW_49_942,VGND,li1,134.5500,146.5880,0.000174
TAP_TAPCELL_ROW_49_941,VGND,li1,108.7900,146.5880,0.000207
TAP_TAPCELL_ROW_49_940,VGND,li1,83.0300,146.5880,0.000230
TAP_TAPCELL_ROW_49_939,VGND,li1,57.2700,146.5880,0.000225
TAP_TAPCELL_ROW_49_938,VGND,li1,31.5100,146.5880,0.000149
TAP_TAPCELL_ROW_48_937,VGND,li1,379.2700,141.7310,0.000353
TAP_TAPCELL_ROW_48_936,VGND,li1,353.5100,141.7310,0.000313
TAP_TAPCELL_ROW_48_935,VGND,li1,327.7500,141.7310,0.000236
TAP_TAPCELL_ROW_48_934,VGND,li1,301.9900,141.7310,0.000301
TAP_TAPCELL_ROW_48_933,VGND,li1,276.2300,141.7310,0.000341
TAP_TAPCELL_ROW_48_932,VGND,li1,250.4700,141.7310,0.000375
TAP_TAPCELL_ROW_48_931,VGND,li1,224.7100,141.7310,0.000403
TAP_TAPCELL_ROW_48_930,VGND,li1,198.9500,141.7310,0.000374
TAP_TAPCELL_ROW_48_929,VGND,li1,173.1900,141.7310,0.000234
TAP_TAPCELL_ROW_48_928,VGND,li1,147.4300,141.7310,0.000269
TAP_TAPCELL_ROW_48_927,VGND,li1,121.6700,141.7310,0.000302
TAP_TAPCELL_ROW_48_926,VGND,li1,95.9100,141.7310,0.000326
TAP_TAPCELL_ROW_48_925,VGND,li1,70.1500,141.7310,0.000302
TAP_TAPCELL_ROW_48_924,VGND,li1,44.3900,141.7310,0.000213
TAP_TAPCELL_ROW_48_923,VGND,li1,18.6300,141.7310,0.000128
TAP_TAPCELL_ROW_47_922,VGND,li1,392.1500,141.1480,0.000353
TAP_TAPCELL_ROW_47_921,VGND,li1,366.3900,141.1480,0.000345
TAP_TAPCELL_ROW_47_920,VGND,li1,340.6300,141.1480,0.000258
TAP_TAPCELL_ROW_47_919,VGND,li1,314.8700,141.1480,0.000268
TAP_TAPCELL_ROW_47_918,VGND,li1,289.1100,141.1480,0.000322
TAP_TAPCELL_ROW_47_917,VGND,li1,263.3500,141.1480,0.000359
TAP_TAPCELL_ROW_47_916,VGND,li1,237.5900,141.1480,0.000390
TAP_TAPCELL_ROW_47_915,VGND,li1,211.8300,141.1480,0.000417
TAP_TAPCELL_ROW_47_914,VGND,li1,186.0700,141.1480,0.000268
TAP_TAPCELL_ROW_47_913,VGND,li1,160.3100,141.1480,0.000253
TAP_TAPCELL_ROW_47_912,VGND,li1,134.5500,141.1480,0.000286
TAP_TAPCELL_ROW_47_911,VGND,li1,108.7900,141.1480,0.000314
TAP_TAPCELL_ROW_47_910,VGND,li1,83.0300,141.1480,0.000330
TAP_TAPCELL_ROW_47_909,VGND,li1,57.2700,141.1480,0.000261
TAP_TAPCELL_ROW_47_908,VGND,li1,31.5100,141.1480,0.000153
TAP_TAPCELL_ROW_46_907,VGND,li1,379.2700,136.2910,0.000276
TAP_TAPCELL_ROW_46_906,VGND,li1,353.5100,136.2910,0.000260
TAP_TAPCELL_ROW_46_905,VGND,li1,327.7500,136.2910,0.000175
TAP_TAPCELL_ROW_46_904,VGND,li1,301.9900,136.2910,0.000204
TAP_TAPCELL_ROW_46_903,VGND,li1,276.2300,136.2910,0.000208
TAP_TAPCELL_ROW_46_902,VGND,li1,250.4700,136.2910,0.000198
TAP_TAPCELL_ROW_46_901,VGND,li1,224.7100,136.2910,0.000177
TAP_TAPCELL_ROW_46_900,VGND,li1,198.9500,136.2910,0.000146
TAP_TAPCELL_ROW_46_899,VGND,li1,173.1900,136.2910,0.000132
TAP_TAPCELL_ROW_46_898,VGND,li1,147.4300,136.2910,0.000195
TAP_TAPCELL_ROW_46_897,VGND,li1,121.6700,136.2910,0.000247
TAP_TAPCELL_ROW_46_896,VGND,li1,95.9100,136.2910,0.000260
TAP_TAPCELL_ROW_46_895,VGND,li1,70.1500,136.2910,0.000234
TAP_TAPCELL_ROW_46_894,VGND,li1,44.3900,136.2910,0.000160
TAP_TAPCELL_ROW_46_893,VGND,li1,18.6300,136.2910,0.000101
TAP_TAPCELL_ROW_45_892,VGND,li1,392.1500,135.7080,0.000276
TAP_TAPCELL_ROW_45_891,VGND,li1,366.3900,135.7080,0.000272
TAP_TAPCELL_ROW_45_890,VGND,li1,340.6300,135.7080,0.000207
TAP_TAPCELL_ROW_45_889,VGND,li1,314.8700,135.7080,0.000193
TAP_TAPCELL_ROW_45_888,VGND,li1,289.1100,135.7080,0.000208
TAP_TAPCELL_ROW_45_887,VGND,li1,263.3500,135.7080,0.000205
TAP_TAPCELL_ROW_45_886,VGND,li1,237.5900,135.7080,0.000189
TAP_TAPCELL_ROW_45_885,VGND,li1,211.8300,135.7080,0.000163
TAP_TAPCELL_ROW_45_884,VGND,li1,186.0700,135.7080,0.000125
TAP_TAPCELL_ROW_45_883,VGND,li1,160.3100,135.7080,0.000163
TAP_TAPCELL_ROW_45_882,VGND,li1,134.5500,135.7080,0.000221
TAP_TAPCELL_ROW_45_881,VGND,li1,108.7900,135.7080,0.000259
TAP_TAPCELL_ROW_45_880,VGND,li1,83.0300,135.7080,0.000255
TAP_TAPCELL_ROW_45_879,VGND,li1,57.2700,135.7080,0.000203
TAP_TAPCELL_ROW_45_878,VGND,li1,31.5100,135.7080,0.000117
TAP_TAPCELL_ROW_44_877,VGND,li1,379.2700,130.8510,0.000267
TAP_TAPCELL_ROW_44_876,VGND,li1,353.5100,130.8510,0.000239
TAP_TAPCELL_ROW_44_875,VGND,li1,327.7500,130.8510,0.000173
TAP_TAPCELL_ROW_44_874,VGND,li1,301.9900,130.8510,0.000206
TAP_TAPCELL_ROW_44_873,VGND,li1,276.2300,130.8510,0.000225
TAP_TAPCELL_ROW_44_872,VGND,li1,250.4700,130.8510,0.000227
TAP_TAPCELL_ROW_44_871,VGND,li1,224.7100,130.8510,0.000219
TAP_TAPCELL_ROW_44_870,VGND,li1,198.9500,130.8510,0.000205
TAP_TAPCELL_ROW_44_869,VGND,li1,173.1900,130.8510,0.000203
TAP_TAPCELL_ROW_44_868,VGND,li1,147.4300,130.8510,0.000307
TAP_TAPCELL_ROW_44_867,VGND,li1,121.6700,130.8510,0.000381
TAP_TAPCELL_ROW_44_866,VGND,li1,95.9100,130.8510,0.000378
TAP_TAPCELL_ROW_44_865,VGND,li1,70.1500,130.8510,0.000341
TAP_TAPCELL_ROW_44_864,VGND,li1,44.3900,130.8510,0.000244
TAP_TAPCELL_ROW_44_863,VGND,li1,18.6300,130.8510,0.000170
TAP_TAPCELL_ROW_43_862,VGND,li1,392.1500,130.2680,0.000267
TAP_TAPCELL_ROW_43_861,VGND,li1,366.3900,130.2680,0.000260
TAP_TAPCELL_ROW_43_860,VGND,li1,340.6300,130.2680,0.000190
TAP_TAPCELL_ROW_43_859,VGND,li1,314.8700,130.2680,0.000192
TAP_TAPCELL_ROW_43_858,VGND,li1,289.1100,130.2680,0.000217
TAP_TAPCELL_ROW_43_857,VGND,li1,263.3500,130.2680,0.000228
TAP_TAPCELL_ROW_43_856,VGND,li1,237.5900,130.2680,0.000225
TAP_TAPCELL_ROW_43_855,VGND,li1,211.8300,130.2680,0.000213
TAP_TAPCELL_ROW_43_854,VGND,li1,186.0700,130.2680,0.000191
TAP_TAPCELL_ROW_43_853,VGND,li1,160.3100,130.2680,0.000258
TAP_TAPCELL_ROW_43_852,VGND,li1,134.5500,130.2680,0.000354
TAP_TAPCELL_ROW_43_851,VGND,li1,108.7900,130.2680,0.000384
TAP_TAPCELL_ROW_43_850,VGND,li1,83.0300,130.2680,0.000367
TAP_TAPCELL_ROW_43_849,VGND,li1,57.2700,130.2680,0.000295
TAP_TAPCELL_ROW_43_848,VGND,li1,31.5100,130.2680,0.000185
TAP_TAPCELL_ROW_42_847,VGND,li1,379.2700,125.4110,0.000322
TAP_TAPCELL_ROW_42_846,VGND,li1,353.5100,125.4110,0.000291
TAP_TAPCELL_ROW_42_845,VGND,li1,327.7500,125.4110,0.000233
TAP_TAPCELL_ROW_42_844,VGND,li1,301.9900,125.4110,0.000340
TAP_TAPCELL_ROW_42_843,VGND,li1,276.2300,125.4110,0.000410
TAP_TAPCELL_ROW_42_842,VGND,li1,250.4700,125.4110,0.000426
TAP_TAPCELL_ROW_42_841,VGND,li1,224.7100,125.4110,0.000412
TAP_TAPCELL_ROW_42_840,VGND,li1,198.9500,125.4110,0.000355
TAP_TAPCELL_ROW_42_839,VGND,li1,173.1900,125.4110,0.000302
TAP_TAPCELL_ROW_42_838,VGND,li1,147.4300,125.4110,0.000446
TAP_TAPCELL_ROW_42_837,VGND,li1,121.6700,125.4110,0.000516
TAP_TAPCELL_ROW_42_836,VGND,li1,95.9100,125.4110,0.000540
TAP_TAPCELL_ROW_42_835,VGND,li1,70.1500,125.4110,0.000476
TAP_TAPCELL_ROW_42_834,VGND,li1,44.3900,125.4110,0.000335
TAP_TAPCELL_ROW_42_833,VGND,li1,18.6300,125.4110,0.000187
TAP_TAPCELL_ROW_41_832,VGND,li1,392.1500,124.8280,0.000322
TAP_TAPCELL_ROW_41_831,VGND,li1,366.3900,124.8280,0.000312
TAP_TAPCELL_ROW_41_830,VGND,li1,340.6300,124.8280,0.000254
TAP_TAPCELL_ROW_41_829,VGND,li1,314.8700,124.8280,0.000289
TAP_TAPCELL_ROW_41_828,VGND,li1,289.1100,124.8280,0.000378
TAP_TAPCELL_ROW_41_827,VGND,li1,263.3500,124.8280,0.000422
TAP_TAPCELL_ROW_41_826,VGND,li1,237.5900,124.8280,0.000422
TAP_TAPCELL_ROW_41_825,VGND,li1,211.8300,124.8280,0.000393
TAP_TAPCELL_ROW_41_824,VGND,li1,186.0700,124.8280,0.000309
TAP_TAPCELL_ROW_41_823,VGND,li1,160.3100,124.8280,0.000381
TAP_TAPCELL_ROW_41_822,VGND,li1,134.5500,124.8280,0.000481
TAP_TAPCELL_ROW_41_821,VGND,li1,108.7900,124.8280,0.000534
TAP_TAPCELL_ROW_41_820,VGND,li1,83.0300,124.8280,0.000513
TAP_TAPCELL_ROW_41_819,VGND,li1,57.2700,124.8280,0.000420
TAP_TAPCELL_ROW_41_818,VGND,li1,31.5100,124.8280,0.000231
TAP_TAPCELL_ROW_40_817,VGND,li1,379.2700,119.9710,0.000264
TAP_TAPCELL_ROW_40_816,VGND,li1,353.5100,119.9710,0.000230
TAP_TAPCELL_ROW_40_815,VGND,li1,327.7500,119.9710,0.000223
TAP_TAPCELL_ROW_40_814,VGND,li1,301.9900,119.9710,0.000365
TAP_TAPCELL_ROW_40_813,VGND,li1,276.2300,119.9710,0.000461
TAP_TAPCELL_ROW_40_812,VGND,li1,250.4700,119.9710,0.000511
TAP_TAPCELL_ROW_40_811,VGND,li1,224.7100,119.9710,0.000464
TAP_TAPCELL_ROW_40_810,VGND,li1,198.9500,119.9710,0.000369
TAP_TAPCELL_ROW_40_809,VGND,li1,173.1900,119.9710,0.000307
TAP_TAPCELL_ROW_40_808,VGND,li1,147.4300,119.9710,0.000435
TAP_TAPCELL_ROW_40_807,VGND,li1,121.6700,119.9710,0.000524
TAP_TAPCELL_ROW_40_806,VGND,li1,95.9100,119.9710,0.000538
TAP_TAPCELL_ROW_40_805,VGND,li1,70.1500,119.9710,0.000465
TAP_TAPCELL_ROW_40_804,VGND,li1,44.3900,119.9710,0.000323
TAP_TAPCELL_ROW_40_803,VGND,li1,18.6300,119.9710,0.000190
TAP_TAPCELL_ROW_39_802,VGND,li1,392.1500,119.3880,0.000269
TAP_TAPCELL_ROW_39_801,VGND,li1,366.3900,119.3880,0.000250
TAP_TAPCELL_ROW_39_800,VGND,li1,340.6300,119.3880,0.000207
TAP_TAPCELL_ROW_39_799,VGND,li1,314.8700,119.3880,0.000302
TAP_TAPCELL_ROW_39_798,VGND,li1,289.1100,119.3880,0.000415
TAP_TAPCELL_ROW_39_797,VGND,li1,263.3500,119.3880,0.000494
TAP_TAPCELL_ROW_39_796,VGND,li1,237.5900,119.3880,0.000497
TAP_TAPCELL_ROW_39_795,VGND,li1,211.8300,119.3880,0.000422
TAP_TAPCELL_ROW_39_794,VGND,li1,186.0700,119.3880,0.000310
TAP_TAPCELL_ROW_39_793,VGND,li1,160.3100,119.3880,0.000375
TAP_TAPCELL_ROW_39_792,VGND,li1,134.5500,119.3880,0.000482
TAP_TAPCELL_ROW_39_791,VGND,li1,108.7900,119.3880,0.000541
TAP_TAPCELL_ROW_39_790,VGND,li1,83.0300,119.3880,0.000511
TAP_TAPCELL_ROW_39_789,VGND,li1,57.2700,119.3880,0.000401
TAP_TAPCELL_ROW_39_788,VGND,li1,31.5100,119.3880,0.000236
TAP_TAPCELL_ROW_38_787,VGND,li1,379.2700,114.5310,0.000584
TAP_TAPCELL_ROW_38_786,VGND,li1,353.5100,114.5310,0.000479
TAP_TAPCELL_ROW_38_785,VGND,li1,327.7500,114.5310,0.000346
TAP_TAPCELL_ROW_38_784,VGND,li1,301.9900,114.5310,0.000463
TAP_TAPCELL_ROW_38_783,VGND,li1,276.2300,114.5310,0.000548
TAP_TAPCELL_ROW_38_782,VGND,li1,250.4700,114.5310,0.000609
TAP_TAPCELL_ROW_38_781,VGND,li1,224.7100,114.5310,0.000564
TAP_TAPCELL_ROW_38_780,VGND,li1,198.9500,114.5310,0.000463
TAP_TAPCELL_ROW_38_779,VGND,li1,173.1900,114.5310,0.000413
TAP_TAPCELL_ROW_38_778,VGND,li1,147.4300,114.5310,0.000619
TAP_TAPCELL_ROW_38_777,VGND,li1,121.6700,114.5310,0.000746
TAP_TAPCELL_ROW_38_776,VGND,li1,95.9100,114.5310,0.000724
TAP_TAPCELL_ROW_38_775,VGND,li1,70.1500,114.5310,0.000594
TAP_TAPCELL_ROW_38_774,VGND,li1,44.3900,114.5310,0.000415
TAP_TAPCELL_ROW_38_773,VGND,li1,18.6300,114.5310,0.000236
TAP_TAPCELL_ROW_37_772,VGND,li1,392.1500,113.9480,0.000596
TAP_TAPCELL_ROW_37_771,VGND,li1,366.3900,113.9480,0.000537
TAP_TAPCELL_ROW_37_770,VGND,li1,340.6300,113.9480,0.000381
TAP_TAPCELL_ROW_37_769,VGND,li1,314.8700,113.9480,0.000409
TAP_TAPCELL_ROW_37_768,VGND,li1,289.1100,113.9480,0.000508
TAP_TAPCELL_ROW_37_767,VGND,li1,263.3500,113.9480,0.000579
TAP_TAPCELL_ROW_37_766,VGND,li1,237.5900,113.9480,0.000590
TAP_TAPCELL_ROW_37_765,VGND,li1,211.8300,113.9480,0.000516
TAP_TAPCELL_ROW_37_764,VGND,li1,186.0700,113.9480,0.000399
TAP_TAPCELL_ROW_37_763,VGND,li1,160.3100,113.9480,0.000529
TAP_TAPCELL_ROW_37_762,VGND,li1,134.5500,113.9480,0.000694
TAP_TAPCELL_ROW_37_761,VGND,li1,108.7900,113.9480,0.000752
TAP_TAPCELL_ROW_37_760,VGND,li1,83.0300,113.9480,0.000676
TAP_TAPCELL_ROW_37_759,VGND,li1,57.2700,113.9480,0.000512
TAP_TAPCELL_ROW_37_758,VGND,li1,31.5100,113.9480,0.000298
TAP_TAPCELL_ROW_36_757,VGND,li1,379.2700,109.0910,0.000228
TAP_TAPCELL_ROW_36_756,VGND,li1,353.5100,109.0910,0.000202
TAP_TAPCELL_ROW_36_755,VGND,li1,327.7500,109.0910,0.000170
TAP_TAPCELL_ROW_36_754,VGND,li1,301.9900,109.0910,0.000220
TAP_TAPCELL_ROW_36_753,VGND,li1,276.2300,109.0910,0.000236
TAP_TAPCELL_ROW_36_752,VGND,li1,250.4700,109.0910,0.000235
TAP_TAPCELL_ROW_36_751,VGND,li1,224.7100,109.0910,0.000224
TAP_TAPCELL_ROW_36_750,VGND,li1,198.9500,109.0910,0.000199
TAP_TAPCELL_ROW_36_749,VGND,li1,173.1900,109.0910,0.000186
TAP_TAPCELL_ROW_36_748,VGND,li1,147.4300,109.0910,0.000294
TAP_TAPCELL_ROW_36_747,VGND,li1,121.6700,109.0910,0.000366
TAP_TAPCELL_ROW_36_746,VGND,li1,95.9100,109.0910,0.000365
TAP_TAPCELL_ROW_36_745,VGND,li1,70.1500,109.0910,0.000326
TAP_TAPCELL_ROW_36_744,VGND,li1,44.3900,109.0910,0.000248
TAP_TAPCELL_ROW_36_743,VGND,li1,18.6300,109.0910,0.000164
TAP_TAPCELL_ROW_35_742,VGND,li1,392.1500,108.5080,0.000233
TAP_TAPCELL_ROW_35_741,VGND,li1,366.3900,108.5080,0.000217
TAP_TAPCELL_ROW_35_740,VGND,li1,340.6300,108.5080,0.000179
TAP_TAPCELL_ROW_35_739,VGND,li1,314.8700,108.5080,0.000203
TAP_TAPCELL_ROW_35_738,VGND,li1,289.1100,108.5080,0.000231
TAP_TAPCELL_ROW_35_737,VGND,li1,263.3500,108.5080,0.000237
TAP_TAPCELL_ROW_35_736,VGND,li1,237.5900,108.5080,0.000231
TAP_TAPCELL_ROW_35_735,VGND,li1,211.8300,108.5080,0.000214
TAP_TAPCELL_ROW_35_734,VGND,li1,186.0700,108.5080,0.000175
TAP_TAPCELL_ROW_35_733,VGND,li1,160.3100,108.5080,0.000243
TAP_TAPCELL_ROW_35_732,VGND,li1,134.5500,108.5080,0.000334
TAP_TAPCELL_ROW_35_731,VGND,li1,108.7900,108.5080,0.000371
TAP_TAPCELL_ROW_35_730,VGND,li1,83.0300,108.5080,0.000350
TAP_TAPCELL_ROW_35_729,VGND,li1,57.2700,108.5080,0.000294
TAP_TAPCELL_ROW_35_728,VGND,li1,31.5100,108.5080,0.000186
TAP_TAPCELL_ROW_34_727,VGND,li1,379.2700,103.6510,0.000387
TAP_TAPCELL_ROW_34_726,VGND,li1,353.5100,103.6510,0.000310
TAP_TAPCELL_ROW_34_725,VGND,li1,327.7500,103.6510,0.000211
TAP_TAPCELL_ROW_34_724,VGND,li1,301.9900,103.6510,0.000240
TAP_TAPCELL_ROW_34_723,VGND,li1,276.2300,103.6510,0.000239
TAP_TAPCELL_ROW_34_722,VGND,li1,250.4700,103.6510,0.000229
TAP_TAPCELL_ROW_34_721,VGND,li1,224.7100,103.6510,0.000215
TAP_TAPCELL_ROW_34_720,VGND,li1,198.9500,103.6510,0.000192
TAP_TAPCELL_ROW_34_719,VGND,li1,173.1900,103.6510,0.000196
TAP_TAPCELL_ROW_34_718,VGND,li1,147.4300,103.6510,0.000323
TAP_TAPCELL_ROW_34_717,VGND,li1,121.6700,103.6510,0.000415
TAP_TAPCELL_ROW_34_716,VGND,li1,95.9100,103.6510,0.000476
TAP_TAPCELL_ROW_34_715,VGND,li1,70.1500,103.6510,0.000481
TAP_TAPCELL_ROW_34_714,VGND,li1,44.3900,103.6510,0.000354
TAP_TAPCELL_ROW_34_713,VGND,li1,18.6300,103.6510,0.000216
TAP_TAPCELL_ROW_33_712,VGND,li1,392.1500,103.0680,0.000401
TAP_TAPCELL_ROW_33_711,VGND,li1,366.3900,103.0680,0.000360
TAP_TAPCELL_ROW_33_710,VGND,li1,340.6300,103.0680,0.000242
TAP_TAPCELL_ROW_33_709,VGND,li1,314.8700,103.0680,0.000231
TAP_TAPCELL_ROW_33_708,VGND,li1,289.1100,103.0680,0.000241
TAP_TAPCELL_ROW_33_707,VGND,li1,263.3500,103.0680,0.000234
TAP_TAPCELL_ROW_33_706,VGND,li1,237.5900,103.0680,0.000223
TAP_TAPCELL_ROW_33_705,VGND,li1,211.8300,103.0680,0.000206
TAP_TAPCELL_ROW_33_704,VGND,li1,186.0700,103.0680,0.000176
TAP_TAPCELL_ROW_33_703,VGND,li1,160.3100,103.0680,0.000263
TAP_TAPCELL_ROW_33_702,VGND,li1,134.5500,103.0680,0.000370
TAP_TAPCELL_ROW_33_701,VGND,li1,108.7900,103.0680,0.000448
TAP_TAPCELL_ROW_33_700,VGND,li1,83.0300,103.0680,0.000492
TAP_TAPCELL_ROW_33_699,VGND,li1,57.2700,103.0680,0.000422
TAP_TAPCELL_ROW_33_698,VGND,li1,31.5100,103.0680,0.000262
TAP_TAPCELL_ROW_32_697,VGND,li1,379.2700,98.2110,0.000434
TAP_TAPCELL_ROW_32_696,VGND,li1,353.5100,98.2110,0.000328
TAP_TAPCELL_ROW_32_695,VGND,li1,327.7500,98.2110,0.000212
TAP_TAPCELL_ROW_32_694,VGND,li1,301.9900,98.2110,0.000231
TAP_TAPCELL_ROW_32_693,VGND,li1,276.2300,98.2110,0.000227
TAP_TAPCELL_ROW_32_692,VGND,li1,250.4700,98.2110,0.000211
TAP_TAPCELL_ROW_32_691,VGND,li1,224.7100,98.2110,0.000186
TAP_TAPCELL_ROW_32_690,VGND,li1,198.9500,98.2110,0.000153
TAP_TAPCELL_ROW_32_689,VGND,li1,173.1900,98.2110,0.000139
TAP_TAPCELL_ROW_32_688,VGND,li1,147.4300,98.2110,0.000218
TAP_TAPCELL_ROW_32_687,VGND,li1,121.6700,98.2110,0.000260
TAP_TAPCELL_ROW_32_686,VGND,li1,95.9100,98.2110,0.000266
TAP_TAPCELL_ROW_32_685,VGND,li1,70.1500,98.2110,0.000239
TAP_TAPCELL_ROW_32_684,VGND,li1,44.3900,98.2110,0.000175
TAP_TAPCELL_ROW_32_683,VGND,li1,18.6300,98.2110,0.000112
TAP_TAPCELL_ROW_31_682,VGND,li1,392.1500,97.6280,0.000441
TAP_TAPCELL_ROW_31_681,VGND,li1,366.3900,97.6280,0.000390
TAP_TAPCELL_ROW_31_680,VGND,li1,340.6300,97.6280,0.000258
TAP_TAPCELL_ROW_31_679,VGND,li1,314.8700,97.6280,0.000225
TAP_TAPCELL_ROW_31_678,VGND,li1,289.1100,97.6280,0.000231
TAP_TAPCELL_ROW_31_677,VGND,li1,263.3500,97.6280,0.000221
TAP_TAPCELL_ROW_31_676,VGND,li1,237.5900,97.6280,0.000200
TAP_TAPCELL_ROW_31_675,VGND,li1,211.8300,97.6280,0.000170
TAP_TAPCELL_ROW_31_674,VGND,li1,186.0700,97.6280,0.000133
TAP_TAPCELL_ROW_31_673,VGND,li1,160.3100,97.6280,0.000181
TAP_TAPCELL_ROW_31_672,VGND,li1,134.5500,97.6280,0.000243
TAP_TAPCELL_ROW_31_671,VGND,li1,108.7900,97.6280,0.000267
TAP_TAPCELL_ROW_31_670,VGND,li1,83.0300,97.6280,0.000257
TAP_TAPCELL_ROW_31_669,VGND,li1,57.2700,97.6280,0.000212
TAP_TAPCELL_ROW_31_668,VGND,li1,31.5100,97.6280,0.000134
TAP_TAPCELL_ROW_30_667,VGND,li1,379.2700,92.7710,0.000498
TAP_TAPCELL_ROW_30_666,VGND,li1,353.5100,92.7710,0.000394
TAP_TAPCELL_ROW_30_665,VGND,li1,327.7500,92.7710,0.000241
TAP_TAPCELL_ROW_30_664,VGND,li1,301.9900,92.7710,0.000270
TAP_TAPCELL_ROW_30_663,VGND,li1,276.2300,92.7710,0.000260
TAP_TAPCELL_ROW_30_662,VGND,li1,250.4700,92.7710,0.000238
TAP_TAPCELL_ROW_30_661,VGND,li1,224.7100,92.7710,0.000210
TAP_TAPCELL_ROW_30_660,VGND,li1,198.9500,92.7710,0.000172
TAP_TAPCELL_ROW_30_659,VGND,li1,173.1900,92.7710,0.000153
TAP_TAPCELL_ROW_30_658,VGND,li1,147.4300,92.7710,0.000198
TAP_TAPCELL_ROW_30_657,VGND,li1,121.6700,92.7710,0.000206
TAP_TAPCELL_ROW_30_656,VGND,li1,95.9100,92.7710,0.000191
TAP_TAPCELL_ROW_30_655,VGND,li1,70.1500,92.7710,0.000164
TAP_TAPCELL_ROW_30_654,VGND,li1,44.3900,92.7710,0.000117
TAP_TAPCELL_ROW_30_653,VGND,li1,18.6300,92.7710,0.000071
TAP_TAPCELL_ROW_29_652,VGND,li1,392.1500,92.1880,0.000511
TAP_TAPCELL_ROW_29_651,VGND,li1,366.3900,92.1880,0.000461
TAP_TAPCELL_ROW_29_650,VGND,li1,340.6300,92.1880,0.000295
TAP_TAPCELL_ROW_29_649,VGND,li1,314.8700,92.1880,0.000261
TAP_TAPCELL_ROW_29_648,VGND,li1,289.1100,92.1880,0.000269
TAP_TAPCELL_ROW_29_647,VGND,li1,263.3500,92.1880,0.000251
TAP_TAPCELL_ROW_29_646,VGND,li1,237.5900,92.1880,0.000224
TAP_TAPCELL_ROW_29_645,VGND,li1,211.8300,92.1880,0.000191
TAP_TAPCELL_ROW_29_644,VGND,li1,186.0700,92.1880,0.000150
TAP_TAPCELL_ROW_29_643,VGND,li1,160.3100,92.1880,0.000182
TAP_TAPCELL_ROW_29_642,VGND,li1,134.5500,92.1880,0.000206
TAP_TAPCELL_ROW_29_641,VGND,li1,108.7900,92.1880,0.000200
TAP_TAPCELL_ROW_29_640,VGND,li1,83.0300,92.1880,0.000179
TAP_TAPCELL_ROW_29_639,VGND,li1,57.2700,92.1880,0.000142
TAP_TAPCELL_ROW_29_638,VGND,li1,31.5100,92.1880,0.000087
TAP_TAPCELL_ROW_28_637,VGND,li1,379.2700,87.3310,0.000324
TAP_TAPCELL_ROW_28_636,VGND,li1,353.5100,87.3310,0.000271
TAP_TAPCELL_ROW_28_635,VGND,li1,327.7500,87.3310,0.000173
TAP_TAPCELL_ROW_28_634,VGND,li1,301.9900,87.3310,0.000182
TAP_TAPCELL_ROW_28_633,VGND,li1,276.2300,87.3310,0.000178
TAP_TAPCELL_ROW_28_632,VGND,li1,250.4700,87.3310,0.000165
TAP_TAPCELL_ROW_28_631,VGND,li1,224.7100,87.3310,0.000144
TAP_TAPCELL_ROW_28_630,VGND,li1,198.9500,87.3310,0.000112
TAP_TAPCELL_ROW_28_629,VGND,li1,173.1900,87.3310,0.000084
TAP_TAPCELL_ROW_28_628,VGND,li1,147.4300,87.3310,0.000119
TAP_TAPCELL_ROW_28_627,VGND,li1,121.6700,87.3310,0.000140
TAP_TAPCELL_ROW_28_626,VGND,li1,95.9100,87.3310,0.000146
TAP_TAPCELL_ROW_28_625,VGND,li1,70.1500,87.3310,0.000133
TAP_TAPCELL_ROW_28_624,VGND,li1,44.3900,87.3310,0.000101
TAP_TAPCELL_ROW_28_623,VGND,li1,18.6300,87.3310,0.000064
TAP_TAPCELL_ROW_27_622,VGND,li1,392.1500,86.7480,0.000331
TAP_TAPCELL_ROW_27_621,VGND,li1,366.3900,86.7480,0.000307
TAP_TAPCELL_ROW_27_620,VGND,li1,340.6300,86.7480,0.000211
TAP_TAPCELL_ROW_27_619,VGND,li1,314.8700,86.7480,0.000180
TAP_TAPCELL_ROW_27_618,VGND,li1,289.1100,86.7480,0.000182
TAP_TAPCELL_ROW_27_617,VGND,li1,263.3500,86.7480,0.000173
TAP_TAPCELL_ROW_27_616,VGND,li1,237.5900,86.7480,0.000155
TAP_TAPCELL_ROW_27_615,VGND,li1,211.8300,86.7480,0.000131
TAP_TAPCELL_ROW_27_614,VGND,li1,186.0700,86.7480,0.000094
TAP_TAPCELL_ROW_27_613,VGND,li1,160.3100,86.7480,0.000102
TAP_TAPCELL_ROW_27_612,VGND,li1,134.5500,86.7480,0.000130
TAP_TAPCELL_ROW_27_611,VGND,li1,108.7900,86.7480,0.000146
TAP_TAPCELL_ROW_27_610,VGND,li1,83.0300,86.7480,0.000140
TAP_TAPCELL_ROW_27_609,VGND,li1,57.2700,86.7480,0.000122
TAP_TAPCELL_ROW_27_608,VGND,li1,31.5100,86.7480,0.000078
TAP_TAPCELL_ROW_26_607,VGND,li1,379.2700,81.8910,0.000374
TAP_TAPCELL_ROW_26_606,VGND,li1,353.5100,81.8910,0.000297
TAP_TAPCELL_ROW_26_605,VGND,li1,327.7500,81.8910,0.000225
TAP_TAPCELL_ROW_26_604,VGND,li1,301.9900,81.8910,0.000281
TAP_TAPCELL_ROW_26_603,VGND,li1,276.2300,81.8910,0.000311
TAP_TAPCELL_ROW_26_602,VGND,li1,250.4700,81.8910,0.000330
TAP_TAPCELL_ROW_26_601,VGND,li1,224.7100,81.8910,0.000271
TAP_TAPCELL_ROW_26_600,VGND,li1,198.9500,81.8910,0.000190
TAP_TAPCELL_ROW_26_599,VGND,li1,173.1900,81.8910,0.000118
TAP_TAPCELL_ROW_26_598,VGND,li1,147.4300,81.8910,0.000135
TAP_TAPCELL_ROW_26_597,VGND,li1,121.6700,81.8910,0.000137
TAP_TAPCELL_ROW_26_596,VGND,li1,95.9100,81.8910,0.000127
TAP_TAPCELL_ROW_26_595,VGND,li1,70.1500,81.8910,0.000109
TAP_TAPCELL_ROW_26_594,VGND,li1,44.3900,81.8910,0.000080
TAP_TAPCELL_ROW_26_593,VGND,li1,18.6300,81.8910,0.000052
TAP_TAPCELL_ROW_25_592,VGND,li1,392.1500,81.3080,0.000379
TAP_TAPCELL_ROW_25_591,VGND,li1,366.3900,81.3080,0.000347
TAP_TAPCELL_ROW_25_590,VGND,li1,340.6300,81.3080,0.000247
TAP_TAPCELL_ROW_25_589,VGND,li1,314.8700,81.3080,0.000258
TAP_TAPCELL_ROW_25_588,VGND,li1,289.1100,81.3080,0.000299
TAP_TAPCELL_ROW_25_587,VGND,li1,263.3500,81.3080,0.000322
TAP_TAPCELL_ROW_25_586,VGND,li1,237.5900,81.3080,0.000311
TAP_TAPCELL_ROW_25_585,VGND,li1,211.8300,81.3080,0.000231
TAP_TAPCELL_ROW_25_584,VGND,li1,186.0700,81.3080,0.000145
TAP_TAPCELL_ROW_25_583,VGND,li1,160.3100,81.3080,0.000129
TAP_TAPCELL_ROW_25_582,VGND,li1,134.5500,81.3080,0.000138
TAP_TAPCELL_ROW_25_581,VGND,li1,108.7900,81.3080,0.000133
TAP_TAPCELL_ROW_25_580,VGND,li1,83.0300,81.3080,0.000120
TAP_TAPCELL_ROW_25_579,VGND,li1,57.2700,81.3080,0.000096
TAP_TAPCELL_ROW_25_578,VGND,li1,31.5100,81.3080,0.000062
TAP_TAPCELL_ROW_24_577,VGND,li1,379.2700,76.4510,0.000205
TAP_TAPCELL_ROW_24_576,VGND,li1,353.5100,76.4510,0.000170
TAP_TAPCELL_ROW_24_575,VGND,li1,327.7500,76.4510,0.000126
TAP_TAPCELL_ROW_24_574,VGND,li1,301.9900,76.4510,0.000151
TAP_TAPCELL_ROW_24_573,VGND,li1,276.2300,76.4510,0.000157
TAP_TAPCELL_ROW_24_572,VGND,li1,250.4700,76.4510,0.000150
TAP_TAPCELL_ROW_24_571,VGND,li1,224.7100,76.4510,0.000133
TAP_TAPCELL_ROW_24_570,VGND,li1,198.9500,76.4510,0.000111
TAP_TAPCELL_ROW_24_569,VGND,li1,173.1900,76.4510,0.000091
TAP_TAPCELL_ROW_24_568,VGND,li1,147.4300,76.4510,0.000133
TAP_TAPCELL_ROW_24_567,VGND,li1,121.6700,76.4510,0.000157
TAP_TAPCELL_ROW_24_566,VGND,li1,95.9100,76.4510,0.000151
TAP_TAPCELL_ROW_24_565,VGND,li1,70.1500,76.4510,0.000125
TAP_TAPCELL_ROW_24_564,VGND,li1,44.3900,76.4510,0.000088
TAP_TAPCELL_ROW_24_563,VGND,li1,18.6300,76.4510,0.000056
TAP_TAPCELL_ROW_23_562,VGND,li1,392.1500,75.8680,0.000209
TAP_TAPCELL_ROW_23_561,VGND,li1,366.3900,75.8680,0.000193
TAP_TAPCELL_ROW_23_560,VGND,li1,340.6300,75.8680,0.000137
TAP_TAPCELL_ROW_23_559,VGND,li1,314.8700,75.8680,0.000142
TAP_TAPCELL_ROW_23_558,VGND,li1,289.1100,75.8680,0.000156
TAP_TAPCELL_ROW_23_557,VGND,li1,263.3500,75.8680,0.000155
TAP_TAPCELL_ROW_23_556,VGND,li1,237.5900,75.8680,0.000143
TAP_TAPCELL_ROW_23_555,VGND,li1,211.8300,75.8680,0.000123
TAP_TAPCELL_ROW_23_554,VGND,li1,186.0700,75.8680,0.000096
TAP_TAPCELL_ROW_23_553,VGND,li1,160.3100,75.8680,0.000113
TAP_TAPCELL_ROW_23_552,VGND,li1,134.5500,75.8680,0.000147
TAP_TAPCELL_ROW_23_551,VGND,li1,108.7900,75.8680,0.000159
TAP_TAPCELL_ROW_23_550,VGND,li1,83.0300,75.8680,0.000139
TAP_TAPCELL_ROW_23_549,VGND,li1,57.2700,75.8680,0.000108
TAP_TAPCELL_ROW_23_548,VGND,li1,31.5100,75.8680,0.000064
TAP_TAPCELL_ROW_22_547,VGND,li1,379.2700,71.0110,0.000215
TAP_TAPCELL_ROW_22_546,VGND,li1,353.5100,71.0110,0.000184
TAP_TAPCELL_ROW_22_545,VGND,li1,327.7500,71.0110,0.000132
TAP_TAPCELL_ROW_22_544,VGND,li1,301.9900,71.0110,0.000158
TAP_TAPCELL_ROW_22_543,VGND,li1,276.2300,71.0110,0.000167
TAP_TAPCELL_ROW_22_542,VGND,li1,250.4700,71.0110,0.000169
TAP_TAPCELL_ROW_22_541,VGND,li1,224.7100,71.0110,0.000165
TAP_TAPCELL_ROW_22_540,VGND,li1,198.9500,71.0110,0.000149
TAP_TAPCELL_ROW_22_539,VGND,li1,173.1900,71.0110,0.000132
TAP_TAPCELL_ROW_22_538,VGND,li1,147.4300,71.0110,0.000172
TAP_TAPCELL_ROW_22_537,VGND,li1,121.6700,71.0110,0.000181
TAP_TAPCELL_ROW_22_536,VGND,li1,95.9100,71.0110,0.000164
TAP_TAPCELL_ROW_22_535,VGND,li1,70.1500,71.0110,0.000135
TAP_TAPCELL_ROW_22_534,VGND,li1,44.3900,71.0110,0.000095
TAP_TAPCELL_ROW_22_533,VGND,li1,18.6300,71.0110,0.000061
TAP_TAPCELL_ROW_21_532,VGND,li1,392.1500,70.4280,0.000216
TAP_TAPCELL_ROW_21_531,VGND,li1,366.3900,70.4280,0.000205
TAP_TAPCELL_ROW_21_530,VGND,li1,340.6300,70.4280,0.000148
TAP_TAPCELL_ROW_21_529,VGND,li1,314.8700,70.4280,0.000147
TAP_TAPCELL_ROW_21_528,VGND,li1,289.1100,70.4280,0.000164
TAP_TAPCELL_ROW_21_527,VGND,li1,263.3500,70.4280,0.000169
TAP_TAPCELL_ROW_21_526,VGND,li1,237.5900,70.4280,0.000168
TAP_TAPCELL_ROW_21_525,VGND,li1,211.8300,70.4280,0.000157
TAP_TAPCELL_ROW_21_524,VGND,li1,186.0700,70.4280,0.000135
TAP_TAPCELL_ROW_21_523,VGND,li1,160.3100,70.4280,0.000156
TAP_TAPCELL_ROW_21_522,VGND,li1,134.5500,70.4280,0.000181
TAP_TAPCELL_ROW_21_521,VGND,li1,108.7900,70.4280,0.000173
TAP_TAPCELL_ROW_21_520,VGND,li1,83.0300,70.4280,0.000150
TAP_TAPCELL_ROW_21_519,VGND,li1,57.2700,70.4280,0.000117
TAP_TAPCELL_ROW_21_518,VGND,li1,31.5100,70.4280,0.000074
TAP_TAPCELL_ROW_20_517,VGND,li1,379.2700,65.5710,0.000283
TAP_TAPCELL_ROW_20_516,VGND,li1,353.5100,65.5710,0.000228
TAP_TAPCELL_ROW_20_515,VGND,li1,327.7500,65.5710,0.000159
TAP_TAPCELL_ROW_20_514,VGND,li1,301.9900,65.5710,0.000207
TAP_TAPCELL_ROW_20_513,VGND,li1,276.2300,65.5710,0.000232
TAP_TAPCELL_ROW_20_512,VGND,li1,250.4700,65.5710,0.000249
TAP_TAPCELL_ROW_20_511,VGND,li1,224.7100,65.5710,0.000254
TAP_TAPCELL_ROW_20_510,VGND,li1,198.9500,65.5710,0.000240
TAP_TAPCELL_ROW_20_509,VGND,li1,173.1900,65.5710,0.000189
TAP_TAPCELL_ROW_20_508,VGND,li1,147.4300,65.5710,0.000215
TAP_TAPCELL_ROW_20_507,VGND,li1,121.6700,65.5710,0.000210
TAP_TAPCELL_ROW_20_506,VGND,li1,95.9100,65.5710,0.000185
TAP_TAPCELL_ROW_20_505,VGND,li1,70.1500,65.5710,0.000146
TAP_TAPCELL_ROW_20_504,VGND,li1,44.3900,65.5710,0.000101
TAP_TAPCELL_ROW_20_503,VGND,li1,18.6300,65.5710,0.000061
TAP_TAPCELL_ROW_19_502,VGND,li1,392.1500,64.9880,0.000290
TAP_TAPCELL_ROW_19_501,VGND,li1,366.3900,64.9880,0.000260
TAP_TAPCELL_ROW_19_500,VGND,li1,340.6300,64.9880,0.000188
TAP_TAPCELL_ROW_19_499,VGND,li1,314.8700,64.9880,0.000184
TAP_TAPCELL_ROW_19_498,VGND,li1,289.1100,64.9880,0.000222
TAP_TAPCELL_ROW_19_497,VGND,li1,263.3500,64.9880,0.000242
TAP_TAPCELL_ROW_19_496,VGND,li1,237.5900,64.9880,0.000252
TAP_TAPCELL_ROW_19_495,VGND,li1,211.8300,64.9880,0.000252
TAP_TAPCELL_ROW_19_494,VGND,li1,186.0700,64.9880,0.000212
TAP_TAPCELL_ROW_19_493,VGND,li1,160.3100,64.9880,0.000208
TAP_TAPCELL_ROW_19_492,VGND,li1,134.5500,64.9880,0.000215
TAP_TAPCELL_ROW_19_491,VGND,li1,108.7900,64.9880,0.000202
TAP_TAPCELL_ROW_19_490,VGND,li1,83.0300,64.9880,0.000167
TAP_TAPCELL_ROW_19_489,VGND,li1,57.2700,64.9880,0.000125
TAP_TAPCELL_ROW_19_488,VGND,li1,31.5100,64.9880,0.000076
TAP_TAPCELL_ROW_18_487,VGND,li1,379.2700,60.1310,0.000268
TAP_TAPCELL_ROW_18_486,VGND,li1,353.5100,60.1310,0.000210
TAP_TAPCELL_ROW_18_485,VGND,li1,327.7500,60.1310,0.000153
TAP_TAPCELL_ROW_18_484,VGND,li1,301.9900,60.1310,0.000208
TAP_TAPCELL_ROW_18_483,VGND,li1,276.2300,60.1310,0.000245
TAP_TAPCELL_ROW_18_482,VGND,li1,250.4700,60.1310,0.000271
TAP_TAPCELL_ROW_18_481,VGND,li1,224.7100,60.1310,0.000284
TAP_TAPCELL_ROW_18_480,VGND,li1,198.9500,60.1310,0.000261
TAP_TAPCELL_ROW_18_479,VGND,li1,173.1900,60.1310,0.000196
TAP_TAPCELL_ROW_18_478,VGND,li1,147.4300,60.1310,0.000226
TAP_TAPCELL_ROW_18_477,VGND,li1,121.6700,60.1310,0.000220
TAP_TAPCELL_ROW_18_476,VGND,li1,95.9100,60.1310,0.000189
TAP_TAPCELL_ROW_18_475,VGND,li1,70.1500,60.1310,0.000150
TAP_TAPCELL_ROW_18_474,VGND,li1,44.3900,60.1310,0.000102
TAP_TAPCELL_ROW_18_473,VGND,li1,18.6300,60.1310,0.000062
TAP_TAPCELL_ROW_17_472,VGND,li1,392.1500,59.5480,0.000278
TAP_TAPCELL_ROW_17_471,VGND,li1,366.3900,59.5480,0.000244
TAP_TAPCELL_ROW_17_470,VGND,li1,340.6300,59.5480,0.000168
TAP_TAPCELL_ROW_17_469,VGND,li1,314.8700,59.5480,0.000181
TAP_TAPCELL_ROW_17_468,VGND,li1,289.1100,59.5480,0.000228
TAP_TAPCELL_ROW_17_467,VGND,li1,263.3500,59.5480,0.000261
TAP_TAPCELL_ROW_17_466,VGND,li1,237.5900,59.5480,0.000278
TAP_TAPCELL_ROW_17_465,VGND,li1,211.8300,59.5480,0.000283
TAP_TAPCELL_ROW_17_464,VGND,li1,186.0700,59.5480,0.000230
TAP_TAPCELL_ROW_17_463,VGND,li1,160.3100,59.5480,0.000215
TAP_TAPCELL_ROW_17_462,VGND,li1,134.5500,59.5480,0.000227
TAP_TAPCELL_ROW_17_461,VGND,li1,108.7900,59.5480,0.000207
TAP_TAPCELL_ROW_17_460,VGND,li1,83.0300,59.5480,0.000169
TAP_TAPCELL_ROW_17_459,VGND,li1,57.2700,59.5480,0.000126
TAP_TAPCELL_ROW_17_458,VGND,li1,31.5100,59.5480,0.000075
TAP_TAPCELL_ROW_16_457,VGND,li1,379.2700,54.6910,0.000215
TAP_TAPCELL_ROW_16_456,VGND,li1,353.5100,54.6910,0.000163
TAP_TAPCELL_ROW_16_455,VGND,li1,327.7500,54.6910,0.000118
TAP_TAPCELL_ROW_16_454,VGND,li1,301.9900,54.6910,0.000164
TAP_TAPCELL_ROW_16_453,VGND,li1,276.2300,54.6910,0.000199
TAP_TAPCELL_ROW_16_452,VGND,li1,250.4700,54.6910,0.000220
TAP_TAPCELL_ROW_16_451,VGND,li1,224.7100,54.6910,0.000231
TAP_TAPCELL_ROW_16_450,VGND,li1,198.9500,54.6910,0.000201
TAP_TAPCELL_ROW_16_449,VGND,li1,173.1900,54.6910,0.000160
TAP_TAPCELL_ROW_16_448,VGND,li1,147.4300,54.6910,0.000186
TAP_TAPCELL_ROW_16_447,VGND,li1,121.6700,54.6910,0.000183
TAP_TAPCELL_ROW_16_446,VGND,li1,95.9100,54.6910,0.000167
TAP_TAPCELL_ROW_16_445,VGND,li1,70.1500,54.6910,0.000138
TAP_TAPCELL_ROW_16_444,VGND,li1,44.3900,54.6910,0.000098
TAP_TAPCELL_ROW_16_443,VGND,li1,18.6300,54.6910,0.000060
TAP_TAPCELL_ROW_15_442,VGND,li1,392.1500,54.1080,0.000225
TAP_TAPCELL_ROW_15_441,VGND,li1,366.3900,54.1080,0.000191
TAP_TAPCELL_ROW_15_440,VGND,li1,340.6300,54.1080,0.000130
TAP_TAPCELL_ROW_15_439,VGND,li1,314.8700,54.1080,0.000142
TAP_TAPCELL_ROW_15_438,VGND,li1,289.1100,54.1080,0.000183
TAP_TAPCELL_ROW_15_437,VGND,li1,263.3500,54.1080,0.000211
TAP_TAPCELL_ROW_15_436,VGND,li1,237.5900,54.1080,0.000227
TAP_TAPCELL_ROW_15_435,VGND,li1,211.8300,54.1080,0.000225
TAP_TAPCELL_ROW_15_434,VGND,li1,186.0700,54.1080,0.000169
TAP_TAPCELL_ROW_15_433,VGND,li1,160.3100,54.1080,0.000177
TAP_TAPCELL_ROW_15_432,VGND,li1,134.5500,54.1080,0.000185
TAP_TAPCELL_ROW_15_431,VGND,li1,108.7900,54.1080,0.000176
TAP_TAPCELL_ROW_15_430,VGND,li1,83.0300,54.1080,0.000154
TAP_TAPCELL_ROW_15_429,VGND,li1,57.2700,54.1080,0.000120
TAP_TAPCELL_ROW_15_428,VGND,li1,31.5100,54.1080,0.000072
TAP_TAPCELL_ROW_14_427,VGND,li1,379.2700,49.2510,0.000158
TAP_TAPCELL_ROW_14_426,VGND,li1,353.5100,49.2510,0.000130
TAP_TAPCELL_ROW_14_425,VGND,li1,327.7500,49.2510,0.000108
TAP_TAPCELL_ROW_14_424,VGND,li1,301.9900,49.2510,0.000179
TAP_TAPCELL_ROW_14_423,VGND,li1,276.2300,49.2510,0.000239
TAP_TAPCELL_ROW_14_422,VGND,li1,250.4700,49.2510,0.000287
TAP_TAPCELL_ROW_14_421,VGND,li1,224.7100,49.2510,0.000312
TAP_TAPCELL_ROW_14_420,VGND,li1,198.9500,49.2510,0.000277
TAP_TAPCELL_ROW_14_419,VGND,li1,173.1900,49.2510,0.000241
TAP_TAPCELL_ROW_14_418,VGND,li1,147.4300,49.2510,0.000301
TAP_TAPCELL_ROW_14_417,VGND,li1,121.6700,49.2510,0.000311
TAP_TAPCELL_ROW_14_416,VGND,li1,95.9100,49.2510,0.000303
TAP_TAPCELL_ROW_14_415,VGND,li1,70.1500,49.2510,0.000273
TAP_TAPCELL_ROW_14_414,VGND,li1,44.3900,49.2510,0.000210
TAP_TAPCELL_ROW_14_413,VGND,li1,18.6300,49.2510,0.000131
TAP_TAPCELL_ROW_13_412,VGND,li1,392.1500,48.6680,0.000162
TAP_TAPCELL_ROW_13_411,VGND,li1,366.3900,48.6680,0.000146
TAP_TAPCELL_ROW_13_410,VGND,li1,340.6300,48.6680,0.000111
TAP_TAPCELL_ROW_13_409,VGND,li1,314.8700,48.6680,0.000143
TAP_TAPCELL_ROW_13_408,VGND,li1,289.1100,48.6680,0.000207
TAP_TAPCELL_ROW_13_407,VGND,li1,263.3500,48.6680,0.000266
TAP_TAPCELL_ROW_13_406,VGND,li1,237.5900,48.6680,0.000307
TAP_TAPCELL_ROW_13_405,VGND,li1,211.8300,48.6680,0.000298
TAP_TAPCELL_ROW_13_404,VGND,li1,186.0700,48.6680,0.000240
TAP_TAPCELL_ROW_13_403,VGND,li1,160.3100,48.6680,0.000283
TAP_TAPCELL_ROW_13_402,VGND,li1,134.5500,48.6680,0.000310
TAP_TAPCELL_ROW_13_401,VGND,li1,108.7900,48.6680,0.000308
TAP_TAPCELL_ROW_13_400,VGND,li1,83.0300,48.6680,0.000293
TAP_TAPCELL_ROW_13_399,VGND,li1,57.2700,48.6680,0.000250
TAP_TAPCELL_ROW_13_398,VGND,li1,31.5100,48.6680,0.000158
TAP_TAPCELL_ROW_12_397,VGND,li1,379.2700,43.8110,0.000121
TAP_TAPCELL_ROW_12_396,VGND,li1,353.5100,43.8110,0.000099
TAP_TAPCELL_ROW_12_395,VGND,li1,327.7500,43.8110,0.000086
TAP_TAPCELL_ROW_12_394,VGND,li1,301.9900,43.8110,0.000139
TAP_TAPCELL_ROW_12_393,VGND,li1,276.2300,43.8110,0.000183
TAP_TAPCELL_ROW_12_392,VGND,li1,250.4700,43.8110,0.000215
TAP_TAPCELL_ROW_12_391,VGND,li1,224.7100,43.8110,0.000202
TAP_TAPCELL_ROW_12_390,VGND,li1,198.9500,43.8110,0.000161
TAP_TAPCELL_ROW_12_389,VGND,li1,173.1900,43.8110,0.000126
TAP_TAPCELL_ROW_12_388,VGND,li1,147.4300,43.8110,0.000176
TAP_TAPCELL_ROW_12_387,VGND,li1,121.6700,43.8110,0.000196
TAP_TAPCELL_ROW_12_386,VGND,li1,95.9100,43.8110,0.000201
TAP_TAPCELL_ROW_12_385,VGND,li1,70.1500,43.8110,0.000193
TAP_TAPCELL_ROW_12_384,VGND,li1,44.3900,43.8110,0.000147
TAP_TAPCELL_ROW_12_383,VGND,li1,18.6300,43.8110,0.000095
TAP_TAPCELL_ROW_11_382,VGND,li1,392.1500,43.2280,0.000125
TAP_TAPCELL_ROW_11_381,VGND,li1,366.3900,43.2280,0.000111
TAP_TAPCELL_ROW_11_380,VGND,li1,340.6300,43.2280,0.000087
TAP_TAPCELL_ROW_11_379,VGND,li1,314.8700,43.2280,0.000114
TAP_TAPCELL_ROW_11_378,VGND,li1,289.1100,43.2280,0.000164
TAP_TAPCELL_ROW_11_377,VGND,li1,263.3500,43.2280,0.000201
TAP_TAPCELL_ROW_11_376,VGND,li1,237.5900,43.2280,0.000217
TAP_TAPCELL_ROW_11_375,VGND,li1,211.8300,43.2280,0.000182
TAP_TAPCELL_ROW_11_374,VGND,li1,186.0700,43.2280,0.000134
TAP_TAPCELL_ROW_11_373,VGND,li1,160.3100,43.2280,0.000157
TAP_TAPCELL_ROW_11_372,VGND,li1,134.5500,43.2280,0.000189
TAP_TAPCELL_ROW_11_371,VGND,li1,108.7900,43.2280,0.000200
TAP_TAPCELL_ROW_11_370,VGND,li1,83.0300,43.2280,0.000199
TAP_TAPCELL_ROW_11_369,VGND,li1,57.2700,43.2280,0.000181
TAP_TAPCELL_ROW_11_368,VGND,li1,31.5100,43.2280,0.000112
TAP_TAPCELL_ROW_10_367,VGND,li1,379.2700,38.3710,0.000142
TAP_TAPCELL_ROW_10_366,VGND,li1,353.5100,38.3710,0.000114
TAP_TAPCELL_ROW_10_365,VGND,li1,327.7500,38.3710,0.000099
TAP_TAPCELL_ROW_10_364,VGND,li1,301.9900,38.3710,0.000156
TAP_TAPCELL_ROW_10_363,VGND,li1,276.2300,38.3710,0.000208
TAP_TAPCELL_ROW_10_362,VGND,li1,250.4700,38.3710,0.000255
TAP_TAPCELL_ROW_10_361,VGND,li1,224.7100,38.3710,0.000278
TAP_TAPCELL_ROW_10_360,VGND,li1,198.9500,38.3710,0.000245
TAP_TAPCELL_ROW_10_359,VGND,li1,173.1900,38.3710,0.000179
TAP_TAPCELL_ROW_10_358,VGND,li1,147.4300,38.3710,0.000201
TAP_TAPCELL_ROW_10_357,VGND,li1,121.6700,38.3710,0.000197
TAP_TAPCELL_ROW_10_356,VGND,li1,95.9100,38.3710,0.000175
TAP_TAPCELL_ROW_10_355,VGND,li1,70.1500,38.3710,0.000142
TAP_TAPCELL_ROW_10_354,VGND,li1,44.3900,38.3710,0.000102
TAP_TAPCELL_ROW_10_353,VGND,li1,18.6300,38.3710,0.000064
TAP_TAPCELL_ROW_9_352,VGND,li1,392.1500,37.7880,0.000149
TAP_TAPCELL_ROW_9_351,VGND,li1,366.3900,37.7880,0.000127
TAP_TAPCELL_ROW_9_350,VGND,li1,340.6300,37.7880,0.000098
TAP_TAPCELL_ROW_9_349,VGND,li1,314.8700,37.7880,0.000128
TAP_TAPCELL_ROW_9_348,VGND,li1,289.1100,37.7880,0.000182
TAP_TAPCELL_ROW_9_347,VGND,li1,263.3500,37.7880,0.000231
TAP_TAPCELL_ROW_9_346,VGND,li1,237.5900,37.7880,0.000271
TAP_TAPCELL_ROW_9_345,VGND,li1,211.8300,37.7880,0.000266
TAP_TAPCELL_ROW_9_344,VGND,li1,186.0700,37.7880,0.000197
TAP_TAPCELL_ROW_9_343,VGND,li1,160.3100,37.7880,0.000196
TAP_TAPCELL_ROW_9_342,VGND,li1,134.5500,37.7880,0.000202
TAP_TAPCELL_ROW_9_341,VGND,li1,108.7900,37.7880,0.000187
TAP_TAPCELL_ROW_9_340,VGND,li1,83.0300,37.7880,0.000161
TAP_TAPCELL_ROW_9_339,VGND,li1,57.2700,37.7880,0.000124
TAP_TAPCELL_ROW_9_338,VGND,li1,31.5100,37.7880,0.000078
TAP_TAPCELL_ROW_8_337,VGND,li1,379.2700,32.9310,0.000159
TAP_TAPCELL_ROW_8_336,VGND,li1,353.5100,32.9310,0.000120
TAP_TAPCELL_ROW_8_335,VGND,li1,327.7500,32.9310,0.000087
TAP_TAPCELL_ROW_8_334,VGND,li1,301.9900,32.9310,0.000121
TAP_TAPCELL_ROW_8_333,VGND,li1,276.2300,32.9310,0.000146
TAP_TAPCELL_ROW_8_332,VGND,li1,250.4700,32.9310,0.000164
TAP_TAPCELL_ROW_8_331,VGND,li1,224.7100,32.9310,0.000172
TAP_TAPCELL_ROW_8_330,VGND,li1,198.9500,32.9310,0.000157
TAP_TAPCELL_ROW_8_329,VGND,li1,173.1900,32.9310,0.000138
TAP_TAPCELL_ROW_8_328,VGND,li1,147.4300,32.9310,0.000194
TAP_TAPCELL_ROW_8_327,VGND,li1,121.6700,32.9310,0.000200
TAP_TAPCELL_ROW_8_326,VGND,li1,95.9100,32.9310,0.000183
TAP_TAPCELL_ROW_8_325,VGND,li1,70.1500,32.9310,0.000149
TAP_TAPCELL_ROW_8_324,VGND,li1,44.3900,32.9310,0.000104
TAP_TAPCELL_ROW_8_323,VGND,li1,18.6300,32.9310,0.000060
TAP_TAPCELL_ROW_7_322,VGND,li1,392.1500,32.3480,0.000165
TAP_TAPCELL_ROW_7_321,VGND,li1,366.3900,32.3480,0.000142
TAP_TAPCELL_ROW_7_320,VGND,li1,340.6300,32.3480,0.000097
TAP_TAPCELL_ROW_7_319,VGND,li1,314.8700,32.3480,0.000106
TAP_TAPCELL_ROW_7_318,VGND,li1,289.1100,32.3480,0.000135
TAP_TAPCELL_ROW_7_317,VGND,li1,263.3500,32.3480,0.000157
TAP_TAPCELL_ROW_7_316,VGND,li1,237.5900,32.3480,0.000169
TAP_TAPCELL_ROW_7_315,VGND,li1,211.8300,32.3480,0.000167
TAP_TAPCELL_ROW_7_314,VGND,li1,186.0700,32.3480,0.000137
TAP_TAPCELL_ROW_7_313,VGND,li1,160.3100,32.3480,0.000170
TAP_TAPCELL_ROW_7_312,VGND,li1,134.5500,32.3480,0.000202
TAP_TAPCELL_ROW_7_311,VGND,li1,108.7900,32.3480,0.000193
TAP_TAPCELL_ROW_7_310,VGND,li1,83.0300,32.3480,0.000168
TAP_TAPCELL_ROW_7_309,VGND,li1,57.2700,32.3480,0.000127
TAP_TAPCELL_ROW_7_308,VGND,li1,31.5100,32.3480,0.000074
TAP_TAPCELL_ROW_6_307,VGND,li1,379.2700,27.4910,0.000181
TAP_TAPCELL_ROW_6_306,VGND,li1,353.5100,27.4910,0.000144
TAP_TAPCELL_ROW_6_305,VGND,li1,327.7500,27.4910,0.000112
TAP_TAPCELL_ROW_6_304,VGND,li1,301.9900,27.4910,0.000138
TAP_TAPCELL_ROW_6_303,VGND,li1,276.2300,27.4910,0.000154
TAP_TAPCELL_ROW_6_302,VGND,li1,250.4700,27.4910,0.000160
TAP_TAPCELL_ROW_6_301,VGND,li1,224.7100,27.4910,0.000160
TAP_TAPCELL_ROW_6_300,VGND,li1,198.9500,27.4910,0.000145
TAP_TAPCELL_ROW_6_299,VGND,li1,173.1900,27.4910,0.000121
TAP_TAPCELL_ROW_6_298,VGND,li1,147.4300,27.4910,0.000166
TAP_TAPCELL_ROW_6_297,VGND,li1,121.6700,27.4910,0.000170
TAP_TAPCELL_ROW_6_296,VGND,li1,95.9100,27.4910,0.000153
TAP_TAPCELL_ROW_6_295,VGND,li1,70.1500,27.4910,0.000123
TAP_TAPCELL_ROW_6_294,VGND,li1,44.3900,27.4910,0.000085
TAP_TAPCELL_ROW_6_293,VGND,li1,18.6300,27.4910,0.000047
TAP_TAPCELL_ROW_5_292,VGND,li1,392.1500,26.9080,0.000186
TAP_TAPCELL_ROW_5_291,VGND,li1,366.3900,26.9080,0.000165
TAP_TAPCELL_ROW_5_290,VGND,li1,340.6300,26.9080,0.000123
TAP_TAPCELL_ROW_5_289,VGND,li1,314.8700,26.9080,0.000128
TAP_TAPCELL_ROW_5_288,VGND,li1,289.1100,26.9080,0.000147
TAP_TAPCELL_ROW_5_287,VGND,li1,263.3500,26.9080,0.000158
TAP_TAPCELL_ROW_5_286,VGND,li1,237.5900,26.9080,0.000162
TAP_TAPCELL_ROW_5_285,VGND,li1,211.8300,26.9080,0.000156
TAP_TAPCELL_ROW_5_284,VGND,li1,186.0700,26.9080,0.000124
TAP_TAPCELL_ROW_5_283,VGND,li1,160.3100,26.9080,0.000146
TAP_TAPCELL_ROW_5_282,VGND,li1,134.5500,26.9080,0.000172
TAP_TAPCELL_ROW_5_281,VGND,li1,108.7900,26.9080,0.000162
TAP_TAPCELL_ROW_5_280,VGND,li1,83.0300,26.9080,0.000139
TAP_TAPCELL_ROW_5_279,VGND,li1,57.2700,26.9080,0.000106
TAP_TAPCELL_ROW_5_278,VGND,li1,31.5100,26.9080,0.000062
TAP_TAPCELL_ROW_4_277,VGND,li1,379.2700,22.0510,0.000216
TAP_TAPCELL_ROW_4_276,VGND,li1,353.5100,22.0510,0.000160
TAP_TAPCELL_ROW_4_275,VGND,li1,327.7500,22.0510,0.000119
TAP_TAPCELL_ROW_4_274,VGND,li1,301.9900,22.0510,0.000173
TAP_TAPCELL_ROW_4_273,VGND,li1,276.2300,22.0510,0.000212
TAP_TAPCELL_ROW_4_272,VGND,li1,250.4700,22.0510,0.000249
TAP_TAPCELL_ROW_4_271,VGND,li1,224.7100,22.0510,0.000269
TAP_TAPCELL_ROW_4_270,VGND,li1,198.9500,22.0510,0.000251
TAP_TAPCELL_ROW_4_269,VGND,li1,173.1900,22.0510,0.000202
TAP_TAPCELL_ROW_4_268,VGND,li1,147.4300,22.0510,0.000246
TAP_TAPCELL_ROW_4_267,VGND,li1,121.6700,22.0510,0.000240
TAP_TAPCELL_ROW_4_266,VGND,li1,95.9100,22.0510,0.000213
TAP_TAPCELL_ROW_4_265,VGND,li1,70.1500,22.0510,0.000172
TAP_TAPCELL_ROW_4_264,VGND,li1,44.3900,22.0510,0.000116
TAP_TAPCELL_ROW_4_263,VGND,li1,18.6300,22.0510,0.000070
TAP_TAPCELL_ROW_3_262,VGND,li1,392.1500,21.4680,0.000226
TAP_TAPCELL_ROW_3_261,VGND,li1,366.3900,21.4680,0.000192
TAP_TAPCELL_ROW_3_260,VGND,li1,340.6300,21.4680,0.000131
TAP_TAPCELL_ROW_3_259,VGND,li1,314.8700,21.4680,0.000144
TAP_TAPCELL_ROW_3_258,VGND,li1,289.1100,21.4680,0.000194
TAP_TAPCELL_ROW_3_257,VGND,li1,263.3500,21.4680,0.000231
TAP_TAPCELL_ROW_3_256,VGND,li1,237.5900,21.4680,0.000260
TAP_TAPCELL_ROW_3_255,VGND,li1,211.8300,21.4680,0.000273
TAP_TAPCELL_ROW_3_254,VGND,li1,186.0700,21.4680,0.000208
TAP_TAPCELL_ROW_3_253,VGND,li1,160.3100,21.4680,0.000237
TAP_TAPCELL_ROW_3_252,VGND,li1,134.5500,21.4680,0.000247
TAP_TAPCELL_ROW_3_251,VGND,li1,108.7900,21.4680,0.000227
TAP_TAPCELL_ROW_3_250,VGND,li1,83.0300,21.4680,0.000192
TAP_TAPCELL_ROW_3_249,VGND,li1,57.2700,21.4680,0.000145
TAP_TAPCELL_ROW_3_248,VGND,li1,31.5100,21.4680,0.000083
TAP_TAPCELL_ROW_2_247,VGND,li1,379.2700,16.6110,0.000199
TAP_TAPCELL_ROW_2_246,VGND,li1,353.5100,16.6110,0.000166
TAP_TAPCELL_ROW_2_245,VGND,li1,327.7500,16.6110,0.000132
TAP_TAPCELL_ROW_2_244,VGND,li1,301.9900,16.6110,0.000193
TAP_TAPCELL_ROW_2_243,VGND,li1,276.2300,16.6110,0.000240
TAP_TAPCELL_ROW_2_242,VGND,li1,250.4700,16.6110,0.000277
TAP_TAPCELL_ROW_2_241,VGND,li1,224.7100,16.6110,0.000301
TAP_TAPCELL_ROW_2_240,VGND,li1,198.9500,16.6110,0.000285
TAP_TAPCELL_ROW_2_239,VGND,li1,173.1900,16.6110,0.000254
TAP_TAPCELL_ROW_2_238,VGND,li1,147.4300,16.6110,0.000312
TAP_TAPCELL_ROW_2_237,VGND,li1,121.6700,16.6110,0.000310
TAP_TAPCELL_ROW_2_236,VGND,li1,95.9100,16.6110,0.000283
TAP_TAPCELL_ROW_2_235,VGND,li1,70.1500,16.6110,0.000230
TAP_TAPCELL_ROW_2_234,VGND,li1,44.3900,16.6110,0.000152
TAP_TAPCELL_ROW_2_233,VGND,li1,18.6300,16.6110,0.000092
TAP_TAPCELL_ROW_1_232,VGND,li1,392.1500,16.0280,0.000202
TAP_TAPCELL_ROW_1_231,VGND,li1,366.3900,16.0280,0.000186
TAP_TAPCELL_ROW_1_230,VGND,li1,340.6300,16.0280,0.000144
TAP_TAPCELL_ROW_1_229,VGND,li1,314.8700,16.0280,0.000166
TAP_TAPCELL_ROW_1_228,VGND,li1,289.1100,16.0280,0.000219
TAP_TAPCELL_ROW_1_227,VGND,li1,263.3500,16.0280,0.000260
TAP_TAPCELL_ROW_1_226,VGND,li1,237.5900,16.0280,0.000290
TAP_TAPCELL_ROW_1_225,VGND,li1,211.8300,16.0280,0.000303
TAP_TAPCELL_ROW_1_224,VGND,li1,186.0700,16.0280,0.000254
TAP_TAPCELL_ROW_1_223,VGND,li1,160.3100,16.0280,0.000295
TAP_TAPCELL_ROW_1_222,VGND,li1,134.5500,16.0280,0.000315
TAP_TAPCELL_ROW_1_221,VGND,li1,108.7900,16.0280,0.000299
TAP_TAPCELL_ROW_1_220,VGND,li1,83.0300,16.0280,0.000257
TAP_TAPCELL_ROW_1_219,VGND,li1,57.2700,16.0280,0.000195
TAP_TAPCELL_ROW_1_218,VGND,li1,31.5100,16.0280,0.000109
TAP_TAPCELL_ROW_0_217,VGND,li1,392.1500,11.1710,0.000091
TAP_TAPCELL_ROW_0_216,VGND,li1,379.2700,11.1710,0.000087
TAP_TAPCELL_ROW_0_215,VGND,li1,366.3900,11.1710,0.000082
TAP_TAPCELL_ROW_0_214,VGND,li1,353.5100,11.1710,0.000073
TAP_TAPCELL_ROW_0_213,VGND,li1,340.6300,11.1710,0.000062
TAP_TAPCELL_ROW_0_212,VGND,li1,327.7500,11.1710,0.000059
TAP_TAPCELL_ROW_0_211,VGND,li1,314.8700,11.1710,0.000074
TAP_TAPCELL_ROW_0_210,VGND,li1,301.9900,11.1710,0.000087
TAP_TAPCELL_ROW_0_209,VGND,li1,289.1100,11.1710,0.000098
TAP_TAPCELL_ROW_0_208,VGND,li1,276.2300,11.1710,0.000104
TAP_TAPCELL_ROW_0_207,VGND,li1,263.3500,11.1710,0.000107
TAP_TAPCELL_ROW_0_206,VGND,li1,250.4700,11.1710,0.000109
TAP_TAPCELL_ROW_0_205,VGND,li1,237.5900,11.1710,0.000109
TAP_TAPCELL_ROW_0_204,VGND,li1,224.7100,11.1710,0.000107
TAP_TAPCELL_ROW_0_203,VGND,li1,211.8300,11.1710,0.000101
TAP_TAPCELL_ROW_0_202,VGND,li1,198.9500,11.1710,0.000093
TAP_TAPCELL_ROW_0_201,VGND,li1,186.0700,11.1710,0.000081
TAP_TAPCELL_ROW_0_200,VGND,li1,173.1900,11.1710,0.000074
TAP_TAPCELL_ROW_0_199,VGND,li1,160.3100,11.1710,0.000089
TAP_TAPCELL_ROW_0_198,VGND,li1,147.4300,11.1710,0.000098
TAP_TAPCELL_ROW_0_197,VGND,li1,134.5500,11.1710,0.000103
TAP_TAPCELL_ROW_0_196,VGND,li1,121.6700,11.1710,0.000107
TAP_TAPCELL_ROW_0_195,VGND,li1,108.7900,11.1710,0.000108
TAP_TAPCELL_ROW_0_194,VGND,li1,95.9100,11.1710,0.000104
TAP_TAPCELL_ROW_0_193,VGND,li1,83.0300,11.1710,0.000096
TAP_TAPCELL_ROW_0_192,VGND,li1,70.1500,11.1710,0.000086
TAP_TAPCELL_ROW_0_191,VGND,li1,57.2700,11.1710,0.000073
TAP_TAPCELL_ROW_0_190,VGND,li1,44.3900,11.1710,0.000060
TAP_TAPCELL_ROW_0_189,VGND,li1,31.5100,11.1710,0.000044
TAP_TAPCELL_ROW_0_188,VGND,li1,18.6300,11.1710,0.000039
PHY_EDGE_ROW_93_Left_187,VGND,li1,6.2100,266.5600,0.000075
PHY_EDGE_ROW_92_Left_186,VGND,li1,6.2100,261.1200,0.000230
PHY_EDGE_ROW_91_Left_185,VGND,li1,6.2100,261.1200,0.000230
PHY_EDGE_ROW_90_Left_184,VGND,li1,6.2100,255.6800,0.000161
PHY_EDGE_ROW_89_Left_183,VGND,li1,6.2100,255.6800,0.000161
PHY_EDGE_ROW_88_Left_182,VGND,li1,6.2100,250.2400,0.000176
PHY_EDGE_ROW_87_Left_181,VGND,li1,6.2100,250.2400,0.000176
PHY_EDGE_ROW_86_Left_180,VGND,li1,6.2100,244.8000,0.000167
PHY_EDGE_ROW_85_Left_179,VGND,li1,6.2100,244.8000,0.000167
PHY_EDGE_ROW_84_Left_178,VGND,li1,6.2100,239.3600,0.000117
PHY_EDGE_ROW_83_Left_177,VGND,li1,6.2100,239.3600,0.000117
PHY_EDGE_ROW_82_Left_176,VGND,li1,6.2100,233.9200,0.000092
PHY_EDGE_ROW_81_Left_175,VGND,li1,6.2100,233.9200,0.000092
PHY_EDGE_ROW_80_Left_174,VGND,li1,6.2100,228.4800,0.000080
PHY_EDGE_ROW_79_Left_173,VGND,li1,6.2100,228.4800,0.000080
PHY_EDGE_ROW_78_Left_172,VGND,li1,6.2100,223.0400,0.000102
PHY_EDGE_ROW_77_Left_171,VGND,li1,6.2100,223.0400,0.000102
PHY_EDGE_ROW_76_Left_170,VGND,li1,6.2100,217.6000,0.000095
PHY_EDGE_ROW_75_Left_169,VGND,li1,6.2100,217.6000,0.000095
PHY_EDGE_ROW_74_Left_168,VGND,li1,6.2100,212.1600,0.000082
PHY_EDGE_ROW_73_Left_167,VGND,li1,6.2100,212.1600,0.000082
PHY_EDGE_ROW_72_Left_166,VGND,li1,6.2100,206.7200,0.000087
PHY_EDGE_ROW_71_Left_165,VGND,li1,6.2100,206.7200,0.000087
PHY_EDGE_ROW_70_Left_164,VGND,li1,6.2100,201.2800,0.000076
PHY_EDGE_ROW_69_Left_163,VGND,li1,6.2100,201.2800,0.000076
PHY_EDGE_ROW_68_Left_162,VGND,li1,6.2100,195.8400,0.000118
PHY_EDGE_ROW_67_Left_161,VGND,li1,6.2100,195.8400,0.000118
PHY_EDGE_ROW_66_Left_160,VGND,li1,6.2100,190.4000,0.000073
PHY_EDGE_ROW_65_Left_159,VGND,li1,6.2100,190.4000,0.000073
PHY_EDGE_ROW_64_Left_158,VGND,li1,6.2100,184.9600,0.000083
PHY_EDGE_ROW_63_Left_157,VGND,li1,6.2100,184.9600,0.000083
PHY_EDGE_ROW_62_Left_156,VGND,li1,6.2100,179.5200,0.000082
PHY_EDGE_ROW_61_Left_155,VGND,li1,6.2100,179.5200,0.000082
PHY_EDGE_ROW_60_Left_154,VGND,li1,6.2100,174.0800,0.000203
PHY_EDGE_ROW_59_Left_153,VGND,li1,6.2100,174.0800,0.000203
PHY_EDGE_ROW_58_Left_152,VGND,li1,6.2100,168.6400,0.000141
PHY_EDGE_ROW_57_Left_151,VGND,li1,6.2100,168.6400,0.000141
PHY_EDGE_ROW_56_Left_150,VGND,li1,6.2100,163.2000,0.000138
PHY_EDGE_ROW_55_Left_149,VGND,li1,6.2100,163.2000,0.000138
PHY_EDGE_ROW_54_Left_148,VGND,li1,6.2100,157.7600,0.000133
PHY_EDGE_ROW_53_Left_147,VGND,li1,6.2100,157.7600,0.000133
PHY_EDGE_ROW_52_Left_146,VGND,li1,6.2100,152.3200,0.000108
PHY_EDGE_ROW_51_Left_145,VGND,li1,6.2100,152.3200,0.000108
PHY_EDGE_ROW_50_Left_144,VGND,li1,6.2100,146.8800,0.000133
PHY_EDGE_ROW_49_Left_143,VGND,li1,6.2100,146.8800,0.000133
PHY_EDGE_ROW_48_Left_142,VGND,li1,6.2100,141.4400,0.000132
PHY_EDGE_ROW_47_Left_141,VGND,li1,6.2100,141.4400,0.000132
PHY_EDGE_ROW_46_Left_140,VGND,li1,6.2100,136.0000,0.000103
PHY_EDGE_ROW_45_Left_139,VGND,li1,6.2100,136.0000,0.000103
PHY_EDGE_ROW_44_Left_138,VGND,li1,6.2100,130.5600,0.000175
PHY_EDGE_ROW_43_Left_137,VGND,li1,6.2100,130.5600,0.000175
PHY_EDGE_ROW_42_Left_136,VGND,li1,6.2100,125.1200,0.000187
PHY_EDGE_ROW_41_Left_135,VGND,li1,6.2100,125.1200,0.000187
PHY_EDGE_ROW_40_Left_134,VGND,li1,6.2100,119.6800,0.000191
PHY_EDGE_ROW_39_Left_133,VGND,li1,6.2100,119.6800,0.000191
PHY_EDGE_ROW_38_Left_132,VGND,li1,6.2100,114.2400,0.000237
PHY_EDGE_ROW_37_Left_131,VGND,li1,6.2100,114.2400,0.000237
PHY_EDGE_ROW_36_Left_130,VGND,li1,6.2100,108.8000,0.000165
PHY_EDGE_ROW_35_Left_129,VGND,li1,6.2100,108.8000,0.000165
PHY_EDGE_ROW_34_Left_128,VGND,li1,6.2100,103.3600,0.000219
PHY_EDGE_ROW_33_Left_127,VGND,li1,6.2100,103.3600,0.000219
PHY_EDGE_ROW_32_Left_126,VGND,li1,6.2100,97.9200,0.000114
PHY_EDGE_ROW_31_Left_125,VGND,li1,6.2100,97.9200,0.000114
PHY_EDGE_ROW_30_Left_124,VGND,li1,6.2100,92.4800,0.000073
PHY_EDGE_ROW_29_Left_123,VGND,li1,6.2100,92.4800,0.000073
PHY_EDGE_ROW_28_Left_122,VGND,li1,6.2100,87.0400,0.000065
PHY_EDGE_ROW_27_Left_121,VGND,li1,6.2100,87.0400,0.000065
PHY_EDGE_ROW_26_Left_120,VGND,li1,6.2100,81.6000,0.000053
PHY_EDGE_ROW_25_Left_119,VGND,li1,6.2100,81.6000,0.000053
PHY_EDGE_ROW_24_Left_118,VGND,li1,6.2100,76.1600,0.000058
PHY_EDGE_ROW_23_Left_117,VGND,li1,6.2100,76.1600,0.000058
PHY_EDGE_ROW_22_Left_116,VGND,li1,6.2100,70.7200,0.000062
PHY_EDGE_ROW_21_Left_115,VGND,li1,6.2100,70.7200,0.000062
PHY_EDGE_ROW_20_Left_114,VGND,li1,6.2100,65.2800,0.000064
PHY_EDGE_ROW_19_Left_113,VGND,li1,6.2100,65.2800,0.000064
PHY_EDGE_ROW_18_Left_112,VGND,li1,6.2100,59.8400,0.000063
PHY_EDGE_ROW_17_Left_111,VGND,li1,6.2100,59.8400,0.000063
PHY_EDGE_ROW_16_Left_110,VGND,li1,6.2100,54.4000,0.000061
PHY_EDGE_ROW_15_Left_109,VGND,li1,6.2100,54.4000,0.000061
PHY_EDGE_ROW_14_Left_108,VGND,li1,6.2100,48.9600,0.000135
PHY_EDGE_ROW_13_Left_107,VGND,li1,6.2100,48.9600,0.000135
PHY_EDGE_ROW_12_Left_106,VGND,li1,6.2100,43.5200,0.000098
PHY_EDGE_ROW_11_Left_105,VGND,li1,6.2100,43.5200,0.000098
PHY_EDGE_ROW_10_Left_104,VGND,li1,6.2100,38.0800,0.000065
PHY_EDGE_ROW_9_Left_103,VGND,li1,6.2100,38.0800,0.000065
PHY_EDGE_ROW_8_Left_102,VGND,li1,6.2100,32.6400,0.000061
PHY_EDGE_ROW_7_Left_101,VGND,li1,6.2100,32.6400,0.000061
PHY_EDGE_ROW_6_Left_100,VGND,li1,6.2100,27.2000,0.000048
PHY_EDGE_ROW_5_Left_99,VGND,li1,6.2100,27.2000,0.000048
PHY_EDGE_ROW_4_Left_98,VGND,li1,6.2100,21.7600,0.000070
PHY_EDGE_ROW_3_Left_97,VGND,li1,6.2100,21.7600,0.000070
PHY_EDGE_ROW_2_Left_96,VGND,li1,6.2100,16.3200,0.000093
PHY_EDGE_ROW_1_Left_95,VGND,li1,6.2100,16.3200,0.000093
PHY_EDGE_ROW_0_Left_94,VGND,li1,6.2100,10.8800,0.000039
PHY_EDGE_ROW_93_Right_93,VGND,li1,393.5300,266.5600,0.000033
PHY_EDGE_ROW_92_Right_92,VGND,li1,393.5300,261.1200,0.000296
PHY_EDGE_ROW_91_Right_91,VGND,li1,393.5300,261.1200,0.000296
PHY_EDGE_ROW_90_Right_90,VGND,li1,393.5300,255.6800,0.000365
PHY_EDGE_ROW_89_Right_89,VGND,li1,393.5300,255.6800,0.000365
PHY_EDGE_ROW_88_Right_88,VGND,li1,393.5300,250.2400,0.000381
PHY_EDGE_ROW_87_Right_87,VGND,li1,393.5300,250.2400,0.000381
PHY_EDGE_ROW_86_Right_86,VGND,li1,393.5300,244.8000,0.000379
PHY_EDGE_ROW_85_Right_85,VGND,li1,393.5300,244.8000,0.000379
PHY_EDGE_ROW_84_Right_84,VGND,li1,393.5300,239.3600,0.000544
PHY_EDGE_ROW_83_Right_83,VGND,li1,393.5300,239.3600,0.000544
PHY_EDGE_ROW_82_Right_82,VGND,li1,393.5300,233.9200,0.000400
PHY_EDGE_ROW_81_Right_81,VGND,li1,393.5300,233.9200,0.000400
PHY_EDGE_ROW_80_Right_80,VGND,li1,393.5300,228.4800,0.000342
PHY_EDGE_ROW_79_Right_79,VGND,li1,393.5300,228.4800,0.000342
PHY_EDGE_ROW_78_Right_78,VGND,li1,393.5300,223.0400,0.000311
PHY_EDGE_ROW_77_Right_77,VGND,li1,393.5300,223.0400,0.000311
PHY_EDGE_ROW_76_Right_76,VGND,li1,393.5300,217.6000,0.000237
PHY_EDGE_ROW_75_Right_75,VGND,li1,393.5300,217.6000,0.000237
PHY_EDGE_ROW_74_Right_74,VGND,li1,393.5300,212.1600,0.000200
PHY_EDGE_ROW_73_Right_73,VGND,li1,393.5300,212.1600,0.000200
PHY_EDGE_ROW_72_Right_72,VGND,li1,393.5300,206.7200,0.000210
PHY_EDGE_ROW_71_Right_71,VGND,li1,393.5300,206.7200,0.000210
PHY_EDGE_ROW_70_Right_70,VGND,li1,393.5300,201.2800,0.000232
PHY_EDGE_ROW_69_Right_69,VGND,li1,393.5300,201.2800,0.000232
PHY_EDGE_ROW_68_Right_68,VGND,li1,393.5300,195.8400,0.000167
PHY_EDGE_ROW_67_Right_67,VGND,li1,393.5300,195.8400,0.000167
PHY_EDGE_ROW_66_Right_66,VGND,li1,393.5300,190.4000,0.000151
PHY_EDGE_ROW_65_Right_65,VGND,li1,393.5300,190.4000,0.000151
PHY_EDGE_ROW_64_Right_64,VGND,li1,393.5300,184.9600,0.000155
PHY_EDGE_ROW_63_Right_63,VGND,li1,393.5300,184.9600,0.000155
PHY_EDGE_ROW_62_Right_62,VGND,li1,393.5300,179.5200,0.000171
PHY_EDGE_ROW_61_Right_61,VGND,li1,393.5300,179.5200,0.000171
PHY_EDGE_ROW_60_Right_60,VGND,li1,393.5300,174.0800,0.000147
PHY_EDGE_ROW_59_Right_59,VGND,li1,393.5300,174.0800,0.000147
PHY_EDGE_ROW_58_Right_58,VGND,li1,393.5300,168.6400,0.000267
PHY_EDGE_ROW_57_Right_57,VGND,li1,393.5300,168.6400,0.000267
PHY_EDGE_ROW_56_Right_56,VGND,li1,393.5300,163.2000,0.000248
PHY_EDGE_ROW_55_Right_55,VGND,li1,393.5300,163.2000,0.000248
PHY_EDGE_ROW_54_Right_54,VGND,li1,393.5300,157.7600,0.000391
PHY_EDGE_ROW_53_Right_53,VGND,li1,393.5300,157.7600,0.000391
PHY_EDGE_ROW_52_Right_52,VGND,li1,393.5300,152.3200,0.000170
PHY_EDGE_ROW_51_Right_51,VGND,li1,393.5300,152.3200,0.000170
PHY_EDGE_ROW_50_Right_50,VGND,li1,393.5300,146.8800,0.000381
PHY_EDGE_ROW_49_Right_49,VGND,li1,393.5300,146.8800,0.000381
PHY_EDGE_ROW_48_Right_48,VGND,li1,393.5300,141.4400,0.000353
PHY_EDGE_ROW_47_Right_47,VGND,li1,393.5300,141.4400,0.000353
PHY_EDGE_ROW_46_Right_46,VGND,li1,393.5300,136.0000,0.000276
PHY_EDGE_ROW_45_Right_45,VGND,li1,393.5300,136.0000,0.000276
PHY_EDGE_ROW_44_Right_44,VGND,li1,393.5300,130.5600,0.000267
PHY_EDGE_ROW_43_Right_43,VGND,li1,393.5300,130.5600,0.000267
PHY_EDGE_ROW_42_Right_42,VGND,li1,393.5300,125.1200,0.000322
PHY_EDGE_ROW_41_Right_41,VGND,li1,393.5300,125.1200,0.000322
PHY_EDGE_ROW_40_Right_40,VGND,li1,393.5300,119.6800,0.000269
PHY_EDGE_ROW_39_Right_39,VGND,li1,393.5300,119.6800,0.000269
PHY_EDGE_ROW_38_Right_38,VGND,li1,393.5300,114.2400,0.000596
PHY_EDGE_ROW_37_Right_37,VGND,li1,393.5300,114.2400,0.000596
PHY_EDGE_ROW_36_Right_36,VGND,li1,393.5300,108.8000,0.000233
PHY_EDGE_ROW_35_Right_35,VGND,li1,393.5300,108.8000,0.000233
PHY_EDGE_ROW_34_Right_34,VGND,li1,393.5300,103.3600,0.000401
PHY_EDGE_ROW_33_Right_33,VGND,li1,393.5300,103.3600,0.000401
PHY_EDGE_ROW_32_Right_32,VGND,li1,393.5300,97.9200,0.000441
PHY_EDGE_ROW_31_Right_31,VGND,li1,393.5300,97.9200,0.000441
PHY_EDGE_ROW_30_Right_30,VGND,li1,393.5300,92.4800,0.000511
PHY_EDGE_ROW_29_Right_29,VGND,li1,393.5300,92.4800,0.000511
PHY_EDGE_ROW_28_Right_28,VGND,li1,393.5300,87.0400,0.000331
PHY_EDGE_ROW_27_Right_27,VGND,li1,393.5300,87.0400,0.000331
PHY_EDGE_ROW_26_Right_26,VGND,li1,393.5300,81.6000,0.000379
PHY_EDGE_ROW_25_Right_25,VGND,li1,393.5300,81.6000,0.000379
PHY_EDGE_ROW_24_Right_24,VGND,li1,393.5300,76.1600,0.000209
PHY_EDGE_ROW_23_Right_23,VGND,li1,393.5300,76.1600,0.000209
PHY_EDGE_ROW_22_Right_22,VGND,li1,393.5300,70.7200,0.000216
PHY_EDGE_ROW_21_Right_21,VGND,li1,393.5300,70.7200,0.000216
PHY_EDGE_ROW_20_Right_20,VGND,li1,393.5300,65.2800,0.000290
PHY_EDGE_ROW_19_Right_19,VGND,li1,393.5300,65.2800,0.000290
PHY_EDGE_ROW_18_Right_18,VGND,li1,393.5300,59.8400,0.000278
PHY_EDGE_ROW_17_Right_17,VGND,li1,393.5300,59.8400,0.000278
PHY_EDGE_ROW_16_Right_16,VGND,li1,393.5300,54.4000,0.000225
PHY_EDGE_ROW_15_Right_15,VGND,li1,393.5300,54.4000,0.000225
PHY_EDGE_ROW_14_Right_14,VGND,li1,393.5300,48.9600,0.000162
PHY_EDGE_ROW_13_Right_13,VGND,li1,393.5300,48.9600,0.000162
PHY_EDGE_ROW_12_Right_12,VGND,li1,393.5300,43.5200,0.000125
PHY_EDGE_ROW_11_Right_11,VGND,li1,393.5300,43.5200,0.000125
PHY_EDGE_ROW_10_Right_10,VGND,li1,393.5300,38.0800,0.000149
PHY_EDGE_ROW_9_Right_9,VGND,li1,393.5300,38.0800,0.000149
PHY_EDGE_ROW_8_Right_8,VGND,li1,393.5300,32.6400,0.000165
PHY_EDGE_ROW_7_Right_7,VGND,li1,393.5300,32.6400,0.000165
PHY_EDGE_ROW_6_Right_6,VGND,li1,393.5300,27.2000,0.000186
PHY_EDGE_ROW_5_Right_5,VGND,li1,393.5300,27.2000,0.000186
PHY_EDGE_ROW_4_Right_4,VGND,li1,393.5300,21.7600,0.000226
PHY_EDGE_ROW_3_Right_3,VGND,li1,393.5300,21.7600,0.000226
PHY_EDGE_ROW_2_Right_2,VGND,li1,393.5300,16.3200,0.000202
PHY_EDGE_ROW_1_Right_1,VGND,li1,393.5300,16.3200,0.000202
PHY_EDGE_ROW_0_Right_0,VGND,li1,393.5300,10.8800,0.000091
g_row\[1\].g_col\[1\].pe/_2776_,VGND,li1,365.2400,87.0400,0.000302
g_row\[1\].g_col\[1\].pe/_2775_,VGND,li1,338.5600,114.2400,0.000361
g_row\[1\].g_col\[1\].pe/_2774_,VGND,li1,281.5200,114.2400,0.000535
g_row\[1\].g_col\[1\].pe/_2771_,VGND,li1,318.5500,125.1200,0.000270
g_row\[1\].g_col\[1\].pe/_2770_,VGND,li1,341.0900,136.0000,0.000207
g_row\[1\].g_col\[1\].pe/_2769_,VGND,li1,360.8700,136.0000,0.000267
g_row\[1\].g_col\[1\].pe/_2768_,VGND,li1,370.9900,141.4400,0.000350
g_row\[1\].g_col\[1\].pe/_2767_,VGND,li1,378.8100,141.4400,0.000352
g_row\[1\].g_col\[1\].pe/_2766_,VGND,li1,377.4300,136.0000,0.000276
g_row\[1\].g_col\[1\].pe/_2765_,VGND,li1,375.1300,114.2400,0.000573
g_row\[1\].g_col\[1\].pe/_2764_,VGND,li1,383.8700,108.8000,0.000232
g_row\[1\].g_col\[1\].pe/_2763_,VGND,li1,381.1100,108.8000,0.000230
g_row\[1\].g_col\[1\].pe/_2762_,VGND,li1,378.3500,103.3600,0.000387
g_row\[1\].g_col\[1\].pe/_2761_,VGND,li1,362.2500,108.8000,0.000213
g_row\[1\].g_col\[1\].pe/_2760_,VGND,li1,319.4700,108.8000,0.000196
g_row\[1\].g_col\[1\].pe/_2759_,VGND,li1,348.9100,108.8000,0.000196
g_row\[1\].g_col\[1\].pe/_2758_,VGND,li1,343.3900,114.2400,0.000401
g_row\[1\].g_col\[1\].pe/_2757_,VGND,li1,335.5700,119.6800,0.000201
g_row\[1\].g_col\[1\].pe/_2756_,VGND,li1,313.9500,114.2400,0.000409
g_row\[1\].g_col\[1\].pe/_2755_,VGND,li1,306.1300,119.6800,0.000341
g_row\[1\].g_col\[1\].pe/_2754_,VGND,li1,310.7300,114.2400,0.000431
g_row\[1\].g_col\[1\].pe/_2753_,VGND,li1,358.5700,81.6000,0.000320
g_row\[1\].g_col\[1\].pe/_2752_,VGND,li1,353.5100,92.4800,0.000394
g_row\[1\].g_col\[1\].pe/_2751_,VGND,li1,359.9500,87.0400,0.000292
g_row\[1\].g_col\[1\].pe/_2750_,VGND,li1,362.2500,81.6000,0.000335
g_row\[1\].g_col\[1\].pe/_2749_,VGND,li1,370.5300,87.0400,0.000312
g_row\[1\].g_col\[1\].pe/_2748_,VGND,li1,381.5700,87.0400,0.000328
g_row\[1\].g_col\[1\].pe/_2747_,VGND,li1,386.1700,81.6000,0.000379
g_row\[1\].g_col\[1\].pe/_2746_,VGND,li1,388.0100,87.0400,0.000330
g_row\[1\].g_col\[1\].pe/_2745_,VGND,li1,374.2100,81.6000,0.000370
g_row\[1\].g_col\[1\].pe/_2744_,VGND,li1,348.4500,87.0400,0.000253
g_row\[1\].g_col\[1\].pe/_2743_,VGND,li1,334.1900,81.6000,0.000216
g_row\[1\].g_col\[1\].pe/_2742_,VGND,li1,342.0100,81.6000,0.000247
g_row\[1\].g_col\[1\].pe/_2741_,VGND,li1,332.8100,92.4800,0.000234
g_row\[1\].g_col\[1\].pe/_2740_,VGND,li1,321.3100,103.3600,0.000222
g_row\[1\].g_col\[1\].pe/_2739_,VGND,li1,319.4700,103.3600,0.000225
g_row\[1\].g_col\[1\].pe/_2738_,VGND,li1,292.3300,119.6800,0.000404
g_row\[1\].g_col\[1\].pe/_2737_,VGND,li1,242.6500,38.0800,0.000267
g_row\[1\].g_col\[1\].pe/_2736_,VGND,li1,242.6500,43.5200,0.000222
g_row\[1\].g_col\[1\].pe/_2735_,VGND,li1,241.7300,48.9600,0.000303
g_row\[1\].g_col\[1\].pe/_2734_,VGND,li1,231.6100,48.9600,0.000316
g_row\[1\].g_col\[1\].pe/_2733_,VGND,li1,221.9500,48.9600,0.000309
g_row\[1\].g_col\[1\].pe/_2732_,VGND,li1,233.9100,38.0800,0.000274
g_row\[1\].g_col\[1\].pe/_2731_,VGND,li1,241.7300,38.0800,0.000267
g_row\[1\].g_col\[1\].pe/_2730_,VGND,li1,223.3300,43.5200,0.000200
g_row\[1\].g_col\[1\].pe/_2729_,VGND,li1,220.5700,32.6400,0.000172
g_row\[1\].g_col\[1\].pe/_2728_,VGND,li1,220.1100,38.0800,0.000280
g_row\[1\].g_col\[1\].pe/_2727_,VGND,li1,219.1900,32.6400,0.000172
g_row\[1\].g_col\[1\].pe/_2726_,VGND,li1,222.8700,54.4000,0.000231
g_row\[1\].g_col\[1\].pe/_2725_,VGND,li1,215.5100,48.9600,0.000303
g_row\[1\].g_col\[1\].pe/_2724_,VGND,li1,215.9700,59.8400,0.000284
g_row\[1\].g_col\[1\].pe/_2723_,VGND,li1,206.3100,65.2800,0.000249
g_row\[1\].g_col\[1\].pe/_2722_,VGND,li1,224.7100,59.8400,0.000284
g_row\[1\].g_col\[1\].pe/_2721_,VGND,li1,200.3300,59.8400,0.000261
g_row\[1\].g_col\[1\].pe/_2720_,VGND,li1,216.8900,21.7600,0.000273
g_row\[1\].g_col\[1\].pe/_2719_,VGND,li1,217.3500,10.8800,0.000105
g_row\[1\].g_col\[1\].pe/_2718_,VGND,li1,216.8900,27.2000,0.000159
g_row\[1\].g_col\[1\].pe/_2717_,VGND,li1,204.4700,16.3200,0.000293
g_row\[1\].g_col\[1\].pe/_2716_,VGND,li1,203.0900,16.3200,0.000293
g_row\[1\].g_col\[1\].pe/_2715_,VGND,li1,216.8900,16.3200,0.000307
g_row\[1\].g_col\[1\].pe/_2714_,VGND,li1,197.1100,21.7600,0.000248
g_row\[1\].g_col\[1\].pe/_2713_,VGND,li1,206.3100,54.4000,0.000213
g_row\[1\].g_col\[1\].pe/_2712_,VGND,li1,198.9500,27.2000,0.000145
g_row\[1\].g_col\[1\].pe/_2711_,VGND,li1,203.0900,38.0800,0.000255
g_row\[1\].g_col\[1\].pe/_2710_,VGND,li1,200.3300,32.6400,0.000159
g_row\[1\].g_col\[1\].pe/_2709_,VGND,li1,191.5900,54.4000,0.000183
g_row\[1\].g_col\[1\].pe/_2708_,VGND,li1,209.0700,27.2000,0.000155
g_row\[1\].g_col\[1\].pe/_2707_,VGND,li1,191.5900,65.2800,0.000229
g_row\[1\].g_col\[1\].pe/_2706_,VGND,li1,195.2700,70.7200,0.000146
g_row\[1\].g_col\[1\].pe/_2705_,VGND,li1,284.0500,119.6800,0.000434
g_row\[1\].g_col\[1\].pe/_2704_,VGND,li1,207.6900,119.6800,0.000408
g_row\[1\].g_col\[1\].pe/_2703_,VGND,li1,228.3900,125.1200,0.000414
g_row\[1\].g_col\[1\].pe/_2702_,VGND,li1,228.8500,114.2400,0.000571
g_row\[1\].g_col\[1\].pe/_2701_,VGND,li1,255.5300,114.2400,0.000598
g_row\[1\].g_col\[1\].pe/_2700_,VGND,li1,250.0100,125.1200,0.000426
g_row\[1\].g_col\[1\].pe/_2699_,VGND,li1,241.7300,125.1200,0.000424
g_row\[1\].g_col\[1\].pe/_2698_,VGND,li1,257.8300,125.1200,0.000424
g_row\[1\].g_col\[1\].pe/_2697_,VGND,li1,231.1500,119.6800,0.000484
g_row\[1\].g_col\[1\].pe/_2696_,VGND,li1,268.4100,119.6800,0.000482
g_row\[1\].g_col\[1\].pe/_2695_,VGND,li1,232.0700,119.6800,0.000484
g_row\[1\].g_col\[1\].pe/_2694_,VGND,li1,269.7900,119.6800,0.000482
g_row\[1\].g_col\[1\].pe/_2693_,VGND,li1,207.6900,119.6800,0.000408
g_row\[1\].g_col\[1\].pe/_2692_,VGND,li1,208.1500,108.8000,0.000212
g_row\[1\].g_col\[1\].pe/_2691_,VGND,li1,218.2700,125.1200,0.000404
g_row\[1\].g_col\[1\].pe/_2690_,VGND,li1,219.1900,114.2400,0.000550
g_row\[1\].g_col\[1\].pe/_2689_,VGND,li1,215.7400,70.7200,0.000160
g_row\[1\].g_col\[1\].pe/_2688_,VGND,li1,313.2600,43.5200,0.000118
g_row\[1\].g_col\[1\].pe/_2687_,VGND,li1,215.2800,48.9600,0.000303
g_row\[1\].g_col\[1\].pe/_2686_,VGND,li1,220.1100,54.4000,0.000231
g_row\[1\].g_col\[1\].pe/_2685_,VGND,li1,209.7600,48.9600,0.000295
g_row\[1\].g_col\[1\].pe/_2684_,VGND,li1,220.5700,48.9600,0.000309
g_row\[1\].g_col\[1\].pe/_2683_,VGND,li1,203.7800,59.8400,0.000271
g_row\[1\].g_col\[1\].pe/_2682_,VGND,li1,206.3100,59.8400,0.000276
g_row\[1\].g_col\[1\].pe/_2681_,VGND,li1,203.3200,65.2800,0.000247
g_row\[1\].g_col\[1\].pe/_2680_,VGND,li1,213.2100,65.2800,0.000253
g_row\[1\].g_col\[1\].pe/_2679_,VGND,li1,218.9600,59.8400,0.000284
g_row\[1\].g_col\[1\].pe/_2678_,VGND,li1,217.3500,54.4000,0.000231
g_row\[1\].g_col\[1\].pe/_2677_,VGND,li1,201.0200,54.4000,0.000205
g_row\[1\].g_col\[1\].pe/_2676_,VGND,li1,199.4100,54.4000,0.000201
g_row\[1\].g_col\[1\].pe/_2675_,VGND,li1,196.4200,43.5200,0.000157
g_row\[1\].g_col\[1\].pe/_2674_,VGND,li1,196.1900,32.6400,0.000154
g_row\[1\].g_col\[1\].pe/_2673_,VGND,li1,197.1100,54.4000,0.000195
g_row\[1\].g_col\[1\].pe/_2672_,VGND,li1,195.7300,38.0800,0.000237
g_row\[1\].g_col\[1\].pe/_2671_,VGND,li1,192.5100,38.0800,0.000226
g_row\[1\].g_col\[1\].pe/_2670_,VGND,li1,221.2600,16.3200,0.000303
g_row\[1\].g_col\[1\].pe/_2669_,VGND,li1,221.9500,21.7600,0.000271
g_row\[1\].g_col\[1\].pe/_2668_,VGND,li1,222.6400,16.3200,0.000303
g_row\[1\].g_col\[1\].pe/_2667_,VGND,li1,224.2500,21.7600,0.000269
g_row\[1\].g_col\[1\].pe/_2666_,VGND,li1,209.7600,21.7600,0.000270
g_row\[1\].g_col\[1\].pe/_2665_,VGND,li1,223.3300,21.7600,0.000271
g_row\[1\].g_col\[1\].pe/_2664_,VGND,li1,201.4800,10.8800,0.000095
g_row\[1\].g_col\[1\].pe/_2663_,VGND,li1,209.5300,16.3200,0.000299
g_row\[1\].g_col\[1\].pe/_2662_,VGND,li1,208.8400,10.8800,0.000100
g_row\[1\].g_col\[1\].pe/_2661_,VGND,li1,204.9300,21.7600,0.000261
g_row\[1\].g_col\[1\].pe/_2660_,VGND,li1,205.1600,10.8800,0.000097
g_row\[1\].g_col\[1\].pe/_2659_,VGND,li1,226.0900,10.8800,0.000107
g_row\[1\].g_col\[1\].pe/_2658_,VGND,li1,204.2400,21.7600,0.000261
g_row\[1\].g_col\[1\].pe/_2657_,VGND,li1,207.2300,21.7600,0.000265
g_row\[1\].g_col\[1\].pe/_2656_,VGND,li1,204.7000,54.4000,0.000213
g_row\[1\].g_col\[1\].pe/_2655_,VGND,li1,207.6900,54.4000,0.000219
g_row\[1\].g_col\[1\].pe/_2654_,VGND,li1,203.3200,27.2000,0.000149
g_row\[1\].g_col\[1\].pe/_2653_,VGND,li1,200.3300,27.2000,0.000145
g_row\[1\].g_col\[1\].pe/_2652_,VGND,li1,205.1600,38.0800,0.000258
g_row\[1\].g_col\[1\].pe/_2651_,VGND,li1,202.6300,43.5200,0.000165
g_row\[1\].g_col\[1\].pe/_2650_,VGND,li1,202.8600,32.6400,0.000161
g_row\[1\].g_col\[1\].pe/_2649_,VGND,li1,205.8500,32.6400,0.000163
g_row\[1\].g_col\[1\].pe/_2648_,VGND,li1,196.4200,54.4000,0.000195
g_row\[1\].g_col\[1\].pe/_2647_,VGND,li1,193.4300,54.4000,0.000188
g_row\[1\].g_col\[1\].pe/_2646_,VGND,li1,206.0800,32.6400,0.000163
g_row\[1\].g_col\[1\].pe/_2645_,VGND,li1,204.0100,27.2000,0.000149
g_row\[1\].g_col\[1\].pe/_2644_,VGND,li1,194.5800,59.8400,0.000249
g_row\[1\].g_col\[1\].pe/_2643_,VGND,li1,191.5900,59.8400,0.000244
g_row\[1\].g_col\[1\].pe/_2642_,VGND,li1,196.8800,59.8400,0.000256
g_row\[1\].g_col\[1\].pe/_2641_,VGND,li1,193.8900,59.8400,0.000249
g_row\[1\].g_col\[1\].pe/_2640_,VGND,li1,278.3000,119.6800,0.000454
g_row\[1\].g_col\[1\].pe/_2639_,VGND,li1,279.9100,125.1200,0.000402
g_row\[1\].g_col\[1\].pe/_2638_,VGND,li1,278.3000,146.8800,0.000221
g_row\[1\].g_col\[1\].pe/_2637_,VGND,li1,282.2100,141.4400,0.000334
g_row\[1\].g_col\[1\].pe/_2636_,VGND,li1,278.5300,146.8800,0.000221
g_row\[1\].g_col\[1\].pe/_2635_,VGND,li1,239.4300,157.7600,0.000196
g_row\[1\].g_col\[1\].pe/_2634_,VGND,li1,239.4300,163.2000,0.000149
g_row\[1\].g_col\[1\].pe/_2633_,VGND,li1,208.3800,125.1200,0.000386
g_row\[1\].g_col\[1\].pe/_2632_,VGND,li1,209.5300,114.2400,0.000506
g_row\[1\].g_col\[1\].pe/_2631_,VGND,li1,222.6400,119.6800,0.000457
g_row\[1\].g_col\[1\].pe/_2630_,VGND,li1,223.3300,125.1200,0.000409
g_row\[1\].g_col\[1\].pe/_2628_,VGND,li1,224.9400,114.2400,0.000564
g_row\[1\].g_col\[1\].pe/_2627_,VGND,li1,223.3300,114.2400,0.000557
g_row\[1\].g_col\[1\].pe/_2626_,VGND,li1,256.2200,119.6800,0.000507
g_row\[1\].g_col\[1\].pe/_2625_,VGND,li1,251.8500,125.1200,0.000426
g_row\[1\].g_col\[1\].pe/_2624_,VGND,li1,247.9400,125.1200,0.000426
g_row\[1\].g_col\[1\].pe/_2623_,VGND,li1,244.9500,125.1200,0.000425
g_row\[1\].g_col\[1\].pe/_2622_,VGND,li1,235.5200,125.1200,0.000420
g_row\[1\].g_col\[1\].pe/_2621_,VGND,li1,242.6500,125.1200,0.000424
g_row\[1\].g_col\[1\].pe/_2619_,VGND,li1,252.5400,119.6800,0.000509
g_row\[1\].g_col\[1\].pe/_2618_,VGND,li1,244.4900,130.5600,0.000227
g_row\[1\].g_col\[1\].pe/_2617_,VGND,li1,239.6600,125.1200,0.000423
g_row\[1\].g_col\[1\].pe/_2616_,VGND,li1,243.1100,119.6800,0.000506
g_row\[1\].g_col\[1\].pe/_2615_,VGND,li1,261.2800,119.6800,0.000499
g_row\[1\].g_col\[1\].pe/_2614_,VGND,li1,264.7300,114.2400,0.000579
g_row\[1\].g_col\[1\].pe/_2613_,VGND,li1,240.1200,114.2400,0.000594
g_row\[1\].g_col\[1\].pe/_2612_,VGND,li1,239.8900,114.2400,0.000594
g_row\[1\].g_col\[1\].pe/_2611_,VGND,li1,265.4200,125.1200,0.000419
g_row\[1\].g_col\[1\].pe/_2610_,VGND,li1,259.2100,125.1200,0.000424
g_row\[1\].g_col\[1\].pe/_2608_,VGND,li1,201.9400,119.6800,0.000380
g_row\[1\].g_col\[1\].pe/_2607_,VGND,li1,204.4700,130.5600,0.000209
g_row\[1\].g_col\[1\].pe/_2606_,VGND,li1,202.4000,114.2400,0.000473
g_row\[1\].g_col\[1\].pe/_2605_,VGND,li1,213.2100,114.2400,0.000527
g_row\[1\].g_col\[1\].pe/_2604_,VGND,li1,216.2000,119.6800,0.000433
g_row\[1\].g_col\[1\].pe/_2603_,VGND,li1,213.2100,119.6800,0.000422
g_row\[1\].g_col\[1\].pe/_2600_,VGND,li1,210.6800,114.2400,0.000516
g_row\[1\].g_col\[1\].pe/_2599_,VGND,li1,214.1300,108.8000,0.000217
g_row\[1\].g_col\[1\].pe/_2595_,VGND,li1,313.2600,125.1200,0.000296
g_row\[1\].g_col\[1\].pe/_2594_,VGND,li1,317.1700,119.6800,0.000288
g_row\[1\].g_col\[1\].pe/_2592_,VGND,li1,342.2400,141.4400,0.000266
g_row\[1\].g_col\[1\].pe/_2591_,VGND,li1,338.5600,136.0000,0.000197
g_row\[1\].g_col\[1\].pe/_2590_,VGND,li1,335.1100,130.5600,0.000173
g_row\[1\].g_col\[1\].pe/_2588_,VGND,li1,355.5800,136.0000,0.000263
g_row\[1\].g_col\[1\].pe/_2587_,VGND,li1,359.2600,136.0000,0.000267
g_row\[1\].g_col\[1\].pe/_2586_,VGND,li1,358.3400,130.5600,0.000248
g_row\[1\].g_col\[1\].pe/_2585_,VGND,li1,359.2600,130.5600,0.000252
g_row\[1\].g_col\[1\].pe/_2584_,VGND,li1,358.1100,125.1200,0.000301
g_row\[1\].g_col\[1\].pe/_2582_,VGND,li1,364.7800,146.8800,0.000348
g_row\[1\].g_col\[1\].pe/_2581_,VGND,li1,366.6200,136.0000,0.000272
g_row\[1\].g_col\[1\].pe/_2580_,VGND,li1,364.5500,136.0000,0.000271
g_row\[1\].g_col\[1\].pe/_2579_,VGND,li1,368.4600,130.5600,0.000262
g_row\[1\].g_col\[1\].pe/_2577_,VGND,li1,372.1400,136.0000,0.000274
g_row\[1\].g_col\[1\].pe/_2576_,VGND,li1,371.2200,136.0000,0.000274
g_row\[1\].g_col\[1\].pe/_2575_,VGND,li1,369.1500,130.5600,0.000264
g_row\[1\].g_col\[1\].pe/_2573_,VGND,li1,369.3800,136.0000,0.000273
g_row\[1\].g_col\[1\].pe/_2572_,VGND,li1,372.1400,130.5600,0.000266
g_row\[1\].g_col\[1\].pe/_2571_,VGND,li1,369.1500,125.1200,0.000317
g_row\[1\].g_col\[1\].pe/_2569_,VGND,li1,370.7600,119.6800,0.000256
g_row\[1\].g_col\[1\].pe/_2568_,VGND,li1,369.3800,114.2400,0.000549
g_row\[1\].g_col\[1\].pe/_2567_,VGND,li1,368.2300,119.6800,0.000253
g_row\[1\].g_col\[1\].pe/_2565_,VGND,li1,376.7400,108.8000,0.000227
g_row\[1\].g_col\[1\].pe/_2564_,VGND,li1,372.1400,114.2400,0.000562
g_row\[1\].g_col\[1\].pe/_2563_,VGND,li1,368.2300,114.2400,0.000549
g_row\[1\].g_col\[1\].pe/_2561_,VGND,li1,376.0500,103.3600,0.000382
g_row\[1\].g_col\[1\].pe/_2560_,VGND,li1,374.4400,108.8000,0.000224
g_row\[1\].g_col\[1\].pe/_2559_,VGND,li1,368.6900,103.3600,0.000366
g_row\[1\].g_col\[1\].pe/_2558_,VGND,li1,369.6100,103.3600,0.000366
g_row\[1\].g_col\[1\].pe/_2557_,VGND,li1,370.5300,97.9200,0.000410
g_row\[1\].g_col\[1\].pe/_2555_,VGND,li1,373.9800,108.8000,0.000224
g_row\[1\].g_col\[1\].pe/_2554_,VGND,li1,370.7600,108.8000,0.000221
g_row\[1\].g_col\[1\].pe/_2553_,VGND,li1,365.0100,103.3600,0.000353
g_row\[1\].g_col\[1\].pe/_2552_,VGND,li1,366.8500,97.9200,0.000390
g_row\[1\].g_col\[1\].pe/_2551_,VGND,li1,364.3200,103.3600,0.000353
g_row\[1\].g_col\[1\].pe/_2549_,VGND,li1,361.5600,108.8000,0.000213
g_row\[1\].g_col\[1\].pe/_2548_,VGND,li1,358.3400,108.8000,0.000207
g_row\[1\].g_col\[1\].pe/_2547_,VGND,li1,355.3500,103.3600,0.000320
g_row\[1\].g_col\[1\].pe/_2546_,VGND,li1,353.0500,103.3600,0.000310
g_row\[1\].g_col\[1\].pe/_2545_,VGND,li1,352.1300,97.9200,0.000328
g_row\[1\].g_col\[1\].pe/_2544_,VGND,li1,348.4500,103.3600,0.000289
g_row\[1\].g_col\[1\].pe/_2542_,VGND,li1,316.0200,103.3600,0.000229
g_row\[1\].g_col\[1\].pe/_2541_,VGND,li1,325.2200,108.8000,0.000181
g_row\[1\].g_col\[1\].pe/_2540_,VGND,li1,329.5900,103.3600,0.000206
g_row\[1\].g_col\[1\].pe/_2539_,VGND,li1,333.7300,103.3600,0.000200
g_row\[1\].g_col\[1\].pe/_2538_,VGND,li1,335.8000,103.3600,0.000222
g_row\[1\].g_col\[1\].pe/_2536_,VGND,li1,351.9000,103.3600,0.000297
g_row\[1\].g_col\[1\].pe/_2535_,VGND,li1,348.6800,108.8000,0.000196
g_row\[1\].g_col\[1\].pe/_2534_,VGND,li1,342.2400,108.8000,0.000186
g_row\[1\].g_col\[1\].pe/_2533_,VGND,li1,342.2400,108.8000,0.000186
g_row\[1\].g_col\[1\].pe/_2532_,VGND,li1,333.7300,108.8000,0.000162
g_row\[1\].g_col\[1\].pe/_2531_,VGND,li1,339.2500,108.8000,0.000179
g_row\[1\].g_col\[1\].pe/_2529_,VGND,li1,355.1200,114.2400,0.000495
g_row\[1\].g_col\[1\].pe/_2528_,VGND,li1,349.6000,114.2400,0.000458
g_row\[1\].g_col\[1\].pe/_2527_,VGND,li1,334.6500,114.2400,0.000339
g_row\[1\].g_col\[1\].pe/_2526_,VGND,li1,337.4100,114.2400,0.000361
g_row\[1\].g_col\[1\].pe/_2525_,VGND,li1,331.8900,114.2400,0.000320
g_row\[1\].g_col\[1\].pe/_2522_,VGND,li1,331.6600,125.1200,0.000214
g_row\[1\].g_col\[1\].pe/_2521_,VGND,li1,329.8200,119.6800,0.000211
g_row\[1\].g_col\[1\].pe/_2520_,VGND,li1,324.5300,114.2400,0.000358
g_row\[1\].g_col\[1\].pe/_2519_,VGND,li1,328.6700,119.6800,0.000223
g_row\[1\].g_col\[1\].pe/_2517_,VGND,li1,323.8400,125.1200,0.000247
g_row\[1\].g_col\[1\].pe/_2516_,VGND,li1,334.6500,125.1200,0.000228
g_row\[1\].g_col\[1\].pe/_2514_,VGND,li1,310.2700,119.6800,0.000323
g_row\[1\].g_col\[1\].pe/_2513_,VGND,li1,313.0300,119.6800,0.000310
g_row\[1\].g_col\[1\].pe/_2512_,VGND,li1,321.3100,119.6800,0.000263
g_row\[1\].g_col\[1\].pe/_2510_,VGND,li1,332.3500,125.1200,0.000214
g_row\[1\].g_col\[1\].pe/_2509_,VGND,li1,336.0300,125.1200,0.000228
g_row\[1\].g_col\[1\].pe/_2508_,VGND,li1,333.7300,130.5600,0.000161
g_row\[1\].g_col\[1\].pe/_2507_,VGND,li1,368.2300,125.1200,0.000314
g_row\[1\].g_col\[1\].pe/_2506_,VGND,li1,368.2300,119.6800,0.000253
g_row\[1\].g_col\[1\].pe/_2505_,VGND,li1,387.0900,103.3600,0.000400
g_row\[1\].g_col\[1\].pe/_2504_,VGND,li1,382.9500,103.3600,0.000395
g_row\[1\].g_col\[1\].pe/_2503_,VGND,li1,355.5800,125.1200,0.000296
g_row\[1\].g_col\[1\].pe/_2502_,VGND,li1,356.9600,103.3600,0.000320
g_row\[1\].g_col\[1\].pe/_2501_,VGND,li1,336.7200,108.8000,0.000171
g_row\[1\].g_col\[1\].pe/_2500_,VGND,li1,339.2500,103.3600,0.000232
g_row\[1\].g_col\[1\].pe/_2499_,VGND,li1,319.4700,114.2400,0.000384
g_row\[1\].g_col\[1\].pe/_2498_,VGND,li1,325.4500,119.6800,0.000238
g_row\[1\].g_col\[1\].pe/_2497_,VGND,li1,359.9500,103.3600,0.000338
g_row\[1\].g_col\[1\].pe/_2496_,VGND,li1,384.3300,103.3600,0.000395
g_row\[1\].g_col\[1\].pe/_2495_,VGND,li1,383.4100,97.9200,0.000438
g_row\[1\].g_col\[1\].pe/_2494_,VGND,li1,355.3500,130.5600,0.000244
g_row\[1\].g_col\[1\].pe/_2493_,VGND,li1,345.9200,125.1200,0.000275
g_row\[1\].g_col\[1\].pe/_2492_,VGND,li1,389.1600,114.2400,0.000596
g_row\[1\].g_col\[1\].pe/_2491_,VGND,li1,382.7200,114.2400,0.000590
g_row\[1\].g_col\[1\].pe/_2490_,VGND,li1,388.0100,119.6800,0.000269
g_row\[1\].g_col\[1\].pe/_2489_,VGND,li1,385.9400,114.2400,0.000595
g_row\[1\].g_col\[1\].pe/_2488_,VGND,li1,371.6800,125.1200,0.000319
g_row\[1\].g_col\[1\].pe/_2487_,VGND,li1,378.1200,125.1200,0.000322
g_row\[1\].g_col\[1\].pe/_2486_,VGND,li1,341.5500,125.1200,0.000254
g_row\[1\].g_col\[1\].pe/_2485_,VGND,li1,350.0600,125.1200,0.000286
g_row\[1\].g_col\[1\].pe/_2484_,VGND,li1,365.4700,125.1200,0.000312
g_row\[1\].g_col\[1\].pe/_2483_,VGND,li1,338.3300,130.5600,0.000182
g_row\[1\].g_col\[1\].pe/_2482_,VGND,li1,344.3100,130.5600,0.000209
g_row\[1\].g_col\[1\].pe/_2481_,VGND,li1,352.5900,130.5600,0.000234
g_row\[1\].g_col\[1\].pe/_2480_,VGND,li1,362.2500,130.5600,0.000257
g_row\[1\].g_col\[1\].pe/_2479_,VGND,li1,365.4700,125.1200,0.000312
g_row\[1\].g_col\[1\].pe/_2478_,VGND,li1,363.1700,130.5600,0.000257
g_row\[1\].g_col\[1\].pe/_2477_,VGND,li1,375.1300,125.1200,0.000321
g_row\[1\].g_col\[1\].pe/_2476_,VGND,li1,373.7500,130.5600,0.000266
g_row\[1\].g_col\[1\].pe/_2475_,VGND,li1,385.7100,119.6800,0.000268
g_row\[1\].g_col\[1\].pe/_2474_,VGND,li1,376.0500,119.6800,0.000262
g_row\[1\].g_col\[1\].pe/_2473_,VGND,li1,389.3900,108.8000,0.000233
g_row\[1\].g_col\[1\].pe/_2472_,VGND,li1,387.5500,114.2400,0.000595
g_row\[1\].g_col\[1\].pe/_2471_,VGND,li1,390.0800,103.3600,0.000401
g_row\[1\].g_col\[1\].pe/_2470_,VGND,li1,374.2100,97.9200,0.000419
g_row\[1\].g_col\[1\].pe/_2469_,VGND,li1,385.7100,97.9200,0.000439
g_row\[1\].g_col\[1\].pe/_2468_,VGND,li1,344.3100,97.9200,0.000285
g_row\[1\].g_col\[1\].pe/_2467_,VGND,li1,355.3500,97.9200,0.000345
g_row\[1\].g_col\[1\].pe/_2466_,VGND,li1,344.3100,103.3600,0.000266
g_row\[1\].g_col\[1\].pe/_2465_,VGND,li1,335.8000,108.8000,0.000171
g_row\[1\].g_col\[1\].pe/_2464_,VGND,li1,355.1200,108.8000,0.000205
g_row\[1\].g_col\[1\].pe/_2463_,VGND,li1,330.0500,114.2400,0.000331
g_row\[1\].g_col\[1\].pe/_2462_,VGND,li1,332.8100,114.2400,0.000320
g_row\[1\].g_col\[1\].pe/_2461_,VGND,li1,333.2700,119.6800,0.000195
g_row\[1\].g_col\[1\].pe/_2460_,VGND,li1,326.8300,108.8000,0.000170
g_row\[1\].g_col\[1\].pe/_2459_,VGND,li1,322.2300,114.2400,0.000372
g_row\[1\].g_col\[1\].pe/_2458_,VGND,li1,342.0100,114.2400,0.000401
g_row\[1\].g_col\[1\].pe/_2457_,VGND,li1,348.4500,114.2400,0.000443
g_row\[1\].g_col\[1\].pe/_2456_,VGND,li1,345.2300,114.2400,0.000426
g_row\[1\].g_col\[1\].pe/_2455_,VGND,li1,336.9500,97.9200,0.000230
g_row\[1\].g_col\[1\].pe/_2454_,VGND,li1,345.6900,108.8000,0.000189
g_row\[1\].g_col\[1\].pe/_2453_,VGND,li1,345.6900,97.9200,0.000285
g_row\[1\].g_col\[1\].pe/_2452_,VGND,li1,343.8500,103.3600,0.000266
g_row\[1\].g_col\[1\].pe/_2451_,VGND,li1,341.0900,92.4800,0.000308
g_row\[1\].g_col\[1\].pe/_2450_,VGND,li1,340.6300,97.9200,0.000258
g_row\[1\].g_col\[1\].pe/_2449_,VGND,li1,332.3500,97.9200,0.000204
g_row\[1\].g_col\[1\].pe/_2448_,VGND,li1,344.7700,92.4800,0.000334
g_row\[1\].g_col\[1\].pe/_2447_,VGND,li1,362.7100,97.9200,0.000372
g_row\[1\].g_col\[1\].pe/_2446_,VGND,li1,358.5700,97.9200,0.000361
g_row\[1\].g_col\[1\].pe/_2445_,VGND,li1,350.2900,92.4800,0.000373
g_row\[1\].g_col\[1\].pe/_2444_,VGND,li1,377.4300,97.9200,0.000433
g_row\[1\].g_col\[1\].pe/_2443_,VGND,li1,372.8300,97.9200,0.000419
g_row\[1\].g_col\[1\].pe/_2442_,VGND,li1,381.1100,97.9200,0.000436
g_row\[1\].g_col\[1\].pe/_2441_,VGND,li1,375.5900,92.4800,0.000492
g_row\[1\].g_col\[1\].pe/_2440_,VGND,li1,388.9300,97.9200,0.000441
g_row\[1\].g_col\[1\].pe/_2439_,VGND,li1,386.6300,97.9200,0.000439
g_row\[1\].g_col\[1\].pe/_2438_,VGND,li1,387.5500,103.3600,0.000400
g_row\[1\].g_col\[1\].pe/_2437_,VGND,li1,388.0100,108.8000,0.000233
g_row\[1\].g_col\[1\].pe/_2436_,VGND,li1,388.0100,92.4800,0.000511
g_row\[1\].g_col\[1\].pe/_2435_,VGND,li1,389.3900,119.6800,0.000269
g_row\[1\].g_col\[1\].pe/_2434_,VGND,li1,385.7100,92.4800,0.000508
g_row\[1\].g_col\[1\].pe/_2433_,VGND,li1,375.1300,125.1200,0.000321
g_row\[1\].g_col\[1\].pe/_2432_,VGND,li1,375.5900,92.4800,0.000492
g_row\[1\].g_col\[1\].pe/_2431_,VGND,li1,371.9100,125.1200,0.000319
g_row\[1\].g_col\[1\].pe/_2430_,VGND,li1,369.6100,92.4800,0.000470
g_row\[1\].g_col\[1\].pe/_2429_,VGND,li1,363.1700,92.4800,0.000448
g_row\[1\].g_col\[1\].pe/_2428_,VGND,li1,355.3500,130.5600,0.000244
g_row\[1\].g_col\[1\].pe/_2427_,VGND,li1,351.6700,130.5600,0.000234
g_row\[1\].g_col\[1\].pe/_2426_,VGND,li1,355.8100,97.9200,0.000345
g_row\[1\].g_col\[1\].pe/_2425_,VGND,li1,339.2500,125.1200,0.000245
g_row\[1\].g_col\[1\].pe/_2424_,VGND,li1,339.0200,130.5600,0.000190
g_row\[1\].g_col\[1\].pe/_2423_,VGND,li1,342.0100,130.5600,0.000201
g_row\[1\].g_col\[1\].pe/_2422_,VGND,li1,348.4500,130.5600,0.000220
g_row\[1\].g_col\[1\].pe/_2421_,VGND,li1,355.3500,92.4800,0.000405
g_row\[1\].g_col\[1\].pe/_2420_,VGND,li1,361.3300,92.4800,0.000439
g_row\[1\].g_col\[1\].pe/_2419_,VGND,li1,364.5500,92.4800,0.000448
g_row\[1\].g_col\[1\].pe/_2418_,VGND,li1,370.9900,92.4800,0.000478
g_row\[1\].g_col\[1\].pe/_2417_,VGND,li1,381.1100,87.0400,0.000328
g_row\[1\].g_col\[1\].pe/_2416_,VGND,li1,390.3100,92.4800,0.000511
g_row\[1\].g_col\[1\].pe/_2415_,VGND,li1,382.0300,92.4800,0.000503
g_row\[1\].g_col\[1\].pe/_2414_,VGND,li1,381.1100,92.4800,0.000503
g_row\[1\].g_col\[1\].pe/_2413_,VGND,li1,350.2900,97.9200,0.000317
g_row\[1\].g_col\[1\].pe/_2412_,VGND,li1,335.8000,92.4800,0.000269
g_row\[1\].g_col\[1\].pe/_2411_,VGND,li1,325.2200,103.3600,0.000215
g_row\[1\].g_col\[1\].pe/_2410_,VGND,li1,319.2400,114.2400,0.000384
g_row\[1\].g_col\[1\].pe/_2409_,VGND,li1,321.7700,114.2400,0.000372
g_row\[1\].g_col\[1\].pe/_2408_,VGND,li1,317.6300,114.2400,0.000400
g_row\[1\].g_col\[1\].pe/_2406_,VGND,li1,305.2100,125.1200,0.000325
g_row\[1\].g_col\[1\].pe/_2405_,VGND,li1,300.6100,119.6800,0.000365
g_row\[1\].g_col\[1\].pe/_2404_,VGND,li1,304.0600,119.6800,0.000350
g_row\[1\].g_col\[1\].pe/_2403_,VGND,li1,308.4300,119.6800,0.000331
g_row\[1\].g_col\[1\].pe/_2402_,VGND,li1,309.3500,108.8000,0.000209
g_row\[1\].g_col\[1\].pe/_2401_,VGND,li1,308.8900,108.8000,0.000209
g_row\[1\].g_col\[1\].pe/_2399_,VGND,li1,308.8900,103.3600,0.000235
g_row\[1\].g_col\[1\].pe/_2398_,VGND,li1,305.4400,108.8000,0.000214
g_row\[1\].g_col\[1\].pe/_2397_,VGND,li1,307.0500,108.8000,0.000214
g_row\[1\].g_col\[1\].pe/_2396_,VGND,li1,357.4200,76.1600,0.000178
g_row\[1\].g_col\[1\].pe/_2395_,VGND,li1,359.7200,76.1600,0.000182
g_row\[1\].g_col\[1\].pe/_2394_,VGND,li1,360.4100,70.7200,0.000198
g_row\[1\].g_col\[1\].pe/_2393_,VGND,li1,364.5500,76.1600,0.000190
g_row\[1\].g_col\[1\].pe/_2392_,VGND,li1,358.1100,59.8400,0.000223
g_row\[1\].g_col\[1\].pe/_2391_,VGND,li1,350.7500,59.8400,0.000200
g_row\[1\].g_col\[1\].pe/_2390_,VGND,li1,327.2900,54.4000,0.000118
g_row\[1\].g_col\[1\].pe/_2389_,VGND,li1,329.5900,48.9600,0.000103
g_row\[1\].g_col\[1\].pe/_2388_,VGND,li1,324.0700,48.9600,0.000118
g_row\[1\].g_col\[1\].pe/_2387_,VGND,li1,354.8900,59.8400,0.000210
g_row\[1\].g_col\[1\].pe/_2386_,VGND,li1,349.8300,54.4000,0.000152
g_row\[1\].g_col\[1\].pe/_2385_,VGND,li1,362.2500,59.8400,0.000234
g_row\[1\].g_col\[1\].pe/_2384_,VGND,li1,356.7300,65.2800,0.000235
g_row\[1\].g_col\[1\].pe/_2383_,VGND,li1,365.9300,70.7200,0.000205
g_row\[1\].g_col\[1\].pe/_2381_,VGND,li1,350.7500,87.0400,0.000263
g_row\[1\].g_col\[1\].pe/_2380_,VGND,li1,356.7300,70.7200,0.000188
g_row\[1\].g_col\[1\].pe/_2379_,VGND,li1,363.6300,70.7200,0.000203
g_row\[1\].g_col\[1\].pe/_2378_,VGND,li1,363.1700,65.2800,0.000255
g_row\[1\].g_col\[1\].pe/_2377_,VGND,li1,365.9300,65.2800,0.000260
g_row\[1\].g_col\[1\].pe/_2376_,VGND,li1,359.7200,65.2800,0.000247
g_row\[1\].g_col\[1\].pe/_2375_,VGND,li1,361.3300,65.2800,0.000247
g_row\[1\].g_col\[1\].pe/_2374_,VGND,li1,359.4900,59.8400,0.000223
g_row\[1\].g_col\[1\].pe/_2373_,VGND,li1,357.4200,54.4000,0.000173
g_row\[1\].g_col\[1\].pe/_2372_,VGND,li1,350.2900,59.8400,0.000200
g_row\[1\].g_col\[1\].pe/_2371_,VGND,li1,342.9300,54.4000,0.000137
g_row\[1\].g_col\[1\].pe/_2370_,VGND,li1,346.3800,59.8400,0.000188
g_row\[1\].g_col\[1\].pe/_2369_,VGND,li1,348.9100,54.4000,0.000152
g_row\[1\].g_col\[1\].pe/_2368_,VGND,li1,348.4500,48.9600,0.000123
g_row\[1\].g_col\[1\].pe/_2367_,VGND,li1,333.0400,48.9600,0.000098
g_row\[1\].g_col\[1\].pe/_2366_,VGND,li1,336.4900,48.9600,0.000105
g_row\[1\].g_col\[1\].pe/_2365_,VGND,li1,335.8000,48.9600,0.000105
g_row\[1\].g_col\[1\].pe/_2364_,VGND,li1,331.4300,48.9600,0.000098
g_row\[1\].g_col\[1\].pe/_2363_,VGND,li1,325.6800,43.5200,0.000091
g_row\[1\].g_col\[1\].pe/_2361_,VGND,li1,354.8900,87.0400,0.000279
g_row\[1\].g_col\[1\].pe/_2360_,VGND,li1,364.3200,81.6000,0.000341
g_row\[1\].g_col\[1\].pe/_2359_,VGND,li1,360.8700,70.7200,0.000198
g_row\[1\].g_col\[1\].pe/_2358_,VGND,li1,365.0100,70.7200,0.000203
g_row\[1\].g_col\[1\].pe/_2357_,VGND,li1,372.8300,59.8400,0.000256
g_row\[1\].g_col\[1\].pe/_2356_,VGND,li1,368.6900,65.2800,0.000264
g_row\[1\].g_col\[1\].pe/_2355_,VGND,li1,367.3100,59.8400,0.000244
g_row\[1\].g_col\[1\].pe/_2354_,VGND,li1,369.8400,59.8400,0.000252
g_row\[1\].g_col\[1\].pe/_2353_,VGND,li1,367.7700,59.8400,0.000244
g_row\[1\].g_col\[1\].pe/_2352_,VGND,li1,370.3000,59.8400,0.000252
g_row\[1\].g_col\[1\].pe/_2351_,VGND,li1,369.6100,54.4000,0.000200
g_row\[1\].g_col\[1\].pe/_2350_,VGND,li1,362.2500,54.4000,0.000184
g_row\[1\].g_col\[1\].pe/_2349_,VGND,li1,359.4900,54.4000,0.000178
g_row\[1\].g_col\[1\].pe/_2348_,VGND,li1,359.0300,48.9600,0.000138
g_row\[1\].g_col\[1\].pe/_2347_,VGND,li1,345.2300,54.4000,0.000143
g_row\[1\].g_col\[1\].pe/_2346_,VGND,li1,342.4700,59.8400,0.000176
g_row\[1\].g_col\[1\].pe/_2345_,VGND,li1,340.1700,54.4000,0.000130
g_row\[1\].g_col\[1\].pe/_2344_,VGND,li1,340.1700,48.9600,0.000111
g_row\[1\].g_col\[1\].pe/_2343_,VGND,li1,336.0300,54.4000,0.000118
g_row\[1\].g_col\[1\].pe/_2342_,VGND,li1,315.5600,48.9600,0.000143
g_row\[1\].g_col\[1\].pe/_2341_,VGND,li1,318.5500,48.9600,0.000136
g_row\[1\].g_col\[1\].pe/_2340_,VGND,li1,331.6600,43.5200,0.000077
g_row\[1\].g_col\[1\].pe/_2339_,VGND,li1,355.8100,48.9600,0.000133
g_row\[1\].g_col\[1\].pe/_2338_,VGND,li1,373.7500,59.8400,0.000259
g_row\[1\].g_col\[1\].pe/_2337_,VGND,li1,368.4600,48.9600,0.000148
g_row\[1\].g_col\[1\].pe/_2336_,VGND,li1,357.6500,92.4800,0.000418
g_row\[1\].g_col\[1\].pe/_2335_,VGND,li1,367.3100,81.6000,0.000347
g_row\[1\].g_col\[1\].pe/_2334_,VGND,li1,368.4600,76.1600,0.000196
g_row\[1\].g_col\[1\].pe/_2333_,VGND,li1,370.7600,65.2800,0.000271
g_row\[1\].g_col\[1\].pe/_2332_,VGND,li1,373.0600,70.7200,0.000212
g_row\[1\].g_col\[1\].pe/_2331_,VGND,li1,374.9000,65.2800,0.000278
g_row\[1\].g_col\[1\].pe/_2330_,VGND,li1,391.0000,54.4000,0.000225
g_row\[1\].g_col\[1\].pe/_2329_,VGND,li1,374.6700,65.2800,0.000278
g_row\[1\].g_col\[1\].pe/_2328_,VGND,li1,376.9700,59.8400,0.000264
g_row\[1\].g_col\[1\].pe/_2327_,VGND,li1,381.3400,54.4000,0.000218
g_row\[1\].g_col\[1\].pe/_2326_,VGND,li1,379.2700,54.4000,0.000215
g_row\[1\].g_col\[1\].pe/_2325_,VGND,li1,376.0500,54.4000,0.000209
g_row\[1\].g_col\[1\].pe/_2324_,VGND,li1,371.4500,43.5200,0.000116
g_row\[1\].g_col\[1\].pe/_2323_,VGND,li1,371.4500,54.4000,0.000203
g_row\[1\].g_col\[1\].pe/_2322_,VGND,li1,366.8500,54.4000,0.000191
g_row\[1\].g_col\[1\].pe/_2321_,VGND,li1,363.8600,54.4000,0.000184
g_row\[1\].g_col\[1\].pe/_2320_,VGND,li1,361.3300,48.9600,0.000141
g_row\[1\].g_col\[1\].pe/_2319_,VGND,li1,360.4100,48.9600,0.000138
g_row\[1\].g_col\[1\].pe/_2318_,VGND,li1,354.4300,48.9600,0.000130
g_row\[1\].g_col\[1\].pe/_2317_,VGND,li1,345.6900,48.9600,0.000117
g_row\[1\].g_col\[1\].pe/_2316_,VGND,li1,346.1500,48.9600,0.000120
g_row\[1\].g_col\[1\].pe/_2315_,VGND,li1,343.6200,48.9600,0.000114
g_row\[1\].g_col\[1\].pe/_2314_,VGND,li1,336.9500,43.5200,0.000082
g_row\[1\].g_col\[1\].pe/_2313_,VGND,li1,331.2000,43.5200,0.000082
g_row\[1\].g_col\[1\].pe/_2312_,VGND,li1,341.7800,43.5200,0.000087
g_row\[1\].g_col\[1\].pe/_2311_,VGND,li1,356.7300,43.5200,0.000103
g_row\[1\].g_col\[1\].pe/_2310_,VGND,li1,370.5300,48.9600,0.000151
g_row\[1\].g_col\[1\].pe/_2309_,VGND,li1,381.1100,43.5200,0.000122
g_row\[1\].g_col\[1\].pe/_2308_,VGND,li1,363.6300,87.0400,0.000302
g_row\[1\].g_col\[1\].pe/_2307_,VGND,li1,368.6900,81.6000,0.000354
g_row\[1\].g_col\[1\].pe/_2306_,VGND,li1,372.6000,76.1600,0.000202
g_row\[1\].g_col\[1\].pe/_2305_,VGND,li1,373.2900,76.1600,0.000202
g_row\[1\].g_col\[1\].pe/_2304_,VGND,li1,378.1200,70.7200,0.000214
g_row\[1\].g_col\[1\].pe/_2303_,VGND,li1,383.8700,65.2800,0.000286
g_row\[1\].g_col\[1\].pe/_2302_,VGND,li1,382.9500,59.8400,0.000274
g_row\[1\].g_col\[1\].pe/_2301_,VGND,li1,373.0600,70.7200,0.000212
g_row\[1\].g_col\[1\].pe/_2300_,VGND,li1,377.4300,70.7200,0.000214
g_row\[1\].g_col\[1\].pe/_2299_,VGND,li1,385.7100,65.2800,0.000288
g_row\[1\].g_col\[1\].pe/_2298_,VGND,li1,386.1700,59.8400,0.000277
g_row\[1\].g_col\[1\].pe/_2297_,VGND,li1,387.5500,54.4000,0.000224
g_row\[1\].g_col\[1\].pe/_2296_,VGND,li1,388.9300,48.9600,0.000162
g_row\[1\].g_col\[1\].pe/_2295_,VGND,li1,388.4700,43.5200,0.000125
g_row\[1\].g_col\[1\].pe/_2294_,VGND,li1,391.2300,54.4000,0.000225
g_row\[1\].g_col\[1\].pe/_2293_,VGND,li1,388.2400,48.9600,0.000162
g_row\[1\].g_col\[1\].pe/_2292_,VGND,li1,384.7900,43.5200,0.000124
g_row\[1\].g_col\[1\].pe/_2291_,VGND,li1,383.1800,48.9600,0.000161
g_row\[1\].g_col\[1\].pe/_2290_,VGND,li1,383.8700,43.5200,0.000124
g_row\[1\].g_col\[1\].pe/_2289_,VGND,li1,377.4300,38.0800,0.000140
g_row\[1\].g_col\[1\].pe/_2288_,VGND,li1,375.5900,43.5200,0.000119
g_row\[1\].g_col\[1\].pe/_2287_,VGND,li1,382.0300,48.9600,0.000159
g_row\[1\].g_col\[1\].pe/_2286_,VGND,li1,376.0500,48.9600,0.000155
g_row\[1\].g_col\[1\].pe/_2285_,VGND,li1,372.3700,43.5200,0.000116
g_row\[1\].g_col\[1\].pe/_2284_,VGND,li1,367.7700,48.9600,0.000148
g_row\[1\].g_col\[1\].pe/_2283_,VGND,li1,366.6200,43.5200,0.000111
g_row\[1\].g_col\[1\].pe/_2282_,VGND,li1,364.0900,43.5200,0.000109
g_row\[1\].g_col\[1\].pe/_2281_,VGND,li1,358.5700,43.5200,0.000105
g_row\[1\].g_col\[1\].pe/_2280_,VGND,li1,352.5900,43.5200,0.000099
g_row\[1\].g_col\[1\].pe/_2279_,VGND,li1,333.9600,38.0800,0.000090
g_row\[1\].g_col\[1\].pe/_2278_,VGND,li1,345.4600,43.5200,0.000092
g_row\[1\].g_col\[1\].pe/_2277_,VGND,li1,369.8400,38.0800,0.000133
g_row\[1\].g_col\[1\].pe/_2276_,VGND,li1,371.4500,48.9600,0.000151
g_row\[1\].g_col\[1\].pe/_2275_,VGND,li1,298.0800,48.9600,0.000185
g_row\[1\].g_col\[1\].pe/_2274_,VGND,li1,278.3000,48.9600,0.000232
g_row\[1\].g_col\[1\].pe/_2273_,VGND,li1,377.8900,43.5200,0.000121
g_row\[1\].g_col\[1\].pe/_2272_,VGND,li1,388.9300,43.5200,0.000125
g_row\[1\].g_col\[1\].pe/_2271_,VGND,li1,384.3300,38.0800,0.000145
g_row\[1\].g_col\[1\].pe/_2270_,VGND,li1,386.6300,48.9600,0.000161
g_row\[1\].g_col\[1\].pe/_2269_,VGND,li1,369.1500,81.6000,0.000354
g_row\[1\].g_col\[1\].pe/_2268_,VGND,li1,380.6500,81.6000,0.000374
g_row\[1\].g_col\[1\].pe/_2267_,VGND,li1,382.0300,81.6000,0.000376
g_row\[1\].g_col\[1\].pe/_2266_,VGND,li1,386.1700,76.1600,0.000209
g_row\[1\].g_col\[1\].pe/_2265_,VGND,li1,383.8700,76.1600,0.000207
g_row\[1\].g_col\[1\].pe/_2264_,VGND,li1,383.1800,76.1600,0.000207
g_row\[1\].g_col\[1\].pe/_2263_,VGND,li1,385.7100,59.8400,0.000277
g_row\[1\].g_col\[1\].pe/_2262_,VGND,li1,382.9500,59.8400,0.000274
g_row\[1\].g_col\[1\].pe/_2261_,VGND,li1,388.4700,59.8400,0.000278
g_row\[1\].g_col\[1\].pe/_2260_,VGND,li1,386.6300,54.4000,0.000224
g_row\[1\].g_col\[1\].pe/_2259_,VGND,li1,382.0300,32.6400,0.000162
g_row\[1\].g_col\[1\].pe/_2258_,VGND,li1,380.8800,38.0800,0.000142
g_row\[1\].g_col\[1\].pe/_2257_,VGND,li1,388.4700,38.0800,0.000149
g_row\[1\].g_col\[1\].pe/_2256_,VGND,li1,360.8700,38.0800,0.000123
g_row\[1\].g_col\[1\].pe/_2255_,VGND,li1,389.3900,38.0800,0.000149
g_row\[1\].g_col\[1\].pe/_2254_,VGND,li1,372.3700,32.6400,0.000149
g_row\[1\].g_col\[1\].pe/_2253_,VGND,li1,368.2300,27.2000,0.000168
g_row\[1\].g_col\[1\].pe/_2252_,VGND,li1,383.4100,38.0800,0.000145
g_row\[1\].g_col\[1\].pe/_2251_,VGND,li1,368.0000,43.5200,0.000114
g_row\[1\].g_col\[1\].pe/_2250_,VGND,li1,363.1700,38.0800,0.000125
g_row\[1\].g_col\[1\].pe/_2249_,VGND,li1,363.1700,43.5200,0.000109
g_row\[1\].g_col\[1\].pe/_2248_,VGND,li1,306.5900,43.5200,0.000130
g_row\[1\].g_col\[1\].pe/_2247_,VGND,li1,300.3800,43.5200,0.000143
g_row\[1\].g_col\[1\].pe/_2246_,VGND,li1,379.7300,43.5200,0.000122
g_row\[1\].g_col\[1\].pe/_2245_,VGND,li1,376.5100,38.0800,0.000140
g_row\[1\].g_col\[1\].pe/_2244_,VGND,li1,370.9900,38.0800,0.000133
g_row\[1\].g_col\[1\].pe/_2243_,VGND,li1,353.9700,38.0800,0.000114
g_row\[1\].g_col\[1\].pe/_2242_,VGND,li1,342.2400,38.0800,0.000100
g_row\[1\].g_col\[1\].pe/_2241_,VGND,li1,345.9200,38.0800,0.000105
g_row\[1\].g_col\[1\].pe/_2240_,VGND,li1,310.0400,38.0800,0.000139
g_row\[1\].g_col\[1\].pe/_2239_,VGND,li1,359.0300,43.5200,0.000105
g_row\[1\].g_col\[1\].pe/_2238_,VGND,li1,387.3200,32.6400,0.000165
g_row\[1\].g_col\[1\].pe/_2237_,VGND,li1,386.6300,87.0400,0.000330
g_row\[1\].g_col\[1\].pe/_2236_,VGND,li1,386.1700,81.6000,0.000379
g_row\[1\].g_col\[1\].pe/_2235_,VGND,li1,389.3900,76.1600,0.000209
g_row\[1\].g_col\[1\].pe/_2234_,VGND,li1,387.0900,65.2800,0.000288
g_row\[1\].g_col\[1\].pe/_2233_,VGND,li1,390.0800,65.2800,0.000290
g_row\[1\].g_col\[1\].pe/_2232_,VGND,li1,388.4700,27.2000,0.000186
g_row\[1\].g_col\[1\].pe/_2231_,VGND,li1,389.3900,21.7600,0.000226
g_row\[1\].g_col\[1\].pe/_2230_,VGND,li1,386.6300,32.6400,0.000165
g_row\[1\].g_col\[1\].pe/_2229_,VGND,li1,387.3200,27.2000,0.000186
g_row\[1\].g_col\[1\].pe/_2228_,VGND,li1,379.9600,27.2000,0.000181
g_row\[1\].g_col\[1\].pe/_2227_,VGND,li1,382.9500,27.2000,0.000185
g_row\[1\].g_col\[1\].pe/_2226_,VGND,li1,382.9500,27.2000,0.000185
g_row\[1\].g_col\[1\].pe/_2225_,VGND,li1,358.5700,21.7600,0.000175
g_row\[1\].g_col\[1\].pe/_2224_,VGND,li1,382.9500,32.6400,0.000162
g_row\[1\].g_col\[1\].pe/_2223_,VGND,li1,370.9900,27.2000,0.000172
g_row\[1\].g_col\[1\].pe/_2222_,VGND,li1,373.7500,27.2000,0.000174
g_row\[1\].g_col\[1\].pe/_2221_,VGND,li1,376.9700,32.6400,0.000157
g_row\[1\].g_col\[1\].pe/_2220_,VGND,li1,367.7700,32.6400,0.000142
g_row\[1\].g_col\[1\].pe/_2219_,VGND,li1,361.7900,32.6400,0.000134
g_row\[1\].g_col\[1\].pe/_2218_,VGND,li1,359.0300,38.0800,0.000119
g_row\[1\].g_col\[1\].pe/_2217_,VGND,li1,353.5100,32.6400,0.000120
g_row\[1\].g_col\[1\].pe/_2216_,VGND,li1,345.9200,38.0800,0.000105
g_row\[1\].g_col\[1\].pe/_2215_,VGND,li1,345.4600,43.5200,0.000092
g_row\[1\].g_col\[1\].pe/_2214_,VGND,li1,309.8100,32.6400,0.000111
g_row\[1\].g_col\[1\].pe/_2213_,VGND,li1,357.6500,32.6400,0.000127
g_row\[1\].g_col\[1\].pe/_2212_,VGND,li1,370.9900,32.6400,0.000149
g_row\[1\].g_col\[1\].pe/_2211_,VGND,li1,367.7700,38.0800,0.000130
g_row\[1\].g_col\[1\].pe/_2210_,VGND,li1,310.7300,38.0800,0.000139
g_row\[1\].g_col\[1\].pe/_2209_,VGND,li1,305.2100,38.0800,0.000150
g_row\[1\].g_col\[1\].pe/_2208_,VGND,li1,299.9200,38.0800,0.000161
g_row\[1\].g_col\[1\].pe/_2207_,VGND,li1,307.9700,43.5200,0.000130
g_row\[1\].g_col\[1\].pe/_2206_,VGND,li1,272.7800,38.0800,0.000213
g_row\[1\].g_col\[1\].pe/_2205_,VGND,li1,273.2400,38.0800,0.000213
g_row\[1\].g_col\[1\].pe/_2204_,VGND,li1,257.3700,43.5200,0.000209
g_row\[1\].g_col\[1\].pe/_2203_,VGND,li1,376.0500,21.7600,0.000210
g_row\[1\].g_col\[1\].pe/_2202_,VGND,li1,385.7100,27.2000,0.000186
g_row\[1\].g_col\[1\].pe/_2201_,VGND,li1,384.7900,70.7200,0.000216
g_row\[1\].g_col\[1\].pe/_2200_,VGND,li1,388.9300,65.2800,0.000290
g_row\[1\].g_col\[1\].pe/_2199_,VGND,li1,388.9300,87.0400,0.000330
g_row\[1\].g_col\[1\].pe/_2198_,VGND,li1,386.8600,76.1600,0.000209
g_row\[1\].g_col\[1\].pe/_2197_,VGND,li1,388.0100,70.7200,0.000216
g_row\[1\].g_col\[1\].pe/_2196_,VGND,li1,387.5500,70.7200,0.000216
g_row\[1\].g_col\[1\].pe/_2195_,VGND,li1,388.9300,21.7600,0.000226
g_row\[1\].g_col\[1\].pe/_2194_,VGND,li1,385.2500,21.7600,0.000224
g_row\[1\].g_col\[1\].pe/_2193_,VGND,li1,382.4900,10.8800,0.000089
g_row\[1\].g_col\[1\].pe/_2192_,VGND,li1,377.8900,10.8800,0.000087
g_row\[1\].g_col\[1\].pe/_2191_,VGND,li1,382.4900,21.7600,0.000222
g_row\[1\].g_col\[1\].pe/_2190_,VGND,li1,380.6500,21.7600,0.000219
g_row\[1\].g_col\[1\].pe/_2189_,VGND,li1,379.2700,21.7600,0.000216
g_row\[1\].g_col\[1\].pe/_2188_,VGND,li1,362.2500,27.2000,0.000159
g_row\[1\].g_col\[1\].pe/_2187_,VGND,li1,364.0900,21.7600,0.000188
g_row\[1\].g_col\[1\].pe/_2186_,VGND,li1,374.6700,21.7600,0.000210
g_row\[1\].g_col\[1\].pe/_2185_,VGND,li1,374.6700,16.3200,0.000195
g_row\[1\].g_col\[1\].pe/_2184_,VGND,li1,371.2200,16.3200,0.000192
g_row\[1\].g_col\[1\].pe/_2183_,VGND,li1,371.4500,21.7600,0.000201
g_row\[1\].g_col\[1\].pe/_2182_,VGND,li1,364.0900,21.7600,0.000188
g_row\[1\].g_col\[1\].pe/_2181_,VGND,li1,359.4900,27.2000,0.000155
g_row\[1\].g_col\[1\].pe/_2180_,VGND,li1,359.4900,32.6400,0.000131
g_row\[1\].g_col\[1\].pe/_2179_,VGND,li1,350.2900,32.6400,0.000115
g_row\[1\].g_col\[1\].pe/_2178_,VGND,li1,342.7000,32.6400,0.000101
g_row\[1\].g_col\[1\].pe/_2177_,VGND,li1,335.8000,32.6400,0.000088
g_row\[1\].g_col\[1\].pe/_2176_,VGND,li1,299.6900,27.2000,0.000140
g_row\[1\].g_col\[1\].pe/_2175_,VGND,li1,295.5500,27.2000,0.000143
g_row\[1\].g_col\[1\].pe/_2174_,VGND,li1,365.0100,27.2000,0.000163
g_row\[1\].g_col\[1\].pe/_2173_,VGND,li1,369.6100,27.2000,0.000168
g_row\[1\].g_col\[1\].pe/_2172_,VGND,li1,310.2700,32.6400,0.000111
g_row\[1\].g_col\[1\].pe/_2171_,VGND,li1,305.2100,32.6400,0.000116
g_row\[1\].g_col\[1\].pe/_2170_,VGND,li1,296.7000,32.6400,0.000127
g_row\[1\].g_col\[1\].pe/_2169_,VGND,li1,305.6700,32.6400,0.000116
g_row\[1\].g_col\[1\].pe/_2168_,VGND,li1,273.4700,32.6400,0.000148
g_row\[1\].g_col\[1\].pe/_2167_,VGND,li1,276.4600,32.6400,0.000146
g_row\[1\].g_col\[1\].pe/_2166_,VGND,li1,269.7900,32.6400,0.000151
g_row\[1\].g_col\[1\].pe/_2165_,VGND,li1,273.2400,32.6400,0.000148
g_row\[1\].g_col\[1\].pe/_2164_,VGND,li1,259.2100,27.2000,0.000159
g_row\[1\].g_col\[1\].pe/_2163_,VGND,li1,270.7100,32.6400,0.000151
g_row\[1\].g_col\[1\].pe/_2162_,VGND,li1,382.0300,16.3200,0.000200
g_row\[1\].g_col\[1\].pe/_2161_,VGND,li1,390.7700,16.3200,0.000202
g_row\[1\].g_col\[1\].pe/_2160_,VGND,li1,384.3300,92.4800,0.000508
g_row\[1\].g_col\[1\].pe/_2159_,VGND,li1,375.5900,87.0400,0.000319
g_row\[1\].g_col\[1\].pe/_2158_,VGND,li1,376.7400,76.1600,0.000204
g_row\[1\].g_col\[1\].pe/_2157_,VGND,li1,381.1100,76.1600,0.000206
g_row\[1\].g_col\[1\].pe/_2156_,VGND,li1,384.3300,70.7200,0.000216
g_row\[1\].g_col\[1\].pe/_2155_,VGND,li1,381.3400,70.7200,0.000215
g_row\[1\].g_col\[1\].pe/_2154_,VGND,li1,349.1400,70.7200,0.000174
g_row\[1\].g_col\[1\].pe/_2153_,VGND,li1,351.9000,65.2800,0.000219
g_row\[1\].g_col\[1\].pe/_2152_,VGND,li1,368.2300,70.7200,0.000207
g_row\[1\].g_col\[1\].pe/_2151_,VGND,li1,350.7500,76.1600,0.000164
g_row\[1\].g_col\[1\].pe/_2150_,VGND,li1,348.6800,70.7200,0.000174
g_row\[1\].g_col\[1\].pe/_2149_,VGND,li1,388.4700,10.8800,0.000091
g_row\[1\].g_col\[1\].pe/_2148_,VGND,li1,386.6300,16.3200,0.000202
g_row\[1\].g_col\[1\].pe/_2147_,VGND,li1,386.1700,16.3200,0.000202
g_row\[1\].g_col\[1\].pe/_2146_,VGND,li1,380.1900,16.3200,0.000199
g_row\[1\].g_col\[1\].pe/_2145_,VGND,li1,349.8300,16.3200,0.000159
g_row\[1\].g_col\[1\].pe/_2144_,VGND,li1,373.7500,16.3200,0.000195
g_row\[1\].g_col\[1\].pe/_2143_,VGND,li1,366.3900,16.3200,0.000186
g_row\[1\].g_col\[1\].pe/_2142_,VGND,li1,359.4900,21.7600,0.000175
g_row\[1\].g_col\[1\].pe/_2141_,VGND,li1,357.6500,27.2000,0.000152
g_row\[1\].g_col\[1\].pe/_2140_,VGND,li1,347.5300,32.6400,0.000109
g_row\[1\].g_col\[1\].pe/_2139_,VGND,li1,349.6000,38.0800,0.000108
g_row\[1\].g_col\[1\].pe/_2138_,VGND,li1,336.7200,32.6400,0.000088
g_row\[1\].g_col\[1\].pe/_2137_,VGND,li1,302.9100,16.3200,0.000190
g_row\[1\].g_col\[1\].pe/_2136_,VGND,li1,348.2200,27.2000,0.000137
g_row\[1\].g_col\[1\].pe/_2135_,VGND,li1,372.8300,10.8800,0.000085
g_row\[1\].g_col\[1\].pe/_2134_,VGND,li1,368.6900,16.3200,0.000190
g_row\[1\].g_col\[1\].pe/_2133_,VGND,li1,369.8400,10.8800,0.000084
g_row\[1\].g_col\[1\].pe/_2132_,VGND,li1,305.2100,27.2000,0.000137
g_row\[1\].g_col\[1\].pe/_2131_,VGND,li1,298.7700,32.6400,0.000123
g_row\[1\].g_col\[1\].pe/_2130_,VGND,li1,295.3200,38.0800,0.000170
g_row\[1\].g_col\[1\].pe/_2129_,VGND,li1,299.2300,27.2000,0.000141
g_row\[1\].g_col\[1\].pe/_2128_,VGND,li1,296.7000,27.2000,0.000143
g_row\[1\].g_col\[1\].pe/_2127_,VGND,li1,292.3300,27.2000,0.000145
g_row\[1\].g_col\[1\].pe/_2126_,VGND,li1,255.0700,32.6400,0.000162
g_row\[1\].g_col\[1\].pe/_2125_,VGND,li1,248.8600,27.2000,0.000161
g_row\[1\].g_col\[1\].pe/_2124_,VGND,li1,281.2900,27.2000,0.000151
g_row\[1\].g_col\[1\].pe/_2123_,VGND,li1,281.5200,27.2000,0.000151
g_row\[1\].g_col\[1\].pe/_2122_,VGND,li1,257.3700,27.2000,0.000159
g_row\[1\].g_col\[1\].pe/_2121_,VGND,li1,278.5300,27.2000,0.000153
g_row\[1\].g_col\[1\].pe/_2120_,VGND,li1,352.1300,21.7600,0.000160
g_row\[1\].g_col\[1\].pe/_2119_,VGND,li1,342.9300,21.7600,0.000136
g_row\[1\].g_col\[1\].pe/_2118_,VGND,li1,364.0900,16.3200,0.000184
g_row\[1\].g_col\[1\].pe/_2117_,VGND,li1,362.7100,10.8800,0.000080
g_row\[1\].g_col\[1\].pe/_2116_,VGND,li1,383.4100,87.0400,0.000329
g_row\[1\].g_col\[1\].pe/_2115_,VGND,li1,347.0700,87.0400,0.000241
g_row\[1\].g_col\[1\].pe/_2114_,VGND,li1,348.2200,76.1600,0.000155
g_row\[1\].g_col\[1\].pe/_2113_,VGND,li1,351.6700,76.1600,0.000164
g_row\[1\].g_col\[1\].pe/_2112_,VGND,li1,344.7700,76.1600,0.000150
g_row\[1\].g_col\[1\].pe/_2111_,VGND,li1,345.2300,70.7200,0.000166
g_row\[1\].g_col\[1\].pe/_2110_,VGND,li1,345.2300,65.2800,0.000203
g_row\[1\].g_col\[1\].pe/_2109_,VGND,li1,347.9900,65.2800,0.000211
g_row\[1\].g_col\[1\].pe/_2108_,VGND,li1,360.4100,16.3200,0.000179
g_row\[1\].g_col\[1\].pe/_2107_,VGND,li1,359.4900,16.3200,0.000179
g_row\[1\].g_col\[1\].pe/_2106_,VGND,li1,359.0300,10.8800,0.000078
g_row\[1\].g_col\[1\].pe/_2105_,VGND,li1,355.3500,16.3200,0.000170
g_row\[1\].g_col\[1\].pe/_2104_,VGND,li1,354.4300,16.3200,0.000170
g_row\[1\].g_col\[1\].pe/_2103_,VGND,li1,325.9100,16.3200,0.000138
g_row\[1\].g_col\[1\].pe/_2102_,VGND,li1,344.7700,10.8800,0.000066
g_row\[1\].g_col\[1\].pe/_2101_,VGND,li1,348.4500,10.8800,0.000069
g_row\[1\].g_col\[1\].pe/_2100_,VGND,li1,338.7900,10.8800,0.000060
g_row\[1\].g_col\[1\].pe/_2099_,VGND,li1,342.9300,16.3200,0.000148
g_row\[1\].g_col\[1\].pe/_2098_,VGND,li1,287.7300,16.3200,0.000219
g_row\[1\].g_col\[1\].pe/_2097_,VGND,li1,311.1900,16.3200,0.000173
g_row\[1\].g_col\[1\].pe/_2096_,VGND,li1,307.9700,10.8800,0.000081
g_row\[1\].g_col\[1\].pe/_2095_,VGND,li1,244.9500,16.3200,0.000284
g_row\[1\].g_col\[1\].pe/_2094_,VGND,li1,241.9600,16.3200,0.000286
g_row\[1\].g_col\[1\].pe/_2093_,VGND,li1,241.2700,10.8800,0.000110
g_row\[1\].g_col\[1\].pe/_2092_,VGND,li1,303.8300,10.8800,0.000085
g_row\[1\].g_col\[1\].pe/_2091_,VGND,li1,307.0500,16.3200,0.000181
g_row\[1\].g_col\[1\].pe/_2090_,VGND,li1,299.6900,38.0800,0.000161
g_row\[1\].g_col\[1\].pe/_2089_,VGND,li1,294.8600,38.0800,0.000170
g_row\[1\].g_col\[1\].pe/_2088_,VGND,li1,252.5400,16.3200,0.000275
g_row\[1\].g_col\[1\].pe/_2087_,VGND,li1,253.0000,10.8800,0.000109
g_row\[1\].g_col\[1\].pe/_2086_,VGND,li1,247.7100,16.3200,0.000281
g_row\[1\].g_col\[1\].pe/_2085_,VGND,li1,257.6000,16.3200,0.000269
g_row\[1\].g_col\[1\].pe/_2084_,VGND,li1,254.6100,27.2000,0.000160
g_row\[1\].g_col\[1\].pe/_2083_,VGND,li1,255.9900,21.7600,0.000242
g_row\[1\].g_col\[1\].pe/_2082_,VGND,li1,252.5400,16.3200,0.000275
g_row\[1\].g_col\[1\].pe/_2081_,VGND,li1,252.7700,21.7600,0.000245
g_row\[1\].g_col\[1\].pe/_2080_,VGND,li1,252.3100,21.7600,0.000245
g_row\[1\].g_col\[1\].pe/_2079_,VGND,li1,251.8500,27.2000,0.000160
g_row\[1\].g_col\[1\].pe/_2078_,VGND,li1,348.4500,16.3200,0.000159
g_row\[1\].g_col\[1\].pe/_2077_,VGND,li1,347.5300,21.7600,0.000148
g_row\[1\].g_col\[1\].pe/_2076_,VGND,li1,346.6100,21.7600,0.000148
g_row\[1\].g_col\[1\].pe/_2075_,VGND,li1,343.8500,27.2000,0.000130
g_row\[1\].g_col\[1\].pe/_2074_,VGND,li1,340.4000,32.6400,0.000097
g_row\[1\].g_col\[1\].pe/_2073_,VGND,li1,333.0400,32.6400,0.000080
g_row\[1\].g_col\[1\].pe/_2072_,VGND,li1,286.8100,21.7600,0.000198
g_row\[1\].g_col\[1\].pe/_2071_,VGND,li1,338.1000,21.7600,0.000126
g_row\[1\].g_col\[1\].pe/_2070_,VGND,li1,320.3900,16.3200,0.000151
g_row\[1\].g_col\[1\].pe/_2069_,VGND,li1,334.4200,16.3200,0.000130
g_row\[1\].g_col\[1\].pe/_2068_,VGND,li1,333.7300,10.8800,0.000055
g_row\[1\].g_col\[1\].pe/_2067_,VGND,li1,350.2900,27.2000,0.000141
g_row\[1\].g_col\[1\].pe/_2066_,VGND,li1,343.3900,65.2800,0.000197
g_row\[1\].g_col\[1\].pe/_2065_,VGND,li1,353.0500,87.0400,0.000271
g_row\[1\].g_col\[1\].pe/_2064_,VGND,li1,338.7900,81.6000,0.000238
g_row\[1\].g_col\[1\].pe/_2063_,VGND,li1,346.1500,81.6000,0.000271
g_row\[1\].g_col\[1\].pe/_2062_,VGND,li1,345.4600,70.7200,0.000166
g_row\[1\].g_col\[1\].pe/_2061_,VGND,li1,344.7700,76.1600,0.000150
g_row\[1\].g_col\[1\].pe/_2060_,VGND,li1,347.5300,65.2800,0.000211
g_row\[1\].g_col\[1\].pe/_2059_,VGND,li1,345.6900,27.2000,0.000133
g_row\[1\].g_col\[1\].pe/_2058_,VGND,li1,339.2500,16.3200,0.000139
g_row\[1\].g_col\[1\].pe/_2057_,VGND,li1,334.6500,16.3200,0.000130
g_row\[1\].g_col\[1\].pe/_2056_,VGND,li1,312.5700,10.8800,0.000076
g_row\[1\].g_col\[1\].pe/_2055_,VGND,li1,306.1300,21.7600,0.000163
g_row\[1\].g_col\[1\].pe/_2054_,VGND,li1,329.5900,16.3200,0.000127
g_row\[1\].g_col\[1\].pe/_2053_,VGND,li1,329.5900,10.8800,0.000056
g_row\[1\].g_col\[1\].pe/_2052_,VGND,li1,325.4500,16.3200,0.000138
g_row\[1\].g_col\[1\].pe/_2051_,VGND,li1,295.7800,10.8800,0.000092
g_row\[1\].g_col\[1\].pe/_2050_,VGND,li1,294.8600,16.3200,0.000206
g_row\[1\].g_col\[1\].pe/_2049_,VGND,li1,291.4100,10.8800,0.000096
g_row\[1\].g_col\[1\].pe/_2048_,VGND,li1,292.1000,16.3200,0.000211
g_row\[1\].g_col\[1\].pe/_2047_,VGND,li1,285.8900,16.3200,0.000225
g_row\[1\].g_col\[1\].pe/_2046_,VGND,li1,239.4300,16.3200,0.000288
g_row\[1\].g_col\[1\].pe/_2045_,VGND,li1,227.7000,16.3200,0.000298
g_row\[1\].g_col\[1\].pe/_2044_,VGND,li1,244.2600,16.3200,0.000284
g_row\[1\].g_col\[1\].pe/_2043_,VGND,li1,241.7300,21.7600,0.000256
g_row\[1\].g_col\[1\].pe/_2042_,VGND,li1,239.4300,21.7600,0.000258
g_row\[1\].g_col\[1\].pe/_2041_,VGND,li1,235.2900,32.6400,0.000170
g_row\[1\].g_col\[1\].pe/_2040_,VGND,li1,238.9700,27.2000,0.000162
g_row\[1\].g_col\[1\].pe/_2039_,VGND,li1,290.9500,21.7600,0.000190
g_row\[1\].g_col\[1\].pe/_2038_,VGND,li1,287.9600,21.7600,0.000194
g_row\[1\].g_col\[1\].pe/_2037_,VGND,li1,287.7300,32.6400,0.000135
g_row\[1\].g_col\[1\].pe/_2036_,VGND,li1,282.9000,38.0800,0.000194
g_row\[1\].g_col\[1\].pe/_2035_,VGND,li1,278.3000,16.3200,0.000236
g_row\[1\].g_col\[1\].pe/_2034_,VGND,li1,277.3800,21.7600,0.000212
g_row\[1\].g_col\[1\].pe/_2033_,VGND,li1,278.0700,21.7600,0.000209
g_row\[1\].g_col\[1\].pe/_2032_,VGND,li1,274.1600,21.7600,0.000215
g_row\[1\].g_col\[1\].pe/_2031_,VGND,li1,260.8200,27.2000,0.000159
g_row\[1\].g_col\[1\].pe/_2030_,VGND,li1,275.7700,27.2000,0.000154
g_row\[1\].g_col\[1\].pe/_2029_,VGND,li1,267.7200,21.7600,0.000225
g_row\[1\].g_col\[1\].pe/_2028_,VGND,li1,268.8700,21.7600,0.000225
g_row\[1\].g_col\[1\].pe/_2027_,VGND,li1,250.9300,27.2000,0.000160
g_row\[1\].g_col\[1\].pe/_2026_,VGND,li1,267.4900,27.2000,0.000156
g_row\[1\].g_col\[1\].pe/_2025_,VGND,li1,231.8400,16.3200,0.000296
g_row\[1\].g_col\[1\].pe/_2024_,VGND,li1,323.6100,10.8800,0.000063
g_row\[1\].g_col\[1\].pe/_2023_,VGND,li1,320.3900,16.3200,0.000151
g_row\[1\].g_col\[1\].pe/_2022_,VGND,li1,333.7300,21.7600,0.000116
g_row\[1\].g_col\[1\].pe/_2021_,VGND,li1,334.1900,21.7600,0.000116
g_row\[1\].g_col\[1\].pe/_2020_,VGND,li1,332.1200,32.6400,0.000080
g_row\[1\].g_col\[1\].pe/_2019_,VGND,li1,329.3600,38.0800,0.000094
g_row\[1\].g_col\[1\].pe/_2018_,VGND,li1,275.3100,16.3200,0.000243
g_row\[1\].g_col\[1\].pe/_2017_,VGND,li1,330.0500,21.7600,0.000115
g_row\[1\].g_col\[1\].pe/_2016_,VGND,li1,305.6700,21.7600,0.000163
g_row\[1\].g_col\[1\].pe/_2015_,VGND,li1,338.7900,27.2000,0.000117
g_row\[1\].g_col\[1\].pe/_2014_,VGND,li1,329.5900,27.2000,0.000109
g_row\[1\].g_col\[1\].pe/_2013_,VGND,li1,342.0100,65.2800,0.000188
g_row\[1\].g_col\[1\].pe/_2012_,VGND,li1,336.9500,70.7200,0.000140
g_row\[1\].g_col\[1\].pe/_2011_,VGND,li1,332.8100,87.0400,0.000169
g_row\[1\].g_col\[1\].pe/_2010_,VGND,li1,340.1700,76.1600,0.000137
g_row\[1\].g_col\[1\].pe/_2009_,VGND,li1,337.6400,70.7200,0.000140
g_row\[1\].g_col\[1\].pe/_2008_,VGND,li1,339.2500,76.1600,0.000137
g_row\[1\].g_col\[1\].pe/_2007_,VGND,li1,336.2600,76.1600,0.000126
g_row\[1\].g_col\[1\].pe/_2006_,VGND,li1,341.0900,70.7200,0.000154
g_row\[1\].g_col\[1\].pe/_2005_,VGND,li1,341.0900,65.2800,0.000188
g_row\[1\].g_col\[1\].pe/_2004_,VGND,li1,338.5600,65.2800,0.000176
g_row\[1\].g_col\[1\].pe/_2003_,VGND,li1,337.4100,65.2800,0.000176
g_row\[1\].g_col\[1\].pe/_2002_,VGND,li1,337.4100,27.2000,0.000117
g_row\[1\].g_col\[1\].pe/_2001_,VGND,li1,334.1900,27.2000,0.000109
g_row\[1\].g_col\[1\].pe/_2000_,VGND,li1,324.9900,27.2000,0.000115
g_row\[1\].g_col\[1\].pe/_1999_,VGND,li1,326.3700,21.7600,0.000123
g_row\[1\].g_col\[1\].pe/_1998_,VGND,li1,320.1600,27.2000,0.000121
g_row\[1\].g_col\[1\].pe/_1997_,VGND,li1,314.4100,16.3200,0.000166
g_row\[1\].g_col\[1\].pe/_1996_,VGND,li1,307.0500,16.3200,0.000181
g_row\[1\].g_col\[1\].pe/_1995_,VGND,li1,298.7700,16.3200,0.000198
g_row\[1\].g_col\[1\].pe/_1994_,VGND,li1,296.4700,21.7600,0.000180
g_row\[1\].g_col\[1\].pe/_1993_,VGND,li1,285.4300,10.8800,0.000099
g_row\[1\].g_col\[1\].pe/_1992_,VGND,li1,274.1600,10.8800,0.000105
g_row\[1\].g_col\[1\].pe/_1991_,VGND,li1,278.5300,10.8800,0.000103
g_row\[1\].g_col\[1\].pe/_1990_,VGND,li1,231.3800,10.8800,0.000108
g_row\[1\].g_col\[1\].pe/_1989_,VGND,li1,227.0100,16.3200,0.000300
g_row\[1\].g_col\[1\].pe/_1988_,VGND,li1,235.5200,16.3200,0.000292
g_row\[1\].g_col\[1\].pe/_1987_,VGND,li1,231.1500,16.3200,0.000296
g_row\[1\].g_col\[1\].pe/_1986_,VGND,li1,235.5200,21.7600,0.000262
g_row\[1\].g_col\[1\].pe/_1985_,VGND,li1,238.5100,21.7600,0.000260
g_row\[1\].g_col\[1\].pe/_1984_,VGND,li1,240.3500,27.2000,0.000162
g_row\[1\].g_col\[1\].pe/_1983_,VGND,li1,256.9100,27.2000,0.000159
g_row\[1\].g_col\[1\].pe/_1982_,VGND,li1,235.7500,27.2000,0.000162
g_row\[1\].g_col\[1\].pe/_1981_,VGND,li1,229.0800,43.5200,0.000206
g_row\[1\].g_col\[1\].pe/_1980_,VGND,li1,229.3100,21.7600,0.000266
g_row\[1\].g_col\[1\].pe/_1979_,VGND,li1,274.3900,16.3200,0.000243
g_row\[1\].g_col\[1\].pe/_1978_,VGND,li1,279.4500,16.3200,0.000236
g_row\[1\].g_col\[1\].pe/_1977_,VGND,li1,278.9900,48.9600,0.000232
g_row\[1\].g_col\[1\].pe/_1976_,VGND,li1,281.5200,43.5200,0.000175
g_row\[1\].g_col\[1\].pe/_1975_,VGND,li1,265.8800,16.3200,0.000257
g_row\[1\].g_col\[1\].pe/_1974_,VGND,li1,266.1100,10.8800,0.000107
g_row\[1\].g_col\[1\].pe/_1973_,VGND,li1,261.5100,10.8800,0.000108
g_row\[1\].g_col\[1\].pe/_1972_,VGND,li1,261.2800,16.3200,0.000264
g_row\[1\].g_col\[1\].pe/_1971_,VGND,li1,260.8200,38.0800,0.000238
g_row\[1\].g_col\[1\].pe/_1970_,VGND,li1,261.0500,21.7600,0.000234
g_row\[1\].g_col\[1\].pe/_1969_,VGND,li1,260.3600,16.3200,0.000264
g_row\[1\].g_col\[1\].pe/_1968_,VGND,li1,264.2700,16.3200,0.000260
g_row\[1\].g_col\[1\].pe/_1967_,VGND,li1,254.1500,27.2000,0.000160
g_row\[1\].g_col\[1\].pe/_1966_,VGND,li1,258.2900,38.0800,0.000242
g_row\[1\].g_col\[1\].pe/_1965_,VGND,li1,261.9700,21.7600,0.000234
g_row\[1\].g_col\[1\].pe/_1964_,VGND,li1,311.6500,21.7600,0.000153
g_row\[1\].g_col\[1\].pe/_1963_,VGND,li1,310.7300,21.7600,0.000153
g_row\[1\].g_col\[1\].pe/_1962_,VGND,li1,322.4600,21.7600,0.000129
g_row\[1\].g_col\[1\].pe/_1961_,VGND,li1,319.9300,21.7600,0.000136
g_row\[1\].g_col\[1\].pe/_1960_,VGND,li1,324.9900,21.7600,0.000123
g_row\[1\].g_col\[1\].pe/_1959_,VGND,li1,322.2300,21.7600,0.000129
g_row\[1\].g_col\[1\].pe/_1958_,VGND,li1,321.5400,38.0800,0.000112
g_row\[1\].g_col\[1\].pe/_1957_,VGND,li1,319.7000,38.0800,0.000117
g_row\[1\].g_col\[1\].pe/_1956_,VGND,li1,287.2700,27.2000,0.000148
g_row\[1\].g_col\[1\].pe/_1955_,VGND,li1,284.2800,27.2000,0.000149
g_row\[1\].g_col\[1\].pe/_1954_,VGND,li1,317.6300,32.6400,0.000103
g_row\[1\].g_col\[1\].pe/_1953_,VGND,li1,335.5700,54.4000,0.000118
g_row\[1\].g_col\[1\].pe/_1952_,VGND,li1,331.8900,54.4000,0.000109
g_row\[1\].g_col\[1\].pe/_1951_,VGND,li1,334.4200,70.7200,0.000130
g_row\[1\].g_col\[1\].pe/_1950_,VGND,li1,339.2500,92.4800,0.000295
g_row\[1\].g_col\[1\].pe/_1948_,VGND,li1,330.0500,87.0400,0.000170
g_row\[1\].g_col\[1\].pe/_1947_,VGND,li1,334.1900,87.0400,0.000180
g_row\[1\].g_col\[1\].pe/_1946_,VGND,li1,332.8100,92.4800,0.000234
g_row\[1\].g_col\[1\].pe/_1945_,VGND,li1,336.0300,81.6000,0.000225
g_row\[1\].g_col\[1\].pe/_1944_,VGND,li1,332.1200,81.6000,0.000205
g_row\[1\].g_col\[1\].pe/_1943_,VGND,li1,335.1100,76.1600,0.000126
g_row\[1\].g_col\[1\].pe/_1942_,VGND,li1,342.0100,70.7200,0.000154
g_row\[1\].g_col\[1\].pe/_1941_,VGND,li1,333.9600,70.7200,0.000130
g_row\[1\].g_col\[1\].pe/_1940_,VGND,li1,335.5700,65.2800,0.000163
g_row\[1\].g_col\[1\].pe/_1939_,VGND,li1,336.4900,59.8400,0.000157
g_row\[1\].g_col\[1\].pe/_1938_,VGND,li1,333.2700,59.8400,0.000142
g_row\[1\].g_col\[1\].pe/_1937_,VGND,li1,325.4500,54.4000,0.000122
g_row\[1\].g_col\[1\].pe/_1936_,VGND,li1,295.5500,59.8400,0.000218
g_row\[1\].g_col\[1\].pe/_1935_,VGND,li1,330.9700,27.2000,0.000109
g_row\[1\].g_col\[1\].pe/_1934_,VGND,li1,324.5300,27.2000,0.000117
g_row\[1\].g_col\[1\].pe/_1933_,VGND,li1,290.9500,54.4000,0.000180
g_row\[1\].g_col\[1\].pe/_1932_,VGND,li1,256.9100,48.9600,0.000276
g_row\[1\].g_col\[1\].pe/_1931_,VGND,li1,300.6100,21.7600,0.000173
g_row\[1\].g_col\[1\].pe/_1930_,VGND,li1,296.9300,21.7600,0.000180
g_row\[1\].g_col\[1\].pe/_1929_,VGND,li1,252.3100,48.9600,0.000284
g_row\[1\].g_col\[1\].pe/_1928_,VGND,li1,235.9800,54.4000,0.000227
g_row\[1\].g_col\[1\].pe/_1927_,VGND,li1,230.6900,21.7600,0.000266
g_row\[1\].g_col\[1\].pe/_1926_,VGND,li1,227.4700,27.2000,0.000161
g_row\[1\].g_col\[1\].pe/_1925_,VGND,li1,225.1700,27.2000,0.000161
g_row\[1\].g_col\[1\].pe/_1924_,VGND,li1,228.6200,27.2000,0.000161
g_row\[1\].g_col\[1\].pe/_1923_,VGND,li1,243.5700,27.2000,0.000161
g_row\[1\].g_col\[1\].pe/_1922_,VGND,li1,260.1300,21.7600,0.000237
g_row\[1\].g_col\[1\].pe/_1921_,VGND,li1,223.1000,27.2000,0.000160
g_row\[1\].g_col\[1\].pe/_1920_,VGND,li1,231.1500,27.2000,0.000162
g_row\[1\].g_col\[1\].pe/_1919_,VGND,li1,232.5300,21.7600,0.000264
g_row\[1\].g_col\[1\].pe/_1918_,VGND,li1,223.3300,10.8800,0.000106
g_row\[1\].g_col\[1\].pe/_1917_,VGND,li1,226.0900,21.7600,0.000268
g_row\[1\].g_col\[1\].pe/_1916_,VGND,li1,292.3300,27.2000,0.000145
g_row\[1\].g_col\[1\].pe/_1915_,VGND,li1,285.8900,32.6400,0.000136
g_row\[1\].g_col\[1\].pe/_1914_,VGND,li1,282.9000,38.0800,0.000194
g_row\[1\].g_col\[1\].pe/_1913_,VGND,li1,286.3500,27.2000,0.000148
g_row\[1\].g_col\[1\].pe/_1912_,VGND,li1,281.7500,32.6400,0.000141
g_row\[1\].g_col\[1\].pe/_1911_,VGND,li1,267.2600,38.0800,0.000225
g_row\[1\].g_col\[1\].pe/_1910_,VGND,li1,266.5700,32.6400,0.000154
g_row\[1\].g_col\[1\].pe/_1909_,VGND,li1,261.7400,32.6400,0.000157
g_row\[1\].g_col\[1\].pe/_1908_,VGND,li1,323.1500,32.6400,0.000093
g_row\[1\].g_col\[1\].pe/_1907_,VGND,li1,317.6300,27.2000,0.000125
g_row\[1\].g_col\[1\].pe/_1906_,VGND,li1,316.4800,27.2000,0.000125
g_row\[1\].g_col\[1\].pe/_1905_,VGND,li1,313.0300,27.2000,0.000130
g_row\[1\].g_col\[1\].pe/_1904_,VGND,li1,314.8700,21.7600,0.000144
g_row\[1\].g_col\[1\].pe/_1903_,VGND,li1,309.8100,27.2000,0.000132
g_row\[1\].g_col\[1\].pe/_1902_,VGND,li1,304.5200,48.9600,0.000169
g_row\[1\].g_col\[1\].pe/_1901_,VGND,li1,312.8000,43.5200,0.000118
g_row\[1\].g_col\[1\].pe/_1900_,VGND,li1,290.9500,43.5200,0.000159
g_row\[1\].g_col\[1\].pe/_1899_,VGND,li1,278.7600,38.0800,0.000202
g_row\[1\].g_col\[1\].pe/_1898_,VGND,li1,319.4700,54.4000,0.000133
g_row\[1\].g_col\[1\].pe/_1897_,VGND,li1,325.9100,65.2800,0.000163
g_row\[1\].g_col\[1\].pe/_1896_,VGND,li1,331.8900,65.2800,0.000151
g_row\[1\].g_col\[1\].pe/_1895_,VGND,li1,327.0600,92.4800,0.000241
g_row\[1\].g_col\[1\].pe/_1894_,VGND,li1,326.3700,76.1600,0.000129
g_row\[1\].g_col\[1\].pe/_1893_,VGND,li1,313.4900,108.8000,0.000203
g_row\[1\].g_col\[1\].pe/_1892_,VGND,li1,325.4500,97.9200,0.000216
g_row\[1\].g_col\[1\].pe/_1891_,VGND,li1,327.2900,97.9200,0.000212
g_row\[1\].g_col\[1\].pe/_1890_,VGND,li1,326.8300,81.6000,0.000225
g_row\[1\].g_col\[1\].pe/_1889_,VGND,li1,328.6700,76.1600,0.000126
g_row\[1\].g_col\[1\].pe/_1888_,VGND,li1,325.6800,76.1600,0.000129
g_row\[1\].g_col\[1\].pe/_1887_,VGND,li1,325.4500,70.7200,0.000134
g_row\[1\].g_col\[1\].pe/_1886_,VGND,li1,327.2900,70.7200,0.000132
g_row\[1\].g_col\[1\].pe/_1885_,VGND,li1,330.9700,65.2800,0.000151
g_row\[1\].g_col\[1\].pe/_1884_,VGND,li1,310.7300,65.2800,0.000191
g_row\[1\].g_col\[1\].pe/_1883_,VGND,li1,303.3700,65.2800,0.000203
g_row\[1\].g_col\[1\].pe/_1882_,VGND,li1,327.2900,65.2800,0.000163
g_row\[1\].g_col\[1\].pe/_1881_,VGND,li1,296.0100,59.8400,0.000218
g_row\[1\].g_col\[1\].pe/_1880_,VGND,li1,283.1300,59.8400,0.000236
g_row\[1\].g_col\[1\].pe/_1879_,VGND,li1,253.2300,59.8400,0.000269
g_row\[1\].g_col\[1\].pe/_1878_,VGND,li1,293.7100,54.4000,0.000177
g_row\[1\].g_col\[1\].pe/_1877_,VGND,li1,257.3700,54.4000,0.000215
g_row\[1\].g_col\[1\].pe/_1876_,VGND,li1,243.5700,59.8400,0.000276
g_row\[1\].g_col\[1\].pe/_1875_,VGND,li1,240.5800,59.8400,0.000277
g_row\[1\].g_col\[1\].pe/_1874_,VGND,li1,254.6100,54.4000,0.000217
g_row\[1\].g_col\[1\].pe/_1873_,VGND,li1,250.4700,48.9600,0.000287
g_row\[1\].g_col\[1\].pe/_1872_,VGND,li1,248.4000,43.5200,0.000217
g_row\[1\].g_col\[1\].pe/_1871_,VGND,li1,237.5900,54.4000,0.000227
g_row\[1\].g_col\[1\].pe/_1870_,VGND,li1,231.6100,54.4000,0.000228
g_row\[1\].g_col\[1\].pe/_1869_,VGND,li1,229.7700,65.2800,0.000253
g_row\[1\].g_col\[1\].pe/_1868_,VGND,li1,288.1900,43.5200,0.000164
g_row\[1\].g_col\[1\].pe/_1867_,VGND,li1,287.7300,38.0800,0.000187
g_row\[1\].g_col\[1\].pe/_1866_,VGND,li1,286.1200,43.5200,0.000167
g_row\[1\].g_col\[1\].pe/_1865_,VGND,li1,281.2900,43.5200,0.000175
g_row\[1\].g_col\[1\].pe/_1864_,VGND,li1,275.3100,43.5200,0.000183
g_row\[1\].g_col\[1\].pe/_1863_,VGND,li1,270.4800,43.5200,0.000190
g_row\[1\].g_col\[1\].pe/_1862_,VGND,li1,267.0300,43.5200,0.000197
g_row\[1\].g_col\[1\].pe/_1861_,VGND,li1,263.5800,38.0800,0.000231
g_row\[1\].g_col\[1\].pe/_1860_,VGND,li1,323.6100,59.8400,0.000161
g_row\[1\].g_col\[1\].pe/_1859_,VGND,li1,320.8500,54.4000,0.000133
g_row\[1\].g_col\[1\].pe/_1858_,VGND,li1,323.8400,32.6400,0.000093
g_row\[1\].g_col\[1\].pe/_1857_,VGND,li1,322.6900,38.0800,0.000112
g_row\[1\].g_col\[1\].pe/_1856_,VGND,li1,321.7700,27.2000,0.000121
g_row\[1\].g_col\[1\].pe/_1855_,VGND,li1,319.4700,32.6400,0.000098
g_row\[1\].g_col\[1\].pe/_1854_,VGND,li1,317.8600,38.0800,0.000122
g_row\[1\].g_col\[1\].pe/_1853_,VGND,li1,316.9400,43.5200,0.000110
g_row\[1\].g_col\[1\].pe/_1852_,VGND,li1,278.9900,54.4000,0.000195
g_row\[1\].g_col\[1\].pe/_1851_,VGND,li1,274.6200,54.4000,0.000199
g_row\[1\].g_col\[1\].pe/_1850_,VGND,li1,323.1500,65.2800,0.000171
g_row\[1\].g_col\[1\].pe/_1849_,VGND,li1,319.9300,65.2800,0.000175
g_row\[1\].g_col\[1\].pe/_1848_,VGND,li1,322.6900,65.2800,0.000171
g_row\[1\].g_col\[1\].pe/_1847_,VGND,li1,321.7700,76.1600,0.000135
g_row\[1\].g_col\[1\].pe/_1846_,VGND,li1,321.7700,70.7200,0.000141
g_row\[1\].g_col\[1\].pe/_1845_,VGND,li1,318.0900,70.7200,0.000144
g_row\[1\].g_col\[1\].pe/_1844_,VGND,li1,322.4600,81.6000,0.000239
g_row\[1\].g_col\[1\].pe/_1843_,VGND,li1,326.3700,92.4800,0.000245
g_row\[1\].g_col\[1\].pe/_1842_,VGND,li1,316.4800,92.4800,0.000259
g_row\[1\].g_col\[1\].pe/_1841_,VGND,li1,325.4500,87.0400,0.000174
g_row\[1\].g_col\[1\].pe/_1840_,VGND,li1,323.1500,87.0400,0.000176
g_row\[1\].g_col\[1\].pe/_1838_,VGND,li1,307.0500,114.2400,0.000439
g_row\[1\].g_col\[1\].pe/_1836_,VGND,li1,313.2600,103.3600,0.000231
g_row\[1\].g_col\[1\].pe/_1835_,VGND,li1,318.7800,97.9200,0.000223
g_row\[1\].g_col\[1\].pe/_1834_,VGND,li1,318.0900,97.9200,0.000223
g_row\[1\].g_col\[1\].pe/_1833_,VGND,li1,315.3300,97.9200,0.000225
g_row\[1\].g_col\[1\].pe/_1832_,VGND,li1,320.1600,92.4800,0.000254
g_row\[1\].g_col\[1\].pe/_1831_,VGND,li1,311.6500,92.4800,0.000265
g_row\[1\].g_col\[1\].pe/_1830_,VGND,li1,320.6200,87.0400,0.000178
g_row\[1\].g_col\[1\].pe/_1829_,VGND,li1,306.5900,97.9200,0.000230
g_row\[1\].g_col\[1\].pe/_1828_,VGND,li1,307.0500,103.3600,0.000236
g_row\[1\].g_col\[1\].pe/_1827_,VGND,li1,310.7300,97.9200,0.000228
g_row\[1\].g_col\[1\].pe/_1826_,VGND,li1,308.4300,103.3600,0.000236
g_row\[1\].g_col\[1\].pe/_1825_,VGND,li1,300.1500,114.2400,0.000471
g_row\[1\].g_col\[1\].pe/_1824_,VGND,li1,295.5500,108.8000,0.000225
g_row\[1\].g_col\[1\].pe/_1823_,VGND,li1,304.2900,103.3600,0.000239
g_row\[1\].g_col\[1\].pe/_1822_,VGND,li1,297.6200,108.8000,0.000223
g_row\[1\].g_col\[1\].pe/_1821_,VGND,li1,304.0600,103.3600,0.000239
g_row\[1\].g_col\[1\].pe/_1820_,VGND,li1,299.2300,114.2400,0.000471
g_row\[1\].g_col\[1\].pe/_1819_,VGND,li1,298.5400,108.8000,0.000223
g_row\[1\].g_col\[1\].pe/_1818_,VGND,li1,296.0100,103.3600,0.000241
g_row\[1\].g_col\[1\].pe/_1817_,VGND,li1,216.8900,103.3600,0.000210
g_row\[1\].g_col\[1\].pe/_1816_,VGND,li1,213.9000,103.3600,0.000207
g_row\[1\].g_col\[1\].pe/_1815_,VGND,li1,287.2700,108.8000,0.000232
g_row\[1\].g_col\[1\].pe/_1814_,VGND,li1,204.0100,103.3600,0.000199
g_row\[1\].g_col\[1\].pe/_1813_,VGND,li1,205.8500,97.9200,0.000161
g_row\[1\].g_col\[1\].pe/_1812_,VGND,li1,205.1600,97.9200,0.000161
g_row\[1\].g_col\[1\].pe/_1811_,VGND,li1,207.2300,92.4800,0.000185
g_row\[1\].g_col\[1\].pe/_1810_,VGND,li1,206.5400,92.4800,0.000185
g_row\[1\].g_col\[1\].pe/_1809_,VGND,li1,205.3900,87.0400,0.000123
g_row\[1\].g_col\[1\].pe/_1808_,VGND,li1,208.6100,81.6000,0.000222
g_row\[1\].g_col\[1\].pe/_1807_,VGND,li1,202.6300,81.6000,0.000197
g_row\[1\].g_col\[1\].pe/_1806_,VGND,li1,209.9900,76.1600,0.000121
g_row\[1\].g_col\[1\].pe/_1805_,VGND,li1,209.0700,81.6000,0.000222
g_row\[1\].g_col\[1\].pe/_1804_,VGND,li1,210.4500,76.1600,0.000121
g_row\[1\].g_col\[1\].pe/_1803_,VGND,li1,204.9300,81.6000,0.000210
g_row\[1\].g_col\[1\].pe/_1802_,VGND,li1,206.7700,76.1600,0.000118
g_row\[1\].g_col\[1\].pe/_1801_,VGND,li1,203.7800,76.1600,0.000115
g_row\[1\].g_col\[1\].pe/_1800_,VGND,li1,206.3100,76.1600,0.000118
g_row\[1\].g_col\[1\].pe/_1799_,VGND,li1,204.2400,70.7200,0.000153
g_row\[1\].g_col\[1\].pe/_1798_,VGND,li1,214.1300,76.1600,0.000125
g_row\[1\].g_col\[1\].pe/_1797_,VGND,li1,200.7900,76.1600,0.000113
g_row\[1\].g_col\[1\].pe/_1796_,VGND,li1,201.2500,76.1600,0.000113
g_row\[1\].g_col\[1\].pe/_1795_,VGND,li1,210.2200,92.4800,0.000191
g_row\[1\].g_col\[1\].pe/_1794_,VGND,li1,202.6300,92.4800,0.000178
g_row\[1\].g_col\[1\].pe/_1793_,VGND,li1,195.9600,92.4800,0.000166
g_row\[1\].g_col\[1\].pe/_1792_,VGND,li1,207.6900,87.0400,0.000126
g_row\[1\].g_col\[1\].pe/_1791_,VGND,li1,203.0900,81.6000,0.000204
g_row\[1\].g_col\[1\].pe/_1790_,VGND,li1,209.9900,87.0400,0.000129
g_row\[1\].g_col\[1\].pe/_1789_,VGND,li1,212.2900,87.0400,0.000131
g_row\[1\].g_col\[1\].pe/_1788_,VGND,li1,209.9900,87.0400,0.000129
g_row\[1\].g_col\[1\].pe/_1787_,VGND,li1,204.0100,87.0400,0.000120
g_row\[1\].g_col\[1\].pe/_1786_,VGND,li1,192.9700,76.1600,0.000104
g_row\[1\].g_col\[1\].pe/_1785_,VGND,li1,195.7300,70.7200,0.000146
g_row\[1\].g_col\[1\].pe/_1784_,VGND,li1,223.3300,76.1600,0.000133
g_row\[1\].g_col\[1\].pe/_1783_,VGND,li1,197.1100,76.1600,0.000109
g_row\[1\].g_col\[1\].pe/_1782_,VGND,li1,207.9200,70.7200,0.000156
g_row\[1\].g_col\[1\].pe/_1781_,VGND,li1,198.0300,87.0400,0.000112
g_row\[1\].g_col\[1\].pe/_1780_,VGND,li1,203.5500,92.4800,0.000181
g_row\[1\].g_col\[1\].pe/_1779_,VGND,li1,204.9300,103.3600,0.000199
g_row\[1\].g_col\[1\].pe/_1778_,VGND,li1,208.6100,103.3600,0.000203
g_row\[1\].g_col\[1\].pe/_1777_,VGND,li1,216.4300,103.3600,0.000210
g_row\[1\].g_col\[1\].pe/_1776_,VGND,li1,219.6500,108.8000,0.000222
g_row\[1\].g_col\[1\].pe/_1775_,VGND,li1,217.3500,92.4800,0.000200
g_row\[1\].g_col\[1\].pe/_1774_,VGND,li1,219.1900,97.9200,0.000180
g_row\[1\].g_col\[1\].pe/_1773_,VGND,li1,213.2100,97.9200,0.000173
g_row\[1\].g_col\[1\].pe/_1772_,VGND,li1,201.9400,97.9200,0.000157
g_row\[1\].g_col\[1\].pe/_1771_,VGND,li1,198.9500,92.4800,0.000172
g_row\[1\].g_col\[1\].pe/_1770_,VGND,li1,220.5700,92.4800,0.000205
g_row\[1\].g_col\[1\].pe/_1769_,VGND,li1,197.5700,87.0400,0.000112
g_row\[1\].g_col\[1\].pe/_1768_,VGND,li1,221.4900,81.6000,0.000263
g_row\[1\].g_col\[1\].pe/_1767_,VGND,li1,226.0900,81.6000,0.000277
g_row\[1\].g_col\[1\].pe/_1766_,VGND,li1,195.7300,81.6000,0.000179
g_row\[1\].g_col\[1\].pe/_1765_,VGND,li1,191.5900,81.6000,0.000164
g_row\[1\].g_col\[1\].pe/_1764_,VGND,li1,195.2700,76.1600,0.000107
g_row\[1\].g_col\[1\].pe/_1763_,VGND,li1,219.1900,76.1600,0.000129
g_row\[1\].g_col\[1\].pe/_1762_,VGND,li1,195.7300,81.6000,0.000179
g_row\[1\].g_col\[1\].pe/_1761_,VGND,li1,214.3600,81.6000,0.000240
g_row\[1\].g_col\[1\].pe/_1760_,VGND,li1,215.0500,97.9200,0.000176
g_row\[1\].g_col\[1\].pe/_1759_,VGND,li1,221.0300,97.9200,0.000184
g_row\[1\].g_col\[1\].pe/_1758_,VGND,li1,227.9300,97.9200,0.000191
g_row\[1\].g_col\[1\].pe/_1757_,VGND,li1,220.5700,92.4800,0.000205
g_row\[1\].g_col\[1\].pe/_1756_,VGND,li1,216.2000,87.0400,0.000135
g_row\[1\].g_col\[1\].pe/_1755_,VGND,li1,227.9300,87.0400,0.000146
g_row\[1\].g_col\[1\].pe/_1754_,VGND,li1,226.3200,81.6000,0.000277
g_row\[1\].g_col\[1\].pe/_1753_,VGND,li1,220.5700,87.0400,0.000138
g_row\[1\].g_col\[1\].pe/_1752_,VGND,li1,219.6500,76.1600,0.000129
g_row\[1\].g_col\[1\].pe/_1751_,VGND,li1,219.6500,70.7200,0.000163
g_row\[1\].g_col\[1\].pe/_1750_,VGND,li1,219.1900,87.0400,0.000138
g_row\[1\].g_col\[1\].pe/_1749_,VGND,li1,214.3600,87.0400,0.000133
g_row\[1\].g_col\[1\].pe/_1748_,VGND,li1,216.4300,97.9200,0.000176
g_row\[1\].g_col\[1\].pe/_1747_,VGND,li1,301.0700,108.8000,0.000220
g_row\[1\].g_col\[1\].pe/_1746_,VGND,li1,296.9300,114.2400,0.000479
g_row\[1\].g_col\[1\].pe/_1745_,VGND,li1,291.4100,114.2400,0.000499
g_row\[1\].g_col\[1\].pe/_1744_,VGND,li1,286.8100,114.2400,0.000519
g_row\[1\].g_col\[1\].pe/_1743_,VGND,li1,282.2100,114.2400,0.000529
g_row\[1\].g_col\[1\].pe/_1742_,VGND,li1,278.0700,114.2400,0.000541
g_row\[1\].g_col\[1\].pe/_1741_,VGND,li1,221.0300,103.3600,0.000213
g_row\[1\].g_col\[1\].pe/_1740_,VGND,li1,225.1700,108.8000,0.000225
g_row\[1\].g_col\[1\].pe/_1739_,VGND,li1,266.5700,103.3600,0.000236
g_row\[1\].g_col\[1\].pe/_1738_,VGND,li1,265.4200,97.9200,0.000223
g_row\[1\].g_col\[1\].pe/_1737_,VGND,li1,221.0300,108.8000,0.000222
g_row\[1\].g_col\[1\].pe/_1736_,VGND,li1,230.6900,108.8000,0.000229
g_row\[1\].g_col\[1\].pe/_1735_,VGND,li1,224.2500,103.3600,0.000215
g_row\[1\].g_col\[1\].pe/_1734_,VGND,li1,223.1000,97.9200,0.000186
g_row\[1\].g_col\[1\].pe/_1733_,VGND,li1,232.5300,103.3600,0.000220
g_row\[1\].g_col\[1\].pe/_1732_,VGND,li1,232.7600,97.9200,0.000195
g_row\[1\].g_col\[1\].pe/_1731_,VGND,li1,227.4700,97.9200,0.000191
g_row\[1\].g_col\[1\].pe/_1730_,VGND,li1,228.8500,92.4800,0.000215
g_row\[1\].g_col\[1\].pe/_1729_,VGND,li1,230.2300,87.0400,0.000149
g_row\[1\].g_col\[1\].pe/_1728_,VGND,li1,240.8100,103.3600,0.000224
g_row\[1\].g_col\[1\].pe/_1727_,VGND,li1,238.2800,97.9200,0.000202
g_row\[1\].g_col\[1\].pe/_1726_,VGND,li1,295.5500,114.2400,0.000486
g_row\[1\].g_col\[1\].pe/_1725_,VGND,li1,286.1200,119.6800,0.000423
g_row\[1\].g_col\[1\].pe/_1724_,VGND,li1,278.5300,103.3600,0.000239
g_row\[1\].g_col\[1\].pe/_1723_,VGND,li1,285.4300,114.2400,0.000519
g_row\[1\].g_col\[1\].pe/_1722_,VGND,li1,276.2300,114.2400,0.000548
g_row\[1\].g_col\[1\].pe/_1721_,VGND,li1,270.2500,114.2400,0.000566
g_row\[1\].g_col\[1\].pe/_1720_,VGND,li1,278.0700,108.8000,0.000235
g_row\[1\].g_col\[1\].pe/_1719_,VGND,li1,261.5100,114.2400,0.000584
g_row\[1\].g_col\[1\].pe/_1718_,VGND,li1,277.1500,108.8000,0.000236
g_row\[1\].g_col\[1\].pe/_1717_,VGND,li1,272.5500,103.3600,0.000238
g_row\[1\].g_col\[1\].pe/_1716_,VGND,li1,266.3400,103.3600,0.000236
g_row\[1\].g_col\[1\].pe/_1715_,VGND,li1,278.0700,103.3600,0.000239
g_row\[1\].g_col\[1\].pe/_1714_,VGND,li1,261.2800,114.2400,0.000584
g_row\[1\].g_col\[1\].pe/_1713_,VGND,li1,255.0700,108.8000,0.000236
g_row\[1\].g_col\[1\].pe/_1712_,VGND,li1,231.6100,114.2400,0.000578
g_row\[1\].g_col\[1\].pe/_1711_,VGND,li1,231.1500,103.3600,0.000220
g_row\[1\].g_col\[1\].pe/_1710_,VGND,li1,227.7000,103.3600,0.000217
g_row\[1\].g_col\[1\].pe/_1709_,VGND,li1,231.1500,108.8000,0.000229
g_row\[1\].g_col\[1\].pe/_1708_,VGND,li1,233.9100,114.2400,0.000583
g_row\[1\].g_col\[1\].pe/_1707_,VGND,li1,229.7700,92.4800,0.000215
g_row\[1\].g_col\[1\].pe/_1706_,VGND,li1,234.8300,92.4800,0.000222
g_row\[1\].g_col\[1\].pe/_1705_,VGND,li1,238.5100,108.8000,0.000232
g_row\[1\].g_col\[1\].pe/_1704_,VGND,li1,239.6600,103.3600,0.000224
g_row\[1\].g_col\[1\].pe/_1703_,VGND,li1,292.3300,108.8000,0.000230
g_row\[1\].g_col\[1\].pe/_1702_,VGND,li1,310.5000,97.9200,0.000228
g_row\[1\].g_col\[1\].pe/_1701_,VGND,li1,305.6700,97.9200,0.000230
g_row\[1\].g_col\[1\].pe/_1700_,VGND,li1,301.0700,97.9200,0.000231
g_row\[1\].g_col\[1\].pe/_1699_,VGND,li1,298.3100,97.9200,0.000231
g_row\[1\].g_col\[1\].pe/_1698_,VGND,li1,298.3100,103.3600,0.000241
g_row\[1\].g_col\[1\].pe/_1697_,VGND,li1,295.5500,92.4800,0.000271
g_row\[1\].g_col\[1\].pe/_1696_,VGND,li1,288.1900,103.3600,0.000241
g_row\[1\].g_col\[1\].pe/_1695_,VGND,li1,284.7400,103.3600,0.000240
g_row\[1\].g_col\[1\].pe/_1694_,VGND,li1,284.9700,108.8000,0.000233
g_row\[1\].g_col\[1\].pe/_1693_,VGND,li1,285.4300,97.9200,0.000231
g_row\[1\].g_col\[1\].pe/_1692_,VGND,li1,270.7100,108.8000,0.000237
g_row\[1\].g_col\[1\].pe/_1691_,VGND,li1,267.9500,108.8000,0.000237
g_row\[1\].g_col\[1\].pe/_1690_,VGND,li1,273.9300,103.3600,0.000238
g_row\[1\].g_col\[1\].pe/_1689_,VGND,li1,265.6500,108.8000,0.000237
g_row\[1\].g_col\[1\].pe/_1688_,VGND,li1,266.5700,108.8000,0.000237
g_row\[1\].g_col\[1\].pe/_1687_,VGND,li1,259.6700,108.8000,0.000237
g_row\[1\].g_col\[1\].pe/_1686_,VGND,li1,248.8600,114.2400,0.000609
g_row\[1\].g_col\[1\].pe/_1685_,VGND,li1,247.2500,103.3600,0.000227
g_row\[1\].g_col\[1\].pe/_1684_,VGND,li1,249.3200,103.3600,0.000229
g_row\[1\].g_col\[1\].pe/_1683_,VGND,li1,253.6900,108.8000,0.000236
g_row\[1\].g_col\[1\].pe/_1682_,VGND,li1,239.4300,92.4800,0.000227
g_row\[1\].g_col\[1\].pe/_1681_,VGND,li1,238.9700,87.0400,0.000155
g_row\[1\].g_col\[1\].pe/_1680_,VGND,li1,245.8700,108.8000,0.000234
g_row\[1\].g_col\[1\].pe/_1679_,VGND,li1,241.0400,108.8000,0.000233
g_row\[1\].g_col\[1\].pe/_1678_,VGND,li1,290.4900,103.3600,0.000241
g_row\[1\].g_col\[1\].pe/_1677_,VGND,li1,287.7300,103.3600,0.000240
g_row\[1\].g_col\[1\].pe/_1676_,VGND,li1,287.0400,97.9200,0.000231
g_row\[1\].g_col\[1\].pe/_1675_,VGND,li1,289.5700,97.9200,0.000231
g_row\[1\].g_col\[1\].pe/_1674_,VGND,li1,274.8500,97.9200,0.000227
g_row\[1\].g_col\[1\].pe/_1673_,VGND,li1,273.0100,87.0400,0.000178
g_row\[1\].g_col\[1\].pe/_1672_,VGND,li1,268.1800,87.0400,0.000176
g_row\[1\].g_col\[1\].pe/_1671_,VGND,li1,269.7900,97.9200,0.000225
g_row\[1\].g_col\[1\].pe/_1670_,VGND,li1,265.8800,92.4800,0.000253
g_row\[1\].g_col\[1\].pe/_1669_,VGND,li1,311.1900,92.4800,0.000265
g_row\[1\].g_col\[1\].pe/_1668_,VGND,li1,305.6700,92.4800,0.000268
g_row\[1\].g_col\[1\].pe/_1667_,VGND,li1,294.1700,97.9200,0.000232
g_row\[1\].g_col\[1\].pe/_1666_,VGND,li1,290.9500,92.4800,0.000270
g_row\[1\].g_col\[1\].pe/_1665_,VGND,li1,281.0600,97.9200,0.000229
g_row\[1\].g_col\[1\].pe/_1664_,VGND,li1,285.4300,92.4800,0.000267
g_row\[1\].g_col\[1\].pe/_1663_,VGND,li1,293.7100,97.9200,0.000232
g_row\[1\].g_col\[1\].pe/_1662_,VGND,li1,292.3300,92.4800,0.000270
g_row\[1\].g_col\[1\].pe/_1661_,VGND,li1,281.2900,103.3600,0.000240
g_row\[1\].g_col\[1\].pe/_1660_,VGND,li1,278.0700,97.9200,0.000228
g_row\[1\].g_col\[1\].pe/_1659_,VGND,li1,283.1300,92.4800,0.000265
g_row\[1\].g_col\[1\].pe/_1658_,VGND,li1,287.7300,87.0400,0.000182
g_row\[1\].g_col\[1\].pe/_1657_,VGND,li1,287.2700,92.4800,0.000268
g_row\[1\].g_col\[1\].pe/_1656_,VGND,li1,280.8300,92.4800,0.000264
g_row\[1\].g_col\[1\].pe/_1655_,VGND,li1,279.4500,87.0400,0.000180
g_row\[1\].g_col\[1\].pe/_1654_,VGND,li1,274.6200,87.0400,0.000178
g_row\[1\].g_col\[1\].pe/_1653_,VGND,li1,270.7100,92.4800,0.000256
g_row\[1\].g_col\[1\].pe/_1652_,VGND,li1,262.2000,92.4800,0.000248
g_row\[1\].g_col\[1\].pe/_1651_,VGND,li1,279.4500,97.9200,0.000229
g_row\[1\].g_col\[1\].pe/_1650_,VGND,li1,260.5900,97.9200,0.000220
g_row\[1\].g_col\[1\].pe/_1649_,VGND,li1,261.9700,103.3600,0.000234
g_row\[1\].g_col\[1\].pe/_1648_,VGND,li1,260.3600,103.3600,0.000234
g_row\[1\].g_col\[1\].pe/_1647_,VGND,li1,257.3700,103.3600,0.000232
g_row\[1\].g_col\[1\].pe/_1646_,VGND,li1,252.5400,103.3600,0.000230
g_row\[1\].g_col\[1\].pe/_1645_,VGND,li1,260.1300,108.8000,0.000237
g_row\[1\].g_col\[1\].pe/_1644_,VGND,li1,242.6500,92.4800,0.000231
g_row\[1\].g_col\[1\].pe/_1643_,VGND,li1,242.1900,97.9200,0.000205
g_row\[1\].g_col\[1\].pe/_1642_,VGND,li1,247.2500,108.8000,0.000234
g_row\[1\].g_col\[1\].pe/_1641_,VGND,li1,245.6400,103.3600,0.000227
g_row\[1\].g_col\[1\].pe/_1640_,VGND,li1,304.2900,92.4800,0.000269
g_row\[1\].g_col\[1\].pe/_1639_,VGND,li1,321.7700,92.4800,0.000254
g_row\[1\].g_col\[1\].pe/_1638_,VGND,li1,324.0700,81.6000,0.000239
g_row\[1\].g_col\[1\].pe/_1637_,VGND,li1,320.8500,76.1600,0.000137
g_row\[1\].g_col\[1\].pe/_1636_,VGND,li1,318.0900,70.7200,0.000144
g_row\[1\].g_col\[1\].pe/_1635_,VGND,li1,310.2700,70.7200,0.000151
g_row\[1\].g_col\[1\].pe/_1634_,VGND,li1,300.6100,70.7200,0.000159
g_row\[1\].g_col\[1\].pe/_1633_,VGND,li1,315.3300,65.2800,0.000184
g_row\[1\].g_col\[1\].pe/_1632_,VGND,li1,301.9900,65.2800,0.000207
g_row\[1\].g_col\[1\].pe/_1631_,VGND,li1,296.9300,70.7200,0.000160
g_row\[1\].g_col\[1\].pe/_1630_,VGND,li1,258.2900,70.7200,0.000169
g_row\[1\].g_col\[1\].pe/_1629_,VGND,li1,285.4300,59.8400,0.000233
g_row\[1\].g_col\[1\].pe/_1628_,VGND,li1,254.6100,59.8400,0.000269
g_row\[1\].g_col\[1\].pe/_1627_,VGND,li1,250.9300,65.2800,0.000248
g_row\[1\].g_col\[1\].pe/_1626_,VGND,li1,247.0200,65.2800,0.000250
g_row\[1\].g_col\[1\].pe/_1625_,VGND,li1,248.1700,59.8400,0.000272
g_row\[1\].g_col\[1\].pe/_1624_,VGND,li1,243.5700,54.4000,0.000223
g_row\[1\].g_col\[1\].pe/_1623_,VGND,li1,241.5000,54.4000,0.000224
g_row\[1\].g_col\[1\].pe/_1622_,VGND,li1,242.6500,59.8400,0.000276
g_row\[1\].g_col\[1\].pe/_1621_,VGND,li1,231.6100,59.8400,0.000282
g_row\[1\].g_col\[1\].pe/_1620_,VGND,li1,233.9100,65.2800,0.000253
g_row\[1\].g_col\[1\].pe/_1619_,VGND,li1,239.4300,65.2800,0.000252
g_row\[1\].g_col\[1\].pe/_1618_,VGND,li1,237.5900,59.8400,0.000278
g_row\[1\].g_col\[1\].pe/_1617_,VGND,li1,238.0500,43.5200,0.000217
g_row\[1\].g_col\[1\].pe/_1616_,VGND,li1,234.8300,65.2800,0.000253
g_row\[1\].g_col\[1\].pe/_1615_,VGND,li1,281.7500,54.4000,0.000193
g_row\[1\].g_col\[1\].pe/_1614_,VGND,li1,287.7300,54.4000,0.000186
g_row\[1\].g_col\[1\].pe/_1613_,VGND,li1,282.9000,54.4000,0.000190
g_row\[1\].g_col\[1\].pe/_1612_,VGND,li1,276.6900,59.8400,0.000245
g_row\[1\].g_col\[1\].pe/_1611_,VGND,li1,272.5500,54.4000,0.000201
g_row\[1\].g_col\[1\].pe/_1610_,VGND,li1,270.4800,54.4000,0.000204
g_row\[1\].g_col\[1\].pe/_1609_,VGND,li1,266.5700,54.4000,0.000207
g_row\[1\].g_col\[1\].pe/_1608_,VGND,li1,262.2000,48.9600,0.000266
g_row\[1\].g_col\[1\].pe/_1607_,VGND,li1,318.0900,65.2800,0.000178
g_row\[1\].g_col\[1\].pe/_1606_,VGND,li1,320.3900,59.8400,0.000171
g_row\[1\].g_col\[1\].pe/_1605_,VGND,li1,319.2400,59.8400,0.000171
g_row\[1\].g_col\[1\].pe/_1604_,VGND,li1,316.7100,59.8400,0.000177
g_row\[1\].g_col\[1\].pe/_1603_,VGND,li1,316.2500,59.8400,0.000177
g_row\[1\].g_col\[1\].pe/_1602_,VGND,li1,308.8900,54.4000,0.000152
g_row\[1\].g_col\[1\].pe/_1601_,VGND,li1,299.9200,54.4000,0.000169
g_row\[1\].g_col\[1\].pe/_1598_,VGND,li1,315.1000,54.4000,0.000142
g_row\[1\].g_col\[1\].pe/_1597_,VGND,li1,291.4100,59.8400,0.000224
g_row\[1\].g_col\[1\].pe/_1596_,VGND,li1,281.0600,59.8400,0.000240
g_row\[1\].g_col\[1\].pe/_1595_,VGND,li1,317.6300,76.1600,0.000140
g_row\[1\].g_col\[1\].pe/_1594_,VGND,li1,314.8700,76.1600,0.000142
g_row\[1\].g_col\[1\].pe/_1593_,VGND,li1,313.4900,81.6000,0.000262
g_row\[1\].g_col\[1\].pe/_1592_,VGND,li1,317.6300,87.0400,0.000179
g_row\[1\].g_col\[1\].pe/_1591_,VGND,li1,318.0900,81.6000,0.000251
g_row\[1\].g_col\[1\].pe/_1590_,VGND,li1,318.0900,81.6000,0.000251
g_row\[1\].g_col\[1\].pe/_1589_,VGND,li1,303.8300,81.6000,0.000278
g_row\[1\].g_col\[1\].pe/_1588_,VGND,li1,298.3100,81.6000,0.000287
g_row\[1\].g_col\[1\].pe/_1587_,VGND,li1,311.6500,76.1600,0.000145
g_row\[1\].g_col\[1\].pe/_1586_,VGND,li1,302.4500,70.7200,0.000158
g_row\[1\].g_col\[1\].pe/_1585_,VGND,li1,294.6300,70.7200,0.000161
g_row\[1\].g_col\[1\].pe/_1584_,VGND,li1,261.9700,76.1600,0.000155
g_row\[1\].g_col\[1\].pe/_1583_,VGND,li1,297.8500,65.2800,0.000213
g_row\[1\].g_col\[1\].pe/_1582_,VGND,li1,259.6700,65.2800,0.000244
g_row\[1\].g_col\[1\].pe/_1581_,VGND,li1,255.0700,70.7200,0.000169
g_row\[1\].g_col\[1\].pe/_1580_,VGND,li1,249.3200,70.7200,0.000169
g_row\[1\].g_col\[1\].pe/_1579_,VGND,li1,253.6900,65.2800,0.000247
g_row\[1\].g_col\[1\].pe/_1578_,VGND,li1,248.6300,54.4000,0.000221
g_row\[1\].g_col\[1\].pe/_1577_,VGND,li1,245.6400,48.9600,0.000295
g_row\[1\].g_col\[1\].pe/_1576_,VGND,li1,247.2500,65.2800,0.000250
g_row\[1\].g_col\[1\].pe/_1575_,VGND,li1,230.2300,70.7200,0.000167
g_row\[1\].g_col\[1\].pe/_1574_,VGND,li1,231.1500,65.2800,0.000253
g_row\[1\].g_col\[1\].pe/_1573_,VGND,li1,240.8100,70.7200,0.000168
g_row\[1\].g_col\[1\].pe/_1572_,VGND,li1,235.5200,70.7200,0.000168
g_row\[1\].g_col\[1\].pe/_1571_,VGND,li1,292.7900,65.2800,0.000217
g_row\[1\].g_col\[1\].pe/_1570_,VGND,li1,289.5700,65.2800,0.000220
g_row\[1\].g_col\[1\].pe/_1569_,VGND,li1,286.5800,59.8400,0.000233
g_row\[1\].g_col\[1\].pe/_1568_,VGND,li1,284.0500,65.2800,0.000225
g_row\[1\].g_col\[1\].pe/_1567_,VGND,li1,278.0700,65.2800,0.000230
g_row\[1\].g_col\[1\].pe/_1566_,VGND,li1,274.1600,59.8400,0.000248
g_row\[1\].g_col\[1\].pe/_1565_,VGND,li1,268.4100,65.2800,0.000238
g_row\[1\].g_col\[1\].pe/_1564_,VGND,li1,264.5000,65.2800,0.000241
g_row\[1\].g_col\[1\].pe/_1563_,VGND,li1,307.5100,70.7200,0.000154
g_row\[1\].g_col\[1\].pe/_1562_,VGND,li1,307.2800,70.7200,0.000154
g_row\[1\].g_col\[1\].pe/_1561_,VGND,li1,306.5900,65.2800,0.000200
g_row\[1\].g_col\[1\].pe/_1560_,VGND,li1,310.5000,70.7200,0.000151
g_row\[1\].g_col\[1\].pe/_1559_,VGND,li1,310.7300,65.2800,0.000191
g_row\[1\].g_col\[1\].pe/_1558_,VGND,li1,311.4200,59.8400,0.000186
g_row\[1\].g_col\[1\].pe/_1557_,VGND,li1,307.9700,59.8400,0.000193
g_row\[1\].g_col\[1\].pe/_1556_,VGND,li1,304.0600,54.4000,0.000160
g_row\[1\].g_col\[1\].pe/_1555_,VGND,li1,287.5000,70.7200,0.000164
g_row\[1\].g_col\[1\].pe/_1554_,VGND,li1,280.1400,65.2800,0.000228
g_row\[1\].g_col\[1\].pe/_1553_,VGND,li1,306.3600,76.1600,0.000149
g_row\[1\].g_col\[1\].pe/_1552_,VGND,li1,300.1500,76.1600,0.000152
g_row\[1\].g_col\[1\].pe/_1551_,VGND,li1,312.8000,81.6000,0.000262
g_row\[1\].g_col\[1\].pe/_1550_,VGND,li1,310.7300,87.0400,0.000182
g_row\[1\].g_col\[1\].pe/_1549_,VGND,li1,306.8200,87.0400,0.000182
g_row\[1\].g_col\[1\].pe/_1548_,VGND,li1,311.6500,87.0400,0.000182
g_row\[1\].g_col\[1\].pe/_1547_,VGND,li1,308.4300,81.6000,0.000271
g_row\[1\].g_col\[1\].pe/_1546_,VGND,li1,306.1300,81.6000,0.000275
g_row\[1\].g_col\[1\].pe/_1545_,VGND,li1,305.2100,76.1600,0.000149
g_row\[1\].g_col\[1\].pe/_1544_,VGND,li1,305.2100,59.8400,0.000201
g_row\[1\].g_col\[1\].pe/_1543_,VGND,li1,301.7600,59.8400,0.000208
g_row\[1\].g_col\[1\].pe/_1541_,VGND,li1,312.1100,48.9600,0.000149
g_row\[1\].g_col\[1\].pe/_1540_,VGND,li1,309.5800,48.9600,0.000156
g_row\[1\].g_col\[1\].pe/_1538_,VGND,li1,304.2900,59.8400,0.000201
g_row\[1\].g_col\[1\].pe/_1537_,VGND,li1,290.9500,76.1600,0.000155
g_row\[1\].g_col\[1\].pe/_1536_,VGND,li1,279.6800,76.1600,0.000157
g_row\[1\].g_col\[1\].pe/_1535_,VGND,li1,310.2700,81.6000,0.000267
g_row\[1\].g_col\[1\].pe/_1534_,VGND,li1,298.3100,81.6000,0.000287
g_row\[1\].g_col\[1\].pe/_1533_,VGND,li1,295.5500,76.1600,0.000154
g_row\[1\].g_col\[1\].pe/_1532_,VGND,li1,292.3300,70.7200,0.000162
g_row\[1\].g_col\[1\].pe/_1531_,VGND,li1,289.1100,70.7200,0.000164
g_row\[1\].g_col\[1\].pe/_1530_,VGND,li1,284.7400,65.2800,0.000225
g_row\[1\].g_col\[1\].pe/_1529_,VGND,li1,283.1300,70.7200,0.000165
g_row\[1\].g_col\[1\].pe/_1528_,VGND,li1,277.1500,70.7200,0.000167
g_row\[1\].g_col\[1\].pe/_1527_,VGND,li1,273.2400,65.2800,0.000234
g_row\[1\].g_col\[1\].pe/_1526_,VGND,li1,269.7900,65.2800,0.000238
g_row\[1\].g_col\[1\].pe/_1525_,VGND,li1,264.0400,59.8400,0.000259
g_row\[1\].g_col\[1\].pe/_1524_,VGND,li1,266.5700,76.1600,0.000156
g_row\[1\].g_col\[1\].pe/_1523_,VGND,li1,257.3700,76.1600,0.000153
g_row\[1\].g_col\[1\].pe/_1522_,VGND,li1,254.1500,81.6000,0.000328
g_row\[1\].g_col\[1\].pe/_1521_,VGND,li1,251.6200,76.1600,0.000151
g_row\[1\].g_col\[1\].pe/_1520_,VGND,li1,253.6900,70.7200,0.000169
g_row\[1\].g_col\[1\].pe/_1519_,VGND,li1,243.1100,70.7200,0.000168
g_row\[1\].g_col\[1\].pe/_1518_,VGND,li1,242.1900,65.2800,0.000251
g_row\[1\].g_col\[1\].pe/_1517_,VGND,li1,247.2500,76.1600,0.000149
g_row\[1\].g_col\[1\].pe/_1516_,VGND,li1,235.5200,81.6000,0.000305
g_row\[1\].g_col\[1\].pe/_1515_,VGND,li1,260.1300,76.1600,0.000154
g_row\[1\].g_col\[1\].pe/_1514_,VGND,li1,252.0800,70.7200,0.000169
g_row\[1\].g_col\[1\].pe/_1513_,VGND,li1,293.2500,81.6000,0.000293
g_row\[1\].g_col\[1\].pe/_1512_,VGND,li1,264.7300,76.1600,0.000156
g_row\[1\].g_col\[1\].pe/_1511_,VGND,li1,303.8300,87.0400,0.000182
g_row\[1\].g_col\[1\].pe/_1510_,VGND,li1,297.3900,87.0400,0.000182
g_row\[1\].g_col\[1\].pe/_1509_,VGND,li1,302.4500,87.0400,0.000182
g_row\[1\].g_col\[1\].pe/_1508_,VGND,li1,290.9500,87.0400,0.000182
g_row\[1\].g_col\[1\].pe/_1507_,VGND,li1,280.6000,81.6000,0.000307
g_row\[1\].g_col\[1\].pe/_1506_,VGND,li1,306.5900,87.0400,0.000182
g_row\[1\].g_col\[1\].pe/_1504_,VGND,li1,312.5700,54.4000,0.000146
g_row\[1\].g_col\[1\].pe/_1503_,VGND,li1,309.3500,48.9600,0.000156
g_row\[1\].g_col\[1\].pe/_1502_,VGND,li1,312.8000,48.9600,0.000149
g_row\[1\].g_col\[1\].pe/_1501_,VGND,li1,298.3100,92.4800,0.000271
g_row\[1\].g_col\[1\].pe/_1500_,VGND,li1,294.1700,81.6000,0.000293
g_row\[1\].g_col\[1\].pe/_1499_,VGND,li1,293.7100,76.1600,0.000155
g_row\[1\].g_col\[1\].pe/_1498_,VGND,li1,287.7300,76.1600,0.000156
g_row\[1\].g_col\[1\].pe/_1497_,VGND,li1,282.9000,76.1600,0.000157
g_row\[1\].g_col\[1\].pe/_1496_,VGND,li1,283.1300,76.1600,0.000157
g_row\[1\].g_col\[1\].pe/_1495_,VGND,li1,277.1500,76.1600,0.000157
g_row\[1\].g_col\[1\].pe/_1494_,VGND,li1,278.3000,70.7200,0.000166
g_row\[1\].g_col\[1\].pe/_1493_,VGND,li1,269.7900,70.7200,0.000168
g_row\[1\].g_col\[1\].pe/_1492_,VGND,li1,271.8600,70.7200,0.000168
g_row\[1\].g_col\[1\].pe/_1491_,VGND,li1,267.0300,81.6000,0.000319
g_row\[1\].g_col\[1\].pe/_1490_,VGND,li1,261.0500,81.6000,0.000324
g_row\[1\].g_col\[1\].pe/_1489_,VGND,li1,256.4500,81.6000,0.000326
g_row\[1\].g_col\[1\].pe/_1488_,VGND,li1,248.4000,81.6000,0.000331
g_row\[1\].g_col\[1\].pe/_1487_,VGND,li1,255.5300,76.1600,0.000152
g_row\[1\].g_col\[1\].pe/_1486_,VGND,li1,244.9500,76.1600,0.000147
g_row\[1\].g_col\[1\].pe/_1485_,VGND,li1,239.8900,76.1600,0.000144
g_row\[1\].g_col\[1\].pe/_1484_,VGND,li1,241.2700,76.1600,0.000144
g_row\[1\].g_col\[1\].pe/_1483_,VGND,li1,235.5200,76.1600,0.000142
g_row\[1\].g_col\[1\].pe/_1482_,VGND,li1,258.7500,87.0400,0.000171
g_row\[1\].g_col\[1\].pe/_1481_,VGND,li1,261.7400,87.0400,0.000172
g_row\[1\].g_col\[1\].pe/_1480_,VGND,li1,292.3300,87.0400,0.000182
g_row\[1\].g_col\[1\].pe/_1479_,VGND,li1,261.9700,92.4800,0.000248
g_row\[1\].g_col\[1\].pe/_1478_,VGND,li1,285.8900,87.0400,0.000181
g_row\[1\].g_col\[1\].pe/_1477_,VGND,li1,286.8100,81.6000,0.000302
g_row\[1\].g_col\[1\].pe/_1476_,VGND,li1,285.2000,81.6000,0.000302
g_row\[1\].g_col\[1\].pe/_1474_,VGND,li1,293.7100,48.9600,0.000196
g_row\[1\].g_col\[1\].pe/_1473_,VGND,li1,295.5500,48.9600,0.000191
g_row\[1\].g_col\[1\].pe/_1471_,VGND,li1,293.9400,43.5200,0.000155
g_row\[1\].g_col\[1\].pe/_1470_,VGND,li1,292.3300,48.9600,0.000202
g_row\[1\].g_col\[1\].pe/_1469_,VGND,li1,290.9500,48.9600,0.000202
g_row\[1\].g_col\[1\].pe/_1466_,VGND,li1,323.6100,54.4000,0.000128
g_row\[1\].g_col\[1\].pe/_1465_,VGND,li1,279.9100,81.6000,0.000307
g_row\[1\].g_col\[1\].pe/_1464_,VGND,li1,276.2300,81.6000,0.000311
g_row\[1\].g_col\[1\].pe/_1463_,VGND,li1,271.4000,81.6000,0.000315
g_row\[1\].g_col\[1\].pe/_1461_,VGND,li1,260.5900,38.0800,0.000238
g_row\[1\].g_col\[1\].pe/_1460_,VGND,li1,251.8500,38.0800,0.000251
g_row\[1\].g_col\[1\].pe/_1459_,VGND,li1,256.9100,38.0800,0.000242
g_row\[1\].g_col\[1\].pe/_1457_,VGND,li1,252.3100,43.5200,0.000213
g_row\[1\].g_col\[1\].pe/_1453_,VGND,li1,270.7100,43.5200,0.000190
g_row\[1\].g_col\[1\].pe/_1452_,VGND,li1,273.0100,81.6000,0.000315
g_row\[1\].g_col\[1\].pe/_1451_,VGND,li1,267.2600,81.6000,0.000319
g_row\[1\].g_col\[1\].pe/_1449_,VGND,li1,253.6900,32.6400,0.000162
g_row\[1\].g_col\[1\].pe/_1448_,VGND,li1,228.3900,38.0800,0.000277
g_row\[1\].g_col\[1\].pe/_1447_,VGND,li1,248.1700,32.6400,0.000165
g_row\[1\].g_col\[1\].pe/_1444_,VGND,li1,250.0100,32.6400,0.000164
g_row\[1\].g_col\[1\].pe/_1443_,VGND,li1,266.5700,92.4800,0.000253
g_row\[1\].g_col\[1\].pe/_1442_,VGND,li1,260.5900,87.0400,0.000172
g_row\[1\].g_col\[1\].pe/_1441_,VGND,li1,255.9900,92.4800,0.000244
g_row\[1\].g_col\[1\].pe/_1440_,VGND,li1,253.4600,87.0400,0.000167
g_row\[1\].g_col\[1\].pe/_1438_,VGND,li1,254.6100,87.0400,0.000167
g_row\[1\].g_col\[1\].pe/_1437_,VGND,li1,243.5700,87.0400,0.000160
g_row\[1\].g_col\[1\].pe/_1436_,VGND,li1,240.3500,81.6000,0.000317
g_row\[1\].g_col\[1\].pe/_1432_,VGND,li1,246.3300,87.0400,0.000162
g_row\[1\].g_col\[1\].pe/_1431_,VGND,li1,248.4000,87.0400,0.000164
g_row\[1\].g_col\[1\].pe/_1429_,VGND,li1,258.2900,97.9200,0.000218
g_row\[1\].g_col\[1\].pe/_1428_,VGND,li1,249.3200,97.9200,0.000211
g_row\[1\].g_col\[1\].pe/_1427_,VGND,li1,254.6100,97.9200,0.000215
g_row\[1\].g_col\[1\].pe/_1426_,VGND,li1,253.0000,103.3600,0.000230
g_row\[1\].g_col\[1\].pe/_1424_,VGND,li1,242.1900,27.2000,0.000161
g_row\[1\].g_col\[1\].pe/_1423_,VGND,li1,239.8900,32.6400,0.000168
g_row\[1\].g_col\[1\].pe/_1422_,VGND,li1,244.0300,32.6400,0.000167
g_row\[1\].g_col\[1\].pe/_1421_,VGND,li1,228.3900,32.6400,0.000172
g_row\[1\].g_col\[1\].pe/_1420_,VGND,li1,253.6900,97.9200,0.000215
g_row\[1\].g_col\[1\].pe/_1419_,VGND,li1,245.4100,92.4800,0.000233
g_row\[1\].g_col\[1\].pe/_1418_,VGND,li1,247.7100,92.4800,0.000236
g_row\[1\].g_col\[1\].pe/_1416_,VGND,li1,223.7900,65.2800,0.000254
g_row\[1\].g_col\[1\].pe/_1415_,VGND,li1,222.4100,59.8400,0.000284
g_row\[1\].g_col\[1\].pe/_1414_,VGND,li1,220.5700,65.2800,0.000254
g_row\[1\].g_col\[1\].pe/_1413_,VGND,li1,247.2500,97.9200,0.000209
g_row\[1\].g_col\[1\].pe/_1412_,VGND,li1,246.1000,97.9200,0.000209
g_row\[1\].g_col\[1\].pe/_1411_,VGND,li1,226.0900,59.8400,0.000283
g_row\[1\].g_col\[1\].pe/_1408_,VGND,li1,297.3900,119.6800,0.000378
g_row\[1\].g_col\[1\].pe/_1407_,VGND,li1,295.5500,119.6800,0.000385
g_row\[1\].g_col\[1\].pe/_1406_,VGND,li1,294.6300,125.1200,0.000364
g_row\[1\].g_col\[1\].pe/_1405_,VGND,li1,304.7500,114.2400,0.000449
g_row\[1\].g_col\[1\].pe/_1404_,VGND,li1,302.9100,114.2400,0.000456
g_row\[1\].g_col\[1\].pe/_1403_,VGND,li1,235.5200,32.6400,0.000170
g_row\[1\].g_col\[1\].pe/_1402_,VGND,li1,210.4500,38.0800,0.000266
g_row\[1\].g_col\[1\].pe/_1401_,VGND,li1,235.5200,43.5200,0.000215
g_row\[1\].g_col\[1\].pe/_1400_,VGND,li1,213.2100,43.5200,0.000185
g_row\[1\].g_col\[1\].pe/_1399_,VGND,li1,234.6000,38.0800,0.000274
g_row\[1\].g_col\[1\].pe/_1398_,VGND,li1,213.2100,43.5200,0.000185
g_row\[1\].g_col\[1\].pe/_1397_,VGND,li1,231.8400,43.5200,0.000211
g_row\[1\].g_col\[1\].pe/_1396_,VGND,li1,206.7700,43.5200,0.000175
g_row\[1\].g_col\[1\].pe/_1395_,VGND,li1,216.2000,43.5200,0.000190
g_row\[1\].g_col\[1\].pe/_1394_,VGND,li1,207.6900,48.9600,0.000291
g_row\[1\].g_col\[1\].pe/_1393_,VGND,li1,232.7600,43.5200,0.000211
g_row\[1\].g_col\[1\].pe/_1392_,VGND,li1,213.6700,32.6400,0.000168
g_row\[1\].g_col\[1\].pe/_1391_,VGND,li1,235.0600,27.2000,0.000162
g_row\[1\].g_col\[1\].pe/_1389_,VGND,li1,208.1500,38.0800,0.000262
g_row\[1\].g_col\[1\].pe/_1388_,VGND,li1,219.8800,43.5200,0.000196
g_row\[1\].g_col\[1\].pe/_1387_,VGND,li1,209.0700,43.5200,0.000179
g_row\[1\].g_col\[1\].pe/_1386_,VGND,li1,214.3600,38.0800,0.000272
g_row\[1\].g_col\[1\].pe/_1385_,VGND,li1,213.2100,32.6400,0.000168
g_row\[1\].g_col\[1\].pe/_1384_,VGND,li1,213.4400,38.0800,0.000269
g_row\[1\].g_col\[1\].pe/_1383_,VGND,li1,209.0700,38.0800,0.000262
g_row\[1\].g_col\[1\].pe/_1380_,VGND,li1,215.7400,27.2000,0.000159
g_row\[1\].g_col\[1\].pe/_1377_,VGND,li1,278.0700,125.1200,0.000407
g_row\[1\].g_col\[1\].pe/_1376_,VGND,li1,210.4500,32.6400,0.000167
g_row\[1\].g_col\[1\].pe/_1374_,VGND,li1,200.7900,48.9600,0.000281
g_row\[1\].g_col\[1\].pe/_1372_,VGND,li1,200.5600,59.8400,0.000261
g_row\[1\].g_col\[1\].pe/_1371_,VGND,li1,387.5500,136.0000,0.000276
g_row\[1\].g_col\[1\].pe/_1370_,VGND,li1,377.2000,141.4400,0.000352
g_row\[1\].g_col\[1\].pe/_1369_,VGND,li1,328.6700,136.0000,0.000171
g_row\[1\].g_col\[1\].pe/_1368_,VGND,li1,388.9300,141.4400,0.000353
g_row\[1\].g_col\[1\].pe/_1367_,VGND,li1,384.3300,141.4400,0.000353
g_row\[1\].g_col\[1\].pe/_1366_,VGND,li1,388.0100,136.0000,0.000276
g_row\[1\].g_col\[1\].pe/_1365_,VGND,li1,377.2000,136.0000,0.000276
g_row\[1\].g_col\[1\].pe/_1364_,VGND,li1,378.3500,130.5600,0.000267
g_row\[1\].g_col\[1\].pe/_1363_,VGND,li1,387.0900,141.4400,0.000353
g_row\[1\].g_col\[1\].pe/_1362_,VGND,li1,382.9500,136.0000,0.000276
g_row\[1\].g_col\[1\].pe/_1361_,VGND,li1,386.6300,130.5600,0.000267
g_row\[1\].g_col\[1\].pe/_1360_,VGND,li1,382.0300,130.5600,0.000267
g_row\[1\].g_col\[1\].pe/_1359_,VGND,li1,386.6300,130.5600,0.000267
g_row\[1\].g_col\[1\].pe/_1358_,VGND,li1,382.0300,130.5600,0.000267
g_row\[1\].g_col\[1\].pe/_1357_,VGND,li1,386.6300,125.1200,0.000322
g_row\[1\].g_col\[1\].pe/_1356_,VGND,li1,382.0300,125.1200,0.000322
g_row\[1\].g_col\[1\].pe/_1355_,VGND,li1,386.1700,125.1200,0.000322
g_row\[1\].g_col\[1\].pe/_1354_,VGND,li1,381.5700,125.1200,0.000322
g_row\[1\].g_col\[1\].pe/_1353_,VGND,li1,383.8700,119.6800,0.000266
g_row\[1\].g_col\[1\].pe/_1352_,VGND,li1,361.1000,125.1200,0.000305
g_row\[1\].g_col\[1\].pe/_1351_,VGND,li1,363.1700,119.6800,0.000245
g_row\[1\].g_col\[1\].pe/_1350_,VGND,li1,358.1100,119.6800,0.000237
g_row\[1\].g_col\[1\].pe/_1349_,VGND,li1,362.7100,119.6800,0.000245
g_row\[1\].g_col\[1\].pe/_1348_,VGND,li1,359.0300,119.6800,0.000237
g_row\[1\].g_col\[1\].pe/_1347_,VGND,li1,353.5100,125.1200,0.000291
g_row\[1\].g_col\[1\].pe/_1346_,VGND,li1,353.5100,108.8000,0.000202
g_row\[1\].g_col\[1\].pe/_1345_,VGND,li1,345.4600,119.6800,0.000217
g_row\[1\].g_col\[1\].pe/_1344_,VGND,li1,350.2900,119.6800,0.000224
g_row\[1\].g_col\[1\].pe/_1343_,VGND,li1,345.2300,119.6800,0.000217
g_row\[1\].g_col\[1\].pe/_1342_,VGND,li1,349.8300,119.6800,0.000224
g_row\[1\].g_col\[1\].pe/_1341_,VGND,li1,342.4700,119.6800,0.000210
g_row\[1\].g_col\[1\].pe/_1340_,VGND,li1,210.9100,65.2800,0.000252
g_row\[1\].g_col\[0\].pe/_2776_,VGND,li1,379.5000,261.1200,0.000293
g_row\[1\].g_col\[0\].pe/_2775_,VGND,li1,365.2400,266.5600,0.000031
g_row\[1\].g_col\[0\].pe/_2771_,VGND,li1,321.7700,261.1200,0.000240
g_row\[1\].g_col\[0\].pe/_2770_,VGND,li1,267.4900,250.2400,0.000434
g_row\[1\].g_col\[0\].pe/_2769_,VGND,li1,280.3700,261.1200,0.000350
g_row\[1\].g_col\[0\].pe/_2768_,VGND,li1,272.0900,261.1200,0.000352
g_row\[1\].g_col\[0\].pe/_2767_,VGND,li1,290.9500,261.1200,0.000331
g_row\[1\].g_col\[0\].pe/_2766_,VGND,li1,306.1300,261.1200,0.000294
g_row\[1\].g_col\[0\].pe/_2765_,VGND,li1,313.9500,255.6800,0.000357
g_row\[1\].g_col\[0\].pe/_2764_,VGND,li1,322.2300,255.6800,0.000303
g_row\[1\].g_col\[0\].pe/_2763_,VGND,li1,334.1900,261.1200,0.000194
g_row\[1\].g_col\[0\].pe/_2762_,VGND,li1,341.5500,250.2400,0.000285
g_row\[1\].g_col\[0\].pe/_2761_,VGND,li1,349.3700,261.1200,0.000239
g_row\[1\].g_col\[0\].pe/_2760_,VGND,li1,358.5700,261.1200,0.000263
g_row\[1\].g_col\[0\].pe/_2759_,VGND,li1,365.0100,255.6800,0.000346
g_row\[1\].g_col\[0\].pe/_2758_,VGND,li1,370.5300,261.1200,0.000290
g_row\[1\].g_col\[0\].pe/_2757_,VGND,li1,385.2500,261.1200,0.000296
g_row\[1\].g_col\[0\].pe/_2756_,VGND,li1,382.0300,250.2400,0.000378
g_row\[1\].g_col\[0\].pe/_2755_,VGND,li1,330.5100,239.3600,0.000353
g_row\[1\].g_col\[0\].pe/_2754_,VGND,li1,297.8500,233.9200,0.000403
g_row\[1\].g_col\[0\].pe/_2753_,VGND,li1,266.5700,239.3600,0.000568
g_row\[1\].g_col\[0\].pe/_2752_,VGND,li1,280.3700,239.3600,0.000562
g_row\[1\].g_col\[0\].pe/_2751_,VGND,li1,293.2500,239.3600,0.000544
g_row\[1\].g_col\[0\].pe/_2750_,VGND,li1,309.3500,233.9200,0.000374
g_row\[1\].g_col\[0\].pe/_2749_,VGND,li1,319.0100,233.9200,0.000345
g_row\[1\].g_col\[0\].pe/_2748_,VGND,li1,337.4100,233.9200,0.000285
g_row\[1\].g_col\[0\].pe/_2747_,VGND,li1,346.1500,233.9200,0.000317
g_row\[1\].g_col\[0\].pe/_2746_,VGND,li1,353.9700,233.9200,0.000345
g_row\[1\].g_col\[0\].pe/_2745_,VGND,li1,360.4100,233.9200,0.000363
g_row\[1\].g_col\[0\].pe/_2744_,VGND,li1,370.5300,228.4800,0.000332
g_row\[1\].g_col\[0\].pe/_2743_,VGND,li1,383.4100,228.4800,0.000341
g_row\[1\].g_col\[0\].pe/_2742_,VGND,li1,386.1700,233.9200,0.000399
g_row\[1\].g_col\[0\].pe/_2741_,VGND,li1,375.5900,233.9200,0.000391
g_row\[1\].g_col\[0\].pe/_2740_,VGND,li1,388.0100,223.0400,0.000311
g_row\[1\].g_col\[0\].pe/_2739_,VGND,li1,386.1700,239.3600,0.000544
g_row\[1\].g_col\[0\].pe/_2738_,VGND,li1,331.8900,233.9200,0.000268
g_row\[1\].g_col\[0\].pe/_2737_,VGND,li1,235.2900,206.7200,0.000305
g_row\[1\].g_col\[0\].pe/_2736_,VGND,li1,232.0700,212.1600,0.000281
g_row\[1\].g_col\[0\].pe/_2735_,VGND,li1,227.4700,217.6000,0.000333
g_row\[1\].g_col\[0\].pe/_2734_,VGND,li1,239.8900,212.1600,0.000274
g_row\[1\].g_col\[0\].pe/_2733_,VGND,li1,233.9100,217.6000,0.000329
g_row\[1\].g_col\[0\].pe/_2732_,VGND,li1,241.7300,206.7200,0.000300
g_row\[1\].g_col\[0\].pe/_2731_,VGND,li1,220.5700,206.7200,0.000312
g_row\[1\].g_col\[0\].pe/_2730_,VGND,li1,232.0700,201.2800,0.000311
g_row\[1\].g_col\[0\].pe/_2729_,VGND,li1,228.8500,195.8400,0.000199
g_row\[1\].g_col\[0\].pe/_2728_,VGND,li1,217.3500,195.8400,0.000196
g_row\[1\].g_col\[0\].pe/_2727_,VGND,li1,204.4700,174.0800,0.000156
g_row\[1\].g_col\[0\].pe/_2726_,VGND,li1,210.9100,184.9600,0.000165
g_row\[1\].g_col\[0\].pe/_2725_,VGND,li1,212.7500,174.0800,0.000161
g_row\[1\].g_col\[0\].pe/_2724_,VGND,li1,210.4500,168.6400,0.000196
g_row\[1\].g_col\[0\].pe/_2723_,VGND,li1,203.5500,163.2000,0.000134
g_row\[1\].g_col\[0\].pe/_2722_,VGND,li1,230.2300,206.7200,0.000309
g_row\[1\].g_col\[0\].pe/_2721_,VGND,li1,203.0900,201.2800,0.000251
g_row\[1\].g_col\[0\].pe/_2720_,VGND,li1,207.6900,206.7200,0.000303
g_row\[1\].g_col\[0\].pe/_2719_,VGND,li1,205.3900,217.6000,0.000302
g_row\[1\].g_col\[0\].pe/_2718_,VGND,li1,208.6100,223.0400,0.000374
g_row\[1\].g_col\[0\].pe/_2717_,VGND,li1,228.8500,228.4800,0.000354
g_row\[1\].g_col\[0\].pe/_2716_,VGND,li1,218.2700,223.0400,0.000397
g_row\[1\].g_col\[0\].pe/_2715_,VGND,li1,228.8500,223.0400,0.000399
g_row\[1\].g_col\[0\].pe/_2714_,VGND,li1,214.1300,217.6000,0.000329
g_row\[1\].g_col\[0\].pe/_2713_,VGND,li1,213.2100,201.2800,0.000284
g_row\[1\].g_col\[0\].pe/_2712_,VGND,li1,194.8100,201.2800,0.000225
g_row\[1\].g_col\[0\].pe/_2711_,VGND,li1,207.6900,195.8400,0.000190
g_row\[1\].g_col\[0\].pe/_2710_,VGND,li1,194.8100,190.4000,0.000156
g_row\[1\].g_col\[0\].pe/_2709_,VGND,li1,199.8700,190.4000,0.000159
g_row\[1\].g_col\[0\].pe/_2708_,VGND,li1,210.4500,190.4000,0.000163
g_row\[1\].g_col\[0\].pe/_2707_,VGND,li1,201.2500,212.1600,0.000235
g_row\[1\].g_col\[0\].pe/_2706_,VGND,li1,191.5900,174.0800,0.000142
g_row\[1\].g_col\[0\].pe/_2705_,VGND,li1,349.3700,146.8800,0.000295
g_row\[1\].g_col\[0\].pe/_2704_,VGND,li1,204.9300,157.7600,0.000179
g_row\[1\].g_col\[0\].pe/_2703_,VGND,li1,204.0100,163.2000,0.000134
g_row\[1\].g_col\[0\].pe/_2702_,VGND,li1,204.4700,152.3200,0.000118
g_row\[1\].g_col\[0\].pe/_2701_,VGND,li1,323.6100,130.5600,0.000178
g_row\[1\].g_col\[0\].pe/_2700_,VGND,li1,314.4100,136.0000,0.000193
g_row\[1\].g_col\[0\].pe/_2699_,VGND,li1,333.2700,136.0000,0.000165
g_row\[1\].g_col\[0\].pe/_2698_,VGND,li1,324.0700,146.8800,0.000213
g_row\[1\].g_col\[0\].pe/_2697_,VGND,li1,324.5300,157.7600,0.000174
g_row\[1\].g_col\[0\].pe/_2696_,VGND,li1,360.4100,146.8800,0.000337
g_row\[1\].g_col\[0\].pe/_2695_,VGND,li1,344.7700,146.8800,0.000276
g_row\[1\].g_col\[0\].pe/_2694_,VGND,li1,336.4900,141.4400,0.000244
g_row\[1\].g_col\[0\].pe/_2693_,VGND,li1,336.4900,146.8800,0.000229
g_row\[1\].g_col\[0\].pe/_2692_,VGND,li1,365.0100,157.7600,0.000319
g_row\[1\].g_col\[0\].pe/_2691_,VGND,li1,349.3700,152.3200,0.000123
g_row\[1\].g_col\[0\].pe/_2690_,VGND,li1,364.0900,152.3200,0.000150
g_row\[1\].g_col\[0\].pe/_2689_,VGND,li1,212.9800,157.7600,0.000183
g_row\[1\].g_col\[0\].pe/_2688_,VGND,li1,252.0800,206.7200,0.000284
g_row\[1\].g_col\[0\].pe/_2687_,VGND,li1,207.0000,184.9600,0.000163
g_row\[1\].g_col\[0\].pe/_2686_,VGND,li1,213.2100,184.9600,0.000165
g_row\[1\].g_col\[0\].pe/_2685_,VGND,li1,207.0000,179.5200,0.000300
g_row\[1\].g_col\[0\].pe/_2684_,VGND,li1,209.9900,179.5200,0.000312
g_row\[1\].g_col\[0\].pe/_2683_,VGND,li1,205.6200,174.0800,0.000156
g_row\[1\].g_col\[0\].pe/_2682_,VGND,li1,216.4300,179.5200,0.000327
g_row\[1\].g_col\[0\].pe/_2681_,VGND,li1,196.8800,163.2000,0.000126
g_row\[1\].g_col\[0\].pe/_2680_,VGND,li1,209.0700,163.2000,0.000137
g_row\[1\].g_col\[0\].pe/_2679_,VGND,li1,230.9200,201.2800,0.000311
g_row\[1\].g_col\[0\].pe/_2678_,VGND,li1,222.4100,201.2800,0.000305
g_row\[1\].g_col\[0\].pe/_2677_,VGND,li1,201.4800,201.2800,0.000251
g_row\[1\].g_col\[0\].pe/_2676_,VGND,li1,200.7900,206.7200,0.000289
g_row\[1\].g_col\[0\].pe/_2675_,VGND,li1,197.3400,206.7200,0.000284
g_row\[1\].g_col\[0\].pe/_2674_,VGND,li1,193.4300,201.2800,0.000225
g_row\[1\].g_col\[0\].pe/_2673_,VGND,li1,194.8100,179.5200,0.000248
g_row\[1\].g_col\[0\].pe/_2672_,VGND,li1,194.8100,212.1600,0.000215
g_row\[1\].g_col\[0\].pe/_2671_,VGND,li1,192.9700,217.6000,0.000248
g_row\[1\].g_col\[0\].pe/_2670_,VGND,li1,207.9200,212.1600,0.000253
g_row\[1\].g_col\[0\].pe/_2669_,VGND,li1,209.5300,212.1600,0.000253
g_row\[1\].g_col\[0\].pe/_2668_,VGND,li1,206.5400,212.1600,0.000246
g_row\[1\].g_col\[0\].pe/_2667_,VGND,li1,210.4500,217.6000,0.000316
g_row\[1\].g_col\[0\].pe/_2666_,VGND,li1,207.4600,228.4800,0.000299
g_row\[1\].g_col\[0\].pe/_2665_,VGND,li1,208.6100,217.6000,0.000307
g_row\[1\].g_col\[0\].pe/_2664_,VGND,li1,222.6400,228.4800,0.000338
g_row\[1\].g_col\[0\].pe/_2663_,VGND,li1,223.7900,233.9200,0.000404
g_row\[1\].g_col\[0\].pe/_2662_,VGND,li1,224.0200,223.0400,0.000398
g_row\[1\].g_col\[0\].pe/_2661_,VGND,li1,219.6500,228.4800,0.000331
g_row\[1\].g_col\[0\].pe/_2660_,VGND,li1,227.7000,223.0400,0.000399
g_row\[1\].g_col\[0\].pe/_2659_,VGND,li1,236.2100,223.0400,0.000397
g_row\[1\].g_col\[0\].pe/_2658_,VGND,li1,213.9000,212.1600,0.000268
g_row\[1\].g_col\[0\].pe/_2657_,VGND,li1,210.4500,228.4800,0.000306
g_row\[1\].g_col\[0\].pe/_2656_,VGND,li1,213.9000,206.7200,0.000312
g_row\[1\].g_col\[0\].pe/_2655_,VGND,li1,208.1500,201.2800,0.000270
g_row\[1\].g_col\[0\].pe/_2654_,VGND,li1,196.8800,201.2800,0.000236
g_row\[1\].g_col\[0\].pe/_2653_,VGND,li1,197.5700,195.8400,0.000180
g_row\[1\].g_col\[0\].pe/_2652_,VGND,li1,206.0800,195.8400,0.000190
g_row\[1\].g_col\[0\].pe/_2651_,VGND,li1,209.0700,195.8400,0.000192
g_row\[1\].g_col\[0\].pe/_2650_,VGND,li1,196.4200,195.8400,0.000180
g_row\[1\].g_col\[0\].pe/_2649_,VGND,li1,200.3300,190.4000,0.000159
g_row\[1\].g_col\[0\].pe/_2648_,VGND,li1,201.0200,184.9600,0.000161
g_row\[1\].g_col\[0\].pe/_2647_,VGND,li1,204.0100,184.9600,0.000162
g_row\[1\].g_col\[0\].pe/_2646_,VGND,li1,207.4600,190.4000,0.000162
g_row\[1\].g_col\[0\].pe/_2645_,VGND,li1,210.4500,190.4000,0.000163
g_row\[1\].g_col\[0\].pe/_2644_,VGND,li1,202.8600,212.1600,0.000235
g_row\[1\].g_col\[0\].pe/_2643_,VGND,li1,201.2500,206.7200,0.000289
g_row\[1\].g_col\[0\].pe/_2642_,VGND,li1,195.5000,174.0800,0.000146
g_row\[1\].g_col\[0\].pe/_2641_,VGND,li1,193.8900,179.5200,0.000248
g_row\[1\].g_col\[0\].pe/_2640_,VGND,li1,352.3600,152.3200,0.000131
g_row\[1\].g_col\[0\].pe/_2639_,VGND,li1,355.3500,152.3200,0.000136
g_row\[1\].g_col\[0\].pe/_2638_,VGND,li1,369.3800,146.8800,0.000359
g_row\[1\].g_col\[0\].pe/_2637_,VGND,li1,369.1500,152.3200,0.000156
g_row\[1\].g_col\[0\].pe/_2636_,VGND,li1,370.0700,157.7600,0.000337
g_row\[1\].g_col\[0\].pe/_2635_,VGND,li1,202.1700,146.8800,0.000145
g_row\[1\].g_col\[0\].pe/_2634_,VGND,li1,324.0700,141.4400,0.000242
g_row\[1\].g_col\[0\].pe/_2633_,VGND,li1,198.2600,163.2000,0.000126
g_row\[1\].g_col\[0\].pe/_2632_,VGND,li1,195.2700,157.7600,0.000157
g_row\[1\].g_col\[0\].pe/_2631_,VGND,li1,201.0200,168.6400,0.000181
g_row\[1\].g_col\[0\].pe/_2630_,VGND,li1,197.5700,168.6400,0.000173
g_row\[1\].g_col\[0\].pe/_2628_,VGND,li1,196.8800,152.3200,0.000112
g_row\[1\].g_col\[0\].pe/_2627_,VGND,li1,197.5700,157.7600,0.000168
g_row\[1\].g_col\[0\].pe/_2626_,VGND,li1,321.5400,136.0000,0.000184
g_row\[1\].g_col\[0\].pe/_2625_,VGND,li1,318.5500,141.4400,0.000259
g_row\[1\].g_col\[0\].pe/_2624_,VGND,li1,320.6200,136.0000,0.000184
g_row\[1\].g_col\[0\].pe/_2623_,VGND,li1,317.6300,136.0000,0.000188
g_row\[1\].g_col\[0\].pe/_2622_,VGND,li1,327.5200,141.4400,0.000236
g_row\[1\].g_col\[0\].pe/_2621_,VGND,li1,326.3700,136.0000,0.000175
g_row\[1\].g_col\[0\].pe/_2619_,VGND,li1,322.9200,141.4400,0.000248
g_row\[1\].g_col\[0\].pe/_2618_,VGND,li1,320.3900,146.8800,0.000215
g_row\[1\].g_col\[0\].pe/_2617_,VGND,li1,335.8000,152.3200,0.000096
g_row\[1\].g_col\[0\].pe/_2616_,VGND,li1,330.5100,157.7600,0.000167
g_row\[1\].g_col\[0\].pe/_2615_,VGND,li1,358.8000,152.3200,0.000142
g_row\[1\].g_col\[0\].pe/_2614_,VGND,li1,355.3500,146.8800,0.000323
g_row\[1\].g_col\[0\].pe/_2613_,VGND,li1,342.7000,152.3200,0.000112
g_row\[1\].g_col\[0\].pe/_2612_,VGND,li1,340.1700,152.3200,0.000106
g_row\[1\].g_col\[0\].pe/_2611_,VGND,li1,329.3600,152.3200,0.000091
g_row\[1\].g_col\[0\].pe/_2610_,VGND,li1,322.6900,146.8800,0.000213
g_row\[1\].g_col\[0\].pe/_2608_,VGND,li1,337.1800,152.3200,0.000096
g_row\[1\].g_col\[0\].pe/_2607_,VGND,li1,326.3700,146.8800,0.000208
g_row\[1\].g_col\[0\].pe/_2606_,VGND,li1,358.3400,152.3200,0.000139
g_row\[1\].g_col\[0\].pe/_2605_,VGND,li1,354.8900,152.3200,0.000136
g_row\[1\].g_col\[0\].pe/_2604_,VGND,li1,347.7600,152.3200,0.000123
g_row\[1\].g_col\[0\].pe/_2603_,VGND,li1,347.9900,157.7600,0.000238
g_row\[1\].g_col\[0\].pe/_2600_,VGND,li1,359.2600,157.7600,0.000296
g_row\[1\].g_col\[0\].pe/_2599_,VGND,li1,354.8900,157.7600,0.000276
g_row\[1\].g_col\[0\].pe/_2595_,VGND,li1,306.8200,261.1200,0.000294
g_row\[1\].g_col\[0\].pe/_2594_,VGND,li1,304.7500,244.8000,0.000449
g_row\[1\].g_col\[0\].pe/_2592_,VGND,li1,265.4200,244.8000,0.000597
g_row\[1\].g_col\[0\].pe/_2591_,VGND,li1,273.2400,250.2400,0.000424
g_row\[1\].g_col\[0\].pe/_2590_,VGND,li1,279.9100,250.2400,0.000415
g_row\[1\].g_col\[0\].pe/_2588_,VGND,li1,278.7600,266.5600,0.000053
g_row\[1\].g_col\[0\].pe/_2587_,VGND,li1,278.7600,255.6800,0.000490
g_row\[1\].g_col\[0\].pe/_2586_,VGND,li1,278.7600,250.2400,0.000419
g_row\[1\].g_col\[0\].pe/_2585_,VGND,li1,279.6800,255.6800,0.000490
g_row\[1\].g_col\[0\].pe/_2584_,VGND,li1,281.7500,255.6800,0.000482
g_row\[1\].g_col\[0\].pe/_2582_,VGND,li1,272.7800,266.5600,0.000054
g_row\[1\].g_col\[0\].pe/_2581_,VGND,li1,272.7800,261.1200,0.000352
g_row\[1\].g_col\[0\].pe/_2580_,VGND,li1,285.4300,255.6800,0.000472
g_row\[1\].g_col\[0\].pe/_2579_,VGND,li1,291.1800,255.6800,0.000453
g_row\[1\].g_col\[0\].pe/_2577_,VGND,li1,285.6600,261.1200,0.000342
g_row\[1\].g_col\[0\].pe/_2576_,VGND,li1,293.4800,255.6800,0.000446
g_row\[1\].g_col\[0\].pe/_2575_,VGND,li1,296.4700,255.6800,0.000435
g_row\[1\].g_col\[0\].pe/_2573_,VGND,li1,300.3800,261.1200,0.000308
g_row\[1\].g_col\[0\].pe/_2572_,VGND,li1,303.6000,261.1200,0.000300
g_row\[1\].g_col\[0\].pe/_2571_,VGND,li1,306.5900,266.5600,0.000047
g_row\[1\].g_col\[0\].pe/_2569_,VGND,li1,310.5000,266.5600,0.000044
g_row\[1\].g_col\[0\].pe/_2568_,VGND,li1,311.4200,261.1200,0.000280
g_row\[1\].g_col\[0\].pe/_2567_,VGND,li1,316.2500,266.5600,0.000041
g_row\[1\].g_col\[0\].pe/_2565_,VGND,li1,316.4800,261.1200,0.000264
g_row\[1\].g_col\[0\].pe/_2564_,VGND,li1,321.0800,250.2400,0.000296
g_row\[1\].g_col\[0\].pe/_2563_,VGND,li1,313.0300,255.6800,0.000357
g_row\[1\].g_col\[0\].pe/_2561_,VGND,li1,333.7300,255.6800,0.000254
g_row\[1\].g_col\[0\].pe/_2560_,VGND,li1,331.6600,255.6800,0.000245
g_row\[1\].g_col\[0\].pe/_2559_,VGND,li1,333.2700,250.2400,0.000245
g_row\[1\].g_col\[0\].pe/_2558_,VGND,li1,335.1100,250.2400,0.000260
g_row\[1\].g_col\[0\].pe/_2557_,VGND,li1,343.3900,244.8000,0.000324
g_row\[1\].g_col\[0\].pe/_2555_,VGND,li1,335.3400,255.6800,0.000254
g_row\[1\].g_col\[0\].pe/_2554_,VGND,li1,338.5600,255.6800,0.000268
g_row\[1\].g_col\[0\].pe/_2553_,VGND,li1,336.0300,250.2400,0.000260
g_row\[1\].g_col\[0\].pe/_2552_,VGND,li1,347.0700,250.2400,0.000309
g_row\[1\].g_col\[0\].pe/_2551_,VGND,li1,342.7000,250.2400,0.000294
g_row\[1\].g_col\[0\].pe/_2549_,VGND,li1,350.5200,261.1200,0.000239
g_row\[1\].g_col\[0\].pe/_2548_,VGND,li1,348.2200,255.6800,0.000312
g_row\[1\].g_col\[0\].pe/_2547_,VGND,li1,351.6700,255.6800,0.000319
g_row\[1\].g_col\[0\].pe/_2546_,VGND,li1,349.8300,250.2400,0.000318
g_row\[1\].g_col\[0\].pe/_2545_,VGND,li1,352.1300,250.2400,0.000330
g_row\[1\].g_col\[0\].pe/_2544_,VGND,li1,358.1100,255.6800,0.000334
g_row\[1\].g_col\[0\].pe/_2542_,VGND,li1,359.2600,261.1200,0.000263
g_row\[1\].g_col\[0\].pe/_2541_,VGND,li1,355.5800,255.6800,0.000330
g_row\[1\].g_col\[0\].pe/_2540_,VGND,li1,354.8900,255.6800,0.000325
g_row\[1\].g_col\[0\].pe/_2539_,VGND,li1,361.3300,250.2400,0.000350
g_row\[1\].g_col\[0\].pe/_2538_,VGND,li1,357.8800,250.2400,0.000345
g_row\[1\].g_col\[0\].pe/_2536_,VGND,li1,359.7200,255.6800,0.000337
g_row\[1\].g_col\[0\].pe/_2535_,VGND,li1,368.9200,255.6800,0.000350
g_row\[1\].g_col\[0\].pe/_2534_,VGND,li1,364.7800,250.2400,0.000360
g_row\[1\].g_col\[0\].pe/_2533_,VGND,li1,366.1600,244.8000,0.000365
g_row\[1\].g_col\[0\].pe/_2532_,VGND,li1,374.6700,250.2400,0.000373
g_row\[1\].g_col\[0\].pe/_2531_,VGND,li1,371.9100,250.2400,0.000369
g_row\[1\].g_col\[0\].pe/_2529_,VGND,li1,364.3200,261.1200,0.000276
g_row\[1\].g_col\[0\].pe/_2528_,VGND,li1,370.3000,266.5600,0.000032
g_row\[1\].g_col\[0\].pe/_2527_,VGND,li1,376.0500,255.6800,0.000357
g_row\[1\].g_col\[0\].pe/_2526_,VGND,li1,376.5100,250.2400,0.000375
g_row\[1\].g_col\[0\].pe/_2525_,VGND,li1,376.9700,250.2400,0.000375
g_row\[1\].g_col\[0\].pe/_2522_,VGND,li1,387.3200,266.5600,0.000033
g_row\[1\].g_col\[0\].pe/_2521_,VGND,li1,382.2600,261.1200,0.000295
g_row\[1\].g_col\[0\].pe/_2520_,VGND,li1,385.2500,255.6800,0.000363
g_row\[1\].g_col\[0\].pe/_2519_,VGND,li1,382.4900,255.6800,0.000361
g_row\[1\].g_col\[0\].pe/_2517_,VGND,li1,304.5200,244.8000,0.000449
g_row\[1\].g_col\[0\].pe/_2516_,VGND,li1,294.6300,244.8000,0.000507
g_row\[1\].g_col\[0\].pe/_2514_,VGND,li1,380.6500,244.8000,0.000376
g_row\[1\].g_col\[0\].pe/_2513_,VGND,li1,381.1100,250.2400,0.000378
g_row\[1\].g_col\[0\].pe/_2512_,VGND,li1,384.3300,244.8000,0.000377
g_row\[1\].g_col\[0\].pe/_2510_,VGND,li1,293.2500,244.8000,0.000507
g_row\[1\].g_col\[0\].pe/_2509_,VGND,li1,290.9500,244.8000,0.000521
g_row\[1\].g_col\[0\].pe/_2508_,VGND,li1,279.4500,244.8000,0.000563
g_row\[1\].g_col\[0\].pe/_2507_,VGND,li1,297.3900,250.2400,0.000379
g_row\[1\].g_col\[0\].pe/_2506_,VGND,li1,307.5100,250.2400,0.000345
g_row\[1\].g_col\[0\].pe/_2505_,VGND,li1,324.9900,250.2400,0.000279
g_row\[1\].g_col\[0\].pe/_2504_,VGND,li1,326.3700,244.8000,0.000316
g_row\[1\].g_col\[0\].pe/_2503_,VGND,li1,290.2600,250.2400,0.000394
g_row\[1\].g_col\[0\].pe/_2502_,VGND,li1,346.3800,250.2400,0.000309
g_row\[1\].g_col\[0\].pe/_2501_,VGND,li1,368.4600,250.2400,0.000367
g_row\[1\].g_col\[0\].pe/_2500_,VGND,li1,369.1500,244.8000,0.000370
g_row\[1\].g_col\[0\].pe/_2499_,VGND,li1,389.8500,250.2400,0.000381
g_row\[1\].g_col\[0\].pe/_2498_,VGND,li1,388.0100,250.2400,0.000381
g_row\[1\].g_col\[0\].pe/_2497_,VGND,li1,352.1300,250.2400,0.000330
g_row\[1\].g_col\[0\].pe/_2496_,VGND,li1,335.5700,244.8000,0.000298
g_row\[1\].g_col\[0\].pe/_2495_,VGND,li1,333.7300,244.8000,0.000289
g_row\[1\].g_col\[0\].pe/_2494_,VGND,li1,276.6900,255.6800,0.000496
g_row\[1\].g_col\[0\].pe/_2493_,VGND,li1,286.5800,244.8000,0.000541
g_row\[1\].g_col\[0\].pe/_2492_,VGND,li1,319.7000,250.2400,0.000305
g_row\[1\].g_col\[0\].pe/_2491_,VGND,li1,320.1600,244.8000,0.000363
g_row\[1\].g_col\[0\].pe/_2490_,VGND,li1,311.1900,261.1200,0.000280
g_row\[1\].g_col\[0\].pe/_2489_,VGND,li1,310.5000,250.2400,0.000336
g_row\[1\].g_col\[0\].pe/_2488_,VGND,li1,298.0800,250.2400,0.000373
g_row\[1\].g_col\[0\].pe/_2487_,VGND,li1,299.4600,255.6800,0.000422
g_row\[1\].g_col\[0\].pe/_2486_,VGND,li1,291.4100,250.2400,0.000394
g_row\[1\].g_col\[0\].pe/_2485_,VGND,li1,287.5000,239.3600,0.000551
g_row\[1\].g_col\[0\].pe/_2484_,VGND,li1,285.4300,244.8000,0.000541
g_row\[1\].g_col\[0\].pe/_2483_,VGND,li1,274.3900,244.8000,0.000578
g_row\[1\].g_col\[0\].pe/_2482_,VGND,li1,276.2300,250.2400,0.000421
g_row\[1\].g_col\[0\].pe/_2481_,VGND,li1,274.8500,255.6800,0.000502
g_row\[1\].g_col\[0\].pe/_2480_,VGND,li1,283.5900,255.6800,0.000477
g_row\[1\].g_col\[0\].pe/_2479_,VGND,li1,287.2700,255.6800,0.000466
g_row\[1\].g_col\[0\].pe/_2478_,VGND,li1,285.4300,250.2400,0.000406
g_row\[1\].g_col\[0\].pe/_2477_,VGND,li1,301.0700,255.6800,0.000422
g_row\[1\].g_col\[0\].pe/_2476_,VGND,li1,296.4700,255.6800,0.000435
g_row\[1\].g_col\[0\].pe/_2475_,VGND,li1,312.1100,250.2400,0.000336
g_row\[1\].g_col\[0\].pe/_2474_,VGND,li1,307.5100,255.6800,0.000392
g_row\[1\].g_col\[0\].pe/_2473_,VGND,li1,316.7100,255.6800,0.000336
g_row\[1\].g_col\[0\].pe/_2472_,VGND,li1,315.7900,244.8000,0.000392
g_row\[1\].g_col\[0\].pe/_2471_,VGND,li1,329.3600,244.8000,0.000299
g_row\[1\].g_col\[0\].pe/_2470_,VGND,li1,339.7100,244.8000,0.000309
g_row\[1\].g_col\[0\].pe/_2469_,VGND,li1,336.4900,244.8000,0.000298
g_row\[1\].g_col\[0\].pe/_2468_,VGND,li1,355.8100,250.2400,0.000337
g_row\[1\].g_col\[0\].pe/_2467_,VGND,li1,355.3500,244.8000,0.000350
g_row\[1\].g_col\[0\].pe/_2466_,VGND,li1,358.5700,244.8000,0.000354
g_row\[1\].g_col\[0\].pe/_2465_,VGND,li1,368.4600,250.2400,0.000367
g_row\[1\].g_col\[0\].pe/_2464_,VGND,li1,372.1400,250.2400,0.000369
g_row\[1\].g_col\[0\].pe/_2463_,VGND,li1,388.4700,255.6800,0.000364
g_row\[1\].g_col\[0\].pe/_2462_,VGND,li1,383.8700,255.6800,0.000361
g_row\[1\].g_col\[0\].pe/_2461_,VGND,li1,388.0100,255.6800,0.000364
g_row\[1\].g_col\[0\].pe/_2460_,VGND,li1,388.4700,244.8000,0.000379
g_row\[1\].g_col\[0\].pe/_2459_,VGND,li1,383.8700,244.8000,0.000377
g_row\[1\].g_col\[0\].pe/_2458_,VGND,li1,378.8100,255.6800,0.000359
g_row\[1\].g_col\[0\].pe/_2457_,VGND,li1,381.1100,266.5600,0.000033
g_row\[1\].g_col\[0\].pe/_2456_,VGND,li1,376.5100,261.1200,0.000293
g_row\[1\].g_col\[0\].pe/_2455_,VGND,li1,376.9700,239.3600,0.000525
g_row\[1\].g_col\[0\].pe/_2454_,VGND,li1,365.0100,255.6800,0.000346
g_row\[1\].g_col\[0\].pe/_2453_,VGND,li1,372.3700,239.3600,0.000515
g_row\[1\].g_col\[0\].pe/_2452_,VGND,li1,360.8700,244.8000,0.000359
g_row\[1\].g_col\[0\].pe/_2451_,VGND,li1,370.9900,244.8000,0.000371
g_row\[1\].g_col\[0\].pe/_2450_,VGND,li1,367.7700,239.3600,0.000504
g_row\[1\].g_col\[0\].pe/_2449_,VGND,li1,368.2300,239.3600,0.000504
g_row\[1\].g_col\[0\].pe/_2448_,VGND,li1,375.1300,244.8000,0.000373
g_row\[1\].g_col\[0\].pe/_2447_,VGND,li1,349.3700,244.8000,0.000336
g_row\[1\].g_col\[0\].pe/_2446_,VGND,li1,351.6700,244.8000,0.000343
g_row\[1\].g_col\[0\].pe/_2445_,VGND,li1,370.9900,233.9200,0.000384
g_row\[1\].g_col\[0\].pe/_2444_,VGND,li1,346.1500,244.8000,0.000330
g_row\[1\].g_col\[0\].pe/_2443_,VGND,li1,343.3900,244.8000,0.000324
g_row\[1\].g_col\[0\].pe/_2442_,VGND,li1,343.3900,239.3600,0.000403
g_row\[1\].g_col\[0\].pe/_2441_,VGND,li1,362.7100,239.3600,0.000488
g_row\[1\].g_col\[0\].pe/_2440_,VGND,li1,333.2700,244.8000,0.000289
g_row\[1\].g_col\[0\].pe/_2439_,VGND,li1,356.7300,239.3600,0.000466
g_row\[1\].g_col\[0\].pe/_2438_,VGND,li1,324.5300,244.8000,0.000334
g_row\[1\].g_col\[0\].pe/_2437_,VGND,li1,321.3100,244.8000,0.000351
g_row\[1\].g_col\[0\].pe/_2436_,VGND,li1,350.2900,239.3600,0.000438
g_row\[1\].g_col\[0\].pe/_2435_,VGND,li1,316.7100,250.2400,0.000313
g_row\[1\].g_col\[0\].pe/_2434_,VGND,li1,337.4100,239.3600,0.000370
g_row\[1\].g_col\[0\].pe/_2433_,VGND,li1,303.8300,255.6800,0.000403
g_row\[1\].g_col\[0\].pe/_2432_,VGND,li1,319.9300,239.3600,0.000433
g_row\[1\].g_col\[0\].pe/_2431_,VGND,li1,293.7100,250.2400,0.000385
g_row\[1\].g_col\[0\].pe/_2430_,VGND,li1,312.5700,239.3600,0.000481
g_row\[1\].g_col\[0\].pe/_2429_,VGND,li1,297.8500,244.8000,0.000490
g_row\[1\].g_col\[0\].pe/_2428_,VGND,li1,273.9300,250.2400,0.000424
g_row\[1\].g_col\[0\].pe/_2427_,VGND,li1,273.4700,255.6800,0.000502
g_row\[1\].g_col\[0\].pe/_2426_,VGND,li1,281.2900,244.8000,0.000556
g_row\[1\].g_col\[0\].pe/_2425_,VGND,li1,274.3900,244.8000,0.000578
g_row\[1\].g_col\[0\].pe/_2424_,VGND,li1,270.9400,244.8000,0.000588
g_row\[1\].g_col\[0\].pe/_2423_,VGND,li1,268.4100,244.8000,0.000591
g_row\[1\].g_col\[0\].pe/_2422_,VGND,li1,270.2500,244.8000,0.000588
g_row\[1\].g_col\[0\].pe/_2421_,VGND,li1,282.2100,239.3600,0.000559
g_row\[1\].g_col\[0\].pe/_2420_,VGND,li1,298.7700,239.3600,0.000530
g_row\[1\].g_col\[0\].pe/_2419_,VGND,li1,307.9700,239.3600,0.000498
g_row\[1\].g_col\[0\].pe/_2418_,VGND,li1,317.6300,244.8000,0.000375
g_row\[1\].g_col\[0\].pe/_2417_,VGND,li1,338.3300,239.3600,0.000370
g_row\[1\].g_col\[0\].pe/_2416_,VGND,li1,345.6900,239.3600,0.000415
g_row\[1\].g_col\[0\].pe/_2415_,VGND,li1,354.8900,239.3600,0.000458
g_row\[1\].g_col\[0\].pe/_2414_,VGND,li1,360.8700,239.3600,0.000481
g_row\[1\].g_col\[0\].pe/_2413_,VGND,li1,366.3900,233.9200,0.000376
g_row\[1\].g_col\[0\].pe/_2412_,VGND,li1,376.2800,233.9200,0.000391
g_row\[1\].g_col\[0\].pe/_2411_,VGND,li1,384.1000,233.9200,0.000398
g_row\[1\].g_col\[0\].pe/_2410_,VGND,li1,387.3200,250.2400,0.000380
g_row\[1\].g_col\[0\].pe/_2409_,VGND,li1,385.7100,250.2400,0.000380
g_row\[1\].g_col\[0\].pe/_2408_,VGND,li1,367.3100,244.8000,0.000368
g_row\[1\].g_col\[0\].pe/_2406_,VGND,li1,304.2900,239.3600,0.000517
g_row\[1\].g_col\[0\].pe/_2405_,VGND,li1,324.0700,239.3600,0.000404
g_row\[1\].g_col\[0\].pe/_2404_,VGND,li1,329.8200,233.9200,0.000282
g_row\[1\].g_col\[0\].pe/_2403_,VGND,li1,328.6700,239.3600,0.000367
g_row\[1\].g_col\[0\].pe/_2402_,VGND,li1,295.5500,233.9200,0.000407
g_row\[1\].g_col\[0\].pe/_2401_,VGND,li1,296.0100,228.4800,0.000386
g_row\[1\].g_col\[0\].pe/_2399_,VGND,li1,365.4700,244.8000,0.000365
g_row\[1\].g_col\[0\].pe/_2398_,VGND,li1,294.8600,228.4800,0.000386
g_row\[1\].g_col\[0\].pe/_2397_,VGND,li1,292.3300,228.4800,0.000399
g_row\[1\].g_col\[0\].pe/_2396_,VGND,li1,263.1200,233.9200,0.000436
g_row\[1\].g_col\[0\].pe/_2395_,VGND,li1,268.1800,239.3600,0.000568
g_row\[1\].g_col\[0\].pe/_2394_,VGND,li1,273.0100,233.9200,0.000434
g_row\[1\].g_col\[0\].pe/_2393_,VGND,li1,269.7900,233.9200,0.000435
g_row\[1\].g_col\[0\].pe/_2392_,VGND,li1,256.4500,233.9200,0.000436
g_row\[1\].g_col\[0\].pe/_2391_,VGND,li1,242.6500,233.9200,0.000429
g_row\[1\].g_col\[0\].pe/_2390_,VGND,li1,240.8100,223.0400,0.000396
g_row\[1\].g_col\[0\].pe/_2389_,VGND,li1,245.4100,223.0400,0.000394
g_row\[1\].g_col\[0\].pe/_2388_,VGND,li1,248.1700,217.6000,0.000313
g_row\[1\].g_col\[0\].pe/_2387_,VGND,li1,242.1900,228.4800,0.000381
g_row\[1\].g_col\[0\].pe/_2386_,VGND,li1,243.1100,228.4800,0.000381
g_row\[1\].g_col\[0\].pe/_2385_,VGND,li1,255.0700,233.9200,0.000436
g_row\[1\].g_col\[0\].pe/_2384_,VGND,li1,271.1700,233.9200,0.000435
g_row\[1\].g_col\[0\].pe/_2383_,VGND,li1,272.0900,239.3600,0.000566
g_row\[1\].g_col\[0\].pe/_2381_,VGND,li1,274.3900,239.3600,0.000565
g_row\[1\].g_col\[0\].pe/_2380_,VGND,li1,279.9100,233.9200,0.000431
g_row\[1\].g_col\[0\].pe/_2379_,VGND,li1,277.6100,239.3600,0.000563
g_row\[1\].g_col\[0\].pe/_2378_,VGND,li1,287.2700,233.9200,0.000422
g_row\[1\].g_col\[0\].pe/_2377_,VGND,li1,284.9700,233.9200,0.000425
g_row\[1\].g_col\[0\].pe/_2376_,VGND,li1,283.8200,233.9200,0.000427
g_row\[1\].g_col\[0\].pe/_2375_,VGND,li1,275.7700,233.9200,0.000433
g_row\[1\].g_col\[0\].pe/_2374_,VGND,li1,259.2100,233.9200,0.000436
g_row\[1\].g_col\[0\].pe/_2373_,VGND,li1,260.8200,228.4800,0.000414
g_row\[1\].g_col\[0\].pe/_2372_,VGND,li1,248.6300,233.9200,0.000433
g_row\[1\].g_col\[0\].pe/_2371_,VGND,li1,248.1700,228.4800,0.000390
g_row\[1\].g_col\[0\].pe/_2370_,VGND,li1,235.9800,228.4800,0.000368
g_row\[1\].g_col\[0\].pe/_2369_,VGND,li1,239.4300,228.4800,0.000375
g_row\[1\].g_col\[0\].pe/_2368_,VGND,li1,239.4300,228.4800,0.000375
g_row\[1\].g_col\[0\].pe/_2367_,VGND,li1,241.9600,223.0400,0.000395
g_row\[1\].g_col\[0\].pe/_2366_,VGND,li1,248.6300,223.0400,0.000392
g_row\[1\].g_col\[0\].pe/_2365_,VGND,li1,244.7200,228.4800,0.000385
g_row\[1\].g_col\[0\].pe/_2364_,VGND,li1,244.0300,217.6000,0.000317
g_row\[1\].g_col\[0\].pe/_2363_,VGND,li1,242.8800,217.6000,0.000317
g_row\[1\].g_col\[0\].pe/_2361_,VGND,li1,287.7300,239.3600,0.000551
g_row\[1\].g_col\[0\].pe/_2360_,VGND,li1,292.1000,239.3600,0.000544
g_row\[1\].g_col\[0\].pe/_2359_,VGND,li1,289.1100,233.9200,0.000419
g_row\[1\].g_col\[0\].pe/_2358_,VGND,li1,290.0300,228.4800,0.000405
g_row\[1\].g_col\[0\].pe/_2357_,VGND,li1,307.9700,228.4800,0.000344
g_row\[1\].g_col\[0\].pe/_2356_,VGND,li1,280.8300,233.9200,0.000431
g_row\[1\].g_col\[0\].pe/_2355_,VGND,li1,287.2700,228.4800,0.000411
g_row\[1\].g_col\[0\].pe/_2354_,VGND,li1,284.7400,228.4800,0.000418
g_row\[1\].g_col\[0\].pe/_2353_,VGND,li1,277.6100,228.4800,0.000437
g_row\[1\].g_col\[0\].pe/_2352_,VGND,li1,269.1000,228.4800,0.000427
g_row\[1\].g_col\[0\].pe/_2351_,VGND,li1,272.5500,228.4800,0.000430
g_row\[1\].g_col\[0\].pe/_2350_,VGND,li1,267.0300,228.4800,0.000424
g_row\[1\].g_col\[0\].pe/_2349_,VGND,li1,261.0500,228.4800,0.000414
g_row\[1\].g_col\[0\].pe/_2348_,VGND,li1,267.4900,233.9200,0.000436
g_row\[1\].g_col\[0\].pe/_2347_,VGND,li1,253.6900,228.4800,0.000402
g_row\[1\].g_col\[0\].pe/_2346_,VGND,li1,251.8500,228.4800,0.000398
g_row\[1\].g_col\[0\].pe/_2345_,VGND,li1,247.2500,228.4800,0.000390
g_row\[1\].g_col\[0\].pe/_2344_,VGND,li1,249.5500,228.4800,0.000394
g_row\[1\].g_col\[0\].pe/_2343_,VGND,li1,246.7900,223.0400,0.000394
g_row\[1\].g_col\[0\].pe/_2342_,VGND,li1,246.5600,212.1600,0.000267
g_row\[1\].g_col\[0\].pe/_2341_,VGND,li1,246.7900,206.7200,0.000291
g_row\[1\].g_col\[0\].pe/_2340_,VGND,li1,246.5600,217.6000,0.000313
g_row\[1\].g_col\[0\].pe/_2339_,VGND,li1,261.0500,217.6000,0.000294
g_row\[1\].g_col\[0\].pe/_2338_,VGND,li1,281.2900,228.4800,0.000427
g_row\[1\].g_col\[0\].pe/_2337_,VGND,li1,271.8600,228.4800,0.000430
g_row\[1\].g_col\[0\].pe/_2336_,VGND,li1,298.3100,239.3600,0.000534
g_row\[1\].g_col\[0\].pe/_2335_,VGND,li1,309.3500,239.3600,0.000498
g_row\[1\].g_col\[0\].pe/_2334_,VGND,li1,311.8800,233.9200,0.000367
g_row\[1\].g_col\[0\].pe/_2333_,VGND,li1,311.8800,228.4800,0.000323
g_row\[1\].g_col\[0\].pe/_2332_,VGND,li1,332.1200,228.4800,0.000221
g_row\[1\].g_col\[0\].pe/_2331_,VGND,li1,323.8400,228.4800,0.000269
g_row\[1\].g_col\[0\].pe/_2330_,VGND,li1,322.9200,223.0400,0.000248
g_row\[1\].g_col\[0\].pe/_2329_,VGND,li1,317.1700,228.4800,0.000301
g_row\[1\].g_col\[0\].pe/_2328_,VGND,li1,303.3700,228.4800,0.000362
g_row\[1\].g_col\[0\].pe/_2327_,VGND,li1,301.7600,228.4800,0.000369
g_row\[1\].g_col\[0\].pe/_2326_,VGND,li1,300.1500,228.4800,0.000369
g_row\[1\].g_col\[0\].pe/_2325_,VGND,li1,285.8900,228.4800,0.000418
g_row\[1\].g_col\[0\].pe/_2324_,VGND,li1,284.9700,217.6000,0.000259
g_row\[1\].g_col\[0\].pe/_2323_,VGND,li1,273.0100,223.0400,0.000379
g_row\[1\].g_col\[0\].pe/_2322_,VGND,li1,271.1700,223.0400,0.000380
g_row\[1\].g_col\[0\].pe/_2321_,VGND,li1,268.1800,223.0400,0.000382
g_row\[1\].g_col\[0\].pe/_2320_,VGND,li1,265.1900,228.4800,0.000421
g_row\[1\].g_col\[0\].pe/_2319_,VGND,li1,266.5700,223.0400,0.000384
g_row\[1\].g_col\[0\].pe/_2318_,VGND,li1,260.1300,223.0400,0.000387
g_row\[1\].g_col\[0\].pe/_2317_,VGND,li1,252.3100,223.0400,0.000391
g_row\[1\].g_col\[0\].pe/_2316_,VGND,li1,255.0700,223.0400,0.000390
g_row\[1\].g_col\[0\].pe/_2315_,VGND,li1,254.8400,223.0400,0.000390
g_row\[1\].g_col\[0\].pe/_2314_,VGND,li1,254.6100,217.6000,0.000305
g_row\[1\].g_col\[0\].pe/_2313_,VGND,li1,253.9200,212.1600,0.000257
g_row\[1\].g_col\[0\].pe/_2312_,VGND,li1,255.7600,212.1600,0.000254
g_row\[1\].g_col\[0\].pe/_2311_,VGND,li1,263.8100,223.0400,0.000386
g_row\[1\].g_col\[0\].pe/_2310_,VGND,li1,274.3900,223.0400,0.000379
g_row\[1\].g_col\[0\].pe/_2309_,VGND,li1,298.3100,228.4800,0.000375
g_row\[1\].g_col\[0\].pe/_2308_,VGND,li1,316.2500,239.3600,0.000454
g_row\[1\].g_col\[0\].pe/_2307_,VGND,li1,316.2500,239.3600,0.000454
g_row\[1\].g_col\[0\].pe/_2306_,VGND,li1,316.9400,233.9200,0.000351
g_row\[1\].g_col\[0\].pe/_2305_,VGND,li1,324.5300,228.4800,0.000269
g_row\[1\].g_col\[0\].pe/_2304_,VGND,li1,334.4200,223.0400,0.000223
g_row\[1\].g_col\[0\].pe/_2303_,VGND,li1,346.1500,223.0400,0.000263
g_row\[1\].g_col\[0\].pe/_2302_,VGND,li1,340.6300,223.0400,0.000247
g_row\[1\].g_col\[0\].pe/_2301_,VGND,li1,369.8400,223.0400,0.000297
g_row\[1\].g_col\[0\].pe/_2300_,VGND,li1,361.7900,228.4800,0.000307
g_row\[1\].g_col\[0\].pe/_2299_,VGND,li1,360.4100,223.0400,0.000287
g_row\[1\].g_col\[0\].pe/_2298_,VGND,li1,349.3700,223.0400,0.000270
g_row\[1\].g_col\[0\].pe/_2297_,VGND,li1,324.0700,223.0400,0.000248
g_row\[1\].g_col\[0\].pe/_2296_,VGND,li1,315.7900,223.0400,0.000278
g_row\[1\].g_col\[0\].pe/_2295_,VGND,li1,313.0300,228.4800,0.000323
g_row\[1\].g_col\[0\].pe/_2294_,VGND,li1,310.2700,223.0400,0.000293
g_row\[1\].g_col\[0\].pe/_2293_,VGND,li1,312.8000,223.0400,0.000285
g_row\[1\].g_col\[0\].pe/_2292_,VGND,li1,304.7500,228.4800,0.000352
g_row\[1\].g_col\[0\].pe/_2291_,VGND,li1,303.6000,223.0400,0.000317
g_row\[1\].g_col\[0\].pe/_2290_,VGND,li1,306.1300,223.0400,0.000305
g_row\[1\].g_col\[0\].pe/_2289_,VGND,li1,302.9100,217.6000,0.000229
g_row\[1\].g_col\[0\].pe/_2288_,VGND,li1,297.8500,212.1600,0.000189
g_row\[1\].g_col\[0\].pe/_2287_,VGND,li1,298.7700,223.0400,0.000326
g_row\[1\].g_col\[0\].pe/_2286_,VGND,li1,292.3300,223.0400,0.000346
g_row\[1\].g_col\[0\].pe/_2285_,VGND,li1,285.8900,223.0400,0.000359
g_row\[1\].g_col\[0\].pe/_2284_,VGND,li1,289.1100,223.0400,0.000351
g_row\[1\].g_col\[0\].pe/_2283_,VGND,li1,281.5200,223.0400,0.000368
g_row\[1\].g_col\[0\].pe/_2282_,VGND,li1,286.8100,223.0400,0.000359
g_row\[1\].g_col\[0\].pe/_2281_,VGND,li1,266.5700,217.6000,0.000288
g_row\[1\].g_col\[0\].pe/_2280_,VGND,li1,259.2100,217.6000,0.000298
g_row\[1\].g_col\[0\].pe/_2279_,VGND,li1,257.6000,212.1600,0.000252
g_row\[1\].g_col\[0\].pe/_2278_,VGND,li1,263.1200,212.1600,0.000245
g_row\[1\].g_col\[0\].pe/_2277_,VGND,li1,289.8000,217.6000,0.000252
g_row\[1\].g_col\[0\].pe/_2276_,VGND,li1,277.6100,223.0400,0.000376
g_row\[1\].g_col\[0\].pe/_2275_,VGND,li1,272.3200,217.6000,0.000278
g_row\[1\].g_col\[0\].pe/_2274_,VGND,li1,265.4200,212.1600,0.000241
g_row\[1\].g_col\[0\].pe/_2273_,VGND,li1,300.6100,217.6000,0.000233
g_row\[1\].g_col\[0\].pe/_2272_,VGND,li1,313.0300,223.0400,0.000285
g_row\[1\].g_col\[0\].pe/_2271_,VGND,li1,310.2700,223.0400,0.000293
g_row\[1\].g_col\[0\].pe/_2270_,VGND,li1,319.9300,223.0400,0.000260
g_row\[1\].g_col\[0\].pe/_2269_,VGND,li1,320.8500,228.4800,0.000286
g_row\[1\].g_col\[0\].pe/_2268_,VGND,li1,336.0300,228.4800,0.000234
g_row\[1\].g_col\[0\].pe/_2267_,VGND,li1,338.3300,233.9200,0.000294
g_row\[1\].g_col\[0\].pe/_2266_,VGND,li1,343.3900,239.3600,0.000403
g_row\[1\].g_col\[0\].pe/_2265_,VGND,li1,342.4700,228.4800,0.000255
g_row\[1\].g_col\[0\].pe/_2264_,VGND,li1,341.7800,228.4800,0.000247
g_row\[1\].g_col\[0\].pe/_2263_,VGND,li1,337.4100,223.0400,0.000232
g_row\[1\].g_col\[0\].pe/_2262_,VGND,li1,336.0300,223.0400,0.000232
g_row\[1\].g_col\[0\].pe/_2261_,VGND,li1,338.3300,223.0400,0.000240
g_row\[1\].g_col\[0\].pe/_2260_,VGND,li1,327.2900,223.0400,0.000229
g_row\[1\].g_col\[0\].pe/_2259_,VGND,li1,325.9100,217.6000,0.000176
g_row\[1\].g_col\[0\].pe/_2258_,VGND,li1,329.8200,217.6000,0.000163
g_row\[1\].g_col\[0\].pe/_2257_,VGND,li1,318.0900,223.0400,0.000268
g_row\[1\].g_col\[0\].pe/_2256_,VGND,li1,312.5700,212.1600,0.000162
g_row\[1\].g_col\[0\].pe/_2255_,VGND,li1,313.0300,217.6000,0.000208
g_row\[1\].g_col\[0\].pe/_2254_,VGND,li1,313.0300,217.6000,0.000208
g_row\[1\].g_col\[0\].pe/_2253_,VGND,li1,310.2700,217.6000,0.000214
g_row\[1\].g_col\[0\].pe/_2252_,VGND,li1,305.6700,217.6000,0.000224
g_row\[1\].g_col\[0\].pe/_2251_,VGND,li1,281.9800,217.6000,0.000263
g_row\[1\].g_col\[0\].pe/_2250_,VGND,li1,282.6700,217.6000,0.000263
g_row\[1\].g_col\[0\].pe/_2249_,VGND,li1,280.3700,217.6000,0.000268
g_row\[1\].g_col\[0\].pe/_2248_,VGND,li1,279.4500,212.1600,0.000222
g_row\[1\].g_col\[0\].pe/_2247_,VGND,li1,274.1600,212.1600,0.000228
g_row\[1\].g_col\[0\].pe/_2246_,VGND,li1,302.4500,223.0400,0.000317
g_row\[1\].g_col\[0\].pe/_2245_,VGND,li1,298.3100,217.6000,0.000238
g_row\[1\].g_col\[0\].pe/_2244_,VGND,li1,292.3300,217.6000,0.000247
g_row\[1\].g_col\[0\].pe/_2243_,VGND,li1,288.6500,212.1600,0.000205
g_row\[1\].g_col\[0\].pe/_2242_,VGND,li1,285.6600,217.6000,0.000259
g_row\[1\].g_col\[0\].pe/_2241_,VGND,li1,287.0400,206.7200,0.000222
g_row\[1\].g_col\[0\].pe/_2240_,VGND,li1,296.7000,212.1600,0.000194
g_row\[1\].g_col\[0\].pe/_2239_,VGND,li1,303.3700,206.7200,0.000187
g_row\[1\].g_col\[0\].pe/_2238_,VGND,li1,342.2400,223.0400,0.000247
g_row\[1\].g_col\[0\].pe/_2237_,VGND,li1,344.7700,233.9200,0.000317
g_row\[1\].g_col\[0\].pe/_2236_,VGND,li1,347.9900,228.4800,0.000272
g_row\[1\].g_col\[0\].pe/_2235_,VGND,li1,352.5900,233.9200,0.000337
g_row\[1\].g_col\[0\].pe/_2234_,VGND,li1,348.4500,228.4800,0.000272
g_row\[1\].g_col\[0\].pe/_2233_,VGND,li1,350.9800,223.0400,0.000270
g_row\[1\].g_col\[0\].pe/_2232_,VGND,li1,355.3500,217.6000,0.000213
g_row\[1\].g_col\[0\].pe/_2231_,VGND,li1,355.3500,223.0400,0.000279
g_row\[1\].g_col\[0\].pe/_2230_,VGND,li1,346.6100,223.0400,0.000263
g_row\[1\].g_col\[0\].pe/_2229_,VGND,li1,344.0800,217.6000,0.000190
g_row\[1\].g_col\[0\].pe/_2228_,VGND,li1,341.3200,217.6000,0.000184
g_row\[1\].g_col\[0\].pe/_2227_,VGND,li1,338.3300,217.6000,0.000177
g_row\[1\].g_col\[0\].pe/_2226_,VGND,li1,330.9700,217.6000,0.000163
g_row\[1\].g_col\[0\].pe/_2225_,VGND,li1,321.3100,201.2800,0.000150
g_row\[1\].g_col\[0\].pe/_2224_,VGND,li1,325.4500,217.6000,0.000176
g_row\[1\].g_col\[0\].pe/_2223_,VGND,li1,325.9100,212.1600,0.000135
g_row\[1\].g_col\[0\].pe/_2222_,VGND,li1,329.5900,212.1600,0.000125
g_row\[1\].g_col\[0\].pe/_2221_,VGND,li1,318.5500,217.6000,0.000195
g_row\[1\].g_col\[0\].pe/_2220_,VGND,li1,315.3300,212.1600,0.000157
g_row\[1\].g_col\[0\].pe/_2219_,VGND,li1,311.6500,206.7200,0.000168
g_row\[1\].g_col\[0\].pe/_2218_,VGND,li1,307.5100,212.1600,0.000172
g_row\[1\].g_col\[0\].pe/_2217_,VGND,li1,298.7700,206.7200,0.000199
g_row\[1\].g_col\[0\].pe/_2216_,VGND,li1,293.0200,212.1600,0.000197
g_row\[1\].g_col\[0\].pe/_2215_,VGND,li1,304.9800,206.7200,0.000187
g_row\[1\].g_col\[0\].pe/_2214_,VGND,li1,290.9500,201.2800,0.000218
g_row\[1\].g_col\[0\].pe/_2213_,VGND,li1,315.7900,206.7200,0.000160
g_row\[1\].g_col\[0\].pe/_2212_,VGND,li1,309.3500,212.1600,0.000169
g_row\[1\].g_col\[0\].pe/_2211_,VGND,li1,305.6700,212.1600,0.000178
g_row\[1\].g_col\[0\].pe/_2210_,VGND,li1,301.5300,212.1600,0.000183
g_row\[1\].g_col\[0\].pe/_2209_,VGND,li1,292.7900,206.7200,0.000210
g_row\[1\].g_col\[0\].pe/_2208_,VGND,li1,287.0400,212.1600,0.000210
g_row\[1\].g_col\[0\].pe/_2207_,VGND,li1,297.8500,206.7200,0.000199
g_row\[1\].g_col\[0\].pe/_2206_,VGND,li1,263.5800,206.7200,0.000265
g_row\[1\].g_col\[0\].pe/_2205_,VGND,li1,259.4400,206.7200,0.000272
g_row\[1\].g_col\[0\].pe/_2204_,VGND,li1,262.4300,206.7200,0.000268
g_row\[1\].g_col\[0\].pe/_2203_,VGND,li1,336.4900,217.6000,0.000171
g_row\[1\].g_col\[0\].pe/_2202_,VGND,li1,346.6100,217.6000,0.000194
g_row\[1\].g_col\[0\].pe/_2201_,VGND,li1,360.8700,217.6000,0.000218
g_row\[1\].g_col\[0\].pe/_2200_,VGND,li1,360.8700,223.0400,0.000287
g_row\[1\].g_col\[0\].pe/_2199_,VGND,li1,352.1300,228.4800,0.000280
g_row\[1\].g_col\[0\].pe/_2198_,VGND,li1,356.0400,228.4800,0.000293
g_row\[1\].g_col\[0\].pe/_2197_,VGND,li1,358.1100,228.4800,0.000302
g_row\[1\].g_col\[0\].pe/_2196_,VGND,li1,354.8900,228.4800,0.000293
g_row\[1\].g_col\[0\].pe/_2195_,VGND,li1,356.7300,217.6000,0.000213
g_row\[1\].g_col\[0\].pe/_2194_,VGND,li1,350.7500,217.6000,0.000205
g_row\[1\].g_col\[0\].pe/_2193_,VGND,li1,350.2900,206.7200,0.000163
g_row\[1\].g_col\[0\].pe/_2192_,VGND,li1,348.4500,212.1600,0.000159
g_row\[1\].g_col\[0\].pe/_2191_,VGND,li1,342.9300,217.6000,0.000190
g_row\[1\].g_col\[0\].pe/_2190_,VGND,li1,339.2500,217.6000,0.000177
g_row\[1\].g_col\[0\].pe/_2189_,VGND,li1,341.5500,212.1600,0.000145
g_row\[1\].g_col\[0\].pe/_2188_,VGND,li1,333.2700,206.7200,0.000125
g_row\[1\].g_col\[0\].pe/_2187_,VGND,li1,332.3500,201.2800,0.000122
g_row\[1\].g_col\[0\].pe/_2186_,VGND,li1,336.9500,212.1600,0.000135
g_row\[1\].g_col\[0\].pe/_2185_,VGND,li1,334.1900,206.7200,0.000125
g_row\[1\].g_col\[0\].pe/_2184_,VGND,li1,336.7200,206.7200,0.000133
g_row\[1\].g_col\[0\].pe/_2183_,VGND,li1,330.9700,212.1600,0.000125
g_row\[1\].g_col\[0\].pe/_2182_,VGND,li1,326.3700,206.7200,0.000132
g_row\[1\].g_col\[0\].pe/_2181_,VGND,li1,322.6900,206.7200,0.000142
g_row\[1\].g_col\[0\].pe/_2180_,VGND,li1,318.0900,206.7200,0.000153
g_row\[1\].g_col\[0\].pe/_2179_,VGND,li1,314.4100,190.4000,0.000100
g_row\[1\].g_col\[0\].pe/_2178_,VGND,li1,312.3400,190.4000,0.000103
g_row\[1\].g_col\[0\].pe/_2177_,VGND,li1,312.3400,201.2800,0.000174
g_row\[1\].g_col\[0\].pe/_2176_,VGND,li1,278.0700,201.2800,0.000243
g_row\[1\].g_col\[0\].pe/_2175_,VGND,li1,275.3100,206.7200,0.000245
g_row\[1\].g_col\[0\].pe/_2174_,VGND,li1,322.2300,206.7200,0.000142
g_row\[1\].g_col\[0\].pe/_2173_,VGND,li1,325.4500,212.1600,0.000135
g_row\[1\].g_col\[0\].pe/_2172_,VGND,li1,295.0900,201.2800,0.000210
g_row\[1\].g_col\[0\].pe/_2171_,VGND,li1,289.1100,201.2800,0.000223
g_row\[1\].g_col\[0\].pe/_2170_,VGND,li1,286.1200,201.2800,0.000228
g_row\[1\].g_col\[0\].pe/_2169_,VGND,li1,290.9500,206.7200,0.000214
g_row\[1\].g_col\[0\].pe/_2168_,VGND,li1,264.2700,201.2800,0.000270
g_row\[1\].g_col\[0\].pe/_2167_,VGND,li1,267.2600,201.2800,0.000263
g_row\[1\].g_col\[0\].pe/_2166_,VGND,li1,261.5100,201.2800,0.000274
g_row\[1\].g_col\[0\].pe/_2165_,VGND,li1,265.4200,201.2800,0.000266
g_row\[1\].g_col\[0\].pe/_2164_,VGND,li1,265.1900,195.8400,0.000180
g_row\[1\].g_col\[0\].pe/_2163_,VGND,li1,256.9100,201.2800,0.000282
g_row\[1\].g_col\[0\].pe/_2162_,VGND,li1,355.8100,212.1600,0.000171
g_row\[1\].g_col\[0\].pe/_2161_,VGND,li1,363.6300,217.6000,0.000222
g_row\[1\].g_col\[0\].pe/_2160_,VGND,li1,358.5700,233.9200,0.000358
g_row\[1\].g_col\[0\].pe/_2159_,VGND,li1,364.0900,233.9200,0.000371
g_row\[1\].g_col\[0\].pe/_2158_,VGND,li1,361.1000,233.9200,0.000363
g_row\[1\].g_col\[0\].pe/_2157_,VGND,li1,360.8700,228.4800,0.000307
g_row\[1\].g_col\[0\].pe/_2156_,VGND,li1,364.0900,223.0400,0.000291
g_row\[1\].g_col\[0\].pe/_2155_,VGND,li1,363.4000,223.0400,0.000291
g_row\[1\].g_col\[0\].pe/_2154_,VGND,li1,376.7400,212.1600,0.000194
g_row\[1\].g_col\[0\].pe/_2153_,VGND,li1,377.6600,206.7200,0.000204
g_row\[1\].g_col\[0\].pe/_2152_,VGND,li1,370.5300,217.6000,0.000228
g_row\[1\].g_col\[0\].pe/_2151_,VGND,li1,383.4100,217.6000,0.000235
g_row\[1\].g_col\[0\].pe/_2150_,VGND,li1,381.3400,212.1600,0.000198
g_row\[1\].g_col\[0\].pe/_2149_,VGND,li1,363.1700,217.6000,0.000222
g_row\[1\].g_col\[0\].pe/_2148_,VGND,li1,360.4100,212.1600,0.000178
g_row\[1\].g_col\[0\].pe/_2147_,VGND,li1,355.8100,212.1600,0.000171
g_row\[1\].g_col\[0\].pe/_2146_,VGND,li1,349.8300,212.1600,0.000159
g_row\[1\].g_col\[0\].pe/_2145_,VGND,li1,349.8300,206.7200,0.000163
g_row\[1\].g_col\[0\].pe/_2144_,VGND,li1,343.8500,206.7200,0.000148
g_row\[1\].g_col\[0\].pe/_2143_,VGND,li1,338.3300,201.2800,0.000135
g_row\[1\].g_col\[0\].pe/_2142_,VGND,li1,332.3500,201.2800,0.000122
g_row\[1\].g_col\[0\].pe/_2141_,VGND,li1,327.7500,201.2800,0.000134
g_row\[1\].g_col\[0\].pe/_2140_,VGND,li1,311.6500,206.7200,0.000168
g_row\[1\].g_col\[0\].pe/_2139_,VGND,li1,308.6600,201.2800,0.000180
g_row\[1\].g_col\[0\].pe/_2138_,VGND,li1,325.2200,184.9600,0.000088
g_row\[1\].g_col\[0\].pe/_2137_,VGND,li1,320.3900,195.8400,0.000112
g_row\[1\].g_col\[0\].pe/_2136_,VGND,li1,332.5800,190.4000,0.000076
g_row\[1\].g_col\[0\].pe/_2135_,VGND,li1,342.0100,212.1600,0.000145
g_row\[1\].g_col\[0\].pe/_2134_,VGND,li1,337.8700,206.7200,0.000133
g_row\[1\].g_col\[0\].pe/_2133_,VGND,li1,337.1800,212.1600,0.000135
g_row\[1\].g_col\[0\].pe/_2132_,VGND,li1,280.8300,206.7200,0.000237
g_row\[1\].g_col\[0\].pe/_2131_,VGND,li1,279.4500,206.7200,0.000237
g_row\[1\].g_col\[0\].pe/_2130_,VGND,li1,274.1600,206.7200,0.000250
g_row\[1\].g_col\[0\].pe/_2129_,VGND,li1,272.5500,206.7200,0.000250
g_row\[1\].g_col\[0\].pe/_2128_,VGND,li1,277.8400,201.2800,0.000246
g_row\[1\].g_col\[0\].pe/_2127_,VGND,li1,274.3900,201.2800,0.000250
g_row\[1\].g_col\[0\].pe/_2126_,VGND,li1,253.2300,195.8400,0.000189
g_row\[1\].g_col\[0\].pe/_2125_,VGND,li1,252.0800,195.8400,0.000191
g_row\[1\].g_col\[0\].pe/_2124_,VGND,li1,273.9300,195.8400,0.000173
g_row\[1\].g_col\[0\].pe/_2123_,VGND,li1,274.6200,201.2800,0.000250
g_row\[1\].g_col\[0\].pe/_2122_,VGND,li1,273.4700,195.8400,0.000173
g_row\[1\].g_col\[0\].pe/_2121_,VGND,li1,277.6100,195.8400,0.000169
g_row\[1\].g_col\[0\].pe/_2120_,VGND,li1,342.9300,195.8400,0.000109
g_row\[1\].g_col\[0\].pe/_2119_,VGND,li1,337.4100,201.2800,0.000135
g_row\[1\].g_col\[0\].pe/_2118_,VGND,li1,360.4100,212.1600,0.000178
g_row\[1\].g_col\[0\].pe/_2117_,VGND,li1,365.0100,212.1600,0.000183
g_row\[1\].g_col\[0\].pe/_2116_,VGND,li1,365.4700,239.3600,0.000496
g_row\[1\].g_col\[0\].pe/_2115_,VGND,li1,367.3100,223.0400,0.000295
g_row\[1\].g_col\[0\].pe/_2114_,VGND,li1,370.3000,223.0400,0.000297
g_row\[1\].g_col\[0\].pe/_2113_,VGND,li1,376.5100,228.4800,0.000337
g_row\[1\].g_col\[0\].pe/_2112_,VGND,li1,376.0500,223.0400,0.000303
g_row\[1\].g_col\[0\].pe/_2111_,VGND,li1,376.0500,217.6000,0.000232
g_row\[1\].g_col\[0\].pe/_2110_,VGND,li1,373.2900,212.1600,0.000192
g_row\[1\].g_col\[0\].pe/_2109_,VGND,li1,374.2100,212.1600,0.000192
g_row\[1\].g_col\[0\].pe/_2108_,VGND,li1,369.6100,212.1600,0.000188
g_row\[1\].g_col\[0\].pe/_2107_,VGND,li1,362.2500,206.7200,0.000186
g_row\[1\].g_col\[0\].pe/_2106_,VGND,li1,360.4100,206.7200,0.000183
g_row\[1\].g_col\[0\].pe/_2105_,VGND,li1,356.2700,206.7200,0.000175
g_row\[1\].g_col\[0\].pe/_2104_,VGND,li1,355.8100,206.7200,0.000175
g_row\[1\].g_col\[0\].pe/_2103_,VGND,li1,356.7300,201.2800,0.000181
g_row\[1\].g_col\[0\].pe/_2102_,VGND,li1,349.8300,201.2800,0.000164
g_row\[1\].g_col\[0\].pe/_2101_,VGND,li1,349.3700,201.2800,0.000164
g_row\[1\].g_col\[0\].pe/_2100_,VGND,li1,342.9300,206.7200,0.000148
g_row\[1\].g_col\[0\].pe/_2099_,VGND,li1,343.8500,201.2800,0.000151
g_row\[1\].g_col\[0\].pe/_2098_,VGND,li1,297.3900,195.8400,0.000150
g_row\[1\].g_col\[0\].pe/_2097_,VGND,li1,325.4500,201.2800,0.000139
g_row\[1\].g_col\[0\].pe/_2096_,VGND,li1,323.1500,201.2800,0.000145
g_row\[1\].g_col\[0\].pe/_2095_,VGND,li1,244.9500,195.8400,0.000195
g_row\[1\].g_col\[0\].pe/_2094_,VGND,li1,244.2600,190.4000,0.000153
g_row\[1\].g_col\[0\].pe/_2093_,VGND,li1,239.8900,195.8400,0.000197
g_row\[1\].g_col\[0\].pe/_2092_,VGND,li1,316.7100,195.8400,0.000121
g_row\[1\].g_col\[0\].pe/_2091_,VGND,li1,324.5300,195.8400,0.000107
g_row\[1\].g_col\[0\].pe/_2090_,VGND,li1,318.0900,201.2800,0.000158
g_row\[1\].g_col\[0\].pe/_2089_,VGND,li1,294.8600,201.2800,0.000210
g_row\[1\].g_col\[0\].pe/_2088_,VGND,li1,256.6800,195.8400,0.000187
g_row\[1\].g_col\[0\].pe/_2087_,VGND,li1,257.1400,190.4000,0.000145
g_row\[1\].g_col\[0\].pe/_2086_,VGND,li1,253.6900,184.9600,0.000154
g_row\[1\].g_col\[0\].pe/_2085_,VGND,li1,257.1400,184.9600,0.000153
g_row\[1\].g_col\[0\].pe/_2084_,VGND,li1,261.5100,184.9600,0.000149
g_row\[1\].g_col\[0\].pe/_2083_,VGND,li1,255.5300,179.5200,0.000275
g_row\[1\].g_col\[0\].pe/_2082_,VGND,li1,261.2800,190.4000,0.000143
g_row\[1\].g_col\[0\].pe/_2081_,VGND,li1,258.2900,190.4000,0.000145
g_row\[1\].g_col\[0\].pe/_2080_,VGND,li1,259.6700,184.9600,0.000150
g_row\[1\].g_col\[0\].pe/_2079_,VGND,li1,253.6900,190.4000,0.000148
g_row\[1\].g_col\[0\].pe/_2078_,VGND,li1,345.2300,201.2800,0.000151
g_row\[1\].g_col\[0\].pe/_2077_,VGND,li1,338.3300,195.8400,0.000099
g_row\[1\].g_col\[0\].pe/_2076_,VGND,li1,333.7300,195.8400,0.000090
g_row\[1\].g_col\[0\].pe/_2075_,VGND,li1,327.2900,195.8400,0.000100
g_row\[1\].g_col\[0\].pe/_2074_,VGND,li1,324.7600,190.4000,0.000087
g_row\[1\].g_col\[0\].pe/_2073_,VGND,li1,330.2800,190.4000,0.000080
g_row\[1\].g_col\[0\].pe/_2072_,VGND,li1,305.2100,190.4000,0.000110
g_row\[1\].g_col\[0\].pe/_2071_,VGND,li1,341.7800,190.4000,0.000090
g_row\[1\].g_col\[0\].pe/_2070_,VGND,li1,349.8300,195.8400,0.000122
g_row\[1\].g_col\[0\].pe/_2069_,VGND,li1,368.4600,206.7200,0.000193
g_row\[1\].g_col\[0\].pe/_2068_,VGND,li1,364.0900,201.2800,0.000196
g_row\[1\].g_col\[0\].pe/_2067_,VGND,li1,374.6700,206.7200,0.000201
g_row\[1\].g_col\[0\].pe/_2066_,VGND,li1,380.6500,206.7200,0.000206
g_row\[1\].g_col\[0\].pe/_2065_,VGND,li1,367.3100,233.9200,0.000376
g_row\[1\].g_col\[0\].pe/_2064_,VGND,li1,380.6500,223.0400,0.000306
g_row\[1\].g_col\[0\].pe/_2063_,VGND,li1,381.1100,228.4800,0.000339
g_row\[1\].g_col\[0\].pe/_2062_,VGND,li1,384.1000,223.0400,0.000309
g_row\[1\].g_col\[0\].pe/_2061_,VGND,li1,382.9500,217.6000,0.000235
g_row\[1\].g_col\[0\].pe/_2060_,VGND,li1,379.7300,212.1600,0.000197
g_row\[1\].g_col\[0\].pe/_2059_,VGND,li1,377.8900,206.7200,0.000204
g_row\[1\].g_col\[0\].pe/_2058_,VGND,li1,371.9100,206.7200,0.000198
g_row\[1\].g_col\[0\].pe/_2057_,VGND,li1,368.2300,201.2800,0.000205
g_row\[1\].g_col\[0\].pe/_2056_,VGND,li1,368.2300,195.8400,0.000150
g_row\[1\].g_col\[0\].pe/_2055_,VGND,li1,365.0100,201.2800,0.000196
g_row\[1\].g_col\[0\].pe/_2054_,VGND,li1,360.8700,195.8400,0.000140
g_row\[1\].g_col\[0\].pe/_2053_,VGND,li1,357.6500,201.2800,0.000181
g_row\[1\].g_col\[0\].pe/_2052_,VGND,li1,360.8700,201.2800,0.000188
g_row\[1\].g_col\[0\].pe/_2051_,VGND,li1,303.6000,195.8400,0.000142
g_row\[1\].g_col\[0\].pe/_2050_,VGND,li1,305.4400,195.8400,0.000137
g_row\[1\].g_col\[0\].pe/_2049_,VGND,li1,300.1500,201.2800,0.000199
g_row\[1\].g_col\[0\].pe/_2048_,VGND,li1,301.3000,201.2800,0.000199
g_row\[1\].g_col\[0\].pe/_2047_,VGND,li1,296.0100,195.8400,0.000150
g_row\[1\].g_col\[0\].pe/_2046_,VGND,li1,224.2500,190.4000,0.000160
g_row\[1\].g_col\[0\].pe/_2045_,VGND,li1,221.2600,190.4000,0.000161
g_row\[1\].g_col\[0\].pe/_2044_,VGND,li1,247.0200,195.8400,0.000193
g_row\[1\].g_col\[0\].pe/_2043_,VGND,li1,241.2700,190.4000,0.000154
g_row\[1\].g_col\[0\].pe/_2042_,VGND,li1,238.9700,190.4000,0.000155
g_row\[1\].g_col\[0\].pe/_2041_,VGND,li1,232.0700,179.5200,0.000309
g_row\[1\].g_col\[0\].pe/_2040_,VGND,li1,227.9300,179.5200,0.000314
g_row\[1\].g_col\[0\].pe/_2039_,VGND,li1,303.8300,184.9600,0.000114
g_row\[1\].g_col\[0\].pe/_2038_,VGND,li1,309.1200,190.4000,0.000106
g_row\[1\].g_col\[0\].pe/_2037_,VGND,li1,304.7500,190.4000,0.000110
g_row\[1\].g_col\[0\].pe/_2036_,VGND,li1,299.9200,190.4000,0.000114
g_row\[1\].g_col\[0\].pe/_2035_,VGND,li1,293.0200,190.4000,0.000120
g_row\[1\].g_col\[0\].pe/_2034_,VGND,li1,293.0200,184.9600,0.000124
g_row\[1\].g_col\[0\].pe/_2033_,VGND,li1,291.4100,190.4000,0.000122
g_row\[1\].g_col\[0\].pe/_2032_,VGND,li1,292.1000,184.9600,0.000124
g_row\[1\].g_col\[0\].pe/_2031_,VGND,li1,282.9000,184.9600,0.000132
g_row\[1\].g_col\[0\].pe/_2030_,VGND,li1,289.5700,184.9600,0.000127
g_row\[1\].g_col\[0\].pe/_2029_,VGND,li1,286.5800,184.9600,0.000129
g_row\[1\].g_col\[0\].pe/_2028_,VGND,li1,286.8100,184.9600,0.000129
g_row\[1\].g_col\[0\].pe/_2027_,VGND,li1,269.3300,184.9600,0.000143
g_row\[1\].g_col\[0\].pe/_2026_,VGND,li1,283.5900,184.9600,0.000132
g_row\[1\].g_col\[0\].pe/_2025_,VGND,li1,234.6000,190.4000,0.000157
g_row\[1\].g_col\[0\].pe/_2024_,VGND,li1,356.7300,195.8400,0.000132
g_row\[1\].g_col\[0\].pe/_2023_,VGND,li1,350.2900,195.8400,0.000122
g_row\[1\].g_col\[0\].pe/_2022_,VGND,li1,343.8500,195.8400,0.000109
g_row\[1\].g_col\[0\].pe/_2021_,VGND,li1,336.9500,190.4000,0.000083
g_row\[1\].g_col\[0\].pe/_2020_,VGND,li1,333.9600,190.4000,0.000076
g_row\[1\].g_col\[0\].pe/_2019_,VGND,li1,338.5600,190.4000,0.000087
g_row\[1\].g_col\[0\].pe/_2018_,VGND,li1,284.9700,195.8400,0.000163
g_row\[1\].g_col\[0\].pe/_2017_,VGND,li1,367.3100,201.2800,0.000201
g_row\[1\].g_col\[0\].pe/_2016_,VGND,li1,359.9500,190.4000,0.000122
g_row\[1\].g_col\[0\].pe/_2015_,VGND,li1,376.9700,201.2800,0.000219
g_row\[1\].g_col\[0\].pe/_2014_,VGND,li1,375.5900,195.8400,0.000157
g_row\[1\].g_col\[0\].pe/_2013_,VGND,li1,381.1100,201.2800,0.000225
g_row\[1\].g_col\[0\].pe/_2012_,VGND,li1,386.1700,206.7200,0.000209
g_row\[1\].g_col\[0\].pe/_2011_,VGND,li1,390.3100,239.3600,0.000544
g_row\[1\].g_col\[0\].pe/_2010_,VGND,li1,388.0100,217.6000,0.000237
g_row\[1\].g_col\[0\].pe/_2009_,VGND,li1,387.3200,212.1600,0.000200
g_row\[1\].g_col\[0\].pe/_2008_,VGND,li1,390.3100,217.6000,0.000237
g_row\[1\].g_col\[0\].pe/_2007_,VGND,li1,387.3200,217.6000,0.000237
g_row\[1\].g_col\[0\].pe/_2006_,VGND,li1,387.5500,212.1600,0.000200
g_row\[1\].g_col\[0\].pe/_2005_,VGND,li1,391.6900,201.2800,0.000232
g_row\[1\].g_col\[0\].pe/_2004_,VGND,li1,389.1600,206.7200,0.000210
g_row\[1\].g_col\[0\].pe/_2003_,VGND,li1,385.2500,201.2800,0.000229
g_row\[1\].g_col\[0\].pe/_2002_,VGND,li1,382.4900,201.2800,0.000225
g_row\[1\].g_col\[0\].pe/_2001_,VGND,li1,376.5100,201.2800,0.000219
g_row\[1\].g_col\[0\].pe/_2000_,VGND,li1,373.2900,190.4000,0.000140
g_row\[1\].g_col\[0\].pe/_1999_,VGND,li1,373.7500,184.9600,0.000142
g_row\[1\].g_col\[0\].pe/_1998_,VGND,li1,369.3800,190.4000,0.000135
g_row\[1\].g_col\[0\].pe/_1997_,VGND,li1,372.3700,195.8400,0.000153
g_row\[1\].g_col\[0\].pe/_1996_,VGND,li1,366.3900,195.8400,0.000148
g_row\[1\].g_col\[0\].pe/_1995_,VGND,li1,317.6300,184.9600,0.000098
g_row\[1\].g_col\[0\].pe/_1994_,VGND,li1,243.1100,190.4000,0.000153
g_row\[1\].g_col\[0\].pe/_1993_,VGND,li1,311.1900,195.8400,0.000129
g_row\[1\].g_col\[0\].pe/_1992_,VGND,li1,291.1800,195.8400,0.000157
g_row\[1\].g_col\[0\].pe/_1991_,VGND,li1,287.7300,195.8400,0.000160
g_row\[1\].g_col\[0\].pe/_1990_,VGND,li1,234.6000,190.4000,0.000157
g_row\[1\].g_col\[0\].pe/_1989_,VGND,li1,234.3700,195.8400,0.000198
g_row\[1\].g_col\[0\].pe/_1988_,VGND,li1,227.2400,190.4000,0.000159
g_row\[1\].g_col\[0\].pe/_1987_,VGND,li1,222.4100,190.4000,0.000161
g_row\[1\].g_col\[0\].pe/_1986_,VGND,li1,219.8800,184.9600,0.000165
g_row\[1\].g_col\[0\].pe/_1985_,VGND,li1,223.7900,184.9600,0.000164
g_row\[1\].g_col\[0\].pe/_1984_,VGND,li1,231.6100,179.5200,0.000309
g_row\[1\].g_col\[0\].pe/_1983_,VGND,li1,224.7100,174.0800,0.000164
g_row\[1\].g_col\[0\].pe/_1982_,VGND,li1,219.1900,179.5200,0.000324
g_row\[1\].g_col\[0\].pe/_1981_,VGND,li1,222.6400,184.9600,0.000164
g_row\[1\].g_col\[0\].pe/_1980_,VGND,li1,234.3700,184.9600,0.000163
g_row\[1\].g_col\[0\].pe/_1979_,VGND,li1,284.0500,195.8400,0.000163
g_row\[1\].g_col\[0\].pe/_1978_,VGND,li1,284.9700,190.4000,0.000126
g_row\[1\].g_col\[0\].pe/_1977_,VGND,li1,279.9100,195.8400,0.000168
g_row\[1\].g_col\[0\].pe/_1976_,VGND,li1,278.3000,190.4000,0.000132
g_row\[1\].g_col\[0\].pe/_1975_,VGND,li1,278.3000,190.4000,0.000132
g_row\[1\].g_col\[0\].pe/_1974_,VGND,li1,278.5300,184.9600,0.000136
g_row\[1\].g_col\[0\].pe/_1973_,VGND,li1,274.3900,184.9600,0.000139
g_row\[1\].g_col\[0\].pe/_1972_,VGND,li1,277.8400,184.9600,0.000138
g_row\[1\].g_col\[0\].pe/_1971_,VGND,li1,278.7600,179.5200,0.000232
g_row\[1\].g_col\[0\].pe/_1970_,VGND,li1,280.8300,184.9600,0.000134
g_row\[1\].g_col\[0\].pe/_1969_,VGND,li1,265.8800,184.9600,0.000146
g_row\[1\].g_col\[0\].pe/_1968_,VGND,li1,268.4100,190.4000,0.000139
g_row\[1\].g_col\[0\].pe/_1967_,VGND,li1,266.1100,184.9600,0.000146
g_row\[1\].g_col\[0\].pe/_1966_,VGND,li1,264.2700,179.5200,0.000262
g_row\[1\].g_col\[0\].pe/_1965_,VGND,li1,262.8900,184.9600,0.000149
g_row\[1\].g_col\[0\].pe/_1964_,VGND,li1,363.1700,195.8400,0.000143
g_row\[1\].g_col\[0\].pe/_1963_,VGND,li1,360.8700,190.4000,0.000122
g_row\[1\].g_col\[0\].pe/_1962_,VGND,li1,355.5800,195.8400,0.000132
g_row\[1\].g_col\[0\].pe/_1961_,VGND,li1,352.1300,190.4000,0.000107
g_row\[1\].g_col\[0\].pe/_1960_,VGND,li1,352.1300,190.4000,0.000107
g_row\[1\].g_col\[0\].pe/_1959_,VGND,li1,347.5300,190.4000,0.000102
g_row\[1\].g_col\[0\].pe/_1958_,VGND,li1,342.7000,190.4000,0.000094
g_row\[1\].g_col\[0\].pe/_1957_,VGND,li1,348.6800,190.4000,0.000102
g_row\[1\].g_col\[0\].pe/_1956_,VGND,li1,312.5700,184.9600,0.000104
g_row\[1\].g_col\[0\].pe/_1955_,VGND,li1,299.0000,184.9600,0.000118
g_row\[1\].g_col\[0\].pe/_1954_,VGND,li1,362.2500,184.9600,0.000127
g_row\[1\].g_col\[0\].pe/_1953_,VGND,li1,383.4100,190.4000,0.000148
g_row\[1\].g_col\[0\].pe/_1952_,VGND,li1,380.6500,195.8400,0.000162
g_row\[1\].g_col\[0\].pe/_1951_,VGND,li1,383.6400,206.7200,0.000208
g_row\[1\].g_col\[0\].pe/_1950_,VGND,li1,389.8500,244.8000,0.000379
g_row\[1\].g_col\[0\].pe/_1948_,VGND,li1,374.2100,228.4800,0.000335
g_row\[1\].g_col\[0\].pe/_1947_,VGND,li1,374.2100,223.0400,0.000301
g_row\[1\].g_col\[0\].pe/_1946_,VGND,li1,386.1700,223.0400,0.000310
g_row\[1\].g_col\[0\].pe/_1945_,VGND,li1,372.8300,217.6000,0.000230
g_row\[1\].g_col\[0\].pe/_1944_,VGND,li1,374.4400,217.6000,0.000230
g_row\[1\].g_col\[0\].pe/_1943_,VGND,li1,388.0100,206.7200,0.000210
g_row\[1\].g_col\[0\].pe/_1942_,VGND,li1,389.3900,201.2800,0.000231
g_row\[1\].g_col\[0\].pe/_1941_,VGND,li1,391.0000,190.4000,0.000151
g_row\[1\].g_col\[0\].pe/_1940_,VGND,li1,388.0100,190.4000,0.000150
g_row\[1\].g_col\[0\].pe/_1939_,VGND,li1,386.6300,190.4000,0.000150
g_row\[1\].g_col\[0\].pe/_1938_,VGND,li1,382.4900,184.9600,0.000153
g_row\[1\].g_col\[0\].pe/_1937_,VGND,li1,375.5900,184.9600,0.000144
g_row\[1\].g_col\[0\].pe/_1936_,VGND,li1,376.0500,179.5200,0.000163
g_row\[1\].g_col\[0\].pe/_1935_,VGND,li1,379.7300,190.4000,0.000145
g_row\[1\].g_col\[0\].pe/_1934_,VGND,li1,373.7500,190.4000,0.000140
g_row\[1\].g_col\[0\].pe/_1933_,VGND,li1,330.0500,184.9600,0.000081
g_row\[1\].g_col\[0\].pe/_1932_,VGND,li1,268.4100,179.5200,0.000252
g_row\[1\].g_col\[0\].pe/_1931_,VGND,li1,319.9300,190.4000,0.000095
g_row\[1\].g_col\[0\].pe/_1930_,VGND,li1,245.8700,184.9600,0.000158
g_row\[1\].g_col\[0\].pe/_1929_,VGND,li1,242.6500,179.5200,0.000294
g_row\[1\].g_col\[0\].pe/_1928_,VGND,li1,241.5000,174.0800,0.000163
g_row\[1\].g_col\[0\].pe/_1927_,VGND,li1,238.5100,184.9600,0.000161
g_row\[1\].g_col\[0\].pe/_1926_,VGND,li1,238.0500,179.5200,0.000302
g_row\[1\].g_col\[0\].pe/_1925_,VGND,li1,229.3100,184.9600,0.000163
g_row\[1\].g_col\[0\].pe/_1924_,VGND,li1,230.4600,184.9600,0.000163
g_row\[1\].g_col\[0\].pe/_1923_,VGND,li1,234.8300,179.5200,0.000305
g_row\[1\].g_col\[0\].pe/_1922_,VGND,li1,253.6900,179.5200,0.000280
g_row\[1\].g_col\[0\].pe/_1921_,VGND,li1,235.5200,179.5200,0.000305
g_row\[1\].g_col\[0\].pe/_1920_,VGND,li1,232.9900,184.9600,0.000163
g_row\[1\].g_col\[0\].pe/_1919_,VGND,li1,222.8700,195.8400,0.000197
g_row\[1\].g_col\[0\].pe/_1918_,VGND,li1,218.7300,190.4000,0.000162
g_row\[1\].g_col\[0\].pe/_1917_,VGND,li1,227.0100,190.4000,0.000159
g_row\[1\].g_col\[0\].pe/_1916_,VGND,li1,318.0900,184.9600,0.000098
g_row\[1\].g_col\[0\].pe/_1915_,VGND,li1,312.1100,184.9600,0.000104
g_row\[1\].g_col\[0\].pe/_1914_,VGND,li1,309.1200,184.9600,0.000108
g_row\[1\].g_col\[0\].pe/_1913_,VGND,li1,303.3700,184.9600,0.000114
g_row\[1\].g_col\[0\].pe/_1912_,VGND,li1,297.8500,179.5200,0.000195
g_row\[1\].g_col\[0\].pe/_1911_,VGND,li1,293.0200,179.5200,0.000205
g_row\[1\].g_col\[0\].pe/_1910_,VGND,li1,276.6900,179.5200,0.000236
g_row\[1\].g_col\[0\].pe/_1909_,VGND,li1,270.0200,174.0800,0.000154
g_row\[1\].g_col\[0\].pe/_1908_,VGND,li1,369.6100,184.9600,0.000137
g_row\[1\].g_col\[0\].pe/_1907_,VGND,li1,363.6300,184.9600,0.000127
g_row\[1\].g_col\[0\].pe/_1906_,VGND,li1,363.4000,190.4000,0.000127
g_row\[1\].g_col\[0\].pe/_1905_,VGND,li1,356.7300,190.4000,0.000117
g_row\[1\].g_col\[0\].pe/_1904_,VGND,li1,357.1900,184.9600,0.000117
g_row\[1\].g_col\[0\].pe/_1903_,VGND,li1,350.2900,184.9600,0.000107
g_row\[1\].g_col\[0\].pe/_1902_,VGND,li1,339.4800,184.9600,0.000090
g_row\[1\].g_col\[0\].pe/_1901_,VGND,li1,354.2000,184.9600,0.000113
g_row\[1\].g_col\[0\].pe/_1900_,VGND,li1,320.8500,184.9600,0.000094
g_row\[1\].g_col\[0\].pe/_1899_,VGND,li1,310.9600,174.0800,0.000112
g_row\[1\].g_col\[0\].pe/_1898_,VGND,li1,362.2500,174.0800,0.000124
g_row\[1\].g_col\[0\].pe/_1897_,VGND,li1,390.3100,184.9600,0.000155
g_row\[1\].g_col\[0\].pe/_1896_,VGND,li1,387.0900,184.9600,0.000155
g_row\[1\].g_col\[0\].pe/_1895_,VGND,li1,377.2000,195.8400,0.000157
g_row\[1\].g_col\[0\].pe/_1894_,VGND,li1,384.3300,195.8400,0.000165
g_row\[1\].g_col\[0\].pe/_1893_,VGND,li1,382.9500,223.0400,0.000307
g_row\[1\].g_col\[0\].pe/_1892_,VGND,li1,387.0900,228.4800,0.000341
g_row\[1\].g_col\[0\].pe/_1891_,VGND,li1,387.0900,195.8400,0.000167
g_row\[1\].g_col\[0\].pe/_1890_,VGND,li1,388.4700,195.8400,0.000167
g_row\[1\].g_col\[0\].pe/_1889_,VGND,li1,388.0100,201.2800,0.000231
g_row\[1\].g_col\[0\].pe/_1888_,VGND,li1,388.7000,179.5200,0.000171
g_row\[1\].g_col\[0\].pe/_1887_,VGND,li1,390.7700,174.0800,0.000147
g_row\[1\].g_col\[0\].pe/_1886_,VGND,li1,388.0100,179.5200,0.000171
g_row\[1\].g_col\[0\].pe/_1885_,VGND,li1,386.1700,184.9600,0.000155
g_row\[1\].g_col\[0\].pe/_1884_,VGND,li1,377.4300,168.6400,0.000255
g_row\[1\].g_col\[0\].pe/_1883_,VGND,li1,374.6700,168.6400,0.000250
g_row\[1\].g_col\[0\].pe/_1882_,VGND,li1,380.1900,184.9600,0.000151
g_row\[1\].g_col\[0\].pe/_1881_,VGND,li1,376.0500,179.5200,0.000163
g_row\[1\].g_col\[0\].pe/_1880_,VGND,li1,335.1100,174.0800,0.000086
g_row\[1\].g_col\[0\].pe/_1879_,VGND,li1,261.9700,174.0800,0.000159
g_row\[1\].g_col\[0\].pe/_1878_,VGND,li1,332.3500,179.5200,0.000106
g_row\[1\].g_col\[0\].pe/_1877_,VGND,li1,268.8700,179.5200,0.000252
g_row\[1\].g_col\[0\].pe/_1876_,VGND,li1,258.7500,174.0800,0.000159
g_row\[1\].g_col\[0\].pe/_1875_,VGND,li1,238.7400,174.0800,0.000164
g_row\[1\].g_col\[0\].pe/_1874_,VGND,li1,247.2500,179.5200,0.000289
g_row\[1\].g_col\[0\].pe/_1873_,VGND,li1,246.7900,179.5200,0.000289
g_row\[1\].g_col\[0\].pe/_1872_,VGND,li1,245.1800,174.0800,0.000163
g_row\[1\].g_col\[0\].pe/_1871_,VGND,li1,240.8100,179.5200,0.000298
g_row\[1\].g_col\[0\].pe/_1870_,VGND,li1,227.9300,168.6400,0.000199
g_row\[1\].g_col\[0\].pe/_1869_,VGND,li1,227.0100,163.2000,0.000145
g_row\[1\].g_col\[0\].pe/_1868_,VGND,li1,325.4500,184.9600,0.000088
g_row\[1\].g_col\[0\].pe/_1867_,VGND,li1,320.8500,179.5200,0.000135
g_row\[1\].g_col\[0\].pe/_1866_,VGND,li1,318.7800,179.5200,0.000140
g_row\[1\].g_col\[0\].pe/_1865_,VGND,li1,311.1900,179.5200,0.000162
g_row\[1\].g_col\[0\].pe/_1864_,VGND,li1,306.5900,174.0800,0.000118
g_row\[1\].g_col\[0\].pe/_1863_,VGND,li1,300.3800,174.0800,0.000126
g_row\[1\].g_col\[0\].pe/_1862_,VGND,li1,288.1900,174.0800,0.000140
g_row\[1\].g_col\[0\].pe/_1861_,VGND,li1,284.2800,179.5200,0.000220
g_row\[1\].g_col\[0\].pe/_1860_,VGND,li1,368.2300,179.5200,0.000155
g_row\[1\].g_col\[0\].pe/_1859_,VGND,li1,363.1700,179.5200,0.000149
g_row\[1\].g_col\[0\].pe/_1858_,VGND,li1,363.4000,179.5200,0.000149
g_row\[1\].g_col\[0\].pe/_1857_,VGND,li1,359.0300,184.9600,0.000122
g_row\[1\].g_col\[0\].pe/_1856_,VGND,li1,359.4900,184.9600,0.000122
g_row\[1\].g_col\[0\].pe/_1855_,VGND,li1,349.3700,184.9600,0.000107
g_row\[1\].g_col\[0\].pe/_1854_,VGND,li1,338.5600,184.9600,0.000086
g_row\[1\].g_col\[0\].pe/_1853_,VGND,li1,355.5800,179.5200,0.000140
g_row\[1\].g_col\[0\].pe/_1852_,VGND,li1,329.5900,179.5200,0.000112
g_row\[1\].g_col\[0\].pe/_1851_,VGND,li1,325.2200,179.5200,0.000124
g_row\[1\].g_col\[0\].pe/_1850_,VGND,li1,373.2900,179.5200,0.000159
g_row\[1\].g_col\[0\].pe/_1849_,VGND,li1,372.8300,174.0800,0.000137
g_row\[1\].g_col\[0\].pe/_1848_,VGND,li1,369.1500,174.0800,0.000133
g_row\[1\].g_col\[0\].pe/_1847_,VGND,li1,390.7700,163.2000,0.000248
g_row\[1\].g_col\[0\].pe/_1846_,VGND,li1,382.9500,179.5200,0.000167
g_row\[1\].g_col\[0\].pe/_1845_,VGND,li1,385.2500,179.5200,0.000169
g_row\[1\].g_col\[0\].pe/_1844_,VGND,li1,383.6400,168.6400,0.000263
g_row\[1\].g_col\[0\].pe/_1843_,VGND,li1,380.6500,195.8400,0.000162
g_row\[1\].g_col\[0\].pe/_1842_,VGND,li1,378.1200,168.6400,0.000255
g_row\[1\].g_col\[0\].pe/_1841_,VGND,li1,382.4900,195.8400,0.000163
g_row\[1\].g_col\[0\].pe/_1840_,VGND,li1,381.1100,163.2000,0.000244
g_row\[1\].g_col\[0\].pe/_1838_,VGND,li1,303.3700,233.9200,0.000393
g_row\[1\].g_col\[0\].pe/_1836_,VGND,li1,380.8800,244.8000,0.000376
g_row\[1\].g_col\[0\].pe/_1835_,VGND,li1,387.7800,233.9200,0.000399
g_row\[1\].g_col\[0\].pe/_1834_,VGND,li1,382.9500,168.6400,0.000261
g_row\[1\].g_col\[0\].pe/_1833_,VGND,li1,381.1100,157.7600,0.000376
g_row\[1\].g_col\[0\].pe/_1832_,VGND,li1,377.2000,163.2000,0.000240
g_row\[1\].g_col\[0\].pe/_1831_,VGND,li1,362.2500,157.7600,0.000308
g_row\[1\].g_col\[0\].pe/_1830_,VGND,li1,374.9000,168.6400,0.000250
g_row\[1\].g_col\[0\].pe/_1829_,VGND,li1,311.6500,130.5600,0.000195
g_row\[1\].g_col\[0\].pe/_1828_,VGND,li1,307.5100,130.5600,0.000200
g_row\[1\].g_col\[0\].pe/_1827_,VGND,li1,313.4900,146.8800,0.000220
g_row\[1\].g_col\[0\].pe/_1826_,VGND,li1,311.6500,130.5600,0.000195
g_row\[1\].g_col\[0\].pe/_1825_,VGND,li1,307.0500,130.5600,0.000200
g_row\[1\].g_col\[0\].pe/_1824_,VGND,li1,304.7500,130.5600,0.000204
g_row\[1\].g_col\[0\].pe/_1823_,VGND,li1,310.7300,136.0000,0.000197
g_row\[1\].g_col\[0\].pe/_1822_,VGND,li1,299.0000,130.5600,0.000209
g_row\[1\].g_col\[0\].pe/_1821_,VGND,li1,303.6000,130.5600,0.000204
g_row\[1\].g_col\[0\].pe/_1820_,VGND,li1,302.4500,125.1200,0.000332
g_row\[1\].g_col\[0\].pe/_1819_,VGND,li1,300.3800,125.1200,0.000340
g_row\[1\].g_col\[0\].pe/_1818_,VGND,li1,298.3100,125.1200,0.000351
g_row\[1\].g_col\[0\].pe/_1817_,VGND,li1,273.9300,125.1200,0.000412
g_row\[1\].g_col\[0\].pe/_1816_,VGND,li1,274.6200,130.5600,0.000225
g_row\[1\].g_col\[0\].pe/_1815_,VGND,li1,293.2500,125.1200,0.000364
g_row\[1\].g_col\[0\].pe/_1814_,VGND,li1,233.4500,130.5600,0.000223
g_row\[1\].g_col\[0\].pe/_1813_,VGND,li1,236.2100,130.5600,0.000224
g_row\[1\].g_col\[0\].pe/_1812_,VGND,li1,228.1600,130.5600,0.000221
g_row\[1\].g_col\[0\].pe/_1811_,VGND,li1,223.7900,130.5600,0.000220
g_row\[1\].g_col\[0\].pe/_1810_,VGND,li1,222.1800,125.1200,0.000409
g_row\[1\].g_col\[0\].pe/_1809_,VGND,li1,214.5900,130.5600,0.000215
g_row\[1\].g_col\[0\].pe/_1808_,VGND,li1,223.7900,136.0000,0.000176
g_row\[1\].g_col\[0\].pe/_1807_,VGND,li1,220.1100,136.0000,0.000173
g_row\[1\].g_col\[0\].pe/_1806_,VGND,li1,226.5500,141.4400,0.000401
g_row\[1\].g_col\[0\].pe/_1805_,VGND,li1,222.8700,141.4400,0.000405
g_row\[1\].g_col\[0\].pe/_1804_,VGND,li1,222.8700,136.0000,0.000176
g_row\[1\].g_col\[0\].pe/_1803_,VGND,li1,220.5700,130.5600,0.000218
g_row\[1\].g_col\[0\].pe/_1802_,VGND,li1,220.1100,136.0000,0.000173
g_row\[1\].g_col\[0\].pe/_1801_,VGND,li1,223.1000,141.4400,0.000405
g_row\[1\].g_col\[0\].pe/_1800_,VGND,li1,218.7300,141.4400,0.000409
g_row\[1\].g_col\[0\].pe/_1799_,VGND,li1,216.2000,141.4400,0.000413
g_row\[1\].g_col\[0\].pe/_1798_,VGND,li1,223.3300,146.8800,0.000171
g_row\[1\].g_col\[0\].pe/_1797_,VGND,li1,203.0900,130.5600,0.000208
g_row\[1\].g_col\[0\].pe/_1796_,VGND,li1,200.3300,130.5600,0.000205
g_row\[1\].g_col\[0\].pe/_1795_,VGND,li1,217.5800,130.5600,0.000217
g_row\[1\].g_col\[0\].pe/_1794_,VGND,li1,213.6700,136.0000,0.000166
g_row\[1\].g_col\[0\].pe/_1793_,VGND,li1,212.9800,136.0000,0.000166
g_row\[1\].g_col\[0\].pe/_1792_,VGND,li1,215.5100,130.5600,0.000215
g_row\[1\].g_col\[0\].pe/_1791_,VGND,li1,211.3700,125.1200,0.000393
g_row\[1\].g_col\[0\].pe/_1790_,VGND,li1,215.9700,125.1200,0.000401
g_row\[1\].g_col\[0\].pe/_1789_,VGND,li1,213.6700,125.1200,0.000397
g_row\[1\].g_col\[0\].pe/_1788_,VGND,li1,213.6700,130.5600,0.000214
g_row\[1\].g_col\[0\].pe/_1787_,VGND,li1,208.6100,130.5600,0.000212
g_row\[1\].g_col\[0\].pe/_1786_,VGND,li1,197.5700,130.5600,0.000203
g_row\[1\].g_col\[0\].pe/_1785_,VGND,li1,218.7300,146.8800,0.000166
g_row\[1\].g_col\[0\].pe/_1784_,VGND,li1,220.1100,146.8800,0.000169
g_row\[1\].g_col\[0\].pe/_1783_,VGND,li1,198.9500,130.5600,0.000205
g_row\[1\].g_col\[0\].pe/_1782_,VGND,li1,195.9600,136.0000,0.000143
g_row\[1\].g_col\[0\].pe/_1781_,VGND,li1,207.2300,136.0000,0.000159
g_row\[1\].g_col\[0\].pe/_1780_,VGND,li1,223.3300,130.5600,0.000220
g_row\[1\].g_col\[0\].pe/_1779_,VGND,li1,233.4500,125.1200,0.000419
g_row\[1\].g_col\[0\].pe/_1778_,VGND,li1,275.3100,130.5600,0.000225
g_row\[1\].g_col\[0\].pe/_1777_,VGND,li1,271.6300,125.1200,0.000414
g_row\[1\].g_col\[0\].pe/_1776_,VGND,li1,269.3300,125.1200,0.000417
g_row\[1\].g_col\[0\].pe/_1775_,VGND,li1,271.1700,130.5600,0.000226
g_row\[1\].g_col\[0\].pe/_1774_,VGND,li1,263.8100,136.0000,0.000205
g_row\[1\].g_col\[0\].pe/_1773_,VGND,li1,271.1700,130.5600,0.000226
g_row\[1\].g_col\[0\].pe/_1772_,VGND,li1,226.3200,130.5600,0.000221
g_row\[1\].g_col\[0\].pe/_1771_,VGND,li1,210.4500,130.5600,0.000213
g_row\[1\].g_col\[0\].pe/_1770_,VGND,li1,208.6100,136.0000,0.000159
g_row\[1\].g_col\[0\].pe/_1769_,VGND,li1,207.6900,130.5600,0.000210
g_row\[1\].g_col\[0\].pe/_1768_,VGND,li1,218.7300,157.7600,0.000186
g_row\[1\].g_col\[0\].pe/_1767_,VGND,li1,220.5700,157.7600,0.000188
g_row\[1\].g_col\[0\].pe/_1766_,VGND,li1,202.6300,136.0000,0.000153
g_row\[1\].g_col\[0\].pe/_1765_,VGND,li1,204.0100,146.8800,0.000147
g_row\[1\].g_col\[0\].pe/_1764_,VGND,li1,208.6100,152.3200,0.000121
g_row\[1\].g_col\[0\].pe/_1763_,VGND,li1,214.1300,152.3200,0.000124
g_row\[1\].g_col\[0\].pe/_1762_,VGND,li1,200.7900,136.0000,0.000149
g_row\[1\].g_col\[0\].pe/_1761_,VGND,li1,195.0400,141.4400,0.000345
g_row\[1\].g_col\[0\].pe/_1760_,VGND,li1,272.5500,136.0000,0.000208
g_row\[1\].g_col\[0\].pe/_1759_,VGND,li1,267.9500,136.0000,0.000207
g_row\[1\].g_col\[0\].pe/_1758_,VGND,li1,266.5700,136.0000,0.000207
g_row\[1\].g_col\[0\].pe/_1757_,VGND,li1,212.7500,141.4400,0.000415
g_row\[1\].g_col\[0\].pe/_1756_,VGND,li1,208.3800,146.8800,0.000153
g_row\[1\].g_col\[0\].pe/_1755_,VGND,li1,213.6700,152.3200,0.000124
g_row\[1\].g_col\[0\].pe/_1754_,VGND,li1,223.5600,157.7600,0.000189
g_row\[1\].g_col\[0\].pe/_1753_,VGND,li1,208.1500,141.4400,0.000419
g_row\[1\].g_col\[0\].pe/_1752_,VGND,li1,209.5300,146.8800,0.000153
g_row\[1\].g_col\[0\].pe/_1751_,VGND,li1,214.1300,146.8800,0.000160
g_row\[1\].g_col\[0\].pe/_1750_,VGND,li1,202.1700,141.4400,0.000397
g_row\[1\].g_col\[0\].pe/_1749_,VGND,li1,196.8800,141.4400,0.000359
g_row\[1\].g_col\[0\].pe/_1748_,VGND,li1,273.4700,136.0000,0.000208
g_row\[1\].g_col\[0\].pe/_1747_,VGND,li1,304.2900,125.1200,0.000325
g_row\[1\].g_col\[0\].pe/_1746_,VGND,li1,300.1500,130.5600,0.000209
g_row\[1\].g_col\[0\].pe/_1745_,VGND,li1,295.5500,130.5600,0.000213
g_row\[1\].g_col\[0\].pe/_1744_,VGND,li1,290.9500,119.6800,0.000404
g_row\[1\].g_col\[0\].pe/_1743_,VGND,li1,287.2700,125.1200,0.000385
g_row\[1\].g_col\[0\].pe/_1742_,VGND,li1,282.6700,125.1200,0.000395
g_row\[1\].g_col\[0\].pe/_1741_,VGND,li1,267.0300,130.5600,0.000227
g_row\[1\].g_col\[0\].pe/_1740_,VGND,li1,264.7300,130.5600,0.000227
g_row\[1\].g_col\[0\].pe/_1739_,VGND,li1,281.2900,130.5600,0.000222
g_row\[1\].g_col\[0\].pe/_1738_,VGND,li1,277.3800,136.0000,0.000208
g_row\[1\].g_col\[0\].pe/_1737_,VGND,li1,263.3500,125.1200,0.000422
g_row\[1\].g_col\[0\].pe/_1736_,VGND,li1,258.7500,130.5600,0.000228
g_row\[1\].g_col\[0\].pe/_1735_,VGND,li1,261.5100,136.0000,0.000204
g_row\[1\].g_col\[0\].pe/_1734_,VGND,li1,251.1600,136.0000,0.000198
g_row\[1\].g_col\[0\].pe/_1733_,VGND,li1,266.5700,141.4400,0.000354
g_row\[1\].g_col\[0\].pe/_1732_,VGND,li1,263.1200,141.4400,0.000359
g_row\[1\].g_col\[0\].pe/_1731_,VGND,li1,246.7900,136.0000,0.000196
g_row\[1\].g_col\[0\].pe/_1730_,VGND,li1,242.1900,141.4400,0.000384
g_row\[1\].g_col\[0\].pe/_1729_,VGND,li1,244.0300,146.8800,0.000195
g_row\[1\].g_col\[0\].pe/_1728_,VGND,li1,240.8100,136.0000,0.000191
g_row\[1\].g_col\[0\].pe/_1727_,VGND,li1,231.3800,136.0000,0.000183
g_row\[1\].g_col\[0\].pe/_1726_,VGND,li1,304.7500,136.0000,0.000203
g_row\[1\].g_col\[0\].pe/_1725_,VGND,li1,294.4000,130.5600,0.000213
g_row\[1\].g_col\[0\].pe/_1724_,VGND,li1,283.5900,130.5600,0.000220
g_row\[1\].g_col\[0\].pe/_1723_,VGND,li1,294.6300,136.0000,0.000208
g_row\[1\].g_col\[0\].pe/_1722_,VGND,li1,293.7100,136.0000,0.000208
g_row\[1\].g_col\[0\].pe/_1721_,VGND,li1,292.3300,141.4400,0.000316
g_row\[1\].g_col\[0\].pe/_1720_,VGND,li1,287.2700,130.5600,0.000219
g_row\[1\].g_col\[0\].pe/_1719_,VGND,li1,254.6100,130.5600,0.000228
g_row\[1\].g_col\[0\].pe/_1718_,VGND,li1,284.9700,136.0000,0.000209
g_row\[1\].g_col\[0\].pe/_1717_,VGND,li1,281.2900,136.0000,0.000209
g_row\[1\].g_col\[0\].pe/_1716_,VGND,li1,278.3000,141.4400,0.000338
g_row\[1\].g_col\[0\].pe/_1715_,VGND,li1,285.8900,136.0000,0.000209
g_row\[1\].g_col\[0\].pe/_1714_,VGND,li1,258.0600,130.5600,0.000228
g_row\[1\].g_col\[0\].pe/_1713_,VGND,li1,256.4500,136.0000,0.000202
g_row\[1\].g_col\[0\].pe/_1712_,VGND,li1,254.6100,130.5600,0.000228
g_row\[1\].g_col\[0\].pe/_1711_,VGND,li1,256.4500,141.4400,0.000367
g_row\[1\].g_col\[0\].pe/_1710_,VGND,li1,254.3800,136.0000,0.000201
g_row\[1\].g_col\[0\].pe/_1709_,VGND,li1,247.2500,130.5600,0.000227
g_row\[1\].g_col\[0\].pe/_1708_,VGND,li1,247.2500,130.5600,0.000227
g_row\[1\].g_col\[0\].pe/_1707_,VGND,li1,242.1900,141.4400,0.000384
g_row\[1\].g_col\[0\].pe/_1706_,VGND,li1,237.1300,141.4400,0.000390
g_row\[1\].g_col\[0\].pe/_1705_,VGND,li1,238.5100,130.5600,0.000225
g_row\[1\].g_col\[0\].pe/_1704_,VGND,li1,233.2200,130.5600,0.000223
g_row\[1\].g_col\[0\].pe/_1703_,VGND,li1,306.1300,141.4400,0.000291
g_row\[1\].g_col\[0\].pe/_1702_,VGND,li1,357.4200,157.7600,0.000285
g_row\[1\].g_col\[0\].pe/_1701_,VGND,li1,343.8500,157.7600,0.000220
g_row\[1\].g_col\[0\].pe/_1700_,VGND,li1,310.7300,141.4400,0.000279
g_row\[1\].g_col\[0\].pe/_1699_,VGND,li1,308.8900,146.8800,0.000222
g_row\[1\].g_col\[0\].pe/_1698_,VGND,li1,308.8900,141.4400,0.000284
g_row\[1\].g_col\[0\].pe/_1697_,VGND,li1,307.0500,146.8800,0.000224
g_row\[1\].g_col\[0\].pe/_1696_,VGND,li1,303.8300,136.0000,0.000203
g_row\[1\].g_col\[0\].pe/_1695_,VGND,li1,299.9200,136.0000,0.000205
g_row\[1\].g_col\[0\].pe/_1694_,VGND,li1,300.1500,141.4400,0.000305
g_row\[1\].g_col\[0\].pe/_1693_,VGND,li1,298.3100,146.8800,0.000225
g_row\[1\].g_col\[0\].pe/_1692_,VGND,li1,287.2700,141.4400,0.000324
g_row\[1\].g_col\[0\].pe/_1691_,VGND,li1,289.1100,136.0000,0.000208
g_row\[1\].g_col\[0\].pe/_1690_,VGND,li1,293.2500,146.8800,0.000224
g_row\[1\].g_col\[0\].pe/_1689_,VGND,li1,284.5100,141.4400,0.000331
g_row\[1\].g_col\[0\].pe/_1688_,VGND,li1,272.0900,146.8800,0.000218
g_row\[1\].g_col\[0\].pe/_1687_,VGND,li1,257.8300,136.0000,0.000202
g_row\[1\].g_col\[0\].pe/_1686_,VGND,li1,247.4800,141.4400,0.000378
g_row\[1\].g_col\[0\].pe/_1685_,VGND,li1,255.9900,141.4400,0.000367
g_row\[1\].g_col\[0\].pe/_1684_,VGND,li1,257.1400,146.8800,0.000207
g_row\[1\].g_col\[0\].pe/_1683_,VGND,li1,247.2500,136.0000,0.000196
g_row\[1\].g_col\[0\].pe/_1682_,VGND,li1,231.6100,141.4400,0.000396
g_row\[1\].g_col\[0\].pe/_1681_,VGND,li1,227.4700,146.8800,0.000177
g_row\[1\].g_col\[0\].pe/_1680_,VGND,li1,237.1300,136.0000,0.000189
g_row\[1\].g_col\[0\].pe/_1679_,VGND,li1,232.7600,141.4400,0.000396
g_row\[1\].g_col\[0\].pe/_1678_,VGND,li1,301.0700,141.4400,0.000301
g_row\[1\].g_col\[0\].pe/_1677_,VGND,li1,304.2900,141.4400,0.000294
g_row\[1\].g_col\[0\].pe/_1676_,VGND,li1,303.6000,146.8800,0.000224
g_row\[1\].g_col\[0\].pe/_1675_,VGND,li1,306.1300,146.8800,0.000224
g_row\[1\].g_col\[0\].pe/_1674_,VGND,li1,294.1700,141.4400,0.000313
g_row\[1\].g_col\[0\].pe/_1673_,VGND,li1,293.7100,152.3200,0.000123
g_row\[1\].g_col\[0\].pe/_1672_,VGND,li1,290.7200,146.8800,0.000224
g_row\[1\].g_col\[0\].pe/_1671_,VGND,li1,288.6500,141.4400,0.000324
g_row\[1\].g_col\[0\].pe/_1670_,VGND,li1,286.1200,146.8800,0.000223
g_row\[1\].g_col\[0\].pe/_1669_,VGND,li1,369.6100,163.2000,0.000228
g_row\[1\].g_col\[0\].pe/_1668_,VGND,li1,343.3900,152.3200,0.000112
g_row\[1\].g_col\[0\].pe/_1667_,VGND,li1,304.7500,152.3200,0.000117
g_row\[1\].g_col\[0\].pe/_1666_,VGND,li1,308.8900,152.3200,0.000114
g_row\[1\].g_col\[0\].pe/_1665_,VGND,li1,312.8000,152.3200,0.000109
g_row\[1\].g_col\[0\].pe/_1664_,VGND,li1,313.0300,152.3200,0.000109
g_row\[1\].g_col\[0\].pe/_1663_,VGND,li1,304.2900,152.3200,0.000117
g_row\[1\].g_col\[0\].pe/_1662_,VGND,li1,302.4500,157.7600,0.000191
g_row\[1\].g_col\[0\].pe/_1661_,VGND,li1,297.8500,146.8800,0.000225
g_row\[1\].g_col\[0\].pe/_1660_,VGND,li1,273.0100,152.3200,0.000132
g_row\[1\].g_col\[0\].pe/_1659_,VGND,li1,318.0900,152.3200,0.000105
g_row\[1\].g_col\[0\].pe/_1658_,VGND,li1,311.6500,157.7600,0.000184
g_row\[1\].g_col\[0\].pe/_1657_,VGND,li1,310.7300,157.7600,0.000186
g_row\[1\].g_col\[0\].pe/_1656_,VGND,li1,315.7900,146.8800,0.000219
g_row\[1\].g_col\[0\].pe/_1655_,VGND,li1,317.6300,152.3200,0.000105
g_row\[1\].g_col\[0\].pe/_1654_,VGND,li1,316.9400,157.7600,0.000180
g_row\[1\].g_col\[0\].pe/_1653_,VGND,li1,287.7300,152.3200,0.000126
g_row\[1\].g_col\[0\].pe/_1652_,VGND,li1,284.2800,152.3200,0.000127
g_row\[1\].g_col\[0\].pe/_1651_,VGND,li1,273.0100,146.8800,0.000218
g_row\[1\].g_col\[0\].pe/_1650_,VGND,li1,266.5700,152.3200,0.000133
g_row\[1\].g_col\[0\].pe/_1649_,VGND,li1,272.5500,141.4400,0.000346
g_row\[1\].g_col\[0\].pe/_1648_,VGND,li1,248.8600,146.8800,0.000199
g_row\[1\].g_col\[0\].pe/_1647_,VGND,li1,267.9500,141.4400,0.000354
g_row\[1\].g_col\[0\].pe/_1646_,VGND,li1,265.4200,146.8800,0.000213
g_row\[1\].g_col\[0\].pe/_1645_,VGND,li1,253.6900,146.8800,0.000204
g_row\[1\].g_col\[0\].pe/_1644_,VGND,li1,239.8900,146.8800,0.000191
g_row\[1\].g_col\[0\].pe/_1643_,VGND,li1,239.8900,146.8800,0.000191
g_row\[1\].g_col\[0\].pe/_1642_,VGND,li1,247.2500,152.3200,0.000133
g_row\[1\].g_col\[0\].pe/_1641_,VGND,li1,242.4200,152.3200,0.000132
g_row\[1\].g_col\[0\].pe/_1640_,VGND,li1,342.4700,157.7600,0.000220
g_row\[1\].g_col\[0\].pe/_1639_,VGND,li1,385.2500,163.2000,0.000246
g_row\[1\].g_col\[0\].pe/_1638_,VGND,li1,388.9300,168.6400,0.000267
g_row\[1\].g_col\[0\].pe/_1637_,VGND,li1,388.0100,168.6400,0.000267
g_row\[1\].g_col\[0\].pe/_1636_,VGND,li1,386.1700,174.0800,0.000147
g_row\[1\].g_col\[0\].pe/_1635_,VGND,li1,359.9500,168.6400,0.000218
g_row\[1\].g_col\[0\].pe/_1634_,VGND,li1,357.1900,168.6400,0.000211
g_row\[1\].g_col\[0\].pe/_1633_,VGND,li1,383.8700,174.0800,0.000145
g_row\[1\].g_col\[0\].pe/_1632_,VGND,li1,377.8900,174.0800,0.000142
g_row\[1\].g_col\[0\].pe/_1631_,VGND,li1,308.8900,174.0800,0.000115
g_row\[1\].g_col\[0\].pe/_1630_,VGND,li1,271.6300,168.6400,0.000196
g_row\[1\].g_col\[0\].pe/_1629_,VGND,li1,337.4100,174.0800,0.000090
g_row\[1\].g_col\[0\].pe/_1628_,VGND,li1,267.9500,174.0800,0.000156
g_row\[1\].g_col\[0\].pe/_1627_,VGND,li1,255.5300,174.0800,0.000160
g_row\[1\].g_col\[0\].pe/_1626_,VGND,li1,252.0800,174.0800,0.000161
g_row\[1\].g_col\[0\].pe/_1625_,VGND,li1,260.1300,174.0800,0.000159
g_row\[1\].g_col\[0\].pe/_1624_,VGND,li1,253.6900,174.0800,0.000161
g_row\[1\].g_col\[0\].pe/_1623_,VGND,li1,248.8600,174.0800,0.000162
g_row\[1\].g_col\[0\].pe/_1622_,VGND,li1,240.8100,174.0800,0.000163
g_row\[1\].g_col\[0\].pe/_1621_,VGND,li1,228.3900,174.0800,0.000164
g_row\[1\].g_col\[0\].pe/_1620_,VGND,li1,229.3100,163.2000,0.000146
g_row\[1\].g_col\[0\].pe/_1619_,VGND,li1,232.9900,174.0800,0.000164
g_row\[1\].g_col\[0\].pe/_1618_,VGND,li1,235.7500,174.0800,0.000164
g_row\[1\].g_col\[0\].pe/_1617_,VGND,li1,252.7700,179.5200,0.000280
g_row\[1\].g_col\[0\].pe/_1616_,VGND,li1,236.2100,168.6400,0.000200
g_row\[1\].g_col\[0\].pe/_1615_,VGND,li1,331.4300,174.0800,0.000084
g_row\[1\].g_col\[0\].pe/_1614_,VGND,li1,323.1500,174.0800,0.000095
g_row\[1\].g_col\[0\].pe/_1613_,VGND,li1,319.2400,174.0800,0.000101
g_row\[1\].g_col\[0\].pe/_1612_,VGND,li1,324.9900,179.5200,0.000124
g_row\[1\].g_col\[0\].pe/_1611_,VGND,li1,316.2500,174.0800,0.000107
g_row\[1\].g_col\[0\].pe/_1610_,VGND,li1,312.3400,174.0800,0.000112
g_row\[1\].g_col\[0\].pe/_1609_,VGND,li1,285.8900,179.5200,0.000220
g_row\[1\].g_col\[0\].pe/_1608_,VGND,li1,283.3600,174.0800,0.000143
g_row\[1\].g_col\[0\].pe/_1607_,VGND,li1,375.5900,174.0800,0.000139
g_row\[1\].g_col\[0\].pe/_1606_,VGND,li1,369.6100,174.0800,0.000133
g_row\[1\].g_col\[0\].pe/_1605_,VGND,li1,368.0000,179.5200,0.000155
g_row\[1\].g_col\[0\].pe/_1604_,VGND,li1,359.0300,179.5200,0.000142
g_row\[1\].g_col\[0\].pe/_1603_,VGND,li1,360.8700,179.5200,0.000145
g_row\[1\].g_col\[0\].pe/_1602_,VGND,li1,349.3700,179.5200,0.000132
g_row\[1\].g_col\[0\].pe/_1601_,VGND,li1,342.7000,184.9600,0.000095
g_row\[1\].g_col\[0\].pe/_1598_,VGND,li1,351.4400,179.5200,0.000135
g_row\[1\].g_col\[0\].pe/_1597_,VGND,li1,303.8300,174.0800,0.000121
g_row\[1\].g_col\[0\].pe/_1596_,VGND,li1,297.1600,174.0800,0.000129
g_row\[1\].g_col\[0\].pe/_1595_,VGND,li1,369.6100,168.6400,0.000241
g_row\[1\].g_col\[0\].pe/_1594_,VGND,li1,362.7100,168.6400,0.000226
g_row\[1\].g_col\[0\].pe/_1593_,VGND,li1,365.0100,168.6400,0.000231
g_row\[1\].g_col\[0\].pe/_1592_,VGND,li1,372.3700,157.7600,0.000347
g_row\[1\].g_col\[0\].pe/_1591_,VGND,li1,372.3700,163.2000,0.000234
g_row\[1\].g_col\[0\].pe/_1590_,VGND,li1,369.6100,168.6400,0.000241
g_row\[1\].g_col\[0\].pe/_1589_,VGND,li1,357.1900,163.2000,0.000197
g_row\[1\].g_col\[0\].pe/_1588_,VGND,li1,354.8900,168.6400,0.000199
g_row\[1\].g_col\[0\].pe/_1587_,VGND,li1,364.0900,168.6400,0.000226
g_row\[1\].g_col\[0\].pe/_1586_,VGND,li1,358.1100,168.6400,0.000211
g_row\[1\].g_col\[0\].pe/_1585_,VGND,li1,334.1900,163.2000,0.000123
g_row\[1\].g_col\[0\].pe/_1584_,VGND,li1,274.8500,168.6400,0.000194
g_row\[1\].g_col\[0\].pe/_1583_,VGND,li1,311.1900,168.6400,0.000161
g_row\[1\].g_col\[0\].pe/_1582_,VGND,li1,270.2500,168.6400,0.000196
g_row\[1\].g_col\[0\].pe/_1581_,VGND,li1,265.1900,168.6400,0.000198
g_row\[1\].g_col\[0\].pe/_1580_,VGND,li1,261.7400,168.6400,0.000198
g_row\[1\].g_col\[0\].pe/_1579_,VGND,li1,259.6700,168.6400,0.000199
g_row\[1\].g_col\[0\].pe/_1578_,VGND,li1,252.7700,168.6400,0.000200
g_row\[1\].g_col\[0\].pe/_1577_,VGND,li1,248.4000,163.2000,0.000151
g_row\[1\].g_col\[0\].pe/_1576_,VGND,li1,253.6900,168.6400,0.000200
g_row\[1\].g_col\[0\].pe/_1575_,VGND,li1,227.0100,168.6400,0.000199
g_row\[1\].g_col\[0\].pe/_1574_,VGND,li1,225.1700,163.2000,0.000144
g_row\[1\].g_col\[0\].pe/_1573_,VGND,li1,244.9500,168.6400,0.000200
g_row\[1\].g_col\[0\].pe/_1572_,VGND,li1,239.6600,168.6400,0.000200
g_row\[1\].g_col\[0\].pe/_1571_,VGND,li1,305.2100,168.6400,0.000166
g_row\[1\].g_col\[0\].pe/_1570_,VGND,li1,306.1300,168.6400,0.000166
g_row\[1\].g_col\[0\].pe/_1569_,VGND,li1,304.9800,163.2000,0.000133
g_row\[1\].g_col\[0\].pe/_1568_,VGND,li1,298.3100,168.6400,0.000173
g_row\[1\].g_col\[0\].pe/_1567_,VGND,li1,298.3100,168.6400,0.000173
g_row\[1\].g_col\[0\].pe/_1566_,VGND,li1,294.4000,163.2000,0.000141
g_row\[1\].g_col\[0\].pe/_1565_,VGND,li1,289.5700,168.6400,0.000183
g_row\[1\].g_col\[0\].pe/_1564_,VGND,li1,284.7400,168.6400,0.000187
g_row\[1\].g_col\[0\].pe/_1563_,VGND,li1,358.1100,174.0800,0.000119
g_row\[1\].g_col\[0\].pe/_1562_,VGND,li1,352.8200,174.0800,0.000112
g_row\[1\].g_col\[0\].pe/_1561_,VGND,li1,349.3700,174.0800,0.000108
g_row\[1\].g_col\[0\].pe/_1560_,VGND,li1,351.4400,168.6400,0.000193
g_row\[1\].g_col\[0\].pe/_1559_,VGND,li1,355.3500,174.0800,0.000115
g_row\[1\].g_col\[0\].pe/_1558_,VGND,li1,350.0600,174.0800,0.000108
g_row\[1\].g_col\[0\].pe/_1557_,VGND,li1,346.6100,179.5200,0.000128
g_row\[1\].g_col\[0\].pe/_1556_,VGND,li1,341.7800,179.5200,0.000121
g_row\[1\].g_col\[0\].pe/_1555_,VGND,li1,332.1200,174.0800,0.000084
g_row\[1\].g_col\[0\].pe/_1554_,VGND,li1,322.9200,174.0800,0.000098
g_row\[1\].g_col\[0\].pe/_1553_,VGND,li1,343.6200,168.6400,0.000166
g_row\[1\].g_col\[0\].pe/_1552_,VGND,li1,342.9300,174.0800,0.000099
g_row\[1\].g_col\[0\].pe/_1551_,VGND,li1,364.7800,157.7600,0.000319
g_row\[1\].g_col\[0\].pe/_1550_,VGND,li1,363.1700,163.2000,0.000214
g_row\[1\].g_col\[0\].pe/_1549_,VGND,li1,345.0000,163.2000,0.000155
g_row\[1\].g_col\[0\].pe/_1548_,VGND,li1,367.3100,163.2000,0.000222
g_row\[1\].g_col\[0\].pe/_1547_,VGND,li1,362.7100,163.2000,0.000214
g_row\[1\].g_col\[0\].pe/_1546_,VGND,li1,348.9100,168.6400,0.000185
g_row\[1\].g_col\[0\].pe/_1545_,VGND,li1,342.9300,168.6400,0.000166
g_row\[1\].g_col\[0\].pe/_1544_,VGND,li1,343.3900,174.0800,0.000099
g_row\[1\].g_col\[0\].pe/_1543_,VGND,li1,337.6400,179.5200,0.000114
g_row\[1\].g_col\[0\].pe/_1541_,VGND,li1,250.0100,212.1600,0.000263
g_row\[1\].g_col\[0\].pe/_1540_,VGND,li1,242.8800,212.1600,0.000271
g_row\[1\].g_col\[0\].pe/_1538_,VGND,li1,322.2300,190.4000,0.000091
g_row\[1\].g_col\[0\].pe/_1537_,VGND,li1,325.9100,163.2000,0.000115
g_row\[1\].g_col\[0\].pe/_1536_,VGND,li1,317.8600,163.2000,0.000122
g_row\[1\].g_col\[0\].pe/_1535_,VGND,li1,347.0700,168.6400,0.000179
g_row\[1\].g_col\[0\].pe/_1534_,VGND,li1,356.7300,163.2000,0.000197
g_row\[1\].g_col\[0\].pe/_1533_,VGND,li1,335.5700,168.6400,0.000141
g_row\[1\].g_col\[0\].pe/_1532_,VGND,li1,331.8900,168.6400,0.000127
g_row\[1\].g_col\[0\].pe/_1531_,VGND,li1,323.1500,168.6400,0.000141
g_row\[1\].g_col\[0\].pe/_1530_,VGND,li1,320.6200,163.2000,0.000120
g_row\[1\].g_col\[0\].pe/_1529_,VGND,li1,324.5300,168.6400,0.000141
g_row\[1\].g_col\[0\].pe/_1528_,VGND,li1,318.5500,168.6400,0.000150
g_row\[1\].g_col\[0\].pe/_1527_,VGND,li1,316.9400,168.6400,0.000150
g_row\[1\].g_col\[0\].pe/_1526_,VGND,li1,292.3300,168.6400,0.000179
g_row\[1\].g_col\[0\].pe/_1525_,VGND,li1,286.1200,168.6400,0.000185
g_row\[1\].g_col\[0\].pe/_1524_,VGND,li1,276.2300,168.6400,0.000192
g_row\[1\].g_col\[0\].pe/_1523_,VGND,li1,267.0300,168.6400,0.000197
g_row\[1\].g_col\[0\].pe/_1522_,VGND,li1,262.4300,157.7600,0.000200
g_row\[1\].g_col\[0\].pe/_1521_,VGND,li1,257.6000,157.7600,0.000200
g_row\[1\].g_col\[0\].pe/_1520_,VGND,li1,262.8900,163.2000,0.000151
g_row\[1\].g_col\[0\].pe/_1519_,VGND,li1,234.3700,163.2000,0.000148
g_row\[1\].g_col\[0\].pe/_1518_,VGND,li1,232.5300,157.7600,0.000193
g_row\[1\].g_col\[0\].pe/_1517_,VGND,li1,242.6500,168.6400,0.000200
g_row\[1\].g_col\[0\].pe/_1516_,VGND,li1,238.7400,163.2000,0.000149
g_row\[1\].g_col\[0\].pe/_1515_,VGND,li1,269.7900,163.2000,0.000151
g_row\[1\].g_col\[0\].pe/_1514_,VGND,li1,260.3600,163.2000,0.000152
g_row\[1\].g_col\[0\].pe/_1513_,VGND,li1,330.9700,157.7600,0.000167
g_row\[1\].g_col\[0\].pe/_1512_,VGND,li1,277.6100,157.7600,0.000199
g_row\[1\].g_col\[0\].pe/_1511_,VGND,li1,342.0100,163.2000,0.000149
g_row\[1\].g_col\[0\].pe/_1510_,VGND,li1,337.4100,157.7600,0.000188
g_row\[1\].g_col\[0\].pe/_1509_,VGND,li1,343.8500,163.2000,0.000155
g_row\[1\].g_col\[0\].pe/_1508_,VGND,li1,298.7700,163.2000,0.000137
g_row\[1\].g_col\[0\].pe/_1507_,VGND,li1,296.2400,163.2000,0.000139
g_row\[1\].g_col\[0\].pe/_1506_,VGND,li1,347.5300,163.2000,0.000167
g_row\[1\].g_col\[0\].pe/_1504_,VGND,li1,249.0900,206.7200,0.000288
g_row\[1\].g_col\[0\].pe/_1503_,VGND,li1,239.8900,212.1600,0.000274
g_row\[1\].g_col\[0\].pe/_1502_,VGND,li1,244.2600,206.7200,0.000295
g_row\[1\].g_col\[0\].pe/_1501_,VGND,li1,336.4900,157.7600,0.000188
g_row\[1\].g_col\[0\].pe/_1500_,VGND,li1,334.1900,163.2000,0.000123
g_row\[1\].g_col\[0\].pe/_1499_,VGND,li1,328.2100,163.2000,0.000113
g_row\[1\].g_col\[0\].pe/_1498_,VGND,li1,322.2300,163.2000,0.000120
g_row\[1\].g_col\[0\].pe/_1497_,VGND,li1,317.4000,157.7600,0.000180
g_row\[1\].g_col\[0\].pe/_1496_,VGND,li1,322.2300,157.7600,0.000176
g_row\[1\].g_col\[0\].pe/_1495_,VGND,li1,315.7900,163.2000,0.000125
g_row\[1\].g_col\[0\].pe/_1494_,VGND,li1,310.9600,163.2000,0.000129
g_row\[1\].g_col\[0\].pe/_1493_,VGND,li1,287.2700,163.2000,0.000145
g_row\[1\].g_col\[0\].pe/_1492_,VGND,li1,282.4400,163.2000,0.000147
g_row\[1\].g_col\[0\].pe/_1491_,VGND,li1,277.6100,163.2000,0.000150
g_row\[1\].g_col\[0\].pe/_1490_,VGND,li1,271.6300,163.2000,0.000151
g_row\[1\].g_col\[0\].pe/_1489_,VGND,li1,268.4100,157.7600,0.000200
g_row\[1\].g_col\[0\].pe/_1488_,VGND,li1,261.2800,157.7600,0.000200
g_row\[1\].g_col\[0\].pe/_1487_,VGND,li1,255.9900,163.2000,0.000152
g_row\[1\].g_col\[0\].pe/_1486_,VGND,li1,237.5900,157.7600,0.000195
g_row\[1\].g_col\[0\].pe/_1485_,VGND,li1,241.7300,152.3200,0.000132
g_row\[1\].g_col\[0\].pe/_1484_,VGND,li1,249.5500,163.2000,0.000151
g_row\[1\].g_col\[0\].pe/_1483_,VGND,li1,244.7200,163.2000,0.000150
g_row\[1\].g_col\[0\].pe/_1482_,VGND,li1,273.0100,157.7600,0.000200
g_row\[1\].g_col\[0\].pe/_1481_,VGND,li1,260.3600,152.3200,0.000133
g_row\[1\].g_col\[0\].pe/_1480_,VGND,li1,300.1500,152.3200,0.000119
g_row\[1\].g_col\[0\].pe/_1479_,VGND,li1,278.9900,152.3200,0.000129
g_row\[1\].g_col\[0\].pe/_1478_,VGND,li1,300.6100,163.2000,0.000136
g_row\[1\].g_col\[0\].pe/_1477_,VGND,li1,306.5900,163.2000,0.000133
g_row\[1\].g_col\[0\].pe/_1476_,VGND,li1,307.2800,157.7600,0.000187
g_row\[1\].g_col\[0\].pe/_1474_,VGND,li1,268.8700,212.1600,0.000236
g_row\[1\].g_col\[0\].pe/_1473_,VGND,li1,269.7900,212.1600,0.000236
g_row\[1\].g_col\[0\].pe/_1471_,VGND,li1,271.8600,212.1600,0.000231
g_row\[1\].g_col\[0\].pe/_1470_,VGND,li1,270.7100,206.7200,0.000253
g_row\[1\].g_col\[0\].pe/_1469_,VGND,li1,268.4100,206.7200,0.000257
g_row\[1\].g_col\[0\].pe/_1466_,VGND,li1,277.6100,217.6000,0.000272
g_row\[1\].g_col\[0\].pe/_1465_,VGND,li1,296.4700,157.7600,0.000193
g_row\[1\].g_col\[0\].pe/_1464_,VGND,li1,294.6300,157.7600,0.000194
g_row\[1\].g_col\[0\].pe/_1463_,VGND,li1,291.6400,157.7600,0.000195
g_row\[1\].g_col\[0\].pe/_1461_,VGND,li1,287.2700,179.5200,0.000214
g_row\[1\].g_col\[0\].pe/_1460_,VGND,li1,266.1100,195.8400,0.000180
g_row\[1\].g_col\[0\].pe/_1459_,VGND,li1,261.9700,195.8400,0.000184
g_row\[1\].g_col\[0\].pe/_1457_,VGND,li1,252.7700,201.2800,0.000291
g_row\[1\].g_col\[0\].pe/_1453_,VGND,li1,268.8700,195.8400,0.000178
g_row\[1\].g_col\[0\].pe/_1452_,VGND,li1,288.6500,157.7600,0.000197
g_row\[1\].g_col\[0\].pe/_1451_,VGND,li1,286.5800,163.2000,0.000145
g_row\[1\].g_col\[0\].pe/_1449_,VGND,li1,273.0100,179.5200,0.000243
g_row\[1\].g_col\[0\].pe/_1448_,VGND,li1,246.3300,190.4000,0.000151
g_row\[1\].g_col\[0\].pe/_1447_,VGND,li1,248.1700,195.8400,0.000193
g_row\[1\].g_col\[0\].pe/_1444_,VGND,li1,251.3900,190.4000,0.000149
g_row\[1\].g_col\[0\].pe/_1443_,VGND,li1,279.9100,152.3200,0.000129
g_row\[1\].g_col\[0\].pe/_1442_,VGND,li1,273.9300,157.7600,0.000200
g_row\[1\].g_col\[0\].pe/_1441_,VGND,li1,267.9500,157.7600,0.000200
g_row\[1\].g_col\[0\].pe/_1440_,VGND,li1,264.0400,152.3200,0.000133
g_row\[1\].g_col\[0\].pe/_1438_,VGND,li1,256.4500,157.7600,0.000200
g_row\[1\].g_col\[0\].pe/_1437_,VGND,li1,236.6700,152.3200,0.000131
g_row\[1\].g_col\[0\].pe/_1436_,VGND,li1,235.2900,157.7600,0.000194
g_row\[1\].g_col\[0\].pe/_1432_,VGND,li1,248.6300,157.7600,0.000198
g_row\[1\].g_col\[0\].pe/_1431_,VGND,li1,243.8000,157.7600,0.000197
g_row\[1\].g_col\[0\].pe/_1429_,VGND,li1,267.4900,146.8800,0.000215
g_row\[1\].g_col\[0\].pe/_1428_,VGND,li1,257.6000,152.3200,0.000133
g_row\[1\].g_col\[0\].pe/_1427_,VGND,li1,262.8900,146.8800,0.000211
g_row\[1\].g_col\[0\].pe/_1426_,VGND,li1,260.8200,146.8800,0.000209
g_row\[1\].g_col\[0\].pe/_1424_,VGND,li1,227.4700,184.9600,0.000164
g_row\[1\].g_col\[0\].pe/_1423_,VGND,li1,222.4100,179.5200,0.000320
g_row\[1\].g_col\[0\].pe/_1422_,VGND,li1,227.4700,179.5200,0.000314
g_row\[1\].g_col\[0\].pe/_1421_,VGND,li1,220.5700,174.0800,0.000163
g_row\[1\].g_col\[0\].pe/_1420_,VGND,li1,259.2100,152.3200,0.000133
g_row\[1\].g_col\[0\].pe/_1419_,VGND,li1,231.6100,152.3200,0.000130
g_row\[1\].g_col\[0\].pe/_1418_,VGND,li1,231.6100,146.8800,0.000182
g_row\[1\].g_col\[0\].pe/_1416_,VGND,li1,214.5900,163.2000,0.000140
g_row\[1\].g_col\[0\].pe/_1415_,VGND,li1,219.1900,163.2000,0.000142
g_row\[1\].g_col\[0\].pe/_1414_,VGND,li1,214.1300,168.6400,0.000197
g_row\[1\].g_col\[0\].pe/_1413_,VGND,li1,253.2300,152.3200,0.000133
g_row\[1\].g_col\[0\].pe/_1412_,VGND,li1,244.7200,146.8800,0.000195
g_row\[1\].g_col\[0\].pe/_1411_,VGND,li1,216.8900,168.6400,0.000198
g_row\[1\].g_col\[0\].pe/_1408_,VGND,li1,317.6300,228.4800,0.000301
g_row\[1\].g_col\[0\].pe/_1407_,VGND,li1,325.4500,233.9200,0.000313
g_row\[1\].g_col\[0\].pe/_1406_,VGND,li1,332.3500,239.3600,0.000338
g_row\[1\].g_col\[0\].pe/_1405_,VGND,li1,299.2300,233.9200,0.000399
g_row\[1\].g_col\[0\].pe/_1404_,VGND,li1,191.1300,228.4800,0.000248
g_row\[1\].g_col\[0\].pe/_1403_,VGND,li1,232.7600,212.1600,0.000281
g_row\[1\].g_col\[0\].pe/_1402_,VGND,li1,219.1900,206.7200,0.000312
g_row\[1\].g_col\[0\].pe/_1401_,VGND,li1,226.7800,206.7200,0.000310
g_row\[1\].g_col\[0\].pe/_1400_,VGND,li1,226.0900,212.1600,0.000284
g_row\[1\].g_col\[0\].pe/_1399_,VGND,li1,221.7200,217.6000,0.000336
g_row\[1\].g_col\[0\].pe/_1398_,VGND,li1,213.2100,223.0400,0.000387
g_row\[1\].g_col\[0\].pe/_1397_,VGND,li1,233.2200,223.0400,0.000398
g_row\[1\].g_col\[0\].pe/_1396_,VGND,li1,222.4100,228.4800,0.000338
g_row\[1\].g_col\[0\].pe/_1395_,VGND,li1,228.1600,217.6000,0.000333
g_row\[1\].g_col\[0\].pe/_1394_,VGND,li1,219.1900,228.4800,0.000326
g_row\[1\].g_col\[0\].pe/_1393_,VGND,li1,233.2200,217.6000,0.000329
g_row\[1\].g_col\[0\].pe/_1392_,VGND,li1,223.3300,223.0400,0.000398
g_row\[1\].g_col\[0\].pe/_1391_,VGND,li1,222.1800,206.7200,0.000312
g_row\[1\].g_col\[0\].pe/_1389_,VGND,li1,222.8700,212.1600,0.000282
g_row\[1\].g_col\[0\].pe/_1388_,VGND,li1,225.8600,195.8400,0.000198
g_row\[1\].g_col\[0\].pe/_1387_,VGND,li1,217.3500,201.2800,0.000294
g_row\[1\].g_col\[0\].pe/_1386_,VGND,li1,222.1800,195.8400,0.000197
g_row\[1\].g_col\[0\].pe/_1385_,VGND,li1,218.2700,195.8400,0.000197
g_row\[1\].g_col\[0\].pe/_1384_,VGND,li1,213.9000,195.8400,0.000195
g_row\[1\].g_col\[0\].pe/_1383_,VGND,li1,205.3900,190.4000,0.000161
g_row\[1\].g_col\[0\].pe/_1380_,VGND,li1,201.9400,174.0800,0.000153
g_row\[1\].g_col\[0\].pe/_1377_,VGND,li1,281.2900,168.6400,0.000189
g_row\[1\].g_col\[0\].pe/_1376_,VGND,li1,198.9500,179.5200,0.000268
g_row\[1\].g_col\[0\].pe/_1374_,VGND,li1,199.8700,184.9600,0.000160
g_row\[1\].g_col\[0\].pe/_1372_,VGND,li1,201.4800,179.5200,0.000277
g_row\[1\].g_col\[0\].pe/_1371_,VGND,li1,260.1300,266.5600,0.000056
g_row\[1\].g_col\[0\].pe/_1370_,VGND,li1,265.4200,266.5600,0.000055
g_row\[1\].g_col\[0\].pe/_1369_,VGND,li1,267.9500,250.2400,0.000431
g_row\[1\].g_col\[0\].pe/_1368_,VGND,li1,260.1300,261.1200,0.000351
g_row\[1\].g_col\[0\].pe/_1367_,VGND,li1,268.8700,266.5600,0.000054
g_row\[1\].g_col\[0\].pe/_1366_,VGND,li1,266.5700,261.1200,0.000352
g_row\[1\].g_col\[0\].pe/_1365_,VGND,li1,287.0400,266.5600,0.000051
g_row\[1\].g_col\[0\].pe/_1364_,VGND,li1,277.1500,261.1200,0.000352
g_row\[1\].g_col\[0\].pe/_1363_,VGND,li1,292.3300,261.1200,0.000331
g_row\[1\].g_col\[0\].pe/_1362_,VGND,li1,296.4700,261.1200,0.000318
g_row\[1\].g_col\[0\].pe/_1361_,VGND,li1,295.0900,266.5600,0.000049
g_row\[1\].g_col\[0\].pe/_1360_,VGND,li1,308.4300,255.6800,0.000380
g_row\[1\].g_col\[0\].pe/_1359_,VGND,li1,315.3300,250.2400,0.000322
g_row\[1\].g_col\[0\].pe/_1358_,VGND,li1,319.9300,255.6800,0.000317
g_row\[1\].g_col\[0\].pe/_1357_,VGND,li1,324.5300,255.6800,0.000289
g_row\[1\].g_col\[0\].pe/_1356_,VGND,li1,328.6700,261.1200,0.000208
g_row\[1\].g_col\[0\].pe/_1355_,VGND,li1,333.2700,261.1200,0.000188
g_row\[1\].g_col\[0\].pe/_1354_,VGND,li1,336.9500,255.6800,0.000268
g_row\[1\].g_col\[0\].pe/_1353_,VGND,li1,339.2500,261.1200,0.000208
g_row\[1\].g_col\[0\].pe/_1352_,VGND,li1,342.2400,255.6800,0.000291
g_row\[1\].g_col\[0\].pe/_1351_,VGND,li1,346.1500,261.1200,0.000229
g_row\[1\].g_col\[0\].pe/_1350_,VGND,li1,343.8500,261.1200,0.000219
g_row\[1\].g_col\[0\].pe/_1349_,VGND,li1,354.8900,261.1200,0.000249
g_row\[1\].g_col\[0\].pe/_1348_,VGND,li1,352.1300,266.5600,0.000029
g_row\[1\].g_col\[0\].pe/_1347_,VGND,li1,376.5100,255.6800,0.000357
g_row\[1\].g_col\[0\].pe/_1346_,VGND,li1,371.9100,255.6800,0.000353
g_row\[1\].g_col\[0\].pe/_1345_,VGND,li1,372.6000,255.6800,0.000353
g_row\[1\].g_col\[0\].pe/_1344_,VGND,li1,375.1300,266.5600,0.000032
g_row\[1\].g_col\[0\].pe/_1343_,VGND,li1,384.3300,266.5600,0.000033
g_row\[1\].g_col\[0\].pe/_1342_,VGND,li1,388.9300,261.1200,0.000296
g_row\[1\].g_col\[0\].pe/_1341_,VGND,li1,389.8500,266.5600,0.000033
g_row\[1\].g_col\[0\].pe/_1340_,VGND,li1,205.8500,168.6400,0.000192
g_row\[0\].g_col\[1\].pe/_2776_,VGND,li1,80.9600,103.3600,0.000492
g_row\[0\].g_col\[1\].pe/_2775_,VGND,li1,40.4800,114.2400,0.000391
g_row\[0\].g_col\[1\].pe/_2774_,VGND,li1,186.3000,125.1200,0.000309
g_row\[0\].g_col\[1\].pe/_2771_,VGND,li1,19.5500,136.0000,0.000101
g_row\[0\].g_col\[1\].pe/_2770_,VGND,li1,31.0500,125.1200,0.000231
g_row\[0\].g_col\[1\].pe/_2769_,VGND,li1,25.0700,114.2400,0.000235
g_row\[0\].g_col\[1\].pe/_2768_,VGND,li1,16.3300,108.8000,0.000165
g_row\[0\].g_col\[1\].pe/_2767_,VGND,li1,35.6500,108.8000,0.000212
g_row\[0\].g_col\[1\].pe/_2766_,VGND,li1,27.3700,103.3600,0.000230
g_row\[0\].g_col\[1\].pe/_2765_,VGND,li1,57.2700,114.2400,0.000512
g_row\[0\].g_col\[1\].pe/_2764_,VGND,li1,57.2700,119.6800,0.000401
g_row\[0\].g_col\[1\].pe/_2763_,VGND,li1,89.0100,130.5600,0.000373
g_row\[0\].g_col\[1\].pe/_2762_,VGND,li1,66.0100,136.0000,0.000228
g_row\[0\].g_col\[1\].pe/_2761_,VGND,li1,88.0900,141.4400,0.000331
g_row\[0\].g_col\[1\].pe/_2760_,VGND,li1,71.9900,152.3200,0.000171
g_row\[0\].g_col\[1\].pe/_2759_,VGND,li1,30.5900,141.4400,0.000153
g_row\[0\].g_col\[1\].pe/_2758_,VGND,li1,35.6500,146.8800,0.000169
g_row\[0\].g_col\[1\].pe/_2757_,VGND,li1,32.4300,136.0000,0.000124
g_row\[0\].g_col\[1\].pe/_2756_,VGND,li1,49.9100,136.0000,0.000181
g_row\[0\].g_col\[1\].pe/_2755_,VGND,li1,96.8300,130.5600,0.000380
g_row\[0\].g_col\[1\].pe/_2754_,VGND,li1,171.3500,130.5600,0.000214
g_row\[0\].g_col\[1\].pe/_2753_,VGND,li1,194.3500,125.1200,0.000342
g_row\[0\].g_col\[1\].pe/_2752_,VGND,li1,177.3300,125.1200,0.000272
g_row\[0\].g_col\[1\].pe/_2751_,VGND,li1,114.7700,125.1200,0.000528
g_row\[0\].g_col\[1\].pe/_2750_,VGND,li1,115.2300,119.6800,0.000535
g_row\[0\].g_col\[1\].pe/_2749_,VGND,li1,105.1100,114.2400,0.000747
g_row\[0\].g_col\[1\].pe/_2748_,VGND,li1,93.6100,119.6800,0.000536
g_row\[0\].g_col\[1\].pe/_2747_,VGND,li1,81.1900,114.2400,0.000663
g_row\[0\].g_col\[1\].pe/_2746_,VGND,li1,74.2900,119.6800,0.000487
g_row\[0\].g_col\[1\].pe/_2745_,VGND,li1,76.1300,114.2400,0.000629
g_row\[0\].g_col\[1\].pe/_2744_,VGND,li1,91.7700,125.1200,0.000534
g_row\[0\].g_col\[1\].pe/_2743_,VGND,li1,112.9300,130.5600,0.000385
g_row\[0\].g_col\[1\].pe/_2742_,VGND,li1,133.1700,125.1200,0.000487
g_row\[0\].g_col\[1\].pe/_2741_,VGND,li1,122.5900,125.1200,0.000512
g_row\[0\].g_col\[1\].pe/_2740_,VGND,li1,134.5500,130.5600,0.000354
g_row\[0\].g_col\[1\].pe/_2739_,VGND,li1,152.4900,130.5600,0.000289
g_row\[0\].g_col\[1\].pe/_2738_,VGND,li1,100.0500,136.0000,0.000261
g_row\[0\].g_col\[1\].pe/_2737_,VGND,li1,168.1300,65.2800,0.000201
g_row\[0\].g_col\[1\].pe/_2736_,VGND,li1,181.0100,59.8400,0.000208
g_row\[0\].g_col\[1\].pe/_2735_,VGND,li1,181.9300,65.2800,0.000196
g_row\[0\].g_col\[1\].pe/_2734_,VGND,li1,179.1700,76.1600,0.000086
g_row\[0\].g_col\[1\].pe/_2733_,VGND,li1,168.1300,59.8400,0.000205
g_row\[0\].g_col\[1\].pe/_2732_,VGND,li1,164.4500,54.4000,0.000172
g_row\[0\].g_col\[1\].pe/_2731_,VGND,li1,166.2900,54.4000,0.000170
g_row\[0\].g_col\[1\].pe/_2730_,VGND,li1,82.5700,48.9600,0.000293
g_row\[0\].g_col\[1\].pe/_2729_,VGND,li1,173.1900,59.8400,0.000196
g_row\[0\].g_col\[1\].pe/_2728_,VGND,li1,64.1700,48.9600,0.000264
g_row\[0\].g_col\[1\].pe/_2727_,VGND,li1,166.2900,43.5200,0.000143
g_row\[0\].g_col\[1\].pe/_2726_,VGND,li1,40.2500,43.5200,0.000138
g_row\[0\].g_col\[1\].pe/_2725_,VGND,li1,163.0700,38.0800,0.000194
g_row\[0\].g_col\[1\].pe/_2724_,VGND,li1,25.5300,43.5200,0.000092
g_row\[0\].g_col\[1\].pe/_2723_,VGND,li1,27.3700,38.0800,0.000070
g_row\[0\].g_col\[1\].pe/_2722_,VGND,li1,187.4500,70.7200,0.000135
g_row\[0\].g_col\[1\].pe/_2721_,VGND,li1,195.2700,48.9600,0.000272
g_row\[0\].g_col\[1\].pe/_2720_,VGND,li1,177.7900,32.6400,0.000129
g_row\[0\].g_col\[1\].pe/_2719_,VGND,li1,187.9100,43.5200,0.000139
g_row\[0\].g_col\[1\].pe/_2718_,VGND,li1,185.6100,27.2000,0.000120
g_row\[0\].g_col\[1\].pe/_2717_,VGND,li1,183.7700,54.4000,0.000163
g_row\[0\].g_col\[1\].pe/_2716_,VGND,li1,169.0500,21.7600,0.000212
g_row\[0\].g_col\[1\].pe/_2715_,VGND,li1,167.6700,27.2000,0.000135
g_row\[0\].g_col\[1\].pe/_2714_,VGND,li1,167.6700,32.6400,0.000157
g_row\[0\].g_col\[1\].pe/_2713_,VGND,li1,184.6900,48.9600,0.000232
g_row\[0\].g_col\[1\].pe/_2712_,VGND,li1,183.3100,21.7600,0.000201
g_row\[0\].g_col\[1\].pe/_2711_,VGND,li1,191.1300,27.2000,0.000133
g_row\[0\].g_col\[1\].pe/_2710_,VGND,li1,188.3700,32.6400,0.000141
g_row\[0\].g_col\[1\].pe/_2709_,VGND,li1,170.4300,38.0800,0.000186
g_row\[0\].g_col\[1\].pe/_2708_,VGND,li1,192.5100,32.6400,0.000150
g_row\[0\].g_col\[1\].pe/_2707_,VGND,li1,188.3700,38.0800,0.000205
g_row\[0\].g_col\[1\].pe/_2706_,VGND,li1,177.3300,48.9600,0.000227
g_row\[0\].g_col\[1\].pe/_2705_,VGND,li1,179.1700,130.5600,0.000178
g_row\[0\].g_col\[1\].pe/_2704_,VGND,li1,152.9500,114.2400,0.000594
g_row\[0\].g_col\[1\].pe/_2703_,VGND,li1,166.2900,119.6800,0.000346
g_row\[0\].g_col\[1\].pe/_2702_,VGND,li1,166.7500,114.2400,0.000473
g_row\[0\].g_col\[1\].pe/_2701_,VGND,li1,143.2900,103.3600,0.000341
g_row\[0\].g_col\[1\].pe/_2700_,VGND,li1,167.2100,119.6800,0.000346
g_row\[0\].g_col\[1\].pe/_2699_,VGND,li1,148.3500,108.8000,0.000294
g_row\[0\].g_col\[1\].pe/_2698_,VGND,li1,148.8100,103.3600,0.000323
g_row\[0\].g_col\[1\].pe/_2697_,VGND,li1,140.9900,108.8000,0.000318
g_row\[0\].g_col\[1\].pe/_2696_,VGND,li1,128.1100,119.6800,0.000503
g_row\[0\].g_col\[1\].pe/_2695_,VGND,li1,151.5700,119.6800,0.000416
g_row\[0\].g_col\[1\].pe/_2694_,VGND,li1,138.6900,119.6800,0.000471
g_row\[0\].g_col\[1\].pe/_2693_,VGND,li1,165.3700,125.1200,0.000353
g_row\[0\].g_col\[1\].pe/_2692_,VGND,li1,156.1700,65.2800,0.000212
g_row\[0\].g_col\[1\].pe/_2691_,VGND,li1,157.0900,59.8400,0.000218
g_row\[0\].g_col\[1\].pe/_2690_,VGND,li1,156.1700,70.7200,0.000161
g_row\[0\].g_col\[1\].pe/_2689_,VGND,li1,28.9800,38.0800,0.000070
g_row\[0\].g_col\[1\].pe/_2688_,VGND,li1,166.9800,81.6000,0.000124
g_row\[0\].g_col\[1\].pe/_2687_,VGND,li1,38.1800,38.0800,0.000088
g_row\[0\].g_col\[1\].pe/_2686_,VGND,li1,31.5100,43.5200,0.000112
g_row\[0\].g_col\[1\].pe/_2685_,VGND,li1,162.3800,38.0800,0.000194
g_row\[0\].g_col\[1\].pe/_2684_,VGND,li1,158.0100,38.0800,0.000198
g_row\[0\].g_col\[1\].pe/_2683_,VGND,li1,29.4400,43.5200,0.000105
g_row\[0\].g_col\[1\].pe/_2682_,VGND,li1,30.1300,48.9600,0.000158
g_row\[0\].g_col\[1\].pe/_2681_,VGND,li1,34.5000,38.0800,0.000083
g_row\[0\].g_col\[1\].pe/_2680_,VGND,li1,30.1300,32.6400,0.000074
g_row\[0\].g_col\[1\].pe/_2679_,VGND,li1,184.0000,70.7200,0.000132
g_row\[0\].g_col\[1\].pe/_2678_,VGND,li1,178.2500,65.2800,0.000175
g_row\[0\].g_col\[1\].pe/_2677_,VGND,li1,189.5200,48.9600,0.000255
g_row\[0\].g_col\[1\].pe/_2676_,VGND,li1,187.4500,43.5200,0.000139
g_row\[0\].g_col\[1\].pe/_2675_,VGND,li1,178.4800,43.5200,0.000115
g_row\[0\].g_col\[1\].pe/_2674_,VGND,li1,178.2500,38.0800,0.000171
g_row\[0\].g_col\[1\].pe/_2673_,VGND,li1,171.3500,43.5200,0.000130
g_row\[0\].g_col\[1\].pe/_2672_,VGND,li1,175.0300,43.5200,0.000121
g_row\[0\].g_col\[1\].pe/_2671_,VGND,li1,162.1500,48.9600,0.000279
g_row\[0\].g_col\[1\].pe/_2670_,VGND,li1,171.1200,27.2000,0.000125
g_row\[0\].g_col\[1\].pe/_2669_,VGND,li1,172.7300,32.6400,0.000138
g_row\[0\].g_col\[1\].pe/_2668_,VGND,li1,182.1600,43.5200,0.000126
g_row\[0\].g_col\[1\].pe/_2667_,VGND,li1,192.9700,43.5200,0.000150
g_row\[0\].g_col\[1\].pe/_2666_,VGND,li1,179.8600,27.2000,0.000108
g_row\[0\].g_col\[1\].pe/_2665_,VGND,li1,194.3500,27.2000,0.000138
g_row\[0\].g_col\[1\].pe/_2664_,VGND,li1,178.9400,48.9600,0.000214
g_row\[0\].g_col\[1\].pe/_2663_,VGND,li1,187.4500,54.4000,0.000169
g_row\[0\].g_col\[1\].pe/_2662_,VGND,li1,158.2400,27.2000,0.000150
g_row\[0\].g_col\[1\].pe/_2661_,VGND,li1,174.5700,21.7600,0.000195
g_row\[0\].g_col\[1\].pe/_2660_,VGND,li1,158.2400,32.6400,0.000174
g_row\[0\].g_col\[1\].pe/_2659_,VGND,li1,174.5700,27.2000,0.000121
g_row\[0\].g_col\[1\].pe/_2658_,VGND,li1,166.5200,27.2000,0.000135
g_row\[0\].g_col\[1\].pe/_2657_,VGND,li1,162.6100,32.6400,0.000165
g_row\[0\].g_col\[1\].pe/_2656_,VGND,li1,184.0000,54.4000,0.000163
g_row\[0\].g_col\[1\].pe/_2655_,VGND,li1,191.1300,54.4000,0.000183
g_row\[0\].g_col\[1\].pe/_2654_,VGND,li1,179.8600,27.2000,0.000108
g_row\[0\].g_col\[1\].pe/_2653_,VGND,li1,176.8700,27.2000,0.000112
g_row\[0\].g_col\[1\].pe/_2652_,VGND,li1,184.0000,27.2000,0.000120
g_row\[0\].g_col\[1\].pe/_2651_,VGND,li1,188.3700,21.7600,0.000215
g_row\[0\].g_col\[1\].pe/_2650_,VGND,li1,182.6200,32.6400,0.000131
g_row\[0\].g_col\[1\].pe/_2649_,VGND,li1,183.3100,32.6400,0.000131
g_row\[0\].g_col\[1\].pe/_2648_,VGND,li1,168.8200,38.0800,0.000186
g_row\[0\].g_col\[1\].pe/_2647_,VGND,li1,174.1100,43.5200,0.000126
g_row\[0\].g_col\[1\].pe/_2646_,VGND,li1,191.3600,27.2000,0.000133
g_row\[0\].g_col\[1\].pe/_2645_,VGND,li1,187.4500,32.6400,0.000141
g_row\[0\].g_col\[1\].pe/_2644_,VGND,li1,182.6200,38.0800,0.000188
g_row\[0\].g_col\[1\].pe/_2643_,VGND,li1,184.6900,38.0800,0.000197
g_row\[0\].g_col\[1\].pe/_2642_,VGND,li1,171.1200,48.9600,0.000251
g_row\[0\].g_col\[1\].pe/_2641_,VGND,li1,171.3500,43.5200,0.000130
g_row\[0\].g_col\[1\].pe/_2640_,VGND,li1,175.2600,125.1200,0.000287
g_row\[0\].g_col\[1\].pe/_2639_,VGND,li1,176.8700,130.5600,0.000187
g_row\[0\].g_col\[1\].pe/_2638_,VGND,li1,149.9600,130.5600,0.000298
g_row\[0\].g_col\[1\].pe/_2637_,VGND,li1,142.3700,130.5600,0.000325
g_row\[0\].g_col\[1\].pe/_2636_,VGND,li1,155.2500,130.5600,0.000278
g_row\[0\].g_col\[1\].pe/_2635_,VGND,li1,145.5900,130.5600,0.000314
g_row\[0\].g_col\[1\].pe/_2634_,VGND,li1,142.3700,130.5600,0.000325
g_row\[0\].g_col\[1\].pe/_2633_,VGND,li1,145.3600,114.2400,0.000632
g_row\[0\].g_col\[1\].pe/_2632_,VGND,li1,151.5700,108.8000,0.000279
g_row\[0\].g_col\[1\].pe/_2631_,VGND,li1,158.2400,119.6800,0.000389
g_row\[0\].g_col\[1\].pe/_2630_,VGND,li1,158.0100,108.8000,0.000253
g_row\[0\].g_col\[1\].pe/_2628_,VGND,li1,154.5600,119.6800,0.000402
g_row\[0\].g_col\[1\].pe/_2627_,VGND,li1,160.3100,108.8000,0.000243
g_row\[0\].g_col\[1\].pe/_2626_,VGND,li1,140.3000,125.1200,0.000464
g_row\[0\].g_col\[1\].pe/_2625_,VGND,li1,137.7700,119.6800,0.000471
g_row\[0\].g_col\[1\].pe/_2624_,VGND,li1,157.3200,119.6800,0.000389
g_row\[0\].g_col\[1\].pe/_2623_,VGND,li1,161.6900,125.1200,0.000371
g_row\[0\].g_col\[1\].pe/_2622_,VGND,li1,145.8200,114.2400,0.000632
g_row\[0\].g_col\[1\].pe/_2621_,VGND,li1,142.3700,114.2400,0.000651
g_row\[0\].g_col\[1\].pe/_2619_,VGND,li1,149.5000,97.9200,0.000210
g_row\[0\].g_col\[1\].pe/_2618_,VGND,li1,146.0500,97.9200,0.000218
g_row\[0\].g_col\[1\].pe/_2617_,VGND,li1,139.3800,114.2400,0.000669
g_row\[0\].g_col\[1\].pe/_2616_,VGND,li1,135.9300,108.8000,0.000334
g_row\[0\].g_col\[1\].pe/_2615_,VGND,li1,133.8600,114.2400,0.000694
g_row\[0\].g_col\[1\].pe/_2614_,VGND,li1,133.1700,119.6800,0.000489
g_row\[0\].g_col\[1\].pe/_2613_,VGND,li1,143.0600,119.6800,0.000451
g_row\[0\].g_col\[1\].pe/_2612_,VGND,li1,140.0700,119.6800,0.000462
g_row\[0\].g_col\[1\].pe/_2611_,VGND,li1,132.4800,125.1200,0.000487
g_row\[0\].g_col\[1\].pe/_2610_,VGND,li1,130.4100,119.6800,0.000496
g_row\[0\].g_col\[1\].pe/_2608_,VGND,li1,162.3800,130.5600,0.000249
g_row\[0\].g_col\[1\].pe/_2607_,VGND,li1,158.9300,130.5600,0.000270
g_row\[0\].g_col\[1\].pe/_2606_,VGND,li1,151.3400,65.2800,0.000213
g_row\[0\].g_col\[1\].pe/_2605_,VGND,li1,150.6500,59.8400,0.000223
g_row\[0\].g_col\[1\].pe/_2604_,VGND,li1,154.5600,59.8400,0.000220
g_row\[0\].g_col\[1\].pe/_2603_,VGND,li1,146.0500,59.8400,0.000226
g_row\[0\].g_col\[1\].pe/_2600_,VGND,li1,155.0200,65.2800,0.000212
g_row\[0\].g_col\[1\].pe/_2599_,VGND,li1,155.7100,70.7200,0.000161
g_row\[0\].g_col\[1\].pe/_2595_,VGND,li1,14.2600,136.0000,0.000102
g_row\[0\].g_col\[1\].pe/_2594_,VGND,li1,58.6500,130.5600,0.000302
g_row\[0\].g_col\[1\].pe/_2592_,VGND,li1,29.9000,125.1200,0.000231
g_row\[0\].g_col\[1\].pe/_2591_,VGND,li1,35.8800,130.5600,0.000207
g_row\[0\].g_col\[1\].pe/_2590_,VGND,li1,44.8500,130.5600,0.000244
g_row\[0\].g_col\[1\].pe/_2588_,VGND,li1,23.0000,119.6800,0.000190
g_row\[0\].g_col\[1\].pe/_2587_,VGND,li1,23.9200,114.2400,0.000235
g_row\[0\].g_col\[1\].pe/_2586_,VGND,li1,34.9600,119.6800,0.000261
g_row\[0\].g_col\[1\].pe/_2585_,VGND,li1,33.1200,114.2400,0.000322
g_row\[0\].g_col\[1\].pe/_2584_,VGND,li1,32.8900,114.2400,0.000322
g_row\[0\].g_col\[1\].pe/_2582_,VGND,li1,17.0200,108.8000,0.000164
g_row\[0\].g_col\[1\].pe/_2581_,VGND,li1,21.1600,108.8000,0.000162
g_row\[0\].g_col\[1\].pe/_2580_,VGND,li1,37.0300,108.8000,0.000221
g_row\[0\].g_col\[1\].pe/_2579_,VGND,li1,42.3200,108.8000,0.000241
g_row\[0\].g_col\[1\].pe/_2577_,VGND,li1,32.6600,103.3600,0.000262
g_row\[0\].g_col\[1\].pe/_2576_,VGND,li1,32.6600,108.8000,0.000200
g_row\[0\].g_col\[1\].pe/_2575_,VGND,li1,38.4100,114.2400,0.000366
g_row\[0\].g_col\[1\].pe/_2573_,VGND,li1,25.3000,103.3600,0.000211
g_row\[0\].g_col\[1\].pe/_2572_,VGND,li1,24.8400,108.8000,0.000161
g_row\[0\].g_col\[1\].pe/_2571_,VGND,li1,45.3100,114.2400,0.000432
g_row\[0\].g_col\[1\].pe/_2569_,VGND,li1,54.7400,119.6800,0.000390
g_row\[0\].g_col\[1\].pe/_2568_,VGND,li1,51.5200,119.6800,0.000371
g_row\[0\].g_col\[1\].pe/_2567_,VGND,li1,48.0700,114.2400,0.000447
g_row\[0\].g_col\[1\].pe/_2565_,VGND,li1,52.4400,125.1200,0.000388
g_row\[0\].g_col\[1\].pe/_2564_,VGND,li1,49.6800,119.6800,0.000360
g_row\[0\].g_col\[1\].pe/_2563_,VGND,li1,46.2300,119.6800,0.000339
g_row\[0\].g_col\[1\].pe/_2561_,VGND,li1,88.0900,130.5600,0.000373
g_row\[0\].g_col\[1\].pe/_2560_,VGND,li1,84.6400,130.5600,0.000369
g_row\[0\].g_col\[1\].pe/_2559_,VGND,li1,81.6500,130.5600,0.000364
g_row\[0\].g_col\[1\].pe/_2558_,VGND,li1,78.8900,136.0000,0.000252
g_row\[0\].g_col\[1\].pe/_2557_,VGND,li1,75.6700,130.5600,0.000356
g_row\[0\].g_col\[1\].pe/_2555_,VGND,li1,65.7800,141.4400,0.000290
g_row\[0\].g_col\[1\].pe/_2554_,VGND,li1,66.2400,136.0000,0.000228
g_row\[0\].g_col\[1\].pe/_2553_,VGND,li1,71.0700,136.0000,0.000240
g_row\[0\].g_col\[1\].pe/_2552_,VGND,li1,74.2900,136.0000,0.000246
g_row\[0\].g_col\[1\].pe/_2551_,VGND,li1,74.0600,136.0000,0.000246
g_row\[0\].g_col\[1\].pe/_2549_,VGND,li1,84.1800,136.0000,0.000256
g_row\[0\].g_col\[1\].pe/_2548_,VGND,li1,85.1000,146.8800,0.000228
g_row\[0\].g_col\[1\].pe/_2547_,VGND,li1,78.4300,141.4400,0.000324
g_row\[0\].g_col\[1\].pe/_2546_,VGND,li1,80.7300,146.8800,0.000231
g_row\[0\].g_col\[1\].pe/_2545_,VGND,li1,81.6500,146.8800,0.000231
g_row\[0\].g_col\[1\].pe/_2544_,VGND,li1,77.5100,146.8800,0.000233
g_row\[0\].g_col\[1\].pe/_2542_,VGND,li1,66.7000,152.3200,0.000169
g_row\[0\].g_col\[1\].pe/_2541_,VGND,li1,68.0800,146.8800,0.000232
g_row\[0\].g_col\[1\].pe/_2540_,VGND,li1,64.6300,146.8800,0.000231
g_row\[0\].g_col\[1\].pe/_2539_,VGND,li1,66.4700,146.8800,0.000232
g_row\[0\].g_col\[1\].pe/_2538_,VGND,li1,69.9200,146.8800,0.000234
g_row\[0\].g_col\[1\].pe/_2536_,VGND,li1,27.6000,141.4400,0.000140
g_row\[0\].g_col\[1\].pe/_2535_,VGND,li1,35.8800,146.8800,0.000169
g_row\[0\].g_col\[1\].pe/_2534_,VGND,li1,60.7200,146.8800,0.000227
g_row\[0\].g_col\[1\].pe/_2533_,VGND,li1,57.9600,146.8800,0.000225
g_row\[0\].g_col\[1\].pe/_2532_,VGND,li1,58.6500,152.3200,0.000166
g_row\[0\].g_col\[1\].pe/_2531_,VGND,li1,54.0500,146.8800,0.000217
g_row\[0\].g_col\[1\].pe/_2529_,VGND,li1,30.3600,146.8800,0.000149
g_row\[0\].g_col\[1\].pe/_2528_,VGND,li1,41.4000,146.8800,0.000188
g_row\[0\].g_col\[1\].pe/_2527_,VGND,li1,50.8300,146.8800,0.000212
g_row\[0\].g_col\[1\].pe/_2526_,VGND,li1,52.2100,152.3200,0.000161
g_row\[0\].g_col\[1\].pe/_2525_,VGND,li1,48.0700,146.8800,0.000207
g_row\[0\].g_col\[1\].pe/_2522_,VGND,li1,27.1400,136.0000,0.000105
g_row\[0\].g_col\[1\].pe/_2521_,VGND,li1,46.4600,136.0000,0.000166
g_row\[0\].g_col\[1\].pe/_2520_,VGND,li1,54.5100,141.4400,0.000253
g_row\[0\].g_col\[1\].pe/_2519_,VGND,li1,51.7500,141.4400,0.000243
g_row\[0\].g_col\[1\].pe/_2517_,VGND,li1,61.1800,130.5600,0.000311
g_row\[0\].g_col\[1\].pe/_2516_,VGND,li1,54.5100,130.5600,0.000286
g_row\[0\].g_col\[1\].pe/_2514_,VGND,li1,49.4500,136.0000,0.000181
g_row\[0\].g_col\[1\].pe/_2513_,VGND,li1,51.7500,130.5600,0.000277
g_row\[0\].g_col\[1\].pe/_2512_,VGND,li1,59.5700,136.0000,0.000210
g_row\[0\].g_col\[1\].pe/_2510_,VGND,li1,46.2300,125.1200,0.000347
g_row\[0\].g_col\[1\].pe/_2509_,VGND,li1,49.9100,125.1200,0.000365
g_row\[0\].g_col\[1\].pe/_2508_,VGND,li1,39.3300,125.1200,0.000301
g_row\[0\].g_col\[1\].pe/_2507_,VGND,li1,45.7700,114.2400,0.000432
g_row\[0\].g_col\[1\].pe/_2506_,VGND,li1,47.1500,119.6800,0.000339
g_row\[0\].g_col\[1\].pe/_2505_,VGND,li1,71.9900,119.6800,0.000478
g_row\[0\].g_col\[1\].pe/_2504_,VGND,li1,74.2900,125.1200,0.000494
g_row\[0\].g_col\[1\].pe/_2503_,VGND,li1,42.7800,119.6800,0.000306
g_row\[0\].g_col\[1\].pe/_2502_,VGND,li1,77.7400,136.0000,0.000252
g_row\[0\].g_col\[1\].pe/_2501_,VGND,li1,57.5000,141.4400,0.000261
g_row\[0\].g_col\[1\].pe/_2500_,VGND,li1,59.1100,146.8800,0.000227
g_row\[0\].g_col\[1\].pe/_2499_,VGND,li1,58.6500,141.4400,0.000268
g_row\[0\].g_col\[1\].pe/_2498_,VGND,li1,55.4300,136.0000,0.000198
g_row\[0\].g_col\[1\].pe/_2497_,VGND,li1,81.6500,141.4400,0.000330
g_row\[0\].g_col\[1\].pe/_2496_,VGND,li1,78.4300,130.5600,0.000361
g_row\[0\].g_col\[1\].pe/_2495_,VGND,li1,77.9700,130.5600,0.000361
g_row\[0\].g_col\[1\].pe/_2494_,VGND,li1,34.2700,119.6800,0.000261
g_row\[0\].g_col\[1\].pe/_2493_,VGND,li1,57.9600,125.1200,0.000420
g_row\[0\].g_col\[1\].pe/_2492_,VGND,li1,58.8800,119.6800,0.000414
g_row\[0\].g_col\[1\].pe/_2491_,VGND,li1,67.6200,119.6800,0.000455
g_row\[0\].g_col\[1\].pe/_2490_,VGND,li1,60.9500,108.8000,0.000309
g_row\[0\].g_col\[1\].pe/_2489_,VGND,li1,62.5600,108.8000,0.000309
g_row\[0\].g_col\[1\].pe/_2488_,VGND,li1,49.2200,114.2400,0.000463
g_row\[0\].g_col\[1\].pe/_2487_,VGND,li1,51.9800,114.2400,0.000478
g_row\[0\].g_col\[1\].pe/_2486_,VGND,li1,50.3700,130.5600,0.000267
g_row\[0\].g_col\[1\].pe/_2485_,VGND,li1,63.0200,119.6800,0.000436
g_row\[0\].g_col\[1\].pe/_2484_,VGND,li1,69.2300,130.5600,0.000335
g_row\[0\].g_col\[1\].pe/_2483_,VGND,li1,37.0300,125.1200,0.000284
g_row\[0\].g_col\[1\].pe/_2482_,VGND,li1,27.3700,125.1200,0.000208
g_row\[0\].g_col\[1\].pe/_2481_,VGND,li1,30.5900,114.2400,0.000298
g_row\[0\].g_col\[1\].pe/_2480_,VGND,li1,35.6500,114.2400,0.000348
g_row\[0\].g_col\[1\].pe/_2479_,VGND,li1,41.6300,108.8000,0.000241
g_row\[0\].g_col\[1\].pe/_2478_,VGND,li1,37.4900,114.2400,0.000366
g_row\[0\].g_col\[1\].pe/_2477_,VGND,li1,51.2900,108.8000,0.000278
g_row\[0\].g_col\[1\].pe/_2476_,VGND,li1,48.5300,108.8000,0.000264
g_row\[0\].g_col\[1\].pe/_2475_,VGND,li1,61.8700,114.2400,0.000551
g_row\[0\].g_col\[1\].pe/_2474_,VGND,li1,57.7300,108.8000,0.000294
g_row\[0\].g_col\[1\].pe/_2473_,VGND,li1,64.6300,114.2400,0.000568
g_row\[0\].g_col\[1\].pe/_2472_,VGND,li1,63.2500,119.6800,0.000436
g_row\[0\].g_col\[1\].pe/_2471_,VGND,li1,74.9800,119.6800,0.000487
g_row\[0\].g_col\[1\].pe/_2470_,VGND,li1,75.2100,130.5600,0.000352
g_row\[0\].g_col\[1\].pe/_2469_,VGND,li1,80.2700,130.5600,0.000364
g_row\[0\].g_col\[1\].pe/_2468_,VGND,li1,73.8300,141.4400,0.000315
g_row\[0\].g_col\[1\].pe/_2467_,VGND,li1,90.3900,136.0000,0.000259
g_row\[0\].g_col\[1\].pe/_2466_,VGND,li1,74.2900,146.8800,0.000234
g_row\[0\].g_col\[1\].pe/_2465_,VGND,li1,52.4400,146.8800,0.000217
g_row\[0\].g_col\[1\].pe/_2464_,VGND,li1,46.0000,141.4400,0.000213
g_row\[0\].g_col\[1\].pe/_2463_,VGND,li1,52.2100,141.4400,0.000243
g_row\[0\].g_col\[1\].pe/_2462_,VGND,li1,48.5300,141.4400,0.000230
g_row\[0\].g_col\[1\].pe/_2461_,VGND,li1,46.6900,141.4400,0.000223
g_row\[0\].g_col\[1\].pe/_2460_,VGND,li1,128.5700,136.0000,0.000236
g_row\[0\].g_col\[1\].pe/_2459_,VGND,li1,127.1900,136.0000,0.000236
g_row\[0\].g_col\[1\].pe/_2458_,VGND,li1,45.7700,146.8800,0.000201
g_row\[0\].g_col\[1\].pe/_2457_,VGND,li1,42.5500,141.4400,0.000205
g_row\[0\].g_col\[1\].pe/_2456_,VGND,li1,39.3300,141.4400,0.000192
g_row\[0\].g_col\[1\].pe/_2455_,VGND,li1,124.8900,130.5600,0.000379
g_row\[0\].g_col\[1\].pe/_2454_,VGND,li1,48.0700,146.8800,0.000207
g_row\[0\].g_col\[1\].pe/_2453_,VGND,li1,117.0700,136.0000,0.000254
g_row\[0\].g_col\[1\].pe/_2452_,VGND,li1,73.8300,141.4400,0.000315
g_row\[0\].g_col\[1\].pe/_2451_,VGND,li1,111.0900,136.0000,0.000258
g_row\[0\].g_col\[1\].pe/_2450_,VGND,li1,115.6900,136.0000,0.000254
g_row\[0\].g_col\[1\].pe/_2449_,VGND,li1,118.9100,130.5600,0.000384
g_row\[0\].g_col\[1\].pe/_2448_,VGND,li1,108.7900,130.5600,0.000384
g_row\[0\].g_col\[1\].pe/_2447_,VGND,li1,80.2700,136.0000,0.000254
g_row\[0\].g_col\[1\].pe/_2446_,VGND,li1,87.1700,136.0000,0.000258
g_row\[0\].g_col\[1\].pe/_2445_,VGND,li1,100.0500,125.1200,0.000540
g_row\[0\].g_col\[1\].pe/_2444_,VGND,li1,71.9900,130.5600,0.000347
g_row\[0\].g_col\[1\].pe/_2443_,VGND,li1,71.9900,125.1200,0.000487
g_row\[0\].g_col\[1\].pe/_2442_,VGND,li1,71.9900,130.5600,0.000347
g_row\[0\].g_col\[1\].pe/_2441_,VGND,li1,81.6500,125.1200,0.000513
g_row\[0\].g_col\[1\].pe/_2440_,VGND,li1,77.0500,125.1200,0.000502
g_row\[0\].g_col\[1\].pe/_2439_,VGND,li1,78.8900,125.1200,0.000507
g_row\[0\].g_col\[1\].pe/_2438_,VGND,li1,69.6900,125.1200,0.000476
g_row\[0\].g_col\[1\].pe/_2437_,VGND,li1,66.9300,119.6800,0.000455
g_row\[0\].g_col\[1\].pe/_2436_,VGND,li1,87.1700,119.6800,0.000524
g_row\[0\].g_col\[1\].pe/_2435_,VGND,li1,67.8500,114.2400,0.000581
g_row\[0\].g_col\[1\].pe/_2434_,VGND,li1,100.5100,119.6800,0.000543
g_row\[0\].g_col\[1\].pe/_2433_,VGND,li1,53.1300,108.8000,0.000284
g_row\[0\].g_col\[1\].pe/_2432_,VGND,li1,103.7300,114.2400,0.000747
g_row\[0\].g_col\[1\].pe/_2431_,VGND,li1,45.3100,108.8000,0.000256
g_row\[0\].g_col\[1\].pe/_2430_,VGND,li1,116.1500,108.8000,0.000371
g_row\[0\].g_col\[1\].pe/_2429_,VGND,li1,117.9900,119.6800,0.000531
g_row\[0\].g_col\[1\].pe/_2428_,VGND,li1,29.2100,119.6800,0.000223
g_row\[0\].g_col\[1\].pe/_2427_,VGND,li1,26.9100,119.6800,0.000205
g_row\[0\].g_col\[1\].pe/_2426_,VGND,li1,103.2700,119.6800,0.000544
g_row\[0\].g_col\[1\].pe/_2425_,VGND,li1,38.8700,130.5600,0.000225
g_row\[0\].g_col\[1\].pe/_2424_,VGND,li1,34.0400,125.1200,0.000262
g_row\[0\].g_col\[1\].pe/_2423_,VGND,li1,37.0300,119.6800,0.000278
g_row\[0\].g_col\[1\].pe/_2422_,VGND,li1,63.2500,125.1200,0.000450
g_row\[0\].g_col\[1\].pe/_2421_,VGND,li1,103.7300,125.1200,0.000539
g_row\[0\].g_col\[1\].pe/_2420_,VGND,li1,115.6900,125.1200,0.000525
g_row\[0\].g_col\[1\].pe/_2419_,VGND,li1,120.7500,119.6800,0.000524
g_row\[0\].g_col\[1\].pe/_2418_,VGND,li1,105.5700,119.6800,0.000543
g_row\[0\].g_col\[1\].pe/_2417_,VGND,li1,94.9900,114.2400,0.000724
g_row\[0\].g_col\[1\].pe/_2416_,VGND,li1,88.0900,119.6800,0.000524
g_row\[0\].g_col\[1\].pe/_2415_,VGND,li1,82.5700,119.6800,0.000511
g_row\[0\].g_col\[1\].pe/_2414_,VGND,li1,79.3500,119.6800,0.000503
g_row\[0\].g_col\[1\].pe/_2413_,VGND,li1,94.0700,119.6800,0.000536
g_row\[0\].g_col\[1\].pe/_2412_,VGND,li1,115.0000,130.5600,0.000385
g_row\[0\].g_col\[1\].pe/_2411_,VGND,li1,123.7400,136.0000,0.000242
g_row\[0\].g_col\[1\].pe/_2410_,VGND,li1,55.2000,136.0000,0.000198
g_row\[0\].g_col\[1\].pe/_2409_,VGND,li1,53.1300,136.0000,0.000192
g_row\[0\].g_col\[1\].pe/_2408_,VGND,li1,121.2100,136.0000,0.000247
g_row\[0\].g_col\[1\].pe/_2406_,VGND,li1,87.6300,136.0000,0.000258
g_row\[0\].g_col\[1\].pe/_2405_,VGND,li1,97.2900,130.5600,0.000380
g_row\[0\].g_col\[1\].pe/_2404_,VGND,li1,100.2800,130.5600,0.000381
g_row\[0\].g_col\[1\].pe/_2403_,VGND,li1,104.6500,130.5600,0.000383
g_row\[0\].g_col\[1\].pe/_2402_,VGND,li1,170.8900,130.5600,0.000214
g_row\[0\].g_col\[1\].pe/_2401_,VGND,li1,181.4700,125.1200,0.000290
g_row\[0\].g_col\[1\].pe/_2399_,VGND,li1,120.7500,136.0000,0.000247
g_row\[0\].g_col\[1\].pe/_2398_,VGND,li1,184.4600,130.5600,0.000191
g_row\[0\].g_col\[1\].pe/_2397_,VGND,li1,183.3100,136.0000,0.000121
g_row\[0\].g_col\[1\].pe/_2396_,VGND,li1,190.9000,125.1200,0.000324
g_row\[0\].g_col\[1\].pe/_2395_,VGND,li1,193.6600,119.6800,0.000349
g_row\[0\].g_col\[1\].pe/_2394_,VGND,li1,188.8300,119.6800,0.000322
g_row\[0\].g_col\[1\].pe/_2393_,VGND,li1,196.1900,119.6800,0.000360
g_row\[0\].g_col\[1\].pe/_2392_,VGND,li1,195.7300,114.2400,0.000448
g_row\[0\].g_col\[1\].pe/_2391_,VGND,li1,194.8100,108.8000,0.000192
g_row\[0\].g_col\[1\].pe/_2390_,VGND,li1,189.2900,87.0400,0.000099
g_row\[0\].g_col\[1\].pe/_2389_,VGND,li1,184.2300,87.0400,0.000090
g_row\[0\].g_col\[1\].pe/_2388_,VGND,li1,179.6300,92.4800,0.000139
g_row\[0\].g_col\[1\].pe/_2387_,VGND,li1,200.3300,103.3600,0.000194
g_row\[0\].g_col\[1\].pe/_2386_,VGND,li1,199.4100,108.8000,0.000199
g_row\[0\].g_col\[1\].pe/_2385_,VGND,li1,191.5900,108.8000,0.000186
g_row\[0\].g_col\[1\].pe/_2384_,VGND,li1,191.1300,114.2400,0.000423
g_row\[0\].g_col\[1\].pe/_2383_,VGND,li1,195.2700,130.5600,0.000201
g_row\[0\].g_col\[1\].pe/_2381_,VGND,li1,175.0300,119.6800,0.000297
g_row\[0\].g_col\[1\].pe/_2380_,VGND,li1,177.3300,119.6800,0.000286
g_row\[0\].g_col\[1\].pe/_2379_,VGND,li1,190.6700,114.2400,0.000423
g_row\[0\].g_col\[1\].pe/_2378_,VGND,li1,177.7900,114.2400,0.000378
g_row\[0\].g_col\[1\].pe/_2377_,VGND,li1,180.0900,114.2400,0.000360
g_row\[0\].g_col\[1\].pe/_2376_,VGND,li1,181.2400,119.6800,0.000288
g_row\[0\].g_col\[1\].pe/_2375_,VGND,li1,191.5900,119.6800,0.000339
g_row\[0\].g_col\[1\].pe/_2374_,VGND,li1,195.7300,114.2400,0.000448
g_row\[0\].g_col\[1\].pe/_2373_,VGND,li1,188.1400,108.8000,0.000181
g_row\[0\].g_col\[1\].pe/_2372_,VGND,li1,195.7300,108.8000,0.000192
g_row\[0\].g_col\[1\].pe/_2371_,VGND,li1,194.8100,97.9200,0.000147
g_row\[0\].g_col\[1\].pe/_2370_,VGND,li1,202.4000,108.8000,0.000202
g_row\[0\].g_col\[1\].pe/_2369_,VGND,li1,195.2700,103.3600,0.000188
g_row\[0\].g_col\[1\].pe/_2368_,VGND,li1,190.6700,103.3600,0.000182
g_row\[0\].g_col\[1\].pe/_2367_,VGND,li1,190.4400,87.0400,0.000099
g_row\[0\].g_col\[1\].pe/_2366_,VGND,li1,188.8300,81.6000,0.000155
g_row\[0\].g_col\[1\].pe/_2365_,VGND,li1,193.6600,87.0400,0.000106
g_row\[0\].g_col\[1\].pe/_2364_,VGND,li1,183.3100,87.0400,0.000087
g_row\[0\].g_col\[1\].pe/_2363_,VGND,li1,175.2600,87.0400,0.000081
g_row\[0\].g_col\[1\].pe/_2361_,VGND,li1,110.1700,119.6800,0.000540
g_row\[0\].g_col\[1\].pe/_2360_,VGND,li1,113.1600,119.6800,0.000537
g_row\[0\].g_col\[1\].pe/_2359_,VGND,li1,180.0900,119.6800,0.000275
g_row\[0\].g_col\[1\].pe/_2358_,VGND,li1,175.0300,114.2400,0.000396
g_row\[0\].g_col\[1\].pe/_2357_,VGND,li1,130.4100,108.8000,0.000346
g_row\[0\].g_col\[1\].pe/_2356_,VGND,li1,184.2300,119.6800,0.000301
g_row\[0\].g_col\[1\].pe/_2355_,VGND,li1,182.3900,114.2400,0.000372
g_row\[0\].g_col\[1\].pe/_2354_,VGND,li1,184.9200,114.2400,0.000390
g_row\[0\].g_col\[1\].pe/_2353_,VGND,li1,187.4500,114.2400,0.000399
g_row\[0\].g_col\[1\].pe/_2352_,VGND,li1,187.6800,114.2400,0.000399
g_row\[0\].g_col\[1\].pe/_2351_,VGND,li1,184.2300,114.2400,0.000390
g_row\[0\].g_col\[1\].pe/_2350_,VGND,li1,186.0700,108.8000,0.000175
g_row\[0\].g_col\[1\].pe/_2349_,VGND,li1,187.4500,103.3600,0.000176
g_row\[0\].g_col\[1\].pe/_2348_,VGND,li1,178.7100,97.9200,0.000120
g_row\[0\].g_col\[1\].pe/_2347_,VGND,li1,195.2700,103.3600,0.000188
g_row\[0\].g_col\[1\].pe/_2346_,VGND,li1,194.8100,97.9200,0.000147
g_row\[0\].g_col\[1\].pe/_2345_,VGND,li1,191.5900,97.9200,0.000142
g_row\[0\].g_col\[1\].pe/_2344_,VGND,li1,192.5100,97.9200,0.000142
g_row\[0\].g_col\[1\].pe/_2343_,VGND,li1,192.0500,92.4800,0.000162
g_row\[0\].g_col\[1\].pe/_2342_,VGND,li1,184.0000,81.6000,0.000137
g_row\[0\].g_col\[1\].pe/_2341_,VGND,li1,184.2300,76.1600,0.000093
g_row\[0\].g_col\[1\].pe/_2340_,VGND,li1,175.2600,92.4800,0.000145
g_row\[0\].g_col\[1\].pe/_2339_,VGND,li1,178.7100,103.3600,0.000165
g_row\[0\].g_col\[1\].pe/_2338_,VGND,li1,179.1700,108.8000,0.000162
g_row\[0\].g_col\[1\].pe/_2337_,VGND,li1,182.1600,108.8000,0.000170
g_row\[0\].g_col\[1\].pe/_2336_,VGND,li1,110.1700,130.5600,0.000385
g_row\[0\].g_col\[1\].pe/_2335_,VGND,li1,110.1700,114.2400,0.000755
g_row\[0\].g_col\[1\].pe/_2334_,VGND,li1,111.3200,108.8000,0.000372
g_row\[0\].g_col\[1\].pe/_2333_,VGND,li1,129.2600,114.2400,0.000714
g_row\[0\].g_col\[1\].pe/_2332_,VGND,li1,128.3400,108.8000,0.000353
g_row\[0\].g_col\[1\].pe/_2331_,VGND,li1,122.8200,108.8000,0.000363
g_row\[0\].g_col\[1\].pe/_2330_,VGND,li1,113.6200,108.8000,0.000372
g_row\[0\].g_col\[1\].pe/_2329_,VGND,li1,130.8700,114.2400,0.000714
g_row\[0\].g_col\[1\].pe/_2328_,VGND,li1,158.9300,114.2400,0.000555
g_row\[0\].g_col\[1\].pe/_2327_,VGND,li1,164.2200,108.8000,0.000228
g_row\[0\].g_col\[1\].pe/_2326_,VGND,li1,163.9900,108.8000,0.000228
g_row\[0\].g_col\[1\].pe/_2325_,VGND,li1,173.1900,114.2400,0.000413
g_row\[0\].g_col\[1\].pe/_2324_,VGND,li1,168.1300,97.9200,0.000154
g_row\[0\].g_col\[1\].pe/_2323_,VGND,li1,174.5700,108.8000,0.000186
g_row\[0\].g_col\[1\].pe/_2322_,VGND,li1,179.6300,108.8000,0.000162
g_row\[0\].g_col\[1\].pe/_2321_,VGND,li1,181.7000,103.3600,0.000170
g_row\[0\].g_col\[1\].pe/_2320_,VGND,li1,183.7700,103.3600,0.000173
g_row\[0\].g_col\[1\].pe/_2319_,VGND,li1,182.8500,97.9200,0.000128
g_row\[0\].g_col\[1\].pe/_2318_,VGND,li1,182.3900,97.9200,0.000128
g_row\[0\].g_col\[1\].pe/_2317_,VGND,li1,181.9300,92.4800,0.000144
g_row\[0\].g_col\[1\].pe/_2316_,VGND,li1,178.7100,92.4800,0.000136
g_row\[0\].g_col\[1\].pe/_2315_,VGND,li1,181.2400,92.4800,0.000139
g_row\[0\].g_col\[1\].pe/_2314_,VGND,li1,179.1700,87.0400,0.000081
g_row\[0\].g_col\[1\].pe/_2313_,VGND,li1,175.2600,81.6000,0.000116
g_row\[0\].g_col\[1\].pe/_2312_,VGND,li1,171.1200,87.0400,0.000087
g_row\[0\].g_col\[1\].pe/_2311_,VGND,li1,178.2500,97.9200,0.000120
g_row\[0\].g_col\[1\].pe/_2310_,VGND,li1,171.3500,103.3600,0.000206
g_row\[0\].g_col\[1\].pe/_2309_,VGND,li1,167.2100,108.8000,0.000214
g_row\[0\].g_col\[1\].pe/_2308_,VGND,li1,124.4300,114.2400,0.000740
g_row\[0\].g_col\[1\].pe/_2307_,VGND,li1,100.0500,114.2400,0.000737
g_row\[0\].g_col\[1\].pe/_2306_,VGND,li1,104.8800,108.8000,0.000371
g_row\[0\].g_col\[1\].pe/_2305_,VGND,li1,123.5100,114.2400,0.000740
g_row\[0\].g_col\[1\].pe/_2304_,VGND,li1,127.4200,108.8000,0.000353
g_row\[0\].g_col\[1\].pe/_2303_,VGND,li1,91.3100,103.3600,0.000484
g_row\[0\].g_col\[1\].pe/_2302_,VGND,li1,84.8700,103.3600,0.000491
g_row\[0\].g_col\[1\].pe/_2301_,VGND,li1,133.8600,103.3600,0.000376
g_row\[0\].g_col\[1\].pe/_2300_,VGND,li1,123.5100,108.8000,0.000363
g_row\[0\].g_col\[1\].pe/_2299_,VGND,li1,94.9900,108.8000,0.000365
g_row\[0\].g_col\[1\].pe/_2298_,VGND,li1,93.1500,108.8000,0.000363
g_row\[0\].g_col\[1\].pe/_2297_,VGND,li1,117.9900,108.8000,0.000369
g_row\[0\].g_col\[1\].pe/_2296_,VGND,li1,118.9100,103.3600,0.000424
g_row\[0\].g_col\[1\].pe/_2295_,VGND,li1,116.1500,103.3600,0.000429
g_row\[0\].g_col\[1\].pe/_2294_,VGND,li1,120.7500,103.3600,0.000415
g_row\[0\].g_col\[1\].pe/_2293_,VGND,li1,115.9200,103.3600,0.000434
g_row\[0\].g_col\[1\].pe/_2292_,VGND,li1,155.7100,103.3600,0.000290
g_row\[0\].g_col\[1\].pe/_2291_,VGND,li1,161.9200,103.3600,0.000263
g_row\[0\].g_col\[1\].pe/_2290_,VGND,li1,158.0100,103.3600,0.000278
g_row\[0\].g_col\[1\].pe/_2289_,VGND,li1,163.9900,97.9200,0.000167
g_row\[0\].g_col\[1\].pe/_2288_,VGND,li1,155.2500,87.0400,0.000110
g_row\[0\].g_col\[1\].pe/_2287_,VGND,li1,162.1500,103.3600,0.000254
g_row\[0\].g_col\[1\].pe/_2286_,VGND,li1,172.7300,103.3600,0.000206
g_row\[0\].g_col\[1\].pe/_2285_,VGND,li1,169.9700,97.9200,0.000148
g_row\[0\].g_col\[1\].pe/_2284_,VGND,li1,168.5900,103.3600,0.000223
g_row\[0\].g_col\[1\].pe/_2283_,VGND,li1,162.8400,92.4800,0.000179
g_row\[0\].g_col\[1\].pe/_2282_,VGND,li1,165.8300,103.3600,0.000235
g_row\[0\].g_col\[1\].pe/_2281_,VGND,li1,172.7300,97.9200,0.000139
g_row\[0\].g_col\[1\].pe/_2280_,VGND,li1,173.1900,87.0400,0.000084
g_row\[0\].g_col\[1\].pe/_2279_,VGND,li1,168.3600,87.0400,0.000091
g_row\[0\].g_col\[1\].pe/_2278_,VGND,li1,171.1200,92.4800,0.000161
g_row\[0\].g_col\[1\].pe/_2277_,VGND,li1,167.9000,87.0400,0.000091
g_row\[0\].g_col\[1\].pe/_2276_,VGND,li1,168.1300,103.3600,0.000223
g_row\[0\].g_col\[1\].pe/_2275_,VGND,li1,170.6600,76.1600,0.000095
g_row\[0\].g_col\[1\].pe/_2274_,VGND,li1,166.9800,70.7200,0.000141
g_row\[0\].g_col\[1\].pe/_2273_,VGND,li1,158.9300,103.3600,0.000278
g_row\[0\].g_col\[1\].pe/_2272_,VGND,li1,112.4700,103.3600,0.000439
g_row\[0\].g_col\[1\].pe/_2271_,VGND,li1,109.7100,97.9200,0.000267
g_row\[0\].g_col\[1\].pe/_2270_,VGND,li1,120.2900,108.8000,0.000366
g_row\[0\].g_col\[1\].pe/_2269_,VGND,li1,107.4100,108.8000,0.000371
g_row\[0\].g_col\[1\].pe/_2268_,VGND,li1,91.3100,119.6800,0.000532
g_row\[0\].g_col\[1\].pe/_2267_,VGND,li1,91.3100,114.2400,0.000712
g_row\[0\].g_col\[1\].pe/_2266_,VGND,li1,94.9900,114.2400,0.000724
g_row\[0\].g_col\[1\].pe/_2265_,VGND,li1,89.9300,108.8000,0.000360
g_row\[0\].g_col\[1\].pe/_2264_,VGND,li1,89.7000,108.8000,0.000360
g_row\[0\].g_col\[1\].pe/_2263_,VGND,li1,88.0900,103.3600,0.000489
g_row\[0\].g_col\[1\].pe/_2262_,VGND,li1,91.3100,103.3600,0.000484
g_row\[0\].g_col\[1\].pe/_2261_,VGND,li1,86.2500,97.9200,0.000261
g_row\[0\].g_col\[1\].pe/_2260_,VGND,li1,87.1700,103.3600,0.000489
g_row\[0\].g_col\[1\].pe/_2259_,VGND,li1,78.4300,103.3600,0.000493
g_row\[0\].g_col\[1\].pe/_2258_,VGND,li1,80.9600,97.9200,0.000255
g_row\[0\].g_col\[1\].pe/_2257_,VGND,li1,113.8500,97.9200,0.000265
g_row\[0\].g_col\[1\].pe/_2256_,VGND,li1,100.9700,87.0400,0.000147
g_row\[0\].g_col\[1\].pe/_2255_,VGND,li1,112.0100,97.9200,0.000266
g_row\[0\].g_col\[1\].pe/_2254_,VGND,li1,89.0100,97.9200,0.000263
g_row\[0\].g_col\[1\].pe/_2253_,VGND,li1,86.2500,97.9200,0.000261
g_row\[0\].g_col\[1\].pe/_2252_,VGND,li1,159.3900,97.9200,0.000181
g_row\[0\].g_col\[1\].pe/_2251_,VGND,li1,161.9200,87.0400,0.000102
g_row\[0\].g_col\[1\].pe/_2250_,VGND,li1,159.3900,81.6000,0.000129
g_row\[0\].g_col\[1\].pe/_2249_,VGND,li1,161.6900,81.6000,0.000127
g_row\[0\].g_col\[1\].pe/_2248_,VGND,li1,157.0900,81.6000,0.000130
g_row\[0\].g_col\[1\].pe/_2247_,VGND,li1,152.2600,81.6000,0.000133
g_row\[0\].g_col\[1\].pe/_2246_,VGND,li1,157.0900,97.9200,0.000192
g_row\[0\].g_col\[1\].pe/_2245_,VGND,li1,158.4700,92.4800,0.000185
g_row\[0\].g_col\[1\].pe/_2244_,VGND,li1,163.5300,87.0400,0.000097
g_row\[0\].g_col\[1\].pe/_2243_,VGND,li1,157.5500,87.0400,0.000105
g_row\[0\].g_col\[1\].pe/_2242_,VGND,li1,158.2400,87.0400,0.000105
g_row\[0\].g_col\[1\].pe/_2241_,VGND,li1,158.2400,92.4800,0.000185
g_row\[0\].g_col\[1\].pe/_2240_,VGND,li1,91.0800,70.7200,0.000159
g_row\[0\].g_col\[1\].pe/_2239_,VGND,li1,151.5700,97.9200,0.000202
g_row\[0\].g_col\[1\].pe/_2238_,VGND,li1,48.3000,103.3600,0.000379
g_row\[0\].g_col\[1\].pe/_2237_,VGND,li1,84.4100,119.6800,0.000517
g_row\[0\].g_col\[1\].pe/_2236_,VGND,li1,85.3300,114.2400,0.000688
g_row\[0\].g_col\[1\].pe/_2235_,VGND,li1,77.0500,119.6800,0.000496
g_row\[0\].g_col\[1\].pe/_2234_,VGND,li1,84.8700,108.8000,0.000353
g_row\[0\].g_col\[1\].pe/_2233_,VGND,li1,81.4200,108.8000,0.000348
g_row\[0\].g_col\[1\].pe/_2232_,VGND,li1,66.0100,103.3600,0.000464
g_row\[0\].g_col\[1\].pe/_2231_,VGND,li1,57.2700,103.3600,0.000422
g_row\[0\].g_col\[1\].pe/_2230_,VGND,li1,52.6700,103.3600,0.000406
g_row\[0\].g_col\[1\].pe/_2229_,VGND,li1,48.7600,103.3600,0.000379
g_row\[0\].g_col\[1\].pe/_2228_,VGND,li1,46.4600,97.9200,0.000183
g_row\[0\].g_col\[1\].pe/_2227_,VGND,li1,45.7700,103.3600,0.000354
g_row\[0\].g_col\[1\].pe/_2226_,VGND,li1,76.5900,97.9200,0.000250
g_row\[0\].g_col\[1\].pe/_2225_,VGND,li1,73.8300,92.4800,0.000169
g_row\[0\].g_col\[1\].pe/_2224_,VGND,li1,76.1300,97.9200,0.000250
g_row\[0\].g_col\[1\].pe/_2223_,VGND,li1,67.8500,97.9200,0.000235
g_row\[0\].g_col\[1\].pe/_2222_,VGND,li1,63.2500,97.9200,0.000223
g_row\[0\].g_col\[1\].pe/_2221_,VGND,li1,90.3900,97.9200,0.000263
g_row\[0\].g_col\[1\].pe/_2220_,VGND,li1,102.3500,97.9200,0.000267
g_row\[0\].g_col\[1\].pe/_2219_,VGND,li1,101.8900,92.4800,0.000195
g_row\[0\].g_col\[1\].pe/_2218_,VGND,li1,150.6500,92.4800,0.000194
g_row\[0\].g_col\[1\].pe/_2217_,VGND,li1,148.3500,92.4800,0.000196
g_row\[0\].g_col\[1\].pe/_2216_,VGND,li1,153.1800,92.4800,0.000191
g_row\[0\].g_col\[1\].pe/_2215_,VGND,li1,148.5800,97.9200,0.000210
g_row\[0\].g_col\[1\].pe/_2214_,VGND,li1,80.2700,76.1600,0.000137
g_row\[0\].g_col\[1\].pe/_2213_,VGND,li1,97.7500,92.4800,0.000192
g_row\[0\].g_col\[1\].pe/_2212_,VGND,li1,88.5500,92.4800,0.000184
g_row\[0\].g_col\[1\].pe/_2211_,VGND,li1,92.2300,92.4800,0.000188
g_row\[0\].g_col\[1\].pe/_2210_,VGND,li1,90.3900,70.7200,0.000159
g_row\[0\].g_col\[1\].pe/_2209_,VGND,li1,89.9300,76.1600,0.000146
g_row\[0\].g_col\[1\].pe/_2208_,VGND,li1,87.8600,76.1600,0.000144
g_row\[0\].g_col\[1\].pe/_2207_,VGND,li1,90.8500,65.2800,0.000179
g_row\[0\].g_col\[1\].pe/_2206_,VGND,li1,89.2400,65.2800,0.000174
g_row\[0\].g_col\[1\].pe/_2205_,VGND,li1,87.8600,65.2800,0.000174
g_row\[0\].g_col\[1\].pe/_2204_,VGND,li1,85.3300,59.8400,0.000172
g_row\[0\].g_col\[1\].pe/_2203_,VGND,li1,26.4500,97.9200,0.000117
g_row\[0\].g_col\[1\].pe/_2202_,VGND,li1,39.7900,103.3600,0.000323
g_row\[0\].g_col\[1\].pe/_2201_,VGND,li1,81.6500,103.3600,0.000492
g_row\[0\].g_col\[1\].pe/_2200_,VGND,li1,74.2900,103.3600,0.000493
g_row\[0\].g_col\[1\].pe/_2199_,VGND,li1,68.7700,114.2400,0.000594
g_row\[0\].g_col\[1\].pe/_2198_,VGND,li1,72.2200,108.8000,0.000331
g_row\[0\].g_col\[1\].pe/_2197_,VGND,li1,75.6700,108.8000,0.000336
g_row\[0\].g_col\[1\].pe/_2196_,VGND,li1,68.7700,108.8000,0.000322
g_row\[0\].g_col\[1\].pe/_2195_,VGND,li1,61.4100,103.3600,0.000445
g_row\[0\].g_col\[1\].pe/_2194_,VGND,li1,40.7100,103.3600,0.000323
g_row\[0\].g_col\[1\].pe/_2193_,VGND,li1,38.8700,97.9200,0.000154
g_row\[0\].g_col\[1\].pe/_2192_,VGND,li1,35.1900,97.9200,0.000145
g_row\[0\].g_col\[1\].pe/_2191_,VGND,li1,34.2700,103.3600,0.000283
g_row\[0\].g_col\[1\].pe/_2190_,VGND,li1,35.1900,103.3600,0.000283
g_row\[0\].g_col\[1\].pe/_2189_,VGND,li1,29.6700,103.3600,0.000248
g_row\[0\].g_col\[1\].pe/_2188_,VGND,li1,10.8100,97.9200,0.000113
g_row\[0\].g_col\[1\].pe/_2187_,VGND,li1,12.1900,92.4800,0.000072
g_row\[0\].g_col\[1\].pe/_2186_,VGND,li1,27.8300,97.9200,0.000117
g_row\[0\].g_col\[1\].pe/_2185_,VGND,li1,20.0100,97.9200,0.000112
g_row\[0\].g_col\[1\].pe/_2184_,VGND,li1,17.0200,92.4800,0.000072
g_row\[0\].g_col\[1\].pe/_2183_,VGND,li1,67.3900,97.9200,0.000235
g_row\[0\].g_col\[1\].pe/_2182_,VGND,li1,78.8900,92.4800,0.000175
g_row\[0\].g_col\[1\].pe/_2181_,VGND,li1,77.9700,87.0400,0.000137
g_row\[0\].g_col\[1\].pe/_2180_,VGND,li1,100.9700,92.4800,0.000195
g_row\[0\].g_col\[1\].pe/_2179_,VGND,li1,134.0900,87.0400,0.000132
g_row\[0\].g_col\[1\].pe/_2178_,VGND,li1,132.4800,87.0400,0.000132
g_row\[0\].g_col\[1\].pe/_2177_,VGND,li1,96.1400,92.4800,0.000191
g_row\[0\].g_col\[1\].pe/_2176_,VGND,li1,60.9500,81.6000,0.000101
g_row\[0\].g_col\[1\].pe/_2175_,VGND,li1,60.0300,76.1600,0.000111
g_row\[0\].g_col\[1\].pe/_2174_,VGND,li1,80.2700,97.9200,0.000255
g_row\[0\].g_col\[1\].pe/_2173_,VGND,li1,66.0100,92.4800,0.000160
g_row\[0\].g_col\[1\].pe/_2172_,VGND,li1,83.0300,76.1600,0.000139
g_row\[0\].g_col\[1\].pe/_2171_,VGND,li1,77.0500,76.1600,0.000133
g_row\[0\].g_col\[1\].pe/_2170_,VGND,li1,74.9800,76.1600,0.000130
g_row\[0\].g_col\[1\].pe/_2169_,VGND,li1,80.7300,81.6000,0.000118
g_row\[0\].g_col\[1\].pe/_2168_,VGND,li1,77.9700,65.2800,0.000159
g_row\[0\].g_col\[1\].pe/_2167_,VGND,li1,80.9600,65.2800,0.000164
g_row\[0\].g_col\[1\].pe/_2166_,VGND,li1,75.2100,65.2800,0.000155
g_row\[0\].g_col\[1\].pe/_2165_,VGND,li1,78.6600,65.2800,0.000159
g_row\[0\].g_col\[1\].pe/_2164_,VGND,li1,64.1700,65.2800,0.000137
g_row\[0\].g_col\[1\].pe/_2163_,VGND,li1,81.6500,65.2800,0.000164
g_row\[0\].g_col\[1\].pe/_2162_,VGND,li1,54.9700,97.9200,0.000206
g_row\[0\].g_col\[1\].pe/_2161_,VGND,li1,60.4900,103.3600,0.000445
g_row\[0\].g_col\[1\].pe/_2160_,VGND,li1,69.2300,119.6800,0.000465
g_row\[0\].g_col\[1\].pe/_2159_,VGND,li1,71.0700,114.2400,0.000608
g_row\[0\].g_col\[1\].pe/_2158_,VGND,li1,74.5200,108.8000,0.000336
g_row\[0\].g_col\[1\].pe/_2157_,VGND,li1,71.5300,108.8000,0.000331
g_row\[0\].g_col\[1\].pe/_2156_,VGND,li1,71.9900,97.9200,0.000243
g_row\[0\].g_col\[1\].pe/_2155_,VGND,li1,77.2800,103.3600,0.000493
g_row\[0\].g_col\[1\].pe/_2154_,VGND,li1,106.2600,103.3600,0.000454
g_row\[0\].g_col\[1\].pe/_2153_,VGND,li1,104.4200,97.9200,0.000267
g_row\[0\].g_col\[1\].pe/_2152_,VGND,li1,132.7100,103.3600,0.000376
g_row\[0\].g_col\[1\].pe/_2151_,VGND,li1,128.5700,103.3600,0.000392
g_row\[0\].g_col\[1\].pe/_2150_,VGND,li1,104.8800,108.8000,0.000371
g_row\[0\].g_col\[1\].pe/_2149_,VGND,li1,64.6300,103.3600,0.000464
g_row\[0\].g_col\[1\].pe/_2148_,VGND,li1,54.0500,103.3600,0.000406
g_row\[0\].g_col\[1\].pe/_2147_,VGND,li1,41.1700,97.9200,0.000167
g_row\[0\].g_col\[1\].pe/_2146_,VGND,li1,31.0500,97.9200,0.000134
g_row\[0\].g_col\[1\].pe/_2145_,VGND,li1,31.0500,92.4800,0.000087
g_row\[0\].g_col\[1\].pe/_2144_,VGND,li1,21.8500,97.9200,0.000110
g_row\[0\].g_col\[1\].pe/_2143_,VGND,li1,15.4100,97.9200,0.000113
g_row\[0\].g_col\[1\].pe/_2142_,VGND,li1,11.7300,97.9200,0.000113
g_row\[0\].g_col\[1\].pe/_2141_,VGND,li1,78.8900,92.4800,0.000175
g_row\[0\].g_col\[1\].pe/_2140_,VGND,li1,144.2100,87.0400,0.000122
g_row\[0\].g_col\[1\].pe/_2139_,VGND,li1,145.3600,81.6000,0.000136
g_row\[0\].g_col\[1\].pe/_2138_,VGND,li1,91.5400,92.4800,0.000188
g_row\[0\].g_col\[1\].pe/_2137_,VGND,li1,11.7300,87.0400,0.000065
g_row\[0\].g_col\[1\].pe/_2136_,VGND,li1,34.5000,97.9200,0.000145
g_row\[0\].g_col\[1\].pe/_2135_,VGND,li1,20.0100,92.4800,0.000071
g_row\[0\].g_col\[1\].pe/_2134_,VGND,li1,16.3300,92.4800,0.000072
g_row\[0\].g_col\[1\].pe/_2133_,VGND,li1,16.5600,97.9200,0.000113
g_row\[0\].g_col\[1\].pe/_2132_,VGND,li1,62.7900,81.6000,0.000103
g_row\[0\].g_col\[1\].pe/_2131_,VGND,li1,71.9900,81.6000,0.000112
g_row\[0\].g_col\[1\].pe/_2130_,VGND,li1,68.0800,76.1600,0.000122
g_row\[0\].g_col\[1\].pe/_2129_,VGND,li1,62.7900,76.1600,0.000114
g_row\[0\].g_col\[1\].pe/_2128_,VGND,li1,58.4200,81.6000,0.000099
g_row\[0\].g_col\[1\].pe/_2127_,VGND,li1,64.1700,81.6000,0.000103
g_row\[0\].g_col\[1\].pe/_2126_,VGND,li1,60.4900,65.2800,0.000131
g_row\[0\].g_col\[1\].pe/_2125_,VGND,li1,61.1800,59.8400,0.000134
g_row\[0\].g_col\[1\].pe/_2124_,VGND,li1,61.4100,70.7200,0.000123
g_row\[0\].g_col\[1\].pe/_2123_,VGND,li1,61.6400,76.1600,0.000114
g_row\[0\].g_col\[1\].pe/_2122_,VGND,li1,64.1700,70.7200,0.000128
g_row\[0\].g_col\[1\].pe/_2121_,VGND,li1,59.5700,59.8400,0.000131
g_row\[0\].g_col\[1\].pe/_2120_,VGND,li1,36.5700,92.4800,0.000099
g_row\[0\].g_col\[1\].pe/_2119_,VGND,li1,36.1100,92.4800,0.000099
g_row\[0\].g_col\[1\].pe/_2118_,VGND,li1,49.4500,97.9200,0.000190
g_row\[0\].g_col\[1\].pe/_2117_,VGND,li1,60.9500,97.9200,0.000217
g_row\[0\].g_col\[1\].pe/_2116_,VGND,li1,69.6900,119.6800,0.000465
g_row\[0\].g_col\[1\].pe/_2115_,VGND,li1,91.7700,125.1200,0.000534
g_row\[0\].g_col\[1\].pe/_2114_,VGND,li1,98.4400,119.6800,0.000541
g_row\[0\].g_col\[1\].pe/_2113_,VGND,li1,101.4300,108.8000,0.000369
g_row\[0\].g_col\[1\].pe/_2112_,VGND,li1,101.4300,108.8000,0.000369
g_row\[0\].g_col\[1\].pe/_2111_,VGND,li1,102.3500,103.3600,0.000462
g_row\[0\].g_col\[1\].pe/_2110_,VGND,li1,94.5300,97.9200,0.000265
g_row\[0\].g_col\[1\].pe/_2109_,VGND,li1,99.1300,103.3600,0.000469
g_row\[0\].g_col\[1\].pe/_2108_,VGND,li1,61.8700,97.9200,0.000223
g_row\[0\].g_col\[1\].pe/_2107_,VGND,li1,54.0500,97.9200,0.000200
g_row\[0\].g_col\[1\].pe/_2106_,VGND,li1,52.6700,92.4800,0.000136
g_row\[0\].g_col\[1\].pe/_2105_,VGND,li1,46.2300,97.9200,0.000183
g_row\[0\].g_col\[1\].pe/_2104_,VGND,li1,48.0700,92.4800,0.000127
g_row\[0\].g_col\[1\].pe/_2103_,VGND,li1,46.2300,92.4800,0.000122
g_row\[0\].g_col\[1\].pe/_2102_,VGND,li1,26.9100,92.4800,0.000077
g_row\[0\].g_col\[1\].pe/_2101_,VGND,li1,29.2100,92.4800,0.000083
g_row\[0\].g_col\[1\].pe/_2100_,VGND,li1,24.1500,87.0400,0.000062
g_row\[0\].g_col\[1\].pe/_2099_,VGND,li1,25.0700,92.4800,0.000069
g_row\[0\].g_col\[1\].pe/_2098_,VGND,li1,25.0700,81.6000,0.000050
g_row\[0\].g_col\[1\].pe/_2097_,VGND,li1,15.8700,87.0400,0.000064
g_row\[0\].g_col\[1\].pe/_2096_,VGND,li1,15.4100,87.0400,0.000064
g_row\[0\].g_col\[1\].pe/_2095_,VGND,li1,18.1700,87.0400,0.000064
g_row\[0\].g_col\[1\].pe/_2094_,VGND,li1,13.3400,81.6000,0.000053
g_row\[0\].g_col\[1\].pe/_2093_,VGND,li1,13.5700,81.6000,0.000053
g_row\[0\].g_col\[1\].pe/_2092_,VGND,li1,13.1100,92.4800,0.000072
g_row\[0\].g_col\[1\].pe/_2091_,VGND,li1,11.7300,87.0400,0.000065
g_row\[0\].g_col\[1\].pe/_2090_,VGND,li1,73.3700,81.6000,0.000112
g_row\[0\].g_col\[1\].pe/_2089_,VGND,li1,72.2200,76.1600,0.000127
g_row\[0\].g_col\[1\].pe/_2088_,VGND,li1,29.9000,70.7200,0.000068
g_row\[0\].g_col\[1\].pe/_2087_,VGND,li1,35.4200,70.7200,0.000081
g_row\[0\].g_col\[1\].pe/_2086_,VGND,li1,33.3500,70.7200,0.000077
g_row\[0\].g_col\[1\].pe/_2085_,VGND,li1,36.8000,70.7200,0.000081
g_row\[0\].g_col\[1\].pe/_2084_,VGND,li1,64.1700,65.2800,0.000137
g_row\[0\].g_col\[1\].pe/_2083_,VGND,li1,39.7900,70.7200,0.000090
g_row\[0\].g_col\[1\].pe/_2082_,VGND,li1,33.5800,59.8400,0.000080
g_row\[0\].g_col\[1\].pe/_2081_,VGND,li1,34.7300,65.2800,0.000080
g_row\[0\].g_col\[1\].pe/_2080_,VGND,li1,42.5500,59.8400,0.000096
g_row\[0\].g_col\[1\].pe/_2079_,VGND,li1,36.5700,59.8400,0.000085
g_row\[0\].g_col\[1\].pe/_2078_,VGND,li1,41.1700,92.4800,0.000110
g_row\[0\].g_col\[1\].pe/_2077_,VGND,li1,40.7100,92.4800,0.000110
g_row\[0\].g_col\[1\].pe/_2076_,VGND,li1,39.3300,87.0400,0.000094
g_row\[0\].g_col\[1\].pe/_2075_,VGND,li1,112.9300,92.4800,0.000202
g_row\[0\].g_col\[1\].pe/_2074_,VGND,li1,111.7800,92.4800,0.000202
g_row\[0\].g_col\[1\].pe/_2073_,VGND,li1,91.0800,87.0400,0.000144
g_row\[0\].g_col\[1\].pe/_2072_,VGND,li1,40.2500,87.0400,0.000094
g_row\[0\].g_col\[1\].pe/_2071_,VGND,li1,62.5600,87.0400,0.000127
g_row\[0\].g_col\[1\].pe/_2070_,VGND,li1,69.2300,92.4800,0.000164
g_row\[0\].g_col\[1\].pe/_2069_,VGND,li1,59.8000,92.4800,0.000147
g_row\[0\].g_col\[1\].pe/_2068_,VGND,li1,55.8900,92.4800,0.000142
g_row\[0\].g_col\[1\].pe/_2067_,VGND,li1,97.7500,97.9200,0.000267
g_row\[0\].g_col\[1\].pe/_2066_,VGND,li1,100.0500,103.3600,0.000469
g_row\[0\].g_col\[1\].pe/_2065_,VGND,li1,106.0300,125.1200,0.000536
g_row\[0\].g_col\[1\].pe/_2064_,VGND,li1,106.0300,125.1200,0.000536
g_row\[0\].g_col\[1\].pe/_2063_,VGND,li1,110.1700,125.1200,0.000534
g_row\[0\].g_col\[1\].pe/_2062_,VGND,li1,111.3200,103.3600,0.000443
g_row\[0\].g_col\[1\].pe/_2061_,VGND,li1,110.6300,108.8000,0.000372
g_row\[0\].g_col\[1\].pe/_2060_,VGND,li1,104.1900,103.3600,0.000458
g_row\[0\].g_col\[1\].pe/_2059_,VGND,li1,100.0500,97.9200,0.000267
g_row\[0\].g_col\[1\].pe/_2058_,VGND,li1,63.7100,92.4800,0.000154
g_row\[0\].g_col\[1\].pe/_2057_,VGND,li1,57.2700,87.0400,0.000122
g_row\[0\].g_col\[1\].pe/_2056_,VGND,li1,55.4300,87.0400,0.000120
g_row\[0\].g_col\[1\].pe/_2055_,VGND,li1,49.9100,81.6000,0.000089
g_row\[0\].g_col\[1\].pe/_2054_,VGND,li1,51.2900,87.0400,0.000113
g_row\[0\].g_col\[1\].pe/_2053_,VGND,li1,45.7700,87.0400,0.000104
g_row\[0\].g_col\[1\].pe/_2052_,VGND,li1,48.0700,87.0400,0.000109
g_row\[0\].g_col\[1\].pe/_2051_,VGND,li1,34.0400,87.0400,0.000083
g_row\[0\].g_col\[1\].pe/_2050_,VGND,li1,31.2800,81.6000,0.000062
g_row\[0\].g_col\[1\].pe/_2049_,VGND,li1,31.0500,87.0400,0.000078
g_row\[0\].g_col\[1\].pe/_2048_,VGND,li1,29.4400,87.0400,0.000072
g_row\[0\].g_col\[1\].pe/_2047_,VGND,li1,24.1500,87.0400,0.000062
g_row\[0\].g_col\[1\].pe/_2046_,VGND,li1,10.3500,76.1600,0.000057
g_row\[0\].g_col\[1\].pe/_2045_,VGND,li1,16.5600,76.1600,0.000056
g_row\[0\].g_col\[1\].pe/_2044_,VGND,li1,16.5600,81.6000,0.000052
g_row\[0\].g_col\[1\].pe/_2043_,VGND,li1,10.8100,81.6000,0.000053
g_row\[0\].g_col\[1\].pe/_2042_,VGND,li1,8.5100,81.6000,0.000053
g_row\[0\].g_col\[1\].pe/_2041_,VGND,li1,11.7300,59.8400,0.000063
g_row\[0\].g_col\[1\].pe/_2040_,VGND,li1,11.7300,59.8400,0.000063
g_row\[0\].g_col\[1\].pe/_2039_,VGND,li1,38.4100,81.6000,0.000073
g_row\[0\].g_col\[1\].pe/_2038_,VGND,li1,41.4000,81.6000,0.000076
g_row\[0\].g_col\[1\].pe/_2037_,VGND,li1,89.4700,81.6000,0.000123
g_row\[0\].g_col\[1\].pe/_2036_,VGND,li1,88.3200,81.6000,0.000123
g_row\[0\].g_col\[1\].pe/_2035_,VGND,li1,40.0200,76.1600,0.000081
g_row\[0\].g_col\[1\].pe/_2034_,VGND,li1,39.5600,76.1600,0.000081
g_row\[0\].g_col\[1\].pe/_2033_,VGND,li1,36.5700,76.1600,0.000073
g_row\[0\].g_col\[1\].pe/_2032_,VGND,li1,40.0200,70.7200,0.000090
g_row\[0\].g_col\[1\].pe/_2031_,VGND,li1,66.2400,76.1600,0.000119
g_row\[0\].g_col\[1\].pe/_2030_,VGND,li1,43.0100,70.7200,0.000095
g_row\[0\].g_col\[1\].pe/_2029_,VGND,li1,40.9400,65.2800,0.000095
g_row\[0\].g_col\[1\].pe/_2028_,VGND,li1,41.6300,65.2800,0.000095
g_row\[0\].g_col\[1\].pe/_2027_,VGND,li1,44.3900,65.2800,0.000101
g_row\[0\].g_col\[1\].pe/_2026_,VGND,li1,37.9500,65.2800,0.000087
g_row\[0\].g_col\[1\].pe/_2025_,VGND,li1,25.3000,76.1600,0.000054
g_row\[0\].g_col\[1\].pe/_2024_,VGND,li1,72.9100,87.0400,0.000134
g_row\[0\].g_col\[1\].pe/_2023_,VGND,li1,66.9300,87.0400,0.000131
g_row\[0\].g_col\[1\].pe/_2022_,VGND,li1,66.9300,87.0400,0.000131
g_row\[0\].g_col\[1\].pe/_2021_,VGND,li1,112.4700,87.0400,0.000144
g_row\[0\].g_col\[1\].pe/_2020_,VGND,li1,107.6400,87.0400,0.000146
g_row\[0\].g_col\[1\].pe/_2019_,VGND,li1,92.0000,87.0400,0.000144
g_row\[0\].g_col\[1\].pe/_2018_,VGND,li1,50.8300,81.6000,0.000089
g_row\[0\].g_col\[1\].pe/_2017_,VGND,li1,60.0300,92.4800,0.000147
g_row\[0\].g_col\[1\].pe/_2016_,VGND,li1,85.3300,87.0400,0.000141
g_row\[0\].g_col\[1\].pe/_2015_,VGND,li1,101.4300,81.6000,0.000130
g_row\[0\].g_col\[1\].pe/_2014_,VGND,li1,98.2100,81.6000,0.000129
g_row\[0\].g_col\[1\].pe/_2013_,VGND,li1,116.1500,97.9200,0.000263
g_row\[0\].g_col\[1\].pe/_2012_,VGND,li1,124.4300,103.3600,0.000404
g_row\[0\].g_col\[1\].pe/_2011_,VGND,li1,130.4100,130.5600,0.000362
g_row\[0\].g_col\[1\].pe/_2010_,VGND,li1,128.1100,103.3600,0.000392
g_row\[0\].g_col\[1\].pe/_2009_,VGND,li1,124.2000,97.9200,0.000257
g_row\[0\].g_col\[1\].pe/_2008_,VGND,li1,125.3500,103.3600,0.000404
g_row\[0\].g_col\[1\].pe/_2007_,VGND,li1,127.8800,97.9200,0.000255
g_row\[0\].g_col\[1\].pe/_2006_,VGND,li1,126.7300,97.9200,0.000255
g_row\[0\].g_col\[1\].pe/_2005_,VGND,li1,124.4300,92.4800,0.000208
g_row\[0\].g_col\[1\].pe/_2004_,VGND,li1,123.7400,97.9200,0.000258
g_row\[0\].g_col\[1\].pe/_2003_,VGND,li1,117.9900,92.4800,0.000204
g_row\[0\].g_col\[1\].pe/_2002_,VGND,li1,105.1100,87.0400,0.000147
g_row\[0\].g_col\[1\].pe/_2001_,VGND,li1,99.1300,87.0400,0.000146
g_row\[0\].g_col\[1\].pe/_2000_,VGND,li1,100.0500,70.7200,0.000167
g_row\[0\].g_col\[1\].pe/_1999_,VGND,li1,95.4500,76.1600,0.000151
g_row\[0\].g_col\[1\].pe/_1998_,VGND,li1,98.9000,76.1600,0.000154
g_row\[0\].g_col\[1\].pe/_1997_,VGND,li1,60.4900,87.0400,0.000126
g_row\[0\].g_col\[1\].pe/_1996_,VGND,li1,50.3700,87.0400,0.000113
g_row\[0\].g_col\[1\].pe/_1995_,VGND,li1,45.7700,70.7200,0.000101
g_row\[0\].g_col\[1\].pe/_1994_,VGND,li1,28.7500,65.2800,0.000071
g_row\[0\].g_col\[1\].pe/_1993_,VGND,li1,37.0300,81.6000,0.000070
g_row\[0\].g_col\[1\].pe/_1992_,VGND,li1,32.6600,76.1600,0.000068
g_row\[0\].g_col\[1\].pe/_1991_,VGND,li1,33.8100,81.6000,0.000066
g_row\[0\].g_col\[1\].pe/_1990_,VGND,li1,25.3000,76.1600,0.000054
g_row\[0\].g_col\[1\].pe/_1989_,VGND,li1,24.6100,81.6000,0.000050
g_row\[0\].g_col\[1\].pe/_1988_,VGND,li1,14.2600,76.1600,0.000057
g_row\[0\].g_col\[1\].pe/_1987_,VGND,li1,13.1100,76.1600,0.000057
g_row\[0\].g_col\[1\].pe/_1986_,VGND,li1,10.1200,70.7200,0.000062
g_row\[0\].g_col\[1\].pe/_1985_,VGND,li1,12.1900,70.7200,0.000062
g_row\[0\].g_col\[1\].pe/_1984_,VGND,li1,14.0300,65.2800,0.000063
g_row\[0\].g_col\[1\].pe/_1983_,VGND,li1,25.0700,65.2800,0.000060
g_row\[0\].g_col\[1\].pe/_1982_,VGND,li1,11.2700,65.2800,0.000063
g_row\[0\].g_col\[1\].pe/_1981_,VGND,li1,21.6200,48.9600,0.000129
g_row\[0\].g_col\[1\].pe/_1980_,VGND,li1,21.3900,70.7200,0.000060
g_row\[0\].g_col\[1\].pe/_1979_,VGND,li1,47.1500,81.6000,0.000084
g_row\[0\].g_col\[1\].pe/_1978_,VGND,li1,49.9100,76.1600,0.000096
g_row\[0\].g_col\[1\].pe/_1977_,VGND,li1,140.9900,76.1600,0.000139
g_row\[0\].g_col\[1\].pe/_1976_,VGND,li1,138.9200,76.1600,0.000141
g_row\[0\].g_col\[1\].pe/_1975_,VGND,li1,52.4400,76.1600,0.000101
g_row\[0\].g_col\[1\].pe/_1974_,VGND,li1,52.6700,70.7200,0.000112
g_row\[0\].g_col\[1\].pe/_1973_,VGND,li1,56.3500,70.7200,0.000117
g_row\[0\].g_col\[1\].pe/_1972_,VGND,li1,53.8200,70.7200,0.000112
g_row\[0\].g_col\[1\].pe/_1971_,VGND,li1,67.1600,70.7200,0.000132
g_row\[0\].g_col\[1\].pe/_1970_,VGND,li1,50.3700,65.2800,0.000110
g_row\[0\].g_col\[1\].pe/_1969_,VGND,li1,57.5000,65.2800,0.000125
g_row\[0\].g_col\[1\].pe/_1968_,VGND,li1,53.5900,65.2800,0.000116
g_row\[0\].g_col\[1\].pe/_1967_,VGND,li1,60.9500,65.2800,0.000131
g_row\[0\].g_col\[1\].pe/_1966_,VGND,li1,61.8700,70.7200,0.000123
g_row\[0\].g_col\[1\].pe/_1965_,VGND,li1,54.9700,59.8400,0.000123
g_row\[0\].g_col\[1\].pe/_1964_,VGND,li1,83.0300,81.6000,0.000120
g_row\[0\].g_col\[1\].pe/_1963_,VGND,li1,79.8100,87.0400,0.000139
g_row\[0\].g_col\[1\].pe/_1962_,VGND,li1,82.3400,87.0400,0.000140
g_row\[0\].g_col\[1\].pe/_1961_,VGND,li1,73.8300,87.0400,0.000134
g_row\[0\].g_col\[1\].pe/_1960_,VGND,li1,74.7500,92.4800,0.000169
g_row\[0\].g_col\[1\].pe/_1959_,VGND,li1,125.3500,87.0400,0.000138
g_row\[0\].g_col\[1\].pe/_1958_,VGND,li1,121.9000,92.4800,0.000206
g_row\[0\].g_col\[1\].pe/_1957_,VGND,li1,92.4600,81.6000,0.000126
g_row\[0\].g_col\[1\].pe/_1956_,VGND,li1,74.7500,70.7200,0.000142
g_row\[0\].g_col\[1\].pe/_1955_,VGND,li1,81.4200,70.7200,0.000150
g_row\[0\].g_col\[1\].pe/_1954_,VGND,li1,105.1100,81.6000,0.000132
g_row\[0\].g_col\[1\].pe/_1953_,VGND,li1,116.1500,81.6000,0.000136
g_row\[0\].g_col\[1\].pe/_1952_,VGND,li1,113.3900,70.7200,0.000176
g_row\[0\].g_col\[1\].pe/_1951_,VGND,li1,127.4200,92.4800,0.000208
g_row\[0\].g_col\[1\].pe/_1950_,VGND,li1,128.1100,125.1200,0.000501
g_row\[0\].g_col\[1\].pe/_1948_,VGND,li1,120.2900,125.1200,0.000516
g_row\[0\].g_col\[1\].pe/_1947_,VGND,li1,126.2700,119.6800,0.000509
g_row\[0\].g_col\[1\].pe/_1946_,VGND,li1,129.0300,141.4400,0.000292
g_row\[0\].g_col\[1\].pe/_1945_,VGND,li1,132.7100,97.9200,0.000246
g_row\[0\].g_col\[1\].pe/_1944_,VGND,li1,137.0800,103.3600,0.000361
g_row\[0\].g_col\[1\].pe/_1943_,VGND,li1,131.3300,97.9200,0.000250
g_row\[0\].g_col\[1\].pe/_1942_,VGND,li1,130.8700,92.4800,0.000208
g_row\[0\].g_col\[1\].pe/_1941_,VGND,li1,132.0200,76.1600,0.000148
g_row\[0\].g_col\[1\].pe/_1940_,VGND,li1,133.1700,76.1600,0.000148
g_row\[0\].g_col\[1\].pe/_1939_,VGND,li1,118.4500,76.1600,0.000159
g_row\[0\].g_col\[1\].pe/_1938_,VGND,li1,114.3100,76.1600,0.000160
g_row\[0\].g_col\[1\].pe/_1937_,VGND,li1,117.5300,70.7200,0.000179
g_row\[0\].g_col\[1\].pe/_1936_,VGND,li1,114.3100,70.7200,0.000176
g_row\[0\].g_col\[1\].pe/_1935_,VGND,li1,105.5700,76.1600,0.000158
g_row\[0\].g_col\[1\].pe/_1934_,VGND,li1,99.5900,76.1600,0.000154
g_row\[0\].g_col\[1\].pe/_1933_,VGND,li1,97.7500,65.2800,0.000188
g_row\[0\].g_col\[1\].pe/_1932_,VGND,li1,49.4500,65.2800,0.000110
g_row\[0\].g_col\[1\].pe/_1931_,VGND,li1,47.6100,70.7200,0.000104
g_row\[0\].g_col\[1\].pe/_1930_,VGND,li1,28.2900,70.7200,0.000068
g_row\[0\].g_col\[1\].pe/_1929_,VGND,li1,26.9100,65.2800,0.000067
g_row\[0\].g_col\[1\].pe/_1928_,VGND,li1,21.1600,59.8400,0.000062
g_row\[0\].g_col\[1\].pe/_1927_,VGND,li1,22.7700,70.7200,0.000060
g_row\[0\].g_col\[1\].pe/_1926_,VGND,li1,17.7100,70.7200,0.000061
g_row\[0\].g_col\[1\].pe/_1925_,VGND,li1,17.2500,65.2800,0.000062
g_row\[0\].g_col\[1\].pe/_1924_,VGND,li1,20.7000,65.2800,0.000061
g_row\[0\].g_col\[1\].pe/_1923_,VGND,li1,16.7900,59.8400,0.000062
g_row\[0\].g_col\[1\].pe/_1922_,VGND,li1,45.3100,76.1600,0.000088
g_row\[0\].g_col\[1\].pe/_1921_,VGND,li1,23.9200,65.2800,0.000060
g_row\[0\].g_col\[1\].pe/_1920_,VGND,li1,16.3300,70.7200,0.000062
g_row\[0\].g_col\[1\].pe/_1919_,VGND,li1,16.3300,81.6000,0.000052
g_row\[0\].g_col\[1\].pe/_1918_,VGND,li1,19.0900,76.1600,0.000056
g_row\[0\].g_col\[1\].pe/_1917_,VGND,li1,9.8900,76.1600,0.000057
g_row\[0\].g_col\[1\].pe/_1916_,VGND,li1,79.3500,70.7200,0.000148
g_row\[0\].g_col\[1\].pe/_1915_,VGND,li1,92.6900,76.1600,0.000149
g_row\[0\].g_col\[1\].pe/_1914_,VGND,li1,94.3000,81.6000,0.000127
g_row\[0\].g_col\[1\].pe/_1913_,VGND,li1,77.0500,70.7200,0.000145
g_row\[0\].g_col\[1\].pe/_1912_,VGND,li1,76.1300,59.8400,0.000160
g_row\[0\].g_col\[1\].pe/_1911_,VGND,li1,73.6000,59.8400,0.000154
g_row\[0\].g_col\[1\].pe/_1910_,VGND,li1,73.3700,65.2800,0.000150
g_row\[0\].g_col\[1\].pe/_1909_,VGND,li1,71.7600,65.2800,0.000150
g_row\[0\].g_col\[1\].pe/_1908_,VGND,li1,105.5700,81.6000,0.000132
g_row\[0\].g_col\[1\].pe/_1907_,VGND,li1,104.6500,76.1600,0.000158
g_row\[0\].g_col\[1\].pe/_1906_,VGND,li1,88.7800,87.0400,0.000143
g_row\[0\].g_col\[1\].pe/_1905_,VGND,li1,94.9900,87.0400,0.000145
g_row\[0\].g_col\[1\].pe/_1904_,VGND,li1,88.0900,87.0400,0.000142
g_row\[0\].g_col\[1\].pe/_1903_,VGND,li1,113.8500,87.0400,0.000144
g_row\[0\].g_col\[1\].pe/_1902_,VGND,li1,113.6200,81.6000,0.000134
g_row\[0\].g_col\[1\].pe/_1901_,VGND,li1,130.1800,81.6000,0.000138
g_row\[0\].g_col\[1\].pe/_1900_,VGND,li1,102.8100,70.7200,0.000169
g_row\[0\].g_col\[1\].pe/_1899_,VGND,li1,103.0400,70.7200,0.000169
g_row\[0\].g_col\[1\].pe/_1898_,VGND,li1,119.3700,70.7200,0.000180
g_row\[0\].g_col\[1\].pe/_1897_,VGND,li1,136.3900,70.7200,0.000180
g_row\[0\].g_col\[1\].pe/_1896_,VGND,li1,131.3300,70.7200,0.000182
g_row\[0\].g_col\[1\].pe/_1895_,VGND,li1,136.1600,97.9200,0.000243
g_row\[0\].g_col\[1\].pe/_1894_,VGND,li1,138.6900,92.4800,0.000204
g_row\[0\].g_col\[1\].pe/_1893_,VGND,li1,133.1700,130.5600,0.000354
g_row\[0\].g_col\[1\].pe/_1892_,VGND,li1,136.8500,130.5600,0.000343
g_row\[0\].g_col\[1\].pe/_1891_,VGND,li1,140.9900,97.9200,0.000233
g_row\[0\].g_col\[1\].pe/_1890_,VGND,li1,139.6100,97.9200,0.000233
g_row\[0\].g_col\[1\].pe/_1889_,VGND,li1,140.9900,92.4800,0.000204
g_row\[0\].g_col\[1\].pe/_1888_,VGND,li1,143.5200,70.7200,0.000176
g_row\[0\].g_col\[1\].pe/_1887_,VGND,li1,140.5300,70.7200,0.000177
g_row\[0\].g_col\[1\].pe/_1886_,VGND,li1,138.6900,70.7200,0.000179
g_row\[0\].g_col\[1\].pe/_1885_,VGND,li1,132.7100,70.7200,0.000182
g_row\[0\].g_col\[1\].pe/_1884_,VGND,li1,133.6300,59.8400,0.000227
g_row\[0\].g_col\[1\].pe/_1883_,VGND,li1,124.8900,59.8400,0.000222
g_row\[0\].g_col\[1\].pe/_1882_,VGND,li1,122.1300,70.7200,0.000181
g_row\[0\].g_col\[1\].pe/_1881_,VGND,li1,117.5300,65.2800,0.000209
g_row\[0\].g_col\[1\].pe/_1880_,VGND,li1,112.4700,59.8400,0.000212
g_row\[0\].g_col\[1\].pe/_1879_,VGND,li1,55.4300,54.4000,0.000117
g_row\[0\].g_col\[1\].pe/_1878_,VGND,li1,110.6300,65.2800,0.000204
g_row\[0\].g_col\[1\].pe/_1877_,VGND,li1,49.4500,59.8400,0.000113
g_row\[0\].g_col\[1\].pe/_1876_,VGND,li1,46.6900,43.5200,0.000155
g_row\[0\].g_col\[1\].pe/_1875_,VGND,li1,27.1400,54.4000,0.000063
g_row\[0\].g_col\[1\].pe/_1874_,VGND,li1,28.7500,59.8400,0.000069
g_row\[0\].g_col\[1\].pe/_1873_,VGND,li1,25.5300,59.8400,0.000061
g_row\[0\].g_col\[1\].pe/_1872_,VGND,li1,46.4600,59.8400,0.000107
g_row\[0\].g_col\[1\].pe/_1871_,VGND,li1,22.7700,54.4000,0.000059
g_row\[0\].g_col\[1\].pe/_1870_,VGND,li1,15.4100,54.4000,0.000060
g_row\[0\].g_col\[1\].pe/_1869_,VGND,li1,17.2500,54.4000,0.000060
g_row\[0\].g_col\[1\].pe/_1868_,VGND,li1,104.6500,65.2800,0.000196
g_row\[0\].g_col\[1\].pe/_1867_,VGND,li1,107.4100,70.7200,0.000172
g_row\[0\].g_col\[1\].pe/_1866_,VGND,li1,106.2600,70.7200,0.000172
g_row\[0\].g_col\[1\].pe/_1865_,VGND,li1,103.2700,65.2800,0.000196
g_row\[0\].g_col\[1\].pe/_1864_,VGND,li1,100.9700,59.8400,0.000197
g_row\[0\].g_col\[1\].pe/_1863_,VGND,li1,98.9000,59.8400,0.000194
g_row\[0\].g_col\[1\].pe/_1862_,VGND,li1,97.2900,65.2800,0.000188
g_row\[0\].g_col\[1\].pe/_1861_,VGND,li1,92.4600,59.8400,0.000185
g_row\[0\].g_col\[1\].pe/_1860_,VGND,li1,124.8900,70.7200,0.000181
g_row\[0\].g_col\[1\].pe/_1859_,VGND,li1,120.7500,76.1600,0.000157
g_row\[0\].g_col\[1\].pe/_1858_,VGND,li1,125.1200,76.1600,0.000154
g_row\[0\].g_col\[1\].pe/_1857_,VGND,li1,112.9300,81.6000,0.000134
g_row\[0\].g_col\[1\].pe/_1856_,VGND,li1,110.6300,81.6000,0.000134
g_row\[0\].g_col\[1\].pe/_1855_,VGND,li1,118.4500,81.6000,0.000136
g_row\[0\].g_col\[1\].pe/_1854_,VGND,li1,120.0600,81.6000,0.000136
g_row\[0\].g_col\[1\].pe/_1853_,VGND,li1,129.7200,76.1600,0.000151
g_row\[0\].g_col\[1\].pe/_1852_,VGND,li1,109.7100,59.8400,0.000207
g_row\[0\].g_col\[1\].pe/_1851_,VGND,li1,110.4000,54.4000,0.000178
g_row\[0\].g_col\[1\].pe/_1850_,VGND,li1,135.9300,76.1600,0.000144
g_row\[0\].g_col\[1\].pe/_1849_,VGND,li1,132.7100,65.2800,0.000215
g_row\[0\].g_col\[1\].pe/_1848_,VGND,li1,129.4900,65.2800,0.000213
g_row\[0\].g_col\[1\].pe/_1847_,VGND,li1,137.3100,59.8400,0.000227
g_row\[0\].g_col\[1\].pe/_1846_,VGND,li1,136.8500,54.4000,0.000185
g_row\[0\].g_col\[1\].pe/_1845_,VGND,li1,142.3700,65.2800,0.000216
g_row\[0\].g_col\[1\].pe/_1844_,VGND,li1,145.8200,54.4000,0.000186
g_row\[0\].g_col\[1\].pe/_1843_,VGND,li1,143.7500,97.9200,0.000223
g_row\[0\].g_col\[1\].pe/_1842_,VGND,li1,139.8400,32.6400,0.000200
g_row\[0\].g_col\[1\].pe/_1841_,VGND,li1,142.8300,92.4800,0.000201
g_row\[0\].g_col\[1\].pe/_1840_,VGND,li1,144.6700,38.0800,0.000202
g_row\[0\].g_col\[1\].pe/_1838_,VGND,li1,189.7500,130.5600,0.000197
g_row\[0\].g_col\[1\].pe/_1836_,VGND,li1,149.0400,125.1200,0.000433
g_row\[0\].g_col\[1\].pe/_1835_,VGND,li1,145.8200,130.5600,0.000314
g_row\[0\].g_col\[1\].pe/_1834_,VGND,li1,144.6700,32.6400,0.000199
g_row\[0\].g_col\[1\].pe/_1833_,VGND,li1,143.7500,27.2000,0.000169
g_row\[0\].g_col\[1\].pe/_1832_,VGND,li1,149.0400,27.2000,0.000165
g_row\[0\].g_col\[1\].pe/_1831_,VGND,li1,149.7300,27.2000,0.000165
g_row\[0\].g_col\[1\].pe/_1830_,VGND,li1,157.7800,38.0800,0.000198
g_row\[0\].g_col\[1\].pe/_1829_,VGND,li1,140.5300,16.3200,0.000315
g_row\[0\].g_col\[1\].pe/_1828_,VGND,li1,148.8100,10.8800,0.000098
g_row\[0\].g_col\[1\].pe/_1827_,VGND,li1,146.0500,16.3200,0.000312
g_row\[0\].g_col\[1\].pe/_1826_,VGND,li1,135.9300,10.8800,0.000103
g_row\[0\].g_col\[1\].pe/_1825_,VGND,li1,126.7300,10.8800,0.000106
g_row\[0\].g_col\[1\].pe/_1824_,VGND,li1,129.9500,10.8800,0.000105
g_row\[0\].g_col\[1\].pe/_1823_,VGND,li1,141.9100,16.3200,0.000315
g_row\[0\].g_col\[1\].pe/_1822_,VGND,li1,116.8400,16.3200,0.000307
g_row\[0\].g_col\[1\].pe/_1821_,VGND,li1,121.9000,16.3200,0.000310
g_row\[0\].g_col\[1\].pe/_1820_,VGND,li1,119.3700,10.8800,0.000108
g_row\[0\].g_col\[1\].pe/_1819_,VGND,li1,116.8400,10.8800,0.000108
g_row\[0\].g_col\[1\].pe/_1818_,VGND,li1,117.0700,16.3200,0.000307
g_row\[0\].g_col\[1\].pe/_1817_,VGND,li1,81.1900,10.8800,0.000095
g_row\[0\].g_col\[1\].pe/_1816_,VGND,li1,78.2000,10.8800,0.000093
g_row\[0\].g_col\[1\].pe/_1815_,VGND,li1,112.0100,10.8800,0.000108
g_row\[0\].g_col\[1\].pe/_1814_,VGND,li1,48.9900,10.8800,0.000065
g_row\[0\].g_col\[1\].pe/_1813_,VGND,li1,49.9100,16.3200,0.000174
g_row\[0\].g_col\[1\].pe/_1812_,VGND,li1,41.8600,10.8800,0.000058
g_row\[0\].g_col\[1\].pe/_1811_,VGND,li1,37.4900,16.3200,0.000134
g_row\[0\].g_col\[1\].pe/_1810_,VGND,li1,36.3400,10.8800,0.000051
g_row\[0\].g_col\[1\].pe/_1809_,VGND,li1,30.5900,16.3200,0.000109
g_row\[0\].g_col\[1\].pe/_1808_,VGND,li1,35.6500,21.7600,0.000096
g_row\[0\].g_col\[1\].pe/_1807_,VGND,li1,33.3500,16.3200,0.000120
g_row\[0\].g_col\[1\].pe/_1806_,VGND,li1,32.8900,27.2000,0.000062
g_row\[0\].g_col\[1\].pe/_1805_,VGND,li1,34.2700,27.2000,0.000067
g_row\[0\].g_col\[1\].pe/_1804_,VGND,li1,26.4500,27.2000,0.000053
g_row\[0\].g_col\[1\].pe/_1803_,VGND,li1,33.8100,21.7600,0.000088
g_row\[0\].g_col\[1\].pe/_1802_,VGND,li1,29.6700,27.2000,0.000059
g_row\[0\].g_col\[1\].pe/_1801_,VGND,li1,29.9000,32.6400,0.000070
g_row\[0\].g_col\[1\].pe/_1800_,VGND,li1,27.3700,27.2000,0.000053
g_row\[0\].g_col\[1\].pe/_1799_,VGND,li1,23.4600,27.2000,0.000047
g_row\[0\].g_col\[1\].pe/_1798_,VGND,li1,37.4900,27.2000,0.000071
g_row\[0\].g_col\[1\].pe/_1797_,VGND,li1,27.8300,21.7600,0.000074
g_row\[0\].g_col\[1\].pe/_1796_,VGND,li1,25.0700,21.7600,0.000069
g_row\[0\].g_col\[1\].pe/_1795_,VGND,li1,33.1200,16.3200,0.000120
g_row\[0\].g_col\[1\].pe/_1794_,VGND,li1,23.2300,10.8800,0.000038
g_row\[0\].g_col\[1\].pe/_1793_,VGND,li1,20.2400,10.8800,0.000039
g_row\[0\].g_col\[1\].pe/_1792_,VGND,li1,26.9100,21.7600,0.000074
g_row\[0\].g_col\[1\].pe/_1791_,VGND,li1,24.6100,16.3200,0.000090
g_row\[0\].g_col\[1\].pe/_1790_,VGND,li1,32.8900,10.8800,0.000047
g_row\[0\].g_col\[1\].pe/_1789_,VGND,li1,30.1300,10.8800,0.000044
g_row\[0\].g_col\[1\].pe/_1788_,VGND,li1,30.1300,16.3200,0.000109
g_row\[0\].g_col\[1\].pe/_1787_,VGND,li1,25.9900,16.3200,0.000090
g_row\[0\].g_col\[1\].pe/_1786_,VGND,li1,22.7700,21.7600,0.000069
g_row\[0\].g_col\[1\].pe/_1785_,VGND,li1,21.3900,32.6400,0.000060
g_row\[0\].g_col\[1\].pe/_1784_,VGND,li1,21.3900,27.2000,0.000047
g_row\[0\].g_col\[1\].pe/_1783_,VGND,li1,22.7700,21.7600,0.000069
g_row\[0\].g_col\[1\].pe/_1782_,VGND,li1,19.7800,27.2000,0.000047
g_row\[0\].g_col\[1\].pe/_1781_,VGND,li1,19.5500,16.3200,0.000092
g_row\[0\].g_col\[1\].pe/_1780_,VGND,li1,37.0300,16.3200,0.000127
g_row\[0\].g_col\[1\].pe/_1779_,VGND,li1,47.1500,16.3200,0.000165
g_row\[0\].g_col\[1\].pe/_1778_,VGND,li1,73.8300,16.3200,0.000235
g_row\[0\].g_col\[1\].pe/_1777_,VGND,li1,79.8100,16.3200,0.000250
g_row\[0\].g_col\[1\].pe/_1776_,VGND,li1,86.7100,10.8800,0.000099
g_row\[0\].g_col\[1\].pe/_1775_,VGND,li1,58.1900,16.3200,0.000195
g_row\[0\].g_col\[1\].pe/_1774_,VGND,li1,53.5900,10.8800,0.000070
g_row\[0\].g_col\[1\].pe/_1773_,VGND,li1,75.6700,10.8800,0.000091
g_row\[0\].g_col\[1\].pe/_1772_,VGND,li1,41.4000,16.3200,0.000143
g_row\[0\].g_col\[1\].pe/_1771_,VGND,li1,17.2500,21.7600,0.000070
g_row\[0\].g_col\[1\].pe/_1770_,VGND,li1,13.5700,10.8800,0.000039
g_row\[0\].g_col\[1\].pe/_1769_,VGND,li1,15.4100,16.3200,0.000093
g_row\[0\].g_col\[1\].pe/_1768_,VGND,li1,13.1100,38.0800,0.000065
g_row\[0\].g_col\[1\].pe/_1767_,VGND,li1,8.9700,38.0800,0.000065
g_row\[0\].g_col\[1\].pe/_1766_,VGND,li1,15.4100,16.3200,0.000093
g_row\[0\].g_col\[1\].pe/_1765_,VGND,li1,20.0100,21.7600,0.000069
g_row\[0\].g_col\[1\].pe/_1764_,VGND,li1,12.6500,32.6400,0.000061
g_row\[0\].g_col\[1\].pe/_1763_,VGND,li1,15.4100,32.6400,0.000061
g_row\[0\].g_col\[1\].pe/_1762_,VGND,li1,14.0300,21.7600,0.000070
g_row\[0\].g_col\[1\].pe/_1761_,VGND,li1,9.2000,27.2000,0.000048
g_row\[0\].g_col\[1\].pe/_1760_,VGND,li1,60.4900,16.3200,0.000204
g_row\[0\].g_col\[1\].pe/_1759_,VGND,li1,54.0500,16.3200,0.000186
g_row\[0\].g_col\[1\].pe/_1758_,VGND,li1,51.7500,16.3200,0.000179
g_row\[0\].g_col\[1\].pe/_1757_,VGND,li1,10.8100,16.3200,0.000093
g_row\[0\].g_col\[1\].pe/_1756_,VGND,li1,9.6600,21.7600,0.000070
g_row\[0\].g_col\[1\].pe/_1755_,VGND,li1,10.3500,32.6400,0.000061
g_row\[0\].g_col\[1\].pe/_1754_,VGND,li1,12.4200,38.0800,0.000065
g_row\[0\].g_col\[1\].pe/_1753_,VGND,li1,11.2700,16.3200,0.000093
g_row\[0\].g_col\[1\].pe/_1752_,VGND,li1,10.8100,27.2000,0.000048
g_row\[0\].g_col\[1\].pe/_1751_,VGND,li1,15.8700,27.2000,0.000048
g_row\[0\].g_col\[1\].pe/_1750_,VGND,li1,12.6500,21.7600,0.000070
g_row\[0\].g_col\[1\].pe/_1749_,VGND,li1,12.8800,27.2000,0.000048
g_row\[0\].g_col\[1\].pe/_1748_,VGND,li1,60.0300,10.8800,0.000077
g_row\[0\].g_col\[1\].pe/_1747_,VGND,li1,124.8900,16.3200,0.000312
g_row\[0\].g_col\[1\].pe/_1746_,VGND,li1,120.2900,16.3200,0.000310
g_row\[0\].g_col\[1\].pe/_1745_,VGND,li1,105.1100,16.3200,0.000296
g_row\[0\].g_col\[1\].pe/_1744_,VGND,li1,110.6300,21.7600,0.000230
g_row\[0\].g_col\[1\].pe/_1743_,VGND,li1,102.8100,16.3200,0.000292
g_row\[0\].g_col\[1\].pe/_1742_,VGND,li1,98.2100,16.3200,0.000286
g_row\[0\].g_col\[1\].pe/_1741_,VGND,li1,87.1700,16.3200,0.000266
g_row\[0\].g_col\[1\].pe/_1740_,VGND,li1,71.5300,10.8800,0.000086
g_row\[0\].g_col\[1\].pe/_1739_,VGND,li1,91.7700,16.3200,0.000276
g_row\[0\].g_col\[1\].pe/_1738_,VGND,li1,90.1600,27.2000,0.000147
g_row\[0\].g_col\[1\].pe/_1737_,VGND,li1,66.9300,10.8800,0.000084
g_row\[0\].g_col\[1\].pe/_1736_,VGND,li1,67.8500,16.3200,0.000224
g_row\[0\].g_col\[1\].pe/_1735_,VGND,li1,47.1500,16.3200,0.000165
g_row\[0\].g_col\[1\].pe/_1734_,VGND,li1,52.9000,21.7600,0.000137
g_row\[0\].g_col\[1\].pe/_1733_,VGND,li1,50.3700,21.7600,0.000132
g_row\[0\].g_col\[1\].pe/_1732_,VGND,li1,49.6800,27.2000,0.000094
g_row\[0\].g_col\[1\].pe/_1731_,VGND,li1,48.5300,21.7600,0.000128
g_row\[0\].g_col\[1\].pe/_1730_,VGND,li1,44.8500,27.2000,0.000085
g_row\[0\].g_col\[1\].pe/_1729_,VGND,li1,42.0900,27.2000,0.000079
g_row\[0\].g_col\[1\].pe/_1728_,VGND,li1,41.1700,21.7600,0.000107
g_row\[0\].g_col\[1\].pe/_1727_,VGND,li1,36.3400,27.2000,0.000071
g_row\[0\].g_col\[1\].pe/_1726_,VGND,li1,130.4100,16.3200,0.000316
g_row\[0\].g_col\[1\].pe/_1725_,VGND,li1,111.3200,16.3200,0.000302
g_row\[0\].g_col\[1\].pe/_1724_,VGND,li1,108.3300,21.7600,0.000227
g_row\[0\].g_col\[1\].pe/_1723_,VGND,li1,100.9700,10.8800,0.000106
g_row\[0\].g_col\[1\].pe/_1722_,VGND,li1,97.7500,16.3200,0.000286
g_row\[0\].g_col\[1\].pe/_1721_,VGND,li1,92.6900,16.3200,0.000276
g_row\[0\].g_col\[1\].pe/_1720_,VGND,li1,99.5900,21.7600,0.000216
g_row\[0\].g_col\[1\].pe/_1719_,VGND,li1,78.8900,16.3200,0.000250
g_row\[0\].g_col\[1\].pe/_1718_,VGND,li1,105.5700,27.2000,0.000161
g_row\[0\].g_col\[1\].pe/_1717_,VGND,li1,103.2700,21.7600,0.000222
g_row\[0\].g_col\[1\].pe/_1716_,VGND,li1,96.6000,27.2000,0.000153
g_row\[0\].g_col\[1\].pe/_1715_,VGND,li1,107.4100,27.2000,0.000162
g_row\[0\].g_col\[1\].pe/_1714_,VGND,li1,82.3400,16.3200,0.000257
g_row\[0\].g_col\[1\].pe/_1713_,VGND,li1,75.6700,21.7600,0.000182
g_row\[0\].g_col\[1\].pe/_1712_,VGND,li1,67.8500,16.3200,0.000224
g_row\[0\].g_col\[1\].pe/_1711_,VGND,li1,63.7100,16.3200,0.000213
g_row\[0\].g_col\[1\].pe/_1710_,VGND,li1,56.5800,21.7600,0.000145
g_row\[0\].g_col\[1\].pe/_1709_,VGND,li1,63.7100,21.7600,0.000160
g_row\[0\].g_col\[1\].pe/_1708_,VGND,li1,59.5700,21.7600,0.000151
g_row\[0\].g_col\[1\].pe/_1707_,VGND,li1,50.3700,27.2000,0.000094
g_row\[0\].g_col\[1\].pe/_1706_,VGND,li1,48.9900,32.6400,0.000111
g_row\[0\].g_col\[1\].pe/_1705_,VGND,li1,61.4100,21.7600,0.000155
g_row\[0\].g_col\[1\].pe/_1704_,VGND,li1,63.4800,32.6400,0.000136
g_row\[0\].g_col\[1\].pe/_1703_,VGND,li1,130.4100,16.3200,0.000316
g_row\[0\].g_col\[1\].pe/_1702_,VGND,li1,144.9000,21.7600,0.000246
g_row\[0\].g_col\[1\].pe/_1701_,VGND,li1,143.2900,27.2000,0.000169
g_row\[0\].g_col\[1\].pe/_1700_,VGND,li1,141.4500,21.7600,0.000247
g_row\[0\].g_col\[1\].pe/_1699_,VGND,li1,138.2300,21.7600,0.000248
g_row\[0\].g_col\[1\].pe/_1698_,VGND,li1,139.1500,21.7600,0.000248
g_row\[0\].g_col\[1\].pe/_1697_,VGND,li1,131.3300,27.2000,0.000173
g_row\[0\].g_col\[1\].pe/_1696_,VGND,li1,130.4100,21.7600,0.000246
g_row\[0\].g_col\[1\].pe/_1695_,VGND,li1,123.2800,16.3200,0.000312
g_row\[0\].g_col\[1\].pe/_1694_,VGND,li1,123.5100,21.7600,0.000242
g_row\[0\].g_col\[1\].pe/_1693_,VGND,li1,117.5300,21.7600,0.000237
g_row\[0\].g_col\[1\].pe/_1692_,VGND,li1,94.0700,21.7600,0.000211
g_row\[0\].g_col\[1\].pe/_1691_,VGND,li1,91.3100,21.7600,0.000207
g_row\[0\].g_col\[1\].pe/_1690_,VGND,li1,108.7900,16.3200,0.000299
g_row\[0\].g_col\[1\].pe/_1689_,VGND,li1,88.5500,16.3200,0.000270
g_row\[0\].g_col\[1\].pe/_1688_,VGND,li1,86.2500,21.7600,0.000198
g_row\[0\].g_col\[1\].pe/_1687_,VGND,li1,74.7500,16.3200,0.000241
g_row\[0\].g_col\[1\].pe/_1686_,VGND,li1,74.0600,27.2000,0.000128
g_row\[0\].g_col\[1\].pe/_1685_,VGND,li1,69.6900,21.7600,0.000168
g_row\[0\].g_col\[1\].pe/_1684_,VGND,li1,68.0800,21.7600,0.000168
g_row\[0\].g_col\[1\].pe/_1683_,VGND,li1,73.3700,21.7600,0.000178
g_row\[0\].g_col\[1\].pe/_1682_,VGND,li1,60.4900,27.2000,0.000109
g_row\[0\].g_col\[1\].pe/_1681_,VGND,li1,54.9700,27.2000,0.000102
g_row\[0\].g_col\[1\].pe/_1680_,VGND,li1,69.6900,27.2000,0.000123
g_row\[0\].g_col\[1\].pe/_1679_,VGND,li1,64.4000,32.6400,0.000139
g_row\[0\].g_col\[1\].pe/_1678_,VGND,li1,135.4700,21.7600,0.000247
g_row\[0\].g_col\[1\].pe/_1677_,VGND,li1,133.1700,21.7600,0.000247
g_row\[0\].g_col\[1\].pe/_1676_,VGND,li1,126.0400,16.3200,0.000313
g_row\[0\].g_col\[1\].pe/_1675_,VGND,li1,127.6500,21.7600,0.000243
g_row\[0\].g_col\[1\].pe/_1674_,VGND,li1,113.3900,21.7600,0.000233
g_row\[0\].g_col\[1\].pe/_1673_,VGND,li1,105.5700,32.6400,0.000191
g_row\[0\].g_col\[1\].pe/_1672_,VGND,li1,105.8000,38.0800,0.000184
g_row\[0\].g_col\[1\].pe/_1671_,VGND,li1,104.1900,21.7600,0.000222
g_row\[0\].g_col\[1\].pe/_1670_,VGND,li1,97.9800,21.7600,0.000216
g_row\[0\].g_col\[1\].pe/_1669_,VGND,li1,154.3300,27.2000,0.000158
g_row\[0\].g_col\[1\].pe/_1668_,VGND,li1,139.1500,27.2000,0.000171
g_row\[0\].g_col\[1\].pe/_1667_,VGND,li1,130.4100,27.2000,0.000173
g_row\[0\].g_col\[1\].pe/_1666_,VGND,li1,126.7300,27.2000,0.000172
g_row\[0\].g_col\[1\].pe/_1665_,VGND,li1,115.0000,27.2000,0.000167
g_row\[0\].g_col\[1\].pe/_1664_,VGND,li1,123.5100,21.7600,0.000242
g_row\[0\].g_col\[1\].pe/_1663_,VGND,li1,130.4100,21.7600,0.000246
g_row\[0\].g_col\[1\].pe/_1662_,VGND,li1,125.3500,32.6400,0.000202
g_row\[0\].g_col\[1\].pe/_1661_,VGND,li1,113.3900,21.7600,0.000233
g_row\[0\].g_col\[1\].pe/_1660_,VGND,li1,93.1500,27.2000,0.000150
g_row\[0\].g_col\[1\].pe/_1659_,VGND,li1,119.8300,27.2000,0.000169
g_row\[0\].g_col\[1\].pe/_1658_,VGND,li1,119.3700,32.6400,0.000199
g_row\[0\].g_col\[1\].pe/_1657_,VGND,li1,119.8300,43.5200,0.000197
g_row\[0\].g_col\[1\].pe/_1656_,VGND,li1,117.9900,21.7600,0.000237
g_row\[0\].g_col\[1\].pe/_1655_,VGND,li1,116.1500,27.2000,0.000167
g_row\[0\].g_col\[1\].pe/_1654_,VGND,li1,111.7800,32.6400,0.000196
g_row\[0\].g_col\[1\].pe/_1653_,VGND,li1,103.2700,27.2000,0.000158
g_row\[0\].g_col\[1\].pe/_1652_,VGND,li1,93.8400,27.2000,0.000150
g_row\[0\].g_col\[1\].pe/_1651_,VGND,li1,92.6900,21.7600,0.000207
g_row\[0\].g_col\[1\].pe/_1650_,VGND,li1,87.1700,32.6400,0.000173
g_row\[0\].g_col\[1\].pe/_1649_,VGND,li1,84.8700,21.7600,0.000198
g_row\[0\].g_col\[1\].pe/_1648_,VGND,li1,81.4200,21.7600,0.000192
g_row\[0\].g_col\[1\].pe/_1647_,VGND,li1,86.2500,27.2000,0.000143
g_row\[0\].g_col\[1\].pe/_1646_,VGND,li1,80.0400,21.7600,0.000188
g_row\[0\].g_col\[1\].pe/_1645_,VGND,li1,79.8100,27.2000,0.000135
g_row\[0\].g_col\[1\].pe/_1644_,VGND,li1,59.1100,27.2000,0.000109
g_row\[0\].g_col\[1\].pe/_1643_,VGND,li1,54.9700,32.6400,0.000121
g_row\[0\].g_col\[1\].pe/_1642_,VGND,li1,73.3700,27.2000,0.000128
g_row\[0\].g_col\[1\].pe/_1641_,VGND,li1,68.0800,32.6400,0.000145
g_row\[0\].g_col\[1\].pe/_1640_,VGND,li1,139.1500,27.2000,0.000171
g_row\[0\].g_col\[1\].pe/_1639_,VGND,li1,144.2100,32.6400,0.000199
g_row\[0\].g_col\[1\].pe/_1638_,VGND,li1,146.9700,54.4000,0.000186
g_row\[0\].g_col\[1\].pe/_1637_,VGND,li1,143.7500,59.8400,0.000227
g_row\[0\].g_col\[1\].pe/_1636_,VGND,li1,141.4500,59.8400,0.000228
g_row\[0\].g_col\[1\].pe/_1635_,VGND,li1,144.2100,48.9600,0.000304
g_row\[0\].g_col\[1\].pe/_1634_,VGND,li1,133.1700,48.9600,0.000310
g_row\[0\].g_col\[1\].pe/_1633_,VGND,li1,137.7700,65.2800,0.000216
g_row\[0\].g_col\[1\].pe/_1632_,VGND,li1,129.0300,59.8400,0.000225
g_row\[0\].g_col\[1\].pe/_1631_,VGND,li1,129.4900,48.9600,0.000311
g_row\[0\].g_col\[1\].pe/_1630_,VGND,li1,81.1900,43.5200,0.000198
g_row\[0\].g_col\[1\].pe/_1629_,VGND,li1,117.0700,59.8400,0.000217
g_row\[0\].g_col\[1\].pe/_1628_,VGND,li1,56.3500,54.4000,0.000117
g_row\[0\].g_col\[1\].pe/_1627_,VGND,li1,52.6700,54.4000,0.000113
g_row\[0\].g_col\[1\].pe/_1626_,VGND,li1,34.9600,48.9600,0.000181
g_row\[0\].g_col\[1\].pe/_1625_,VGND,li1,49.4500,54.4000,0.000107
g_row\[0\].g_col\[1\].pe/_1624_,VGND,li1,47.6100,54.4000,0.000104
g_row\[0\].g_col\[1\].pe/_1623_,VGND,li1,46.4600,48.9600,0.000216
g_row\[0\].g_col\[1\].pe/_1622_,VGND,li1,28.2900,54.4000,0.000063
g_row\[0\].g_col\[1\].pe/_1621_,VGND,li1,25.0700,48.9600,0.000127
g_row\[0\].g_col\[1\].pe/_1620_,VGND,li1,23.2300,54.4000,0.000059
g_row\[0\].g_col\[1\].pe/_1619_,VGND,li1,29.2100,48.9600,0.000148
g_row\[0\].g_col\[1\].pe/_1618_,VGND,li1,25.5300,48.9600,0.000136
g_row\[0\].g_col\[1\].pe/_1617_,VGND,li1,15.4100,70.7200,0.000062
g_row\[0\].g_col\[1\].pe/_1616_,VGND,li1,18.1700,48.9600,0.000131
g_row\[0\].g_col\[1\].pe/_1615_,VGND,li1,114.3100,59.8400,0.000214
g_row\[0\].g_col\[1\].pe/_1614_,VGND,li1,118.4500,65.2800,0.000209
g_row\[0\].g_col\[1\].pe/_1613_,VGND,li1,119.6000,59.8400,0.000219
g_row\[0\].g_col\[1\].pe/_1612_,VGND,li1,108.7900,54.4000,0.000176
g_row\[0\].g_col\[1\].pe/_1611_,VGND,li1,105.1100,59.8400,0.000203
g_row\[0\].g_col\[1\].pe/_1610_,VGND,li1,102.5800,54.4000,0.000173
g_row\[0\].g_col\[1\].pe/_1609_,VGND,li1,94.0700,59.8400,0.000185
g_row\[0\].g_col\[1\].pe/_1608_,VGND,li1,89.2400,59.8400,0.000180
g_row\[0\].g_col\[1\].pe/_1607_,VGND,li1,134.5500,65.2800,0.000215
g_row\[0\].g_col\[1\].pe/_1606_,VGND,li1,128.5700,65.2800,0.000213
g_row\[0\].g_col\[1\].pe/_1605_,VGND,li1,128.3400,70.7200,0.000182
g_row\[0\].g_col\[1\].pe/_1604_,VGND,li1,124.4300,65.2800,0.000212
g_row\[0\].g_col\[1\].pe/_1603_,VGND,li1,126.7300,76.1600,0.000154
g_row\[0\].g_col\[1\].pe/_1602_,VGND,li1,129.9500,81.6000,0.000138
g_row\[0\].g_col\[1\].pe/_1601_,VGND,li1,128.8000,87.0400,0.000135
g_row\[0\].g_col\[1\].pe/_1598_,VGND,li1,128.8000,76.1600,0.000151
g_row\[0\].g_col\[1\].pe/_1597_,VGND,li1,123.5100,54.4000,0.000183
g_row\[0\].g_col\[1\].pe/_1596_,VGND,li1,118.6800,48.9600,0.000310
g_row\[0\].g_col\[1\].pe/_1595_,VGND,li1,148.8100,48.9600,0.000298
g_row\[0\].g_col\[1\].pe/_1594_,VGND,li1,148.8100,43.5200,0.000174
g_row\[0\].g_col\[1\].pe/_1593_,VGND,li1,148.8100,48.9600,0.000298
g_row\[0\].g_col\[1\].pe/_1592_,VGND,li1,154.7900,32.6400,0.000182
g_row\[0\].g_col\[1\].pe/_1591_,VGND,li1,153.4100,43.5200,0.000167
g_row\[0\].g_col\[1\].pe/_1590_,VGND,li1,150.1900,43.5200,0.000174
g_row\[0\].g_col\[1\].pe/_1589_,VGND,li1,149.7300,32.6400,0.000190
g_row\[0\].g_col\[1\].pe/_1588_,VGND,li1,135.0100,38.0800,0.000202
g_row\[0\].g_col\[1\].pe/_1587_,VGND,li1,144.2100,48.9600,0.000304
g_row\[0\].g_col\[1\].pe/_1586_,VGND,li1,138.2300,48.9600,0.000308
g_row\[0\].g_col\[1\].pe/_1585_,VGND,li1,136.3900,43.5200,0.000187
g_row\[0\].g_col\[1\].pe/_1584_,VGND,li1,105.5700,38.0800,0.000184
g_row\[0\].g_col\[1\].pe/_1583_,VGND,li1,128.1100,48.9600,0.000311
g_row\[0\].g_col\[1\].pe/_1582_,VGND,li1,79.8100,48.9600,0.000290
g_row\[0\].g_col\[1\].pe/_1581_,VGND,li1,77.0500,48.9600,0.000286
g_row\[0\].g_col\[1\].pe/_1580_,VGND,li1,62.5600,38.0800,0.000132
g_row\[0\].g_col\[1\].pe/_1579_,VGND,li1,54.0500,48.9600,0.000239
g_row\[0\].g_col\[1\].pe/_1578_,VGND,li1,49.9100,48.9600,0.000227
g_row\[0\].g_col\[1\].pe/_1577_,VGND,li1,45.0800,48.9600,0.000216
g_row\[0\].g_col\[1\].pe/_1576_,VGND,li1,39.3300,48.9600,0.000196
g_row\[0\].g_col\[1\].pe/_1575_,VGND,li1,35.1900,54.4000,0.000080
g_row\[0\].g_col\[1\].pe/_1574_,VGND,li1,36.1100,54.4000,0.000080
g_row\[0\].g_col\[1\].pe/_1573_,VGND,li1,36.5700,43.5200,0.000127
g_row\[0\].g_col\[1\].pe/_1572_,VGND,li1,34.5000,43.5200,0.000121
g_row\[0\].g_col\[1\].pe/_1571_,VGND,li1,124.8900,48.9600,0.000311
g_row\[0\].g_col\[1\].pe/_1570_,VGND,li1,123.0500,54.4000,0.000183
g_row\[0\].g_col\[1\].pe/_1569_,VGND,li1,119.6000,54.4000,0.000182
g_row\[0\].g_col\[1\].pe/_1568_,VGND,li1,117.0700,48.9600,0.000310
g_row\[0\].g_col\[1\].pe/_1567_,VGND,li1,114.3100,48.9600,0.000310
g_row\[0\].g_col\[1\].pe/_1566_,VGND,li1,111.3200,43.5200,0.000200
g_row\[0\].g_col\[1\].pe/_1565_,VGND,li1,100.9700,54.4000,0.000171
g_row\[0\].g_col\[1\].pe/_1564_,VGND,li1,93.3800,54.4000,0.000165
g_row\[0\].g_col\[1\].pe/_1563_,VGND,li1,142.3700,54.4000,0.000186
g_row\[0\].g_col\[1\].pe/_1562_,VGND,li1,141.2200,54.4000,0.000186
g_row\[0\].g_col\[1\].pe/_1561_,VGND,li1,140.9900,48.9600,0.000306
g_row\[0\].g_col\[1\].pe/_1560_,VGND,li1,143.9800,65.2800,0.000215
g_row\[0\].g_col\[1\].pe/_1559_,VGND,li1,149.7300,70.7200,0.000169
g_row\[0\].g_col\[1\].pe/_1558_,VGND,li1,146.2800,70.7200,0.000172
g_row\[0\].g_col\[1\].pe/_1557_,VGND,li1,150.6500,76.1600,0.000129
g_row\[0\].g_col\[1\].pe/_1556_,VGND,li1,147.6600,81.6000,0.000135
g_row\[0\].g_col\[1\].pe/_1555_,VGND,li1,136.1600,54.4000,0.000185
g_row\[0\].g_col\[1\].pe/_1554_,VGND,li1,103.9600,48.9600,0.000306
g_row\[0\].g_col\[1\].pe/_1553_,VGND,li1,148.1200,38.0800,0.000201
g_row\[0\].g_col\[1\].pe/_1552_,VGND,li1,145.5900,38.0800,0.000202
g_row\[0\].g_col\[1\].pe/_1551_,VGND,li1,161.9200,27.2000,0.000146
g_row\[0\].g_col\[1\].pe/_1550_,VGND,li1,155.2500,32.6400,0.000182
g_row\[0\].g_col\[1\].pe/_1549_,VGND,li1,137.5400,32.6400,0.000201
g_row\[0\].g_col\[1\].pe/_1548_,VGND,li1,150.6500,32.6400,0.000190
g_row\[0\].g_col\[1\].pe/_1547_,VGND,li1,153.4100,38.0800,0.000200
g_row\[0\].g_col\[1\].pe/_1546_,VGND,li1,151.1100,38.0800,0.000201
g_row\[0\].g_col\[1\].pe/_1545_,VGND,li1,144.2100,43.5200,0.000180
g_row\[0\].g_col\[1\].pe/_1544_,VGND,li1,149.2700,76.1600,0.000129
g_row\[0\].g_col\[1\].pe/_1543_,VGND,li1,144.4400,76.1600,0.000135
g_row\[0\].g_col\[1\].pe/_1541_,VGND,li1,180.5500,81.6000,0.000120
g_row\[0\].g_col\[1\].pe/_1540_,VGND,li1,180.3200,76.1600,0.000086
g_row\[0\].g_col\[1\].pe/_1538_,VGND,li1,144.6700,76.1600,0.000135
g_row\[0\].g_col\[1\].pe/_1537_,VGND,li1,125.3500,38.0800,0.000199
g_row\[0\].g_col\[1\].pe/_1536_,VGND,li1,121.4400,48.9600,0.000311
g_row\[0\].g_col\[1\].pe/_1535_,VGND,li1,155.2500,38.0800,0.000199
g_row\[0\].g_col\[1\].pe/_1534_,VGND,li1,139.1500,38.0800,0.000203
g_row\[0\].g_col\[1\].pe/_1533_,VGND,li1,136.3900,43.5200,0.000187
g_row\[0\].g_col\[1\].pe/_1532_,VGND,li1,134.5500,48.9600,0.000310
g_row\[0\].g_col\[1\].pe/_1531_,VGND,li1,133.1700,54.4000,0.000185
g_row\[0\].g_col\[1\].pe/_1530_,VGND,li1,132.0200,54.4000,0.000185
g_row\[0\].g_col\[1\].pe/_1529_,VGND,li1,108.3300,48.9600,0.000308
g_row\[0\].g_col\[1\].pe/_1528_,VGND,li1,105.5700,48.9600,0.000306
g_row\[0\].g_col\[1\].pe/_1527_,VGND,li1,100.7400,48.9600,0.000305
g_row\[0\].g_col\[1\].pe/_1526_,VGND,li1,99.1300,48.9600,0.000304
g_row\[0\].g_col\[1\].pe/_1525_,VGND,li1,92.4600,43.5200,0.000201
g_row\[0\].g_col\[1\].pe/_1524_,VGND,li1,106.4900,43.5200,0.000201
g_row\[0\].g_col\[1\].pe/_1523_,VGND,li1,80.7300,43.5200,0.000198
g_row\[0\].g_col\[1\].pe/_1522_,VGND,li1,74.7500,43.5200,0.000196
g_row\[0\].g_col\[1\].pe/_1521_,VGND,li1,75.9000,43.5200,0.000196
g_row\[0\].g_col\[1\].pe/_1520_,VGND,li1,61.8700,43.5200,0.000189
g_row\[0\].g_col\[1\].pe/_1519_,VGND,li1,48.5300,43.5200,0.000160
g_row\[0\].g_col\[1\].pe/_1518_,VGND,li1,42.0900,38.0800,0.000098
g_row\[0\].g_col\[1\].pe/_1517_,VGND,li1,52.2100,43.5200,0.000169
g_row\[0\].g_col\[1\].pe/_1516_,VGND,li1,55.2000,43.5200,0.000176
g_row\[0\].g_col\[1\].pe/_1515_,VGND,li1,102.3500,38.0800,0.000182
g_row\[0\].g_col\[1\].pe/_1514_,VGND,li1,99.3600,38.0800,0.000179
g_row\[0\].g_col\[1\].pe/_1513_,VGND,li1,131.7900,38.0800,0.000201
g_row\[0\].g_col\[1\].pe/_1512_,VGND,li1,109.7100,38.0800,0.000189
g_row\[0\].g_col\[1\].pe/_1511_,VGND,li1,136.3900,32.6400,0.000201
g_row\[0\].g_col\[1\].pe/_1510_,VGND,li1,132.7100,32.6400,0.000203
g_row\[0\].g_col\[1\].pe/_1509_,VGND,li1,137.7700,38.0800,0.000203
g_row\[0\].g_col\[1\].pe/_1508_,VGND,li1,122.5900,43.5200,0.000196
g_row\[0\].g_col\[1\].pe/_1507_,VGND,li1,119.6000,32.6400,0.000199
g_row\[0\].g_col\[1\].pe/_1506_,VGND,li1,139.1500,43.5200,0.000184
g_row\[0\].g_col\[1\].pe/_1504_,VGND,li1,187.4500,81.6000,0.000145
g_row\[0\].g_col\[1\].pe/_1503_,VGND,li1,177.7900,81.6000,0.000113
g_row\[0\].g_col\[1\].pe/_1502_,VGND,li1,181.7000,81.6000,0.000129
g_row\[0\].g_col\[1\].pe/_1501_,VGND,li1,131.3300,32.6400,0.000203
g_row\[0\].g_col\[1\].pe/_1500_,VGND,li1,129.9500,38.0800,0.000201
g_row\[0\].g_col\[1\].pe/_1499_,VGND,li1,127.1900,43.5200,0.000193
g_row\[0\].g_col\[1\].pe/_1498_,VGND,li1,128.5700,43.5200,0.000193
g_row\[0\].g_col\[1\].pe/_1497_,VGND,li1,129.2600,59.8400,0.000225
g_row\[0\].g_col\[1\].pe/_1496_,VGND,li1,118.4500,43.5200,0.000197
g_row\[0\].g_col\[1\].pe/_1495_,VGND,li1,115.6900,43.5200,0.000198
g_row\[0\].g_col\[1\].pe/_1494_,VGND,li1,110.8600,43.5200,0.000200
g_row\[0\].g_col\[1\].pe/_1493_,VGND,li1,99.1300,43.5200,0.000202
g_row\[0\].g_col\[1\].pe/_1492_,VGND,li1,88.7800,43.5200,0.000200
g_row\[0\].g_col\[1\].pe/_1491_,VGND,li1,113.8500,38.0800,0.000192
g_row\[0\].g_col\[1\].pe/_1490_,VGND,li1,104.6500,43.5200,0.000201
g_row\[0\].g_col\[1\].pe/_1489_,VGND,li1,87.1700,43.5200,0.000200
g_row\[0\].g_col\[1\].pe/_1488_,VGND,li1,82.8000,38.0800,0.000161
g_row\[0\].g_col\[1\].pe/_1487_,VGND,li1,98.6700,43.5200,0.000202
g_row\[0\].g_col\[1\].pe/_1486_,VGND,li1,58.1900,38.0800,0.000124
g_row\[0\].g_col\[1\].pe/_1485_,VGND,li1,53.1300,38.0800,0.000116
g_row\[0\].g_col\[1\].pe/_1484_,VGND,li1,71.0700,43.5200,0.000193
g_row\[0\].g_col\[1\].pe/_1483_,VGND,li1,67.1600,43.5200,0.000192
g_row\[0\].g_col\[1\].pe/_1482_,VGND,li1,89.0100,38.0800,0.000167
g_row\[0\].g_col\[1\].pe/_1481_,VGND,li1,76.8200,38.0800,0.000153
g_row\[0\].g_col\[1\].pe/_1480_,VGND,li1,126.7300,27.2000,0.000172
g_row\[0\].g_col\[1\].pe/_1479_,VGND,li1,104.1900,32.6400,0.000191
g_row\[0\].g_col\[1\].pe/_1478_,VGND,li1,125.8100,32.6400,0.000202
g_row\[0\].g_col\[1\].pe/_1477_,VGND,li1,127.1900,38.0800,0.000200
g_row\[0\].g_col\[1\].pe/_1476_,VGND,li1,126.9600,54.4000,0.000184
g_row\[0\].g_col\[1\].pe/_1474_,VGND,li1,158.4700,76.1600,0.000116
g_row\[0\].g_col\[1\].pe/_1473_,VGND,li1,162.6100,76.1600,0.000109
g_row\[0\].g_col\[1\].pe/_1471_,VGND,li1,161.0000,70.7200,0.000152
g_row\[0\].g_col\[1\].pe/_1470_,VGND,li1,161.6900,76.1600,0.000113
g_row\[0\].g_col\[1\].pe/_1469_,VGND,li1,159.3900,76.1600,0.000116
g_row\[0\].g_col\[1\].pe/_1466_,VGND,li1,186.9900,70.7200,0.000135
g_row\[0\].g_col\[1\].pe/_1465_,VGND,li1,119.8300,38.0800,0.000196
g_row\[0\].g_col\[1\].pe/_1464_,VGND,li1,113.8500,38.0800,0.000192
g_row\[0\].g_col\[1\].pe/_1463_,VGND,li1,111.7800,32.6400,0.000196
g_row\[0\].g_col\[1\].pe/_1461_,VGND,li1,68.7700,59.8400,0.000145
g_row\[0\].g_col\[1\].pe/_1460_,VGND,li1,67.8500,54.4000,0.000135
g_row\[0\].g_col\[1\].pe/_1459_,VGND,li1,68.3100,59.8400,0.000145
g_row\[0\].g_col\[1\].pe/_1457_,VGND,li1,76.5900,54.4000,0.000146
g_row\[0\].g_col\[1\].pe/_1453_,VGND,li1,105.1100,54.4000,0.000174
g_row\[0\].g_col\[1\].pe/_1452_,VGND,li1,100.9700,38.0800,0.000179
g_row\[0\].g_col\[1\].pe/_1451_,VGND,li1,95.6800,38.0800,0.000175
g_row\[0\].g_col\[1\].pe/_1449_,VGND,li1,61.8700,59.8400,0.000134
g_row\[0\].g_col\[1\].pe/_1448_,VGND,li1,62.7900,54.4000,0.000128
g_row\[0\].g_col\[1\].pe/_1447_,VGND,li1,53.1300,59.8400,0.000120
g_row\[0\].g_col\[1\].pe/_1444_,VGND,li1,36.1100,59.8400,0.000085
g_row\[0\].g_col\[1\].pe/_1443_,VGND,li1,100.0500,32.6400,0.000187
g_row\[0\].g_col\[1\].pe/_1442_,VGND,li1,90.8500,38.0800,0.000171
g_row\[0\].g_col\[1\].pe/_1441_,VGND,li1,86.2500,32.6400,0.000173
g_row\[0\].g_col\[1\].pe/_1440_,VGND,li1,80.9600,38.0800,0.000158
g_row\[0\].g_col\[1\].pe/_1438_,VGND,li1,77.0500,38.0800,0.000153
g_row\[0\].g_col\[1\].pe/_1437_,VGND,li1,60.4900,38.0800,0.000129
g_row\[0\].g_col\[1\].pe/_1436_,VGND,li1,54.9700,38.0800,0.000120
g_row\[0\].g_col\[1\].pe/_1432_,VGND,li1,71.0700,38.0800,0.000145
g_row\[0\].g_col\[1\].pe/_1431_,VGND,li1,66.2400,38.0800,0.000138
g_row\[0\].g_col\[1\].pe/_1429_,VGND,li1,85.3300,38.0800,0.000164
g_row\[0\].g_col\[1\].pe/_1428_,VGND,li1,75.9000,32.6400,0.000158
g_row\[0\].g_col\[1\].pe/_1427_,VGND,li1,82.5700,27.2000,0.000139
g_row\[0\].g_col\[1\].pe/_1426_,VGND,li1,80.5000,32.6400,0.000165
g_row\[0\].g_col\[1\].pe/_1424_,VGND,li1,16.7900,65.2800,0.000062
g_row\[0\].g_col\[1\].pe/_1423_,VGND,li1,13.1100,54.4000,0.000061
g_row\[0\].g_col\[1\].pe/_1422_,VGND,li1,15.8700,59.8400,0.000062
g_row\[0\].g_col\[1\].pe/_1421_,VGND,li1,11.7300,48.9600,0.000134
g_row\[0\].g_col\[1\].pe/_1420_,VGND,li1,76.5900,32.6400,0.000158
g_row\[0\].g_col\[1\].pe/_1419_,VGND,li1,58.6500,32.6400,0.000127
g_row\[0\].g_col\[1\].pe/_1418_,VGND,li1,59.5700,32.6400,0.000131
g_row\[0\].g_col\[1\].pe/_1416_,VGND,li1,14.9500,43.5200,0.000096
g_row\[0\].g_col\[1\].pe/_1415_,VGND,li1,16.7900,48.9600,0.000132
g_row\[0\].g_col\[1\].pe/_1414_,VGND,li1,10.3500,43.5200,0.000097
g_row\[0\].g_col\[1\].pe/_1413_,VGND,li1,71.5300,32.6400,0.000149
g_row\[0\].g_col\[1\].pe/_1412_,VGND,li1,66.2400,38.0800,0.000138
g_row\[0\].g_col\[1\].pe/_1411_,VGND,li1,13.1100,43.5200,0.000097
g_row\[0\].g_col\[1\].pe/_1408_,VGND,li1,94.5300,130.5600,0.000378
g_row\[0\].g_col\[1\].pe/_1407_,VGND,li1,99.1300,136.0000,0.000261
g_row\[0\].g_col\[1\].pe/_1406_,VGND,li1,101.8900,136.0000,0.000261
g_row\[0\].g_col\[1\].pe/_1405_,VGND,li1,187.4500,130.5600,0.000195
g_row\[0\].g_col\[1\].pe/_1404_,VGND,li1,189.7500,125.1200,0.000324
g_row\[0\].g_col\[1\].pe/_1403_,VGND,li1,166.9800,70.7200,0.000141
g_row\[0\].g_col\[1\].pe/_1402_,VGND,li1,163.0700,59.8400,0.000212
g_row\[0\].g_col\[1\].pe/_1401_,VGND,li1,175.2600,65.2800,0.000181
g_row\[0\].g_col\[1\].pe/_1400_,VGND,li1,175.0300,76.1600,0.000087
g_row\[0\].g_col\[1\].pe/_1399_,VGND,li1,178.9400,70.7200,0.000121
g_row\[0\].g_col\[1\].pe/_1398_,VGND,li1,171.8100,70.7200,0.000132
g_row\[0\].g_col\[1\].pe/_1397_,VGND,li1,175.2600,70.7200,0.000126
g_row\[0\].g_col\[1\].pe/_1396_,VGND,li1,174.1100,76.1600,0.000091
g_row\[0\].g_col\[1\].pe/_1395_,VGND,li1,162.3800,65.2800,0.000206
g_row\[0\].g_col\[1\].pe/_1394_,VGND,li1,162.6100,65.2800,0.000206
g_row\[0\].g_col\[1\].pe/_1393_,VGND,li1,160.0800,48.9600,0.000283
g_row\[0\].g_col\[1\].pe/_1392_,VGND,li1,158.9300,48.9600,0.000287
g_row\[0\].g_col\[1\].pe/_1391_,VGND,li1,160.5400,54.4000,0.000177
g_row\[0\].g_col\[1\].pe/_1389_,VGND,li1,158.9300,54.4000,0.000177
g_row\[0\].g_col\[1\].pe/_1388_,VGND,li1,80.0400,54.4000,0.000151
g_row\[0\].g_col\[1\].pe/_1387_,VGND,li1,151.5700,48.9600,0.000295
g_row\[0\].g_col\[1\].pe/_1386_,VGND,li1,175.2600,65.2800,0.000181
g_row\[0\].g_col\[1\].pe/_1385_,VGND,li1,171.3500,54.4000,0.000163
g_row\[0\].g_col\[1\].pe/_1384_,VGND,li1,55.2000,48.9600,0.000244
g_row\[0\].g_col\[1\].pe/_1383_,VGND,li1,160.7700,43.5200,0.000153
g_row\[0\].g_col\[1\].pe/_1380_,VGND,li1,162.8400,43.5200,0.000149
g_row\[0\].g_col\[1\].pe/_1377_,VGND,li1,7.5900,141.4400,0.000132
g_row\[0\].g_col\[1\].pe/_1376_,VGND,li1,165.8300,43.5200,0.000143
g_row\[0\].g_col\[1\].pe/_1374_,VGND,li1,156.1700,54.4000,0.000180
g_row\[0\].g_col\[1\].pe/_1372_,VGND,li1,187.6800,59.8400,0.000230
g_row\[0\].g_col\[1\].pe/_1371_,VGND,li1,9.8900,114.2400,0.000236
g_row\[0\].g_col\[1\].pe/_1370_,VGND,li1,14.7200,114.2400,0.000236
g_row\[0\].g_col\[1\].pe/_1369_,VGND,li1,35.6500,125.1200,0.000262
g_row\[0\].g_col\[1\].pe/_1368_,VGND,li1,11.7300,108.8000,0.000165
g_row\[0\].g_col\[1\].pe/_1367_,VGND,li1,16.3300,114.2400,0.000236
g_row\[0\].g_col\[1\].pe/_1366_,VGND,li1,11.7300,114.2400,0.000236
g_row\[0\].g_col\[1\].pe/_1365_,VGND,li1,10.1200,119.6800,0.000191
g_row\[0\].g_col\[1\].pe/_1364_,VGND,li1,25.0700,119.6800,0.000190
g_row\[0\].g_col\[1\].pe/_1363_,VGND,li1,15.4100,119.6800,0.000191
g_row\[0\].g_col\[1\].pe/_1362_,VGND,li1,10.8100,119.6800,0.000191
g_row\[0\].g_col\[1\].pe/_1361_,VGND,li1,14.9500,119.6800,0.000191
g_row\[0\].g_col\[1\].pe/_1360_,VGND,li1,10.8100,125.1200,0.000187
g_row\[0\].g_col\[1\].pe/_1359_,VGND,li1,16.3300,125.1200,0.000187
g_row\[0\].g_col\[1\].pe/_1358_,VGND,li1,20.4700,119.6800,0.000190
g_row\[0\].g_col\[1\].pe/_1357_,VGND,li1,15.4100,125.1200,0.000187
g_row\[0\].g_col\[1\].pe/_1356_,VGND,li1,16.3300,130.5600,0.000172
g_row\[0\].g_col\[1\].pe/_1355_,VGND,li1,14.9500,130.5600,0.000172
g_row\[0\].g_col\[1\].pe/_1354_,VGND,li1,28.7500,130.5600,0.000170
g_row\[0\].g_col\[1\].pe/_1353_,VGND,li1,21.8500,130.5600,0.000168
g_row\[0\].g_col\[1\].pe/_1352_,VGND,li1,25.3000,136.0000,0.000098
g_row\[0\].g_col\[1\].pe/_1351_,VGND,li1,22.7700,136.0000,0.000099
g_row\[0\].g_col\[1\].pe/_1350_,VGND,li1,24.6100,141.4400,0.000124
g_row\[0\].g_col\[1\].pe/_1349_,VGND,li1,25.0700,146.8800,0.000130
g_row\[0\].g_col\[1\].pe/_1348_,VGND,li1,28.2900,136.0000,0.000105
g_row\[0\].g_col\[1\].pe/_1347_,VGND,li1,36.1100,141.4400,0.000172
g_row\[0\].g_col\[1\].pe/_1346_,VGND,li1,34.7300,141.4400,0.000172
g_row\[0\].g_col\[1\].pe/_1345_,VGND,li1,37.2600,136.0000,0.000140
g_row\[0\].g_col\[1\].pe/_1344_,VGND,li1,40.7100,141.4400,0.000192
g_row\[0\].g_col\[1\].pe/_1343_,VGND,li1,40.7100,136.0000,0.000147
g_row\[0\].g_col\[1\].pe/_1342_,VGND,li1,39.3300,136.0000,0.000147
g_row\[0\].g_col\[1\].pe/_1341_,VGND,li1,37.0300,130.5600,0.000217
g_row\[0\].g_col\[1\].pe/_1340_,VGND,li1,28.2900,32.6400,0.000070
g_row\[0\].g_col\[0\].pe/_2776_,VGND,li1,215.7400,266.5600,0.000060
g_row\[0\].g_col\[0\].pe/_2775_,VGND,li1,189.5200,261.1200,0.000260
g_row\[0\].g_col\[0\].pe/_2771_,VGND,li1,168.5900,239.3600,0.000335
g_row\[0\].g_col\[0\].pe/_2770_,VGND,li1,258.7500,239.3600,0.000565
g_row\[0\].g_col\[0\].pe/_2769_,VGND,li1,260.1300,244.8000,0.000609
g_row\[0\].g_col\[0\].pe/_2768_,VGND,li1,244.4900,261.1200,0.000343
g_row\[0\].g_col\[0\].pe/_2767_,VGND,li1,259.2100,250.2400,0.000440
g_row\[0\].g_col\[0\].pe/_2766_,VGND,li1,263.3500,261.1200,0.000352
g_row\[0\].g_col\[0\].pe/_2765_,VGND,li1,254.6100,261.1200,0.000349
g_row\[0\].g_col\[0\].pe/_2764_,VGND,li1,222.4100,255.6800,0.000450
g_row\[0\].g_col\[0\].pe/_2763_,VGND,li1,225.6300,244.8000,0.000571
g_row\[0\].g_col\[0\].pe/_2762_,VGND,li1,218.7300,233.9200,0.000387
g_row\[0\].g_col\[0\].pe/_2761_,VGND,li1,205.3900,228.4800,0.000289
g_row\[0\].g_col\[0\].pe/_2760_,VGND,li1,194.3500,228.4800,0.000260
g_row\[0\].g_col\[0\].pe/_2759_,VGND,li1,182.3900,244.8000,0.000367
g_row\[0\].g_col\[0\].pe/_2758_,VGND,li1,185.1500,250.2400,0.000327
g_row\[0\].g_col\[0\].pe/_2757_,VGND,li1,175.4900,261.1200,0.000271
g_row\[0\].g_col\[0\].pe/_2756_,VGND,li1,164.4500,255.6800,0.000345
g_row\[0\].g_col\[0\].pe/_2755_,VGND,li1,172.2700,233.9200,0.000238
g_row\[0\].g_col\[0\].pe/_2754_,VGND,li1,150.1900,233.9200,0.000303
g_row\[0\].g_col\[0\].pe/_2753_,VGND,li1,106.0300,239.3600,0.000411
g_row\[0\].g_col\[0\].pe/_2752_,VGND,li1,113.8500,239.3600,0.000426
g_row\[0\].g_col\[0\].pe/_2751_,VGND,li1,130.8700,239.3600,0.000437
g_row\[0\].g_col\[0\].pe/_2750_,VGND,li1,117.5300,244.8000,0.000622
g_row\[0\].g_col\[0\].pe/_2749_,VGND,li1,134.5500,250.2400,0.000519
g_row\[0\].g_col\[0\].pe/_2748_,VGND,li1,115.2300,261.1200,0.000587
g_row\[0\].g_col\[0\].pe/_2747_,VGND,li1,115.2300,266.5600,0.000170
g_row\[0\].g_col\[0\].pe/_2746_,VGND,li1,117.5300,255.6800,0.000490
g_row\[0\].g_col\[0\].pe/_2745_,VGND,li1,117.5300,250.2400,0.000529
g_row\[0\].g_col\[0\].pe/_2744_,VGND,li1,122.5900,250.2400,0.000528
g_row\[0\].g_col\[0\].pe/_2743_,VGND,li1,119.8300,239.3600,0.000433
g_row\[0\].g_col\[0\].pe/_2742_,VGND,li1,136.8500,228.4800,0.000238
g_row\[0\].g_col\[0\].pe/_2741_,VGND,li1,134.5500,233.9200,0.000323
g_row\[0\].g_col\[0\].pe/_2740_,VGND,li1,156.1700,239.3600,0.000380
g_row\[0\].g_col\[0\].pe/_2739_,VGND,li1,160.3100,239.3600,0.000364
g_row\[0\].g_col\[0\].pe/_2738_,VGND,li1,161.6900,228.4800,0.000212
g_row\[0\].g_col\[0\].pe/_2737_,VGND,li1,148.3500,217.6000,0.000270
g_row\[0\].g_col\[0\].pe/_2736_,VGND,li1,158.9300,212.1600,0.000211
g_row\[0\].g_col\[0\].pe/_2735_,VGND,li1,140.9900,223.0400,0.000352
g_row\[0\].g_col\[0\].pe/_2734_,VGND,li1,155.7100,223.0400,0.000346
g_row\[0\].g_col\[0\].pe/_2733_,VGND,li1,138.6900,217.6000,0.000281
g_row\[0\].g_col\[0\].pe/_2732_,VGND,li1,143.2900,212.1600,0.000236
g_row\[0\].g_col\[0\].pe/_2731_,VGND,li1,148.8100,212.1600,0.000231
g_row\[0\].g_col\[0\].pe/_2730_,VGND,li1,63.7100,206.7200,0.000212
g_row\[0\].g_col\[0\].pe/_2729_,VGND,li1,56.8100,184.9600,0.000167
g_row\[0\].g_col\[0\].pe/_2728_,VGND,li1,146.0500,201.2800,0.000220
g_row\[0\].g_col\[0\].pe/_2727_,VGND,li1,60.9500,179.5200,0.000183
g_row\[0\].g_col\[0\].pe/_2726_,VGND,li1,141.4500,179.5200,0.000256
g_row\[0\].g_col\[0\].pe/_2725_,VGND,li1,129.4900,179.5200,0.000271
g_row\[0\].g_col\[0\].pe/_2724_,VGND,li1,107.4100,179.5200,0.000266
g_row\[0\].g_col\[0\].pe/_2723_,VGND,li1,117.5300,174.0800,0.000262
g_row\[0\].g_col\[0\].pe/_2722_,VGND,li1,143.2900,223.0400,0.000352
g_row\[0\].g_col\[0\].pe/_2721_,VGND,li1,179.6300,206.7200,0.000213
g_row\[0\].g_col\[0\].pe/_2720_,VGND,li1,177.3300,212.1600,0.000166
g_row\[0\].g_col\[0\].pe/_2719_,VGND,li1,193.8900,212.1600,0.000207
g_row\[0\].g_col\[0\].pe/_2718_,VGND,li1,207.2300,223.0400,0.000374
g_row\[0\].g_col\[0\].pe/_2717_,VGND,li1,195.7300,228.4800,0.000260
g_row\[0\].g_col\[0\].pe/_2716_,VGND,li1,181.9300,217.6000,0.000208
g_row\[0\].g_col\[0\].pe/_2715_,VGND,li1,203.0900,217.6000,0.000293
g_row\[0\].g_col\[0\].pe/_2714_,VGND,li1,178.2500,217.6000,0.000191
g_row\[0\].g_col\[0\].pe/_2713_,VGND,li1,181.9300,201.2800,0.000182
g_row\[0\].g_col\[0\].pe/_2712_,VGND,li1,191.1300,206.7200,0.000265
g_row\[0\].g_col\[0\].pe/_2711_,VGND,li1,185.1500,201.2800,0.000195
g_row\[0\].g_col\[0\].pe/_2710_,VGND,li1,192.5100,195.8400,0.000174
g_row\[0\].g_col\[0\].pe/_2709_,VGND,li1,183.7700,184.9600,0.000136
g_row\[0\].g_col\[0\].pe/_2708_,VGND,li1,190.2100,184.9600,0.000152
g_row\[0\].g_col\[0\].pe/_2707_,VGND,li1,184.6900,195.8400,0.000161
g_row\[0\].g_col\[0\].pe/_2706_,VGND,li1,188.3700,179.5200,0.000222
g_row\[0\].g_col\[0\].pe/_2705_,VGND,li1,53.1300,157.7600,0.000176
g_row\[0\].g_col\[0\].pe/_2704_,VGND,li1,53.1300,168.6400,0.000182
g_row\[0\].g_col\[0\].pe/_2703_,VGND,li1,53.1300,168.6400,0.000182
g_row\[0\].g_col\[0\].pe/_2702_,VGND,li1,46.2300,163.2000,0.000210
g_row\[0\].g_col\[0\].pe/_2701_,VGND,li1,40.2500,168.6400,0.000156
g_row\[0\].g_col\[0\].pe/_2700_,VGND,li1,31.5100,174.0800,0.000230
g_row\[0\].g_col\[0\].pe/_2699_,VGND,li1,22.7700,174.0800,0.000197
g_row\[0\].g_col\[0\].pe/_2698_,VGND,li1,63.2500,174.0800,0.000303
g_row\[0\].g_col\[0\].pe/_2697_,VGND,li1,30.1300,168.6400,0.000135
g_row\[0\].g_col\[0\].pe/_2696_,VGND,li1,10.8100,174.0800,0.000203
g_row\[0\].g_col\[0\].pe/_2695_,VGND,li1,31.5100,163.2000,0.000159
g_row\[0\].g_col\[0\].pe/_2694_,VGND,li1,59.5700,163.2000,0.000239
g_row\[0\].g_col\[0\].pe/_2693_,VGND,li1,53.1300,157.7600,0.000176
g_row\[0\].g_col\[0\].pe/_2692_,VGND,li1,63.7100,157.7600,0.000187
g_row\[0\].g_col\[0\].pe/_2691_,VGND,li1,64.1700,157.7600,0.000187
g_row\[0\].g_col\[0\].pe/_2690_,VGND,li1,112.9300,174.0800,0.000268
g_row\[0\].g_col\[0\].pe/_2689_,VGND,li1,109.9400,174.0800,0.000273
g_row\[0\].g_col\[0\].pe/_2688_,VGND,li1,126.0400,217.6000,0.000289
g_row\[0\].g_col\[0\].pe/_2687_,VGND,li1,143.5200,184.9600,0.000172
g_row\[0\].g_col\[0\].pe/_2686_,VGND,li1,145.1300,179.5200,0.000250
g_row\[0\].g_col\[0\].pe/_2685_,VGND,li1,130.6400,184.9600,0.000184
g_row\[0\].g_col\[0\].pe/_2684_,VGND,li1,127.1900,179.5200,0.000272
g_row\[0\].g_col\[0\].pe/_2683_,VGND,li1,114.5400,179.5200,0.000274
g_row\[0\].g_col\[0\].pe/_2682_,VGND,li1,110.1700,179.5200,0.000269
g_row\[0\].g_col\[0\].pe/_2681_,VGND,li1,119.1400,179.5200,0.000278
g_row\[0\].g_col\[0\].pe/_2680_,VGND,li1,117.9900,174.0800,0.000262
g_row\[0\].g_col\[0\].pe/_2679_,VGND,li1,146.7400,223.0400,0.000350
g_row\[0\].g_col\[0\].pe/_2678_,VGND,li1,149.7300,223.0400,0.000349
g_row\[0\].g_col\[0\].pe/_2677_,VGND,li1,175.2600,201.2800,0.000167
g_row\[0\].g_col\[0\].pe/_2676_,VGND,li1,171.8100,212.1600,0.000181
g_row\[0\].g_col\[0\].pe/_2675_,VGND,li1,170.2000,217.6000,0.000218
g_row\[0\].g_col\[0\].pe/_2674_,VGND,li1,168.1300,223.0400,0.000310
g_row\[0\].g_col\[0\].pe/_2673_,VGND,li1,164.9100,223.0400,0.000322
g_row\[0\].g_col\[0\].pe/_2672_,VGND,li1,164.9100,217.6000,0.000235
g_row\[0\].g_col\[0\].pe/_2671_,VGND,li1,165.3700,217.6000,0.000235
g_row\[0\].g_col\[0\].pe/_2670_,VGND,li1,171.1200,212.1600,0.000181
g_row\[0\].g_col\[0\].pe/_2669_,VGND,li1,182.3900,212.1600,0.000173
g_row\[0\].g_col\[0\].pe/_2668_,VGND,li1,188.1400,212.1600,0.000191
g_row\[0\].g_col\[0\].pe/_2667_,VGND,li1,189.7500,212.1600,0.000199
g_row\[0\].g_col\[0\].pe/_2666_,VGND,li1,195.0400,223.0400,0.000333
g_row\[0\].g_col\[0\].pe/_2665_,VGND,li1,197.5700,217.6000,0.000269
g_row\[0\].g_col\[0\].pe/_2664_,VGND,li1,190.9000,223.0400,0.000314
g_row\[0\].g_col\[0\].pe/_2663_,VGND,li1,185.1500,223.0400,0.000286
g_row\[0\].g_col\[0\].pe/_2662_,VGND,li1,176.1800,217.6000,0.000198
g_row\[0\].g_col\[0\].pe/_2661_,VGND,li1,182.8500,223.0400,0.000276
g_row\[0\].g_col\[0\].pe/_2660_,VGND,li1,194.5800,217.6000,0.000260
g_row\[0\].g_col\[0\].pe/_2659_,VGND,li1,191.5900,217.6000,0.000248
g_row\[0\].g_col\[0\].pe/_2658_,VGND,li1,172.5000,217.6000,0.000210
g_row\[0\].g_col\[0\].pe/_2657_,VGND,li1,183.3100,217.6000,0.000208
g_row\[0\].g_col\[0\].pe/_2656_,VGND,li1,181.2400,206.7200,0.000224
g_row\[0\].g_col\[0\].pe/_2655_,VGND,li1,176.8700,201.2800,0.000167
g_row\[0\].g_col\[0\].pe/_2654_,VGND,li1,185.3800,206.7200,0.000241
g_row\[0\].g_col\[0\].pe/_2653_,VGND,li1,190.6700,201.2800,0.000213
g_row\[0\].g_col\[0\].pe/_2652_,VGND,li1,179.4000,201.2800,0.000171
g_row\[0\].g_col\[0\].pe/_2651_,VGND,li1,174.5700,195.8400,0.000175
g_row\[0\].g_col\[0\].pe/_2650_,VGND,li1,183.5400,195.8400,0.000161
g_row\[0\].g_col\[0\].pe/_2649_,VGND,li1,189.7500,195.8400,0.000171
g_row\[0\].g_col\[0\].pe/_2648_,VGND,li1,179.8600,190.4000,0.000138
g_row\[0\].g_col\[0\].pe/_2647_,VGND,li1,188.3700,190.4000,0.000149
g_row\[0\].g_col\[0\].pe/_2646_,VGND,li1,182.6200,179.5200,0.000199
g_row\[0\].g_col\[0\].pe/_2645_,VGND,li1,192.5100,190.4000,0.000154
g_row\[0\].g_col\[0\].pe/_2644_,VGND,li1,179.8600,195.8400,0.000151
g_row\[0\].g_col\[0\].pe/_2643_,VGND,li1,187.4500,195.8400,0.000167
g_row\[0\].g_col\[0\].pe/_2642_,VGND,li1,183.5400,184.9600,0.000136
g_row\[0\].g_col\[0\].pe/_2641_,VGND,li1,191.5900,179.5200,0.000238
g_row\[0\].g_col\[0\].pe/_2640_,VGND,li1,42.3200,157.7600,0.000156
g_row\[0\].g_col\[0\].pe/_2639_,VGND,li1,51.2900,152.3200,0.000161
g_row\[0\].g_col\[0\].pe/_2638_,VGND,li1,41.4000,157.7600,0.000152
g_row\[0\].g_col\[0\].pe/_2637_,VGND,li1,29.6700,157.7600,0.000128
g_row\[0\].g_col\[0\].pe/_2636_,VGND,li1,46.2300,152.3200,0.000157
g_row\[0\].g_col\[0\].pe/_2635_,VGND,li1,33.3500,168.6400,0.000142
g_row\[0\].g_col\[0\].pe/_2634_,VGND,li1,37.0300,174.0800,0.000259
g_row\[0\].g_col\[0\].pe/_2633_,VGND,li1,47.3800,168.6400,0.000171
g_row\[0\].g_col\[0\].pe/_2632_,VGND,li1,46.6900,174.0800,0.000297
g_row\[0\].g_col\[0\].pe/_2631_,VGND,li1,47.3800,157.7600,0.000166
g_row\[0\].g_col\[0\].pe/_2630_,VGND,li1,47.1500,163.2000,0.000210
g_row\[0\].g_col\[0\].pe/_2628_,VGND,li1,40.0200,163.2000,0.000194
g_row\[0\].g_col\[0\].pe/_2627_,VGND,li1,37.0300,163.2000,0.000179
g_row\[0\].g_col\[0\].pe/_2626_,VGND,li1,36.8000,168.6400,0.000147
g_row\[0\].g_col\[0\].pe/_2625_,VGND,li1,33.3500,174.0800,0.000240
g_row\[0\].g_col\[0\].pe/_2624_,VGND,li1,28.0600,168.6400,0.000129
g_row\[0\].g_col\[0\].pe/_2623_,VGND,li1,25.0700,168.6400,0.000121
g_row\[0\].g_col\[0\].pe/_2622_,VGND,li1,20.7000,168.6400,0.000131
g_row\[0\].g_col\[0\].pe/_2621_,VGND,li1,17.2500,168.6400,0.000138
g_row\[0\].g_col\[0\].pe/_2619_,VGND,li1,63.0200,168.6400,0.000191
g_row\[0\].g_col\[0\].pe/_2618_,VGND,li1,58.6500,168.6400,0.000186
g_row\[0\].g_col\[0\].pe/_2617_,VGND,li1,24.8400,163.2000,0.000130
g_row\[0\].g_col\[0\].pe/_2616_,VGND,li1,17.2500,163.2000,0.000136
g_row\[0\].g_col\[0\].pe/_2615_,VGND,li1,16.5600,174.0800,0.000200
g_row\[0\].g_col\[0\].pe/_2614_,VGND,li1,12.6500,179.5200,0.000082
g_row\[0\].g_col\[0\].pe/_2613_,VGND,li1,25.3000,163.2000,0.000130
g_row\[0\].g_col\[0\].pe/_2612_,VGND,li1,25.0700,168.6400,0.000121
g_row\[0\].g_col\[0\].pe/_2611_,VGND,li1,28.9800,163.2000,0.000149
g_row\[0\].g_col\[0\].pe/_2610_,VGND,li1,21.8500,163.2000,0.000132
g_row\[0\].g_col\[0\].pe/_2608_,VGND,li1,47.3800,157.7600,0.000166
g_row\[0\].g_col\[0\].pe/_2607_,VGND,li1,48.9900,152.3200,0.000159
g_row\[0\].g_col\[0\].pe/_2606_,VGND,li1,55.2000,152.3200,0.000163
g_row\[0\].g_col\[0\].pe/_2605_,VGND,li1,67.8500,163.2000,0.000243
g_row\[0\].g_col\[0\].pe/_2604_,VGND,li1,59.8000,152.3200,0.000166
g_row\[0\].g_col\[0\].pe/_2603_,VGND,li1,66.0100,152.3200,0.000169
g_row\[0\].g_col\[0\].pe/_2600_,VGND,li1,104.4200,174.0800,0.000278
g_row\[0\].g_col\[0\].pe/_2599_,VGND,li1,113.3900,179.5200,0.000272
g_row\[0\].g_col\[0\].pe/_2595_,VGND,li1,166.9800,244.8000,0.000443
g_row\[0\].g_col\[0\].pe/_2594_,VGND,li1,171.3500,239.3600,0.000314
g_row\[0\].g_col\[0\].pe/_2592_,VGND,li1,256.2200,239.3600,0.000564
g_row\[0\].g_col\[0\].pe/_2591_,VGND,li1,252.0800,244.8000,0.000607
g_row\[0\].g_col\[0\].pe/_2590_,VGND,li1,251.3900,239.3600,0.000561
g_row\[0\].g_col\[0\].pe/_2588_,VGND,li1,256.6800,250.2400,0.000441
g_row\[0\].g_col\[0\].pe/_2587_,VGND,li1,253.9200,244.8000,0.000608
g_row\[0\].g_col\[0\].pe/_2586_,VGND,li1,248.8600,244.8000,0.000607
g_row\[0\].g_col\[0\].pe/_2585_,VGND,li1,246.1000,244.8000,0.000606
g_row\[0\].g_col\[0\].pe/_2584_,VGND,li1,246.3300,244.8000,0.000606
g_row\[0\].g_col\[0\].pe/_2582_,VGND,li1,239.2000,261.1200,0.000336
g_row\[0\].g_col\[0\].pe/_2581_,VGND,li1,235.5200,261.1200,0.000328
g_row\[0\].g_col\[0\].pe/_2580_,VGND,li1,234.8300,255.6800,0.000494
g_row\[0\].g_col\[0\].pe/_2579_,VGND,li1,235.5200,250.2400,0.000445
g_row\[0\].g_col\[0\].pe/_2577_,VGND,li1,256.2200,255.6800,0.000522
g_row\[0\].g_col\[0\].pe/_2576_,VGND,li1,253.4600,250.2400,0.000443
g_row\[0\].g_col\[0\].pe/_2575_,VGND,li1,249.0900,250.2400,0.000446
g_row\[0\].g_col\[0\].pe/_2573_,VGND,li1,258.9800,255.6800,0.000522
g_row\[0\].g_col\[0\].pe/_2572_,VGND,li1,254.3800,255.6800,0.000521
g_row\[0\].g_col\[0\].pe/_2571_,VGND,li1,252.3100,255.6800,0.000521
g_row\[0\].g_col\[0\].pe/_2569_,VGND,li1,251.1600,261.1200,0.000347
g_row\[0\].g_col\[0\].pe/_2568_,VGND,li1,254.3800,261.1200,0.000349
g_row\[0\].g_col\[0\].pe/_2567_,VGND,li1,249.0900,255.6800,0.000521
g_row\[0\].g_col\[0\].pe/_2565_,VGND,li1,219.4200,250.2400,0.000423
g_row\[0\].g_col\[0\].pe/_2564_,VGND,li1,222.6400,250.2400,0.000430
g_row\[0\].g_col\[0\].pe/_2563_,VGND,li1,221.0300,255.6800,0.000450
g_row\[0\].g_col\[0\].pe/_2561_,VGND,li1,223.7900,250.2400,0.000430
g_row\[0\].g_col\[0\].pe/_2560_,VGND,li1,222.1800,244.8000,0.000565
g_row\[0\].g_col\[0\].pe/_2559_,VGND,li1,219.1900,244.8000,0.000553
g_row\[0\].g_col\[0\].pe/_2558_,VGND,li1,214.1300,244.8000,0.000539
g_row\[0\].g_col\[0\].pe/_2557_,VGND,li1,213.6700,244.8000,0.000539
g_row\[0\].g_col\[0\].pe/_2555_,VGND,li1,213.4400,228.4800,0.000313
g_row\[0\].g_col\[0\].pe/_2554_,VGND,li1,216.6600,228.4800,0.000320
g_row\[0\].g_col\[0\].pe/_2553_,VGND,li1,214.5900,233.9200,0.000378
g_row\[0\].g_col\[0\].pe/_2552_,VGND,li1,213.2100,239.3600,0.000469
g_row\[0\].g_col\[0\].pe/_2551_,VGND,li1,213.9000,239.3600,0.000469
g_row\[0\].g_col\[0\].pe/_2549_,VGND,li1,203.7800,228.4800,0.000289
g_row\[0\].g_col\[0\].pe/_2548_,VGND,li1,204.7000,233.9200,0.000344
g_row\[0\].g_col\[0\].pe/_2547_,VGND,li1,205.3900,233.9200,0.000344
g_row\[0\].g_col\[0\].pe/_2546_,VGND,li1,207.6900,233.9200,0.000355
g_row\[0\].g_col\[0\].pe/_2545_,VGND,li1,208.1500,233.9200,0.000355
g_row\[0\].g_col\[0\].pe/_2544_,VGND,li1,200.7900,233.9200,0.000325
g_row\[0\].g_col\[0\].pe/_2542_,VGND,li1,187.6800,223.0400,0.000299
g_row\[0\].g_col\[0\].pe/_2541_,VGND,li1,189.9800,233.9200,0.000270
g_row\[0\].g_col\[0\].pe/_2540_,VGND,li1,189.2900,239.3600,0.000344
g_row\[0\].g_col\[0\].pe/_2539_,VGND,li1,192.5100,239.3600,0.000367
g_row\[0\].g_col\[0\].pe/_2538_,VGND,li1,194.5800,233.9200,0.000299
g_row\[0\].g_col\[0\].pe/_2536_,VGND,li1,177.1000,244.8000,0.000365
g_row\[0\].g_col\[0\].pe/_2535_,VGND,li1,188.1400,244.8000,0.000404
g_row\[0\].g_col\[0\].pe/_2534_,VGND,li1,181.7000,239.3600,0.000294
g_row\[0\].g_col\[0\].pe/_2533_,VGND,li1,178.9400,239.3600,0.000278
g_row\[0\].g_col\[0\].pe/_2532_,VGND,li1,181.0100,239.3600,0.000294
g_row\[0\].g_col\[0\].pe/_2531_,VGND,li1,196.1900,244.8000,0.000455
g_row\[0\].g_col\[0\].pe/_2529_,VGND,li1,194.1200,250.2400,0.000356
g_row\[0\].g_col\[0\].pe/_2528_,VGND,li1,190.9000,250.2400,0.000344
g_row\[0\].g_col\[0\].pe/_2527_,VGND,li1,197.1100,250.2400,0.000366
g_row\[0\].g_col\[0\].pe/_2526_,VGND,li1,198.4900,250.2400,0.000374
g_row\[0\].g_col\[0\].pe/_2525_,VGND,li1,200.3300,250.2400,0.000380
g_row\[0\].g_col\[0\].pe/_2522_,VGND,li1,171.5800,250.2400,0.000345
g_row\[0\].g_col\[0\].pe/_2521_,VGND,li1,175.2600,250.2400,0.000314
g_row\[0\].g_col\[0\].pe/_2520_,VGND,li1,170.8900,250.2400,0.000345
g_row\[0\].g_col\[0\].pe/_2519_,VGND,li1,169.0500,250.2400,0.000357
g_row\[0\].g_col\[0\].pe/_2517_,VGND,li1,176.1800,233.9200,0.000224
g_row\[0\].g_col\[0\].pe/_2516_,VGND,li1,233.4500,239.3600,0.000532
g_row\[0\].g_col\[0\].pe/_2514_,VGND,li1,161.2300,250.2400,0.000414
g_row\[0\].g_col\[0\].pe/_2513_,VGND,li1,166.2900,250.2400,0.000375
g_row\[0\].g_col\[0\].pe/_2512_,VGND,li1,169.5100,244.8000,0.000423
g_row\[0\].g_col\[0\].pe/_2510_,VGND,li1,236.6700,239.3600,0.000538
g_row\[0\].g_col\[0\].pe/_2509_,VGND,li1,236.2100,233.9200,0.000425
g_row\[0\].g_col\[0\].pe/_2508_,VGND,li1,246.3300,239.3600,0.000555
g_row\[0\].g_col\[0\].pe/_2507_,VGND,li1,246.3300,250.2400,0.000447
g_row\[0\].g_col\[0\].pe/_2506_,VGND,li1,245.4100,250.2400,0.000448
g_row\[0\].g_col\[0\].pe/_2505_,VGND,li1,215.9700,250.2400,0.000420
g_row\[0\].g_col\[0\].pe/_2504_,VGND,li1,211.8300,250.2400,0.000412
g_row\[0\].g_col\[0\].pe/_2503_,VGND,li1,235.0600,244.8000,0.000593
g_row\[0\].g_col\[0\].pe/_2502_,VGND,li1,209.7600,244.8000,0.000520
g_row\[0\].g_col\[0\].pe/_2501_,VGND,li1,197.8000,244.8000,0.000455
g_row\[0\].g_col\[0\].pe/_2500_,VGND,li1,194.8100,239.3600,0.000380
g_row\[0\].g_col\[0\].pe/_2499_,VGND,li1,174.5700,244.8000,0.000381
g_row\[0\].g_col\[0\].pe/_2498_,VGND,li1,163.5300,250.2400,0.000394
g_row\[0\].g_col\[0\].pe/_2497_,VGND,li1,209.0700,239.3600,0.000449
g_row\[0\].g_col\[0\].pe/_2496_,VGND,li1,213.2100,250.2400,0.000412
g_row\[0\].g_col\[0\].pe/_2495_,VGND,li1,206.7700,261.1200,0.000289
g_row\[0\].g_col\[0\].pe/_2494_,VGND,li1,242.6500,244.8000,0.000604
g_row\[0\].g_col\[0\].pe/_2493_,VGND,li1,221.7200,239.3600,0.000499
g_row\[0\].g_col\[0\].pe/_2492_,VGND,li1,247.0200,255.6800,0.000518
g_row\[0\].g_col\[0\].pe/_2491_,VGND,li1,246.5600,255.6800,0.000518
g_row\[0\].g_col\[0\].pe/_2490_,VGND,li1,249.5500,255.6800,0.000521
g_row\[0\].g_col\[0\].pe/_2489_,VGND,li1,243.8000,255.6800,0.000513
g_row\[0\].g_col\[0\].pe/_2488_,VGND,li1,243.8000,250.2400,0.000448
g_row\[0\].g_col\[0\].pe/_2487_,VGND,li1,241.0400,250.2400,0.000447
g_row\[0\].g_col\[0\].pe/_2486_,VGND,li1,238.9700,239.3600,0.000543
g_row\[0\].g_col\[0\].pe/_2485_,VGND,li1,226.7800,233.9200,0.000412
g_row\[0\].g_col\[0\].pe/_2484_,VGND,li1,225.6300,244.8000,0.000571
g_row\[0\].g_col\[0\].pe/_2483_,VGND,li1,241.7300,239.3600,0.000546
g_row\[0\].g_col\[0\].pe/_2482_,VGND,li1,242.6500,239.3600,0.000550
g_row\[0\].g_col\[0\].pe/_2481_,VGND,li1,242.1900,244.8000,0.000604
g_row\[0\].g_col\[0\].pe/_2480_,VGND,li1,232.0700,250.2400,0.000442
g_row\[0\].g_col\[0\].pe/_2479_,VGND,li1,235.7500,250.2400,0.000445
g_row\[0\].g_col\[0\].pe/_2478_,VGND,li1,231.6100,244.8000,0.000586
g_row\[0\].g_col\[0\].pe/_2477_,VGND,li1,239.4300,250.2400,0.000447
g_row\[0\].g_col\[0\].pe/_2476_,VGND,li1,231.1500,250.2400,0.000440
g_row\[0\].g_col\[0\].pe/_2475_,VGND,li1,243.1100,255.6800,0.000513
g_row\[0\].g_col\[0\].pe/_2474_,VGND,li1,232.5300,255.6800,0.000485
g_row\[0\].g_col\[0\].pe/_2473_,VGND,li1,239.4300,255.6800,0.000503
g_row\[0\].g_col\[0\].pe/_2472_,VGND,li1,244.0300,261.1200,0.000343
g_row\[0\].g_col\[0\].pe/_2471_,VGND,li1,210.2200,250.2400,0.000404
g_row\[0\].g_col\[0\].pe/_2470_,VGND,li1,209.0700,244.8000,0.000520
g_row\[0\].g_col\[0\].pe/_2469_,VGND,li1,208.6100,250.2400,0.000404
g_row\[0\].g_col\[0\].pe/_2468_,VGND,li1,197.1100,239.3600,0.000392
g_row\[0\].g_col\[0\].pe/_2467_,VGND,li1,205.8500,239.3600,0.000438
g_row\[0\].g_col\[0\].pe/_2466_,VGND,li1,188.8300,228.4800,0.000239
g_row\[0\].g_col\[0\].pe/_2465_,VGND,li1,194.1200,244.8000,0.000435
g_row\[0\].g_col\[0\].pe/_2464_,VGND,li1,187.6800,244.8000,0.000404
g_row\[0\].g_col\[0\].pe/_2463_,VGND,li1,174.1100,250.2400,0.000329
g_row\[0\].g_col\[0\].pe/_2462_,VGND,li1,180.0900,255.6800,0.000254
g_row\[0\].g_col\[0\].pe/_2461_,VGND,li1,175.9500,255.6800,0.000271
g_row\[0\].g_col\[0\].pe/_2460_,VGND,li1,163.5300,250.2400,0.000394
g_row\[0\].g_col\[0\].pe/_2459_,VGND,li1,158.4700,250.2400,0.000426
g_row\[0\].g_col\[0\].pe/_2458_,VGND,li1,195.7300,250.2400,0.000366
g_row\[0\].g_col\[0\].pe/_2457_,VGND,li1,189.7500,250.2400,0.000344
g_row\[0\].g_col\[0\].pe/_2456_,VGND,li1,192.9700,250.2400,0.000356
g_row\[0\].g_col\[0\].pe/_2455_,VGND,li1,153.4100,239.3600,0.000390
g_row\[0\].g_col\[0\].pe/_2454_,VGND,li1,184.6900,244.8000,0.000386
g_row\[0\].g_col\[0\].pe/_2453_,VGND,li1,144.2100,233.9200,0.000315
g_row\[0\].g_col\[0\].pe/_2452_,VGND,li1,188.8300,233.9200,0.000270
g_row\[0\].g_col\[0\].pe/_2451_,VGND,li1,144.6700,239.3600,0.000417
g_row\[0\].g_col\[0\].pe/_2450_,VGND,li1,145.5900,239.3600,0.000417
g_row\[0\].g_col\[0\].pe/_2449_,VGND,li1,149.2700,239.3600,0.000403
g_row\[0\].g_col\[0\].pe/_2448_,VGND,li1,133.6300,250.2400,0.000519
g_row\[0\].g_col\[0\].pe/_2447_,VGND,li1,210.9100,239.3600,0.000457
g_row\[0\].g_col\[0\].pe/_2446_,VGND,li1,206.3100,239.3600,0.000438
g_row\[0\].g_col\[0\].pe/_2445_,VGND,li1,129.0300,239.3600,0.000437
g_row\[0\].g_col\[0\].pe/_2444_,VGND,li1,206.7700,244.8000,0.000510
g_row\[0\].g_col\[0\].pe/_2443_,VGND,li1,205.3900,244.8000,0.000499
g_row\[0\].g_col\[0\].pe/_2442_,VGND,li1,207.2300,250.2400,0.000397
g_row\[0\].g_col\[0\].pe/_2441_,VGND,li1,129.9500,250.2400,0.000523
g_row\[0\].g_col\[0\].pe/_2440_,VGND,li1,207.6900,255.6800,0.000396
g_row\[0\].g_col\[0\].pe/_2439_,VGND,li1,129.0300,255.6800,0.000475
g_row\[0\].g_col\[0\].pe/_2438_,VGND,li1,208.6100,255.6800,0.000396
g_row\[0\].g_col\[0\].pe/_2437_,VGND,li1,213.2100,255.6800,0.000418
g_row\[0\].g_col\[0\].pe/_2436_,VGND,li1,127.6500,261.1200,0.000564
g_row\[0\].g_col\[0\].pe/_2435_,VGND,li1,243.5700,266.5600,0.000059
g_row\[0\].g_col\[0\].pe/_2434_,VGND,li1,125.8100,266.5600,0.000163
g_row\[0\].g_col\[0\].pe/_2433_,VGND,li1,228.3900,255.6800,0.000474
g_row\[0\].g_col\[0\].pe/_2432_,VGND,li1,141.4500,255.6800,0.000445
g_row\[0\].g_col\[0\].pe/_2431_,VGND,li1,231.6100,255.6800,0.000485
g_row\[0\].g_col\[0\].pe/_2430_,VGND,li1,141.4500,250.2400,0.000505
g_row\[0\].g_col\[0\].pe/_2429_,VGND,li1,142.3700,244.8000,0.000600
g_row\[0\].g_col\[0\].pe/_2428_,VGND,li1,239.4300,244.8000,0.000600
g_row\[0\].g_col\[0\].pe/_2427_,VGND,li1,239.4300,244.8000,0.000600
g_row\[0\].g_col\[0\].pe/_2426_,VGND,li1,149.2700,250.2400,0.000476
g_row\[0\].g_col\[0\].pe/_2425_,VGND,li1,247.7100,239.3600,0.000558
g_row\[0\].g_col\[0\].pe/_2424_,VGND,li1,245.6400,233.9200,0.000433
g_row\[0\].g_col\[0\].pe/_2423_,VGND,li1,245.4100,239.3600,0.000555
g_row\[0\].g_col\[0\].pe/_2422_,VGND,li1,227.0100,239.3600,0.000513
g_row\[0\].g_col\[0\].pe/_2421_,VGND,li1,142.8300,250.2400,0.000505
g_row\[0\].g_col\[0\].pe/_2420_,VGND,li1,137.7700,244.8000,0.000620
g_row\[0\].g_col\[0\].pe/_2419_,VGND,li1,136.8500,255.6800,0.000458
g_row\[0\].g_col\[0\].pe/_2418_,VGND,li1,132.7100,261.1200,0.000546
g_row\[0\].g_col\[0\].pe/_2417_,VGND,li1,112.0100,255.6800,0.000487
g_row\[0\].g_col\[0\].pe/_2416_,VGND,li1,113.8500,261.1200,0.000587
g_row\[0\].g_col\[0\].pe/_2415_,VGND,li1,117.0700,250.2400,0.000529
g_row\[0\].g_col\[0\].pe/_2414_,VGND,li1,131.7900,244.8000,0.000624
g_row\[0\].g_col\[0\].pe/_2413_,VGND,li1,124.8900,233.9200,0.000321
g_row\[0\].g_col\[0\].pe/_2412_,VGND,li1,137.0800,239.3600,0.000432
g_row\[0\].g_col\[0\].pe/_2411_,VGND,li1,158.2400,244.8000,0.000518
g_row\[0\].g_col\[0\].pe/_2410_,VGND,li1,167.9000,250.2400,0.000375
g_row\[0\].g_col\[0\].pe/_2409_,VGND,li1,169.5100,255.6800,0.000314
g_row\[0\].g_col\[0\].pe/_2408_,VGND,li1,172.2700,244.8000,0.000399
g_row\[0\].g_col\[0\].pe/_2406_,VGND,li1,177.7900,228.4800,0.000183
g_row\[0\].g_col\[0\].pe/_2405_,VGND,li1,167.2100,233.9200,0.000255
g_row\[0\].g_col\[0\].pe/_2404_,VGND,li1,170.6600,228.4800,0.000200
g_row\[0\].g_col\[0\].pe/_2403_,VGND,li1,166.7500,244.8000,0.000443
g_row\[0\].g_col\[0\].pe/_2402_,VGND,li1,141.9100,228.4800,0.000233
g_row\[0\].g_col\[0\].pe/_2401_,VGND,li1,145.1300,228.4800,0.000231
g_row\[0\].g_col\[0\].pe/_2399_,VGND,li1,151.5700,239.3600,0.000396
g_row\[0\].g_col\[0\].pe/_2398_,VGND,li1,148.1200,228.4800,0.000228
g_row\[0\].g_col\[0\].pe/_2397_,VGND,li1,145.5900,228.4800,0.000229
g_row\[0\].g_col\[0\].pe/_2396_,VGND,li1,104.4200,239.3600,0.000411
g_row\[0\].g_col\[0\].pe/_2395_,VGND,li1,105.3400,244.8000,0.000596
g_row\[0\].g_col\[0\].pe/_2394_,VGND,li1,100.5100,239.3600,0.000401
g_row\[0\].g_col\[0\].pe/_2393_,VGND,li1,97.7500,239.3600,0.000396
g_row\[0\].g_col\[0\].pe/_2392_,VGND,li1,99.1300,233.9200,0.000293
g_row\[0\].g_col\[0\].pe/_2391_,VGND,li1,95.9100,233.9200,0.000286
g_row\[0\].g_col\[0\].pe/_2390_,VGND,li1,95.4500,228.4800,0.000218
g_row\[0\].g_col\[0\].pe/_2389_,VGND,li1,89.9300,228.4800,0.000209
g_row\[0\].g_col\[0\].pe/_2388_,VGND,li1,94.5300,228.4800,0.000218
g_row\[0\].g_col\[0\].pe/_2387_,VGND,li1,90.3900,233.9200,0.000278
g_row\[0\].g_col\[0\].pe/_2386_,VGND,li1,87.6300,233.9200,0.000273
g_row\[0\].g_col\[0\].pe/_2385_,VGND,li1,92.2300,233.9200,0.000281
g_row\[0\].g_col\[0\].pe/_2384_,VGND,li1,86.7100,244.8000,0.000531
g_row\[0\].g_col\[0\].pe/_2383_,VGND,li1,100.0500,239.3600,0.000401
g_row\[0\].g_col\[0\].pe/_2381_,VGND,li1,110.1700,244.8000,0.000604
g_row\[0\].g_col\[0\].pe/_2380_,VGND,li1,100.0500,244.8000,0.000583
g_row\[0\].g_col\[0\].pe/_2379_,VGND,li1,94.0700,239.3600,0.000386
g_row\[0\].g_col\[0\].pe/_2378_,VGND,li1,97.7500,244.8000,0.000575
g_row\[0\].g_col\[0\].pe/_2377_,VGND,li1,89.9300,244.8000,0.000547
g_row\[0\].g_col\[0\].pe/_2376_,VGND,li1,90.1600,244.8000,0.000547
g_row\[0\].g_col\[0\].pe/_2375_,VGND,li1,88.5500,239.3600,0.000370
g_row\[0\].g_col\[0\].pe/_2374_,VGND,li1,90.8500,239.3600,0.000377
g_row\[0\].g_col\[0\].pe/_2373_,VGND,li1,74.9800,233.9200,0.000244
g_row\[0\].g_col\[0\].pe/_2372_,VGND,li1,88.0900,233.9200,0.000273
g_row\[0\].g_col\[0\].pe/_2371_,VGND,li1,75.2100,228.4800,0.000187
g_row\[0\].g_col\[0\].pe/_2370_,VGND,li1,84.6400,233.9200,0.000267
g_row\[0\].g_col\[0\].pe/_2369_,VGND,li1,85.7900,228.4800,0.000205
g_row\[0\].g_col\[0\].pe/_2368_,VGND,li1,82.1100,228.4800,0.000197
g_row\[0\].g_col\[0\].pe/_2367_,VGND,li1,86.4800,228.4800,0.000205
g_row\[0\].g_col\[0\].pe/_2366_,VGND,li1,87.6300,223.0400,0.000298
g_row\[0\].g_col\[0\].pe/_2365_,VGND,li1,90.6200,223.0400,0.000304
g_row\[0\].g_col\[0\].pe/_2364_,VGND,li1,87.1700,223.0400,0.000293
g_row\[0\].g_col\[0\].pe/_2363_,VGND,li1,71.3000,228.4800,0.000180
g_row\[0\].g_col\[0\].pe/_2361_,VGND,li1,129.4900,250.2400,0.000523
g_row\[0\].g_col\[0\].pe/_2360_,VGND,li1,128.3400,244.8000,0.000626
g_row\[0\].g_col\[0\].pe/_2359_,VGND,li1,94.9900,244.8000,0.000561
g_row\[0\].g_col\[0\].pe/_2358_,VGND,li1,91.3100,250.2400,0.000493
g_row\[0\].g_col\[0\].pe/_2357_,VGND,li1,81.6500,250.2400,0.000466
g_row\[0\].g_col\[0\].pe/_2356_,VGND,li1,84.4100,244.8000,0.000522
g_row\[0\].g_col\[0\].pe/_2355_,VGND,li1,79.3500,244.8000,0.000499
g_row\[0\].g_col\[0\].pe/_2354_,VGND,li1,81.8800,244.8000,0.000511
g_row\[0\].g_col\[0\].pe/_2353_,VGND,li1,80.2700,244.8000,0.000499
g_row\[0\].g_col\[0\].pe/_2352_,VGND,li1,79.5800,239.3600,0.000341
g_row\[0\].g_col\[0\].pe/_2351_,VGND,li1,76.5900,239.3600,0.000332
g_row\[0\].g_col\[0\].pe/_2350_,VGND,li1,75.6700,239.3600,0.000324
g_row\[0\].g_col\[0\].pe/_2349_,VGND,li1,74.2900,233.9200,0.000244
g_row\[0\].g_col\[0\].pe/_2348_,VGND,li1,71.9900,233.9200,0.000236
g_row\[0\].g_col\[0\].pe/_2347_,VGND,li1,75.6700,228.4800,0.000187
g_row\[0\].g_col\[0\].pe/_2346_,VGND,li1,71.5300,228.4800,0.000180
g_row\[0\].g_col\[0\].pe/_2345_,VGND,li1,78.4300,228.4800,0.000193
g_row\[0\].g_col\[0\].pe/_2344_,VGND,li1,71.9900,223.0400,0.000258
g_row\[0\].g_col\[0\].pe/_2343_,VGND,li1,76.1300,223.0400,0.000266
g_row\[0\].g_col\[0\].pe/_2342_,VGND,li1,126.5000,217.6000,0.000289
g_row\[0\].g_col\[0\].pe/_2341_,VGND,li1,122.1300,223.0400,0.000346
g_row\[0\].g_col\[0\].pe/_2340_,VGND,li1,47.8400,223.0400,0.000186
g_row\[0\].g_col\[0\].pe/_2339_,VGND,li1,60.0300,233.9200,0.000202
g_row\[0\].g_col\[0\].pe/_2338_,VGND,li1,74.7500,244.8000,0.000469
g_row\[0\].g_col\[0\].pe/_2337_,VGND,li1,71.7600,239.3600,0.000310
g_row\[0\].g_col\[0\].pe/_2336_,VGND,li1,122.5900,239.3600,0.000435
g_row\[0\].g_col\[0\].pe/_2335_,VGND,li1,110.1700,250.2400,0.000522
g_row\[0\].g_col\[0\].pe/_2334_,VGND,li1,113.1600,250.2400,0.000525
g_row\[0\].g_col\[0\].pe/_2333_,VGND,li1,93.3800,244.8000,0.000561
g_row\[0\].g_col\[0\].pe/_2332_,VGND,li1,96.1400,250.2400,0.000502
g_row\[0\].g_col\[0\].pe/_2331_,VGND,li1,97.9800,250.2400,0.000508
g_row\[0\].g_col\[0\].pe/_2330_,VGND,li1,74.5200,250.2400,0.000440
g_row\[0\].g_col\[0\].pe/_2329_,VGND,li1,86.2500,250.2400,0.000480
g_row\[0\].g_col\[0\].pe/_2328_,VGND,li1,79.8100,250.2400,0.000457
g_row\[0\].g_col\[0\].pe/_2327_,VGND,li1,74.9800,250.2400,0.000440
g_row\[0\].g_col\[0\].pe/_2326_,VGND,li1,71.5300,250.2400,0.000423
g_row\[0\].g_col\[0\].pe/_2325_,VGND,li1,73.3700,244.8000,0.000469
g_row\[0\].g_col\[0\].pe/_2324_,VGND,li1,54.5100,239.3600,0.000244
g_row\[0\].g_col\[0\].pe/_2323_,VGND,li1,70.1500,244.8000,0.000452
g_row\[0\].g_col\[0\].pe/_2322_,VGND,li1,68.7700,239.3600,0.000299
g_row\[0\].g_col\[0\].pe/_2321_,VGND,li1,69.4600,233.9200,0.000231
g_row\[0\].g_col\[0\].pe/_2320_,VGND,li1,70.1500,239.3600,0.000310
g_row\[0\].g_col\[0\].pe/_2319_,VGND,li1,65.0900,233.9200,0.000220
g_row\[0\].g_col\[0\].pe/_2318_,VGND,li1,62.7900,233.9200,0.000214
g_row\[0\].g_col\[0\].pe/_2317_,VGND,li1,65.0900,228.4800,0.000168
g_row\[0\].g_col\[0\].pe/_2316_,VGND,li1,62.7900,228.4800,0.000164
g_row\[0\].g_col\[0\].pe/_2315_,VGND,li1,64.8600,228.4800,0.000168
g_row\[0\].g_col\[0\].pe/_2314_,VGND,li1,60.4900,228.4800,0.000159
g_row\[0\].g_col\[0\].pe/_2313_,VGND,li1,55.2000,228.4800,0.000148
g_row\[0\].g_col\[0\].pe/_2312_,VGND,li1,43.2400,228.4800,0.000119
g_row\[0\].g_col\[0\].pe/_2311_,VGND,li1,61.8700,239.3600,0.000272
g_row\[0\].g_col\[0\].pe/_2310_,VGND,li1,61.4100,239.3600,0.000272
g_row\[0\].g_col\[0\].pe/_2309_,VGND,li1,62.7900,244.8000,0.000411
g_row\[0\].g_col\[0\].pe/_2308_,VGND,li1,158.0100,255.6800,0.000372
g_row\[0\].g_col\[0\].pe/_2307_,VGND,li1,123.5100,244.8000,0.000626
g_row\[0\].g_col\[0\].pe/_2306_,VGND,li1,125.1200,239.3600,0.000437
g_row\[0\].g_col\[0\].pe/_2305_,VGND,li1,102.8100,250.2400,0.000517
g_row\[0\].g_col\[0\].pe/_2304_,VGND,li1,100.7400,244.8000,0.000583
g_row\[0\].g_col\[0\].pe/_2303_,VGND,li1,89.4700,261.1200,0.000571
g_row\[0\].g_col\[0\].pe/_2302_,VGND,li1,84.8700,266.5600,0.000171
g_row\[0\].g_col\[0\].pe/_2301_,VGND,li1,105.3400,250.2400,0.000519
g_row\[0\].g_col\[0\].pe/_2300_,VGND,li1,98.2100,255.6800,0.000468
g_row\[0\].g_col\[0\].pe/_2299_,VGND,li1,94.0700,255.6800,0.000460
g_row\[0\].g_col\[0\].pe/_2298_,VGND,li1,90.3900,261.1200,0.000571
g_row\[0\].g_col\[0\].pe/_2297_,VGND,li1,76.1300,255.6800,0.000416
g_row\[0\].g_col\[0\].pe/_2296_,VGND,li1,71.9900,250.2400,0.000431
g_row\[0\].g_col\[0\].pe/_2295_,VGND,li1,68.3100,250.2400,0.000416
g_row\[0\].g_col\[0\].pe/_2294_,VGND,li1,69.2300,244.8000,0.000438
g_row\[0\].g_col\[0\].pe/_2293_,VGND,li1,68.0800,255.6800,0.000379
g_row\[0\].g_col\[0\].pe/_2292_,VGND,li1,65.5500,250.2400,0.000404
g_row\[0\].g_col\[0\].pe/_2291_,VGND,li1,66.7000,250.2400,0.000404
g_row\[0\].g_col\[0\].pe/_2290_,VGND,li1,65.5500,244.8000,0.000424
g_row\[0\].g_col\[0\].pe/_2289_,VGND,li1,48.9900,250.2400,0.000321
g_row\[0\].g_col\[0\].pe/_2288_,VGND,li1,48.5300,239.3600,0.000220
g_row\[0\].g_col\[0\].pe/_2287_,VGND,li1,62.3300,250.2400,0.000389
g_row\[0\].g_col\[0\].pe/_2286_,VGND,li1,61.8700,244.8000,0.000396
g_row\[0\].g_col\[0\].pe/_2285_,VGND,li1,54.0500,244.8000,0.000356
g_row\[0\].g_col\[0\].pe/_2284_,VGND,li1,51.7500,239.3600,0.000231
g_row\[0\].g_col\[0\].pe/_2283_,VGND,li1,53.3600,239.3600,0.000244
g_row\[0\].g_col\[0\].pe/_2282_,VGND,li1,50.8300,239.3600,0.000231
g_row\[0\].g_col\[0\].pe/_2281_,VGND,li1,51.2900,233.9200,0.000180
g_row\[0\].g_col\[0\].pe/_2280_,VGND,li1,48.5300,233.9200,0.000168
g_row\[0\].g_col\[0\].pe/_2279_,VGND,li1,43.7000,233.9200,0.000157
g_row\[0\].g_col\[0\].pe/_2278_,VGND,li1,36.3400,233.9200,0.000132
g_row\[0\].g_col\[0\].pe/_2277_,VGND,li1,42.7800,239.3600,0.000199
g_row\[0\].g_col\[0\].pe/_2276_,VGND,li1,58.1900,239.3600,0.000264
g_row\[0\].g_col\[0\].pe/_2275_,VGND,li1,63.0200,223.0400,0.000230
g_row\[0\].g_col\[0\].pe/_2274_,VGND,li1,59.3400,223.0400,0.000221
g_row\[0\].g_col\[0\].pe/_2273_,VGND,li1,54.9700,244.8000,0.000356
g_row\[0\].g_col\[0\].pe/_2272_,VGND,li1,62.7900,250.2400,0.000389
g_row\[0\].g_col\[0\].pe/_2271_,VGND,li1,55.4300,255.6800,0.000329
g_row\[0\].g_col\[0\].pe/_2270_,VGND,li1,71.9900,255.6800,0.000401
g_row\[0\].g_col\[0\].pe/_2269_,VGND,li1,122.5900,250.2400,0.000528
g_row\[0\].g_col\[0\].pe/_2268_,VGND,li1,110.1700,261.1200,0.000587
g_row\[0\].g_col\[0\].pe/_2267_,VGND,li1,99.1300,261.1200,0.000582
g_row\[0\].g_col\[0\].pe/_2266_,VGND,li1,94.9900,266.5600,0.000173
g_row\[0\].g_col\[0\].pe/_2265_,VGND,li1,94.9900,261.1200,0.000576
g_row\[0\].g_col\[0\].pe/_2264_,VGND,li1,93.8400,261.1200,0.000576
g_row\[0\].g_col\[0\].pe/_2263_,VGND,li1,85.3300,261.1200,0.000563
g_row\[0\].g_col\[0\].pe/_2262_,VGND,li1,80.2700,261.1200,0.000546
g_row\[0\].g_col\[0\].pe/_2261_,VGND,li1,78.8900,266.5600,0.000169
g_row\[0\].g_col\[0\].pe/_2260_,VGND,li1,73.8300,255.6800,0.000408
g_row\[0\].g_col\[0\].pe/_2259_,VGND,li1,55.4300,255.6800,0.000329
g_row\[0\].g_col\[0\].pe/_2258_,VGND,li1,58.8800,255.6800,0.000338
g_row\[0\].g_col\[0\].pe/_2257_,VGND,li1,63.2500,255.6800,0.000363
g_row\[0\].g_col\[0\].pe/_2256_,VGND,li1,43.0100,250.2400,0.000287
g_row\[0\].g_col\[0\].pe/_2255_,VGND,li1,58.1900,250.2400,0.000365
g_row\[0\].g_col\[0\].pe/_2254_,VGND,li1,52.2100,250.2400,0.000331
g_row\[0\].g_col\[0\].pe/_2253_,VGND,li1,46.2300,250.2400,0.000306
g_row\[0\].g_col\[0\].pe/_2252_,VGND,li1,54.0500,250.2400,0.000349
g_row\[0\].g_col\[0\].pe/_2251_,VGND,li1,55.6600,233.9200,0.000190
g_row\[0\].g_col\[0\].pe/_2250_,VGND,li1,54.5100,233.9200,0.000190
g_row\[0\].g_col\[0\].pe/_2249_,VGND,li1,58.6500,233.9200,0.000202
g_row\[0\].g_col\[0\].pe/_2248_,VGND,li1,54.9700,228.4800,0.000148
g_row\[0\].g_col\[0\].pe/_2247_,VGND,li1,59.8000,223.0400,0.000221
g_row\[0\].g_col\[0\].pe/_2246_,VGND,li1,50.3700,244.8000,0.000336
g_row\[0\].g_col\[0\].pe/_2245_,VGND,li1,48.0700,244.8000,0.000321
g_row\[0\].g_col\[0\].pe/_2244_,VGND,li1,44.3900,239.3600,0.000199
g_row\[0\].g_col\[0\].pe/_2243_,VGND,li1,41.1700,233.9200,0.000145
g_row\[0\].g_col\[0\].pe/_2242_,VGND,li1,40.0200,233.9200,0.000145
g_row\[0\].g_col\[0\].pe/_2241_,VGND,li1,35.8800,239.3600,0.000164
g_row\[0\].g_col\[0\].pe/_2240_,VGND,li1,53.3600,212.1600,0.000146
g_row\[0\].g_col\[0\].pe/_2239_,VGND,li1,38.8700,244.8000,0.000261
g_row\[0\].g_col\[0\].pe/_2238_,VGND,li1,71.7600,266.5600,0.000163
g_row\[0\].g_col\[0\].pe/_2237_,VGND,li1,110.1700,266.5600,0.000172
g_row\[0\].g_col\[0\].pe/_2236_,VGND,li1,98.6700,261.1200,0.000582
g_row\[0\].g_col\[0\].pe/_2235_,VGND,li1,102.8100,244.8000,0.000590
g_row\[0\].g_col\[0\].pe/_2234_,VGND,li1,90.8500,266.5600,0.000172
g_row\[0\].g_col\[0\].pe/_2233_,VGND,li1,90.6200,255.6800,0.000454
g_row\[0\].g_col\[0\].pe/_2232_,VGND,li1,81.1900,261.1200,0.000553
g_row\[0\].g_col\[0\].pe/_2231_,VGND,li1,66.4700,255.6800,0.000379
g_row\[0\].g_col\[0\].pe/_2230_,VGND,li1,66.9300,266.5600,0.000161
g_row\[0\].g_col\[0\].pe/_2229_,VGND,li1,62.5600,255.6800,0.000363
g_row\[0\].g_col\[0\].pe/_2228_,VGND,li1,55.6600,266.5600,0.000143
g_row\[0\].g_col\[0\].pe/_2227_,VGND,li1,54.9700,261.1200,0.000445
g_row\[0\].g_col\[0\].pe/_2226_,VGND,li1,54.0500,261.1200,0.000445
g_row\[0\].g_col\[0\].pe/_2225_,VGND,li1,31.0500,255.6800,0.000187
g_row\[0\].g_col\[0\].pe/_2224_,VGND,li1,51.2900,255.6800,0.000308
g_row\[0\].g_col\[0\].pe/_2223_,VGND,li1,41.6300,255.6800,0.000254
g_row\[0\].g_col\[0\].pe/_2222_,VGND,li1,41.6300,255.6800,0.000254
g_row\[0\].g_col\[0\].pe/_2221_,VGND,li1,48.9900,255.6800,0.000287
g_row\[0\].g_col\[0\].pe/_2220_,VGND,li1,41.1700,250.2400,0.000276
g_row\[0\].g_col\[0\].pe/_2219_,VGND,li1,37.9500,250.2400,0.000254
g_row\[0\].g_col\[0\].pe/_2218_,VGND,li1,37.0300,244.8000,0.000249
g_row\[0\].g_col\[0\].pe/_2217_,VGND,li1,34.7300,244.8000,0.000228
g_row\[0\].g_col\[0\].pe/_2216_,VGND,li1,29.9000,233.9200,0.000106
g_row\[0\].g_col\[0\].pe/_2215_,VGND,li1,31.2800,239.3600,0.000147
g_row\[0\].g_col\[0\].pe/_2214_,VGND,li1,29.6700,228.4800,0.000086
g_row\[0\].g_col\[0\].pe/_2213_,VGND,li1,33.8100,250.2400,0.000223
g_row\[0\].g_col\[0\].pe/_2212_,VGND,li1,47.6100,250.2400,0.000306
g_row\[0\].g_col\[0\].pe/_2211_,VGND,li1,40.7100,244.8000,0.000273
g_row\[0\].g_col\[0\].pe/_2210_,VGND,li1,54.0500,217.6000,0.000184
g_row\[0\].g_col\[0\].pe/_2209_,VGND,li1,53.1300,217.6000,0.000184
g_row\[0\].g_col\[0\].pe/_2208_,VGND,li1,48.3000,217.6000,0.000166
g_row\[0\].g_col\[0\].pe/_2207_,VGND,li1,50.3700,212.1600,0.000141
g_row\[0\].g_col\[0\].pe/_2206_,VGND,li1,59.8000,212.1600,0.000162
g_row\[0\].g_col\[0\].pe/_2205_,VGND,li1,57.0400,212.1600,0.000156
g_row\[0\].g_col\[0\].pe/_2204_,VGND,li1,51.2900,206.7200,0.000170
g_row\[0\].g_col\[0\].pe/_2203_,VGND,li1,42.5500,261.1200,0.000365
g_row\[0\].g_col\[0\].pe/_2202_,VGND,li1,68.7700,261.1200,0.000513
g_row\[0\].g_col\[0\].pe/_2201_,VGND,li1,93.6100,255.6800,0.000460
g_row\[0\].g_col\[0\].pe/_2200_,VGND,li1,90.8500,255.6800,0.000454
g_row\[0\].g_col\[0\].pe/_2199_,VGND,li1,111.0900,261.1200,0.000587
g_row\[0\].g_col\[0\].pe/_2198_,VGND,li1,107.1800,255.6800,0.000481
g_row\[0\].g_col\[0\].pe/_2197_,VGND,li1,103.7300,255.6800,0.000476
g_row\[0\].g_col\[0\].pe/_2196_,VGND,li1,103.7300,261.1200,0.000585
g_row\[0\].g_col\[0\].pe/_2195_,VGND,li1,67.3900,261.1200,0.000513
g_row\[0\].g_col\[0\].pe/_2194_,VGND,li1,60.9500,261.1200,0.000485
g_row\[0\].g_col\[0\].pe/_2193_,VGND,li1,25.9900,266.5600,0.000071
g_row\[0\].g_col\[0\].pe/_2192_,VGND,li1,20.9300,266.5600,0.000073
g_row\[0\].g_col\[0\].pe/_2191_,VGND,li1,51.7500,261.1200,0.000430
g_row\[0\].g_col\[0\].pe/_2190_,VGND,li1,49.9100,261.1200,0.000406
g_row\[0\].g_col\[0\].pe/_2189_,VGND,li1,48.5300,261.1200,0.000406
g_row\[0\].g_col\[0\].pe/_2188_,VGND,li1,17.7100,261.1200,0.000227
g_row\[0\].g_col\[0\].pe/_2187_,VGND,li1,21.8500,255.6800,0.000157
g_row\[0\].g_col\[0\].pe/_2186_,VGND,li1,44.8500,261.1200,0.000378
g_row\[0\].g_col\[0\].pe/_2185_,VGND,li1,13.1100,266.5600,0.000075
g_row\[0\].g_col\[0\].pe/_2184_,VGND,li1,12.4200,255.6800,0.000161
g_row\[0\].g_col\[0\].pe/_2183_,VGND,li1,41.1700,266.5600,0.000112
g_row\[0\].g_col\[0\].pe/_2182_,VGND,li1,36.1100,255.6800,0.000214
g_row\[0\].g_col\[0\].pe/_2181_,VGND,li1,34.7300,255.6800,0.000214
g_row\[0\].g_col\[0\].pe/_2180_,VGND,li1,33.3500,250.2400,0.000223
g_row\[0\].g_col\[0\].pe/_2179_,VGND,li1,30.5900,244.8000,0.000204
g_row\[0\].g_col\[0\].pe/_2178_,VGND,li1,28.0600,239.3600,0.000126
g_row\[0\].g_col\[0\].pe/_2177_,VGND,li1,34.9600,239.3600,0.000164
g_row\[0\].g_col\[0\].pe/_2176_,VGND,li1,39.3300,217.6000,0.000141
g_row\[0\].g_col\[0\].pe/_2175_,VGND,li1,42.0900,212.1600,0.000121
g_row\[0\].g_col\[0\].pe/_2174_,VGND,li1,29.2100,250.2400,0.000201
g_row\[0\].g_col\[0\].pe/_2173_,VGND,li1,38.8700,261.1200,0.000336
g_row\[0\].g_col\[0\].pe/_2172_,VGND,li1,37.0300,228.4800,0.000103
g_row\[0\].g_col\[0\].pe/_2171_,VGND,li1,31.0500,223.0400,0.000121
g_row\[0\].g_col\[0\].pe/_2170_,VGND,li1,26.2200,223.0400,0.000109
g_row\[0\].g_col\[0\].pe/_2169_,VGND,li1,35.6500,223.0400,0.000139
g_row\[0\].g_col\[0\].pe/_2168_,VGND,li1,35.6500,212.1600,0.000105
g_row\[0\].g_col\[0\].pe/_2167_,VGND,li1,38.6400,212.1600,0.000113
g_row\[0\].g_col\[0\].pe/_2166_,VGND,li1,38.4100,206.7200,0.000132
g_row\[0\].g_col\[0\].pe/_2165_,VGND,li1,38.6400,212.1600,0.000113
g_row\[0\].g_col\[0\].pe/_2164_,VGND,li1,41.6300,206.7200,0.000140
g_row\[0\].g_col\[0\].pe/_2163_,VGND,li1,42.0900,206.7200,0.000140
g_row\[0\].g_col\[0\].pe/_2162_,VGND,li1,33.3500,261.1200,0.000292
g_row\[0\].g_col\[0\].pe/_2161_,VGND,li1,84.4100,255.6800,0.000435
g_row\[0\].g_col\[0\].pe/_2160_,VGND,li1,101.4300,261.1200,0.000584
g_row\[0\].g_col\[0\].pe/_2159_,VGND,li1,112.4700,250.2400,0.000525
g_row\[0\].g_col\[0\].pe/_2158_,VGND,li1,113.1600,255.6800,0.000487
g_row\[0\].g_col\[0\].pe/_2157_,VGND,li1,110.1700,255.6800,0.000483
g_row\[0\].g_col\[0\].pe/_2156_,VGND,li1,103.7300,255.6800,0.000476
g_row\[0\].g_col\[0\].pe/_2155_,VGND,li1,106.7200,255.6800,0.000481
g_row\[0\].g_col\[0\].pe/_2154_,VGND,li1,106.2600,228.4800,0.000231
g_row\[0\].g_col\[0\].pe/_2153_,VGND,li1,102.5800,228.4800,0.000227
g_row\[0\].g_col\[0\].pe/_2152_,VGND,li1,106.9500,244.8000,0.000596
g_row\[0\].g_col\[0\].pe/_2151_,VGND,li1,112.4700,228.4800,0.000237
g_row\[0\].g_col\[0\].pe/_2150_,VGND,li1,105.8000,233.9200,0.000303
g_row\[0\].g_col\[0\].pe/_2149_,VGND,li1,86.2500,255.6800,0.000444
g_row\[0\].g_col\[0\].pe/_2148_,VGND,li1,28.2900,261.1200,0.000251
g_row\[0\].g_col\[0\].pe/_2147_,VGND,li1,28.7500,261.1200,0.000251
g_row\[0\].g_col\[0\].pe/_2146_,VGND,li1,21.8500,261.1200,0.000225
g_row\[0\].g_col\[0\].pe/_2145_,VGND,li1,12.1900,250.2400,0.000176
g_row\[0\].g_col\[0\].pe/_2144_,VGND,li1,15.4100,261.1200,0.000229
g_row\[0\].g_col\[0\].pe/_2143_,VGND,li1,22.3100,261.1200,0.000225
g_row\[0\].g_col\[0\].pe/_2142_,VGND,li1,23.2300,255.6800,0.000157
g_row\[0\].g_col\[0\].pe/_2141_,VGND,li1,26.4500,255.6800,0.000155
g_row\[0\].g_col\[0\].pe/_2140_,VGND,li1,24.6100,244.8000,0.000165
g_row\[0\].g_col\[0\].pe/_2139_,VGND,li1,26.6800,239.3600,0.000126
g_row\[0\].g_col\[0\].pe/_2138_,VGND,li1,24.3800,239.3600,0.000115
g_row\[0\].g_col\[0\].pe/_2137_,VGND,li1,21.8500,217.6000,0.000092
g_row\[0\].g_col\[0\].pe/_2136_,VGND,li1,20.2400,244.8000,0.000166
g_row\[0\].g_col\[0\].pe/_2135_,VGND,li1,10.3500,266.5600,0.000075
g_row\[0\].g_col\[0\].pe/_2134_,VGND,li1,11.2700,261.1200,0.000229
g_row\[0\].g_col\[0\].pe/_2133_,VGND,li1,10.5800,261.1200,0.000230
g_row\[0\].g_col\[0\].pe/_2132_,VGND,li1,42.0900,223.0400,0.000165
g_row\[0\].g_col\[0\].pe/_2131_,VGND,li1,39.7900,217.6000,0.000141
g_row\[0\].g_col\[0\].pe/_2130_,VGND,li1,36.8000,223.0400,0.000148
g_row\[0\].g_col\[0\].pe/_2129_,VGND,li1,41.6300,223.0400,0.000165
g_row\[0\].g_col\[0\].pe/_2128_,VGND,li1,45.5400,217.6000,0.000157
g_row\[0\].g_col\[0\].pe/_2127_,VGND,li1,42.5500,217.6000,0.000151
g_row\[0\].g_col\[0\].pe/_2126_,VGND,li1,46.6900,195.8400,0.000221
g_row\[0\].g_col\[0\].pe/_2125_,VGND,li1,50.1400,190.4000,0.000133
g_row\[0\].g_col\[0\].pe/_2124_,VGND,li1,46.2300,206.7200,0.000158
g_row\[0\].g_col\[0\].pe/_2123_,VGND,li1,46.4600,212.1600,0.000132
g_row\[0\].g_col\[0\].pe/_2122_,VGND,li1,46.2300,201.2800,0.000133
g_row\[0\].g_col\[0\].pe/_2121_,VGND,li1,48.9900,206.7200,0.000164
g_row\[0\].g_col\[0\].pe/_2120_,VGND,li1,8.9700,244.8000,0.000167
g_row\[0\].g_col\[0\].pe/_2119_,VGND,li1,12.1900,244.8000,0.000167
g_row\[0\].g_col\[0\].pe/_2118_,VGND,li1,16.7900,250.2400,0.000174
g_row\[0\].g_col\[0\].pe/_2117_,VGND,li1,81.1900,239.3600,0.000347
g_row\[0\].g_col\[0\].pe/_2116_,VGND,li1,109.7100,255.6800,0.000483
g_row\[0\].g_col\[0\].pe/_2115_,VGND,li1,124.8900,239.3600,0.000437
g_row\[0\].g_col\[0\].pe/_2114_,VGND,li1,119.6000,239.3600,0.000433
g_row\[0\].g_col\[0\].pe/_2113_,VGND,li1,112.0100,233.9200,0.000309
g_row\[0\].g_col\[0\].pe/_2112_,VGND,li1,115.2300,233.9200,0.000313
g_row\[0\].g_col\[0\].pe/_2111_,VGND,li1,106.0300,233.9200,0.000303
g_row\[0\].g_col\[0\].pe/_2110_,VGND,li1,99.5900,228.4800,0.000225
g_row\[0\].g_col\[0\].pe/_2109_,VGND,li1,100.5100,233.9200,0.000293
g_row\[0\].g_col\[0\].pe/_2108_,VGND,li1,82.1100,233.9200,0.000261
g_row\[0\].g_col\[0\].pe/_2107_,VGND,li1,20.4700,250.2400,0.000174
g_row\[0\].g_col\[0\].pe/_2106_,VGND,li1,21.3900,250.2400,0.000174
g_row\[0\].g_col\[0\].pe/_2105_,VGND,li1,13.1100,255.6800,0.000161
g_row\[0\].g_col\[0\].pe/_2104_,VGND,li1,14.9500,250.2400,0.000175
g_row\[0\].g_col\[0\].pe/_2103_,VGND,li1,14.9500,223.0400,0.000102
g_row\[0\].g_col\[0\].pe/_2102_,VGND,li1,9.8900,255.6800,0.000161
g_row\[0\].g_col\[0\].pe/_2101_,VGND,li1,10.8100,250.2400,0.000176
g_row\[0\].g_col\[0\].pe/_2100_,VGND,li1,8.5100,228.4800,0.000080
g_row\[0\].g_col\[0\].pe/_2099_,VGND,li1,10.8100,223.0400,0.000102
g_row\[0\].g_col\[0\].pe/_2098_,VGND,li1,11.7300,206.7200,0.000087
g_row\[0\].g_col\[0\].pe/_2097_,VGND,li1,11.7300,223.0400,0.000102
g_row\[0\].g_col\[0\].pe/_2096_,VGND,li1,9.8900,212.1600,0.000082
g_row\[0\].g_col\[0\].pe/_2095_,VGND,li1,8.5100,184.9600,0.000083
g_row\[0\].g_col\[0\].pe/_2094_,VGND,li1,11.0400,184.9600,0.000083
g_row\[0\].g_col\[0\].pe/_2093_,VGND,li1,10.8100,179.5200,0.000082
g_row\[0\].g_col\[0\].pe/_2092_,VGND,li1,10.3500,217.6000,0.000095
g_row\[0\].g_col\[0\].pe/_2091_,VGND,li1,11.7300,217.6000,0.000095
g_row\[0\].g_col\[0\].pe/_2090_,VGND,li1,24.6100,223.0400,0.000099
g_row\[0\].g_col\[0\].pe/_2089_,VGND,li1,29.4400,223.0400,0.000121
g_row\[0\].g_col\[0\].pe/_2088_,VGND,li1,26.6800,212.1600,0.000077
g_row\[0\].g_col\[0\].pe/_2087_,VGND,li1,28.0600,206.7200,0.000096
g_row\[0\].g_col\[0\].pe/_2086_,VGND,li1,24.1500,206.7200,0.000085
g_row\[0\].g_col\[0\].pe/_2085_,VGND,li1,27.1400,206.7200,0.000096
g_row\[0\].g_col\[0\].pe/_2084_,VGND,li1,31.5100,201.2800,0.000094
g_row\[0\].g_col\[0\].pe/_2083_,VGND,li1,31.5100,206.7200,0.000105
g_row\[0\].g_col\[0\].pe/_2082_,VGND,li1,34.0400,206.7200,0.000119
g_row\[0\].g_col\[0\].pe/_2081_,VGND,li1,37.9500,206.7200,0.000132
g_row\[0\].g_col\[0\].pe/_2080_,VGND,li1,39.7900,201.2800,0.000112
g_row\[0\].g_col\[0\].pe/_2079_,VGND,li1,47.6100,190.4000,0.000127
g_row\[0\].g_col\[0\].pe/_2078_,VGND,li1,12.1900,239.3600,0.000117
g_row\[0\].g_col\[0\].pe/_2077_,VGND,li1,12.1900,244.8000,0.000167
g_row\[0\].g_col\[0\].pe/_2076_,VGND,li1,22.3100,244.8000,0.000165
g_row\[0\].g_col\[0\].pe/_2075_,VGND,li1,21.8500,239.3600,0.000116
g_row\[0\].g_col\[0\].pe/_2074_,VGND,li1,17.4800,244.8000,0.000166
g_row\[0\].g_col\[0\].pe/_2073_,VGND,li1,23.9200,233.9200,0.000090
g_row\[0\].g_col\[0\].pe/_2072_,VGND,li1,11.2700,212.1600,0.000082
g_row\[0\].g_col\[0\].pe/_2071_,VGND,li1,9.2000,233.9200,0.000092
g_row\[0\].g_col\[0\].pe/_2070_,VGND,li1,12.1900,228.4800,0.000079
g_row\[0\].g_col\[0\].pe/_2069_,VGND,li1,74.9800,223.0400,0.000266
g_row\[0\].g_col\[0\].pe/_2068_,VGND,li1,71.9900,223.0400,0.000258
g_row\[0\].g_col\[0\].pe/_2067_,VGND,li1,94.0700,223.0400,0.000312
g_row\[0\].g_col\[0\].pe/_2066_,VGND,li1,104.1900,223.0400,0.000329
g_row\[0\].g_col\[0\].pe/_2065_,VGND,li1,122.5900,228.4800,0.000241
g_row\[0\].g_col\[0\].pe/_2064_,VGND,li1,114.7700,239.3600,0.000428
g_row\[0\].g_col\[0\].pe/_2063_,VGND,li1,116.6100,233.9200,0.000313
g_row\[0\].g_col\[0\].pe/_2062_,VGND,li1,119.1400,228.4800,0.000240
g_row\[0\].g_col\[0\].pe/_2061_,VGND,li1,116.1500,228.4800,0.000239
g_row\[0\].g_col\[0\].pe/_2060_,VGND,li1,104.6500,228.4800,0.000231
g_row\[0\].g_col\[0\].pe/_2059_,VGND,li1,100.0500,223.0400,0.000323
g_row\[0\].g_col\[0\].pe/_2058_,VGND,li1,79.8100,223.0400,0.000278
g_row\[0\].g_col\[0\].pe/_2057_,VGND,li1,77.0500,217.6000,0.000246
g_row\[0\].g_col\[0\].pe/_2056_,VGND,li1,79.8100,206.7200,0.000249
g_row\[0\].g_col\[0\].pe/_2055_,VGND,li1,73.8300,206.7200,0.000236
g_row\[0\].g_col\[0\].pe/_2054_,VGND,li1,19.5500,223.0400,0.000101
g_row\[0\].g_col\[0\].pe/_2053_,VGND,li1,15.4100,217.6000,0.000094
g_row\[0\].g_col\[0\].pe/_2052_,VGND,li1,16.3300,223.0400,0.000101
g_row\[0\].g_col\[0\].pe/_2051_,VGND,li1,15.6400,212.1600,0.000081
g_row\[0\].g_col\[0\].pe/_2050_,VGND,li1,15.1800,212.1600,0.000081
g_row\[0\].g_col\[0\].pe/_2049_,VGND,li1,13.5700,217.6000,0.000095
g_row\[0\].g_col\[0\].pe/_2048_,VGND,li1,20.7000,206.7200,0.000086
g_row\[0\].g_col\[0\].pe/_2047_,VGND,li1,11.7300,206.7200,0.000087
g_row\[0\].g_col\[0\].pe/_2046_,VGND,li1,16.7900,179.5200,0.000081
g_row\[0\].g_col\[0\].pe/_2045_,VGND,li1,17.0200,179.5200,0.000081
g_row\[0\].g_col\[0\].pe/_2044_,VGND,li1,11.0400,184.9600,0.000083
g_row\[0\].g_col\[0\].pe/_2043_,VGND,li1,10.3500,179.5200,0.000082
g_row\[0\].g_col\[0\].pe/_2042_,VGND,li1,8.0500,179.5200,0.000082
g_row\[0\].g_col\[0\].pe/_2041_,VGND,li1,40.2500,179.5200,0.000127
g_row\[0\].g_col\[0\].pe/_2040_,VGND,li1,49.9100,174.0800,0.000298
g_row\[0\].g_col\[0\].pe/_2039_,VGND,li1,19.5500,212.1600,0.000080
g_row\[0\].g_col\[0\].pe/_2038_,VGND,li1,15.6400,206.7200,0.000086
g_row\[0\].g_col\[0\].pe/_2037_,VGND,li1,21.3900,217.6000,0.000092
g_row\[0\].g_col\[0\].pe/_2036_,VGND,li1,27.1400,217.6000,0.000098
g_row\[0\].g_col\[0\].pe/_2035_,VGND,li1,16.5600,206.7200,0.000086
g_row\[0\].g_col\[0\].pe/_2034_,VGND,li1,14.7200,201.2800,0.000076
g_row\[0\].g_col\[0\].pe/_2033_,VGND,li1,20.0100,206.7200,0.000086
g_row\[0\].g_col\[0\].pe/_2032_,VGND,li1,20.7000,201.2800,0.000074
g_row\[0\].g_col\[0\].pe/_2031_,VGND,li1,28.0600,201.2800,0.000086
g_row\[0\].g_col\[0\].pe/_2030_,VGND,li1,25.9900,201.2800,0.000078
g_row\[0\].g_col\[0\].pe/_2029_,VGND,li1,38.1800,201.2800,0.000112
g_row\[0\].g_col\[0\].pe/_2028_,VGND,li1,42.0900,201.2800,0.000122
g_row\[0\].g_col\[0\].pe/_2027_,VGND,li1,42.5500,195.8400,0.000200
g_row\[0\].g_col\[0\].pe/_2026_,VGND,li1,43.0100,190.4000,0.000114
g_row\[0\].g_col\[0\].pe/_2025_,VGND,li1,21.6200,184.9600,0.000081
g_row\[0\].g_col\[0\].pe/_2024_,VGND,li1,17.2500,228.4800,0.000078
g_row\[0\].g_col\[0\].pe/_2023_,VGND,li1,14.0300,228.4800,0.000078
g_row\[0\].g_col\[0\].pe/_2022_,VGND,li1,11.7300,233.9200,0.000091
g_row\[0\].g_col\[0\].pe/_2021_,VGND,li1,11.2700,239.3600,0.000117
g_row\[0\].g_col\[0\].pe/_2020_,VGND,li1,17.9400,239.3600,0.000116
g_row\[0\].g_col\[0\].pe/_2019_,VGND,li1,25.3000,233.9200,0.000090
g_row\[0\].g_col\[0\].pe/_2018_,VGND,li1,13.1100,195.8400,0.000118
g_row\[0\].g_col\[0\].pe/_2017_,VGND,li1,65.5500,223.0400,0.000237
g_row\[0\].g_col\[0\].pe/_2016_,VGND,li1,72.4500,212.1600,0.000186
g_row\[0\].g_col\[0\].pe/_2015_,VGND,li1,92.2300,217.6000,0.000273
g_row\[0\].g_col\[0\].pe/_2014_,VGND,li1,89.0100,217.6000,0.000270
g_row\[0\].g_col\[0\].pe/_2013_,VGND,li1,99.5900,223.0400,0.000323
g_row\[0\].g_col\[0\].pe/_2012_,VGND,li1,112.0100,223.0400,0.000339
g_row\[0\].g_col\[0\].pe/_2011_,VGND,li1,131.3300,228.4800,0.000239
g_row\[0\].g_col\[0\].pe/_2010_,VGND,li1,127.1900,228.4800,0.000240
g_row\[0\].g_col\[0\].pe/_2009_,VGND,li1,117.7600,223.0400,0.000344
g_row\[0\].g_col\[0\].pe/_2008_,VGND,li1,127.6500,228.4800,0.000240
g_row\[0\].g_col\[0\].pe/_2007_,VGND,li1,123.2800,228.4800,0.000241
g_row\[0\].g_col\[0\].pe/_2006_,VGND,li1,114.7700,228.4800,0.000239
g_row\[0\].g_col\[0\].pe/_2005_,VGND,li1,110.1700,223.0400,0.000337
g_row\[0\].g_col\[0\].pe/_2004_,VGND,li1,109.0200,223.0400,0.000334
g_row\[0\].g_col\[0\].pe/_2003_,VGND,li1,103.7300,223.0400,0.000329
g_row\[0\].g_col\[0\].pe/_2002_,VGND,li1,95.4500,223.0400,0.000312
g_row\[0\].g_col\[0\].pe/_2001_,VGND,li1,90.8500,217.6000,0.000273
g_row\[0\].g_col\[0\].pe/_2000_,VGND,li1,89.0100,201.2800,0.000215
g_row\[0\].g_col\[0\].pe/_1999_,VGND,li1,91.7700,201.2800,0.000218
g_row\[0\].g_col\[0\].pe/_1998_,VGND,li1,86.0200,201.2800,0.000211
g_row\[0\].g_col\[0\].pe/_1997_,VGND,li1,77.9700,206.7200,0.000245
g_row\[0\].g_col\[0\].pe/_1996_,VGND,li1,75.2100,206.7200,0.000236
g_row\[0\].g_col\[0\].pe/_1995_,VGND,li1,72.9100,201.2800,0.000188
g_row\[0\].g_col\[0\].pe/_1994_,VGND,li1,71.0700,190.4000,0.000172
g_row\[0\].g_col\[0\].pe/_1993_,VGND,li1,17.2500,201.2800,0.000075
g_row\[0\].g_col\[0\].pe/_1992_,VGND,li1,15.6400,190.4000,0.000073
g_row\[0\].g_col\[0\].pe/_1991_,VGND,li1,15.4100,190.4000,0.000073
g_row\[0\].g_col\[0\].pe/_1990_,VGND,li1,20.2400,184.9600,0.000081
g_row\[0\].g_col\[0\].pe/_1989_,VGND,li1,19.5500,190.4000,0.000072
g_row\[0\].g_col\[0\].pe/_1988_,VGND,li1,22.0800,179.5200,0.000080
g_row\[0\].g_col\[0\].pe/_1987_,VGND,li1,20.4700,179.5200,0.000080
g_row\[0\].g_col\[0\].pe/_1986_,VGND,li1,24.3800,179.5200,0.000079
g_row\[0\].g_col\[0\].pe/_1985_,VGND,li1,28.2900,179.5200,0.000091
g_row\[0\].g_col\[0\].pe/_1984_,VGND,li1,41.1700,179.5200,0.000127
g_row\[0\].g_col\[0\].pe/_1983_,VGND,li1,41.6300,184.9600,0.000130
g_row\[0\].g_col\[0\].pe/_1982_,VGND,li1,35.1900,168.6400,0.000147
g_row\[0\].g_col\[0\].pe/_1981_,VGND,li1,30.8200,179.5200,0.000099
g_row\[0\].g_col\[0\].pe/_1980_,VGND,li1,31.0500,184.9600,0.000094
g_row\[0\].g_col\[0\].pe/_1979_,VGND,li1,9.8900,195.8400,0.000118
g_row\[0\].g_col\[0\].pe/_1978_,VGND,li1,13.5700,195.8400,0.000118
g_row\[0\].g_col\[0\].pe/_1977_,VGND,li1,34.7300,217.6000,0.000122
g_row\[0\].g_col\[0\].pe/_1976_,VGND,li1,29.4400,217.6000,0.000108
g_row\[0\].g_col\[0\].pe/_1975_,VGND,li1,26.2200,195.8400,0.000129
g_row\[0\].g_col\[0\].pe/_1974_,VGND,li1,26.9100,190.4000,0.000078
g_row\[0\].g_col\[0\].pe/_1973_,VGND,li1,22.3100,195.8400,0.000116
g_row\[0\].g_col\[0\].pe/_1972_,VGND,li1,26.2200,195.8400,0.000129
g_row\[0\].g_col\[0\].pe/_1971_,VGND,li1,28.9800,201.2800,0.000086
g_row\[0\].g_col\[0\].pe/_1970_,VGND,li1,30.1300,190.4000,0.000086
g_row\[0\].g_col\[0\].pe/_1969_,VGND,li1,33.5800,190.4000,0.000094
g_row\[0\].g_col\[0\].pe/_1968_,VGND,li1,37.4900,190.4000,0.000100
g_row\[0\].g_col\[0\].pe/_1967_,VGND,li1,39.3300,195.8400,0.000188
g_row\[0\].g_col\[0\].pe/_1966_,VGND,li1,37.4900,201.2800,0.000106
g_row\[0\].g_col\[0\].pe/_1965_,VGND,li1,39.7900,190.4000,0.000110
g_row\[0\].g_col\[0\].pe/_1964_,VGND,li1,75.2100,212.1600,0.000190
g_row\[0\].g_col\[0\].pe/_1963_,VGND,li1,66.9300,212.1600,0.000173
g_row\[0\].g_col\[0\].pe/_1962_,VGND,li1,21.6200,228.4800,0.000077
g_row\[0\].g_col\[0\].pe/_1961_,VGND,li1,20.0100,228.4800,0.000077
g_row\[0\].g_col\[0\].pe/_1960_,VGND,li1,22.3100,228.4800,0.000076
g_row\[0\].g_col\[0\].pe/_1959_,VGND,li1,13.5700,233.9200,0.000091
g_row\[0\].g_col\[0\].pe/_1958_,VGND,li1,21.6200,233.9200,0.000090
g_row\[0\].g_col\[0\].pe/_1957_,VGND,li1,25.7600,228.4800,0.000075
g_row\[0\].g_col\[0\].pe/_1956_,VGND,li1,67.3900,201.2800,0.000180
g_row\[0\].g_col\[0\].pe/_1955_,VGND,li1,71.7600,195.8400,0.000317
g_row\[0\].g_col\[0\].pe/_1954_,VGND,li1,85.3300,212.1600,0.000207
g_row\[0\].g_col\[0\].pe/_1953_,VGND,li1,101.4300,217.6000,0.000287
g_row\[0\].g_col\[0\].pe/_1952_,VGND,li1,94.0700,212.1600,0.000220
g_row\[0\].g_col\[0\].pe/_1951_,VGND,li1,117.7600,228.4800,0.000240
g_row\[0\].g_col\[0\].pe/_1950_,VGND,li1,136.8500,228.4800,0.000238
g_row\[0\].g_col\[0\].pe/_1948_,VGND,li1,133.1700,239.3600,0.000435
g_row\[0\].g_col\[0\].pe/_1947_,VGND,li1,129.9500,233.9200,0.000322
g_row\[0\].g_col\[0\].pe/_1946_,VGND,li1,122.5900,233.9200,0.000319
g_row\[0\].g_col\[0\].pe/_1945_,VGND,li1,124.8900,228.4800,0.000240
g_row\[0\].g_col\[0\].pe/_1944_,VGND,li1,125.5800,233.9200,0.000321
g_row\[0\].g_col\[0\].pe/_1943_,VGND,li1,116.6100,223.0400,0.000343
g_row\[0\].g_col\[0\].pe/_1942_,VGND,li1,113.8500,217.6000,0.000294
g_row\[0\].g_col\[0\].pe/_1941_,VGND,li1,113.6200,217.6000,0.000294
g_row\[0\].g_col\[0\].pe/_1940_,VGND,li1,111.0900,217.6000,0.000293
g_row\[0\].g_col\[0\].pe/_1939_,VGND,li1,104.1900,217.6000,0.000289
g_row\[0\].g_col\[0\].pe/_1938_,VGND,li1,98.2100,217.6000,0.000282
g_row\[0\].g_col\[0\].pe/_1937_,VGND,li1,100.5100,201.2800,0.000226
g_row\[0\].g_col\[0\].pe/_1936_,VGND,li1,99.5900,206.7200,0.000280
g_row\[0\].g_col\[0\].pe/_1935_,VGND,li1,92.6900,206.7200,0.000272
g_row\[0\].g_col\[0\].pe/_1934_,VGND,li1,89.4700,206.7200,0.000266
g_row\[0\].g_col\[0\].pe/_1933_,VGND,li1,84.8700,201.2800,0.000208
g_row\[0\].g_col\[0\].pe/_1932_,VGND,li1,87.6300,179.5200,0.000237
g_row\[0\].g_col\[0\].pe/_1931_,VGND,li1,77.5100,201.2800,0.000198
g_row\[0\].g_col\[0\].pe/_1930_,VGND,li1,73.3700,184.9600,0.000195
g_row\[0\].g_col\[0\].pe/_1929_,VGND,li1,77.9700,179.5200,0.000219
g_row\[0\].g_col\[0\].pe/_1928_,VGND,li1,75.9000,179.5200,0.000215
g_row\[0\].g_col\[0\].pe/_1927_,VGND,li1,36.1100,184.9600,0.000114
g_row\[0\].g_col\[0\].pe/_1926_,VGND,li1,33.3500,190.4000,0.000094
g_row\[0\].g_col\[0\].pe/_1925_,VGND,li1,29.6700,184.9600,0.000094
g_row\[0\].g_col\[0\].pe/_1924_,VGND,li1,33.5800,184.9600,0.000106
g_row\[0\].g_col\[0\].pe/_1923_,VGND,li1,41.6300,184.9600,0.000130
g_row\[0\].g_col\[0\].pe/_1922_,VGND,li1,45.3100,195.8400,0.000208
g_row\[0\].g_col\[0\].pe/_1921_,VGND,li1,36.8000,184.9600,0.000114
g_row\[0\].g_col\[0\].pe/_1920_,VGND,li1,35.1900,179.5200,0.000111
g_row\[0\].g_col\[0\].pe/_1919_,VGND,li1,14.0300,184.9600,0.000083
g_row\[0\].g_col\[0\].pe/_1918_,VGND,li1,20.0100,174.0800,0.000199
g_row\[0\].g_col\[0\].pe/_1917_,VGND,li1,14.0300,179.5200,0.000082
g_row\[0\].g_col\[0\].pe/_1916_,VGND,li1,71.9900,201.2800,0.000188
g_row\[0\].g_col\[0\].pe/_1915_,VGND,li1,66.9300,195.8400,0.000304
g_row\[0\].g_col\[0\].pe/_1914_,VGND,li1,61.6400,190.4000,0.000156
g_row\[0\].g_col\[0\].pe/_1913_,VGND,li1,67.3900,195.8400,0.000304
g_row\[0\].g_col\[0\].pe/_1912_,VGND,li1,60.4900,195.8400,0.000275
g_row\[0\].g_col\[0\].pe/_1911_,VGND,li1,55.6600,195.8400,0.000257
g_row\[0\].g_col\[0\].pe/_1910_,VGND,li1,66.4700,190.4000,0.000163
g_row\[0\].g_col\[0\].pe/_1909_,VGND,li1,64.8600,184.9600,0.000190
g_row\[0\].g_col\[0\].pe/_1908_,VGND,li1,89.9300,212.1600,0.000214
g_row\[0\].g_col\[0\].pe/_1907_,VGND,li1,84.4100,206.7200,0.000257
g_row\[0\].g_col\[0\].pe/_1906_,VGND,li1,79.5800,212.1600,0.000196
g_row\[0\].g_col\[0\].pe/_1905_,VGND,li1,76.1300,212.1600,0.000190
g_row\[0\].g_col\[0\].pe/_1904_,VGND,li1,78.4300,212.1600,0.000196
g_row\[0\].g_col\[0\].pe/_1903_,VGND,li1,73.8300,217.6000,0.000237
g_row\[0\].g_col\[0\].pe/_1902_,VGND,li1,69.0000,217.6000,0.000224
g_row\[0\].g_col\[0\].pe/_1901_,VGND,li1,68.0800,212.1600,0.000179
g_row\[0\].g_col\[0\].pe/_1900_,VGND,li1,82.1100,201.2800,0.000205
g_row\[0\].g_col\[0\].pe/_1899_,VGND,li1,80.9600,184.9600,0.000198
g_row\[0\].g_col\[0\].pe/_1898_,VGND,li1,100.9700,212.1600,0.000227
g_row\[0\].g_col\[0\].pe/_1897_,VGND,li1,112.9300,212.1600,0.000241
g_row\[0\].g_col\[0\].pe/_1896_,VGND,li1,110.6300,217.6000,0.000293
g_row\[0\].g_col\[0\].pe/_1895_,VGND,li1,163.3000,212.1600,0.000201
g_row\[0\].g_col\[0\].pe/_1894_,VGND,li1,137.7700,212.1600,0.000240
g_row\[0\].g_col\[0\].pe/_1893_,VGND,li1,152.4900,228.4800,0.000223
g_row\[0\].g_col\[0\].pe/_1892_,VGND,li1,155.7100,233.9200,0.000289
g_row\[0\].g_col\[0\].pe/_1891_,VGND,li1,165.8300,212.1600,0.000196
g_row\[0\].g_col\[0\].pe/_1890_,VGND,li1,152.0300,212.1600,0.000224
g_row\[0\].g_col\[0\].pe/_1889_,VGND,li1,135.4700,212.1600,0.000242
g_row\[0\].g_col\[0\].pe/_1888_,VGND,li1,136.6200,212.1600,0.000240
g_row\[0\].g_col\[0\].pe/_1887_,VGND,li1,132.7100,212.1600,0.000242
g_row\[0\].g_col\[0\].pe/_1886_,VGND,li1,115.2300,212.1600,0.000242
g_row\[0\].g_col\[0\].pe/_1885_,VGND,li1,109.2500,212.1600,0.000238
g_row\[0\].g_col\[0\].pe/_1884_,VGND,li1,115.2300,195.8400,0.000322
g_row\[0\].g_col\[0\].pe/_1883_,VGND,li1,112.0100,201.2800,0.000232
g_row\[0\].g_col\[0\].pe/_1882_,VGND,li1,104.1900,206.7200,0.000285
g_row\[0\].g_col\[0\].pe/_1881_,VGND,li1,99.5900,201.2800,0.000226
g_row\[0\].g_col\[0\].pe/_1880_,VGND,li1,98.6700,195.8400,0.000339
g_row\[0\].g_col\[0\].pe/_1879_,VGND,li1,97.7500,179.5200,0.000254
g_row\[0\].g_col\[0\].pe/_1878_,VGND,li1,89.4700,201.2800,0.000215
g_row\[0\].g_col\[0\].pe/_1877_,VGND,li1,86.2500,184.9600,0.000199
g_row\[0\].g_col\[0\].pe/_1876_,VGND,li1,91.7700,184.9600,0.000200
g_row\[0\].g_col\[0\].pe/_1875_,VGND,li1,90.1600,174.0800,0.000290
g_row\[0\].g_col\[0\].pe/_1874_,VGND,li1,76.5900,184.9600,0.000196
g_row\[0\].g_col\[0\].pe/_1873_,VGND,li1,70.6100,184.9600,0.000193
g_row\[0\].g_col\[0\].pe/_1872_,VGND,li1,66.7000,179.5200,0.000196
g_row\[0\].g_col\[0\].pe/_1871_,VGND,li1,73.3700,179.5200,0.000210
g_row\[0\].g_col\[0\].pe/_1870_,VGND,li1,71.5300,179.5200,0.000206
g_row\[0\].g_col\[0\].pe/_1869_,VGND,li1,67.8500,174.0800,0.000302
g_row\[0\].g_col\[0\].pe/_1868_,VGND,li1,84.4100,195.8400,0.000347
g_row\[0\].g_col\[0\].pe/_1867_,VGND,li1,78.4300,201.2800,0.000198
g_row\[0\].g_col\[0\].pe/_1866_,VGND,li1,78.2000,184.9600,0.000196
g_row\[0\].g_col\[0\].pe/_1865_,VGND,li1,78.4300,195.8400,0.000348
g_row\[0\].g_col\[0\].pe/_1864_,VGND,li1,65.5500,190.4000,0.000163
g_row\[0\].g_col\[0\].pe/_1863_,VGND,li1,53.3600,190.4000,0.000140
g_row\[0\].g_col\[0\].pe/_1862_,VGND,li1,75.2100,190.4000,0.000179
g_row\[0\].g_col\[0\].pe/_1861_,VGND,li1,72.2200,195.8400,0.000325
g_row\[0\].g_col\[0\].pe/_1860_,VGND,li1,102.8100,206.7200,0.000285
g_row\[0\].g_col\[0\].pe/_1859_,VGND,li1,100.0500,212.1600,0.000227
g_row\[0\].g_col\[0\].pe/_1858_,VGND,li1,94.3000,212.1600,0.000220
g_row\[0\].g_col\[0\].pe/_1857_,VGND,li1,89.4700,212.1600,0.000211
g_row\[0\].g_col\[0\].pe/_1856_,VGND,li1,88.5500,206.7200,0.000266
g_row\[0\].g_col\[0\].pe/_1855_,VGND,li1,84.8700,217.6000,0.000262
g_row\[0\].g_col\[0\].pe/_1854_,VGND,li1,85.1000,217.6000,0.000262
g_row\[0\].g_col\[0\].pe/_1853_,VGND,li1,85.1000,212.1600,0.000207
g_row\[0\].g_col\[0\].pe/_1852_,VGND,li1,94.0700,195.8400,0.000342
g_row\[0\].g_col\[0\].pe/_1851_,VGND,li1,97.5200,190.4000,0.000191
g_row\[0\].g_col\[0\].pe/_1850_,VGND,li1,116.1500,206.7200,0.000295
g_row\[0\].g_col\[0\].pe/_1849_,VGND,li1,113.3900,206.7200,0.000292
g_row\[0\].g_col\[0\].pe/_1848_,VGND,li1,110.1700,206.7200,0.000290
g_row\[0\].g_col\[0\].pe/_1847_,VGND,li1,138.2300,206.7200,0.000304
g_row\[0\].g_col\[0\].pe/_1846_,VGND,li1,127.6500,206.7200,0.000300
g_row\[0\].g_col\[0\].pe/_1845_,VGND,li1,135.4700,206.7200,0.000303
g_row\[0\].g_col\[0\].pe/_1844_,VGND,li1,158.2400,206.7200,0.000277
g_row\[0\].g_col\[0\].pe/_1843_,VGND,li1,166.2900,212.1600,0.000196
g_row\[0\].g_col\[0\].pe/_1842_,VGND,li1,170.6600,201.2800,0.000181
g_row\[0\].g_col\[0\].pe/_1841_,VGND,li1,168.1300,212.1600,0.000189
g_row\[0\].g_col\[0\].pe/_1840_,VGND,li1,163.0700,206.7200,0.000263
g_row\[0\].g_col\[0\].pe/_1838_,VGND,li1,154.3300,228.4800,0.000221
g_row\[0\].g_col\[0\].pe/_1836_,VGND,li1,161.9200,244.8000,0.000495
g_row\[0\].g_col\[0\].pe/_1835_,VGND,li1,154.5600,244.8000,0.000531
g_row\[0\].g_col\[0\].pe/_1834_,VGND,li1,169.9700,201.2800,0.000181
g_row\[0\].g_col\[0\].pe/_1833_,VGND,li1,174.1100,201.2800,0.000172
g_row\[0\].g_col\[0\].pe/_1832_,VGND,li1,173.8800,195.8400,0.000175
g_row\[0\].g_col\[0\].pe/_1831_,VGND,li1,175.9500,184.9600,0.000123
g_row\[0\].g_col\[0\].pe/_1830_,VGND,li1,177.1000,195.8400,0.000163
g_row\[0\].g_col\[0\].pe/_1829_,VGND,li1,180.5500,157.7600,0.000115
g_row\[0\].g_col\[0\].pe/_1828_,VGND,li1,185.6100,157.7600,0.000132
g_row\[0\].g_col\[0\].pe/_1827_,VGND,li1,183.3100,179.5200,0.000199
g_row\[0\].g_col\[0\].pe/_1826_,VGND,li1,194.3500,163.2000,0.000122
g_row\[0\].g_col\[0\].pe/_1825_,VGND,li1,188.3700,157.7600,0.000139
g_row\[0\].g_col\[0\].pe/_1824_,VGND,li1,191.5900,157.7600,0.000151
g_row\[0\].g_col\[0\].pe/_1823_,VGND,li1,190.2100,168.6400,0.000155
g_row\[0\].g_col\[0\].pe/_1822_,VGND,li1,179.8600,152.3200,0.000085
g_row\[0\].g_col\[0\].pe/_1821_,VGND,li1,177.5600,157.7600,0.000107
g_row\[0\].g_col\[0\].pe/_1820_,VGND,li1,182.8500,152.3200,0.000091
g_row\[0\].g_col\[0\].pe/_1819_,VGND,li1,184.0000,152.3200,0.000091
g_row\[0\].g_col\[0\].pe/_1818_,VGND,li1,178.7100,152.3200,0.000085
g_row\[0\].g_col\[0\].pe/_1817_,VGND,li1,166.7500,157.7600,0.000120
g_row\[0\].g_col\[0\].pe/_1816_,VGND,li1,164.2200,152.3200,0.000111
g_row\[0\].g_col\[0\].pe/_1815_,VGND,li1,179.1700,146.8800,0.000102
g_row\[0\].g_col\[0\].pe/_1814_,VGND,li1,172.7300,152.3200,0.000095
g_row\[0\].g_col\[0\].pe/_1813_,VGND,li1,174.5700,152.3200,0.000092
g_row\[0\].g_col\[0\].pe/_1812_,VGND,li1,142.6000,157.7600,0.000146
g_row\[0\].g_col\[0\].pe/_1811_,VGND,li1,140.9900,152.3200,0.000138
g_row\[0\].g_col\[0\].pe/_1810_,VGND,li1,140.7600,152.3200,0.000138
g_row\[0\].g_col\[0\].pe/_1809_,VGND,li1,129.9500,152.3200,0.000149
g_row\[0\].g_col\[0\].pe/_1808_,VGND,li1,140.0700,146.8800,0.000167
g_row\[0\].g_col\[0\].pe/_1807_,VGND,li1,135.9300,152.3200,0.000144
g_row\[0\].g_col\[0\].pe/_1806_,VGND,li1,132.7100,146.8800,0.000177
g_row\[0\].g_col\[0\].pe/_1805_,VGND,li1,138.2300,146.8800,0.000171
g_row\[0\].g_col\[0\].pe/_1804_,VGND,li1,136.3900,141.4400,0.000283
g_row\[0\].g_col\[0\].pe/_1803_,VGND,li1,133.1700,152.3200,0.000147
g_row\[0\].g_col\[0\].pe/_1802_,VGND,li1,135.4700,146.8800,0.000174
g_row\[0\].g_col\[0\].pe/_1801_,VGND,li1,132.4800,146.8800,0.000179
g_row\[0\].g_col\[0\].pe/_1800_,VGND,li1,131.7900,141.4400,0.000289
g_row\[0\].g_col\[0\].pe/_1799_,VGND,li1,126.9600,141.4400,0.000295
g_row\[0\].g_col\[0\].pe/_1798_,VGND,li1,129.9500,146.8800,0.000182
g_row\[0\].g_col\[0\].pe/_1797_,VGND,li1,124.8900,146.8800,0.000188
g_row\[0\].g_col\[0\].pe/_1796_,VGND,li1,120.2900,146.8800,0.000193
g_row\[0\].g_col\[0\].pe/_1795_,VGND,li1,132.9400,152.3200,0.000147
g_row\[0\].g_col\[0\].pe/_1794_,VGND,li1,126.2700,152.3200,0.000153
g_row\[0\].g_col\[0\].pe/_1793_,VGND,li1,122.8200,157.7600,0.000166
g_row\[0\].g_col\[0\].pe/_1792_,VGND,li1,126.7300,157.7600,0.000162
g_row\[0\].g_col\[0\].pe/_1791_,VGND,li1,119.8300,152.3200,0.000157
g_row\[0\].g_col\[0\].pe/_1790_,VGND,li1,130.8700,152.3200,0.000149
g_row\[0\].g_col\[0\].pe/_1789_,VGND,li1,128.5700,152.3200,0.000151
g_row\[0\].g_col\[0\].pe/_1788_,VGND,li1,129.4900,157.7600,0.000160
g_row\[0\].g_col\[0\].pe/_1787_,VGND,li1,123.9700,152.3200,0.000154
g_row\[0\].g_col\[0\].pe/_1786_,VGND,li1,124.4300,146.8800,0.000188
g_row\[0\].g_col\[0\].pe/_1785_,VGND,li1,86.2500,152.3200,0.000171
g_row\[0\].g_col\[0\].pe/_1784_,VGND,li1,84.8700,157.7600,0.000188
g_row\[0\].g_col\[0\].pe/_1783_,VGND,li1,120.2900,146.8800,0.000193
g_row\[0\].g_col\[0\].pe/_1782_,VGND,li1,117.7600,141.4400,0.000307
g_row\[0\].g_col\[0\].pe/_1781_,VGND,li1,118.4500,152.3200,0.000159
g_row\[0\].g_col\[0\].pe/_1780_,VGND,li1,144.2100,152.3200,0.000134
g_row\[0\].g_col\[0\].pe/_1779_,VGND,li1,171.3500,157.7600,0.000115
g_row\[0\].g_col\[0\].pe/_1778_,VGND,li1,168.5900,152.3200,0.000102
g_row\[0\].g_col\[0\].pe/_1777_,VGND,li1,166.2900,152.3200,0.000106
g_row\[0\].g_col\[0\].pe/_1776_,VGND,li1,167.2100,146.8800,0.000125
g_row\[0\].g_col\[0\].pe/_1775_,VGND,li1,154.7900,157.7600,0.000134
g_row\[0\].g_col\[0\].pe/_1774_,VGND,li1,151.5700,152.3200,0.000127
g_row\[0\].g_col\[0\].pe/_1773_,VGND,li1,161.6900,152.3200,0.000114
g_row\[0\].g_col\[0\].pe/_1772_,VGND,li1,144.9000,152.3200,0.000134
g_row\[0\].g_col\[0\].pe/_1771_,VGND,li1,119.8300,157.7600,0.000168
g_row\[0\].g_col\[0\].pe/_1770_,VGND,li1,116.6100,157.7600,0.000171
g_row\[0\].g_col\[0\].pe/_1769_,VGND,li1,117.5300,152.3200,0.000159
g_row\[0\].g_col\[0\].pe/_1768_,VGND,li1,117.9900,163.2000,0.000205
g_row\[0\].g_col\[0\].pe/_1767_,VGND,li1,113.3900,163.2000,0.000211
g_row\[0\].g_col\[0\].pe/_1766_,VGND,li1,112.0100,152.3200,0.000163
g_row\[0\].g_col\[0\].pe/_1765_,VGND,li1,109.7100,146.8800,0.000207
g_row\[0\].g_col\[0\].pe/_1764_,VGND,li1,80.7300,152.3200,0.000172
g_row\[0\].g_col\[0\].pe/_1763_,VGND,li1,80.7300,157.7600,0.000189
g_row\[0\].g_col\[0\].pe/_1762_,VGND,li1,105.5700,152.3200,0.000166
g_row\[0\].g_col\[0\].pe/_1761_,VGND,li1,104.4200,152.3200,0.000166
g_row\[0\].g_col\[0\].pe/_1760_,VGND,li1,155.7100,152.3200,0.000122
g_row\[0\].g_col\[0\].pe/_1759_,VGND,li1,154.3300,152.3200,0.000122
g_row\[0\].g_col\[0\].pe/_1758_,VGND,li1,155.7100,146.8800,0.000145
g_row\[0\].g_col\[0\].pe/_1757_,VGND,li1,113.8500,157.7600,0.000173
g_row\[0\].g_col\[0\].pe/_1756_,VGND,li1,110.4000,157.7600,0.000176
g_row\[0\].g_col\[0\].pe/_1755_,VGND,li1,94.0700,163.2000,0.000231
g_row\[0\].g_col\[0\].pe/_1754_,VGND,li1,89.2400,163.2000,0.000234
g_row\[0\].g_col\[0\].pe/_1753_,VGND,li1,110.6300,157.7600,0.000175
g_row\[0\].g_col\[0\].pe/_1752_,VGND,li1,75.2100,157.7600,0.000189
g_row\[0\].g_col\[0\].pe/_1751_,VGND,li1,72.4500,163.2000,0.000242
g_row\[0\].g_col\[0\].pe/_1750_,VGND,li1,104.6500,157.7600,0.000179
g_row\[0\].g_col\[0\].pe/_1749_,VGND,li1,104.4200,157.7600,0.000179
g_row\[0\].g_col\[0\].pe/_1748_,VGND,li1,155.2500,157.7600,0.000134
g_row\[0\].g_col\[0\].pe/_1747_,VGND,li1,187.4500,157.7600,0.000139
g_row\[0\].g_col\[0\].pe/_1746_,VGND,li1,185.1500,152.3200,0.000096
g_row\[0\].g_col\[0\].pe/_1745_,VGND,li1,189.2900,152.3200,0.000101
g_row\[0\].g_col\[0\].pe/_1744_,VGND,li1,183.7700,146.8800,0.000110
g_row\[0\].g_col\[0\].pe/_1743_,VGND,li1,179.1700,146.8800,0.000102
g_row\[0\].g_col\[0\].pe/_1742_,VGND,li1,175.4900,141.4400,0.000228
g_row\[0\].g_col\[0\].pe/_1741_,VGND,li1,162.6100,146.8800,0.000135
g_row\[0\].g_col\[0\].pe/_1740_,VGND,li1,162.6100,146.8800,0.000135
g_row\[0\].g_col\[0\].pe/_1739_,VGND,li1,163.9900,157.7600,0.000123
g_row\[0\].g_col\[0\].pe/_1738_,VGND,li1,159.1600,157.7600,0.000129
g_row\[0\].g_col\[0\].pe/_1737_,VGND,li1,166.7500,146.8800,0.000125
g_row\[0\].g_col\[0\].pe/_1736_,VGND,li1,167.2100,136.0000,0.000143
g_row\[0\].g_col\[0\].pe/_1735_,VGND,li1,156.6300,141.4400,0.000256
g_row\[0\].g_col\[0\].pe/_1734_,VGND,li1,112.2400,146.8800,0.000202
g_row\[0\].g_col\[0\].pe/_1733_,VGND,li1,155.2500,146.8800,0.000145
g_row\[0\].g_col\[0\].pe/_1732_,VGND,li1,153.1800,141.4400,0.000261
g_row\[0\].g_col\[0\].pe/_1731_,VGND,li1,112.9300,146.8800,0.000202
g_row\[0\].g_col\[0\].pe/_1730_,VGND,li1,89.9300,146.8800,0.000224
g_row\[0\].g_col\[0\].pe/_1729_,VGND,li1,89.4700,152.3200,0.000171
g_row\[0\].g_col\[0\].pe/_1728_,VGND,li1,108.7900,141.4400,0.000314
g_row\[0\].g_col\[0\].pe/_1727_,VGND,li1,106.2600,146.8800,0.000209
g_row\[0\].g_col\[0\].pe/_1726_,VGND,li1,191.5900,157.7600,0.000151
g_row\[0\].g_col\[0\].pe/_1725_,VGND,li1,188.6000,152.3200,0.000101
g_row\[0\].g_col\[0\].pe/_1724_,VGND,li1,169.9700,163.2000,0.000115
g_row\[0\].g_col\[0\].pe/_1723_,VGND,li1,189.2900,146.8800,0.000121
g_row\[0\].g_col\[0\].pe/_1722_,VGND,li1,189.2900,141.4400,0.000303
g_row\[0\].g_col\[0\].pe/_1721_,VGND,li1,189.2900,141.4400,0.000303
g_row\[0\].g_col\[0\].pe/_1720_,VGND,li1,178.7100,141.4400,0.000222
g_row\[0\].g_col\[0\].pe/_1719_,VGND,li1,180.5500,136.0000,0.000116
g_row\[0\].g_col\[0\].pe/_1718_,VGND,li1,172.2700,163.2000,0.000110
g_row\[0\].g_col\[0\].pe/_1717_,VGND,li1,166.2900,163.2000,0.000125
g_row\[0\].g_col\[0\].pe/_1716_,VGND,li1,158.2400,157.7600,0.000131
g_row\[0\].g_col\[0\].pe/_1715_,VGND,li1,133.1700,168.6400,0.000184
g_row\[0\].g_col\[0\].pe/_1714_,VGND,li1,178.9400,141.4400,0.000222
g_row\[0\].g_col\[0\].pe/_1713_,VGND,li1,179.6300,136.0000,0.000112
g_row\[0\].g_col\[0\].pe/_1712_,VGND,li1,165.8300,141.4400,0.000243
g_row\[0\].g_col\[0\].pe/_1711_,VGND,li1,160.7700,136.0000,0.000163
g_row\[0\].g_col\[0\].pe/_1710_,VGND,li1,154.1000,136.0000,0.000176
g_row\[0\].g_col\[0\].pe/_1709_,VGND,li1,165.3700,136.0000,0.000152
g_row\[0\].g_col\[0\].pe/_1708_,VGND,li1,163.5300,141.4400,0.000246
g_row\[0\].g_col\[0\].pe/_1707_,VGND,li1,97.7500,141.4400,0.000324
g_row\[0\].g_col\[0\].pe/_1706_,VGND,li1,98.2100,146.8800,0.000216
g_row\[0\].g_col\[0\].pe/_1705_,VGND,li1,154.3300,136.0000,0.000176
g_row\[0\].g_col\[0\].pe/_1704_,VGND,li1,140.7600,136.0000,0.000210
g_row\[0\].g_col\[0\].pe/_1703_,VGND,li1,191.1300,163.2000,0.000118
g_row\[0\].g_col\[0\].pe/_1702_,VGND,li1,175.7200,184.9600,0.000123
g_row\[0\].g_col\[0\].pe/_1701_,VGND,li1,176.8700,179.5200,0.000186
g_row\[0\].g_col\[0\].pe/_1700_,VGND,li1,185.6100,168.6400,0.000141
g_row\[0\].g_col\[0\].pe/_1699_,VGND,li1,189.7500,174.0800,0.000139
g_row\[0\].g_col\[0\].pe/_1698_,VGND,li1,190.2100,168.6400,0.000155
g_row\[0\].g_col\[0\].pe/_1697_,VGND,li1,182.8500,174.0800,0.000129
g_row\[0\].g_col\[0\].pe/_1696_,VGND,li1,186.5300,163.2000,0.000108
g_row\[0\].g_col\[0\].pe/_1695_,VGND,li1,183.5400,163.2000,0.000105
g_row\[0\].g_col\[0\].pe/_1694_,VGND,li1,189.2900,163.2000,0.000115
g_row\[0\].g_col\[0\].pe/_1693_,VGND,li1,180.0900,168.6400,0.000119
g_row\[0\].g_col\[0\].pe/_1692_,VGND,li1,184.6900,141.4400,0.000268
g_row\[0\].g_col\[0\].pe/_1691_,VGND,li1,186.0700,136.0000,0.000125
g_row\[0\].g_col\[0\].pe/_1690_,VGND,li1,180.5500,163.2000,0.000099
g_row\[0\].g_col\[0\].pe/_1689_,VGND,li1,184.6900,141.4400,0.000268
g_row\[0\].g_col\[0\].pe/_1688_,VGND,li1,173.1900,141.4400,0.000234
g_row\[0\].g_col\[0\].pe/_1687_,VGND,li1,175.0300,136.0000,0.000123
g_row\[0\].g_col\[0\].pe/_1686_,VGND,li1,171.5800,136.0000,0.000132
g_row\[0\].g_col\[0\].pe/_1685_,VGND,li1,160.3100,130.5600,0.000258
g_row\[0\].g_col\[0\].pe/_1684_,VGND,li1,149.5000,136.0000,0.000189
g_row\[0\].g_col\[0\].pe/_1683_,VGND,li1,175.9500,136.0000,0.000123
g_row\[0\].g_col\[0\].pe/_1682_,VGND,li1,99.1300,141.4400,0.000324
g_row\[0\].g_col\[0\].pe/_1681_,VGND,li1,98.2100,152.3200,0.000168
g_row\[0\].g_col\[0\].pe/_1680_,VGND,li1,144.2100,136.0000,0.000201
g_row\[0\].g_col\[0\].pe/_1679_,VGND,li1,139.3800,136.0000,0.000210
g_row\[0\].g_col\[0\].pe/_1678_,VGND,li1,193.8900,168.6400,0.000164
g_row\[0\].g_col\[0\].pe/_1677_,VGND,li1,184.6900,168.6400,0.000135
g_row\[0\].g_col\[0\].pe/_1676_,VGND,li1,181.7000,168.6400,0.000129
g_row\[0\].g_col\[0\].pe/_1675_,VGND,li1,179.1700,168.6400,0.000119
g_row\[0\].g_col\[0\].pe/_1674_,VGND,li1,179.1700,163.2000,0.000096
g_row\[0\].g_col\[0\].pe/_1673_,VGND,li1,140.5300,174.0800,0.000219
g_row\[0\].g_col\[0\].pe/_1672_,VGND,li1,132.0200,174.0800,0.000236
g_row\[0\].g_col\[0\].pe/_1671_,VGND,li1,169.9700,157.7600,0.000117
g_row\[0\].g_col\[0\].pe/_1670_,VGND,li1,158.2400,163.2000,0.000139
g_row\[0\].g_col\[0\].pe/_1669_,VGND,li1,173.6500,190.4000,0.000143
g_row\[0\].g_col\[0\].pe/_1668_,VGND,li1,171.8100,179.5200,0.000196
g_row\[0\].g_col\[0\].pe/_1667_,VGND,li1,177.7900,174.0800,0.000119
g_row\[0\].g_col\[0\].pe/_1666_,VGND,li1,180.5500,179.5200,0.000188
g_row\[0\].g_col\[0\].pe/_1665_,VGND,li1,167.4400,174.0800,0.000149
g_row\[0\].g_col\[0\].pe/_1664_,VGND,li1,170.4300,174.0800,0.000141
g_row\[0\].g_col\[0\].pe/_1663_,VGND,li1,179.6300,174.0800,0.000123
g_row\[0\].g_col\[0\].pe/_1662_,VGND,li1,164.9100,174.0800,0.000157
g_row\[0\].g_col\[0\].pe/_1661_,VGND,li1,176.4100,168.6400,0.000124
g_row\[0\].g_col\[0\].pe/_1660_,VGND,li1,174.5700,163.2000,0.000105
g_row\[0\].g_col\[0\].pe/_1659_,VGND,li1,172.2700,174.0800,0.000135
g_row\[0\].g_col\[0\].pe/_1658_,VGND,li1,167.6700,179.5200,0.000206
g_row\[0\].g_col\[0\].pe/_1657_,VGND,li1,161.6900,179.5200,0.000222
g_row\[0\].g_col\[0\].pe/_1656_,VGND,li1,169.5100,168.6400,0.000135
g_row\[0\].g_col\[0\].pe/_1655_,VGND,li1,140.5300,168.6400,0.000175
g_row\[0\].g_col\[0\].pe/_1654_,VGND,li1,130.6400,174.0800,0.000236
g_row\[0\].g_col\[0\].pe/_1653_,VGND,li1,166.7500,168.6400,0.000142
g_row\[0\].g_col\[0\].pe/_1652_,VGND,li1,158.2400,168.6400,0.000153
g_row\[0\].g_col\[0\].pe/_1651_,VGND,li1,173.6500,168.6400,0.000130
g_row\[0\].g_col\[0\].pe/_1650_,VGND,li1,160.3100,163.2000,0.000135
g_row\[0\].g_col\[0\].pe/_1649_,VGND,li1,171.3500,146.8800,0.000117
g_row\[0\].g_col\[0\].pe/_1648_,VGND,li1,168.3600,141.4400,0.000240
g_row\[0\].g_col\[0\].pe/_1647_,VGND,li1,161.6900,141.4400,0.000250
g_row\[0\].g_col\[0\].pe/_1646_,VGND,li1,145.3600,141.4400,0.000272
g_row\[0\].g_col\[0\].pe/_1645_,VGND,li1,168.1300,141.4400,0.000240
g_row\[0\].g_col\[0\].pe/_1644_,VGND,li1,98.2100,146.8800,0.000216
g_row\[0\].g_col\[0\].pe/_1643_,VGND,li1,102.3500,146.8800,0.000213
g_row\[0\].g_col\[0\].pe/_1642_,VGND,li1,153.4100,141.4400,0.000261
g_row\[0\].g_col\[0\].pe/_1641_,VGND,li1,140.3000,141.4400,0.000279
g_row\[0\].g_col\[0\].pe/_1640_,VGND,li1,170.4300,184.9600,0.000136
g_row\[0\].g_col\[0\].pe/_1639_,VGND,li1,167.2100,206.7200,0.000257
g_row\[0\].g_col\[0\].pe/_1638_,VGND,li1,160.7700,201.2800,0.000201
g_row\[0\].g_col\[0\].pe/_1637_,VGND,li1,138.2300,206.7200,0.000304
g_row\[0\].g_col\[0\].pe/_1636_,VGND,li1,136.3900,201.2800,0.000228
g_row\[0\].g_col\[0\].pe/_1635_,VGND,li1,137.3100,195.8400,0.000285
g_row\[0\].g_col\[0\].pe/_1634_,VGND,li1,137.3100,201.2800,0.000226
g_row\[0\].g_col\[0\].pe/_1633_,VGND,li1,118.4500,201.2800,0.000234
g_row\[0\].g_col\[0\].pe/_1632_,VGND,li1,116.1500,201.2800,0.000234
g_row\[0\].g_col\[0\].pe/_1631_,VGND,li1,116.6100,190.4000,0.000191
g_row\[0\].g_col\[0\].pe/_1630_,VGND,li1,112.4700,184.9600,0.000196
g_row\[0\].g_col\[0\].pe/_1629_,VGND,li1,103.2700,195.8400,0.000336
g_row\[0\].g_col\[0\].pe/_1628_,VGND,li1,99.1300,184.9600,0.000200
g_row\[0\].g_col\[0\].pe/_1627_,VGND,li1,98.6700,174.0800,0.000283
g_row\[0\].g_col\[0\].pe/_1626_,VGND,li1,103.5000,168.6400,0.000201
g_row\[0\].g_col\[0\].pe/_1625_,VGND,li1,92.6900,179.5200,0.000245
g_row\[0\].g_col\[0\].pe/_1624_,VGND,li1,91.3100,174.0800,0.000290
g_row\[0\].g_col\[0\].pe/_1623_,VGND,li1,86.4800,174.0800,0.000292
g_row\[0\].g_col\[0\].pe/_1622_,VGND,li1,91.7700,179.5200,0.000245
g_row\[0\].g_col\[0\].pe/_1621_,VGND,li1,84.4100,174.0800,0.000295
g_row\[0\].g_col\[0\].pe/_1620_,VGND,li1,80.7300,174.0800,0.000297
g_row\[0\].g_col\[0\].pe/_1619_,VGND,li1,87.6300,179.5200,0.000237
g_row\[0\].g_col\[0\].pe/_1618_,VGND,li1,101.4300,179.5200,0.000259
g_row\[0\].g_col\[0\].pe/_1617_,VGND,li1,62.3300,184.9600,0.000184
g_row\[0\].g_col\[0\].pe/_1616_,VGND,li1,98.2100,179.5200,0.000254
g_row\[0\].g_col\[0\].pe/_1615_,VGND,li1,99.1300,195.8400,0.000339
g_row\[0\].g_col\[0\].pe/_1614_,VGND,li1,93.1500,195.8400,0.000343
g_row\[0\].g_col\[0\].pe/_1613_,VGND,li1,93.3800,190.4000,0.000190
g_row\[0\].g_col\[0\].pe/_1612_,VGND,li1,95.9100,201.2800,0.000221
g_row\[0\].g_col\[0\].pe/_1611_,VGND,li1,94.5300,190.4000,0.000190
g_row\[0\].g_col\[0\].pe/_1610_,VGND,li1,92.4600,184.9600,0.000200
g_row\[0\].g_col\[0\].pe/_1609_,VGND,li1,88.0900,190.4000,0.000189
g_row\[0\].g_col\[0\].pe/_1608_,VGND,li1,80.9600,190.4000,0.000187
g_row\[0\].g_col\[0\].pe/_1607_,VGND,li1,112.4700,201.2800,0.000232
g_row\[0\].g_col\[0\].pe/_1606_,VGND,li1,112.0100,206.7200,0.000292
g_row\[0\].g_col\[0\].pe/_1605_,VGND,li1,107.1800,206.7200,0.000288
g_row\[0\].g_col\[0\].pe/_1604_,VGND,li1,107.4100,212.1600,0.000236
g_row\[0\].g_col\[0\].pe/_1603_,VGND,li1,104.6500,212.1600,0.000231
g_row\[0\].g_col\[0\].pe/_1602_,VGND,li1,123.5100,212.1600,0.000243
g_row\[0\].g_col\[0\].pe/_1601_,VGND,li1,123.7400,212.1600,0.000243
g_row\[0\].g_col\[0\].pe/_1598_,VGND,li1,118.6800,206.7200,0.000296
g_row\[0\].g_col\[0\].pe/_1597_,VGND,li1,110.6300,190.4000,0.000192
g_row\[0\].g_col\[0\].pe/_1596_,VGND,li1,113.1600,190.4000,0.000192
g_row\[0\].g_col\[0\].pe/_1595_,VGND,li1,162.1500,201.2800,0.000196
g_row\[0\].g_col\[0\].pe/_1594_,VGND,li1,164.9100,201.2800,0.000192
g_row\[0\].g_col\[0\].pe/_1593_,VGND,li1,161.6900,195.8400,0.000218
g_row\[0\].g_col\[0\].pe/_1592_,VGND,li1,170.4300,195.8400,0.000186
g_row\[0\].g_col\[0\].pe/_1591_,VGND,li1,167.6700,195.8400,0.000202
g_row\[0\].g_col\[0\].pe/_1590_,VGND,li1,161.6900,195.8400,0.000218
g_row\[0\].g_col\[0\].pe/_1589_,VGND,li1,162.1500,190.4000,0.000161
g_row\[0\].g_col\[0\].pe/_1588_,VGND,li1,158.9300,195.8400,0.000227
g_row\[0\].g_col\[0\].pe/_1587_,VGND,li1,141.9100,195.8400,0.000275
g_row\[0\].g_col\[0\].pe/_1586_,VGND,li1,138.6900,195.8400,0.000285
g_row\[0\].g_col\[0\].pe/_1585_,VGND,li1,133.6300,190.4000,0.000186
g_row\[0\].g_col\[0\].pe/_1584_,VGND,li1,135.9300,174.0800,0.000225
g_row\[0\].g_col\[0\].pe/_1583_,VGND,li1,119.3700,195.8400,0.000318
g_row\[0\].g_col\[0\].pe/_1582_,VGND,li1,117.0700,184.9600,0.000194
g_row\[0\].g_col\[0\].pe/_1581_,VGND,li1,117.9900,168.6400,0.000194
g_row\[0\].g_col\[0\].pe/_1580_,VGND,li1,115.9200,163.2000,0.000208
g_row\[0\].g_col\[0\].pe/_1579_,VGND,li1,100.5100,174.0800,0.000282
g_row\[0\].g_col\[0\].pe/_1578_,VGND,li1,95.4500,168.6400,0.000202
g_row\[0\].g_col\[0\].pe/_1577_,VGND,li1,91.5400,168.6400,0.000203
g_row\[0\].g_col\[0\].pe/_1576_,VGND,li1,99.1300,168.6400,0.000202
g_row\[0\].g_col\[0\].pe/_1575_,VGND,li1,73.8300,168.6400,0.000198
g_row\[0\].g_col\[0\].pe/_1574_,VGND,li1,71.0700,168.6400,0.000195
g_row\[0\].g_col\[0\].pe/_1573_,VGND,li1,102.3500,168.6400,0.000201
g_row\[0\].g_col\[0\].pe/_1572_,VGND,li1,101.2000,163.2000,0.000224
g_row\[0\].g_col\[0\].pe/_1571_,VGND,li1,112.9300,195.8400,0.000325
g_row\[0\].g_col\[0\].pe/_1570_,VGND,li1,110.1700,195.8400,0.000329
g_row\[0\].g_col\[0\].pe/_1569_,VGND,li1,106.7200,195.8400,0.000332
g_row\[0\].g_col\[0\].pe/_1568_,VGND,li1,108.7900,190.4000,0.000192
g_row\[0\].g_col\[0\].pe/_1567_,VGND,li1,105.5700,190.4000,0.000192
g_row\[0\].g_col\[0\].pe/_1566_,VGND,li1,100.2800,184.9600,0.000200
g_row\[0\].g_col\[0\].pe/_1565_,VGND,li1,88.5500,190.4000,0.000189
g_row\[0\].g_col\[0\].pe/_1564_,VGND,li1,86.9400,184.9600,0.000199
g_row\[0\].g_col\[0\].pe/_1563_,VGND,li1,133.1700,201.2800,0.000229
g_row\[0\].g_col\[0\].pe/_1562_,VGND,li1,130.1800,195.8400,0.000298
g_row\[0\].g_col\[0\].pe/_1561_,VGND,li1,126.7300,195.8400,0.000304
g_row\[0\].g_col\[0\].pe/_1560_,VGND,li1,131.1000,201.2800,0.000230
g_row\[0\].g_col\[0\].pe/_1559_,VGND,li1,125.8100,201.2800,0.000232
g_row\[0\].g_col\[0\].pe/_1558_,VGND,li1,124.2000,201.2800,0.000232
g_row\[0\].g_col\[0\].pe/_1557_,VGND,li1,123.9700,206.7200,0.000299
g_row\[0\].g_col\[0\].pe/_1556_,VGND,li1,123.7400,206.7200,0.000299
g_row\[0\].g_col\[0\].pe/_1555_,VGND,li1,130.1800,190.4000,0.000187
g_row\[0\].g_col\[0\].pe/_1554_,VGND,li1,123.7400,195.8400,0.000309
g_row\[0\].g_col\[0\].pe/_1553_,VGND,li1,156.8600,201.2800,0.000205
g_row\[0\].g_col\[0\].pe/_1552_,VGND,li1,151.1100,195.8400,0.000249
g_row\[0\].g_col\[0\].pe/_1551_,VGND,li1,171.5800,184.9600,0.000132
g_row\[0\].g_col\[0\].pe/_1550_,VGND,li1,167.6700,190.4000,0.000152
g_row\[0\].g_col\[0\].pe/_1549_,VGND,li1,158.7000,190.4000,0.000165
g_row\[0\].g_col\[0\].pe/_1548_,VGND,li1,169.9700,190.4000,0.000147
g_row\[0\].g_col\[0\].pe/_1547_,VGND,li1,165.3700,190.4000,0.000158
g_row\[0\].g_col\[0\].pe/_1546_,VGND,li1,155.7100,195.8400,0.000238
g_row\[0\].g_col\[0\].pe/_1545_,VGND,li1,152.0300,195.8400,0.000249
g_row\[0\].g_col\[0\].pe/_1544_,VGND,li1,131.3300,206.7200,0.000302
g_row\[0\].g_col\[0\].pe/_1543_,VGND,li1,127.8800,201.2800,0.000231
g_row\[0\].g_col\[0\].pe/_1541_,VGND,li1,126.7300,223.0400,0.000348
g_row\[0\].g_col\[0\].pe/_1540_,VGND,li1,127.4200,223.0400,0.000348
g_row\[0\].g_col\[0\].pe/_1538_,VGND,li1,118.9100,212.1600,0.000242
g_row\[0\].g_col\[0\].pe/_1537_,VGND,li1,150.1900,190.4000,0.000174
g_row\[0\].g_col\[0\].pe/_1536_,VGND,li1,149.0400,179.5200,0.000244
g_row\[0\].g_col\[0\].pe/_1535_,VGND,li1,156.6300,195.8400,0.000238
g_row\[0\].g_col\[0\].pe/_1534_,VGND,li1,159.3900,190.4000,0.000165
g_row\[0\].g_col\[0\].pe/_1533_,VGND,li1,138.2300,190.4000,0.000184
g_row\[0\].g_col\[0\].pe/_1532_,VGND,li1,131.3300,195.8400,0.000298
g_row\[0\].g_col\[0\].pe/_1531_,VGND,li1,128.5700,190.4000,0.000188
g_row\[0\].g_col\[0\].pe/_1530_,VGND,li1,123.7400,184.9600,0.000190
g_row\[0\].g_col\[0\].pe/_1529_,VGND,li1,125.3500,195.8400,0.000309
g_row\[0\].g_col\[0\].pe/_1528_,VGND,li1,124.8900,190.4000,0.000189
g_row\[0\].g_col\[0\].pe/_1527_,VGND,li1,120.0600,184.9600,0.000192
g_row\[0\].g_col\[0\].pe/_1526_,VGND,li1,121.2100,190.4000,0.000190
g_row\[0\].g_col\[0\].pe/_1525_,VGND,li1,99.3600,190.4000,0.000191
g_row\[0\].g_col\[0\].pe/_1524_,VGND,li1,137.7700,168.6400,0.000178
g_row\[0\].g_col\[0\].pe/_1523_,VGND,li1,124.8900,168.6400,0.000191
g_row\[0\].g_col\[0\].pe/_1522_,VGND,li1,123.5100,168.6400,0.000191
g_row\[0\].g_col\[0\].pe/_1521_,VGND,li1,123.7400,163.2000,0.000198
g_row\[0\].g_col\[0\].pe/_1520_,VGND,li1,115.6900,168.6400,0.000196
g_row\[0\].g_col\[0\].pe/_1519_,VGND,li1,76.1300,168.6400,0.000199
g_row\[0\].g_col\[0\].pe/_1518_,VGND,li1,77.0500,163.2000,0.000241
g_row\[0\].g_col\[0\].pe/_1517_,VGND,li1,112.0100,168.6400,0.000198
g_row\[0\].g_col\[0\].pe/_1516_,VGND,li1,104.8800,163.2000,0.000220
g_row\[0\].g_col\[0\].pe/_1515_,VGND,li1,136.3900,163.2000,0.000180
g_row\[0\].g_col\[0\].pe/_1514_,VGND,li1,128.8000,157.7600,0.000160
g_row\[0\].g_col\[0\].pe/_1513_,VGND,li1,156.6300,179.5200,0.000231
g_row\[0\].g_col\[0\].pe/_1512_,VGND,li1,153.8700,174.0800,0.000188
g_row\[0\].g_col\[0\].pe/_1511_,VGND,li1,165.8300,184.9600,0.000142
g_row\[0\].g_col\[0\].pe/_1510_,VGND,li1,160.3100,179.5200,0.000222
g_row\[0\].g_col\[0\].pe/_1509_,VGND,li1,162.1500,184.9600,0.000148
g_row\[0\].g_col\[0\].pe/_1508_,VGND,li1,151.1100,179.5200,0.000240
g_row\[0\].g_col\[0\].pe/_1507_,VGND,li1,149.0400,174.0800,0.000200
g_row\[0\].g_col\[0\].pe/_1506_,VGND,li1,158.0100,184.9600,0.000157
g_row\[0\].g_col\[0\].pe/_1504_,VGND,li1,124.4300,223.0400,0.000347
g_row\[0\].g_col\[0\].pe/_1503_,VGND,li1,129.4900,217.6000,0.000287
g_row\[0\].g_col\[0\].pe/_1502_,VGND,li1,130.6400,223.0400,0.000349
g_row\[0\].g_col\[0\].pe/_1501_,VGND,li1,164.9100,179.5200,0.000215
g_row\[0\].g_col\[0\].pe/_1500_,VGND,li1,157.0900,184.9600,0.000157
g_row\[0\].g_col\[0\].pe/_1499_,VGND,li1,152.4900,190.4000,0.000172
g_row\[0\].g_col\[0\].pe/_1498_,VGND,li1,144.2100,190.4000,0.000179
g_row\[0\].g_col\[0\].pe/_1497_,VGND,li1,127.4200,184.9600,0.000187
g_row\[0\].g_col\[0\].pe/_1496_,VGND,li1,146.5100,190.4000,0.000177
g_row\[0\].g_col\[0\].pe/_1495_,VGND,li1,137.7700,190.4000,0.000184
g_row\[0\].g_col\[0\].pe/_1494_,VGND,li1,131.1000,184.9600,0.000184
g_row\[0\].g_col\[0\].pe/_1493_,VGND,li1,142.8300,184.9600,0.000172
g_row\[0\].g_col\[0\].pe/_1492_,VGND,li1,106.7200,184.9600,0.000198
g_row\[0\].g_col\[0\].pe/_1491_,VGND,li1,153.4100,174.0800,0.000188
g_row\[0\].g_col\[0\].pe/_1490_,VGND,li1,135.9300,163.2000,0.000180
g_row\[0\].g_col\[0\].pe/_1489_,VGND,li1,134.0900,157.7600,0.000156
g_row\[0\].g_col\[0\].pe/_1488_,VGND,li1,132.4800,157.7600,0.000156
g_row\[0\].g_col\[0\].pe/_1487_,VGND,li1,129.0300,163.2000,0.000191
g_row\[0\].g_col\[0\].pe/_1486_,VGND,li1,97.7500,157.7600,0.000184
g_row\[0\].g_col\[0\].pe/_1485_,VGND,li1,98.2100,157.7600,0.000184
g_row\[0\].g_col\[0\].pe/_1484_,VGND,li1,125.3500,141.4400,0.000298
g_row\[0\].g_col\[0\].pe/_1483_,VGND,li1,123.7400,136.0000,0.000242
g_row\[0\].g_col\[0\].pe/_1482_,VGND,li1,151.1100,163.2000,0.000153
g_row\[0\].g_col\[0\].pe/_1481_,VGND,li1,148.5800,157.7600,0.000141
g_row\[0\].g_col\[0\].pe/_1480_,VGND,li1,160.3100,174.0800,0.000169
g_row\[0\].g_col\[0\].pe/_1479_,VGND,li1,158.9300,174.0800,0.000175
g_row\[0\].g_col\[0\].pe/_1478_,VGND,li1,155.7100,179.5200,0.000231
g_row\[0\].g_col\[0\].pe/_1477_,VGND,li1,131.3300,179.5200,0.000269
g_row\[0\].g_col\[0\].pe/_1476_,VGND,li1,126.9600,184.9600,0.000187
g_row\[0\].g_col\[0\].pe/_1474_,VGND,li1,64.6300,223.0400,0.000237
g_row\[0\].g_col\[0\].pe/_1473_,VGND,li1,68.3100,223.0400,0.000244
g_row\[0\].g_col\[0\].pe/_1471_,VGND,li1,62.1000,217.6000,0.000210
g_row\[0\].g_col\[0\].pe/_1470_,VGND,li1,62.3300,212.1600,0.000167
g_row\[0\].g_col\[0\].pe/_1469_,VGND,li1,59.5700,217.6000,0.000200
g_row\[0\].g_col\[0\].pe/_1466_,VGND,li1,45.3100,223.0400,0.000177
g_row\[0\].g_col\[0\].pe/_1465_,VGND,li1,149.2700,174.0800,0.000196
g_row\[0\].g_col\[0\].pe/_1464_,VGND,li1,135.4700,174.0800,0.000229
g_row\[0\].g_col\[0\].pe/_1463_,VGND,li1,129.7200,168.6400,0.000186
g_row\[0\].g_col\[0\].pe/_1461_,VGND,li1,54.0500,201.2800,0.000151
g_row\[0\].g_col\[0\].pe/_1460_,VGND,li1,54.0500,206.7200,0.000184
g_row\[0\].g_col\[0\].pe/_1459_,VGND,li1,54.0500,201.2800,0.000151
g_row\[0\].g_col\[0\].pe/_1457_,VGND,li1,65.0900,201.2800,0.000173
g_row\[0\].g_col\[0\].pe/_1453_,VGND,li1,52.2100,201.2800,0.000143
g_row\[0\].g_col\[0\].pe/_1452_,VGND,li1,144.2100,174.0800,0.000208
g_row\[0\].g_col\[0\].pe/_1451_,VGND,li1,142.1400,179.5200,0.000256
g_row\[0\].g_col\[0\].pe/_1449_,VGND,li1,47.1500,195.8400,0.000221
g_row\[0\].g_col\[0\].pe/_1448_,VGND,li1,50.3700,195.8400,0.000236
g_row\[0\].g_col\[0\].pe/_1447_,VGND,li1,50.8300,195.8400,0.000236
g_row\[0\].g_col\[0\].pe/_1444_,VGND,li1,48.9900,184.9600,0.000150
g_row\[0\].g_col\[0\].pe/_1443_,VGND,li1,159.8500,168.6400,0.000153
g_row\[0\].g_col\[0\].pe/_1442_,VGND,li1,153.4100,163.2000,0.000149
g_row\[0\].g_col\[0\].pe/_1441_,VGND,li1,146.9700,163.2000,0.000161
g_row\[0\].g_col\[0\].pe/_1440_,VGND,li1,142.1400,163.2000,0.000171
g_row\[0\].g_col\[0\].pe/_1438_,VGND,li1,150.6500,157.7600,0.000138
g_row\[0\].g_col\[0\].pe/_1437_,VGND,li1,142.8300,157.7600,0.000146
g_row\[0\].g_col\[0\].pe/_1436_,VGND,li1,98.2100,152.3200,0.000168
g_row\[0\].g_col\[0\].pe/_1432_,VGND,li1,145.1300,141.4400,0.000272
g_row\[0\].g_col\[0\].pe/_1431_,VGND,li1,139.3800,141.4400,0.000279
g_row\[0\].g_col\[0\].pe/_1429_,VGND,li1,155.7100,163.2000,0.000144
g_row\[0\].g_col\[0\].pe/_1428_,VGND,li1,153.1800,168.6400,0.000162
g_row\[0\].g_col\[0\].pe/_1427_,VGND,li1,146.0500,168.6400,0.000170
g_row\[0\].g_col\[0\].pe/_1426_,VGND,li1,145.3600,168.6400,0.000170
g_row\[0\].g_col\[0\].pe/_1424_,VGND,li1,47.6100,179.5200,0.000148
g_row\[0\].g_col\[0\].pe/_1423_,VGND,li1,49.4500,184.9600,0.000150
g_row\[0\].g_col\[0\].pe/_1422_,VGND,li1,49.4500,179.5200,0.000153
g_row\[0\].g_col\[0\].pe/_1421_,VGND,li1,61.4100,179.5200,0.000183
g_row\[0\].g_col\[0\].pe/_1420_,VGND,li1,152.0300,168.6400,0.000162
g_row\[0\].g_col\[0\].pe/_1419_,VGND,li1,144.2100,163.2000,0.000165
g_row\[0\].g_col\[0\].pe/_1418_,VGND,li1,82.1100,163.2000,0.000239
g_row\[0\].g_col\[0\].pe/_1416_,VGND,li1,34.7300,179.5200,0.000111
g_row\[0\].g_col\[0\].pe/_1415_,VGND,li1,79.8100,174.0800,0.000297
g_row\[0\].g_col\[0\].pe/_1414_,VGND,li1,81.1900,179.5200,0.000224
g_row\[0\].g_col\[0\].pe/_1413_,VGND,li1,134.5500,168.6400,0.000181
g_row\[0\].g_col\[0\].pe/_1412_,VGND,li1,106.7200,168.6400,0.000200
g_row\[0\].g_col\[0\].pe/_1411_,VGND,li1,104.1900,179.5200,0.000262
g_row\[0\].g_col\[0\].pe/_1408_,VGND,li1,156.6300,228.4800,0.000218
g_row\[0\].g_col\[0\].pe/_1407_,VGND,li1,162.6100,233.9200,0.000267
g_row\[0\].g_col\[0\].pe/_1406_,VGND,li1,169.0500,228.4800,0.000200
g_row\[0\].g_col\[0\].pe/_1405_,VGND,li1,157.0900,233.9200,0.000283
g_row\[0\].g_col\[0\].pe/_1404_,VGND,li1,166.2900,228.4800,0.000205
g_row\[0\].g_col\[0\].pe/_1403_,VGND,li1,149.5000,217.6000,0.000270
g_row\[0\].g_col\[0\].pe/_1402_,VGND,li1,153.4100,217.6000,0.000265
g_row\[0\].g_col\[0\].pe/_1401_,VGND,li1,156.4000,212.1600,0.000216
g_row\[0\].g_col\[0\].pe/_1400_,VGND,li1,158.4700,217.6000,0.000255
g_row\[0\].g_col\[0\].pe/_1399_,VGND,li1,140.7600,228.4800,0.000233
g_row\[0\].g_col\[0\].pe/_1398_,VGND,li1,158.9300,228.4800,0.000216
g_row\[0\].g_col\[0\].pe/_1397_,VGND,li1,155.4800,217.6000,0.000259
g_row\[0\].g_col\[0\].pe/_1396_,VGND,li1,161.6900,223.0400,0.000335
g_row\[0\].g_col\[0\].pe/_1395_,VGND,li1,137.5400,223.0400,0.000351
g_row\[0\].g_col\[0\].pe/_1394_,VGND,li1,161.6900,217.6000,0.000249
g_row\[0\].g_col\[0\].pe/_1393_,VGND,li1,142.1400,217.6000,0.000277
g_row\[0\].g_col\[0\].pe/_1392_,VGND,li1,150.6500,223.0400,0.000349
g_row\[0\].g_col\[0\].pe/_1391_,VGND,li1,144.9000,206.7200,0.000302
g_row\[0\].g_col\[0\].pe/_1389_,VGND,li1,159.3900,206.7200,0.000272
g_row\[0\].g_col\[0\].pe/_1388_,VGND,li1,140.3000,201.2800,0.000224
g_row\[0\].g_col\[0\].pe/_1387_,VGND,li1,157.0900,206.7200,0.000277
g_row\[0\].g_col\[0\].pe/_1386_,VGND,li1,55.2000,184.9600,0.000167
g_row\[0\].g_col\[0\].pe/_1385_,VGND,li1,145.5900,195.8400,0.000266
g_row\[0\].g_col\[0\].pe/_1384_,VGND,li1,143.0600,201.2800,0.000222
g_row\[0\].g_col\[0\].pe/_1383_,VGND,li1,149.7300,201.2800,0.000214
g_row\[0\].g_col\[0\].pe/_1380_,VGND,li1,59.8000,184.9600,0.000178
g_row\[0\].g_col\[0\].pe/_1377_,VGND,li1,129.9500,228.4800,0.000240
g_row\[0\].g_col\[0\].pe/_1376_,VGND,li1,147.8900,195.8400,0.000260
g_row\[0\].g_col\[0\].pe/_1374_,VGND,li1,153.4100,179.5200,0.000236
g_row\[0\].g_col\[0\].pe/_1372_,VGND,li1,154.1000,184.9600,0.000159
g_row\[0\].g_col\[0\].pe/_1371_,VGND,li1,220.5700,261.1200,0.000308
g_row\[0\].g_col\[0\].pe/_1370_,VGND,li1,222.6400,266.5600,0.000060
g_row\[0\].g_col\[0\].pe/_1369_,VGND,li1,249.5500,239.3600,0.000559
g_row\[0\].g_col\[0\].pe/_1368_,VGND,li1,228.8500,266.5600,0.000060
g_row\[0\].g_col\[0\].pe/_1367_,VGND,li1,232.0700,261.1200,0.000326
g_row\[0\].g_col\[0\].pe/_1366_,VGND,li1,227.4700,261.1200,0.000319
g_row\[0\].g_col\[0\].pe/_1365_,VGND,li1,222.6400,261.1200,0.000312
g_row\[0\].g_col\[0\].pe/_1364_,VGND,li1,228.8500,255.6800,0.000474
g_row\[0\].g_col\[0\].pe/_1363_,VGND,li1,233.9100,261.1200,0.000328
g_row\[0\].g_col\[0\].pe/_1362_,VGND,li1,226.5500,255.6800,0.000468
g_row\[0\].g_col\[0\].pe/_1361_,VGND,li1,227.9300,261.1200,0.000319
g_row\[0\].g_col\[0\].pe/_1360_,VGND,li1,209.9900,266.5600,0.000060
g_row\[0\].g_col\[0\].pe/_1359_,VGND,li1,213.2100,261.1200,0.000299
g_row\[0\].g_col\[0\].pe/_1358_,VGND,li1,209.0700,261.1200,0.000293
g_row\[0\].g_col\[0\].pe/_1357_,VGND,li1,207.2300,261.1200,0.000289
g_row\[0\].g_col\[0\].pe/_1356_,VGND,li1,203.5500,255.6800,0.000373
g_row\[0\].g_col\[0\].pe/_1355_,VGND,li1,203.0900,261.1200,0.000283
g_row\[0\].g_col\[0\].pe/_1354_,VGND,li1,200.7900,261.1200,0.000280
g_row\[0\].g_col\[0\].pe/_1353_,VGND,li1,197.1100,261.1200,0.000271
g_row\[0\].g_col\[0\].pe/_1352_,VGND,li1,196.8800,255.6800,0.000337
g_row\[0\].g_col\[0\].pe/_1351_,VGND,li1,195.7300,261.1200,0.000271
g_row\[0\].g_col\[0\].pe/_1350_,VGND,li1,192.5100,261.1200,0.000264
g_row\[0\].g_col\[0\].pe/_1349_,VGND,li1,192.5100,266.5600,0.000060
g_row\[0\].g_col\[0\].pe/_1348_,VGND,li1,191.5900,261.1200,0.000264
g_row\[0\].g_col\[0\].pe/_1347_,VGND,li1,189.2900,261.1200,0.000260
g_row\[0\].g_col\[0\].pe/_1346_,VGND,li1,188.8300,255.6800,0.000304
g_row\[0\].g_col\[0\].pe/_1345_,VGND,li1,184.0000,255.6800,0.000280
g_row\[0\].g_col\[0\].pe/_1344_,VGND,li1,189.7500,255.6800,0.000304
g_row\[0\].g_col\[0\].pe/_1343_,VGND,li1,184.2300,255.6800,0.000280
g_row\[0\].g_col\[0\].pe/_1342_,VGND,li1,185.6100,261.1200,0.000254
g_row\[0\].g_col\[0\].pe/_1341_,VGND,li1,183.7700,261.1200,0.000251
g_row\[0\].g_col\[0\].pe/_1340_,VGND,li1,115.6900,168.6400,0.000196
_340_,VGND,li1,180.5500,21.7600,0.000189
_339_,VGND,li1,156.1700,10.8800,0.000093
_338_,VGND,li1,14.0300,103.3600,0.000219
_337_,VGND,li1,169.0500,10.8800,0.000080
_336_,VGND,li1,156.1700,108.8000,0.000266
_335_,VGND,li1,156.1700,21.7600,0.000241
_334_,VGND,li1,154.7900,16.3200,0.000304
_333_,VGND,li1,148.3500,16.3200,0.000311
_332_,VGND,li1,11.2700,48.9600,0.000134
_331_,VGND,li1,165.3700,16.3200,0.000283
_330_,VGND,li1,192.0500,10.8800,0.000087
_329_,VGND,li1,180.5500,16.3200,0.000233
_328_,VGND,li1,153.4100,21.7600,0.000243
_327_,VGND,li1,192.9700,16.3200,0.000274
_326_,VGND,li1,181.9300,10.8800,0.000076
_325_,VGND,li1,156.1700,16.3200,0.000304
_324_,VGND,li1,169.0500,261.1200,0.000326
_323_,VGND,li1,156.1700,250.2400,0.000440
_322_,VGND,li1,181.9300,228.4800,0.000198
_321_,VGND,li1,181.9300,233.9200,0.000230
_320_,VGND,li1,179.6300,223.0400,0.000256
_319_,VGND,li1,173.6500,228.4800,0.000194
_318_,VGND,li1,153.4100,255.6800,0.000394
_317_,VGND,li1,164.4500,266.5600,0.000094
_316_,VGND,li1,156.1700,255.6800,0.000381
_315_,VGND,li1,148.3500,244.8000,0.000569
_314_,VGND,li1,148.3500,261.1200,0.000472
_313_,VGND,li1,152.4900,244.8000,0.000544
_312_,VGND,li1,148.3500,255.6800,0.000423
_311_,VGND,li1,138.6900,255.6800,0.000453
_310_,VGND,li1,135.9300,261.1200,0.000539
_309_,VGND,li1,127.6500,261.1200,0.000564
_308_,VGND,li1,383.4100,146.8800,0.000381
_307_,VGND,li1,192.0500,136.0000,0.000136
_306_,VGND,li1,198.0300,146.8800,0.000138
_305_,VGND,li1,198.0300,152.3200,0.000112
_304_,VGND,li1,346.1500,141.4400,0.000280
_303_,VGND,li1,319.9300,130.5600,0.000186
_302_,VGND,li1,331.8900,136.0000,0.000165
_301_,VGND,li1,349.3700,136.0000,0.000246
_300_,VGND,li1,380.6500,152.3200,0.000167
_299_,VGND,li1,362.2500,141.4400,0.000338
_298_,VGND,li1,370.9900,146.8800,0.000359
_297_,VGND,li1,374.2100,152.3200,0.000161
_296_,VGND,li1,388.9300,152.3200,0.000170
_295_,VGND,li1,375.5900,157.7600,0.000358
_294_,VGND,li1,377.8900,163.2000,0.000240
_293_,VGND,li1,388.0100,163.2000,0.000248
_292_,VGND,li1,35.6500,157.7600,0.000144
_291_,VGND,li1,14.0300,157.7600,0.000132
_290_,VGND,li1,35.6500,157.7600,0.000144
_289_,VGND,li1,12.1900,163.2000,0.000138
_288_,VGND,li1,35.6500,261.1200,0.000309
_287_,VGND,li1,11.2700,168.6400,0.000141
_286_,VGND,li1,10.8100,168.6400,0.000141
_285_,VGND,li1,74.2900,261.1200,0.000531
_284_,VGND,li1,24.1500,152.3200,0.000103
_283_,VGND,li1,14.4900,152.3200,0.000107
_282_,VGND,li1,22.7700,152.3200,0.000103
_281_,VGND,li1,17.7100,163.2000,0.000136
_280_,VGND,li1,27.8300,157.7600,0.000122
_279_,VGND,li1,32.4300,152.3200,0.000124
_278_,VGND,li1,40.2500,152.3200,0.000142
_277_,VGND,li1,105.1100,261.1200,0.000585
_276_,VGND,li1,148.8100,119.6800,0.000428
_275_,VGND,li1,43.0100,146.8800,0.000188
_274_,VGND,li1,10.8100,130.5600,0.000175
_273_,VGND,li1,12.1900,141.4400,0.000132
_271_,VGND,li1,9.8900,136.0000,0.000103
_269_,VGND,li1,176.8700,21.7600,0.000187
_267_,VGND,li1,139.6100,10.8800,0.000101
_265_,VGND,li1,9.8900,103.3600,0.000219
_263_,VGND,li1,174.1100,27.2000,0.000121
_261_,VGND,li1,9.8900,108.8000,0.000165
_259_,VGND,li1,144.6700,10.8800,0.000099
_257_,VGND,li1,153.4100,27.2000,0.000158
_255_,VGND,li1,144.6700,21.7600,0.000246
_253_,VGND,li1,14.9500,103.3600,0.000219
_251_,VGND,li1,169.0500,21.7600,0.000212
_249_,VGND,li1,196.1900,16.3200,0.000280
_247_,VGND,li1,183.3100,16.3200,0.000243
_245_,VGND,li1,149.7300,21.7600,0.000245
_243_,VGND,li1,190.6700,21.7600,0.000228
_241_,VGND,li1,170.4300,16.3200,0.000264
_239_,VGND,li1,162.1500,27.2000,0.000143
_237_,VGND,li1,168.5900,255.6800,0.000314
_235_,VGND,li1,154.7900,266.5600,0.000113
_233_,VGND,li1,180.0900,266.5600,0.000060
_231_,VGND,li1,180.0900,261.1200,0.000243
_229_,VGND,li1,177.3300,255.6800,0.000271
_227_,VGND,li1,161.6900,261.1200,0.000390
_225_,VGND,li1,144.6700,266.5600,0.000132
_223_,VGND,li1,163.0700,255.6800,0.000345
_221_,VGND,li1,154.7900,261.1200,0.000425
_219_,VGND,li1,131.7900,266.5600,0.000154
_217_,VGND,li1,132.2500,255.6800,0.000468
_215_,VGND,li1,139.6100,266.5600,0.000141
_213_,VGND,li1,144.6700,261.1200,0.000488
_211_,VGND,li1,127.1900,255.6800,0.000478
_209_,VGND,li1,131.7900,244.8000,0.000624
_207_,VGND,li1,125.8100,250.2400,0.000526
_205_,VGND,li1,387.0900,146.8800,0.000381
_203_,VGND,li1,106.0300,141.4400,0.000317
_201_,VGND,li1,191.5900,146.8800,0.000127
_199_,VGND,li1,78.4300,152.3200,0.000172
_197_,VGND,li1,345.6900,136.0000,0.000228
_195_,VGND,li1,318.5500,125.1200,0.000270
_193_,VGND,li1,347.0700,130.5600,0.000220
_191_,VGND,li1,356.2700,141.4400,0.000322
_189_,VGND,li1,387.0900,152.3200,0.000169
_187_,VGND,li1,376.5100,146.8800,0.000371
_185_,VGND,li1,372.3700,141.4400,0.000350
_183_,VGND,li1,382.4900,152.3200,0.000168
_181_,VGND,li1,382.4900,136.0000,0.000276
_179_,VGND,li1,389.3900,174.0800,0.000147
_177_,VGND,li1,389.8500,146.8800,0.000381
_175_,VGND,li1,376.5100,157.7600,0.000358
_173_,VGND,li1,18.6300,146.8800,0.000131
_171_,VGND,li1,12.6500,157.7600,0.000132
_169_,VGND,li1,13.5700,146.8800,0.000133
_167_,VGND,li1,9.8900,174.0800,0.000203
_165_,VGND,li1,83.9500,261.1200,0.000557
_163_,VGND,li1,21.3900,157.7600,0.000124
_161_,VGND,li1,9.8900,163.2000,0.000138
_159_,VGND,li1,76.5900,261.1200,0.000541
_157_,VGND,li1,17.7100,152.3200,0.000106
_155_,VGND,li1,11.2700,136.0000,0.000103
_153_,VGND,li1,15.8700,146.8800,0.000132
_151_,VGND,li1,10.8100,146.8800,0.000133
_149_,VGND,li1,10.8100,141.4400,0.000132
_147_,VGND,li1,24.1500,141.4400,0.000124
_145_,VGND,li1,15.8700,141.4400,0.000130
_143_,VGND,li1,154.7900,261.1200,0.000425
_141_,VGND,li1,9.8900,125.1200,0.000187
_139_,VGND,li1,12.6500,152.3200,0.000107
_137_,VGND,li1,9.4300,130.5600,0.000175
_136_,VGND,li1,7.5900,119.6800,0.000191
