
===========================================================================
report_checks -path_delay min (Hold)
============================================================================
======================= nom_tt_025C_1v80 Corner ===================================

Startpoint: _2678_ (rising edge-triggered flip-flop clocked by clk)
Endpoint: _2678_ (rising edge-triggered flip-flop clocked by clk)
Path Group: clk
Path Type: min

Fanout         Cap        Slew       Delay        Time   Description
---------------------------------------------------------------------------------------------
                                  0.000000    0.000000   clock clk (rise edge)
                                  0.000000    0.000000   clock source latency
     1    0.021153    0.100886    0.069830    0.069830 ^ clk (in)
                                                         clk (net)
                      0.100909    0.000000    0.069830 ^ clkbuf_0_clk/A (sky130_fd_sc_hd__clkbuf_16)
    16    0.095653    0.112396    0.199673    0.269503 ^ clkbuf_0_clk/X (sky130_fd_sc_hd__clkbuf_16)
                                                         clknet_0_clk (net)
                      0.112489    0.002716    0.272220 ^ clkbuf_4_11_0_clk/A (sky130_fd_sc_hd__clkbuf_8)
     6    0.025764    0.059818    0.164199    0.436419 ^ clkbuf_4_11_0_clk/X (sky130_fd_sc_hd__clkbuf_8)
                                                         clknet_4_11_0_clk (net)
                      0.059825    0.000660    0.437078 ^ _2678_/CLK (sky130_fd_sc_hd__dfxtp_2)
     3    0.015631    0.049548    0.339357    0.776436 v _2678_/Q (sky130_fd_sc_hd__dfxtp_2)
                                                         r3_prod_mant[7] (net)
                      0.049548    0.000268    0.776704 v _2081_/B (sky130_fd_sc_hd__nand2_2)
     1    0.005300    0.047077    0.067416    0.844120 ^ _2081_/Y (sky130_fd_sc_hd__nand2_2)
                                                         _1298_ (net)
                      0.047077    0.000130    0.844249 ^ _2121_/A1 (sky130_fd_sc_hd__a21oi_2)
     1    0.002107    0.026315    0.040848    0.885098 v _2121_/Y (sky130_fd_sc_hd__a21oi_2)
                                                         _0023_ (net)
                      0.026315    0.000043    0.885141 v _2678_/D (sky130_fd_sc_hd__dfxtp_2)
                                              0.885141   data arrival time

                                  0.000000    0.000000   clock clk (rise edge)
                                  0.000000    0.000000   clock source latency
     1    0.021153    0.100886    0.069830    0.069830 ^ clk (in)
                                                         clk (net)
                      0.100909    0.000000    0.069830 ^ clkbuf_0_clk/A (sky130_fd_sc_hd__clkbuf_16)
    16    0.095653    0.112396    0.199673    0.269503 ^ clkbuf_0_clk/X (sky130_fd_sc_hd__clkbuf_16)
                                                         clknet_0_clk (net)
                      0.112489    0.002716    0.272220 ^ clkbuf_4_11_0_clk/A (sky130_fd_sc_hd__clkbuf_8)
     6    0.025764    0.059818    0.164199    0.436419 ^ clkbuf_4_11_0_clk/X (sky130_fd_sc_hd__clkbuf_8)
                                                         clknet_4_11_0_clk (net)
                      0.059825    0.000660    0.437078 ^ _2678_/CLK (sky130_fd_sc_hd__dfxtp_2)
                                  0.200000    0.637078   clock uncertainty
                                  0.000000    0.637078   clock reconvergence pessimism
                                 -0.035085    0.601993   library hold time
                                              0.601993   data required time
---------------------------------------------------------------------------------------------
                                              0.601993   data required time
                                             -0.885141   data arrival time
---------------------------------------------------------------------------------------------
                                              0.283148   slack (MET)


Startpoint: enable (input port clocked by clk)
Endpoint: _2687_ (rising edge-triggered flip-flop clocked by clk)
Path Group: clk
Path Type: min

Fanout         Cap        Slew       Delay        Time   Description
---------------------------------------------------------------------------------------------
                                  0.000000    0.000000   clock clk (rise edge)
                                  0.000000    0.000000   clock network delay (propagated)
                                  0.020000    0.020000 ^ input external delay
     1    0.004371    0.026556    0.015844    0.035844 ^ enable (in)
                                                         enable (net)
                      0.026557    0.000000    0.035844 ^ hold606/A (sky130_fd_sc_hd__clkbuf_2)
     1    0.003753    0.032539    0.087756    0.123600 ^ hold606/X (sky130_fd_sc_hd__clkbuf_2)
                                                         net605 (net)
                      0.032540    0.000103    0.123702 ^ hold595/A (sky130_fd_sc_hd__clkbuf_2)
     1    0.003223    0.029962    0.087440    0.211143 ^ hold595/X (sky130_fd_sc_hd__clkbuf_2)
                                                         net594 (net)
                      0.029962    0.000077    0.211220 ^ hold607/A (sky130_fd_sc_hd__clkbuf_2)
     1    0.002563    0.026932    0.083477    0.294697 ^ hold607/X (sky130_fd_sc_hd__clkbuf_2)
                                                         net606 (net)
                      0.026932    0.000058    0.294755 ^ input343/A (sky130_fd_sc_hd__buf_2)
     2    0.014703    0.078957    0.126213    0.420968 ^ input343/X (sky130_fd_sc_hd__buf_2)
                                                         net343 (net)
                      0.079018    0.001224    0.422192 ^ hold596/A (sky130_fd_sc_hd__clkbuf_2)
     3    0.022522    0.127571    0.176008    0.598199 ^ hold596/X (sky130_fd_sc_hd__clkbuf_2)
                                                         net595 (net)
                      0.127640    0.001366    0.599566 ^ _2328_/A1 (sky130_fd_sc_hd__o22a_2)
     1    0.005998    0.044992    0.174001    0.773567 ^ _2328_/X (sky130_fd_sc_hd__o22a_2)
                                                         _0319_ (net)
                      0.044992    0.000224    0.773790 ^ _2329_/B (sky130_fd_sc_hd__nor2_2)
     1    0.003091    0.016937    0.029857    0.803648 v _2329_/Y (sky130_fd_sc_hd__nor2_2)
                                                         _0032_ (net)
                      0.016937    0.000098    0.803746 v hold405/A (sky130_fd_sc_hd__clkbuf_2)
     1    0.002135    0.020989    0.082135    0.885881 v hold405/X (sky130_fd_sc_hd__clkbuf_2)
                                                         net404 (net)
                      0.020989    0.000046    0.885926 v _2687_/D (sky130_fd_sc_hd__dfxtp_2)
                                              0.885926   data arrival time

                                  0.000000    0.000000   clock clk (rise edge)
                                  0.000000    0.000000   clock source latency
     1    0.021153    0.100886    0.069830    0.069830 ^ clk (in)
                                                         clk (net)
                      0.100909    0.000000    0.069830 ^ clkbuf_0_clk/A (sky130_fd_sc_hd__clkbuf_16)
    16    0.095653    0.112396    0.199673    0.269503 ^ clkbuf_0_clk/X (sky130_fd_sc_hd__clkbuf_16)
                                                         clknet_0_clk (net)
                      0.112773    0.005319    0.274822 ^ clkbuf_4_8_0_clk/A (sky130_fd_sc_hd__clkbuf_8)
     6    0.021655    0.053603    0.159322    0.434144 ^ clkbuf_4_8_0_clk/X (sky130_fd_sc_hd__clkbuf_8)
                                                         clknet_4_8_0_clk (net)
                      0.053621    0.000863    0.435007 ^ _2687_/CLK (sky130_fd_sc_hd__dfxtp_2)
                                  0.200000    0.635007   clock uncertainty
                                  0.000000    0.635007   clock reconvergence pessimism
                                 -0.034284    0.600723   library hold time
                                              0.600723   data required time
---------------------------------------------------------------------------------------------
                                              0.600723   data required time
                                             -0.885926   data arrival time
---------------------------------------------------------------------------------------------
                                              0.285203   slack (MET)


Startpoint: clear_acc (input port clocked by clk)
Endpoint: _2703_ (rising edge-triggered flip-flop clocked by clk)
Path Group: clk
Path Type: min

Fanout         Cap        Slew       Delay        Time   Description
---------------------------------------------------------------------------------------------
                                  0.000000    0.000000   clock clk (rise edge)
                                  0.000000    0.000000   clock network delay (propagated)
                                  0.020000    0.020000 v input external delay
     1    0.003775    0.010891    0.006083    0.026083 v clear_acc (in)
                                                         clear_acc (net)
                      0.010896    0.000000    0.026083 v hold604/A (sky130_fd_sc_hd__clkbuf_2)
     1    0.002848    0.023229    0.082562    0.108646 v hold604/X (sky130_fd_sc_hd__clkbuf_2)
                                                         net603 (net)
                      0.023229    0.000065    0.108711 v hold599/A (sky130_fd_sc_hd__clkbuf_2)
     1    0.002789    0.023144    0.087410    0.196121 v hold599/X (sky130_fd_sc_hd__clkbuf_2)
                                                         net598 (net)
                      0.023144    0.000063    0.196184 v hold605/A (sky130_fd_sc_hd__clkbuf_2)
     1    0.002503    0.022218    0.086206    0.282391 v hold605/X (sky130_fd_sc_hd__clkbuf_2)
                                                         net604 (net)
                      0.022218    0.000058    0.282448 v input341/A (sky130_fd_sc_hd__buf_2)
     1    0.003658    0.025440    0.106896    0.389344 v input341/X (sky130_fd_sc_hd__buf_2)
                                                         net341 (net)
                      0.025440    0.000101    0.389445 v hold600/A (sky130_fd_sc_hd__clkbuf_2)
     3    0.012278    0.054696    0.119589    0.509034 v hold600/X (sky130_fd_sc_hd__clkbuf_2)
                                                         net599 (net)
                      0.054696    0.000298    0.509332 v _2330_/A2 (sky130_fd_sc_hd__o21ai_2)
     3    0.008981    0.073989    0.149548    0.658880 ^ _2330_/Y (sky130_fd_sc_hd__o21ai_2)
                                                         _0320_ (net)
                      0.073989    0.000156    0.659036 ^ _2527_/B1 (sky130_fd_sc_hd__a32o_2)
     1    0.002049    0.037007    0.112688    0.771725 ^ _2527_/X (sky130_fd_sc_hd__a32o_2)
                                                         _0502_ (net)
                      0.037007    0.000042    0.771767 ^ _2528_/B (sky130_fd_sc_hd__and2_2)
     1    0.002009    0.033405    0.121095    0.892861 ^ _2528_/X (sky130_fd_sc_hd__and2_2)
                                                         _0503_ (net)
                      0.033405    0.000041    0.892902 ^ _2703_/D (sky130_fd_sc_hd__dfxtp_2)
                                              0.892902   data arrival time

                                  0.000000    0.000000   clock clk (rise edge)
                                  0.000000    0.000000   clock source latency
     1    0.021153    0.100886    0.069830    0.069830 ^ clk (in)
                                                         clk (net)
                      0.100909    0.000000    0.069830 ^ clkbuf_0_clk/A (sky130_fd_sc_hd__clkbuf_16)
    16    0.095653    0.112396    0.199673    0.269503 ^ clkbuf_0_clk/X (sky130_fd_sc_hd__clkbuf_16)
                                                         clknet_0_clk (net)
                      0.112912    0.006184    0.275687 ^ clkbuf_4_12_0_clk/A (sky130_fd_sc_hd__clkbuf_8)
     6    0.019600    0.050825    0.156411    0.432097 ^ clkbuf_4_12_0_clk/X (sky130_fd_sc_hd__clkbuf_8)
                                                         clknet_4_12_0_clk (net)
                      0.050826    0.000305    0.432402 ^ _2703_/CLK (sky130_fd_sc_hd__dfxtp_2)
                                  0.200000    0.632402   clock uncertainty
                                  0.000000    0.632402   clock reconvergence pessimism
                                 -0.028023    0.604380   library hold time
                                              0.604380   data required time
---------------------------------------------------------------------------------------------
                                              0.604380   data required time
                                             -0.892902   data arrival time
---------------------------------------------------------------------------------------------
                                              0.288523   slack (MET)


Startpoint: _2680_ (rising edge-triggered flip-flop clocked by clk)
Endpoint: _2680_ (rising edge-triggered flip-flop clocked by clk)
Path Group: clk
Path Type: min

Fanout         Cap        Slew       Delay        Time   Description
---------------------------------------------------------------------------------------------
                                  0.000000    0.000000   clock clk (rise edge)
                                  0.000000    0.000000   clock source latency
     1    0.021153    0.100886    0.069830    0.069830 ^ clk (in)
                                                         clk (net)
                      0.100909    0.000000    0.069830 ^ clkbuf_0_clk/A (sky130_fd_sc_hd__clkbuf_16)
    16    0.095653    0.112396    0.199673    0.269503 ^ clkbuf_0_clk/X (sky130_fd_sc_hd__clkbuf_16)
                                                         clknet_0_clk (net)
                      0.112773    0.005319    0.274822 ^ clkbuf_4_8_0_clk/A (sky130_fd_sc_hd__clkbuf_8)
     6    0.021655    0.053603    0.159322    0.434144 ^ clkbuf_4_8_0_clk/X (sky130_fd_sc_hd__clkbuf_8)
                                                         clknet_4_8_0_clk (net)
                      0.053603    0.000329    0.434473 ^ _2680_/CLK (sky130_fd_sc_hd__dfxtp_2)
     3    0.015235    0.048741    0.336299    0.770772 v _2680_/Q (sky130_fd_sc_hd__dfxtp_2)
                                                         r3_prod_mant[9] (net)
                      0.048741    0.000242    0.771014 v _2160_/B (sky130_fd_sc_hd__nand2_2)
     1    0.006091    0.050676    0.069871    0.840884 ^ _2160_/Y (sky130_fd_sc_hd__nand2_2)
                                                         _0158_ (net)
                      0.050676    0.000184    0.841068 ^ _2191_/A1 (sky130_fd_sc_hd__a21oi_2)
     1    0.002992    0.029026    0.044548    0.885616 v _2191_/Y (sky130_fd_sc_hd__a21oi_2)
                                                         _0025_ (net)
                      0.029026    0.000076    0.885692 v _2680_/D (sky130_fd_sc_hd__dfxtp_2)
                                              0.885692   data arrival time

                                  0.000000    0.000000   clock clk (rise edge)
                                  0.000000    0.000000   clock source latency
     1    0.021153    0.100886    0.069830    0.069830 ^ clk (in)
                                                         clk (net)
                      0.100909    0.000000    0.069830 ^ clkbuf_0_clk/A (sky130_fd_sc_hd__clkbuf_16)
    16    0.095653    0.112396    0.199673    0.269503 ^ clkbuf_0_clk/X (sky130_fd_sc_hd__clkbuf_16)
                                                         clknet_0_clk (net)
                      0.112773    0.005319    0.274822 ^ clkbuf_4_8_0_clk/A (sky130_fd_sc_hd__clkbuf_8)
     6    0.021655    0.053603    0.159322    0.434144 ^ clkbuf_4_8_0_clk/X (sky130_fd_sc_hd__clkbuf_8)
                                                         clknet_4_8_0_clk (net)
                      0.053603    0.000329    0.434473 ^ _2680_/CLK (sky130_fd_sc_hd__dfxtp_2)
                                  0.200000    0.634473   clock uncertainty
                                  0.000000    0.634473   clock reconvergence pessimism
                                 -0.037584    0.596889   library hold time
                                              0.596889   data required time
---------------------------------------------------------------------------------------------
                                              0.596889   data required time
                                             -0.885692   data arrival time
---------------------------------------------------------------------------------------------
                                              0.288803   slack (MET)


Startpoint: reset (input port clocked by clk)
Endpoint: _2688_ (rising edge-triggered flip-flop clocked by clk)
Path Group: clk
Path Type: min

Fanout         Cap        Slew       Delay        Time   Description
---------------------------------------------------------------------------------------------
                                  0.000000    0.000000   clock clk (rise edge)
                                  0.000000    0.000000   clock network delay (propagated)
                                  0.020000    0.020000 ^ input external delay
     1    0.004213    0.025872    0.015289    0.035289 ^ reset (in)
                                                         reset (net)
                      0.025873    0.000000    0.035289 ^ hold406/A (sky130_fd_sc_hd__clkbuf_2)
     1    0.003022    0.029024    0.084134    0.119423 ^ hold406/X (sky130_fd_sc_hd__clkbuf_2)
                                                         net405 (net)
                      0.029024    0.000071    0.119494 ^ hold403/A (sky130_fd_sc_hd__clkbuf_2)
     1    0.003410    0.030872    0.087044    0.206538 ^ hold403/X (sky130_fd_sc_hd__clkbuf_2)
                                                         net402 (net)
                      0.030872    0.000112    0.206649 ^ hold407/A (sky130_fd_sc_hd__clkbuf_2)
     1    0.003560    0.031591    0.088392    0.295041 ^ hold407/X (sky130_fd_sc_hd__clkbuf_2)
                                                         net406 (net)
                      0.031591    0.000125    0.295166 ^ input345/A (sky130_fd_sc_hd__buf_2)
     1    0.005927    0.040087    0.097669    0.392835 ^ input345/X (sky130_fd_sc_hd__buf_2)
                                                         net345 (net)
                      0.040088    0.000282    0.393117 ^ hold408/A (sky130_fd_sc_hd__clkbuf_2)
     1    0.004864    0.037857    0.097110    0.490227 ^ hold408/X (sky130_fd_sc_hd__clkbuf_2)
                                                         net407 (net)
                      0.037858    0.000200    0.490428 ^ hold404/A (sky130_fd_sc_hd__clkbuf_2)
     2    0.012982    0.078111    0.127124    0.617552 ^ hold404/X (sky130_fd_sc_hd__clkbuf_2)
                                                         net403 (net)
                      0.078116    0.000719    0.618271 ^ hold409/A (sky130_fd_sc_hd__clkbuf_2)
     2    0.014575    0.086552    0.147529    0.765801 ^ hold409/X (sky130_fd_sc_hd__clkbuf_2)
                                                         net408 (net)
                      0.086554    0.000607    0.766408 ^ _2446_/A (sky130_fd_sc_hd__nor2_2)
     1    0.003216    0.027254    0.045469    0.811877 v _2446_/Y (sky130_fd_sc_hd__nor2_2)
                                                         _0033_ (net)
                      0.027254    0.000108    0.811984 v hold410/A (sky130_fd_sc_hd__clkbuf_2)
     1    0.002731    0.022954    0.088896    0.900880 v hold410/X (sky130_fd_sc_hd__clkbuf_2)
                                                         net409 (net)
                      0.022954    0.000084    0.900964 v _2688_/D (sky130_fd_sc_hd__dfxtp_2)
                                              0.900964   data arrival time

                                  0.000000    0.000000   clock clk (rise edge)
                                  0.000000    0.000000   clock source latency
     1    0.021153    0.100886    0.069830    0.069830 ^ clk (in)
                                                         clk (net)
                      0.100909    0.000000    0.069830 ^ clkbuf_0_clk/A (sky130_fd_sc_hd__clkbuf_16)
    16    0.095653    0.112396    0.199673    0.269503 ^ clkbuf_0_clk/X (sky130_fd_sc_hd__clkbuf_16)
                                                         clknet_0_clk (net)
                      0.112957    0.006433    0.275936 ^ clkbuf_4_14_0_clk/A (sky130_fd_sc_hd__clkbuf_8)
     6    0.020277    0.051853    0.157323    0.433259 ^ clkbuf_4_14_0_clk/X (sky130_fd_sc_hd__clkbuf_8)
                                                         clknet_4_14_0_clk (net)
                      0.051860    0.000638    0.433897 ^ _2688_/CLK (sky130_fd_sc_hd__dfxtp_2)
                                  0.200000    0.633897   clock uncertainty
                                  0.000000    0.633897   clock reconvergence pessimism
                                 -0.035482    0.598414   library hold time
                                              0.598414   data required time
---------------------------------------------------------------------------------------------
                                              0.598414   data required time
                                             -0.900964   data arrival time
---------------------------------------------------------------------------------------------
                                              0.302550   slack (MET)


Startpoint: a_in[0] (input port clocked by clk)
Endpoint: _2622_ (rising edge-triggered flip-flop clocked by clk)
Path Group: clk
Path Type: min

Fanout         Cap        Slew       Delay        Time   Description
---------------------------------------------------------------------------------------------
                                  0.000000    0.000000   clock clk (rise edge)
                                  0.000000    0.000000   clock network delay (propagated)
                                  0.020000    0.020000 ^ input external delay
     1    0.004806    0.028448    0.017229    0.037229 ^ a_in[0] (in)
                                                         a_in[0] (net)
                      0.028448    0.000000    0.037229 ^ hold612/A (sky130_fd_sc_hd__clkbuf_2)
     1    0.002671    0.027422    0.083435    0.120663 ^ hold612/X (sky130_fd_sc_hd__clkbuf_2)
                                                         net611 (net)
                      0.027422    0.000055    0.120719 ^ hold414/A (sky130_fd_sc_hd__clkbuf_2)
     1    0.004952    0.038316    0.092963    0.213682 ^ hold414/X (sky130_fd_sc_hd__clkbuf_2)
                                                         net413 (net)
                      0.038317    0.000201    0.213883 ^ hold613/A (sky130_fd_sc_hd__clkbuf_2)
     1    0.002318    0.025804    0.085333    0.299216 ^ hold613/X (sky130_fd_sc_hd__clkbuf_2)
                                                         net612 (net)
                      0.025804    0.000049    0.299265 ^ input309/A (sky130_fd_sc_hd__buf_2)
     1    0.003454    0.029520    0.086169    0.385434 ^ input309/X (sky130_fd_sc_hd__buf_2)
                                                         net309 (net)
                      0.029520    0.000115    0.385549 ^ hold614/A (sky130_fd_sc_hd__clkbuf_2)
     1    0.003759    0.032562    0.088830    0.474379 ^ hold614/X (sky130_fd_sc_hd__clkbuf_2)
                                                         net613 (net)
                      0.032562    0.000127    0.474506 ^ hold415/A (sky130_fd_sc_hd__clkbuf_2)
     2    0.006420    0.045519    0.100460    0.574967 ^ hold415/X (sky130_fd_sc_hd__clkbuf_2)
                                                         net414 (net)
                      0.045519    0.000155    0.575122 ^ hold615/A (sky130_fd_sc_hd__clkbuf_2)
     1    0.003624    0.031865    0.093892    0.669014 ^ hold615/X (sky130_fd_sc_hd__clkbuf_2)
                                                         net614 (net)
                      0.031865    0.000120    0.669134 ^ _2533_/A2 (sky130_fd_sc_hd__o211a_2)
     1    0.002974    0.041601    0.152233    0.821367 ^ _2533_/X (sky130_fd_sc_hd__o211a_2)
                                                         _0049_ (net)
                      0.041614    0.000069    0.821437 ^ hold416/A (sky130_fd_sc_hd__clkbuf_2)
     1    0.003839    0.032913    0.093489    0.914926 ^ hold416/X (sky130_fd_sc_hd__clkbuf_2)
                                                         net415 (net)
                      0.032916    0.000140    0.915066 ^ _2622_/D (sky130_fd_sc_hd__dfxtp_2)
                                              0.915066   data arrival time

                                  0.000000    0.000000   clock clk (rise edge)
                                  0.000000    0.000000   clock source latency
     1    0.021153    0.100886    0.069830    0.069830 ^ clk (in)
                                                         clk (net)
                      0.100909    0.000000    0.069830 ^ clkbuf_0_clk/A (sky130_fd_sc_hd__clkbuf_16)
    16    0.095653    0.112396    0.199673    0.269503 ^ clkbuf_0_clk/X (sky130_fd_sc_hd__clkbuf_16)
                                                         clknet_0_clk (net)
                      0.112489    0.002716    0.272220 ^ clkbuf_4_11_0_clk/A (sky130_fd_sc_hd__clkbuf_8)
     6    0.025764    0.059818    0.164199    0.436419 ^ clkbuf_4_11_0_clk/X (sky130_fd_sc_hd__clkbuf_8)
                                                         clknet_4_11_0_clk (net)
                      0.059832    0.000875    0.437294 ^ _2622_/CLK (sky130_fd_sc_hd__dfxtp_2)
                                  0.200000    0.637294   clock uncertainty
                                  0.000000    0.637294   clock reconvergence pessimism
                                 -0.026738    0.610555   library hold time
                                              0.610555   data required time
---------------------------------------------------------------------------------------------
                                              0.610555   data required time
                                             -0.915066   data arrival time
---------------------------------------------------------------------------------------------
                                              0.304511   slack (MET)


Startpoint: _2683_ (rising edge-triggered flip-flop clocked by clk)
Endpoint: _2683_ (rising edge-triggered flip-flop clocked by clk)
Path Group: clk
Path Type: min

Fanout         Cap        Slew       Delay        Time   Description
---------------------------------------------------------------------------------------------
                                  0.000000    0.000000   clock clk (rise edge)
                                  0.000000    0.000000   clock source latency
     1    0.021153    0.100886    0.069830    0.069830 ^ clk (in)
                                                         clk (net)
                      0.100909    0.000000    0.069830 ^ clkbuf_0_clk/A (sky130_fd_sc_hd__clkbuf_16)
    16    0.095653    0.112396    0.199673    0.269503 ^ clkbuf_0_clk/X (sky130_fd_sc_hd__clkbuf_16)
                                                         clknet_0_clk (net)
                      0.112759    0.005228    0.274731 ^ clkbuf_4_9_0_clk/A (sky130_fd_sc_hd__clkbuf_8)
     6    0.019318    0.050343    0.155820    0.430551 ^ clkbuf_4_9_0_clk/X (sky130_fd_sc_hd__clkbuf_8)
                                                         clknet_4_9_0_clk (net)
                      0.050355    0.000766    0.431317 ^ _2683_/CLK (sky130_fd_sc_hd__dfxtp_2)
     3    0.015609    0.049545    0.335712    0.767028 v _2683_/Q (sky130_fd_sc_hd__dfxtp_2)
                                                         r3_prod_mant[12] (net)
                      0.049545    0.000421    0.767449 v _2259_/B (sky130_fd_sc_hd__nand2_2)
     1    0.010606    0.071619    0.086199    0.853648 ^ _2259_/Y (sky130_fd_sc_hd__nand2_2)
                                                         _0254_ (net)
                      0.071621    0.000450    0.854098 ^ _2287_/A1 (sky130_fd_sc_hd__a21oi_4)
     1    0.002829    0.028211    0.047514    0.901613 v _2287_/Y (sky130_fd_sc_hd__a21oi_4)
                                                         _0028_ (net)
                      0.028211    0.000069    0.901682 v _2683_/D (sky130_fd_sc_hd__dfxtp_2)
                                              0.901682   data arrival time

                                  0.000000    0.000000   clock clk (rise edge)
                                  0.000000    0.000000   clock source latency
     1    0.021153    0.100886    0.069830    0.069830 ^ clk (in)
                                                         clk (net)
                      0.100909    0.000000    0.069830 ^ clkbuf_0_clk/A (sky130_fd_sc_hd__clkbuf_16)
    16    0.095653    0.112396    0.199673    0.269503 ^ clkbuf_0_clk/X (sky130_fd_sc_hd__clkbuf_16)
                                                         clknet_0_clk (net)
                      0.112759    0.005228    0.274731 ^ clkbuf_4_9_0_clk/A (sky130_fd_sc_hd__clkbuf_8)
     6    0.019318    0.050343    0.155820    0.430551 ^ clkbuf_4_9_0_clk/X (sky130_fd_sc_hd__clkbuf_8)
                                                         clknet_4_9_0_clk (net)
                      0.050355    0.000766    0.431317 ^ _2683_/CLK (sky130_fd_sc_hd__dfxtp_2)
                                  0.200000    0.631317   clock uncertainty
                                  0.000000    0.631317   clock reconvergence pessimism
                                 -0.037973    0.593343   library hold time
                                              0.593343   data required time
---------------------------------------------------------------------------------------------
                                              0.593343   data required time
                                             -0.901682   data arrival time
---------------------------------------------------------------------------------------------
                                              0.308338   slack (MET)


Startpoint: b_in[0] (input port clocked by clk)
Endpoint: _2638_ (rising edge-triggered flip-flop clocked by clk)
Path Group: clk
Path Type: min

Fanout         Cap        Slew       Delay        Time   Description
---------------------------------------------------------------------------------------------
                                  0.000000    0.000000   clock clk (rise edge)
                                  0.000000    0.000000   clock network delay (propagated)
                                  0.020000    0.020000 ^ input external delay
     1    0.004264    0.026093    0.015470    0.035470 ^ b_in[0] (in)
                                                         b_in[0] (net)
                      0.026093    0.000000    0.035470 ^ hold516/A (sky130_fd_sc_hd__clkbuf_2)
     1    0.002859    0.028274    0.083459    0.118929 ^ hold516/X (sky130_fd_sc_hd__clkbuf_2)
                                                         net515 (net)
                      0.028274    0.000063    0.118992 ^ hold444/A (sky130_fd_sc_hd__clkbuf_2)
     1    0.004144    0.034457    0.090157    0.209148 ^ hold444/X (sky130_fd_sc_hd__clkbuf_2)
                                                         net443 (net)
                      0.034457    0.000157    0.209305 ^ hold517/A (sky130_fd_sc_hd__clkbuf_2)
     1    0.002644    0.027290    0.085455    0.294760 ^ hold517/X (sky130_fd_sc_hd__clkbuf_2)
                                                         net516 (net)
                      0.027290    0.000060    0.294821 ^ input325/A (sky130_fd_sc_hd__buf_2)
     1    0.004062    0.032149    0.089312    0.384132 ^ input325/X (sky130_fd_sc_hd__buf_2)
                                                         net325 (net)
                      0.032149    0.000146    0.384278 ^ hold518/A (sky130_fd_sc_hd__clkbuf_2)
     1    0.004022    0.033844    0.090971    0.475249 ^ hold518/X (sky130_fd_sc_hd__clkbuf_2)
                                                         net517 (net)
                      0.033844    0.000148    0.475397 ^ hold445/A (sky130_fd_sc_hd__clkbuf_2)
     2    0.006194    0.044399    0.100048    0.575445 ^ hold445/X (sky130_fd_sc_hd__clkbuf_2)
                                                         net444 (net)
                      0.044399    0.000173    0.575618 ^ hold519/A (sky130_fd_sc_hd__clkbuf_2)
     2    0.006478    0.045786    0.104885    0.680503 ^ hold519/X (sky130_fd_sc_hd__clkbuf_2)
                                                         net518 (net)
                      0.045786    0.000155    0.680658 ^ _2574_/A2 (sky130_fd_sc_hd__o211a_2)
     1    0.002760    0.040497    0.154936    0.835594 ^ _2574_/X (sky130_fd_sc_hd__o211a_2)
                                                         _0065_ (net)
                      0.040497    0.000060    0.835653 ^ hold446/A (sky130_fd_sc_hd__clkbuf_2)
     1    0.002427    0.026303    0.086618    0.922271 ^ hold446/X (sky130_fd_sc_hd__clkbuf_2)
                                                         net445 (net)
                      0.026303    0.000054    0.922326 ^ _2638_/D (sky130_fd_sc_hd__dfxtp_2)
                                              0.922326   data arrival time

                                  0.000000    0.000000   clock clk (rise edge)
                                  0.000000    0.000000   clock source latency
     1    0.021153    0.100886    0.069830    0.069830 ^ clk (in)
                                                         clk (net)
                      0.100909    0.000000    0.069830 ^ clkbuf_0_clk/A (sky130_fd_sc_hd__clkbuf_16)
    16    0.095653    0.112396    0.199673    0.269503 ^ clkbuf_0_clk/X (sky130_fd_sc_hd__clkbuf_16)
                                                         clknet_0_clk (net)
                      0.112489    0.002716    0.272220 ^ clkbuf_4_11_0_clk/A (sky130_fd_sc_hd__clkbuf_8)
     6    0.025764    0.059818    0.164199    0.436419 ^ clkbuf_4_11_0_clk/X (sky130_fd_sc_hd__clkbuf_8)
                                                         clknet_4_11_0_clk (net)
                      0.059833    0.000879    0.437298 ^ _2638_/CLK (sky130_fd_sc_hd__dfxtp_2)
                                  0.200000    0.637298   clock uncertainty
                                  0.000000    0.637298   clock reconvergence pessimism
                                 -0.025371    0.611927   library hold time
                                              0.611927   data required time
---------------------------------------------------------------------------------------------
                                              0.611927   data required time
                                             -0.922326   data arrival time
---------------------------------------------------------------------------------------------
                                              0.310399   slack (MET)


Startpoint: _2682_ (rising edge-triggered flip-flop clocked by clk)
Endpoint: _2682_ (rising edge-triggered flip-flop clocked by clk)
Path Group: clk
Path Type: min

Fanout         Cap        Slew       Delay        Time   Description
---------------------------------------------------------------------------------------------
                                  0.000000    0.000000   clock clk (rise edge)
                                  0.000000    0.000000   clock source latency
     1    0.021153    0.100886    0.069830    0.069830 ^ clk (in)
                                                         clk (net)
                      0.100909    0.000000    0.069830 ^ clkbuf_0_clk/A (sky130_fd_sc_hd__clkbuf_16)
    16    0.095653    0.112396    0.199673    0.269503 ^ clkbuf_0_clk/X (sky130_fd_sc_hd__clkbuf_16)
                                                         clknet_0_clk (net)
                      0.112759    0.005228    0.274731 ^ clkbuf_4_9_0_clk/A (sky130_fd_sc_hd__clkbuf_8)
     6    0.019318    0.050343    0.155820    0.430551 ^ clkbuf_4_9_0_clk/X (sky130_fd_sc_hd__clkbuf_8)
                                                         clknet_4_9_0_clk (net)
                      0.050351    0.000652    0.431203 ^ _2682_/CLK (sky130_fd_sc_hd__dfxtp_2)
     4    0.019113    0.056847    0.342374    0.773577 v _2682_/Q (sky130_fd_sc_hd__dfxtp_2)
                                                         r3_prod_mant[11] (net)
                      0.056848    0.000370    0.773947 v _2231_/B (sky130_fd_sc_hd__nand2_2)
     1    0.010304    0.070427    0.088419    0.862366 ^ _2231_/Y (sky130_fd_sc_hd__nand2_2)
                                                         _0227_ (net)
                      0.070428    0.000410    0.862777 ^ _2258_/A1 (sky130_fd_sc_hd__a21oi_4)
     1    0.002375    0.027502    0.046395    0.909171 v _2258_/Y (sky130_fd_sc_hd__a21oi_4)
                                                         _0027_ (net)
                      0.027502    0.000052    0.909223 v _2682_/D (sky130_fd_sc_hd__dfxtp_2)
                                              0.909223   data arrival time

                                  0.000000    0.000000   clock clk (rise edge)
                                  0.000000    0.000000   clock source latency
     1    0.021153    0.100886    0.069830    0.069830 ^ clk (in)
                                                         clk (net)
                      0.100909    0.000000    0.069830 ^ clkbuf_0_clk/A (sky130_fd_sc_hd__clkbuf_16)
    16    0.095653    0.112396    0.199673    0.269503 ^ clkbuf_0_clk/X (sky130_fd_sc_hd__clkbuf_16)
                                                         clknet_0_clk (net)
                      0.112759    0.005228    0.274731 ^ clkbuf_4_9_0_clk/A (sky130_fd_sc_hd__clkbuf_8)
     6    0.019318    0.050343    0.155820    0.430551 ^ clkbuf_4_9_0_clk/X (sky130_fd_sc_hd__clkbuf_8)
                                                         clknet_4_9_0_clk (net)
                      0.050351    0.000652    0.431203 ^ _2682_/CLK (sky130_fd_sc_hd__dfxtp_2)
                                  0.200000    0.631203   clock uncertainty
                                  0.000000    0.631203   clock reconvergence pessimism
                                 -0.037684    0.593519   library hold time
                                              0.593519   data required time
---------------------------------------------------------------------------------------------
                                              0.593519   data required time
                                             -0.909223   data arrival time
---------------------------------------------------------------------------------------------
                                              0.315704   slack (MET)


Startpoint: a_in[12] (input port clocked by clk)
Endpoint: _2634_ (rising edge-triggered flip-flop clocked by clk)
Path Group: clk
Path Type: min

Fanout         Cap        Slew       Delay        Time   Description
---------------------------------------------------------------------------------------------
                                  0.000000    0.000000   clock clk (rise edge)
                                  0.000000    0.000000   clock network delay (propagated)
                                  0.020000    0.020000 ^ input external delay
     1    0.007009    0.038142    0.024491    0.044491 ^ a_in[12] (in)
                                                         a_in[12] (net)
                      0.038146    0.000000    0.044491 ^ hold628/A (sky130_fd_sc_hd__clkbuf_2)
     1    0.003011    0.028952    0.088462    0.132953 ^ hold628/X (sky130_fd_sc_hd__clkbuf_2)
                                                         net627 (net)
                      0.028952    0.000070    0.133023 ^ hold423/A (sky130_fd_sc_hd__clkbuf_2)
     1    0.003225    0.029982    0.086174    0.219197 ^ hold423/X (sky130_fd_sc_hd__clkbuf_2)
                                                         net422 (net)
                      0.029982    0.000078    0.219275 ^ hold629/A (sky130_fd_sc_hd__clkbuf_2)
     1    0.002945    0.028658    0.085239    0.304514 ^ hold629/X (sky130_fd_sc_hd__clkbuf_2)
                                                         net628 (net)
                      0.028661    0.000093    0.304607 ^ input312/A (sky130_fd_sc_hd__buf_2)
     1    0.003405    0.029301    0.087036    0.391643 ^ input312/X (sky130_fd_sc_hd__buf_2)
                                                         net312 (net)
                      0.029301    0.000087    0.391730 ^ hold630/A (sky130_fd_sc_hd__clkbuf_2)
     1    0.004709    0.037138    0.092689    0.484419 ^ hold630/X (sky130_fd_sc_hd__clkbuf_2)
                                                         net629 (net)
                      0.037138    0.000193    0.484611 ^ hold424/A (sky130_fd_sc_hd__clkbuf_2)
     2    0.006749    0.047151    0.103306    0.587917 ^ hold424/X (sky130_fd_sc_hd__clkbuf_2)
                                                         net423 (net)
                      0.047152    0.000282    0.588199 ^ hold631/A (sky130_fd_sc_hd__clkbuf_2)
     1    0.004025    0.033815    0.096307    0.684506 ^ hold631/X (sky130_fd_sc_hd__clkbuf_2)
                                                         net630 (net)
                      0.033815    0.000143    0.684650 ^ _2560_/A2 (sky130_fd_sc_hd__o211a_2)
     1    0.003416    0.044013    0.155517    0.840167 ^ _2560_/X (sky130_fd_sc_hd__o211a_2)
                                                         _0061_ (net)
                      0.044013    0.000086    0.840253 ^ hold425/A (sky130_fd_sc_hd__clkbuf_2)
     1    0.002215    0.025334    0.086899    0.927152 ^ hold425/X (sky130_fd_sc_hd__clkbuf_2)
                                                         net424 (net)
                      0.025334    0.000048    0.927200 ^ _2634_/D (sky130_fd_sc_hd__dfxtp_2)
                                              0.927200   data arrival time

                                  0.000000    0.000000   clock clk (rise edge)
                                  0.000000    0.000000   clock source latency
     1    0.021153    0.100886    0.069830    0.069830 ^ clk (in)
                                                         clk (net)
                      0.100909    0.000000    0.069830 ^ clkbuf_0_clk/A (sky130_fd_sc_hd__clkbuf_16)
    16    0.095653    0.112396    0.199673    0.269503 ^ clkbuf_0_clk/X (sky130_fd_sc_hd__clkbuf_16)
                                                         clknet_0_clk (net)
                      0.113567    0.009174    0.278678 ^ clkbuf_4_5_0_clk/A (sky130_fd_sc_hd__clkbuf_8)
     6    0.019032    0.049885    0.155764    0.434442 ^ clkbuf_4_5_0_clk/X (sky130_fd_sc_hd__clkbuf_8)
                                                         clknet_4_5_0_clk (net)
                      0.049890    0.000518    0.434960 ^ _2634_/CLK (sky130_fd_sc_hd__dfxtp_2)
                                  0.200000    0.634960   clock uncertainty
                                  0.000000    0.634960   clock reconvergence pessimism
                                 -0.026475    0.608485   library hold time
                                              0.608485   data required time
---------------------------------------------------------------------------------------------
                                              0.608485   data required time
                                             -0.927200   data arrival time
---------------------------------------------------------------------------------------------
                                              0.318715   slack (MET)


Startpoint: b_in[0] (input port clocked by clk)
Endpoint: _2655_ (rising edge-triggered flip-flop clocked by clk)
Path Group: clk
Path Type: min

Fanout         Cap        Slew       Delay        Time   Description
---------------------------------------------------------------------------------------------
                                  0.000000    0.000000   clock clk (rise edge)
                                  0.000000    0.000000   clock network delay (propagated)
                                  0.020000    0.020000 ^ input external delay
     1    0.004264    0.026093    0.015470    0.035470 ^ b_in[0] (in)
                                                         b_in[0] (net)
                      0.026093    0.000000    0.035470 ^ hold516/A (sky130_fd_sc_hd__clkbuf_2)
     1    0.002859    0.028274    0.083459    0.118929 ^ hold516/X (sky130_fd_sc_hd__clkbuf_2)
                                                         net515 (net)
                      0.028274    0.000063    0.118992 ^ hold444/A (sky130_fd_sc_hd__clkbuf_2)
     1    0.004144    0.034457    0.090157    0.209148 ^ hold444/X (sky130_fd_sc_hd__clkbuf_2)
                                                         net443 (net)
                      0.034457    0.000157    0.209305 ^ hold517/A (sky130_fd_sc_hd__clkbuf_2)
     1    0.002644    0.027290    0.085455    0.294760 ^ hold517/X (sky130_fd_sc_hd__clkbuf_2)
                                                         net516 (net)
                      0.027290    0.000060    0.294821 ^ input325/A (sky130_fd_sc_hd__buf_2)
     1    0.004062    0.032149    0.089312    0.384132 ^ input325/X (sky130_fd_sc_hd__buf_2)
                                                         net325 (net)
                      0.032149    0.000146    0.384278 ^ hold518/A (sky130_fd_sc_hd__clkbuf_2)
     1    0.004022    0.033844    0.090971    0.475249 ^ hold518/X (sky130_fd_sc_hd__clkbuf_2)
                                                         net517 (net)
                      0.033844    0.000148    0.475397 ^ hold445/A (sky130_fd_sc_hd__clkbuf_2)
     2    0.006194    0.044399    0.100048    0.575445 ^ hold445/X (sky130_fd_sc_hd__clkbuf_2)
                                                         net444 (net)
                      0.044399    0.000173    0.575618 ^ hold519/A (sky130_fd_sc_hd__clkbuf_2)
     2    0.006478    0.045786    0.104885    0.680503 ^ hold519/X (sky130_fd_sc_hd__clkbuf_2)
                                                         net518 (net)
                      0.045786    0.000118    0.680621 ^ _2613_/A1 (sky130_fd_sc_hd__o211a_2)
     1    0.003393    0.044319    0.169751    0.850372 ^ _2613_/X (sky130_fd_sc_hd__o211a_2)
                                                         _0082_ (net)
                      0.044319    0.000111    0.850483 ^ hold520/A (sky130_fd_sc_hd__clkbuf_2)
     1    0.002138    0.024988    0.086657    0.937139 ^ hold520/X (sky130_fd_sc_hd__clkbuf_2)
                                                         net519 (net)
                      0.024988    0.000045    0.937184 ^ _2655_/D (sky130_fd_sc_hd__dfxtp_2)
                                              0.937184   data arrival time

                                  0.000000    0.000000   clock clk (rise edge)
                                  0.000000    0.000000   clock source latency
     1    0.021153    0.100886    0.069830    0.069830 ^ clk (in)
                                                         clk (net)
                      0.100909    0.000000    0.069830 ^ clkbuf_0_clk/A (sky130_fd_sc_hd__clkbuf_16)
    16    0.095653    0.112396    0.199673    0.269503 ^ clkbuf_0_clk/X (sky130_fd_sc_hd__clkbuf_16)
                                                         clknet_0_clk (net)
                      0.113274    0.007980    0.277483 ^ clkbuf_4_2_0_clk/A (sky130_fd_sc_hd__clkbuf_8)
     6    0.019204    0.050162    0.155866    0.433349 ^ clkbuf_4_2_0_clk/X (sky130_fd_sc_hd__clkbuf_8)
                                                         clknet_4_2_0_clk (net)
                      0.050176    0.000802    0.434151 ^ _2655_/CLK (sky130_fd_sc_hd__dfxtp_2)
                                  0.200000    0.634151   clock uncertainty
                                  0.000000    0.634151   clock reconvergence pessimism
                                 -0.026366    0.607785   library hold time
                                              0.607785   data required time
---------------------------------------------------------------------------------------------
                                              0.607785   data required time
                                             -0.937184   data arrival time
---------------------------------------------------------------------------------------------
                                              0.329400   slack (MET)


Startpoint: compute_enable (input port clocked by clk)
Endpoint: _2670_ (rising edge-triggered flip-flop clocked by clk)
Path Group: clk
Path Type: min

Fanout         Cap        Slew       Delay        Time   Description
---------------------------------------------------------------------------------------------
                                  0.000000    0.000000   clock clk (rise edge)
                                  0.000000    0.000000   clock network delay (propagated)
                                  0.020000    0.020000 ^ input external delay
     1    0.004180    0.025729    0.015174    0.035174 ^ compute_enable (in)
                                                         compute_enable (net)
                      0.025730    0.000000    0.035174 ^ hold677/A (sky130_fd_sc_hd__clkbuf_2)
     1    0.003946    0.033483    0.088339    0.123512 ^ hold677/X (sky130_fd_sc_hd__clkbuf_2)
                                                         net676 (net)
                      0.033483    0.000146    0.123659 ^ hold591/A (sky130_fd_sc_hd__clkbuf_2)
     1    0.004059    0.034021    0.091612    0.215271 ^ hold591/X (sky130_fd_sc_hd__clkbuf_2)
                                                         net590 (net)
                      0.034021    0.000150    0.215421 ^ hold678/A (sky130_fd_sc_hd__clkbuf_2)
     1    0.002453    0.026428    0.084420    0.299841 ^ hold678/X (sky130_fd_sc_hd__clkbuf_2)
                                                         net677 (net)
                      0.026428    0.000054    0.299895 ^ input342/A (sky130_fd_sc_hd__buf_2)
     1    0.005824    0.039654    0.095375    0.395270 ^ input342/X (sky130_fd_sc_hd__buf_2)
                                                         net342 (net)
                      0.039655    0.000277    0.395546 ^ hold592/A (sky130_fd_sc_hd__clkbuf_2)
     1    0.003992    0.033674    0.093497    0.489043 ^ hold592/X (sky130_fd_sc_hd__clkbuf_2)
                                                         net591 (net)
                      0.033674    0.000151    0.489194 ^ _1373_/A1_N (sky130_fd_sc_hd__o2bb2a_2)
     1    0.002487    0.029694    0.195263    0.684457 v _1373_/X (sky130_fd_sc_hd__o2bb2a_2)
                                                         _0598_ (net)
                      0.029694    0.000052    0.684509 v hold593/A (sky130_fd_sc_hd__clkbuf_2)
     1    0.004633    0.029391    0.097262    0.781771 v hold593/X (sky130_fd_sc_hd__clkbuf_2)
                                                         net592 (net)
                      0.029391    0.000106    0.781876 v _1374_/B (sky130_fd_sc_hd__nor2_2)
     1    0.002708    0.059559    0.062739    0.844616 ^ _1374_/Y (sky130_fd_sc_hd__nor2_2)
                                                         _0015_ (net)
                      0.059559    0.000057    0.844673 ^ hold594/A (sky130_fd_sc_hd__clkbuf_2)
     1    0.002824    0.028154    0.095281    0.939953 ^ hold594/X (sky130_fd_sc_hd__clkbuf_2)
                                                         net593 (net)
                      0.028154    0.000093    0.940047 ^ _2670_/D (sky130_fd_sc_hd__dfxtp_2)
                                              0.940047   data arrival time

                                  0.000000    0.000000   clock clk (rise edge)
                                  0.000000    0.000000   clock source latency
     1    0.021153    0.100886    0.069830    0.069830 ^ clk (in)
                                                         clk (net)
                      0.100909    0.000000    0.069830 ^ clkbuf_0_clk/A (sky130_fd_sc_hd__clkbuf_16)
    16    0.095653    0.112396    0.199673    0.269503 ^ clkbuf_0_clk/X (sky130_fd_sc_hd__clkbuf_16)
                                                         clknet_0_clk (net)
                      0.112773    0.005319    0.274822 ^ clkbuf_4_8_0_clk/A (sky130_fd_sc_hd__clkbuf_8)
     6    0.021655    0.053603    0.159322    0.434144 ^ clkbuf_4_8_0_clk/X (sky130_fd_sc_hd__clkbuf_8)
                                                         clknet_4_8_0_clk (net)
                      0.053622    0.000887    0.435031 ^ _2670_/CLK (sky130_fd_sc_hd__dfxtp_2)
                                  0.200000    0.635031   clock uncertainty
                                  0.000000    0.635031   clock reconvergence pessimism
                                 -0.026569    0.608462   library hold time
                                              0.608462   data required time
---------------------------------------------------------------------------------------------
                                              0.608462   data required time
                                             -0.940047   data arrival time
---------------------------------------------------------------------------------------------
                                              0.331585   slack (MET)


Startpoint: a_in[9] (input port clocked by clk)
Endpoint: _2631_ (rising edge-triggered flip-flop clocked by clk)
Path Group: clk
Path Type: min

Fanout         Cap        Slew       Delay        Time   Description
---------------------------------------------------------------------------------------------
                                  0.000000    0.000000   clock clk (rise edge)
                                  0.000000    0.000000   clock network delay (propagated)
                                  0.020000    0.020000 ^ input external delay
     1    0.006926    0.037776    0.024220    0.044220 ^ a_in[9] (in)
                                                         a_in[9] (net)
                      0.037780    0.000000    0.044220 ^ hold660/A (sky130_fd_sc_hd__clkbuf_2)
     1    0.003855    0.033003    0.092201    0.136421 ^ hold660/X (sky130_fd_sc_hd__clkbuf_2)
                                                         net659 (net)
                      0.033007    0.000138    0.136559 ^ hold471/A (sky130_fd_sc_hd__clkbuf_2)
     1    0.004558    0.036412    0.093438    0.229998 ^ hold471/X (sky130_fd_sc_hd__clkbuf_2)
                                                         net470 (net)
                      0.036413    0.000147    0.230144 ^ hold661/A (sky130_fd_sc_hd__clkbuf_2)
     1    0.002887    0.028387    0.087267    0.317411 ^ hold661/X (sky130_fd_sc_hd__clkbuf_2)
                                                         net660 (net)
                      0.028387    0.000092    0.317503 ^ input324/A (sky130_fd_sc_hd__buf_2)
     1    0.004087    0.032252    0.089821    0.407324 ^ input324/X (sky130_fd_sc_hd__buf_2)
                                                         net324 (net)
                      0.032252    0.000154    0.407477 ^ hold662/A (sky130_fd_sc_hd__clkbuf_2)
     1    0.003068    0.029228    0.086625    0.494102 ^ hold662/X (sky130_fd_sc_hd__clkbuf_2)
                                                         net661 (net)
                      0.029228    0.000071    0.494173 ^ hold472/A (sky130_fd_sc_hd__clkbuf_2)
     2    0.006874    0.047778    0.101011    0.595185 ^ hold472/X (sky130_fd_sc_hd__clkbuf_2)
                                                         net471 (net)
                      0.047778    0.000210    0.595395 ^ hold663/A (sky130_fd_sc_hd__clkbuf_2)
     1    0.003276    0.030185    0.093110    0.688505 ^ hold663/X (sky130_fd_sc_hd__clkbuf_2)
                                                         net662 (net)
                      0.030185    0.000078    0.688584 ^ _2554_/A2 (sky130_fd_sc_hd__o211a_2)
     1    0.003720    0.045750    0.156341    0.844925 ^ _2554_/X (sky130_fd_sc_hd__o211a_2)
                                                         _0058_ (net)
                      0.045750    0.000102    0.845027 ^ hold473/A (sky130_fd_sc_hd__clkbuf_2)
     1    0.003511    0.031319    0.093461    0.938488 ^ hold473/X (sky130_fd_sc_hd__clkbuf_2)
                                                         net472 (net)
                      0.031319    0.000117    0.938604 ^ _2631_/D (sky130_fd_sc_hd__dfxtp_2)
                                              0.938604   data arrival time

                                  0.000000    0.000000   clock clk (rise edge)
                                  0.000000    0.000000   clock source latency
     1    0.021153    0.100886    0.069830    0.069830 ^ clk (in)
                                                         clk (net)
                      0.100909    0.000000    0.069830 ^ clkbuf_0_clk/A (sky130_fd_sc_hd__clkbuf_16)
    16    0.095653    0.112396    0.199673    0.269503 ^ clkbuf_0_clk/X (sky130_fd_sc_hd__clkbuf_16)
                                                         clknet_0_clk (net)
                      0.113535    0.009053    0.278556 ^ clkbuf_4_7_0_clk/A (sky130_fd_sc_hd__clkbuf_8)
     6    0.017858    0.048085    0.154096    0.432652 ^ clkbuf_4_7_0_clk/X (sky130_fd_sc_hd__clkbuf_8)
                                                         clknet_4_7_0_clk (net)
                      0.048085    0.000257    0.432909 ^ _2631_/CLK (sky130_fd_sc_hd__dfxtp_2)
                                  0.200000    0.632909   clock uncertainty
                                  0.000000    0.632909   clock reconvergence pessimism
                                 -0.027951    0.604958   library hold time
                                              0.604958   data required time
---------------------------------------------------------------------------------------------
                                              0.604958   data required time
                                             -0.938604   data arrival time
---------------------------------------------------------------------------------------------
                                              0.333646   slack (MET)


Startpoint: a_in[2] (input port clocked by clk)
Endpoint: _2624_ (rising edge-triggered flip-flop clocked by clk)
Path Group: clk
Path Type: min

Fanout         Cap        Slew       Delay        Time   Description
---------------------------------------------------------------------------------------------
                                  0.000000    0.000000   clock clk (rise edge)
                                  0.000000    0.000000   clock network delay (propagated)
                                  0.020000    0.020000 ^ input external delay
     1    0.006443    0.035638    0.022619    0.042619 ^ a_in[2] (in)
                                                         a_in[2] (net)
                      0.035640    0.000000    0.042619 ^ hold608/A (sky130_fd_sc_hd__clkbuf_2)
     1    0.006402    0.045426    0.101452    0.144072 ^ hold608/X (sky130_fd_sc_hd__clkbuf_2)
                                                         net607 (net)
                      0.045426    0.000252    0.144323 ^ hold411/A (sky130_fd_sc_hd__clkbuf_2)
     1    0.006966    0.048224    0.107059    0.251383 ^ hold411/X (sky130_fd_sc_hd__clkbuf_2)
                                                         net410 (net)
                      0.048226    0.000370    0.251753 ^ hold609/A (sky130_fd_sc_hd__clkbuf_2)
     1    0.003086    0.029277    0.092389    0.344142 ^ hold609/X (sky130_fd_sc_hd__clkbuf_2)
                                                         net608 (net)
                      0.029277    0.000103    0.344245 ^ input317/A (sky130_fd_sc_hd__buf_2)
     1    0.004064    0.032152    0.090071    0.434316 ^ input317/X (sky130_fd_sc_hd__buf_2)
                                                         net317 (net)
                      0.032152    0.000117    0.434432 ^ hold610/A (sky130_fd_sc_hd__clkbuf_2)
     1    0.003525    0.031422    0.088695    0.523128 ^ hold610/X (sky130_fd_sc_hd__clkbuf_2)
                                                         net609 (net)
                      0.031422    0.000094    0.523221 ^ hold412/A (sky130_fd_sc_hd__clkbuf_2)
     2    0.004776    0.037468    0.093733    0.616954 ^ hold412/X (sky130_fd_sc_hd__clkbuf_2)
                                                         net411 (net)
                      0.037468    0.000092    0.617046 ^ hold611/A (sky130_fd_sc_hd__clkbuf_2)
     1    0.003002    0.028913    0.088180    0.705226 ^ hold611/X (sky130_fd_sc_hd__clkbuf_2)
                                                         net610 (net)
                      0.028913    0.000067    0.705293 ^ _2539_/A2 (sky130_fd_sc_hd__o211a_2)
     1    0.003500    0.044503    0.154612    0.859904 ^ _2539_/X (sky130_fd_sc_hd__o211a_2)
                                                         _0051_ (net)
                      0.044503    0.000114    0.860019 ^ hold413/A (sky130_fd_sc_hd__clkbuf_2)
     1    0.002421    0.026267    0.088019    0.948038 ^ hold413/X (sky130_fd_sc_hd__clkbuf_2)
                                                         net412 (net)
                      0.026267    0.000055    0.948094 ^ _2624_/D (sky130_fd_sc_hd__dfxtp_2)
                                              0.948094   data arrival time

                                  0.000000    0.000000   clock clk (rise edge)
                                  0.000000    0.000000   clock source latency
     1    0.021153    0.100886    0.069830    0.069830 ^ clk (in)
                                                         clk (net)
                      0.100909    0.000000    0.069830 ^ clkbuf_0_clk/A (sky130_fd_sc_hd__clkbuf_16)
    16    0.095653    0.112396    0.199673    0.269503 ^ clkbuf_0_clk/X (sky130_fd_sc_hd__clkbuf_16)
                                                         clknet_0_clk (net)
                      0.112569    0.003664    0.273167 ^ clkbuf_4_10_0_clk/A (sky130_fd_sc_hd__clkbuf_8)
     6    0.024238    0.057429    0.162092    0.435259 ^ clkbuf_4_10_0_clk/X (sky130_fd_sc_hd__clkbuf_8)
                                                         clknet_4_10_0_clk (net)
                      0.057479    0.001489    0.436749 ^ _2624_/CLK (sky130_fd_sc_hd__dfxtp_2)
                                  0.200000    0.636749   clock uncertainty
                                  0.000000    0.636749   clock reconvergence pessimism
                                 -0.025673    0.611076   library hold time
                                              0.611076   data required time
---------------------------------------------------------------------------------------------
                                              0.611076   data required time
                                             -0.948094   data arrival time
---------------------------------------------------------------------------------------------
                                              0.337017   slack (MET)


Startpoint: a_in[13] (input port clocked by clk)
Endpoint: _2635_ (rising edge-triggered flip-flop clocked by clk)
Path Group: clk
Path Type: min

Fanout         Cap        Slew       Delay        Time   Description
---------------------------------------------------------------------------------------------
                                  0.000000    0.000000   clock clk (rise edge)
                                  0.000000    0.000000   clock network delay (propagated)
                                  0.020000    0.020000 ^ input external delay
     1    0.007068    0.038408    0.024708    0.044708 ^ a_in[13] (in)
                                                         a_in[13] (net)
                      0.038413    0.000000    0.044708 ^ hold636/A (sky130_fd_sc_hd__clkbuf_2)
     1    0.004880    0.037937    0.096574    0.141281 ^ hold636/X (sky130_fd_sc_hd__clkbuf_2)
                                                         net635 (net)
                      0.037938    0.000207    0.141488 ^ hold420/A (sky130_fd_sc_hd__clkbuf_2)
     1    0.003186    0.029776    0.089196    0.230684 ^ hold420/X (sky130_fd_sc_hd__clkbuf_2)
                                                         net419 (net)
                      0.029776    0.000076    0.230760 ^ hold637/A (sky130_fd_sc_hd__clkbuf_2)
     1    0.004531    0.036283    0.092173    0.322932 ^ hold637/X (sky130_fd_sc_hd__clkbuf_2)
                                                         net636 (net)
                      0.036284    0.000187    0.323120 ^ input313/A (sky130_fd_sc_hd__buf_2)
     1    0.005150    0.036740    0.096685    0.419804 ^ input313/X (sky130_fd_sc_hd__buf_2)
                                                         net313 (net)
                      0.036740    0.000217    0.420022 ^ hold638/A (sky130_fd_sc_hd__clkbuf_2)
     1    0.003951    0.033483    0.092281    0.512303 ^ hold638/X (sky130_fd_sc_hd__clkbuf_2)
                                                         net637 (net)
                      0.033483    0.000135    0.512438 ^ hold421/A (sky130_fd_sc_hd__clkbuf_2)
     2    0.005829    0.042602    0.098520    0.610957 ^ hold421/X (sky130_fd_sc_hd__clkbuf_2)
                                                         net420 (net)
                      0.042602    0.000136    0.611094 ^ hold639/A (sky130_fd_sc_hd__clkbuf_2)
     1    0.003705    0.032266    0.093226    0.704320 ^ hold639/X (sky130_fd_sc_hd__clkbuf_2)
                                                         net638 (net)
                      0.032266    0.000127    0.704447 ^ _2562_/A2 (sky130_fd_sc_hd__o211a_2)
     1    0.004321    0.048939    0.160288    0.864735 ^ _2562_/X (sky130_fd_sc_hd__o211a_2)
                                                         _0062_ (net)
                      0.048939    0.000160    0.864895 ^ hold422/A (sky130_fd_sc_hd__clkbuf_2)
     1    0.002860    0.028246    0.091616    0.956510 ^ hold422/X (sky130_fd_sc_hd__clkbuf_2)
                                                         net421 (net)
                      0.028246    0.000089    0.956599 ^ _2635_/D (sky130_fd_sc_hd__dfxtp_2)
                                              0.956599   data arrival time

                                  0.000000    0.000000   clock clk (rise edge)
                                  0.000000    0.000000   clock source latency
     1    0.021153    0.100886    0.069830    0.069830 ^ clk (in)
                                                         clk (net)
                      0.100909    0.000000    0.069830 ^ clkbuf_0_clk/A (sky130_fd_sc_hd__clkbuf_16)
    16    0.095653    0.112396    0.199673    0.269503 ^ clkbuf_0_clk/X (sky130_fd_sc_hd__clkbuf_16)
                                                         clknet_0_clk (net)
                      0.113521    0.008998    0.278501 ^ clkbuf_4_4_0_clk/A (sky130_fd_sc_hd__clkbuf_8)
     6    0.020949    0.052557    0.158387    0.436888 ^ clkbuf_4_4_0_clk/X (sky130_fd_sc_hd__clkbuf_8)
                                                         clknet_4_4_0_clk (net)
                      0.052570    0.000796    0.437683 ^ _2635_/CLK (sky130_fd_sc_hd__dfxtp_2)
                                  0.200000    0.637683   clock uncertainty
                                  0.000000    0.637683   clock reconvergence pessimism
                                 -0.026726    0.610957   library hold time
                                              0.610957   data required time
---------------------------------------------------------------------------------------------
                                              0.610957   data required time
                                             -0.956599   data arrival time
---------------------------------------------------------------------------------------------
                                              0.345642   slack (MET)


Startpoint: _2669_ (rising edge-triggered flip-flop clocked by clk)
Endpoint: _2669_ (rising edge-triggered flip-flop clocked by clk)
Path Group: clk
Path Type: min

Fanout         Cap        Slew       Delay        Time   Description
---------------------------------------------------------------------------------------------
                                  0.000000    0.000000   clock clk (rise edge)
                                  0.000000    0.000000   clock source latency
     1    0.021153    0.100886    0.069830    0.069830 ^ clk (in)
                                                         clk (net)
                      0.100909    0.000000    0.069830 ^ clkbuf_0_clk/A (sky130_fd_sc_hd__clkbuf_16)
    16    0.095653    0.112396    0.199673    0.269503 ^ clkbuf_0_clk/X (sky130_fd_sc_hd__clkbuf_16)
                                                         clknet_0_clk (net)
                      0.113535    0.009053    0.278556 ^ clkbuf_4_7_0_clk/A (sky130_fd_sc_hd__clkbuf_8)
     6    0.017858    0.048085    0.154096    0.432652 ^ clkbuf_4_7_0_clk/X (sky130_fd_sc_hd__clkbuf_8)
                                                         clknet_4_7_0_clk (net)
                      0.048085    0.000280    0.432932 ^ _2669_/CLK (sky130_fd_sc_hd__dfxtp_2)
     2    0.013407    0.076776    0.345269    0.778200 ^ _2669_/Q (sky130_fd_sc_hd__dfxtp_2)
                                                         r2_mantissa[14] (net)
                      0.076776    0.000244    0.778445 ^ _1368_/A1 (sky130_fd_sc_hd__o211a_2)
     1    0.002844    0.041365    0.173772    0.952217 ^ _1368_/X (sky130_fd_sc_hd__o211a_2)
                                                         _0014_ (net)
                      0.041365    0.000091    0.952308 ^ _2669_/D (sky130_fd_sc_hd__dfxtp_2)
                                              0.952308   data arrival time

                                  0.000000    0.000000   clock clk (rise edge)
                                  0.000000    0.000000   clock source latency
     1    0.021153    0.100886    0.069830    0.069830 ^ clk (in)
                                                         clk (net)
                      0.100909    0.000000    0.069830 ^ clkbuf_0_clk/A (sky130_fd_sc_hd__clkbuf_16)
    16    0.095653    0.112396    0.199673    0.269503 ^ clkbuf_0_clk/X (sky130_fd_sc_hd__clkbuf_16)
                                                         clknet_0_clk (net)
                      0.113535    0.009053    0.278556 ^ clkbuf_4_7_0_clk/A (sky130_fd_sc_hd__clkbuf_8)
     6    0.017858    0.048085    0.154096    0.432652 ^ clkbuf_4_7_0_clk/X (sky130_fd_sc_hd__clkbuf_8)
                                                         clknet_4_7_0_clk (net)
                      0.048085    0.000280    0.432932 ^ _2669_/CLK (sky130_fd_sc_hd__dfxtp_2)
                                  0.200000    0.632932   clock uncertainty
                                  0.000000    0.632932   clock reconvergence pessimism
                                 -0.030031    0.602901   library hold time
                                              0.602901   data required time
---------------------------------------------------------------------------------------------
                                              0.602901   data required time
                                             -0.952308   data arrival time
---------------------------------------------------------------------------------------------
                                              0.349407   slack (MET)


Startpoint: clear_acc (input port clocked by clk)
Endpoint: _2672_ (rising edge-triggered flip-flop clocked by clk)
Path Group: clk
Path Type: min

Fanout         Cap        Slew       Delay        Time   Description
---------------------------------------------------------------------------------------------
                                  0.000000    0.000000   clock clk (rise edge)
                                  0.000000    0.000000   clock network delay (propagated)
                                  0.020000    0.020000 ^ input external delay
     1    0.004005    0.024958    0.014541    0.034541 ^ clear_acc (in)
                                                         clear_acc (net)
                      0.024966    0.000000    0.034541 ^ hold604/A (sky130_fd_sc_hd__clkbuf_2)
     1    0.003078    0.029290    0.084074    0.118616 ^ hold604/X (sky130_fd_sc_hd__clkbuf_2)
                                                         net603 (net)
                      0.029290    0.000072    0.118687 ^ hold599/A (sky130_fd_sc_hd__clkbuf_2)
     1    0.003019    0.029006    0.085342    0.204029 ^ hold599/X (sky130_fd_sc_hd__clkbuf_2)
                                                         net598 (net)
                      0.029006    0.000069    0.204098 ^ hold605/A (sky130_fd_sc_hd__clkbuf_2)
     1    0.002663    0.027384    0.083595    0.287693 ^ hold605/X (sky130_fd_sc_hd__clkbuf_2)
                                                         net604 (net)
                      0.027384    0.000062    0.287755 ^ input341/A (sky130_fd_sc_hd__buf_2)
     1    0.003888    0.031386    0.088616    0.376370 ^ input341/X (sky130_fd_sc_hd__buf_2)
                                                         net341 (net)
                      0.031389    0.000109    0.376479 ^ hold600/A (sky130_fd_sc_hd__clkbuf_2)
     3    0.013653    0.081701    0.127442    0.503921 ^ hold600/X (sky130_fd_sc_hd__clkbuf_2)
                                                         net599 (net)
                      0.081701    0.000335    0.504257 ^ _1792_/B (sky130_fd_sc_hd__or2_2)
     7    0.030253    0.160373    0.206554    0.710810 ^ _1792_/X (sky130_fd_sc_hd__or2_2)
                                                         _1016_ (net)
                      0.160380    0.001216    0.712026 ^ _1847_/B1 (sky130_fd_sc_hd__o2bb2a_2)
     1    0.006046    0.051761    0.207924    0.919950 ^ _1847_/X (sky130_fd_sc_hd__o2bb2a_2)
                                                         _1070_ (net)
                      0.051761    0.000173    0.920122 ^ _1848_/B (sky130_fd_sc_hd__nor2_2)
     1    0.002660    0.017410    0.030653    0.950775 v _1848_/Y (sky130_fd_sc_hd__nor2_2)
                                                         _0017_ (net)
                      0.017410    0.000084    0.950859 v _2672_/D (sky130_fd_sc_hd__dfxtp_2)
                                              0.950859   data arrival time

                                  0.000000    0.000000   clock clk (rise edge)
                                  0.000000    0.000000   clock source latency
     1    0.021153    0.100886    0.069830    0.069830 ^ clk (in)
                                                         clk (net)
                      0.100909    0.000000    0.069830 ^ clkbuf_0_clk/A (sky130_fd_sc_hd__clkbuf_16)
    16    0.095653    0.112396    0.199673    0.269503 ^ clkbuf_0_clk/X (sky130_fd_sc_hd__clkbuf_16)
                                                         clknet_0_clk (net)
                      0.112957    0.006433    0.275936 ^ clkbuf_4_14_0_clk/A (sky130_fd_sc_hd__clkbuf_8)
     6    0.020277    0.051853    0.157323    0.433259 ^ clkbuf_4_14_0_clk/X (sky130_fd_sc_hd__clkbuf_8)
                                                         clknet_4_14_0_clk (net)
                      0.051866    0.000807    0.434066 ^ _2672_/CLK (sky130_fd_sc_hd__dfxtp_2)
                                  0.200000    0.634066   clock uncertainty
                                  0.000000    0.634066   clock reconvergence pessimism
                                 -0.033208    0.600858   library hold time
                                              0.600858   data required time
---------------------------------------------------------------------------------------------
                                              0.600858   data required time
                                             -0.950859   data arrival time
---------------------------------------------------------------------------------------------
                                              0.350001   slack (MET)


Startpoint: b_in[1] (input port clocked by clk)
Endpoint: _2639_ (rising edge-triggered flip-flop clocked by clk)
Path Group: clk
Path Type: min

Fanout         Cap        Slew       Delay        Time   Description
---------------------------------------------------------------------------------------------
                                  0.000000    0.000000   clock clk (rise edge)
                                  0.000000    0.000000   clock network delay (propagated)
                                  0.020000    0.020000 ^ input external delay
     1    0.004636    0.027709    0.016678    0.036678 ^ b_in[1] (in)
                                                         b_in[1] (net)
                      0.027709    0.000000    0.036678 ^ hold495/A (sky130_fd_sc_hd__clkbuf_2)
     1    0.005117    0.039113    0.093693    0.130370 ^ hold495/X (sky130_fd_sc_hd__clkbuf_2)
                                                         net494 (net)
                      0.039113    0.000222    0.130593 ^ hold456/A (sky130_fd_sc_hd__clkbuf_2)
     1    0.004506    0.036137    0.095387    0.225979 ^ hold456/X (sky130_fd_sc_hd__clkbuf_2)
                                                         net455 (net)
                      0.036138    0.000181    0.226160 ^ hold496/A (sky130_fd_sc_hd__clkbuf_2)
     1    0.003970    0.033576    0.092146    0.318306 ^ hold496/X (sky130_fd_sc_hd__clkbuf_2)
                                                         net495 (net)
                      0.033576    0.000153    0.318460 ^ input332/A (sky130_fd_sc_hd__buf_2)
     1    0.004706    0.034867    0.094107    0.412567 ^ input332/X (sky130_fd_sc_hd__buf_2)
                                                         net332 (net)
                      0.034868    0.000184    0.412750 ^ hold497/A (sky130_fd_sc_hd__clkbuf_2)
     1    0.004002    0.033735    0.091840    0.504591 ^ hold497/X (sky130_fd_sc_hd__clkbuf_2)
                                                         net496 (net)
                      0.033735    0.000149    0.504740 ^ hold457/A (sky130_fd_sc_hd__clkbuf_2)
     2    0.006605    0.046436    0.101566    0.606306 ^ hold457/X (sky130_fd_sc_hd__clkbuf_2)
                                                         net456 (net)
                      0.046437    0.000235    0.606540 ^ hold498/A (sky130_fd_sc_hd__clkbuf_2)
     2    0.006916    0.047967    0.107293    0.713833 ^ hold498/X (sky130_fd_sc_hd__clkbuf_2)
                                                         net497 (net)
                      0.047967    0.000187    0.714020 ^ _2576_/A2 (sky130_fd_sc_hd__o211a_2)
     1    0.003233    0.042947    0.158477    0.872497 ^ _2576_/X (sky130_fd_sc_hd__o211a_2)
                                                         _0066_ (net)
                      0.042947    0.000079    0.872576 ^ hold458/A (sky130_fd_sc_hd__clkbuf_2)
     1    0.002854    0.028226    0.089444    0.962020 ^ hold458/X (sky130_fd_sc_hd__clkbuf_2)
                                                         net457 (net)
                      0.028226    0.000094    0.962114 ^ _2639_/D (sky130_fd_sc_hd__dfxtp_2)
                                              0.962114   data arrival time

                                  0.000000    0.000000   clock clk (rise edge)
                                  0.000000    0.000000   clock source latency
     1    0.021153    0.100886    0.069830    0.069830 ^ clk (in)
                                                         clk (net)
                      0.100909    0.000000    0.069830 ^ clkbuf_0_clk/A (sky130_fd_sc_hd__clkbuf_16)
    16    0.095653    0.112396    0.199673    0.269503 ^ clkbuf_0_clk/X (sky130_fd_sc_hd__clkbuf_16)
                                                         clknet_0_clk (net)
                      0.112569    0.003664    0.273167 ^ clkbuf_4_10_0_clk/A (sky130_fd_sc_hd__clkbuf_8)
     6    0.024238    0.057429    0.162092    0.435259 ^ clkbuf_4_10_0_clk/X (sky130_fd_sc_hd__clkbuf_8)
                                                         clknet_4_10_0_clk (net)
                      0.057483    0.001542    0.436801 ^ _2639_/CLK (sky130_fd_sc_hd__dfxtp_2)
                                  0.200000    0.636801   clock uncertainty
                                  0.000000    0.636801   clock reconvergence pessimism
                                 -0.026077    0.610724   library hold time
                                              0.610724   data required time
---------------------------------------------------------------------------------------------
                                              0.610724   data required time
                                             -0.962114   data arrival time
---------------------------------------------------------------------------------------------
                                              0.351390   slack (MET)


Startpoint: a_in[8] (input port clocked by clk)
Endpoint: _2630_ (rising edge-triggered flip-flop clocked by clk)
Path Group: clk
Path Type: min

Fanout         Cap        Slew       Delay        Time   Description
---------------------------------------------------------------------------------------------
                                  0.000000    0.000000   clock clk (rise edge)
                                  0.000000    0.000000   clock network delay (propagated)
                                  0.020000    0.020000 ^ input external delay
     1    0.007477    0.040217    0.026023    0.046023 ^ a_in[8] (in)
                                                         a_in[8] (net)
                      0.040222    0.000000    0.046023 ^ hold664/A (sky130_fd_sc_hd__clkbuf_2)
     1    0.004692    0.037031    0.096507    0.142530 ^ hold664/X (sky130_fd_sc_hd__clkbuf_2)
                                                         net663 (net)
                      0.037031    0.000154    0.142684 ^ hold468/A (sky130_fd_sc_hd__clkbuf_2)
     1    0.007001    0.048406    0.104232    0.246916 ^ hold468/X (sky130_fd_sc_hd__clkbuf_2)
                                                         net467 (net)
                      0.048408    0.000350    0.247266 ^ hold665/A (sky130_fd_sc_hd__clkbuf_2)
     1    0.003513    0.031324    0.094412    0.341678 ^ hold665/X (sky130_fd_sc_hd__clkbuf_2)
                                                         net664 (net)
                      0.031324    0.000124    0.341802 ^ input323/A (sky130_fd_sc_hd__buf_2)
     1    0.003339    0.029012    0.087741    0.429543 ^ input323/X (sky130_fd_sc_hd__buf_2)
                                                         net323 (net)
                      0.029012    0.000111    0.429654 ^ hold666/A (sky130_fd_sc_hd__clkbuf_2)
     1    0.002656    0.027355    0.083568    0.513223 ^ hold666/X (sky130_fd_sc_hd__clkbuf_2)
                                                         net665 (net)
                      0.027355    0.000054    0.513277 ^ hold469/A (sky130_fd_sc_hd__clkbuf_2)
     2    0.006925    0.048031    0.100572    0.613849 ^ hold469/X (sky130_fd_sc_hd__clkbuf_2)
                                                         net468 (net)
                      0.048031    0.000120    0.613969 ^ hold667/A (sky130_fd_sc_hd__clkbuf_2)
     1    0.004684    0.036970    0.099234    0.713202 ^ hold667/X (sky130_fd_sc_hd__clkbuf_2)
                                                         net666 (net)
                      0.036971    0.000187    0.713390 ^ _2552_/A2 (sky130_fd_sc_hd__o211a_2)
     1    0.003418    0.044018    0.156436    0.869826 ^ _2552_/X (sky130_fd_sc_hd__o211a_2)
                                                         _0057_ (net)
                      0.044018    0.000112    0.869939 ^ hold470/A (sky130_fd_sc_hd__clkbuf_2)
     1    0.002916    0.028505    0.090111    0.960050 ^ hold470/X (sky130_fd_sc_hd__clkbuf_2)
                                                         net469 (net)
                      0.028506    0.000097    0.960147 ^ _2630_/D (sky130_fd_sc_hd__dfxtp_2)
                                              0.960147   data arrival time

                                  0.000000    0.000000   clock clk (rise edge)
                                  0.000000    0.000000   clock source latency
     1    0.021153    0.100886    0.069830    0.069830 ^ clk (in)
                                                         clk (net)
                      0.100909    0.000000    0.069830 ^ clkbuf_0_clk/A (sky130_fd_sc_hd__clkbuf_16)
    16    0.095653    0.112396    0.199673    0.269503 ^ clkbuf_0_clk/X (sky130_fd_sc_hd__clkbuf_16)
                                                         clknet_0_clk (net)
                      0.113567    0.009174    0.278678 ^ clkbuf_4_5_0_clk/A (sky130_fd_sc_hd__clkbuf_8)
     6    0.019032    0.049885    0.155764    0.434442 ^ clkbuf_4_5_0_clk/X (sky130_fd_sc_hd__clkbuf_8)
                                                         clknet_4_5_0_clk (net)
                      0.049889    0.000508    0.434950 ^ _2630_/CLK (sky130_fd_sc_hd__dfxtp_2)
                                  0.200000    0.634950   clock uncertainty
                                  0.000000    0.634950   clock reconvergence pessimism
                                 -0.027132    0.607819   library hold time
                                              0.607819   data required time
---------------------------------------------------------------------------------------------
                                              0.607819   data required time
                                             -0.960147   data arrival time
---------------------------------------------------------------------------------------------
                                              0.352329   slack (MET)


Startpoint: a_in[3] (input port clocked by clk)
Endpoint: _2625_ (rising edge-triggered flip-flop clocked by clk)
Path Group: clk
Path Type: min

Fanout         Cap        Slew       Delay        Time   Description
---------------------------------------------------------------------------------------------
                                  0.000000    0.000000   clock clk (rise edge)
                                  0.000000    0.000000   clock network delay (propagated)
                                  0.020000    0.020000 ^ input external delay
     1    0.006327    0.035123    0.022236    0.042236 ^ a_in[3] (in)
                                                         a_in[3] (net)
                      0.035126    0.000000    0.042236 ^ hold632/A (sky130_fd_sc_hd__clkbuf_2)
     1    0.006771    0.047264    0.102688    0.144925 ^ hold632/X (sky130_fd_sc_hd__clkbuf_2)
                                                         net631 (net)
                      0.047264    0.000276    0.145201 ^ hold438/A (sky130_fd_sc_hd__clkbuf_2)
     1    0.003735    0.032397    0.095018    0.240218 ^ hold438/X (sky130_fd_sc_hd__clkbuf_2)
                                                         net437 (net)
                      0.032397    0.000132    0.240350 ^ hold633/A (sky130_fd_sc_hd__clkbuf_2)
     1    0.004879    0.037955    0.094452    0.334802 ^ hold633/X (sky130_fd_sc_hd__clkbuf_2)
                                                         net632 (net)
                      0.037955    0.000184    0.334986 ^ input318/A (sky130_fd_sc_hd__buf_2)
     1    0.003993    0.031810    0.092996    0.427982 ^ input318/X (sky130_fd_sc_hd__buf_2)
                                                         net318 (net)
                      0.031811    0.000147    0.428128 ^ hold634/A (sky130_fd_sc_hd__clkbuf_2)
     1    0.003484    0.031224    0.088386    0.516514 ^ hold634/X (sky130_fd_sc_hd__clkbuf_2)
                                                         net633 (net)
                      0.031224    0.000090    0.516604 ^ hold439/A (sky130_fd_sc_hd__clkbuf_2)
     2    0.006281    0.044832    0.099442    0.616046 ^ hold439/X (sky130_fd_sc_hd__clkbuf_2)
                                                         net438 (net)
                      0.044833    0.000199    0.616245 ^ hold635/A (sky130_fd_sc_hd__clkbuf_2)
     1    0.003593    0.031718    0.093504    0.709749 ^ hold635/X (sky130_fd_sc_hd__clkbuf_2)
                                                         net634 (net)
                      0.031719    0.000124    0.709872 ^ _2542_/A2 (sky130_fd_sc_hd__o211a_2)
     1    0.003614    0.045141    0.156124    0.865996 ^ _2542_/X (sky130_fd_sc_hd__o211a_2)
                                                         _0052_ (net)
                      0.045141    0.000124    0.866120 ^ hold440/A (sky130_fd_sc_hd__clkbuf_2)
     1    0.003502    0.031278    0.093203    0.959323 ^ hold440/X (sky130_fd_sc_hd__clkbuf_2)
                                                         net439 (net)
                      0.031278    0.000117    0.959440 ^ _2625_/D (sky130_fd_sc_hd__dfxtp_2)
                                              0.959440   data arrival time

                                  0.000000    0.000000   clock clk (rise edge)
                                  0.000000    0.000000   clock source latency
     1    0.021153    0.100886    0.069830    0.069830 ^ clk (in)
                                                         clk (net)
                      0.100909    0.000000    0.069830 ^ clkbuf_0_clk/A (sky130_fd_sc_hd__clkbuf_16)
    16    0.095653    0.112396    0.199673    0.269503 ^ clkbuf_0_clk/X (sky130_fd_sc_hd__clkbuf_16)
                                                         clknet_0_clk (net)
                      0.113218    0.007729    0.277232 ^ clkbuf_4_3_0_clk/A (sky130_fd_sc_hd__clkbuf_8)
     6    0.015701    0.044754    0.150748    0.427980 ^ clkbuf_4_3_0_clk/X (sky130_fd_sc_hd__clkbuf_8)
                                                         clknet_4_3_0_clk (net)
                      0.044755    0.000272    0.428252 ^ _2625_/CLK (sky130_fd_sc_hd__dfxtp_2)
                                  0.200000    0.628252   clock uncertainty
                                  0.000000    0.628252   clock reconvergence pessimism
                                 -0.028380    0.599873   library hold time
                                              0.599873   data required time
---------------------------------------------------------------------------------------------
                                              0.599873   data required time
                                             -0.959440   data arrival time
---------------------------------------------------------------------------------------------
                                              0.359567   slack (MET)


Startpoint: b_in[1] (input port clocked by clk)
Endpoint: _2656_ (rising edge-triggered flip-flop clocked by clk)
Path Group: clk
Path Type: min

Fanout         Cap        Slew       Delay        Time   Description
---------------------------------------------------------------------------------------------
                                  0.000000    0.000000   clock clk (rise edge)
                                  0.000000    0.000000   clock network delay (propagated)
                                  0.020000    0.020000 ^ input external delay
     1    0.004636    0.027709    0.016678    0.036678 ^ b_in[1] (in)
                                                         b_in[1] (net)
                      0.027709    0.000000    0.036678 ^ hold495/A (sky130_fd_sc_hd__clkbuf_2)
     1    0.005117    0.039113    0.093693    0.130370 ^ hold495/X (sky130_fd_sc_hd__clkbuf_2)
                                                         net494 (net)
                      0.039113    0.000222    0.130593 ^ hold456/A (sky130_fd_sc_hd__clkbuf_2)
     1    0.004506    0.036137    0.095387    0.225979 ^ hold456/X (sky130_fd_sc_hd__clkbuf_2)
                                                         net455 (net)
                      0.036138    0.000181    0.226160 ^ hold496/A (sky130_fd_sc_hd__clkbuf_2)
     1    0.003970    0.033576    0.092146    0.318306 ^ hold496/X (sky130_fd_sc_hd__clkbuf_2)
                                                         net495 (net)
                      0.033576    0.000153    0.318460 ^ input332/A (sky130_fd_sc_hd__buf_2)
     1    0.004706    0.034867    0.094107    0.412567 ^ input332/X (sky130_fd_sc_hd__buf_2)
                                                         net332 (net)
                      0.034868    0.000184    0.412750 ^ hold497/A (sky130_fd_sc_hd__clkbuf_2)
     1    0.004002    0.033735    0.091840    0.504591 ^ hold497/X (sky130_fd_sc_hd__clkbuf_2)
                                                         net496 (net)
                      0.033735    0.000149    0.504740 ^ hold457/A (sky130_fd_sc_hd__clkbuf_2)
     2    0.006605    0.046436    0.101566    0.606306 ^ hold457/X (sky130_fd_sc_hd__clkbuf_2)
                                                         net456 (net)
                      0.046437    0.000235    0.606540 ^ hold498/A (sky130_fd_sc_hd__clkbuf_2)
     2    0.006916    0.047967    0.107293    0.713833 ^ hold498/X (sky130_fd_sc_hd__clkbuf_2)
                                                         net497 (net)
                      0.047967    0.000130    0.713963 ^ _2615_/A1 (sky130_fd_sc_hd__o211a_2)
     1    0.003451    0.044629    0.170703    0.884666 ^ _2615_/X (sky130_fd_sc_hd__o211a_2)
                                                         _0083_ (net)
                      0.044629    0.000114    0.884780 ^ hold499/A (sky130_fd_sc_hd__clkbuf_2)
     1    0.002435    0.026332    0.088126    0.972906 ^ hold499/X (sky130_fd_sc_hd__clkbuf_2)
                                                         net498 (net)
                      0.026332    0.000074    0.972980 ^ _2656_/D (sky130_fd_sc_hd__dfxtp_2)
                                              0.972980   data arrival time

                                  0.000000    0.000000   clock clk (rise edge)
                                  0.000000    0.000000   clock source latency
     1    0.021153    0.100886    0.069830    0.069830 ^ clk (in)
                                                         clk (net)
                      0.100909    0.000000    0.069830 ^ clkbuf_0_clk/A (sky130_fd_sc_hd__clkbuf_16)
    16    0.095653    0.112396    0.199673    0.269503 ^ clkbuf_0_clk/X (sky130_fd_sc_hd__clkbuf_16)
                                                         clknet_0_clk (net)
                      0.112569    0.003664    0.273167 ^ clkbuf_4_10_0_clk/A (sky130_fd_sc_hd__clkbuf_8)
     6    0.024238    0.057429    0.162092    0.435259 ^ clkbuf_4_10_0_clk/X (sky130_fd_sc_hd__clkbuf_8)
                                                         clknet_4_10_0_clk (net)
                      0.057487    0.001583    0.436842 ^ _2656_/CLK (sky130_fd_sc_hd__dfxtp_2)
                                  0.200000    0.636842   clock uncertainty
                                  0.000000    0.636842   clock reconvergence pessimism
                                 -0.025685    0.611157   library hold time
                                              0.611157   data required time
---------------------------------------------------------------------------------------------
                                              0.611157   data required time
                                             -0.972980   data arrival time
---------------------------------------------------------------------------------------------
                                              0.361823   slack (MET)


Startpoint: a_in[10] (input port clocked by clk)
Endpoint: _2632_ (rising edge-triggered flip-flop clocked by clk)
Path Group: clk
Path Type: min

Fanout         Cap        Slew       Delay        Time   Description
---------------------------------------------------------------------------------------------
                                  0.000000    0.000000   clock clk (rise edge)
                                  0.000000    0.000000   clock network delay (propagated)
                                  0.020000    0.020000 ^ input external delay
     1    0.007773    0.041519    0.026908    0.046908 ^ a_in[10] (in)
                                                         a_in[10] (net)
                      0.041521    0.000000    0.046908 ^ hold668/A (sky130_fd_sc_hd__clkbuf_2)
     1    0.004565    0.036417    0.096470    0.143378 ^ hold668/X (sky130_fd_sc_hd__clkbuf_2)
                                                         net667 (net)
                      0.036418    0.000182    0.143560 ^ hold505/A (sky130_fd_sc_hd__clkbuf_2)
     1    0.005446    0.040695    0.098064    0.241623 ^ hold505/X (sky130_fd_sc_hd__clkbuf_2)
                                                         net504 (net)
                      0.040695    0.000181    0.241805 ^ hold669/A (sky130_fd_sc_hd__clkbuf_2)
     1    0.002401    0.026186    0.086569    0.328373 ^ hold669/X (sky130_fd_sc_hd__clkbuf_2)
                                                         net668 (net)
                      0.026186    0.000053    0.328427 ^ input310/A (sky130_fd_sc_hd__buf_2)
     1    0.004301    0.033203    0.089914    0.418341 ^ input310/X (sky130_fd_sc_hd__buf_2)
                                                         net310 (net)
                      0.033204    0.000158    0.418499 ^ hold670/A (sky130_fd_sc_hd__clkbuf_2)
     1    0.004824    0.037683    0.094517    0.513016 ^ hold670/X (sky130_fd_sc_hd__clkbuf_2)
                                                         net669 (net)
                      0.037683    0.000196    0.513212 ^ hold506/A (sky130_fd_sc_hd__clkbuf_2)
     2    0.007233    0.049562    0.105386    0.618598 ^ hold506/X (sky130_fd_sc_hd__clkbuf_2)
                                                         net505 (net)
                      0.049562    0.000244    0.618842 ^ hold671/A (sky130_fd_sc_hd__clkbuf_2)
     1    0.003771    0.032568    0.096012    0.714853 ^ hold671/X (sky130_fd_sc_hd__clkbuf_2)
                                                         net670 (net)
                      0.032568    0.000099    0.714952 ^ _2556_/A2 (sky130_fd_sc_hd__o211a_2)
     1    0.003651    0.045346    0.156593    0.871545 ^ _2556_/X (sky130_fd_sc_hd__o211a_2)
                                                         _0059_ (net)
                      0.045346    0.000128    0.871673 ^ hold507/A (sky130_fd_sc_hd__clkbuf_2)
     1    0.004403    0.035630    0.097203    0.968876 ^ hold507/X (sky130_fd_sc_hd__clkbuf_2)
                                                         net506 (net)
                      0.035631    0.000180    0.969056 ^ _2632_/D (sky130_fd_sc_hd__dfxtp_2)
                                              0.969056   data arrival time

                                  0.000000    0.000000   clock clk (rise edge)
                                  0.000000    0.000000   clock source latency
     1    0.021153    0.100886    0.069830    0.069830 ^ clk (in)
                                                         clk (net)
                      0.100909    0.000000    0.069830 ^ clkbuf_0_clk/A (sky130_fd_sc_hd__clkbuf_16)
    16    0.095653    0.112396    0.199673    0.269503 ^ clkbuf_0_clk/X (sky130_fd_sc_hd__clkbuf_16)
                                                         clknet_0_clk (net)
                      0.113567    0.009174    0.278678 ^ clkbuf_4_5_0_clk/A (sky130_fd_sc_hd__clkbuf_8)
     6    0.019032    0.049885    0.155764    0.434442 ^ clkbuf_4_5_0_clk/X (sky130_fd_sc_hd__clkbuf_8)
                                                         clknet_4_5_0_clk (net)
                      0.049890    0.000541    0.434983 ^ _2632_/CLK (sky130_fd_sc_hd__dfxtp_2)
                                  0.200000    0.634983   clock uncertainty
                                  0.000000    0.634983   clock reconvergence pessimism
                                 -0.028606    0.606377   library hold time
                                              0.606377   data required time
---------------------------------------------------------------------------------------------
                                              0.606377   data required time
                                             -0.969056   data arrival time
---------------------------------------------------------------------------------------------
                                              0.362679   slack (MET)


Startpoint: a_in[7] (input port clocked by clk)
Endpoint: _2629_ (rising edge-triggered flip-flop clocked by clk)
Path Group: clk
Path Type: min

Fanout         Cap        Slew       Delay        Time   Description
---------------------------------------------------------------------------------------------
                                  0.000000    0.000000   clock clk (rise edge)
                                  0.000000    0.000000   clock network delay (propagated)
                                  0.020000    0.020000 ^ input external delay
     2    0.008764    0.045910    0.030050    0.050050 ^ a_in[7] (in)
                                                         a_in[7] (net)
                      0.045910    0.000000    0.050050 ^ hold644/A (sky130_fd_sc_hd__clkbuf_2)
     1    0.010589    0.066511    0.121199    0.171248 ^ hold644/X (sky130_fd_sc_hd__clkbuf_2)
                                                         net643 (net)
                      0.066512    0.000409    0.171658 ^ hold435/A (sky130_fd_sc_hd__clkbuf_2)
     1    0.004562    0.036503    0.105453    0.277111 ^ hold435/X (sky130_fd_sc_hd__clkbuf_2)
                                                         net434 (net)
                      0.036504    0.000180    0.277291 ^ hold645/A (sky130_fd_sc_hd__clkbuf_2)
     1    0.002991    0.028864    0.087785    0.365076 ^ hold645/X (sky130_fd_sc_hd__clkbuf_2)
                                                         net644 (net)
                      0.028864    0.000075    0.365151 ^ input322/A (sky130_fd_sc_hd__buf_2)
     1    0.002911    0.027275    0.085014    0.450165 ^ input322/X (sky130_fd_sc_hd__buf_2)
                                                         net322 (net)
                      0.027275    0.000065    0.450230 ^ hold646/A (sky130_fd_sc_hd__clkbuf_2)
     1    0.004233    0.034875    0.090142    0.540372 ^ hold646/X (sky130_fd_sc_hd__clkbuf_2)
                                                         net645 (net)
                      0.034876    0.000162    0.540534 ^ hold436/A (sky130_fd_sc_hd__clkbuf_2)
     2    0.005438    0.040660    0.097483    0.638017 ^ hold436/X (sky130_fd_sc_hd__clkbuf_2)
                                                         net435 (net)
                      0.040661    0.000177    0.638193 ^ hold647/A (sky130_fd_sc_hd__clkbuf_2)
     1    0.003710    0.032295    0.092569    0.730763 ^ hold647/X (sky130_fd_sc_hd__clkbuf_2)
                                                         net646 (net)
                      0.032295    0.000097    0.730860 ^ _2550_/A2 (sky130_fd_sc_hd__o211a_2)
     1    0.002753    0.040497    0.150996    0.881856 ^ _2550_/X (sky130_fd_sc_hd__o211a_2)
                                                         _0056_ (net)
                      0.040497    0.000060    0.881916 ^ hold437/A (sky130_fd_sc_hd__clkbuf_2)
     1    0.002140    0.025002    0.085297    0.967213 ^ hold437/X (sky130_fd_sc_hd__clkbuf_2)
                                                         net436 (net)
                      0.025002    0.000044    0.967257 ^ _2629_/D (sky130_fd_sc_hd__dfxtp_2)
                                              0.967257   data arrival time

                                  0.000000    0.000000   clock clk (rise edge)
                                  0.000000    0.000000   clock source latency
     1    0.021153    0.100886    0.069830    0.069830 ^ clk (in)
                                                         clk (net)
                      0.100909    0.000000    0.069830 ^ clkbuf_0_clk/A (sky130_fd_sc_hd__clkbuf_16)
    16    0.095653    0.112396    0.199673    0.269503 ^ clkbuf_0_clk/X (sky130_fd_sc_hd__clkbuf_16)
                                                         clknet_0_clk (net)
                      0.113403    0.008527    0.278030 ^ clkbuf_4_1_0_clk/A (sky130_fd_sc_hd__clkbuf_8)
     6    0.015926    0.045092    0.151172    0.429202 ^ clkbuf_4_1_0_clk/X (sky130_fd_sc_hd__clkbuf_8)
                                                         clknet_4_1_0_clk (net)
                      0.045093    0.000268    0.429470 ^ _2629_/CLK (sky130_fd_sc_hd__dfxtp_2)
                                  0.200000    0.629470   clock uncertainty
                                  0.000000    0.629470   clock reconvergence pessimism
                                 -0.027035    0.602434   library hold time
                                              0.602434   data required time
---------------------------------------------------------------------------------------------
                                              0.602434   data required time
                                             -0.967257   data arrival time
---------------------------------------------------------------------------------------------
                                              0.364822   slack (MET)


Startpoint: _2667_ (rising edge-triggered flip-flop clocked by clk)
Endpoint: _2667_ (rising edge-triggered flip-flop clocked by clk)
Path Group: clk
Path Type: min

Fanout         Cap        Slew       Delay        Time   Description
---------------------------------------------------------------------------------------------
                                  0.000000    0.000000   clock clk (rise edge)
                                  0.000000    0.000000   clock source latency
     1    0.021153    0.100886    0.069830    0.069830 ^ clk (in)
                                                         clk (net)
                      0.100909    0.000000    0.069830 ^ clkbuf_0_clk/A (sky130_fd_sc_hd__clkbuf_16)
    16    0.095653    0.112396    0.199673    0.269503 ^ clkbuf_0_clk/X (sky130_fd_sc_hd__clkbuf_16)
                                                         clknet_0_clk (net)
                      0.113451    0.008723    0.278226 ^ clkbuf_4_0_0_clk/A (sky130_fd_sc_hd__clkbuf_8)
     6    0.016900    0.046595    0.152472    0.430698 ^ clkbuf_4_0_0_clk/X (sky130_fd_sc_hd__clkbuf_8)
                                                         clknet_4_0_0_clk (net)
                      0.046610    0.000775    0.431473 ^ _2667_/CLK (sky130_fd_sc_hd__dfxtp_2)
     5    0.018136    0.099419    0.360906    0.792379 ^ _2667_/Q (sky130_fd_sc_hd__dfxtp_2)
                                                         r2_mantissa[12] (net)
                      0.099419    0.000261    0.792640 ^ _1364_/A1 (sky130_fd_sc_hd__o211a_2)
     1    0.002194    0.038101    0.174948    0.967589 ^ _1364_/X (sky130_fd_sc_hd__o211a_2)
                                                         _0012_ (net)
                      0.038101    0.000047    0.967636 ^ _2667_/D (sky130_fd_sc_hd__dfxtp_2)
                                              0.967636   data arrival time

                                  0.000000    0.000000   clock clk (rise edge)
                                  0.000000    0.000000   clock source latency
     1    0.021153    0.100886    0.069830    0.069830 ^ clk (in)
                                                         clk (net)
                      0.100909    0.000000    0.069830 ^ clkbuf_0_clk/A (sky130_fd_sc_hd__clkbuf_16)
    16    0.095653    0.112396    0.199673    0.269503 ^ clkbuf_0_clk/X (sky130_fd_sc_hd__clkbuf_16)
                                                         clknet_0_clk (net)
                      0.113451    0.008723    0.278226 ^ clkbuf_4_0_0_clk/A (sky130_fd_sc_hd__clkbuf_8)
     6    0.016900    0.046595    0.152472    0.430698 ^ clkbuf_4_0_0_clk/X (sky130_fd_sc_hd__clkbuf_8)
                                                         clknet_4_0_0_clk (net)
                      0.046610    0.000775    0.431473 ^ _2667_/CLK (sky130_fd_sc_hd__dfxtp_2)
                                  0.200000    0.631473   clock uncertainty
                                  0.000000    0.631473   clock reconvergence pessimism
                                 -0.029549    0.601924   library hold time
                                              0.601924   data required time
---------------------------------------------------------------------------------------------
                                              0.601924   data required time
                                             -0.967636   data arrival time
---------------------------------------------------------------------------------------------
                                              0.365712   slack (MET)


Startpoint: a_in[11] (input port clocked by clk)
Endpoint: _2633_ (rising edge-triggered flip-flop clocked by clk)
Path Group: clk
Path Type: min

Fanout         Cap        Slew       Delay        Time   Description
---------------------------------------------------------------------------------------------
                                  0.000000    0.000000   clock clk (rise edge)
                                  0.000000    0.000000   clock network delay (propagated)
                                  0.020000    0.020000 ^ input external delay
     1    0.007442    0.040060    0.025893    0.045893 ^ a_in[11] (in)
                                                         a_in[11] (net)
                      0.040065    0.000000    0.045893 ^ hold640/A (sky130_fd_sc_hd__clkbuf_2)
     1    0.004667    0.036909    0.096347    0.142240 ^ hold640/X (sky130_fd_sc_hd__clkbuf_2)
                                                         net639 (net)
                      0.036909    0.000182    0.142422 ^ hold441/A (sky130_fd_sc_hd__clkbuf_2)
     1    0.003687    0.032194    0.091124    0.233546 ^ hold441/X (sky130_fd_sc_hd__clkbuf_2)
                                                         net440 (net)
                      0.032194    0.000126    0.233672 ^ hold641/A (sky130_fd_sc_hd__clkbuf_2)
     1    0.002934    0.028604    0.085975    0.319646 ^ hold641/X (sky130_fd_sc_hd__clkbuf_2)
                                                         net640 (net)
                      0.028606    0.000096    0.319742 ^ input311/A (sky130_fd_sc_hd__buf_2)
     1    0.005369    0.037691    0.094586    0.414328 ^ input311/X (sky130_fd_sc_hd__buf_2)
                                                         net311 (net)
                      0.037692    0.000236    0.414564 ^ hold642/A (sky130_fd_sc_hd__clkbuf_2)
     1    0.007720    0.052006    0.107195    0.521758 ^ hold642/X (sky130_fd_sc_hd__clkbuf_2)
                                                         net641 (net)
                      0.052009    0.000445    0.522204 ^ hold442/A (sky130_fd_sc_hd__clkbuf_2)
     2    0.006570    0.046236    0.107911    0.630115 ^ hold442/X (sky130_fd_sc_hd__clkbuf_2)
                                                         net441 (net)
                      0.046237    0.000214    0.630329 ^ hold643/A (sky130_fd_sc_hd__clkbuf_2)
     1    0.004126    0.034316    0.096446    0.726775 ^ hold643/X (sky130_fd_sc_hd__clkbuf_2)
                                                         net642 (net)
                      0.034316    0.000147    0.726922 ^ _2558_/A2 (sky130_fd_sc_hd__o211a_2)
     1    0.003347    0.043628    0.155230    0.882151 ^ _2558_/X (sky130_fd_sc_hd__o211a_2)
                                                         _0060_ (net)
                      0.043628    0.000112    0.882263 ^ hold443/A (sky130_fd_sc_hd__clkbuf_2)
     1    0.003521    0.031371    0.092748    0.975011 ^ hold443/X (sky130_fd_sc_hd__clkbuf_2)
                                                         net442 (net)
                      0.031371    0.000122    0.975133 ^ _2633_/D (sky130_fd_sc_hd__dfxtp_2)
                                              0.975133   data arrival time

                                  0.000000    0.000000   clock clk (rise edge)
                                  0.000000    0.000000   clock source latency
     1    0.021153    0.100886    0.069830    0.069830 ^ clk (in)
                                                         clk (net)
                      0.100909    0.000000    0.069830 ^ clkbuf_0_clk/A (sky130_fd_sc_hd__clkbuf_16)
    16    0.095653    0.112396    0.199673    0.269503 ^ clkbuf_0_clk/X (sky130_fd_sc_hd__clkbuf_16)
                                                         clknet_0_clk (net)
                      0.113567    0.009174    0.278678 ^ clkbuf_4_5_0_clk/A (sky130_fd_sc_hd__clkbuf_8)
     6    0.019032    0.049885    0.155764    0.434442 ^ clkbuf_4_5_0_clk/X (sky130_fd_sc_hd__clkbuf_8)
                                                         clknet_4_5_0_clk (net)
                      0.049890    0.000520    0.434962 ^ _2633_/CLK (sky130_fd_sc_hd__dfxtp_2)
                                  0.200000    0.634962   clock uncertainty
                                  0.000000    0.634962   clock reconvergence pessimism
                                 -0.027725    0.607237   library hold time
                                              0.607237   data required time
---------------------------------------------------------------------------------------------
                                              0.607237   data required time
                                             -0.975133   data arrival time
---------------------------------------------------------------------------------------------
                                              0.367895   slack (MET)


Startpoint: b_in[2] (input port clocked by clk)
Endpoint: _2657_ (rising edge-triggered flip-flop clocked by clk)
Path Group: clk
Path Type: min

Fanout         Cap        Slew       Delay        Time   Description
---------------------------------------------------------------------------------------------
                                  0.000000    0.000000   clock clk (rise edge)
                                  0.000000    0.000000   clock network delay (propagated)
                                  0.020000    0.020000 ^ input external delay
     1    0.005523    0.031583    0.019564    0.039564 ^ b_in[2] (in)
                                                         b_in[2] (net)
                      0.031583    0.000000    0.039564 ^ hold500/A (sky130_fd_sc_hd__clkbuf_2)
     1    0.002759    0.027815    0.084960    0.124524 ^ hold500/X (sky130_fd_sc_hd__clkbuf_2)
                                                         net499 (net)
                      0.027815    0.000059    0.124582 ^ hold489/A (sky130_fd_sc_hd__clkbuf_2)
     1    0.003195    0.029837    0.085628    0.210210 ^ hold489/X (sky130_fd_sc_hd__clkbuf_2)
                                                         net488 (net)
                      0.029837    0.000077    0.210287 ^ hold501/A (sky130_fd_sc_hd__clkbuf_2)
     1    0.004031    0.033898    0.090197    0.300483 ^ hold501/X (sky130_fd_sc_hd__clkbuf_2)
                                                         net500 (net)
                      0.033898    0.000151    0.300635 ^ input333/A (sky130_fd_sc_hd__buf_2)
     1    0.004165    0.032578    0.092209    0.392843 ^ input333/X (sky130_fd_sc_hd__buf_2)
                                                         net333 (net)
                      0.032578    0.000157    0.393001 ^ hold502/A (sky130_fd_sc_hd__clkbuf_2)
     1    0.007120    0.049000    0.103135    0.496136 ^ hold502/X (sky130_fd_sc_hd__clkbuf_2)
                                                         net501 (net)
                      0.049001    0.000271    0.496407 ^ hold490/A (sky130_fd_sc_hd__clkbuf_2)
     2    0.007873    0.052766    0.111818    0.608224 ^ hold490/X (sky130_fd_sc_hd__clkbuf_2)
                                                         net489 (net)
                      0.052767    0.000351    0.608575 ^ hold503/A (sky130_fd_sc_hd__clkbuf_2)
     2    0.007426    0.050507    0.111507    0.720083 ^ hold503/X (sky130_fd_sc_hd__clkbuf_2)
                                                         net502 (net)
                      0.050507    0.000136    0.720218 ^ _2617_/A1 (sky130_fd_sc_hd__o211a_2)
     1    0.003291    0.043719    0.170414    0.890632 ^ _2617_/X (sky130_fd_sc_hd__o211a_2)
                                                         _0084_ (net)
                      0.043719    0.000107    0.890739 ^ hold504/A (sky130_fd_sc_hd__clkbuf_2)
     1    0.002500    0.026624    0.088096    0.978835 ^ hold504/X (sky130_fd_sc_hd__clkbuf_2)
                                                         net503 (net)
                      0.026624    0.000077    0.978912 ^ _2657_/D (sky130_fd_sc_hd__dfxtp_2)
                                              0.978912   data arrival time

                                  0.000000    0.000000   clock clk (rise edge)
                                  0.000000    0.000000   clock source latency
     1    0.021153    0.100886    0.069830    0.069830 ^ clk (in)
                                                         clk (net)
                      0.100909    0.000000    0.069830 ^ clkbuf_0_clk/A (sky130_fd_sc_hd__clkbuf_16)
    16    0.095653    0.112396    0.199673    0.269503 ^ clkbuf_0_clk/X (sky130_fd_sc_hd__clkbuf_16)
                                                         clknet_0_clk (net)
                      0.112569    0.003664    0.273167 ^ clkbuf_4_10_0_clk/A (sky130_fd_sc_hd__clkbuf_8)
     6    0.024238    0.057429    0.162092    0.435259 ^ clkbuf_4_10_0_clk/X (sky130_fd_sc_hd__clkbuf_8)
                                                         clknet_4_10_0_clk (net)
                      0.057477    0.001467    0.436727 ^ _2657_/CLK (sky130_fd_sc_hd__dfxtp_2)
                                  0.200000    0.636727   clock uncertainty
                                  0.000000    0.636727   clock reconvergence pessimism
                                 -0.025747    0.610980   library hold time
                                              0.610980   data required time
---------------------------------------------------------------------------------------------
                                              0.610980   data required time
                                             -0.978912   data arrival time
---------------------------------------------------------------------------------------------
                                              0.367932   slack (MET)


Startpoint: clear_acc (input port clocked by clk)
Endpoint: _2673_ (rising edge-triggered flip-flop clocked by clk)
Path Group: clk
Path Type: min

Fanout         Cap        Slew       Delay        Time   Description
---------------------------------------------------------------------------------------------
                                  0.000000    0.000000   clock clk (rise edge)
                                  0.000000    0.000000   clock network delay (propagated)
                                  0.020000    0.020000 ^ input external delay
     1    0.004005    0.024958    0.014541    0.034541 ^ clear_acc (in)
                                                         clear_acc (net)
                      0.024966    0.000000    0.034541 ^ hold604/A (sky130_fd_sc_hd__clkbuf_2)
     1    0.003078    0.029290    0.084074    0.118616 ^ hold604/X (sky130_fd_sc_hd__clkbuf_2)
                                                         net603 (net)
                      0.029290    0.000072    0.118687 ^ hold599/A (sky130_fd_sc_hd__clkbuf_2)
     1    0.003019    0.029006    0.085342    0.204029 ^ hold599/X (sky130_fd_sc_hd__clkbuf_2)
                                                         net598 (net)
                      0.029006    0.000069    0.204098 ^ hold605/A (sky130_fd_sc_hd__clkbuf_2)
     1    0.002663    0.027384    0.083595    0.287693 ^ hold605/X (sky130_fd_sc_hd__clkbuf_2)
                                                         net604 (net)
                      0.027384    0.000062    0.287755 ^ input341/A (sky130_fd_sc_hd__buf_2)
     1    0.003888    0.031386    0.088616    0.376370 ^ input341/X (sky130_fd_sc_hd__buf_2)
                                                         net341 (net)
                      0.031389    0.000109    0.376479 ^ hold600/A (sky130_fd_sc_hd__clkbuf_2)
     3    0.013653    0.081701    0.127442    0.503921 ^ hold600/X (sky130_fd_sc_hd__clkbuf_2)
                                                         net599 (net)
                      0.081701    0.000335    0.504257 ^ _1792_/B (sky130_fd_sc_hd__or2_2)
     7    0.030253    0.160373    0.206554    0.710810 ^ _1792_/X (sky130_fd_sc_hd__or2_2)
                                                         _1016_ (net)
                      0.160378    0.001115    0.711926 ^ _1901_/B1 (sky130_fd_sc_hd__a21o_2)
     1    0.003130    0.029956    0.112877    0.824802 ^ _1901_/X (sky130_fd_sc_hd__a21o_2)
                                                         _1123_ (net)
                      0.029956    0.000071    0.824873 ^ _1902_/B2 (sky130_fd_sc_hd__o22a_2)
     1    0.005273    0.041773    0.117672    0.942545 ^ _1902_/X (sky130_fd_sc_hd__o22a_2)
                                                         _1124_ (net)
                      0.041773    0.000121    0.942666 ^ _1903_/B (sky130_fd_sc_hd__nor2_2)
     1    0.003126    0.016385    0.029011    0.971677 v _1903_/Y (sky130_fd_sc_hd__nor2_2)
                                                         _0018_ (net)
                      0.016385    0.000082    0.971759 v _2673_/D (sky130_fd_sc_hd__dfxtp_2)
                                              0.971759   data arrival time

                                  0.000000    0.000000   clock clk (rise edge)
                                  0.000000    0.000000   clock source latency
     1    0.021153    0.100886    0.069830    0.069830 ^ clk (in)
                                                         clk (net)
                      0.100909    0.000000    0.069830 ^ clkbuf_0_clk/A (sky130_fd_sc_hd__clkbuf_16)
    16    0.095653    0.112396    0.199673    0.269503 ^ clkbuf_0_clk/X (sky130_fd_sc_hd__clkbuf_16)
                                                         clknet_0_clk (net)
                      0.112957    0.006433    0.275936 ^ clkbuf_4_14_0_clk/A (sky130_fd_sc_hd__clkbuf_8)
     6    0.020277    0.051853    0.157323    0.433259 ^ clkbuf_4_14_0_clk/X (sky130_fd_sc_hd__clkbuf_8)
                                                         clknet_4_14_0_clk (net)
                      0.051859    0.000586    0.433845 ^ _2673_/CLK (sky130_fd_sc_hd__dfxtp_2)
                                  0.200000    0.633845   clock uncertainty
                                  0.000000    0.633845   clock reconvergence pessimism
                                 -0.032789    0.601056   library hold time
                                              0.601056   data required time
---------------------------------------------------------------------------------------------
                                              0.601056   data required time
                                             -0.971759   data arrival time
---------------------------------------------------------------------------------------------
                                              0.370703   slack (MET)


Startpoint: b_in[2] (input port clocked by clk)
Endpoint: _2640_ (rising edge-triggered flip-flop clocked by clk)
Path Group: clk
Path Type: min

Fanout         Cap        Slew       Delay        Time   Description
---------------------------------------------------------------------------------------------
                                  0.000000    0.000000   clock clk (rise edge)
                                  0.000000    0.000000   clock network delay (propagated)
                                  0.020000    0.020000 ^ input external delay
     1    0.005523    0.031583    0.019564    0.039564 ^ b_in[2] (in)
                                                         b_in[2] (net)
                      0.031583    0.000000    0.039564 ^ hold500/A (sky130_fd_sc_hd__clkbuf_2)
     1    0.002759    0.027815    0.084960    0.124524 ^ hold500/X (sky130_fd_sc_hd__clkbuf_2)
                                                         net499 (net)
                      0.027815    0.000059    0.124582 ^ hold489/A (sky130_fd_sc_hd__clkbuf_2)
     1    0.003195    0.029837    0.085628    0.210210 ^ hold489/X (sky130_fd_sc_hd__clkbuf_2)
                                                         net488 (net)
                      0.029837    0.000077    0.210287 ^ hold501/A (sky130_fd_sc_hd__clkbuf_2)
     1    0.004031    0.033898    0.090197    0.300483 ^ hold501/X (sky130_fd_sc_hd__clkbuf_2)
                                                         net500 (net)
                      0.033898    0.000151    0.300635 ^ input333/A (sky130_fd_sc_hd__buf_2)
     1    0.004165    0.032578    0.092209    0.392843 ^ input333/X (sky130_fd_sc_hd__buf_2)
                                                         net333 (net)
                      0.032578    0.000157    0.393001 ^ hold502/A (sky130_fd_sc_hd__clkbuf_2)
     1    0.007120    0.049000    0.103135    0.496136 ^ hold502/X (sky130_fd_sc_hd__clkbuf_2)
                                                         net501 (net)
                      0.049001    0.000271    0.496407 ^ hold490/A (sky130_fd_sc_hd__clkbuf_2)
     2    0.007873    0.052766    0.111818    0.608224 ^ hold490/X (sky130_fd_sc_hd__clkbuf_2)
                                                         net489 (net)
                      0.052767    0.000351    0.608575 ^ hold503/A (sky130_fd_sc_hd__clkbuf_2)
     2    0.007426    0.050507    0.111507    0.720083 ^ hold503/X (sky130_fd_sc_hd__clkbuf_2)
                                                         net502 (net)
                      0.050507    0.000179    0.720261 ^ _2578_/A2 (sky130_fd_sc_hd__o211a_2)
     1    0.003822    0.046248    0.162840    0.883102 ^ _2578_/X (sky130_fd_sc_hd__o211a_2)
                                                         _0067_ (net)
                      0.046248    0.000106    0.883208 ^ hold491/A (sky130_fd_sc_hd__clkbuf_2)
     1    0.003624    0.031866    0.094162    0.977370 ^ hold491/X (sky130_fd_sc_hd__clkbuf_2)
                                                         net490 (net)
                      0.031866    0.000105    0.977474 ^ _2640_/D (sky130_fd_sc_hd__dfxtp_2)
                                              0.977474   data arrival time

                                  0.000000    0.000000   clock clk (rise edge)
                                  0.000000    0.000000   clock source latency
     1    0.021153    0.100886    0.069830    0.069830 ^ clk (in)
                                                         clk (net)
                      0.100909    0.000000    0.069830 ^ clkbuf_0_clk/A (sky130_fd_sc_hd__clkbuf_16)
    16    0.095653    0.112396    0.199673    0.269503 ^ clkbuf_0_clk/X (sky130_fd_sc_hd__clkbuf_16)
                                                         clknet_0_clk (net)
                      0.113274    0.007980    0.277483 ^ clkbuf_4_2_0_clk/A (sky130_fd_sc_hd__clkbuf_8)
     6    0.019204    0.050162    0.155866    0.433349 ^ clkbuf_4_2_0_clk/X (sky130_fd_sc_hd__clkbuf_8)
                                                         clknet_4_2_0_clk (net)
                      0.050170    0.000652    0.434001 ^ _2640_/CLK (sky130_fd_sc_hd__dfxtp_2)
                                  0.200000    0.634001   clock uncertainty
                                  0.000000    0.634001   clock reconvergence pessimism
                                 -0.027790    0.606211   library hold time
                                              0.606211   data required time
---------------------------------------------------------------------------------------------
                                              0.606211   data required time
                                             -0.977474   data arrival time
---------------------------------------------------------------------------------------------
                                              0.371263   slack (MET)


Startpoint: enable (input port clocked by clk)
Endpoint: _2686_ (rising edge-triggered flip-flop clocked by clk)
Path Group: clk
Path Type: min

Fanout         Cap        Slew       Delay        Time   Description
---------------------------------------------------------------------------------------------
                                  0.000000    0.000000   clock clk (rise edge)
                                  0.000000    0.000000   clock network delay (propagated)
                                  0.020000    0.020000 ^ input external delay
     1    0.004371    0.026556    0.015844    0.035844 ^ enable (in)
                                                         enable (net)
                      0.026557    0.000000    0.035844 ^ hold606/A (sky130_fd_sc_hd__clkbuf_2)
     1    0.003753    0.032539    0.087756    0.123600 ^ hold606/X (sky130_fd_sc_hd__clkbuf_2)
                                                         net605 (net)
                      0.032540    0.000103    0.123702 ^ hold595/A (sky130_fd_sc_hd__clkbuf_2)
     1    0.003223    0.029962    0.087440    0.211143 ^ hold595/X (sky130_fd_sc_hd__clkbuf_2)
                                                         net594 (net)
                      0.029962    0.000077    0.211220 ^ hold607/A (sky130_fd_sc_hd__clkbuf_2)
     1    0.002563    0.026932    0.083477    0.294697 ^ hold607/X (sky130_fd_sc_hd__clkbuf_2)
                                                         net606 (net)
                      0.026932    0.000058    0.294755 ^ input343/A (sky130_fd_sc_hd__buf_2)
     2    0.014703    0.078957    0.126213    0.420968 ^ input343/X (sky130_fd_sc_hd__buf_2)
                                                         net343 (net)
                      0.079018    0.001224    0.422192 ^ hold596/A (sky130_fd_sc_hd__clkbuf_2)
     3    0.022522    0.127571    0.176008    0.598199 ^ hold596/X (sky130_fd_sc_hd__clkbuf_2)
                                                         net595 (net)
                      0.127660    0.001869    0.600068 ^ _2325_/B2 (sky130_fd_sc_hd__o32a_2)
     1    0.003324    0.034151    0.146276    0.746343 ^ _2325_/X (sky130_fd_sc_hd__o32a_2)
                                                         _0317_ (net)
                      0.034151    0.000110    0.746453 ^ hold597/A (sky130_fd_sc_hd__clkbuf_2)
     1    0.006142    0.044111    0.099918    0.846371 ^ hold597/X (sky130_fd_sc_hd__clkbuf_2)
                                                         net596 (net)
                      0.044112    0.000235    0.846606 ^ _2326_/B (sky130_fd_sc_hd__nor2_2)
     1    0.005973    0.021515    0.035317    0.881923 v _2326_/Y (sky130_fd_sc_hd__nor2_2)
                                                         _0031_ (net)
                      0.021518    0.000283    0.882207 v hold598/A (sky130_fd_sc_hd__clkbuf_2)
     1    0.004041    0.027454    0.091785    0.973992 v hold598/X (sky130_fd_sc_hd__clkbuf_2)
                                                         net597 (net)
                      0.027455    0.000157    0.974149 v _2686_/D (sky130_fd_sc_hd__dfxtp_2)
                                              0.974149   data arrival time

                                  0.000000    0.000000   clock clk (rise edge)
                                  0.000000    0.000000   clock source latency
     1    0.021153    0.100886    0.069830    0.069830 ^ clk (in)
                                                         clk (net)
                      0.100909    0.000000    0.069830 ^ clkbuf_0_clk/A (sky130_fd_sc_hd__clkbuf_16)
    16    0.095653    0.112396    0.199673    0.269503 ^ clkbuf_0_clk/X (sky130_fd_sc_hd__clkbuf_16)
                                                         clknet_0_clk (net)
                      0.112489    0.002716    0.272220 ^ clkbuf_4_11_0_clk/A (sky130_fd_sc_hd__clkbuf_8)
     6    0.025764    0.059818    0.164199    0.436419 ^ clkbuf_4_11_0_clk/X (sky130_fd_sc_hd__clkbuf_8)
                                                         clknet_4_11_0_clk (net)
                      0.059825    0.000662    0.437081 ^ _2686_/CLK (sky130_fd_sc_hd__dfxtp_2)
                                  0.200000    0.637081   clock uncertainty
                                  0.000000    0.637081   clock reconvergence pessimism
                                 -0.035553    0.601528   library hold time
                                              0.601528   data required time
---------------------------------------------------------------------------------------------
                                              0.601528   data required time
                                             -0.974149   data arrival time
---------------------------------------------------------------------------------------------
                                              0.372621   slack (MET)


Startpoint: a_in[6] (input port clocked by clk)
Endpoint: _2628_ (rising edge-triggered flip-flop clocked by clk)
Path Group: clk
Path Type: min

Fanout         Cap        Slew       Delay        Time   Description
---------------------------------------------------------------------------------------------
                                  0.000000    0.000000   clock clk (rise edge)
                                  0.000000    0.000000   clock network delay (propagated)
                                  0.020000    0.020000 ^ input external delay
     1    0.006852    0.037445    0.023955    0.043955 ^ a_in[6] (in)
                                                         a_in[6] (net)
                      0.037448    0.000000    0.043955 ^ hold648/A (sky130_fd_sc_hd__clkbuf_2)
     1    0.009956    0.063286    0.115787    0.159741 ^ hold648/X (sky130_fd_sc_hd__clkbuf_2)
                                                         net647 (net)
                      0.063287    0.000347    0.160089 ^ hold447/A (sky130_fd_sc_hd__clkbuf_2)
     1    0.004172    0.034622    0.102781    0.262869 ^ hold447/X (sky130_fd_sc_hd__clkbuf_2)
                                                         net446 (net)
                      0.034622    0.000156    0.263025 ^ hold649/A (sky130_fd_sc_hd__clkbuf_2)
     1    0.006877    0.047790    0.102924    0.365949 ^ hold649/X (sky130_fd_sc_hd__clkbuf_2)
                                                         net648 (net)
                      0.047791    0.000284    0.366233 ^ input321/A (sky130_fd_sc_hd__buf_2)
     1    0.005529    0.038332    0.102321    0.468553 ^ input321/X (sky130_fd_sc_hd__buf_2)
                                                         net321 (net)
                      0.038333    0.000217    0.468771 ^ hold650/A (sky130_fd_sc_hd__clkbuf_2)
     1    0.002770    0.027853    0.087419    0.556189 ^ hold650/X (sky130_fd_sc_hd__clkbuf_2)
                                                         net649 (net)
                      0.027853    0.000059    0.556248 ^ hold448/A (sky130_fd_sc_hd__clkbuf_2)
     2    0.005086    0.038966    0.093640    0.649888 ^ hold448/X (sky130_fd_sc_hd__clkbuf_2)
                                                         net447 (net)
                      0.038967    0.000160    0.650048 ^ hold651/A (sky130_fd_sc_hd__clkbuf_2)
     1    0.003770    0.032590    0.092233    0.742282 ^ hold651/X (sky130_fd_sc_hd__clkbuf_2)
                                                         net650 (net)
                      0.032590    0.000130    0.742411 ^ _2548_/A2 (sky130_fd_sc_hd__o211a_2)
     1    0.003113    0.042329    0.153287    0.895698 ^ _2548_/X (sky130_fd_sc_hd__o211a_2)
                                                         _0055_ (net)
                      0.042330    0.000098    0.895797 ^ hold449/A (sky130_fd_sc_hd__clkbuf_2)
     1    0.002213    0.025328    0.086288    0.982085 ^ hold449/X (sky130_fd_sc_hd__clkbuf_2)
                                                         net448 (net)
                      0.025328    0.000048    0.982133 ^ _2628_/D (sky130_fd_sc_hd__dfxtp_2)
                                              0.982133   data arrival time

                                  0.000000    0.000000   clock clk (rise edge)
                                  0.000000    0.000000   clock source latency
     1    0.021153    0.100886    0.069830    0.069830 ^ clk (in)
                                                         clk (net)
                      0.100909    0.000000    0.069830 ^ clkbuf_0_clk/A (sky130_fd_sc_hd__clkbuf_16)
    16    0.095653    0.112396    0.199673    0.269503 ^ clkbuf_0_clk/X (sky130_fd_sc_hd__clkbuf_16)
                                                         clknet_0_clk (net)
                      0.113218    0.007729    0.277232 ^ clkbuf_4_3_0_clk/A (sky130_fd_sc_hd__clkbuf_8)
     6    0.015701    0.044754    0.150748    0.427980 ^ clkbuf_4_3_0_clk/X (sky130_fd_sc_hd__clkbuf_8)
                                                         clknet_4_3_0_clk (net)
                      0.044755    0.000272    0.428252 ^ _2628_/CLK (sky130_fd_sc_hd__dfxtp_2)
                                  0.200000    0.628252   clock uncertainty
                                  0.000000    0.628252   clock reconvergence pessimism
                                 -0.027147    0.601105   library hold time
                                              0.601105   data required time
---------------------------------------------------------------------------------------------
                                              0.601105   data required time
                                             -0.982133   data arrival time
---------------------------------------------------------------------------------------------
                                              0.381028   slack (MET)


Startpoint: a_in[1] (input port clocked by clk)
Endpoint: _2623_ (rising edge-triggered flip-flop clocked by clk)
Path Group: clk
Path Type: min

Fanout         Cap        Slew       Delay        Time   Description
---------------------------------------------------------------------------------------------
                                  0.000000    0.000000   clock clk (rise edge)
                                  0.000000    0.000000   clock network delay (propagated)
                                  0.020000    0.020000 ^ input external delay
     1    0.006509    0.035928    0.022830    0.042830 ^ a_in[1] (in)
                                                         a_in[1] (net)
                      0.035931    0.000000    0.042830 ^ hold620/A (sky130_fd_sc_hd__clkbuf_2)
     1    0.004302    0.035178    0.093481    0.136312 ^ hold620/X (sky130_fd_sc_hd__clkbuf_2)
                                                         net619 (net)
                      0.035180    0.000161    0.136472 ^ hold432/A (sky130_fd_sc_hd__clkbuf_2)
     1    0.006966    0.048232    0.103436    0.239908 ^ hold432/X (sky130_fd_sc_hd__clkbuf_2)
                                                         net431 (net)
                      0.048234    0.000354    0.240262 ^ hold621/A (sky130_fd_sc_hd__clkbuf_2)
     1    0.006656    0.046630    0.106870    0.347131 ^ hold621/X (sky130_fd_sc_hd__clkbuf_2)
                                                         net620 (net)
                      0.046631    0.000350    0.347481 ^ input316/A (sky130_fd_sc_hd__buf_2)
     1    0.006106    0.040828    0.103913    0.451394 ^ input316/X (sky130_fd_sc_hd__buf_2)
                                                         net316 (net)
                      0.040829    0.000311    0.451705 ^ hold622/A (sky130_fd_sc_hd__clkbuf_2)
     1    0.003185    0.029764    0.090218    0.541924 ^ hold622/X (sky130_fd_sc_hd__clkbuf_2)
                                                         net621 (net)
                      0.029764    0.000078    0.542001 ^ hold433/A (sky130_fd_sc_hd__clkbuf_2)
     2    0.006305    0.044959    0.099011    0.641012 ^ hold433/X (sky130_fd_sc_hd__clkbuf_2)
                                                         net432 (net)
                      0.044959    0.000201    0.641214 ^ hold623/A (sky130_fd_sc_hd__clkbuf_2)
     1    0.003323    0.030417    0.092324    0.733537 ^ hold623/X (sky130_fd_sc_hd__clkbuf_2)
                                                         net622 (net)
                      0.030417    0.000078    0.733616 ^ _2535_/A2 (sky130_fd_sc_hd__o211a_2)
     1    0.004315    0.048918    0.159722    0.893338 ^ _2535_/X (sky130_fd_sc_hd__o211a_2)
                                                         _0050_ (net)
                      0.048918    0.000166    0.893504 ^ hold434/A (sky130_fd_sc_hd__clkbuf_2)
     1    0.002357    0.025969    0.089309    0.982814 ^ hold434/X (sky130_fd_sc_hd__clkbuf_2)
                                                         net433 (net)
                      0.025969    0.000051    0.982865 ^ _2623_/D (sky130_fd_sc_hd__dfxtp_2)
                                              0.982865   data arrival time

                                  0.000000    0.000000   clock clk (rise edge)
                                  0.000000    0.000000   clock source latency
     1    0.021153    0.100886    0.069830    0.069830 ^ clk (in)
                                                         clk (net)
                      0.100909    0.000000    0.069830 ^ clkbuf_0_clk/A (sky130_fd_sc_hd__clkbuf_16)
    16    0.095653    0.112396    0.199673    0.269503 ^ clkbuf_0_clk/X (sky130_fd_sc_hd__clkbuf_16)
                                                         clknet_0_clk (net)
                      0.113218    0.007729    0.277232 ^ clkbuf_4_3_0_clk/A (sky130_fd_sc_hd__clkbuf_8)
     6    0.015701    0.044754    0.150748    0.427980 ^ clkbuf_4_3_0_clk/X (sky130_fd_sc_hd__clkbuf_8)
                                                         clknet_4_3_0_clk (net)
                      0.044756    0.000332    0.428312 ^ _2623_/CLK (sky130_fd_sc_hd__dfxtp_2)
                                  0.200000    0.628312   clock uncertainty
                                  0.000000    0.628312   clock reconvergence pessimism
                                 -0.027280    0.601032   library hold time
                                              0.601032   data required time
---------------------------------------------------------------------------------------------
                                              0.601032   data required time
                                             -0.982865   data arrival time
---------------------------------------------------------------------------------------------
                                              0.381832   slack (MET)


Startpoint: clear_acc (input port clocked by clk)
Endpoint: _2671_ (rising edge-triggered flip-flop clocked by clk)
Path Group: clk
Path Type: min

Fanout         Cap        Slew       Delay        Time   Description
---------------------------------------------------------------------------------------------
                                  0.000000    0.000000   clock clk (rise edge)
                                  0.000000    0.000000   clock network delay (propagated)
                                  0.020000    0.020000 ^ input external delay
     1    0.004005    0.024958    0.014541    0.034541 ^ clear_acc (in)
                                                         clear_acc (net)
                      0.024966    0.000000    0.034541 ^ hold604/A (sky130_fd_sc_hd__clkbuf_2)
     1    0.003078    0.029290    0.084074    0.118616 ^ hold604/X (sky130_fd_sc_hd__clkbuf_2)
                                                         net603 (net)
                      0.029290    0.000072    0.118687 ^ hold599/A (sky130_fd_sc_hd__clkbuf_2)
     1    0.003019    0.029006    0.085342    0.204029 ^ hold599/X (sky130_fd_sc_hd__clkbuf_2)
                                                         net598 (net)
                      0.029006    0.000069    0.204098 ^ hold605/A (sky130_fd_sc_hd__clkbuf_2)
     1    0.002663    0.027384    0.083595    0.287693 ^ hold605/X (sky130_fd_sc_hd__clkbuf_2)
                                                         net604 (net)
                      0.027384    0.000062    0.287755 ^ input341/A (sky130_fd_sc_hd__buf_2)
     1    0.003888    0.031386    0.088616    0.376370 ^ input341/X (sky130_fd_sc_hd__buf_2)
                                                         net341 (net)
                      0.031389    0.000109    0.376479 ^ hold600/A (sky130_fd_sc_hd__clkbuf_2)
     3    0.013653    0.081701    0.127442    0.503921 ^ hold600/X (sky130_fd_sc_hd__clkbuf_2)
                                                         net599 (net)
                      0.081701    0.000335    0.504257 ^ _1792_/B (sky130_fd_sc_hd__or2_2)
     7    0.030253    0.160373    0.206554    0.710810 ^ _1792_/X (sky130_fd_sc_hd__or2_2)
                                                         _1016_ (net)
                      0.160380    0.001251    0.712061 ^ _1794_/B1 (sky130_fd_sc_hd__a31o_2)
     1    0.003099    0.035249    0.125481    0.837543 ^ _1794_/X (sky130_fd_sc_hd__a31o_2)
                                                         _1018_ (net)
                      0.035249    0.000068    0.837611 ^ _1795_/B2 (sky130_fd_sc_hd__o22a_2)
     1    0.005372    0.042186    0.119872    0.957482 ^ _1795_/X (sky130_fd_sc_hd__o22a_2)
                                                         _1019_ (net)
                      0.042186    0.000128    0.957610 ^ _1796_/B (sky130_fd_sc_hd__nor2_2)
     1    0.002689    0.015647    0.028072    0.985682 v _1796_/Y (sky130_fd_sc_hd__nor2_2)
                                                         _0016_ (net)
                      0.015647    0.000085    0.985767 v _2671_/D (sky130_fd_sc_hd__dfxtp_2)
                                              0.985767   data arrival time

                                  0.000000    0.000000   clock clk (rise edge)
                                  0.000000    0.000000   clock source latency
     1    0.021153    0.100886    0.069830    0.069830 ^ clk (in)
                                                         clk (net)
                      0.100909    0.000000    0.069830 ^ clkbuf_0_clk/A (sky130_fd_sc_hd__clkbuf_16)
    16    0.095653    0.112396    0.199673    0.269503 ^ clkbuf_0_clk/X (sky130_fd_sc_hd__clkbuf_16)
                                                         clknet_0_clk (net)
                      0.112957    0.006433    0.275936 ^ clkbuf_4_14_0_clk/A (sky130_fd_sc_hd__clkbuf_8)
     6    0.020277    0.051853    0.157323    0.433259 ^ clkbuf_4_14_0_clk/X (sky130_fd_sc_hd__clkbuf_8)
                                                         clknet_4_14_0_clk (net)
                      0.051867    0.000812    0.434071 ^ _2671_/CLK (sky130_fd_sc_hd__dfxtp_2)
                                  0.200000    0.634071   clock uncertainty
                                  0.000000    0.634071   clock reconvergence pessimism
                                 -0.032485    0.601586   library hold time
                                              0.601586   data required time
---------------------------------------------------------------------------------------------
                                              0.601586   data required time
                                             -0.985767   data arrival time
---------------------------------------------------------------------------------------------
                                              0.384181   slack (MET)


Startpoint: clear_acc (input port clocked by clk)
Endpoint: _2674_ (rising edge-triggered flip-flop clocked by clk)
Path Group: clk
Path Type: min

Fanout         Cap        Slew       Delay        Time   Description
---------------------------------------------------------------------------------------------
                                  0.000000    0.000000   clock clk (rise edge)
                                  0.000000    0.000000   clock network delay (propagated)
                                  0.020000    0.020000 ^ input external delay
     1    0.004005    0.024958    0.014541    0.034541 ^ clear_acc (in)
                                                         clear_acc (net)
                      0.024966    0.000000    0.034541 ^ hold604/A (sky130_fd_sc_hd__clkbuf_2)
     1    0.003078    0.029290    0.084074    0.118616 ^ hold604/X (sky130_fd_sc_hd__clkbuf_2)
                                                         net603 (net)
                      0.029290    0.000072    0.118687 ^ hold599/A (sky130_fd_sc_hd__clkbuf_2)
     1    0.003019    0.029006    0.085342    0.204029 ^ hold599/X (sky130_fd_sc_hd__clkbuf_2)
                                                         net598 (net)
                      0.029006    0.000069    0.204098 ^ hold605/A (sky130_fd_sc_hd__clkbuf_2)
     1    0.002663    0.027384    0.083595    0.287693 ^ hold605/X (sky130_fd_sc_hd__clkbuf_2)
                                                         net604 (net)
                      0.027384    0.000062    0.287755 ^ input341/A (sky130_fd_sc_hd__buf_2)
     1    0.003888    0.031386    0.088616    0.376370 ^ input341/X (sky130_fd_sc_hd__buf_2)
                                                         net341 (net)
                      0.031389    0.000109    0.376479 ^ hold600/A (sky130_fd_sc_hd__clkbuf_2)
     3    0.013653    0.081701    0.127442    0.503921 ^ hold600/X (sky130_fd_sc_hd__clkbuf_2)
                                                         net599 (net)
                      0.081701    0.000383    0.504304 ^ _1370_/B (sky130_fd_sc_hd__nor2_2)
     2    0.007413    0.031195    0.047867    0.552171 v _1370_/Y (sky130_fd_sc_hd__nor2_2)
                                                         _0595_ (net)
                      0.031195    0.000137    0.552308 v place239/A (sky130_fd_sc_hd__buf_1)
     6    0.024967    0.147318    0.176638    0.728946 v place239/X (sky130_fd_sc_hd__buf_1)
                                                         net239 (net)
                      0.147323    0.000972    0.729918 v _1948_/A (sky130_fd_sc_hd__nand2_2)
     1    0.003222    0.049130    0.085975    0.815893 ^ _1948_/Y (sky130_fd_sc_hd__nand2_2)
                                                         _1169_ (net)
                      0.049130    0.000076    0.815969 ^ _1950_/A3 (sky130_fd_sc_hd__o32a_2)
     1    0.005912    0.045798    0.139350    0.955320 ^ _1950_/X (sky130_fd_sc_hd__o32a_2)
                                                         _1171_ (net)
                      0.045798    0.000215    0.955535 ^ _1951_/B (sky130_fd_sc_hd__nor2_2)
     1    0.003636    0.018002    0.031283    0.986818 v _1951_/Y (sky130_fd_sc_hd__nor2_2)
                                                         _0019_ (net)
                      0.018002    0.000129    0.986947 v _2674_/D (sky130_fd_sc_hd__dfxtp_2)
                                              0.986947   data arrival time

                                  0.000000    0.000000   clock clk (rise edge)
                                  0.000000    0.000000   clock source latency
     1    0.021153    0.100886    0.069830    0.069830 ^ clk (in)
                                                         clk (net)
                      0.100909    0.000000    0.069830 ^ clkbuf_0_clk/A (sky130_fd_sc_hd__clkbuf_16)
    16    0.095653    0.112396    0.199673    0.269503 ^ clkbuf_0_clk/X (sky130_fd_sc_hd__clkbuf_16)
                                                         clknet_0_clk (net)
                      0.112956    0.006431    0.275934 ^ clkbuf_4_15_0_clk/A (sky130_fd_sc_hd__clkbuf_8)
     6    0.021474    0.053337    0.159160    0.435094 ^ clkbuf_4_15_0_clk/X (sky130_fd_sc_hd__clkbuf_8)
                                                         clknet_4_15_0_clk (net)
                      0.053350    0.000744    0.435839 ^ _2674_/CLK (sky130_fd_sc_hd__dfxtp_2)
                                  0.200000    0.635839   clock uncertainty
                                  0.000000    0.635839   clock reconvergence pessimism
                                 -0.033120    0.602719   library hold time
                                              0.602719   data required time
---------------------------------------------------------------------------------------------
                                              0.602719   data required time
                                             -0.986947   data arrival time
---------------------------------------------------------------------------------------------
                                              0.384228   slack (MET)


Startpoint: a_in[14] (input port clocked by clk)
Endpoint: _2636_ (rising edge-triggered flip-flop clocked by clk)
Path Group: clk
Path Type: min

Fanout         Cap        Slew       Delay        Time   Description
---------------------------------------------------------------------------------------------
                                  0.000000    0.000000   clock clk (rise edge)
                                  0.000000    0.000000   clock network delay (propagated)
                                  0.020000    0.020000 ^ input external delay
     1    0.008176    0.043323    0.028316    0.048316 ^ a_in[14] (in)
                                                         a_in[14] (net)
                      0.043329    0.000000    0.048316 ^ hold616/A (sky130_fd_sc_hd__clkbuf_2)
     1    0.005219    0.039569    0.099622    0.147938 ^ hold616/X (sky130_fd_sc_hd__clkbuf_2)
                                                         net615 (net)
                      0.039570    0.000224    0.148162 ^ hold417/A (sky130_fd_sc_hd__clkbuf_2)
     1    0.004181    0.034596    0.094311    0.242473 ^ hold417/X (sky130_fd_sc_hd__clkbuf_2)
                                                         net416 (net)
                      0.034596    0.000125    0.242597 ^ hold617/A (sky130_fd_sc_hd__clkbuf_2)
     1    0.002351    0.025964    0.084153    0.326751 ^ hold617/X (sky130_fd_sc_hd__clkbuf_2)
                                                         net616 (net)
                      0.025964    0.000050    0.326800 ^ input314/A (sky130_fd_sc_hd__buf_2)
     1    0.005277    0.037310    0.093291    0.420091 ^ input314/X (sky130_fd_sc_hd__buf_2)
                                                         net314 (net)
                      0.037310    0.000189    0.420281 ^ hold618/A (sky130_fd_sc_hd__clkbuf_2)
     1    0.005796    0.042403    0.099718    0.519999 ^ hold618/X (sky130_fd_sc_hd__clkbuf_2)
                                                         net617 (net)
                      0.042404    0.000224    0.520223 ^ hold418/A (sky130_fd_sc_hd__clkbuf_2)
     2    0.008010    0.053451    0.110052    0.630274 ^ hold418/X (sky130_fd_sc_hd__clkbuf_2)
                                                         net417 (net)
                      0.053451    0.000261    0.630535 ^ hold619/A (sky130_fd_sc_hd__clkbuf_2)
     1    0.003718    0.032308    0.097156    0.727691 ^ hold619/X (sky130_fd_sc_hd__clkbuf_2)
                                                         net618 (net)
                      0.032308    0.000096    0.727787 ^ _2564_/A2 (sky130_fd_sc_hd__o211a_2)
     1    0.005769    0.055817    0.167212    0.894998 ^ _2564_/X (sky130_fd_sc_hd__o211a_2)
                                                         _0063_ (net)
                      0.055817    0.000210    0.895208 ^ hold419/A (sky130_fd_sc_hd__clkbuf_2)
     1    0.004612    0.036635    0.101746    0.996954 ^ hold419/X (sky130_fd_sc_hd__clkbuf_2)
                                                         net418 (net)
                      0.036636    0.000186    0.997141 ^ _2636_/D (sky130_fd_sc_hd__dfxtp_2)
                                              0.997141   data arrival time

                                  0.000000    0.000000   clock clk (rise edge)
                                  0.000000    0.000000   clock source latency
     1    0.021153    0.100886    0.069830    0.069830 ^ clk (in)
                                                         clk (net)
                      0.100909    0.000000    0.069830 ^ clkbuf_0_clk/A (sky130_fd_sc_hd__clkbuf_16)
    16    0.095653    0.112396    0.199673    0.269503 ^ clkbuf_0_clk/X (sky130_fd_sc_hd__clkbuf_16)
                                                         clknet_0_clk (net)
                      0.113521    0.008998    0.278501 ^ clkbuf_4_4_0_clk/A (sky130_fd_sc_hd__clkbuf_8)
     6    0.020949    0.052557    0.158387    0.436888 ^ clkbuf_4_4_0_clk/X (sky130_fd_sc_hd__clkbuf_8)
                                                         clknet_4_4_0_clk (net)
                      0.052579    0.000965    0.437852 ^ _2636_/CLK (sky130_fd_sc_hd__dfxtp_2)
                                  0.200000    0.637852   clock uncertainty
                                  0.000000    0.637852   clock reconvergence pessimism
                                 -0.028461    0.609391   library hold time
                                              0.609391   data required time
---------------------------------------------------------------------------------------------
                                              0.609391   data required time
                                             -0.997141   data arrival time
---------------------------------------------------------------------------------------------
                                              0.387749   slack (MET)


Startpoint: a_in[4] (input port clocked by clk)
Endpoint: _2626_ (rising edge-triggered flip-flop clocked by clk)
Path Group: clk
Path Type: min

Fanout         Cap        Slew       Delay        Time   Description
---------------------------------------------------------------------------------------------
                                  0.000000    0.000000   clock clk (rise edge)
                                  0.000000    0.000000   clock network delay (propagated)
                                  0.020000    0.020000 ^ input external delay
     1    0.006556    0.036125    0.022897    0.042897 ^ a_in[4] (in)
                                                         a_in[4] (net)
                      0.036126    0.000000    0.042897 ^ hold652/A (sky130_fd_sc_hd__clkbuf_2)
     1    0.002749    0.027764    0.086537    0.129434 ^ hold652/X (sky130_fd_sc_hd__clkbuf_2)
                                                         net651 (net)
                      0.027764    0.000059    0.129492 ^ hold426/A (sky130_fd_sc_hd__clkbuf_2)
     1    0.007466    0.050732    0.102773    0.232265 ^ hold426/X (sky130_fd_sc_hd__clkbuf_2)
                                                         net425 (net)
                      0.050732    0.000250    0.232515 ^ hold653/A (sky130_fd_sc_hd__clkbuf_2)
     1    0.007115    0.048964    0.109518    0.342034 ^ hold653/X (sky130_fd_sc_hd__clkbuf_2)
                                                         net652 (net)
                      0.048966    0.000361    0.342394 ^ input319/A (sky130_fd_sc_hd__buf_2)
     1    0.006742    0.043598    0.106993    0.449388 ^ input319/X (sky130_fd_sc_hd__buf_2)
                                                         net319 (net)
                      0.043601    0.000410    0.449797 ^ hold654/A (sky130_fd_sc_hd__clkbuf_2)
     1    0.005893    0.042865    0.102306    0.552103 ^ hold654/X (sky130_fd_sc_hd__clkbuf_2)
                                                         net653 (net)
                      0.042866    0.000269    0.552372 ^ hold427/A (sky130_fd_sc_hd__clkbuf_2)
     2    0.006922    0.047999    0.106040    0.658413 ^ hold427/X (sky130_fd_sc_hd__clkbuf_2)
                                                         net426 (net)
                      0.047999    0.000178    0.658590 ^ hold655/A (sky130_fd_sc_hd__clkbuf_2)
     1    0.004028    0.033828    0.096622    0.755213 ^ hold655/X (sky130_fd_sc_hd__clkbuf_2)
                                                         net654 (net)
                      0.033828    0.000144    0.755357 ^ _2544_/A2 (sky130_fd_sc_hd__o211a_2)
     1    0.003453    0.044222    0.155749    0.911106 ^ _2544_/X (sky130_fd_sc_hd__o211a_2)
                                                         _0053_ (net)
                      0.044223    0.000089    0.911195 ^ hold428/A (sky130_fd_sc_hd__clkbuf_2)
     1    0.002256    0.025521    0.087165    0.998360 ^ hold428/X (sky130_fd_sc_hd__clkbuf_2)
                                                         net427 (net)
                      0.025521    0.000049    0.998409 ^ _2626_/D (sky130_fd_sc_hd__dfxtp_2)
                                              0.998409   data arrival time

                                  0.000000    0.000000   clock clk (rise edge)
                                  0.000000    0.000000   clock source latency
     1    0.021153    0.100886    0.069830    0.069830 ^ clk (in)
                                                         clk (net)
                      0.100909    0.000000    0.069830 ^ clkbuf_0_clk/A (sky130_fd_sc_hd__clkbuf_16)
    16    0.095653    0.112396    0.199673    0.269503 ^ clkbuf_0_clk/X (sky130_fd_sc_hd__clkbuf_16)
                                                         clknet_0_clk (net)
                      0.113274    0.007980    0.277483 ^ clkbuf_4_2_0_clk/A (sky130_fd_sc_hd__clkbuf_8)
     6    0.019204    0.050162    0.155866    0.433349 ^ clkbuf_4_2_0_clk/X (sky130_fd_sc_hd__clkbuf_8)
                                                         clknet_4_2_0_clk (net)
                      0.050172    0.000688    0.434037 ^ _2626_/CLK (sky130_fd_sc_hd__dfxtp_2)
                                  0.200000    0.634037   clock uncertainty
                                  0.000000    0.634037   clock reconvergence pessimism
                                 -0.026477    0.607560   library hold time
                                              0.607560   data required time
---------------------------------------------------------------------------------------------
                                              0.607560   data required time
                                             -0.998409   data arrival time
---------------------------------------------------------------------------------------------
                                              0.390849   slack (MET)


Startpoint: clear_acc (input port clocked by clk)
Endpoint: _2685_ (rising edge-triggered flip-flop clocked by clk)
Path Group: clk
Path Type: min

Fanout         Cap        Slew       Delay        Time   Description
---------------------------------------------------------------------------------------------
                                  0.000000    0.000000   clock clk (rise edge)
                                  0.000000    0.000000   clock network delay (propagated)
                                  0.020000    0.020000 ^ input external delay
     1    0.004005    0.024958    0.014541    0.034541 ^ clear_acc (in)
                                                         clear_acc (net)
                      0.024966    0.000000    0.034541 ^ hold604/A (sky130_fd_sc_hd__clkbuf_2)
     1    0.003078    0.029290    0.084074    0.118616 ^ hold604/X (sky130_fd_sc_hd__clkbuf_2)
                                                         net603 (net)
                      0.029290    0.000072    0.118687 ^ hold599/A (sky130_fd_sc_hd__clkbuf_2)
     1    0.003019    0.029006    0.085342    0.204029 ^ hold599/X (sky130_fd_sc_hd__clkbuf_2)
                                                         net598 (net)
                      0.029006    0.000069    0.204098 ^ hold605/A (sky130_fd_sc_hd__clkbuf_2)
     1    0.002663    0.027384    0.083595    0.287693 ^ hold605/X (sky130_fd_sc_hd__clkbuf_2)
                                                         net604 (net)
                      0.027384    0.000062    0.287755 ^ input341/A (sky130_fd_sc_hd__buf_2)
     1    0.003888    0.031386    0.088616    0.376370 ^ input341/X (sky130_fd_sc_hd__buf_2)
                                                         net341 (net)
                      0.031389    0.000109    0.376479 ^ hold600/A (sky130_fd_sc_hd__clkbuf_2)
     3    0.013653    0.081701    0.127442    0.503921 ^ hold600/X (sky130_fd_sc_hd__clkbuf_2)
                                                         net599 (net)
                      0.081701    0.000383    0.504304 ^ _1370_/B (sky130_fd_sc_hd__nor2_2)
     2    0.007413    0.031195    0.047867    0.552171 v _1370_/Y (sky130_fd_sc_hd__nor2_2)
                                                         _0595_ (net)
                      0.031197    0.000240    0.552412 v hold601/A (sky130_fd_sc_hd__clkbuf_2)
     4    0.021602    0.087603    0.147466    0.699878 v hold601/X (sky130_fd_sc_hd__clkbuf_2)
                                                         net600 (net)
                      0.087612    0.000903    0.700781 v _2319_/C1 (sky130_fd_sc_hd__o311a_2)
     1    0.002736    0.023108    0.128295    0.829076 v _2319_/X (sky130_fd_sc_hd__o311a_2)
                                                         _0312_ (net)
                      0.023108    0.000057    0.829134 v _2320_/A2 (sky130_fd_sc_hd__o21a_2)
     1    0.002148    0.022944    0.174718    1.003852 v _2320_/X (sky130_fd_sc_hd__o21a_2)
                                                         _0030_ (net)
                      0.022944    0.000045    1.003897 v _2685_/D (sky130_fd_sc_hd__dfxtp_2)
                                              1.003897   data arrival time

                                  0.000000    0.000000   clock clk (rise edge)
                                  0.000000    0.000000   clock source latency
     1    0.021153    0.100886    0.069830    0.069830 ^ clk (in)
                                                         clk (net)
                      0.100909    0.000000    0.069830 ^ clkbuf_0_clk/A (sky130_fd_sc_hd__clkbuf_16)
    16    0.095653    0.112396    0.199673    0.269503 ^ clkbuf_0_clk/X (sky130_fd_sc_hd__clkbuf_16)
                                                         clknet_0_clk (net)
                      0.112759    0.005228    0.274731 ^ clkbuf_4_9_0_clk/A (sky130_fd_sc_hd__clkbuf_8)
     6    0.019318    0.050343    0.155820    0.430551 ^ clkbuf_4_9_0_clk/X (sky130_fd_sc_hd__clkbuf_8)
                                                         clknet_4_9_0_clk (net)
                      0.050358    0.000843    0.431394 ^ _2685_/CLK (sky130_fd_sc_hd__dfxtp_2)
                                  0.200000    0.631394   clock uncertainty
                                  0.000000    0.631394   clock reconvergence pessimism
                                 -0.035813    0.595581   library hold time
                                              0.595581   data required time
---------------------------------------------------------------------------------------------
                                              0.595581   data required time
                                             -1.003897   data arrival time
---------------------------------------------------------------------------------------------
                                              0.408316   slack (MET)


Startpoint: _2675_ (rising edge-triggered flip-flop clocked by clk)
Endpoint: _2675_ (rising edge-triggered flip-flop clocked by clk)
Path Group: clk
Path Type: min

Fanout         Cap        Slew       Delay        Time   Description
---------------------------------------------------------------------------------------------
                                  0.000000    0.000000   clock clk (rise edge)
                                  0.000000    0.000000   clock source latency
     1    0.021153    0.100886    0.069830    0.069830 ^ clk (in)
                                                         clk (net)
                      0.100909    0.000000    0.069830 ^ clkbuf_0_clk/A (sky130_fd_sc_hd__clkbuf_16)
    16    0.095653    0.112396    0.199673    0.269503 ^ clkbuf_0_clk/X (sky130_fd_sc_hd__clkbuf_16)
                                                         clknet_0_clk (net)
                      0.112956    0.006431    0.275934 ^ clkbuf_4_15_0_clk/A (sky130_fd_sc_hd__clkbuf_8)
     6    0.021474    0.053337    0.159160    0.435094 ^ clkbuf_4_15_0_clk/X (sky130_fd_sc_hd__clkbuf_8)
                                                         clknet_4_15_0_clk (net)
                      0.053337    0.000324    0.435419 ^ _2675_/CLK (sky130_fd_sc_hd__dfxtp_2)
     3    0.011580    0.068621    0.340727    0.776146 ^ _2675_/Q (sky130_fd_sc_hd__dfxtp_2)
                                                         r3_prod_mant[4] (net)
                      0.068621    0.000195    0.776340 ^ _1995_/B1 (sky130_fd_sc_hd__a32o_2)
     1    0.003048    0.041496    0.116728    0.893068 ^ _1995_/X (sky130_fd_sc_hd__a32o_2)
                                                         _1215_ (net)
                      0.041496    0.000079    0.893148 ^ _1996_/B (sky130_fd_sc_hd__and2_2)
     1    0.002288    0.034596    0.123886    1.017033 ^ _1996_/X (sky130_fd_sc_hd__and2_2)
                                                         _1216_ (net)
                      0.034596    0.000047    1.017081 ^ _2675_/D (sky130_fd_sc_hd__dfxtp_2)
                                              1.017081   data arrival time

                                  0.000000    0.000000   clock clk (rise edge)
                                  0.000000    0.000000   clock source latency
     1    0.021153    0.100886    0.069830    0.069830 ^ clk (in)
                                                         clk (net)
                      0.100909    0.000000    0.069830 ^ clkbuf_0_clk/A (sky130_fd_sc_hd__clkbuf_16)
    16    0.095653    0.112396    0.199673    0.269503 ^ clkbuf_0_clk/X (sky130_fd_sc_hd__clkbuf_16)
                                                         clknet_0_clk (net)
                      0.112956    0.006431    0.275934 ^ clkbuf_4_15_0_clk/A (sky130_fd_sc_hd__clkbuf_8)
     6    0.021474    0.053337    0.159160    0.435094 ^ clkbuf_4_15_0_clk/X (sky130_fd_sc_hd__clkbuf_8)
                                                         clknet_4_15_0_clk (net)
                      0.053337    0.000324    0.435419 ^ _2675_/CLK (sky130_fd_sc_hd__dfxtp_2)
                                  0.200000    0.635419   clock uncertainty
                                  0.000000    0.635419   clock reconvergence pessimism
                                 -0.027939    0.607480   library hold time
                                              0.607480   data required time
---------------------------------------------------------------------------------------------
                                              0.607480   data required time
                                             -1.017081   data arrival time
---------------------------------------------------------------------------------------------
                                              0.409601   slack (MET)


Startpoint: _2666_ (rising edge-triggered flip-flop clocked by clk)
Endpoint: _2666_ (rising edge-triggered flip-flop clocked by clk)
Path Group: clk
Path Type: min

Fanout         Cap        Slew       Delay        Time   Description
---------------------------------------------------------------------------------------------
                                  0.000000    0.000000   clock clk (rise edge)
                                  0.000000    0.000000   clock source latency
     1    0.021153    0.100886    0.069830    0.069830 ^ clk (in)
                                                         clk (net)
                      0.100909    0.000000    0.069830 ^ clkbuf_0_clk/A (sky130_fd_sc_hd__clkbuf_16)
    16    0.095653    0.112396    0.199673    0.269503 ^ clkbuf_0_clk/X (sky130_fd_sc_hd__clkbuf_16)
                                                         clknet_0_clk (net)
                      0.113535    0.009053    0.278556 ^ clkbuf_4_7_0_clk/A (sky130_fd_sc_hd__clkbuf_8)
     6    0.017858    0.048085    0.154096    0.432652 ^ clkbuf_4_7_0_clk/X (sky130_fd_sc_hd__clkbuf_8)
                                                         clknet_4_7_0_clk (net)
                      0.048086    0.000309    0.432960 ^ _2666_/CLK (sky130_fd_sc_hd__dfxtp_2)
     7    0.027486    0.144339    0.393682    0.826643 ^ _2666_/Q (sky130_fd_sc_hd__dfxtp_2)
                                                         r2_mantissa[11] (net)
                      0.144339    0.000485    0.827127 ^ _1362_/A1 (sky130_fd_sc_hd__o211a_2)
     1    0.002638    0.040412    0.187219    1.014346 ^ _1362_/X (sky130_fd_sc_hd__o211a_2)
                                                         _0011_ (net)
                      0.040412    0.000061    1.014407 ^ _2666_/D (sky130_fd_sc_hd__dfxtp_2)
                                              1.014407   data arrival time

                                  0.000000    0.000000   clock clk (rise edge)
                                  0.000000    0.000000   clock source latency
     1    0.021153    0.100886    0.069830    0.069830 ^ clk (in)
                                                         clk (net)
                      0.100909    0.000000    0.069830 ^ clkbuf_0_clk/A (sky130_fd_sc_hd__clkbuf_16)
    16    0.095653    0.112396    0.199673    0.269503 ^ clkbuf_0_clk/X (sky130_fd_sc_hd__clkbuf_16)
                                                         clknet_0_clk (net)
                      0.113535    0.009053    0.278556 ^ clkbuf_4_7_0_clk/A (sky130_fd_sc_hd__clkbuf_8)
     6    0.017858    0.048085    0.154096    0.432652 ^ clkbuf_4_7_0_clk/X (sky130_fd_sc_hd__clkbuf_8)
                                                         clknet_4_7_0_clk (net)
                      0.048086    0.000309    0.432960 ^ _2666_/CLK (sky130_fd_sc_hd__dfxtp_2)
                                  0.200000    0.632960   clock uncertainty
                                  0.000000    0.632960   clock reconvergence pessimism
                                 -0.029833    0.603127   library hold time
                                              0.603127   data required time
---------------------------------------------------------------------------------------------
                                              0.603127   data required time
                                             -1.014407   data arrival time
---------------------------------------------------------------------------------------------
                                              0.411280   slack (MET)


Startpoint: clear_acc (input port clocked by clk)
Endpoint: _2677_ (rising edge-triggered flip-flop clocked by clk)
Path Group: clk
Path Type: min

Fanout         Cap        Slew       Delay        Time   Description
---------------------------------------------------------------------------------------------
                                  0.000000    0.000000   clock clk (rise edge)
                                  0.000000    0.000000   clock network delay (propagated)
                                  0.020000    0.020000 ^ input external delay
     1    0.004005    0.024958    0.014541    0.034541 ^ clear_acc (in)
                                                         clear_acc (net)
                      0.024966    0.000000    0.034541 ^ hold604/A (sky130_fd_sc_hd__clkbuf_2)
     1    0.003078    0.029290    0.084074    0.118616 ^ hold604/X (sky130_fd_sc_hd__clkbuf_2)
                                                         net603 (net)
                      0.029290    0.000072    0.118687 ^ hold599/A (sky130_fd_sc_hd__clkbuf_2)
     1    0.003019    0.029006    0.085342    0.204029 ^ hold599/X (sky130_fd_sc_hd__clkbuf_2)
                                                         net598 (net)
                      0.029006    0.000069    0.204098 ^ hold605/A (sky130_fd_sc_hd__clkbuf_2)
     1    0.002663    0.027384    0.083595    0.287693 ^ hold605/X (sky130_fd_sc_hd__clkbuf_2)
                                                         net604 (net)
                      0.027384    0.000062    0.287755 ^ input341/A (sky130_fd_sc_hd__buf_2)
     1    0.003888    0.031386    0.088616    0.376370 ^ input341/X (sky130_fd_sc_hd__buf_2)
                                                         net341 (net)
                      0.031389    0.000109    0.376479 ^ hold600/A (sky130_fd_sc_hd__clkbuf_2)
     3    0.013653    0.081701    0.127442    0.503921 ^ hold600/X (sky130_fd_sc_hd__clkbuf_2)
                                                         net599 (net)
                      0.081701    0.000383    0.504304 ^ _1370_/B (sky130_fd_sc_hd__nor2_2)
     2    0.007413    0.031195    0.047867    0.552171 v _1370_/Y (sky130_fd_sc_hd__nor2_2)
                                                         _0595_ (net)
                      0.031195    0.000137    0.552308 v place239/A (sky130_fd_sc_hd__buf_1)
     6    0.024967    0.147318    0.176638    0.728946 v place239/X (sky130_fd_sc_hd__buf_1)
                                                         net239 (net)
                      0.147318    0.000478    0.729424 v _2077_/B1 (sky130_fd_sc_hd__o21ai_2)
     1    0.003122    0.060959    0.087567    0.816991 ^ _2077_/Y (sky130_fd_sc_hd__o21ai_2)
                                                         _1295_ (net)
                      0.060959    0.000105    0.817096 ^ _2078_/B2 (sky130_fd_sc_hd__o2bb2a_2)
     1    0.006577    0.054148    0.165716    0.982813 ^ _2078_/X (sky130_fd_sc_hd__o2bb2a_2)
                                                         _1296_ (net)
                      0.054148    0.000269    0.983082 ^ _2079_/B (sky130_fd_sc_hd__nor2_2)
     1    0.003426    0.019255    0.033224    1.016306 v _2079_/Y (sky130_fd_sc_hd__nor2_2)
                                                         _0022_ (net)
                      0.019256    0.000116    1.016422 v _2677_/D (sky130_fd_sc_hd__dfxtp_2)
                                              1.016422   data arrival time

                                  0.000000    0.000000   clock clk (rise edge)
                                  0.000000    0.000000   clock source latency
     1    0.021153    0.100886    0.069830    0.069830 ^ clk (in)
                                                         clk (net)
                      0.100909    0.000000    0.069830 ^ clkbuf_0_clk/A (sky130_fd_sc_hd__clkbuf_16)
    16    0.095653    0.112396    0.199673    0.269503 ^ clkbuf_0_clk/X (sky130_fd_sc_hd__clkbuf_16)
                                                         clknet_0_clk (net)
                      0.112489    0.002716    0.272220 ^ clkbuf_4_11_0_clk/A (sky130_fd_sc_hd__clkbuf_8)
     6    0.025764    0.059818    0.164199    0.436419 ^ clkbuf_4_11_0_clk/X (sky130_fd_sc_hd__clkbuf_8)
                                                         clknet_4_11_0_clk (net)
                      0.059823    0.000607    0.437026 ^ _2677_/CLK (sky130_fd_sc_hd__dfxtp_2)
                                  0.200000    0.637026   clock uncertainty
                                  0.000000    0.637026   clock reconvergence pessimism
                                 -0.032191    0.604835   library hold time
                                              0.604835   data required time
---------------------------------------------------------------------------------------------
                                              0.604835   data required time
                                             -1.016422   data arrival time
---------------------------------------------------------------------------------------------
                                              0.411587   slack (MET)


Startpoint: b_in[14] (input port clocked by clk)
Endpoint: _2652_ (rising edge-triggered flip-flop clocked by clk)
Path Group: clk
Path Type: min

Fanout         Cap        Slew       Delay        Time   Description
---------------------------------------------------------------------------------------------
                                  0.000000    0.000000   clock clk (rise edge)
                                  0.000000    0.000000   clock network delay (propagated)
                                  0.020000    0.020000 ^ input external delay
     2    0.010328    0.052873    0.035135    0.055135 ^ b_in[14] (in)
                                                         b_in[14] (net)
                      0.052874    0.000000    0.055135 ^ hold558/A (sky130_fd_sc_hd__clkbuf_2)
     1    0.003526    0.031377    0.096069    0.151204 ^ hold558/X (sky130_fd_sc_hd__clkbuf_2)
                                                         net557 (net)
                      0.031377    0.000092    0.151296 ^ hold480/A (sky130_fd_sc_hd__clkbuf_2)
     1    0.004779    0.037471    0.093699    0.244995 ^ hold480/X (sky130_fd_sc_hd__clkbuf_2)
                                                         net479 (net)
                      0.037471    0.000190    0.245185 ^ hold559/A (sky130_fd_sc_hd__clkbuf_2)
     1    0.002881    0.028359    0.087617    0.332802 ^ hold559/X (sky130_fd_sc_hd__clkbuf_2)
                                                         net558 (net)
                      0.028359    0.000092    0.332894 ^ input330/A (sky130_fd_sc_hd__buf_2)
     1    0.003860    0.031259    0.088842    0.421736 ^ input330/X (sky130_fd_sc_hd__buf_2)
                                                         net330 (net)
                      0.031260    0.000142    0.421879 ^ hold560/A (sky130_fd_sc_hd__clkbuf_2)
     1    0.003480    0.031202    0.088157    0.510036 ^ hold560/X (sky130_fd_sc_hd__clkbuf_2)
                                                         net559 (net)
                      0.031202    0.000118    0.510154 ^ hold481/A (sky130_fd_sc_hd__clkbuf_2)
     2    0.011641    0.071330    0.119847    0.630001 ^ hold481/X (sky130_fd_sc_hd__clkbuf_2)
                                                         net480 (net)
                      0.071341    0.000875    0.630876 ^ hold561/A (sky130_fd_sc_hd__clkbuf_2)
     2    0.007995    0.053469    0.120393    0.751269 ^ hold561/X (sky130_fd_sc_hd__clkbuf_2)
                                                         net560 (net)
                      0.053470    0.000348    0.751617 ^ _2602_/A2 (sky130_fd_sc_hd__o211a_2)
     1    0.004616    0.050252    0.167797    0.919415 ^ _2602_/X (sky130_fd_sc_hd__o211a_2)
                                                         _0079_ (net)
                      0.050252    0.000187    0.919602 ^ hold482/A (sky130_fd_sc_hd__clkbuf_2)
     1    0.003967    0.033520    0.097145    1.016746 ^ hold482/X (sky130_fd_sc_hd__clkbuf_2)
                                                         net481 (net)
                      0.033521    0.000144    1.016891 ^ _2652_/D (sky130_fd_sc_hd__dfxtp_2)
                                              1.016891   data arrival time

                                  0.000000    0.000000   clock clk (rise edge)
                                  0.000000    0.000000   clock source latency
     1    0.021153    0.100886    0.069830    0.069830 ^ clk (in)
                                                         clk (net)
                      0.100909    0.000000    0.069830 ^ clkbuf_0_clk/A (sky130_fd_sc_hd__clkbuf_16)
    16    0.095653    0.112396    0.199673    0.269503 ^ clkbuf_0_clk/X (sky130_fd_sc_hd__clkbuf_16)
                                                         clknet_0_clk (net)
                      0.113501    0.008919    0.278422 ^ clkbuf_4_6_0_clk/A (sky130_fd_sc_hd__clkbuf_8)
     6    0.017518    0.047535    0.153469    0.431891 ^ clkbuf_4_6_0_clk/X (sky130_fd_sc_hd__clkbuf_8)
                                                         clknet_4_6_0_clk (net)
                      0.047540    0.000548    0.432439 ^ _2652_/CLK (sky130_fd_sc_hd__dfxtp_2)
                                  0.200000    0.632439   clock uncertainty
                                  0.000000    0.632439   clock reconvergence pessimism
                                 -0.028478    0.603960   library hold time
                                              0.603960   data required time
---------------------------------------------------------------------------------------------
                                              0.603960   data required time
                                             -1.016891   data arrival time
---------------------------------------------------------------------------------------------
                                              0.412930   slack (MET)


Startpoint: _2653_ (rising edge-triggered flip-flop clocked by clk)
Endpoint: _2653_ (rising edge-triggered flip-flop clocked by clk)
Path Group: clk
Path Type: min

Fanout         Cap        Slew       Delay        Time   Description
---------------------------------------------------------------------------------------------
                                  0.000000    0.000000   clock clk (rise edge)
                                  0.000000    0.000000   clock source latency
     1    0.021153    0.100886    0.069830    0.069830 ^ clk (in)
                                                         clk (net)
                      0.100909    0.000000    0.069830 ^ clkbuf_0_clk/A (sky130_fd_sc_hd__clkbuf_16)
    16    0.095653    0.112396    0.199673    0.269503 ^ clkbuf_0_clk/X (sky130_fd_sc_hd__clkbuf_16)
                                                         clknet_0_clk (net)
                      0.113501    0.008919    0.278422 ^ clkbuf_4_6_0_clk/A (sky130_fd_sc_hd__clkbuf_8)
     6    0.017518    0.047535    0.153469    0.431891 ^ clkbuf_4_6_0_clk/X (sky130_fd_sc_hd__clkbuf_8)
                                                         clknet_4_6_0_clk (net)
                      0.047539    0.000487    0.432378 ^ _2653_/CLK (sky130_fd_sc_hd__dfxtp_2)
     2    0.009225    0.057997    0.329803    0.762181 ^ _2653_/Q (sky130_fd_sc_hd__dfxtp_2)
                                                         net384 (net)
                      0.057997    0.000208    0.762388 ^ _2609_/A1 (sky130_fd_sc_hd__o211a_2)
     1    0.002987    0.042070    0.170380    0.932768 ^ _2609_/X (sky130_fd_sc_hd__o211a_2)
                                                         _0080_ (net)
                      0.042070    0.000069    0.932837 ^ hold529/A (sky130_fd_sc_hd__clkbuf_2)
     1    0.002752    0.027768    0.088667    1.021505 ^ hold529/X (sky130_fd_sc_hd__clkbuf_2)
                                                         net528 (net)
                      0.027768    0.000085    1.021590 ^ _2653_/D (sky130_fd_sc_hd__dfxtp_2)
                                              1.021590   data arrival time

                                  0.000000    0.000000   clock clk (rise edge)
                                  0.000000    0.000000   clock source latency
     1    0.021153    0.100886    0.069830    0.069830 ^ clk (in)
                                                         clk (net)
                      0.100909    0.000000    0.069830 ^ clkbuf_0_clk/A (sky130_fd_sc_hd__clkbuf_16)
    16    0.095653    0.112396    0.199673    0.269503 ^ clkbuf_0_clk/X (sky130_fd_sc_hd__clkbuf_16)
                                                         clknet_0_clk (net)
                      0.113501    0.008919    0.278422 ^ clkbuf_4_6_0_clk/A (sky130_fd_sc_hd__clkbuf_8)
     6    0.017518    0.047535    0.153469    0.431891 ^ clkbuf_4_6_0_clk/X (sky130_fd_sc_hd__clkbuf_8)
                                                         clknet_4_6_0_clk (net)
                      0.047539    0.000487    0.432378 ^ _2653_/CLK (sky130_fd_sc_hd__dfxtp_2)
                                  0.200000    0.632378   clock uncertainty
                                  0.000000    0.632378   clock reconvergence pessimism
                                 -0.027287    0.605090   library hold time
                                              0.605090   data required time
---------------------------------------------------------------------------------------------
                                              0.605090   data required time
                                             -1.021590   data arrival time
---------------------------------------------------------------------------------------------
                                              0.416499   slack (MET)


Startpoint: a_in[5] (input port clocked by clk)
Endpoint: _2627_ (rising edge-triggered flip-flop clocked by clk)
Path Group: clk
Path Type: min

Fanout         Cap        Slew       Delay        Time   Description
---------------------------------------------------------------------------------------------
                                  0.000000    0.000000   clock clk (rise edge)
                                  0.000000    0.000000   clock network delay (propagated)
                                  0.020000    0.020000 ^ input external delay
     1    0.011246    0.057028    0.038417    0.058417 ^ a_in[5] (in)
                                                         a_in[5] (net)
                      0.057043    0.000000    0.058417 ^ hold624/A (sky130_fd_sc_hd__clkbuf_2)
     1    0.003225    0.029974    0.096207    0.154624 ^ hold624/X (sky130_fd_sc_hd__clkbuf_2)
                                                         net623 (net)
                      0.029974    0.000079    0.154703 ^ hold429/A (sky130_fd_sc_hd__clkbuf_2)
     1    0.008827    0.057589    0.108695    0.263398 ^ hold429/X (sky130_fd_sc_hd__clkbuf_2)
                                                         net428 (net)
                      0.057594    0.000578    0.263976 ^ hold625/A (sky130_fd_sc_hd__clkbuf_2)
     1    0.008592    0.056411    0.117663    0.381639 ^ hold625/X (sky130_fd_sc_hd__clkbuf_2)
                                                         net624 (net)
                      0.056413    0.000409    0.382048 ^ input320/A (sky130_fd_sc_hd__buf_2)
     1    0.003405    0.029268    0.097393    0.479441 ^ input320/X (sky130_fd_sc_hd__buf_2)
                                                         net320 (net)
                      0.029268    0.000115    0.479555 ^ hold626/A (sky130_fd_sc_hd__clkbuf_2)
     1    0.006896    0.047892    0.101079    0.580635 ^ hold626/X (sky130_fd_sc_hd__clkbuf_2)
                                                         net625 (net)
                      0.047893    0.000306    0.580941 ^ hold430/A (sky130_fd_sc_hd__clkbuf_2)
     2    0.008075    0.053790    0.112161    0.693102 ^ hold430/X (sky130_fd_sc_hd__clkbuf_2)
                                                         net429 (net)
                      0.053793    0.000474    0.693576 ^ hold627/A (sky130_fd_sc_hd__clkbuf_2)
     1    0.004246    0.034869    0.099609    0.793185 ^ hold627/X (sky130_fd_sc_hd__clkbuf_2)
                                                         net626 (net)
                      0.034869    0.000126    0.793310 ^ _2546_/A2 (sky130_fd_sc_hd__o211a_2)
     1    0.002871    0.041077    0.152466    0.945776 ^ _2546_/X (sky130_fd_sc_hd__o211a_2)
                                                         _0054_ (net)
                      0.041077    0.000063    0.945839 ^ hold431/A (sky130_fd_sc_hd__clkbuf_2)
     1    0.001879    0.023822    0.084302    1.030142 ^ hold431/X (sky130_fd_sc_hd__clkbuf_2)
                                                         net430 (net)
                      0.023822    0.000036    1.030178 ^ _2627_/D (sky130_fd_sc_hd__dfxtp_2)
                                              1.030178   data arrival time

                                  0.000000    0.000000   clock clk (rise edge)
                                  0.000000    0.000000   clock source latency
     1    0.021153    0.100886    0.069830    0.069830 ^ clk (in)
                                                         clk (net)
                      0.100909    0.000000    0.069830 ^ clkbuf_0_clk/A (sky130_fd_sc_hd__clkbuf_16)
    16    0.095653    0.112396    0.199673    0.269503 ^ clkbuf_0_clk/X (sky130_fd_sc_hd__clkbuf_16)
                                                         clknet_0_clk (net)
                      0.113218    0.007729    0.277232 ^ clkbuf_4_3_0_clk/A (sky130_fd_sc_hd__clkbuf_8)
     6    0.015701    0.044754    0.150748    0.427980 ^ clkbuf_4_3_0_clk/X (sky130_fd_sc_hd__clkbuf_8)
                                                         clknet_4_3_0_clk (net)
                      0.044757    0.000354    0.428335 ^ _2627_/CLK (sky130_fd_sc_hd__dfxtp_2)
                                  0.200000    0.628335   clock uncertainty
                                  0.000000    0.628335   clock reconvergence pessimism
                                 -0.026835    0.601500   library hold time
                                              0.601500   data required time
---------------------------------------------------------------------------------------------
                                              0.601500   data required time
                                             -1.030178   data arrival time
---------------------------------------------------------------------------------------------
                                              0.428679   slack (MET)


Startpoint: clear_acc (input port clocked by clk)
Endpoint: _2676_ (rising edge-triggered flip-flop clocked by clk)
Path Group: clk
Path Type: min

Fanout         Cap        Slew       Delay        Time   Description
---------------------------------------------------------------------------------------------
                                  0.000000    0.000000   clock clk (rise edge)
                                  0.000000    0.000000   clock network delay (propagated)
                                  0.020000    0.020000 ^ input external delay
     1    0.004005    0.024958    0.014541    0.034541 ^ clear_acc (in)
                                                         clear_acc (net)
                      0.024966    0.000000    0.034541 ^ hold604/A (sky130_fd_sc_hd__clkbuf_2)
     1    0.003078    0.029290    0.084074    0.118616 ^ hold604/X (sky130_fd_sc_hd__clkbuf_2)
                                                         net603 (net)
                      0.029290    0.000072    0.118687 ^ hold599/A (sky130_fd_sc_hd__clkbuf_2)
     1    0.003019    0.029006    0.085342    0.204029 ^ hold599/X (sky130_fd_sc_hd__clkbuf_2)
                                                         net598 (net)
                      0.029006    0.000069    0.204098 ^ hold605/A (sky130_fd_sc_hd__clkbuf_2)
     1    0.002663    0.027384    0.083595    0.287693 ^ hold605/X (sky130_fd_sc_hd__clkbuf_2)
                                                         net604 (net)
                      0.027384    0.000062    0.287755 ^ input341/A (sky130_fd_sc_hd__buf_2)
     1    0.003888    0.031386    0.088616    0.376370 ^ input341/X (sky130_fd_sc_hd__buf_2)
                                                         net341 (net)
                      0.031389    0.000109    0.376479 ^ hold600/A (sky130_fd_sc_hd__clkbuf_2)
     3    0.013653    0.081701    0.127442    0.503921 ^ hold600/X (sky130_fd_sc_hd__clkbuf_2)
                                                         net599 (net)
                      0.081701    0.000335    0.504257 ^ _1792_/B (sky130_fd_sc_hd__or2_2)
     7    0.030253    0.160373    0.206554    0.710810 ^ _1792_/X (sky130_fd_sc_hd__or2_2)
                                                         _1016_ (net)
                      0.160375    0.000858    0.711668 ^ _2037_/B1 (sky130_fd_sc_hd__a31o_2)
     1    0.003393    0.036590    0.126998    0.838666 ^ _2037_/X (sky130_fd_sc_hd__a31o_2)
                                                         _1256_ (net)
                      0.036590    0.000116    0.838782 ^ _2038_/B2 (sky130_fd_sc_hd__o2bb2a_2)
     1    0.006102    0.052013    0.156076    0.994859 ^ _2038_/X (sky130_fd_sc_hd__o2bb2a_2)
                                                         _1257_ (net)
                      0.052014    0.000229    0.995088 ^ _2039_/B (sky130_fd_sc_hd__nor2_2)
     1    0.004222    0.019984    0.034374    1.029461 v _2039_/Y (sky130_fd_sc_hd__nor2_2)
                                                         _0021_ (net)
                      0.019984    0.000156    1.029617 v _2676_/D (sky130_fd_sc_hd__dfxtp_2)
                                              1.029617   data arrival time

                                  0.000000    0.000000   clock clk (rise edge)
                                  0.000000    0.000000   clock source latency
     1    0.021153    0.100886    0.069830    0.069830 ^ clk (in)
                                                         clk (net)
                      0.100909    0.000000    0.069830 ^ clkbuf_0_clk/A (sky130_fd_sc_hd__clkbuf_16)
    16    0.095653    0.112396    0.199673    0.269503 ^ clkbuf_0_clk/X (sky130_fd_sc_hd__clkbuf_16)
                                                         clknet_0_clk (net)
                      0.112912    0.006184    0.275687 ^ clkbuf_4_12_0_clk/A (sky130_fd_sc_hd__clkbuf_8)
     6    0.019600    0.050825    0.156411    0.432097 ^ clkbuf_4_12_0_clk/X (sky130_fd_sc_hd__clkbuf_8)
                                                         clknet_4_12_0_clk (net)
                      0.050829    0.000495    0.432592 ^ _2676_/CLK (sky130_fd_sc_hd__dfxtp_2)
                                  0.200000    0.632592   clock uncertainty
                                  0.000000    0.632592   clock reconvergence pessimism
                                 -0.034495    0.598097   library hold time
                                              0.598097   data required time
---------------------------------------------------------------------------------------------
                                              0.598097   data required time
                                             -1.029617   data arrival time
---------------------------------------------------------------------------------------------
                                              0.431520   slack (MET)


Startpoint: load_weight (input port clocked by clk)
Endpoint: _2659_ (rising edge-triggered flip-flop clocked by clk)
Path Group: clk
Path Type: min

Fanout         Cap        Slew       Delay        Time   Description
---------------------------------------------------------------------------------------------
                                  0.000000    0.000000   clock clk (rise edge)
                                  0.000000    0.000000   clock network delay (propagated)
                                  0.020000    0.020000 ^ input external delay
     2    0.009307    0.048323    0.031824    0.051824 ^ load_weight (in)
                                                         load_weight (net)
                      0.048324    0.000000    0.051824 ^ hold675/A (sky130_fd_sc_hd__clkbuf_2)
     1    0.003075    0.029229    0.092386    0.144210 ^ hold675/X (sky130_fd_sc_hd__clkbuf_2)
                                                         net674 (net)
                      0.029229    0.000071    0.144281 ^ hold549/A (sky130_fd_sc_hd__clkbuf_2)
     1    0.003564    0.031618    0.087837    0.232118 ^ hold549/X (sky130_fd_sc_hd__clkbuf_2)
                                                         net548 (net)
                      0.031618    0.000094    0.232211 ^ hold676/A (sky130_fd_sc_hd__clkbuf_2)
     1    0.002906    0.028481    0.085644    0.317856 ^ hold676/X (sky130_fd_sc_hd__clkbuf_2)
                                                         net675 (net)
                      0.028481    0.000092    0.317947 ^ input344/A (sky130_fd_sc_hd__buf_2)
     2    0.009510    0.056013    0.109118    0.427066 ^ input344/X (sky130_fd_sc_hd__buf_2)
                                                         net344 (net)
                      0.056016    0.000496    0.427562 ^ hold550/A (sky130_fd_sc_hd__clkbuf_2)
     2    0.010639    0.066805    0.124891    0.552453 ^ hold550/X (sky130_fd_sc_hd__clkbuf_2)
                                                         net549 (net)
                      0.066808    0.000553    0.553007 ^ _1336_/B (sky130_fd_sc_hd__and2_2)
     8    0.026127    0.143142    0.222590    0.775597 ^ _1336_/X (sky130_fd_sc_hd__and2_2)
                                                         _0572_ (net)
                      0.143145    0.000889    0.776486 ^ _1344_/A2 (sky130_fd_sc_hd__o211a_2)
     1    0.002528    0.039575    0.176255    0.952741 ^ _1344_/X (sky130_fd_sc_hd__o211a_2)
                                                         _0004_ (net)
                      0.039575    0.000051    0.952791 ^ hold574/A (sky130_fd_sc_hd__clkbuf_2)
     1    0.002121    0.024918    0.084880    1.037671 ^ hold574/X (sky130_fd_sc_hd__clkbuf_2)
                                                         net573 (net)
                      0.024918    0.000045    1.037716 ^ _2659_/D (sky130_fd_sc_hd__dfxtp_2)
                                              1.037716   data arrival time

                                  0.000000    0.000000   clock clk (rise edge)
                                  0.000000    0.000000   clock source latency
     1    0.021153    0.100886    0.069830    0.069830 ^ clk (in)
                                                         clk (net)
                      0.100909    0.000000    0.069830 ^ clkbuf_0_clk/A (sky130_fd_sc_hd__clkbuf_16)
    16    0.095653    0.112396    0.199673    0.269503 ^ clkbuf_0_clk/X (sky130_fd_sc_hd__clkbuf_16)
                                                         clknet_0_clk (net)
                      0.113218    0.007729    0.277232 ^ clkbuf_4_3_0_clk/A (sky130_fd_sc_hd__clkbuf_8)
     6    0.015701    0.044754    0.150748    0.427980 ^ clkbuf_4_3_0_clk/X (sky130_fd_sc_hd__clkbuf_8)
                                                         clknet_4_3_0_clk (net)
                      0.044757    0.000371    0.428352 ^ _2659_/CLK (sky130_fd_sc_hd__dfxtp_2)
                                  0.200000    0.628352   clock uncertainty
                                  0.000000    0.628352   clock reconvergence pessimism
                                 -0.027062    0.601289   library hold time
                                              0.601289   data required time
---------------------------------------------------------------------------------------------
                                              0.601289   data required time
                                             -1.037716   data arrival time
---------------------------------------------------------------------------------------------
                                              0.436427   slack (MET)


Startpoint: b_in[3] (input port clocked by clk)
Endpoint: _2658_ (rising edge-triggered flip-flop clocked by clk)
Path Group: clk
Path Type: min

Fanout         Cap        Slew       Delay        Time   Description
---------------------------------------------------------------------------------------------
                                  0.000000    0.000000   clock clk (rise edge)
                                  0.000000    0.000000   clock network delay (propagated)
                                  0.020000    0.020000 ^ input external delay
     2    0.008182    0.043325    0.028176    0.048176 ^ b_in[3] (in)
                                                         b_in[3] (net)
                      0.043325    0.000000    0.048176 ^ hold511/A (sky130_fd_sc_hd__clkbuf_2)
     1    0.008323    0.055027    0.111570    0.159747 ^ hold511/X (sky130_fd_sc_hd__clkbuf_2)
                                                         net510 (net)
                      0.055028    0.000320    0.160067 ^ hold508/A (sky130_fd_sc_hd__clkbuf_2)
     1    0.007573    0.051267    0.112832    0.272899 ^ hold508/X (sky130_fd_sc_hd__clkbuf_2)
                                                         net507 (net)
                      0.051268    0.000365    0.273264 ^ hold512/A (sky130_fd_sc_hd__clkbuf_2)
     1    0.004897    0.037988    0.101202    0.374466 ^ hold512/X (sky130_fd_sc_hd__clkbuf_2)
                                                         net511 (net)
                      0.037989    0.000200    0.374666 ^ input334/A (sky130_fd_sc_hd__buf_2)
     1    0.003393    0.029229    0.090467    0.465133 ^ input334/X (sky130_fd_sc_hd__buf_2)
                                                         net334 (net)
                      0.029229    0.000112    0.465244 ^ hold513/A (sky130_fd_sc_hd__clkbuf_2)
     1    0.005782    0.042347    0.096778    0.562022 ^ hold513/X (sky130_fd_sc_hd__clkbuf_2)
                                                         net512 (net)
                      0.042348    0.000276    0.562298 ^ hold509/A (sky130_fd_sc_hd__clkbuf_2)
     2    0.008383    0.055341    0.111413    0.673712 ^ hold509/X (sky130_fd_sc_hd__clkbuf_2)
                                                         net508 (net)
                      0.055342    0.000344    0.674056 ^ hold514/A (sky130_fd_sc_hd__clkbuf_2)
     2    0.008816    0.057516    0.117783    0.791838 ^ hold514/X (sky130_fd_sc_hd__clkbuf_2)
                                                         net513 (net)
                      0.057516    0.000189    0.792027 ^ _2619_/A1 (sky130_fd_sc_hd__o211a_2)
     1    0.002675    0.040527    0.168363    0.960390 ^ _2619_/X (sky130_fd_sc_hd__o211a_2)
                                                         _0085_ (net)
                      0.040527    0.000055    0.960445 ^ hold515/A (sky130_fd_sc_hd__clkbuf_2)
     1    0.002753    0.027771    0.088115    1.048560 ^ hold515/X (sky130_fd_sc_hd__clkbuf_2)
                                                         net514 (net)
                      0.027771    0.000090    1.048650 ^ _2658_/D (sky130_fd_sc_hd__dfxtp_2)
                                              1.048650   data arrival time

                                  0.000000    0.000000   clock clk (rise edge)
                                  0.000000    0.000000   clock source latency
     1    0.021153    0.100886    0.069830    0.069830 ^ clk (in)
                                                         clk (net)
                      0.100909    0.000000    0.069830 ^ clkbuf_0_clk/A (sky130_fd_sc_hd__clkbuf_16)
    16    0.095653    0.112396    0.199673    0.269503 ^ clkbuf_0_clk/X (sky130_fd_sc_hd__clkbuf_16)
                                                         clknet_0_clk (net)
                      0.112569    0.003664    0.273167 ^ clkbuf_4_10_0_clk/A (sky130_fd_sc_hd__clkbuf_8)
     6    0.024238    0.057429    0.162092    0.435259 ^ clkbuf_4_10_0_clk/X (sky130_fd_sc_hd__clkbuf_8)
                                                         clknet_4_10_0_clk (net)
                      0.057483    0.001532    0.436792 ^ _2658_/CLK (sky130_fd_sc_hd__dfxtp_2)
                                  0.200000    0.636792   clock uncertainty
                                  0.000000    0.636792   clock reconvergence pessimism
                                 -0.025983    0.610808   library hold time
                                              0.610808   data required time
---------------------------------------------------------------------------------------------
                                              0.610808   data required time
                                             -1.048650   data arrival time
---------------------------------------------------------------------------------------------
                                              0.437841   slack (MET)


Startpoint: _2681_ (rising edge-triggered flip-flop clocked by clk)
Endpoint: _2681_ (rising edge-triggered flip-flop clocked by clk)
Path Group: clk
Path Type: min

Fanout         Cap        Slew       Delay        Time   Description
---------------------------------------------------------------------------------------------
                                  0.000000    0.000000   clock clk (rise edge)
                                  0.000000    0.000000   clock source latency
     1    0.021153    0.100886    0.069830    0.069830 ^ clk (in)
                                                         clk (net)
                      0.100909    0.000000    0.069830 ^ clkbuf_0_clk/A (sky130_fd_sc_hd__clkbuf_16)
    16    0.095653    0.112396    0.199673    0.269503 ^ clkbuf_0_clk/X (sky130_fd_sc_hd__clkbuf_16)
                                                         clknet_0_clk (net)
                      0.112759    0.005228    0.274731 ^ clkbuf_4_9_0_clk/A (sky130_fd_sc_hd__clkbuf_8)
     6    0.019318    0.050343    0.155820    0.430551 ^ clkbuf_4_9_0_clk/X (sky130_fd_sc_hd__clkbuf_8)
                                                         clknet_4_9_0_clk (net)
                      0.050347    0.000507    0.431058 ^ _2681_/CLK (sky130_fd_sc_hd__dfxtp_2)
     3    0.013118    0.044445    0.331024    0.762081 v _2681_/Q (sky130_fd_sc_hd__dfxtp_2)
                                                         r3_prod_mant[10] (net)
                      0.044445    0.000371    0.762452 v _2229_/A2_N (sky130_fd_sc_hd__o2bb2a_2)
     1    0.006405    0.053365    0.242622    1.005074 ^ _2229_/X (sky130_fd_sc_hd__o2bb2a_2)
                                                         _0226_ (net)
                      0.053366    0.000257    1.005332 ^ _2230_/B (sky130_fd_sc_hd__nor2_2)
     1    0.002977    0.018313    0.031949    1.037281 v _2230_/Y (sky130_fd_sc_hd__nor2_2)
                                                         _0026_ (net)
                      0.018313    0.000076    1.037357 v _2681_/D (sky130_fd_sc_hd__dfxtp_2)
                                              1.037357   data arrival time

                                  0.000000    0.000000   clock clk (rise edge)
                                  0.000000    0.000000   clock source latency
     1    0.021153    0.100886    0.069830    0.069830 ^ clk (in)
                                                         clk (net)
                      0.100909    0.000000    0.069830 ^ clkbuf_0_clk/A (sky130_fd_sc_hd__clkbuf_16)
    16    0.095653    0.112396    0.199673    0.269503 ^ clkbuf_0_clk/X (sky130_fd_sc_hd__clkbuf_16)
                                                         clknet_0_clk (net)
                      0.112759    0.005228    0.274731 ^ clkbuf_4_9_0_clk/A (sky130_fd_sc_hd__clkbuf_8)
     6    0.019318    0.050343    0.155820    0.430551 ^ clkbuf_4_9_0_clk/X (sky130_fd_sc_hd__clkbuf_8)
                                                         clknet_4_9_0_clk (net)
                      0.050347    0.000507    0.431058 ^ _2681_/CLK (sky130_fd_sc_hd__dfxtp_2)
                                  0.200000    0.631058   clock uncertainty
                                  0.000000    0.631058   clock reconvergence pessimism
                                 -0.033917    0.597141   library hold time
                                              0.597141   data required time
---------------------------------------------------------------------------------------------
                                              0.597141   data required time
                                             -1.037357   data arrival time
---------------------------------------------------------------------------------------------
                                              0.440217   slack (MET)


Startpoint: load_weight (input port clocked by clk)
Endpoint: _2661_ (rising edge-triggered flip-flop clocked by clk)
Path Group: clk
Path Type: min

Fanout         Cap        Slew       Delay        Time   Description
---------------------------------------------------------------------------------------------
                                  0.000000    0.000000   clock clk (rise edge)
                                  0.000000    0.000000   clock network delay (propagated)
                                  0.020000    0.020000 ^ input external delay
     2    0.009307    0.048323    0.031824    0.051824 ^ load_weight (in)
                                                         load_weight (net)
                      0.048324    0.000000    0.051824 ^ hold675/A (sky130_fd_sc_hd__clkbuf_2)
     1    0.003075    0.029229    0.092386    0.144210 ^ hold675/X (sky130_fd_sc_hd__clkbuf_2)
                                                         net674 (net)
                      0.029229    0.000071    0.144281 ^ hold549/A (sky130_fd_sc_hd__clkbuf_2)
     1    0.003564    0.031618    0.087837    0.232118 ^ hold549/X (sky130_fd_sc_hd__clkbuf_2)
                                                         net548 (net)
                      0.031618    0.000094    0.232211 ^ hold676/A (sky130_fd_sc_hd__clkbuf_2)
     1    0.002906    0.028481    0.085644    0.317856 ^ hold676/X (sky130_fd_sc_hd__clkbuf_2)
                                                         net675 (net)
                      0.028481    0.000092    0.317947 ^ input344/A (sky130_fd_sc_hd__buf_2)
     2    0.009510    0.056013    0.109118    0.427066 ^ input344/X (sky130_fd_sc_hd__buf_2)
                                                         net344 (net)
                      0.056016    0.000496    0.427562 ^ hold550/A (sky130_fd_sc_hd__clkbuf_2)
     2    0.010639    0.066805    0.124891    0.552453 ^ hold550/X (sky130_fd_sc_hd__clkbuf_2)
                                                         net549 (net)
                      0.066808    0.000553    0.553007 ^ _1336_/B (sky130_fd_sc_hd__and2_2)
     8    0.026127    0.143142    0.222590    0.775597 ^ _1336_/X (sky130_fd_sc_hd__and2_2)
                                                         _0572_ (net)
                      0.143144    0.000831    0.776428 ^ _1351_/A2 (sky130_fd_sc_hd__o211a_2)
     1    0.003468    0.044496    0.182067    0.958495 ^ _1351_/X (sky130_fd_sc_hd__o211a_2)
                                                         _0006_ (net)
                      0.044496    0.000117    0.958612 ^ hold579/A (sky130_fd_sc_hd__clkbuf_2)
     1    0.002767    0.027829    0.089599    1.048211 ^ hold579/X (sky130_fd_sc_hd__clkbuf_2)
                                                         net578 (net)
                      0.027829    0.000086    1.048297 ^ _2661_/D (sky130_fd_sc_hd__dfxtp_2)
                                              1.048297   data arrival time

                                  0.000000    0.000000   clock clk (rise edge)
                                  0.000000    0.000000   clock source latency
     1    0.021153    0.100886    0.069830    0.069830 ^ clk (in)
                                                         clk (net)
                      0.100909    0.000000    0.069830 ^ clkbuf_0_clk/A (sky130_fd_sc_hd__clkbuf_16)
    16    0.095653    0.112396    0.199673    0.269503 ^ clkbuf_0_clk/X (sky130_fd_sc_hd__clkbuf_16)
                                                         clknet_0_clk (net)
                      0.113403    0.008527    0.278030 ^ clkbuf_4_1_0_clk/A (sky130_fd_sc_hd__clkbuf_8)
     6    0.015926    0.045092    0.151172    0.429202 ^ clkbuf_4_1_0_clk/X (sky130_fd_sc_hd__clkbuf_8)
                                                         clknet_4_1_0_clk (net)
                      0.045092    0.000229    0.429431 ^ _2661_/CLK (sky130_fd_sc_hd__dfxtp_2)
                                  0.200000    0.629431   clock uncertainty
                                  0.000000    0.629431   clock reconvergence pessimism
                                 -0.027621    0.601810   library hold time
                                              0.601810   data required time
---------------------------------------------------------------------------------------------
                                              0.601810   data required time
                                             -1.048297   data arrival time
---------------------------------------------------------------------------------------------
                                              0.446487   slack (MET)


Startpoint: a_in[15] (input port clocked by clk)
Endpoint: _2637_ (rising edge-triggered flip-flop clocked by clk)
Path Group: clk
Path Type: min

Fanout         Cap        Slew       Delay        Time   Description
---------------------------------------------------------------------------------------------
                                  0.000000    0.000000   clock clk (rise edge)
                                  0.000000    0.000000   clock network delay (propagated)
                                  0.020000    0.020000 ^ input external delay
     1    0.005753    0.032596    0.020380    0.040380 ^ a_in[15] (in)
                                                         a_in[15] (net)
                      0.032599    0.000000    0.040380 ^ hold672/A (sky130_fd_sc_hd__clkbuf_2)
     1    0.003226    0.029978    0.087476    0.127857 ^ hold672/X (sky130_fd_sc_hd__clkbuf_2)
                                                         net671 (net)
                      0.029978    0.000078    0.127935 ^ hold521/A (sky130_fd_sc_hd__clkbuf_2)
     1    0.005705    0.041974    0.096773    0.224708 ^ hold521/X (sky130_fd_sc_hd__clkbuf_2)
                                                         net520 (net)
                      0.041974    0.000219    0.224927 ^ hold673/A (sky130_fd_sc_hd__clkbuf_2)
     1    0.003029    0.029026    0.089907    0.314834 ^ hold673/X (sky130_fd_sc_hd__clkbuf_2)
                                                         net672 (net)
                      0.029026    0.000077    0.314911 ^ input315/A (sky130_fd_sc_hd__buf_2)
     1    0.004530    0.034143    0.091792    0.406703 ^ input315/X (sky130_fd_sc_hd__buf_2)
                                                         net315 (net)
                      0.034144    0.000144    0.406847 ^ hold674/A (sky130_fd_sc_hd__clkbuf_2)
     1    0.004472    0.035994    0.093501    0.500348 ^ hold674/X (sky130_fd_sc_hd__clkbuf_2)
                                                         net673 (net)
                      0.035994    0.000172    0.500520 ^ hold522/A (sky130_fd_sc_hd__clkbuf_2)
     1    0.003646    0.031993    0.090604    0.591124 ^ hold522/X (sky130_fd_sc_hd__clkbuf_2)
                                                         net521 (net)
                      0.031993    0.000125    0.591249 ^ _2570_/B1 (sky130_fd_sc_hd__o31a_2)
     1    0.003858    0.037709    0.123457    0.714706 ^ _2570_/X (sky130_fd_sc_hd__o31a_2)
                                                         _0529_ (net)
                      0.037709    0.000136    0.714842 ^ hold523/A (sky130_fd_sc_hd__clkbuf_2)
     1    0.003281    0.030231    0.089549    0.804391 ^ hold523/X (sky130_fd_sc_hd__clkbuf_2)
                                                         net522 (net)
                      0.030231    0.000078    0.804469 ^ _2572_/A2 (sky130_fd_sc_hd__o211a_2)
     1    0.004393    0.049285    0.160044    0.964513 ^ _2572_/X (sky130_fd_sc_hd__o211a_2)
                                                         _0064_ (net)
                      0.049285    0.000164    0.964677 ^ hold524/A (sky130_fd_sc_hd__clkbuf_2)
     1    0.002711    0.027574    0.091059    1.055736 ^ hold524/X (sky130_fd_sc_hd__clkbuf_2)
                                                         net523 (net)
                      0.027574    0.000082    1.055818 ^ _2637_/D (sky130_fd_sc_hd__dfxtp_2)
                                              1.055818   data arrival time

                                  0.000000    0.000000   clock clk (rise edge)
                                  0.000000    0.000000   clock source latency
     1    0.021153    0.100886    0.069830    0.069830 ^ clk (in)
                                                         clk (net)
                      0.100909    0.000000    0.069830 ^ clkbuf_0_clk/A (sky130_fd_sc_hd__clkbuf_16)
    16    0.095653    0.112396    0.199673    0.269503 ^ clkbuf_0_clk/X (sky130_fd_sc_hd__clkbuf_16)
                                                         clknet_0_clk (net)
                      0.113567    0.009174    0.278678 ^ clkbuf_4_5_0_clk/A (sky130_fd_sc_hd__clkbuf_8)
     6    0.019032    0.049885    0.155764    0.434442 ^ clkbuf_4_5_0_clk/X (sky130_fd_sc_hd__clkbuf_8)
                                                         clknet_4_5_0_clk (net)
                      0.049889    0.000507    0.434949 ^ _2637_/CLK (sky130_fd_sc_hd__dfxtp_2)
                                  0.200000    0.634949   clock uncertainty
                                  0.000000    0.634949   clock reconvergence pessimism
                                 -0.026939    0.608010   library hold time
                                              0.608010   data required time
---------------------------------------------------------------------------------------------
                                              0.608010   data required time
                                             -1.055818   data arrival time
---------------------------------------------------------------------------------------------
                                              0.447808   slack (MET)


Startpoint: load_weight (input port clocked by clk)
Endpoint: _2663_ (rising edge-triggered flip-flop clocked by clk)
Path Group: clk
Path Type: min

Fanout         Cap        Slew       Delay        Time   Description
---------------------------------------------------------------------------------------------
                                  0.000000    0.000000   clock clk (rise edge)
                                  0.000000    0.000000   clock network delay (propagated)
                                  0.020000    0.020000 ^ input external delay
     2    0.009307    0.048323    0.031824    0.051824 ^ load_weight (in)
                                                         load_weight (net)
                      0.048324    0.000000    0.051824 ^ hold675/A (sky130_fd_sc_hd__clkbuf_2)
     1    0.003075    0.029229    0.092386    0.144210 ^ hold675/X (sky130_fd_sc_hd__clkbuf_2)
                                                         net674 (net)
                      0.029229    0.000071    0.144281 ^ hold549/A (sky130_fd_sc_hd__clkbuf_2)
     1    0.003564    0.031618    0.087837    0.232118 ^ hold549/X (sky130_fd_sc_hd__clkbuf_2)
                                                         net548 (net)
                      0.031618    0.000094    0.232211 ^ hold676/A (sky130_fd_sc_hd__clkbuf_2)
     1    0.002906    0.028481    0.085644    0.317856 ^ hold676/X (sky130_fd_sc_hd__clkbuf_2)
                                                         net675 (net)
                      0.028481    0.000092    0.317947 ^ input344/A (sky130_fd_sc_hd__buf_2)
     2    0.009510    0.056013    0.109118    0.427066 ^ input344/X (sky130_fd_sc_hd__buf_2)
                                                         net344 (net)
                      0.056016    0.000496    0.427562 ^ hold550/A (sky130_fd_sc_hd__clkbuf_2)
     2    0.010639    0.066805    0.124891    0.552453 ^ hold550/X (sky130_fd_sc_hd__clkbuf_2)
                                                         net549 (net)
                      0.066808    0.000553    0.553007 ^ _1336_/B (sky130_fd_sc_hd__and2_2)
     8    0.026127    0.143142    0.222590    0.775597 ^ _1336_/X (sky130_fd_sc_hd__and2_2)
                                                         _0572_ (net)
                      0.143142    0.000372    0.775969 ^ _1356_/A2 (sky130_fd_sc_hd__o211a_2)
     1    0.003303    0.043573    0.181048    0.957017 ^ _1356_/X (sky130_fd_sc_hd__o211a_2)
                                                         _0008_ (net)
                      0.043573    0.000110    0.957127 ^ hold590/A (sky130_fd_sc_hd__clkbuf_2)
     1    0.003416    0.030865    0.092245    1.049372 ^ hold590/X (sky130_fd_sc_hd__clkbuf_2)
                                                         net589 (net)
                      0.030865    0.000120    1.049492 ^ _2663_/D (sky130_fd_sc_hd__dfxtp_2)
                                              1.049492   data arrival time

                                  0.000000    0.000000   clock clk (rise edge)
                                  0.000000    0.000000   clock source latency
     1    0.021153    0.100886    0.069830    0.069830 ^ clk (in)
                                                         clk (net)
                      0.100909    0.000000    0.069830 ^ clkbuf_0_clk/A (sky130_fd_sc_hd__clkbuf_16)
    16    0.095653    0.112396    0.199673    0.269503 ^ clkbuf_0_clk/X (sky130_fd_sc_hd__clkbuf_16)
                                                         clknet_0_clk (net)
                      0.113403    0.008527    0.278030 ^ clkbuf_4_1_0_clk/A (sky130_fd_sc_hd__clkbuf_8)
     6    0.015926    0.045092    0.151172    0.429202 ^ clkbuf_4_1_0_clk/X (sky130_fd_sc_hd__clkbuf_8)
                                                         clknet_4_1_0_clk (net)
                      0.045093    0.000257    0.429458 ^ _2663_/CLK (sky130_fd_sc_hd__dfxtp_2)
                                  0.200000    0.629458   clock uncertainty
                                  0.000000    0.629458   clock reconvergence pessimism
                                 -0.028250    0.601209   library hold time
                                              0.601209   data required time
---------------------------------------------------------------------------------------------
                                              0.601209   data required time
                                             -1.049492   data arrival time
---------------------------------------------------------------------------------------------
                                              0.448283   slack (MET)


Startpoint: _2684_ (rising edge-triggered flip-flop clocked by clk)
Endpoint: _2684_ (rising edge-triggered flip-flop clocked by clk)
Path Group: clk
Path Type: min

Fanout         Cap        Slew       Delay        Time   Description
---------------------------------------------------------------------------------------------
                                  0.000000    0.000000   clock clk (rise edge)
                                  0.000000    0.000000   clock source latency
     1    0.021153    0.100886    0.069830    0.069830 ^ clk (in)
                                                         clk (net)
                      0.100909    0.000000    0.069830 ^ clkbuf_0_clk/A (sky130_fd_sc_hd__clkbuf_16)
    16    0.095653    0.112396    0.199673    0.269503 ^ clkbuf_0_clk/X (sky130_fd_sc_hd__clkbuf_16)
                                                         clknet_0_clk (net)
                      0.112759    0.005228    0.274731 ^ clkbuf_4_9_0_clk/A (sky130_fd_sc_hd__clkbuf_8)
     6    0.019318    0.050343    0.155820    0.430551 ^ clkbuf_4_9_0_clk/X (sky130_fd_sc_hd__clkbuf_8)
                                                         clknet_4_9_0_clk (net)
                      0.050357    0.000824    0.431375 ^ _2684_/CLK (sky130_fd_sc_hd__dfxtp_2)
     3    0.015522    0.086894    0.353277    0.784652 ^ _2684_/Q (sky130_fd_sc_hd__dfxtp_2)
                                                         r3_prod_mant[13] (net)
                      0.086894    0.000443    0.785094 ^ _2288_/B (sky130_fd_sc_hd__and2_2)
     1    0.005995    0.050765    0.154561    0.939656 ^ _2288_/X (sky130_fd_sc_hd__and2_2)
                                                         _0282_ (net)
                      0.050765    0.000207    0.939862 ^ _2307_/A1 (sky130_fd_sc_hd__o21a_4)
     1    0.003022    0.028027    0.113066    1.052928 ^ _2307_/X (sky130_fd_sc_hd__o21a_4)
                                                         _0029_ (net)
                      0.028027    0.000077    1.053005 ^ _2684_/D (sky130_fd_sc_hd__dfxtp_2)
                                              1.053005   data arrival time

                                  0.000000    0.000000   clock clk (rise edge)
                                  0.000000    0.000000   clock source latency
     1    0.021153    0.100886    0.069830    0.069830 ^ clk (in)
                                                         clk (net)
                      0.100909    0.000000    0.069830 ^ clkbuf_0_clk/A (sky130_fd_sc_hd__clkbuf_16)
    16    0.095653    0.112396    0.199673    0.269503 ^ clkbuf_0_clk/X (sky130_fd_sc_hd__clkbuf_16)
                                                         clknet_0_clk (net)
                      0.112759    0.005228    0.274731 ^ clkbuf_4_9_0_clk/A (sky130_fd_sc_hd__clkbuf_8)
     6    0.019318    0.050343    0.155820    0.430551 ^ clkbuf_4_9_0_clk/X (sky130_fd_sc_hd__clkbuf_8)
                                                         clknet_4_9_0_clk (net)
                      0.050357    0.000824    0.431375 ^ _2684_/CLK (sky130_fd_sc_hd__dfxtp_2)
                                  0.200000    0.631375   clock uncertainty
                                  0.000000    0.631375   clock reconvergence pessimism
                                 -0.026971    0.604403   library hold time
                                              0.604403   data required time
---------------------------------------------------------------------------------------------
                                              0.604403   data required time
                                             -1.053005   data arrival time
---------------------------------------------------------------------------------------------
                                              0.448602   slack (MET)


Startpoint: _2679_ (rising edge-triggered flip-flop clocked by clk)
Endpoint: _2679_ (rising edge-triggered flip-flop clocked by clk)
Path Group: clk
Path Type: min

Fanout         Cap        Slew       Delay        Time   Description
---------------------------------------------------------------------------------------------
                                  0.000000    0.000000   clock clk (rise edge)
                                  0.000000    0.000000   clock source latency
     1    0.021153    0.100886    0.069830    0.069830 ^ clk (in)
                                                         clk (net)
                      0.100909    0.000000    0.069830 ^ clkbuf_0_clk/A (sky130_fd_sc_hd__clkbuf_16)
    16    0.095653    0.112396    0.199673    0.269503 ^ clkbuf_0_clk/X (sky130_fd_sc_hd__clkbuf_16)
                                                         clknet_0_clk (net)
                      0.112773    0.005319    0.274822 ^ clkbuf_4_8_0_clk/A (sky130_fd_sc_hd__clkbuf_8)
     6    0.021655    0.053603    0.159322    0.434144 ^ clkbuf_4_8_0_clk/X (sky130_fd_sc_hd__clkbuf_8)
                                                         clknet_4_8_0_clk (net)
                      0.053603    0.000254    0.434398 ^ _2679_/CLK (sky130_fd_sc_hd__dfxtp_2)
     4    0.016605    0.051560    0.338860    0.773257 v _2679_/Q (sky130_fd_sc_hd__dfxtp_2)
                                                         r3_prod_mant[8] (net)
                      0.051560    0.000285    0.773543 v _2157_/A2_N (sky130_fd_sc_hd__o2bb2a_2)
     1    0.006233    0.052587    0.245010    1.018553 ^ _2157_/X (sky130_fd_sc_hd__o2bb2a_2)
                                                         _0156_ (net)
                      0.052587    0.000189    1.018741 ^ _2158_/B (sky130_fd_sc_hd__nor2_2)
     1    0.003120    0.018445    0.032151    1.050892 v _2158_/Y (sky130_fd_sc_hd__nor2_2)
                                                         _0024_ (net)
                      0.018445    0.000081    1.050973 v _2679_/D (sky130_fd_sc_hd__dfxtp_2)
                                              1.050973   data arrival time

                                  0.000000    0.000000   clock clk (rise edge)
                                  0.000000    0.000000   clock source latency
     1    0.021153    0.100886    0.069830    0.069830 ^ clk (in)
                                                         clk (net)
                      0.100909    0.000000    0.069830 ^ clkbuf_0_clk/A (sky130_fd_sc_hd__clkbuf_16)
    16    0.095653    0.112396    0.199673    0.269503 ^ clkbuf_0_clk/X (sky130_fd_sc_hd__clkbuf_16)
                                                         clknet_0_clk (net)
                      0.112773    0.005319    0.274822 ^ clkbuf_4_8_0_clk/A (sky130_fd_sc_hd__clkbuf_8)
     6    0.021655    0.053603    0.159322    0.434144 ^ clkbuf_4_8_0_clk/X (sky130_fd_sc_hd__clkbuf_8)
                                                         clknet_4_8_0_clk (net)
                      0.053603    0.000254    0.434398 ^ _2679_/CLK (sky130_fd_sc_hd__dfxtp_2)
                                  0.200000    0.634398   clock uncertainty
                                  0.000000    0.634398   clock reconvergence pessimism
                                 -0.033245    0.601152   library hold time
                                              0.601152   data required time
---------------------------------------------------------------------------------------------
                                              0.601152   data required time
                                             -1.050973   data arrival time
---------------------------------------------------------------------------------------------
                                              0.449820   slack (MET)


Startpoint: load_weight (input port clocked by clk)
Endpoint: _2662_ (rising edge-triggered flip-flop clocked by clk)
Path Group: clk
Path Type: min

Fanout         Cap        Slew       Delay        Time   Description
---------------------------------------------------------------------------------------------
                                  0.000000    0.000000   clock clk (rise edge)
                                  0.000000    0.000000   clock network delay (propagated)
                                  0.020000    0.020000 ^ input external delay
     2    0.009307    0.048323    0.031824    0.051824 ^ load_weight (in)
                                                         load_weight (net)
                      0.048324    0.000000    0.051824 ^ hold675/A (sky130_fd_sc_hd__clkbuf_2)
     1    0.003075    0.029229    0.092386    0.144210 ^ hold675/X (sky130_fd_sc_hd__clkbuf_2)
                                                         net674 (net)
                      0.029229    0.000071    0.144281 ^ hold549/A (sky130_fd_sc_hd__clkbuf_2)
     1    0.003564    0.031618    0.087837    0.232118 ^ hold549/X (sky130_fd_sc_hd__clkbuf_2)
                                                         net548 (net)
                      0.031618    0.000094    0.232211 ^ hold676/A (sky130_fd_sc_hd__clkbuf_2)
     1    0.002906    0.028481    0.085644    0.317856 ^ hold676/X (sky130_fd_sc_hd__clkbuf_2)
                                                         net675 (net)
                      0.028481    0.000092    0.317947 ^ input344/A (sky130_fd_sc_hd__buf_2)
     2    0.009510    0.056013    0.109118    0.427066 ^ input344/X (sky130_fd_sc_hd__buf_2)
                                                         net344 (net)
                      0.056016    0.000496    0.427562 ^ hold550/A (sky130_fd_sc_hd__clkbuf_2)
     2    0.010639    0.066805    0.124891    0.552453 ^ hold550/X (sky130_fd_sc_hd__clkbuf_2)
                                                         net549 (net)
                      0.066808    0.000553    0.553007 ^ _1336_/B (sky130_fd_sc_hd__and2_2)
     8    0.026127    0.143142    0.222590    0.775597 ^ _1336_/X (sky130_fd_sc_hd__and2_2)
                                                         _0572_ (net)
                      0.143144    0.000787    0.776384 ^ _1354_/A2 (sky130_fd_sc_hd__o211a_2)
     1    0.004474    0.049846    0.187727    0.964111 ^ _1354_/X (sky130_fd_sc_hd__o211a_2)
                                                         _0007_ (net)
                      0.049846    0.000177    0.964288 ^ hold585/A (sky130_fd_sc_hd__clkbuf_2)
     1    0.003036    0.029045    0.092744    1.057031 ^ hold585/X (sky130_fd_sc_hd__clkbuf_2)
                                                         net584 (net)
                      0.029045    0.000097    1.057128 ^ _2662_/D (sky130_fd_sc_hd__dfxtp_2)
                                              1.057128   data arrival time

                                  0.000000    0.000000   clock clk (rise edge)
                                  0.000000    0.000000   clock source latency
     1    0.021153    0.100886    0.069830    0.069830 ^ clk (in)
                                                         clk (net)
                      0.100909    0.000000    0.069830 ^ clkbuf_0_clk/A (sky130_fd_sc_hd__clkbuf_16)
    16    0.095653    0.112396    0.199673    0.269503 ^ clkbuf_0_clk/X (sky130_fd_sc_hd__clkbuf_16)
                                                         clknet_0_clk (net)
                      0.113535    0.009053    0.278556 ^ clkbuf_4_7_0_clk/A (sky130_fd_sc_hd__clkbuf_8)
     6    0.017858    0.048085    0.154096    0.432652 ^ clkbuf_4_7_0_clk/X (sky130_fd_sc_hd__clkbuf_8)
                                                         clknet_4_7_0_clk (net)
                      0.048086    0.000338    0.432990 ^ _2662_/CLK (sky130_fd_sc_hd__dfxtp_2)
                                  0.200000    0.632990   clock uncertainty
                                  0.000000    0.632990   clock reconvergence pessimism
                                 -0.027480    0.605510   library hold time
                                              0.605510   data required time
---------------------------------------------------------------------------------------------
                                              0.605510   data required time
                                             -1.057128   data arrival time
---------------------------------------------------------------------------------------------
                                              0.451618   slack (MET)


Startpoint: _2654_ (rising edge-triggered flip-flop clocked by clk)
Endpoint: _2654_ (rising edge-triggered flip-flop clocked by clk)
Path Group: clk
Path Type: min

Fanout         Cap        Slew       Delay        Time   Description
---------------------------------------------------------------------------------------------
                                  0.000000    0.000000   clock clk (rise edge)
                                  0.000000    0.000000   clock source latency
     1    0.021153    0.100886    0.069830    0.069830 ^ clk (in)
                                                         clk (net)
                      0.100909    0.000000    0.069830 ^ clkbuf_0_clk/A (sky130_fd_sc_hd__clkbuf_16)
    16    0.095653    0.112396    0.199673    0.269503 ^ clkbuf_0_clk/X (sky130_fd_sc_hd__clkbuf_16)
                                                         clknet_0_clk (net)
                      0.113501    0.008919    0.278422 ^ clkbuf_4_6_0_clk/A (sky130_fd_sc_hd__clkbuf_8)
     6    0.017518    0.047535    0.153469    0.431891 ^ clkbuf_4_6_0_clk/X (sky130_fd_sc_hd__clkbuf_8)
                                                         clknet_4_6_0_clk (net)
                      0.047535    0.000217    0.432108 ^ _2654_/CLK (sky130_fd_sc_hd__dfxtp_2)
     3    0.016857    0.093259    0.356979    0.789087 ^ _2654_/Q (sky130_fd_sc_hd__dfxtp_2)
                                                         r2_sign (net)
                      0.093259    0.000232    0.789318 ^ _2611_/A1 (sky130_fd_sc_hd__o211a_2)
     1    0.003234    0.043405    0.179898    0.969217 ^ _2611_/X (sky130_fd_sc_hd__o211a_2)
                                                         _0081_ (net)
                      0.043405    0.000104    0.969320 ^ hold542/A (sky130_fd_sc_hd__clkbuf_2)
     1    0.002402    0.026178    0.087536    1.056856 ^ hold542/X (sky130_fd_sc_hd__clkbuf_2)
                                                         net541 (net)
                      0.026185    0.000074    1.056930 ^ _2654_/D (sky130_fd_sc_hd__dfxtp_2)
                                              1.056930   data arrival time

                                  0.000000    0.000000   clock clk (rise edge)
                                  0.000000    0.000000   clock source latency
     1    0.021153    0.100886    0.069830    0.069830 ^ clk (in)
                                                         clk (net)
                      0.100909    0.000000    0.069830 ^ clkbuf_0_clk/A (sky130_fd_sc_hd__clkbuf_16)
    16    0.095653    0.112396    0.199673    0.269503 ^ clkbuf_0_clk/X (sky130_fd_sc_hd__clkbuf_16)
                                                         clknet_0_clk (net)
                      0.113501    0.008919    0.278422 ^ clkbuf_4_6_0_clk/A (sky130_fd_sc_hd__clkbuf_8)
     6    0.017518    0.047535    0.153469    0.431891 ^ clkbuf_4_6_0_clk/X (sky130_fd_sc_hd__clkbuf_8)
                                                         clknet_4_6_0_clk (net)
                      0.047535    0.000217    0.432108 ^ _2654_/CLK (sky130_fd_sc_hd__dfxtp_2)
                                  0.200000    0.632108   clock uncertainty
                                  0.000000    0.632108   clock reconvergence pessimism
                                 -0.026960    0.605148   library hold time
                                              0.605148   data required time
---------------------------------------------------------------------------------------------
                                              0.605148   data required time
                                             -1.056930   data arrival time
---------------------------------------------------------------------------------------------
                                              0.451783   slack (MET)


Startpoint: b_in[9] (input port clocked by clk)
Endpoint: _2664_ (rising edge-triggered flip-flop clocked by clk)
Path Group: clk
Path Type: min

Fanout         Cap        Slew       Delay        Time   Description
---------------------------------------------------------------------------------------------
                                  0.000000    0.000000   clock clk (rise edge)
                                  0.000000    0.000000   clock network delay (propagated)
                                  0.020000    0.020000 ^ input external delay
     1    0.009826    0.050685    0.033747    0.053747 ^ b_in[9] (in)
                                                         b_in[9] (net)
                      0.050697    0.000000    0.053747 ^ hold562/A (sky130_fd_sc_hd__clkbuf_2)
     1    0.004901    0.038009    0.101008    0.154754 ^ hold562/X (sky130_fd_sc_hd__clkbuf_2)
                                                         net561 (net)
                      0.038010    0.000210    0.154964 ^ hold486/A (sky130_fd_sc_hd__clkbuf_2)
     1    0.004487    0.036051    0.094925    0.249889 ^ hold486/X (sky130_fd_sc_hd__clkbuf_2)
                                                         net485 (net)
                      0.036051    0.000173    0.250062 ^ hold563/A (sky130_fd_sc_hd__clkbuf_2)
     1    0.004103    0.034236    0.092733    0.342794 ^ hold563/X (sky130_fd_sc_hd__clkbuf_2)
                                                         net562 (net)
                      0.034236    0.000153    0.342948 ^ input340/A (sky130_fd_sc_hd__buf_2)
     1    0.004817    0.035332    0.094741    0.437689 ^ input340/X (sky130_fd_sc_hd__buf_2)
                                                         net340 (net)
                      0.035333    0.000199    0.437887 ^ hold564/A (sky130_fd_sc_hd__clkbuf_2)
     1    0.004994    0.038500    0.095931    0.533818 ^ hold564/X (sky130_fd_sc_hd__clkbuf_2)
                                                         net563 (net)
                      0.038500    0.000199    0.534017 ^ hold487/A (sky130_fd_sc_hd__clkbuf_2)
     2    0.011474    0.070691    0.121983    0.655999 ^ hold487/X (sky130_fd_sc_hd__clkbuf_2)
                                                         net486 (net)
                      0.070692    0.000389    0.656389 ^ hold565/A (sky130_fd_sc_hd__clkbuf_2)
     2    0.010390    0.065549    0.129364    0.785753 ^ hold565/X (sky130_fd_sc_hd__clkbuf_2)
                                                         net564 (net)
                      0.065550    0.000336    0.786089 ^ _1357_/A (sky130_fd_sc_hd__or2_2)
     1    0.005269    0.039938    0.113154    0.899244 ^ _1357_/X (sky130_fd_sc_hd__or2_2)
                                                         _0588_ (net)
                      0.039940    0.000257    0.899501 ^ _1358_/B1 (sky130_fd_sc_hd__o211a_2)
     1    0.003321    0.043985    0.161767    1.061268 ^ _1358_/X (sky130_fd_sc_hd__o211a_2)
                                                         _0009_ (net)
                      0.043985    0.000118    1.061386 ^ _2664_/D (sky130_fd_sc_hd__dfxtp_2)
                                              1.061386   data arrival time

                                  0.000000    0.000000   clock clk (rise edge)
                                  0.000000    0.000000   clock source latency
     1    0.021153    0.100886    0.069830    0.069830 ^ clk (in)
                                                         clk (net)
                      0.100909    0.000000    0.069830 ^ clkbuf_0_clk/A (sky130_fd_sc_hd__clkbuf_16)
    16    0.095653    0.112396    0.199673    0.269503 ^ clkbuf_0_clk/X (sky130_fd_sc_hd__clkbuf_16)
                                                         clknet_0_clk (net)
                      0.113521    0.008998    0.278501 ^ clkbuf_4_4_0_clk/A (sky130_fd_sc_hd__clkbuf_8)
     6    0.020949    0.052557    0.158387    0.436888 ^ clkbuf_4_4_0_clk/X (sky130_fd_sc_hd__clkbuf_8)
                                                         clknet_4_4_0_clk (net)
                      0.052567    0.000715    0.437602 ^ _2664_/CLK (sky130_fd_sc_hd__dfxtp_2)
                                  0.200000    0.637602   clock uncertainty
                                  0.000000    0.637602   clock reconvergence pessimism
                                 -0.029983    0.607619   library hold time
                                              0.607619   data required time
---------------------------------------------------------------------------------------------
                                              0.607619   data required time
                                             -1.061386   data arrival time
---------------------------------------------------------------------------------------------
                                              0.453766   slack (MET)


Startpoint: b_in[3] (input port clocked by clk)
Endpoint: _2641_ (rising edge-triggered flip-flop clocked by clk)
Path Group: clk
Path Type: min

Fanout         Cap        Slew       Delay        Time   Description
---------------------------------------------------------------------------------------------
                                  0.000000    0.000000   clock clk (rise edge)
                                  0.000000    0.000000   clock network delay (propagated)
                                  0.020000    0.020000 ^ input external delay
     2    0.008182    0.043325    0.028176    0.048176 ^ b_in[3] (in)
                                                         b_in[3] (net)
                      0.043325    0.000000    0.048176 ^ hold511/A (sky130_fd_sc_hd__clkbuf_2)
     1    0.008323    0.055027    0.111570    0.159747 ^ hold511/X (sky130_fd_sc_hd__clkbuf_2)
                                                         net510 (net)
                      0.055028    0.000320    0.160067 ^ hold508/A (sky130_fd_sc_hd__clkbuf_2)
     1    0.007573    0.051267    0.112832    0.272899 ^ hold508/X (sky130_fd_sc_hd__clkbuf_2)
                                                         net507 (net)
                      0.051268    0.000365    0.273264 ^ hold512/A (sky130_fd_sc_hd__clkbuf_2)
     1    0.004897    0.037988    0.101202    0.374466 ^ hold512/X (sky130_fd_sc_hd__clkbuf_2)
                                                         net511 (net)
                      0.037989    0.000200    0.374666 ^ input334/A (sky130_fd_sc_hd__buf_2)
     1    0.003393    0.029229    0.090467    0.465133 ^ input334/X (sky130_fd_sc_hd__buf_2)
                                                         net334 (net)
                      0.029229    0.000112    0.465244 ^ hold513/A (sky130_fd_sc_hd__clkbuf_2)
     1    0.005782    0.042347    0.096778    0.562022 ^ hold513/X (sky130_fd_sc_hd__clkbuf_2)
                                                         net512 (net)
                      0.042348    0.000276    0.562298 ^ hold509/A (sky130_fd_sc_hd__clkbuf_2)
     2    0.008383    0.055341    0.111413    0.673712 ^ hold509/X (sky130_fd_sc_hd__clkbuf_2)
                                                         net508 (net)
                      0.055342    0.000344    0.674056 ^ hold514/A (sky130_fd_sc_hd__clkbuf_2)
     2    0.008816    0.057516    0.117783    0.791838 ^ hold514/X (sky130_fd_sc_hd__clkbuf_2)
                                                         net513 (net)
                      0.057516    0.000262    0.792100 ^ _2580_/A2 (sky130_fd_sc_hd__o211a_2)
     1    0.005122    0.052645    0.171169    0.963270 ^ _2580_/X (sky130_fd_sc_hd__o211a_2)
                                                         _0068_ (net)
                      0.052646    0.000223    0.963493 ^ hold510/A (sky130_fd_sc_hd__clkbuf_2)
     1    0.004121    0.034273    0.098697    1.062190 ^ hold510/X (sky130_fd_sc_hd__clkbuf_2)
                                                         net509 (net)
                      0.034273    0.000157    1.062347 ^ _2641_/D (sky130_fd_sc_hd__dfxtp_2)
                                              1.062347   data arrival time

                                  0.000000    0.000000   clock clk (rise edge)
                                  0.000000    0.000000   clock source latency
     1    0.021153    0.100886    0.069830    0.069830 ^ clk (in)
                                                         clk (net)
                      0.100909    0.000000    0.069830 ^ clkbuf_0_clk/A (sky130_fd_sc_hd__clkbuf_16)
    16    0.095653    0.112396    0.199673    0.269503 ^ clkbuf_0_clk/X (sky130_fd_sc_hd__clkbuf_16)
                                                         clknet_0_clk (net)
                      0.113274    0.007980    0.277483 ^ clkbuf_4_2_0_clk/A (sky130_fd_sc_hd__clkbuf_8)
     6    0.019204    0.050162    0.155866    0.433349 ^ clkbuf_4_2_0_clk/X (sky130_fd_sc_hd__clkbuf_8)
                                                         clknet_4_2_0_clk (net)
                      0.050164    0.000416    0.433765 ^ _2641_/CLK (sky130_fd_sc_hd__dfxtp_2)
                                  0.200000    0.633765   clock uncertainty
                                  0.000000    0.633765   clock reconvergence pessimism
                                 -0.028289    0.605475   library hold time
                                              0.605475   data required time
---------------------------------------------------------------------------------------------
                                              0.605475   data required time
                                             -1.062347   data arrival time
---------------------------------------------------------------------------------------------
                                              0.456871   slack (MET)


Startpoint: b_in[5] (input port clocked by clk)
Endpoint: _2643_ (rising edge-triggered flip-flop clocked by clk)
Path Group: clk
Path Type: min

Fanout         Cap        Slew       Delay        Time   Description
---------------------------------------------------------------------------------------------
                                  0.000000    0.000000   clock clk (rise edge)
                                  0.000000    0.000000   clock network delay (propagated)
                                  0.020000    0.020000 ^ input external delay
     1    0.007796    0.041611    0.026939    0.046939 ^ b_in[5] (in)
                                                         b_in[5] (net)
                      0.041612    0.000000    0.046939 ^ hold656/A (sky130_fd_sc_hd__clkbuf_2)
     1    0.004187    0.034619    0.095053    0.141992 ^ hold656/X (sky130_fd_sc_hd__clkbuf_2)
                                                         net655 (net)
                      0.034619    0.000153    0.142145 ^ hold459/A (sky130_fd_sc_hd__clkbuf_2)
     1    0.007729    0.052051    0.106163    0.248308 ^ hold459/X (sky130_fd_sc_hd__clkbuf_2)
                                                         net458 (net)
                      0.052053    0.000415    0.248723 ^ hold657/A (sky130_fd_sc_hd__clkbuf_2)
     1    0.007132    0.049042    0.110103    0.358826 ^ hold657/X (sky130_fd_sc_hd__clkbuf_2)
                                                         net656 (net)
                      0.049042    0.000221    0.359048 ^ input336/A (sky130_fd_sc_hd__buf_2)
     1    0.004989    0.036022    0.100881    0.459929 ^ input336/X (sky130_fd_sc_hd__buf_2)
                                                         net336 (net)
                      0.036022    0.000188    0.460117 ^ hold658/A (sky130_fd_sc_hd__clkbuf_2)
     1    0.003040    0.029091    0.087839    0.547957 ^ hold658/X (sky130_fd_sc_hd__clkbuf_2)
                                                         net657 (net)
                      0.029091    0.000071    0.548028 ^ hold460/A (sky130_fd_sc_hd__clkbuf_2)
     3    0.011139    0.069148    0.117342    0.665370 ^ hold460/X (sky130_fd_sc_hd__clkbuf_2)
                                                         net459 (net)
                      0.069148    0.000367    0.665737 ^ hold659/A (sky130_fd_sc_hd__clkbuf_2)
     1    0.007582    0.051384    0.118046    0.783783 ^ hold659/X (sky130_fd_sc_hd__clkbuf_2)
                                                         net658 (net)
                      0.051385    0.000271    0.784054 ^ _2584_/A2 (sky130_fd_sc_hd__o211a_2)
     1    0.006026    0.057041    0.173952    0.958005 ^ _2584_/X (sky130_fd_sc_hd__o211a_2)
                                                         _0070_ (net)
                      0.057041    0.000224    0.958229 ^ hold461/A (sky130_fd_sc_hd__clkbuf_2)
     1    0.005342    0.040188    0.105012    1.063241 ^ hold461/X (sky130_fd_sc_hd__clkbuf_2)
                                                         net460 (net)
                      0.040188    0.000187    1.063428 ^ _2643_/D (sky130_fd_sc_hd__dfxtp_2)
                                              1.063428   data arrival time

                                  0.000000    0.000000   clock clk (rise edge)
                                  0.000000    0.000000   clock source latency
     1    0.021153    0.100886    0.069830    0.069830 ^ clk (in)
                                                         clk (net)
                      0.100909    0.000000    0.069830 ^ clkbuf_0_clk/A (sky130_fd_sc_hd__clkbuf_16)
    16    0.095653    0.112396    0.199673    0.269503 ^ clkbuf_0_clk/X (sky130_fd_sc_hd__clkbuf_16)
                                                         clknet_0_clk (net)
                      0.113451    0.008723    0.278226 ^ clkbuf_4_0_0_clk/A (sky130_fd_sc_hd__clkbuf_8)
     6    0.016900    0.046595    0.152472    0.430698 ^ clkbuf_4_0_0_clk/X (sky130_fd_sc_hd__clkbuf_8)
                                                         clknet_4_0_0_clk (net)
                      0.046597    0.000348    0.431046 ^ _2643_/CLK (sky130_fd_sc_hd__dfxtp_2)
                                  0.200000    0.631046   clock uncertainty
                                  0.000000    0.631046   clock reconvergence pessimism
                                 -0.029983    0.601063   library hold time
                                              0.601063   data required time
---------------------------------------------------------------------------------------------
                                              0.601063   data required time
                                             -1.063428   data arrival time
---------------------------------------------------------------------------------------------
                                              0.462365   slack (MET)


Startpoint: load_weight (input port clocked by clk)
Endpoint: _2660_ (rising edge-triggered flip-flop clocked by clk)
Path Group: clk
Path Type: min

Fanout         Cap        Slew       Delay        Time   Description
---------------------------------------------------------------------------------------------
                                  0.000000    0.000000   clock clk (rise edge)
                                  0.000000    0.000000   clock network delay (propagated)
                                  0.020000    0.020000 ^ input external delay
     2    0.009307    0.048323    0.031824    0.051824 ^ load_weight (in)
                                                         load_weight (net)
                      0.048324    0.000000    0.051824 ^ hold675/A (sky130_fd_sc_hd__clkbuf_2)
     1    0.003075    0.029229    0.092386    0.144210 ^ hold675/X (sky130_fd_sc_hd__clkbuf_2)
                                                         net674 (net)
                      0.029229    0.000071    0.144281 ^ hold549/A (sky130_fd_sc_hd__clkbuf_2)
     1    0.003564    0.031618    0.087837    0.232118 ^ hold549/X (sky130_fd_sc_hd__clkbuf_2)
                                                         net548 (net)
                      0.031618    0.000094    0.232211 ^ hold676/A (sky130_fd_sc_hd__clkbuf_2)
     1    0.002906    0.028481    0.085644    0.317856 ^ hold676/X (sky130_fd_sc_hd__clkbuf_2)
                                                         net675 (net)
                      0.028481    0.000092    0.317947 ^ input344/A (sky130_fd_sc_hd__buf_2)
     2    0.009510    0.056013    0.109118    0.427066 ^ input344/X (sky130_fd_sc_hd__buf_2)
                                                         net344 (net)
                      0.056016    0.000496    0.427562 ^ hold550/A (sky130_fd_sc_hd__clkbuf_2)
     2    0.010639    0.066805    0.124891    0.552453 ^ hold550/X (sky130_fd_sc_hd__clkbuf_2)
                                                         net549 (net)
                      0.066808    0.000553    0.553007 ^ _1336_/B (sky130_fd_sc_hd__and2_2)
     8    0.026127    0.143142    0.222590    0.775597 ^ _1336_/X (sky130_fd_sc_hd__and2_2)
                                                         _0572_ (net)
                      0.143144    0.000768    0.776365 ^ _1347_/A2 (sky130_fd_sc_hd__o211a_2)
     1    0.004574    0.050311    0.188202    0.964567 ^ _1347_/X (sky130_fd_sc_hd__o211a_2)
                                                         _0005_ (net)
                      0.050311    0.000181    0.964748 ^ hold553/A (sky130_fd_sc_hd__clkbuf_2)
     1    0.005148    0.039209    0.101825    1.066572 ^ hold553/X (sky130_fd_sc_hd__clkbuf_2)
                                                         net552 (net)
                      0.039210    0.000227    1.066800 ^ _2660_/D (sky130_fd_sc_hd__dfxtp_2)
                                              1.066800   data arrival time

                                  0.000000    0.000000   clock clk (rise edge)
                                  0.000000    0.000000   clock source latency
     1    0.021153    0.100886    0.069830    0.069830 ^ clk (in)
                                                         clk (net)
                      0.100909    0.000000    0.069830 ^ clkbuf_0_clk/A (sky130_fd_sc_hd__clkbuf_16)
    16    0.095653    0.112396    0.199673    0.269503 ^ clkbuf_0_clk/X (sky130_fd_sc_hd__clkbuf_16)
                                                         clknet_0_clk (net)
                      0.113403    0.008527    0.278030 ^ clkbuf_4_1_0_clk/A (sky130_fd_sc_hd__clkbuf_8)
     6    0.015926    0.045092    0.151172    0.429202 ^ clkbuf_4_1_0_clk/X (sky130_fd_sc_hd__clkbuf_8)
                                                         clknet_4_1_0_clk (net)
                      0.045093    0.000276    0.429478 ^ _2660_/CLK (sky130_fd_sc_hd__dfxtp_2)
                                  0.200000    0.629478   clock uncertainty
                                  0.000000    0.629478   clock reconvergence pessimism
                                 -0.029978    0.599500   library hold time
                                              0.599500   data required time
---------------------------------------------------------------------------------------------
                                              0.599500   data required time
                                             -1.066800   data arrival time
---------------------------------------------------------------------------------------------
                                              0.467300   slack (MET)


Startpoint: b_in[6] (input port clocked by clk)
Endpoint: _2644_ (rising edge-triggered flip-flop clocked by clk)
Path Group: clk
Path Type: min

Fanout         Cap        Slew       Delay        Time   Description
---------------------------------------------------------------------------------------------
                                  0.000000    0.000000   clock clk (rise edge)
                                  0.000000    0.000000   clock network delay (propagated)
                                  0.020000    0.020000 ^ input external delay
     2    0.008581    0.045096    0.029452    0.049452 ^ b_in[6] (in)
                                                         b_in[6] (net)
                      0.045096    0.000000    0.049452 ^ hold575/A (sky130_fd_sc_hd__clkbuf_2)
     2    0.011800    0.072210    0.125430    0.174882 ^ hold575/X (sky130_fd_sc_hd__clkbuf_2)
                                                         net574 (net)
                      0.072217    0.000769    0.175651 ^ hold462/A (sky130_fd_sc_hd__clkbuf_2)
     1    0.007764    0.052309    0.119862    0.295513 ^ hold462/X (sky130_fd_sc_hd__clkbuf_2)
                                                         net461 (net)
                      0.052310    0.000280    0.295793 ^ hold576/A (sky130_fd_sc_hd__clkbuf_2)
     1    0.006664    0.046707    0.108384    0.404177 ^ hold576/X (sky130_fd_sc_hd__clkbuf_2)
                                                         net575 (net)
                      0.046707    0.000230    0.404407 ^ input337/A (sky130_fd_sc_hd__buf_2)
     1    0.005295    0.037330    0.101083    0.505489 ^ input337/X (sky130_fd_sc_hd__buf_2)
                                                         net337 (net)
                      0.037330    0.000232    0.505721 ^ hold577/A (sky130_fd_sc_hd__clkbuf_2)
     1    0.003394    0.030773    0.089922    0.595644 ^ hold577/X (sky130_fd_sc_hd__clkbuf_2)
                                                         net576 (net)
                      0.030774    0.000113    0.595756 ^ hold463/A (sky130_fd_sc_hd__clkbuf_2)
     2    0.007349    0.050149    0.103350    0.699106 ^ hold463/X (sky130_fd_sc_hd__clkbuf_2)
                                                         net462 (net)
                      0.050150    0.000326    0.699432 ^ hold578/A (sky130_fd_sc_hd__clkbuf_2)
     2    0.007489    0.050835    0.110761    0.810192 ^ hold578/X (sky130_fd_sc_hd__clkbuf_2)
                                                         net577 (net)
                      0.050836    0.000308    0.810500 ^ _2586_/A2 (sky130_fd_sc_hd__o211a_2)
     1    0.004638    0.050364    0.167161    0.977661 ^ _2586_/X (sky130_fd_sc_hd__o211a_2)
                                                         _0071_ (net)
                      0.050364    0.000184    0.977845 ^ hold464/A (sky130_fd_sc_hd__clkbuf_2)
     1    0.004192    0.034611    0.098170    1.076016 ^ hold464/X (sky130_fd_sc_hd__clkbuf_2)
                                                         net463 (net)
                      0.034611    0.000163    1.076179 ^ _2644_/D (sky130_fd_sc_hd__dfxtp_2)
                                              1.076179   data arrival time

                                  0.000000    0.000000   clock clk (rise edge)
                                  0.000000    0.000000   clock source latency
     1    0.021153    0.100886    0.069830    0.069830 ^ clk (in)
                                                         clk (net)
                      0.100909    0.000000    0.069830 ^ clkbuf_0_clk/A (sky130_fd_sc_hd__clkbuf_16)
    16    0.095653    0.112396    0.199673    0.269503 ^ clkbuf_0_clk/X (sky130_fd_sc_hd__clkbuf_16)
                                                         clknet_0_clk (net)
                      0.113274    0.007980    0.277483 ^ clkbuf_4_2_0_clk/A (sky130_fd_sc_hd__clkbuf_8)
     6    0.019204    0.050162    0.155866    0.433349 ^ clkbuf_4_2_0_clk/X (sky130_fd_sc_hd__clkbuf_8)
                                                         clknet_4_2_0_clk (net)
                      0.050166    0.000504    0.433853 ^ _2644_/CLK (sky130_fd_sc_hd__dfxtp_2)
                                  0.200000    0.633853   clock uncertainty
                                  0.000000    0.633853   clock reconvergence pessimism
                                 -0.028359    0.605494   library hold time
                                              0.605494   data required time
---------------------------------------------------------------------------------------------
                                              0.605494   data required time
                                             -1.076179   data arrival time
---------------------------------------------------------------------------------------------
                                              0.470685   slack (MET)


Startpoint: b_in[4] (input port clocked by clk)
Endpoint: _2642_ (rising edge-triggered flip-flop clocked by clk)
Path Group: clk
Path Type: min

Fanout         Cap        Slew       Delay        Time   Description
---------------------------------------------------------------------------------------------
                                  0.000000    0.000000   clock clk (rise edge)
                                  0.000000    0.000000   clock network delay (propagated)
                                  0.020000    0.020000 ^ input external delay
     1    0.007732    0.041326    0.026718    0.046718 ^ b_in[4] (in)
                                                         b_in[4] (net)
                      0.041326    0.000000    0.046718 ^ hold570/A (sky130_fd_sc_hd__clkbuf_2)
     1    0.004235    0.034843    0.095134    0.141852 ^ hold570/X (sky130_fd_sc_hd__clkbuf_2)
                                                         net569 (net)
                      0.034843    0.000156    0.142007 ^ hold492/A (sky130_fd_sc_hd__clkbuf_2)
     1    0.004532    0.036275    0.093976    0.235983 ^ hold492/X (sky130_fd_sc_hd__clkbuf_2)
                                                         net491 (net)
                      0.036276    0.000177    0.236160 ^ hold571/A (sky130_fd_sc_hd__clkbuf_2)
     1    0.006709    0.046951    0.102867    0.339027 ^ hold571/X (sky130_fd_sc_hd__clkbuf_2)
                                                         net570 (net)
                      0.046952    0.000241    0.339268 ^ input335/A (sky130_fd_sc_hd__buf_2)
     1    0.011236    0.063810    0.122109    0.461377 ^ input335/X (sky130_fd_sc_hd__buf_2)
                                                         net335 (net)
                      0.063814    0.000577    0.461953 ^ hold572/A (sky130_fd_sc_hd__clkbuf_2)
     1    0.009050    0.058760    0.121624    0.583578 ^ hold572/X (sky130_fd_sc_hd__clkbuf_2)
                                                         net571 (net)
                      0.058766    0.000627    0.584205 ^ hold493/A (sky130_fd_sc_hd__clkbuf_2)
     2    0.006355    0.045210    0.109530    0.693734 ^ hold493/X (sky130_fd_sc_hd__clkbuf_2)
                                                         net492 (net)
                      0.045211    0.000213    0.693947 ^ hold573/A (sky130_fd_sc_hd__clkbuf_2)
     2    0.007250    0.049642    0.108097    0.802044 ^ hold573/X (sky130_fd_sc_hd__clkbuf_2)
                                                         net572 (net)
                      0.049642    0.000283    0.802328 ^ _2582_/A2 (sky130_fd_sc_hd__o211a_2)
     1    0.005847    0.056160    0.172581    0.974909 ^ _2582_/X (sky130_fd_sc_hd__o211a_2)
                                                         _0069_ (net)
                      0.056161    0.000266    0.975175 ^ hold494/A (sky130_fd_sc_hd__clkbuf_2)
     1    0.003443    0.031010    0.096874    1.072048 ^ hold494/X (sky130_fd_sc_hd__clkbuf_2)
                                                         net493 (net)
                      0.031010    0.000123    1.072171 ^ _2642_/D (sky130_fd_sc_hd__dfxtp_2)
                                              1.072171   data arrival time

                                  0.000000    0.000000   clock clk (rise edge)
                                  0.000000    0.000000   clock source latency
     1    0.021153    0.100886    0.069830    0.069830 ^ clk (in)
                                                         clk (net)
                      0.100909    0.000000    0.069830 ^ clkbuf_0_clk/A (sky130_fd_sc_hd__clkbuf_16)
    16    0.095653    0.112396    0.199673    0.269503 ^ clkbuf_0_clk/X (sky130_fd_sc_hd__clkbuf_16)
                                                         clknet_0_clk (net)
                      0.113403    0.008527    0.278030 ^ clkbuf_4_1_0_clk/A (sky130_fd_sc_hd__clkbuf_8)
     6    0.015926    0.045092    0.151172    0.429202 ^ clkbuf_4_1_0_clk/X (sky130_fd_sc_hd__clkbuf_8)
                                                         clknet_4_1_0_clk (net)
                      0.045093    0.000286    0.429488 ^ _2642_/CLK (sky130_fd_sc_hd__dfxtp_2)
                                  0.200000    0.629488   clock uncertainty
                                  0.000000    0.629488   clock reconvergence pessimism
                                 -0.028280    0.601208   library hold time
                                              0.601208   data required time
---------------------------------------------------------------------------------------------
                                              0.601208   data required time
                                             -1.072171   data arrival time
---------------------------------------------------------------------------------------------
                                              0.470963   slack (MET)


Startpoint: b_in[7] (input port clocked by clk)
Endpoint: _2645_ (rising edge-triggered flip-flop clocked by clk)
Path Group: clk
Path Type: min

Fanout         Cap        Slew       Delay        Time   Description
---------------------------------------------------------------------------------------------
                                  0.000000    0.000000   clock clk (rise edge)
                                  0.000000    0.000000   clock network delay (propagated)
                                  0.020000    0.020000 ^ input external delay
     1    0.006366    0.035298    0.022367    0.042367 ^ b_in[7] (in)
                                                         b_in[7] (net)
                      0.035300    0.000000    0.042367 ^ hold580/A (sky130_fd_sc_hd__clkbuf_2)
     1    0.011715    0.071672    0.121553    0.163919 ^ hold580/X (sky130_fd_sc_hd__clkbuf_2)
                                                         net579 (net)
                      0.071684    0.000913    0.164832 ^ hold477/A (sky130_fd_sc_hd__clkbuf_2)
     1    0.005859    0.042832    0.112323    0.277155 ^ hold477/X (sky130_fd_sc_hd__clkbuf_2)
                                                         net476 (net)
                      0.042833    0.000268    0.277423 ^ hold581/A (sky130_fd_sc_hd__clkbuf_2)
     1    0.004377    0.035510    0.096213    0.373637 ^ hold581/X (sky130_fd_sc_hd__clkbuf_2)
                                                         net580 (net)
                      0.035514    0.000173    0.373810 ^ input338/A (sky130_fd_sc_hd__buf_2)
     1    0.004022    0.031948    0.092213    0.466023 ^ input338/X (sky130_fd_sc_hd__buf_2)
                                                         net338 (net)
                      0.031948    0.000142    0.466165 ^ hold582/A (sky130_fd_sc_hd__clkbuf_2)
     1    0.009689    0.061950    0.112715    0.578880 ^ hold582/X (sky130_fd_sc_hd__clkbuf_2)
                                                         net581 (net)
                      0.061953    0.000536    0.579416 ^ hold478/A (sky130_fd_sc_hd__clkbuf_2)
     2    0.007627    0.051571    0.115584    0.695000 ^ hold478/X (sky130_fd_sc_hd__clkbuf_2)
                                                         net477 (net)
                      0.051572    0.000289    0.695289 ^ hold583/A (sky130_fd_sc_hd__clkbuf_2)
     2    0.006413    0.045458    0.107182    0.802470 ^ hold583/X (sky130_fd_sc_hd__clkbuf_2)
                                                         net582 (net)
                      0.045458    0.000148    0.802619 ^ _2588_/A2 (sky130_fd_sc_hd__o211a_2)
     1    0.005835    0.056114    0.171325    0.973944 ^ _2588_/X (sky130_fd_sc_hd__o211a_2)
                                                         _0072_ (net)
                      0.056114    0.000243    0.974187 ^ hold479/A (sky130_fd_sc_hd__clkbuf_2)
     1    0.004362    0.035445    0.100906    1.075093 ^ hold479/X (sky130_fd_sc_hd__clkbuf_2)
                                                         net478 (net)
                      0.035449    0.000141    1.075234 ^ _2645_/D (sky130_fd_sc_hd__dfxtp_2)
                                              1.075234   data arrival time

                                  0.000000    0.000000   clock clk (rise edge)
                                  0.000000    0.000000   clock source latency
     1    0.021153    0.100886    0.069830    0.069830 ^ clk (in)
                                                         clk (net)
                      0.100909    0.000000    0.069830 ^ clkbuf_0_clk/A (sky130_fd_sc_hd__clkbuf_16)
    16    0.095653    0.112396    0.199673    0.269503 ^ clkbuf_0_clk/X (sky130_fd_sc_hd__clkbuf_16)
                                                         clknet_0_clk (net)
                      0.113451    0.008723    0.278226 ^ clkbuf_4_0_0_clk/A (sky130_fd_sc_hd__clkbuf_8)
     6    0.016900    0.046595    0.152472    0.430698 ^ clkbuf_4_0_0_clk/X (sky130_fd_sc_hd__clkbuf_8)
                                                         clknet_4_0_0_clk (net)
                      0.046600    0.000494    0.431193 ^ _2645_/CLK (sky130_fd_sc_hd__dfxtp_2)
                                  0.200000    0.631193   clock uncertainty
                                  0.000000    0.631193   clock reconvergence pessimism
                                 -0.029001    0.602192   library hold time
                                              0.602192   data required time
---------------------------------------------------------------------------------------------
                                              0.602192   data required time
                                             -1.075234   data arrival time
---------------------------------------------------------------------------------------------
                                              0.473042   slack (MET)


Startpoint: _2693_ (rising edge-triggered flip-flop clocked by clk)
Endpoint: _2693_ (rising edge-triggered flip-flop clocked by clk)
Path Group: clk
Path Type: min

Fanout         Cap        Slew       Delay        Time   Description
---------------------------------------------------------------------------------------------
                                  0.000000    0.000000   clock clk (rise edge)
                                  0.000000    0.000000   clock source latency
     1    0.021153    0.100886    0.069830    0.069830 ^ clk (in)
                                                         clk (net)
                      0.100909    0.000000    0.069830 ^ clkbuf_0_clk/A (sky130_fd_sc_hd__clkbuf_16)
    16    0.095653    0.112396    0.199673    0.269503 ^ clkbuf_0_clk/X (sky130_fd_sc_hd__clkbuf_16)
                                                         clknet_0_clk (net)
                      0.112912    0.006184    0.275687 ^ clkbuf_4_12_0_clk/A (sky130_fd_sc_hd__clkbuf_8)
     6    0.019600    0.050825    0.156411    0.432097 ^ clkbuf_4_12_0_clk/X (sky130_fd_sc_hd__clkbuf_8)
                                                         clknet_4_12_0_clk (net)
                      0.050829    0.000467    0.432565 ^ _2693_/CLK (sky130_fd_sc_hd__dfxtp_2)
     5    0.022124    0.118536    0.376173    0.808738 ^ _2693_/Q (sky130_fd_sc_hd__dfxtp_2)
                                                         r4_acc[5] (net)
                      0.118538    0.000727    0.809465 ^ _2482_/A1 (sky130_fd_sc_hd__a22o_2)
     1    0.002047    0.030951    0.146627    0.956092 ^ _2482_/X (sky130_fd_sc_hd__a22o_2)
                                                         _0467_ (net)
                      0.030951    0.000042    0.956134 ^ _2483_/B (sky130_fd_sc_hd__and2_2)
     1    0.002892    0.037202    0.123783    1.079917 ^ _2483_/X (sky130_fd_sc_hd__and2_2)
                                                         _0468_ (net)
                      0.037202    0.000095    1.080012 ^ _2693_/D (sky130_fd_sc_hd__dfxtp_2)
                                              1.080012   data arrival time

                                  0.000000    0.000000   clock clk (rise edge)
                                  0.000000    0.000000   clock source latency
     1    0.021153    0.100886    0.069830    0.069830 ^ clk (in)
                                                         clk (net)
                      0.100909    0.000000    0.069830 ^ clkbuf_0_clk/A (sky130_fd_sc_hd__clkbuf_16)
    16    0.095653    0.112396    0.199673    0.269503 ^ clkbuf_0_clk/X (sky130_fd_sc_hd__clkbuf_16)
                                                         clknet_0_clk (net)
                      0.112912    0.006184    0.275687 ^ clkbuf_4_12_0_clk/A (sky130_fd_sc_hd__clkbuf_8)
     6    0.019600    0.050825    0.156411    0.432097 ^ clkbuf_4_12_0_clk/X (sky130_fd_sc_hd__clkbuf_8)
                                                         clknet_4_12_0_clk (net)
                      0.050829    0.000467    0.432565 ^ _2693_/CLK (sky130_fd_sc_hd__dfxtp_2)
                                  0.200000    0.632565   clock uncertainty
                                  0.000000    0.632565   clock reconvergence pessimism
                                 -0.028808    0.603757   library hold time
                                              0.603757   data required time
---------------------------------------------------------------------------------------------
                                              0.603757   data required time
                                             -1.080012   data arrival time
---------------------------------------------------------------------------------------------
                                              0.476255   slack (MET)


Startpoint: b_in[8] (input port clocked by clk)
Endpoint: _2646_ (rising edge-triggered flip-flop clocked by clk)
Path Group: clk
Path Type: min

Fanout         Cap        Slew       Delay        Time   Description
---------------------------------------------------------------------------------------------
                                  0.000000    0.000000   clock clk (rise edge)
                                  0.000000    0.000000   clock network delay (propagated)
                                  0.020000    0.020000 ^ input external delay
     2    0.010230    0.052481    0.034989    0.054989 ^ b_in[8] (in)
                                                         b_in[8] (net)
                      0.052489    0.000000    0.054989 ^ hold586/A (sky130_fd_sc_hd__clkbuf_2)
     1    0.002711    0.027566    0.092204    0.147193 ^ hold586/X (sky130_fd_sc_hd__clkbuf_2)
                                                         net585 (net)
                      0.027566    0.000058    0.147251 ^ hold483/A (sky130_fd_sc_hd__clkbuf_2)
     1    0.002747    0.027765    0.083468    0.230719 ^ hold483/X (sky130_fd_sc_hd__clkbuf_2)
                                                         net482 (net)
                      0.027765    0.000059    0.230778 ^ hold587/A (sky130_fd_sc_hd__clkbuf_2)
     1    0.004039    0.033942    0.089499    0.320277 ^ hold587/X (sky130_fd_sc_hd__clkbuf_2)
                                                         net586 (net)
                      0.033943    0.000148    0.320425 ^ input339/A (sky130_fd_sc_hd__buf_2)
     1    0.010507    0.060494    0.114716    0.435142 ^ input339/X (sky130_fd_sc_hd__buf_2)
                                                         net339 (net)
                      0.060497    0.000490    0.435632 ^ hold588/A (sky130_fd_sc_hd__clkbuf_2)
     1    0.006585    0.046363    0.111059    0.546691 ^ hold588/X (sky130_fd_sc_hd__clkbuf_2)
                                                         net587 (net)
                      0.046364    0.000225    0.546915 ^ hold484/A (sky130_fd_sc_hd__clkbuf_2)
     2    0.012131    0.073730    0.127059    0.673974 ^ hold484/X (sky130_fd_sc_hd__clkbuf_2)
                                                         net483 (net)
                      0.073742    0.000936    0.674909 ^ hold589/A (sky130_fd_sc_hd__clkbuf_2)
     2    0.007771    0.052361    0.120412    0.795321 ^ hold589/X (sky130_fd_sc_hd__clkbuf_2)
                                                         net588 (net)
                      0.052362    0.000331    0.795652 ^ _2590_/A2 (sky130_fd_sc_hd__o211a_2)
     1    0.006822    0.061065    0.178011    0.973663 ^ _2590_/X (sky130_fd_sc_hd__o211a_2)
                                                         _0073_ (net)
                      0.061066    0.000336    0.973999 ^ hold485/A (sky130_fd_sc_hd__clkbuf_2)
     1    0.005913    0.043016    0.108686    1.082685 ^ hold485/X (sky130_fd_sc_hd__clkbuf_2)
                                                         net484 (net)
                      0.043016    0.000182    1.082867 ^ _2646_/D (sky130_fd_sc_hd__dfxtp_2)
                                              1.082867   data arrival time

                                  0.000000    0.000000   clock clk (rise edge)
                                  0.000000    0.000000   clock source latency
     1    0.021153    0.100886    0.069830    0.069830 ^ clk (in)
                                                         clk (net)
                      0.100909    0.000000    0.069830 ^ clkbuf_0_clk/A (sky130_fd_sc_hd__clkbuf_16)
    16    0.095653    0.112396    0.199673    0.269503 ^ clkbuf_0_clk/X (sky130_fd_sc_hd__clkbuf_16)
                                                         clknet_0_clk (net)
                      0.113451    0.008723    0.278226 ^ clkbuf_4_0_0_clk/A (sky130_fd_sc_hd__clkbuf_8)
     6    0.016900    0.046595    0.152472    0.430698 ^ clkbuf_4_0_0_clk/X (sky130_fd_sc_hd__clkbuf_8)
                                                         clknet_4_0_0_clk (net)
                      0.046606    0.000673    0.431371 ^ _2646_/CLK (sky130_fd_sc_hd__dfxtp_2)
                                  0.200000    0.631371   clock uncertainty
                                  0.000000    0.631371   clock reconvergence pessimism
                                 -0.030567    0.600804   library hold time
                                              0.600804   data required time
---------------------------------------------------------------------------------------------
                                              0.600804   data required time
                                             -1.082867   data arrival time
---------------------------------------------------------------------------------------------
                                              0.482063   slack (MET)


Startpoint: b_in[13] (input port clocked by clk)
Endpoint: _2651_ (rising edge-triggered flip-flop clocked by clk)
Path Group: clk
Path Type: min

Fanout         Cap        Slew       Delay        Time   Description
---------------------------------------------------------------------------------------------
                                  0.000000    0.000000   clock clk (rise edge)
                                  0.000000    0.000000   clock network delay (propagated)
                                  0.020000    0.020000 ^ input external delay
     1    0.011390    0.057657    0.038737    0.058737 ^ b_in[13] (in)
                                                         b_in[13] (net)
                      0.057664    0.000000    0.058737 ^ hold530/A (sky130_fd_sc_hd__clkbuf_2)
     1    0.004878    0.037936    0.103444    0.162181 ^ hold530/X (sky130_fd_sc_hd__clkbuf_2)
                                                         net529 (net)
                      0.037937    0.000194    0.162375 ^ hold450/A (sky130_fd_sc_hd__clkbuf_2)
     1    0.003159    0.029642    0.089066    0.251441 ^ hold450/X (sky130_fd_sc_hd__clkbuf_2)
                                                         net449 (net)
                      0.029642    0.000075    0.251516 ^ hold531/A (sky130_fd_sc_hd__clkbuf_2)
     1    0.002086    0.024770    0.081158    0.332674 ^ hold531/X (sky130_fd_sc_hd__clkbuf_2)
                                                         net530 (net)
                      0.024770    0.000042    0.332716 ^ input329/A (sky130_fd_sc_hd__buf_2)
     1    0.003399    0.029286    0.085547    0.418263 ^ input329/X (sky130_fd_sc_hd__buf_2)
                                                         net329 (net)
                      0.029286    0.000115    0.418377 ^ hold532/A (sky130_fd_sc_hd__clkbuf_2)
     1    0.003446    0.031046    0.087312    0.505689 ^ hold532/X (sky130_fd_sc_hd__clkbuf_2)
                                                         net531 (net)
                      0.031046    0.000088    0.505777 ^ hold451/A (sky130_fd_sc_hd__clkbuf_2)
     2    0.012353    0.074991    0.122566    0.628344 ^ hold451/X (sky130_fd_sc_hd__clkbuf_2)
                                                         net450 (net)
                      0.074991    0.000311    0.628654 ^ hold533/A (sky130_fd_sc_hd__clkbuf_2)
     2    0.009438    0.060745    0.127254    0.755908 ^ hold533/X (sky130_fd_sc_hd__clkbuf_2)
                                                         net532 (net)
                      0.060747    0.000478    0.756386 ^ _2600_/A2 (sky130_fd_sc_hd__o211a_2)
     1    0.011895    0.086441    0.203988    0.960374 ^ _2600_/X (sky130_fd_sc_hd__o211a_2)
                                                         _0078_ (net)
                      0.086443    0.000616    0.960990 ^ hold452/A (sky130_fd_sc_hd__clkbuf_2)
     1    0.008911    0.058118    0.129469    1.090459 ^ hold452/X (sky130_fd_sc_hd__clkbuf_2)
                                                         net451 (net)
                      0.058119    0.000319    1.090779 ^ _2651_/D (sky130_fd_sc_hd__dfxtp_2)
                                              1.090779   data arrival time

                                  0.000000    0.000000   clock clk (rise edge)
                                  0.000000    0.000000   clock source latency
     1    0.021153    0.100886    0.069830    0.069830 ^ clk (in)
                                                         clk (net)
                      0.100909    0.000000    0.069830 ^ clkbuf_0_clk/A (sky130_fd_sc_hd__clkbuf_16)
    16    0.095653    0.112396    0.199673    0.269503 ^ clkbuf_0_clk/X (sky130_fd_sc_hd__clkbuf_16)
                                                         clknet_0_clk (net)
                      0.113521    0.008998    0.278501 ^ clkbuf_4_4_0_clk/A (sky130_fd_sc_hd__clkbuf_8)
     6    0.020949    0.052557    0.158387    0.436888 ^ clkbuf_4_4_0_clk/X (sky130_fd_sc_hd__clkbuf_8)
                                                         clknet_4_4_0_clk (net)
                      0.052594    0.001212    0.438100 ^ _2651_/CLK (sky130_fd_sc_hd__dfxtp_2)
                                  0.200000    0.638100   clock uncertainty
                                  0.000000    0.638100   clock reconvergence pessimism
                                 -0.032904    0.605195   library hold time
                                              0.605195   data required time
---------------------------------------------------------------------------------------------
                                              0.605195   data required time
                                             -1.090779   data arrival time
---------------------------------------------------------------------------------------------
                                              0.485583   slack (MET)


Startpoint: _2695_ (rising edge-triggered flip-flop clocked by clk)
Endpoint: _2695_ (rising edge-triggered flip-flop clocked by clk)
Path Group: clk
Path Type: min

Fanout         Cap        Slew       Delay        Time   Description
---------------------------------------------------------------------------------------------
                                  0.000000    0.000000   clock clk (rise edge)
                                  0.000000    0.000000   clock source latency
     1    0.021153    0.100886    0.069830    0.069830 ^ clk (in)
                                                         clk (net)
                      0.100909    0.000000    0.069830 ^ clkbuf_0_clk/A (sky130_fd_sc_hd__clkbuf_16)
    16    0.095653    0.112396    0.199673    0.269503 ^ clkbuf_0_clk/X (sky130_fd_sc_hd__clkbuf_16)
                                                         clknet_0_clk (net)
                      0.112773    0.005319    0.274822 ^ clkbuf_4_8_0_clk/A (sky130_fd_sc_hd__clkbuf_8)
     6    0.021655    0.053603    0.159322    0.434144 ^ clkbuf_4_8_0_clk/X (sky130_fd_sc_hd__clkbuf_8)
                                                         clknet_4_8_0_clk (net)
                      0.053614    0.000712    0.434856 ^ _2695_/CLK (sky130_fd_sc_hd__dfxtp_2)
     5    0.024942    0.132087    0.386791    0.821647 ^ _2695_/Q (sky130_fd_sc_hd__dfxtp_2)
                                                         r4_acc[7] (net)
                      0.132088    0.000689    0.822336 ^ _2493_/A1 (sky130_fd_sc_hd__a22o_2)
     1    0.002497    0.032820    0.153277    0.975613 ^ _2493_/X (sky130_fd_sc_hd__a22o_2)
                                                         _0476_ (net)
                      0.032820    0.000057    0.975670 ^ _2494_/B (sky130_fd_sc_hd__and2_2)
     1    0.002231    0.034338    0.120968    1.096638 ^ _2494_/X (sky130_fd_sc_hd__and2_2)
                                                         _0477_ (net)
                      0.034338    0.000048    1.096686 ^ _2695_/D (sky130_fd_sc_hd__dfxtp_2)
                                              1.096686   data arrival time

                                  0.000000    0.000000   clock clk (rise edge)
                                  0.000000    0.000000   clock source latency
     1    0.021153    0.100886    0.069830    0.069830 ^ clk (in)
                                                         clk (net)
                      0.100909    0.000000    0.069830 ^ clkbuf_0_clk/A (sky130_fd_sc_hd__clkbuf_16)
    16    0.095653    0.112396    0.199673    0.269503 ^ clkbuf_0_clk/X (sky130_fd_sc_hd__clkbuf_16)
                                                         clknet_0_clk (net)
                      0.112773    0.005319    0.274822 ^ clkbuf_4_8_0_clk/A (sky130_fd_sc_hd__clkbuf_8)
     6    0.021655    0.053603    0.159322    0.434144 ^ clkbuf_4_8_0_clk/X (sky130_fd_sc_hd__clkbuf_8)
                                                         clknet_4_8_0_clk (net)
                      0.053614    0.000712    0.434856 ^ _2695_/CLK (sky130_fd_sc_hd__dfxtp_2)
                                  0.200000    0.634856   clock uncertainty
                                  0.000000    0.634856   clock reconvergence pessimism
                                 -0.027849    0.607007   library hold time
                                              0.607007   data required time
---------------------------------------------------------------------------------------------
                                              0.607007   data required time
                                             -1.096686   data arrival time
---------------------------------------------------------------------------------------------
                                              0.489679   slack (MET)


Startpoint: _2697_ (rising edge-triggered flip-flop clocked by clk)
Endpoint: _2697_ (rising edge-triggered flip-flop clocked by clk)
Path Group: clk
Path Type: min

Fanout         Cap        Slew       Delay        Time   Description
---------------------------------------------------------------------------------------------
                                  0.000000    0.000000   clock clk (rise edge)
                                  0.000000    0.000000   clock source latency
     1    0.021153    0.100886    0.069830    0.069830 ^ clk (in)
                                                         clk (net)
                      0.100909    0.000000    0.069830 ^ clkbuf_0_clk/A (sky130_fd_sc_hd__clkbuf_16)
    16    0.095653    0.112396    0.199673    0.269503 ^ clkbuf_0_clk/X (sky130_fd_sc_hd__clkbuf_16)
                                                         clknet_0_clk (net)
                      0.112912    0.006184    0.275687 ^ clkbuf_4_12_0_clk/A (sky130_fd_sc_hd__clkbuf_8)
     6    0.019600    0.050825    0.156411    0.432097 ^ clkbuf_4_12_0_clk/X (sky130_fd_sc_hd__clkbuf_8)
                                                         clknet_4_12_0_clk (net)
                      0.050829    0.000473    0.432570 ^ _2697_/CLK (sky130_fd_sc_hd__dfxtp_2)
     5    0.023726    0.126198    0.381832    0.814402 ^ _2697_/Q (sky130_fd_sc_hd__dfxtp_2)
                                                         r4_acc[9] (net)
                      0.126199    0.000590    0.814992 ^ _2501_/A1 (sky130_fd_sc_hd__a22o_2)
     1    0.002799    0.034088    0.153132    0.968124 ^ _2501_/X (sky130_fd_sc_hd__a22o_2)
                                                         _0482_ (net)
                      0.034089    0.000069    0.968193 ^ _2502_/B (sky130_fd_sc_hd__and2_2)
     1    0.003076    0.037982    0.125683    1.093876 ^ _2502_/X (sky130_fd_sc_hd__and2_2)
                                                         _0483_ (net)
                      0.037991    0.000079    1.093955 ^ _2697_/D (sky130_fd_sc_hd__dfxtp_2)
                                              1.093955   data arrival time

                                  0.000000    0.000000   clock clk (rise edge)
                                  0.000000    0.000000   clock source latency
     1    0.021153    0.100886    0.069830    0.069830 ^ clk (in)
                                                         clk (net)
                      0.100909    0.000000    0.069830 ^ clkbuf_0_clk/A (sky130_fd_sc_hd__clkbuf_16)
    16    0.095653    0.112396    0.199673    0.269503 ^ clkbuf_0_clk/X (sky130_fd_sc_hd__clkbuf_16)
                                                         clknet_0_clk (net)
                      0.112912    0.006184    0.275687 ^ clkbuf_4_12_0_clk/A (sky130_fd_sc_hd__clkbuf_8)
     6    0.019600    0.050825    0.156411    0.432097 ^ clkbuf_4_12_0_clk/X (sky130_fd_sc_hd__clkbuf_8)
                                                         clknet_4_12_0_clk (net)
                      0.050829    0.000473    0.432570 ^ _2697_/CLK (sky130_fd_sc_hd__dfxtp_2)
                                  0.200000    0.632570   clock uncertainty
                                  0.000000    0.632570   clock reconvergence pessimism
                                 -0.028971    0.603599   library hold time
                                              0.603599   data required time
---------------------------------------------------------------------------------------------
                                              0.603599   data required time
                                             -1.093955   data arrival time
---------------------------------------------------------------------------------------------
                                              0.490356   slack (MET)


Startpoint: _2699_ (rising edge-triggered flip-flop clocked by clk)
Endpoint: _2699_ (rising edge-triggered flip-flop clocked by clk)
Path Group: clk
Path Type: min

Fanout         Cap        Slew       Delay        Time   Description
---------------------------------------------------------------------------------------------
                                  0.000000    0.000000   clock clk (rise edge)
                                  0.000000    0.000000   clock source latency
     1    0.021153    0.100886    0.069830    0.069830 ^ clk (in)
                                                         clk (net)
                      0.100909    0.000000    0.069830 ^ clkbuf_0_clk/A (sky130_fd_sc_hd__clkbuf_16)
    16    0.095653    0.112396    0.199673    0.269503 ^ clkbuf_0_clk/X (sky130_fd_sc_hd__clkbuf_16)
                                                         clknet_0_clk (net)
                      0.112895    0.006086    0.275589 ^ clkbuf_4_13_0_clk/A (sky130_fd_sc_hd__clkbuf_8)
     6    0.021959    0.053999    0.159518    0.435107 ^ clkbuf_4_13_0_clk/X (sky130_fd_sc_hd__clkbuf_8)
                                                         clknet_4_13_0_clk (net)
                      0.054037    0.001236    0.436343 ^ _2699_/CLK (sky130_fd_sc_hd__dfxtp_2)
     5    0.024216    0.128568    0.384555    0.820898 ^ _2699_/Q (sky130_fd_sc_hd__dfxtp_2)
                                                         r4_acc[11] (net)
                      0.128571    0.000807    0.821706 ^ _2509_/A1 (sky130_fd_sc_hd__a22o_2)
     1    0.002395    0.032397    0.151685    0.973391 ^ _2509_/X (sky130_fd_sc_hd__a22o_2)
                                                         _0488_ (net)
                      0.032397    0.000054    0.973445 ^ _2510_/B (sky130_fd_sc_hd__and2_2)
     1    0.003080    0.038004    0.125185    1.098630 ^ _2510_/X (sky130_fd_sc_hd__and2_2)
                                                         _0489_ (net)
                      0.038013    0.000102    1.098732 ^ _2699_/D (sky130_fd_sc_hd__dfxtp_2)
                                              1.098732   data arrival time

                                  0.000000    0.000000   clock clk (rise edge)
                                  0.000000    0.000000   clock source latency
     1    0.021153    0.100886    0.069830    0.069830 ^ clk (in)
                                                         clk (net)
                      0.100909    0.000000    0.069830 ^ clkbuf_0_clk/A (sky130_fd_sc_hd__clkbuf_16)
    16    0.095653    0.112396    0.199673    0.269503 ^ clkbuf_0_clk/X (sky130_fd_sc_hd__clkbuf_16)
                                                         clknet_0_clk (net)
                      0.112895    0.006086    0.275589 ^ clkbuf_4_13_0_clk/A (sky130_fd_sc_hd__clkbuf_8)
     6    0.021959    0.053999    0.159518    0.435107 ^ clkbuf_4_13_0_clk/X (sky130_fd_sc_hd__clkbuf_8)
                                                         clknet_4_13_0_clk (net)
                      0.054037    0.001236    0.436343 ^ _2699_/CLK (sky130_fd_sc_hd__dfxtp_2)
                                  0.200000    0.636343   clock uncertainty
                                  0.000000    0.636343   clock reconvergence pessimism
                                 -0.028554    0.607789   library hold time
                                              0.607789   data required time
---------------------------------------------------------------------------------------------
                                              0.607789   data required time
                                             -1.098732   data arrival time
---------------------------------------------------------------------------------------------
                                              0.490943   slack (MET)


Startpoint: _2702_ (rising edge-triggered flip-flop clocked by clk)
Endpoint: _2702_ (rising edge-triggered flip-flop clocked by clk)
Path Group: clk
Path Type: min

Fanout         Cap        Slew       Delay        Time   Description
---------------------------------------------------------------------------------------------
                                  0.000000    0.000000   clock clk (rise edge)
                                  0.000000    0.000000   clock source latency
     1    0.021153    0.100886    0.069830    0.069830 ^ clk (in)
                                                         clk (net)
                      0.100909    0.000000    0.069830 ^ clkbuf_0_clk/A (sky130_fd_sc_hd__clkbuf_16)
    16    0.095653    0.112396    0.199673    0.269503 ^ clkbuf_0_clk/X (sky130_fd_sc_hd__clkbuf_16)
                                                         clknet_0_clk (net)
                      0.112895    0.006086    0.275589 ^ clkbuf_4_13_0_clk/A (sky130_fd_sc_hd__clkbuf_8)
     6    0.021959    0.053999    0.159518    0.435107 ^ clkbuf_4_13_0_clk/X (sky130_fd_sc_hd__clkbuf_8)
                                                         clknet_4_13_0_clk (net)
                      0.054050    0.001416    0.436523 ^ _2702_/CLK (sky130_fd_sc_hd__dfxtp_2)
     4    0.022282    0.119263    0.377974    0.814497 ^ _2702_/Q (sky130_fd_sc_hd__dfxtp_2)
                                                         r4_acc[14] (net)
                      0.119264    0.000651    0.815147 ^ _2524_/A1 (sky130_fd_sc_hd__a22o_2)
     1    0.003487    0.037085    0.154530    0.969677 ^ _2524_/X (sky130_fd_sc_hd__a22o_2)
                                                         _0500_ (net)
                      0.037086    0.000123    0.969800 ^ _2525_/B (sky130_fd_sc_hd__and2_2)
     1    0.003603    0.040417    0.129286    1.099086 ^ _2525_/X (sky130_fd_sc_hd__and2_2)
                                                         _0501_ (net)
                      0.040417    0.000132    1.099218 ^ _2702_/D (sky130_fd_sc_hd__dfxtp_2)
                                              1.099218   data arrival time

                                  0.000000    0.000000   clock clk (rise edge)
                                  0.000000    0.000000   clock source latency
     1    0.021153    0.100886    0.069830    0.069830 ^ clk (in)
                                                         clk (net)
                      0.100909    0.000000    0.069830 ^ clkbuf_0_clk/A (sky130_fd_sc_hd__clkbuf_16)
    16    0.095653    0.112396    0.199673    0.269503 ^ clkbuf_0_clk/X (sky130_fd_sc_hd__clkbuf_16)
                                                         clknet_0_clk (net)
                      0.112895    0.006086    0.275589 ^ clkbuf_4_13_0_clk/A (sky130_fd_sc_hd__clkbuf_8)
     6    0.021959    0.053999    0.159518    0.435107 ^ clkbuf_4_13_0_clk/X (sky130_fd_sc_hd__clkbuf_8)
                                                         clknet_4_13_0_clk (net)
                      0.054050    0.001416    0.436523 ^ _2702_/CLK (sky130_fd_sc_hd__dfxtp_2)
                                  0.200000    0.636523   clock uncertainty
                                  0.000000    0.636523   clock reconvergence pessimism
                                 -0.029050    0.607473   library hold time
                                              0.607473   data required time
---------------------------------------------------------------------------------------------
                                              0.607473   data required time
                                             -1.099218   data arrival time
---------------------------------------------------------------------------------------------
                                              0.491745   slack (MET)


Startpoint: _2696_ (rising edge-triggered flip-flop clocked by clk)
Endpoint: _2696_ (rising edge-triggered flip-flop clocked by clk)
Path Group: clk
Path Type: min

Fanout         Cap        Slew       Delay        Time   Description
---------------------------------------------------------------------------------------------
                                  0.000000    0.000000   clock clk (rise edge)
                                  0.000000    0.000000   clock source latency
     1    0.021153    0.100886    0.069830    0.069830 ^ clk (in)
                                                         clk (net)
                      0.100909    0.000000    0.069830 ^ clkbuf_0_clk/A (sky130_fd_sc_hd__clkbuf_16)
    16    0.095653    0.112396    0.199673    0.269503 ^ clkbuf_0_clk/X (sky130_fd_sc_hd__clkbuf_16)
                                                         clknet_0_clk (net)
                      0.112773    0.005319    0.274822 ^ clkbuf_4_8_0_clk/A (sky130_fd_sc_hd__clkbuf_8)
     6    0.021655    0.053603    0.159322    0.434144 ^ clkbuf_4_8_0_clk/X (sky130_fd_sc_hd__clkbuf_8)
                                                         clknet_4_8_0_clk (net)
                      0.053606    0.000515    0.434659 ^ _2696_/CLK (sky130_fd_sc_hd__dfxtp_2)
     5    0.024995    0.132278    0.387209    0.821868 ^ _2696_/Q (sky130_fd_sc_hd__dfxtp_2)
                                                         r4_acc[8] (net)
                      0.132278    0.000534    0.822402 ^ _2497_/A1 (sky130_fd_sc_hd__a22o_2)
     1    0.002918    0.034585    0.155578    0.977980 ^ _2497_/X (sky130_fd_sc_hd__a22o_2)
                                                         _0479_ (net)
                      0.034586    0.000075    0.978055 ^ _2498_/B (sky130_fd_sc_hd__and2_2)
     1    0.002487    0.035419    0.122815    1.100870 ^ _2498_/X (sky130_fd_sc_hd__and2_2)
                                                         _0480_ (net)
                      0.035419    0.000055    1.100926 ^ _2696_/D (sky130_fd_sc_hd__dfxtp_2)
                                              1.100926   data arrival time

                                  0.000000    0.000000   clock clk (rise edge)
                                  0.000000    0.000000   clock source latency
     1    0.021153    0.100886    0.069830    0.069830 ^ clk (in)
                                                         clk (net)
                      0.100909    0.000000    0.069830 ^ clkbuf_0_clk/A (sky130_fd_sc_hd__clkbuf_16)
    16    0.095653    0.112396    0.199673    0.269503 ^ clkbuf_0_clk/X (sky130_fd_sc_hd__clkbuf_16)
                                                         clknet_0_clk (net)
                      0.112773    0.005319    0.274822 ^ clkbuf_4_8_0_clk/A (sky130_fd_sc_hd__clkbuf_8)
     6    0.021655    0.053603    0.159322    0.434144 ^ clkbuf_4_8_0_clk/X (sky130_fd_sc_hd__clkbuf_8)
                                                         clknet_4_8_0_clk (net)
                      0.053606    0.000515    0.434659 ^ _2696_/CLK (sky130_fd_sc_hd__dfxtp_2)
                                  0.200000    0.634659   clock uncertainty
                                  0.000000    0.634659   clock reconvergence pessimism
                                 -0.028074    0.606585   library hold time
                                              0.606585   data required time
---------------------------------------------------------------------------------------------
                                              0.606585   data required time
                                             -1.100926   data arrival time
---------------------------------------------------------------------------------------------
                                              0.494340   slack (MET)


Startpoint: _2690_ (rising edge-triggered flip-flop clocked by clk)
Endpoint: _2690_ (rising edge-triggered flip-flop clocked by clk)
Path Group: clk
Path Type: min

Fanout         Cap        Slew       Delay        Time   Description
---------------------------------------------------------------------------------------------
                                  0.000000    0.000000   clock clk (rise edge)
                                  0.000000    0.000000   clock source latency
     1    0.021153    0.100886    0.069830    0.069830 ^ clk (in)
                                                         clk (net)
                      0.100909    0.000000    0.069830 ^ clkbuf_0_clk/A (sky130_fd_sc_hd__clkbuf_16)
    16    0.095653    0.112396    0.199673    0.269503 ^ clkbuf_0_clk/X (sky130_fd_sc_hd__clkbuf_16)
                                                         clknet_0_clk (net)
                      0.112956    0.006431    0.275934 ^ clkbuf_4_15_0_clk/A (sky130_fd_sc_hd__clkbuf_8)
     6    0.021474    0.053337    0.159160    0.435094 ^ clkbuf_4_15_0_clk/X (sky130_fd_sc_hd__clkbuf_8)
                                                         clknet_4_15_0_clk (net)
                      0.053350    0.000742    0.435837 ^ _2690_/CLK (sky130_fd_sc_hd__dfxtp_2)
     6    0.025204    0.133299    0.387762    0.823599 ^ _2690_/Q (sky130_fd_sc_hd__dfxtp_2)
                                                         r4_acc[2] (net)
                      0.133299    0.000570    0.824169 ^ _2462_/A1 (sky130_fd_sc_hd__a22o_2)
     1    0.002874    0.034397    0.155644    0.979813 ^ _2462_/X (sky130_fd_sc_hd__a22o_2)
                                                         _0450_ (net)
                      0.034397    0.000071    0.979885 ^ _2463_/B (sky130_fd_sc_hd__and2_2)
     1    0.002477    0.035418    0.122705    1.102590 ^ _2463_/X (sky130_fd_sc_hd__and2_2)
                                                         _0451_ (net)
                      0.035418    0.000057    1.102647 ^ _2690_/D (sky130_fd_sc_hd__dfxtp_2)
                                              1.102647   data arrival time

                                  0.000000    0.000000   clock clk (rise edge)
                                  0.000000    0.000000   clock source latency
     1    0.021153    0.100886    0.069830    0.069830 ^ clk (in)
                                                         clk (net)
                      0.100909    0.000000    0.069830 ^ clkbuf_0_clk/A (sky130_fd_sc_hd__clkbuf_16)
    16    0.095653    0.112396    0.199673    0.269503 ^ clkbuf_0_clk/X (sky130_fd_sc_hd__clkbuf_16)
                                                         clknet_0_clk (net)
                      0.112956    0.006431    0.275934 ^ clkbuf_4_15_0_clk/A (sky130_fd_sc_hd__clkbuf_8)
     6    0.021474    0.053337    0.159160    0.435094 ^ clkbuf_4_15_0_clk/X (sky130_fd_sc_hd__clkbuf_8)
                                                         clknet_4_15_0_clk (net)
                      0.053350    0.000742    0.435837 ^ _2690_/CLK (sky130_fd_sc_hd__dfxtp_2)
                                  0.200000    0.635837   clock uncertainty
                                  0.000000    0.635837   clock reconvergence pessimism
                                 -0.028107    0.607729   library hold time
                                              0.607729   data required time
---------------------------------------------------------------------------------------------
                                              0.607729   data required time
                                             -1.102647   data arrival time
---------------------------------------------------------------------------------------------
                                              0.494918   slack (MET)


Startpoint: _2691_ (rising edge-triggered flip-flop clocked by clk)
Endpoint: _2691_ (rising edge-triggered flip-flop clocked by clk)
Path Group: clk
Path Type: min

Fanout         Cap        Slew       Delay        Time   Description
---------------------------------------------------------------------------------------------
                                  0.000000    0.000000   clock clk (rise edge)
                                  0.000000    0.000000   clock source latency
     1    0.021153    0.100886    0.069830    0.069830 ^ clk (in)
                                                         clk (net)
                      0.100909    0.000000    0.069830 ^ clkbuf_0_clk/A (sky130_fd_sc_hd__clkbuf_16)
    16    0.095653    0.112396    0.199673    0.269503 ^ clkbuf_0_clk/X (sky130_fd_sc_hd__clkbuf_16)
                                                         clknet_0_clk (net)
                      0.112956    0.006431    0.275934 ^ clkbuf_4_15_0_clk/A (sky130_fd_sc_hd__clkbuf_8)
     6    0.021474    0.053337    0.159160    0.435094 ^ clkbuf_4_15_0_clk/X (sky130_fd_sc_hd__clkbuf_8)
                                                         clknet_4_15_0_clk (net)
                      0.053347    0.000675    0.435769 ^ _2691_/CLK (sky130_fd_sc_hd__dfxtp_2)
     5    0.026540    0.139757    0.392225    0.827994 ^ _2691_/Q (sky130_fd_sc_hd__dfxtp_2)
                                                         r4_acc[3] (net)
                      0.139759    0.000795    0.828789 ^ _2469_/A1 (sky130_fd_sc_hd__a22o_2)
     1    0.002129    0.031289    0.153586    0.982375 ^ _2469_/X (sky130_fd_sc_hd__a22o_2)
                                                         _0456_ (net)
                      0.031289    0.000043    0.982418 ^ _2470_/B (sky130_fd_sc_hd__and2_2)
     1    0.002585    0.035885    0.122310    1.104729 ^ _2470_/X (sky130_fd_sc_hd__and2_2)
                                                         _0457_ (net)
                      0.035885    0.000081    1.104810 ^ _2691_/D (sky130_fd_sc_hd__dfxtp_2)
                                              1.104810   data arrival time

                                  0.000000    0.000000   clock clk (rise edge)
                                  0.000000    0.000000   clock source latency
     1    0.021153    0.100886    0.069830    0.069830 ^ clk (in)
                                                         clk (net)
                      0.100909    0.000000    0.069830 ^ clkbuf_0_clk/A (sky130_fd_sc_hd__clkbuf_16)
    16    0.095653    0.112396    0.199673    0.269503 ^ clkbuf_0_clk/X (sky130_fd_sc_hd__clkbuf_16)
                                                         clknet_0_clk (net)
                      0.112956    0.006431    0.275934 ^ clkbuf_4_15_0_clk/A (sky130_fd_sc_hd__clkbuf_8)
     6    0.021474    0.053337    0.159160    0.435094 ^ clkbuf_4_15_0_clk/X (sky130_fd_sc_hd__clkbuf_8)
                                                         clknet_4_15_0_clk (net)
                      0.053347    0.000675    0.435769 ^ _2691_/CLK (sky130_fd_sc_hd__dfxtp_2)
                                  0.200000    0.635769   clock uncertainty
                                  0.000000    0.635769   clock reconvergence pessimism
                                 -0.028205    0.607564   library hold time
                                              0.607564   data required time
---------------------------------------------------------------------------------------------
                                              0.607564   data required time
                                             -1.104810   data arrival time
---------------------------------------------------------------------------------------------
                                              0.497246   slack (MET)


Startpoint: b_in[9] (input port clocked by clk)
Endpoint: _2647_ (rising edge-triggered flip-flop clocked by clk)
Path Group: clk
Path Type: min

Fanout         Cap        Slew       Delay        Time   Description
---------------------------------------------------------------------------------------------
                                  0.000000    0.000000   clock clk (rise edge)
                                  0.000000    0.000000   clock network delay (propagated)
                                  0.020000    0.020000 ^ input external delay
     1    0.009826    0.050685    0.033747    0.053747 ^ b_in[9] (in)
                                                         b_in[9] (net)
                      0.050697    0.000000    0.053747 ^ hold562/A (sky130_fd_sc_hd__clkbuf_2)
     1    0.004901    0.038009    0.101008    0.154754 ^ hold562/X (sky130_fd_sc_hd__clkbuf_2)
                                                         net561 (net)
                      0.038010    0.000210    0.154964 ^ hold486/A (sky130_fd_sc_hd__clkbuf_2)
     1    0.004487    0.036051    0.094925    0.249889 ^ hold486/X (sky130_fd_sc_hd__clkbuf_2)
                                                         net485 (net)
                      0.036051    0.000173    0.250062 ^ hold563/A (sky130_fd_sc_hd__clkbuf_2)
     1    0.004103    0.034236    0.092733    0.342794 ^ hold563/X (sky130_fd_sc_hd__clkbuf_2)
                                                         net562 (net)
                      0.034236    0.000153    0.342948 ^ input340/A (sky130_fd_sc_hd__buf_2)
     1    0.004817    0.035332    0.094741    0.437689 ^ input340/X (sky130_fd_sc_hd__buf_2)
                                                         net340 (net)
                      0.035333    0.000199    0.437887 ^ hold564/A (sky130_fd_sc_hd__clkbuf_2)
     1    0.004994    0.038500    0.095931    0.533818 ^ hold564/X (sky130_fd_sc_hd__clkbuf_2)
                                                         net563 (net)
                      0.038500    0.000199    0.534017 ^ hold487/A (sky130_fd_sc_hd__clkbuf_2)
     2    0.011474    0.070691    0.121983    0.655999 ^ hold487/X (sky130_fd_sc_hd__clkbuf_2)
                                                         net486 (net)
                      0.070692    0.000389    0.656389 ^ hold565/A (sky130_fd_sc_hd__clkbuf_2)
     2    0.010390    0.065549    0.129364    0.785753 ^ hold565/X (sky130_fd_sc_hd__clkbuf_2)
                                                         net564 (net)
                      0.065552    0.000479    0.786232 ^ _2592_/A2 (sky130_fd_sc_hd__o211a_2)
     1    0.009459    0.074804    0.193790    0.980022 ^ _2592_/X (sky130_fd_sc_hd__o211a_2)
                                                         _0074_ (net)
                      0.074805    0.000352    0.980374 ^ hold488/A (sky130_fd_sc_hd__clkbuf_2)
     1    0.007786    0.052434    0.120903    1.101277 ^ hold488/X (sky130_fd_sc_hd__clkbuf_2)
                                                         net487 (net)
                      0.052434    0.000251    1.101528 ^ _2647_/D (sky130_fd_sc_hd__dfxtp_2)
                                              1.101528   data arrival time

                                  0.000000    0.000000   clock clk (rise edge)
                                  0.000000    0.000000   clock source latency
     1    0.021153    0.100886    0.069830    0.069830 ^ clk (in)
                                                         clk (net)
                      0.100909    0.000000    0.069830 ^ clkbuf_0_clk/A (sky130_fd_sc_hd__clkbuf_16)
    16    0.095653    0.112396    0.199673    0.269503 ^ clkbuf_0_clk/X (sky130_fd_sc_hd__clkbuf_16)
                                                         clknet_0_clk (net)
                      0.113451    0.008723    0.278226 ^ clkbuf_4_0_0_clk/A (sky130_fd_sc_hd__clkbuf_8)
     6    0.016900    0.046595    0.152472    0.430698 ^ clkbuf_4_0_0_clk/X (sky130_fd_sc_hd__clkbuf_8)
                                                         clknet_4_0_0_clk (net)
                      0.046611    0.000792    0.431490 ^ _2647_/CLK (sky130_fd_sc_hd__dfxtp_2)
                                  0.200000    0.631490   clock uncertainty
                                  0.000000    0.631490   clock reconvergence pessimism
                                 -0.032517    0.598974   library hold time
                                              0.598974   data required time
---------------------------------------------------------------------------------------------
                                              0.598974   data required time
                                             -1.101528   data arrival time
---------------------------------------------------------------------------------------------
                                              0.502554   slack (MET)


Startpoint: _2665_ (rising edge-triggered flip-flop clocked by clk)
Endpoint: _2665_ (rising edge-triggered flip-flop clocked by clk)
Path Group: clk
Path Type: min

Fanout         Cap        Slew       Delay        Time   Description
---------------------------------------------------------------------------------------------
                                  0.000000    0.000000   clock clk (rise edge)
                                  0.000000    0.000000   clock source latency
     1    0.021153    0.100886    0.069830    0.069830 ^ clk (in)
                                                         clk (net)
                      0.100909    0.000000    0.069830 ^ clkbuf_0_clk/A (sky130_fd_sc_hd__clkbuf_16)
    16    0.095653    0.112396    0.199673    0.269503 ^ clkbuf_0_clk/X (sky130_fd_sc_hd__clkbuf_16)
                                                         clknet_0_clk (net)
                      0.113535    0.009053    0.278556 ^ clkbuf_4_7_0_clk/A (sky130_fd_sc_hd__clkbuf_8)
     6    0.017858    0.048085    0.154096    0.432652 ^ clkbuf_4_7_0_clk/X (sky130_fd_sc_hd__clkbuf_8)
                                                         clknet_4_7_0_clk (net)
                      0.048086    0.000339    0.432991 ^ _2665_/CLK (sky130_fd_sc_hd__dfxtp_2)
     6    0.027988    0.146737    0.395481    0.828472 ^ _2665_/Q (sky130_fd_sc_hd__dfxtp_2)
                                                         r2_mantissa[10] (net)
                      0.146737    0.000408    0.828879 ^ _1360_/A1 (sky130_fd_sc_hd__o211a_2)
     1    0.003425    0.044573    0.192507    1.021386 ^ _1360_/X (sky130_fd_sc_hd__o211a_2)
                                                         _0010_ (net)
                      0.044573    0.000115    1.021501 ^ hold548/A (sky130_fd_sc_hd__clkbuf_2)
     1    0.002895    0.028411    0.090216    1.111717 ^ hold548/X (sky130_fd_sc_hd__clkbuf_2)
                                                         net547 (net)
                      0.028411    0.000094    1.111811 ^ _2665_/D (sky130_fd_sc_hd__dfxtp_2)
                                              1.111811   data arrival time

                                  0.000000    0.000000   clock clk (rise edge)
                                  0.000000    0.000000   clock source latency
     1    0.021153    0.100886    0.069830    0.069830 ^ clk (in)
                                                         clk (net)
                      0.100909    0.000000    0.069830 ^ clkbuf_0_clk/A (sky130_fd_sc_hd__clkbuf_16)
    16    0.095653    0.112396    0.199673    0.269503 ^ clkbuf_0_clk/X (sky130_fd_sc_hd__clkbuf_16)
                                                         clknet_0_clk (net)
                      0.113535    0.009053    0.278556 ^ clkbuf_4_7_0_clk/A (sky130_fd_sc_hd__clkbuf_8)
     6    0.017858    0.048085    0.154096    0.432652 ^ clkbuf_4_7_0_clk/X (sky130_fd_sc_hd__clkbuf_8)
                                                         clknet_4_7_0_clk (net)
                      0.048086    0.000339    0.432991 ^ _2665_/CLK (sky130_fd_sc_hd__dfxtp_2)
                                  0.200000    0.632991   clock uncertainty
                                  0.000000    0.632991   clock reconvergence pessimism
                                 -0.027349    0.605642   library hold time
                                              0.605642   data required time
---------------------------------------------------------------------------------------------
                                              0.605642   data required time
                                             -1.111811   data arrival time
---------------------------------------------------------------------------------------------
                                              0.506169   slack (MET)


Startpoint: _2698_ (rising edge-triggered flip-flop clocked by clk)
Endpoint: _2698_ (rising edge-triggered flip-flop clocked by clk)
Path Group: clk
Path Type: min

Fanout         Cap        Slew       Delay        Time   Description
---------------------------------------------------------------------------------------------
                                  0.000000    0.000000   clock clk (rise edge)
                                  0.000000    0.000000   clock source latency
     1    0.021153    0.100886    0.069830    0.069830 ^ clk (in)
                                                         clk (net)
                      0.100909    0.000000    0.069830 ^ clkbuf_0_clk/A (sky130_fd_sc_hd__clkbuf_16)
    16    0.095653    0.112396    0.199673    0.269503 ^ clkbuf_0_clk/X (sky130_fd_sc_hd__clkbuf_16)
                                                         clknet_0_clk (net)
                      0.112895    0.006086    0.275589 ^ clkbuf_4_13_0_clk/A (sky130_fd_sc_hd__clkbuf_8)
     6    0.021959    0.053999    0.159518    0.435107 ^ clkbuf_4_13_0_clk/X (sky130_fd_sc_hd__clkbuf_8)
                                                         clknet_4_13_0_clk (net)
                      0.054019    0.000957    0.436063 ^ _2698_/CLK (sky130_fd_sc_hd__dfxtp_2)
     6    0.030002    0.156340    0.404664    0.840728 ^ _2698_/Q (sky130_fd_sc_hd__dfxtp_2)
                                                         r4_acc[10] (net)
                      0.156342    0.000755    0.841483 ^ _2505_/A1 (sky130_fd_sc_hd__a22o_2)
     1    0.002718    0.033749    0.161665    1.003148 ^ _2505_/X (sky130_fd_sc_hd__a22o_2)
                                                         _0485_ (net)
                      0.033749    0.000086    1.003234 ^ _2506_/B (sky130_fd_sc_hd__and2_2)
     1    0.002245    0.034424    0.121318    1.124552 ^ _2506_/X (sky130_fd_sc_hd__and2_2)
                                                         _0486_ (net)
                      0.034424    0.000049    1.124601 ^ _2698_/D (sky130_fd_sc_hd__dfxtp_2)
                                              1.124601   data arrival time

                                  0.000000    0.000000   clock clk (rise edge)
                                  0.000000    0.000000   clock source latency
     1    0.021153    0.100886    0.069830    0.069830 ^ clk (in)
                                                         clk (net)
                      0.100909    0.000000    0.069830 ^ clkbuf_0_clk/A (sky130_fd_sc_hd__clkbuf_16)
    16    0.095653    0.112396    0.199673    0.269503 ^ clkbuf_0_clk/X (sky130_fd_sc_hd__clkbuf_16)
                                                         clknet_0_clk (net)
                      0.112895    0.006086    0.275589 ^ clkbuf_4_13_0_clk/A (sky130_fd_sc_hd__clkbuf_8)
     6    0.021959    0.053999    0.159518    0.435107 ^ clkbuf_4_13_0_clk/X (sky130_fd_sc_hd__clkbuf_8)
                                                         clknet_4_13_0_clk (net)
                      0.054019    0.000957    0.436063 ^ _2698_/CLK (sky130_fd_sc_hd__dfxtp_2)
                                  0.200000    0.636063   clock uncertainty
                                  0.000000    0.636063   clock reconvergence pessimism
                                 -0.027814    0.608249   library hold time
                                              0.608249   data required time
---------------------------------------------------------------------------------------------
                                              0.608249   data required time
                                             -1.124601   data arrival time
---------------------------------------------------------------------------------------------
                                              0.516352   slack (MET)


Startpoint: _2701_ (rising edge-triggered flip-flop clocked by clk)
Endpoint: _2701_ (rising edge-triggered flip-flop clocked by clk)
Path Group: clk
Path Type: min

Fanout         Cap        Slew       Delay        Time   Description
---------------------------------------------------------------------------------------------
                                  0.000000    0.000000   clock clk (rise edge)
                                  0.000000    0.000000   clock source latency
     1    0.021153    0.100886    0.069830    0.069830 ^ clk (in)
                                                         clk (net)
                      0.100909    0.000000    0.069830 ^ clkbuf_0_clk/A (sky130_fd_sc_hd__clkbuf_16)
    16    0.095653    0.112396    0.199673    0.269503 ^ clkbuf_0_clk/X (sky130_fd_sc_hd__clkbuf_16)
                                                         clknet_0_clk (net)
                      0.112895    0.006086    0.275589 ^ clkbuf_4_13_0_clk/A (sky130_fd_sc_hd__clkbuf_8)
     6    0.021959    0.053999    0.159518    0.435107 ^ clkbuf_4_13_0_clk/X (sky130_fd_sc_hd__clkbuf_8)
                                                         clknet_4_13_0_clk (net)
                      0.054052    0.001437    0.436544 ^ _2701_/CLK (sky130_fd_sc_hd__dfxtp_2)
     5    0.028782    0.150527    0.400281    0.836825 ^ _2701_/Q (sky130_fd_sc_hd__dfxtp_2)
                                                         r4_acc[13] (net)
                      0.150531    0.000967    0.837792 ^ _2520_/A1 (sky130_fd_sc_hd__a22o_2)
     1    0.003460    0.036961    0.163913    1.001705 ^ _2520_/X (sky130_fd_sc_hd__a22o_2)
                                                         _0497_ (net)
                      0.036963    0.000124    1.001828 ^ _2521_/B (sky130_fd_sc_hd__and2_2)
     1    0.003212    0.038569    0.127251    1.129080 ^ _2521_/X (sky130_fd_sc_hd__and2_2)
                                                         _0498_ (net)
                      0.038569    0.000084    1.129164 ^ _2701_/D (sky130_fd_sc_hd__dfxtp_2)
                                              1.129164   data arrival time

                                  0.000000    0.000000   clock clk (rise edge)
                                  0.000000    0.000000   clock source latency
     1    0.021153    0.100886    0.069830    0.069830 ^ clk (in)
                                                         clk (net)
                      0.100909    0.000000    0.069830 ^ clkbuf_0_clk/A (sky130_fd_sc_hd__clkbuf_16)
    16    0.095653    0.112396    0.199673    0.269503 ^ clkbuf_0_clk/X (sky130_fd_sc_hd__clkbuf_16)
                                                         clknet_0_clk (net)
                      0.112895    0.006086    0.275589 ^ clkbuf_4_13_0_clk/A (sky130_fd_sc_hd__clkbuf_8)
     6    0.021959    0.053999    0.159518    0.435107 ^ clkbuf_4_13_0_clk/X (sky130_fd_sc_hd__clkbuf_8)
                                                         clknet_4_13_0_clk (net)
                      0.054052    0.001437    0.436544 ^ _2701_/CLK (sky130_fd_sc_hd__dfxtp_2)
                                  0.200000    0.636544   clock uncertainty
                                  0.000000    0.636544   clock reconvergence pessimism
                                 -0.028667    0.607877   library hold time
                                              0.607877   data required time
---------------------------------------------------------------------------------------------
                                              0.607877   data required time
                                             -1.129164   data arrival time
---------------------------------------------------------------------------------------------
                                              0.521287   slack (MET)


Startpoint: _2694_ (rising edge-triggered flip-flop clocked by clk)
Endpoint: _2694_ (rising edge-triggered flip-flop clocked by clk)
Path Group: clk
Path Type: min

Fanout         Cap        Slew       Delay        Time   Description
---------------------------------------------------------------------------------------------
                                  0.000000    0.000000   clock clk (rise edge)
                                  0.000000    0.000000   clock source latency
     1    0.021153    0.100886    0.069830    0.069830 ^ clk (in)
                                                         clk (net)
                      0.100909    0.000000    0.069830 ^ clkbuf_0_clk/A (sky130_fd_sc_hd__clkbuf_16)
    16    0.095653    0.112396    0.199673    0.269503 ^ clkbuf_0_clk/X (sky130_fd_sc_hd__clkbuf_16)
                                                         clknet_0_clk (net)
                      0.112912    0.006184    0.275687 ^ clkbuf_4_12_0_clk/A (sky130_fd_sc_hd__clkbuf_8)
     6    0.019600    0.050825    0.156411    0.432097 ^ clkbuf_4_12_0_clk/X (sky130_fd_sc_hd__clkbuf_8)
                                                         clknet_4_12_0_clk (net)
                      0.050827    0.000411    0.432509 ^ _2694_/CLK (sky130_fd_sc_hd__dfxtp_2)
     5    0.031088    0.161613    0.407199    0.839707 ^ _2694_/Q (sky130_fd_sc_hd__dfxtp_2)
                                                         r4_acc[6] (net)
                      0.161614    0.000608    0.840315 ^ _2488_/A1 (sky130_fd_sc_hd__a22o_2)
     1    0.002591    0.033211    0.162554    1.002869 ^ _2488_/X (sky130_fd_sc_hd__a22o_2)
                                                         _0472_ (net)
                      0.033211    0.000061    1.002931 ^ _2489_/B (sky130_fd_sc_hd__and2_2)
     1    0.002756    0.036613    0.123775    1.126705 ^ _2489_/X (sky130_fd_sc_hd__and2_2)
                                                         _0473_ (net)
                      0.036613    0.000067    1.126772 ^ _2694_/D (sky130_fd_sc_hd__dfxtp_2)
                                              1.126772   data arrival time

                                  0.000000    0.000000   clock clk (rise edge)
                                  0.000000    0.000000   clock source latency
     1    0.021153    0.100886    0.069830    0.069830 ^ clk (in)
                                                         clk (net)
                      0.100909    0.000000    0.069830 ^ clkbuf_0_clk/A (sky130_fd_sc_hd__clkbuf_16)
    16    0.095653    0.112396    0.199673    0.269503 ^ clkbuf_0_clk/X (sky130_fd_sc_hd__clkbuf_16)
                                                         clknet_0_clk (net)
                      0.112912    0.006184    0.275687 ^ clkbuf_4_12_0_clk/A (sky130_fd_sc_hd__clkbuf_8)
     6    0.019600    0.050825    0.156411    0.432097 ^ clkbuf_4_12_0_clk/X (sky130_fd_sc_hd__clkbuf_8)
                                                         clknet_4_12_0_clk (net)
                      0.050827    0.000411    0.432509 ^ _2694_/CLK (sky130_fd_sc_hd__dfxtp_2)
                                  0.200000    0.632509   clock uncertainty
                                  0.000000    0.632509   clock reconvergence pessimism
                                 -0.028686    0.603822   library hold time
                                              0.603822   data required time
---------------------------------------------------------------------------------------------
                                              0.603822   data required time
                                             -1.126772   data arrival time
---------------------------------------------------------------------------------------------
                                              0.522950   slack (MET)


Startpoint: b_in[11] (input port clocked by clk)
Endpoint: _2649_ (rising edge-triggered flip-flop clocked by clk)
Path Group: clk
Path Type: min

Fanout         Cap        Slew       Delay        Time   Description
---------------------------------------------------------------------------------------------
                                  0.000000    0.000000   clock clk (rise edge)
                                  0.000000    0.000000   clock network delay (propagated)
                                  0.020000    0.020000 ^ input external delay
     1    0.009867    0.050858    0.033774    0.053774 ^ b_in[11] (in)
                                                         b_in[11] (net)
                      0.050864    0.000000    0.053774 ^ hold566/A (sky130_fd_sc_hd__clkbuf_2)
     1    0.005927    0.043021    0.105015    0.158789 ^ hold566/X (sky130_fd_sc_hd__clkbuf_2)
                                                         net565 (net)
                      0.043022    0.000270    0.159059 ^ hold453/A (sky130_fd_sc_hd__clkbuf_2)
     1    0.005706    0.041950    0.101384    0.260443 ^ hold453/X (sky130_fd_sc_hd__clkbuf_2)
                                                         net452 (net)
                      0.041951    0.000260    0.260703 ^ hold567/A (sky130_fd_sc_hd__clkbuf_2)
     1    0.004958    0.038307    0.098133    0.358835 ^ hold567/X (sky130_fd_sc_hd__clkbuf_2)
                                                         net566 (net)
                      0.038308    0.000210    0.359045 ^ input327/A (sky130_fd_sc_hd__buf_2)
     1    0.004106    0.032306    0.093609    0.452654 ^ input327/X (sky130_fd_sc_hd__buf_2)
                                                         net327 (net)
                      0.032306    0.000149    0.452803 ^ hold568/A (sky130_fd_sc_hd__clkbuf_2)
     1    0.002834    0.028152    0.085562    0.538365 ^ hold568/X (sky130_fd_sc_hd__clkbuf_2)
                                                         net567 (net)
                      0.028152    0.000061    0.538426 ^ hold454/A (sky130_fd_sc_hd__clkbuf_2)
     2    0.011748    0.071940    0.119288    0.657715 ^ hold454/X (sky130_fd_sc_hd__clkbuf_2)
                                                         net453 (net)
                      0.071942    0.000461    0.658176 ^ hold569/A (sky130_fd_sc_hd__clkbuf_2)
     2    0.010984    0.068486    0.132143    0.790319 ^ hold569/X (sky130_fd_sc_hd__clkbuf_2)
                                                         net568 (net)
                      0.068487    0.000390    0.790709 ^ _2596_/A2 (sky130_fd_sc_hd__o211a_2)
     1    0.013216    0.093218    0.210999    1.001707 ^ _2596_/X (sky130_fd_sc_hd__o211a_2)
                                                         _0076_ (net)
                      0.093224    0.000861    1.002568 ^ hold455/A (sky130_fd_sc_hd__clkbuf_2)
     1    0.008218    0.054687    0.129249    1.131818 ^ hold455/X (sky130_fd_sc_hd__clkbuf_2)
                                                         net454 (net)
                      0.054688    0.000332    1.132150 ^ _2649_/D (sky130_fd_sc_hd__dfxtp_2)
                                              1.132150   data arrival time

                                  0.000000    0.000000   clock clk (rise edge)
                                  0.000000    0.000000   clock source latency
     1    0.021153    0.100886    0.069830    0.069830 ^ clk (in)
                                                         clk (net)
                      0.100909    0.000000    0.069830 ^ clkbuf_0_clk/A (sky130_fd_sc_hd__clkbuf_16)
    16    0.095653    0.112396    0.199673    0.269503 ^ clkbuf_0_clk/X (sky130_fd_sc_hd__clkbuf_16)
                                                         clknet_0_clk (net)
                      0.113521    0.008998    0.278501 ^ clkbuf_4_4_0_clk/A (sky130_fd_sc_hd__clkbuf_8)
     6    0.020949    0.052557    0.158387    0.436888 ^ clkbuf_4_4_0_clk/X (sky130_fd_sc_hd__clkbuf_8)
                                                         clknet_4_4_0_clk (net)
                      0.052584    0.001062    0.437950 ^ _2649_/CLK (sky130_fd_sc_hd__dfxtp_2)
                                  0.200000    0.637950   clock uncertainty
                                  0.000000    0.637950   clock reconvergence pessimism
                                 -0.032195    0.605754   library hold time
                                              0.605754   data required time
---------------------------------------------------------------------------------------------
                                              0.605754   data required time
                                             -1.132150   data arrival time
---------------------------------------------------------------------------------------------
                                              0.526396   slack (MET)


Startpoint: _2692_ (rising edge-triggered flip-flop clocked by clk)
Endpoint: _2692_ (rising edge-triggered flip-flop clocked by clk)
Path Group: clk
Path Type: min

Fanout         Cap        Slew       Delay        Time   Description
---------------------------------------------------------------------------------------------
                                  0.000000    0.000000   clock clk (rise edge)
                                  0.000000    0.000000   clock source latency
     1    0.021153    0.100886    0.069830    0.069830 ^ clk (in)
                                                         clk (net)
                      0.100909    0.000000    0.069830 ^ clkbuf_0_clk/A (sky130_fd_sc_hd__clkbuf_16)
    16    0.095653    0.112396    0.199673    0.269503 ^ clkbuf_0_clk/X (sky130_fd_sc_hd__clkbuf_16)
                                                         clknet_0_clk (net)
                      0.112956    0.006431    0.275934 ^ clkbuf_4_15_0_clk/A (sky130_fd_sc_hd__clkbuf_8)
     6    0.021474    0.053337    0.159160    0.435094 ^ clkbuf_4_15_0_clk/X (sky130_fd_sc_hd__clkbuf_8)
                                                         clknet_4_15_0_clk (net)
                      0.053347    0.000661    0.435756 ^ _2692_/CLK (sky130_fd_sc_hd__dfxtp_2)
     6    0.034841    0.179695    0.420807    0.856563 ^ _2692_/Q (sky130_fd_sc_hd__dfxtp_2)
                                                         r4_acc[4] (net)
                      0.179696    0.000740    0.857303 ^ _2475_/A1 (sky130_fd_sc_hd__a22o_2)
     1    0.001868    0.030195    0.164016    1.021319 ^ _2475_/X (sky130_fd_sc_hd__a22o_2)
                                                         _0461_ (net)
                      0.030195    0.000037    1.021356 ^ _2476_/B (sky130_fd_sc_hd__and2_2)
     1    0.002302    0.034674    0.120533    1.141889 ^ _2476_/X (sky130_fd_sc_hd__and2_2)
                                                         _0462_ (net)
                      0.034674    0.000051    1.141940 ^ _2692_/D (sky130_fd_sc_hd__dfxtp_2)
                                              1.141940   data arrival time

                                  0.000000    0.000000   clock clk (rise edge)
                                  0.000000    0.000000   clock source latency
     1    0.021153    0.100886    0.069830    0.069830 ^ clk (in)
                                                         clk (net)
                      0.100909    0.000000    0.069830 ^ clkbuf_0_clk/A (sky130_fd_sc_hd__clkbuf_16)
    16    0.095653    0.112396    0.199673    0.269503 ^ clkbuf_0_clk/X (sky130_fd_sc_hd__clkbuf_16)
                                                         clknet_0_clk (net)
                      0.112956    0.006431    0.275934 ^ clkbuf_4_15_0_clk/A (sky130_fd_sc_hd__clkbuf_8)
     6    0.021474    0.053337    0.159160    0.435094 ^ clkbuf_4_15_0_clk/X (sky130_fd_sc_hd__clkbuf_8)
                                                         clknet_4_15_0_clk (net)
                      0.053347    0.000661    0.435756 ^ _2692_/CLK (sky130_fd_sc_hd__dfxtp_2)
                                  0.200000    0.635756   clock uncertainty
                                  0.000000    0.635756   clock reconvergence pessimism
                                 -0.027954    0.607802   library hold time
                                              0.607802   data required time
---------------------------------------------------------------------------------------------
                                              0.607802   data required time
                                             -1.141940   data arrival time
---------------------------------------------------------------------------------------------
                                              0.534138   slack (MET)


Startpoint: _2689_ (rising edge-triggered flip-flop clocked by clk)
Endpoint: _2689_ (rising edge-triggered flip-flop clocked by clk)
Path Group: clk
Path Type: min

Fanout         Cap        Slew       Delay        Time   Description
---------------------------------------------------------------------------------------------
                                  0.000000    0.000000   clock clk (rise edge)
                                  0.000000    0.000000   clock source latency
     1    0.021153    0.100886    0.069830    0.069830 ^ clk (in)
                                                         clk (net)
                      0.100909    0.000000    0.069830 ^ clkbuf_0_clk/A (sky130_fd_sc_hd__clkbuf_16)
    16    0.095653    0.112396    0.199673    0.269503 ^ clkbuf_0_clk/X (sky130_fd_sc_hd__clkbuf_16)
                                                         clknet_0_clk (net)
                      0.112957    0.006433    0.275936 ^ clkbuf_4_14_0_clk/A (sky130_fd_sc_hd__clkbuf_8)
     6    0.020277    0.051853    0.157323    0.433259 ^ clkbuf_4_14_0_clk/X (sky130_fd_sc_hd__clkbuf_8)
                                                         clknet_4_14_0_clk (net)
                      0.051865    0.000775    0.434034 ^ _2689_/CLK (sky130_fd_sc_hd__dfxtp_2)
     8    0.037291    0.191090    0.429047    0.863081 ^ _2689_/Q (sky130_fd_sc_hd__dfxtp_2)
                                                         r4_acc[1] (net)
                      0.191091    0.000811    0.863893 ^ _2454_/A1 (sky130_fd_sc_hd__a22o_2)
     1    0.002091    0.031130    0.168603    1.032496 ^ _2454_/X (sky130_fd_sc_hd__a22o_2)
                                                         _0443_ (net)
                      0.031130    0.000043    1.032539 ^ _2455_/B (sky130_fd_sc_hd__and2_2)
     1    0.002836    0.036962    0.123552    1.156091 ^ _2455_/X (sky130_fd_sc_hd__and2_2)
                                                         _0444_ (net)
                      0.036962    0.000091    1.156182 ^ _2689_/D (sky130_fd_sc_hd__dfxtp_2)
                                              1.156182   data arrival time

                                  0.000000    0.000000   clock clk (rise edge)
                                  0.000000    0.000000   clock source latency
     1    0.021153    0.100886    0.069830    0.069830 ^ clk (in)
                                                         clk (net)
                      0.100909    0.000000    0.069830 ^ clkbuf_0_clk/A (sky130_fd_sc_hd__clkbuf_16)
    16    0.095653    0.112396    0.199673    0.269503 ^ clkbuf_0_clk/X (sky130_fd_sc_hd__clkbuf_16)
                                                         clknet_0_clk (net)
                      0.112957    0.006433    0.275936 ^ clkbuf_4_14_0_clk/A (sky130_fd_sc_hd__clkbuf_8)
     6    0.020277    0.051853    0.157323    0.433259 ^ clkbuf_4_14_0_clk/X (sky130_fd_sc_hd__clkbuf_8)
                                                         clknet_4_14_0_clk (net)
                      0.051865    0.000775    0.434034 ^ _2689_/CLK (sky130_fd_sc_hd__dfxtp_2)
                                  0.200000    0.634034   clock uncertainty
                                  0.000000    0.634034   clock reconvergence pessimism
                                 -0.028622    0.605412   library hold time
                                              0.605412   data required time
---------------------------------------------------------------------------------------------
                                              0.605412   data required time
                                             -1.156182   data arrival time
---------------------------------------------------------------------------------------------
                                              0.550770   slack (MET)


Startpoint: _2700_ (rising edge-triggered flip-flop clocked by clk)
Endpoint: _2700_ (rising edge-triggered flip-flop clocked by clk)
Path Group: clk
Path Type: min

Fanout         Cap        Slew       Delay        Time   Description
---------------------------------------------------------------------------------------------
                                  0.000000    0.000000   clock clk (rise edge)
                                  0.000000    0.000000   clock source latency
     1    0.021153    0.100886    0.069830    0.069830 ^ clk (in)
                                                         clk (net)
                      0.100909    0.000000    0.069830 ^ clkbuf_0_clk/A (sky130_fd_sc_hd__clkbuf_16)
    16    0.095653    0.112396    0.199673    0.269503 ^ clkbuf_0_clk/X (sky130_fd_sc_hd__clkbuf_16)
                                                         clknet_0_clk (net)
                      0.112895    0.006086    0.275589 ^ clkbuf_4_13_0_clk/A (sky130_fd_sc_hd__clkbuf_8)
     6    0.021959    0.053999    0.159518    0.435107 ^ clkbuf_4_13_0_clk/X (sky130_fd_sc_hd__clkbuf_8)
                                                         clknet_4_13_0_clk (net)
                      0.054041    0.001291    0.436398 ^ _2700_/CLK (sky130_fd_sc_hd__dfxtp_2)
     6    0.037705    0.193101    0.431237    0.867634 ^ _2700_/Q (sky130_fd_sc_hd__dfxtp_2)
                                                         r4_acc[12] (net)
                      0.193101    0.000598    0.868232 ^ _2514_/A1 (sky130_fd_sc_hd__a22o_2)
     1    0.003462    0.036962    0.176648    1.044880 ^ _2514_/X (sky130_fd_sc_hd__a22o_2)
                                                         _0492_ (net)
                      0.036963    0.000120    1.045000 ^ _2515_/B (sky130_fd_sc_hd__and2_2)
     1    0.003023    0.037751    0.126277    1.171277 ^ _2515_/X (sky130_fd_sc_hd__and2_2)
                                                         _0493_ (net)
                      0.037751    0.000099    1.171376 ^ _2700_/D (sky130_fd_sc_hd__dfxtp_2)
                                              1.171376   data arrival time

                                  0.000000    0.000000   clock clk (rise edge)
                                  0.000000    0.000000   clock source latency
     1    0.021153    0.100886    0.069830    0.069830 ^ clk (in)
                                                         clk (net)
                      0.100909    0.000000    0.069830 ^ clkbuf_0_clk/A (sky130_fd_sc_hd__clkbuf_16)
    16    0.095653    0.112396    0.199673    0.269503 ^ clkbuf_0_clk/X (sky130_fd_sc_hd__clkbuf_16)
                                                         clknet_0_clk (net)
                      0.112895    0.006086    0.275589 ^ clkbuf_4_13_0_clk/A (sky130_fd_sc_hd__clkbuf_8)
     6    0.021959    0.053999    0.159518    0.435107 ^ clkbuf_4_13_0_clk/X (sky130_fd_sc_hd__clkbuf_8)
                                                         clknet_4_13_0_clk (net)
                      0.054041    0.001291    0.436398 ^ _2700_/CLK (sky130_fd_sc_hd__dfxtp_2)
                                  0.200000    0.636398   clock uncertainty
                                  0.000000    0.636398   clock reconvergence pessimism
                                 -0.028500    0.607898   library hold time
                                              0.607898   data required time
---------------------------------------------------------------------------------------------
                                              0.607898   data required time
                                             -1.171376   data arrival time
---------------------------------------------------------------------------------------------
                                              0.563477   slack (MET)


Startpoint: b_in[10] (input port clocked by clk)
Endpoint: _2648_ (rising edge-triggered flip-flop clocked by clk)
Path Group: clk
Path Type: min

Fanout         Cap        Slew       Delay        Time   Description
---------------------------------------------------------------------------------------------
                                  0.000000    0.000000   clock clk (rise edge)
                                  0.000000    0.000000   clock network delay (propagated)
                                  0.020000    0.020000 ^ input external delay
     1    0.010785    0.054955    0.036745    0.056745 ^ b_in[10] (in)
                                                         b_in[10] (net)
                      0.054961    0.000000    0.056745 ^ hold543/A (sky130_fd_sc_hd__clkbuf_2)
     1    0.006334    0.045036    0.108034    0.164779 ^ hold543/X (sky130_fd_sc_hd__clkbuf_2)
                                                         net542 (net)
                      0.045038    0.000319    0.165098 ^ hold465/A (sky130_fd_sc_hd__clkbuf_2)
     1    0.005447    0.040676    0.101106    0.266204 ^ hold465/X (sky130_fd_sc_hd__clkbuf_2)
                                                         net464 (net)
                      0.040677    0.000235    0.266438 ^ hold544/A (sky130_fd_sc_hd__clkbuf_2)
     1    0.006675    0.046731    0.104255    0.370694 ^ hold544/X (sky130_fd_sc_hd__clkbuf_2)
                                                         net543 (net)
                      0.046734    0.000381    0.371075 ^ input326/A (sky130_fd_sc_hd__buf_2)
     1    0.002833    0.026921    0.091369    0.462444 ^ input326/X (sky130_fd_sc_hd__buf_2)
                                                         net326 (net)
                      0.026921    0.000060    0.462504 ^ hold545/A (sky130_fd_sc_hd__clkbuf_2)
     1    0.005563    0.041282    0.095123    0.557627 ^ hold545/X (sky130_fd_sc_hd__clkbuf_2)
                                                         net544 (net)
                      0.041283    0.000258    0.557886 ^ hold466/A (sky130_fd_sc_hd__clkbuf_2)
     2    0.014973    0.088578    0.135500    0.693386 ^ hold466/X (sky130_fd_sc_hd__clkbuf_2)
                                                         net465 (net)
                      0.088579    0.000517    0.693902 ^ hold546/A (sky130_fd_sc_hd__clkbuf_2)
     2    0.011950    0.072966    0.141918    0.835821 ^ hold546/X (sky130_fd_sc_hd__clkbuf_2)
                                                         net545 (net)
                      0.072967    0.000410    0.836231 ^ _2594_/A2 (sky130_fd_sc_hd__o211a_2)
     1    0.010036    0.077875    0.198291    1.034522 ^ _2594_/X (sky130_fd_sc_hd__o211a_2)
                                                         _0075_ (net)
                      0.077876    0.000363    1.034885 ^ hold467/A (sky130_fd_sc_hd__clkbuf_2)
     2    0.012235    0.074436    0.139003    1.173888 ^ hold467/X (sky130_fd_sc_hd__clkbuf_2)
                                                         net466 (net)
                      0.074438    0.000514    1.174402 ^ _2648_/D (sky130_fd_sc_hd__dfxtp_2)
                                              1.174402   data arrival time

                                  0.000000    0.000000   clock clk (rise edge)
                                  0.000000    0.000000   clock source latency
     1    0.021153    0.100886    0.069830    0.069830 ^ clk (in)
                                                         clk (net)
                      0.100909    0.000000    0.069830 ^ clkbuf_0_clk/A (sky130_fd_sc_hd__clkbuf_16)
    16    0.095653    0.112396    0.199673    0.269503 ^ clkbuf_0_clk/X (sky130_fd_sc_hd__clkbuf_16)
                                                         clknet_0_clk (net)
                      0.113501    0.008919    0.278422 ^ clkbuf_4_6_0_clk/A (sky130_fd_sc_hd__clkbuf_8)
     6    0.017518    0.047535    0.153469    0.431891 ^ clkbuf_4_6_0_clk/X (sky130_fd_sc_hd__clkbuf_8)
                                                         clknet_4_6_0_clk (net)
                      0.047547    0.000732    0.432623 ^ _2648_/CLK (sky130_fd_sc_hd__dfxtp_2)
                                  0.200000    0.632623   clock uncertainty
                                  0.000000    0.632623   clock reconvergence pessimism
                                 -0.036949    0.595674   library hold time
                                              0.595674   data required time
---------------------------------------------------------------------------------------------
                                              0.595674   data required time
                                             -1.174402   data arrival time
---------------------------------------------------------------------------------------------
                                              0.578728   slack (MET)


Startpoint: _2668_ (rising edge-triggered flip-flop clocked by clk)
Endpoint: _2668_ (rising edge-triggered flip-flop clocked by clk)
Path Group: clk
Path Type: min

Fanout         Cap        Slew       Delay        Time   Description
---------------------------------------------------------------------------------------------
                                  0.000000    0.000000   clock clk (rise edge)
                                  0.000000    0.000000   clock source latency
     1    0.021153    0.100886    0.069830    0.069830 ^ clk (in)
                                                         clk (net)
                      0.100909    0.000000    0.069830 ^ clkbuf_0_clk/A (sky130_fd_sc_hd__clkbuf_16)
    16    0.095653    0.112396    0.199673    0.269503 ^ clkbuf_0_clk/X (sky130_fd_sc_hd__clkbuf_16)
                                                         clknet_0_clk (net)
                      0.113451    0.008723    0.278226 ^ clkbuf_4_0_0_clk/A (sky130_fd_sc_hd__clkbuf_8)
     6    0.016900    0.046595    0.152472    0.430698 ^ clkbuf_4_0_0_clk/X (sky130_fd_sc_hd__clkbuf_8)
                                                         clknet_4_0_0_clk (net)
                      0.046607    0.000708    0.431406 ^ _2668_/CLK (sky130_fd_sc_hd__dfxtp_2)
     8    0.045785    0.232784    0.455464    0.886870 ^ _2668_/Q (sky130_fd_sc_hd__dfxtp_2)
                                                         r2_mantissa[13] (net)
                      0.232784    0.000543    0.887412 ^ _1366_/A1 (sky130_fd_sc_hd__o211a_2)
     1    0.003320    0.043982    0.208864    1.096276 ^ _1366_/X (sky130_fd_sc_hd__o211a_2)
                                                         _0013_ (net)
                      0.043982    0.000131    1.096408 ^ hold535/A (sky130_fd_sc_hd__clkbuf_2)
     1    0.002547    0.026838    0.088409    1.184816 ^ hold535/X (sky130_fd_sc_hd__clkbuf_2)
                                                         net534 (net)
                      0.026838    0.000077    1.184893 ^ _2668_/D (sky130_fd_sc_hd__dfxtp_2)
                                              1.184893   data arrival time

                                  0.000000    0.000000   clock clk (rise edge)
                                  0.000000    0.000000   clock source latency
     1    0.021153    0.100886    0.069830    0.069830 ^ clk (in)
                                                         clk (net)
                      0.100909    0.000000    0.069830 ^ clkbuf_0_clk/A (sky130_fd_sc_hd__clkbuf_16)
    16    0.095653    0.112396    0.199673    0.269503 ^ clkbuf_0_clk/X (sky130_fd_sc_hd__clkbuf_16)
                                                         clknet_0_clk (net)
                      0.113451    0.008723    0.278226 ^ clkbuf_4_0_0_clk/A (sky130_fd_sc_hd__clkbuf_8)
     6    0.016900    0.046595    0.152472    0.430698 ^ clkbuf_4_0_0_clk/X (sky130_fd_sc_hd__clkbuf_8)
                                                         clknet_4_0_0_clk (net)
                      0.046607    0.000708    0.431406 ^ _2668_/CLK (sky130_fd_sc_hd__dfxtp_2)
                                  0.200000    0.631406   clock uncertainty
                                  0.000000    0.631406   clock reconvergence pessimism
                                 -0.027217    0.604189   library hold time
                                              0.604189   data required time
---------------------------------------------------------------------------------------------
                                              0.604189   data required time
                                             -1.184893   data arrival time
---------------------------------------------------------------------------------------------
                                              0.580704   slack (MET)


Startpoint: b_in[12] (input port clocked by clk)
Endpoint: _2650_ (rising edge-triggered flip-flop clocked by clk)
Path Group: clk
Path Type: min

Fanout         Cap        Slew       Delay        Time   Description
---------------------------------------------------------------------------------------------
                                  0.000000    0.000000   clock clk (rise edge)
                                  0.000000    0.000000   clock network delay (propagated)
                                  0.020000    0.020000 ^ input external delay
     2    0.011954    0.060157    0.040544    0.060544 ^ b_in[12] (in)
                                                         b_in[12] (net)
                      0.060165    0.000000    0.060544 ^ hold554/A (sky130_fd_sc_hd__clkbuf_2)
     1    0.005024    0.038665    0.104911    0.165455 ^ hold554/X (sky130_fd_sc_hd__clkbuf_2)
                                                         net553 (net)
                      0.038666    0.000214    0.165669 ^ hold474/A (sky130_fd_sc_hd__clkbuf_2)
     1    0.009599    0.061503    0.114703    0.280371 ^ hold474/X (sky130_fd_sc_hd__clkbuf_2)
                                                         net473 (net)
                      0.061510    0.000686    0.281057 ^ hold555/A (sky130_fd_sc_hd__clkbuf_2)
     1    0.004372    0.035542    0.102898    0.383956 ^ hold555/X (sky130_fd_sc_hd__clkbuf_2)
                                                         net554 (net)
                      0.035547    0.000176    0.384132 ^ input328/A (sky130_fd_sc_hd__buf_2)
     1    0.006843    0.044069    0.102361    0.486492 ^ input328/X (sky130_fd_sc_hd__buf_2)
                                                         net328 (net)
                      0.044072    0.000389    0.486882 ^ hold556/A (sky130_fd_sc_hd__clkbuf_2)
     1    0.006755    0.047173    0.105780    0.592662 ^ hold556/X (sky130_fd_sc_hd__clkbuf_2)
                                                         net555 (net)
                      0.047175    0.000337    0.592999 ^ hold475/A (sky130_fd_sc_hd__clkbuf_2)
     2    0.010627    0.066703    0.121821    0.714820 ^ hold475/X (sky130_fd_sc_hd__clkbuf_2)
                                                         net474 (net)
                      0.066703    0.000287    0.715107 ^ hold557/A (sky130_fd_sc_hd__clkbuf_2)
     2    0.014675    0.086865    0.143361    0.858469 ^ hold557/X (sky130_fd_sc_hd__clkbuf_2)
                                                         net556 (net)
                      0.086937    0.001414    0.859882 ^ _2598_/A2 (sky130_fd_sc_hd__o211a_2)
     1    0.010670    0.081153    0.204503    1.064385 ^ _2598_/X (sky130_fd_sc_hd__o211a_2)
                                                         _0077_ (net)
                      0.081156    0.000597    1.064982 ^ hold476/A (sky130_fd_sc_hd__clkbuf_2)
     1    0.011311    0.070023    0.136592    1.201574 ^ hold476/X (sky130_fd_sc_hd__clkbuf_2)
                                                         net475 (net)
                      0.070033    0.000857    1.202431 ^ _2650_/D (sky130_fd_sc_hd__dfxtp_2)
                                              1.202431   data arrival time

                                  0.000000    0.000000   clock clk (rise edge)
                                  0.000000    0.000000   clock source latency
     1    0.021153    0.100886    0.069830    0.069830 ^ clk (in)
                                                         clk (net)
                      0.100909    0.000000    0.069830 ^ clkbuf_0_clk/A (sky130_fd_sc_hd__clkbuf_16)
    16    0.095653    0.112396    0.199673    0.269503 ^ clkbuf_0_clk/X (sky130_fd_sc_hd__clkbuf_16)
                                                         clknet_0_clk (net)
                      0.113501    0.008919    0.278422 ^ clkbuf_4_6_0_clk/A (sky130_fd_sc_hd__clkbuf_8)
     6    0.017518    0.047535    0.153469    0.431891 ^ clkbuf_4_6_0_clk/X (sky130_fd_sc_hd__clkbuf_8)
                                                         clknet_4_6_0_clk (net)
                      0.047546    0.000719    0.432609 ^ _2650_/CLK (sky130_fd_sc_hd__dfxtp_2)
                                  0.200000    0.632609   clock uncertainty
                                  0.000000    0.632609   clock reconvergence pessimism
                                 -0.036037    0.596572   library hold time
                                              0.596572   data required time
---------------------------------------------------------------------------------------------
                                              0.596572   data required time
                                             -1.202431   data arrival time
---------------------------------------------------------------------------------------------
                                              0.605859   slack (MET)


Startpoint: _2642_ (rising edge-triggered flip-flop clocked by clk)
Endpoint: b_out[4] (output port clocked by clk)
Path Group: clk
Path Type: min

Fanout         Cap        Slew       Delay        Time   Description
---------------------------------------------------------------------------------------------
                                  0.000000    0.000000   clock clk (rise edge)
                                  0.000000    0.000000   clock source latency
     1    0.021153    0.100886    0.069830    0.069830 ^ clk (in)
                                                         clk (net)
                      0.100909    0.000000    0.069830 ^ clkbuf_0_clk/A (sky130_fd_sc_hd__clkbuf_16)
    16    0.095653    0.112396    0.199673    0.269503 ^ clkbuf_0_clk/X (sky130_fd_sc_hd__clkbuf_16)
                                                         clknet_0_clk (net)
                      0.113403    0.008527    0.278030 ^ clkbuf_4_1_0_clk/A (sky130_fd_sc_hd__clkbuf_8)
     6    0.015926    0.045092    0.151172    0.429202 ^ clkbuf_4_1_0_clk/X (sky130_fd_sc_hd__clkbuf_8)
                                                         clknet_4_1_0_clk (net)
                      0.045093    0.000286    0.429488 ^ _2642_/CLK (sky130_fd_sc_hd__dfxtp_2)
     2    0.005504    0.028413    0.310244    0.739731 v _2642_/Q (sky130_fd_sc_hd__dfxtp_2)
                                                         net388 (net)
                      0.028413    0.000160    0.739891 v output388/A (sky130_fd_sc_hd__buf_2)
     1    0.036412    0.092801    0.176281    0.916172 v output388/X (sky130_fd_sc_hd__buf_2)
                                                         b_out[4] (net)
                      0.092832    0.001584    0.917756 v b_out[4] (out)
                                              0.917756   data arrival time

                                  0.000000    0.000000   clock clk (rise edge)
                                  0.000000    0.000000   clock network delay (propagated)
                                  0.200000    0.200000   clock uncertainty
                                  0.000000    0.200000   clock reconvergence pessimism
                                 -0.020000    0.180000   output external delay
                                              0.180000   data required time
---------------------------------------------------------------------------------------------
                                              0.180000   data required time
                                             -0.917756   data arrival time
---------------------------------------------------------------------------------------------
                                              0.737756   slack (MET)


Startpoint: _2640_ (rising edge-triggered flip-flop clocked by clk)
Endpoint: b_out[2] (output port clocked by clk)
Path Group: clk
Path Type: min

Fanout         Cap        Slew       Delay        Time   Description
---------------------------------------------------------------------------------------------
                                  0.000000    0.000000   clock clk (rise edge)
                                  0.000000    0.000000   clock source latency
     1    0.021153    0.100886    0.069830    0.069830 ^ clk (in)
                                                         clk (net)
                      0.100909    0.000000    0.069830 ^ clkbuf_0_clk/A (sky130_fd_sc_hd__clkbuf_16)
    16    0.095653    0.112396    0.199673    0.269503 ^ clkbuf_0_clk/X (sky130_fd_sc_hd__clkbuf_16)
                                                         clknet_0_clk (net)
                      0.113274    0.007980    0.277483 ^ clkbuf_4_2_0_clk/A (sky130_fd_sc_hd__clkbuf_8)
     6    0.019204    0.050162    0.155866    0.433349 ^ clkbuf_4_2_0_clk/X (sky130_fd_sc_hd__clkbuf_8)
                                                         clknet_4_2_0_clk (net)
                      0.050170    0.000652    0.434001 ^ _2640_/CLK (sky130_fd_sc_hd__dfxtp_2)
     2    0.005337    0.028111    0.311680    0.745681 v _2640_/Q (sky130_fd_sc_hd__dfxtp_2)
                                                         net386 (net)
                      0.028111    0.000150    0.745832 v output386/A (sky130_fd_sc_hd__buf_2)
     1    0.035665    0.092927    0.174903    0.920734 v output386/X (sky130_fd_sc_hd__buf_2)
                                                         b_out[2] (net)
                      0.092948    0.001335    0.922069 v b_out[2] (out)
                                              0.922069   data arrival time

                                  0.000000    0.000000   clock clk (rise edge)
                                  0.000000    0.000000   clock network delay (propagated)
                                  0.200000    0.200000   clock uncertainty
                                  0.000000    0.200000   clock reconvergence pessimism
                                 -0.020000    0.180000   output external delay
                                              0.180000   data required time
---------------------------------------------------------------------------------------------
                                              0.180000   data required time
                                             -0.922069   data arrival time
---------------------------------------------------------------------------------------------
                                              0.742069   slack (MET)


Startpoint: _2647_ (rising edge-triggered flip-flop clocked by clk)
Endpoint: b_out[9] (output port clocked by clk)
Path Group: clk
Path Type: min

Fanout         Cap        Slew       Delay        Time   Description
---------------------------------------------------------------------------------------------
                                  0.000000    0.000000   clock clk (rise edge)
                                  0.000000    0.000000   clock source latency
     1    0.021153    0.100886    0.069830    0.069830 ^ clk (in)
                                                         clk (net)
                      0.100909    0.000000    0.069830 ^ clkbuf_0_clk/A (sky130_fd_sc_hd__clkbuf_16)
    16    0.095653    0.112396    0.199673    0.269503 ^ clkbuf_0_clk/X (sky130_fd_sc_hd__clkbuf_16)
                                                         clknet_0_clk (net)
                      0.113451    0.008723    0.278226 ^ clkbuf_4_0_0_clk/A (sky130_fd_sc_hd__clkbuf_8)
     6    0.016900    0.046595    0.152472    0.430698 ^ clkbuf_4_0_0_clk/X (sky130_fd_sc_hd__clkbuf_8)
                                                         clknet_4_0_0_clk (net)
                      0.046611    0.000792    0.431490 ^ _2647_/CLK (sky130_fd_sc_hd__dfxtp_2)
     2    0.006560    0.030990    0.313478    0.744969 v _2647_/Q (sky130_fd_sc_hd__dfxtp_2)
                                                         net393 (net)
                      0.030990    0.000237    0.745205 v output393/A (sky130_fd_sc_hd__buf_2)
     1    0.035545    0.092646    0.175917    0.921123 v output393/X (sky130_fd_sc_hd__buf_2)
                                                         b_out[9] (net)
                      0.092668    0.001334    0.922456 v b_out[9] (out)
                                              0.922456   data arrival time

                                  0.000000    0.000000   clock clk (rise edge)
                                  0.000000    0.000000   clock network delay (propagated)
                                  0.200000    0.200000   clock uncertainty
                                  0.000000    0.200000   clock reconvergence pessimism
                                 -0.020000    0.180000   output external delay
                                              0.180000   data required time
---------------------------------------------------------------------------------------------
                                              0.180000   data required time
                                             -0.922456   data arrival time
---------------------------------------------------------------------------------------------
                                              0.742456   slack (MET)


Startpoint: _2644_ (rising edge-triggered flip-flop clocked by clk)
Endpoint: b_out[6] (output port clocked by clk)
Path Group: clk
Path Type: min

Fanout         Cap        Slew       Delay        Time   Description
---------------------------------------------------------------------------------------------
                                  0.000000    0.000000   clock clk (rise edge)
                                  0.000000    0.000000   clock source latency
     1    0.021153    0.100886    0.069830    0.069830 ^ clk (in)
                                                         clk (net)
                      0.100909    0.000000    0.069830 ^ clkbuf_0_clk/A (sky130_fd_sc_hd__clkbuf_16)
    16    0.095653    0.112396    0.199673    0.269503 ^ clkbuf_0_clk/X (sky130_fd_sc_hd__clkbuf_16)
                                                         clknet_0_clk (net)
                      0.113274    0.007980    0.277483 ^ clkbuf_4_2_0_clk/A (sky130_fd_sc_hd__clkbuf_8)
     6    0.019204    0.050162    0.155866    0.433349 ^ clkbuf_4_2_0_clk/X (sky130_fd_sc_hd__clkbuf_8)
                                                         clknet_4_2_0_clk (net)
                      0.050166    0.000504    0.433853 ^ _2644_/CLK (sky130_fd_sc_hd__dfxtp_2)
     2    0.005213    0.027883    0.311354    0.745207 v _2644_/Q (sky130_fd_sc_hd__dfxtp_2)
                                                         net390 (net)
                      0.027883    0.000176    0.745383 v output390/A (sky130_fd_sc_hd__buf_2)
     1    0.036307    0.092889    0.175823    0.921206 v output390/X (sky130_fd_sc_hd__buf_2)
                                                         b_out[6] (net)
                      0.092921    0.001619    0.922825 v b_out[6] (out)
                                              0.922825   data arrival time

                                  0.000000    0.000000   clock clk (rise edge)
                                  0.000000    0.000000   clock network delay (propagated)
                                  0.200000    0.200000   clock uncertainty
                                  0.000000    0.200000   clock reconvergence pessimism
                                 -0.020000    0.180000   output external delay
                                              0.180000   data required time
---------------------------------------------------------------------------------------------
                                              0.180000   data required time
                                             -0.922825   data arrival time
---------------------------------------------------------------------------------------------
                                              0.742825   slack (MET)


Startpoint: _2645_ (rising edge-triggered flip-flop clocked by clk)
Endpoint: b_out[7] (output port clocked by clk)
Path Group: clk
Path Type: min

Fanout         Cap        Slew       Delay        Time   Description
---------------------------------------------------------------------------------------------
                                  0.000000    0.000000   clock clk (rise edge)
                                  0.000000    0.000000   clock source latency
     1    0.021153    0.100886    0.069830    0.069830 ^ clk (in)
                                                         clk (net)
                      0.100909    0.000000    0.069830 ^ clkbuf_0_clk/A (sky130_fd_sc_hd__clkbuf_16)
    16    0.095653    0.112396    0.199673    0.269503 ^ clkbuf_0_clk/X (sky130_fd_sc_hd__clkbuf_16)
                                                         clknet_0_clk (net)
                      0.113451    0.008723    0.278226 ^ clkbuf_4_0_0_clk/A (sky130_fd_sc_hd__clkbuf_8)
     6    0.016900    0.046595    0.152472    0.430698 ^ clkbuf_4_0_0_clk/X (sky130_fd_sc_hd__clkbuf_8)
                                                         clknet_4_0_0_clk (net)
                      0.046600    0.000494    0.431193 ^ _2645_/CLK (sky130_fd_sc_hd__dfxtp_2)
     2    0.006021    0.029840    0.312107    0.743300 v _2645_/Q (sky130_fd_sc_hd__dfxtp_2)
                                                         net391 (net)
                      0.029840    0.000208    0.743508 v output391/A (sky130_fd_sc_hd__buf_2)
     1    0.037251    0.093198    0.178233    0.921741 v output391/X (sky130_fd_sc_hd__buf_2)
                                                         b_out[7] (net)
                      0.093247    0.001985    0.923725 v b_out[7] (out)
                                              0.923725   data arrival time

                                  0.000000    0.000000   clock clk (rise edge)
                                  0.000000    0.000000   clock network delay (propagated)
                                  0.200000    0.200000   clock uncertainty
                                  0.000000    0.200000   clock reconvergence pessimism
                                 -0.020000    0.180000   output external delay
                                              0.180000   data required time
---------------------------------------------------------------------------------------------
                                              0.180000   data required time
                                             -0.923725   data arrival time
---------------------------------------------------------------------------------------------
                                              0.743725   slack (MET)


Startpoint: _2643_ (rising edge-triggered flip-flop clocked by clk)
Endpoint: b_out[5] (output port clocked by clk)
Path Group: clk
Path Type: min

Fanout         Cap        Slew       Delay        Time   Description
---------------------------------------------------------------------------------------------
                                  0.000000    0.000000   clock clk (rise edge)
                                  0.000000    0.000000   clock source latency
     1    0.021153    0.100886    0.069830    0.069830 ^ clk (in)
                                                         clk (net)
                      0.100909    0.000000    0.069830 ^ clkbuf_0_clk/A (sky130_fd_sc_hd__clkbuf_16)
    16    0.095653    0.112396    0.199673    0.269503 ^ clkbuf_0_clk/X (sky130_fd_sc_hd__clkbuf_16)
                                                         clknet_0_clk (net)
                      0.113451    0.008723    0.278226 ^ clkbuf_4_0_0_clk/A (sky130_fd_sc_hd__clkbuf_8)
     6    0.016900    0.046595    0.152472    0.430698 ^ clkbuf_4_0_0_clk/X (sky130_fd_sc_hd__clkbuf_8)
                                                         clknet_4_0_0_clk (net)
                      0.046597    0.000348    0.431046 ^ _2643_/CLK (sky130_fd_sc_hd__dfxtp_2)
     2    0.006407    0.030662    0.313086    0.744132 v _2643_/Q (sky130_fd_sc_hd__dfxtp_2)
                                                         net389 (net)
                      0.030662    0.000219    0.744352 v output389/A (sky130_fd_sc_hd__buf_2)
     1    0.036914    0.092495    0.178077    0.922428 v output389/X (sky130_fd_sc_hd__buf_2)
                                                         b_out[5] (net)
                      0.092537    0.001832    0.924260 v b_out[5] (out)
                                              0.924260   data arrival time

                                  0.000000    0.000000   clock clk (rise edge)
                                  0.000000    0.000000   clock network delay (propagated)
                                  0.200000    0.200000   clock uncertainty
                                  0.000000    0.200000   clock reconvergence pessimism
                                 -0.020000    0.180000   output external delay
                                              0.180000   data required time
---------------------------------------------------------------------------------------------
                                              0.180000   data required time
                                             -0.924260   data arrival time
---------------------------------------------------------------------------------------------
                                              0.744260   slack (MET)


Startpoint: _2639_ (rising edge-triggered flip-flop clocked by clk)
Endpoint: b_out[1] (output port clocked by clk)
Path Group: clk
Path Type: min

Fanout         Cap        Slew       Delay        Time   Description
---------------------------------------------------------------------------------------------
                                  0.000000    0.000000   clock clk (rise edge)
                                  0.000000    0.000000   clock source latency
     1    0.021153    0.100886    0.069830    0.069830 ^ clk (in)
                                                         clk (net)
                      0.100909    0.000000    0.069830 ^ clkbuf_0_clk/A (sky130_fd_sc_hd__clkbuf_16)
    16    0.095653    0.112396    0.199673    0.269503 ^ clkbuf_0_clk/X (sky130_fd_sc_hd__clkbuf_16)
                                                         clknet_0_clk (net)
                      0.112569    0.003664    0.273167 ^ clkbuf_4_10_0_clk/A (sky130_fd_sc_hd__clkbuf_8)
     6    0.024238    0.057429    0.162092    0.435259 ^ clkbuf_4_10_0_clk/X (sky130_fd_sc_hd__clkbuf_8)
                                                         clknet_4_10_0_clk (net)
                      0.057483    0.001542    0.436801 ^ _2639_/CLK (sky130_fd_sc_hd__dfxtp_2)
     2    0.004749    0.027073    0.312873    0.749674 v _2639_/Q (sky130_fd_sc_hd__dfxtp_2)
                                                         net385 (net)
                      0.027073    0.000152    0.749826 v output385/A (sky130_fd_sc_hd__buf_2)
     1    0.036015    0.092944    0.175341    0.925167 v output385/X (sky130_fd_sc_hd__buf_2)
                                                         b_out[1] (net)
                      0.092956    0.001042    0.926209 v b_out[1] (out)
                                              0.926209   data arrival time

                                  0.000000    0.000000   clock clk (rise edge)
                                  0.000000    0.000000   clock network delay (propagated)
                                  0.200000    0.200000   clock uncertainty
                                  0.000000    0.200000   clock reconvergence pessimism
                                 -0.020000    0.180000   output external delay
                                              0.180000   data required time
---------------------------------------------------------------------------------------------
                                              0.180000   data required time
                                             -0.926209   data arrival time
---------------------------------------------------------------------------------------------
                                              0.746209   slack (MET)


Startpoint: _2638_ (rising edge-triggered flip-flop clocked by clk)
Endpoint: b_out[0] (output port clocked by clk)
Path Group: clk
Path Type: min

Fanout         Cap        Slew       Delay        Time   Description
---------------------------------------------------------------------------------------------
                                  0.000000    0.000000   clock clk (rise edge)
                                  0.000000    0.000000   clock source latency
     1    0.021153    0.100886    0.069830    0.069830 ^ clk (in)
                                                         clk (net)
                      0.100909    0.000000    0.069830 ^ clkbuf_0_clk/A (sky130_fd_sc_hd__clkbuf_16)
    16    0.095653    0.112396    0.199673    0.269503 ^ clkbuf_0_clk/X (sky130_fd_sc_hd__clkbuf_16)
                                                         clknet_0_clk (net)
                      0.112489    0.002716    0.272220 ^ clkbuf_4_11_0_clk/A (sky130_fd_sc_hd__clkbuf_8)
     6    0.025764    0.059818    0.164199    0.436419 ^ clkbuf_4_11_0_clk/X (sky130_fd_sc_hd__clkbuf_8)
                                                         clknet_4_11_0_clk (net)
                      0.059833    0.000879    0.437298 ^ _2638_/CLK (sky130_fd_sc_hd__dfxtp_2)
     2    0.005601    0.028596    0.315931    0.753229 v _2638_/Q (sky130_fd_sc_hd__dfxtp_2)
                                                         net378 (net)
                      0.028596    0.000168    0.753397 v output378/A (sky130_fd_sc_hd__buf_2)
     1    0.035239    0.091931    0.174455    0.927852 v output378/X (sky130_fd_sc_hd__buf_2)
                                                         b_out[0] (net)
                      0.091947    0.001154    0.929006 v b_out[0] (out)
                                              0.929006   data arrival time

                                  0.000000    0.000000   clock clk (rise edge)
                                  0.000000    0.000000   clock network delay (propagated)
                                  0.200000    0.200000   clock uncertainty
                                  0.000000    0.200000   clock reconvergence pessimism
                                 -0.020000    0.180000   output external delay
                                              0.180000   data required time
---------------------------------------------------------------------------------------------
                                              0.180000   data required time
                                             -0.929006   data arrival time
---------------------------------------------------------------------------------------------
                                              0.749006   slack (MET)


Startpoint: _2646_ (rising edge-triggered flip-flop clocked by clk)
Endpoint: b_out[8] (output port clocked by clk)
Path Group: clk
Path Type: min

Fanout         Cap        Slew       Delay        Time   Description
---------------------------------------------------------------------------------------------
                                  0.000000    0.000000   clock clk (rise edge)
                                  0.000000    0.000000   clock source latency
     1    0.021153    0.100886    0.069830    0.069830 ^ clk (in)
                                                         clk (net)
                      0.100909    0.000000    0.069830 ^ clkbuf_0_clk/A (sky130_fd_sc_hd__clkbuf_16)
    16    0.095653    0.112396    0.199673    0.269503 ^ clkbuf_0_clk/X (sky130_fd_sc_hd__clkbuf_16)
                                                         clknet_0_clk (net)
                      0.113451    0.008723    0.278226 ^ clkbuf_4_0_0_clk/A (sky130_fd_sc_hd__clkbuf_8)
     6    0.016900    0.046595    0.152472    0.430698 ^ clkbuf_4_0_0_clk/X (sky130_fd_sc_hd__clkbuf_8)
                                                         clknet_4_0_0_clk (net)
                      0.046606    0.000673    0.431371 ^ _2646_/CLK (sky130_fd_sc_hd__dfxtp_2)
     2    0.008471    0.035300    0.318271    0.749642 v _2646_/Q (sky130_fd_sc_hd__dfxtp_2)
                                                         net392 (net)
                      0.035300    0.000444    0.750085 v output392/A (sky130_fd_sc_hd__buf_2)
     1    0.038809    0.096408    0.183510    0.933595 v output392/X (sky130_fd_sc_hd__buf_2)
                                                         b_out[8] (net)
                      0.096435    0.001538    0.935133 v b_out[8] (out)
                                              0.935133   data arrival time

                                  0.000000    0.000000   clock clk (rise edge)
                                  0.000000    0.000000   clock network delay (propagated)
                                  0.200000    0.200000   clock uncertainty
                                  0.000000    0.200000   clock reconvergence pessimism
                                 -0.020000    0.180000   output external delay
                                              0.180000   data required time
---------------------------------------------------------------------------------------------
                                              0.180000   data required time
                                             -0.935133   data arrival time
---------------------------------------------------------------------------------------------
                                              0.755133   slack (MET)


Startpoint: _2653_ (rising edge-triggered flip-flop clocked by clk)
Endpoint: b_out[15] (output port clocked by clk)
Path Group: clk
Path Type: min

Fanout         Cap        Slew       Delay        Time   Description
---------------------------------------------------------------------------------------------
                                  0.000000    0.000000   clock clk (rise edge)
                                  0.000000    0.000000   clock source latency
     1    0.021153    0.100886    0.069830    0.069830 ^ clk (in)
                                                         clk (net)
                      0.100909    0.000000    0.069830 ^ clkbuf_0_clk/A (sky130_fd_sc_hd__clkbuf_16)
    16    0.095653    0.112396    0.199673    0.269503 ^ clkbuf_0_clk/X (sky130_fd_sc_hd__clkbuf_16)
                                                         clknet_0_clk (net)
                      0.113501    0.008919    0.278422 ^ clkbuf_4_6_0_clk/A (sky130_fd_sc_hd__clkbuf_8)
     6    0.017518    0.047535    0.153469    0.431891 ^ clkbuf_4_6_0_clk/X (sky130_fd_sc_hd__clkbuf_8)
                                                         clknet_4_6_0_clk (net)
                      0.047539    0.000487    0.432378 ^ _2653_/CLK (sky130_fd_sc_hd__dfxtp_2)
     2    0.008806    0.036026    0.319551    0.751929 v _2653_/Q (sky130_fd_sc_hd__dfxtp_2)
                                                         net384 (net)
                      0.036026    0.000256    0.752184 v output384/A (sky130_fd_sc_hd__buf_2)
     1    0.039317    0.097526    0.183979    0.936163 v output384/X (sky130_fd_sc_hd__buf_2)
                                                         b_out[15] (net)
                      0.097608    0.002567    0.938730 v b_out[15] (out)
                                              0.938730   data arrival time

                                  0.000000    0.000000   clock clk (rise edge)
                                  0.000000    0.000000   clock network delay (propagated)
                                  0.200000    0.200000   clock uncertainty
                                  0.000000    0.200000   clock reconvergence pessimism
                                 -0.020000    0.180000   output external delay
                                              0.180000   data required time
---------------------------------------------------------------------------------------------
                                              0.180000   data required time
                                             -0.938730   data arrival time
---------------------------------------------------------------------------------------------
                                              0.758730   slack (MET)


Startpoint: _2652_ (rising edge-triggered flip-flop clocked by clk)
Endpoint: b_out[14] (output port clocked by clk)
Path Group: clk
Path Type: min

Fanout         Cap        Slew       Delay        Time   Description
---------------------------------------------------------------------------------------------
                                  0.000000    0.000000   clock clk (rise edge)
                                  0.000000    0.000000   clock source latency
     1    0.021153    0.100886    0.069830    0.069830 ^ clk (in)
                                                         clk (net)
                      0.100909    0.000000    0.069830 ^ clkbuf_0_clk/A (sky130_fd_sc_hd__clkbuf_16)
    16    0.095653    0.112396    0.199673    0.269503 ^ clkbuf_0_clk/X (sky130_fd_sc_hd__clkbuf_16)
                                                         clknet_0_clk (net)
                      0.113501    0.008919    0.278422 ^ clkbuf_4_6_0_clk/A (sky130_fd_sc_hd__clkbuf_8)
     6    0.017518    0.047535    0.153469    0.431891 ^ clkbuf_4_6_0_clk/X (sky130_fd_sc_hd__clkbuf_8)
                                                         clknet_4_6_0_clk (net)
                      0.047540    0.000548    0.432439 ^ _2652_/CLK (sky130_fd_sc_hd__dfxtp_2)
     2    0.008424    0.035145    0.318569    0.751007 v _2652_/Q (sky130_fd_sc_hd__dfxtp_2)
                                                         net383 (net)
                      0.035145    0.000287    0.751294 v output383/A (sky130_fd_sc_hd__buf_2)
     1    0.040478    0.100521    0.185121    0.936416 v output383/X (sky130_fd_sc_hd__buf_2)
                                                         b_out[14] (net)
                      0.100709    0.003157    0.939573 v b_out[14] (out)
                                              0.939573   data arrival time

                                  0.000000    0.000000   clock clk (rise edge)
                                  0.000000    0.000000   clock network delay (propagated)
                                  0.200000    0.200000   clock uncertainty
                                  0.000000    0.200000   clock reconvergence pessimism
                                 -0.020000    0.180000   output external delay
                                              0.180000   data required time
---------------------------------------------------------------------------------------------
                                              0.180000   data required time
                                             -0.939573   data arrival time
---------------------------------------------------------------------------------------------
                                              0.759573   slack (MET)


Startpoint: _2641_ (rising edge-triggered flip-flop clocked by clk)
Endpoint: b_out[3] (output port clocked by clk)
Path Group: clk
Path Type: min

Fanout         Cap        Slew       Delay        Time   Description
---------------------------------------------------------------------------------------------
                                  0.000000    0.000000   clock clk (rise edge)
                                  0.000000    0.000000   clock source latency
     1    0.021153    0.100886    0.069830    0.069830 ^ clk (in)
                                                         clk (net)
                      0.100909    0.000000    0.069830 ^ clkbuf_0_clk/A (sky130_fd_sc_hd__clkbuf_16)
    16    0.095653    0.112396    0.199673    0.269503 ^ clkbuf_0_clk/X (sky130_fd_sc_hd__clkbuf_16)
                                                         clknet_0_clk (net)
                      0.113274    0.007980    0.277483 ^ clkbuf_4_2_0_clk/A (sky130_fd_sc_hd__clkbuf_8)
     6    0.019204    0.050162    0.155866    0.433349 ^ clkbuf_4_2_0_clk/X (sky130_fd_sc_hd__clkbuf_8)
                                                         clknet_4_2_0_clk (net)
                      0.050164    0.000416    0.433765 ^ _2641_/CLK (sky130_fd_sc_hd__dfxtp_2)
     2    0.009268    0.037158    0.321632    0.755397 v _2641_/Q (sky130_fd_sc_hd__dfxtp_2)
                                                         net387 (net)
                      0.037158    0.000460    0.755857 v output387/A (sky130_fd_sc_hd__buf_2)
     1    0.038955    0.096761    0.183702    0.939559 v output387/X (sky130_fd_sc_hd__buf_2)
                                                         b_out[3] (net)
                      0.096861    0.002789    0.942348 v b_out[3] (out)
                                              0.942348   data arrival time

                                  0.000000    0.000000   clock clk (rise edge)
                                  0.000000    0.000000   clock network delay (propagated)
                                  0.200000    0.200000   clock uncertainty
                                  0.000000    0.200000   clock reconvergence pessimism
                                 -0.020000    0.180000   output external delay
                                              0.180000   data required time
---------------------------------------------------------------------------------------------
                                              0.180000   data required time
                                             -0.942348   data arrival time
---------------------------------------------------------------------------------------------
                                              0.762348   slack (MET)


Startpoint: _2651_ (rising edge-triggered flip-flop clocked by clk)
Endpoint: b_out[13] (output port clocked by clk)
Path Group: clk
Path Type: min

Fanout         Cap        Slew       Delay        Time   Description
---------------------------------------------------------------------------------------------
                                  0.000000    0.000000   clock clk (rise edge)
                                  0.000000    0.000000   clock source latency
     1    0.021153    0.100886    0.069830    0.069830 ^ clk (in)
                                                         clk (net)
                      0.100909    0.000000    0.069830 ^ clkbuf_0_clk/A (sky130_fd_sc_hd__clkbuf_16)
    16    0.095653    0.112396    0.199673    0.269503 ^ clkbuf_0_clk/X (sky130_fd_sc_hd__clkbuf_16)
                                                         clknet_0_clk (net)
                      0.113521    0.008998    0.278501 ^ clkbuf_4_4_0_clk/A (sky130_fd_sc_hd__clkbuf_8)
     6    0.020949    0.052557    0.158387    0.436888 ^ clkbuf_4_4_0_clk/X (sky130_fd_sc_hd__clkbuf_8)
                                                         clknet_4_4_0_clk (net)
                      0.052594    0.001212    0.438100 ^ _2651_/CLK (sky130_fd_sc_hd__dfxtp_2)
     2    0.009305    0.037262    0.322605    0.760704 v _2651_/Q (sky130_fd_sc_hd__dfxtp_2)
                                                         net382 (net)
                      0.037262    0.000488    0.761192 v output382/A (sky130_fd_sc_hd__buf_2)
     1    0.040276    0.099508    0.186785    0.947977 v output382/X (sky130_fd_sc_hd__buf_2)
                                                         b_out[13] (net)
                      0.099532    0.001495    0.949472 v b_out[13] (out)
                                              0.949472   data arrival time

                                  0.000000    0.000000   clock clk (rise edge)
                                  0.000000    0.000000   clock network delay (propagated)
                                  0.200000    0.200000   clock uncertainty
                                  0.000000    0.200000   clock reconvergence pessimism
                                 -0.020000    0.180000   output external delay
                                              0.180000   data required time
---------------------------------------------------------------------------------------------
                                              0.180000   data required time
                                             -0.949472   data arrival time
---------------------------------------------------------------------------------------------
                                              0.769472   slack (MET)


Startpoint: _2648_ (rising edge-triggered flip-flop clocked by clk)
Endpoint: b_out[10] (output port clocked by clk)
Path Group: clk
Path Type: min

Fanout         Cap        Slew       Delay        Time   Description
---------------------------------------------------------------------------------------------
                                  0.000000    0.000000   clock clk (rise edge)
                                  0.000000    0.000000   clock source latency
     1    0.021153    0.100886    0.069830    0.069830 ^ clk (in)
                                                         clk (net)
                      0.100909    0.000000    0.069830 ^ clkbuf_0_clk/A (sky130_fd_sc_hd__clkbuf_16)
    16    0.095653    0.112396    0.199673    0.269503 ^ clkbuf_0_clk/X (sky130_fd_sc_hd__clkbuf_16)
                                                         clknet_0_clk (net)
                      0.113501    0.008919    0.278422 ^ clkbuf_4_6_0_clk/A (sky130_fd_sc_hd__clkbuf_8)
     6    0.017518    0.047535    0.153469    0.431891 ^ clkbuf_4_6_0_clk/X (sky130_fd_sc_hd__clkbuf_8)
                                                         clknet_4_6_0_clk (net)
                      0.047547    0.000732    0.432623 ^ _2648_/CLK (sky130_fd_sc_hd__dfxtp_2)
     2    0.011738    0.042243    0.326962    0.759585 v _2648_/Q (sky130_fd_sc_hd__dfxtp_2)
                                                         net379 (net)
                      0.042243    0.000442    0.760027 v output379/A (sky130_fd_sc_hd__buf_2)
     1    0.042177    0.104102    0.190971    0.950998 v output379/X (sky130_fd_sc_hd__buf_2)
                                                         b_out[10] (net)
                      0.104282    0.003130    0.954129 v b_out[10] (out)
                                              0.954129   data arrival time

                                  0.000000    0.000000   clock clk (rise edge)
                                  0.000000    0.000000   clock network delay (propagated)
                                  0.200000    0.200000   clock uncertainty
                                  0.000000    0.200000   clock reconvergence pessimism
                                 -0.020000    0.180000   output external delay
                                              0.180000   data required time
---------------------------------------------------------------------------------------------
                                              0.180000   data required time
                                             -0.954129   data arrival time
---------------------------------------------------------------------------------------------
                                              0.774129   slack (MET)


Startpoint: _2649_ (rising edge-triggered flip-flop clocked by clk)
Endpoint: b_out[11] (output port clocked by clk)
Path Group: clk
Path Type: min

Fanout         Cap        Slew       Delay        Time   Description
---------------------------------------------------------------------------------------------
                                  0.000000    0.000000   clock clk (rise edge)
                                  0.000000    0.000000   clock source latency
     1    0.021153    0.100886    0.069830    0.069830 ^ clk (in)
                                                         clk (net)
                      0.100909    0.000000    0.069830 ^ clkbuf_0_clk/A (sky130_fd_sc_hd__clkbuf_16)
    16    0.095653    0.112396    0.199673    0.269503 ^ clkbuf_0_clk/X (sky130_fd_sc_hd__clkbuf_16)
                                                         clknet_0_clk (net)
                      0.113521    0.008998    0.278501 ^ clkbuf_4_4_0_clk/A (sky130_fd_sc_hd__clkbuf_8)
     6    0.020949    0.052557    0.158387    0.436888 ^ clkbuf_4_4_0_clk/X (sky130_fd_sc_hd__clkbuf_8)
                                                         clknet_4_4_0_clk (net)
                      0.052584    0.001062    0.437950 ^ _2649_/CLK (sky130_fd_sc_hd__dfxtp_2)
     2    0.010736    0.040769    0.326155    0.764105 v _2649_/Q (sky130_fd_sc_hd__dfxtp_2)
                                                         net380 (net)
                      0.040769    0.000669    0.764774 v output380/A (sky130_fd_sc_hd__buf_2)
     1    0.040318    0.100194    0.186977    0.951751 v output380/X (sky130_fd_sc_hd__buf_2)
                                                         b_out[11] (net)
                      0.100431    0.003606    0.955357 v b_out[11] (out)
                                              0.955357   data arrival time

                                  0.000000    0.000000   clock clk (rise edge)
                                  0.000000    0.000000   clock network delay (propagated)
                                  0.200000    0.200000   clock uncertainty
                                  0.000000    0.200000   clock reconvergence pessimism
                                 -0.020000    0.180000   output external delay
                                              0.180000   data required time
---------------------------------------------------------------------------------------------
                                              0.180000   data required time
                                             -0.955357   data arrival time
---------------------------------------------------------------------------------------------
                                              0.775357   slack (MET)


Startpoint: _2650_ (rising edge-triggered flip-flop clocked by clk)
Endpoint: b_out[12] (output port clocked by clk)
Path Group: clk
Path Type: min

Fanout         Cap        Slew       Delay        Time   Description
---------------------------------------------------------------------------------------------
                                  0.000000    0.000000   clock clk (rise edge)
                                  0.000000    0.000000   clock source latency
     1    0.021153    0.100886    0.069830    0.069830 ^ clk (in)
                                                         clk (net)
                      0.100909    0.000000    0.069830 ^ clkbuf_0_clk/A (sky130_fd_sc_hd__clkbuf_16)
    16    0.095653    0.112396    0.199673    0.269503 ^ clkbuf_0_clk/X (sky130_fd_sc_hd__clkbuf_16)
                                                         clknet_0_clk (net)
                      0.113501    0.008919    0.278422 ^ clkbuf_4_6_0_clk/A (sky130_fd_sc_hd__clkbuf_8)
     6    0.017518    0.047535    0.153469    0.431891 ^ clkbuf_4_6_0_clk/X (sky130_fd_sc_hd__clkbuf_8)
                                                         clknet_4_6_0_clk (net)
                      0.047546    0.000719    0.432609 ^ _2650_/CLK (sky130_fd_sc_hd__dfxtp_2)
     2    0.013598    0.045403    0.330883    0.763492 v _2650_/Q (sky130_fd_sc_hd__dfxtp_2)
                                                         net381 (net)
                      0.045403    0.000565    0.764057 v output381/A (sky130_fd_sc_hd__buf_2)
     1    0.044324    0.108104    0.196173    0.960230 v output381/X (sky130_fd_sc_hd__buf_2)
                                                         b_out[12] (net)
                      0.108184    0.002664    0.962894 v b_out[12] (out)
                                              0.962894   data arrival time

                                  0.000000    0.000000   clock clk (rise edge)
                                  0.000000    0.000000   clock network delay (propagated)
                                  0.200000    0.200000   clock uncertainty
                                  0.000000    0.200000   clock reconvergence pessimism
                                 -0.020000    0.180000   output external delay
                                              0.180000   data required time
---------------------------------------------------------------------------------------------
                                              0.180000   data required time
                                             -0.962894   data arrival time
---------------------------------------------------------------------------------------------
                                              0.782894   slack (MET)


Startpoint: _2636_ (rising edge-triggered flip-flop clocked by clk)
Endpoint: a_out[14] (output port clocked by clk)
Path Group: clk
Path Type: min

Fanout         Cap        Slew       Delay        Time   Description
---------------------------------------------------------------------------------------------
                                  0.000000    0.000000   clock clk (rise edge)
                                  0.000000    0.000000   clock source latency
     1    0.021153    0.100886    0.069830    0.069830 ^ clk (in)
                                                         clk (net)
                      0.100909    0.000000    0.069830 ^ clkbuf_0_clk/A (sky130_fd_sc_hd__clkbuf_16)
    16    0.095653    0.112396    0.199673    0.269503 ^ clkbuf_0_clk/X (sky130_fd_sc_hd__clkbuf_16)
                                                         clknet_0_clk (net)
                      0.113521    0.008998    0.278501 ^ clkbuf_4_4_0_clk/A (sky130_fd_sc_hd__clkbuf_8)
     6    0.020949    0.052557    0.158387    0.436888 ^ clkbuf_4_4_0_clk/X (sky130_fd_sc_hd__clkbuf_8)
                                                         clknet_4_4_0_clk (net)
                      0.052579    0.000965    0.437852 ^ _2636_/CLK (sky130_fd_sc_hd__dfxtp_2)
     4    0.014469    0.047163    0.334347    0.772199 v _2636_/Q (sky130_fd_sc_hd__dfxtp_2)
                                                         net351 (net)
                      0.047163    0.000631    0.772830 v output351/A (sky130_fd_sc_hd__buf_2)
     1    0.038941    0.096619    0.188801    0.961631 v output351/X (sky130_fd_sc_hd__buf_2)
                                                         a_out[14] (net)
                      0.096647    0.001569    0.963200 v a_out[14] (out)
                                              0.963200   data arrival time

                                  0.000000    0.000000   clock clk (rise edge)
                                  0.000000    0.000000   clock network delay (propagated)
                                  0.200000    0.200000   clock uncertainty
                                  0.000000    0.200000   clock reconvergence pessimism
                                 -0.020000    0.180000   output external delay
                                              0.180000   data required time
---------------------------------------------------------------------------------------------
                                              0.180000   data required time
                                             -0.963200   data arrival time
---------------------------------------------------------------------------------------------
                                              0.783200   slack (MET)


Startpoint: _2634_ (rising edge-triggered flip-flop clocked by clk)
Endpoint: a_out[12] (output port clocked by clk)
Path Group: clk
Path Type: min

Fanout         Cap        Slew       Delay        Time   Description
---------------------------------------------------------------------------------------------
                                  0.000000    0.000000   clock clk (rise edge)
                                  0.000000    0.000000   clock source latency
     1    0.021153    0.100886    0.069830    0.069830 ^ clk (in)
                                                         clk (net)
                      0.100909    0.000000    0.069830 ^ clkbuf_0_clk/A (sky130_fd_sc_hd__clkbuf_16)
    16    0.095653    0.112396    0.199673    0.269503 ^ clkbuf_0_clk/X (sky130_fd_sc_hd__clkbuf_16)
                                                         clknet_0_clk (net)
                      0.113567    0.009174    0.278678 ^ clkbuf_4_5_0_clk/A (sky130_fd_sc_hd__clkbuf_8)
     6    0.019032    0.049885    0.155764    0.434442 ^ clkbuf_4_5_0_clk/X (sky130_fd_sc_hd__clkbuf_8)
                                                         clknet_4_5_0_clk (net)
                      0.049890    0.000518    0.434960 ^ _2634_/CLK (sky130_fd_sc_hd__dfxtp_2)
     6    0.023121    0.065521    0.349380    0.784340 v _2634_/Q (sky130_fd_sc_hd__dfxtp_2)
                                                         net349 (net)
                      0.065524    0.000489    0.784829 v output349/A (sky130_fd_sc_hd__buf_2)
     1    0.035144    0.091549    0.190511    0.975341 v output349/X (sky130_fd_sc_hd__buf_2)
                                                         a_out[12] (net)
                      0.091564    0.001119    0.976460 v a_out[12] (out)
                                              0.976460   data arrival time

                                  0.000000    0.000000   clock clk (rise edge)
                                  0.000000    0.000000   clock network delay (propagated)
                                  0.200000    0.200000   clock uncertainty
                                  0.000000    0.200000   clock reconvergence pessimism
                                 -0.020000    0.180000   output external delay
                                              0.180000   data required time
---------------------------------------------------------------------------------------------
                                              0.180000   data required time
                                             -0.976460   data arrival time
---------------------------------------------------------------------------------------------
                                              0.796460   slack (MET)


Startpoint: _2626_ (rising edge-triggered flip-flop clocked by clk)
Endpoint: a_out[4] (output port clocked by clk)
Path Group: clk
Path Type: min

Fanout         Cap        Slew       Delay        Time   Description
---------------------------------------------------------------------------------------------
                                  0.000000    0.000000   clock clk (rise edge)
                                  0.000000    0.000000   clock source latency
     1    0.021153    0.100886    0.069830    0.069830 ^ clk (in)
                                                         clk (net)
                      0.100909    0.000000    0.069830 ^ clkbuf_0_clk/A (sky130_fd_sc_hd__clkbuf_16)
    16    0.095653    0.112396    0.199673    0.269503 ^ clkbuf_0_clk/X (sky130_fd_sc_hd__clkbuf_16)
                                                         clknet_0_clk (net)
                      0.113274    0.007980    0.277483 ^ clkbuf_4_2_0_clk/A (sky130_fd_sc_hd__clkbuf_8)
     6    0.019204    0.050162    0.155866    0.433349 ^ clkbuf_4_2_0_clk/X (sky130_fd_sc_hd__clkbuf_8)
                                                         clknet_4_2_0_clk (net)
                      0.050172    0.000688    0.434037 ^ _2626_/CLK (sky130_fd_sc_hd__dfxtp_2)
     7    0.024025    0.067519    0.351051    0.785088 v _2626_/Q (sky130_fd_sc_hd__dfxtp_2)
                                                         net169 (net)
                      0.067555    0.001448    0.786536 v output356/A (sky130_fd_sc_hd__buf_2)
     1    0.034937    0.091044    0.191167    0.977704 v output356/X (sky130_fd_sc_hd__buf_2)
                                                         net356 (net)
                      0.091054    0.000967    0.978671 v a_out[4] (out)
                                              0.978671   data arrival time

                                  0.000000    0.000000   clock clk (rise edge)
                                  0.000000    0.000000   clock network delay (propagated)
                                  0.200000    0.200000   clock uncertainty
                                  0.000000    0.200000   clock reconvergence pessimism
                                 -0.020000    0.180000   output external delay
                                              0.180000   data required time
---------------------------------------------------------------------------------------------
                                              0.180000   data required time
                                             -0.978671   data arrival time
---------------------------------------------------------------------------------------------
                                              0.798671   slack (MET)


Startpoint: _2627_ (rising edge-triggered flip-flop clocked by clk)
Endpoint: a_out[5] (output port clocked by clk)
Path Group: clk
Path Type: min

Fanout         Cap        Slew       Delay        Time   Description
---------------------------------------------------------------------------------------------
                                  0.000000    0.000000   clock clk (rise edge)
                                  0.000000    0.000000   clock source latency
     1    0.021153    0.100886    0.069830    0.069830 ^ clk (in)
                                                         clk (net)
                      0.100909    0.000000    0.069830 ^ clkbuf_0_clk/A (sky130_fd_sc_hd__clkbuf_16)
    16    0.095653    0.112396    0.199673    0.269503 ^ clkbuf_0_clk/X (sky130_fd_sc_hd__clkbuf_16)
                                                         clknet_0_clk (net)
                      0.113218    0.007729    0.277232 ^ clkbuf_4_3_0_clk/A (sky130_fd_sc_hd__clkbuf_8)
     6    0.015701    0.044754    0.150748    0.427980 ^ clkbuf_4_3_0_clk/X (sky130_fd_sc_hd__clkbuf_8)
                                                         clknet_4_3_0_clk (net)
                      0.044757    0.000354    0.428335 ^ _2627_/CLK (sky130_fd_sc_hd__dfxtp_2)
     7    0.027319    0.074435    0.354973    0.783308 v _2627_/Q (sky130_fd_sc_hd__dfxtp_2)
                                                         net357 (net)
                      0.074508    0.002106    0.785414 v output357/A (sky130_fd_sc_hd__buf_2)
     1    0.035141    0.091558    0.194581    0.979995 v output357/X (sky130_fd_sc_hd__buf_2)
                                                         a_out[5] (net)
                      0.091573    0.001133    0.981128 v a_out[5] (out)
                                              0.981128   data arrival time

                                  0.000000    0.000000   clock clk (rise edge)
                                  0.000000    0.000000   clock network delay (propagated)
                                  0.200000    0.200000   clock uncertainty
                                  0.000000    0.200000   clock reconvergence pessimism
                                 -0.020000    0.180000   output external delay
                                              0.180000   data required time
---------------------------------------------------------------------------------------------
                                              0.180000   data required time
                                             -0.981128   data arrival time
---------------------------------------------------------------------------------------------
                                              0.801128   slack (MET)


Startpoint: _2637_ (rising edge-triggered flip-flop clocked by clk)
Endpoint: a_out[15] (output port clocked by clk)
Path Group: clk
Path Type: min

Fanout         Cap        Slew       Delay        Time   Description
---------------------------------------------------------------------------------------------
                                  0.000000    0.000000   clock clk (rise edge)
                                  0.000000    0.000000   clock source latency
     1    0.021153    0.100886    0.069830    0.069830 ^ clk (in)
                                                         clk (net)
                      0.100909    0.000000    0.069830 ^ clkbuf_0_clk/A (sky130_fd_sc_hd__clkbuf_16)
    16    0.095653    0.112396    0.199673    0.269503 ^ clkbuf_0_clk/X (sky130_fd_sc_hd__clkbuf_16)
                                                         clknet_0_clk (net)
                      0.113567    0.009174    0.278678 ^ clkbuf_4_5_0_clk/A (sky130_fd_sc_hd__clkbuf_8)
     6    0.019032    0.049885    0.155764    0.434442 ^ clkbuf_4_5_0_clk/X (sky130_fd_sc_hd__clkbuf_8)
                                                         clknet_4_5_0_clk (net)
                      0.049889    0.000507    0.434949 ^ _2637_/CLK (sky130_fd_sc_hd__dfxtp_2)
     4    0.017727    0.053868    0.339345    0.774294 v _2637_/Q (sky130_fd_sc_hd__dfxtp_2)
                                                         s1_sign_a (net)
                      0.053868    0.000266    0.774560 v _2706_/A (sky130_fd_sc_hd__buf_2)
     1    0.001915    0.021372    0.114177    0.888737 v _2706_/X (sky130_fd_sc_hd__buf_2)
                                                         net352 (net)
                      0.021372    0.000038    0.888776 v output352/A (sky130_fd_sc_hd__buf_2)
     1    0.034507    0.090269    0.170231    1.059007 v output352/X (sky130_fd_sc_hd__buf_2)
                                                         a_out[15] (net)
                      0.090278    0.000883    1.059889 v a_out[15] (out)
                                              1.059889   data arrival time

                                  0.000000    0.000000   clock clk (rise edge)
                                  0.000000    0.000000   clock network delay (propagated)
                                  0.200000    0.200000   clock uncertainty
                                  0.000000    0.200000   clock reconvergence pessimism
                                 -0.020000    0.180000   output external delay
                                              0.180000   data required time
---------------------------------------------------------------------------------------------
                                              0.180000   data required time
                                             -1.059889   data arrival time
---------------------------------------------------------------------------------------------
                                              0.879889   slack (MET)


Startpoint: _2693_ (rising edge-triggered flip-flop clocked by clk)
Endpoint: acc_out[5] (output port clocked by clk)
Path Group: clk
Path Type: min

Fanout         Cap        Slew       Delay        Time   Description
---------------------------------------------------------------------------------------------
                                  0.000000    0.000000   clock clk (rise edge)
                                  0.000000    0.000000   clock source latency
     1    0.021153    0.100886    0.069830    0.069830 ^ clk (in)
                                                         clk (net)
                      0.100909    0.000000    0.069830 ^ clkbuf_0_clk/A (sky130_fd_sc_hd__clkbuf_16)
    16    0.095653    0.112396    0.199673    0.269503 ^ clkbuf_0_clk/X (sky130_fd_sc_hd__clkbuf_16)
                                                         clknet_0_clk (net)
                      0.112912    0.006184    0.275687 ^ clkbuf_4_12_0_clk/A (sky130_fd_sc_hd__clkbuf_8)
     6    0.019600    0.050825    0.156411    0.432097 ^ clkbuf_4_12_0_clk/X (sky130_fd_sc_hd__clkbuf_8)
                                                         clknet_4_12_0_clk (net)
                      0.050829    0.000467    0.432565 ^ _2693_/CLK (sky130_fd_sc_hd__dfxtp_2)
     5    0.022124    0.118536    0.376173    0.808738 ^ _2693_/Q (sky130_fd_sc_hd__dfxtp_2)
                                                         r4_acc[5] (net)
                      0.118540    0.000883    0.809621 ^ _1317_/A (sky130_fd_sc_hd__xnor2_2)
     1    0.003123    0.032567    0.077141    0.886762 v _1317_/Y (sky130_fd_sc_hd__xnor2_2)
                                                         net373 (net)
                      0.032567    0.000082    0.886844 v output373/A (sky130_fd_sc_hd__buf_2)
     1    0.034550    0.090387    0.174947    1.061790 v output373/X (sky130_fd_sc_hd__buf_2)
                                                         acc_out[5] (net)
                      0.090400    0.001067    1.062858 v acc_out[5] (out)
                                              1.062858   data arrival time

                                  0.000000    0.000000   clock clk (rise edge)
                                  0.000000    0.000000   clock network delay (propagated)
                                  0.200000    0.200000   clock uncertainty
                                  0.000000    0.200000   clock reconvergence pessimism
                                 -0.020000    0.180000   output external delay
                                              0.180000   data required time
---------------------------------------------------------------------------------------------
                                              0.180000   data required time
                                             -1.062858   data arrival time
---------------------------------------------------------------------------------------------
                                              0.882858   slack (MET)


Startpoint: _2702_ (rising edge-triggered flip-flop clocked by clk)
Endpoint: acc_out[14] (output port clocked by clk)
Path Group: clk
Path Type: min

Fanout         Cap        Slew       Delay        Time   Description
---------------------------------------------------------------------------------------------
                                  0.000000    0.000000   clock clk (rise edge)
                                  0.000000    0.000000   clock source latency
     1    0.021153    0.100886    0.069830    0.069830 ^ clk (in)
                                                         clk (net)
                      0.100909    0.000000    0.069830 ^ clkbuf_0_clk/A (sky130_fd_sc_hd__clkbuf_16)
    16    0.095653    0.112396    0.199673    0.269503 ^ clkbuf_0_clk/X (sky130_fd_sc_hd__clkbuf_16)
                                                         clknet_0_clk (net)
                      0.112895    0.006086    0.275589 ^ clkbuf_4_13_0_clk/A (sky130_fd_sc_hd__clkbuf_8)
     6    0.021959    0.053999    0.159518    0.435107 ^ clkbuf_4_13_0_clk/X (sky130_fd_sc_hd__clkbuf_8)
                                                         clknet_4_13_0_clk (net)
                      0.054050    0.001416    0.436523 ^ _2702_/CLK (sky130_fd_sc_hd__dfxtp_2)
     4    0.022282    0.119263    0.377974    0.814497 ^ _2702_/Q (sky130_fd_sc_hd__dfxtp_2)
                                                         r4_acc[14] (net)
                      0.119266    0.000792    0.815288 ^ _1335_/A (sky130_fd_sc_hd__xor2_2)
     1    0.002655    0.029580    0.075665    0.890954 v _1335_/X (sky130_fd_sc_hd__xor2_2)
                                                         net367 (net)
                      0.029580    0.000082    0.891036 v output367/A (sky130_fd_sc_hd__buf_2)
     1    0.034911    0.091065    0.174555    1.065592 v output367/X (sky130_fd_sc_hd__buf_2)
                                                         acc_out[14] (net)
                      0.091072    0.000782    1.066374 v acc_out[14] (out)
                                              1.066374   data arrival time

                                  0.000000    0.000000   clock clk (rise edge)
                                  0.000000    0.000000   clock network delay (propagated)
                                  0.200000    0.200000   clock uncertainty
                                  0.000000    0.200000   clock reconvergence pessimism
                                 -0.020000    0.180000   output external delay
                                              0.180000   data required time
---------------------------------------------------------------------------------------------
                                              0.180000   data required time
                                             -1.066374   data arrival time
---------------------------------------------------------------------------------------------
                                              0.886374   slack (MET)


Startpoint: _2697_ (rising edge-triggered flip-flop clocked by clk)
Endpoint: acc_out[9] (output port clocked by clk)
Path Group: clk
Path Type: min

Fanout         Cap        Slew       Delay        Time   Description
---------------------------------------------------------------------------------------------
                                  0.000000    0.000000   clock clk (rise edge)
                                  0.000000    0.000000   clock source latency
     1    0.021153    0.100886    0.069830    0.069830 ^ clk (in)
                                                         clk (net)
                      0.100909    0.000000    0.069830 ^ clkbuf_0_clk/A (sky130_fd_sc_hd__clkbuf_16)
    16    0.095653    0.112396    0.199673    0.269503 ^ clkbuf_0_clk/X (sky130_fd_sc_hd__clkbuf_16)
                                                         clknet_0_clk (net)
                      0.112912    0.006184    0.275687 ^ clkbuf_4_12_0_clk/A (sky130_fd_sc_hd__clkbuf_8)
     6    0.019600    0.050825    0.156411    0.432097 ^ clkbuf_4_12_0_clk/X (sky130_fd_sc_hd__clkbuf_8)
                                                         clknet_4_12_0_clk (net)
                      0.050829    0.000473    0.432570 ^ _2697_/CLK (sky130_fd_sc_hd__dfxtp_2)
     5    0.023726    0.126198    0.381832    0.814402 ^ _2697_/Q (sky130_fd_sc_hd__dfxtp_2)
                                                         r4_acc[9] (net)
                      0.126199    0.000608    0.815010 ^ _1325_/A (sky130_fd_sc_hd__xor2_2)
     1    0.003684    0.032323    0.081071    0.896082 v _1325_/X (sky130_fd_sc_hd__xor2_2)
                                                         net377 (net)
                      0.032323    0.000128    0.896210 v output377/A (sky130_fd_sc_hd__buf_2)
     1    0.034893    0.091104    0.175520    1.071730 v output377/X (sky130_fd_sc_hd__buf_2)
                                                         acc_out[9] (net)
                      0.091116    0.001017    1.072747 v acc_out[9] (out)
                                              1.072747   data arrival time

                                  0.000000    0.000000   clock clk (rise edge)
                                  0.000000    0.000000   clock network delay (propagated)
                                  0.200000    0.200000   clock uncertainty
                                  0.000000    0.200000   clock reconvergence pessimism
                                 -0.020000    0.180000   output external delay
                                              0.180000   data required time
---------------------------------------------------------------------------------------------
                                              0.180000   data required time
                                             -1.072747   data arrival time
---------------------------------------------------------------------------------------------
                                              0.892747   slack (MET)


Startpoint: _2690_ (rising edge-triggered flip-flop clocked by clk)
Endpoint: acc_out[2] (output port clocked by clk)
Path Group: clk
Path Type: min

Fanout         Cap        Slew       Delay        Time   Description
---------------------------------------------------------------------------------------------
                                  0.000000    0.000000   clock clk (rise edge)
                                  0.000000    0.000000   clock source latency
     1    0.021153    0.100886    0.069830    0.069830 ^ clk (in)
                                                         clk (net)
                      0.100909    0.000000    0.069830 ^ clkbuf_0_clk/A (sky130_fd_sc_hd__clkbuf_16)
    16    0.095653    0.112396    0.199673    0.269503 ^ clkbuf_0_clk/X (sky130_fd_sc_hd__clkbuf_16)
                                                         clknet_0_clk (net)
                      0.112956    0.006431    0.275934 ^ clkbuf_4_15_0_clk/A (sky130_fd_sc_hd__clkbuf_8)
     6    0.021474    0.053337    0.159160    0.435094 ^ clkbuf_4_15_0_clk/X (sky130_fd_sc_hd__clkbuf_8)
                                                         clknet_4_15_0_clk (net)
                      0.053350    0.000742    0.435837 ^ _2690_/CLK (sky130_fd_sc_hd__dfxtp_2)
     6    0.025204    0.133299    0.387762    0.823599 ^ _2690_/Q (sky130_fd_sc_hd__dfxtp_2)
                                                         r4_acc[2] (net)
                      0.133302    0.000856    0.824455 ^ _1310_/A (sky130_fd_sc_hd__xnor2_2)
     1    0.002249    0.028849    0.076067    0.900523 v _1310_/Y (sky130_fd_sc_hd__xnor2_2)
                                                         net370 (net)
                      0.028849    0.000049    0.900572 v output370/A (sky130_fd_sc_hd__buf_2)
     1    0.035204    0.091860    0.174493    1.075065 v output370/X (sky130_fd_sc_hd__buf_2)
                                                         acc_out[2] (net)
                      0.091875    0.001161    1.076227 v acc_out[2] (out)
                                              1.076227   data arrival time

                                  0.000000    0.000000   clock clk (rise edge)
                                  0.000000    0.000000   clock network delay (propagated)
                                  0.200000    0.200000   clock uncertainty
                                  0.000000    0.200000   clock reconvergence pessimism
                                 -0.020000    0.180000   output external delay
                                              0.180000   data required time
---------------------------------------------------------------------------------------------
                                              0.180000   data required time
                                             -1.076227   data arrival time
---------------------------------------------------------------------------------------------
                                              0.896227   slack (MET)


Startpoint: _2699_ (rising edge-triggered flip-flop clocked by clk)
Endpoint: acc_out[11] (output port clocked by clk)
Path Group: clk
Path Type: min

Fanout         Cap        Slew       Delay        Time   Description
---------------------------------------------------------------------------------------------
                                  0.000000    0.000000   clock clk (rise edge)
                                  0.000000    0.000000   clock source latency
     1    0.021153    0.100886    0.069830    0.069830 ^ clk (in)
                                                         clk (net)
                      0.100909    0.000000    0.069830 ^ clkbuf_0_clk/A (sky130_fd_sc_hd__clkbuf_16)
    16    0.095653    0.112396    0.199673    0.269503 ^ clkbuf_0_clk/X (sky130_fd_sc_hd__clkbuf_16)
                                                         clknet_0_clk (net)
                      0.112895    0.006086    0.275589 ^ clkbuf_4_13_0_clk/A (sky130_fd_sc_hd__clkbuf_8)
     6    0.021959    0.053999    0.159518    0.435107 ^ clkbuf_4_13_0_clk/X (sky130_fd_sc_hd__clkbuf_8)
                                                         clknet_4_13_0_clk (net)
                      0.054037    0.001236    0.436343 ^ _2699_/CLK (sky130_fd_sc_hd__dfxtp_2)
     5    0.024216    0.128568    0.384555    0.820898 ^ _2699_/Q (sky130_fd_sc_hd__dfxtp_2)
                                                         r4_acc[11] (net)
                      0.128571    0.000803    0.821701 ^ _1329_/A (sky130_fd_sc_hd__xnor2_2)
     1    0.003537    0.033955    0.080545    0.902246 v _1329_/Y (sky130_fd_sc_hd__xnor2_2)
                                                         net364 (net)
                      0.033955    0.000119    0.902365 v output364/A (sky130_fd_sc_hd__buf_2)
     1    0.034709    0.090673    0.175927    1.078292 v output364/X (sky130_fd_sc_hd__buf_2)
                                                         acc_out[11] (net)
                      0.090683    0.000957    1.079249 v acc_out[11] (out)
                                              1.079249   data arrival time

                                  0.000000    0.000000   clock clk (rise edge)
                                  0.000000    0.000000   clock network delay (propagated)
                                  0.200000    0.200000   clock uncertainty
                                  0.000000    0.200000   clock reconvergence pessimism
                                 -0.020000    0.180000   output external delay
                                              0.180000   data required time
---------------------------------------------------------------------------------------------
                                              0.180000   data required time
                                             -1.079249   data arrival time
---------------------------------------------------------------------------------------------
                                              0.899249   slack (MET)


Startpoint: _2696_ (rising edge-triggered flip-flop clocked by clk)
Endpoint: acc_out[8] (output port clocked by clk)
Path Group: clk
Path Type: min

Fanout         Cap        Slew       Delay        Time   Description
---------------------------------------------------------------------------------------------
                                  0.000000    0.000000   clock clk (rise edge)
                                  0.000000    0.000000   clock source latency
     1    0.021153    0.100886    0.069830    0.069830 ^ clk (in)
                                                         clk (net)
                      0.100909    0.000000    0.069830 ^ clkbuf_0_clk/A (sky130_fd_sc_hd__clkbuf_16)
    16    0.095653    0.112396    0.199673    0.269503 ^ clkbuf_0_clk/X (sky130_fd_sc_hd__clkbuf_16)
                                                         clknet_0_clk (net)
                      0.112773    0.005319    0.274822 ^ clkbuf_4_8_0_clk/A (sky130_fd_sc_hd__clkbuf_8)
     6    0.021655    0.053603    0.159322    0.434144 ^ clkbuf_4_8_0_clk/X (sky130_fd_sc_hd__clkbuf_8)
                                                         clknet_4_8_0_clk (net)
                      0.053606    0.000515    0.434659 ^ _2696_/CLK (sky130_fd_sc_hd__dfxtp_2)
     5    0.024995    0.132278    0.387209    0.821868 ^ _2696_/Q (sky130_fd_sc_hd__dfxtp_2)
                                                         r4_acc[8] (net)
                      0.132280    0.000750    0.822618 ^ _1323_/A (sky130_fd_sc_hd__xor2_2)
     1    0.003569    0.032065    0.081745    0.904363 v _1323_/X (sky130_fd_sc_hd__xor2_2)
                                                         net376 (net)
                      0.032065    0.000128    0.904492 v output376/A (sky130_fd_sc_hd__buf_2)
     1    0.034269    0.089751    0.174273    1.078765 v output376/X (sky130_fd_sc_hd__buf_2)
                                                         acc_out[8] (net)
                      0.089762    0.000979    1.079744 v acc_out[8] (out)
                                              1.079744   data arrival time

                                  0.000000    0.000000   clock clk (rise edge)
                                  0.000000    0.000000   clock network delay (propagated)
                                  0.200000    0.200000   clock uncertainty
                                  0.000000    0.200000   clock reconvergence pessimism
                                 -0.020000    0.180000   output external delay
                                              0.180000   data required time
---------------------------------------------------------------------------------------------
                                              0.180000   data required time
                                             -1.079744   data arrival time
---------------------------------------------------------------------------------------------
                                              0.899744   slack (MET)


Startpoint: _2695_ (rising edge-triggered flip-flop clocked by clk)
Endpoint: acc_out[7] (output port clocked by clk)
Path Group: clk
Path Type: min

Fanout         Cap        Slew       Delay        Time   Description
---------------------------------------------------------------------------------------------
                                  0.000000    0.000000   clock clk (rise edge)
                                  0.000000    0.000000   clock source latency
     1    0.021153    0.100886    0.069830    0.069830 ^ clk (in)
                                                         clk (net)
                      0.100909    0.000000    0.069830 ^ clkbuf_0_clk/A (sky130_fd_sc_hd__clkbuf_16)
    16    0.095653    0.112396    0.199673    0.269503 ^ clkbuf_0_clk/X (sky130_fd_sc_hd__clkbuf_16)
                                                         clknet_0_clk (net)
                      0.112773    0.005319    0.274822 ^ clkbuf_4_8_0_clk/A (sky130_fd_sc_hd__clkbuf_8)
     6    0.021655    0.053603    0.159322    0.434144 ^ clkbuf_4_8_0_clk/X (sky130_fd_sc_hd__clkbuf_8)
                                                         clknet_4_8_0_clk (net)
                      0.053614    0.000712    0.434856 ^ _2695_/CLK (sky130_fd_sc_hd__dfxtp_2)
     5    0.024942    0.132087    0.386791    0.821647 ^ _2695_/Q (sky130_fd_sc_hd__dfxtp_2)
                                                         r4_acc[7] (net)
                      0.132095    0.001148    0.822795 ^ _1321_/A (sky130_fd_sc_hd__xor2_2)
     1    0.003729    0.032424    0.082281    0.905076 v _1321_/X (sky130_fd_sc_hd__xor2_2)
                                                         net375 (net)
                      0.032424    0.000134    0.905210 v output375/A (sky130_fd_sc_hd__buf_2)
     1    0.034837    0.090972    0.175483    1.080692 v output375/X (sky130_fd_sc_hd__buf_2)
                                                         acc_out[7] (net)
                      0.090983    0.000987    1.081680 v acc_out[7] (out)
                                              1.081680   data arrival time

                                  0.000000    0.000000   clock clk (rise edge)
                                  0.000000    0.000000   clock network delay (propagated)
                                  0.200000    0.200000   clock uncertainty
                                  0.000000    0.200000   clock reconvergence pessimism
                                 -0.020000    0.180000   output external delay
                                              0.180000   data required time
---------------------------------------------------------------------------------------------
                                              0.180000   data required time
                                             -1.081680   data arrival time
---------------------------------------------------------------------------------------------
                                              0.901680   slack (MET)


Startpoint: _2691_ (rising edge-triggered flip-flop clocked by clk)
Endpoint: acc_out[3] (output port clocked by clk)
Path Group: clk
Path Type: min

Fanout         Cap        Slew       Delay        Time   Description
---------------------------------------------------------------------------------------------
                                  0.000000    0.000000   clock clk (rise edge)
                                  0.000000    0.000000   clock source latency
     1    0.021153    0.100886    0.069830    0.069830 ^ clk (in)
                                                         clk (net)
                      0.100909    0.000000    0.069830 ^ clkbuf_0_clk/A (sky130_fd_sc_hd__clkbuf_16)
    16    0.095653    0.112396    0.199673    0.269503 ^ clkbuf_0_clk/X (sky130_fd_sc_hd__clkbuf_16)
                                                         clknet_0_clk (net)
                      0.112956    0.006431    0.275934 ^ clkbuf_4_15_0_clk/A (sky130_fd_sc_hd__clkbuf_8)
     6    0.021474    0.053337    0.159160    0.435094 ^ clkbuf_4_15_0_clk/X (sky130_fd_sc_hd__clkbuf_8)
                                                         clknet_4_15_0_clk (net)
                      0.053347    0.000675    0.435769 ^ _2691_/CLK (sky130_fd_sc_hd__dfxtp_2)
     5    0.026540    0.139757    0.392225    0.827994 ^ _2691_/Q (sky130_fd_sc_hd__dfxtp_2)
                                                         r4_acc[3] (net)
                      0.139767    0.001281    0.829275 ^ _1312_/A (sky130_fd_sc_hd__xor2_2)
     1    0.002948    0.030432    0.080688    0.909963 v _1312_/X (sky130_fd_sc_hd__xor2_2)
                                                         net371 (net)
                      0.030432    0.000074    0.910037 v output371/A (sky130_fd_sc_hd__buf_2)
     1    0.035741    0.093086    0.176016    1.086052 v output371/X (sky130_fd_sc_hd__buf_2)
                                                         acc_out[3] (net)
                      0.093108    0.001371    1.087423 v acc_out[3] (out)
                                              1.087423   data arrival time

                                  0.000000    0.000000   clock clk (rise edge)
                                  0.000000    0.000000   clock network delay (propagated)
                                  0.200000    0.200000   clock uncertainty
                                  0.000000    0.200000   clock reconvergence pessimism
                                 -0.020000    0.180000   output external delay
                                              0.180000   data required time
---------------------------------------------------------------------------------------------
                                              0.180000   data required time
                                             -1.087423   data arrival time
---------------------------------------------------------------------------------------------
                                              0.907423   slack (MET)


Startpoint: _2701_ (rising edge-triggered flip-flop clocked by clk)
Endpoint: acc_out[13] (output port clocked by clk)
Path Group: clk
Path Type: min

Fanout         Cap        Slew       Delay        Time   Description
---------------------------------------------------------------------------------------------
                                  0.000000    0.000000   clock clk (rise edge)
                                  0.000000    0.000000   clock source latency
     1    0.021153    0.100886    0.069830    0.069830 ^ clk (in)
                                                         clk (net)
                      0.100909    0.000000    0.069830 ^ clkbuf_0_clk/A (sky130_fd_sc_hd__clkbuf_16)
    16    0.095653    0.112396    0.199673    0.269503 ^ clkbuf_0_clk/X (sky130_fd_sc_hd__clkbuf_16)
                                                         clknet_0_clk (net)
                      0.112895    0.006086    0.275589 ^ clkbuf_4_13_0_clk/A (sky130_fd_sc_hd__clkbuf_8)
     6    0.021959    0.053999    0.159518    0.435107 ^ clkbuf_4_13_0_clk/X (sky130_fd_sc_hd__clkbuf_8)
                                                         clknet_4_13_0_clk (net)
                      0.054052    0.001437    0.436544 ^ _2701_/CLK (sky130_fd_sc_hd__dfxtp_2)
     5    0.028782    0.150527    0.400281    0.836825 ^ _2701_/Q (sky130_fd_sc_hd__dfxtp_2)
                                                         r4_acc[13] (net)
                      0.150533    0.001077    0.837901 ^ _1333_/A (sky130_fd_sc_hd__xnor2_2)
     1    0.002224    0.028995    0.078510    0.916411 v _1333_/Y (sky130_fd_sc_hd__xnor2_2)
                                                         net366 (net)
                      0.028995    0.000048    0.916459 v output366/A (sky130_fd_sc_hd__buf_2)
     1    0.034777    0.090783    0.174051    1.090510 v output366/X (sky130_fd_sc_hd__buf_2)
                                                         acc_out[13] (net)
                      0.090790    0.000786    1.091297 v acc_out[13] (out)
                                              1.091297   data arrival time

                                  0.000000    0.000000   clock clk (rise edge)
                                  0.000000    0.000000   clock network delay (propagated)
                                  0.200000    0.200000   clock uncertainty
                                  0.000000    0.200000   clock reconvergence pessimism
                                 -0.020000    0.180000   output external delay
                                              0.180000   data required time
---------------------------------------------------------------------------------------------
                                              0.180000   data required time
                                             -1.091297   data arrival time
---------------------------------------------------------------------------------------------
                                              0.911297   slack (MET)


Startpoint: _2698_ (rising edge-triggered flip-flop clocked by clk)
Endpoint: acc_out[10] (output port clocked by clk)
Path Group: clk
Path Type: min

Fanout         Cap        Slew       Delay        Time   Description
---------------------------------------------------------------------------------------------
                                  0.000000    0.000000   clock clk (rise edge)
                                  0.000000    0.000000   clock source latency
     1    0.021153    0.100886    0.069830    0.069830 ^ clk (in)
                                                         clk (net)
                      0.100909    0.000000    0.069830 ^ clkbuf_0_clk/A (sky130_fd_sc_hd__clkbuf_16)
    16    0.095653    0.112396    0.199673    0.269503 ^ clkbuf_0_clk/X (sky130_fd_sc_hd__clkbuf_16)
                                                         clknet_0_clk (net)
                      0.112895    0.006086    0.275589 ^ clkbuf_4_13_0_clk/A (sky130_fd_sc_hd__clkbuf_8)
     6    0.021959    0.053999    0.159518    0.435107 ^ clkbuf_4_13_0_clk/X (sky130_fd_sc_hd__clkbuf_8)
                                                         clknet_4_13_0_clk (net)
                      0.054019    0.000957    0.436063 ^ _2698_/CLK (sky130_fd_sc_hd__dfxtp_2)
     6    0.030002    0.156340    0.404664    0.840728 ^ _2698_/Q (sky130_fd_sc_hd__dfxtp_2)
                                                         r4_acc[10] (net)
                      0.156342    0.000788    0.841516 ^ _1327_/A (sky130_fd_sc_hd__xor2_2)
     1    0.002976    0.030558    0.083658    0.925174 v _1327_/X (sky130_fd_sc_hd__xor2_2)
                                                         net363 (net)
                      0.030558    0.000076    0.925250 v output363/A (sky130_fd_sc_hd__buf_2)
     1    0.034356    0.089956    0.173773    1.099022 v output363/X (sky130_fd_sc_hd__buf_2)
                                                         acc_out[10] (net)
                      0.089967    0.000996    1.100018 v acc_out[10] (out)
                                              1.100018   data arrival time

                                  0.000000    0.000000   clock clk (rise edge)
                                  0.000000    0.000000   clock network delay (propagated)
                                  0.200000    0.200000   clock uncertainty
                                  0.000000    0.200000   clock reconvergence pessimism
                                 -0.020000    0.180000   output external delay
                                              0.180000   data required time
---------------------------------------------------------------------------------------------
                                              0.180000   data required time
                                             -1.100018   data arrival time
---------------------------------------------------------------------------------------------
                                              0.920018   slack (MET)


Startpoint: _2688_ (rising edge-triggered flip-flop clocked by clk)
Endpoint: acc_out[0] (output port clocked by clk)
Path Group: clk
Path Type: min

Fanout         Cap        Slew       Delay        Time   Description
---------------------------------------------------------------------------------------------
                                  0.000000    0.000000   clock clk (rise edge)
                                  0.000000    0.000000   clock source latency
     1    0.021153    0.100886    0.069830    0.069830 ^ clk (in)
                                                         clk (net)
                      0.100909    0.000000    0.069830 ^ clkbuf_0_clk/A (sky130_fd_sc_hd__clkbuf_16)
    16    0.095653    0.112396    0.199673    0.269503 ^ clkbuf_0_clk/X (sky130_fd_sc_hd__clkbuf_16)
                                                         clknet_0_clk (net)
                      0.112957    0.006433    0.275936 ^ clkbuf_4_14_0_clk/A (sky130_fd_sc_hd__clkbuf_8)
     6    0.020277    0.051853    0.157323    0.433259 ^ clkbuf_4_14_0_clk/X (sky130_fd_sc_hd__clkbuf_8)
                                                         clknet_4_14_0_clk (net)
                      0.051860    0.000638    0.433897 ^ _2688_/CLK (sky130_fd_sc_hd__dfxtp_2)
     8    0.032009    0.084693    0.366841    0.800738 v _2688_/Q (sky130_fd_sc_hd__dfxtp_2)
                                                         r4_acc[0] (net)
                      0.084707    0.001070    0.801808 v _2707_/A (sky130_fd_sc_hd__buf_2)
     1    0.002130    0.021914    0.128933    0.930740 v _2707_/X (sky130_fd_sc_hd__buf_2)
                                                         net362 (net)
                      0.021914    0.000045    0.930785 v output362/A (sky130_fd_sc_hd__buf_2)
     1    0.035077    0.091596    0.171337    1.102122 v output362/X (sky130_fd_sc_hd__buf_2)
                                                         acc_out[0] (net)
                      0.091611    0.001112    1.103234 v acc_out[0] (out)
                                              1.103234   data arrival time

                                  0.000000    0.000000   clock clk (rise edge)
                                  0.000000    0.000000   clock network delay (propagated)
                                  0.200000    0.200000   clock uncertainty
                                  0.000000    0.200000   clock reconvergence pessimism
                                 -0.020000    0.180000   output external delay
                                              0.180000   data required time
---------------------------------------------------------------------------------------------
                                              0.180000   data required time
                                             -1.103234   data arrival time
---------------------------------------------------------------------------------------------
                                              0.923234   slack (MET)


Startpoint: _2694_ (rising edge-triggered flip-flop clocked by clk)
Endpoint: acc_out[6] (output port clocked by clk)
Path Group: clk
Path Type: min

Fanout         Cap        Slew       Delay        Time   Description
---------------------------------------------------------------------------------------------
                                  0.000000    0.000000   clock clk (rise edge)
                                  0.000000    0.000000   clock source latency
     1    0.021153    0.100886    0.069830    0.069830 ^ clk (in)
                                                         clk (net)
                      0.100909    0.000000    0.069830 ^ clkbuf_0_clk/A (sky130_fd_sc_hd__clkbuf_16)
    16    0.095653    0.112396    0.199673    0.269503 ^ clkbuf_0_clk/X (sky130_fd_sc_hd__clkbuf_16)
                                                         clknet_0_clk (net)
                      0.112912    0.006184    0.275687 ^ clkbuf_4_12_0_clk/A (sky130_fd_sc_hd__clkbuf_8)
     6    0.019600    0.050825    0.156411    0.432097 ^ clkbuf_4_12_0_clk/X (sky130_fd_sc_hd__clkbuf_8)
                                                         clknet_4_12_0_clk (net)
                      0.050827    0.000411    0.432509 ^ _2694_/CLK (sky130_fd_sc_hd__dfxtp_2)
     5    0.031088    0.161613    0.407199    0.839707 ^ _2694_/Q (sky130_fd_sc_hd__dfxtp_2)
                                                         r4_acc[6] (net)
                      0.161616    0.000915    0.840623 ^ _1319_/A (sky130_fd_sc_hd__xor2_2)
     1    0.004219    0.033523    0.089409    0.930031 v _1319_/X (sky130_fd_sc_hd__xor2_2)
                                                         net374 (net)
                      0.033523    0.000166    0.930198 v output374/A (sky130_fd_sc_hd__buf_2)
     1    0.034831    0.090952    0.175941    1.106139 v output374/X (sky130_fd_sc_hd__buf_2)
                                                         acc_out[6] (net)
                      0.090963    0.000992    1.107131 v acc_out[6] (out)
                                              1.107131   data arrival time

                                  0.000000    0.000000   clock clk (rise edge)
                                  0.000000    0.000000   clock network delay (propagated)
                                  0.200000    0.200000   clock uncertainty
                                  0.000000    0.200000   clock reconvergence pessimism
                                 -0.020000    0.180000   output external delay
                                              0.180000   data required time
---------------------------------------------------------------------------------------------
                                              0.180000   data required time
                                             -1.107131   data arrival time
---------------------------------------------------------------------------------------------
                                              0.927131   slack (MET)


Startpoint: _2692_ (rising edge-triggered flip-flop clocked by clk)
Endpoint: acc_out[4] (output port clocked by clk)
Path Group: clk
Path Type: min

Fanout         Cap        Slew       Delay        Time   Description
---------------------------------------------------------------------------------------------
                                  0.000000    0.000000   clock clk (rise edge)
                                  0.000000    0.000000   clock source latency
     1    0.021153    0.100886    0.069830    0.069830 ^ clk (in)
                                                         clk (net)
                      0.100909    0.000000    0.069830 ^ clkbuf_0_clk/A (sky130_fd_sc_hd__clkbuf_16)
    16    0.095653    0.112396    0.199673    0.269503 ^ clkbuf_0_clk/X (sky130_fd_sc_hd__clkbuf_16)
                                                         clknet_0_clk (net)
                      0.112956    0.006431    0.275934 ^ clkbuf_4_15_0_clk/A (sky130_fd_sc_hd__clkbuf_8)
     6    0.021474    0.053337    0.159160    0.435094 ^ clkbuf_4_15_0_clk/X (sky130_fd_sc_hd__clkbuf_8)
                                                         clknet_4_15_0_clk (net)
                      0.053347    0.000661    0.435756 ^ _2692_/CLK (sky130_fd_sc_hd__dfxtp_2)
     6    0.034841    0.179695    0.420807    0.856563 ^ _2692_/Q (sky130_fd_sc_hd__dfxtp_2)
                                                         r4_acc[4] (net)
                      0.179700    0.001185    0.857748 ^ _1315_/A (sky130_fd_sc_hd__xnor2_2)
     1    0.003586    0.032515    0.088854    0.946602 v _1315_/Y (sky130_fd_sc_hd__xnor2_2)
                                                         net372 (net)
                      0.032515    0.000130    0.946732 v output372/A (sky130_fd_sc_hd__buf_2)
     1    0.035117    0.091597    0.176002    1.122734 v output372/X (sky130_fd_sc_hd__buf_2)
                                                         acc_out[4] (net)
                      0.091609    0.001043    1.123777 v acc_out[4] (out)
                                              1.123777   data arrival time

                                  0.000000    0.000000   clock clk (rise edge)
                                  0.000000    0.000000   clock network delay (propagated)
                                  0.200000    0.200000   clock uncertainty
                                  0.000000    0.200000   clock reconvergence pessimism
                                 -0.020000    0.180000   output external delay
                                              0.180000   data required time
---------------------------------------------------------------------------------------------
                                              0.180000   data required time
                                             -1.123777   data arrival time
---------------------------------------------------------------------------------------------
                                              0.943777   slack (MET)


Startpoint: _2689_ (rising edge-triggered flip-flop clocked by clk)
Endpoint: acc_out[1] (output port clocked by clk)
Path Group: clk
Path Type: min

Fanout         Cap        Slew       Delay        Time   Description
---------------------------------------------------------------------------------------------
                                  0.000000    0.000000   clock clk (rise edge)
                                  0.000000    0.000000   clock source latency
     1    0.021153    0.100886    0.069830    0.069830 ^ clk (in)
                                                         clk (net)
                      0.100909    0.000000    0.069830 ^ clkbuf_0_clk/A (sky130_fd_sc_hd__clkbuf_16)
    16    0.095653    0.112396    0.199673    0.269503 ^ clkbuf_0_clk/X (sky130_fd_sc_hd__clkbuf_16)
                                                         clknet_0_clk (net)
                      0.112957    0.006433    0.275936 ^ clkbuf_4_14_0_clk/A (sky130_fd_sc_hd__clkbuf_8)
     6    0.020277    0.051853    0.157323    0.433259 ^ clkbuf_4_14_0_clk/X (sky130_fd_sc_hd__clkbuf_8)
                                                         clknet_4_14_0_clk (net)
                      0.051865    0.000775    0.434034 ^ _2689_/CLK (sky130_fd_sc_hd__dfxtp_2)
     8    0.034662    0.090366    0.372020    0.806054 v _2689_/Q (sky130_fd_sc_hd__dfxtp_2)
                                                         r4_acc[1] (net)
                      0.090370    0.000596    0.806650 v _1308_/A (sky130_fd_sc_hd__xnor2_2)
     1    0.002366    0.027447    0.141410    0.948060 v _1308_/Y (sky130_fd_sc_hd__xnor2_2)
                                                         net369 (net)
                      0.027447    0.000054    0.948114 v output369/A (sky130_fd_sc_hd__buf_2)
     1    0.035829    0.093254    0.174876    1.122990 v output369/X (sky130_fd_sc_hd__buf_2)
                                                         acc_out[1] (net)
                      0.093278    0.001399    1.124390 v acc_out[1] (out)
                                              1.124390   data arrival time

                                  0.000000    0.000000   clock clk (rise edge)
                                  0.000000    0.000000   clock network delay (propagated)
                                  0.200000    0.200000   clock uncertainty
                                  0.000000    0.200000   clock reconvergence pessimism
                                 -0.020000    0.180000   output external delay
                                              0.180000   data required time
---------------------------------------------------------------------------------------------
                                              0.180000   data required time
                                             -1.124390   data arrival time
---------------------------------------------------------------------------------------------
                                              0.944390   slack (MET)


Startpoint: _2700_ (rising edge-triggered flip-flop clocked by clk)
Endpoint: acc_out[12] (output port clocked by clk)
Path Group: clk
Path Type: min

Fanout         Cap        Slew       Delay        Time   Description
---------------------------------------------------------------------------------------------
                                  0.000000    0.000000   clock clk (rise edge)
                                  0.000000    0.000000   clock source latency
     1    0.021153    0.100886    0.069830    0.069830 ^ clk (in)
                                                         clk (net)
                      0.100909    0.000000    0.069830 ^ clkbuf_0_clk/A (sky130_fd_sc_hd__clkbuf_16)
    16    0.095653    0.112396    0.199673    0.269503 ^ clkbuf_0_clk/X (sky130_fd_sc_hd__clkbuf_16)
                                                         clknet_0_clk (net)
                      0.112895    0.006086    0.275589 ^ clkbuf_4_13_0_clk/A (sky130_fd_sc_hd__clkbuf_8)
     6    0.021959    0.053999    0.159518    0.435107 ^ clkbuf_4_13_0_clk/X (sky130_fd_sc_hd__clkbuf_8)
                                                         clknet_4_13_0_clk (net)
                      0.054041    0.001291    0.436398 ^ _2700_/CLK (sky130_fd_sc_hd__dfxtp_2)
     6    0.037705    0.193101    0.431237    0.867634 ^ _2700_/Q (sky130_fd_sc_hd__dfxtp_2)
                                                         r4_acc[12] (net)
                      0.193102    0.000755    0.868389 ^ _1331_/A (sky130_fd_sc_hd__xor2_2)
     1    0.002911    0.030376    0.089676    0.958065 v _1331_/X (sky130_fd_sc_hd__xor2_2)
                                                         net365 (net)
                      0.030376    0.000071    0.958137 v output365/A (sky130_fd_sc_hd__buf_2)
     1    0.034810    0.090824    0.174743    1.132879 v output365/X (sky130_fd_sc_hd__buf_2)
                                                         acc_out[12] (net)
                      0.090830    0.000740    1.133619 v acc_out[12] (out)
                                              1.133619   data arrival time

                                  0.000000    0.000000   clock clk (rise edge)
                                  0.000000    0.000000   clock network delay (propagated)
                                  0.200000    0.200000   clock uncertainty
                                  0.000000    0.200000   clock reconvergence pessimism
                                 -0.020000    0.180000   output external delay
                                              0.180000   data required time
---------------------------------------------------------------------------------------------
                                              0.180000   data required time
                                             -1.133619   data arrival time
---------------------------------------------------------------------------------------------
                                              0.953619   slack (MET)


Startpoint: _2631_ (rising edge-triggered flip-flop clocked by clk)
Endpoint: a_out[9] (output port clocked by clk)
Path Group: clk
Path Type: min

Fanout         Cap        Slew       Delay        Time   Description
---------------------------------------------------------------------------------------------
                                  0.000000    0.000000   clock clk (rise edge)
                                  0.000000    0.000000   clock source latency
     1    0.021153    0.100886    0.069830    0.069830 ^ clk (in)
                                                         clk (net)
                      0.100909    0.000000    0.069830 ^ clkbuf_0_clk/A (sky130_fd_sc_hd__clkbuf_16)
    16    0.095653    0.112396    0.199673    0.269503 ^ clkbuf_0_clk/X (sky130_fd_sc_hd__clkbuf_16)
                                                         clknet_0_clk (net)
                      0.113535    0.009053    0.278556 ^ clkbuf_4_7_0_clk/A (sky130_fd_sc_hd__clkbuf_8)
     6    0.017858    0.048085    0.154096    0.432652 ^ clkbuf_4_7_0_clk/X (sky130_fd_sc_hd__clkbuf_8)
                                                         clknet_4_7_0_clk (net)
                      0.048085    0.000257    0.432909 ^ _2631_/CLK (sky130_fd_sc_hd__dfxtp_2)
     8    0.032886    0.086922    0.366460    0.799369 v _2631_/Q (sky130_fd_sc_hd__dfxtp_2)
                                                         net270 (net)
                      0.086998    0.002309    0.801678 v place270/A (sky130_fd_sc_hd__buf_1)
     5    0.015331    0.093798    0.161201    0.962880 v place270/X (sky130_fd_sc_hd__buf_1)
                                                         net361 (net)
                      0.093799    0.000485    0.963364 v output361/A (sky130_fd_sc_hd__buf_2)
     1    0.035422    0.092216    0.203824    1.167188 v output361/X (sky130_fd_sc_hd__buf_2)
                                                         a_out[9] (net)
                      0.092233    0.001209    1.168398 v a_out[9] (out)
                                              1.168398   data arrival time

                                  0.000000    0.000000   clock clk (rise edge)
                                  0.000000    0.000000   clock network delay (propagated)
                                  0.200000    0.200000   clock uncertainty
                                  0.000000    0.200000   clock reconvergence pessimism
                                 -0.020000    0.180000   output external delay
                                              0.180000   data required time
---------------------------------------------------------------------------------------------
                                              0.180000   data required time
                                             -1.168398   data arrival time
---------------------------------------------------------------------------------------------
                                              0.988398   slack (MET)


Startpoint: _2628_ (rising edge-triggered flip-flop clocked by clk)
Endpoint: a_out[6] (output port clocked by clk)
Path Group: clk
Path Type: min

Fanout         Cap        Slew       Delay        Time   Description
---------------------------------------------------------------------------------------------
                                  0.000000    0.000000   clock clk (rise edge)
                                  0.000000    0.000000   clock source latency
     1    0.021153    0.100886    0.069830    0.069830 ^ clk (in)
                                                         clk (net)
                      0.100909    0.000000    0.069830 ^ clkbuf_0_clk/A (sky130_fd_sc_hd__clkbuf_16)
    16    0.095653    0.112396    0.199673    0.269503 ^ clkbuf_0_clk/X (sky130_fd_sc_hd__clkbuf_16)
                                                         clknet_0_clk (net)
                      0.113218    0.007729    0.277232 ^ clkbuf_4_3_0_clk/A (sky130_fd_sc_hd__clkbuf_8)
     6    0.015701    0.044754    0.150748    0.427980 ^ clkbuf_4_3_0_clk/X (sky130_fd_sc_hd__clkbuf_8)
                                                         clknet_4_3_0_clk (net)
                      0.044755    0.000272    0.428252 ^ _2628_/CLK (sky130_fd_sc_hd__dfxtp_2)
     5    0.023379    0.065923    0.347795    0.776047 v _2628_/Q (sky130_fd_sc_hd__dfxtp_2)
                                                         net57 (net)
                      0.065980    0.001750    0.777797 v place276/A (sky130_fd_sc_hd__buf_1)
     7    0.023466    0.138819    0.185670    0.963467 v place276/X (sky130_fd_sc_hd__buf_1)
                                                         net276 (net)
                      0.138824    0.000961    0.964428 v output358/A (sky130_fd_sc_hd__buf_2)
     1    0.035589    0.092771    0.224381    1.188809 v output358/X (sky130_fd_sc_hd__buf_2)
                                                         net358 (net)
                      0.092790    0.001269    1.190078 v a_out[6] (out)
                                              1.190078   data arrival time

                                  0.000000    0.000000   clock clk (rise edge)
                                  0.000000    0.000000   clock network delay (propagated)
                                  0.200000    0.200000   clock uncertainty
                                  0.000000    0.200000   clock reconvergence pessimism
                                 -0.020000    0.180000   output external delay
                                              0.180000   data required time
---------------------------------------------------------------------------------------------
                                              0.180000   data required time
                                             -1.190078   data arrival time
---------------------------------------------------------------------------------------------
                                              1.010078   slack (MET)


Startpoint: _2630_ (rising edge-triggered flip-flop clocked by clk)
Endpoint: a_out[8] (output port clocked by clk)
Path Group: clk
Path Type: min

Fanout         Cap        Slew       Delay        Time   Description
---------------------------------------------------------------------------------------------
                                  0.000000    0.000000   clock clk (rise edge)
                                  0.000000    0.000000   clock source latency
     1    0.021153    0.100886    0.069830    0.069830 ^ clk (in)
                                                         clk (net)
                      0.100909    0.000000    0.069830 ^ clkbuf_0_clk/A (sky130_fd_sc_hd__clkbuf_16)
    16    0.095653    0.112396    0.199673    0.269503 ^ clkbuf_0_clk/X (sky130_fd_sc_hd__clkbuf_16)
                                                         clknet_0_clk (net)
                      0.113567    0.009174    0.278678 ^ clkbuf_4_5_0_clk/A (sky130_fd_sc_hd__clkbuf_8)
     6    0.019032    0.049885    0.155764    0.434442 ^ clkbuf_4_5_0_clk/X (sky130_fd_sc_hd__clkbuf_8)
                                                         clknet_4_5_0_clk (net)
                      0.049889    0.000508    0.434950 ^ _2630_/CLK (sky130_fd_sc_hd__dfxtp_2)
     8    0.030883    0.082202    0.363282    0.798233 v _2630_/Q (sky130_fd_sc_hd__dfxtp_2)
                                                         net51 (net)
                      0.082309    0.002634    0.800866 v place272/A (sky130_fd_sc_hd__buf_1)
     6    0.019101    0.114614    0.174871    0.975737 v place272/X (sky130_fd_sc_hd__buf_1)
                                                         net272 (net)
                      0.114617    0.000701    0.976438 v output360/A (sky130_fd_sc_hd__buf_2)
     1    0.035382    0.092137    0.213258    1.189696 v output360/X (sky130_fd_sc_hd__buf_2)
                                                         net360 (net)
                      0.092153    0.001162    1.190858 v a_out[8] (out)
                                              1.190858   data arrival time

                                  0.000000    0.000000   clock clk (rise edge)
                                  0.000000    0.000000   clock network delay (propagated)
                                  0.200000    0.200000   clock uncertainty
                                  0.000000    0.200000   clock reconvergence pessimism
                                 -0.020000    0.180000   output external delay
                                              0.180000   data required time
---------------------------------------------------------------------------------------------
                                              0.180000   data required time
                                             -1.190858   data arrival time
---------------------------------------------------------------------------------------------
                                              1.010858   slack (MET)


Startpoint: _2625_ (rising edge-triggered flip-flop clocked by clk)
Endpoint: a_out[3] (output port clocked by clk)
Path Group: clk
Path Type: min

Fanout         Cap        Slew       Delay        Time   Description
---------------------------------------------------------------------------------------------
                                  0.000000    0.000000   clock clk (rise edge)
                                  0.000000    0.000000   clock source latency
     1    0.021153    0.100886    0.069830    0.069830 ^ clk (in)
                                                         clk (net)
                      0.100909    0.000000    0.069830 ^ clkbuf_0_clk/A (sky130_fd_sc_hd__clkbuf_16)
    16    0.095653    0.112396    0.199673    0.269503 ^ clkbuf_0_clk/X (sky130_fd_sc_hd__clkbuf_16)
                                                         clknet_0_clk (net)
                      0.113218    0.007729    0.277232 ^ clkbuf_4_3_0_clk/A (sky130_fd_sc_hd__clkbuf_8)
     6    0.015701    0.044754    0.150748    0.427980 ^ clkbuf_4_3_0_clk/X (sky130_fd_sc_hd__clkbuf_8)
                                                         clknet_4_3_0_clk (net)
                      0.044755    0.000272    0.428252 ^ _2625_/CLK (sky130_fd_sc_hd__dfxtp_2)
     4    0.016614    0.051628    0.335495    0.763748 v _2625_/Q (sky130_fd_sc_hd__dfxtp_2)
                                                         net282 (net)
                      0.051628    0.000589    0.764336 v place282/A (sky130_fd_sc_hd__buf_1)
     8    0.027559    0.162159    0.195995    0.960331 v place282/X (sky130_fd_sc_hd__buf_1)
                                                         net355 (net)
                      0.162167    0.001265    0.961596 v output355/A (sky130_fd_sc_hd__buf_2)
     1    0.034548    0.090571    0.233063    1.194659 v output355/X (sky130_fd_sc_hd__buf_2)
                                                         a_out[3] (net)
                      0.090580    0.000889    1.195549 v a_out[3] (out)
                                              1.195549   data arrival time

                                  0.000000    0.000000   clock clk (rise edge)
                                  0.000000    0.000000   clock network delay (propagated)
                                  0.200000    0.200000   clock uncertainty
                                  0.000000    0.200000   clock reconvergence pessimism
                                 -0.020000    0.180000   output external delay
                                              0.180000   data required time
---------------------------------------------------------------------------------------------
                                              0.180000   data required time
                                             -1.195549   data arrival time
---------------------------------------------------------------------------------------------
                                              1.015549   slack (MET)


Startpoint: _2633_ (rising edge-triggered flip-flop clocked by clk)
Endpoint: a_out[11] (output port clocked by clk)
Path Group: clk
Path Type: min

Fanout         Cap        Slew       Delay        Time   Description
---------------------------------------------------------------------------------------------
                                  0.000000    0.000000   clock clk (rise edge)
                                  0.000000    0.000000   clock source latency
     1    0.021153    0.100886    0.069830    0.069830 ^ clk (in)
                                                         clk (net)
                      0.100909    0.000000    0.069830 ^ clkbuf_0_clk/A (sky130_fd_sc_hd__clkbuf_16)
    16    0.095653    0.112396    0.199673    0.269503 ^ clkbuf_0_clk/X (sky130_fd_sc_hd__clkbuf_16)
                                                         clknet_0_clk (net)
                      0.113567    0.009174    0.278678 ^ clkbuf_4_5_0_clk/A (sky130_fd_sc_hd__clkbuf_8)
     6    0.019032    0.049885    0.155764    0.434442 ^ clkbuf_4_5_0_clk/X (sky130_fd_sc_hd__clkbuf_8)
                                                         clknet_4_5_0_clk (net)
                      0.049890    0.000520    0.434962 ^ _2633_/CLK (sky130_fd_sc_hd__dfxtp_2)
     4    0.015095    0.048445    0.334466    0.769428 v _2633_/Q (sky130_fd_sc_hd__dfxtp_2)
                                                         net265 (net)
                      0.048445    0.000257    0.769685 v place265/A (sky130_fd_sc_hd__buf_1)
     8    0.026747    0.157436    0.191556    0.961241 v place265/X (sky130_fd_sc_hd__buf_1)
                                                         net348 (net)
                      0.157438    0.000798    0.962040 v output348/A (sky130_fd_sc_hd__buf_2)
     1    0.039145    0.097787    0.237782    1.199821 v output348/X (sky130_fd_sc_hd__buf_2)
                                                         a_out[11] (net)
                      0.097907    0.003064    1.202886 v a_out[11] (out)
                                              1.202886   data arrival time

                                  0.000000    0.000000   clock clk (rise edge)
                                  0.000000    0.000000   clock network delay (propagated)
                                  0.200000    0.200000   clock uncertainty
                                  0.000000    0.200000   clock reconvergence pessimism
                                 -0.020000    0.180000   output external delay
                                              0.180000   data required time
---------------------------------------------------------------------------------------------
                                              0.180000   data required time
                                             -1.202886   data arrival time
---------------------------------------------------------------------------------------------
                                              1.022886   slack (MET)


Startpoint: _2629_ (rising edge-triggered flip-flop clocked by clk)
Endpoint: a_out[7] (output port clocked by clk)
Path Group: clk
Path Type: min

Fanout         Cap        Slew       Delay        Time   Description
---------------------------------------------------------------------------------------------
                                  0.000000    0.000000   clock clk (rise edge)
                                  0.000000    0.000000   clock source latency
     1    0.021153    0.100886    0.069830    0.069830 ^ clk (in)
                                                         clk (net)
                      0.100909    0.000000    0.069830 ^ clkbuf_0_clk/A (sky130_fd_sc_hd__clkbuf_16)
    16    0.095653    0.112396    0.199673    0.269503 ^ clkbuf_0_clk/X (sky130_fd_sc_hd__clkbuf_16)
                                                         clknet_0_clk (net)
                      0.113403    0.008527    0.278030 ^ clkbuf_4_1_0_clk/A (sky130_fd_sc_hd__clkbuf_8)
     6    0.015926    0.045092    0.151172    0.429202 ^ clkbuf_4_1_0_clk/X (sky130_fd_sc_hd__clkbuf_8)
                                                         clknet_4_1_0_clk (net)
                      0.045093    0.000268    0.429470 ^ _2629_/CLK (sky130_fd_sc_hd__dfxtp_2)
     7    0.030102    0.080613    0.360655    0.790125 v _2629_/Q (sky130_fd_sc_hd__dfxtp_2)
                                                         net54 (net)
                      0.080636    0.001273    0.791397 v place274/A (sky130_fd_sc_hd__buf_1)
     7    0.023170    0.137212    0.190568    0.981966 v place274/X (sky130_fd_sc_hd__buf_1)
                                                         net274 (net)
                      0.137224    0.001338    0.983304 v output359/A (sky130_fd_sc_hd__buf_2)
     1    0.035261    0.092004    0.223148    1.206452 v output359/X (sky130_fd_sc_hd__buf_2)
                                                         net359 (net)
                      0.092020    0.001151    1.207603 v a_out[7] (out)
                                              1.207603   data arrival time

                                  0.000000    0.000000   clock clk (rise edge)
                                  0.000000    0.000000   clock network delay (propagated)
                                  0.200000    0.200000   clock uncertainty
                                  0.000000    0.200000   clock reconvergence pessimism
                                 -0.020000    0.180000   output external delay
                                              0.180000   data required time
---------------------------------------------------------------------------------------------
                                              0.180000   data required time
                                             -1.207603   data arrival time
---------------------------------------------------------------------------------------------
                                              1.027603   slack (MET)


Startpoint: _2635_ (rising edge-triggered flip-flop clocked by clk)
Endpoint: a_out[13] (output port clocked by clk)
Path Group: clk
Path Type: min

Fanout         Cap        Slew       Delay        Time   Description
---------------------------------------------------------------------------------------------
                                  0.000000    0.000000   clock clk (rise edge)
                                  0.000000    0.000000   clock source latency
     1    0.021153    0.100886    0.069830    0.069830 ^ clk (in)
                                                         clk (net)
                      0.100909    0.000000    0.069830 ^ clkbuf_0_clk/A (sky130_fd_sc_hd__clkbuf_16)
    16    0.095653    0.112396    0.199673    0.269503 ^ clkbuf_0_clk/X (sky130_fd_sc_hd__clkbuf_16)
                                                         clknet_0_clk (net)
                      0.113521    0.008998    0.278501 ^ clkbuf_4_4_0_clk/A (sky130_fd_sc_hd__clkbuf_8)
     6    0.020949    0.052557    0.158387    0.436888 ^ clkbuf_4_4_0_clk/X (sky130_fd_sc_hd__clkbuf_8)
                                                         clknet_4_4_0_clk (net)
                      0.052570    0.000796    0.437683 ^ _2635_/CLK (sky130_fd_sc_hd__dfxtp_2)
     6    0.022752    0.064691    0.349761    0.787444 v _2635_/Q (sky130_fd_sc_hd__dfxtp_2)
                                                         net151 (net)
                      0.064707    0.000983    0.788428 v place262/A (sky130_fd_sc_hd__buf_1)
     7    0.025171    0.148570    0.191885    0.980312 v place262/X (sky130_fd_sc_hd__buf_1)
                                                         net262 (net)
                      0.148585    0.001537    0.981850 v output350/A (sky130_fd_sc_hd__buf_2)
     1    0.034783    0.090997    0.227422    1.209271 v output350/X (sky130_fd_sc_hd__buf_2)
                                                         net350 (net)
                      0.091008    0.000977    1.210248 v a_out[13] (out)
                                              1.210248   data arrival time

                                  0.000000    0.000000   clock clk (rise edge)
                                  0.000000    0.000000   clock network delay (propagated)
                                  0.200000    0.200000   clock uncertainty
                                  0.000000    0.200000   clock reconvergence pessimism
                                 -0.020000    0.180000   output external delay
                                              0.180000   data required time
---------------------------------------------------------------------------------------------
                                              0.180000   data required time
                                             -1.210248   data arrival time
---------------------------------------------------------------------------------------------
                                              1.030248   slack (MET)


Startpoint: _2623_ (rising edge-triggered flip-flop clocked by clk)
Endpoint: a_out[1] (output port clocked by clk)
Path Group: clk
Path Type: min

Fanout         Cap        Slew       Delay        Time   Description
---------------------------------------------------------------------------------------------
                                  0.000000    0.000000   clock clk (rise edge)
                                  0.000000    0.000000   clock source latency
     1    0.021153    0.100886    0.069830    0.069830 ^ clk (in)
                                                         clk (net)
                      0.100909    0.000000    0.069830 ^ clkbuf_0_clk/A (sky130_fd_sc_hd__clkbuf_16)
    16    0.095653    0.112396    0.199673    0.269503 ^ clkbuf_0_clk/X (sky130_fd_sc_hd__clkbuf_16)
                                                         clknet_0_clk (net)
                      0.113218    0.007729    0.277232 ^ clkbuf_4_3_0_clk/A (sky130_fd_sc_hd__clkbuf_8)
     6    0.015701    0.044754    0.150748    0.427980 ^ clkbuf_4_3_0_clk/X (sky130_fd_sc_hd__clkbuf_8)
                                                         clknet_4_3_0_clk (net)
                      0.044756    0.000332    0.428312 ^ _2623_/CLK (sky130_fd_sc_hd__dfxtp_2)
     4    0.018599    0.055724    0.338960    0.767273 v _2623_/Q (sky130_fd_sc_hd__dfxtp_2)
                                                         net175 (net)
                      0.055809    0.001104    0.768376 v place287/A (sky130_fd_sc_hd__buf_1)
     8    0.030688    0.179803    0.210587    0.978964 v place287/X (sky130_fd_sc_hd__buf_1)
                                                         net287 (net)
                      0.179827    0.002064    0.981028 v output353/A (sky130_fd_sc_hd__buf_2)
     1    0.036084    0.093349    0.243347    1.224375 v output353/X (sky130_fd_sc_hd__buf_2)
                                                         net353 (net)
                      0.093374    0.001458    1.225833 v a_out[1] (out)
                                              1.225833   data arrival time

                                  0.000000    0.000000   clock clk (rise edge)
                                  0.000000    0.000000   clock network delay (propagated)
                                  0.200000    0.200000   clock uncertainty
                                  0.000000    0.200000   clock reconvergence pessimism
                                 -0.020000    0.180000   output external delay
                                              0.180000   data required time
---------------------------------------------------------------------------------------------
                                              0.180000   data required time
                                             -1.225833   data arrival time
---------------------------------------------------------------------------------------------
                                              1.045833   slack (MET)


Startpoint: _2622_ (rising edge-triggered flip-flop clocked by clk)
Endpoint: a_out[0] (output port clocked by clk)
Path Group: clk
Path Type: min

Fanout         Cap        Slew       Delay        Time   Description
---------------------------------------------------------------------------------------------
                                  0.000000    0.000000   clock clk (rise edge)
                                  0.000000    0.000000   clock source latency
     1    0.021153    0.100886    0.069830    0.069830 ^ clk (in)
                                                         clk (net)
                      0.100909    0.000000    0.069830 ^ clkbuf_0_clk/A (sky130_fd_sc_hd__clkbuf_16)
    16    0.095653    0.112396    0.199673    0.269503 ^ clkbuf_0_clk/X (sky130_fd_sc_hd__clkbuf_16)
                                                         clknet_0_clk (net)
                      0.112489    0.002716    0.272220 ^ clkbuf_4_11_0_clk/A (sky130_fd_sc_hd__clkbuf_8)
     6    0.025764    0.059818    0.164199    0.436419 ^ clkbuf_4_11_0_clk/X (sky130_fd_sc_hd__clkbuf_8)
                                                         clknet_4_11_0_clk (net)
                      0.059832    0.000875    0.437294 ^ _2622_/CLK (sky130_fd_sc_hd__dfxtp_2)
     6    0.025721    0.070985    0.357581    0.794875 v _2622_/Q (sky130_fd_sc_hd__dfxtp_2)
                                                         net76 (net)
                      0.071037    0.001749    0.796624 v place288/A (sky130_fd_sc_hd__buf_1)
     8    0.033426    0.195121    0.228695    1.025319 v place288/X (sky130_fd_sc_hd__buf_1)
                                                         net288 (net)
                      0.195126    0.001166    1.026484 v output346/A (sky130_fd_sc_hd__buf_2)
     1    0.035299    0.092559    0.248888    1.275372 v output346/X (sky130_fd_sc_hd__buf_2)
                                                         net346 (net)
                      0.092573    0.001122    1.276494 v a_out[0] (out)
                                              1.276494   data arrival time

                                  0.000000    0.000000   clock clk (rise edge)
                                  0.000000    0.000000   clock network delay (propagated)
                                  0.200000    0.200000   clock uncertainty
                                  0.000000    0.200000   clock reconvergence pessimism
                                 -0.020000    0.180000   output external delay
                                              0.180000   data required time
---------------------------------------------------------------------------------------------
                                              0.180000   data required time
                                             -1.276494   data arrival time
---------------------------------------------------------------------------------------------
                                              1.096494   slack (MET)


Startpoint: _2703_ (rising edge-triggered flip-flop clocked by clk)
Endpoint: acc_out[15] (output port clocked by clk)
Path Group: clk
Path Type: min

Fanout         Cap        Slew       Delay        Time   Description
---------------------------------------------------------------------------------------------
                                  0.000000    0.000000   clock clk (rise edge)
                                  0.000000    0.000000   clock source latency
     1    0.021153    0.100886    0.069830    0.069830 ^ clk (in)
                                                         clk (net)
                      0.100909    0.000000    0.069830 ^ clkbuf_0_clk/A (sky130_fd_sc_hd__clkbuf_16)
    16    0.095653    0.112396    0.199673    0.269503 ^ clkbuf_0_clk/X (sky130_fd_sc_hd__clkbuf_16)
                                                         clknet_0_clk (net)
                      0.112912    0.006184    0.275687 ^ clkbuf_4_12_0_clk/A (sky130_fd_sc_hd__clkbuf_8)
     6    0.019600    0.050825    0.156411    0.432097 ^ clkbuf_4_12_0_clk/X (sky130_fd_sc_hd__clkbuf_8)
                                                         clknet_4_12_0_clk (net)
                      0.050826    0.000305    0.432402 ^ _2703_/CLK (sky130_fd_sc_hd__dfxtp_2)
     5    0.024598    0.068616    0.352625    0.785028 v _2703_/Q (sky130_fd_sc_hd__dfxtp_2)
                                                         r4_acc[15] (net)
                      0.068637    0.001156    0.786184 v place240/A (sky130_fd_sc_hd__buf_1)
     8    0.029162    0.170986    0.210553    0.996737 v place240/X (sky130_fd_sc_hd__buf_1)
                                                         net240 (net)
                      0.170986    0.000658    0.997395 v _2708_/A (sky130_fd_sc_hd__buf_2)
     1    0.002100    0.023079    0.166742    1.164137 v _2708_/X (sky130_fd_sc_hd__buf_2)
                                                         net368 (net)
                      0.023079    0.000044    1.164180 v output368/A (sky130_fd_sc_hd__buf_2)
     1    0.034694    0.090607    0.171421    1.335601 v output368/X (sky130_fd_sc_hd__buf_2)
                                                         acc_out[15] (net)
                      0.090611    0.000691    1.336292 v acc_out[15] (out)
                                              1.336292   data arrival time

                                  0.000000    0.000000   clock clk (rise edge)
                                  0.000000    0.000000   clock network delay (propagated)
                                  0.200000    0.200000   clock uncertainty
                                  0.000000    0.200000   clock reconvergence pessimism
                                 -0.020000    0.180000   output external delay
                                              0.180000   data required time
---------------------------------------------------------------------------------------------
                                              0.180000   data required time
                                             -1.336292   data arrival time
---------------------------------------------------------------------------------------------
                                              1.156292   slack (MET)


Startpoint: _2624_ (rising edge-triggered flip-flop clocked by clk)
Endpoint: a_out[2] (output port clocked by clk)
Path Group: clk
Path Type: min

Fanout         Cap        Slew       Delay        Time   Description
---------------------------------------------------------------------------------------------
                                  0.000000    0.000000   clock clk (rise edge)
                                  0.000000    0.000000   clock source latency
     1    0.021153    0.100886    0.069830    0.069830 ^ clk (in)
                                                         clk (net)
                      0.100909    0.000000    0.069830 ^ clkbuf_0_clk/A (sky130_fd_sc_hd__clkbuf_16)
    16    0.095653    0.112396    0.199673    0.269503 ^ clkbuf_0_clk/X (sky130_fd_sc_hd__clkbuf_16)
                                                         clknet_0_clk (net)
                      0.112569    0.003664    0.273167 ^ clkbuf_4_10_0_clk/A (sky130_fd_sc_hd__clkbuf_8)
     6    0.024238    0.057429    0.162092    0.435259 ^ clkbuf_4_10_0_clk/X (sky130_fd_sc_hd__clkbuf_8)
                                                         clknet_4_10_0_clk (net)
                      0.057479    0.001489    0.436749 ^ _2624_/CLK (sky130_fd_sc_hd__dfxtp_2)
     2    0.004614    0.026856    0.312541    0.749290 v _2624_/Q (sky130_fd_sc_hd__dfxtp_2)
                                                         net283 (net)
                      0.026856    0.000114    0.749403 v place285/A (sky130_fd_sc_hd__buf_1)
     8    0.034846    0.203307    0.214290    0.963694 v place285/X (sky130_fd_sc_hd__buf_1)
                                                         net285 (net)
                      0.203409    0.002789    0.966483 v place283/A (sky130_fd_sc_hd__buf_1)
     4    0.014766    0.092024    0.202500    1.168983 v place283/X (sky130_fd_sc_hd__buf_1)
                                                         net354 (net)
                      0.092025    0.000439    1.169421 v output354/A (sky130_fd_sc_hd__buf_2)
     1    0.035306    0.091951    0.202829    1.372250 v output354/X (sky130_fd_sc_hd__buf_2)
                                                         a_out[2] (net)
                      0.091967    0.001173    1.373423 v a_out[2] (out)
                                              1.373423   data arrival time

                                  0.000000    0.000000   clock clk (rise edge)
                                  0.000000    0.000000   clock network delay (propagated)
                                  0.200000    0.200000   clock uncertainty
                                  0.000000    0.200000   clock reconvergence pessimism
                                 -0.020000    0.180000   output external delay
                                              0.180000   data required time
---------------------------------------------------------------------------------------------
                                              0.180000   data required time
                                             -1.373423   data arrival time
---------------------------------------------------------------------------------------------
                                              1.193423   slack (MET)


Startpoint: _2632_ (rising edge-triggered flip-flop clocked by clk)
Endpoint: a_out[10] (output port clocked by clk)
Path Group: clk
Path Type: min

Fanout         Cap        Slew       Delay        Time   Description
---------------------------------------------------------------------------------------------
                                  0.000000    0.000000   clock clk (rise edge)
                                  0.000000    0.000000   clock source latency
     1    0.021153    0.100886    0.069830    0.069830 ^ clk (in)
                                                         clk (net)
                      0.100909    0.000000    0.069830 ^ clkbuf_0_clk/A (sky130_fd_sc_hd__clkbuf_16)
    16    0.095653    0.112396    0.199673    0.269503 ^ clkbuf_0_clk/X (sky130_fd_sc_hd__clkbuf_16)
                                                         clknet_0_clk (net)
                      0.113567    0.009174    0.278678 ^ clkbuf_4_5_0_clk/A (sky130_fd_sc_hd__clkbuf_8)
     6    0.019032    0.049885    0.155764    0.434442 ^ clkbuf_4_5_0_clk/X (sky130_fd_sc_hd__clkbuf_8)
                                                         clknet_4_5_0_clk (net)
                      0.049890    0.000541    0.434983 ^ _2632_/CLK (sky130_fd_sc_hd__dfxtp_2)
     5    0.021755    0.062488    0.346601    0.781585 v _2632_/Q (sky130_fd_sc_hd__dfxtp_2)
                                                         net267 (net)
                      0.062502    0.000918    0.782502 v place268/A (sky130_fd_sc_hd__buf_1)
     8    0.027702    0.162858    0.201560    0.984063 v place268/X (sky130_fd_sc_hd__buf_1)
                                                         net268 (net)
                      0.162860    0.000853    0.984916 v place267/A (sky130_fd_sc_hd__buf_1)
     7    0.024164    0.142803    0.227502    1.212418 v place267/X (sky130_fd_sc_hd__buf_1)
                                                         net347 (net)
                      0.142817    0.001463    1.213881 v output347/A (sky130_fd_sc_hd__buf_2)
     1    0.035867    0.093291    0.226540    1.440421 v output347/X (sky130_fd_sc_hd__buf_2)
                                                         a_out[10] (net)
                      0.093316    0.001439    1.441860 v a_out[10] (out)
                                              1.441860   data arrival time

                                  0.000000    0.000000   clock clk (rise edge)
                                  0.000000    0.000000   clock network delay (propagated)
                                  0.200000    0.200000   clock uncertainty
                                  0.000000    0.200000   clock reconvergence pessimism
                                 -0.020000    0.180000   output external delay
                                              0.180000   data required time
---------------------------------------------------------------------------------------------
                                              0.180000   data required time
                                             -1.441860   data arrival time
---------------------------------------------------------------------------------------------
                                              1.261860   slack (MET)



