Instance,Terminal,Layer,X location,Y location,Voltage
FILLER_64_317,VPWR,li1,152.0300,187.6800,1.799931
FILLER_64_306,VPWR,li1,146.7400,187.6800,1.799931
FILLER_64_288,VPWR,li1,138.2300,187.6800,1.799931
FILLER_64_285,VPWR,li1,137.3100,187.6800,1.799931
FILLER_64_277,VPWR,li1,133.6300,187.6800,1.799931
FILLER_64_274,VPWR,li1,132.2500,187.6800,1.799931
FILLER_64_271,VPWR,li1,130.8700,187.6800,1.799931
FILLER_64_268,VPWR,li1,129.4900,187.6800,1.799931
FILLER_64_265,VPWR,li1,128.1100,187.6800,1.799931
FILLER_64_262,VPWR,li1,126.7300,187.6800,1.799931
FILLER_64_259,VPWR,li1,125.3500,187.6800,1.799931
FILLER_64_256,VPWR,li1,123.9700,187.6800,1.799931
FILLER_64_253,VPWR,li1,122.5900,187.6800,1.799931
FILLER_64_249,VPWR,li1,120.7500,187.6800,1.799932
FILLER_64_246,VPWR,li1,119.3700,187.6800,1.799932
FILLER_64_243,VPWR,li1,117.9900,187.6800,1.799932
FILLER_64_240,VPWR,li1,116.6100,187.6800,1.799932
FILLER_64_237,VPWR,li1,115.2300,187.6800,1.799932
FILLER_64_234,VPWR,li1,113.8500,187.6800,1.799932
FILLER_64_231,VPWR,li1,112.4700,187.6800,1.799932
FILLER_64_228,VPWR,li1,111.0900,187.6800,1.799932
FILLER_64_225,VPWR,li1,109.7100,187.6800,1.799932
FILLER_64_221,VPWR,li1,107.8700,187.6800,1.799932
FILLER_64_218,VPWR,li1,106.4900,187.6800,1.799932
FILLER_64_215,VPWR,li1,105.1100,187.6800,1.799932
FILLER_64_206,VPWR,li1,100.7400,187.6800,1.799932
FILLER_64_203,VPWR,li1,99.5900,187.6800,1.799933
FILLER_64_200,VPWR,li1,98.2100,187.6800,1.799933
FILLER_64_197,VPWR,li1,96.8300,187.6800,1.799933
FILLER_64_194,VPWR,li1,95.2200,187.6800,1.799934
FILLER_64_191,VPWR,li1,94.0700,187.6800,1.799934
FILLER_64_181,VPWR,li1,89.4700,187.6800,1.799935
FILLER_64_178,VPWR,li1,88.0900,187.6800,1.799936
FILLER_64_175,VPWR,li1,86.7100,187.6800,1.799936
FILLER_64_172,VPWR,li1,85.3300,187.6800,1.799937
FILLER_64_169,VPWR,li1,83.9500,187.6800,1.799937
FILLER_64_165,VPWR,li1,82.1100,187.6800,1.799938
FILLER_64_162,VPWR,li1,80.7300,187.6800,1.799939
FILLER_64_159,VPWR,li1,79.3500,187.6800,1.799939
FILLER_64_156,VPWR,li1,77.9700,187.6800,1.799939
FILLER_64_153,VPWR,li1,76.5900,187.6800,1.799940
FILLER_64_150,VPWR,li1,75.2100,187.6800,1.799940
FILLER_64_144,VPWR,li1,71.9900,187.6800,1.799942
FILLER_64_141,VPWR,li1,71.0700,187.6800,1.799943
FILLER_64_137,VPWR,li1,69.2300,187.6800,1.799945
FILLER_64_134,VPWR,li1,67.8500,187.6800,1.799945
FILLER_64_131,VPWR,li1,66.4700,187.6800,1.799947
FILLER_64_128,VPWR,li1,65.0900,187.6800,1.799947
FILLER_64_122,VPWR,li1,61.8700,187.6800,1.799949
FILLER_64_119,VPWR,li1,60.9500,187.6800,1.799951
FILLER_64_116,VPWR,li1,59.5700,187.6800,1.799951
FILLER_64_113,VPWR,li1,58.1900,187.6800,1.799953
FILLER_64_100,VPWR,li1,52.2100,187.6800,1.799958
FILLER_64_97,VPWR,li1,50.8300,187.6800,1.799961
FILLER_64_94,VPWR,li1,49.4500,187.6800,1.799961
FILLER_64_91,VPWR,li1,48.0700,187.6800,1.799963
FILLER_64_88,VPWR,li1,46.6900,187.6800,1.799963
FILLER_64_85,VPWR,li1,45.3100,187.6800,1.799966
FILLER_64_82,VPWR,li1,43.7000,187.6800,1.799967
FILLER_64_79,VPWR,li1,42.5500,187.6800,1.799967
FILLER_64_76,VPWR,li1,41.1700,187.6800,1.799970
FILLER_64_73,VPWR,li1,39.7900,187.6800,1.799970
FILLER_64_70,VPWR,li1,38.4100,187.6800,1.799973
FILLER_64_67,VPWR,li1,37.0300,187.6800,1.799973
FILLER_64_57,VPWR,li1,32.4300,187.6800,1.799979
FILLER_64_53,VPWR,li1,30.5900,187.6800,1.799981
FILLER_64_50,VPWR,li1,29.2100,187.6800,1.799981
FILLER_64_47,VPWR,li1,27.8300,187.6800,1.799984
FILLER_64_44,VPWR,li1,26.4500,187.6800,1.799984
FILLER_64_41,VPWR,li1,25.0700,187.6800,1.799987
FILLER_64_38,VPWR,li1,23.6900,187.6800,1.799987
FILLER_64_35,VPWR,li1,22.3100,187.6800,1.799989
FILLER_64_32,VPWR,li1,20.9300,187.6800,1.799989
FILLER_64_29,VPWR,li1,19.5500,187.6800,1.799989
FILLER_64_27,VPWR,li1,18.1700,187.6800,1.799989
FILLER_64_24,VPWR,li1,17.2500,187.6800,1.799989
FILLER_64_21,VPWR,li1,15.8700,187.6800,1.799989
FILLER_64_18,VPWR,li1,14.4900,187.6800,1.799989
FILLER_64_15,VPWR,li1,13.1100,187.6800,1.799989
FILLER_64_12,VPWR,li1,11.7300,187.6800,1.799989
FILLER_64_9,VPWR,li1,10.3500,187.6800,1.799989
FILLER_64_6,VPWR,li1,8.9700,187.6800,1.799989
FILLER_64_3,VPWR,li1,7.5900,187.6800,1.799989
FILLER_63_319,VPWR,li1,152.4900,182.2400,1.799463
FILLER_63_316,VPWR,li1,151.5700,182.2400,1.799463
FILLER_63_300,VPWR,li1,144.2100,182.2400,1.799463
FILLER_63_281,VPWR,li1,135.0100,182.2400,1.799463
FILLER_63_273,VPWR,li1,131.7900,182.2400,1.799464
FILLER_63_270,VPWR,li1,130.4100,182.2400,1.799465
FILLER_63_267,VPWR,li1,129.0300,182.2400,1.799465
FILLER_63_264,VPWR,li1,127.6500,182.2400,1.799465
FILLER_63_261,VPWR,li1,126.2700,182.2400,1.799466
FILLER_63_258,VPWR,li1,124.8900,182.2400,1.799466
FILLER_63_255,VPWR,li1,123.5100,182.2400,1.799466
FILLER_63_252,VPWR,li1,122.1300,182.2400,1.799467
FILLER_63_249,VPWR,li1,120.7500,182.2400,1.799468
FILLER_63_246,VPWR,li1,119.3700,182.2400,1.799468
FILLER_63_243,VPWR,li1,117.9900,182.2400,1.799468
FILLER_63_240,VPWR,li1,116.6100,182.2400,1.799469
FILLER_63_237,VPWR,li1,115.2300,182.2400,1.799469
FILLER_63_234,VPWR,li1,113.8500,182.2400,1.799469
FILLER_63_231,VPWR,li1,112.4700,182.2400,1.799470
FILLER_63_228,VPWR,li1,111.0900,182.2400,1.799470
FILLER_63_225,VPWR,li1,109.7100,182.2400,1.799471
FILLER_63_210,VPWR,li1,102.3500,182.2400,1.799474
FILLER_63_195,VPWR,li1,95.6800,182.2400,1.799489
FILLER_63_181,VPWR,li1,89.0100,182.2400,1.799508
FILLER_63_178,VPWR,li1,88.0900,182.2400,1.799508
FILLER_63_175,VPWR,li1,86.7100,182.2400,1.799517
FILLER_63_172,VPWR,li1,85.3300,182.2400,1.799517
FILLER_63_169,VPWR,li1,83.9500,182.2400,1.799527
FILLER_63_153,VPWR,li1,76.3600,182.2400,1.799553
FILLER_63_116,VPWR,li1,59.5700,182.2400,1.799636
FILLER_63_113,VPWR,li1,58.1900,182.2400,1.799649
FILLER_63_93,VPWR,li1,48.5300,182.2400,1.799708
FILLER_63_60,VPWR,li1,33.5800,182.2400,1.799822
FILLER_63_57,VPWR,li1,32.4300,182.2400,1.799822
FILLER_63_53,VPWR,li1,30.5900,182.2400,1.799836
FILLER_63_46,VPWR,li1,26.9100,182.2400,1.799871
FILLER_63_43,VPWR,li1,25.9900,182.2400,1.799871
FILLER_63_32,VPWR,li1,20.4700,182.2400,1.799914
FILLER_63_26,VPWR,li1,17.7100,182.2400,1.799912
FILLER_63_3,VPWR,li1,7.5900,182.2400,1.799910
FILLER_62_318,VPWR,li1,152.2600,182.2400,1.799463
FILLER_62_315,VPWR,li1,151.1100,182.2400,1.799463
FILLER_62_312,VPWR,li1,149.7300,182.2400,1.799463
FILLER_62_309,VPWR,li1,148.3500,182.2400,1.799463
FILLER_62_292,VPWR,li1,140.0700,182.2400,1.799463
FILLER_62_274,VPWR,li1,131.7900,182.2400,1.799464
FILLER_62_271,VPWR,li1,130.8700,182.2400,1.799465
FILLER_62_268,VPWR,li1,129.4900,182.2400,1.799465
FILLER_62_265,VPWR,li1,128.1100,182.2400,1.799465
FILLER_62_262,VPWR,li1,126.7300,182.2400,1.799466
FILLER_62_259,VPWR,li1,125.3500,182.2400,1.799466
FILLER_62_256,VPWR,li1,123.9700,182.2400,1.799466
FILLER_62_253,VPWR,li1,122.5900,182.2400,1.799467
FILLER_62_250,VPWR,li1,120.9800,182.2400,1.799468
FILLER_62_247,VPWR,li1,119.8300,182.2400,1.799468
FILLER_62_244,VPWR,li1,118.4500,182.2400,1.799468
FILLER_62_241,VPWR,li1,117.0700,182.2400,1.799468
FILLER_62_238,VPWR,li1,115.6900,182.2400,1.799469
FILLER_62_235,VPWR,li1,114.3100,182.2400,1.799469
FILLER_62_232,VPWR,li1,112.9300,182.2400,1.799469
FILLER_62_229,VPWR,li1,111.5500,182.2400,1.799470
FILLER_62_188,VPWR,li1,92.2300,182.2400,1.799496
FILLER_62_185,VPWR,li1,91.3100,182.2400,1.799496
FILLER_62_171,VPWR,li1,84.4100,182.2400,1.799527
FILLER_62_164,VPWR,li1,81.1900,182.2400,1.799538
FILLER_62_151,VPWR,li1,75.6700,182.2400,1.799563
FILLER_62_148,VPWR,li1,74.2900,182.2400,1.799563
FILLER_62_131,VPWR,li1,66.2400,182.2400,1.799600
FILLER_62_120,VPWR,li1,61.1800,182.2400,1.799636
FILLER_62_106,VPWR,li1,54.5100,182.2400,1.799669
FILLER_62_92,VPWR,li1,48.0700,182.2400,1.799708
FILLER_62_82,VPWR,li1,43.7000,182.2400,1.799738
FILLER_62_67,VPWR,li1,36.8000,182.2400,1.799788
FILLER_62_29,VPWR,li1,19.3200,182.2400,1.799913
FILLER_62_18,VPWR,li1,14.2600,182.2400,1.799911
FILLER_62_3,VPWR,li1,7.3600,182.2400,1.799910
FILLER_61_317,VPWR,li1,152.0300,176.8000,1.799384
FILLER_61_314,VPWR,li1,150.6500,176.8000,1.799384
FILLER_61_311,VPWR,li1,149.2700,176.8000,1.799384
FILLER_61_308,VPWR,li1,147.8900,176.8000,1.799384
FILLER_61_305,VPWR,li1,146.5100,176.8000,1.799384
FILLER_61_302,VPWR,li1,145.1300,176.8000,1.799384
FILLER_61_299,VPWR,li1,143.7500,176.8000,1.799384
FILLER_61_296,VPWR,li1,142.3700,176.8000,1.799384
FILLER_61_293,VPWR,li1,140.9900,176.8000,1.799384
FILLER_61_290,VPWR,li1,139.6100,176.8000,1.799384
FILLER_61_287,VPWR,li1,138.2300,176.8000,1.799384
FILLER_61_284,VPWR,li1,136.8500,176.8000,1.799385
FILLER_61_281,VPWR,li1,135.4700,176.8000,1.799385
FILLER_61_278,VPWR,li1,133.8600,176.8000,1.799385
FILLER_61_275,VPWR,li1,132.7100,176.8000,1.799385
FILLER_61_272,VPWR,li1,131.3300,176.8000,1.799385
FILLER_61_269,VPWR,li1,129.9500,176.8000,1.799385
FILLER_61_266,VPWR,li1,128.5700,176.8000,1.799386
FILLER_61_263,VPWR,li1,127.1900,176.8000,1.799386
FILLER_61_260,VPWR,li1,125.8100,176.8000,1.799386
FILLER_61_257,VPWR,li1,124.4300,176.8000,1.799386
FILLER_61_254,VPWR,li1,123.0500,176.8000,1.799386
FILLER_61_251,VPWR,li1,121.6700,176.8000,1.799387
FILLER_61_248,VPWR,li1,120.2900,176.8000,1.799387
FILLER_61_245,VPWR,li1,118.9100,176.8000,1.799387
FILLER_61_242,VPWR,li1,117.5300,176.8000,1.799388
FILLER_61_239,VPWR,li1,116.1500,176.8000,1.799388
FILLER_61_236,VPWR,li1,114.7700,176.8000,1.799388
FILLER_61_233,VPWR,li1,113.3900,176.8000,1.799388
FILLER_61_222,VPWR,li1,108.1000,176.8000,1.799394
FILLER_61_201,VPWR,li1,98.6700,176.8000,1.799426
FILLER_61_198,VPWR,li1,97.2900,176.8000,1.799433
FILLER_61_182,VPWR,li1,89.9300,176.8000,1.799464
FILLER_61_176,VPWR,li1,86.7100,176.8000,1.799481
FILLER_61_165,VPWR,li1,82.1100,176.8000,1.799517
FILLER_61_162,VPWR,li1,80.7300,176.8000,1.799517
FILLER_61_156,VPWR,li1,77.5100,176.8000,1.799543
FILLER_61_153,VPWR,li1,76.5900,176.8000,1.799543
FILLER_61_150,VPWR,li1,75.2100,176.8000,1.799560
FILLER_61_147,VPWR,li1,73.8300,176.8000,1.799560
FILLER_61_144,VPWR,li1,72.4500,176.8000,1.799577
FILLER_61_141,VPWR,li1,71.0700,176.8000,1.799577
FILLER_61_138,VPWR,li1,69.6900,176.8000,1.799592
FILLER_61_124,VPWR,li1,62.7900,176.8000,1.799634
FILLER_61_119,VPWR,li1,60.9500,176.8000,1.799650
FILLER_61_116,VPWR,li1,59.5700,176.8000,1.799650
FILLER_61_113,VPWR,li1,58.1900,176.8000,1.799665
FILLER_61_109,VPWR,li1,56.3500,176.8000,1.799680
FILLER_61_106,VPWR,li1,54.9700,176.8000,1.799680
FILLER_61_99,VPWR,li1,51.5200,176.8000,1.799710
FILLER_61_96,VPWR,li1,50.3700,176.8000,1.799710
FILLER_61_93,VPWR,li1,48.9900,176.8000,1.799728
FILLER_61_90,VPWR,li1,47.6100,176.8000,1.799728
FILLER_61_76,VPWR,li1,40.7100,176.8000,1.799787
FILLER_61_60,VPWR,li1,33.8100,176.8000,1.799828
FILLER_61_57,VPWR,li1,32.4300,176.8000,1.799845
FILLER_61_53,VPWR,li1,30.5900,176.8000,1.799859
FILLER_61_40,VPWR,li1,24.1500,176.8000,1.799900
FILLER_61_37,VPWR,li1,23.2300,176.8000,1.799918
FILLER_61_34,VPWR,li1,21.8500,176.8000,1.799918
FILLER_61_7,VPWR,li1,8.9700,176.8000,1.799912
FILLER_60_318,VPWR,li1,152.2600,176.8000,1.799384
FILLER_60_315,VPWR,li1,151.1100,176.8000,1.799384
FILLER_60_312,VPWR,li1,149.7300,176.8000,1.799384
FILLER_60_309,VPWR,li1,148.3500,176.8000,1.799384
FILLER_60_295,VPWR,li1,141.6800,176.8000,1.799384
FILLER_60_292,VPWR,li1,140.5300,176.8000,1.799384
FILLER_60_289,VPWR,li1,139.1500,176.8000,1.799384
FILLER_60_286,VPWR,li1,137.7700,176.8000,1.799384
FILLER_60_274,VPWR,li1,131.7900,176.8000,1.799385
FILLER_60_271,VPWR,li1,130.8700,176.8000,1.799385
FILLER_60_268,VPWR,li1,129.4900,176.8000,1.799385
FILLER_60_265,VPWR,li1,128.1100,176.8000,1.799386
FILLER_60_262,VPWR,li1,126.7300,176.8000,1.799386
FILLER_60_259,VPWR,li1,125.3500,176.8000,1.799386
FILLER_60_256,VPWR,li1,123.9700,176.8000,1.799386
FILLER_60_253,VPWR,li1,122.5900,176.8000,1.799387
FILLER_60_251,VPWR,li1,121.2100,176.8000,1.799387
FILLER_60_248,VPWR,li1,120.2900,176.8000,1.799387
FILLER_60_245,VPWR,li1,118.9100,176.8000,1.799387
FILLER_60_242,VPWR,li1,117.5300,176.8000,1.799388
FILLER_60_239,VPWR,li1,116.1500,176.8000,1.799388
FILLER_60_225,VPWR,li1,109.2500,176.8000,1.799394
FILLER_60_210,VPWR,li1,102.5800,176.8000,1.799411
FILLER_60_200,VPWR,li1,98.2100,176.8000,1.799433
FILLER_60_197,VPWR,li1,96.8300,176.8000,1.799433
FILLER_60_195,VPWR,li1,95.4500,176.8000,1.799443
FILLER_60_192,VPWR,li1,94.5300,176.8000,1.799443
FILLER_60_160,VPWR,li1,79.3500,176.8000,1.799531
FILLER_60_157,VPWR,li1,78.4300,176.8000,1.799531
FILLER_60_141,VPWR,li1,71.0700,176.8000,1.799577
FILLER_60_139,VPWR,li1,69.6900,176.8000,1.799592
FILLER_60_136,VPWR,li1,68.7700,176.8000,1.799592
FILLER_60_133,VPWR,li1,67.3900,176.8000,1.799609
FILLER_60_130,VPWR,li1,66.0100,176.8000,1.799609
FILLER_60_101,VPWR,li1,52.6700,176.8000,1.799695
FILLER_60_85,VPWR,li1,45.3100,176.8000,1.799754
FILLER_60_81,VPWR,li1,43.4700,176.8000,1.799767
FILLER_60_78,VPWR,li1,42.0900,176.8000,1.799767
FILLER_60_75,VPWR,li1,40.7100,176.8000,1.799787
FILLER_60_72,VPWR,li1,39.3300,176.8000,1.799787
FILLER_60_63,VPWR,li1,35.1900,176.8000,1.799828
FILLER_60_60,VPWR,li1,33.8100,176.8000,1.799828
FILLER_60_57,VPWR,li1,32.4300,176.8000,1.799845
FILLER_60_54,VPWR,li1,31.0500,176.8000,1.799859
FILLER_60_51,VPWR,li1,29.6700,176.8000,1.799859
FILLER_60_48,VPWR,li1,28.2900,176.8000,1.799879
FILLER_60_45,VPWR,li1,26.9100,176.8000,1.799879
FILLER_60_42,VPWR,li1,25.5300,176.8000,1.799900
FILLER_60_39,VPWR,li1,24.1500,176.8000,1.799900
FILLER_60_36,VPWR,li1,22.7700,176.8000,1.799918
FILLER_60_29,VPWR,li1,19.0900,176.8000,1.799916
FILLER_60_21,VPWR,li1,15.6400,176.8000,1.799913
FILLER_60_3,VPWR,li1,7.1300,176.8000,1.799912
FILLER_59_292,VPWR,li1,140.5300,171.3600,1.799183
FILLER_59_281,VPWR,li1,135.4700,171.3600,1.799186
FILLER_59_273,VPWR,li1,131.3300,171.3600,1.799189
FILLER_59_258,VPWR,li1,124.6600,171.3600,1.799197
FILLER_59_255,VPWR,li1,123.5100,171.3600,1.799197
FILLER_59_252,VPWR,li1,122.1300,171.3600,1.799199
FILLER_59_249,VPWR,li1,120.7500,171.3600,1.799203
FILLER_59_246,VPWR,li1,119.3700,171.3600,1.799203
FILLER_59_243,VPWR,li1,117.9900,171.3600,1.799206
FILLER_59_240,VPWR,li1,116.6100,171.3600,1.799209
FILLER_59_237,VPWR,li1,115.2300,171.3600,1.799209
FILLER_59_234,VPWR,li1,113.8500,171.3600,1.799212
FILLER_59_215,VPWR,li1,104.6500,171.3600,1.799232
FILLER_59_185,VPWR,li1,91.3100,171.3600,1.799303
FILLER_59_182,VPWR,li1,89.9300,171.3600,1.799316
FILLER_59_179,VPWR,li1,88.5500,171.3600,1.799333
FILLER_59_172,VPWR,li1,85.1000,171.3600,1.799347
FILLER_59_169,VPWR,li1,83.9500,171.3600,1.799362
FILLER_59_166,VPWR,li1,82.3400,171.3600,1.799377
FILLER_59_163,VPWR,li1,81.1900,171.3600,1.799377
FILLER_59_157,VPWR,li1,77.9700,171.3600,1.799409
FILLER_59_154,VPWR,li1,77.0500,171.3600,1.799409
FILLER_59_122,VPWR,li1,61.8700,171.3600,1.799541
FILLER_59_119,VPWR,li1,60.9500,171.3600,1.799541
FILLER_59_103,VPWR,li1,53.1300,171.3600,1.799609
FILLER_59_76,VPWR,li1,40.9400,171.3600,1.799723
FILLER_59_73,VPWR,li1,39.7900,171.3600,1.799723
FILLER_59_70,VPWR,li1,38.4100,171.3600,1.799740
FILLER_59_60,VPWR,li1,33.8100,171.3600,1.799778
FILLER_59_57,VPWR,li1,32.4300,171.3600,1.799800
FILLER_59_45,VPWR,li1,26.9100,171.3600,1.799856
FILLER_59_42,VPWR,li1,25.5300,171.3600,1.799856
FILLER_59_39,VPWR,li1,24.1500,171.3600,1.799883
FILLER_59_36,VPWR,li1,22.7700,171.3600,1.799883
FILLER_59_24,VPWR,li1,17.0200,171.3600,1.799899
FILLER_59_21,VPWR,li1,15.8700,171.3600,1.799898
FILLER_59_7,VPWR,li1,8.9700,171.3600,1.799897
FILLER_58_318,VPWR,li1,152.2600,171.3600,1.799180
FILLER_58_315,VPWR,li1,151.1100,171.3600,1.799180
FILLER_58_312,VPWR,li1,149.7300,171.3600,1.799180
FILLER_58_309,VPWR,li1,148.3500,171.3600,1.799180
FILLER_58_307,VPWR,li1,146.9700,171.3600,1.799181
FILLER_58_304,VPWR,li1,146.0500,171.3600,1.799181
FILLER_58_296,VPWR,li1,141.9100,171.3600,1.799183
FILLER_58_293,VPWR,li1,140.9900,171.3600,1.799183
FILLER_58_250,VPWR,li1,120.9800,171.3600,1.799203
FILLER_58_247,VPWR,li1,119.8300,171.3600,1.799203
FILLER_58_244,VPWR,li1,118.4500,171.3600,1.799206
FILLER_58_241,VPWR,li1,117.0700,171.3600,1.799206
FILLER_58_238,VPWR,li1,115.6900,171.3600,1.799209
FILLER_58_235,VPWR,li1,114.3100,171.3600,1.799212
FILLER_58_232,VPWR,li1,112.9300,171.3600,1.799212
FILLER_58_210,VPWR,li1,102.5800,171.3600,1.799243
FILLER_58_182,VPWR,li1,89.4700,171.3600,1.799316
FILLER_58_179,VPWR,li1,88.5500,171.3600,1.799333
FILLER_58_176,VPWR,li1,87.1700,171.3600,1.799333
FILLER_58_141,VPWR,li1,70.8400,171.3600,1.799465
FILLER_58_134,VPWR,li1,67.3900,171.3600,1.799488
FILLER_58_131,VPWR,li1,66.4700,171.3600,1.799507
FILLER_58_124,VPWR,li1,63.0200,171.3600,1.799524
FILLER_58_121,VPWR,li1,61.8700,171.3600,1.799541
FILLER_58_118,VPWR,li1,60.4900,171.3600,1.799557
FILLER_58_115,VPWR,li1,59.1100,171.3600,1.799557
FILLER_58_97,VPWR,li1,50.6000,171.3600,1.799628
FILLER_58_88,VPWR,li1,46.4600,171.3600,1.799674
FILLER_58_85,VPWR,li1,45.3100,171.3600,1.799674
FILLER_58_77,VPWR,li1,41.4000,171.3600,1.799723
FILLER_58_29,VPWR,li1,19.3200,171.3600,1.799899
FILLER_58_25,VPWR,li1,17.7100,171.3600,1.799899
FILLER_58_22,VPWR,li1,16.3300,171.3600,1.799899
FILLER_57_318,VPWR,li1,152.2600,165.9200,1.799406
FILLER_57_315,VPWR,li1,151.1100,165.9200,1.799406
FILLER_57_312,VPWR,li1,149.7300,165.9200,1.799406
FILLER_57_302,VPWR,li1,145.1300,165.9200,1.799406
FILLER_57_296,VPWR,li1,141.9100,165.9200,1.799407
FILLER_57_293,VPWR,li1,140.9900,165.9200,1.799407
FILLER_57_277,VPWR,li1,133.6300,165.9200,1.799409
FILLER_57_274,VPWR,li1,132.2500,165.9200,1.799410
FILLER_57_271,VPWR,li1,130.8700,165.9200,1.799410
FILLER_57_243,VPWR,li1,117.9900,165.9200,1.799424
FILLER_57_240,VPWR,li1,116.6100,165.9200,1.799428
FILLER_57_237,VPWR,li1,115.2300,165.9200,1.799428
FILLER_57_234,VPWR,li1,113.8500,165.9200,1.799434
FILLER_57_231,VPWR,li1,112.4700,165.9200,1.799434
FILLER_57_228,VPWR,li1,111.0900,165.9200,1.799441
FILLER_57_225,VPWR,li1,109.7100,165.9200,1.799441
FILLER_57_216,VPWR,li1,105.5700,165.9200,1.799460
FILLER_57_213,VPWR,li1,104.1900,165.9200,1.799469
FILLER_57_210,VPWR,li1,102.8100,165.9200,1.799469
FILLER_57_207,VPWR,li1,101.4300,165.9200,1.799477
FILLER_57_204,VPWR,li1,100.0500,165.9200,1.799487
FILLER_57_201,VPWR,li1,98.6700,165.9200,1.799487
FILLER_57_198,VPWR,li1,97.2900,165.9200,1.799494
FILLER_57_195,VPWR,li1,95.9100,165.9200,1.799504
FILLER_57_184,VPWR,li1,90.6200,165.9200,1.799526
FILLER_57_181,VPWR,li1,89.4700,165.9200,1.799526
FILLER_57_178,VPWR,li1,88.0900,165.9200,1.799538
FILLER_57_175,VPWR,li1,86.7100,165.9200,1.799538
FILLER_57_172,VPWR,li1,85.3300,165.9200,1.799548
FILLER_57_169,VPWR,li1,83.9500,165.9200,1.799559
FILLER_57_167,VPWR,li1,82.5700,165.9200,1.799559
FILLER_57_158,VPWR,li1,78.6600,165.9200,1.799588
FILLER_57_143,VPWR,li1,71.7600,165.9200,1.799616
FILLER_57_140,VPWR,li1,70.6100,165.9200,1.799630
FILLER_57_137,VPWR,li1,69.2300,165.9200,1.799630
FILLER_57_116,VPWR,li1,59.5700,165.9200,1.799685
FILLER_57_113,VPWR,li1,58.1900,165.9200,1.799699
FILLER_57_89,VPWR,li1,46.9200,165.9200,1.799769
FILLER_57_86,VPWR,li1,45.7700,165.9200,1.799769
FILLER_57_83,VPWR,li1,44.3900,165.9200,1.799787
FILLER_57_80,VPWR,li1,43.0100,165.9200,1.799787
FILLER_57_60,VPWR,li1,33.8100,165.9200,1.799856
FILLER_57_57,VPWR,li1,32.4300,165.9200,1.799856
FILLER_57_38,VPWR,li1,23.4600,165.9200,1.799927
FILLER_57_35,VPWR,li1,22.3100,165.9200,1.799927
FILLER_57_19,VPWR,li1,14.9500,165.9200,1.799924
FILLER_56_318,VPWR,li1,152.2600,165.9200,1.799406
FILLER_56_315,VPWR,li1,151.1100,165.9200,1.799406
FILLER_56_312,VPWR,li1,149.7300,165.9200,1.799406
FILLER_56_309,VPWR,li1,148.3500,165.9200,1.799406
FILLER_56_307,VPWR,li1,146.9700,165.9200,1.799406
FILLER_56_304,VPWR,li1,146.0500,165.9200,1.799406
FILLER_56_301,VPWR,li1,144.6700,165.9200,1.799406
FILLER_56_298,VPWR,li1,143.2900,165.9200,1.799406
FILLER_56_288,VPWR,li1,138.6900,165.9200,1.799407
FILLER_56_285,VPWR,li1,137.3100,165.9200,1.799408
FILLER_56_282,VPWR,li1,135.9300,165.9200,1.799408
FILLER_56_256,VPWR,li1,123.9700,165.9200,1.799416
FILLER_56_253,VPWR,li1,122.5900,165.9200,1.799418
FILLER_56_251,VPWR,li1,121.2100,165.9200,1.799421
FILLER_56_245,VPWR,li1,118.4500,165.9200,1.799424
FILLER_56_242,VPWR,li1,117.5300,165.9200,1.799424
FILLER_56_234,VPWR,li1,113.3900,165.9200,1.799434
FILLER_56_224,VPWR,li1,109.0200,165.9200,1.799450
FILLER_56_221,VPWR,li1,107.8700,165.9200,1.799450
FILLER_56_218,VPWR,li1,106.4900,165.9200,1.799460
FILLER_56_215,VPWR,li1,105.1100,165.9200,1.799460
FILLER_56_212,VPWR,li1,103.7300,165.9200,1.799469
FILLER_56_209,VPWR,li1,102.3500,165.9200,1.799477
FILLER_56_206,VPWR,li1,100.9700,165.9200,1.799477
FILLER_56_203,VPWR,li1,99.5900,165.9200,1.799487
FILLER_56_200,VPWR,li1,98.2100,165.9200,1.799494
FILLER_56_197,VPWR,li1,96.8300,165.9200,1.799494
FILLER_56_195,VPWR,li1,95.4500,165.9200,1.799504
FILLER_56_192,VPWR,li1,94.5300,165.9200,1.799504
FILLER_56_189,VPWR,li1,93.1500,165.9200,1.799515
FILLER_56_186,VPWR,li1,91.7700,165.9200,1.799515
FILLER_56_172,VPWR,li1,84.8700,165.9200,1.799548
FILLER_56_169,VPWR,li1,83.9500,165.9200,1.799559
FILLER_56_166,VPWR,li1,82.5700,165.9200,1.799559
FILLER_56_163,VPWR,li1,81.1900,165.9200,1.799573
FILLER_56_160,VPWR,li1,79.8100,165.9200,1.799573
FILLER_56_157,VPWR,li1,78.4300,165.9200,1.799588
FILLER_56_154,VPWR,li1,77.0500,165.9200,1.799588
FILLER_56_137,VPWR,li1,69.2300,165.9200,1.799630
FILLER_56_122,VPWR,li1,62.1000,165.9200,1.799675
FILLER_56_119,VPWR,li1,60.9500,165.9200,1.799685
FILLER_56_116,VPWR,li1,59.5700,165.9200,1.799685
FILLER_56_113,VPWR,li1,58.1900,165.9200,1.799699
FILLER_56_110,VPWR,li1,56.8100,165.9200,1.799711
FILLER_56_107,VPWR,li1,55.4300,165.9200,1.799711
FILLER_56_104,VPWR,li1,54.0500,165.9200,1.799726
FILLER_56_101,VPWR,li1,52.6700,165.9200,1.799726
FILLER_56_98,VPWR,li1,51.2900,165.9200,1.799740
FILLER_56_69,VPWR,li1,37.7200,165.9200,1.799829
FILLER_56_65,VPWR,li1,35.6500,165.9200,1.799841
FILLER_56_62,VPWR,li1,34.7300,165.9200,1.799841
FILLER_56_59,VPWR,li1,33.3500,165.9200,1.799856
FILLER_56_56,VPWR,li1,31.9700,165.9200,1.799869
FILLER_56_53,VPWR,li1,30.5900,165.9200,1.799869
FILLER_56_50,VPWR,li1,29.2100,165.9200,1.799887
FILLER_56_47,VPWR,li1,27.8300,165.9200,1.799887
FILLER_56_44,VPWR,li1,26.4500,165.9200,1.799901
FILLER_56_41,VPWR,li1,25.0700,165.9200,1.799915
FILLER_56_38,VPWR,li1,23.6900,165.9200,1.799915
FILLER_56_35,VPWR,li1,22.3100,165.9200,1.799927
FILLER_56_32,VPWR,li1,20.9300,165.9200,1.799926
FILLER_56_29,VPWR,li1,19.5500,165.9200,1.799926
FILLER_56_21,VPWR,li1,15.4100,165.9200,1.799924
FILLER_56_18,VPWR,li1,14.4900,165.9200,1.799924
FILLER_56_15,VPWR,li1,13.1100,165.9200,1.799923
FILLER_55_318,VPWR,li1,152.2600,160.4800,1.798797
FILLER_55_315,VPWR,li1,151.1100,160.4800,1.798797
FILLER_55_306,VPWR,li1,146.9700,160.4800,1.798797
FILLER_55_303,VPWR,li1,145.5900,160.4800,1.798797
FILLER_55_290,VPWR,li1,139.1500,160.4800,1.798800
FILLER_55_287,VPWR,li1,138.2300,160.4800,1.798801
FILLER_55_284,VPWR,li1,136.8500,160.4800,1.798803
FILLER_55_281,VPWR,li1,135.4700,160.4800,1.798803
FILLER_55_277,VPWR,li1,133.6300,160.4800,1.798805
FILLER_55_269,VPWR,li1,129.9500,160.4800,1.798811
FILLER_55_266,VPWR,li1,128.5700,160.4800,1.798811
FILLER_55_263,VPWR,li1,127.1900,160.4800,1.798813
FILLER_55_260,VPWR,li1,125.8100,160.4800,1.798813
FILLER_55_257,VPWR,li1,124.4300,160.4800,1.798815
FILLER_55_242,VPWR,li1,117.3000,160.4800,1.798827
FILLER_55_228,VPWR,li1,110.6300,160.4800,1.798859
FILLER_55_225,VPWR,li1,109.7100,160.4800,1.798859
FILLER_55_221,VPWR,li1,107.8700,160.4800,1.798869
FILLER_55_205,VPWR,li1,100.5100,160.4800,1.798919
FILLER_55_202,VPWR,li1,99.1300,160.4800,1.798941
FILLER_55_160,VPWR,li1,79.8100,160.4800,1.799135
FILLER_55_153,VPWR,li1,76.1300,160.4800,1.799178
FILLER_55_137,VPWR,li1,69.2300,160.4800,1.799266
FILLER_55_134,VPWR,li1,67.8500,160.4800,1.799293
FILLER_55_131,VPWR,li1,66.4700,160.4800,1.799293
FILLER_55_128,VPWR,li1,65.0900,160.4800,1.799315
FILLER_55_125,VPWR,li1,63.7100,160.4800,1.799343
FILLER_55_122,VPWR,li1,62.3300,160.4800,1.799343
FILLER_55_119,VPWR,li1,60.9500,160.4800,1.799376
FILLER_55_116,VPWR,li1,59.5700,160.4800,1.799376
FILLER_55_103,VPWR,li1,53.1300,160.4800,1.799454
FILLER_55_100,VPWR,li1,52.2100,160.4800,1.799483
FILLER_55_97,VPWR,li1,50.8300,160.4800,1.799483
FILLER_55_94,VPWR,li1,49.4500,160.4800,1.799518
FILLER_55_91,VPWR,li1,48.0700,160.4800,1.799518
FILLER_55_83,VPWR,li1,44.1600,160.4800,1.799582
FILLER_55_80,VPWR,li1,43.0100,160.4800,1.799582
FILLER_55_70,VPWR,li1,38.1800,160.4800,1.799643
FILLER_55_55,VPWR,li1,31.0500,160.4800,1.799734
FILLER_55_52,VPWR,li1,30.1300,160.4800,1.799764
FILLER_55_49,VPWR,li1,28.7500,160.4800,1.799764
FILLER_55_35,VPWR,li1,21.8500,160.4800,1.799865
FILLER_55_7,VPWR,li1,9.2000,160.4800,1.799862
FILLER_54_317,VPWR,li1,152.0300,160.4800,1.798797
FILLER_54_306,VPWR,li1,146.7400,160.4800,1.798797
FILLER_54_303,VPWR,li1,145.5900,160.4800,1.798797
FILLER_54_288,VPWR,li1,138.2300,160.4800,1.798801
FILLER_54_285,VPWR,li1,137.3100,160.4800,1.798801
FILLER_54_282,VPWR,li1,135.9300,160.4800,1.798803
FILLER_54_279,VPWR,li1,134.5500,160.4800,1.798805
FILLER_54_272,VPWR,li1,130.8700,160.4800,1.798808
FILLER_54_269,VPWR,li1,129.9500,160.4800,1.798811
FILLER_54_262,VPWR,li1,126.7300,160.4800,1.798813
FILLER_54_251,VPWR,li1,121.2100,160.4800,1.798822
FILLER_54_248,VPWR,li1,120.2900,160.4800,1.798822
FILLER_54_200,VPWR,li1,97.9800,160.4800,1.798941
FILLER_54_197,VPWR,li1,96.8300,160.4800,1.798963
FILLER_54_195,VPWR,li1,95.4500,160.4800,1.798963
FILLER_54_181,VPWR,li1,89.0100,160.4800,1.799030
FILLER_54_147,VPWR,li1,73.3700,160.4800,1.799216
FILLER_54_144,VPWR,li1,72.4500,160.4800,1.799238
FILLER_54_141,VPWR,li1,71.0700,160.4800,1.799238
FILLER_54_113,VPWR,li1,57.7300,160.4800,1.799404
FILLER_54_110,VPWR,li1,56.8100,160.4800,1.799429
FILLER_54_88,VPWR,li1,46.4600,160.4800,1.799553
FILLER_54_85,VPWR,li1,45.3100,160.4800,1.799553
FILLER_54_44,VPWR,li1,25.9900,160.4800,1.799820
FILLER_54_35,VPWR,li1,22.3100,160.4800,1.799865
FILLER_54_32,VPWR,li1,20.9300,160.4800,1.799865
FILLER_54_29,VPWR,li1,19.5500,160.4800,1.799865
FILLER_54_25,VPWR,li1,17.7100,160.4800,1.799864
FILLER_54_22,VPWR,li1,16.3300,160.4800,1.799864
FILLER_54_7,VPWR,li1,9.2000,160.4800,1.799862
FILLER_53_290,VPWR,li1,139.1500,155.0400,1.799086
FILLER_53_278,VPWR,li1,133.8600,155.0400,1.799092
FILLER_53_258,VPWR,li1,124.8900,155.0400,1.799105
FILLER_53_255,VPWR,li1,123.5100,155.0400,1.799105
FILLER_53_252,VPWR,li1,122.1300,155.0400,1.799108
FILLER_53_249,VPWR,li1,120.7500,155.0400,1.799111
FILLER_53_246,VPWR,li1,119.3700,155.0400,1.799111
FILLER_53_243,VPWR,li1,117.9900,155.0400,1.799114
FILLER_53_240,VPWR,li1,116.6100,155.0400,1.799122
FILLER_53_237,VPWR,li1,115.2300,155.0400,1.799122
FILLER_53_234,VPWR,li1,113.8500,155.0400,1.799129
FILLER_53_231,VPWR,li1,112.4700,155.0400,1.799137
FILLER_53_228,VPWR,li1,111.0900,155.0400,1.799137
FILLER_53_225,VPWR,li1,109.7100,155.0400,1.799148
FILLER_53_217,VPWR,li1,105.8000,155.0400,1.799161
FILLER_53_214,VPWR,li1,104.6500,155.0400,1.799178
FILLER_53_211,VPWR,li1,103.2700,155.0400,1.799178
FILLER_53_203,VPWR,li1,99.1300,155.0400,1.799214
FILLER_53_200,VPWR,li1,98.2100,155.0400,1.799214
FILLER_53_178,VPWR,li1,88.0900,155.0400,1.799297
FILLER_53_169,VPWR,li1,83.9500,155.0400,1.799332
FILLER_53_166,VPWR,li1,82.3400,155.0400,1.799352
FILLER_53_157,VPWR,li1,78.2000,155.0400,1.799387
FILLER_53_133,VPWR,li1,67.3900,155.0400,1.799488
FILLER_53_130,VPWR,li1,66.0100,155.0400,1.799488
FILLER_53_127,VPWR,li1,64.6300,155.0400,1.799504
FILLER_53_116,VPWR,li1,59.5700,155.0400,1.799557
FILLER_53_113,VPWR,li1,58.1900,155.0400,1.799557
FILLER_53_110,VPWR,li1,56.5800,155.0400,1.799577
FILLER_53_107,VPWR,li1,55.4300,155.0400,1.799594
FILLER_53_104,VPWR,li1,54.0500,155.0400,1.799594
FILLER_53_101,VPWR,li1,52.6700,155.0400,1.799619
FILLER_53_98,VPWR,li1,51.2900,155.0400,1.799619
FILLER_53_82,VPWR,li1,43.9300,155.0400,1.799687
FILLER_53_79,VPWR,li1,42.5500,155.0400,1.799704
FILLER_53_70,VPWR,li1,37.9500,155.0400,1.799743
FILLER_53_53,VPWR,li1,30.5900,155.0400,1.799827
FILLER_53_50,VPWR,li1,29.2100,155.0400,1.799827
FILLER_53_45,VPWR,li1,26.6800,155.0400,1.799854
FILLER_53_34,VPWR,li1,21.6200,155.0400,1.799901
FILLER_53_31,VPWR,li1,20.4700,155.0400,1.799900
FILLER_53_28,VPWR,li1,19.0900,155.0400,1.799900
FILLER_53_25,VPWR,li1,17.7100,155.0400,1.799900
FILLER_53_22,VPWR,li1,16.3300,155.0400,1.799900
FILLER_53_19,VPWR,li1,14.9500,155.0400,1.799899
FILLER_53_16,VPWR,li1,13.5700,155.0400,1.799899
FILLER_52_318,VPWR,li1,152.2600,155.0400,1.799081
FILLER_52_315,VPWR,li1,151.1100,155.0400,1.799081
FILLER_52_312,VPWR,li1,149.7300,155.0400,1.799081
FILLER_52_309,VPWR,li1,148.3500,155.0400,1.799082
FILLER_52_306,VPWR,li1,146.7400,155.0400,1.799082
FILLER_52_299,VPWR,li1,143.2900,155.0400,1.799083
FILLER_52_296,VPWR,li1,142.3700,155.0400,1.799084
FILLER_52_293,VPWR,li1,140.9900,155.0400,1.799084
FILLER_52_284,VPWR,li1,136.3900,155.0400,1.799090
FILLER_52_276,VPWR,li1,133.1700,155.0400,1.799092
FILLER_52_259,VPWR,li1,125.1200,155.0400,1.799105
FILLER_52_256,VPWR,li1,123.9700,155.0400,1.799105
FILLER_52_253,VPWR,li1,122.5900,155.0400,1.799108
FILLER_52_250,VPWR,li1,120.9800,155.0400,1.799111
FILLER_52_236,VPWR,li1,114.3100,155.0400,1.799129
FILLER_52_233,VPWR,li1,113.3900,155.0400,1.799129
FILLER_52_225,VPWR,li1,109.2500,155.0400,1.799148
FILLER_52_210,VPWR,li1,102.5800,155.0400,1.799194
FILLER_52_194,VPWR,li1,95.2200,155.0400,1.799237
FILLER_52_188,VPWR,li1,92.2300,155.0400,1.799262
FILLER_52_185,VPWR,li1,91.3100,155.0400,1.799281
FILLER_52_182,VPWR,li1,89.9300,155.0400,1.799281
FILLER_52_179,VPWR,li1,88.5500,155.0400,1.799297
FILLER_52_176,VPWR,li1,87.1700,155.0400,1.799316
FILLER_52_173,VPWR,li1,85.7900,155.0400,1.799316
FILLER_52_170,VPWR,li1,84.4100,155.0400,1.799332
FILLER_52_167,VPWR,li1,83.0300,155.0400,1.799352
FILLER_52_164,VPWR,li1,81.6500,155.0400,1.799352
FILLER_52_161,VPWR,li1,80.2700,155.0400,1.799367
FILLER_52_158,VPWR,li1,78.8900,155.0400,1.799387
FILLER_52_155,VPWR,li1,77.5100,155.0400,1.799387
FILLER_52_144,VPWR,li1,72.2200,155.0400,1.799433
FILLER_52_141,VPWR,li1,71.0700,155.0400,1.799451
FILLER_52_138,VPWR,li1,69.4600,155.0400,1.799467
FILLER_52_135,VPWR,li1,68.3100,155.0400,1.799467
FILLER_52_132,VPWR,li1,66.9300,155.0400,1.799488
FILLER_52_129,VPWR,li1,65.5500,155.0400,1.799504
FILLER_52_126,VPWR,li1,64.1700,155.0400,1.799504
FILLER_52_111,VPWR,li1,57.0400,155.0400,1.799577
FILLER_52_108,VPWR,li1,55.8900,155.0400,1.799577
FILLER_52_94,VPWR,li1,48.9900,155.0400,1.799655
FILLER_52_85,VPWR,li1,45.3100,155.0400,1.799687
FILLER_52_81,VPWR,li1,43.4700,155.0400,1.799704
FILLER_52_78,VPWR,li1,42.0900,155.0400,1.799704
FILLER_52_59,VPWR,li1,33.3500,155.0400,1.799787
FILLER_52_56,VPWR,li1,31.9700,155.0400,1.799805
FILLER_52_53,VPWR,li1,30.5900,155.0400,1.799827
FILLER_52_50,VPWR,li1,29.2100,155.0400,1.799827
FILLER_52_47,VPWR,li1,27.8300,155.0400,1.799854
FILLER_52_44,VPWR,li1,26.4500,155.0400,1.799854
FILLER_52_41,VPWR,li1,25.0700,155.0400,1.799876
FILLER_52_35,VPWR,li1,21.8500,155.0400,1.799901
FILLER_52_32,VPWR,li1,20.9300,155.0400,1.799900
FILLER_52_29,VPWR,li1,19.5500,155.0400,1.799900
FILLER_52_27,VPWR,li1,18.1700,155.0400,1.799900
FILLER_52_24,VPWR,li1,17.2500,155.0400,1.799900
FILLER_52_21,VPWR,li1,15.8700,155.0400,1.799900
FILLER_52_18,VPWR,li1,14.4900,155.0400,1.799899
FILLER_52_15,VPWR,li1,13.1100,155.0400,1.799899
FILLER_51_313,VPWR,li1,150.1900,149.6000,1.798660
FILLER_51_310,VPWR,li1,148.8100,149.6000,1.798660
FILLER_51_307,VPWR,li1,147.4300,149.6000,1.798660
FILLER_51_304,VPWR,li1,146.0500,149.6000,1.798660
FILLER_51_301,VPWR,li1,144.6700,149.6000,1.798660
FILLER_51_287,VPWR,li1,138.2300,149.6000,1.798662
FILLER_51_284,VPWR,li1,136.8500,149.6000,1.798662
FILLER_51_281,VPWR,li1,135.4700,149.6000,1.798664
FILLER_51_278,VPWR,li1,133.8600,149.6000,1.798664
FILLER_51_275,VPWR,li1,132.7100,149.6000,1.798666
FILLER_51_272,VPWR,li1,131.3300,149.6000,1.798666
FILLER_51_225,VPWR,li1,109.7100,149.6000,1.798728
FILLER_51_222,VPWR,li1,108.1000,149.6000,1.798742
FILLER_51_219,VPWR,li1,106.9500,149.6000,1.798742
FILLER_51_216,VPWR,li1,105.5700,149.6000,1.798764
FILLER_51_200,VPWR,li1,98.2100,149.6000,1.798823
FILLER_51_184,VPWR,li1,90.8500,149.6000,1.798914
FILLER_51_181,VPWR,li1,89.4700,149.6000,1.798914
FILLER_51_178,VPWR,li1,88.0900,149.6000,1.798947
FILLER_51_175,VPWR,li1,86.7100,149.6000,1.798947
FILLER_51_169,VPWR,li1,83.4900,149.6000,1.798986
FILLER_51_167,VPWR,li1,82.5700,149.6000,1.799008
FILLER_51_164,VPWR,li1,81.6500,149.6000,1.799008
FILLER_51_161,VPWR,li1,80.2700,149.6000,1.799031
FILLER_51_146,VPWR,li1,73.1400,149.6000,1.799125
FILLER_51_132,VPWR,li1,66.4700,149.6000,1.799212
FILLER_51_129,VPWR,li1,65.5500,149.6000,1.799212
FILLER_51_110,VPWR,li1,56.5800,149.6000,1.799350
FILLER_51_107,VPWR,li1,55.4300,149.6000,1.799350
FILLER_51_104,VPWR,li1,54.0500,149.6000,1.799388
FILLER_51_101,VPWR,li1,52.6700,149.6000,1.799388
FILLER_51_91,VPWR,li1,48.0700,149.6000,1.799453
FILLER_51_77,VPWR,li1,41.1700,149.6000,1.799559
FILLER_51_68,VPWR,li1,37.0300,149.6000,1.799625
FILLER_51_65,VPWR,li1,36.1100,149.6000,1.799625
FILLER_51_46,VPWR,li1,27.1400,149.6000,1.799772
FILLER_51_43,VPWR,li1,25.9900,149.6000,1.799772
FILLER_51_40,VPWR,li1,24.6100,149.6000,1.799812
FILLER_51_37,VPWR,li1,23.2300,149.6000,1.799812
FILLER_51_34,VPWR,li1,21.8500,149.6000,1.799852
FILLER_51_31,VPWR,li1,20.4700,149.6000,1.799852
FILLER_51_23,VPWR,li1,16.5600,149.6000,1.799852
FILLER_51_20,VPWR,li1,15.4100,149.6000,1.799852
FILLER_51_3,VPWR,li1,7.1300,149.6000,1.799851
FILLER_50_315,VPWR,li1,150.6500,149.6000,1.798660
FILLER_50_298,VPWR,li1,143.0600,149.6000,1.798660
FILLER_50_287,VPWR,li1,138.2300,149.6000,1.798662
FILLER_50_273,VPWR,li1,131.3300,149.6000,1.798666
FILLER_50_267,VPWR,li1,129.0300,149.6000,1.798668
FILLER_50_264,VPWR,li1,127.6500,149.6000,1.798670
FILLER_50_261,VPWR,li1,126.2700,149.6000,1.798670
FILLER_50_251,VPWR,li1,121.2100,149.6000,1.798678
FILLER_50_248,VPWR,li1,120.2900,149.6000,1.798682
FILLER_50_245,VPWR,li1,118.9100,149.6000,1.798682
FILLER_50_235,VPWR,li1,114.3100,149.6000,1.798693
FILLER_50_219,VPWR,li1,106.9500,149.6000,1.798742
FILLER_50_209,VPWR,li1,101.8900,149.6000,1.798795
FILLER_50_193,VPWR,li1,94.9900,149.6000,1.798867
FILLER_50_190,VPWR,li1,93.6100,149.6000,1.798867
FILLER_50_149,VPWR,li1,74.5200,149.6000,1.799096
FILLER_50_139,VPWR,li1,69.6900,149.6000,1.799157
FILLER_50_118,VPWR,li1,60.0300,149.6000,1.799299
FILLER_50_115,VPWR,li1,59.1100,149.6000,1.799299
FILLER_50_85,VPWR,li1,44.8500,149.6000,1.799519
FILLER_50_81,VPWR,li1,43.4700,149.6000,1.799519
FILLER_50_78,VPWR,li1,42.0900,149.6000,1.799559
FILLER_50_75,VPWR,li1,40.7100,149.6000,1.799559
FILLER_50_72,VPWR,li1,39.3300,149.6000,1.799599
FILLER_50_69,VPWR,li1,37.9500,149.6000,1.799599
FILLER_50_66,VPWR,li1,36.5700,149.6000,1.799625
FILLER_50_56,VPWR,li1,31.5100,149.6000,1.799692
FILLER_50_47,VPWR,li1,27.3700,149.6000,1.799772
FILLER_50_44,VPWR,li1,26.4500,149.6000,1.799772
FILLER_50_29,VPWR,li1,19.5500,149.6000,1.799852
FILLER_50_13,VPWR,li1,11.9600,149.6000,1.799851
FILLER_50_3,VPWR,li1,7.3600,149.6000,1.799851
FILLER_49_301,VPWR,li1,144.4400,144.1600,1.798885
FILLER_49_290,VPWR,li1,139.3800,144.1600,1.798887
FILLER_49_287,VPWR,li1,138.2300,144.1600,1.798889
FILLER_49_284,VPWR,li1,136.8500,144.1600,1.798889
FILLER_49_281,VPWR,li1,135.4700,144.1600,1.798891
FILLER_49_279,VPWR,li1,134.0900,144.1600,1.798891
FILLER_49_253,VPWR,li1,122.3600,144.1600,1.798907
FILLER_49_240,VPWR,li1,116.1500,144.1600,1.798920
FILLER_49_234,VPWR,li1,113.3900,144.1600,1.798929
FILLER_49_231,VPWR,li1,112.4700,144.1600,1.798940
FILLER_49_228,VPWR,li1,111.0900,144.1600,1.798940
FILLER_49_225,VPWR,li1,109.7100,144.1600,1.798954
FILLER_49_222,VPWR,li1,108.1000,144.1600,1.798966
FILLER_49_219,VPWR,li1,106.9500,144.1600,1.798966
FILLER_49_216,VPWR,li1,105.5700,144.1600,1.798984
FILLER_49_213,VPWR,li1,104.1900,144.1600,1.798984
FILLER_49_185,VPWR,li1,91.0800,144.1600,1.799101
FILLER_49_177,VPWR,li1,87.1700,144.1600,1.799148
FILLER_49_174,VPWR,li1,86.2500,144.1600,1.799148
FILLER_49_167,VPWR,li1,82.5700,144.1600,1.799196
FILLER_49_164,VPWR,li1,81.6500,144.1600,1.799196
FILLER_49_127,VPWR,li1,64.6300,144.1600,1.799379
FILLER_49_124,VPWR,li1,63.2500,144.1600,1.799410
FILLER_49_111,VPWR,li1,56.8100,144.1600,1.799476
FILLER_49_108,VPWR,li1,55.8900,144.1600,1.799476
FILLER_49_100,VPWR,li1,51.7500,144.1600,1.799533
FILLER_49_97,VPWR,li1,50.8300,144.1600,1.799533
FILLER_49_77,VPWR,li1,41.1700,144.1600,1.799644
FILLER_49_57,VPWR,li1,32.4300,144.1600,1.799745
FILLER_49_55,VPWR,li1,31.0500,144.1600,1.799772
FILLER_49_52,VPWR,li1,30.1300,144.1600,1.799772
FILLER_49_49,VPWR,li1,28.7500,144.1600,1.799805
FILLER_49_46,VPWR,li1,27.3700,144.1600,1.799805
FILLER_49_38,VPWR,li1,23.6900,144.1600,1.799848
FILLER_49_35,VPWR,li1,22.3100,144.1600,1.799880
FILLER_49_32,VPWR,li1,20.9300,144.1600,1.799880
FILLER_49_29,VPWR,li1,19.5500,144.1600,1.799880
FILLER_49_20,VPWR,li1,14.9500,144.1600,1.799879
FILLER_49_17,VPWR,li1,14.0300,144.1600,1.799879
FILLER_49_14,VPWR,li1,12.6500,144.1600,1.799878
FILLER_49_11,VPWR,li1,11.2700,144.1600,1.799878
FILLER_48_309,VPWR,li1,148.1200,144.1600,1.798883
FILLER_48_298,VPWR,li1,143.0600,144.1600,1.798885
FILLER_48_290,VPWR,li1,139.1500,144.1600,1.798887
FILLER_48_287,VPWR,li1,138.2300,144.1600,1.798889
FILLER_48_284,VPWR,li1,136.8500,144.1600,1.798889
FILLER_48_281,VPWR,li1,135.4700,144.1600,1.798891
FILLER_48_278,VPWR,li1,134.0900,144.1600,1.798891
FILLER_48_265,VPWR,li1,128.1100,144.1600,1.798897
FILLER_48_262,VPWR,li1,126.7300,144.1600,1.798900
FILLER_48_259,VPWR,li1,125.3500,144.1600,1.798900
FILLER_48_253,VPWR,li1,122.1300,144.1600,1.798907
FILLER_48_250,VPWR,li1,120.9800,144.1600,1.798910
FILLER_48_247,VPWR,li1,119.8300,144.1600,1.798910
FILLER_48_244,VPWR,li1,118.4500,144.1600,1.798916
FILLER_48_241,VPWR,li1,117.0700,144.1600,1.798916
FILLER_48_207,VPWR,li1,101.4300,144.1600,1.799016
FILLER_48_204,VPWR,li1,100.0500,144.1600,1.799016
FILLER_48_195,VPWR,li1,95.4500,144.1600,1.799069
FILLER_48_187,VPWR,li1,92.2300,144.1600,1.799101
FILLER_48_184,VPWR,li1,90.8500,144.1600,1.799101
FILLER_48_168,VPWR,li1,83.4900,144.1600,1.799177
FILLER_48_165,VPWR,li1,82.1100,144.1600,1.799196
FILLER_48_150,VPWR,li1,74.9800,144.1600,1.799279
FILLER_48_147,VPWR,li1,73.8300,144.1600,1.799279
FILLER_48_144,VPWR,li1,72.4500,144.1600,1.799299
FILLER_48_141,VPWR,li1,71.0700,144.1600,1.799324
FILLER_48_139,VPWR,li1,69.6900,144.1600,1.799324
FILLER_48_123,VPWR,li1,62.7900,144.1600,1.799410
FILLER_48_120,VPWR,li1,61.4100,144.1600,1.799430
FILLER_48_115,VPWR,li1,58.8800,144.1600,1.799456
FILLER_48_112,VPWR,li1,57.7300,144.1600,1.799456
FILLER_48_109,VPWR,li1,56.3500,144.1600,1.799476
FILLER_48_106,VPWR,li1,54.9700,144.1600,1.799502
FILLER_48_91,VPWR,li1,47.8400,144.1600,1.799580
FILLER_48_88,VPWR,li1,46.6900,144.1600,1.799580
FILLER_48_85,VPWR,li1,45.3100,144.1600,1.799607
FILLER_48_69,VPWR,li1,37.7200,144.1600,1.799684
FILLER_48_66,VPWR,li1,36.5700,144.1600,1.799713
FILLER_48_63,VPWR,li1,35.1900,144.1600,1.799713
FILLER_48_60,VPWR,li1,33.8100,144.1600,1.799745
FILLER_48_44,VPWR,li1,26.4500,144.1600,1.799826
FILLER_48_41,VPWR,li1,25.0700,144.1600,1.799848
FILLER_48_38,VPWR,li1,23.6900,144.1600,1.799848
FILLER_48_35,VPWR,li1,22.3100,144.1600,1.799880
FILLER_48_32,VPWR,li1,20.9300,144.1600,1.799880
FILLER_48_29,VPWR,li1,19.5500,144.1600,1.799880
FILLER_48_26,VPWR,li1,17.9400,144.1600,1.799879
FILLER_48_23,VPWR,li1,16.7900,144.1600,1.799879
FILLER_48_20,VPWR,li1,15.4100,144.1600,1.799879
FILLER_48_17,VPWR,li1,14.0300,144.1600,1.799879
FILLER_48_11,VPWR,li1,11.2700,144.1600,1.799878
FILLER_47_279,VPWR,li1,134.0900,138.7200,1.799049
FILLER_47_270,VPWR,li1,130.1800,138.7200,1.799056
FILLER_47_266,VPWR,li1,128.1100,138.7200,1.799059
FILLER_47_263,VPWR,li1,127.1900,138.7200,1.799064
FILLER_47_260,VPWR,li1,125.8100,138.7200,1.799064
FILLER_47_257,VPWR,li1,124.4300,138.7200,1.799069
FILLER_47_254,VPWR,li1,123.0500,138.7200,1.799069
FILLER_47_251,VPWR,li1,121.6700,138.7200,1.799074
FILLER_47_239,VPWR,li1,115.9200,138.7200,1.799096
FILLER_47_236,VPWR,li1,114.7700,138.7200,1.799096
FILLER_47_233,VPWR,li1,113.3900,138.7200,1.799106
FILLER_47_212,VPWR,li1,103.5000,138.7200,1.799169
FILLER_47_209,VPWR,li1,102.3500,138.7200,1.799188
FILLER_47_206,VPWR,li1,100.9700,138.7200,1.799188
FILLER_47_203,VPWR,li1,99.5900,138.7200,1.799209
FILLER_47_200,VPWR,li1,98.2100,138.7200,1.799209
FILLER_47_197,VPWR,li1,96.8300,138.7200,1.799231
FILLER_47_176,VPWR,li1,86.9400,138.7200,1.799298
FILLER_47_161,VPWR,li1,80.0400,138.7200,1.799363
FILLER_47_158,VPWR,li1,78.8900,138.7200,1.799363
FILLER_47_155,VPWR,li1,77.5100,138.7200,1.799382
FILLER_47_152,VPWR,li1,76.1300,138.7200,1.799399
FILLER_47_149,VPWR,li1,74.7500,138.7200,1.799399
FILLER_47_146,VPWR,li1,73.3700,138.7200,1.799419
FILLER_47_132,VPWR,li1,66.4700,138.7200,1.799485
FILLER_47_129,VPWR,li1,65.5500,138.7200,1.799485
FILLER_47_116,VPWR,li1,59.1100,138.7200,1.799539
FILLER_47_113,VPWR,li1,58.1900,138.7200,1.799556
FILLER_47_109,VPWR,li1,56.3500,138.7200,1.799577
FILLER_47_106,VPWR,li1,54.9700,138.7200,1.799577
FILLER_47_103,VPWR,li1,53.5900,138.7200,1.799598
FILLER_47_95,VPWR,li1,49.6800,138.7200,1.799641
FILLER_47_92,VPWR,li1,48.5300,138.7200,1.799641
FILLER_47_78,VPWR,li1,41.6300,138.7200,1.799716
FILLER_47_75,VPWR,li1,40.7100,138.7200,1.799716
FILLER_47_72,VPWR,li1,39.3300,138.7200,1.799736
FILLER_47_69,VPWR,li1,37.9500,138.7200,1.799736
FILLER_47_66,VPWR,li1,36.5700,138.7200,1.799762
FILLER_47_63,VPWR,li1,35.1900,138.7200,1.799762
FILLER_47_60,VPWR,li1,33.8100,138.7200,1.799779
FILLER_47_42,VPWR,li1,25.0700,138.7200,1.799858
FILLER_47_26,VPWR,li1,18.1700,138.7200,1.799899
FILLER_47_23,VPWR,li1,16.7900,138.7200,1.799899
FILLER_47_3,VPWR,li1,7.3600,138.7200,1.799898
FILLER_46_317,VPWR,li1,152.0300,138.7200,1.799039
FILLER_46_300,VPWR,li1,143.7500,138.7200,1.799041
FILLER_46_275,VPWR,li1,132.7100,138.7200,1.799052
FILLER_46_272,VPWR,li1,131.3300,138.7200,1.799056
FILLER_46_269,VPWR,li1,129.9500,138.7200,1.799056
FILLER_46_266,VPWR,li1,128.5700,138.7200,1.799059
FILLER_46_263,VPWR,li1,127.1900,138.7200,1.799064
FILLER_46_253,VPWR,li1,122.1300,138.7200,1.799074
FILLER_46_249,VPWR,li1,120.7500,138.7200,1.799074
FILLER_46_235,VPWR,li1,113.8500,138.7200,1.799106
FILLER_46_232,VPWR,li1,112.9300,138.7200,1.799106
FILLER_46_218,VPWR,li1,106.2600,138.7200,1.799154
FILLER_46_215,VPWR,li1,105.1100,138.7200,1.799169
FILLER_46_212,VPWR,li1,103.7300,138.7200,1.799169
FILLER_46_203,VPWR,li1,99.3600,138.7200,1.799209
FILLER_46_200,VPWR,li1,98.2100,138.7200,1.799209
FILLER_46_197,VPWR,li1,96.8300,138.7200,1.799231
FILLER_46_195,VPWR,li1,95.4500,138.7200,1.799231
FILLER_46_192,VPWR,li1,94.5300,138.7200,1.799248
FILLER_46_189,VPWR,li1,93.1500,138.7200,1.799248
FILLER_46_183,VPWR,li1,89.9300,138.7200,1.799283
FILLER_46_180,VPWR,li1,89.0100,138.7200,1.799283
FILLER_46_177,VPWR,li1,87.6300,138.7200,1.799298
FILLER_46_174,VPWR,li1,86.2500,138.7200,1.799315
FILLER_46_147,VPWR,li1,73.3700,138.7200,1.799419
FILLER_46_144,VPWR,li1,72.4500,138.7200,1.799419
FILLER_46_141,VPWR,li1,71.0700,138.7200,1.799443
FILLER_46_137,VPWR,li1,69.2300,138.7200,1.799460
FILLER_46_134,VPWR,li1,67.8500,138.7200,1.799460
FILLER_46_131,VPWR,li1,66.4700,138.7200,1.799485
FILLER_46_128,VPWR,li1,65.0900,138.7200,1.799485
FILLER_46_109,VPWR,li1,55.8900,138.7200,1.799577
FILLER_46_106,VPWR,li1,54.9700,138.7200,1.799577
FILLER_46_97,VPWR,li1,50.6000,138.7200,1.799617
FILLER_46_94,VPWR,li1,49.4500,138.7200,1.799641
FILLER_46_91,VPWR,li1,48.0700,138.7200,1.799641
FILLER_46_82,VPWR,li1,43.7000,138.7200,1.799693
FILLER_46_79,VPWR,li1,42.5500,138.7200,1.799693
FILLER_46_62,VPWR,li1,34.2700,138.7200,1.799779
FILLER_46_59,VPWR,li1,33.3500,138.7200,1.799779
FILLER_46_56,VPWR,li1,31.9700,138.7200,1.799797
FILLER_46_46,VPWR,li1,26.9100,138.7200,1.799840
FILLER_46_43,VPWR,li1,25.9900,138.7200,1.799858
FILLER_46_40,VPWR,li1,24.6100,138.7200,1.799876
FILLER_46_26,VPWR,li1,17.9400,138.7200,1.799899
FILLER_46_20,VPWR,li1,15.4100,138.7200,1.799899
FILLER_46_17,VPWR,li1,14.0300,138.7200,1.799898
FILLER_46_3,VPWR,li1,7.1300,138.7200,1.799898
FILLER_45_303,VPWR,li1,145.1300,133.2800,1.798655
FILLER_45_261,VPWR,li1,126.0400,133.2800,1.798706
FILLER_45_249,VPWR,li1,120.2900,133.2800,1.798745
FILLER_45_246,VPWR,li1,119.3700,133.2800,1.798745
FILLER_45_231,VPWR,li1,112.2400,133.2800,1.798797
FILLER_45_228,VPWR,li1,111.0900,133.2800,1.798797
FILLER_45_225,VPWR,li1,109.7100,133.2800,1.798820
FILLER_45_222,VPWR,li1,108.1000,133.2800,1.798820
FILLER_45_219,VPWR,li1,106.9500,133.2800,1.798843
FILLER_45_216,VPWR,li1,105.5700,133.2800,1.798843
FILLER_45_213,VPWR,li1,104.1900,133.2800,1.798865
FILLER_45_194,VPWR,li1,94.9900,133.2800,1.798951
FILLER_45_184,VPWR,li1,90.8500,133.2800,1.799014
FILLER_45_181,VPWR,li1,89.4700,133.2800,1.799014
FILLER_45_172,VPWR,li1,85.1000,133.2800,1.799073
FILLER_45_169,VPWR,li1,83.9500,133.2800,1.799073
FILLER_45_160,VPWR,li1,79.5800,133.2800,1.799123
FILLER_45_126,VPWR,li1,63.7100,133.2800,1.799321
FILLER_45_123,VPWR,li1,62.7900,133.2800,1.799321
FILLER_45_113,VPWR,li1,57.7300,133.2800,1.799394
FILLER_45_72,VPWR,li1,38.8700,133.2800,1.799635
FILLER_45_57,VPWR,li1,32.2000,133.2800,1.799720
FILLER_45_45,VPWR,li1,26.6800,133.2800,1.799807
FILLER_45_42,VPWR,li1,25.5300,133.2800,1.799807
FILLER_45_39,VPWR,li1,24.1500,133.2800,1.799838
FILLER_45_36,VPWR,li1,22.7700,133.2800,1.799838
FILLER_45_33,VPWR,li1,21.3900,133.2800,1.799863
FILLER_45_30,VPWR,li1,20.0100,133.2800,1.799863
FILLER_45_27,VPWR,li1,18.6300,133.2800,1.799863
FILLER_45_24,VPWR,li1,17.2500,133.2800,1.799862
FILLER_45_21,VPWR,li1,15.8700,133.2800,1.799862
FILLER_45_18,VPWR,li1,14.4900,133.2800,1.799862
FILLER_45_15,VPWR,li1,13.1100,133.2800,1.799862
FILLER_45_12,VPWR,li1,11.7300,133.2800,1.799862
FILLER_45_9,VPWR,li1,10.3500,133.2800,1.799862
FILLER_45_6,VPWR,li1,8.9700,133.2800,1.799862
FILLER_45_3,VPWR,li1,7.5900,133.2800,1.799862
FILLER_44_315,VPWR,li1,150.6500,133.2800,1.798655
FILLER_44_312,VPWR,li1,149.7300,133.2800,1.798655
FILLER_44_309,VPWR,li1,148.3500,133.2800,1.798655
FILLER_44_307,VPWR,li1,146.9700,133.2800,1.798655
FILLER_44_286,VPWR,li1,137.5400,133.2800,1.798667
FILLER_44_283,VPWR,li1,136.3900,133.2800,1.798667
FILLER_44_251,VPWR,li1,121.2100,133.2800,1.798731
FILLER_44_248,VPWR,li1,120.2900,133.2800,1.798745
FILLER_44_245,VPWR,li1,118.9100,133.2800,1.798745
FILLER_44_242,VPWR,li1,117.5300,133.2800,1.798761
FILLER_44_239,VPWR,li1,116.1500,133.2800,1.798761
FILLER_44_232,VPWR,li1,112.7000,133.2800,1.798797
FILLER_44_205,VPWR,li1,100.0500,133.2800,1.798906
FILLER_44_202,VPWR,li1,99.1300,133.2800,1.798906
FILLER_44_181,VPWR,li1,89.2400,133.2800,1.799014
FILLER_44_178,VPWR,li1,88.0900,133.2800,1.799037
FILLER_44_151,VPWR,li1,75.2100,133.2800,1.799184
FILLER_44_148,VPWR,li1,74.2900,133.2800,1.799184
FILLER_44_125,VPWR,li1,63.4800,133.2800,1.799321
FILLER_44_122,VPWR,li1,62.3300,133.2800,1.799346
FILLER_44_119,VPWR,li1,60.9500,133.2800,1.799346
FILLER_44_116,VPWR,li1,59.5700,133.2800,1.799371
FILLER_44_113,VPWR,li1,58.1900,133.2800,1.799394
FILLER_44_110,VPWR,li1,56.8100,133.2800,1.799394
FILLER_44_96,VPWR,li1,49.9100,133.2800,1.799479
FILLER_44_88,VPWR,li1,46.2300,133.2800,1.799538
FILLER_44_85,VPWR,li1,45.3100,133.2800,1.799538
FILLER_44_81,VPWR,li1,43.4700,133.2800,1.799562
FILLER_44_78,VPWR,li1,42.0900,133.2800,1.799598
FILLER_44_75,VPWR,li1,40.7100,133.2800,1.799598
FILLER_44_69,VPWR,li1,37.9500,133.2800,1.799635
FILLER_44_44,VPWR,li1,25.9900,133.2800,1.799807
FILLER_44_41,VPWR,li1,25.0700,133.2800,1.799807
FILLER_44_38,VPWR,li1,23.6900,133.2800,1.799838
FILLER_44_32,VPWR,li1,20.9300,133.2800,1.799863
FILLER_44_29,VPWR,li1,19.5500,133.2800,1.799863
FILLER_44_23,VPWR,li1,16.5600,133.2800,1.799862
FILLER_44_9,VPWR,li1,9.8900,133.2800,1.799862
FILLER_44_6,VPWR,li1,8.9700,133.2800,1.799862
FILLER_44_3,VPWR,li1,7.5900,133.2800,1.799862
FILLER_43_319,VPWR,li1,152.4900,127.8400,1.798868
FILLER_43_316,VPWR,li1,151.5700,127.8400,1.798868
FILLER_43_313,VPWR,li1,150.1900,127.8400,1.798868
FILLER_43_310,VPWR,li1,148.8100,127.8400,1.798868
FILLER_43_297,VPWR,li1,142.3700,127.8400,1.798869
FILLER_43_284,VPWR,li1,136.3900,127.8400,1.798873
FILLER_43_281,VPWR,li1,135.4700,127.8400,1.798875
FILLER_43_279,VPWR,li1,134.0900,127.8400,1.798875
FILLER_43_276,VPWR,li1,133.1700,127.8400,1.798877
FILLER_43_273,VPWR,li1,131.7900,127.8400,1.798877
FILLER_43_270,VPWR,li1,130.4100,127.8400,1.798880
FILLER_43_267,VPWR,li1,129.0300,127.8400,1.798883
FILLER_43_264,VPWR,li1,127.6500,127.8400,1.798883
FILLER_43_256,VPWR,li1,123.5100,127.8400,1.798892
FILLER_43_253,VPWR,li1,122.5900,127.8400,1.798897
FILLER_43_247,VPWR,li1,119.3700,127.8400,1.798910
FILLER_43_244,VPWR,li1,118.4500,127.8400,1.798910
FILLER_43_241,VPWR,li1,117.0700,127.8400,1.798921
FILLER_43_238,VPWR,li1,115.6900,127.8400,1.798921
FILLER_43_222,VPWR,li1,108.1000,127.8400,1.798978
FILLER_43_207,VPWR,li1,101.2000,127.8400,1.799049
FILLER_43_204,VPWR,li1,100.0500,127.8400,1.799049
FILLER_43_189,VPWR,li1,92.9200,127.8400,1.799122
FILLER_43_186,VPWR,li1,91.7700,127.8400,1.799141
FILLER_43_183,VPWR,li1,90.3900,127.8400,1.799141
FILLER_43_172,VPWR,li1,85.3300,127.8400,1.799192
FILLER_43_169,VPWR,li1,83.9500,127.8400,1.799215
FILLER_43_166,VPWR,li1,82.3400,127.8400,1.799234
FILLER_43_149,VPWR,li1,74.2900,127.8400,1.799309
FILLER_43_146,VPWR,li1,73.3700,127.8400,1.799328
FILLER_43_143,VPWR,li1,71.9900,127.8400,1.799328
FILLER_43_140,VPWR,li1,70.6100,127.8400,1.799347
FILLER_43_137,VPWR,li1,69.2300,127.8400,1.799371
FILLER_43_134,VPWR,li1,67.8500,127.8400,1.799371
FILLER_43_113,VPWR,li1,57.9600,127.8400,1.799484
FILLER_43_96,VPWR,li1,50.3700,127.8400,1.799556
FILLER_43_93,VPWR,li1,48.9900,127.8400,1.799588
FILLER_43_90,VPWR,li1,47.6100,127.8400,1.799588
FILLER_43_66,VPWR,li1,36.5700,127.8400,1.799722
FILLER_43_63,VPWR,li1,35.1900,127.8400,1.799722
FILLER_43_60,VPWR,li1,33.8100,127.8400,1.799743
FILLER_43_57,VPWR,li1,32.4300,127.8400,1.799763
FILLER_43_55,VPWR,li1,31.0500,127.8400,1.799784
FILLER_43_40,VPWR,li1,24.3800,127.8400,1.799856
FILLER_43_25,VPWR,li1,17.4800,127.8400,1.799881
FILLER_42_318,VPWR,li1,152.2600,127.8400,1.798868
FILLER_42_315,VPWR,li1,151.1100,127.8400,1.798868
FILLER_42_299,VPWR,li1,143.2900,127.8400,1.798869
FILLER_42_296,VPWR,li1,142.3700,127.8400,1.798869
FILLER_42_280,VPWR,li1,134.7800,127.8400,1.798875
FILLER_42_269,VPWR,li1,129.4900,127.8400,1.798880
FILLER_42_266,VPWR,li1,128.5700,127.8400,1.798883
FILLER_42_253,VPWR,li1,122.1300,127.8400,1.798897
FILLER_42_250,VPWR,li1,120.9800,127.8400,1.798903
FILLER_42_247,VPWR,li1,119.8300,127.8400,1.798903
FILLER_42_230,VPWR,li1,111.5500,127.8400,1.798946
FILLER_42_220,VPWR,li1,107.4100,127.8400,1.798978
FILLER_42_212,VPWR,li1,103.2700,127.8400,1.799022
FILLER_42_209,VPWR,li1,102.3500,127.8400,1.799022
FILLER_42_206,VPWR,li1,100.9700,127.8400,1.799049
FILLER_42_203,VPWR,li1,99.5900,127.8400,1.799049
FILLER_42_200,VPWR,li1,98.2100,127.8400,1.799076
FILLER_42_197,VPWR,li1,96.8300,127.8400,1.799076
FILLER_42_193,VPWR,li1,94.9900,127.8400,1.799095
FILLER_42_190,VPWR,li1,93.6100,127.8400,1.799122
FILLER_42_187,VPWR,li1,92.2300,127.8400,1.799122
FILLER_42_184,VPWR,li1,90.8500,127.8400,1.799141
FILLER_42_178,VPWR,li1,87.6300,127.8400,1.799169
FILLER_42_175,VPWR,li1,86.7100,127.8400,1.799192
FILLER_42_172,VPWR,li1,85.3300,127.8400,1.799192
FILLER_42_169,VPWR,li1,83.9500,127.8400,1.799215
FILLER_42_166,VPWR,li1,82.5700,127.8400,1.799234
FILLER_42_163,VPWR,li1,81.1900,127.8400,1.799234
FILLER_42_160,VPWR,li1,79.8100,127.8400,1.799262
FILLER_42_157,VPWR,li1,78.4300,127.8400,1.799262
FILLER_42_154,VPWR,li1,77.0500,127.8400,1.799290
FILLER_42_151,VPWR,li1,75.6700,127.8400,1.799290
FILLER_42_138,VPWR,li1,69.4600,127.8400,1.799371
FILLER_42_135,VPWR,li1,68.3100,127.8400,1.799371
FILLER_42_132,VPWR,li1,66.9300,127.8400,1.799395
FILLER_42_129,VPWR,li1,65.5500,127.8400,1.799395
FILLER_42_122,VPWR,li1,62.1000,127.8400,1.799438
FILLER_42_119,VPWR,li1,60.9500,127.8400,1.799458
FILLER_42_116,VPWR,li1,59.5700,127.8400,1.799458
FILLER_42_105,VPWR,li1,54.5100,127.8400,1.799526
FILLER_42_100,VPWR,li1,51.9800,127.8400,1.799556
FILLER_42_97,VPWR,li1,50.8300,127.8400,1.799556
FILLER_42_70,VPWR,li1,37.9500,127.8400,1.799702
FILLER_42_67,VPWR,li1,37.0300,127.8400,1.799702
FILLER_42_38,VPWR,li1,23.2300,127.8400,1.799856
FILLER_42_27,VPWR,li1,18.1700,127.8400,1.799881
FILLER_42_24,VPWR,li1,17.2500,127.8400,1.799881
FILLER_42_21,VPWR,li1,15.8700,127.8400,1.799881
FILLER_42_7,VPWR,li1,9.2000,127.8400,1.799880
FILLER_41_301,VPWR,li1,144.4400,122.4000,1.798912
FILLER_41_298,VPWR,li1,143.2900,122.4000,1.798913
FILLER_41_295,VPWR,li1,141.9100,122.4000,1.798913
FILLER_41_290,VPWR,li1,139.3800,122.4000,1.798913
FILLER_41_281,VPWR,li1,135.0100,122.4000,1.798917
FILLER_41_252,VPWR,li1,121.9000,122.4000,1.798936
FILLER_41_237,VPWR,li1,114.7700,122.4000,1.798960
FILLER_41_234,VPWR,li1,113.8500,122.4000,1.798960
FILLER_41_231,VPWR,li1,112.4700,122.4000,1.798972
FILLER_41_228,VPWR,li1,111.0900,122.4000,1.798972
FILLER_41_225,VPWR,li1,109.7100,122.4000,1.798989
FILLER_41_222,VPWR,li1,108.1000,122.4000,1.798989
FILLER_41_213,VPWR,li1,103.9600,122.4000,1.799013
FILLER_41_198,VPWR,li1,97.0600,122.4000,1.799080
FILLER_41_195,VPWR,li1,95.9100,122.4000,1.799080
FILLER_41_192,VPWR,li1,94.5300,122.4000,1.799108
FILLER_41_189,VPWR,li1,93.1500,122.4000,1.799108
FILLER_41_175,VPWR,li1,86.7100,122.4000,1.799179
FILLER_41_172,VPWR,li1,85.3300,122.4000,1.799179
FILLER_41_169,VPWR,li1,83.9500,122.4000,1.799208
FILLER_41_166,VPWR,li1,82.3400,122.4000,1.799208
FILLER_41_131,VPWR,li1,66.0100,122.4000,1.799373
FILLER_41_128,VPWR,li1,65.0900,122.4000,1.799401
FILLER_41_125,VPWR,li1,63.7100,122.4000,1.799401
FILLER_41_122,VPWR,li1,62.3300,122.4000,1.799428
FILLER_41_119,VPWR,li1,60.9500,122.4000,1.799428
FILLER_41_116,VPWR,li1,59.5700,122.4000,1.799458
FILLER_41_109,VPWR,li1,56.3500,122.4000,1.799477
FILLER_41_72,VPWR,li1,39.1000,122.4000,1.799682
FILLER_41_69,VPWR,li1,37.9500,122.4000,1.799682
FILLER_41_66,VPWR,li1,36.5700,122.4000,1.799711
FILLER_41_55,VPWR,li1,31.0500,122.4000,1.799772
FILLER_41_50,VPWR,li1,28.9800,122.4000,1.799799
FILLER_41_44,VPWR,li1,26.4500,122.4000,1.799826
FILLER_41_41,VPWR,li1,25.0700,122.4000,1.799847
FILLER_41_38,VPWR,li1,23.6900,122.4000,1.799847
FILLER_41_35,VPWR,li1,22.3100,122.4000,1.799880
FILLER_41_32,VPWR,li1,20.9300,122.4000,1.799880
FILLER_41_29,VPWR,li1,19.5500,122.4000,1.799880
FILLER_41_26,VPWR,li1,18.1700,122.4000,1.799879
FILLER_41_23,VPWR,li1,16.7900,122.4000,1.799879
FILLER_41_18,VPWR,li1,14.2600,122.4000,1.799879
FILLER_41_15,VPWR,li1,13.1100,122.4000,1.799879
FILLER_41_12,VPWR,li1,11.7300,122.4000,1.799879
FILLER_41_9,VPWR,li1,10.3500,122.4000,1.799879
FILLER_41_6,VPWR,li1,8.9700,122.4000,1.799879
FILLER_41_3,VPWR,li1,7.5900,122.4000,1.799879
FILLER_40_318,VPWR,li1,152.2600,122.4000,1.798911
FILLER_40_315,VPWR,li1,151.1100,122.4000,1.798911
FILLER_40_312,VPWR,li1,149.7300,122.4000,1.798911
FILLER_40_309,VPWR,li1,148.3500,122.4000,1.798911
FILLER_40_305,VPWR,li1,146.5100,122.4000,1.798911
FILLER_40_302,VPWR,li1,145.1300,122.4000,1.798912
FILLER_40_299,VPWR,li1,143.7500,122.4000,1.798912
FILLER_40_296,VPWR,li1,142.3700,122.4000,1.798913
FILLER_40_289,VPWR,li1,138.9200,122.4000,1.798913
FILLER_40_286,VPWR,li1,137.7700,122.4000,1.798915
FILLER_40_283,VPWR,li1,136.3900,122.4000,1.798915
FILLER_40_280,VPWR,li1,135.0100,122.4000,1.798917
FILLER_40_277,VPWR,li1,133.6300,122.4000,1.798919
FILLER_40_274,VPWR,li1,132.2500,122.4000,1.798919
FILLER_40_271,VPWR,li1,130.8700,122.4000,1.798921
FILLER_40_268,VPWR,li1,129.4900,122.4000,1.798924
FILLER_40_265,VPWR,li1,128.1100,122.4000,1.798924
FILLER_40_256,VPWR,li1,123.7400,122.4000,1.798931
FILLER_40_253,VPWR,li1,122.5900,122.4000,1.798936
FILLER_40_250,VPWR,li1,120.9800,122.4000,1.798936
FILLER_40_239,VPWR,li1,116.1500,122.4000,1.798950
FILLER_40_236,VPWR,li1,114.7700,122.4000,1.798960
FILLER_40_189,VPWR,li1,92.9200,122.4000,1.799108
FILLER_40_154,VPWR,li1,76.5900,122.4000,1.799277
FILLER_40_125,VPWR,li1,63.4800,122.4000,1.799401
FILLER_40_114,VPWR,li1,58.4200,122.4000,1.799458
FILLER_40_111,VPWR,li1,57.2700,122.4000,1.799477
FILLER_40_101,VPWR,li1,52.2100,122.4000,1.799540
FILLER_40_85,VPWR,li1,45.3100,122.4000,1.799609
FILLER_40_82,VPWR,li1,43.7000,122.4000,1.799630
FILLER_40_58,VPWR,li1,32.8900,122.4000,1.799741
FILLER_40_55,VPWR,li1,31.5100,122.4000,1.799772
FILLER_40_52,VPWR,li1,30.1300,122.4000,1.799772
FILLER_40_48,VPWR,li1,27.8300,122.4000,1.799799
FILLER_40_42,VPWR,li1,25.5300,122.4000,1.799826
FILLER_40_26,VPWR,li1,17.9400,122.4000,1.799879
FILLER_40_23,VPWR,li1,16.7900,122.4000,1.799879
FILLER_40_20,VPWR,li1,15.4100,122.4000,1.799879
FILLER_40_17,VPWR,li1,14.0300,122.4000,1.799879
FILLER_40_3,VPWR,li1,7.1300,122.4000,1.799879
FILLER_39_306,VPWR,li1,146.5100,116.9600,1.798919
FILLER_39_303,VPWR,li1,145.5900,116.9600,1.798919
FILLER_39_279,VPWR,li1,134.0900,116.9600,1.798932
FILLER_39_276,VPWR,li1,133.1700,116.9600,1.798937
FILLER_39_273,VPWR,li1,131.7900,116.9600,1.798937
FILLER_39_269,VPWR,li1,129.4900,116.9600,1.798943
FILLER_39_266,VPWR,li1,128.5700,116.9600,1.798947
FILLER_39_263,VPWR,li1,127.1900,116.9600,1.798947
FILLER_39_260,VPWR,li1,125.8100,116.9600,1.798952
FILLER_39_257,VPWR,li1,124.4300,116.9600,1.798952
FILLER_39_254,VPWR,li1,123.0500,116.9600,1.798956
FILLER_39_251,VPWR,li1,121.6700,116.9600,1.798961
FILLER_39_223,VPWR,li1,108.3300,116.9600,1.799025
FILLER_39_220,VPWR,li1,107.4100,116.9600,1.799041
FILLER_39_217,VPWR,li1,106.0300,116.9600,1.799041
FILLER_39_209,VPWR,li1,101.8900,116.9600,1.799085
FILLER_39_206,VPWR,li1,100.9700,116.9600,1.799085
FILLER_39_198,VPWR,li1,96.8300,116.9600,1.799122
FILLER_39_175,VPWR,li1,86.2500,116.9600,1.799234
FILLER_39_172,VPWR,li1,85.3300,116.9600,1.799234
FILLER_39_169,VPWR,li1,83.9500,116.9600,1.799252
FILLER_39_158,VPWR,li1,78.6600,116.9600,1.799293
FILLER_39_155,VPWR,li1,77.5100,116.9600,1.799313
FILLER_39_152,VPWR,li1,76.1300,116.9600,1.799331
FILLER_39_149,VPWR,li1,74.7500,116.9600,1.799331
FILLER_39_139,VPWR,li1,69.6900,116.9600,1.799389
FILLER_39_136,VPWR,li1,68.7700,116.9600,1.799389
FILLER_39_133,VPWR,li1,67.3900,116.9600,1.799414
FILLER_39_119,VPWR,li1,60.4900,116.9600,1.799482
FILLER_39_116,VPWR,li1,59.5700,116.9600,1.799482
FILLER_39_113,VPWR,li1,58.1900,116.9600,1.799505
FILLER_39_93,VPWR,li1,48.9900,116.9600,1.799590
FILLER_39_90,VPWR,li1,47.6100,116.9600,1.799614
FILLER_39_82,VPWR,li1,43.7000,116.9600,1.799657
FILLER_39_67,VPWR,li1,36.5700,116.9600,1.799729
FILLER_39_64,VPWR,li1,35.6500,116.9600,1.799729
FILLER_39_55,VPWR,li1,31.0500,116.9600,1.799795
FILLER_39_52,VPWR,li1,30.1300,116.9600,1.799795
FILLER_39_40,VPWR,li1,24.6100,116.9600,1.799846
FILLER_39_37,VPWR,li1,23.2300,116.9600,1.799871
FILLER_39_25,VPWR,li1,17.7100,116.9600,1.799891
FILLER_39_22,VPWR,li1,16.3300,116.9600,1.799891
FILLER_39_12,VPWR,li1,11.2700,116.9600,1.799891
FILLER_39_9,VPWR,li1,10.3500,116.9600,1.799891
FILLER_39_6,VPWR,li1,8.9700,116.9600,1.799891
FILLER_39_3,VPWR,li1,7.5900,116.9600,1.799891
FILLER_38_317,VPWR,li1,152.0300,116.9600,1.798919
FILLER_38_256,VPWR,li1,123.5100,116.9600,1.798956
FILLER_38_253,VPWR,li1,122.5900,116.9600,1.798956
FILLER_38_251,VPWR,li1,121.2100,116.9600,1.798961
FILLER_38_248,VPWR,li1,120.2900,116.9600,1.798961
FILLER_38_245,VPWR,li1,118.9100,116.9600,1.798967
FILLER_38_242,VPWR,li1,117.5300,116.9600,1.798967
FILLER_38_236,VPWR,li1,114.3100,116.9600,1.798983
FILLER_38_215,VPWR,li1,104.6500,116.9600,1.799060
FILLER_38_212,VPWR,li1,103.7300,116.9600,1.799060
FILLER_38_209,VPWR,li1,102.3500,116.9600,1.799085
FILLER_38_206,VPWR,li1,100.9700,116.9600,1.799085
FILLER_38_203,VPWR,li1,99.5900,116.9600,1.799105
FILLER_38_200,VPWR,li1,98.2100,116.9600,1.799122
FILLER_38_197,VPWR,li1,96.8300,116.9600,1.799122
FILLER_38_193,VPWR,li1,94.9900,116.9600,1.799139
FILLER_38_190,VPWR,li1,93.6100,116.9600,1.799165
FILLER_38_187,VPWR,li1,92.2300,116.9600,1.799165
FILLER_38_184,VPWR,li1,90.8500,116.9600,1.799191
FILLER_38_181,VPWR,li1,89.4700,116.9600,1.799191
FILLER_38_174,VPWR,li1,86.0200,116.9600,1.799234
FILLER_38_171,VPWR,li1,84.8700,116.9600,1.799234
FILLER_38_168,VPWR,li1,83.4900,116.9600,1.799252
FILLER_38_165,VPWR,li1,82.1100,116.9600,1.799273
FILLER_38_162,VPWR,li1,80.7300,116.9600,1.799273
FILLER_38_159,VPWR,li1,79.3500,116.9600,1.799293
FILLER_38_156,VPWR,li1,77.9700,116.9600,1.799313
FILLER_38_153,VPWR,li1,76.5900,116.9600,1.799313
FILLER_38_139,VPWR,li1,69.6900,116.9600,1.799389
FILLER_38_134,VPWR,li1,67.6200,116.9600,1.799414
FILLER_38_129,VPWR,li1,65.0900,116.9600,1.799440
FILLER_38_126,VPWR,li1,64.1700,116.9600,1.799440
FILLER_38_106,VPWR,li1,54.7400,116.9600,1.799538
FILLER_38_94,VPWR,li1,49.4500,116.9600,1.799590
FILLER_38_91,VPWR,li1,48.0700,116.9600,1.799614
FILLER_38_88,VPWR,li1,46.6900,116.9600,1.799614
FILLER_38_85,VPWR,li1,45.3100,116.9600,1.799638
FILLER_38_82,VPWR,li1,43.7000,116.9600,1.799657
FILLER_38_79,VPWR,li1,42.5500,116.9600,1.799657
FILLER_38_76,VPWR,li1,41.1700,116.9600,1.799686
FILLER_38_73,VPWR,li1,39.7900,116.9600,1.799686
FILLER_38_70,VPWR,li1,38.4100,116.9600,1.799710
FILLER_38_67,VPWR,li1,37.0300,116.9600,1.799729
FILLER_38_64,VPWR,li1,35.6500,116.9600,1.799729
FILLER_38_51,VPWR,li1,29.4400,116.9600,1.799795
FILLER_38_32,VPWR,li1,20.9300,116.9600,1.799891
FILLER_38_29,VPWR,li1,19.5500,116.9600,1.799891
FILLER_38_25,VPWR,li1,17.7100,116.9600,1.799891
FILLER_38_22,VPWR,li1,16.3300,116.9600,1.799891
FILLER_38_16,VPWR,li1,13.5700,116.9600,1.799891
FILLER_38_13,VPWR,li1,12.1900,116.9600,1.799891
FILLER_38_10,VPWR,li1,10.8100,116.9600,1.799891
FILLER_38_3,VPWR,li1,7.5900,116.9600,1.799891
FILLER_37_295,VPWR,li1,141.6800,111.5200,1.798796
FILLER_37_292,VPWR,li1,140.5300,111.5200,1.798796
FILLER_37_289,VPWR,li1,139.1500,111.5200,1.798799
FILLER_37_231,VPWR,li1,112.2400,111.5200,1.798871
FILLER_37_228,VPWR,li1,111.0900,111.5200,1.798871
FILLER_37_225,VPWR,li1,109.7100,111.5200,1.798888
FILLER_37_221,VPWR,li1,107.8700,111.5200,1.798905
FILLER_37_218,VPWR,li1,106.4900,111.5200,1.798905
FILLER_37_196,VPWR,li1,96.3700,111.5200,1.798993
FILLER_37_169,VPWR,li1,83.9500,111.5200,1.799138
FILLER_37_166,VPWR,li1,82.3400,111.5200,1.799138
FILLER_37_150,VPWR,li1,75.2100,111.5200,1.799232
FILLER_37_147,VPWR,li1,73.8300,111.5200,1.799232
FILLER_37_124,VPWR,li1,63.0200,111.5200,1.799369
FILLER_37_121,VPWR,li1,61.8700,111.5200,1.799369
FILLER_37_118,VPWR,li1,60.4900,111.5200,1.799401
FILLER_37_113,VPWR,li1,57.9600,111.5200,1.799423
FILLER_37_111,VPWR,li1,56.8100,111.5200,1.799444
FILLER_37_108,VPWR,li1,55.8900,111.5200,1.799444
FILLER_37_105,VPWR,li1,54.5100,111.5200,1.799471
FILLER_37_102,VPWR,li1,53.1300,111.5200,1.799471
FILLER_37_73,VPWR,li1,39.5600,111.5200,1.799647
FILLER_37_57,VPWR,li1,32.4300,111.5200,1.799728
FILLER_37_54,VPWR,li1,30.8200,111.5200,1.799757
FILLER_37_44,VPWR,li1,25.9900,111.5200,1.799810
FILLER_37_41,VPWR,li1,25.0700,111.5200,1.799840
FILLER_37_37,VPWR,li1,22.7700,111.5200,1.799864
FILLER_37_34,VPWR,li1,21.8500,111.5200,1.799864
FILLER_37_31,VPWR,li1,20.4700,111.5200,1.799863
FILLER_37_28,VPWR,li1,19.0900,111.5200,1.799862
FILLER_37_20,VPWR,li1,14.9500,111.5200,1.799860
FILLER_36_287,VPWR,li1,137.7700,111.5200,1.798803
FILLER_36_284,VPWR,li1,136.8500,111.5200,1.798803
FILLER_36_281,VPWR,li1,135.4700,111.5200,1.798808
FILLER_36_278,VPWR,li1,134.0900,111.5200,1.798808
FILLER_36_253,VPWR,li1,122.5900,111.5200,1.798834
FILLER_36_250,VPWR,li1,120.9800,111.5200,1.798834
FILLER_36_247,VPWR,li1,119.8300,111.5200,1.798841
FILLER_36_244,VPWR,li1,118.4500,111.5200,1.798841
FILLER_36_189,VPWR,li1,92.9200,111.5200,1.799030
FILLER_36_175,VPWR,li1,86.2500,111.5200,1.799102
FILLER_36_160,VPWR,li1,79.5800,111.5200,1.799168
FILLER_36_150,VPWR,li1,75.2100,111.5200,1.799232
FILLER_36_147,VPWR,li1,73.8300,111.5200,1.799232
FILLER_36_144,VPWR,li1,72.4500,111.5200,1.799263
FILLER_36_141,VPWR,li1,71.0700,111.5200,1.799263
FILLER_36_134,VPWR,li1,67.3900,111.5200,1.799316
FILLER_36_131,VPWR,li1,66.4700,111.5200,1.799316
FILLER_36_128,VPWR,li1,65.0900,111.5200,1.799348
FILLER_36_125,VPWR,li1,63.7100,111.5200,1.799348
FILLER_36_117,VPWR,li1,60.0300,111.5200,1.799401
FILLER_36_113,VPWR,li1,57.7300,111.5200,1.799423
FILLER_36_110,VPWR,li1,56.8100,111.5200,1.799444
FILLER_36_107,VPWR,li1,55.4300,111.5200,1.799444
FILLER_36_91,VPWR,li1,48.0700,111.5200,1.799532
FILLER_36_88,VPWR,li1,46.6900,111.5200,1.799555
FILLER_36_85,VPWR,li1,45.3100,111.5200,1.799583
FILLER_36_83,VPWR,li1,43.9300,111.5200,1.799583
FILLER_36_80,VPWR,li1,43.0100,111.5200,1.799612
FILLER_36_77,VPWR,li1,41.6300,111.5200,1.799612
FILLER_36_74,VPWR,li1,40.2500,111.5200,1.799647
FILLER_36_71,VPWR,li1,38.8700,111.5200,1.799647
FILLER_36_68,VPWR,li1,37.4900,111.5200,1.799681
FILLER_36_65,VPWR,li1,36.1100,111.5200,1.799681
FILLER_36_53,VPWR,li1,30.1300,111.5200,1.799757
FILLER_36_39,VPWR,li1,23.9200,111.5200,1.799840
FILLER_36_3,VPWR,li1,7.1300,111.5200,1.799858
FILLER_35_314,VPWR,li1,150.4200,106.0800,1.799434
FILLER_35_290,VPWR,li1,139.1500,106.0800,1.799437
FILLER_35_275,VPWR,li1,132.4800,106.0800,1.799442
FILLER_35_272,VPWR,li1,131.3300,106.0800,1.799444
FILLER_35_269,VPWR,li1,129.9500,106.0800,1.799444
FILLER_35_266,VPWR,li1,128.5700,106.0800,1.799445
FILLER_35_263,VPWR,li1,127.1900,106.0800,1.799447
FILLER_35_259,VPWR,li1,124.8900,106.0800,1.799449
FILLER_35_256,VPWR,li1,123.9700,106.0800,1.799449
FILLER_35_253,VPWR,li1,122.5900,106.0800,1.799451
FILLER_35_250,VPWR,li1,121.2100,106.0800,1.799453
FILLER_35_247,VPWR,li1,119.8300,106.0800,1.799453
FILLER_35_244,VPWR,li1,118.4500,106.0800,1.799455
FILLER_35_241,VPWR,li1,117.0700,106.0800,1.799455
FILLER_35_232,VPWR,li1,112.7000,106.0800,1.799463
FILLER_35_221,VPWR,li1,107.8700,106.0800,1.799476
FILLER_35_212,VPWR,li1,103.5000,106.0800,1.799492
FILLER_35_209,VPWR,li1,102.3500,106.0800,1.799503
FILLER_35_206,VPWR,li1,100.9700,106.0800,1.799503
FILLER_35_196,VPWR,li1,96.3700,106.0800,1.799526
FILLER_35_193,VPWR,li1,94.9900,106.0800,1.799537
FILLER_35_190,VPWR,li1,93.6100,106.0800,1.799537
FILLER_35_187,VPWR,li1,92.2300,106.0800,1.799548
FILLER_35_184,VPWR,li1,90.8500,106.0800,1.799558
FILLER_35_172,VPWR,li1,85.3300,106.0800,1.799577
FILLER_35_169,VPWR,li1,83.9500,106.0800,1.799588
FILLER_35_157,VPWR,li1,78.4300,106.0800,1.799618
FILLER_35_129,VPWR,li1,65.3200,106.0800,1.799686
FILLER_35_126,VPWR,li1,64.1700,106.0800,1.799686
FILLER_35_97,VPWR,li1,50.6000,106.0800,1.799759
FILLER_35_94,VPWR,li1,49.4500,106.0800,1.799773
FILLER_35_91,VPWR,li1,48.0700,106.0800,1.799773
FILLER_35_77,VPWR,li1,41.1700,106.0800,1.799813
FILLER_35_67,VPWR,li1,36.8000,106.0800,1.799846
FILLER_35_64,VPWR,li1,35.6500,106.0800,1.799846
FILLER_35_53,VPWR,li1,30.5900,106.0800,1.799877
FILLER_34_303,VPWR,li1,145.1300,106.0800,1.799434
FILLER_34_272,VPWR,li1,130.8700,106.0800,1.799444
FILLER_34_269,VPWR,li1,129.9500,106.0800,1.799444
FILLER_34_253,VPWR,li1,122.5900,106.0800,1.799451
FILLER_34_249,VPWR,li1,120.7500,106.0800,1.799453
FILLER_34_231,VPWR,li1,112.0100,106.0800,1.799467
FILLER_34_228,VPWR,li1,111.0900,106.0800,1.799467
FILLER_34_212,VPWR,li1,103.7300,106.0800,1.799492
FILLER_34_209,VPWR,li1,102.3500,106.0800,1.799503
FILLER_34_206,VPWR,li1,100.9700,106.0800,1.799503
FILLER_34_203,VPWR,li1,99.5900,106.0800,1.799516
FILLER_34_200,VPWR,li1,98.2100,106.0800,1.799516
FILLER_34_197,VPWR,li1,96.8300,106.0800,1.799526
FILLER_34_194,VPWR,li1,95.2200,106.0800,1.799537
FILLER_34_191,VPWR,li1,94.0700,106.0800,1.799537
FILLER_34_188,VPWR,li1,92.6900,106.0800,1.799548
FILLER_34_185,VPWR,li1,91.3100,106.0800,1.799548
FILLER_34_176,VPWR,li1,87.1700,106.0800,1.799568
FILLER_34_173,VPWR,li1,85.7900,106.0800,1.799577
FILLER_34_170,VPWR,li1,84.4100,106.0800,1.799588
FILLER_34_167,VPWR,li1,83.0300,106.0800,1.799588
FILLER_34_164,VPWR,li1,81.6500,106.0800,1.799599
FILLER_34_155,VPWR,li1,77.0500,106.0800,1.799618
FILLER_34_152,VPWR,li1,76.1300,106.0800,1.799629
FILLER_34_149,VPWR,li1,74.7500,106.0800,1.799629
FILLER_34_141,VPWR,li1,70.6100,106.0800,1.799651
FILLER_34_139,VPWR,li1,69.6900,106.0800,1.799660
FILLER_34_136,VPWR,li1,68.7700,106.0800,1.799660
FILLER_34_126,VPWR,li1,63.9400,106.0800,1.799686
FILLER_34_119,VPWR,li1,60.4900,106.0800,1.799705
FILLER_34_99,VPWR,li1,51.5200,106.0800,1.799759
FILLER_34_85,VPWR,li1,44.8500,106.0800,1.799795
FILLER_34_67,VPWR,li1,36.5700,106.0800,1.799846
FILLER_34_64,VPWR,li1,35.6500,106.0800,1.799846
FILLER_34_50,VPWR,li1,28.7500,106.0800,1.799888
FILLER_34_47,VPWR,li1,27.8300,106.0800,1.799899
FILLER_34_32,VPWR,li1,20.9300,106.0800,1.799930
FILLER_34_29,VPWR,li1,19.5500,106.0800,1.799930
FILLER_33_294,VPWR,li1,140.9900,100.6400,1.798781
FILLER_33_273,VPWR,li1,131.3300,100.6400,1.798799
FILLER_33_270,VPWR,li1,130.4100,100.6400,1.798804
FILLER_33_267,VPWR,li1,129.0300,100.6400,1.798804
FILLER_33_264,VPWR,li1,127.6500,100.6400,1.798811
FILLER_33_259,VPWR,li1,125.1200,100.6400,1.798818
FILLER_33_256,VPWR,li1,123.9700,100.6400,1.798818
FILLER_33_253,VPWR,li1,122.5900,100.6400,1.798824
FILLER_33_250,VPWR,li1,121.2100,100.6400,1.798829
FILLER_33_239,VPWR,li1,116.1500,100.6400,1.798845
FILLER_33_236,VPWR,li1,114.7700,100.6400,1.798845
FILLER_33_233,VPWR,li1,113.3900,100.6400,1.798853
FILLER_33_230,VPWR,li1,112.0100,100.6400,1.798853
FILLER_33_223,VPWR,li1,108.3300,100.6400,1.798873
FILLER_33_220,VPWR,li1,107.4100,100.6400,1.798873
FILLER_33_197,VPWR,li1,96.8300,100.6400,1.798950
FILLER_33_181,VPWR,li1,89.4700,100.6400,1.799002
FILLER_33_169,VPWR,li1,83.7200,100.6400,1.799056
FILLER_33_167,VPWR,li1,82.5700,100.6400,1.799074
FILLER_33_164,VPWR,li1,81.6500,100.6400,1.799074
FILLER_33_155,VPWR,li1,77.0500,100.6400,1.799122
FILLER_33_145,VPWR,li1,72.9100,100.6400,1.799174
FILLER_33_142,VPWR,li1,71.5300,100.6400,1.799197
FILLER_33_139,VPWR,li1,70.1500,100.6400,1.799225
FILLER_33_136,VPWR,li1,68.7700,100.6400,1.799225
FILLER_33_122,VPWR,li1,62.3300,100.6400,1.799310
FILLER_33_119,VPWR,li1,60.9500,100.6400,1.799336
FILLER_33_116,VPWR,li1,59.5700,100.6400,1.799360
FILLER_33_113,VPWR,li1,58.1900,100.6400,1.799360
FILLER_33_110,VPWR,li1,56.5800,100.6400,1.799383
FILLER_33_107,VPWR,li1,55.4300,100.6400,1.799413
FILLER_33_104,VPWR,li1,54.0500,100.6400,1.799413
FILLER_33_101,VPWR,li1,52.6700,100.6400,1.799448
FILLER_33_69,VPWR,li1,37.4900,100.6400,1.799636
FILLER_33_66,VPWR,li1,36.5700,100.6400,1.799661
FILLER_33_63,VPWR,li1,35.1900,100.6400,1.799661
FILLER_33_54,VPWR,li1,30.8200,100.6400,1.799719
FILLER_33_38,VPWR,li1,23.6900,100.6400,1.799828
FILLER_33_35,VPWR,li1,22.3100,100.6400,1.799856
FILLER_32_315,VPWR,li1,150.6500,100.6400,1.798776
FILLER_32_307,VPWR,li1,146.9700,100.6400,1.798776
FILLER_32_289,VPWR,li1,138.6900,100.6400,1.798784
FILLER_32_286,VPWR,li1,137.7700,100.6400,1.798788
FILLER_32_283,VPWR,li1,136.3900,100.6400,1.798788
FILLER_32_280,VPWR,li1,135.0100,100.6400,1.798794
FILLER_32_277,VPWR,li1,133.6300,100.6400,1.798794
FILLER_32_274,VPWR,li1,132.2500,100.6400,1.798799
FILLER_32_256,VPWR,li1,123.5100,100.6400,1.798818
FILLER_32_253,VPWR,li1,122.5900,100.6400,1.798824
FILLER_32_242,VPWR,li1,117.5300,100.6400,1.798836
FILLER_32_239,VPWR,li1,116.1500,100.6400,1.798845
FILLER_32_236,VPWR,li1,114.7700,100.6400,1.798845
FILLER_32_189,VPWR,li1,92.9200,100.6400,1.798974
FILLER_32_174,VPWR,li1,86.0200,100.6400,1.799037
FILLER_32_153,VPWR,li1,76.1300,100.6400,1.799145
FILLER_32_150,VPWR,li1,75.2100,100.6400,1.799145
FILLER_32_147,VPWR,li1,73.8300,100.6400,1.799174
FILLER_32_144,VPWR,li1,72.4500,100.6400,1.799197
FILLER_32_141,VPWR,li1,71.0700,100.6400,1.799197
FILLER_32_118,VPWR,li1,60.0300,100.6400,1.799336
FILLER_32_115,VPWR,li1,59.1100,100.6400,1.799360
FILLER_32_112,VPWR,li1,57.7300,100.6400,1.799383
FILLER_32_109,VPWR,li1,56.3500,100.6400,1.799383
FILLER_32_106,VPWR,li1,54.9700,100.6400,1.799413
FILLER_32_85,VPWR,li1,45.3100,100.6400,1.799526
FILLER_32_83,VPWR,li1,43.9300,100.6400,1.799557
FILLER_32_80,VPWR,li1,43.0100,100.6400,1.799557
FILLER_32_64,VPWR,li1,35.1900,100.6400,1.799661
FILLER_32_49,VPWR,li1,28.5200,100.6400,1.799765
FILLER_32_46,VPWR,li1,27.3700,100.6400,1.799765
FILLER_32_18,VPWR,li1,14.2600,100.6400,1.799854
FILLER_32_13,VPWR,li1,11.7300,100.6400,1.799853
FILLER_32_3,VPWR,li1,7.3600,100.6400,1.799852
FILLER_31_304,VPWR,li1,146.0500,95.2000,1.798810
FILLER_31_290,VPWR,li1,139.1500,95.2000,1.798815
FILLER_31_287,VPWR,li1,138.2300,95.2000,1.798818
FILLER_31_284,VPWR,li1,136.8500,95.2000,1.798818
FILLER_31_281,VPWR,li1,135.4700,95.2000,1.798822
FILLER_31_279,VPWR,li1,134.0900,95.2000,1.798826
FILLER_31_271,VPWR,li1,130.6400,95.2000,1.798830
FILLER_31_268,VPWR,li1,129.4900,95.2000,1.798835
FILLER_31_265,VPWR,li1,128.1100,95.2000,1.798840
FILLER_31_250,VPWR,li1,121.2100,95.2000,1.798858
FILLER_31_241,VPWR,li1,117.0700,95.2000,1.798873
FILLER_31_225,VPWR,li1,109.7100,95.2000,1.798912
FILLER_31_221,VPWR,li1,107.8700,95.2000,1.798925
FILLER_31_218,VPWR,li1,106.4900,95.2000,1.798944
FILLER_31_215,VPWR,li1,105.1100,95.2000,1.798944
FILLER_31_205,VPWR,li1,100.5100,95.2000,1.798975
FILLER_31_196,VPWR,li1,96.1400,95.2000,1.799009
FILLER_31_184,VPWR,li1,90.3900,95.2000,1.799077
FILLER_31_169,VPWR,li1,83.4900,95.2000,1.799139
FILLER_31_165,VPWR,li1,82.1100,95.2000,1.799164
FILLER_31_162,VPWR,li1,80.7300,95.2000,1.799164
FILLER_31_126,VPWR,li1,64.1700,95.2000,1.799352
FILLER_31_109,VPWR,li1,56.3500,95.2000,1.799461
FILLER_31_94,VPWR,li1,49.2200,95.2000,1.799544
FILLER_31_91,VPWR,li1,48.0700,95.2000,1.799544
FILLER_31_88,VPWR,li1,46.6900,95.2000,1.799578
FILLER_31_85,VPWR,li1,45.3100,95.2000,1.799578
FILLER_31_79,VPWR,li1,42.5500,95.2000,1.799628
FILLER_31_76,VPWR,li1,41.1700,95.2000,1.799628
FILLER_31_73,VPWR,li1,39.7900,95.2000,1.799650
FILLER_31_63,VPWR,li1,34.7300,95.2000,1.799706
FILLER_31_60,VPWR,li1,33.8100,95.2000,1.799734
FILLER_31_57,VPWR,li1,32.4300,95.2000,1.799734
FILLER_31_55,VPWR,li1,31.0500,95.2000,1.799764
FILLER_31_34,VPWR,li1,21.3900,95.2000,1.799867
FILLER_31_3,VPWR,li1,7.1300,95.2000,1.799864
FILLER_30_318,VPWR,li1,152.2600,95.2000,1.798810
FILLER_30_309,VPWR,li1,148.1200,95.2000,1.798810
FILLER_30_305,VPWR,li1,146.5100,95.2000,1.798810
FILLER_30_298,VPWR,li1,143.0600,95.2000,1.798812
FILLER_30_253,VPWR,li1,122.1300,95.2000,1.798858
FILLER_30_249,VPWR,li1,120.7500,95.2000,1.798865
FILLER_30_236,VPWR,li1,114.7700,95.2000,1.798883
FILLER_30_227,VPWR,li1,110.4000,95.2000,1.798912
FILLER_30_224,VPWR,li1,109.2500,95.2000,1.798925
FILLER_30_221,VPWR,li1,107.8700,95.2000,1.798925
FILLER_30_218,VPWR,li1,106.4900,95.2000,1.798944
FILLER_30_215,VPWR,li1,105.1100,95.2000,1.798944
FILLER_30_212,VPWR,li1,103.7300,95.2000,1.798962
FILLER_30_209,VPWR,li1,102.3500,95.2000,1.798962
FILLER_30_206,VPWR,li1,100.9700,95.2000,1.798975
FILLER_30_203,VPWR,li1,99.5900,95.2000,1.798992
FILLER_30_184,VPWR,li1,90.3900,95.2000,1.799077
FILLER_30_175,VPWR,li1,86.7100,95.2000,1.799099
FILLER_30_153,VPWR,li1,76.1300,95.2000,1.799214
FILLER_30_150,VPWR,li1,75.2100,95.2000,1.799240
FILLER_30_147,VPWR,li1,73.8300,95.2000,1.799240
FILLER_30_144,VPWR,li1,72.4500,95.2000,1.799271
FILLER_30_141,VPWR,li1,71.0700,95.2000,1.799271
FILLER_30_132,VPWR,li1,66.9300,95.2000,1.799325
FILLER_30_118,VPWR,li1,60.4900,95.2000,1.799396
FILLER_30_106,VPWR,li1,54.9700,95.2000,1.799461
FILLER_30_94,VPWR,li1,49.4500,95.2000,1.799544
FILLER_30_91,VPWR,li1,48.0700,95.2000,1.799544
FILLER_30_88,VPWR,li1,46.6900,95.2000,1.799578
FILLER_30_85,VPWR,li1,45.3100,95.2000,1.799578
FILLER_30_83,VPWR,li1,43.9300,95.2000,1.799605
FILLER_30_80,VPWR,li1,43.0100,95.2000,1.799605
FILLER_30_77,VPWR,li1,41.6300,95.2000,1.799628
FILLER_30_60,VPWR,li1,33.3500,95.2000,1.799734
FILLER_30_57,VPWR,li1,32.4300,95.2000,1.799734
FILLER_30_52,VPWR,li1,29.9000,95.2000,1.799764
FILLER_30_27,VPWR,li1,18.1700,95.2000,1.799865
FILLER_29_317,VPWR,li1,152.0300,89.7600,1.799052
FILLER_29_314,VPWR,li1,150.6500,89.7600,1.799052
FILLER_29_311,VPWR,li1,149.2700,89.7600,1.799052
FILLER_29_308,VPWR,li1,147.8900,89.7600,1.799052
FILLER_29_295,VPWR,li1,141.9100,89.7600,1.799054
FILLER_29_287,VPWR,li1,137.7700,89.7600,1.799059
FILLER_29_284,VPWR,li1,136.8500,89.7600,1.799059
FILLER_29_281,VPWR,li1,135.4700,89.7600,1.799062
FILLER_29_271,VPWR,li1,130.6400,89.7600,1.799068
FILLER_29_268,VPWR,li1,129.4900,89.7600,1.799068
FILLER_29_255,VPWR,li1,123.0500,89.7600,1.799081
FILLER_29_252,VPWR,li1,122.1300,89.7600,1.799081
FILLER_29_248,VPWR,li1,119.8300,89.7600,1.799085
FILLER_29_228,VPWR,li1,110.6300,89.7600,1.799105
FILLER_29_225,VPWR,li1,109.7100,89.7600,1.799117
FILLER_29_223,VPWR,li1,108.3300,89.7600,1.799117
FILLER_29_220,VPWR,li1,107.4100,89.7600,1.799128
FILLER_29_217,VPWR,li1,106.0300,89.7600,1.799128
FILLER_29_196,VPWR,li1,96.3700,89.7600,1.799201
FILLER_29_154,VPWR,li1,76.5900,89.7600,1.799354
FILLER_29_151,VPWR,li1,75.6700,89.7600,1.799374
FILLER_29_148,VPWR,li1,74.2900,89.7600,1.799374
FILLER_29_139,VPWR,li1,69.9200,89.7600,1.799424
FILLER_29_136,VPWR,li1,68.7700,89.7600,1.799424
FILLER_29_128,VPWR,li1,64.6300,89.7600,1.799463
FILLER_29_125,VPWR,li1,63.7100,89.7600,1.799480
FILLER_29_122,VPWR,li1,62.3300,89.7600,1.799498
FILLER_29_119,VPWR,li1,60.9500,89.7600,1.799498
FILLER_29_116,VPWR,li1,59.5700,89.7600,1.799524
FILLER_29_113,VPWR,li1,58.1900,89.7600,1.799524
FILLER_29_109,VPWR,li1,56.3500,89.7600,1.799541
FILLER_29_106,VPWR,li1,54.9700,89.7600,1.799563
FILLER_29_103,VPWR,li1,53.5900,89.7600,1.799581
FILLER_29_100,VPWR,li1,52.2100,89.7600,1.799581
FILLER_29_97,VPWR,li1,50.8300,89.7600,1.799598
FILLER_29_71,VPWR,li1,38.6400,89.7600,1.799712
FILLER_29_63,VPWR,li1,34.7300,89.7600,1.799751
FILLER_29_60,VPWR,li1,33.8100,89.7600,1.799774
FILLER_29_57,VPWR,li1,32.4300,89.7600,1.799774
FILLER_29_55,VPWR,li1,31.0500,89.7600,1.799799
FILLER_29_37,VPWR,li1,23.0000,89.7600,1.799870
FILLER_29_13,VPWR,li1,11.7300,89.7600,1.799892
FILLER_29_7,VPWR,li1,8.9700,89.7600,1.799892
FILLER_28_315,VPWR,li1,150.6500,89.7600,1.799052
FILLER_28_312,VPWR,li1,149.7300,89.7600,1.799052
FILLER_28_309,VPWR,li1,148.3500,89.7600,1.799052
FILLER_28_306,VPWR,li1,146.7400,89.7600,1.799052
FILLER_28_303,VPWR,li1,145.5900,89.7600,1.799052
FILLER_28_300,VPWR,li1,144.2100,89.7600,1.799053
FILLER_28_289,VPWR,li1,138.6900,89.7600,1.799056
FILLER_28_286,VPWR,li1,137.7700,89.7600,1.799059
FILLER_28_283,VPWR,li1,136.3900,89.7600,1.799059
FILLER_28_280,VPWR,li1,135.0100,89.7600,1.799062
FILLER_28_277,VPWR,li1,133.6300,89.7600,1.799064
FILLER_28_274,VPWR,li1,132.2500,89.7600,1.799064
FILLER_28_271,VPWR,li1,130.8700,89.7600,1.799068
FILLER_28_268,VPWR,li1,129.4900,89.7600,1.799068
FILLER_28_265,VPWR,li1,128.1100,89.7600,1.799073
FILLER_28_262,VPWR,li1,126.7300,89.7600,1.799073
FILLER_28_253,VPWR,li1,122.3600,89.7600,1.799081
FILLER_28_247,VPWR,li1,119.3700,89.7600,1.799085
FILLER_28_238,VPWR,li1,115.4600,89.7600,1.799095
FILLER_28_210,VPWR,li1,102.5800,89.7600,1.799148
FILLER_28_200,VPWR,li1,97.9800,89.7600,1.799180
FILLER_28_197,VPWR,li1,96.8300,89.7600,1.799201
FILLER_28_194,VPWR,li1,95.2200,89.7600,1.799201
FILLER_28_162,VPWR,li1,80.2700,89.7600,1.799330
FILLER_28_159,VPWR,li1,79.3500,89.7600,1.799330
FILLER_28_141,VPWR,li1,70.8400,89.7600,1.799405
FILLER_28_139,VPWR,li1,69.6900,89.7600,1.799424
FILLER_28_123,VPWR,li1,62.7900,89.7600,1.799480
FILLER_28_99,VPWR,li1,51.5200,89.7600,1.799598
FILLER_28_96,VPWR,li1,50.3700,89.7600,1.799598
FILLER_28_93,VPWR,li1,48.9900,89.7600,1.799625
FILLER_28_90,VPWR,li1,47.6100,89.7600,1.799625
FILLER_28_78,VPWR,li1,42.0900,89.7600,1.799692
FILLER_28_75,VPWR,li1,40.7100,89.7600,1.799692
FILLER_28_70,VPWR,li1,38.1800,89.7600,1.799733
FILLER_28_67,VPWR,li1,37.0300,89.7600,1.799733
FILLER_28_64,VPWR,li1,35.6500,89.7600,1.799751
FILLER_28_55,VPWR,li1,31.2800,89.7600,1.799799
FILLER_28_29,VPWR,li1,19.0900,89.7600,1.799893
FILLER_28_26,VPWR,li1,17.9400,89.7600,1.799893
FILLER_28_17,VPWR,li1,13.5700,89.7600,1.799893
FILLER_28_3,VPWR,li1,7.1300,89.7600,1.799892
FILLER_27_284,VPWR,li1,136.3900,84.3200,1.798938
FILLER_27_281,VPWR,li1,135.4700,84.3200,1.798938
FILLER_27_277,VPWR,li1,133.6300,84.3200,1.798941
FILLER_27_274,VPWR,li1,132.2500,84.3200,1.798945
FILLER_27_271,VPWR,li1,130.8700,84.3200,1.798945
FILLER_27_254,VPWR,li1,122.5900,84.3200,1.798966
FILLER_27_225,VPWR,li1,109.4800,84.3200,1.799038
FILLER_27_187,VPWR,li1,92.2300,84.3200,1.799187
FILLER_27_184,VPWR,li1,90.8500,84.3200,1.799187
FILLER_27_169,VPWR,li1,83.7200,84.3200,1.799263
FILLER_27_167,VPWR,li1,82.5700,84.3200,1.799263
FILLER_27_149,VPWR,li1,74.5200,84.3200,1.799339
FILLER_27_146,VPWR,li1,73.3700,84.3200,1.799358
FILLER_27_132,VPWR,li1,66.4700,84.3200,1.799430
FILLER_27_116,VPWR,li1,59.5700,84.3200,1.799486
FILLER_27_113,VPWR,li1,58.1900,84.3200,1.799509
FILLER_27_110,VPWR,li1,56.5800,84.3200,1.799527
FILLER_27_95,VPWR,li1,49.6800,84.3200,1.799593
FILLER_27_85,VPWR,li1,44.8500,84.3200,1.799635
FILLER_27_82,VPWR,li1,43.9300,84.3200,1.799654
FILLER_27_3,VPWR,li1,7.1300,84.3200,1.799874
FILLER_26_317,VPWR,li1,152.0300,84.3200,1.798931
FILLER_26_309,VPWR,li1,147.8900,84.3200,1.798931
FILLER_26_301,VPWR,li1,144.2100,84.3200,1.798933
FILLER_26_298,VPWR,li1,143.2900,84.3200,1.798933
FILLER_26_289,VPWR,li1,139.1500,84.3200,1.798936
FILLER_26_253,VPWR,li1,122.1300,84.3200,1.798973
FILLER_26_249,VPWR,li1,120.7500,84.3200,1.798973
FILLER_26_238,VPWR,li1,115.2300,84.3200,1.799005
FILLER_26_226,VPWR,li1,109.9400,84.3200,1.799038
FILLER_26_223,VPWR,li1,108.7900,84.3200,1.799038
FILLER_26_220,VPWR,li1,107.4100,84.3200,1.799057
FILLER_26_217,VPWR,li1,106.0300,84.3200,1.799057
FILLER_26_214,VPWR,li1,104.6500,84.3200,1.799075
FILLER_26_211,VPWR,li1,103.2700,84.3200,1.799090
FILLER_26_208,VPWR,li1,101.8900,84.3200,1.799090
FILLER_26_200,VPWR,li1,97.7500,84.3200,1.799124
FILLER_26_197,VPWR,li1,96.8300,84.3200,1.799140
FILLER_26_190,VPWR,li1,93.1500,84.3200,1.799165
FILLER_26_187,VPWR,li1,92.2300,84.3200,1.799187
FILLER_26_184,VPWR,li1,90.8500,84.3200,1.799187
FILLER_26_177,VPWR,li1,87.4000,84.3200,1.799229
FILLER_26_174,VPWR,li1,86.2500,84.3200,1.799229
FILLER_26_152,VPWR,li1,75.6700,84.3200,1.799339
FILLER_26_149,VPWR,li1,74.7500,84.3200,1.799339
FILLER_26_141,VPWR,li1,70.6100,84.3200,1.799385
FILLER_26_137,VPWR,li1,69.2300,84.3200,1.799403
FILLER_26_134,VPWR,li1,67.8500,84.3200,1.799403
FILLER_26_131,VPWR,li1,66.4700,84.3200,1.799430
FILLER_26_128,VPWR,li1,65.0900,84.3200,1.799430
FILLER_26_119,VPWR,li1,60.9500,84.3200,1.799486
FILLER_26_116,VPWR,li1,59.5700,84.3200,1.799486
FILLER_26_113,VPWR,li1,58.1900,84.3200,1.799509
FILLER_26_110,VPWR,li1,56.8100,84.3200,1.799527
FILLER_26_96,VPWR,li1,50.1400,84.3200,1.799593
FILLER_26_93,VPWR,li1,48.9900,84.3200,1.799593
FILLER_26_83,VPWR,li1,43.9300,84.3200,1.799654
FILLER_26_80,VPWR,li1,43.0100,84.3200,1.799654
FILLER_25_304,VPWR,li1,146.0500,78.8800,1.798873
FILLER_25_301,VPWR,li1,144.6700,78.8800,1.798873
FILLER_25_295,VPWR,li1,141.4500,78.8800,1.798875
FILLER_25_284,VPWR,li1,136.3900,78.8800,1.798881
FILLER_25_281,VPWR,li1,135.4700,78.8800,1.798884
FILLER_25_278,VPWR,li1,133.8600,78.8800,1.798884
FILLER_25_269,VPWR,li1,129.9500,78.8800,1.798892
FILLER_25_266,VPWR,li1,128.5700,78.8800,1.798897
FILLER_25_256,VPWR,li1,123.5100,78.8800,1.798908
FILLER_25_253,VPWR,li1,122.5900,78.8800,1.798913
FILLER_25_235,VPWR,li1,113.8500,78.8800,1.798949
FILLER_25_232,VPWR,li1,112.9300,78.8800,1.798958
FILLER_25_229,VPWR,li1,111.5500,78.8800,1.798958
FILLER_25_225,VPWR,li1,109.2500,78.8800,1.798970
FILLER_25_222,VPWR,li1,108.1000,78.8800,1.798982
FILLER_25_172,VPWR,li1,85.1000,78.8800,1.799167
FILLER_25_169,VPWR,li1,83.9500,78.8800,1.799186
FILLER_25_166,VPWR,li1,82.3400,78.8800,1.799203
FILLER_25_163,VPWR,li1,81.1900,78.8800,1.799203
FILLER_25_155,VPWR,li1,77.0500,78.8800,1.799243
FILLER_25_141,VPWR,li1,70.6100,78.8800,1.799320
FILLER_25_138,VPWR,li1,69.6900,78.8800,1.799320
FILLER_25_130,VPWR,li1,65.5500,78.8800,1.799372
FILLER_25_127,VPWR,li1,64.6300,78.8800,1.799372
FILLER_25_113,VPWR,li1,57.9600,78.8800,1.799452
FILLER_25_109,VPWR,li1,56.3500,78.8800,1.799478
FILLER_25_93,VPWR,li1,48.9900,78.8800,1.799554
FILLER_25_74,VPWR,li1,39.7900,78.8800,1.799661
FILLER_25_57,VPWR,li1,32.2000,78.8800,1.799736
FILLER_25_17,VPWR,li1,13.5700,78.8800,1.799874
FILLER_25_3,VPWR,li1,7.3600,78.8800,1.799874
FILLER_24_315,VPWR,li1,150.6500,78.8800,1.798873
FILLER_24_312,VPWR,li1,149.7300,78.8800,1.798873
FILLER_24_309,VPWR,li1,148.3500,78.8800,1.798873
FILLER_24_305,VPWR,li1,146.5100,78.8800,1.798873
FILLER_24_302,VPWR,li1,145.1300,78.8800,1.798873
FILLER_24_299,VPWR,li1,143.7500,78.8800,1.798873
FILLER_24_285,VPWR,li1,137.0800,78.8800,1.798881
FILLER_24_282,VPWR,li1,135.9300,78.8800,1.798881
FILLER_24_279,VPWR,li1,134.5500,78.8800,1.798884
FILLER_24_276,VPWR,li1,133.1700,78.8800,1.798888
FILLER_24_267,VPWR,li1,128.8000,78.8800,1.798897
FILLER_24_264,VPWR,li1,127.6500,78.8800,1.798897
FILLER_24_261,VPWR,li1,126.2700,78.8800,1.798902
FILLER_24_258,VPWR,li1,124.8900,78.8800,1.798908
FILLER_24_253,VPWR,li1,122.1300,78.8800,1.798913
FILLER_24_248,VPWR,li1,119.8300,78.8800,1.798920
FILLER_24_236,VPWR,li1,114.7700,78.8800,1.798949
FILLER_24_233,VPWR,li1,113.3900,78.8800,1.798949
FILLER_24_230,VPWR,li1,112.0100,78.8800,1.798958
FILLER_24_220,VPWR,li1,107.4100,78.8800,1.798982
FILLER_24_217,VPWR,li1,106.0300,78.8800,1.798999
FILLER_24_214,VPWR,li1,104.6500,78.8800,1.798999
FILLER_24_200,VPWR,li1,97.7500,78.8800,1.799054
FILLER_24_197,VPWR,li1,96.8300,78.8800,1.799076
FILLER_24_194,VPWR,li1,95.2200,78.8800,1.799076
FILLER_24_191,VPWR,li1,94.0700,78.8800,1.799098
FILLER_24_188,VPWR,li1,92.6900,78.8800,1.799098
FILLER_24_172,VPWR,li1,85.3300,78.8800,1.799167
FILLER_24_169,VPWR,li1,83.9500,78.8800,1.799186
FILLER_24_166,VPWR,li1,82.5700,78.8800,1.799203
FILLER_24_152,VPWR,li1,75.6700,78.8800,1.799266
FILLER_24_149,VPWR,li1,74.7500,78.8800,1.799266
FILLER_24_141,VPWR,li1,70.6100,78.8800,1.799320
FILLER_24_138,VPWR,li1,69.4600,78.8800,1.799320
FILLER_24_135,VPWR,li1,68.3100,78.8800,1.799342
FILLER_24_94,VPWR,li1,49.4500,78.8800,1.799554
FILLER_24_88,VPWR,li1,46.6900,78.8800,1.799585
FILLER_24_85,VPWR,li1,45.3100,78.8800,1.799585
FILLER_24_81,VPWR,li1,43.4700,78.8800,1.799606
FILLER_24_15,VPWR,li1,12.8800,78.8800,1.799874
FILLER_23_294,VPWR,li1,141.4500,73.4400,1.798933
FILLER_23_281,VPWR,li1,135.2400,73.4400,1.798942
FILLER_23_258,VPWR,li1,124.8900,73.4400,1.798970
FILLER_23_238,VPWR,li1,115.4600,73.4400,1.798999
FILLER_23_225,VPWR,li1,109.4800,73.4400,1.799033
FILLER_23_215,VPWR,li1,105.1100,73.4400,1.799062
FILLER_23_202,VPWR,li1,98.6700,73.4400,1.799117
FILLER_23_199,VPWR,li1,97.7500,73.4400,1.799117
FILLER_23_188,VPWR,li1,92.4600,73.4400,1.799161
FILLER_23_185,VPWR,li1,91.3100,73.4400,1.799183
FILLER_23_182,VPWR,li1,89.9300,73.4400,1.799183
FILLER_23_166,VPWR,li1,82.3400,73.4400,1.799263
FILLER_23_153,VPWR,li1,76.3600,73.4400,1.799302
FILLER_23_150,VPWR,li1,75.2100,73.4400,1.799324
FILLER_23_147,VPWR,li1,73.8300,73.4400,1.799324
FILLER_23_133,VPWR,li1,66.9300,73.4400,1.799398
FILLER_23_130,VPWR,li1,66.0100,73.4400,1.799398
FILLER_23_122,VPWR,li1,62.1000,73.4400,1.799435
FILLER_23_109,VPWR,li1,56.3500,73.4400,1.799504
FILLER_23_106,VPWR,li1,54.9700,73.4400,1.799504
FILLER_23_103,VPWR,li1,53.5900,73.4400,1.799530
FILLER_23_100,VPWR,li1,52.2100,73.4400,1.799530
FILLER_23_86,VPWR,li1,45.5400,73.4400,1.799596
FILLER_23_76,VPWR,li1,40.7100,73.4400,1.799658
FILLER_23_69,VPWR,li1,37.7200,73.4400,1.799689
FILLER_23_9,VPWR,li1,10.1200,73.4400,1.799855
FILLER_23_3,VPWR,li1,7.1300,73.4400,1.799855
FILLER_22_317,VPWR,li1,152.0300,73.4400,1.798931
FILLER_22_309,VPWR,li1,147.8900,73.4400,1.798931
FILLER_22_307,VPWR,li1,146.9700,73.4400,1.798931
FILLER_22_291,VPWR,li1,139.6100,73.4400,1.798935
FILLER_22_278,VPWR,li1,133.8600,73.4400,1.798942
FILLER_22_275,VPWR,li1,132.7100,73.4400,1.798946
FILLER_22_253,VPWR,li1,122.3600,73.4400,1.798979
FILLER_22_250,VPWR,li1,120.9800,73.4400,1.798979
FILLER_22_241,VPWR,li1,116.8400,73.4400,1.798999
FILLER_22_238,VPWR,li1,115.6900,73.4400,1.798999
FILLER_22_235,VPWR,li1,114.3100,73.4400,1.799010
FILLER_22_232,VPWR,li1,112.9300,73.4400,1.799010
FILLER_22_224,VPWR,li1,109.2500,73.4400,1.799033
FILLER_22_216,VPWR,li1,105.5700,73.4400,1.799062
FILLER_22_213,VPWR,li1,104.1900,73.4400,1.799079
FILLER_22_210,VPWR,li1,102.8100,73.4400,1.799079
FILLER_22_195,VPWR,li1,95.4500,73.4400,1.799143
FILLER_22_192,VPWR,li1,94.5300,73.4400,1.799143
FILLER_22_184,VPWR,li1,90.8500,73.4400,1.799183
FILLER_22_181,VPWR,li1,89.4700,73.4400,1.799199
FILLER_22_178,VPWR,li1,88.0900,73.4400,1.799199
FILLER_22_171,VPWR,li1,84.6400,73.4400,1.799243
FILLER_22_168,VPWR,li1,83.4900,73.4400,1.799243
FILLER_22_165,VPWR,li1,82.1100,73.4400,1.799263
FILLER_22_162,VPWR,li1,80.7300,73.4400,1.799263
FILLER_22_158,VPWR,li1,78.4300,73.4400,1.799283
FILLER_22_155,VPWR,li1,77.5100,73.4400,1.799302
FILLER_22_141,VPWR,li1,70.6100,73.4400,1.799354
FILLER_22_139,VPWR,li1,69.6900,73.4400,1.799371
FILLER_22_136,VPWR,li1,68.7700,73.4400,1.799371
FILLER_22_133,VPWR,li1,67.3900,73.4400,1.799398
FILLER_22_130,VPWR,li1,66.0100,73.4400,1.799398
FILLER_22_110,VPWR,li1,56.3500,73.4400,1.799504
FILLER_22_107,VPWR,li1,55.4300,73.4400,1.799504
FILLER_22_93,VPWR,li1,48.5300,73.4400,1.799577
FILLER_22_82,VPWR,li1,43.7000,73.4400,1.799614
FILLER_22_65,VPWR,li1,35.8800,73.4400,1.799708
FILLER_22_20,VPWR,li1,15.1800,73.4400,1.799856
FILLER_21_306,VPWR,li1,146.5100,68.0000,1.799144
FILLER_21_303,VPWR,li1,145.5900,68.0000,1.799144
FILLER_21_300,VPWR,li1,144.2100,68.0000,1.799144
FILLER_21_293,VPWR,li1,140.9900,68.0000,1.799146
FILLER_21_290,VPWR,li1,139.6100,68.0000,1.799146
FILLER_21_287,VPWR,li1,138.2300,68.0000,1.799147
FILLER_21_284,VPWR,li1,136.8500,68.0000,1.799147
FILLER_21_281,VPWR,li1,135.4700,68.0000,1.799150
FILLER_21_278,VPWR,li1,133.8600,68.0000,1.799153
FILLER_21_275,VPWR,li1,132.7100,68.0000,1.799153
FILLER_21_272,VPWR,li1,131.3300,68.0000,1.799157
FILLER_21_269,VPWR,li1,129.9500,68.0000,1.799157
FILLER_21_266,VPWR,li1,128.5700,68.0000,1.799159
FILLER_21_260,VPWR,li1,125.3500,68.0000,1.799163
FILLER_21_248,VPWR,li1,120.0600,68.0000,1.799172
FILLER_21_245,VPWR,li1,118.9100,68.0000,1.799177
FILLER_21_242,VPWR,li1,117.5300,68.0000,1.799177
FILLER_21_234,VPWR,li1,113.8500,68.0000,1.799185
FILLER_21_231,VPWR,li1,112.4700,68.0000,1.799194
FILLER_21_228,VPWR,li1,111.0900,68.0000,1.799194
FILLER_21_225,VPWR,li1,109.7100,68.0000,1.799205
FILLER_21_222,VPWR,li1,108.1000,68.0000,1.799205
FILLER_21_165,VPWR,li1,82.1100,68.0000,1.799372
FILLER_21_162,VPWR,li1,80.7300,68.0000,1.799390
FILLER_21_159,VPWR,li1,79.3500,68.0000,1.799404
FILLER_21_155,VPWR,li1,77.0500,68.0000,1.799421
FILLER_21_152,VPWR,li1,76.1300,68.0000,1.799421
FILLER_21_116,VPWR,li1,59.5700,68.0000,1.799563
FILLER_21_104,VPWR,li1,53.8200,68.0000,1.799614
FILLER_21_101,VPWR,li1,52.6700,68.0000,1.799614
FILLER_21_84,VPWR,li1,44.3900,68.0000,1.799692
FILLER_21_57,VPWR,li1,31.9700,68.0000,1.799802
FILLER_21_36,VPWR,li1,22.7700,68.0000,1.799880
FILLER_21_30,VPWR,li1,19.5500,68.0000,1.799897
FILLER_21_3,VPWR,li1,7.3600,68.0000,1.799896
FILLER_20_318,VPWR,li1,152.2600,68.0000,1.799144
FILLER_20_315,VPWR,li1,151.1100,68.0000,1.799144
FILLER_20_312,VPWR,li1,149.7300,68.0000,1.799144
FILLER_20_309,VPWR,li1,148.3500,68.0000,1.799144
FILLER_20_271,VPWR,li1,130.8700,68.0000,1.799157
FILLER_20_268,VPWR,li1,129.4900,68.0000,1.799159
FILLER_20_265,VPWR,li1,128.1100,68.0000,1.799159
FILLER_20_262,VPWR,li1,126.7300,68.0000,1.799163
FILLER_20_259,VPWR,li1,125.3500,68.0000,1.799163
FILLER_20_253,VPWR,li1,122.1300,68.0000,1.799168
FILLER_20_251,VPWR,li1,121.2100,68.0000,1.799172
FILLER_20_248,VPWR,li1,120.2900,68.0000,1.799172
FILLER_20_245,VPWR,li1,118.9100,68.0000,1.799177
FILLER_20_242,VPWR,li1,117.5300,68.0000,1.799177
FILLER_20_235,VPWR,li1,113.8500,68.0000,1.799185
FILLER_20_215,VPWR,li1,104.8800,68.0000,1.799222
FILLER_20_185,VPWR,li1,91.3100,68.0000,1.799314
FILLER_20_182,VPWR,li1,89.9300,68.0000,1.799314
FILLER_20_167,VPWR,li1,82.8000,68.0000,1.799372
FILLER_20_151,VPWR,li1,75.6700,68.0000,1.799421
FILLER_20_148,VPWR,li1,74.2900,68.0000,1.799435
FILLER_20_139,VPWR,li1,69.6900,68.0000,1.799475
FILLER_20_136,VPWR,li1,68.7700,68.0000,1.799475
FILLER_20_124,VPWR,li1,63.0200,68.0000,1.799522
FILLER_20_121,VPWR,li1,61.8700,68.0000,1.799543
FILLER_20_118,VPWR,li1,60.4900,68.0000,1.799543
FILLER_20_100,VPWR,li1,52.2100,68.0000,1.799614
FILLER_20_55,VPWR,li1,31.0500,68.0000,1.799802
FILLER_20_29,VPWR,li1,19.0900,68.0000,1.799897
FILLER_20_3,VPWR,li1,7.3600,68.0000,1.799896
FILLER_19_319,VPWR,li1,152.4900,62.5600,1.799035
FILLER_19_301,VPWR,li1,144.2100,62.5600,1.799036
FILLER_19_298,VPWR,li1,143.2900,62.5600,1.799036
FILLER_19_284,VPWR,li1,136.3900,62.5600,1.799041
FILLER_19_281,VPWR,li1,135.4700,62.5600,1.799045
FILLER_19_278,VPWR,li1,133.8600,62.5600,1.799045
FILLER_19_253,VPWR,li1,122.3600,62.5600,1.799078
FILLER_19_250,VPWR,li1,121.2100,62.5600,1.799085
FILLER_19_247,VPWR,li1,119.8300,62.5600,1.799085
FILLER_19_235,VPWR,li1,114.3100,62.5600,1.799108
FILLER_19_228,VPWR,li1,110.8600,62.5600,1.799132
FILLER_19_225,VPWR,li1,109.7100,62.5600,1.799132
FILLER_19_216,VPWR,li1,105.5700,62.5600,1.799158
FILLER_19_213,VPWR,li1,104.1900,62.5600,1.799172
FILLER_19_203,VPWR,li1,99.5900,62.5600,1.799209
FILLER_19_200,VPWR,li1,98.2100,62.5600,1.799209
FILLER_19_197,VPWR,li1,96.8300,62.5600,1.799231
FILLER_19_188,VPWR,li1,92.4600,62.5600,1.799263
FILLER_19_185,VPWR,li1,91.3100,62.5600,1.799263
FILLER_19_182,VPWR,li1,89.9300,62.5600,1.799282
FILLER_19_165,VPWR,li1,82.1100,62.5600,1.799344
FILLER_19_145,VPWR,li1,72.4500,62.5600,1.799422
FILLER_19_142,VPWR,li1,71.5300,62.5600,1.799422
FILLER_19_139,VPWR,li1,70.1500,62.5600,1.799441
FILLER_19_136,VPWR,li1,68.7700,62.5600,1.799441
FILLER_19_122,VPWR,li1,61.8700,62.5600,1.799502
FILLER_19_119,VPWR,li1,60.9500,62.5600,1.799518
FILLER_19_116,VPWR,li1,59.5700,62.5600,1.799518
FILLER_19_111,VPWR,li1,56.8100,62.5600,1.799541
FILLER_19_108,VPWR,li1,55.8900,62.5600,1.799563
FILLER_19_92,VPWR,li1,48.3000,62.5600,1.799629
FILLER_19_78,VPWR,li1,41.6300,62.5600,1.799686
FILLER_19_3,VPWR,li1,7.1300,62.5600,1.799879
FILLER_18_315,VPWR,li1,150.6500,62.5600,1.799035
FILLER_18_312,VPWR,li1,149.7300,62.5600,1.799035
FILLER_18_309,VPWR,li1,148.3500,62.5600,1.799035
FILLER_18_307,VPWR,li1,146.9700,62.5600,1.799035
FILLER_18_298,VPWR,li1,142.8300,62.5600,1.799036
FILLER_18_295,VPWR,li1,141.9100,62.5600,1.799036
FILLER_18_292,VPWR,li1,140.5300,62.5600,1.799037
FILLER_18_281,VPWR,li1,135.4700,62.5600,1.799045
FILLER_18_267,VPWR,li1,128.5700,62.5600,1.799056
FILLER_18_264,VPWR,li1,127.6500,62.5600,1.799061
FILLER_18_253,VPWR,li1,122.3600,62.5600,1.799078
FILLER_18_250,VPWR,li1,120.9800,62.5600,1.799085
FILLER_18_238,VPWR,li1,115.6900,62.5600,1.799108
FILLER_18_231,VPWR,li1,112.2400,62.5600,1.799118
FILLER_18_216,VPWR,li1,105.3400,62.5600,1.799158
FILLER_18_206,VPWR,li1,100.9700,62.5600,1.799188
FILLER_18_203,VPWR,li1,99.5900,62.5600,1.799209
FILLER_18_200,VPWR,li1,98.2100,62.5600,1.799209
FILLER_18_197,VPWR,li1,96.8300,62.5600,1.799231
FILLER_18_194,VPWR,li1,95.2200,62.5600,1.799231
FILLER_18_185,VPWR,li1,91.0800,62.5600,1.799263
FILLER_18_182,VPWR,li1,89.9300,62.5600,1.799282
FILLER_18_179,VPWR,li1,88.5500,62.5600,1.799282
FILLER_18_176,VPWR,li1,87.1700,62.5600,1.799300
FILLER_18_166,VPWR,li1,82.1100,62.5600,1.799344
FILLER_18_151,VPWR,li1,75.6700,62.5600,1.799384
FILLER_18_147,VPWR,li1,73.3700,62.5600,1.799403
FILLER_18_144,VPWR,li1,72.4500,62.5600,1.799422
FILLER_18_141,VPWR,li1,71.0700,62.5600,1.799422
FILLER_18_126,VPWR,li1,63.7100,62.5600,1.799483
FILLER_18_123,VPWR,li1,62.7900,62.5600,1.799502
FILLER_18_120,VPWR,li1,61.4100,62.5600,1.799502
FILLER_18_61,VPWR,li1,34.0400,62.5600,1.799743
FILLER_18_43,VPWR,li1,25.5300,62.5600,1.799832
FILLER_18_29,VPWR,li1,19.3200,62.5600,1.799883
FILLER_18_19,VPWR,li1,14.7200,62.5600,1.799880
FILLER_17_306,VPWR,li1,146.5100,57.1200,1.799221
FILLER_17_303,VPWR,li1,145.5900,57.1200,1.799221
FILLER_17_300,VPWR,li1,144.2100,57.1200,1.799221
FILLER_17_297,VPWR,li1,142.8300,57.1200,1.799221
FILLER_17_284,VPWR,li1,136.8500,57.1200,1.799222
FILLER_17_281,VPWR,li1,135.4700,57.1200,1.799222
FILLER_17_278,VPWR,li1,133.8600,57.1200,1.799222
FILLER_17_275,VPWR,li1,132.7100,57.1200,1.799223
FILLER_17_272,VPWR,li1,131.3300,57.1200,1.799223
FILLER_17_264,VPWR,li1,127.6500,57.1200,1.799225
FILLER_17_261,VPWR,li1,126.2700,57.1200,1.799225
FILLER_17_258,VPWR,li1,124.8900,57.1200,1.799227
FILLER_17_244,VPWR,li1,117.9900,57.1200,1.799235
FILLER_17_237,VPWR,li1,115.0000,57.1200,1.799245
FILLER_17_234,VPWR,li1,113.8500,57.1200,1.799245
FILLER_17_231,VPWR,li1,112.4700,57.1200,1.799254
FILLER_17_228,VPWR,li1,111.0900,57.1200,1.799254
FILLER_17_225,VPWR,li1,109.7100,57.1200,1.799263
FILLER_17_222,VPWR,li1,108.1000,57.1200,1.799270
FILLER_17_219,VPWR,li1,106.9500,57.1200,1.799270
FILLER_17_216,VPWR,li1,105.5700,57.1200,1.799279
FILLER_17_189,VPWR,li1,92.6900,57.1200,1.799346
FILLER_17_169,VPWR,li1,83.7200,57.1200,1.799419
FILLER_17_166,VPWR,li1,82.3400,57.1200,1.799419
FILLER_17_163,VPWR,li1,81.1900,57.1200,1.799437
FILLER_17_139,VPWR,li1,70.1500,57.1200,1.799508
FILLER_17_113,VPWR,li1,57.9600,57.1200,1.799600
FILLER_17_94,VPWR,li1,48.9900,57.1200,1.799676
FILLER_17_67,VPWR,li1,37.0300,57.1200,1.799767
FILLER_17_57,VPWR,li1,32.2000,57.1200,1.799814
FILLER_16_317,VPWR,li1,152.0300,57.1200,1.799221
FILLER_16_309,VPWR,li1,147.8900,57.1200,1.799221
FILLER_16_303,VPWR,li1,145.1300,57.1200,1.799221
FILLER_16_300,VPWR,li1,144.2100,57.1200,1.799221
FILLER_16_297,VPWR,li1,142.8300,57.1200,1.799221
FILLER_16_279,VPWR,li1,134.5500,57.1200,1.799222
FILLER_16_276,VPWR,li1,133.1700,57.1200,1.799222
FILLER_16_273,VPWR,li1,131.7900,57.1200,1.799223
FILLER_16_270,VPWR,li1,130.4100,57.1200,1.799223
FILLER_16_267,VPWR,li1,129.0300,57.1200,1.799223
FILLER_16_259,VPWR,li1,125.3500,57.1200,1.799227
FILLER_16_256,VPWR,li1,123.9700,57.1200,1.799227
FILLER_16_253,VPWR,li1,122.5900,57.1200,1.799229
FILLER_16_241,VPWR,li1,116.8400,57.1200,1.799240
FILLER_16_238,VPWR,li1,115.6900,57.1200,1.799240
FILLER_16_232,VPWR,li1,112.4700,57.1200,1.799254
FILLER_16_202,VPWR,li1,98.6700,57.1200,1.799317
FILLER_16_193,VPWR,li1,94.9900,57.1200,1.799331
FILLER_16_184,VPWR,li1,90.6200,57.1200,1.799369
FILLER_16_181,VPWR,li1,89.4700,57.1200,1.799369
FILLER_16_166,VPWR,li1,82.3400,57.1200,1.799419
FILLER_16_163,VPWR,li1,81.1900,57.1200,1.799437
FILLER_16_160,VPWR,li1,79.8100,57.1200,1.799437
FILLER_16_150,VPWR,li1,74.9800,57.1200,1.799472
FILLER_16_147,VPWR,li1,73.8300,57.1200,1.799491
FILLER_16_144,VPWR,li1,72.4500,57.1200,1.799491
FILLER_16_141,VPWR,li1,71.0700,57.1200,1.799508
FILLER_16_116,VPWR,li1,59.3400,57.1200,1.799600
FILLER_16_102,VPWR,li1,52.6700,57.1200,1.799652
FILLER_16_29,VPWR,li1,19.3200,57.1200,1.799899
FILLER_15_272,VPWR,li1,131.3300,51.6800,1.799245
FILLER_15_269,VPWR,li1,129.9500,51.6800,1.799245
FILLER_15_242,VPWR,li1,117.3000,51.6800,1.799282
FILLER_15_235,VPWR,li1,114.0800,51.6800,1.799298
FILLER_15_232,VPWR,li1,112.9300,51.6800,1.799298
FILLER_15_225,VPWR,li1,109.4800,51.6800,1.799319
FILLER_15_222,VPWR,li1,108.1000,51.6800,1.799319
FILLER_15_219,VPWR,li1,106.9500,51.6800,1.799330
FILLER_15_216,VPWR,li1,105.5700,51.6800,1.799330
FILLER_15_207,VPWR,li1,101.2000,51.6800,1.799361
FILLER_15_204,VPWR,li1,100.0500,51.6800,1.799361
FILLER_15_190,VPWR,li1,93.1500,51.6800,1.799396
FILLER_15_187,VPWR,li1,92.2300,51.6800,1.799410
FILLER_15_184,VPWR,li1,90.8500,51.6800,1.799410
FILLER_15_181,VPWR,li1,89.4700,51.6800,1.799426
FILLER_15_178,VPWR,li1,88.0900,51.6800,1.799426
FILLER_15_175,VPWR,li1,86.7100,51.6800,1.799442
FILLER_15_172,VPWR,li1,85.3300,51.6800,1.799442
FILLER_15_169,VPWR,li1,83.9500,51.6800,1.799459
FILLER_15_165,VPWR,li1,82.1100,51.6800,1.799470
FILLER_15_162,VPWR,li1,80.7300,51.6800,1.799470
FILLER_15_147,VPWR,li1,73.6000,51.6800,1.799516
FILLER_15_133,VPWR,li1,66.9300,51.6800,1.799563
FILLER_15_117,VPWR,li1,60.0300,51.6800,1.799611
FILLER_15_111,VPWR,li1,56.8100,51.6800,1.799624
FILLER_15_67,VPWR,li1,36.5700,51.6800,1.799779
FILLER_15_57,VPWR,li1,32.2000,51.6800,1.799813
FILLER_15_55,VPWR,li1,31.0500,51.6800,1.799813
FILLER_14_317,VPWR,li1,152.0300,51.6800,1.799232
FILLER_14_306,VPWR,li1,146.7400,51.6800,1.799232
FILLER_14_295,VPWR,li1,141.9100,51.6800,1.799233
FILLER_14_292,VPWR,li1,140.5300,51.6800,1.799234
FILLER_14_289,VPWR,li1,139.1500,51.6800,1.799234
FILLER_14_279,VPWR,li1,134.0900,51.6800,1.799240
FILLER_14_250,VPWR,li1,120.9800,51.6800,1.799273
FILLER_14_245,VPWR,li1,118.4500,51.6800,1.799282
FILLER_14_242,VPWR,li1,117.5300,51.6800,1.799282
FILLER_14_239,VPWR,li1,116.1500,51.6800,1.799291
FILLER_14_236,VPWR,li1,114.7700,51.6800,1.799291
FILLER_14_233,VPWR,li1,113.3900,51.6800,1.799298
FILLER_14_230,VPWR,li1,112.0100,51.6800,1.799308
FILLER_14_227,VPWR,li1,110.6300,51.6800,1.799308
FILLER_14_220,VPWR,li1,106.9500,51.6800,1.799330
FILLER_14_206,VPWR,li1,100.5100,51.6800,1.799361
FILLER_14_203,VPWR,li1,99.5900,51.6800,1.799361
FILLER_14_200,VPWR,li1,98.2100,51.6800,1.799376
FILLER_14_197,VPWR,li1,96.8300,51.6800,1.799376
FILLER_14_193,VPWR,li1,94.9900,51.6800,1.799386
FILLER_14_190,VPWR,li1,93.6100,51.6800,1.799396
FILLER_14_187,VPWR,li1,92.2300,51.6800,1.799410
FILLER_14_160,VPWR,li1,79.3500,51.6800,1.799484
FILLER_14_157,VPWR,li1,78.4300,51.6800,1.799484
FILLER_14_154,VPWR,li1,77.0500,51.6800,1.799501
FILLER_14_141,VPWR,li1,70.8400,51.6800,1.799535
FILLER_14_124,VPWR,li1,62.7900,51.6800,1.799583
FILLER_14_85,VPWR,li1,44.8500,51.6800,1.799712
FILLER_14_79,VPWR,li1,42.0900,51.6800,1.799729
FILLER_14_47,VPWR,li1,27.3700,51.6800,1.799850
FILLER_14_35,VPWR,li1,21.8500,51.6800,1.799902
FILLER_14_29,VPWR,li1,19.3200,51.6800,1.799901
FILLER_14_26,VPWR,li1,17.9400,51.6800,1.799900
FILLER_14_21,VPWR,li1,15.4100,51.6800,1.799899
FILLER_14_3,VPWR,li1,7.1300,51.6800,1.799897
FILLER_13_318,VPWR,li1,152.2600,46.2400,1.799351
FILLER_13_298,VPWR,li1,143.2900,46.2400,1.799353
FILLER_13_295,VPWR,li1,141.9100,46.2400,1.799353
FILLER_13_292,VPWR,li1,140.5300,46.2400,1.799353
FILLER_13_289,VPWR,li1,139.1500,46.2400,1.799354
FILLER_13_286,VPWR,li1,137.7700,46.2400,1.799354
FILLER_13_272,VPWR,li1,131.3300,46.2400,1.799359
FILLER_13_265,VPWR,li1,127.6500,46.2400,1.799368
FILLER_13_262,VPWR,li1,126.7300,46.2400,1.799368
FILLER_13_259,VPWR,li1,125.3500,46.2400,1.799374
FILLER_13_256,VPWR,li1,123.9700,46.2400,1.799374
FILLER_13_241,VPWR,li1,116.6100,46.2400,1.799395
FILLER_13_225,VPWR,li1,109.7100,46.2400,1.799415
FILLER_13_221,VPWR,li1,107.8700,46.2400,1.799422
FILLER_13_211,VPWR,li1,103.2700,46.2400,1.799438
FILLER_13_195,VPWR,li1,95.9100,46.2400,1.799463
FILLER_13_177,VPWR,li1,87.4000,46.2400,1.799510
FILLER_13_174,VPWR,li1,86.2500,46.2400,1.799510
FILLER_13_156,VPWR,li1,77.9700,46.2400,1.799561
FILLER_13_151,VPWR,li1,75.4400,46.2400,1.799574
FILLER_13_138,VPWR,li1,69.4600,46.2400,1.799601
FILLER_13_111,VPWR,li1,56.8100,46.2400,1.799678
FILLER_13_100,VPWR,li1,51.7500,46.2400,1.799704
FILLER_13_83,VPWR,li1,43.9300,46.2400,1.799760
FILLER_13_77,VPWR,li1,41.4000,46.2400,1.799779
FILLER_13_69,VPWR,li1,37.9500,46.2400,1.799802
FILLER_13_45,VPWR,li1,26.4500,46.2400,1.799872
FILLER_13_20,VPWR,li1,14.9500,46.2400,1.799907
FILLER_13_7,VPWR,li1,8.9700,46.2400,1.799907
FILLER_12_309,VPWR,li1,148.3500,46.2400,1.799351
FILLER_12_306,VPWR,li1,146.7400,46.2400,1.799351
FILLER_12_303,VPWR,li1,145.5900,46.2400,1.799352
FILLER_12_300,VPWR,li1,144.2100,46.2400,1.799352
FILLER_12_297,VPWR,li1,142.8300,46.2400,1.799353
FILLER_12_294,VPWR,li1,141.4500,46.2400,1.799353
FILLER_12_291,VPWR,li1,140.0700,46.2400,1.799353
FILLER_12_282,VPWR,li1,135.7000,46.2400,1.799355
FILLER_12_279,VPWR,li1,134.5500,46.2400,1.799357
FILLER_12_276,VPWR,li1,133.1700,46.2400,1.799357
FILLER_12_273,VPWR,li1,131.7900,46.2400,1.799359
FILLER_12_265,VPWR,li1,127.6500,46.2400,1.799368
FILLER_12_262,VPWR,li1,126.7300,46.2400,1.799368
FILLER_12_259,VPWR,li1,125.3500,46.2400,1.799374
FILLER_12_256,VPWR,li1,123.9700,46.2400,1.799374
FILLER_12_253,VPWR,li1,122.5900,46.2400,1.799381
FILLER_12_249,VPWR,li1,120.7500,46.2400,1.799385
FILLER_12_246,VPWR,li1,119.3700,46.2400,1.799385
FILLER_12_237,VPWR,li1,115.0000,46.2400,1.799395
FILLER_12_228,VPWR,li1,110.8600,46.2400,1.799407
FILLER_12_225,VPWR,li1,109.7100,46.2400,1.799415
FILLER_12_222,VPWR,li1,108.3300,46.2400,1.799415
FILLER_12_214,VPWR,li1,104.4200,46.2400,1.799428
FILLER_12_211,VPWR,li1,103.2700,46.2400,1.799438
FILLER_12_208,VPWR,li1,101.8900,46.2400,1.799438
FILLER_12_200,VPWR,li1,97.7500,46.2400,1.799454
FILLER_12_197,VPWR,li1,96.8300,46.2400,1.799463
FILLER_12_182,VPWR,li1,89.4700,46.2400,1.799498
FILLER_12_179,VPWR,li1,88.5500,46.2400,1.799498
FILLER_12_176,VPWR,li1,87.1700,46.2400,1.799510
FILLER_12_141,VPWR,li1,70.6100,46.2400,1.799601
FILLER_12_126,VPWR,li1,63.7100,46.2400,1.799634
FILLER_12_106,VPWR,li1,54.7400,46.2400,1.799689
FILLER_12_85,VPWR,li1,45.0800,46.2400,1.799745
FILLER_12_34,VPWR,li1,21.6200,46.2400,1.799910
FILLER_12_10,VPWR,li1,10.3500,46.2400,1.799907
FILLER_12_3,VPWR,li1,7.3600,46.2400,1.799907
FILLER_11_306,VPWR,li1,146.5100,40.8000,1.799123
FILLER_11_259,VPWR,li1,125.3500,40.8000,1.799161
FILLER_11_254,VPWR,li1,122.8200,40.8000,1.799172
FILLER_11_245,VPWR,li1,118.9100,40.8000,1.799187
FILLER_11_242,VPWR,li1,117.5300,40.8000,1.799187
FILLER_11_228,VPWR,li1,111.0900,40.8000,1.799217
FILLER_11_225,VPWR,li1,109.7100,40.8000,1.799229
FILLER_11_221,VPWR,li1,107.8700,40.8000,1.799240
FILLER_11_206,VPWR,li1,100.7400,40.8000,1.799274
FILLER_11_203,VPWR,li1,99.5900,40.8000,1.799288
FILLER_11_200,VPWR,li1,98.2100,40.8000,1.799288
FILLER_11_197,VPWR,li1,96.8300,40.8000,1.799301
FILLER_11_194,VPWR,li1,95.4500,40.8000,1.799312
FILLER_11_191,VPWR,li1,94.0700,40.8000,1.799312
FILLER_11_188,VPWR,li1,92.6900,40.8000,1.799328
FILLER_11_172,VPWR,li1,85.3300,40.8000,1.799373
FILLER_11_169,VPWR,li1,83.9500,40.8000,1.799373
FILLER_11_165,VPWR,li1,82.1100,40.8000,1.799385
FILLER_11_145,VPWR,li1,72.4500,40.8000,1.799456
FILLER_11_113,VPWR,li1,57.9600,40.8000,1.799548
FILLER_11_75,VPWR,li1,40.2500,40.8000,1.799686
FILLER_11_57,VPWR,li1,32.2000,40.8000,1.799778
FILLER_11_55,VPWR,li1,31.0500,40.8000,1.799778
FILLER_11_41,VPWR,li1,24.6100,40.8000,1.799861
FILLER_11_3,VPWR,li1,7.3600,40.8000,1.799879
FILLER_10_318,VPWR,li1,152.2600,40.8000,1.799123
FILLER_10_309,VPWR,li1,147.8900,40.8000,1.799123
FILLER_10_305,VPWR,li1,146.5100,40.8000,1.799123
FILLER_10_279,VPWR,li1,134.3200,40.8000,1.799133
FILLER_10_276,VPWR,li1,133.1700,40.8000,1.799133
FILLER_10_251,VPWR,li1,121.2100,40.8000,1.799172
FILLER_10_243,VPWR,li1,117.5300,40.8000,1.799187
FILLER_10_240,VPWR,li1,116.6100,40.8000,1.799198
FILLER_10_237,VPWR,li1,115.2300,40.8000,1.799198
FILLER_10_234,VPWR,li1,113.8500,40.8000,1.799208
FILLER_10_219,VPWR,li1,106.7200,40.8000,1.799240
FILLER_10_209,VPWR,li1,102.3500,40.8000,1.799264
FILLER_10_203,VPWR,li1,99.1300,40.8000,1.799288
FILLER_10_200,VPWR,li1,98.2100,40.8000,1.799288
FILLER_10_197,VPWR,li1,96.8300,40.8000,1.799301
FILLER_10_188,VPWR,li1,92.6900,40.8000,1.799328
FILLER_10_185,VPWR,li1,91.3100,40.8000,1.799328
FILLER_10_157,VPWR,li1,78.2000,40.8000,1.799420
FILLER_10_139,VPWR,li1,69.6900,40.8000,1.799475
FILLER_10_102,VPWR,li1,52.6700,40.8000,1.799586
FILLER_10_27,VPWR,li1,18.1700,40.8000,1.799881
FILLER_10_21,VPWR,li1,15.6400,40.8000,1.799880
FILLER_9_318,VPWR,li1,152.2600,35.3600,1.799388
FILLER_9_294,VPWR,li1,141.4500,35.3600,1.799390
FILLER_9_291,VPWR,li1,140.0700,35.3600,1.799391
FILLER_9_287,VPWR,li1,137.7700,35.3600,1.799391
FILLER_9_284,VPWR,li1,136.8500,35.3600,1.799391
FILLER_9_281,VPWR,li1,135.4700,35.3600,1.799393
FILLER_9_278,VPWR,li1,133.8600,35.3600,1.799394
FILLER_9_275,VPWR,li1,132.7100,35.3600,1.799394
FILLER_9_272,VPWR,li1,131.3300,35.3600,1.799396
FILLER_9_269,VPWR,li1,129.9500,35.3600,1.799398
FILLER_9_266,VPWR,li1,128.5700,35.3600,1.799398
FILLER_9_263,VPWR,li1,127.1900,35.3600,1.799401
FILLER_9_234,VPWR,li1,113.3900,35.3600,1.799422
FILLER_9_231,VPWR,li1,112.4700,35.3600,1.799428
FILLER_9_228,VPWR,li1,111.0900,35.3600,1.799428
FILLER_9_225,VPWR,li1,109.7100,35.3600,1.799434
FILLER_9_216,VPWR,li1,105.1100,35.3600,1.799449
FILLER_9_203,VPWR,li1,99.3600,35.3600,1.799466
FILLER_9_189,VPWR,li1,92.6900,35.3600,1.799491
FILLER_9_179,VPWR,li1,88.5500,35.3600,1.799509
FILLER_9_176,VPWR,li1,87.1700,35.3600,1.799518
FILLER_9_130,VPWR,li1,65.5500,35.3600,1.799625
FILLER_9_110,VPWR,li1,56.5800,35.3600,1.799672
FILLER_9_99,VPWR,li1,51.7500,35.3600,1.799689
FILLER_9_55,VPWR,li1,31.0500,35.3600,1.799840
FILLER_9_37,VPWR,li1,22.7700,35.3600,1.799898
FILLER_8_289,VPWR,li1,138.9200,35.3600,1.799391
FILLER_8_271,VPWR,li1,130.8700,35.3600,1.799396
FILLER_8_268,VPWR,li1,129.4900,35.3600,1.799398
FILLER_8_265,VPWR,li1,128.1100,35.3600,1.799401
FILLER_8_262,VPWR,li1,126.7300,35.3600,1.799401
FILLER_8_240,VPWR,li1,116.6100,35.3600,1.799415
FILLER_8_229,VPWR,li1,111.0900,35.3600,1.799428
FILLER_8_226,VPWR,li1,110.1700,35.3600,1.799434
FILLER_8_210,VPWR,li1,102.8100,35.3600,1.799458
FILLER_8_195,VPWR,li1,95.4500,35.3600,1.799484
FILLER_8_192,VPWR,li1,94.5300,35.3600,1.799484
FILLER_8_85,VPWR,li1,45.0800,35.3600,1.799739
FILLER_8_82,VPWR,li1,43.7000,35.3600,1.799739
FILLER_8_72,VPWR,li1,39.1000,35.3600,1.799771
FILLER_8_62,VPWR,li1,34.5000,35.3600,1.799804
FILLER_8_51,VPWR,li1,29.6700,35.3600,1.799840
FILLER_8_46,VPWR,li1,26.9100,35.3600,1.799860
FILLER_8_29,VPWR,li1,19.0900,35.3600,1.799910
FILLER_7_301,VPWR,li1,144.4400,29.9200,1.799502
FILLER_7_298,VPWR,li1,143.2900,29.9200,1.799502
FILLER_7_291,VPWR,li1,139.6100,29.9200,1.799503
FILLER_7_274,VPWR,li1,132.2500,29.9200,1.799511
FILLER_7_271,VPWR,li1,130.8700,29.9200,1.799514
FILLER_7_268,VPWR,li1,129.4900,29.9200,1.799514
FILLER_7_265,VPWR,li1,128.1100,29.9200,1.799519
FILLER_7_262,VPWR,li1,126.7300,29.9200,1.799519
FILLER_7_259,VPWR,li1,125.3500,29.9200,1.799523
FILLER_7_256,VPWR,li1,123.9700,29.9200,1.799523
FILLER_7_253,VPWR,li1,122.5900,29.9200,1.799527
FILLER_7_240,VPWR,li1,116.1500,29.9200,1.799539
FILLER_7_237,VPWR,li1,115.2300,29.9200,1.799539
FILLER_7_228,VPWR,li1,111.0900,29.9200,1.799552
FILLER_7_225,VPWR,li1,109.7100,29.9200,1.799552
FILLER_7_221,VPWR,li1,107.8700,29.9200,1.799556
FILLER_7_209,VPWR,li1,102.1200,29.9200,1.799576
FILLER_7_206,VPWR,li1,100.9700,29.9200,1.799576
FILLER_7_187,VPWR,li1,91.7700,29.9200,1.799605
FILLER_7_165,VPWR,li1,82.1100,29.9200,1.799647
FILLER_7_111,VPWR,li1,56.8100,29.9200,1.799753
FILLER_7_57,VPWR,li1,31.9700,29.9200,1.799881
FILLER_7_15,VPWR,li1,12.6500,29.9200,1.799929
FILLER_6_317,VPWR,li1,152.0300,29.9200,1.799502
FILLER_6_303,VPWR,li1,145.3600,29.9200,1.799502
FILLER_6_300,VPWR,li1,144.2100,29.9200,1.799502
FILLER_6_286,VPWR,li1,137.7700,29.9200,1.799506
FILLER_6_276,VPWR,li1,132.7100,29.9200,1.799511
FILLER_6_265,VPWR,li1,127.6500,29.9200,1.799519
FILLER_6_262,VPWR,li1,126.7300,29.9200,1.799519
FILLER_6_259,VPWR,li1,125.3500,29.9200,1.799523
FILLER_6_256,VPWR,li1,123.9700,29.9200,1.799523
FILLER_6_253,VPWR,li1,122.5900,29.9200,1.799527
FILLER_6_232,VPWR,li1,112.9300,29.9200,1.799547
FILLER_6_229,VPWR,li1,111.5500,29.9200,1.799547
FILLER_6_220,VPWR,li1,107.1800,29.9200,1.799562
FILLER_6_206,VPWR,li1,100.5100,29.9200,1.799576
FILLER_6_203,VPWR,li1,99.5900,29.9200,1.799584
FILLER_6_200,VPWR,li1,98.2100,29.9200,1.799584
FILLER_6_197,VPWR,li1,96.8300,29.9200,1.799592
FILLER_6_195,VPWR,li1,95.4500,29.9200,1.799592
FILLER_6_186,VPWR,li1,91.5400,29.9200,1.799611
FILLER_6_178,VPWR,li1,88.0900,29.9200,1.799618
FILLER_6_145,VPWR,li1,72.9100,29.9200,1.799681
FILLER_6_123,VPWR,li1,62.5600,29.9200,1.799722
FILLER_6_82,VPWR,li1,43.7000,29.9200,1.799819
FILLER_6_48,VPWR,li1,27.8300,29.9200,1.799898
FILLER_6_34,VPWR,li1,21.6200,29.9200,1.799933
FILLER_6_3,VPWR,li1,7.1300,29.9200,1.799929
FILLER_5_304,VPWR,li1,146.0500,24.4800,1.799480
FILLER_5_293,VPWR,li1,140.9900,24.4800,1.799480
FILLER_5_290,VPWR,li1,139.6100,24.4800,1.799480
FILLER_5_287,VPWR,li1,138.2300,24.4800,1.799480
FILLER_5_284,VPWR,li1,136.8500,24.4800,1.799480
FILLER_5_281,VPWR,li1,135.4700,24.4800,1.799480
FILLER_5_279,VPWR,li1,134.0900,24.4800,1.799480
FILLER_5_251,VPWR,li1,121.2100,24.4800,1.799500
FILLER_5_248,VPWR,li1,120.2900,24.4800,1.799500
FILLER_5_232,VPWR,li1,112.9300,24.4800,1.799516
FILLER_5_223,VPWR,li1,108.3300,24.4800,1.799533
FILLER_5_220,VPWR,li1,107.4100,24.4800,1.799533
FILLER_5_211,VPWR,li1,103.0400,24.4800,1.799548
FILLER_5_197,VPWR,li1,96.3700,24.4800,1.799577
FILLER_5_182,VPWR,li1,89.7000,24.4800,1.799599
FILLER_5_169,VPWR,li1,83.7200,24.4800,1.799624
FILLER_5_161,VPWR,li1,79.8100,24.4800,1.799645
FILLER_5_113,VPWR,li1,57.7300,24.4800,1.799749
FILLER_5_57,VPWR,li1,32.2000,24.4800,1.799877
FILLER_5_38,VPWR,li1,23.4600,24.4800,1.799935
FILLER_5_19,VPWR,li1,14.7200,24.4800,1.799933
FILLER_4_318,VPWR,li1,152.2600,24.4800,1.799480
FILLER_4_315,VPWR,li1,151.1100,24.4800,1.799480
FILLER_4_312,VPWR,li1,149.7300,24.4800,1.799480
FILLER_4_309,VPWR,li1,148.3500,24.4800,1.799480
FILLER_4_307,VPWR,li1,146.9700,24.4800,1.799480
FILLER_4_298,VPWR,li1,142.8300,24.4800,1.799480
FILLER_4_295,VPWR,li1,141.9100,24.4800,1.799480
FILLER_4_287,VPWR,li1,138.2300,24.4800,1.799480
FILLER_4_284,VPWR,li1,136.8500,24.4800,1.799480
FILLER_4_281,VPWR,li1,135.4700,24.4800,1.799480
FILLER_4_265,VPWR,li1,128.1100,24.4800,1.799485
FILLER_4_262,VPWR,li1,126.7300,24.4800,1.799488
FILLER_4_259,VPWR,li1,125.3500,24.4800,1.799491
FILLER_4_256,VPWR,li1,123.9700,24.4800,1.799491
FILLER_4_253,VPWR,li1,122.5900,24.4800,1.799496
FILLER_4_250,VPWR,li1,120.9800,24.4800,1.799500
FILLER_4_247,VPWR,li1,119.8300,24.4800,1.799500
FILLER_4_232,VPWR,li1,112.4700,24.4800,1.799521
FILLER_4_224,VPWR,li1,109.2500,24.4800,1.799527
FILLER_4_209,VPWR,li1,102.1200,24.4800,1.799556
FILLER_4_206,VPWR,li1,100.9700,24.4800,1.799556
FILLER_4_203,VPWR,li1,99.5900,24.4800,1.799566
FILLER_4_200,VPWR,li1,98.2100,24.4800,1.799566
FILLER_4_197,VPWR,li1,96.8300,24.4800,1.799577
FILLER_4_181,VPWR,li1,89.2400,24.4800,1.799607
FILLER_4_141,VPWR,li1,70.8400,24.4800,1.799687
FILLER_4_130,VPWR,li1,65.7800,24.4800,1.799710
FILLER_4_112,VPWR,li1,57.7300,24.4800,1.799749
FILLER_4_59,VPWR,li1,32.8900,24.4800,1.799877
FILLER_4_26,VPWR,li1,17.9400,24.4800,1.799934
FILLER_3_281,VPWR,li1,135.0100,19.0400,1.799455
FILLER_3_277,VPWR,li1,133.6300,19.0400,1.799455
FILLER_3_274,VPWR,li1,132.2500,19.0400,1.799458
FILLER_3_271,VPWR,li1,130.8700,19.0400,1.799464
FILLER_3_268,VPWR,li1,129.4900,19.0400,1.799464
FILLER_3_265,VPWR,li1,128.1100,19.0400,1.799470
FILLER_3_262,VPWR,li1,126.7300,19.0400,1.799475
FILLER_3_259,VPWR,li1,125.3500,19.0400,1.799475
FILLER_3_256,VPWR,li1,123.9700,19.0400,1.799480
FILLER_3_237,VPWR,li1,115.2300,19.0400,1.799502
FILLER_3_234,VPWR,li1,113.8500,19.0400,1.799508
FILLER_3_231,VPWR,li1,112.4700,19.0400,1.799515
FILLER_3_228,VPWR,li1,111.0900,19.0400,1.799515
FILLER_3_225,VPWR,li1,109.7100,19.0400,1.799523
FILLER_3_223,VPWR,li1,108.3300,19.0400,1.799529
FILLER_3_220,VPWR,li1,107.4100,19.0400,1.799529
FILLER_3_166,VPWR,li1,82.3400,19.0400,1.799627
FILLER_3_125,VPWR,li1,63.2500,19.0400,1.799705
FILLER_3_110,VPWR,li1,56.5800,19.0400,1.799745
FILLER_3_68,VPWR,li1,37.0300,19.0400,1.799847
FILLER_3_57,VPWR,li1,32.2000,19.0400,1.799870
FILLER_2_318,VPWR,li1,152.2600,19.0400,1.799442
FILLER_2_315,VPWR,li1,151.1100,19.0400,1.799442
FILLER_2_312,VPWR,li1,149.7300,19.0400,1.799442
FILLER_2_309,VPWR,li1,148.3500,19.0400,1.799442
FILLER_2_306,VPWR,li1,146.7400,19.0400,1.799443
FILLER_2_303,VPWR,li1,145.5900,19.0400,1.799443
FILLER_2_300,VPWR,li1,144.2100,19.0400,1.799443
FILLER_2_281,VPWR,li1,135.0100,19.0400,1.799455
FILLER_2_266,VPWR,li1,128.3400,19.0400,1.799470
FILLER_2_263,VPWR,li1,127.1900,19.0400,1.799470
FILLER_2_256,VPWR,li1,123.5100,19.0400,1.799480
FILLER_2_253,VPWR,li1,122.5900,19.0400,1.799485
FILLER_2_244,VPWR,li1,117.9900,19.0400,1.799497
FILLER_2_241,VPWR,li1,117.0700,19.0400,1.799497
FILLER_2_226,VPWR,li1,109.9400,19.0400,1.799523
FILLER_2_223,VPWR,li1,108.7900,19.0400,1.799523
FILLER_2_216,VPWR,li1,105.3400,19.0400,1.799535
FILLER_2_213,VPWR,li1,104.1900,19.0400,1.799542
FILLER_2_210,VPWR,li1,102.8100,19.0400,1.799542
FILLER_2_176,VPWR,li1,86.9400,19.0400,1.799608
FILLER_2_149,VPWR,li1,74.2900,19.0400,1.799656
FILLER_2_139,VPWR,li1,69.6900,19.0400,1.799682
FILLER_2_116,VPWR,li1,59.3400,19.0400,1.799724
FILLER_2_89,VPWR,li1,46.6900,19.0400,1.799795
FILLER_2_62,VPWR,li1,34.2700,19.0400,1.799858
FILLER_2_49,VPWR,li1,28.2900,19.0400,1.799902
FILLER_2_22,VPWR,li1,16.1000,19.0400,1.799930
FILLER_2_7,VPWR,li1,9.2000,19.0400,1.799928
FILLER_1_319,VPWR,li1,152.4900,13.6000,1.799590
FILLER_1_316,VPWR,li1,151.5700,13.6000,1.799590
FILLER_1_296,VPWR,li1,142.3700,13.6000,1.799591
FILLER_1_293,VPWR,li1,140.9900,13.6000,1.799591
FILLER_1_273,VPWR,li1,131.5600,13.6000,1.799598
FILLER_1_270,VPWR,li1,130.4100,13.6000,1.799600
FILLER_1_267,VPWR,li1,129.0300,13.6000,1.799600
FILLER_1_264,VPWR,li1,127.6500,13.6000,1.799603
FILLER_1_246,VPWR,li1,118.9100,13.6000,1.799615
FILLER_1_243,VPWR,li1,117.9900,13.6000,1.799615
FILLER_1_204,VPWR,li1,99.5900,13.6000,1.799654
FILLER_1_196,VPWR,li1,95.9100,13.6000,1.799666
FILLER_1_182,VPWR,li1,89.4700,13.6000,1.799681
FILLER_1_159,VPWR,li1,78.8900,13.6000,1.799717
FILLER_1_136,VPWR,li1,68.3100,13.6000,1.799750
FILLER_1_111,VPWR,li1,56.8100,13.6000,1.799783
FILLER_1_93,VPWR,li1,48.5300,13.6000,1.799818
FILLER_0_318,VPWR,li1,152.2600,13.6000,1.799590
FILLER_0_315,VPWR,li1,151.1100,13.6000,1.799590
FILLER_0_312,VPWR,li1,149.7300,13.6000,1.799590
FILLER_0_309,VPWR,li1,148.3500,13.6000,1.799590
FILLER_0_306,VPWR,li1,146.7400,13.6000,1.799590
FILLER_0_297,VPWR,li1,142.8300,13.6000,1.799591
FILLER_0_294,VPWR,li1,141.4500,13.6000,1.799591
FILLER_0_291,VPWR,li1,140.0700,13.6000,1.799592
FILLER_0_288,VPWR,li1,138.6900,13.6000,1.799592
FILLER_0_281,VPWR,li1,135.0100,13.6000,1.799594
FILLER_0_277,VPWR,li1,133.6300,13.6000,1.799595
FILLER_0_274,VPWR,li1,132.2500,13.6000,1.799598
FILLER_0_271,VPWR,li1,130.8700,13.6000,1.799598
FILLER_0_268,VPWR,li1,129.4900,13.6000,1.799600
FILLER_0_265,VPWR,li1,128.1100,13.6000,1.799603
FILLER_0_262,VPWR,li1,126.7300,13.6000,1.799603
FILLER_0_259,VPWR,li1,125.3500,13.6000,1.799606
FILLER_0_256,VPWR,li1,123.9700,13.6000,1.799606
FILLER_0_253,VPWR,li1,122.5900,13.6000,1.799609
FILLER_0_250,VPWR,li1,120.9800,13.6000,1.799612
FILLER_0_247,VPWR,li1,119.8300,13.6000,1.799612
FILLER_0_231,VPWR,li1,112.4700,13.6000,1.799628
FILLER_0_228,VPWR,li1,111.0900,13.6000,1.799628
FILLER_0_225,VPWR,li1,109.7100,13.6000,1.799634
FILLER_0_222,VPWR,li1,108.1000,13.6000,1.799634
FILLER_0_212,VPWR,li1,103.7300,13.6000,1.799648
FILLER_0_194,VPWR,li1,95.2200,13.6000,1.799666
FILLER_0_173,VPWR,li1,85.7900,13.6000,1.799697
FILLER_0_165,VPWR,li1,82.1100,13.6000,1.799703
FILLER_0_145,VPWR,li1,72.6800,13.6000,1.799735
FILLER_0_139,VPWR,li1,69.6900,13.6000,1.799744
FILLER_0_78,VPWR,li1,41.8600,13.6000,1.799843
FILLER_0_57,VPWR,li1,32.2000,13.6000,1.799894
FILLER_0_43,VPWR,li1,25.5300,13.6000,1.799918
FILLER_0_34,VPWR,li1,21.3900,13.6000,1.799940
ANTENNA_14,VPWR,li1,15.1800,100.6400,1.799854
ANTENNA_13,VPWR,li1,62.1000,176.8000,1.799634
ANTENNA_12,VPWR,li1,95.2200,24.4800,1.799577
ANTENNA_11,VPWR,li1,37.7200,51.6800,1.799762
ANTENNA_10,VPWR,li1,18.8600,29.9200,1.799931
ANTENNA_9,VPWR,li1,7.3600,13.6000,1.799934
ANTENNA_8,VPWR,li1,54.2800,46.2400,1.799689
ANTENNA_7,VPWR,li1,63.4800,51.6800,1.799583
ANTENNA_6,VPWR,li1,66.2400,40.8000,1.799490
ANTENNA_5,VPWR,li1,8.7400,13.6000,1.799934
ANTENNA_4,VPWR,li1,48.3000,57.1200,1.799676
ANTENNA_3,VPWR,li1,40.4800,78.8800,1.799640
ANTENNA_2,VPWR,li1,57.5000,46.2400,1.799678
ANTENNA_1,VPWR,li1,49.2200,62.5600,1.799606
max_cap683,VPWR,li1,67.8500,57.1200,1.799526
max_cap682,VPWR,li1,46.6900,62.5600,1.799629
max_cap681,VPWR,li1,50.6000,122.4000,1.799540
max_cap680,VPWR,li1,40.2500,165.9200,1.799804
max_cap679,VPWR,li1,74.7500,155.0400,1.799411
hold678,VPWR,li1,144.4400,144.1600,1.798885
hold677,VPWR,li1,146.2800,144.1600,1.798884
hold676,VPWR,li1,52.9000,46.2400,1.799704
hold675,VPWR,li1,55.6600,46.2400,1.799689
hold674,VPWR,li1,43.2400,13.6000,1.799843
hold673,VPWR,li1,33.5800,13.6000,1.799880
hold672,VPWR,li1,71.3000,13.6000,1.799735
hold671,VPWR,li1,28.5200,19.0400,1.799891
hold670,VPWR,li1,38.1800,19.0400,1.799836
hold669,VPWR,li1,29.4400,19.0400,1.799891
hold668,VPWR,li1,75.4400,19.0400,1.799656
hold667,VPWR,li1,42.3200,29.9200,1.799819
hold666,VPWR,li1,34.9600,29.9200,1.799858
hold665,VPWR,li1,30.3600,19.0400,1.799881
hold664,VPWR,li1,84.1800,13.6000,1.799697
hold663,VPWR,li1,40.4800,29.9200,1.799828
hold662,VPWR,li1,41.4000,24.4800,1.799823
hold661,VPWR,li1,47.8400,13.6000,1.799818
hold660,VPWR,li1,64.4000,24.4800,1.799710
hold659,VPWR,li1,44.1600,73.4400,1.799614
hold658,VPWR,li1,45.0800,46.2400,1.799745
hold657,VPWR,li1,84.1800,35.3600,1.799529
hold656,VPWR,li1,51.5200,57.1200,1.799652
hold655,VPWR,li1,12.4200,68.0000,1.799896
hold654,VPWR,li1,13.8000,46.2400,1.799907
hold653,VPWR,li1,11.5000,29.9200,1.799929
hold652,VPWR,li1,41.4000,68.0000,1.799708
hold651,VPWR,li1,20.7000,62.5600,1.799884
hold650,VPWR,li1,16.5600,51.6800,1.799900
hold649,VPWR,li1,7.8200,35.3600,1.799907
hold648,VPWR,li1,45.5400,68.0000,1.799672
hold647,VPWR,li1,17.4800,57.1200,1.799898
hold646,VPWR,li1,17.9400,46.2400,1.799909
hold645,VPWR,li1,10.5800,40.8000,1.799880
hold644,VPWR,li1,49.6800,57.1200,1.799676
hold643,VPWR,li1,35.4200,13.6000,1.799871
hold642,VPWR,li1,60.2600,19.0400,1.799724
hold641,VPWR,li1,77.2800,13.6000,1.799717
hold640,VPWR,li1,65.7800,35.3600,1.799616
hold639,VPWR,li1,46.9200,24.4800,1.799803
hold638,VPWR,li1,34.0400,24.4800,1.799863
hold637,VPWR,li1,67.1600,13.6000,1.799750
hold636,VPWR,li1,77.7400,13.6000,1.799717
hold635,VPWR,li1,16.1000,68.0000,1.799897
hold634,VPWR,li1,14.7200,78.8800,1.799874
hold633,VPWR,li1,27.6000,84.3200,1.799818
hold632,VPWR,li1,17.4800,106.0800,1.799929
hold631,VPWR,li1,37.2600,13.6000,1.799863
hold630,VPWR,li1,58.4200,19.0400,1.799734
hold629,VPWR,li1,66.7000,19.0400,1.799695
hold628,VPWR,li1,71.3000,24.4800,1.799678
hold627,VPWR,li1,34.0400,68.0000,1.799775
hold626,VPWR,li1,40.4800,62.5600,1.799686
hold625,VPWR,li1,88.3200,29.9200,1.799618
hold624,VPWR,li1,50.6000,68.0000,1.799634
hold623,VPWR,li1,21.1600,73.4400,1.799860
hold622,VPWR,li1,10.5800,68.0000,1.799896
hold621,VPWR,li1,7.8200,57.1200,1.799896
hold620,VPWR,li1,29.9000,89.7600,1.799799
hold619,VPWR,li1,21.1600,19.0400,1.799934
hold618,VPWR,li1,24.8400,19.0400,1.799912
hold617,VPWR,li1,54.2800,24.4800,1.799758
hold616,VPWR,li1,83.7200,19.0400,1.799619
hold615,VPWR,li1,18.4000,95.2000,1.799865
hold614,VPWR,li1,12.4200,89.7600,1.799893
hold613,VPWR,li1,9.6600,78.8800,1.799874
hold612,VPWR,li1,27.1400,95.2000,1.799798
hold611,VPWR,li1,16.5600,78.8800,1.799875
hold610,VPWR,li1,24.3800,78.8800,1.799828
hold609,VPWR,li1,27.6000,84.3200,1.799818
hold608,VPWR,li1,20.7000,100.6400,1.799856
hold607,VPWR,li1,12.4200,176.8000,1.799913
hold606,VPWR,li1,14.2600,176.8000,1.799913
hold605,VPWR,li1,151.8000,106.0800,1.799434
hold604,VPWR,li1,146.2800,106.0800,1.799434
hold603,VPWR,li1,123.2800,78.8800,1.798913
hold602,VPWR,li1,123.2800,73.4400,1.798970
hold601,VPWR,li1,120.5200,89.7600,1.799085
hold600,VPWR,li1,143.9800,106.0800,1.799434
hold599,VPWR,li1,149.9600,106.0800,1.799434
hold598,VPWR,li1,121.4400,84.3200,1.798973
hold597,VPWR,li1,119.6000,51.6800,1.799273
hold596,VPWR,li1,66.2400,116.9600,1.799414
hold595,VPWR,li1,14.2600,176.8000,1.799913
hold594,VPWR,li1,126.9600,116.9600,1.798947
hold593,VPWR,li1,128.8000,116.9600,1.798943
hold592,VPWR,li1,137.5400,127.8400,1.798873
hold591,VPWR,li1,151.8000,149.6000,1.798660
hold590,VPWR,li1,27.6000,40.8000,1.799815
hold589,VPWR,li1,15.6400,19.0400,1.799930
hold588,VPWR,li1,23.4600,19.0400,1.799923
hold587,VPWR,li1,56.1200,46.2400,1.799678
hold586,VPWR,li1,58.8800,46.2400,1.799665
hold585,VPWR,li1,41.8600,57.1200,1.799739
hold584,VPWR,li1,27.6000,46.2400,1.799872
hold583,VPWR,li1,23.4600,40.8000,1.799861
hold582,VPWR,li1,16.5600,24.4800,1.799934
hold581,VPWR,li1,34.5000,46.2400,1.799814
hold580,VPWR,li1,17.4800,19.0400,1.799932
hold579,VPWR,li1,35.4200,51.6800,1.799779
hold578,VPWR,li1,33.5800,51.6800,1.799793
hold577,VPWR,li1,11.5000,24.4800,1.799933
hold576,VPWR,li1,45.5400,73.4400,1.799596
hold575,VPWR,li1,50.6000,62.5600,1.799606
hold574,VPWR,li1,32.2000,68.0000,1.799802
hold573,VPWR,li1,16.1000,40.8000,1.799880
hold572,VPWR,li1,35.4200,62.5600,1.799743
hold571,VPWR,li1,38.6400,57.1200,1.799767
hold570,VPWR,li1,49.6800,51.6800,1.799674
hold569,VPWR,li1,76.8200,24.4800,1.799653
hold568,VPWR,li1,92.4600,19.0400,1.799580
hold567,VPWR,li1,102.1200,13.6000,1.799648
hold566,VPWR,li1,68.0800,46.2400,1.799615
hold565,VPWR,li1,55.6600,29.9200,1.799753
hold564,VPWR,li1,71.3000,29.9200,1.799689
hold563,VPWR,li1,74.9800,29.9200,1.799669
hold562,VPWR,li1,100.2800,13.6000,1.799654
hold561,VPWR,li1,19.3200,19.0400,1.799933
hold560,VPWR,li1,60.2600,35.3600,1.799644
hold559,VPWR,li1,67.6200,35.3600,1.799607
hold558,VPWR,li1,67.6200,40.8000,1.799490
hold557,VPWR,li1,74.0600,35.3600,1.799575
hold556,VPWR,li1,56.1200,57.1200,1.799614
hold555,VPWR,li1,94.3000,19.0400,1.799573
hold554,VPWR,li1,63.9400,51.6800,1.799583
hold553,VPWR,li1,25.7600,40.8000,1.799835
hold552,VPWR,li1,36.3400,51.6800,1.799779
hold551,VPWR,li1,19.7800,40.8000,1.799882
hold550,VPWR,li1,10.1200,13.6000,1.799934
hold549,VPWR,li1,58.4200,46.2400,1.799665
hold548,VPWR,li1,30.8200,29.9200,1.799881
hold547,VPWR,li1,44.1600,29.9200,1.799809
hold546,VPWR,li1,86.9400,19.0400,1.799608
hold545,VPWR,li1,92.9200,19.0400,1.799580
hold544,VPWR,li1,69.4600,40.8000,1.799475
hold543,VPWR,li1,76.8200,40.8000,1.799420
hold542,VPWR,li1,30.8200,40.8000,1.799778
hold541,VPWR,li1,28.0600,35.3600,1.799860
hold540,VPWR,li1,21.6200,40.8000,1.799882
hold539,VPWR,li1,32.6600,46.2400,1.799834
hold538,VPWR,li1,17.4800,35.3600,1.799910
hold537,VPWR,li1,47.3800,73.4400,1.799577
hold536,VPWR,li1,46.0000,51.6800,1.799712
hold535,VPWR,li1,24.8400,24.4800,1.799917
hold534,VPWR,li1,56.1200,24.4800,1.799749
hold533,VPWR,li1,58.4200,29.9200,1.799741
hold532,VPWR,li1,63.9400,35.3600,1.799625
hold531,VPWR,li1,64.8600,40.8000,1.799506
hold530,VPWR,li1,58.4200,51.6800,1.799624
hold529,VPWR,li1,23.0000,29.9200,1.799934
hold528,VPWR,li1,23.0000,19.0400,1.799923
hold527,VPWR,li1,20.2400,35.3600,1.799913
hold526,VPWR,li1,36.3400,46.2400,1.799802
hold525,VPWR,li1,65.7800,51.6800,1.799563
hold524,VPWR,li1,48.7600,24.4800,1.799786
hold523,VPWR,li1,43.7000,19.0400,1.799805
hold522,VPWR,li1,39.5600,24.4800,1.799833
hold521,VPWR,li1,64.8600,13.6000,1.799758
hold520,VPWR,li1,9.2000,116.9600,1.799891
hold519,VPWR,li1,11.5000,106.0800,1.799928
hold518,VPWR,li1,18.8600,100.6400,1.799856
hold517,VPWR,li1,7.8200,106.0800,1.799928
hold516,VPWR,li1,7.8200,89.7600,1.799892
hold515,VPWR,li1,23.4600,95.2000,1.799844
hold514,VPWR,li1,22.0800,84.3200,1.799880
hold513,VPWR,li1,8.7400,68.0000,1.799896
hold512,VPWR,li1,28.0600,78.8800,1.799784
hold511,VPWR,li1,41.8600,78.8800,1.799640
hold510,VPWR,li1,14.2600,51.6800,1.799899
hold509,VPWR,li1,34.5000,73.4400,1.799708
hold508,VPWR,li1,7.8200,46.2400,1.799907
hold507,VPWR,li1,36.8000,29.9200,1.799848
hold506,VPWR,li1,26.6800,19.0400,1.799902
hold505,VPWR,li1,62.1000,19.0400,1.799715
hold504,VPWR,li1,24.3800,89.7600,1.799870
hold503,VPWR,li1,16.5600,89.7600,1.799893
hold502,VPWR,li1,29.4400,84.3200,1.799798
hold501,VPWR,li1,32.6600,84.3200,1.799776
hold500,VPWR,li1,34.5000,84.3200,1.799744
hold499,VPWR,li1,16.1000,111.5200,1.799860
hold498,VPWR,li1,13.3400,106.0800,1.799928
hold497,VPWR,li1,16.1000,89.7600,1.799893
hold496,VPWR,li1,17.9400,89.7600,1.799893
hold495,VPWR,li1,21.6200,95.2000,1.799868
hold494,VPWR,li1,17.0200,40.8000,1.799880
hold493,VPWR,li1,15.6400,29.9200,1.799931
hold492,VPWR,li1,42.7800,46.2400,1.799760
hold491,VPWR,li1,22.5400,78.8800,1.799850
hold490,VPWR,li1,7.8200,62.5600,1.799879
hold489,VPWR,li1,36.3400,84.3200,1.799725
hold488,VPWR,li1,88.7800,19.0400,1.799596
hold487,VPWR,li1,85.5600,19.0400,1.799608
hold486,VPWR,li1,87.8600,24.4800,1.799607
hold485,VPWR,li1,53.3600,35.3600,1.799689
hold484,VPWR,li1,53.3600,35.3600,1.799689
hold483,VPWR,li1,59.3400,40.8000,1.799548
hold482,VPWR,li1,26.6800,24.4800,1.799906
hold481,VPWR,li1,55.2000,35.3600,1.799672
hold480,VPWR,li1,60.2600,46.2400,1.799654
hold479,VPWR,li1,43.2400,46.2400,1.799760
hold478,VPWR,li1,43.2400,51.6800,1.799729
hold477,VPWR,li1,54.2800,62.5600,1.799563
hold476,VPWR,li1,80.5000,29.9200,1.799647
hold475,VPWR,li1,80.5000,35.3600,1.799548
hold474,VPWR,li1,52.4400,62.5600,1.799584
hold473,VPWR,li1,49.2200,29.9200,1.799785
hold472,VPWR,li1,42.7800,24.4800,1.799823
hold471,VPWR,li1,66.7000,13.6000,1.799750
hold470,VPWR,li1,43.2400,40.8000,1.799658
hold469,VPWR,li1,38.6400,29.9200,1.799838
hold468,VPWR,li1,68.5400,13.6000,1.799744
hold467,VPWR,li1,71.3000,40.8000,1.799456
hold466,VPWR,li1,75.9000,35.3600,1.799567
hold465,VPWR,li1,57.9600,57.1200,1.799600
hold464,VPWR,li1,14.2600,40.8000,1.799880
hold463,VPWR,li1,13.8000,29.9200,1.799930
hold462,VPWR,li1,20.2400,29.9200,1.799933
hold461,VPWR,li1,11.9600,13.6000,1.799934
hold460,VPWR,li1,46.9200,46.2400,1.799733
hold459,VPWR,li1,47.8400,51.6800,1.799689
hold458,VPWR,li1,15.1800,95.2000,1.799865
hold457,VPWR,li1,8.2800,89.7600,1.799892
hold456,VPWR,li1,7.8200,106.0800,1.799928
hold455,VPWR,li1,76.8200,29.9200,1.799662
hold454,VPWR,li1,94.7600,19.0400,1.799573
hold453,VPWR,li1,86.4800,29.9200,1.799625
hold452,VPWR,li1,68.5400,40.8000,1.799475
hold451,VPWR,li1,71.3000,35.3600,1.799589
hold450,VPWR,li1,71.3000,40.8000,1.799456
hold449,VPWR,li1,24.8400,73.4400,1.799816
hold448,VPWR,li1,17.0200,51.6800,1.799900
hold447,VPWR,li1,7.8200,24.4800,1.799932
hold446,VPWR,li1,12.8800,100.6400,1.799853
hold445,VPWR,li1,13.3400,95.2000,1.799864
hold444,VPWR,li1,7.8200,95.2000,1.799864
hold443,VPWR,li1,43.2400,24.4800,1.799814
hold442,VPWR,li1,13.8000,13.6000,1.799935
hold441,VPWR,li1,77.2800,19.0400,1.799643
hold440,VPWR,li1,19.7800,78.8800,1.799875
hold439,VPWR,li1,26.2200,78.8800,1.799806
hold438,VPWR,li1,32.6600,73.4400,1.799739
hold437,VPWR,li1,24.3800,57.1200,1.799877
hold436,VPWR,li1,20.7000,51.6800,1.799902
hold435,VPWR,li1,13.3400,24.4800,1.799933
hold434,VPWR,li1,21.6200,78.8800,1.799876
hold433,VPWR,li1,16.1000,62.5600,1.799882
hold432,VPWR,li1,38.6400,78.8800,1.799661
hold431,VPWR,li1,25.3000,62.5600,1.799832
hold430,VPWR,li1,12.4200,40.8000,1.799880
hold429,VPWR,li1,43.2400,68.0000,1.799692
hold428,VPWR,li1,14.7200,89.7600,1.799893
hold427,VPWR,li1,26.6800,73.4400,1.799794
hold426,VPWR,li1,39.5600,68.0000,1.799725
hold425,VPWR,li1,50.1400,19.0400,1.799770
hold424,VPWR,li1,46.9200,24.4800,1.799803
hold423,VPWR,li1,69.4600,24.4800,1.799687
hold422,VPWR,li1,48.7600,24.4800,1.799786
hold421,VPWR,li1,45.5400,19.0400,1.799795
hold420,VPWR,li1,68.5400,19.0400,1.799682
hold419,VPWR,li1,56.1200,24.4800,1.799749
hold418,VPWR,li1,52.4400,24.4800,1.799767
hold417,VPWR,li1,67.6200,24.4800,1.799695
hold416,VPWR,li1,20.2400,95.2000,1.799867
hold415,VPWR,li1,17.0200,95.2000,1.799865
hold414,VPWR,li1,25.3000,95.2000,1.799821
hold413,VPWR,li1,18.4000,78.8800,1.799875
hold412,VPWR,li1,14.2600,78.8800,1.799874
hold411,VPWR,li1,15.6400,57.1200,1.799897
hold410,VPWR,li1,128.3400,160.4800,1.798811
hold409,VPWR,li1,137.5400,111.5200,1.798803
hold408,VPWR,li1,146.2800,57.1200,1.799221
hold407,VPWR,li1,143.0600,35.3600,1.799389
hold406,VPWR,li1,142.6000,35.3600,1.799389
hold405,VPWR,li1,135.7000,111.5200,1.798808
hold404,VPWR,li1,142.6000,68.0000,1.799144
hold403,VPWR,li1,144.4400,35.3600,1.799389
clkload13,VPWR,li1,136.1600,138.7200,1.799045
clkload12,VPWR,li1,134.3200,133.2800,1.798673
clkload11,VPWR,li1,141.6800,106.0800,1.799435
clkload10,VPWR,li1,140.7600,111.5200,1.798796
clkload9,VPWR,li1,93.3800,89.7600,1.799220
clkload8,VPWR,li1,97.5200,95.2000,1.799009
clkload7,VPWR,li1,115.4600,78.8800,1.798938
clkload6,VPWR,li1,35.8800,40.8000,1.799723
clkload5,VPWR,li1,29.9000,46.2400,1.799857
clkload4,VPWR,li1,46.9200,46.2400,1.799733
clkload3,VPWR,li1,33.1200,40.8000,1.799753
clkload2,VPWR,li1,28.9800,73.4400,1.799767
clkload1,VPWR,li1,17.0200,73.4400,1.799857
clkload0,VPWR,li1,27.1400,62.5600,1.799812
clkbuf_4_15_0_clk,VPWR,li1,142.3700,133.2800,1.798655
clkbuf_4_14_0_clk,VPWR,li1,137.3100,133.2800,1.798667
clkbuf_4_13_0_clk,VPWR,li1,142.8300,100.6400,1.798778
clkbuf_4_12_0_clk,VPWR,li1,144.6700,111.5200,1.798792
clkbuf_4_11_0_clk,VPWR,li1,93.1500,95.2000,1.799030
clkbuf_4_10_0_clk,VPWR,li1,93.1500,95.2000,1.799030
clkbuf_4_9_0_clk,VPWR,li1,119.3700,78.8800,1.798920
clkbuf_4_8_0_clk,VPWR,li1,125.3500,84.3200,1.798956
clkbuf_4_7_0_clk,VPWR,li1,39.7900,40.8000,1.799686
clkbuf_4_6_0_clk,VPWR,li1,28.2900,46.2400,1.799857
clkbuf_4_5_0_clk,VPWR,li1,48.0700,35.3600,1.799710
clkbuf_4_4_0_clk,VPWR,li1,37.4900,40.8000,1.799723
clkbuf_4_3_0_clk,VPWR,li1,32.8900,73.4400,1.799739
clkbuf_4_2_0_clk,VPWR,li1,21.3900,73.4400,1.799860
clkbuf_4_1_0_clk,VPWR,li1,31.0500,62.5600,1.799788
clkbuf_4_0_0_clk,VPWR,li1,24.6100,51.6800,1.799865
clkbuf_0_clk,VPWR,li1,80.9600,100.6400,1.799074
_2621__401,VPWR,li1,14.9500,116.9600,1.799891
max_cap400,VPWR,li1,27.1400,111.5200,1.799810
max_cap399,VPWR,li1,79.1200,62.5600,1.799364
max_cap398,VPWR,li1,83.2600,89.7600,1.799299
max_cap397,VPWR,li1,61.1800,78.8800,1.799409
max_cap396,VPWR,li1,28.9800,133.2800,1.799754
max_cap395,VPWR,li1,73.1400,116.9600,1.799357
max_cap394,VPWR,li1,47.3800,127.8400,1.799588
output393,VPWR,li1,58.4200,13.6000,1.799783
output392,VPWR,li1,49.2200,46.2400,1.799719
output391,VPWR,li1,17.4800,19.0400,1.799932
output390,VPWR,li1,8.7400,40.8000,1.799879
output389,VPWR,li1,15.6400,35.3600,1.799909
output388,VPWR,li1,17.9400,40.8000,1.799881
output387,VPWR,li1,7.8200,19.0400,1.799927
output386,VPWR,li1,12.4200,68.0000,1.799896
output385,VPWR,li1,19.7800,95.2000,1.799867
output384,VPWR,li1,62.1000,35.3600,1.799635
output383,VPWR,li1,61.1800,40.8000,1.799526
output382,VPWR,li1,54.2800,57.1200,1.799629
output381,VPWR,li1,78.6600,29.9200,1.799654
output380,VPWR,li1,78.6600,24.4800,1.799645
output379,VPWR,li1,93.8400,24.4800,1.799585
output378,VPWR,li1,12.4200,78.8800,1.799874
output377,VPWR,li1,151.8000,78.8800,1.798873
output376,VPWR,li1,151.8000,89.7600,1.799052
output375,VPWR,li1,151.8000,100.6400,1.798776
output374,VPWR,li1,151.8000,111.5200,1.798790
output373,VPWR,li1,151.8000,133.2800,1.798655
output372,VPWR,li1,151.8000,149.6000,1.798660
output371,VPWR,li1,148.5800,187.6800,1.799931
output370,VPWR,li1,150.4200,187.6800,1.799931
output369,VPWR,li1,145.3600,187.6800,1.799931
output368,VPWR,li1,149.0400,40.8000,1.799123
output367,VPWR,li1,145.8200,29.9200,1.799502
output366,VPWR,li1,146.2800,35.3600,1.799388
output365,VPWR,li1,149.9600,46.2400,1.799351
output364,VPWR,li1,151.8000,46.2400,1.799351
output363,VPWR,li1,151.8000,62.5600,1.799035
output362,VPWR,li1,135.7000,187.6800,1.799931
output361,VPWR,li1,7.8200,144.1600,1.799878
output360,VPWR,li1,9.6600,144.1600,1.799878
output359,VPWR,li1,11.5000,155.0400,1.799899
output358,VPWR,li1,7.8200,160.4800,1.799862
output357,VPWR,li1,7.8200,160.4800,1.799862
output356,VPWR,li1,7.8200,165.9200,1.799922
output355,VPWR,li1,9.6600,165.9200,1.799923
output354,VPWR,li1,7.8200,165.9200,1.799922
output353,VPWR,li1,7.8200,171.3600,1.799897
output352,VPWR,li1,52.9000,13.6000,1.799798
output351,VPWR,li1,62.5600,24.4800,1.799719
output350,VPWR,li1,7.8200,127.8400,1.799880
output349,VPWR,li1,54.7400,13.6000,1.799791
output348,VPWR,li1,93.8400,13.6000,1.799672
output347,VPWR,li1,35.8800,24.4800,1.799852
output346,VPWR,li1,11.5000,165.9200,1.799923
input345,VPWR,li1,151.8000,35.3600,1.799388
input344,VPWR,li1,53.8200,40.8000,1.799586
input343,VPWR,li1,7.8200,176.8000,1.799912
input313,VPWR,li1,53.8200,29.9200,1.799762
input315,VPWR,li1,26.6800,13.6000,1.799918
input317,VPWR,li1,34.9600,78.8800,1.799704
input318,VPWR,li1,14.2600,68.0000,1.799896
input323,VPWR,li1,37.7200,24.4800,1.799842
input324,VPWR,li1,43.7000,13.6000,1.799835
input325,VPWR,li1,9.6600,106.0800,1.799928
input326,VPWR,li1,90.6200,19.0400,1.799588
input328,VPWR,li1,82.3400,35.3600,1.799537
input327,VPWR,li1,84.1800,29.9200,1.799639
input329,VPWR,li1,64.4000,35.3600,1.799625
input330,VPWR,li1,66.7000,40.8000,1.799490
input331,VPWR,li1,17.4800,29.9200,1.799931
input332,VPWR,li1,7.8200,78.8800,1.799874
_2620__402,VPWR,li1,69.2300,35.3600,1.799607
input316,VPWR,li1,36.8000,78.8800,1.799683
input310,VPWR,li1,33.5800,19.0400,1.799870
input342,VPWR,li1,151.8000,144.1600,1.798883
input334,VPWR,li1,13.3400,62.5600,1.799880
input333,VPWR,li1,36.3400,73.4400,1.799689
input341,VPWR,li1,151.8000,106.0800,1.799434
input340,VPWR,li1,80.9600,19.0400,1.799627
input339,VPWR,li1,51.5200,35.3600,1.799699
input338,VPWR,li1,22.0800,35.3600,1.799898
input337,VPWR,li1,28.9800,29.9200,1.799898
input336,VPWR,li1,33.1200,29.9200,1.799868
input320,VPWR,li1,40.4800,57.1200,1.799739
input335,VPWR,li1,13.3400,24.4800,1.799933
input311,VPWR,li1,79.1200,19.0400,1.799635
input314,VPWR,li1,50.6000,24.4800,1.799776
input321,VPWR,li1,35.8800,68.0000,1.799758
input312,VPWR,li1,65.7800,24.4800,1.799710
input309,VPWR,li1,11.5000,78.8800,1.799874
input319,VPWR,li1,37.7200,68.0000,1.799741
input322,VPWR,li1,16.1000,46.2400,1.799908
fanout84,VPWR,li1,58.1900,160.4800,1.799404
fanout83,VPWR,li1,17.7100,62.5600,1.799882
fanout82,VPWR,li1,25.9900,89.7600,1.799839
fanout81,VPWR,li1,7.5900,24.4800,1.799932
fanout80,VPWR,li1,7.5900,57.1200,1.799896
fanout79,VPWR,li1,11.2700,57.1200,1.799897
fanout78,VPWR,li1,126.2700,155.0400,1.799101
fanout77,VPWR,li1,121.2100,68.0000,1.799172
place298,VPWR,li1,14.0300,68.0000,1.799896
place297,VPWR,li1,20.4700,57.1200,1.799899
place296,VPWR,li1,28.7500,95.2000,1.799798
place300,VPWR,li1,30.5900,13.6000,1.799894
place292,VPWR,li1,14.9500,24.4800,1.799933
place290,VPWR,li1,17.7100,68.0000,1.799897
place291,VPWR,li1,19.5500,40.8000,1.799881
place299,VPWR,li1,7.5900,13.6000,1.799934
place288,VPWR,li1,27.8300,155.0400,1.799854
place289,VPWR,li1,64.1700,149.6000,1.799243
place301,VPWR,li1,22.7700,57.1200,1.799901
place287,VPWR,li1,15.4100,122.4000,1.799879
place286,VPWR,li1,58.1900,122.4000,1.799458
place302,VPWR,li1,26.4500,51.6800,1.799850
place284,VPWR,li1,60.0300,144.1600,1.799430
place283,VPWR,li1,17.7100,133.2800,1.799862
place281,VPWR,li1,30.5900,116.9600,1.799795
place282,VPWR,li1,14.4900,127.8400,1.799881
place280,VPWR,li1,23.6900,111.5200,1.799840
place279,VPWR,li1,51.7500,149.6000,1.799421
place277,VPWR,li1,50.3700,116.9600,1.799590
place278,VPWR,li1,31.0500,78.8800,1.799760
place275,VPWR,li1,58.1900,68.0000,1.799563
place276,VPWR,li1,22.3100,133.2800,1.799863
place273,VPWR,li1,59.1100,111.5200,1.799401
place274,VPWR,li1,22.3100,116.9600,1.799871
place271,VPWR,li1,40.2500,35.3600,1.799771
place272,VPWR,li1,39.3300,133.2800,1.799635
place269,VPWR,li1,49.4500,13.6000,1.799818
place270,VPWR,li1,32.4300,133.2800,1.799720
place267,VPWR,li1,58.1900,62.5600,1.799541
place268,VPWR,li1,40.2500,68.0000,1.799725
place265,VPWR,li1,58.1900,13.6000,1.799783
place266,VPWR,li1,55.4300,84.3200,1.799527
place263,VPWR,li1,54.9700,35.3600,1.799672
place264,VPWR,li1,43.9300,95.2000,1.799605
place261,VPWR,li1,56.3500,13.6000,1.799791
place262,VPWR,li1,43.4700,89.7600,1.799665
place259,VPWR,li1,30.5900,73.4400,1.799767
place258,VPWR,li1,70.1500,19.0400,1.799674
place256,VPWR,li1,23.2300,138.7200,1.799876
place285,VPWR,li1,23.6900,84.3200,1.799860
place260,VPWR,li1,41.1700,24.4800,1.799833
place255,VPWR,li1,19.5500,111.5200,1.799863
place257,VPWR,li1,12.6500,144.1600,1.799878
place293,VPWR,li1,25.0700,19.0400,1.799912
place252,VPWR,li1,24.1500,127.8400,1.799856
place254,VPWR,li1,30.1300,95.2000,1.799764
place253,VPWR,li1,23.2300,106.0800,1.799931
place294,VPWR,li1,123.9700,40.8000,1.799161
place248,VPWR,li1,42.5500,116.9600,1.799657
place249,VPWR,li1,36.5700,165.9200,1.799829
place244,VPWR,li1,58.6500,133.2800,1.799371
place250,VPWR,li1,39.3300,89.7600,1.799712
place245,VPWR,li1,51.2900,100.6400,1.799448
place243,VPWR,li1,72.9100,35.3600,1.799589
place214,VPWR,li1,131.3300,73.4400,1.798946
place217,VPWR,li1,77.5100,73.4400,1.799302
place213,VPWR,li1,138.6900,111.5200,1.798799
place212,VPWR,li1,139.6100,106.0800,1.799437
place205,VPWR,li1,77.9700,89.7600,1.799354
place207,VPWR,li1,64.1700,68.0000,1.799522
place308,VPWR,li1,29.2100,40.8000,1.799815
place306,VPWR,li1,15.4100,51.6800,1.799899
place303,VPWR,li1,110.1700,78.8800,1.798970
place307,VPWR,li1,7.5900,29.9200,1.799929
place200,VPWR,li1,139.6100,100.6400,1.798784
place251,VPWR,li1,26.9100,62.5600,1.799832
place246,VPWR,li1,43.4700,57.1200,1.799718
place241,VPWR,li1,146.0500,133.2800,1.798655
place230,VPWR,li1,48.0700,73.4400,1.799577
place215,VPWR,li1,120.7500,89.7600,1.799085
place202,VPWR,li1,32.4300,138.7200,1.799797
place204,VPWR,li1,74.2900,62.5600,1.799403
place206,VPWR,li1,74.2900,46.2400,1.799574
place218,VPWR,li1,67.3900,100.6400,1.799248
place216,VPWR,li1,80.7300,62.5600,1.799344
place203,VPWR,li1,13.1100,149.6000,1.799851
place219,VPWR,li1,60.0300,29.9200,1.799741
place208,VPWR,li1,37.4900,116.9600,1.799710
place240,VPWR,li1,146.5100,29.9200,1.799502
place236,VPWR,li1,29.6700,127.8400,1.799784
place210,VPWR,li1,76.5900,46.2400,1.799561
place220,VPWR,li1,68.7700,116.9600,1.799389
place234,VPWR,li1,26.9100,122.4000,1.799826
place211,VPWR,li1,75.6700,51.6800,1.799501
place223,VPWR,li1,54.9700,68.0000,1.799596
place224,VPWR,li1,58.6500,111.5200,1.799423
place225,VPWR,li1,61.8700,144.1600,1.799410
place228,VPWR,li1,46.6900,73.4400,1.799596
place233,VPWR,li1,27.8300,122.4000,1.799799
place229,VPWR,li1,53.1300,127.8400,1.799526
place231,VPWR,li1,37.4900,106.0800,1.799835
place209,VPWR,li1,79.3500,73.4400,1.799283
place222,VPWR,li1,56.3500,68.0000,1.799578
place226,VPWR,li1,54.9700,78.8800,1.799478
place227,VPWR,li1,48.0700,78.8800,1.799554
place232,VPWR,li1,34.7300,155.0400,1.799787
place247,VPWR,li1,51.2900,51.6800,1.799674
place237,VPWR,li1,30.1300,122.4000,1.799772
place239,VPWR,li1,123.9700,106.0800,1.799449
place221,VPWR,li1,58.6500,51.6800,1.799611
place235,VPWR,li1,28.7500,122.4000,1.799799
place238,VPWR,li1,16.7900,138.7200,1.799899
place242,VPWR,li1,63.2500,19.0400,1.799705
place304,VPWR,li1,146.0500,100.6400,1.798776
place305,VPWR,li1,120.7500,78.8800,1.798920
place295,VPWR,li1,126.2700,100.6400,1.798811
place199,VPWR,li1,148.3500,106.0800,1.799434
place201,VPWR,li1,138.6900,35.3600,1.799391
TAP_TAPCELL_ROW_64_497,VPWR,li1,147.4300,187.3730,1.799931
TAP_TAPCELL_ROW_64_496,VPWR,li1,134.5500,187.3730,1.799931
TAP_TAPCELL_ROW_64_495,VPWR,li1,121.6700,187.3730,1.799932
TAP_TAPCELL_ROW_64_494,VPWR,li1,108.7900,187.3730,1.799932
TAP_TAPCELL_ROW_64_493,VPWR,li1,95.9100,187.3730,1.799933
TAP_TAPCELL_ROW_64_492,VPWR,li1,83.0300,187.3730,1.799938
TAP_TAPCELL_ROW_64_491,VPWR,li1,70.1500,187.3730,1.799943
TAP_TAPCELL_ROW_64_490,VPWR,li1,57.2700,187.3730,1.799953
TAP_TAPCELL_ROW_64_489,VPWR,li1,44.3900,187.3730,1.799966
TAP_TAPCELL_ROW_64_488,VPWR,li1,31.5100,187.3730,1.799979
TAP_TAPCELL_ROW_64_487,VPWR,li1,18.6300,187.3730,1.799989
TAP_TAPCELL_ROW_63_486,VPWR,li1,134.5500,182.5460,1.799463
TAP_TAPCELL_ROW_63_485,VPWR,li1,108.7900,182.5460,1.799471
TAP_TAPCELL_ROW_63_484,VPWR,li1,83.0300,182.5460,1.799527
TAP_TAPCELL_ROW_63_483,VPWR,li1,57.2700,182.5460,1.799649
TAP_TAPCELL_ROW_63_482,VPWR,li1,31.5100,182.5460,1.799836
TAP_TAPCELL_ROW_62_481,VPWR,li1,147.4300,181.9330,1.799463
TAP_TAPCELL_ROW_62_480,VPWR,li1,121.6700,181.9330,1.799467
TAP_TAPCELL_ROW_62_479,VPWR,li1,95.9100,181.9330,1.799484
TAP_TAPCELL_ROW_62_478,VPWR,li1,70.1500,181.9330,1.799581
TAP_TAPCELL_ROW_62_477,VPWR,li1,44.3900,181.9330,1.799738
TAP_TAPCELL_ROW_62_476,VPWR,li1,18.6300,181.9330,1.799913
TAP_TAPCELL_ROW_61_475,VPWR,li1,134.5500,177.1060,1.799385
TAP_TAPCELL_ROW_61_474,VPWR,li1,108.7900,177.1060,1.799394
TAP_TAPCELL_ROW_61_473,VPWR,li1,83.0300,177.1060,1.799503
TAP_TAPCELL_ROW_61_472,VPWR,li1,57.2700,177.1060,1.799665
TAP_TAPCELL_ROW_61_471,VPWR,li1,31.5100,177.1060,1.799845
TAP_TAPCELL_ROW_60_470,VPWR,li1,147.4300,176.4930,1.799384
TAP_TAPCELL_ROW_60_469,VPWR,li1,121.6700,176.4930,1.799387
TAP_TAPCELL_ROW_60_468,VPWR,li1,95.9100,176.4930,1.799443
TAP_TAPCELL_ROW_60_467,VPWR,li1,70.1500,176.4930,1.799592
TAP_TAPCELL_ROW_60_466,VPWR,li1,44.3900,176.4930,1.799754
TAP_TAPCELL_ROW_60_465,VPWR,li1,18.6300,176.4930,1.799914
TAP_TAPCELL_ROW_59_464,VPWR,li1,134.5500,171.6660,1.799187
TAP_TAPCELL_ROW_59_463,VPWR,li1,108.7900,171.6660,1.799219
TAP_TAPCELL_ROW_59_462,VPWR,li1,83.0300,171.6660,1.799362
TAP_TAPCELL_ROW_59_461,VPWR,li1,57.2700,171.6660,1.799572
TAP_TAPCELL_ROW_59_460,VPWR,li1,31.5100,171.6660,1.799800
TAP_TAPCELL_ROW_58_459,VPWR,li1,147.4300,171.0530,1.799181
TAP_TAPCELL_ROW_58_458,VPWR,li1,121.6700,171.0530,1.799199
TAP_TAPCELL_ROW_58_457,VPWR,li1,95.9100,171.0530,1.799274
TAP_TAPCELL_ROW_58_456,VPWR,li1,70.1500,171.0530,1.799465
TAP_TAPCELL_ROW_58_455,VPWR,li1,44.3900,171.0530,1.799694
TAP_TAPCELL_ROW_58_454,VPWR,li1,18.6300,171.0530,1.799899
TAP_TAPCELL_ROW_57_453,VPWR,li1,134.5500,166.2260,1.799409
TAP_TAPCELL_ROW_57_452,VPWR,li1,108.7900,166.2260,1.799450
TAP_TAPCELL_ROW_57_451,VPWR,li1,83.0300,166.2260,1.799559
TAP_TAPCELL_ROW_57_450,VPWR,li1,57.2700,166.2260,1.799699
TAP_TAPCELL_ROW_57_449,VPWR,li1,31.5100,166.2260,1.799869
TAP_TAPCELL_ROW_56_448,VPWR,li1,147.4300,165.6130,1.799406
TAP_TAPCELL_ROW_56_447,VPWR,li1,121.6700,165.6130,1.799418
TAP_TAPCELL_ROW_56_446,VPWR,li1,95.9100,165.6130,1.799504
TAP_TAPCELL_ROW_56_445,VPWR,li1,70.1500,165.6130,1.799630
TAP_TAPCELL_ROW_56_444,VPWR,li1,44.3900,165.6130,1.799787
TAP_TAPCELL_ROW_56_443,VPWR,li1,18.6300,165.6130,1.799925
TAP_TAPCELL_ROW_55_442,VPWR,li1,134.5500,160.7860,1.798805
TAP_TAPCELL_ROW_55_441,VPWR,li1,108.7900,160.7860,1.798869
TAP_TAPCELL_ROW_55_440,VPWR,li1,83.0300,160.7860,1.799113
TAP_TAPCELL_ROW_55_439,VPWR,li1,57.2700,160.7860,1.799404
TAP_TAPCELL_ROW_55_438,VPWR,li1,31.5100,160.7860,1.799734
TAP_TAPCELL_ROW_54_437,VPWR,li1,147.4300,160.1730,1.798797
TAP_TAPCELL_ROW_54_436,VPWR,li1,121.6700,160.1730,1.798819
TAP_TAPCELL_ROW_54_435,VPWR,li1,95.9100,160.1730,1.798963
TAP_TAPCELL_ROW_54_434,VPWR,li1,70.1500,160.1730,1.799266
TAP_TAPCELL_ROW_54_433,VPWR,li1,44.3900,160.1730,1.799582
TAP_TAPCELL_ROW_54_432,VPWR,li1,18.6300,160.1730,1.799865
TAP_TAPCELL_ROW_53_431,VPWR,li1,134.5500,155.3460,1.799092
TAP_TAPCELL_ROW_53_430,VPWR,li1,108.7900,155.3460,1.799148
TAP_TAPCELL_ROW_53_429,VPWR,li1,83.0300,155.3460,1.799352
TAP_TAPCELL_ROW_53_428,VPWR,li1,57.2700,155.3460,1.799577
TAP_TAPCELL_ROW_53_427,VPWR,li1,31.5100,155.3460,1.799805
TAP_TAPCELL_ROW_52_426,VPWR,li1,147.4300,154.7330,1.799082
TAP_TAPCELL_ROW_52_425,VPWR,li1,121.6700,154.7330,1.799108
TAP_TAPCELL_ROW_52_424,VPWR,li1,95.9100,154.7330,1.799237
TAP_TAPCELL_ROW_52_423,VPWR,li1,70.1500,154.7330,1.799451
TAP_TAPCELL_ROW_52_422,VPWR,li1,44.3900,154.7330,1.799687
TAP_TAPCELL_ROW_52_421,VPWR,li1,18.6300,154.7330,1.799900
TAP_TAPCELL_ROW_51_420,VPWR,li1,134.5500,149.9060,1.798664
TAP_TAPCELL_ROW_51_419,VPWR,li1,108.7900,149.9060,1.798728
TAP_TAPCELL_ROW_51_418,VPWR,li1,83.0300,149.9060,1.799008
TAP_TAPCELL_ROW_51_417,VPWR,li1,57.2700,149.9060,1.799324
TAP_TAPCELL_ROW_51_416,VPWR,li1,31.5100,149.9060,1.799692
TAP_TAPCELL_ROW_50_415,VPWR,li1,147.4300,149.2930,1.798660
TAP_TAPCELL_ROW_50_414,VPWR,li1,121.6700,149.2930,1.798678
TAP_TAPCELL_ROW_50_413,VPWR,li1,95.9100,149.2930,1.798843
TAP_TAPCELL_ROW_50_412,VPWR,li1,70.1500,149.2930,1.799157
TAP_TAPCELL_ROW_50_411,VPWR,li1,44.3900,149.2930,1.799519
TAP_TAPCELL_ROW_50_410,VPWR,li1,18.6300,149.2930,1.799852
TAP_TAPCELL_ROW_49_409,VPWR,li1,134.5500,144.4660,1.798891
TAP_TAPCELL_ROW_49_408,VPWR,li1,108.7900,144.4660,1.798954
TAP_TAPCELL_ROW_49_407,VPWR,li1,83.0300,144.4660,1.799196
TAP_TAPCELL_ROW_49_406,VPWR,li1,57.2700,144.4660,1.799476
TAP_TAPCELL_ROW_49_405,VPWR,li1,31.5100,144.4660,1.799772
TAP_TAPCELL_ROW_48_404,VPWR,li1,147.4300,143.8530,1.798884
TAP_TAPCELL_ROW_48_403,VPWR,li1,121.6700,143.8530,1.798907
TAP_TAPCELL_ROW_48_402,VPWR,li1,95.9100,143.8530,1.799052
TAP_TAPCELL_ROW_48_401,VPWR,li1,70.1500,143.8530,1.799324
TAP_TAPCELL_ROW_48_400,VPWR,li1,44.3900,143.8530,1.799607
TAP_TAPCELL_ROW_48_399,VPWR,li1,18.6300,143.8530,1.799880
TAP_TAPCELL_ROW_47_398,VPWR,li1,134.5500,139.0260,1.799049
TAP_TAPCELL_ROW_47_397,VPWR,li1,108.7900,139.0260,1.799138
TAP_TAPCELL_ROW_47_396,VPWR,li1,83.0300,139.0260,1.799341
TAP_TAPCELL_ROW_47_395,VPWR,li1,57.2700,139.0260,1.799556
TAP_TAPCELL_ROW_47_394,VPWR,li1,31.5100,139.0260,1.799797
TAP_TAPCELL_ROW_46_393,VPWR,li1,147.4300,138.4130,1.799039
TAP_TAPCELL_ROW_46_392,VPWR,li1,121.6700,138.4130,1.799074
TAP_TAPCELL_ROW_46_391,VPWR,li1,95.9100,138.4130,1.799231
TAP_TAPCELL_ROW_46_390,VPWR,li1,70.1500,138.4130,1.799443
TAP_TAPCELL_ROW_46_389,VPWR,li1,44.3900,138.4130,1.799675
TAP_TAPCELL_ROW_46_388,VPWR,li1,18.6300,138.4130,1.799899
TAP_TAPCELL_ROW_45_387,VPWR,li1,134.5500,133.5860,1.798673
TAP_TAPCELL_ROW_45_386,VPWR,li1,108.7900,133.5860,1.798820
TAP_TAPCELL_ROW_45_385,VPWR,li1,83.0300,133.5860,1.799102
TAP_TAPCELL_ROW_45_384,VPWR,li1,57.2700,133.5860,1.799394
TAP_TAPCELL_ROW_45_383,VPWR,li1,31.5100,133.5860,1.799720
TAP_TAPCELL_ROW_44_382,VPWR,li1,147.4300,132.9730,1.798655
TAP_TAPCELL_ROW_44_381,VPWR,li1,121.6700,132.9730,1.798731
TAP_TAPCELL_ROW_44_380,VPWR,li1,95.9100,132.9730,1.798951
TAP_TAPCELL_ROW_44_379,VPWR,li1,70.1500,132.9730,1.799232
TAP_TAPCELL_ROW_44_378,VPWR,li1,44.3900,132.9730,1.799562
TAP_TAPCELL_ROW_44_377,VPWR,li1,18.6300,132.9730,1.799863
TAP_TAPCELL_ROW_43_376,VPWR,li1,134.5500,128.1460,1.798875
TAP_TAPCELL_ROW_43_375,VPWR,li1,108.7900,128.1460,1.798978
TAP_TAPCELL_ROW_43_374,VPWR,li1,83.0300,128.1460,1.799215
TAP_TAPCELL_ROW_43_373,VPWR,li1,57.2700,128.1460,1.799484
TAP_TAPCELL_ROW_43_372,VPWR,li1,31.5100,128.1460,1.799763
TAP_TAPCELL_ROW_42_371,VPWR,li1,147.4300,127.5330,1.798868
TAP_TAPCELL_ROW_42_370,VPWR,li1,121.6700,127.5330,1.798897
TAP_TAPCELL_ROW_42_369,VPWR,li1,95.9100,127.5330,1.799095
TAP_TAPCELL_ROW_42_368,VPWR,li1,70.1500,127.5330,1.799347
TAP_TAPCELL_ROW_42_367,VPWR,li1,44.3900,127.5330,1.799626
TAP_TAPCELL_ROW_42_366,VPWR,li1,18.6300,127.5330,1.799881
TAP_TAPCELL_ROW_41_365,VPWR,li1,134.5500,122.7060,1.798917
TAP_TAPCELL_ROW_41_364,VPWR,li1,108.7900,122.7060,1.798989
TAP_TAPCELL_ROW_41_363,VPWR,li1,83.0300,122.7060,1.799208
TAP_TAPCELL_ROW_41_362,VPWR,li1,57.2700,122.7060,1.799477
TAP_TAPCELL_ROW_41_361,VPWR,li1,31.5100,122.7060,1.799772
TAP_TAPCELL_ROW_40_360,VPWR,li1,147.4300,122.0930,1.798911
TAP_TAPCELL_ROW_40_359,VPWR,li1,121.6700,122.0930,1.798936
TAP_TAPCELL_ROW_40_358,VPWR,li1,95.9100,122.0930,1.799080
TAP_TAPCELL_ROW_40_357,VPWR,li1,70.1500,122.0930,1.799330
TAP_TAPCELL_ROW_40_356,VPWR,li1,44.3900,122.0930,1.799609
TAP_TAPCELL_ROW_40_355,VPWR,li1,18.6300,122.0930,1.799880
TAP_TAPCELL_ROW_39_354,VPWR,li1,134.5500,117.2660,1.798932
TAP_TAPCELL_ROW_39_353,VPWR,li1,108.7900,117.2660,1.799025
TAP_TAPCELL_ROW_39_352,VPWR,li1,83.0300,117.2660,1.799252
TAP_TAPCELL_ROW_39_351,VPWR,li1,57.2700,117.2660,1.799505
TAP_TAPCELL_ROW_39_350,VPWR,li1,31.5100,117.2660,1.799773
TAP_TAPCELL_ROW_38_349,VPWR,li1,147.4300,116.6530,1.798919
TAP_TAPCELL_ROW_38_348,VPWR,li1,121.6700,116.6530,1.798961
TAP_TAPCELL_ROW_38_347,VPWR,li1,95.9100,116.6530,1.799139
TAP_TAPCELL_ROW_38_346,VPWR,li1,70.1500,116.6530,1.799389
TAP_TAPCELL_ROW_38_345,VPWR,li1,44.3900,116.6530,1.799638
TAP_TAPCELL_ROW_38_344,VPWR,li1,18.6300,116.6530,1.799891
TAP_TAPCELL_ROW_37_343,VPWR,li1,134.5500,111.8260,1.798808
TAP_TAPCELL_ROW_37_342,VPWR,li1,108.7900,111.8260,1.798888
TAP_TAPCELL_ROW_37_341,VPWR,li1,83.0300,111.8260,1.799138
TAP_TAPCELL_ROW_37_340,VPWR,li1,57.2700,111.8260,1.799423
TAP_TAPCELL_ROW_37_339,VPWR,li1,31.5100,111.8260,1.799757
TAP_TAPCELL_ROW_36_338,VPWR,li1,147.4300,111.2130,1.798790
TAP_TAPCELL_ROW_36_337,VPWR,li1,121.6700,111.2130,1.798834
TAP_TAPCELL_ROW_36_336,VPWR,li1,95.9100,111.2130,1.799012
TAP_TAPCELL_ROW_36_335,VPWR,li1,70.1500,111.2130,1.799289
TAP_TAPCELL_ROW_36_334,VPWR,li1,44.3900,111.2130,1.799583
TAP_TAPCELL_ROW_36_333,VPWR,li1,18.6300,111.2130,1.799862
TAP_TAPCELL_ROW_35_332,VPWR,li1,134.5500,106.3860,1.799440
TAP_TAPCELL_ROW_35_331,VPWR,li1,108.7900,106.3860,1.799476
TAP_TAPCELL_ROW_35_330,VPWR,li1,83.0300,106.3860,1.799588
TAP_TAPCELL_ROW_35_329,VPWR,li1,57.2700,106.3860,1.799722
TAP_TAPCELL_ROW_35_328,VPWR,li1,31.5100,106.3860,1.799877
TAP_TAPCELL_ROW_34_327,VPWR,li1,147.4300,105.7730,1.799434
TAP_TAPCELL_ROW_34_326,VPWR,li1,121.6700,105.7730,1.799451
TAP_TAPCELL_ROW_34_325,VPWR,li1,95.9100,105.7730,1.799526
TAP_TAPCELL_ROW_34_324,VPWR,li1,70.1500,105.7730,1.799660
TAP_TAPCELL_ROW_34_323,VPWR,li1,44.3900,105.7730,1.799795
TAP_TAPCELL_ROW_34_322,VPWR,li1,18.6300,105.7730,1.799929
TAP_TAPCELL_ROW_33_321,VPWR,li1,134.5500,100.9460,1.798794
TAP_TAPCELL_ROW_33_320,VPWR,li1,108.7900,100.9460,1.798873
TAP_TAPCELL_ROW_33_319,VPWR,li1,83.0300,100.9460,1.799056
TAP_TAPCELL_ROW_33_318,VPWR,li1,57.2700,100.9460,1.799383
TAP_TAPCELL_ROW_33_317,VPWR,li1,31.5100,100.9460,1.799719
TAP_TAPCELL_ROW_32_316,VPWR,li1,147.4300,100.3330,1.798776
TAP_TAPCELL_ROW_32_315,VPWR,li1,121.6700,100.3330,1.798824
TAP_TAPCELL_ROW_32_314,VPWR,li1,95.9100,100.3330,1.798950
TAP_TAPCELL_ROW_32_313,VPWR,li1,70.1500,100.3330,1.799225
TAP_TAPCELL_ROW_32_312,VPWR,li1,44.3900,100.3330,1.799557
TAP_TAPCELL_ROW_32_311,VPWR,li1,18.6300,100.3330,1.799856
TAP_TAPCELL_ROW_31_310,VPWR,li1,134.5500,95.5060,1.798822
TAP_TAPCELL_ROW_31_309,VPWR,li1,108.7900,95.5060,1.798925
TAP_TAPCELL_ROW_31_308,VPWR,li1,83.0300,95.5060,1.799139
TAP_TAPCELL_ROW_31_307,VPWR,li1,57.2700,95.5060,1.799434
TAP_TAPCELL_ROW_31_306,VPWR,li1,31.5100,95.5060,1.799764
TAP_TAPCELL_ROW_30_305,VPWR,li1,147.4300,94.8930,1.798810
TAP_TAPCELL_ROW_30_304,VPWR,li1,121.6700,94.8930,1.798858
TAP_TAPCELL_ROW_30_303,VPWR,li1,95.9100,94.8930,1.799009
TAP_TAPCELL_ROW_30_302,VPWR,li1,70.1500,94.8930,1.799298
TAP_TAPCELL_ROW_30_301,VPWR,li1,44.3900,94.8930,1.799605
TAP_TAPCELL_ROW_30_300,VPWR,li1,18.6300,94.8930,1.799865
TAP_TAPCELL_ROW_29_299,VPWR,li1,134.5500,90.0660,1.799062
TAP_TAPCELL_ROW_29_298,VPWR,li1,108.7900,90.0660,1.799117
TAP_TAPCELL_ROW_29_297,VPWR,li1,83.0300,90.0660,1.799299
TAP_TAPCELL_ROW_29_296,VPWR,li1,57.2700,90.0660,1.799541
TAP_TAPCELL_ROW_29_295,VPWR,li1,31.5100,90.0660,1.799799
TAP_TAPCELL_ROW_28_294,VPWR,li1,147.4300,89.4530,1.799052
TAP_TAPCELL_ROW_28_293,VPWR,li1,121.6700,89.4530,1.799081
TAP_TAPCELL_ROW_28_292,VPWR,li1,95.9100,89.4530,1.799201
TAP_TAPCELL_ROW_28_291,VPWR,li1,70.1500,89.4530,1.799424
TAP_TAPCELL_ROW_28_290,VPWR,li1,44.3900,89.4530,1.799665
TAP_TAPCELL_ROW_28_289,VPWR,li1,18.6300,89.4530,1.799893
TAP_TAPCELL_ROW_27_288,VPWR,li1,134.5500,84.6260,1.798941
TAP_TAPCELL_ROW_27_287,VPWR,li1,108.7900,84.6260,1.799038
TAP_TAPCELL_ROW_27_286,VPWR,li1,83.0300,84.6260,1.799263
TAP_TAPCELL_ROW_27_285,VPWR,li1,57.2700,84.6260,1.799509
TAP_TAPCELL_ROW_27_284,VPWR,li1,31.5100,84.6260,1.799776
TAP_TAPCELL_ROW_26_283,VPWR,li1,147.4300,84.0130,1.798932
TAP_TAPCELL_ROW_26_282,VPWR,li1,121.6700,84.0130,1.798973
TAP_TAPCELL_ROW_26_281,VPWR,li1,95.9100,84.0130,1.799140
TAP_TAPCELL_ROW_26_280,VPWR,li1,70.1500,84.0130,1.799385
TAP_TAPCELL_ROW_26_279,VPWR,li1,44.3900,84.0130,1.799654
TAP_TAPCELL_ROW_26_278,VPWR,li1,18.6300,84.0130,1.799878
TAP_TAPCELL_ROW_25_277,VPWR,li1,134.5500,79.1860,1.798884
TAP_TAPCELL_ROW_25_276,VPWR,li1,108.7900,79.1860,1.798982
TAP_TAPCELL_ROW_25_275,VPWR,li1,83.0300,79.1860,1.799186
TAP_TAPCELL_ROW_25_274,VPWR,li1,57.2700,79.1860,1.799452
TAP_TAPCELL_ROW_25_273,VPWR,li1,31.5100,79.1860,1.799760
TAP_TAPCELL_ROW_24_272,VPWR,li1,147.4300,78.5730,1.798873
TAP_TAPCELL_ROW_24_271,VPWR,li1,121.6700,78.5730,1.798913
TAP_TAPCELL_ROW_24_270,VPWR,li1,95.9100,78.5730,1.799076
TAP_TAPCELL_ROW_24_269,VPWR,li1,70.1500,78.5730,1.799320
TAP_TAPCELL_ROW_24_268,VPWR,li1,44.3900,78.5730,1.799606
TAP_TAPCELL_ROW_24_267,VPWR,li1,18.6300,78.5730,1.799875
TAP_TAPCELL_ROW_23_266,VPWR,li1,134.5500,73.7460,1.798942
TAP_TAPCELL_ROW_23_265,VPWR,li1,108.7900,73.7460,1.799047
TAP_TAPCELL_ROW_23_264,VPWR,li1,83.0300,73.7460,1.799243
TAP_TAPCELL_ROW_23_263,VPWR,li1,57.2700,73.7460,1.799481
TAP_TAPCELL_ROW_23_262,VPWR,li1,31.5100,73.7460,1.799739
TAP_TAPCELL_ROW_22_261,VPWR,li1,147.4300,73.1330,1.798931
TAP_TAPCELL_ROW_22_260,VPWR,li1,121.6700,73.1330,1.798979
TAP_TAPCELL_ROW_22_259,VPWR,li1,95.9100,73.1330,1.799143
TAP_TAPCELL_ROW_22_258,VPWR,li1,70.1500,73.1330,1.799371
TAP_TAPCELL_ROW_22_257,VPWR,li1,44.3900,73.1330,1.799614
TAP_TAPCELL_ROW_22_256,VPWR,li1,18.6300,73.1330,1.799857
TAP_TAPCELL_ROW_21_255,VPWR,li1,134.5500,68.3060,1.799150
TAP_TAPCELL_ROW_21_254,VPWR,li1,108.7900,68.3060,1.799205
TAP_TAPCELL_ROW_21_253,VPWR,li1,83.0300,68.3060,1.799372
TAP_TAPCELL_ROW_21_252,VPWR,li1,57.2700,68.3060,1.799578
TAP_TAPCELL_ROW_21_251,VPWR,li1,31.5100,68.3060,1.799802
TAP_TAPCELL_ROW_20_250,VPWR,li1,147.4300,67.6930,1.799144
TAP_TAPCELL_ROW_20_249,VPWR,li1,121.6700,67.6930,1.799172
TAP_TAPCELL_ROW_20_248,VPWR,li1,95.9100,67.6930,1.799272
TAP_TAPCELL_ROW_20_247,VPWR,li1,70.1500,67.6930,1.799475
TAP_TAPCELL_ROW_20_246,VPWR,li1,44.3900,67.6930,1.799692
TAP_TAPCELL_ROW_20_245,VPWR,li1,18.6300,67.6930,1.799897
TAP_TAPCELL_ROW_19_244,VPWR,li1,134.5500,62.8660,1.799045
TAP_TAPCELL_ROW_19_243,VPWR,li1,108.7900,62.8660,1.799145
TAP_TAPCELL_ROW_19_242,VPWR,li1,83.0300,62.8660,1.799326
TAP_TAPCELL_ROW_19_241,VPWR,li1,57.2700,62.8660,1.799541
TAP_TAPCELL_ROW_19_240,VPWR,li1,31.5100,62.8660,1.799768
TAP_TAPCELL_ROW_18_239,VPWR,li1,147.4300,62.2530,1.799035
TAP_TAPCELL_ROW_18_238,VPWR,li1,121.6700,62.2530,1.799078
TAP_TAPCELL_ROW_18_237,VPWR,li1,95.9100,62.2530,1.799231
TAP_TAPCELL_ROW_18_236,VPWR,li1,70.1500,62.2530,1.799441
TAP_TAPCELL_ROW_18_235,VPWR,li1,44.3900,62.2530,1.799649
TAP_TAPCELL_ROW_18_234,VPWR,li1,18.6300,62.2530,1.799883
TAP_TAPCELL_ROW_17_233,VPWR,li1,134.5500,57.4260,1.799222
TAP_TAPCELL_ROW_17_232,VPWR,li1,108.7900,57.4260,1.799263
TAP_TAPCELL_ROW_17_231,VPWR,li1,83.0300,57.4260,1.799419
TAP_TAPCELL_ROW_17_230,VPWR,li1,57.2700,57.4260,1.799614
TAP_TAPCELL_ROW_17_229,VPWR,li1,31.5100,57.4260,1.799814
TAP_TAPCELL_ROW_16_228,VPWR,li1,147.4300,56.8130,1.799221
TAP_TAPCELL_ROW_16_227,VPWR,li1,121.6700,56.8130,1.799229
TAP_TAPCELL_ROW_16_226,VPWR,li1,95.9100,56.8130,1.799331
TAP_TAPCELL_ROW_16_225,VPWR,li1,70.1500,56.8130,1.799508
TAP_TAPCELL_ROW_16_224,VPWR,li1,44.3900,56.8130,1.799718
TAP_TAPCELL_ROW_16_223,VPWR,li1,18.6300,56.8130,1.799898
TAP_TAPCELL_ROW_15_222,VPWR,li1,134.5500,51.9860,1.799240
TAP_TAPCELL_ROW_15_221,VPWR,li1,108.7900,51.9860,1.799319
TAP_TAPCELL_ROW_15_220,VPWR,li1,83.0300,51.9860,1.799459
TAP_TAPCELL_ROW_15_219,VPWR,li1,57.2700,51.9860,1.799624
TAP_TAPCELL_ROW_15_218,VPWR,li1,31.5100,51.9860,1.799813
TAP_TAPCELL_ROW_14_217,VPWR,li1,147.4300,51.3730,1.799232
TAP_TAPCELL_ROW_14_216,VPWR,li1,121.6700,51.3730,1.799267
TAP_TAPCELL_ROW_14_215,VPWR,li1,95.9100,51.3730,1.799386
TAP_TAPCELL_ROW_14_214,VPWR,li1,70.1500,51.3730,1.799535
TAP_TAPCELL_ROW_14_213,VPWR,li1,44.3900,51.3730,1.799712
TAP_TAPCELL_ROW_14_212,VPWR,li1,18.6300,51.3730,1.799901
TAP_TAPCELL_ROW_13_211,VPWR,li1,134.5500,46.5460,1.799357
TAP_TAPCELL_ROW_13_210,VPWR,li1,108.7900,46.5460,1.799415
TAP_TAPCELL_ROW_13_209,VPWR,li1,83.0300,46.5460,1.799526
TAP_TAPCELL_ROW_13_208,VPWR,li1,57.2700,46.5460,1.799678
TAP_TAPCELL_ROW_13_207,VPWR,li1,31.5100,46.5460,1.799834
TAP_TAPCELL_ROW_12_206,VPWR,li1,147.4300,45.9330,1.799351
TAP_TAPCELL_ROW_12_205,VPWR,li1,121.6700,45.9330,1.799381
TAP_TAPCELL_ROW_12_204,VPWR,li1,95.9100,45.9330,1.799463
TAP_TAPCELL_ROW_12_203,VPWR,li1,70.1500,45.9330,1.799601
TAP_TAPCELL_ROW_12_202,VPWR,li1,44.3900,45.9330,1.799760
TAP_TAPCELL_ROW_12_201,VPWR,li1,18.6300,45.9330,1.799909
TAP_TAPCELL_ROW_11_200,VPWR,li1,134.5500,41.1060,1.799133
TAP_TAPCELL_ROW_11_199,VPWR,li1,108.7900,41.1060,1.799229
TAP_TAPCELL_ROW_11_198,VPWR,li1,83.0300,41.1060,1.799385
TAP_TAPCELL_ROW_11_197,VPWR,li1,57.2700,41.1060,1.799562
TAP_TAPCELL_ROW_11_196,VPWR,li1,31.5100,41.1060,1.799778
TAP_TAPCELL_ROW_10_195,VPWR,li1,147.4300,40.4930,1.799123
TAP_TAPCELL_ROW_10_194,VPWR,li1,121.6700,40.4930,1.799172
TAP_TAPCELL_ROW_10_193,VPWR,li1,95.9100,40.4930,1.799301
TAP_TAPCELL_ROW_10_192,VPWR,li1,70.1500,40.4930,1.799475
TAP_TAPCELL_ROW_10_191,VPWR,li1,44.3900,40.4930,1.799658
TAP_TAPCELL_ROW_10_190,VPWR,li1,18.6300,40.4930,1.799881
TAP_TAPCELL_ROW_9_189,VPWR,li1,134.5500,35.6660,1.799393
TAP_TAPCELL_ROW_9_188,VPWR,li1,108.7900,35.6660,1.799434
TAP_TAPCELL_ROW_9_187,VPWR,li1,83.0300,35.6660,1.799537
TAP_TAPCELL_ROW_9_186,VPWR,li1,57.2700,35.6660,1.799660
TAP_TAPCELL_ROW_9_185,VPWR,li1,31.5100,35.6660,1.799826
TAP_TAPCELL_ROW_8_184,VPWR,li1,147.4300,35.0530,1.799388
TAP_TAPCELL_ROW_8_183,VPWR,li1,121.6700,35.0530,1.799407
TAP_TAPCELL_ROW_8_182,VPWR,li1,95.9100,35.0530,1.799484
TAP_TAPCELL_ROW_8_181,VPWR,li1,70.1500,35.0530,1.799598
TAP_TAPCELL_ROW_8_180,VPWR,li1,44.3900,35.0530,1.799739
TAP_TAPCELL_ROW_8_179,VPWR,li1,18.6300,35.0530,1.799910
TAP_TAPCELL_ROW_7_178,VPWR,li1,134.5500,30.2260,1.799508
TAP_TAPCELL_ROW_7_177,VPWR,li1,108.7900,30.2260,1.799556
TAP_TAPCELL_ROW_7_176,VPWR,li1,83.0300,30.2260,1.799639
TAP_TAPCELL_ROW_7_175,VPWR,li1,57.2700,30.2260,1.799753
TAP_TAPCELL_ROW_7_174,VPWR,li1,31.5100,30.2260,1.799881
TAP_TAPCELL_ROW_6_173,VPWR,li1,147.4300,29.6130,1.799502
TAP_TAPCELL_ROW_6_172,VPWR,li1,121.6700,29.6130,1.799527
TAP_TAPCELL_ROW_6_171,VPWR,li1,95.9100,29.6130,1.799592
TAP_TAPCELL_ROW_6_170,VPWR,li1,70.1500,29.6130,1.799689
TAP_TAPCELL_ROW_6_169,VPWR,li1,44.3900,29.6130,1.799809
TAP_TAPCELL_ROW_6_168,VPWR,li1,18.6300,29.6130,1.799931
TAP_TAPCELL_ROW_5_167,VPWR,li1,134.5500,24.7860,1.799480
TAP_TAPCELL_ROW_5_166,VPWR,li1,108.7900,24.7860,1.799533
TAP_TAPCELL_ROW_5_165,VPWR,li1,83.0300,24.7860,1.799634
TAP_TAPCELL_ROW_5_164,VPWR,li1,57.2700,24.7860,1.799749
TAP_TAPCELL_ROW_5_163,VPWR,li1,31.5100,24.7860,1.799877
TAP_TAPCELL_ROW_4_162,VPWR,li1,147.4300,24.1730,1.799480
TAP_TAPCELL_ROW_4_161,VPWR,li1,121.6700,24.1730,1.799496
TAP_TAPCELL_ROW_4_160,VPWR,li1,95.9100,24.1730,1.799577
TAP_TAPCELL_ROW_4_159,VPWR,li1,70.1500,24.1730,1.799687
TAP_TAPCELL_ROW_4_158,VPWR,li1,44.3900,24.1730,1.799814
TAP_TAPCELL_ROW_4_157,VPWR,li1,18.6300,24.1730,1.799934
TAP_TAPCELL_ROW_3_156,VPWR,li1,134.5500,19.3460,1.799455
TAP_TAPCELL_ROW_3_155,VPWR,li1,108.7900,19.3460,1.799523
TAP_TAPCELL_ROW_3_154,VPWR,li1,83.0300,19.3460,1.799619
TAP_TAPCELL_ROW_3_153,VPWR,li1,57.2700,19.3460,1.799734
TAP_TAPCELL_ROW_3_152,VPWR,li1,31.5100,19.3460,1.799881
TAP_TAPCELL_ROW_2_151,VPWR,li1,147.4300,18.7330,1.799442
TAP_TAPCELL_ROW_2_150,VPWR,li1,121.6700,18.7330,1.799485
TAP_TAPCELL_ROW_2_149,VPWR,li1,95.9100,18.7330,1.799573
TAP_TAPCELL_ROW_2_148,VPWR,li1,70.1500,18.7330,1.799674
TAP_TAPCELL_ROW_2_147,VPWR,li1,44.3900,18.7330,1.799805
TAP_TAPCELL_ROW_2_146,VPWR,li1,18.6300,18.7330,1.799932
TAP_TAPCELL_ROW_1_145,VPWR,li1,134.5500,13.9060,1.799595
TAP_TAPCELL_ROW_1_144,VPWR,li1,108.7900,13.9060,1.799634
TAP_TAPCELL_ROW_1_143,VPWR,li1,83.0300,13.9060,1.799703
TAP_TAPCELL_ROW_1_142,VPWR,li1,57.2700,13.9060,1.799783
TAP_TAPCELL_ROW_1_141,VPWR,li1,31.5100,13.9060,1.799894
TAP_TAPCELL_ROW_0_140,VPWR,li1,147.4300,13.2930,1.799590
TAP_TAPCELL_ROW_0_139,VPWR,li1,134.5500,13.2930,1.799595
TAP_TAPCELL_ROW_0_138,VPWR,li1,121.6700,13.2930,1.799609
TAP_TAPCELL_ROW_0_137,VPWR,li1,108.7900,13.2930,1.799634
TAP_TAPCELL_ROW_0_136,VPWR,li1,95.9100,13.2930,1.799666
TAP_TAPCELL_ROW_0_135,VPWR,li1,83.0300,13.2930,1.799703
TAP_TAPCELL_ROW_0_134,VPWR,li1,70.1500,13.2930,1.799744
TAP_TAPCELL_ROW_0_133,VPWR,li1,57.2700,13.2930,1.799783
TAP_TAPCELL_ROW_0_132,VPWR,li1,44.3900,13.2930,1.799835
TAP_TAPCELL_ROW_0_131,VPWR,li1,31.5100,13.2930,1.799894
TAP_TAPCELL_ROW_0_130,VPWR,li1,18.6300,13.2930,1.799937
PHY_EDGE_ROW_64_Left_129,VPWR,li1,6.2100,187.6800,1.799989
PHY_EDGE_ROW_63_Left_128,VPWR,li1,6.2100,182.2400,1.799910
PHY_EDGE_ROW_62_Left_127,VPWR,li1,6.2100,182.2400,1.799910
PHY_EDGE_ROW_61_Left_126,VPWR,li1,6.2100,176.8000,1.799912
PHY_EDGE_ROW_60_Left_125,VPWR,li1,6.2100,176.8000,1.799912
PHY_EDGE_ROW_59_Left_124,VPWR,li1,6.2100,171.3600,1.799897
PHY_EDGE_ROW_58_Left_123,VPWR,li1,6.2100,171.3600,1.799897
PHY_EDGE_ROW_57_Left_122,VPWR,li1,6.2100,165.9200,1.799922
PHY_EDGE_ROW_56_Left_121,VPWR,li1,6.2100,165.9200,1.799922
PHY_EDGE_ROW_55_Left_120,VPWR,li1,6.2100,160.4800,1.799862
PHY_EDGE_ROW_54_Left_119,VPWR,li1,6.2100,160.4800,1.799862
PHY_EDGE_ROW_53_Left_118,VPWR,li1,6.2100,155.0400,1.799899
PHY_EDGE_ROW_52_Left_117,VPWR,li1,6.2100,155.0400,1.799899
PHY_EDGE_ROW_51_Left_116,VPWR,li1,6.2100,149.6000,1.799851
PHY_EDGE_ROW_50_Left_115,VPWR,li1,6.2100,149.6000,1.799851
PHY_EDGE_ROW_49_Left_114,VPWR,li1,6.2100,144.1600,1.799878
PHY_EDGE_ROW_48_Left_113,VPWR,li1,6.2100,144.1600,1.799878
PHY_EDGE_ROW_47_Left_112,VPWR,li1,6.2100,138.7200,1.799898
PHY_EDGE_ROW_46_Left_111,VPWR,li1,6.2100,138.7200,1.799898
PHY_EDGE_ROW_45_Left_110,VPWR,li1,6.2100,133.2800,1.799862
PHY_EDGE_ROW_44_Left_109,VPWR,li1,6.2100,133.2800,1.799862
PHY_EDGE_ROW_43_Left_108,VPWR,li1,6.2100,127.8400,1.799880
PHY_EDGE_ROW_42_Left_107,VPWR,li1,6.2100,127.8400,1.799880
PHY_EDGE_ROW_41_Left_106,VPWR,li1,6.2100,122.4000,1.799879
PHY_EDGE_ROW_40_Left_105,VPWR,li1,6.2100,122.4000,1.799879
PHY_EDGE_ROW_39_Left_104,VPWR,li1,6.2100,116.9600,1.799891
PHY_EDGE_ROW_38_Left_103,VPWR,li1,6.2100,116.9600,1.799891
PHY_EDGE_ROW_37_Left_102,VPWR,li1,6.2100,111.5200,1.799858
PHY_EDGE_ROW_36_Left_101,VPWR,li1,6.2100,111.5200,1.799858
PHY_EDGE_ROW_35_Left_100,VPWR,li1,6.2100,106.0800,1.799928
PHY_EDGE_ROW_34_Left_99,VPWR,li1,6.2100,106.0800,1.799928
PHY_EDGE_ROW_33_Left_98,VPWR,li1,6.2100,100.6400,1.799852
PHY_EDGE_ROW_32_Left_97,VPWR,li1,6.2100,100.6400,1.799852
PHY_EDGE_ROW_31_Left_96,VPWR,li1,6.2100,95.2000,1.799864
PHY_EDGE_ROW_30_Left_95,VPWR,li1,6.2100,95.2000,1.799864
PHY_EDGE_ROW_29_Left_94,VPWR,li1,6.2100,89.7600,1.799892
PHY_EDGE_ROW_28_Left_93,VPWR,li1,6.2100,89.7600,1.799892
PHY_EDGE_ROW_27_Left_92,VPWR,li1,6.2100,84.3200,1.799874
PHY_EDGE_ROW_26_Left_91,VPWR,li1,6.2100,84.3200,1.799874
PHY_EDGE_ROW_25_Left_90,VPWR,li1,6.2100,78.8800,1.799874
PHY_EDGE_ROW_24_Left_89,VPWR,li1,6.2100,78.8800,1.799874
PHY_EDGE_ROW_23_Left_88,VPWR,li1,6.2100,73.4400,1.799855
PHY_EDGE_ROW_22_Left_87,VPWR,li1,6.2100,73.4400,1.799855
PHY_EDGE_ROW_21_Left_86,VPWR,li1,6.2100,68.0000,1.799896
PHY_EDGE_ROW_20_Left_85,VPWR,li1,6.2100,68.0000,1.799896
PHY_EDGE_ROW_19_Left_84,VPWR,li1,6.2100,62.5600,1.799879
PHY_EDGE_ROW_18_Left_83,VPWR,li1,6.2100,62.5600,1.799879
PHY_EDGE_ROW_17_Left_82,VPWR,li1,6.2100,57.1200,1.799896
PHY_EDGE_ROW_16_Left_81,VPWR,li1,6.2100,57.1200,1.799896
PHY_EDGE_ROW_15_Left_80,VPWR,li1,6.2100,51.6800,1.799897
PHY_EDGE_ROW_14_Left_79,VPWR,li1,6.2100,51.6800,1.799897
PHY_EDGE_ROW_13_Left_78,VPWR,li1,6.2100,46.2400,1.799907
PHY_EDGE_ROW_12_Left_77,VPWR,li1,6.2100,46.2400,1.799907
PHY_EDGE_ROW_11_Left_76,VPWR,li1,6.2100,40.8000,1.799879
PHY_EDGE_ROW_10_Left_75,VPWR,li1,6.2100,40.8000,1.799879
PHY_EDGE_ROW_9_Left_74,VPWR,li1,6.2100,35.3600,1.799907
PHY_EDGE_ROW_8_Left_73,VPWR,li1,6.2100,35.3600,1.799907
PHY_EDGE_ROW_7_Left_72,VPWR,li1,6.2100,29.9200,1.799929
PHY_EDGE_ROW_6_Left_71,VPWR,li1,6.2100,29.9200,1.799929
PHY_EDGE_ROW_5_Left_70,VPWR,li1,6.2100,24.4800,1.799932
PHY_EDGE_ROW_4_Left_69,VPWR,li1,6.2100,24.4800,1.799932
PHY_EDGE_ROW_3_Left_68,VPWR,li1,6.2100,19.0400,1.799927
PHY_EDGE_ROW_2_Left_67,VPWR,li1,6.2100,19.0400,1.799927
PHY_EDGE_ROW_1_Left_66,VPWR,li1,6.2100,13.6000,1.799934
PHY_EDGE_ROW_0_Left_65,VPWR,li1,6.2100,13.6000,1.799934
PHY_EDGE_ROW_64_Right_64,VPWR,li1,153.4100,187.6800,1.799931
PHY_EDGE_ROW_63_Right_63,VPWR,li1,153.4100,182.2400,1.799463
PHY_EDGE_ROW_62_Right_62,VPWR,li1,153.4100,182.2400,1.799463
PHY_EDGE_ROW_61_Right_61,VPWR,li1,153.4100,176.8000,1.799384
PHY_EDGE_ROW_60_Right_60,VPWR,li1,153.4100,176.8000,1.799384
PHY_EDGE_ROW_59_Right_59,VPWR,li1,153.4100,171.3600,1.799180
PHY_EDGE_ROW_58_Right_58,VPWR,li1,153.4100,171.3600,1.799180
PHY_EDGE_ROW_57_Right_57,VPWR,li1,153.4100,165.9200,1.799406
PHY_EDGE_ROW_56_Right_56,VPWR,li1,153.4100,165.9200,1.799406
PHY_EDGE_ROW_55_Right_55,VPWR,li1,153.4100,160.4800,1.798797
PHY_EDGE_ROW_54_Right_54,VPWR,li1,153.4100,160.4800,1.798797
PHY_EDGE_ROW_53_Right_53,VPWR,li1,153.4100,155.0400,1.799081
PHY_EDGE_ROW_52_Right_52,VPWR,li1,153.4100,155.0400,1.799081
PHY_EDGE_ROW_51_Right_51,VPWR,li1,153.4100,149.6000,1.798660
PHY_EDGE_ROW_50_Right_50,VPWR,li1,153.4100,149.6000,1.798660
PHY_EDGE_ROW_49_Right_49,VPWR,li1,153.4100,144.1600,1.798883
PHY_EDGE_ROW_48_Right_48,VPWR,li1,153.4100,144.1600,1.798883
PHY_EDGE_ROW_47_Right_47,VPWR,li1,153.4100,138.7200,1.799039
PHY_EDGE_ROW_46_Right_46,VPWR,li1,153.4100,138.7200,1.799039
PHY_EDGE_ROW_45_Right_45,VPWR,li1,153.4100,133.2800,1.798655
PHY_EDGE_ROW_44_Right_44,VPWR,li1,153.4100,133.2800,1.798655
PHY_EDGE_ROW_43_Right_43,VPWR,li1,153.4100,127.8400,1.798868
PHY_EDGE_ROW_42_Right_42,VPWR,li1,153.4100,127.8400,1.798868
PHY_EDGE_ROW_41_Right_41,VPWR,li1,153.4100,122.4000,1.798911
PHY_EDGE_ROW_40_Right_40,VPWR,li1,153.4100,122.4000,1.798911
PHY_EDGE_ROW_39_Right_39,VPWR,li1,153.4100,116.9600,1.798919
PHY_EDGE_ROW_38_Right_38,VPWR,li1,153.4100,116.9600,1.798919
PHY_EDGE_ROW_37_Right_37,VPWR,li1,153.4100,111.5200,1.798790
PHY_EDGE_ROW_36_Right_36,VPWR,li1,153.4100,111.5200,1.798790
PHY_EDGE_ROW_35_Right_35,VPWR,li1,153.4100,106.0800,1.799434
PHY_EDGE_ROW_34_Right_34,VPWR,li1,153.4100,106.0800,1.799434
PHY_EDGE_ROW_33_Right_33,VPWR,li1,153.4100,100.6400,1.798776
PHY_EDGE_ROW_32_Right_32,VPWR,li1,153.4100,100.6400,1.798776
PHY_EDGE_ROW_31_Right_31,VPWR,li1,153.4100,95.2000,1.798810
PHY_EDGE_ROW_30_Right_30,VPWR,li1,153.4100,95.2000,1.798810
PHY_EDGE_ROW_29_Right_29,VPWR,li1,153.4100,89.7600,1.799052
PHY_EDGE_ROW_28_Right_28,VPWR,li1,153.4100,89.7600,1.799052
PHY_EDGE_ROW_27_Right_27,VPWR,li1,153.4100,84.3200,1.798931
PHY_EDGE_ROW_26_Right_26,VPWR,li1,153.4100,84.3200,1.798931
PHY_EDGE_ROW_25_Right_25,VPWR,li1,153.4100,78.8800,1.798873
PHY_EDGE_ROW_24_Right_24,VPWR,li1,153.4100,78.8800,1.798873
PHY_EDGE_ROW_23_Right_23,VPWR,li1,153.4100,73.4400,1.798931
PHY_EDGE_ROW_22_Right_22,VPWR,li1,153.4100,73.4400,1.798931
PHY_EDGE_ROW_21_Right_21,VPWR,li1,153.4100,68.0000,1.799144
PHY_EDGE_ROW_20_Right_20,VPWR,li1,153.4100,68.0000,1.799144
PHY_EDGE_ROW_19_Right_19,VPWR,li1,153.4100,62.5600,1.799035
PHY_EDGE_ROW_18_Right_18,VPWR,li1,153.4100,62.5600,1.799035
PHY_EDGE_ROW_17_Right_17,VPWR,li1,153.4100,57.1200,1.799221
PHY_EDGE_ROW_16_Right_16,VPWR,li1,153.4100,57.1200,1.799221
PHY_EDGE_ROW_15_Right_15,VPWR,li1,153.4100,51.6800,1.799232
PHY_EDGE_ROW_14_Right_14,VPWR,li1,153.4100,51.6800,1.799232
PHY_EDGE_ROW_13_Right_13,VPWR,li1,153.4100,46.2400,1.799351
PHY_EDGE_ROW_12_Right_12,VPWR,li1,153.4100,46.2400,1.799351
PHY_EDGE_ROW_11_Right_11,VPWR,li1,153.4100,40.8000,1.799123
PHY_EDGE_ROW_10_Right_10,VPWR,li1,153.4100,40.8000,1.799123
PHY_EDGE_ROW_9_Right_9,VPWR,li1,153.4100,35.3600,1.799388
PHY_EDGE_ROW_8_Right_8,VPWR,li1,153.4100,35.3600,1.799388
PHY_EDGE_ROW_7_Right_7,VPWR,li1,153.4100,29.9200,1.799502
PHY_EDGE_ROW_6_Right_6,VPWR,li1,153.4100,29.9200,1.799502
PHY_EDGE_ROW_5_Right_5,VPWR,li1,153.4100,24.4800,1.799480
PHY_EDGE_ROW_4_Right_4,VPWR,li1,153.4100,24.4800,1.799480
PHY_EDGE_ROW_3_Right_3,VPWR,li1,153.4100,19.0400,1.799442
PHY_EDGE_ROW_2_Right_2,VPWR,li1,153.4100,19.0400,1.799442
PHY_EDGE_ROW_1_Right_1,VPWR,li1,153.4100,13.6000,1.799590
PHY_EDGE_ROW_0_Right_0,VPWR,li1,153.4100,13.6000,1.799590
_2708_,VPWR,li1,150.8800,40.8000,1.799123
_2707_,VPWR,li1,133.4000,182.2400,1.799464
_2706_,VPWR,li1,51.0600,13.6000,1.799804
_2703_,VPWR,li1,146.0500,106.0800,1.799434
_2702_,VPWR,li1,146.9700,13.6000,1.799590
_2701_,VPWR,li1,148.8100,19.0400,1.799442
_2700_,VPWR,li1,147.8900,35.3600,1.799388
_2699_,VPWR,li1,147.8900,46.2400,1.799351
_2698_,VPWR,li1,148.3500,62.5600,1.799035
_2697_,VPWR,li1,148.8100,73.4400,1.798931
_2696_,VPWR,li1,148.8100,84.3200,1.798931
_2695_,VPWR,li1,148.8100,100.6400,1.798776
_2694_,VPWR,li1,148.8100,111.5200,1.798790
_2693_,VPWR,li1,148.8100,122.4000,1.798911
_2692_,VPWR,li1,148.8100,144.1600,1.798883
_2691_,VPWR,li1,148.8100,155.0400,1.799081
_2690_,VPWR,li1,148.8100,171.3600,1.799180
_2689_,VPWR,li1,135.9300,182.2400,1.799463
_2688_,VPWR,li1,129.4900,155.0400,1.799098
_2687_,VPWR,li1,135.0100,116.9600,1.798932
_2686_,VPWR,li1,122.5900,111.5200,1.798834
_2685_,VPWR,li1,123.0500,13.6000,1.799609
_2684_,VPWR,li1,117.5300,29.9200,1.799534
_2683_,VPWR,li1,125.8100,40.8000,1.799154
_2682_,VPWR,li1,125.3500,51.6800,1.799257
_2681_,VPWR,li1,126.7300,62.5600,1.799061
_2680_,VPWR,li1,126.7300,73.4400,1.798958
_2679_,VPWR,li1,128.5700,84.3200,1.798948
_2678_,VPWR,li1,128.5700,95.2000,1.798835
_2677_,VPWR,li1,127.6500,100.6400,1.798811
_2676_,VPWR,li1,130.4100,122.4000,1.798921
_2675_,VPWR,li1,130.4100,133.2800,1.798687
_2674_,VPWR,li1,126.7300,144.1600,1.798900
_2673_,VPWR,li1,126.7300,149.6000,1.798670
_2672_,VPWR,li1,125.8100,171.3600,1.799193
_2671_,VPWR,li1,122.5900,165.9200,1.799418
_2670_,VPWR,li1,127.1900,111.5200,1.798821
_2669_,VPWR,li1,35.6500,35.3600,1.799804
_2668_,VPWR,li1,27.3700,29.9200,1.799910
_2667_,VPWR,li1,28.7500,24.4800,1.799893
_2666_,VPWR,li1,39.3300,29.9200,1.799838
_2665_,VPWR,li1,36.5700,24.4800,1.799852
_2664_,VPWR,li1,44.8500,35.3600,1.799739
_2663_,VPWR,li1,31.5100,51.6800,1.799813
_2662_,VPWR,li1,40.7100,51.6800,1.799744
_2661_,VPWR,li1,40.2500,62.5600,1.799686
_2660_,VPWR,li1,29.2100,57.1200,1.799833
_2659_,VPWR,li1,35.6500,62.5600,1.799743
_2658_,VPWR,li1,25.5300,95.2000,1.799821
_2657_,VPWR,li1,26.9100,89.7600,1.799839
_2656_,VPWR,li1,18.6300,106.0800,1.799929
_2655_,VPWR,li1,10.8100,111.5200,1.799858
_2654_,VPWR,li1,34.7300,46.2400,1.799814
_2653_,VPWR,li1,26.9100,35.3600,1.799860
_2652_,VPWR,li1,16.3300,35.3600,1.799909
_2651_,VPWR,li1,11.2700,29.9200,1.799929
_2650_,VPWR,li1,10.8100,19.0400,1.799928
_2649_,VPWR,li1,19.5500,13.6000,1.799937
_2648_,VPWR,li1,11.7300,13.6000,1.799934
_2647_,VPWR,li1,27.3700,13.6000,1.799909
_2646_,VPWR,li1,10.8100,35.3600,1.799907
_2645_,VPWR,li1,14.4900,46.2400,1.799907
_2644_,VPWR,li1,11.2700,62.5600,1.799879
_2643_,VPWR,li1,10.8100,51.6800,1.799897
_2642_,VPWR,li1,15.8700,57.1200,1.799897
_2641_,VPWR,li1,10.8100,73.4400,1.799855
_2640_,VPWR,li1,10.8100,84.3200,1.799874
_2639_,VPWR,li1,13.5700,95.2000,1.799864
_2638_,VPWR,li1,10.8100,100.6400,1.799852
_2637_,VPWR,li1,54.9700,19.0400,1.799745
_2636_,VPWR,li1,35.6500,13.6000,1.799871
_2635_,VPWR,li1,48.9900,29.9200,1.799785
_2634_,VPWR,li1,52.6700,13.6000,1.799804
_2633_,VPWR,li1,52.2100,19.0400,1.799759
_2632_,VPWR,li1,37.0300,57.1200,1.799767
_2631_,VPWR,li1,48.5300,40.8000,1.799617
_2630_,VPWR,li1,44.3900,40.8000,1.799658
_2629_,VPWR,li1,27.3700,57.1200,1.799850
_2628_,VPWR,li1,27.3700,68.0000,1.799839
_2627_,VPWR,li1,26.9100,68.0000,1.799839
_2626_,VPWR,li1,17.2500,84.3200,1.799876
_2625_,VPWR,li1,25.9900,73.4400,1.799816
_2624_,VPWR,li1,22.7700,84.3200,1.799880
_2623_,VPWR,li1,26.4500,78.8800,1.799806
_2622_,VPWR,li1,22.7700,100.6400,1.799828
_2621_,VPWR,li1,14.7200,111.5200,1.799860
_2620_,VPWR,li1,69.4600,35.3600,1.799598
_2619_,VPWR,li1,20.7000,89.7600,1.799894
_2618_,VPWR,li1,27.8300,89.7600,1.799820
_2617_,VPWR,li1,21.1600,89.7600,1.799894
_2616_,VPWR,li1,25.5300,84.3200,1.799840
_2615_,VPWR,li1,12.8800,106.0800,1.799928
_2614_,VPWR,li1,15.4100,106.0800,1.799929
_2613_,VPWR,li1,9.2000,111.5200,1.799858
_2612_,VPWR,li1,9.8900,106.0800,1.799928
_2611_,VPWR,li1,28.9800,40.8000,1.799815
_2610_,VPWR,li1,25.9900,40.8000,1.799835
_2609_,VPWR,li1,24.8400,35.3600,1.799877
_2608_,VPWR,li1,23.6900,40.8000,1.799861
_2607_,VPWR,li1,21.1600,46.2400,1.799910
_2606_,VPWR,li1,19.5500,51.6800,1.799901
_2605_,VPWR,li1,13.5700,89.7600,1.799893
_2604_,VPWR,li1,16.7900,29.9200,1.799931
_2603_,VPWR,li1,19.0900,24.4800,1.799934
_2602_,VPWR,li1,13.3400,40.8000,1.799880
_2601_,VPWR,li1,10.3500,40.8000,1.799880
_2600_,VPWR,li1,10.5800,24.4800,1.799932
_2599_,VPWR,li1,9.4300,29.9200,1.799929
_2598_,VPWR,li1,11.5000,19.0400,1.799929
_2597_,VPWR,li1,9.4300,24.4800,1.799932
_2596_,VPWR,li1,20.7000,19.0400,1.799933
_2595_,VPWR,li1,20.0100,13.6000,1.799937
_2594_,VPWR,li1,16.5600,13.6000,1.799936
_2593_,VPWR,li1,14.4900,19.0400,1.799930
_2592_,VPWR,li1,23.4600,13.6000,1.799929
_2591_,VPWR,li1,26.9100,19.0400,1.799902
_2590_,VPWR,li1,10.5800,35.3600,1.799907
_2589_,VPWR,li1,8.0500,40.8000,1.799879
_2588_,VPWR,li1,11.0400,46.2400,1.799907
_2587_,VPWR,li1,8.9700,46.2400,1.799907
_2586_,VPWR,li1,10.5800,62.5600,1.799879
_2585_,VPWR,li1,9.4300,57.1200,1.799896
_2584_,VPWR,li1,11.5000,51.6800,1.799897
_2583_,VPWR,li1,8.5100,51.6800,1.799897
_2582_,VPWR,li1,12.8800,57.1200,1.799897
_2581_,VPWR,li1,9.8900,57.1200,1.799896
_2580_,VPWR,li1,9.6600,68.0000,1.799896
_2579_,VPWR,li1,8.5100,73.4400,1.799855
_2578_,VPWR,li1,9.6600,78.8800,1.799874
_2577_,VPWR,li1,8.5100,84.3200,1.799874
_2576_,VPWR,li1,10.5800,95.2000,1.799864
_2575_,VPWR,li1,10.3500,89.7600,1.799892
_2574_,VPWR,li1,9.6600,100.6400,1.799852
_2573_,VPWR,li1,8.5100,95.2000,1.799864
_2572_,VPWR,li1,46.4600,19.0400,1.799795
_2571_,VPWR,li1,48.0700,19.0400,1.799781
_2570_,VPWR,li1,40.9400,19.0400,1.799821
_2569_,VPWR,li1,16.7900,62.5600,1.799882
_2568_,VPWR,li1,16.7900,78.8800,1.799875
_2567_,VPWR,li1,41.1700,13.6000,1.799852
_2566_,VPWR,li1,39.7900,13.6000,1.799852
_2564_,VPWR,li1,32.2000,19.0400,1.799870
_2563_,VPWR,li1,28.7500,13.6000,1.799909
_2562_,VPWR,li1,46.4600,29.9200,1.799798
_2561_,VPWR,li1,44.8500,24.4800,1.799814
_2560_,VPWR,li1,46.4600,13.6000,1.799827
_2559_,VPWR,li1,45.7700,13.6000,1.799827
_2558_,VPWR,li1,42.3200,19.0400,1.799821
_2557_,VPWR,li1,39.3300,19.0400,1.799836
_2556_,VPWR,li1,36.3400,19.0400,1.799847
_2555_,VPWR,li1,35.6500,19.0400,1.799858
_2554_,VPWR,li1,41.4000,35.3600,1.799755
_2553_,VPWR,li1,33.8100,40.8000,1.799753
_2552_,VPWR,li1,40.4800,46.2400,1.799779
_2551_,VPWR,li1,39.7900,46.2400,1.799779
_2550_,VPWR,li1,23.4600,62.5600,1.799855
_2549_,VPWR,li1,23.2300,62.5600,1.799855
_2548_,VPWR,li1,21.1600,68.0000,1.799898
_2547_,VPWR,li1,20.9300,68.0000,1.799898
_2546_,VPWR,li1,20.2400,62.5600,1.799883
_2545_,VPWR,li1,18.1700,68.0000,1.799897
_2544_,VPWR,li1,11.5000,84.3200,1.799874
_2543_,VPWR,li1,10.3500,89.7600,1.799892
_2542_,VPWR,li1,14.7200,73.4400,1.799856
_2541_,VPWR,li1,11.7300,73.4400,1.799855
_2539_,VPWR,li1,16.5600,84.3200,1.799876
_2538_,VPWR,li1,20.4700,78.8800,1.799876
_2535_,VPWR,li1,18.4000,73.4400,1.799857
_2534_,VPWR,li1,15.8700,68.0000,1.799896
_2533_,VPWR,li1,16.5600,100.6400,1.799855
_2532_,VPWR,li1,16.7900,100.6400,1.799855
_2528_,VPWR,li1,140.7600,106.0800,1.799437
_2527_,VPWR,li1,136.8500,106.0800,1.799439
_2525_,VPWR,li1,144.9000,13.6000,1.799590
_2524_,VPWR,li1,143.5200,24.4800,1.799480
_2523_,VPWR,li1,139.6100,29.9200,1.799503
_2521_,VPWR,li1,143.5200,19.0400,1.799443
_2520_,VPWR,li1,144.9000,24.4800,1.799480
_2519_,VPWR,li1,142.1400,29.9200,1.799502
_2518_,VPWR,li1,140.5300,35.3600,1.799390
_2517_,VPWR,li1,141.2200,29.9200,1.799503
_2515_,VPWR,li1,144.9000,40.8000,1.799123
_2514_,VPWR,li1,143.9800,40.8000,1.799123
_2513_,VPWR,li1,140.0700,40.8000,1.799124
_2512_,VPWR,li1,142.1400,40.8000,1.799123
_2510_,VPWR,li1,145.3600,51.6800,1.799232
_2509_,VPWR,li1,144.4400,51.6800,1.799232
_2508_,VPWR,li1,142.3700,51.6800,1.799233
_2506_,VPWR,li1,145.8200,68.0000,1.799144
_2505_,VPWR,li1,144.9000,62.5600,1.799036
_2504_,VPWR,li1,142.8300,68.0000,1.799144
_2502_,VPWR,li1,143.5200,73.4400,1.798932
_2501_,VPWR,li1,144.9000,73.4400,1.798932
_2500_,VPWR,li1,141.4500,73.4400,1.798933
_2498_,VPWR,li1,145.8200,84.3200,1.798932
_2497_,VPWR,li1,143.0600,84.3200,1.798933
_2496_,VPWR,li1,142.8300,78.8800,1.798873
_2494_,VPWR,li1,149.0400,100.6400,1.798776
_2493_,VPWR,li1,143.0600,100.6400,1.798778
_2492_,VPWR,li1,144.6700,95.2000,1.798810
_2491_,VPWR,li1,142.3700,95.2000,1.798812
_2489_,VPWR,li1,143.5200,111.5200,1.798792
_2488_,VPWR,li1,149.5000,116.9600,1.798919
_2487_,VPWR,li1,146.0500,116.9600,1.798919
_2486_,VPWR,li1,141.9100,116.9600,1.798920
_2485_,VPWR,li1,140.5300,122.4000,1.798913
_2483_,VPWR,li1,149.0400,127.8400,1.798868
_2482_,VPWR,li1,145.3600,127.8400,1.798868
_2481_,VPWR,li1,144.2100,127.8400,1.798868
_2480_,VPWR,li1,143.2900,133.2800,1.798655
_2479_,VPWR,li1,146.9700,127.8400,1.798868
_2478_,VPWR,li1,145.5900,133.2800,1.798655
_2476_,VPWR,li1,149.0400,149.6000,1.798660
_2475_,VPWR,li1,145.3600,149.6000,1.798660
_2474_,VPWR,li1,141.9100,144.1600,1.798886
_2473_,VPWR,li1,140.9900,144.1600,1.798886
_2472_,VPWR,li1,145.3600,138.7200,1.799039
_2470_,VPWR,li1,149.0400,160.4800,1.798797
_2469_,VPWR,li1,149.5000,160.4800,1.798797
_2468_,VPWR,li1,144.9000,155.0400,1.799083
_2467_,VPWR,li1,143.7500,155.0400,1.799083
_2466_,VPWR,li1,143.5200,160.4800,1.798797
_2465_,VPWR,li1,140.9900,155.0400,1.799084
_2463_,VPWR,li1,145.8200,176.8000,1.799384
_2462_,VPWR,li1,143.0600,171.3600,1.799182
_2461_,VPWR,li1,143.7500,171.3600,1.799182
_2460_,VPWR,li1,143.2900,176.8000,1.799384
_2459_,VPWR,li1,143.2900,165.9200,1.799406
_2455_,VPWR,li1,133.4000,176.8000,1.799385
_2454_,VPWR,li1,138.0000,171.3600,1.799184
_2453_,VPWR,li1,139.1500,165.9200,1.799407
_2452_,VPWR,li1,135.0100,171.3600,1.799186
_2450_,VPWR,li1,136.6200,106.0800,1.799439
_2449_,VPWR,li1,132.7100,35.3600,1.799394
_2448_,VPWR,li1,137.7700,35.3600,1.799391
_2446_,VPWR,li1,128.1100,155.0400,1.799098
_2445_,VPWR,li1,130.8700,155.0400,1.799095
_2444_,VPWR,li1,136.8500,155.0400,1.799088
_2442_,VPWR,li1,137.0800,29.9200,1.799506
_2441_,VPWR,li1,135.0100,29.9200,1.799508
_2440_,VPWR,li1,138.2300,19.0400,1.799447
_2439_,VPWR,li1,139.8400,57.1200,1.799221
_2438_,VPWR,li1,141.9100,78.8800,1.798873
_2437_,VPWR,li1,139.3800,73.4400,1.798935
_2436_,VPWR,li1,139.8400,57.1200,1.799221
_2435_,VPWR,li1,142.3700,19.0400,1.799444
_2434_,VPWR,li1,141.4500,19.0400,1.799444
_2433_,VPWR,li1,130.1800,29.9200,1.799514
_2432_,VPWR,li1,141.2200,84.3200,1.798934
_2431_,VPWR,li1,140.0700,89.7600,1.799056
_2430_,VPWR,li1,139.6100,89.7600,1.799056
_2429_,VPWR,li1,140.3000,127.8400,1.798870
_2428_,VPWR,li1,138.4600,155.0400,1.799088
_2427_,VPWR,li1,142.8300,149.6000,1.798660
_2426_,VPWR,li1,130.8700,171.3600,1.799189
_2425_,VPWR,li1,132.9400,171.3600,1.799187
_2424_,VPWR,li1,135.0100,155.0400,1.799090
_2423_,VPWR,li1,140.5300,127.8400,1.798870
_2422_,VPWR,li1,146.0500,89.7600,1.799052
_2421_,VPWR,li1,139.6100,62.5600,1.799037
_2420_,VPWR,li1,140.0700,68.0000,1.799146
_2419_,VPWR,li1,137.7700,51.6800,1.799235
_2418_,VPWR,li1,136.3900,57.1200,1.799222
_2417_,VPWR,li1,135.4700,35.3600,1.799393
_2416_,VPWR,li1,129.2600,24.4800,1.799485
_2415_,VPWR,li1,133.6300,29.9200,1.799511
_2414_,VPWR,li1,136.3900,13.6000,1.799594
_2413_,VPWR,li1,139.1500,19.0400,1.799447
_2412_,VPWR,li1,136.3900,19.0400,1.799449
_2411_,VPWR,li1,136.3900,40.8000,1.799127
_2410_,VPWR,li1,137.7700,46.2400,1.799354
_2409_,VPWR,li1,137.7700,40.8000,1.799127
_2408_,VPWR,li1,136.3900,51.6800,1.799235
_2407_,VPWR,li1,135.9300,46.2400,1.799355
_2406_,VPWR,li1,133.1700,46.2400,1.799357
_2405_,VPWR,li1,138.0000,62.5600,1.799041
_2404_,VPWR,li1,137.7700,68.0000,1.799147
_2403_,VPWR,li1,132.7100,68.0000,1.799153
_2402_,VPWR,li1,139.1500,78.8800,1.798878
_2401_,VPWR,li1,136.8500,73.4400,1.798937
_2400_,VPWR,li1,135.4700,73.4400,1.798942
_2399_,VPWR,li1,140.0700,84.3200,1.798934
_2398_,VPWR,li1,140.5300,95.2000,1.798815
_2397_,VPWR,li1,143.7500,89.7600,1.799053
_2396_,VPWR,li1,136.8500,116.9600,1.798927
_2395_,VPWR,li1,140.0700,133.2800,1.798659
_2394_,VPWR,li1,137.3100,127.8400,1.798873
_2393_,VPWR,li1,142.3700,138.7200,1.799041
_2392_,VPWR,li1,140.3000,160.4800,1.798800
_2391_,VPWR,li1,140.3000,149.6000,1.798661
_2390_,VPWR,li1,136.3900,165.9200,1.799408
_2389_,VPWR,li1,139.1500,171.3600,1.799184
_2388_,VPWR,li1,135.9300,176.8000,1.799385
_2387_,VPWR,li1,128.1100,171.3600,1.799191
_2386_,VPWR,li1,126.2700,165.9200,1.799414
_2385_,VPWR,li1,143.7500,160.4800,1.798797
_2384_,VPWR,li1,140.9900,160.4800,1.798799
_2383_,VPWR,li1,140.9900,165.9200,1.799407
_2382_,VPWR,li1,132.2500,165.9200,1.799410
_2381_,VPWR,li1,141.9100,149.6000,1.798660
_2380_,VPWR,li1,140.0700,149.6000,1.798661
_2379_,VPWR,li1,134.5500,149.6000,1.798664
_2378_,VPWR,li1,140.5300,138.7200,1.799042
_2377_,VPWR,li1,137.7700,138.7200,1.799045
_2376_,VPWR,li1,132.2500,138.7200,1.799052
_2375_,VPWR,li1,132.2500,144.1600,1.798893
_2374_,VPWR,li1,134.0900,138.7200,1.799049
_2373_,VPWR,li1,140.5300,122.4000,1.798913
_2372_,VPWR,li1,137.0800,122.4000,1.798915
_2371_,VPWR,li1,130.8700,127.8400,1.798880
_2370_,VPWR,li1,141.9100,116.9600,1.798920
_2369_,VPWR,li1,137.7700,100.6400,1.798788
_2368_,VPWR,li1,132.9400,100.6400,1.798799
_2367_,VPWR,li1,142.3700,89.7600,1.799054
_2366_,VPWR,li1,135.4700,95.2000,1.798822
_2365_,VPWR,li1,132.7100,89.7600,1.799064
_2364_,VPWR,li1,140.0700,78.8800,1.798875
_2363_,VPWR,li1,137.7700,78.8800,1.798878
_2362_,VPWR,li1,137.7700,84.3200,1.798936
_2361_,VPWR,li1,135.4700,84.3200,1.798938
_2360_,VPWR,li1,132.0200,78.8800,1.798888
_2359_,VPWR,li1,138.0000,73.4400,1.798937
_2358_,VPWR,li1,131.3300,73.4400,1.798946
_2357_,VPWR,li1,130.8700,78.8800,1.798892
_2356_,VPWR,li1,135.2400,68.0000,1.799150
_2355_,VPWR,li1,131.7900,62.5600,1.799047
_2354_,VPWR,li1,132.0200,62.5600,1.799047
_2353_,VPWR,li1,133.1700,51.6800,1.799240
_2352_,VPWR,li1,130.8700,51.6800,1.799245
_2351_,VPWR,li1,129.2600,46.2400,1.799362
_2350_,VPWR,li1,131.3300,40.8000,1.799137
_2349_,VPWR,li1,129.4900,46.2400,1.799362
_2348_,VPWR,li1,140.0700,24.4800,1.799480
_2347_,VPWR,li1,131.7900,24.4800,1.799480
_2346_,VPWR,li1,132.4800,24.4800,1.799480
_2345_,VPWR,li1,133.1700,13.6000,1.799595
_2344_,VPWR,li1,139.1500,13.6000,1.799592
_2343_,VPWR,li1,136.6200,13.6000,1.799594
_2342_,VPWR,li1,131.7900,19.0400,1.799458
_2341_,VPWR,li1,125.8100,24.4800,1.799488
_2340_,VPWR,li1,131.1000,40.8000,1.799137
_2339_,VPWR,li1,129.4900,57.1200,1.799223
_2338_,VPWR,li1,126.9600,73.4400,1.798958
_2337_,VPWR,li1,132.4800,95.2000,1.798826
_2336_,VPWR,li1,133.1700,127.8400,1.798877
_2335_,VPWR,li1,131.1000,144.1600,1.798893
_2334_,VPWR,li1,128.3400,165.9200,1.799412
_2333_,VPWR,li1,132.4800,160.4800,1.798808
_2332_,VPWR,li1,131.7900,160.4800,1.798808
_2330_,VPWR,li1,132.7100,106.0800,1.799442
_2329_,VPWR,li1,132.2500,111.5200,1.798811
_2328_,VPWR,li1,132.4800,111.5200,1.798811
_2327_,VPWR,li1,133.6300,106.0800,1.799442
_2326_,VPWR,li1,117.9900,46.2400,1.799390
_2325_,VPWR,li1,121.2100,46.2400,1.799381
_2323_,VPWR,li1,130.4100,116.9600,1.798943
_2322_,VPWR,li1,115.4600,40.8000,1.799198
_2321_,VPWR,li1,112.9300,40.8000,1.799208
_2320_,VPWR,li1,119.8300,19.0400,1.799489
_2319_,VPWR,li1,121.2100,19.0400,1.799489
_2318_,VPWR,li1,117.5300,19.0400,1.799497
_2317_,VPWR,li1,116.1500,13.6000,1.799618
_2316_,VPWR,li1,112.0100,13.6000,1.799628
_2315_,VPWR,li1,73.8300,13.6000,1.799727
_2314_,VPWR,li1,74.7500,13.6000,1.799727
_2313_,VPWR,li1,69.6900,13.6000,1.799744
_2312_,VPWR,li1,106.9500,19.0400,1.799529
_2311_,VPWR,li1,106.0300,13.6000,1.799640
_2310_,VPWR,li1,116.1500,13.6000,1.799618
_2309_,VPWR,li1,114.3100,24.4800,1.799516
_2308_,VPWR,li1,125.1200,19.0400,1.799480
_2307_,VPWR,li1,119.1400,29.9200,1.799534
_2306_,VPWR,li1,117.5300,24.4800,1.799506
_2305_,VPWR,li1,123.9700,35.3600,1.799404
_2304_,VPWR,li1,118.2200,35.3600,1.799415
_2303_,VPWR,li1,116.6100,24.4800,1.799506
_2302_,VPWR,li1,113.3900,19.0400,1.799508
_2301_,VPWR,li1,99.8200,19.0400,1.799552
_2300_,VPWR,li1,105.1100,19.0400,1.799535
_2299_,VPWR,li1,105.5700,13.6000,1.799640
_2298_,VPWR,li1,90.8500,13.6000,1.799681
_2297_,VPWR,li1,101.2000,13.6000,1.799654
_2296_,VPWR,li1,97.7500,13.6000,1.799659
_2295_,VPWR,li1,97.7500,13.6000,1.799659
_2294_,VPWR,li1,81.6500,19.0400,1.799627
_2293_,VPWR,li1,79.8100,13.6000,1.799709
_2292_,VPWR,li1,80.9600,13.6000,1.799709
_2291_,VPWR,li1,77.5100,19.0400,1.799643
_2290_,VPWR,li1,72.2200,19.0400,1.799665
_2289_,VPWR,li1,113.1600,29.9200,1.799547
_2288_,VPWR,li1,122.8200,24.4800,1.799496
_2287_,VPWR,li1,123.5100,35.3600,1.799404
_2286_,VPWR,li1,119.3700,35.3600,1.799410
_2285_,VPWR,li1,119.3700,40.8000,1.799179
_2284_,VPWR,li1,120.9800,40.8000,1.799179
_2283_,VPWR,li1,112.9300,46.2400,1.799400
_2282_,VPWR,li1,114.7700,35.3600,1.799422
_2281_,VPWR,li1,112.4700,35.3600,1.799428
_2280_,VPWR,li1,114.7700,35.3600,1.799422
_2279_,VPWR,li1,111.0900,24.4800,1.799521
_2278_,VPWR,li1,110.6300,24.4800,1.799527
_2277_,VPWR,li1,109.2500,29.9200,1.799556
_2276_,VPWR,li1,105.5700,24.4800,1.799541
_2275_,VPWR,li1,100.5100,19.0400,1.799552
_2274_,VPWR,li1,96.3700,19.0400,1.799565
_2273_,VPWR,li1,96.8300,19.0400,1.799565
_2272_,VPWR,li1,92.6900,13.6000,1.799672
_2271_,VPWR,li1,90.8500,19.0400,1.799588
_2270_,VPWR,li1,87.6300,13.6000,1.799690
_2269_,VPWR,li1,88.5500,19.0400,1.799596
_2268_,VPWR,li1,86.2500,13.6000,1.799690
_2267_,VPWR,li1,64.4000,13.6000,1.799758
_2266_,VPWR,li1,62.3300,13.6000,1.799765
_2265_,VPWR,li1,72.6800,19.0400,1.799665
_2264_,VPWR,li1,84.6400,19.0400,1.799619
_2263_,VPWR,li1,91.3100,24.4800,1.799599
_2262_,VPWR,li1,105.1100,24.4800,1.799541
_2261_,VPWR,li1,105.5700,29.9200,1.799562
_2260_,VPWR,li1,103.2700,29.9200,1.799568
_2259_,VPWR,li1,127.1900,40.8000,1.799154
_2258_,VPWR,li1,124.8900,51.6800,1.799257
_2257_,VPWR,li1,119.3700,57.1200,1.799235
_2256_,VPWR,li1,117.0700,62.5600,1.799094
_2255_,VPWR,li1,116.6100,57.1200,1.799240
_2254_,VPWR,li1,117.0700,46.2400,1.799390
_2253_,VPWR,li1,119.6000,51.6800,1.799273
_2252_,VPWR,li1,115.6900,51.6800,1.799291
_2251_,VPWR,li1,113.3900,46.2400,1.799400
_2250_,VPWR,li1,112.0100,40.8000,1.799217
_2249_,VPWR,li1,109.0200,40.8000,1.799229
_2248_,VPWR,li1,106.9500,35.3600,1.799440
_2247_,VPWR,li1,106.4900,35.3600,1.799440
_2246_,VPWR,li1,93.6100,29.9200,1.799598
_2245_,VPWR,li1,90.8500,35.3600,1.799499
_2244_,VPWR,li1,103.7300,29.9200,1.799568
_2243_,VPWR,li1,99.5900,24.4800,1.799566
_2242_,VPWR,li1,93.1500,24.4800,1.799585
_2241_,VPWR,li1,89.9300,29.9200,1.799611
_2240_,VPWR,li1,85.3300,24.4800,1.799624
_2239_,VPWR,li1,87.8600,24.4800,1.799607
_2238_,VPWR,li1,83.9500,24.4800,1.799624
_2237_,VPWR,li1,77.9700,24.4800,1.799653
_2236_,VPWR,li1,68.0800,24.4800,1.799695
_2235_,VPWR,li1,73.1400,24.4800,1.799670
_2234_,VPWR,li1,81.4200,24.4800,1.799634
_2233_,VPWR,li1,99.1300,29.9200,1.799584
_2232_,VPWR,li1,104.6500,40.8000,1.799253
_2231_,VPWR,li1,127.1900,57.1200,1.799225
_2230_,VPWR,li1,123.5100,68.0000,1.799168
_2229_,VPWR,li1,124.8900,62.5600,1.799067
_2228_,VPWR,li1,121.2100,57.1200,1.799229
_2227_,VPWR,li1,118.4500,62.5600,1.799094
_2226_,VPWR,li1,113.8500,62.5600,1.799118
_2225_,VPWR,li1,117.5300,73.4400,1.798991
_2224_,VPWR,li1,118.6800,100.6400,1.798836
_2223_,VPWR,li1,113.8500,106.0800,1.799463
_2222_,VPWR,li1,117.7600,84.3200,1.798990
_2221_,VPWR,li1,115.4600,68.0000,1.799185
_2220_,VPWR,li1,113.8500,57.1200,1.799245
_2219_,VPWR,li1,111.0900,57.1200,1.799254
_2218_,VPWR,li1,111.0900,51.6800,1.799308
_2217_,VPWR,li1,108.5600,51.6800,1.799319
_2216_,VPWR,li1,106.2600,46.2400,1.799422
_2215_,VPWR,li1,105.5700,46.2400,1.799428
_2214_,VPWR,li1,104.1900,40.8000,1.799253
_2213_,VPWR,li1,89.0100,40.8000,1.799342
_2212_,VPWR,li1,84.8700,35.3600,1.799529
_2211_,VPWR,li1,103.7300,35.3600,1.799449
_2210_,VPWR,li1,101.2000,35.3600,1.799458
_2209_,VPWR,li1,100.5100,40.8000,1.799274
_2208_,VPWR,li1,99.1300,35.3600,1.799466
_2207_,VPWR,li1,94.9900,29.9200,1.799598
_2206_,VPWR,li1,90.8500,35.3600,1.799499
_2205_,VPWR,li1,82.5700,29.9200,1.799639
_2204_,VPWR,li1,76.5900,29.9200,1.799669
_2203_,VPWR,li1,68.0800,29.9200,1.799701
_2202_,VPWR,li1,74.0600,24.4800,1.799670
_2201_,VPWR,li1,80.0400,40.8000,1.799400
_2200_,VPWR,li1,64.6300,29.9200,1.799713
_2199_,VPWR,li1,60.0300,24.4800,1.799731
_2198_,VPWR,li1,60.7200,29.9200,1.799730
_2197_,VPWR,li1,63.4800,24.4800,1.799719
_2196_,VPWR,li1,60.0300,24.4800,1.799731
_2195_,VPWR,li1,94.5300,40.8000,1.799312
_2194_,VPWR,li1,103.2700,51.6800,1.799341
_2193_,VPWR,li1,99.5900,46.2400,1.799446
_2192_,VPWR,li1,108.7900,57.1200,1.799263
_2191_,VPWR,li1,123.5100,68.0000,1.799168
_2190_,VPWR,li1,120.7500,73.4400,1.798979
_2189_,VPWR,li1,118.9100,73.4400,1.798991
_2188_,VPWR,li1,117.5300,78.8800,1.798928
_2187_,VPWR,li1,115.6900,68.0000,1.799180
_2186_,VPWR,li1,112.4700,62.5600,1.799118
_2185_,VPWR,li1,112.4700,68.0000,1.799194
_2184_,VPWR,li1,108.7900,62.5600,1.799145
_2183_,VPWR,li1,103.2700,62.5600,1.799172
_2182_,VPWR,li1,100.2800,57.1200,1.799300
_2181_,VPWR,li1,103.7300,51.6800,1.799341
_2180_,VPWR,li1,80.7300,46.2400,1.799544
_2179_,VPWR,li1,99.5900,46.2400,1.799446
_2178_,VPWR,li1,93.8400,46.2400,1.799472
_2177_,VPWR,li1,90.8500,46.2400,1.799486
_2176_,VPWR,li1,88.5500,46.2400,1.799498
_2175_,VPWR,li1,95.9100,35.3600,1.799484
_2174_,VPWR,li1,90.3900,29.9200,1.799611
_2173_,VPWR,li1,86.4800,35.3600,1.799518
_2172_,VPWR,li1,86.2500,29.9200,1.799625
_2171_,VPWR,li1,67.3900,29.9200,1.799701
_2170_,VPWR,li1,62.5600,29.9200,1.799722
_2169_,VPWR,li1,89.0100,40.8000,1.799342
_2168_,VPWR,li1,84.4100,40.8000,1.799373
_2167_,VPWR,li1,79.8100,35.3600,1.799548
_2166_,VPWR,li1,76.5900,35.3600,1.799567
_2165_,VPWR,li1,72.2200,29.9200,1.799681
_2164_,VPWR,li1,74.0600,40.8000,1.799438
_2163_,VPWR,li1,56.3500,40.8000,1.799562
_2162_,VPWR,li1,80.0400,40.8000,1.799400
_2161_,VPWR,li1,107.4100,62.5600,1.799145
_2160_,VPWR,li1,126.7300,68.0000,1.799163
_2158_,VPWR,li1,123.5100,84.3200,1.798966
_2157_,VPWR,li1,125.8100,78.8800,1.798902
_2156_,VPWR,li1,124.4300,89.7600,1.799076
_2155_,VPWR,li1,129.0300,84.3200,1.798948
_2154_,VPWR,li1,118.9100,84.3200,1.798980
_2153_,VPWR,li1,116.6100,84.3200,1.798990
_2152_,VPWR,li1,114.7700,89.7600,1.799095
_2151_,VPWR,li1,113.6200,73.4400,1.799010
_2150_,VPWR,li1,111.0900,73.4400,1.799021
_2149_,VPWR,li1,111.0900,73.4400,1.799021
_2148_,VPWR,li1,108.3300,68.0000,1.799205
_2147_,VPWR,li1,101.8900,62.5600,1.799188
_2146_,VPWR,li1,100.5100,68.0000,1.799244
_2145_,VPWR,li1,97.2900,68.0000,1.799272
_2144_,VPWR,li1,104.6500,57.1200,1.799279
_2143_,VPWR,li1,84.4100,62.5600,1.799326
_2142_,VPWR,li1,101.8900,57.1200,1.799300
_2141_,VPWR,li1,94.5300,62.5600,1.799246
_2140_,VPWR,li1,96.3700,51.6800,1.799386
_2139_,VPWR,li1,88.5500,51.6800,1.799426
_2138_,VPWR,li1,83.4900,46.2400,1.799526
_2137_,VPWR,li1,77.5100,46.2400,1.799561
_2136_,VPWR,li1,75.6700,40.8000,1.799438
_2135_,VPWR,li1,71.7600,46.2400,1.799588
_2134_,VPWR,li1,72.6800,46.2400,1.799588
_2133_,VPWR,li1,60.9500,51.6800,1.799596
_2132_,VPWR,li1,55.2000,51.6800,1.799637
_2131_,VPWR,li1,84.4100,46.2400,1.799526
_2130_,VPWR,li1,92.2300,46.2400,1.799486
_2129_,VPWR,li1,60.9500,40.8000,1.799526
_2128_,VPWR,li1,60.4900,35.3600,1.799644
_2127_,VPWR,li1,57.5000,35.3600,1.799660
_2126_,VPWR,li1,55.8900,40.8000,1.799562
_2125_,VPWR,li1,52.2100,46.2400,1.799704
_2124_,VPWR,li1,49.6800,46.2400,1.799719
_2123_,VPWR,li1,49.9100,40.8000,1.799617
_2122_,VPWR,li1,49.9100,35.3600,1.799699
_2121_,VPWR,li1,124.8900,89.7600,1.799076
_2120_,VPWR,li1,117.9900,89.7600,1.799089
_2119_,VPWR,li1,117.0700,95.2000,1.798873
_2118_,VPWR,li1,117.5300,89.7600,1.799089
_2117_,VPWR,li1,112.0100,89.7600,1.799105
_2116_,VPWR,li1,111.5500,84.3200,1.799018
_2115_,VPWR,li1,113.8500,84.3200,1.799005
_2114_,VPWR,li1,119.3700,95.2000,1.798865
_2113_,VPWR,li1,112.4700,95.2000,1.798893
_2112_,VPWR,li1,112.9300,84.3200,1.799018
_2111_,VPWR,li1,109.7100,78.8800,1.798970
_2110_,VPWR,li1,107.1800,73.4400,1.799047
_2109_,VPWR,li1,107.4100,73.4400,1.799047
_2108_,VPWR,li1,102.8100,73.4400,1.799079
_2107_,VPWR,li1,100.0500,73.4400,1.799099
_2106_,VPWR,li1,104.6500,68.0000,1.799222
_2105_,VPWR,li1,85.3300,68.0000,1.799348
_2104_,VPWR,li1,101.4300,68.0000,1.799244
_2103_,VPWR,li1,93.8400,68.0000,1.799286
_2102_,VPWR,li1,92.6900,73.4400,1.799161
_2101_,VPWR,li1,95.9100,57.1200,1.799331
_2100_,VPWR,li1,89.4700,57.1200,1.799369
_2099_,VPWR,li1,85.7900,57.1200,1.799398
_2098_,VPWR,li1,82.5700,51.6800,1.799459
_2097_,VPWR,li1,77.0500,51.6800,1.799501
_2096_,VPWR,li1,73.1400,51.6800,1.799516
_2095_,VPWR,li1,77.2800,57.1200,1.799455
_2094_,VPWR,li1,67.6200,57.1200,1.799526
_2093_,VPWR,li1,61.8700,51.6800,1.799596
_2092_,VPWR,li1,85.3300,57.1200,1.799398
_2091_,VPWR,li1,97.2900,57.1200,1.799317
_2090_,VPWR,li1,92.6900,57.1200,1.799346
_2089_,VPWR,li1,93.1500,62.5600,1.799246
_2088_,VPWR,li1,66.9300,51.6800,1.799563
_2087_,VPWR,li1,64.1700,46.2400,1.799634
_2086_,VPWR,li1,61.6400,46.2400,1.799654
_2085_,VPWR,li1,54.9700,51.6800,1.799637
_2084_,VPWR,li1,51.7500,62.5600,1.799584
_2083_,VPWR,li1,51.2900,57.1200,1.799652
_2082_,VPWR,li1,106.9500,84.3200,1.799057
_2081_,VPWR,li1,127.6500,89.7600,1.799073
_2079_,VPWR,li1,123.5100,95.2000,1.798850
_2078_,VPWR,li1,123.9700,95.2000,1.798850
_2077_,VPWR,li1,119.8300,100.6400,1.798829
_2076_,VPWR,li1,119.1400,95.2000,1.798865
_2075_,VPWR,li1,117.7600,106.0800,1.799455
_2074_,VPWR,li1,114.7700,106.0800,1.799459
_2073_,VPWR,li1,115.9200,111.5200,1.798848
_2072_,VPWR,li1,118.6800,122.4000,1.798941
_2071_,VPWR,li1,119.3700,122.4000,1.798941
_2070_,VPWR,li1,116.1500,122.4000,1.798950
_2069_,VPWR,li1,113.3900,95.2000,1.798893
_2068_,VPWR,li1,112.0100,89.7600,1.799105
_2067_,VPWR,li1,104.6500,78.8800,1.798999
_2066_,VPWR,li1,100.9700,78.8800,1.799027
_2065_,VPWR,li1,94.9900,73.4400,1.799143
_2064_,VPWR,li1,78.8900,78.8800,1.799225
_2063_,VPWR,li1,99.1300,73.4400,1.799117
_2062_,VPWR,li1,90.3900,68.0000,1.799314
_2061_,VPWR,li1,86.2500,68.0000,1.799348
_2060_,VPWR,li1,86.2500,62.5600,1.799300
_2059_,VPWR,li1,77.5100,57.1200,1.799455
_2058_,VPWR,li1,72.6800,57.1200,1.799491
_2057_,VPWR,li1,78.2000,62.5600,1.799364
_2056_,VPWR,li1,66.4700,68.0000,1.799494
_2055_,VPWR,li1,63.9400,73.4400,1.799417
_2054_,VPWR,li1,86.2500,73.4400,1.799215
_2053_,VPWR,li1,96.3700,68.0000,1.799272
_2052_,VPWR,li1,71.9900,68.0000,1.799450
_2051_,VPWR,li1,70.1500,51.6800,1.799535
_2050_,VPWR,li1,66.9300,46.2400,1.799615
_2049_,VPWR,li1,63.9400,40.8000,1.799506
_2048_,VPWR,li1,62.7900,57.1200,1.799563
_2047_,VPWR,li1,57.7300,62.5600,1.799541
_2046_,VPWR,li1,54.9700,57.1200,1.799629
_2045_,VPWR,li1,46.2300,57.1200,1.799692
_2044_,VPWR,li1,46.6900,57.1200,1.799692
_2043_,VPWR,li1,43.0100,57.1200,1.799718
_2042_,VPWR,li1,87.6300,78.8800,1.799144
_2041_,VPWR,li1,103.7300,84.3200,1.799075
_2040_,VPWR,li1,110.1700,100.6400,1.798859
_2039_,VPWR,li1,123.5100,127.8400,1.798892
_2038_,VPWR,li1,124.4300,122.4000,1.798931
_2037_,VPWR,li1,126.2700,127.8400,1.798886
_2036_,VPWR,li1,125.8100,122.4000,1.798927
_2035_,VPWR,li1,115.6900,111.5200,1.798848
_2034_,VPWR,li1,111.0900,100.6400,1.798859
_2033_,VPWR,li1,106.0300,89.7600,1.799128
_2032_,VPWR,li1,104.1900,89.7600,1.799148
_2031_,VPWR,li1,100.2800,89.7600,1.799164
_2030_,VPWR,li1,99.5900,84.3200,1.799109
_2029_,VPWR,li1,98.6700,78.8800,1.799054
_2028_,VPWR,li1,78.8900,78.8800,1.799225
_2027_,VPWR,li1,72.4500,78.8800,1.799289
_2026_,VPWR,li1,41.1700,78.8800,1.799640
_2025_,VPWR,li1,73.8300,73.4400,1.799324
_2024_,VPWR,li1,69.2300,68.0000,1.799475
_2023_,VPWR,li1,65.0900,62.5600,1.799483
_2022_,VPWR,li1,60.2600,57.1200,1.799582
_2021_,VPWR,li1,63.2500,68.0000,1.799522
_2020_,VPWR,li1,59.5700,73.4400,1.799459
_2019_,VPWR,li1,57.7300,68.0000,1.799578
_2018_,VPWR,li1,51.7500,73.4400,1.799550
_2017_,VPWR,li1,49.9100,68.0000,1.799634
_2016_,VPWR,li1,73.8300,68.0000,1.799435
_2015_,VPWR,li1,41.4000,73.4400,1.799637
_2014_,VPWR,li1,42.5500,68.0000,1.799708
_2013_,VPWR,li1,92.6900,78.8800,1.799098
_2012_,VPWR,li1,89.0100,78.8800,1.799144
_2011_,VPWR,li1,86.2500,73.4400,1.799215
_2010_,VPWR,li1,79.3500,68.0000,1.799404
_2009_,VPWR,li1,74.5200,62.5600,1.799403
_2008_,VPWR,li1,80.0400,73.4400,1.799283
_2007_,VPWR,li1,67.3900,78.8800,1.799342
_2006_,VPWR,li1,63.9400,73.4400,1.799417
_2005_,VPWR,li1,89.0100,84.3200,1.799203
_2004_,VPWR,li1,100.5100,84.3200,1.799109
_2003_,VPWR,li1,94.5300,84.3200,1.799165
_2002_,VPWR,li1,87.6300,89.7600,1.799261
_2001_,VPWR,li1,105.1100,100.6400,1.798884
_2000_,VPWR,li1,102.8100,95.2000,1.798962
_1999_,VPWR,li1,110.6300,106.0800,1.799467
_1998_,VPWR,li1,115.6900,116.9600,1.798983
_1996_,VPWR,li1,131.5600,133.2800,1.798687
_1995_,VPWR,li1,128.1100,133.2800,1.798697
_1994_,VPWR,li1,125.3500,127.8400,1.798886
_1993_,VPWR,li1,123.9700,133.2800,1.798716
_1992_,VPWR,li1,117.9900,116.9600,1.798967
_1991_,VPWR,li1,111.0900,111.5200,1.798871
_1990_,VPWR,li1,107.4100,106.0800,1.799476
_1989_,VPWR,li1,105.1100,100.6400,1.798884
_1988_,VPWR,li1,98.2100,95.2000,1.798992
_1987_,VPWR,li1,94.5300,100.6400,1.798974
_1986_,VPWR,li1,100.0500,89.7600,1.799164
_1985_,VPWR,li1,95.9100,84.3200,1.799140
_1984_,VPWR,li1,72.4500,84.3200,1.799358
_1983_,VPWR,li1,73.8300,78.8800,1.799289
_1982_,VPWR,li1,45.3100,78.8800,1.799585
_1981_,VPWR,li1,40.7100,84.3200,1.799683
_1980_,VPWR,li1,42.0900,73.4400,1.799637
_1979_,VPWR,li1,39.3300,73.4400,1.799658
_1978_,VPWR,li1,38.8700,78.8800,1.799661
_1977_,VPWR,li1,37.9500,73.4400,1.799689
_1976_,VPWR,li1,34.2700,68.0000,1.799775
_1975_,VPWR,li1,37.9500,68.0000,1.799741
_1974_,VPWR,li1,36.3400,78.8800,1.799704
_1973_,VPWR,li1,70.1500,73.4400,1.799371
_1972_,VPWR,li1,66.9300,62.5600,1.799456
_1971_,VPWR,li1,63.9400,57.1200,1.799563
_1970_,VPWR,li1,64.6300,78.8800,1.799372
_1969_,VPWR,li1,58.6500,78.8800,1.799452
_1968_,VPWR,li1,59.5700,73.4400,1.799459
_1967_,VPWR,li1,52.6700,78.8800,1.799508
_1966_,VPWR,li1,52.2100,78.8800,1.799508
_1965_,VPWR,li1,92.6900,89.7600,1.799220
_1964_,VPWR,li1,89.0100,89.7600,1.799261
_1963_,VPWR,li1,87.1700,84.3200,1.799229
_1962_,VPWR,li1,82.5700,84.3200,1.799263
_1961_,VPWR,li1,77.7400,84.3200,1.799317
_1960_,VPWR,li1,80.5000,84.3200,1.799289
_1959_,VPWR,li1,66.4700,89.7600,1.799446
_1958_,VPWR,li1,63.0200,84.3200,1.799451
_1957_,VPWR,li1,88.0900,95.2000,1.799099
_1956_,VPWR,li1,105.5700,106.0800,1.799483
_1955_,VPWR,li1,104.4200,111.5200,1.798920
_1954_,VPWR,li1,112.4700,116.9600,1.798994
_1953_,VPWR,li1,120.7500,127.8400,1.798903
_1951_,VPWR,li1,123.5100,144.1600,1.798904
_1950_,VPWR,li1,124.4300,138.7200,1.799069
_1949_,VPWR,li1,129.0300,138.7200,1.799059
_1948_,VPWR,li1,124.4300,133.2800,1.798716
_1947_,VPWR,li1,115.6900,133.2800,1.798772
_1946_,VPWR,li1,121.9000,133.2800,1.798731
_1945_,VPWR,li1,118.6800,138.7200,1.799083
_1944_,VPWR,li1,117.7600,127.8400,1.798910
_1943_,VPWR,li1,115.2300,127.8400,1.798932
_1942_,VPWR,li1,112.9300,127.8400,1.798946
_1941_,VPWR,li1,112.0100,116.9600,1.798994
_1940_,VPWR,li1,107.8700,116.9600,1.799025
_1939_,VPWR,li1,105.1100,111.5200,1.798920
_1938_,VPWR,li1,98.6700,106.0800,1.799516
_1937_,VPWR,li1,94.5300,111.5200,1.799012
_1936_,VPWR,li1,100.5100,100.6400,1.798924
_1935_,VPWR,li1,99.1300,100.6400,1.798924
_1934_,VPWR,li1,75.2100,100.6400,1.799145
_1933_,VPWR,li1,47.1500,100.6400,1.799502
_1932_,VPWR,li1,74.2900,89.7600,1.799374
_1931_,VPWR,li1,71.9900,89.7600,1.799405
_1930_,VPWR,li1,47.1500,84.3200,1.799611
_1929_,VPWR,li1,46.4600,84.3200,1.799635
_1928_,VPWR,li1,40.2500,84.3200,1.799683
_1927_,VPWR,li1,36.1100,84.3200,1.799744
_1926_,VPWR,li1,35.6500,95.2000,1.799706
_1925_,VPWR,li1,29.9000,84.3200,1.799798
_1924_,VPWR,li1,31.7400,84.3200,1.799776
_1923_,VPWR,li1,69.6900,84.3200,1.799385
_1922_,VPWR,li1,66.4700,89.7600,1.799446
_1921_,VPWR,li1,62.1000,100.6400,1.799310
_1920_,VPWR,li1,63.2500,84.3200,1.799451
_1919_,VPWR,li1,59.1100,89.7600,1.799524
_1918_,VPWR,li1,54.0500,89.7600,1.799563
_1917_,VPWR,li1,53.1300,84.3200,1.799555
_1916_,VPWR,li1,52.6700,84.3200,1.799555
_1915_,VPWR,li1,93.1500,100.6400,1.798974
_1914_,VPWR,li1,89.4700,100.6400,1.799002
_1913_,VPWR,li1,88.7800,95.2000,1.799077
_1912_,VPWR,li1,84.4100,89.7600,1.799299
_1911_,VPWR,li1,84.8700,95.2000,1.799119
_1910_,VPWR,li1,79.8100,89.7600,1.799330
_1909_,VPWR,li1,76.8200,84.3200,1.799317
_1908_,VPWR,li1,78.2000,95.2000,1.799191
_1907_,VPWR,li1,66.4700,95.2000,1.799325
_1906_,VPWR,li1,88.0900,106.0800,1.799568
_1905_,VPWR,li1,106.0300,122.4000,1.799001
_1904_,VPWR,li1,103.7300,116.9600,1.799060
_1903_,VPWR,li1,121.6700,149.6000,1.798678
_1902_,VPWR,li1,123.7400,149.6000,1.798674
_1901_,VPWR,li1,117.9900,144.1600,1.798916
_1900_,VPWR,li1,120.7500,144.1600,1.798910
_1899_,VPWR,li1,116.6100,149.6000,1.798686
_1898_,VPWR,li1,114.7700,144.1600,1.798929
_1897_,VPWR,li1,117.0700,138.7200,1.799083
_1896_,VPWR,li1,114.3100,133.2800,1.798772
_1895_,VPWR,li1,113.6200,127.8400,1.798932
_1894_,VPWR,li1,109.7100,127.8400,1.798960
_1893_,VPWR,li1,111.0900,122.4000,1.798972
_1892_,VPWR,li1,105.1100,122.4000,1.799013
_1891_,VPWR,li1,98.6700,116.9600,1.799105
_1890_,VPWR,li1,94.5300,122.4000,1.799108
_1889_,VPWR,li1,100.0500,111.5200,1.798966
_1888_,VPWR,li1,99.1300,111.5200,1.798966
_1887_,VPWR,li1,77.5100,111.5200,1.799190
_1886_,VPWR,li1,50.8300,111.5200,1.799499
_1885_,VPWR,li1,77.0500,95.2000,1.799214
_1884_,VPWR,li1,51.2900,100.6400,1.799448
_1883_,VPWR,li1,48.9900,100.6400,1.799478
_1882_,VPWR,li1,33.1200,100.6400,1.799688
_1881_,VPWR,li1,48.9900,89.7600,1.799625
_1880_,VPWR,li1,45.7700,89.7600,1.799643
_1879_,VPWR,li1,46.4600,89.7600,1.799643
_1878_,VPWR,li1,42.0900,89.7600,1.799692
_1877_,VPWR,li1,37.0300,95.2000,1.799678
_1876_,VPWR,li1,33.3500,89.7600,1.799774
_1875_,VPWR,li1,33.8100,78.8800,1.799736
_1874_,VPWR,li1,32.8900,78.8800,1.799736
_1873_,VPWR,li1,30.1300,78.8800,1.799760
_1872_,VPWR,li1,31.0500,95.2000,1.799764
_1871_,VPWR,li1,71.0700,95.2000,1.799271
_1870_,VPWR,li1,66.9300,100.6400,1.799248
_1869_,VPWR,li1,64.8600,100.6400,1.799275
_1868_,VPWR,li1,68.7700,95.2000,1.799298
_1867_,VPWR,li1,62.3300,95.2000,1.799374
_1866_,VPWR,li1,64.8600,95.2000,1.799352
_1865_,VPWR,li1,60.4900,95.2000,1.799396
_1864_,VPWR,li1,57.7300,95.2000,1.799434
_1863_,VPWR,li1,52.6700,95.2000,1.799494
_1862_,VPWR,li1,52.2100,95.2000,1.799494
_1861_,VPWR,li1,92.6900,111.5200,1.799030
_1860_,VPWR,li1,89.4700,111.5200,1.799075
_1859_,VPWR,li1,89.2400,106.0800,1.799558
_1858_,VPWR,li1,87.6300,100.6400,1.799018
_1857_,VPWR,li1,85.3300,100.6400,1.799037
_1856_,VPWR,li1,83.0300,95.2000,1.799139
_1855_,VPWR,li1,79.1200,100.6400,1.799096
_1854_,VPWR,li1,80.9600,106.0800,1.799599
_1853_,VPWR,li1,72.4500,106.0800,1.799641
_1852_,VPWR,li1,88.5500,116.9600,1.799208
_1851_,VPWR,li1,110.6300,127.8400,1.798960
_1850_,VPWR,li1,105.1100,127.8400,1.798999
_1849_,VPWR,li1,130.4100,149.6000,1.798668
_1848_,VPWR,li1,122.5900,160.4800,1.798819
_1847_,VPWR,li1,123.9700,160.4800,1.798815
_1846_,VPWR,li1,117.5300,155.0400,1.799114
_1845_,VPWR,li1,115.4600,149.6000,1.798693
_1844_,VPWR,li1,115.2300,144.1600,1.798920
_1843_,VPWR,li1,110.8600,138.7200,1.799119
_1842_,VPWR,li1,110.6300,138.7200,1.799119
_1841_,VPWR,li1,109.2500,133.2800,1.798820
_1840_,VPWR,li1,104.6500,127.8400,1.798999
_1839_,VPWR,li1,101.4300,138.7200,1.799188
_1838_,VPWR,li1,96.3700,133.2800,1.798951
_1837_,VPWR,li1,100.5100,122.4000,1.799050
_1836_,VPWR,li1,99.1300,122.4000,1.799050
_1835_,VPWR,li1,71.9900,116.9600,1.799357
_1834_,VPWR,li1,78.8900,111.5200,1.799190
_1833_,VPWR,li1,51.7500,111.5200,1.799499
_1832_,VPWR,li1,41.6300,111.5200,1.799612
_1831_,VPWR,li1,34.0400,111.5200,1.799728
_1830_,VPWR,li1,48.0700,106.0800,1.799773
_1829_,VPWR,li1,44.3900,100.6400,1.799557
_1828_,VPWR,li1,40.4800,100.6400,1.799602
_1827_,VPWR,li1,31.9700,106.0800,1.799877
_1826_,VPWR,li1,26.9100,106.0800,1.799899
_1825_,VPWR,li1,28.2900,111.5200,1.799781
_1824_,VPWR,li1,74.7500,106.0800,1.799629
_1823_,VPWR,li1,68.7700,106.0800,1.799660
_1822_,VPWR,li1,66.2400,106.0800,1.799674
_1821_,VPWR,li1,68.7700,111.5200,1.799289
_1820_,VPWR,li1,61.8700,111.5200,1.799369
_1819_,VPWR,li1,62.1000,106.0800,1.799705
_1818_,VPWR,li1,60.4900,106.0800,1.799705
_1817_,VPWR,li1,58.1900,106.0800,1.799722
_1816_,VPWR,li1,54.0500,106.0800,1.799740
_1815_,VPWR,li1,54.0500,106.0800,1.799740
_1814_,VPWR,li1,93.6100,116.9600,1.799165
_1813_,VPWR,li1,89.4700,122.4000,1.799149
_1812_,VPWR,li1,88.3200,111.5200,1.799075
_1811_,VPWR,li1,87.6300,116.9600,1.799208
_1810_,VPWR,li1,85.7900,111.5200,1.799102
_1809_,VPWR,li1,83.0300,111.5200,1.799138
_1808_,VPWR,li1,79.1200,106.0800,1.799608
_1807_,VPWR,li1,80.9600,116.9600,1.799273
_1806_,VPWR,li1,67.8500,122.4000,1.799354
_1805_,VPWR,li1,93.1500,133.2800,1.798976
_1804_,VPWR,li1,97.2900,133.2800,1.798926
_1803_,VPWR,li1,107.8700,138.7200,1.799138
_1802_,VPWR,li1,107.8700,138.7200,1.799138
_1801_,VPWR,li1,105.5700,138.7200,1.799154
_1800_,VPWR,li1,111.0900,155.0400,1.799137
_1799_,VPWR,li1,114.3100,160.4800,1.798835
_1798_,VPWR,li1,108.7900,160.4800,1.798869
_1796_,VPWR,li1,119.8300,165.9200,1.799421
_1795_,VPWR,li1,119.6000,160.4800,1.798822
_1794_,VPWR,li1,117.9900,160.4800,1.798827
_1792_,VPWR,li1,128.1100,106.0800,1.799445
_1791_,VPWR,li1,115.2300,165.9200,1.799428
_1790_,VPWR,li1,113.8500,160.4800,1.798835
_1789_,VPWR,li1,110.6300,149.6000,1.798713
_1788_,VPWR,li1,111.0900,144.1600,1.798940
_1787_,VPWR,li1,105.1100,144.1600,1.798984
_1786_,VPWR,li1,97.7500,144.1600,1.799036
_1785_,VPWR,li1,94.0700,144.1600,1.799069
_1784_,VPWR,li1,103.2700,133.2800,1.798865
_1783_,VPWR,li1,100.5100,133.2800,1.798906
_1782_,VPWR,li1,77.5100,133.2800,1.799146
_1781_,VPWR,li1,52.6700,138.7200,1.799598
_1780_,VPWR,li1,75.2100,122.4000,1.799277
_1779_,VPWR,li1,73.3700,122.4000,1.799296
_1778_,VPWR,li1,47.6100,122.4000,1.799573
_1777_,VPWR,li1,45.5400,116.9600,1.799638
_1776_,VPWR,li1,46.2300,111.5200,1.799555
_1775_,VPWR,li1,41.1700,106.0800,1.799813
_1774_,VPWR,li1,39.1000,106.0800,1.799835
_1773_,VPWR,li1,36.1100,111.5200,1.799681
_1772_,VPWR,li1,25.9900,116.9600,1.799846
_1771_,VPWR,li1,27.3700,116.9600,1.799817
_1770_,VPWR,li1,31.5100,111.5200,1.799757
_1769_,VPWR,li1,33.3500,116.9600,1.799753
_1768_,VPWR,li1,33.1200,116.9600,1.799773
_1767_,VPWR,li1,73.8300,127.8400,1.799309
_1766_,VPWR,li1,71.5300,127.8400,1.799347
_1765_,VPWR,li1,70.8400,122.4000,1.799330
_1764_,VPWR,li1,70.1500,111.5200,1.799289
_1763_,VPWR,li1,65.3200,111.5200,1.799348
_1762_,VPWR,li1,66.9300,122.4000,1.799373
_1761_,VPWR,li1,63.7100,116.9600,1.799440
_1760_,VPWR,li1,61.4100,116.9600,1.799463
_1759_,VPWR,li1,54.0500,116.9600,1.799538
_1758_,VPWR,li1,52.2100,116.9600,1.799557
_1757_,VPWR,li1,96.3700,127.8400,1.799095
_1756_,VPWR,li1,92.6900,133.2800,1.798976
_1755_,VPWR,li1,91.0800,122.4000,1.799125
_1754_,VPWR,li1,89.0100,127.8400,1.799169
_1753_,VPWR,li1,88.5500,122.4000,1.799149
_1752_,VPWR,li1,83.4900,122.4000,1.799208
_1751_,VPWR,li1,80.0400,122.4000,1.799244
_1749_,VPWR,li1,78.6600,122.4000,1.799244
_1748_,VPWR,li1,71.9900,133.2800,1.799210
_1747_,VPWR,li1,88.7800,138.7200,1.799283
_1746_,VPWR,li1,104.1900,149.6000,1.798764
_1745_,VPWR,li1,100.5100,149.6000,1.798795
_1744_,VPWR,li1,112.4700,176.8000,1.799388
_1743_,VPWR,li1,111.0900,171.3600,1.799215
_1742_,VPWR,li1,110.8600,176.8000,1.799388
_1741_,VPWR,li1,109.2500,171.3600,1.799219
_1740_,VPWR,li1,104.6500,171.3600,1.799232
_1739_,VPWR,li1,100.5100,176.8000,1.799418
_1738_,VPWR,li1,106.7200,171.3600,1.799225
_1737_,VPWR,li1,108.7900,182.2400,1.799471
_1736_,VPWR,li1,105.5700,182.2400,1.799472
_1735_,VPWR,li1,102.3500,176.8000,1.799411
_1734_,VPWR,li1,28.2900,176.8000,1.799879
_1733_,VPWR,li1,57.7300,182.2400,1.799649
_1732_,VPWR,li1,22.0800,182.2400,1.799914
_1731_,VPWR,li1,16.5600,182.2400,1.799912
_1730_,VPWR,li1,17.0200,144.1600,1.799879
_1729_,VPWR,li1,16.1000,149.6000,1.799852
_1728_,VPWR,li1,24.1500,155.0400,1.799876
_1727_,VPWR,li1,23.2300,155.0400,1.799901
_1726_,VPWR,li1,25.5300,176.8000,1.799900
_1725_,VPWR,li1,20.7000,176.8000,1.799916
_1724_,VPWR,li1,23.0000,182.2400,1.799895
_1723_,VPWR,li1,19.0900,182.2400,1.799913
_1722_,VPWR,li1,9.8900,182.2400,1.799910
_1721_,VPWR,li1,10.3500,176.8000,1.799912
_1720_,VPWR,li1,18.1700,176.8000,1.799914
_1719_,VPWR,li1,10.3500,165.9200,1.799923
_1718_,VPWR,li1,14.2600,171.3600,1.799898
_1717_,VPWR,li1,17.2500,176.8000,1.799914
_1716_,VPWR,li1,18.6300,171.3600,1.799899
_1715_,VPWR,li1,20.9300,171.3600,1.799900
_1714_,VPWR,li1,18.4000,149.6000,1.799852
_1713_,VPWR,li1,21.8500,149.6000,1.799852
_1712_,VPWR,li1,24.6100,149.6000,1.799812
_1711_,VPWR,li1,21.8500,138.7200,1.799900
_1710_,VPWR,li1,20.7000,138.7200,1.799900
_1709_,VPWR,li1,25.5300,144.1600,1.799826
_1708_,VPWR,li1,13.1100,138.7200,1.799898
_1707_,VPWR,li1,48.9900,176.8000,1.799728
_1706_,VPWR,li1,14.4900,182.2400,1.799911
_1705_,VPWR,li1,10.8100,182.2400,1.799910
_1704_,VPWR,li1,8.9700,138.7200,1.799898
_1703_,VPWR,li1,10.3500,122.4000,1.799879
_1702_,VPWR,li1,13.5700,116.9600,1.799891
_1701_,VPWR,li1,10.3500,138.7200,1.799898
_1700_,VPWR,li1,8.7400,144.1600,1.799878
_1699_,VPWR,li1,10.3500,176.8000,1.799912
_1698_,VPWR,li1,12.1900,171.3600,1.799897
_1697_,VPWR,li1,13.1100,165.9200,1.799923
_1696_,VPWR,li1,9.8900,171.3600,1.799897
_1695_,VPWR,li1,9.8900,127.8400,1.799880
_1694_,VPWR,li1,11.7300,127.8400,1.799880
_1693_,VPWR,li1,9.8900,155.0400,1.799899
_1692_,VPWR,li1,8.7400,155.0400,1.799899
_1691_,VPWR,li1,104.4200,182.2400,1.799472
_1690_,VPWR,li1,73.3700,187.6800,1.799942
_1689_,VPWR,li1,74.0600,182.2400,1.799563
_1688_,VPWR,li1,54.9700,187.6800,1.799955
_1687_,VPWR,li1,53.1300,176.8000,1.799695
_1686_,VPWR,li1,54.0500,182.2400,1.799669
_1685_,VPWR,li1,51.2900,182.2400,1.799695
_1684_,VPWR,li1,48.9900,171.3600,1.799646
_1683_,VPWR,li1,43.0100,171.3600,1.799694
_1682_,VPWR,li1,44.3900,171.3600,1.799694
_1681_,VPWR,li1,37.9500,171.3600,1.799740
_1680_,VPWR,li1,21.3900,171.3600,1.799900
_1679_,VPWR,li1,17.0200,165.9200,1.799925
_1678_,VPWR,li1,25.9900,171.3600,1.799856
_1677_,VPWR,li1,25.7600,165.9200,1.799901
_1676_,VPWR,li1,18.6300,165.9200,1.799925
_1675_,VPWR,li1,13.1100,133.2800,1.799862
_1674_,VPWR,li1,14.9500,127.8400,1.799881
_1673_,VPWR,li1,12.6500,160.4800,1.799863
_1672_,VPWR,li1,9.2000,149.6000,1.799851
_1671_,VPWR,li1,58.8800,171.3600,1.799572
_1670_,VPWR,li1,51.7500,171.3600,1.799628
_1669_,VPWR,li1,102.8100,187.6800,1.799932
_1668_,VPWR,li1,96.8300,171.3600,1.799274
_1667_,VPWR,li1,99.1300,182.2400,1.799477
_1666_,VPWR,li1,94.0700,182.2400,1.799489
_1665_,VPWR,li1,91.7700,187.6800,1.799934
_1664_,VPWR,li1,93.6100,176.8000,1.799453
_1663_,VPWR,li1,106.4900,176.8000,1.799399
_1662_,VPWR,li1,71.9900,182.2400,1.799573
_1661_,VPWR,li1,69.2300,182.2400,1.799590
_1660_,VPWR,li1,49.9100,182.2400,1.799695
_1659_,VPWR,li1,56.3500,176.8000,1.799680
_1658_,VPWR,li1,55.2000,171.3600,1.799589
_1657_,VPWR,li1,45.3100,182.2400,1.799738
_1656_,VPWR,li1,41.1700,182.2400,1.799763
_1655_,VPWR,li1,37.0300,182.2400,1.799788
_1654_,VPWR,li1,36.1100,171.3600,1.799757
_1653_,VPWR,li1,24.3800,160.4800,1.799820
_1652_,VPWR,li1,31.9700,171.3600,1.799800
_1651_,VPWR,li1,29.4400,171.3600,1.799819
_1650_,VPWR,li1,25.0700,160.4800,1.799820
_1649_,VPWR,li1,20.9300,127.8400,1.799882
_1648_,VPWR,li1,20.9300,127.8400,1.799882
_1647_,VPWR,li1,18.6300,160.4800,1.799865
_1646_,VPWR,li1,12.8800,149.6000,1.799851
_1645_,VPWR,li1,99.1300,182.2400,1.799477
_1644_,VPWR,li1,92.2300,182.2400,1.799496
_1643_,VPWR,li1,87.6300,182.2400,1.799508
_1642_,VPWR,li1,79.8100,182.2400,1.799538
_1641_,VPWR,li1,68.3100,182.2400,1.799590
_1640_,VPWR,li1,63.2500,187.6800,1.799949
_1639_,VPWR,li1,66.0100,176.8000,1.799609
_1638_,VPWR,li1,63.2500,182.2400,1.799616
_1637_,VPWR,li1,43.9300,176.8000,1.799754
_1636_,VPWR,li1,34.7300,187.6800,1.799975
_1635_,VPWR,li1,28.5200,182.2400,1.799852
_1634_,VPWR,li1,33.3500,182.2400,1.799822
_1633_,VPWR,li1,29.4400,165.9200,1.799887
_1632_,VPWR,li1,27.3700,182.2400,1.799871
_1631_,VPWR,li1,21.8500,122.4000,1.799880
_1630_,VPWR,li1,20.4700,116.9600,1.799891
_1629_,VPWR,li1,12.6500,160.4800,1.799863
_1628_,VPWR,li1,9.6600,149.6000,1.799851
_1626_,VPWR,li1,63.7100,182.2400,1.799616
_1625_,VPWR,li1,61.4100,165.9200,1.799675
_1624_,VPWR,li1,62.3300,176.8000,1.799634
_1623_,VPWR,li1,56.5800,171.3600,1.799589
_1622_,VPWR,li1,106.0300,176.8000,1.799399
_1621_,VPWR,li1,101.4300,171.3600,1.799243
_1620_,VPWR,li1,99.1300,171.3600,1.799255
_1619_,VPWR,li1,92.2300,176.8000,1.799453
_1618_,VPWR,li1,86.7100,171.3600,1.799347
_1617_,VPWR,li1,87.6300,176.8000,1.799481
_1616_,VPWR,li1,83.4900,171.3600,1.799362
_1615_,VPWR,li1,84.8700,176.8000,1.799492
_1614_,VPWR,li1,77.5100,182.2400,1.799553
_1613_,VPWR,li1,82.8000,182.2400,1.799527
_1612_,VPWR,li1,79.3500,171.3600,1.799391
_1611_,VPWR,li1,79.8100,182.2400,1.799538
_1610_,VPWR,li1,50.3700,165.9200,1.799740
_1609_,VPWR,li1,46.2300,182.2400,1.799720
_1608_,VPWR,li1,37.2600,176.8000,1.799803
_1607_,VPWR,li1,40.2500,182.2400,1.799763
_1606_,VPWR,li1,36.3400,165.9200,1.799841
_1605_,VPWR,li1,37.4900,176.8000,1.799803
_1604_,VPWR,li1,27.8300,127.8400,1.799815
_1603_,VPWR,li1,26.9100,127.8400,1.799815
_1601_,VPWR,li1,29.2100,160.4800,1.799764
_1600_,VPWR,li1,29.4400,149.6000,1.799722
_1599_,VPWR,li1,88.0900,176.8000,1.799481
_1598_,VPWR,li1,83.2600,176.8000,1.799503
_1597_,VPWR,li1,80.7300,176.8000,1.799517
_1596_,VPWR,li1,78.8900,176.8000,1.799531
_1595_,VPWR,li1,65.0900,171.3600,1.799507
_1594_,VPWR,li1,61.6400,155.0400,1.799526
_1593_,VPWR,li1,74.7500,176.8000,1.799560
_1592_,VPWR,li1,52.9000,171.3600,1.799609
_1591_,VPWR,li1,111.3200,165.9200,1.799441
_1590_,VPWR,li1,107.4100,155.0400,1.799161
_1589_,VPWR,li1,111.0900,160.4800,1.798859
_1588_,VPWR,li1,106.0300,155.0400,1.799161
_1587_,VPWR,li1,101.8900,149.6000,1.798795
_1586_,VPWR,li1,97.7500,149.6000,1.798823
_1585_,VPWR,li1,93.6100,155.0400,1.799262
_1584_,VPWR,li1,100.5100,144.1600,1.799016
_1583_,VPWR,li1,94.5300,144.1600,1.799069
_1582_,VPWR,li1,89.0100,144.1600,1.799120
_1581_,VPWR,li1,84.4100,144.1600,1.799177
_1580_,VPWR,li1,76.5900,138.7200,1.799382
_1579_,VPWR,li1,53.1300,133.2800,1.799438
_1578_,VPWR,li1,48.0700,133.2800,1.799502
_1577_,VPWR,li1,46.0000,138.7200,1.799675
_1576_,VPWR,li1,48.5300,122.4000,1.799573
_1575_,VPWR,li1,44.3900,106.0800,1.799795
_1574_,VPWR,li1,39.5600,100.6400,1.799602
_1573_,VPWR,li1,42.5500,122.4000,1.799630
_1572_,VPWR,li1,33.3500,127.8400,1.799743
_1571_,VPWR,li1,33.8100,122.4000,1.799741
_1570_,VPWR,li1,40.2500,122.4000,1.799656
_1569_,VPWR,li1,35.4200,122.4000,1.799711
_1568_,VPWR,li1,72.9100,133.2800,1.799210
_1567_,VPWR,li1,66.9300,133.2800,1.799271
_1566_,VPWR,li1,68.0800,133.2800,1.799271
_1565_,VPWR,li1,65.0900,133.2800,1.799293
_1564_,VPWR,li1,63.7100,127.8400,1.799414
_1563_,VPWR,li1,65.7800,127.8400,1.799395
_1562_,VPWR,li1,61.4100,127.8400,1.799438
_1561_,VPWR,li1,60.9500,122.4000,1.799428
_1560_,VPWR,li1,54.0500,127.8400,1.799526
_1559_,VPWR,li1,54.5100,122.4000,1.799507
_1558_,VPWR,li1,93.1500,138.7200,1.799248
_1557_,VPWR,li1,91.3100,138.7200,1.799263
_1556_,VPWR,li1,87.1700,133.2800,1.799037
_1555_,VPWR,li1,87.8600,127.8400,1.799169
_1554_,VPWR,li1,84.4100,133.2800,1.799073
_1553_,VPWR,li1,80.0400,127.8400,1.799262
_1552_,VPWR,li1,79.8100,144.1600,1.799216
_1551_,VPWR,li1,76.8200,144.1600,1.799247
_1550_,VPWR,li1,84.8700,138.7200,1.799315
_1549_,VPWR,li1,81.4200,133.2800,1.799102
_1548_,VPWR,li1,106.0300,160.4800,1.798881
_1547_,VPWR,li1,100.9700,155.0400,1.799194
_1546_,VPWR,li1,104.1900,160.4800,1.798892
_1545_,VPWR,li1,101.4300,160.4800,1.798919
_1544_,VPWR,li1,99.1300,155.0400,1.799214
_1543_,VPWR,li1,87.1700,144.1600,1.799148
_1542_,VPWR,li1,82.5700,138.7200,1.799341
_1541_,VPWR,li1,78.4300,133.2800,1.799146
_1540_,VPWR,li1,76.3600,127.8400,1.799290
_1538_,VPWR,li1,65.5500,19.0400,1.799695
_1537_,VPWR,li1,60.7200,13.6000,1.799772
_1534_,VPWR,li1,77.9700,68.0000,1.799404
_1533_,VPWR,li1,63.2500,138.7200,1.799501
_1532_,VPWR,li1,81.6500,138.7200,1.799341
_1531_,VPWR,li1,94.5300,149.6000,1.798867
_1530_,VPWR,li1,89.9300,149.6000,1.798914
_1529_,VPWR,li1,83.9500,149.6000,1.798986
_1528_,VPWR,li1,76.5900,149.6000,1.799070
_1527_,VPWR,li1,72.2200,149.6000,1.799125
_1526_,VPWR,li1,77.9700,144.1600,1.799247
_1525_,VPWR,li1,63.2500,149.6000,1.799243
_1524_,VPWR,li1,59.3400,144.1600,1.799456
_1523_,VPWR,li1,71.9900,144.1600,1.799299
_1522_,VPWR,li1,57.0400,127.8400,1.799484
_1521_,VPWR,li1,77.9700,149.6000,1.799070
_1520_,VPWR,li1,48.0700,133.2800,1.799502
_1519_,VPWR,li1,43.9300,127.8400,1.799626
_1518_,VPWR,li1,40.0200,116.9600,1.799686
_1517_,VPWR,li1,42.0900,133.2800,1.799598
_1516_,VPWR,li1,35.6500,133.2800,1.799671
_1515_,VPWR,li1,35.1900,133.2800,1.799671
_1514_,VPWR,li1,41.1700,127.8400,1.799656
_1513_,VPWR,li1,39.1000,127.8400,1.799679
_1512_,VPWR,li1,53.5900,144.1600,1.799502
_1511_,VPWR,li1,51.5200,138.7200,1.799617
_1510_,VPWR,li1,67.8500,149.6000,1.799181
_1509_,VPWR,li1,58.6500,155.0400,1.799557
_1508_,VPWR,li1,95.9100,155.0400,1.799237
_1507_,VPWR,li1,92.6900,155.0400,1.799262
_1506_,VPWR,li1,107.4100,165.9200,1.799450
_1505_,VPWR,li1,93.1500,165.9200,1.799515
_1504_,VPWR,li1,93.6100,171.3600,1.799288
_1503_,VPWR,li1,72.9100,171.3600,1.799442
_1502_,VPWR,li1,68.7700,171.3600,1.799488
_1501_,VPWR,li1,75.2100,171.3600,1.799424
_1500_,VPWR,li1,92.6900,171.3600,1.799303
_1499_,VPWR,li1,88.0900,165.9200,1.799538
_1498_,VPWR,li1,80.7300,165.9200,1.799573
_1497_,VPWR,li1,64.6300,171.3600,1.799524
_1496_,VPWR,li1,77.5100,171.3600,1.799409
_1495_,VPWR,li1,73.3700,165.9200,1.799616
_1494_,VPWR,li1,68.7700,160.4800,1.799266
_1493_,VPWR,li1,75.2100,165.9200,1.799597
_1492_,VPWR,li1,65.5500,165.9200,1.799650
_1491_,VPWR,li1,62.1000,155.0400,1.799526
_1490_,VPWR,li1,71.0700,171.3600,1.799465
_1489_,VPWR,li1,55.2000,165.9200,1.799711
_1488_,VPWR,li1,65.5500,165.9200,1.799650
_1487_,VPWR,li1,53.1300,160.4800,1.799454
_1486_,VPWR,li1,48.5300,171.3600,1.799646
_1485_,VPWR,li1,46.0000,160.4800,1.799553
_1484_,VPWR,li1,41.1700,165.9200,1.799804
_1483_,VPWR,li1,40.4800,160.4800,1.799613
_1482_,VPWR,li1,47.6100,165.9200,1.799757
_1481_,VPWR,li1,35.1900,160.4800,1.799687
_1480_,VPWR,li1,35.1900,144.1600,1.799713
_1479_,VPWR,li1,34.7300,160.4800,1.799687
_1478_,VPWR,li1,29.4400,149.6000,1.799722
_1477_,VPWR,li1,95.4500,160.4800,1.798963
_1476_,VPWR,li1,89.9300,155.0400,1.799281
_1475_,VPWR,li1,87.1700,160.4800,1.799060
_1474_,VPWR,li1,84.8700,149.6000,1.798986
_1473_,VPWR,li1,86.0200,155.0400,1.799316
_1472_,VPWR,li1,80.2700,155.0400,1.799367
_1471_,VPWR,li1,77.7400,160.4800,1.799178
_1469_,VPWR,li1,68.3100,19.0400,1.799682
_1468_,VPWR,li1,64.6300,19.0400,1.799705
_1467_,VPWR,li1,61.1800,19.0400,1.799715
_1466_,VPWR,li1,92.2300,160.4800,1.799009
_1465_,VPWR,li1,69.6900,149.6000,1.799157
_1464_,VPWR,li1,66.4700,144.1600,1.799359
_1463_,VPWR,li1,69.6900,138.7200,1.799443
_1462_,VPWR,li1,67.1600,144.1600,1.799359
_1460_,VPWR,li1,63.2500,138.7200,1.799501
_1459_,VPWR,li1,60.4900,138.7200,1.799539
_1458_,VPWR,li1,60.7200,133.2800,1.799346
_1457_,VPWR,li1,59.1100,138.7200,1.799539
_1456_,VPWR,li1,57.2700,116.9600,1.799505
_1452_,VPWR,li1,54.0500,133.2800,1.799438
_1451_,VPWR,li1,53.5900,122.4000,1.799507
_1447_,VPWR,li1,60.4900,149.6000,1.799299
_1446_,VPWR,li1,55.4300,149.6000,1.799350
_1445_,VPWR,li1,44.3900,144.1600,1.799607
_1444_,VPWR,li1,39.1000,144.1600,1.799684
_1443_,VPWR,li1,51.2900,144.1600,1.799533
_1442_,VPWR,li1,28.2900,138.7200,1.799840
_1441_,VPWR,li1,29.2100,138.7200,1.799818
_1440_,VPWR,li1,44.8500,138.7200,1.799675
_1439_,VPWR,li1,40.0200,138.7200,1.799716
_1438_,VPWR,li1,50.3700,149.6000,1.799421
_1437_,VPWR,li1,48.7600,144.1600,1.799557
_1436_,VPWR,li1,90.8500,160.4800,1.799009
_1435_,VPWR,li1,81.6500,160.4800,1.799113
_1434_,VPWR,li1,86.2500,160.4800,1.799060
_1433_,VPWR,li1,74.7500,155.0400,1.799411
_1432_,VPWR,li1,69.9200,155.0400,1.799467
_1430_,VPWR,li1,54.0500,24.4800,1.799767
_1429_,VPWR,li1,51.7500,29.9200,1.799772
_1428_,VPWR,li1,51.2900,24.4800,1.799776
_1426_,VPWR,li1,56.3500,29.9200,1.799753
_1424_,VPWR,li1,60.0300,13.6000,1.799772
_1423_,VPWR,li1,76.5900,160.4800,1.799178
_1422_,VPWR,li1,64.6300,160.4800,1.799315
_1421_,VPWR,li1,59.8000,160.4800,1.799376
_1420_,VPWR,li1,54.2800,68.0000,1.799596
_1419_,VPWR,li1,53.1300,40.8000,1.799586
_1418_,VPWR,li1,52.2100,51.6800,1.799656
_1416_,VPWR,li1,47.6100,51.6800,1.799689
_1414_,VPWR,li1,45.3100,24.4800,1.799803
_1413_,VPWR,li1,72.9100,160.4800,1.799216
_1412_,VPWR,li1,55.2000,160.4800,1.799429
_1411_,VPWR,li1,50.1400,73.4400,1.799550
_1410_,VPWR,li1,48.0700,68.0000,1.799650
_1409_,VPWR,li1,46.2300,68.0000,1.799672
_1407_,VPWR,li1,44.8500,62.5600,1.799649
_1406_,VPWR,li1,82.5700,160.4800,1.799113
_1405_,VPWR,li1,52.2100,155.0400,1.799619
_1404_,VPWR,li1,44.3900,149.6000,1.799519
_1403_,VPWR,li1,39.1000,149.6000,1.799599
_1402_,VPWR,li1,48.0700,149.6000,1.799453
_1401_,VPWR,li1,30.1300,144.1600,1.799772
_1400_,VPWR,li1,29.2100,133.2800,1.799754
_1397_,VPWR,li1,41.1700,144.1600,1.799644
_1396_,VPWR,li1,36.3400,138.7200,1.799762
_1395_,VPWR,li1,48.5300,160.4800,1.799518
_1394_,VPWR,li1,47.3800,155.0400,1.799655
_1393_,VPWR,li1,41.1700,160.4800,1.799613
_1392_,VPWR,li1,40.0200,155.0400,1.799724
_1390_,VPWR,li1,37.0300,100.6400,1.799636
_1389_,VPWR,li1,39.3300,95.2000,1.799650
_1388_,VPWR,li1,36.5700,89.7600,1.799733
_1386_,VPWR,li1,31.9700,100.6400,1.799719
_1385_,VPWR,li1,47.6100,155.0400,1.799655
_1384_,VPWR,li1,34.7300,155.0400,1.799787
_1383_,VPWR,li1,33.8100,149.6000,1.799662
_1381_,VPWR,li1,27.3700,100.6400,1.799765
_1380_,VPWR,li1,33.3500,106.0800,1.799860
_1379_,VPWR,li1,24.3800,106.0800,1.799915
_1378_,VPWR,li1,38.4100,155.0400,1.799743
_1377_,VPWR,li1,33.5800,149.6000,1.799662
_1376_,VPWR,li1,21.8500,111.5200,1.799864
_1375_,VPWR,li1,128.5700,165.9200,1.799412
_1374_,VPWR,li1,124.8900,116.9600,1.798952
_1373_,VPWR,li1,128.5700,111.5200,1.798821
_1372_,VPWR,li1,130.4100,116.9600,1.798943
_1370_,VPWR,li1,125.8100,106.0800,1.799447
_1369_,VPWR,li1,125.8100,106.0800,1.799447
_1368_,VPWR,li1,32.2000,35.3600,1.799826
_1367_,VPWR,li1,21.3900,35.3600,1.799913
_1366_,VPWR,li1,25.7600,29.9200,1.799910
_1365_,VPWR,li1,20.0100,29.9200,1.799933
_1364_,VPWR,li1,23.0000,24.4800,1.799935
_1363_,VPWR,li1,16.3300,24.4800,1.799934
_1362_,VPWR,li1,33.5800,29.9200,1.799868
_1361_,VPWR,li1,21.8500,24.4800,1.799935
_1360_,VPWR,li1,29.4400,24.4800,1.799893
_1359_,VPWR,li1,20.0100,24.4800,1.799934
_1358_,VPWR,li1,36.8000,35.3600,1.799787
_1357_,VPWR,li1,22.3100,29.9200,1.799934
_1356_,VPWR,li1,23.9200,46.2400,1.799893
_1355_,VPWR,li1,21.3900,40.8000,1.799882
_1354_,VPWR,li1,40.0200,51.6800,1.799744
_1352_,VPWR,li1,24.6100,51.6800,1.799865
_1351_,VPWR,li1,34.5000,57.1200,1.799788
_1349_,VPWR,li1,20.9300,57.1200,1.799899
_1347_,VPWR,li1,28.9800,51.6800,1.799830
_1346_,VPWR,li1,22.3100,51.6800,1.799902
_1344_,VPWR,li1,29.4400,62.5600,1.799788
_1341_,VPWR,li1,126.7300,95.2000,1.798840
_1340_,VPWR,li1,22.3100,57.1200,1.799901
_1339_,VPWR,li1,20.0100,46.2400,1.799910
_1336_,VPWR,li1,24.8400,46.2400,1.799893
_1335_,VPWR,li1,149.7300,24.4800,1.799480
_1334_,VPWR,li1,149.5000,29.9200,1.799502
_1333_,VPWR,li1,149.7300,29.9200,1.799502
_1332_,VPWR,li1,149.2700,35.3600,1.799388
_1331_,VPWR,li1,149.7300,40.8000,1.799123
_1330_,VPWR,li1,149.5000,51.6800,1.799232
_1329_,VPWR,li1,149.7300,51.6800,1.799232
_1328_,VPWR,li1,149.7300,57.1200,1.799221
_1327_,VPWR,li1,149.7300,57.1200,1.799221
_1326_,VPWR,li1,149.7300,73.4400,1.798931
_1325_,VPWR,li1,149.7300,68.0000,1.799144
_1324_,VPWR,li1,149.7300,84.3200,1.798931
_1323_,VPWR,li1,149.7300,78.8800,1.798873
_1322_,VPWR,li1,150.1900,95.2000,1.798810
_1321_,VPWR,li1,149.7300,95.2000,1.798810
_1320_,VPWR,li1,149.2700,111.5200,1.798790
_1319_,VPWR,li1,149.7300,116.9600,1.798919
_1318_,VPWR,li1,149.5000,138.7200,1.799039
_1317_,VPWR,li1,149.7300,133.2800,1.798655
_1316_,VPWR,li1,145.5900,138.7200,1.799039
_1315_,VPWR,li1,149.7300,138.7200,1.799039
_1314_,VPWR,li1,149.7300,144.1600,1.798883
_1313_,VPWR,li1,147.4300,165.9200,1.799406
_1312_,VPWR,li1,141.4500,187.6800,1.799931
_1311_,VPWR,li1,142.1400,182.2400,1.799463
_1310_,VPWR,li1,147.8900,182.2400,1.799463
_1309_,VPWR,li1,145.5900,182.2400,1.799463
_1308_,VPWR,li1,140.5300,182.2400,1.799463
_1307_,VPWR,li1,136.3900,182.2400,1.799463
_1306_,VPWR,li1,17.7100,111.5200,1.799862
