Instance,Terminal,Layer,X location,Y location,Voltage
FILLER_64_317,VGND,li1,152.0300,184.9600,0.000329
FILLER_64_306,VGND,li1,146.7400,184.9600,0.000328
FILLER_64_288,VGND,li1,138.2300,184.9600,0.000328
FILLER_64_285,VGND,li1,137.3100,184.9600,0.000328
FILLER_64_277,VGND,li1,133.6300,184.9600,0.000328
FILLER_64_274,VGND,li1,132.2500,184.9600,0.000328
FILLER_64_271,VGND,li1,130.8700,184.9600,0.000328
FILLER_64_268,VGND,li1,129.4900,184.9600,0.000328
FILLER_64_265,VGND,li1,128.1100,184.9600,0.000328
FILLER_64_262,VGND,li1,126.7300,184.9600,0.000328
FILLER_64_259,VGND,li1,125.3500,184.9600,0.000328
FILLER_64_256,VGND,li1,123.9700,184.9600,0.000328
FILLER_64_253,VGND,li1,122.5900,184.9600,0.000328
FILLER_64_249,VGND,li1,120.7500,184.9600,0.000328
FILLER_64_246,VGND,li1,119.3700,184.9600,0.000328
FILLER_64_243,VGND,li1,117.9900,184.9600,0.000328
FILLER_64_240,VGND,li1,116.6100,184.9600,0.000328
FILLER_64_237,VGND,li1,115.2300,184.9600,0.000328
FILLER_64_234,VGND,li1,113.8500,184.9600,0.000328
FILLER_64_231,VGND,li1,112.4700,184.9600,0.000328
FILLER_64_228,VGND,li1,111.0900,184.9600,0.000328
FILLER_64_225,VGND,li1,109.7100,184.9600,0.000328
FILLER_64_221,VGND,li1,107.8700,184.9600,0.000328
FILLER_64_218,VGND,li1,106.4900,184.9600,0.000328
FILLER_64_215,VGND,li1,105.1100,184.9600,0.000328
FILLER_64_206,VGND,li1,100.7400,184.9600,0.000325
FILLER_64_203,VGND,li1,99.5900,184.9600,0.000324
FILLER_64_200,VGND,li1,98.2100,184.9600,0.000324
FILLER_64_197,VGND,li1,96.8300,184.9600,0.000320
FILLER_64_194,VGND,li1,95.2200,184.9600,0.000317
FILLER_64_191,VGND,li1,94.0700,184.9600,0.000317
FILLER_64_181,VGND,li1,89.4700,184.9600,0.000308
FILLER_64_178,VGND,li1,88.0900,184.9600,0.000302
FILLER_64_175,VGND,li1,86.7100,184.9600,0.000302
FILLER_64_172,VGND,li1,85.3300,184.9600,0.000296
FILLER_64_169,VGND,li1,83.9500,184.9600,0.000296
FILLER_64_165,VGND,li1,82.1100,184.9600,0.000292
FILLER_64_162,VGND,li1,80.7300,184.9600,0.000285
FILLER_64_159,VGND,li1,79.3500,184.9600,0.000285
FILLER_64_156,VGND,li1,77.9700,184.9600,0.000277
FILLER_64_153,VGND,li1,76.5900,184.9600,0.000277
FILLER_64_150,VGND,li1,75.2100,184.9600,0.000271
FILLER_64_144,VGND,li1,71.9900,184.9600,0.000265
FILLER_64_141,VGND,li1,71.0700,184.9600,0.000260
FILLER_64_137,VGND,li1,69.2300,184.9600,0.000252
FILLER_64_134,VGND,li1,67.8500,184.9600,0.000252
FILLER_64_131,VGND,li1,66.4700,184.9600,0.000242
FILLER_64_128,VGND,li1,65.0900,184.9600,0.000242
FILLER_64_122,VGND,li1,61.8700,184.9600,0.000230
FILLER_64_119,VGND,li1,60.9500,184.9600,0.000221
FILLER_64_116,VGND,li1,59.5700,184.9600,0.000221
FILLER_64_113,VGND,li1,58.1900,184.9600,0.000212
FILLER_64_100,VGND,li1,52.2100,184.9600,0.000185
FILLER_64_97,VGND,li1,50.8300,184.9600,0.000185
FILLER_64_94,VGND,li1,49.4500,184.9600,0.000175
FILLER_64_91,VGND,li1,48.0700,184.9600,0.000166
FILLER_64_88,VGND,li1,46.6900,184.9600,0.000166
FILLER_64_85,VGND,li1,45.3100,184.9600,0.000156
FILLER_64_82,VGND,li1,43.7000,184.9600,0.000147
FILLER_64_79,VGND,li1,42.5500,184.9600,0.000147
FILLER_64_76,VGND,li1,41.1700,184.9600,0.000133
FILLER_64_73,VGND,li1,39.7900,184.9600,0.000133
FILLER_64_70,VGND,li1,38.4100,184.9600,0.000120
FILLER_64_67,VGND,li1,37.0300,184.9600,0.000120
FILLER_64_57,VGND,li1,32.4300,184.9600,0.000091
FILLER_64_53,VGND,li1,30.5900,184.9600,0.000079
FILLER_64_50,VGND,li1,29.2100,184.9600,0.000079
FILLER_64_47,VGND,li1,27.8300,184.9600,0.000067
FILLER_64_44,VGND,li1,26.4500,184.9600,0.000057
FILLER_64_41,VGND,li1,25.0700,184.9600,0.000057
FILLER_64_38,VGND,li1,23.6900,184.9600,0.000058
FILLER_64_35,VGND,li1,22.3100,184.9600,0.000059
FILLER_64_32,VGND,li1,20.9300,184.9600,0.000059
FILLER_64_29,VGND,li1,19.5500,184.9600,0.000060
FILLER_64_27,VGND,li1,18.1700,184.9600,0.000060
FILLER_64_24,VGND,li1,17.2500,184.9600,0.000060
FILLER_64_21,VGND,li1,15.8700,184.9600,0.000061
FILLER_64_18,VGND,li1,14.4900,184.9600,0.000061
FILLER_64_15,VGND,li1,13.1100,184.9600,0.000061
FILLER_64_12,VGND,li1,11.7300,184.9600,0.000061
FILLER_64_9,VGND,li1,10.3500,184.9600,0.000061
FILLER_64_6,VGND,li1,8.9700,184.9600,0.000061
FILLER_64_3,VGND,li1,7.5900,184.9600,0.000061
FILLER_63_319,VGND,li1,152.4900,184.9600,0.000329
FILLER_63_316,VGND,li1,151.5700,184.9600,0.000329
FILLER_63_300,VGND,li1,144.2100,184.9600,0.000328
FILLER_63_281,VGND,li1,135.0100,184.9600,0.000328
FILLER_63_273,VGND,li1,131.7900,184.9600,0.000328
FILLER_63_270,VGND,li1,130.4100,184.9600,0.000328
FILLER_63_267,VGND,li1,129.0300,184.9600,0.000328
FILLER_63_264,VGND,li1,127.6500,184.9600,0.000328
FILLER_63_261,VGND,li1,126.2700,184.9600,0.000328
FILLER_63_258,VGND,li1,124.8900,184.9600,0.000328
FILLER_63_255,VGND,li1,123.5100,184.9600,0.000328
FILLER_63_252,VGND,li1,122.1300,184.9600,0.000328
FILLER_63_249,VGND,li1,120.7500,184.9600,0.000328
FILLER_63_246,VGND,li1,119.3700,184.9600,0.000328
FILLER_63_243,VGND,li1,117.9900,184.9600,0.000328
FILLER_63_240,VGND,li1,116.6100,184.9600,0.000328
FILLER_63_237,VGND,li1,115.2300,184.9600,0.000328
FILLER_63_234,VGND,li1,113.8500,184.9600,0.000328
FILLER_63_231,VGND,li1,112.4700,184.9600,0.000328
FILLER_63_228,VGND,li1,111.0900,184.9600,0.000328
FILLER_63_225,VGND,li1,109.7100,184.9600,0.000328
FILLER_63_210,VGND,li1,102.3500,184.9600,0.000325
FILLER_63_195,VGND,li1,95.6800,184.9600,0.000317
FILLER_63_181,VGND,li1,89.0100,184.9600,0.000308
FILLER_63_178,VGND,li1,88.0900,184.9600,0.000302
FILLER_63_175,VGND,li1,86.7100,184.9600,0.000302
FILLER_63_172,VGND,li1,85.3300,184.9600,0.000296
FILLER_63_169,VGND,li1,83.9500,184.9600,0.000296
FILLER_63_153,VGND,li1,76.3600,184.9600,0.000277
FILLER_63_116,VGND,li1,59.5700,184.9600,0.000221
FILLER_63_113,VGND,li1,58.1900,184.9600,0.000212
FILLER_63_93,VGND,li1,48.5300,184.9600,0.000175
FILLER_63_60,VGND,li1,33.5800,184.9600,0.000102
FILLER_63_57,VGND,li1,32.4300,184.9600,0.000091
FILLER_63_53,VGND,li1,30.5900,184.9600,0.000079
FILLER_63_46,VGND,li1,26.9100,184.9600,0.000067
FILLER_63_43,VGND,li1,25.9900,184.9600,0.000057
FILLER_63_32,VGND,li1,20.4700,184.9600,0.000060
FILLER_63_26,VGND,li1,17.7100,184.9600,0.000060
FILLER_63_3,VGND,li1,7.5900,184.9600,0.000061
FILLER_62_318,VGND,li1,152.2600,179.5200,0.000512
FILLER_62_315,VGND,li1,151.1100,179.5200,0.000512
FILLER_62_312,VGND,li1,149.7300,179.5200,0.000512
FILLER_62_309,VGND,li1,148.3500,179.5200,0.000512
FILLER_62_292,VGND,li1,140.0700,179.5200,0.000512
FILLER_62_274,VGND,li1,131.7900,179.5200,0.000511
FILLER_62_271,VGND,li1,130.8700,179.5200,0.000510
FILLER_62_268,VGND,li1,129.4900,179.5200,0.000510
FILLER_62_265,VGND,li1,128.1100,179.5200,0.000509
FILLER_62_262,VGND,li1,126.7300,179.5200,0.000509
FILLER_62_259,VGND,li1,125.3500,179.5200,0.000509
FILLER_62_256,VGND,li1,123.9700,179.5200,0.000508
FILLER_62_253,VGND,li1,122.5900,179.5200,0.000508
FILLER_62_250,VGND,li1,120.9800,179.5200,0.000508
FILLER_62_247,VGND,li1,119.8300,179.5200,0.000507
FILLER_62_244,VGND,li1,118.4500,179.5200,0.000507
FILLER_62_241,VGND,li1,117.0700,179.5200,0.000507
FILLER_62_238,VGND,li1,115.6900,179.5200,0.000506
FILLER_62_235,VGND,li1,114.3100,179.5200,0.000505
FILLER_62_232,VGND,li1,112.9300,179.5200,0.000505
FILLER_62_229,VGND,li1,111.5500,179.5200,0.000505
FILLER_62_188,VGND,li1,92.2300,179.5200,0.000462
FILLER_62_185,VGND,li1,91.3100,179.5200,0.000453
FILLER_62_171,VGND,li1,84.4100,179.5200,0.000431
FILLER_62_164,VGND,li1,81.1900,179.5200,0.000409
FILLER_62_151,VGND,li1,75.6700,179.5200,0.000389
FILLER_62_148,VGND,li1,74.2900,179.5200,0.000380
FILLER_62_131,VGND,li1,66.2400,179.5200,0.000340
FILLER_62_120,VGND,li1,61.1800,179.5200,0.000306
FILLER_62_106,VGND,li1,54.5100,179.5200,0.000269
FILLER_62_92,VGND,li1,48.0700,179.5200,0.000238
FILLER_62_82,VGND,li1,43.7000,179.5200,0.000211
FILLER_62_67,VGND,li1,36.8000,179.5200,0.000165
FILLER_62_29,VGND,li1,19.3200,179.5200,0.000080
FILLER_62_18,VGND,li1,14.2600,179.5200,0.000082
FILLER_62_3,VGND,li1,7.3600,179.5200,0.000083
FILLER_61_317,VGND,li1,152.0300,179.5200,0.000512
FILLER_61_314,VGND,li1,150.6500,179.5200,0.000512
FILLER_61_311,VGND,li1,149.2700,179.5200,0.000512
FILLER_61_308,VGND,li1,147.8900,179.5200,0.000512
FILLER_61_305,VGND,li1,146.5100,179.5200,0.000512
FILLER_61_302,VGND,li1,145.1300,179.5200,0.000512
FILLER_61_299,VGND,li1,143.7500,179.5200,0.000512
FILLER_61_296,VGND,li1,142.3700,179.5200,0.000512
FILLER_61_293,VGND,li1,140.9900,179.5200,0.000512
FILLER_61_290,VGND,li1,139.6100,179.5200,0.000512
FILLER_61_287,VGND,li1,138.2300,179.5200,0.000512
FILLER_61_284,VGND,li1,136.8500,179.5200,0.000512
FILLER_61_281,VGND,li1,135.4700,179.5200,0.000511
FILLER_61_278,VGND,li1,133.8600,179.5200,0.000511
FILLER_61_275,VGND,li1,132.7100,179.5200,0.000511
FILLER_61_272,VGND,li1,131.3300,179.5200,0.000511
FILLER_61_269,VGND,li1,129.9500,179.5200,0.000510
FILLER_61_266,VGND,li1,128.5700,179.5200,0.000509
FILLER_61_263,VGND,li1,127.1900,179.5200,0.000509
FILLER_61_260,VGND,li1,125.8100,179.5200,0.000509
FILLER_61_257,VGND,li1,124.4300,179.5200,0.000508
FILLER_61_254,VGND,li1,123.0500,179.5200,0.000508
FILLER_61_251,VGND,li1,121.6700,179.5200,0.000508
FILLER_61_248,VGND,li1,120.2900,179.5200,0.000507
FILLER_61_245,VGND,li1,118.9100,179.5200,0.000507
FILLER_61_242,VGND,li1,117.5300,179.5200,0.000507
FILLER_61_239,VGND,li1,116.1500,179.5200,0.000506
FILLER_61_236,VGND,li1,114.7700,179.5200,0.000506
FILLER_61_233,VGND,li1,113.3900,179.5200,0.000505
FILLER_61_222,VGND,li1,108.1000,179.5200,0.000498
FILLER_61_201,VGND,li1,98.6700,179.5200,0.000483
FILLER_61_198,VGND,li1,97.2900,179.5200,0.000474
FILLER_61_182,VGND,li1,89.9300,179.5200,0.000453
FILLER_61_176,VGND,li1,86.7100,179.5200,0.000441
FILLER_61_165,VGND,li1,82.1100,179.5200,0.000420
FILLER_61_162,VGND,li1,80.7300,179.5200,0.000409
FILLER_61_156,VGND,li1,77.5100,179.5200,0.000398
FILLER_61_153,VGND,li1,76.5900,179.5200,0.000389
FILLER_61_150,VGND,li1,75.2100,179.5200,0.000380
FILLER_61_147,VGND,li1,73.8300,179.5200,0.000380
FILLER_61_144,VGND,li1,72.4500,179.5200,0.000371
FILLER_61_141,VGND,li1,71.0700,179.5200,0.000361
FILLER_61_138,VGND,li1,69.6900,179.5200,0.000352
FILLER_61_124,VGND,li1,62.7900,179.5200,0.000319
FILLER_61_119,VGND,li1,60.9500,179.5200,0.000306
FILLER_61_116,VGND,li1,59.5700,179.5200,0.000306
FILLER_61_113,VGND,li1,58.1900,179.5200,0.000293
FILLER_61_109,VGND,li1,56.3500,179.5200,0.000280
FILLER_61_106,VGND,li1,54.9700,179.5200,0.000280
FILLER_61_99,VGND,li1,51.5200,179.5200,0.000253
FILLER_61_96,VGND,li1,50.3700,179.5200,0.000253
FILLER_61_93,VGND,li1,48.9900,179.5200,0.000238
FILLER_61_90,VGND,li1,47.6100,179.5200,0.000227
FILLER_61_76,VGND,li1,40.7100,179.5200,0.000188
FILLER_61_60,VGND,li1,33.8100,179.5200,0.000135
FILLER_61_57,VGND,li1,32.4300,179.5200,0.000135
FILLER_61_53,VGND,li1,30.5900,179.5200,0.000122
FILLER_61_40,VGND,li1,24.1500,179.5200,0.000077
FILLER_61_37,VGND,li1,23.2300,179.5200,0.000078
FILLER_61_34,VGND,li1,21.8500,179.5200,0.000078
FILLER_61_7,VGND,li1,8.9700,179.5200,0.000083
FILLER_60_318,VGND,li1,152.2600,174.0800,0.000661
FILLER_60_315,VGND,li1,151.1100,174.0800,0.000661
FILLER_60_312,VGND,li1,149.7300,174.0800,0.000661
FILLER_60_309,VGND,li1,148.3500,174.0800,0.000661
FILLER_60_295,VGND,li1,141.6800,174.0800,0.000658
FILLER_60_292,VGND,li1,140.5300,174.0800,0.000658
FILLER_60_289,VGND,li1,139.1500,174.0800,0.000658
FILLER_60_286,VGND,li1,137.7700,174.0800,0.000658
FILLER_60_274,VGND,li1,131.7900,174.0800,0.000655
FILLER_60_271,VGND,li1,130.8700,174.0800,0.000654
FILLER_60_268,VGND,li1,129.4900,174.0800,0.000654
FILLER_60_265,VGND,li1,128.1100,174.0800,0.000653
FILLER_60_262,VGND,li1,126.7300,174.0800,0.000653
FILLER_60_259,VGND,li1,125.3500,174.0800,0.000651
FILLER_60_256,VGND,li1,123.9700,174.0800,0.000651
FILLER_60_253,VGND,li1,122.5900,174.0800,0.000650
FILLER_60_251,VGND,li1,121.2100,174.0800,0.000649
FILLER_60_248,VGND,li1,120.2900,174.0800,0.000649
FILLER_60_245,VGND,li1,118.9100,174.0800,0.000647
FILLER_60_242,VGND,li1,117.5300,174.0800,0.000646
FILLER_60_239,VGND,li1,116.1500,174.0800,0.000646
FILLER_60_225,VGND,li1,109.2500,174.0800,0.000638
FILLER_60_210,VGND,li1,102.5800,174.0800,0.000623
FILLER_60_200,VGND,li1,98.2100,174.0800,0.000597
FILLER_60_197,VGND,li1,96.8300,174.0800,0.000597
FILLER_60_195,VGND,li1,95.4500,174.0800,0.000585
FILLER_60_192,VGND,li1,94.5300,174.0800,0.000585
FILLER_60_160,VGND,li1,79.3500,174.0800,0.000492
FILLER_60_157,VGND,li1,78.4300,174.0800,0.000476
FILLER_60_141,VGND,li1,71.0700,174.0800,0.000426
FILLER_60_139,VGND,li1,69.6900,174.0800,0.000426
FILLER_60_136,VGND,li1,68.7700,174.0800,0.000410
FILLER_60_133,VGND,li1,67.3900,174.0800,0.000410
FILLER_60_130,VGND,li1,66.0100,174.0800,0.000394
FILLER_60_101,VGND,li1,52.6700,174.0800,0.000299
FILLER_60_85,VGND,li1,45.3100,174.0800,0.000251
FILLER_60_81,VGND,li1,43.4700,174.0800,0.000237
FILLER_60_78,VGND,li1,42.0900,174.0800,0.000214
FILLER_60_75,VGND,li1,40.7100,174.0800,0.000214
FILLER_60_72,VGND,li1,39.3300,174.0800,0.000196
FILLER_60_63,VGND,li1,35.1900,174.0800,0.000159
FILLER_60_60,VGND,li1,33.8100,174.0800,0.000159
FILLER_60_57,VGND,li1,32.4300,174.0800,0.000140
FILLER_60_54,VGND,li1,31.0500,174.0800,0.000123
FILLER_60_51,VGND,li1,29.6700,174.0800,0.000123
FILLER_60_48,VGND,li1,28.2900,174.0800,0.000103
FILLER_60_45,VGND,li1,26.9100,174.0800,0.000103
FILLER_60_42,VGND,li1,25.5300,174.0800,0.000088
FILLER_60_39,VGND,li1,24.1500,174.0800,0.000090
FILLER_60_36,VGND,li1,22.7700,174.0800,0.000090
FILLER_60_29,VGND,li1,19.0900,174.0800,0.000092
FILLER_60_21,VGND,li1,15.6400,174.0800,0.000095
FILLER_60_3,VGND,li1,7.1300,174.0800,0.000097
FILLER_59_292,VGND,li1,140.5300,174.0800,0.000658
FILLER_59_281,VGND,li1,135.4700,174.0800,0.000657
FILLER_59_273,VGND,li1,131.3300,174.0800,0.000655
FILLER_59_258,VGND,li1,124.6600,174.0800,0.000651
FILLER_59_255,VGND,li1,123.5100,174.0800,0.000650
FILLER_59_252,VGND,li1,122.1300,174.0800,0.000650
FILLER_59_249,VGND,li1,120.7500,174.0800,0.000649
FILLER_59_246,VGND,li1,119.3700,174.0800,0.000647
FILLER_59_243,VGND,li1,117.9900,174.0800,0.000647
FILLER_59_240,VGND,li1,116.6100,174.0800,0.000646
FILLER_59_237,VGND,li1,115.2300,174.0800,0.000644
FILLER_59_234,VGND,li1,113.8500,174.0800,0.000644
FILLER_59_215,VGND,li1,104.6500,174.0800,0.000630
FILLER_59_185,VGND,li1,91.3100,174.0800,0.000560
FILLER_59_182,VGND,li1,89.9300,174.0800,0.000560
FILLER_59_179,VGND,li1,88.5500,174.0800,0.000546
FILLER_59_172,VGND,li1,85.1000,174.0800,0.000530
FILLER_59_169,VGND,li1,83.9500,174.0800,0.000516
FILLER_59_166,VGND,li1,82.3400,174.0800,0.000504
FILLER_59_163,VGND,li1,81.1900,174.0800,0.000504
FILLER_59_157,VGND,li1,77.9700,174.0800,0.000476
FILLER_59_154,VGND,li1,77.0500,174.0800,0.000476
FILLER_59_122,VGND,li1,61.8700,174.0800,0.000365
FILLER_59_119,VGND,li1,60.9500,174.0800,0.000365
FILLER_59_103,VGND,li1,53.1300,174.0800,0.000299
FILLER_59_76,VGND,li1,40.9400,174.0800,0.000214
FILLER_59_73,VGND,li1,39.7900,174.0800,0.000196
FILLER_59_70,VGND,li1,38.4100,174.0800,0.000196
FILLER_59_60,VGND,li1,33.8100,174.0800,0.000159
FILLER_59_57,VGND,li1,32.4300,174.0800,0.000140
FILLER_59_45,VGND,li1,26.9100,174.0800,0.000103
FILLER_59_42,VGND,li1,25.5300,174.0800,0.000088
FILLER_59_39,VGND,li1,24.1500,174.0800,0.000090
FILLER_59_36,VGND,li1,22.7700,174.0800,0.000090
FILLER_59_24,VGND,li1,17.0200,174.0800,0.000094
FILLER_59_21,VGND,li1,15.8700,174.0800,0.000095
FILLER_59_7,VGND,li1,8.9700,174.0800,0.000097
FILLER_58_318,VGND,li1,152.2600,168.6400,0.000676
FILLER_58_315,VGND,li1,151.1100,168.6400,0.000676
FILLER_58_312,VGND,li1,149.7300,168.6400,0.000676
FILLER_58_309,VGND,li1,148.3500,168.6400,0.000676
FILLER_58_307,VGND,li1,146.9700,168.6400,0.000676
FILLER_58_304,VGND,li1,146.0500,168.6400,0.000676
FILLER_58_296,VGND,li1,141.9100,168.6400,0.000675
FILLER_58_293,VGND,li1,140.9900,168.6400,0.000675
FILLER_58_250,VGND,li1,120.9800,168.6400,0.000654
FILLER_58_247,VGND,li1,119.8300,168.6400,0.000654
FILLER_58_244,VGND,li1,118.4500,168.6400,0.000648
FILLER_58_241,VGND,li1,117.0700,168.6400,0.000648
FILLER_58_238,VGND,li1,115.6900,168.6400,0.000644
FILLER_58_235,VGND,li1,114.3100,168.6400,0.000640
FILLER_58_232,VGND,li1,112.9300,168.6400,0.000640
FILLER_58_210,VGND,li1,102.5800,168.6400,0.000607
FILLER_58_182,VGND,li1,89.4700,168.6400,0.000554
FILLER_58_179,VGND,li1,88.5500,168.6400,0.000542
FILLER_58_176,VGND,li1,87.1700,168.6400,0.000542
FILLER_58_141,VGND,li1,70.8400,168.6400,0.000440
FILLER_58_134,VGND,li1,67.3900,168.6400,0.000412
FILLER_58_131,VGND,li1,66.4700,168.6400,0.000412
FILLER_58_124,VGND,li1,63.0200,168.6400,0.000377
FILLER_58_121,VGND,li1,61.8700,168.6400,0.000377
FILLER_58_118,VGND,li1,60.4900,168.6400,0.000361
FILLER_58_115,VGND,li1,59.1100,168.6400,0.000361
FILLER_58_97,VGND,li1,50.6000,168.6400,0.000299
FILLER_58_88,VGND,li1,46.4600,168.6400,0.000260
FILLER_58_85,VGND,li1,45.3100,168.6400,0.000260
FILLER_58_77,VGND,li1,41.4000,168.6400,0.000222
FILLER_58_29,VGND,li1,19.3200,168.6400,0.000090
FILLER_58_25,VGND,li1,17.7100,168.6400,0.000090
FILLER_58_22,VGND,li1,16.3300,168.6400,0.000091
FILLER_57_318,VGND,li1,152.2600,168.6400,0.000676
FILLER_57_315,VGND,li1,151.1100,168.6400,0.000676
FILLER_57_312,VGND,li1,149.7300,168.6400,0.000676
FILLER_57_302,VGND,li1,145.1300,168.6400,0.000676
FILLER_57_296,VGND,li1,141.9100,168.6400,0.000675
FILLER_57_293,VGND,li1,140.9900,168.6400,0.000675
FILLER_57_277,VGND,li1,133.6300,168.6400,0.000672
FILLER_57_274,VGND,li1,132.2500,168.6400,0.000669
FILLER_57_271,VGND,li1,130.8700,168.6400,0.000669
FILLER_57_243,VGND,li1,117.9900,168.6400,0.000648
FILLER_57_240,VGND,li1,116.6100,168.6400,0.000644
FILLER_57_237,VGND,li1,115.2300,168.6400,0.000644
FILLER_57_234,VGND,li1,113.8500,168.6400,0.000640
FILLER_57_231,VGND,li1,112.4700,168.6400,0.000636
FILLER_57_228,VGND,li1,111.0900,168.6400,0.000636
FILLER_57_225,VGND,li1,109.7100,168.6400,0.000633
FILLER_57_216,VGND,li1,105.5700,168.6400,0.000617
FILLER_57_213,VGND,li1,104.1900,168.6400,0.000617
FILLER_57_210,VGND,li1,102.8100,168.6400,0.000607
FILLER_57_207,VGND,li1,101.4300,168.6400,0.000607
FILLER_57_204,VGND,li1,100.0500,168.6400,0.000598
FILLER_57_201,VGND,li1,98.6700,168.6400,0.000598
FILLER_57_198,VGND,li1,97.2900,168.6400,0.000586
FILLER_57_195,VGND,li1,95.9100,168.6400,0.000586
FILLER_57_184,VGND,li1,90.6200,168.6400,0.000554
FILLER_57_181,VGND,li1,89.4700,168.6400,0.000554
FILLER_57_178,VGND,li1,88.0900,168.6400,0.000542
FILLER_57_175,VGND,li1,86.7100,168.6400,0.000531
FILLER_57_172,VGND,li1,85.3300,168.6400,0.000531
FILLER_57_169,VGND,li1,83.9500,168.6400,0.000516
FILLER_57_167,VGND,li1,82.5700,168.6400,0.000516
FILLER_57_158,VGND,li1,78.6600,168.6400,0.000485
FILLER_57_143,VGND,li1,71.7600,168.6400,0.000440
FILLER_57_140,VGND,li1,70.6100,168.6400,0.000440
FILLER_57_137,VGND,li1,69.2300,168.6400,0.000427
FILLER_57_116,VGND,li1,59.5700,168.6400,0.000361
FILLER_57_113,VGND,li1,58.1900,168.6400,0.000348
FILLER_57_89,VGND,li1,46.9200,168.6400,0.000260
FILLER_57_86,VGND,li1,45.7700,168.6400,0.000260
FILLER_57_83,VGND,li1,44.3900,168.6400,0.000243
FILLER_57_80,VGND,li1,43.0100,168.6400,0.000243
FILLER_57_60,VGND,li1,33.8100,168.6400,0.000171
FILLER_57_57,VGND,li1,32.4300,168.6400,0.000153
FILLER_57_38,VGND,li1,23.4600,168.6400,0.000087
FILLER_57_35,VGND,li1,22.3100,168.6400,0.000088
FILLER_57_19,VGND,li1,14.9500,168.6400,0.000091
FILLER_56_318,VGND,li1,152.2600,163.2000,0.000966
FILLER_56_315,VGND,li1,151.1100,163.2000,0.000966
FILLER_56_312,VGND,li1,149.7300,163.2000,0.000966
FILLER_56_309,VGND,li1,148.3500,163.2000,0.000966
FILLER_56_307,VGND,li1,146.9700,163.2000,0.000966
FILLER_56_304,VGND,li1,146.0500,163.2000,0.000966
FILLER_56_301,VGND,li1,144.6700,163.2000,0.000966
FILLER_56_298,VGND,li1,143.2900,163.2000,0.000966
FILLER_56_288,VGND,li1,138.6900,163.2000,0.000964
FILLER_56_285,VGND,li1,137.3100,163.2000,0.000964
FILLER_56_282,VGND,li1,135.9300,163.2000,0.000963
FILLER_56_256,VGND,li1,123.9700,163.2000,0.000955
FILLER_56_253,VGND,li1,122.5900,163.2000,0.000953
FILLER_56_251,VGND,li1,121.2100,163.2000,0.000951
FILLER_56_245,VGND,li1,118.4500,163.2000,0.000948
FILLER_56_242,VGND,li1,117.5300,163.2000,0.000948
FILLER_56_234,VGND,li1,113.3900,163.2000,0.000940
FILLER_56_224,VGND,li1,109.0200,163.2000,0.000913
FILLER_56_221,VGND,li1,107.8700,163.2000,0.000898
FILLER_56_218,VGND,li1,106.4900,163.2000,0.000898
FILLER_56_215,VGND,li1,105.1100,163.2000,0.000882
FILLER_56_212,VGND,li1,103.7300,163.2000,0.000869
FILLER_56_209,VGND,li1,102.3500,163.2000,0.000869
FILLER_56_206,VGND,li1,100.9700,163.2000,0.000855
FILLER_56_203,VGND,li1,99.5900,163.2000,0.000837
FILLER_56_200,VGND,li1,98.2100,163.2000,0.000837
FILLER_56_197,VGND,li1,96.8300,163.2000,0.000817
FILLER_56_195,VGND,li1,95.4500,163.2000,0.000817
FILLER_56_192,VGND,li1,94.5300,163.2000,0.000797
FILLER_56_189,VGND,li1,93.1500,163.2000,0.000797
FILLER_56_186,VGND,li1,91.7700,163.2000,0.000777
FILLER_56_172,VGND,li1,84.8700,163.2000,0.000722
FILLER_56_169,VGND,li1,83.9500,163.2000,0.000704
FILLER_56_166,VGND,li1,82.5700,163.2000,0.000687
FILLER_56_163,VGND,li1,81.1900,163.2000,0.000687
FILLER_56_160,VGND,li1,79.8100,163.2000,0.000660
FILLER_56_157,VGND,li1,78.4300,163.2000,0.000660
FILLER_56_154,VGND,li1,77.0500,163.2000,0.000638
FILLER_56_137,VGND,li1,69.2300,163.2000,0.000557
FILLER_56_122,VGND,li1,62.1000,163.2000,0.000501
FILLER_56_119,VGND,li1,60.9500,163.2000,0.000476
FILLER_56_116,VGND,li1,59.5700,163.2000,0.000476
FILLER_56_113,VGND,li1,58.1900,163.2000,0.000453
FILLER_56_110,VGND,li1,56.8100,163.2000,0.000432
FILLER_56_107,VGND,li1,55.4300,163.2000,0.000432
FILLER_56_104,VGND,li1,54.0500,163.2000,0.000407
FILLER_56_101,VGND,li1,52.6700,163.2000,0.000407
FILLER_56_98,VGND,li1,51.2900,163.2000,0.000388
FILLER_56_69,VGND,li1,37.7200,163.2000,0.000255
FILLER_56_65,VGND,li1,35.6500,163.2000,0.000234
FILLER_56_62,VGND,li1,34.7300,163.2000,0.000210
FILLER_56_59,VGND,li1,33.3500,163.2000,0.000210
FILLER_56_56,VGND,li1,31.9700,163.2000,0.000182
FILLER_56_53,VGND,li1,30.5900,163.2000,0.000182
FILLER_56_50,VGND,li1,29.2100,163.2000,0.000162
FILLER_56_47,VGND,li1,27.8300,163.2000,0.000139
FILLER_56_44,VGND,li1,26.4500,163.2000,0.000139
FILLER_56_41,VGND,li1,25.0700,163.2000,0.000110
FILLER_56_38,VGND,li1,23.6900,163.2000,0.000110
FILLER_56_35,VGND,li1,22.3100,163.2000,0.000111
FILLER_56_32,VGND,li1,20.9300,163.2000,0.000112
FILLER_56_29,VGND,li1,19.5500,163.2000,0.000112
FILLER_56_21,VGND,li1,15.4100,163.2000,0.000113
FILLER_56_18,VGND,li1,14.4900,163.2000,0.000113
FILLER_56_15,VGND,li1,13.1100,163.2000,0.000114
FILLER_55_318,VGND,li1,152.2600,163.2000,0.000966
FILLER_55_315,VGND,li1,151.1100,163.2000,0.000966
FILLER_55_306,VGND,li1,146.9700,163.2000,0.000966
FILLER_55_303,VGND,li1,145.5900,163.2000,0.000966
FILLER_55_290,VGND,li1,139.1500,163.2000,0.000964
FILLER_55_287,VGND,li1,138.2300,163.2000,0.000964
FILLER_55_284,VGND,li1,136.8500,163.2000,0.000963
FILLER_55_281,VGND,li1,135.4700,163.2000,0.000963
FILLER_55_277,VGND,li1,133.6300,163.2000,0.000962
FILLER_55_269,VGND,li1,129.9500,163.2000,0.000959
FILLER_55_266,VGND,li1,128.5700,163.2000,0.000959
FILLER_55_263,VGND,li1,127.1900,163.2000,0.000957
FILLER_55_260,VGND,li1,125.8100,163.2000,0.000957
FILLER_55_257,VGND,li1,124.4300,163.2000,0.000955
FILLER_55_242,VGND,li1,117.3000,163.2000,0.000948
FILLER_55_228,VGND,li1,110.6300,163.2000,0.000926
FILLER_55_225,VGND,li1,109.7100,163.2000,0.000913
FILLER_55_221,VGND,li1,107.8700,163.2000,0.000898
FILLER_55_205,VGND,li1,100.5100,163.2000,0.000855
FILLER_55_202,VGND,li1,99.1300,163.2000,0.000837
FILLER_55_160,VGND,li1,79.8100,163.2000,0.000660
FILLER_55_153,VGND,li1,76.1300,163.2000,0.000638
FILLER_55_137,VGND,li1,69.2300,163.2000,0.000557
FILLER_55_134,VGND,li1,67.8500,163.2000,0.000557
FILLER_55_131,VGND,li1,66.4700,163.2000,0.000530
FILLER_55_128,VGND,li1,65.0900,163.2000,0.000530
FILLER_55_125,VGND,li1,63.7100,163.2000,0.000501
FILLER_55_122,VGND,li1,62.3300,163.2000,0.000501
FILLER_55_119,VGND,li1,60.9500,163.2000,0.000476
FILLER_55_116,VGND,li1,59.5700,163.2000,0.000476
FILLER_55_103,VGND,li1,53.1300,163.2000,0.000407
FILLER_55_100,VGND,li1,52.2100,163.2000,0.000388
FILLER_55_97,VGND,li1,50.8300,163.2000,0.000388
FILLER_55_94,VGND,li1,49.4500,163.2000,0.000361
FILLER_55_91,VGND,li1,48.0700,163.2000,0.000361
FILLER_55_83,VGND,li1,44.1600,163.2000,0.000310
FILLER_55_80,VGND,li1,43.0100,163.2000,0.000310
FILLER_55_70,VGND,li1,38.1800,163.2000,0.000255
FILLER_55_55,VGND,li1,31.0500,163.2000,0.000182
FILLER_55_52,VGND,li1,30.1300,163.2000,0.000162
FILLER_55_49,VGND,li1,28.7500,163.2000,0.000162
FILLER_55_35,VGND,li1,21.8500,163.2000,0.000111
FILLER_55_7,VGND,li1,9.2000,163.2000,0.000115
FILLER_54_317,VGND,li1,152.0300,157.7600,0.000807
FILLER_54_306,VGND,li1,146.7400,157.7600,0.000807
FILLER_54_303,VGND,li1,145.5900,157.7600,0.000807
FILLER_54_288,VGND,li1,138.2300,157.7600,0.000801
FILLER_54_285,VGND,li1,137.3100,157.7600,0.000801
FILLER_54_282,VGND,li1,135.9300,157.7600,0.000798
FILLER_54_279,VGND,li1,134.5500,157.7600,0.000798
FILLER_54_272,VGND,li1,130.8700,157.7600,0.000792
FILLER_54_269,VGND,li1,129.9500,157.7600,0.000792
FILLER_54_262,VGND,li1,126.7300,157.7600,0.000788
FILLER_54_251,VGND,li1,121.2100,157.7600,0.000779
FILLER_54_248,VGND,li1,120.2900,157.7600,0.000775
FILLER_54_200,VGND,li1,97.9800,157.7600,0.000703
FILLER_54_197,VGND,li1,96.8300,157.7600,0.000687
FILLER_54_195,VGND,li1,95.4500,157.7600,0.000687
FILLER_54_181,VGND,li1,89.0100,157.7600,0.000636
FILLER_54_147,VGND,li1,73.3700,157.7600,0.000514
FILLER_54_144,VGND,li1,72.4500,157.7600,0.000514
FILLER_54_141,VGND,li1,71.0700,157.7600,0.000493
FILLER_54_113,VGND,li1,57.7300,157.7600,0.000389
FILLER_54_110,VGND,li1,56.8100,157.7600,0.000374
FILLER_54_88,VGND,li1,46.4600,157.7600,0.000297
FILLER_54_85,VGND,li1,45.3100,157.7600,0.000278
FILLER_54_44,VGND,li1,25.9900,157.7600,0.000112
FILLER_54_35,VGND,li1,22.3100,157.7600,0.000096
FILLER_54_32,VGND,li1,20.9300,157.7600,0.000096
FILLER_54_29,VGND,li1,19.5500,157.7600,0.000096
FILLER_54_25,VGND,li1,17.7100,157.7600,0.000097
FILLER_54_22,VGND,li1,16.3300,157.7600,0.000097
FILLER_54_7,VGND,li1,9.2000,157.7600,0.000098
FILLER_53_290,VGND,li1,139.1500,157.7600,0.000804
FILLER_53_278,VGND,li1,133.8600,157.7600,0.000796
FILLER_53_258,VGND,li1,124.8900,157.7600,0.000783
FILLER_53_255,VGND,li1,123.5100,157.7600,0.000783
FILLER_53_252,VGND,li1,122.1300,157.7600,0.000779
FILLER_53_249,VGND,li1,120.7500,157.7600,0.000775
FILLER_53_246,VGND,li1,119.3700,157.7600,0.000775
FILLER_53_243,VGND,li1,117.9900,157.7600,0.000770
FILLER_53_240,VGND,li1,116.6100,157.7600,0.000770
FILLER_53_237,VGND,li1,115.2300,157.7600,0.000764
FILLER_53_234,VGND,li1,113.8500,157.7600,0.000764
FILLER_53_231,VGND,li1,112.4700,157.7600,0.000757
FILLER_53_228,VGND,li1,111.0900,157.7600,0.000757
FILLER_53_225,VGND,li1,109.7100,157.7600,0.000750
FILLER_53_217,VGND,li1,105.8000,157.7600,0.000740
FILLER_53_214,VGND,li1,104.6500,157.7600,0.000730
FILLER_53_211,VGND,li1,103.2700,157.7600,0.000730
FILLER_53_203,VGND,li1,99.1300,157.7600,0.000703
FILLER_53_200,VGND,li1,98.2100,157.7600,0.000703
FILLER_53_178,VGND,li1,88.0900,157.7600,0.000636
FILLER_53_169,VGND,li1,83.9500,157.7600,0.000593
FILLER_53_166,VGND,li1,82.3400,157.7600,0.000593
FILLER_53_157,VGND,li1,78.2000,157.7600,0.000548
FILLER_53_133,VGND,li1,67.3900,157.7600,0.000473
FILLER_53_130,VGND,li1,66.0100,157.7600,0.000450
FILLER_53_127,VGND,li1,64.6300,157.7600,0.000450
FILLER_53_116,VGND,li1,59.5700,157.7600,0.000408
FILLER_53_113,VGND,li1,58.1900,157.7600,0.000389
FILLER_53_110,VGND,li1,56.5800,157.7600,0.000374
FILLER_53_107,VGND,li1,55.4300,157.7600,0.000374
FILLER_53_104,VGND,li1,54.0500,157.7600,0.000354
FILLER_53_101,VGND,li1,52.6700,157.7600,0.000338
FILLER_53_98,VGND,li1,51.2900,157.7600,0.000338
FILLER_53_82,VGND,li1,43.9300,157.7600,0.000262
FILLER_53_79,VGND,li1,42.5500,157.7600,0.000262
FILLER_53_70,VGND,li1,37.9500,157.7600,0.000221
FILLER_53_53,VGND,li1,30.5900,157.7600,0.000154
FILLER_53_50,VGND,li1,29.2100,157.7600,0.000129
FILLER_53_45,VGND,li1,26.6800,157.7600,0.000112
FILLER_53_34,VGND,li1,21.6200,157.7600,0.000096
FILLER_53_31,VGND,li1,20.4700,157.7600,0.000096
FILLER_53_28,VGND,li1,19.0900,157.7600,0.000097
FILLER_53_25,VGND,li1,17.7100,157.7600,0.000097
FILLER_53_22,VGND,li1,16.3300,157.7600,0.000097
FILLER_53_19,VGND,li1,14.9500,157.7600,0.000097
FILLER_53_16,VGND,li1,13.5700,157.7600,0.000098
FILLER_52_318,VGND,li1,152.2600,152.3200,0.001223
FILLER_52_315,VGND,li1,151.1100,152.3200,0.001223
FILLER_52_312,VGND,li1,149.7300,152.3200,0.001223
FILLER_52_309,VGND,li1,148.3500,152.3200,0.001223
FILLER_52_306,VGND,li1,146.7400,152.3200,0.001223
FILLER_52_299,VGND,li1,143.2900,152.3200,0.001223
FILLER_52_296,VGND,li1,142.3700,152.3200,0.001223
FILLER_52_293,VGND,li1,140.9900,152.3200,0.001222
FILLER_52_284,VGND,li1,136.3900,152.3200,0.001220
FILLER_52_276,VGND,li1,133.1700,152.3200,0.001217
FILLER_52_259,VGND,li1,125.1200,152.3200,0.001209
FILLER_52_256,VGND,li1,123.9700,152.3200,0.001209
FILLER_52_253,VGND,li1,122.5900,152.3200,0.001205
FILLER_52_250,VGND,li1,120.9800,152.3200,0.001205
FILLER_52_236,VGND,li1,114.3100,152.3200,0.001181
FILLER_52_233,VGND,li1,113.3900,152.3200,0.001181
FILLER_52_225,VGND,li1,109.2500,152.3200,0.001146
FILLER_52_210,VGND,li1,102.5800,152.3200,0.001096
FILLER_52_194,VGND,li1,95.2200,152.3200,0.001017
FILLER_52_188,VGND,li1,92.2300,152.3200,0.000991
FILLER_52_185,VGND,li1,91.3100,152.3200,0.000964
FILLER_52_182,VGND,li1,89.9300,152.3200,0.000964
FILLER_52_179,VGND,li1,88.5500,152.3200,0.000942
FILLER_52_176,VGND,li1,87.1700,152.3200,0.000915
FILLER_52_173,VGND,li1,85.7900,152.3200,0.000915
FILLER_52_170,VGND,li1,84.4100,152.3200,0.000888
FILLER_52_167,VGND,li1,83.0300,152.3200,0.000866
FILLER_52_164,VGND,li1,81.6500,152.3200,0.000866
FILLER_52_161,VGND,li1,80.2700,152.3200,0.000833
FILLER_52_158,VGND,li1,78.8900,152.3200,0.000833
FILLER_52_155,VGND,li1,77.5100,152.3200,0.000806
FILLER_52_144,VGND,li1,72.2200,152.3200,0.000754
FILLER_52_141,VGND,li1,71.0700,152.3200,0.000729
FILLER_52_138,VGND,li1,69.4600,152.3200,0.000707
FILLER_52_135,VGND,li1,68.3100,152.3200,0.000707
FILLER_52_132,VGND,li1,66.9300,152.3200,0.000684
FILLER_52_129,VGND,li1,65.5500,152.3200,0.000655
FILLER_52_126,VGND,li1,64.1700,152.3200,0.000655
FILLER_52_111,VGND,li1,57.0400,152.3200,0.000550
FILLER_52_108,VGND,li1,55.8900,152.3200,0.000550
FILLER_52_94,VGND,li1,48.9900,152.3200,0.000439
FILLER_52_85,VGND,li1,45.3100,152.3200,0.000411
FILLER_52_81,VGND,li1,43.4700,152.3200,0.000387
FILLER_52_78,VGND,li1,42.0900,152.3200,0.000356
FILLER_52_59,VGND,li1,33.3500,152.3200,0.000251
FILLER_52_56,VGND,li1,31.9700,152.3200,0.000226
FILLER_52_53,VGND,li1,30.5900,152.3200,0.000195
FILLER_52_50,VGND,li1,29.2100,152.3200,0.000195
FILLER_52_47,VGND,li1,27.8300,152.3200,0.000166
FILLER_52_44,VGND,li1,26.4500,152.3200,0.000138
FILLER_52_41,VGND,li1,25.0700,152.3200,0.000138
FILLER_52_35,VGND,li1,21.8500,152.3200,0.000139
FILLER_52_32,VGND,li1,20.9300,152.3200,0.000139
FILLER_52_29,VGND,li1,19.5500,152.3200,0.000139
FILLER_52_27,VGND,li1,18.1700,152.3200,0.000140
FILLER_52_24,VGND,li1,17.2500,152.3200,0.000140
FILLER_52_21,VGND,li1,15.8700,152.3200,0.000140
FILLER_52_18,VGND,li1,14.4900,152.3200,0.000140
FILLER_52_15,VGND,li1,13.1100,152.3200,0.000140
FILLER_51_313,VGND,li1,150.1900,152.3200,0.001223
FILLER_51_310,VGND,li1,148.8100,152.3200,0.001223
FILLER_51_307,VGND,li1,147.4300,152.3200,0.001223
FILLER_51_304,VGND,li1,146.0500,152.3200,0.001223
FILLER_51_301,VGND,li1,144.6700,152.3200,0.001223
FILLER_51_287,VGND,li1,138.2300,152.3200,0.001221
FILLER_51_284,VGND,li1,136.8500,152.3200,0.001220
FILLER_51_281,VGND,li1,135.4700,152.3200,0.001218
FILLER_51_278,VGND,li1,133.8600,152.3200,0.001217
FILLER_51_275,VGND,li1,132.7100,152.3200,0.001217
FILLER_51_272,VGND,li1,131.3300,152.3200,0.001215
FILLER_51_225,VGND,li1,109.7100,152.3200,0.001146
FILLER_51_222,VGND,li1,108.1000,152.3200,0.001146
FILLER_51_219,VGND,li1,106.9500,152.3200,0.001128
FILLER_51_216,VGND,li1,105.5700,152.3200,0.001128
FILLER_51_200,VGND,li1,98.2100,152.3200,0.001058
FILLER_51_184,VGND,li1,90.8500,152.3200,0.000964
FILLER_51_181,VGND,li1,89.4700,152.3200,0.000942
FILLER_51_178,VGND,li1,88.0900,152.3200,0.000942
FILLER_51_175,VGND,li1,86.7100,152.3200,0.000915
FILLER_51_169,VGND,li1,83.4900,152.3200,0.000888
FILLER_51_167,VGND,li1,82.5700,152.3200,0.000866
FILLER_51_164,VGND,li1,81.6500,152.3200,0.000866
FILLER_51_161,VGND,li1,80.2700,152.3200,0.000833
FILLER_51_146,VGND,li1,73.1400,152.3200,0.000754
FILLER_51_132,VGND,li1,66.4700,152.3200,0.000684
FILLER_51_129,VGND,li1,65.5500,152.3200,0.000655
FILLER_51_110,VGND,li1,56.5800,152.3200,0.000550
FILLER_51_107,VGND,li1,55.4300,152.3200,0.000526
FILLER_51_104,VGND,li1,54.0500,152.3200,0.000526
FILLER_51_101,VGND,li1,52.6700,152.3200,0.000503
FILLER_51_91,VGND,li1,48.0700,152.3200,0.000439
FILLER_51_77,VGND,li1,41.1700,152.3200,0.000356
FILLER_51_68,VGND,li1,37.0300,152.3200,0.000288
FILLER_51_65,VGND,li1,36.1100,152.3200,0.000288
FILLER_51_46,VGND,li1,27.1400,152.3200,0.000166
FILLER_51_43,VGND,li1,25.9900,152.3200,0.000138
FILLER_51_40,VGND,li1,24.6100,152.3200,0.000139
FILLER_51_37,VGND,li1,23.2300,152.3200,0.000139
FILLER_51_34,VGND,li1,21.8500,152.3200,0.000139
FILLER_51_31,VGND,li1,20.4700,152.3200,0.000139
FILLER_51_23,VGND,li1,16.5600,152.3200,0.000140
FILLER_51_20,VGND,li1,15.4100,152.3200,0.000140
FILLER_51_3,VGND,li1,7.1300,152.3200,0.000141
FILLER_50_315,VGND,li1,150.6500,146.8800,0.001140
FILLER_50_298,VGND,li1,143.0600,146.8800,0.001138
FILLER_50_287,VGND,li1,138.2300,146.8800,0.001133
FILLER_50_273,VGND,li1,131.3300,146.8800,0.001127
FILLER_50_267,VGND,li1,129.0300,146.8800,0.001124
FILLER_50_264,VGND,li1,127.6500,146.8800,0.001120
FILLER_50_261,VGND,li1,126.2700,146.8800,0.001120
FILLER_50_251,VGND,li1,121.2100,146.8800,0.001107
FILLER_50_248,VGND,li1,120.2900,146.8800,0.001107
FILLER_50_245,VGND,li1,118.9100,146.8800,0.001101
FILLER_50_235,VGND,li1,114.3100,146.8800,0.001088
FILLER_50_219,VGND,li1,106.9500,146.8800,0.001048
FILLER_50_209,VGND,li1,101.8900,146.8800,0.001003
FILLER_50_193,VGND,li1,94.9900,146.8800,0.000944
FILLER_50_190,VGND,li1,93.6100,146.8800,0.000944
FILLER_50_149,VGND,li1,74.5200,146.8800,0.000743
FILLER_50_139,VGND,li1,69.6900,146.8800,0.000688
FILLER_50_118,VGND,li1,60.0300,146.8800,0.000566
FILLER_50_115,VGND,li1,59.1100,146.8800,0.000566
FILLER_50_85,VGND,li1,44.8500,146.8800,0.000376
FILLER_50_81,VGND,li1,43.4700,146.8800,0.000376
FILLER_50_78,VGND,li1,42.0900,146.8800,0.000347
FILLER_50_75,VGND,li1,40.7100,146.8800,0.000322
FILLER_50_72,VGND,li1,39.3300,146.8800,0.000322
FILLER_50_69,VGND,li1,37.9500,146.8800,0.000290
FILLER_50_66,VGND,li1,36.5700,146.8800,0.000290
FILLER_50_56,VGND,li1,31.5100,146.8800,0.000227
FILLER_50_47,VGND,li1,27.3700,146.8800,0.000175
FILLER_50_44,VGND,li1,26.4500,146.8800,0.000152
FILLER_50_29,VGND,li1,19.5500,146.8800,0.000130
FILLER_50_13,VGND,li1,11.9600,146.8800,0.000132
FILLER_50_3,VGND,li1,7.3600,146.8800,0.000132
FILLER_49_301,VGND,li1,144.4400,146.8800,0.001139
FILLER_49_290,VGND,li1,139.3800,146.8800,0.001136
FILLER_49_287,VGND,li1,138.2300,146.8800,0.001133
FILLER_49_284,VGND,li1,136.8500,146.8800,0.001133
FILLER_49_281,VGND,li1,135.4700,146.8800,0.001131
FILLER_49_279,VGND,li1,134.0900,146.8800,0.001131
FILLER_49_253,VGND,li1,122.3600,146.8800,0.001112
FILLER_49_240,VGND,li1,116.1500,146.8800,0.001095
FILLER_49_234,VGND,li1,113.3900,146.8800,0.001080
FILLER_49_231,VGND,li1,112.4700,146.8800,0.001080
FILLER_49_228,VGND,li1,111.0900,146.8800,0.001072
FILLER_49_225,VGND,li1,109.7100,146.8800,0.001060
FILLER_49_222,VGND,li1,108.1000,146.8800,0.001048
FILLER_49_219,VGND,li1,106.9500,146.8800,0.001048
FILLER_49_216,VGND,li1,105.5700,146.8800,0.001030
FILLER_49_213,VGND,li1,104.1900,146.8800,0.001030
FILLER_49_185,VGND,li1,91.0800,146.8800,0.000919
FILLER_49_177,VGND,li1,87.1700,146.8800,0.000870
FILLER_49_174,VGND,li1,86.2500,146.8800,0.000870
FILLER_49_167,VGND,li1,82.5700,146.8800,0.000821
FILLER_49_164,VGND,li1,81.6500,146.8800,0.000821
FILLER_49_127,VGND,li1,64.6300,146.8800,0.000630
FILLER_49_124,VGND,li1,63.2500,146.8800,0.000598
FILLER_49_111,VGND,li1,56.8100,146.8800,0.000522
FILLER_49_108,VGND,li1,55.8900,146.8800,0.000522
FILLER_49_100,VGND,li1,51.7500,146.8800,0.000467
FILLER_49_97,VGND,li1,50.8300,146.8800,0.000467
FILLER_49_77,VGND,li1,41.1700,146.8800,0.000347
FILLER_49_57,VGND,li1,32.4300,146.8800,0.000227
FILLER_49_55,VGND,li1,31.0500,146.8800,0.000201
FILLER_49_52,VGND,li1,30.1300,146.8800,0.000201
FILLER_49_49,VGND,li1,28.7500,146.8800,0.000175
FILLER_49_46,VGND,li1,27.3700,146.8800,0.000175
FILLER_49_38,VGND,li1,23.6900,146.8800,0.000129
FILLER_49_35,VGND,li1,22.3100,146.8800,0.000130
FILLER_49_32,VGND,li1,20.9300,146.8800,0.000130
FILLER_49_29,VGND,li1,19.5500,146.8800,0.000130
FILLER_49_20,VGND,li1,14.9500,146.8800,0.000131
FILLER_49_17,VGND,li1,14.0300,146.8800,0.000131
FILLER_49_14,VGND,li1,12.6500,146.8800,0.000132
FILLER_49_11,VGND,li1,11.2700,146.8800,0.000132
FILLER_48_309,VGND,li1,148.1200,141.4400,0.001006
FILLER_48_298,VGND,li1,143.0600,141.4400,0.001005
FILLER_48_290,VGND,li1,139.1500,141.4400,0.001003
FILLER_48_287,VGND,li1,138.2300,141.4400,0.001002
FILLER_48_284,VGND,li1,136.8500,141.4400,0.001002
FILLER_48_281,VGND,li1,135.4700,141.4400,0.000999
FILLER_48_278,VGND,li1,134.0900,141.4400,0.000999
FILLER_48_265,VGND,li1,128.1100,141.4400,0.000990
FILLER_48_262,VGND,li1,126.7300,141.4400,0.000987
FILLER_48_259,VGND,li1,125.3500,141.4400,0.000987
FILLER_48_253,VGND,li1,122.1300,141.4400,0.000981
FILLER_48_250,VGND,li1,120.9800,141.4400,0.000978
FILLER_48_247,VGND,li1,119.8300,141.4400,0.000978
FILLER_48_244,VGND,li1,118.4500,141.4400,0.000974
FILLER_48_241,VGND,li1,117.0700,141.4400,0.000974
FILLER_48_207,VGND,li1,101.4300,141.4400,0.000880
FILLER_48_204,VGND,li1,100.0500,141.4400,0.000865
FILLER_48_195,VGND,li1,95.4500,141.4400,0.000828
FILLER_48_187,VGND,li1,92.2300,141.4400,0.000786
FILLER_48_184,VGND,li1,90.8500,141.4400,0.000786
FILLER_48_168,VGND,li1,83.4900,141.4400,0.000717
FILLER_48_165,VGND,li1,82.1100,141.4400,0.000700
FILLER_48_150,VGND,li1,74.9800,141.4400,0.000633
FILLER_48_147,VGND,li1,73.8300,141.4400,0.000611
FILLER_48_144,VGND,li1,72.4500,141.4400,0.000611
FILLER_48_141,VGND,li1,71.0700,141.4400,0.000584
FILLER_48_139,VGND,li1,69.6900,141.4400,0.000584
FILLER_48_123,VGND,li1,62.7900,141.4400,0.000516
FILLER_48_120,VGND,li1,61.4100,141.4400,0.000488
FILLER_48_115,VGND,li1,58.8800,141.4400,0.000469
FILLER_48_112,VGND,li1,57.7300,141.4400,0.000450
FILLER_48_109,VGND,li1,56.3500,141.4400,0.000450
FILLER_48_106,VGND,li1,54.9700,141.4400,0.000422
FILLER_48_91,VGND,li1,47.8400,141.4400,0.000351
FILLER_48_88,VGND,li1,46.6900,141.4400,0.000351
FILLER_48_85,VGND,li1,45.3100,141.4400,0.000327
FILLER_48_69,VGND,li1,37.7200,141.4400,0.000257
FILLER_48_66,VGND,li1,36.5700,141.4400,0.000231
FILLER_48_63,VGND,li1,35.1900,141.4400,0.000231
FILLER_48_60,VGND,li1,33.8100,141.4400,0.000202
FILLER_48_44,VGND,li1,26.4500,141.4400,0.000138
FILLER_48_41,VGND,li1,25.0700,141.4400,0.000109
FILLER_48_38,VGND,li1,23.6900,141.4400,0.000109
FILLER_48_35,VGND,li1,22.3100,141.4400,0.000110
FILLER_48_32,VGND,li1,20.9300,141.4400,0.000110
FILLER_48_29,VGND,li1,19.5500,141.4400,0.000110
FILLER_48_26,VGND,li1,17.9400,141.4400,0.000110
FILLER_48_23,VGND,li1,16.7900,141.4400,0.000111
FILLER_48_20,VGND,li1,15.4100,141.4400,0.000111
FILLER_48_17,VGND,li1,14.0300,141.4400,0.000111
FILLER_48_11,VGND,li1,11.2700,141.4400,0.000111
FILLER_47_279,VGND,li1,134.0900,141.4400,0.000999
FILLER_47_270,VGND,li1,130.1800,141.4400,0.000993
FILLER_47_266,VGND,li1,128.1100,141.4400,0.000990
FILLER_47_263,VGND,li1,127.1900,141.4400,0.000990
FILLER_47_260,VGND,li1,125.8100,141.4400,0.000987
FILLER_47_257,VGND,li1,124.4300,141.4400,0.000984
FILLER_47_254,VGND,li1,123.0500,141.4400,0.000981
FILLER_47_251,VGND,li1,121.6700,141.4400,0.000981
FILLER_47_239,VGND,li1,115.9200,141.4400,0.000969
FILLER_47_236,VGND,li1,114.7700,141.4400,0.000961
FILLER_47_233,VGND,li1,113.3900,141.4400,0.000961
FILLER_47_212,VGND,li1,103.5000,141.4400,0.000898
FILLER_47_209,VGND,li1,102.3500,141.4400,0.000880
FILLER_47_206,VGND,li1,100.9700,141.4400,0.000865
FILLER_47_203,VGND,li1,99.5900,141.4400,0.000865
FILLER_47_200,VGND,li1,98.2100,141.4400,0.000849
FILLER_47_197,VGND,li1,96.8300,141.4400,0.000828
FILLER_47_176,VGND,li1,86.9400,141.4400,0.000750
FILLER_47_161,VGND,li1,80.0400,141.4400,0.000673
FILLER_47_158,VGND,li1,78.8900,141.4400,0.000673
FILLER_47_155,VGND,li1,77.5100,141.4400,0.000653
FILLER_47_152,VGND,li1,76.1300,141.4400,0.000633
FILLER_47_149,VGND,li1,74.7500,141.4400,0.000633
FILLER_47_146,VGND,li1,73.3700,141.4400,0.000611
FILLER_47_132,VGND,li1,66.4700,141.4400,0.000543
FILLER_47_129,VGND,li1,65.5500,141.4400,0.000543
FILLER_47_116,VGND,li1,59.1100,141.4400,0.000469
FILLER_47_113,VGND,li1,58.1900,141.4400,0.000469
FILLER_47_109,VGND,li1,56.3500,141.4400,0.000450
FILLER_47_106,VGND,li1,54.9700,141.4400,0.000422
FILLER_47_103,VGND,li1,53.5900,141.4400,0.000422
FILLER_47_95,VGND,li1,49.6800,141.4400,0.000370
FILLER_47_92,VGND,li1,48.5300,141.4400,0.000370
FILLER_47_78,VGND,li1,41.6300,141.4400,0.000289
FILLER_47_75,VGND,li1,40.7100,141.4400,0.000289
FILLER_47_72,VGND,li1,39.3300,141.4400,0.000257
FILLER_47_69,VGND,li1,37.9500,141.4400,0.000257
FILLER_47_66,VGND,li1,36.5700,141.4400,0.000231
FILLER_47_63,VGND,li1,35.1900,141.4400,0.000231
FILLER_47_60,VGND,li1,33.8100,141.4400,0.000202
FILLER_47_42,VGND,li1,25.0700,141.4400,0.000109
FILLER_47_26,VGND,li1,18.1700,141.4400,0.000110
FILLER_47_23,VGND,li1,16.7900,141.4400,0.000111
FILLER_47_3,VGND,li1,7.3600,141.4400,0.000111
FILLER_46_317,VGND,li1,152.0300,136.0000,0.001153
FILLER_46_300,VGND,li1,143.7500,136.0000,0.001153
FILLER_46_275,VGND,li1,132.7100,136.0000,0.001132
FILLER_46_272,VGND,li1,131.3300,136.0000,0.001123
FILLER_46_269,VGND,li1,129.9500,136.0000,0.001123
FILLER_46_266,VGND,li1,128.5700,136.0000,0.001113
FILLER_46_263,VGND,li1,127.1900,136.0000,0.001113
FILLER_46_253,VGND,li1,122.1300,136.0000,0.001092
FILLER_46_249,VGND,li1,120.7500,136.0000,0.001082
FILLER_46_235,VGND,li1,113.8500,136.0000,0.001040
FILLER_46_232,VGND,li1,112.9300,136.0000,0.001040
FILLER_46_218,VGND,li1,106.2600,136.0000,0.000987
FILLER_46_215,VGND,li1,105.1100,136.0000,0.000972
FILLER_46_212,VGND,li1,103.7300,136.0000,0.000972
FILLER_46_203,VGND,li1,99.3600,136.0000,0.000935
FILLER_46_200,VGND,li1,98.2100,136.0000,0.000911
FILLER_46_197,VGND,li1,96.8300,136.0000,0.000911
FILLER_46_195,VGND,li1,95.4500,136.0000,0.000894
FILLER_46_192,VGND,li1,94.5300,136.0000,0.000876
FILLER_46_189,VGND,li1,93.1500,136.0000,0.000876
FILLER_46_183,VGND,li1,89.9300,136.0000,0.000836
FILLER_46_180,VGND,li1,89.0100,136.0000,0.000836
FILLER_46_177,VGND,li1,87.6300,136.0000,0.000809
FILLER_46_174,VGND,li1,86.2500,136.0000,0.000809
FILLER_46_147,VGND,li1,73.3700,136.0000,0.000675
FILLER_46_144,VGND,li1,72.4500,136.0000,0.000655
FILLER_46_141,VGND,li1,71.0700,136.0000,0.000655
FILLER_46_137,VGND,li1,69.2300,136.0000,0.000635
FILLER_46_134,VGND,li1,67.8500,136.0000,0.000610
FILLER_46_131,VGND,li1,66.4700,136.0000,0.000590
FILLER_46_128,VGND,li1,65.0900,136.0000,0.000590
FILLER_46_109,VGND,li1,55.8900,136.0000,0.000477
FILLER_46_106,VGND,li1,54.9700,136.0000,0.000477
FILLER_46_97,VGND,li1,50.6000,136.0000,0.000428
FILLER_46_94,VGND,li1,49.4500,136.0000,0.000400
FILLER_46_91,VGND,li1,48.0700,136.0000,0.000400
FILLER_46_82,VGND,li1,43.7000,136.0000,0.000330
FILLER_46_79,VGND,li1,42.5500,136.0000,0.000330
FILLER_46_62,VGND,li1,34.2700,136.0000,0.000226
FILLER_46_59,VGND,li1,33.3500,136.0000,0.000226
FILLER_46_56,VGND,li1,31.9700,136.0000,0.000205
FILLER_46_46,VGND,li1,26.9100,136.0000,0.000147
FILLER_46_43,VGND,li1,25.9900,136.0000,0.000122
FILLER_46_40,VGND,li1,24.6100,136.0000,0.000122
FILLER_46_26,VGND,li1,17.9400,136.0000,0.000123
FILLER_46_20,VGND,li1,15.4100,136.0000,0.000124
FILLER_46_17,VGND,li1,14.0300,136.0000,0.000124
FILLER_46_3,VGND,li1,7.1300,136.0000,0.000124
FILLER_45_303,VGND,li1,145.1300,136.0000,0.001153
FILLER_45_261,VGND,li1,126.0400,136.0000,0.001103
FILLER_45_249,VGND,li1,120.2900,136.0000,0.001082
FILLER_45_246,VGND,li1,119.3700,136.0000,0.001082
FILLER_45_231,VGND,li1,112.2400,136.0000,0.001040
FILLER_45_228,VGND,li1,111.0900,136.0000,0.001021
FILLER_45_225,VGND,li1,109.7100,136.0000,0.001021
FILLER_45_222,VGND,li1,108.1000,136.0000,0.001006
FILLER_45_219,VGND,li1,106.9500,136.0000,0.000987
FILLER_45_216,VGND,li1,105.5700,136.0000,0.000987
FILLER_45_213,VGND,li1,104.1900,136.0000,0.000972
FILLER_45_194,VGND,li1,94.9900,136.0000,0.000894
FILLER_45_184,VGND,li1,90.8500,136.0000,0.000854
FILLER_45_181,VGND,li1,89.4700,136.0000,0.000836
FILLER_45_172,VGND,li1,85.1000,136.0000,0.000787
FILLER_45_169,VGND,li1,83.9500,136.0000,0.000787
FILLER_45_160,VGND,li1,79.5800,136.0000,0.000744
FILLER_45_126,VGND,li1,63.7100,136.0000,0.000565
FILLER_45_123,VGND,li1,62.7900,136.0000,0.000565
FILLER_45_113,VGND,li1,57.7300,136.0000,0.000503
FILLER_45_72,VGND,li1,38.8700,136.0000,0.000292
FILLER_45_57,VGND,li1,32.2000,136.0000,0.000205
FILLER_45_45,VGND,li1,26.6800,136.0000,0.000147
FILLER_45_42,VGND,li1,25.5300,136.0000,0.000122
FILLER_45_39,VGND,li1,24.1500,136.0000,0.000123
FILLER_45_36,VGND,li1,22.7700,136.0000,0.000123
FILLER_45_33,VGND,li1,21.3900,136.0000,0.000123
FILLER_45_30,VGND,li1,20.0100,136.0000,0.000123
FILLER_45_27,VGND,li1,18.6300,136.0000,0.000123
FILLER_45_24,VGND,li1,17.2500,136.0000,0.000124
FILLER_45_21,VGND,li1,15.8700,136.0000,0.000124
FILLER_45_18,VGND,li1,14.4900,136.0000,0.000124
FILLER_45_15,VGND,li1,13.1100,136.0000,0.000124
FILLER_45_12,VGND,li1,11.7300,136.0000,0.000124
FILLER_45_9,VGND,li1,10.3500,136.0000,0.000124
FILLER_45_6,VGND,li1,8.9700,136.0000,0.000124
FILLER_45_3,VGND,li1,7.5900,136.0000,0.000124
FILLER_44_315,VGND,li1,150.6500,130.5600,0.001265
FILLER_44_312,VGND,li1,149.7300,130.5600,0.001264
FILLER_44_309,VGND,li1,148.3500,130.5600,0.001264
FILLER_44_307,VGND,li1,146.9700,130.5600,0.001264
FILLER_44_286,VGND,li1,137.5400,130.5600,0.001257
FILLER_44_283,VGND,li1,136.3900,130.5600,0.001254
FILLER_44_251,VGND,li1,121.2100,130.5600,0.001216
FILLER_44_248,VGND,li1,120.2900,130.5600,0.001207
FILLER_44_245,VGND,li1,118.9100,130.5600,0.001198
FILLER_44_242,VGND,li1,117.5300,130.5600,0.001198
FILLER_44_239,VGND,li1,116.1500,130.5600,0.001188
FILLER_44_232,VGND,li1,112.7000,130.5600,0.001173
FILLER_44_205,VGND,li1,100.0500,130.5600,0.001051
FILLER_44_202,VGND,li1,99.1300,130.5600,0.001051
FILLER_44_181,VGND,li1,89.2400,130.5600,0.000921
FILLER_44_178,VGND,li1,88.0900,130.5600,0.000921
FILLER_44_151,VGND,li1,75.2100,130.5600,0.000762
FILLER_44_148,VGND,li1,74.2900,130.5600,0.000762
FILLER_44_125,VGND,li1,63.4800,130.5600,0.000632
FILLER_44_122,VGND,li1,62.3300,130.5600,0.000607
FILLER_44_119,VGND,li1,60.9500,130.5600,0.000584
FILLER_44_116,VGND,li1,59.5700,130.5600,0.000584
FILLER_44_113,VGND,li1,58.1900,130.5600,0.000551
FILLER_44_110,VGND,li1,56.8100,130.5600,0.000551
FILLER_44_96,VGND,li1,49.9100,130.5600,0.000465
FILLER_44_88,VGND,li1,46.2300,130.5600,0.000418
FILLER_44_85,VGND,li1,45.3100,130.5600,0.000389
FILLER_44_81,VGND,li1,43.4700,130.5600,0.000365
FILLER_44_78,VGND,li1,42.0900,130.5600,0.000365
FILLER_44_75,VGND,li1,40.7100,130.5600,0.000327
FILLER_44_69,VGND,li1,37.9500,130.5600,0.000294
FILLER_44_44,VGND,li1,25.9900,130.5600,0.000136
FILLER_44_41,VGND,li1,25.0700,130.5600,0.000136
FILLER_44_38,VGND,li1,23.6900,130.5600,0.000136
FILLER_44_32,VGND,li1,20.9300,130.5600,0.000137
FILLER_44_29,VGND,li1,19.5500,130.5600,0.000137
FILLER_44_23,VGND,li1,16.5600,130.5600,0.000138
FILLER_44_9,VGND,li1,9.8900,130.5600,0.000139
FILLER_44_6,VGND,li1,8.9700,130.5600,0.000139
FILLER_44_3,VGND,li1,7.5900,130.5600,0.000139
FILLER_43_319,VGND,li1,152.4900,130.5600,0.001265
FILLER_43_316,VGND,li1,151.5700,130.5600,0.001265
FILLER_43_313,VGND,li1,150.1900,130.5600,0.001264
FILLER_43_310,VGND,li1,148.8100,130.5600,0.001264
FILLER_43_297,VGND,li1,142.3700,130.5600,0.001263
FILLER_43_284,VGND,li1,136.3900,130.5600,0.001254
FILLER_43_281,VGND,li1,135.4700,130.5600,0.001254
FILLER_43_279,VGND,li1,134.0900,130.5600,0.001250
FILLER_43_276,VGND,li1,133.1700,130.5600,0.001250
FILLER_43_273,VGND,li1,131.7900,130.5600,0.001245
FILLER_43_270,VGND,li1,130.4100,130.5600,0.001245
FILLER_43_267,VGND,li1,129.0300,130.5600,0.001239
FILLER_43_264,VGND,li1,127.6500,130.5600,0.001239
FILLER_43_256,VGND,li1,123.5100,130.5600,0.001227
FILLER_43_253,VGND,li1,122.5900,130.5600,0.001216
FILLER_43_247,VGND,li1,119.3700,130.5600,0.001207
FILLER_43_244,VGND,li1,118.4500,130.5600,0.001198
FILLER_43_241,VGND,li1,117.0700,130.5600,0.001188
FILLER_43_238,VGND,li1,115.6900,130.5600,0.001188
FILLER_43_222,VGND,li1,108.1000,130.5600,0.001139
FILLER_43_207,VGND,li1,101.2000,130.5600,0.001074
FILLER_43_204,VGND,li1,100.0500,130.5600,0.001051
FILLER_43_189,VGND,li1,92.9200,130.5600,0.000978
FILLER_43_186,VGND,li1,91.7700,130.5600,0.000951
FILLER_43_183,VGND,li1,90.3900,130.5600,0.000951
FILLER_43_172,VGND,li1,85.3300,130.5600,0.000881
FILLER_43_169,VGND,li1,83.9500,130.5600,0.000857
FILLER_43_166,VGND,li1,82.3400,130.5600,0.000857
FILLER_43_149,VGND,li1,74.2900,130.5600,0.000762
FILLER_43_146,VGND,li1,73.3700,130.5600,0.000734
FILLER_43_143,VGND,li1,71.9900,130.5600,0.000734
FILLER_43_140,VGND,li1,70.6100,130.5600,0.000712
FILLER_43_137,VGND,li1,69.2300,130.5600,0.000685
FILLER_43_134,VGND,li1,67.8500,130.5600,0.000685
FILLER_43_113,VGND,li1,57.9600,130.5600,0.000551
FILLER_43_96,VGND,li1,50.3700,130.5600,0.000465
FILLER_43_93,VGND,li1,48.9900,130.5600,0.000441
FILLER_43_90,VGND,li1,47.6100,130.5600,0.000418
FILLER_43_66,VGND,li1,36.5700,130.5600,0.000294
FILLER_43_63,VGND,li1,35.1900,130.5600,0.000259
FILLER_43_60,VGND,li1,33.8100,130.5600,0.000259
FILLER_43_57,VGND,li1,32.4300,130.5600,0.000223
FILLER_43_55,VGND,li1,31.0500,130.5600,0.000223
FILLER_43_40,VGND,li1,24.3800,130.5600,0.000136
FILLER_43_25,VGND,li1,17.4800,130.5600,0.000138
FILLER_42_318,VGND,li1,152.2600,125.1200,0.001084
FILLER_42_315,VGND,li1,151.1100,125.1200,0.001084
FILLER_42_299,VGND,li1,143.2900,125.1200,0.001082
FILLER_42_296,VGND,li1,142.3700,125.1200,0.001082
FILLER_42_280,VGND,li1,134.7800,125.1200,0.001076
FILLER_42_269,VGND,li1,129.4900,125.1200,0.001069
FILLER_42_266,VGND,li1,128.5700,125.1200,0.001069
FILLER_42_253,VGND,li1,122.1300,125.1200,0.001055
FILLER_42_250,VGND,li1,120.9800,125.1200,0.001049
FILLER_42_247,VGND,li1,119.8300,125.1200,0.001049
FILLER_42_230,VGND,li1,111.5500,125.1200,0.001004
FILLER_42_220,VGND,li1,107.4100,125.1200,0.000972
FILLER_42_212,VGND,li1,103.2700,125.1200,0.000929
FILLER_42_209,VGND,li1,102.3500,125.1200,0.000929
FILLER_42_206,VGND,li1,100.9700,125.1200,0.000905
FILLER_42_203,VGND,li1,99.5900,125.1200,0.000905
FILLER_42_200,VGND,li1,98.2100,125.1200,0.000878
FILLER_42_197,VGND,li1,96.8300,125.1200,0.000878
FILLER_42_193,VGND,li1,94.9900,125.1200,0.000861
FILLER_42_190,VGND,li1,93.6100,125.1200,0.000843
FILLER_42_187,VGND,li1,92.2300,125.1200,0.000821
FILLER_42_184,VGND,li1,90.8500,125.1200,0.000821
FILLER_42_178,VGND,li1,87.6300,125.1200,0.000790
FILLER_42_175,VGND,li1,86.7100,125.1200,0.000768
FILLER_42_172,VGND,li1,85.3300,125.1200,0.000768
FILLER_42_169,VGND,li1,83.9500,125.1200,0.000745
FILLER_42_166,VGND,li1,82.5700,125.1200,0.000727
FILLER_42_163,VGND,li1,81.1900,125.1200,0.000727
FILLER_42_160,VGND,li1,79.8100,125.1200,0.000701
FILLER_42_157,VGND,li1,78.4300,125.1200,0.000701
FILLER_42_154,VGND,li1,77.0500,125.1200,0.000674
FILLER_42_151,VGND,li1,75.6700,125.1200,0.000674
FILLER_42_138,VGND,li1,69.4600,125.1200,0.000594
FILLER_42_135,VGND,li1,68.3100,125.1200,0.000594
FILLER_42_132,VGND,li1,66.9300,125.1200,0.000570
FILLER_42_129,VGND,li1,65.5500,125.1200,0.000570
FILLER_42_122,VGND,li1,62.1000,125.1200,0.000521
FILLER_42_119,VGND,li1,60.9500,125.1200,0.000521
FILLER_42_116,VGND,li1,59.5700,125.1200,0.000492
FILLER_42_105,VGND,li1,54.5100,125.1200,0.000437
FILLER_42_100,VGND,li1,51.9800,125.1200,0.000412
FILLER_42_97,VGND,li1,50.8300,125.1200,0.000412
FILLER_42_70,VGND,li1,37.9500,125.1200,0.000253
FILLER_42_67,VGND,li1,37.0300,125.1200,0.000253
FILLER_42_38,VGND,li1,23.2300,125.1200,0.000121
FILLER_42_27,VGND,li1,18.1700,125.1200,0.000122
FILLER_42_24,VGND,li1,17.2500,125.1200,0.000122
FILLER_42_21,VGND,li1,15.8700,125.1200,0.000123
FILLER_42_7,VGND,li1,9.2000,125.1200,0.000123
FILLER_41_301,VGND,li1,144.4400,125.1200,0.001083
FILLER_41_298,VGND,li1,143.2900,125.1200,0.001082
FILLER_41_295,VGND,li1,141.9100,125.1200,0.001082
FILLER_41_290,VGND,li1,139.3800,125.1200,0.001082
FILLER_41_281,VGND,li1,135.0100,125.1200,0.001078
FILLER_41_252,VGND,li1,121.9000,125.1200,0.001055
FILLER_41_237,VGND,li1,114.7700,125.1200,0.001021
FILLER_41_234,VGND,li1,113.8500,125.1200,0.001021
FILLER_41_231,VGND,li1,112.4700,125.1200,0.001004
FILLER_41_228,VGND,li1,111.0900,125.1200,0.000990
FILLER_41_225,VGND,li1,109.7100,125.1200,0.000990
FILLER_41_222,VGND,li1,108.1000,125.1200,0.000972
FILLER_41_213,VGND,li1,103.9600,125.1200,0.000929
FILLER_41_198,VGND,li1,97.0600,125.1200,0.000878
FILLER_41_195,VGND,li1,95.9100,125.1200,0.000861
FILLER_41_192,VGND,li1,94.5300,125.1200,0.000843
FILLER_41_189,VGND,li1,93.1500,125.1200,0.000843
FILLER_41_175,VGND,li1,86.7100,125.1200,0.000768
FILLER_41_172,VGND,li1,85.3300,125.1200,0.000768
FILLER_41_169,VGND,li1,83.9500,125.1200,0.000745
FILLER_41_166,VGND,li1,82.3400,125.1200,0.000727
FILLER_41_131,VGND,li1,66.0100,125.1200,0.000570
FILLER_41_128,VGND,li1,65.0900,125.1200,0.000550
FILLER_41_125,VGND,li1,63.7100,125.1200,0.000550
FILLER_41_122,VGND,li1,62.3300,125.1200,0.000521
FILLER_41_119,VGND,li1,60.9500,125.1200,0.000521
FILLER_41_116,VGND,li1,59.5700,125.1200,0.000492
FILLER_41_109,VGND,li1,56.3500,125.1200,0.000472
FILLER_41_72,VGND,li1,39.1000,125.1200,0.000282
FILLER_41_69,VGND,li1,37.9500,125.1200,0.000253
FILLER_41_66,VGND,li1,36.5700,125.1200,0.000253
FILLER_41_55,VGND,li1,31.0500,125.1200,0.000190
FILLER_41_50,VGND,li1,28.9800,125.1200,0.000166
FILLER_41_44,VGND,li1,26.4500,125.1200,0.000120
FILLER_41_41,VGND,li1,25.0700,125.1200,0.000120
FILLER_41_38,VGND,li1,23.6900,125.1200,0.000121
FILLER_41_35,VGND,li1,22.3100,125.1200,0.000122
FILLER_41_32,VGND,li1,20.9300,125.1200,0.000122
FILLER_41_29,VGND,li1,19.5500,125.1200,0.000122
FILLER_41_26,VGND,li1,18.1700,125.1200,0.000122
FILLER_41_23,VGND,li1,16.7900,125.1200,0.000122
FILLER_41_18,VGND,li1,14.2600,125.1200,0.000123
FILLER_41_15,VGND,li1,13.1100,125.1200,0.000123
FILLER_41_12,VGND,li1,11.7300,125.1200,0.000123
FILLER_41_9,VGND,li1,10.3500,125.1200,0.000123
FILLER_41_6,VGND,li1,8.9700,125.1200,0.000123
FILLER_41_3,VGND,li1,7.5900,125.1200,0.000124
FILLER_40_318,VGND,li1,152.2600,119.6800,0.001188
FILLER_40_315,VGND,li1,151.1100,119.6800,0.001188
FILLER_40_312,VGND,li1,149.7300,119.6800,0.001188
FILLER_40_309,VGND,li1,148.3500,119.6800,0.001188
FILLER_40_305,VGND,li1,146.5100,119.6800,0.001188
FILLER_40_302,VGND,li1,145.1300,119.6800,0.001188
FILLER_40_299,VGND,li1,143.7500,119.6800,0.001188
FILLER_40_296,VGND,li1,142.3700,119.6800,0.001188
FILLER_40_289,VGND,li1,138.9200,119.6800,0.001186
FILLER_40_286,VGND,li1,137.7700,119.6800,0.001184
FILLER_40_283,VGND,li1,136.3900,119.6800,0.001184
FILLER_40_280,VGND,li1,135.0100,119.6800,0.001181
FILLER_40_277,VGND,li1,133.6300,119.6800,0.001178
FILLER_40_274,VGND,li1,132.2500,119.6800,0.001178
FILLER_40_271,VGND,li1,130.8700,119.6800,0.001176
FILLER_40_268,VGND,li1,129.4900,119.6800,0.001173
FILLER_40_265,VGND,li1,128.1100,119.6800,0.001173
FILLER_40_256,VGND,li1,123.7400,119.6800,0.001165
FILLER_40_253,VGND,li1,122.5900,119.6800,0.001162
FILLER_40_250,VGND,li1,120.9800,119.6800,0.001162
FILLER_40_239,VGND,li1,116.1500,119.6800,0.001143
FILLER_40_236,VGND,li1,114.7700,119.6800,0.001143
FILLER_40_189,VGND,li1,92.9200,119.6800,0.000959
FILLER_40_154,VGND,li1,76.5900,119.6800,0.000774
FILLER_40_125,VGND,li1,63.4800,119.6800,0.000618
FILLER_40_114,VGND,li1,58.4200,119.6800,0.000542
FILLER_40_111,VGND,li1,57.2700,119.6800,0.000542
FILLER_40_101,VGND,li1,52.2100,119.6800,0.000479
FILLER_40_85,VGND,li1,45.3100,119.6800,0.000381
FILLER_40_82,VGND,li1,43.7000,119.6800,0.000358
FILLER_40_58,VGND,li1,32.8900,119.6800,0.000234
FILLER_40_55,VGND,li1,31.5100,119.6800,0.000210
FILLER_40_52,VGND,li1,30.1300,119.6800,0.000180
FILLER_40_48,VGND,li1,27.8300,119.6800,0.000156
FILLER_40_42,VGND,li1,25.5300,119.6800,0.000133
FILLER_40_26,VGND,li1,17.9400,119.6800,0.000135
FILLER_40_23,VGND,li1,16.7900,119.6800,0.000135
FILLER_40_20,VGND,li1,15.4100,119.6800,0.000135
FILLER_40_17,VGND,li1,14.0300,119.6800,0.000135
FILLER_40_3,VGND,li1,7.1300,119.6800,0.000136
FILLER_39_306,VGND,li1,146.5100,119.6800,0.001188
FILLER_39_303,VGND,li1,145.5900,119.6800,0.001188
FILLER_39_279,VGND,li1,134.0900,119.6800,0.001181
FILLER_39_276,VGND,li1,133.1700,119.6800,0.001178
FILLER_39_273,VGND,li1,131.7900,119.6800,0.001176
FILLER_39_269,VGND,li1,129.4900,119.6800,0.001173
FILLER_39_266,VGND,li1,128.5700,119.6800,0.001173
FILLER_39_263,VGND,li1,127.1900,119.6800,0.001170
FILLER_39_260,VGND,li1,125.8100,119.6800,0.001170
FILLER_39_257,VGND,li1,124.4300,119.6800,0.001165
FILLER_39_254,VGND,li1,123.0500,119.6800,0.001165
FILLER_39_251,VGND,li1,121.6700,119.6800,0.001162
FILLER_39_223,VGND,li1,108.3300,119.6800,0.001106
FILLER_39_220,VGND,li1,107.4100,119.6800,0.001088
FILLER_39_217,VGND,li1,106.0300,119.6800,0.001088
FILLER_39_209,VGND,li1,101.8900,119.6800,0.001044
FILLER_39_206,VGND,li1,100.9700,119.6800,0.001044
FILLER_39_198,VGND,li1,96.8300,119.6800,0.000992
FILLER_39_175,VGND,li1,86.2500,119.6800,0.000874
FILLER_39_172,VGND,li1,85.3300,119.6800,0.000874
FILLER_39_169,VGND,li1,83.9500,119.6800,0.000848
FILLER_39_158,VGND,li1,78.6600,119.6800,0.000798
FILLER_39_155,VGND,li1,77.5100,119.6800,0.000774
FILLER_39_152,VGND,li1,76.1300,119.6800,0.000753
FILLER_39_149,VGND,li1,74.7500,119.6800,0.000753
FILLER_39_139,VGND,li1,69.6900,119.6800,0.000682
FILLER_39_136,VGND,li1,68.7700,119.6800,0.000682
FILLER_39_133,VGND,li1,67.3900,119.6800,0.000660
FILLER_39_119,VGND,li1,60.4900,119.6800,0.000570
FILLER_39_116,VGND,li1,59.5700,119.6800,0.000570
FILLER_39_113,VGND,li1,58.1900,119.6800,0.000542
FILLER_39_93,VGND,li1,48.9900,119.6800,0.000422
FILLER_39_90,VGND,li1,47.6100,119.6800,0.000422
FILLER_39_82,VGND,li1,43.7000,119.6800,0.000358
FILLER_39_67,VGND,li1,36.5700,119.6800,0.000266
FILLER_39_64,VGND,li1,35.6500,119.6800,0.000266
FILLER_39_55,VGND,li1,31.0500,119.6800,0.000210
FILLER_39_52,VGND,li1,30.1300,119.6800,0.000180
FILLER_39_40,VGND,li1,24.6100,119.6800,0.000134
FILLER_39_37,VGND,li1,23.2300,119.6800,0.000134
FILLER_39_25,VGND,li1,17.7100,119.6800,0.000135
FILLER_39_22,VGND,li1,16.3300,119.6800,0.000135
FILLER_39_12,VGND,li1,11.2700,119.6800,0.000135
FILLER_39_9,VGND,li1,10.3500,119.6800,0.000136
FILLER_39_6,VGND,li1,8.9700,119.6800,0.000136
FILLER_39_3,VGND,li1,7.5900,119.6800,0.000136
FILLER_38_317,VGND,li1,152.0300,114.2400,0.000814
FILLER_38_256,VGND,li1,123.5100,114.2400,0.000787
FILLER_38_253,VGND,li1,122.5900,114.2400,0.000787
FILLER_38_251,VGND,li1,121.2100,114.2400,0.000783
FILLER_38_248,VGND,li1,120.2900,114.2400,0.000783
FILLER_38_245,VGND,li1,118.9100,114.2400,0.000778
FILLER_38_242,VGND,li1,117.5300,114.2400,0.000778
FILLER_38_236,VGND,li1,114.3100,114.2400,0.000772
FILLER_38_215,VGND,li1,104.6500,114.2400,0.000723
FILLER_38_212,VGND,li1,103.7300,114.2400,0.000710
FILLER_38_209,VGND,li1,102.3500,114.2400,0.000710
FILLER_38_206,VGND,li1,100.9700,114.2400,0.000693
FILLER_38_203,VGND,li1,99.5900,114.2400,0.000693
FILLER_38_200,VGND,li1,98.2100,114.2400,0.000674
FILLER_38_197,VGND,li1,96.8300,114.2400,0.000674
FILLER_38_193,VGND,li1,94.9900,114.2400,0.000662
FILLER_38_190,VGND,li1,93.6100,114.2400,0.000643
FILLER_38_187,VGND,li1,92.2300,114.2400,0.000643
FILLER_38_184,VGND,li1,90.8500,114.2400,0.000624
FILLER_38_181,VGND,li1,89.4700,114.2400,0.000624
FILLER_38_174,VGND,li1,86.0200,114.2400,0.000598
FILLER_38_171,VGND,li1,84.8700,114.2400,0.000585
FILLER_38_168,VGND,li1,83.4900,114.2400,0.000572
FILLER_38_165,VGND,li1,82.1100,114.2400,0.000572
FILLER_38_162,VGND,li1,80.7300,114.2400,0.000555
FILLER_38_159,VGND,li1,79.3500,114.2400,0.000542
FILLER_38_156,VGND,li1,77.9700,114.2400,0.000542
FILLER_38_153,VGND,li1,76.5900,114.2400,0.000521
FILLER_38_139,VGND,li1,69.6900,114.2400,0.000478
FILLER_38_134,VGND,li1,67.6200,114.2400,0.000462
FILLER_38_129,VGND,li1,65.0900,114.2400,0.000442
FILLER_38_126,VGND,li1,64.1700,114.2400,0.000425
FILLER_38_106,VGND,li1,54.7400,114.2400,0.000345
FILLER_38_94,VGND,li1,49.4500,114.2400,0.000304
FILLER_38_91,VGND,li1,48.0700,114.2400,0.000304
FILLER_38_88,VGND,li1,46.6900,114.2400,0.000289
FILLER_38_85,VGND,li1,45.3100,114.2400,0.000268
FILLER_38_82,VGND,li1,43.7000,114.2400,0.000268
FILLER_38_79,VGND,li1,42.5500,114.2400,0.000246
FILLER_38_76,VGND,li1,41.1700,114.2400,0.000246
FILLER_38_73,VGND,li1,39.7900,114.2400,0.000223
FILLER_38_70,VGND,li1,38.4100,114.2400,0.000223
FILLER_38_67,VGND,li1,37.0300,114.2400,0.000199
FILLER_38_64,VGND,li1,35.6500,114.2400,0.000199
FILLER_38_51,VGND,li1,29.4400,114.2400,0.000135
FILLER_38_32,VGND,li1,20.9300,114.2400,0.000096
FILLER_38_29,VGND,li1,19.5500,114.2400,0.000096
FILLER_38_25,VGND,li1,17.7100,114.2400,0.000097
FILLER_38_22,VGND,li1,16.3300,114.2400,0.000098
FILLER_38_16,VGND,li1,13.5700,114.2400,0.000099
FILLER_38_13,VGND,li1,12.1900,114.2400,0.000099
FILLER_38_10,VGND,li1,10.8100,114.2400,0.000100
FILLER_38_3,VGND,li1,7.5900,114.2400,0.000100
FILLER_37_295,VGND,li1,141.6800,114.2400,0.000810
FILLER_37_292,VGND,li1,140.5300,114.2400,0.000810
FILLER_37_289,VGND,li1,139.1500,114.2400,0.000807
FILLER_37_231,VGND,li1,112.2400,114.2400,0.000758
FILLER_37_228,VGND,li1,111.0900,114.2400,0.000758
FILLER_37_225,VGND,li1,109.7100,114.2400,0.000746
FILLER_37_221,VGND,li1,107.8700,114.2400,0.000735
FILLER_37_218,VGND,li1,106.4900,114.2400,0.000735
FILLER_37_196,VGND,li1,96.3700,114.2400,0.000662
FILLER_37_169,VGND,li1,83.9500,114.2400,0.000585
FILLER_37_166,VGND,li1,82.3400,114.2400,0.000572
FILLER_37_150,VGND,li1,75.2100,114.2400,0.000521
FILLER_37_147,VGND,li1,73.8300,114.2400,0.000505
FILLER_37_124,VGND,li1,63.0200,114.2400,0.000425
FILLER_37_121,VGND,li1,61.8700,114.2400,0.000405
FILLER_37_118,VGND,li1,60.4900,114.2400,0.000405
FILLER_37_113,VGND,li1,57.9600,114.2400,0.000385
FILLER_37_111,VGND,li1,56.8100,114.2400,0.000368
FILLER_37_108,VGND,li1,55.8900,114.2400,0.000368
FILLER_37_105,VGND,li1,54.5100,114.2400,0.000345
FILLER_37_102,VGND,li1,53.1300,114.2400,0.000345
FILLER_37_73,VGND,li1,39.5600,114.2400,0.000223
FILLER_37_57,VGND,li1,32.4300,114.2400,0.000171
FILLER_37_54,VGND,li1,30.8200,114.2400,0.000155
FILLER_37_44,VGND,li1,25.9900,114.2400,0.000115
FILLER_37_41,VGND,li1,25.0700,114.2400,0.000094
FILLER_37_37,VGND,li1,22.7700,114.2400,0.000095
FILLER_37_34,VGND,li1,21.8500,114.2400,0.000095
FILLER_37_31,VGND,li1,20.4700,114.2400,0.000096
FILLER_37_28,VGND,li1,19.0900,114.2400,0.000097
FILLER_37_20,VGND,li1,14.9500,114.2400,0.000098
FILLER_36_287,VGND,li1,137.7700,108.8000,0.000909
FILLER_36_284,VGND,li1,136.8500,108.8000,0.000905
FILLER_36_281,VGND,li1,135.4700,108.8000,0.000905
FILLER_36_278,VGND,li1,134.0900,108.8000,0.000902
FILLER_36_253,VGND,li1,122.5900,108.8000,0.000878
FILLER_36_250,VGND,li1,120.9800,108.8000,0.000874
FILLER_36_247,VGND,li1,119.8300,108.8000,0.000874
FILLER_36_244,VGND,li1,118.4500,108.8000,0.000868
FILLER_36_189,VGND,li1,92.9200,108.8000,0.000734
FILLER_36_175,VGND,li1,86.2500,108.8000,0.000672
FILLER_36_160,VGND,li1,79.5800,108.8000,0.000624
FILLER_36_150,VGND,li1,75.2100,108.8000,0.000575
FILLER_36_147,VGND,li1,73.8300,108.8000,0.000575
FILLER_36_144,VGND,li1,72.4500,108.8000,0.000551
FILLER_36_141,VGND,li1,71.0700,108.8000,0.000551
FILLER_36_134,VGND,li1,67.3900,108.8000,0.000510
FILLER_36_131,VGND,li1,66.4700,108.8000,0.000510
FILLER_36_128,VGND,li1,65.0900,108.8000,0.000485
FILLER_36_125,VGND,li1,63.7100,108.8000,0.000485
FILLER_36_117,VGND,li1,60.0300,108.8000,0.000440
FILLER_36_113,VGND,li1,57.7300,108.8000,0.000423
FILLER_36_110,VGND,li1,56.8100,108.8000,0.000423
FILLER_36_107,VGND,li1,55.4300,108.8000,0.000398
FILLER_36_91,VGND,li1,48.0700,108.8000,0.000342
FILLER_36_88,VGND,li1,46.6900,108.8000,0.000315
FILLER_36_85,VGND,li1,45.3100,108.8000,0.000315
FILLER_36_83,VGND,li1,43.9300,108.8000,0.000293
FILLER_36_80,VGND,li1,43.0100,108.8000,0.000293
FILLER_36_77,VGND,li1,41.6300,108.8000,0.000266
FILLER_36_74,VGND,li1,40.2500,108.8000,0.000266
FILLER_36_71,VGND,li1,38.8700,108.8000,0.000240
FILLER_36_68,VGND,li1,37.4900,108.8000,0.000240
FILLER_36_65,VGND,li1,36.1100,108.8000,0.000222
FILLER_36_53,VGND,li1,30.1300,108.8000,0.000168
FILLER_36_39,VGND,li1,23.9200,108.8000,0.000107
FILLER_36_3,VGND,li1,7.1300,108.8000,0.000111
FILLER_35_314,VGND,li1,150.4200,108.8000,0.000920
FILLER_35_290,VGND,li1,139.1500,108.8000,0.000909
FILLER_35_275,VGND,li1,132.4800,108.8000,0.000897
FILLER_35_272,VGND,li1,131.3300,108.8000,0.000897
FILLER_35_269,VGND,li1,129.9500,108.8000,0.000892
FILLER_35_266,VGND,li1,128.5700,108.8000,0.000892
FILLER_35_263,VGND,li1,127.1900,108.8000,0.000887
FILLER_35_259,VGND,li1,124.8900,108.8000,0.000883
FILLER_35_256,VGND,li1,123.9700,108.8000,0.000883
FILLER_35_253,VGND,li1,122.5900,108.8000,0.000878
FILLER_35_250,VGND,li1,121.2100,108.8000,0.000874
FILLER_35_247,VGND,li1,119.8300,108.8000,0.000874
FILLER_35_244,VGND,li1,118.4500,108.8000,0.000868
FILLER_35_241,VGND,li1,117.0700,108.8000,0.000868
FILLER_35_232,VGND,li1,112.7000,108.8000,0.000858
FILLER_35_221,VGND,li1,107.8700,108.8000,0.000837
FILLER_35_212,VGND,li1,103.5000,108.8000,0.000813
FILLER_35_209,VGND,li1,102.3500,108.8000,0.000795
FILLER_35_206,VGND,li1,100.9700,108.8000,0.000795
FILLER_35_196,VGND,li1,96.3700,108.8000,0.000750
FILLER_35_193,VGND,li1,94.9900,108.8000,0.000750
FILLER_35_190,VGND,li1,93.6100,108.8000,0.000734
FILLER_35_187,VGND,li1,92.2300,108.8000,0.000717
FILLER_35_184,VGND,li1,90.8500,108.8000,0.000717
FILLER_35_172,VGND,li1,85.3300,108.8000,0.000672
FILLER_35_169,VGND,li1,83.9500,108.8000,0.000653
FILLER_35_157,VGND,li1,78.4300,108.8000,0.000607
FILLER_35_129,VGND,li1,65.3200,108.8000,0.000485
FILLER_35_126,VGND,li1,64.1700,108.8000,0.000485
FILLER_35_97,VGND,li1,50.6000,108.8000,0.000366
FILLER_35_94,VGND,li1,49.4500,108.8000,0.000342
FILLER_35_91,VGND,li1,48.0700,108.8000,0.000342
FILLER_35_77,VGND,li1,41.1700,108.8000,0.000266
FILLER_35_67,VGND,li1,36.8000,108.8000,0.000222
FILLER_35_64,VGND,li1,35.6500,108.8000,0.000222
FILLER_35_53,VGND,li1,30.5900,108.8000,0.000168
FILLER_34_303,VGND,li1,145.1300,103.3600,0.000641
FILLER_34_272,VGND,li1,130.8700,103.3600,0.000627
FILLER_34_269,VGND,li1,129.9500,103.3600,0.000627
FILLER_34_253,VGND,li1,122.5900,103.3600,0.000616
FILLER_34_249,VGND,li1,120.7500,103.3600,0.000613
FILLER_34_231,VGND,li1,112.0100,103.3600,0.000594
FILLER_34_228,VGND,li1,111.0900,103.3600,0.000590
FILLER_34_212,VGND,li1,103.7300,103.3600,0.000559
FILLER_34_209,VGND,li1,102.3500,103.3600,0.000559
FILLER_34_206,VGND,li1,100.9700,103.3600,0.000550
FILLER_34_203,VGND,li1,99.5900,103.3600,0.000537
FILLER_34_200,VGND,li1,98.2100,103.3600,0.000537
FILLER_34_197,VGND,li1,96.8300,103.3600,0.000521
FILLER_34_194,VGND,li1,95.2200,103.3600,0.000521
FILLER_34_191,VGND,li1,94.0700,103.3600,0.000510
FILLER_34_188,VGND,li1,92.6900,103.3600,0.000499
FILLER_34_185,VGND,li1,91.3100,103.3600,0.000499
FILLER_34_176,VGND,li1,87.1700,103.3600,0.000468
FILLER_34_173,VGND,li1,85.7900,103.3600,0.000468
FILLER_34_170,VGND,li1,84.4100,103.3600,0.000456
FILLER_34_167,VGND,li1,83.0300,103.3600,0.000445
FILLER_34_164,VGND,li1,81.6500,103.3600,0.000445
FILLER_34_155,VGND,li1,77.0500,103.3600,0.000418
FILLER_34_152,VGND,li1,76.1300,103.3600,0.000405
FILLER_34_149,VGND,li1,74.7500,103.3600,0.000405
FILLER_34_141,VGND,li1,70.6100,103.3600,0.000380
FILLER_34_139,VGND,li1,69.6900,103.3600,0.000369
FILLER_34_136,VGND,li1,68.7700,103.3600,0.000369
FILLER_34_126,VGND,li1,63.9400,103.3600,0.000339
FILLER_34_119,VGND,li1,60.4900,103.3600,0.000312
FILLER_34_99,VGND,li1,51.5200,103.3600,0.000260
FILLER_34_85,VGND,li1,44.8500,103.3600,0.000215
FILLER_34_67,VGND,li1,36.5700,103.3600,0.000153
FILLER_34_64,VGND,li1,35.6500,103.3600,0.000153
FILLER_34_50,VGND,li1,28.7500,103.3600,0.000098
FILLER_34_47,VGND,li1,27.8300,103.3600,0.000098
FILLER_34_32,VGND,li1,20.9300,103.3600,0.000079
FILLER_34_29,VGND,li1,19.5500,103.3600,0.000079
FILLER_33_294,VGND,li1,140.9900,103.3600,0.000638
FILLER_33_273,VGND,li1,131.3300,103.3600,0.000627
FILLER_33_270,VGND,li1,130.4100,103.3600,0.000627
FILLER_33_267,VGND,li1,129.0300,103.3600,0.000624
FILLER_33_264,VGND,li1,127.6500,103.3600,0.000624
FILLER_33_259,VGND,li1,125.1200,103.3600,0.000620
FILLER_33_256,VGND,li1,123.9700,103.3600,0.000616
FILLER_33_253,VGND,li1,122.5900,103.3600,0.000616
FILLER_33_250,VGND,li1,121.2100,103.3600,0.000613
FILLER_33_239,VGND,li1,116.1500,103.3600,0.000605
FILLER_33_236,VGND,li1,114.7700,103.3600,0.000599
FILLER_33_233,VGND,li1,113.3900,103.3600,0.000594
FILLER_33_230,VGND,li1,112.0100,103.3600,0.000594
FILLER_33_223,VGND,li1,108.3300,103.3600,0.000582
FILLER_33_220,VGND,li1,107.4100,103.3600,0.000582
FILLER_33_197,VGND,li1,96.8300,103.3600,0.000521
FILLER_33_181,VGND,li1,89.4700,103.3600,0.000489
FILLER_33_169,VGND,li1,83.7200,103.3600,0.000456
FILLER_33_167,VGND,li1,82.5700,103.3600,0.000445
FILLER_33_164,VGND,li1,81.6500,103.3600,0.000445
FILLER_33_155,VGND,li1,77.0500,103.3600,0.000418
FILLER_33_145,VGND,li1,72.9100,103.3600,0.000391
FILLER_33_142,VGND,li1,71.5300,103.3600,0.000380
FILLER_33_139,VGND,li1,70.1500,103.3600,0.000369
FILLER_33_136,VGND,li1,68.7700,103.3600,0.000369
FILLER_33_122,VGND,li1,62.3300,103.3600,0.000328
FILLER_33_119,VGND,li1,60.9500,103.3600,0.000312
FILLER_33_116,VGND,li1,59.5700,103.3600,0.000312
FILLER_33_113,VGND,li1,58.1900,103.3600,0.000293
FILLER_33_110,VGND,li1,56.5800,103.3600,0.000293
FILLER_33_107,VGND,li1,55.4300,103.3600,0.000277
FILLER_33_104,VGND,li1,54.0500,103.3600,0.000277
FILLER_33_101,VGND,li1,52.6700,103.3600,0.000260
FILLER_33_69,VGND,li1,37.4900,103.3600,0.000168
FILLER_33_66,VGND,li1,36.5700,103.3600,0.000153
FILLER_33_63,VGND,li1,35.1900,103.3600,0.000153
FILLER_33_54,VGND,li1,30.8200,103.3600,0.000123
FILLER_33_38,VGND,li1,23.6900,103.3600,0.000078
FILLER_33_35,VGND,li1,22.3100,103.3600,0.000078
FILLER_32_315,VGND,li1,150.6500,97.9200,0.001516
FILLER_32_307,VGND,li1,146.9700,97.9200,0.001516
FILLER_32_289,VGND,li1,138.6900,97.9200,0.001507
FILLER_32_286,VGND,li1,137.7700,97.9200,0.001504
FILLER_32_283,VGND,li1,136.3900,97.9200,0.001504
FILLER_32_280,VGND,li1,135.0100,97.9200,0.001499
FILLER_32_277,VGND,li1,133.6300,97.9200,0.001495
FILLER_32_274,VGND,li1,132.2500,97.9200,0.001495
FILLER_32_256,VGND,li1,123.5100,97.9200,0.001473
FILLER_32_253,VGND,li1,122.5900,97.9200,0.001466
FILLER_32_242,VGND,li1,117.5300,97.9200,0.001448
FILLER_32_239,VGND,li1,116.1500,97.9200,0.001448
FILLER_32_236,VGND,li1,114.7700,97.9200,0.001437
FILLER_32_189,VGND,li1,92.9200,97.9200,0.001263
FILLER_32_174,VGND,li1,86.0200,97.9200,0.001168
FILLER_32_153,VGND,li1,76.1300,97.9200,0.001034
FILLER_32_150,VGND,li1,75.2100,97.9200,0.001034
FILLER_32_147,VGND,li1,73.8300,97.9200,0.000989
FILLER_32_144,VGND,li1,72.4500,97.9200,0.000989
FILLER_32_141,VGND,li1,71.0700,97.9200,0.000951
FILLER_32_118,VGND,li1,60.0300,97.9200,0.000767
FILLER_32_115,VGND,li1,59.1100,97.9200,0.000767
FILLER_32_112,VGND,li1,57.7300,97.9200,0.000737
FILLER_32_109,VGND,li1,56.3500,97.9200,0.000698
FILLER_32_106,VGND,li1,54.9700,97.9200,0.000698
FILLER_32_85,VGND,li1,45.3100,97.9200,0.000518
FILLER_32_83,VGND,li1,43.9300,97.9200,0.000487
FILLER_32_80,VGND,li1,43.0100,97.9200,0.000487
FILLER_32_64,VGND,li1,35.1900,97.9200,0.000336
FILLER_32_49,VGND,li1,28.5200,97.9200,0.000224
FILLER_32_46,VGND,li1,27.3700,97.9200,0.000224
FILLER_32_18,VGND,li1,14.2600,97.9200,0.000191
FILLER_32_13,VGND,li1,11.7300,97.9200,0.000191
FILLER_32_3,VGND,li1,7.3600,97.9200,0.000191
FILLER_31_304,VGND,li1,146.0500,97.9200,0.001516
FILLER_31_290,VGND,li1,139.1500,97.9200,0.001507
FILLER_31_287,VGND,li1,138.2300,97.9200,0.001507
FILLER_31_284,VGND,li1,136.8500,97.9200,0.001504
FILLER_31_281,VGND,li1,135.4700,97.9200,0.001499
FILLER_31_279,VGND,li1,134.0900,97.9200,0.001499
FILLER_31_271,VGND,li1,130.6400,97.9200,0.001489
FILLER_31_268,VGND,li1,129.4900,97.9200,0.001489
FILLER_31_265,VGND,li1,128.1100,97.9200,0.001482
FILLER_31_250,VGND,li1,121.2100,97.9200,0.001466
FILLER_31_241,VGND,li1,117.0700,97.9200,0.001448
FILLER_31_225,VGND,li1,109.7100,97.9200,0.001414
FILLER_31_221,VGND,li1,107.8700,97.9200,0.001400
FILLER_31_218,VGND,li1,106.4900,97.9200,0.001379
FILLER_31_215,VGND,li1,105.1100,97.9200,0.001379
FILLER_31_205,VGND,li1,100.5100,97.9200,0.001338
FILLER_31_196,VGND,li1,96.1400,97.9200,0.001294
FILLER_31_184,VGND,li1,90.3900,97.9200,0.001233
FILLER_31_169,VGND,li1,83.4900,97.9200,0.001135
FILLER_31_165,VGND,li1,82.1100,97.9200,0.001135
FILLER_31_162,VGND,li1,80.7300,97.9200,0.001108
FILLER_31_126,VGND,li1,64.1700,97.9200,0.000852
FILLER_31_109,VGND,li1,56.3500,97.9200,0.000698
FILLER_31_94,VGND,li1,49.2200,97.9200,0.000601
FILLER_31_91,VGND,li1,48.0700,97.9200,0.000557
FILLER_31_88,VGND,li1,46.6900,97.9200,0.000557
FILLER_31_85,VGND,li1,45.3100,97.9200,0.000518
FILLER_31_79,VGND,li1,42.5500,97.9200,0.000487
FILLER_31_76,VGND,li1,41.1700,97.9200,0.000439
FILLER_31_73,VGND,li1,39.7900,97.9200,0.000439
FILLER_31_63,VGND,li1,34.7300,97.9200,0.000336
FILLER_31_60,VGND,li1,33.8100,97.9200,0.000336
FILLER_31_57,VGND,li1,32.4300,97.9200,0.000305
FILLER_31_55,VGND,li1,31.0500,97.9200,0.000273
FILLER_31_34,VGND,li1,21.3900,97.9200,0.000189
FILLER_31_3,VGND,li1,7.1300,97.9200,0.000191
FILLER_30_318,VGND,li1,152.2600,92.4800,0.000925
FILLER_30_309,VGND,li1,148.1200,92.4800,0.000925
FILLER_30_305,VGND,li1,146.5100,92.4800,0.000925
FILLER_30_298,VGND,li1,143.0600,92.4800,0.000923
FILLER_30_253,VGND,li1,122.1300,92.4800,0.000883
FILLER_30_249,VGND,li1,120.7500,92.4800,0.000876
FILLER_30_236,VGND,li1,114.7700,92.4800,0.000860
FILLER_30_227,VGND,li1,110.4000,92.4800,0.000837
FILLER_30_224,VGND,li1,109.2500,92.4800,0.000828
FILLER_30_221,VGND,li1,107.8700,92.4800,0.000828
FILLER_30_218,VGND,li1,106.4900,92.4800,0.000818
FILLER_30_215,VGND,li1,105.1100,92.4800,0.000809
FILLER_30_212,VGND,li1,103.7300,92.4800,0.000798
FILLER_30_209,VGND,li1,102.3500,92.4800,0.000798
FILLER_30_206,VGND,li1,100.9700,92.4800,0.000782
FILLER_30_203,VGND,li1,99.5900,92.4800,0.000782
FILLER_30_184,VGND,li1,90.3900,92.4800,0.000703
FILLER_30_175,VGND,li1,86.7100,92.4800,0.000685
FILLER_30_153,VGND,li1,76.1300,92.4800,0.000588
FILLER_30_150,VGND,li1,75.2100,92.4800,0.000572
FILLER_30_147,VGND,li1,73.8300,92.4800,0.000572
FILLER_30_144,VGND,li1,72.4500,92.4800,0.000548
FILLER_30_141,VGND,li1,71.0700,92.4800,0.000548
FILLER_30_132,VGND,li1,66.9300,92.4800,0.000506
FILLER_30_118,VGND,li1,60.4900,92.4800,0.000451
FILLER_30_106,VGND,li1,54.9700,92.4800,0.000387
FILLER_30_94,VGND,li1,49.4500,92.4800,0.000345
FILLER_30_91,VGND,li1,48.0700,92.4800,0.000321
FILLER_30_88,VGND,li1,46.6900,92.4800,0.000321
FILLER_30_85,VGND,li1,45.3100,92.4800,0.000297
FILLER_30_83,VGND,li1,43.9300,92.4800,0.000297
FILLER_30_80,VGND,li1,43.0100,92.4800,0.000275
FILLER_30_77,VGND,li1,41.6300,92.4800,0.000275
FILLER_30_60,VGND,li1,33.3500,92.4800,0.000187
FILLER_30_57,VGND,li1,32.4300,92.4800,0.000187
FILLER_30_52,VGND,li1,29.9000,92.4800,0.000163
FILLER_30_27,VGND,li1,18.1700,92.4800,0.000102
FILLER_29_317,VGND,li1,152.0300,92.4800,0.000925
FILLER_29_314,VGND,li1,150.6500,92.4800,0.000925
FILLER_29_311,VGND,li1,149.2700,92.4800,0.000925
FILLER_29_308,VGND,li1,147.8900,92.4800,0.000925
FILLER_29_295,VGND,li1,141.9100,92.4800,0.000923
FILLER_29_287,VGND,li1,137.7700,92.4800,0.000917
FILLER_29_284,VGND,li1,136.8500,92.4800,0.000917
FILLER_29_281,VGND,li1,135.4700,92.4800,0.000914
FILLER_29_271,VGND,li1,130.6400,92.4800,0.000904
FILLER_29_268,VGND,li1,129.4900,92.4800,0.000904
FILLER_29_255,VGND,li1,123.0500,92.4800,0.000883
FILLER_29_252,VGND,li1,122.1300,92.4800,0.000883
FILLER_29_248,VGND,li1,119.8300,92.4800,0.000876
FILLER_29_228,VGND,li1,110.6300,92.4800,0.000837
FILLER_29_225,VGND,li1,109.7100,92.4800,0.000837
FILLER_29_223,VGND,li1,108.3300,92.4800,0.000828
FILLER_29_220,VGND,li1,107.4100,92.4800,0.000818
FILLER_29_217,VGND,li1,106.0300,92.4800,0.000818
FILLER_29_196,VGND,li1,96.3700,92.4800,0.000758
FILLER_29_154,VGND,li1,76.5900,92.4800,0.000588
FILLER_29_151,VGND,li1,75.6700,92.4800,0.000588
FILLER_29_148,VGND,li1,74.2900,92.4800,0.000572
FILLER_29_139,VGND,li1,69.9200,92.4800,0.000527
FILLER_29_136,VGND,li1,68.7700,92.4800,0.000527
FILLER_29_128,VGND,li1,64.6300,92.4800,0.000489
FILLER_29_125,VGND,li1,63.7100,92.4800,0.000468
FILLER_29_122,VGND,li1,62.3300,92.4800,0.000468
FILLER_29_119,VGND,li1,60.9500,92.4800,0.000451
FILLER_29_116,VGND,li1,59.5700,92.4800,0.000430
FILLER_29_113,VGND,li1,58.1900,92.4800,0.000430
FILLER_29_109,VGND,li1,56.3500,92.4800,0.000413
FILLER_29_106,VGND,li1,54.9700,92.4800,0.000387
FILLER_29_103,VGND,li1,53.5900,92.4800,0.000387
FILLER_29_100,VGND,li1,52.2100,92.4800,0.000362
FILLER_29_97,VGND,li1,50.8300,92.4800,0.000362
FILLER_29_71,VGND,li1,38.6400,92.4800,0.000247
FILLER_29_63,VGND,li1,34.7300,92.4800,0.000209
FILLER_29_60,VGND,li1,33.8100,92.4800,0.000187
FILLER_29_57,VGND,li1,32.4300,92.4800,0.000187
FILLER_29_55,VGND,li1,31.0500,92.4800,0.000163
FILLER_29_37,VGND,li1,23.0000,92.4800,0.000101
FILLER_29_13,VGND,li1,11.7300,92.4800,0.000103
FILLER_29_7,VGND,li1,8.9700,92.4800,0.000103
FILLER_28_315,VGND,li1,150.6500,87.0400,0.001140
FILLER_28_312,VGND,li1,149.7300,87.0400,0.001140
FILLER_28_309,VGND,li1,148.3500,87.0400,0.001139
FILLER_28_306,VGND,li1,146.7400,87.0400,0.001139
FILLER_28_303,VGND,li1,145.5900,87.0400,0.001138
FILLER_28_300,VGND,li1,144.2100,87.0400,0.001138
FILLER_28_289,VGND,li1,138.6900,87.0400,0.001134
FILLER_28_286,VGND,li1,137.7700,87.0400,0.001134
FILLER_28_283,VGND,li1,136.3900,87.0400,0.001131
FILLER_28_280,VGND,li1,135.0100,87.0400,0.001129
FILLER_28_277,VGND,li1,133.6300,87.0400,0.001129
FILLER_28_274,VGND,li1,132.2500,87.0400,0.001126
FILLER_28_271,VGND,li1,130.8700,87.0400,0.001126
FILLER_28_268,VGND,li1,129.4900,87.0400,0.001124
FILLER_28_265,VGND,li1,128.1100,87.0400,0.001120
FILLER_28_262,VGND,li1,126.7300,87.0400,0.001120
FILLER_28_253,VGND,li1,122.3600,87.0400,0.001107
FILLER_28_247,VGND,li1,119.3700,87.0400,0.001101
FILLER_28_238,VGND,li1,115.4600,87.0400,0.001087
FILLER_28_210,VGND,li1,102.5800,87.0400,0.001003
FILLER_28_200,VGND,li1,97.9800,87.0400,0.000962
FILLER_28_197,VGND,li1,96.8300,87.0400,0.000937
FILLER_28_194,VGND,li1,95.2200,87.0400,0.000937
FILLER_28_162,VGND,li1,80.2700,87.0400,0.000777
FILLER_28_159,VGND,li1,79.3500,87.0400,0.000777
FILLER_28_141,VGND,li1,70.8400,87.0400,0.000674
FILLER_28_139,VGND,li1,69.6900,87.0400,0.000674
FILLER_28_123,VGND,li1,62.7900,87.0400,0.000596
FILLER_28_99,VGND,li1,51.5200,87.0400,0.000466
FILLER_28_96,VGND,li1,50.3700,87.0400,0.000445
FILLER_28_93,VGND,li1,48.9900,87.0400,0.000421
FILLER_28_90,VGND,li1,47.6100,87.0400,0.000421
FILLER_28_78,VGND,li1,42.0900,87.0400,0.000356
FILLER_28_75,VGND,li1,40.7100,87.0400,0.000334
FILLER_28_70,VGND,li1,38.1800,87.0400,0.000309
FILLER_28_67,VGND,li1,37.0300,87.0400,0.000287
FILLER_28_64,VGND,li1,35.6500,87.0400,0.000264
FILLER_28_55,VGND,li1,31.2800,87.0400,0.000208
FILLER_28_29,VGND,li1,19.0900,87.0400,0.000135
FILLER_28_26,VGND,li1,17.9400,87.0400,0.000136
FILLER_28_17,VGND,li1,13.5700,87.0400,0.000136
FILLER_28_3,VGND,li1,7.1300,87.0400,0.000136
FILLER_27_284,VGND,li1,136.3900,87.0400,0.001131
FILLER_27_281,VGND,li1,135.4700,87.0400,0.001131
FILLER_27_277,VGND,li1,133.6300,87.0400,0.001129
FILLER_27_274,VGND,li1,132.2500,87.0400,0.001126
FILLER_27_271,VGND,li1,130.8700,87.0400,0.001126
FILLER_27_254,VGND,li1,122.5900,87.0400,0.001107
FILLER_27_225,VGND,li1,109.4800,87.0400,0.001050
FILLER_27_187,VGND,li1,92.2300,87.0400,0.000894
FILLER_27_184,VGND,li1,90.8500,87.0400,0.000894
FILLER_27_169,VGND,li1,83.7200,87.0400,0.000810
FILLER_27_167,VGND,li1,82.5700,87.0400,0.000810
FILLER_27_149,VGND,li1,74.5200,87.0400,0.000714
FILLER_27_146,VGND,li1,73.3700,87.0400,0.000714
FILLER_27_132,VGND,li1,66.4700,87.0400,0.000638
FILLER_27_116,VGND,li1,59.5700,87.0400,0.000554
FILLER_27_113,VGND,li1,58.1900,87.0400,0.000525
FILLER_27_110,VGND,li1,56.5800,87.0400,0.000525
FILLER_27_95,VGND,li1,49.6800,87.0400,0.000445
FILLER_27_85,VGND,li1,44.8500,87.0400,0.000377
FILLER_27_82,VGND,li1,43.9300,87.0400,0.000377
FILLER_27_3,VGND,li1,7.1300,87.0400,0.000136
FILLER_26_317,VGND,li1,152.0300,81.6000,0.000951
FILLER_26_309,VGND,li1,147.8900,81.6000,0.000951
FILLER_26_301,VGND,li1,144.2100,81.6000,0.000951
FILLER_26_298,VGND,li1,143.2900,81.6000,0.000951
FILLER_26_289,VGND,li1,139.1500,81.6000,0.000950
FILLER_26_253,VGND,li1,122.1300,81.6000,0.000908
FILLER_26_249,VGND,li1,120.7500,81.6000,0.000908
FILLER_26_238,VGND,li1,115.2300,81.6000,0.000879
FILLER_26_226,VGND,li1,109.9400,81.6000,0.000853
FILLER_26_223,VGND,li1,108.7900,81.6000,0.000842
FILLER_26_220,VGND,li1,107.4100,81.6000,0.000842
FILLER_26_217,VGND,li1,106.0300,81.6000,0.000826
FILLER_26_214,VGND,li1,104.6500,81.6000,0.000826
FILLER_26_211,VGND,li1,103.2700,81.6000,0.000806
FILLER_26_208,VGND,li1,101.8900,81.6000,0.000806
FILLER_26_200,VGND,li1,97.7500,81.6000,0.000770
FILLER_26_197,VGND,li1,96.8300,81.6000,0.000770
FILLER_26_190,VGND,li1,93.1500,81.6000,0.000737
FILLER_26_187,VGND,li1,92.2300,81.6000,0.000722
FILLER_26_184,VGND,li1,90.8500,81.6000,0.000722
FILLER_26_177,VGND,li1,87.4000,81.6000,0.000694
FILLER_26_174,VGND,li1,86.2500,81.6000,0.000675
FILLER_26_152,VGND,li1,75.6700,81.6000,0.000590
FILLER_26_149,VGND,li1,74.7500,81.6000,0.000590
FILLER_26_141,VGND,li1,70.6100,81.6000,0.000541
FILLER_26_137,VGND,li1,69.2300,81.6000,0.000541
FILLER_26_134,VGND,li1,67.8500,81.6000,0.000524
FILLER_26_131,VGND,li1,66.4700,81.6000,0.000503
FILLER_26_128,VGND,li1,65.0900,81.6000,0.000503
FILLER_26_119,VGND,li1,60.9500,81.6000,0.000452
FILLER_26_116,VGND,li1,59.5700,81.6000,0.000452
FILLER_26_113,VGND,li1,58.1900,81.6000,0.000431
FILLER_26_110,VGND,li1,56.8100,81.6000,0.000413
FILLER_26_96,VGND,li1,50.1400,81.6000,0.000352
FILLER_26_93,VGND,li1,48.9900,81.6000,0.000352
FILLER_26_83,VGND,li1,43.9300,81.6000,0.000295
FILLER_26_80,VGND,li1,43.0100,81.6000,0.000295
FILLER_25_304,VGND,li1,146.0500,81.6000,0.000951
FILLER_25_301,VGND,li1,144.6700,81.6000,0.000951
FILLER_25_295,VGND,li1,141.4500,81.6000,0.000951
FILLER_25_284,VGND,li1,136.3900,81.6000,0.000946
FILLER_25_281,VGND,li1,135.4700,81.6000,0.000943
FILLER_25_278,VGND,li1,133.8600,81.6000,0.000943
FILLER_25_269,VGND,li1,129.9500,81.6000,0.000931
FILLER_25_266,VGND,li1,128.5700,81.6000,0.000931
FILLER_25_256,VGND,li1,123.5100,81.6000,0.000914
FILLER_25_253,VGND,li1,122.5900,81.6000,0.000914
FILLER_25_235,VGND,li1,113.8500,81.6000,0.000879
FILLER_25_232,VGND,li1,112.9300,81.6000,0.000867
FILLER_25_229,VGND,li1,111.5500,81.6000,0.000867
FILLER_25_225,VGND,li1,109.2500,81.6000,0.000853
FILLER_25_222,VGND,li1,108.1000,81.6000,0.000842
FILLER_25_172,VGND,li1,85.1000,81.6000,0.000675
FILLER_25_169,VGND,li1,83.9500,81.6000,0.000659
FILLER_25_166,VGND,li1,82.3400,81.6000,0.000643
FILLER_25_163,VGND,li1,81.1900,81.6000,0.000643
FILLER_25_155,VGND,li1,77.0500,81.6000,0.000609
FILLER_25_141,VGND,li1,70.6100,81.6000,0.000541
FILLER_25_138,VGND,li1,69.6900,81.6000,0.000541
FILLER_25_130,VGND,li1,65.5500,81.6000,0.000503
FILLER_25_127,VGND,li1,64.6300,81.6000,0.000484
FILLER_25_113,VGND,li1,57.9600,81.6000,0.000431
FILLER_25_109,VGND,li1,56.3500,81.6000,0.000413
FILLER_25_93,VGND,li1,48.9900,81.6000,0.000352
FILLER_25_74,VGND,li1,39.7900,81.6000,0.000252
FILLER_25_57,VGND,li1,32.2000,81.6000,0.000189
FILLER_25_17,VGND,li1,13.5700,81.6000,0.000116
FILLER_25_3,VGND,li1,7.3600,81.6000,0.000117
FILLER_24_315,VGND,li1,150.6500,76.1600,0.001190
FILLER_24_312,VGND,li1,149.7300,76.1600,0.001190
FILLER_24_309,VGND,li1,148.3500,76.1600,0.001190
FILLER_24_305,VGND,li1,146.5100,76.1600,0.001189
FILLER_24_302,VGND,li1,145.1300,76.1600,0.001188
FILLER_24_299,VGND,li1,143.7500,76.1600,0.001188
FILLER_24_285,VGND,li1,137.0800,76.1600,0.001183
FILLER_24_282,VGND,li1,135.9300,76.1600,0.001180
FILLER_24_279,VGND,li1,134.5500,76.1600,0.001176
FILLER_24_276,VGND,li1,133.1700,76.1600,0.001176
FILLER_24_267,VGND,li1,128.8000,76.1600,0.001166
FILLER_24_264,VGND,li1,127.6500,76.1600,0.001161
FILLER_24_261,VGND,li1,126.2700,76.1600,0.001154
FILLER_24_258,VGND,li1,124.8900,76.1600,0.001154
FILLER_24_253,VGND,li1,122.1300,76.1600,0.001143
FILLER_24_248,VGND,li1,119.8300,76.1600,0.001137
FILLER_24_236,VGND,li1,114.7700,76.1600,0.001115
FILLER_24_233,VGND,li1,113.3900,76.1600,0.001102
FILLER_24_230,VGND,li1,112.0100,76.1600,0.001102
FILLER_24_220,VGND,li1,107.4100,76.1600,0.001065
FILLER_24_217,VGND,li1,106.0300,76.1600,0.001043
FILLER_24_214,VGND,li1,104.6500,76.1600,0.001043
FILLER_24_200,VGND,li1,97.7500,76.1600,0.000979
FILLER_24_197,VGND,li1,96.8300,76.1600,0.000960
FILLER_24_194,VGND,li1,95.2200,76.1600,0.000942
FILLER_24_191,VGND,li1,94.0700,76.1600,0.000942
FILLER_24_188,VGND,li1,92.6900,76.1600,0.000913
FILLER_24_172,VGND,li1,85.3300,76.1600,0.000851
FILLER_24_169,VGND,li1,83.9500,76.1600,0.000819
FILLER_24_166,VGND,li1,82.5700,76.1600,0.000819
FILLER_24_152,VGND,li1,75.6700,76.1600,0.000736
FILLER_24_149,VGND,li1,74.7500,76.1600,0.000736
FILLER_24_141,VGND,li1,70.6100,76.1600,0.000684
FILLER_24_138,VGND,li1,69.4600,76.1600,0.000663
FILLER_24_135,VGND,li1,68.3100,76.1600,0.000663
FILLER_24_94,VGND,li1,49.4500,76.1600,0.000423
FILLER_24_88,VGND,li1,46.6900,76.1600,0.000389
FILLER_24_85,VGND,li1,45.3100,76.1600,0.000389
FILLER_24_81,VGND,li1,43.4700,76.1600,0.000366
FILLER_24_15,VGND,li1,12.8800,76.1600,0.000138
FILLER_23_294,VGND,li1,141.4500,76.1600,0.001188
FILLER_23_281,VGND,li1,135.2400,76.1600,0.001180
FILLER_23_258,VGND,li1,124.8900,76.1600,0.001154
FILLER_23_238,VGND,li1,115.4600,76.1600,0.001115
FILLER_23_225,VGND,li1,109.4800,76.1600,0.001085
FILLER_23_215,VGND,li1,105.1100,76.1600,0.001043
FILLER_23_202,VGND,li1,98.6700,76.1600,0.000979
FILLER_23_199,VGND,li1,97.7500,76.1600,0.000979
FILLER_23_188,VGND,li1,92.4600,76.1600,0.000913
FILLER_23_185,VGND,li1,91.3100,76.1600,0.000913
FILLER_23_182,VGND,li1,89.9300,76.1600,0.000889
FILLER_23_166,VGND,li1,82.3400,76.1600,0.000819
FILLER_23_153,VGND,li1,76.3600,76.1600,0.000736
FILLER_23_150,VGND,li1,75.2100,76.1600,0.000736
FILLER_23_147,VGND,li1,73.8300,76.1600,0.000710
FILLER_23_133,VGND,li1,66.9300,76.1600,0.000636
FILLER_23_130,VGND,li1,66.0100,76.1600,0.000636
FILLER_23_122,VGND,li1,62.1000,76.1600,0.000590
FILLER_23_109,VGND,li1,56.3500,76.1600,0.000506
FILLER_23_106,VGND,li1,54.9700,76.1600,0.000506
FILLER_23_103,VGND,li1,53.5900,76.1600,0.000473
FILLER_23_100,VGND,li1,52.2100,76.1600,0.000473
FILLER_23_86,VGND,li1,45.5400,76.1600,0.000389
FILLER_23_76,VGND,li1,40.7100,76.1600,0.000332
FILLER_23_69,VGND,li1,37.7200,76.1600,0.000278
FILLER_23_9,VGND,li1,10.1200,76.1600,0.000139
FILLER_23_3,VGND,li1,7.1300,76.1600,0.000139
FILLER_22_317,VGND,li1,152.0300,70.7200,0.000587
FILLER_22_309,VGND,li1,147.8900,70.7200,0.000587
FILLER_22_307,VGND,li1,146.9700,70.7200,0.000587
FILLER_22_291,VGND,li1,139.6100,70.7200,0.000586
FILLER_22_278,VGND,li1,133.8600,70.7200,0.000583
FILLER_22_275,VGND,li1,132.7100,70.7200,0.000581
FILLER_22_253,VGND,li1,122.3600,70.7200,0.000573
FILLER_22_250,VGND,li1,120.9800,70.7200,0.000569
FILLER_22_241,VGND,li1,116.8400,70.7200,0.000562
FILLER_22_238,VGND,li1,115.6900,70.7200,0.000562
FILLER_22_235,VGND,li1,114.3100,70.7200,0.000555
FILLER_22_232,VGND,li1,112.9300,70.7200,0.000555
FILLER_22_224,VGND,li1,109.2500,70.7200,0.000546
FILLER_22_216,VGND,li1,105.5700,70.7200,0.000534
FILLER_22_213,VGND,li1,104.1900,70.7200,0.000528
FILLER_22_210,VGND,li1,102.8100,70.7200,0.000528
FILLER_22_195,VGND,li1,95.4500,70.7200,0.000497
FILLER_22_192,VGND,li1,94.5300,70.7200,0.000497
FILLER_22_184,VGND,li1,90.8500,70.7200,0.000478
FILLER_22_181,VGND,li1,89.4700,70.7200,0.000467
FILLER_22_178,VGND,li1,88.0900,70.7200,0.000467
FILLER_22_171,VGND,li1,84.6400,70.7200,0.000451
FILLER_22_168,VGND,li1,83.4900,70.7200,0.000439
FILLER_22_165,VGND,li1,82.1100,70.7200,0.000439
FILLER_22_162,VGND,li1,80.7300,70.7200,0.000428
FILLER_22_158,VGND,li1,78.4300,70.7200,0.000419
FILLER_22_155,VGND,li1,77.5100,70.7200,0.000410
FILLER_22_141,VGND,li1,70.6100,70.7200,0.000382
FILLER_22_139,VGND,li1,69.6900,70.7200,0.000372
FILLER_22_136,VGND,li1,68.7700,70.7200,0.000372
FILLER_22_133,VGND,li1,67.3900,70.7200,0.000357
FILLER_22_130,VGND,li1,66.0100,70.7200,0.000357
FILLER_22_110,VGND,li1,56.3500,70.7200,0.000302
FILLER_22_107,VGND,li1,55.4300,70.7200,0.000288
FILLER_22_93,VGND,li1,48.5300,70.7200,0.000256
FILLER_22_82,VGND,li1,43.7000,70.7200,0.000220
FILLER_22_65,VGND,li1,35.8800,70.7200,0.000168
FILLER_22_20,VGND,li1,15.1800,70.7200,0.000110
FILLER_21_306,VGND,li1,146.5100,70.7200,0.000587
FILLER_21_303,VGND,li1,145.5900,70.7200,0.000587
FILLER_21_300,VGND,li1,144.2100,70.7200,0.000587
FILLER_21_293,VGND,li1,140.9900,70.7200,0.000586
FILLER_21_290,VGND,li1,139.6100,70.7200,0.000586
FILLER_21_287,VGND,li1,138.2300,70.7200,0.000584
FILLER_21_284,VGND,li1,136.8500,70.7200,0.000584
FILLER_21_281,VGND,li1,135.4700,70.7200,0.000583
FILLER_21_278,VGND,li1,133.8600,70.7200,0.000583
FILLER_21_275,VGND,li1,132.7100,70.7200,0.000581
FILLER_21_272,VGND,li1,131.3300,70.7200,0.000581
FILLER_21_269,VGND,li1,129.9500,70.7200,0.000579
FILLER_21_266,VGND,li1,128.5700,70.7200,0.000579
FILLER_21_260,VGND,li1,125.3500,70.7200,0.000577
FILLER_21_248,VGND,li1,120.0600,70.7200,0.000569
FILLER_21_245,VGND,li1,118.9100,70.7200,0.000565
FILLER_21_242,VGND,li1,117.5300,70.7200,0.000565
FILLER_21_234,VGND,li1,113.8500,70.7200,0.000555
FILLER_21_231,VGND,li1,112.4700,70.7200,0.000551
FILLER_21_228,VGND,li1,111.0900,70.7200,0.000551
FILLER_21_225,VGND,li1,109.7100,70.7200,0.000546
FILLER_21_222,VGND,li1,108.1000,70.7200,0.000542
FILLER_21_165,VGND,li1,82.1100,70.7200,0.000439
FILLER_21_162,VGND,li1,80.7300,70.7200,0.000428
FILLER_21_159,VGND,li1,79.3500,70.7200,0.000419
FILLER_21_155,VGND,li1,77.0500,70.7200,0.000410
FILLER_21_152,VGND,li1,76.1300,70.7200,0.000410
FILLER_21_116,VGND,li1,59.5700,70.7200,0.000313
FILLER_21_104,VGND,li1,53.8200,70.7200,0.000288
FILLER_21_101,VGND,li1,52.6700,70.7200,0.000275
FILLER_21_84,VGND,li1,44.3900,70.7200,0.000231
FILLER_21_57,VGND,li1,31.9700,70.7200,0.000151
FILLER_21_36,VGND,li1,22.7700,70.7200,0.000106
FILLER_21_30,VGND,li1,19.5500,70.7200,0.000108
FILLER_21_3,VGND,li1,7.3600,70.7200,0.000113
FILLER_20_318,VGND,li1,152.2600,65.2800,0.001016
FILLER_20_315,VGND,li1,151.1100,65.2800,0.001016
FILLER_20_312,VGND,li1,149.7300,65.2800,0.001016
FILLER_20_309,VGND,li1,148.3500,65.2800,0.001016
FILLER_20_271,VGND,li1,130.8700,65.2800,0.000992
FILLER_20_268,VGND,li1,129.4900,65.2800,0.000983
FILLER_20_265,VGND,li1,128.1100,65.2800,0.000983
FILLER_20_262,VGND,li1,126.7300,65.2800,0.000975
FILLER_20_259,VGND,li1,125.3500,65.2800,0.000975
FILLER_20_253,VGND,li1,122.1300,65.2800,0.000960
FILLER_20_251,VGND,li1,121.2100,65.2800,0.000960
FILLER_20_248,VGND,li1,120.2900,65.2800,0.000951
FILLER_20_245,VGND,li1,118.9100,65.2800,0.000951
FILLER_20_242,VGND,li1,117.5300,65.2800,0.000944
FILLER_20_235,VGND,li1,113.8500,65.2800,0.000924
FILLER_20_215,VGND,li1,104.8800,65.2800,0.000872
FILLER_20_185,VGND,li1,91.3100,65.2800,0.000756
FILLER_20_182,VGND,li1,89.9300,65.2800,0.000756
FILLER_20_167,VGND,li1,82.8000,65.2800,0.000691
FILLER_20_151,VGND,li1,75.6700,65.2800,0.000612
FILLER_20_148,VGND,li1,74.2900,65.2800,0.000612
FILLER_20_139,VGND,li1,69.6900,65.2800,0.000560
FILLER_20_136,VGND,li1,68.7700,65.2800,0.000560
FILLER_20_124,VGND,li1,63.0200,65.2800,0.000493
FILLER_20_121,VGND,li1,61.8700,65.2800,0.000493
FILLER_20_118,VGND,li1,60.4900,65.2800,0.000471
FILLER_20_100,VGND,li1,52.2100,65.2800,0.000382
FILLER_20_55,VGND,li1,31.0500,65.2800,0.000165
FILLER_20_29,VGND,li1,19.0900,65.2800,0.000122
FILLER_20_3,VGND,li1,7.3600,65.2800,0.000125
FILLER_19_319,VGND,li1,152.4900,65.2800,0.001016
FILLER_19_301,VGND,li1,144.2100,65.2800,0.001014
FILLER_19_298,VGND,li1,143.2900,65.2800,0.001014
FILLER_19_284,VGND,li1,136.3900,65.2800,0.001006
FILLER_19_281,VGND,li1,135.4700,65.2800,0.001001
FILLER_19_278,VGND,li1,133.8600,65.2800,0.000997
FILLER_19_253,VGND,li1,122.3600,65.2800,0.000960
FILLER_19_250,VGND,li1,121.2100,65.2800,0.000960
FILLER_19_247,VGND,li1,119.8300,65.2800,0.000951
FILLER_19_235,VGND,li1,114.3100,65.2800,0.000933
FILLER_19_228,VGND,li1,110.8600,65.2800,0.000908
FILLER_19_225,VGND,li1,109.7100,65.2800,0.000908
FILLER_19_216,VGND,li1,105.5700,65.2800,0.000872
FILLER_19_213,VGND,li1,104.1900,65.2800,0.000872
FILLER_19_203,VGND,li1,99.5900,65.2800,0.000838
FILLER_19_200,VGND,li1,98.2100,65.2800,0.000815
FILLER_19_197,VGND,li1,96.8300,65.2800,0.000815
FILLER_19_188,VGND,li1,92.4600,65.2800,0.000778
FILLER_19_185,VGND,li1,91.3100,65.2800,0.000756
FILLER_19_182,VGND,li1,89.9300,65.2800,0.000756
FILLER_19_165,VGND,li1,82.1100,65.2800,0.000672
FILLER_19_145,VGND,li1,72.4500,65.2800,0.000586
FILLER_19_142,VGND,li1,71.5300,65.2800,0.000586
FILLER_19_139,VGND,li1,70.1500,65.2800,0.000560
FILLER_19_136,VGND,li1,68.7700,65.2800,0.000560
FILLER_19_122,VGND,li1,61.8700,65.2800,0.000493
FILLER_19_119,VGND,li1,60.9500,65.2800,0.000471
FILLER_19_116,VGND,li1,59.5700,65.2800,0.000471
FILLER_19_111,VGND,li1,56.8100,65.2800,0.000444
FILLER_19_108,VGND,li1,55.8900,65.2800,0.000419
FILLER_19_92,VGND,li1,48.3000,65.2800,0.000356
FILLER_19_78,VGND,li1,41.6300,65.2800,0.000289
FILLER_19_3,VGND,li1,7.1300,65.2800,0.000125
FILLER_18_315,VGND,li1,150.6500,59.8400,0.000859
FILLER_18_312,VGND,li1,149.7300,59.8400,0.000859
FILLER_18_309,VGND,li1,148.3500,59.8400,0.000859
FILLER_18_307,VGND,li1,146.9700,59.8400,0.000859
FILLER_18_298,VGND,li1,142.8300,59.8400,0.000859
FILLER_18_295,VGND,li1,141.9100,59.8400,0.000859
FILLER_18_292,VGND,li1,140.5300,59.8400,0.000859
FILLER_18_281,VGND,li1,135.4700,59.8400,0.000857
FILLER_18_267,VGND,li1,128.5700,59.8400,0.000852
FILLER_18_264,VGND,li1,127.6500,59.8400,0.000852
FILLER_18_253,VGND,li1,122.3600,59.8400,0.000840
FILLER_18_250,VGND,li1,120.9800,59.8400,0.000840
FILLER_18_238,VGND,li1,115.6900,59.8400,0.000822
FILLER_18_231,VGND,li1,112.2400,59.8400,0.000801
FILLER_18_216,VGND,li1,105.3400,59.8400,0.000772
FILLER_18_206,VGND,li1,100.9700,59.8400,0.000747
FILLER_18_203,VGND,li1,99.5900,59.8400,0.000728
FILLER_18_200,VGND,li1,98.2100,59.8400,0.000728
FILLER_18_197,VGND,li1,96.8300,59.8400,0.000708
FILLER_18_194,VGND,li1,95.2200,59.8400,0.000708
FILLER_18_185,VGND,li1,91.0800,59.8400,0.000666
FILLER_18_182,VGND,li1,89.9300,59.8400,0.000666
FILLER_18_179,VGND,li1,88.5500,59.8400,0.000648
FILLER_18_176,VGND,li1,87.1700,59.8400,0.000648
FILLER_18_166,VGND,li1,82.1100,59.8400,0.000609
FILLER_18_151,VGND,li1,75.6700,59.8400,0.000548
FILLER_18_147,VGND,li1,73.3700,59.8400,0.000533
FILLER_18_144,VGND,li1,72.4500,59.8400,0.000533
FILLER_18_141,VGND,li1,71.0700,59.8400,0.000514
FILLER_18_126,VGND,li1,63.7100,59.8400,0.000454
FILLER_18_123,VGND,li1,62.7900,59.8400,0.000454
FILLER_18_120,VGND,li1,61.4100,59.8400,0.000434
FILLER_18_61,VGND,li1,34.0400,59.8400,0.000205
FILLER_18_43,VGND,li1,25.5300,59.8400,0.000116
FILLER_18_29,VGND,li1,19.3200,59.8400,0.000119
FILLER_18_19,VGND,li1,14.7200,59.8400,0.000121
FILLER_17_306,VGND,li1,146.5100,59.8400,0.000859
FILLER_17_303,VGND,li1,145.5900,59.8400,0.000859
FILLER_17_300,VGND,li1,144.2100,59.8400,0.000859
FILLER_17_297,VGND,li1,142.8300,59.8400,0.000859
FILLER_17_284,VGND,li1,136.8500,59.8400,0.000858
FILLER_17_281,VGND,li1,135.4700,59.8400,0.000857
FILLER_17_278,VGND,li1,133.8600,59.8400,0.000857
FILLER_17_275,VGND,li1,132.7100,59.8400,0.000857
FILLER_17_272,VGND,li1,131.3300,59.8400,0.000857
FILLER_17_264,VGND,li1,127.6500,59.8400,0.000852
FILLER_17_261,VGND,li1,126.2700,59.8400,0.000847
FILLER_17_258,VGND,li1,124.8900,59.8400,0.000847
FILLER_17_244,VGND,li1,117.9900,59.8400,0.000831
FILLER_17_237,VGND,li1,115.0000,59.8400,0.000813
FILLER_17_234,VGND,li1,113.8500,59.8400,0.000813
FILLER_17_231,VGND,li1,112.4700,59.8400,0.000801
FILLER_17_228,VGND,li1,111.0900,59.8400,0.000801
FILLER_17_225,VGND,li1,109.7100,59.8400,0.000787
FILLER_17_222,VGND,li1,108.1000,59.8400,0.000787
FILLER_17_219,VGND,li1,106.9500,59.8400,0.000772
FILLER_17_216,VGND,li1,105.5700,59.8400,0.000772
FILLER_17_189,VGND,li1,92.6900,59.8400,0.000690
FILLER_17_169,VGND,li1,83.7200,59.8400,0.000609
FILLER_17_166,VGND,li1,82.3400,59.8400,0.000609
FILLER_17_163,VGND,li1,81.1900,59.8400,0.000591
FILLER_17_139,VGND,li1,70.1500,59.8400,0.000514
FILLER_17_113,VGND,li1,57.9600,59.8400,0.000414
FILLER_17_94,VGND,li1,48.9900,59.8400,0.000338
FILLER_17_67,VGND,li1,37.0300,59.8400,0.000233
FILLER_17_57,VGND,li1,32.2000,59.8400,0.000178
FILLER_16_317,VGND,li1,152.0300,54.4000,0.000789
FILLER_16_309,VGND,li1,147.8900,54.4000,0.000789
FILLER_16_303,VGND,li1,145.1300,54.4000,0.000789
FILLER_16_300,VGND,li1,144.2100,54.4000,0.000789
FILLER_16_297,VGND,li1,142.8300,54.4000,0.000789
FILLER_16_279,VGND,li1,134.5500,54.4000,0.000782
FILLER_16_276,VGND,li1,133.1700,54.4000,0.000782
FILLER_16_273,VGND,li1,131.7900,54.4000,0.000779
FILLER_16_270,VGND,li1,130.4100,54.4000,0.000776
FILLER_16_267,VGND,li1,129.0300,54.4000,0.000776
FILLER_16_259,VGND,li1,125.3500,54.4000,0.000769
FILLER_16_256,VGND,li1,123.9700,54.4000,0.000769
FILLER_16_253,VGND,li1,122.5900,54.4000,0.000764
FILLER_16_241,VGND,li1,116.8400,54.4000,0.000747
FILLER_16_238,VGND,li1,115.6900,54.4000,0.000747
FILLER_16_232,VGND,li1,112.4700,54.4000,0.000730
FILLER_16_202,VGND,li1,98.6700,54.4000,0.000657
FILLER_16_193,VGND,li1,94.9900,54.4000,0.000643
FILLER_16_184,VGND,li1,90.6200,54.4000,0.000613
FILLER_16_181,VGND,li1,89.4700,54.4000,0.000596
FILLER_16_166,VGND,li1,82.3400,54.4000,0.000554
FILLER_16_163,VGND,li1,81.1900,54.4000,0.000538
FILLER_16_160,VGND,li1,79.8100,54.4000,0.000538
FILLER_16_150,VGND,li1,74.9800,54.4000,0.000504
FILLER_16_147,VGND,li1,73.8300,54.4000,0.000486
FILLER_16_144,VGND,li1,72.4500,54.4000,0.000486
FILLER_16_141,VGND,li1,71.0700,54.4000,0.000469
FILLER_16_116,VGND,li1,59.3400,54.4000,0.000388
FILLER_16_102,VGND,li1,52.6700,54.4000,0.000327
FILLER_16_29,VGND,li1,19.3200,54.4000,0.000101
FILLER_15_272,VGND,li1,131.3300,54.4000,0.000779
FILLER_15_269,VGND,li1,129.9500,54.4000,0.000776
FILLER_15_242,VGND,li1,117.3000,54.4000,0.000747
FILLER_15_235,VGND,li1,114.0800,54.4000,0.000738
FILLER_15_232,VGND,li1,112.9300,54.4000,0.000738
FILLER_15_225,VGND,li1,109.4800,54.4000,0.000716
FILLER_15_222,VGND,li1,108.1000,54.4000,0.000716
FILLER_15_219,VGND,li1,106.9500,54.4000,0.000704
FILLER_15_216,VGND,li1,105.5700,54.4000,0.000704
FILLER_15_207,VGND,li1,101.2000,54.4000,0.000674
FILLER_15_204,VGND,li1,100.0500,54.4000,0.000674
FILLER_15_190,VGND,li1,93.1500,54.4000,0.000627
FILLER_15_187,VGND,li1,92.2300,54.4000,0.000613
FILLER_15_184,VGND,li1,90.8500,54.4000,0.000613
FILLER_15_181,VGND,li1,89.4700,54.4000,0.000596
FILLER_15_178,VGND,li1,88.0900,54.4000,0.000596
FILLER_15_175,VGND,li1,86.7100,54.4000,0.000580
FILLER_15_172,VGND,li1,85.3300,54.4000,0.000567
FILLER_15_169,VGND,li1,83.9500,54.4000,0.000567
FILLER_15_165,VGND,li1,82.1100,54.4000,0.000554
FILLER_15_162,VGND,li1,80.7300,54.4000,0.000538
FILLER_15_147,VGND,li1,73.6000,54.4000,0.000486
FILLER_15_133,VGND,li1,66.9300,54.4000,0.000437
FILLER_15_117,VGND,li1,60.0300,54.4000,0.000388
FILLER_15_111,VGND,li1,56.8100,54.4000,0.000368
FILLER_15_67,VGND,li1,36.5700,54.4000,0.000197
FILLER_15_57,VGND,li1,32.2000,54.4000,0.000159
FILLER_15_55,VGND,li1,31.0500,54.4000,0.000159
FILLER_14_317,VGND,li1,152.0300,48.9600,0.000693
FILLER_14_306,VGND,li1,146.7400,48.9600,0.000693
FILLER_14_295,VGND,li1,141.9100,48.9600,0.000691
FILLER_14_292,VGND,li1,140.5300,48.9600,0.000691
FILLER_14_289,VGND,li1,139.1500,48.9600,0.000690
FILLER_14_279,VGND,li1,134.0900,48.9600,0.000687
FILLER_14_250,VGND,li1,120.9800,48.9600,0.000657
FILLER_14_245,VGND,li1,118.4500,48.9600,0.000650
FILLER_14_242,VGND,li1,117.5300,48.9600,0.000644
FILLER_14_239,VGND,li1,116.1500,48.9600,0.000639
FILLER_14_236,VGND,li1,114.7700,48.9600,0.000639
FILLER_14_233,VGND,li1,113.3900,48.9600,0.000631
FILLER_14_230,VGND,li1,112.0100,48.9600,0.000631
FILLER_14_227,VGND,li1,110.6300,48.9600,0.000623
FILLER_14_220,VGND,li1,106.9500,48.9600,0.000607
FILLER_14_206,VGND,li1,100.5100,48.9600,0.000580
FILLER_14_203,VGND,li1,99.5900,48.9600,0.000580
FILLER_14_200,VGND,li1,98.2100,48.9600,0.000565
FILLER_14_197,VGND,li1,96.8300,48.9600,0.000565
FILLER_14_193,VGND,li1,94.9900,48.9600,0.000555
FILLER_14_190,VGND,li1,93.6100,48.9600,0.000540
FILLER_14_187,VGND,li1,92.2300,48.9600,0.000540
FILLER_14_160,VGND,li1,79.3500,48.9600,0.000459
FILLER_14_157,VGND,li1,78.4300,48.9600,0.000459
FILLER_14_154,VGND,li1,77.0500,48.9600,0.000448
FILLER_14_141,VGND,li1,70.8400,48.9600,0.000404
FILLER_14_124,VGND,li1,62.7900,48.9600,0.000362
FILLER_14_85,VGND,li1,44.8500,48.9600,0.000233
FILLER_14_79,VGND,li1,42.0900,48.9600,0.000221
FILLER_14_47,VGND,li1,27.3700,48.9600,0.000107
FILLER_14_35,VGND,li1,21.8500,48.9600,0.000094
FILLER_14_29,VGND,li1,19.3200,48.9600,0.000094
FILLER_14_26,VGND,li1,17.9400,48.9600,0.000094
FILLER_14_21,VGND,li1,15.4100,48.9600,0.000095
FILLER_14_3,VGND,li1,7.1300,48.9600,0.000095
FILLER_13_318,VGND,li1,152.2600,48.9600,0.000693
FILLER_13_298,VGND,li1,143.2900,48.9600,0.000692
FILLER_13_295,VGND,li1,141.9100,48.9600,0.000691
FILLER_13_292,VGND,li1,140.5300,48.9600,0.000691
FILLER_13_289,VGND,li1,139.1500,48.9600,0.000690
FILLER_13_286,VGND,li1,137.7700,48.9600,0.000690
FILLER_13_272,VGND,li1,131.3300,48.9600,0.000684
FILLER_13_265,VGND,li1,127.6500,48.9600,0.000674
FILLER_13_262,VGND,li1,126.7300,48.9600,0.000674
FILLER_13_259,VGND,li1,125.3500,48.9600,0.000666
FILLER_13_256,VGND,li1,123.9700,48.9600,0.000666
FILLER_13_241,VGND,li1,116.6100,48.9600,0.000644
FILLER_13_225,VGND,li1,109.7100,48.9600,0.000623
FILLER_13_221,VGND,li1,107.8700,48.9600,0.000616
FILLER_13_211,VGND,li1,103.2700,48.9600,0.000597
FILLER_13_195,VGND,li1,95.9100,48.9600,0.000555
FILLER_13_177,VGND,li1,87.4000,48.9600,0.000506
FILLER_13_174,VGND,li1,86.2500,48.9600,0.000506
FILLER_13_156,VGND,li1,77.9700,48.9600,0.000448
FILLER_13_151,VGND,li1,75.4400,48.9600,0.000434
FILLER_13_138,VGND,li1,69.4600,48.9600,0.000404
FILLER_13_111,VGND,li1,56.8100,48.9600,0.000322
FILLER_13_100,VGND,li1,51.7500,48.9600,0.000288
FILLER_13_83,VGND,li1,43.9300,48.9600,0.000233
FILLER_13_77,VGND,li1,41.4000,48.9600,0.000204
FILLER_13_69,VGND,li1,37.9500,48.9600,0.000180
FILLER_13_45,VGND,li1,26.4500,48.9600,0.000107
FILLER_13_20,VGND,li1,14.9500,48.9600,0.000095
FILLER_13_7,VGND,li1,8.9700,48.9600,0.000095
FILLER_12_309,VGND,li1,148.3500,43.5200,0.000719
FILLER_12_306,VGND,li1,146.7400,43.5200,0.000719
FILLER_12_303,VGND,li1,145.5900,43.5200,0.000719
FILLER_12_300,VGND,li1,144.2100,43.5200,0.000719
FILLER_12_297,VGND,li1,142.8300,43.5200,0.000719
FILLER_12_294,VGND,li1,141.4500,43.5200,0.000718
FILLER_12_291,VGND,li1,140.0700,43.5200,0.000718
FILLER_12_282,VGND,li1,135.7000,43.5200,0.000714
FILLER_12_279,VGND,li1,134.5500,43.5200,0.000710
FILLER_12_276,VGND,li1,133.1700,43.5200,0.000710
FILLER_12_273,VGND,li1,131.7900,43.5200,0.000707
FILLER_12_265,VGND,li1,127.6500,43.5200,0.000695
FILLER_12_262,VGND,li1,126.7300,43.5200,0.000689
FILLER_12_259,VGND,li1,125.3500,43.5200,0.000689
FILLER_12_256,VGND,li1,123.9700,43.5200,0.000681
FILLER_12_253,VGND,li1,122.5900,43.5200,0.000681
FILLER_12_249,VGND,li1,120.7500,43.5200,0.000675
FILLER_12_246,VGND,li1,119.3700,43.5200,0.000668
FILLER_12_237,VGND,li1,115.0000,43.5200,0.000655
FILLER_12_228,VGND,li1,110.8600,43.5200,0.000639
FILLER_12_225,VGND,li1,109.7100,43.5200,0.000629
FILLER_12_222,VGND,li1,108.3300,43.5200,0.000629
FILLER_12_214,VGND,li1,104.4200,43.5200,0.000612
FILLER_12_211,VGND,li1,103.2700,43.5200,0.000602
FILLER_12_208,VGND,li1,101.8900,43.5200,0.000602
FILLER_12_200,VGND,li1,97.7500,43.5200,0.000583
FILLER_12_197,VGND,li1,96.8300,43.5200,0.000572
FILLER_12_182,VGND,li1,89.4700,43.5200,0.000540
FILLER_12_179,VGND,li1,88.5500,43.5200,0.000530
FILLER_12_176,VGND,li1,87.1700,43.5200,0.000530
FILLER_12_141,VGND,li1,70.6100,43.5200,0.000432
FILLER_12_126,VGND,li1,63.7100,43.5200,0.000399
FILLER_12_106,VGND,li1,54.7400,43.5200,0.000345
FILLER_12_85,VGND,li1,45.0800,43.5200,0.000284
FILLER_12_34,VGND,li1,21.6200,43.5200,0.000106
FILLER_12_10,VGND,li1,10.3500,43.5200,0.000111
FILLER_12_3,VGND,li1,7.3600,43.5200,0.000111
FILLER_11_306,VGND,li1,146.5100,43.5200,0.000719
FILLER_11_259,VGND,li1,125.3500,43.5200,0.000689
FILLER_11_254,VGND,li1,122.8200,43.5200,0.000681
FILLER_11_245,VGND,li1,118.9100,43.5200,0.000668
FILLER_11_242,VGND,li1,117.5300,43.5200,0.000662
FILLER_11_228,VGND,li1,111.0900,43.5200,0.000639
FILLER_11_225,VGND,li1,109.7100,43.5200,0.000629
FILLER_11_221,VGND,li1,107.8700,43.5200,0.000621
FILLER_11_206,VGND,li1,100.7400,43.5200,0.000592
FILLER_11_203,VGND,li1,99.5900,43.5200,0.000592
FILLER_11_200,VGND,li1,98.2100,43.5200,0.000583
FILLER_11_197,VGND,li1,96.8300,43.5200,0.000572
FILLER_11_194,VGND,li1,95.4500,43.5200,0.000572
FILLER_11_191,VGND,li1,94.0700,43.5200,0.000559
FILLER_11_188,VGND,li1,92.6900,43.5200,0.000559
FILLER_11_172,VGND,li1,85.3300,43.5200,0.000513
FILLER_11_169,VGND,li1,83.9500,43.5200,0.000513
FILLER_11_165,VGND,li1,82.1100,43.5200,0.000503
FILLER_11_145,VGND,li1,72.4500,43.5200,0.000443
FILLER_11_113,VGND,li1,57.9600,43.5200,0.000360
FILLER_11_75,VGND,li1,40.2500,43.5200,0.000251
FILLER_11_57,VGND,li1,32.2000,43.5200,0.000177
FILLER_11_55,VGND,li1,31.0500,43.5200,0.000177
FILLER_11_41,VGND,li1,24.6100,43.5200,0.000105
FILLER_11_3,VGND,li1,7.3600,43.5200,0.000111
FILLER_10_318,VGND,li1,152.2600,38.0800,0.000622
FILLER_10_309,VGND,li1,147.8900,38.0800,0.000622
FILLER_10_305,VGND,li1,146.5100,38.0800,0.000622
FILLER_10_279,VGND,li1,134.3200,38.0800,0.000616
FILLER_10_276,VGND,li1,133.1700,38.0800,0.000616
FILLER_10_251,VGND,li1,121.2100,38.0800,0.000601
FILLER_10_243,VGND,li1,117.5300,38.0800,0.000595
FILLER_10_240,VGND,li1,116.6100,38.0800,0.000589
FILLER_10_237,VGND,li1,115.2300,38.0800,0.000589
FILLER_10_234,VGND,li1,113.8500,38.0800,0.000585
FILLER_10_219,VGND,li1,106.7200,38.0800,0.000565
FILLER_10_209,VGND,li1,102.3500,38.0800,0.000545
FILLER_10_203,VGND,li1,99.1300,38.0800,0.000537
FILLER_10_200,VGND,li1,98.2100,38.0800,0.000528
FILLER_10_197,VGND,li1,96.8300,38.0800,0.000528
FILLER_10_188,VGND,li1,92.6900,38.0800,0.000510
FILLER_10_185,VGND,li1,91.3100,38.0800,0.000502
FILLER_10_157,VGND,li1,78.2000,38.0800,0.000444
FILLER_10_139,VGND,li1,69.6900,38.0800,0.000396
FILLER_10_102,VGND,li1,52.6700,38.0800,0.000305
FILLER_10_27,VGND,li1,18.1700,38.0800,0.000099
FILLER_10_21,VGND,li1,15.6400,38.0800,0.000101
FILLER_9_318,VGND,li1,152.2600,38.0800,0.000622
FILLER_9_294,VGND,li1,141.4500,38.0800,0.000620
FILLER_9_291,VGND,li1,140.0700,38.0800,0.000620
FILLER_9_287,VGND,li1,137.7700,38.0800,0.000619
FILLER_9_284,VGND,li1,136.8500,38.0800,0.000618
FILLER_9_281,VGND,li1,135.4700,38.0800,0.000618
FILLER_9_278,VGND,li1,133.8600,38.0800,0.000616
FILLER_9_275,VGND,li1,132.7100,38.0800,0.000615
FILLER_9_272,VGND,li1,131.3300,38.0800,0.000615
FILLER_9_269,VGND,li1,129.9500,38.0800,0.000612
FILLER_9_266,VGND,li1,128.5700,38.0800,0.000612
FILLER_9_263,VGND,li1,127.1900,38.0800,0.000609
FILLER_9_234,VGND,li1,113.3900,38.0800,0.000585
FILLER_9_231,VGND,li1,112.4700,38.0800,0.000579
FILLER_9_228,VGND,li1,111.0900,38.0800,0.000579
FILLER_9_225,VGND,li1,109.7100,38.0800,0.000572
FILLER_9_216,VGND,li1,105.1100,38.0800,0.000555
FILLER_9_203,VGND,li1,99.3600,38.0800,0.000537
FILLER_9_189,VGND,li1,92.6900,38.0800,0.000510
FILLER_9_179,VGND,li1,88.5500,38.0800,0.000486
FILLER_9_176,VGND,li1,87.1700,38.0800,0.000486
FILLER_9_130,VGND,li1,65.5500,38.0800,0.000374
FILLER_9_110,VGND,li1,56.5800,38.0800,0.000331
FILLER_9_99,VGND,li1,51.7500,38.0800,0.000305
FILLER_9_55,VGND,li1,31.0500,38.0800,0.000159
FILLER_9_37,VGND,li1,22.7700,38.0800,0.000098
FILLER_8_289,VGND,li1,138.9200,32.6400,0.000501
FILLER_8_271,VGND,li1,130.8700,32.6400,0.000494
FILLER_8_268,VGND,li1,129.4900,32.6400,0.000494
FILLER_8_265,VGND,li1,128.1100,32.6400,0.000490
FILLER_8_262,VGND,li1,126.7300,32.6400,0.000490
FILLER_8_240,VGND,li1,116.6100,32.6400,0.000476
FILLER_8_229,VGND,li1,111.0900,32.6400,0.000462
FILLER_8_226,VGND,li1,110.1700,32.6400,0.000462
FILLER_8_210,VGND,li1,102.8100,32.6400,0.000445
FILLER_8_195,VGND,li1,95.4500,32.6400,0.000421
FILLER_8_192,VGND,li1,94.5300,32.6400,0.000421
FILLER_8_85,VGND,li1,45.0800,32.6400,0.000202
FILLER_8_82,VGND,li1,43.7000,32.6400,0.000191
FILLER_8_72,VGND,li1,39.1000,32.6400,0.000167
FILLER_8_62,VGND,li1,34.5000,32.6400,0.000140
FILLER_8_51,VGND,li1,29.6700,32.6400,0.000109
FILLER_8_46,VGND,li1,26.9100,32.6400,0.000091
FILLER_8_29,VGND,li1,19.0900,32.6400,0.000081
FILLER_7_301,VGND,li1,144.4400,32.6400,0.000502
FILLER_7_298,VGND,li1,143.2900,32.6400,0.000502
FILLER_7_291,VGND,li1,139.6100,32.6400,0.000501
FILLER_7_274,VGND,li1,132.2500,32.6400,0.000497
FILLER_7_271,VGND,li1,130.8700,32.6400,0.000494
FILLER_7_268,VGND,li1,129.4900,32.6400,0.000494
FILLER_7_265,VGND,li1,128.1100,32.6400,0.000490
FILLER_7_262,VGND,li1,126.7300,32.6400,0.000490
FILLER_7_259,VGND,li1,125.3500,32.6400,0.000487
FILLER_7_256,VGND,li1,123.9700,32.6400,0.000487
FILLER_7_253,VGND,li1,122.5900,32.6400,0.000484
FILLER_7_240,VGND,li1,116.1500,32.6400,0.000472
FILLER_7_237,VGND,li1,115.2300,32.6400,0.000472
FILLER_7_228,VGND,li1,111.0900,32.6400,0.000462
FILLER_7_225,VGND,li1,109.7100,32.6400,0.000462
FILLER_7_221,VGND,li1,107.8700,32.6400,0.000458
FILLER_7_209,VGND,li1,102.1200,32.6400,0.000440
FILLER_7_206,VGND,li1,100.9700,32.6400,0.000440
FILLER_7_187,VGND,li1,91.7700,32.6400,0.000407
FILLER_7_165,VGND,li1,82.1100,32.6400,0.000370
FILLER_7_111,VGND,li1,56.8100,32.6400,0.000264
FILLER_7_57,VGND,li1,31.9700,32.6400,0.000121
FILLER_7_15,VGND,li1,12.6500,32.6400,0.000083
FILLER_6_317,VGND,li1,152.0300,27.2000,0.000609
FILLER_6_303,VGND,li1,145.3600,27.2000,0.000609
FILLER_6_300,VGND,li1,144.2100,27.2000,0.000609
FILLER_6_286,VGND,li1,137.7700,27.2000,0.000606
FILLER_6_276,VGND,li1,132.7100,27.2000,0.000602
FILLER_6_265,VGND,li1,127.6500,27.2000,0.000595
FILLER_6_262,VGND,li1,126.7300,27.2000,0.000591
FILLER_6_259,VGND,li1,125.3500,27.2000,0.000591
FILLER_6_256,VGND,li1,123.9700,27.2000,0.000584
FILLER_6_253,VGND,li1,122.5900,27.2000,0.000584
FILLER_6_232,VGND,li1,112.9300,27.2000,0.000551
FILLER_6_229,VGND,li1,111.5500,27.2000,0.000551
FILLER_6_220,VGND,li1,107.1800,27.2000,0.000535
FILLER_6_206,VGND,li1,100.5100,27.2000,0.000507
FILLER_6_203,VGND,li1,99.5900,27.2000,0.000497
FILLER_6_200,VGND,li1,98.2100,27.2000,0.000497
FILLER_6_197,VGND,li1,96.8300,27.2000,0.000484
FILLER_6_195,VGND,li1,95.4500,27.2000,0.000484
FILLER_6_186,VGND,li1,91.5400,27.2000,0.000466
FILLER_6_178,VGND,li1,88.0900,27.2000,0.000441
FILLER_6_145,VGND,li1,72.9100,27.2000,0.000362
FILLER_6_123,VGND,li1,62.5600,27.2000,0.000314
FILLER_6_82,VGND,li1,43.7000,27.2000,0.000205
FILLER_6_48,VGND,li1,27.8300,27.2000,0.000103
FILLER_6_34,VGND,li1,21.6200,27.2000,0.000074
FILLER_6_3,VGND,li1,7.1300,27.2000,0.000079
FILLER_5_304,VGND,li1,146.0500,27.2000,0.000609
FILLER_5_293,VGND,li1,140.9900,27.2000,0.000608
FILLER_5_290,VGND,li1,139.6100,27.2000,0.000608
FILLER_5_287,VGND,li1,138.2300,27.2000,0.000606
FILLER_5_284,VGND,li1,136.8500,27.2000,0.000606
FILLER_5_281,VGND,li1,135.4700,27.2000,0.000604
FILLER_5_279,VGND,li1,134.0900,27.2000,0.000602
FILLER_5_251,VGND,li1,121.2100,27.2000,0.000578
FILLER_5_248,VGND,li1,120.2900,27.2000,0.000578
FILLER_5_232,VGND,li1,112.9300,27.2000,0.000551
FILLER_5_223,VGND,li1,108.3300,27.2000,0.000535
FILLER_5_220,VGND,li1,107.4100,27.2000,0.000535
FILLER_5_211,VGND,li1,103.0400,27.2000,0.000519
FILLER_5_197,VGND,li1,96.3700,27.2000,0.000484
FILLER_5_182,VGND,li1,89.7000,27.2000,0.000457
FILLER_5_169,VGND,li1,83.7200,27.2000,0.000427
FILLER_5_161,VGND,li1,79.8100,27.2000,0.000401
FILLER_5_113,VGND,li1,57.7300,27.2000,0.000278
FILLER_5_57,VGND,li1,32.2000,27.2000,0.000123
FILLER_5_38,VGND,li1,23.4600,27.2000,0.000073
FILLER_5_19,VGND,li1,14.7200,27.2000,0.000078
FILLER_4_318,VGND,li1,152.2600,21.7600,0.000409
FILLER_4_315,VGND,li1,151.1100,21.7600,0.000409
FILLER_4_312,VGND,li1,149.7300,21.7600,0.000409
FILLER_4_309,VGND,li1,148.3500,21.7600,0.000409
FILLER_4_307,VGND,li1,146.9700,21.7600,0.000409
FILLER_4_298,VGND,li1,142.8300,21.7600,0.000407
FILLER_4_295,VGND,li1,141.9100,21.7600,0.000407
FILLER_4_287,VGND,li1,138.2300,21.7600,0.000406
FILLER_4_284,VGND,li1,136.8500,21.7600,0.000405
FILLER_4_281,VGND,li1,135.4700,21.7600,0.000405
FILLER_4_265,VGND,li1,128.1100,21.7600,0.000394
FILLER_4_262,VGND,li1,126.7300,21.7600,0.000394
FILLER_4_259,VGND,li1,125.3500,21.7600,0.000390
FILLER_4_256,VGND,li1,123.9700,21.7600,0.000390
FILLER_4_253,VGND,li1,122.5900,21.7600,0.000386
FILLER_4_250,VGND,li1,120.9800,21.7600,0.000383
FILLER_4_247,VGND,li1,119.8300,21.7600,0.000383
FILLER_4_232,VGND,li1,112.4700,21.7600,0.000366
FILLER_4_224,VGND,li1,109.2500,21.7600,0.000362
FILLER_4_209,VGND,li1,102.1200,21.7600,0.000340
FILLER_4_206,VGND,li1,100.9700,21.7600,0.000340
FILLER_4_203,VGND,li1,99.5900,21.7600,0.000334
FILLER_4_200,VGND,li1,98.2100,21.7600,0.000334
FILLER_4_197,VGND,li1,96.8300,21.7600,0.000328
FILLER_4_181,VGND,li1,89.2400,21.7600,0.000306
FILLER_4_141,VGND,li1,70.8400,21.7600,0.000247
FILLER_4_130,VGND,li1,65.7800,21.7600,0.000224
FILLER_4_112,VGND,li1,57.7300,21.7600,0.000193
FILLER_4_59,VGND,li1,32.8900,21.7600,0.000092
FILLER_4_26,VGND,li1,17.9400,21.7600,0.000061
FILLER_3_281,VGND,li1,135.0100,21.7600,0.000404
FILLER_3_277,VGND,li1,133.6300,21.7600,0.000404
FILLER_3_274,VGND,li1,132.2500,21.7600,0.000403
FILLER_3_271,VGND,li1,130.8700,21.7600,0.000399
FILLER_3_268,VGND,li1,129.4900,21.7600,0.000399
FILLER_3_265,VGND,li1,128.1100,21.7600,0.000394
FILLER_3_262,VGND,li1,126.7300,21.7600,0.000394
FILLER_3_259,VGND,li1,125.3500,21.7600,0.000390
FILLER_3_256,VGND,li1,123.9700,21.7600,0.000390
FILLER_3_237,VGND,li1,115.2300,21.7600,0.000372
FILLER_3_234,VGND,li1,113.8500,21.7600,0.000372
FILLER_3_231,VGND,li1,112.4700,21.7600,0.000366
FILLER_3_228,VGND,li1,111.0900,21.7600,0.000366
FILLER_3_225,VGND,li1,109.7100,21.7600,0.000362
FILLER_3_223,VGND,li1,108.3300,21.7600,0.000358
FILLER_3_220,VGND,li1,107.4100,21.7600,0.000358
FILLER_3_166,VGND,li1,82.3400,21.7600,0.000281
FILLER_3_125,VGND,li1,63.2500,21.7600,0.000216
FILLER_3_110,VGND,li1,56.5800,21.7600,0.000193
FILLER_3_68,VGND,li1,37.0300,21.7600,0.000108
FILLER_3_57,VGND,li1,32.2000,21.7600,0.000092
FILLER_2_318,VGND,li1,152.2600,16.3200,0.000647
FILLER_2_315,VGND,li1,151.1100,16.3200,0.000647
FILLER_2_312,VGND,li1,149.7300,16.3200,0.000647
FILLER_2_309,VGND,li1,148.3500,16.3200,0.000647
FILLER_2_306,VGND,li1,146.7400,16.3200,0.000647
FILLER_2_303,VGND,li1,145.5900,16.3200,0.000646
FILLER_2_300,VGND,li1,144.2100,16.3200,0.000646
FILLER_2_281,VGND,li1,135.0100,16.3200,0.000637
FILLER_2_266,VGND,li1,128.3400,16.3200,0.000619
FILLER_2_263,VGND,li1,127.1900,16.3200,0.000619
FILLER_2_256,VGND,li1,123.5100,16.3200,0.000608
FILLER_2_253,VGND,li1,122.5900,16.3200,0.000602
FILLER_2_244,VGND,li1,117.9900,16.3200,0.000589
FILLER_2_241,VGND,li1,117.0700,16.3200,0.000583
FILLER_2_226,VGND,li1,109.9400,16.3200,0.000555
FILLER_2_223,VGND,li1,108.7900,16.3200,0.000555
FILLER_2_216,VGND,li1,105.3400,16.3200,0.000540
FILLER_2_213,VGND,li1,104.1900,16.3200,0.000529
FILLER_2_210,VGND,li1,102.8100,16.3200,0.000529
FILLER_2_176,VGND,li1,86.9400,16.3200,0.000448
FILLER_2_149,VGND,li1,74.2900,16.3200,0.000391
FILLER_2_139,VGND,li1,69.6900,16.3200,0.000360
FILLER_2_116,VGND,li1,59.3400,16.3200,0.000312
FILLER_2_89,VGND,li1,46.6900,16.3200,0.000229
FILLER_2_62,VGND,li1,34.2700,16.3200,0.000157
FILLER_2_49,VGND,li1,28.2900,16.3200,0.000107
FILLER_2_22,VGND,li1,16.1000,16.3200,0.000088
FILLER_2_7,VGND,li1,9.2000,16.3200,0.000090
FILLER_1_319,VGND,li1,152.4900,16.3200,0.000647
FILLER_1_316,VGND,li1,151.5700,16.3200,0.000647
FILLER_1_296,VGND,li1,142.3700,16.3200,0.000646
FILLER_1_293,VGND,li1,140.9900,16.3200,0.000646
FILLER_1_273,VGND,li1,131.5600,16.3200,0.000632
FILLER_1_270,VGND,li1,130.4100,16.3200,0.000624
FILLER_1_267,VGND,li1,129.0300,16.3200,0.000624
FILLER_1_264,VGND,li1,127.6500,16.3200,0.000619
FILLER_1_246,VGND,li1,118.9100,16.3200,0.000589
FILLER_1_243,VGND,li1,117.9900,16.3200,0.000589
FILLER_1_204,VGND,li1,99.5900,16.3200,0.000515
FILLER_1_196,VGND,li1,95.9100,16.3200,0.000493
FILLER_1_182,VGND,li1,89.4700,16.3200,0.000463
FILLER_1_159,VGND,li1,78.8900,16.3200,0.000408
FILLER_1_136,VGND,li1,68.3100,16.3200,0.000360
FILLER_1_111,VGND,li1,56.8100,16.3200,0.000298
FILLER_1_93,VGND,li1,48.5300,16.3200,0.000245
FILLER_0_318,VGND,li1,152.2600,10.8800,0.000093
FILLER_0_315,VGND,li1,151.1100,10.8800,0.000093
FILLER_0_312,VGND,li1,149.7300,10.8800,0.000093
FILLER_0_309,VGND,li1,148.3500,10.8800,0.000093
FILLER_0_306,VGND,li1,146.7400,10.8800,0.000093
FILLER_0_297,VGND,li1,142.8300,10.8800,0.000093
FILLER_0_294,VGND,li1,141.4500,10.8800,0.000093
FILLER_0_291,VGND,li1,140.0700,10.8800,0.000093
FILLER_0_288,VGND,li1,138.6900,10.8800,0.000093
FILLER_0_281,VGND,li1,135.0100,10.8800,0.000093
FILLER_0_277,VGND,li1,133.6300,10.8800,0.000093
FILLER_0_274,VGND,li1,132.2500,10.8800,0.000093
FILLER_0_271,VGND,li1,130.8700,10.8800,0.000093
FILLER_0_268,VGND,li1,129.4900,10.8800,0.000093
FILLER_0_265,VGND,li1,128.1100,10.8800,0.000093
FILLER_0_262,VGND,li1,126.7300,10.8800,0.000093
FILLER_0_259,VGND,li1,125.3500,10.8800,0.000093
FILLER_0_256,VGND,li1,123.9700,10.8800,0.000093
FILLER_0_253,VGND,li1,122.5900,10.8800,0.000093
FILLER_0_250,VGND,li1,120.9800,10.8800,0.000093
FILLER_0_247,VGND,li1,119.8300,10.8800,0.000093
FILLER_0_231,VGND,li1,112.4700,10.8800,0.000091
FILLER_0_228,VGND,li1,111.0900,10.8800,0.000091
FILLER_0_225,VGND,li1,109.7100,10.8800,0.000090
FILLER_0_222,VGND,li1,108.1000,10.8800,0.000090
FILLER_0_212,VGND,li1,103.7300,10.8800,0.000089
FILLER_0_194,VGND,li1,95.2200,10.8800,0.000085
FILLER_0_173,VGND,li1,85.7900,10.8800,0.000080
FILLER_0_165,VGND,li1,82.1100,10.8800,0.000079
FILLER_0_145,VGND,li1,72.6800,10.8800,0.000072
FILLER_0_139,VGND,li1,69.6900,10.8800,0.000070
FILLER_0_78,VGND,li1,41.8600,10.8800,0.000042
FILLER_0_57,VGND,li1,32.2000,10.8800,0.000027
FILLER_0_43,VGND,li1,25.5300,10.8800,0.000020
FILLER_0_34,VGND,li1,21.3900,10.8800,0.000017
ANTENNA_14,VGND,li1,15.1800,103.3600,0.000081
ANTENNA_13,VGND,li1,62.1000,179.5200,0.000319
ANTENNA_12,VGND,li1,95.2200,21.7600,0.000322
ANTENNA_11,VGND,li1,37.7200,48.9600,0.000180
ANTENNA_10,VGND,li1,18.8600,32.6400,0.000081
ANTENNA_9,VGND,li1,7.3600,16.3200,0.000090
ANTENNA_8,VGND,li1,54.2800,48.9600,0.000305
ANTENNA_7,VGND,li1,63.4800,48.9600,0.000362
ANTENNA_6,VGND,li1,66.2400,43.5200,0.000414
ANTENNA_5,VGND,li1,8.7400,10.8800,0.000019
ANTENNA_4,VGND,li1,48.3000,54.4000,0.000302
ANTENNA_3,VGND,li1,40.4800,76.1600,0.000310
ANTENNA_2,VGND,li1,57.5000,43.5200,0.000360
ANTENNA_1,VGND,li1,49.2200,65.2800,0.000356
max_cap683,VGND,li1,67.8500,54.4000,0.000452
max_cap682,VGND,li1,46.6900,59.8400,0.000318
max_cap681,VGND,li1,50.6000,119.6800,0.000456
max_cap680,VGND,li1,40.2500,168.6400,0.000222
max_cap679,VGND,li1,74.7500,152.3200,0.000784
hold678,VGND,li1,144.4400,141.4400,0.001005
hold677,VGND,li1,146.2800,141.4400,0.001006
hold676,VGND,li1,52.9000,48.9600,0.000288
hold675,VGND,li1,55.6600,48.9600,0.000305
hold674,VGND,li1,43.2400,10.8800,0.000042
hold673,VGND,li1,33.5800,10.8800,0.000031
hold672,VGND,li1,71.3000,10.8800,0.000072
hold671,VGND,li1,28.5200,21.7600,0.000075
hold670,VGND,li1,38.1800,21.7600,0.000116
hold669,VGND,li1,29.4400,16.3200,0.000124
hold668,VGND,li1,75.4400,21.7600,0.000262
hold667,VGND,li1,42.3200,32.6400,0.000191
hold666,VGND,li1,34.9600,32.6400,0.000140
hold665,VGND,li1,30.3600,21.7600,0.000083
hold664,VGND,li1,84.1800,10.8800,0.000080
hold663,VGND,li1,40.4800,32.6400,0.000179
hold662,VGND,li1,41.4000,21.7600,0.000133
hold661,VGND,li1,47.8400,10.8800,0.000050
hold660,VGND,li1,64.4000,21.7600,0.000224
hold659,VGND,li1,44.1600,76.1600,0.000366
hold658,VGND,li1,45.0800,48.9600,0.000233
hold657,VGND,li1,84.1800,32.6400,0.000384
hold656,VGND,li1,51.5200,54.4000,0.000327
hold655,VGND,li1,12.4200,70.7200,0.000112
hold654,VGND,li1,13.8000,48.9600,0.000095
hold653,VGND,li1,11.5000,32.6400,0.000083
hold652,VGND,li1,41.4000,65.2800,0.000289
hold651,VGND,li1,20.7000,59.8400,0.000118
hold650,VGND,li1,16.5600,48.9600,0.000095
hold649,VGND,li1,7.8200,38.0800,0.000101
hold648,VGND,li1,45.5400,65.2800,0.000331
hold647,VGND,li1,17.4800,54.4000,0.000102
hold646,VGND,li1,17.9400,48.9600,0.000094
hold645,VGND,li1,10.5800,43.5200,0.000111
hold644,VGND,li1,49.6800,54.4000,0.000302
hold643,VGND,li1,35.4200,10.8800,0.000034
hold642,VGND,li1,60.2600,21.7600,0.000209
hold641,VGND,li1,77.2800,10.8800,0.000076
hold640,VGND,li1,65.7800,32.6400,0.000309
hold639,VGND,li1,46.9200,21.7600,0.000150
hold638,VGND,li1,34.0400,21.7600,0.000100
hold637,VGND,li1,67.1600,16.3200,0.000346
hold636,VGND,li1,77.7400,16.3200,0.000408
hold635,VGND,li1,16.1000,65.2800,0.000123
hold634,VGND,li1,14.7200,81.6000,0.000115
hold633,VGND,li1,27.6000,81.6000,0.000129
hold632,VGND,li1,17.4800,103.3600,0.000080
hold631,VGND,li1,37.2600,10.8800,0.000036
hold630,VGND,li1,58.4200,21.7600,0.000202
hold629,VGND,li1,66.7000,21.7600,0.000232
hold628,VGND,li1,71.3000,27.2000,0.000362
hold627,VGND,li1,34.0400,65.2800,0.000214
hold626,VGND,li1,40.4800,65.2800,0.000270
hold625,VGND,li1,88.3200,32.6400,0.000399
hold624,VGND,li1,50.6000,65.2800,0.000382
hold623,VGND,li1,21.1600,76.1600,0.000137
hold622,VGND,li1,10.5800,65.2800,0.000125
hold621,VGND,li1,7.8200,54.4000,0.000105
hold620,VGND,li1,29.9000,92.4800,0.000163
hold619,VGND,li1,21.1600,21.7600,0.000059
hold618,VGND,li1,24.8400,21.7600,0.000057
hold617,VGND,li1,54.2800,21.7600,0.000186
hold616,VGND,li1,83.7200,16.3200,0.000439
hold615,VGND,li1,18.4000,97.9200,0.000189
hold614,VGND,li1,12.4200,87.0400,0.000136
hold613,VGND,li1,9.6600,76.1600,0.000139
hold612,VGND,li1,27.1400,92.4800,0.000137
hold611,VGND,li1,16.5600,81.6000,0.000114
hold610,VGND,li1,24.3800,81.6000,0.000110
hold609,VGND,li1,27.6000,87.0400,0.000180
hold608,VGND,li1,20.7000,103.3600,0.000079
hold607,VGND,li1,12.4200,179.5200,0.000083
hold606,VGND,li1,14.2600,174.0800,0.000095
hold605,VGND,li1,151.8000,108.8000,0.000920
hold604,VGND,li1,146.2800,103.3600,0.000641
hold603,VGND,li1,123.2800,76.1600,0.001143
hold602,VGND,li1,123.2800,76.1600,0.001143
hold601,VGND,li1,120.5200,87.0400,0.001101
hold600,VGND,li1,143.9800,103.3600,0.000641
hold599,VGND,li1,149.9600,103.3600,0.000642
hold598,VGND,li1,121.4400,87.0400,0.001107
hold597,VGND,li1,119.6000,48.9600,0.000650
hold596,VGND,li1,66.2400,114.2400,0.000442
hold595,VGND,li1,14.2600,179.5200,0.000082
hold594,VGND,li1,126.9600,114.2400,0.000793
hold593,VGND,li1,128.8000,114.2400,0.000796
hold592,VGND,li1,137.5400,130.5600,0.001257
hold591,VGND,li1,151.8000,146.8800,0.001140
hold590,VGND,li1,27.6000,38.0800,0.000131
hold589,VGND,li1,15.6400,21.7600,0.000062
hold588,VGND,li1,23.4600,16.3200,0.000082
hold587,VGND,li1,56.1200,43.5200,0.000345
hold586,VGND,li1,58.8800,43.5200,0.000360
hold585,VGND,li1,41.8600,54.4000,0.000241
hold584,VGND,li1,27.6000,48.9600,0.000107
hold583,VGND,li1,23.4600,43.5200,0.000105
hold582,VGND,li1,16.5600,21.7600,0.000062
hold581,VGND,li1,34.5000,48.9600,0.000167
hold580,VGND,li1,17.4800,21.7600,0.000061
hold579,VGND,li1,35.4200,54.4000,0.000197
hold578,VGND,li1,33.5800,54.4000,0.000181
hold577,VGND,li1,11.5000,21.7600,0.000064
hold576,VGND,li1,45.5400,70.7200,0.000231
hold575,VGND,li1,50.6000,65.2800,0.000382
hold574,VGND,li1,32.2000,65.2800,0.000187
hold573,VGND,li1,16.1000,43.5200,0.000110
hold572,VGND,li1,35.4200,59.8400,0.000205
hold571,VGND,li1,38.6400,59.8400,0.000233
hold570,VGND,li1,49.6800,48.9600,0.000273
hold569,VGND,li1,76.8200,27.2000,0.000390
hold568,VGND,li1,92.4600,21.7600,0.000317
hold567,VGND,li1,102.1200,10.8800,0.000089
hold566,VGND,li1,68.0800,48.9600,0.000389
hold565,VGND,li1,55.6600,32.6400,0.000264
hold564,VGND,li1,71.3000,27.2000,0.000362
hold563,VGND,li1,74.9800,32.6400,0.000348
hold562,VGND,li1,100.2800,10.8800,0.000088
hold561,VGND,li1,19.3200,21.7600,0.000060
hold560,VGND,li1,60.2600,32.6400,0.000284
hold559,VGND,li1,67.6200,32.6400,0.000317
hold558,VGND,li1,67.6200,43.5200,0.000414
hold557,VGND,li1,74.0600,38.0800,0.000423
hold556,VGND,li1,56.1200,59.8400,0.000399
hold555,VGND,li1,94.3000,21.7600,0.000322
hold554,VGND,li1,63.9400,54.4000,0.000423
hold553,VGND,li1,25.7600,38.0800,0.000115
hold552,VGND,li1,36.3400,48.9600,0.000180
hold551,VGND,li1,19.7800,43.5200,0.000108
hold550,VGND,li1,10.1200,10.8800,0.000019
hold549,VGND,li1,58.4200,48.9600,0.000322
hold548,VGND,li1,30.8200,27.2000,0.000123
hold547,VGND,li1,44.1600,32.6400,0.000202
hold546,VGND,li1,86.9400,21.7600,0.000300
hold545,VGND,li1,92.9200,16.3200,0.000483
hold544,VGND,li1,69.4600,43.5200,0.000432
hold543,VGND,li1,76.8200,38.0800,0.000432
hold542,VGND,li1,30.8200,38.0800,0.000159
hold541,VGND,li1,28.0600,32.6400,0.000091
hold540,VGND,li1,21.6200,43.5200,0.000106
hold539,VGND,li1,32.6600,48.9600,0.000154
hold538,VGND,li1,17.4800,32.6400,0.000081
hold537,VGND,li1,47.3800,70.7200,0.000242
hold536,VGND,li1,46.0000,48.9600,0.000248
hold535,VGND,li1,24.8400,27.2000,0.000073
hold534,VGND,li1,56.1200,27.2000,0.000278
hold533,VGND,li1,58.4200,32.6400,0.000272
hold532,VGND,li1,63.9400,32.6400,0.000301
hold531,VGND,li1,64.8600,38.0800,0.000374
hold530,VGND,li1,58.4200,54.4000,0.000368
hold529,VGND,li1,23.0000,27.2000,0.000074
hold528,VGND,li1,23.0000,21.7600,0.000058
hold527,VGND,li1,20.2400,32.6400,0.000079
hold526,VGND,li1,36.3400,48.9600,0.000180
hold525,VGND,li1,65.7800,54.4000,0.000437
hold524,VGND,li1,48.7600,21.7600,0.000164
hold523,VGND,li1,43.7000,21.7600,0.000141
hold522,VGND,li1,39.5600,21.7600,0.000125
hold521,VGND,li1,64.8600,10.8800,0.000067
hold520,VGND,li1,9.2000,114.2400,0.000100
hold519,VGND,li1,11.5000,103.3600,0.000083
hold518,VGND,li1,18.8600,103.3600,0.000080
hold517,VGND,li1,7.8200,103.3600,0.000083
hold516,VGND,li1,7.8200,92.4800,0.000103
hold515,VGND,li1,23.4600,92.4800,0.000101
hold514,VGND,li1,22.0800,87.0400,0.000133
hold513,VGND,li1,8.7400,65.2800,0.000125
hold512,VGND,li1,28.0600,81.6000,0.000147
hold511,VGND,li1,41.8600,76.1600,0.000332
hold510,VGND,li1,14.2600,48.9600,0.000095
hold509,VGND,li1,34.5000,76.1600,0.000255
hold508,VGND,li1,7.8200,48.9600,0.000095
hold507,VGND,li1,36.8000,32.6400,0.000155
hold506,VGND,li1,26.6800,21.7600,0.000066
hold505,VGND,li1,62.1000,21.7600,0.000216
hold504,VGND,li1,24.3800,92.4800,0.000101
hold503,VGND,li1,16.5600,87.0400,0.000136
hold502,VGND,li1,29.4400,81.6000,0.000147
hold501,VGND,li1,32.6600,87.0400,0.000242
hold500,VGND,li1,34.5000,87.0400,0.000264
hold499,VGND,li1,16.1000,114.2400,0.000098
hold498,VGND,li1,13.3400,103.3600,0.000082
hold497,VGND,li1,16.1000,92.4800,0.000102
hold496,VGND,li1,17.9400,92.4800,0.000102
hold495,VGND,li1,21.6200,92.4800,0.000101
hold494,VGND,li1,17.0200,38.0800,0.000101
hold493,VGND,li1,15.6400,32.6400,0.000082
hold492,VGND,li1,42.7800,48.9600,0.000221
hold491,VGND,li1,22.5400,81.6000,0.000112
hold490,VGND,li1,7.8200,59.8400,0.000122
hold489,VGND,li1,36.3400,87.0400,0.000287
hold488,VGND,li1,88.7800,21.7600,0.000306
hold487,VGND,li1,85.5600,16.3200,0.000448
hold486,VGND,li1,87.8600,21.7600,0.000300
hold485,VGND,li1,53.3600,32.6400,0.000253
hold484,VGND,li1,53.3600,38.0800,0.000305
hold483,VGND,li1,59.3400,43.5200,0.000373
hold482,VGND,li1,26.6800,27.2000,0.000089
hold481,VGND,li1,55.2000,38.0800,0.000317
hold480,VGND,li1,60.2600,48.9600,0.000334
hold479,VGND,li1,43.2400,43.5200,0.000272
hold478,VGND,li1,43.2400,48.9600,0.000221
hold477,VGND,li1,54.2800,65.2800,0.000419
hold476,VGND,li1,80.5000,32.6400,0.000370
hold475,VGND,li1,80.5000,32.6400,0.000370
hold474,VGND,li1,52.4400,65.2800,0.000400
hold473,VGND,li1,49.2200,27.2000,0.000235
hold472,VGND,li1,42.7800,27.2000,0.000190
hold471,VGND,li1,66.7000,10.8800,0.000068
hold470,VGND,li1,43.2400,38.0800,0.000254
hold469,VGND,li1,38.6400,32.6400,0.000167
hold468,VGND,li1,68.5400,10.8800,0.000070
hold467,VGND,li1,71.3000,43.5200,0.000443
hold466,VGND,li1,75.9000,38.0800,0.000432
hold465,VGND,li1,57.9600,54.4000,0.000368
hold464,VGND,li1,14.2600,43.5200,0.000110
hold463,VGND,li1,13.8000,32.6400,0.000082
hold462,VGND,li1,20.2400,32.6400,0.000079
hold461,VGND,li1,11.9600,10.8800,0.000019
hold460,VGND,li1,46.9200,48.9600,0.000248
hold459,VGND,li1,47.8400,48.9600,0.000261
hold458,VGND,li1,15.1800,92.4800,0.000103
hold457,VGND,li1,8.2800,87.0400,0.000136
hold456,VGND,li1,7.8200,108.8000,0.000111
hold455,VGND,li1,76.8200,32.6400,0.000355
hold454,VGND,li1,94.7600,16.3200,0.000493
hold453,VGND,li1,86.4800,27.2000,0.000441
hold452,VGND,li1,68.5400,38.0800,0.000396
hold451,VGND,li1,71.3000,32.6400,0.000328
hold450,VGND,li1,71.3000,38.0800,0.000409
hold449,VGND,li1,24.8400,70.7200,0.000100
hold448,VGND,li1,17.0200,54.4000,0.000103
hold447,VGND,li1,7.8200,27.2000,0.000079
hold446,VGND,li1,12.8800,97.9200,0.000191
hold445,VGND,li1,13.3400,92.4800,0.000103
hold444,VGND,li1,7.8200,92.4800,0.000103
hold443,VGND,li1,43.2400,21.7600,0.000141
hold442,VGND,li1,13.8000,10.8800,0.000018
hold441,VGND,li1,77.2800,21.7600,0.000269
hold440,VGND,li1,19.7800,76.1600,0.000138
hold439,VGND,li1,26.2200,81.6000,0.000129
hold438,VGND,li1,32.6600,76.1600,0.000232
hold437,VGND,li1,24.3800,54.4000,0.000098
hold436,VGND,li1,20.7000,48.9600,0.000094
hold435,VGND,li1,13.3400,21.7600,0.000063
hold434,VGND,li1,21.6200,76.1600,0.000137
hold433,VGND,li1,16.1000,65.2800,0.000123
hold432,VGND,li1,38.6400,81.6000,0.000252
hold431,VGND,li1,25.3000,65.2800,0.000118
hold430,VGND,li1,12.4200,43.5200,0.000111
hold429,VGND,li1,43.2400,65.2800,0.000308
hold428,VGND,li1,14.7200,87.0400,0.000136
hold427,VGND,li1,26.6800,70.7200,0.000114
hold426,VGND,li1,39.5600,65.2800,0.000270
hold425,VGND,li1,50.1400,16.3200,0.000258
hold424,VGND,li1,46.9200,27.2000,0.000222
hold423,VGND,li1,69.4600,27.2000,0.000352
hold422,VGND,li1,48.7600,27.2000,0.000235
hold421,VGND,li1,45.5400,16.3200,0.000229
hold420,VGND,li1,68.5400,21.7600,0.000239
hold419,VGND,li1,56.1200,21.7600,0.000193
hold418,VGND,li1,52.4400,21.7600,0.000179
hold417,VGND,li1,67.6200,27.2000,0.000342
hold416,VGND,li1,20.2400,97.9200,0.000189
hold415,VGND,li1,17.0200,92.4800,0.000102
hold414,VGND,li1,25.3000,92.4800,0.000119
hold413,VGND,li1,18.4000,81.6000,0.000114
hold412,VGND,li1,14.2600,76.1600,0.000138
hold411,VGND,li1,15.6400,54.4000,0.000103
hold410,VGND,li1,128.3400,157.7600,0.000788
hold409,VGND,li1,137.5400,114.2400,0.000807
hold408,VGND,li1,146.2800,54.4000,0.000789
hold407,VGND,li1,143.0600,38.0800,0.000621
hold406,VGND,li1,142.6000,32.6400,0.000502
hold405,VGND,li1,135.7000,114.2400,0.000804
hold404,VGND,li1,142.6000,70.7200,0.000587
hold403,VGND,li1,144.4400,32.6400,0.000502
clkload13,VGND,li1,136.1600,136.0000,0.001137
clkload12,VGND,li1,134.3200,130.5600,0.001250
clkload11,VGND,li1,141.6800,103.3600,0.000640
clkload10,VGND,li1,140.7600,108.8000,0.000915
clkload9,VGND,li1,93.3800,87.0400,0.000919
clkload8,VGND,li1,97.5200,92.4800,0.000758
clkload7,VGND,li1,115.4600,81.6000,0.000879
clkload6,VGND,li1,35.8800,38.0800,0.000200
clkload5,VGND,li1,29.9000,48.9600,0.000134
clkload4,VGND,li1,46.9200,43.5200,0.000296
clkload3,VGND,li1,33.1200,38.0800,0.000179
clkload2,VGND,li1,28.9800,70.7200,0.000132
clkload1,VGND,li1,17.0200,70.7200,0.000110
clkload0,VGND,li1,27.1400,59.8400,0.000137
clkbuf_4_15_0_clk,VGND,li1,142.3700,136.0000,0.001153
clkbuf_4_14_0_clk,VGND,li1,137.3100,136.0000,0.001145
clkbuf_4_13_0_clk,VGND,li1,142.8300,97.9200,0.001516
clkbuf_4_12_0_clk,VGND,li1,144.6700,108.8000,0.000920
clkbuf_4_11_0_clk,VGND,li1,93.1500,97.9200,0.001263
clkbuf_4_10_0_clk,VGND,li1,93.1500,92.4800,0.000736
clkbuf_4_9_0_clk,VGND,li1,119.3700,81.6000,0.000899
clkbuf_4_8_0_clk,VGND,li1,125.3500,87.0400,0.001116
clkbuf_4_7_0_clk,VGND,li1,39.7900,38.0800,0.000232
clkbuf_4_6_0_clk,VGND,li1,28.2900,43.5200,0.000153
clkbuf_4_5_0_clk,VGND,li1,48.0700,32.6400,0.000227
clkbuf_4_4_0_clk,VGND,li1,37.4900,43.5200,0.000231
clkbuf_4_3_0_clk,VGND,li1,32.8900,70.7200,0.000151
clkbuf_4_2_0_clk,VGND,li1,21.3900,70.7200,0.000106
clkbuf_4_1_0_clk,VGND,li1,31.0500,59.8400,0.000178
clkbuf_4_0_0_clk,VGND,li1,24.6100,48.9600,0.000093
clkbuf_0_clk,VGND,li1,80.9600,97.9200,0.001108
_2621__401,VGND,li1,14.9500,114.2400,0.000098
max_cap400,VGND,li1,27.1400,108.8000,0.000136
max_cap399,VGND,li1,79.1200,59.8400,0.000573
max_cap398,VGND,li1,83.2600,87.0400,0.000810
max_cap397,VGND,li1,61.1800,81.6000,0.000452
max_cap396,VGND,li1,28.9800,130.5600,0.000181
max_cap395,VGND,li1,73.1400,114.2400,0.000505
max_cap394,VGND,li1,47.3800,125.1200,0.000375
output393,VGND,li1,58.4200,10.8800,0.000060
output392,VGND,li1,49.2200,43.5200,0.000311
output391,VGND,li1,17.4800,16.3200,0.000087
output390,VGND,li1,8.7400,43.5200,0.000111
output389,VGND,li1,15.6400,32.6400,0.000082
output388,VGND,li1,17.9400,43.5200,0.000109
output387,VGND,li1,7.8200,16.3200,0.000090
output386,VGND,li1,12.4200,65.2800,0.000125
output385,VGND,li1,19.7800,92.4800,0.000102
output384,VGND,li1,62.1000,32.6400,0.000293
output383,VGND,li1,61.1800,43.5200,0.000384
output382,VGND,li1,54.2800,59.8400,0.000384
output381,VGND,li1,78.6600,32.6400,0.000363
output380,VGND,li1,78.6600,27.2000,0.000401
output379,VGND,li1,93.8400,21.7600,0.000317
output378,VGND,li1,12.4200,81.6000,0.000116
output377,VGND,li1,151.8000,76.1600,0.001190
output376,VGND,li1,151.8000,87.0400,0.001140
output375,VGND,li1,151.8000,97.9200,0.001516
output374,VGND,li1,151.8000,108.8000,0.000920
output373,VGND,li1,151.8000,130.5600,0.001265
output372,VGND,li1,151.8000,152.3200,0.001223
output371,VGND,li1,148.5800,184.9600,0.000329
output370,VGND,li1,150.4200,184.9600,0.000329
output369,VGND,li1,145.3600,184.9600,0.000328
output368,VGND,li1,149.0400,38.0800,0.000622
output367,VGND,li1,145.8200,32.6400,0.000502
output366,VGND,li1,146.2800,32.6400,0.000502
output365,VGND,li1,149.9600,43.5200,0.000719
output364,VGND,li1,151.8000,43.5200,0.000719
output363,VGND,li1,151.8000,59.8400,0.000859
output362,VGND,li1,135.7000,184.9600,0.000328
output361,VGND,li1,7.8200,146.8800,0.000132
output360,VGND,li1,9.6600,146.8800,0.000132
output359,VGND,li1,11.5000,152.3200,0.000140
output358,VGND,li1,7.8200,157.7600,0.000098
output357,VGND,li1,7.8200,163.2000,0.000115
output356,VGND,li1,7.8200,163.2000,0.000115
output355,VGND,li1,9.6600,163.2000,0.000115
output354,VGND,li1,7.8200,168.6400,0.000092
output353,VGND,li1,7.8200,174.0800,0.000097
output352,VGND,li1,52.9000,10.8800,0.000056
output351,VGND,li1,62.5600,21.7600,0.000216
output350,VGND,li1,7.8200,125.1200,0.000124
output349,VGND,li1,54.7400,10.8800,0.000058
output348,VGND,li1,93.8400,10.8800,0.000085
output347,VGND,li1,35.8800,21.7600,0.000108
output346,VGND,li1,11.5000,163.2000,0.000114
input345,VGND,li1,151.8000,32.6400,0.000502
input344,VGND,li1,53.8200,38.0800,0.000317
input343,VGND,li1,7.8200,179.5200,0.000083
input313,VGND,li1,53.8200,32.6400,0.000253
input315,VGND,li1,26.6800,10.8800,0.000020
input317,VGND,li1,34.9600,76.1600,0.000255
input318,VGND,li1,14.2600,65.2800,0.000124
input323,VGND,li1,37.7200,21.7600,0.000116
input324,VGND,li1,43.7000,16.3200,0.000217
input325,VGND,li1,9.6600,103.3600,0.000083
input326,VGND,li1,90.6200,21.7600,0.000311
input328,VGND,li1,82.3400,32.6400,0.000377
input327,VGND,li1,84.1800,32.6400,0.000384
input329,VGND,li1,64.4000,38.0800,0.000374
input330,VGND,li1,66.7000,38.0800,0.000386
input331,VGND,li1,17.4800,32.6400,0.000081
input332,VGND,li1,7.8200,76.1600,0.000139
_2620__402,VGND,li1,69.2300,32.6400,0.000317
input316,VGND,li1,36.8000,76.1600,0.000278
input310,VGND,li1,33.5800,21.7600,0.000092
input342,VGND,li1,151.8000,141.4400,0.001007
input334,VGND,li1,13.3400,59.8400,0.000121
input333,VGND,li1,36.3400,76.1600,0.000278
input341,VGND,li1,151.8000,103.3600,0.000642
input340,VGND,li1,80.9600,21.7600,0.000281
input339,VGND,li1,51.5200,32.6400,0.000244
input338,VGND,li1,22.0800,32.6400,0.000078
input337,VGND,li1,28.9800,27.2000,0.000103
input336,VGND,li1,33.1200,32.6400,0.000121
input320,VGND,li1,40.4800,59.8400,0.000262
input335,VGND,li1,13.3400,27.2000,0.000078
input311,VGND,li1,79.1200,21.7600,0.000275
input314,VGND,li1,50.6000,21.7600,0.000172
input321,VGND,li1,35.8800,65.2800,0.000233
input312,VGND,li1,65.7800,27.2000,0.000325
input309,VGND,li1,11.5000,76.1600,0.000138
input319,VGND,li1,37.7200,65.2800,0.000251
input322,VGND,li1,16.1000,48.9600,0.000095
fanout84,VGND,li1,58.1900,163.2000,0.000453
fanout83,VGND,li1,17.7100,65.2800,0.000123
fanout82,VGND,li1,25.9900,92.4800,0.000119
fanout81,VGND,li1,7.5900,21.7600,0.000065
fanout80,VGND,li1,7.5900,59.8400,0.000122
fanout79,VGND,li1,11.2700,59.8400,0.000121
fanout78,VGND,li1,126.2700,152.3200,0.001212
fanout77,VGND,li1,121.2100,70.7200,0.000569
place298,VGND,li1,14.0300,70.7200,0.000112
place297,VGND,li1,20.4700,59.8400,0.000118
place296,VGND,li1,28.7500,92.4800,0.000137
place300,VGND,li1,30.5900,10.8800,0.000027
place292,VGND,li1,14.9500,21.7600,0.000063
place290,VGND,li1,17.7100,65.2800,0.000123
place291,VGND,li1,19.5500,38.0800,0.000099
place299,VGND,li1,7.5900,10.8800,0.000019
place288,VGND,li1,27.8300,157.7600,0.000129
place289,VGND,li1,64.1700,152.3200,0.000655
place301,VGND,li1,22.7700,54.4000,0.000099
place287,VGND,li1,15.4100,125.1200,0.000123
place286,VGND,li1,58.1900,125.1200,0.000492
place302,VGND,li1,26.4500,54.4000,0.000117
place284,VGND,li1,60.0300,141.4400,0.000488
place283,VGND,li1,17.7100,130.5600,0.000138
place281,VGND,li1,30.5900,114.2400,0.000155
place282,VGND,li1,14.4900,125.1200,0.000123
place280,VGND,li1,23.6900,114.2400,0.000094
place279,VGND,li1,51.7500,146.8800,0.000467
place277,VGND,li1,50.3700,119.6800,0.000456
place278,VGND,li1,31.0500,76.1600,0.000206
place275,VGND,li1,58.1900,70.7200,0.000313
place276,VGND,li1,22.3100,130.5600,0.000136
place273,VGND,li1,59.1100,114.2400,0.000385
place274,VGND,li1,22.3100,114.2400,0.000095
place271,VGND,li1,40.2500,38.0800,0.000232
place272,VGND,li1,39.3300,130.5600,0.000327
place269,VGND,li1,49.4500,10.8800,0.000050
place270,VGND,li1,32.4300,130.5600,0.000223
place267,VGND,li1,58.1900,65.2800,0.000444
place268,VGND,li1,40.2500,70.7200,0.000205
place265,VGND,li1,58.1900,16.3200,0.000298
place266,VGND,li1,55.4300,81.6000,0.000413
place263,VGND,li1,54.9700,32.6400,0.000253
place264,VGND,li1,43.9300,97.9200,0.000487
place261,VGND,li1,56.3500,10.8800,0.000058
place262,VGND,li1,43.4700,87.0400,0.000356
place259,VGND,li1,30.5900,76.1600,0.000206
place258,VGND,li1,70.1500,21.7600,0.000239
place256,VGND,li1,23.2300,136.0000,0.000123
place285,VGND,li1,23.6900,87.0400,0.000132
place260,VGND,li1,41.1700,27.2000,0.000190
place255,VGND,li1,19.5500,108.8000,0.000110
place257,VGND,li1,12.6500,141.4400,0.000111
place293,VGND,li1,25.0700,16.3200,0.000082
place252,VGND,li1,24.1500,125.1200,0.000121
place254,VGND,li1,30.1300,97.9200,0.000273
place253,VGND,li1,23.2300,108.8000,0.000108
place294,VGND,li1,123.9700,43.5200,0.000681
place248,VGND,li1,42.5500,119.6800,0.000358
place249,VGND,li1,36.5700,163.2000,0.000234
place244,VGND,li1,58.6500,136.0000,0.000503
place250,VGND,li1,39.3300,87.0400,0.000309
place245,VGND,li1,51.2900,103.3600,0.000260
place243,VGND,li1,72.9100,32.6400,0.000337
place214,VGND,li1,131.3300,70.7200,0.000581
place217,VGND,li1,77.5100,76.1600,0.000768
place213,VGND,li1,138.6900,108.8000,0.000909
place212,VGND,li1,139.6100,103.3600,0.000638
place205,VGND,li1,77.9700,87.0400,0.000751
place207,VGND,li1,64.1700,65.2800,0.000516
place308,VGND,li1,29.2100,38.0800,0.000131
place306,VGND,li1,15.4100,54.4000,0.000103
place303,VGND,li1,110.1700,81.6000,0.000853
place307,VGND,li1,7.5900,32.6400,0.000084
place200,VGND,li1,139.6100,97.9200,0.001507
place251,VGND,li1,26.9100,65.2800,0.000137
place246,VGND,li1,43.4700,54.4000,0.000264
place241,VGND,li1,146.0500,136.0000,0.001153
place230,VGND,li1,48.0700,76.1600,0.000423
place215,VGND,li1,120.7500,92.4800,0.000876
place202,VGND,li1,32.4300,141.4400,0.000202
place204,VGND,li1,74.2900,59.8400,0.000548
place206,VGND,li1,74.2900,48.9600,0.000434
place218,VGND,li1,67.3900,103.3600,0.000354
place216,VGND,li1,80.7300,65.2800,0.000672
place203,VGND,li1,13.1100,146.8800,0.000132
place219,VGND,li1,60.0300,32.6400,0.000284
place208,VGND,li1,37.4900,119.6800,0.000293
place240,VGND,li1,146.5100,27.2000,0.000609
place236,VGND,li1,29.6700,125.1200,0.000166
place210,VGND,li1,76.5900,48.9600,0.000448
place220,VGND,li1,68.7700,114.2400,0.000462
place234,VGND,li1,26.9100,119.6800,0.000156
place211,VGND,li1,75.6700,48.9600,0.000434
place223,VGND,li1,54.9700,70.7200,0.000288
place224,VGND,li1,58.6500,108.8000,0.000440
place225,VGND,li1,61.8700,146.8800,0.000598
place228,VGND,li1,46.6900,76.1600,0.000389
place233,VGND,li1,27.8300,125.1200,0.000142
place229,VGND,li1,53.1300,125.1200,0.000437
place231,VGND,li1,37.4900,103.3600,0.000168
place209,VGND,li1,79.3500,70.7200,0.000419
place222,VGND,li1,56.3500,70.7200,0.000302
place226,VGND,li1,54.9700,76.1600,0.000506
place227,VGND,li1,48.0700,76.1600,0.000423
place232,VGND,li1,34.7300,152.3200,0.000251
place247,VGND,li1,51.2900,48.9600,0.000273
place237,VGND,li1,30.1300,125.1200,0.000166
place239,VGND,li1,123.9700,103.3600,0.000616
place221,VGND,li1,58.6500,48.9600,0.000334
place235,VGND,li1,28.7500,119.6800,0.000180
place238,VGND,li1,16.7900,136.0000,0.000124
place242,VGND,li1,63.2500,16.3200,0.000333
place304,VGND,li1,146.0500,97.9200,0.001516
place305,VGND,li1,120.7500,76.1600,0.001137
place295,VGND,li1,126.2700,103.3600,0.000620
place199,VGND,li1,148.3500,103.3600,0.000642
place201,VGND,li1,138.6900,38.0800,0.000619
TAP_TAPCELL_ROW_64_497,VGND,li1,147.4300,185.2510,0.000328
TAP_TAPCELL_ROW_64_496,VGND,li1,134.5500,185.2510,0.000328
TAP_TAPCELL_ROW_64_495,VGND,li1,121.6700,185.2510,0.000328
TAP_TAPCELL_ROW_64_494,VGND,li1,108.7900,185.2510,0.000328
TAP_TAPCELL_ROW_64_493,VGND,li1,95.9100,185.2510,0.000320
TAP_TAPCELL_ROW_64_492,VGND,li1,83.0300,185.2510,0.000292
TAP_TAPCELL_ROW_64_491,VGND,li1,70.1500,185.2510,0.000260
TAP_TAPCELL_ROW_64_490,VGND,li1,57.2700,185.2510,0.000212
TAP_TAPCELL_ROW_64_489,VGND,li1,44.3900,185.2510,0.000156
TAP_TAPCELL_ROW_64_488,VGND,li1,31.5100,185.2510,0.000091
TAP_TAPCELL_ROW_64_487,VGND,li1,18.6300,185.2510,0.000060
TAP_TAPCELL_ROW_63_486,VGND,li1,134.5500,184.6680,0.000328
TAP_TAPCELL_ROW_63_485,VGND,li1,108.7900,184.6680,0.000328
TAP_TAPCELL_ROW_63_484,VGND,li1,83.0300,184.6680,0.000292
TAP_TAPCELL_ROW_63_483,VGND,li1,57.2700,184.6680,0.000212
TAP_TAPCELL_ROW_63_482,VGND,li1,31.5100,184.6680,0.000091
TAP_TAPCELL_ROW_62_481,VGND,li1,147.4300,179.8110,0.000512
TAP_TAPCELL_ROW_62_480,VGND,li1,121.6700,179.8110,0.000508
TAP_TAPCELL_ROW_62_479,VGND,li1,95.9100,179.8110,0.000474
TAP_TAPCELL_ROW_62_478,VGND,li1,70.1500,179.8110,0.000361
TAP_TAPCELL_ROW_62_477,VGND,li1,44.3900,179.8110,0.000211
TAP_TAPCELL_ROW_62_476,VGND,li1,18.6300,179.8110,0.000080
TAP_TAPCELL_ROW_61_475,VGND,li1,134.5500,179.2280,0.000511
TAP_TAPCELL_ROW_61_474,VGND,li1,108.7900,179.2280,0.000502
TAP_TAPCELL_ROW_61_473,VGND,li1,83.0300,179.2280,0.000420
TAP_TAPCELL_ROW_61_472,VGND,li1,57.2700,179.2280,0.000293
TAP_TAPCELL_ROW_61_471,VGND,li1,31.5100,179.2280,0.000122
TAP_TAPCELL_ROW_60_470,VGND,li1,147.4300,174.3710,0.000660
TAP_TAPCELL_ROW_60_469,VGND,li1,121.6700,174.3710,0.000649
TAP_TAPCELL_ROW_60_468,VGND,li1,95.9100,174.3710,0.000585
TAP_TAPCELL_ROW_60_467,VGND,li1,70.1500,174.3710,0.000426
TAP_TAPCELL_ROW_60_466,VGND,li1,44.3900,174.3710,0.000237
TAP_TAPCELL_ROW_60_465,VGND,li1,18.6300,174.3710,0.000094
TAP_TAPCELL_ROW_59_464,VGND,li1,134.5500,173.7880,0.000656
TAP_TAPCELL_ROW_59_463,VGND,li1,108.7900,173.7880,0.000638
TAP_TAPCELL_ROW_59_462,VGND,li1,83.0300,173.7880,0.000516
TAP_TAPCELL_ROW_59_461,VGND,li1,57.2700,173.7880,0.000339
TAP_TAPCELL_ROW_59_460,VGND,li1,31.5100,173.7880,0.000140
TAP_TAPCELL_ROW_58_459,VGND,li1,147.4300,168.9310,0.000676
TAP_TAPCELL_ROW_58_458,VGND,li1,121.6700,168.9310,0.000657
TAP_TAPCELL_ROW_58_457,VGND,li1,95.9100,168.9310,0.000586
TAP_TAPCELL_ROW_58_456,VGND,li1,70.1500,168.9310,0.000427
TAP_TAPCELL_ROW_58_455,VGND,li1,44.3900,168.9310,0.000243
TAP_TAPCELL_ROW_58_454,VGND,li1,18.6300,168.9310,0.000090
TAP_TAPCELL_ROW_57_453,VGND,li1,134.5500,168.3480,0.000672
TAP_TAPCELL_ROW_57_452,VGND,li1,108.7900,168.3480,0.000627
TAP_TAPCELL_ROW_57_451,VGND,li1,83.0300,168.3480,0.000516
TAP_TAPCELL_ROW_57_450,VGND,li1,57.2700,168.3480,0.000348
TAP_TAPCELL_ROW_57_449,VGND,li1,31.5100,168.3480,0.000153
TAP_TAPCELL_ROW_56_448,VGND,li1,147.4300,163.4910,0.000966
TAP_TAPCELL_ROW_56_447,VGND,li1,121.6700,163.4910,0.000953
TAP_TAPCELL_ROW_56_446,VGND,li1,95.9100,163.4910,0.000817
TAP_TAPCELL_ROW_56_445,VGND,li1,70.1500,163.4910,0.000580
TAP_TAPCELL_ROW_56_444,VGND,li1,44.3900,163.4910,0.000310
TAP_TAPCELL_ROW_56_443,VGND,li1,18.6300,163.4910,0.000113
TAP_TAPCELL_ROW_55_442,VGND,li1,134.5500,162.9080,0.000962
TAP_TAPCELL_ROW_55_441,VGND,li1,108.7900,162.9080,0.000913
TAP_TAPCELL_ROW_55_440,VGND,li1,83.0300,162.9080,0.000704
TAP_TAPCELL_ROW_55_439,VGND,li1,57.2700,162.9080,0.000453
TAP_TAPCELL_ROW_55_438,VGND,li1,31.5100,162.9080,0.000182
TAP_TAPCELL_ROW_54_437,VGND,li1,147.4300,158.0510,0.000807
TAP_TAPCELL_ROW_54_436,VGND,li1,121.6700,158.0510,0.000779
TAP_TAPCELL_ROW_54_435,VGND,li1,95.9100,158.0510,0.000687
TAP_TAPCELL_ROW_54_434,VGND,li1,70.1500,158.0510,0.000493
TAP_TAPCELL_ROW_54_433,VGND,li1,44.3900,158.0510,0.000278
TAP_TAPCELL_ROW_54_432,VGND,li1,18.6300,158.0510,0.000097
TAP_TAPCELL_ROW_53_431,VGND,li1,134.5500,157.4680,0.000798
TAP_TAPCELL_ROW_53_430,VGND,li1,108.7900,157.4680,0.000750
TAP_TAPCELL_ROW_53_429,VGND,li1,83.0300,157.4680,0.000593
TAP_TAPCELL_ROW_53_428,VGND,li1,57.2700,157.4680,0.000389
TAP_TAPCELL_ROW_53_427,VGND,li1,31.5100,157.4680,0.000154
TAP_TAPCELL_ROW_52_426,VGND,li1,147.4300,152.6110,0.001223
TAP_TAPCELL_ROW_52_425,VGND,li1,121.6700,152.6110,0.001205
TAP_TAPCELL_ROW_52_424,VGND,li1,95.9100,152.6110,0.001017
TAP_TAPCELL_ROW_52_423,VGND,li1,70.1500,152.6110,0.000729
TAP_TAPCELL_ROW_52_422,VGND,li1,44.3900,152.6110,0.000387
TAP_TAPCELL_ROW_52_421,VGND,li1,18.6300,152.6110,0.000139
TAP_TAPCELL_ROW_51_420,VGND,li1,134.5500,152.0280,0.001218
TAP_TAPCELL_ROW_51_419,VGND,li1,108.7900,152.0280,0.001146
TAP_TAPCELL_ROW_51_418,VGND,li1,83.0300,152.0280,0.000866
TAP_TAPCELL_ROW_51_417,VGND,li1,57.2700,152.0280,0.000550
TAP_TAPCELL_ROW_51_416,VGND,li1,31.5100,152.0280,0.000226
TAP_TAPCELL_ROW_50_415,VGND,li1,147.4300,147.1710,0.001140
TAP_TAPCELL_ROW_50_414,VGND,li1,121.6700,147.1710,0.001107
TAP_TAPCELL_ROW_50_413,VGND,li1,95.9100,147.1710,0.000964
TAP_TAPCELL_ROW_50_412,VGND,li1,70.1500,147.1710,0.000688
TAP_TAPCELL_ROW_50_411,VGND,li1,44.3900,147.1710,0.000376
TAP_TAPCELL_ROW_50_410,VGND,li1,18.6300,147.1710,0.000130
TAP_TAPCELL_ROW_49_409,VGND,li1,134.5500,146.5880,0.001131
TAP_TAPCELL_ROW_49_408,VGND,li1,108.7900,146.5880,0.001060
TAP_TAPCELL_ROW_49_407,VGND,li1,83.0300,146.5880,0.000821
TAP_TAPCELL_ROW_49_406,VGND,li1,57.2700,146.5880,0.000544
TAP_TAPCELL_ROW_49_405,VGND,li1,31.5100,146.5880,0.000227
TAP_TAPCELL_ROW_48_404,VGND,li1,147.4300,141.7310,0.001006
TAP_TAPCELL_ROW_48_403,VGND,li1,121.6700,141.7310,0.000981
TAP_TAPCELL_ROW_48_402,VGND,li1,95.9100,141.7310,0.000828
TAP_TAPCELL_ROW_48_401,VGND,li1,70.1500,141.7310,0.000584
TAP_TAPCELL_ROW_48_400,VGND,li1,44.3900,141.7310,0.000327
TAP_TAPCELL_ROW_48_399,VGND,li1,18.6300,141.7310,0.000110
TAP_TAPCELL_ROW_47_398,VGND,li1,134.5500,141.1480,0.000999
TAP_TAPCELL_ROW_47_397,VGND,li1,108.7900,141.1480,0.000928
TAP_TAPCELL_ROW_47_396,VGND,li1,83.0300,141.1480,0.000700
TAP_TAPCELL_ROW_47_395,VGND,li1,57.2700,141.1480,0.000450
TAP_TAPCELL_ROW_47_394,VGND,li1,31.5100,141.1480,0.000178
TAP_TAPCELL_ROW_46_393,VGND,li1,147.4300,136.2910,0.001153
TAP_TAPCELL_ROW_46_392,VGND,li1,121.6700,136.2910,0.001092
TAP_TAPCELL_ROW_46_391,VGND,li1,95.9100,136.2910,0.000894
TAP_TAPCELL_ROW_46_390,VGND,li1,70.1500,136.2910,0.000635
TAP_TAPCELL_ROW_46_389,VGND,li1,44.3900,136.2910,0.000357
TAP_TAPCELL_ROW_46_388,VGND,li1,18.6300,136.2910,0.000123
TAP_TAPCELL_ROW_45_387,VGND,li1,134.5500,135.7080,0.001137
TAP_TAPCELL_ROW_45_386,VGND,li1,108.7900,135.7080,0.001006
TAP_TAPCELL_ROW_45_385,VGND,li1,83.0300,135.7080,0.000762
TAP_TAPCELL_ROW_45_384,VGND,li1,57.2700,135.7080,0.000503
TAP_TAPCELL_ROW_45_383,VGND,li1,31.5100,135.7080,0.000205
TAP_TAPCELL_ROW_44_382,VGND,li1,147.4300,130.8510,0.001264
TAP_TAPCELL_ROW_44_381,VGND,li1,121.6700,130.8510,0.001216
TAP_TAPCELL_ROW_44_380,VGND,li1,95.9100,130.8510,0.001015
TAP_TAPCELL_ROW_44_379,VGND,li1,70.1500,130.8510,0.000712
TAP_TAPCELL_ROW_44_378,VGND,li1,44.3900,130.8510,0.000389
TAP_TAPCELL_ROW_44_377,VGND,li1,18.6300,130.8510,0.000138
TAP_TAPCELL_ROW_43_376,VGND,li1,134.5500,130.2680,0.001250
TAP_TAPCELL_ROW_43_375,VGND,li1,108.7900,130.2680,0.001139
TAP_TAPCELL_ROW_43_374,VGND,li1,83.0300,130.2680,0.000857
TAP_TAPCELL_ROW_43_373,VGND,li1,57.2700,130.2680,0.000551
TAP_TAPCELL_ROW_43_372,VGND,li1,31.5100,130.2680,0.000223
TAP_TAPCELL_ROW_42_371,VGND,li1,147.4300,125.4110,0.001084
TAP_TAPCELL_ROW_42_370,VGND,li1,121.6700,125.4110,0.001055
TAP_TAPCELL_ROW_42_369,VGND,li1,95.9100,125.4110,0.000861
TAP_TAPCELL_ROW_42_368,VGND,li1,70.1500,125.4110,0.000618
TAP_TAPCELL_ROW_42_367,VGND,li1,44.3900,125.4110,0.000341
TAP_TAPCELL_ROW_42_366,VGND,li1,18.6300,125.4110,0.000122
TAP_TAPCELL_ROW_41_365,VGND,li1,134.5500,124.8280,0.001076
TAP_TAPCELL_ROW_41_364,VGND,li1,108.7900,124.8280,0.000972
TAP_TAPCELL_ROW_41_363,VGND,li1,83.0300,124.8280,0.000745
TAP_TAPCELL_ROW_41_362,VGND,li1,57.2700,124.8280,0.000472
TAP_TAPCELL_ROW_41_361,VGND,li1,31.5100,124.8280,0.000190
TAP_TAPCELL_ROW_40_360,VGND,li1,147.4300,119.9710,0.001188
TAP_TAPCELL_ROW_40_359,VGND,li1,121.6700,119.9710,0.001162
TAP_TAPCELL_ROW_40_358,VGND,li1,95.9100,119.9710,0.000992
TAP_TAPCELL_ROW_40_357,VGND,li1,70.1500,119.9710,0.000682
TAP_TAPCELL_ROW_40_356,VGND,li1,44.3900,119.9710,0.000381
TAP_TAPCELL_ROW_40_355,VGND,li1,18.6300,119.9710,0.000135
TAP_TAPCELL_ROW_39_354,VGND,li1,134.5500,119.3880,0.001181
TAP_TAPCELL_ROW_39_353,VGND,li1,108.7900,119.3880,0.001106
TAP_TAPCELL_ROW_39_352,VGND,li1,83.0300,119.3880,0.000848
TAP_TAPCELL_ROW_39_351,VGND,li1,57.2700,119.3880,0.000542
TAP_TAPCELL_ROW_39_350,VGND,li1,31.5100,119.3880,0.000210
TAP_TAPCELL_ROW_38_349,VGND,li1,147.4300,114.5310,0.000814
TAP_TAPCELL_ROW_38_348,VGND,li1,121.6700,114.5310,0.000783
TAP_TAPCELL_ROW_38_347,VGND,li1,95.9100,114.5310,0.000662
TAP_TAPCELL_ROW_38_346,VGND,li1,70.1500,114.5310,0.000478
TAP_TAPCELL_ROW_38_345,VGND,li1,44.3900,114.5310,0.000268
TAP_TAPCELL_ROW_38_344,VGND,li1,18.6300,114.5310,0.000097
TAP_TAPCELL_ROW_37_343,VGND,li1,134.5500,113.9480,0.000804
TAP_TAPCELL_ROW_37_342,VGND,li1,108.7900,113.9480,0.000746
TAP_TAPCELL_ROW_37_341,VGND,li1,83.0300,113.9480,0.000572
TAP_TAPCELL_ROW_37_340,VGND,li1,57.2700,113.9480,0.000368
TAP_TAPCELL_ROW_37_339,VGND,li1,31.5100,113.9480,0.000155
TAP_TAPCELL_ROW_36_338,VGND,li1,147.4300,109.0910,0.000920
TAP_TAPCELL_ROW_36_337,VGND,li1,121.6700,109.0910,0.000878
TAP_TAPCELL_ROW_36_336,VGND,li1,95.9100,109.0910,0.000750
TAP_TAPCELL_ROW_36_335,VGND,li1,70.1500,109.0910,0.000531
TAP_TAPCELL_ROW_36_334,VGND,li1,44.3900,109.0910,0.000293
TAP_TAPCELL_ROW_36_333,VGND,li1,18.6300,109.0910,0.000110
TAP_TAPCELL_ROW_35_332,VGND,li1,134.5500,108.5080,0.000902
TAP_TAPCELL_ROW_35_331,VGND,li1,108.7900,108.5080,0.000837
TAP_TAPCELL_ROW_35_330,VGND,li1,83.0300,108.5080,0.000653
TAP_TAPCELL_ROW_35_329,VGND,li1,57.2700,108.5080,0.000423
TAP_TAPCELL_ROW_35_328,VGND,li1,31.5100,108.5080,0.000168
TAP_TAPCELL_ROW_34_327,VGND,li1,147.4300,103.6510,0.000641
TAP_TAPCELL_ROW_34_326,VGND,li1,121.6700,103.6510,0.000613
TAP_TAPCELL_ROW_34_325,VGND,li1,95.9100,103.6510,0.000521
TAP_TAPCELL_ROW_34_324,VGND,li1,70.1500,103.6510,0.000369
TAP_TAPCELL_ROW_34_323,VGND,li1,44.3900,103.6510,0.000215
TAP_TAPCELL_ROW_34_322,VGND,li1,18.6300,103.6510,0.000080
TAP_TAPCELL_ROW_33_321,VGND,li1,134.5500,103.0680,0.000634
TAP_TAPCELL_ROW_33_320,VGND,li1,108.7900,103.0680,0.000582
TAP_TAPCELL_ROW_33_319,VGND,li1,83.0300,103.0680,0.000445
TAP_TAPCELL_ROW_33_318,VGND,li1,57.2700,103.0680,0.000293
TAP_TAPCELL_ROW_33_317,VGND,li1,31.5100,103.0680,0.000123
TAP_TAPCELL_ROW_32_316,VGND,li1,147.4300,98.2110,0.001516
TAP_TAPCELL_ROW_32_315,VGND,li1,121.6700,98.2110,0.001466
TAP_TAPCELL_ROW_32_314,VGND,li1,95.9100,98.2110,0.001294
TAP_TAPCELL_ROW_32_313,VGND,li1,70.1500,98.2110,0.000951
TAP_TAPCELL_ROW_32_312,VGND,li1,44.3900,98.2110,0.000518
TAP_TAPCELL_ROW_32_311,VGND,li1,18.6300,98.2110,0.000189
TAP_TAPCELL_ROW_31_310,VGND,li1,134.5500,97.6280,0.001499
TAP_TAPCELL_ROW_31_309,VGND,li1,108.7900,97.6280,0.001400
TAP_TAPCELL_ROW_31_308,VGND,li1,83.0300,97.6280,0.001135
TAP_TAPCELL_ROW_31_307,VGND,li1,57.2700,97.6280,0.000737
TAP_TAPCELL_ROW_31_306,VGND,li1,31.5100,97.6280,0.000273
TAP_TAPCELL_ROW_30_305,VGND,li1,147.4300,92.7710,0.000925
TAP_TAPCELL_ROW_30_304,VGND,li1,121.6700,92.7710,0.000883
TAP_TAPCELL_ROW_30_303,VGND,li1,95.9100,92.7710,0.000758
TAP_TAPCELL_ROW_30_302,VGND,li1,70.1500,92.7710,0.000527
TAP_TAPCELL_ROW_30_301,VGND,li1,44.3900,92.7710,0.000297
TAP_TAPCELL_ROW_30_300,VGND,li1,18.6300,92.7710,0.000102
TAP_TAPCELL_ROW_29_299,VGND,li1,134.5500,92.1880,0.000914
TAP_TAPCELL_ROW_29_298,VGND,li1,108.7900,92.1880,0.000828
TAP_TAPCELL_ROW_29_297,VGND,li1,83.0300,92.1880,0.000653
TAP_TAPCELL_ROW_29_296,VGND,li1,57.2700,92.1880,0.000413
TAP_TAPCELL_ROW_29_295,VGND,li1,31.5100,92.1880,0.000163
TAP_TAPCELL_ROW_28_294,VGND,li1,147.4300,87.3310,0.001139
TAP_TAPCELL_ROW_28_293,VGND,li1,121.6700,87.3310,0.001107
TAP_TAPCELL_ROW_28_292,VGND,li1,95.9100,87.3310,0.000937
TAP_TAPCELL_ROW_28_291,VGND,li1,70.1500,87.3310,0.000674
TAP_TAPCELL_ROW_28_290,VGND,li1,44.3900,87.3310,0.000377
TAP_TAPCELL_ROW_28_289,VGND,li1,18.6300,87.3310,0.000135
TAP_TAPCELL_ROW_27_288,VGND,li1,134.5500,86.7480,0.001129
TAP_TAPCELL_ROW_27_287,VGND,li1,108.7900,86.7480,0.001050
TAP_TAPCELL_ROW_27_286,VGND,li1,83.0300,86.7480,0.000810
TAP_TAPCELL_ROW_27_285,VGND,li1,57.2700,86.7480,0.000525
TAP_TAPCELL_ROW_27_284,VGND,li1,31.5100,86.7480,0.000208
TAP_TAPCELL_ROW_26_283,VGND,li1,147.4300,81.8910,0.000951
TAP_TAPCELL_ROW_26_282,VGND,li1,121.6700,81.8910,0.000908
TAP_TAPCELL_ROW_26_281,VGND,li1,95.9100,81.8910,0.000752
TAP_TAPCELL_ROW_26_280,VGND,li1,70.1500,81.8910,0.000541
TAP_TAPCELL_ROW_26_279,VGND,li1,44.3900,81.8910,0.000295
TAP_TAPCELL_ROW_26_278,VGND,li1,18.6300,81.8910,0.000114
TAP_TAPCELL_ROW_25_277,VGND,li1,134.5500,81.3080,0.000943
TAP_TAPCELL_ROW_25_276,VGND,li1,108.7900,81.3080,0.000842
TAP_TAPCELL_ROW_25_275,VGND,li1,83.0300,81.3080,0.000659
TAP_TAPCELL_ROW_25_274,VGND,li1,57.2700,81.3080,0.000431
TAP_TAPCELL_ROW_25_273,VGND,li1,31.5100,81.3080,0.000168
TAP_TAPCELL_ROW_24_272,VGND,li1,147.4300,76.4510,0.001189
TAP_TAPCELL_ROW_24_271,VGND,li1,121.6700,76.4510,0.001143
TAP_TAPCELL_ROW_24_270,VGND,li1,95.9100,76.4510,0.000960
TAP_TAPCELL_ROW_24_269,VGND,li1,70.1500,76.4510,0.000684
TAP_TAPCELL_ROW_24_268,VGND,li1,44.3900,76.4510,0.000366
TAP_TAPCELL_ROW_24_267,VGND,li1,18.6300,76.4510,0.000138
TAP_TAPCELL_ROW_23_266,VGND,li1,134.5500,75.8680,0.001176
TAP_TAPCELL_ROW_23_265,VGND,li1,108.7900,75.8680,0.001065
TAP_TAPCELL_ROW_23_264,VGND,li1,83.0300,75.8680,0.000819
TAP_TAPCELL_ROW_23_263,VGND,li1,57.2700,75.8680,0.000533
TAP_TAPCELL_ROW_23_262,VGND,li1,31.5100,75.8680,0.000206
TAP_TAPCELL_ROW_22_261,VGND,li1,147.4300,71.0110,0.000587
TAP_TAPCELL_ROW_22_260,VGND,li1,121.6700,71.0110,0.000569
TAP_TAPCELL_ROW_22_259,VGND,li1,95.9100,71.0110,0.000497
TAP_TAPCELL_ROW_22_258,VGND,li1,70.1500,71.0110,0.000372
TAP_TAPCELL_ROW_22_257,VGND,li1,44.3900,71.0110,0.000231
TAP_TAPCELL_ROW_22_256,VGND,li1,18.6300,71.0110,0.000110
TAP_TAPCELL_ROW_21_255,VGND,li1,134.5500,70.4280,0.000583
TAP_TAPCELL_ROW_21_254,VGND,li1,108.7900,70.4280,0.000542
TAP_TAPCELL_ROW_21_253,VGND,li1,83.0300,70.4280,0.000439
TAP_TAPCELL_ROW_21_252,VGND,li1,57.2700,70.4280,0.000302
TAP_TAPCELL_ROW_21_251,VGND,li1,31.5100,70.4280,0.000151
TAP_TAPCELL_ROW_20_250,VGND,li1,147.4300,65.5710,0.001015
TAP_TAPCELL_ROW_20_249,VGND,li1,121.6700,65.5710,0.000960
TAP_TAPCELL_ROW_20_248,VGND,li1,95.9100,65.5710,0.000796
TAP_TAPCELL_ROW_20_247,VGND,li1,70.1500,65.5710,0.000560
TAP_TAPCELL_ROW_20_246,VGND,li1,44.3900,65.5710,0.000308
TAP_TAPCELL_ROW_20_245,VGND,li1,18.6300,65.5710,0.000122
TAP_TAPCELL_ROW_19_244,VGND,li1,134.5500,64.9880,0.001001
TAP_TAPCELL_ROW_19_243,VGND,li1,108.7900,64.9880,0.000894
TAP_TAPCELL_ROW_19_242,VGND,li1,83.0300,64.9880,0.000691
TAP_TAPCELL_ROW_19_241,VGND,li1,57.2700,64.9880,0.000444
TAP_TAPCELL_ROW_19_240,VGND,li1,31.5100,64.9880,0.000187
TAP_TAPCELL_ROW_18_239,VGND,li1,147.4300,60.1310,0.000859
TAP_TAPCELL_ROW_18_238,VGND,li1,121.6700,60.1310,0.000840
TAP_TAPCELL_ROW_18_237,VGND,li1,95.9100,60.1310,0.000708
TAP_TAPCELL_ROW_18_236,VGND,li1,70.1500,60.1310,0.000514
TAP_TAPCELL_ROW_18_235,VGND,li1,44.3900,60.1310,0.000286
TAP_TAPCELL_ROW_18_234,VGND,li1,18.6300,60.1310,0.000119
TAP_TAPCELL_ROW_17_233,VGND,li1,134.5500,59.5480,0.000857
TAP_TAPCELL_ROW_17_232,VGND,li1,108.7900,59.5480,0.000787
TAP_TAPCELL_ROW_17_231,VGND,li1,83.0300,59.5480,0.000609
TAP_TAPCELL_ROW_17_230,VGND,li1,57.2700,59.5480,0.000399
TAP_TAPCELL_ROW_17_229,VGND,li1,31.5100,59.5480,0.000178
TAP_TAPCELL_ROW_16_228,VGND,li1,147.4300,54.6910,0.000789
TAP_TAPCELL_ROW_16_227,VGND,li1,121.6700,54.6910,0.000764
TAP_TAPCELL_ROW_16_226,VGND,li1,95.9100,54.6910,0.000643
TAP_TAPCELL_ROW_16_225,VGND,li1,70.1500,54.6910,0.000469
TAP_TAPCELL_ROW_16_224,VGND,li1,44.3900,54.6910,0.000264
TAP_TAPCELL_ROW_16_223,VGND,li1,18.6300,54.6910,0.000102
TAP_TAPCELL_ROW_15_222,VGND,li1,134.5500,54.1080,0.000782
TAP_TAPCELL_ROW_15_221,VGND,li1,108.7900,54.1080,0.000716
TAP_TAPCELL_ROW_15_220,VGND,li1,83.0300,54.1080,0.000554
TAP_TAPCELL_ROW_15_219,VGND,li1,57.2700,54.1080,0.000368
TAP_TAPCELL_ROW_15_218,VGND,li1,31.5100,54.1080,0.000159
TAP_TAPCELL_ROW_14_217,VGND,li1,147.4300,49.2510,0.000693
TAP_TAPCELL_ROW_14_216,VGND,li1,121.6700,49.2510,0.000657
TAP_TAPCELL_ROW_14_215,VGND,li1,95.9100,49.2510,0.000555
TAP_TAPCELL_ROW_14_214,VGND,li1,70.1500,49.2510,0.000404
TAP_TAPCELL_ROW_14_213,VGND,li1,44.3900,49.2510,0.000233
TAP_TAPCELL_ROW_14_212,VGND,li1,18.6300,49.2510,0.000094
TAP_TAPCELL_ROW_13_211,VGND,li1,134.5500,48.6680,0.000687
TAP_TAPCELL_ROW_13_210,VGND,li1,108.7900,48.6680,0.000616
TAP_TAPCELL_ROW_13_209,VGND,li1,83.0300,48.6680,0.000484
TAP_TAPCELL_ROW_13_208,VGND,li1,57.2700,48.6680,0.000322
TAP_TAPCELL_ROW_13_207,VGND,li1,31.5100,48.6680,0.000134
TAP_TAPCELL_ROW_12_206,VGND,li1,147.4300,43.8110,0.000719
TAP_TAPCELL_ROW_12_205,VGND,li1,121.6700,43.8110,0.000675
TAP_TAPCELL_ROW_12_204,VGND,li1,95.9100,43.8110,0.000572
TAP_TAPCELL_ROW_12_203,VGND,li1,70.1500,43.8110,0.000432
TAP_TAPCELL_ROW_12_202,VGND,li1,44.3900,43.8110,0.000272
TAP_TAPCELL_ROW_12_201,VGND,li1,18.6300,43.8110,0.000109
TAP_TAPCELL_ROW_11_200,VGND,li1,134.5500,43.2280,0.000710
TAP_TAPCELL_ROW_11_199,VGND,li1,108.7900,43.2280,0.000629
TAP_TAPCELL_ROW_11_198,VGND,li1,83.0300,43.2280,0.000503
TAP_TAPCELL_ROW_11_197,VGND,li1,57.2700,43.2280,0.000360
TAP_TAPCELL_ROW_11_196,VGND,li1,31.5100,43.2280,0.000177
TAP_TAPCELL_ROW_10_195,VGND,li1,147.4300,38.3710,0.000622
TAP_TAPCELL_ROW_10_194,VGND,li1,121.6700,38.3710,0.000601
TAP_TAPCELL_ROW_10_193,VGND,li1,95.9100,38.3710,0.000518
TAP_TAPCELL_ROW_10_192,VGND,li1,70.1500,38.3710,0.000396
TAP_TAPCELL_ROW_10_191,VGND,li1,44.3900,38.3710,0.000254
TAP_TAPCELL_ROW_10_190,VGND,li1,18.6300,38.3710,0.000099
TAP_TAPCELL_ROW_9_189,VGND,li1,134.5500,37.7880,0.000616
TAP_TAPCELL_ROW_9_188,VGND,li1,108.7900,37.7880,0.000572
TAP_TAPCELL_ROW_9_187,VGND,li1,83.0300,37.7880,0.000467
TAP_TAPCELL_ROW_9_186,VGND,li1,57.2700,37.7880,0.000331
TAP_TAPCELL_ROW_9_185,VGND,li1,31.5100,37.7880,0.000159
TAP_TAPCELL_ROW_8_184,VGND,li1,147.4300,32.9310,0.000502
TAP_TAPCELL_ROW_8_183,VGND,li1,121.6700,32.9310,0.000484
TAP_TAPCELL_ROW_8_182,VGND,li1,95.9100,32.9310,0.000421
TAP_TAPCELL_ROW_8_181,VGND,li1,70.1500,32.9310,0.000328
TAP_TAPCELL_ROW_8_180,VGND,li1,44.3900,32.9310,0.000202
TAP_TAPCELL_ROW_8_179,VGND,li1,18.6300,32.9310,0.000081
TAP_TAPCELL_ROW_7_178,VGND,li1,134.5500,32.3480,0.000498
TAP_TAPCELL_ROW_7_177,VGND,li1,108.7900,32.3480,0.000458
TAP_TAPCELL_ROW_7_176,VGND,li1,83.0300,32.3480,0.000377
TAP_TAPCELL_ROW_7_175,VGND,li1,57.2700,32.3480,0.000264
TAP_TAPCELL_ROW_7_174,VGND,li1,31.5100,32.3480,0.000121
TAP_TAPCELL_ROW_6_173,VGND,li1,147.4300,27.4910,0.000609
TAP_TAPCELL_ROW_6_172,VGND,li1,121.6700,27.4910,0.000578
TAP_TAPCELL_ROW_6_171,VGND,li1,95.9100,27.4910,0.000484
TAP_TAPCELL_ROW_6_170,VGND,li1,70.1500,27.4910,0.000352
TAP_TAPCELL_ROW_6_169,VGND,li1,44.3900,27.4910,0.000205
TAP_TAPCELL_ROW_6_168,VGND,li1,18.6300,27.4910,0.000076
TAP_TAPCELL_ROW_5_167,VGND,li1,134.5500,26.9080,0.000604
TAP_TAPCELL_ROW_5_166,VGND,li1,108.7900,26.9080,0.000535
TAP_TAPCELL_ROW_5_165,VGND,li1,83.0300,26.9080,0.000415
TAP_TAPCELL_ROW_5_164,VGND,li1,57.2700,26.9080,0.000278
TAP_TAPCELL_ROW_5_163,VGND,li1,31.5100,26.9080,0.000123
TAP_TAPCELL_ROW_4_162,VGND,li1,147.4300,22.0510,0.000409
TAP_TAPCELL_ROW_4_161,VGND,li1,121.6700,22.0510,0.000386
TAP_TAPCELL_ROW_4_160,VGND,li1,95.9100,22.0510,0.000322
TAP_TAPCELL_ROW_4_159,VGND,li1,70.1500,22.0510,0.000239
TAP_TAPCELL_ROW_4_158,VGND,li1,44.3900,22.0510,0.000141
TAP_TAPCELL_ROW_4_157,VGND,li1,18.6300,22.0510,0.000061
TAP_TAPCELL_ROW_3_156,VGND,li1,134.5500,21.4680,0.000404
TAP_TAPCELL_ROW_3_155,VGND,li1,108.7900,21.4680,0.000358
TAP_TAPCELL_ROW_3_154,VGND,li1,83.0300,21.4680,0.000287
TAP_TAPCELL_ROW_3_153,VGND,li1,57.2700,21.4680,0.000193
TAP_TAPCELL_ROW_3_152,VGND,li1,31.5100,21.4680,0.000083
TAP_TAPCELL_ROW_2_151,VGND,li1,147.4300,16.6110,0.000647
TAP_TAPCELL_ROW_2_150,VGND,li1,121.6700,16.6110,0.000602
TAP_TAPCELL_ROW_2_149,VGND,li1,95.9100,16.6110,0.000493
TAP_TAPCELL_ROW_2_148,VGND,li1,70.1500,16.6110,0.000370
TAP_TAPCELL_ROW_2_147,VGND,li1,44.3900,16.6110,0.000217
TAP_TAPCELL_ROW_2_146,VGND,li1,18.6300,16.6110,0.000087
TAP_TAPCELL_ROW_1_145,VGND,li1,134.5500,16.0280,0.000637
TAP_TAPCELL_ROW_1_144,VGND,li1,108.7900,16.0280,0.000555
TAP_TAPCELL_ROW_1_143,VGND,li1,83.0300,16.0280,0.000429
TAP_TAPCELL_ROW_1_142,VGND,li1,57.2700,16.0280,0.000298
TAP_TAPCELL_ROW_1_141,VGND,li1,31.5100,16.0280,0.000138
TAP_TAPCELL_ROW_0_140,VGND,li1,147.4300,11.1710,0.000093
TAP_TAPCELL_ROW_0_139,VGND,li1,134.5500,11.1710,0.000093
TAP_TAPCELL_ROW_0_138,VGND,li1,121.6700,11.1710,0.000093
TAP_TAPCELL_ROW_0_137,VGND,li1,108.7900,11.1710,0.000090
TAP_TAPCELL_ROW_0_136,VGND,li1,95.9100,11.1710,0.000086
TAP_TAPCELL_ROW_0_135,VGND,li1,83.0300,11.1710,0.000079
TAP_TAPCELL_ROW_0_134,VGND,li1,70.1500,11.1710,0.000070
TAP_TAPCELL_ROW_0_133,VGND,li1,57.2700,11.1710,0.000060
TAP_TAPCELL_ROW_0_132,VGND,li1,44.3900,11.1710,0.000045
TAP_TAPCELL_ROW_0_131,VGND,li1,31.5100,11.1710,0.000027
TAP_TAPCELL_ROW_0_130,VGND,li1,18.6300,11.1710,0.000018
PHY_EDGE_ROW_64_Left_129,VGND,li1,6.2100,184.9600,0.000061
PHY_EDGE_ROW_63_Left_128,VGND,li1,6.2100,184.9600,0.000061
PHY_EDGE_ROW_62_Left_127,VGND,li1,6.2100,179.5200,0.000083
PHY_EDGE_ROW_61_Left_126,VGND,li1,6.2100,179.5200,0.000083
PHY_EDGE_ROW_60_Left_125,VGND,li1,6.2100,174.0800,0.000097
PHY_EDGE_ROW_59_Left_124,VGND,li1,6.2100,174.0800,0.000097
PHY_EDGE_ROW_58_Left_123,VGND,li1,6.2100,168.6400,0.000092
PHY_EDGE_ROW_57_Left_122,VGND,li1,6.2100,168.6400,0.000092
PHY_EDGE_ROW_56_Left_121,VGND,li1,6.2100,163.2000,0.000115
PHY_EDGE_ROW_55_Left_120,VGND,li1,6.2100,163.2000,0.000115
PHY_EDGE_ROW_54_Left_119,VGND,li1,6.2100,157.7600,0.000098
PHY_EDGE_ROW_53_Left_118,VGND,li1,6.2100,157.7600,0.000098
PHY_EDGE_ROW_52_Left_117,VGND,li1,6.2100,152.3200,0.000141
PHY_EDGE_ROW_51_Left_116,VGND,li1,6.2100,152.3200,0.000141
PHY_EDGE_ROW_50_Left_115,VGND,li1,6.2100,146.8800,0.000132
PHY_EDGE_ROW_49_Left_114,VGND,li1,6.2100,146.8800,0.000132
PHY_EDGE_ROW_48_Left_113,VGND,li1,6.2100,141.4400,0.000111
PHY_EDGE_ROW_47_Left_112,VGND,li1,6.2100,141.4400,0.000111
PHY_EDGE_ROW_46_Left_111,VGND,li1,6.2100,136.0000,0.000124
PHY_EDGE_ROW_45_Left_110,VGND,li1,6.2100,136.0000,0.000124
PHY_EDGE_ROW_44_Left_109,VGND,li1,6.2100,130.5600,0.000139
PHY_EDGE_ROW_43_Left_108,VGND,li1,6.2100,130.5600,0.000139
PHY_EDGE_ROW_42_Left_107,VGND,li1,6.2100,125.1200,0.000124
PHY_EDGE_ROW_41_Left_106,VGND,li1,6.2100,125.1200,0.000124
PHY_EDGE_ROW_40_Left_105,VGND,li1,6.2100,119.6800,0.000136
PHY_EDGE_ROW_39_Left_104,VGND,li1,6.2100,119.6800,0.000136
PHY_EDGE_ROW_38_Left_103,VGND,li1,6.2100,114.2400,0.000100
PHY_EDGE_ROW_37_Left_102,VGND,li1,6.2100,114.2400,0.000100
PHY_EDGE_ROW_36_Left_101,VGND,li1,6.2100,108.8000,0.000111
PHY_EDGE_ROW_35_Left_100,VGND,li1,6.2100,108.8000,0.000111
PHY_EDGE_ROW_34_Left_99,VGND,li1,6.2100,103.3600,0.000083
PHY_EDGE_ROW_33_Left_98,VGND,li1,6.2100,103.3600,0.000083
PHY_EDGE_ROW_32_Left_97,VGND,li1,6.2100,97.9200,0.000191
PHY_EDGE_ROW_31_Left_96,VGND,li1,6.2100,97.9200,0.000191
PHY_EDGE_ROW_30_Left_95,VGND,li1,6.2100,92.4800,0.000103
PHY_EDGE_ROW_29_Left_94,VGND,li1,6.2100,92.4800,0.000103
PHY_EDGE_ROW_28_Left_93,VGND,li1,6.2100,87.0400,0.000136
PHY_EDGE_ROW_27_Left_92,VGND,li1,6.2100,87.0400,0.000136
PHY_EDGE_ROW_26_Left_91,VGND,li1,6.2100,81.6000,0.000117
PHY_EDGE_ROW_25_Left_90,VGND,li1,6.2100,81.6000,0.000117
PHY_EDGE_ROW_24_Left_89,VGND,li1,6.2100,76.1600,0.000139
PHY_EDGE_ROW_23_Left_88,VGND,li1,6.2100,76.1600,0.000139
PHY_EDGE_ROW_22_Left_87,VGND,li1,6.2100,70.7200,0.000113
PHY_EDGE_ROW_21_Left_86,VGND,li1,6.2100,70.7200,0.000113
PHY_EDGE_ROW_20_Left_85,VGND,li1,6.2100,65.2800,0.000125
PHY_EDGE_ROW_19_Left_84,VGND,li1,6.2100,65.2800,0.000125
PHY_EDGE_ROW_18_Left_83,VGND,li1,6.2100,59.8400,0.000122
PHY_EDGE_ROW_17_Left_82,VGND,li1,6.2100,59.8400,0.000122
PHY_EDGE_ROW_16_Left_81,VGND,li1,6.2100,54.4000,0.000105
PHY_EDGE_ROW_15_Left_80,VGND,li1,6.2100,54.4000,0.000105
PHY_EDGE_ROW_14_Left_79,VGND,li1,6.2100,48.9600,0.000095
PHY_EDGE_ROW_13_Left_78,VGND,li1,6.2100,48.9600,0.000095
PHY_EDGE_ROW_12_Left_77,VGND,li1,6.2100,43.5200,0.000111
PHY_EDGE_ROW_11_Left_76,VGND,li1,6.2100,43.5200,0.000111
PHY_EDGE_ROW_10_Left_75,VGND,li1,6.2100,38.0800,0.000101
PHY_EDGE_ROW_9_Left_74,VGND,li1,6.2100,38.0800,0.000101
PHY_EDGE_ROW_8_Left_73,VGND,li1,6.2100,32.6400,0.000084
PHY_EDGE_ROW_7_Left_72,VGND,li1,6.2100,32.6400,0.000084
PHY_EDGE_ROW_6_Left_71,VGND,li1,6.2100,27.2000,0.000079
PHY_EDGE_ROW_5_Left_70,VGND,li1,6.2100,27.2000,0.000079
PHY_EDGE_ROW_4_Left_69,VGND,li1,6.2100,21.7600,0.000065
PHY_EDGE_ROW_3_Left_68,VGND,li1,6.2100,21.7600,0.000065
PHY_EDGE_ROW_2_Left_67,VGND,li1,6.2100,16.3200,0.000090
PHY_EDGE_ROW_1_Left_66,VGND,li1,6.2100,16.3200,0.000090
PHY_EDGE_ROW_0_Left_65,VGND,li1,6.2100,10.8800,0.000019
PHY_EDGE_ROW_64_Right_64,VGND,li1,153.4100,184.9600,0.000329
PHY_EDGE_ROW_63_Right_63,VGND,li1,153.4100,184.9600,0.000329
PHY_EDGE_ROW_62_Right_62,VGND,li1,153.4100,179.5200,0.000512
PHY_EDGE_ROW_61_Right_61,VGND,li1,153.4100,179.5200,0.000512
PHY_EDGE_ROW_60_Right_60,VGND,li1,153.4100,174.0800,0.000661
PHY_EDGE_ROW_59_Right_59,VGND,li1,153.4100,174.0800,0.000661
PHY_EDGE_ROW_58_Right_58,VGND,li1,153.4100,168.6400,0.000676
PHY_EDGE_ROW_57_Right_57,VGND,li1,153.4100,168.6400,0.000676
PHY_EDGE_ROW_56_Right_56,VGND,li1,153.4100,163.2000,0.000966
PHY_EDGE_ROW_55_Right_55,VGND,li1,153.4100,163.2000,0.000966
PHY_EDGE_ROW_54_Right_54,VGND,li1,153.4100,157.7600,0.000807
PHY_EDGE_ROW_53_Right_53,VGND,li1,153.4100,157.7600,0.000807
PHY_EDGE_ROW_52_Right_52,VGND,li1,153.4100,152.3200,0.001223
PHY_EDGE_ROW_51_Right_51,VGND,li1,153.4100,152.3200,0.001223
PHY_EDGE_ROW_50_Right_50,VGND,li1,153.4100,146.8800,0.001140
PHY_EDGE_ROW_49_Right_49,VGND,li1,153.4100,146.8800,0.001140
PHY_EDGE_ROW_48_Right_48,VGND,li1,153.4100,141.4400,0.001007
PHY_EDGE_ROW_47_Right_47,VGND,li1,153.4100,141.4400,0.001007
PHY_EDGE_ROW_46_Right_46,VGND,li1,153.4100,136.0000,0.001153
PHY_EDGE_ROW_45_Right_45,VGND,li1,153.4100,136.0000,0.001153
PHY_EDGE_ROW_44_Right_44,VGND,li1,153.4100,130.5600,0.001265
PHY_EDGE_ROW_43_Right_43,VGND,li1,153.4100,130.5600,0.001265
PHY_EDGE_ROW_42_Right_42,VGND,li1,153.4100,125.1200,0.001084
PHY_EDGE_ROW_41_Right_41,VGND,li1,153.4100,125.1200,0.001084
PHY_EDGE_ROW_40_Right_40,VGND,li1,153.4100,119.6800,0.001188
PHY_EDGE_ROW_39_Right_39,VGND,li1,153.4100,119.6800,0.001188
PHY_EDGE_ROW_38_Right_38,VGND,li1,153.4100,114.2400,0.000814
PHY_EDGE_ROW_37_Right_37,VGND,li1,153.4100,114.2400,0.000814
PHY_EDGE_ROW_36_Right_36,VGND,li1,153.4100,108.8000,0.000920
PHY_EDGE_ROW_35_Right_35,VGND,li1,153.4100,108.8000,0.000920
PHY_EDGE_ROW_34_Right_34,VGND,li1,153.4100,103.3600,0.000642
PHY_EDGE_ROW_33_Right_33,VGND,li1,153.4100,103.3600,0.000642
PHY_EDGE_ROW_32_Right_32,VGND,li1,153.4100,97.9200,0.001516
PHY_EDGE_ROW_31_Right_31,VGND,li1,153.4100,97.9200,0.001516
PHY_EDGE_ROW_30_Right_30,VGND,li1,153.4100,92.4800,0.000925
PHY_EDGE_ROW_29_Right_29,VGND,li1,153.4100,92.4800,0.000925
PHY_EDGE_ROW_28_Right_28,VGND,li1,153.4100,87.0400,0.001140
PHY_EDGE_ROW_27_Right_27,VGND,li1,153.4100,87.0400,0.001140
PHY_EDGE_ROW_26_Right_26,VGND,li1,153.4100,81.6000,0.000951
PHY_EDGE_ROW_25_Right_25,VGND,li1,153.4100,81.6000,0.000951
PHY_EDGE_ROW_24_Right_24,VGND,li1,153.4100,76.1600,0.001190
PHY_EDGE_ROW_23_Right_23,VGND,li1,153.4100,76.1600,0.001190
PHY_EDGE_ROW_22_Right_22,VGND,li1,153.4100,70.7200,0.000587
PHY_EDGE_ROW_21_Right_21,VGND,li1,153.4100,70.7200,0.000587
PHY_EDGE_ROW_20_Right_20,VGND,li1,153.4100,65.2800,0.001016
PHY_EDGE_ROW_19_Right_19,VGND,li1,153.4100,65.2800,0.001016
PHY_EDGE_ROW_18_Right_18,VGND,li1,153.4100,59.8400,0.000859
PHY_EDGE_ROW_17_Right_17,VGND,li1,153.4100,59.8400,0.000859
PHY_EDGE_ROW_16_Right_16,VGND,li1,153.4100,54.4000,0.000789
PHY_EDGE_ROW_15_Right_15,VGND,li1,153.4100,54.4000,0.000789
PHY_EDGE_ROW_14_Right_14,VGND,li1,153.4100,48.9600,0.000693
PHY_EDGE_ROW_13_Right_13,VGND,li1,153.4100,48.9600,0.000693
PHY_EDGE_ROW_12_Right_12,VGND,li1,153.4100,43.5200,0.000719
PHY_EDGE_ROW_11_Right_11,VGND,li1,153.4100,43.5200,0.000719
PHY_EDGE_ROW_10_Right_10,VGND,li1,153.4100,38.0800,0.000622
PHY_EDGE_ROW_9_Right_9,VGND,li1,153.4100,38.0800,0.000622
PHY_EDGE_ROW_8_Right_8,VGND,li1,153.4100,32.6400,0.000502
PHY_EDGE_ROW_7_Right_7,VGND,li1,153.4100,32.6400,0.000502
PHY_EDGE_ROW_6_Right_6,VGND,li1,153.4100,27.2000,0.000609
PHY_EDGE_ROW_5_Right_5,VGND,li1,153.4100,27.2000,0.000609
PHY_EDGE_ROW_4_Right_4,VGND,li1,153.4100,21.7600,0.000409
PHY_EDGE_ROW_3_Right_3,VGND,li1,153.4100,21.7600,0.000409
PHY_EDGE_ROW_2_Right_2,VGND,li1,153.4100,16.3200,0.000647
PHY_EDGE_ROW_1_Right_1,VGND,li1,153.4100,16.3200,0.000647
PHY_EDGE_ROW_0_Right_0,VGND,li1,153.4100,10.8800,0.000093
_2708_,VGND,li1,150.8800,38.0800,0.000622
_2707_,VGND,li1,133.4000,184.9600,0.000328
_2706_,VGND,li1,51.0600,10.8800,0.000054
_2703_,VGND,li1,146.0500,108.8000,0.000920
_2702_,VGND,li1,146.9700,16.3200,0.000647
_2701_,VGND,li1,148.8100,21.7600,0.000409
_2700_,VGND,li1,147.8900,38.0800,0.000622
_2699_,VGND,li1,147.8900,48.9600,0.000693
_2698_,VGND,li1,148.3500,65.2800,0.001016
_2697_,VGND,li1,148.8100,76.1600,0.001190
_2696_,VGND,li1,148.8100,87.0400,0.001140
_2695_,VGND,li1,148.8100,103.3600,0.000642
_2694_,VGND,li1,148.8100,114.2400,0.000814
_2693_,VGND,li1,148.8100,125.1200,0.001084
_2692_,VGND,li1,148.8100,146.8800,0.001140
_2691_,VGND,li1,148.8100,157.7600,0.000807
_2690_,VGND,li1,148.8100,174.0800,0.000661
_2689_,VGND,li1,135.9300,179.5200,0.000512
_2688_,VGND,li1,129.4900,157.7600,0.000792
_2687_,VGND,li1,135.0100,114.2400,0.000804
_2686_,VGND,li1,122.5900,114.2400,0.000787
_2685_,VGND,li1,123.0500,16.3200,0.000602
_2684_,VGND,li1,117.5300,27.2000,0.000569
_2683_,VGND,li1,125.8100,38.0800,0.000609
_2682_,VGND,li1,125.3500,54.4000,0.000769
_2681_,VGND,li1,126.7300,65.2800,0.000975
_2680_,VGND,li1,126.7300,70.7200,0.000577
_2679_,VGND,li1,128.5700,81.6000,0.000931
_2678_,VGND,li1,128.5700,92.4800,0.000901
_2677_,VGND,li1,127.6500,97.9200,0.001482
_2676_,VGND,li1,130.4100,125.1200,0.001073
_2675_,VGND,li1,130.4100,136.0000,0.001123
_2674_,VGND,li1,126.7300,146.8800,0.001120
_2673_,VGND,li1,126.7300,152.3200,0.001212
_2672_,VGND,li1,125.8100,168.6400,0.000664
_2671_,VGND,li1,122.5900,168.6400,0.000657
_2670_,VGND,li1,127.1900,108.8000,0.000887
_2669_,VGND,li1,35.6500,38.0800,0.000200
_2668_,VGND,li1,27.3700,32.6400,0.000091
_2667_,VGND,li1,28.7500,21.7600,0.000075
_2666_,VGND,li1,39.3300,27.2000,0.000179
_2665_,VGND,li1,36.5700,27.2000,0.000162
_2664_,VGND,li1,44.8500,38.0800,0.000254
_2663_,VGND,li1,31.5100,48.9600,0.000134
_2662_,VGND,li1,40.7100,54.4000,0.000241
_2661_,VGND,li1,40.2500,59.8400,0.000262
_2660_,VGND,li1,29.2100,54.4000,0.000140
_2659_,VGND,li1,35.6500,65.2800,0.000214
_2658_,VGND,li1,25.5300,97.9200,0.000186
_2657_,VGND,li1,26.9100,87.0400,0.000155
_2656_,VGND,li1,18.6300,108.8000,0.000110
_2655_,VGND,li1,10.8100,114.2400,0.000100
_2654_,VGND,li1,34.7300,43.5200,0.000201
_2653_,VGND,li1,26.9100,38.0800,0.000115
_2652_,VGND,li1,16.3300,38.0800,0.000101
_2651_,VGND,li1,11.2700,27.2000,0.000079
_2650_,VGND,li1,10.8100,21.7600,0.000065
_2649_,VGND,li1,19.5500,16.3200,0.000086
_2648_,VGND,li1,11.7300,16.3200,0.000090
_2647_,VGND,li1,27.3700,16.3200,0.000107
_2646_,VGND,li1,10.8100,32.6400,0.000084
_2645_,VGND,li1,14.4900,43.5200,0.000110
_2644_,VGND,li1,11.2700,65.2800,0.000125
_2643_,VGND,li1,10.8100,54.4000,0.000105
_2642_,VGND,li1,15.8700,59.8400,0.000121
_2641_,VGND,li1,10.8100,70.7200,0.000113
_2640_,VGND,li1,10.8100,81.6000,0.000117
_2639_,VGND,li1,13.5700,97.9200,0.000191
_2638_,VGND,li1,10.8100,103.3600,0.000083
_2637_,VGND,li1,54.9700,16.3200,0.000288
_2636_,VGND,li1,35.6500,16.3200,0.000157
_2635_,VGND,li1,48.9900,32.6400,0.000227
_2634_,VGND,li1,52.6700,16.3200,0.000274
_2633_,VGND,li1,52.2100,21.7600,0.000172
_2632_,VGND,li1,37.0300,54.4000,0.000197
_2631_,VGND,li1,48.5300,38.0800,0.000287
_2630_,VGND,li1,44.3900,43.5200,0.000272
_2629_,VGND,li1,27.3700,59.8400,0.000137
_2628_,VGND,li1,27.3700,70.7200,0.000114
_2627_,VGND,li1,26.9100,65.2800,0.000137
_2626_,VGND,li1,17.2500,87.0400,0.000136
_2625_,VGND,li1,25.9900,76.1600,0.000136
_2624_,VGND,li1,22.7700,81.6000,0.000112
_2623_,VGND,li1,26.4500,76.1600,0.000136
_2622_,VGND,li1,22.7700,97.9200,0.000188
_2621_,VGND,li1,14.7200,108.8000,0.000110
_2620_,VGND,li1,69.4600,38.0800,0.000396
_2619_,VGND,li1,20.7000,92.4800,0.000102
_2618_,VGND,li1,27.8300,92.4800,0.000137
_2617_,VGND,li1,21.1600,87.0400,0.000133
_2616_,VGND,li1,25.5300,87.0400,0.000155
_2615_,VGND,li1,12.8800,108.8000,0.000110
_2614_,VGND,li1,15.4100,103.3600,0.000081
_2613_,VGND,li1,9.2000,108.8000,0.000111
_2612_,VGND,li1,9.8900,108.8000,0.000111
_2611_,VGND,li1,28.9800,43.5200,0.000153
_2610_,VGND,li1,25.9900,43.5200,0.000130
_2609_,VGND,li1,24.8400,32.6400,0.000076
_2608_,VGND,li1,23.6900,38.0800,0.000096
_2607_,VGND,li1,21.1600,48.9600,0.000094
_2606_,VGND,li1,19.5500,54.4000,0.000101
_2605_,VGND,li1,13.5700,92.4800,0.000103
_2604_,VGND,li1,16.7900,27.2000,0.000077
_2603_,VGND,li1,19.0900,27.2000,0.000076
_2602_,VGND,li1,13.3400,38.0800,0.000101
_2601_,VGND,li1,10.3500,38.0800,0.000101
_2600_,VGND,li1,10.5800,27.2000,0.000079
_2599_,VGND,li1,9.4300,32.6400,0.000084
_2598_,VGND,li1,11.5000,16.3200,0.000090
_2597_,VGND,li1,9.4300,21.7600,0.000065
_2596_,VGND,li1,20.7000,16.3200,0.000086
_2595_,VGND,li1,20.0100,10.8800,0.000018
_2594_,VGND,li1,16.5600,10.8800,0.000018
_2593_,VGND,li1,14.4900,16.3200,0.000088
_2592_,VGND,li1,23.4600,10.8800,0.000017
_2591_,VGND,li1,26.9100,16.3200,0.000107
_2590_,VGND,li1,10.5800,38.0800,0.000101
_2589_,VGND,li1,8.0500,38.0800,0.000101
_2588_,VGND,li1,11.0400,48.9600,0.000095
_2587_,VGND,li1,8.9700,43.5200,0.000111
_2586_,VGND,li1,10.5800,59.8400,0.000122
_2585_,VGND,li1,9.4300,59.8400,0.000122
_2584_,VGND,li1,11.5000,48.9600,0.000095
_2583_,VGND,li1,8.5100,48.9600,0.000095
_2582_,VGND,li1,12.8800,54.4000,0.000104
_2581_,VGND,li1,9.8900,54.4000,0.000105
_2580_,VGND,li1,9.6600,70.7200,0.000113
_2579_,VGND,li1,8.5100,76.1600,0.000139
_2578_,VGND,li1,9.6600,81.6000,0.000117
_2577_,VGND,li1,8.5100,87.0400,0.000136
_2576_,VGND,li1,10.5800,92.4800,0.000103
_2575_,VGND,li1,10.3500,92.4800,0.000103
_2574_,VGND,li1,9.6600,97.9200,0.000191
_2573_,VGND,li1,8.5100,97.9200,0.000191
_2572_,VGND,li1,46.4600,21.7600,0.000150
_2571_,VGND,li1,48.0700,16.3200,0.000245
_2570_,VGND,li1,40.9400,21.7600,0.000125
_2569_,VGND,li1,16.7900,59.8400,0.000121
_2568_,VGND,li1,16.7900,76.1600,0.000138
_2567_,VGND,li1,41.1700,16.3200,0.000201
_2566_,VGND,li1,39.7900,10.8800,0.000039
_2564_,VGND,li1,32.2000,16.3200,0.000138
_2563_,VGND,li1,28.7500,10.8800,0.000024
_2562_,VGND,li1,46.4600,27.2000,0.000222
_2561_,VGND,li1,44.8500,27.2000,0.000205
_2560_,VGND,li1,46.4600,16.3200,0.000229
_2559_,VGND,li1,45.7700,10.8800,0.000045
_2558_,VGND,li1,42.3200,16.3200,0.000201
_2557_,VGND,li1,39.3300,16.3200,0.000189
_2556_,VGND,li1,36.3400,16.3200,0.000170
_2555_,VGND,li1,35.6500,21.7600,0.000100
_2554_,VGND,li1,41.4000,32.6400,0.000179
_2553_,VGND,li1,33.8100,43.5200,0.000201
_2552_,VGND,li1,40.4800,43.5200,0.000251
_2551_,VGND,li1,39.7900,48.9600,0.000204
_2550_,VGND,li1,23.4600,59.8400,0.000117
_2549_,VGND,li1,23.2300,65.2800,0.000119
_2548_,VGND,li1,21.1600,65.2800,0.000120
_2547_,VGND,li1,20.9300,70.7200,0.000108
_2546_,VGND,li1,20.2400,65.2800,0.000122
_2545_,VGND,li1,18.1700,70.7200,0.000110
_2544_,VGND,li1,11.5000,87.0400,0.000136
_2543_,VGND,li1,10.3500,87.0400,0.000136
_2542_,VGND,li1,14.7200,76.1600,0.000138
_2541_,VGND,li1,11.7300,76.1600,0.000138
_2539_,VGND,li1,16.5600,81.6000,0.000114
_2538_,VGND,li1,20.4700,81.6000,0.000113
_2535_,VGND,li1,18.4000,76.1600,0.000138
_2534_,VGND,li1,15.8700,70.7200,0.000110
_2533_,VGND,li1,16.5600,97.9200,0.000190
_2532_,VGND,li1,16.7900,103.3600,0.000081
_2528_,VGND,li1,140.7600,108.8000,0.000915
_2527_,VGND,li1,136.8500,108.8000,0.000905
_2525_,VGND,li1,144.9000,10.8800,0.000093
_2524_,VGND,li1,143.5200,27.2000,0.000609
_2523_,VGND,li1,139.6100,27.2000,0.000608
_2521_,VGND,li1,143.5200,21.7600,0.000407
_2520_,VGND,li1,144.9000,21.7600,0.000408
_2519_,VGND,li1,142.1400,27.2000,0.000609
_2518_,VGND,li1,140.5300,32.6400,0.000501
_2517_,VGND,li1,141.2200,32.6400,0.000502
_2515_,VGND,li1,144.9000,43.5200,0.000719
_2514_,VGND,li1,143.9800,38.0800,0.000621
_2513_,VGND,li1,140.0700,38.0800,0.000620
_2512_,VGND,li1,142.1400,43.5200,0.000719
_2510_,VGND,li1,145.3600,54.4000,0.000789
_2509_,VGND,li1,144.4400,48.9600,0.000692
_2508_,VGND,li1,142.3700,54.4000,0.000789
_2506_,VGND,li1,145.8200,65.2800,0.001015
_2505_,VGND,li1,144.9000,59.8400,0.000859
_2504_,VGND,li1,142.8300,65.2800,0.001014
_2502_,VGND,li1,143.5200,76.1600,0.001188
_2501_,VGND,li1,144.9000,70.7200,0.000587
_2500_,VGND,li1,141.4500,70.7200,0.000587
_2498_,VGND,li1,145.8200,81.6000,0.000951
_2497_,VGND,li1,143.0600,87.0400,0.001138
_2496_,VGND,li1,142.8300,81.6000,0.000951
_2494_,VGND,li1,149.0400,97.9200,0.001516
_2493_,VGND,li1,143.0600,103.3600,0.000640
_2492_,VGND,li1,144.6700,92.4800,0.000924
_2491_,VGND,li1,142.3700,97.9200,0.001516
_2489_,VGND,li1,143.5200,114.2400,0.000812
_2488_,VGND,li1,149.5000,114.2400,0.000814
_2487_,VGND,li1,146.0500,114.2400,0.000814
_2486_,VGND,li1,141.9100,119.6800,0.001188
_2485_,VGND,li1,140.5300,119.6800,0.001186
_2483_,VGND,li1,149.0400,125.1200,0.001084
_2482_,VGND,li1,145.3600,125.1200,0.001083
_2481_,VGND,li1,144.2100,130.5600,0.001264
_2480_,VGND,li1,143.2900,130.5600,0.001263
_2479_,VGND,li1,146.9700,130.5600,0.001264
_2478_,VGND,li1,145.5900,130.5600,0.001264
_2476_,VGND,li1,149.0400,146.8800,0.001140
_2475_,VGND,li1,145.3600,146.8800,0.001139
_2474_,VGND,li1,141.9100,146.8800,0.001138
_2473_,VGND,li1,140.9900,141.4400,0.001004
_2472_,VGND,li1,145.3600,141.4400,0.001006
_2470_,VGND,li1,149.0400,163.2000,0.000966
_2469_,VGND,li1,149.5000,157.7600,0.000807
_2468_,VGND,li1,144.9000,152.3200,0.001223
_2467_,VGND,li1,143.7500,157.7600,0.000806
_2466_,VGND,li1,143.5200,157.7600,0.000806
_2465_,VGND,li1,140.9900,157.7600,0.000805
_2463_,VGND,li1,145.8200,174.0800,0.000660
_2462_,VGND,li1,143.0600,174.0800,0.000659
_2461_,VGND,li1,143.7500,168.6400,0.000676
_2460_,VGND,li1,143.2900,174.0800,0.000659
_2459_,VGND,li1,143.2900,168.6400,0.000676
_2455_,VGND,li1,133.4000,174.0800,0.000656
_2454_,VGND,li1,138.0000,174.0800,0.000658
_2453_,VGND,li1,139.1500,168.6400,0.000675
_2452_,VGND,li1,135.0100,168.6400,0.000672
_2450_,VGND,li1,136.6200,103.3600,0.000636
_2449_,VGND,li1,132.7100,32.6400,0.000497
_2448_,VGND,li1,137.7700,32.6400,0.000500
_2446_,VGND,li1,128.1100,152.3200,0.001213
_2445_,VGND,li1,130.8700,152.3200,0.001215
_2444_,VGND,li1,136.8500,157.7600,0.000801
_2442_,VGND,li1,137.0800,32.6400,0.000500
_2441_,VGND,li1,135.0100,27.2000,0.000604
_2440_,VGND,li1,138.2300,16.3200,0.000643
_2439_,VGND,li1,139.8400,54.4000,0.000788
_2438_,VGND,li1,141.9100,76.1600,0.001188
_2437_,VGND,li1,139.3800,76.1600,0.001186
_2436_,VGND,li1,139.8400,59.8400,0.000859
_2435_,VGND,li1,142.3700,16.3200,0.000646
_2434_,VGND,li1,141.4500,21.7600,0.000407
_2433_,VGND,li1,130.1800,27.2000,0.000599
_2432_,VGND,li1,141.2200,81.6000,0.000951
_2431_,VGND,li1,140.0700,87.0400,0.001136
_2430_,VGND,li1,139.6100,92.4800,0.000921
_2429_,VGND,li1,140.3000,130.5600,0.001261
_2428_,VGND,li1,138.4600,152.3200,0.001221
_2427_,VGND,li1,142.8300,152.3200,0.001223
_2426_,VGND,li1,130.8700,168.6400,0.000669
_2425_,VGND,li1,132.9400,174.0800,0.000655
_2424_,VGND,li1,135.0100,152.3200,0.001218
_2423_,VGND,li1,140.5300,125.1200,0.001082
_2422_,VGND,li1,146.0500,92.4800,0.000925
_2421_,VGND,li1,139.6100,65.2800,0.001012
_2420_,VGND,li1,140.0700,65.2800,0.001012
_2419_,VGND,li1,137.7700,54.4000,0.000786
_2418_,VGND,li1,136.3900,54.4000,0.000786
_2417_,VGND,li1,135.4700,32.6400,0.000498
_2416_,VGND,li1,129.2600,27.2000,0.000595
_2415_,VGND,li1,133.6300,32.6400,0.000497
_2414_,VGND,li1,136.3900,16.3200,0.000640
_2413_,VGND,li1,139.1500,21.7600,0.000406
_2412_,VGND,li1,136.3900,21.7600,0.000405
_2411_,VGND,li1,136.3900,38.0800,0.000618
_2410_,VGND,li1,137.7700,43.5200,0.000717
_2409_,VGND,li1,137.7700,43.5200,0.000717
_2408_,VGND,li1,136.3900,48.9600,0.000690
_2407_,VGND,li1,135.9300,48.9600,0.000690
_2406_,VGND,li1,133.1700,48.9600,0.000687
_2405_,VGND,li1,138.0000,59.8400,0.000858
_2404_,VGND,li1,137.7700,65.2800,0.001006
_2403_,VGND,li1,132.7100,65.2800,0.000997
_2402_,VGND,li1,139.1500,76.1600,0.001186
_2401_,VGND,li1,136.8500,76.1600,0.001180
_2400_,VGND,li1,135.4700,70.7200,0.000583
_2399_,VGND,li1,140.0700,87.0400,0.001136
_2398_,VGND,li1,140.5300,92.4800,0.000921
_2397_,VGND,li1,143.7500,92.4800,0.000924
_2396_,VGND,li1,136.8500,119.6800,0.001184
_2395_,VGND,li1,140.0700,130.5600,0.001261
_2394_,VGND,li1,137.3100,125.1200,0.001080
_2393_,VGND,li1,142.3700,141.4400,0.001004
_2392_,VGND,li1,140.3000,157.7600,0.000804
_2391_,VGND,li1,140.3000,152.3200,0.001222
_2390_,VGND,li1,136.3900,168.6400,0.000674
_2389_,VGND,li1,139.1500,168.6400,0.000675
_2388_,VGND,li1,135.9300,174.0800,0.000657
_2387_,VGND,li1,128.1100,174.0800,0.000653
_2386_,VGND,li1,126.2700,163.2000,0.000957
_2385_,VGND,li1,143.7500,163.2000,0.000966
_2384_,VGND,li1,140.9900,163.2000,0.000965
_2383_,VGND,li1,140.9900,163.2000,0.000965
_2382_,VGND,li1,132.2500,163.2000,0.000961
_2381_,VGND,li1,141.9100,146.8800,0.001138
_2380_,VGND,li1,140.0700,146.8800,0.001136
_2379_,VGND,li1,134.5500,146.8800,0.001131
_2378_,VGND,li1,140.5300,136.0000,0.001150
_2377_,VGND,li1,137.7700,141.4400,0.001002
_2376_,VGND,li1,132.2500,141.4400,0.000996
_2375_,VGND,li1,132.2500,146.8800,0.001127
_2374_,VGND,li1,134.0900,136.0000,0.001132
_2373_,VGND,li1,140.5300,125.1200,0.001082
_2372_,VGND,li1,137.0800,125.1200,0.001080
_2371_,VGND,li1,130.8700,125.1200,0.001073
_2370_,VGND,li1,141.9100,114.2400,0.000810
_2369_,VGND,li1,137.7700,103.3600,0.000636
_2368_,VGND,li1,132.9400,103.3600,0.000631
_2367_,VGND,li1,142.3700,87.0400,0.001138
_2366_,VGND,li1,135.4700,92.4800,0.000914
_2365_,VGND,li1,132.7100,92.4800,0.000911
_2364_,VGND,li1,140.0700,81.6000,0.000950
_2363_,VGND,li1,137.7700,81.6000,0.000946
_2362_,VGND,li1,137.7700,87.0400,0.001134
_2361_,VGND,li1,135.4700,81.6000,0.000943
_2360_,VGND,li1,132.0200,81.6000,0.000939
_2359_,VGND,li1,138.0000,70.7200,0.000584
_2358_,VGND,li1,131.3300,76.1600,0.001172
_2357_,VGND,li1,130.8700,76.1600,0.001172
_2356_,VGND,li1,135.2400,65.2800,0.001001
_2355_,VGND,li1,131.7900,59.8400,0.000857
_2354_,VGND,li1,132.0200,65.2800,0.000992
_2353_,VGND,li1,133.1700,54.4000,0.000782
_2352_,VGND,li1,130.8700,48.9600,0.000681
_2351_,VGND,li1,129.2600,48.9600,0.000681
_2350_,VGND,li1,131.3300,43.5200,0.000707
_2349_,VGND,li1,129.4900,43.5200,0.000702
_2348_,VGND,li1,140.0700,21.7600,0.000407
_2347_,VGND,li1,131.7900,21.7600,0.000403
_2346_,VGND,li1,132.4800,27.2000,0.000602
_2345_,VGND,li1,133.1700,16.3200,0.000632
_2344_,VGND,li1,139.1500,16.3200,0.000643
_2343_,VGND,li1,136.6200,10.8800,0.000093
_2342_,VGND,li1,131.7900,16.3200,0.000632
_2341_,VGND,li1,125.8100,27.2000,0.000591
_2340_,VGND,li1,131.1000,38.0800,0.000615
_2339_,VGND,li1,129.4900,59.8400,0.000855
_2338_,VGND,li1,126.9600,76.1600,0.001161
_2337_,VGND,li1,132.4800,97.9200,0.001495
_2336_,VGND,li1,133.1700,125.1200,0.001076
_2335_,VGND,li1,131.1000,141.4400,0.000996
_2334_,VGND,li1,128.3400,168.6400,0.000667
_2333_,VGND,li1,132.4800,157.7600,0.000796
_2332_,VGND,li1,131.7900,163.2000,0.000961
_2330_,VGND,li1,132.7100,103.3600,0.000631
_2329_,VGND,li1,132.2500,108.8000,0.000897
_2328_,VGND,li1,132.4800,114.2400,0.000801
_2327_,VGND,li1,133.6300,108.8000,0.000902
_2326_,VGND,li1,117.9900,48.9600,0.000644
_2325_,VGND,li1,121.2100,48.9600,0.000657
_2323_,VGND,li1,130.4100,114.2400,0.000796
_2322_,VGND,li1,115.4600,43.5200,0.000655
_2321_,VGND,li1,112.9300,43.5200,0.000647
_2320_,VGND,li1,119.8300,16.3200,0.000596
_2319_,VGND,li1,121.2100,21.7600,0.000383
_2318_,VGND,li1,117.5300,21.7600,0.000379
_2317_,VGND,li1,116.1500,10.8800,0.000093
_2316_,VGND,li1,112.0100,16.3200,0.000568
_2315_,VGND,li1,73.8300,16.3200,0.000381
_2314_,VGND,li1,74.7500,10.8800,0.000074
_2313_,VGND,li1,69.6900,16.3200,0.000360
_2312_,VGND,li1,106.9500,16.3200,0.000540
_2311_,VGND,li1,106.0300,10.8800,0.000090
_2310_,VGND,li1,116.1500,16.3200,0.000583
_2309_,VGND,li1,114.3100,21.7600,0.000372
_2308_,VGND,li1,125.1200,16.3200,0.000608
_2307_,VGND,li1,119.1400,32.6400,0.000480
_2306_,VGND,li1,117.5300,21.7600,0.000379
_2305_,VGND,li1,123.9700,32.6400,0.000487
_2304_,VGND,li1,118.2200,38.0800,0.000595
_2303_,VGND,li1,116.6100,27.2000,0.000569
_2302_,VGND,li1,113.3900,16.3200,0.000568
_2301_,VGND,li1,99.8200,16.3200,0.000515
_2300_,VGND,li1,105.1100,21.7600,0.000352
_2299_,VGND,li1,105.5700,16.3200,0.000540
_2298_,VGND,li1,90.8500,10.8800,0.000084
_2297_,VGND,li1,101.2000,16.3200,0.000515
_2296_,VGND,li1,97.7500,16.3200,0.000503
_2295_,VGND,li1,97.7500,10.8800,0.000087
_2294_,VGND,li1,81.6500,16.3200,0.000429
_2293_,VGND,li1,79.8100,10.8800,0.000078
_2292_,VGND,li1,80.9600,16.3200,0.000420
_2291_,VGND,li1,77.5100,16.3200,0.000408
_2290_,VGND,li1,72.2200,16.3200,0.000381
_2289_,VGND,li1,113.1600,32.6400,0.000468
_2288_,VGND,li1,122.8200,27.2000,0.000584
_2287_,VGND,li1,123.5100,38.0800,0.000605
_2286_,VGND,li1,119.3700,32.6400,0.000480
_2285_,VGND,li1,119.3700,38.0800,0.000598
_2284_,VGND,li1,120.9800,43.5200,0.000675
_2283_,VGND,li1,112.9300,43.5200,0.000647
_2282_,VGND,li1,114.7700,38.0800,0.000585
_2281_,VGND,li1,112.4700,32.6400,0.000468
_2280_,VGND,li1,114.7700,32.6400,0.000472
_2279_,VGND,li1,111.0900,21.7600,0.000366
_2278_,VGND,li1,110.6300,27.2000,0.000543
_2277_,VGND,li1,109.2500,27.2000,0.000543
_2276_,VGND,li1,105.5700,21.7600,0.000352
_2275_,VGND,li1,100.5100,21.7600,0.000340
_2274_,VGND,li1,96.3700,21.7600,0.000328
_2273_,VGND,li1,96.8300,16.3200,0.000503
_2272_,VGND,li1,92.6900,16.3200,0.000483
_2271_,VGND,li1,90.8500,16.3200,0.000474
_2270_,VGND,li1,87.6300,10.8800,0.000082
_2269_,VGND,li1,88.5500,16.3200,0.000463
_2268_,VGND,li1,86.2500,16.3200,0.000448
_2267_,VGND,li1,64.4000,16.3200,0.000333
_2266_,VGND,li1,62.3300,10.8800,0.000065
_2265_,VGND,li1,72.6800,21.7600,0.000253
_2264_,VGND,li1,84.6400,21.7600,0.000287
_2263_,VGND,li1,91.3100,21.7600,0.000311
_2262_,VGND,li1,105.1100,27.2000,0.000527
_2261_,VGND,li1,105.5700,32.6400,0.000452
_2260_,VGND,li1,103.2700,32.6400,0.000445
_2259_,VGND,li1,127.1900,43.5200,0.000695
_2258_,VGND,li1,124.8900,48.9600,0.000666
_2257_,VGND,li1,119.3700,54.4000,0.000759
_2256_,VGND,li1,117.0700,65.2800,0.000944
_2255_,VGND,li1,116.6100,59.8400,0.000822
_2254_,VGND,li1,117.0700,43.5200,0.000662
_2253_,VGND,li1,119.6000,54.4000,0.000759
_2252_,VGND,li1,115.6900,54.4000,0.000747
_2251_,VGND,li1,113.3900,48.9600,0.000631
_2250_,VGND,li1,112.0100,38.0800,0.000579
_2249_,VGND,li1,109.0200,38.0800,0.000572
_2248_,VGND,li1,106.9500,38.0800,0.000565
_2247_,VGND,li1,106.4900,32.6400,0.000452
_2246_,VGND,li1,93.6100,27.2000,0.000476
_2245_,VGND,li1,90.8500,38.0800,0.000502
_2244_,VGND,li1,103.7300,27.2000,0.000519
_2243_,VGND,li1,99.5900,27.2000,0.000497
_2242_,VGND,li1,93.1500,27.2000,0.000466
_2241_,VGND,li1,89.9300,27.2000,0.000457
_2240_,VGND,li1,85.3300,27.2000,0.000427
_2239_,VGND,li1,87.8600,27.2000,0.000441
_2238_,VGND,li1,83.9500,21.7600,0.000287
_2237_,VGND,li1,77.9700,21.7600,0.000269
_2236_,VGND,li1,68.0800,21.7600,0.000232
_2235_,VGND,li1,73.1400,21.7600,0.000253
_2234_,VGND,li1,81.4200,27.2000,0.000415
_2233_,VGND,li1,99.1300,32.6400,0.000435
_2232_,VGND,li1,104.6500,38.0800,0.000555
_2231_,VGND,li1,127.1900,54.4000,0.000773
_2230_,VGND,li1,123.5100,65.2800,0.000968
_2229_,VGND,li1,124.8900,59.8400,0.000847
_2228_,VGND,li1,121.2100,59.8400,0.000840
_2227_,VGND,li1,118.4500,59.8400,0.000831
_2226_,VGND,li1,113.8500,59.8400,0.000813
_2225_,VGND,li1,117.5300,76.1600,0.001128
_2224_,VGND,li1,118.6800,103.3600,0.000610
_2223_,VGND,li1,113.8500,103.3600,0.000599
_2222_,VGND,li1,117.7600,81.6000,0.000899
_2221_,VGND,li1,115.4600,65.2800,0.000933
_2220_,VGND,li1,113.8500,54.4000,0.000738
_2219_,VGND,li1,111.0900,54.4000,0.000730
_2218_,VGND,li1,111.0900,54.4000,0.000730
_2217_,VGND,li1,108.5600,48.9600,0.000616
_2216_,VGND,li1,106.2600,43.5200,0.000621
_2215_,VGND,li1,105.5700,48.9600,0.000607
_2214_,VGND,li1,104.1900,43.5200,0.000612
_2213_,VGND,li1,89.0100,38.0800,0.000494
_2212_,VGND,li1,84.8700,38.0800,0.000475
_2211_,VGND,li1,103.7300,38.0800,0.000555
_2210_,VGND,li1,101.2000,38.0800,0.000545
_2209_,VGND,li1,100.5100,38.0800,0.000537
_2208_,VGND,li1,99.1300,32.6400,0.000435
_2207_,VGND,li1,94.9900,32.6400,0.000421
_2206_,VGND,li1,90.8500,32.6400,0.000407
_2205_,VGND,li1,82.5700,27.2000,0.000415
_2204_,VGND,li1,76.5900,27.2000,0.000390
_2203_,VGND,li1,68.0800,27.2000,0.000342
_2202_,VGND,li1,74.0600,27.2000,0.000377
_2201_,VGND,li1,80.0400,38.0800,0.000453
_2200_,VGND,li1,64.6300,27.2000,0.000325
_2199_,VGND,li1,60.0300,27.2000,0.000300
_2198_,VGND,li1,60.7200,27.2000,0.000300
_2197_,VGND,li1,63.4800,27.2000,0.000314
_2196_,VGND,li1,60.0300,21.7600,0.000202
_2195_,VGND,li1,94.5300,38.0800,0.000518
_2194_,VGND,li1,103.2700,54.4000,0.000693
_2193_,VGND,li1,99.5900,43.5200,0.000592
_2192_,VGND,li1,108.7900,54.4000,0.000716
_2191_,VGND,li1,123.5100,70.7200,0.000573
_2190_,VGND,li1,120.7500,76.1600,0.001137
_2189_,VGND,li1,118.9100,70.7200,0.000565
_2188_,VGND,li1,117.5300,76.1600,0.001128
_2187_,VGND,li1,115.6900,70.7200,0.000562
_2186_,VGND,li1,112.4700,65.2800,0.000924
_2185_,VGND,li1,112.4700,65.2800,0.000924
_2184_,VGND,li1,108.7900,59.8400,0.000787
_2183_,VGND,li1,103.2700,59.8400,0.000760
_2182_,VGND,li1,100.2800,54.4000,0.000674
_2181_,VGND,li1,103.7300,48.9600,0.000597
_2180_,VGND,li1,80.7300,48.9600,0.000473
_2179_,VGND,li1,99.5900,48.9600,0.000580
_2178_,VGND,li1,93.8400,43.5200,0.000559
_2177_,VGND,li1,90.8500,43.5200,0.000550
_2176_,VGND,li1,88.5500,48.9600,0.000519
_2175_,VGND,li1,95.9100,38.0800,0.000518
_2174_,VGND,li1,90.3900,32.6400,0.000407
_2173_,VGND,li1,86.4800,32.6400,0.000392
_2172_,VGND,li1,86.2500,32.6400,0.000392
_2171_,VGND,li1,67.3900,32.6400,0.000309
_2170_,VGND,li1,62.5600,32.6400,0.000293
_2169_,VGND,li1,89.0100,43.5200,0.000540
_2168_,VGND,li1,84.4100,38.0800,0.000467
_2167_,VGND,li1,79.8100,38.0800,0.000444
_2166_,VGND,li1,76.5900,32.6400,0.000348
_2165_,VGND,li1,72.2200,32.6400,0.000337
_2164_,VGND,li1,74.0600,38.0800,0.000423
_2163_,VGND,li1,56.3500,38.0800,0.000331
_2162_,VGND,li1,80.0400,43.5200,0.000491
_2161_,VGND,li1,107.4100,65.2800,0.000894
_2160_,VGND,li1,126.7300,70.7200,0.000577
_2158_,VGND,li1,123.5100,81.6000,0.000914
_2157_,VGND,li1,125.8100,81.6000,0.000924
_2156_,VGND,li1,124.4300,87.0400,0.001116
_2155_,VGND,li1,129.0300,87.0400,0.001124
_2154_,VGND,li1,118.9100,87.0400,0.001095
_2153_,VGND,li1,116.6100,87.0400,0.001087
_2152_,VGND,li1,114.7700,92.4800,0.000860
_2151_,VGND,li1,113.6200,76.1600,0.001102
_2150_,VGND,li1,111.0900,76.1600,0.001085
_2149_,VGND,li1,111.0900,70.7200,0.000551
_2148_,VGND,li1,108.3300,65.2800,0.000894
_2147_,VGND,li1,101.8900,65.2800,0.000853
_2146_,VGND,li1,100.5100,70.7200,0.000516
_2145_,VGND,li1,97.2900,65.2800,0.000815
_2144_,VGND,li1,104.6500,54.4000,0.000693
_2143_,VGND,li1,84.4100,59.8400,0.000627
_2142_,VGND,li1,101.8900,59.8400,0.000747
_2141_,VGND,li1,94.5300,65.2800,0.000796
_2140_,VGND,li1,96.3700,54.4000,0.000643
_2139_,VGND,li1,88.5500,48.9600,0.000519
_2138_,VGND,li1,83.4900,43.5200,0.000503
_2137_,VGND,li1,77.5100,43.5200,0.000478
_2136_,VGND,li1,75.6700,43.5200,0.000468
_2135_,VGND,li1,71.7600,48.9600,0.000419
_2134_,VGND,li1,72.6800,43.5200,0.000443
_2133_,VGND,li1,60.9500,48.9600,0.000350
_2132_,VGND,li1,55.2000,54.4000,0.000354
_2131_,VGND,li1,84.4100,48.9600,0.000495
_2130_,VGND,li1,92.2300,48.9600,0.000540
_2129_,VGND,li1,60.9500,38.0800,0.000354
_2128_,VGND,li1,60.4900,38.0800,0.000354
_2127_,VGND,li1,57.5000,32.6400,0.000272
_2126_,VGND,li1,55.8900,43.5200,0.000345
_2125_,VGND,li1,52.2100,43.5200,0.000329
_2124_,VGND,li1,49.6800,48.9600,0.000273
_2123_,VGND,li1,49.9100,43.5200,0.000311
_2122_,VGND,li1,49.9100,38.0800,0.000286
_2121_,VGND,li1,124.8900,92.4800,0.000889
_2120_,VGND,li1,117.9900,92.4800,0.000869
_2119_,VGND,li1,117.0700,92.4800,0.000869
_2118_,VGND,li1,117.5300,87.0400,0.001095
_2117_,VGND,li1,112.0100,92.4800,0.000849
_2116_,VGND,li1,111.5500,81.6000,0.000867
_2115_,VGND,li1,113.8500,81.6000,0.000879
_2114_,VGND,li1,119.3700,92.4800,0.000876
_2113_,VGND,li1,112.4700,92.4800,0.000849
_2112_,VGND,li1,112.9300,87.0400,0.001072
_2111_,VGND,li1,109.7100,76.1600,0.001085
_2110_,VGND,li1,107.1800,76.1600,0.001065
_2109_,VGND,li1,107.4100,70.7200,0.000542
_2108_,VGND,li1,102.8100,76.1600,0.001027
_2107_,VGND,li1,100.0500,76.1600,0.001002
_2106_,VGND,li1,104.6500,70.7200,0.000534
_2105_,VGND,li1,85.3300,70.7200,0.000451
_2104_,VGND,li1,101.4300,65.2800,0.000853
_2103_,VGND,li1,93.8400,65.2800,0.000778
_2102_,VGND,li1,92.6900,70.7200,0.000488
_2101_,VGND,li1,95.9100,59.8400,0.000708
_2100_,VGND,li1,89.4700,59.8400,0.000666
_2099_,VGND,li1,85.7900,54.4000,0.000580
_2098_,VGND,li1,82.5700,48.9600,0.000484
_2097_,VGND,li1,77.0500,54.4000,0.000519
_2096_,VGND,li1,73.1400,48.9600,0.000419
_2095_,VGND,li1,77.2800,54.4000,0.000519
_2094_,VGND,li1,67.6200,59.8400,0.000489
_2093_,VGND,li1,61.8700,54.4000,0.000407
_2092_,VGND,li1,85.3300,59.8400,0.000627
_2091_,VGND,li1,97.2900,54.4000,0.000657
_2090_,VGND,li1,92.6900,54.4000,0.000627
_2089_,VGND,li1,93.1500,59.8400,0.000690
_2088_,VGND,li1,66.9300,48.9600,0.000389
_2087_,VGND,li1,64.1700,48.9600,0.000362
_2086_,VGND,li1,61.6400,43.5200,0.000384
_2085_,VGND,li1,54.9700,48.9600,0.000305
_2084_,VGND,li1,51.7500,59.8400,0.000358
_2083_,VGND,li1,51.2900,59.8400,0.000358
_2082_,VGND,li1,106.9500,87.0400,0.001031
_2081_,VGND,li1,127.6500,92.4800,0.000901
_2079_,VGND,li1,123.5100,92.4800,0.000889
_2078_,VGND,li1,123.9700,97.9200,0.001473
_2077_,VGND,li1,119.8300,97.9200,0.001459
_2076_,VGND,li1,119.1400,97.9200,0.001459
_2075_,VGND,li1,117.7600,103.3600,0.000605
_2074_,VGND,li1,114.7700,108.8000,0.000863
_2073_,VGND,li1,115.9200,108.8000,0.000863
_2072_,VGND,li1,118.6800,119.6800,0.001158
_2071_,VGND,li1,119.3700,125.1200,0.001049
_2070_,VGND,li1,116.1500,125.1200,0.001037
_2069_,VGND,li1,113.3900,97.9200,0.001437
_2068_,VGND,li1,112.0100,87.0400,0.001072
_2067_,VGND,li1,104.6500,81.6000,0.000826
_2066_,VGND,li1,100.9700,76.1600,0.001002
_2065_,VGND,li1,94.9900,76.1600,0.000942
_2064_,VGND,li1,78.8900,81.6000,0.000624
_2063_,VGND,li1,99.1300,70.7200,0.000516
_2062_,VGND,li1,90.3900,70.7200,0.000478
_2061_,VGND,li1,86.2500,65.2800,0.000723
_2060_,VGND,li1,86.2500,65.2800,0.000723
_2059_,VGND,li1,77.5100,59.8400,0.000573
_2058_,VGND,li1,72.6800,59.8400,0.000533
_2057_,VGND,li1,78.2000,65.2800,0.000649
_2056_,VGND,li1,66.4700,65.2800,0.000538
_2055_,VGND,li1,63.9400,70.7200,0.000342
_2054_,VGND,li1,86.2500,70.7200,0.000451
_2053_,VGND,li1,96.3700,70.7200,0.000505
_2052_,VGND,li1,71.9900,65.2800,0.000586
_2051_,VGND,li1,70.1500,54.4000,0.000469
_2050_,VGND,li1,66.9300,43.5200,0.000414
_2049_,VGND,li1,63.9400,43.5200,0.000399
_2048_,VGND,li1,62.7900,54.4000,0.000407
_2047_,VGND,li1,57.7300,59.8400,0.000399
_2046_,VGND,li1,54.9700,54.4000,0.000354
_2045_,VGND,li1,46.2300,54.4000,0.000286
_2044_,VGND,li1,46.6900,59.8400,0.000318
_2043_,VGND,li1,43.0100,59.8400,0.000286
_2042_,VGND,li1,87.6300,81.6000,0.000694
_2041_,VGND,li1,103.7300,87.0400,0.001003
_2040_,VGND,li1,110.1700,103.3600,0.000590
_2039_,VGND,li1,123.5100,125.1200,0.001060
_2038_,VGND,li1,124.4300,125.1200,0.001060
_2037_,VGND,li1,126.2700,125.1200,0.001065
_2036_,VGND,li1,125.8100,119.6800,0.001170
_2035_,VGND,li1,115.6900,114.2400,0.000772
_2034_,VGND,li1,111.0900,97.9200,0.001414
_2033_,VGND,li1,106.0300,87.0400,0.001031
_2032_,VGND,li1,104.1900,92.4800,0.000809
_2031_,VGND,li1,100.2800,87.0400,0.000983
_2030_,VGND,li1,99.5900,81.6000,0.000784
_2029_,VGND,li1,98.6700,81.6000,0.000784
_2028_,VGND,li1,78.8900,76.1600,0.000768
_2027_,VGND,li1,72.4500,76.1600,0.000710
_2026_,VGND,li1,41.1700,81.6000,0.000273
_2025_,VGND,li1,73.8300,70.7200,0.000399
_2024_,VGND,li1,69.2300,70.7200,0.000372
_2023_,VGND,li1,65.0900,65.2800,0.000516
_2022_,VGND,li1,60.2600,59.8400,0.000434
_2021_,VGND,li1,63.2500,70.7200,0.000342
_2020_,VGND,li1,59.5700,70.7200,0.000313
_2019_,VGND,li1,57.7300,65.2800,0.000444
_2018_,VGND,li1,51.7500,70.7200,0.000275
_2017_,VGND,li1,49.9100,70.7200,0.000256
_2016_,VGND,li1,73.8300,70.7200,0.000399
_2015_,VGND,li1,41.4000,70.7200,0.000205
_2014_,VGND,li1,42.5500,70.7200,0.000220
_2013_,VGND,li1,92.6900,81.6000,0.000737
_2012_,VGND,li1,89.0100,76.1600,0.000889
_2011_,VGND,li1,86.2500,76.1600,0.000851
_2010_,VGND,li1,79.3500,65.2800,0.000649
_2009_,VGND,li1,74.5200,65.2800,0.000612
_2008_,VGND,li1,80.0400,76.1600,0.000792
_2007_,VGND,li1,67.3900,81.6000,0.000524
_2006_,VGND,li1,63.9400,76.1600,0.000612
_2005_,VGND,li1,89.0100,81.6000,0.000694
_2004_,VGND,li1,100.5100,87.0400,0.000983
_2003_,VGND,li1,94.5300,81.6000,0.000752
_2002_,VGND,li1,87.6300,92.4800,0.000685
_2001_,VGND,li1,105.1100,103.3600,0.000572
_2000_,VGND,li1,102.8100,97.9200,0.001359
_1999_,VGND,li1,110.6300,108.8000,0.000852
_1998_,VGND,li1,115.6900,114.2400,0.000772
_1996_,VGND,li1,131.5600,130.5600,0.001245
_1995_,VGND,li1,128.1100,130.5600,0.001239
_1994_,VGND,li1,125.3500,130.5600,0.001234
_1993_,VGND,li1,123.9700,130.5600,0.001227
_1992_,VGND,li1,117.9900,119.6800,0.001158
_1991_,VGND,li1,111.0900,108.8000,0.000852
_1990_,VGND,li1,107.4100,103.3600,0.000582
_1989_,VGND,li1,105.1100,97.9200,0.001379
_1988_,VGND,li1,98.2100,97.9200,0.001317
_1987_,VGND,li1,94.5300,97.9200,0.001263
_1986_,VGND,li1,100.0500,92.4800,0.000782
_1985_,VGND,li1,95.9100,87.0400,0.000937
_1984_,VGND,li1,72.4500,81.6000,0.000570
_1983_,VGND,li1,73.8300,81.6000,0.000570
_1982_,VGND,li1,45.3100,81.6000,0.000317
_1981_,VGND,li1,40.7100,81.6000,0.000273
_1980_,VGND,li1,42.0900,76.1600,0.000332
_1979_,VGND,li1,39.3300,76.1600,0.000310
_1978_,VGND,li1,38.8700,76.1600,0.000310
_1977_,VGND,li1,37.9500,70.7200,0.000191
_1976_,VGND,li1,34.2700,70.7200,0.000168
_1975_,VGND,li1,37.9500,70.7200,0.000191
_1974_,VGND,li1,36.3400,81.6000,0.000227
_1973_,VGND,li1,70.1500,76.1600,0.000684
_1972_,VGND,li1,66.9300,59.8400,0.000489
_1971_,VGND,li1,63.9400,59.8400,0.000454
_1970_,VGND,li1,64.6300,76.1600,0.000612
_1969_,VGND,li1,58.6500,76.1600,0.000533
_1968_,VGND,li1,59.5700,76.1600,0.000560
_1967_,VGND,li1,52.6700,81.6000,0.000387
_1966_,VGND,li1,52.2100,76.1600,0.000473
_1965_,VGND,li1,92.6900,92.4800,0.000736
_1964_,VGND,li1,89.0100,87.0400,0.000876
_1963_,VGND,li1,87.1700,87.0400,0.000857
_1962_,VGND,li1,82.5700,81.6000,0.000643
_1961_,VGND,li1,77.7400,81.6000,0.000609
_1960_,VGND,li1,80.5000,87.0400,0.000777
_1959_,VGND,li1,66.4700,92.4800,0.000506
_1958_,VGND,li1,63.0200,81.6000,0.000484
_1957_,VGND,li1,88.0900,97.9200,0.001206
_1956_,VGND,li1,105.5700,108.8000,0.000825
_1955_,VGND,li1,104.4200,114.2400,0.000723
_1954_,VGND,li1,112.4700,114.2400,0.000758
_1953_,VGND,li1,120.7500,130.5600,0.001207
_1951_,VGND,li1,123.5100,141.4400,0.000984
_1950_,VGND,li1,124.4300,136.0000,0.001103
_1949_,VGND,li1,129.0300,141.4400,0.000993
_1948_,VGND,li1,124.4300,136.0000,0.001103
_1947_,VGND,li1,115.6900,136.0000,0.001065
_1946_,VGND,li1,121.9000,136.0000,0.001092
_1945_,VGND,li1,118.6800,141.4400,0.000974
_1944_,VGND,li1,117.7600,125.1200,0.001037
_1943_,VGND,li1,115.2300,125.1200,0.001021
_1942_,VGND,li1,112.9300,125.1200,0.001004
_1941_,VGND,li1,112.0100,119.6800,0.001127
_1940_,VGND,li1,107.8700,114.2400,0.000735
_1939_,VGND,li1,105.1100,108.8000,0.000813
_1938_,VGND,li1,98.6700,108.8000,0.000779
_1937_,VGND,li1,94.5300,108.8000,0.000734
_1936_,VGND,li1,100.5100,103.3600,0.000550
_1935_,VGND,li1,99.1300,97.9200,0.001317
_1934_,VGND,li1,75.2100,103.3600,0.000405
_1933_,VGND,li1,47.1500,97.9200,0.000557
_1932_,VGND,li1,74.2900,87.0400,0.000714
_1931_,VGND,li1,71.9900,92.4800,0.000548
_1930_,VGND,li1,47.1500,87.0400,0.000399
_1929_,VGND,li1,46.4600,81.6000,0.000317
_1928_,VGND,li1,40.2500,87.0400,0.000334
_1927_,VGND,li1,36.1100,81.6000,0.000227
_1926_,VGND,li1,35.6500,92.4800,0.000209
_1925_,VGND,li1,29.9000,87.0400,0.000208
_1924_,VGND,li1,31.7400,81.6000,0.000168
_1923_,VGND,li1,69.6900,87.0400,0.000674
_1922_,VGND,li1,66.4700,87.0400,0.000638
_1921_,VGND,li1,62.1000,97.9200,0.000818
_1920_,VGND,li1,63.2500,87.0400,0.000596
_1919_,VGND,li1,59.1100,87.0400,0.000554
_1918_,VGND,li1,54.0500,87.0400,0.000495
_1917_,VGND,li1,53.1300,87.0400,0.000466
_1916_,VGND,li1,52.6700,81.6000,0.000387
_1915_,VGND,li1,93.1500,103.3600,0.000510
_1914_,VGND,li1,89.4700,97.9200,0.001206
_1913_,VGND,li1,88.7800,92.4800,0.000703
_1912_,VGND,li1,84.4100,92.4800,0.000653
_1911_,VGND,li1,84.8700,97.9200,0.001168
_1910_,VGND,li1,79.8100,92.4800,0.000611
_1909_,VGND,li1,76.8200,87.0400,0.000751
_1908_,VGND,li1,78.2000,92.4800,0.000611
_1907_,VGND,li1,66.4700,97.9200,0.000890
_1906_,VGND,li1,88.0900,108.8000,0.000695
_1905_,VGND,li1,106.0300,125.1200,0.000953
_1904_,VGND,li1,103.7300,119.6800,0.001071
_1903_,VGND,li1,121.6700,152.3200,0.001205
_1902_,VGND,li1,123.7400,146.8800,0.001112
_1901_,VGND,li1,117.9900,146.8800,0.001101
_1900_,VGND,li1,120.7500,146.8800,0.001107
_1899_,VGND,li1,116.6100,146.8800,0.001095
_1898_,VGND,li1,114.7700,146.8800,0.001088
_1897_,VGND,li1,117.0700,136.0000,0.001065
_1896_,VGND,li1,114.3100,130.5600,0.001173
_1895_,VGND,li1,113.6200,130.5600,0.001173
_1894_,VGND,li1,109.7100,125.1200,0.000990
_1893_,VGND,li1,111.0900,119.6800,0.001127
_1892_,VGND,li1,105.1100,119.6800,0.001071
_1891_,VGND,li1,98.6700,119.6800,0.001022
_1890_,VGND,li1,94.5300,119.6800,0.000959
_1889_,VGND,li1,100.0500,114.2400,0.000693
_1888_,VGND,li1,99.1300,108.8000,0.000779
_1887_,VGND,li1,77.5100,108.8000,0.000607
_1886_,VGND,li1,50.8300,114.2400,0.000327
_1885_,VGND,li1,77.0500,97.9200,0.001064
_1884_,VGND,li1,51.2900,97.9200,0.000636
_1883_,VGND,li1,48.9900,103.3600,0.000239
_1882_,VGND,li1,33.1200,103.3600,0.000138
_1881_,VGND,li1,48.9900,92.4800,0.000345
_1880_,VGND,li1,45.7700,87.0400,0.000399
_1879_,VGND,li1,46.4600,92.4800,0.000321
_1878_,VGND,li1,42.0900,92.4800,0.000275
_1877_,VGND,li1,37.0300,97.9200,0.000392
_1876_,VGND,li1,33.3500,87.0400,0.000242
_1875_,VGND,li1,33.8100,81.6000,0.000189
_1874_,VGND,li1,32.8900,76.1600,0.000232
_1873_,VGND,li1,30.1300,81.6000,0.000168
_1872_,VGND,li1,31.0500,92.4800,0.000163
_1871_,VGND,li1,71.0700,97.9200,0.000951
_1870_,VGND,li1,66.9300,97.9200,0.000890
_1869_,VGND,li1,64.8600,103.3600,0.000339
_1868_,VGND,li1,68.7700,92.4800,0.000527
_1867_,VGND,li1,62.3300,92.4800,0.000468
_1866_,VGND,li1,64.8600,92.4800,0.000489
_1865_,VGND,li1,60.4900,97.9200,0.000767
_1864_,VGND,li1,57.7300,92.4800,0.000413
_1863_,VGND,li1,52.6700,97.9200,0.000636
_1862_,VGND,li1,52.2100,92.4800,0.000362
_1861_,VGND,li1,92.6900,114.2400,0.000643
_1860_,VGND,li1,89.4700,108.8000,0.000695
_1859_,VGND,li1,89.2400,103.3600,0.000479
_1858_,VGND,li1,87.6300,103.3600,0.000479
_1857_,VGND,li1,85.3300,103.3600,0.000456
_1856_,VGND,li1,83.0300,92.4800,0.000653
_1855_,VGND,li1,79.1200,103.3600,0.000430
_1854_,VGND,li1,80.9600,108.8000,0.000624
_1853_,VGND,li1,72.4500,103.3600,0.000391
_1852_,VGND,li1,88.5500,119.6800,0.000911
_1851_,VGND,li1,110.6300,130.5600,0.001158
_1850_,VGND,li1,105.1100,125.1200,0.000953
_1849_,VGND,li1,130.4100,146.8800,0.001124
_1848_,VGND,li1,122.5900,163.2000,0.000953
_1847_,VGND,li1,123.9700,157.7600,0.000783
_1846_,VGND,li1,117.5300,152.3200,0.001201
_1845_,VGND,li1,115.4600,152.3200,0.001194
_1844_,VGND,li1,115.2300,141.4400,0.000969
_1843_,VGND,li1,110.8600,141.4400,0.000949
_1842_,VGND,li1,110.6300,136.0000,0.001021
_1841_,VGND,li1,109.2500,130.5600,0.001139
_1840_,VGND,li1,104.6500,130.5600,0.001097
_1839_,VGND,li1,101.4300,136.0000,0.000953
_1838_,VGND,li1,96.3700,136.0000,0.000894
_1837_,VGND,li1,100.5100,125.1200,0.000905
_1836_,VGND,li1,99.1300,119.6800,0.001022
_1835_,VGND,li1,71.9900,119.6800,0.000721
_1834_,VGND,li1,78.8900,114.2400,0.000542
_1833_,VGND,li1,51.7500,108.8000,0.000366
_1832_,VGND,li1,41.6300,114.2400,0.000246
_1831_,VGND,li1,34.0400,108.8000,0.000199
_1830_,VGND,li1,48.0700,103.3600,0.000239
_1829_,VGND,li1,44.3900,103.3600,0.000215
_1828_,VGND,li1,40.4800,97.9200,0.000439
_1827_,VGND,li1,31.9700,103.3600,0.000123
_1826_,VGND,li1,26.9100,108.8000,0.000136
_1825_,VGND,li1,28.2900,114.2400,0.000135
_1824_,VGND,li1,74.7500,108.8000,0.000575
_1823_,VGND,li1,68.7700,108.8000,0.000531
_1822_,VGND,li1,66.2400,103.3600,0.000354
_1821_,VGND,li1,68.7700,108.8000,0.000531
_1820_,VGND,li1,61.8700,108.8000,0.000457
_1819_,VGND,li1,62.1000,103.3600,0.000328
_1818_,VGND,li1,60.4900,108.8000,0.000457
_1817_,VGND,li1,58.1900,103.3600,0.000293
_1816_,VGND,li1,54.0500,108.8000,0.000398
_1815_,VGND,li1,54.0500,103.3600,0.000277
_1814_,VGND,li1,93.6100,119.6800,0.000959
_1813_,VGND,li1,89.4700,119.6800,0.000911
_1812_,VGND,li1,88.3200,114.2400,0.000611
_1811_,VGND,li1,87.6300,114.2400,0.000611
_1810_,VGND,li1,85.7900,114.2400,0.000598
_1809_,VGND,li1,83.0300,108.8000,0.000653
_1808_,VGND,li1,79.1200,103.3600,0.000430
_1807_,VGND,li1,80.9600,119.6800,0.000824
_1806_,VGND,li1,67.8500,125.1200,0.000594
_1805_,VGND,li1,93.1500,136.0000,0.000876
_1804_,VGND,li1,97.2900,130.5600,0.001015
_1803_,VGND,li1,107.8700,136.0000,0.001006
_1802_,VGND,li1,107.8700,141.4400,0.000928
_1801_,VGND,li1,105.5700,141.4400,0.000913
_1800_,VGND,li1,111.0900,152.3200,0.001167
_1799_,VGND,li1,114.3100,157.7600,0.000764
_1798_,VGND,li1,108.7900,157.7600,0.000750
_1796_,VGND,li1,119.8300,163.2000,0.000951
_1795_,VGND,li1,119.6000,163.2000,0.000951
_1794_,VGND,li1,117.9900,157.7600,0.000770
_1792_,VGND,li1,128.1100,103.3600,0.000624
_1791_,VGND,li1,115.2300,163.2000,0.000945
_1790_,VGND,li1,113.8500,163.2000,0.000940
_1789_,VGND,li1,110.6300,146.8800,0.001072
_1788_,VGND,li1,111.0900,141.4400,0.000949
_1787_,VGND,li1,105.1100,141.4400,0.000898
_1786_,VGND,li1,97.7500,141.4400,0.000849
_1785_,VGND,li1,94.0700,141.4400,0.000808
_1784_,VGND,li1,103.2700,130.5600,0.001097
_1783_,VGND,li1,100.5100,136.0000,0.000935
_1782_,VGND,li1,77.5100,136.0000,0.000715
_1781_,VGND,li1,52.6700,136.0000,0.000452
_1780_,VGND,li1,75.2100,125.1200,0.000656
_1779_,VGND,li1,73.3700,119.6800,0.000721
_1778_,VGND,li1,47.6100,119.6800,0.000422
_1777_,VGND,li1,45.5400,119.6800,0.000381
_1776_,VGND,li1,46.2300,114.2400,0.000289
_1775_,VGND,li1,41.1700,103.3600,0.000183
_1774_,VGND,li1,39.1000,108.8000,0.000240
_1773_,VGND,li1,36.1100,114.2400,0.000199
_1772_,VGND,li1,25.9900,114.2400,0.000115
_1771_,VGND,li1,27.3700,119.6800,0.000156
_1770_,VGND,li1,31.5100,108.8000,0.000168
_1769_,VGND,li1,33.3500,119.6800,0.000234
_1768_,VGND,li1,33.1200,114.2400,0.000171
_1767_,VGND,li1,73.8300,125.1200,0.000656
_1766_,VGND,li1,71.5300,125.1200,0.000618
_1765_,VGND,li1,70.8400,125.1200,0.000618
_1764_,VGND,li1,70.1500,114.2400,0.000478
_1763_,VGND,li1,65.3200,114.2400,0.000442
_1762_,VGND,li1,66.9300,119.6800,0.000660
_1761_,VGND,li1,63.7100,119.6800,0.000618
_1760_,VGND,li1,61.4100,114.2400,0.000405
_1759_,VGND,li1,54.0500,119.6800,0.000502
_1758_,VGND,li1,52.2100,114.2400,0.000327
_1757_,VGND,li1,96.3700,130.5600,0.001015
_1756_,VGND,li1,92.6900,130.5600,0.000978
_1755_,VGND,li1,91.0800,125.1200,0.000821
_1754_,VGND,li1,89.0100,125.1200,0.000790
_1753_,VGND,li1,88.5500,125.1200,0.000790
_1752_,VGND,li1,83.4900,119.6800,0.000848
_1751_,VGND,li1,80.0400,125.1200,0.000701
_1749_,VGND,li1,78.6600,119.6800,0.000798
_1748_,VGND,li1,71.9900,130.5600,0.000734
_1747_,VGND,li1,88.7800,141.4400,0.000767
_1746_,VGND,li1,104.1900,146.8800,0.001030
_1745_,VGND,li1,100.5100,146.8800,0.001003
_1744_,VGND,li1,112.4700,174.0800,0.000643
_1743_,VGND,li1,111.0900,174.0800,0.000643
_1742_,VGND,li1,110.8600,179.5200,0.000505
_1741_,VGND,li1,109.2500,168.6400,0.000633
_1740_,VGND,li1,104.6500,168.6400,0.000617
_1739_,VGND,li1,100.5100,174.0800,0.000616
_1738_,VGND,li1,106.7200,174.0800,0.000634
_1737_,VGND,li1,108.7900,179.5200,0.000502
_1736_,VGND,li1,105.5700,184.9600,0.000328
_1735_,VGND,li1,102.3500,179.5200,0.000491
_1734_,VGND,li1,28.2900,179.5200,0.000100
_1733_,VGND,li1,57.7300,179.5200,0.000293
_1732_,VGND,li1,22.0800,179.5200,0.000078
_1731_,VGND,li1,16.5600,179.5200,0.000081
_1730_,VGND,li1,17.0200,146.8800,0.000131
_1729_,VGND,li1,16.1000,146.8800,0.000131
_1728_,VGND,li1,24.1500,157.7600,0.000095
_1727_,VGND,li1,23.2300,152.3200,0.000139
_1726_,VGND,li1,25.5300,179.5200,0.000077
_1725_,VGND,li1,20.7000,174.0800,0.000092
_1724_,VGND,li1,23.0000,184.9600,0.000058
_1723_,VGND,li1,19.0900,184.9600,0.000060
_1722_,VGND,li1,9.8900,184.9600,0.000061
_1721_,VGND,li1,10.3500,179.5200,0.000083
_1720_,VGND,li1,18.1700,179.5200,0.000081
_1719_,VGND,li1,10.3500,168.6400,0.000092
_1718_,VGND,li1,14.2600,168.6400,0.000091
_1717_,VGND,li1,17.2500,174.0800,0.000094
_1716_,VGND,li1,18.6300,174.0800,0.000094
_1715_,VGND,li1,20.9300,174.0800,0.000091
_1714_,VGND,li1,18.4000,152.3200,0.000139
_1713_,VGND,li1,21.8500,146.8800,0.000130
_1712_,VGND,li1,24.6100,146.8800,0.000129
_1711_,VGND,li1,21.8500,141.4400,0.000110
_1710_,VGND,li1,20.7000,136.0000,0.000123
_1709_,VGND,li1,25.5300,146.8800,0.000152
_1708_,VGND,li1,13.1100,141.4400,0.000111
_1707_,VGND,li1,48.9900,174.0800,0.000279
_1706_,VGND,li1,14.4900,184.9600,0.000061
_1705_,VGND,li1,10.8100,179.5200,0.000083
_1704_,VGND,li1,8.9700,141.4400,0.000111
_1703_,VGND,li1,10.3500,119.6800,0.000136
_1702_,VGND,li1,13.5700,119.6800,0.000135
_1701_,VGND,li1,10.3500,136.0000,0.000124
_1700_,VGND,li1,8.7400,141.4400,0.000111
_1699_,VGND,li1,10.3500,174.0800,0.000097
_1698_,VGND,li1,12.1900,174.0800,0.000096
_1697_,VGND,li1,13.1100,168.6400,0.000091
_1696_,VGND,li1,9.8900,168.6400,0.000092
_1695_,VGND,li1,9.8900,130.5600,0.000139
_1694_,VGND,li1,11.7300,125.1200,0.000123
_1693_,VGND,li1,9.8900,157.7600,0.000098
_1692_,VGND,li1,8.7400,152.3200,0.000141
_1691_,VGND,li1,104.4200,179.5200,0.000495
_1690_,VGND,li1,73.3700,184.9600,0.000265
_1689_,VGND,li1,74.0600,184.9600,0.000271
_1688_,VGND,li1,54.9700,184.9600,0.000200
_1687_,VGND,li1,53.1300,179.5200,0.000269
_1686_,VGND,li1,54.0500,184.9600,0.000200
_1685_,VGND,li1,51.2900,179.5200,0.000253
_1684_,VGND,li1,48.9900,174.0800,0.000279
_1683_,VGND,li1,43.0100,168.6400,0.000243
_1682_,VGND,li1,44.3900,174.0800,0.000237
_1681_,VGND,li1,37.9500,168.6400,0.000192
_1680_,VGND,li1,21.3900,168.6400,0.000088
_1679_,VGND,li1,17.0200,163.2000,0.000113
_1678_,VGND,li1,25.9900,168.6400,0.000106
_1677_,VGND,li1,25.7600,168.6400,0.000106
_1676_,VGND,li1,18.6300,168.6400,0.000090
_1675_,VGND,li1,13.1100,130.5600,0.000138
_1674_,VGND,li1,14.9500,130.5600,0.000138
_1673_,VGND,li1,12.6500,163.2000,0.000114
_1672_,VGND,li1,9.2000,152.3200,0.000141
_1671_,VGND,li1,58.8800,174.0800,0.000339
_1670_,VGND,li1,51.7500,174.0800,0.000299
_1669_,VGND,li1,102.8100,184.9600,0.000327
_1668_,VGND,li1,96.8300,174.0800,0.000597
_1667_,VGND,li1,99.1300,184.9600,0.000324
_1666_,VGND,li1,94.0700,179.5200,0.000468
_1665_,VGND,li1,91.7700,184.9600,0.000314
_1664_,VGND,li1,93.6100,179.5200,0.000462
_1663_,VGND,li1,106.4900,179.5200,0.000498
_1662_,VGND,li1,71.9900,179.5200,0.000371
_1661_,VGND,li1,69.2300,184.9600,0.000252
_1660_,VGND,li1,49.9100,184.9600,0.000175
_1659_,VGND,li1,56.3500,174.0800,0.000324
_1658_,VGND,li1,55.2000,174.0800,0.000324
_1657_,VGND,li1,45.3100,184.9600,0.000156
_1656_,VGND,li1,41.1700,184.9600,0.000133
_1655_,VGND,li1,37.0300,184.9600,0.000120
_1654_,VGND,li1,36.1100,174.0800,0.000177
_1653_,VGND,li1,24.3800,157.7600,0.000095
_1652_,VGND,li1,31.9700,168.6400,0.000153
_1651_,VGND,li1,29.4400,174.0800,0.000123
_1650_,VGND,li1,25.0700,163.2000,0.000110
_1649_,VGND,li1,20.9300,130.5600,0.000137
_1648_,VGND,li1,20.9300,125.1200,0.000122
_1647_,VGND,li1,18.6300,163.2000,0.000113
_1646_,VGND,li1,12.8800,152.3200,0.000140
_1645_,VGND,li1,99.1300,179.5200,0.000483
_1644_,VGND,li1,92.2300,184.9600,0.000314
_1643_,VGND,li1,87.6300,179.5200,0.000441
_1642_,VGND,li1,79.8100,184.9600,0.000285
_1641_,VGND,li1,68.3100,179.5200,0.000352
_1640_,VGND,li1,63.2500,184.9600,0.000230
_1639_,VGND,li1,66.0100,179.5200,0.000340
_1638_,VGND,li1,63.2500,184.9600,0.000230
_1637_,VGND,li1,43.9300,179.5200,0.000211
_1636_,VGND,li1,34.7300,184.9600,0.000102
_1635_,VGND,li1,28.5200,184.9600,0.000067
_1634_,VGND,li1,33.3500,179.5200,0.000135
_1633_,VGND,li1,29.4400,168.6400,0.000136
_1632_,VGND,li1,27.3700,179.5200,0.000100
_1631_,VGND,li1,21.8500,119.6800,0.000134
_1630_,VGND,li1,20.4700,119.6800,0.000134
_1629_,VGND,li1,12.6500,157.7600,0.000098
_1628_,VGND,li1,9.6600,146.8800,0.000132
_1626_,VGND,li1,63.7100,179.5200,0.000319
_1625_,VGND,li1,61.4100,168.6400,0.000377
_1624_,VGND,li1,62.3300,174.0800,0.000365
_1623_,VGND,li1,56.5800,168.6400,0.000333
_1622_,VGND,li1,106.0300,174.0800,0.000630
_1621_,VGND,li1,101.4300,174.0800,0.000616
_1620_,VGND,li1,99.1300,168.6400,0.000598
_1619_,VGND,li1,92.2300,174.0800,0.000573
_1618_,VGND,li1,86.7100,174.0800,0.000530
_1617_,VGND,li1,87.6300,174.0800,0.000546
_1616_,VGND,li1,83.4900,168.6400,0.000516
_1615_,VGND,li1,84.8700,179.5200,0.000431
_1614_,VGND,li1,77.5100,179.5200,0.000398
_1613_,VGND,li1,82.8000,179.5200,0.000420
_1612_,VGND,li1,79.3500,174.0800,0.000492
_1611_,VGND,li1,79.8100,179.5200,0.000409
_1610_,VGND,li1,50.3700,168.6400,0.000299
_1609_,VGND,li1,46.2300,179.5200,0.000227
_1608_,VGND,li1,37.2600,174.0800,0.000177
_1607_,VGND,li1,40.2500,179.5200,0.000188
_1606_,VGND,li1,36.3400,168.6400,0.000192
_1605_,VGND,li1,37.4900,179.5200,0.000165
_1604_,VGND,li1,27.8300,130.5600,0.000181
_1603_,VGND,li1,26.9100,125.1200,0.000142
_1601_,VGND,li1,29.2100,157.7600,0.000129
_1600_,VGND,li1,29.4400,146.8800,0.000201
_1599_,VGND,li1,88.0900,179.5200,0.000441
_1598_,VGND,li1,83.2600,174.0800,0.000516
_1597_,VGND,li1,80.7300,174.0800,0.000492
_1596_,VGND,li1,78.8900,179.5200,0.000398
_1595_,VGND,li1,65.0900,174.0800,0.000394
_1594_,VGND,li1,61.6400,152.3200,0.000609
_1593_,VGND,li1,74.7500,174.0800,0.000461
_1592_,VGND,li1,52.9000,168.6400,0.000317
_1591_,VGND,li1,111.3200,163.2000,0.000926
_1590_,VGND,li1,107.4100,157.7600,0.000740
_1589_,VGND,li1,111.0900,157.7600,0.000757
_1588_,VGND,li1,106.0300,152.3200,0.001128
_1587_,VGND,li1,101.8900,152.3200,0.001096
_1586_,VGND,li1,97.7500,146.8800,0.000980
_1585_,VGND,li1,93.6100,152.3200,0.000991
_1584_,VGND,li1,100.5100,146.8800,0.001003
_1583_,VGND,li1,94.5300,146.8800,0.000944
_1582_,VGND,li1,89.0100,146.8800,0.000899
_1581_,VGND,li1,84.4100,146.8800,0.000846
_1580_,VGND,li1,76.5900,136.0000,0.000715
_1579_,VGND,li1,53.1300,130.5600,0.000506
_1578_,VGND,li1,48.0700,130.5600,0.000441
_1577_,VGND,li1,46.0000,136.0000,0.000357
_1576_,VGND,li1,48.5300,125.1200,0.000375
_1575_,VGND,li1,44.3900,108.8000,0.000293
_1574_,VGND,li1,39.5600,103.3600,0.000183
_1573_,VGND,li1,42.5500,125.1200,0.000305
_1572_,VGND,li1,33.3500,125.1200,0.000216
_1571_,VGND,li1,33.8100,125.1200,0.000216
_1570_,VGND,li1,40.2500,119.6800,0.000326
_1569_,VGND,li1,35.4200,119.6800,0.000266
_1568_,VGND,li1,72.9100,136.0000,0.000675
_1567_,VGND,li1,66.9300,136.0000,0.000610
_1566_,VGND,li1,68.0800,130.5600,0.000685
_1565_,VGND,li1,65.0900,130.5600,0.000632
_1564_,VGND,li1,63.7100,125.1200,0.000550
_1563_,VGND,li1,65.7800,130.5600,0.000660
_1562_,VGND,li1,61.4100,130.5600,0.000607
_1561_,VGND,li1,60.9500,119.6800,0.000570
_1560_,VGND,li1,54.0500,130.5600,0.000506
_1559_,VGND,li1,54.5100,119.6800,0.000502
_1558_,VGND,li1,93.1500,141.4400,0.000808
_1557_,VGND,li1,91.3100,136.0000,0.000854
_1556_,VGND,li1,87.1700,136.0000,0.000809
_1555_,VGND,li1,87.8600,130.5600,0.000921
_1554_,VGND,li1,84.4100,130.5600,0.000881
_1553_,VGND,li1,80.0400,130.5600,0.000811
_1552_,VGND,li1,79.8100,141.4400,0.000673
_1551_,VGND,li1,76.8200,141.4400,0.000653
_1550_,VGND,li1,84.8700,141.4400,0.000717
_1549_,VGND,li1,81.4200,136.0000,0.000762
_1548_,VGND,li1,106.0300,157.7600,0.000740
_1547_,VGND,li1,100.9700,157.7600,0.000721
_1546_,VGND,li1,104.1900,163.2000,0.000882
_1545_,VGND,li1,101.4300,157.7600,0.000721
_1544_,VGND,li1,99.1300,152.3200,0.001058
_1543_,VGND,li1,87.1700,141.4400,0.000750
_1542_,VGND,li1,82.5700,136.0000,0.000762
_1541_,VGND,li1,78.4300,130.5600,0.000811
_1540_,VGND,li1,76.3600,130.5600,0.000786
_1538_,VGND,li1,65.5500,16.3200,0.000346
_1537_,VGND,li1,60.7200,16.3200,0.000312
_1534_,VGND,li1,77.9700,70.7200,0.000419
_1533_,VGND,li1,63.2500,141.4400,0.000516
_1532_,VGND,li1,81.6500,141.4400,0.000700
_1531_,VGND,li1,94.5300,152.3200,0.001017
_1530_,VGND,li1,89.9300,146.8800,0.000899
_1529_,VGND,li1,83.9500,146.8800,0.000846
_1528_,VGND,li1,76.5900,152.3200,0.000806
_1527_,VGND,li1,72.2200,146.8800,0.000714
_1526_,VGND,li1,77.9700,146.8800,0.000781
_1525_,VGND,li1,63.2500,146.8800,0.000598
_1524_,VGND,li1,59.3400,146.8800,0.000566
_1523_,VGND,li1,71.9900,146.8800,0.000714
_1522_,VGND,li1,57.0400,125.1200,0.000472
_1521_,VGND,li1,77.9700,146.8800,0.000781
_1520_,VGND,li1,48.0700,136.0000,0.000400
_1519_,VGND,li1,43.9300,130.5600,0.000389
_1518_,VGND,li1,40.0200,119.6800,0.000326
_1517_,VGND,li1,42.0900,136.0000,0.000330
_1516_,VGND,li1,35.6500,136.0000,0.000254
_1515_,VGND,li1,35.1900,130.5600,0.000259
_1514_,VGND,li1,41.1700,125.1200,0.000305
_1513_,VGND,li1,39.1000,130.5600,0.000327
_1512_,VGND,li1,53.5900,146.8800,0.000500
_1511_,VGND,li1,51.5200,141.4400,0.000398
_1510_,VGND,li1,67.8500,146.8800,0.000660
_1509_,VGND,li1,58.6500,152.3200,0.000586
_1508_,VGND,li1,95.9100,157.7600,0.000687
_1507_,VGND,li1,92.6900,157.7600,0.000667
_1506_,VGND,li1,107.4100,168.6400,0.000627
_1505_,VGND,li1,93.1500,168.6400,0.000572
_1504_,VGND,li1,93.6100,174.0800,0.000573
_1503_,VGND,li1,72.9100,168.6400,0.000455
_1502_,VGND,li1,68.7700,168.6400,0.000427
_1501_,VGND,li1,75.2100,174.0800,0.000461
_1500_,VGND,li1,92.6900,168.6400,0.000572
_1499_,VGND,li1,88.0900,163.2000,0.000752
_1498_,VGND,li1,80.7300,168.6400,0.000500
_1497_,VGND,li1,64.6300,168.6400,0.000400
_1496_,VGND,li1,77.5100,168.6400,0.000485
_1495_,VGND,li1,73.3700,163.2000,0.000607
_1494_,VGND,li1,68.7700,157.7600,0.000473
_1493_,VGND,li1,75.2100,168.6400,0.000470
_1492_,VGND,li1,65.5500,163.2000,0.000530
_1491_,VGND,li1,62.1000,157.7600,0.000429
_1490_,VGND,li1,71.0700,174.0800,0.000426
_1489_,VGND,li1,55.2000,168.6400,0.000333
_1488_,VGND,li1,65.5500,168.6400,0.000400
_1487_,VGND,li1,53.1300,157.7600,0.000354
_1486_,VGND,li1,48.5300,168.6400,0.000285
_1485_,VGND,li1,46.0000,163.2000,0.000340
_1484_,VGND,li1,41.1700,163.2000,0.000284
_1483_,VGND,li1,40.4800,163.2000,0.000284
_1482_,VGND,li1,47.6100,163.2000,0.000340
_1481_,VGND,li1,35.1900,157.7600,0.000192
_1480_,VGND,li1,35.1900,146.8800,0.000256
_1479_,VGND,li1,34.7300,163.2000,0.000210
_1478_,VGND,li1,29.4400,152.3200,0.000195
_1477_,VGND,li1,95.4500,163.2000,0.000817
_1476_,VGND,li1,89.9300,157.7600,0.000650
_1475_,VGND,li1,87.1700,157.7600,0.000621
_1474_,VGND,li1,84.8700,152.3200,0.000888
_1473_,VGND,li1,86.0200,157.7600,0.000621
_1472_,VGND,li1,80.2700,157.7600,0.000573
_1471_,VGND,li1,77.7400,163.2000,0.000638
_1469_,VGND,li1,68.3100,16.3200,0.000360
_1468_,VGND,li1,64.6300,21.7600,0.000224
_1467_,VGND,li1,61.1800,16.3200,0.000322
_1466_,VGND,li1,92.2300,157.7600,0.000667
_1465_,VGND,li1,69.6900,152.3200,0.000707
_1464_,VGND,li1,66.4700,141.4400,0.000543
_1463_,VGND,li1,69.6900,141.4400,0.000584
_1462_,VGND,li1,67.1600,146.8800,0.000660
_1460_,VGND,li1,63.2500,136.0000,0.000565
_1459_,VGND,li1,60.4900,141.4400,0.000488
_1458_,VGND,li1,60.7200,136.0000,0.000524
_1457_,VGND,li1,59.1100,136.0000,0.000524
_1456_,VGND,li1,57.2700,114.2400,0.000368
_1452_,VGND,li1,54.0500,136.0000,0.000452
_1451_,VGND,li1,53.5900,125.1200,0.000437
_1447_,VGND,li1,60.4900,152.3200,0.000609
_1446_,VGND,li1,55.4300,146.8800,0.000522
_1445_,VGND,li1,44.3900,146.8800,0.000376
_1444_,VGND,li1,39.1000,146.8800,0.000322
_1443_,VGND,li1,51.2900,141.4400,0.000398
_1442_,VGND,li1,28.2900,141.4400,0.000158
_1441_,VGND,li1,29.2100,136.0000,0.000177
_1440_,VGND,li1,44.8500,141.4400,0.000327
_1439_,VGND,li1,40.0200,136.0000,0.000292
_1438_,VGND,li1,50.3700,152.3200,0.000478
_1437_,VGND,li1,48.7600,146.8800,0.000433
_1436_,VGND,li1,90.8500,163.2000,0.000777
_1435_,VGND,li1,81.6500,163.2000,0.000687
_1434_,VGND,li1,86.2500,163.2000,0.000722
_1433_,VGND,li1,74.7500,157.7600,0.000533
_1432_,VGND,li1,69.9200,157.7600,0.000493
_1430_,VGND,li1,54.0500,27.2000,0.000266
_1429_,VGND,li1,51.7500,27.2000,0.000250
_1428_,VGND,li1,51.2900,27.2000,0.000250
_1426_,VGND,li1,56.3500,27.2000,0.000278
_1424_,VGND,li1,60.0300,10.8800,0.000063
_1423_,VGND,li1,76.5900,157.7600,0.000548
_1422_,VGND,li1,64.6300,157.7600,0.000450
_1421_,VGND,li1,59.8000,157.7600,0.000408
_1420_,VGND,li1,54.2800,65.2800,0.000419
_1419_,VGND,li1,53.1300,43.5200,0.000329
_1418_,VGND,li1,52.2100,54.4000,0.000327
_1416_,VGND,li1,47.6100,54.4000,0.000286
_1414_,VGND,li1,45.3100,21.7600,0.000150
_1413_,VGND,li1,72.9100,163.2000,0.000607
_1412_,VGND,li1,55.2000,163.2000,0.000432
_1411_,VGND,li1,50.1400,76.1600,0.000448
_1410_,VGND,li1,48.0700,65.2800,0.000356
_1409_,VGND,li1,46.2300,70.7200,0.000242
_1407_,VGND,li1,44.8500,65.2800,0.000308
_1406_,VGND,li1,82.5700,157.7600,0.000593
_1405_,VGND,li1,52.2100,152.3200,0.000503
_1404_,VGND,li1,44.3900,152.3200,0.000387
_1403_,VGND,li1,39.1000,152.3200,0.000319
_1402_,VGND,li1,48.0700,146.8800,0.000433
_1401_,VGND,li1,30.1300,141.4400,0.000178
_1400_,VGND,li1,29.2100,136.0000,0.000177
_1397_,VGND,li1,41.1700,141.4400,0.000289
_1396_,VGND,li1,36.3400,136.0000,0.000254
_1395_,VGND,li1,48.5300,157.7600,0.000315
_1394_,VGND,li1,47.3800,152.3200,0.000439
_1393_,VGND,li1,41.1700,157.7600,0.000239
_1392_,VGND,li1,40.0200,157.7600,0.000239
_1390_,VGND,li1,37.0300,97.9200,0.000392
_1389_,VGND,li1,39.3300,92.4800,0.000247
_1388_,VGND,li1,36.5700,92.4800,0.000227
_1386_,VGND,li1,31.9700,97.9200,0.000305
_1385_,VGND,li1,47.6100,157.7600,0.000297
_1384_,VGND,li1,34.7300,157.7600,0.000192
_1383_,VGND,li1,33.8100,146.8800,0.000256
_1381_,VGND,li1,27.3700,103.3600,0.000098
_1380_,VGND,li1,33.3500,108.8000,0.000199
_1379_,VGND,li1,24.3800,103.3600,0.000077
_1378_,VGND,li1,38.4100,152.3200,0.000319
_1377_,VGND,li1,33.5800,152.3200,0.000251
_1376_,VGND,li1,21.8500,108.8000,0.000108
_1375_,VGND,li1,128.5700,163.2000,0.000959
_1374_,VGND,li1,124.8900,114.2400,0.000790
_1373_,VGND,li1,128.5700,114.2400,0.000793
_1372_,VGND,li1,130.4100,119.6800,0.001176
_1370_,VGND,li1,125.8100,103.3600,0.000620
_1369_,VGND,li1,125.8100,108.8000,0.000887
_1368_,VGND,li1,32.2000,32.6400,0.000121
_1367_,VGND,li1,21.3900,38.0800,0.000098
_1366_,VGND,li1,25.7600,27.2000,0.000089
_1365_,VGND,li1,20.0100,27.2000,0.000076
_1364_,VGND,li1,23.0000,21.7600,0.000058
_1363_,VGND,li1,16.3300,27.2000,0.000077
_1362_,VGND,li1,33.5800,27.2000,0.000142
_1361_,VGND,li1,21.8500,27.2000,0.000074
_1360_,VGND,li1,29.4400,27.2000,0.000103
_1359_,VGND,li1,20.0100,21.7600,0.000060
_1358_,VGND,li1,36.8000,32.6400,0.000155
_1357_,VGND,li1,22.3100,32.6400,0.000078
_1356_,VGND,li1,23.9200,43.5200,0.000105
_1355_,VGND,li1,21.3900,38.0800,0.000098
_1354_,VGND,li1,40.0200,48.9600,0.000204
_1352_,VGND,li1,24.6100,54.4000,0.000098
_1351_,VGND,li1,34.5000,59.8400,0.000205
_1349_,VGND,li1,20.9300,54.4000,0.000101
_1347_,VGND,li1,28.9800,54.4000,0.000140
_1346_,VGND,li1,22.3100,54.4000,0.000099
_1344_,VGND,li1,29.4400,65.2800,0.000165
_1341_,VGND,li1,126.7300,97.9200,0.001482
_1340_,VGND,li1,22.3100,59.8400,0.000117
_1339_,VGND,li1,20.0100,43.5200,0.000108
_1336_,VGND,li1,24.8400,48.9600,0.000093
_1335_,VGND,li1,149.7300,27.2000,0.000609
_1334_,VGND,li1,149.5000,27.2000,0.000609
_1333_,VGND,li1,149.7300,32.6400,0.000502
_1332_,VGND,li1,149.2700,32.6400,0.000502
_1331_,VGND,li1,149.7300,43.5200,0.000719
_1330_,VGND,li1,149.5000,48.9600,0.000693
_1329_,VGND,li1,149.7300,54.4000,0.000789
_1328_,VGND,li1,149.7300,54.4000,0.000789
_1327_,VGND,li1,149.7300,59.8400,0.000859
_1326_,VGND,li1,149.7300,70.7200,0.000587
_1325_,VGND,li1,149.7300,70.7200,0.000587
_1324_,VGND,li1,149.7300,81.6000,0.000951
_1323_,VGND,li1,149.7300,81.6000,0.000951
_1322_,VGND,li1,150.1900,92.4800,0.000925
_1321_,VGND,li1,149.7300,97.9200,0.001516
_1320_,VGND,li1,149.2700,108.8000,0.000920
_1319_,VGND,li1,149.7300,119.6800,0.001188
_1318_,VGND,li1,149.5000,136.0000,0.001153
_1317_,VGND,li1,149.7300,136.0000,0.001153
_1316_,VGND,li1,145.5900,136.0000,0.001153
_1315_,VGND,li1,149.7300,141.4400,0.001007
_1314_,VGND,li1,149.7300,141.4400,0.001007
_1313_,VGND,li1,147.4300,168.6400,0.000676
_1312_,VGND,li1,141.4500,184.9600,0.000328
_1311_,VGND,li1,142.1400,179.5200,0.000512
_1310_,VGND,li1,147.8900,184.9600,0.000328
_1309_,VGND,li1,145.5900,179.5200,0.000512
_1308_,VGND,li1,140.5300,184.9600,0.000328
_1307_,VGND,li1,136.3900,184.9600,0.000328
_1306_,VGND,li1,17.7100,114.2400,0.000097
