
===========================================================================
report_checks -path_delay min (Hold)
============================================================================
======================= nom_ff_n40C_1v95 Corner ===================================

Startpoint: clear_acc (input port clocked by clk)
Endpoint: _2703_ (rising edge-triggered flip-flop clocked by clk)
Path Group: clk
Path Type: min

Fanout         Cap        Slew       Delay        Time   Description
---------------------------------------------------------------------------------------------
                                  0.000000    0.000000   clock clk (rise edge)
                                  0.000000    0.000000   clock network delay (propagated)
                                  0.020000    0.020000 v input external delay
     1    0.004104    0.006664    0.003425    0.023425 v clear_acc (in)
                                                         clear_acc (net)
                      0.006664    0.000000    0.023425 v hold604/A (sky130_fd_sc_hd__clkbuf_2)
     1    0.002633    0.016285    0.053884    0.077310 v hold604/X (sky130_fd_sc_hd__clkbuf_2)
                                                         net603 (net)
                      0.016285    0.000054    0.077363 v hold599/A (sky130_fd_sc_hd__clkbuf_2)
     1    0.002578    0.016196    0.057357    0.134720 v hold599/X (sky130_fd_sc_hd__clkbuf_2)
                                                         net598 (net)
                      0.016196    0.000075    0.134795 v hold605/A (sky130_fd_sc_hd__clkbuf_2)
     1    0.002047    0.015061    0.055819    0.190614 v hold605/X (sky130_fd_sc_hd__clkbuf_2)
                                                         net604 (net)
                      0.015061    0.000057    0.190670 v input341/A (sky130_fd_sc_hd__buf_2)
     1    0.003359    0.017798    0.066560    0.257230 v input341/X (sky130_fd_sc_hd__buf_2)
                                                         net341 (net)
                      0.017800    0.000079    0.257309 v hold600/A (sky130_fd_sc_hd__clkbuf_2)
     3    0.012636    0.039770    0.080971    0.338280 v hold600/X (sky130_fd_sc_hd__clkbuf_2)
                                                         net599 (net)
                      0.039773    0.000360    0.338640 v _2330_/A2 (sky130_fd_sc_hd__o21ai_2)
     3    0.009846    0.052304    0.107831    0.446471 ^ _2330_/Y (sky130_fd_sc_hd__o21ai_2)
                                                         _0320_ (net)
                      0.052304    0.000248    0.446720 ^ _2527_/B1 (sky130_fd_sc_hd__a32o_2)
     1    0.001963    0.021839    0.062652    0.509371 ^ _2527_/X (sky130_fd_sc_hd__a32o_2)
                                                         _0502_ (net)
                      0.021839    0.000039    0.509410 ^ _2528_/B (sky130_fd_sc_hd__and2_2)
     1    0.002147    0.022767    0.073784    0.583194 ^ _2528_/X (sky130_fd_sc_hd__and2_2)
                                                         _0503_ (net)
                      0.022767    0.000044    0.583237 ^ _2703_/D (sky130_fd_sc_hd__dfxtp_2)
                                              0.583237   data arrival time

                                  0.000000    0.000000   clock clk (rise edge)
                                  0.000000    0.000000   clock source latency
     1    0.029150    0.102106    0.070929    0.070929 ^ clk (in)
                                                         clk (net)
                      0.102141    0.000000    0.070929 ^ clkbuf_0_clk/A (sky130_fd_sc_hd__clkbuf_16)
    16    0.109385    0.096372    0.151639    0.222568 ^ clkbuf_0_clk/X (sky130_fd_sc_hd__clkbuf_16)
                                                         clknet_0_clk (net)
                      0.096789    0.005124    0.227692 ^ clkbuf_4_12_0_clk/A (sky130_fd_sc_hd__clkbuf_8)
     6    0.022809    0.041527    0.108954    0.336645 ^ clkbuf_4_12_0_clk/X (sky130_fd_sc_hd__clkbuf_8)
                                                         clknet_4_12_0_clk (net)
                      0.041530    0.000393    0.337038 ^ _2703_/CLK (sky130_fd_sc_hd__dfxtp_2)
                                  0.200000    0.537038   clock uncertainty
                                  0.000000    0.537038   clock reconvergence pessimism
                                 -0.016467    0.520571   library hold time
                                              0.520571   data required time
---------------------------------------------------------------------------------------------
                                              0.520571   data required time
                                             -0.583237   data arrival time
---------------------------------------------------------------------------------------------
                                              0.062666   slack (MET)


Startpoint: b_in[0] (input port clocked by clk)
Endpoint: _2638_ (rising edge-triggered flip-flop clocked by clk)
Path Group: clk
Path Type: min

Fanout         Cap        Slew       Delay        Time   Description
---------------------------------------------------------------------------------------------
                                  0.000000    0.000000   clock clk (rise edge)
                                  0.000000    0.000000   clock network delay (propagated)
                                  0.020000    0.020000 ^ input external delay
     1    0.004415    0.019686    0.011496    0.031496 ^ b_in[0] (in)
                                                         b_in[0] (net)
                      0.019687    0.000000    0.031496 ^ hold516/A (sky130_fd_sc_hd__clkbuf_2)
     1    0.002641    0.019829    0.054707    0.086203 ^ hold516/X (sky130_fd_sc_hd__clkbuf_2)
                                                         net515 (net)
                      0.019829    0.000076    0.086278 ^ hold444/A (sky130_fd_sc_hd__clkbuf_2)
     1    0.003848    0.024129    0.058642    0.144920 ^ hold444/X (sky130_fd_sc_hd__clkbuf_2)
                                                         net443 (net)
                      0.024129    0.000132    0.145052 ^ hold517/A (sky130_fd_sc_hd__clkbuf_2)
     1    0.001970    0.017501    0.053769    0.198821 ^ hold517/X (sky130_fd_sc_hd__clkbuf_2)
                                                         net516 (net)
                      0.017501    0.000037    0.198858 ^ input325/A (sky130_fd_sc_hd__buf_2)
     1    0.004411    0.024063    0.059075    0.257933 ^ input325/X (sky130_fd_sc_hd__buf_2)
                                                         net325 (net)
                      0.024064    0.000152    0.258085 ^ hold518/A (sky130_fd_sc_hd__clkbuf_2)
     1    0.005232    0.029296    0.063984    0.322070 ^ hold518/X (sky130_fd_sc_hd__clkbuf_2)
                                                         net517 (net)
                      0.029297    0.000192    0.322261 ^ hold445/A (sky130_fd_sc_hd__clkbuf_2)
     2    0.008075    0.040282    0.073533    0.395795 ^ hold445/X (sky130_fd_sc_hd__clkbuf_2)
                                                         net444 (net)
                      0.040282    0.000206    0.396000 ^ hold519/A (sky130_fd_sc_hd__clkbuf_2)
     2    0.007331    0.037417    0.074670    0.470670 ^ hold519/X (sky130_fd_sc_hd__clkbuf_2)
                                                         net518 (net)
                      0.037417    0.000181    0.470851 ^ _2574_/A2 (sky130_fd_sc_hd__o211a_2)
     1    0.002616    0.025258    0.091142    0.561994 ^ _2574_/X (sky130_fd_sc_hd__o211a_2)
                                                         _0065_ (net)
                      0.025258    0.000051    0.562044 ^ hold446/A (sky130_fd_sc_hd__clkbuf_2)
     1    0.002166    0.018187    0.054731    0.616775 ^ hold446/X (sky130_fd_sc_hd__clkbuf_2)
                                                         net445 (net)
                      0.018187    0.000063    0.616838 ^ _2638_/D (sky130_fd_sc_hd__dfxtp_2)
                                              0.616838   data arrival time

                                  0.000000    0.000000   clock clk (rise edge)
                                  0.000000    0.000000   clock source latency
     1    0.029150    0.102106    0.070929    0.070929 ^ clk (in)
                                                         clk (net)
                      0.102141    0.000000    0.070929 ^ clkbuf_0_clk/A (sky130_fd_sc_hd__clkbuf_16)
    16    0.109385    0.096372    0.151639    0.222568 ^ clkbuf_0_clk/X (sky130_fd_sc_hd__clkbuf_16)
                                                         clknet_0_clk (net)
                      0.096426    0.001914    0.224482 ^ clkbuf_4_11_0_clk/A (sky130_fd_sc_hd__clkbuf_8)
     7    0.036364    0.057214    0.121001    0.345484 ^ clkbuf_4_11_0_clk/X (sky130_fd_sc_hd__clkbuf_8)
                                                         clknet_4_11_0_clk (net)
                      0.057282    0.001741    0.347225 ^ _2638_/CLK (sky130_fd_sc_hd__dfxtp_2)
                                  0.200000    0.547225   clock uncertainty
                                  0.000000    0.547225   clock reconvergence pessimism
                                 -0.015770    0.531455   library hold time
                                              0.531455   data required time
---------------------------------------------------------------------------------------------
                                              0.531455   data required time
                                             -0.616838   data arrival time
---------------------------------------------------------------------------------------------
                                              0.085383   slack (MET)


Startpoint: a_in[0] (input port clocked by clk)
Endpoint: _2622_ (rising edge-triggered flip-flop clocked by clk)
Path Group: clk
Path Type: min

Fanout         Cap        Slew       Delay        Time   Description
---------------------------------------------------------------------------------------------
                                  0.000000    0.000000   clock clk (rise edge)
                                  0.000000    0.000000   clock network delay (propagated)
                                  0.020000    0.020000 ^ input external delay
     1    0.008223    0.032510    0.020804    0.040804 ^ a_in[0] (in)
                                                         a_in[0] (net)
                      0.032511    0.000000    0.040804 ^ hold612/A (sky130_fd_sc_hd__clkbuf_2)
     1    0.002505    0.019407    0.057978    0.098782 ^ hold612/X (sky130_fd_sc_hd__clkbuf_2)
                                                         net611 (net)
                      0.019407    0.000048    0.098830 ^ hold414/A (sky130_fd_sc_hd__clkbuf_2)
     1    0.008139    0.040460    0.070866    0.169696 ^ hold414/X (sky130_fd_sc_hd__clkbuf_2)
                                                         net413 (net)
                      0.040462    0.000341    0.170037 ^ hold613/A (sky130_fd_sc_hd__clkbuf_2)
     1    0.001955    0.017527    0.058550    0.228587 ^ hold613/X (sky130_fd_sc_hd__clkbuf_2)
                                                         net612 (net)
                      0.017527    0.000037    0.228624 ^ input309/A (sky130_fd_sc_hd__buf_2)
     1    0.004188    0.023357    0.058430    0.287055 ^ input309/X (sky130_fd_sc_hd__buf_2)
                                                         net309 (net)
                      0.023358    0.000141    0.287196 ^ hold614/A (sky130_fd_sc_hd__clkbuf_2)
     1    0.004088    0.025013    0.060370    0.347566 ^ hold614/X (sky130_fd_sc_hd__clkbuf_2)
                                                         net613 (net)
                      0.025014    0.000170    0.347736 ^ hold415/A (sky130_fd_sc_hd__clkbuf_2)
     2    0.007854    0.039418    0.071660    0.419396 ^ hold415/X (sky130_fd_sc_hd__clkbuf_2)
                                                         net414 (net)
                      0.039418    0.000164    0.419560 ^ hold615/A (sky130_fd_sc_hd__clkbuf_2)
     1    0.003227    0.021950    0.062333    0.481893 ^ hold615/X (sky130_fd_sc_hd__clkbuf_2)
                                                         net614 (net)
                      0.021952    0.000094    0.481987 ^ _2533_/A2 (sky130_fd_sc_hd__o211a_2)
     1    0.003028    0.026779    0.090092    0.572079 ^ _2533_/X (sky130_fd_sc_hd__o211a_2)
                                                         _0049_ (net)
                      0.026779    0.000090    0.572169 ^ hold416/A (sky130_fd_sc_hd__clkbuf_2)
     1    0.002191    0.018281    0.055262    0.627431 ^ hold416/X (sky130_fd_sc_hd__clkbuf_2)
                                                         net415 (net)
                      0.018281    0.000062    0.627493 ^ _2622_/D (sky130_fd_sc_hd__dfxtp_2)
                                              0.627493   data arrival time

                                  0.000000    0.000000   clock clk (rise edge)
                                  0.000000    0.000000   clock source latency
     1    0.029150    0.102106    0.070929    0.070929 ^ clk (in)
                                                         clk (net)
                      0.102141    0.000000    0.070929 ^ clkbuf_0_clk/A (sky130_fd_sc_hd__clkbuf_16)
    16    0.109385    0.096372    0.151639    0.222568 ^ clkbuf_0_clk/X (sky130_fd_sc_hd__clkbuf_16)
                                                         clknet_0_clk (net)
                      0.096426    0.001914    0.224482 ^ clkbuf_4_11_0_clk/A (sky130_fd_sc_hd__clkbuf_8)
     7    0.036364    0.057214    0.121001    0.345484 ^ clkbuf_4_11_0_clk/X (sky130_fd_sc_hd__clkbuf_8)
                                                         clknet_4_11_0_clk (net)
                      0.057273    0.001636    0.347120 ^ _2622_/CLK (sky130_fd_sc_hd__dfxtp_2)
                                  0.200000    0.547120   clock uncertainty
                                  0.000000    0.547120   clock reconvergence pessimism
                                 -0.015776    0.531343   library hold time
                                              0.531343   data required time
---------------------------------------------------------------------------------------------
                                              0.531343   data required time
                                             -0.627493   data arrival time
---------------------------------------------------------------------------------------------
                                              0.096149   slack (MET)


Startpoint: compute_enable (input port clocked by clk)
Endpoint: _2670_ (rising edge-triggered flip-flop clocked by clk)
Path Group: clk
Path Type: min

Fanout         Cap        Slew       Delay        Time   Description
---------------------------------------------------------------------------------------------
                                  0.000000    0.000000   clock clk (rise edge)
                                  0.000000    0.000000   clock network delay (propagated)
                                  0.020000    0.020000 v input external delay
     1    0.004648    0.007623    0.003931    0.023931 v compute_enable (in)
                                                         compute_enable (net)
                      0.007629    0.000000    0.023931 v hold677/A (sky130_fd_sc_hd__clkbuf_2)
     1    0.003716    0.018743    0.057310    0.081242 v hold677/X (sky130_fd_sc_hd__clkbuf_2)
                                                         net676 (net)
                      0.018744    0.000123    0.081364 v hold591/A (sky130_fd_sc_hd__clkbuf_2)
     1    0.004363    0.020332    0.063328    0.144692 v hold591/X (sky130_fd_sc_hd__clkbuf_2)
                                                         net590 (net)
                      0.020333    0.000153    0.144846 v hold678/A (sky130_fd_sc_hd__clkbuf_2)
     1    0.002779    0.016636    0.059462    0.204308 v hold678/X (sky130_fd_sc_hd__clkbuf_2)
                                                         net677 (net)
                      0.016638    0.000061    0.204369 v input342/A (sky130_fd_sc_hd__buf_2)
     1    0.005946    0.021968    0.072610    0.276978 v input342/X (sky130_fd_sc_hd__buf_2)
                                                         net342 (net)
                      0.021969    0.000225    0.277203 v hold592/A (sky130_fd_sc_hd__clkbuf_2)
     1    0.004931    0.021625    0.065875    0.343078 v hold592/X (sky130_fd_sc_hd__clkbuf_2)
                                                         net591 (net)
                      0.021627    0.000200    0.343278 v _1373_/A1_N (sky130_fd_sc_hd__o2bb2a_2)
     1    0.002781    0.023404    0.127961    0.471239 ^ _1373_/X (sky130_fd_sc_hd__o2bb2a_2)
                                                         _0598_ (net)
                      0.023550    0.000080    0.471319 ^ hold593/A (sky130_fd_sc_hd__clkbuf_2)
     1    0.005347    0.029744    0.064188    0.535507 ^ hold593/X (sky130_fd_sc_hd__clkbuf_2)
                                                         net592 (net)
                      0.029744    0.000111    0.535618 ^ _1374_/B (sky130_fd_sc_hd__nor2_2)
     1    0.002395    0.011312    0.015801    0.551419 v _1374_/Y (sky130_fd_sc_hd__nor2_2)
                                                         _0015_ (net)
                      0.011312    0.000046    0.551466 v hold594/A (sky130_fd_sc_hd__clkbuf_2)
     1    0.002992    0.017088    0.056649    0.608115 v hold594/X (sky130_fd_sc_hd__clkbuf_2)
                                                         net593 (net)
                      0.017088    0.000095    0.608210 v _2670_/D (sky130_fd_sc_hd__dfxtp_2)
                                              0.608210   data arrival time

                                  0.000000    0.000000   clock clk (rise edge)
                                  0.000000    0.000000   clock source latency
     1    0.029150    0.102106    0.070929    0.070929 ^ clk (in)
                                                         clk (net)
                      0.102141    0.000000    0.070929 ^ clkbuf_0_clk/A (sky130_fd_sc_hd__clkbuf_16)
    16    0.109385    0.096372    0.151639    0.222568 ^ clkbuf_0_clk/X (sky130_fd_sc_hd__clkbuf_16)
                                                         clknet_0_clk (net)
                      0.096647    0.004198    0.226766 ^ clkbuf_4_8_0_clk/A (sky130_fd_sc_hd__clkbuf_8)
     6    0.025079    0.043790    0.111126    0.337891 ^ clkbuf_4_8_0_clk/X (sky130_fd_sc_hd__clkbuf_8)
                                                         clknet_4_8_0_clk (net)
                      0.043828    0.001117    0.339009 ^ _2670_/CLK (sky130_fd_sc_hd__dfxtp_2)
                                  0.200000    0.539009   clock uncertainty
                                  0.000000    0.539009   clock reconvergence pessimism
                                 -0.028768    0.510241   library hold time
                                              0.510241   data required time
---------------------------------------------------------------------------------------------
                                              0.510241   data required time
                                             -0.608210   data arrival time
---------------------------------------------------------------------------------------------
                                              0.097969   slack (MET)


Startpoint: b_in[0] (input port clocked by clk)
Endpoint: _2655_ (rising edge-triggered flip-flop clocked by clk)
Path Group: clk
Path Type: min

Fanout         Cap        Slew       Delay        Time   Description
---------------------------------------------------------------------------------------------
                                  0.000000    0.000000   clock clk (rise edge)
                                  0.000000    0.000000   clock network delay (propagated)
                                  0.020000    0.020000 ^ input external delay
     1    0.004415    0.019686    0.011496    0.031496 ^ b_in[0] (in)
                                                         b_in[0] (net)
                      0.019687    0.000000    0.031496 ^ hold516/A (sky130_fd_sc_hd__clkbuf_2)
     1    0.002641    0.019829    0.054707    0.086203 ^ hold516/X (sky130_fd_sc_hd__clkbuf_2)
                                                         net515 (net)
                      0.019829    0.000076    0.086278 ^ hold444/A (sky130_fd_sc_hd__clkbuf_2)
     1    0.003848    0.024129    0.058642    0.144920 ^ hold444/X (sky130_fd_sc_hd__clkbuf_2)
                                                         net443 (net)
                      0.024129    0.000132    0.145052 ^ hold517/A (sky130_fd_sc_hd__clkbuf_2)
     1    0.001970    0.017501    0.053769    0.198821 ^ hold517/X (sky130_fd_sc_hd__clkbuf_2)
                                                         net516 (net)
                      0.017501    0.000037    0.198858 ^ input325/A (sky130_fd_sc_hd__buf_2)
     1    0.004411    0.024063    0.059075    0.257933 ^ input325/X (sky130_fd_sc_hd__buf_2)
                                                         net325 (net)
                      0.024064    0.000152    0.258085 ^ hold518/A (sky130_fd_sc_hd__clkbuf_2)
     1    0.005232    0.029296    0.063984    0.322070 ^ hold518/X (sky130_fd_sc_hd__clkbuf_2)
                                                         net517 (net)
                      0.029297    0.000192    0.322261 ^ hold445/A (sky130_fd_sc_hd__clkbuf_2)
     2    0.008075    0.040282    0.073533    0.395795 ^ hold445/X (sky130_fd_sc_hd__clkbuf_2)
                                                         net444 (net)
                      0.040282    0.000206    0.396000 ^ hold519/A (sky130_fd_sc_hd__clkbuf_2)
     2    0.007331    0.037417    0.074670    0.470670 ^ hold519/X (sky130_fd_sc_hd__clkbuf_2)
                                                         net518 (net)
                      0.037417    0.000170    0.470840 ^ _2613_/A1 (sky130_fd_sc_hd__o211a_2)
     1    0.003114    0.027129    0.098842    0.569682 ^ _2613_/X (sky130_fd_sc_hd__o211a_2)
                                                         _0082_ (net)
                      0.027129    0.000094    0.569775 ^ hold520/A (sky130_fd_sc_hd__clkbuf_2)
     1    0.002045    0.017778    0.054895    0.624670 ^ hold520/X (sky130_fd_sc_hd__clkbuf_2)
                                                         net519 (net)
                      0.017778    0.000058    0.624728 ^ _2655_/D (sky130_fd_sc_hd__dfxtp_2)
                                              0.624728   data arrival time

                                  0.000000    0.000000   clock clk (rise edge)
                                  0.000000    0.000000   clock source latency
     1    0.029150    0.102106    0.070929    0.070929 ^ clk (in)
                                                         clk (net)
                      0.102141    0.000000    0.070929 ^ clkbuf_0_clk/A (sky130_fd_sc_hd__clkbuf_16)
    16    0.109385    0.096372    0.151639    0.222568 ^ clkbuf_0_clk/X (sky130_fd_sc_hd__clkbuf_16)
                                                         clknet_0_clk (net)
                      0.096932    0.005910    0.228478 ^ clkbuf_4_2_0_clk/A (sky130_fd_sc_hd__clkbuf_8)
     6    0.021574    0.040107    0.107662    0.336140 ^ clkbuf_4_2_0_clk/X (sky130_fd_sc_hd__clkbuf_8)
                                                         clknet_4_2_0_clk (net)
                      0.040127    0.000816    0.336955 ^ _2655_/CLK (sky130_fd_sc_hd__dfxtp_2)
                                  0.200000    0.536955   clock uncertainty
                                  0.000000    0.536955   clock reconvergence pessimism
                                 -0.016148    0.520808   library hold time
                                              0.520808   data required time
---------------------------------------------------------------------------------------------
                                              0.520808   data required time
                                             -0.624728   data arrival time
---------------------------------------------------------------------------------------------
                                              0.103920   slack (MET)


Startpoint: enable (input port clocked by clk)
Endpoint: _2687_ (rising edge-triggered flip-flop clocked by clk)
Path Group: clk
Path Type: min

Fanout         Cap        Slew       Delay        Time   Description
---------------------------------------------------------------------------------------------
                                  0.000000    0.000000   clock clk (rise edge)
                                  0.000000    0.000000   clock network delay (propagated)
                                  0.020000    0.020000 ^ input external delay
     1    0.004294    0.019258    0.011175    0.031175 ^ enable (in)
                                                         enable (net)
                      0.019258    0.000000    0.031175 ^ hold606/A (sky130_fd_sc_hd__clkbuf_2)
     1    0.002684    0.019978    0.054730    0.085905 ^ hold606/X (sky130_fd_sc_hd__clkbuf_2)
                                                         net605 (net)
                      0.019978    0.000078    0.085983 ^ hold595/A (sky130_fd_sc_hd__clkbuf_2)
     1    0.002477    0.019263    0.054266    0.140249 ^ hold595/X (sky130_fd_sc_hd__clkbuf_2)
                                                         net594 (net)
                      0.019263    0.000048    0.140296 ^ hold607/A (sky130_fd_sc_hd__clkbuf_2)
     1    0.002373    0.018898    0.053734    0.194031 ^ hold607/X (sky130_fd_sc_hd__clkbuf_2)
                                                         net606 (net)
                      0.018898    0.000048    0.194079 ^ input343/A (sky130_fd_sc_hd__buf_2)
     2    0.022315    0.085749    0.103725    0.297804 ^ input343/X (sky130_fd_sc_hd__buf_2)
                                                         net343 (net)
                      0.085814    0.001915    0.299719 ^ hold596/A (sky130_fd_sc_hd__clkbuf_2)
     3    0.029830    0.127360    0.146437    0.446156 ^ hold596/X (sky130_fd_sc_hd__clkbuf_2)
                                                         net595 (net)
                      0.127409    0.002036    0.448192 ^ _2328_/A1 (sky130_fd_sc_hd__o22a_2)
     1    0.005315    0.028132    0.100018    0.548210 ^ _2328_/X (sky130_fd_sc_hd__o22a_2)
                                                         _0319_ (net)
                      0.028132    0.000158    0.548368 ^ _2329_/B (sky130_fd_sc_hd__nor2_2)
     1    0.002942    0.011632    0.016649    0.565017 v _2329_/Y (sky130_fd_sc_hd__nor2_2)
                                                         _0032_ (net)
                      0.011632    0.000088    0.565105 v hold405/A (sky130_fd_sc_hd__clkbuf_2)
     1    0.002171    0.015320    0.054443    0.619547 v hold405/X (sky130_fd_sc_hd__clkbuf_2)
                                                         net404 (net)
                      0.015320    0.000061    0.619609 v _2687_/D (sky130_fd_sc_hd__dfxtp_2)
                                              0.619609   data arrival time

                                  0.000000    0.000000   clock clk (rise edge)
                                  0.000000    0.000000   clock source latency
     1    0.029150    0.102106    0.070929    0.070929 ^ clk (in)
                                                         clk (net)
                      0.102141    0.000000    0.070929 ^ clkbuf_0_clk/A (sky130_fd_sc_hd__clkbuf_16)
    16    0.109385    0.096372    0.151639    0.222568 ^ clkbuf_0_clk/X (sky130_fd_sc_hd__clkbuf_16)
                                                         clknet_0_clk (net)
                      0.096647    0.004198    0.226766 ^ clkbuf_4_8_0_clk/A (sky130_fd_sc_hd__clkbuf_8)
     6    0.025079    0.043790    0.111126    0.337891 ^ clkbuf_4_8_0_clk/X (sky130_fd_sc_hd__clkbuf_8)
                                                         clknet_4_8_0_clk (net)
                      0.043824    0.001067    0.338958 ^ _2687_/CLK (sky130_fd_sc_hd__dfxtp_2)
                                  0.200000    0.538958   clock uncertainty
                                  0.000000    0.538958   clock reconvergence pessimism
                                 -0.028180    0.510778   library hold time
                                              0.510778   data required time
---------------------------------------------------------------------------------------------
                                              0.510778   data required time
                                             -0.619609   data arrival time
---------------------------------------------------------------------------------------------
                                              0.108831   slack (MET)


Startpoint: _2680_ (rising edge-triggered flip-flop clocked by clk)
Endpoint: _2680_ (rising edge-triggered flip-flop clocked by clk)
Path Group: clk
Path Type: min

Fanout         Cap        Slew       Delay        Time   Description
---------------------------------------------------------------------------------------------
                                  0.000000    0.000000   clock clk (rise edge)
                                  0.000000    0.000000   clock source latency
     1    0.029150    0.102106    0.070929    0.070929 ^ clk (in)
                                                         clk (net)
                      0.102141    0.000000    0.070929 ^ clkbuf_0_clk/A (sky130_fd_sc_hd__clkbuf_16)
    16    0.109385    0.096372    0.151639    0.222568 ^ clkbuf_0_clk/X (sky130_fd_sc_hd__clkbuf_16)
                                                         clknet_0_clk (net)
                      0.096647    0.004198    0.226766 ^ clkbuf_4_8_0_clk/A (sky130_fd_sc_hd__clkbuf_8)
     6    0.025079    0.043790    0.111126    0.337891 ^ clkbuf_4_8_0_clk/X (sky130_fd_sc_hd__clkbuf_8)
                                                         clknet_4_8_0_clk (net)
                      0.043791    0.000361    0.338253 ^ _2680_/CLK (sky130_fd_sc_hd__dfxtp_2)
     3    0.015557    0.035546    0.217437    0.555690 v _2680_/Q (sky130_fd_sc_hd__dfxtp_2)
                                                         r3_prod_mant[9] (net)
                      0.035546    0.000306    0.555995 v _2160_/B (sky130_fd_sc_hd__nand2_2)
     1    0.004918    0.035132    0.047076    0.603071 ^ _2160_/Y (sky130_fd_sc_hd__nand2_2)
                                                         _0158_ (net)
                      0.035132    0.000099    0.603170 ^ _2191_/A1 (sky130_fd_sc_hd__a21oi_2)
     1    0.002150    0.018119    0.023098    0.626268 v _2191_/Y (sky130_fd_sc_hd__a21oi_2)
                                                         _0025_ (net)
                      0.018119    0.000060    0.626328 v _2680_/D (sky130_fd_sc_hd__dfxtp_2)
                                              0.626328   data arrival time

                                  0.000000    0.000000   clock clk (rise edge)
                                  0.000000    0.000000   clock source latency
     1    0.029150    0.102106    0.070929    0.070929 ^ clk (in)
                                                         clk (net)
                      0.102141    0.000000    0.070929 ^ clkbuf_0_clk/A (sky130_fd_sc_hd__clkbuf_16)
    16    0.109385    0.096372    0.151639    0.222568 ^ clkbuf_0_clk/X (sky130_fd_sc_hd__clkbuf_16)
                                                         clknet_0_clk (net)
                      0.096647    0.004198    0.226766 ^ clkbuf_4_8_0_clk/A (sky130_fd_sc_hd__clkbuf_8)
     6    0.025079    0.043790    0.111126    0.337891 ^ clkbuf_4_8_0_clk/X (sky130_fd_sc_hd__clkbuf_8)
                                                         clknet_4_8_0_clk (net)
                      0.043791    0.000361    0.338253 ^ _2680_/CLK (sky130_fd_sc_hd__dfxtp_2)
                                  0.200000    0.538253   clock uncertainty
                                  0.000000    0.538253   clock reconvergence pessimism
                                 -0.029115    0.509137   library hold time
                                              0.509137   data required time
---------------------------------------------------------------------------------------------
                                              0.509137   data required time
                                             -0.626328   data arrival time
---------------------------------------------------------------------------------------------
                                              0.117191   slack (MET)


Startpoint: a_in[9] (input port clocked by clk)
Endpoint: _2631_ (rising edge-triggered flip-flop clocked by clk)
Path Group: clk
Path Type: min

Fanout         Cap        Slew       Delay        Time   Description
---------------------------------------------------------------------------------------------
                                  0.000000    0.000000   clock clk (rise edge)
                                  0.000000    0.000000   clock network delay (propagated)
                                  0.020000    0.020000 ^ input external delay
     1    0.008982    0.035092    0.022774    0.042774 ^ a_in[9] (in)
                                                         a_in[9] (net)
                      0.035098    0.000000    0.042774 ^ hold660/A (sky130_fd_sc_hd__clkbuf_2)
     1    0.004449    0.026391    0.064995    0.107769 ^ hold660/X (sky130_fd_sc_hd__clkbuf_2)
                                                         net659 (net)
                      0.026392    0.000152    0.107922 ^ hold471/A (sky130_fd_sc_hd__clkbuf_2)
     1    0.005362    0.029801    0.065045    0.172967 ^ hold471/X (sky130_fd_sc_hd__clkbuf_2)
                                                         net470 (net)
                      0.029801    0.000164    0.173131 ^ hold661/A (sky130_fd_sc_hd__clkbuf_2)
     1    0.002922    0.020844    0.058519    0.231650 ^ hold661/X (sky130_fd_sc_hd__clkbuf_2)
                                                         net660 (net)
                      0.020844    0.000084    0.231734 ^ input324/A (sky130_fd_sc_hd__buf_2)
     1    0.004001    0.022764    0.058813    0.290547 ^ input324/X (sky130_fd_sc_hd__buf_2)
                                                         net324 (net)
                      0.022764    0.000131    0.290678 ^ hold662/A (sky130_fd_sc_hd__clkbuf_2)
     1    0.002980    0.021015    0.056638    0.347316 ^ hold662/X (sky130_fd_sc_hd__clkbuf_2)
                                                         net661 (net)
                      0.021015    0.000085    0.347401 ^ hold472/A (sky130_fd_sc_hd__clkbuf_2)
     2    0.007934    0.039719    0.070773    0.418175 ^ hold472/X (sky130_fd_sc_hd__clkbuf_2)
                                                         net471 (net)
                      0.039719    0.000163    0.418338 ^ hold663/A (sky130_fd_sc_hd__clkbuf_2)
     1    0.002917    0.020870    0.061423    0.479761 ^ hold663/X (sky130_fd_sc_hd__clkbuf_2)
                                                         net662 (net)
                      0.020870    0.000083    0.479844 ^ _2554_/A2 (sky130_fd_sc_hd__o211a_2)
     1    0.004510    0.032606    0.095833    0.575677 ^ _2554_/X (sky130_fd_sc_hd__o211a_2)
                                                         _0058_ (net)
                      0.032606    0.000155    0.575832 ^ hold473/A (sky130_fd_sc_hd__clkbuf_2)
     1    0.003765    0.023864    0.062058    0.637890 ^ hold473/X (sky130_fd_sc_hd__clkbuf_2)
                                                         net472 (net)
                      0.023865    0.000127    0.638018 ^ _2631_/D (sky130_fd_sc_hd__dfxtp_2)
                                              0.638018   data arrival time

                                  0.000000    0.000000   clock clk (rise edge)
                                  0.000000    0.000000   clock source latency
     1    0.029150    0.102106    0.070929    0.070929 ^ clk (in)
                                                         clk (net)
                      0.102141    0.000000    0.070929 ^ clkbuf_0_clk/A (sky130_fd_sc_hd__clkbuf_16)
    16    0.109385    0.096372    0.151639    0.222568 ^ clkbuf_0_clk/X (sky130_fd_sc_hd__clkbuf_16)
                                                         clknet_0_clk (net)
                      0.097415    0.007996    0.230563 ^ clkbuf_4_7_0_clk/A (sky130_fd_sc_hd__clkbuf_8)
     6    0.020276    0.038616    0.106530    0.337093 ^ clkbuf_4_7_0_clk/X (sky130_fd_sc_hd__clkbuf_8)
                                                         clknet_4_7_0_clk (net)
                      0.038617    0.000220    0.337313 ^ _2631_/CLK (sky130_fd_sc_hd__dfxtp_2)
                                  0.200000    0.537313   clock uncertainty
                                  0.000000    0.537313   clock reconvergence pessimism
                                 -0.016614    0.520699   library hold time
                                              0.520699   data required time
---------------------------------------------------------------------------------------------
                                              0.520699   data required time
                                             -0.638018   data arrival time
---------------------------------------------------------------------------------------------
                                              0.117319   slack (MET)


Startpoint: _2678_ (rising edge-triggered flip-flop clocked by clk)
Endpoint: _2678_ (rising edge-triggered flip-flop clocked by clk)
Path Group: clk
Path Type: min

Fanout         Cap        Slew       Delay        Time   Description
---------------------------------------------------------------------------------------------
                                  0.000000    0.000000   clock clk (rise edge)
                                  0.000000    0.000000   clock source latency
     1    0.029150    0.102106    0.070929    0.070929 ^ clk (in)
                                                         clk (net)
                      0.102141    0.000000    0.070929 ^ clkbuf_0_clk/A (sky130_fd_sc_hd__clkbuf_16)
    16    0.109385    0.096372    0.151639    0.222568 ^ clkbuf_0_clk/X (sky130_fd_sc_hd__clkbuf_16)
                                                         clknet_0_clk (net)
                      0.096426    0.001914    0.224482 ^ clkbuf_4_11_0_clk/A (sky130_fd_sc_hd__clkbuf_8)
     7    0.036364    0.057214    0.121001    0.345484 ^ clkbuf_4_11_0_clk/X (sky130_fd_sc_hd__clkbuf_8)
                                                         clknet_4_11_0_clk (net)
                      0.057227    0.000881    0.346365 ^ _2678_/CLK (sky130_fd_sc_hd__dfxtp_2)
     3    0.015841    0.035905    0.221708    0.568073 v _2678_/Q (sky130_fd_sc_hd__dfxtp_2)
                                                         r3_prod_mant[7] (net)
                      0.035905    0.000237    0.568310 v _2081_/B (sky130_fd_sc_hd__nand2_2)
     1    0.005082    0.035699    0.047651    0.615961 ^ _2081_/Y (sky130_fd_sc_hd__nand2_2)
                                                         _1298_ (net)
                      0.035699    0.000105    0.616065 ^ _2121_/A1 (sky130_fd_sc_hd__a21oi_2)
     1    0.002222    0.017208    0.023344    0.639410 v _2121_/Y (sky130_fd_sc_hd__a21oi_2)
                                                         _0023_ (net)
                      0.017208    0.000063    0.639473 v _2678_/D (sky130_fd_sc_hd__dfxtp_2)
                                              0.639473   data arrival time

                                  0.000000    0.000000   clock clk (rise edge)
                                  0.000000    0.000000   clock source latency
     1    0.029150    0.102106    0.070929    0.070929 ^ clk (in)
                                                         clk (net)
                      0.102141    0.000000    0.070929 ^ clkbuf_0_clk/A (sky130_fd_sc_hd__clkbuf_16)
    16    0.109385    0.096372    0.151639    0.222568 ^ clkbuf_0_clk/X (sky130_fd_sc_hd__clkbuf_16)
                                                         clknet_0_clk (net)
                      0.096426    0.001914    0.224482 ^ clkbuf_4_11_0_clk/A (sky130_fd_sc_hd__clkbuf_8)
     7    0.036364    0.057214    0.121001    0.345484 ^ clkbuf_4_11_0_clk/X (sky130_fd_sc_hd__clkbuf_8)
                                                         clknet_4_11_0_clk (net)
                      0.057227    0.000881    0.346365 ^ _2678_/CLK (sky130_fd_sc_hd__dfxtp_2)
                                  0.200000    0.546365   clock uncertainty
                                  0.000000    0.546365   clock reconvergence pessimism
                                 -0.027491    0.518874   library hold time
                                              0.518874   data required time
---------------------------------------------------------------------------------------------
                                              0.518874   data required time
                                             -0.639473   data arrival time
---------------------------------------------------------------------------------------------
                                              0.120598   slack (MET)


Startpoint: reset (input port clocked by clk)
Endpoint: _2688_ (rising edge-triggered flip-flop clocked by clk)
Path Group: clk
Path Type: min

Fanout         Cap        Slew       Delay        Time   Description
---------------------------------------------------------------------------------------------
                                  0.000000    0.000000   clock clk (rise edge)
                                  0.000000    0.000000   clock network delay (propagated)
                                  0.020000    0.020000 ^ input external delay
     1    0.004912    0.021414    0.012777    0.032777 ^ reset (in)
                                                         reset (net)
                      0.021415    0.000000    0.032777 ^ hold406/A (sky130_fd_sc_hd__clkbuf_2)
     1    0.002561    0.019556    0.054926    0.087703 ^ hold406/X (sky130_fd_sc_hd__clkbuf_2)
                                                         net405 (net)
                      0.019557    0.000050    0.087753 ^ hold403/A (sky130_fd_sc_hd__clkbuf_2)
     1    0.002849    0.020555    0.055346    0.143099 ^ hold403/X (sky130_fd_sc_hd__clkbuf_2)
                                                         net402 (net)
                      0.020556    0.000084    0.143183 ^ hold407/A (sky130_fd_sc_hd__clkbuf_2)
     1    0.003611    0.023265    0.058086    0.201270 ^ hold407/X (sky130_fd_sc_hd__clkbuf_2)
                                                         net406 (net)
                      0.023265    0.000110    0.201380 ^ input345/A (sky130_fd_sc_hd__buf_2)
     1    0.005904    0.028920    0.064611    0.265991 ^ input345/X (sky130_fd_sc_hd__buf_2)
                                                         net345 (net)
                      0.028921    0.000227    0.266218 ^ hold408/A (sky130_fd_sc_hd__clkbuf_2)
     1    0.004791    0.027645    0.064168    0.330386 ^ hold408/X (sky130_fd_sc_hd__clkbuf_2)
                                                         net407 (net)
                      0.027646    0.000179    0.330565 ^ hold404/A (sky130_fd_sc_hd__clkbuf_2)
     2    0.019940    0.087334    0.105383    0.435948 ^ hold404/X (sky130_fd_sc_hd__clkbuf_2)
                                                         net403 (net)
                      0.087354    0.001076    0.437023 ^ hold409/A (sky130_fd_sc_hd__clkbuf_2)
     2    0.017028    0.075825    0.112834    0.549857 ^ hold409/X (sky130_fd_sc_hd__clkbuf_2)
                                                         net408 (net)
                      0.075830    0.000695    0.550552 ^ _2446_/A (sky130_fd_sc_hd__nor2_2)
     1    0.002940    0.015882    0.024499    0.575052 v _2446_/Y (sky130_fd_sc_hd__nor2_2)
                                                         _0033_ (net)
                      0.015882    0.000090    0.575142 v hold410/A (sky130_fd_sc_hd__clkbuf_2)
     1    0.002188    0.015359    0.056097    0.631239 v hold410/X (sky130_fd_sc_hd__clkbuf_2)
                                                         net409 (net)
                      0.015359    0.000063    0.631302 v _2688_/D (sky130_fd_sc_hd__dfxtp_2)
                                              0.631302   data arrival time

                                  0.000000    0.000000   clock clk (rise edge)
                                  0.000000    0.000000   clock source latency
     1    0.029150    0.102106    0.070929    0.070929 ^ clk (in)
                                                         clk (net)
                      0.102141    0.000000    0.070929 ^ clkbuf_0_clk/A (sky130_fd_sc_hd__clkbuf_16)
    16    0.109385    0.096372    0.151639    0.222568 ^ clkbuf_0_clk/X (sky130_fd_sc_hd__clkbuf_16)
                                                         clknet_0_clk (net)
                      0.096853    0.005492    0.228060 ^ clkbuf_4_14_0_clk/A (sky130_fd_sc_hd__clkbuf_8)
     6    0.023593    0.042315    0.109631    0.337691 ^ clkbuf_4_14_0_clk/X (sky130_fd_sc_hd__clkbuf_8)
                                                         clknet_4_14_0_clk (net)
                      0.042333    0.000817    0.338508 ^ _2688_/CLK (sky130_fd_sc_hd__dfxtp_2)
                                  0.200000    0.538508   clock uncertainty
                                  0.000000    0.538508   clock reconvergence pessimism
                                 -0.028340    0.510167   library hold time
                                              0.510167   data required time
---------------------------------------------------------------------------------------------
                                              0.510167   data required time
                                             -0.631302   data arrival time
---------------------------------------------------------------------------------------------
                                              0.121134   slack (MET)


Startpoint: a_in[12] (input port clocked by clk)
Endpoint: _2634_ (rising edge-triggered flip-flop clocked by clk)
Path Group: clk
Path Type: min

Fanout         Cap        Slew       Delay        Time   Description
---------------------------------------------------------------------------------------------
                                  0.000000    0.000000   clock clk (rise edge)
                                  0.000000    0.000000   clock network delay (propagated)
                                  0.020000    0.020000 ^ input external delay
     1    0.012624    0.047448    0.031666    0.051666 ^ a_in[12] (in)
                                                         a_in[12] (net)
                      0.047459    0.000000    0.051666 ^ hold628/A (sky130_fd_sc_hd__clkbuf_2)
     1    0.002571    0.019704    0.062601    0.114267 ^ hold628/X (sky130_fd_sc_hd__clkbuf_2)
                                                         net627 (net)
                      0.019704    0.000050    0.114317 ^ hold423/A (sky130_fd_sc_hd__clkbuf_2)
     1    0.003546    0.023024    0.057638    0.171954 ^ hold423/X (sky130_fd_sc_hd__clkbuf_2)
                                                         net422 (net)
                      0.023024    0.000111    0.172066 ^ hold629/A (sky130_fd_sc_hd__clkbuf_2)
     1    0.002718    0.020103    0.055860    0.227926 ^ hold629/X (sky130_fd_sc_hd__clkbuf_2)
                                                         net628 (net)
                      0.020103    0.000082    0.228007 ^ input312/A (sky130_fd_sc_hd__buf_2)
     1    0.004512    0.024387    0.060106    0.288114 ^ input312/X (sky130_fd_sc_hd__buf_2)
                                                         net312 (net)
                      0.024388    0.000146    0.288260 ^ hold630/A (sky130_fd_sc_hd__clkbuf_2)
     1    0.005597    0.030682    0.065096    0.353356 ^ hold630/X (sky130_fd_sc_hd__clkbuf_2)
                                                         net629 (net)
                      0.030683    0.000220    0.353576 ^ hold424/A (sky130_fd_sc_hd__clkbuf_2)
     2    0.009027    0.043927    0.076555    0.430131 ^ hold424/X (sky130_fd_sc_hd__clkbuf_2)
                                                         net423 (net)
                      0.043930    0.000428    0.430559 ^ hold631/A (sky130_fd_sc_hd__clkbuf_2)
     1    0.005215    0.029287    0.069752    0.500311 ^ hold631/X (sky130_fd_sc_hd__clkbuf_2)
                                                         net630 (net)
                      0.029288    0.000216    0.500527 ^ _2560_/A2 (sky130_fd_sc_hd__o211a_2)
     1    0.003204    0.027433    0.092136    0.592662 ^ _2560_/X (sky130_fd_sc_hd__o211a_2)
                                                         _0061_ (net)
                      0.027433    0.000095    0.592758 ^ hold425/A (sky130_fd_sc_hd__clkbuf_2)
     1    0.002043    0.017771    0.054977    0.647735 ^ hold425/X (sky130_fd_sc_hd__clkbuf_2)
                                                         net424 (net)
                      0.017771    0.000058    0.647793 ^ _2634_/D (sky130_fd_sc_hd__dfxtp_2)
                                              0.647793   data arrival time

                                  0.000000    0.000000   clock clk (rise edge)
                                  0.000000    0.000000   clock source latency
     1    0.029150    0.102106    0.070929    0.070929 ^ clk (in)
                                                         clk (net)
                      0.102141    0.000000    0.070929 ^ clkbuf_0_clk/A (sky130_fd_sc_hd__clkbuf_16)
    16    0.109385    0.096372    0.151639    0.222568 ^ clkbuf_0_clk/X (sky130_fd_sc_hd__clkbuf_16)
                                                         clknet_0_clk (net)
                      0.097443    0.008100    0.230668 ^ clkbuf_4_5_0_clk/A (sky130_fd_sc_hd__clkbuf_8)
     6    0.022191    0.040826    0.108463    0.339131 ^ clkbuf_4_5_0_clk/X (sky130_fd_sc_hd__clkbuf_8)
                                                         clknet_4_5_0_clk (net)
                      0.040833    0.000541    0.339671 ^ _2634_/CLK (sky130_fd_sc_hd__dfxtp_2)
                                  0.200000    0.539671   clock uncertainty
                                  0.000000    0.539671   clock reconvergence pessimism
                                 -0.016131    0.523541   library hold time
                                              0.523541   data required time
---------------------------------------------------------------------------------------------
                                              0.523541   data required time
                                             -0.647793   data arrival time
---------------------------------------------------------------------------------------------
                                              0.124252   slack (MET)


Startpoint: clear_acc (input port clocked by clk)
Endpoint: _2673_ (rising edge-triggered flip-flop clocked by clk)
Path Group: clk
Path Type: min

Fanout         Cap        Slew       Delay        Time   Description
---------------------------------------------------------------------------------------------
                                  0.000000    0.000000   clock clk (rise edge)
                                  0.000000    0.000000   clock network delay (propagated)
                                  0.020000    0.020000 ^ input external delay
     1    0.004333    0.019394    0.011260    0.031260 ^ clear_acc (in)
                                                         clear_acc (net)
                      0.019394    0.000000    0.031260 ^ hold604/A (sky130_fd_sc_hd__clkbuf_2)
     1    0.002862    0.020601    0.055352    0.086612 ^ hold604/X (sky130_fd_sc_hd__clkbuf_2)
                                                         net603 (net)
                      0.020601    0.000059    0.086671 ^ hold599/A (sky130_fd_sc_hd__clkbuf_2)
     1    0.002807    0.020411    0.055494    0.142165 ^ hold599/X (sky130_fd_sc_hd__clkbuf_2)
                                                         net598 (net)
                      0.020411    0.000082    0.142247 ^ hold605/A (sky130_fd_sc_hd__clkbuf_2)
     1    0.002206    0.018315    0.053499    0.195746 ^ hold605/X (sky130_fd_sc_hd__clkbuf_2)
                                                         net604 (net)
                      0.018318    0.000061    0.195807 ^ input341/A (sky130_fd_sc_hd__buf_2)
     1    0.003588    0.021466    0.056906    0.252713 ^ input341/X (sky130_fd_sc_hd__buf_2)
                                                         net341 (net)
                      0.021466    0.000085    0.252798 ^ hold600/A (sky130_fd_sc_hd__clkbuf_2)
     3    0.014049    0.063519    0.087998    0.340796 ^ hold600/X (sky130_fd_sc_hd__clkbuf_2)
                                                         net599 (net)
                      0.063521    0.000420    0.341216 ^ _1792_/B (sky130_fd_sc_hd__or2_2)
     7    0.036246    0.144117    0.159298    0.500513 ^ _1792_/X (sky130_fd_sc_hd__or2_2)
                                                         _1016_ (net)
                      0.144158    0.002004    0.502517 ^ _1901_/B1 (sky130_fd_sc_hd__a21o_2)
     1    0.003580    0.023124    0.063809    0.566326 ^ _1901_/X (sky130_fd_sc_hd__a21o_2)
                                                         _1123_ (net)
                      0.023124    0.000109    0.566435 ^ _1902_/B2 (sky130_fd_sc_hd__o22a_2)
     1    0.005188    0.026733    0.060365    0.626801 ^ _1902_/X (sky130_fd_sc_hd__o22a_2)
                                                         _1124_ (net)
                      0.026733    0.000152    0.626953 ^ _1903_/B (sky130_fd_sc_hd__nor2_2)
     1    0.002110    0.010437    0.015117    0.642070 v _1903_/Y (sky130_fd_sc_hd__nor2_2)
                                                         _0018_ (net)
                      0.010437    0.000042    0.642112 v _2673_/D (sky130_fd_sc_hd__dfxtp_2)
                                              0.642112   data arrival time

                                  0.000000    0.000000   clock clk (rise edge)
                                  0.000000    0.000000   clock source latency
     1    0.029150    0.102106    0.070929    0.070929 ^ clk (in)
                                                         clk (net)
                      0.102141    0.000000    0.070929 ^ clkbuf_0_clk/A (sky130_fd_sc_hd__clkbuf_16)
    16    0.109385    0.096372    0.151639    0.222568 ^ clkbuf_0_clk/X (sky130_fd_sc_hd__clkbuf_16)
                                                         clknet_0_clk (net)
                      0.096853    0.005492    0.228060 ^ clkbuf_4_14_0_clk/A (sky130_fd_sc_hd__clkbuf_8)
     6    0.023593    0.042315    0.109631    0.337691 ^ clkbuf_4_14_0_clk/X (sky130_fd_sc_hd__clkbuf_8)
                                                         clknet_4_14_0_clk (net)
                      0.042330    0.000759    0.338450 ^ _2673_/CLK (sky130_fd_sc_hd__dfxtp_2)
                                  0.200000    0.538450   clock uncertainty
                                  0.000000    0.538450   clock reconvergence pessimism
                                 -0.026703    0.511747   library hold time
                                              0.511747   data required time
---------------------------------------------------------------------------------------------
                                              0.511747   data required time
                                             -0.642112   data arrival time
---------------------------------------------------------------------------------------------
                                              0.130365   slack (MET)


Startpoint: a_in[13] (input port clocked by clk)
Endpoint: _2635_ (rising edge-triggered flip-flop clocked by clk)
Path Group: clk
Path Type: min

Fanout         Cap        Slew       Delay        Time   Description
---------------------------------------------------------------------------------------------
                                  0.000000    0.000000   clock clk (rise edge)
                                  0.000000    0.000000   clock network delay (propagated)
                                  0.020000    0.020000 ^ input external delay
     1    0.010228    0.039321    0.025829    0.045829 ^ a_in[13] (in)
                                                         a_in[13] (net)
                      0.039331    0.000000    0.045829 ^ hold636/A (sky130_fd_sc_hd__clkbuf_2)
     1    0.004843    0.027878    0.067373    0.113202 ^ hold636/X (sky130_fd_sc_hd__clkbuf_2)
                                                         net635 (net)
                      0.027878    0.000165    0.113366 ^ hold420/A (sky130_fd_sc_hd__clkbuf_2)
     1    0.003324    0.022248    0.059250    0.172617 ^ hold420/X (sky130_fd_sc_hd__clkbuf_2)
                                                         net419 (net)
                      0.022248    0.000098    0.172714 ^ hold637/A (sky130_fd_sc_hd__clkbuf_2)
     1    0.006989    0.036021    0.068415    0.241129 ^ hold637/X (sky130_fd_sc_hd__clkbuf_2)
                                                         net636 (net)
                      0.036022    0.000270    0.241399 ^ input313/A (sky130_fd_sc_hd__buf_2)
     1    0.007797    0.035257    0.073256    0.314655 ^ input313/X (sky130_fd_sc_hd__buf_2)
                                                         net313 (net)
                      0.035259    0.000306    0.314961 ^ hold638/A (sky130_fd_sc_hd__clkbuf_2)
     1    0.005271    0.029479    0.067381    0.382342 ^ hold638/X (sky130_fd_sc_hd__clkbuf_2)
                                                         net637 (net)
                      0.029479    0.000186    0.382528 ^ hold421/A (sky130_fd_sc_hd__clkbuf_2)
     2    0.006336    0.033534    0.068707    0.451235 ^ hold421/X (sky130_fd_sc_hd__clkbuf_2)
                                                         net420 (net)
                      0.033534    0.000148    0.451383 ^ hold639/A (sky130_fd_sc_hd__clkbuf_2)
     1    0.003567    0.023147    0.061696    0.513079 ^ hold639/X (sky130_fd_sc_hd__clkbuf_2)
                                                         net638 (net)
                      0.023147    0.000110    0.513189 ^ _2562_/A2 (sky130_fd_sc_hd__o211a_2)
     1    0.002948    0.026477    0.090030    0.603219 ^ _2562_/X (sky130_fd_sc_hd__o211a_2)
                                                         _0062_ (net)
                      0.026477    0.000086    0.603306 ^ hold422/A (sky130_fd_sc_hd__clkbuf_2)
     1    0.002886    0.020705    0.057421    0.660727 ^ hold422/X (sky130_fd_sc_hd__clkbuf_2)
                                                         net421 (net)
                      0.020705    0.000089    0.660816 ^ _2635_/D (sky130_fd_sc_hd__dfxtp_2)
                                              0.660816   data arrival time

                                  0.000000    0.000000   clock clk (rise edge)
                                  0.000000    0.000000   clock source latency
     1    0.029150    0.102106    0.070929    0.070929 ^ clk (in)
                                                         clk (net)
                      0.102141    0.000000    0.070929 ^ clkbuf_0_clk/A (sky130_fd_sc_hd__clkbuf_16)
    16    0.109385    0.096372    0.151639    0.222568 ^ clkbuf_0_clk/X (sky130_fd_sc_hd__clkbuf_16)
                                                         clknet_0_clk (net)
                      0.097407    0.007964    0.230532 ^ clkbuf_4_4_0_clk/A (sky130_fd_sc_hd__clkbuf_8)
     6    0.027156    0.046312    0.112922    0.343455 ^ clkbuf_4_4_0_clk/X (sky130_fd_sc_hd__clkbuf_8)
                                                         clknet_4_4_0_clk (net)
                      0.046341    0.001090    0.344544 ^ _2635_/CLK (sky130_fd_sc_hd__dfxtp_2)
                                  0.200000    0.544544   clock uncertainty
                                  0.000000    0.544544   clock reconvergence pessimism
                                 -0.016207    0.528337   library hold time
                                              0.528337   data required time
---------------------------------------------------------------------------------------------
                                              0.528337   data required time
                                             -0.660816   data arrival time
---------------------------------------------------------------------------------------------
                                              0.132478   slack (MET)


Startpoint: clear_acc (input port clocked by clk)
Endpoint: _2682_ (rising edge-triggered flip-flop clocked by clk)
Path Group: clk
Path Type: min

Fanout         Cap        Slew       Delay        Time   Description
---------------------------------------------------------------------------------------------
                                  0.000000    0.000000   clock clk (rise edge)
                                  0.000000    0.000000   clock network delay (propagated)
                                  0.020000    0.020000 ^ input external delay
     1    0.004333    0.019394    0.011260    0.031260 ^ clear_acc (in)
                                                         clear_acc (net)
                      0.019394    0.000000    0.031260 ^ hold604/A (sky130_fd_sc_hd__clkbuf_2)
     1    0.002862    0.020601    0.055352    0.086612 ^ hold604/X (sky130_fd_sc_hd__clkbuf_2)
                                                         net603 (net)
                      0.020601    0.000059    0.086671 ^ hold599/A (sky130_fd_sc_hd__clkbuf_2)
     1    0.002807    0.020411    0.055494    0.142165 ^ hold599/X (sky130_fd_sc_hd__clkbuf_2)
                                                         net598 (net)
                      0.020411    0.000082    0.142247 ^ hold605/A (sky130_fd_sc_hd__clkbuf_2)
     1    0.002206    0.018315    0.053499    0.195746 ^ hold605/X (sky130_fd_sc_hd__clkbuf_2)
                                                         net604 (net)
                      0.018318    0.000061    0.195807 ^ input341/A (sky130_fd_sc_hd__buf_2)
     1    0.003588    0.021466    0.056906    0.252713 ^ input341/X (sky130_fd_sc_hd__buf_2)
                                                         net341 (net)
                      0.021466    0.000085    0.252798 ^ hold600/A (sky130_fd_sc_hd__clkbuf_2)
     3    0.014049    0.063519    0.087998    0.340796 ^ hold600/X (sky130_fd_sc_hd__clkbuf_2)
                                                         net599 (net)
                      0.063521    0.000460    0.341256 ^ _1370_/B (sky130_fd_sc_hd__nor2_2)
     2    0.007368    0.024582    0.027532    0.368787 v _1370_/Y (sky130_fd_sc_hd__nor2_2)
                                                         _0595_ (net)
                      0.024585    0.000211    0.368999 v hold601/A (sky130_fd_sc_hd__clkbuf_2)
     4    0.025401    0.069965    0.107637    0.476636 v hold601/X (sky130_fd_sc_hd__clkbuf_2)
                                                         net600 (net)
                      0.069982    0.001074    0.477710 v _2254_/B1 (sky130_fd_sc_hd__o21ai_2)
     1    0.003926    0.032199    0.050871    0.528581 ^ _2254_/Y (sky130_fd_sc_hd__o21ai_2)
                                                         _0250_ (net)
                      0.032199    0.000132    0.528713 ^ _2257_/B (sky130_fd_sc_hd__or3b_4)
     1    0.011300    0.038679    0.085152    0.613866 ^ _2257_/X (sky130_fd_sc_hd__or3b_4)
                                                         _0253_ (net)
                      0.038683    0.000409    0.614274 ^ _2258_/A2 (sky130_fd_sc_hd__a21oi_4)
     1    0.002183    0.019811    0.027205    0.641479 v _2258_/Y (sky130_fd_sc_hd__a21oi_4)
                                                         _0027_ (net)
                      0.019811    0.000064    0.641543 v _2682_/D (sky130_fd_sc_hd__dfxtp_2)
                                              0.641543   data arrival time

                                  0.000000    0.000000   clock clk (rise edge)
                                  0.000000    0.000000   clock source latency
     1    0.029150    0.102106    0.070929    0.070929 ^ clk (in)
                                                         clk (net)
                      0.102141    0.000000    0.070929 ^ clkbuf_0_clk/A (sky130_fd_sc_hd__clkbuf_16)
    16    0.109385    0.096372    0.151639    0.222568 ^ clkbuf_0_clk/X (sky130_fd_sc_hd__clkbuf_16)
                                                         clknet_0_clk (net)
                      0.096585    0.003715    0.226283 ^ clkbuf_4_9_0_clk/A (sky130_fd_sc_hd__clkbuf_8)
     6    0.025315    0.044127    0.111166    0.337450 ^ clkbuf_4_9_0_clk/X (sky130_fd_sc_hd__clkbuf_8)
                                                         clknet_4_9_0_clk (net)
                      0.044160    0.001085    0.338535 ^ _2682_/CLK (sky130_fd_sc_hd__dfxtp_2)
                                  0.200000    0.538535   clock uncertainty
                                  0.000000    0.538535   clock reconvergence pessimism
                                 -0.029642    0.508893   library hold time
                                              0.508893   data required time
---------------------------------------------------------------------------------------------
                                              0.508893   data required time
                                             -0.641543   data arrival time
---------------------------------------------------------------------------------------------
                                              0.132650   slack (MET)


Startpoint: _2683_ (rising edge-triggered flip-flop clocked by clk)
Endpoint: _2683_ (rising edge-triggered flip-flop clocked by clk)
Path Group: clk
Path Type: min

Fanout         Cap        Slew       Delay        Time   Description
---------------------------------------------------------------------------------------------
                                  0.000000    0.000000   clock clk (rise edge)
                                  0.000000    0.000000   clock source latency
     1    0.029150    0.102106    0.070929    0.070929 ^ clk (in)
                                                         clk (net)
                      0.102141    0.000000    0.070929 ^ clkbuf_0_clk/A (sky130_fd_sc_hd__clkbuf_16)
    16    0.109385    0.096372    0.151639    0.222568 ^ clkbuf_0_clk/X (sky130_fd_sc_hd__clkbuf_16)
                                                         clknet_0_clk (net)
                      0.096585    0.003715    0.226283 ^ clkbuf_4_9_0_clk/A (sky130_fd_sc_hd__clkbuf_8)
     6    0.025315    0.044127    0.111166    0.337450 ^ clkbuf_4_9_0_clk/X (sky130_fd_sc_hd__clkbuf_8)
                                                         clknet_4_9_0_clk (net)
                      0.044172    0.001240    0.338689 ^ _2683_/CLK (sky130_fd_sc_hd__dfxtp_2)
     3    0.014909    0.034645    0.216715    0.555404 v _2683_/Q (sky130_fd_sc_hd__dfxtp_2)
                                                         r3_prod_mant[12] (net)
                      0.034645    0.000325    0.555729 v _2259_/B (sky130_fd_sc_hd__nand2_2)
     1    0.010013    0.052322    0.059884    0.615613 ^ _2259_/Y (sky130_fd_sc_hd__nand2_2)
                                                         _0254_ (net)
                      0.052324    0.000339    0.615952 ^ _2287_/A1 (sky130_fd_sc_hd__a21oi_4)
     1    0.002302    0.019779    0.026314    0.642265 v _2287_/Y (sky130_fd_sc_hd__a21oi_4)
                                                         _0028_ (net)
                      0.019779    0.000064    0.642330 v _2683_/D (sky130_fd_sc_hd__dfxtp_2)
                                              0.642330   data arrival time

                                  0.000000    0.000000   clock clk (rise edge)
                                  0.000000    0.000000   clock source latency
     1    0.029150    0.102106    0.070929    0.070929 ^ clk (in)
                                                         clk (net)
                      0.102141    0.000000    0.070929 ^ clkbuf_0_clk/A (sky130_fd_sc_hd__clkbuf_16)
    16    0.109385    0.096372    0.151639    0.222568 ^ clkbuf_0_clk/X (sky130_fd_sc_hd__clkbuf_16)
                                                         clknet_0_clk (net)
                      0.096585    0.003715    0.226283 ^ clkbuf_4_9_0_clk/A (sky130_fd_sc_hd__clkbuf_8)
     6    0.025315    0.044127    0.111166    0.337450 ^ clkbuf_4_9_0_clk/X (sky130_fd_sc_hd__clkbuf_8)
                                                         clknet_4_9_0_clk (net)
                      0.044172    0.001240    0.338689 ^ _2683_/CLK (sky130_fd_sc_hd__dfxtp_2)
                                  0.200000    0.538689   clock uncertainty
                                  0.000000    0.538689   clock reconvergence pessimism
                                 -0.029630    0.509059   library hold time
                                              0.509059   data required time
---------------------------------------------------------------------------------------------
                                              0.509059   data required time
                                             -0.642330   data arrival time
---------------------------------------------------------------------------------------------
                                              0.133271   slack (MET)


Startpoint: clear_acc (input port clocked by clk)
Endpoint: _2671_ (rising edge-triggered flip-flop clocked by clk)
Path Group: clk
Path Type: min

Fanout         Cap        Slew       Delay        Time   Description
---------------------------------------------------------------------------------------------
                                  0.000000    0.000000   clock clk (rise edge)
                                  0.000000    0.000000   clock network delay (propagated)
                                  0.020000    0.020000 ^ input external delay
     1    0.004333    0.019394    0.011260    0.031260 ^ clear_acc (in)
                                                         clear_acc (net)
                      0.019394    0.000000    0.031260 ^ hold604/A (sky130_fd_sc_hd__clkbuf_2)
     1    0.002862    0.020601    0.055352    0.086612 ^ hold604/X (sky130_fd_sc_hd__clkbuf_2)
                                                         net603 (net)
                      0.020601    0.000059    0.086671 ^ hold599/A (sky130_fd_sc_hd__clkbuf_2)
     1    0.002807    0.020411    0.055494    0.142165 ^ hold599/X (sky130_fd_sc_hd__clkbuf_2)
                                                         net598 (net)
                      0.020411    0.000082    0.142247 ^ hold605/A (sky130_fd_sc_hd__clkbuf_2)
     1    0.002206    0.018315    0.053499    0.195746 ^ hold605/X (sky130_fd_sc_hd__clkbuf_2)
                                                         net604 (net)
                      0.018318    0.000061    0.195807 ^ input341/A (sky130_fd_sc_hd__buf_2)
     1    0.003588    0.021466    0.056906    0.252713 ^ input341/X (sky130_fd_sc_hd__buf_2)
                                                         net341 (net)
                      0.021466    0.000085    0.252798 ^ hold600/A (sky130_fd_sc_hd__clkbuf_2)
     3    0.014049    0.063519    0.087998    0.340796 ^ hold600/X (sky130_fd_sc_hd__clkbuf_2)
                                                         net599 (net)
                      0.063521    0.000420    0.341216 ^ _1792_/B (sky130_fd_sc_hd__or2_2)
     7    0.036246    0.144117    0.159298    0.500513 ^ _1792_/X (sky130_fd_sc_hd__or2_2)
                                                         _1016_ (net)
                      0.144163    0.002119    0.502632 ^ _1794_/B1 (sky130_fd_sc_hd__a31o_2)
     1    0.002917    0.023595    0.068593    0.571225 ^ _1794_/X (sky130_fd_sc_hd__a31o_2)
                                                         _1018_ (net)
                      0.023595    0.000084    0.571309 ^ _1795_/B2 (sky130_fd_sc_hd__o22a_2)
     1    0.005133    0.026550    0.060342    0.631651 ^ _1795_/X (sky130_fd_sc_hd__o22a_2)
                                                         _1019_ (net)
                      0.026550    0.000151    0.631802 ^ _1796_/B (sky130_fd_sc_hd__nor2_2)
     1    0.002154    0.010449    0.015177    0.646979 v _1796_/Y (sky130_fd_sc_hd__nor2_2)
                                                         _0016_ (net)
                      0.010450    0.000061    0.647040 v _2671_/D (sky130_fd_sc_hd__dfxtp_2)
                                              0.647040   data arrival time

                                  0.000000    0.000000   clock clk (rise edge)
                                  0.000000    0.000000   clock source latency
     1    0.029150    0.102106    0.070929    0.070929 ^ clk (in)
                                                         clk (net)
                      0.102141    0.000000    0.070929 ^ clkbuf_0_clk/A (sky130_fd_sc_hd__clkbuf_16)
    16    0.109385    0.096372    0.151639    0.222568 ^ clkbuf_0_clk/X (sky130_fd_sc_hd__clkbuf_16)
                                                         clknet_0_clk (net)
                      0.096853    0.005492    0.228060 ^ clkbuf_4_14_0_clk/A (sky130_fd_sc_hd__clkbuf_8)
     6    0.023593    0.042315    0.109631    0.337691 ^ clkbuf_4_14_0_clk/X (sky130_fd_sc_hd__clkbuf_8)
                                                         clknet_4_14_0_clk (net)
                      0.042345    0.001014    0.338705 ^ _2671_/CLK (sky130_fd_sc_hd__dfxtp_2)
                                  0.200000    0.538705   clock uncertainty
                                  0.000000    0.538705   clock reconvergence pessimism
                                 -0.026706    0.511999   library hold time
                                              0.511999   data required time
---------------------------------------------------------------------------------------------
                                              0.511999   data required time
                                             -0.647040   data arrival time
---------------------------------------------------------------------------------------------
                                              0.135040   slack (MET)


Startpoint: clear_acc (input port clocked by clk)
Endpoint: _2672_ (rising edge-triggered flip-flop clocked by clk)
Path Group: clk
Path Type: min

Fanout         Cap        Slew       Delay        Time   Description
---------------------------------------------------------------------------------------------
                                  0.000000    0.000000   clock clk (rise edge)
                                  0.000000    0.000000   clock network delay (propagated)
                                  0.020000    0.020000 ^ input external delay
     1    0.004333    0.019394    0.011260    0.031260 ^ clear_acc (in)
                                                         clear_acc (net)
                      0.019394    0.000000    0.031260 ^ hold604/A (sky130_fd_sc_hd__clkbuf_2)
     1    0.002862    0.020601    0.055352    0.086612 ^ hold604/X (sky130_fd_sc_hd__clkbuf_2)
                                                         net603 (net)
                      0.020601    0.000059    0.086671 ^ hold599/A (sky130_fd_sc_hd__clkbuf_2)
     1    0.002807    0.020411    0.055494    0.142165 ^ hold599/X (sky130_fd_sc_hd__clkbuf_2)
                                                         net598 (net)
                      0.020411    0.000082    0.142247 ^ hold605/A (sky130_fd_sc_hd__clkbuf_2)
     1    0.002206    0.018315    0.053499    0.195746 ^ hold605/X (sky130_fd_sc_hd__clkbuf_2)
                                                         net604 (net)
                      0.018318    0.000061    0.195807 ^ input341/A (sky130_fd_sc_hd__buf_2)
     1    0.003588    0.021466    0.056906    0.252713 ^ input341/X (sky130_fd_sc_hd__buf_2)
                                                         net341 (net)
                      0.021466    0.000085    0.252798 ^ hold600/A (sky130_fd_sc_hd__clkbuf_2)
     3    0.014049    0.063519    0.087998    0.340796 ^ hold600/X (sky130_fd_sc_hd__clkbuf_2)
                                                         net599 (net)
                      0.063521    0.000420    0.341216 ^ _1792_/B (sky130_fd_sc_hd__or2_2)
     7    0.036246    0.144117    0.159298    0.500513 ^ _1792_/X (sky130_fd_sc_hd__or2_2)
                                                         _1016_ (net)
                      0.144162    0.002089    0.502602 ^ _1847_/B1 (sky130_fd_sc_hd__o2bb2a_2)
     1    0.005387    0.032232    0.129798    0.632401 ^ _1847_/X (sky130_fd_sc_hd__o2bb2a_2)
                                                         _1070_ (net)
                      0.032232    0.000165    0.632566 ^ _1848_/B (sky130_fd_sc_hd__nor2_2)
     1    0.002581    0.012006    0.016306    0.648872 v _1848_/Y (sky130_fd_sc_hd__nor2_2)
                                                         _0017_ (net)
                      0.012006    0.000076    0.648948 v _2672_/D (sky130_fd_sc_hd__dfxtp_2)
                                              0.648948   data arrival time

                                  0.000000    0.000000   clock clk (rise edge)
                                  0.000000    0.000000   clock source latency
     1    0.029150    0.102106    0.070929    0.070929 ^ clk (in)
                                                         clk (net)
                      0.102141    0.000000    0.070929 ^ clkbuf_0_clk/A (sky130_fd_sc_hd__clkbuf_16)
    16    0.109385    0.096372    0.151639    0.222568 ^ clkbuf_0_clk/X (sky130_fd_sc_hd__clkbuf_16)
                                                         clknet_0_clk (net)
                      0.096853    0.005492    0.228060 ^ clkbuf_4_14_0_clk/A (sky130_fd_sc_hd__clkbuf_8)
     6    0.023593    0.042315    0.109631    0.337691 ^ clkbuf_4_14_0_clk/X (sky130_fd_sc_hd__clkbuf_8)
                                                         clknet_4_14_0_clk (net)
                      0.042343    0.000979    0.338670 ^ _2672_/CLK (sky130_fd_sc_hd__dfxtp_2)
                                  0.200000    0.538670   clock uncertainty
                                  0.000000    0.538670   clock reconvergence pessimism
                                 -0.027224    0.511446   library hold time
                                              0.511446   data required time
---------------------------------------------------------------------------------------------
                                              0.511446   data required time
                                             -0.648948   data arrival time
---------------------------------------------------------------------------------------------
                                              0.137502   slack (MET)


Startpoint: _2669_ (rising edge-triggered flip-flop clocked by clk)
Endpoint: _2669_ (rising edge-triggered flip-flop clocked by clk)
Path Group: clk
Path Type: min

Fanout         Cap        Slew       Delay        Time   Description
---------------------------------------------------------------------------------------------
                                  0.000000    0.000000   clock clk (rise edge)
                                  0.000000    0.000000   clock source latency
     1    0.029150    0.102106    0.070929    0.070929 ^ clk (in)
                                                         clk (net)
                      0.102141    0.000000    0.070929 ^ clkbuf_0_clk/A (sky130_fd_sc_hd__clkbuf_16)
    16    0.109385    0.096372    0.151639    0.222568 ^ clkbuf_0_clk/X (sky130_fd_sc_hd__clkbuf_16)
                                                         clknet_0_clk (net)
                      0.097415    0.007996    0.230563 ^ clkbuf_4_7_0_clk/A (sky130_fd_sc_hd__clkbuf_8)
     6    0.020276    0.038616    0.106530    0.337093 ^ clkbuf_4_7_0_clk/X (sky130_fd_sc_hd__clkbuf_8)
                                                         clknet_4_7_0_clk (net)
                      0.038618    0.000320    0.337413 ^ _2669_/CLK (sky130_fd_sc_hd__dfxtp_2)
     2    0.015265    0.063499    0.223059    0.560472 ^ _2669_/Q (sky130_fd_sc_hd__dfxtp_2)
                                                         r2_mantissa[14] (net)
                      0.063499    0.000238    0.560710 ^ _1368_/A1 (sky130_fd_sc_hd__o211a_2)
     1    0.002367    0.024342    0.099724    0.660434 ^ _1368_/X (sky130_fd_sc_hd__o211a_2)
                                                         _0014_ (net)
                      0.024342    0.000069    0.660503 ^ _2669_/D (sky130_fd_sc_hd__dfxtp_2)
                                              0.660503   data arrival time

                                  0.000000    0.000000   clock clk (rise edge)
                                  0.000000    0.000000   clock source latency
     1    0.029150    0.102106    0.070929    0.070929 ^ clk (in)
                                                         clk (net)
                      0.102141    0.000000    0.070929 ^ clkbuf_0_clk/A (sky130_fd_sc_hd__clkbuf_16)
    16    0.109385    0.096372    0.151639    0.222568 ^ clkbuf_0_clk/X (sky130_fd_sc_hd__clkbuf_16)
                                                         clknet_0_clk (net)
                      0.097415    0.007996    0.230563 ^ clkbuf_4_7_0_clk/A (sky130_fd_sc_hd__clkbuf_8)
     6    0.020276    0.038616    0.106530    0.337093 ^ clkbuf_4_7_0_clk/X (sky130_fd_sc_hd__clkbuf_8)
                                                         clknet_4_7_0_clk (net)
                      0.038618    0.000320    0.337413 ^ _2669_/CLK (sky130_fd_sc_hd__dfxtp_2)
                                  0.200000    0.537413   clock uncertainty
                                  0.000000    0.537413   clock reconvergence pessimism
                                 -0.016648    0.520766   library hold time
                                              0.520766   data required time
---------------------------------------------------------------------------------------------
                                              0.520766   data required time
                                             -0.660503   data arrival time
---------------------------------------------------------------------------------------------
                                              0.139737   slack (MET)


Startpoint: b_in[1] (input port clocked by clk)
Endpoint: _2639_ (rising edge-triggered flip-flop clocked by clk)
Path Group: clk
Path Type: min

Fanout         Cap        Slew       Delay        Time   Description
---------------------------------------------------------------------------------------------
                                  0.000000    0.000000   clock clk (rise edge)
                                  0.000000    0.000000   clock network delay (propagated)
                                  0.020000    0.020000 ^ input external delay
     1    0.005576    0.023623    0.014371    0.034371 ^ b_in[1] (in)
                                                         b_in[1] (net)
                      0.023623    0.000000    0.034371 ^ hold495/A (sky130_fd_sc_hd__clkbuf_2)
     1    0.008362    0.041331    0.072603    0.106974 ^ hold495/X (sky130_fd_sc_hd__clkbuf_2)
                                                         net494 (net)
                      0.041335    0.000437    0.107410 ^ hold456/A (sky130_fd_sc_hd__clkbuf_2)
     1    0.006520    0.034250    0.072644    0.180054 ^ hold456/X (sky130_fd_sc_hd__clkbuf_2)
                                                         net455 (net)
                      0.034252    0.000287    0.180341 ^ hold496/A (sky130_fd_sc_hd__clkbuf_2)
     1    0.006006    0.032271    0.069147    0.249488 ^ hold496/X (sky130_fd_sc_hd__clkbuf_2)
                                                         net495 (net)
                      0.032272    0.000237    0.249726 ^ input332/A (sky130_fd_sc_hd__buf_2)
     1    0.006124    0.029658    0.067881    0.317607 ^ input332/X (sky130_fd_sc_hd__buf_2)
                                                         net332 (net)
                      0.029659    0.000231    0.317838 ^ hold497/A (sky130_fd_sc_hd__clkbuf_2)
     1    0.004190    0.025414    0.062562    0.380400 ^ hold497/X (sky130_fd_sc_hd__clkbuf_2)
                                                         net496 (net)
                      0.025415    0.000143    0.380543 ^ hold457/A (sky130_fd_sc_hd__clkbuf_2)
     2    0.007522    0.038128    0.070832    0.451375 ^ hold457/X (sky130_fd_sc_hd__clkbuf_2)
                                                         net456 (net)
                      0.038129    0.000251    0.451626 ^ hold498/A (sky130_fd_sc_hd__clkbuf_2)
     2    0.007563    0.038306    0.074716    0.526341 ^ hold498/X (sky130_fd_sc_hd__clkbuf_2)
                                                         net497 (net)
                      0.038306    0.000166    0.526507 ^ _2576_/A2 (sky130_fd_sc_hd__o211a_2)
     1    0.002944    0.026474    0.092636    0.619143 ^ _2576_/X (sky130_fd_sc_hd__o211a_2)
                                                         _0066_ (net)
                      0.026474    0.000060    0.619204 ^ hold458/A (sky130_fd_sc_hd__clkbuf_2)
     1    0.002099    0.017962    0.054875    0.674079 ^ hold458/X (sky130_fd_sc_hd__clkbuf_2)
                                                         net457 (net)
                      0.017962    0.000061    0.674139 ^ _2639_/D (sky130_fd_sc_hd__dfxtp_2)
                                              0.674139   data arrival time

                                  0.000000    0.000000   clock clk (rise edge)
                                  0.000000    0.000000   clock source latency
     1    0.029150    0.102106    0.070929    0.070929 ^ clk (in)
                                                         clk (net)
                      0.102141    0.000000    0.070929 ^ clkbuf_0_clk/A (sky130_fd_sc_hd__clkbuf_16)
    16    0.109385    0.096372    0.151639    0.222568 ^ clkbuf_0_clk/X (sky130_fd_sc_hd__clkbuf_16)
                                                         clknet_0_clk (net)
                      0.096435    0.002059    0.224626 ^ clkbuf_4_10_0_clk/A (sky130_fd_sc_hd__clkbuf_8)
     6    0.033160    0.053478    0.117822    0.342449 ^ clkbuf_4_10_0_clk/X (sky130_fd_sc_hd__clkbuf_8)
                                                         clknet_4_10_0_clk (net)
                      0.053660    0.002108    0.344556 ^ _2639_/CLK (sky130_fd_sc_hd__dfxtp_2)
                                  0.200000    0.544556   clock uncertainty
                                  0.000000    0.544556   clock reconvergence pessimism
                                 -0.015840    0.528717   library hold time
                                              0.528717   data required time
---------------------------------------------------------------------------------------------
                                              0.528717   data required time
                                             -0.674139   data arrival time
---------------------------------------------------------------------------------------------
                                              0.145422   slack (MET)


Startpoint: clear_acc (input port clocked by clk)
Endpoint: _2674_ (rising edge-triggered flip-flop clocked by clk)
Path Group: clk
Path Type: min

Fanout         Cap        Slew       Delay        Time   Description
---------------------------------------------------------------------------------------------
                                  0.000000    0.000000   clock clk (rise edge)
                                  0.000000    0.000000   clock network delay (propagated)
                                  0.020000    0.020000 ^ input external delay
     1    0.004333    0.019394    0.011260    0.031260 ^ clear_acc (in)
                                                         clear_acc (net)
                      0.019394    0.000000    0.031260 ^ hold604/A (sky130_fd_sc_hd__clkbuf_2)
     1    0.002862    0.020601    0.055352    0.086612 ^ hold604/X (sky130_fd_sc_hd__clkbuf_2)
                                                         net603 (net)
                      0.020601    0.000059    0.086671 ^ hold599/A (sky130_fd_sc_hd__clkbuf_2)
     1    0.002807    0.020411    0.055494    0.142165 ^ hold599/X (sky130_fd_sc_hd__clkbuf_2)
                                                         net598 (net)
                      0.020411    0.000082    0.142247 ^ hold605/A (sky130_fd_sc_hd__clkbuf_2)
     1    0.002206    0.018315    0.053499    0.195746 ^ hold605/X (sky130_fd_sc_hd__clkbuf_2)
                                                         net604 (net)
                      0.018318    0.000061    0.195807 ^ input341/A (sky130_fd_sc_hd__buf_2)
     1    0.003588    0.021466    0.056906    0.252713 ^ input341/X (sky130_fd_sc_hd__buf_2)
                                                         net341 (net)
                      0.021466    0.000085    0.252798 ^ hold600/A (sky130_fd_sc_hd__clkbuf_2)
     3    0.014049    0.063519    0.087998    0.340796 ^ hold600/X (sky130_fd_sc_hd__clkbuf_2)
                                                         net599 (net)
                      0.063521    0.000460    0.341256 ^ _1370_/B (sky130_fd_sc_hd__nor2_2)
     2    0.007368    0.024582    0.027532    0.368787 v _1370_/Y (sky130_fd_sc_hd__nor2_2)
                                                         _0595_ (net)
                      0.024582    0.000040    0.368828 v place239/A (sky130_fd_sc_hd__buf_1)
     6    0.030000    0.119811    0.133693    0.502521 v place239/X (sky130_fd_sc_hd__buf_1)
                                                         net239 (net)
                      0.119861    0.001337    0.503858 v _1948_/A (sky130_fd_sc_hd__nand2_2)
     1    0.002918    0.036242    0.061358    0.565216 ^ _1948_/Y (sky130_fd_sc_hd__nand2_2)
                                                         _1169_ (net)
                      0.036242    0.000086    0.565302 ^ _1950_/A3 (sky130_fd_sc_hd__o32a_2)
     1    0.005452    0.028915    0.077982    0.643284 ^ _1950_/X (sky130_fd_sc_hd__o32a_2)
                                                         _1171_ (net)
                      0.028915    0.000170    0.643454 ^ _1951_/B (sky130_fd_sc_hd__nor2_2)
     1    0.002238    0.010986    0.015464    0.658918 v _1951_/Y (sky130_fd_sc_hd__nor2_2)
                                                         _0019_ (net)
                      0.010986    0.000064    0.658982 v _2674_/D (sky130_fd_sc_hd__dfxtp_2)
                                              0.658982   data arrival time

                                  0.000000    0.000000   clock clk (rise edge)
                                  0.000000    0.000000   clock source latency
     1    0.029150    0.102106    0.070929    0.070929 ^ clk (in)
                                                         clk (net)
                      0.102141    0.000000    0.070929 ^ clkbuf_0_clk/A (sky130_fd_sc_hd__clkbuf_16)
    16    0.109385    0.096372    0.151639    0.222568 ^ clkbuf_0_clk/X (sky130_fd_sc_hd__clkbuf_16)
                                                         clknet_0_clk (net)
                      0.096853    0.005490    0.228058 ^ clkbuf_4_15_0_clk/A (sky130_fd_sc_hd__clkbuf_8)
     6    0.024157    0.042784    0.110351    0.338408 ^ clkbuf_4_15_0_clk/X (sky130_fd_sc_hd__clkbuf_8)
                                                         clknet_4_15_0_clk (net)
                      0.042798    0.000684    0.339092 ^ _2674_/CLK (sky130_fd_sc_hd__dfxtp_2)
                                  0.200000    0.539092   clock uncertainty
                                  0.000000    0.539092   clock reconvergence pessimism
                                 -0.026840    0.512252   library hold time
                                              0.512252   data required time
---------------------------------------------------------------------------------------------
                                              0.512252   data required time
                                             -0.658982   data arrival time
---------------------------------------------------------------------------------------------
                                              0.146730   slack (MET)


Startpoint: a_in[2] (input port clocked by clk)
Endpoint: _2624_ (rising edge-triggered flip-flop clocked by clk)
Path Group: clk
Path Type: min

Fanout         Cap        Slew       Delay        Time   Description
---------------------------------------------------------------------------------------------
                                  0.000000    0.000000   clock clk (rise edge)
                                  0.000000    0.000000   clock network delay (propagated)
                                  0.020000    0.020000 ^ input external delay
     1    0.007973    0.031680    0.020294    0.040294 ^ a_in[2] (in)
                                                         a_in[2] (net)
                      0.031685    0.000000    0.040294 ^ hold608/A (sky130_fd_sc_hd__clkbuf_2)
     1    0.011628    0.054178    0.084210    0.124504 ^ hold608/X (sky130_fd_sc_hd__clkbuf_2)
                                                         net607 (net)
                      0.054181    0.000436    0.124941 ^ hold411/A (sky130_fd_sc_hd__clkbuf_2)
     1    0.010728    0.050674    0.088166    0.213107 ^ hold411/X (sky130_fd_sc_hd__clkbuf_2)
                                                         net410 (net)
                      0.050677    0.000440    0.213547 ^ hold609/A (sky130_fd_sc_hd__clkbuf_2)
     1    0.004381    0.026192    0.069339    0.282886 ^ hold609/X (sky130_fd_sc_hd__clkbuf_2)
                                                         net608 (net)
                      0.026193    0.000155    0.283041 ^ input317/A (sky130_fd_sc_hd__buf_2)
     1    0.005025    0.026040    0.063256    0.346298 ^ input317/X (sky130_fd_sc_hd__buf_2)
                                                         net317 (net)
                      0.026041    0.000180    0.346478 ^ hold610/A (sky130_fd_sc_hd__clkbuf_2)
     1    0.005216    0.029237    0.064505    0.410983 ^ hold610/X (sky130_fd_sc_hd__clkbuf_2)
                                                         net609 (net)
                      0.029238    0.000219    0.411201 ^ hold412/A (sky130_fd_sc_hd__clkbuf_2)
     2    0.004575    0.026850    0.063690    0.474892 ^ hold412/X (sky130_fd_sc_hd__clkbuf_2)
                                                         net411 (net)
                      0.026850    0.000086    0.474978 ^ hold611/A (sky130_fd_sc_hd__clkbuf_2)
     1    0.002850    0.020578    0.057412    0.532390 ^ hold611/X (sky130_fd_sc_hd__clkbuf_2)
                                                         net610 (net)
                      0.020578    0.000082    0.532472 ^ _2539_/A2 (sky130_fd_sc_hd__o211a_2)
     1    0.003333    0.027913    0.091025    0.623497 ^ _2539_/X (sky130_fd_sc_hd__o211a_2)
                                                         _0051_ (net)
                      0.027914    0.000101    0.623599 ^ hold413/A (sky130_fd_sc_hd__clkbuf_2)
     1    0.002414    0.019067    0.056319    0.679917 ^ hold413/X (sky130_fd_sc_hd__clkbuf_2)
                                                         net412 (net)
                      0.019067    0.000071    0.679988 ^ _2624_/D (sky130_fd_sc_hd__dfxtp_2)
                                              0.679988   data arrival time

                                  0.000000    0.000000   clock clk (rise edge)
                                  0.000000    0.000000   clock source latency
     1    0.029150    0.102106    0.070929    0.070929 ^ clk (in)
                                                         clk (net)
                      0.102141    0.000000    0.070929 ^ clkbuf_0_clk/A (sky130_fd_sc_hd__clkbuf_16)
    16    0.109385    0.096372    0.151639    0.222568 ^ clkbuf_0_clk/X (sky130_fd_sc_hd__clkbuf_16)
                                                         clknet_0_clk (net)
                      0.096435    0.002059    0.224626 ^ clkbuf_4_10_0_clk/A (sky130_fd_sc_hd__clkbuf_8)
     6    0.033160    0.053478    0.117822    0.342449 ^ clkbuf_4_10_0_clk/X (sky130_fd_sc_hd__clkbuf_8)
                                                         clknet_4_10_0_clk (net)
                      0.053657    0.002084    0.344533 ^ _2624_/CLK (sky130_fd_sc_hd__dfxtp_2)
                                  0.200000    0.544533   clock uncertainty
                                  0.000000    0.544533   clock reconvergence pessimism
                                 -0.015918    0.528615   library hold time
                                              0.528615   data required time
---------------------------------------------------------------------------------------------
                                              0.528615   data required time
                                             -0.679988   data arrival time
---------------------------------------------------------------------------------------------
                                              0.151373   slack (MET)


Startpoint: b_in[1] (input port clocked by clk)
Endpoint: _2656_ (rising edge-triggered flip-flop clocked by clk)
Path Group: clk
Path Type: min

Fanout         Cap        Slew       Delay        Time   Description
---------------------------------------------------------------------------------------------
                                  0.000000    0.000000   clock clk (rise edge)
                                  0.000000    0.000000   clock network delay (propagated)
                                  0.020000    0.020000 ^ input external delay
     1    0.005576    0.023623    0.014371    0.034371 ^ b_in[1] (in)
                                                         b_in[1] (net)
                      0.023623    0.000000    0.034371 ^ hold495/A (sky130_fd_sc_hd__clkbuf_2)
     1    0.008362    0.041331    0.072603    0.106974 ^ hold495/X (sky130_fd_sc_hd__clkbuf_2)
                                                         net494 (net)
                      0.041335    0.000437    0.107410 ^ hold456/A (sky130_fd_sc_hd__clkbuf_2)
     1    0.006520    0.034250    0.072644    0.180054 ^ hold456/X (sky130_fd_sc_hd__clkbuf_2)
                                                         net455 (net)
                      0.034252    0.000287    0.180341 ^ hold496/A (sky130_fd_sc_hd__clkbuf_2)
     1    0.006006    0.032271    0.069147    0.249488 ^ hold496/X (sky130_fd_sc_hd__clkbuf_2)
                                                         net495 (net)
                      0.032272    0.000237    0.249726 ^ input332/A (sky130_fd_sc_hd__buf_2)
     1    0.006124    0.029658    0.067881    0.317607 ^ input332/X (sky130_fd_sc_hd__buf_2)
                                                         net332 (net)
                      0.029659    0.000231    0.317838 ^ hold497/A (sky130_fd_sc_hd__clkbuf_2)
     1    0.004190    0.025414    0.062562    0.380400 ^ hold497/X (sky130_fd_sc_hd__clkbuf_2)
                                                         net496 (net)
                      0.025415    0.000143    0.380543 ^ hold457/A (sky130_fd_sc_hd__clkbuf_2)
     2    0.007522    0.038128    0.070832    0.451375 ^ hold457/X (sky130_fd_sc_hd__clkbuf_2)
                                                         net456 (net)
                      0.038129    0.000251    0.451626 ^ hold498/A (sky130_fd_sc_hd__clkbuf_2)
     2    0.007563    0.038306    0.074716    0.526341 ^ hold498/X (sky130_fd_sc_hd__clkbuf_2)
                                                         net497 (net)
                      0.038306    0.000084    0.526425 ^ _2615_/A1 (sky130_fd_sc_hd__o211a_2)
     1    0.003457    0.028408    0.100371    0.626796 ^ _2615_/X (sky130_fd_sc_hd__o211a_2)
                                                         _0083_ (net)
                      0.028408    0.000108    0.626904 ^ hold499/A (sky130_fd_sc_hd__clkbuf_2)
     1    0.002498    0.019361    0.056735    0.683639 ^ hold499/X (sky130_fd_sc_hd__clkbuf_2)
                                                         net498 (net)
                      0.019361    0.000076    0.683715 ^ _2656_/D (sky130_fd_sc_hd__dfxtp_2)
                                              0.683715   data arrival time

                                  0.000000    0.000000   clock clk (rise edge)
                                  0.000000    0.000000   clock source latency
     1    0.029150    0.102106    0.070929    0.070929 ^ clk (in)
                                                         clk (net)
                      0.102141    0.000000    0.070929 ^ clkbuf_0_clk/A (sky130_fd_sc_hd__clkbuf_16)
    16    0.109385    0.096372    0.151639    0.222568 ^ clkbuf_0_clk/X (sky130_fd_sc_hd__clkbuf_16)
                                                         clknet_0_clk (net)
                      0.096435    0.002059    0.224626 ^ clkbuf_4_10_0_clk/A (sky130_fd_sc_hd__clkbuf_8)
     6    0.033160    0.053478    0.117822    0.342449 ^ clkbuf_4_10_0_clk/X (sky130_fd_sc_hd__clkbuf_8)
                                                         clknet_4_10_0_clk (net)
                      0.053675    0.002221    0.344670 ^ _2656_/CLK (sky130_fd_sc_hd__dfxtp_2)
                                  0.200000    0.544670   clock uncertainty
                                  0.000000    0.544670   clock reconvergence pessimism
                                 -0.015938    0.528732   library hold time
                                              0.528732   data required time
---------------------------------------------------------------------------------------------
                                              0.528732   data required time
                                             -0.683715   data arrival time
---------------------------------------------------------------------------------------------
                                              0.154983   slack (MET)


Startpoint: enable (input port clocked by clk)
Endpoint: _2686_ (rising edge-triggered flip-flop clocked by clk)
Path Group: clk
Path Type: min

Fanout         Cap        Slew       Delay        Time   Description
---------------------------------------------------------------------------------------------
                                  0.000000    0.000000   clock clk (rise edge)
                                  0.000000    0.000000   clock network delay (propagated)
                                  0.020000    0.020000 ^ input external delay
     1    0.004294    0.019258    0.011175    0.031175 ^ enable (in)
                                                         enable (net)
                      0.019258    0.000000    0.031175 ^ hold606/A (sky130_fd_sc_hd__clkbuf_2)
     1    0.002684    0.019978    0.054730    0.085905 ^ hold606/X (sky130_fd_sc_hd__clkbuf_2)
                                                         net605 (net)
                      0.019978    0.000078    0.085983 ^ hold595/A (sky130_fd_sc_hd__clkbuf_2)
     1    0.002477    0.019263    0.054266    0.140249 ^ hold595/X (sky130_fd_sc_hd__clkbuf_2)
                                                         net594 (net)
                      0.019263    0.000048    0.140296 ^ hold607/A (sky130_fd_sc_hd__clkbuf_2)
     1    0.002373    0.018898    0.053734    0.194031 ^ hold607/X (sky130_fd_sc_hd__clkbuf_2)
                                                         net606 (net)
                      0.018898    0.000048    0.194079 ^ input343/A (sky130_fd_sc_hd__buf_2)
     2    0.022315    0.085749    0.103725    0.297804 ^ input343/X (sky130_fd_sc_hd__buf_2)
                                                         net343 (net)
                      0.085814    0.001915    0.299719 ^ hold596/A (sky130_fd_sc_hd__clkbuf_2)
     3    0.029830    0.127360    0.146437    0.446156 ^ hold596/X (sky130_fd_sc_hd__clkbuf_2)
                                                         net595 (net)
                      0.127450    0.002765    0.448921 ^ _2325_/B2 (sky130_fd_sc_hd__o32a_2)
     1    0.002548    0.020147    0.068327    0.517248 ^ _2325_/X (sky130_fd_sc_hd__o32a_2)
                                                         _0317_ (net)
                      0.020152    0.000073    0.517321 ^ hold597/A (sky130_fd_sc_hd__clkbuf_2)
     1    0.005185    0.029114    0.062778    0.580099 ^ hold597/X (sky130_fd_sc_hd__clkbuf_2)
                                                         net596 (net)
                      0.029114    0.000154    0.580253 ^ _2326_/B (sky130_fd_sc_hd__nor2_2)
     1    0.008445    0.018925    0.024343    0.604596 v _2326_/Y (sky130_fd_sc_hd__nor2_2)
                                                         _0031_ (net)
                      0.018939    0.000409    0.605004 v hold598/A (sky130_fd_sc_hd__clkbuf_2)
     1    0.005909    0.023769    0.066843    0.671847 v hold598/X (sky130_fd_sc_hd__clkbuf_2)
                                                         net597 (net)
                      0.023772    0.000245    0.672092 v _2686_/D (sky130_fd_sc_hd__dfxtp_2)
                                              0.672092   data arrival time

                                  0.000000    0.000000   clock clk (rise edge)
                                  0.000000    0.000000   clock source latency
     1    0.029150    0.102106    0.070929    0.070929 ^ clk (in)
                                                         clk (net)
                      0.102141    0.000000    0.070929 ^ clkbuf_0_clk/A (sky130_fd_sc_hd__clkbuf_16)
    16    0.109385    0.096372    0.151639    0.222568 ^ clkbuf_0_clk/X (sky130_fd_sc_hd__clkbuf_16)
                                                         clknet_0_clk (net)
                      0.096426    0.001914    0.224482 ^ clkbuf_4_11_0_clk/A (sky130_fd_sc_hd__clkbuf_8)
     7    0.036364    0.057214    0.121001    0.345484 ^ clkbuf_4_11_0_clk/X (sky130_fd_sc_hd__clkbuf_8)
                                                         clknet_4_11_0_clk (net)
                      0.057228    0.000913    0.346397 ^ _2686_/CLK (sky130_fd_sc_hd__dfxtp_2)
                                  0.200000    0.546397   clock uncertainty
                                  0.000000    0.546397   clock reconvergence pessimism
                                 -0.029675    0.516722   library hold time
                                              0.516722   data required time
---------------------------------------------------------------------------------------------
                                              0.516722   data required time
                                             -0.672092   data arrival time
---------------------------------------------------------------------------------------------
                                              0.155370   slack (MET)


Startpoint: clear_acc (input port clocked by clk)
Endpoint: _2677_ (rising edge-triggered flip-flop clocked by clk)
Path Group: clk
Path Type: min

Fanout         Cap        Slew       Delay        Time   Description
---------------------------------------------------------------------------------------------
                                  0.000000    0.000000   clock clk (rise edge)
                                  0.000000    0.000000   clock network delay (propagated)
                                  0.020000    0.020000 ^ input external delay
     1    0.004333    0.019394    0.011260    0.031260 ^ clear_acc (in)
                                                         clear_acc (net)
                      0.019394    0.000000    0.031260 ^ hold604/A (sky130_fd_sc_hd__clkbuf_2)
     1    0.002862    0.020601    0.055352    0.086612 ^ hold604/X (sky130_fd_sc_hd__clkbuf_2)
                                                         net603 (net)
                      0.020601    0.000059    0.086671 ^ hold599/A (sky130_fd_sc_hd__clkbuf_2)
     1    0.002807    0.020411    0.055494    0.142165 ^ hold599/X (sky130_fd_sc_hd__clkbuf_2)
                                                         net598 (net)
                      0.020411    0.000082    0.142247 ^ hold605/A (sky130_fd_sc_hd__clkbuf_2)
     1    0.002206    0.018315    0.053499    0.195746 ^ hold605/X (sky130_fd_sc_hd__clkbuf_2)
                                                         net604 (net)
                      0.018318    0.000061    0.195807 ^ input341/A (sky130_fd_sc_hd__buf_2)
     1    0.003588    0.021466    0.056906    0.252713 ^ input341/X (sky130_fd_sc_hd__buf_2)
                                                         net341 (net)
                      0.021466    0.000085    0.252798 ^ hold600/A (sky130_fd_sc_hd__clkbuf_2)
     3    0.014049    0.063519    0.087998    0.340796 ^ hold600/X (sky130_fd_sc_hd__clkbuf_2)
                                                         net599 (net)
                      0.063521    0.000460    0.341256 ^ _1370_/B (sky130_fd_sc_hd__nor2_2)
     2    0.007368    0.024582    0.027532    0.368787 v _1370_/Y (sky130_fd_sc_hd__nor2_2)
                                                         _0595_ (net)
                      0.024582    0.000040    0.368828 v place239/A (sky130_fd_sc_hd__buf_1)
     6    0.030000    0.119811    0.133693    0.502521 v place239/X (sky130_fd_sc_hd__buf_1)
                                                         net239 (net)
                      0.119811    0.000166    0.502688 v _2077_/B1 (sky130_fd_sc_hd__o21ai_2)
     1    0.002921    0.038694    0.062547    0.565235 ^ _2077_/Y (sky130_fd_sc_hd__o21ai_2)
                                                         _1295_ (net)
                      0.038694    0.000088    0.565323 ^ _2078_/B2 (sky130_fd_sc_hd__o2bb2a_2)
     1    0.005351    0.032096    0.097146    0.662469 ^ _2078_/X (sky130_fd_sc_hd__o2bb2a_2)
                                                         _1296_ (net)
                      0.032110    0.000162    0.662630 ^ _2079_/B (sky130_fd_sc_hd__nor2_2)
     1    0.002648    0.012058    0.016422    0.679052 v _2079_/Y (sky130_fd_sc_hd__nor2_2)
                                                         _0022_ (net)
                      0.012058    0.000078    0.679131 v _2677_/D (sky130_fd_sc_hd__dfxtp_2)
                                              0.679131   data arrival time

                                  0.000000    0.000000   clock clk (rise edge)
                                  0.000000    0.000000   clock source latency
     1    0.029150    0.102106    0.070929    0.070929 ^ clk (in)
                                                         clk (net)
                      0.102141    0.000000    0.070929 ^ clkbuf_0_clk/A (sky130_fd_sc_hd__clkbuf_16)
    16    0.109385    0.096372    0.151639    0.222568 ^ clkbuf_0_clk/X (sky130_fd_sc_hd__clkbuf_16)
                                                         clknet_0_clk (net)
                      0.096426    0.001914    0.224482 ^ clkbuf_4_11_0_clk/A (sky130_fd_sc_hd__clkbuf_8)
     7    0.036364    0.057214    0.121001    0.345484 ^ clkbuf_4_11_0_clk/X (sky130_fd_sc_hd__clkbuf_8)
                                                         clknet_4_11_0_clk (net)
                      0.057225    0.000838    0.346322 ^ _2677_/CLK (sky130_fd_sc_hd__dfxtp_2)
                                  0.200000    0.546322   clock uncertainty
                                  0.000000    0.546322   clock reconvergence pessimism
                                 -0.025777    0.520545   library hold time
                                              0.520545   data required time
---------------------------------------------------------------------------------------------
                                              0.520545   data required time
                                             -0.679131   data arrival time
---------------------------------------------------------------------------------------------
                                              0.158586   slack (MET)


Startpoint: _2667_ (rising edge-triggered flip-flop clocked by clk)
Endpoint: _2667_ (rising edge-triggered flip-flop clocked by clk)
Path Group: clk
Path Type: min

Fanout         Cap        Slew       Delay        Time   Description
---------------------------------------------------------------------------------------------
                                  0.000000    0.000000   clock clk (rise edge)
                                  0.000000    0.000000   clock source latency
     1    0.029150    0.102106    0.070929    0.070929 ^ clk (in)
                                                         clk (net)
                      0.102141    0.000000    0.070929 ^ clkbuf_0_clk/A (sky130_fd_sc_hd__clkbuf_16)
    16    0.109385    0.096372    0.151639    0.222568 ^ clkbuf_0_clk/X (sky130_fd_sc_hd__clkbuf_16)
                                                         clknet_0_clk (net)
                      0.097239    0.007302    0.229870 ^ clkbuf_4_0_0_clk/A (sky130_fd_sc_hd__clkbuf_8)
     6    0.023501    0.042267    0.109590    0.339460 ^ clkbuf_4_0_0_clk/X (sky130_fd_sc_hd__clkbuf_8)
                                                         clknet_4_0_0_clk (net)
                      0.042303    0.001099    0.340558 ^ _2667_/CLK (sky130_fd_sc_hd__dfxtp_2)
     5    0.021646    0.086824    0.240283    0.580841 ^ _2667_/Q (sky130_fd_sc_hd__dfxtp_2)
                                                         r2_mantissa[12] (net)
                      0.086824    0.000270    0.581111 ^ _1364_/A1 (sky130_fd_sc_hd__o211a_2)
     1    0.002097    0.023336    0.101738    0.682849 ^ _1364_/X (sky130_fd_sc_hd__o211a_2)
                                                         _0012_ (net)
                      0.023336    0.000042    0.682891 ^ _2667_/D (sky130_fd_sc_hd__dfxtp_2)
                                              0.682891   data arrival time

                                  0.000000    0.000000   clock clk (rise edge)
                                  0.000000    0.000000   clock source latency
     1    0.029150    0.102106    0.070929    0.070929 ^ clk (in)
                                                         clk (net)
                      0.102141    0.000000    0.070929 ^ clkbuf_0_clk/A (sky130_fd_sc_hd__clkbuf_16)
    16    0.109385    0.096372    0.151639    0.222568 ^ clkbuf_0_clk/X (sky130_fd_sc_hd__clkbuf_16)
                                                         clknet_0_clk (net)
                      0.097239    0.007302    0.229870 ^ clkbuf_4_0_0_clk/A (sky130_fd_sc_hd__clkbuf_8)
     6    0.023501    0.042267    0.109590    0.339460 ^ clkbuf_4_0_0_clk/X (sky130_fd_sc_hd__clkbuf_8)
                                                         clknet_4_0_0_clk (net)
                      0.042303    0.001099    0.340558 ^ _2667_/CLK (sky130_fd_sc_hd__dfxtp_2)
                                  0.200000    0.540559   clock uncertainty
                                  0.000000    0.540559   clock reconvergence pessimism
                                 -0.016489    0.524070   library hold time
                                              0.524070   data required time
---------------------------------------------------------------------------------------------
                                              0.524070   data required time
                                             -0.682891   data arrival time
---------------------------------------------------------------------------------------------
                                              0.158821   slack (MET)


Startpoint: a_in[15] (input port clocked by clk)
Endpoint: _2637_ (rising edge-triggered flip-flop clocked by clk)
Path Group: clk
Path Type: min

Fanout         Cap        Slew       Delay        Time   Description
---------------------------------------------------------------------------------------------
                                  0.000000    0.000000   clock clk (rise edge)
                                  0.000000    0.000000   clock network delay (propagated)
                                  0.020000    0.020000 ^ input external delay
     1    0.008997    0.035147    0.022801    0.042801 ^ a_in[15] (in)
                                                         a_in[15] (net)
                      0.035154    0.000000    0.042801 ^ hold672/A (sky130_fd_sc_hd__clkbuf_2)
     1    0.003237    0.021969    0.061116    0.103918 ^ hold672/X (sky130_fd_sc_hd__clkbuf_2)
                                                         net671 (net)
                      0.021969    0.000073    0.103991 ^ hold521/A (sky130_fd_sc_hd__clkbuf_2)
     1    0.009021    0.043890    0.073983    0.177974 ^ hold521/X (sky130_fd_sc_hd__clkbuf_2)
                                                         net520 (net)
                      0.043894    0.000461    0.178435 ^ hold673/A (sky130_fd_sc_hd__clkbuf_2)
     1    0.003042    0.021328    0.063063    0.241499 ^ hold673/X (sky130_fd_sc_hd__clkbuf_2)
                                                         net672 (net)
                      0.021328    0.000070    0.241569 ^ input315/A (sky130_fd_sc_hd__buf_2)
     1    0.005556    0.027777    0.063186    0.304755 ^ input315/X (sky130_fd_sc_hd__buf_2)
                                                         net315 (net)
                      0.027778    0.000172    0.304926 ^ hold674/A (sky130_fd_sc_hd__clkbuf_2)
     1    0.004705    0.027319    0.063596    0.368523 ^ hold674/X (sky130_fd_sc_hd__clkbuf_2)
                                                         net673 (net)
                      0.027320    0.000162    0.368685 ^ hold522/A (sky130_fd_sc_hd__clkbuf_2)
     1    0.003126    0.021544    0.058445    0.427130 ^ hold522/X (sky130_fd_sc_hd__clkbuf_2)
                                                         net521 (net)
                      0.021545    0.000092    0.427222 ^ _2570_/B1 (sky130_fd_sc_hd__o31a_2)
     1    0.002499    0.020170    0.053181    0.480402 ^ _2570_/X (sky130_fd_sc_hd__o31a_2)
                                                         _0529_ (net)
                      0.020170    0.000048    0.480450 ^ hold523/A (sky130_fd_sc_hd__clkbuf_2)
     1    0.002974    0.020995    0.055927    0.536377 ^ hold523/X (sky130_fd_sc_hd__clkbuf_2)
                                                         net522 (net)
                      0.020995    0.000061    0.536439 ^ _2572_/A2 (sky130_fd_sc_hd__o211a_2)
     1    0.002768    0.025841    0.088814    0.625253 ^ _2572_/X (sky130_fd_sc_hd__o211a_2)
                                                         _0064_ (net)
                      0.025841    0.000080    0.625333 ^ hold524/A (sky130_fd_sc_hd__clkbuf_2)
     1    0.003015    0.021150    0.057651    0.682984 ^ hold524/X (sky130_fd_sc_hd__clkbuf_2)
                                                         net523 (net)
                      0.021150    0.000093    0.683076 ^ _2637_/D (sky130_fd_sc_hd__dfxtp_2)
                                              0.683076   data arrival time

                                  0.000000    0.000000   clock clk (rise edge)
                                  0.000000    0.000000   clock source latency
     1    0.029150    0.102106    0.070929    0.070929 ^ clk (in)
                                                         clk (net)
                      0.102141    0.000000    0.070929 ^ clkbuf_0_clk/A (sky130_fd_sc_hd__clkbuf_16)
    16    0.109385    0.096372    0.151639    0.222568 ^ clkbuf_0_clk/X (sky130_fd_sc_hd__clkbuf_16)
                                                         clknet_0_clk (net)
                      0.097443    0.008100    0.230668 ^ clkbuf_4_5_0_clk/A (sky130_fd_sc_hd__clkbuf_8)
     6    0.022191    0.040826    0.108463    0.339131 ^ clkbuf_4_5_0_clk/X (sky130_fd_sc_hd__clkbuf_8)
                                                         clknet_4_5_0_clk (net)
                      0.040832    0.000520    0.339650 ^ _2637_/CLK (sky130_fd_sc_hd__dfxtp_2)
                                  0.200000    0.539650   clock uncertainty
                                  0.000000    0.539650   clock reconvergence pessimism
                                 -0.016369    0.523281   library hold time
                                              0.523281   data required time
---------------------------------------------------------------------------------------------
                                              0.523281   data required time
                                             -0.683076   data arrival time
---------------------------------------------------------------------------------------------
                                              0.159795   slack (MET)


Startpoint: clear_acc (input port clocked by clk)
Endpoint: _2685_ (rising edge-triggered flip-flop clocked by clk)
Path Group: clk
Path Type: min

Fanout         Cap        Slew       Delay        Time   Description
---------------------------------------------------------------------------------------------
                                  0.000000    0.000000   clock clk (rise edge)
                                  0.000000    0.000000   clock network delay (propagated)
                                  0.020000    0.020000 ^ input external delay
     1    0.004333    0.019394    0.011260    0.031260 ^ clear_acc (in)
                                                         clear_acc (net)
                      0.019394    0.000000    0.031260 ^ hold604/A (sky130_fd_sc_hd__clkbuf_2)
     1    0.002862    0.020601    0.055352    0.086612 ^ hold604/X (sky130_fd_sc_hd__clkbuf_2)
                                                         net603 (net)
                      0.020601    0.000059    0.086671 ^ hold599/A (sky130_fd_sc_hd__clkbuf_2)
     1    0.002807    0.020411    0.055494    0.142165 ^ hold599/X (sky130_fd_sc_hd__clkbuf_2)
                                                         net598 (net)
                      0.020411    0.000082    0.142247 ^ hold605/A (sky130_fd_sc_hd__clkbuf_2)
     1    0.002206    0.018315    0.053499    0.195746 ^ hold605/X (sky130_fd_sc_hd__clkbuf_2)
                                                         net604 (net)
                      0.018318    0.000061    0.195807 ^ input341/A (sky130_fd_sc_hd__buf_2)
     1    0.003588    0.021466    0.056906    0.252713 ^ input341/X (sky130_fd_sc_hd__buf_2)
                                                         net341 (net)
                      0.021466    0.000085    0.252798 ^ hold600/A (sky130_fd_sc_hd__clkbuf_2)
     3    0.014049    0.063519    0.087998    0.340796 ^ hold600/X (sky130_fd_sc_hd__clkbuf_2)
                                                         net599 (net)
                      0.063521    0.000460    0.341256 ^ _1370_/B (sky130_fd_sc_hd__nor2_2)
     2    0.007368    0.024582    0.027532    0.368787 v _1370_/Y (sky130_fd_sc_hd__nor2_2)
                                                         _0595_ (net)
                      0.024585    0.000211    0.368999 v hold601/A (sky130_fd_sc_hd__clkbuf_2)
     4    0.025401    0.069965    0.107637    0.476636 v hold601/X (sky130_fd_sc_hd__clkbuf_2)
                                                         net600 (net)
                      0.069989    0.001243    0.477879 v _2319_/C1 (sky130_fd_sc_hd__o311a_2)
     1    0.002789    0.016259    0.085326    0.563205 v _2319_/X (sky130_fd_sc_hd__o311a_2)
                                                         _0312_ (net)
                      0.016259    0.000081    0.563286 v _2320_/A2 (sky130_fd_sc_hd__o21a_2)
     1    0.002275    0.016983    0.107833    0.671120 v _2320_/X (sky130_fd_sc_hd__o21a_2)
                                                         _0030_ (net)
                      0.016983    0.000065    0.671185 v _2685_/D (sky130_fd_sc_hd__dfxtp_2)
                                              0.671185   data arrival time

                                  0.000000    0.000000   clock clk (rise edge)
                                  0.000000    0.000000   clock source latency
     1    0.029150    0.102106    0.070929    0.070929 ^ clk (in)
                                                         clk (net)
                      0.102141    0.000000    0.070929 ^ clkbuf_0_clk/A (sky130_fd_sc_hd__clkbuf_16)
    16    0.109385    0.096372    0.151639    0.222568 ^ clkbuf_0_clk/X (sky130_fd_sc_hd__clkbuf_16)
                                                         clknet_0_clk (net)
                      0.096585    0.003715    0.226283 ^ clkbuf_4_9_0_clk/A (sky130_fd_sc_hd__clkbuf_8)
     6    0.025315    0.044127    0.111166    0.337450 ^ clkbuf_4_9_0_clk/X (sky130_fd_sc_hd__clkbuf_8)
                                                         clknet_4_9_0_clk (net)
                      0.044194    0.001472    0.338922 ^ _2685_/CLK (sky130_fd_sc_hd__dfxtp_2)
                                  0.200000    0.538922   clock uncertainty
                                  0.000000    0.538922   clock reconvergence pessimism
                                 -0.028698    0.510224   library hold time
                                              0.510224   data required time
---------------------------------------------------------------------------------------------
                                              0.510224   data required time
                                             -0.671185   data arrival time
---------------------------------------------------------------------------------------------
                                              0.160961   slack (MET)


Startpoint: a_in[10] (input port clocked by clk)
Endpoint: _2632_ (rising edge-triggered flip-flop clocked by clk)
Path Group: clk
Path Type: min

Fanout         Cap        Slew       Delay        Time   Description
---------------------------------------------------------------------------------------------
                                  0.000000    0.000000   clock clk (rise edge)
                                  0.000000    0.000000   clock network delay (propagated)
                                  0.020000    0.020000 ^ input external delay
     1    0.012501    0.047016    0.031296    0.051296 ^ a_in[10] (in)
                                                         a_in[10] (net)
                      0.047023    0.000000    0.051296 ^ hold668/A (sky130_fd_sc_hd__clkbuf_2)
     1    0.004486    0.026573    0.068622    0.119919 ^ hold668/X (sky130_fd_sc_hd__clkbuf_2)
                                                         net667 (net)
                      0.026574    0.000119    0.120038 ^ hold505/A (sky130_fd_sc_hd__clkbuf_2)
     1    0.010846    0.051116    0.080478    0.200515 ^ hold505/X (sky130_fd_sc_hd__clkbuf_2)
                                                         net504 (net)
                      0.051118    0.000401    0.200917 ^ hold669/A (sky130_fd_sc_hd__clkbuf_2)
     1    0.002884    0.020810    0.064678    0.265595 ^ hold669/X (sky130_fd_sc_hd__clkbuf_2)
                                                         net668 (net)
                      0.020810    0.000087    0.265682 ^ input310/A (sky130_fd_sc_hd__buf_2)
     1    0.003340    0.020704    0.056882    0.322564 ^ input310/X (sky130_fd_sc_hd__buf_2)
                                                         net310 (net)
                      0.020706    0.000070    0.322634 ^ hold670/A (sky130_fd_sc_hd__clkbuf_2)
     1    0.004605    0.026933    0.061307    0.383941 ^ hold670/X (sky130_fd_sc_hd__clkbuf_2)
                                                         net669 (net)
                      0.026933    0.000126    0.384066 ^ hold506/A (sky130_fd_sc_hd__clkbuf_2)
     2    0.007423    0.037749    0.071022    0.455089 ^ hold506/X (sky130_fd_sc_hd__clkbuf_2)
                                                         net505 (net)
                      0.037749    0.000097    0.455186 ^ hold671/A (sky130_fd_sc_hd__clkbuf_2)
     1    0.004455    0.026420    0.065785    0.520971 ^ hold671/X (sky130_fd_sc_hd__clkbuf_2)
                                                         net670 (net)
                      0.026420    0.000152    0.521123 ^ _2556_/A2 (sky130_fd_sc_hd__o211a_2)
     1    0.004755    0.033531    0.097712    0.618835 ^ _2556_/X (sky130_fd_sc_hd__o211a_2)
                                                         _0059_ (net)
                      0.033531    0.000169    0.619004 ^ hold507/A (sky130_fd_sc_hd__clkbuf_2)
     1    0.006424    0.033870    0.070113    0.689117 ^ hold507/X (sky130_fd_sc_hd__clkbuf_2)
                                                         net506 (net)
                      0.033871    0.000243    0.689359 ^ _2632_/D (sky130_fd_sc_hd__dfxtp_2)
                                              0.689359   data arrival time

                                  0.000000    0.000000   clock clk (rise edge)
                                  0.000000    0.000000   clock source latency
     1    0.029150    0.102106    0.070929    0.070929 ^ clk (in)
                                                         clk (net)
                      0.102141    0.000000    0.070929 ^ clkbuf_0_clk/A (sky130_fd_sc_hd__clkbuf_16)
    16    0.109385    0.096372    0.151639    0.222568 ^ clkbuf_0_clk/X (sky130_fd_sc_hd__clkbuf_16)
                                                         clknet_0_clk (net)
                      0.097443    0.008100    0.230668 ^ clkbuf_4_5_0_clk/A (sky130_fd_sc_hd__clkbuf_8)
     6    0.022191    0.040826    0.108463    0.339131 ^ clkbuf_4_5_0_clk/X (sky130_fd_sc_hd__clkbuf_8)
                                                         clknet_4_5_0_clk (net)
                      0.040835    0.000608    0.339738 ^ _2632_/CLK (sky130_fd_sc_hd__dfxtp_2)
                                  0.200000    0.539738   clock uncertainty
                                  0.000000    0.539738   clock reconvergence pessimism
                                 -0.017268    0.522470   library hold time
                                              0.522470   data required time
---------------------------------------------------------------------------------------------
                                              0.522470   data required time
                                             -0.689359   data arrival time
---------------------------------------------------------------------------------------------
                                              0.166889   slack (MET)


Startpoint: a_in[8] (input port clocked by clk)
Endpoint: _2630_ (rising edge-triggered flip-flop clocked by clk)
Path Group: clk
Path Type: min

Fanout         Cap        Slew       Delay        Time   Description
---------------------------------------------------------------------------------------------
                                  0.000000    0.000000   clock clk (rise edge)
                                  0.000000    0.000000   clock network delay (propagated)
                                  0.020000    0.020000 ^ input external delay
     1    0.013928    0.051822    0.034843    0.054843 ^ a_in[8] (in)
                                                         a_in[8] (net)
                      0.051837    0.000000    0.054843 ^ hold664/A (sky130_fd_sc_hd__clkbuf_2)
     1    0.004815    0.027817    0.070966    0.125810 ^ hold664/X (sky130_fd_sc_hd__clkbuf_2)
                                                         net663 (net)
                      0.027818    0.000138    0.125948 ^ hold468/A (sky130_fd_sc_hd__clkbuf_2)
     1    0.012094    0.055900    0.084174    0.210122 ^ hold468/X (sky130_fd_sc_hd__clkbuf_2)
                                                         net467 (net)
                      0.055940    0.000788    0.210911 ^ hold665/A (sky130_fd_sc_hd__clkbuf_2)
     1    0.003380    0.022642    0.067450    0.278360 ^ hold665/X (sky130_fd_sc_hd__clkbuf_2)
                                                         net664 (net)
                      0.022643    0.000110    0.278470 ^ input323/A (sky130_fd_sc_hd__buf_2)
     1    0.004212    0.023433    0.059936    0.338406 ^ input323/X (sky130_fd_sc_hd__buf_2)
                                                         net323 (net)
                      0.023433    0.000139    0.338545 ^ hold666/A (sky130_fd_sc_hd__clkbuf_2)
     1    0.002864    0.020617    0.056462    0.395008 ^ hold666/X (sky130_fd_sc_hd__clkbuf_2)
                                                         net665 (net)
                      0.020617    0.000059    0.395066 ^ hold469/A (sky130_fd_sc_hd__clkbuf_2)
     2    0.009272    0.044933    0.074407    0.469473 ^ hold469/X (sky130_fd_sc_hd__clkbuf_2)
                                                         net468 (net)
                      0.044933    0.000246    0.469719 ^ hold667/A (sky130_fd_sc_hd__clkbuf_2)
     1    0.005691    0.031098    0.071390    0.541109 ^ hold667/X (sky130_fd_sc_hd__clkbuf_2)
                                                         net666 (net)
                      0.031099    0.000216    0.541325 ^ _2552_/A2 (sky130_fd_sc_hd__o211a_2)
     1    0.003503    0.028555    0.093664    0.634990 ^ _2552_/X (sky130_fd_sc_hd__o211a_2)
                                                         _0057_ (net)
                      0.028555    0.000110    0.635100 ^ hold470/A (sky130_fd_sc_hd__clkbuf_2)
     1    0.002466    0.019250    0.056675    0.691775 ^ hold470/X (sky130_fd_sc_hd__clkbuf_2)
                                                         net469 (net)
                      0.019250    0.000073    0.691848 ^ _2630_/D (sky130_fd_sc_hd__dfxtp_2)
                                              0.691848   data arrival time

                                  0.000000    0.000000   clock clk (rise edge)
                                  0.000000    0.000000   clock source latency
     1    0.029150    0.102106    0.070929    0.070929 ^ clk (in)
                                                         clk (net)
                      0.102141    0.000000    0.070929 ^ clkbuf_0_clk/A (sky130_fd_sc_hd__clkbuf_16)
    16    0.109385    0.096372    0.151639    0.222568 ^ clkbuf_0_clk/X (sky130_fd_sc_hd__clkbuf_16)
                                                         clknet_0_clk (net)
                      0.097443    0.008100    0.230668 ^ clkbuf_4_5_0_clk/A (sky130_fd_sc_hd__clkbuf_8)
     6    0.022191    0.040826    0.108463    0.339131 ^ clkbuf_4_5_0_clk/X (sky130_fd_sc_hd__clkbuf_8)
                                                         clknet_4_5_0_clk (net)
                      0.040833    0.000553    0.339684 ^ _2630_/CLK (sky130_fd_sc_hd__dfxtp_2)
                                  0.200000    0.539684   clock uncertainty
                                  0.000000    0.539684   clock reconvergence pessimism
                                 -0.016235    0.523449   library hold time
                                              0.523449   data required time
---------------------------------------------------------------------------------------------
                                              0.523449   data required time
                                             -0.691848   data arrival time
---------------------------------------------------------------------------------------------
                                              0.168399   slack (MET)


Startpoint: b_in[2] (input port clocked by clk)
Endpoint: _2657_ (rising edge-triggered flip-flop clocked by clk)
Path Group: clk
Path Type: min

Fanout         Cap        Slew       Delay        Time   Description
---------------------------------------------------------------------------------------------
                                  0.000000    0.000000   clock clk (rise edge)
                                  0.000000    0.000000   clock network delay (propagated)
                                  0.020000    0.020000 ^ input external delay
     1    0.009880    0.038115    0.024841    0.044841 ^ b_in[2] (in)
                                                         b_in[2] (net)
                      0.038117    0.000000    0.044841 ^ hold500/A (sky130_fd_sc_hd__clkbuf_2)
     1    0.002580    0.019693    0.059874    0.104716 ^ hold500/X (sky130_fd_sc_hd__clkbuf_2)
                                                         net499 (net)
                      0.019693    0.000051    0.104766 ^ hold489/A (sky130_fd_sc_hd__clkbuf_2)
     1    0.003015    0.021137    0.055930    0.160696 ^ hold489/X (sky130_fd_sc_hd__clkbuf_2)
                                                         net488 (net)
                      0.021137    0.000064    0.160760 ^ hold501/A (sky130_fd_sc_hd__clkbuf_2)
     1    0.004551    0.026720    0.061252    0.222012 ^ hold501/X (sky130_fd_sc_hd__clkbuf_2)
                                                         net500 (net)
                      0.026721    0.000170    0.222181 ^ input333/A (sky130_fd_sc_hd__buf_2)
     1    0.005001    0.025964    0.063362    0.285543 ^ input333/X (sky130_fd_sc_hd__buf_2)
                                                         net333 (net)
                      0.025964    0.000170    0.285714 ^ hold502/A (sky130_fd_sc_hd__clkbuf_2)
     1    0.011344    0.053061    0.081753    0.367466 ^ hold502/X (sky130_fd_sc_hd__clkbuf_2)
                                                         net501 (net)
                      0.053063    0.000380    0.367846 ^ hold490/A (sky130_fd_sc_hd__clkbuf_2)
     2    0.011784    0.054690    0.090804    0.458650 ^ hold490/X (sky130_fd_sc_hd__clkbuf_2)
                                                         net489 (net)
                      0.054697    0.000661    0.459310 ^ hold503/A (sky130_fd_sc_hd__clkbuf_2)
     2    0.008586    0.042326    0.082348    0.541658 ^ hold503/X (sky130_fd_sc_hd__clkbuf_2)
                                                         net502 (net)
                      0.042326    0.000068    0.541726 ^ _2617_/A1 (sky130_fd_sc_hd__o211a_2)
     1    0.003097    0.027067    0.099562    0.641289 ^ _2617_/X (sky130_fd_sc_hd__o211a_2)
                                                         _0084_ (net)
                      0.027067    0.000093    0.641382 ^ hold504/A (sky130_fd_sc_hd__clkbuf_2)
     1    0.002300    0.018661    0.055699    0.697081 ^ hold504/X (sky130_fd_sc_hd__clkbuf_2)
                                                         net503 (net)
                      0.018664    0.000066    0.697147 ^ _2657_/D (sky130_fd_sc_hd__dfxtp_2)
                                              0.697147   data arrival time

                                  0.000000    0.000000   clock clk (rise edge)
                                  0.000000    0.000000   clock source latency
     1    0.029150    0.102106    0.070929    0.070929 ^ clk (in)
                                                         clk (net)
                      0.102141    0.000000    0.070929 ^ clkbuf_0_clk/A (sky130_fd_sc_hd__clkbuf_16)
    16    0.109385    0.096372    0.151639    0.222568 ^ clkbuf_0_clk/X (sky130_fd_sc_hd__clkbuf_16)
                                                         clknet_0_clk (net)
                      0.096435    0.002059    0.224626 ^ clkbuf_4_10_0_clk/A (sky130_fd_sc_hd__clkbuf_8)
     6    0.033160    0.053478    0.117822    0.342449 ^ clkbuf_4_10_0_clk/X (sky130_fd_sc_hd__clkbuf_8)
                                                         clknet_4_10_0_clk (net)
                      0.053651    0.002036    0.344484 ^ _2657_/CLK (sky130_fd_sc_hd__dfxtp_2)
                                  0.200000    0.544484   clock uncertainty
                                  0.000000    0.544484   clock reconvergence pessimism
                                 -0.015889    0.528595   library hold time
                                              0.528595   data required time
---------------------------------------------------------------------------------------------
                                              0.528595   data required time
                                             -0.697147   data arrival time
---------------------------------------------------------------------------------------------
                                              0.168552   slack (MET)


Startpoint: clear_acc (input port clocked by clk)
Endpoint: _2676_ (rising edge-triggered flip-flop clocked by clk)
Path Group: clk
Path Type: min

Fanout         Cap        Slew       Delay        Time   Description
---------------------------------------------------------------------------------------------
                                  0.000000    0.000000   clock clk (rise edge)
                                  0.000000    0.000000   clock network delay (propagated)
                                  0.020000    0.020000 ^ input external delay
     1    0.004333    0.019394    0.011260    0.031260 ^ clear_acc (in)
                                                         clear_acc (net)
                      0.019394    0.000000    0.031260 ^ hold604/A (sky130_fd_sc_hd__clkbuf_2)
     1    0.002862    0.020601    0.055352    0.086612 ^ hold604/X (sky130_fd_sc_hd__clkbuf_2)
                                                         net603 (net)
                      0.020601    0.000059    0.086671 ^ hold599/A (sky130_fd_sc_hd__clkbuf_2)
     1    0.002807    0.020411    0.055494    0.142165 ^ hold599/X (sky130_fd_sc_hd__clkbuf_2)
                                                         net598 (net)
                      0.020411    0.000082    0.142247 ^ hold605/A (sky130_fd_sc_hd__clkbuf_2)
     1    0.002206    0.018315    0.053499    0.195746 ^ hold605/X (sky130_fd_sc_hd__clkbuf_2)
                                                         net604 (net)
                      0.018318    0.000061    0.195807 ^ input341/A (sky130_fd_sc_hd__buf_2)
     1    0.003588    0.021466    0.056906    0.252713 ^ input341/X (sky130_fd_sc_hd__buf_2)
                                                         net341 (net)
                      0.021466    0.000085    0.252798 ^ hold600/A (sky130_fd_sc_hd__clkbuf_2)
     3    0.014049    0.063519    0.087998    0.340796 ^ hold600/X (sky130_fd_sc_hd__clkbuf_2)
                                                         net599 (net)
                      0.063521    0.000420    0.341216 ^ _1792_/B (sky130_fd_sc_hd__or2_2)
     7    0.036246    0.144117    0.159298    0.500513 ^ _1792_/X (sky130_fd_sc_hd__or2_2)
                                                         _1016_ (net)
                      0.144141    0.001519    0.502032 ^ _2037_/B1 (sky130_fd_sc_hd__a31o_2)
     1    0.002596    0.022523    0.067511    0.569543 ^ _2037_/X (sky130_fd_sc_hd__a31o_2)
                                                         _1256_ (net)
                      0.022523    0.000076    0.569619 ^ _2038_/B2 (sky130_fd_sc_hd__o2bb2a_2)
     1    0.005084    0.031211    0.092338    0.661957 ^ _2038_/X (sky130_fd_sc_hd__o2bb2a_2)
                                                         _1257_ (net)
                      0.031225    0.000148    0.662105 ^ _2039_/B (sky130_fd_sc_hd__nor2_2)
     1    0.003584    0.013113    0.018080    0.680185 v _2039_/Y (sky130_fd_sc_hd__nor2_2)
                                                         _0021_ (net)
                      0.013113    0.000117    0.680302 v _2676_/D (sky130_fd_sc_hd__dfxtp_2)
                                              0.680302   data arrival time

                                  0.000000    0.000000   clock clk (rise edge)
                                  0.000000    0.000000   clock source latency
     1    0.029150    0.102106    0.070929    0.070929 ^ clk (in)
                                                         clk (net)
                      0.102141    0.000000    0.070929 ^ clkbuf_0_clk/A (sky130_fd_sc_hd__clkbuf_16)
    16    0.109385    0.096372    0.151639    0.222568 ^ clkbuf_0_clk/X (sky130_fd_sc_hd__clkbuf_16)
                                                         clknet_0_clk (net)
                      0.096789    0.005124    0.227692 ^ clkbuf_4_12_0_clk/A (sky130_fd_sc_hd__clkbuf_8)
     6    0.022809    0.041527    0.108954    0.336645 ^ clkbuf_4_12_0_clk/X (sky130_fd_sc_hd__clkbuf_8)
                                                         clknet_4_12_0_clk (net)
                      0.041534    0.000521    0.337166 ^ _2676_/CLK (sky130_fd_sc_hd__dfxtp_2)
                                  0.200000    0.537166   clock uncertainty
                                  0.000000    0.537166   clock reconvergence pessimism
                                 -0.027672    0.509495   library hold time
                                              0.509495   data required time
---------------------------------------------------------------------------------------------
                                              0.509495   data required time
                                             -0.680302   data arrival time
---------------------------------------------------------------------------------------------
                                              0.170807   slack (MET)


Startpoint: a_in[3] (input port clocked by clk)
Endpoint: _2625_ (rising edge-triggered flip-flop clocked by clk)
Path Group: clk
Path Type: min

Fanout         Cap        Slew       Delay        Time   Description
---------------------------------------------------------------------------------------------
                                  0.000000    0.000000   clock clk (rise edge)
                                  0.000000    0.000000   clock network delay (propagated)
                                  0.020000    0.020000 ^ input external delay
     1    0.008208    0.032476    0.020860    0.040860 ^ a_in[3] (in)
                                                         a_in[3] (net)
                      0.032481    0.000000    0.040860 ^ hold632/A (sky130_fd_sc_hd__clkbuf_2)
     1    0.009750    0.046811    0.079207    0.120067 ^ hold632/X (sky130_fd_sc_hd__clkbuf_2)
                                                         net631 (net)
                      0.046812    0.000303    0.120370 ^ hold438/A (sky130_fd_sc_hd__clkbuf_2)
     1    0.004238    0.025652    0.067748    0.188118 ^ hold438/X (sky130_fd_sc_hd__clkbuf_2)
                                                         net437 (net)
                      0.025653    0.000144    0.188262 ^ hold633/A (sky130_fd_sc_hd__clkbuf_2)
     1    0.008960    0.043725    0.074956    0.263219 ^ hold633/X (sky130_fd_sc_hd__clkbuf_2)
                                                         net632 (net)
                      0.043726    0.000308    0.263526 ^ input318/A (sky130_fd_sc_hd__buf_2)
     1    0.005232    0.026733    0.069071    0.332597 ^ input318/X (sky130_fd_sc_hd__buf_2)
                                                         net318 (net)
                      0.026735    0.000194    0.332791 ^ hold634/A (sky130_fd_sc_hd__clkbuf_2)
     1    0.004890    0.028021    0.063830    0.396621 ^ hold634/X (sky130_fd_sc_hd__clkbuf_2)
                                                         net633 (net)
                      0.028021    0.000124    0.396745 ^ hold439/A (sky130_fd_sc_hd__clkbuf_2)
     2    0.008669    0.042594    0.074796    0.471541 ^ hold439/X (sky130_fd_sc_hd__clkbuf_2)
                                                         net438 (net)
                      0.042596    0.000352    0.471893 ^ hold635/A (sky130_fd_sc_hd__clkbuf_2)
     1    0.004173    0.025401    0.066306    0.538199 ^ hold635/X (sky130_fd_sc_hd__clkbuf_2)
                                                         net634 (net)
                      0.025401    0.000137    0.538336 ^ _2542_/A2 (sky130_fd_sc_hd__o211a_2)
     1    0.003185    0.027362    0.091387    0.629722 ^ _2542_/X (sky130_fd_sc_hd__o211a_2)
                                                         _0052_ (net)
                      0.027362    0.000096    0.629818 ^ hold440/A (sky130_fd_sc_hd__clkbuf_2)
     1    0.002655    0.019903    0.056936    0.686754 ^ hold440/X (sky130_fd_sc_hd__clkbuf_2)
                                                         net439 (net)
                      0.019903    0.000078    0.686832 ^ _2625_/D (sky130_fd_sc_hd__dfxtp_2)
                                              0.686832   data arrival time

                                  0.000000    0.000000   clock clk (rise edge)
                                  0.000000    0.000000   clock source latency
     1    0.029150    0.102106    0.070929    0.070929 ^ clk (in)
                                                         clk (net)
                      0.102141    0.000000    0.070929 ^ clkbuf_0_clk/A (sky130_fd_sc_hd__clkbuf_16)
    16    0.109385    0.096372    0.151639    0.222568 ^ clkbuf_0_clk/X (sky130_fd_sc_hd__clkbuf_16)
                                                         clknet_0_clk (net)
                      0.096878    0.005628    0.228196 ^ clkbuf_4_3_0_clk/A (sky130_fd_sc_hd__clkbuf_8)
     6    0.017527    0.035521    0.103453    0.331649 ^ clkbuf_4_3_0_clk/X (sky130_fd_sc_hd__clkbuf_8)
                                                         clknet_4_3_0_clk (net)
                      0.035528    0.000472    0.332121 ^ _2625_/CLK (sky130_fd_sc_hd__dfxtp_2)
                                  0.200000    0.532121   clock uncertainty
                                  0.000000    0.532121   clock reconvergence pessimism
                                 -0.016407    0.515714   library hold time
                                              0.515714   data required time
---------------------------------------------------------------------------------------------
                                              0.515714   data required time
                                             -0.686832   data arrival time
---------------------------------------------------------------------------------------------
                                              0.171118   slack (MET)


Startpoint: _2675_ (rising edge-triggered flip-flop clocked by clk)
Endpoint: _2675_ (rising edge-triggered flip-flop clocked by clk)
Path Group: clk
Path Type: min

Fanout         Cap        Slew       Delay        Time   Description
---------------------------------------------------------------------------------------------
                                  0.000000    0.000000   clock clk (rise edge)
                                  0.000000    0.000000   clock source latency
     1    0.029150    0.102106    0.070929    0.070929 ^ clk (in)
                                                         clk (net)
                      0.102141    0.000000    0.070929 ^ clkbuf_0_clk/A (sky130_fd_sc_hd__clkbuf_16)
    16    0.109385    0.096372    0.151639    0.222568 ^ clkbuf_0_clk/X (sky130_fd_sc_hd__clkbuf_16)
                                                         clknet_0_clk (net)
                      0.096853    0.005490    0.228058 ^ clkbuf_4_15_0_clk/A (sky130_fd_sc_hd__clkbuf_8)
     6    0.024157    0.042784    0.110351    0.338408 ^ clkbuf_4_15_0_clk/X (sky130_fd_sc_hd__clkbuf_8)
                                                         clknet_4_15_0_clk (net)
                      0.042793    0.000571    0.338980 ^ _2675_/CLK (sky130_fd_sc_hd__dfxtp_2)
     3    0.013028    0.055815    0.218463    0.557442 ^ _2675_/Q (sky130_fd_sc_hd__dfxtp_2)
                                                         r3_prod_mant[4] (net)
                      0.055816    0.000281    0.557723 ^ _1995_/B1 (sky130_fd_sc_hd__a32o_2)
     1    0.001859    0.021527    0.062843    0.620567 ^ _1995_/X (sky130_fd_sc_hd__a32o_2)
                                                         _1215_ (net)
                      0.021527    0.000036    0.620602 ^ _1996_/B (sky130_fd_sc_hd__and2_2)
     1    0.002450    0.023710    0.074734    0.695336 ^ _1996_/X (sky130_fd_sc_hd__and2_2)
                                                         _1216_ (net)
                      0.023710    0.000072    0.695408 ^ _2675_/D (sky130_fd_sc_hd__dfxtp_2)
                                              0.695408   data arrival time

                                  0.000000    0.000000   clock clk (rise edge)
                                  0.000000    0.000000   clock source latency
     1    0.029150    0.102106    0.070929    0.070929 ^ clk (in)
                                                         clk (net)
                      0.102141    0.000000    0.070929 ^ clkbuf_0_clk/A (sky130_fd_sc_hd__clkbuf_16)
    16    0.109385    0.096372    0.151639    0.222568 ^ clkbuf_0_clk/X (sky130_fd_sc_hd__clkbuf_16)
                                                         clknet_0_clk (net)
                      0.096853    0.005490    0.228058 ^ clkbuf_4_15_0_clk/A (sky130_fd_sc_hd__clkbuf_8)
     6    0.024157    0.042784    0.110351    0.338408 ^ clkbuf_4_15_0_clk/X (sky130_fd_sc_hd__clkbuf_8)
                                                         clknet_4_15_0_clk (net)
                      0.042793    0.000571    0.338980 ^ _2675_/CLK (sky130_fd_sc_hd__dfxtp_2)
                                  0.200000    0.538980   clock uncertainty
                                  0.000000    0.538980   clock reconvergence pessimism
                                 -0.016504    0.522476   library hold time
                                              0.522476   data required time
---------------------------------------------------------------------------------------------
                                              0.522476   data required time
                                             -0.695408   data arrival time
---------------------------------------------------------------------------------------------
                                              0.172932   slack (MET)


Startpoint: _2666_ (rising edge-triggered flip-flop clocked by clk)
Endpoint: _2666_ (rising edge-triggered flip-flop clocked by clk)
Path Group: clk
Path Type: min

Fanout         Cap        Slew       Delay        Time   Description
---------------------------------------------------------------------------------------------
                                  0.000000    0.000000   clock clk (rise edge)
                                  0.000000    0.000000   clock source latency
     1    0.029150    0.102106    0.070929    0.070929 ^ clk (in)
                                                         clk (net)
                      0.102141    0.000000    0.070929 ^ clkbuf_0_clk/A (sky130_fd_sc_hd__clkbuf_16)
    16    0.109385    0.096372    0.151639    0.222568 ^ clkbuf_0_clk/X (sky130_fd_sc_hd__clkbuf_16)
                                                         clknet_0_clk (net)
                      0.097415    0.007996    0.230563 ^ clkbuf_4_7_0_clk/A (sky130_fd_sc_hd__clkbuf_8)
     6    0.020276    0.038616    0.106530    0.337093 ^ clkbuf_4_7_0_clk/X (sky130_fd_sc_hd__clkbuf_8)
                                                         clknet_4_7_0_clk (net)
                      0.038620    0.000394    0.337487 ^ _2666_/CLK (sky130_fd_sc_hd__dfxtp_2)
     7    0.030375    0.118800    0.261454    0.598941 ^ _2666_/Q (sky130_fd_sc_hd__dfxtp_2)
                                                         r2_mantissa[11] (net)
                      0.118800    0.000390    0.599331 ^ _1362_/A1 (sky130_fd_sc_hd__o211a_2)
     1    0.002149    0.023529    0.106210    0.705541 ^ _1362_/X (sky130_fd_sc_hd__o211a_2)
                                                         _0011_ (net)
                      0.023529    0.000043    0.705584 ^ _2666_/D (sky130_fd_sc_hd__dfxtp_2)
                                              0.705584   data arrival time

                                  0.000000    0.000000   clock clk (rise edge)
                                  0.000000    0.000000   clock source latency
     1    0.029150    0.102106    0.070929    0.070929 ^ clk (in)
                                                         clk (net)
                      0.102141    0.000000    0.070929 ^ clkbuf_0_clk/A (sky130_fd_sc_hd__clkbuf_16)
    16    0.109385    0.096372    0.151639    0.222568 ^ clkbuf_0_clk/X (sky130_fd_sc_hd__clkbuf_16)
                                                         clknet_0_clk (net)
                      0.097415    0.007996    0.230563 ^ clkbuf_4_7_0_clk/A (sky130_fd_sc_hd__clkbuf_8)
     6    0.020276    0.038616    0.106530    0.337093 ^ clkbuf_4_7_0_clk/X (sky130_fd_sc_hd__clkbuf_8)
                                                         clknet_4_7_0_clk (net)
                      0.038620    0.000394    0.337487 ^ _2666_/CLK (sky130_fd_sc_hd__dfxtp_2)
                                  0.200000    0.537487   clock uncertainty
                                  0.000000    0.537487   clock reconvergence pessimism
                                 -0.016590    0.520897   library hold time
                                              0.520897   data required time
---------------------------------------------------------------------------------------------
                                              0.520897   data required time
                                             -0.705584   data arrival time
---------------------------------------------------------------------------------------------
                                              0.184687   slack (MET)


Startpoint: b_in[2] (input port clocked by clk)
Endpoint: _2640_ (rising edge-triggered flip-flop clocked by clk)
Path Group: clk
Path Type: min

Fanout         Cap        Slew       Delay        Time   Description
---------------------------------------------------------------------------------------------
                                  0.000000    0.000000   clock clk (rise edge)
                                  0.000000    0.000000   clock network delay (propagated)
                                  0.020000    0.020000 ^ input external delay
     1    0.009880    0.038115    0.024841    0.044841 ^ b_in[2] (in)
                                                         b_in[2] (net)
                      0.038117    0.000000    0.044841 ^ hold500/A (sky130_fd_sc_hd__clkbuf_2)
     1    0.002580    0.019693    0.059874    0.104716 ^ hold500/X (sky130_fd_sc_hd__clkbuf_2)
                                                         net499 (net)
                      0.019693    0.000051    0.104766 ^ hold489/A (sky130_fd_sc_hd__clkbuf_2)
     1    0.003015    0.021137    0.055930    0.160696 ^ hold489/X (sky130_fd_sc_hd__clkbuf_2)
                                                         net488 (net)
                      0.021137    0.000064    0.160760 ^ hold501/A (sky130_fd_sc_hd__clkbuf_2)
     1    0.004551    0.026720    0.061252    0.222012 ^ hold501/X (sky130_fd_sc_hd__clkbuf_2)
                                                         net500 (net)
                      0.026721    0.000170    0.222181 ^ input333/A (sky130_fd_sc_hd__buf_2)
     1    0.005001    0.025964    0.063362    0.285543 ^ input333/X (sky130_fd_sc_hd__buf_2)
                                                         net333 (net)
                      0.025964    0.000170    0.285714 ^ hold502/A (sky130_fd_sc_hd__clkbuf_2)
     1    0.011344    0.053061    0.081753    0.367466 ^ hold502/X (sky130_fd_sc_hd__clkbuf_2)
                                                         net501 (net)
                      0.053063    0.000380    0.367846 ^ hold490/A (sky130_fd_sc_hd__clkbuf_2)
     2    0.011784    0.054690    0.090804    0.458650 ^ hold490/X (sky130_fd_sc_hd__clkbuf_2)
                                                         net489 (net)
                      0.054697    0.000661    0.459310 ^ hold503/A (sky130_fd_sc_hd__clkbuf_2)
     2    0.008586    0.042326    0.082348    0.541658 ^ hold503/X (sky130_fd_sc_hd__clkbuf_2)
                                                         net502 (net)
                      0.042326    0.000187    0.541845 ^ _2578_/A2 (sky130_fd_sc_hd__o211a_2)
     1    0.004740    0.033492    0.100424    0.642269 ^ _2578_/X (sky130_fd_sc_hd__o211a_2)
                                                         _0067_ (net)
                      0.033492    0.000130    0.642398 ^ hold491/A (sky130_fd_sc_hd__clkbuf_2)
     1    0.003894    0.024342    0.062743    0.705141 ^ hold491/X (sky130_fd_sc_hd__clkbuf_2)
                                                         net490 (net)
                      0.024342    0.000119    0.705260 ^ _2640_/D (sky130_fd_sc_hd__dfxtp_2)
                                              0.705260   data arrival time

                                  0.000000    0.000000   clock clk (rise edge)
                                  0.000000    0.000000   clock source latency
     1    0.029150    0.102106    0.070929    0.070929 ^ clk (in)
                                                         clk (net)
                      0.102141    0.000000    0.070929 ^ clkbuf_0_clk/A (sky130_fd_sc_hd__clkbuf_16)
    16    0.109385    0.096372    0.151639    0.222568 ^ clkbuf_0_clk/X (sky130_fd_sc_hd__clkbuf_16)
                                                         clknet_0_clk (net)
                      0.096932    0.005910    0.228478 ^ clkbuf_4_2_0_clk/A (sky130_fd_sc_hd__clkbuf_8)
     6    0.021574    0.040107    0.107662    0.336140 ^ clkbuf_4_2_0_clk/X (sky130_fd_sc_hd__clkbuf_8)
                                                         clknet_4_2_0_clk (net)
                      0.040114    0.000521    0.336661 ^ _2640_/CLK (sky130_fd_sc_hd__dfxtp_2)
                                  0.200000    0.536661   clock uncertainty
                                  0.000000    0.536661   clock reconvergence pessimism
                                 -0.016612    0.520049   library hold time
                                              0.520049   data required time
---------------------------------------------------------------------------------------------
                                              0.520049   data required time
                                             -0.705260   data arrival time
---------------------------------------------------------------------------------------------
                                              0.185211   slack (MET)


Startpoint: a_in[11] (input port clocked by clk)
Endpoint: _2633_ (rising edge-triggered flip-flop clocked by clk)
Path Group: clk
Path Type: min

Fanout         Cap        Slew       Delay        Time   Description
---------------------------------------------------------------------------------------------
                                  0.000000    0.000000   clock clk (rise edge)
                                  0.000000    0.000000   clock network delay (propagated)
                                  0.020000    0.020000 ^ input external delay
     1    0.013294    0.049731    0.033340    0.053340 ^ a_in[11] (in)
                                                         a_in[11] (net)
                      0.049747    0.000000    0.053340 ^ hold640/A (sky130_fd_sc_hd__clkbuf_2)
     1    0.006980    0.036039    0.076419    0.129759 ^ hold640/X (sky130_fd_sc_hd__clkbuf_2)
                                                         net639 (net)
                      0.036041    0.000284    0.130042 ^ hold441/A (sky130_fd_sc_hd__clkbuf_2)
     1    0.003695    0.023621    0.062839    0.192881 ^ hold441/X (sky130_fd_sc_hd__clkbuf_2)
                                                         net440 (net)
                      0.023621    0.000121    0.193002 ^ hold641/A (sky130_fd_sc_hd__clkbuf_2)
     1    0.003283    0.022083    0.057859    0.250861 ^ hold641/X (sky130_fd_sc_hd__clkbuf_2)
                                                         net640 (net)
                      0.022084    0.000107    0.250969 ^ input311/A (sky130_fd_sc_hd__buf_2)
     1    0.006548    0.031058    0.065923    0.316892 ^ input311/X (sky130_fd_sc_hd__buf_2)
                                                         net311 (net)
                      0.031059    0.000207    0.317099 ^ hold642/A (sky130_fd_sc_hd__clkbuf_2)
     1    0.012843    0.058754    0.087223    0.404322 ^ hold642/X (sky130_fd_sc_hd__clkbuf_2)
                                                         net641 (net)
                      0.058798    0.000873    0.405195 ^ hold442/A (sky130_fd_sc_hd__clkbuf_2)
     2    0.009441    0.045733    0.085592    0.490788 ^ hold442/X (sky130_fd_sc_hd__clkbuf_2)
                                                         net441 (net)
                      0.045734    0.000262    0.491049 ^ hold643/A (sky130_fd_sc_hd__clkbuf_2)
     1    0.004768    0.027616    0.069034    0.560084 ^ hold643/X (sky130_fd_sc_hd__clkbuf_2)
                                                         net642 (net)
                      0.027617    0.000167    0.560250 ^ _2558_/A2 (sky130_fd_sc_hd__o211a_2)
     1    0.003384    0.028091    0.092579    0.652829 ^ _2558_/X (sky130_fd_sc_hd__o211a_2)
                                                         _0060_ (net)
                      0.028091    0.000104    0.652933 ^ hold443/A (sky130_fd_sc_hd__clkbuf_2)
     1    0.003286    0.022113    0.059186    0.712119 ^ hold443/X (sky130_fd_sc_hd__clkbuf_2)
                                                         net442 (net)
                      0.022113    0.000107    0.712225 ^ _2633_/D (sky130_fd_sc_hd__dfxtp_2)
                                              0.712225   data arrival time

                                  0.000000    0.000000   clock clk (rise edge)
                                  0.000000    0.000000   clock source latency
     1    0.029150    0.102106    0.070929    0.070929 ^ clk (in)
                                                         clk (net)
                      0.102141    0.000000    0.070929 ^ clkbuf_0_clk/A (sky130_fd_sc_hd__clkbuf_16)
    16    0.109385    0.096372    0.151639    0.222568 ^ clkbuf_0_clk/X (sky130_fd_sc_hd__clkbuf_16)
                                                         clknet_0_clk (net)
                      0.097443    0.008100    0.230668 ^ clkbuf_4_5_0_clk/A (sky130_fd_sc_hd__clkbuf_8)
     6    0.022191    0.040826    0.108463    0.339131 ^ clkbuf_4_5_0_clk/X (sky130_fd_sc_hd__clkbuf_8)
                                                         clknet_4_5_0_clk (net)
                      0.040831    0.000477    0.339607 ^ _2633_/CLK (sky130_fd_sc_hd__dfxtp_2)
                                  0.200000    0.539607   clock uncertainty
                                  0.000000    0.539607   clock reconvergence pessimism
                                 -0.016437    0.523170   library hold time
                                              0.523170   data required time
---------------------------------------------------------------------------------------------
                                              0.523170   data required time
                                             -0.712225   data arrival time
---------------------------------------------------------------------------------------------
                                              0.189056   slack (MET)


Startpoint: _2681_ (rising edge-triggered flip-flop clocked by clk)
Endpoint: _2681_ (rising edge-triggered flip-flop clocked by clk)
Path Group: clk
Path Type: min

Fanout         Cap        Slew       Delay        Time   Description
---------------------------------------------------------------------------------------------
                                  0.000000    0.000000   clock clk (rise edge)
                                  0.000000    0.000000   clock source latency
     1    0.029150    0.102106    0.070929    0.070929 ^ clk (in)
                                                         clk (net)
                      0.102141    0.000000    0.070929 ^ clkbuf_0_clk/A (sky130_fd_sc_hd__clkbuf_16)
    16    0.109385    0.096372    0.151639    0.222568 ^ clkbuf_0_clk/X (sky130_fd_sc_hd__clkbuf_16)
                                                         clknet_0_clk (net)
                      0.096585    0.003715    0.226283 ^ clkbuf_4_9_0_clk/A (sky130_fd_sc_hd__clkbuf_8)
     6    0.025315    0.044127    0.111166    0.337450 ^ clkbuf_4_9_0_clk/X (sky130_fd_sc_hd__clkbuf_8)
                                                         clknet_4_9_0_clk (net)
                      0.044142    0.000820    0.338269 ^ _2681_/CLK (sky130_fd_sc_hd__dfxtp_2)
     3    0.013138    0.033344    0.213872    0.552141 v _2681_/Q (sky130_fd_sc_hd__dfxtp_2)
                                                         r3_prod_mant[10] (net)
                      0.033345    0.000249    0.552390 v _2229_/A2_N (sky130_fd_sc_hd__o2bb2a_2)
     1    0.005808    0.033656    0.134209    0.686599 ^ _2229_/X (sky130_fd_sc_hd__o2bb2a_2)
                                                         _0226_ (net)
                      0.033656    0.000188    0.686786 ^ _2230_/B (sky130_fd_sc_hd__nor2_2)
     1    0.002197    0.011837    0.015670    0.702456 v _2230_/Y (sky130_fd_sc_hd__nor2_2)
                                                         _0026_ (net)
                      0.011837    0.000063    0.702519 v _2681_/D (sky130_fd_sc_hd__dfxtp_2)
                                              0.702519   data arrival time

                                  0.000000    0.000000   clock clk (rise edge)
                                  0.000000    0.000000   clock source latency
     1    0.029150    0.102106    0.070929    0.070929 ^ clk (in)
                                                         clk (net)
                      0.102141    0.000000    0.070929 ^ clkbuf_0_clk/A (sky130_fd_sc_hd__clkbuf_16)
    16    0.109385    0.096372    0.151639    0.222568 ^ clkbuf_0_clk/X (sky130_fd_sc_hd__clkbuf_16)
                                                         clknet_0_clk (net)
                      0.096585    0.003715    0.226283 ^ clkbuf_4_9_0_clk/A (sky130_fd_sc_hd__clkbuf_8)
     6    0.025315    0.044127    0.111166    0.337450 ^ clkbuf_4_9_0_clk/X (sky130_fd_sc_hd__clkbuf_8)
                                                         clknet_4_9_0_clk (net)
                      0.044142    0.000820    0.338269 ^ _2681_/CLK (sky130_fd_sc_hd__dfxtp_2)
                                  0.200000    0.538269   clock uncertainty
                                  0.000000    0.538269   clock reconvergence pessimism
                                 -0.026990    0.511279   library hold time
                                              0.511279   data required time
---------------------------------------------------------------------------------------------
                                              0.511279   data required time
                                             -0.702519   data arrival time
---------------------------------------------------------------------------------------------
                                              0.191240   slack (MET)


Startpoint: a_in[1] (input port clocked by clk)
Endpoint: _2623_ (rising edge-triggered flip-flop clocked by clk)
Path Group: clk
Path Type: min

Fanout         Cap        Slew       Delay        Time   Description
---------------------------------------------------------------------------------------------
                                  0.000000    0.000000   clock clk (rise edge)
                                  0.000000    0.000000   clock network delay (propagated)
                                  0.020000    0.020000 ^ input external delay
     1    0.009196    0.035819    0.023261    0.043261 ^ a_in[1] (in)
                                                         a_in[1] (net)
                      0.035825    0.000000    0.043261 ^ hold620/A (sky130_fd_sc_hd__clkbuf_2)
     1    0.005168    0.029087    0.067246    0.110507 ^ hold620/X (sky130_fd_sc_hd__clkbuf_2)
                                                         net619 (net)
                      0.029088    0.000200    0.110707 ^ hold432/A (sky130_fd_sc_hd__clkbuf_2)
     1    0.012796    0.058588    0.086578    0.197285 ^ hold432/X (sky130_fd_sc_hd__clkbuf_2)
                                                         net431 (net)
                      0.058632    0.000835    0.198120 ^ hold621/A (sky130_fd_sc_hd__clkbuf_2)
     1    0.011129    0.052322    0.090202    0.288322 ^ hold621/X (sky130_fd_sc_hd__clkbuf_2)
                                                         net620 (net)
                      0.052328    0.000563    0.288885 ^ input316/A (sky130_fd_sc_hd__buf_2)
     1    0.008878    0.038998    0.080899    0.369784 ^ input316/X (sky130_fd_sc_hd__buf_2)
                                                         net316 (net)
                      0.039001    0.000402    0.370186 ^ hold622/A (sky130_fd_sc_hd__clkbuf_2)
     1    0.003558    0.023135    0.063274    0.433460 ^ hold622/X (sky130_fd_sc_hd__clkbuf_2)
                                                         net621 (net)
                      0.023135    0.000111    0.433570 ^ hold433/A (sky130_fd_sc_hd__clkbuf_2)
     2    0.007415    0.037712    0.069868    0.503439 ^ hold433/X (sky130_fd_sc_hd__clkbuf_2)
                                                         net432 (net)
                      0.037713    0.000225    0.503664 ^ hold623/A (sky130_fd_sc_hd__clkbuf_2)
     1    0.003026    0.021243    0.061191    0.564855 ^ hold623/X (sky130_fd_sc_hd__clkbuf_2)
                                                         net622 (net)
                      0.021243    0.000062    0.564917 ^ _2535_/A2 (sky130_fd_sc_hd__o211a_2)
     1    0.003095    0.027028    0.090205    0.655123 ^ _2535_/X (sky130_fd_sc_hd__o211a_2)
                                                         _0050_ (net)
                      0.027028    0.000092    0.655215 ^ hold434/A (sky130_fd_sc_hd__clkbuf_2)
     1    0.002113    0.018012    0.055089    0.710303 ^ hold434/X (sky130_fd_sc_hd__clkbuf_2)
                                                         net433 (net)
                      0.018012    0.000042    0.710345 ^ _2623_/D (sky130_fd_sc_hd__dfxtp_2)
                                              0.710345   data arrival time

                                  0.000000    0.000000   clock clk (rise edge)
                                  0.000000    0.000000   clock source latency
     1    0.029150    0.102106    0.070929    0.070929 ^ clk (in)
                                                         clk (net)
                      0.102141    0.000000    0.070929 ^ clkbuf_0_clk/A (sky130_fd_sc_hd__clkbuf_16)
    16    0.109385    0.096372    0.151639    0.222568 ^ clkbuf_0_clk/X (sky130_fd_sc_hd__clkbuf_16)
                                                         clknet_0_clk (net)
                      0.096878    0.005628    0.228196 ^ clkbuf_4_3_0_clk/A (sky130_fd_sc_hd__clkbuf_8)
     6    0.017527    0.035521    0.103453    0.331649 ^ clkbuf_4_3_0_clk/X (sky130_fd_sc_hd__clkbuf_8)
                                                         clknet_4_3_0_clk (net)
                      0.035528    0.000479    0.332128 ^ _2623_/CLK (sky130_fd_sc_hd__dfxtp_2)
                                  0.200000    0.532128   clock uncertainty
                                  0.000000    0.532128   clock reconvergence pessimism
                                 -0.016273    0.515854   library hold time
                                              0.515854   data required time
---------------------------------------------------------------------------------------------
                                              0.515854   data required time
                                             -0.710345   data arrival time
---------------------------------------------------------------------------------------------
                                              0.194491   slack (MET)


Startpoint: _2679_ (rising edge-triggered flip-flop clocked by clk)
Endpoint: _2679_ (rising edge-triggered flip-flop clocked by clk)
Path Group: clk
Path Type: min

Fanout         Cap        Slew       Delay        Time   Description
---------------------------------------------------------------------------------------------
                                  0.000000    0.000000   clock clk (rise edge)
                                  0.000000    0.000000   clock source latency
     1    0.029150    0.102106    0.070929    0.070929 ^ clk (in)
                                                         clk (net)
                      0.102141    0.000000    0.070929 ^ clkbuf_0_clk/A (sky130_fd_sc_hd__clkbuf_16)
    16    0.109385    0.096372    0.151639    0.222568 ^ clkbuf_0_clk/X (sky130_fd_sc_hd__clkbuf_16)
                                                         clknet_0_clk (net)
                      0.096647    0.004198    0.226766 ^ clkbuf_4_8_0_clk/A (sky130_fd_sc_hd__clkbuf_8)
     6    0.025079    0.043790    0.111126    0.337891 ^ clkbuf_4_8_0_clk/X (sky130_fd_sc_hd__clkbuf_8)
                                                         clknet_4_8_0_clk (net)
                      0.043790    0.000310    0.338202 ^ _2679_/CLK (sky130_fd_sc_hd__dfxtp_2)
     4    0.017329    0.038066    0.219763    0.557965 v _2679_/Q (sky130_fd_sc_hd__dfxtp_2)
                                                         r3_prod_mant[8] (net)
                      0.038104    0.000268    0.558233 v _2157_/A2_N (sky130_fd_sc_hd__o2bb2a_2)
     1    0.005146    0.031407    0.134250    0.692483 ^ _2157_/X (sky130_fd_sc_hd__o2bb2a_2)
                                                         _0156_ (net)
                      0.031423    0.000151    0.692634 ^ _2158_/B (sky130_fd_sc_hd__nor2_2)
     1    0.002016    0.011209    0.015207    0.707841 v _2158_/Y (sky130_fd_sc_hd__nor2_2)
                                                         _0024_ (net)
                      0.011209    0.000038    0.707880 v _2679_/D (sky130_fd_sc_hd__dfxtp_2)
                                              0.707880   data arrival time

                                  0.000000    0.000000   clock clk (rise edge)
                                  0.000000    0.000000   clock source latency
     1    0.029150    0.102106    0.070929    0.070929 ^ clk (in)
                                                         clk (net)
                      0.102141    0.000000    0.070929 ^ clkbuf_0_clk/A (sky130_fd_sc_hd__clkbuf_16)
    16    0.109385    0.096372    0.151639    0.222568 ^ clkbuf_0_clk/X (sky130_fd_sc_hd__clkbuf_16)
                                                         clknet_0_clk (net)
                      0.096647    0.004198    0.226766 ^ clkbuf_4_8_0_clk/A (sky130_fd_sc_hd__clkbuf_8)
     6    0.025079    0.043790    0.111126    0.337891 ^ clkbuf_4_8_0_clk/X (sky130_fd_sc_hd__clkbuf_8)
                                                         clknet_4_8_0_clk (net)
                      0.043790    0.000310    0.338202 ^ _2679_/CLK (sky130_fd_sc_hd__dfxtp_2)
                                  0.200000    0.538202   clock uncertainty
                                  0.000000    0.538202   clock reconvergence pessimism
                                 -0.026816    0.511386   library hold time
                                              0.511386   data required time
---------------------------------------------------------------------------------------------
                                              0.511386   data required time
                                             -0.707880   data arrival time
---------------------------------------------------------------------------------------------
                                              0.196494   slack (MET)


Startpoint: a_in[7] (input port clocked by clk)
Endpoint: _2629_ (rising edge-triggered flip-flop clocked by clk)
Path Group: clk
Path Type: min

Fanout         Cap        Slew       Delay        Time   Description
---------------------------------------------------------------------------------------------
                                  0.000000    0.000000   clock clk (rise edge)
                                  0.000000    0.000000   clock network delay (propagated)
                                  0.020000    0.020000 ^ input external delay
     2    0.014989    0.055077    0.037194    0.057194 ^ a_in[7] (in)
                                                         a_in[7] (net)
                      0.055078    0.000000    0.057194 ^ hold644/A (sky130_fd_sc_hd__clkbuf_2)
     1    0.022541    0.097761    0.120709    0.177903 ^ hold644/X (sky130_fd_sc_hd__clkbuf_2)
                                                         net643 (net)
                      0.097772    0.000852    0.178755 ^ hold435/A (sky130_fd_sc_hd__clkbuf_2)
     1    0.006219    0.034244    0.084891    0.263646 ^ hold435/X (sky130_fd_sc_hd__clkbuf_2)
                                                         net434 (net)
                      0.034245    0.000258    0.263904 ^ hold645/A (sky130_fd_sc_hd__clkbuf_2)
     1    0.003732    0.023752    0.062438    0.326343 ^ hold645/X (sky130_fd_sc_hd__clkbuf_2)
                                                         net644 (net)
                      0.023753    0.000117    0.326460 ^ input322/A (sky130_fd_sc_hd__buf_2)
     1    0.002722    0.018853    0.055909    0.382369 ^ input322/X (sky130_fd_sc_hd__buf_2)
                                                         net322 (net)
                      0.018853    0.000055    0.382424 ^ hold646/A (sky130_fd_sc_hd__clkbuf_2)
     1    0.003143    0.021580    0.056108    0.438532 ^ hold646/X (sky130_fd_sc_hd__clkbuf_2)
                                                         net645 (net)
                      0.021582    0.000094    0.438625 ^ hold436/A (sky130_fd_sc_hd__clkbuf_2)
     2    0.006527    0.034246    0.066956    0.505581 ^ hold436/X (sky130_fd_sc_hd__clkbuf_2)
                                                         net435 (net)
                      0.034246    0.000161    0.505742 ^ hold647/A (sky130_fd_sc_hd__clkbuf_2)
     1    0.004415    0.026263    0.064640    0.570382 ^ hold647/X (sky130_fd_sc_hd__clkbuf_2)
                                                         net646 (net)
                      0.026264    0.000140    0.570523 ^ _2550_/A2 (sky130_fd_sc_hd__o211a_2)
     1    0.003388    0.028109    0.092362    0.662885 ^ _2550_/X (sky130_fd_sc_hd__o211a_2)
                                                         _0056_ (net)
                      0.028109    0.000103    0.662988 ^ hold437/A (sky130_fd_sc_hd__clkbuf_2)
     1    0.002348    0.018839    0.056164    0.719152 ^ hold437/X (sky130_fd_sc_hd__clkbuf_2)
                                                         net436 (net)
                      0.018839    0.000068    0.719220 ^ _2629_/D (sky130_fd_sc_hd__dfxtp_2)
                                              0.719220   data arrival time

                                  0.000000    0.000000   clock clk (rise edge)
                                  0.000000    0.000000   clock source latency
     1    0.029150    0.102106    0.070929    0.070929 ^ clk (in)
                                                         clk (net)
                      0.102141    0.000000    0.070929 ^ clkbuf_0_clk/A (sky130_fd_sc_hd__clkbuf_16)
    16    0.109385    0.096372    0.151639    0.222568 ^ clkbuf_0_clk/X (sky130_fd_sc_hd__clkbuf_16)
                                                         clknet_0_clk (net)
                      0.097114    0.006770    0.229338 ^ clkbuf_4_1_0_clk/A (sky130_fd_sc_hd__clkbuf_8)
     6    0.017849    0.035880    0.103892    0.333230 ^ clkbuf_4_1_0_clk/X (sky130_fd_sc_hd__clkbuf_8)
                                                         clknet_4_1_0_clk (net)
                      0.035883    0.000366    0.333596 ^ _2629_/CLK (sky130_fd_sc_hd__dfxtp_2)
                                  0.200000    0.533596   clock uncertainty
                                  0.000000    0.533596   clock reconvergence pessimism
                                 -0.016323    0.517273   library hold time
                                              0.517273   data required time
---------------------------------------------------------------------------------------------
                                              0.517273   data required time
                                             -0.719220   data arrival time
---------------------------------------------------------------------------------------------
                                              0.201947   slack (MET)


Startpoint: _2684_ (rising edge-triggered flip-flop clocked by clk)
Endpoint: _2684_ (rising edge-triggered flip-flop clocked by clk)
Path Group: clk
Path Type: min

Fanout         Cap        Slew       Delay        Time   Description
---------------------------------------------------------------------------------------------
                                  0.000000    0.000000   clock clk (rise edge)
                                  0.000000    0.000000   clock source latency
     1    0.029150    0.102106    0.070929    0.070929 ^ clk (in)
                                                         clk (net)
                      0.102141    0.000000    0.070929 ^ clkbuf_0_clk/A (sky130_fd_sc_hd__clkbuf_16)
    16    0.109385    0.096372    0.151639    0.222568 ^ clkbuf_0_clk/X (sky130_fd_sc_hd__clkbuf_16)
                                                         clknet_0_clk (net)
                      0.096585    0.003715    0.226283 ^ clkbuf_4_9_0_clk/A (sky130_fd_sc_hd__clkbuf_8)
     6    0.025315    0.044127    0.111166    0.337450 ^ clkbuf_4_9_0_clk/X (sky130_fd_sc_hd__clkbuf_8)
                                                         clknet_4_9_0_clk (net)
                      0.044186    0.001395    0.338845 ^ _2684_/CLK (sky130_fd_sc_hd__dfxtp_2)
     3    0.015307    0.063644    0.224774    0.563619 ^ _2684_/Q (sky130_fd_sc_hd__dfxtp_2)
                                                         r3_prod_mant[13] (net)
                      0.063645    0.000307    0.563925 ^ _2288_/B (sky130_fd_sc_hd__and2_2)
     1    0.005959    0.035255    0.096135    0.660061 ^ _2288_/X (sky130_fd_sc_hd__and2_2)
                                                         _0282_ (net)
                      0.035259    0.000187    0.660248 ^ _2307_/A1 (sky130_fd_sc_hd__o21a_4)
     1    0.002348    0.018234    0.068585    0.728833 ^ _2307_/X (sky130_fd_sc_hd__o21a_4)
                                                         _0029_ (net)
                      0.018234    0.000069    0.728902 ^ _2684_/D (sky130_fd_sc_hd__dfxtp_2)
                                              0.728902   data arrival time

                                  0.000000    0.000000   clock clk (rise edge)
                                  0.000000    0.000000   clock source latency
     1    0.029150    0.102106    0.070929    0.070929 ^ clk (in)
                                                         clk (net)
                      0.102141    0.000000    0.070929 ^ clkbuf_0_clk/A (sky130_fd_sc_hd__clkbuf_16)
    16    0.109385    0.096372    0.151639    0.222568 ^ clkbuf_0_clk/X (sky130_fd_sc_hd__clkbuf_16)
                                                         clknet_0_clk (net)
                      0.096585    0.003715    0.226283 ^ clkbuf_4_9_0_clk/A (sky130_fd_sc_hd__clkbuf_8)
     6    0.025315    0.044127    0.111166    0.337450 ^ clkbuf_4_9_0_clk/X (sky130_fd_sc_hd__clkbuf_8)
                                                         clknet_4_9_0_clk (net)
                      0.044186    0.001395    0.338845 ^ _2684_/CLK (sky130_fd_sc_hd__dfxtp_2)
                                  0.200000    0.538845   clock uncertainty
                                  0.000000    0.538845   clock reconvergence pessimism
                                 -0.016084    0.522761   library hold time
                                              0.522761   data required time
---------------------------------------------------------------------------------------------
                                              0.522761   data required time
                                             -0.728902   data arrival time
---------------------------------------------------------------------------------------------
                                              0.206141   slack (MET)


Startpoint: _2653_ (rising edge-triggered flip-flop clocked by clk)
Endpoint: _2653_ (rising edge-triggered flip-flop clocked by clk)
Path Group: clk
Path Type: min

Fanout         Cap        Slew       Delay        Time   Description
---------------------------------------------------------------------------------------------
                                  0.000000    0.000000   clock clk (rise edge)
                                  0.000000    0.000000   clock source latency
     1    0.029150    0.102106    0.070929    0.070929 ^ clk (in)
                                                         clk (net)
                      0.102141    0.000000    0.070929 ^ clkbuf_0_clk/A (sky130_fd_sc_hd__clkbuf_16)
    16    0.109385    0.096372    0.151639    0.222568 ^ clkbuf_0_clk/X (sky130_fd_sc_hd__clkbuf_16)
                                                         clknet_0_clk (net)
                      0.097280    0.007468    0.230036 ^ clkbuf_4_6_0_clk/A (sky130_fd_sc_hd__clkbuf_8)
     6    0.021743    0.040313    0.107874    0.337910 ^ clkbuf_4_6_0_clk/X (sky130_fd_sc_hd__clkbuf_8)
                                                         clknet_4_6_0_clk (net)
                      0.040321    0.000605    0.338515 ^ _2653_/CLK (sky130_fd_sc_hd__dfxtp_2)
     2    0.014747    0.061619    0.222152    0.560667 ^ _2653_/Q (sky130_fd_sc_hd__dfxtp_2)
                                                         net384 (net)
                      0.061619    0.000314    0.560981 ^ _2609_/A1 (sky130_fd_sc_hd__o211a_2)
     1    0.004518    0.032640    0.108121    0.669102 ^ _2609_/X (sky130_fd_sc_hd__o211a_2)
                                                         _0080_ (net)
                      0.032641    0.000173    0.669275 ^ hold529/A (sky130_fd_sc_hd__clkbuf_2)
     1    0.003619    0.023331    0.061605    0.730880 ^ hold529/X (sky130_fd_sc_hd__clkbuf_2)
                                                         net528 (net)
                      0.023331    0.000111    0.730991 ^ _2653_/D (sky130_fd_sc_hd__dfxtp_2)
                                              0.730991   data arrival time

                                  0.000000    0.000000   clock clk (rise edge)
                                  0.000000    0.000000   clock source latency
     1    0.029150    0.102106    0.070929    0.070929 ^ clk (in)
                                                         clk (net)
                      0.102141    0.000000    0.070929 ^ clkbuf_0_clk/A (sky130_fd_sc_hd__clkbuf_16)
    16    0.109385    0.096372    0.151639    0.222568 ^ clkbuf_0_clk/X (sky130_fd_sc_hd__clkbuf_16)
                                                         clknet_0_clk (net)
                      0.097280    0.007468    0.230036 ^ clkbuf_4_6_0_clk/A (sky130_fd_sc_hd__clkbuf_8)
     6    0.021743    0.040313    0.107874    0.337910 ^ clkbuf_4_6_0_clk/X (sky130_fd_sc_hd__clkbuf_8)
                                                         clknet_4_6_0_clk (net)
                      0.040321    0.000605    0.338515 ^ _2653_/CLK (sky130_fd_sc_hd__dfxtp_2)
                                  0.200000    0.538515   clock uncertainty
                                  0.000000    0.538515   clock reconvergence pessimism
                                 -0.016536    0.521980   library hold time
                                              0.521980   data required time
---------------------------------------------------------------------------------------------
                                              0.521980   data required time
                                             -0.730991   data arrival time
---------------------------------------------------------------------------------------------
                                              0.209011   slack (MET)


Startpoint: _2662_ (rising edge-triggered flip-flop clocked by clk)
Endpoint: _2662_ (rising edge-triggered flip-flop clocked by clk)
Path Group: clk
Path Type: min

Fanout         Cap        Slew       Delay        Time   Description
---------------------------------------------------------------------------------------------
                                  0.000000    0.000000   clock clk (rise edge)
                                  0.000000    0.000000   clock source latency
     1    0.029150    0.102106    0.070929    0.070929 ^ clk (in)
                                                         clk (net)
                      0.102141    0.000000    0.070929 ^ clkbuf_0_clk/A (sky130_fd_sc_hd__clkbuf_16)
    16    0.109385    0.096372    0.151639    0.222568 ^ clkbuf_0_clk/X (sky130_fd_sc_hd__clkbuf_16)
                                                         clknet_0_clk (net)
                      0.097415    0.007996    0.230563 ^ clkbuf_4_7_0_clk/A (sky130_fd_sc_hd__clkbuf_8)
     6    0.020276    0.038616    0.106530    0.337093 ^ clkbuf_4_7_0_clk/X (sky130_fd_sc_hd__clkbuf_8)
                                                         clknet_4_7_0_clk (net)
                      0.038618    0.000322    0.337415 ^ _2662_/CLK (sky130_fd_sc_hd__dfxtp_2)
     4    0.018941    0.076912    0.232477    0.569892 ^ _2662_/Q (sky130_fd_sc_hd__dfxtp_2)
                                                         r2_mantissa[7] (net)
                      0.076912    0.000302    0.570193 ^ _1354_/A1 (sky130_fd_sc_hd__o211a_2)
     1    0.003425    0.028284    0.105804    0.675997 ^ _1354_/X (sky130_fd_sc_hd__o211a_2)
                                                         _0007_ (net)
                      0.028284    0.000108    0.676105 ^ hold585/A (sky130_fd_sc_hd__clkbuf_2)
     1    0.002220    0.018389    0.055799    0.731904 ^ hold585/X (sky130_fd_sc_hd__clkbuf_2)
                                                         net584 (net)
                      0.018389    0.000064    0.731968 ^ _2662_/D (sky130_fd_sc_hd__dfxtp_2)
                                              0.731968   data arrival time

                                  0.000000    0.000000   clock clk (rise edge)
                                  0.000000    0.000000   clock source latency
     1    0.029150    0.102106    0.070929    0.070929 ^ clk (in)
                                                         clk (net)
                      0.102141    0.000000    0.070929 ^ clkbuf_0_clk/A (sky130_fd_sc_hd__clkbuf_16)
    16    0.109385    0.096372    0.151639    0.222568 ^ clkbuf_0_clk/X (sky130_fd_sc_hd__clkbuf_16)
                                                         clknet_0_clk (net)
                      0.097415    0.007996    0.230563 ^ clkbuf_4_7_0_clk/A (sky130_fd_sc_hd__clkbuf_8)
     6    0.020276    0.038616    0.106530    0.337093 ^ clkbuf_4_7_0_clk/X (sky130_fd_sc_hd__clkbuf_8)
                                                         clknet_4_7_0_clk (net)
                      0.038618    0.000322    0.337415 ^ _2662_/CLK (sky130_fd_sc_hd__dfxtp_2)
                                  0.200000    0.537415   clock uncertainty
                                  0.000000    0.537415   clock reconvergence pessimism
                                 -0.016227    0.521188   library hold time
                                              0.521188   data required time
---------------------------------------------------------------------------------------------
                                              0.521188   data required time
                                             -0.731968   data arrival time
---------------------------------------------------------------------------------------------
                                              0.210780   slack (MET)


Startpoint: _2693_ (rising edge-triggered flip-flop clocked by clk)
Endpoint: _2693_ (rising edge-triggered flip-flop clocked by clk)
Path Group: clk
Path Type: min

Fanout         Cap        Slew       Delay        Time   Description
---------------------------------------------------------------------------------------------
                                  0.000000    0.000000   clock clk (rise edge)
                                  0.000000    0.000000   clock source latency
     1    0.029150    0.102106    0.070929    0.070929 ^ clk (in)
                                                         clk (net)
                      0.102141    0.000000    0.070929 ^ clkbuf_0_clk/A (sky130_fd_sc_hd__clkbuf_16)
    16    0.109385    0.096372    0.151639    0.222568 ^ clkbuf_0_clk/X (sky130_fd_sc_hd__clkbuf_16)
                                                         clknet_0_clk (net)
                      0.096789    0.005124    0.227692 ^ clkbuf_4_12_0_clk/A (sky130_fd_sc_hd__clkbuf_8)
     6    0.022809    0.041527    0.108954    0.336645 ^ clkbuf_4_12_0_clk/X (sky130_fd_sc_hd__clkbuf_8)
                                                         clknet_4_12_0_clk (net)
                      0.041533    0.000483    0.337128 ^ _2693_/CLK (sky130_fd_sc_hd__dfxtp_2)
     5    0.021754    0.087203    0.240429    0.577557 ^ _2693_/Q (sky130_fd_sc_hd__dfxtp_2)
                                                         r4_acc[5] (net)
                      0.087204    0.000469    0.578026 ^ _2482_/A1 (sky130_fd_sc_hd__a22o_2)
     1    0.002079    0.019141    0.082752    0.660778 ^ _2482_/X (sky130_fd_sc_hd__a22o_2)
                                                         _0467_ (net)
                      0.019141    0.000042    0.660820 ^ _2483_/B (sky130_fd_sc_hd__and2_2)
     1    0.002442    0.023684    0.074073    0.734893 ^ _2483_/X (sky130_fd_sc_hd__and2_2)
                                                         _0468_ (net)
                      0.023684    0.000070    0.734963 ^ _2693_/D (sky130_fd_sc_hd__dfxtp_2)
                                              0.734963   data arrival time

                                  0.000000    0.000000   clock clk (rise edge)
                                  0.000000    0.000000   clock source latency
     1    0.029150    0.102106    0.070929    0.070929 ^ clk (in)
                                                         clk (net)
                      0.102141    0.000000    0.070929 ^ clkbuf_0_clk/A (sky130_fd_sc_hd__clkbuf_16)
    16    0.109385    0.096372    0.151639    0.222568 ^ clkbuf_0_clk/X (sky130_fd_sc_hd__clkbuf_16)
                                                         clknet_0_clk (net)
                      0.096789    0.005124    0.227692 ^ clkbuf_4_12_0_clk/A (sky130_fd_sc_hd__clkbuf_8)
     6    0.022809    0.041527    0.108954    0.336645 ^ clkbuf_4_12_0_clk/X (sky130_fd_sc_hd__clkbuf_8)
                                                         clknet_4_12_0_clk (net)
                      0.041533    0.000483    0.337128 ^ _2693_/CLK (sky130_fd_sc_hd__dfxtp_2)
                                  0.200000    0.537128   clock uncertainty
                                  0.000000    0.537128   clock reconvergence pessimism
                                 -0.016532    0.520597   library hold time
                                              0.520597   data required time
---------------------------------------------------------------------------------------------
                                              0.520597   data required time
                                             -0.734963   data arrival time
---------------------------------------------------------------------------------------------
                                              0.214366   slack (MET)


Startpoint: _2697_ (rising edge-triggered flip-flop clocked by clk)
Endpoint: _2697_ (rising edge-triggered flip-flop clocked by clk)
Path Group: clk
Path Type: min

Fanout         Cap        Slew       Delay        Time   Description
---------------------------------------------------------------------------------------------
                                  0.000000    0.000000   clock clk (rise edge)
                                  0.000000    0.000000   clock source latency
     1    0.029150    0.102106    0.070929    0.070929 ^ clk (in)
                                                         clk (net)
                      0.102141    0.000000    0.070929 ^ clkbuf_0_clk/A (sky130_fd_sc_hd__clkbuf_16)
    16    0.109385    0.096372    0.151639    0.222568 ^ clkbuf_0_clk/X (sky130_fd_sc_hd__clkbuf_16)
                                                         clknet_0_clk (net)
                      0.096789    0.005124    0.227692 ^ clkbuf_4_12_0_clk/A (sky130_fd_sc_hd__clkbuf_8)
     6    0.022809    0.041527    0.108954    0.336645 ^ clkbuf_4_12_0_clk/X (sky130_fd_sc_hd__clkbuf_8)
                                                         clknet_4_12_0_clk (net)
                      0.041538    0.000626    0.337272 ^ _2697_/CLK (sky130_fd_sc_hd__dfxtp_2)
     5    0.024134    0.095920    0.246488    0.583760 ^ _2697_/Q (sky130_fd_sc_hd__dfxtp_2)
                                                         r4_acc[9] (net)
                      0.095921    0.000578    0.584338 ^ _2501_/A1 (sky130_fd_sc_hd__a22o_2)
     1    0.002578    0.020705    0.086389    0.670727 ^ _2501_/X (sky130_fd_sc_hd__a22o_2)
                                                         _0482_ (net)
                      0.020705    0.000075    0.670802 ^ _2502_/B (sky130_fd_sc_hd__and2_2)
     1    0.002036    0.022420    0.073103    0.743905 ^ _2502_/X (sky130_fd_sc_hd__and2_2)
                                                         _0483_ (net)
                      0.022420    0.000039    0.743944 ^ _2697_/D (sky130_fd_sc_hd__dfxtp_2)
                                              0.743944   data arrival time

                                  0.000000    0.000000   clock clk (rise edge)
                                  0.000000    0.000000   clock source latency
     1    0.029150    0.102106    0.070929    0.070929 ^ clk (in)
                                                         clk (net)
                      0.102141    0.000000    0.070929 ^ clkbuf_0_clk/A (sky130_fd_sc_hd__clkbuf_16)
    16    0.109385    0.096372    0.151639    0.222568 ^ clkbuf_0_clk/X (sky130_fd_sc_hd__clkbuf_16)
                                                         clknet_0_clk (net)
                      0.096789    0.005124    0.227692 ^ clkbuf_4_12_0_clk/A (sky130_fd_sc_hd__clkbuf_8)
     6    0.022809    0.041527    0.108954    0.336645 ^ clkbuf_4_12_0_clk/X (sky130_fd_sc_hd__clkbuf_8)
                                                         clknet_4_12_0_clk (net)
                      0.041538    0.000626    0.337272 ^ _2697_/CLK (sky130_fd_sc_hd__dfxtp_2)
                                  0.200000    0.537272   clock uncertainty
                                  0.000000    0.537272   clock reconvergence pessimism
                                 -0.016442    0.520829   library hold time
                                              0.520829   data required time
---------------------------------------------------------------------------------------------
                                              0.520829   data required time
                                             -0.743944   data arrival time
---------------------------------------------------------------------------------------------
                                              0.223114   slack (MET)


Startpoint: _2699_ (rising edge-triggered flip-flop clocked by clk)
Endpoint: _2699_ (rising edge-triggered flip-flop clocked by clk)
Path Group: clk
Path Type: min

Fanout         Cap        Slew       Delay        Time   Description
---------------------------------------------------------------------------------------------
                                  0.000000    0.000000   clock clk (rise edge)
                                  0.000000    0.000000   clock source latency
     1    0.029150    0.102106    0.070929    0.070929 ^ clk (in)
                                                         clk (net)
                      0.102141    0.000000    0.070929 ^ clkbuf_0_clk/A (sky130_fd_sc_hd__clkbuf_16)
    16    0.109385    0.096372    0.151639    0.222568 ^ clkbuf_0_clk/X (sky130_fd_sc_hd__clkbuf_16)
                                                         clknet_0_clk (net)
                      0.096749    0.004884    0.227451 ^ clkbuf_4_13_0_clk/A (sky130_fd_sc_hd__clkbuf_8)
     6    0.026845    0.045942    0.112530    0.339982 ^ clkbuf_4_13_0_clk/X (sky130_fd_sc_hd__clkbuf_8)
                                                         clknet_4_13_0_clk (net)
                      0.045991    0.001315    0.341297 ^ _2699_/CLK (sky130_fd_sc_hd__dfxtp_2)
     5    0.025115    0.099496    0.250324    0.591620 ^ _2699_/Q (sky130_fd_sc_hd__dfxtp_2)
                                                         r4_acc[11] (net)
                      0.099498    0.000581    0.592201 ^ _2509_/A1 (sky130_fd_sc_hd__a22o_2)
     1    0.002053    0.019062    0.085425    0.677626 ^ _2509_/X (sky130_fd_sc_hd__a22o_2)
                                                         _0488_ (net)
                      0.019062    0.000059    0.677685 ^ _2510_/B (sky130_fd_sc_hd__and2_2)
     1    0.002323    0.023316    0.073646    0.751331 ^ _2510_/X (sky130_fd_sc_hd__and2_2)
                                                         _0489_ (net)
                      0.023316    0.000068    0.751399 ^ _2699_/D (sky130_fd_sc_hd__dfxtp_2)
                                              0.751399   data arrival time

                                  0.000000    0.000000   clock clk (rise edge)
                                  0.000000    0.000000   clock source latency
     1    0.029150    0.102106    0.070929    0.070929 ^ clk (in)
                                                         clk (net)
                      0.102141    0.000000    0.070929 ^ clkbuf_0_clk/A (sky130_fd_sc_hd__clkbuf_16)
    16    0.109385    0.096372    0.151639    0.222568 ^ clkbuf_0_clk/X (sky130_fd_sc_hd__clkbuf_16)
                                                         clknet_0_clk (net)
                      0.096749    0.004884    0.227451 ^ clkbuf_4_13_0_clk/A (sky130_fd_sc_hd__clkbuf_8)
     6    0.026845    0.045942    0.112530    0.339982 ^ clkbuf_4_13_0_clk/X (sky130_fd_sc_hd__clkbuf_8)
                                                         clknet_4_13_0_clk (net)
                      0.045991    0.001315    0.341297 ^ _2699_/CLK (sky130_fd_sc_hd__dfxtp_2)
                                  0.200000    0.541297   clock uncertainty
                                  0.000000    0.541297   clock reconvergence pessimism
                                 -0.016400    0.524897   library hold time
                                              0.524897   data required time
---------------------------------------------------------------------------------------------
                                              0.524897   data required time
                                             -0.751399   data arrival time
---------------------------------------------------------------------------------------------
                                              0.226502   slack (MET)


Startpoint: _2702_ (rising edge-triggered flip-flop clocked by clk)
Endpoint: _2702_ (rising edge-triggered flip-flop clocked by clk)
Path Group: clk
Path Type: min

Fanout         Cap        Slew       Delay        Time   Description
---------------------------------------------------------------------------------------------
                                  0.000000    0.000000   clock clk (rise edge)
                                  0.000000    0.000000   clock source latency
     1    0.029150    0.102106    0.070929    0.070929 ^ clk (in)
                                                         clk (net)
                      0.102141    0.000000    0.070929 ^ clkbuf_0_clk/A (sky130_fd_sc_hd__clkbuf_16)
    16    0.109385    0.096372    0.151639    0.222568 ^ clkbuf_0_clk/X (sky130_fd_sc_hd__clkbuf_16)
                                                         clknet_0_clk (net)
                      0.096749    0.004884    0.227451 ^ clkbuf_4_13_0_clk/A (sky130_fd_sc_hd__clkbuf_8)
     6    0.026845    0.045942    0.112530    0.339982 ^ clkbuf_4_13_0_clk/X (sky130_fd_sc_hd__clkbuf_8)
                                                         clknet_4_13_0_clk (net)
                      0.046012    0.001547    0.341529 ^ _2702_/CLK (sky130_fd_sc_hd__dfxtp_2)
     4    0.023122    0.092203    0.245223    0.586753 ^ _2702_/Q (sky130_fd_sc_hd__dfxtp_2)
                                                         r4_acc[14] (net)
                      0.092206    0.000668    0.587420 ^ _2524_/A1 (sky130_fd_sc_hd__a22o_2)
     1    0.003998    0.025260    0.090315    0.677735 ^ _2524_/X (sky130_fd_sc_hd__a22o_2)
                                                         _0500_ (net)
                      0.025261    0.000144    0.677880 ^ _2525_/B (sky130_fd_sc_hd__and2_2)
     1    0.002239    0.023054    0.074972    0.752852 ^ _2525_/X (sky130_fd_sc_hd__and2_2)
                                                         _0501_ (net)
                      0.023054    0.000064    0.752916 ^ _2702_/D (sky130_fd_sc_hd__dfxtp_2)
                                              0.752916   data arrival time

                                  0.000000    0.000000   clock clk (rise edge)
                                  0.000000    0.000000   clock source latency
     1    0.029150    0.102106    0.070929    0.070929 ^ clk (in)
                                                         clk (net)
                      0.102141    0.000000    0.070929 ^ clkbuf_0_clk/A (sky130_fd_sc_hd__clkbuf_16)
    16    0.109385    0.096372    0.151639    0.222568 ^ clkbuf_0_clk/X (sky130_fd_sc_hd__clkbuf_16)
                                                         clknet_0_clk (net)
                      0.096749    0.004884    0.227451 ^ clkbuf_4_13_0_clk/A (sky130_fd_sc_hd__clkbuf_8)
     6    0.026845    0.045942    0.112530    0.339982 ^ clkbuf_4_13_0_clk/X (sky130_fd_sc_hd__clkbuf_8)
                                                         clknet_4_13_0_clk (net)
                      0.046012    0.001547    0.341529 ^ _2702_/CLK (sky130_fd_sc_hd__dfxtp_2)
                                  0.200000    0.541529   clock uncertainty
                                  0.000000    0.541529   clock reconvergence pessimism
                                 -0.016381    0.525148   library hold time
                                              0.525148   data required time
---------------------------------------------------------------------------------------------
                                              0.525148   data required time
                                             -0.752916   data arrival time
---------------------------------------------------------------------------------------------
                                              0.227768   slack (MET)


Startpoint: _2690_ (rising edge-triggered flip-flop clocked by clk)
Endpoint: _2690_ (rising edge-triggered flip-flop clocked by clk)
Path Group: clk
Path Type: min

Fanout         Cap        Slew       Delay        Time   Description
---------------------------------------------------------------------------------------------
                                  0.000000    0.000000   clock clk (rise edge)
                                  0.000000    0.000000   clock source latency
     1    0.029150    0.102106    0.070929    0.070929 ^ clk (in)
                                                         clk (net)
                      0.102141    0.000000    0.070929 ^ clkbuf_0_clk/A (sky130_fd_sc_hd__clkbuf_16)
    16    0.109385    0.096372    0.151639    0.222568 ^ clkbuf_0_clk/X (sky130_fd_sc_hd__clkbuf_16)
                                                         clknet_0_clk (net)
                      0.096853    0.005490    0.228058 ^ clkbuf_4_15_0_clk/A (sky130_fd_sc_hd__clkbuf_8)
     6    0.024157    0.042784    0.110351    0.338408 ^ clkbuf_4_15_0_clk/X (sky130_fd_sc_hd__clkbuf_8)
                                                         clknet_4_15_0_clk (net)
                      0.042797    0.000675    0.339083 ^ _2690_/CLK (sky130_fd_sc_hd__dfxtp_2)
     6    0.026034    0.102872    0.251703    0.590786 ^ _2690_/Q (sky130_fd_sc_hd__dfxtp_2)
                                                         r4_acc[2] (net)
                      0.102873    0.000482    0.591268 ^ _2462_/A1 (sky130_fd_sc_hd__a22o_2)
     1    0.002166    0.019414    0.086566    0.677833 ^ _2462_/X (sky130_fd_sc_hd__a22o_2)
                                                         _0450_ (net)
                      0.019414    0.000061    0.677895 ^ _2463_/B (sky130_fd_sc_hd__and2_2)
     1    0.002016    0.022359    0.072688    0.750583 ^ _2463_/X (sky130_fd_sc_hd__and2_2)
                                                         _0451_ (net)
                      0.022359    0.000057    0.750640 ^ _2690_/D (sky130_fd_sc_hd__dfxtp_2)
                                              0.750640   data arrival time

                                  0.000000    0.000000   clock clk (rise edge)
                                  0.000000    0.000000   clock source latency
     1    0.029150    0.102106    0.070929    0.070929 ^ clk (in)
                                                         clk (net)
                      0.102141    0.000000    0.070929 ^ clkbuf_0_clk/A (sky130_fd_sc_hd__clkbuf_16)
    16    0.109385    0.096372    0.151639    0.222568 ^ clkbuf_0_clk/X (sky130_fd_sc_hd__clkbuf_16)
                                                         clknet_0_clk (net)
                      0.096853    0.005490    0.228058 ^ clkbuf_4_15_0_clk/A (sky130_fd_sc_hd__clkbuf_8)
     6    0.024157    0.042784    0.110351    0.338408 ^ clkbuf_4_15_0_clk/X (sky130_fd_sc_hd__clkbuf_8)
                                                         clknet_4_15_0_clk (net)
                      0.042797    0.000675    0.339083 ^ _2690_/CLK (sky130_fd_sc_hd__dfxtp_2)
                                  0.200000    0.539083   clock uncertainty
                                  0.000000    0.539083   clock reconvergence pessimism
                                 -0.016408    0.522675   library hold time
                                              0.522675   data required time
---------------------------------------------------------------------------------------------
                                              0.522675   data required time
                                             -0.750640   data arrival time
---------------------------------------------------------------------------------------------
                                              0.227965   slack (MET)


Startpoint: _2696_ (rising edge-triggered flip-flop clocked by clk)
Endpoint: _2696_ (rising edge-triggered flip-flop clocked by clk)
Path Group: clk
Path Type: min

Fanout         Cap        Slew       Delay        Time   Description
---------------------------------------------------------------------------------------------
                                  0.000000    0.000000   clock clk (rise edge)
                                  0.000000    0.000000   clock source latency
     1    0.029150    0.102106    0.070929    0.070929 ^ clk (in)
                                                         clk (net)
                      0.102141    0.000000    0.070929 ^ clkbuf_0_clk/A (sky130_fd_sc_hd__clkbuf_16)
    16    0.109385    0.096372    0.151639    0.222568 ^ clkbuf_0_clk/X (sky130_fd_sc_hd__clkbuf_16)
                                                         clknet_0_clk (net)
                      0.096647    0.004198    0.226766 ^ clkbuf_4_8_0_clk/A (sky130_fd_sc_hd__clkbuf_8)
     6    0.025079    0.043790    0.111126    0.337891 ^ clkbuf_4_8_0_clk/X (sky130_fd_sc_hd__clkbuf_8)
                                                         clknet_4_8_0_clk (net)
                      0.043796    0.000550    0.338442 ^ _2696_/CLK (sky130_fd_sc_hd__dfxtp_2)
     5    0.025837    0.102185    0.251283    0.589725 ^ _2696_/Q (sky130_fd_sc_hd__dfxtp_2)
                                                         r4_acc[8] (net)
                      0.102197    0.001135    0.590860 ^ _2497_/A1 (sky130_fd_sc_hd__a22o_2)
     1    0.002174    0.019439    0.086443    0.677303 ^ _2497_/X (sky130_fd_sc_hd__a22o_2)
                                                         _0479_ (net)
                      0.019439    0.000062    0.677365 ^ _2498_/B (sky130_fd_sc_hd__and2_2)
     1    0.002097    0.022611    0.072971    0.750336 ^ _2498_/X (sky130_fd_sc_hd__and2_2)
                                                         _0480_ (net)
                      0.022611    0.000060    0.750396 ^ _2696_/D (sky130_fd_sc_hd__dfxtp_2)
                                              0.750396   data arrival time

                                  0.000000    0.000000   clock clk (rise edge)
                                  0.000000    0.000000   clock source latency
     1    0.029150    0.102106    0.070929    0.070929 ^ clk (in)
                                                         clk (net)
                      0.102141    0.000000    0.070929 ^ clkbuf_0_clk/A (sky130_fd_sc_hd__clkbuf_16)
    16    0.109385    0.096372    0.151639    0.222568 ^ clkbuf_0_clk/X (sky130_fd_sc_hd__clkbuf_16)
                                                         clknet_0_clk (net)
                      0.096647    0.004198    0.226766 ^ clkbuf_4_8_0_clk/A (sky130_fd_sc_hd__clkbuf_8)
     6    0.025079    0.043790    0.111126    0.337891 ^ clkbuf_4_8_0_clk/X (sky130_fd_sc_hd__clkbuf_8)
                                                         clknet_4_8_0_clk (net)
                      0.043796    0.000550    0.338442 ^ _2696_/CLK (sky130_fd_sc_hd__dfxtp_2)
                                  0.200000    0.538442   clock uncertainty
                                  0.000000    0.538442   clock reconvergence pessimism
                                 -0.016402    0.522040   library hold time
                                              0.522040   data required time
---------------------------------------------------------------------------------------------
                                              0.522040   data required time
                                             -0.750396   data arrival time
---------------------------------------------------------------------------------------------
                                              0.228357   slack (MET)


Startpoint: _2654_ (rising edge-triggered flip-flop clocked by clk)
Endpoint: _2654_ (rising edge-triggered flip-flop clocked by clk)
Path Group: clk
Path Type: min

Fanout         Cap        Slew       Delay        Time   Description
---------------------------------------------------------------------------------------------
                                  0.000000    0.000000   clock clk (rise edge)
                                  0.000000    0.000000   clock source latency
     1    0.029150    0.102106    0.070929    0.070929 ^ clk (in)
                                                         clk (net)
                      0.102141    0.000000    0.070929 ^ clkbuf_0_clk/A (sky130_fd_sc_hd__clkbuf_16)
    16    0.109385    0.096372    0.151639    0.222568 ^ clkbuf_0_clk/X (sky130_fd_sc_hd__clkbuf_16)
                                                         clknet_0_clk (net)
                      0.097280    0.007468    0.230036 ^ clkbuf_4_6_0_clk/A (sky130_fd_sc_hd__clkbuf_8)
     6    0.021743    0.040313    0.107874    0.337910 ^ clkbuf_4_6_0_clk/X (sky130_fd_sc_hd__clkbuf_8)
                                                         clknet_4_6_0_clk (net)
                      0.040313    0.000226    0.338136 ^ _2654_/CLK (sky130_fd_sc_hd__dfxtp_2)
     3    0.025494    0.100905    0.249558    0.587694 ^ _2654_/Q (sky130_fd_sc_hd__dfxtp_2)
                                                         r2_sign (net)
                      0.100906    0.000470    0.588164 ^ _2611_/A1 (sky130_fd_sc_hd__o211a_2)
     1    0.002826    0.026057    0.106580    0.694744 ^ _2611_/X (sky130_fd_sc_hd__o211a_2)
                                                         _0081_ (net)
                      0.026057    0.000082    0.694825 ^ hold542/A (sky130_fd_sc_hd__clkbuf_2)
     1    0.002604    0.019718    0.056385    0.751211 ^ hold542/X (sky130_fd_sc_hd__clkbuf_2)
                                                         net541 (net)
                      0.019718    0.000076    0.751287 ^ _2654_/D (sky130_fd_sc_hd__dfxtp_2)
                                              0.751287   data arrival time

                                  0.000000    0.000000   clock clk (rise edge)
                                  0.000000    0.000000   clock source latency
     1    0.029150    0.102106    0.070929    0.070929 ^ clk (in)
                                                         clk (net)
                      0.102141    0.000000    0.070929 ^ clkbuf_0_clk/A (sky130_fd_sc_hd__clkbuf_16)
    16    0.109385    0.096372    0.151639    0.222568 ^ clkbuf_0_clk/X (sky130_fd_sc_hd__clkbuf_16)
                                                         clknet_0_clk (net)
                      0.097280    0.007468    0.230036 ^ clkbuf_4_6_0_clk/A (sky130_fd_sc_hd__clkbuf_8)
     6    0.021743    0.040313    0.107874    0.337910 ^ clkbuf_4_6_0_clk/X (sky130_fd_sc_hd__clkbuf_8)
                                                         clknet_4_6_0_clk (net)
                      0.040313    0.000226    0.338136 ^ _2654_/CLK (sky130_fd_sc_hd__dfxtp_2)
                                  0.200000    0.538136   clock uncertainty
                                  0.000000    0.538136   clock reconvergence pessimism
                                 -0.016280    0.521856   library hold time
                                              0.521856   data required time
---------------------------------------------------------------------------------------------
                                              0.521856   data required time
                                             -0.751287   data arrival time
---------------------------------------------------------------------------------------------
                                              0.229431   slack (MET)


Startpoint: a_in[14] (input port clocked by clk)
Endpoint: _2636_ (rising edge-triggered flip-flop clocked by clk)
Path Group: clk
Path Type: min

Fanout         Cap        Slew       Delay        Time   Description
---------------------------------------------------------------------------------------------
                                  0.000000    0.000000   clock clk (rise edge)
                                  0.000000    0.000000   clock network delay (propagated)
                                  0.020000    0.020000 ^ input external delay
     1    0.014506    0.053424    0.036304    0.056304 ^ a_in[14] (in)
                                                         a_in[14] (net)
                      0.053442    0.000000    0.056304 ^ hold616/A (sky130_fd_sc_hd__clkbuf_2)
     1    0.006505    0.034230    0.076135    0.132439 ^ hold616/X (sky130_fd_sc_hd__clkbuf_2)
                                                         net615 (net)
                      0.034232    0.000275    0.132713 ^ hold417/A (sky130_fd_sc_hd__clkbuf_2)
     1    0.005508    0.030371    0.067737    0.200450 ^ hold417/X (sky130_fd_sc_hd__clkbuf_2)
                                                         net416 (net)
                      0.030372    0.000206    0.200656 ^ hold617/A (sky130_fd_sc_hd__clkbuf_2)
     1    0.002239    0.018466    0.056484    0.257141 ^ hold617/X (sky130_fd_sc_hd__clkbuf_2)
                                                         net616 (net)
                      0.018466    0.000045    0.257186 ^ input314/A (sky130_fd_sc_hd__buf_2)
     1    0.008149    0.036424    0.068934    0.326120 ^ input314/X (sky130_fd_sc_hd__buf_2)
                                                         net314 (net)
                      0.036427    0.000379    0.326498 ^ hold618/A (sky130_fd_sc_hd__clkbuf_2)
     1    0.009490    0.045809    0.079553    0.406052 ^ hold618/X (sky130_fd_sc_hd__clkbuf_2)
                                                         net617 (net)
                      0.045811    0.000369    0.406421 ^ hold418/A (sky130_fd_sc_hd__clkbuf_2)
     2    0.012808    0.058734    0.091695    0.498115 ^ hold418/X (sky130_fd_sc_hd__clkbuf_2)
                                                         net417 (net)
                      0.058735    0.000364    0.498479 ^ hold619/A (sky130_fd_sc_hd__clkbuf_2)
     1    0.005150    0.029226    0.073478    0.571957 ^ hold619/X (sky130_fd_sc_hd__clkbuf_2)
                                                         net618 (net)
                      0.029227    0.000183    0.572140 ^ _2564_/A2 (sky130_fd_sc_hd__o211a_2)
     1    0.008544    0.048222    0.110599    0.682738 ^ _2564_/X (sky130_fd_sc_hd__o211a_2)
                                                         _0063_ (net)
                      0.048222    0.000307    0.683046 ^ hold419/A (sky130_fd_sc_hd__clkbuf_2)
     1    0.006513    0.034251    0.074685    0.757730 ^ hold419/X (sky130_fd_sc_hd__clkbuf_2)
                                                         net418 (net)
                      0.034252    0.000233    0.757964 ^ _2636_/D (sky130_fd_sc_hd__dfxtp_2)
                                              0.757964   data arrival time

                                  0.000000    0.000000   clock clk (rise edge)
                                  0.000000    0.000000   clock source latency
     1    0.029150    0.102106    0.070929    0.070929 ^ clk (in)
                                                         clk (net)
                      0.102141    0.000000    0.070929 ^ clkbuf_0_clk/A (sky130_fd_sc_hd__clkbuf_16)
    16    0.109385    0.096372    0.151639    0.222568 ^ clkbuf_0_clk/X (sky130_fd_sc_hd__clkbuf_16)
                                                         clknet_0_clk (net)
                      0.097407    0.007964    0.230532 ^ clkbuf_4_4_0_clk/A (sky130_fd_sc_hd__clkbuf_8)
     6    0.027156    0.046312    0.112922    0.343455 ^ clkbuf_4_4_0_clk/X (sky130_fd_sc_hd__clkbuf_8)
                                                         clknet_4_4_0_clk (net)
                      0.046372    0.001463    0.344918 ^ _2636_/CLK (sky130_fd_sc_hd__dfxtp_2)
                                  0.200000    0.544918   clock uncertainty
                                  0.000000    0.544918   clock reconvergence pessimism
                                 -0.017163    0.527755   library hold time
                                              0.527755   data required time
---------------------------------------------------------------------------------------------
                                              0.527755   data required time
                                             -0.757964   data arrival time
---------------------------------------------------------------------------------------------
                                              0.230208   slack (MET)


Startpoint: _2695_ (rising edge-triggered flip-flop clocked by clk)
Endpoint: _2695_ (rising edge-triggered flip-flop clocked by clk)
Path Group: clk
Path Type: min

Fanout         Cap        Slew       Delay        Time   Description
---------------------------------------------------------------------------------------------
                                  0.000000    0.000000   clock clk (rise edge)
                                  0.000000    0.000000   clock source latency
     1    0.029150    0.102106    0.070929    0.070929 ^ clk (in)
                                                         clk (net)
                      0.102141    0.000000    0.070929 ^ clkbuf_0_clk/A (sky130_fd_sc_hd__clkbuf_16)
    16    0.109385    0.096372    0.151639    0.222568 ^ clkbuf_0_clk/X (sky130_fd_sc_hd__clkbuf_16)
                                                         clknet_0_clk (net)
                      0.096647    0.004198    0.226766 ^ clkbuf_4_8_0_clk/A (sky130_fd_sc_hd__clkbuf_8)
     6    0.025079    0.043790    0.111126    0.337891 ^ clkbuf_4_8_0_clk/X (sky130_fd_sc_hd__clkbuf_8)
                                                         clknet_4_8_0_clk (net)
                      0.043809    0.000844    0.338735 ^ _2695_/CLK (sky130_fd_sc_hd__dfxtp_2)
     5    0.025752    0.101816    0.251379    0.590114 ^ _2695_/Q (sky130_fd_sc_hd__dfxtp_2)
                                                         r4_acc[7] (net)
                      0.101816    0.000092    0.590206 ^ _2493_/A1 (sky130_fd_sc_hd__a22o_2)
     1    0.003183    0.022594    0.089759    0.679965 ^ _2493_/X (sky130_fd_sc_hd__a22o_2)
                                                         _0476_ (net)
                      0.022594    0.000093    0.680059 ^ _2494_/B (sky130_fd_sc_hd__and2_2)
     1    0.002617    0.024228    0.075587    0.755646 ^ _2494_/X (sky130_fd_sc_hd__and2_2)
                                                         _0477_ (net)
                      0.024228    0.000079    0.755725 ^ _2695_/D (sky130_fd_sc_hd__dfxtp_2)
                                              0.755725   data arrival time

                                  0.000000    0.000000   clock clk (rise edge)
                                  0.000000    0.000000   clock source latency
     1    0.029150    0.102106    0.070929    0.070929 ^ clk (in)
                                                         clk (net)
                      0.102141    0.000000    0.070929 ^ clkbuf_0_clk/A (sky130_fd_sc_hd__clkbuf_16)
    16    0.109385    0.096372    0.151639    0.222568 ^ clkbuf_0_clk/X (sky130_fd_sc_hd__clkbuf_16)
                                                         clknet_0_clk (net)
                      0.096647    0.004198    0.226766 ^ clkbuf_4_8_0_clk/A (sky130_fd_sc_hd__clkbuf_8)
     6    0.025079    0.043790    0.111126    0.337891 ^ clkbuf_4_8_0_clk/X (sky130_fd_sc_hd__clkbuf_8)
                                                         clknet_4_8_0_clk (net)
                      0.043809    0.000844    0.338735 ^ _2695_/CLK (sky130_fd_sc_hd__dfxtp_2)
                                  0.200000    0.538735   clock uncertainty
                                  0.000000    0.538735   clock reconvergence pessimism
                                 -0.016516    0.522219   library hold time
                                              0.522219   data required time
---------------------------------------------------------------------------------------------
                                              0.522219   data required time
                                             -0.755725   data arrival time
---------------------------------------------------------------------------------------------
                                              0.233506   slack (MET)


Startpoint: _2701_ (rising edge-triggered flip-flop clocked by clk)
Endpoint: _2701_ (rising edge-triggered flip-flop clocked by clk)
Path Group: clk
Path Type: min

Fanout         Cap        Slew       Delay        Time   Description
---------------------------------------------------------------------------------------------
                                  0.000000    0.000000   clock clk (rise edge)
                                  0.000000    0.000000   clock source latency
     1    0.029150    0.102106    0.070929    0.070929 ^ clk (in)
                                                         clk (net)
                      0.102141    0.000000    0.070929 ^ clkbuf_0_clk/A (sky130_fd_sc_hd__clkbuf_16)
    16    0.109385    0.096372    0.151639    0.222568 ^ clkbuf_0_clk/X (sky130_fd_sc_hd__clkbuf_16)
                                                         clknet_0_clk (net)
                      0.096749    0.004884    0.227451 ^ clkbuf_4_13_0_clk/A (sky130_fd_sc_hd__clkbuf_8)
     6    0.026845    0.045942    0.112530    0.339982 ^ clkbuf_4_13_0_clk/X (sky130_fd_sc_hd__clkbuf_8)
                                                         clknet_4_13_0_clk (net)
                      0.046010    0.001523    0.341505 ^ _2701_/CLK (sky130_fd_sc_hd__dfxtp_2)
     5    0.027199    0.107132    0.255634    0.597139 ^ _2701_/Q (sky130_fd_sc_hd__dfxtp_2)
                                                         r4_acc[13] (net)
                      0.107134    0.000631    0.597770 ^ _2520_/A1 (sky130_fd_sc_hd__a22o_2)
     1    0.002509    0.020484    0.088683    0.686453 ^ _2520_/X (sky130_fd_sc_hd__a22o_2)
                                                         _0497_ (net)
                      0.020487    0.000074    0.686527 ^ _2521_/B (sky130_fd_sc_hd__and2_2)
     1    0.002127    0.022703    0.073356    0.759883 ^ _2521_/X (sky130_fd_sc_hd__and2_2)
                                                         _0498_ (net)
                      0.022703    0.000042    0.759925 ^ _2701_/D (sky130_fd_sc_hd__dfxtp_2)
                                              0.759925   data arrival time

                                  0.000000    0.000000   clock clk (rise edge)
                                  0.000000    0.000000   clock source latency
     1    0.029150    0.102106    0.070929    0.070929 ^ clk (in)
                                                         clk (net)
                      0.102141    0.000000    0.070929 ^ clkbuf_0_clk/A (sky130_fd_sc_hd__clkbuf_16)
    16    0.109385    0.096372    0.151639    0.222568 ^ clkbuf_0_clk/X (sky130_fd_sc_hd__clkbuf_16)
                                                         clknet_0_clk (net)
                      0.096749    0.004884    0.227451 ^ clkbuf_4_13_0_clk/A (sky130_fd_sc_hd__clkbuf_8)
     6    0.026845    0.045942    0.112530    0.339982 ^ clkbuf_4_13_0_clk/X (sky130_fd_sc_hd__clkbuf_8)
                                                         clknet_4_13_0_clk (net)
                      0.046010    0.001523    0.341505 ^ _2701_/CLK (sky130_fd_sc_hd__dfxtp_2)
                                  0.200000    0.541505   clock uncertainty
                                  0.000000    0.541505   clock reconvergence pessimism
                                 -0.016356    0.525149   library hold time
                                              0.525149   data required time
---------------------------------------------------------------------------------------------
                                              0.525149   data required time
                                             -0.759925   data arrival time
---------------------------------------------------------------------------------------------
                                              0.234776   slack (MET)


Startpoint: _2644_ (rising edge-triggered flip-flop clocked by clk)
Endpoint: _2644_ (rising edge-triggered flip-flop clocked by clk)
Path Group: clk
Path Type: min

Fanout         Cap        Slew       Delay        Time   Description
---------------------------------------------------------------------------------------------
                                  0.000000    0.000000   clock clk (rise edge)
                                  0.000000    0.000000   clock source latency
     1    0.029150    0.102106    0.070929    0.070929 ^ clk (in)
                                                         clk (net)
                      0.102141    0.000000    0.070929 ^ clkbuf_0_clk/A (sky130_fd_sc_hd__clkbuf_16)
    16    0.109385    0.096372    0.151639    0.222568 ^ clkbuf_0_clk/X (sky130_fd_sc_hd__clkbuf_16)
                                                         clknet_0_clk (net)
                      0.096932    0.005910    0.228478 ^ clkbuf_4_2_0_clk/A (sky130_fd_sc_hd__clkbuf_8)
     6    0.021574    0.040107    0.107662    0.336140 ^ clkbuf_4_2_0_clk/X (sky130_fd_sc_hd__clkbuf_8)
                                                         clknet_4_2_0_clk (net)
                      0.040111    0.000442    0.336581 ^ _2644_/CLK (sky130_fd_sc_hd__dfxtp_2)
     2    0.007658    0.037257    0.203389    0.539971 ^ _2644_/Q (sky130_fd_sc_hd__dfxtp_2)
                                                         net390 (net)
                      0.037257    0.000167    0.540138 ^ _2585_/B (sky130_fd_sc_hd__or2_2)
     1    0.002974    0.021284    0.063330    0.603468 ^ _2585_/X (sky130_fd_sc_hd__or2_2)
                                                         _0537_ (net)
                      0.021284    0.000086    0.603554 ^ _2586_/C1 (sky130_fd_sc_hd__o211a_2)
     1    0.006148    0.038807    0.084255    0.687809 ^ _2586_/X (sky130_fd_sc_hd__o211a_2)
                                                         _0071_ (net)
                      0.038808    0.000255    0.688063 ^ hold464/A (sky130_fd_sc_hd__clkbuf_2)
     1    0.005688    0.031066    0.069576    0.757639 ^ hold464/X (sky130_fd_sc_hd__clkbuf_2)
                                                         net463 (net)
                      0.031068    0.000233    0.757873 ^ _2644_/D (sky130_fd_sc_hd__dfxtp_2)
                                              0.757873   data arrival time

                                  0.000000    0.000000   clock clk (rise edge)
                                  0.000000    0.000000   clock source latency
     1    0.029150    0.102106    0.070929    0.070929 ^ clk (in)
                                                         clk (net)
                      0.102141    0.000000    0.070929 ^ clkbuf_0_clk/A (sky130_fd_sc_hd__clkbuf_16)
    16    0.109385    0.096372    0.151639    0.222568 ^ clkbuf_0_clk/X (sky130_fd_sc_hd__clkbuf_16)
                                                         clknet_0_clk (net)
                      0.096932    0.005910    0.228478 ^ clkbuf_4_2_0_clk/A (sky130_fd_sc_hd__clkbuf_8)
     6    0.021574    0.040107    0.107662    0.336140 ^ clkbuf_4_2_0_clk/X (sky130_fd_sc_hd__clkbuf_8)
                                                         clknet_4_2_0_clk (net)
                      0.040111    0.000442    0.336581 ^ _2644_/CLK (sky130_fd_sc_hd__dfxtp_2)
                                  0.200000    0.536581   clock uncertainty
                                  0.000000    0.536581   clock reconvergence pessimism
                                 -0.017087    0.519494   library hold time
                                              0.519494   data required time
---------------------------------------------------------------------------------------------
                                              0.519494   data required time
                                             -0.757873   data arrival time
---------------------------------------------------------------------------------------------
                                              0.238379   slack (MET)


Startpoint: _2661_ (rising edge-triggered flip-flop clocked by clk)
Endpoint: _2661_ (rising edge-triggered flip-flop clocked by clk)
Path Group: clk
Path Type: min

Fanout         Cap        Slew       Delay        Time   Description
---------------------------------------------------------------------------------------------
                                  0.000000    0.000000   clock clk (rise edge)
                                  0.000000    0.000000   clock source latency
     1    0.029150    0.102106    0.070929    0.070929 ^ clk (in)
                                                         clk (net)
                      0.102141    0.000000    0.070929 ^ clkbuf_0_clk/A (sky130_fd_sc_hd__clkbuf_16)
    16    0.109385    0.096372    0.151639    0.222568 ^ clkbuf_0_clk/X (sky130_fd_sc_hd__clkbuf_16)
                                                         clknet_0_clk (net)
                      0.097114    0.006770    0.229338 ^ clkbuf_4_1_0_clk/A (sky130_fd_sc_hd__clkbuf_8)
     6    0.017849    0.035880    0.103892    0.333230 ^ clkbuf_4_1_0_clk/X (sky130_fd_sc_hd__clkbuf_8)
                                                         clknet_4_1_0_clk (net)
                      0.035880    0.000051    0.333281 ^ _2661_/CLK (sky130_fd_sc_hd__dfxtp_2)
     6    0.027391    0.107850    0.253163    0.586444 ^ _2661_/Q (sky130_fd_sc_hd__dfxtp_2)
                                                         r2_mantissa[6] (net)
                      0.107850    0.000513    0.586957 ^ _1351_/A1 (sky130_fd_sc_hd__o211a_2)
     1    0.003399    0.028187    0.109835    0.696792 ^ _1351_/X (sky130_fd_sc_hd__o211a_2)
                                                         _0006_ (net)
                      0.028187    0.000106    0.696898 ^ hold579/A (sky130_fd_sc_hd__clkbuf_2)
     1    0.003281    0.022097    0.059200    0.756098 ^ hold579/X (sky130_fd_sc_hd__clkbuf_2)
                                                         net578 (net)
                      0.022098    0.000106    0.756204 ^ _2661_/D (sky130_fd_sc_hd__dfxtp_2)
                                              0.756204   data arrival time

                                  0.000000    0.000000   clock clk (rise edge)
                                  0.000000    0.000000   clock source latency
     1    0.029150    0.102106    0.070929    0.070929 ^ clk (in)
                                                         clk (net)
                      0.102141    0.000000    0.070929 ^ clkbuf_0_clk/A (sky130_fd_sc_hd__clkbuf_16)
    16    0.109385    0.096372    0.151639    0.222568 ^ clkbuf_0_clk/X (sky130_fd_sc_hd__clkbuf_16)
                                                         clknet_0_clk (net)
                      0.097114    0.006770    0.229338 ^ clkbuf_4_1_0_clk/A (sky130_fd_sc_hd__clkbuf_8)
     6    0.017849    0.035880    0.103892    0.333230 ^ clkbuf_4_1_0_clk/X (sky130_fd_sc_hd__clkbuf_8)
                                                         clknet_4_1_0_clk (net)
                      0.035880    0.000051    0.333281 ^ _2661_/CLK (sky130_fd_sc_hd__dfxtp_2)
                                  0.200000    0.533281   clock uncertainty
                                  0.000000    0.533281   clock reconvergence pessimism
                                 -0.016554    0.516727   library hold time
                                              0.516727   data required time
---------------------------------------------------------------------------------------------
                                              0.516727   data required time
                                             -0.756204   data arrival time
---------------------------------------------------------------------------------------------
                                              0.239477   slack (MET)


Startpoint: _2691_ (rising edge-triggered flip-flop clocked by clk)
Endpoint: _2691_ (rising edge-triggered flip-flop clocked by clk)
Path Group: clk
Path Type: min

Fanout         Cap        Slew       Delay        Time   Description
---------------------------------------------------------------------------------------------
                                  0.000000    0.000000   clock clk (rise edge)
                                  0.000000    0.000000   clock source latency
     1    0.029150    0.102106    0.070929    0.070929 ^ clk (in)
                                                         clk (net)
                      0.102141    0.000000    0.070929 ^ clkbuf_0_clk/A (sky130_fd_sc_hd__clkbuf_16)
    16    0.109385    0.096372    0.151639    0.222568 ^ clkbuf_0_clk/X (sky130_fd_sc_hd__clkbuf_16)
                                                         clknet_0_clk (net)
                      0.096853    0.005490    0.228058 ^ clkbuf_4_15_0_clk/A (sky130_fd_sc_hd__clkbuf_8)
     6    0.024157    0.042784    0.110351    0.338408 ^ clkbuf_4_15_0_clk/X (sky130_fd_sc_hd__clkbuf_8)
                                                         clknet_4_15_0_clk (net)
                      0.042794    0.000611    0.339020 ^ _2691_/CLK (sky130_fd_sc_hd__dfxtp_2)
     5    0.028295    0.111180    0.257326    0.596346 ^ _2691_/Q (sky130_fd_sc_hd__dfxtp_2)
                                                         r4_acc[3] (net)
                      0.111181    0.000597    0.596942 ^ _2469_/A1 (sky130_fd_sc_hd__a22o_2)
     1    0.002372    0.020058    0.089134    0.686076 ^ _2469_/X (sky130_fd_sc_hd__a22o_2)
                                                         _0456_ (net)
                      0.020058    0.000068    0.686144 ^ _2470_/B (sky130_fd_sc_hd__and2_2)
     1    0.002983    0.025366    0.076167    0.762311 ^ _2470_/X (sky130_fd_sc_hd__and2_2)
                                                         _0457_ (net)
                      0.025370    0.000090    0.762401 ^ _2691_/D (sky130_fd_sc_hd__dfxtp_2)
                                              0.762401   data arrival time

                                  0.000000    0.000000   clock clk (rise edge)
                                  0.000000    0.000000   clock source latency
     1    0.029150    0.102106    0.070929    0.070929 ^ clk (in)
                                                         clk (net)
                      0.102141    0.000000    0.070929 ^ clkbuf_0_clk/A (sky130_fd_sc_hd__clkbuf_16)
    16    0.109385    0.096372    0.151639    0.222568 ^ clkbuf_0_clk/X (sky130_fd_sc_hd__clkbuf_16)
                                                         clknet_0_clk (net)
                      0.096853    0.005490    0.228058 ^ clkbuf_4_15_0_clk/A (sky130_fd_sc_hd__clkbuf_8)
     6    0.024157    0.042784    0.110351    0.338408 ^ clkbuf_4_15_0_clk/X (sky130_fd_sc_hd__clkbuf_8)
                                                         clknet_4_15_0_clk (net)
                      0.042794    0.000611    0.339020 ^ _2691_/CLK (sky130_fd_sc_hd__dfxtp_2)
                                  0.200000    0.539020   clock uncertainty
                                  0.000000    0.539020   clock reconvergence pessimism
                                 -0.016621    0.522399   library hold time
                                              0.522399   data required time
---------------------------------------------------------------------------------------------
                                              0.522399   data required time
                                             -0.762401   data arrival time
---------------------------------------------------------------------------------------------
                                              0.240002   slack (MET)


Startpoint: a_in[6] (input port clocked by clk)
Endpoint: _2628_ (rising edge-triggered flip-flop clocked by clk)
Path Group: clk
Path Type: min

Fanout         Cap        Slew       Delay        Time   Description
---------------------------------------------------------------------------------------------
                                  0.000000    0.000000   clock clk (rise edge)
                                  0.000000    0.000000   clock network delay (propagated)
                                  0.020000    0.020000 ^ input external delay
     1    0.012318    0.046409    0.030989    0.050989 ^ a_in[6] (in)
                                                         a_in[6] (net)
                      0.046423    0.000000    0.050989 ^ hold648/A (sky130_fd_sc_hd__clkbuf_2)
     1    0.019390    0.085054    0.109740    0.160730 ^ hold648/X (sky130_fd_sc_hd__clkbuf_2)
                                                         net647 (net)
                      0.085064    0.000758    0.161488 ^ hold447/A (sky130_fd_sc_hd__clkbuf_2)
     1    0.003911    0.025468    0.075361    0.236849 ^ hold447/X (sky130_fd_sc_hd__clkbuf_2)
                                                         net446 (net)
                      0.025469    0.000135    0.236983 ^ hold649/A (sky130_fd_sc_hd__clkbuf_2)
     1    0.014914    0.067017    0.091405    0.328389 ^ hold649/X (sky130_fd_sc_hd__clkbuf_2)
                                                         net648 (net)
                      0.067055    0.000720    0.329109 ^ input321/A (sky130_fd_sc_hd__buf_2)
     1    0.010133    0.043540    0.087514    0.416623 ^ input321/X (sky130_fd_sc_hd__buf_2)
                                                         net321 (net)
                      0.043543    0.000415    0.417038 ^ hold650/A (sky130_fd_sc_hd__clkbuf_2)
     1    0.002810    0.020515    0.062205    0.479243 ^ hold650/X (sky130_fd_sc_hd__clkbuf_2)
                                                         net649 (net)
                      0.020515    0.000082    0.479325 ^ hold448/A (sky130_fd_sc_hd__clkbuf_2)
     2    0.005814    0.031510    0.064652    0.543977 ^ hold448/X (sky130_fd_sc_hd__clkbuf_2)
                                                         net447 (net)
                      0.031510    0.000173    0.544150 ^ hold651/A (sky130_fd_sc_hd__clkbuf_2)
     1    0.003767    0.023870    0.061746    0.605896 ^ hold651/X (sky130_fd_sc_hd__clkbuf_2)
                                                         net650 (net)
                      0.023870    0.000117    0.606013 ^ _2548_/A2 (sky130_fd_sc_hd__o211a_2)
     1    0.003991    0.030523    0.094399    0.700412 ^ _2548_/X (sky130_fd_sc_hd__o211a_2)
                                                         _0055_ (net)
                      0.030523    0.000158    0.700570 ^ hold449/A (sky130_fd_sc_hd__clkbuf_2)
     1    0.002487    0.019334    0.057326    0.757897 ^ hold449/X (sky130_fd_sc_hd__clkbuf_2)
                                                         net448 (net)
                      0.019334    0.000073    0.757970 ^ _2628_/D (sky130_fd_sc_hd__dfxtp_2)
                                              0.757970   data arrival time

                                  0.000000    0.000000   clock clk (rise edge)
                                  0.000000    0.000000   clock source latency
     1    0.029150    0.102106    0.070929    0.070929 ^ clk (in)
                                                         clk (net)
                      0.102141    0.000000    0.070929 ^ clkbuf_0_clk/A (sky130_fd_sc_hd__clkbuf_16)
    16    0.109385    0.096372    0.151639    0.222568 ^ clkbuf_0_clk/X (sky130_fd_sc_hd__clkbuf_16)
                                                         clknet_0_clk (net)
                      0.096878    0.005628    0.228196 ^ clkbuf_4_3_0_clk/A (sky130_fd_sc_hd__clkbuf_8)
     6    0.017527    0.035521    0.103453    0.331649 ^ clkbuf_4_3_0_clk/X (sky130_fd_sc_hd__clkbuf_8)
                                                         clknet_4_3_0_clk (net)
                      0.035525    0.000393    0.332042 ^ _2628_/CLK (sky130_fd_sc_hd__dfxtp_2)
                                  0.200000    0.532042   clock uncertainty
                                  0.000000    0.532042   clock reconvergence pessimism
                                 -0.016367    0.515675   library hold time
                                              0.515675   data required time
---------------------------------------------------------------------------------------------
                                              0.515675   data required time
                                             -0.757970   data arrival time
---------------------------------------------------------------------------------------------
                                              0.242295   slack (MET)


Startpoint: _2659_ (rising edge-triggered flip-flop clocked by clk)
Endpoint: _2659_ (rising edge-triggered flip-flop clocked by clk)
Path Group: clk
Path Type: min

Fanout         Cap        Slew       Delay        Time   Description
---------------------------------------------------------------------------------------------
                                  0.000000    0.000000   clock clk (rise edge)
                                  0.000000    0.000000   clock source latency
     1    0.029150    0.102106    0.070929    0.070929 ^ clk (in)
                                                         clk (net)
                      0.102141    0.000000    0.070929 ^ clkbuf_0_clk/A (sky130_fd_sc_hd__clkbuf_16)
    16    0.109385    0.096372    0.151639    0.222568 ^ clkbuf_0_clk/X (sky130_fd_sc_hd__clkbuf_16)
                                                         clknet_0_clk (net)
                      0.096878    0.005628    0.228196 ^ clkbuf_4_3_0_clk/A (sky130_fd_sc_hd__clkbuf_8)
     6    0.017527    0.035521    0.103453    0.331649 ^ clkbuf_4_3_0_clk/X (sky130_fd_sc_hd__clkbuf_8)
                                                         clknet_4_3_0_clk (net)
                      0.035522    0.000245    0.331893 ^ _2659_/CLK (sky130_fd_sc_hd__dfxtp_2)
     6    0.031221    0.121972    0.262322    0.594215 ^ _2659_/Q (sky130_fd_sc_hd__dfxtp_2)
                                                         r2_mantissa[4] (net)
                      0.121972    0.000566    0.594781 ^ _1344_/A1 (sky130_fd_sc_hd__o211a_2)
     1    0.002823    0.026042    0.109379    0.704160 ^ _1344_/X (sky130_fd_sc_hd__o211a_2)
                                                         _0004_ (net)
                      0.026042    0.000081    0.704241 ^ hold574/A (sky130_fd_sc_hd__clkbuf_2)
     1    0.002133    0.018078    0.054857    0.759099 ^ hold574/X (sky130_fd_sc_hd__clkbuf_2)
                                                         net573 (net)
                      0.018078    0.000061    0.759160 ^ _2659_/D (sky130_fd_sc_hd__dfxtp_2)
                                              0.759160   data arrival time

                                  0.000000    0.000000   clock clk (rise edge)
                                  0.000000    0.000000   clock source latency
     1    0.029150    0.102106    0.070929    0.070929 ^ clk (in)
                                                         clk (net)
                      0.102141    0.000000    0.070929 ^ clkbuf_0_clk/A (sky130_fd_sc_hd__clkbuf_16)
    16    0.109385    0.096372    0.151639    0.222568 ^ clkbuf_0_clk/X (sky130_fd_sc_hd__clkbuf_16)
                                                         clknet_0_clk (net)
                      0.096878    0.005628    0.228196 ^ clkbuf_4_3_0_clk/A (sky130_fd_sc_hd__clkbuf_8)
     6    0.017527    0.035521    0.103453    0.331649 ^ clkbuf_4_3_0_clk/X (sky130_fd_sc_hd__clkbuf_8)
                                                         clknet_4_3_0_clk (net)
                      0.035522    0.000245    0.331893 ^ _2659_/CLK (sky130_fd_sc_hd__dfxtp_2)
                                  0.200000    0.531893   clock uncertainty
                                  0.000000    0.531893   clock reconvergence pessimism
                                 -0.016278    0.515615   library hold time
                                              0.515615   data required time
---------------------------------------------------------------------------------------------
                                              0.515615   data required time
                                             -0.759160   data arrival time
---------------------------------------------------------------------------------------------
                                              0.243545   slack (MET)


Startpoint: _2642_ (rising edge-triggered flip-flop clocked by clk)
Endpoint: _2642_ (rising edge-triggered flip-flop clocked by clk)
Path Group: clk
Path Type: min

Fanout         Cap        Slew       Delay        Time   Description
---------------------------------------------------------------------------------------------
                                  0.000000    0.000000   clock clk (rise edge)
                                  0.000000    0.000000   clock source latency
     1    0.029150    0.102106    0.070929    0.070929 ^ clk (in)
                                                         clk (net)
                      0.102141    0.000000    0.070929 ^ clkbuf_0_clk/A (sky130_fd_sc_hd__clkbuf_16)
    16    0.109385    0.096372    0.151639    0.222568 ^ clkbuf_0_clk/X (sky130_fd_sc_hd__clkbuf_16)
                                                         clknet_0_clk (net)
                      0.097114    0.006770    0.229338 ^ clkbuf_4_1_0_clk/A (sky130_fd_sc_hd__clkbuf_8)
     6    0.017849    0.035880    0.103892    0.333230 ^ clkbuf_4_1_0_clk/X (sky130_fd_sc_hd__clkbuf_8)
                                                         clknet_4_1_0_clk (net)
                      0.035883    0.000380    0.333610 ^ _2642_/CLK (sky130_fd_sc_hd__dfxtp_2)
     2    0.008076    0.038676    0.203219    0.536829 ^ _2642_/Q (sky130_fd_sc_hd__dfxtp_2)
                                                         net388 (net)
                      0.038706    0.000203    0.537032 ^ _2581_/B (sky130_fd_sc_hd__or2_2)
     1    0.003029    0.021464    0.063961    0.600994 ^ _2581_/X (sky130_fd_sc_hd__or2_2)
                                                         _0535_ (net)
                      0.021464    0.000061    0.601055 ^ _2582_/C1 (sky130_fd_sc_hd__o211a_2)
     1    0.007497    0.044049    0.088530    0.689586 ^ _2582_/X (sky130_fd_sc_hd__o211a_2)
                                                         _0069_ (net)
                      0.044051    0.000334    0.689920 ^ hold494/A (sky130_fd_sc_hd__clkbuf_2)
     1    0.005311    0.029653    0.070061    0.759980 ^ hold494/X (sky130_fd_sc_hd__clkbuf_2)
                                                         net493 (net)
                      0.029654    0.000209    0.760190 ^ _2642_/D (sky130_fd_sc_hd__dfxtp_2)
                                              0.760190   data arrival time

                                  0.000000    0.000000   clock clk (rise edge)
                                  0.000000    0.000000   clock source latency
     1    0.029150    0.102106    0.070929    0.070929 ^ clk (in)
                                                         clk (net)
                      0.102141    0.000000    0.070929 ^ clkbuf_0_clk/A (sky130_fd_sc_hd__clkbuf_16)
    16    0.109385    0.096372    0.151639    0.222568 ^ clkbuf_0_clk/X (sky130_fd_sc_hd__clkbuf_16)
                                                         clknet_0_clk (net)
                      0.097114    0.006770    0.229338 ^ clkbuf_4_1_0_clk/A (sky130_fd_sc_hd__clkbuf_8)
     6    0.017849    0.035880    0.103892    0.333230 ^ clkbuf_4_1_0_clk/X (sky130_fd_sc_hd__clkbuf_8)
                                                         clknet_4_1_0_clk (net)
                      0.035883    0.000380    0.333610 ^ _2642_/CLK (sky130_fd_sc_hd__dfxtp_2)
                                  0.200000    0.533610   clock uncertainty
                                  0.000000    0.533610   clock reconvergence pessimism
                                 -0.017088    0.516522   library hold time
                                              0.516522   data required time
---------------------------------------------------------------------------------------------
                                              0.516522   data required time
                                             -0.760190   data arrival time
---------------------------------------------------------------------------------------------
                                              0.243668   slack (MET)


Startpoint: b_in[14] (input port clocked by clk)
Endpoint: _2652_ (rising edge-triggered flip-flop clocked by clk)
Path Group: clk
Path Type: min

Fanout         Cap        Slew       Delay        Time   Description
---------------------------------------------------------------------------------------------
                                  0.000000    0.000000   clock clk (rise edge)
                                  0.000000    0.000000   clock network delay (propagated)
                                  0.020000    0.020000 ^ input external delay
     2    0.019773    0.070965    0.048531    0.068531 ^ b_in[14] (in)
                                                         b_in[14] (net)
                      0.070976    0.000000    0.068531 ^ hold558/A (sky130_fd_sc_hd__clkbuf_2)
     1    0.004690    0.027855    0.074827    0.143359 ^ hold558/X (sky130_fd_sc_hd__clkbuf_2)
                                                         net557 (net)
                      0.027859    0.000153    0.143512 ^ hold480/A (sky130_fd_sc_hd__clkbuf_2)
     1    0.005413    0.029995    0.065608    0.209120 ^ hold480/X (sky130_fd_sc_hd__clkbuf_2)
                                                         net479 (net)
                      0.029996    0.000206    0.209326 ^ hold559/A (sky130_fd_sc_hd__clkbuf_2)
     1    0.002893    0.020743    0.058479    0.267806 ^ hold559/X (sky130_fd_sc_hd__clkbuf_2)
                                                         net558 (net)
                      0.020743    0.000088    0.267893 ^ input330/A (sky130_fd_sc_hd__buf_2)
     1    0.004211    0.023431    0.059404    0.327297 ^ input330/X (sky130_fd_sc_hd__buf_2)
                                                         net330 (net)
                      0.023431    0.000137    0.327434 ^ hold560/A (sky130_fd_sc_hd__clkbuf_2)
     1    0.003582    0.023159    0.058770    0.386205 ^ hold560/X (sky130_fd_sc_hd__clkbuf_2)
                                                         net559 (net)
                      0.023160    0.000113    0.386318 ^ hold481/A (sky130_fd_sc_hd__clkbuf_2)
     2    0.020418    0.089285    0.105255    0.491573 ^ hold481/X (sky130_fd_sc_hd__clkbuf_2)
                                                         net480 (net)
                      0.089328    0.001586    0.493159 ^ hold561/A (sky130_fd_sc_hd__clkbuf_2)
     2    0.010186    0.049175    0.094250    0.587409 ^ hold561/X (sky130_fd_sc_hd__clkbuf_2)
                                                         net560 (net)
                      0.049178    0.000448    0.587857 ^ _2602_/A2 (sky130_fd_sc_hd__o211a_2)
     1    0.007082    0.042426    0.109256    0.697113 ^ _2602_/X (sky130_fd_sc_hd__o211a_2)
                                                         _0079_ (net)
                      0.042427    0.000271    0.697384 ^ hold482/A (sky130_fd_sc_hd__clkbuf_2)
     1    0.005390    0.029946    0.069801    0.767184 ^ hold482/X (sky130_fd_sc_hd__clkbuf_2)
                                                         net481 (net)
                      0.029948    0.000218    0.767403 ^ _2652_/D (sky130_fd_sc_hd__dfxtp_2)
                                              0.767403   data arrival time

                                  0.000000    0.000000   clock clk (rise edge)
                                  0.000000    0.000000   clock source latency
     1    0.029150    0.102106    0.070929    0.070929 ^ clk (in)
                                                         clk (net)
                      0.102141    0.000000    0.070929 ^ clkbuf_0_clk/A (sky130_fd_sc_hd__clkbuf_16)
    16    0.109385    0.096372    0.151639    0.222568 ^ clkbuf_0_clk/X (sky130_fd_sc_hd__clkbuf_16)
                                                         clknet_0_clk (net)
                      0.097280    0.007468    0.230036 ^ clkbuf_4_6_0_clk/A (sky130_fd_sc_hd__clkbuf_8)
     6    0.021743    0.040313    0.107874    0.337910 ^ clkbuf_4_6_0_clk/X (sky130_fd_sc_hd__clkbuf_8)
                                                         clknet_4_6_0_clk (net)
                      0.040323    0.000641    0.338551 ^ _2652_/CLK (sky130_fd_sc_hd__dfxtp_2)
                                  0.200000    0.538551   clock uncertainty
                                  0.000000    0.538551   clock reconvergence pessimism
                                 -0.017003    0.521548   library hold time
                                              0.521548   data required time
---------------------------------------------------------------------------------------------
                                              0.521548   data required time
                                             -0.767403   data arrival time
---------------------------------------------------------------------------------------------
                                              0.245855   slack (MET)


Startpoint: _2665_ (rising edge-triggered flip-flop clocked by clk)
Endpoint: _2665_ (rising edge-triggered flip-flop clocked by clk)
Path Group: clk
Path Type: min

Fanout         Cap        Slew       Delay        Time   Description
---------------------------------------------------------------------------------------------
                                  0.000000    0.000000   clock clk (rise edge)
                                  0.000000    0.000000   clock source latency
     1    0.029150    0.102106    0.070929    0.070929 ^ clk (in)
                                                         clk (net)
                      0.102141    0.000000    0.070929 ^ clkbuf_0_clk/A (sky130_fd_sc_hd__clkbuf_16)
    16    0.109385    0.096372    0.151639    0.222568 ^ clkbuf_0_clk/X (sky130_fd_sc_hd__clkbuf_16)
                                                         clknet_0_clk (net)
                      0.097415    0.007996    0.230563 ^ clkbuf_4_7_0_clk/A (sky130_fd_sc_hd__clkbuf_8)
     6    0.020276    0.038616    0.106530    0.337093 ^ clkbuf_4_7_0_clk/X (sky130_fd_sc_hd__clkbuf_8)
                                                         clknet_4_7_0_clk (net)
                      0.038621    0.000441    0.337534 ^ _2665_/CLK (sky130_fd_sc_hd__dfxtp_2)
     6    0.031594    0.123249    0.264664    0.602198 ^ _2665_/Q (sky130_fd_sc_hd__dfxtp_2)
                                                         r2_mantissa[10] (net)
                      0.123249    0.000362    0.602560 ^ _1360_/A1 (sky130_fd_sc_hd__o211a_2)
     1    0.002670    0.025462    0.108874    0.711434 ^ _1360_/X (sky130_fd_sc_hd__o211a_2)
                                                         _0010_ (net)
                      0.025466    0.000077    0.711511 ^ hold548/A (sky130_fd_sc_hd__clkbuf_2)
     1    0.002721    0.020123    0.056590    0.768100 ^ hold548/X (sky130_fd_sc_hd__clkbuf_2)
                                                         net547 (net)
                      0.020123    0.000079    0.768179 ^ _2665_/D (sky130_fd_sc_hd__dfxtp_2)
                                              0.768179   data arrival time

                                  0.000000    0.000000   clock clk (rise edge)
                                  0.000000    0.000000   clock source latency
     1    0.029150    0.102106    0.070929    0.070929 ^ clk (in)
                                                         clk (net)
                      0.102141    0.000000    0.070929 ^ clkbuf_0_clk/A (sky130_fd_sc_hd__clkbuf_16)
    16    0.109385    0.096372    0.151639    0.222568 ^ clkbuf_0_clk/X (sky130_fd_sc_hd__clkbuf_16)
                                                         clknet_0_clk (net)
                      0.097415    0.007996    0.230563 ^ clkbuf_4_7_0_clk/A (sky130_fd_sc_hd__clkbuf_8)
     6    0.020276    0.038616    0.106530    0.337093 ^ clkbuf_4_7_0_clk/X (sky130_fd_sc_hd__clkbuf_8)
                                                         clknet_4_7_0_clk (net)
                      0.038621    0.000441    0.337534 ^ _2665_/CLK (sky130_fd_sc_hd__dfxtp_2)
                                  0.200000    0.537534   clock uncertainty
                                  0.000000    0.537534   clock reconvergence pessimism
                                 -0.016349    0.521185   library hold time
                                              0.521185   data required time
---------------------------------------------------------------------------------------------
                                              0.521185   data required time
                                             -0.768179   data arrival time
---------------------------------------------------------------------------------------------
                                              0.246995   slack (MET)


Startpoint: _2694_ (rising edge-triggered flip-flop clocked by clk)
Endpoint: _2694_ (rising edge-triggered flip-flop clocked by clk)
Path Group: clk
Path Type: min

Fanout         Cap        Slew       Delay        Time   Description
---------------------------------------------------------------------------------------------
                                  0.000000    0.000000   clock clk (rise edge)
                                  0.000000    0.000000   clock source latency
     1    0.029150    0.102106    0.070929    0.070929 ^ clk (in)
                                                         clk (net)
                      0.102141    0.000000    0.070929 ^ clkbuf_0_clk/A (sky130_fd_sc_hd__clkbuf_16)
    16    0.109385    0.096372    0.151639    0.222568 ^ clkbuf_0_clk/X (sky130_fd_sc_hd__clkbuf_16)
                                                         clknet_0_clk (net)
                      0.096789    0.005124    0.227692 ^ clkbuf_4_12_0_clk/A (sky130_fd_sc_hd__clkbuf_8)
     6    0.022809    0.041527    0.108954    0.336645 ^ clkbuf_4_12_0_clk/X (sky130_fd_sc_hd__clkbuf_8)
                                                         clknet_4_12_0_clk (net)
                      0.041530    0.000395    0.337041 ^ _2694_/CLK (sky130_fd_sc_hd__dfxtp_2)
     5    0.030836    0.120479    0.263517    0.600558 ^ _2694_/Q (sky130_fd_sc_hd__dfxtp_2)
                                                         r4_acc[6] (net)
                      0.120480    0.000580    0.601137 ^ _2488_/A1 (sky130_fd_sc_hd__a22o_2)
     1    0.003315    0.023013    0.094423    0.695561 ^ _2488_/X (sky130_fd_sc_hd__a22o_2)
                                                         _0472_ (net)
                      0.023016    0.000103    0.695664 ^ _2489_/B (sky130_fd_sc_hd__and2_2)
     1    0.002147    0.022768    0.074097    0.769761 ^ _2489_/X (sky130_fd_sc_hd__and2_2)
                                                         _0473_ (net)
                      0.022768    0.000042    0.769803 ^ _2694_/D (sky130_fd_sc_hd__dfxtp_2)
                                              0.769803   data arrival time

                                  0.000000    0.000000   clock clk (rise edge)
                                  0.000000    0.000000   clock source latency
     1    0.029150    0.102106    0.070929    0.070929 ^ clk (in)
                                                         clk (net)
                      0.102141    0.000000    0.070929 ^ clkbuf_0_clk/A (sky130_fd_sc_hd__clkbuf_16)
    16    0.109385    0.096372    0.151639    0.222568 ^ clkbuf_0_clk/X (sky130_fd_sc_hd__clkbuf_16)
                                                         clknet_0_clk (net)
                      0.096789    0.005124    0.227692 ^ clkbuf_4_12_0_clk/A (sky130_fd_sc_hd__clkbuf_8)
     6    0.022809    0.041527    0.108954    0.336645 ^ clkbuf_4_12_0_clk/X (sky130_fd_sc_hd__clkbuf_8)
                                                         clknet_4_12_0_clk (net)
                      0.041530    0.000395    0.337041 ^ _2694_/CLK (sky130_fd_sc_hd__dfxtp_2)
                                  0.200000    0.537041   clock uncertainty
                                  0.000000    0.537041   clock reconvergence pessimism
                                 -0.016467    0.520574   library hold time
                                              0.520574   data required time
---------------------------------------------------------------------------------------------
                                              0.520574   data required time
                                             -0.769803   data arrival time
---------------------------------------------------------------------------------------------
                                              0.249229   slack (MET)


Startpoint: _2698_ (rising edge-triggered flip-flop clocked by clk)
Endpoint: _2698_ (rising edge-triggered flip-flop clocked by clk)
Path Group: clk
Path Type: min

Fanout         Cap        Slew       Delay        Time   Description
---------------------------------------------------------------------------------------------
                                  0.000000    0.000000   clock clk (rise edge)
                                  0.000000    0.000000   clock source latency
     1    0.029150    0.102106    0.070929    0.070929 ^ clk (in)
                                                         clk (net)
                      0.102141    0.000000    0.070929 ^ clkbuf_0_clk/A (sky130_fd_sc_hd__clkbuf_16)
    16    0.109385    0.096372    0.151639    0.222568 ^ clkbuf_0_clk/X (sky130_fd_sc_hd__clkbuf_16)
                                                         clknet_0_clk (net)
                      0.096749    0.004884    0.227451 ^ clkbuf_4_13_0_clk/A (sky130_fd_sc_hd__clkbuf_8)
     6    0.026845    0.045942    0.112530    0.339982 ^ clkbuf_4_13_0_clk/X (sky130_fd_sc_hd__clkbuf_8)
                                                         clknet_4_13_0_clk (net)
                      0.045973    0.001090    0.341072 ^ _2698_/CLK (sky130_fd_sc_hd__dfxtp_2)
     6    0.032185    0.125423    0.268237    0.609309 ^ _2698_/Q (sky130_fd_sc_hd__dfxtp_2)
                                                         r4_acc[10] (net)
                      0.125426    0.000777    0.610085 ^ _2505_/A1 (sky130_fd_sc_hd__a22o_2)
     1    0.002539    0.020578    0.092515    0.702600 ^ _2505_/X (sky130_fd_sc_hd__a22o_2)
                                                         _0485_ (net)
                      0.020582    0.000078    0.702678 ^ _2506_/B (sky130_fd_sc_hd__and2_2)
     1    0.002112    0.022659    0.073327    0.776005 ^ _2506_/X (sky130_fd_sc_hd__and2_2)
                                                         _0486_ (net)
                      0.022659    0.000060    0.776066 ^ _2698_/D (sky130_fd_sc_hd__dfxtp_2)
                                              0.776066   data arrival time

                                  0.000000    0.000000   clock clk (rise edge)
                                  0.000000    0.000000   clock source latency
     1    0.029150    0.102106    0.070929    0.070929 ^ clk (in)
                                                         clk (net)
                      0.102141    0.000000    0.070929 ^ clkbuf_0_clk/A (sky130_fd_sc_hd__clkbuf_16)
    16    0.109385    0.096372    0.151639    0.222568 ^ clkbuf_0_clk/X (sky130_fd_sc_hd__clkbuf_16)
                                                         clknet_0_clk (net)
                      0.096749    0.004884    0.227451 ^ clkbuf_4_13_0_clk/A (sky130_fd_sc_hd__clkbuf_8)
     6    0.026845    0.045942    0.112530    0.339982 ^ clkbuf_4_13_0_clk/X (sky130_fd_sc_hd__clkbuf_8)
                                                         clknet_4_13_0_clk (net)
                      0.045973    0.001090    0.341072 ^ _2698_/CLK (sky130_fd_sc_hd__dfxtp_2)
                                  0.200000    0.541072   clock uncertainty
                                  0.000000    0.541072   clock reconvergence pessimism
                                 -0.016354    0.524718   library hold time
                                              0.524718   data required time
---------------------------------------------------------------------------------------------
                                              0.524718   data required time
                                             -0.776066   data arrival time
---------------------------------------------------------------------------------------------
                                              0.251347   slack (MET)


Startpoint: _2663_ (rising edge-triggered flip-flop clocked by clk)
Endpoint: _2663_ (rising edge-triggered flip-flop clocked by clk)
Path Group: clk
Path Type: min

Fanout         Cap        Slew       Delay        Time   Description
---------------------------------------------------------------------------------------------
                                  0.000000    0.000000   clock clk (rise edge)
                                  0.000000    0.000000   clock source latency
     1    0.029150    0.102106    0.070929    0.070929 ^ clk (in)
                                                         clk (net)
                      0.102141    0.000000    0.070929 ^ clkbuf_0_clk/A (sky130_fd_sc_hd__clkbuf_16)
    16    0.109385    0.096372    0.151639    0.222568 ^ clkbuf_0_clk/X (sky130_fd_sc_hd__clkbuf_16)
                                                         clknet_0_clk (net)
                      0.097114    0.006770    0.229338 ^ clkbuf_4_1_0_clk/A (sky130_fd_sc_hd__clkbuf_8)
     6    0.017849    0.035880    0.103892    0.333230 ^ clkbuf_4_1_0_clk/X (sky130_fd_sc_hd__clkbuf_8)
                                                         clknet_4_1_0_clk (net)
                      0.035883    0.000363    0.333593 ^ _2663_/CLK (sky130_fd_sc_hd__dfxtp_2)
     5    0.030464    0.119116    0.260959    0.594551 ^ _2663_/Q (sky130_fd_sc_hd__dfxtp_2)
                                                         r2_mantissa[8] (net)
                      0.119116    0.000496    0.595047 ^ _1356_/A1 (sky130_fd_sc_hd__o211a_2)
     1    0.005014    0.034569    0.117443    0.712490 ^ _1356_/X (sky130_fd_sc_hd__o211a_2)
                                                         _0008_ (net)
                      0.034569    0.000208    0.712698 ^ hold590/A (sky130_fd_sc_hd__clkbuf_2)
     1    0.003836    0.024132    0.062864    0.775562 ^ hold590/X (sky130_fd_sc_hd__clkbuf_2)
                                                         net589 (net)
                      0.024132    0.000129    0.775691 ^ _2663_/D (sky130_fd_sc_hd__dfxtp_2)
                                              0.775691   data arrival time

                                  0.000000    0.000000   clock clk (rise edge)
                                  0.000000    0.000000   clock source latency
     1    0.029150    0.102106    0.070929    0.070929 ^ clk (in)
                                                         clk (net)
                      0.102141    0.000000    0.070929 ^ clkbuf_0_clk/A (sky130_fd_sc_hd__clkbuf_16)
    16    0.109385    0.096372    0.151639    0.222568 ^ clkbuf_0_clk/X (sky130_fd_sc_hd__clkbuf_16)
                                                         clknet_0_clk (net)
                      0.097114    0.006770    0.229338 ^ clkbuf_4_1_0_clk/A (sky130_fd_sc_hd__clkbuf_8)
     6    0.017849    0.035880    0.103892    0.333230 ^ clkbuf_4_1_0_clk/X (sky130_fd_sc_hd__clkbuf_8)
                                                         clknet_4_1_0_clk (net)
                      0.035883    0.000363    0.333593 ^ _2663_/CLK (sky130_fd_sc_hd__dfxtp_2)
                                  0.200000    0.533593   clock uncertainty
                                  0.000000    0.533593   clock reconvergence pessimism
                                 -0.016698    0.516895   library hold time
                                              0.516895   data required time
---------------------------------------------------------------------------------------------
                                              0.516895   data required time
                                             -0.775691   data arrival time
---------------------------------------------------------------------------------------------
                                              0.258796   slack (MET)


Startpoint: _2692_ (rising edge-triggered flip-flop clocked by clk)
Endpoint: _2692_ (rising edge-triggered flip-flop clocked by clk)
Path Group: clk
Path Type: min

Fanout         Cap        Slew       Delay        Time   Description
---------------------------------------------------------------------------------------------
                                  0.000000    0.000000   clock clk (rise edge)
                                  0.000000    0.000000   clock source latency
     1    0.029150    0.102106    0.070929    0.070929 ^ clk (in)
                                                         clk (net)
                      0.102141    0.000000    0.070929 ^ clkbuf_0_clk/A (sky130_fd_sc_hd__clkbuf_16)
    16    0.109385    0.096372    0.151639    0.222568 ^ clkbuf_0_clk/X (sky130_fd_sc_hd__clkbuf_16)
                                                         clknet_0_clk (net)
                      0.096853    0.005490    0.228058 ^ clkbuf_4_15_0_clk/A (sky130_fd_sc_hd__clkbuf_8)
     6    0.024157    0.042784    0.110351    0.338408 ^ clkbuf_4_15_0_clk/X (sky130_fd_sc_hd__clkbuf_8)
                                                         clknet_4_15_0_clk (net)
                      0.042793    0.000569    0.338977 ^ _2692_/CLK (sky130_fd_sc_hd__dfxtp_2)
     6    0.035186    0.136428    0.274973    0.613950 ^ _2692_/Q (sky130_fd_sc_hd__dfxtp_2)
                                                         r4_acc[4] (net)
                      0.136429    0.000620    0.614570 ^ _2475_/A1 (sky130_fd_sc_hd__a22o_2)
     1    0.002141    0.019324    0.092186    0.706756 ^ _2475_/X (sky130_fd_sc_hd__a22o_2)
                                                         _0461_ (net)
                      0.019324    0.000043    0.706799 ^ _2476_/B (sky130_fd_sc_hd__and2_2)
     1    0.002605    0.024191    0.074679    0.781478 ^ _2476_/X (sky130_fd_sc_hd__and2_2)
                                                         _0462_ (net)
                      0.024191    0.000076    0.781553 ^ _2692_/D (sky130_fd_sc_hd__dfxtp_2)
                                              0.781553   data arrival time

                                  0.000000    0.000000   clock clk (rise edge)
                                  0.000000    0.000000   clock source latency
     1    0.029150    0.102106    0.070929    0.070929 ^ clk (in)
                                                         clk (net)
                      0.102141    0.000000    0.070929 ^ clkbuf_0_clk/A (sky130_fd_sc_hd__clkbuf_16)
    16    0.109385    0.096372    0.151639    0.222568 ^ clkbuf_0_clk/X (sky130_fd_sc_hd__clkbuf_16)
                                                         clknet_0_clk (net)
                      0.096853    0.005490    0.228058 ^ clkbuf_4_15_0_clk/A (sky130_fd_sc_hd__clkbuf_8)
     6    0.024157    0.042784    0.110351    0.338408 ^ clkbuf_4_15_0_clk/X (sky130_fd_sc_hd__clkbuf_8)
                                                         clknet_4_15_0_clk (net)
                      0.042793    0.000569    0.338977 ^ _2692_/CLK (sky130_fd_sc_hd__dfxtp_2)
                                  0.200000    0.538977   clock uncertainty
                                  0.000000    0.538977   clock reconvergence pessimism
                                 -0.016538    0.522440   library hold time
                                              0.522440   data required time
---------------------------------------------------------------------------------------------
                                              0.522440   data required time
                                             -0.781553   data arrival time
---------------------------------------------------------------------------------------------
                                              0.259114   slack (MET)


Startpoint: _2641_ (rising edge-triggered flip-flop clocked by clk)
Endpoint: _2641_ (rising edge-triggered flip-flop clocked by clk)
Path Group: clk
Path Type: min

Fanout         Cap        Slew       Delay        Time   Description
---------------------------------------------------------------------------------------------
                                  0.000000    0.000000   clock clk (rise edge)
                                  0.000000    0.000000   clock source latency
     1    0.029150    0.102106    0.070929    0.070929 ^ clk (in)
                                                         clk (net)
                      0.102141    0.000000    0.070929 ^ clkbuf_0_clk/A (sky130_fd_sc_hd__clkbuf_16)
    16    0.109385    0.096372    0.151639    0.222568 ^ clkbuf_0_clk/X (sky130_fd_sc_hd__clkbuf_16)
                                                         clknet_0_clk (net)
                      0.096932    0.005910    0.228478 ^ clkbuf_4_2_0_clk/A (sky130_fd_sc_hd__clkbuf_8)
     6    0.021574    0.040107    0.107662    0.336140 ^ clkbuf_4_2_0_clk/X (sky130_fd_sc_hd__clkbuf_8)
                                                         clknet_4_2_0_clk (net)
                      0.040109    0.000315    0.336454 ^ _2641_/CLK (sky130_fd_sc_hd__dfxtp_2)
     2    0.013757    0.058228    0.219445    0.555900 ^ _2641_/Q (sky130_fd_sc_hd__dfxtp_2)
                                                         net387 (net)
                      0.058228    0.000270    0.556169 ^ _2579_/B (sky130_fd_sc_hd__or2_2)
     1    0.003184    0.022150    0.070040    0.626209 ^ _2579_/X (sky130_fd_sc_hd__or2_2)
                                                         _0534_ (net)
                      0.022151    0.000098    0.626307 ^ _2580_/C1 (sky130_fd_sc_hd__o211a_2)
     1    0.006234    0.039135    0.084717    0.711024 ^ _2580_/X (sky130_fd_sc_hd__o211a_2)
                                                         _0068_ (net)
                      0.039136    0.000264    0.711288 ^ hold510/A (sky130_fd_sc_hd__clkbuf_2)
     1    0.005787    0.031445    0.069950    0.781238 ^ hold510/X (sky130_fd_sc_hd__clkbuf_2)
                                                         net509 (net)
                      0.031446    0.000242    0.781480 ^ _2641_/D (sky130_fd_sc_hd__dfxtp_2)
                                              0.781480   data arrival time

                                  0.000000    0.000000   clock clk (rise edge)
                                  0.000000    0.000000   clock source latency
     1    0.029150    0.102106    0.070929    0.070929 ^ clk (in)
                                                         clk (net)
                      0.102141    0.000000    0.070929 ^ clkbuf_0_clk/A (sky130_fd_sc_hd__clkbuf_16)
    16    0.109385    0.096372    0.151639    0.222568 ^ clkbuf_0_clk/X (sky130_fd_sc_hd__clkbuf_16)
                                                         clknet_0_clk (net)
                      0.096932    0.005910    0.228478 ^ clkbuf_4_2_0_clk/A (sky130_fd_sc_hd__clkbuf_8)
     6    0.021574    0.040107    0.107662    0.336140 ^ clkbuf_4_2_0_clk/X (sky130_fd_sc_hd__clkbuf_8)
                                                         clknet_4_2_0_clk (net)
                      0.040109    0.000315    0.336454 ^ _2641_/CLK (sky130_fd_sc_hd__dfxtp_2)
                                  0.200000    0.536454   clock uncertainty
                                  0.000000    0.536454   clock reconvergence pessimism
                                 -0.017114    0.519340   library hold time
                                              0.519340   data required time
---------------------------------------------------------------------------------------------
                                              0.519340   data required time
                                             -0.781480   data arrival time
---------------------------------------------------------------------------------------------
                                              0.262140   slack (MET)


Startpoint: _2689_ (rising edge-triggered flip-flop clocked by clk)
Endpoint: _2689_ (rising edge-triggered flip-flop clocked by clk)
Path Group: clk
Path Type: min

Fanout         Cap        Slew       Delay        Time   Description
---------------------------------------------------------------------------------------------
                                  0.000000    0.000000   clock clk (rise edge)
                                  0.000000    0.000000   clock source latency
     1    0.029150    0.102106    0.070929    0.070929 ^ clk (in)
                                                         clk (net)
                      0.102141    0.000000    0.070929 ^ clkbuf_0_clk/A (sky130_fd_sc_hd__clkbuf_16)
    16    0.109385    0.096372    0.151639    0.222568 ^ clkbuf_0_clk/X (sky130_fd_sc_hd__clkbuf_16)
                                                         clknet_0_clk (net)
                      0.096853    0.005492    0.228060 ^ clkbuf_4_14_0_clk/A (sky130_fd_sc_hd__clkbuf_8)
     6    0.023593    0.042315    0.109631    0.337691 ^ clkbuf_4_14_0_clk/X (sky130_fd_sc_hd__clkbuf_8)
                                                         clknet_4_14_0_clk (net)
                      0.042341    0.000954    0.338645 ^ _2689_/CLK (sky130_fd_sc_hd__dfxtp_2)
     8    0.037135    0.143498    0.280125    0.618770 ^ _2689_/Q (sky130_fd_sc_hd__dfxtp_2)
                                                         r4_acc[1] (net)
                      0.143499    0.000682    0.619452 ^ _2454_/A1 (sky130_fd_sc_hd__a22o_2)
     1    0.002417    0.020197    0.093785    0.713237 ^ _2454_/X (sky130_fd_sc_hd__a22o_2)
                                                         _0443_ (net)
                      0.020197    0.000068    0.713305 ^ _2455_/B (sky130_fd_sc_hd__and2_2)
     1    0.002328    0.023332    0.073965    0.787269 ^ _2455_/X (sky130_fd_sc_hd__and2_2)
                                                         _0444_ (net)
                      0.023332    0.000068    0.787337 ^ _2689_/D (sky130_fd_sc_hd__dfxtp_2)
                                              0.787337   data arrival time

                                  0.000000    0.000000   clock clk (rise edge)
                                  0.000000    0.000000   clock source latency
     1    0.029150    0.102106    0.070929    0.070929 ^ clk (in)
                                                         clk (net)
                      0.102141    0.000000    0.070929 ^ clkbuf_0_clk/A (sky130_fd_sc_hd__clkbuf_16)
    16    0.109385    0.096372    0.151639    0.222568 ^ clkbuf_0_clk/X (sky130_fd_sc_hd__clkbuf_16)
                                                         clknet_0_clk (net)
                      0.096853    0.005492    0.228060 ^ clkbuf_4_14_0_clk/A (sky130_fd_sc_hd__clkbuf_8)
     6    0.023593    0.042315    0.109631    0.337691 ^ clkbuf_4_14_0_clk/X (sky130_fd_sc_hd__clkbuf_8)
                                                         clknet_4_14_0_clk (net)
                      0.042341    0.000954    0.338645 ^ _2689_/CLK (sky130_fd_sc_hd__dfxtp_2)
                                  0.200000    0.538645   clock uncertainty
                                  0.000000    0.538645   clock reconvergence pessimism
                                 -0.016488    0.522158   library hold time
                                              0.522158   data required time
---------------------------------------------------------------------------------------------
                                              0.522158   data required time
                                             -0.787337   data arrival time
---------------------------------------------------------------------------------------------
                                              0.265180   slack (MET)


Startpoint: a_in[4] (input port clocked by clk)
Endpoint: _2626_ (rising edge-triggered flip-flop clocked by clk)
Path Group: clk
Path Type: min

Fanout         Cap        Slew       Delay        Time   Description
---------------------------------------------------------------------------------------------
                                  0.000000    0.000000   clock clk (rise edge)
                                  0.000000    0.000000   clock network delay (propagated)
                                  0.020000    0.020000 ^ input external delay
     1    0.010512    0.040249    0.026367    0.046367 ^ a_in[4] (in)
                                                         a_in[4] (net)
                      0.040250    0.000000    0.046367 ^ hold652/A (sky130_fd_sc_hd__clkbuf_2)
     1    0.002455    0.019268    0.060101    0.106467 ^ hold652/X (sky130_fd_sc_hd__clkbuf_2)
                                                         net651 (net)
                      0.019268    0.000047    0.106514 ^ hold426/A (sky130_fd_sc_hd__clkbuf_2)
     1    0.015702    0.070196    0.091865    0.198379 ^ hold426/X (sky130_fd_sc_hd__clkbuf_2)
                                                         net425 (net)
                      0.070203    0.000600    0.198979 ^ hold653/A (sky130_fd_sc_hd__clkbuf_2)
     1    0.014196    0.064279    0.101295    0.300274 ^ hold653/X (sky130_fd_sc_hd__clkbuf_2)
                                                         net652 (net)
                      0.064287    0.000742    0.301015 ^ input319/A (sky130_fd_sc_hd__buf_2)
     1    0.011487    0.048107    0.090279    0.391294 ^ input319/X (sky130_fd_sc_hd__buf_2)
                                                         net319 (net)
                      0.048113    0.000546    0.391841 ^ hold654/A (sky130_fd_sc_hd__clkbuf_2)
     1    0.012042    0.055815    0.090112    0.481953 ^ hold654/X (sky130_fd_sc_hd__clkbuf_2)
                                                         net653 (net)
                      0.055820    0.000589    0.482542 ^ hold427/A (sky130_fd_sc_hd__clkbuf_2)
     2    0.010209    0.048670    0.087088    0.569630 ^ hold427/X (sky130_fd_sc_hd__clkbuf_2)
                                                         net426 (net)
                      0.048671    0.000292    0.569922 ^ hold655/A (sky130_fd_sc_hd__clkbuf_2)
     1    0.005299    0.029621    0.071377    0.641300 ^ hold655/X (sky130_fd_sc_hd__clkbuf_2)
                                                         net654 (net)
                      0.029622    0.000203    0.641503 ^ _2544_/A2 (sky130_fd_sc_hd__o211a_2)
     1    0.002940    0.026454    0.091114    0.732618 ^ _2544_/X (sky130_fd_sc_hd__o211a_2)
                                                         _0053_ (net)
                      0.026454    0.000086    0.732704 ^ hold428/A (sky130_fd_sc_hd__clkbuf_2)
     1    0.001988    0.017575    0.054510    0.787214 ^ hold428/X (sky130_fd_sc_hd__clkbuf_2)
                                                         net427 (net)
                      0.017575    0.000056    0.787270 ^ _2626_/D (sky130_fd_sc_hd__dfxtp_2)
                                              0.787270   data arrival time

                                  0.000000    0.000000   clock clk (rise edge)
                                  0.000000    0.000000   clock source latency
     1    0.029150    0.102106    0.070929    0.070929 ^ clk (in)
                                                         clk (net)
                      0.102141    0.000000    0.070929 ^ clkbuf_0_clk/A (sky130_fd_sc_hd__clkbuf_16)
    16    0.109385    0.096372    0.151639    0.222568 ^ clkbuf_0_clk/X (sky130_fd_sc_hd__clkbuf_16)
                                                         clknet_0_clk (net)
                      0.096932    0.005910    0.228478 ^ clkbuf_4_2_0_clk/A (sky130_fd_sc_hd__clkbuf_8)
     6    0.021574    0.040107    0.107662    0.336140 ^ clkbuf_4_2_0_clk/X (sky130_fd_sc_hd__clkbuf_8)
                                                         clknet_4_2_0_clk (net)
                      0.040116    0.000578    0.336717 ^ _2626_/CLK (sky130_fd_sc_hd__dfxtp_2)
                                  0.200000    0.536717   clock uncertainty
                                  0.000000    0.536717   clock reconvergence pessimism
                                 -0.016134    0.520583   library hold time
                                              0.520583   data required time
---------------------------------------------------------------------------------------------
                                              0.520583   data required time
                                             -0.787270   data arrival time
---------------------------------------------------------------------------------------------
                                              0.266686   slack (MET)


Startpoint: _2645_ (rising edge-triggered flip-flop clocked by clk)
Endpoint: _2645_ (rising edge-triggered flip-flop clocked by clk)
Path Group: clk
Path Type: min

Fanout         Cap        Slew       Delay        Time   Description
---------------------------------------------------------------------------------------------
                                  0.000000    0.000000   clock clk (rise edge)
                                  0.000000    0.000000   clock source latency
     1    0.029150    0.102106    0.070929    0.070929 ^ clk (in)
                                                         clk (net)
                      0.102141    0.000000    0.070929 ^ clkbuf_0_clk/A (sky130_fd_sc_hd__clkbuf_16)
    16    0.109385    0.096372    0.151639    0.222568 ^ clkbuf_0_clk/X (sky130_fd_sc_hd__clkbuf_16)
                                                         clknet_0_clk (net)
                      0.097239    0.007302    0.229870 ^ clkbuf_4_0_0_clk/A (sky130_fd_sc_hd__clkbuf_8)
     6    0.023501    0.042267    0.109590    0.339460 ^ clkbuf_4_0_0_clk/X (sky130_fd_sc_hd__clkbuf_8)
                                                         clknet_4_0_0_clk (net)
                      0.042280    0.000721    0.340181 ^ _2645_/CLK (sky130_fd_sc_hd__dfxtp_2)
     2    0.009591    0.043924    0.209152    0.549333 ^ _2645_/Q (sky130_fd_sc_hd__dfxtp_2)
                                                         net391 (net)
                      0.043924    0.000117    0.549450 ^ _2587_/B (sky130_fd_sc_hd__or2_2)
     1    0.003091    0.021669    0.065760    0.615210 ^ _2587_/X (sky130_fd_sc_hd__or2_2)
                                                         _0538_ (net)
                      0.021670    0.000090    0.615300 ^ _2588_/C1 (sky130_fd_sc_hd__o211a_2)
     1    0.010207    0.054873    0.097092    0.712392 ^ _2588_/X (sky130_fd_sc_hd__o211a_2)
                                                         _0072_ (net)
                      0.054874    0.000381    0.712773 ^ hold479/A (sky130_fd_sc_hd__clkbuf_2)
     1    0.006982    0.036099    0.077820    0.790593 ^ hold479/X (sky130_fd_sc_hd__clkbuf_2)
                                                         net478 (net)
                      0.036099    0.000234    0.790827 ^ _2645_/D (sky130_fd_sc_hd__dfxtp_2)
                                              0.790827   data arrival time

                                  0.000000    0.000000   clock clk (rise edge)
                                  0.000000    0.000000   clock source latency
     1    0.029150    0.102106    0.070929    0.070929 ^ clk (in)
                                                         clk (net)
                      0.102141    0.000000    0.070929 ^ clkbuf_0_clk/A (sky130_fd_sc_hd__clkbuf_16)
    16    0.109385    0.096372    0.151639    0.222568 ^ clkbuf_0_clk/X (sky130_fd_sc_hd__clkbuf_16)
                                                         clknet_0_clk (net)
                      0.097239    0.007302    0.229870 ^ clkbuf_4_0_0_clk/A (sky130_fd_sc_hd__clkbuf_8)
     6    0.023501    0.042267    0.109590    0.339460 ^ clkbuf_4_0_0_clk/X (sky130_fd_sc_hd__clkbuf_8)
                                                         clknet_4_0_0_clk (net)
                      0.042280    0.000721    0.340181 ^ _2645_/CLK (sky130_fd_sc_hd__dfxtp_2)
                                  0.200000    0.540181   clock uncertainty
                                  0.000000    0.540181   clock reconvergence pessimism
                                 -0.017391    0.522790   library hold time
                                              0.522790   data required time
---------------------------------------------------------------------------------------------
                                              0.522790   data required time
                                             -0.790827   data arrival time
---------------------------------------------------------------------------------------------
                                              0.268037   slack (MET)


Startpoint: a_in[5] (input port clocked by clk)
Endpoint: _2627_ (rising edge-triggered flip-flop clocked by clk)
Path Group: clk
Path Type: min

Fanout         Cap        Slew       Delay        Time   Description
---------------------------------------------------------------------------------------------
                                  0.000000    0.000000   clock clk (rise edge)
                                  0.000000    0.000000   clock network delay (propagated)
                                  0.020000    0.020000 ^ input external delay
     1    0.013835    0.051497    0.034490    0.054490 ^ a_in[5] (in)
                                                         a_in[5] (net)
                      0.051501    0.000000    0.054490 ^ hold624/A (sky130_fd_sc_hd__clkbuf_2)
     1    0.003749    0.023881    0.067570    0.122060 ^ hold624/X (sky130_fd_sc_hd__clkbuf_2)
                                                         net623 (net)
                      0.023881    0.000090    0.122150 ^ hold429/A (sky130_fd_sc_hd__clkbuf_2)
     1    0.013707    0.062010    0.087611    0.209761 ^ hold429/X (sky130_fd_sc_hd__clkbuf_2)
                                                         net428 (net)
                      0.062057    0.000905    0.210666 ^ hold625/A (sky130_fd_sc_hd__clkbuf_2)
     1    0.014530    0.065384    0.100373    0.311038 ^ hold625/X (sky130_fd_sc_hd__clkbuf_2)
                                                         net624 (net)
                      0.065393    0.000794    0.311832 ^ input320/A (sky130_fd_sc_hd__buf_2)
     1    0.003099    0.020490    0.068630    0.380462 ^ input320/X (sky130_fd_sc_hd__buf_2)
                                                         net320 (net)
                      0.020490    0.000092    0.380554 ^ hold626/A (sky130_fd_sc_hd__clkbuf_2)
     1    0.012438    0.057361    0.083222    0.463776 ^ hold626/X (sky130_fd_sc_hd__clkbuf_2)
                                                         net625 (net)
                      0.057391    0.000528    0.464304 ^ hold430/A (sky130_fd_sc_hd__clkbuf_2)
     2    0.014296    0.064381    0.098664    0.562968 ^ hold430/X (sky130_fd_sc_hd__clkbuf_2)
                                                         net429 (net)
                      0.064430    0.000974    0.563942 ^ hold627/A (sky130_fd_sc_hd__clkbuf_2)
     1    0.005133    0.029320    0.074665    0.638607 ^ hold627/X (sky130_fd_sc_hd__clkbuf_2)
                                                         net626 (net)
                      0.029321    0.000178    0.638785 ^ _2546_/A2 (sky130_fd_sc_hd__o211a_2)
     1    0.002842    0.026092    0.090673    0.729458 ^ _2546_/X (sky130_fd_sc_hd__o211a_2)
                                                         _0054_ (net)
                      0.026092    0.000059    0.729516 ^ hold431/A (sky130_fd_sc_hd__clkbuf_2)
     1    0.002335    0.018783    0.055527    0.785043 ^ hold431/X (sky130_fd_sc_hd__clkbuf_2)
                                                         net430 (net)
                      0.018784    0.000066    0.785109 ^ _2627_/D (sky130_fd_sc_hd__dfxtp_2)
                                              0.785109   data arrival time

                                  0.000000    0.000000   clock clk (rise edge)
                                  0.000000    0.000000   clock source latency
     1    0.029150    0.102106    0.070929    0.070929 ^ clk (in)
                                                         clk (net)
                      0.102141    0.000000    0.070929 ^ clkbuf_0_clk/A (sky130_fd_sc_hd__clkbuf_16)
    16    0.109385    0.096372    0.151639    0.222568 ^ clkbuf_0_clk/X (sky130_fd_sc_hd__clkbuf_16)
                                                         clknet_0_clk (net)
                      0.096878    0.005628    0.228196 ^ clkbuf_4_3_0_clk/A (sky130_fd_sc_hd__clkbuf_8)
     6    0.017527    0.035521    0.103453    0.331649 ^ clkbuf_4_3_0_clk/X (sky130_fd_sc_hd__clkbuf_8)
                                                         clknet_4_3_0_clk (net)
                      0.035527    0.000452    0.332101 ^ _2627_/CLK (sky130_fd_sc_hd__dfxtp_2)
                                  0.200000    0.532101   clock uncertainty
                                  0.000000    0.532101   clock reconvergence pessimism
                                 -0.016328    0.515773   library hold time
                                              0.515773   data required time
---------------------------------------------------------------------------------------------
                                              0.515773   data required time
                                             -0.785109   data arrival time
---------------------------------------------------------------------------------------------
                                              0.269336   slack (MET)


Startpoint: _2700_ (rising edge-triggered flip-flop clocked by clk)
Endpoint: _2700_ (rising edge-triggered flip-flop clocked by clk)
Path Group: clk
Path Type: min

Fanout         Cap        Slew       Delay        Time   Description
---------------------------------------------------------------------------------------------
                                  0.000000    0.000000   clock clk (rise edge)
                                  0.000000    0.000000   clock source latency
     1    0.029150    0.102106    0.070929    0.070929 ^ clk (in)
                                                         clk (net)
                      0.102141    0.000000    0.070929 ^ clkbuf_0_clk/A (sky130_fd_sc_hd__clkbuf_16)
    16    0.109385    0.096372    0.151639    0.222568 ^ clkbuf_0_clk/X (sky130_fd_sc_hd__clkbuf_16)
                                                         clknet_0_clk (net)
                      0.096749    0.004884    0.227451 ^ clkbuf_4_13_0_clk/A (sky130_fd_sc_hd__clkbuf_8)
     6    0.026845    0.045942    0.112530    0.339982 ^ clkbuf_4_13_0_clk/X (sky130_fd_sc_hd__clkbuf_8)
                                                         clknet_4_13_0_clk (net)
                      0.046000    0.001419    0.341401 ^ _2700_/CLK (sky130_fd_sc_hd__dfxtp_2)
     6    0.038782    0.149584    0.285198    0.626599 ^ _2700_/Q (sky130_fd_sc_hd__dfxtp_2)
                                                         r4_acc[12] (net)
                      0.149586    0.000848    0.627447 ^ _2514_/A1 (sky130_fd_sc_hd__a22o_2)
     1    0.002290    0.019793    0.093911    0.721359 ^ _2514_/X (sky130_fd_sc_hd__a22o_2)
                                                         _0492_ (net)
                      0.019793    0.000066    0.721425 ^ _2515_/B (sky130_fd_sc_hd__and2_2)
     1    0.002260    0.023118    0.073623    0.795047 ^ _2515_/X (sky130_fd_sc_hd__and2_2)
                                                         _0493_ (net)
                      0.023118    0.000066    0.795113 ^ _2700_/D (sky130_fd_sc_hd__dfxtp_2)
                                              0.795113   data arrival time

                                  0.000000    0.000000   clock clk (rise edge)
                                  0.000000    0.000000   clock source latency
     1    0.029150    0.102106    0.070929    0.070929 ^ clk (in)
                                                         clk (net)
                      0.102141    0.000000    0.070929 ^ clkbuf_0_clk/A (sky130_fd_sc_hd__clkbuf_16)
    16    0.109385    0.096372    0.151639    0.222568 ^ clkbuf_0_clk/X (sky130_fd_sc_hd__clkbuf_16)
                                                         clknet_0_clk (net)
                      0.096749    0.004884    0.227451 ^ clkbuf_4_13_0_clk/A (sky130_fd_sc_hd__clkbuf_8)
     6    0.026845    0.045942    0.112530    0.339982 ^ clkbuf_4_13_0_clk/X (sky130_fd_sc_hd__clkbuf_8)
                                                         clknet_4_13_0_clk (net)
                      0.046000    0.001419    0.341401 ^ _2700_/CLK (sky130_fd_sc_hd__dfxtp_2)
                                  0.200000    0.541401   clock uncertainty
                                  0.000000    0.541401   clock reconvergence pessimism
                                 -0.016385    0.525015   library hold time
                                              0.525015   data required time
---------------------------------------------------------------------------------------------
                                              0.525015   data required time
                                             -0.795113   data arrival time
---------------------------------------------------------------------------------------------
                                              0.270098   slack (MET)


Startpoint: _2660_ (rising edge-triggered flip-flop clocked by clk)
Endpoint: _2660_ (rising edge-triggered flip-flop clocked by clk)
Path Group: clk
Path Type: min

Fanout         Cap        Slew       Delay        Time   Description
---------------------------------------------------------------------------------------------
                                  0.000000    0.000000   clock clk (rise edge)
                                  0.000000    0.000000   clock source latency
     1    0.029150    0.102106    0.070929    0.070929 ^ clk (in)
                                                         clk (net)
                      0.102141    0.000000    0.070929 ^ clkbuf_0_clk/A (sky130_fd_sc_hd__clkbuf_16)
    16    0.109385    0.096372    0.151639    0.222568 ^ clkbuf_0_clk/X (sky130_fd_sc_hd__clkbuf_16)
                                                         clknet_0_clk (net)
                      0.097114    0.006770    0.229338 ^ clkbuf_4_1_0_clk/A (sky130_fd_sc_hd__clkbuf_8)
     6    0.017849    0.035880    0.103892    0.333230 ^ clkbuf_4_1_0_clk/X (sky130_fd_sc_hd__clkbuf_8)
                                                         clknet_4_1_0_clk (net)
                      0.035884    0.000391    0.333621 ^ _2660_/CLK (sky130_fd_sc_hd__dfxtp_2)
     6    0.030030    0.117553    0.259721    0.593342 ^ _2660_/Q (sky130_fd_sc_hd__dfxtp_2)
                                                         r2_mantissa[5] (net)
                      0.117553    0.000510    0.593852 ^ _1347_/A1 (sky130_fd_sc_hd__o211a_2)
     1    0.006492    0.040185    0.122023    0.715875 ^ _1347_/X (sky130_fd_sc_hd__o211a_2)
                                                         _0005_ (net)
                      0.040186    0.000263    0.716138 ^ hold553/A (sky130_fd_sc_hd__clkbuf_2)
     1    0.006294    0.033390    0.071699    0.787836 ^ hold553/X (sky130_fd_sc_hd__clkbuf_2)
                                                         net552 (net)
                      0.033391    0.000241    0.788077 ^ _2660_/D (sky130_fd_sc_hd__dfxtp_2)
                                              0.788077   data arrival time

                                  0.000000    0.000000   clock clk (rise edge)
                                  0.000000    0.000000   clock source latency
     1    0.029150    0.102106    0.070929    0.070929 ^ clk (in)
                                                         clk (net)
                      0.102141    0.000000    0.070929 ^ clkbuf_0_clk/A (sky130_fd_sc_hd__clkbuf_16)
    16    0.109385    0.096372    0.151639    0.222568 ^ clkbuf_0_clk/X (sky130_fd_sc_hd__clkbuf_16)
                                                         clknet_0_clk (net)
                      0.097114    0.006770    0.229338 ^ clkbuf_4_1_0_clk/A (sky130_fd_sc_hd__clkbuf_8)
     6    0.017849    0.035880    0.103892    0.333230 ^ clkbuf_4_1_0_clk/X (sky130_fd_sc_hd__clkbuf_8)
                                                         clknet_4_1_0_clk (net)
                      0.035884    0.000391    0.333621 ^ _2660_/CLK (sky130_fd_sc_hd__dfxtp_2)
                                  0.200000    0.533621   clock uncertainty
                                  0.000000    0.533621   clock reconvergence pessimism
                                 -0.017353    0.516268   library hold time
                                              0.516268   data required time
---------------------------------------------------------------------------------------------
                                              0.516268   data required time
                                             -0.788077   data arrival time
---------------------------------------------------------------------------------------------
                                              0.271809   slack (MET)


Startpoint: _2643_ (rising edge-triggered flip-flop clocked by clk)
Endpoint: _2643_ (rising edge-triggered flip-flop clocked by clk)
Path Group: clk
Path Type: min

Fanout         Cap        Slew       Delay        Time   Description
---------------------------------------------------------------------------------------------
                                  0.000000    0.000000   clock clk (rise edge)
                                  0.000000    0.000000   clock source latency
     1    0.029150    0.102106    0.070929    0.070929 ^ clk (in)
                                                         clk (net)
                      0.102141    0.000000    0.070929 ^ clkbuf_0_clk/A (sky130_fd_sc_hd__clkbuf_16)
    16    0.109385    0.096372    0.151639    0.222568 ^ clkbuf_0_clk/X (sky130_fd_sc_hd__clkbuf_16)
                                                         clknet_0_clk (net)
                      0.097239    0.007302    0.229870 ^ clkbuf_4_0_0_clk/A (sky130_fd_sc_hd__clkbuf_8)
     6    0.023501    0.042267    0.109590    0.339460 ^ clkbuf_4_0_0_clk/X (sky130_fd_sc_hd__clkbuf_8)
                                                         clknet_4_0_0_clk (net)
                      0.042276    0.000619    0.340079 ^ _2643_/CLK (sky130_fd_sc_hd__dfxtp_2)
     2    0.007890    0.038038    0.204644    0.544724 ^ _2643_/Q (sky130_fd_sc_hd__dfxtp_2)
                                                         net389 (net)
                      0.038038    0.000153    0.544877 ^ _2583_/B (sky130_fd_sc_hd__or2_2)
     1    0.002637    0.020213    0.062527    0.607404 ^ _2583_/X (sky130_fd_sc_hd__or2_2)
                                                         _0536_ (net)
                      0.020213    0.000050    0.607454 ^ _2584_/C1 (sky130_fd_sc_hd__o211a_2)
     1    0.011233    0.059012    0.099981    0.707435 ^ _2584_/X (sky130_fd_sc_hd__o211a_2)
                                                         _0070_ (net)
                      0.059014    0.000435    0.707870 ^ hold461/A (sky130_fd_sc_hd__clkbuf_2)
     1    0.009800    0.047138    0.086612    0.794482 ^ hold461/X (sky130_fd_sc_hd__clkbuf_2)
                                                         net460 (net)
                      0.047140    0.000375    0.794857 ^ _2643_/D (sky130_fd_sc_hd__dfxtp_2)
                                              0.794857   data arrival time

                                  0.000000    0.000000   clock clk (rise edge)
                                  0.000000    0.000000   clock source latency
     1    0.029150    0.102106    0.070929    0.070929 ^ clk (in)
                                                         clk (net)
                      0.102141    0.000000    0.070929 ^ clkbuf_0_clk/A (sky130_fd_sc_hd__clkbuf_16)
    16    0.109385    0.096372    0.151639    0.222568 ^ clkbuf_0_clk/X (sky130_fd_sc_hd__clkbuf_16)
                                                         clknet_0_clk (net)
                      0.097239    0.007302    0.229870 ^ clkbuf_4_0_0_clk/A (sky130_fd_sc_hd__clkbuf_8)
     6    0.023501    0.042267    0.109590    0.339460 ^ clkbuf_4_0_0_clk/X (sky130_fd_sc_hd__clkbuf_8)
                                                         clknet_4_0_0_clk (net)
                      0.042276    0.000619    0.340079 ^ _2643_/CLK (sky130_fd_sc_hd__dfxtp_2)
                                  0.200000    0.540079   clock uncertainty
                                  0.000000    0.540079   clock reconvergence pessimism
                                 -0.018171    0.521908   library hold time
                                              0.521908   data required time
---------------------------------------------------------------------------------------------
                                              0.521908   data required time
                                             -0.794857   data arrival time
---------------------------------------------------------------------------------------------
                                              0.272949   slack (MET)


Startpoint: b_in[9] (input port clocked by clk)
Endpoint: _2664_ (rising edge-triggered flip-flop clocked by clk)
Path Group: clk
Path Type: min

Fanout         Cap        Slew       Delay        Time   Description
---------------------------------------------------------------------------------------------
                                  0.000000    0.000000   clock clk (rise edge)
                                  0.000000    0.000000   clock network delay (propagated)
                                  0.020000    0.020000 ^ input external delay
     1    0.016841    0.061073    0.042010    0.062010 ^ b_in[9] (in)
                                                         b_in[9] (net)
                      0.061110    0.000000    0.062010 ^ hold562/A (sky130_fd_sc_hd__clkbuf_2)
     1    0.005752    0.031559    0.075685    0.137695 ^ hold562/X (sky130_fd_sc_hd__clkbuf_2)
                                                         net561 (net)
                      0.031560    0.000226    0.137921 ^ hold486/A (sky130_fd_sc_hd__clkbuf_2)
     1    0.005533    0.030462    0.067031    0.204952 ^ hold486/X (sky130_fd_sc_hd__clkbuf_2)
                                                         net485 (net)
                      0.030463    0.000210    0.205162 ^ hold563/A (sky130_fd_sc_hd__clkbuf_2)
     1    0.004516    0.026620    0.063848    0.269010 ^ hold563/X (sky130_fd_sc_hd__clkbuf_2)
                                                         net562 (net)
                      0.026621    0.000164    0.269174 ^ input340/A (sky130_fd_sc_hd__buf_2)
     1    0.005832    0.028682    0.065422    0.334596 ^ input340/X (sky130_fd_sc_hd__buf_2)
                                                         net340 (net)
                      0.028684    0.000230    0.334827 ^ hold564/A (sky130_fd_sc_hd__clkbuf_2)
     1    0.006983    0.036008    0.070257    0.405084 ^ hold564/X (sky130_fd_sc_hd__clkbuf_2)
                                                         net563 (net)
                      0.036009    0.000282    0.405366 ^ hold487/A (sky130_fd_sc_hd__clkbuf_2)
     2    0.023721    0.102559    0.118359    0.523725 ^ hold487/X (sky130_fd_sc_hd__clkbuf_2)
                                                         net486 (net)
                      0.102568    0.000791    0.524517 ^ hold565/A (sky130_fd_sc_hd__clkbuf_2)
     2    0.017272    0.076963    0.116771    0.641288 ^ hold565/X (sky130_fd_sc_hd__clkbuf_2)
                                                         net564 (net)
                      0.076966    0.000562    0.641850 ^ _1357_/A (sky130_fd_sc_hd__or2_2)
     1    0.006175    0.032822    0.084779    0.726629 ^ _1357_/X (sky130_fd_sc_hd__or2_2)
                                                         _0588_ (net)
                      0.032823    0.000247    0.726877 ^ _1358_/B1 (sky130_fd_sc_hd__o211a_2)
     1    0.003089    0.027026    0.081047    0.807924 ^ _1358_/X (sky130_fd_sc_hd__o211a_2)
                                                         _0009_ (net)
                      0.027027    0.000094    0.808018 ^ _2664_/D (sky130_fd_sc_hd__dfxtp_2)
                                              0.808018   data arrival time

                                  0.000000    0.000000   clock clk (rise edge)
                                  0.000000    0.000000   clock source latency
     1    0.029150    0.102106    0.070929    0.070929 ^ clk (in)
                                                         clk (net)
                      0.102141    0.000000    0.070929 ^ clkbuf_0_clk/A (sky130_fd_sc_hd__clkbuf_16)
    16    0.109385    0.096372    0.151639    0.222568 ^ clkbuf_0_clk/X (sky130_fd_sc_hd__clkbuf_16)
                                                         clknet_0_clk (net)
                      0.097407    0.007964    0.230532 ^ clkbuf_4_4_0_clk/A (sky130_fd_sc_hd__clkbuf_8)
     6    0.027156    0.046312    0.112922    0.343455 ^ clkbuf_4_4_0_clk/X (sky130_fd_sc_hd__clkbuf_8)
                                                         clknet_4_4_0_clk (net)
                      0.046324    0.000796    0.344251 ^ _2664_/CLK (sky130_fd_sc_hd__dfxtp_2)
                                  0.200000    0.544251   clock uncertainty
                                  0.000000    0.544251   clock reconvergence pessimism
                                 -0.016654    0.527597   library hold time
                                              0.527597   data required time
---------------------------------------------------------------------------------------------
                                              0.527597   data required time
                                             -0.808018   data arrival time
---------------------------------------------------------------------------------------------
                                              0.280421   slack (MET)


Startpoint: b_in[3] (input port clocked by clk)
Endpoint: _2658_ (rising edge-triggered flip-flop clocked by clk)
Path Group: clk
Path Type: min

Fanout         Cap        Slew       Delay        Time   Description
---------------------------------------------------------------------------------------------
                                  0.000000    0.000000   clock clk (rise edge)
                                  0.000000    0.000000   clock network delay (propagated)
                                  0.020000    0.020000 ^ input external delay
     2    0.010981    0.041826    0.027489    0.047489 ^ b_in[3] (in)
                                                         b_in[3] (net)
                      0.041827    0.000000    0.047489 ^ hold511/A (sky130_fd_sc_hd__clkbuf_2)
     1    0.018713    0.082336    0.106549    0.154038 ^ hold511/X (sky130_fd_sc_hd__clkbuf_2)
                                                         net510 (net)
                      0.082346    0.000769    0.154808 ^ hold508/A (sky130_fd_sc_hd__clkbuf_2)
     1    0.014143    0.064208    0.103803    0.258611 ^ hold508/X (sky130_fd_sc_hd__clkbuf_2)
                                                         net507 (net)
                      0.064215    0.000693    0.259304 ^ hold512/A (sky130_fd_sc_hd__clkbuf_2)
     1    0.008167    0.040903    0.083170    0.342474 ^ hold512/X (sky130_fd_sc_hd__clkbuf_2)
                                                         net511 (net)
                      0.040904    0.000282    0.342756 ^ input334/A (sky130_fd_sc_hd__buf_2)
     1    0.004208    0.023440    0.065430    0.408186 ^ input334/X (sky130_fd_sc_hd__buf_2)
                                                         net334 (net)
                      0.023441    0.000137    0.408322 ^ hold513/A (sky130_fd_sc_hd__clkbuf_2)
     1    0.008346    0.041330    0.072553    0.480875 ^ hold513/X (sky130_fd_sc_hd__clkbuf_2)
                                                         net512 (net)
                      0.041332    0.000340    0.481215 ^ hold509/A (sky130_fd_sc_hd__clkbuf_2)
     2    0.010814    0.050899    0.084646    0.565861 ^ hold509/X (sky130_fd_sc_hd__clkbuf_2)
                                                         net508 (net)
                      0.050903    0.000501    0.566362 ^ hold514/A (sky130_fd_sc_hd__clkbuf_2)
     2    0.012380    0.057123    0.091968    0.658330 ^ hold514/X (sky130_fd_sc_hd__clkbuf_2)
                                                         net513 (net)
                      0.057123    0.000210    0.658540 ^ _2619_/A1 (sky130_fd_sc_hd__o211a_2)
     1    0.002837    0.026094    0.100777    0.759316 ^ _2619_/X (sky130_fd_sc_hd__o211a_2)
                                                         _0085_ (net)
                      0.026094    0.000082    0.759399 ^ hold515/A (sky130_fd_sc_hd__clkbuf_2)
     1    0.002033    0.017731    0.054550    0.813949 ^ hold515/X (sky130_fd_sc_hd__clkbuf_2)
                                                         net514 (net)
                      0.017731    0.000058    0.814006 ^ _2658_/D (sky130_fd_sc_hd__dfxtp_2)
                                              0.814006   data arrival time

                                  0.000000    0.000000   clock clk (rise edge)
                                  0.000000    0.000000   clock source latency
     1    0.029150    0.102106    0.070929    0.070929 ^ clk (in)
                                                         clk (net)
                      0.102141    0.000000    0.070929 ^ clkbuf_0_clk/A (sky130_fd_sc_hd__clkbuf_16)
    16    0.109385    0.096372    0.151639    0.222568 ^ clkbuf_0_clk/X (sky130_fd_sc_hd__clkbuf_16)
                                                         clknet_0_clk (net)
                      0.096435    0.002059    0.224626 ^ clkbuf_4_10_0_clk/A (sky130_fd_sc_hd__clkbuf_8)
     6    0.033160    0.053478    0.117822    0.342449 ^ clkbuf_4_10_0_clk/X (sky130_fd_sc_hd__clkbuf_8)
                                                         clknet_4_10_0_clk (net)
                      0.053658    0.002092    0.344540 ^ _2658_/CLK (sky130_fd_sc_hd__dfxtp_2)
                                  0.200000    0.544540   clock uncertainty
                                  0.000000    0.544540   clock reconvergence pessimism
                                 -0.015823    0.528717   library hold time
                                              0.528717   data required time
---------------------------------------------------------------------------------------------
                                              0.528717   data required time
                                             -0.814006   data arrival time
---------------------------------------------------------------------------------------------
                                              0.285289   slack (MET)


Startpoint: _2646_ (rising edge-triggered flip-flop clocked by clk)
Endpoint: _2646_ (rising edge-triggered flip-flop clocked by clk)
Path Group: clk
Path Type: min

Fanout         Cap        Slew       Delay        Time   Description
---------------------------------------------------------------------------------------------
                                  0.000000    0.000000   clock clk (rise edge)
                                  0.000000    0.000000   clock source latency
     1    0.029150    0.102106    0.070929    0.070929 ^ clk (in)
                                                         clk (net)
                      0.102141    0.000000    0.070929 ^ clkbuf_0_clk/A (sky130_fd_sc_hd__clkbuf_16)
    16    0.109385    0.096372    0.151639    0.222568 ^ clkbuf_0_clk/X (sky130_fd_sc_hd__clkbuf_16)
                                                         clknet_0_clk (net)
                      0.097239    0.007302    0.229870 ^ clkbuf_4_0_0_clk/A (sky130_fd_sc_hd__clkbuf_8)
     6    0.023501    0.042267    0.109590    0.339460 ^ clkbuf_4_0_0_clk/X (sky130_fd_sc_hd__clkbuf_8)
                                                         clknet_4_0_0_clk (net)
                      0.042286    0.000846    0.340306 ^ _2646_/CLK (sky130_fd_sc_hd__dfxtp_2)
     2    0.014084    0.059258    0.220981    0.561287 ^ _2646_/Q (sky130_fd_sc_hd__dfxtp_2)
                                                         net392 (net)
                      0.059258    0.000287    0.561574 ^ _2589_/B (sky130_fd_sc_hd__or2_2)
     1    0.003073    0.021835    0.069929    0.631503 ^ _2589_/X (sky130_fd_sc_hd__or2_2)
                                                         _0539_ (net)
                      0.021835    0.000090    0.631593 ^ _2590_/C1 (sky130_fd_sc_hd__o211a_2)
     1    0.012033    0.062268    0.102771    0.734365 ^ _2590_/X (sky130_fd_sc_hd__o211a_2)
                                                         _0073_ (net)
                      0.062274    0.000663    0.735028 ^ hold485/A (sky130_fd_sc_hd__clkbuf_2)
     1    0.011308    0.053064    0.091583    0.826611 ^ hold485/X (sky130_fd_sc_hd__clkbuf_2)
                                                         net484 (net)
                      0.053066    0.000381    0.826992 ^ _2646_/D (sky130_fd_sc_hd__dfxtp_2)
                                              0.826992   data arrival time

                                  0.000000    0.000000   clock clk (rise edge)
                                  0.000000    0.000000   clock source latency
     1    0.029150    0.102106    0.070929    0.070929 ^ clk (in)
                                                         clk (net)
                      0.102141    0.000000    0.070929 ^ clkbuf_0_clk/A (sky130_fd_sc_hd__clkbuf_16)
    16    0.109385    0.096372    0.151639    0.222568 ^ clkbuf_0_clk/X (sky130_fd_sc_hd__clkbuf_16)
                                                         clknet_0_clk (net)
                      0.097239    0.007302    0.229870 ^ clkbuf_4_0_0_clk/A (sky130_fd_sc_hd__clkbuf_8)
     6    0.023501    0.042267    0.109590    0.339460 ^ clkbuf_4_0_0_clk/X (sky130_fd_sc_hd__clkbuf_8)
                                                         clknet_4_0_0_clk (net)
                      0.042286    0.000846    0.340306 ^ _2646_/CLK (sky130_fd_sc_hd__dfxtp_2)
                                  0.200000    0.540306   clock uncertainty
                                  0.000000    0.540306   clock reconvergence pessimism
                                 -0.018590    0.521716   library hold time
                                              0.521716   data required time
---------------------------------------------------------------------------------------------
                                              0.521716   data required time
                                             -0.826992   data arrival time
---------------------------------------------------------------------------------------------
                                              0.305276   slack (MET)


Startpoint: b_in[13] (input port clocked by clk)
Endpoint: _2651_ (rising edge-triggered flip-flop clocked by clk)
Path Group: clk
Path Type: min

Fanout         Cap        Slew       Delay        Time   Description
---------------------------------------------------------------------------------------------
                                  0.000000    0.000000   clock clk (rise edge)
                                  0.000000    0.000000   clock network delay (propagated)
                                  0.020000    0.020000 v input external delay
     1    0.021981    0.034856    0.023671    0.043671 v b_in[13] (in)
                                                         b_in[13] (net)
                      0.034910    0.000000    0.043671 v hold530/A (sky130_fd_sc_hd__clkbuf_2)
     1    0.006830    0.025908    0.075337    0.119008 v hold530/X (sky130_fd_sc_hd__clkbuf_2)
                                                         net529 (net)
                      0.025910    0.000260    0.119269 v hold450/A (sky130_fd_sc_hd__clkbuf_2)
     1    0.003191    0.017591    0.062844    0.182112 v hold450/X (sky130_fd_sc_hd__clkbuf_2)
                                                         net449 (net)
                      0.017591    0.000073    0.182185 v hold531/A (sky130_fd_sc_hd__clkbuf_2)
     1    0.002113    0.015201    0.056532    0.238717 v hold531/X (sky130_fd_sc_hd__clkbuf_2)
                                                         net530 (net)
                      0.015201    0.000060    0.238777 v input329/A (sky130_fd_sc_hd__buf_2)
     1    0.002522    0.016485    0.064505    0.303281 v input329/X (sky130_fd_sc_hd__buf_2)
                                                         net329 (net)
                      0.016485    0.000073    0.303354 v hold532/A (sky130_fd_sc_hd__clkbuf_2)
     1    0.003469    0.018235    0.059963    0.363317 v hold532/X (sky130_fd_sc_hd__clkbuf_2)
                                                         net531 (net)
                      0.018235    0.000082    0.363399 v hold451/A (sky130_fd_sc_hd__clkbuf_2)
     2    0.017601    0.050926    0.090646    0.454044 v hold451/X (sky130_fd_sc_hd__clkbuf_2)
                                                         net450 (net)
                      0.050929    0.000457    0.454502 v hold533/A (sky130_fd_sc_hd__clkbuf_2)
     2    0.013381    0.040793    0.096101    0.550603 v hold533/X (sky130_fd_sc_hd__clkbuf_2)
                                                         net532 (net)
                      0.040808    0.000729    0.551332 v _2600_/A2 (sky130_fd_sc_hd__o211a_2)
     1    0.019220    0.040116    0.182659    0.733991 v _2600_/X (sky130_fd_sc_hd__o211a_2)
                                                         _0078_ (net)
                      0.040134    0.000804    0.734796 v hold452/A (sky130_fd_sc_hd__clkbuf_2)
     1    0.016407    0.048071    0.097387    0.832182 v hold452/X (sky130_fd_sc_hd__clkbuf_2)
                                                         net451 (net)
                      0.048081    0.000684    0.832866 v _2651_/D (sky130_fd_sc_hd__dfxtp_2)
                                              0.832866   data arrival time

                                  0.000000    0.000000   clock clk (rise edge)
                                  0.000000    0.000000   clock source latency
     1    0.029150    0.102106    0.070929    0.070929 ^ clk (in)
                                                         clk (net)
                      0.102141    0.000000    0.070929 ^ clkbuf_0_clk/A (sky130_fd_sc_hd__clkbuf_16)
    16    0.109385    0.096372    0.151639    0.222568 ^ clkbuf_0_clk/X (sky130_fd_sc_hd__clkbuf_16)
                                                         clknet_0_clk (net)
                      0.097407    0.007964    0.230532 ^ clkbuf_4_4_0_clk/A (sky130_fd_sc_hd__clkbuf_8)
     6    0.027156    0.046312    0.112922    0.343455 ^ clkbuf_4_4_0_clk/X (sky130_fd_sc_hd__clkbuf_8)
                                                         clknet_4_4_0_clk (net)
                      0.046409    0.001810    0.345265 ^ _2651_/CLK (sky130_fd_sc_hd__dfxtp_2)
                                  0.200000    0.545265   clock uncertainty
                                  0.000000    0.545265   clock reconvergence pessimism
                                 -0.038827    0.506438   library hold time
                                              0.506438   data required time
---------------------------------------------------------------------------------------------
                                              0.506438   data required time
                                             -0.832866   data arrival time
---------------------------------------------------------------------------------------------
                                              0.326429   slack (MET)


Startpoint: _2647_ (rising edge-triggered flip-flop clocked by clk)
Endpoint: _2647_ (rising edge-triggered flip-flop clocked by clk)
Path Group: clk
Path Type: min

Fanout         Cap        Slew       Delay        Time   Description
---------------------------------------------------------------------------------------------
                                  0.000000    0.000000   clock clk (rise edge)
                                  0.000000    0.000000   clock source latency
     1    0.029150    0.102106    0.070929    0.070929 ^ clk (in)
                                                         clk (net)
                      0.102141    0.000000    0.070929 ^ clkbuf_0_clk/A (sky130_fd_sc_hd__clkbuf_16)
    16    0.109385    0.096372    0.151639    0.222568 ^ clkbuf_0_clk/X (sky130_fd_sc_hd__clkbuf_16)
                                                         clknet_0_clk (net)
                      0.097239    0.007302    0.229870 ^ clkbuf_4_0_0_clk/A (sky130_fd_sc_hd__clkbuf_8)
     6    0.023501    0.042267    0.109590    0.339460 ^ clkbuf_4_0_0_clk/X (sky130_fd_sc_hd__clkbuf_8)
                                                         clknet_4_0_0_clk (net)
                      0.042305    0.001130    0.340590 ^ _2647_/CLK (sky130_fd_sc_hd__dfxtp_2)
     2    0.011057    0.048966    0.213112    0.553702 ^ _2647_/Q (sky130_fd_sc_hd__dfxtp_2)
                                                         net393 (net)
                      0.048966    0.000069    0.553770 ^ _2591_/B (sky130_fd_sc_hd__or2_2)
     1    0.003607    0.023330    0.068923    0.622693 ^ _2591_/X (sky130_fd_sc_hd__or2_2)
                                                         _0540_ (net)
                      0.023331    0.000111    0.622804 ^ _2592_/C1 (sky130_fd_sc_hd__o211a_2)
     1    0.018362    0.087701    0.121652    0.744457 ^ _2592_/X (sky130_fd_sc_hd__o211a_2)
                                                         _0074_ (net)
                      0.087743    0.000678    0.745135 ^ hold488/A (sky130_fd_sc_hd__clkbuf_2)
     1    0.015889    0.071261    0.109813    0.854948 ^ hold488/X (sky130_fd_sc_hd__clkbuf_2)
                                                         net487 (net)
                      0.071263    0.000540    0.855488 ^ _2647_/D (sky130_fd_sc_hd__dfxtp_2)
                                              0.855488   data arrival time

                                  0.000000    0.000000   clock clk (rise edge)
                                  0.000000    0.000000   clock source latency
     1    0.029150    0.102106    0.070929    0.070929 ^ clk (in)
                                                         clk (net)
                      0.102141    0.000000    0.070929 ^ clkbuf_0_clk/A (sky130_fd_sc_hd__clkbuf_16)
    16    0.109385    0.096372    0.151639    0.222568 ^ clkbuf_0_clk/X (sky130_fd_sc_hd__clkbuf_16)
                                                         clknet_0_clk (net)
                      0.097239    0.007302    0.229870 ^ clkbuf_4_0_0_clk/A (sky130_fd_sc_hd__clkbuf_8)
     6    0.023501    0.042267    0.109590    0.339460 ^ clkbuf_4_0_0_clk/X (sky130_fd_sc_hd__clkbuf_8)
                                                         clknet_4_0_0_clk (net)
                      0.042305    0.001130    0.340590 ^ _2647_/CLK (sky130_fd_sc_hd__dfxtp_2)
                                  0.200000    0.540590   clock uncertainty
                                  0.000000    0.540590   clock reconvergence pessimism
                                 -0.019875    0.520715   library hold time
                                              0.520715   data required time
---------------------------------------------------------------------------------------------
                                              0.520715   data required time
                                             -0.855488   data arrival time
---------------------------------------------------------------------------------------------
                                              0.334773   slack (MET)


Startpoint: _2668_ (rising edge-triggered flip-flop clocked by clk)
Endpoint: _2668_ (rising edge-triggered flip-flop clocked by clk)
Path Group: clk
Path Type: min

Fanout         Cap        Slew       Delay        Time   Description
---------------------------------------------------------------------------------------------
                                  0.000000    0.000000   clock clk (rise edge)
                                  0.000000    0.000000   clock source latency
     1    0.029150    0.102106    0.070929    0.070929 ^ clk (in)
                                                         clk (net)
                      0.102141    0.000000    0.070929 ^ clkbuf_0_clk/A (sky130_fd_sc_hd__clkbuf_16)
    16    0.109385    0.096372    0.151639    0.222568 ^ clkbuf_0_clk/X (sky130_fd_sc_hd__clkbuf_16)
                                                         clknet_0_clk (net)
                      0.097239    0.007302    0.229870 ^ clkbuf_4_0_0_clk/A (sky130_fd_sc_hd__clkbuf_8)
     6    0.023501    0.042267    0.109590    0.339460 ^ clkbuf_4_0_0_clk/X (sky130_fd_sc_hd__clkbuf_8)
                                                         clknet_4_0_0_clk (net)
                      0.042296    0.001006    0.340466 ^ _2668_/CLK (sky130_fd_sc_hd__dfxtp_2)
     8    0.065637    0.108323    0.277082    0.617548 v _2668_/Q (sky130_fd_sc_hd__dfxtp_2)
                                                         r2_mantissa[13] (net)
                      0.108336    0.001256    0.618804 v _1366_/A1 (sky130_fd_sc_hd__o211a_2)
     1    0.003080    0.018233    0.183821    0.802624 v _1366_/X (sky130_fd_sc_hd__o211a_2)
                                                         _0013_ (net)
                      0.018233    0.000092    0.802716 v hold535/A (sky130_fd_sc_hd__clkbuf_2)
     1    0.003067    0.017283    0.059477    0.862193 v hold535/X (sky130_fd_sc_hd__clkbuf_2)
                                                         net534 (net)
                      0.017284    0.000092    0.862285 v _2668_/D (sky130_fd_sc_hd__dfxtp_2)
                                              0.862285   data arrival time

                                  0.000000    0.000000   clock clk (rise edge)
                                  0.000000    0.000000   clock source latency
     1    0.029150    0.102106    0.070929    0.070929 ^ clk (in)
                                                         clk (net)
                      0.102141    0.000000    0.070929 ^ clkbuf_0_clk/A (sky130_fd_sc_hd__clkbuf_16)
    16    0.109385    0.096372    0.151639    0.222568 ^ clkbuf_0_clk/X (sky130_fd_sc_hd__clkbuf_16)
                                                         clknet_0_clk (net)
                      0.097239    0.007302    0.229870 ^ clkbuf_4_0_0_clk/A (sky130_fd_sc_hd__clkbuf_8)
     6    0.023501    0.042267    0.109590    0.339460 ^ clkbuf_4_0_0_clk/X (sky130_fd_sc_hd__clkbuf_8)
                                                         clknet_4_0_0_clk (net)
                      0.042296    0.001006    0.340466 ^ _2668_/CLK (sky130_fd_sc_hd__dfxtp_2)
                                  0.200000    0.540466   clock uncertainty
                                  0.000000    0.540466   clock reconvergence pessimism
                                 -0.028984    0.511481   library hold time
                                              0.511481   data required time
---------------------------------------------------------------------------------------------
                                              0.511481   data required time
                                             -0.862285   data arrival time
---------------------------------------------------------------------------------------------
                                              0.350803   slack (MET)


Startpoint: _2649_ (rising edge-triggered flip-flop clocked by clk)
Endpoint: _2649_ (rising edge-triggered flip-flop clocked by clk)
Path Group: clk
Path Type: min

Fanout         Cap        Slew       Delay        Time   Description
---------------------------------------------------------------------------------------------
                                  0.000000    0.000000   clock clk (rise edge)
                                  0.000000    0.000000   clock source latency
     1    0.029150    0.102106    0.070929    0.070929 ^ clk (in)
                                                         clk (net)
                      0.102141    0.000000    0.070929 ^ clkbuf_0_clk/A (sky130_fd_sc_hd__clkbuf_16)
    16    0.109385    0.096372    0.151639    0.222568 ^ clkbuf_0_clk/X (sky130_fd_sc_hd__clkbuf_16)
                                                         clknet_0_clk (net)
                      0.097407    0.007964    0.230532 ^ clkbuf_4_4_0_clk/A (sky130_fd_sc_hd__clkbuf_8)
     6    0.027156    0.046312    0.112922    0.343455 ^ clkbuf_4_4_0_clk/X (sky130_fd_sc_hd__clkbuf_8)
                                                         clknet_4_4_0_clk (net)
                      0.046389    0.001624    0.345079 ^ _2649_/CLK (sky130_fd_sc_hd__dfxtp_2)
     2    0.019527    0.078839    0.235802    0.580881 ^ _2649_/Q (sky130_fd_sc_hd__dfxtp_2)
                                                         net380 (net)
                      0.078839    0.000413    0.581294 ^ _2595_/B (sky130_fd_sc_hd__or2_2)
     1    0.003402    0.023508    0.075356    0.656649 ^ _2595_/X (sky130_fd_sc_hd__or2_2)
                                                         _0542_ (net)
                      0.023508    0.000104    0.656754 ^ _2596_/C1 (sky130_fd_sc_hd__o211a_2)
     1    0.018423    0.087953    0.121870    0.778624 ^ _2596_/X (sky130_fd_sc_hd__o211a_2)
                                                         _0076_ (net)
                      0.087996    0.000713    0.779337 ^ hold455/A (sky130_fd_sc_hd__clkbuf_2)
     1    0.017027    0.075833    0.112911    0.892248 ^ hold455/X (sky130_fd_sc_hd__clkbuf_2)
                                                         net454 (net)
                      0.075837    0.000677    0.892925 ^ _2649_/D (sky130_fd_sc_hd__dfxtp_2)
                                              0.892925   data arrival time

                                  0.000000    0.000000   clock clk (rise edge)
                                  0.000000    0.000000   clock source latency
     1    0.029150    0.102106    0.070929    0.070929 ^ clk (in)
                                                         clk (net)
                      0.102141    0.000000    0.070929 ^ clkbuf_0_clk/A (sky130_fd_sc_hd__clkbuf_16)
    16    0.109385    0.096372    0.151639    0.222568 ^ clkbuf_0_clk/X (sky130_fd_sc_hd__clkbuf_16)
                                                         clknet_0_clk (net)
                      0.097407    0.007964    0.230532 ^ clkbuf_4_4_0_clk/A (sky130_fd_sc_hd__clkbuf_8)
     6    0.027156    0.046312    0.112922    0.343455 ^ clkbuf_4_4_0_clk/X (sky130_fd_sc_hd__clkbuf_8)
                                                         clknet_4_4_0_clk (net)
                      0.046389    0.001624    0.345079 ^ _2649_/CLK (sky130_fd_sc_hd__dfxtp_2)
                                  0.200000    0.545079   clock uncertainty
                                  0.000000    0.545079   clock reconvergence pessimism
                                 -0.020099    0.524980   library hold time
                                              0.524980   data required time
---------------------------------------------------------------------------------------------
                                              0.524980   data required time
                                             -0.892925   data arrival time
---------------------------------------------------------------------------------------------
                                              0.367945   slack (MET)


Startpoint: _2648_ (rising edge-triggered flip-flop clocked by clk)
Endpoint: _2648_ (rising edge-triggered flip-flop clocked by clk)
Path Group: clk
Path Type: min

Fanout         Cap        Slew       Delay        Time   Description
---------------------------------------------------------------------------------------------
                                  0.000000    0.000000   clock clk (rise edge)
                                  0.000000    0.000000   clock source latency
     1    0.029150    0.102106    0.070929    0.070929 ^ clk (in)
                                                         clk (net)
                      0.102141    0.000000    0.070929 ^ clkbuf_0_clk/A (sky130_fd_sc_hd__clkbuf_16)
    16    0.109385    0.096372    0.151639    0.222568 ^ clkbuf_0_clk/X (sky130_fd_sc_hd__clkbuf_16)
                                                         clknet_0_clk (net)
                      0.097280    0.007468    0.230036 ^ clkbuf_4_6_0_clk/A (sky130_fd_sc_hd__clkbuf_8)
     6    0.021743    0.040313    0.107874    0.337910 ^ clkbuf_4_6_0_clk/X (sky130_fd_sc_hd__clkbuf_8)
                                                         clknet_4_6_0_clk (net)
                      0.040341    0.000971    0.338881 ^ _2648_/CLK (sky130_fd_sc_hd__dfxtp_2)
     3    0.020313    0.081719    0.235963    0.574845 ^ _2648_/Q (sky130_fd_sc_hd__dfxtp_2)
                                                         net379 (net)
                      0.081719    0.000240    0.575085 ^ _2593_/B (sky130_fd_sc_hd__or2_2)
     1    0.003677    0.024458    0.076872    0.651957 ^ _2593_/X (sky130_fd_sc_hd__or2_2)
                                                         _0541_ (net)
                      0.024459    0.000116    0.652073 ^ _2594_/C1 (sky130_fd_sc_hd__o211a_2)
     1    0.021821    0.102066    0.131776    0.783849 ^ _2594_/X (sky130_fd_sc_hd__o211a_2)
                                                         _0075_ (net)
                      0.102078    0.000896    0.784745 ^ hold467/A (sky130_fd_sc_hd__clkbuf_2)
     2    0.022071    0.096231    0.129738    0.914482 ^ hold467/X (sky130_fd_sc_hd__clkbuf_2)
                                                         net466 (net)
                      0.096242    0.000831    0.915314 ^ _2648_/D (sky130_fd_sc_hd__dfxtp_2)
                                              0.915314   data arrival time

                                  0.000000    0.000000   clock clk (rise edge)
                                  0.000000    0.000000   clock source latency
     1    0.029150    0.102106    0.070929    0.070929 ^ clk (in)
                                                         clk (net)
                      0.102141    0.000000    0.070929 ^ clkbuf_0_clk/A (sky130_fd_sc_hd__clkbuf_16)
    16    0.109385    0.096372    0.151639    0.222568 ^ clkbuf_0_clk/X (sky130_fd_sc_hd__clkbuf_16)
                                                         clknet_0_clk (net)
                      0.097280    0.007468    0.230036 ^ clkbuf_4_6_0_clk/A (sky130_fd_sc_hd__clkbuf_8)
     6    0.021743    0.040313    0.107874    0.337910 ^ clkbuf_4_6_0_clk/X (sky130_fd_sc_hd__clkbuf_8)
                                                         clknet_4_6_0_clk (net)
                      0.040341    0.000971    0.338881 ^ _2648_/CLK (sky130_fd_sc_hd__dfxtp_2)
                                  0.200000    0.538881   clock uncertainty
                                  0.000000    0.538881   clock reconvergence pessimism
                                 -0.021688    0.517193   library hold time
                                              0.517193   data required time
---------------------------------------------------------------------------------------------
                                              0.517193   data required time
                                             -0.915314   data arrival time
---------------------------------------------------------------------------------------------
                                              0.398120   slack (MET)


Startpoint: _2650_ (rising edge-triggered flip-flop clocked by clk)
Endpoint: _2650_ (rising edge-triggered flip-flop clocked by clk)
Path Group: clk
Path Type: min

Fanout         Cap        Slew       Delay        Time   Description
---------------------------------------------------------------------------------------------
                                  0.000000    0.000000   clock clk (rise edge)
                                  0.000000    0.000000   clock source latency
     1    0.029150    0.102106    0.070929    0.070929 ^ clk (in)
                                                         clk (net)
                      0.102141    0.000000    0.070929 ^ clkbuf_0_clk/A (sky130_fd_sc_hd__clkbuf_16)
    16    0.109385    0.096372    0.151639    0.222568 ^ clkbuf_0_clk/X (sky130_fd_sc_hd__clkbuf_16)
                                                         clknet_0_clk (net)
                      0.097280    0.007468    0.230036 ^ clkbuf_4_6_0_clk/A (sky130_fd_sc_hd__clkbuf_8)
     6    0.021743    0.040313    0.107874    0.337910 ^ clkbuf_4_6_0_clk/X (sky130_fd_sc_hd__clkbuf_8)
                                                         clknet_4_6_0_clk (net)
                      0.040336    0.000893    0.338803 ^ _2650_/CLK (sky130_fd_sc_hd__dfxtp_2)
     2    0.025091    0.099471    0.248296    0.587099 ^ _2650_/Q (sky130_fd_sc_hd__dfxtp_2)
                                                         net381 (net)
                      0.099471    0.000386    0.587485 ^ _2597_/B (sky130_fd_sc_hd__or2_2)
     1    0.003555    0.024636    0.080485    0.667970 ^ _2597_/X (sky130_fd_sc_hd__or2_2)
                                                         _0543_ (net)
                      0.024636    0.000112    0.668082 ^ _2598_/C1 (sky130_fd_sc_hd__o211a_2)
     1    0.021548    0.100928    0.131077    0.799158 ^ _2598_/X (sky130_fd_sc_hd__o211a_2)
                                                         _0077_ (net)
                      0.100939    0.000842    0.800000 ^ hold476/A (sky130_fd_sc_hd__clkbuf_2)
     1    0.022321    0.096964    0.129741    0.929741 ^ hold476/X (sky130_fd_sc_hd__clkbuf_2)
                                                         net475 (net)
                      0.097014    0.001787    0.931528 ^ _2650_/D (sky130_fd_sc_hd__dfxtp_2)
                                              0.931528   data arrival time

                                  0.000000    0.000000   clock clk (rise edge)
                                  0.000000    0.000000   clock source latency
     1    0.029150    0.102106    0.070929    0.070929 ^ clk (in)
                                                         clk (net)
                      0.102141    0.000000    0.070929 ^ clkbuf_0_clk/A (sky130_fd_sc_hd__clkbuf_16)
    16    0.109385    0.096372    0.151639    0.222568 ^ clkbuf_0_clk/X (sky130_fd_sc_hd__clkbuf_16)
                                                         clknet_0_clk (net)
                      0.097280    0.007468    0.230036 ^ clkbuf_4_6_0_clk/A (sky130_fd_sc_hd__clkbuf_8)
     6    0.021743    0.040313    0.107874    0.337910 ^ clkbuf_4_6_0_clk/X (sky130_fd_sc_hd__clkbuf_8)
                                                         clknet_4_6_0_clk (net)
                      0.040336    0.000893    0.338803 ^ _2650_/CLK (sky130_fd_sc_hd__dfxtp_2)
                                  0.200000    0.538803   clock uncertainty
                                  0.000000    0.538803   clock reconvergence pessimism
                                 -0.021743    0.517060   library hold time
                                              0.517060   data required time
---------------------------------------------------------------------------------------------
                                              0.517060   data required time
                                             -0.931528   data arrival time
---------------------------------------------------------------------------------------------
                                              0.414467   slack (MET)


Startpoint: _2642_ (rising edge-triggered flip-flop clocked by clk)
Endpoint: b_out[4] (output port clocked by clk)
Path Group: clk
Path Type: min

Fanout         Cap        Slew       Delay        Time   Description
---------------------------------------------------------------------------------------------
                                  0.000000    0.000000   clock clk (rise edge)
                                  0.000000    0.000000   clock source latency
     1    0.029150    0.102106    0.070929    0.070929 ^ clk (in)
                                                         clk (net)
                      0.102141    0.000000    0.070929 ^ clkbuf_0_clk/A (sky130_fd_sc_hd__clkbuf_16)
    16    0.109385    0.096372    0.151639    0.222568 ^ clkbuf_0_clk/X (sky130_fd_sc_hd__clkbuf_16)
                                                         clknet_0_clk (net)
                      0.097114    0.006770    0.229338 ^ clkbuf_4_1_0_clk/A (sky130_fd_sc_hd__clkbuf_8)
     6    0.017849    0.035880    0.103892    0.333230 ^ clkbuf_4_1_0_clk/X (sky130_fd_sc_hd__clkbuf_8)
                                                         clknet_4_1_0_clk (net)
                      0.035883    0.000380    0.333610 ^ _2642_/CLK (sky130_fd_sc_hd__dfxtp_2)
     2    0.007725    0.024483    0.201928    0.535539 v _2642_/Q (sky130_fd_sc_hd__dfxtp_2)
                                                         net388 (net)
                      0.024483    0.000301    0.535840 v output388/A (sky130_fd_sc_hd__buf_2)
     1    0.039250    0.070552    0.120444    0.656285 v output388/X (sky130_fd_sc_hd__buf_2)
                                                         b_out[4] (net)
                      0.070611    0.001825    0.658110 v b_out[4] (out)
                                              0.658110   data arrival time

                                  0.000000    0.000000   clock clk (rise edge)
                                  0.000000    0.000000   clock network delay (propagated)
                                  0.200000    0.200000   clock uncertainty
                                  0.000000    0.200000   clock reconvergence pessimism
                                 -0.020000    0.180000   output external delay
                                              0.180000   data required time
---------------------------------------------------------------------------------------------
                                              0.180000   data required time
                                             -0.658110   data arrival time
---------------------------------------------------------------------------------------------
                                              0.478110   slack (MET)


Startpoint: _2640_ (rising edge-triggered flip-flop clocked by clk)
Endpoint: b_out[2] (output port clocked by clk)
Path Group: clk
Path Type: min

Fanout         Cap        Slew       Delay        Time   Description
---------------------------------------------------------------------------------------------
                                  0.000000    0.000000   clock clk (rise edge)
                                  0.000000    0.000000   clock source latency
     1    0.029150    0.102106    0.070929    0.070929 ^ clk (in)
                                                         clk (net)
                      0.102141    0.000000    0.070929 ^ clkbuf_0_clk/A (sky130_fd_sc_hd__clkbuf_16)
    16    0.109385    0.096372    0.151639    0.222568 ^ clkbuf_0_clk/X (sky130_fd_sc_hd__clkbuf_16)
                                                         clknet_0_clk (net)
                      0.096932    0.005910    0.228478 ^ clkbuf_4_2_0_clk/A (sky130_fd_sc_hd__clkbuf_8)
     6    0.021574    0.040107    0.107662    0.336140 ^ clkbuf_4_2_0_clk/X (sky130_fd_sc_hd__clkbuf_8)
                                                         clknet_4_2_0_clk (net)
                      0.040114    0.000521    0.336661 ^ _2640_/CLK (sky130_fd_sc_hd__dfxtp_2)
     2    0.007352    0.023907    0.202585    0.539245 v _2640_/Q (sky130_fd_sc_hd__dfxtp_2)
                                                         net386 (net)
                      0.023907    0.000230    0.539476 v output386/A (sky130_fd_sc_hd__buf_2)
     1    0.037342    0.067591    0.118166    0.657641 v output386/X (sky130_fd_sc_hd__buf_2)
                                                         b_out[2] (net)
                      0.067623    0.001354    0.658995 v b_out[2] (out)
                                              0.658995   data arrival time

                                  0.000000    0.000000   clock clk (rise edge)
                                  0.000000    0.000000   clock network delay (propagated)
                                  0.200000    0.200000   clock uncertainty
                                  0.000000    0.200000   clock reconvergence pessimism
                                 -0.020000    0.180000   output external delay
                                              0.180000   data required time
---------------------------------------------------------------------------------------------
                                              0.180000   data required time
                                             -0.658995   data arrival time
---------------------------------------------------------------------------------------------
                                              0.478995   slack (MET)


Startpoint: _2644_ (rising edge-triggered flip-flop clocked by clk)
Endpoint: b_out[6] (output port clocked by clk)
Path Group: clk
Path Type: min

Fanout         Cap        Slew       Delay        Time   Description
---------------------------------------------------------------------------------------------
                                  0.000000    0.000000   clock clk (rise edge)
                                  0.000000    0.000000   clock source latency
     1    0.029150    0.102106    0.070929    0.070929 ^ clk (in)
                                                         clk (net)
                      0.102141    0.000000    0.070929 ^ clkbuf_0_clk/A (sky130_fd_sc_hd__clkbuf_16)
    16    0.109385    0.096372    0.151639    0.222568 ^ clkbuf_0_clk/X (sky130_fd_sc_hd__clkbuf_16)
                                                         clknet_0_clk (net)
                      0.096932    0.005910    0.228478 ^ clkbuf_4_2_0_clk/A (sky130_fd_sc_hd__clkbuf_8)
     6    0.021574    0.040107    0.107662    0.336140 ^ clkbuf_4_2_0_clk/X (sky130_fd_sc_hd__clkbuf_8)
                                                         clknet_4_2_0_clk (net)
                      0.040111    0.000442    0.336581 ^ _2644_/CLK (sky130_fd_sc_hd__dfxtp_2)
     2    0.007307    0.023845    0.202490    0.539072 v _2644_/Q (sky130_fd_sc_hd__dfxtp_2)
                                                         net390 (net)
                      0.023845    0.000258    0.539330 v output390/A (sky130_fd_sc_hd__buf_2)
     1    0.038352    0.069151    0.119302    0.658632 v output390/X (sky130_fd_sc_hd__buf_2)
                                                         b_out[6] (net)
                      0.069190    0.001506    0.660138 v b_out[6] (out)
                                              0.660138   data arrival time

                                  0.000000    0.000000   clock clk (rise edge)
                                  0.000000    0.000000   clock network delay (propagated)
                                  0.200000    0.200000   clock uncertainty
                                  0.000000    0.200000   clock reconvergence pessimism
                                 -0.020000    0.180000   output external delay
                                              0.180000   data required time
---------------------------------------------------------------------------------------------
                                              0.180000   data required time
                                             -0.660138   data arrival time
---------------------------------------------------------------------------------------------
                                              0.480138   slack (MET)


Startpoint: _2643_ (rising edge-triggered flip-flop clocked by clk)
Endpoint: b_out[5] (output port clocked by clk)
Path Group: clk
Path Type: min

Fanout         Cap        Slew       Delay        Time   Description
---------------------------------------------------------------------------------------------
                                  0.000000    0.000000   clock clk (rise edge)
                                  0.000000    0.000000   clock source latency
     1    0.029150    0.102106    0.070929    0.070929 ^ clk (in)
                                                         clk (net)
                      0.102141    0.000000    0.070929 ^ clkbuf_0_clk/A (sky130_fd_sc_hd__clkbuf_16)
    16    0.109385    0.096372    0.151639    0.222568 ^ clkbuf_0_clk/X (sky130_fd_sc_hd__clkbuf_16)
                                                         clknet_0_clk (net)
                      0.097239    0.007302    0.229870 ^ clkbuf_4_0_0_clk/A (sky130_fd_sc_hd__clkbuf_8)
     6    0.023501    0.042267    0.109590    0.339460 ^ clkbuf_4_0_0_clk/X (sky130_fd_sc_hd__clkbuf_8)
                                                         clknet_4_0_0_clk (net)
                      0.042276    0.000619    0.340079 ^ _2643_/CLK (sky130_fd_sc_hd__dfxtp_2)
     2    0.007539    0.024189    0.203539    0.543618 v _2643_/Q (sky130_fd_sc_hd__dfxtp_2)
                                                         net389 (net)
                      0.024189    0.000292    0.543910 v output389/A (sky130_fd_sc_hd__buf_2)
     1    0.038292    0.069124    0.119215    0.663125 v output389/X (sky130_fd_sc_hd__buf_2)
                                                         b_out[5] (net)
                      0.069177    0.001741    0.664866 v b_out[5] (out)
                                              0.664866   data arrival time

                                  0.000000    0.000000   clock clk (rise edge)
                                  0.000000    0.000000   clock network delay (propagated)
                                  0.200000    0.200000   clock uncertainty
                                  0.000000    0.200000   clock reconvergence pessimism
                                 -0.020000    0.180000   output external delay
                                              0.180000   data required time
---------------------------------------------------------------------------------------------
                                              0.180000   data required time
                                             -0.664866   data arrival time
---------------------------------------------------------------------------------------------
                                              0.484866   slack (MET)


Startpoint: _2639_ (rising edge-triggered flip-flop clocked by clk)
Endpoint: b_out[1] (output port clocked by clk)
Path Group: clk
Path Type: min

Fanout         Cap        Slew       Delay        Time   Description
---------------------------------------------------------------------------------------------
                                  0.000000    0.000000   clock clk (rise edge)
                                  0.000000    0.000000   clock source latency
     1    0.029150    0.102106    0.070929    0.070929 ^ clk (in)
                                                         clk (net)
                      0.102141    0.000000    0.070929 ^ clkbuf_0_clk/A (sky130_fd_sc_hd__clkbuf_16)
    16    0.109385    0.096372    0.151639    0.222568 ^ clkbuf_0_clk/X (sky130_fd_sc_hd__clkbuf_16)
                                                         clknet_0_clk (net)
                      0.096435    0.002059    0.224626 ^ clkbuf_4_10_0_clk/A (sky130_fd_sc_hd__clkbuf_8)
     6    0.033160    0.053478    0.117822    0.342449 ^ clkbuf_4_10_0_clk/X (sky130_fd_sc_hd__clkbuf_8)
                                                         clknet_4_10_0_clk (net)
                      0.053660    0.002108    0.344556 ^ _2639_/CLK (sky130_fd_sc_hd__dfxtp_2)
     2    0.005428    0.020980    0.203300    0.547857 v _2639_/Q (sky130_fd_sc_hd__dfxtp_2)
                                                         net385 (net)
                      0.020980    0.000146    0.548003 v output385/A (sky130_fd_sc_hd__buf_2)
     1    0.036625    0.066303    0.116614    0.664617 v output385/X (sky130_fd_sc_hd__buf_2)
                                                         b_out[1] (net)
                      0.066313    0.000781    0.665398 v b_out[1] (out)
                                              0.665398   data arrival time

                                  0.000000    0.000000   clock clk (rise edge)
                                  0.000000    0.000000   clock network delay (propagated)
                                  0.200000    0.200000   clock uncertainty
                                  0.000000    0.200000   clock reconvergence pessimism
                                 -0.020000    0.180000   output external delay
                                              0.180000   data required time
---------------------------------------------------------------------------------------------
                                              0.180000   data required time
                                             -0.665398   data arrival time
---------------------------------------------------------------------------------------------
                                              0.485398   slack (MET)


Startpoint: _2645_ (rising edge-triggered flip-flop clocked by clk)
Endpoint: b_out[7] (output port clocked by clk)
Path Group: clk
Path Type: min

Fanout         Cap        Slew       Delay        Time   Description
---------------------------------------------------------------------------------------------
                                  0.000000    0.000000   clock clk (rise edge)
                                  0.000000    0.000000   clock source latency
     1    0.029150    0.102106    0.070929    0.070929 ^ clk (in)
                                                         clk (net)
                      0.102141    0.000000    0.070929 ^ clkbuf_0_clk/A (sky130_fd_sc_hd__clkbuf_16)
    16    0.109385    0.096372    0.151639    0.222568 ^ clkbuf_0_clk/X (sky130_fd_sc_hd__clkbuf_16)
                                                         clknet_0_clk (net)
                      0.097239    0.007302    0.229870 ^ clkbuf_4_0_0_clk/A (sky130_fd_sc_hd__clkbuf_8)
     6    0.023501    0.042267    0.109590    0.339460 ^ clkbuf_4_0_0_clk/X (sky130_fd_sc_hd__clkbuf_8)
                                                         clknet_4_0_0_clk (net)
                      0.042280    0.000721    0.340181 ^ _2645_/CLK (sky130_fd_sc_hd__dfxtp_2)
     2    0.009240    0.026852    0.206491    0.546672 v _2645_/Q (sky130_fd_sc_hd__dfxtp_2)
                                                         net391 (net)
                      0.026852    0.000371    0.547043 v output391/A (sky130_fd_sc_hd__buf_2)
     1    0.040900    0.073124    0.123259    0.670302 v output391/X (sky130_fd_sc_hd__buf_2)
                                                         b_out[7] (net)
                      0.073205    0.002157    0.672459 v b_out[7] (out)
                                              0.672459   data arrival time

                                  0.000000    0.000000   clock clk (rise edge)
                                  0.000000    0.000000   clock network delay (propagated)
                                  0.200000    0.200000   clock uncertainty
                                  0.000000    0.200000   clock reconvergence pessimism
                                 -0.020000    0.180000   output external delay
                                              0.180000   data required time
---------------------------------------------------------------------------------------------
                                              0.180000   data required time
                                             -0.672459   data arrival time
---------------------------------------------------------------------------------------------
                                              0.492459   slack (MET)


Startpoint: _2647_ (rising edge-triggered flip-flop clocked by clk)
Endpoint: b_out[9] (output port clocked by clk)
Path Group: clk
Path Type: min

Fanout         Cap        Slew       Delay        Time   Description
---------------------------------------------------------------------------------------------
                                  0.000000    0.000000   clock clk (rise edge)
                                  0.000000    0.000000   clock source latency
     1    0.029150    0.102106    0.070929    0.070929 ^ clk (in)
                                                         clk (net)
                      0.102141    0.000000    0.070929 ^ clkbuf_0_clk/A (sky130_fd_sc_hd__clkbuf_16)
    16    0.109385    0.096372    0.151639    0.222568 ^ clkbuf_0_clk/X (sky130_fd_sc_hd__clkbuf_16)
                                                         clknet_0_clk (net)
                      0.097239    0.007302    0.229870 ^ clkbuf_4_0_0_clk/A (sky130_fd_sc_hd__clkbuf_8)
     6    0.023501    0.042267    0.109590    0.339460 ^ clkbuf_4_0_0_clk/X (sky130_fd_sc_hd__clkbuf_8)
                                                         clknet_4_0_0_clk (net)
                      0.042305    0.001130    0.340590 ^ _2647_/CLK (sky130_fd_sc_hd__dfxtp_2)
     2    0.010706    0.029185    0.209114    0.549704 v _2647_/Q (sky130_fd_sc_hd__dfxtp_2)
                                                         net393 (net)
                      0.029185    0.000342    0.550046 v output393/A (sky130_fd_sc_hd__buf_2)
     1    0.038095    0.068716    0.121237    0.671283 v output393/X (sky130_fd_sc_hd__buf_2)
                                                         b_out[9] (net)
                      0.068748    0.001361    0.672643 v b_out[9] (out)
                                              0.672643   data arrival time

                                  0.000000    0.000000   clock clk (rise edge)
                                  0.000000    0.000000   clock network delay (propagated)
                                  0.200000    0.200000   clock uncertainty
                                  0.000000    0.200000   clock reconvergence pessimism
                                 -0.020000    0.180000   output external delay
                                              0.180000   data required time
---------------------------------------------------------------------------------------------
                                              0.180000   data required time
                                             -0.672643   data arrival time
---------------------------------------------------------------------------------------------
                                              0.492643   slack (MET)


Startpoint: _2638_ (rising edge-triggered flip-flop clocked by clk)
Endpoint: b_out[0] (output port clocked by clk)
Path Group: clk
Path Type: min

Fanout         Cap        Slew       Delay        Time   Description
---------------------------------------------------------------------------------------------
                                  0.000000    0.000000   clock clk (rise edge)
                                  0.000000    0.000000   clock source latency
     1    0.029150    0.102106    0.070929    0.070929 ^ clk (in)
                                                         clk (net)
                      0.102141    0.000000    0.070929 ^ clkbuf_0_clk/A (sky130_fd_sc_hd__clkbuf_16)
    16    0.109385    0.096372    0.151639    0.222568 ^ clkbuf_0_clk/X (sky130_fd_sc_hd__clkbuf_16)
                                                         clknet_0_clk (net)
                      0.096426    0.001914    0.224482 ^ clkbuf_4_11_0_clk/A (sky130_fd_sc_hd__clkbuf_8)
     7    0.036364    0.057214    0.121001    0.345484 ^ clkbuf_4_11_0_clk/X (sky130_fd_sc_hd__clkbuf_8)
                                                         clknet_4_11_0_clk (net)
                      0.057282    0.001741    0.347225 ^ _2638_/CLK (sky130_fd_sc_hd__dfxtp_2)
     2    0.007658    0.024336    0.208073    0.555298 v _2638_/Q (sky130_fd_sc_hd__dfxtp_2)
                                                         net378 (net)
                      0.024336    0.000280    0.555578 v output378/A (sky130_fd_sc_hd__buf_2)
     1    0.036661    0.066491    0.117661    0.673239 v output378/X (sky130_fd_sc_hd__buf_2)
                                                         b_out[0] (net)
                      0.066512    0.001098    0.674337 v b_out[0] (out)
                                              0.674337   data arrival time

                                  0.000000    0.000000   clock clk (rise edge)
                                  0.000000    0.000000   clock network delay (propagated)
                                  0.200000    0.200000   clock uncertainty
                                  0.000000    0.200000   clock reconvergence pessimism
                                 -0.020000    0.180000   output external delay
                                              0.180000   data required time
---------------------------------------------------------------------------------------------
                                              0.180000   data required time
                                             -0.674337   data arrival time
---------------------------------------------------------------------------------------------
                                              0.494337   slack (MET)


Startpoint: _2641_ (rising edge-triggered flip-flop clocked by clk)
Endpoint: b_out[3] (output port clocked by clk)
Path Group: clk
Path Type: min

Fanout         Cap        Slew       Delay        Time   Description
---------------------------------------------------------------------------------------------
                                  0.000000    0.000000   clock clk (rise edge)
                                  0.000000    0.000000   clock source latency
     1    0.029150    0.102106    0.070929    0.070929 ^ clk (in)
                                                         clk (net)
                      0.102141    0.000000    0.070929 ^ clkbuf_0_clk/A (sky130_fd_sc_hd__clkbuf_16)
    16    0.109385    0.096372    0.151639    0.222568 ^ clkbuf_0_clk/X (sky130_fd_sc_hd__clkbuf_16)
                                                         clknet_0_clk (net)
                      0.096932    0.005910    0.228478 ^ clkbuf_4_2_0_clk/A (sky130_fd_sc_hd__clkbuf_8)
     6    0.021574    0.040107    0.107662    0.336140 ^ clkbuf_4_2_0_clk/X (sky130_fd_sc_hd__clkbuf_8)
                                                         clknet_4_2_0_clk (net)
                      0.040109    0.000315    0.336454 ^ _2641_/CLK (sky130_fd_sc_hd__dfxtp_2)
     2    0.013406    0.033428    0.212949    0.549404 v _2641_/Q (sky130_fd_sc_hd__dfxtp_2)
                                                         net387 (net)
                      0.033487    0.000696    0.550100 v output387/A (sky130_fd_sc_hd__buf_2)
     1    0.039504    0.071205    0.123808    0.673909 v output387/X (sky130_fd_sc_hd__buf_2)
                                                         b_out[3] (net)
                      0.071332    0.002636    0.676544 v b_out[3] (out)
                                              0.676544   data arrival time

                                  0.000000    0.000000   clock clk (rise edge)
                                  0.000000    0.000000   clock network delay (propagated)
                                  0.200000    0.200000   clock uncertainty
                                  0.000000    0.200000   clock reconvergence pessimism
                                 -0.020000    0.180000   output external delay
                                              0.180000   data required time
---------------------------------------------------------------------------------------------
                                              0.180000   data required time
                                             -0.676544   data arrival time
---------------------------------------------------------------------------------------------
                                              0.496544   slack (MET)


Startpoint: _2646_ (rising edge-triggered flip-flop clocked by clk)
Endpoint: b_out[8] (output port clocked by clk)
Path Group: clk
Path Type: min

Fanout         Cap        Slew       Delay        Time   Description
---------------------------------------------------------------------------------------------
                                  0.000000    0.000000   clock clk (rise edge)
                                  0.000000    0.000000   clock source latency
     1    0.029150    0.102106    0.070929    0.070929 ^ clk (in)
                                                         clk (net)
                      0.102141    0.000000    0.070929 ^ clkbuf_0_clk/A (sky130_fd_sc_hd__clkbuf_16)
    16    0.109385    0.096372    0.151639    0.222568 ^ clkbuf_0_clk/X (sky130_fd_sc_hd__clkbuf_16)
                                                         clknet_0_clk (net)
                      0.097239    0.007302    0.229870 ^ clkbuf_4_0_0_clk/A (sky130_fd_sc_hd__clkbuf_8)
     6    0.023501    0.042267    0.109590    0.339460 ^ clkbuf_4_0_0_clk/X (sky130_fd_sc_hd__clkbuf_8)
                                                         clknet_4_0_0_clk (net)
                      0.042286    0.000846    0.340306 ^ _2646_/CLK (sky130_fd_sc_hd__dfxtp_2)
     2    0.013733    0.033350    0.214220    0.554526 v _2646_/Q (sky130_fd_sc_hd__dfxtp_2)
                                                         net392 (net)
                      0.033402    0.000716    0.555242 v output392/A (sky130_fd_sc_hd__buf_2)
     1    0.046183    0.078352    0.133000    0.688242 v output392/X (sky130_fd_sc_hd__buf_2)
                                                         b_out[8] (net)
                      0.078392    0.001640    0.689883 v b_out[8] (out)
                                              0.689883   data arrival time

                                  0.000000    0.000000   clock clk (rise edge)
                                  0.000000    0.000000   clock network delay (propagated)
                                  0.200000    0.200000   clock uncertainty
                                  0.000000    0.200000   clock reconvergence pessimism
                                 -0.020000    0.180000   output external delay
                                              0.180000   data required time
---------------------------------------------------------------------------------------------
                                              0.180000   data required time
                                             -0.689883   data arrival time
---------------------------------------------------------------------------------------------
                                              0.509883   slack (MET)


Startpoint: _2653_ (rising edge-triggered flip-flop clocked by clk)
Endpoint: b_out[15] (output port clocked by clk)
Path Group: clk
Path Type: min

Fanout         Cap        Slew       Delay        Time   Description
---------------------------------------------------------------------------------------------
                                  0.000000    0.000000   clock clk (rise edge)
                                  0.000000    0.000000   clock source latency
     1    0.029150    0.102106    0.070929    0.070929 ^ clk (in)
                                                         clk (net)
                      0.102141    0.000000    0.070929 ^ clkbuf_0_clk/A (sky130_fd_sc_hd__clkbuf_16)
    16    0.109385    0.096372    0.151639    0.222568 ^ clkbuf_0_clk/X (sky130_fd_sc_hd__clkbuf_16)
                                                         clknet_0_clk (net)
                      0.097280    0.007468    0.230036 ^ clkbuf_4_6_0_clk/A (sky130_fd_sc_hd__clkbuf_8)
     6    0.021743    0.040313    0.107874    0.337910 ^ clkbuf_4_6_0_clk/X (sky130_fd_sc_hd__clkbuf_8)
                                                         clknet_4_6_0_clk (net)
                      0.040321    0.000605    0.338515 ^ _2653_/CLK (sky130_fd_sc_hd__dfxtp_2)
     2    0.014326    0.033872    0.214723    0.553238 v _2653_/Q (sky130_fd_sc_hd__dfxtp_2)
                                                         net384 (net)
                      0.033873    0.000621    0.553859 v output384/A (sky130_fd_sc_hd__buf_2)
     1    0.047462    0.080797    0.133640    0.687499 v output384/X (sky130_fd_sc_hd__buf_2)
                                                         b_out[15] (net)
                      0.081023    0.003234    0.690733 v b_out[15] (out)
                                              0.690733   data arrival time

                                  0.000000    0.000000   clock clk (rise edge)
                                  0.000000    0.000000   clock network delay (propagated)
                                  0.200000    0.200000   clock uncertainty
                                  0.000000    0.200000   clock reconvergence pessimism
                                 -0.020000    0.180000   output external delay
                                              0.180000   data required time
---------------------------------------------------------------------------------------------
                                              0.180000   data required time
                                             -0.690733   data arrival time
---------------------------------------------------------------------------------------------
                                              0.510733   slack (MET)


Startpoint: _2652_ (rising edge-triggered flip-flop clocked by clk)
Endpoint: b_out[14] (output port clocked by clk)
Path Group: clk
Path Type: min

Fanout         Cap        Slew       Delay        Time   Description
---------------------------------------------------------------------------------------------
                                  0.000000    0.000000   clock clk (rise edge)
                                  0.000000    0.000000   clock source latency
     1    0.029150    0.102106    0.070929    0.070929 ^ clk (in)
                                                         clk (net)
                      0.102141    0.000000    0.070929 ^ clkbuf_0_clk/A (sky130_fd_sc_hd__clkbuf_16)
    16    0.109385    0.096372    0.151639    0.222568 ^ clkbuf_0_clk/X (sky130_fd_sc_hd__clkbuf_16)
                                                         clknet_0_clk (net)
                      0.097280    0.007468    0.230036 ^ clkbuf_4_6_0_clk/A (sky130_fd_sc_hd__clkbuf_8)
     6    0.021743    0.040313    0.107874    0.337910 ^ clkbuf_4_6_0_clk/X (sky130_fd_sc_hd__clkbuf_8)
                                                         clknet_4_6_0_clk (net)
                      0.040323    0.000641    0.338551 ^ _2652_/CLK (sky130_fd_sc_hd__dfxtp_2)
     2    0.015739    0.035846    0.216477    0.555027 v _2652_/Q (sky130_fd_sc_hd__dfxtp_2)
                                                         net383 (net)
                      0.035891    0.000732    0.555759 v output383/A (sky130_fd_sc_hd__buf_2)
     1    0.050990    0.086251    0.138274    0.694033 v output383/X (sky130_fd_sc_hd__buf_2)
                                                         b_out[14] (net)
                      0.086502    0.003531    0.697564 v b_out[14] (out)
                                              0.697564   data arrival time

                                  0.000000    0.000000   clock clk (rise edge)
                                  0.000000    0.000000   clock network delay (propagated)
                                  0.200000    0.200000   clock uncertainty
                                  0.000000    0.200000   clock reconvergence pessimism
                                 -0.020000    0.180000   output external delay
                                              0.180000   data required time
---------------------------------------------------------------------------------------------
                                              0.180000   data required time
                                             -0.697564   data arrival time
---------------------------------------------------------------------------------------------
                                              0.517564   slack (MET)


Startpoint: _2636_ (rising edge-triggered flip-flop clocked by clk)
Endpoint: a_out[14] (output port clocked by clk)
Path Group: clk
Path Type: min

Fanout         Cap        Slew       Delay        Time   Description
---------------------------------------------------------------------------------------------
                                  0.000000    0.000000   clock clk (rise edge)
                                  0.000000    0.000000   clock source latency
     1    0.029150    0.102106    0.070929    0.070929 ^ clk (in)
                                                         clk (net)
                      0.102141    0.000000    0.070929 ^ clkbuf_0_clk/A (sky130_fd_sc_hd__clkbuf_16)
    16    0.109385    0.096372    0.151639    0.222568 ^ clkbuf_0_clk/X (sky130_fd_sc_hd__clkbuf_16)
                                                         clknet_0_clk (net)
                      0.097407    0.007964    0.230532 ^ clkbuf_4_4_0_clk/A (sky130_fd_sc_hd__clkbuf_8)
     6    0.027156    0.046312    0.112922    0.343455 ^ clkbuf_4_4_0_clk/X (sky130_fd_sc_hd__clkbuf_8)
                                                         clknet_4_4_0_clk (net)
                      0.046372    0.001463    0.344918 ^ _2636_/CLK (sky130_fd_sc_hd__dfxtp_2)
     4    0.018875    0.040244    0.222300    0.567218 v _2636_/Q (sky130_fd_sc_hd__dfxtp_2)
                                                         net351 (net)
                      0.040311    0.000994    0.568212 v output351/A (sky130_fd_sc_hd__buf_2)
     1    0.046221    0.078407    0.135779    0.703991 v output351/X (sky130_fd_sc_hd__buf_2)
                                                         a_out[14] (net)
                      0.078449    0.001682    0.705673 v a_out[14] (out)
                                              0.705673   data arrival time

                                  0.000000    0.000000   clock clk (rise edge)
                                  0.000000    0.000000   clock network delay (propagated)
                                  0.200000    0.200000   clock uncertainty
                                  0.000000    0.200000   clock reconvergence pessimism
                                 -0.020000    0.180000   output external delay
                                              0.180000   data required time
---------------------------------------------------------------------------------------------
                                              0.180000   data required time
                                             -0.705673   data arrival time
---------------------------------------------------------------------------------------------
                                              0.525673   slack (MET)


Startpoint: _2648_ (rising edge-triggered flip-flop clocked by clk)
Endpoint: b_out[10] (output port clocked by clk)
Path Group: clk
Path Type: min

Fanout         Cap        Slew       Delay        Time   Description
---------------------------------------------------------------------------------------------
                                  0.000000    0.000000   clock clk (rise edge)
                                  0.000000    0.000000   clock source latency
     1    0.029150    0.102106    0.070929    0.070929 ^ clk (in)
                                                         clk (net)
                      0.102141    0.000000    0.070929 ^ clkbuf_0_clk/A (sky130_fd_sc_hd__clkbuf_16)
    16    0.109385    0.096372    0.151639    0.222568 ^ clkbuf_0_clk/X (sky130_fd_sc_hd__clkbuf_16)
                                                         clknet_0_clk (net)
                      0.097280    0.007468    0.230036 ^ clkbuf_4_6_0_clk/A (sky130_fd_sc_hd__clkbuf_8)
     6    0.021743    0.040313    0.107874    0.337910 ^ clkbuf_4_6_0_clk/X (sky130_fd_sc_hd__clkbuf_8)
                                                         clknet_4_6_0_clk (net)
                      0.040341    0.000971    0.338881 ^ _2648_/CLK (sky130_fd_sc_hd__dfxtp_2)
     3    0.019929    0.041867    0.221521    0.560402 v _2648_/Q (sky130_fd_sc_hd__dfxtp_2)
                                                         net379 (net)
                      0.041981    0.001587    0.561990 v output379/A (sky130_fd_sc_hd__buf_2)
     1    0.050636    0.085709    0.140327    0.702317 v output379/X (sky130_fd_sc_hd__buf_2)
                                                         b_out[10] (net)
                      0.085959    0.003518    0.705835 v b_out[10] (out)
                                              0.705835   data arrival time

                                  0.000000    0.000000   clock clk (rise edge)
                                  0.000000    0.000000   clock network delay (propagated)
                                  0.200000    0.200000   clock uncertainty
                                  0.000000    0.200000   clock reconvergence pessimism
                                 -0.020000    0.180000   output external delay
                                              0.180000   data required time
---------------------------------------------------------------------------------------------
                                              0.180000   data required time
                                             -0.705835   data arrival time
---------------------------------------------------------------------------------------------
                                              0.525835   slack (MET)


Startpoint: _2626_ (rising edge-triggered flip-flop clocked by clk)
Endpoint: a_out[4] (output port clocked by clk)
Path Group: clk
Path Type: min

Fanout         Cap        Slew       Delay        Time   Description
---------------------------------------------------------------------------------------------
                                  0.000000    0.000000   clock clk (rise edge)
                                  0.000000    0.000000   clock source latency
     1    0.029150    0.102106    0.070929    0.070929 ^ clk (in)
                                                         clk (net)
                      0.102141    0.000000    0.070929 ^ clkbuf_0_clk/A (sky130_fd_sc_hd__clkbuf_16)
    16    0.109385    0.096372    0.151639    0.222568 ^ clkbuf_0_clk/X (sky130_fd_sc_hd__clkbuf_16)
                                                         clknet_0_clk (net)
                      0.096932    0.005910    0.228478 ^ clkbuf_4_2_0_clk/A (sky130_fd_sc_hd__clkbuf_8)
     6    0.021574    0.040107    0.107662    0.336140 ^ clkbuf_4_2_0_clk/X (sky130_fd_sc_hd__clkbuf_8)
                                                         clknet_4_2_0_clk (net)
                      0.040116    0.000578    0.336717 ^ _2626_/CLK (sky130_fd_sc_hd__dfxtp_2)
     7    0.032325    0.060247    0.237074    0.573791 v _2626_/Q (sky130_fd_sc_hd__dfxtp_2)
                                                         net169 (net)
                      0.060366    0.002350    0.576140 v output356/A (sky130_fd_sc_hd__buf_2)
     1    0.034844    0.063755    0.129952    0.706093 v output356/X (sky130_fd_sc_hd__buf_2)
                                                         net356 (net)
                      0.063770    0.000929    0.707021 v a_out[4] (out)
                                              0.707021   data arrival time

                                  0.000000    0.000000   clock clk (rise edge)
                                  0.000000    0.000000   clock network delay (propagated)
                                  0.200000    0.200000   clock uncertainty
                                  0.000000    0.200000   clock reconvergence pessimism
                                 -0.020000    0.180000   output external delay
                                              0.180000   data required time
---------------------------------------------------------------------------------------------
                                              0.180000   data required time
                                             -0.707021   data arrival time
---------------------------------------------------------------------------------------------
                                              0.527021   slack (MET)


Startpoint: _2634_ (rising edge-triggered flip-flop clocked by clk)
Endpoint: a_out[12] (output port clocked by clk)
Path Group: clk
Path Type: min

Fanout         Cap        Slew       Delay        Time   Description
---------------------------------------------------------------------------------------------
                                  0.000000    0.000000   clock clk (rise edge)
                                  0.000000    0.000000   clock source latency
     1    0.029150    0.102106    0.070929    0.070929 ^ clk (in)
                                                         clk (net)
                      0.102141    0.000000    0.070929 ^ clkbuf_0_clk/A (sky130_fd_sc_hd__clkbuf_16)
    16    0.109385    0.096372    0.151639    0.222568 ^ clkbuf_0_clk/X (sky130_fd_sc_hd__clkbuf_16)
                                                         clknet_0_clk (net)
                      0.097443    0.008100    0.230668 ^ clkbuf_4_5_0_clk/A (sky130_fd_sc_hd__clkbuf_8)
     6    0.022191    0.040826    0.108463    0.339131 ^ clkbuf_4_5_0_clk/X (sky130_fd_sc_hd__clkbuf_8)
                                                         clknet_4_5_0_clk (net)
                      0.040833    0.000541    0.339671 ^ _2634_/CLK (sky130_fd_sc_hd__dfxtp_2)
     6    0.030188    0.057174    0.234968    0.574639 v _2634_/Q (sky130_fd_sc_hd__dfxtp_2)
                                                         net349 (net)
                      0.057177    0.000482    0.575121 v output349/A (sky130_fd_sc_hd__buf_2)
     1    0.036924    0.066935    0.131103    0.706224 v output349/X (sky130_fd_sc_hd__buf_2)
                                                         a_out[12] (net)
                      0.066960    0.001212    0.707436 v a_out[12] (out)
                                              0.707436   data arrival time

                                  0.000000    0.000000   clock clk (rise edge)
                                  0.000000    0.000000   clock network delay (propagated)
                                  0.200000    0.200000   clock uncertainty
                                  0.000000    0.200000   clock reconvergence pessimism
                                 -0.020000    0.180000   output external delay
                                              0.180000   data required time
---------------------------------------------------------------------------------------------
                                              0.180000   data required time
                                             -0.707436   data arrival time
---------------------------------------------------------------------------------------------
                                              0.527436   slack (MET)


Startpoint: _2649_ (rising edge-triggered flip-flop clocked by clk)
Endpoint: b_out[11] (output port clocked by clk)
Path Group: clk
Path Type: min

Fanout         Cap        Slew       Delay        Time   Description
---------------------------------------------------------------------------------------------
                                  0.000000    0.000000   clock clk (rise edge)
                                  0.000000    0.000000   clock source latency
     1    0.029150    0.102106    0.070929    0.070929 ^ clk (in)
                                                         clk (net)
                      0.102141    0.000000    0.070929 ^ clkbuf_0_clk/A (sky130_fd_sc_hd__clkbuf_16)
    16    0.109385    0.096372    0.151639    0.222568 ^ clkbuf_0_clk/X (sky130_fd_sc_hd__clkbuf_16)
                                                         clknet_0_clk (net)
                      0.097407    0.007964    0.230532 ^ clkbuf_4_4_0_clk/A (sky130_fd_sc_hd__clkbuf_8)
     6    0.027156    0.046312    0.112922    0.343455 ^ clkbuf_4_4_0_clk/X (sky130_fd_sc_hd__clkbuf_8)
                                                         clknet_4_4_0_clk (net)
                      0.046389    0.001624    0.345079 ^ _2649_/CLK (sky130_fd_sc_hd__dfxtp_2)
     2    0.019176    0.040747    0.222414    0.567493 v _2649_/Q (sky130_fd_sc_hd__dfxtp_2)
                                                         net380 (net)
                      0.040846    0.001438    0.568932 v output380/A (sky130_fd_sc_hd__buf_2)
     1    0.047860    0.081704    0.136083    0.705015 v output380/X (sky130_fd_sc_hd__buf_2)
                                                         b_out[11] (net)
                      0.082072    0.004248    0.709262 v b_out[11] (out)
                                              0.709262   data arrival time

                                  0.000000    0.000000   clock clk (rise edge)
                                  0.000000    0.000000   clock network delay (propagated)
                                  0.200000    0.200000   clock uncertainty
                                  0.000000    0.200000   clock reconvergence pessimism
                                 -0.020000    0.180000   output external delay
                                              0.180000   data required time
---------------------------------------------------------------------------------------------
                                              0.180000   data required time
                                             -0.709262   data arrival time
---------------------------------------------------------------------------------------------
                                              0.529262   slack (MET)


Startpoint: _2627_ (rising edge-triggered flip-flop clocked by clk)
Endpoint: a_out[5] (output port clocked by clk)
Path Group: clk
Path Type: min

Fanout         Cap        Slew       Delay        Time   Description
---------------------------------------------------------------------------------------------
                                  0.000000    0.000000   clock clk (rise edge)
                                  0.000000    0.000000   clock source latency
     1    0.029150    0.102106    0.070929    0.070929 ^ clk (in)
                                                         clk (net)
                      0.102141    0.000000    0.070929 ^ clkbuf_0_clk/A (sky130_fd_sc_hd__clkbuf_16)
    16    0.109385    0.096372    0.151639    0.222568 ^ clkbuf_0_clk/X (sky130_fd_sc_hd__clkbuf_16)
                                                         clknet_0_clk (net)
                      0.096878    0.005628    0.228196 ^ clkbuf_4_3_0_clk/A (sky130_fd_sc_hd__clkbuf_8)
     6    0.017527    0.035521    0.103453    0.331649 ^ clkbuf_4_3_0_clk/X (sky130_fd_sc_hd__clkbuf_8)
                                                         clknet_4_3_0_clk (net)
                      0.035527    0.000452    0.332101 ^ _2627_/CLK (sky130_fd_sc_hd__dfxtp_2)
     7    0.037564    0.068602    0.242003    0.574104 v _2627_/Q (sky130_fd_sc_hd__dfxtp_2)
                                                         net357 (net)
                      0.068790    0.003129    0.577233 v output357/A (sky130_fd_sc_hd__buf_2)
     1    0.034926    0.063907    0.133466    0.710699 v output357/X (sky130_fd_sc_hd__buf_2)
                                                         a_out[5] (net)
                      0.063922    0.000948    0.711647 v a_out[5] (out)
                                              0.711647   data arrival time

                                  0.000000    0.000000   clock clk (rise edge)
                                  0.000000    0.000000   clock network delay (propagated)
                                  0.200000    0.200000   clock uncertainty
                                  0.000000    0.200000   clock reconvergence pessimism
                                 -0.020000    0.180000   output external delay
                                              0.180000   data required time
---------------------------------------------------------------------------------------------
                                              0.180000   data required time
                                             -0.711647   data arrival time
---------------------------------------------------------------------------------------------
                                              0.531647   slack (MET)


Startpoint: _2651_ (rising edge-triggered flip-flop clocked by clk)
Endpoint: b_out[13] (output port clocked by clk)
Path Group: clk
Path Type: min

Fanout         Cap        Slew       Delay        Time   Description
---------------------------------------------------------------------------------------------
                                  0.000000    0.000000   clock clk (rise edge)
                                  0.000000    0.000000   clock source latency
     1    0.029150    0.102106    0.070929    0.070929 ^ clk (in)
                                                         clk (net)
                      0.102141    0.000000    0.070929 ^ clkbuf_0_clk/A (sky130_fd_sc_hd__clkbuf_16)
    16    0.109385    0.096372    0.151639    0.222568 ^ clkbuf_0_clk/X (sky130_fd_sc_hd__clkbuf_16)
                                                         clknet_0_clk (net)
                      0.097407    0.007964    0.230532 ^ clkbuf_4_4_0_clk/A (sky130_fd_sc_hd__clkbuf_8)
     6    0.027156    0.046312    0.112922    0.343455 ^ clkbuf_4_4_0_clk/X (sky130_fd_sc_hd__clkbuf_8)
                                                         clknet_4_4_0_clk (net)
                      0.046409    0.001810    0.345265 ^ _2651_/CLK (sky130_fd_sc_hd__dfxtp_2)
     2    0.019354    0.040965    0.222812    0.568077 v _2651_/Q (sky130_fd_sc_hd__dfxtp_2)
                                                         net382 (net)
                      0.041039    0.001103    0.569180 v output382/A (sky130_fd_sc_hd__buf_2)
     1    0.050947    0.085518    0.141385    0.710565 v output382/X (sky130_fd_sc_hd__buf_2)
                                                         b_out[13] (net)
                      0.085564    0.001830    0.712396 v b_out[13] (out)
                                              0.712396   data arrival time

                                  0.000000    0.000000   clock clk (rise edge)
                                  0.000000    0.000000   clock network delay (propagated)
                                  0.200000    0.200000   clock uncertainty
                                  0.000000    0.200000   clock reconvergence pessimism
                                 -0.020000    0.180000   output external delay
                                              0.180000   data required time
---------------------------------------------------------------------------------------------
                                              0.180000   data required time
                                             -0.712396   data arrival time
---------------------------------------------------------------------------------------------
                                              0.532396   slack (MET)


Startpoint: _2650_ (rising edge-triggered flip-flop clocked by clk)
Endpoint: b_out[12] (output port clocked by clk)
Path Group: clk
Path Type: min

Fanout         Cap        Slew       Delay        Time   Description
---------------------------------------------------------------------------------------------
                                  0.000000    0.000000   clock clk (rise edge)
                                  0.000000    0.000000   clock source latency
     1    0.029150    0.102106    0.070929    0.070929 ^ clk (in)
                                                         clk (net)
                      0.102141    0.000000    0.070929 ^ clkbuf_0_clk/A (sky130_fd_sc_hd__clkbuf_16)
    16    0.109385    0.096372    0.151639    0.222568 ^ clkbuf_0_clk/X (sky130_fd_sc_hd__clkbuf_16)
                                                         clknet_0_clk (net)
                      0.097280    0.007468    0.230036 ^ clkbuf_4_6_0_clk/A (sky130_fd_sc_hd__clkbuf_8)
     6    0.021743    0.040313    0.107874    0.337910 ^ clkbuf_4_6_0_clk/X (sky130_fd_sc_hd__clkbuf_8)
                                                         clknet_4_6_0_clk (net)
                      0.040336    0.000893    0.338803 ^ _2650_/CLK (sky130_fd_sc_hd__dfxtp_2)
     2    0.024740    0.048882    0.227855    0.566658 v _2650_/Q (sky130_fd_sc_hd__dfxtp_2)
                                                         net381 (net)
                      0.048919    0.001235    0.567893 v output381/A (sky130_fd_sc_hd__buf_2)
     1    0.054093    0.090796    0.147354    0.715247 v output381/X (sky130_fd_sc_hd__buf_2)
                                                         b_out[12] (net)
                      0.090993    0.003160    0.718407 v b_out[12] (out)
                                              0.718407   data arrival time

                                  0.000000    0.000000   clock clk (rise edge)
                                  0.000000    0.000000   clock network delay (propagated)
                                  0.200000    0.200000   clock uncertainty
                                  0.000000    0.200000   clock reconvergence pessimism
                                 -0.020000    0.180000   output external delay
                                              0.180000   data required time
---------------------------------------------------------------------------------------------
                                              0.180000   data required time
                                             -0.718407   data arrival time
---------------------------------------------------------------------------------------------
                                              0.538407   slack (MET)


Startpoint: _2693_ (rising edge-triggered flip-flop clocked by clk)
Endpoint: acc_out[5] (output port clocked by clk)
Path Group: clk
Path Type: min

Fanout         Cap        Slew       Delay        Time   Description
---------------------------------------------------------------------------------------------
                                  0.000000    0.000000   clock clk (rise edge)
                                  0.000000    0.000000   clock source latency
     1    0.029150    0.102106    0.070929    0.070929 ^ clk (in)
                                                         clk (net)
                      0.102141    0.000000    0.070929 ^ clkbuf_0_clk/A (sky130_fd_sc_hd__clkbuf_16)
    16    0.109385    0.096372    0.151639    0.222568 ^ clkbuf_0_clk/X (sky130_fd_sc_hd__clkbuf_16)
                                                         clknet_0_clk (net)
                      0.096789    0.005124    0.227692 ^ clkbuf_4_12_0_clk/A (sky130_fd_sc_hd__clkbuf_8)
     6    0.022809    0.041527    0.108954    0.336645 ^ clkbuf_4_12_0_clk/X (sky130_fd_sc_hd__clkbuf_8)
                                                         clknet_4_12_0_clk (net)
                      0.041533    0.000483    0.337128 ^ _2693_/CLK (sky130_fd_sc_hd__dfxtp_2)
     5    0.021754    0.087203    0.240429    0.577557 ^ _2693_/Q (sky130_fd_sc_hd__dfxtp_2)
                                                         r4_acc[5] (net)
                      0.087206    0.000607    0.578164 ^ _1317_/A (sky130_fd_sc_hd__xnor2_2)
     1    0.002267    0.019636    0.039303    0.617467 v _1317_/Y (sky130_fd_sc_hd__xnor2_2)
                                                         net373 (net)
                      0.019637    0.000067    0.617534 v output373/A (sky130_fd_sc_hd__buf_2)
     1    0.034232    0.062691    0.113194    0.730727 v output373/X (sky130_fd_sc_hd__buf_2)
                                                         acc_out[5] (net)
                      0.062697    0.000632    0.731360 v acc_out[5] (out)
                                              0.731360   data arrival time

                                  0.000000    0.000000   clock clk (rise edge)
                                  0.000000    0.000000   clock network delay (propagated)
                                  0.200000    0.200000   clock uncertainty
                                  0.000000    0.200000   clock reconvergence pessimism
                                 -0.020000    0.180000   output external delay
                                              0.180000   data required time
---------------------------------------------------------------------------------------------
                                              0.180000   data required time
                                             -0.731360   data arrival time
---------------------------------------------------------------------------------------------
                                              0.551360   slack (MET)


Startpoint: _2697_ (rising edge-triggered flip-flop clocked by clk)
Endpoint: acc_out[9] (output port clocked by clk)
Path Group: clk
Path Type: min

Fanout         Cap        Slew       Delay        Time   Description
---------------------------------------------------------------------------------------------
                                  0.000000    0.000000   clock clk (rise edge)
                                  0.000000    0.000000   clock source latency
     1    0.029150    0.102106    0.070929    0.070929 ^ clk (in)
                                                         clk (net)
                      0.102141    0.000000    0.070929 ^ clkbuf_0_clk/A (sky130_fd_sc_hd__clkbuf_16)
    16    0.109385    0.096372    0.151639    0.222568 ^ clkbuf_0_clk/X (sky130_fd_sc_hd__clkbuf_16)
                                                         clknet_0_clk (net)
                      0.096789    0.005124    0.227692 ^ clkbuf_4_12_0_clk/A (sky130_fd_sc_hd__clkbuf_8)
     6    0.022809    0.041527    0.108954    0.336645 ^ clkbuf_4_12_0_clk/X (sky130_fd_sc_hd__clkbuf_8)
                                                         clknet_4_12_0_clk (net)
                      0.041538    0.000626    0.337272 ^ _2697_/CLK (sky130_fd_sc_hd__dfxtp_2)
     5    0.024134    0.095920    0.246488    0.583760 ^ _2697_/Q (sky130_fd_sc_hd__dfxtp_2)
                                                         r4_acc[9] (net)
                      0.095922    0.000615    0.584375 ^ _1325_/A (sky130_fd_sc_hd__xor2_2)
     1    0.002660    0.020921    0.042905    0.627280 v _1325_/X (sky130_fd_sc_hd__xor2_2)
                                                         net377 (net)
                      0.020921    0.000084    0.627364 v output377/A (sky130_fd_sc_hd__buf_2)
     1    0.034682    0.063415    0.114126    0.741490 v output377/X (sky130_fd_sc_hd__buf_2)
                                                         acc_out[9] (net)
                      0.063424    0.000762    0.742252 v acc_out[9] (out)
                                              0.742252   data arrival time

                                  0.000000    0.000000   clock clk (rise edge)
                                  0.000000    0.000000   clock network delay (propagated)
                                  0.200000    0.200000   clock uncertainty
                                  0.000000    0.200000   clock reconvergence pessimism
                                 -0.020000    0.180000   output external delay
                                              0.180000   data required time
---------------------------------------------------------------------------------------------
                                              0.180000   data required time
                                             -0.742252   data arrival time
---------------------------------------------------------------------------------------------
                                              0.562252   slack (MET)


Startpoint: _2702_ (rising edge-triggered flip-flop clocked by clk)
Endpoint: acc_out[14] (output port clocked by clk)
Path Group: clk
Path Type: min

Fanout         Cap        Slew       Delay        Time   Description
---------------------------------------------------------------------------------------------
                                  0.000000    0.000000   clock clk (rise edge)
                                  0.000000    0.000000   clock source latency
     1    0.029150    0.102106    0.070929    0.070929 ^ clk (in)
                                                         clk (net)
                      0.102141    0.000000    0.070929 ^ clkbuf_0_clk/A (sky130_fd_sc_hd__clkbuf_16)
    16    0.109385    0.096372    0.151639    0.222568 ^ clkbuf_0_clk/X (sky130_fd_sc_hd__clkbuf_16)
                                                         clknet_0_clk (net)
                      0.096749    0.004884    0.227451 ^ clkbuf_4_13_0_clk/A (sky130_fd_sc_hd__clkbuf_8)
     6    0.026845    0.045942    0.112530    0.339982 ^ clkbuf_4_13_0_clk/X (sky130_fd_sc_hd__clkbuf_8)
                                                         clknet_4_13_0_clk (net)
                      0.046012    0.001547    0.341529 ^ _2702_/CLK (sky130_fd_sc_hd__dfxtp_2)
     4    0.023122    0.092203    0.245223    0.586753 ^ _2702_/Q (sky130_fd_sc_hd__dfxtp_2)
                                                         r4_acc[14] (net)
                      0.092208    0.000800    0.587552 ^ _1335_/A (sky130_fd_sc_hd__xor2_2)
     1    0.002400    0.020406    0.041743    0.629296 v _1335_/X (sky130_fd_sc_hd__xor2_2)
                                                         net367 (net)
                      0.020406    0.000070    0.629366 v output367/A (sky130_fd_sc_hd__buf_2)
     1    0.035417    0.064485    0.114910    0.744276 v output367/X (sky130_fd_sc_hd__buf_2)
                                                         acc_out[14] (net)
                      0.064493    0.000724    0.745000 v acc_out[14] (out)
                                              0.745000   data arrival time

                                  0.000000    0.000000   clock clk (rise edge)
                                  0.000000    0.000000   clock network delay (propagated)
                                  0.200000    0.200000   clock uncertainty
                                  0.000000    0.200000   clock reconvergence pessimism
                                 -0.020000    0.180000   output external delay
                                              0.180000   data required time
---------------------------------------------------------------------------------------------
                                              0.180000   data required time
                                             -0.745000   data arrival time
---------------------------------------------------------------------------------------------
                                              0.565000   slack (MET)


Startpoint: _2690_ (rising edge-triggered flip-flop clocked by clk)
Endpoint: acc_out[2] (output port clocked by clk)
Path Group: clk
Path Type: min

Fanout         Cap        Slew       Delay        Time   Description
---------------------------------------------------------------------------------------------
                                  0.000000    0.000000   clock clk (rise edge)
                                  0.000000    0.000000   clock source latency
     1    0.029150    0.102106    0.070929    0.070929 ^ clk (in)
                                                         clk (net)
                      0.102141    0.000000    0.070929 ^ clkbuf_0_clk/A (sky130_fd_sc_hd__clkbuf_16)
    16    0.109385    0.096372    0.151639    0.222568 ^ clkbuf_0_clk/X (sky130_fd_sc_hd__clkbuf_16)
                                                         clknet_0_clk (net)
                      0.096853    0.005490    0.228058 ^ clkbuf_4_15_0_clk/A (sky130_fd_sc_hd__clkbuf_8)
     6    0.024157    0.042784    0.110351    0.338408 ^ clkbuf_4_15_0_clk/X (sky130_fd_sc_hd__clkbuf_8)
                                                         clknet_4_15_0_clk (net)
                      0.042797    0.000675    0.339083 ^ _2690_/CLK (sky130_fd_sc_hd__dfxtp_2)
     6    0.026034    0.102872    0.251703    0.590786 ^ _2690_/Q (sky130_fd_sc_hd__dfxtp_2)
                                                         r4_acc[2] (net)
                      0.102879    0.000899    0.591685 ^ _1310_/A (sky130_fd_sc_hd__xnor2_2)
     1    0.002114    0.019129    0.040027    0.631712 v _1310_/Y (sky130_fd_sc_hd__xnor2_2)
                                                         net370 (net)
                      0.019129    0.000059    0.631770 v output370/A (sky130_fd_sc_hd__buf_2)
     1    0.035030    0.063990    0.113789    0.745559 v output370/X (sky130_fd_sc_hd__buf_2)
                                                         acc_out[2] (net)
                      0.064006    0.000960    0.746519 v acc_out[2] (out)
                                              0.746519   data arrival time

                                  0.000000    0.000000   clock clk (rise edge)
                                  0.000000    0.000000   clock network delay (propagated)
                                  0.200000    0.200000   clock uncertainty
                                  0.000000    0.200000   clock reconvergence pessimism
                                 -0.020000    0.180000   output external delay
                                              0.180000   data required time
---------------------------------------------------------------------------------------------
                                              0.180000   data required time
                                             -0.746519   data arrival time
---------------------------------------------------------------------------------------------
                                              0.566519   slack (MET)


Startpoint: _2695_ (rising edge-triggered flip-flop clocked by clk)
Endpoint: acc_out[7] (output port clocked by clk)
Path Group: clk
Path Type: min

Fanout         Cap        Slew       Delay        Time   Description
---------------------------------------------------------------------------------------------
                                  0.000000    0.000000   clock clk (rise edge)
                                  0.000000    0.000000   clock source latency
     1    0.029150    0.102106    0.070929    0.070929 ^ clk (in)
                                                         clk (net)
                      0.102141    0.000000    0.070929 ^ clkbuf_0_clk/A (sky130_fd_sc_hd__clkbuf_16)
    16    0.109385    0.096372    0.151639    0.222568 ^ clkbuf_0_clk/X (sky130_fd_sc_hd__clkbuf_16)
                                                         clknet_0_clk (net)
                      0.096647    0.004198    0.226766 ^ clkbuf_4_8_0_clk/A (sky130_fd_sc_hd__clkbuf_8)
     6    0.025079    0.043790    0.111126    0.337891 ^ clkbuf_4_8_0_clk/X (sky130_fd_sc_hd__clkbuf_8)
                                                         clknet_4_8_0_clk (net)
                      0.043809    0.000844    0.338735 ^ _2695_/CLK (sky130_fd_sc_hd__dfxtp_2)
     5    0.025752    0.101816    0.251379    0.590114 ^ _2695_/Q (sky130_fd_sc_hd__dfxtp_2)
                                                         r4_acc[7] (net)
                      0.101817    0.000574    0.590689 ^ _1321_/A (sky130_fd_sc_hd__xor2_2)
     1    0.002144    0.019912    0.041940    0.632629 v _1321_/X (sky130_fd_sc_hd__xor2_2)
                                                         net375 (net)
                      0.019912    0.000060    0.632689 v output375/A (sky130_fd_sc_hd__buf_2)
     1    0.034731    0.063531    0.113726    0.746415 v output375/X (sky130_fd_sc_hd__buf_2)
                                                         acc_out[7] (net)
                      0.063545    0.000903    0.747318 v acc_out[7] (out)
                                              0.747318   data arrival time

                                  0.000000    0.000000   clock clk (rise edge)
                                  0.000000    0.000000   clock network delay (propagated)
                                  0.200000    0.200000   clock uncertainty
                                  0.000000    0.200000   clock reconvergence pessimism
                                 -0.020000    0.180000   output external delay
                                              0.180000   data required time
---------------------------------------------------------------------------------------------
                                              0.180000   data required time
                                             -0.747318   data arrival time
---------------------------------------------------------------------------------------------
                                              0.567318   slack (MET)


Startpoint: _2696_ (rising edge-triggered flip-flop clocked by clk)
Endpoint: acc_out[8] (output port clocked by clk)
Path Group: clk
Path Type: min

Fanout         Cap        Slew       Delay        Time   Description
---------------------------------------------------------------------------------------------
                                  0.000000    0.000000   clock clk (rise edge)
                                  0.000000    0.000000   clock source latency
     1    0.029150    0.102106    0.070929    0.070929 ^ clk (in)
                                                         clk (net)
                      0.102141    0.000000    0.070929 ^ clkbuf_0_clk/A (sky130_fd_sc_hd__clkbuf_16)
    16    0.109385    0.096372    0.151639    0.222568 ^ clkbuf_0_clk/X (sky130_fd_sc_hd__clkbuf_16)
                                                         clknet_0_clk (net)
                      0.096647    0.004198    0.226766 ^ clkbuf_4_8_0_clk/A (sky130_fd_sc_hd__clkbuf_8)
     6    0.025079    0.043790    0.111126    0.337891 ^ clkbuf_4_8_0_clk/X (sky130_fd_sc_hd__clkbuf_8)
                                                         clknet_4_8_0_clk (net)
                      0.043796    0.000550    0.338442 ^ _2696_/CLK (sky130_fd_sc_hd__dfxtp_2)
     5    0.025837    0.102185    0.251283    0.589725 ^ _2696_/Q (sky130_fd_sc_hd__dfxtp_2)
                                                         r4_acc[8] (net)
                      0.102193    0.000959    0.590684 ^ _1323_/A (sky130_fd_sc_hd__xor2_2)
     1    0.002825    0.021264    0.044084    0.634768 v _1323_/X (sky130_fd_sc_hd__xor2_2)
                                                         net376 (net)
                      0.021264    0.000088    0.634856 v output376/A (sky130_fd_sc_hd__buf_2)
     1    0.034680    0.063401    0.114274    0.749129 v output376/X (sky130_fd_sc_hd__buf_2)
                                                         acc_out[8] (net)
                      0.063409    0.000722    0.749852 v acc_out[8] (out)
                                              0.749852   data arrival time

                                  0.000000    0.000000   clock clk (rise edge)
                                  0.000000    0.000000   clock network delay (propagated)
                                  0.200000    0.200000   clock uncertainty
                                  0.000000    0.200000   clock reconvergence pessimism
                                 -0.020000    0.180000   output external delay
                                              0.180000   data required time
---------------------------------------------------------------------------------------------
                                              0.180000   data required time
                                             -0.749852   data arrival time
---------------------------------------------------------------------------------------------
                                              0.569852   slack (MET)


Startpoint: _2699_ (rising edge-triggered flip-flop clocked by clk)
Endpoint: acc_out[11] (output port clocked by clk)
Path Group: clk
Path Type: min

Fanout         Cap        Slew       Delay        Time   Description
---------------------------------------------------------------------------------------------
                                  0.000000    0.000000   clock clk (rise edge)
                                  0.000000    0.000000   clock source latency
     1    0.029150    0.102106    0.070929    0.070929 ^ clk (in)
                                                         clk (net)
                      0.102141    0.000000    0.070929 ^ clkbuf_0_clk/A (sky130_fd_sc_hd__clkbuf_16)
    16    0.109385    0.096372    0.151639    0.222568 ^ clkbuf_0_clk/X (sky130_fd_sc_hd__clkbuf_16)
                                                         clknet_0_clk (net)
                      0.096749    0.004884    0.227451 ^ clkbuf_4_13_0_clk/A (sky130_fd_sc_hd__clkbuf_8)
     6    0.026845    0.045942    0.112530    0.339982 ^ clkbuf_4_13_0_clk/X (sky130_fd_sc_hd__clkbuf_8)
                                                         clknet_4_13_0_clk (net)
                      0.045991    0.001315    0.341297 ^ _2699_/CLK (sky130_fd_sc_hd__dfxtp_2)
     5    0.025115    0.099496    0.250324    0.591620 ^ _2699_/Q (sky130_fd_sc_hd__dfxtp_2)
                                                         r4_acc[11] (net)
                      0.099498    0.000584    0.592204 ^ _1329_/A (sky130_fd_sc_hd__xnor2_2)
     1    0.002916    0.021101    0.042215    0.634420 v _1329_/Y (sky130_fd_sc_hd__xnor2_2)
                                                         net364 (net)
                      0.021101    0.000096    0.634515 v output364/A (sky130_fd_sc_hd__buf_2)
     1    0.035195    0.064205    0.114785    0.749301 v output364/X (sky130_fd_sc_hd__buf_2)
                                                         acc_out[11] (net)
                      0.064217    0.000836    0.750137 v acc_out[11] (out)
                                              0.750137   data arrival time

                                  0.000000    0.000000   clock clk (rise edge)
                                  0.000000    0.000000   clock network delay (propagated)
                                  0.200000    0.200000   clock uncertainty
                                  0.000000    0.200000   clock reconvergence pessimism
                                 -0.020000    0.180000   output external delay
                                              0.180000   data required time
---------------------------------------------------------------------------------------------
                                              0.180000   data required time
                                             -0.750137   data arrival time
---------------------------------------------------------------------------------------------
                                              0.570137   slack (MET)


Startpoint: _2701_ (rising edge-triggered flip-flop clocked by clk)
Endpoint: acc_out[13] (output port clocked by clk)
Path Group: clk
Path Type: min

Fanout         Cap        Slew       Delay        Time   Description
---------------------------------------------------------------------------------------------
                                  0.000000    0.000000   clock clk (rise edge)
                                  0.000000    0.000000   clock source latency
     1    0.029150    0.102106    0.070929    0.070929 ^ clk (in)
                                                         clk (net)
                      0.102141    0.000000    0.070929 ^ clkbuf_0_clk/A (sky130_fd_sc_hd__clkbuf_16)
    16    0.109385    0.096372    0.151639    0.222568 ^ clkbuf_0_clk/X (sky130_fd_sc_hd__clkbuf_16)
                                                         clknet_0_clk (net)
                      0.096749    0.004884    0.227451 ^ clkbuf_4_13_0_clk/A (sky130_fd_sc_hd__clkbuf_8)
     6    0.026845    0.045942    0.112530    0.339982 ^ clkbuf_4_13_0_clk/X (sky130_fd_sc_hd__clkbuf_8)
                                                         clknet_4_13_0_clk (net)
                      0.046010    0.001523    0.341505 ^ _2701_/CLK (sky130_fd_sc_hd__dfxtp_2)
     5    0.027199    0.107132    0.255634    0.597139 ^ _2701_/Q (sky130_fd_sc_hd__dfxtp_2)
                                                         r4_acc[13] (net)
                      0.107134    0.000694    0.597833 ^ _1333_/A (sky130_fd_sc_hd__xnor2_2)
     1    0.001942    0.018897    0.039807    0.637640 v _1333_/Y (sky130_fd_sc_hd__xnor2_2)
                                                         net366 (net)
                      0.018897    0.000055    0.637695 v output366/A (sky130_fd_sc_hd__buf_2)
     1    0.035511    0.064618    0.114491    0.752186 v output366/X (sky130_fd_sc_hd__buf_2)
                                                         acc_out[13] (net)
                      0.064627    0.000727    0.752913 v acc_out[13] (out)
                                              0.752913   data arrival time

                                  0.000000    0.000000   clock clk (rise edge)
                                  0.000000    0.000000   clock network delay (propagated)
                                  0.200000    0.200000   clock uncertainty
                                  0.000000    0.200000   clock reconvergence pessimism
                                 -0.020000    0.180000   output external delay
                                              0.180000   data required time
---------------------------------------------------------------------------------------------
                                              0.180000   data required time
                                             -0.752913   data arrival time
---------------------------------------------------------------------------------------------
                                              0.572913   slack (MET)


Startpoint: _2691_ (rising edge-triggered flip-flop clocked by clk)
Endpoint: acc_out[3] (output port clocked by clk)
Path Group: clk
Path Type: min

Fanout         Cap        Slew       Delay        Time   Description
---------------------------------------------------------------------------------------------
                                  0.000000    0.000000   clock clk (rise edge)
                                  0.000000    0.000000   clock source latency
     1    0.029150    0.102106    0.070929    0.070929 ^ clk (in)
                                                         clk (net)
                      0.102141    0.000000    0.070929 ^ clkbuf_0_clk/A (sky130_fd_sc_hd__clkbuf_16)
    16    0.109385    0.096372    0.151639    0.222568 ^ clkbuf_0_clk/X (sky130_fd_sc_hd__clkbuf_16)
                                                         clknet_0_clk (net)
                      0.096853    0.005490    0.228058 ^ clkbuf_4_15_0_clk/A (sky130_fd_sc_hd__clkbuf_8)
     6    0.024157    0.042784    0.110351    0.338408 ^ clkbuf_4_15_0_clk/X (sky130_fd_sc_hd__clkbuf_8)
                                                         clknet_4_15_0_clk (net)
                      0.042794    0.000611    0.339020 ^ _2691_/CLK (sky130_fd_sc_hd__dfxtp_2)
     5    0.028295    0.111180    0.257326    0.596346 ^ _2691_/Q (sky130_fd_sc_hd__dfxtp_2)
                                                         r4_acc[3] (net)
                      0.111193    0.001222    0.597568 ^ _1312_/A (sky130_fd_sc_hd__xor2_2)
     1    0.002448    0.020480    0.043849    0.641417 v _1312_/X (sky130_fd_sc_hd__xor2_2)
                                                         net371 (net)
                      0.020480    0.000053    0.641470 v output371/A (sky130_fd_sc_hd__buf_2)
     1    0.035801    0.065189    0.115152    0.756621 v output371/X (sky130_fd_sc_hd__buf_2)
                                                         acc_out[3] (net)
                      0.065210    0.001095    0.757717 v acc_out[3] (out)
                                              0.757717   data arrival time

                                  0.000000    0.000000   clock clk (rise edge)
                                  0.000000    0.000000   clock network delay (propagated)
                                  0.200000    0.200000   clock uncertainty
                                  0.000000    0.200000   clock reconvergence pessimism
                                 -0.020000    0.180000   output external delay
                                              0.180000   data required time
---------------------------------------------------------------------------------------------
                                              0.180000   data required time
                                             -0.757717   data arrival time
---------------------------------------------------------------------------------------------
                                              0.577717   slack (MET)


Startpoint: _2637_ (rising edge-triggered flip-flop clocked by clk)
Endpoint: a_out[15] (output port clocked by clk)
Path Group: clk
Path Type: min

Fanout         Cap        Slew       Delay        Time   Description
---------------------------------------------------------------------------------------------
                                  0.000000    0.000000   clock clk (rise edge)
                                  0.000000    0.000000   clock source latency
     1    0.029150    0.102106    0.070929    0.070929 ^ clk (in)
                                                         clk (net)
                      0.102141    0.000000    0.070929 ^ clkbuf_0_clk/A (sky130_fd_sc_hd__clkbuf_16)
    16    0.109385    0.096372    0.151639    0.222568 ^ clkbuf_0_clk/X (sky130_fd_sc_hd__clkbuf_16)
                                                         clknet_0_clk (net)
                      0.097443    0.008100    0.230668 ^ clkbuf_4_5_0_clk/A (sky130_fd_sc_hd__clkbuf_8)
     6    0.022191    0.040826    0.108463    0.339131 ^ clkbuf_4_5_0_clk/X (sky130_fd_sc_hd__clkbuf_8)
                                                         clknet_4_5_0_clk (net)
                      0.040832    0.000520    0.339650 ^ _2637_/CLK (sky130_fd_sc_hd__dfxtp_2)
     4    0.024434    0.048400    0.227703    0.567354 v _2637_/Q (sky130_fd_sc_hd__dfxtp_2)
                                                         s1_sign_a (net)
                      0.048400    0.000325    0.567679 v _2706_/A (sky130_fd_sc_hd__buf_2)
     1    0.002063    0.015779    0.076219    0.643897 v _2706_/X (sky130_fd_sc_hd__buf_2)
                                                         net352 (net)
                      0.015779    0.000059    0.643956 v output352/A (sky130_fd_sc_hd__buf_2)
     1    0.035441    0.064564    0.113149    0.757105 v output352/X (sky130_fd_sc_hd__buf_2)
                                                         a_out[15] (net)
                      0.064579    0.000929    0.758034 v a_out[15] (out)
                                              0.758034   data arrival time

                                  0.000000    0.000000   clock clk (rise edge)
                                  0.000000    0.000000   clock network delay (propagated)
                                  0.200000    0.200000   clock uncertainty
                                  0.000000    0.200000   clock reconvergence pessimism
                                 -0.020000    0.180000   output external delay
                                              0.180000   data required time
---------------------------------------------------------------------------------------------
                                              0.180000   data required time
                                             -0.758034   data arrival time
---------------------------------------------------------------------------------------------
                                              0.578034   slack (MET)


Startpoint: _2694_ (rising edge-triggered flip-flop clocked by clk)
Endpoint: acc_out[6] (output port clocked by clk)
Path Group: clk
Path Type: min

Fanout         Cap        Slew       Delay        Time   Description
---------------------------------------------------------------------------------------------
                                  0.000000    0.000000   clock clk (rise edge)
                                  0.000000    0.000000   clock source latency
     1    0.029150    0.102106    0.070929    0.070929 ^ clk (in)
                                                         clk (net)
                      0.102141    0.000000    0.070929 ^ clkbuf_0_clk/A (sky130_fd_sc_hd__clkbuf_16)
    16    0.109385    0.096372    0.151639    0.222568 ^ clkbuf_0_clk/X (sky130_fd_sc_hd__clkbuf_16)
                                                         clknet_0_clk (net)
                      0.096789    0.005124    0.227692 ^ clkbuf_4_12_0_clk/A (sky130_fd_sc_hd__clkbuf_8)
     6    0.022809    0.041527    0.108954    0.336645 ^ clkbuf_4_12_0_clk/X (sky130_fd_sc_hd__clkbuf_8)
                                                         clknet_4_12_0_clk (net)
                      0.041530    0.000395    0.337041 ^ _2694_/CLK (sky130_fd_sc_hd__dfxtp_2)
     5    0.030836    0.120479    0.263517    0.600558 ^ _2694_/Q (sky130_fd_sc_hd__dfxtp_2)
                                                         r4_acc[6] (net)
                      0.120483    0.000824    0.601381 ^ _1319_/A (sky130_fd_sc_hd__xor2_2)
     1    0.002868    0.021354    0.046211    0.647592 v _1319_/X (sky130_fd_sc_hd__xor2_2)
                                                         net374 (net)
                      0.021354    0.000092    0.647685 v output374/A (sky130_fd_sc_hd__buf_2)
     1    0.034988    0.063892    0.114631    0.762315 v output374/X (sky130_fd_sc_hd__buf_2)
                                                         acc_out[6] (net)
                      0.063902    0.000814    0.763130 v acc_out[6] (out)
                                              0.763130   data arrival time

                                  0.000000    0.000000   clock clk (rise edge)
                                  0.000000    0.000000   clock network delay (propagated)
                                  0.200000    0.200000   clock uncertainty
                                  0.000000    0.200000   clock reconvergence pessimism
                                 -0.020000    0.180000   output external delay
                                              0.180000   data required time
---------------------------------------------------------------------------------------------
                                              0.180000   data required time
                                             -0.763130   data arrival time
---------------------------------------------------------------------------------------------
                                              0.583130   slack (MET)


Startpoint: _2698_ (rising edge-triggered flip-flop clocked by clk)
Endpoint: acc_out[10] (output port clocked by clk)
Path Group: clk
Path Type: min

Fanout         Cap        Slew       Delay        Time   Description
---------------------------------------------------------------------------------------------
                                  0.000000    0.000000   clock clk (rise edge)
                                  0.000000    0.000000   clock source latency
     1    0.029150    0.102106    0.070929    0.070929 ^ clk (in)
                                                         clk (net)
                      0.102141    0.000000    0.070929 ^ clkbuf_0_clk/A (sky130_fd_sc_hd__clkbuf_16)
    16    0.109385    0.096372    0.151639    0.222568 ^ clkbuf_0_clk/X (sky130_fd_sc_hd__clkbuf_16)
                                                         clknet_0_clk (net)
                      0.096749    0.004884    0.227451 ^ clkbuf_4_13_0_clk/A (sky130_fd_sc_hd__clkbuf_8)
     6    0.026845    0.045942    0.112530    0.339982 ^ clkbuf_4_13_0_clk/X (sky130_fd_sc_hd__clkbuf_8)
                                                         clknet_4_13_0_clk (net)
                      0.045973    0.001090    0.341072 ^ _2698_/CLK (sky130_fd_sc_hd__dfxtp_2)
     6    0.032185    0.125423    0.268237    0.609309 ^ _2698_/Q (sky130_fd_sc_hd__dfxtp_2)
                                                         r4_acc[10] (net)
                      0.125431    0.001085    0.610393 ^ _1327_/A (sky130_fd_sc_hd__xor2_2)
     1    0.002017    0.019680    0.043548    0.653941 v _1327_/X (sky130_fd_sc_hd__xor2_2)
                                                         net363 (net)
                      0.019680    0.000058    0.653999 v output363/A (sky130_fd_sc_hd__buf_2)
     1    0.034196    0.062639    0.113164    0.767163 v output363/X (sky130_fd_sc_hd__buf_2)
                                                         acc_out[10] (net)
                      0.062645    0.000632    0.767795 v acc_out[10] (out)
                                              0.767795   data arrival time

                                  0.000000    0.000000   clock clk (rise edge)
                                  0.000000    0.000000   clock network delay (propagated)
                                  0.200000    0.200000   clock uncertainty
                                  0.000000    0.200000   clock reconvergence pessimism
                                 -0.020000    0.180000   output external delay
                                              0.180000   data required time
---------------------------------------------------------------------------------------------
                                              0.180000   data required time
                                             -0.767795   data arrival time
---------------------------------------------------------------------------------------------
                                              0.587795   slack (MET)


Startpoint: _2688_ (rising edge-triggered flip-flop clocked by clk)
Endpoint: acc_out[0] (output port clocked by clk)
Path Group: clk
Path Type: min

Fanout         Cap        Slew       Delay        Time   Description
---------------------------------------------------------------------------------------------
                                  0.000000    0.000000   clock clk (rise edge)
                                  0.000000    0.000000   clock source latency
     1    0.029150    0.102106    0.070929    0.070929 ^ clk (in)
                                                         clk (net)
                      0.102141    0.000000    0.070929 ^ clkbuf_0_clk/A (sky130_fd_sc_hd__clkbuf_16)
    16    0.109385    0.096372    0.151639    0.222568 ^ clkbuf_0_clk/X (sky130_fd_sc_hd__clkbuf_16)
                                                         clknet_0_clk (net)
                      0.096853    0.005492    0.228060 ^ clkbuf_4_14_0_clk/A (sky130_fd_sc_hd__clkbuf_8)
     6    0.023593    0.042315    0.109631    0.337691 ^ clkbuf_4_14_0_clk/X (sky130_fd_sc_hd__clkbuf_8)
                                                         clknet_4_14_0_clk (net)
                      0.042333    0.000817    0.338508 ^ _2688_/CLK (sky130_fd_sc_hd__dfxtp_2)
     8    0.032830    0.061095    0.238888    0.577395 v _2688_/Q (sky130_fd_sc_hd__dfxtp_2)
                                                         r4_acc[0] (net)
                      0.061127    0.001295    0.578691 v _2707_/A (sky130_fd_sc_hd__buf_2)
     1    0.002111    0.015994    0.081464    0.660155 v _2707_/X (sky130_fd_sc_hd__buf_2)
                                                         net362 (net)
                      0.015994    0.000060    0.660214 v output362/A (sky130_fd_sc_hd__buf_2)
     1    0.035001    0.063926    0.112641    0.772855 v output362/X (sky130_fd_sc_hd__buf_2)
                                                         acc_out[0] (net)
                      0.063942    0.000960    0.773815 v acc_out[0] (out)
                                              0.773815   data arrival time

                                  0.000000    0.000000   clock clk (rise edge)
                                  0.000000    0.000000   clock network delay (propagated)
                                  0.200000    0.200000   clock uncertainty
                                  0.000000    0.200000   clock reconvergence pessimism
                                 -0.020000    0.180000   output external delay
                                              0.180000   data required time
---------------------------------------------------------------------------------------------
                                              0.180000   data required time
                                             -0.773815   data arrival time
---------------------------------------------------------------------------------------------
                                              0.593815   slack (MET)


Startpoint: _2692_ (rising edge-triggered flip-flop clocked by clk)
Endpoint: acc_out[4] (output port clocked by clk)
Path Group: clk
Path Type: min

Fanout         Cap        Slew       Delay        Time   Description
---------------------------------------------------------------------------------------------
                                  0.000000    0.000000   clock clk (rise edge)
                                  0.000000    0.000000   clock source latency
     1    0.029150    0.102106    0.070929    0.070929 ^ clk (in)
                                                         clk (net)
                      0.102141    0.000000    0.070929 ^ clkbuf_0_clk/A (sky130_fd_sc_hd__clkbuf_16)
    16    0.109385    0.096372    0.151639    0.222568 ^ clkbuf_0_clk/X (sky130_fd_sc_hd__clkbuf_16)
                                                         clknet_0_clk (net)
                      0.096853    0.005490    0.228058 ^ clkbuf_4_15_0_clk/A (sky130_fd_sc_hd__clkbuf_8)
     6    0.024157    0.042784    0.110351    0.338408 ^ clkbuf_4_15_0_clk/X (sky130_fd_sc_hd__clkbuf_8)
                                                         clknet_4_15_0_clk (net)
                      0.042793    0.000569    0.338977 ^ _2692_/CLK (sky130_fd_sc_hd__dfxtp_2)
     6    0.035186    0.136428    0.274973    0.613950 ^ _2692_/Q (sky130_fd_sc_hd__dfxtp_2)
                                                         r4_acc[4] (net)
                      0.136431    0.000829    0.614779 ^ _1315_/A (sky130_fd_sc_hd__xnor2_2)
     1    0.003211    0.021466    0.044993    0.659772 v _1315_/Y (sky130_fd_sc_hd__xnor2_2)
                                                         net372 (net)
                      0.021466    0.000103    0.659876 v output372/A (sky130_fd_sc_hd__buf_2)
     1    0.035053    0.063988    0.114753    0.774628 v output372/X (sky130_fd_sc_hd__buf_2)
                                                         acc_out[4] (net)
                      0.063999    0.000812    0.775440 v acc_out[4] (out)
                                              0.775440   data arrival time

                                  0.000000    0.000000   clock clk (rise edge)
                                  0.000000    0.000000   clock network delay (propagated)
                                  0.200000    0.200000   clock uncertainty
                                  0.000000    0.200000   clock reconvergence pessimism
                                 -0.020000    0.180000   output external delay
                                              0.180000   data required time
---------------------------------------------------------------------------------------------
                                              0.180000   data required time
                                             -0.775440   data arrival time
---------------------------------------------------------------------------------------------
                                              0.595441   slack (MET)


Startpoint: _2689_ (rising edge-triggered flip-flop clocked by clk)
Endpoint: acc_out[1] (output port clocked by clk)
Path Group: clk
Path Type: min

Fanout         Cap        Slew       Delay        Time   Description
---------------------------------------------------------------------------------------------
                                  0.000000    0.000000   clock clk (rise edge)
                                  0.000000    0.000000   clock source latency
     1    0.029150    0.102106    0.070929    0.070929 ^ clk (in)
                                                         clk (net)
                      0.102141    0.000000    0.070929 ^ clkbuf_0_clk/A (sky130_fd_sc_hd__clkbuf_16)
    16    0.109385    0.096372    0.151639    0.222568 ^ clkbuf_0_clk/X (sky130_fd_sc_hd__clkbuf_16)
                                                         clknet_0_clk (net)
                      0.096853    0.005492    0.228060 ^ clkbuf_4_14_0_clk/A (sky130_fd_sc_hd__clkbuf_8)
     6    0.023593    0.042315    0.109631    0.337691 ^ clkbuf_4_14_0_clk/X (sky130_fd_sc_hd__clkbuf_8)
                                                         clknet_4_14_0_clk (net)
                      0.042341    0.000954    0.338645 ^ _2689_/CLK (sky130_fd_sc_hd__dfxtp_2)
     8    0.037135    0.143498    0.280125    0.618770 ^ _2689_/Q (sky130_fd_sc_hd__dfxtp_2)
                                                         r4_acc[1] (net)
                      0.143498    0.000269    0.619039 ^ _1308_/A (sky130_fd_sc_hd__xnor2_2)
     1    0.002227    0.018510    0.041517    0.660556 v _1308_/Y (sky130_fd_sc_hd__xnor2_2)
                                                         net369 (net)
                      0.018510    0.000064    0.660621 v output369/A (sky130_fd_sc_hd__buf_2)
     1    0.035637    0.064928    0.114254    0.774875 v output369/X (sky130_fd_sc_hd__buf_2)
                                                         acc_out[1] (net)
                      0.064949    0.001080    0.775955 v acc_out[1] (out)
                                              0.775955   data arrival time

                                  0.000000    0.000000   clock clk (rise edge)
                                  0.000000    0.000000   clock network delay (propagated)
                                  0.200000    0.200000   clock uncertainty
                                  0.000000    0.200000   clock reconvergence pessimism
                                 -0.020000    0.180000   output external delay
                                              0.180000   data required time
---------------------------------------------------------------------------------------------
                                              0.180000   data required time
                                             -0.775955   data arrival time
---------------------------------------------------------------------------------------------
                                              0.595955   slack (MET)


Startpoint: _2700_ (rising edge-triggered flip-flop clocked by clk)
Endpoint: acc_out[12] (output port clocked by clk)
Path Group: clk
Path Type: min

Fanout         Cap        Slew       Delay        Time   Description
---------------------------------------------------------------------------------------------
                                  0.000000    0.000000   clock clk (rise edge)
                                  0.000000    0.000000   clock source latency
     1    0.029150    0.102106    0.070929    0.070929 ^ clk (in)
                                                         clk (net)
                      0.102141    0.000000    0.070929 ^ clkbuf_0_clk/A (sky130_fd_sc_hd__clkbuf_16)
    16    0.109385    0.096372    0.151639    0.222568 ^ clkbuf_0_clk/X (sky130_fd_sc_hd__clkbuf_16)
                                                         clknet_0_clk (net)
                      0.096749    0.004884    0.227451 ^ clkbuf_4_13_0_clk/A (sky130_fd_sc_hd__clkbuf_8)
     6    0.026845    0.045942    0.112530    0.339982 ^ clkbuf_4_13_0_clk/X (sky130_fd_sc_hd__clkbuf_8)
                                                         clknet_4_13_0_clk (net)
                      0.046000    0.001419    0.341401 ^ _2700_/CLK (sky130_fd_sc_hd__dfxtp_2)
     6    0.038782    0.149584    0.285198    0.626599 ^ _2700_/Q (sky130_fd_sc_hd__dfxtp_2)
                                                         r4_acc[12] (net)
                      0.149586    0.000808    0.627407 ^ _1331_/A (sky130_fd_sc_hd__xor2_2)
     1    0.002145    0.019977    0.043888    0.671295 v _1331_/X (sky130_fd_sc_hd__xor2_2)
                                                         net365 (net)
                      0.019977    0.000061    0.671356 v output365/A (sky130_fd_sc_hd__buf_2)
     1    0.034986    0.063837    0.114222    0.785578 v output365/X (sky130_fd_sc_hd__buf_2)
                                                         acc_out[12] (net)
                      0.063845    0.000700    0.786278 v acc_out[12] (out)
                                              0.786278   data arrival time

                                  0.000000    0.000000   clock clk (rise edge)
                                  0.000000    0.000000   clock network delay (propagated)
                                  0.200000    0.200000   clock uncertainty
                                  0.000000    0.200000   clock reconvergence pessimism
                                 -0.020000    0.180000   output external delay
                                              0.180000   data required time
---------------------------------------------------------------------------------------------
                                              0.180000   data required time
                                             -0.786278   data arrival time
---------------------------------------------------------------------------------------------
                                              0.606278   slack (MET)


Startpoint: _2631_ (rising edge-triggered flip-flop clocked by clk)
Endpoint: a_out[9] (output port clocked by clk)
Path Group: clk
Path Type: min

Fanout         Cap        Slew       Delay        Time   Description
---------------------------------------------------------------------------------------------
                                  0.000000    0.000000   clock clk (rise edge)
                                  0.000000    0.000000   clock source latency
     1    0.029150    0.102106    0.070929    0.070929 ^ clk (in)
                                                         clk (net)
                      0.102141    0.000000    0.070929 ^ clkbuf_0_clk/A (sky130_fd_sc_hd__clkbuf_16)
    16    0.109385    0.096372    0.151639    0.222568 ^ clkbuf_0_clk/X (sky130_fd_sc_hd__clkbuf_16)
                                                         clknet_0_clk (net)
                      0.097415    0.007996    0.230563 ^ clkbuf_4_7_0_clk/A (sky130_fd_sc_hd__clkbuf_8)
     6    0.020276    0.038616    0.106530    0.337093 ^ clkbuf_4_7_0_clk/X (sky130_fd_sc_hd__clkbuf_8)
                                                         clknet_4_7_0_clk (net)
                      0.038617    0.000220    0.337313 ^ _2631_/CLK (sky130_fd_sc_hd__dfxtp_2)
     8    0.048337    0.082074    0.256590    0.593903 v _2631_/Q (sky130_fd_sc_hd__dfxtp_2)
                                                         net270 (net)
                      0.082213    0.002959    0.596862 v place270/A (sky130_fd_sc_hd__buf_1)
     5    0.019120    0.078370    0.124810    0.721672 v place270/X (sky130_fd_sc_hd__buf_1)
                                                         net361 (net)
                      0.078374    0.000640    0.722311 v output361/A (sky130_fd_sc_hd__buf_2)
     1    0.034807    0.063713    0.137294    0.859605 v output361/X (sky130_fd_sc_hd__buf_2)
                                                         a_out[9] (net)
                      0.063725    0.000830    0.860435 v a_out[9] (out)
                                              0.860435   data arrival time

                                  0.000000    0.000000   clock clk (rise edge)
                                  0.000000    0.000000   clock network delay (propagated)
                                  0.200000    0.200000   clock uncertainty
                                  0.000000    0.200000   clock reconvergence pessimism
                                 -0.020000    0.180000   output external delay
                                              0.180000   data required time
---------------------------------------------------------------------------------------------
                                              0.180000   data required time
                                             -0.860435   data arrival time
---------------------------------------------------------------------------------------------
                                              0.680435   slack (MET)


Startpoint: _2630_ (rising edge-triggered flip-flop clocked by clk)
Endpoint: a_out[8] (output port clocked by clk)
Path Group: clk
Path Type: min

Fanout         Cap        Slew       Delay        Time   Description
---------------------------------------------------------------------------------------------
                                  0.000000    0.000000   clock clk (rise edge)
                                  0.000000    0.000000   clock source latency
     1    0.029150    0.102106    0.070929    0.070929 ^ clk (in)
                                                         clk (net)
                      0.102141    0.000000    0.070929 ^ clkbuf_0_clk/A (sky130_fd_sc_hd__clkbuf_16)
    16    0.109385    0.096372    0.151639    0.222568 ^ clkbuf_0_clk/X (sky130_fd_sc_hd__clkbuf_16)
                                                         clknet_0_clk (net)
                      0.097443    0.008100    0.230668 ^ clkbuf_4_5_0_clk/A (sky130_fd_sc_hd__clkbuf_8)
     6    0.022191    0.040826    0.108463    0.339131 ^ clkbuf_4_5_0_clk/X (sky130_fd_sc_hd__clkbuf_8)
                                                         clknet_4_5_0_clk (net)
                      0.040833    0.000553    0.339684 ^ _2630_/CLK (sky130_fd_sc_hd__dfxtp_2)
     8    0.042041    0.075723    0.248587    0.588272 v _2630_/Q (sky130_fd_sc_hd__dfxtp_2)
                                                         net51 (net)
                      0.076037    0.004192    0.592463 v place272/A (sky130_fd_sc_hd__buf_1)
     6    0.024621    0.098733    0.138165    0.730628 v place272/X (sky130_fd_sc_hd__buf_1)
                                                         net272 (net)
                      0.098750    0.001250    0.731878 v output360/A (sky130_fd_sc_hd__buf_2)
     1    0.034795    0.063733    0.145593    0.877470 v output360/X (sky130_fd_sc_hd__buf_2)
                                                         net360 (net)
                      0.063743    0.000780    0.878251 v a_out[8] (out)
                                              0.878251   data arrival time

                                  0.000000    0.000000   clock clk (rise edge)
                                  0.000000    0.000000   clock network delay (propagated)
                                  0.200000    0.200000   clock uncertainty
                                  0.000000    0.200000   clock reconvergence pessimism
                                 -0.020000    0.180000   output external delay
                                              0.180000   data required time
---------------------------------------------------------------------------------------------
                                              0.180000   data required time
                                             -0.878251   data arrival time
---------------------------------------------------------------------------------------------
                                              0.698251   slack (MET)


Startpoint: _2625_ (rising edge-triggered flip-flop clocked by clk)
Endpoint: a_out[3] (output port clocked by clk)
Path Group: clk
Path Type: min

Fanout         Cap        Slew       Delay        Time   Description
---------------------------------------------------------------------------------------------
                                  0.000000    0.000000   clock clk (rise edge)
                                  0.000000    0.000000   clock source latency
     1    0.029150    0.102106    0.070929    0.070929 ^ clk (in)
                                                         clk (net)
                      0.102141    0.000000    0.070929 ^ clkbuf_0_clk/A (sky130_fd_sc_hd__clkbuf_16)
    16    0.109385    0.096372    0.151639    0.222568 ^ clkbuf_0_clk/X (sky130_fd_sc_hd__clkbuf_16)
                                                         clknet_0_clk (net)
                      0.096878    0.005628    0.228196 ^ clkbuf_4_3_0_clk/A (sky130_fd_sc_hd__clkbuf_8)
     6    0.017527    0.035521    0.103453    0.331649 ^ clkbuf_4_3_0_clk/X (sky130_fd_sc_hd__clkbuf_8)
                                                         clknet_4_3_0_clk (net)
                      0.035528    0.000472    0.332121 ^ _2625_/CLK (sky130_fd_sc_hd__dfxtp_2)
     4    0.025627    0.050273    0.227807    0.559928 v _2625_/Q (sky130_fd_sc_hd__dfxtp_2)
                                                         net282 (net)
                      0.050284    0.000726    0.560654 v place282/A (sky130_fd_sc_hd__buf_1)
     8    0.034263    0.135550    0.155832    0.716485 v place282/X (sky130_fd_sc_hd__buf_1)
                                                         net355 (net)
                      0.135612    0.001706    0.718192 v output355/A (sky130_fd_sc_hd__buf_2)
     1    0.035356    0.065016    0.160260    0.878452 v output355/X (sky130_fd_sc_hd__buf_2)
                                                         a_out[3] (net)
                      0.065028    0.000868    0.879320 v a_out[3] (out)
                                              0.879320   data arrival time

                                  0.000000    0.000000   clock clk (rise edge)
                                  0.000000    0.000000   clock network delay (propagated)
                                  0.200000    0.200000   clock uncertainty
                                  0.000000    0.200000   clock reconvergence pessimism
                                 -0.020000    0.180000   output external delay
                                              0.180000   data required time
---------------------------------------------------------------------------------------------
                                              0.180000   data required time
                                             -0.879320   data arrival time
---------------------------------------------------------------------------------------------
                                              0.699320   slack (MET)


Startpoint: _2628_ (rising edge-triggered flip-flop clocked by clk)
Endpoint: a_out[6] (output port clocked by clk)
Path Group: clk
Path Type: min

Fanout         Cap        Slew       Delay        Time   Description
---------------------------------------------------------------------------------------------
                                  0.000000    0.000000   clock clk (rise edge)
                                  0.000000    0.000000   clock source latency
     1    0.029150    0.102106    0.070929    0.070929 ^ clk (in)
                                                         clk (net)
                      0.102141    0.000000    0.070929 ^ clkbuf_0_clk/A (sky130_fd_sc_hd__clkbuf_16)
    16    0.109385    0.096372    0.151639    0.222568 ^ clkbuf_0_clk/X (sky130_fd_sc_hd__clkbuf_16)
                                                         clknet_0_clk (net)
                      0.096878    0.005628    0.228196 ^ clkbuf_4_3_0_clk/A (sky130_fd_sc_hd__clkbuf_8)
     6    0.017527    0.035521    0.103453    0.331649 ^ clkbuf_4_3_0_clk/X (sky130_fd_sc_hd__clkbuf_8)
                                                         clknet_4_3_0_clk (net)
                      0.035525    0.000393    0.332042 ^ _2628_/CLK (sky130_fd_sc_hd__dfxtp_2)
     5    0.036592    0.067177    0.240672    0.572714 v _2628_/Q (sky130_fd_sc_hd__dfxtp_2)
                                                         net57 (net)
                      0.067395    0.003312    0.576026 v place276/A (sky130_fd_sc_hd__buf_1)
     7    0.030255    0.120151    0.151159    0.727185 v place276/X (sky130_fd_sc_hd__buf_1)
                                                         net276 (net)
                      0.120164    0.001234    0.728419 v output358/A (sky130_fd_sc_hd__buf_2)
     1    0.034852    0.063918    0.154274    0.882693 v output358/X (sky130_fd_sc_hd__buf_2)
                                                         net358 (net)
                      0.063932    0.000902    0.883596 v a_out[6] (out)
                                              0.883596   data arrival time

                                  0.000000    0.000000   clock clk (rise edge)
                                  0.000000    0.000000   clock network delay (propagated)
                                  0.200000    0.200000   clock uncertainty
                                  0.000000    0.200000   clock reconvergence pessimism
                                 -0.020000    0.180000   output external delay
                                              0.180000   data required time
---------------------------------------------------------------------------------------------
                                              0.180000   data required time
                                             -0.883596   data arrival time
---------------------------------------------------------------------------------------------
                                              0.703596   slack (MET)


Startpoint: _2635_ (rising edge-triggered flip-flop clocked by clk)
Endpoint: a_out[13] (output port clocked by clk)
Path Group: clk
Path Type: min

Fanout         Cap        Slew       Delay        Time   Description
---------------------------------------------------------------------------------------------
                                  0.000000    0.000000   clock clk (rise edge)
                                  0.000000    0.000000   clock source latency
     1    0.029150    0.102106    0.070929    0.070929 ^ clk (in)
                                                         clk (net)
                      0.102141    0.000000    0.070929 ^ clkbuf_0_clk/A (sky130_fd_sc_hd__clkbuf_16)
    16    0.109385    0.096372    0.151639    0.222568 ^ clkbuf_0_clk/X (sky130_fd_sc_hd__clkbuf_16)
                                                         clknet_0_clk (net)
                      0.097407    0.007964    0.230532 ^ clkbuf_4_4_0_clk/A (sky130_fd_sc_hd__clkbuf_8)
     6    0.027156    0.046312    0.112922    0.343455 ^ clkbuf_4_4_0_clk/X (sky130_fd_sc_hd__clkbuf_8)
                                                         clknet_4_4_0_clk (net)
                      0.046341    0.001090    0.344544 ^ _2635_/CLK (sky130_fd_sc_hd__dfxtp_2)
     6    0.029416    0.055766    0.235687    0.580232 v _2635_/Q (sky130_fd_sc_hd__dfxtp_2)
                                                         net151 (net)
                      0.055814    0.001478    0.581709 v place262/A (sky130_fd_sc_hd__buf_1)
     7    0.030991    0.122991    0.148584    0.730293 v place262/X (sky130_fd_sc_hd__buf_1)
                                                         net262 (net)
                      0.123073    0.002158    0.732451 v output350/A (sky130_fd_sc_hd__buf_2)
     1    0.034470    0.063307    0.155075    0.887527 v output350/X (sky130_fd_sc_hd__buf_2)
                                                         net350 (net)
                      0.063315    0.000704    0.888231 v a_out[13] (out)
                                              0.888231   data arrival time

                                  0.000000    0.000000   clock clk (rise edge)
                                  0.000000    0.000000   clock network delay (propagated)
                                  0.200000    0.200000   clock uncertainty
                                  0.000000    0.200000   clock reconvergence pessimism
                                 -0.020000    0.180000   output external delay
                                              0.180000   data required time
---------------------------------------------------------------------------------------------
                                              0.180000   data required time
                                             -0.888231   data arrival time
---------------------------------------------------------------------------------------------
                                              0.708231   slack (MET)


Startpoint: _2623_ (rising edge-triggered flip-flop clocked by clk)
Endpoint: a_out[1] (output port clocked by clk)
Path Group: clk
Path Type: min

Fanout         Cap        Slew       Delay        Time   Description
---------------------------------------------------------------------------------------------
                                  0.000000    0.000000   clock clk (rise edge)
                                  0.000000    0.000000   clock source latency
     1    0.029150    0.102106    0.070929    0.070929 ^ clk (in)
                                                         clk (net)
                      0.102141    0.000000    0.070929 ^ clkbuf_0_clk/A (sky130_fd_sc_hd__clkbuf_16)
    16    0.109385    0.096372    0.151639    0.222568 ^ clkbuf_0_clk/X (sky130_fd_sc_hd__clkbuf_16)
                                                         clknet_0_clk (net)
                      0.096878    0.005628    0.228196 ^ clkbuf_4_3_0_clk/A (sky130_fd_sc_hd__clkbuf_8)
     6    0.017527    0.035521    0.103453    0.331649 ^ clkbuf_4_3_0_clk/X (sky130_fd_sc_hd__clkbuf_8)
                                                         clknet_4_3_0_clk (net)
                      0.035528    0.000479    0.332128 ^ _2623_/CLK (sky130_fd_sc_hd__dfxtp_2)
     4    0.028259    0.054177    0.230603    0.562731 v _2623_/Q (sky130_fd_sc_hd__dfxtp_2)
                                                         net175 (net)
                      0.054243    0.001705    0.564436 v place287/A (sky130_fd_sc_hd__buf_1)
     8    0.036258    0.143225    0.162709    0.727146 v place287/X (sky130_fd_sc_hd__buf_1)
                                                         net287 (net)
                      0.143328    0.002664    0.729809 v output353/A (sky130_fd_sc_hd__buf_2)
     1    0.035362    0.065283    0.162748    0.892557 v output353/X (sky130_fd_sc_hd__buf_2)
                                                         net353 (net)
                      0.065300    0.001005    0.893561 v a_out[1] (out)
                                              0.893561   data arrival time

                                  0.000000    0.000000   clock clk (rise edge)
                                  0.000000    0.000000   clock network delay (propagated)
                                  0.200000    0.200000   clock uncertainty
                                  0.000000    0.200000   clock reconvergence pessimism
                                 -0.020000    0.180000   output external delay
                                              0.180000   data required time
---------------------------------------------------------------------------------------------
                                              0.180000   data required time
                                             -0.893561   data arrival time
---------------------------------------------------------------------------------------------
                                              0.713561   slack (MET)


Startpoint: _2629_ (rising edge-triggered flip-flop clocked by clk)
Endpoint: a_out[7] (output port clocked by clk)
Path Group: clk
Path Type: min

Fanout         Cap        Slew       Delay        Time   Description
---------------------------------------------------------------------------------------------
                                  0.000000    0.000000   clock clk (rise edge)
                                  0.000000    0.000000   clock source latency
     1    0.029150    0.102106    0.070929    0.070929 ^ clk (in)
                                                         clk (net)
                      0.102141    0.000000    0.070929 ^ clkbuf_0_clk/A (sky130_fd_sc_hd__clkbuf_16)
    16    0.109385    0.096372    0.151639    0.222568 ^ clkbuf_0_clk/X (sky130_fd_sc_hd__clkbuf_16)
                                                         clknet_0_clk (net)
                      0.097114    0.006770    0.229338 ^ clkbuf_4_1_0_clk/A (sky130_fd_sc_hd__clkbuf_8)
     6    0.017849    0.035880    0.103892    0.333230 ^ clkbuf_4_1_0_clk/X (sky130_fd_sc_hd__clkbuf_8)
                                                         clknet_4_1_0_clk (net)
                      0.035883    0.000366    0.333596 ^ _2629_/CLK (sky130_fd_sc_hd__dfxtp_2)
     7    0.044296    0.076011    0.251036    0.584633 v _2629_/Q (sky130_fd_sc_hd__dfxtp_2)
                                                         net54 (net)
                      0.076113    0.002463    0.587096 v place274/A (sky130_fd_sc_hd__buf_1)
     7    0.030639    0.121875    0.154637    0.741733 v place274/X (sky130_fd_sc_hd__buf_1)
                                                         net274 (net)
                      0.121904    0.001789    0.743522 v output359/A (sky130_fd_sc_hd__buf_2)
     1    0.035430    0.064768    0.155727    0.899249 v output359/X (sky130_fd_sc_hd__buf_2)
                                                         net359 (net)
                      0.064781    0.000893    0.900142 v a_out[7] (out)
                                              0.900142   data arrival time

                                  0.000000    0.000000   clock clk (rise edge)
                                  0.000000    0.000000   clock network delay (propagated)
                                  0.200000    0.200000   clock uncertainty
                                  0.000000    0.200000   clock reconvergence pessimism
                                 -0.020000    0.180000   output external delay
                                              0.180000   data required time
---------------------------------------------------------------------------------------------
                                              0.180000   data required time
                                             -0.900142   data arrival time
---------------------------------------------------------------------------------------------
                                              0.720142   slack (MET)


Startpoint: _2633_ (rising edge-triggered flip-flop clocked by clk)
Endpoint: a_out[11] (output port clocked by clk)
Path Group: clk
Path Type: min

Fanout         Cap        Slew       Delay        Time   Description
---------------------------------------------------------------------------------------------
                                  0.000000    0.000000   clock clk (rise edge)
                                  0.000000    0.000000   clock source latency
     1    0.029150    0.102106    0.070929    0.070929 ^ clk (in)
                                                         clk (net)
                      0.102141    0.000000    0.070929 ^ clkbuf_0_clk/A (sky130_fd_sc_hd__clkbuf_16)
    16    0.109385    0.096372    0.151639    0.222568 ^ clkbuf_0_clk/X (sky130_fd_sc_hd__clkbuf_16)
                                                         clknet_0_clk (net)
                      0.097443    0.008100    0.230668 ^ clkbuf_4_5_0_clk/A (sky130_fd_sc_hd__clkbuf_8)
     6    0.022191    0.040826    0.108463    0.339131 ^ clkbuf_4_5_0_clk/X (sky130_fd_sc_hd__clkbuf_8)
                                                         clknet_4_5_0_clk (net)
                      0.040831    0.000477    0.339607 ^ _2633_/CLK (sky130_fd_sc_hd__dfxtp_2)
     4    0.020821    0.043155    0.222992    0.562600 v _2633_/Q (sky130_fd_sc_hd__dfxtp_2)
                                                         net265 (net)
                      0.043157    0.000379    0.562978 v place265/A (sky130_fd_sc_hd__buf_1)
     8    0.037535    0.148110    0.162669    0.725647 v place265/X (sky130_fd_sc_hd__buf_1)
                                                         net348 (net)
                      0.148116    0.001091    0.726739 v output348/A (sky130_fd_sc_hd__buf_2)
     1    0.043245    0.077849    0.172578    0.899316 v output348/X (sky130_fd_sc_hd__buf_2)
                                                         a_out[11] (net)
                      0.078046    0.003412    0.902728 v a_out[11] (out)
                                              0.902728   data arrival time

                                  0.000000    0.000000   clock clk (rise edge)
                                  0.000000    0.000000   clock network delay (propagated)
                                  0.200000    0.200000   clock uncertainty
                                  0.000000    0.200000   clock reconvergence pessimism
                                 -0.020000    0.180000   output external delay
                                              0.180000   data required time
---------------------------------------------------------------------------------------------
                                              0.180000   data required time
                                             -0.902728   data arrival time
---------------------------------------------------------------------------------------------
                                              0.722728   slack (MET)


Startpoint: _2622_ (rising edge-triggered flip-flop clocked by clk)
Endpoint: a_out[0] (output port clocked by clk)
Path Group: clk
Path Type: min

Fanout         Cap        Slew       Delay        Time   Description
---------------------------------------------------------------------------------------------
                                  0.000000    0.000000   clock clk (rise edge)
                                  0.000000    0.000000   clock source latency
     1    0.029150    0.102106    0.070929    0.070929 ^ clk (in)
                                                         clk (net)
                      0.102141    0.000000    0.070929 ^ clkbuf_0_clk/A (sky130_fd_sc_hd__clkbuf_16)
    16    0.109385    0.096372    0.151639    0.222568 ^ clkbuf_0_clk/X (sky130_fd_sc_hd__clkbuf_16)
                                                         clknet_0_clk (net)
                      0.096426    0.001914    0.224482 ^ clkbuf_4_11_0_clk/A (sky130_fd_sc_hd__clkbuf_8)
     7    0.036364    0.057214    0.121001    0.345484 ^ clkbuf_4_11_0_clk/X (sky130_fd_sc_hd__clkbuf_8)
                                                         clknet_4_11_0_clk (net)
                      0.057273    0.001636    0.347120 ^ _2622_/CLK (sky130_fd_sc_hd__dfxtp_2)
     6    0.034613    0.064224    0.244377    0.591497 v _2622_/Q (sky130_fd_sc_hd__dfxtp_2)
                                                         net76 (net)
                      0.064395    0.002889    0.594386 v place288/A (sky130_fd_sc_hd__buf_1)
     8    0.037506    0.147797    0.170607    0.764993 v place288/X (sky130_fd_sc_hd__buf_1)
                                                         net288 (net)
                      0.147805    0.001160    0.766153 v output346/A (sky130_fd_sc_hd__buf_2)
     1    0.035401    0.065391    0.164433    0.930586 v output346/X (sky130_fd_sc_hd__buf_2)
                                                         net346 (net)
                      0.065401    0.000811    0.931397 v a_out[0] (out)
                                              0.931397   data arrival time

                                  0.000000    0.000000   clock clk (rise edge)
                                  0.000000    0.000000   clock network delay (propagated)
                                  0.200000    0.200000   clock uncertainty
                                  0.000000    0.200000   clock reconvergence pessimism
                                 -0.020000    0.180000   output external delay
                                              0.180000   data required time
---------------------------------------------------------------------------------------------
                                              0.180000   data required time
                                             -0.931397   data arrival time
---------------------------------------------------------------------------------------------
                                              0.751397   slack (MET)


Startpoint: _2703_ (rising edge-triggered flip-flop clocked by clk)
Endpoint: acc_out[15] (output port clocked by clk)
Path Group: clk
Path Type: min

Fanout         Cap        Slew       Delay        Time   Description
---------------------------------------------------------------------------------------------
                                  0.000000    0.000000   clock clk (rise edge)
                                  0.000000    0.000000   clock source latency
     1    0.029150    0.102106    0.070929    0.070929 ^ clk (in)
                                                         clk (net)
                      0.102141    0.000000    0.070929 ^ clkbuf_0_clk/A (sky130_fd_sc_hd__clkbuf_16)
    16    0.109385    0.096372    0.151639    0.222568 ^ clkbuf_0_clk/X (sky130_fd_sc_hd__clkbuf_16)
                                                         clknet_0_clk (net)
                      0.096789    0.005124    0.227692 ^ clkbuf_4_12_0_clk/A (sky130_fd_sc_hd__clkbuf_8)
     6    0.022809    0.041527    0.108954    0.336645 ^ clkbuf_4_12_0_clk/X (sky130_fd_sc_hd__clkbuf_8)
                                                         clknet_4_12_0_clk (net)
                      0.041530    0.000393    0.337038 ^ _2703_/CLK (sky130_fd_sc_hd__dfxtp_2)
     5    0.031683    0.059402    0.237106    0.574144 v _2703_/Q (sky130_fd_sc_hd__dfxtp_2)
                                                         r4_acc[15] (net)
                      0.059452    0.001577    0.575721 v place240/A (sky130_fd_sc_hd__buf_1)
     8    0.032064    0.127057    0.153468    0.729189 v place240/X (sky130_fd_sc_hd__buf_1)
                                                         net240 (net)
                      0.127061    0.000815    0.730004 v _2708_/A (sky130_fd_sc_hd__buf_2)
     1    0.002012    0.017083    0.107429    0.837433 v _2708_/X (sky130_fd_sc_hd__buf_2)
                                                         net368 (net)
                      0.017083    0.000040    0.837473 v output368/A (sky130_fd_sc_hd__buf_2)
     1    0.035071    0.063937    0.113318    0.950791 v output368/X (sky130_fd_sc_hd__buf_2)
                                                         acc_out[15] (net)
                      0.063944    0.000684    0.951475 v acc_out[15] (out)
                                              0.951475   data arrival time

                                  0.000000    0.000000   clock clk (rise edge)
                                  0.000000    0.000000   clock network delay (propagated)
                                  0.200000    0.200000   clock uncertainty
                                  0.000000    0.200000   clock reconvergence pessimism
                                 -0.020000    0.180000   output external delay
                                              0.180000   data required time
---------------------------------------------------------------------------------------------
                                              0.180000   data required time
                                             -0.951475   data arrival time
---------------------------------------------------------------------------------------------
                                              0.771475   slack (MET)


Startpoint: _2624_ (rising edge-triggered flip-flop clocked by clk)
Endpoint: a_out[2] (output port clocked by clk)
Path Group: clk
Path Type: min

Fanout         Cap        Slew       Delay        Time   Description
---------------------------------------------------------------------------------------------
                                  0.000000    0.000000   clock clk (rise edge)
                                  0.000000    0.000000   clock source latency
     1    0.029150    0.102106    0.070929    0.070929 ^ clk (in)
                                                         clk (net)
                      0.102141    0.000000    0.070929 ^ clkbuf_0_clk/A (sky130_fd_sc_hd__clkbuf_16)
    16    0.109385    0.096372    0.151639    0.222568 ^ clkbuf_0_clk/X (sky130_fd_sc_hd__clkbuf_16)
                                                         clknet_0_clk (net)
                      0.096435    0.002059    0.224626 ^ clkbuf_4_10_0_clk/A (sky130_fd_sc_hd__clkbuf_8)
     6    0.033160    0.053478    0.117822    0.342449 ^ clkbuf_4_10_0_clk/X (sky130_fd_sc_hd__clkbuf_8)
                                                         clknet_4_10_0_clk (net)
                      0.053657    0.002084    0.344533 ^ _2624_/CLK (sky130_fd_sc_hd__dfxtp_2)
     2    0.005006    0.020501    0.202570    0.547103 v _2624_/Q (sky130_fd_sc_hd__dfxtp_2)
                                                         net283 (net)
                      0.020501    0.000105    0.547208 v place285/A (sky130_fd_sc_hd__buf_1)
     8    0.049431    0.194474    0.185417    0.732626 v place285/X (sky130_fd_sc_hd__buf_1)
                                                         net285 (net)
                      0.194588    0.003987    0.736613 v place283/A (sky130_fd_sc_hd__buf_1)
     4    0.018345    0.077071    0.155436    0.892049 v place283/X (sky130_fd_sc_hd__buf_1)
                                                         net354 (net)
                      0.077075    0.000612    0.892661 v output354/A (sky130_fd_sc_hd__buf_2)
     1    0.034773    0.063675    0.136690    1.029352 v output354/X (sky130_fd_sc_hd__buf_2)
                                                         a_out[2] (net)
                      0.063688    0.000875    1.030226 v a_out[2] (out)
                                              1.030226   data arrival time

                                  0.000000    0.000000   clock clk (rise edge)
                                  0.000000    0.000000   clock network delay (propagated)
                                  0.200000    0.200000   clock uncertainty
                                  0.000000    0.200000   clock reconvergence pessimism
                                 -0.020000    0.180000   output external delay
                                              0.180000   data required time
---------------------------------------------------------------------------------------------
                                              0.180000   data required time
                                             -1.030226   data arrival time
---------------------------------------------------------------------------------------------
                                              0.850226   slack (MET)


Startpoint: _2632_ (rising edge-triggered flip-flop clocked by clk)
Endpoint: a_out[10] (output port clocked by clk)
Path Group: clk
Path Type: min

Fanout         Cap        Slew       Delay        Time   Description
---------------------------------------------------------------------------------------------
                                  0.000000    0.000000   clock clk (rise edge)
                                  0.000000    0.000000   clock source latency
     1    0.029150    0.102106    0.070929    0.070929 ^ clk (in)
                                                         clk (net)
                      0.102141    0.000000    0.070929 ^ clkbuf_0_clk/A (sky130_fd_sc_hd__clkbuf_16)
    16    0.109385    0.096372    0.151639    0.222568 ^ clkbuf_0_clk/X (sky130_fd_sc_hd__clkbuf_16)
                                                         clknet_0_clk (net)
                      0.097443    0.008100    0.230668 ^ clkbuf_4_5_0_clk/A (sky130_fd_sc_hd__clkbuf_8)
     6    0.022191    0.040826    0.108463    0.339131 ^ clkbuf_4_5_0_clk/X (sky130_fd_sc_hd__clkbuf_8)
                                                         clknet_4_5_0_clk (net)
                      0.040835    0.000608    0.339738 ^ _2632_/CLK (sky130_fd_sc_hd__dfxtp_2)
     5    0.031450    0.058916    0.236269    0.576008 v _2632_/Q (sky130_fd_sc_hd__dfxtp_2)
                                                         net267 (net)
                      0.058940    0.001123    0.577130 v place268/A (sky130_fd_sc_hd__buf_1)
     8    0.035246    0.139255    0.161876    0.739006 v place268/X (sky130_fd_sc_hd__buf_1)
                                                         net268 (net)
                      0.139272    0.001522    0.740528 v place267/A (sky130_fd_sc_hd__buf_1)
     7    0.035378    0.140211    0.188705    0.929233 v place267/X (sky130_fd_sc_hd__buf_1)
                                                         net347 (net)
                      0.140297    0.003152    0.932385 v output347/A (sky130_fd_sc_hd__buf_2)
     1    0.036740    0.067290    0.163353    1.095738 v output347/X (sky130_fd_sc_hd__buf_2)
                                                         a_out[10] (net)
                      0.067315    0.001208    1.096945 v a_out[10] (out)
                                              1.096945   data arrival time

                                  0.000000    0.000000   clock clk (rise edge)
                                  0.000000    0.000000   clock network delay (propagated)
                                  0.200000    0.200000   clock uncertainty
                                  0.000000    0.200000   clock reconvergence pessimism
                                 -0.020000    0.180000   output external delay
                                              0.180000   data required time
---------------------------------------------------------------------------------------------
                                              0.180000   data required time
                                             -1.096945   data arrival time
---------------------------------------------------------------------------------------------
                                              0.916945   slack (MET)



