Reading timing models for corner max_ss_100C_1v60…
Reading timing library for the 'max_ss_100C_1v60' corner at '/Users/aoxo/.ciel/ciel/sky130/versions/74c0e6b118a67d94c24172143d3bd597473fa63d/sky130A/libs.ref/sky130_fd_sc_hd/lib/sky130_fd_sc_hd__ss_100C_1v60.lib'…
Reading timing library for the 'max_ss_100C_1v60' corner at '/Users/aoxo/.ciel/ciel/sky130/versions/74c0e6b118a67d94c24172143d3bd597473fa63d/sky130A/libs.ref/sky130_fd_io/lib/sky130_ef_io__vccd_lvc_clamped_pad_ss_100C_1v60_3v00_3v00.lib'…
[WARNING STA-1173] /Users/aoxo/.ciel/ciel/sky130/versions/74c0e6b118a67d94c24172143d3bd597473fa63d/sky130A/libs.ref/sky130_fd_io/lib/sky130_ef_io__vccd_lvc_clamped_pad_ss_100C_1v60_3v00_3v00.lib line 42, default_fanout_load is 0.0.
Reading timing library for the 'max_ss_100C_1v60' corner at '/Users/aoxo/.ciel/ciel/sky130/versions/74c0e6b118a67d94c24172143d3bd597473fa63d/sky130A/libs.ref/sky130_fd_io/lib/sky130_ef_io__vssd_lvc_clamped_pad_ss_100C_1v60_3v00.lib'…
[WARNING STA-1173] /Users/aoxo/.ciel/ciel/sky130/versions/74c0e6b118a67d94c24172143d3bd597473fa63d/sky130A/libs.ref/sky130_fd_io/lib/sky130_ef_io__vssd_lvc_clamped_pad_ss_100C_1v60_3v00.lib line 43, default_fanout_load is 0.0.
Reading timing library for the 'max_ss_100C_1v60' corner at '/Users/aoxo/.ciel/ciel/sky130/versions/74c0e6b118a67d94c24172143d3bd597473fa63d/sky130A/libs.ref/sky130_fd_io/lib/sky130_ef_io__vddio_hvc_clamped_pad_ss_100C_1v60_3v00_3v00.lib'…
[WARNING STA-1173] /Users/aoxo/.ciel/ciel/sky130/versions/74c0e6b118a67d94c24172143d3bd597473fa63d/sky130A/libs.ref/sky130_fd_io/lib/sky130_ef_io__vddio_hvc_clamped_pad_ss_100C_1v60_3v00_3v00.lib line 42, default_fanout_load is 0.0.
Reading timing library for the 'max_ss_100C_1v60' corner at '/Users/aoxo/.ciel/ciel/sky130/versions/74c0e6b118a67d94c24172143d3bd597473fa63d/sky130A/libs.ref/sky130_fd_io/lib/sky130_ef_io__vssio_hvc_clamped_pad_ss_100C_1v60_3v00_3v00.lib'…
[WARNING STA-1173] /Users/aoxo/.ciel/ciel/sky130/versions/74c0e6b118a67d94c24172143d3bd597473fa63d/sky130A/libs.ref/sky130_fd_io/lib/sky130_ef_io__vssio_hvc_clamped_pad_ss_100C_1v60_3v00_3v00.lib line 42, default_fanout_load is 0.0.
Reading timing library for the 'max_ss_100C_1v60' corner at '/Users/aoxo/.ciel/ciel/sky130/versions/74c0e6b118a67d94c24172143d3bd597473fa63d/sky130A/libs.ref/sky130_fd_io/lib/sky130_ef_io__gpiov2_pad_ss_ss_100C_1v60_3v00.lib'…
[WARNING STA-1173] /Users/aoxo/.ciel/ciel/sky130/versions/74c0e6b118a67d94c24172143d3bd597473fa63d/sky130A/libs.ref/sky130_fd_io/lib/sky130_ef_io__gpiov2_pad_ss_ss_100C_1v60_3v00.lib line 33, default_fanout_load is 0.0.
Reading timing library for the 'max_ss_100C_1v60' corner at '/Users/aoxo/.ciel/ciel/sky130/versions/74c0e6b118a67d94c24172143d3bd597473fa63d/sky130A/libs.ref/sky130_fd_io/lib/slices_stubs.lib'…
[WARNING STA-1173] /Users/aoxo/.ciel/ciel/sky130/versions/74c0e6b118a67d94c24172143d3bd597473fa63d/sky130A/libs.ref/sky130_fd_io/lib/slices_stubs.lib line 33, default_fanout_load is 0.0.
Reading timing library for the 'max_ss_100C_1v60' corner at '/Users/aoxo/.ciel/ciel/sky130/versions/74c0e6b118a67d94c24172143d3bd597473fa63d/sky130A/libs.ref/sky130_fd_io/lib/sky130_ef_io__analog_stubs.lib'…
[WARNING STA-1173] /Users/aoxo/.ciel/ciel/sky130/versions/74c0e6b118a67d94c24172143d3bd597473fa63d/sky130A/libs.ref/sky130_fd_io/lib/sky130_ef_io__analog_stubs.lib line 43, default_fanout_load is 0.0.
Reading OpenROAD database at '/Users/aoxo/vscode/superfloat.gpu/librelane/systolic_array/runs/RUN_2026-06-24_19-18-33/39-openroad-globalrouting/systolic_array.odb'…
[WARNING ORD-2056] The following 2 liberty cell(s) do not have LEF masters and will be marked as dont-use:
  sky130_ef_io__analog_minesd_pad
  sky130_ef_io__analog_minesd_pad_short
Reading design constraints file at '/nix/store/38q40jfdrbmaz6c7rq2km1bipdi0873m-python3-3.13.9-env/lib/python3.13/site-packages/librelane/scripts/base.sdc'…
[INFO] Using clock clk…
[INFO] Setting output delay to: 0.04
[INFO] Setting input delay to: 0.04
[INFO] Setting load to: 0.033442
[INFO] Setting clock uncertainty to: 0.20
[INFO] Setting clock transition to: 0.30
[INFO] Setting timing derate to: 5%
%OL_CREATE_REPORT /Users/aoxo/vscode/superfloat.gpu/librelane/systolic_array/runs/RUN_2026-06-24_19-18-33/40-openroad-checkantennas/reports/antenna.rpt
Net: a_inputs_flat[13]
  Pin:   hold3559/A (sky130_fd_sc_hd__clkbuf_2)
    Layer: mcon
      Partial area ratio:    0.14
      Required ratio:    3.00 (Gate area) 
      Cumulative area ratio:    0.14
      Required ratio:    0.00 (Cumulative area) 

    Layer: met1
      Partial area ratio:    3.17
      Required ratio:    0.00 (Gate area) 
      Cumulative area ratio:    3.17
      Required ratio:    0.00 (Cumulative area) 
      Partial area ratio:   14.97
      Required ratio:  400.00 (Side area) 
      Cumulative area ratio:   14.97
      Required ratio:    0.00 (Cumulative side area) 

    Layer: via
      Partial area ratio:    0.21
      Required ratio:    6.00 (Gate area) 
      Cumulative area ratio:    0.35
      Required ratio:    0.00 (Cumulative area) 

    Layer: met2
      Partial area ratio:   14.65
      Required ratio:    0.00 (Gate area) 
      Cumulative area ratio:   17.81
      Required ratio:    0.00 (Cumulative area) 
      Partial area ratio:   72.38
      Required ratio:  400.00 (Side area) 
      Cumulative area ratio:   87.35
      Required ratio:    0.00 (Cumulative side area) 

    Layer: via2
      Partial area ratio:    0.19
      Required ratio:    6.00 (Gate area) 
      Cumulative area ratio:    0.53
      Required ratio:    0.00 (Cumulative area) 

    Layer: met3
      Partial area ratio:  104.54
      Required ratio:    0.00 (Gate area) 
      Cumulative area ratio:  122.35
      Required ratio:    0.00 (Cumulative area) 
      Partial area ratio:  564.17
      Required ratio:  400.00 (Side area) (VIOLATED)
      Cumulative area ratio:  651.52
      Required ratio:    0.00 (Cumulative side area) 



Net: a_inputs_flat[12]
  Pin:   hold3333/A (sky130_fd_sc_hd__clkbuf_2)
    Layer: mcon
      Partial area ratio:    0.14
      Required ratio:    3.00 (Gate area) 
      Cumulative area ratio:    0.14
      Required ratio:    0.00 (Cumulative area) 

    Layer: met1
      Partial area ratio:    2.68
      Required ratio:    0.00 (Gate area) 
      Cumulative area ratio:    2.68
      Required ratio:    0.00 (Cumulative area) 
      Partial area ratio:   12.80
      Required ratio:  400.00 (Side area) 
      Cumulative area ratio:   12.80
      Required ratio:    0.00 (Cumulative side area) 

    Layer: via
      Partial area ratio:    0.17
      Required ratio:    6.00 (Gate area) 
      Cumulative area ratio:    0.30
      Required ratio:    0.00 (Cumulative area) 

    Layer: met2
      Partial area ratio:    0.60
      Required ratio:    0.00 (Gate area) 
      Cumulative area ratio:    3.28
      Required ratio:    0.00 (Cumulative area) 
      Partial area ratio:    2.38
      Required ratio:  400.00 (Side area) 
      Cumulative area ratio:   15.18
      Required ratio:    0.00 (Cumulative side area) 

    Layer: via2
      Partial area ratio:    0.19
      Required ratio:    6.00 (Gate area) 
      Cumulative area ratio:    0.49
      Required ratio:    0.00 (Cumulative area) 

    Layer: met3
      Partial area ratio:    0.59
      Required ratio:    0.00 (Gate area) 
      Cumulative area ratio:    3.87
      Required ratio:    0.00 (Cumulative area) 
      Partial area ratio:    5.33
      Required ratio:  400.00 (Side area) 
      Cumulative area ratio:   20.52
      Required ratio:    0.00 (Cumulative side area) 

    Layer: via3
      Partial area ratio:    0.19
      Required ratio:    6.00 (Gate area) 
      Cumulative area ratio:    0.68
      Required ratio:    0.00 (Cumulative area) 

    Layer: met4
      Partial area ratio:  117.74
      Required ratio:    0.00 (Gate area) 
      Cumulative area ratio:  121.60
      Required ratio:    0.00 (Cumulative area) 
      Partial area ratio:  632.34
      Required ratio:  400.00 (Side area) (VIOLATED)
      Cumulative area ratio:  652.85
      Required ratio:    0.00 (Cumulative side area) 



Net: a_inputs_flat[10]
  Pin:   hold3305/A (sky130_fd_sc_hd__clkbuf_2)
    Layer: mcon
      Partial area ratio:    0.14
      Required ratio:    3.00 (Gate area) 
      Cumulative area ratio:    0.14
      Required ratio:    0.00 (Cumulative area) 

    Layer: met1
      Partial area ratio:    3.37
      Required ratio:    0.00 (Gate area) 
      Cumulative area ratio:    3.37
      Required ratio:    0.00 (Cumulative area) 
      Partial area ratio:   15.99
      Required ratio:  400.00 (Side area) 
      Cumulative area ratio:   15.99
      Required ratio:    0.00 (Cumulative side area) 

    Layer: via
      Partial area ratio:    0.21
      Required ratio:    6.00 (Gate area) 
      Cumulative area ratio:    0.35
      Required ratio:    0.00 (Cumulative area) 

    Layer: met2
      Partial area ratio:    0.88
      Required ratio:    0.00 (Gate area) 
      Cumulative area ratio:    4.25
      Required ratio:    0.00 (Cumulative area) 
      Partial area ratio:    4.04
      Required ratio:  400.00 (Side area) 
      Cumulative area ratio:   20.03
      Required ratio:    0.00 (Cumulative side area) 

    Layer: via2
      Partial area ratio:    0.19
      Required ratio:    6.00 (Gate area) 
      Cumulative area ratio:    0.53
      Required ratio:    0.00 (Cumulative area) 

    Layer: met3
      Partial area ratio:   10.30
      Required ratio:    0.00 (Gate area) 
      Cumulative area ratio:   14.55
      Required ratio:    0.00 (Cumulative area) 
      Partial area ratio:   57.13
      Required ratio:  400.00 (Side area) 
      Cumulative area ratio:   77.16
      Required ratio:    0.00 (Cumulative side area) 

    Layer: via3
      Partial area ratio:    0.19
      Required ratio:    6.00 (Gate area) 
      Cumulative area ratio:    0.72
      Required ratio:    0.00 (Cumulative area) 

    Layer: met4
      Partial area ratio:  126.90
      Required ratio:    0.00 (Gate area) 
      Cumulative area ratio:  141.45
      Required ratio:    0.00 (Cumulative area) 
      Partial area ratio:  678.99
      Required ratio:  400.00 (Side area) (VIOLATED)
      Cumulative area ratio:  756.14
      Required ratio:    0.00 (Cumulative side area) 



Net: a_inputs_flat[14]
  Pin:   hold3144/A (sky130_fd_sc_hd__clkbuf_2)
    Layer: mcon
      Partial area ratio:    0.14
      Required ratio:    3.00 (Gate area) 
      Cumulative area ratio:    0.14
      Required ratio:    0.00 (Cumulative area) 

    Layer: met1
      Partial area ratio:    1.06
      Required ratio:    0.00 (Gate area) 
      Cumulative area ratio:    1.06
      Required ratio:    0.00 (Cumulative area) 
      Partial area ratio:    4.68
      Required ratio:  400.00 (Side area) 
      Cumulative area ratio:    4.68
      Required ratio:    0.00 (Cumulative side area) 

    Layer: via
      Partial area ratio:    0.17
      Required ratio:    6.00 (Gate area) 
      Cumulative area ratio:    0.30
      Required ratio:    0.00 (Cumulative area) 

    Layer: met2
      Partial area ratio:    5.31
      Required ratio:    0.00 (Gate area) 
      Cumulative area ratio:    6.37
      Required ratio:    0.00 (Cumulative area) 
      Partial area ratio:   25.40
      Required ratio:  400.00 (Side area) 
      Cumulative area ratio:   30.09
      Required ratio:    0.00 (Cumulative side area) 

    Layer: via2
      Partial area ratio:    0.19
      Required ratio:    6.00 (Gate area) 
      Cumulative area ratio:    0.49
      Required ratio:    0.00 (Cumulative area) 

    Layer: met3
      Partial area ratio:  107.97
      Required ratio:    0.00 (Gate area) 
      Cumulative area ratio:  114.34
      Required ratio:    0.00 (Cumulative area) 
      Partial area ratio:  580.28
      Required ratio:  400.00 (Side area) (VIOLATED)
      Cumulative area ratio:  610.37
      Required ratio:    0.00 (Cumulative side area) 



Net: a_inputs_flat[28]
  Pin:   hold3577/A (sky130_fd_sc_hd__clkbuf_2)
    Layer: mcon
      Partial area ratio:    0.14
      Required ratio:    3.00 (Gate area) 
      Cumulative area ratio:    0.14
      Required ratio:    0.00 (Cumulative area) 

    Layer: met1
      Partial area ratio:    4.23
      Required ratio:    0.00 (Gate area) 
      Cumulative area ratio:    4.23
      Required ratio:    0.00 (Cumulative area) 
      Partial area ratio:   20.29
      Required ratio:  400.00 (Side area) 
      Cumulative area ratio:   20.29
      Required ratio:    0.00 (Cumulative side area) 

    Layer: via
      Partial area ratio:    0.21
      Required ratio:    6.00 (Gate area) 
      Cumulative area ratio:    0.35
      Required ratio:    0.00 (Cumulative area) 

    Layer: met2
      Partial area ratio:   14.65
      Required ratio:    0.00 (Gate area) 
      Cumulative area ratio:   18.88
      Required ratio:    0.00 (Cumulative area) 
      Partial area ratio:   72.38
      Required ratio:  400.00 (Side area) 
      Cumulative area ratio:   92.68
      Required ratio:    0.00 (Cumulative side area) 

    Layer: via2
      Partial area ratio:    0.19
      Required ratio:    6.00 (Gate area) 
      Cumulative area ratio:    0.53
      Required ratio:    0.00 (Cumulative area) 

    Layer: met3
      Partial area ratio:   95.19
      Required ratio:    0.00 (Gate area) 
      Cumulative area ratio:  114.07
      Required ratio:    0.00 (Cumulative area) 
      Partial area ratio:  512.11
      Required ratio:  400.00 (Side area) (VIOLATED)
      Cumulative area ratio:  604.79
      Required ratio:    0.00 (Cumulative side area) 



Net: a_inputs_flat[17]
  Pin:   hold3473/A (sky130_fd_sc_hd__clkbuf_2)
    Layer: mcon
      Partial area ratio:    0.14
      Required ratio:    3.00 (Gate area) 
      Cumulative area ratio:    0.14
      Required ratio:    0.00 (Cumulative area) 

    Layer: met1
      Partial area ratio:    6.26
      Required ratio:    0.00 (Gate area) 
      Cumulative area ratio:    6.26
      Required ratio:    0.00 (Cumulative area) 
      Partial area ratio:   30.45
      Required ratio:  400.00 (Side area) 
      Cumulative area ratio:   30.45
      Required ratio:    0.00 (Cumulative side area) 

    Layer: via
      Partial area ratio:    0.21
      Required ratio:    6.00 (Gate area) 
      Cumulative area ratio:    0.35
      Required ratio:    0.00 (Cumulative area) 

    Layer: met2
      Partial area ratio:   10.11
      Required ratio:    0.00 (Gate area) 
      Cumulative area ratio:   16.38
      Required ratio:    0.00 (Cumulative area) 
      Partial area ratio:   49.71
      Required ratio:  400.00 (Side area) 
      Cumulative area ratio:   80.15
      Required ratio:    0.00 (Cumulative side area) 

    Layer: via2
      Partial area ratio:    0.19
      Required ratio:    6.00 (Gate area) 
      Cumulative area ratio:    0.53
      Required ratio:    0.00 (Cumulative area) 

    Layer: met3
      Partial area ratio:   92.29
      Required ratio:    0.00 (Gate area) 
      Cumulative area ratio:  108.67
      Required ratio:    0.00 (Cumulative area) 
      Partial area ratio:  494.46
      Required ratio:  400.00 (Side area) (VIOLATED)
      Cumulative area ratio:  574.62
      Required ratio:    0.00 (Cumulative side area) 



Net: a_inputs_flat[18]
  Pin:   hold3438/A (sky130_fd_sc_hd__clkbuf_2)
    Layer: mcon
      Partial area ratio:    0.14
      Required ratio:    3.00 (Gate area) 
      Cumulative area ratio:    0.14
      Required ratio:    0.00 (Cumulative area) 

    Layer: met1
      Partial area ratio:    2.16
      Required ratio:    0.00 (Gate area) 
      Cumulative area ratio:    2.16
      Required ratio:    0.00 (Cumulative area) 
      Partial area ratio:    9.91
      Required ratio:  400.00 (Side area) 
      Cumulative area ratio:    9.91
      Required ratio:    0.00 (Cumulative side area) 

    Layer: via
      Partial area ratio:    0.21
      Required ratio:    6.00 (Gate area) 
      Cumulative area ratio:    0.35
      Required ratio:    0.00 (Cumulative area) 

    Layer: met2
      Partial area ratio:    0.88
      Required ratio:    0.00 (Gate area) 
      Cumulative area ratio:    3.03
      Required ratio:    0.00 (Cumulative area) 
      Partial area ratio:    4.04
      Required ratio:  400.00 (Side area) 
      Cumulative area ratio:   13.95
      Required ratio:    0.00 (Cumulative side area) 

    Layer: via2
      Partial area ratio:    0.19
      Required ratio:    6.00 (Gate area) 
      Cumulative area ratio:    0.53
      Required ratio:    0.00 (Cumulative area) 

    Layer: met3
      Partial area ratio:   29.74
      Required ratio:    0.00 (Gate area) 
      Cumulative area ratio:   32.77
      Required ratio:    0.00 (Cumulative area) 
      Partial area ratio:  160.79
      Required ratio:  400.00 (Side area) 
      Cumulative area ratio:  174.74
      Required ratio:    0.00 (Cumulative side area) 

    Layer: via3
      Partial area ratio:    0.19
      Required ratio:    6.00 (Gate area) 
      Cumulative area ratio:    0.72
      Required ratio:    0.00 (Cumulative area) 

    Layer: met4
      Partial area ratio:  107.46
      Required ratio:    0.00 (Gate area) 
      Cumulative area ratio:  140.23
      Required ratio:    0.00 (Cumulative area) 
      Partial area ratio:  575.32
      Required ratio:  400.00 (Side area) (VIOLATED)
      Cumulative area ratio:  750.06
      Required ratio:    0.00 (Cumulative side area) 



Net: a_inputs_flat[19]
  Pin:   hold3431/A (sky130_fd_sc_hd__clkbuf_2)
    Layer: mcon
      Partial area ratio:    0.14
      Required ratio:    3.00 (Gate area) 
      Cumulative area ratio:    0.14
      Required ratio:    0.00 (Cumulative area) 

    Layer: met1
      Partial area ratio:    2.93
      Required ratio:    0.00 (Gate area) 
      Cumulative area ratio:    2.93
      Required ratio:    0.00 (Cumulative area) 
      Partial area ratio:   13.79
      Required ratio:  400.00 (Side area) 
      Cumulative area ratio:   13.79
      Required ratio:    0.00 (Cumulative side area) 

    Layer: via
      Partial area ratio:    0.21
      Required ratio:    6.00 (Gate area) 
      Cumulative area ratio:    0.35
      Required ratio:    0.00 (Cumulative area) 

    Layer: met2
      Partial area ratio:    0.88
      Required ratio:    0.00 (Gate area) 
      Cumulative area ratio:    3.81
      Required ratio:    0.00 (Cumulative area) 
      Partial area ratio:    4.04
      Required ratio:  400.00 (Side area) 
      Cumulative area ratio:   17.83
      Required ratio:    0.00 (Cumulative side area) 

    Layer: via2
      Partial area ratio:    0.19
      Required ratio:    6.00 (Gate area) 
      Cumulative area ratio:    0.53
      Required ratio:    0.00 (Cumulative area) 

    Layer: met3
      Partial area ratio:  106.54
      Required ratio:    0.00 (Gate area) 
      Cumulative area ratio:  110.35
      Required ratio:    0.00 (Cumulative area) 
      Partial area ratio:  572.66
      Required ratio:  400.00 (Side area) (VIOLATED)
      Cumulative area ratio:  590.49
      Required ratio:    0.00 (Cumulative side area) 



Net: a_inputs_flat[25]
  Pin:   hold3529/A (sky130_fd_sc_hd__clkbuf_2)
    Layer: mcon
      Partial area ratio:    0.14
      Required ratio:    3.00 (Gate area) 
      Cumulative area ratio:    0.14
      Required ratio:    0.00 (Cumulative area) 

    Layer: met1
      Partial area ratio:   13.27
      Required ratio:    0.00 (Gate area) 
      Cumulative area ratio:   13.27
      Required ratio:    0.00 (Cumulative area) 
      Partial area ratio:   65.48
      Required ratio:  400.00 (Side area) 
      Cumulative area ratio:   65.48
      Required ratio:    0.00 (Cumulative side area) 

    Layer: via
      Partial area ratio:    0.21
      Required ratio:    6.00 (Gate area) 
      Cumulative area ratio:    0.35
      Required ratio:    0.00 (Cumulative area) 

    Layer: met2
      Partial area ratio:   32.79
      Required ratio:    0.00 (Gate area) 
      Cumulative area ratio:   46.06
      Required ratio:    0.00 (Cumulative area) 
      Partial area ratio:  163.09
      Required ratio:  400.00 (Side area) 
      Cumulative area ratio:  228.57
      Required ratio:    0.00 (Cumulative side area) 

    Layer: via2
      Partial area ratio:    0.19
      Required ratio:    6.00 (Gate area) 
      Cumulative area ratio:    0.53
      Required ratio:    0.00 (Cumulative area) 

    Layer: met3
      Partial area ratio:   77.25
      Required ratio:    0.00 (Gate area) 
      Cumulative area ratio:  123.31
      Required ratio:    0.00 (Cumulative area) 
      Partial area ratio:  414.23
      Required ratio:  400.00 (Side area) (VIOLATED)
      Cumulative area ratio:  642.80
      Required ratio:    0.00 (Cumulative side area) 



Net: a_inputs_flat[1]
  Pin:   hold3508/A (sky130_fd_sc_hd__clkbuf_2)
    Layer: mcon
      Partial area ratio:    0.14
      Required ratio:    3.00 (Gate area) 
      Cumulative area ratio:    0.14
      Required ratio:    0.00 (Cumulative area) 

    Layer: met1
      Partial area ratio:    3.29
      Required ratio:    0.00 (Gate area) 
      Cumulative area ratio:    3.29
      Required ratio:    0.00 (Cumulative area) 
      Partial area ratio:   15.59
      Required ratio:  400.00 (Side area) 
      Cumulative area ratio:   15.59
      Required ratio:    0.00 (Cumulative side area) 

    Layer: via
      Partial area ratio:    0.21
      Required ratio:    6.00 (Gate area) 
      Cumulative area ratio:    0.35
      Required ratio:    0.00 (Cumulative area) 

    Layer: met2
      Partial area ratio:    0.88
      Required ratio:    0.00 (Gate area) 
      Cumulative area ratio:    4.17
      Required ratio:    0.00 (Cumulative area) 
      Partial area ratio:    4.04
      Required ratio:  400.00 (Side area) 
      Cumulative area ratio:   19.64
      Required ratio:    0.00 (Cumulative side area) 

    Layer: via2
      Partial area ratio:    0.19
      Required ratio:    6.00 (Gate area) 
      Cumulative area ratio:    0.53
      Required ratio:    0.00 (Cumulative area) 

    Layer: met3
      Partial area ratio:    0.59
      Required ratio:    0.00 (Gate area) 
      Cumulative area ratio:    4.76
      Required ratio:    0.00 (Cumulative area) 
      Partial area ratio:    5.33
      Required ratio:  400.00 (Side area) 
      Cumulative area ratio:   24.97
      Required ratio:    0.00 (Cumulative side area) 

    Layer: via3
      Partial area ratio:    0.19
      Required ratio:    6.00 (Gate area) 
      Cumulative area ratio:    0.72
      Required ratio:    0.00 (Cumulative area) 

    Layer: met4
      Partial area ratio:   88.02
      Required ratio:    0.00 (Gate area) 
      Cumulative area ratio:   92.78
      Required ratio:    0.00 (Cumulative area) 
      Partial area ratio:  471.66
      Required ratio:  400.00 (Side area) (VIOLATED)
      Cumulative area ratio:  496.63
      Required ratio:    0.00 (Cumulative side area) 



Net: a_inputs_flat[20]
  Pin:   hold3515/A (sky130_fd_sc_hd__clkbuf_2)
    Layer: mcon
      Partial area ratio:    0.14
      Required ratio:    3.00 (Gate area) 
      Cumulative area ratio:    0.14
      Required ratio:    0.00 (Cumulative area) 

    Layer: met1
      Partial area ratio:    2.83
      Required ratio:    0.00 (Gate area) 
      Cumulative area ratio:    2.83
      Required ratio:    0.00 (Cumulative area) 
      Partial area ratio:   13.26
      Required ratio:  400.00 (Side area) 
      Cumulative area ratio:   13.26
      Required ratio:    0.00 (Cumulative side area) 

    Layer: via
      Partial area ratio:    0.21
      Required ratio:    6.00 (Gate area) 
      Cumulative area ratio:    0.35
      Required ratio:    0.00 (Cumulative area) 

    Layer: met2
      Partial area ratio:    0.88
      Required ratio:    0.00 (Gate area) 
      Cumulative area ratio:    3.70
      Required ratio:    0.00 (Cumulative area) 
      Partial area ratio:    4.04
      Required ratio:  400.00 (Side area) 
      Cumulative area ratio:   17.30
      Required ratio:    0.00 (Cumulative side area) 

    Layer: via2
      Partial area ratio:    0.19
      Required ratio:    6.00 (Gate area) 
      Cumulative area ratio:    0.53
      Required ratio:    0.00 (Cumulative area) 

    Layer: met3
      Partial area ratio:   39.46
      Required ratio:    0.00 (Gate area) 
      Cumulative area ratio:   43.16
      Required ratio:    0.00 (Cumulative area) 
      Partial area ratio:  212.62
      Required ratio:  400.00 (Side area) 
      Cumulative area ratio:  229.92
      Required ratio:    0.00 (Cumulative side area) 

    Layer: via3
      Partial area ratio:    0.19
      Required ratio:    6.00 (Gate area) 
      Cumulative area ratio:    0.72
      Required ratio:    0.00 (Cumulative area) 

    Layer: met4
      Partial area ratio:  107.46
      Required ratio:    0.00 (Gate area) 
      Cumulative area ratio:  150.62
      Required ratio:    0.00 (Cumulative area) 
      Partial area ratio:  575.32
      Required ratio:  400.00 (Side area) (VIOLATED)
      Cumulative area ratio:  805.25
      Required ratio:    0.00 (Cumulative side area) 



Net: a_inputs_flat[24]
  Pin:   hold3541/A (sky130_fd_sc_hd__clkbuf_2)
    Layer: mcon
      Partial area ratio:    0.14
      Required ratio:    3.00 (Gate area) 
      Cumulative area ratio:    0.14
      Required ratio:    0.00 (Cumulative area) 

    Layer: met1
      Partial area ratio:    2.85
      Required ratio:    0.00 (Gate area) 
      Cumulative area ratio:    2.85
      Required ratio:    0.00 (Cumulative area) 
      Partial area ratio:   13.39
      Required ratio:  400.00 (Side area) 
      Cumulative area ratio:   13.39
      Required ratio:    0.00 (Cumulative side area) 

    Layer: via
      Partial area ratio:    0.21
      Required ratio:    6.00 (Gate area) 
      Cumulative area ratio:    0.35
      Required ratio:    0.00 (Cumulative area) 

    Layer: met2
      Partial area ratio:    0.88
      Required ratio:    0.00 (Gate area) 
      Cumulative area ratio:    3.73
      Required ratio:    0.00 (Cumulative area) 
      Partial area ratio:    4.04
      Required ratio:  400.00 (Side area) 
      Cumulative area ratio:   17.43
      Required ratio:    0.00 (Cumulative side area) 

    Layer: via2
      Partial area ratio:    0.19
      Required ratio:    6.00 (Gate area) 
      Cumulative area ratio:    0.53
      Required ratio:    0.00 (Cumulative area) 

    Layer: met3
      Partial area ratio:  123.13
      Required ratio:    0.00 (Gate area) 
      Cumulative area ratio:  126.86
      Required ratio:    0.00 (Cumulative area) 
      Partial area ratio:  661.15
      Required ratio:  400.00 (Side area) (VIOLATED)
      Cumulative area ratio:  678.58
      Required ratio:    0.00 (Cumulative side area) 



Net: a_inputs_flat[22]
  Pin:   hold3452/A (sky130_fd_sc_hd__clkbuf_2)
    Layer: mcon
      Partial area ratio:    0.14
      Required ratio:    3.00 (Gate area) 
      Cumulative area ratio:    0.14
      Required ratio:    0.00 (Cumulative area) 

    Layer: met1
      Partial area ratio:    3.03
      Required ratio:    0.00 (Gate area) 
      Cumulative area ratio:    3.03
      Required ratio:    0.00 (Cumulative area) 
      Partial area ratio:   14.28
      Required ratio:  400.00 (Side area) 
      Cumulative area ratio:   14.28
      Required ratio:    0.00 (Cumulative side area) 

    Layer: via
      Partial area ratio:    0.21
      Required ratio:    6.00 (Gate area) 
      Cumulative area ratio:    0.35
      Required ratio:    0.00 (Cumulative area) 

    Layer: met2
      Partial area ratio:   10.11
      Required ratio:    0.00 (Gate area) 
      Cumulative area ratio:   13.14
      Required ratio:    0.00 (Cumulative area) 
      Partial area ratio:   49.71
      Required ratio:  400.00 (Side area) 
      Cumulative area ratio:   63.99
      Required ratio:    0.00 (Cumulative side area) 

    Layer: via2
      Partial area ratio:    0.19
      Required ratio:    6.00 (Gate area) 
      Cumulative area ratio:    0.53
      Required ratio:    0.00 (Cumulative area) 

    Layer: met3
      Partial area ratio:   10.30
      Required ratio:    0.00 (Gate area) 
      Cumulative area ratio:   23.44
      Required ratio:    0.00 (Cumulative area) 
      Partial area ratio:   57.13
      Required ratio:  400.00 (Side area) 
      Cumulative area ratio:  121.11
      Required ratio:    0.00 (Cumulative side area) 

    Layer: via3
      Partial area ratio:    0.19
      Required ratio:    6.00 (Gate area) 
      Cumulative area ratio:    0.72
      Required ratio:    0.00 (Cumulative area) 

    Layer: met4
      Partial area ratio:   78.30
      Required ratio:    0.00 (Gate area) 
      Cumulative area ratio:  101.75
      Required ratio:    0.00 (Cumulative area) 
      Partial area ratio:  419.83
      Required ratio:  400.00 (Side area) (VIOLATED)
      Cumulative area ratio:  540.94
      Required ratio:    0.00 (Cumulative side area) 



Net: b_inputs_flat[10]
  Pin:   hold3403/A (sky130_fd_sc_hd__clkbuf_2)
    Layer: mcon
      Partial area ratio:    0.14
      Required ratio:    3.00 (Gate area) 
      Cumulative area ratio:    0.14
      Required ratio:    0.00 (Cumulative area) 

    Layer: met1
      Partial area ratio:    1.98
      Required ratio:    0.00 (Gate area) 
      Cumulative area ratio:    1.98
      Required ratio:    0.00 (Cumulative area) 
      Partial area ratio:    9.05
      Required ratio:  400.00 (Side area) 
      Cumulative area ratio:    9.05
      Required ratio:    0.00 (Cumulative side area) 

    Layer: via
      Partial area ratio:    0.21
      Required ratio:    6.00 (Gate area) 
      Cumulative area ratio:    0.35
      Required ratio:    0.00 (Cumulative area) 

    Layer: met2
      Partial area ratio:    0.88
      Required ratio:    0.00 (Gate area) 
      Cumulative area ratio:    2.86
      Required ratio:    0.00 (Cumulative area) 
      Partial area ratio:    4.04
      Required ratio:  400.00 (Side area) 
      Cumulative area ratio:   13.10
      Required ratio:    0.00 (Cumulative side area) 

    Layer: via2
      Partial area ratio:    0.19
      Required ratio:    6.00 (Gate area) 
      Cumulative area ratio:    0.53
      Required ratio:    0.00 (Cumulative area) 

    Layer: met3
      Partial area ratio:   29.74
      Required ratio:    0.00 (Gate area) 
      Cumulative area ratio:   32.60
      Required ratio:    0.00 (Cumulative area) 
      Partial area ratio:  160.79
      Required ratio:  400.00 (Side area) 
      Cumulative area ratio:  173.88
      Required ratio:    0.00 (Cumulative side area) 

    Layer: via3
      Partial area ratio:    0.19
      Required ratio:    6.00 (Gate area) 
      Cumulative area ratio:    0.72
      Required ratio:    0.00 (Cumulative area) 

    Layer: met4
      Partial area ratio:  146.33
      Required ratio:    0.00 (Gate area) 
      Cumulative area ratio:  178.93
      Required ratio:    0.00 (Cumulative area) 
      Partial area ratio:  782.65
      Required ratio:  400.00 (Side area) (VIOLATED)
      Cumulative area ratio:  956.53
      Required ratio:    0.00 (Cumulative side area) 



Net: b_inputs_flat[15]
  Pin:   hold3284/A (sky130_fd_sc_hd__clkbuf_2)
    Layer: mcon
      Partial area ratio:    0.14
      Required ratio:    3.00 (Gate area) 
      Cumulative area ratio:    0.14
      Required ratio:    0.00 (Cumulative area) 

    Layer: met1
      Partial area ratio:    1.79
      Required ratio:    0.00 (Gate area) 
      Cumulative area ratio:    1.79
      Required ratio:    0.00 (Cumulative area) 
      Partial area ratio:    8.10
      Required ratio:  400.00 (Side area) 
      Cumulative area ratio:    8.10
      Required ratio:    0.00 (Cumulative side area) 

    Layer: via
      Partial area ratio:    0.21
      Required ratio:    6.00 (Gate area) 
      Cumulative area ratio:    0.35
      Required ratio:    0.00 (Cumulative area) 

    Layer: met2
      Partial area ratio:    0.88
      Required ratio:    0.00 (Gate area) 
      Cumulative area ratio:    2.67
      Required ratio:    0.00 (Cumulative area) 
      Partial area ratio:    4.04
      Required ratio:  400.00 (Side area) 
      Cumulative area ratio:   12.14
      Required ratio:    0.00 (Cumulative side area) 

    Layer: via2
      Partial area ratio:    0.19
      Required ratio:    6.00 (Gate area) 
      Cumulative area ratio:    0.53
      Required ratio:    0.00 (Cumulative area) 

    Layer: met3
      Partial area ratio:   49.17
      Required ratio:    0.00 (Gate area) 
      Cumulative area ratio:   51.85
      Required ratio:    0.00 (Cumulative area) 
      Partial area ratio:  264.45
      Required ratio:  400.00 (Side area) 
      Cumulative area ratio:  276.59
      Required ratio:    0.00 (Cumulative side area) 

    Layer: via3
      Partial area ratio:    0.19
      Required ratio:    6.00 (Gate area) 
      Cumulative area ratio:    0.72
      Required ratio:    0.00 (Cumulative area) 

    Layer: met4
      Partial area ratio:  146.33
      Required ratio:    0.00 (Gate area) 
      Cumulative area ratio:  198.18
      Required ratio:    0.00 (Cumulative area) 
      Partial area ratio:  782.65
      Required ratio:  400.00 (Side area) (VIOLATED)
      Cumulative area ratio: 1059.24
      Required ratio:    0.00 (Cumulative side area) 



Net: b_inputs_flat[16]
  Pin:   hold3277/A (sky130_fd_sc_hd__clkbuf_2)
    Layer: mcon
      Partial area ratio:    0.14
      Required ratio:    3.00 (Gate area) 
      Cumulative area ratio:    0.14
      Required ratio:    0.00 (Cumulative area) 

    Layer: met1
      Partial area ratio:    4.31
      Required ratio:    0.00 (Gate area) 
      Cumulative area ratio:    4.31
      Required ratio:    0.00 (Cumulative area) 
      Partial area ratio:   20.69
      Required ratio:  400.00 (Side area) 
      Cumulative area ratio:   20.69
      Required ratio:    0.00 (Cumulative side area) 

    Layer: via
      Partial area ratio:    0.21
      Required ratio:    6.00 (Gate area) 
      Cumulative area ratio:    0.35
      Required ratio:    0.00 (Cumulative area) 

    Layer: met2
      Partial area ratio:    0.88
      Required ratio:    0.00 (Gate area) 
      Cumulative area ratio:    5.19
      Required ratio:    0.00 (Cumulative area) 
      Partial area ratio:    4.04
      Required ratio:  400.00 (Side area) 
      Cumulative area ratio:   24.73
      Required ratio:    0.00 (Cumulative side area) 

    Layer: via2
      Partial area ratio:    0.19
      Required ratio:    6.00 (Gate area) 
      Cumulative area ratio:    0.53
      Required ratio:    0.00 (Cumulative area) 

    Layer: met3
      Partial area ratio:  117.76
      Required ratio:    0.00 (Gate area) 
      Cumulative area ratio:  122.95
      Required ratio:    0.00 (Cumulative area) 
      Partial area ratio:  632.45
      Required ratio:  400.00 (Side area) (VIOLATED)
      Cumulative area ratio:  657.18
      Required ratio:    0.00 (Cumulative side area) 

    Layer: via3
      Partial area ratio:    0.19
      Required ratio:    6.00 (Gate area) 
      Cumulative area ratio:    0.72
      Required ratio:    0.00 (Cumulative area) 

    Layer: met4
      Partial area ratio:  107.46
      Required ratio:    0.00 (Gate area) 
      Cumulative area ratio:  230.41
      Required ratio:    0.00 (Cumulative area) 
      Partial area ratio:  575.32
      Required ratio:  400.00 (Side area) (VIOLATED)
      Cumulative area ratio: 1232.50
      Required ratio:    0.00 (Cumulative side area) 



Net: b_inputs_flat[19]
  Pin:   hold3179/A (sky130_fd_sc_hd__clkbuf_2)
    Layer: mcon
      Partial area ratio:    0.14
      Required ratio:    3.00 (Gate area) 
      Cumulative area ratio:    0.14
      Required ratio:    0.00 (Cumulative area) 

    Layer: met1
      Partial area ratio:    4.40
      Required ratio:    0.00 (Gate area) 
      Cumulative area ratio:    4.40
      Required ratio:    0.00 (Cumulative area) 
      Partial area ratio:   21.15
      Required ratio:  400.00 (Side area) 
      Cumulative area ratio:   21.15
      Required ratio:    0.00 (Cumulative side area) 

    Layer: via
      Partial area ratio:    0.21
      Required ratio:    6.00 (Gate area) 
      Cumulative area ratio:    0.35
      Required ratio:    0.00 (Cumulative area) 

    Layer: met2
      Partial area ratio:    0.88
      Required ratio:    0.00 (Gate area) 
      Cumulative area ratio:    5.28
      Required ratio:    0.00 (Cumulative area) 
      Partial area ratio:    4.04
      Required ratio:  400.00 (Side area) 
      Cumulative area ratio:   25.19
      Required ratio:    0.00 (Cumulative side area) 

    Layer: via2
      Partial area ratio:    0.19
      Required ratio:    6.00 (Gate area) 
      Cumulative area ratio:    0.53
      Required ratio:    0.00 (Cumulative area) 

    Layer: met3
      Partial area ratio:    0.59
      Required ratio:    0.00 (Gate area) 
      Cumulative area ratio:    5.87
      Required ratio:    0.00 (Cumulative area) 
      Partial area ratio:    5.33
      Required ratio:  400.00 (Side area) 
      Cumulative area ratio:   30.52
      Required ratio:    0.00 (Cumulative side area) 

    Layer: via3
      Partial area ratio:    0.19
      Required ratio:    6.00 (Gate area) 
      Cumulative area ratio:    0.72
      Required ratio:    0.00 (Cumulative area) 

    Layer: met4
      Partial area ratio:   78.30
      Required ratio:    0.00 (Gate area) 
      Cumulative area ratio:   84.17
      Required ratio:    0.00 (Cumulative area) 
      Partial area ratio:  419.83
      Required ratio:  400.00 (Side area) (VIOLATED)
      Cumulative area ratio:  450.35
      Required ratio:    0.00 (Cumulative side area) 



Net: b_inputs_flat[1]
  Pin:   hold3361/A (sky130_fd_sc_hd__clkbuf_2)
    Layer: mcon
      Partial area ratio:    0.14
      Required ratio:    3.00 (Gate area) 
      Cumulative area ratio:    0.14
      Required ratio:    0.00 (Cumulative area) 

    Layer: met1
      Partial area ratio:    2.50
      Required ratio:    0.00 (Gate area) 
      Cumulative area ratio:    2.50
      Required ratio:    0.00 (Cumulative area) 
      Partial area ratio:   11.65
      Required ratio:  400.00 (Side area) 
      Cumulative area ratio:   11.65
      Required ratio:    0.00 (Cumulative side area) 

    Layer: via
      Partial area ratio:    0.21
      Required ratio:    6.00 (Gate area) 
      Cumulative area ratio:    0.35
      Required ratio:    0.00 (Cumulative area) 

    Layer: met2
      Partial area ratio:    0.88
      Required ratio:    0.00 (Gate area) 
      Cumulative area ratio:    3.38
      Required ratio:    0.00 (Cumulative area) 
      Partial area ratio:    4.04
      Required ratio:  400.00 (Side area) 
      Cumulative area ratio:   15.69
      Required ratio:    0.00 (Cumulative side area) 

    Layer: via2
      Partial area ratio:    0.19
      Required ratio:    6.00 (Gate area) 
      Cumulative area ratio:    0.53
      Required ratio:    0.00 (Cumulative area) 

    Layer: met3
      Partial area ratio:    0.59
      Required ratio:    0.00 (Gate area) 
      Cumulative area ratio:    3.97
      Required ratio:    0.00 (Cumulative area) 
      Partial area ratio:    5.33
      Required ratio:  400.00 (Side area) 
      Cumulative area ratio:   21.03
      Required ratio:    0.00 (Cumulative side area) 

    Layer: via3
      Partial area ratio:    0.19
      Required ratio:    6.00 (Gate area) 
      Cumulative area ratio:    0.72
      Required ratio:    0.00 (Cumulative area) 

    Layer: met4
      Partial area ratio:  157.72
      Required ratio:    0.00 (Gate area) 
      Cumulative area ratio:  161.69
      Required ratio:    0.00 (Cumulative area) 
      Partial area ratio:  850.03
      Required ratio:  400.00 (Side area) (VIOLATED)
      Cumulative area ratio:  871.05
      Required ratio:    0.00 (Cumulative side area) 



Net: b_inputs_flat[20]
  Pin:   hold3207/A (sky130_fd_sc_hd__clkbuf_2)
    Layer: mcon
      Partial area ratio:    0.14
      Required ratio:    3.00 (Gate area) 
      Cumulative area ratio:    0.14
      Required ratio:    0.00 (Cumulative area) 

    Layer: met1
      Partial area ratio:    2.98
      Required ratio:    0.00 (Gate area) 
      Cumulative area ratio:    2.98
      Required ratio:    0.00 (Cumulative area) 
      Partial area ratio:   14.02
      Required ratio:  400.00 (Side area) 
      Cumulative area ratio:   14.02
      Required ratio:    0.00 (Cumulative side area) 

    Layer: via
      Partial area ratio:    0.21
      Required ratio:    6.00 (Gate area) 
      Cumulative area ratio:    0.35
      Required ratio:    0.00 (Cumulative area) 

    Layer: met2
      Partial area ratio:    0.88
      Required ratio:    0.00 (Gate area) 
      Cumulative area ratio:    3.85
      Required ratio:    0.00 (Cumulative area) 
      Partial area ratio:    4.04
      Required ratio:  400.00 (Side area) 
      Cumulative area ratio:   18.06
      Required ratio:    0.00 (Cumulative side area) 

    Layer: via2
      Partial area ratio:    0.19
      Required ratio:    6.00 (Gate area) 
      Cumulative area ratio:    0.53
      Required ratio:    0.00 (Cumulative area) 

    Layer: met3
      Partial area ratio:    0.59
      Required ratio:    0.00 (Gate area) 
      Cumulative area ratio:    4.44
      Required ratio:    0.00 (Cumulative area) 
      Partial area ratio:    5.33
      Required ratio:  400.00 (Side area) 
      Cumulative area ratio:   23.39
      Required ratio:    0.00 (Cumulative side area) 

    Layer: via3
      Partial area ratio:    0.19
      Required ratio:    6.00 (Gate area) 
      Cumulative area ratio:    0.72
      Required ratio:    0.00 (Cumulative area) 

    Layer: met4
      Partial area ratio:  107.46
      Required ratio:    0.00 (Gate area) 
      Cumulative area ratio:  111.90
      Required ratio:    0.00 (Cumulative area) 
      Partial area ratio:  575.32
      Required ratio:  400.00 (Side area) (VIOLATED)
      Cumulative area ratio:  598.72
      Required ratio:    0.00 (Cumulative side area) 



Net: b_inputs_flat[22]
  Pin:   hold3256/A (sky130_fd_sc_hd__clkbuf_2)
    Layer: mcon
      Partial area ratio:    0.14
      Required ratio:    3.00 (Gate area) 
      Cumulative area ratio:    0.14
      Required ratio:    0.00 (Cumulative area) 

    Layer: met1
      Partial area ratio:    3.80
      Required ratio:    0.00 (Gate area) 
      Cumulative area ratio:    3.80
      Required ratio:    0.00 (Cumulative area) 
      Partial area ratio:   18.12
      Required ratio:  400.00 (Side area) 
      Cumulative area ratio:   18.12
      Required ratio:    0.00 (Cumulative side area) 

    Layer: via
      Partial area ratio:    0.21
      Required ratio:    6.00 (Gate area) 
      Cumulative area ratio:    0.35
      Required ratio:    0.00 (Cumulative area) 

    Layer: met2
      Partial area ratio:    0.88
      Required ratio:    0.00 (Gate area) 
      Cumulative area ratio:    4.68
      Required ratio:    0.00 (Cumulative area) 
      Partial area ratio:    4.04
      Required ratio:  400.00 (Side area) 
      Cumulative area ratio:   22.17
      Required ratio:    0.00 (Cumulative side area) 

    Layer: via2
      Partial area ratio:    0.19
      Required ratio:    6.00 (Gate area) 
      Cumulative area ratio:    0.53
      Required ratio:    0.00 (Cumulative area) 

    Layer: met3
      Partial area ratio:   39.46
      Required ratio:    0.00 (Gate area) 
      Cumulative area ratio:   44.13
      Required ratio:    0.00 (Cumulative area) 
      Partial area ratio:  212.62
      Required ratio:  400.00 (Side area) 
      Cumulative area ratio:  234.79
      Required ratio:    0.00 (Cumulative side area) 

    Layer: via3
      Partial area ratio:    0.19
      Required ratio:    6.00 (Gate area) 
      Cumulative area ratio:    0.72
      Required ratio:    0.00 (Cumulative area) 

    Layer: met4
      Partial area ratio:   78.30
      Required ratio:    0.00 (Gate area) 
      Cumulative area ratio:  122.44
      Required ratio:    0.00 (Cumulative area) 
      Partial area ratio:  419.83
      Required ratio:  400.00 (Side area) (VIOLATED)
      Cumulative area ratio:  654.62
      Required ratio:    0.00 (Cumulative side area) 



Net: b_inputs_flat[26]
  Pin:   hold3340/A (sky130_fd_sc_hd__clkbuf_2)
    Layer: mcon
      Partial area ratio:    0.14
      Required ratio:    3.00 (Gate area) 
      Cumulative area ratio:    0.14
      Required ratio:    0.00 (Cumulative area) 

    Layer: met1
      Partial area ratio:    4.94
      Required ratio:    0.00 (Gate area) 
      Cumulative area ratio:    4.94
      Required ratio:    0.00 (Cumulative area) 
      Partial area ratio:   23.84
      Required ratio:  400.00 (Side area) 
      Cumulative area ratio:   23.84
      Required ratio:    0.00 (Cumulative side area) 

    Layer: via
      Partial area ratio:    0.21
      Required ratio:    6.00 (Gate area) 
      Cumulative area ratio:    0.35
      Required ratio:    0.00 (Cumulative area) 

    Layer: met2
      Partial area ratio:    0.88
      Required ratio:    0.00 (Gate area) 
      Cumulative area ratio:    5.82
      Required ratio:    0.00 (Cumulative area) 
      Partial area ratio:    4.04
      Required ratio:  400.00 (Side area) 
      Cumulative area ratio:   27.88
      Required ratio:    0.00 (Cumulative side area) 

    Layer: via2
      Partial area ratio:    0.19
      Required ratio:    6.00 (Gate area) 
      Cumulative area ratio:    0.53
      Required ratio:    0.00 (Cumulative area) 

    Layer: met3
      Partial area ratio:   29.74
      Required ratio:    0.00 (Gate area) 
      Cumulative area ratio:   35.56
      Required ratio:    0.00 (Cumulative area) 
      Partial area ratio:  160.79
      Required ratio:  400.00 (Side area) 
      Cumulative area ratio:  188.67
      Required ratio:    0.00 (Cumulative side area) 

    Layer: via3
      Partial area ratio:    0.19
      Required ratio:    6.00 (Gate area) 
      Cumulative area ratio:    0.72
      Required ratio:    0.00 (Cumulative area) 

    Layer: met4
      Partial area ratio:  107.46
      Required ratio:    0.00 (Gate area) 
      Cumulative area ratio:  143.02
      Required ratio:    0.00 (Cumulative area) 
      Partial area ratio:  575.32
      Required ratio:  400.00 (Side area) (VIOLATED)
      Cumulative area ratio:  764.00
      Required ratio:    0.00 (Cumulative side area) 



Net: b_inputs_flat[28]
  Pin:   hold3319/A (sky130_fd_sc_hd__clkbuf_2)
    Layer: mcon
      Partial area ratio:    0.14
      Required ratio:    3.00 (Gate area) 
      Cumulative area ratio:    0.14
      Required ratio:    0.00 (Cumulative area) 

    Layer: met1
      Partial area ratio:    2.52
      Required ratio:    0.00 (Gate area) 
      Cumulative area ratio:    2.52
      Required ratio:    0.00 (Cumulative area) 
      Partial area ratio:   11.75
      Required ratio:  400.00 (Side area) 
      Cumulative area ratio:   11.75
      Required ratio:    0.00 (Cumulative side area) 

    Layer: via
      Partial area ratio:    0.21
      Required ratio:    6.00 (Gate area) 
      Cumulative area ratio:    0.35
      Required ratio:    0.00 (Cumulative area) 

    Layer: met2
      Partial area ratio:    0.88
      Required ratio:    0.00 (Gate area) 
      Cumulative area ratio:    3.40
      Required ratio:    0.00 (Cumulative area) 
      Partial area ratio:    4.04
      Required ratio:  400.00 (Side area) 
      Cumulative area ratio:   15.79
      Required ratio:    0.00 (Cumulative side area) 

    Layer: via2
      Partial area ratio:    0.19
      Required ratio:    6.00 (Gate area) 
      Cumulative area ratio:    0.53
      Required ratio:    0.00 (Cumulative area) 

    Layer: met3
      Partial area ratio:   29.74
      Required ratio:    0.00 (Gate area) 
      Cumulative area ratio:   33.14
      Required ratio:    0.00 (Cumulative area) 
      Partial area ratio:  160.79
      Required ratio:  400.00 (Side area) 
      Cumulative area ratio:  176.58
      Required ratio:    0.00 (Cumulative side area) 

    Layer: via3
      Partial area ratio:    0.19
      Required ratio:    6.00 (Gate area) 
      Cumulative area ratio:    0.72
      Required ratio:    0.00 (Cumulative area) 

    Layer: met4
      Partial area ratio:  146.33
      Required ratio:    0.00 (Gate area) 
      Cumulative area ratio:  179.47
      Required ratio:    0.00 (Cumulative area) 
      Partial area ratio:  782.65
      Required ratio:  400.00 (Side area) (VIOLATED)
      Cumulative area ratio:  959.23
      Required ratio:    0.00 (Cumulative side area) 



Net: b_inputs_flat[3]
  Pin:   hold3298/A (sky130_fd_sc_hd__clkbuf_2)
    Layer: mcon
      Partial area ratio:    0.14
      Required ratio:    3.00 (Gate area) 
      Cumulative area ratio:    0.14
      Required ratio:    0.00 (Cumulative area) 

    Layer: met1
      Partial area ratio:    2.69
      Required ratio:    0.00 (Gate area) 
      Cumulative area ratio:    2.69
      Required ratio:    0.00 (Cumulative area) 
      Partial area ratio:   12.60
      Required ratio:  400.00 (Side area) 
      Cumulative area ratio:   12.60
      Required ratio:    0.00 (Cumulative side area) 

    Layer: via
      Partial area ratio:    0.21
      Required ratio:    6.00 (Gate area) 
      Cumulative area ratio:    0.35
      Required ratio:    0.00 (Cumulative area) 

    Layer: met2
      Partial area ratio:    0.88
      Required ratio:    0.00 (Gate area) 
      Cumulative area ratio:    3.57
      Required ratio:    0.00 (Cumulative area) 
      Partial area ratio:    4.04
      Required ratio:  400.00 (Side area) 
      Cumulative area ratio:   16.65
      Required ratio:    0.00 (Cumulative side area) 

    Layer: via2
      Partial area ratio:    0.19
      Required ratio:    6.00 (Gate area) 
      Cumulative area ratio:    0.53
      Required ratio:    0.00 (Cumulative area) 

    Layer: met3
      Partial area ratio:   97.77
      Required ratio:    0.00 (Gate area) 
      Cumulative area ratio:  101.34
      Required ratio:    0.00 (Cumulative area) 
      Partial area ratio:  523.61
      Required ratio:  400.00 (Side area) (VIOLATED)
      Cumulative area ratio:  540.25
      Required ratio:    0.00 (Cumulative side area) 

    Layer: via3
      Partial area ratio:    0.19
      Required ratio:    6.00 (Gate area) 
      Cumulative area ratio:    0.72
      Required ratio:    0.00 (Cumulative area) 

    Layer: met4
      Partial area ratio:   78.30
      Required ratio:    0.00 (Gate area) 
      Cumulative area ratio:  179.64
      Required ratio:    0.00 (Cumulative area) 
      Partial area ratio:  419.83
      Required ratio:  400.00 (Side area) (VIOLATED)
      Cumulative area ratio:  960.08
      Required ratio:    0.00 (Cumulative side area) 



Net: b_inputs_flat[7]
  Pin:   hold3214/A (sky130_fd_sc_hd__clkbuf_2)
    Layer: mcon
      Partial area ratio:    0.14
      Required ratio:    3.00 (Gate area) 
      Cumulative area ratio:    0.14
      Required ratio:    0.00 (Cumulative area) 

    Layer: met1
      Partial area ratio:    2.36
      Required ratio:    0.00 (Gate area) 
      Cumulative area ratio:    2.36
      Required ratio:    0.00 (Cumulative area) 
      Partial area ratio:   10.66
      Required ratio:  400.00 (Side area) 
      Cumulative area ratio:   10.66
      Required ratio:    0.00 (Cumulative side area) 

    Layer: via
      Partial area ratio:    0.21
      Required ratio:    6.00 (Gate area) 
      Cumulative area ratio:    0.35
      Required ratio:    0.00 (Cumulative area) 

    Layer: met2
      Partial area ratio:    0.88
      Required ratio:    0.00 (Gate area) 
      Cumulative area ratio:    3.23
      Required ratio:    0.00 (Cumulative area) 
      Partial area ratio:    4.04
      Required ratio:  400.00 (Side area) 
      Cumulative area ratio:   14.71
      Required ratio:    0.00 (Cumulative side area) 

    Layer: via2
      Partial area ratio:    0.19
      Required ratio:    6.00 (Gate area) 
      Cumulative area ratio:    0.53
      Required ratio:    0.00 (Cumulative area) 

    Layer: met3
      Partial area ratio:   88.02
      Required ratio:    0.00 (Gate area) 
      Cumulative area ratio:   91.26
      Required ratio:    0.00 (Cumulative area) 
      Partial area ratio:  471.66
      Required ratio:  400.00 (Side area) (VIOLATED)
      Cumulative area ratio:  486.37
      Required ratio:    0.00 (Cumulative side area) 



Net: clear_acc
  Pin:   hold3501/A (sky130_fd_sc_hd__clkbuf_2)
    Layer: mcon
      Partial area ratio:    0.14
      Required ratio:    3.00 (Gate area) 
      Cumulative area ratio:    0.14
      Required ratio:    0.00 (Cumulative area) 

    Layer: met1
      Partial area ratio:    3.45
      Required ratio:    0.00 (Gate area) 
      Cumulative area ratio:    3.45
      Required ratio:    0.00 (Cumulative area) 
      Partial area ratio:   16.38
      Required ratio:  400.00 (Side area) 
      Cumulative area ratio:   16.38
      Required ratio:    0.00 (Cumulative side area) 

    Layer: via
      Partial area ratio:    0.21
      Required ratio:    6.00 (Gate area) 
      Cumulative area ratio:    0.35
      Required ratio:    0.00 (Cumulative area) 

    Layer: met2
      Partial area ratio:    0.88
      Required ratio:    0.00 (Gate area) 
      Cumulative area ratio:    4.33
      Required ratio:    0.00 (Cumulative area) 
      Partial area ratio:    4.04
      Required ratio:  400.00 (Side area) 
      Cumulative area ratio:   20.42
      Required ratio:    0.00 (Cumulative side area) 

    Layer: via2
      Partial area ratio:    0.19
      Required ratio:    6.00 (Gate area) 
      Cumulative area ratio:    0.53
      Required ratio:    0.00 (Cumulative area) 

    Layer: met3
      Partial area ratio:  133.00
      Required ratio:    0.00 (Gate area) 
      Cumulative area ratio:  137.32
      Required ratio:    0.00 (Cumulative area) 
      Partial area ratio:  711.55
      Required ratio:  400.00 (Side area) (VIOLATED)
      Cumulative area ratio:  731.97
      Required ratio:    0.00 (Cumulative side area) 



Net: compute_enable
  Pin:   hold3137/A (sky130_fd_sc_hd__clkbuf_2)
    Layer: mcon
      Partial area ratio:    0.14
      Required ratio:    3.00 (Gate area) 
      Cumulative area ratio:    0.14
      Required ratio:    0.00 (Cumulative area) 

    Layer: met1
      Partial area ratio:    4.18
      Required ratio:    0.00 (Gate area) 
      Cumulative area ratio:    4.18
      Required ratio:    0.00 (Cumulative area) 
      Partial area ratio:   20.03
      Required ratio:  400.00 (Side area) 
      Cumulative area ratio:   20.03
      Required ratio:    0.00 (Cumulative side area) 

    Layer: via
      Partial area ratio:    0.21
      Required ratio:    6.00 (Gate area) 
      Cumulative area ratio:    0.35
      Required ratio:    0.00 (Cumulative area) 

    Layer: met2
      Partial area ratio:   10.11
      Required ratio:    0.00 (Gate area) 
      Cumulative area ratio:   14.29
      Required ratio:    0.00 (Cumulative area) 
      Partial area ratio:   49.71
      Required ratio:  400.00 (Side area) 
      Cumulative area ratio:   69.74
      Required ratio:    0.00 (Cumulative side area) 

    Layer: via2
      Partial area ratio:    0.19
      Required ratio:    6.00 (Gate area) 
      Cumulative area ratio:    0.53
      Required ratio:    0.00 (Cumulative area) 

    Layer: met3
      Partial area ratio:  124.77
      Required ratio:    0.00 (Gate area) 
      Cumulative area ratio:  139.06
      Required ratio:    0.00 (Cumulative area) 
      Partial area ratio:  667.68
      Required ratio:  400.00 (Side area) (VIOLATED)
      Cumulative area ratio:  737.42
      Required ratio:    0.00 (Cumulative side area) 



Net: enable
  Pin:   hold3270/A (sky130_fd_sc_hd__clkbuf_2)
    Layer: mcon
      Partial area ratio:    0.14
      Required ratio:    3.00 (Gate area) 
      Cumulative area ratio:    0.14
      Required ratio:    0.00 (Cumulative area) 

    Layer: met1
      Partial area ratio:    2.15
      Required ratio:    0.00 (Gate area) 
      Cumulative area ratio:    2.15
      Required ratio:    0.00 (Cumulative area) 
      Partial area ratio:    9.88
      Required ratio:  400.00 (Side area) 
      Cumulative area ratio:    9.88
      Required ratio:    0.00 (Cumulative side area) 

    Layer: via
      Partial area ratio:    0.21
      Required ratio:    6.00 (Gate area) 
      Cumulative area ratio:    0.35
      Required ratio:    0.00 (Cumulative area) 

    Layer: met2
      Partial area ratio:    0.88
      Required ratio:    0.00 (Gate area) 
      Cumulative area ratio:    3.03
      Required ratio:    0.00 (Cumulative area) 
      Partial area ratio:    4.04
      Required ratio:  400.00 (Side area) 
      Cumulative area ratio:   13.92
      Required ratio:    0.00 (Cumulative side area) 

    Layer: via2
      Partial area ratio:    0.19
      Required ratio:    6.00 (Gate area) 
      Cumulative area ratio:    0.53
      Required ratio:    0.00 (Cumulative area) 

    Layer: met3
      Partial area ratio:  131.87
      Required ratio:    0.00 (Gate area) 
      Cumulative area ratio:  134.90
      Required ratio:    0.00 (Cumulative area) 
      Partial area ratio:  705.54
      Required ratio:  400.00 (Side area) (VIOLATED)
      Cumulative area ratio:  719.46
      Required ratio:    0.00 (Cumulative side area) 



Net: _104_
  Pin:   hold2610/A (sky130_fd_sc_hd__clkbuf_2)
    Layer: mcon
      Partial area ratio:    0.14
      Required ratio:    3.00 (Gate area) 
      Cumulative area ratio:    0.14
      Required ratio:    0.00 (Cumulative area) 

    Layer: met1
      Partial area ratio:    2.52
      Required ratio:    0.00 (Gate area) 
      Cumulative area ratio:    2.52
      Required ratio:    0.00 (Cumulative area) 
      Partial area ratio:   11.75
      Required ratio:  400.00 (Side area) 
      Cumulative area ratio:   11.75
      Required ratio:    0.00 (Cumulative side area) 

    Layer: via
      Partial area ratio:    0.21
      Required ratio:    6.00 (Gate area) 
      Cumulative area ratio:    0.35
      Required ratio:    0.00 (Cumulative area) 

    Layer: met2
      Partial area ratio:    0.88
      Required ratio:    0.00 (Gate area) 
      Cumulative area ratio:    3.40
      Required ratio:    0.00 (Cumulative area) 
      Partial area ratio:    4.04
      Required ratio:  400.00 (Side area) 
      Cumulative area ratio:   15.79
      Required ratio:    0.00 (Cumulative side area) 

    Layer: via2
      Partial area ratio:    0.19
      Required ratio:    6.00 (Gate area) 
      Cumulative area ratio:    0.53
      Required ratio:    0.00 (Cumulative area) 

    Layer: met3
      Partial area ratio:   78.89
      Required ratio:    0.00 (Gate area) 
      Cumulative area ratio:   82.29
      Required ratio:    0.00 (Cumulative area) 
      Partial area ratio:  425.13
      Required ratio:  400.00 (Side area) (VIOLATED)
      Cumulative area ratio:  440.92
      Required ratio:    0.00 (Cumulative side area) 

    Layer: via3
      Partial area ratio:    0.19
      Required ratio:    6.00 (Gate area) 
      Cumulative area ratio:    0.72
      Required ratio:    0.00 (Cumulative area) 

    Layer: met4
      Partial area ratio:   29.71
      Required ratio:    0.00 (Gate area) 
      Cumulative area ratio:  112.00
      Required ratio:    0.00 (Cumulative area) 
      Partial area ratio:  160.68
      Required ratio: 3096.80 (Side area) 
      Cumulative area ratio:  601.59
      Required ratio:    0.00 (Cumulative side area) 



Net: _110_
  Pin:   hold2478/A (sky130_fd_sc_hd__clkbuf_2)
    Layer: mcon
      Partial area ratio:    0.14
      Required ratio:    3.00 (Gate area) 
      Cumulative area ratio:    0.14
      Required ratio:    0.00 (Cumulative area) 

    Layer: met1
      Partial area ratio:    3.76
      Required ratio:    0.00 (Gate area) 
      Cumulative area ratio:    3.76
      Required ratio:    0.00 (Cumulative area) 
      Partial area ratio:   17.93
      Required ratio:  400.00 (Side area) 
      Cumulative area ratio:   17.93
      Required ratio:    0.00 (Cumulative side area) 

    Layer: via
      Partial area ratio:    0.21
      Required ratio:    6.00 (Gate area) 
      Cumulative area ratio:    0.35
      Required ratio:    0.00 (Cumulative area) 

    Layer: met2
      Partial area ratio:    0.88
      Required ratio:    0.00 (Gate area) 
      Cumulative area ratio:    4.64
      Required ratio:    0.00 (Cumulative area) 
      Partial area ratio:    4.04
      Required ratio:  400.00 (Side area) 
      Cumulative area ratio:   21.97
      Required ratio:    0.00 (Cumulative side area) 

    Layer: via2
      Partial area ratio:    0.19
      Required ratio:    6.00 (Gate area) 
      Cumulative area ratio:    0.53
      Required ratio:    0.00 (Cumulative area) 

    Layer: met3
      Partial area ratio:   98.32
      Required ratio:    0.00 (Gate area) 
      Cumulative area ratio:  102.96
      Required ratio:    0.00 (Cumulative area) 
      Partial area ratio:  528.79
      Required ratio:  400.00 (Side area) (VIOLATED)
      Cumulative area ratio:  550.76
      Required ratio:    0.00 (Cumulative side area) 

    Layer: via3
      Partial area ratio:    0.19
      Required ratio:    6.00 (Gate area) 
      Cumulative area ratio:    0.72
      Required ratio:    0.00 (Cumulative area) 

    Layer: met4
      Partial area ratio:   78.30
      Required ratio:    0.00 (Gate area) 
      Cumulative area ratio:  181.26
      Required ratio:    0.00 (Cumulative area) 
      Partial area ratio:  419.83
      Required ratio: 3096.80 (Side area) 
      Cumulative area ratio:  970.59
      Required ratio:    0.00 (Cumulative side area) 



Net: _117_
  Pin:   hold2586/A (sky130_fd_sc_hd__clkbuf_2)
    Layer: mcon
      Partial area ratio:    0.14
      Required ratio:    3.00 (Gate area) 
      Cumulative area ratio:    0.14
      Required ratio:    0.00 (Cumulative area) 

    Layer: met1
      Partial area ratio:    3.30
      Required ratio:    0.00 (Gate area) 
      Cumulative area ratio:    3.30
      Required ratio:    0.00 (Cumulative area) 
      Partial area ratio:   15.63
      Required ratio:  400.00 (Side area) 
      Cumulative area ratio:   15.63
      Required ratio:    0.00 (Cumulative side area) 

    Layer: via
      Partial area ratio:    0.21
      Required ratio:    6.00 (Gate area) 
      Cumulative area ratio:    0.35
      Required ratio:    0.00 (Cumulative area) 

    Layer: met2
      Partial area ratio:    0.88
      Required ratio:    0.00 (Gate area) 
      Cumulative area ratio:    4.18
      Required ratio:    0.00 (Cumulative area) 
      Partial area ratio:    4.04
      Required ratio:  400.00 (Side area) 
      Cumulative area ratio:   19.67
      Required ratio:    0.00 (Cumulative side area) 

    Layer: via2
      Partial area ratio:    0.19
      Required ratio:    6.00 (Gate area) 
      Cumulative area ratio:    0.53
      Required ratio:    0.00 (Cumulative area) 

    Layer: met3
      Partial area ratio:  156.08
      Required ratio:    0.00 (Gate area) 
      Cumulative area ratio:  160.25
      Required ratio:    0.00 (Cumulative area) 
      Partial area ratio:  834.59
      Required ratio:  400.00 (Side area) (VIOLATED)
      Cumulative area ratio:  854.26
      Required ratio:    0.00 (Cumulative side area) 

    Layer: via3
      Partial area ratio:    0.19
      Required ratio:    6.00 (Gate area) 
      Cumulative area ratio:    0.72
      Required ratio:    0.00 (Cumulative area) 

    Layer: met4
      Partial area ratio:   78.30
      Required ratio:    0.00 (Gate area) 
      Cumulative area ratio:  238.56
      Required ratio:    0.00 (Cumulative area) 
      Partial area ratio:  419.83
      Required ratio: 3096.80 (Side area) 
      Cumulative area ratio: 1274.09
      Required ratio:    0.00 (Cumulative side area) 



Net: _131_
  Pin:   hold2568/A (sky130_fd_sc_hd__clkbuf_2)
    Layer: mcon
      Partial area ratio:    0.14
      Required ratio:    3.00 (Gate area) 
      Cumulative area ratio:    0.14
      Required ratio:    0.00 (Cumulative area) 

    Layer: met1
      Partial area ratio:    3.71
      Required ratio:    0.00 (Gate area) 
      Cumulative area ratio:    3.71
      Required ratio:    0.00 (Cumulative area) 
      Partial area ratio:   17.66
      Required ratio:  400.00 (Side area) 
      Cumulative area ratio:   17.66
      Required ratio:    0.00 (Cumulative side area) 

    Layer: via
      Partial area ratio:    0.21
      Required ratio:    6.00 (Gate area) 
      Cumulative area ratio:    0.35
      Required ratio:    0.00 (Cumulative area) 

    Layer: met2
      Partial area ratio:    0.88
      Required ratio:    0.00 (Gate area) 
      Cumulative area ratio:    4.58
      Required ratio:    0.00 (Cumulative area) 
      Partial area ratio:    4.04
      Required ratio:  400.00 (Side area) 
      Cumulative area ratio:   21.71
      Required ratio:    0.00 (Cumulative side area) 

    Layer: via2
      Partial area ratio:    0.19
      Required ratio:    6.00 (Gate area) 
      Cumulative area ratio:    0.53
      Required ratio:    0.00 (Cumulative area) 

    Layer: met3
      Partial area ratio:   78.33
      Required ratio:    0.00 (Gate area) 
      Cumulative area ratio:   82.91
      Required ratio:    0.00 (Cumulative area) 
      Partial area ratio:  419.94
      Required ratio:  400.00 (Side area) (VIOLATED)
      Cumulative area ratio:  441.65
      Required ratio:    0.00 (Cumulative side area) 

    Layer: via3
      Partial area ratio:    0.19
      Required ratio:    6.00 (Gate area) 
      Cumulative area ratio:    0.72
      Required ratio:    0.00 (Cumulative area) 

    Layer: met4
      Partial area ratio:   78.30
      Required ratio:    0.00 (Gate area) 
      Cumulative area ratio:  161.22
      Required ratio:    0.00 (Cumulative area) 
      Partial area ratio:  419.83
      Required ratio: 3096.80 (Side area) 
      Cumulative area ratio:  861.48
      Required ratio:    0.00 (Cumulative side area) 



Net: _133_
  Pin:   hold2526/A (sky130_fd_sc_hd__clkbuf_2)
    Layer: mcon
      Partial area ratio:    0.14
      Required ratio:    3.00 (Gate area) 
      Cumulative area ratio:    0.14
      Required ratio:    0.00 (Cumulative area) 

    Layer: met1
      Partial area ratio:    3.38
      Required ratio:    0.00 (Gate area) 
      Cumulative area ratio:    3.38
      Required ratio:    0.00 (Cumulative area) 
      Partial area ratio:   16.02
      Required ratio:  400.00 (Side area) 
      Cumulative area ratio:   16.02
      Required ratio:    0.00 (Cumulative side area) 

    Layer: via
      Partial area ratio:    0.21
      Required ratio:    6.00 (Gate area) 
      Cumulative area ratio:    0.35
      Required ratio:    0.00 (Cumulative area) 

    Layer: met2
      Partial area ratio:    0.88
      Required ratio:    0.00 (Gate area) 
      Cumulative area ratio:    4.26
      Required ratio:    0.00 (Cumulative area) 
      Partial area ratio:    4.04
      Required ratio:  400.00 (Side area) 
      Cumulative area ratio:   20.06
      Required ratio:    0.00 (Cumulative side area) 

    Layer: via2
      Partial area ratio:    0.19
      Required ratio:    6.00 (Gate area) 
      Cumulative area ratio:    0.53
      Required ratio:    0.00 (Cumulative area) 

    Layer: met3
      Partial area ratio:  126.92
      Required ratio:    0.00 (Gate area) 
      Cumulative area ratio:  131.18
      Required ratio:    0.00 (Cumulative area) 
      Partial area ratio:  679.10
      Required ratio:  400.00 (Side area) (VIOLATED)
      Cumulative area ratio:  699.16
      Required ratio:    0.00 (Cumulative side area) 

    Layer: via3
      Partial area ratio:    0.19
      Required ratio:    6.00 (Gate area) 
      Cumulative area ratio:    0.72
      Required ratio:    0.00 (Cumulative area) 

    Layer: met4
      Partial area ratio:  107.46
      Required ratio:    0.00 (Gate area) 
      Cumulative area ratio:  238.63
      Required ratio:    0.00 (Cumulative area) 
      Partial area ratio:  575.32
      Required ratio: 3096.80 (Side area) 
      Cumulative area ratio: 1274.49
      Required ratio:    0.00 (Cumulative side area) 



Net: b_reg\[0\]
  Pin:   g_row\[0\].g_col\[0\].pe/_2673_/B (sky130_fd_sc_hd__or4_2)
    Layer: mcon
      Partial area ratio:    0.23
      Required ratio:    3.00 (Gate area) 
      Cumulative area ratio:    0.23
      Required ratio:    0.00 (Cumulative area) 

    Layer: met1
      Partial area ratio:    7.32
      Required ratio:    0.00 (Gate area) 
      Cumulative area ratio:    7.32
      Required ratio:    0.00 (Cumulative area) 
      Partial area ratio:   35.11
      Required ratio:  400.00 (Side area) 
      Cumulative area ratio:   35.11
      Required ratio:    0.00 (Cumulative side area) 

    Layer: via
      Partial area ratio:    0.36
      Required ratio:    6.00 (Gate area) 
      Cumulative area ratio:    0.59
      Required ratio:    0.00 (Cumulative area) 

    Layer: met2
      Partial area ratio:    1.48
      Required ratio:    0.00 (Gate area) 
      Cumulative area ratio:    8.80
      Required ratio:    0.00 (Cumulative area) 
      Partial area ratio:    6.83
      Required ratio:  400.00 (Side area) 
      Cumulative area ratio:   41.94
      Required ratio:    0.00 (Cumulative side area) 

    Layer: via2
      Partial area ratio:    0.32
      Required ratio:    6.00 (Gate area) 
      Cumulative area ratio:    0.90
      Required ratio:    0.00 (Cumulative area) 

    Layer: met3
      Partial area ratio:   83.13
      Required ratio:    0.00 (Gate area) 
      Cumulative area ratio:   91.93
      Required ratio:    0.00 (Cumulative area) 
      Partial area ratio:  447.05
      Required ratio:  400.00 (Side area) (VIOLATED)
      Cumulative area ratio:  488.99
      Required ratio:    0.00 (Cumulative side area) 

    Layer: via3
      Partial area ratio:    0.32
      Required ratio:    6.00 (Gate area) 
      Cumulative area ratio:    1.22
      Required ratio:    0.00 (Cumulative area) 

    Layer: met4
      Partial area ratio:   49.55
      Required ratio:    0.00 (Gate area) 
      Cumulative area ratio:  141.48
      Required ratio:    0.00 (Cumulative area) 
      Partial area ratio:  267.04
      Required ratio: 2778.20 (Side area) 
      Cumulative area ratio:  756.04
      Required ratio:    0.00 (Cumulative side area) 


  Pin:   g_row\[0\].g_col\[0\].pe/hold2271/A (sky130_fd_sc_hd__clkbuf_2)
    Layer: mcon
      Partial area ratio:    0.14
      Required ratio:    3.00 (Gate area) 
      Cumulative area ratio:    0.14
      Required ratio:    0.00 (Cumulative area) 

    Layer: met1
      Partial area ratio:    2.46
      Required ratio:    0.00 (Gate area) 
      Cumulative area ratio:    2.46
      Required ratio:    0.00 (Cumulative area) 
      Partial area ratio:   11.45
      Required ratio:  400.00 (Side area) 
      Cumulative area ratio:   11.45
      Required ratio:    0.00 (Cumulative side area) 

    Layer: via
      Partial area ratio:    0.21
      Required ratio:    6.00 (Gate area) 
      Cumulative area ratio:    0.35
      Required ratio:    0.00 (Cumulative area) 

    Layer: met2
      Partial area ratio:    0.88
      Required ratio:    0.00 (Gate area) 
      Cumulative area ratio:    3.34
      Required ratio:    0.00 (Cumulative area) 
      Partial area ratio:    4.04
      Required ratio:  400.00 (Side area) 
      Cumulative area ratio:   15.50
      Required ratio:    0.00 (Cumulative side area) 

    Layer: via2
      Partial area ratio:    0.19
      Required ratio:    6.00 (Gate area) 
      Cumulative area ratio:    0.53
      Required ratio:    0.00 (Cumulative area) 

    Layer: met3
      Partial area ratio:   29.74
      Required ratio:    0.00 (Gate area) 
      Cumulative area ratio:   33.08
      Required ratio:    0.00 (Cumulative area) 
      Partial area ratio:  160.79
      Required ratio:  400.00 (Side area) 
      Cumulative area ratio:  176.28
      Required ratio:    0.00 (Cumulative side area) 

    Layer: via3
      Partial area ratio:    0.19
      Required ratio:    6.00 (Gate area) 
      Cumulative area ratio:    0.72
      Required ratio:    0.00 (Cumulative area) 

    Layer: met4
      Partial area ratio:   49.55
      Required ratio:    0.00 (Gate area) 
      Cumulative area ratio:   82.63
      Required ratio:    0.00 (Cumulative area) 
      Partial area ratio:  267.04
      Required ratio: 2778.20 (Side area) 
      Cumulative area ratio:  443.33
      Required ratio:    0.00 (Cumulative side area) 



Net: ce_row\[0\]
  Pin:   _136_/A (sky130_fd_sc_hd__inv_2)
    Layer: mcon
      Partial area ratio:    0.06
      Required ratio:    3.00 (Gate area) 
      Cumulative area ratio:    0.06
      Required ratio:    0.00 (Cumulative area) 

    Layer: met1
      Partial area ratio:    1.61
      Required ratio:    0.00 (Gate area) 
      Cumulative area ratio:    1.61
      Required ratio:    0.00 (Cumulative area) 
      Partial area ratio:    7.70
      Required ratio:  400.00 (Side area) 
      Cumulative area ratio:    7.70
      Required ratio:    0.00 (Cumulative side area) 

    Layer: via
      Partial area ratio:    0.09
      Required ratio:    6.00 (Gate area) 
      Cumulative area ratio:    0.15
      Required ratio:    0.00 (Cumulative area) 

    Layer: met2
      Partial area ratio:    0.38
      Required ratio:    0.00 (Gate area) 
      Cumulative area ratio:    1.99
      Required ratio:    0.00 (Cumulative area) 
      Partial area ratio:    1.74
      Required ratio:  400.00 (Side area) 
      Cumulative area ratio:    9.44
      Required ratio:    0.00 (Cumulative side area) 

    Layer: via2
      Partial area ratio:    0.08
      Required ratio:    6.00 (Gate area) 
      Cumulative area ratio:    0.23
      Required ratio:    0.00 (Cumulative area) 

    Layer: met3
      Partial area ratio:    0.25
      Required ratio:    0.00 (Gate area) 
      Cumulative area ratio:    2.24
      Required ratio:    0.00 (Cumulative area) 
      Partial area ratio:    2.29
      Required ratio:  400.00 (Side area) 
      Cumulative area ratio:   11.73
      Required ratio:    0.00 (Cumulative side area) 

    Layer: via3
      Partial area ratio:    0.08
      Required ratio:    6.00 (Gate area) 
      Cumulative area ratio:    0.31
      Required ratio:    0.00 (Cumulative area) 

    Layer: met4
      Partial area ratio:   37.02
      Required ratio:    0.00 (Gate area) 
      Cumulative area ratio:   39.27
      Required ratio:    0.00 (Cumulative area) 
      Partial area ratio:  199.13
      Required ratio: 2778.20 (Side area) 
      Cumulative area ratio:  210.86
      Required ratio:    0.00 (Cumulative side area) 


  Pin:   g_row\[0\].g_col\[0\].pe/_1407_/A1_N (sky130_fd_sc_hd__o2bb2a_2)
    Layer: mcon
      Partial area ratio:    0.18
      Required ratio:    3.00 (Gate area) 
      Cumulative area ratio:    0.18
      Required ratio:    0.00 (Cumulative area) 

    Layer: met1
      Partial area ratio:    2.39
      Required ratio:    0.00 (Gate area) 
      Cumulative area ratio:    2.39
      Required ratio:    0.00 (Cumulative area) 
      Partial area ratio:   10.87
      Required ratio:  400.00 (Side area) 
      Cumulative area ratio:   10.87
      Required ratio:    0.00 (Cumulative side area) 

    Layer: via
      Partial area ratio:    0.28
      Required ratio:    6.00 (Gate area) 
      Cumulative area ratio:    0.46
      Required ratio:    0.00 (Cumulative area) 

    Layer: met2
      Partial area ratio:    0.95
      Required ratio:    0.00 (Gate area) 
      Cumulative area ratio:    3.35
      Required ratio:    0.00 (Cumulative area) 
      Partial area ratio:    3.52
      Required ratio:  400.00 (Side area) 
      Cumulative area ratio:   14.40
      Required ratio:    0.00 (Cumulative side area) 

    Layer: via2
      Partial area ratio:    0.25
      Required ratio:    6.00 (Gate area) 
      Cumulative area ratio:    0.72
      Required ratio:    0.00 (Cumulative area) 

    Layer: met3
      Partial area ratio:   92.66
      Required ratio:    0.00 (Gate area) 
      Cumulative area ratio:   96.01
      Required ratio:    0.00 (Cumulative area) 
      Partial area ratio:  500.08
      Required ratio:  400.00 (Side area) (VIOLATED)
      Cumulative area ratio:  514.47
      Required ratio:    0.00 (Cumulative side area) 

    Layer: via3
      Partial area ratio:    0.25
      Required ratio:    6.00 (Gate area) 
      Cumulative area ratio:    0.97
      Required ratio:    0.00 (Cumulative area) 

    Layer: met4
      Partial area ratio:   37.02
      Required ratio:    0.00 (Gate area) 
      Cumulative area ratio:  133.03
      Required ratio:    0.00 (Cumulative area) 
      Partial area ratio:  199.13
      Required ratio: 2778.20 (Side area) 
      Cumulative area ratio:  713.60
      Required ratio:    0.00 (Cumulative side area) 


  Pin:   g_row\[0\].g_col\[1\].pe/_1407_/A1_N (sky130_fd_sc_hd__o2bb2a_2)
    Layer: mcon
      Partial area ratio:    0.18
      Required ratio:    3.00 (Gate area) 
      Cumulative area ratio:    0.18
      Required ratio:    0.00 (Cumulative area) 

    Layer: met1
      Partial area ratio:   19.68
      Required ratio:    0.00 (Gate area) 
      Cumulative area ratio:   19.68
      Required ratio:    0.00 (Cumulative area) 
      Partial area ratio:   96.55
      Required ratio:  400.00 (Side area) 
      Cumulative area ratio:   96.55
      Required ratio:    0.00 (Cumulative side area) 

    Layer: via
      Partial area ratio:    0.42
      Required ratio:    6.00 (Gate area) 
      Cumulative area ratio:    0.61
      Required ratio:    0.00 (Cumulative area) 

    Layer: met2
      Partial area ratio:    8.12
      Required ratio:    0.00 (Gate area) 
      Cumulative area ratio:   27.80
      Required ratio:    0.00 (Cumulative area) 
      Partial area ratio:   39.07
      Required ratio:  400.00 (Side area) 
      Cumulative area ratio:  135.62
      Required ratio:    0.00 (Cumulative side area) 

    Layer: via2
      Partial area ratio:    0.50
      Required ratio:    6.00 (Gate area) 
      Cumulative area ratio:    1.11
      Required ratio:    0.00 (Cumulative area) 

    Layer: met3
      Partial area ratio:  229.38
      Required ratio:    0.00 (Gate area) 
      Cumulative area ratio:  257.18
      Required ratio:    0.00 (Cumulative area) 
      Partial area ratio: 1229.26
      Required ratio:  400.00 (Side area) (VIOLATED)
      Cumulative area ratio: 1364.88
      Required ratio:    0.00 (Cumulative side area) 

    Layer: via3
      Partial area ratio:    0.38
      Required ratio:    6.00 (Gate area) 
      Cumulative area ratio:    1.49
      Required ratio:    0.00 (Cumulative area) 

    Layer: met4
      Partial area ratio:   37.02
      Required ratio:    0.00 (Gate area) 
      Cumulative area ratio:  294.21
      Required ratio:    0.00 (Cumulative area) 
      Partial area ratio:  199.13
      Required ratio: 2778.20 (Side area) 
      Cumulative area ratio: 1564.01
      Required ratio:    0.00 (Cumulative side area) 


  Pin:   g_row\[1\].g_col\[0\].pe/_1407_/A1_N (sky130_fd_sc_hd__o2bb2a_2)
    Layer: mcon
      Partial area ratio:    0.18
      Required ratio:    3.00 (Gate area) 
      Cumulative area ratio:    0.18
      Required ratio:    0.00 (Cumulative area) 

    Layer: met1
      Partial area ratio:    6.14
      Required ratio:    0.00 (Gate area) 
      Cumulative area ratio:    6.14
      Required ratio:    0.00 (Cumulative area) 
      Partial area ratio:   29.54
      Required ratio:  400.00 (Side area) 
      Cumulative area ratio:   29.54
      Required ratio:    0.00 (Cumulative side area) 

    Layer: via
      Partial area ratio:    0.28
      Required ratio:    6.00 (Gate area) 
      Cumulative area ratio:    0.46
      Required ratio:    0.00 (Cumulative area) 

    Layer: met2
      Partial area ratio:    1.17
      Required ratio:    0.00 (Gate area) 
      Cumulative area ratio:    7.32
      Required ratio:    0.00 (Cumulative area) 
      Partial area ratio:    5.42
      Required ratio:  400.00 (Side area) 
      Cumulative area ratio:   34.96
      Required ratio:    0.00 (Cumulative side area) 

    Layer: via2
      Partial area ratio:    0.25
      Required ratio:    6.00 (Gate area) 
      Cumulative area ratio:    0.72
      Required ratio:    0.00 (Cumulative area) 

    Layer: met3
      Partial area ratio:    0.79
      Required ratio:    0.00 (Gate area) 
      Cumulative area ratio:    8.10
      Required ratio:    0.00 (Cumulative area) 
      Partial area ratio:    7.14
      Required ratio:  400.00 (Side area) 
      Cumulative area ratio:   42.10
      Required ratio:    0.00 (Cumulative side area) 

    Layer: via3
      Partial area ratio:    0.25
      Required ratio:    6.00 (Gate area) 
      Cumulative area ratio:    0.97
      Required ratio:    0.00 (Cumulative area) 

    Layer: met4
      Partial area ratio:   37.02
      Required ratio:    0.00 (Gate area) 
      Cumulative area ratio:   45.13
      Required ratio:    0.00 (Cumulative area) 
      Partial area ratio:  199.13
      Required ratio: 2778.20 (Side area) 
      Cumulative area ratio:  241.23
      Required ratio:    0.00 (Cumulative side area) 


  Pin:   g_row\[1\].g_col\[1\].pe/_1407_/A1_N (sky130_fd_sc_hd__o2bb2a_2)
    Layer: mcon
      Partial area ratio:    0.18
      Required ratio:    3.00 (Gate area) 
      Cumulative area ratio:    0.18
      Required ratio:    0.00 (Cumulative area) 

    Layer: met1
      Partial area ratio:    4.42
      Required ratio:    0.00 (Gate area) 
      Cumulative area ratio:    4.42
      Required ratio:    0.00 (Cumulative area) 
      Partial area ratio:   20.96
      Required ratio:  400.00 (Side area) 
      Cumulative area ratio:   20.96
      Required ratio:    0.00 (Cumulative side area) 

    Layer: via
      Partial area ratio:    0.28
      Required ratio:    6.00 (Gate area) 
      Cumulative area ratio:    0.46
      Required ratio:    0.00 (Cumulative area) 

    Layer: met2
      Partial area ratio:   87.32
      Required ratio:    0.00 (Gate area) 
      Cumulative area ratio:   91.75
      Required ratio:    0.00 (Cumulative area) 
      Partial area ratio:  434.40
      Required ratio:  400.00 (Side area) (VIOLATED)
      Cumulative area ratio:  455.35
      Required ratio:    0.00 (Cumulative side area) 

    Layer: via2
      Partial area ratio:    0.50
      Required ratio:    6.00 (Gate area) 
      Cumulative area ratio:    0.97
      Required ratio:    0.00 (Cumulative area) 

    Layer: met3
      Partial area ratio:  229.38
      Required ratio:    0.00 (Gate area) 
      Cumulative area ratio:  321.13
      Required ratio:    0.00 (Cumulative area) 
      Partial area ratio: 1229.26
      Required ratio:  400.00 (Side area) (VIOLATED)
      Cumulative area ratio: 1684.61
      Required ratio:    0.00 (Cumulative side area) 

    Layer: via3
      Partial area ratio:    0.38
      Required ratio:    6.00 (Gate area) 
      Cumulative area ratio:    1.35
      Required ratio:    0.00 (Cumulative area) 

    Layer: met4
      Partial area ratio:   37.02
      Required ratio:    0.00 (Gate area) 
      Cumulative area ratio:  358.16
      Required ratio:    0.00 (Cumulative area) 
      Partial area ratio:  199.13
      Required ratio: 2778.20 (Side area) 
      Cumulative area ratio: 1883.74
      Required ratio:    0.00 (Cumulative side area) 



Net: net1411
  Pin:   output1411/A (sky130_fd_sc_hd__buf_2)
    Layer: mcon
      Partial area ratio:    0.18
      Required ratio:    3.00 (Gate area) 
      Cumulative area ratio:    0.18
      Required ratio:    0.00 (Cumulative area) 

    Layer: met1
      Partial area ratio:    4.47
      Required ratio:    0.00 (Gate area) 
      Cumulative area ratio:    4.47
      Required ratio:    0.00 (Cumulative area) 
      Partial area ratio:   21.17
      Required ratio:  400.00 (Side area) 
      Cumulative area ratio:   21.17
      Required ratio:    0.00 (Cumulative side area) 

    Layer: via
      Partial area ratio:    0.28
      Required ratio:    6.00 (Gate area) 
      Cumulative area ratio:    0.46
      Required ratio:    0.00 (Cumulative area) 

    Layer: met2
      Partial area ratio:   19.62
      Required ratio:    0.00 (Gate area) 
      Cumulative area ratio:   24.09
      Required ratio:    0.00 (Cumulative area) 
      Partial area ratio:   96.97
      Required ratio:  400.00 (Side area) 
      Cumulative area ratio:  118.13
      Required ratio:    0.00 (Cumulative side area) 

    Layer: via2
      Partial area ratio:    0.25
      Required ratio:    6.00 (Gate area) 
      Cumulative area ratio:    0.72
      Required ratio:    0.00 (Cumulative area) 

    Layer: met3
      Partial area ratio:   91.91
      Required ratio:    0.00 (Gate area) 
      Cumulative area ratio:  116.00
      Required ratio:    0.00 (Cumulative area) 
      Partial area ratio:  493.13
      Required ratio:  400.00 (Side area) (VIOLATED)
      Cumulative area ratio:  611.26
      Required ratio:    0.00 (Cumulative side area) 

    Layer: via3
      Partial area ratio:    0.25
      Required ratio:    6.00 (Gate area) 
      Cumulative area ratio:    0.97
      Required ratio:    0.00 (Cumulative area) 

    Layer: met4
      Partial area ratio:   13.77
      Required ratio:    0.00 (Gate area) 
      Cumulative area ratio:  129.77
      Required ratio:    0.00 (Cumulative area) 
      Partial area ratio:   76.38
      Required ratio: 2965.20 (Side area) 
      Cumulative area ratio:  687.64
      Required ratio:    0.00 (Cumulative side area) 



Net: g_row\[0\].g_col\[0\].pe/r3_prod_mant\[9\]
  Pin:   g_row\[0\].g_col\[0\].pe/_2434_/A (sky130_fd_sc_hd__xnor2_2)
    Layer: mcon
      Partial area ratio:    0.03
      Required ratio:    3.00 (Gate area) 
      Cumulative area ratio:    0.03
      Required ratio:    0.00 (Cumulative area) 

    Layer: met1
      Partial area ratio:    1.99
      Required ratio:    0.00 (Gate area) 
      Cumulative area ratio:    1.99
      Required ratio:    0.00 (Cumulative area) 
      Partial area ratio:    9.60
      Required ratio: 2778.20 (Side area) 
      Cumulative area ratio:    9.60
      Required ratio:    0.00 (Cumulative side area) 

    Layer: via
      Partial area ratio:    0.07
      Required ratio:   22.04 (Gate area) 
      Cumulative area ratio:    0.10
      Required ratio:    0.00 (Cumulative area) 

    Layer: met2
      Partial area ratio:    0.27
      Required ratio:    0.00 (Gate area) 
      Cumulative area ratio:    2.27
      Required ratio:    0.00 (Cumulative area) 
      Partial area ratio:    1.28
      Required ratio: 2778.20 (Side area) 
      Cumulative area ratio:   10.88
      Required ratio:    0.00 (Cumulative side area) 

    Layer: via2
      Partial area ratio:    0.04
      Required ratio:   22.04 (Gate area) 
      Cumulative area ratio:    0.14
      Required ratio:    0.00 (Cumulative area) 

    Layer: met3
      Partial area ratio:    0.13
      Required ratio:    0.00 (Gate area) 
      Cumulative area ratio:    2.39
      Required ratio:    0.00 (Cumulative area) 
      Partial area ratio:    1.15
      Required ratio: 2778.20 (Side area) 
      Cumulative area ratio:   12.03
      Required ratio:    0.00 (Cumulative side area) 

    Layer: via3
      Partial area ratio:    0.04
      Required ratio:   22.04 (Gate area) 
      Cumulative area ratio:    0.18
      Required ratio:    0.00 (Cumulative area) 

    Layer: met4
      Partial area ratio:   13.86
      Required ratio:    0.00 (Gate area) 
      Cumulative area ratio:   16.26
      Required ratio:    0.00 (Cumulative area) 
      Partial area ratio:   74.33
      Required ratio: 2778.20 (Side area) 
      Cumulative area ratio:   86.36
      Required ratio:    0.00 (Cumulative side area) 


  Pin:   g_row\[0\].g_col\[0\].pe/hold1703/A (sky130_fd_sc_hd__clkbuf_2)
    Layer: mcon
      Partial area ratio:    0.14
      Required ratio:    3.00 (Gate area) 
      Cumulative area ratio:    0.14
      Required ratio:    0.00 (Cumulative area) 

    Layer: met1
      Partial area ratio:    1.52
      Required ratio:    0.00 (Gate area) 
      Cumulative area ratio:    1.52
      Required ratio:    0.00 (Cumulative area) 
      Partial area ratio:    6.75
      Required ratio:  400.00 (Side area) 
      Cumulative area ratio:    6.75
      Required ratio:    0.00 (Cumulative side area) 

    Layer: via
      Partial area ratio:    0.21
      Required ratio:    6.00 (Gate area) 
      Cumulative area ratio:    0.35
      Required ratio:    0.00 (Cumulative area) 

    Layer: met2
      Partial area ratio:    0.88
      Required ratio:    0.00 (Gate area) 
      Cumulative area ratio:    2.40
      Required ratio:    0.00 (Cumulative area) 
      Partial area ratio:    4.04
      Required ratio:  400.00 (Side area) 
      Cumulative area ratio:   10.80
      Required ratio:    0.00 (Cumulative side area) 

    Layer: via2
      Partial area ratio:    0.19
      Required ratio:    6.00 (Gate area) 
      Cumulative area ratio:    0.53
      Required ratio:    0.00 (Cumulative area) 

    Layer: met3
      Partial area ratio:   88.05
      Required ratio:    0.00 (Gate area) 
      Cumulative area ratio:   90.45
      Required ratio:    0.00 (Cumulative area) 
      Partial area ratio:  471.77
      Required ratio:  400.00 (Side area) (VIOLATED)
      Cumulative area ratio:  482.57
      Required ratio:    0.00 (Cumulative side area) 

    Layer: via3
      Partial area ratio:    0.19
      Required ratio:    6.00 (Gate area) 
      Cumulative area ratio:    0.72
      Required ratio:    0.00 (Cumulative area) 

    Layer: met4
      Partial area ratio:   13.86
      Required ratio:    0.00 (Gate area) 
      Cumulative area ratio:  104.31
      Required ratio:    0.00 (Cumulative area) 
      Partial area ratio:   74.33
      Required ratio: 2778.20 (Side area) 
      Cumulative area ratio:  556.90
      Required ratio:    0.00 (Cumulative side area) 



Net: a_inputs_flat[6]
  Pin:   hold3347/A (sky130_fd_sc_hd__clkbuf_2)
    Layer: mcon
      Partial area ratio:    0.14
      Required ratio:    3.00 (Gate area) 
      Cumulative area ratio:    0.14
      Required ratio:    0.00 (Cumulative area) 

    Layer: met1
      Partial area ratio:    2.07
      Required ratio:    0.00 (Gate area) 
      Cumulative area ratio:    2.07
      Required ratio:    0.00 (Cumulative area) 
      Partial area ratio:    9.48
      Required ratio:  400.00 (Side area) 
      Cumulative area ratio:    9.48
      Required ratio:    0.00 (Cumulative side area) 

    Layer: via
      Partial area ratio:    0.21
      Required ratio:    6.00 (Gate area) 
      Cumulative area ratio:    0.35
      Required ratio:    0.00 (Cumulative area) 

    Layer: met2
      Partial area ratio:    0.88
      Required ratio:    0.00 (Gate area) 
      Cumulative area ratio:    2.95
      Required ratio:    0.00 (Cumulative area) 
      Partial area ratio:    4.04
      Required ratio:  400.00 (Side area) 
      Cumulative area ratio:   13.52
      Required ratio:    0.00 (Cumulative side area) 

    Layer: via2
      Partial area ratio:    0.19
      Required ratio:    6.00 (Gate area) 
      Cumulative area ratio:    0.53
      Required ratio:    0.00 (Cumulative area) 

    Layer: met3
      Partial area ratio:  118.25
      Required ratio:    0.00 (Gate area) 
      Cumulative area ratio:  121.19
      Required ratio:    0.00 (Cumulative area) 
      Partial area ratio:  637.30
      Required ratio:  400.00 (Side area) (VIOLATED)
      Cumulative area ratio:  650.82
      Required ratio:    0.00 (Cumulative side area) 



Net: a_inputs_flat[3]
  Pin:   hold3263/A (sky130_fd_sc_hd__clkbuf_2)
    Layer: mcon
      Partial area ratio:    0.14
      Required ratio:    3.00 (Gate area) 
      Cumulative area ratio:    0.14
      Required ratio:    0.00 (Cumulative area) 

    Layer: met1
      Partial area ratio:   12.29
      Required ratio:    0.00 (Gate area) 
      Cumulative area ratio:   12.29
      Required ratio:    0.00 (Cumulative area) 
      Partial area ratio:   60.58
      Required ratio:  400.00 (Side area) 
      Cumulative area ratio:   60.58
      Required ratio:    0.00 (Cumulative side area) 

    Layer: via
      Partial area ratio:    0.21
      Required ratio:    6.00 (Gate area) 
      Cumulative area ratio:    0.35
      Required ratio:    0.00 (Cumulative area) 

    Layer: met2
      Partial area ratio:    5.58
      Required ratio:    0.00 (Gate area) 
      Cumulative area ratio:   17.87
      Required ratio:    0.00 (Cumulative area) 
      Partial area ratio:   27.03
      Required ratio:  400.00 (Side area) 
      Cumulative area ratio:   87.62
      Required ratio:    0.00 (Cumulative side area) 

    Layer: via2
      Partial area ratio:    0.19
      Required ratio:    6.00 (Gate area) 
      Cumulative area ratio:    0.53
      Required ratio:    0.00 (Cumulative area) 

    Layer: met3
      Partial area ratio:   93.41
      Required ratio:    0.00 (Gate area) 
      Cumulative area ratio:  111.28
      Required ratio:    0.00 (Cumulative area) 
      Partial area ratio:  502.65
      Required ratio:  400.00 (Side area) (VIOLATED)
      Cumulative area ratio:  590.26
      Required ratio:    0.00 (Cumulative side area) 



Net: a_inputs_flat[31]
  Pin:   hold3172/A (sky130_fd_sc_hd__clkbuf_2)
    Layer: mcon
      Partial area ratio:    0.14
      Required ratio:    3.00 (Gate area) 
      Cumulative area ratio:    0.14
      Required ratio:    0.00 (Cumulative area) 

    Layer: met1
      Partial area ratio:    4.71
      Required ratio:    0.00 (Gate area) 
      Cumulative area ratio:    4.71
      Required ratio:    0.00 (Cumulative area) 
      Partial area ratio:   22.69
      Required ratio:  400.00 (Side area) 
      Cumulative area ratio:   22.69
      Required ratio:    0.00 (Cumulative side area) 

    Layer: via
      Partial area ratio:    0.21
      Required ratio:    6.00 (Gate area) 
      Cumulative area ratio:    0.35
      Required ratio:    0.00 (Cumulative area) 

    Layer: met2
      Partial area ratio:    0.88
      Required ratio:    0.00 (Gate area) 
      Cumulative area ratio:    5.59
      Required ratio:    0.00 (Cumulative area) 
      Partial area ratio:    4.04
      Required ratio:  400.00 (Side area) 
      Cumulative area ratio:   26.73
      Required ratio:    0.00 (Cumulative side area) 

    Layer: via2
      Partial area ratio:    0.19
      Required ratio:    6.00 (Gate area) 
      Cumulative area ratio:    0.53
      Required ratio:    0.00 (Cumulative area) 

    Layer: met3
      Partial area ratio:  111.87
      Required ratio:    0.00 (Gate area) 
      Cumulative area ratio:  117.46
      Required ratio:    0.00 (Cumulative area) 
      Partial area ratio:  598.87
      Required ratio:  400.00 (Side area) (VIOLATED)
      Cumulative area ratio:  625.61
      Required ratio:    0.00 (Cumulative side area) 



Net: net1470
  Pin:   hold3230/A (sky130_fd_sc_hd__clkbuf_2)
    Layer: mcon
      Partial area ratio:    0.14
      Required ratio:    3.00 (Gate area) 
      Cumulative area ratio:    0.14
      Required ratio:    0.00 (Cumulative area) 

    Layer: met1
      Partial area ratio:    2.43
      Required ratio:    0.00 (Gate area) 
      Cumulative area ratio:    2.43
      Required ratio:    0.00 (Cumulative area) 
      Partial area ratio:   11.26
      Required ratio:  400.00 (Side area) 
      Cumulative area ratio:   11.26
      Required ratio:    0.00 (Cumulative side area) 

    Layer: via
      Partial area ratio:    0.21
      Required ratio:    6.00 (Gate area) 
      Cumulative area ratio:    0.35
      Required ratio:    0.00 (Cumulative area) 

    Layer: met2
      Partial area ratio:   14.65
      Required ratio:    0.00 (Gate area) 
      Cumulative area ratio:   17.07
      Required ratio:    0.00 (Cumulative area) 
      Partial area ratio:   72.38
      Required ratio:  400.00 (Side area) 
      Cumulative area ratio:   83.64
      Required ratio:    0.00 (Cumulative side area) 

    Layer: via2
      Partial area ratio:    0.19
      Required ratio:    6.00 (Gate area) 
      Cumulative area ratio:    0.53
      Required ratio:    0.00 (Cumulative area) 

    Layer: met3
      Partial area ratio:   97.77
      Required ratio:    0.00 (Gate area) 
      Cumulative area ratio:  114.84
      Required ratio:    0.00 (Cumulative area) 
      Partial area ratio:  523.61
      Required ratio:  400.00 (Side area) (VIOLATED)
      Cumulative area ratio:  607.24
      Required ratio:    0.00 (Cumulative side area) 

    Layer: via3
      Partial area ratio:    0.19
      Required ratio:    6.00 (Gate area) 
      Cumulative area ratio:    0.72
      Required ratio:    0.00 (Cumulative area) 

    Layer: met4
      Partial area ratio:  107.46
      Required ratio:    0.00 (Gate area) 
      Cumulative area ratio:  222.30
      Required ratio:    0.00 (Cumulative area) 
      Partial area ratio:  575.32
      Required ratio: 2753.36 (Side area) 
      Cumulative area ratio: 1182.57
      Required ratio:    0.00 (Cumulative side area) 



Net: net1476
  Pin:   hold3300/A (sky130_fd_sc_hd__clkbuf_2)
    Layer: li1
      Partial area ratio:    0.02
      Required ratio:    0.00 (Gate area) 
      Cumulative area ratio:    0.02
      Required ratio:    0.00 (Cumulative area) 
      Partial area ratio:    0.18
      Required ratio:   75.00 (Side area) 
      Cumulative area ratio:    0.18
      Required ratio:    0.00 (Cumulative side area) 

    Layer: mcon
      Partial area ratio:    0.14
      Required ratio:    3.00 (Gate area) 
      Cumulative area ratio:    0.14
      Required ratio:    0.00 (Cumulative area) 

    Layer: met1
      Partial area ratio:    0.39
      Required ratio:    0.00 (Gate area) 
      Cumulative area ratio:    0.41
      Required ratio:    0.00 (Cumulative area) 
      Partial area ratio:    1.91
      Required ratio:  400.00 (Side area) 
      Cumulative area ratio:    2.08
      Required ratio:    0.00 (Cumulative side area) 

    Layer: via
      Partial area ratio:    0.11
      Required ratio:    6.00 (Gate area) 
      Cumulative area ratio:    0.24
      Required ratio:    0.00 (Cumulative area) 

    Layer: met2
      Partial area ratio:    0.49
      Required ratio:    0.00 (Gate area) 
      Cumulative area ratio:    0.89
      Required ratio:    0.00 (Cumulative area) 
      Partial area ratio:    2.14
      Required ratio:  400.00 (Side area) 
      Cumulative area ratio:    4.22
      Required ratio:    0.00 (Cumulative side area) 

    Layer: via2
      Partial area ratio:    0.19
      Required ratio:    6.00 (Gate area) 
      Cumulative area ratio:    0.43
      Required ratio:    0.00 (Cumulative area) 

    Layer: met3
      Partial area ratio:   78.33
      Required ratio:    0.00 (Gate area) 
      Cumulative area ratio:   79.22
      Required ratio:    0.00 (Cumulative area) 
      Partial area ratio:  419.94
      Required ratio:  400.00 (Side area) (VIOLATED)
      Cumulative area ratio:  424.16
      Required ratio:    0.00 (Cumulative side area) 

    Layer: via3
      Partial area ratio:    0.19
      Required ratio:    6.00 (Gate area) 
      Cumulative area ratio:    0.62
      Required ratio:    0.00 (Cumulative area) 

    Layer: met4
      Partial area ratio:   98.30
      Required ratio:    0.00 (Gate area) 
      Cumulative area ratio:  177.52
      Required ratio:    0.00 (Cumulative area) 
      Partial area ratio:  528.68
      Required ratio: 2753.36 (Side area) 
      Cumulative area ratio:  952.84
      Required ratio:    0.00 (Cumulative side area) 



Net: net1514
  Pin:   hold2587/A (sky130_fd_sc_hd__clkbuf_2)
    Layer: mcon
      Partial area ratio:    0.14
      Required ratio:    3.00 (Gate area) 
      Cumulative area ratio:    0.14
      Required ratio:    0.00 (Cumulative area) 

    Layer: met1
      Partial area ratio:    3.10
      Required ratio:    0.00 (Gate area) 
      Cumulative area ratio:    3.10
      Required ratio:    0.00 (Cumulative area) 
      Partial area ratio:   14.61
      Required ratio:  400.00 (Side area) 
      Cumulative area ratio:   14.61
      Required ratio:    0.00 (Cumulative side area) 

    Layer: via
      Partial area ratio:    0.21
      Required ratio:    6.00 (Gate area) 
      Cumulative area ratio:    0.35
      Required ratio:    0.00 (Cumulative area) 

    Layer: met2
      Partial area ratio:   10.11
      Required ratio:    0.00 (Gate area) 
      Cumulative area ratio:   13.21
      Required ratio:    0.00 (Cumulative area) 
      Partial area ratio:   49.71
      Required ratio:  400.00 (Side area) 
      Cumulative area ratio:   64.31
      Required ratio:    0.00 (Cumulative side area) 

    Layer: via2
      Partial area ratio:    0.19
      Required ratio:    6.00 (Gate area) 
      Cumulative area ratio:    0.53
      Required ratio:    0.00 (Cumulative area) 

    Layer: met3
      Partial area ratio:   78.33
      Required ratio:    0.00 (Gate area) 
      Cumulative area ratio:   91.54
      Required ratio:    0.00 (Cumulative area) 
      Partial area ratio:  419.94
      Required ratio:  400.00 (Side area) (VIOLATED)
      Cumulative area ratio:  484.26
      Required ratio:    0.00 (Cumulative side area) 

    Layer: via3
      Partial area ratio:    0.19
      Required ratio:    6.00 (Gate area) 
      Cumulative area ratio:    0.72
      Required ratio:    0.00 (Cumulative area) 

    Layer: met4
      Partial area ratio:   49.15
      Required ratio:    0.00 (Gate area) 
      Cumulative area ratio:  140.68
      Required ratio:    0.00 (Cumulative area) 
      Partial area ratio:  264.34
      Required ratio: 2753.36 (Side area) 
      Cumulative area ratio:  748.60
      Required ratio:    0.00 (Cumulative side area) 



Net: net1515
  Pin:   hold3321/A (sky130_fd_sc_hd__clkbuf_2)
    Layer: mcon
      Partial area ratio:    0.14
      Required ratio:    3.00 (Gate area) 
      Cumulative area ratio:    0.14
      Required ratio:    0.00 (Cumulative area) 

    Layer: met1
      Partial area ratio:    4.57
      Required ratio:    0.00 (Gate area) 
      Cumulative area ratio:    4.57
      Required ratio:    0.00 (Cumulative area) 
      Partial area ratio:   22.00
      Required ratio:  400.00 (Side area) 
      Cumulative area ratio:   22.00
      Required ratio:    0.00 (Cumulative side area) 

    Layer: via
      Partial area ratio:    0.21
      Required ratio:    6.00 (Gate area) 
      Cumulative area ratio:    0.35
      Required ratio:    0.00 (Cumulative area) 

    Layer: met2
      Partial area ratio:    5.58
      Required ratio:    0.00 (Gate area) 
      Cumulative area ratio:   10.15
      Required ratio:    0.00 (Cumulative area) 
      Partial area ratio:   27.03
      Required ratio:  400.00 (Side area) 
      Cumulative area ratio:   49.03
      Required ratio:    0.00 (Cumulative side area) 

    Layer: via2
      Partial area ratio:    0.19
      Required ratio:    6.00 (Gate area) 
      Cumulative area ratio:    0.53
      Required ratio:    0.00 (Cumulative area) 

    Layer: met3
      Partial area ratio:  107.48
      Required ratio:    0.00 (Gate area) 
      Cumulative area ratio:  117.63
      Required ratio:    0.00 (Cumulative area) 
      Partial area ratio:  575.44
      Required ratio:  400.00 (Side area) (VIOLATED)
      Cumulative area ratio:  624.47
      Required ratio:    0.00 (Cumulative side area) 

    Layer: via3
      Partial area ratio:    0.19
      Required ratio:    6.00 (Gate area) 
      Cumulative area ratio:    0.72
      Required ratio:    0.00 (Cumulative area) 

    Layer: met4
      Partial area ratio:  127.45
      Required ratio:    0.00 (Gate area) 
      Cumulative area ratio:  245.09
      Required ratio:    0.00 (Cumulative area) 
      Partial area ratio:  684.17
      Required ratio: 2753.36 (Side area) 
      Cumulative area ratio: 1308.64
      Required ratio:    0.00 (Cumulative side area) 



Net: net1531
  Pin:   hold3409/A (sky130_fd_sc_hd__clkbuf_2)
    Layer: mcon
      Partial area ratio:    0.14
      Required ratio:    3.00 (Gate area) 
      Cumulative area ratio:    0.14
      Required ratio:    0.00 (Cumulative area) 

    Layer: met1
      Partial area ratio:    2.89
      Required ratio:    0.00 (Gate area) 
      Cumulative area ratio:    2.89
      Required ratio:    0.00 (Cumulative area) 
      Partial area ratio:   13.59
      Required ratio:  400.00 (Side area) 
      Cumulative area ratio:   13.59
      Required ratio:    0.00 (Cumulative side area) 

    Layer: via
      Partial area ratio:    0.21
      Required ratio:    6.00 (Gate area) 
      Cumulative area ratio:    0.35
      Required ratio:    0.00 (Cumulative area) 

    Layer: met2
      Partial area ratio:   10.11
      Required ratio:    0.00 (Gate area) 
      Cumulative area ratio:   13.00
      Required ratio:    0.00 (Cumulative area) 
      Partial area ratio:   49.71
      Required ratio:  400.00 (Side area) 
      Cumulative area ratio:   63.30
      Required ratio:    0.00 (Cumulative side area) 

    Layer: via2
      Partial area ratio:    0.19
      Required ratio:    6.00 (Gate area) 
      Cumulative area ratio:    0.53
      Required ratio:    0.00 (Cumulative area) 

    Layer: met3
      Partial area ratio:   78.89
      Required ratio:    0.00 (Gate area) 
      Cumulative area ratio:   91.89
      Required ratio:    0.00 (Cumulative area) 
      Partial area ratio:  425.13
      Required ratio:  400.00 (Side area) (VIOLATED)
      Cumulative area ratio:  488.42
      Required ratio:    0.00 (Cumulative side area) 

    Layer: via3
      Partial area ratio:    0.19
      Required ratio:    6.00 (Gate area) 
      Cumulative area ratio:    0.72
      Required ratio:    0.00 (Cumulative area) 

    Layer: met4
      Partial area ratio:   98.30
      Required ratio:    0.00 (Gate area) 
      Cumulative area ratio:  190.19
      Required ratio:    0.00 (Cumulative area) 
      Partial area ratio:  528.68
      Required ratio: 2753.36 (Side area) 
      Cumulative area ratio: 1017.10
      Required ratio:    0.00 (Cumulative side area) 



Net: net1554
  Pin:   hold3370/A (sky130_fd_sc_hd__clkbuf_2)
    Layer: mcon
      Partial area ratio:    0.14
      Required ratio:    3.00 (Gate area) 
      Cumulative area ratio:    0.14
      Required ratio:    0.00 (Cumulative area) 

    Layer: met1
      Partial area ratio:    4.84
      Required ratio:    0.00 (Gate area) 
      Cumulative area ratio:    4.84
      Required ratio:    0.00 (Cumulative area) 
      Partial area ratio:   23.35
      Required ratio:  400.00 (Side area) 
      Cumulative area ratio:   23.35
      Required ratio:    0.00 (Cumulative side area) 

    Layer: via
      Partial area ratio:    0.21
      Required ratio:    6.00 (Gate area) 
      Cumulative area ratio:    0.35
      Required ratio:    0.00 (Cumulative area) 

    Layer: met2
      Partial area ratio:    0.88
      Required ratio:    0.00 (Gate area) 
      Cumulative area ratio:    5.72
      Required ratio:    0.00 (Cumulative area) 
      Partial area ratio:    4.04
      Required ratio:  400.00 (Side area) 
      Cumulative area ratio:   27.39
      Required ratio:    0.00 (Cumulative side area) 

    Layer: via2
      Partial area ratio:    0.19
      Required ratio:    6.00 (Gate area) 
      Cumulative area ratio:    0.53
      Required ratio:    0.00 (Cumulative area) 

    Layer: met3
      Partial area ratio:   98.32
      Required ratio:    0.00 (Gate area) 
      Cumulative area ratio:  104.04
      Required ratio:    0.00 (Cumulative area) 
      Partial area ratio:  528.79
      Required ratio:  400.00 (Side area) (VIOLATED)
      Cumulative area ratio:  556.18
      Required ratio:    0.00 (Cumulative side area) 

    Layer: via3
      Partial area ratio:    0.19
      Required ratio:    6.00 (Gate area) 
      Cumulative area ratio:    0.72
      Required ratio:    0.00 (Cumulative area) 

    Layer: met4
      Partial area ratio:   68.59
      Required ratio:    0.00 (Gate area) 
      Cumulative area ratio:  172.63
      Required ratio:    0.00 (Cumulative area) 
      Partial area ratio:  368.00
      Required ratio: 2753.36 (Side area) 
      Cumulative area ratio:  924.18
      Required ratio:    0.00 (Cumulative side area) 



Net: net1611
  Pin:   hold3555/A (sky130_fd_sc_hd__clkbuf_2)
    Layer: mcon
      Partial area ratio:    0.14
      Required ratio:    3.00 (Gate area) 
      Cumulative area ratio:    0.14
      Required ratio:    0.00 (Cumulative area) 

    Layer: met1
      Partial area ratio:   10.64
      Required ratio:    0.00 (Gate area) 
      Cumulative area ratio:   10.64
      Required ratio:    0.00 (Cumulative area) 
      Partial area ratio:   52.27
      Required ratio:  400.00 (Side area) 
      Cumulative area ratio:   52.27
      Required ratio:    0.00 (Cumulative side area) 

    Layer: via
      Partial area ratio:    0.21
      Required ratio:    6.00 (Gate area) 
      Cumulative area ratio:    0.35
      Required ratio:    0.00 (Cumulative area) 

    Layer: met2
      Partial area ratio:   15.22
      Required ratio:    0.00 (Gate area) 
      Cumulative area ratio:   25.86
      Required ratio:    0.00 (Cumulative area) 
      Partial area ratio:   74.68
      Required ratio:  400.00 (Side area) 
      Cumulative area ratio:  126.95
      Required ratio:    0.00 (Cumulative side area) 

    Layer: via2
      Partial area ratio:    0.19
      Required ratio:    6.00 (Gate area) 
      Cumulative area ratio:    0.53
      Required ratio:    0.00 (Cumulative area) 

    Layer: met3
      Partial area ratio:   78.89
      Required ratio:    0.00 (Gate area) 
      Cumulative area ratio:  104.75
      Required ratio:    0.00 (Cumulative area) 
      Partial area ratio:  425.13
      Required ratio:  400.00 (Side area) (VIOLATED)
      Cumulative area ratio:  552.08
      Required ratio:    0.00 (Cumulative side area) 

    Layer: via3
      Partial area ratio:    0.19
      Required ratio:    6.00 (Gate area) 
      Cumulative area ratio:    0.72
      Required ratio:    0.00 (Cumulative area) 

    Layer: met4
      Partial area ratio:  129.13
      Required ratio:    0.00 (Gate area) 
      Cumulative area ratio:  233.87
      Required ratio:    0.00 (Cumulative area) 
      Partial area ratio:  699.72
      Required ratio: 2753.36 (Side area) 
      Cumulative area ratio: 1251.80
      Required ratio:    0.00 (Cumulative side area) 



Net: net1623
  Pin:   hold3579/A (sky130_fd_sc_hd__clkbuf_2)
    Layer: mcon
      Partial area ratio:    0.14
      Required ratio:    3.00 (Gate area) 
      Cumulative area ratio:    0.14
      Required ratio:    0.00 (Cumulative area) 

    Layer: met1
      Partial area ratio:    3.67
      Required ratio:    0.00 (Gate area) 
      Cumulative area ratio:    3.67
      Required ratio:    0.00 (Cumulative area) 
      Partial area ratio:   17.47
      Required ratio:  400.00 (Side area) 
      Cumulative area ratio:   17.47
      Required ratio:    0.00 (Cumulative side area) 

    Layer: via
      Partial area ratio:    0.21
      Required ratio:    6.00 (Gate area) 
      Cumulative area ratio:    0.35
      Required ratio:    0.00 (Cumulative area) 

    Layer: met2
      Partial area ratio:   15.22
      Required ratio:    0.00 (Gate area) 
      Cumulative area ratio:   18.88
      Required ratio:    0.00 (Cumulative area) 
      Partial area ratio:   74.68
      Required ratio:  400.00 (Side area) 
      Cumulative area ratio:   92.15
      Required ratio:    0.00 (Cumulative side area) 

    Layer: via2
      Partial area ratio:    0.19
      Required ratio:    6.00 (Gate area) 
      Cumulative area ratio:    0.53
      Required ratio:    0.00 (Cumulative area) 

    Layer: met3
      Partial area ratio:   78.33
      Required ratio:    0.00 (Gate area) 
      Cumulative area ratio:   97.21
      Required ratio:    0.00 (Cumulative area) 
      Partial area ratio:  419.94
      Required ratio:  400.00 (Side area) (VIOLATED)
      Cumulative area ratio:  512.09
      Required ratio:    0.00 (Cumulative side area) 

    Layer: via3
      Partial area ratio:    0.19
      Required ratio:    6.00 (Gate area) 
      Cumulative area ratio:    0.72
      Required ratio:    0.00 (Cumulative area) 

    Layer: met4
      Partial area ratio:   68.59
      Required ratio:    0.00 (Gate area) 
      Cumulative area ratio:  165.80
      Required ratio:    0.00 (Cumulative area) 
      Partial area ratio:  368.00
      Required ratio: 2753.36 (Side area) 
      Cumulative area ratio:  880.09
      Required ratio:    0.00 (Cumulative side area) 



Net: net1633
  Pin:   hold1640/A (sky130_fd_sc_hd__clkbuf_2)
    Layer: mcon
      Partial area ratio:    0.14
      Required ratio:    3.00 (Gate area) 
      Cumulative area ratio:    0.14
      Required ratio:    0.00 (Cumulative area) 

    Layer: met1
      Partial area ratio:    3.81
      Required ratio:    0.00 (Gate area) 
      Cumulative area ratio:    3.81
      Required ratio:    0.00 (Cumulative area) 
      Partial area ratio:   18.16
      Required ratio:  400.00 (Side area) 
      Cumulative area ratio:   18.16
      Required ratio:    0.00 (Cumulative side area) 

    Layer: via
      Partial area ratio:    0.21
      Required ratio:    6.00 (Gate area) 
      Cumulative area ratio:    0.35
      Required ratio:    0.00 (Cumulative area) 

    Layer: met2
      Partial area ratio:   10.11
      Required ratio:    0.00 (Gate area) 
      Cumulative area ratio:   13.92
      Required ratio:    0.00 (Cumulative area) 
      Partial area ratio:   49.71
      Required ratio:  400.00 (Side area) 
      Cumulative area ratio:   67.86
      Required ratio:    0.00 (Cumulative side area) 

    Layer: via2
      Partial area ratio:    0.19
      Required ratio:    6.00 (Gate area) 
      Cumulative area ratio:    0.53
      Required ratio:    0.00 (Cumulative area) 

    Layer: met3
      Partial area ratio:  136.64
      Required ratio:    0.00 (Gate area) 
      Cumulative area ratio:  150.56
      Required ratio:    0.00 (Cumulative area) 
      Partial area ratio:  730.93
      Required ratio:  400.00 (Side area) (VIOLATED)
      Cumulative area ratio:  798.79
      Required ratio:    0.00 (Cumulative side area) 

    Layer: via3
      Partial area ratio:    0.19
      Required ratio:    6.00 (Gate area) 
      Cumulative area ratio:    0.72
      Required ratio:    0.00 (Cumulative area) 

    Layer: met4
      Partial area ratio:   19.99
      Required ratio:    0.00 (Gate area) 
      Cumulative area ratio:  170.55
      Required ratio:    0.00 (Cumulative area) 
      Partial area ratio:  108.85
      Required ratio: 2753.36 (Side area) 
      Cumulative area ratio:  907.64
      Required ratio:    0.00 (Cumulative side area) 



Net: net2413
  Pin:   hold3138/A (sky130_fd_sc_hd__clkbuf_2)
    Layer: mcon
      Partial area ratio:    0.14
      Required ratio:    3.00 (Gate area) 
      Cumulative area ratio:    0.14
      Required ratio:    0.00 (Cumulative area) 

    Layer: met1
      Partial area ratio:    1.89
      Required ratio:    0.00 (Gate area) 
      Cumulative area ratio:    1.89
      Required ratio:    0.00 (Cumulative area) 
      Partial area ratio:    8.56
      Required ratio:  400.00 (Side area) 
      Cumulative area ratio:    8.56
      Required ratio:    0.00 (Cumulative side area) 

    Layer: via
      Partial area ratio:    0.21
      Required ratio:    6.00 (Gate area) 
      Cumulative area ratio:    0.35
      Required ratio:    0.00 (Cumulative area) 

    Layer: met2
      Partial area ratio:    0.88
      Required ratio:    0.00 (Gate area) 
      Cumulative area ratio:    2.76
      Required ratio:    0.00 (Cumulative area) 
      Partial area ratio:    4.04
      Required ratio:  400.00 (Side area) 
      Cumulative area ratio:   12.60
      Required ratio:    0.00 (Cumulative side area) 

    Layer: via2
      Partial area ratio:    0.19
      Required ratio:    6.00 (Gate area) 
      Cumulative area ratio:    0.53
      Required ratio:    0.00 (Cumulative area) 

    Layer: met3
      Partial area ratio:   78.89
      Required ratio:    0.00 (Gate area) 
      Cumulative area ratio:   81.65
      Required ratio:    0.00 (Cumulative area) 
      Partial area ratio:  425.13
      Required ratio:  400.00 (Side area) (VIOLATED)
      Cumulative area ratio:  437.73
      Required ratio:    0.00 (Cumulative side area) 

    Layer: via3
      Partial area ratio:    0.19
      Required ratio:    6.00 (Gate area) 
      Cumulative area ratio:    0.72
      Required ratio:    0.00 (Cumulative area) 

    Layer: met4
      Partial area ratio:   97.74
      Required ratio:    0.00 (Gate area) 
      Cumulative area ratio:  179.39
      Required ratio:    0.00 (Cumulative area) 
      Partial area ratio:  523.49
      Required ratio: 2753.36 (Side area) 
      Cumulative area ratio:  961.22
      Required ratio:    0.00 (Cumulative side area) 



Net: net2432
  Pin:   hold3168/A (sky130_fd_sc_hd__clkbuf_2)
    Layer: mcon
      Partial area ratio:    0.14
      Required ratio:    3.00 (Gate area) 
      Cumulative area ratio:    0.14
      Required ratio:    0.00 (Cumulative area) 

    Layer: met1
      Partial area ratio:    7.25
      Required ratio:    0.00 (Gate area) 
      Cumulative area ratio:    7.25
      Required ratio:    0.00 (Cumulative area) 
      Partial area ratio:   35.38
      Required ratio:  400.00 (Side area) 
      Cumulative area ratio:   35.38
      Required ratio:    0.00 (Cumulative side area) 

    Layer: via
      Partial area ratio:    0.21
      Required ratio:    6.00 (Gate area) 
      Cumulative area ratio:    0.35
      Required ratio:    0.00 (Cumulative area) 

    Layer: met2
      Partial area ratio:    5.58
      Required ratio:    0.00 (Gate area) 
      Cumulative area ratio:   12.83
      Required ratio:    0.00 (Cumulative area) 
      Partial area ratio:   27.03
      Required ratio:  400.00 (Side area) 
      Cumulative area ratio:   62.41
      Required ratio:    0.00 (Cumulative side area) 

    Layer: via2
      Partial area ratio:    0.19
      Required ratio:    6.00 (Gate area) 
      Cumulative area ratio:    0.53
      Required ratio:    0.00 (Cumulative area) 

    Layer: met3
      Partial area ratio:  175.51
      Required ratio:    0.00 (Gate area) 
      Cumulative area ratio:  188.34
      Required ratio:    0.00 (Cumulative area) 
      Partial area ratio:  938.25
      Required ratio:  400.00 (Side area) (VIOLATED)
      Cumulative area ratio: 1000.66
      Required ratio:    0.00 (Cumulative side area) 

    Layer: via3
      Partial area ratio:    0.19
      Required ratio:    6.00 (Gate area) 
      Cumulative area ratio:    0.72
      Required ratio:    0.00 (Cumulative area) 

    Layer: met4
      Partial area ratio:   19.99
      Required ratio:    0.00 (Gate area) 
      Cumulative area ratio:  208.33
      Required ratio:    0.00 (Cumulative area) 
      Partial area ratio:  108.85
      Required ratio: 2753.36 (Side area) 
      Cumulative area ratio: 1109.51
      Required ratio:    0.00 (Cumulative side area) 



Net: net2459
  Pin:   hold1455/A (sky130_fd_sc_hd__clkbuf_2)
    Layer: mcon
      Partial area ratio:    0.14
      Required ratio:    3.00 (Gate area) 
      Cumulative area ratio:    0.14
      Required ratio:    0.00 (Cumulative area) 

    Layer: met1
      Partial area ratio:    3.24
      Required ratio:    0.00 (Gate area) 
      Cumulative area ratio:    3.24
      Required ratio:    0.00 (Cumulative area) 
      Partial area ratio:   15.33
      Required ratio:  400.00 (Side area) 
      Cumulative area ratio:   15.33
      Required ratio:    0.00 (Cumulative side area) 

    Layer: via
      Partial area ratio:    0.21
      Required ratio:    6.00 (Gate area) 
      Cumulative area ratio:    0.35
      Required ratio:    0.00 (Cumulative area) 

    Layer: met2
      Partial area ratio:   14.65
      Required ratio:    0.00 (Gate area) 
      Cumulative area ratio:   17.89
      Required ratio:    0.00 (Cumulative area) 
      Partial area ratio:   72.38
      Required ratio:  400.00 (Side area) 
      Cumulative area ratio:   87.71
      Required ratio:    0.00 (Cumulative side area) 

    Layer: via2
      Partial area ratio:    0.19
      Required ratio:    6.00 (Gate area) 
      Cumulative area ratio:    0.53
      Required ratio:    0.00 (Cumulative area) 

    Layer: met3
      Partial area ratio:   78.89
      Required ratio:    0.00 (Gate area) 
      Cumulative area ratio:   96.77
      Required ratio:    0.00 (Cumulative area) 
      Partial area ratio:  425.13
      Required ratio:  400.00 (Side area) (VIOLATED)
      Cumulative area ratio:  512.84
      Required ratio:    0.00 (Cumulative side area) 

    Layer: via3
      Partial area ratio:    0.19
      Required ratio:    6.00 (Gate area) 
      Cumulative area ratio:    0.72
      Required ratio:    0.00 (Cumulative area) 

    Layer: met4
      Partial area ratio:   39.43
      Required ratio:    0.00 (Gate area) 
      Cumulative area ratio:  136.20
      Required ratio:    0.00 (Cumulative area) 
      Partial area ratio:  212.51
      Required ratio: 2753.36 (Side area) 
      Cumulative area ratio:  725.35
      Required ratio:    0.00 (Cumulative side area) 



Net: net2479
  Pin:   hold3229/A (sky130_fd_sc_hd__clkbuf_2)
    Layer: mcon
      Partial area ratio:    0.14
      Required ratio:    3.00 (Gate area) 
      Cumulative area ratio:    0.14
      Required ratio:    0.00 (Cumulative area) 

    Layer: met1
      Partial area ratio:    1.71
      Required ratio:    0.00 (Gate area) 
      Cumulative area ratio:    1.71
      Required ratio:    0.00 (Cumulative area) 
      Partial area ratio:    7.25
      Required ratio:  400.00 (Side area) 
      Cumulative area ratio:    7.25
      Required ratio:    0.00 (Cumulative side area) 

    Layer: via
      Partial area ratio:    0.21
      Required ratio:    6.00 (Gate area) 
      Cumulative area ratio:    0.35
      Required ratio:    0.00 (Cumulative area) 

    Layer: met2
      Partial area ratio:    0.88
      Required ratio:    0.00 (Gate area) 
      Cumulative area ratio:    2.58
      Required ratio:    0.00 (Cumulative area) 
      Partial area ratio:    4.04
      Required ratio:  400.00 (Side area) 
      Cumulative area ratio:   11.29
      Required ratio:    0.00 (Cumulative side area) 

    Layer: via2
      Partial area ratio:    0.19
      Required ratio:    6.00 (Gate area) 
      Cumulative area ratio:    0.53
      Required ratio:    0.00 (Cumulative area) 

    Layer: met3
      Partial area ratio:   88.05
      Required ratio:    0.00 (Gate area) 
      Cumulative area ratio:   90.63
      Required ratio:    0.00 (Cumulative area) 
      Partial area ratio:  471.77
      Required ratio:  400.00 (Side area) (VIOLATED)
      Cumulative area ratio:  483.06
      Required ratio:    0.00 (Cumulative side area) 

    Layer: via3
      Partial area ratio:    0.19
      Required ratio:    6.00 (Gate area) 
      Cumulative area ratio:    0.72
      Required ratio:    0.00 (Cumulative area) 

    Layer: met4
      Partial area ratio:   88.02
      Required ratio:    0.00 (Gate area) 
      Cumulative area ratio:  178.65
      Required ratio:    0.00 (Cumulative area) 
      Partial area ratio:  471.66
      Required ratio: 2753.36 (Side area) 
      Cumulative area ratio:  954.73
      Required ratio:    0.00 (Cumulative side area) 



Net: net2490
  Pin:   _333_/D (sky130_fd_sc_hd__dfxtp_2)
    Layer: mcon
      Partial area ratio:    0.23
      Required ratio:    3.00 (Gate area) 
      Cumulative area ratio:    0.23
      Required ratio:    0.00 (Cumulative area) 

    Layer: met1
      Partial area ratio:    6.24
      Required ratio:    0.00 (Gate area) 
      Cumulative area ratio:    6.24
      Required ratio:    0.00 (Cumulative area) 
      Partial area ratio:   29.75
      Required ratio:  400.00 (Side area) 
      Cumulative area ratio:   29.75
      Required ratio:    0.00 (Cumulative side area) 

    Layer: via
      Partial area ratio:    0.36
      Required ratio:    6.00 (Gate area) 
      Cumulative area ratio:    0.59
      Required ratio:    0.00 (Cumulative area) 

    Layer: met2
      Partial area ratio:    1.48
      Required ratio:    0.00 (Gate area) 
      Cumulative area ratio:    7.73
      Required ratio:    0.00 (Cumulative area) 
      Partial area ratio:    6.83
      Required ratio:  400.00 (Side area) 
      Cumulative area ratio:   36.58
      Required ratio:    0.00 (Cumulative side area) 

    Layer: via2
      Partial area ratio:    0.32
      Required ratio:    6.00 (Gate area) 
      Cumulative area ratio:    0.90
      Required ratio:    0.00 (Cumulative area) 

    Layer: met3
      Partial area ratio:   83.13
      Required ratio:    0.00 (Gate area) 
      Cumulative area ratio:   90.85
      Required ratio:    0.00 (Cumulative area) 
      Partial area ratio:  447.05
      Required ratio:  400.00 (Side area) (VIOLATED)
      Cumulative area ratio:  483.63
      Required ratio:    0.00 (Cumulative side area) 

    Layer: via3
      Partial area ratio:    0.32
      Required ratio:    6.00 (Gate area) 
      Cumulative area ratio:    1.22
      Required ratio:    0.00 (Cumulative area) 

    Layer: met4
      Partial area ratio:  115.94
      Required ratio:    0.00 (Gate area) 
      Cumulative area ratio:  206.80
      Required ratio:    0.00 (Cumulative area) 
      Partial area ratio:  622.10
      Required ratio: 2753.36 (Side area) 
      Cumulative area ratio: 1105.73
      Required ratio:    0.00 (Cumulative side area) 



Net: net2502
  Pin:   _285_/D (sky130_fd_sc_hd__dfxtp_2)
    Layer: mcon
      Partial area ratio:    0.23
      Required ratio:    3.00 (Gate area) 
      Cumulative area ratio:    0.23
      Required ratio:    0.00 (Cumulative area) 

    Layer: met1
      Partial area ratio:    5.56
      Required ratio:    0.00 (Gate area) 
      Cumulative area ratio:    5.56
      Required ratio:    0.00 (Cumulative area) 
      Partial area ratio:   26.31
      Required ratio:  400.00 (Side area) 
      Cumulative area ratio:   26.31
      Required ratio:    0.00 (Cumulative side area) 

    Layer: via
      Partial area ratio:    0.36
      Required ratio:    6.00 (Gate area) 
      Cumulative area ratio:    0.59
      Required ratio:    0.00 (Cumulative area) 

    Layer: met2
      Partial area ratio:    1.48
      Required ratio:    0.00 (Gate area) 
      Cumulative area ratio:    7.04
      Required ratio:    0.00 (Cumulative area) 
      Partial area ratio:    6.83
      Required ratio:  400.00 (Side area) 
      Cumulative area ratio:   33.14
      Required ratio:    0.00 (Cumulative side area) 

    Layer: via2
      Partial area ratio:    0.32
      Required ratio:    6.00 (Gate area) 
      Cumulative area ratio:    0.90
      Required ratio:    0.00 (Cumulative area) 

    Layer: met3
      Partial area ratio:   83.13
      Required ratio:    0.00 (Gate area) 
      Cumulative area ratio:   90.17
      Required ratio:    0.00 (Cumulative area) 
      Partial area ratio:  447.05
      Required ratio:  400.00 (Side area) (VIOLATED)
      Cumulative area ratio:  480.19
      Required ratio:    0.00 (Cumulative side area) 

    Layer: via3
      Partial area ratio:    0.32
      Required ratio:    6.00 (Gate area) 
      Cumulative area ratio:    1.22
      Required ratio:    0.00 (Cumulative area) 

    Layer: met4
      Partial area ratio:   84.03
      Required ratio:    0.00 (Gate area) 
      Cumulative area ratio:  174.19
      Required ratio:    0.00 (Cumulative area) 
      Partial area ratio:  455.62
      Required ratio: 2753.36 (Side area) 
      Cumulative area ratio:  935.81
      Required ratio:    0.00 (Cumulative side area) 



Net: net2526
  Pin:   _339_/D (sky130_fd_sc_hd__dfxtp_2)
    Layer: mcon
      Partial area ratio:    0.23
      Required ratio:    3.00 (Gate area) 
      Cumulative area ratio:    0.23
      Required ratio:    0.00 (Cumulative area) 

    Layer: met1
      Partial area ratio:   83.49
      Required ratio:    0.00 (Gate area) 
      Cumulative area ratio:   83.49
      Required ratio:    0.00 (Cumulative area) 
      Partial area ratio:  415.97
      Required ratio:  400.00 (Side area) (VIOLATED)
      Cumulative area ratio:  415.97
      Required ratio:    0.00 (Cumulative side area) 

    Layer: via
      Partial area ratio:    0.36
      Required ratio:    6.00 (Gate area) 
      Cumulative area ratio:    0.59
      Required ratio:    0.00 (Cumulative area) 

    Layer: met2
      Partial area ratio:   32.95
      Required ratio:    0.00 (Gate area) 
      Cumulative area ratio:  116.44
      Required ratio:    0.00 (Cumulative area) 
      Partial area ratio:  163.67
      Required ratio: 2753.36 (Side area) 
      Cumulative area ratio:  579.64
      Required ratio:    0.00 (Cumulative side area) 



Net: net2559
  Pin:   hold3331/A (sky130_fd_sc_hd__clkbuf_2)
    Layer: mcon
      Partial area ratio:    0.14
      Required ratio:    3.00 (Gate area) 
      Cumulative area ratio:    0.14
      Required ratio:    0.00 (Cumulative area) 

    Layer: met1
      Partial area ratio:    2.74
      Required ratio:    0.00 (Gate area) 
      Cumulative area ratio:    2.74
      Required ratio:    0.00 (Cumulative area) 
      Partial area ratio:   13.16
      Required ratio:  400.00 (Side area) 
      Cumulative area ratio:   13.16
      Required ratio:    0.00 (Cumulative side area) 

    Layer: via
      Partial area ratio:    0.21
      Required ratio:    6.00 (Gate area) 
      Cumulative area ratio:    0.35
      Required ratio:    0.00 (Cumulative area) 

    Layer: met2
      Partial area ratio:   10.11
      Required ratio:    0.00 (Gate area) 
      Cumulative area ratio:   12.85
      Required ratio:    0.00 (Cumulative area) 
      Partial area ratio:   49.71
      Required ratio:  400.00 (Side area) 
      Cumulative area ratio:   62.87
      Required ratio:    0.00 (Cumulative side area) 

    Layer: via2
      Partial area ratio:    0.19
      Required ratio:    6.00 (Gate area) 
      Cumulative area ratio:    0.53
      Required ratio:    0.00 (Cumulative area) 

    Layer: met3
      Partial area ratio:   88.60
      Required ratio:    0.00 (Gate area) 
      Cumulative area ratio:  101.46
      Required ratio:    0.00 (Cumulative area) 
      Partial area ratio:  476.96
      Required ratio:  400.00 (Side area) (VIOLATED)
      Cumulative area ratio:  539.83
      Required ratio:    0.00 (Cumulative side area) 

    Layer: via3
      Partial area ratio:    0.19
      Required ratio:    6.00 (Gate area) 
      Cumulative area ratio:    0.72
      Required ratio:    0.00 (Cumulative area) 

    Layer: met4
      Partial area ratio:   68.59
      Required ratio:    0.00 (Gate area) 
      Cumulative area ratio:  170.05
      Required ratio:    0.00 (Cumulative area) 
      Partial area ratio:  368.00
      Required ratio: 2753.36 (Side area) 
      Cumulative area ratio:  907.83
      Required ratio:    0.00 (Cumulative side area) 



Net: net2568
  Pin:   _337_/D (sky130_fd_sc_hd__dfxtp_2)
    Layer: mcon
      Partial area ratio:    0.23
      Required ratio:    3.00 (Gate area) 
      Cumulative area ratio:    0.23
      Required ratio:    0.00 (Cumulative area) 

    Layer: met1
      Partial area ratio:    5.80
      Required ratio:    0.00 (Gate area) 
      Cumulative area ratio:    5.80
      Required ratio:    0.00 (Cumulative area) 
      Partial area ratio:   27.53
      Required ratio:  400.00 (Side area) 
      Cumulative area ratio:   27.53
      Required ratio:    0.00 (Cumulative side area) 

    Layer: via
      Partial area ratio:    0.36
      Required ratio:    6.00 (Gate area) 
      Cumulative area ratio:    0.59
      Required ratio:    0.00 (Cumulative area) 

    Layer: met2
      Partial area ratio:    1.48
      Required ratio:    0.00 (Gate area) 
      Cumulative area ratio:    7.28
      Required ratio:    0.00 (Cumulative area) 
      Partial area ratio:    6.83
      Required ratio:  400.00 (Side area) 
      Cumulative area ratio:   34.36
      Required ratio:    0.00 (Cumulative side area) 

    Layer: via2
      Partial area ratio:    0.32
      Required ratio:    6.00 (Gate area) 
      Cumulative area ratio:    0.90
      Required ratio:    0.00 (Cumulative area) 

    Layer: met3
      Partial area ratio:  115.98
      Required ratio:    0.00 (Gate area) 
      Cumulative area ratio:  123.27
      Required ratio:    0.00 (Cumulative area) 
      Partial area ratio:  622.29
      Required ratio:  400.00 (Side area) (VIOLATED)
      Cumulative area ratio:  656.65
      Required ratio:    0.00 (Cumulative side area) 

    Layer: via3
      Partial area ratio:    0.32
      Required ratio:    6.00 (Gate area) 
      Cumulative area ratio:    1.22
      Required ratio:    0.00 (Cumulative area) 

    Layer: met4
      Partial area ratio:   83.09
      Required ratio:    0.00 (Gate area) 
      Cumulative area ratio:  206.35
      Required ratio:    0.00 (Cumulative area) 
      Partial area ratio:  446.86
      Required ratio: 2753.36 (Side area) 
      Cumulative area ratio: 1103.50
      Required ratio:    0.00 (Cumulative side area) 



Net: net2625
  Pin:   hold3408/A (sky130_fd_sc_hd__clkbuf_2)
    Layer: mcon
      Partial area ratio:    0.14
      Required ratio:    3.00 (Gate area) 
      Cumulative area ratio:    0.14
      Required ratio:    0.00 (Cumulative area) 

    Layer: met1
      Partial area ratio:    2.19
      Required ratio:    0.00 (Gate area) 
      Cumulative area ratio:    2.19
      Required ratio:    0.00 (Cumulative area) 
      Partial area ratio:   10.07
      Required ratio:  400.00 (Side area) 
      Cumulative area ratio:   10.07
      Required ratio:    0.00 (Cumulative side area) 

    Layer: via
      Partial area ratio:    0.21
      Required ratio:    6.00 (Gate area) 
      Cumulative area ratio:    0.35
      Required ratio:    0.00 (Cumulative area) 

    Layer: met2
      Partial area ratio:    0.88
      Required ratio:    0.00 (Gate area) 
      Cumulative area ratio:    3.07
      Required ratio:    0.00 (Cumulative area) 
      Partial area ratio:    4.04
      Required ratio:  400.00 (Side area) 
      Cumulative area ratio:   14.12
      Required ratio:    0.00 (Cumulative side area) 

    Layer: via2
      Partial area ratio:    0.19
      Required ratio:    6.00 (Gate area) 
      Cumulative area ratio:    0.53
      Required ratio:    0.00 (Cumulative area) 

    Layer: met3
      Partial area ratio:  108.04
      Required ratio:    0.00 (Gate area) 
      Cumulative area ratio:  111.11
      Required ratio:    0.00 (Cumulative area) 
      Partial area ratio:  580.62
      Required ratio:  400.00 (Side area) (VIOLATED)
      Cumulative area ratio:  594.73
      Required ratio:    0.00 (Cumulative side area) 

    Layer: via3
      Partial area ratio:    0.19
      Required ratio:    6.00 (Gate area) 
      Cumulative area ratio:    0.72
      Required ratio:    0.00 (Cumulative area) 

    Layer: met4
      Partial area ratio:   78.30
      Required ratio:    0.00 (Gate area) 
      Cumulative area ratio:  189.41
      Required ratio:    0.00 (Cumulative area) 
      Partial area ratio:  419.83
      Required ratio: 2753.36 (Side area) 
      Cumulative area ratio: 1014.57
      Required ratio:    0.00 (Cumulative side area) 



Net: net2655
  Pin:   hold3387/A (sky130_fd_sc_hd__clkbuf_2)
    Layer: mcon
      Partial area ratio:    0.14
      Required ratio:    3.00 (Gate area) 
      Cumulative area ratio:    0.14
      Required ratio:    0.00 (Cumulative area) 

    Layer: met1
      Partial area ratio:    4.60
      Required ratio:    0.00 (Gate area) 
      Cumulative area ratio:    4.60
      Required ratio:    0.00 (Cumulative area) 
      Partial area ratio:   22.13
      Required ratio:  400.00 (Side area) 
      Cumulative area ratio:   22.13
      Required ratio:    0.00 (Cumulative side area) 

    Layer: via
      Partial area ratio:    0.21
      Required ratio:    6.00 (Gate area) 
      Cumulative area ratio:    0.35
      Required ratio:    0.00 (Cumulative area) 

    Layer: met2
      Partial area ratio:    0.88
      Required ratio:    0.00 (Gate area) 
      Cumulative area ratio:    5.48
      Required ratio:    0.00 (Cumulative area) 
      Partial area ratio:    4.04
      Required ratio:  400.00 (Side area) 
      Cumulative area ratio:   26.18
      Required ratio:    0.00 (Cumulative side area) 

    Layer: via2
      Partial area ratio:    0.19
      Required ratio:    6.00 (Gate area) 
      Cumulative area ratio:    0.53
      Required ratio:    0.00 (Cumulative area) 

    Layer: met3
      Partial area ratio:   78.33
      Required ratio:    0.00 (Gate area) 
      Cumulative area ratio:   83.81
      Required ratio:    0.00 (Cumulative area) 
      Partial area ratio:  419.94
      Required ratio:  400.00 (Side area) (VIOLATED)
      Cumulative area ratio:  446.12
      Required ratio:    0.00 (Cumulative side area) 

    Layer: via3
      Partial area ratio:    0.19
      Required ratio:    6.00 (Gate area) 
      Cumulative area ratio:    0.72
      Required ratio:    0.00 (Cumulative area) 

    Layer: met4
      Partial area ratio:   49.15
      Required ratio:    0.00 (Gate area) 
      Cumulative area ratio:  132.96
      Required ratio:    0.00 (Cumulative area) 
      Partial area ratio:  264.34
      Required ratio: 2753.36 (Side area) 
      Cumulative area ratio:  710.46
      Required ratio:    0.00 (Cumulative side area) 



Net: net2776
  Pin:   _143_/B_N (sky130_fd_sc_hd__nor2b_4)
    Layer: mcon
      Partial area ratio:    0.12
      Required ratio:    3.00 (Gate area) 
      Cumulative area ratio:    0.12
      Required ratio:    0.00 (Cumulative area) 

    Layer: met1
      Partial area ratio:    3.48
      Required ratio:    0.00 (Gate area) 
      Cumulative area ratio:    3.48
      Required ratio:    0.00 (Cumulative area) 
      Partial area ratio:   16.65
      Required ratio:  400.00 (Side area) 
      Cumulative area ratio:   16.65
      Required ratio:    0.00 (Cumulative side area) 

    Layer: via
      Partial area ratio:    0.18
      Required ratio:    6.00 (Gate area) 
      Cumulative area ratio:    0.30
      Required ratio:    0.00 (Cumulative area) 

    Layer: met2
      Partial area ratio:    4.80
      Required ratio:    0.00 (Gate area) 
      Cumulative area ratio:    8.28
      Required ratio:    0.00 (Cumulative area) 
      Partial area ratio:   23.26
      Required ratio:  400.00 (Side area) 
      Cumulative area ratio:   39.92
      Required ratio:    0.00 (Cumulative side area) 

    Layer: via2
      Partial area ratio:    0.16
      Required ratio:    6.00 (Gate area) 
      Cumulative area ratio:    0.46
      Required ratio:    0.00 (Cumulative area) 

    Layer: met3
      Partial area ratio:   84.14
      Required ratio:    0.00 (Gate area) 
      Cumulative area ratio:   92.42
      Required ratio:    0.00 (Cumulative area) 
      Partial area ratio:  450.62
      Required ratio:  400.00 (Side area) (VIOLATED)
      Cumulative area ratio:  490.53
      Required ratio:    0.00 (Cumulative side area) 

    Layer: via3
      Partial area ratio:    0.16
      Required ratio:    6.00 (Gate area) 
      Cumulative area ratio:    0.62
      Required ratio:    0.00 (Cumulative area) 

    Layer: met4
      Partial area ratio:  109.21
      Required ratio:    0.00 (Gate area) 
      Cumulative area ratio:  201.62
      Required ratio:    0.00 (Cumulative area) 
      Partial area ratio:  584.34
      Required ratio: 2753.36 (Side area) 
      Cumulative area ratio: 1074.87
      Required ratio:    0.00 (Cumulative side area) 



Net: net2778
  Pin:   _277_/D (sky130_fd_sc_hd__dfxtp_2)
    Layer: mcon
      Partial area ratio:    0.23
      Required ratio:    3.00 (Gate area) 
      Cumulative area ratio:    0.23
      Required ratio:    0.00 (Cumulative area) 

    Layer: met1
      Partial area ratio:   89.89
      Required ratio:    0.00 (Gate area) 
      Cumulative area ratio:   89.89
      Required ratio:    0.00 (Cumulative area) 
      Partial area ratio:  447.97
      Required ratio:  400.00 (Side area) (VIOLATED)
      Cumulative area ratio:  447.97
      Required ratio:    0.00 (Cumulative side area) 

    Layer: via
      Partial area ratio:    0.36
      Required ratio:    6.00 (Gate area) 
      Cumulative area ratio:    0.59
      Required ratio:    0.00 (Cumulative area) 

    Layer: met2
      Partial area ratio:   17.62
      Required ratio:    0.00 (Gate area) 
      Cumulative area ratio:  107.51
      Required ratio:    0.00 (Cumulative area) 
      Partial area ratio:   87.00
      Required ratio: 2753.36 (Side area) 
      Cumulative area ratio:  534.97
      Required ratio:    0.00 (Cumulative side area) 



Net: net3174
  Pin:   input1310/A (sky130_fd_sc_hd__buf_2)
    Layer: mcon
      Partial area ratio:    0.18
      Required ratio:    3.00 (Gate area) 
      Cumulative area ratio:    0.18
      Required ratio:    0.00 (Cumulative area) 

    Layer: met1
      Partial area ratio:    5.22
      Required ratio:    0.00 (Gate area) 
      Cumulative area ratio:    5.22
      Required ratio:    0.00 (Cumulative area) 
      Partial area ratio:   24.95
      Required ratio:  400.00 (Side area) 
      Cumulative area ratio:   24.95
      Required ratio:    0.00 (Cumulative side area) 

    Layer: via
      Partial area ratio:    0.28
      Required ratio:    6.00 (Gate area) 
      Cumulative area ratio:    0.46
      Required ratio:    0.00 (Cumulative area) 

    Layer: met2
      Partial area ratio:    1.17
      Required ratio:    0.00 (Gate area) 
      Cumulative area ratio:    6.40
      Required ratio:    0.00 (Cumulative area) 
      Partial area ratio:    5.42
      Required ratio:  400.00 (Side area) 
      Cumulative area ratio:   30.36
      Required ratio:    0.00 (Cumulative side area) 

    Layer: via2
      Partial area ratio:    0.25
      Required ratio:    6.00 (Gate area) 
      Cumulative area ratio:    0.72
      Required ratio:    0.00 (Cumulative area) 

    Layer: met3
      Partial area ratio:   78.89
      Required ratio:    0.00 (Gate area) 
      Cumulative area ratio:   85.29
      Required ratio:    0.00 (Cumulative area) 
      Partial area ratio:  423.70
      Required ratio:  400.00 (Side area) (VIOLATED)
      Cumulative area ratio:  454.06
      Required ratio:    0.00 (Cumulative side area) 

    Layer: via3
      Partial area ratio:    0.25
      Required ratio:    6.00 (Gate area) 
      Cumulative area ratio:    0.97
      Required ratio:    0.00 (Cumulative area) 

    Layer: met4
      Partial area ratio:  248.85
      Required ratio:    0.00 (Gate area) 
      Cumulative area ratio:  334.14
      Required ratio:    0.00 (Cumulative area) 
      Partial area ratio: 1333.13
      Required ratio: 2753.36 (Side area) 
      Cumulative area ratio: 1787.19
      Required ratio:    0.00 (Cumulative side area) 



Net: net3188
  Pin:   input1327/A (sky130_fd_sc_hd__buf_2)
    Layer: mcon
      Partial area ratio:    0.18
      Required ratio:    3.00 (Gate area) 
      Cumulative area ratio:    0.18
      Required ratio:    0.00 (Cumulative area) 

    Layer: met1
      Partial area ratio:    6.44
      Required ratio:    0.00 (Gate area) 
      Cumulative area ratio:    6.44
      Required ratio:    0.00 (Cumulative area) 
      Partial area ratio:   31.03
      Required ratio:  400.00 (Side area) 
      Cumulative area ratio:   31.03
      Required ratio:    0.00 (Cumulative side area) 

    Layer: via
      Partial area ratio:    0.28
      Required ratio:    6.00 (Gate area) 
      Cumulative area ratio:    0.46
      Required ratio:    0.00 (Cumulative area) 

    Layer: met2
      Partial area ratio:   13.55
      Required ratio:    0.00 (Gate area) 
      Cumulative area ratio:   19.98
      Required ratio:    0.00 (Cumulative area) 
      Partial area ratio:   66.59
      Required ratio:  400.00 (Side area) 
      Cumulative area ratio:   97.62
      Required ratio:    0.00 (Cumulative side area) 

    Layer: via2
      Partial area ratio:    0.25
      Required ratio:    6.00 (Gate area) 
      Cumulative area ratio:    0.72
      Required ratio:    0.00 (Cumulative area) 

    Layer: met3
      Partial area ratio:  104.93
      Required ratio:    0.00 (Gate area) 
      Cumulative area ratio:  124.92
      Required ratio:    0.00 (Cumulative area) 
      Partial area ratio:  562.57
      Required ratio:  400.00 (Side area) (VIOLATED)
      Cumulative area ratio:  660.18
      Required ratio:    0.00 (Cumulative side area) 

    Layer: via3
      Partial area ratio:    0.25
      Required ratio:    6.00 (Gate area) 
      Cumulative area ratio:    0.97
      Required ratio:    0.00 (Cumulative area) 

    Layer: met4
      Partial area ratio:  104.90
      Required ratio:    0.00 (Gate area) 
      Cumulative area ratio:  229.81
      Required ratio:    0.00 (Cumulative area) 
      Partial area ratio:  562.42
      Required ratio: 2753.36 (Side area) 
      Cumulative area ratio: 1222.60
      Required ratio:    0.00 (Cumulative side area) 



Net: net3202
  Pin:   input1342/A (sky130_fd_sc_hd__buf_2)
    Layer: mcon
      Partial area ratio:    0.18
      Required ratio:    3.00 (Gate area) 
      Cumulative area ratio:    0.18
      Required ratio:    0.00 (Cumulative area) 

    Layer: met1
      Partial area ratio:   99.59
      Required ratio:    0.00 (Gate area) 
      Cumulative area ratio:   99.59
      Required ratio:    0.00 (Cumulative area) 
      Partial area ratio:  496.80
      Required ratio:  400.00 (Side area) (VIOLATED)
      Cumulative area ratio:  496.80
      Required ratio:    0.00 (Cumulative side area) 

    Layer: via
      Partial area ratio:    0.28
      Required ratio:    6.00 (Gate area) 
      Cumulative area ratio:    0.46
      Required ratio:    0.00 (Cumulative area) 

    Layer: met2
      Partial area ratio:    1.17
      Required ratio:    0.00 (Gate area) 
      Cumulative area ratio:  100.77
      Required ratio:    0.00 (Cumulative area) 
      Partial area ratio:    5.42
      Required ratio:  400.00 (Side area) 
      Cumulative area ratio:  502.22
      Required ratio:    0.00 (Cumulative side area) 

    Layer: via2
      Partial area ratio:    0.25
      Required ratio:    6.00 (Gate area) 
      Cumulative area ratio:    0.72
      Required ratio:    0.00 (Cumulative area) 

    Layer: met3
      Partial area ratio:    0.79
      Required ratio:    0.00 (Gate area) 
      Cumulative area ratio:  101.55
      Required ratio:    0.00 (Cumulative area) 
      Partial area ratio:    7.14
      Required ratio:  400.00 (Side area) 
      Cumulative area ratio:  509.36
      Required ratio:    0.00 (Cumulative side area) 

    Layer: via3
      Partial area ratio:    0.25
      Required ratio:    6.00 (Gate area) 
      Cumulative area ratio:    0.97
      Required ratio:    0.00 (Cumulative area) 

    Layer: met4
      Partial area ratio:  143.95
      Required ratio:    0.00 (Gate area) 
      Cumulative area ratio:  245.51
      Required ratio:    0.00 (Cumulative area) 
      Partial area ratio:  770.72
      Required ratio: 2753.36 (Side area) 
      Cumulative area ratio: 1280.08
      Required ratio:    0.00 (Cumulative side area) 



Net: net3203
  Pin:   hold2470/A (sky130_fd_sc_hd__clkbuf_2)
    Layer: mcon
      Partial area ratio:    0.14
      Required ratio:    3.00 (Gate area) 
      Cumulative area ratio:    0.14
      Required ratio:    0.00 (Cumulative area) 

    Layer: met1
      Partial area ratio:    2.60
      Required ratio:    0.00 (Gate area) 
      Cumulative area ratio:    2.60
      Required ratio:    0.00 (Cumulative area) 
      Partial area ratio:   12.11
      Required ratio:  400.00 (Side area) 
      Cumulative area ratio:   12.11
      Required ratio:    0.00 (Cumulative side area) 

    Layer: via
      Partial area ratio:    0.21
      Required ratio:    6.00 (Gate area) 
      Cumulative area ratio:    0.35
      Required ratio:    0.00 (Cumulative area) 

    Layer: met2
      Partial area ratio:    0.88
      Required ratio:    0.00 (Gate area) 
      Cumulative area ratio:    3.47
      Required ratio:    0.00 (Cumulative area) 
      Partial area ratio:    4.04
      Required ratio:  400.00 (Side area) 
      Cumulative area ratio:   16.15
      Required ratio:    0.00 (Cumulative side area) 

    Layer: via2
      Partial area ratio:    0.19
      Required ratio:    6.00 (Gate area) 
      Cumulative area ratio:    0.53
      Required ratio:    0.00 (Cumulative area) 

    Layer: met3
      Partial area ratio:   78.89
      Required ratio:    0.00 (Gate area) 
      Cumulative area ratio:   82.36
      Required ratio:    0.00 (Cumulative area) 
      Partial area ratio:  425.16
      Required ratio:  400.00 (Side area) (VIOLATED)
      Cumulative area ratio:  441.32
      Required ratio:    0.00 (Cumulative side area) 

    Layer: via3
      Partial area ratio:    0.19
      Required ratio:    6.00 (Gate area) 
      Cumulative area ratio:    0.72
      Required ratio:    0.00 (Cumulative area) 

    Layer: met4
      Partial area ratio:   68.59
      Required ratio:    0.00 (Gate area) 
      Cumulative area ratio:  150.95
      Required ratio:    0.00 (Cumulative area) 
      Partial area ratio:  368.00
      Required ratio: 2753.36 (Side area) 
      Cumulative area ratio:  809.32
      Required ratio:    0.00 (Cumulative side area) 



Net: net3209
  Pin:   input1330/A (sky130_fd_sc_hd__buf_2)
    Layer: mcon
      Partial area ratio:    0.18
      Required ratio:    3.00 (Gate area) 
      Cumulative area ratio:    0.18
      Required ratio:    0.00 (Cumulative area) 

    Layer: met1
      Partial area ratio:    3.83
      Required ratio:    0.00 (Gate area) 
      Cumulative area ratio:    3.83
      Required ratio:    0.00 (Cumulative area) 
      Partial area ratio:   17.99
      Required ratio:  400.00 (Side area) 
      Cumulative area ratio:   17.99
      Required ratio:    0.00 (Cumulative side area) 

    Layer: via
      Partial area ratio:    0.28
      Required ratio:    6.00 (Gate area) 
      Cumulative area ratio:    0.46
      Required ratio:    0.00 (Cumulative area) 

    Layer: met2
      Partial area ratio:    1.17
      Required ratio:    0.00 (Gate area) 
      Cumulative area ratio:    5.01
      Required ratio:    0.00 (Cumulative area) 
      Partial area ratio:    5.42
      Required ratio:  400.00 (Side area) 
      Cumulative area ratio:   23.41
      Required ratio:    0.00 (Cumulative side area) 

    Layer: via2
      Partial area ratio:    0.25
      Required ratio:    6.00 (Gate area) 
      Cumulative area ratio:    0.72
      Required ratio:    0.00 (Cumulative area) 

    Layer: met3
      Partial area ratio:   91.91
      Required ratio:    0.00 (Gate area) 
      Cumulative area ratio:   96.92
      Required ratio:    0.00 (Cumulative area) 
      Partial area ratio:  493.13
      Required ratio:  400.00 (Side area) (VIOLATED)
      Cumulative area ratio:  516.54
      Required ratio:    0.00 (Cumulative side area) 

    Layer: via3
      Partial area ratio:    0.25
      Required ratio:    6.00 (Gate area) 
      Cumulative area ratio:    0.97
      Required ratio:    0.00 (Cumulative area) 

    Layer: met4
      Partial area ratio:  117.92
      Required ratio:    0.00 (Gate area) 
      Cumulative area ratio:  214.84
      Required ratio:    0.00 (Cumulative area) 
      Partial area ratio:  631.85
      Required ratio: 2753.36 (Side area) 
      Cumulative area ratio: 1148.39
      Required ratio:    0.00 (Cumulative side area) 



Net: net3211
  Pin:   hold1451/A (sky130_fd_sc_hd__clkbuf_2)
    Layer: mcon
      Partial area ratio:    0.14
      Required ratio:    3.00 (Gate area) 
      Cumulative area ratio:    0.14
      Required ratio:    0.00 (Cumulative area) 

    Layer: met1
      Partial area ratio:    3.02
      Required ratio:    0.00 (Gate area) 
      Cumulative area ratio:    3.02
      Required ratio:    0.00 (Cumulative area) 
      Partial area ratio:   14.25
      Required ratio:  400.00 (Side area) 
      Cumulative area ratio:   14.25
      Required ratio:    0.00 (Cumulative side area) 

    Layer: via
      Partial area ratio:    0.21
      Required ratio:    6.00 (Gate area) 
      Cumulative area ratio:    0.35
      Required ratio:    0.00 (Cumulative area) 

    Layer: met2
      Partial area ratio:    5.58
      Required ratio:    0.00 (Gate area) 
      Cumulative area ratio:    8.60
      Required ratio:    0.00 (Cumulative area) 
      Partial area ratio:   27.03
      Required ratio:  400.00 (Side area) 
      Cumulative area ratio:   41.28
      Required ratio:    0.00 (Cumulative side area) 

    Layer: via2
      Partial area ratio:    0.19
      Required ratio:    6.00 (Gate area) 
      Cumulative area ratio:    0.53
      Required ratio:    0.00 (Cumulative area) 

    Layer: met3
      Partial area ratio:   78.33
      Required ratio:    0.00 (Gate area) 
      Cumulative area ratio:   86.93
      Required ratio:    0.00 (Cumulative area) 
      Partial area ratio:  419.94
      Required ratio:  400.00 (Side area) (VIOLATED)
      Cumulative area ratio:  461.22
      Required ratio:    0.00 (Cumulative side area) 

    Layer: via3
      Partial area ratio:    0.19
      Required ratio:    6.00 (Gate area) 
      Cumulative area ratio:    0.72
      Required ratio:    0.00 (Cumulative area) 

    Layer: met4
      Partial area ratio:   88.02
      Required ratio:    0.00 (Gate area) 
      Cumulative area ratio:  174.95
      Required ratio:    0.00 (Cumulative area) 
      Partial area ratio:  471.66
      Required ratio: 2753.36 (Side area) 
      Cumulative area ratio:  932.88
      Required ratio:    0.00 (Cumulative side area) 



Net: net3212
  Pin:   hold2453/A (sky130_fd_sc_hd__clkbuf_2)
    Layer: mcon
      Partial area ratio:    0.14
      Required ratio:    3.00 (Gate area) 
      Cumulative area ratio:    0.14
      Required ratio:    0.00 (Cumulative area) 

    Layer: met1
      Partial area ratio:    1.05
      Required ratio:    0.00 (Gate area) 
      Cumulative area ratio:    1.05
      Required ratio:    0.00 (Cumulative area) 
      Partial area ratio:    4.39
      Required ratio:  400.00 (Side area) 
      Cumulative area ratio:    4.39
      Required ratio:    0.00 (Cumulative side area) 

    Layer: via
      Partial area ratio:    0.21
      Required ratio:    6.00 (Gate area) 
      Cumulative area ratio:    0.35
      Required ratio:    0.00 (Cumulative area) 

    Layer: met2
      Partial area ratio:    0.88
      Required ratio:    0.00 (Gate area) 
      Cumulative area ratio:    1.93
      Required ratio:    0.00 (Cumulative area) 
      Partial area ratio:    4.04
      Required ratio:  400.00 (Side area) 
      Cumulative area ratio:    8.43
      Required ratio:    0.00 (Cumulative side area) 

    Layer: via2
      Partial area ratio:    0.19
      Required ratio:    6.00 (Gate area) 
      Cumulative area ratio:    0.53
      Required ratio:    0.00 (Cumulative area) 

    Layer: met3
      Partial area ratio:   89.16
      Required ratio:    0.00 (Gate area) 
      Cumulative area ratio:   91.09
      Required ratio:    0.00 (Cumulative area) 
      Partial area ratio:  482.14
      Required ratio:  400.00 (Side area) (VIOLATED)
      Cumulative area ratio:  490.57
      Required ratio:    0.00 (Cumulative side area) 

    Layer: via3
      Partial area ratio:    0.19
      Required ratio:    6.00 (Gate area) 
      Cumulative area ratio:    0.72
      Required ratio:    0.00 (Cumulative area) 

    Layer: met4
      Partial area ratio:  108.02
      Required ratio:    0.00 (Gate area) 
      Cumulative area ratio:  199.11
      Required ratio:    0.00 (Cumulative area) 
      Partial area ratio:  580.51
      Required ratio: 2753.36 (Side area) 
      Cumulative area ratio: 1071.08
      Required ratio:    0.00 (Cumulative side area) 



Net: net3218
  Pin:   hold1466/A (sky130_fd_sc_hd__clkbuf_2)
    Layer: mcon
      Partial area ratio:    0.14
      Required ratio:    3.00 (Gate area) 
      Cumulative area ratio:    0.14
      Required ratio:    0.00 (Cumulative area) 

    Layer: met1
      Partial area ratio:    2.75
      Required ratio:    0.00 (Gate area) 
      Cumulative area ratio:    2.75
      Required ratio:    0.00 (Cumulative area) 
      Partial area ratio:   12.87
      Required ratio:  400.00 (Side area) 
      Cumulative area ratio:   12.87
      Required ratio:    0.00 (Cumulative side area) 

    Layer: via
      Partial area ratio:    0.21
      Required ratio:    6.00 (Gate area) 
      Cumulative area ratio:    0.35
      Required ratio:    0.00 (Cumulative area) 

    Layer: met2
      Partial area ratio:   23.72
      Required ratio:    0.00 (Gate area) 
      Cumulative area ratio:   26.46
      Required ratio:    0.00 (Cumulative area) 
      Partial area ratio:  117.73
      Required ratio:  400.00 (Side area) 
      Cumulative area ratio:  130.60
      Required ratio:    0.00 (Cumulative side area) 

    Layer: via2
      Partial area ratio:    0.19
      Required ratio:    6.00 (Gate area) 
      Cumulative area ratio:    0.53
      Required ratio:    0.00 (Cumulative area) 

    Layer: met3
      Partial area ratio:   88.05
      Required ratio:    0.00 (Gate area) 
      Cumulative area ratio:  114.51
      Required ratio:    0.00 (Cumulative area) 
      Partial area ratio:  471.77
      Required ratio:  400.00 (Side area) (VIOLATED)
      Cumulative area ratio:  602.38
      Required ratio:    0.00 (Cumulative side area) 

    Layer: via3
      Partial area ratio:    0.19
      Required ratio:    6.00 (Gate area) 
      Cumulative area ratio:    0.72
      Required ratio:    0.00 (Cumulative area) 

    Layer: met4
      Partial area ratio:  136.61
      Required ratio:    0.00 (Gate area) 
      Cumulative area ratio:  251.13
      Required ratio:    0.00 (Cumulative area) 
      Partial area ratio:  730.82
      Required ratio: 2753.36 (Side area) 
      Cumulative area ratio: 1333.19
      Required ratio:    0.00 (Cumulative side area) 



Net: net3237
  Pin:   input1316/A (sky130_fd_sc_hd__buf_2)
    Layer: mcon
      Partial area ratio:    0.18
      Required ratio:    3.00 (Gate area) 
      Cumulative area ratio:    0.18
      Required ratio:    0.00 (Cumulative area) 

    Layer: met1
      Partial area ratio:    2.68
      Required ratio:    0.00 (Gate area) 
      Cumulative area ratio:    2.68
      Required ratio:    0.00 (Cumulative area) 
      Partial area ratio:   12.80
      Required ratio:  400.00 (Side area) 
      Cumulative area ratio:   12.80
      Required ratio:    0.00 (Cumulative side area) 

    Layer: via
      Partial area ratio:    0.17
      Required ratio:    6.00 (Gate area) 
      Cumulative area ratio:    0.35
      Required ratio:    0.00 (Cumulative area) 

    Layer: met2
      Partial area ratio:    0.70
      Required ratio:    0.00 (Gate area) 
      Cumulative area ratio:    3.38
      Required ratio:    0.00 (Cumulative area) 
      Partial area ratio:    2.96
      Required ratio:  400.00 (Side area) 
      Cumulative area ratio:   15.76
      Required ratio:    0.00 (Cumulative side area) 

    Layer: via2
      Partial area ratio:    0.25
      Required ratio:    6.00 (Gate area) 
      Cumulative area ratio:    0.61
      Required ratio:    0.00 (Cumulative area) 

    Layer: met3
      Partial area ratio:   93.41
      Required ratio:    0.00 (Gate area) 
      Cumulative area ratio:   96.79
      Required ratio:    0.00 (Cumulative area) 
      Partial area ratio:  507.07
      Required ratio:  400.00 (Side area) (VIOLATED)
      Cumulative area ratio:  522.83
      Required ratio:    0.00 (Cumulative side area) 

    Layer: via3
      Partial area ratio:    0.25
      Required ratio:    6.00 (Gate area) 
      Cumulative area ratio:    0.86
      Required ratio:    0.00 (Cumulative area) 

    Layer: met4
      Partial area ratio:   78.86
      Required ratio:    0.00 (Gate area) 
      Cumulative area ratio:  175.65
      Required ratio:    0.00 (Cumulative area) 
      Partial area ratio:  423.55
      Required ratio: 2753.36 (Side area) 
      Cumulative area ratio:  946.37
      Required ratio:    0.00 (Cumulative side area) 



Net: net3242
  Pin:   hold1468/A (sky130_fd_sc_hd__clkbuf_2)
    Layer: mcon
      Partial area ratio:    0.14
      Required ratio:    3.00 (Gate area) 
      Cumulative area ratio:    0.14
      Required ratio:    0.00 (Cumulative area) 

    Layer: met1
      Partial area ratio:    3.49
      Required ratio:    0.00 (Gate area) 
      Cumulative area ratio:    3.49
      Required ratio:    0.00 (Cumulative area) 
      Partial area ratio:   16.58
      Required ratio:  400.00 (Side area) 
      Cumulative area ratio:   16.58
      Required ratio:    0.00 (Cumulative side area) 

    Layer: via
      Partial area ratio:    0.21
      Required ratio:    6.00 (Gate area) 
      Cumulative area ratio:    0.35
      Required ratio:    0.00 (Cumulative area) 

    Layer: met2
      Partial area ratio:    0.88
      Required ratio:    0.00 (Gate area) 
      Cumulative area ratio:    4.37
      Required ratio:    0.00 (Cumulative area) 
      Partial area ratio:    4.04
      Required ratio:  400.00 (Side area) 
      Cumulative area ratio:   20.62
      Required ratio:    0.00 (Cumulative side area) 

    Layer: via2
      Partial area ratio:    0.19
      Required ratio:    6.00 (Gate area) 
      Cumulative area ratio:    0.53
      Required ratio:    0.00 (Cumulative area) 

    Layer: met3
      Partial area ratio:   78.89
      Required ratio:    0.00 (Gate area) 
      Cumulative area ratio:   83.25
      Required ratio:    0.00 (Cumulative area) 
      Partial area ratio:  425.13
      Required ratio:  400.00 (Side area) (VIOLATED)
      Cumulative area ratio:  445.75
      Required ratio:    0.00 (Cumulative side area) 

    Layer: via3
      Partial area ratio:    0.19
      Required ratio:    6.00 (Gate area) 
      Cumulative area ratio:    0.72
      Required ratio:    0.00 (Cumulative area) 

    Layer: met4
      Partial area ratio:   58.87
      Required ratio:    0.00 (Gate area) 
      Cumulative area ratio:  142.12
      Required ratio:    0.00 (Cumulative area) 
      Partial area ratio:  316.17
      Required ratio: 2753.36 (Side area) 
      Cumulative area ratio:  761.92
      Required ratio:    0.00 (Cumulative side area) 



Net: net3269
  Pin:   hold2546/A (sky130_fd_sc_hd__clkbuf_2)
    Layer: mcon
      Partial area ratio:    0.14
      Required ratio:    3.00 (Gate area) 
      Cumulative area ratio:    0.14
      Required ratio:    0.00 (Cumulative area) 

    Layer: met1
      Partial area ratio:    3.45
      Required ratio:    0.00 (Gate area) 
      Cumulative area ratio:    3.45
      Required ratio:    0.00 (Cumulative area) 
      Partial area ratio:   16.38
      Required ratio:  400.00 (Side area) 
      Cumulative area ratio:   16.38
      Required ratio:    0.00 (Cumulative side area) 

    Layer: via
      Partial area ratio:    0.21
      Required ratio:    6.00 (Gate area) 
      Cumulative area ratio:    0.35
      Required ratio:    0.00 (Cumulative area) 

    Layer: met2
      Partial area ratio:    0.88
      Required ratio:    0.00 (Gate area) 
      Cumulative area ratio:    4.33
      Required ratio:    0.00 (Cumulative area) 
      Partial area ratio:    4.04
      Required ratio:  400.00 (Side area) 
      Cumulative area ratio:   20.42
      Required ratio:    0.00 (Cumulative side area) 

    Layer: via2
      Partial area ratio:    0.19
      Required ratio:    6.00 (Gate area) 
      Cumulative area ratio:    0.53
      Required ratio:    0.00 (Cumulative area) 

    Layer: met3
      Partial area ratio:   98.32
      Required ratio:    0.00 (Gate area) 
      Cumulative area ratio:  102.65
      Required ratio:    0.00 (Cumulative area) 
      Partial area ratio:  528.79
      Required ratio:  400.00 (Side area) (VIOLATED)
      Cumulative area ratio:  549.21
      Required ratio:    0.00 (Cumulative side area) 

    Layer: via3
      Partial area ratio:    0.19
      Required ratio:    6.00 (Gate area) 
      Cumulative area ratio:    0.72
      Required ratio:    0.00 (Cumulative area) 

    Layer: met4
      Partial area ratio:   97.74
      Required ratio:    0.00 (Gate area) 
      Cumulative area ratio:  200.39
      Required ratio:    0.00 (Cumulative area) 
      Partial area ratio:  523.49
      Required ratio: 2753.36 (Side area) 
      Cumulative area ratio: 1072.71
      Required ratio:    0.00 (Cumulative side area) 



Net: net3274
  Pin:   hold1499/A (sky130_fd_sc_hd__clkbuf_2)
    Layer: mcon
      Partial area ratio:    0.14
      Required ratio:    3.00 (Gate area) 
      Cumulative area ratio:    0.14
      Required ratio:    0.00 (Cumulative area) 

    Layer: met1
      Partial area ratio:    2.75
      Required ratio:    0.00 (Gate area) 
      Cumulative area ratio:    2.75
      Required ratio:    0.00 (Cumulative area) 
      Partial area ratio:   12.90
      Required ratio:  400.00 (Side area) 
      Cumulative area ratio:   12.90
      Required ratio:    0.00 (Cumulative side area) 

    Layer: via
      Partial area ratio:    0.21
      Required ratio:    6.00 (Gate area) 
      Cumulative area ratio:    0.35
      Required ratio:    0.00 (Cumulative area) 

    Layer: met2
      Partial area ratio:    0.88
      Required ratio:    0.00 (Gate area) 
      Cumulative area ratio:    3.63
      Required ratio:    0.00 (Cumulative area) 
      Partial area ratio:    4.04
      Required ratio:  400.00 (Side area) 
      Cumulative area ratio:   16.94
      Required ratio:    0.00 (Cumulative side area) 

    Layer: via2
      Partial area ratio:    0.19
      Required ratio:    6.00 (Gate area) 
      Cumulative area ratio:    0.53
      Required ratio:    0.00 (Cumulative area) 

    Layer: met3
      Partial area ratio:   78.89
      Required ratio:    0.00 (Gate area) 
      Cumulative area ratio:   82.52
      Required ratio:    0.00 (Cumulative area) 
      Partial area ratio:  425.13
      Required ratio:  400.00 (Side area) (VIOLATED)
      Cumulative area ratio:  442.07
      Required ratio:    0.00 (Cumulative side area) 

    Layer: via3
      Partial area ratio:    0.19
      Required ratio:    6.00 (Gate area) 
      Cumulative area ratio:    0.72
      Required ratio:    0.00 (Cumulative area) 

    Layer: met4
      Partial area ratio:   19.99
      Required ratio:    0.00 (Gate area) 
      Cumulative area ratio:  102.51
      Required ratio:    0.00 (Cumulative area) 
      Partial area ratio:  108.85
      Required ratio: 2753.36 (Side area) 
      Cumulative area ratio:  550.91
      Required ratio:    0.00 (Cumulative side area) 



Net: net3279
  Pin:   input1325/A (sky130_fd_sc_hd__buf_2)
    Layer: mcon
      Partial area ratio:    0.18
      Required ratio:    3.00 (Gate area) 
      Cumulative area ratio:    0.18
      Required ratio:    0.00 (Cumulative area) 

    Layer: met1
      Partial area ratio:    4.92
      Required ratio:    0.00 (Gate area) 
      Cumulative area ratio:    4.92
      Required ratio:    0.00 (Cumulative area) 
      Partial area ratio:   23.43
      Required ratio:  400.00 (Side area) 
      Cumulative area ratio:   23.43
      Required ratio:    0.00 (Cumulative side area) 

    Layer: via
      Partial area ratio:    0.28
      Required ratio:    6.00 (Gate area) 
      Cumulative area ratio:    0.46
      Required ratio:    0.00 (Cumulative area) 

    Layer: met2
      Partial area ratio:    1.17
      Required ratio:    0.00 (Gate area) 
      Cumulative area ratio:    6.09
      Required ratio:    0.00 (Cumulative area) 
      Partial area ratio:    5.42
      Required ratio:  400.00 (Side area) 
      Cumulative area ratio:   28.85
      Required ratio:    0.00 (Cumulative side area) 

    Layer: via2
      Partial area ratio:    0.25
      Required ratio:    6.00 (Gate area) 
      Cumulative area ratio:    0.72
      Required ratio:    0.00 (Cumulative area) 

    Layer: met3
      Partial area ratio:  104.93
      Required ratio:    0.00 (Gate area) 
      Cumulative area ratio:  111.03
      Required ratio:    0.00 (Cumulative area) 
      Partial area ratio:  562.57
      Required ratio:  400.00 (Side area) (VIOLATED)
      Cumulative area ratio:  591.41
      Required ratio:    0.00 (Cumulative side area) 

    Layer: via3
      Partial area ratio:    0.25
      Required ratio:    6.00 (Gate area) 
      Cumulative area ratio:    0.97
      Required ratio:    0.00 (Cumulative area) 

    Layer: met4
      Partial area ratio:  104.90
      Required ratio:    0.00 (Gate area) 
      Cumulative area ratio:  215.92
      Required ratio:    0.00 (Cumulative area) 
      Partial area ratio:  562.42
      Required ratio: 2753.36 (Side area) 
      Cumulative area ratio: 1153.83
      Required ratio:    0.00 (Cumulative side area) 



Net: net3314
  Pin:   input1326/A (sky130_fd_sc_hd__buf_2)
    Layer: mcon
      Partial area ratio:    0.18
      Required ratio:    3.00 (Gate area) 
      Cumulative area ratio:    0.18
      Required ratio:    0.00 (Cumulative area) 

    Layer: met1
      Partial area ratio:    2.90
      Required ratio:    0.00 (Gate area) 
      Cumulative area ratio:    2.90
      Required ratio:    0.00 (Cumulative area) 
      Partial area ratio:   13.33
      Required ratio:  400.00 (Side area) 
      Cumulative area ratio:   13.33
      Required ratio:    0.00 (Cumulative side area) 

    Layer: via
      Partial area ratio:    0.28
      Required ratio:    6.00 (Gate area) 
      Cumulative area ratio:    0.46
      Required ratio:    0.00 (Cumulative area) 

    Layer: met2
      Partial area ratio:    1.17
      Required ratio:    0.00 (Gate area) 
      Cumulative area ratio:    4.07
      Required ratio:    0.00 (Cumulative area) 
      Partial area ratio:    5.42
      Required ratio:  400.00 (Side area) 
      Cumulative area ratio:   18.75
      Required ratio:    0.00 (Cumulative side area) 

    Layer: via2
      Partial area ratio:    0.25
      Required ratio:    6.00 (Gate area) 
      Cumulative area ratio:    0.72
      Required ratio:    0.00 (Cumulative area) 

    Layer: met3
      Partial area ratio:  157.01
      Required ratio:    0.00 (Gate area) 
      Cumulative area ratio:  161.08
      Required ratio:    0.00 (Cumulative area) 
      Partial area ratio:  840.30
      Required ratio:  400.00 (Side area) (VIOLATED)
      Cumulative area ratio:  859.05
      Required ratio:    0.00 (Cumulative side area) 

    Layer: via3
      Partial area ratio:    0.25
      Required ratio:    6.00 (Gate area) 
      Cumulative area ratio:    0.97
      Required ratio:    0.00 (Cumulative area) 

    Layer: met4
      Partial area ratio:  156.97
      Required ratio:    0.00 (Gate area) 
      Cumulative area ratio:  318.05
      Required ratio:    0.00 (Cumulative area) 
      Partial area ratio:  840.15
      Required ratio: 2753.36 (Side area) 
      Cumulative area ratio: 1699.20
      Required ratio:    0.00 (Cumulative side area) 



Net: net3322
  Pin:   hold2566/A (sky130_fd_sc_hd__clkbuf_2)
    Layer: mcon
      Partial area ratio:    0.14
      Required ratio:    3.00 (Gate area) 
      Cumulative area ratio:    0.14
      Required ratio:    0.00 (Cumulative area) 

    Layer: met1
      Partial area ratio:    1.37
      Required ratio:    0.00 (Gate area) 
      Cumulative area ratio:    1.37
      Required ratio:    0.00 (Cumulative area) 
      Partial area ratio:    6.23
      Required ratio:  400.00 (Side area) 
      Cumulative area ratio:    6.23
      Required ratio:    0.00 (Cumulative side area) 

    Layer: via
      Partial area ratio:    0.17
      Required ratio:    6.00 (Gate area) 
      Cumulative area ratio:    0.30
      Required ratio:    0.00 (Cumulative area) 

    Layer: met2
      Partial area ratio:    0.60
      Required ratio:    0.00 (Gate area) 
      Cumulative area ratio:    1.97
      Required ratio:    0.00 (Cumulative area) 
      Partial area ratio:    2.38
      Required ratio:  400.00 (Side area) 
      Cumulative area ratio:    8.61
      Required ratio:    0.00 (Cumulative side area) 

    Layer: via2
      Partial area ratio:    0.19
      Required ratio:    6.00 (Gate area) 
      Cumulative area ratio:    0.49
      Required ratio:    0.00 (Cumulative area) 

    Layer: met3
      Partial area ratio:   78.33
      Required ratio:    0.00 (Gate area) 
      Cumulative area ratio:   80.29
      Required ratio:    0.00 (Cumulative area) 
      Partial area ratio:  419.94
      Required ratio:  400.00 (Side area) (VIOLATED)
      Cumulative area ratio:  428.55
      Required ratio:    0.00 (Cumulative side area) 

    Layer: via3
      Partial area ratio:    0.19
      Required ratio:    6.00 (Gate area) 
      Cumulative area ratio:    0.68
      Required ratio:    0.00 (Cumulative area) 

    Layer: met4
      Partial area ratio:   78.30
      Required ratio:    0.00 (Gate area) 
      Cumulative area ratio:  158.60
      Required ratio:    0.00 (Cumulative area) 
      Partial area ratio:  419.83
      Required ratio: 2753.36 (Side area) 
      Cumulative area ratio:  848.38
      Required ratio:    0.00 (Cumulative side area) 



Net: net3328
  Pin:   input1318/A (sky130_fd_sc_hd__buf_2)
    Layer: mcon
      Partial area ratio:    0.18
      Required ratio:    3.00 (Gate area) 
      Cumulative area ratio:    0.18
      Required ratio:    0.00 (Cumulative area) 

    Layer: met1
      Partial area ratio:    3.04
      Required ratio:    0.00 (Gate area) 
      Cumulative area ratio:    3.04
      Required ratio:    0.00 (Cumulative area) 
      Partial area ratio:   14.03
      Required ratio:  400.00 (Side area) 
      Cumulative area ratio:   14.03
      Required ratio:    0.00 (Cumulative side area) 

    Layer: via
      Partial area ratio:    0.28
      Required ratio:    6.00 (Gate area) 
      Cumulative area ratio:    0.46
      Required ratio:    0.00 (Cumulative area) 

    Layer: met2
      Partial area ratio:    1.17
      Required ratio:    0.00 (Gate area) 
      Cumulative area ratio:    4.21
      Required ratio:    0.00 (Cumulative area) 
      Partial area ratio:    5.42
      Required ratio:  400.00 (Side area) 
      Cumulative area ratio:   19.45
      Required ratio:    0.00 (Cumulative side area) 

    Layer: via2
      Partial area ratio:    0.25
      Required ratio:    6.00 (Gate area) 
      Cumulative area ratio:    0.72
      Required ratio:    0.00 (Cumulative area) 

    Layer: met3
      Partial area ratio:  104.93
      Required ratio:    0.00 (Gate area) 
      Cumulative area ratio:  109.15
      Required ratio:    0.00 (Cumulative area) 
      Partial area ratio:  562.57
      Required ratio:  400.00 (Side area) (VIOLATED)
      Cumulative area ratio:  582.01
      Required ratio:    0.00 (Cumulative side area) 

    Layer: via3
      Partial area ratio:    0.25
      Required ratio:    6.00 (Gate area) 
      Cumulative area ratio:    0.97
      Required ratio:    0.00 (Cumulative area) 

    Layer: met4
      Partial area ratio:  104.90
      Required ratio:    0.00 (Gate area) 
      Cumulative area ratio:  214.04
      Required ratio:    0.00 (Cumulative area) 
      Partial area ratio:  562.42
      Required ratio: 2753.36 (Side area) 
      Cumulative area ratio: 1144.43
      Required ratio:    0.00 (Cumulative side area) 



Net: net3351
  Pin:   hold1544/A (sky130_fd_sc_hd__clkbuf_2)
    Layer: mcon
      Partial area ratio:    0.14
      Required ratio:    3.00 (Gate area) 
      Cumulative area ratio:    0.14
      Required ratio:    0.00 (Cumulative area) 

    Layer: met1
      Partial area ratio:    4.06
      Required ratio:    0.00 (Gate area) 
      Cumulative area ratio:    4.06
      Required ratio:    0.00 (Cumulative area) 
      Partial area ratio:   19.41
      Required ratio:  400.00 (Side area) 
      Cumulative area ratio:   19.41
      Required ratio:    0.00 (Cumulative side area) 

    Layer: via
      Partial area ratio:    0.21
      Required ratio:    6.00 (Gate area) 
      Cumulative area ratio:    0.35
      Required ratio:    0.00 (Cumulative area) 

    Layer: met2
      Partial area ratio:    0.88
      Required ratio:    0.00 (Gate area) 
      Cumulative area ratio:    4.93
      Required ratio:    0.00 (Cumulative area) 
      Partial area ratio:    4.04
      Required ratio:  400.00 (Side area) 
      Cumulative area ratio:   23.45
      Required ratio:    0.00 (Cumulative side area) 

    Layer: via2
      Partial area ratio:    0.19
      Required ratio:    6.00 (Gate area) 
      Cumulative area ratio:    0.53
      Required ratio:    0.00 (Cumulative area) 

    Layer: met3
      Partial area ratio:   88.05
      Required ratio:    0.00 (Gate area) 
      Cumulative area ratio:   92.98
      Required ratio:    0.00 (Cumulative area) 
      Partial area ratio:  471.77
      Required ratio:  400.00 (Side area) (VIOLATED)
      Cumulative area ratio:  495.22
      Required ratio:    0.00 (Cumulative side area) 

    Layer: via3
      Partial area ratio:    0.19
      Required ratio:    6.00 (Gate area) 
      Cumulative area ratio:    0.72
      Required ratio:    0.00 (Cumulative area) 

    Layer: met4
      Partial area ratio:   97.74
      Required ratio:    0.00 (Gate area) 
      Cumulative area ratio:  190.72
      Required ratio:    0.00 (Cumulative area) 
      Partial area ratio:  523.49
      Required ratio: 2753.36 (Side area) 
      Cumulative area ratio: 1018.72
      Required ratio:    0.00 (Cumulative side area) 



Net: net3384
  Pin:   input1312/A (sky130_fd_sc_hd__buf_2)
    Layer: mcon
      Partial area ratio:    0.18
      Required ratio:    3.00 (Gate area) 
      Cumulative area ratio:    0.18
      Required ratio:    0.00 (Cumulative area) 

    Layer: met1
      Partial area ratio:    3.76
      Required ratio:    0.00 (Gate area) 
      Cumulative area ratio:    3.76
      Required ratio:    0.00 (Cumulative area) 
      Partial area ratio:   17.65
      Required ratio:  400.00 (Side area) 
      Cumulative area ratio:   17.65
      Required ratio:    0.00 (Cumulative side area) 

    Layer: via
      Partial area ratio:    0.28
      Required ratio:    6.00 (Gate area) 
      Cumulative area ratio:    0.46
      Required ratio:    0.00 (Cumulative area) 

    Layer: met2
      Partial area ratio:    1.17
      Required ratio:    0.00 (Gate area) 
      Cumulative area ratio:    4.94
      Required ratio:    0.00 (Cumulative area) 
      Partial area ratio:    5.42
      Required ratio:  400.00 (Side area) 
      Cumulative area ratio:   23.06
      Required ratio:    0.00 (Cumulative side area) 

    Layer: via2
      Partial area ratio:    0.25
      Required ratio:    6.00 (Gate area) 
      Cumulative area ratio:    0.72
      Required ratio:    0.00 (Cumulative area) 

    Layer: met3
      Partial area ratio:  157.01
      Required ratio:    0.00 (Gate area) 
      Cumulative area ratio:  161.94
      Required ratio:    0.00 (Cumulative area) 
      Partial area ratio:  840.30
      Required ratio:  400.00 (Side area) (VIOLATED)
      Cumulative area ratio:  863.36
      Required ratio:    0.00 (Cumulative side area) 

    Layer: via3
      Partial area ratio:    0.25
      Required ratio:    6.00 (Gate area) 
      Cumulative area ratio:    0.97
      Required ratio:    0.00 (Cumulative area) 

    Layer: met4
      Partial area ratio:  183.01
      Required ratio:    0.00 (Gate area) 
      Cumulative area ratio:  344.95
      Required ratio:    0.00 (Cumulative area) 
      Partial area ratio:  979.02
      Required ratio: 2753.36 (Side area) 
      Cumulative area ratio: 1842.38
      Required ratio:    0.00 (Cumulative side area) 



Net: net3477
  Pin:   hold1571/A (sky130_fd_sc_hd__clkbuf_2)
    Layer: mcon
      Partial area ratio:    0.14
      Required ratio:    3.00 (Gate area) 
      Cumulative area ratio:    0.14
      Required ratio:    0.00 (Cumulative area) 

    Layer: met1
      Partial area ratio:    3.14
      Required ratio:    0.00 (Gate area) 
      Cumulative area ratio:    3.14
      Required ratio:    0.00 (Cumulative area) 
      Partial area ratio:   14.81
      Required ratio:  400.00 (Side area) 
      Cumulative area ratio:   14.81
      Required ratio:    0.00 (Cumulative side area) 

    Layer: via
      Partial area ratio:    0.21
      Required ratio:    6.00 (Gate area) 
      Cumulative area ratio:    0.35
      Required ratio:    0.00 (Cumulative area) 

    Layer: met2
      Partial area ratio:    0.88
      Required ratio:    0.00 (Gate area) 
      Cumulative area ratio:    4.01
      Required ratio:    0.00 (Cumulative area) 
      Partial area ratio:    4.04
      Required ratio:  400.00 (Side area) 
      Cumulative area ratio:   18.85
      Required ratio:    0.00 (Cumulative side area) 

    Layer: via2
      Partial area ratio:    0.19
      Required ratio:    6.00 (Gate area) 
      Cumulative area ratio:    0.53
      Required ratio:    0.00 (Cumulative area) 

    Layer: met3
      Partial area ratio:   88.60
      Required ratio:    0.00 (Gate area) 
      Cumulative area ratio:   92.62
      Required ratio:    0.00 (Cumulative area) 
      Partial area ratio:  476.96
      Required ratio:  400.00 (Side area) (VIOLATED)
      Cumulative area ratio:  495.81
      Required ratio:    0.00 (Cumulative side area) 

    Layer: via3
      Partial area ratio:    0.19
      Required ratio:    6.00 (Gate area) 
      Cumulative area ratio:    0.72
      Required ratio:    0.00 (Cumulative area) 

    Layer: met4
      Partial area ratio:   58.87
      Required ratio:    0.00 (Gate area) 
      Cumulative area ratio:  151.48
      Required ratio:    0.00 (Cumulative area) 
      Partial area ratio:  316.17
      Required ratio: 2753.36 (Side area) 
      Cumulative area ratio:  811.97
      Required ratio:    0.00 (Cumulative side area) 



Net: net3559
  Pin:   hold1615/A (sky130_fd_sc_hd__clkbuf_2)
    Layer: mcon
      Partial area ratio:    0.14
      Required ratio:    3.00 (Gate area) 
      Cumulative area ratio:    0.14
      Required ratio:    0.00 (Cumulative area) 

    Layer: met1
      Partial area ratio:    3.73
      Required ratio:    0.00 (Gate area) 
      Cumulative area ratio:    3.73
      Required ratio:    0.00 (Cumulative area) 
      Partial area ratio:   17.80
      Required ratio:  400.00 (Side area) 
      Cumulative area ratio:   17.80
      Required ratio:    0.00 (Cumulative side area) 

    Layer: via
      Partial area ratio:    0.21
      Required ratio:    6.00 (Gate area) 
      Cumulative area ratio:    0.35
      Required ratio:    0.00 (Cumulative area) 

    Layer: met2
      Partial area ratio:   19.18
      Required ratio:    0.00 (Gate area) 
      Cumulative area ratio:   22.92
      Required ratio:    0.00 (Cumulative area) 
      Partial area ratio:   95.06
      Required ratio:  400.00 (Side area) 
      Cumulative area ratio:  112.85
      Required ratio:    0.00 (Cumulative side area) 

    Layer: via2
      Partial area ratio:    0.19
      Required ratio:    6.00 (Gate area) 
      Cumulative area ratio:    0.53
      Required ratio:    0.00 (Cumulative area) 

    Layer: met3
      Partial area ratio:   78.33
      Required ratio:    0.00 (Gate area) 
      Cumulative area ratio:  101.24
      Required ratio:    0.00 (Cumulative area) 
      Partial area ratio:  419.94
      Required ratio:  400.00 (Side area) (VIOLATED)
      Cumulative area ratio:  532.80
      Required ratio:    0.00 (Cumulative side area) 

    Layer: via3
      Partial area ratio:    0.19
      Required ratio:    6.00 (Gate area) 
      Cumulative area ratio:    0.72
      Required ratio:    0.00 (Cumulative area) 

    Layer: met4
      Partial area ratio:  107.46
      Required ratio:    0.00 (Gate area) 
      Cumulative area ratio:  208.70
      Required ratio:    0.00 (Cumulative area) 
      Partial area ratio:  575.32
      Required ratio: 2753.36 (Side area) 
      Cumulative area ratio: 1108.12
      Required ratio:    0.00 (Cumulative side area) 



[INFO ANT-0002] Found 81 net violations.
[INFO ANT-0001] Found 83 pin violations.
%OL_END_REPORT
