Netgen 1.5.323 compiled on Fri Jul 24 07:14:03 UTC 2026
Warning: netgen command 'format' use fully-qualified name '::netgen::format'
Warning: netgen command 'global' use fully-qualified name '::netgen::global'
Call to undefined subcircuit sky130_fd_pr__pfet_01v8_hvt
Creating placeholder cell definition.
Call to undefined subcircuit sky130_fd_pr__nfet_01v8
Creating placeholder cell definition.
Call to undefined subcircuit sky130_fd_pr__special_nfet_01v8
Creating placeholder cell definition.
Call to undefined subcircuit sky130_fd_pr__diode_pw2nd_05v5
Creating placeholder cell definition.
Call to undefined subcircuit sky130_fd_pr__res_generic_po
Creating placeholder cell definition.
Warning:  A case-insensitive file has been read and so the	verilog file must be treated case-insensitive to match.
Reading SPICE netlist file '/home/research/.ciel/ciel/sky130/versions/1689ac3f2dc763876eaf967227c7dfe831b031ae/sky130A/libs.ref/sky130_fd_sc_hd/spice/sky130_ef_sc_hd__fill_2.spice'...
Reading SPICE netlist file '/home/research/.ciel/ciel/sky130/versions/1689ac3f2dc763876eaf967227c7dfe831b031ae/sky130A/libs.ref/sky130_fd_sc_hd/spice/sky130_ef_sc_hd__fill_12.spice'...
Reading SPICE netlist file '/home/research/.ciel/ciel/sky130/versions/1689ac3f2dc763876eaf967227c7dfe831b031ae/sky130A/libs.ref/sky130_fd_sc_hd/spice/sky130_ef_sc_hd__decap_60_12.spice'...
Call to undefined subcircuit sky130_fd_pr__nfet_01v8
Creating placeholder cell definition.
Call to undefined subcircuit sky130_fd_pr__pfet_01v8_hvt
Creating placeholder cell definition.
Reading SPICE netlist file '/home/research/.ciel/ciel/sky130/versions/1689ac3f2dc763876eaf967227c7dfe831b031ae/sky130A/libs.ref/sky130_fd_sc_hd/spice/sky130_ef_sc_hd__decap_40_12.spice'...
Reading SPICE netlist file '/home/research/.ciel/ciel/sky130/versions/1689ac3f2dc763876eaf967227c7dfe831b031ae/sky130A/libs.ref/sky130_fd_sc_hd/spice/sky130_ef_sc_hd__fill_8.spice'...
Reading SPICE netlist file '/home/research/.ciel/ciel/sky130/versions/1689ac3f2dc763876eaf967227c7dfe831b031ae/sky130A/libs.ref/sky130_fd_sc_hd/spice/sky130_fd_sc_hd.spice'...
Call to undefined subcircuit sky130_fd_pr__res_generic_po
Creating placeholder cell definition.
Call to undefined subcircuit sky130_fd_pr__special_nfet_01v8
Creating placeholder cell definition.
Call to undefined subcircuit sky130_fd_pr__diode_pw2nd_05v5
Creating placeholder cell definition.
Call to undefined subcircuit sky130_fd_pr__special_pfet_01v8_hvt
Creating placeholder cell definition.
Call to undefined subcircuit sky130_fd_sc_hd__nand2_2
Creating placeholder cell definition.
Call to undefined subcircuit sky130_fd_sc_hd__nor2_2
Creating placeholder cell definition.
Reading SPICE netlist file '/home/research/.ciel/ciel/sky130/versions/1689ac3f2dc763876eaf967227c7dfe831b031ae/sky130A/libs.ref/sky130_fd_sc_hd/spice/sky130_ef_sc_hd__decap_12.spice'...
Reading SPICE netlist file '/home/research/.ciel/ciel/sky130/versions/1689ac3f2dc763876eaf967227c7dfe831b031ae/sky130A/libs.ref/sky130_fd_sc_hd/spice/sky130_ef_sc_hd__fill_4.spice'...
Reading SPICE netlist file '/home/research/.ciel/ciel/sky130/versions/1689ac3f2dc763876eaf967227c7dfe831b031ae/sky130A/libs.ref/sky130_fd_sc_hd/spice/sky130_ef_sc_hd__decap_80_12.spice'...
Reading SPICE netlist file '/home/research/.ciel/ciel/sky130/versions/1689ac3f2dc763876eaf967227c7dfe831b031ae/sky130A/libs.ref/sky130_fd_sc_hd/spice/sky130_ef_sc_hd__decap_20_12.spice'...
Reading Verilog netlist file '/home/research/alosh/superfloat.gpu/librelane/openframe/runs/chip_20_eco2/10-openroad-fillinsertion/openframe_project_wrapper.pnl.v'...
Warning:  A case-insensitive file has been read and so the	verilog file must be treated case-insensitive to match.
Note:  Implicit pin LO in instance _4236__2100 of sky130_fd_sc_hd__conb_1 in cell openframe_project_wrapper
Creating placeholder cell definition for module core_tile.
Note:  Implicit pin Y in instance clkload0 of sky130_fd_sc_hd__clkinv_4 in cell openframe_project_wrapper
Note:  Implicit pin Y in instance clkload1 of sky130_fd_sc_hd__clkinv_2 in cell openframe_project_wrapper
Note:  Implicit pin X in instance clkload10 of sky130_fd_sc_hd__clkbuf_16 in cell openframe_project_wrapper
Note:  Implicit pin X in instance clkload11 of sky130_fd_sc_hd__clkbuf_16 in cell openframe_project_wrapper
Note:  Implicit pin Y in instance clkload12 of sky130_fd_sc_hd__bufinv_16 in cell openframe_project_wrapper
Note:  Implicit pin X in instance clkload13 of sky130_fd_sc_hd__clkbuf_8 in cell openframe_project_wrapper
Note:  Implicit pin Y in instance clkload14 of sky130_fd_sc_hd__bufinv_16 in cell openframe_project_wrapper
Note:  Implicit pin X in instance clkload15 of sky130_fd_sc_hd__clkbuf_8 in cell openframe_project_wrapper
Note:  Implicit pin X in instance clkload16 of sky130_fd_sc_hd__clkbuf_1 in cell openframe_project_wrapper
Note:  Implicit pin X in instance clkload17 of sky130_fd_sc_hd__clkbuf_1 in cell openframe_project_wrapper
Note:  Implicit pin Y in instance clkload18 of sky130_fd_sc_hd__bufinv_16 in cell openframe_project_wrapper
Note:  Implicit pin Y in instance clkload19 of sky130_fd_sc_hd__clkinv_1 in cell openframe_project_wrapper
Note:  Implicit pin X in instance clkload2 of sky130_fd_sc_hd__clkbuf_16 in cell openframe_project_wrapper
Note:  Implicit pin Y in instance clkload20 of sky130_fd_sc_hd__clkinv_1 in cell openframe_project_wrapper
Note:  Implicit pin Y in instance clkload21 of sky130_fd_sc_hd__clkinv_2 in cell openframe_project_wrapper
Note:  Implicit pin Y in instance clkload22 of sky130_fd_sc_hd__clkinv_2 in cell openframe_project_wrapper
Note:  Implicit pin X in instance clkload23 of sky130_fd_sc_hd__clkbuf_8 in cell openframe_project_wrapper
Note:  Implicit pin X in instance clkload24 of sky130_fd_sc_hd__clkbuf_1 in cell openframe_project_wrapper
Note:  Implicit pin Y in instance clkload25 of sky130_fd_sc_hd__bufinv_16 in cell openframe_project_wrapper
Note:  Implicit pin X in instance clkload26 of sky130_fd_sc_hd__clkbuf_8 in cell openframe_project_wrapper
Note:  Implicit pin X in instance clkload27 of sky130_fd_sc_hd__clkbuf_1 in cell openframe_project_wrapper
Note:  Implicit pin X in instance clkload28 of sky130_fd_sc_hd__clkbuf_8 in cell openframe_project_wrapper
Note:  Implicit pin Y in instance clkload29 of sky130_fd_sc_hd__bufinv_16 in cell openframe_project_wrapper
Note:  Implicit pin X in instance clkload3 of sky130_fd_sc_hd__clkbuf_1 in cell openframe_project_wrapper
Note:  Implicit pin Y in instance clkload30 of sky130_fd_sc_hd__clkinv_2 in cell openframe_project_wrapper
Note:  Implicit pin X in instance clkload31 of sky130_fd_sc_hd__clkbuf_1 in cell openframe_project_wrapper
Note:  Implicit pin Y in instance clkload32 of sky130_fd_sc_hd__clkinv_2 in cell openframe_project_wrapper
Note:  Implicit pin X in instance clkload33 of sky130_fd_sc_hd__clkbuf_1 in cell openframe_project_wrapper
Note:  Implicit pin X in instance clkload34 of sky130_fd_sc_hd__clkbuf_1 in cell openframe_project_wrapper
Note:  Implicit pin X in instance clkload35 of sky130_fd_sc_hd__clkbuf_8 in cell openframe_project_wrapper
Note:  Implicit pin Y in instance clkload36 of sky130_fd_sc_hd__bufinv_16 in cell openframe_project_wrapper
Note:  Implicit pin Y in instance clkload37 of sky130_fd_sc_hd__clkinv_2 in cell openframe_project_wrapper
Note:  Implicit pin Y in instance clkload38 of sky130_fd_sc_hd__clkinv_2 in cell openframe_project_wrapper
Note:  Implicit pin Y in instance clkload39 of sky130_fd_sc_hd__bufinv_16 in cell openframe_project_wrapper
Note:  Implicit pin Y in instance clkload4 of sky130_fd_sc_hd__clkinv_2 in cell openframe_project_wrapper
Note:  Implicit pin Y in instance clkload40 of sky130_fd_sc_hd__bufinv_16 in cell openframe_project_wrapper
Note:  Implicit pin Y in instance clkload41 of sky130_fd_sc_hd__clkinv_2 in cell openframe_project_wrapper
Note:  Implicit pin Y in instance clkload42 of sky130_fd_sc_hd__bufinv_16 in cell openframe_project_wrapper
Note:  Implicit pin Y in instance clkload43 of sky130_fd_sc_hd__clkinv_1 in cell openframe_project_wrapper
Note:  Implicit pin Y in instance clkload44 of sky130_fd_sc_hd__clkinv_1 in cell openframe_project_wrapper
Note:  Implicit pin Y in instance clkload45 of sky130_fd_sc_hd__bufinv_16 in cell openframe_project_wrapper
Note:  Implicit pin Y in instance clkload46 of sky130_fd_sc_hd__bufinv_16 in cell openframe_project_wrapper
Note:  Implicit pin Y in instance clkload47 of sky130_fd_sc_hd__bufinv_16 in cell openframe_project_wrapper
Note:  Implicit pin Y in instance clkload48 of sky130_fd_sc_hd__bufinv_16 in cell openframe_project_wrapper
Note:  Implicit pin Y in instance clkload49 of sky130_fd_sc_hd__bufinv_16 in cell openframe_project_wrapper
Note:  Implicit pin Y in instance clkload5 of sky130_fd_sc_hd__clkinv_2 in cell openframe_project_wrapper
Note:  Implicit pin Y in instance clkload50 of sky130_fd_sc_hd__bufinv_16 in cell openframe_project_wrapper
Note:  Implicit pin Y in instance clkload51 of sky130_fd_sc_hd__clkinv_1 in cell openframe_project_wrapper
Note:  Implicit pin X in instance clkload52 of sky130_fd_sc_hd__clkbuf_1 in cell openframe_project_wrapper
Note:  Implicit pin X in instance clkload53 of sky130_fd_sc_hd__clkbuf_8 in cell openframe_project_wrapper
Note:  Implicit pin X in instance clkload54 of sky130_fd_sc_hd__clkbuf_1 in cell openframe_project_wrapper
Note:  Implicit pin X in instance clkload55 of sky130_fd_sc_hd__clkbuf_1 in cell openframe_project_wrapper
Note:  Implicit pin X in instance clkload56 of sky130_fd_sc_hd__clkbuf_8 in cell openframe_project_wrapper
Note:  Implicit pin Y in instance clkload57 of sky130_fd_sc_hd__clkinv_1 in cell openframe_project_wrapper
Note:  Implicit pin Y in instance clkload58 of sky130_fd_sc_hd__clkinv_1 in cell openframe_project_wrapper
Note:  Implicit pin Y in instance clkload59 of sky130_fd_sc_hd__bufinv_16 in cell openframe_project_wrapper
Note:  Implicit pin X in instance clkload6 of sky130_fd_sc_hd__clkbuf_16 in cell openframe_project_wrapper
Note:  Implicit pin X in instance clkload60 of sky130_fd_sc_hd__clkbuf_1 in cell openframe_project_wrapper
Note:  Implicit pin Y in instance clkload61 of sky130_fd_sc_hd__clkinv_2 in cell openframe_project_wrapper
Note:  Implicit pin Y in instance clkload62 of sky130_fd_sc_hd__bufinv_16 in cell openframe_project_wrapper
Note:  Implicit pin Y in instance clkload63 of sky130_fd_sc_hd__bufinv_16 in cell openframe_project_wrapper
Note:  Implicit pin Y in instance clkload64 of sky130_fd_sc_hd__bufinv_16 in cell openframe_project_wrapper
Note:  Implicit pin Y in instance clkload65 of sky130_fd_sc_hd__bufinv_16 in cell openframe_project_wrapper
Note:  Implicit pin Y in instance clkload66 of sky130_fd_sc_hd__clkinv_2 in cell openframe_project_wrapper
Note:  Implicit pin X in instance clkload67 of sky130_fd_sc_hd__clkbuf_8 in cell openframe_project_wrapper
Note:  Implicit pin Y in instance clkload68 of sky130_fd_sc_hd__clkinv_2 in cell openframe_project_wrapper
Note:  Implicit pin X in instance clkload69 of sky130_fd_sc_hd__clkbuf_1 in cell openframe_project_wrapper
Note:  Implicit pin X in instance clkload7 of sky130_fd_sc_hd__clkbuf_16 in cell openframe_project_wrapper
Note:  Implicit pin X in instance clkload70 of sky130_fd_sc_hd__clkbuf_1 in cell openframe_project_wrapper
Note:  Implicit pin X in instance clkload71 of sky130_fd_sc_hd__clkbuf_1 in cell openframe_project_wrapper
Note:  Implicit pin Y in instance clkload72 of sky130_fd_sc_hd__clkinv_2 in cell openframe_project_wrapper
Note:  Implicit pin X in instance clkload73 of sky130_fd_sc_hd__clkbuf_1 in cell openframe_project_wrapper
Note:  Implicit pin X in instance clkload74 of sky130_fd_sc_hd__clkbuf_1 in cell openframe_project_wrapper
Note:  Implicit pin Y in instance clkload8 of sky130_fd_sc_hd__clkinv_2 in cell openframe_project_wrapper
Note:  Implicit pin X in instance clkload9 of sky130_fd_sc_hd__clkbuf_16 in cell openframe_project_wrapper
Note:  Implicit pin HI in instance openframe_project_wrapper of sky130_fd_sc_hd__conb_1 in cell openframe_project_wrapper
Note:  Implicit pin HI in instance openframe_project_wrapper_1669 of sky130_fd_sc_hd__conb_1 in cell openframe_project_wrapper
Note:  Implicit pin HI in instance openframe_project_wrapper_1670 of sky130_fd_sc_hd__conb_1 in cell openframe_project_wrapper
Note:  Implicit pin HI in instance openframe_project_wrapper_1671 of sky130_fd_sc_hd__conb_1 in cell openframe_project_wrapper
Note:  Implicit pin HI in instance openframe_project_wrapper_1672 of sky130_fd_sc_hd__conb_1 in cell openframe_project_wrapper
Note:  Implicit pin HI in instance openframe_project_wrapper_1673 of sky130_fd_sc_hd__conb_1 in cell openframe_project_wrapper
Note:  Implicit pin HI in instance openframe_project_wrapper_1674 of sky130_fd_sc_hd__conb_1 in cell openframe_project_wrapper
Note:  Implicit pin HI in instance openframe_project_wrapper_1675 of sky130_fd_sc_hd__conb_1 in cell openframe_project_wrapper
Note:  Implicit pin HI in instance openframe_project_wrapper_1676 of sky130_fd_sc_hd__conb_1 in cell openframe_project_wrapper
Note:  Implicit pin HI in instance openframe_project_wrapper_1677 of sky130_fd_sc_hd__conb_1 in cell openframe_project_wrapper
Note:  Implicit pin HI in instance openframe_project_wrapper_1678 of sky130_fd_sc_hd__conb_1 in cell openframe_project_wrapper
Note:  Implicit pin HI in instance openframe_project_wrapper_1679 of sky130_fd_sc_hd__conb_1 in cell openframe_project_wrapper
Note:  Implicit pin HI in instance openframe_project_wrapper_1680 of sky130_fd_sc_hd__conb_1 in cell openframe_project_wrapper
Note:  Implicit pin HI in instance openframe_project_wrapper_1681 of sky130_fd_sc_hd__conb_1 in cell openframe_project_wrapper
Note:  Implicit pin HI in instance openframe_project_wrapper_1682 of sky130_fd_sc_hd__conb_1 in cell openframe_project_wrapper
Note:  Implicit pin HI in instance openframe_project_wrapper_1683 of sky130_fd_sc_hd__conb_1 in cell openframe_project_wrapper
Note:  Implicit pin HI in instance openframe_project_wrapper_1684 of sky130_fd_sc_hd__conb_1 in cell openframe_project_wrapper
Note:  Implicit pin HI in instance openframe_project_wrapper_1685 of sky130_fd_sc_hd__conb_1 in cell openframe_project_wrapper
Note:  Implicit pin HI in instance openframe_project_wrapper_1686 of sky130_fd_sc_hd__conb_1 in cell openframe_project_wrapper
Note:  Implicit pin HI in instance openframe_project_wrapper_1687 of sky130_fd_sc_hd__conb_1 in cell openframe_project_wrapper
Note:  Implicit pin HI in instance openframe_project_wrapper_1688 of sky130_fd_sc_hd__conb_1 in cell openframe_project_wrapper
Note:  Implicit pin HI in instance openframe_project_wrapper_1689 of sky130_fd_sc_hd__conb_1 in cell openframe_project_wrapper
Note:  Implicit pin HI in instance openframe_project_wrapper_1690 of sky130_fd_sc_hd__conb_1 in cell openframe_project_wrapper
Note:  Implicit pin HI in instance openframe_project_wrapper_1691 of sky130_fd_sc_hd__conb_1 in cell openframe_project_wrapper
Note:  Implicit pin HI in instance openframe_project_wrapper_1692 of sky130_fd_sc_hd__conb_1 in cell openframe_project_wrapper
Note:  Implicit pin HI in instance openframe_project_wrapper_1693 of sky130_fd_sc_hd__conb_1 in cell openframe_project_wrapper
Note:  Implicit pin HI in instance openframe_project_wrapper_1694 of sky130_fd_sc_hd__conb_1 in cell openframe_project_wrapper
Note:  Implicit pin HI in instance openframe_project_wrapper_1695 of sky130_fd_sc_hd__conb_1 in cell openframe_project_wrapper
Note:  Implicit pin HI in instance openframe_project_wrapper_1696 of sky130_fd_sc_hd__conb_1 in cell openframe_project_wrapper
Note:  Implicit pin HI in instance openframe_project_wrapper_1697 of sky130_fd_sc_hd__conb_1 in cell openframe_project_wrapper
Note:  Implicit pin HI in instance openframe_project_wrapper_1698 of sky130_fd_sc_hd__conb_1 in cell openframe_project_wrapper
Note:  Implicit pin HI in instance openframe_project_wrapper_1699 of sky130_fd_sc_hd__conb_1 in cell openframe_project_wrapper
Note:  Implicit pin HI in instance openframe_project_wrapper_1700 of sky130_fd_sc_hd__conb_1 in cell openframe_project_wrapper
Note:  Implicit pin HI in instance openframe_project_wrapper_1701 of sky130_fd_sc_hd__conb_1 in cell openframe_project_wrapper
Note:  Implicit pin HI in instance openframe_project_wrapper_1702 of sky130_fd_sc_hd__conb_1 in cell openframe_project_wrapper
Note:  Implicit pin HI in instance openframe_project_wrapper_1703 of sky130_fd_sc_hd__conb_1 in cell openframe_project_wrapper
Note:  Implicit pin HI in instance openframe_project_wrapper_1704 of sky130_fd_sc_hd__conb_1 in cell openframe_project_wrapper
Note:  Implicit pin HI in instance openframe_project_wrapper_1705 of sky130_fd_sc_hd__conb_1 in cell openframe_project_wrapper
Note:  Implicit pin HI in instance openframe_project_wrapper_1706 of sky130_fd_sc_hd__conb_1 in cell openframe_project_wrapper
Note:  Implicit pin HI in instance openframe_project_wrapper_1707 of sky130_fd_sc_hd__conb_1 in cell openframe_project_wrapper
Note:  Implicit pin HI in instance openframe_project_wrapper_1708 of sky130_fd_sc_hd__conb_1 in cell openframe_project_wrapper
Note:  Implicit pin HI in instance openframe_project_wrapper_1709 of sky130_fd_sc_hd__conb_1 in cell openframe_project_wrapper
Note:  Implicit pin HI in instance openframe_project_wrapper_1710 of sky130_fd_sc_hd__conb_1 in cell openframe_project_wrapper
Note:  Implicit pin HI in instance openframe_project_wrapper_1711 of sky130_fd_sc_hd__conb_1 in cell openframe_project_wrapper
Note:  Implicit pin HI in instance openframe_project_wrapper_1712 of sky130_fd_sc_hd__conb_1 in cell openframe_project_wrapper
Note:  Implicit pin HI in instance openframe_project_wrapper_1713 of sky130_fd_sc_hd__conb_1 in cell openframe_project_wrapper
Note:  Implicit pin HI in instance openframe_project_wrapper_1714 of sky130_fd_sc_hd__conb_1 in cell openframe_project_wrapper
Note:  Implicit pin HI in instance openframe_project_wrapper_1715 of sky130_fd_sc_hd__conb_1 in cell openframe_project_wrapper
Note:  Implicit pin HI in instance openframe_project_wrapper_1716 of sky130_fd_sc_hd__conb_1 in cell openframe_project_wrapper
Note:  Implicit pin HI in instance openframe_project_wrapper_1717 of sky130_fd_sc_hd__conb_1 in cell openframe_project_wrapper
Note:  Implicit pin HI in instance openframe_project_wrapper_1718 of sky130_fd_sc_hd__conb_1 in cell openframe_project_wrapper
Note:  Implicit pin HI in instance openframe_project_wrapper_1719 of sky130_fd_sc_hd__conb_1 in cell openframe_project_wrapper
Note:  Implicit pin HI in instance openframe_project_wrapper_1720 of sky130_fd_sc_hd__conb_1 in cell openframe_project_wrapper
Note:  Implicit pin HI in instance openframe_project_wrapper_1721 of sky130_fd_sc_hd__conb_1 in cell openframe_project_wrapper
Note:  Implicit pin HI in instance openframe_project_wrapper_1722 of sky130_fd_sc_hd__conb_1 in cell openframe_project_wrapper
Note:  Implicit pin HI in instance openframe_project_wrapper_1723 of sky130_fd_sc_hd__conb_1 in cell openframe_project_wrapper
Note:  Implicit pin HI in instance openframe_project_wrapper_1724 of sky130_fd_sc_hd__conb_1 in cell openframe_project_wrapper
Note:  Implicit pin HI in instance openframe_project_wrapper_1725 of sky130_fd_sc_hd__conb_1 in cell openframe_project_wrapper
Note:  Implicit pin HI in instance openframe_project_wrapper_1726 of sky130_fd_sc_hd__conb_1 in cell openframe_project_wrapper
Note:  Implicit pin HI in instance openframe_project_wrapper_1727 of sky130_fd_sc_hd__conb_1 in cell openframe_project_wrapper
Note:  Implicit pin HI in instance openframe_project_wrapper_1728 of sky130_fd_sc_hd__conb_1 in cell openframe_project_wrapper
Note:  Implicit pin HI in instance openframe_project_wrapper_1729 of sky130_fd_sc_hd__conb_1 in cell openframe_project_wrapper
Note:  Implicit pin HI in instance openframe_project_wrapper_1730 of sky130_fd_sc_hd__conb_1 in cell openframe_project_wrapper
Note:  Implicit pin HI in instance openframe_project_wrapper_1731 of sky130_fd_sc_hd__conb_1 in cell openframe_project_wrapper
Note:  Implicit pin HI in instance openframe_project_wrapper_1732 of sky130_fd_sc_hd__conb_1 in cell openframe_project_wrapper
Note:  Implicit pin HI in instance openframe_project_wrapper_1733 of sky130_fd_sc_hd__conb_1 in cell openframe_project_wrapper
Note:  Implicit pin HI in instance openframe_project_wrapper_1734 of sky130_fd_sc_hd__conb_1 in cell openframe_project_wrapper
Note:  Implicit pin HI in instance openframe_project_wrapper_1735 of sky130_fd_sc_hd__conb_1 in cell openframe_project_wrapper
Note:  Implicit pin HI in instance openframe_project_wrapper_1736 of sky130_fd_sc_hd__conb_1 in cell openframe_project_wrapper
Note:  Implicit pin HI in instance openframe_project_wrapper_1737 of sky130_fd_sc_hd__conb_1 in cell openframe_project_wrapper
Note:  Implicit pin HI in instance openframe_project_wrapper_1738 of sky130_fd_sc_hd__conb_1 in cell openframe_project_wrapper
Note:  Implicit pin HI in instance openframe_project_wrapper_1739 of sky130_fd_sc_hd__conb_1 in cell openframe_project_wrapper
Note:  Implicit pin HI in instance openframe_project_wrapper_1740 of sky130_fd_sc_hd__conb_1 in cell openframe_project_wrapper
Note:  Implicit pin HI in instance openframe_project_wrapper_1741 of sky130_fd_sc_hd__conb_1 in cell openframe_project_wrapper
Note:  Implicit pin HI in instance openframe_project_wrapper_1742 of sky130_fd_sc_hd__conb_1 in cell openframe_project_wrapper
Note:  Implicit pin HI in instance openframe_project_wrapper_1743 of sky130_fd_sc_hd__conb_1 in cell openframe_project_wrapper
Note:  Implicit pin HI in instance openframe_project_wrapper_1744 of sky130_fd_sc_hd__conb_1 in cell openframe_project_wrapper
Note:  Implicit pin HI in instance openframe_project_wrapper_1745 of sky130_fd_sc_hd__conb_1 in cell openframe_project_wrapper
Note:  Implicit pin HI in instance openframe_project_wrapper_1746 of sky130_fd_sc_hd__conb_1 in cell openframe_project_wrapper
Note:  Implicit pin HI in instance openframe_project_wrapper_1747 of sky130_fd_sc_hd__conb_1 in cell openframe_project_wrapper
Note:  Implicit pin HI in instance openframe_project_wrapper_1748 of sky130_fd_sc_hd__conb_1 in cell openframe_project_wrapper
Note:  Implicit pin HI in instance openframe_project_wrapper_1749 of sky130_fd_sc_hd__conb_1 in cell openframe_project_wrapper
Note:  Implicit pin HI in instance openframe_project_wrapper_1750 of sky130_fd_sc_hd__conb_1 in cell openframe_project_wrapper
Note:  Implicit pin HI in instance openframe_project_wrapper_1751 of sky130_fd_sc_hd__conb_1 in cell openframe_project_wrapper
Note:  Implicit pin HI in instance openframe_project_wrapper_1752 of sky130_fd_sc_hd__conb_1 in cell openframe_project_wrapper
Note:  Implicit pin HI in instance openframe_project_wrapper_1753 of sky130_fd_sc_hd__conb_1 in cell openframe_project_wrapper
Note:  Implicit pin HI in instance openframe_project_wrapper_1754 of sky130_fd_sc_hd__conb_1 in cell openframe_project_wrapper
Note:  Implicit pin HI in instance openframe_project_wrapper_1755 of sky130_fd_sc_hd__conb_1 in cell openframe_project_wrapper
Note:  Implicit pin HI in instance openframe_project_wrapper_1756 of sky130_fd_sc_hd__conb_1 in cell openframe_project_wrapper
Note:  Implicit pin HI in instance openframe_project_wrapper_1757 of sky130_fd_sc_hd__conb_1 in cell openframe_project_wrapper
Note:  Implicit pin HI in instance openframe_project_wrapper_1758 of sky130_fd_sc_hd__conb_1 in cell openframe_project_wrapper
Note:  Implicit pin HI in instance openframe_project_wrapper_1759 of sky130_fd_sc_hd__conb_1 in cell openframe_project_wrapper
Note:  Implicit pin HI in instance openframe_project_wrapper_1760 of sky130_fd_sc_hd__conb_1 in cell openframe_project_wrapper
Note:  Implicit pin HI in instance openframe_project_wrapper_1761 of sky130_fd_sc_hd__conb_1 in cell openframe_project_wrapper
Note:  Implicit pin HI in instance openframe_project_wrapper_1762 of sky130_fd_sc_hd__conb_1 in cell openframe_project_wrapper
Note:  Implicit pin HI in instance openframe_project_wrapper_1763 of sky130_fd_sc_hd__conb_1 in cell openframe_project_wrapper
Note:  Implicit pin HI in instance openframe_project_wrapper_1764 of sky130_fd_sc_hd__conb_1 in cell openframe_project_wrapper
Note:  Implicit pin HI in instance openframe_project_wrapper_1765 of sky130_fd_sc_hd__conb_1 in cell openframe_project_wrapper
Note:  Implicit pin HI in instance openframe_project_wrapper_1766 of sky130_fd_sc_hd__conb_1 in cell openframe_project_wrapper
Note:  Implicit pin HI in instance openframe_project_wrapper_1767 of sky130_fd_sc_hd__conb_1 in cell openframe_project_wrapper
Note:  Implicit pin HI in instance openframe_project_wrapper_1768 of sky130_fd_sc_hd__conb_1 in cell openframe_project_wrapper
Note:  Implicit pin HI in instance openframe_project_wrapper_1769 of sky130_fd_sc_hd__conb_1 in cell openframe_project_wrapper
Note:  Implicit pin HI in instance openframe_project_wrapper_1770 of sky130_fd_sc_hd__conb_1 in cell openframe_project_wrapper
Note:  Implicit pin HI in instance openframe_project_wrapper_1771 of sky130_fd_sc_hd__conb_1 in cell openframe_project_wrapper
Note:  Implicit pin HI in instance openframe_project_wrapper_1772 of sky130_fd_sc_hd__conb_1 in cell openframe_project_wrapper
Note:  Implicit pin HI in instance openframe_project_wrapper_1773 of sky130_fd_sc_hd__conb_1 in cell openframe_project_wrapper
Note:  Implicit pin HI in instance openframe_project_wrapper_1774 of sky130_fd_sc_hd__conb_1 in cell openframe_project_wrapper
Note:  Implicit pin HI in instance openframe_project_wrapper_1775 of sky130_fd_sc_hd__conb_1 in cell openframe_project_wrapper
Note:  Implicit pin HI in instance openframe_project_wrapper_1776 of sky130_fd_sc_hd__conb_1 in cell openframe_project_wrapper
Note:  Implicit pin HI in instance openframe_project_wrapper_1777 of sky130_fd_sc_hd__conb_1 in cell openframe_project_wrapper
Note:  Implicit pin HI in instance openframe_project_wrapper_1778 of sky130_fd_sc_hd__conb_1 in cell openframe_project_wrapper
Note:  Implicit pin HI in instance openframe_project_wrapper_1779 of sky130_fd_sc_hd__conb_1 in cell openframe_project_wrapper
Note:  Implicit pin HI in instance openframe_project_wrapper_1780 of sky130_fd_sc_hd__conb_1 in cell openframe_project_wrapper
Note:  Implicit pin HI in instance openframe_project_wrapper_1781 of sky130_fd_sc_hd__conb_1 in cell openframe_project_wrapper
Note:  Implicit pin HI in instance openframe_project_wrapper_1782 of sky130_fd_sc_hd__conb_1 in cell openframe_project_wrapper
Note:  Implicit pin HI in instance openframe_project_wrapper_1783 of sky130_fd_sc_hd__conb_1 in cell openframe_project_wrapper
Note:  Implicit pin HI in instance openframe_project_wrapper_1784 of sky130_fd_sc_hd__conb_1 in cell openframe_project_wrapper
Note:  Implicit pin HI in instance openframe_project_wrapper_1785 of sky130_fd_sc_hd__conb_1 in cell openframe_project_wrapper
Note:  Implicit pin HI in instance openframe_project_wrapper_1786 of sky130_fd_sc_hd__conb_1 in cell openframe_project_wrapper
Note:  Implicit pin HI in instance openframe_project_wrapper_1787 of sky130_fd_sc_hd__conb_1 in cell openframe_project_wrapper
Note:  Implicit pin HI in instance openframe_project_wrapper_1788 of sky130_fd_sc_hd__conb_1 in cell openframe_project_wrapper
Note:  Implicit pin HI in instance openframe_project_wrapper_1789 of sky130_fd_sc_hd__conb_1 in cell openframe_project_wrapper
Note:  Implicit pin HI in instance openframe_project_wrapper_1790 of sky130_fd_sc_hd__conb_1 in cell openframe_project_wrapper
Note:  Implicit pin HI in instance openframe_project_wrapper_1791 of sky130_fd_sc_hd__conb_1 in cell openframe_project_wrapper
Note:  Implicit pin HI in instance openframe_project_wrapper_1792 of sky130_fd_sc_hd__conb_1 in cell openframe_project_wrapper
Note:  Implicit pin HI in instance openframe_project_wrapper_1793 of sky130_fd_sc_hd__conb_1 in cell openframe_project_wrapper
Note:  Implicit pin HI in instance openframe_project_wrapper_1794 of sky130_fd_sc_hd__conb_1 in cell openframe_project_wrapper
Note:  Implicit pin HI in instance openframe_project_wrapper_1795 of sky130_fd_sc_hd__conb_1 in cell openframe_project_wrapper
Note:  Implicit pin HI in instance openframe_project_wrapper_1796 of sky130_fd_sc_hd__conb_1 in cell openframe_project_wrapper
Note:  Implicit pin HI in instance openframe_project_wrapper_1797 of sky130_fd_sc_hd__conb_1 in cell openframe_project_wrapper
Note:  Implicit pin HI in instance openframe_project_wrapper_1798 of sky130_fd_sc_hd__conb_1 in cell openframe_project_wrapper
Note:  Implicit pin HI in instance openframe_project_wrapper_1799 of sky130_fd_sc_hd__conb_1 in cell openframe_project_wrapper
Note:  Implicit pin HI in instance openframe_project_wrapper_1800 of sky130_fd_sc_hd__conb_1 in cell openframe_project_wrapper
Note:  Implicit pin HI in instance openframe_project_wrapper_1801 of sky130_fd_sc_hd__conb_1 in cell openframe_project_wrapper
Note:  Implicit pin HI in instance openframe_project_wrapper_1802 of sky130_fd_sc_hd__conb_1 in cell openframe_project_wrapper
Note:  Implicit pin HI in instance openframe_project_wrapper_1803 of sky130_fd_sc_hd__conb_1 in cell openframe_project_wrapper
Note:  Implicit pin HI in instance openframe_project_wrapper_1804 of sky130_fd_sc_hd__conb_1 in cell openframe_project_wrapper
Note:  Implicit pin HI in instance openframe_project_wrapper_1805 of sky130_fd_sc_hd__conb_1 in cell openframe_project_wrapper
Note:  Implicit pin HI in instance openframe_project_wrapper_1806 of sky130_fd_sc_hd__conb_1 in cell openframe_project_wrapper
Note:  Implicit pin HI in instance openframe_project_wrapper_1807 of sky130_fd_sc_hd__conb_1 in cell openframe_project_wrapper
Note:  Implicit pin HI in instance openframe_project_wrapper_1808 of sky130_fd_sc_hd__conb_1 in cell openframe_project_wrapper
Note:  Implicit pin HI in instance openframe_project_wrapper_1809 of sky130_fd_sc_hd__conb_1 in cell openframe_project_wrapper
Note:  Implicit pin HI in instance openframe_project_wrapper_1810 of sky130_fd_sc_hd__conb_1 in cell openframe_project_wrapper
Note:  Implicit pin HI in instance openframe_project_wrapper_1811 of sky130_fd_sc_hd__conb_1 in cell openframe_project_wrapper
Note:  Implicit pin HI in instance openframe_project_wrapper_1812 of sky130_fd_sc_hd__conb_1 in cell openframe_project_wrapper
Note:  Implicit pin HI in instance openframe_project_wrapper_1813 of sky130_fd_sc_hd__conb_1 in cell openframe_project_wrapper
Note:  Implicit pin HI in instance openframe_project_wrapper_1814 of sky130_fd_sc_hd__conb_1 in cell openframe_project_wrapper
Note:  Implicit pin HI in instance openframe_project_wrapper_1815 of sky130_fd_sc_hd__conb_1 in cell openframe_project_wrapper
Note:  Implicit pin HI in instance openframe_project_wrapper_1816 of sky130_fd_sc_hd__conb_1 in cell openframe_project_wrapper
Note:  Implicit pin HI in instance openframe_project_wrapper_1817 of sky130_fd_sc_hd__conb_1 in cell openframe_project_wrapper
Note:  Implicit pin HI in instance openframe_project_wrapper_1818 of sky130_fd_sc_hd__conb_1 in cell openframe_project_wrapper
Note:  Implicit pin HI in instance openframe_project_wrapper_1819 of sky130_fd_sc_hd__conb_1 in cell openframe_project_wrapper
Note:  Implicit pin HI in instance openframe_project_wrapper_1820 of sky130_fd_sc_hd__conb_1 in cell openframe_project_wrapper
Note:  Implicit pin HI in instance openframe_project_wrapper_1821 of sky130_fd_sc_hd__conb_1 in cell openframe_project_wrapper
Note:  Implicit pin HI in instance openframe_project_wrapper_1822 of sky130_fd_sc_hd__conb_1 in cell openframe_project_wrapper
Note:  Implicit pin HI in instance openframe_project_wrapper_1823 of sky130_fd_sc_hd__conb_1 in cell openframe_project_wrapper
Note:  Implicit pin HI in instance openframe_project_wrapper_1824 of sky130_fd_sc_hd__conb_1 in cell openframe_project_wrapper
Note:  Implicit pin HI in instance openframe_project_wrapper_1825 of sky130_fd_sc_hd__conb_1 in cell openframe_project_wrapper
Note:  Implicit pin HI in instance openframe_project_wrapper_1826 of sky130_fd_sc_hd__conb_1 in cell openframe_project_wrapper
Note:  Implicit pin HI in instance openframe_project_wrapper_1827 of sky130_fd_sc_hd__conb_1 in cell openframe_project_wrapper
Note:  Implicit pin HI in instance openframe_project_wrapper_1828 of sky130_fd_sc_hd__conb_1 in cell openframe_project_wrapper
Note:  Implicit pin HI in instance openframe_project_wrapper_1829 of sky130_fd_sc_hd__conb_1 in cell openframe_project_wrapper
Note:  Implicit pin HI in instance openframe_project_wrapper_1830 of sky130_fd_sc_hd__conb_1 in cell openframe_project_wrapper
Note:  Implicit pin HI in instance openframe_project_wrapper_1831 of sky130_fd_sc_hd__conb_1 in cell openframe_project_wrapper
Note:  Implicit pin HI in instance openframe_project_wrapper_1832 of sky130_fd_sc_hd__conb_1 in cell openframe_project_wrapper
Note:  Implicit pin HI in instance openframe_project_wrapper_1833 of sky130_fd_sc_hd__conb_1 in cell openframe_project_wrapper
Note:  Implicit pin HI in instance openframe_project_wrapper_1834 of sky130_fd_sc_hd__conb_1 in cell openframe_project_wrapper
Note:  Implicit pin HI in instance openframe_project_wrapper_1835 of sky130_fd_sc_hd__conb_1 in cell openframe_project_wrapper
Note:  Implicit pin HI in instance openframe_project_wrapper_1836 of sky130_fd_sc_hd__conb_1 in cell openframe_project_wrapper
Note:  Implicit pin HI in instance openframe_project_wrapper_1837 of sky130_fd_sc_hd__conb_1 in cell openframe_project_wrapper
Note:  Implicit pin HI in instance openframe_project_wrapper_1838 of sky130_fd_sc_hd__conb_1 in cell openframe_project_wrapper
Note:  Implicit pin HI in instance openframe_project_wrapper_1839 of sky130_fd_sc_hd__conb_1 in cell openframe_project_wrapper
Note:  Implicit pin HI in instance openframe_project_wrapper_1840 of sky130_fd_sc_hd__conb_1 in cell openframe_project_wrapper
Note:  Implicit pin HI in instance openframe_project_wrapper_1841 of sky130_fd_sc_hd__conb_1 in cell openframe_project_wrapper
Note:  Implicit pin HI in instance openframe_project_wrapper_1842 of sky130_fd_sc_hd__conb_1 in cell openframe_project_wrapper
Note:  Implicit pin HI in instance openframe_project_wrapper_1843 of sky130_fd_sc_hd__conb_1 in cell openframe_project_wrapper
Note:  Implicit pin HI in instance openframe_project_wrapper_1844 of sky130_fd_sc_hd__conb_1 in cell openframe_project_wrapper
Note:  Implicit pin HI in instance openframe_project_wrapper_1845 of sky130_fd_sc_hd__conb_1 in cell openframe_project_wrapper
Note:  Implicit pin HI in instance openframe_project_wrapper_1846 of sky130_fd_sc_hd__conb_1 in cell openframe_project_wrapper
Note:  Implicit pin HI in instance openframe_project_wrapper_1847 of sky130_fd_sc_hd__conb_1 in cell openframe_project_wrapper
Note:  Implicit pin HI in instance openframe_project_wrapper_1848 of sky130_fd_sc_hd__conb_1 in cell openframe_project_wrapper
Note:  Implicit pin HI in instance openframe_project_wrapper_1849 of sky130_fd_sc_hd__conb_1 in cell openframe_project_wrapper
Note:  Implicit pin HI in instance openframe_project_wrapper_1850 of sky130_fd_sc_hd__conb_1 in cell openframe_project_wrapper
Note:  Implicit pin HI in instance openframe_project_wrapper_1851 of sky130_fd_sc_hd__conb_1 in cell openframe_project_wrapper
Note:  Implicit pin HI in instance openframe_project_wrapper_1852 of sky130_fd_sc_hd__conb_1 in cell openframe_project_wrapper
Note:  Implicit pin HI in instance openframe_project_wrapper_1853 of sky130_fd_sc_hd__conb_1 in cell openframe_project_wrapper
Note:  Implicit pin HI in instance openframe_project_wrapper_1854 of sky130_fd_sc_hd__conb_1 in cell openframe_project_wrapper
Note:  Implicit pin HI in instance openframe_project_wrapper_1855 of sky130_fd_sc_hd__conb_1 in cell openframe_project_wrapper
Note:  Implicit pin HI in instance openframe_project_wrapper_1856 of sky130_fd_sc_hd__conb_1 in cell openframe_project_wrapper
Note:  Implicit pin HI in instance openframe_project_wrapper_1857 of sky130_fd_sc_hd__conb_1 in cell openframe_project_wrapper
Note:  Implicit pin HI in instance openframe_project_wrapper_1858 of sky130_fd_sc_hd__conb_1 in cell openframe_project_wrapper
Note:  Implicit pin HI in instance openframe_project_wrapper_1859 of sky130_fd_sc_hd__conb_1 in cell openframe_project_wrapper
Note:  Implicit pin HI in instance openframe_project_wrapper_1860 of sky130_fd_sc_hd__conb_1 in cell openframe_project_wrapper
Note:  Implicit pin HI in instance openframe_project_wrapper_1861 of sky130_fd_sc_hd__conb_1 in cell openframe_project_wrapper
Note:  Implicit pin HI in instance openframe_project_wrapper_1862 of sky130_fd_sc_hd__conb_1 in cell openframe_project_wrapper
Note:  Implicit pin HI in instance openframe_project_wrapper_1863 of sky130_fd_sc_hd__conb_1 in cell openframe_project_wrapper
Note:  Implicit pin HI in instance openframe_project_wrapper_1864 of sky130_fd_sc_hd__conb_1 in cell openframe_project_wrapper
Note:  Implicit pin HI in instance openframe_project_wrapper_1865 of sky130_fd_sc_hd__conb_1 in cell openframe_project_wrapper
Note:  Implicit pin HI in instance openframe_project_wrapper_1866 of sky130_fd_sc_hd__conb_1 in cell openframe_project_wrapper
Note:  Implicit pin HI in instance openframe_project_wrapper_1867 of sky130_fd_sc_hd__conb_1 in cell openframe_project_wrapper
Note:  Implicit pin HI in instance openframe_project_wrapper_1868 of sky130_fd_sc_hd__conb_1 in cell openframe_project_wrapper
Note:  Implicit pin HI in instance openframe_project_wrapper_1869 of sky130_fd_sc_hd__conb_1 in cell openframe_project_wrapper
Note:  Implicit pin HI in instance openframe_project_wrapper_1870 of sky130_fd_sc_hd__conb_1 in cell openframe_project_wrapper
Note:  Implicit pin HI in instance openframe_project_wrapper_1871 of sky130_fd_sc_hd__conb_1 in cell openframe_project_wrapper
Note:  Implicit pin HI in instance openframe_project_wrapper_1872 of sky130_fd_sc_hd__conb_1 in cell openframe_project_wrapper
Note:  Implicit pin HI in instance openframe_project_wrapper_1873 of sky130_fd_sc_hd__conb_1 in cell openframe_project_wrapper
Note:  Implicit pin HI in instance openframe_project_wrapper_1874 of sky130_fd_sc_hd__conb_1 in cell openframe_project_wrapper
Note:  Implicit pin HI in instance openframe_project_wrapper_1875 of sky130_fd_sc_hd__conb_1 in cell openframe_project_wrapper
Note:  Implicit pin HI in instance openframe_project_wrapper_1876 of sky130_fd_sc_hd__conb_1 in cell openframe_project_wrapper
Note:  Implicit pin HI in instance openframe_project_wrapper_1877 of sky130_fd_sc_hd__conb_1 in cell openframe_project_wrapper
Note:  Implicit pin HI in instance openframe_project_wrapper_1878 of sky130_fd_sc_hd__conb_1 in cell openframe_project_wrapper
Note:  Implicit pin HI in instance openframe_project_wrapper_1879 of sky130_fd_sc_hd__conb_1 in cell openframe_project_wrapper
Note:  Implicit pin HI in instance openframe_project_wrapper_1880 of sky130_fd_sc_hd__conb_1 in cell openframe_project_wrapper
Note:  Implicit pin HI in instance openframe_project_wrapper_1881 of sky130_fd_sc_hd__conb_1 in cell openframe_project_wrapper
Note:  Implicit pin HI in instance openframe_project_wrapper_1882 of sky130_fd_sc_hd__conb_1 in cell openframe_project_wrapper
Note:  Implicit pin HI in instance openframe_project_wrapper_1883 of sky130_fd_sc_hd__conb_1 in cell openframe_project_wrapper
Note:  Implicit pin HI in instance openframe_project_wrapper_1884 of sky130_fd_sc_hd__conb_1 in cell openframe_project_wrapper
Note:  Implicit pin HI in instance openframe_project_wrapper_1885 of sky130_fd_sc_hd__conb_1 in cell openframe_project_wrapper
Note:  Implicit pin HI in instance openframe_project_wrapper_1886 of sky130_fd_sc_hd__conb_1 in cell openframe_project_wrapper
Note:  Implicit pin HI in instance openframe_project_wrapper_1887 of sky130_fd_sc_hd__conb_1 in cell openframe_project_wrapper
Note:  Implicit pin HI in instance openframe_project_wrapper_1888 of sky130_fd_sc_hd__conb_1 in cell openframe_project_wrapper
Note:  Implicit pin HI in instance openframe_project_wrapper_1889 of sky130_fd_sc_hd__conb_1 in cell openframe_project_wrapper
Note:  Implicit pin HI in instance openframe_project_wrapper_1890 of sky130_fd_sc_hd__conb_1 in cell openframe_project_wrapper
Note:  Implicit pin HI in instance openframe_project_wrapper_1891 of sky130_fd_sc_hd__conb_1 in cell openframe_project_wrapper
Note:  Implicit pin HI in instance openframe_project_wrapper_1892 of sky130_fd_sc_hd__conb_1 in cell openframe_project_wrapper
Note:  Implicit pin HI in instance openframe_project_wrapper_1893 of sky130_fd_sc_hd__conb_1 in cell openframe_project_wrapper
Note:  Implicit pin HI in instance openframe_project_wrapper_1894 of sky130_fd_sc_hd__conb_1 in cell openframe_project_wrapper
Note:  Implicit pin HI in instance openframe_project_wrapper_1895 of sky130_fd_sc_hd__conb_1 in cell openframe_project_wrapper
Note:  Implicit pin HI in instance openframe_project_wrapper_1896 of sky130_fd_sc_hd__conb_1 in cell openframe_project_wrapper
Note:  Implicit pin HI in instance openframe_project_wrapper_1897 of sky130_fd_sc_hd__conb_1 in cell openframe_project_wrapper
Note:  Implicit pin HI in instance openframe_project_wrapper_1898 of sky130_fd_sc_hd__conb_1 in cell openframe_project_wrapper
Note:  Implicit pin HI in instance openframe_project_wrapper_1899 of sky130_fd_sc_hd__conb_1 in cell openframe_project_wrapper
Note:  Implicit pin HI in instance openframe_project_wrapper_1900 of sky130_fd_sc_hd__conb_1 in cell openframe_project_wrapper
Note:  Implicit pin HI in instance openframe_project_wrapper_1901 of sky130_fd_sc_hd__conb_1 in cell openframe_project_wrapper
Note:  Implicit pin HI in instance openframe_project_wrapper_1902 of sky130_fd_sc_hd__conb_1 in cell openframe_project_wrapper
Note:  Implicit pin HI in instance openframe_project_wrapper_1903 of sky130_fd_sc_hd__conb_1 in cell openframe_project_wrapper
Note:  Implicit pin HI in instance openframe_project_wrapper_1904 of sky130_fd_sc_hd__conb_1 in cell openframe_project_wrapper
Note:  Implicit pin HI in instance openframe_project_wrapper_1905 of sky130_fd_sc_hd__conb_1 in cell openframe_project_wrapper
Note:  Implicit pin HI in instance openframe_project_wrapper_1906 of sky130_fd_sc_hd__conb_1 in cell openframe_project_wrapper
Note:  Implicit pin HI in instance openframe_project_wrapper_1907 of sky130_fd_sc_hd__conb_1 in cell openframe_project_wrapper
Note:  Implicit pin HI in instance openframe_project_wrapper_1908 of sky130_fd_sc_hd__conb_1 in cell openframe_project_wrapper
Note:  Implicit pin HI in instance openframe_project_wrapper_1909 of sky130_fd_sc_hd__conb_1 in cell openframe_project_wrapper
Note:  Implicit pin HI in instance openframe_project_wrapper_1910 of sky130_fd_sc_hd__conb_1 in cell openframe_project_wrapper
Note:  Implicit pin HI in instance openframe_project_wrapper_1911 of sky130_fd_sc_hd__conb_1 in cell openframe_project_wrapper
Note:  Implicit pin HI in instance openframe_project_wrapper_1912 of sky130_fd_sc_hd__conb_1 in cell openframe_project_wrapper
Note:  Implicit pin HI in instance openframe_project_wrapper_1913 of sky130_fd_sc_hd__conb_1 in cell openframe_project_wrapper
Note:  Implicit pin HI in instance openframe_project_wrapper_1914 of sky130_fd_sc_hd__conb_1 in cell openframe_project_wrapper
Note:  Implicit pin HI in instance openframe_project_wrapper_1915 of sky130_fd_sc_hd__conb_1 in cell openframe_project_wrapper
Note:  Implicit pin HI in instance openframe_project_wrapper_1916 of sky130_fd_sc_hd__conb_1 in cell openframe_project_wrapper
Note:  Implicit pin HI in instance openframe_project_wrapper_1917 of sky130_fd_sc_hd__conb_1 in cell openframe_project_wrapper
Note:  Implicit pin HI in instance openframe_project_wrapper_1918 of sky130_fd_sc_hd__conb_1 in cell openframe_project_wrapper
Note:  Implicit pin HI in instance openframe_project_wrapper_1919 of sky130_fd_sc_hd__conb_1 in cell openframe_project_wrapper
Note:  Implicit pin HI in instance openframe_project_wrapper_1920 of sky130_fd_sc_hd__conb_1 in cell openframe_project_wrapper
Note:  Implicit pin HI in instance openframe_project_wrapper_1921 of sky130_fd_sc_hd__conb_1 in cell openframe_project_wrapper
Note:  Implicit pin HI in instance openframe_project_wrapper_1922 of sky130_fd_sc_hd__conb_1 in cell openframe_project_wrapper
Note:  Implicit pin HI in instance openframe_project_wrapper_1923 of sky130_fd_sc_hd__conb_1 in cell openframe_project_wrapper
Note:  Implicit pin HI in instance openframe_project_wrapper_1924 of sky130_fd_sc_hd__conb_1 in cell openframe_project_wrapper
Note:  Implicit pin HI in instance openframe_project_wrapper_1925 of sky130_fd_sc_hd__conb_1 in cell openframe_project_wrapper
Note:  Implicit pin HI in instance openframe_project_wrapper_1926 of sky130_fd_sc_hd__conb_1 in cell openframe_project_wrapper
Note:  Implicit pin HI in instance openframe_project_wrapper_1927 of sky130_fd_sc_hd__conb_1 in cell openframe_project_wrapper
Note:  Implicit pin HI in instance openframe_project_wrapper_1928 of sky130_fd_sc_hd__conb_1 in cell openframe_project_wrapper
Note:  Implicit pin HI in instance openframe_project_wrapper_1929 of sky130_fd_sc_hd__conb_1 in cell openframe_project_wrapper
Note:  Implicit pin HI in instance openframe_project_wrapper_1930 of sky130_fd_sc_hd__conb_1 in cell openframe_project_wrapper
Note:  Implicit pin HI in instance openframe_project_wrapper_1931 of sky130_fd_sc_hd__conb_1 in cell openframe_project_wrapper
Note:  Implicit pin HI in instance openframe_project_wrapper_1932 of sky130_fd_sc_hd__conb_1 in cell openframe_project_wrapper
Note:  Implicit pin HI in instance openframe_project_wrapper_1933 of sky130_fd_sc_hd__conb_1 in cell openframe_project_wrapper
Note:  Implicit pin HI in instance openframe_project_wrapper_1934 of sky130_fd_sc_hd__conb_1 in cell openframe_project_wrapper
Note:  Implicit pin HI in instance openframe_project_wrapper_1935 of sky130_fd_sc_hd__conb_1 in cell openframe_project_wrapper
Note:  Implicit pin HI in instance openframe_project_wrapper_1936 of sky130_fd_sc_hd__conb_1 in cell openframe_project_wrapper
Note:  Implicit pin HI in instance openframe_project_wrapper_1937 of sky130_fd_sc_hd__conb_1 in cell openframe_project_wrapper
Note:  Implicit pin HI in instance openframe_project_wrapper_1938 of sky130_fd_sc_hd__conb_1 in cell openframe_project_wrapper
Note:  Implicit pin HI in instance openframe_project_wrapper_1939 of sky130_fd_sc_hd__conb_1 in cell openframe_project_wrapper
Note:  Implicit pin HI in instance openframe_project_wrapper_1940 of sky130_fd_sc_hd__conb_1 in cell openframe_project_wrapper
Note:  Implicit pin HI in instance openframe_project_wrapper_1941 of sky130_fd_sc_hd__conb_1 in cell openframe_project_wrapper
Note:  Implicit pin HI in instance openframe_project_wrapper_1942 of sky130_fd_sc_hd__conb_1 in cell openframe_project_wrapper
Note:  Implicit pin HI in instance openframe_project_wrapper_1943 of sky130_fd_sc_hd__conb_1 in cell openframe_project_wrapper
Note:  Implicit pin HI in instance openframe_project_wrapper_1944 of sky130_fd_sc_hd__conb_1 in cell openframe_project_wrapper
Note:  Implicit pin HI in instance openframe_project_wrapper_1945 of sky130_fd_sc_hd__conb_1 in cell openframe_project_wrapper
Note:  Implicit pin HI in instance openframe_project_wrapper_1946 of sky130_fd_sc_hd__conb_1 in cell openframe_project_wrapper
Note:  Implicit pin HI in instance openframe_project_wrapper_1947 of sky130_fd_sc_hd__conb_1 in cell openframe_project_wrapper
Note:  Implicit pin HI in instance openframe_project_wrapper_1948 of sky130_fd_sc_hd__conb_1 in cell openframe_project_wrapper
Note:  Implicit pin HI in instance openframe_project_wrapper_1949 of sky130_fd_sc_hd__conb_1 in cell openframe_project_wrapper
Note:  Implicit pin HI in instance openframe_project_wrapper_1950 of sky130_fd_sc_hd__conb_1 in cell openframe_project_wrapper
Note:  Implicit pin HI in instance openframe_project_wrapper_1951 of sky130_fd_sc_hd__conb_1 in cell openframe_project_wrapper
Note:  Implicit pin HI in instance openframe_project_wrapper_1952 of sky130_fd_sc_hd__conb_1 in cell openframe_project_wrapper
Note:  Implicit pin HI in instance openframe_project_wrapper_1953 of sky130_fd_sc_hd__conb_1 in cell openframe_project_wrapper
Note:  Implicit pin HI in instance openframe_project_wrapper_1954 of sky130_fd_sc_hd__conb_1 in cell openframe_project_wrapper
Note:  Implicit pin HI in instance openframe_project_wrapper_1955 of sky130_fd_sc_hd__conb_1 in cell openframe_project_wrapper
Note:  Implicit pin HI in instance openframe_project_wrapper_1956 of sky130_fd_sc_hd__conb_1 in cell openframe_project_wrapper
Note:  Implicit pin HI in instance openframe_project_wrapper_1957 of sky130_fd_sc_hd__conb_1 in cell openframe_project_wrapper
Note:  Implicit pin HI in instance openframe_project_wrapper_1958 of sky130_fd_sc_hd__conb_1 in cell openframe_project_wrapper
Note:  Implicit pin HI in instance openframe_project_wrapper_1959 of sky130_fd_sc_hd__conb_1 in cell openframe_project_wrapper
Note:  Implicit pin HI in instance openframe_project_wrapper_1960 of sky130_fd_sc_hd__conb_1 in cell openframe_project_wrapper
Note:  Implicit pin HI in instance openframe_project_wrapper_1961 of sky130_fd_sc_hd__conb_1 in cell openframe_project_wrapper
Note:  Implicit pin HI in instance openframe_project_wrapper_1962 of sky130_fd_sc_hd__conb_1 in cell openframe_project_wrapper
Note:  Implicit pin HI in instance openframe_project_wrapper_1963 of sky130_fd_sc_hd__conb_1 in cell openframe_project_wrapper
Note:  Implicit pin HI in instance openframe_project_wrapper_1964 of sky130_fd_sc_hd__conb_1 in cell openframe_project_wrapper
Note:  Implicit pin HI in instance openframe_project_wrapper_1965 of sky130_fd_sc_hd__conb_1 in cell openframe_project_wrapper
Note:  Implicit pin HI in instance openframe_project_wrapper_1966 of sky130_fd_sc_hd__conb_1 in cell openframe_project_wrapper
Note:  Implicit pin HI in instance openframe_project_wrapper_1967 of sky130_fd_sc_hd__conb_1 in cell openframe_project_wrapper
Note:  Implicit pin HI in instance openframe_project_wrapper_1968 of sky130_fd_sc_hd__conb_1 in cell openframe_project_wrapper
Note:  Implicit pin HI in instance openframe_project_wrapper_1969 of sky130_fd_sc_hd__conb_1 in cell openframe_project_wrapper
Note:  Implicit pin HI in instance openframe_project_wrapper_1970 of sky130_fd_sc_hd__conb_1 in cell openframe_project_wrapper
Note:  Implicit pin HI in instance openframe_project_wrapper_1971 of sky130_fd_sc_hd__conb_1 in cell openframe_project_wrapper
Note:  Implicit pin HI in instance openframe_project_wrapper_1972 of sky130_fd_sc_hd__conb_1 in cell openframe_project_wrapper
Note:  Implicit pin HI in instance openframe_project_wrapper_1973 of sky130_fd_sc_hd__conb_1 in cell openframe_project_wrapper
Note:  Implicit pin HI in instance openframe_project_wrapper_1974 of sky130_fd_sc_hd__conb_1 in cell openframe_project_wrapper
Note:  Implicit pin HI in instance openframe_project_wrapper_1975 of sky130_fd_sc_hd__conb_1 in cell openframe_project_wrapper
Note:  Implicit pin HI in instance openframe_project_wrapper_1976 of sky130_fd_sc_hd__conb_1 in cell openframe_project_wrapper
Note:  Implicit pin HI in instance openframe_project_wrapper_1977 of sky130_fd_sc_hd__conb_1 in cell openframe_project_wrapper
Note:  Implicit pin HI in instance openframe_project_wrapper_1978 of sky130_fd_sc_hd__conb_1 in cell openframe_project_wrapper
Note:  Implicit pin HI in instance openframe_project_wrapper_1979 of sky130_fd_sc_hd__conb_1 in cell openframe_project_wrapper
Note:  Implicit pin HI in instance openframe_project_wrapper_1980 of sky130_fd_sc_hd__conb_1 in cell openframe_project_wrapper
Note:  Implicit pin HI in instance openframe_project_wrapper_1981 of sky130_fd_sc_hd__conb_1 in cell openframe_project_wrapper
Note:  Implicit pin HI in instance openframe_project_wrapper_1982 of sky130_fd_sc_hd__conb_1 in cell openframe_project_wrapper
Note:  Implicit pin HI in instance openframe_project_wrapper_1983 of sky130_fd_sc_hd__conb_1 in cell openframe_project_wrapper
Note:  Implicit pin HI in instance openframe_project_wrapper_1984 of sky130_fd_sc_hd__conb_1 in cell openframe_project_wrapper
Note:  Implicit pin HI in instance openframe_project_wrapper_1985 of sky130_fd_sc_hd__conb_1 in cell openframe_project_wrapper
Note:  Implicit pin HI in instance openframe_project_wrapper_1986 of sky130_fd_sc_hd__conb_1 in cell openframe_project_wrapper
Note:  Implicit pin HI in instance openframe_project_wrapper_1987 of sky130_fd_sc_hd__conb_1 in cell openframe_project_wrapper
Note:  Implicit pin HI in instance openframe_project_wrapper_1988 of sky130_fd_sc_hd__conb_1 in cell openframe_project_wrapper
Note:  Implicit pin HI in instance openframe_project_wrapper_1989 of sky130_fd_sc_hd__conb_1 in cell openframe_project_wrapper
Note:  Implicit pin HI in instance openframe_project_wrapper_1990 of sky130_fd_sc_hd__conb_1 in cell openframe_project_wrapper
Note:  Implicit pin HI in instance openframe_project_wrapper_1991 of sky130_fd_sc_hd__conb_1 in cell openframe_project_wrapper
Note:  Implicit pin HI in instance openframe_project_wrapper_1992 of sky130_fd_sc_hd__conb_1 in cell openframe_project_wrapper
Note:  Implicit pin HI in instance openframe_project_wrapper_1993 of sky130_fd_sc_hd__conb_1 in cell openframe_project_wrapper
Note:  Implicit pin HI in instance openframe_project_wrapper_1994 of sky130_fd_sc_hd__conb_1 in cell openframe_project_wrapper
Note:  Implicit pin HI in instance openframe_project_wrapper_1995 of sky130_fd_sc_hd__conb_1 in cell openframe_project_wrapper
Note:  Implicit pin HI in instance openframe_project_wrapper_1996 of sky130_fd_sc_hd__conb_1 in cell openframe_project_wrapper
Note:  Implicit pin HI in instance openframe_project_wrapper_1997 of sky130_fd_sc_hd__conb_1 in cell openframe_project_wrapper
Note:  Implicit pin HI in instance openframe_project_wrapper_1998 of sky130_fd_sc_hd__conb_1 in cell openframe_project_wrapper
Note:  Implicit pin HI in instance openframe_project_wrapper_1999 of sky130_fd_sc_hd__conb_1 in cell openframe_project_wrapper
Note:  Implicit pin HI in instance openframe_project_wrapper_2000 of sky130_fd_sc_hd__conb_1 in cell openframe_project_wrapper
Note:  Implicit pin HI in instance openframe_project_wrapper_2001 of sky130_fd_sc_hd__conb_1 in cell openframe_project_wrapper
Note:  Implicit pin HI in instance openframe_project_wrapper_2002 of sky130_fd_sc_hd__conb_1 in cell openframe_project_wrapper
Note:  Implicit pin HI in instance openframe_project_wrapper_2003 of sky130_fd_sc_hd__conb_1 in cell openframe_project_wrapper
Note:  Implicit pin HI in instance openframe_project_wrapper_2004 of sky130_fd_sc_hd__conb_1 in cell openframe_project_wrapper
Note:  Implicit pin HI in instance openframe_project_wrapper_2005 of sky130_fd_sc_hd__conb_1 in cell openframe_project_wrapper
Note:  Implicit pin HI in instance openframe_project_wrapper_2006 of sky130_fd_sc_hd__conb_1 in cell openframe_project_wrapper
Note:  Implicit pin HI in instance openframe_project_wrapper_2007 of sky130_fd_sc_hd__conb_1 in cell openframe_project_wrapper
Note:  Implicit pin HI in instance openframe_project_wrapper_2008 of sky130_fd_sc_hd__conb_1 in cell openframe_project_wrapper
Note:  Implicit pin HI in instance openframe_project_wrapper_2009 of sky130_fd_sc_hd__conb_1 in cell openframe_project_wrapper
Note:  Implicit pin HI in instance openframe_project_wrapper_2010 of sky130_fd_sc_hd__conb_1 in cell openframe_project_wrapper
Note:  Implicit pin HI in instance openframe_project_wrapper_2011 of sky130_fd_sc_hd__conb_1 in cell openframe_project_wrapper
Note:  Implicit pin HI in instance openframe_project_wrapper_2012 of sky130_fd_sc_hd__conb_1 in cell openframe_project_wrapper
Note:  Implicit pin HI in instance openframe_project_wrapper_2013 of sky130_fd_sc_hd__conb_1 in cell openframe_project_wrapper
Note:  Implicit pin HI in instance openframe_project_wrapper_2014 of sky130_fd_sc_hd__conb_1 in cell openframe_project_wrapper
Note:  Implicit pin HI in instance openframe_project_wrapper_2015 of sky130_fd_sc_hd__conb_1 in cell openframe_project_wrapper
Note:  Implicit pin HI in instance openframe_project_wrapper_2016 of sky130_fd_sc_hd__conb_1 in cell openframe_project_wrapper
Note:  Implicit pin HI in instance openframe_project_wrapper_2017 of sky130_fd_sc_hd__conb_1 in cell openframe_project_wrapper
Note:  Implicit pin HI in instance openframe_project_wrapper_2018 of sky130_fd_sc_hd__conb_1 in cell openframe_project_wrapper
Note:  Implicit pin HI in instance openframe_project_wrapper_2019 of sky130_fd_sc_hd__conb_1 in cell openframe_project_wrapper
Note:  Implicit pin HI in instance openframe_project_wrapper_2020 of sky130_fd_sc_hd__conb_1 in cell openframe_project_wrapper
Note:  Implicit pin HI in instance openframe_project_wrapper_2021 of sky130_fd_sc_hd__conb_1 in cell openframe_project_wrapper
Note:  Implicit pin HI in instance openframe_project_wrapper_2022 of sky130_fd_sc_hd__conb_1 in cell openframe_project_wrapper
Note:  Implicit pin HI in instance openframe_project_wrapper_2023 of sky130_fd_sc_hd__conb_1 in cell openframe_project_wrapper
Note:  Implicit pin HI in instance openframe_project_wrapper_2024 of sky130_fd_sc_hd__conb_1 in cell openframe_project_wrapper
Note:  Implicit pin HI in instance openframe_project_wrapper_2025 of sky130_fd_sc_hd__conb_1 in cell openframe_project_wrapper
Note:  Implicit pin HI in instance openframe_project_wrapper_2026 of sky130_fd_sc_hd__conb_1 in cell openframe_project_wrapper
Note:  Implicit pin HI in instance openframe_project_wrapper_2027 of sky130_fd_sc_hd__conb_1 in cell openframe_project_wrapper
Note:  Implicit pin HI in instance openframe_project_wrapper_2028 of sky130_fd_sc_hd__conb_1 in cell openframe_project_wrapper
Note:  Implicit pin HI in instance openframe_project_wrapper_2029 of sky130_fd_sc_hd__conb_1 in cell openframe_project_wrapper
Note:  Implicit pin HI in instance openframe_project_wrapper_2030 of sky130_fd_sc_hd__conb_1 in cell openframe_project_wrapper
Note:  Implicit pin HI in instance openframe_project_wrapper_2031 of sky130_fd_sc_hd__conb_1 in cell openframe_project_wrapper
Note:  Implicit pin HI in instance openframe_project_wrapper_2032 of sky130_fd_sc_hd__conb_1 in cell openframe_project_wrapper
Note:  Implicit pin HI in instance openframe_project_wrapper_2033 of sky130_fd_sc_hd__conb_1 in cell openframe_project_wrapper
Note:  Implicit pin HI in instance openframe_project_wrapper_2034 of sky130_fd_sc_hd__conb_1 in cell openframe_project_wrapper
Note:  Implicit pin HI in instance openframe_project_wrapper_2035 of sky130_fd_sc_hd__conb_1 in cell openframe_project_wrapper
Note:  Implicit pin HI in instance openframe_project_wrapper_2036 of sky130_fd_sc_hd__conb_1 in cell openframe_project_wrapper
Note:  Implicit pin HI in instance openframe_project_wrapper_2037 of sky130_fd_sc_hd__conb_1 in cell openframe_project_wrapper
Note:  Implicit pin HI in instance openframe_project_wrapper_2038 of sky130_fd_sc_hd__conb_1 in cell openframe_project_wrapper
Note:  Implicit pin HI in instance openframe_project_wrapper_2039 of sky130_fd_sc_hd__conb_1 in cell openframe_project_wrapper
Note:  Implicit pin HI in instance openframe_project_wrapper_2040 of sky130_fd_sc_hd__conb_1 in cell openframe_project_wrapper
Note:  Implicit pin HI in instance openframe_project_wrapper_2041 of sky130_fd_sc_hd__conb_1 in cell openframe_project_wrapper
Note:  Implicit pin HI in instance openframe_project_wrapper_2042 of sky130_fd_sc_hd__conb_1 in cell openframe_project_wrapper
Note:  Implicit pin HI in instance openframe_project_wrapper_2043 of sky130_fd_sc_hd__conb_1 in cell openframe_project_wrapper
Note:  Implicit pin HI in instance openframe_project_wrapper_2044 of sky130_fd_sc_hd__conb_1 in cell openframe_project_wrapper
Note:  Implicit pin HI in instance openframe_project_wrapper_2045 of sky130_fd_sc_hd__conb_1 in cell openframe_project_wrapper
Note:  Implicit pin HI in instance openframe_project_wrapper_2046 of sky130_fd_sc_hd__conb_1 in cell openframe_project_wrapper
Note:  Implicit pin HI in instance openframe_project_wrapper_2047 of sky130_fd_sc_hd__conb_1 in cell openframe_project_wrapper
Note:  Implicit pin HI in instance openframe_project_wrapper_2048 of sky130_fd_sc_hd__conb_1 in cell openframe_project_wrapper
Note:  Implicit pin HI in instance openframe_project_wrapper_2049 of sky130_fd_sc_hd__conb_1 in cell openframe_project_wrapper
Note:  Implicit pin HI in instance openframe_project_wrapper_2050 of sky130_fd_sc_hd__conb_1 in cell openframe_project_wrapper
Note:  Implicit pin HI in instance openframe_project_wrapper_2051 of sky130_fd_sc_hd__conb_1 in cell openframe_project_wrapper
Note:  Implicit pin HI in instance openframe_project_wrapper_2052 of sky130_fd_sc_hd__conb_1 in cell openframe_project_wrapper
Note:  Implicit pin HI in instance openframe_project_wrapper_2053 of sky130_fd_sc_hd__conb_1 in cell openframe_project_wrapper
Note:  Implicit pin HI in instance openframe_project_wrapper_2054 of sky130_fd_sc_hd__conb_1 in cell openframe_project_wrapper
Note:  Implicit pin HI in instance openframe_project_wrapper_2055 of sky130_fd_sc_hd__conb_1 in cell openframe_project_wrapper
Note:  Implicit pin HI in instance openframe_project_wrapper_2056 of sky130_fd_sc_hd__conb_1 in cell openframe_project_wrapper
Note:  Implicit pin HI in instance openframe_project_wrapper_2057 of sky130_fd_sc_hd__conb_1 in cell openframe_project_wrapper
Note:  Implicit pin HI in instance openframe_project_wrapper_2058 of sky130_fd_sc_hd__conb_1 in cell openframe_project_wrapper
Note:  Implicit pin HI in instance openframe_project_wrapper_2059 of sky130_fd_sc_hd__conb_1 in cell openframe_project_wrapper
Note:  Implicit pin HI in instance openframe_project_wrapper_2060 of sky130_fd_sc_hd__conb_1 in cell openframe_project_wrapper
Note:  Implicit pin HI in instance openframe_project_wrapper_2061 of sky130_fd_sc_hd__conb_1 in cell openframe_project_wrapper
Note:  Implicit pin HI in instance openframe_project_wrapper_2062 of sky130_fd_sc_hd__conb_1 in cell openframe_project_wrapper
Note:  Implicit pin HI in instance openframe_project_wrapper_2063 of sky130_fd_sc_hd__conb_1 in cell openframe_project_wrapper
Note:  Implicit pin HI in instance openframe_project_wrapper_2064 of sky130_fd_sc_hd__conb_1 in cell openframe_project_wrapper
Note:  Implicit pin HI in instance openframe_project_wrapper_2065 of sky130_fd_sc_hd__conb_1 in cell openframe_project_wrapper
Note:  Implicit pin HI in instance openframe_project_wrapper_2066 of sky130_fd_sc_hd__conb_1 in cell openframe_project_wrapper
Note:  Implicit pin HI in instance openframe_project_wrapper_2067 of sky130_fd_sc_hd__conb_1 in cell openframe_project_wrapper
Note:  Implicit pin HI in instance openframe_project_wrapper_2068 of sky130_fd_sc_hd__conb_1 in cell openframe_project_wrapper
Note:  Implicit pin HI in instance openframe_project_wrapper_2069 of sky130_fd_sc_hd__conb_1 in cell openframe_project_wrapper
Note:  Implicit pin HI in instance openframe_project_wrapper_2070 of sky130_fd_sc_hd__conb_1 in cell openframe_project_wrapper
Note:  Implicit pin HI in instance openframe_project_wrapper_2071 of sky130_fd_sc_hd__conb_1 in cell openframe_project_wrapper
Note:  Implicit pin HI in instance openframe_project_wrapper_2072 of sky130_fd_sc_hd__conb_1 in cell openframe_project_wrapper
Note:  Implicit pin HI in instance openframe_project_wrapper_2073 of sky130_fd_sc_hd__conb_1 in cell openframe_project_wrapper
Note:  Implicit pin HI in instance openframe_project_wrapper_2074 of sky130_fd_sc_hd__conb_1 in cell openframe_project_wrapper
Note:  Implicit pin HI in instance openframe_project_wrapper_2075 of sky130_fd_sc_hd__conb_1 in cell openframe_project_wrapper
Note:  Implicit pin HI in instance openframe_project_wrapper_2076 of sky130_fd_sc_hd__conb_1 in cell openframe_project_wrapper
Note:  Implicit pin HI in instance openframe_project_wrapper_2077 of sky130_fd_sc_hd__conb_1 in cell openframe_project_wrapper
Note:  Implicit pin HI in instance openframe_project_wrapper_2078 of sky130_fd_sc_hd__conb_1 in cell openframe_project_wrapper
Note:  Implicit pin HI in instance openframe_project_wrapper_2079 of sky130_fd_sc_hd__conb_1 in cell openframe_project_wrapper
Note:  Implicit pin HI in instance openframe_project_wrapper_2080 of sky130_fd_sc_hd__conb_1 in cell openframe_project_wrapper
Note:  Implicit pin HI in instance openframe_project_wrapper_2081 of sky130_fd_sc_hd__conb_1 in cell openframe_project_wrapper
Note:  Implicit pin HI in instance openframe_project_wrapper_2082 of sky130_fd_sc_hd__conb_1 in cell openframe_project_wrapper
Note:  Implicit pin HI in instance openframe_project_wrapper_2083 of sky130_fd_sc_hd__conb_1 in cell openframe_project_wrapper
Note:  Implicit pin HI in instance openframe_project_wrapper_2084 of sky130_fd_sc_hd__conb_1 in cell openframe_project_wrapper
Note:  Implicit pin HI in instance openframe_project_wrapper_2085 of sky130_fd_sc_hd__conb_1 in cell openframe_project_wrapper
Note:  Implicit pin HI in instance openframe_project_wrapper_2086 of sky130_fd_sc_hd__conb_1 in cell openframe_project_wrapper
Note:  Implicit pin HI in instance openframe_project_wrapper_2087 of sky130_fd_sc_hd__conb_1 in cell openframe_project_wrapper
Note:  Implicit pin HI in instance openframe_project_wrapper_2088 of sky130_fd_sc_hd__conb_1 in cell openframe_project_wrapper
Note:  Implicit pin HI in instance openframe_project_wrapper_2089 of sky130_fd_sc_hd__conb_1 in cell openframe_project_wrapper
Note:  Implicit pin HI in instance openframe_project_wrapper_2090 of sky130_fd_sc_hd__conb_1 in cell openframe_project_wrapper
Note:  Implicit pin HI in instance openframe_project_wrapper_2091 of sky130_fd_sc_hd__conb_1 in cell openframe_project_wrapper
Note:  Implicit pin HI in instance openframe_project_wrapper_2092 of sky130_fd_sc_hd__conb_1 in cell openframe_project_wrapper
Note:  Implicit pin HI in instance openframe_project_wrapper_2093 of sky130_fd_sc_hd__conb_1 in cell openframe_project_wrapper
Note:  Implicit pin HI in instance openframe_project_wrapper_2094 of sky130_fd_sc_hd__conb_1 in cell openframe_project_wrapper
Note:  Implicit pin HI in instance openframe_project_wrapper_2095 of sky130_fd_sc_hd__conb_1 in cell openframe_project_wrapper
Note:  Implicit pin HI in instance openframe_project_wrapper_2096 of sky130_fd_sc_hd__conb_1 in cell openframe_project_wrapper
Note:  Implicit pin HI in instance openframe_project_wrapper_2097 of sky130_fd_sc_hd__conb_1 in cell openframe_project_wrapper
Note:  Implicit pin HI in instance openframe_project_wrapper_2098 of sky130_fd_sc_hd__conb_1 in cell openframe_project_wrapper
Note:  Implicit pin HI in instance openframe_project_wrapper_2099 of sky130_fd_sc_hd__conb_1 in cell openframe_project_wrapper
Note:  Implicit pin LO in instance openframe_project_wrapper_2101 of sky130_fd_sc_hd__conb_1 in cell openframe_project_wrapper
Note:  Implicit pin LO in instance openframe_project_wrapper_2102 of sky130_fd_sc_hd__conb_1 in cell openframe_project_wrapper
Note:  Implicit pin LO in instance openframe_project_wrapper_2103 of sky130_fd_sc_hd__conb_1 in cell openframe_project_wrapper
Note:  Implicit pin LO in instance openframe_project_wrapper_2104 of sky130_fd_sc_hd__conb_1 in cell openframe_project_wrapper
Note:  Implicit pin LO in instance openframe_project_wrapper_2105 of sky130_fd_sc_hd__conb_1 in cell openframe_project_wrapper
Note:  Implicit pin LO in instance openframe_project_wrapper_2106 of sky130_fd_sc_hd__conb_1 in cell openframe_project_wrapper
Note:  Implicit pin LO in instance openframe_project_wrapper_2107 of sky130_fd_sc_hd__conb_1 in cell openframe_project_wrapper
Note:  Implicit pin LO in instance openframe_project_wrapper_2108 of sky130_fd_sc_hd__conb_1 in cell openframe_project_wrapper
Note:  Implicit pin LO in instance openframe_project_wrapper_2109 of sky130_fd_sc_hd__conb_1 in cell openframe_project_wrapper
Note:  Implicit pin LO in instance openframe_project_wrapper_2110 of sky130_fd_sc_hd__conb_1 in cell openframe_project_wrapper
Note:  Implicit pin LO in instance openframe_project_wrapper_2111 of sky130_fd_sc_hd__conb_1 in cell openframe_project_wrapper
Note:  Implicit pin LO in instance openframe_project_wrapper_2112 of sky130_fd_sc_hd__conb_1 in cell openframe_project_wrapper
Note:  Implicit pin LO in instance openframe_project_wrapper_2113 of sky130_fd_sc_hd__conb_1 in cell openframe_project_wrapper
Note:  Implicit pin LO in instance openframe_project_wrapper_2114 of sky130_fd_sc_hd__conb_1 in cell openframe_project_wrapper
Note:  Implicit pin LO in instance openframe_project_wrapper_2115 of sky130_fd_sc_hd__conb_1 in cell openframe_project_wrapper
Note:  Implicit pin LO in instance openframe_project_wrapper_2116 of sky130_fd_sc_hd__conb_1 in cell openframe_project_wrapper
Note:  Implicit pin LO in instance openframe_project_wrapper_2117 of sky130_fd_sc_hd__conb_1 in cell openframe_project_wrapper
Note:  Implicit pin LO in instance openframe_project_wrapper_2118 of sky130_fd_sc_hd__conb_1 in cell openframe_project_wrapper
Note:  Implicit pin LO in instance openframe_project_wrapper_2119 of sky130_fd_sc_hd__conb_1 in cell openframe_project_wrapper
Note:  Implicit pin LO in instance openframe_project_wrapper_2120 of sky130_fd_sc_hd__conb_1 in cell openframe_project_wrapper
Note:  Implicit pin LO in instance openframe_project_wrapper_2121 of sky130_fd_sc_hd__conb_1 in cell openframe_project_wrapper
Note:  Implicit pin LO in instance openframe_project_wrapper_2122 of sky130_fd_sc_hd__conb_1 in cell openframe_project_wrapper
Note:  Implicit pin LO in instance openframe_project_wrapper_2123 of sky130_fd_sc_hd__conb_1 in cell openframe_project_wrapper
Note:  Implicit pin LO in instance openframe_project_wrapper_2124 of sky130_fd_sc_hd__conb_1 in cell openframe_project_wrapper
Note:  Implicit pin LO in instance openframe_project_wrapper_2125 of sky130_fd_sc_hd__conb_1 in cell openframe_project_wrapper
Note:  Implicit pin LO in instance openframe_project_wrapper_2126 of sky130_fd_sc_hd__conb_1 in cell openframe_project_wrapper
Note:  Implicit pin LO in instance openframe_project_wrapper_2127 of sky130_fd_sc_hd__conb_1 in cell openframe_project_wrapper
Note:  Implicit pin LO in instance openframe_project_wrapper_2128 of sky130_fd_sc_hd__conb_1 in cell openframe_project_wrapper
Note:  Implicit pin LO in instance openframe_project_wrapper_2129 of sky130_fd_sc_hd__conb_1 in cell openframe_project_wrapper
Note:  Implicit pin LO in instance openframe_project_wrapper_2130 of sky130_fd_sc_hd__conb_1 in cell openframe_project_wrapper
Note:  Implicit pin LO in instance openframe_project_wrapper_2131 of sky130_fd_sc_hd__conb_1 in cell openframe_project_wrapper
Note:  Implicit pin LO in instance openframe_project_wrapper_2132 of sky130_fd_sc_hd__conb_1 in cell openframe_project_wrapper
Note:  Implicit pin LO in instance openframe_project_wrapper_2133 of sky130_fd_sc_hd__conb_1 in cell openframe_project_wrapper
Note:  Implicit pin LO in instance openframe_project_wrapper_2134 of sky130_fd_sc_hd__conb_1 in cell openframe_project_wrapper
Note:  Implicit pin LO in instance openframe_project_wrapper_2135 of sky130_fd_sc_hd__conb_1 in cell openframe_project_wrapper
Note:  Implicit pin LO in instance openframe_project_wrapper_2136 of sky130_fd_sc_hd__conb_1 in cell openframe_project_wrapper
Note:  Implicit pin LO in instance openframe_project_wrapper_2137 of sky130_fd_sc_hd__conb_1 in cell openframe_project_wrapper
Note:  Implicit pin LO in instance openframe_project_wrapper_2138 of sky130_fd_sc_hd__conb_1 in cell openframe_project_wrapper
Note:  Implicit pin LO in instance openframe_project_wrapper_2139 of sky130_fd_sc_hd__conb_1 in cell openframe_project_wrapper
Note:  Implicit pin LO in instance openframe_project_wrapper_2140 of sky130_fd_sc_hd__conb_1 in cell openframe_project_wrapper
Note:  Implicit pin LO in instance openframe_project_wrapper_2141 of sky130_fd_sc_hd__conb_1 in cell openframe_project_wrapper
Note:  Implicit pin LO in instance openframe_project_wrapper_2142 of sky130_fd_sc_hd__conb_1 in cell openframe_project_wrapper
Note:  Implicit pin LO in instance openframe_project_wrapper_2143 of sky130_fd_sc_hd__conb_1 in cell openframe_project_wrapper
Note:  Implicit pin LO in instance openframe_project_wrapper_2144 of sky130_fd_sc_hd__conb_1 in cell openframe_project_wrapper
Note:  Implicit pin LO in instance openframe_project_wrapper_2145 of sky130_fd_sc_hd__conb_1 in cell openframe_project_wrapper
Note:  Implicit pin LO in instance openframe_project_wrapper_2146 of sky130_fd_sc_hd__conb_1 in cell openframe_project_wrapper
Note:  Implicit pin LO in instance openframe_project_wrapper_2147 of sky130_fd_sc_hd__conb_1 in cell openframe_project_wrapper
Note:  Implicit pin LO in instance openframe_project_wrapper_2148 of sky130_fd_sc_hd__conb_1 in cell openframe_project_wrapper
Note:  Implicit pin LO in instance openframe_project_wrapper_2149 of sky130_fd_sc_hd__conb_1 in cell openframe_project_wrapper
Note:  Implicit pin LO in instance openframe_project_wrapper_2150 of sky130_fd_sc_hd__conb_1 in cell openframe_project_wrapper
Note:  Implicit pin LO in instance openframe_project_wrapper_2151 of sky130_fd_sc_hd__conb_1 in cell openframe_project_wrapper
Note:  Implicit pin LO in instance openframe_project_wrapper_2152 of sky130_fd_sc_hd__conb_1 in cell openframe_project_wrapper
Note:  Implicit pin LO in instance openframe_project_wrapper_2153 of sky130_fd_sc_hd__conb_1 in cell openframe_project_wrapper
Note:  Implicit pin LO in instance openframe_project_wrapper_2154 of sky130_fd_sc_hd__conb_1 in cell openframe_project_wrapper
Note:  Implicit pin LO in instance openframe_project_wrapper_2155 of sky130_fd_sc_hd__conb_1 in cell openframe_project_wrapper
Note:  Implicit pin LO in instance openframe_project_wrapper_2156 of sky130_fd_sc_hd__conb_1 in cell openframe_project_wrapper
Note:  Implicit pin LO in instance openframe_project_wrapper_2157 of sky130_fd_sc_hd__conb_1 in cell openframe_project_wrapper
Note:  Implicit pin LO in instance openframe_project_wrapper_2158 of sky130_fd_sc_hd__conb_1 in cell openframe_project_wrapper
Note:  Implicit pin LO in instance openframe_project_wrapper_2159 of sky130_fd_sc_hd__conb_1 in cell openframe_project_wrapper
Note:  Implicit pin LO in instance openframe_project_wrapper_2160 of sky130_fd_sc_hd__conb_1 in cell openframe_project_wrapper
Note:  Implicit pin LO in instance openframe_project_wrapper_2161 of sky130_fd_sc_hd__conb_1 in cell openframe_project_wrapper
Note:  Implicit pin LO in instance openframe_project_wrapper_2162 of sky130_fd_sc_hd__conb_1 in cell openframe_project_wrapper
Note:  Implicit pin LO in instance openframe_project_wrapper_2163 of sky130_fd_sc_hd__conb_1 in cell openframe_project_wrapper
Note:  Implicit pin LO in instance openframe_project_wrapper_2164 of sky130_fd_sc_hd__conb_1 in cell openframe_project_wrapper
Note:  Implicit pin LO in instance openframe_project_wrapper_2165 of sky130_fd_sc_hd__conb_1 in cell openframe_project_wrapper
Note:  Implicit pin LO in instance openframe_project_wrapper_2166 of sky130_fd_sc_hd__conb_1 in cell openframe_project_wrapper
Note:  Implicit pin LO in instance openframe_project_wrapper_2167 of sky130_fd_sc_hd__conb_1 in cell openframe_project_wrapper
Note:  Implicit pin LO in instance openframe_project_wrapper_2168 of sky130_fd_sc_hd__conb_1 in cell openframe_project_wrapper
Note:  Implicit pin LO in instance openframe_project_wrapper_2169 of sky130_fd_sc_hd__conb_1 in cell openframe_project_wrapper
Note:  Implicit pin LO in instance openframe_project_wrapper_2170 of sky130_fd_sc_hd__conb_1 in cell openframe_project_wrapper
Note:  Implicit pin LO in instance openframe_project_wrapper_2171 of sky130_fd_sc_hd__conb_1 in cell openframe_project_wrapper
Note:  Implicit pin LO in instance openframe_project_wrapper_2172 of sky130_fd_sc_hd__conb_1 in cell openframe_project_wrapper
Note:  Implicit pin LO in instance openframe_project_wrapper_2173 of sky130_fd_sc_hd__conb_1 in cell openframe_project_wrapper
Note:  Implicit pin LO in instance openframe_project_wrapper_2174 of sky130_fd_sc_hd__conb_1 in cell openframe_project_wrapper
Note:  Implicit pin LO in instance openframe_project_wrapper_2175 of sky130_fd_sc_hd__conb_1 in cell openframe_project_wrapper
Note:  Implicit pin LO in instance openframe_project_wrapper_2176 of sky130_fd_sc_hd__conb_1 in cell openframe_project_wrapper
Note:  Implicit pin LO in instance openframe_project_wrapper_2177 of sky130_fd_sc_hd__conb_1 in cell openframe_project_wrapper
Note:  Implicit pin LO in instance openframe_project_wrapper_2178 of sky130_fd_sc_hd__conb_1 in cell openframe_project_wrapper
Note:  Implicit pin LO in instance openframe_project_wrapper_2179 of sky130_fd_sc_hd__conb_1 in cell openframe_project_wrapper
Note:  Implicit pin LO in instance openframe_project_wrapper_2180 of sky130_fd_sc_hd__conb_1 in cell openframe_project_wrapper
Note:  Implicit pin LO in instance openframe_project_wrapper_2181 of sky130_fd_sc_hd__conb_1 in cell openframe_project_wrapper
Note:  Implicit pin LO in instance openframe_project_wrapper_2182 of sky130_fd_sc_hd__conb_1 in cell openframe_project_wrapper
Note:  Implicit pin LO in instance openframe_project_wrapper_2183 of sky130_fd_sc_hd__conb_1 in cell openframe_project_wrapper
Note:  Implicit pin LO in instance openframe_project_wrapper_2184 of sky130_fd_sc_hd__conb_1 in cell openframe_project_wrapper
Note:  Implicit pin LO in instance openframe_project_wrapper_2185 of sky130_fd_sc_hd__conb_1 in cell openframe_project_wrapper
Note:  Implicit pin LO in instance openframe_project_wrapper_2186 of sky130_fd_sc_hd__conb_1 in cell openframe_project_wrapper
Note:  Implicit pin LO in instance openframe_project_wrapper_2187 of sky130_fd_sc_hd__conb_1 in cell openframe_project_wrapper
Note:  Implicit pin LO in instance openframe_project_wrapper_2188 of sky130_fd_sc_hd__conb_1 in cell openframe_project_wrapper
Note:  Implicit pin LO in instance openframe_project_wrapper_2189 of sky130_fd_sc_hd__conb_1 in cell openframe_project_wrapper
Note:  Implicit pin LO in instance openframe_project_wrapper_2190 of sky130_fd_sc_hd__conb_1 in cell openframe_project_wrapper
Note:  Implicit pin LO in instance openframe_project_wrapper_2191 of sky130_fd_sc_hd__conb_1 in cell openframe_project_wrapper
Note:  Implicit pin LO in instance openframe_project_wrapper_2192 of sky130_fd_sc_hd__conb_1 in cell openframe_project_wrapper
Note:  Implicit pin LO in instance openframe_project_wrapper_2193 of sky130_fd_sc_hd__conb_1 in cell openframe_project_wrapper
Note:  Implicit pin LO in instance openframe_project_wrapper_2194 of sky130_fd_sc_hd__conb_1 in cell openframe_project_wrapper
Note:  Implicit pin LO in instance openframe_project_wrapper_2195 of sky130_fd_sc_hd__conb_1 in cell openframe_project_wrapper
Note:  Implicit pin LO in instance openframe_project_wrapper_2196 of sky130_fd_sc_hd__conb_1 in cell openframe_project_wrapper
Note:  Implicit pin LO in instance openframe_project_wrapper_2197 of sky130_fd_sc_hd__conb_1 in cell openframe_project_wrapper
Note:  Implicit pin LO in instance openframe_project_wrapper_2198 of sky130_fd_sc_hd__conb_1 in cell openframe_project_wrapper
Note:  Implicit pin LO in instance openframe_project_wrapper_2199 of sky130_fd_sc_hd__conb_1 in cell openframe_project_wrapper
Note:  Implicit pin LO in instance openframe_project_wrapper_2200 of sky130_fd_sc_hd__conb_1 in cell openframe_project_wrapper
Note:  Implicit pin LO in instance openframe_project_wrapper_2201 of sky130_fd_sc_hd__conb_1 in cell openframe_project_wrapper
Note:  Implicit pin LO in instance openframe_project_wrapper_2202 of sky130_fd_sc_hd__conb_1 in cell openframe_project_wrapper
Note:  Implicit pin LO in instance openframe_project_wrapper_2203 of sky130_fd_sc_hd__conb_1 in cell openframe_project_wrapper
Note:  Implicit pin LO in instance openframe_project_wrapper_2204 of sky130_fd_sc_hd__conb_1 in cell openframe_project_wrapper
Note:  Implicit pin LO in instance openframe_project_wrapper_2205 of sky130_fd_sc_hd__conb_1 in cell openframe_project_wrapper
Note:  Implicit pin LO in instance openframe_project_wrapper_2206 of sky130_fd_sc_hd__conb_1 in cell openframe_project_wrapper
Note:  Implicit pin LO in instance openframe_project_wrapper_2207 of sky130_fd_sc_hd__conb_1 in cell openframe_project_wrapper
Note:  Implicit pin LO in instance openframe_project_wrapper_2208 of sky130_fd_sc_hd__conb_1 in cell openframe_project_wrapper
Note:  Implicit pin LO in instance openframe_project_wrapper_2209 of sky130_fd_sc_hd__conb_1 in cell openframe_project_wrapper
Note:  Implicit pin LO in instance openframe_project_wrapper_2210 of sky130_fd_sc_hd__conb_1 in cell openframe_project_wrapper
Note:  Implicit pin LO in instance openframe_project_wrapper_2211 of sky130_fd_sc_hd__conb_1 in cell openframe_project_wrapper
Note:  Implicit pin LO in instance openframe_project_wrapper_2212 of sky130_fd_sc_hd__conb_1 in cell openframe_project_wrapper
Note:  Implicit pin LO in instance openframe_project_wrapper_2213 of sky130_fd_sc_hd__conb_1 in cell openframe_project_wrapper
Note:  Implicit pin LO in instance openframe_project_wrapper_2214 of sky130_fd_sc_hd__conb_1 in cell openframe_project_wrapper
Note:  Implicit pin LO in instance openframe_project_wrapper_2215 of sky130_fd_sc_hd__conb_1 in cell openframe_project_wrapper
Warning:  Cell vccd1_connection has no pins
Creating placeholder cell definition for module vccd1_connection.
Warning:  Cell vssd1_connection has no pins
Creating placeholder cell definition for module vssd1_connection.
Treating empty subcircuits as black-box cells
Generating JSON file result

Reading setup file /nix/store/nkihm22x38gfypmyvz3ya2sv72vk2pa8-python3-3.13.13-env/lib/python3.13/site-packages/librelane/scripts/netgen/setup.tcl

Model sky130_fd_pr__res_generic_po pin 1 == 2
No property value found for device sky130_fd_pr__res_generic_po
No property mult found for device sky130_fd_pr__res_generic_po
Model sky130_fd_pr__res_generic_po pin 1 == 2
No property value found for device sky130_fd_pr__res_generic_po
No property mult found for device sky130_fd_pr__res_generic_po
Model sky130_fd_pr__nfet_01v8 pin 1 == 3
No property mult found for device sky130_fd_pr__nfet_01v8
No property sa found for device sky130_fd_pr__nfet_01v8
No property sb found for device sky130_fd_pr__nfet_01v8
No property sd found for device sky130_fd_pr__nfet_01v8
No property nf found for device sky130_fd_pr__nfet_01v8
No property nrd found for device sky130_fd_pr__nfet_01v8
No property nrs found for device sky130_fd_pr__nfet_01v8
No property area found for device sky130_fd_pr__nfet_01v8
No property perim found for device sky130_fd_pr__nfet_01v8
No property topography found for device sky130_fd_pr__nfet_01v8
Model sky130_fd_pr__nfet_01v8 pin 1 == 3
No property mult found for device sky130_fd_pr__nfet_01v8
No property sa found for device sky130_fd_pr__nfet_01v8
No property sb found for device sky130_fd_pr__nfet_01v8
No property sd found for device sky130_fd_pr__nfet_01v8
No property nf found for device sky130_fd_pr__nfet_01v8
No property nrd found for device sky130_fd_pr__nfet_01v8
No property nrs found for device sky130_fd_pr__nfet_01v8
No property area found for device sky130_fd_pr__nfet_01v8
No property perim found for device sky130_fd_pr__nfet_01v8
No property topography found for device sky130_fd_pr__nfet_01v8
Model sky130_fd_pr__pfet_01v8_hvt pin 1 == 3
No property mult found for device sky130_fd_pr__pfet_01v8_hvt
No property sa found for device sky130_fd_pr__pfet_01v8_hvt
No property sb found for device sky130_fd_pr__pfet_01v8_hvt
No property sd found for device sky130_fd_pr__pfet_01v8_hvt
No property nf found for device sky130_fd_pr__pfet_01v8_hvt
No property nrd found for device sky130_fd_pr__pfet_01v8_hvt
No property nrs found for device sky130_fd_pr__pfet_01v8_hvt
No property area found for device sky130_fd_pr__pfet_01v8_hvt
No property perim found for device sky130_fd_pr__pfet_01v8_hvt
No property topography found for device sky130_fd_pr__pfet_01v8_hvt
Model sky130_fd_pr__pfet_01v8_hvt pin 1 == 3
No property mult found for device sky130_fd_pr__pfet_01v8_hvt
No property sa found for device sky130_fd_pr__pfet_01v8_hvt
No property sb found for device sky130_fd_pr__pfet_01v8_hvt
No property sd found for device sky130_fd_pr__pfet_01v8_hvt
No property nf found for device sky130_fd_pr__pfet_01v8_hvt
No property nrd found for device sky130_fd_pr__pfet_01v8_hvt
No property nrs found for device sky130_fd_pr__pfet_01v8_hvt
No property area found for device sky130_fd_pr__pfet_01v8_hvt
No property perim found for device sky130_fd_pr__pfet_01v8_hvt
No property topography found for device sky130_fd_pr__pfet_01v8_hvt
Model sky130_fd_pr__special_nfet_01v8 pin 1 == 3
No property mult found for device sky130_fd_pr__special_nfet_01v8
No property sa found for device sky130_fd_pr__special_nfet_01v8
No property sb found for device sky130_fd_pr__special_nfet_01v8
No property sd found for device sky130_fd_pr__special_nfet_01v8
No property nf found for device sky130_fd_pr__special_nfet_01v8
No property nrd found for device sky130_fd_pr__special_nfet_01v8
No property nrs found for device sky130_fd_pr__special_nfet_01v8
No property area found for device sky130_fd_pr__special_nfet_01v8
No property perim found for device sky130_fd_pr__special_nfet_01v8
No property topography found for device sky130_fd_pr__special_nfet_01v8
Model sky130_fd_pr__special_nfet_01v8 pin 1 == 3
No property as found for device sky130_fd_pr__special_nfet_01v8
No property ad found for device sky130_fd_pr__special_nfet_01v8
No property ps found for device sky130_fd_pr__special_nfet_01v8
No property pd found for device sky130_fd_pr__special_nfet_01v8
No property mult found for device sky130_fd_pr__special_nfet_01v8
No property sa found for device sky130_fd_pr__special_nfet_01v8
No property sb found for device sky130_fd_pr__special_nfet_01v8
No property sd found for device sky130_fd_pr__special_nfet_01v8
No property nf found for device sky130_fd_pr__special_nfet_01v8
No property nrd found for device sky130_fd_pr__special_nfet_01v8
No property nrs found for device sky130_fd_pr__special_nfet_01v8
No property area found for device sky130_fd_pr__special_nfet_01v8
No property perim found for device sky130_fd_pr__special_nfet_01v8
No property topography found for device sky130_fd_pr__special_nfet_01v8
Model sky130_fd_pr__special_pfet_01v8_hvt pin 1 == 3
No property as found for device sky130_fd_pr__special_pfet_01v8_hvt
No property ad found for device sky130_fd_pr__special_pfet_01v8_hvt
No property ps found for device sky130_fd_pr__special_pfet_01v8_hvt
No property pd found for device sky130_fd_pr__special_pfet_01v8_hvt
No property mult found for device sky130_fd_pr__special_pfet_01v8_hvt
No property sa found for device sky130_fd_pr__special_pfet_01v8_hvt
No property sb found for device sky130_fd_pr__special_pfet_01v8_hvt
No property sd found for device sky130_fd_pr__special_pfet_01v8_hvt
No property nf found for device sky130_fd_pr__special_pfet_01v8_hvt
No property nrd found for device sky130_fd_pr__special_pfet_01v8_hvt
No property nrs found for device sky130_fd_pr__special_pfet_01v8_hvt
No property area found for device sky130_fd_pr__special_pfet_01v8_hvt
No property perim found for device sky130_fd_pr__special_pfet_01v8_hvt
No property topography found for device sky130_fd_pr__special_pfet_01v8_hvt
No property value found for device sky130_fd_pr__diode_pw2nd_05v5
No property mult found for device sky130_fd_pr__diode_pw2nd_05v5
No property value found for device sky130_fd_pr__diode_pw2nd_05v5
No property mult found for device sky130_fd_pr__diode_pw2nd_05v5
Matching pins of sky130_fd_pr__diode_pw2nd_05v5 in circuits 1 and 2

Subcircuit pins:
Circuit 1: sky130_fd_pr__diode_pw2nd_05v5  |Circuit 2: sky130_fd_pr__diode_pw2nd_05v5  
-------------------------------------------|-------------------------------------------
1                                          |1                                          
2                                          |2                                          
---------------------------------------------------------------------------------------
Cell pin lists are equivalent.
Matching pins of sky130_fd_pr__pfet_01v8_hvt in circuits 1 and 2

Subcircuit pins:
Circuit 1: sky130_fd_pr__pfet_01v8_hvt     |Circuit 2: sky130_fd_pr__pfet_01v8_hvt     
-------------------------------------------|-------------------------------------------
1                                          |1                                          
2                                          |2                                          
3                                          |3                                          
4                                          |4                                          
---------------------------------------------------------------------------------------
Cell pin lists are equivalent.
Matching pins of sky130_fd_pr__res_generic_po in circuits 1 and 2

Subcircuit pins:
Circuit 1: sky130_fd_pr__res_generic_po    |Circuit 2: sky130_fd_pr__res_generic_po    
-------------------------------------------|-------------------------------------------
1                                          |1                                          
2                                          |2                                          
---------------------------------------------------------------------------------------
Cell pin lists are equivalent.
Matching pins of sky130_fd_pr__nfet_01v8 in circuits 1 and 2

Subcircuit pins:
Circuit 1: sky130_fd_pr__nfet_01v8         |Circuit 2: sky130_fd_pr__nfet_01v8         
-------------------------------------------|-------------------------------------------
1                                          |1                                          
2                                          |2                                          
3                                          |3                                          
4                                          |4                                          
---------------------------------------------------------------------------------------
Cell pin lists are equivalent.
Matching pins of sky130_fd_pr__special_nfet_01v8 in circuits 1 and 2

Subcircuit pins:
Circuit 1: sky130_fd_pr__special_nfet_01v8 |Circuit 2: sky130_fd_pr__special_nfet_01v8 
-------------------------------------------|-------------------------------------------
1                                          |1                                          
2                                          |2                                          
3                                          |3                                          
4                                          |4                                          
---------------------------------------------------------------------------------------
Cell pin lists are equivalent.
Comparison output logged to file /home/research/alosh/superfloat.gpu/librelane/openframe/runs/chip_20_eco2/25-netgen-lvs/reports/lvs.netgen.rpt
Logging to file "/home/research/alosh/superfloat.gpu/librelane/openframe/runs/chip_20_eco2/25-netgen-lvs/reports/lvs.netgen.rpt" enabled
Circuit sky130_fd_pr__pfet_01v8_hvt contains no devices.
Circuit sky130_fd_pr__nfet_01v8 contains no devices.
Circuit sky130_fd_pr__special_nfet_01v8 contains no devices.
Circuit sky130_fd_pr__diode_pw2nd_05v5 contains no devices.
Circuit sky130_fd_pr__res_generic_po contains no devices.

Contents of circuit 1:  Circuit: 'sky130_fd_sc_hd__decap_6'
Circuit sky130_fd_sc_hd__decap_6 contains 2 device instances.
  Class: sky130_fd_pr__pfet_01v8_hvt instances:   1
  Class: sky130_fd_pr__nfet_01v8 instances:   1
Circuit contains 4 nets.
Contents of circuit 2:  Circuit: 'sky130_fd_sc_hd__decap_6'
Circuit sky130_fd_sc_hd__decap_6 contains 2 device instances.
  Class: sky130_fd_pr__pfet_01v8_hvt instances:   1
  Class: sky130_fd_pr__nfet_01v8 instances:   1
Circuit contains 4 nets.

Circuit 1 contains 2 devices, Circuit 2 contains 2 devices.
Circuit 1 contains 4 nets,    Circuit 2 contains 4 nets.


Contents of circuit 1:  Circuit: 'sky130_fd_sc_hd__decap_12'
Circuit sky130_fd_sc_hd__decap_12 contains 2 device instances.
  Class: sky130_fd_pr__pfet_01v8_hvt instances:   1
  Class: sky130_fd_pr__nfet_01v8 instances:   1
Circuit contains 4 nets.
Contents of circuit 2:  Circuit: 'sky130_fd_sc_hd__decap_12'
Circuit sky130_fd_sc_hd__decap_12 contains 2 device instances.
  Class: sky130_fd_pr__pfet_01v8_hvt instances:   1
  Class: sky130_fd_pr__nfet_01v8 instances:   1
Circuit contains 4 nets.

Circuit 1 contains 2 devices, Circuit 2 contains 2 devices.
Circuit 1 contains 4 nets,    Circuit 2 contains 4 nets.


Contents of circuit 1:  Circuit: 'sky130_fd_sc_hd__decap_3'
Circuit sky130_fd_sc_hd__decap_3 contains 2 device instances.
  Class: sky130_fd_pr__pfet_01v8_hvt instances:   1
  Class: sky130_fd_pr__nfet_01v8 instances:   1
Circuit contains 4 nets.
Contents of circuit 2:  Circuit: 'sky130_fd_sc_hd__decap_3'
Circuit sky130_fd_sc_hd__decap_3 contains 2 device instances.
  Class: sky130_fd_pr__pfet_01v8_hvt instances:   1
  Class: sky130_fd_pr__nfet_01v8 instances:   1
Circuit contains 4 nets.

Circuit 1 contains 2 devices, Circuit 2 contains 2 devices.
Circuit 1 contains 4 nets,    Circuit 2 contains 4 nets.


Contents of circuit 1:  Circuit: 'sky130_fd_sc_hd__mux4_2'
Circuit sky130_fd_sc_hd__mux4_2 contains 28 device instances.
  Class: sky130_fd_pr__pfet_01v8_hvt instances:  14
  Class: sky130_fd_pr__nfet_01v8 instances:  10
  Class: sky130_fd_pr__special_nfet_01v8 instances:   4
Circuit contains 24 nets.
Contents of circuit 2:  Circuit: 'sky130_fd_sc_hd__mux4_2'
Circuit sky130_fd_sc_hd__mux4_2 contains 28 device instances.
  Class: sky130_fd_pr__pfet_01v8_hvt instances:  14
  Class: sky130_fd_pr__nfet_01v8 instances:  10
  Class: sky130_fd_pr__special_nfet_01v8 instances:   4
Circuit contains 24 nets.

Circuit was modified by parallel/series device merging.
New circuit summary:

Contents of circuit 1:  Circuit: 'sky130_fd_sc_hd__mux4_2'
Circuit sky130_fd_sc_hd__mux4_2 contains 26 device instances.
  Class: sky130_fd_pr__pfet_01v8_hvt instances:  13
  Class: sky130_fd_pr__nfet_01v8 instances:   9
  Class: sky130_fd_pr__special_nfet_01v8 instances:   4
Circuit contains 24 nets.
Contents of circuit 2:  Circuit: 'sky130_fd_sc_hd__mux4_2'
Circuit sky130_fd_sc_hd__mux4_2 contains 26 device instances.
  Class: sky130_fd_pr__pfet_01v8_hvt instances:  13
  Class: sky130_fd_pr__nfet_01v8 instances:   9
  Class: sky130_fd_pr__special_nfet_01v8 instances:   4
Circuit contains 24 nets.

Circuit 1 contains 26 devices, Circuit 2 contains 26 devices.
Circuit 1 contains 24 nets,    Circuit 2 contains 24 nets.


Contents of circuit 1:  Circuit: 'sky130_fd_sc_hd__mux2_1'
Circuit sky130_fd_sc_hd__mux2_1 contains 12 device instances.
  Class: sky130_fd_pr__pfet_01v8_hvt instances:   6
  Class: sky130_fd_pr__nfet_01v8 instances:   6
Circuit contains 14 nets.
Contents of circuit 2:  Circuit: 'sky130_fd_sc_hd__mux2_1'
Circuit sky130_fd_sc_hd__mux2_1 contains 12 device instances.
  Class: sky130_fd_pr__pfet_01v8_hvt instances:   6
  Class: sky130_fd_pr__nfet_01v8 instances:   6
Circuit contains 14 nets.

Circuit 1 contains 12 devices, Circuit 2 contains 12 devices.
Circuit 1 contains 14 nets,    Circuit 2 contains 14 nets.


Contents of circuit 1:  Circuit: 'sky130_fd_sc_hd__a21oi_1'
Circuit sky130_fd_sc_hd__a21oi_1 contains 6 device instances.
  Class: sky130_fd_pr__pfet_01v8_hvt instances:   3
  Class: sky130_fd_pr__nfet_01v8 instances:   3
Circuit contains 10 nets.
Contents of circuit 2:  Circuit: 'sky130_fd_sc_hd__a21oi_1'
Circuit sky130_fd_sc_hd__a21oi_1 contains 6 device instances.
  Class: sky130_fd_pr__pfet_01v8_hvt instances:   3
  Class: sky130_fd_pr__nfet_01v8 instances:   3
Circuit contains 10 nets.

Circuit 1 contains 6 devices, Circuit 2 contains 6 devices.
Circuit 1 contains 10 nets,    Circuit 2 contains 10 nets.


Contents of circuit 1:  Circuit: 'sky130_fd_sc_hd__a211oi_1'
Circuit sky130_fd_sc_hd__a211oi_1 contains 8 device instances.
  Class: sky130_fd_pr__pfet_01v8_hvt instances:   4
  Class: sky130_fd_pr__nfet_01v8 instances:   4
Circuit contains 12 nets.
Contents of circuit 2:  Circuit: 'sky130_fd_sc_hd__a211oi_1'
Circuit sky130_fd_sc_hd__a211oi_1 contains 8 device instances.
  Class: sky130_fd_pr__pfet_01v8_hvt instances:   4
  Class: sky130_fd_pr__nfet_01v8 instances:   4
Circuit contains 12 nets.

Circuit 1 contains 8 devices, Circuit 2 contains 8 devices.
Circuit 1 contains 12 nets,    Circuit 2 contains 12 nets.


Contents of circuit 1:  Circuit: 'sky130_fd_sc_hd__decap_4'
Circuit sky130_fd_sc_hd__decap_4 contains 2 device instances.
  Class: sky130_fd_pr__pfet_01v8_hvt instances:   1
  Class: sky130_fd_pr__nfet_01v8 instances:   1
Circuit contains 4 nets.
Contents of circuit 2:  Circuit: 'sky130_fd_sc_hd__decap_4'
Circuit sky130_fd_sc_hd__decap_4 contains 2 device instances.
  Class: sky130_fd_pr__pfet_01v8_hvt instances:   1
  Class: sky130_fd_pr__nfet_01v8 instances:   1
Circuit contains 4 nets.

Circuit 1 contains 2 devices, Circuit 2 contains 2 devices.
Circuit 1 contains 4 nets,    Circuit 2 contains 4 nets.


Contents of circuit 1:  Circuit: 'sky130_fd_sc_hd__dfxtp_4'
Circuit sky130_fd_sc_hd__dfxtp_4 contains 30 device instances.
  Class: sky130_fd_pr__pfet_01v8_hvt instances:  15
  Class: sky130_fd_pr__nfet_01v8 instances:  11
  Class: sky130_fd_pr__special_nfet_01v8 instances:   4
Circuit contains 18 nets.
Contents of circuit 2:  Circuit: 'sky130_fd_sc_hd__dfxtp_4'
Circuit sky130_fd_sc_hd__dfxtp_4 contains 30 device instances.
  Class: sky130_fd_pr__pfet_01v8_hvt instances:  15
  Class: sky130_fd_pr__nfet_01v8 instances:  11
  Class: sky130_fd_pr__special_nfet_01v8 instances:   4
Circuit contains 18 nets.

Circuit was modified by parallel/series device merging.
New circuit summary:

Contents of circuit 1:  Circuit: 'sky130_fd_sc_hd__dfxtp_4'
Circuit sky130_fd_sc_hd__dfxtp_4 contains 24 device instances.
  Class: sky130_fd_pr__pfet_01v8_hvt instances:  12
  Class: sky130_fd_pr__nfet_01v8 instances:   8
  Class: sky130_fd_pr__special_nfet_01v8 instances:   4
Circuit contains 18 nets.
Contents of circuit 2:  Circuit: 'sky130_fd_sc_hd__dfxtp_4'
Circuit sky130_fd_sc_hd__dfxtp_4 contains 24 device instances.
  Class: sky130_fd_pr__pfet_01v8_hvt instances:  12
  Class: sky130_fd_pr__nfet_01v8 instances:   8
  Class: sky130_fd_pr__special_nfet_01v8 instances:   4
Circuit contains 18 nets.

Circuit 1 contains 24 devices, Circuit 2 contains 24 devices.
Circuit 1 contains 18 nets,    Circuit 2 contains 18 nets.


Contents of circuit 1:  Circuit: 'sky130_fd_sc_hd__buf_6'
Circuit sky130_fd_sc_hd__buf_6 contains 16 device instances.
  Class: sky130_fd_pr__pfet_01v8_hvt instances:   8
  Class: sky130_fd_pr__nfet_01v8 instances:   8
Circuit contains 7 nets.
Contents of circuit 2:  Circuit: 'sky130_fd_sc_hd__buf_6'
Circuit sky130_fd_sc_hd__buf_6 contains 16 device instances.
  Class: sky130_fd_pr__pfet_01v8_hvt instances:   8
  Class: sky130_fd_pr__nfet_01v8 instances:   8
Circuit contains 7 nets.

Circuit was modified by parallel/series device merging.
New circuit summary:

Contents of circuit 1:  Circuit: 'sky130_fd_sc_hd__buf_6'
Circuit sky130_fd_sc_hd__buf_6 contains 4 device instances.
  Class: sky130_fd_pr__pfet_01v8_hvt instances:   2
  Class: sky130_fd_pr__nfet_01v8 instances:   2
Circuit contains 7 nets.
Contents of circuit 2:  Circuit: 'sky130_fd_sc_hd__buf_6'
Circuit sky130_fd_sc_hd__buf_6 contains 4 device instances.
  Class: sky130_fd_pr__pfet_01v8_hvt instances:   2
  Class: sky130_fd_pr__nfet_01v8 instances:   2
Circuit contains 7 nets.

Circuit 1 contains 4 devices, Circuit 2 contains 4 devices.
Circuit 1 contains 7 nets,    Circuit 2 contains 7 nets.


Contents of circuit 1:  Circuit: 'sky130_fd_sc_hd__decap_8'
Circuit sky130_fd_sc_hd__decap_8 contains 2 device instances.
  Class: sky130_fd_pr__pfet_01v8_hvt instances:   1
  Class: sky130_fd_pr__nfet_01v8 instances:   1
Circuit contains 4 nets.
Contents of circuit 2:  Circuit: 'sky130_fd_sc_hd__decap_8'
Circuit sky130_fd_sc_hd__decap_8 contains 2 device instances.
  Class: sky130_fd_pr__pfet_01v8_hvt instances:   1
  Class: sky130_fd_pr__nfet_01v8 instances:   1
Circuit contains 4 nets.

Circuit 1 contains 2 devices, Circuit 2 contains 2 devices.
Circuit 1 contains 4 nets,    Circuit 2 contains 4 nets.


Contents of circuit 1:  Circuit: 'sky130_fd_sc_hd__buf_4'
Circuit sky130_fd_sc_hd__buf_4 contains 10 device instances.
  Class: sky130_fd_pr__pfet_01v8_hvt instances:   5
  Class: sky130_fd_pr__nfet_01v8 instances:   5
Circuit contains 7 nets.
Contents of circuit 2:  Circuit: 'sky130_fd_sc_hd__buf_4'
Circuit sky130_fd_sc_hd__buf_4 contains 10 device instances.
  Class: sky130_fd_pr__pfet_01v8_hvt instances:   5
  Class: sky130_fd_pr__nfet_01v8 instances:   5
Circuit contains 7 nets.

Circuit was modified by parallel/series device merging.
New circuit summary:

Contents of circuit 1:  Circuit: 'sky130_fd_sc_hd__buf_4'
Circuit sky130_fd_sc_hd__buf_4 contains 4 device instances.
  Class: sky130_fd_pr__pfet_01v8_hvt instances:   2
  Class: sky130_fd_pr__nfet_01v8 instances:   2
Circuit contains 7 nets.
Contents of circuit 2:  Circuit: 'sky130_fd_sc_hd__buf_4'
Circuit sky130_fd_sc_hd__buf_4 contains 4 device instances.
  Class: sky130_fd_pr__pfet_01v8_hvt instances:   2
  Class: sky130_fd_pr__nfet_01v8 instances:   2
Circuit contains 7 nets.

Circuit 1 contains 4 devices, Circuit 2 contains 4 devices.
Circuit 1 contains 7 nets,    Circuit 2 contains 7 nets.


Contents of circuit 1:  Circuit: 'sky130_fd_sc_hd__diode_2'
Circuit sky130_fd_sc_hd__diode_2 contains 1 device instances.
  Class: sky130_fd_pr__diode_pw2nd_05v5 instances:   1
Circuit contains 2 nets, and 3 disconnected pins.
Contents of circuit 2:  Circuit: 'sky130_fd_sc_hd__diode_2'
Circuit sky130_fd_sc_hd__diode_2 contains 1 device instances.
  Class: sky130_fd_pr__diode_pw2nd_05v5 instances:   1
Circuit contains 2 nets, and 3 disconnected pins.

Circuit 1 contains 1 devices, Circuit 2 contains 1 devices.
Circuit 1 contains 2 nets,    Circuit 2 contains 2 nets.


Contents of circuit 1:  Circuit: 'sky130_fd_sc_hd__edfxtp_1'
Circuit sky130_fd_sc_hd__edfxtp_1 contains 34 device instances.
  Class: sky130_fd_pr__pfet_01v8_hvt instances:  17
  Class: sky130_fd_pr__nfet_01v8 instances:  13
  Class: sky130_fd_pr__special_nfet_01v8 instances:   4
Circuit contains 26 nets.
Contents of circuit 2:  Circuit: 'sky130_fd_sc_hd__edfxtp_1'
Circuit sky130_fd_sc_hd__edfxtp_1 contains 34 device instances.
  Class: sky130_fd_pr__pfet_01v8_hvt instances:  17
  Class: sky130_fd_pr__nfet_01v8 instances:  13
  Class: sky130_fd_pr__special_nfet_01v8 instances:   4
Circuit contains 26 nets.

Circuit 1 contains 34 devices, Circuit 2 contains 34 devices.
Circuit 1 contains 26 nets,    Circuit 2 contains 26 nets.


Contents of circuit 1:  Circuit: 'sky130_fd_sc_hd__o21ai_1'
Circuit sky130_fd_sc_hd__o21ai_1 contains 6 device instances.
  Class: sky130_fd_pr__pfet_01v8_hvt instances:   3
  Class: sky130_fd_pr__nfet_01v8 instances:   3
Circuit contains 10 nets.
Contents of circuit 2:  Circuit: 'sky130_fd_sc_hd__o21ai_1'
Circuit sky130_fd_sc_hd__o21ai_1 contains 6 device instances.
  Class: sky130_fd_pr__pfet_01v8_hvt instances:   3
  Class: sky130_fd_pr__nfet_01v8 instances:   3
Circuit contains 10 nets.

Circuit 1 contains 6 devices, Circuit 2 contains 6 devices.
Circuit 1 contains 10 nets,    Circuit 2 contains 10 nets.


Contents of circuit 1:  Circuit: 'sky130_fd_sc_hd__a31oi_1'
Circuit sky130_fd_sc_hd__a31oi_1 contains 8 device instances.
  Class: sky130_fd_pr__pfet_01v8_hvt instances:   4
  Class: sky130_fd_pr__nfet_01v8 instances:   4
Circuit contains 12 nets.
Contents of circuit 2:  Circuit: 'sky130_fd_sc_hd__a31oi_1'
Circuit sky130_fd_sc_hd__a31oi_1 contains 8 device instances.
  Class: sky130_fd_pr__pfet_01v8_hvt instances:   4
  Class: sky130_fd_pr__nfet_01v8 instances:   4
Circuit contains 12 nets.

Circuit 1 contains 8 devices, Circuit 2 contains 8 devices.
Circuit 1 contains 12 nets,    Circuit 2 contains 12 nets.


Contents of circuit 1:  Circuit: 'sky130_fd_sc_hd__nand3_1'
Circuit sky130_fd_sc_hd__nand3_1 contains 6 device instances.
  Class: sky130_fd_pr__pfet_01v8_hvt instances:   3
  Class: sky130_fd_pr__nfet_01v8 instances:   3
Circuit contains 10 nets.
Contents of circuit 2:  Circuit: 'sky130_fd_sc_hd__nand3_1'
Circuit sky130_fd_sc_hd__nand3_1 contains 6 device instances.
  Class: sky130_fd_pr__pfet_01v8_hvt instances:   3
  Class: sky130_fd_pr__nfet_01v8 instances:   3
Circuit contains 10 nets.

Circuit 1 contains 6 devices, Circuit 2 contains 6 devices.
Circuit 1 contains 10 nets,    Circuit 2 contains 10 nets.


Contents of circuit 1:  Circuit: 'sky130_fd_sc_hd__dfxtp_2'
Circuit sky130_fd_sc_hd__dfxtp_2 contains 26 device instances.
  Class: sky130_fd_pr__pfet_01v8_hvt instances:  13
  Class: sky130_fd_pr__nfet_01v8 instances:   9
  Class: sky130_fd_pr__special_nfet_01v8 instances:   4
Circuit contains 18 nets.
Contents of circuit 2:  Circuit: 'sky130_fd_sc_hd__dfxtp_2'
Circuit sky130_fd_sc_hd__dfxtp_2 contains 26 device instances.
  Class: sky130_fd_pr__pfet_01v8_hvt instances:  13
  Class: sky130_fd_pr__nfet_01v8 instances:   9
  Class: sky130_fd_pr__special_nfet_01v8 instances:   4
Circuit contains 18 nets.

Circuit was modified by parallel/series device merging.
New circuit summary:

Contents of circuit 1:  Circuit: 'sky130_fd_sc_hd__dfxtp_2'
Circuit sky130_fd_sc_hd__dfxtp_2 contains 24 device instances.
  Class: sky130_fd_pr__pfet_01v8_hvt instances:  12
  Class: sky130_fd_pr__nfet_01v8 instances:   8
  Class: sky130_fd_pr__special_nfet_01v8 instances:   4
Circuit contains 18 nets.
Contents of circuit 2:  Circuit: 'sky130_fd_sc_hd__dfxtp_2'
Circuit sky130_fd_sc_hd__dfxtp_2 contains 24 device instances.
  Class: sky130_fd_pr__pfet_01v8_hvt instances:  12
  Class: sky130_fd_pr__nfet_01v8 instances:   8
  Class: sky130_fd_pr__special_nfet_01v8 instances:   4
Circuit contains 18 nets.

Circuit 1 contains 24 devices, Circuit 2 contains 24 devices.
Circuit 1 contains 18 nets,    Circuit 2 contains 18 nets.


Contents of circuit 1:  Circuit: 'sky130_fd_sc_hd__buf_8'
Circuit sky130_fd_sc_hd__buf_8 contains 22 device instances.
  Class: sky130_fd_pr__pfet_01v8_hvt instances:  11
  Class: sky130_fd_pr__nfet_01v8 instances:  11
Circuit contains 7 nets.
Contents of circuit 2:  Circuit: 'sky130_fd_sc_hd__buf_8'
Circuit sky130_fd_sc_hd__buf_8 contains 22 device instances.
  Class: sky130_fd_pr__pfet_01v8_hvt instances:  11
  Class: sky130_fd_pr__nfet_01v8 instances:  11
Circuit contains 7 nets.

Circuit was modified by parallel/series device merging.
New circuit summary:

Contents of circuit 1:  Circuit: 'sky130_fd_sc_hd__buf_8'
Circuit sky130_fd_sc_hd__buf_8 contains 4 device instances.
  Class: sky130_fd_pr__pfet_01v8_hvt instances:   2
  Class: sky130_fd_pr__nfet_01v8 instances:   2
Circuit contains 7 nets.
Contents of circuit 2:  Circuit: 'sky130_fd_sc_hd__buf_8'
Circuit sky130_fd_sc_hd__buf_8 contains 4 device instances.
  Class: sky130_fd_pr__pfet_01v8_hvt instances:   2
  Class: sky130_fd_pr__nfet_01v8 instances:   2
Circuit contains 7 nets.

Circuit 1 contains 4 devices, Circuit 2 contains 4 devices.
Circuit 1 contains 7 nets,    Circuit 2 contains 7 nets.


Contents of circuit 1:  Circuit: 'sky130_fd_sc_hd__xnor2_1'
Circuit sky130_fd_sc_hd__xnor2_1 contains 10 device instances.
  Class: sky130_fd_pr__pfet_01v8_hvt instances:   5
  Class: sky130_fd_pr__nfet_01v8 instances:   5
Circuit contains 11 nets.
Contents of circuit 2:  Circuit: 'sky130_fd_sc_hd__xnor2_1'
Circuit sky130_fd_sc_hd__xnor2_1 contains 10 device instances.
  Class: sky130_fd_pr__pfet_01v8_hvt instances:   5
  Class: sky130_fd_pr__nfet_01v8 instances:   5
Circuit contains 11 nets.

Circuit 1 contains 10 devices, Circuit 2 contains 10 devices.
Circuit 1 contains 11 nets,    Circuit 2 contains 11 nets.


Contents of circuit 1:  Circuit: 'sky130_fd_sc_hd__dfxtp_1'
Circuit sky130_fd_sc_hd__dfxtp_1 contains 24 device instances.
  Class: sky130_fd_pr__pfet_01v8_hvt instances:  12
  Class: sky130_fd_pr__nfet_01v8 instances:   8
  Class: sky130_fd_pr__special_nfet_01v8 instances:   4
Circuit contains 18 nets.
Contents of circuit 2:  Circuit: 'sky130_fd_sc_hd__dfxtp_1'
Circuit sky130_fd_sc_hd__dfxtp_1 contains 24 device instances.
  Class: sky130_fd_pr__pfet_01v8_hvt instances:  12
  Class: sky130_fd_pr__nfet_01v8 instances:   8
  Class: sky130_fd_pr__special_nfet_01v8 instances:   4
Circuit contains 18 nets.

Circuit 1 contains 24 devices, Circuit 2 contains 24 devices.
Circuit 1 contains 18 nets,    Circuit 2 contains 18 nets.


Contents of circuit 1:  Circuit: 'sky130_fd_sc_hd__clkbuf_16'
Circuit sky130_fd_sc_hd__clkbuf_16 contains 40 device instances.
  Class: sky130_fd_pr__pfet_01v8_hvt instances:  20
  Class: sky130_fd_pr__nfet_01v8 instances:  20
Circuit contains 7 nets.
Contents of circuit 2:  Circuit: 'sky130_fd_sc_hd__clkbuf_16'
Circuit sky130_fd_sc_hd__clkbuf_16 contains 40 device instances.
  Class: sky130_fd_pr__pfet_01v8_hvt instances:  20
  Class: sky130_fd_pr__nfet_01v8 instances:  20
Circuit contains 7 nets.

Circuit was modified by parallel/series device merging.
New circuit summary:

Contents of circuit 1:  Circuit: 'sky130_fd_sc_hd__clkbuf_16'
Circuit sky130_fd_sc_hd__clkbuf_16 contains 4 device instances.
  Class: sky130_fd_pr__pfet_01v8_hvt instances:   2
  Class: sky130_fd_pr__nfet_01v8 instances:   2
Circuit contains 7 nets.
Contents of circuit 2:  Circuit: 'sky130_fd_sc_hd__clkbuf_16'
Circuit sky130_fd_sc_hd__clkbuf_16 contains 4 device instances.
  Class: sky130_fd_pr__pfet_01v8_hvt instances:   2
  Class: sky130_fd_pr__nfet_01v8 instances:   2
Circuit contains 7 nets.

Circuit 1 contains 4 devices, Circuit 2 contains 4 devices.
Circuit 1 contains 7 nets,    Circuit 2 contains 7 nets.


Contents of circuit 1:  Circuit: 'sky130_fd_sc_hd__o21a_1'
Circuit sky130_fd_sc_hd__o21a_1 contains 8 device instances.
  Class: sky130_fd_pr__pfet_01v8_hvt instances:   4
  Class: sky130_fd_pr__nfet_01v8 instances:   4
Circuit contains 11 nets.
Contents of circuit 2:  Circuit: 'sky130_fd_sc_hd__o21a_1'
Circuit sky130_fd_sc_hd__o21a_1 contains 8 device instances.
  Class: sky130_fd_pr__pfet_01v8_hvt instances:   4
  Class: sky130_fd_pr__nfet_01v8 instances:   4
Circuit contains 11 nets.

Circuit 1 contains 8 devices, Circuit 2 contains 8 devices.
Circuit 1 contains 11 nets,    Circuit 2 contains 11 nets.


Contents of circuit 1:  Circuit: 'sky130_fd_sc_hd__nor3_1'
Circuit sky130_fd_sc_hd__nor3_1 contains 6 device instances.
  Class: sky130_fd_pr__pfet_01v8_hvt instances:   3
  Class: sky130_fd_pr__nfet_01v8 instances:   3
Circuit contains 10 nets.
Contents of circuit 2:  Circuit: 'sky130_fd_sc_hd__nor3_1'
Circuit sky130_fd_sc_hd__nor3_1 contains 6 device instances.
  Class: sky130_fd_pr__pfet_01v8_hvt instances:   3
  Class: sky130_fd_pr__nfet_01v8 instances:   3
Circuit contains 10 nets.

Circuit 1 contains 6 devices, Circuit 2 contains 6 devices.
Circuit 1 contains 10 nets,    Circuit 2 contains 10 nets.


Contents of circuit 1:  Circuit: 'sky130_fd_sc_hd__clkbuf_2'
Circuit sky130_fd_sc_hd__clkbuf_2 contains 6 device instances.
  Class: sky130_fd_pr__pfet_01v8_hvt instances:   3
  Class: sky130_fd_pr__nfet_01v8 instances:   3
Circuit contains 7 nets.
Contents of circuit 2:  Circuit: 'sky130_fd_sc_hd__clkbuf_2'
Circuit sky130_fd_sc_hd__clkbuf_2 contains 6 device instances.
  Class: sky130_fd_pr__pfet_01v8_hvt instances:   3
  Class: sky130_fd_pr__nfet_01v8 instances:   3
Circuit contains 7 nets.

Circuit was modified by parallel/series device merging.
New circuit summary:

Contents of circuit 1:  Circuit: 'sky130_fd_sc_hd__clkbuf_2'
Circuit sky130_fd_sc_hd__clkbuf_2 contains 4 device instances.
  Class: sky130_fd_pr__pfet_01v8_hvt instances:   2
  Class: sky130_fd_pr__nfet_01v8 instances:   2
Circuit contains 7 nets.
Contents of circuit 2:  Circuit: 'sky130_fd_sc_hd__clkbuf_2'
Circuit sky130_fd_sc_hd__clkbuf_2 contains 4 device instances.
  Class: sky130_fd_pr__pfet_01v8_hvt instances:   2
  Class: sky130_fd_pr__nfet_01v8 instances:   2
Circuit contains 7 nets.

Circuit 1 contains 4 devices, Circuit 2 contains 4 devices.
Circuit 1 contains 7 nets,    Circuit 2 contains 7 nets.


Contents of circuit 1:  Circuit: 'sky130_fd_sc_hd__a22oi_1'
Circuit sky130_fd_sc_hd__a22oi_1 contains 8 device instances.
  Class: sky130_fd_pr__pfet_01v8_hvt instances:   4
  Class: sky130_fd_pr__nfet_01v8 instances:   4
Circuit contains 12 nets.
Contents of circuit 2:  Circuit: 'sky130_fd_sc_hd__a22oi_1'
Circuit sky130_fd_sc_hd__a22oi_1 contains 8 device instances.
  Class: sky130_fd_pr__pfet_01v8_hvt instances:   4
  Class: sky130_fd_pr__nfet_01v8 instances:   4
Circuit contains 12 nets.

Circuit 1 contains 8 devices, Circuit 2 contains 8 devices.
Circuit 1 contains 12 nets,    Circuit 2 contains 12 nets.


Contents of circuit 1:  Circuit: 'sky130_fd_sc_hd__buf_2'
Circuit sky130_fd_sc_hd__buf_2 contains 6 device instances.
  Class: sky130_fd_pr__pfet_01v8_hvt instances:   3
  Class: sky130_fd_pr__nfet_01v8 instances:   3
Circuit contains 7 nets.
Contents of circuit 2:  Circuit: 'sky130_fd_sc_hd__buf_2'
Circuit sky130_fd_sc_hd__buf_2 contains 6 device instances.
  Class: sky130_fd_pr__pfet_01v8_hvt instances:   3
  Class: sky130_fd_pr__nfet_01v8 instances:   3
Circuit contains 7 nets.

Circuit was modified by parallel/series device merging.
New circuit summary:

Contents of circuit 1:  Circuit: 'sky130_fd_sc_hd__buf_2'
Circuit sky130_fd_sc_hd__buf_2 contains 4 device instances.
  Class: sky130_fd_pr__pfet_01v8_hvt instances:   2
  Class: sky130_fd_pr__nfet_01v8 instances:   2
Circuit contains 7 nets.
Contents of circuit 2:  Circuit: 'sky130_fd_sc_hd__buf_2'
Circuit sky130_fd_sc_hd__buf_2 contains 4 device instances.
  Class: sky130_fd_pr__pfet_01v8_hvt instances:   2
  Class: sky130_fd_pr__nfet_01v8 instances:   2
Circuit contains 7 nets.

Circuit 1 contains 4 devices, Circuit 2 contains 4 devices.
Circuit 1 contains 7 nets,    Circuit 2 contains 7 nets.


Contents of circuit 1:  Circuit: 'sky130_fd_sc_hd__conb_1'
Circuit sky130_fd_sc_hd__conb_1 contains 2 device instances.
  Class: sky130_fd_pr__res_generic_po instances:   2
Circuit contains 4 nets, and 2 disconnected pins.
Contents of circuit 2:  Circuit: 'sky130_fd_sc_hd__conb_1'
Circuit sky130_fd_sc_hd__conb_1 contains 2 device instances.
  Class: sky130_fd_pr__res_generic_po instances:   2
Circuit contains 4 nets, and 2 disconnected pins.

Circuit 1 contains 2 devices, Circuit 2 contains 2 devices.
Circuit 1 contains 4 nets,    Circuit 2 contains 4 nets.


Contents of circuit 1:  Circuit: 'sky130_fd_sc_hd__nor2b_1'
Circuit sky130_fd_sc_hd__nor2b_1 contains 6 device instances.
  Class: sky130_fd_pr__pfet_01v8_hvt instances:   3
  Class: sky130_fd_pr__nfet_01v8 instances:   3
Circuit contains 9 nets.
Contents of circuit 2:  Circuit: 'sky130_fd_sc_hd__nor2b_1'
Circuit sky130_fd_sc_hd__nor2b_1 contains 6 device instances.
  Class: sky130_fd_pr__pfet_01v8_hvt instances:   3
  Class: sky130_fd_pr__nfet_01v8 instances:   3
Circuit contains 9 nets.

Circuit 1 contains 6 devices, Circuit 2 contains 6 devices.
Circuit 1 contains 9 nets,    Circuit 2 contains 9 nets.


Contents of circuit 1:  Circuit: 'sky130_fd_sc_hd__and2_1'
Circuit sky130_fd_sc_hd__and2_1 contains 6 device instances.
  Class: sky130_fd_pr__pfet_01v8_hvt instances:   3
  Class: sky130_fd_pr__nfet_01v8 instances:   3
Circuit contains 9 nets.
Contents of circuit 2:  Circuit: 'sky130_fd_sc_hd__and2_1'
Circuit sky130_fd_sc_hd__and2_1 contains 6 device instances.
  Class: sky130_fd_pr__pfet_01v8_hvt instances:   3
  Class: sky130_fd_pr__nfet_01v8 instances:   3
Circuit contains 9 nets.

Circuit 1 contains 6 devices, Circuit 2 contains 6 devices.
Circuit 1 contains 9 nets,    Circuit 2 contains 9 nets.


Contents of circuit 1:  Circuit: 'sky130_fd_sc_hd__inv_1'
Circuit sky130_fd_sc_hd__inv_1 contains 2 device instances.
  Class: sky130_fd_pr__pfet_01v8_hvt instances:   1
  Class: sky130_fd_pr__nfet_01v8 instances:   1
Circuit contains 6 nets.
Contents of circuit 2:  Circuit: 'sky130_fd_sc_hd__inv_1'
Circuit sky130_fd_sc_hd__inv_1 contains 2 device instances.
  Class: sky130_fd_pr__pfet_01v8_hvt instances:   1
  Class: sky130_fd_pr__nfet_01v8 instances:   1
Circuit contains 6 nets.

Circuit 1 contains 2 devices, Circuit 2 contains 2 devices.
Circuit 1 contains 6 nets,    Circuit 2 contains 6 nets.


Contents of circuit 1:  Circuit: 'sky130_fd_sc_hd__nand2_2'
Circuit sky130_fd_sc_hd__nand2_2 contains 8 device instances.
  Class: sky130_fd_pr__pfet_01v8_hvt instances:   4
  Class: sky130_fd_pr__nfet_01v8 instances:   4
Circuit contains 8 nets.
Contents of circuit 2:  Circuit: 'sky130_fd_sc_hd__nand2_2'
Circuit sky130_fd_sc_hd__nand2_2 contains 8 device instances.
  Class: sky130_fd_pr__pfet_01v8_hvt instances:   4
  Class: sky130_fd_pr__nfet_01v8 instances:   4
Circuit contains 8 nets.

Circuit was modified by parallel/series device merging.
New circuit summary:

Contents of circuit 1:  Circuit: 'sky130_fd_sc_hd__nand2_2'
Circuit sky130_fd_sc_hd__nand2_2 contains 4 device instances.
  Class: sky130_fd_pr__pfet_01v8_hvt instances:   2
  Class: sky130_fd_pr__nfet_01v8 instances:   2
Circuit contains 8 nets.
Contents of circuit 2:  Circuit: 'sky130_fd_sc_hd__nand2_2'
Circuit sky130_fd_sc_hd__nand2_2 contains 4 device instances.
  Class: sky130_fd_pr__pfet_01v8_hvt instances:   2
  Class: sky130_fd_pr__nfet_01v8 instances:   2
Circuit contains 8 nets.

Circuit 1 contains 4 devices, Circuit 2 contains 4 devices.
Circuit 1 contains 8 nets,    Circuit 2 contains 8 nets.


Contents of circuit 1:  Circuit: 'sky130_fd_sc_hd__mux2_2'
Circuit sky130_fd_sc_hd__mux2_2 contains 14 device instances.
  Class: sky130_fd_pr__pfet_01v8_hvt instances:   7
  Class: sky130_fd_pr__nfet_01v8 instances:   7
Circuit contains 14 nets.
Contents of circuit 2:  Circuit: 'sky130_fd_sc_hd__mux2_2'
Circuit sky130_fd_sc_hd__mux2_2 contains 14 device instances.
  Class: sky130_fd_pr__pfet_01v8_hvt instances:   7
  Class: sky130_fd_pr__nfet_01v8 instances:   7
Circuit contains 14 nets.

Circuit was modified by parallel/series device merging.
New circuit summary:

Contents of circuit 1:  Circuit: 'sky130_fd_sc_hd__mux2_2'
Circuit sky130_fd_sc_hd__mux2_2 contains 12 device instances.
  Class: sky130_fd_pr__pfet_01v8_hvt instances:   6
  Class: sky130_fd_pr__nfet_01v8 instances:   6
Circuit contains 14 nets.
Contents of circuit 2:  Circuit: 'sky130_fd_sc_hd__mux2_2'
Circuit sky130_fd_sc_hd__mux2_2 contains 12 device instances.
  Class: sky130_fd_pr__pfet_01v8_hvt instances:   6
  Class: sky130_fd_pr__nfet_01v8 instances:   6
Circuit contains 14 nets.

Circuit 1 contains 12 devices, Circuit 2 contains 12 devices.
Circuit 1 contains 14 nets,    Circuit 2 contains 14 nets.


Contents of circuit 1:  Circuit: 'sky130_fd_sc_hd__nand2_1'
Circuit sky130_fd_sc_hd__nand2_1 contains 4 device instances.
  Class: sky130_fd_pr__pfet_01v8_hvt instances:   2
  Class: sky130_fd_pr__nfet_01v8 instances:   2
Circuit contains 8 nets.
Contents of circuit 2:  Circuit: 'sky130_fd_sc_hd__nand2_1'
Circuit sky130_fd_sc_hd__nand2_1 contains 4 device instances.
  Class: sky130_fd_pr__pfet_01v8_hvt instances:   2
  Class: sky130_fd_pr__nfet_01v8 instances:   2
Circuit contains 8 nets.

Circuit 1 contains 4 devices, Circuit 2 contains 4 devices.
Circuit 1 contains 8 nets,    Circuit 2 contains 8 nets.


Contents of circuit 1:  Circuit: 'sky130_fd_sc_hd__a221oi_1'
Circuit sky130_fd_sc_hd__a221oi_1 contains 10 device instances.
  Class: sky130_fd_pr__pfet_01v8_hvt instances:   5
  Class: sky130_fd_pr__nfet_01v8 instances:   5
Circuit contains 14 nets.
Contents of circuit 2:  Circuit: 'sky130_fd_sc_hd__a221oi_1'
Circuit sky130_fd_sc_hd__a221oi_1 contains 10 device instances.
  Class: sky130_fd_pr__pfet_01v8_hvt instances:   5
  Class: sky130_fd_pr__nfet_01v8 instances:   5
Circuit contains 14 nets.

Circuit 1 contains 10 devices, Circuit 2 contains 10 devices.
Circuit 1 contains 14 nets,    Circuit 2 contains 14 nets.


Contents of circuit 1:  Circuit: 'sky130_fd_sc_hd__nor3_2'
Circuit sky130_fd_sc_hd__nor3_2 contains 12 device instances.
  Class: sky130_fd_pr__pfet_01v8_hvt instances:   6
  Class: sky130_fd_pr__nfet_01v8 instances:   6
Circuit contains 10 nets.
Contents of circuit 2:  Circuit: 'sky130_fd_sc_hd__nor3_2'
Circuit sky130_fd_sc_hd__nor3_2 contains 12 device instances.
  Class: sky130_fd_pr__pfet_01v8_hvt instances:   6
  Class: sky130_fd_pr__nfet_01v8 instances:   6
Circuit contains 10 nets.

Circuit was modified by parallel/series device merging.
New circuit summary:

Contents of circuit 1:  Circuit: 'sky130_fd_sc_hd__nor3_2'
Circuit sky130_fd_sc_hd__nor3_2 contains 6 device instances.
  Class: sky130_fd_pr__pfet_01v8_hvt instances:   3
  Class: sky130_fd_pr__nfet_01v8 instances:   3
Circuit contains 10 nets.
Contents of circuit 2:  Circuit: 'sky130_fd_sc_hd__nor3_2'
Circuit sky130_fd_sc_hd__nor3_2 contains 6 device instances.
  Class: sky130_fd_pr__pfet_01v8_hvt instances:   3
  Class: sky130_fd_pr__nfet_01v8 instances:   3
Circuit contains 10 nets.

Circuit 1 contains 6 devices, Circuit 2 contains 6 devices.
Circuit 1 contains 10 nets,    Circuit 2 contains 10 nets.


Contents of circuit 1:  Circuit: 'sky130_fd_sc_hd__or3_1'
Circuit sky130_fd_sc_hd__or3_1 contains 8 device instances.
  Class: sky130_fd_pr__pfet_01v8_hvt instances:   4
  Class: sky130_fd_pr__nfet_01v8 instances:   4
Circuit contains 11 nets.
Contents of circuit 2:  Circuit: 'sky130_fd_sc_hd__or3_1'
Circuit sky130_fd_sc_hd__or3_1 contains 8 device instances.
  Class: sky130_fd_pr__pfet_01v8_hvt instances:   4
  Class: sky130_fd_pr__nfet_01v8 instances:   4
Circuit contains 11 nets.

Circuit 1 contains 8 devices, Circuit 2 contains 8 devices.
Circuit 1 contains 11 nets,    Circuit 2 contains 11 nets.


Contents of circuit 1:  Circuit: 'sky130_fd_sc_hd__mux2i_1'
Circuit sky130_fd_sc_hd__mux2i_1 contains 10 device instances.
  Class: sky130_fd_pr__pfet_01v8_hvt instances:   5
  Class: sky130_fd_pr__nfet_01v8 instances:   5
Circuit contains 13 nets.
Contents of circuit 2:  Circuit: 'sky130_fd_sc_hd__mux2i_1'
Circuit sky130_fd_sc_hd__mux2i_1 contains 10 device instances.
  Class: sky130_fd_pr__pfet_01v8_hvt instances:   5
  Class: sky130_fd_pr__nfet_01v8 instances:   5
Circuit contains 13 nets.

Circuit 1 contains 10 devices, Circuit 2 contains 10 devices.
Circuit 1 contains 13 nets,    Circuit 2 contains 13 nets.


Contents of circuit 1:  Circuit: 'sky130_fd_sc_hd__and3_1'
Circuit sky130_fd_sc_hd__and3_1 contains 8 device instances.
  Class: sky130_fd_pr__pfet_01v8_hvt instances:   4
  Class: sky130_fd_pr__nfet_01v8 instances:   4
Circuit contains 11 nets.
Contents of circuit 2:  Circuit: 'sky130_fd_sc_hd__and3_1'
Circuit sky130_fd_sc_hd__and3_1 contains 8 device instances.
  Class: sky130_fd_pr__pfet_01v8_hvt instances:   4
  Class: sky130_fd_pr__nfet_01v8 instances:   4
Circuit contains 11 nets.

Circuit 1 contains 8 devices, Circuit 2 contains 8 devices.
Circuit 1 contains 11 nets,    Circuit 2 contains 11 nets.


Contents of circuit 1:  Circuit: 'sky130_fd_sc_hd__o21bai_1'
Circuit sky130_fd_sc_hd__o21bai_1 contains 8 device instances.
  Class: sky130_fd_pr__pfet_01v8_hvt instances:   4
  Class: sky130_fd_pr__nfet_01v8 instances:   4
Circuit contains 11 nets.
Contents of circuit 2:  Circuit: 'sky130_fd_sc_hd__o21bai_1'
Circuit sky130_fd_sc_hd__o21bai_1 contains 8 device instances.
  Class: sky130_fd_pr__pfet_01v8_hvt instances:   4
  Class: sky130_fd_pr__nfet_01v8 instances:   4
Circuit contains 11 nets.

Circuit 1 contains 8 devices, Circuit 2 contains 8 devices.
Circuit 1 contains 11 nets,    Circuit 2 contains 11 nets.


Contents of circuit 1:  Circuit: 'sky130_fd_sc_hd__clkbuf_4'
Circuit sky130_fd_sc_hd__clkbuf_4 contains 10 device instances.
  Class: sky130_fd_pr__pfet_01v8_hvt instances:   5
  Class: sky130_fd_pr__nfet_01v8 instances:   5
Circuit contains 7 nets.
Contents of circuit 2:  Circuit: 'sky130_fd_sc_hd__clkbuf_4'
Circuit sky130_fd_sc_hd__clkbuf_4 contains 10 device instances.
  Class: sky130_fd_pr__pfet_01v8_hvt instances:   5
  Class: sky130_fd_pr__nfet_01v8 instances:   5
Circuit contains 7 nets.

Circuit was modified by parallel/series device merging.
New circuit summary:

Contents of circuit 1:  Circuit: 'sky130_fd_sc_hd__clkbuf_4'
Circuit sky130_fd_sc_hd__clkbuf_4 contains 4 device instances.
  Class: sky130_fd_pr__pfet_01v8_hvt instances:   2
  Class: sky130_fd_pr__nfet_01v8 instances:   2
Circuit contains 7 nets.
Contents of circuit 2:  Circuit: 'sky130_fd_sc_hd__clkbuf_4'
Circuit sky130_fd_sc_hd__clkbuf_4 contains 4 device instances.
  Class: sky130_fd_pr__pfet_01v8_hvt instances:   2
  Class: sky130_fd_pr__nfet_01v8 instances:   2
Circuit contains 7 nets.

Circuit 1 contains 4 devices, Circuit 2 contains 4 devices.
Circuit 1 contains 7 nets,    Circuit 2 contains 7 nets.


Contents of circuit 1:  Circuit: 'sky130_fd_sc_hd__nand4_1'
Circuit sky130_fd_sc_hd__nand4_1 contains 8 device instances.
  Class: sky130_fd_pr__pfet_01v8_hvt instances:   4
  Class: sky130_fd_pr__nfet_01v8 instances:   4
Circuit contains 12 nets.
Contents of circuit 2:  Circuit: 'sky130_fd_sc_hd__nand4_1'
Circuit sky130_fd_sc_hd__nand4_1 contains 8 device instances.
  Class: sky130_fd_pr__pfet_01v8_hvt instances:   4
  Class: sky130_fd_pr__nfet_01v8 instances:   4
Circuit contains 12 nets.

Circuit 1 contains 8 devices, Circuit 2 contains 8 devices.
Circuit 1 contains 12 nets,    Circuit 2 contains 12 nets.


Contents of circuit 1:  Circuit: 'sky130_fd_sc_hd__a32oi_1'
Circuit sky130_fd_sc_hd__a32oi_1 contains 10 device instances.
  Class: sky130_fd_pr__pfet_01v8_hvt instances:   5
  Class: sky130_fd_pr__nfet_01v8 instances:   5
Circuit contains 14 nets.
Contents of circuit 2:  Circuit: 'sky130_fd_sc_hd__a32oi_1'
Circuit sky130_fd_sc_hd__a32oi_1 contains 10 device instances.
  Class: sky130_fd_pr__pfet_01v8_hvt instances:   5
  Class: sky130_fd_pr__nfet_01v8 instances:   5
Circuit contains 14 nets.

Circuit 1 contains 10 devices, Circuit 2 contains 10 devices.
Circuit 1 contains 14 nets,    Circuit 2 contains 14 nets.


Contents of circuit 1:  Circuit: 'sky130_fd_sc_hd__a222oi_1'
Circuit sky130_fd_sc_hd__a222oi_1 contains 12 device instances.
  Class: sky130_fd_pr__pfet_01v8_hvt instances:   6
  Class: sky130_fd_pr__nfet_01v8 instances:   6
Circuit contains 16 nets.
Contents of circuit 2:  Circuit: 'sky130_fd_sc_hd__a222oi_1'
Circuit sky130_fd_sc_hd__a222oi_1 contains 12 device instances.
  Class: sky130_fd_pr__pfet_01v8_hvt instances:   6
  Class: sky130_fd_pr__nfet_01v8 instances:   6
Circuit contains 16 nets.

Circuit 1 contains 12 devices, Circuit 2 contains 12 devices.
Circuit 1 contains 16 nets,    Circuit 2 contains 16 nets.


Contents of circuit 1:  Circuit: 'sky130_fd_sc_hd__a21oi_2'
Circuit sky130_fd_sc_hd__a21oi_2 contains 12 device instances.
  Class: sky130_fd_pr__pfet_01v8_hvt instances:   6
  Class: sky130_fd_pr__nfet_01v8 instances:   6
Circuit contains 11 nets.
Contents of circuit 2:  Circuit: 'sky130_fd_sc_hd__a21oi_2'
Circuit sky130_fd_sc_hd__a21oi_2 contains 12 device instances.
  Class: sky130_fd_pr__pfet_01v8_hvt instances:   6
  Class: sky130_fd_pr__nfet_01v8 instances:   6
Circuit contains 11 nets.

Circuit was modified by parallel/series device merging.
New circuit summary:

Contents of circuit 1:  Circuit: 'sky130_fd_sc_hd__a21oi_2'
Circuit sky130_fd_sc_hd__a21oi_2 contains 8 device instances.
  Class: sky130_fd_pr__pfet_01v8_hvt instances:   3
  Class: sky130_fd_pr__nfet_01v8 instances:   5
Circuit contains 11 nets.
Contents of circuit 2:  Circuit: 'sky130_fd_sc_hd__a21oi_2'
Circuit sky130_fd_sc_hd__a21oi_2 contains 8 device instances.
  Class: sky130_fd_pr__pfet_01v8_hvt instances:   3
  Class: sky130_fd_pr__nfet_01v8 instances:   5
Circuit contains 11 nets.

Circuit 1 contains 8 devices, Circuit 2 contains 8 devices.
Circuit 1 contains 11 nets,    Circuit 2 contains 11 nets.


Contents of circuit 1:  Circuit: 'sky130_fd_sc_hd__a221o_2'
Circuit sky130_fd_sc_hd__a221o_2 contains 14 device instances.
  Class: sky130_fd_pr__pfet_01v8_hvt instances:   7
  Class: sky130_fd_pr__nfet_01v8 instances:   7
Circuit contains 15 nets.
Contents of circuit 2:  Circuit: 'sky130_fd_sc_hd__a221o_2'
Circuit sky130_fd_sc_hd__a221o_2 contains 14 device instances.
  Class: sky130_fd_pr__pfet_01v8_hvt instances:   7
  Class: sky130_fd_pr__nfet_01v8 instances:   7
Circuit contains 15 nets.

Circuit was modified by parallel/series device merging.
New circuit summary:

Contents of circuit 1:  Circuit: 'sky130_fd_sc_hd__a221o_2'
Circuit sky130_fd_sc_hd__a221o_2 contains 12 device instances.
  Class: sky130_fd_pr__pfet_01v8_hvt instances:   6
  Class: sky130_fd_pr__nfet_01v8 instances:   6
Circuit contains 15 nets.
Contents of circuit 2:  Circuit: 'sky130_fd_sc_hd__a221o_2'
Circuit sky130_fd_sc_hd__a221o_2 contains 12 device instances.
  Class: sky130_fd_pr__pfet_01v8_hvt instances:   6
  Class: sky130_fd_pr__nfet_01v8 instances:   6
Circuit contains 15 nets.

Circuit 1 contains 12 devices, Circuit 2 contains 12 devices.
Circuit 1 contains 15 nets,    Circuit 2 contains 15 nets.


Contents of circuit 1:  Circuit: 'sky130_fd_sc_hd__xnor2_2'
Circuit sky130_fd_sc_hd__xnor2_2 contains 20 device instances.
  Class: sky130_fd_pr__pfet_01v8_hvt instances:  10
  Class: sky130_fd_pr__nfet_01v8 instances:  10
Circuit contains 11 nets.
Contents of circuit 2:  Circuit: 'sky130_fd_sc_hd__xnor2_2'
Circuit sky130_fd_sc_hd__xnor2_2 contains 20 device instances.
  Class: sky130_fd_pr__pfet_01v8_hvt instances:  10
  Class: sky130_fd_pr__nfet_01v8 instances:  10
Circuit contains 11 nets.

Circuit was modified by parallel/series device merging.
New circuit summary:

Contents of circuit 1:  Circuit: 'sky130_fd_sc_hd__xnor2_2'
Circuit sky130_fd_sc_hd__xnor2_2 contains 10 device instances.
  Class: sky130_fd_pr__pfet_01v8_hvt instances:   5
  Class: sky130_fd_pr__nfet_01v8 instances:   5
Circuit contains 11 nets.
Contents of circuit 2:  Circuit: 'sky130_fd_sc_hd__xnor2_2'
Circuit sky130_fd_sc_hd__xnor2_2 contains 10 device instances.
  Class: sky130_fd_pr__pfet_01v8_hvt instances:   5
  Class: sky130_fd_pr__nfet_01v8 instances:   5
Circuit contains 11 nets.

Circuit 1 contains 10 devices, Circuit 2 contains 10 devices.
Circuit 1 contains 11 nets,    Circuit 2 contains 11 nets.


Contents of circuit 1:  Circuit: 'sky130_fd_sc_hd__dfrtp_4'
Circuit sky130_fd_sc_hd__dfrtp_4 contains 34 device instances.
  Class: sky130_fd_pr__pfet_01v8_hvt instances:  17
  Class: sky130_fd_pr__nfet_01v8 instances:  13
  Class: sky130_fd_pr__special_nfet_01v8 instances:   4
Circuit contains 21 nets.
Contents of circuit 2:  Circuit: 'sky130_fd_sc_hd__dfrtp_4'
Circuit sky130_fd_sc_hd__dfrtp_4 contains 34 device instances.
  Class: sky130_fd_pr__pfet_01v8_hvt instances:  17
  Class: sky130_fd_pr__nfet_01v8 instances:  13
  Class: sky130_fd_pr__special_nfet_01v8 instances:   4
Circuit contains 21 nets.

Circuit was modified by parallel/series device merging.
New circuit summary:

Contents of circuit 1:  Circuit: 'sky130_fd_sc_hd__dfrtp_4'
Circuit sky130_fd_sc_hd__dfrtp_4 contains 28 device instances.
  Class: sky130_fd_pr__pfet_01v8_hvt instances:  14
  Class: sky130_fd_pr__nfet_01v8 instances:  10
  Class: sky130_fd_pr__special_nfet_01v8 instances:   4
Circuit contains 21 nets.
Contents of circuit 2:  Circuit: 'sky130_fd_sc_hd__dfrtp_4'
Circuit sky130_fd_sc_hd__dfrtp_4 contains 28 device instances.
  Class: sky130_fd_pr__pfet_01v8_hvt instances:  14
  Class: sky130_fd_pr__nfet_01v8 instances:  10
  Class: sky130_fd_pr__special_nfet_01v8 instances:   4
Circuit contains 21 nets.

Circuit 1 contains 28 devices, Circuit 2 contains 28 devices.
Circuit 1 contains 21 nets,    Circuit 2 contains 21 nets.


Contents of circuit 1:  Circuit: 'sky130_fd_sc_hd__nor4_1'
Circuit sky130_fd_sc_hd__nor4_1 contains 8 device instances.
  Class: sky130_fd_pr__pfet_01v8_hvt instances:   4
  Class: sky130_fd_pr__nfet_01v8 instances:   4
Circuit contains 12 nets.
Contents of circuit 2:  Circuit: 'sky130_fd_sc_hd__nor4_1'
Circuit sky130_fd_sc_hd__nor4_1 contains 8 device instances.
  Class: sky130_fd_pr__pfet_01v8_hvt instances:   4
  Class: sky130_fd_pr__nfet_01v8 instances:   4
Circuit contains 12 nets.

Circuit 1 contains 8 devices, Circuit 2 contains 8 devices.
Circuit 1 contains 12 nets,    Circuit 2 contains 12 nets.


Contents of circuit 1:  Circuit: 'sky130_fd_sc_hd__nor4_2'
Circuit sky130_fd_sc_hd__nor4_2 contains 16 device instances.
  Class: sky130_fd_pr__pfet_01v8_hvt instances:   8
  Class: sky130_fd_pr__nfet_01v8 instances:   8
Circuit contains 12 nets.
Contents of circuit 2:  Circuit: 'sky130_fd_sc_hd__nor4_2'
Circuit sky130_fd_sc_hd__nor4_2 contains 16 device instances.
  Class: sky130_fd_pr__pfet_01v8_hvt instances:   8
  Class: sky130_fd_pr__nfet_01v8 instances:   8
Circuit contains 12 nets.

Circuit was modified by parallel/series device merging.
New circuit summary:

Contents of circuit 1:  Circuit: 'sky130_fd_sc_hd__nor4_2'
Circuit sky130_fd_sc_hd__nor4_2 contains 8 device instances.
  Class: sky130_fd_pr__pfet_01v8_hvt instances:   4
  Class: sky130_fd_pr__nfet_01v8 instances:   4
Circuit contains 12 nets.
Contents of circuit 2:  Circuit: 'sky130_fd_sc_hd__nor4_2'
Circuit sky130_fd_sc_hd__nor4_2 contains 8 device instances.
  Class: sky130_fd_pr__pfet_01v8_hvt instances:   4
  Class: sky130_fd_pr__nfet_01v8 instances:   4
Circuit contains 12 nets.

Circuit 1 contains 8 devices, Circuit 2 contains 8 devices.
Circuit 1 contains 12 nets,    Circuit 2 contains 12 nets.


Contents of circuit 1:  Circuit: 'sky130_fd_sc_hd__clkbuf_1'
Circuit sky130_fd_sc_hd__clkbuf_1 contains 4 device instances.
  Class: sky130_fd_pr__pfet_01v8_hvt instances:   2
  Class: sky130_fd_pr__nfet_01v8 instances:   2
Circuit contains 7 nets.
Contents of circuit 2:  Circuit: 'sky130_fd_sc_hd__clkbuf_1'
Circuit sky130_fd_sc_hd__clkbuf_1 contains 4 device instances.
  Class: sky130_fd_pr__pfet_01v8_hvt instances:   2
  Class: sky130_fd_pr__nfet_01v8 instances:   2
Circuit contains 7 nets.

Circuit 1 contains 4 devices, Circuit 2 contains 4 devices.
Circuit 1 contains 7 nets,    Circuit 2 contains 7 nets.


Contents of circuit 1:  Circuit: 'sky130_fd_sc_hd__a22oi_2'
Circuit sky130_fd_sc_hd__a22oi_2 contains 16 device instances.
  Class: sky130_fd_pr__pfet_01v8_hvt instances:   8
  Class: sky130_fd_pr__nfet_01v8 instances:   8
Circuit contains 12 nets.
Contents of circuit 2:  Circuit: 'sky130_fd_sc_hd__a22oi_2'
Circuit sky130_fd_sc_hd__a22oi_2 contains 16 device instances.
  Class: sky130_fd_pr__pfet_01v8_hvt instances:   8
  Class: sky130_fd_pr__nfet_01v8 instances:   8
Circuit contains 12 nets.

Circuit was modified by parallel/series device merging.
New circuit summary:

Contents of circuit 1:  Circuit: 'sky130_fd_sc_hd__a22oi_2'
Circuit sky130_fd_sc_hd__a22oi_2 contains 8 device instances.
  Class: sky130_fd_pr__pfet_01v8_hvt instances:   4
  Class: sky130_fd_pr__nfet_01v8 instances:   4
Circuit contains 12 nets.
Contents of circuit 2:  Circuit: 'sky130_fd_sc_hd__a22oi_2'
Circuit sky130_fd_sc_hd__a22oi_2 contains 8 device instances.
  Class: sky130_fd_pr__pfet_01v8_hvt instances:   4
  Class: sky130_fd_pr__nfet_01v8 instances:   4
Circuit contains 12 nets.

Circuit 1 contains 8 devices, Circuit 2 contains 8 devices.
Circuit 1 contains 12 nets,    Circuit 2 contains 12 nets.


Contents of circuit 1:  Circuit: 'sky130_fd_sc_hd__inv_2'
Circuit sky130_fd_sc_hd__inv_2 contains 4 device instances.
  Class: sky130_fd_pr__pfet_01v8_hvt instances:   2
  Class: sky130_fd_pr__nfet_01v8 instances:   2
Circuit contains 6 nets.
Contents of circuit 2:  Circuit: 'sky130_fd_sc_hd__inv_2'
Circuit sky130_fd_sc_hd__inv_2 contains 4 device instances.
  Class: sky130_fd_pr__pfet_01v8_hvt instances:   2
  Class: sky130_fd_pr__nfet_01v8 instances:   2
Circuit contains 6 nets.

Circuit was modified by parallel/series device merging.
New circuit summary:

Contents of circuit 1:  Circuit: 'sky130_fd_sc_hd__inv_2'
Circuit sky130_fd_sc_hd__inv_2 contains 2 device instances.
  Class: sky130_fd_pr__pfet_01v8_hvt instances:   1
  Class: sky130_fd_pr__nfet_01v8 instances:   1
Circuit contains 6 nets.
Contents of circuit 2:  Circuit: 'sky130_fd_sc_hd__inv_2'
Circuit sky130_fd_sc_hd__inv_2 contains 2 device instances.
  Class: sky130_fd_pr__pfet_01v8_hvt instances:   1
  Class: sky130_fd_pr__nfet_01v8 instances:   1
Circuit contains 6 nets.

Circuit 1 contains 2 devices, Circuit 2 contains 2 devices.
Circuit 1 contains 6 nets,    Circuit 2 contains 6 nets.


Contents of circuit 1:  Circuit: 'sky130_fd_sc_hd__o21ai_4'
Circuit sky130_fd_sc_hd__o21ai_4 contains 24 device instances.
  Class: sky130_fd_pr__pfet_01v8_hvt instances:  12
  Class: sky130_fd_pr__nfet_01v8 instances:  12
Circuit contains 10 nets.
Contents of circuit 2:  Circuit: 'sky130_fd_sc_hd__o21ai_4'
Circuit sky130_fd_sc_hd__o21ai_4 contains 24 device instances.
  Class: sky130_fd_pr__pfet_01v8_hvt instances:  12
  Class: sky130_fd_pr__nfet_01v8 instances:  12
Circuit contains 10 nets.

Circuit was modified by parallel/series device merging.
New circuit summary:

Contents of circuit 1:  Circuit: 'sky130_fd_sc_hd__o21ai_4'
Circuit sky130_fd_sc_hd__o21ai_4 contains 6 device instances.
  Class: sky130_fd_pr__pfet_01v8_hvt instances:   3
  Class: sky130_fd_pr__nfet_01v8 instances:   3
Circuit contains 10 nets.
Contents of circuit 2:  Circuit: 'sky130_fd_sc_hd__o21ai_4'
Circuit sky130_fd_sc_hd__o21ai_4 contains 6 device instances.
  Class: sky130_fd_pr__pfet_01v8_hvt instances:   3
  Class: sky130_fd_pr__nfet_01v8 instances:   3
Circuit contains 10 nets.

Circuit 1 contains 6 devices, Circuit 2 contains 6 devices.
Circuit 1 contains 10 nets,    Circuit 2 contains 10 nets.


Contents of circuit 1:  Circuit: 'sky130_fd_sc_hd__a221o_1'
Circuit sky130_fd_sc_hd__a221o_1 contains 12 device instances.
  Class: sky130_fd_pr__pfet_01v8_hvt instances:   6
  Class: sky130_fd_pr__nfet_01v8 instances:   6
Circuit contains 15 nets.
Contents of circuit 2:  Circuit: 'sky130_fd_sc_hd__a221o_1'
Circuit sky130_fd_sc_hd__a221o_1 contains 12 device instances.
  Class: sky130_fd_pr__pfet_01v8_hvt instances:   6
  Class: sky130_fd_pr__nfet_01v8 instances:   6
Circuit contains 15 nets.

Circuit 1 contains 12 devices, Circuit 2 contains 12 devices.
Circuit 1 contains 15 nets,    Circuit 2 contains 15 nets.


Contents of circuit 1:  Circuit: 'sky130_fd_sc_hd__o2111ai_1'
Circuit sky130_fd_sc_hd__o2111ai_1 contains 10 device instances.
  Class: sky130_fd_pr__pfet_01v8_hvt instances:   5
  Class: sky130_fd_pr__nfet_01v8 instances:   5
Circuit contains 14 nets.
Contents of circuit 2:  Circuit: 'sky130_fd_sc_hd__o2111ai_1'
Circuit sky130_fd_sc_hd__o2111ai_1 contains 10 device instances.
  Class: sky130_fd_pr__pfet_01v8_hvt instances:   5
  Class: sky130_fd_pr__nfet_01v8 instances:   5
Circuit contains 14 nets.

Circuit 1 contains 10 devices, Circuit 2 contains 10 devices.
Circuit 1 contains 14 nets,    Circuit 2 contains 14 nets.


Contents of circuit 1:  Circuit: 'sky130_fd_sc_hd__dfrtp_1'
Circuit sky130_fd_sc_hd__dfrtp_1 contains 28 device instances.
  Class: sky130_fd_pr__pfet_01v8_hvt instances:  14
  Class: sky130_fd_pr__nfet_01v8 instances:  10
  Class: sky130_fd_pr__special_nfet_01v8 instances:   4
Circuit contains 21 nets.
Contents of circuit 2:  Circuit: 'sky130_fd_sc_hd__dfrtp_1'
Circuit sky130_fd_sc_hd__dfrtp_1 contains 28 device instances.
  Class: sky130_fd_pr__pfet_01v8_hvt instances:  14
  Class: sky130_fd_pr__nfet_01v8 instances:  10
  Class: sky130_fd_pr__special_nfet_01v8 instances:   4
Circuit contains 21 nets.

Circuit 1 contains 28 devices, Circuit 2 contains 28 devices.
Circuit 1 contains 21 nets,    Circuit 2 contains 21 nets.


Contents of circuit 1:  Circuit: 'sky130_fd_sc_hd__o22ai_1'
Circuit sky130_fd_sc_hd__o22ai_1 contains 8 device instances.
  Class: sky130_fd_pr__pfet_01v8_hvt instances:   4
  Class: sky130_fd_pr__nfet_01v8 instances:   4
Circuit contains 12 nets.
Contents of circuit 2:  Circuit: 'sky130_fd_sc_hd__o22ai_1'
Circuit sky130_fd_sc_hd__o22ai_1 contains 8 device instances.
  Class: sky130_fd_pr__pfet_01v8_hvt instances:   4
  Class: sky130_fd_pr__nfet_01v8 instances:   4
Circuit contains 12 nets.

Circuit 1 contains 8 devices, Circuit 2 contains 8 devices.
Circuit 1 contains 12 nets,    Circuit 2 contains 12 nets.


Contents of circuit 1:  Circuit: 'sky130_fd_sc_hd__o21bai_2'
Circuit sky130_fd_sc_hd__o21bai_2 contains 14 device instances.
  Class: sky130_fd_pr__pfet_01v8_hvt instances:   7
  Class: sky130_fd_pr__nfet_01v8 instances:   7
Circuit contains 11 nets.
Contents of circuit 2:  Circuit: 'sky130_fd_sc_hd__o21bai_2'
Circuit sky130_fd_sc_hd__o21bai_2 contains 14 device instances.
  Class: sky130_fd_pr__pfet_01v8_hvt instances:   7
  Class: sky130_fd_pr__nfet_01v8 instances:   7
Circuit contains 11 nets.

Circuit was modified by parallel/series device merging.
New circuit summary:

Contents of circuit 1:  Circuit: 'sky130_fd_sc_hd__o21bai_2'
Circuit sky130_fd_sc_hd__o21bai_2 contains 8 device instances.
  Class: sky130_fd_pr__pfet_01v8_hvt instances:   4
  Class: sky130_fd_pr__nfet_01v8 instances:   4
Circuit contains 11 nets.
Contents of circuit 2:  Circuit: 'sky130_fd_sc_hd__o21bai_2'
Circuit sky130_fd_sc_hd__o21bai_2 contains 8 device instances.
  Class: sky130_fd_pr__pfet_01v8_hvt instances:   4
  Class: sky130_fd_pr__nfet_01v8 instances:   4
Circuit contains 11 nets.

Circuit 1 contains 8 devices, Circuit 2 contains 8 devices.
Circuit 1 contains 11 nets,    Circuit 2 contains 11 nets.


Contents of circuit 1:  Circuit: 'core_tile'
Circuit core_tile contains 0 device instances.
Circuit contains 0 nets, and 120 disconnected pins.
Contents of circuit 2:  Circuit: 'core_tile'
Circuit core_tile contains 0 device instances.
Circuit contains 0 nets.

Circuit core_tile contains no devices.

Contents of circuit 1:  Circuit: 'sky130_fd_sc_hd__nand2b_1'
Circuit sky130_fd_sc_hd__nand2b_1 contains 6 device instances.
  Class: sky130_fd_pr__pfet_01v8_hvt instances:   3
  Class: sky130_fd_pr__nfet_01v8 instances:   3
Circuit contains 9 nets.
Contents of circuit 2:  Circuit: 'sky130_fd_sc_hd__nand2b_1'
Circuit sky130_fd_sc_hd__nand2b_1 contains 6 device instances.
  Class: sky130_fd_pr__pfet_01v8_hvt instances:   3
  Class: sky130_fd_pr__nfet_01v8 instances:   3
Circuit contains 9 nets.

Circuit 1 contains 6 devices, Circuit 2 contains 6 devices.
Circuit 1 contains 9 nets,    Circuit 2 contains 9 nets.


Contents of circuit 1:  Circuit: 'sky130_fd_sc_hd__a22o_1'
Circuit sky130_fd_sc_hd__a22o_1 contains 10 device instances.
  Class: sky130_fd_pr__pfet_01v8_hvt instances:   5
  Class: sky130_fd_pr__nfet_01v8 instances:   5
Circuit contains 13 nets.
Contents of circuit 2:  Circuit: 'sky130_fd_sc_hd__a22o_1'
Circuit sky130_fd_sc_hd__a22o_1 contains 10 device instances.
  Class: sky130_fd_pr__pfet_01v8_hvt instances:   5
  Class: sky130_fd_pr__nfet_01v8 instances:   5
Circuit contains 13 nets.

Circuit 1 contains 10 devices, Circuit 2 contains 10 devices.
Circuit 1 contains 13 nets,    Circuit 2 contains 13 nets.


Contents of circuit 1:  Circuit: 'sky130_fd_sc_hd__nor4bb_1'
Circuit sky130_fd_sc_hd__nor4bb_1 contains 12 device instances.
  Class: sky130_fd_pr__pfet_01v8_hvt instances:   6
  Class: sky130_fd_pr__nfet_01v8 instances:   6
Circuit contains 14 nets.
Contents of circuit 2:  Circuit: 'sky130_fd_sc_hd__nor4bb_1'
Circuit sky130_fd_sc_hd__nor4bb_1 contains 12 device instances.
  Class: sky130_fd_pr__pfet_01v8_hvt instances:   6
  Class: sky130_fd_pr__nfet_01v8 instances:   6
Circuit contains 14 nets.

Circuit 1 contains 12 devices, Circuit 2 contains 12 devices.
Circuit 1 contains 14 nets,    Circuit 2 contains 14 nets.


Contents of circuit 1:  Circuit: 'sky130_fd_sc_hd__a211o_1'
Circuit sky130_fd_sc_hd__a211o_1 contains 10 device instances.
  Class: sky130_fd_pr__pfet_01v8_hvt instances:   5
  Class: sky130_fd_pr__nfet_01v8 instances:   5
Circuit contains 13 nets.
Contents of circuit 2:  Circuit: 'sky130_fd_sc_hd__a211o_1'
Circuit sky130_fd_sc_hd__a211o_1 contains 10 device instances.
  Class: sky130_fd_pr__pfet_01v8_hvt instances:   5
  Class: sky130_fd_pr__nfet_01v8 instances:   5
Circuit contains 13 nets.

Circuit 1 contains 10 devices, Circuit 2 contains 10 devices.
Circuit 1 contains 13 nets,    Circuit 2 contains 13 nets.


Contents of circuit 1:  Circuit: 'sky130_fd_sc_hd__or2_1'
Circuit sky130_fd_sc_hd__or2_1 contains 6 device instances.
  Class: sky130_fd_pr__pfet_01v8_hvt instances:   3
  Class: sky130_fd_pr__nfet_01v8 instances:   3
Circuit contains 9 nets.
Contents of circuit 2:  Circuit: 'sky130_fd_sc_hd__or2_1'
Circuit sky130_fd_sc_hd__or2_1 contains 6 device instances.
  Class: sky130_fd_pr__pfet_01v8_hvt instances:   3
  Class: sky130_fd_pr__nfet_01v8 instances:   3
Circuit contains 9 nets.

Circuit 1 contains 6 devices, Circuit 2 contains 6 devices.
Circuit 1 contains 9 nets,    Circuit 2 contains 9 nets.


Contents of circuit 1:  Circuit: 'sky130_fd_sc_hd__xor2_2'
Circuit sky130_fd_sc_hd__xor2_2 contains 20 device instances.
  Class: sky130_fd_pr__pfet_01v8_hvt instances:  10
  Class: sky130_fd_pr__nfet_01v8 instances:  10
Circuit contains 11 nets.
Contents of circuit 2:  Circuit: 'sky130_fd_sc_hd__xor2_2'
Circuit sky130_fd_sc_hd__xor2_2 contains 20 device instances.
  Class: sky130_fd_pr__pfet_01v8_hvt instances:  10
  Class: sky130_fd_pr__nfet_01v8 instances:  10
Circuit contains 11 nets.

Circuit was modified by parallel/series device merging.
New circuit summary:

Contents of circuit 1:  Circuit: 'sky130_fd_sc_hd__xor2_2'
Circuit sky130_fd_sc_hd__xor2_2 contains 10 device instances.
  Class: sky130_fd_pr__pfet_01v8_hvt instances:   5
  Class: sky130_fd_pr__nfet_01v8 instances:   5
Circuit contains 11 nets.
Contents of circuit 2:  Circuit: 'sky130_fd_sc_hd__xor2_2'
Circuit sky130_fd_sc_hd__xor2_2 contains 10 device instances.
  Class: sky130_fd_pr__pfet_01v8_hvt instances:   5
  Class: sky130_fd_pr__nfet_01v8 instances:   5
Circuit contains 11 nets.

Circuit 1 contains 10 devices, Circuit 2 contains 10 devices.
Circuit 1 contains 11 nets,    Circuit 2 contains 11 nets.


Contents of circuit 1:  Circuit: 'sky130_fd_sc_hd__a32o_1'
Circuit sky130_fd_sc_hd__a32o_1 contains 12 device instances.
  Class: sky130_fd_pr__pfet_01v8_hvt instances:   6
  Class: sky130_fd_pr__nfet_01v8 instances:   6
Circuit contains 15 nets.
Contents of circuit 2:  Circuit: 'sky130_fd_sc_hd__a32o_1'
Circuit sky130_fd_sc_hd__a32o_1 contains 12 device instances.
  Class: sky130_fd_pr__pfet_01v8_hvt instances:   6
  Class: sky130_fd_pr__nfet_01v8 instances:   6
Circuit contains 15 nets.

Circuit 1 contains 12 devices, Circuit 2 contains 12 devices.
Circuit 1 contains 15 nets,    Circuit 2 contains 15 nets.


Contents of circuit 1:  Circuit: 'sky130_fd_sc_hd__bufinv_16'
Circuit sky130_fd_sc_hd__bufinv_16 contains 50 device instances.
  Class: sky130_fd_pr__pfet_01v8_hvt instances:  25
  Class: sky130_fd_pr__nfet_01v8 instances:  25
Circuit contains 8 nets.
Contents of circuit 2:  Circuit: 'sky130_fd_sc_hd__bufinv_16'
Circuit sky130_fd_sc_hd__bufinv_16 contains 50 device instances.
  Class: sky130_fd_pr__pfet_01v8_hvt instances:  25
  Class: sky130_fd_pr__nfet_01v8 instances:  25
Circuit contains 8 nets.

Circuit was modified by parallel/series device merging.
New circuit summary:

Contents of circuit 1:  Circuit: 'sky130_fd_sc_hd__bufinv_16'
Circuit sky130_fd_sc_hd__bufinv_16 contains 6 device instances.
  Class: sky130_fd_pr__pfet_01v8_hvt instances:   3
  Class: sky130_fd_pr__nfet_01v8 instances:   3
Circuit contains 8 nets.
Contents of circuit 2:  Circuit: 'sky130_fd_sc_hd__bufinv_16'
Circuit sky130_fd_sc_hd__bufinv_16 contains 6 device instances.
  Class: sky130_fd_pr__pfet_01v8_hvt instances:   3
  Class: sky130_fd_pr__nfet_01v8 instances:   3
Circuit contains 8 nets.

Circuit 1 contains 6 devices, Circuit 2 contains 6 devices.
Circuit 1 contains 8 nets,    Circuit 2 contains 8 nets.


Contents of circuit 1:  Circuit: 'sky130_fd_sc_hd__clkinv_2'
Circuit sky130_fd_sc_hd__clkinv_2 contains 5 device instances.
  Class: sky130_fd_pr__pfet_01v8_hvt instances:   3
  Class: sky130_fd_pr__nfet_01v8 instances:   2
Circuit contains 6 nets.
Contents of circuit 2:  Circuit: 'sky130_fd_sc_hd__clkinv_2'
Circuit sky130_fd_sc_hd__clkinv_2 contains 5 device instances.
  Class: sky130_fd_pr__pfet_01v8_hvt instances:   3
  Class: sky130_fd_pr__nfet_01v8 instances:   2
Circuit contains 6 nets.

Circuit was modified by parallel/series device merging.
New circuit summary:

Contents of circuit 1:  Circuit: 'sky130_fd_sc_hd__clkinv_2'
Circuit sky130_fd_sc_hd__clkinv_2 contains 2 device instances.
  Class: sky130_fd_pr__pfet_01v8_hvt instances:   1
  Class: sky130_fd_pr__nfet_01v8 instances:   1
Circuit contains 6 nets.
Contents of circuit 2:  Circuit: 'sky130_fd_sc_hd__clkinv_2'
Circuit sky130_fd_sc_hd__clkinv_2 contains 2 device instances.
  Class: sky130_fd_pr__pfet_01v8_hvt instances:   1
  Class: sky130_fd_pr__nfet_01v8 instances:   1
Circuit contains 6 nets.

Circuit 1 contains 2 devices, Circuit 2 contains 2 devices.
Circuit 1 contains 6 nets,    Circuit 2 contains 6 nets.


Contents of circuit 1:  Circuit: 'sky130_fd_sc_hd__clkinv_4'
Circuit sky130_fd_sc_hd__clkinv_4 contains 10 device instances.
  Class: sky130_fd_pr__pfet_01v8_hvt instances:   6
  Class: sky130_fd_pr__nfet_01v8 instances:   4
Circuit contains 6 nets.
Contents of circuit 2:  Circuit: 'sky130_fd_sc_hd__clkinv_4'
Circuit sky130_fd_sc_hd__clkinv_4 contains 10 device instances.
  Class: sky130_fd_pr__pfet_01v8_hvt instances:   6
  Class: sky130_fd_pr__nfet_01v8 instances:   4
Circuit contains 6 nets.

Circuit was modified by parallel/series device merging.
New circuit summary:

Contents of circuit 1:  Circuit: 'sky130_fd_sc_hd__clkinv_4'
Circuit sky130_fd_sc_hd__clkinv_4 contains 2 device instances.
  Class: sky130_fd_pr__pfet_01v8_hvt instances:   1
  Class: sky130_fd_pr__nfet_01v8 instances:   1
Circuit contains 6 nets.
Contents of circuit 2:  Circuit: 'sky130_fd_sc_hd__clkinv_4'
Circuit sky130_fd_sc_hd__clkinv_4 contains 2 device instances.
  Class: sky130_fd_pr__pfet_01v8_hvt instances:   1
  Class: sky130_fd_pr__nfet_01v8 instances:   1
Circuit contains 6 nets.

Circuit 1 contains 2 devices, Circuit 2 contains 2 devices.
Circuit 1 contains 6 nets,    Circuit 2 contains 6 nets.


Contents of circuit 1:  Circuit: 'sky130_fd_sc_hd__nor3b_2'
Circuit sky130_fd_sc_hd__nor3b_2 contains 14 device instances.
  Class: sky130_fd_pr__pfet_01v8_hvt instances:   7
  Class: sky130_fd_pr__nfet_01v8 instances:   7
Circuit contains 11 nets.
Contents of circuit 2:  Circuit: 'sky130_fd_sc_hd__nor3b_2'
Circuit sky130_fd_sc_hd__nor3b_2 contains 14 device instances.
  Class: sky130_fd_pr__pfet_01v8_hvt instances:   7
  Class: sky130_fd_pr__nfet_01v8 instances:   7
Circuit contains 11 nets.

Circuit was modified by parallel/series device merging.
New circuit summary:

Contents of circuit 1:  Circuit: 'sky130_fd_sc_hd__nor3b_2'
Circuit sky130_fd_sc_hd__nor3b_2 contains 8 device instances.
  Class: sky130_fd_pr__pfet_01v8_hvt instances:   4
  Class: sky130_fd_pr__nfet_01v8 instances:   4
Circuit contains 11 nets.
Contents of circuit 2:  Circuit: 'sky130_fd_sc_hd__nor3b_2'
Circuit sky130_fd_sc_hd__nor3b_2 contains 8 device instances.
  Class: sky130_fd_pr__pfet_01v8_hvt instances:   4
  Class: sky130_fd_pr__nfet_01v8 instances:   4
Circuit contains 11 nets.

Circuit 1 contains 8 devices, Circuit 2 contains 8 devices.
Circuit 1 contains 11 nets,    Circuit 2 contains 11 nets.


Contents of circuit 1:  Circuit: 'sky130_fd_sc_hd__a21boi_1'
Circuit sky130_fd_sc_hd__a21boi_1 contains 8 device instances.
  Class: sky130_fd_pr__pfet_01v8_hvt instances:   4
  Class: sky130_fd_pr__nfet_01v8 instances:   4
Circuit contains 11 nets.
Contents of circuit 2:  Circuit: 'sky130_fd_sc_hd__a21boi_1'
Circuit sky130_fd_sc_hd__a21boi_1 contains 8 device instances.
  Class: sky130_fd_pr__pfet_01v8_hvt instances:   4
  Class: sky130_fd_pr__nfet_01v8 instances:   4
Circuit contains 11 nets.

Circuit 1 contains 8 devices, Circuit 2 contains 8 devices.
Circuit 1 contains 11 nets,    Circuit 2 contains 11 nets.


Contents of circuit 1:  Circuit: 'sky130_fd_sc_hd__o211ai_1'
Circuit sky130_fd_sc_hd__o211ai_1 contains 8 device instances.
  Class: sky130_fd_pr__pfet_01v8_hvt instances:   4
  Class: sky130_fd_pr__nfet_01v8 instances:   4
Circuit contains 12 nets.
Contents of circuit 2:  Circuit: 'sky130_fd_sc_hd__o211ai_1'
Circuit sky130_fd_sc_hd__o211ai_1 contains 8 device instances.
  Class: sky130_fd_pr__pfet_01v8_hvt instances:   4
  Class: sky130_fd_pr__nfet_01v8 instances:   4
Circuit contains 12 nets.

Circuit 1 contains 8 devices, Circuit 2 contains 8 devices.
Circuit 1 contains 12 nets,    Circuit 2 contains 12 nets.


Contents of circuit 1:  Circuit: 'sky130_fd_sc_hd__clkinv_1'
Circuit sky130_fd_sc_hd__clkinv_1 contains 3 device instances.
  Class: sky130_fd_pr__pfet_01v8_hvt instances:   2
  Class: sky130_fd_pr__nfet_01v8 instances:   1
Circuit contains 6 nets.
Contents of circuit 2:  Circuit: 'sky130_fd_sc_hd__clkinv_1'
Circuit sky130_fd_sc_hd__clkinv_1 contains 3 device instances.
  Class: sky130_fd_pr__pfet_01v8_hvt instances:   2
  Class: sky130_fd_pr__nfet_01v8 instances:   1
Circuit contains 6 nets.

Circuit was modified by parallel/series device merging.
New circuit summary:

Contents of circuit 1:  Circuit: 'sky130_fd_sc_hd__clkinv_1'
Circuit sky130_fd_sc_hd__clkinv_1 contains 2 device instances.
  Class: sky130_fd_pr__pfet_01v8_hvt instances:   1
  Class: sky130_fd_pr__nfet_01v8 instances:   1
Circuit contains 6 nets.
Contents of circuit 2:  Circuit: 'sky130_fd_sc_hd__clkinv_1'
Circuit sky130_fd_sc_hd__clkinv_1 contains 2 device instances.
  Class: sky130_fd_pr__pfet_01v8_hvt instances:   1
  Class: sky130_fd_pr__nfet_01v8 instances:   1
Circuit contains 6 nets.

Circuit 1 contains 2 devices, Circuit 2 contains 2 devices.
Circuit 1 contains 6 nets,    Circuit 2 contains 6 nets.


Contents of circuit 1:  Circuit: 'sky130_fd_sc_hd__a21oi_4'
Circuit sky130_fd_sc_hd__a21oi_4 contains 24 device instances.
  Class: sky130_fd_pr__pfet_01v8_hvt instances:  12
  Class: sky130_fd_pr__nfet_01v8 instances:  12
Circuit contains 10 nets.
Contents of circuit 2:  Circuit: 'sky130_fd_sc_hd__a21oi_4'
Circuit sky130_fd_sc_hd__a21oi_4 contains 24 device instances.
  Class: sky130_fd_pr__pfet_01v8_hvt instances:  12
  Class: sky130_fd_pr__nfet_01v8 instances:  12
Circuit contains 10 nets.

Circuit was modified by parallel/series device merging.
New circuit summary:

Contents of circuit 1:  Circuit: 'sky130_fd_sc_hd__a21oi_4'
Circuit sky130_fd_sc_hd__a21oi_4 contains 6 device instances.
  Class: sky130_fd_pr__pfet_01v8_hvt instances:   3
  Class: sky130_fd_pr__nfet_01v8 instances:   3
Circuit contains 10 nets.
Contents of circuit 2:  Circuit: 'sky130_fd_sc_hd__a21oi_4'
Circuit sky130_fd_sc_hd__a21oi_4 contains 6 device instances.
  Class: sky130_fd_pr__pfet_01v8_hvt instances:   3
  Class: sky130_fd_pr__nfet_01v8 instances:   3
Circuit contains 10 nets.

Circuit 1 contains 6 devices, Circuit 2 contains 6 devices.
Circuit 1 contains 10 nets,    Circuit 2 contains 10 nets.


Contents of circuit 1:  Circuit: 'sky130_fd_sc_hd__buf_12'
Circuit sky130_fd_sc_hd__buf_12 contains 32 device instances.
  Class: sky130_fd_pr__pfet_01v8_hvt instances:  16
  Class: sky130_fd_pr__nfet_01v8 instances:  16
Circuit contains 7 nets.
Contents of circuit 2:  Circuit: 'sky130_fd_sc_hd__buf_12'
Circuit sky130_fd_sc_hd__buf_12 contains 32 device instances.
  Class: sky130_fd_pr__pfet_01v8_hvt instances:  16
  Class: sky130_fd_pr__nfet_01v8 instances:  16
Circuit contains 7 nets.

Circuit was modified by parallel/series device merging.
New circuit summary:

Contents of circuit 1:  Circuit: 'sky130_fd_sc_hd__buf_12'
Circuit sky130_fd_sc_hd__buf_12 contains 4 device instances.
  Class: sky130_fd_pr__pfet_01v8_hvt instances:   2
  Class: sky130_fd_pr__nfet_01v8 instances:   2
Circuit contains 7 nets.
Contents of circuit 2:  Circuit: 'sky130_fd_sc_hd__buf_12'
Circuit sky130_fd_sc_hd__buf_12 contains 4 device instances.
  Class: sky130_fd_pr__pfet_01v8_hvt instances:   2
  Class: sky130_fd_pr__nfet_01v8 instances:   2
Circuit contains 7 nets.

Circuit 1 contains 4 devices, Circuit 2 contains 4 devices.
Circuit 1 contains 7 nets,    Circuit 2 contains 7 nets.


Contents of circuit 1:  Circuit: 'sky130_fd_sc_hd__o2bb2ai_1'
Circuit sky130_fd_sc_hd__o2bb2ai_1 contains 10 device instances.
  Class: sky130_fd_pr__pfet_01v8_hvt instances:   5
  Class: sky130_fd_pr__nfet_01v8 instances:   5
Circuit contains 13 nets.
Contents of circuit 2:  Circuit: 'sky130_fd_sc_hd__o2bb2ai_1'
Circuit sky130_fd_sc_hd__o2bb2ai_1 contains 10 device instances.
  Class: sky130_fd_pr__pfet_01v8_hvt instances:   5
  Class: sky130_fd_pr__nfet_01v8 instances:   5
Circuit contains 13 nets.

Circuit 1 contains 10 devices, Circuit 2 contains 10 devices.
Circuit 1 contains 13 nets,    Circuit 2 contains 13 nets.


Contents of circuit 1:  Circuit: 'sky130_fd_sc_hd__xor2_1'
Circuit sky130_fd_sc_hd__xor2_1 contains 10 device instances.
  Class: sky130_fd_pr__pfet_01v8_hvt instances:   5
  Class: sky130_fd_pr__nfet_01v8 instances:   5
Circuit contains 11 nets.
Contents of circuit 2:  Circuit: 'sky130_fd_sc_hd__xor2_1'
Circuit sky130_fd_sc_hd__xor2_1 contains 10 device instances.
  Class: sky130_fd_pr__pfet_01v8_hvt instances:   5
  Class: sky130_fd_pr__nfet_01v8 instances:   5
Circuit contains 11 nets.

Circuit 1 contains 10 devices, Circuit 2 contains 10 devices.
Circuit 1 contains 11 nets,    Circuit 2 contains 11 nets.


Contents of circuit 1:  Circuit: 'sky130_fd_sc_hd__a311oi_2'
Circuit sky130_fd_sc_hd__a311oi_2 contains 20 device instances.
  Class: sky130_fd_pr__pfet_01v8_hvt instances:  10
  Class: sky130_fd_pr__nfet_01v8 instances:  10
Circuit contains 14 nets.
Contents of circuit 2:  Circuit: 'sky130_fd_sc_hd__a311oi_2'
Circuit sky130_fd_sc_hd__a311oi_2 contains 20 device instances.
  Class: sky130_fd_pr__pfet_01v8_hvt instances:  10
  Class: sky130_fd_pr__nfet_01v8 instances:  10
Circuit contains 14 nets.

Circuit was modified by parallel/series device merging.
New circuit summary:

Contents of circuit 1:  Circuit: 'sky130_fd_sc_hd__a311oi_2'
Circuit sky130_fd_sc_hd__a311oi_2 contains 10 device instances.
  Class: sky130_fd_pr__pfet_01v8_hvt instances:   5
  Class: sky130_fd_pr__nfet_01v8 instances:   5
Circuit contains 14 nets.
Contents of circuit 2:  Circuit: 'sky130_fd_sc_hd__a311oi_2'
Circuit sky130_fd_sc_hd__a311oi_2 contains 10 device instances.
  Class: sky130_fd_pr__pfet_01v8_hvt instances:   5
  Class: sky130_fd_pr__nfet_01v8 instances:   5
Circuit contains 14 nets.

Circuit 1 contains 10 devices, Circuit 2 contains 10 devices.
Circuit 1 contains 14 nets,    Circuit 2 contains 14 nets.


Contents of circuit 1:  Circuit: 'sky130_fd_sc_hd__o21bai_4'
Circuit sky130_fd_sc_hd__o21bai_4 contains 26 device instances.
  Class: sky130_fd_pr__pfet_01v8_hvt instances:  13
  Class: sky130_fd_pr__nfet_01v8 instances:  13
Circuit contains 11 nets.
Contents of circuit 2:  Circuit: 'sky130_fd_sc_hd__o21bai_4'
Circuit sky130_fd_sc_hd__o21bai_4 contains 26 device instances.
  Class: sky130_fd_pr__pfet_01v8_hvt instances:  13
  Class: sky130_fd_pr__nfet_01v8 instances:  13
Circuit contains 11 nets.

Circuit was modified by parallel/series device merging.
New circuit summary:

Contents of circuit 1:  Circuit: 'sky130_fd_sc_hd__o21bai_4'
Circuit sky130_fd_sc_hd__o21bai_4 contains 8 device instances.
  Class: sky130_fd_pr__pfet_01v8_hvt instances:   4
  Class: sky130_fd_pr__nfet_01v8 instances:   4
Circuit contains 11 nets.
Contents of circuit 2:  Circuit: 'sky130_fd_sc_hd__o21bai_4'
Circuit sky130_fd_sc_hd__o21bai_4 contains 8 device instances.
  Class: sky130_fd_pr__pfet_01v8_hvt instances:   4
  Class: sky130_fd_pr__nfet_01v8 instances:   4
Circuit contains 11 nets.

Circuit 1 contains 8 devices, Circuit 2 contains 8 devices.
Circuit 1 contains 11 nets,    Circuit 2 contains 11 nets.


Contents of circuit 1:  Circuit: 'sky130_fd_sc_hd__o32ai_1'
Circuit sky130_fd_sc_hd__o32ai_1 contains 10 device instances.
  Class: sky130_fd_pr__pfet_01v8_hvt instances:   5
  Class: sky130_fd_pr__nfet_01v8 instances:   5
Circuit contains 14 nets.
Contents of circuit 2:  Circuit: 'sky130_fd_sc_hd__o32ai_1'
Circuit sky130_fd_sc_hd__o32ai_1 contains 10 device instances.
  Class: sky130_fd_pr__pfet_01v8_hvt instances:   5
  Class: sky130_fd_pr__nfet_01v8 instances:   5
Circuit contains 14 nets.

Circuit 1 contains 10 devices, Circuit 2 contains 10 devices.
Circuit 1 contains 14 nets,    Circuit 2 contains 14 nets.


Contents of circuit 1:  Circuit: 'sky130_fd_sc_hd__clkbuf_8'
Circuit sky130_fd_sc_hd__clkbuf_8 contains 20 device instances.
  Class: sky130_fd_pr__pfet_01v8_hvt instances:  10
  Class: sky130_fd_pr__nfet_01v8 instances:  10
Circuit contains 7 nets.
Contents of circuit 2:  Circuit: 'sky130_fd_sc_hd__clkbuf_8'
Circuit sky130_fd_sc_hd__clkbuf_8 contains 20 device instances.
  Class: sky130_fd_pr__pfet_01v8_hvt instances:  10
  Class: sky130_fd_pr__nfet_01v8 instances:  10
Circuit contains 7 nets.

Circuit was modified by parallel/series device merging.
New circuit summary:

Contents of circuit 1:  Circuit: 'sky130_fd_sc_hd__clkbuf_8'
Circuit sky130_fd_sc_hd__clkbuf_8 contains 4 device instances.
  Class: sky130_fd_pr__pfet_01v8_hvt instances:   2
  Class: sky130_fd_pr__nfet_01v8 instances:   2
Circuit contains 7 nets.
Contents of circuit 2:  Circuit: 'sky130_fd_sc_hd__clkbuf_8'
Circuit sky130_fd_sc_hd__clkbuf_8 contains 4 device instances.
  Class: sky130_fd_pr__pfet_01v8_hvt instances:   2
  Class: sky130_fd_pr__nfet_01v8 instances:   2
Circuit contains 7 nets.

Circuit 1 contains 4 devices, Circuit 2 contains 4 devices.
Circuit 1 contains 7 nets,    Circuit 2 contains 7 nets.


Contents of circuit 1:  Circuit: 'sky130_fd_sc_hd__a21o_1'
Circuit sky130_fd_sc_hd__a21o_1 contains 8 device instances.
  Class: sky130_fd_pr__pfet_01v8_hvt instances:   4
  Class: sky130_fd_pr__nfet_01v8 instances:   4
Circuit contains 11 nets.
Contents of circuit 2:  Circuit: 'sky130_fd_sc_hd__a21o_1'
Circuit sky130_fd_sc_hd__a21o_1 contains 8 device instances.
  Class: sky130_fd_pr__pfet_01v8_hvt instances:   4
  Class: sky130_fd_pr__nfet_01v8 instances:   4
Circuit contains 11 nets.

Circuit 1 contains 8 devices, Circuit 2 contains 8 devices.
Circuit 1 contains 11 nets,    Circuit 2 contains 11 nets.


Contents of circuit 1:  Circuit: 'sky130_fd_sc_hd__o21ai_2'
Circuit sky130_fd_sc_hd__o21ai_2 contains 12 device instances.
  Class: sky130_fd_pr__pfet_01v8_hvt instances:   6
  Class: sky130_fd_pr__nfet_01v8 instances:   6
Circuit contains 10 nets.
Contents of circuit 2:  Circuit: 'sky130_fd_sc_hd__o21ai_2'
Circuit sky130_fd_sc_hd__o21ai_2 contains 12 device instances.
  Class: sky130_fd_pr__pfet_01v8_hvt instances:   6
  Class: sky130_fd_pr__nfet_01v8 instances:   6
Circuit contains 10 nets.

Circuit was modified by parallel/series device merging.
New circuit summary:

Contents of circuit 1:  Circuit: 'sky130_fd_sc_hd__o21ai_2'
Circuit sky130_fd_sc_hd__o21ai_2 contains 6 device instances.
  Class: sky130_fd_pr__pfet_01v8_hvt instances:   3
  Class: sky130_fd_pr__nfet_01v8 instances:   3
Circuit contains 10 nets.
Contents of circuit 2:  Circuit: 'sky130_fd_sc_hd__o21ai_2'
Circuit sky130_fd_sc_hd__o21ai_2 contains 6 device instances.
  Class: sky130_fd_pr__pfet_01v8_hvt instances:   3
  Class: sky130_fd_pr__nfet_01v8 instances:   3
Circuit contains 10 nets.

Circuit 1 contains 6 devices, Circuit 2 contains 6 devices.
Circuit 1 contains 10 nets,    Circuit 2 contains 10 nets.


Contents of circuit 1:  Circuit: 'sky130_fd_sc_hd__mux2i_2'
Circuit sky130_fd_sc_hd__mux2i_2 contains 18 device instances.
  Class: sky130_fd_pr__pfet_01v8_hvt instances:   9
  Class: sky130_fd_pr__nfet_01v8 instances:   9
Circuit contains 13 nets.
Contents of circuit 2:  Circuit: 'sky130_fd_sc_hd__mux2i_2'
Circuit sky130_fd_sc_hd__mux2i_2 contains 18 device instances.
  Class: sky130_fd_pr__pfet_01v8_hvt instances:   9
  Class: sky130_fd_pr__nfet_01v8 instances:   9
Circuit contains 13 nets.

Circuit was modified by parallel/series device merging.
New circuit summary:

Contents of circuit 1:  Circuit: 'sky130_fd_sc_hd__mux2i_2'
Circuit sky130_fd_sc_hd__mux2i_2 contains 10 device instances.
  Class: sky130_fd_pr__pfet_01v8_hvt instances:   5
  Class: sky130_fd_pr__nfet_01v8 instances:   5
Circuit contains 13 nets.
Contents of circuit 2:  Circuit: 'sky130_fd_sc_hd__mux2i_2'
Circuit sky130_fd_sc_hd__mux2i_2 contains 10 device instances.
  Class: sky130_fd_pr__pfet_01v8_hvt instances:   5
  Class: sky130_fd_pr__nfet_01v8 instances:   5
Circuit contains 13 nets.

Circuit 1 contains 10 devices, Circuit 2 contains 10 devices.
Circuit 1 contains 13 nets,    Circuit 2 contains 13 nets.


Contents of circuit 1:  Circuit: 'sky130_fd_sc_hd__o211a_1'
Circuit sky130_fd_sc_hd__o211a_1 contains 10 device instances.
  Class: sky130_fd_pr__pfet_01v8_hvt instances:   5
  Class: sky130_fd_pr__nfet_01v8 instances:   5
Circuit contains 13 nets.
Contents of circuit 2:  Circuit: 'sky130_fd_sc_hd__o211a_1'
Circuit sky130_fd_sc_hd__o211a_1 contains 10 device instances.
  Class: sky130_fd_pr__pfet_01v8_hvt instances:   5
  Class: sky130_fd_pr__nfet_01v8 instances:   5
Circuit contains 13 nets.

Circuit 1 contains 10 devices, Circuit 2 contains 10 devices.
Circuit 1 contains 13 nets,    Circuit 2 contains 13 nets.


Contents of circuit 1:  Circuit: 'sky130_fd_sc_hd__nor2b_4'
Circuit sky130_fd_sc_hd__nor2b_4 contains 18 device instances.
  Class: sky130_fd_pr__pfet_01v8_hvt instances:   9
  Class: sky130_fd_pr__nfet_01v8 instances:   9
Circuit contains 9 nets.
Contents of circuit 2:  Circuit: 'sky130_fd_sc_hd__nor2b_4'
Circuit sky130_fd_sc_hd__nor2b_4 contains 18 device instances.
  Class: sky130_fd_pr__pfet_01v8_hvt instances:   9
  Class: sky130_fd_pr__nfet_01v8 instances:   9
Circuit contains 9 nets.

Circuit was modified by parallel/series device merging.
New circuit summary:

Contents of circuit 1:  Circuit: 'sky130_fd_sc_hd__nor2b_4'
Circuit sky130_fd_sc_hd__nor2b_4 contains 6 device instances.
  Class: sky130_fd_pr__pfet_01v8_hvt instances:   3
  Class: sky130_fd_pr__nfet_01v8 instances:   3
Circuit contains 9 nets.
Contents of circuit 2:  Circuit: 'sky130_fd_sc_hd__nor2b_4'
Circuit sky130_fd_sc_hd__nor2b_4 contains 6 device instances.
  Class: sky130_fd_pr__pfet_01v8_hvt instances:   3
  Class: sky130_fd_pr__nfet_01v8 instances:   3
Circuit contains 9 nets.

Circuit 1 contains 6 devices, Circuit 2 contains 6 devices.
Circuit 1 contains 9 nets,    Circuit 2 contains 9 nets.


Contents of circuit 1:  Circuit: 'sky130_fd_sc_hd__o2111a_1'
Circuit sky130_fd_sc_hd__o2111a_1 contains 12 device instances.
  Class: sky130_fd_pr__pfet_01v8_hvt instances:   6
  Class: sky130_fd_pr__nfet_01v8 instances:   6
Circuit contains 15 nets.
Contents of circuit 2:  Circuit: 'sky130_fd_sc_hd__o2111a_1'
Circuit sky130_fd_sc_hd__o2111a_1 contains 12 device instances.
  Class: sky130_fd_pr__pfet_01v8_hvt instances:   6
  Class: sky130_fd_pr__nfet_01v8 instances:   6
Circuit contains 15 nets.

Circuit 1 contains 12 devices, Circuit 2 contains 12 devices.
Circuit 1 contains 15 nets,    Circuit 2 contains 15 nets.


Contents of circuit 1:  Circuit: 'sky130_fd_sc_hd__maj3_1'
Circuit sky130_fd_sc_hd__maj3_1 contains 14 device instances.
  Class: sky130_fd_pr__pfet_01v8_hvt instances:   7
  Class: sky130_fd_pr__nfet_01v8 instances:   7
Circuit contains 15 nets.
Contents of circuit 2:  Circuit: 'sky130_fd_sc_hd__maj3_1'
Circuit sky130_fd_sc_hd__maj3_1 contains 14 device instances.
  Class: sky130_fd_pr__pfet_01v8_hvt instances:   7
  Class: sky130_fd_pr__nfet_01v8 instances:   7
Circuit contains 15 nets.

Circuit 1 contains 14 devices, Circuit 2 contains 14 devices.
Circuit 1 contains 15 nets,    Circuit 2 contains 15 nets.


Contents of circuit 1:  Circuit: 'sky130_fd_sc_hd__nand3b_1'
Circuit sky130_fd_sc_hd__nand3b_1 contains 8 device instances.
  Class: sky130_fd_pr__pfet_01v8_hvt instances:   4
  Class: sky130_fd_pr__nfet_01v8 instances:   4
Circuit contains 11 nets.
Contents of circuit 2:  Circuit: 'sky130_fd_sc_hd__nand3b_1'
Circuit sky130_fd_sc_hd__nand3b_1 contains 8 device instances.
  Class: sky130_fd_pr__pfet_01v8_hvt instances:   4
  Class: sky130_fd_pr__nfet_01v8 instances:   4
Circuit contains 11 nets.

Circuit 1 contains 8 devices, Circuit 2 contains 8 devices.
Circuit 1 contains 11 nets,    Circuit 2 contains 11 nets.


Contents of circuit 1:  Circuit: 'sky130_fd_sc_hd__a311oi_4'
Circuit sky130_fd_sc_hd__a311oi_4 contains 40 device instances.
  Class: sky130_fd_pr__pfet_01v8_hvt instances:  20
  Class: sky130_fd_pr__nfet_01v8 instances:  20
Circuit contains 14 nets.
Contents of circuit 2:  Circuit: 'sky130_fd_sc_hd__a311oi_4'
Circuit sky130_fd_sc_hd__a311oi_4 contains 40 device instances.
  Class: sky130_fd_pr__pfet_01v8_hvt instances:  20
  Class: sky130_fd_pr__nfet_01v8 instances:  20
Circuit contains 14 nets.

Circuit was modified by parallel/series device merging.
New circuit summary:

Contents of circuit 1:  Circuit: 'sky130_fd_sc_hd__a311oi_4'
Circuit sky130_fd_sc_hd__a311oi_4 contains 10 device instances.
  Class: sky130_fd_pr__pfet_01v8_hvt instances:   5
  Class: sky130_fd_pr__nfet_01v8 instances:   5
Circuit contains 14 nets.
Contents of circuit 2:  Circuit: 'sky130_fd_sc_hd__a311oi_4'
Circuit sky130_fd_sc_hd__a311oi_4 contains 10 device instances.
  Class: sky130_fd_pr__pfet_01v8_hvt instances:   5
  Class: sky130_fd_pr__nfet_01v8 instances:   5
Circuit contains 14 nets.

Circuit 1 contains 10 devices, Circuit 2 contains 10 devices.
Circuit 1 contains 14 nets,    Circuit 2 contains 14 nets.


Contents of circuit 1:  Circuit: 'sky130_fd_sc_hd__nand3_4'
Circuit sky130_fd_sc_hd__nand3_4 contains 24 device instances.
  Class: sky130_fd_pr__pfet_01v8_hvt instances:  12
  Class: sky130_fd_pr__nfet_01v8 instances:  12
Circuit contains 10 nets.
Contents of circuit 2:  Circuit: 'sky130_fd_sc_hd__nand3_4'
Circuit sky130_fd_sc_hd__nand3_4 contains 24 device instances.
  Class: sky130_fd_pr__pfet_01v8_hvt instances:  12
  Class: sky130_fd_pr__nfet_01v8 instances:  12
Circuit contains 10 nets.

Circuit was modified by parallel/series device merging.
New circuit summary:

Contents of circuit 1:  Circuit: 'sky130_fd_sc_hd__nand3_4'
Circuit sky130_fd_sc_hd__nand3_4 contains 6 device instances.
  Class: sky130_fd_pr__pfet_01v8_hvt instances:   3
  Class: sky130_fd_pr__nfet_01v8 instances:   3
Circuit contains 10 nets.
Contents of circuit 2:  Circuit: 'sky130_fd_sc_hd__nand3_4'
Circuit sky130_fd_sc_hd__nand3_4 contains 6 device instances.
  Class: sky130_fd_pr__pfet_01v8_hvt instances:   3
  Class: sky130_fd_pr__nfet_01v8 instances:   3
Circuit contains 10 nets.

Circuit 1 contains 6 devices, Circuit 2 contains 6 devices.
Circuit 1 contains 10 nets,    Circuit 2 contains 10 nets.


Contents of circuit 1:  Circuit: 'sky130_fd_sc_hd__nor2b_2'
Circuit sky130_fd_sc_hd__nor2b_2 contains 10 device instances.
  Class: sky130_fd_pr__pfet_01v8_hvt instances:   5
  Class: sky130_fd_pr__nfet_01v8 instances:   5
Circuit contains 9 nets.
Contents of circuit 2:  Circuit: 'sky130_fd_sc_hd__nor2b_2'
Circuit sky130_fd_sc_hd__nor2b_2 contains 10 device instances.
  Class: sky130_fd_pr__pfet_01v8_hvt instances:   5
  Class: sky130_fd_pr__nfet_01v8 instances:   5
Circuit contains 9 nets.

Circuit was modified by parallel/series device merging.
New circuit summary:

Contents of circuit 1:  Circuit: 'sky130_fd_sc_hd__nor2b_2'
Circuit sky130_fd_sc_hd__nor2b_2 contains 6 device instances.
  Class: sky130_fd_pr__pfet_01v8_hvt instances:   3
  Class: sky130_fd_pr__nfet_01v8 instances:   3
Circuit contains 9 nets.
Contents of circuit 2:  Circuit: 'sky130_fd_sc_hd__nor2b_2'
Circuit sky130_fd_sc_hd__nor2b_2 contains 6 device instances.
  Class: sky130_fd_pr__pfet_01v8_hvt instances:   3
  Class: sky130_fd_pr__nfet_01v8 instances:   3
Circuit contains 9 nets.

Circuit 1 contains 6 devices, Circuit 2 contains 6 devices.
Circuit 1 contains 9 nets,    Circuit 2 contains 9 nets.


Contents of circuit 1:  Circuit: 'sky130_fd_sc_hd__nor3b_1'
Circuit sky130_fd_sc_hd__nor3b_1 contains 8 device instances.
  Class: sky130_fd_pr__pfet_01v8_hvt instances:   4
  Class: sky130_fd_pr__nfet_01v8 instances:   4
Circuit contains 11 nets.
Contents of circuit 2:  Circuit: 'sky130_fd_sc_hd__nor3b_1'
Circuit sky130_fd_sc_hd__nor3b_1 contains 8 device instances.
  Class: sky130_fd_pr__pfet_01v8_hvt instances:   4
  Class: sky130_fd_pr__nfet_01v8 instances:   4
Circuit contains 11 nets.

Circuit 1 contains 8 devices, Circuit 2 contains 8 devices.
Circuit 1 contains 11 nets,    Circuit 2 contains 11 nets.


Contents of circuit 1:  Circuit: 'sky130_fd_sc_hd__nand3_2'
Circuit sky130_fd_sc_hd__nand3_2 contains 12 device instances.
  Class: sky130_fd_pr__pfet_01v8_hvt instances:   6
  Class: sky130_fd_pr__nfet_01v8 instances:   6
Circuit contains 10 nets.
Contents of circuit 2:  Circuit: 'sky130_fd_sc_hd__nand3_2'
Circuit sky130_fd_sc_hd__nand3_2 contains 12 device instances.
  Class: sky130_fd_pr__pfet_01v8_hvt instances:   6
  Class: sky130_fd_pr__nfet_01v8 instances:   6
Circuit contains 10 nets.

Circuit was modified by parallel/series device merging.
New circuit summary:

Contents of circuit 1:  Circuit: 'sky130_fd_sc_hd__nand3_2'
Circuit sky130_fd_sc_hd__nand3_2 contains 6 device instances.
  Class: sky130_fd_pr__pfet_01v8_hvt instances:   3
  Class: sky130_fd_pr__nfet_01v8 instances:   3
Circuit contains 10 nets.
Contents of circuit 2:  Circuit: 'sky130_fd_sc_hd__nand3_2'
Circuit sky130_fd_sc_hd__nand3_2 contains 6 device instances.
  Class: sky130_fd_pr__pfet_01v8_hvt instances:   3
  Class: sky130_fd_pr__nfet_01v8 instances:   3
Circuit contains 10 nets.

Circuit 1 contains 6 devices, Circuit 2 contains 6 devices.
Circuit 1 contains 10 nets,    Circuit 2 contains 10 nets.


Contents of circuit 1:  Circuit: 'sky130_fd_sc_hd__o221ai_1'
Circuit sky130_fd_sc_hd__o221ai_1 contains 10 device instances.
  Class: sky130_fd_pr__pfet_01v8_hvt instances:   5
  Class: sky130_fd_pr__nfet_01v8 instances:   5
Circuit contains 14 nets.
Contents of circuit 2:  Circuit: 'sky130_fd_sc_hd__o221ai_1'
Circuit sky130_fd_sc_hd__o221ai_1 contains 10 device instances.
  Class: sky130_fd_pr__pfet_01v8_hvt instances:   5
  Class: sky130_fd_pr__nfet_01v8 instances:   5
Circuit contains 14 nets.

Circuit 1 contains 10 devices, Circuit 2 contains 10 devices.
Circuit 1 contains 14 nets,    Circuit 2 contains 14 nets.


Contents of circuit 1:  Circuit: 'sky130_fd_sc_hd__a221oi_4'
Circuit sky130_fd_sc_hd__a221oi_4 contains 40 device instances.
  Class: sky130_fd_pr__pfet_01v8_hvt instances:  20
  Class: sky130_fd_pr__nfet_01v8 instances:  20
Circuit contains 14 nets.
Contents of circuit 2:  Circuit: 'sky130_fd_sc_hd__a221oi_4'
Circuit sky130_fd_sc_hd__a221oi_4 contains 40 device instances.
  Class: sky130_fd_pr__pfet_01v8_hvt instances:  20
  Class: sky130_fd_pr__nfet_01v8 instances:  20
Circuit contains 14 nets.

Circuit was modified by parallel/series device merging.
New circuit summary:

Contents of circuit 1:  Circuit: 'sky130_fd_sc_hd__a221oi_4'
Circuit sky130_fd_sc_hd__a221oi_4 contains 10 device instances.
  Class: sky130_fd_pr__pfet_01v8_hvt instances:   5
  Class: sky130_fd_pr__nfet_01v8 instances:   5
Circuit contains 14 nets.
Contents of circuit 2:  Circuit: 'sky130_fd_sc_hd__a221oi_4'
Circuit sky130_fd_sc_hd__a221oi_4 contains 10 device instances.
  Class: sky130_fd_pr__pfet_01v8_hvt instances:   5
  Class: sky130_fd_pr__nfet_01v8 instances:   5
Circuit contains 14 nets.

Circuit 1 contains 10 devices, Circuit 2 contains 10 devices.
Circuit 1 contains 14 nets,    Circuit 2 contains 14 nets.


Contents of circuit 1:  Circuit: 'sky130_fd_sc_hd__mux2i_4'
Circuit sky130_fd_sc_hd__mux2i_4 contains 34 device instances.
  Class: sky130_fd_pr__pfet_01v8_hvt instances:  17
  Class: sky130_fd_pr__nfet_01v8 instances:  17
Circuit contains 13 nets.
Contents of circuit 2:  Circuit: 'sky130_fd_sc_hd__mux2i_4'
Circuit sky130_fd_sc_hd__mux2i_4 contains 34 device instances.
  Class: sky130_fd_pr__pfet_01v8_hvt instances:  17
  Class: sky130_fd_pr__nfet_01v8 instances:  17
Circuit contains 13 nets.

Circuit was modified by parallel/series device merging.
New circuit summary:

Contents of circuit 1:  Circuit: 'sky130_fd_sc_hd__mux2i_4'
Circuit sky130_fd_sc_hd__mux2i_4 contains 10 device instances.
  Class: sky130_fd_pr__pfet_01v8_hvt instances:   5
  Class: sky130_fd_pr__nfet_01v8 instances:   5
Circuit contains 13 nets.
Contents of circuit 2:  Circuit: 'sky130_fd_sc_hd__mux2i_4'
Circuit sky130_fd_sc_hd__mux2i_4 contains 10 device instances.
  Class: sky130_fd_pr__pfet_01v8_hvt instances:   5
  Class: sky130_fd_pr__nfet_01v8 instances:   5
Circuit contains 13 nets.

Circuit 1 contains 10 devices, Circuit 2 contains 10 devices.
Circuit 1 contains 13 nets,    Circuit 2 contains 13 nets.


Contents of circuit 1:  Circuit: 'sky130_fd_sc_hd__a31oi_2'
Circuit sky130_fd_sc_hd__a31oi_2 contains 16 device instances.
  Class: sky130_fd_pr__pfet_01v8_hvt instances:   8
  Class: sky130_fd_pr__nfet_01v8 instances:   8
Circuit contains 12 nets.
Contents of circuit 2:  Circuit: 'sky130_fd_sc_hd__a31oi_2'
Circuit sky130_fd_sc_hd__a31oi_2 contains 16 device instances.
  Class: sky130_fd_pr__pfet_01v8_hvt instances:   8
  Class: sky130_fd_pr__nfet_01v8 instances:   8
Circuit contains 12 nets.

Circuit was modified by parallel/series device merging.
New circuit summary:

Contents of circuit 1:  Circuit: 'sky130_fd_sc_hd__a31oi_2'
Circuit sky130_fd_sc_hd__a31oi_2 contains 8 device instances.
  Class: sky130_fd_pr__pfet_01v8_hvt instances:   4
  Class: sky130_fd_pr__nfet_01v8 instances:   4
Circuit contains 12 nets.
Contents of circuit 2:  Circuit: 'sky130_fd_sc_hd__a31oi_2'
Circuit sky130_fd_sc_hd__a31oi_2 contains 8 device instances.
  Class: sky130_fd_pr__pfet_01v8_hvt instances:   4
  Class: sky130_fd_pr__nfet_01v8 instances:   4
Circuit contains 12 nets.

Circuit 1 contains 8 devices, Circuit 2 contains 8 devices.
Circuit 1 contains 12 nets,    Circuit 2 contains 12 nets.


Contents of circuit 1:  Circuit: 'sky130_fd_sc_hd__and4_1'
Circuit sky130_fd_sc_hd__and4_1 contains 10 device instances.
  Class: sky130_fd_pr__pfet_01v8_hvt instances:   5
  Class: sky130_fd_pr__nfet_01v8 instances:   5
Circuit contains 13 nets.
Contents of circuit 2:  Circuit: 'sky130_fd_sc_hd__and4_1'
Circuit sky130_fd_sc_hd__and4_1 contains 10 device instances.
  Class: sky130_fd_pr__pfet_01v8_hvt instances:   5
  Class: sky130_fd_pr__nfet_01v8 instances:   5
Circuit contains 13 nets.

Circuit 1 contains 10 devices, Circuit 2 contains 10 devices.
Circuit 1 contains 13 nets,    Circuit 2 contains 13 nets.


Contents of circuit 1:  Circuit: 'sky130_fd_sc_hd__a31o_1'
Circuit sky130_fd_sc_hd__a31o_1 contains 10 device instances.
  Class: sky130_fd_pr__pfet_01v8_hvt instances:   5
  Class: sky130_fd_pr__nfet_01v8 instances:   5
Circuit contains 13 nets.
Contents of circuit 2:  Circuit: 'sky130_fd_sc_hd__a31o_1'
Circuit sky130_fd_sc_hd__a31o_1 contains 10 device instances.
  Class: sky130_fd_pr__pfet_01v8_hvt instances:   5
  Class: sky130_fd_pr__nfet_01v8 instances:   5
Circuit contains 13 nets.

Circuit 1 contains 10 devices, Circuit 2 contains 10 devices.
Circuit 1 contains 13 nets,    Circuit 2 contains 13 nets.


Contents of circuit 1:  Circuit: 'sky130_fd_sc_hd__inv_4'
Circuit sky130_fd_sc_hd__inv_4 contains 8 device instances.
  Class: sky130_fd_pr__pfet_01v8_hvt instances:   4
  Class: sky130_fd_pr__nfet_01v8 instances:   4
Circuit contains 6 nets.
Contents of circuit 2:  Circuit: 'sky130_fd_sc_hd__inv_4'
Circuit sky130_fd_sc_hd__inv_4 contains 8 device instances.
  Class: sky130_fd_pr__pfet_01v8_hvt instances:   4
  Class: sky130_fd_pr__nfet_01v8 instances:   4
Circuit contains 6 nets.

Circuit was modified by parallel/series device merging.
New circuit summary:

Contents of circuit 1:  Circuit: 'sky130_fd_sc_hd__inv_4'
Circuit sky130_fd_sc_hd__inv_4 contains 2 device instances.
  Class: sky130_fd_pr__pfet_01v8_hvt instances:   1
  Class: sky130_fd_pr__nfet_01v8 instances:   1
Circuit contains 6 nets.
Contents of circuit 2:  Circuit: 'sky130_fd_sc_hd__inv_4'
Circuit sky130_fd_sc_hd__inv_4 contains 2 device instances.
  Class: sky130_fd_pr__pfet_01v8_hvt instances:   1
  Class: sky130_fd_pr__nfet_01v8 instances:   1
Circuit contains 6 nets.

Circuit 1 contains 2 devices, Circuit 2 contains 2 devices.
Circuit 1 contains 6 nets,    Circuit 2 contains 6 nets.


Contents of circuit 1:  Circuit: 'sky130_fd_sc_hd__a211oi_4'
Circuit sky130_fd_sc_hd__a211oi_4 contains 32 device instances.
  Class: sky130_fd_pr__pfet_01v8_hvt instances:  16
  Class: sky130_fd_pr__nfet_01v8 instances:  16
Circuit contains 14 nets.
Contents of circuit 2:  Circuit: 'sky130_fd_sc_hd__a211oi_4'
Circuit sky130_fd_sc_hd__a211oi_4 contains 32 device instances.
  Class: sky130_fd_pr__pfet_01v8_hvt instances:  16
  Class: sky130_fd_pr__nfet_01v8 instances:  16
Circuit contains 14 nets.

Circuit was modified by parallel/series device merging.
New circuit summary:

Contents of circuit 1:  Circuit: 'sky130_fd_sc_hd__a211oi_4'
Circuit sky130_fd_sc_hd__a211oi_4 contains 12 device instances.
  Class: sky130_fd_pr__pfet_01v8_hvt instances:   8
  Class: sky130_fd_pr__nfet_01v8 instances:   4
Circuit contains 14 nets.
Contents of circuit 2:  Circuit: 'sky130_fd_sc_hd__a211oi_4'
Circuit sky130_fd_sc_hd__a211oi_4 contains 12 device instances.
  Class: sky130_fd_pr__pfet_01v8_hvt instances:   8
  Class: sky130_fd_pr__nfet_01v8 instances:   4
Circuit contains 14 nets.

Circuit 1 contains 12 devices, Circuit 2 contains 12 devices.
Circuit 1 contains 14 nets,    Circuit 2 contains 14 nets.


Contents of circuit 1:  Circuit: 'sky130_fd_sc_hd__and2_2'
Circuit sky130_fd_sc_hd__and2_2 contains 8 device instances.
  Class: sky130_fd_pr__pfet_01v8_hvt instances:   4
  Class: sky130_fd_pr__nfet_01v8 instances:   4
Circuit contains 9 nets.
Contents of circuit 2:  Circuit: 'sky130_fd_sc_hd__and2_2'
Circuit sky130_fd_sc_hd__and2_2 contains 8 device instances.
  Class: sky130_fd_pr__pfet_01v8_hvt instances:   4
  Class: sky130_fd_pr__nfet_01v8 instances:   4
Circuit contains 9 nets.

Circuit was modified by parallel/series device merging.
New circuit summary:

Contents of circuit 1:  Circuit: 'sky130_fd_sc_hd__and2_2'
Circuit sky130_fd_sc_hd__and2_2 contains 6 device instances.
  Class: sky130_fd_pr__pfet_01v8_hvt instances:   3
  Class: sky130_fd_pr__nfet_01v8 instances:   3
Circuit contains 9 nets.
Contents of circuit 2:  Circuit: 'sky130_fd_sc_hd__and2_2'
Circuit sky130_fd_sc_hd__and2_2 contains 6 device instances.
  Class: sky130_fd_pr__pfet_01v8_hvt instances:   3
  Class: sky130_fd_pr__nfet_01v8 instances:   3
Circuit contains 9 nets.

Circuit 1 contains 6 devices, Circuit 2 contains 6 devices.
Circuit 1 contains 9 nets,    Circuit 2 contains 9 nets.


Contents of circuit 1:  Circuit: 'sky130_fd_sc_hd__a221oi_2'
Circuit sky130_fd_sc_hd__a221oi_2 contains 20 device instances.
  Class: sky130_fd_pr__pfet_01v8_hvt instances:  10
  Class: sky130_fd_pr__nfet_01v8 instances:  10
Circuit contains 14 nets.
Contents of circuit 2:  Circuit: 'sky130_fd_sc_hd__a221oi_2'
Circuit sky130_fd_sc_hd__a221oi_2 contains 20 device instances.
  Class: sky130_fd_pr__pfet_01v8_hvt instances:  10
  Class: sky130_fd_pr__nfet_01v8 instances:  10
Circuit contains 14 nets.

Circuit was modified by parallel/series device merging.
New circuit summary:

Contents of circuit 1:  Circuit: 'sky130_fd_sc_hd__a221oi_2'
Circuit sky130_fd_sc_hd__a221oi_2 contains 10 device instances.
  Class: sky130_fd_pr__pfet_01v8_hvt instances:   5
  Class: sky130_fd_pr__nfet_01v8 instances:   5
Circuit contains 14 nets.
Contents of circuit 2:  Circuit: 'sky130_fd_sc_hd__a221oi_2'
Circuit sky130_fd_sc_hd__a221oi_2 contains 10 device instances.
  Class: sky130_fd_pr__pfet_01v8_hvt instances:   5
  Class: sky130_fd_pr__nfet_01v8 instances:   5
Circuit contains 14 nets.

Circuit 1 contains 10 devices, Circuit 2 contains 10 devices.
Circuit 1 contains 14 nets,    Circuit 2 contains 14 nets.


Contents of circuit 1:  Circuit: 'sky130_fd_sc_hd__nor4b_1'
Circuit sky130_fd_sc_hd__nor4b_1 contains 10 device instances.
  Class: sky130_fd_pr__pfet_01v8_hvt instances:   5
  Class: sky130_fd_pr__nfet_01v8 instances:   5
Circuit contains 13 nets.
Contents of circuit 2:  Circuit: 'sky130_fd_sc_hd__nor4b_1'
Circuit sky130_fd_sc_hd__nor4b_1 contains 10 device instances.
  Class: sky130_fd_pr__pfet_01v8_hvt instances:   5
  Class: sky130_fd_pr__nfet_01v8 instances:   5
Circuit contains 13 nets.

Circuit 1 contains 10 devices, Circuit 2 contains 10 devices.
Circuit 1 contains 13 nets,    Circuit 2 contains 13 nets.


Contents of circuit 1:  Circuit: 'sky130_fd_sc_hd__o41ai_1'
Circuit sky130_fd_sc_hd__o41ai_1 contains 10 device instances.
  Class: sky130_fd_pr__pfet_01v8_hvt instances:   5
  Class: sky130_fd_pr__nfet_01v8 instances:   5
Circuit contains 14 nets.
Contents of circuit 2:  Circuit: 'sky130_fd_sc_hd__o41ai_1'
Circuit sky130_fd_sc_hd__o41ai_1 contains 10 device instances.
  Class: sky130_fd_pr__pfet_01v8_hvt instances:   5
  Class: sky130_fd_pr__nfet_01v8 instances:   5
Circuit contains 14 nets.

Circuit 1 contains 10 devices, Circuit 2 contains 10 devices.
Circuit 1 contains 14 nets,    Circuit 2 contains 14 nets.


Contents of circuit 1:  Circuit: 'sky130_fd_sc_hd__xnor3_1'
Circuit sky130_fd_sc_hd__xnor3_1 contains 22 device instances.
  Class: sky130_fd_pr__pfet_01v8_hvt instances:  11
  Class: sky130_fd_pr__nfet_01v8 instances:  11
Circuit contains 15 nets.
Contents of circuit 2:  Circuit: 'sky130_fd_sc_hd__xnor3_1'
Circuit sky130_fd_sc_hd__xnor3_1 contains 22 device instances.
  Class: sky130_fd_pr__pfet_01v8_hvt instances:  11
  Class: sky130_fd_pr__nfet_01v8 instances:  11
Circuit contains 15 nets.

Circuit 1 contains 22 devices, Circuit 2 contains 22 devices.
Circuit 1 contains 15 nets,    Circuit 2 contains 15 nets.


Contents of circuit 1:  Circuit: 'sky130_fd_sc_hd__a311oi_1'
Circuit sky130_fd_sc_hd__a311oi_1 contains 10 device instances.
  Class: sky130_fd_pr__pfet_01v8_hvt instances:   5
  Class: sky130_fd_pr__nfet_01v8 instances:   5
Circuit contains 14 nets.
Contents of circuit 2:  Circuit: 'sky130_fd_sc_hd__a311oi_1'
Circuit sky130_fd_sc_hd__a311oi_1 contains 10 device instances.
  Class: sky130_fd_pr__pfet_01v8_hvt instances:   5
  Class: sky130_fd_pr__nfet_01v8 instances:   5
Circuit contains 14 nets.

Circuit 1 contains 10 devices, Circuit 2 contains 10 devices.
Circuit 1 contains 14 nets,    Circuit 2 contains 14 nets.


Contents of circuit 1:  Circuit: 'sky130_fd_sc_hd__a32oi_4'
Circuit sky130_fd_sc_hd__a32oi_4 contains 40 device instances.
  Class: sky130_fd_pr__pfet_01v8_hvt instances:  20
  Class: sky130_fd_pr__nfet_01v8 instances:  20
Circuit contains 14 nets.
Contents of circuit 2:  Circuit: 'sky130_fd_sc_hd__a32oi_4'
Circuit sky130_fd_sc_hd__a32oi_4 contains 40 device instances.
  Class: sky130_fd_pr__pfet_01v8_hvt instances:  20
  Class: sky130_fd_pr__nfet_01v8 instances:  20
Circuit contains 14 nets.

Circuit was modified by parallel/series device merging.
New circuit summary:

Contents of circuit 1:  Circuit: 'sky130_fd_sc_hd__a32oi_4'
Circuit sky130_fd_sc_hd__a32oi_4 contains 10 device instances.
  Class: sky130_fd_pr__pfet_01v8_hvt instances:   5
  Class: sky130_fd_pr__nfet_01v8 instances:   5
Circuit contains 14 nets.
Contents of circuit 2:  Circuit: 'sky130_fd_sc_hd__a32oi_4'
Circuit sky130_fd_sc_hd__a32oi_4 contains 10 device instances.
  Class: sky130_fd_pr__pfet_01v8_hvt instances:   5
  Class: sky130_fd_pr__nfet_01v8 instances:   5
Circuit contains 14 nets.

Circuit 1 contains 10 devices, Circuit 2 contains 10 devices.
Circuit 1 contains 14 nets,    Circuit 2 contains 14 nets.


Contents of circuit 1:  Circuit: 'sky130_fd_sc_hd__and3b_1'
Circuit sky130_fd_sc_hd__and3b_1 contains 10 device instances.
  Class: sky130_fd_pr__pfet_01v8_hvt instances:   5
  Class: sky130_fd_pr__nfet_01v8 instances:   5
Circuit contains 12 nets.
Contents of circuit 2:  Circuit: 'sky130_fd_sc_hd__and3b_1'
Circuit sky130_fd_sc_hd__and3b_1 contains 10 device instances.
  Class: sky130_fd_pr__pfet_01v8_hvt instances:   5
  Class: sky130_fd_pr__nfet_01v8 instances:   5
Circuit contains 12 nets.

Circuit 1 contains 10 devices, Circuit 2 contains 10 devices.
Circuit 1 contains 12 nets,    Circuit 2 contains 12 nets.


Contents of circuit 1:  Circuit: 'sky130_fd_sc_hd__nor2_4'
Circuit sky130_fd_sc_hd__nor2_4 contains 16 device instances.
  Class: sky130_fd_pr__pfet_01v8_hvt instances:   8
  Class: sky130_fd_pr__nfet_01v8 instances:   8
Circuit contains 8 nets.
Contents of circuit 2:  Circuit: 'sky130_fd_sc_hd__nor2_4'
Circuit sky130_fd_sc_hd__nor2_4 contains 16 device instances.
  Class: sky130_fd_pr__pfet_01v8_hvt instances:   8
  Class: sky130_fd_pr__nfet_01v8 instances:   8
Circuit contains 8 nets.

Circuit was modified by parallel/series device merging.
New circuit summary:

Contents of circuit 1:  Circuit: 'sky130_fd_sc_hd__nor2_4'
Circuit sky130_fd_sc_hd__nor2_4 contains 4 device instances.
  Class: sky130_fd_pr__pfet_01v8_hvt instances:   2
  Class: sky130_fd_pr__nfet_01v8 instances:   2
Circuit contains 8 nets.
Contents of circuit 2:  Circuit: 'sky130_fd_sc_hd__nor2_4'
Circuit sky130_fd_sc_hd__nor2_4 contains 4 device instances.
  Class: sky130_fd_pr__pfet_01v8_hvt instances:   2
  Class: sky130_fd_pr__nfet_01v8 instances:   2
Circuit contains 8 nets.

Circuit 1 contains 4 devices, Circuit 2 contains 4 devices.
Circuit 1 contains 8 nets,    Circuit 2 contains 8 nets.


Contents of circuit 1:  Circuit: 'sky130_fd_sc_hd__o221ai_4'
Circuit sky130_fd_sc_hd__o221ai_4 contains 40 device instances.
  Class: sky130_fd_pr__pfet_01v8_hvt instances:  20
  Class: sky130_fd_pr__nfet_01v8 instances:  20
Circuit contains 14 nets.
Contents of circuit 2:  Circuit: 'sky130_fd_sc_hd__o221ai_4'
Circuit sky130_fd_sc_hd__o221ai_4 contains 40 device instances.
  Class: sky130_fd_pr__pfet_01v8_hvt instances:  20
  Class: sky130_fd_pr__nfet_01v8 instances:  20
Circuit contains 14 nets.

Circuit was modified by parallel/series device merging.
New circuit summary:

Contents of circuit 1:  Circuit: 'sky130_fd_sc_hd__o221ai_4'
Circuit sky130_fd_sc_hd__o221ai_4 contains 10 device instances.
  Class: sky130_fd_pr__pfet_01v8_hvt instances:   5
  Class: sky130_fd_pr__nfet_01v8 instances:   5
Circuit contains 14 nets.
Contents of circuit 2:  Circuit: 'sky130_fd_sc_hd__o221ai_4'
Circuit sky130_fd_sc_hd__o221ai_4 contains 10 device instances.
  Class: sky130_fd_pr__pfet_01v8_hvt instances:   5
  Class: sky130_fd_pr__nfet_01v8 instances:   5
Circuit contains 14 nets.

Circuit 1 contains 10 devices, Circuit 2 contains 10 devices.
Circuit 1 contains 14 nets,    Circuit 2 contains 14 nets.


Contents of circuit 1:  Circuit: 'sky130_fd_sc_hd__a21bo_1'
Circuit sky130_fd_sc_hd__a21bo_1 contains 10 device instances.
  Class: sky130_fd_pr__pfet_01v8_hvt instances:   5
  Class: sky130_fd_pr__nfet_01v8 instances:   5
Circuit contains 12 nets.
Contents of circuit 2:  Circuit: 'sky130_fd_sc_hd__a21bo_1'
Circuit sky130_fd_sc_hd__a21bo_1 contains 10 device instances.
  Class: sky130_fd_pr__pfet_01v8_hvt instances:   5
  Class: sky130_fd_pr__nfet_01v8 instances:   5
Circuit contains 12 nets.

Circuit 1 contains 10 devices, Circuit 2 contains 10 devices.
Circuit 1 contains 12 nets,    Circuit 2 contains 12 nets.


Contents of circuit 1:  Circuit: 'sky130_fd_sc_hd__o31a_1'
Circuit sky130_fd_sc_hd__o31a_1 contains 10 device instances.
  Class: sky130_fd_pr__pfet_01v8_hvt instances:   5
  Class: sky130_fd_pr__nfet_01v8 instances:   5
Circuit contains 13 nets.
Contents of circuit 2:  Circuit: 'sky130_fd_sc_hd__o31a_1'
Circuit sky130_fd_sc_hd__o31a_1 contains 10 device instances.
  Class: sky130_fd_pr__pfet_01v8_hvt instances:   5
  Class: sky130_fd_pr__nfet_01v8 instances:   5
Circuit contains 13 nets.

Circuit 1 contains 10 devices, Circuit 2 contains 10 devices.
Circuit 1 contains 13 nets,    Circuit 2 contains 13 nets.


Contents of circuit 1:  Circuit: 'openframe_project_wrapper'
Circuit openframe_project_wrapper contains 48371 device instances.
  Class: sky130_fd_sc_hd__xor2_1 instances:  32
  Class: sky130_fd_sc_hd__nor4b_1 instances:   1
  Class: sky130_fd_sc_hd__a221oi_4 instances:   2
  Class: sky130_fd_sc_hd__nor2b_1 instances:  73
  Class: sky130_fd_sc_hd__clkbuf_16 instances: 358
  Class: sky130_fd_sc_hd__decap_8 instances: 1371
  Class: sky130_fd_sc_hd__o41ai_1 instances:   1
  Class: sky130_fd_sc_hd__a311oi_1 instances:   1
  Class: sky130_fd_sc_hd__clkbuf_4 instances:  49
  Class: sky130_fd_sc_hd__a211oi_1 instances:  32
  Class: sky130_fd_sc_hd__a32oi_4 instances:   2
  Class: sky130_fd_sc_hd__buf_4 instances: 874
  Class: sky130_fd_sc_hd__conb_1 instances: 548
  Class: sky130_fd_sc_hd__a211o_1 instances:   3
  Class: sky130_fd_sc_hd__a221oi_1 instances:  34
  Class: sky130_fd_sc_hd__a21oi_4 instances:  11
  Class: sky130_fd_sc_hd__nor2b_4 instances:   6
  Class: sky130_fd_sc_hd__a21o_1 instances:  12
  Class: sky130_fd_sc_hd__a211oi_4 instances:   1
  Class: sky130_fd_sc_hd__o21bai_2 instances:   3
  Class: sky130_fd_sc_hd__a221o_1 instances:   7
  Class: sky130_fd_sc_hd__dfxtp_4 instances:  23
  Class: sky130_fd_sc_hd__a311oi_2 instances:   1
  Class: sky130_fd_sc_hd__nor3b_2 instances:   4
  Class: sky130_fd_sc_hd__a32oi_1 instances:   4
  Class: sky130_fd_sc_hd__o32ai_1 instances:   1
  Class: sky130_fd_sc_hd__mux2i_1 instances:  37
  Class: sky130_fd_sc_hd__mux4_2 instances: 165
  Class: sky130_fd_sc_hd__a221oi_2 instances:   1
  Class: sky130_fd_sc_hd__nand2b_1 instances:  24
  Class: sky130_fd_sc_hd__a21oi_1 instances: 226
  Class: sky130_fd_sc_hd__nor4_2 instances:   2
  Class: sky130_fd_sc_hd__xnor2_1 instances:  47
  Class: sky130_fd_sc_hd__dfxtp_1 instances: 204
  Class: sky130_fd_sc_hd__a31oi_1 instances:  10
  Class: sky130_fd_sc_hd__a21boi_1 instances:   7
  Class: sky130_fd_sc_hd__a222oi_1 instances:  22
  Class: sky130_fd_sc_hd__nand3b_1 instances:   5
  Class: sky130_fd_sc_hd__buf_6 instances: 736
  Class: sky130_fd_sc_hd__nand2_2 instances:   7
  Class: sky130_fd_sc_hd__nor2_4 instances:   1
  Class: sky130_fd_sc_hd__a21bo_1 instances:   1
  Class: sky130_fd_sc_hd__clkbuf_2 instances: 767
  Class: sky130_fd_sc_hd__mux2i_4 instances:   3
  Class: sky130_fd_sc_hd__inv_1 instances: 129
  Class: sky130_fd_sc_hd__xor2_2 instances:   1
  Class: sky130_fd_sc_hd__bufinv_16 instances:  20
  Class: sky130_fd_sc_hd__o21bai_4 instances:   2
  Class: sky130_fd_sc_hd__o2111a_1 instances:   1
  Class: sky130_fd_sc_hd__nor3_2 instances:  16
  Class: sky130_fd_sc_hd__nor2b_2 instances:   1
  Class: sky130_fd_sc_hd__inv_4 instances:   1
  Class: sky130_fd_sc_hd__mux2_2 instances:  14
  Class: sky130_fd_sc_hd__o22ai_1 instances:  18
  Class: sky130_fd_sc_hd__a22o_1 instances:   5
  Class: sky130_fd_sc_hd__decap_4 instances: 1208
  Class: sky130_fd_sc_hd__and3b_1 instances:   1
  Class: sky130_fd_sc_hd__clkinv_2 instances:  15
  Class: sky130_fd_sc_hd__o211ai_1 instances:  19
  Class: sky130_fd_sc_hd__a22oi_1 instances:  23
  Class: sky130_fd_sc_hd__clkbuf_8 instances:  14
  Class: sky130_fd_sc_hd__o21bai_1 instances:  44
  Class: sky130_fd_sc_hd__and3_1 instances:  18
  Class: sky130_fd_sc_hd__a221o_2 instances:   2
  Class: sky130_fd_sc_hd__edfxtp_1 instances: 640
  Class: sky130_fd_sc_hd__o21ai_2 instances:   6
  Class: sky130_fd_sc_hd__and2_1 instances:  24
  Class: sky130_fd_sc_hd__nor3b_1 instances:   5
  Class: sky130_fd_sc_hd__o31a_1 instances:   1
  Class: sky130_fd_sc_hd__buf_8 instances: 135
  Class: sky130_fd_sc_hd__or2_1 instances:   5
  Class: sky130_fd_sc_hd__decap_3 instances: 2684
  Class: sky130_fd_sc_hd__mux2i_2 instances:   1
  Class: sky130_fd_sc_hd__o2111ai_1 instances:   4
  Class: sky130_fd_sc_hd__buf_12 instances:  11
  Class: sky130_fd_sc_hd__clkinv_1 instances:   8
  Class: sky130_fd_sc_hd__nand3_4 instances:   1
  Class: sky130_fd_sc_hd__xnor2_2 instances:  12
  Class: sky130_fd_sc_hd__a31oi_2 instances:   2
  Class: sky130_fd_sc_hd__decap_6 instances: 7880
  Class: sky130_fd_sc_hd__o221ai_4 instances:   1
  Class: sky130_fd_sc_hd__inv_2 instances:   7
  Class: sky130_fd_sc_hd__diode_2 instances: 226
  Class: sky130_fd_sc_hd__clkinv_4 instances:   1
  Class: sky130_fd_sc_hd__nand3_1 instances:  71
  Class: sky130_fd_sc_hd__or3_1 instances:   6
  Class: sky130_fd_sc_hd__nand4_1 instances:   7
  Class: sky130_fd_sc_hd__and4_1 instances:   3
  Class: sky130_fd_sc_hd__a32o_1 instances:   2
  Class: sky130_fd_sc_hd__nor4bb_1 instances:   1
  Class: sky130_fd_sc_hd__buf_2 instances:  47
  Class: sky130_fd_sc_hd__nor3_1 instances:  78
  Class: sky130_fd_sc_hd__o21ai_4 instances:   8
  Class: sky130_fd_sc_hd__mux2_1 instances:  42
  Class: sky130_fd_sc_hd__dfrtp_4 instances:   1
  Class: sky130_fd_sc_hd__maj3_1 instances:   2
  Class: sky130_fd_sc_hd__xnor3_1 instances:   1
  Class: sky130_fd_sc_hd__o221ai_1 instances:   3
  Class: sky130_fd_sc_hd__a21oi_2 instances:  12
  Class: sky130_fd_sc_hd__nor4_1 instances:   8
  Class: sky130_fd_sc_hd__a22oi_2 instances:   3
  Class: sky130_fd_sc_hd__nand3_2 instances:   1
  Class: sky130_fd_sc_hd__dfxtp_2 instances:  32
  Class: core_tile             instances:   4
  Class: sky130_fd_sc_hd__o211a_1 instances:   8
  Class: sky130_fd_sc_hd__a31o_1 instances:   2
  Class: sky130_fd_sc_hd__decap_12 instances: 28829
  Class: sky130_fd_sc_hd__o21a_1 instances:  29
  Class: sky130_fd_sc_hd__nand2_1 instances: 115
  Class: sky130_fd_sc_hd__a311oi_4 instances:   1
  Class: sky130_fd_sc_hd__clkbuf_1 instances:  17
  Class: sky130_fd_sc_hd__and2_2 instances:   2
  Class: sky130_fd_sc_hd__o21ai_1 instances: 107
  Class: sky130_fd_sc_hd__o2bb2ai_1 instances:   3
  Class: sky130_fd_sc_hd__dfrtp_1 instances:   1
Circuit contains 7008 nets, and 292 disconnected pins.
Contents of circuit 2:  Circuit: 'openframe_project_wrapper'
Circuit openframe_project_wrapper contains 48371 device instances.
  Class: sky130_fd_sc_hd__xor2_1 instances:  32
  Class: sky130_fd_sc_hd__nor4b_1 instances:   1
  Class: sky130_fd_sc_hd__a221oi_4 instances:   2
  Class: sky130_fd_sc_hd__nor2b_1 instances:  73
  Class: sky130_fd_sc_hd__clkbuf_16 instances: 358
  Class: sky130_fd_sc_hd__decap_8 instances: 1371
  Class: sky130_fd_sc_hd__o41ai_1 instances:   1
  Class: sky130_fd_sc_hd__clkbuf_4 instances:  49
  Class: sky130_fd_sc_hd__a311oi_1 instances:   1
  Class: sky130_fd_sc_hd__a211oi_1 instances:  32
  Class: sky130_fd_sc_hd__a32oi_4 instances:   2
  Class: sky130_fd_sc_hd__buf_4 instances: 874
  Class: sky130_fd_sc_hd__conb_1 instances: 548
  Class: sky130_fd_sc_hd__a211o_1 instances:   3
  Class: sky130_fd_sc_hd__a221oi_1 instances:  34
  Class: sky130_fd_sc_hd__a21oi_4 instances:  11
  Class: sky130_fd_sc_hd__nor2b_4 instances:   6
  Class: sky130_fd_sc_hd__a21o_1 instances:  12
  Class: sky130_fd_sc_hd__a211oi_4 instances:   1
  Class: sky130_fd_sc_hd__o21bai_2 instances:   3
  Class: sky130_fd_sc_hd__a221o_1 instances:   7
  Class: sky130_fd_sc_hd__dfxtp_4 instances:  23
  Class: sky130_fd_sc_hd__a311oi_2 instances:   1
  Class: sky130_fd_sc_hd__nor3b_2 instances:   4
  Class: sky130_fd_sc_hd__a32oi_1 instances:   4
  Class: sky130_fd_sc_hd__o32ai_1 instances:   1
  Class: sky130_fd_sc_hd__mux2i_1 instances:  37
  Class: sky130_fd_sc_hd__mux4_2 instances: 165
  Class: sky130_fd_sc_hd__nand2b_1 instances:  24
  Class: sky130_fd_sc_hd__a221oi_2 instances:   1
  Class: sky130_fd_sc_hd__a21oi_1 instances: 226
  Class: sky130_fd_sc_hd__nor4_2 instances:   2
  Class: sky130_fd_sc_hd__xnor2_1 instances:  47
  Class: sky130_fd_sc_hd__dfxtp_1 instances: 204
  Class: sky130_fd_sc_hd__a31oi_1 instances:  10
  Class: sky130_fd_sc_hd__a21boi_1 instances:   7
  Class: sky130_fd_sc_hd__a222oi_1 instances:  22
  Class: sky130_fd_sc_hd__nand3b_1 instances:   5
  Class: sky130_fd_sc_hd__buf_6 instances: 736
  Class: sky130_fd_sc_hd__nand2_2 instances:   7
  Class: sky130_fd_sc_hd__nor2_4 instances:   1
  Class: sky130_fd_sc_hd__a21bo_1 instances:   1
  Class: sky130_fd_sc_hd__clkbuf_2 instances: 767
  Class: sky130_fd_sc_hd__mux2i_4 instances:   3
  Class: sky130_fd_sc_hd__inv_1 instances: 129
  Class: sky130_fd_sc_hd__xor2_2 instances:   1
  Class: sky130_fd_sc_hd__bufinv_16 instances:  20
  Class: sky130_fd_sc_hd__o21bai_4 instances:   2
  Class: sky130_fd_sc_hd__o2111a_1 instances:   1
  Class: sky130_fd_sc_hd__nor3_2 instances:  16
  Class: sky130_fd_sc_hd__nor2b_2 instances:   1
  Class: sky130_fd_sc_hd__inv_4 instances:   1
  Class: sky130_fd_sc_hd__mux2_2 instances:  14
  Class: sky130_fd_sc_hd__o22ai_1 instances:  18
  Class: sky130_fd_sc_hd__decap_4 instances: 1208
  Class: sky130_fd_sc_hd__a22o_1 instances:   5
  Class: sky130_fd_sc_hd__and3b_1 instances:   1
  Class: sky130_fd_sc_hd__clkinv_2 instances:  15
  Class: sky130_fd_sc_hd__o211ai_1 instances:  19
  Class: sky130_fd_sc_hd__a22oi_1 instances:  23
  Class: sky130_fd_sc_hd__clkbuf_8 instances:  14
  Class: sky130_fd_sc_hd__o21bai_1 instances:  44
  Class: sky130_fd_sc_hd__and3_1 instances:  18
  Class: sky130_fd_sc_hd__a221o_2 instances:   2
  Class: sky130_fd_sc_hd__edfxtp_1 instances: 640
  Class: sky130_fd_sc_hd__o21ai_2 instances:   6
  Class: sky130_fd_sc_hd__and2_1 instances:  24
  Class: sky130_fd_sc_hd__nor3b_1 instances:   5
  Class: sky130_fd_sc_hd__o31a_1 instances:   1
  Class: sky130_fd_sc_hd__buf_8 instances: 135
  Class: sky130_fd_sc_hd__or2_1 instances:   5
  Class: sky130_fd_sc_hd__decap_3 instances: 2684
  Class: sky130_fd_sc_hd__mux2i_2 instances:   1
  Class: sky130_fd_sc_hd__o2111ai_1 instances:   4
  Class: sky130_fd_sc_hd__buf_12 instances:  11
  Class: sky130_fd_sc_hd__clkinv_1 instances:   8
  Class: sky130_fd_sc_hd__nand3_4 instances:   1
  Class: sky130_fd_sc_hd__xnor2_2 instances:  12
  Class: sky130_fd_sc_hd__a31oi_2 instances:   2
  Class: sky130_fd_sc_hd__decap_6 instances: 7880
  Class: sky130_fd_sc_hd__o221ai_4 instances:   1
  Class: sky130_fd_sc_hd__inv_2 instances:   7
  Class: sky130_fd_sc_hd__diode_2 instances: 226
  Class: sky130_fd_sc_hd__clkinv_4 instances:   1
  Class: sky130_fd_sc_hd__nand3_1 instances:  71
  Class: sky130_fd_sc_hd__or3_1 instances:   6
  Class: sky130_fd_sc_hd__nand4_1 instances:   7
  Class: sky130_fd_sc_hd__and4_1 instances:   3
  Class: sky130_fd_sc_hd__a32o_1 instances:   2
  Class: sky130_fd_sc_hd__nor4bb_1 instances:   1
  Class: sky130_fd_sc_hd__buf_2 instances:  47
  Class: sky130_fd_sc_hd__nor3_1 instances:  78
  Class: sky130_fd_sc_hd__o21ai_4 instances:   8
  Class: sky130_fd_sc_hd__mux2_1 instances:  42
  Class: sky130_fd_sc_hd__dfrtp_4 instances:   1
  Class: sky130_fd_sc_hd__maj3_1 instances:   2
  Class: sky130_fd_sc_hd__xnor3_1 instances:   1
  Class: sky130_fd_sc_hd__o221ai_1 instances:   3
  Class: sky130_fd_sc_hd__a21oi_2 instances:  12
  Class: sky130_fd_sc_hd__nor4_1 instances:   8
  Class: sky130_fd_sc_hd__a22oi_2 instances:   3
  Class: sky130_fd_sc_hd__nand3_2 instances:   1
  Class: sky130_fd_sc_hd__dfxtp_2 instances:  32
  Class: core_tile             instances:   4
  Class: sky130_fd_sc_hd__o211a_1 instances:   8
  Class: sky130_fd_sc_hd__a31o_1 instances:   2
  Class: sky130_fd_sc_hd__decap_12 instances: 28829
  Class: sky130_fd_sc_hd__o21a_1 instances:  29
  Class: sky130_fd_sc_hd__nand2_1 instances: 115
  Class: sky130_fd_sc_hd__clkbuf_1 instances:  17
  Class: sky130_fd_sc_hd__a311oi_4 instances:   1
  Class: sky130_fd_sc_hd__o21ai_1 instances: 107
  Class: sky130_fd_sc_hd__and2_2 instances:   2
  Class: sky130_fd_sc_hd__o2bb2ai_1 instances:   3
  Class: sky130_fd_sc_hd__dfrtp_1 instances:   1
Circuit contains 7008 nets, and 292 disconnected pins.

Circuit was modified by parallel/series device merging.
New circuit summary:

Contents of circuit 1:  Circuit: 'openframe_project_wrapper'
Circuit openframe_project_wrapper contains 6312 device instances.
  Class: sky130_fd_sc_hd__xor2_1 instances:  32
  Class: sky130_fd_sc_hd__nor4b_1 instances:   1
  Class: sky130_fd_sc_hd__a221oi_4 instances:   2
  Class: sky130_fd_sc_hd__nor2b_1 instances:  73
  Class: sky130_fd_sc_hd__clkbuf_16 instances: 358
  Class: sky130_fd_sc_hd__decap_8 instances:   1
  Class: sky130_fd_sc_hd__o41ai_1 instances:   1
  Class: sky130_fd_sc_hd__a311oi_1 instances:   1
  Class: sky130_fd_sc_hd__clkbuf_4 instances:  49
  Class: sky130_fd_sc_hd__a211oi_1 instances:  32
  Class: sky130_fd_sc_hd__a32oi_4 instances:   2
  Class: sky130_fd_sc_hd__buf_4 instances: 874
  Class: sky130_fd_sc_hd__conb_1 instances: 548
  Class: sky130_fd_sc_hd__a211o_1 instances:   3
  Class: sky130_fd_sc_hd__a221oi_1 instances:  34
  Class: sky130_fd_sc_hd__a21oi_4 instances:  11
  Class: sky130_fd_sc_hd__nor2b_4 instances:   6
  Class: sky130_fd_sc_hd__a21o_1 instances:  12
  Class: sky130_fd_sc_hd__a211oi_4 instances:   1
  Class: sky130_fd_sc_hd__o21bai_2 instances:   3
  Class: sky130_fd_sc_hd__a221o_1 instances:   7
  Class: sky130_fd_sc_hd__dfxtp_4 instances:  23
  Class: sky130_fd_sc_hd__a311oi_2 instances:   1
  Class: sky130_fd_sc_hd__nor3b_2 instances:   4
  Class: sky130_fd_sc_hd__a32oi_1 instances:   4
  Class: sky130_fd_sc_hd__o32ai_1 instances:   1
  Class: sky130_fd_sc_hd__mux2i_1 instances:  37
  Class: sky130_fd_sc_hd__mux4_2 instances: 165
  Class: sky130_fd_sc_hd__a221oi_2 instances:   1
  Class: sky130_fd_sc_hd__nand2b_1 instances:  24
  Class: sky130_fd_sc_hd__a21oi_1 instances: 226
  Class: sky130_fd_sc_hd__nor4_2 instances:   2
  Class: sky130_fd_sc_hd__xnor2_1 instances:  47
  Class: sky130_fd_sc_hd__dfxtp_1 instances: 204
  Class: sky130_fd_sc_hd__a31oi_1 instances:  10
  Class: sky130_fd_sc_hd__a21boi_1 instances:   7
  Class: sky130_fd_sc_hd__a222oi_1 instances:  22
  Class: sky130_fd_sc_hd__nand3b_1 instances:   5
  Class: sky130_fd_sc_hd__buf_6 instances: 736
  Class: sky130_fd_sc_hd__nand2_2 instances:   7
  Class: sky130_fd_sc_hd__nor2_4 instances:   1
  Class: sky130_fd_sc_hd__a21bo_1 instances:   1
  Class: sky130_fd_sc_hd__clkbuf_2 instances: 767
  Class: sky130_fd_sc_hd__mux2i_4 instances:   3
  Class: sky130_fd_sc_hd__inv_1 instances: 129
  Class: sky130_fd_sc_hd__xor2_2 instances:   1
  Class: sky130_fd_sc_hd__bufinv_16 instances:  20
  Class: sky130_fd_sc_hd__o21bai_4 instances:   2
  Class: sky130_fd_sc_hd__o2111a_1 instances:   1
  Class: sky130_fd_sc_hd__nor3_2 instances:  16
  Class: sky130_fd_sc_hd__nor2b_2 instances:   1
  Class: sky130_fd_sc_hd__inv_4 instances:   1
  Class: sky130_fd_sc_hd__mux2_2 instances:  14
  Class: sky130_fd_sc_hd__o22ai_1 instances:  18
  Class: sky130_fd_sc_hd__a22o_1 instances:   5
  Class: sky130_fd_sc_hd__decap_4 instances:   1
  Class: sky130_fd_sc_hd__and3b_1 instances:   1
  Class: sky130_fd_sc_hd__clkinv_2 instances:  15
  Class: sky130_fd_sc_hd__o211ai_1 instances:  19
  Class: sky130_fd_sc_hd__a22oi_1 instances:  23
  Class: sky130_fd_sc_hd__clkbuf_8 instances:  14
  Class: sky130_fd_sc_hd__o21bai_1 instances:  44
  Class: sky130_fd_sc_hd__and3_1 instances:  18
  Class: sky130_fd_sc_hd__a221o_2 instances:   2
  Class: sky130_fd_sc_hd__edfxtp_1 instances: 640
  Class: sky130_fd_sc_hd__o21ai_2 instances:   6
  Class: sky130_fd_sc_hd__and2_1 instances:  24
  Class: sky130_fd_sc_hd__nor3b_1 instances:   5
  Class: sky130_fd_sc_hd__o31a_1 instances:   1
  Class: sky130_fd_sc_hd__buf_8 instances: 135
  Class: sky130_fd_sc_hd__or2_1 instances:   5
  Class: sky130_fd_sc_hd__decap_3 instances:   1
  Class: sky130_fd_sc_hd__mux2i_2 instances:   1
  Class: sky130_fd_sc_hd__o2111ai_1 instances:   4
  Class: sky130_fd_sc_hd__buf_12 instances:  11
  Class: sky130_fd_sc_hd__clkinv_1 instances:   8
  Class: sky130_fd_sc_hd__nand3_4 instances:   1
  Class: sky130_fd_sc_hd__xnor2_2 instances:  12
  Class: sky130_fd_sc_hd__a31oi_2 instances:   2
  Class: sky130_fd_sc_hd__decap_6 instances:   1
  Class: sky130_fd_sc_hd__o221ai_4 instances:   1
  Class: sky130_fd_sc_hd__inv_2 instances:   7
  Class: sky130_fd_sc_hd__diode_2 instances: 134
  Class: sky130_fd_sc_hd__clkinv_4 instances:   1
  Class: sky130_fd_sc_hd__nand3_1 instances:  71
  Class: sky130_fd_sc_hd__or3_1 instances:   6
  Class: sky130_fd_sc_hd__nand4_1 instances:   7
  Class: sky130_fd_sc_hd__and4_1 instances:   3
  Class: sky130_fd_sc_hd__a32o_1 instances:   2
  Class: sky130_fd_sc_hd__nor4bb_1 instances:   1
  Class: sky130_fd_sc_hd__buf_2 instances:  47
  Class: sky130_fd_sc_hd__nor3_1 instances:  78
  Class: sky130_fd_sc_hd__o21ai_4 instances:   8
  Class: sky130_fd_sc_hd__mux2_1 instances:  42
  Class: sky130_fd_sc_hd__dfrtp_4 instances:   1
  Class: sky130_fd_sc_hd__maj3_1 instances:   2
  Class: sky130_fd_sc_hd__xnor3_1 instances:   1
  Class: sky130_fd_sc_hd__o221ai_1 instances:   3
  Class: sky130_fd_sc_hd__a21oi_2 instances:  12
  Class: sky130_fd_sc_hd__nor4_1 instances:   8
  Class: sky130_fd_sc_hd__a22oi_2 instances:   3
  Class: sky130_fd_sc_hd__nand3_2 instances:   1
  Class: sky130_fd_sc_hd__dfxtp_2 instances:  32
  Class: core_tile             instances:   4
  Class: sky130_fd_sc_hd__o211a_1 instances:   8
  Class: sky130_fd_sc_hd__a31o_1 instances:   2
  Class: sky130_fd_sc_hd__decap_12 instances:   1
  Class: sky130_fd_sc_hd__o21a_1 instances:  29
  Class: sky130_fd_sc_hd__nand2_1 instances: 115
  Class: sky130_fd_sc_hd__a311oi_4 instances:   1
  Class: sky130_fd_sc_hd__clkbuf_1 instances:  17
  Class: sky130_fd_sc_hd__and2_2 instances:   2
  Class: sky130_fd_sc_hd__o21ai_1 instances: 107
  Class: sky130_fd_sc_hd__o2bb2ai_1 instances:   3
  Class: sky130_fd_sc_hd__dfrtp_1 instances:   1
Circuit contains 7008 nets, and 292 disconnected pins.
Contents of circuit 2:  Circuit: 'openframe_project_wrapper'
Circuit openframe_project_wrapper contains 6312 device instances.
  Class: sky130_fd_sc_hd__xor2_1 instances:  32
  Class: sky130_fd_sc_hd__nor4b_1 instances:   1
  Class: sky130_fd_sc_hd__a221oi_4 instances:   2
  Class: sky130_fd_sc_hd__nor2b_1 instances:  73
  Class: sky130_fd_sc_hd__clkbuf_16 instances: 358
  Class: sky130_fd_sc_hd__decap_8 instances:   1
  Class: sky130_fd_sc_hd__o41ai_1 instances:   1
  Class: sky130_fd_sc_hd__clkbuf_4 instances:  49
  Class: sky130_fd_sc_hd__a311oi_1 instances:   1
  Class: sky130_fd_sc_hd__a211oi_1 instances:  32
  Class: sky130_fd_sc_hd__a32oi_4 instances:   2
  Class: sky130_fd_sc_hd__buf_4 instances: 874
  Class: sky130_fd_sc_hd__conb_1 instances: 548
  Class: sky130_fd_sc_hd__a211o_1 instances:   3
  Class: sky130_fd_sc_hd__a221oi_1 instances:  34
  Class: sky130_fd_sc_hd__a21oi_4 instances:  11
  Class: sky130_fd_sc_hd__nor2b_4 instances:   6
  Class: sky130_fd_sc_hd__a21o_1 instances:  12
  Class: sky130_fd_sc_hd__a211oi_4 instances:   1
  Class: sky130_fd_sc_hd__o21bai_2 instances:   3
  Class: sky130_fd_sc_hd__a221o_1 instances:   7
  Class: sky130_fd_sc_hd__dfxtp_4 instances:  23
  Class: sky130_fd_sc_hd__a311oi_2 instances:   1
  Class: sky130_fd_sc_hd__nor3b_2 instances:   4
  Class: sky130_fd_sc_hd__a32oi_1 instances:   4
  Class: sky130_fd_sc_hd__o32ai_1 instances:   1
  Class: sky130_fd_sc_hd__mux2i_1 instances:  37
  Class: sky130_fd_sc_hd__mux4_2 instances: 165
  Class: sky130_fd_sc_hd__nand2b_1 instances:  24
  Class: sky130_fd_sc_hd__a221oi_2 instances:   1
  Class: sky130_fd_sc_hd__a21oi_1 instances: 226
  Class: sky130_fd_sc_hd__nor4_2 instances:   2
  Class: sky130_fd_sc_hd__xnor2_1 instances:  47
  Class: sky130_fd_sc_hd__dfxtp_1 instances: 204
  Class: sky130_fd_sc_hd__a31oi_1 instances:  10
  Class: sky130_fd_sc_hd__a21boi_1 instances:   7
  Class: sky130_fd_sc_hd__a222oi_1 instances:  22
  Class: sky130_fd_sc_hd__nand3b_1 instances:   5
  Class: sky130_fd_sc_hd__buf_6 instances: 736
  Class: sky130_fd_sc_hd__nand2_2 instances:   7
  Class: sky130_fd_sc_hd__nor2_4 instances:   1
  Class: sky130_fd_sc_hd__a21bo_1 instances:   1
  Class: sky130_fd_sc_hd__clkbuf_2 instances: 767
  Class: sky130_fd_sc_hd__mux2i_4 instances:   3
  Class: sky130_fd_sc_hd__inv_1 instances: 129
  Class: sky130_fd_sc_hd__xor2_2 instances:   1
  Class: sky130_fd_sc_hd__bufinv_16 instances:  20
  Class: sky130_fd_sc_hd__o21bai_4 instances:   2
  Class: sky130_fd_sc_hd__o2111a_1 instances:   1
  Class: sky130_fd_sc_hd__nor3_2 instances:  16
  Class: sky130_fd_sc_hd__nor2b_2 instances:   1
  Class: sky130_fd_sc_hd__inv_4 instances:   1
  Class: sky130_fd_sc_hd__mux2_2 instances:  14
  Class: sky130_fd_sc_hd__o22ai_1 instances:  18
  Class: sky130_fd_sc_hd__decap_4 instances:   1
  Class: sky130_fd_sc_hd__a22o_1 instances:   5
  Class: sky130_fd_sc_hd__and3b_1 instances:   1
  Class: sky130_fd_sc_hd__clkinv_2 instances:  15
  Class: sky130_fd_sc_hd__o211ai_1 instances:  19
  Class: sky130_fd_sc_hd__a22oi_1 instances:  23
  Class: sky130_fd_sc_hd__clkbuf_8 instances:  14
  Class: sky130_fd_sc_hd__o21bai_1 instances:  44
  Class: sky130_fd_sc_hd__and3_1 instances:  18
  Class: sky130_fd_sc_hd__a221o_2 instances:   2
  Class: sky130_fd_sc_hd__edfxtp_1 instances: 640
  Class: sky130_fd_sc_hd__o21ai_2 instances:   6
  Class: sky130_fd_sc_hd__and2_1 instances:  24
  Class: sky130_fd_sc_hd__nor3b_1 instances:   5
  Class: sky130_fd_sc_hd__o31a_1 instances:   1
  Class: sky130_fd_sc_hd__buf_8 instances: 135
  Class: sky130_fd_sc_hd__or2_1 instances:   5
  Class: sky130_fd_sc_hd__decap_3 instances:   1
  Class: sky130_fd_sc_hd__mux2i_2 instances:   1
  Class: sky130_fd_sc_hd__o2111ai_1 instances:   4
  Class: sky130_fd_sc_hd__buf_12 instances:  11
  Class: sky130_fd_sc_hd__clkinv_1 instances:   8
  Class: sky130_fd_sc_hd__nand3_4 instances:   1
  Class: sky130_fd_sc_hd__xnor2_2 instances:  12
  Class: sky130_fd_sc_hd__a31oi_2 instances:   2
  Class: sky130_fd_sc_hd__decap_6 instances:   1
  Class: sky130_fd_sc_hd__o221ai_4 instances:   1
  Class: sky130_fd_sc_hd__inv_2 instances:   7
  Class: sky130_fd_sc_hd__diode_2 instances: 134
  Class: sky130_fd_sc_hd__clkinv_4 instances:   1
  Class: sky130_fd_sc_hd__nand3_1 instances:  71
  Class: sky130_fd_sc_hd__or3_1 instances:   6
  Class: sky130_fd_sc_hd__nand4_1 instances:   7
  Class: sky130_fd_sc_hd__and4_1 instances:   3
  Class: sky130_fd_sc_hd__a32o_1 instances:   2
  Class: sky130_fd_sc_hd__nor4bb_1 instances:   1
  Class: sky130_fd_sc_hd__buf_2 instances:  47
  Class: sky130_fd_sc_hd__nor3_1 instances:  78
  Class: sky130_fd_sc_hd__o21ai_4 instances:   8
  Class: sky130_fd_sc_hd__mux2_1 instances:  42
  Class: sky130_fd_sc_hd__dfrtp_4 instances:   1
  Class: sky130_fd_sc_hd__maj3_1 instances:   2
  Class: sky130_fd_sc_hd__xnor3_1 instances:   1
  Class: sky130_fd_sc_hd__o221ai_1 instances:   3
  Class: sky130_fd_sc_hd__a21oi_2 instances:  12
  Class: sky130_fd_sc_hd__nor4_1 instances:   8
  Class: sky130_fd_sc_hd__a22oi_2 instances:   3
  Class: sky130_fd_sc_hd__nand3_2 instances:   1
  Class: sky130_fd_sc_hd__dfxtp_2 instances:  32
  Class: core_tile             instances:   4
  Class: sky130_fd_sc_hd__o211a_1 instances:   8
  Class: sky130_fd_sc_hd__a31o_1 instances:   2
  Class: sky130_fd_sc_hd__decap_12 instances:   1
  Class: sky130_fd_sc_hd__o21a_1 instances:  29
  Class: sky130_fd_sc_hd__nand2_1 instances: 115
  Class: sky130_fd_sc_hd__clkbuf_1 instances:  17
  Class: sky130_fd_sc_hd__a311oi_4 instances:   1
  Class: sky130_fd_sc_hd__o21ai_1 instances: 107
  Class: sky130_fd_sc_hd__and2_2 instances:   2
  Class: sky130_fd_sc_hd__o2bb2ai_1 instances:   3
  Class: sky130_fd_sc_hd__dfrtp_1 instances:   1
Circuit contains 7008 nets, and 292 disconnected pins.

Circuit 1 contains 6312 devices, Circuit 2 contains 6312 devices.
Circuit 1 contains 7008 nets,    Circuit 2 contains 7008 nets.


Final result: 
Circuits match uniquely.
.
Logging to file "/home/research/alosh/superfloat.gpu/librelane/openframe/runs/chip_20_eco2/25-netgen-lvs/reports/lvs.netgen.rpt" disabled
LVS Done.
