Reading timing models for corner max_ss_100C_1v60…
Reading timing library for the 'max_ss_100C_1v60' corner at '/home/research/.ciel/ciel/sky130/versions/1689ac3f2dc763876eaf967227c7dfe831b031ae/sky130A/libs.ref/sky130_fd_sc_hd/lib/sky130_fd_sc_hd__ss_100C_1v60.lib'…
Reading timing library for the 'max_ss_100C_1v60' corner at '/home/research/.ciel/ciel/sky130/versions/1689ac3f2dc763876eaf967227c7dfe831b031ae/sky130A/libs.ref/sky130_fd_io/lib/sky130_ef_io__vccd_lvc_clamped_pad_ss_100C_1v60_3v00_3v00.lib'…
[WARNING STA-1173] /home/research/.ciel/ciel/sky130/versions/1689ac3f2dc763876eaf967227c7dfe831b031ae/sky130A/libs.ref/sky130_fd_io/lib/sky130_ef_io__vccd_lvc_clamped_pad_ss_100C_1v60_3v00_3v00.lib line 42, default_fanout_load is 0.0.
Reading timing library for the 'max_ss_100C_1v60' corner at '/home/research/.ciel/ciel/sky130/versions/1689ac3f2dc763876eaf967227c7dfe831b031ae/sky130A/libs.ref/sky130_fd_io/lib/sky130_ef_io__vssd_lvc_clamped_pad_ss_100C_1v60_3v00.lib'…
[WARNING STA-1173] /home/research/.ciel/ciel/sky130/versions/1689ac3f2dc763876eaf967227c7dfe831b031ae/sky130A/libs.ref/sky130_fd_io/lib/sky130_ef_io__vssd_lvc_clamped_pad_ss_100C_1v60_3v00.lib line 43, default_fanout_load is 0.0.
Reading timing library for the 'max_ss_100C_1v60' corner at '/home/research/.ciel/ciel/sky130/versions/1689ac3f2dc763876eaf967227c7dfe831b031ae/sky130A/libs.ref/sky130_fd_io/lib/sky130_ef_io__vddio_hvc_clamped_pad_ss_100C_1v60_3v00_3v00.lib'…
[WARNING STA-1173] /home/research/.ciel/ciel/sky130/versions/1689ac3f2dc763876eaf967227c7dfe831b031ae/sky130A/libs.ref/sky130_fd_io/lib/sky130_ef_io__vddio_hvc_clamped_pad_ss_100C_1v60_3v00_3v00.lib line 42, default_fanout_load is 0.0.
Reading timing library for the 'max_ss_100C_1v60' corner at '/home/research/.ciel/ciel/sky130/versions/1689ac3f2dc763876eaf967227c7dfe831b031ae/sky130A/libs.ref/sky130_fd_io/lib/sky130_ef_io__vssio_hvc_clamped_pad_ss_100C_1v60_3v00_3v00.lib'…
[WARNING STA-1173] /home/research/.ciel/ciel/sky130/versions/1689ac3f2dc763876eaf967227c7dfe831b031ae/sky130A/libs.ref/sky130_fd_io/lib/sky130_ef_io__vssio_hvc_clamped_pad_ss_100C_1v60_3v00_3v00.lib line 42, default_fanout_load is 0.0.
Reading timing library for the 'max_ss_100C_1v60' corner at '/home/research/.ciel/ciel/sky130/versions/1689ac3f2dc763876eaf967227c7dfe831b031ae/sky130A/libs.ref/sky130_fd_io/lib/sky130_ef_io__gpiov2_pad_ss_ss_100C_1v60_3v00.lib'…
[WARNING STA-1173] /home/research/.ciel/ciel/sky130/versions/1689ac3f2dc763876eaf967227c7dfe831b031ae/sky130A/libs.ref/sky130_fd_io/lib/sky130_ef_io__gpiov2_pad_ss_ss_100C_1v60_3v00.lib line 33, default_fanout_load is 0.0.
Reading timing library for the 'max_ss_100C_1v60' corner at '/home/research/.ciel/ciel/sky130/versions/1689ac3f2dc763876eaf967227c7dfe831b031ae/sky130A/libs.ref/sky130_fd_io/lib/slices_stubs.lib'…
[WARNING STA-1173] /home/research/.ciel/ciel/sky130/versions/1689ac3f2dc763876eaf967227c7dfe831b031ae/sky130A/libs.ref/sky130_fd_io/lib/slices_stubs.lib line 33, default_fanout_load is 0.0.
Reading timing library for the 'max_ss_100C_1v60' corner at '/home/research/.ciel/ciel/sky130/versions/1689ac3f2dc763876eaf967227c7dfe831b031ae/sky130A/libs.ref/sky130_fd_io/lib/sky130_ef_io__analog_stubs.lib'…
[WARNING STA-1173] /home/research/.ciel/ciel/sky130/versions/1689ac3f2dc763876eaf967227c7dfe831b031ae/sky130A/libs.ref/sky130_fd_io/lib/sky130_ef_io__analog_stubs.lib line 43, default_fanout_load is 0.0.
Reading timing library for the 'max_ss_100C_1v60' corner at '/home/research/alosh/superfloat.gpu/librelane/core_tile/views/lib/max_ss_100C_1v60/core_tile__max_ss_100C_1v60.lib'…
Reading OpenROAD database at '/home/research/alosh/superfloat.gpu/librelane/openframe/runs/chip_20_eco2/01-odb-insertecobuffers/openframe_project_wrapper.odb'…
[WARNING ORD-2056] The following 2 liberty cell(s) do not have LEF masters and will be marked as dont-use:
  sky130_ef_io__analog_minesd_pad
  sky130_ef_io__analog_minesd_pad_short
Reading design constraints file at '/home/research/alosh/superfloat.gpu/librelane/openframe/pnr.sdc'…
+ detailed_route -droute_end_iter 64 -or_seed 42 -verbose 1 -output_drc /home/research/alosh/superfloat.gpu/librelane/openframe/runs/chip_20_eco2/02-openroad-detailedrouting/drt-run-0/openframe_project_wrapper.drc
[INFO DRT-0149] Reading tech and libs.
[WARNING DRT-0349] LEF58_ENCLOSURE with no CUTCLASS is not supported. Skipping for layer mcon
[WARNING DRT-0349] LEF58_ENCLOSURE with no CUTCLASS is not supported. Skipping for layer mcon
[WARNING DRT-0349] LEF58_ENCLOSURE with no CUTCLASS is not supported. Skipping for layer via
[WARNING DRT-0349] LEF58_ENCLOSURE with no CUTCLASS is not supported. Skipping for layer via
[WARNING DRT-0349] LEF58_ENCLOSURE with no CUTCLASS is not supported. Skipping for layer via2
[WARNING DRT-0349] LEF58_ENCLOSURE with no CUTCLASS is not supported. Skipping for layer via2
[WARNING DRT-0349] LEF58_ENCLOSURE with no CUTCLASS is not supported. Skipping for layer via3
[WARNING DRT-0349] LEF58_ENCLOSURE with no CUTCLASS is not supported. Skipping for layer via3
[WARNING DRT-0349] LEF58_ENCLOSURE with no CUTCLASS is not supported. Skipping for layer via4
[WARNING DRT-0349] LEF58_ENCLOSURE with no CUTCLASS is not supported. Skipping for layer via4

Units:                1000
Number of layers:     13
Number of macros:     487
Number of vias:       36
Number of viarulegen: 25

[INFO DRT-0150] Reading design.

Design:                   openframe_project_wrapper
Die area:                 ( 0 0 ) ( 3166630 4766630 )
Number of track patterns: 12
Number of DEF vias:       0
Number of components:     23809
Number of terminals:      887
Number of snets:          14
Number of nets:           6663

[WARNING DRT-0422] No routing tracks pass through the center of Term gpio_loopback_one[24].
[WARNING DRT-0422] No routing tracks pass through the center of Term gpio_loopback_one[25].
[WARNING DRT-0422] No routing tracks pass through the center of Term gpio_loopback_one[26].
[WARNING DRT-0422] No routing tracks pass through the center of Term gpio_loopback_one[27].
[WARNING DRT-0422] No routing tracks pass through the center of Term gpio_loopback_one[28].
[WARNING DRT-0422] No routing tracks pass through the center of Term gpio_loopback_one[29].
[WARNING DRT-0422] No routing tracks pass through the center of Term gpio_loopback_one[30].
[WARNING DRT-0422] No routing tracks pass through the center of Term gpio_loopback_one[31].
[WARNING DRT-0422] No routing tracks pass through the center of Term gpio_loopback_one[32].
[WARNING DRT-0422] No routing tracks pass through the center of Term gpio_loopback_one[33].
[WARNING DRT-0422] No routing tracks pass through the center of Term gpio_loopback_one[34].
[WARNING DRT-0422] No routing tracks pass through the center of Term gpio_loopback_one[35].
[WARNING DRT-0422] No routing tracks pass through the center of Term gpio_loopback_one[36].
[WARNING DRT-0422] No routing tracks pass through the center of Term gpio_loopback_one[37].
[WARNING DRT-0422] No routing tracks pass through the center of Term gpio_loopback_zero[24].
[WARNING DRT-0422] No routing tracks pass through the center of Term gpio_loopback_zero[25].
[WARNING DRT-0422] No routing tracks pass through the center of Term gpio_loopback_zero[26].
[WARNING DRT-0422] No routing tracks pass through the center of Term gpio_loopback_zero[27].
[WARNING DRT-0422] No routing tracks pass through the center of Term gpio_loopback_zero[28].
[WARNING DRT-0422] No routing tracks pass through the center of Term gpio_loopback_zero[29].
[WARNING DRT-0422] No routing tracks pass through the center of Term gpio_loopback_zero[30].
[WARNING DRT-0422] No routing tracks pass through the center of Term gpio_loopback_zero[31].
[WARNING DRT-0422] No routing tracks pass through the center of Term gpio_loopback_zero[32].
[WARNING DRT-0422] No routing tracks pass through the center of Term gpio_loopback_zero[33].
[WARNING DRT-0422] No routing tracks pass through the center of Term gpio_loopback_zero[34].
[WARNING DRT-0422] No routing tracks pass through the center of Term gpio_loopback_zero[35].
[WARNING DRT-0422] No routing tracks pass through the center of Term gpio_loopback_zero[36].
[WARNING DRT-0422] No routing tracks pass through the center of Term gpio_loopback_zero[37].
[WARNING DRT-0418] Term chip.gpu_inst.tiles\[0\].tile/block_id[0] has no pins on routing grid
[WARNING DRT-0418] Term chip.gpu_inst.tiles\[0\].tile/block_id[1] has no pins on routing grid
[WARNING DRT-0418] Term chip.gpu_inst.tiles\[0\].tile/block_id[2] has no pins on routing grid
[WARNING DRT-0418] Term chip.gpu_inst.tiles\[0\].tile/block_id[3] has no pins on routing grid
[WARNING DRT-0418] Term chip.gpu_inst.tiles\[0\].tile/block_id[4] has no pins on routing grid
[WARNING DRT-0418] Term chip.gpu_inst.tiles\[0\].tile/block_id[5] has no pins on routing grid
[WARNING DRT-0418] Term chip.gpu_inst.tiles\[0\].tile/block_id[6] has no pins on routing grid
[WARNING DRT-0418] Term chip.gpu_inst.tiles\[0\].tile/block_id[7] has no pins on routing grid
[WARNING DRT-0418] Term chip.gpu_inst.tiles\[0\].tile/clk has no pins on routing grid
[WARNING DRT-0418] Term chip.gpu_inst.tiles\[0\].tile/core_reset has no pins on routing grid
[WARNING DRT-0418] Term chip.gpu_inst.tiles\[0\].tile/data_mem_read_address[0] has no pins on routing grid
[WARNING DRT-0418] Term chip.gpu_inst.tiles\[0\].tile/data_mem_read_address[10] has no pins on routing grid
[WARNING DRT-0418] Term chip.gpu_inst.tiles\[0\].tile/data_mem_read_address[11] has no pins on routing grid
[WARNING DRT-0418] Term chip.gpu_inst.tiles\[0\].tile/data_mem_read_address[12] has no pins on routing grid
[WARNING DRT-0418] Term chip.gpu_inst.tiles\[0\].tile/data_mem_read_address[13] has no pins on routing grid
[WARNING DRT-0418] Term chip.gpu_inst.tiles\[0\].tile/data_mem_read_address[14] has no pins on routing grid
[WARNING DRT-0418] Term chip.gpu_inst.tiles\[0\].tile/data_mem_read_address[15] has no pins on routing grid
[WARNING DRT-0418] Term chip.gpu_inst.tiles\[0\].tile/data_mem_read_address[16] has no pins on routing grid
[WARNING DRT-0418] Term chip.gpu_inst.tiles\[0\].tile/data_mem_read_address[17] has no pins on routing grid
[WARNING DRT-0418] Term chip.gpu_inst.tiles\[0\].tile/data_mem_read_address[18] has no pins on routing grid
[WARNING DRT-0418] Term chip.gpu_inst.tiles\[0\].tile/data_mem_read_address[1] has no pins on routing grid
[WARNING DRT-0418] Term chip.gpu_inst.tiles\[0\].tile/data_mem_read_address[2] has no pins on routing grid
[WARNING DRT-0418] Term chip.gpu_inst.tiles\[0\].tile/data_mem_read_address[3] has no pins on routing grid
[WARNING DRT-0418] Term chip.gpu_inst.tiles\[0\].tile/data_mem_read_address[4] has no pins on routing grid
[WARNING DRT-0418] Term chip.gpu_inst.tiles\[0\].tile/data_mem_read_address[5] has no pins on routing grid
[WARNING DRT-0418] Term chip.gpu_inst.tiles\[0\].tile/data_mem_read_address[6] has no pins on routing grid
[WARNING DRT-0418] Term chip.gpu_inst.tiles\[0\].tile/data_mem_read_address[7] has no pins on routing grid
[WARNING DRT-0418] Term chip.gpu_inst.tiles\[0\].tile/data_mem_read_address[8] has no pins on routing grid
[WARNING DRT-0418] Term chip.gpu_inst.tiles\[0\].tile/data_mem_read_address[9] has no pins on routing grid
[WARNING DRT-0418] Term chip.gpu_inst.tiles\[0\].tile/data_mem_read_data[0] has no pins on routing grid
[WARNING DRT-0418] Term chip.gpu_inst.tiles\[0\].tile/data_mem_read_data[10] has no pins on routing grid
[WARNING DRT-0418] Term chip.gpu_inst.tiles\[0\].tile/data_mem_read_data[11] has no pins on routing grid
[WARNING DRT-0418] Term chip.gpu_inst.tiles\[0\].tile/data_mem_read_data[12] has no pins on routing grid
[WARNING DRT-0418] Term chip.gpu_inst.tiles\[0\].tile/data_mem_read_data[13] has no pins on routing grid
[WARNING DRT-0418] Term chip.gpu_inst.tiles\[0\].tile/data_mem_read_data[14] has no pins on routing grid
[WARNING DRT-0418] Term chip.gpu_inst.tiles\[0\].tile/data_mem_read_data[15] has no pins on routing grid
[WARNING DRT-0418] Term chip.gpu_inst.tiles\[0\].tile/data_mem_read_data[1] has no pins on routing grid
[WARNING DRT-0418] Term chip.gpu_inst.tiles\[0\].tile/data_mem_read_data[2] has no pins on routing grid
[WARNING DRT-0418] Term chip.gpu_inst.tiles\[0\].tile/data_mem_read_data[3] has no pins on routing grid
[WARNING DRT-0418] Term chip.gpu_inst.tiles\[0\].tile/data_mem_read_data[4] has no pins on routing grid
[WARNING DRT-0418] Term chip.gpu_inst.tiles\[0\].tile/data_mem_read_data[5] has no pins on routing grid
[WARNING DRT-0418] Term chip.gpu_inst.tiles\[0\].tile/data_mem_read_data[6] has no pins on routing grid
[WARNING DRT-0418] Term chip.gpu_inst.tiles\[0\].tile/data_mem_read_data[7] has no pins on routing grid
[WARNING DRT-0418] Term chip.gpu_inst.tiles\[0\].tile/data_mem_read_data[8] has no pins on routing grid
[WARNING DRT-0418] Term chip.gpu_inst.tiles\[0\].tile/data_mem_read_data[9] has no pins on routing grid
[WARNING DRT-0418] Term chip.gpu_inst.tiles\[0\].tile/data_mem_read_ready has no pins on routing grid
[WARNING DRT-0418] Term chip.gpu_inst.tiles\[0\].tile/data_mem_read_valid has no pins on routing grid
[WARNING DRT-0418] Term chip.gpu_inst.tiles\[0\].tile/data_mem_write_address[0] has no pins on routing grid
[WARNING DRT-0418] Term chip.gpu_inst.tiles\[0\].tile/data_mem_write_address[10] has no pins on routing grid
[WARNING DRT-0418] Term chip.gpu_inst.tiles\[0\].tile/data_mem_write_address[11] has no pins on routing grid
[WARNING DRT-0418] Term chip.gpu_inst.tiles\[0\].tile/data_mem_write_address[12] has no pins on routing grid
[WARNING DRT-0418] Term chip.gpu_inst.tiles\[0\].tile/data_mem_write_address[13] has no pins on routing grid
[WARNING DRT-0418] Term chip.gpu_inst.tiles\[0\].tile/data_mem_write_address[14] has no pins on routing grid
[WARNING DRT-0418] Term chip.gpu_inst.tiles\[0\].tile/data_mem_write_address[15] has no pins on routing grid
[WARNING DRT-0418] Term chip.gpu_inst.tiles\[0\].tile/data_mem_write_address[16] has no pins on routing grid
[WARNING DRT-0418] Term chip.gpu_inst.tiles\[0\].tile/data_mem_write_address[17] has no pins on routing grid
[WARNING DRT-0418] Term chip.gpu_inst.tiles\[0\].tile/data_mem_write_address[18] has no pins on routing grid
[WARNING DRT-0418] Term chip.gpu_inst.tiles\[0\].tile/data_mem_write_address[1] has no pins on routing grid
[WARNING DRT-0418] Term chip.gpu_inst.tiles\[0\].tile/data_mem_write_address[2] has no pins on routing grid
[WARNING DRT-0418] Term chip.gpu_inst.tiles\[0\].tile/data_mem_write_address[3] has no pins on routing grid
[WARNING DRT-0418] Term chip.gpu_inst.tiles\[0\].tile/data_mem_write_address[4] has no pins on routing grid
[WARNING DRT-0418] Term chip.gpu_inst.tiles\[0\].tile/data_mem_write_address[5] has no pins on routing grid
[WARNING DRT-0418] Term chip.gpu_inst.tiles\[0\].tile/data_mem_write_address[6] has no pins on routing grid
[WARNING DRT-0418] Term chip.gpu_inst.tiles\[0\].tile/data_mem_write_address[7] has no pins on routing grid
[WARNING DRT-0418] Term chip.gpu_inst.tiles\[0\].tile/data_mem_write_address[8] has no pins on routing grid
[WARNING DRT-0418] Term chip.gpu_inst.tiles\[0\].tile/data_mem_write_address[9] has no pins on routing grid
[WARNING DRT-0418] Term chip.gpu_inst.tiles\[0\].tile/data_mem_write_data[0] has no pins on routing grid
[WARNING DRT-0418] Term chip.gpu_inst.tiles\[0\].tile/data_mem_write_data[10] has no pins on routing grid
[WARNING DRT-0418] Term chip.gpu_inst.tiles\[0\].tile/data_mem_write_data[11] has no pins on routing grid
[WARNING DRT-0418] Term chip.gpu_inst.tiles\[0\].tile/data_mem_write_data[12] has no pins on routing grid
[WARNING DRT-0418] Term chip.gpu_inst.tiles\[0\].tile/data_mem_write_data[13] has no pins on routing grid
[WARNING DRT-0418] Term chip.gpu_inst.tiles\[0\].tile/data_mem_write_data[14] has no pins on routing grid
[WARNING DRT-0418] Term chip.gpu_inst.tiles\[0\].tile/data_mem_write_data[15] has no pins on routing grid
[WARNING DRT-0418] Term chip.gpu_inst.tiles\[0\].tile/data_mem_write_data[1] has no pins on routing grid
[WARNING DRT-0418] Term chip.gpu_inst.tiles\[0\].tile/data_mem_write_data[2] has no pins on routing grid
[WARNING DRT-0418] Term chip.gpu_inst.tiles\[0\].tile/data_mem_write_data[3] has no pins on routing grid
[WARNING DRT-0418] Term chip.gpu_inst.tiles\[0\].tile/data_mem_write_data[4] has no pins on routing grid
[WARNING DRT-0418] Term chip.gpu_inst.tiles\[0\].tile/data_mem_write_data[5] has no pins on routing grid
[WARNING DRT-0418] Term chip.gpu_inst.tiles\[0\].tile/data_mem_write_data[6] has no pins on routing grid
[WARNING DRT-0418] Term chip.gpu_inst.tiles\[0\].tile/data_mem_write_data[7] has no pins on routing grid
[WARNING DRT-0418] Term chip.gpu_inst.tiles\[0\].tile/data_mem_write_data[8] has no pins on routing grid
[WARNING DRT-0418] Term chip.gpu_inst.tiles\[0\].tile/data_mem_write_data[9] has no pins on routing grid
[WARNING DRT-0418] Term chip.gpu_inst.tiles\[0\].tile/data_mem_write_ready has no pins on routing grid
[WARNING DRT-0418] Term chip.gpu_inst.tiles\[0\].tile/data_mem_write_valid has no pins on routing grid
[WARNING DRT-0418] Term chip.gpu_inst.tiles\[0\].tile/done has no pins on routing grid
[WARNING DRT-0418] Term chip.gpu_inst.tiles\[0\].tile/program_mem_read_address[0] has no pins on routing grid
[WARNING DRT-0418] Term chip.gpu_inst.tiles\[0\].tile/program_mem_read_address[1] has no pins on routing grid
[WARNING DRT-0418] Term chip.gpu_inst.tiles\[0\].tile/program_mem_read_address[2] has no pins on routing grid
[WARNING DRT-0418] Term chip.gpu_inst.tiles\[0\].tile/program_mem_read_address[3] has no pins on routing grid
[WARNING DRT-0418] Term chip.gpu_inst.tiles\[0\].tile/program_mem_read_address[4] has no pins on routing grid
[WARNING DRT-0418] Term chip.gpu_inst.tiles\[0\].tile/program_mem_read_address[5] has no pins on routing grid
[WARNING DRT-0418] Term chip.gpu_inst.tiles\[0\].tile/program_mem_read_address[6] has no pins on routing grid
[WARNING DRT-0418] Term chip.gpu_inst.tiles\[0\].tile/program_mem_read_address[7] has no pins on routing grid
[WARNING DRT-0418] Term chip.gpu_inst.tiles\[0\].tile/program_mem_read_address[8] has no pins on routing grid
[WARNING DRT-0418] Term chip.gpu_inst.tiles\[0\].tile/program_mem_read_data[0] has no pins on routing grid
[WARNING DRT-0418] Term chip.gpu_inst.tiles\[0\].tile/program_mem_read_data[10] has no pins on routing grid
[WARNING DRT-0418] Term chip.gpu_inst.tiles\[0\].tile/program_mem_read_data[11] has no pins on routing grid
[WARNING DRT-0418] Term chip.gpu_inst.tiles\[0\].tile/program_mem_read_data[12] has no pins on routing grid
[WARNING DRT-0418] Term chip.gpu_inst.tiles\[0\].tile/program_mem_read_data[13] has no pins on routing grid
[WARNING DRT-0418] Term chip.gpu_inst.tiles\[0\].tile/program_mem_read_data[14] has no pins on routing grid
[WARNING DRT-0418] Term chip.gpu_inst.tiles\[0\].tile/program_mem_read_data[15] has no pins on routing grid
[WARNING DRT-0418] Term chip.gpu_inst.tiles\[0\].tile/program_mem_read_data[1] has no pins on routing grid
[WARNING DRT-0418] Term chip.gpu_inst.tiles\[0\].tile/program_mem_read_data[2] has no pins on routing grid
[WARNING DRT-0418] Term chip.gpu_inst.tiles\[0\].tile/program_mem_read_data[3] has no pins on routing grid
[WARNING DRT-0418] Term chip.gpu_inst.tiles\[0\].tile/program_mem_read_data[4] has no pins on routing grid
[WARNING DRT-0418] Term chip.gpu_inst.tiles\[0\].tile/program_mem_read_data[5] has no pins on routing grid
[WARNING DRT-0418] Term chip.gpu_inst.tiles\[0\].tile/program_mem_read_data[6] has no pins on routing grid
[WARNING DRT-0418] Term chip.gpu_inst.tiles\[0\].tile/program_mem_read_data[7] has no pins on routing grid
[WARNING DRT-0418] Term chip.gpu_inst.tiles\[0\].tile/program_mem_read_data[8] has no pins on routing grid
[WARNING DRT-0418] Term chip.gpu_inst.tiles\[0\].tile/program_mem_read_data[9] has no pins on routing grid
[WARNING DRT-0418] Term chip.gpu_inst.tiles\[0\].tile/program_mem_read_ready has no pins on routing grid
[WARNING DRT-0418] Term chip.gpu_inst.tiles\[0\].tile/program_mem_read_valid has no pins on routing grid
[WARNING DRT-0418] Term chip.gpu_inst.tiles\[0\].tile/reset has no pins on routing grid
[WARNING DRT-0418] Term chip.gpu_inst.tiles\[0\].tile/start has no pins on routing grid
[WARNING DRT-0418] Term chip.gpu_inst.tiles\[0\].tile/thread_count[0] has no pins on routing grid
[WARNING DRT-0418] Term chip.gpu_inst.tiles\[0\].tile/thread_count[1] has no pins on routing grid
[WARNING DRT-0418] Term chip.gpu_inst.tiles\[0\].tile/thread_count[2] has no pins on routing grid
[WARNING DRT-0418] Term chip.gpu_inst.tiles\[0\].tile/thread_count[3] has no pins on routing grid
[WARNING DRT-0418] Term chip.gpu_inst.tiles\[1\].tile/block_id[0] has no pins on routing grid
[WARNING DRT-0418] Term chip.gpu_inst.tiles\[1\].tile/block_id[1] has no pins on routing grid
[WARNING DRT-0418] Term chip.gpu_inst.tiles\[1\].tile/block_id[2] has no pins on routing grid
[WARNING DRT-0418] Term chip.gpu_inst.tiles\[1\].tile/block_id[3] has no pins on routing grid
[WARNING DRT-0418] Term chip.gpu_inst.tiles\[1\].tile/block_id[4] has no pins on routing grid
[WARNING DRT-0418] Term chip.gpu_inst.tiles\[1\].tile/block_id[5] has no pins on routing grid
[WARNING DRT-0418] Term chip.gpu_inst.tiles\[1\].tile/block_id[6] has no pins on routing grid
[WARNING DRT-0418] Term chip.gpu_inst.tiles\[1\].tile/block_id[7] has no pins on routing grid
[WARNING DRT-0418] Term chip.gpu_inst.tiles\[1\].tile/clk has no pins on routing grid
[WARNING DRT-0418] Term chip.gpu_inst.tiles\[1\].tile/core_reset has no pins on routing grid
[WARNING DRT-0418] Term chip.gpu_inst.tiles\[1\].tile/data_mem_read_address[0] has no pins on routing grid
[WARNING DRT-0418] Term chip.gpu_inst.tiles\[1\].tile/data_mem_read_address[10] has no pins on routing grid
[WARNING DRT-0418] Term chip.gpu_inst.tiles\[1\].tile/data_mem_read_address[11] has no pins on routing grid
[WARNING DRT-0418] Term chip.gpu_inst.tiles\[1\].tile/data_mem_read_address[12] has no pins on routing grid
[WARNING DRT-0418] Term chip.gpu_inst.tiles\[1\].tile/data_mem_read_address[13] has no pins on routing grid
[WARNING DRT-0418] Term chip.gpu_inst.tiles\[1\].tile/data_mem_read_address[14] has no pins on routing grid
[WARNING DRT-0418] Term chip.gpu_inst.tiles\[1\].tile/data_mem_read_address[15] has no pins on routing grid
[WARNING DRT-0418] Term chip.gpu_inst.tiles\[1\].tile/data_mem_read_address[16] has no pins on routing grid
[WARNING DRT-0418] Term chip.gpu_inst.tiles\[1\].tile/data_mem_read_address[17] has no pins on routing grid
[WARNING DRT-0418] Term chip.gpu_inst.tiles\[1\].tile/data_mem_read_address[18] has no pins on routing grid
[WARNING DRT-0418] Term chip.gpu_inst.tiles\[1\].tile/data_mem_read_address[1] has no pins on routing grid
[WARNING DRT-0418] Term chip.gpu_inst.tiles\[1\].tile/data_mem_read_address[2] has no pins on routing grid
[WARNING DRT-0418] Term chip.gpu_inst.tiles\[1\].tile/data_mem_read_address[3] has no pins on routing grid
[WARNING DRT-0418] Term chip.gpu_inst.tiles\[1\].tile/data_mem_read_address[4] has no pins on routing grid
[WARNING DRT-0418] Term chip.gpu_inst.tiles\[1\].tile/data_mem_read_address[5] has no pins on routing grid
[WARNING DRT-0418] Term chip.gpu_inst.tiles\[1\].tile/data_mem_read_address[6] has no pins on routing grid
[WARNING DRT-0418] Term chip.gpu_inst.tiles\[1\].tile/data_mem_read_address[7] has no pins on routing grid
[WARNING DRT-0418] Term chip.gpu_inst.tiles\[1\].tile/data_mem_read_address[8] has no pins on routing grid
[WARNING DRT-0418] Term chip.gpu_inst.tiles\[1\].tile/data_mem_read_address[9] has no pins on routing grid
[WARNING DRT-0418] Term chip.gpu_inst.tiles\[1\].tile/data_mem_read_data[0] has no pins on routing grid
[WARNING DRT-0418] Term chip.gpu_inst.tiles\[1\].tile/data_mem_read_data[10] has no pins on routing grid
[WARNING DRT-0418] Term chip.gpu_inst.tiles\[1\].tile/data_mem_read_data[11] has no pins on routing grid
[WARNING DRT-0418] Term chip.gpu_inst.tiles\[1\].tile/data_mem_read_data[12] has no pins on routing grid
[WARNING DRT-0418] Term chip.gpu_inst.tiles\[1\].tile/data_mem_read_data[13] has no pins on routing grid
[WARNING DRT-0418] Term chip.gpu_inst.tiles\[1\].tile/data_mem_read_data[14] has no pins on routing grid
[WARNING DRT-0418] Term chip.gpu_inst.tiles\[1\].tile/data_mem_read_data[15] has no pins on routing grid
[WARNING DRT-0418] Term chip.gpu_inst.tiles\[1\].tile/data_mem_read_data[1] has no pins on routing grid
[WARNING DRT-0418] Term chip.gpu_inst.tiles\[1\].tile/data_mem_read_data[2] has no pins on routing grid
[WARNING DRT-0418] Term chip.gpu_inst.tiles\[1\].tile/data_mem_read_data[3] has no pins on routing grid
[WARNING DRT-0418] Term chip.gpu_inst.tiles\[1\].tile/data_mem_read_data[4] has no pins on routing grid
[WARNING DRT-0418] Term chip.gpu_inst.tiles\[1\].tile/data_mem_read_data[5] has no pins on routing grid
[WARNING DRT-0418] Term chip.gpu_inst.tiles\[1\].tile/data_mem_read_data[6] has no pins on routing grid
[WARNING DRT-0418] Term chip.gpu_inst.tiles\[1\].tile/data_mem_read_data[7] has no pins on routing grid
[WARNING DRT-0418] Term chip.gpu_inst.tiles\[1\].tile/data_mem_read_data[8] has no pins on routing grid
[WARNING DRT-0418] Term chip.gpu_inst.tiles\[1\].tile/data_mem_read_data[9] has no pins on routing grid
[WARNING DRT-0418] Term chip.gpu_inst.tiles\[1\].tile/data_mem_read_ready has no pins on routing grid
[WARNING DRT-0418] Term chip.gpu_inst.tiles\[1\].tile/data_mem_read_valid has no pins on routing grid
[WARNING DRT-0418] Term chip.gpu_inst.tiles\[1\].tile/data_mem_write_address[0] has no pins on routing grid
[WARNING DRT-0418] Term chip.gpu_inst.tiles\[1\].tile/data_mem_write_address[10] has no pins on routing grid
[WARNING DRT-0418] Term chip.gpu_inst.tiles\[1\].tile/data_mem_write_address[11] has no pins on routing grid
[WARNING DRT-0418] Term chip.gpu_inst.tiles\[1\].tile/data_mem_write_address[12] has no pins on routing grid
[WARNING DRT-0418] Term chip.gpu_inst.tiles\[1\].tile/data_mem_write_address[13] has no pins on routing grid
[WARNING DRT-0418] Term chip.gpu_inst.tiles\[1\].tile/data_mem_write_address[14] has no pins on routing grid
[WARNING DRT-0418] Term chip.gpu_inst.tiles\[1\].tile/data_mem_write_address[15] has no pins on routing grid
[WARNING DRT-0418] Term chip.gpu_inst.tiles\[1\].tile/data_mem_write_address[16] has no pins on routing grid
[WARNING DRT-0418] Term chip.gpu_inst.tiles\[1\].tile/data_mem_write_address[17] has no pins on routing grid
[WARNING DRT-0418] Term chip.gpu_inst.tiles\[1\].tile/data_mem_write_address[18] has no pins on routing grid
[WARNING DRT-0418] Term chip.gpu_inst.tiles\[1\].tile/data_mem_write_address[1] has no pins on routing grid
[WARNING DRT-0418] Term chip.gpu_inst.tiles\[1\].tile/data_mem_write_address[2] has no pins on routing grid
[WARNING DRT-0418] Term chip.gpu_inst.tiles\[1\].tile/data_mem_write_address[3] has no pins on routing grid
[WARNING DRT-0418] Term chip.gpu_inst.tiles\[1\].tile/data_mem_write_address[4] has no pins on routing grid
[WARNING DRT-0418] Term chip.gpu_inst.tiles\[1\].tile/data_mem_write_address[5] has no pins on routing grid
[WARNING DRT-0418] Term chip.gpu_inst.tiles\[1\].tile/data_mem_write_address[6] has no pins on routing grid
[WARNING DRT-0418] Term chip.gpu_inst.tiles\[1\].tile/data_mem_write_address[7] has no pins on routing grid
[WARNING DRT-0418] Term chip.gpu_inst.tiles\[1\].tile/data_mem_write_address[8] has no pins on routing grid
[WARNING DRT-0418] Term chip.gpu_inst.tiles\[1\].tile/data_mem_write_address[9] has no pins on routing grid
[WARNING DRT-0418] Term chip.gpu_inst.tiles\[1\].tile/data_mem_write_data[0] has no pins on routing grid
[WARNING DRT-0418] Term chip.gpu_inst.tiles\[1\].tile/data_mem_write_data[10] has no pins on routing grid
[WARNING DRT-0418] Term chip.gpu_inst.tiles\[1\].tile/data_mem_write_data[11] has no pins on routing grid
[WARNING DRT-0418] Term chip.gpu_inst.tiles\[1\].tile/data_mem_write_data[12] has no pins on routing grid
[WARNING DRT-0418] Term chip.gpu_inst.tiles\[1\].tile/data_mem_write_data[13] has no pins on routing grid
[WARNING DRT-0418] Term chip.gpu_inst.tiles\[1\].tile/data_mem_write_data[14] has no pins on routing grid
[WARNING DRT-0418] Term chip.gpu_inst.tiles\[1\].tile/data_mem_write_data[15] has no pins on routing grid
[WARNING DRT-0418] Term chip.gpu_inst.tiles\[1\].tile/data_mem_write_data[1] has no pins on routing grid
[WARNING DRT-0418] Term chip.gpu_inst.tiles\[1\].tile/data_mem_write_data[2] has no pins on routing grid
[WARNING DRT-0418] Term chip.gpu_inst.tiles\[1\].tile/data_mem_write_data[3] has no pins on routing grid
[WARNING DRT-0418] Term chip.gpu_inst.tiles\[1\].tile/data_mem_write_data[4] has no pins on routing grid
[WARNING DRT-0418] Term chip.gpu_inst.tiles\[1\].tile/data_mem_write_data[5] has no pins on routing grid
[WARNING DRT-0418] Term chip.gpu_inst.tiles\[1\].tile/data_mem_write_data[6] has no pins on routing grid
[WARNING DRT-0418] Term chip.gpu_inst.tiles\[1\].tile/data_mem_write_data[7] has no pins on routing grid
[WARNING DRT-0418] Term chip.gpu_inst.tiles\[1\].tile/data_mem_write_data[8] has no pins on routing grid
[WARNING DRT-0418] Term chip.gpu_inst.tiles\[1\].tile/data_mem_write_data[9] has no pins on routing grid
[WARNING DRT-0418] Term chip.gpu_inst.tiles\[1\].tile/data_mem_write_ready has no pins on routing grid
[WARNING DRT-0418] Term chip.gpu_inst.tiles\[1\].tile/data_mem_write_valid has no pins on routing grid
[WARNING DRT-0418] Term chip.gpu_inst.tiles\[1\].tile/done has no pins on routing grid
[WARNING DRT-0418] Term chip.gpu_inst.tiles\[1\].tile/program_mem_read_address[0] has no pins on routing grid
[WARNING DRT-0418] Term chip.gpu_inst.tiles\[1\].tile/program_mem_read_address[1] has no pins on routing grid
[WARNING DRT-0418] Term chip.gpu_inst.tiles\[1\].tile/program_mem_read_address[2] has no pins on routing grid
[WARNING DRT-0418] Term chip.gpu_inst.tiles\[1\].tile/program_mem_read_address[3] has no pins on routing grid
[WARNING DRT-0418] Term chip.gpu_inst.tiles\[1\].tile/program_mem_read_address[4] has no pins on routing grid
[WARNING DRT-0418] Term chip.gpu_inst.tiles\[1\].tile/program_mem_read_address[5] has no pins on routing grid
[WARNING DRT-0418] Term chip.gpu_inst.tiles\[1\].tile/program_mem_read_address[6] has no pins on routing grid
[WARNING DRT-0418] Term chip.gpu_inst.tiles\[1\].tile/program_mem_read_address[7] has no pins on routing grid
[WARNING DRT-0418] Term chip.gpu_inst.tiles\[1\].tile/program_mem_read_address[8] has no pins on routing grid
[WARNING DRT-0418] Term chip.gpu_inst.tiles\[1\].tile/program_mem_read_data[0] has no pins on routing grid
[WARNING DRT-0418] Term chip.gpu_inst.tiles\[1\].tile/program_mem_read_data[10] has no pins on routing grid
[WARNING DRT-0418] Term chip.gpu_inst.tiles\[1\].tile/program_mem_read_data[11] has no pins on routing grid
[WARNING DRT-0418] Term chip.gpu_inst.tiles\[1\].tile/program_mem_read_data[12] has no pins on routing grid
[WARNING DRT-0418] Term chip.gpu_inst.tiles\[1\].tile/program_mem_read_data[13] has no pins on routing grid
[WARNING DRT-0418] Term chip.gpu_inst.tiles\[1\].tile/program_mem_read_data[14] has no pins on routing grid
[WARNING DRT-0418] Term chip.gpu_inst.tiles\[1\].tile/program_mem_read_data[15] has no pins on routing grid
[WARNING DRT-0418] Term chip.gpu_inst.tiles\[1\].tile/program_mem_read_data[1] has no pins on routing grid
[WARNING DRT-0418] Term chip.gpu_inst.tiles\[1\].tile/program_mem_read_data[2] has no pins on routing grid
[WARNING DRT-0418] Term chip.gpu_inst.tiles\[1\].tile/program_mem_read_data[3] has no pins on routing grid
[WARNING DRT-0418] Term chip.gpu_inst.tiles\[1\].tile/program_mem_read_data[4] has no pins on routing grid
[WARNING DRT-0418] Term chip.gpu_inst.tiles\[1\].tile/program_mem_read_data[5] has no pins on routing grid
[WARNING DRT-0418] Term chip.gpu_inst.tiles\[1\].tile/program_mem_read_data[6] has no pins on routing grid
[WARNING DRT-0418] Term chip.gpu_inst.tiles\[1\].tile/program_mem_read_data[7] has no pins on routing grid
[WARNING DRT-0418] Term chip.gpu_inst.tiles\[1\].tile/program_mem_read_data[8] has no pins on routing grid
[WARNING DRT-0418] Term chip.gpu_inst.tiles\[1\].tile/program_mem_read_data[9] has no pins on routing grid
[WARNING DRT-0418] Term chip.gpu_inst.tiles\[1\].tile/program_mem_read_ready has no pins on routing grid
[WARNING DRT-0418] Term chip.gpu_inst.tiles\[1\].tile/program_mem_read_valid has no pins on routing grid
[WARNING DRT-0418] Term chip.gpu_inst.tiles\[1\].tile/reset has no pins on routing grid
[WARNING DRT-0418] Term chip.gpu_inst.tiles\[1\].tile/start has no pins on routing grid
[WARNING DRT-0418] Term chip.gpu_inst.tiles\[1\].tile/thread_count[0] has no pins on routing grid
[WARNING DRT-0418] Term chip.gpu_inst.tiles\[1\].tile/thread_count[1] has no pins on routing grid
[WARNING DRT-0418] Term chip.gpu_inst.tiles\[1\].tile/thread_count[2] has no pins on routing grid
[WARNING DRT-0418] Term chip.gpu_inst.tiles\[1\].tile/thread_count[3] has no pins on routing grid
[WARNING DRT-0418] Term chip.gpu_inst.tiles\[2\].tile/block_id[0] has no pins on routing grid
[WARNING DRT-0418] Term chip.gpu_inst.tiles\[2\].tile/block_id[1] has no pins on routing grid
[WARNING DRT-0418] Term chip.gpu_inst.tiles\[2\].tile/block_id[2] has no pins on routing grid
[WARNING DRT-0418] Term chip.gpu_inst.tiles\[2\].tile/block_id[3] has no pins on routing grid
[WARNING DRT-0418] Term chip.gpu_inst.tiles\[2\].tile/block_id[4] has no pins on routing grid
[WARNING DRT-0418] Term chip.gpu_inst.tiles\[2\].tile/block_id[5] has no pins on routing grid
[WARNING DRT-0418] Term chip.gpu_inst.tiles\[2\].tile/block_id[6] has no pins on routing grid
[WARNING DRT-0418] Term chip.gpu_inst.tiles\[2\].tile/block_id[7] has no pins on routing grid
[WARNING DRT-0418] Term chip.gpu_inst.tiles\[2\].tile/clk has no pins on routing grid
[WARNING DRT-0418] Term chip.gpu_inst.tiles\[2\].tile/core_reset has no pins on routing grid
[WARNING DRT-0418] Term chip.gpu_inst.tiles\[2\].tile/data_mem_read_address[0] has no pins on routing grid
[WARNING DRT-0418] Term chip.gpu_inst.tiles\[2\].tile/data_mem_read_address[10] has no pins on routing grid
[WARNING DRT-0418] Term chip.gpu_inst.tiles\[2\].tile/data_mem_read_address[11] has no pins on routing grid
[WARNING DRT-0418] Term chip.gpu_inst.tiles\[2\].tile/data_mem_read_address[12] has no pins on routing grid
[WARNING DRT-0418] Term chip.gpu_inst.tiles\[2\].tile/data_mem_read_address[13] has no pins on routing grid
[WARNING DRT-0418] Term chip.gpu_inst.tiles\[2\].tile/data_mem_read_address[14] has no pins on routing grid
[WARNING DRT-0418] Term chip.gpu_inst.tiles\[2\].tile/data_mem_read_address[15] has no pins on routing grid
[WARNING DRT-0418] Term chip.gpu_inst.tiles\[2\].tile/data_mem_read_address[16] has no pins on routing grid
[WARNING DRT-0418] Term chip.gpu_inst.tiles\[2\].tile/data_mem_read_address[17] has no pins on routing grid
[WARNING DRT-0418] Term chip.gpu_inst.tiles\[2\].tile/data_mem_read_address[18] has no pins on routing grid
[WARNING DRT-0418] Term chip.gpu_inst.tiles\[2\].tile/data_mem_read_address[1] has no pins on routing grid
[WARNING DRT-0418] Term chip.gpu_inst.tiles\[2\].tile/data_mem_read_address[2] has no pins on routing grid
[WARNING DRT-0418] Term chip.gpu_inst.tiles\[2\].tile/data_mem_read_address[3] has no pins on routing grid
[WARNING DRT-0418] Term chip.gpu_inst.tiles\[2\].tile/data_mem_read_address[4] has no pins on routing grid
[WARNING DRT-0418] Term chip.gpu_inst.tiles\[2\].tile/data_mem_read_address[5] has no pins on routing grid
[WARNING DRT-0418] Term chip.gpu_inst.tiles\[2\].tile/data_mem_read_address[6] has no pins on routing grid
[WARNING DRT-0418] Term chip.gpu_inst.tiles\[2\].tile/data_mem_read_address[7] has no pins on routing grid
[WARNING DRT-0418] Term chip.gpu_inst.tiles\[2\].tile/data_mem_read_address[8] has no pins on routing grid
[WARNING DRT-0418] Term chip.gpu_inst.tiles\[2\].tile/data_mem_read_address[9] has no pins on routing grid
[WARNING DRT-0418] Term chip.gpu_inst.tiles\[2\].tile/data_mem_read_data[0] has no pins on routing grid
[WARNING DRT-0418] Term chip.gpu_inst.tiles\[2\].tile/data_mem_read_data[10] has no pins on routing grid
[WARNING DRT-0418] Term chip.gpu_inst.tiles\[2\].tile/data_mem_read_data[11] has no pins on routing grid
[WARNING DRT-0418] Term chip.gpu_inst.tiles\[2\].tile/data_mem_read_data[12] has no pins on routing grid
[WARNING DRT-0418] Term chip.gpu_inst.tiles\[2\].tile/data_mem_read_data[13] has no pins on routing grid
[WARNING DRT-0418] Term chip.gpu_inst.tiles\[2\].tile/data_mem_read_data[14] has no pins on routing grid
[WARNING DRT-0418] Term chip.gpu_inst.tiles\[2\].tile/data_mem_read_data[15] has no pins on routing grid
[WARNING DRT-0418] Term chip.gpu_inst.tiles\[2\].tile/data_mem_read_data[1] has no pins on routing grid
[WARNING DRT-0418] Term chip.gpu_inst.tiles\[2\].tile/data_mem_read_data[2] has no pins on routing grid
[WARNING DRT-0418] Term chip.gpu_inst.tiles\[2\].tile/data_mem_read_data[3] has no pins on routing grid
[WARNING DRT-0418] Term chip.gpu_inst.tiles\[2\].tile/data_mem_read_data[4] has no pins on routing grid
[WARNING DRT-0418] Term chip.gpu_inst.tiles\[2\].tile/data_mem_read_data[5] has no pins on routing grid
[WARNING DRT-0418] Term chip.gpu_inst.tiles\[2\].tile/data_mem_read_data[6] has no pins on routing grid
[WARNING DRT-0418] Term chip.gpu_inst.tiles\[2\].tile/data_mem_read_data[7] has no pins on routing grid
[WARNING DRT-0418] Term chip.gpu_inst.tiles\[2\].tile/data_mem_read_data[8] has no pins on routing grid
[WARNING DRT-0418] Term chip.gpu_inst.tiles\[2\].tile/data_mem_read_data[9] has no pins on routing grid
[WARNING DRT-0418] Term chip.gpu_inst.tiles\[2\].tile/data_mem_read_ready has no pins on routing grid
[WARNING DRT-0418] Term chip.gpu_inst.tiles\[2\].tile/data_mem_read_valid has no pins on routing grid
[WARNING DRT-0418] Term chip.gpu_inst.tiles\[2\].tile/data_mem_write_address[0] has no pins on routing grid
[WARNING DRT-0418] Term chip.gpu_inst.tiles\[2\].tile/data_mem_write_address[10] has no pins on routing grid
[WARNING DRT-0418] Term chip.gpu_inst.tiles\[2\].tile/data_mem_write_address[11] has no pins on routing grid
[WARNING DRT-0418] Term chip.gpu_inst.tiles\[2\].tile/data_mem_write_address[12] has no pins on routing grid
[WARNING DRT-0418] Term chip.gpu_inst.tiles\[2\].tile/data_mem_write_address[13] has no pins on routing grid
[WARNING DRT-0418] Term chip.gpu_inst.tiles\[2\].tile/data_mem_write_address[14] has no pins on routing grid
[WARNING DRT-0418] Term chip.gpu_inst.tiles\[2\].tile/data_mem_write_address[15] has no pins on routing grid
[WARNING DRT-0418] Term chip.gpu_inst.tiles\[2\].tile/data_mem_write_address[16] has no pins on routing grid
[WARNING DRT-0418] Term chip.gpu_inst.tiles\[2\].tile/data_mem_write_address[17] has no pins on routing grid
[WARNING DRT-0418] Term chip.gpu_inst.tiles\[2\].tile/data_mem_write_address[18] has no pins on routing grid
[WARNING DRT-0418] Term chip.gpu_inst.tiles\[2\].tile/data_mem_write_address[1] has no pins on routing grid
[WARNING DRT-0418] Term chip.gpu_inst.tiles\[2\].tile/data_mem_write_address[2] has no pins on routing grid
[WARNING DRT-0418] Term chip.gpu_inst.tiles\[2\].tile/data_mem_write_address[3] has no pins on routing grid
[WARNING DRT-0418] Term chip.gpu_inst.tiles\[2\].tile/data_mem_write_address[4] has no pins on routing grid
[WARNING DRT-0418] Term chip.gpu_inst.tiles\[2\].tile/data_mem_write_address[5] has no pins on routing grid
[WARNING DRT-0418] Term chip.gpu_inst.tiles\[2\].tile/data_mem_write_address[6] has no pins on routing grid
[WARNING DRT-0418] Term chip.gpu_inst.tiles\[2\].tile/data_mem_write_address[7] has no pins on routing grid
[WARNING DRT-0418] Term chip.gpu_inst.tiles\[2\].tile/data_mem_write_address[8] has no pins on routing grid
[WARNING DRT-0418] Term chip.gpu_inst.tiles\[2\].tile/data_mem_write_address[9] has no pins on routing grid
[WARNING DRT-0418] Term chip.gpu_inst.tiles\[2\].tile/data_mem_write_data[0] has no pins on routing grid
[WARNING DRT-0418] Term chip.gpu_inst.tiles\[2\].tile/data_mem_write_data[10] has no pins on routing grid
[WARNING DRT-0418] Term chip.gpu_inst.tiles\[2\].tile/data_mem_write_data[11] has no pins on routing grid
[WARNING DRT-0418] Term chip.gpu_inst.tiles\[2\].tile/data_mem_write_data[12] has no pins on routing grid
[WARNING DRT-0418] Term chip.gpu_inst.tiles\[2\].tile/data_mem_write_data[13] has no pins on routing grid
[WARNING DRT-0418] Term chip.gpu_inst.tiles\[2\].tile/data_mem_write_data[14] has no pins on routing grid
[WARNING DRT-0418] Term chip.gpu_inst.tiles\[2\].tile/data_mem_write_data[15] has no pins on routing grid
[WARNING DRT-0418] Term chip.gpu_inst.tiles\[2\].tile/data_mem_write_data[1] has no pins on routing grid
[WARNING DRT-0418] Term chip.gpu_inst.tiles\[2\].tile/data_mem_write_data[2] has no pins on routing grid
[WARNING DRT-0418] Term chip.gpu_inst.tiles\[2\].tile/data_mem_write_data[3] has no pins on routing grid
[WARNING DRT-0418] Term chip.gpu_inst.tiles\[2\].tile/data_mem_write_data[4] has no pins on routing grid
[WARNING DRT-0418] Term chip.gpu_inst.tiles\[2\].tile/data_mem_write_data[5] has no pins on routing grid
[WARNING DRT-0418] Term chip.gpu_inst.tiles\[2\].tile/data_mem_write_data[6] has no pins on routing grid
[WARNING DRT-0418] Term chip.gpu_inst.tiles\[2\].tile/data_mem_write_data[7] has no pins on routing grid
[WARNING DRT-0418] Term chip.gpu_inst.tiles\[2\].tile/data_mem_write_data[8] has no pins on routing grid
[WARNING DRT-0418] Term chip.gpu_inst.tiles\[2\].tile/data_mem_write_data[9] has no pins on routing grid
[WARNING DRT-0418] Term chip.gpu_inst.tiles\[2\].tile/data_mem_write_ready has no pins on routing grid
[WARNING DRT-0418] Term chip.gpu_inst.tiles\[2\].tile/data_mem_write_valid has no pins on routing grid
[WARNING DRT-0418] Term chip.gpu_inst.tiles\[2\].tile/done has no pins on routing grid
[WARNING DRT-0418] Term chip.gpu_inst.tiles\[2\].tile/program_mem_read_address[0] has no pins on routing grid
[WARNING DRT-0418] Term chip.gpu_inst.tiles\[2\].tile/program_mem_read_address[1] has no pins on routing grid
[WARNING DRT-0418] Term chip.gpu_inst.tiles\[2\].tile/program_mem_read_address[2] has no pins on routing grid
[WARNING DRT-0418] Term chip.gpu_inst.tiles\[2\].tile/program_mem_read_address[3] has no pins on routing grid
[WARNING DRT-0418] Term chip.gpu_inst.tiles\[2\].tile/program_mem_read_address[4] has no pins on routing grid
[WARNING DRT-0418] Term chip.gpu_inst.tiles\[2\].tile/program_mem_read_address[5] has no pins on routing grid
[WARNING DRT-0418] Term chip.gpu_inst.tiles\[2\].tile/program_mem_read_address[6] has no pins on routing grid
[WARNING DRT-0418] Term chip.gpu_inst.tiles\[2\].tile/program_mem_read_address[7] has no pins on routing grid
[WARNING DRT-0418] Term chip.gpu_inst.tiles\[2\].tile/program_mem_read_address[8] has no pins on routing grid
[WARNING DRT-0418] Term chip.gpu_inst.tiles\[2\].tile/program_mem_read_data[0] has no pins on routing grid
[WARNING DRT-0418] Term chip.gpu_inst.tiles\[2\].tile/program_mem_read_data[10] has no pins on routing grid
[WARNING DRT-0418] Term chip.gpu_inst.tiles\[2\].tile/program_mem_read_data[11] has no pins on routing grid
[WARNING DRT-0418] Term chip.gpu_inst.tiles\[2\].tile/program_mem_read_data[12] has no pins on routing grid
[WARNING DRT-0418] Term chip.gpu_inst.tiles\[2\].tile/program_mem_read_data[13] has no pins on routing grid
[WARNING DRT-0418] Term chip.gpu_inst.tiles\[2\].tile/program_mem_read_data[14] has no pins on routing grid
[WARNING DRT-0418] Term chip.gpu_inst.tiles\[2\].tile/program_mem_read_data[15] has no pins on routing grid
[WARNING DRT-0418] Term chip.gpu_inst.tiles\[2\].tile/program_mem_read_data[1] has no pins on routing grid
[WARNING DRT-0418] Term chip.gpu_inst.tiles\[2\].tile/program_mem_read_data[2] has no pins on routing grid
[WARNING DRT-0418] Term chip.gpu_inst.tiles\[2\].tile/program_mem_read_data[3] has no pins on routing grid
[WARNING DRT-0418] Term chip.gpu_inst.tiles\[2\].tile/program_mem_read_data[4] has no pins on routing grid
[WARNING DRT-0418] Term chip.gpu_inst.tiles\[2\].tile/program_mem_read_data[5] has no pins on routing grid
[WARNING DRT-0418] Term chip.gpu_inst.tiles\[2\].tile/program_mem_read_data[6] has no pins on routing grid
[WARNING DRT-0418] Term chip.gpu_inst.tiles\[2\].tile/program_mem_read_data[7] has no pins on routing grid
[WARNING DRT-0418] Term chip.gpu_inst.tiles\[2\].tile/program_mem_read_data[8] has no pins on routing grid
[WARNING DRT-0418] Term chip.gpu_inst.tiles\[2\].tile/program_mem_read_data[9] has no pins on routing grid
[WARNING DRT-0418] Term chip.gpu_inst.tiles\[2\].tile/program_mem_read_ready has no pins on routing grid
[WARNING DRT-0418] Term chip.gpu_inst.tiles\[2\].tile/program_mem_read_valid has no pins on routing grid
[WARNING DRT-0418] Term chip.gpu_inst.tiles\[2\].tile/reset has no pins on routing grid
[WARNING DRT-0418] Term chip.gpu_inst.tiles\[2\].tile/start has no pins on routing grid
[WARNING DRT-0418] Term chip.gpu_inst.tiles\[2\].tile/thread_count[0] has no pins on routing grid
[WARNING DRT-0418] Term chip.gpu_inst.tiles\[2\].tile/thread_count[1] has no pins on routing grid
[WARNING DRT-0418] Term chip.gpu_inst.tiles\[2\].tile/thread_count[2] has no pins on routing grid
[WARNING DRT-0418] Term chip.gpu_inst.tiles\[2\].tile/thread_count[3] has no pins on routing grid
[WARNING DRT-0418] Term chip.gpu_inst.tiles\[3\].tile/block_id[0] has no pins on routing grid
[WARNING DRT-0418] Term chip.gpu_inst.tiles\[3\].tile/block_id[1] has no pins on routing grid
[WARNING DRT-0418] Term chip.gpu_inst.tiles\[3\].tile/block_id[2] has no pins on routing grid
[WARNING DRT-0418] Term chip.gpu_inst.tiles\[3\].tile/block_id[3] has no pins on routing grid
[WARNING DRT-0418] Term chip.gpu_inst.tiles\[3\].tile/block_id[4] has no pins on routing grid
[WARNING DRT-0418] Term chip.gpu_inst.tiles\[3\].tile/block_id[5] has no pins on routing grid
[WARNING DRT-0418] Term chip.gpu_inst.tiles\[3\].tile/block_id[6] has no pins on routing grid
[WARNING DRT-0418] Term chip.gpu_inst.tiles\[3\].tile/block_id[7] has no pins on routing grid
[WARNING DRT-0418] Term chip.gpu_inst.tiles\[3\].tile/clk has no pins on routing grid
[WARNING DRT-0418] Term chip.gpu_inst.tiles\[3\].tile/core_reset has no pins on routing grid
[WARNING DRT-0418] Term chip.gpu_inst.tiles\[3\].tile/data_mem_read_address[0] has no pins on routing grid
[WARNING DRT-0418] Term chip.gpu_inst.tiles\[3\].tile/data_mem_read_address[10] has no pins on routing grid
[WARNING DRT-0418] Term chip.gpu_inst.tiles\[3\].tile/data_mem_read_address[11] has no pins on routing grid
[WARNING DRT-0418] Term chip.gpu_inst.tiles\[3\].tile/data_mem_read_address[12] has no pins on routing grid
[WARNING DRT-0418] Term chip.gpu_inst.tiles\[3\].tile/data_mem_read_address[13] has no pins on routing grid
[WARNING DRT-0418] Term chip.gpu_inst.tiles\[3\].tile/data_mem_read_address[14] has no pins on routing grid
[WARNING DRT-0418] Term chip.gpu_inst.tiles\[3\].tile/data_mem_read_address[15] has no pins on routing grid
[WARNING DRT-0418] Term chip.gpu_inst.tiles\[3\].tile/data_mem_read_address[16] has no pins on routing grid
[WARNING DRT-0418] Term chip.gpu_inst.tiles\[3\].tile/data_mem_read_address[17] has no pins on routing grid
[WARNING DRT-0418] Term chip.gpu_inst.tiles\[3\].tile/data_mem_read_address[18] has no pins on routing grid
[WARNING DRT-0418] Term chip.gpu_inst.tiles\[3\].tile/data_mem_read_address[1] has no pins on routing grid
[WARNING DRT-0418] Term chip.gpu_inst.tiles\[3\].tile/data_mem_read_address[2] has no pins on routing grid
[WARNING DRT-0418] Term chip.gpu_inst.tiles\[3\].tile/data_mem_read_address[3] has no pins on routing grid
[WARNING DRT-0418] Term chip.gpu_inst.tiles\[3\].tile/data_mem_read_address[4] has no pins on routing grid
[WARNING DRT-0418] Term chip.gpu_inst.tiles\[3\].tile/data_mem_read_address[5] has no pins on routing grid
[WARNING DRT-0418] Term chip.gpu_inst.tiles\[3\].tile/data_mem_read_address[6] has no pins on routing grid
[WARNING DRT-0418] Term chip.gpu_inst.tiles\[3\].tile/data_mem_read_address[7] has no pins on routing grid
[WARNING DRT-0418] Term chip.gpu_inst.tiles\[3\].tile/data_mem_read_address[8] has no pins on routing grid
[WARNING DRT-0418] Term chip.gpu_inst.tiles\[3\].tile/data_mem_read_address[9] has no pins on routing grid
[WARNING DRT-0418] Term chip.gpu_inst.tiles\[3\].tile/data_mem_read_data[0] has no pins on routing grid
[WARNING DRT-0418] Term chip.gpu_inst.tiles\[3\].tile/data_mem_read_data[10] has no pins on routing grid
[WARNING DRT-0418] Term chip.gpu_inst.tiles\[3\].tile/data_mem_read_data[11] has no pins on routing grid
[WARNING DRT-0418] Term chip.gpu_inst.tiles\[3\].tile/data_mem_read_data[12] has no pins on routing grid
[WARNING DRT-0418] Term chip.gpu_inst.tiles\[3\].tile/data_mem_read_data[13] has no pins on routing grid
[WARNING DRT-0418] Term chip.gpu_inst.tiles\[3\].tile/data_mem_read_data[14] has no pins on routing grid
[WARNING DRT-0418] Term chip.gpu_inst.tiles\[3\].tile/data_mem_read_data[15] has no pins on routing grid
[WARNING DRT-0418] Term chip.gpu_inst.tiles\[3\].tile/data_mem_read_data[1] has no pins on routing grid
[WARNING DRT-0418] Term chip.gpu_inst.tiles\[3\].tile/data_mem_read_data[2] has no pins on routing grid
[WARNING DRT-0418] Term chip.gpu_inst.tiles\[3\].tile/data_mem_read_data[3] has no pins on routing grid
[WARNING DRT-0418] Term chip.gpu_inst.tiles\[3\].tile/data_mem_read_data[4] has no pins on routing grid
[WARNING DRT-0418] Term chip.gpu_inst.tiles\[3\].tile/data_mem_read_data[5] has no pins on routing grid
[WARNING DRT-0418] Term chip.gpu_inst.tiles\[3\].tile/data_mem_read_data[6] has no pins on routing grid
[WARNING DRT-0418] Term chip.gpu_inst.tiles\[3\].tile/data_mem_read_data[7] has no pins on routing grid
[WARNING DRT-0418] Term chip.gpu_inst.tiles\[3\].tile/data_mem_read_data[8] has no pins on routing grid
[WARNING DRT-0418] Term chip.gpu_inst.tiles\[3\].tile/data_mem_read_data[9] has no pins on routing grid
[WARNING DRT-0418] Term chip.gpu_inst.tiles\[3\].tile/data_mem_read_ready has no pins on routing grid
[WARNING DRT-0418] Term chip.gpu_inst.tiles\[3\].tile/data_mem_read_valid has no pins on routing grid
[WARNING DRT-0418] Term chip.gpu_inst.tiles\[3\].tile/data_mem_write_address[0] has no pins on routing grid
[WARNING DRT-0418] Term chip.gpu_inst.tiles\[3\].tile/data_mem_write_address[10] has no pins on routing grid
[WARNING DRT-0418] Term chip.gpu_inst.tiles\[3\].tile/data_mem_write_address[11] has no pins on routing grid
[WARNING DRT-0418] Term chip.gpu_inst.tiles\[3\].tile/data_mem_write_address[12] has no pins on routing grid
[WARNING DRT-0418] Term chip.gpu_inst.tiles\[3\].tile/data_mem_write_address[13] has no pins on routing grid
[WARNING DRT-0418] Term chip.gpu_inst.tiles\[3\].tile/data_mem_write_address[14] has no pins on routing grid
[WARNING DRT-0418] Term chip.gpu_inst.tiles\[3\].tile/data_mem_write_address[15] has no pins on routing grid
[WARNING DRT-0418] Term chip.gpu_inst.tiles\[3\].tile/data_mem_write_address[16] has no pins on routing grid
[WARNING DRT-0418] Term chip.gpu_inst.tiles\[3\].tile/data_mem_write_address[17] has no pins on routing grid
[WARNING DRT-0418] Term chip.gpu_inst.tiles\[3\].tile/data_mem_write_address[18] has no pins on routing grid
[WARNING DRT-0418] Term chip.gpu_inst.tiles\[3\].tile/data_mem_write_address[1] has no pins on routing grid
[WARNING DRT-0418] Term chip.gpu_inst.tiles\[3\].tile/data_mem_write_address[2] has no pins on routing grid
[WARNING DRT-0418] Term chip.gpu_inst.tiles\[3\].tile/data_mem_write_address[3] has no pins on routing grid
[WARNING DRT-0418] Term chip.gpu_inst.tiles\[3\].tile/data_mem_write_address[4] has no pins on routing grid
[WARNING DRT-0418] Term chip.gpu_inst.tiles\[3\].tile/data_mem_write_address[5] has no pins on routing grid
[WARNING DRT-0418] Term chip.gpu_inst.tiles\[3\].tile/data_mem_write_address[6] has no pins on routing grid
[WARNING DRT-0418] Term chip.gpu_inst.tiles\[3\].tile/data_mem_write_address[7] has no pins on routing grid
[WARNING DRT-0418] Term chip.gpu_inst.tiles\[3\].tile/data_mem_write_address[8] has no pins on routing grid
[WARNING DRT-0418] Term chip.gpu_inst.tiles\[3\].tile/data_mem_write_address[9] has no pins on routing grid
[WARNING DRT-0418] Term chip.gpu_inst.tiles\[3\].tile/data_mem_write_data[0] has no pins on routing grid
[WARNING DRT-0418] Term chip.gpu_inst.tiles\[3\].tile/data_mem_write_data[10] has no pins on routing grid
[WARNING DRT-0418] Term chip.gpu_inst.tiles\[3\].tile/data_mem_write_data[11] has no pins on routing grid
[WARNING DRT-0418] Term chip.gpu_inst.tiles\[3\].tile/data_mem_write_data[12] has no pins on routing grid
[WARNING DRT-0418] Term chip.gpu_inst.tiles\[3\].tile/data_mem_write_data[13] has no pins on routing grid
[WARNING DRT-0418] Term chip.gpu_inst.tiles\[3\].tile/data_mem_write_data[14] has no pins on routing grid
[WARNING DRT-0418] Term chip.gpu_inst.tiles\[3\].tile/data_mem_write_data[15] has no pins on routing grid
[WARNING DRT-0418] Term chip.gpu_inst.tiles\[3\].tile/data_mem_write_data[1] has no pins on routing grid
[WARNING DRT-0418] Term chip.gpu_inst.tiles\[3\].tile/data_mem_write_data[2] has no pins on routing grid
[WARNING DRT-0418] Term chip.gpu_inst.tiles\[3\].tile/data_mem_write_data[3] has no pins on routing grid
[WARNING DRT-0418] Term chip.gpu_inst.tiles\[3\].tile/data_mem_write_data[4] has no pins on routing grid
[WARNING DRT-0418] Term chip.gpu_inst.tiles\[3\].tile/data_mem_write_data[5] has no pins on routing grid
[WARNING DRT-0418] Term chip.gpu_inst.tiles\[3\].tile/data_mem_write_data[6] has no pins on routing grid
[WARNING DRT-0418] Term chip.gpu_inst.tiles\[3\].tile/data_mem_write_data[7] has no pins on routing grid
[WARNING DRT-0418] Term chip.gpu_inst.tiles\[3\].tile/data_mem_write_data[8] has no pins on routing grid
[WARNING DRT-0418] Term chip.gpu_inst.tiles\[3\].tile/data_mem_write_data[9] has no pins on routing grid
[WARNING DRT-0418] Term chip.gpu_inst.tiles\[3\].tile/data_mem_write_ready has no pins on routing grid
[WARNING DRT-0418] Term chip.gpu_inst.tiles\[3\].tile/data_mem_write_valid has no pins on routing grid
[WARNING DRT-0418] Term chip.gpu_inst.tiles\[3\].tile/done has no pins on routing grid
[WARNING DRT-0418] Term chip.gpu_inst.tiles\[3\].tile/program_mem_read_address[0] has no pins on routing grid
[WARNING DRT-0418] Term chip.gpu_inst.tiles\[3\].tile/program_mem_read_address[1] has no pins on routing grid
[WARNING DRT-0418] Term chip.gpu_inst.tiles\[3\].tile/program_mem_read_address[2] has no pins on routing grid
[WARNING DRT-0418] Term chip.gpu_inst.tiles\[3\].tile/program_mem_read_address[3] has no pins on routing grid
[WARNING DRT-0418] Term chip.gpu_inst.tiles\[3\].tile/program_mem_read_address[4] has no pins on routing grid
[WARNING DRT-0418] Term chip.gpu_inst.tiles\[3\].tile/program_mem_read_address[5] has no pins on routing grid
[WARNING DRT-0418] Term chip.gpu_inst.tiles\[3\].tile/program_mem_read_address[6] has no pins on routing grid
[WARNING DRT-0418] Term chip.gpu_inst.tiles\[3\].tile/program_mem_read_address[7] has no pins on routing grid
[WARNING DRT-0418] Term chip.gpu_inst.tiles\[3\].tile/program_mem_read_address[8] has no pins on routing grid
[WARNING DRT-0418] Term chip.gpu_inst.tiles\[3\].tile/program_mem_read_data[0] has no pins on routing grid
[WARNING DRT-0418] Term chip.gpu_inst.tiles\[3\].tile/program_mem_read_data[10] has no pins on routing grid
[WARNING DRT-0418] Term chip.gpu_inst.tiles\[3\].tile/program_mem_read_data[11] has no pins on routing grid
[WARNING DRT-0418] Term chip.gpu_inst.tiles\[3\].tile/program_mem_read_data[12] has no pins on routing grid
[WARNING DRT-0418] Term chip.gpu_inst.tiles\[3\].tile/program_mem_read_data[13] has no pins on routing grid
[WARNING DRT-0418] Term chip.gpu_inst.tiles\[3\].tile/program_mem_read_data[14] has no pins on routing grid
[WARNING DRT-0418] Term chip.gpu_inst.tiles\[3\].tile/program_mem_read_data[15] has no pins on routing grid
[WARNING DRT-0418] Term chip.gpu_inst.tiles\[3\].tile/program_mem_read_data[1] has no pins on routing grid
[WARNING DRT-0418] Term chip.gpu_inst.tiles\[3\].tile/program_mem_read_data[2] has no pins on routing grid
[WARNING DRT-0418] Term chip.gpu_inst.tiles\[3\].tile/program_mem_read_data[3] has no pins on routing grid
[WARNING DRT-0418] Term chip.gpu_inst.tiles\[3\].tile/program_mem_read_data[4] has no pins on routing grid
[WARNING DRT-0418] Term chip.gpu_inst.tiles\[3\].tile/program_mem_read_data[5] has no pins on routing grid
[WARNING DRT-0418] Term chip.gpu_inst.tiles\[3\].tile/program_mem_read_data[6] has no pins on routing grid
[WARNING DRT-0418] Term chip.gpu_inst.tiles\[3\].tile/program_mem_read_data[7] has no pins on routing grid
[WARNING DRT-0418] Term chip.gpu_inst.tiles\[3\].tile/program_mem_read_data[8] has no pins on routing grid
[WARNING DRT-0418] Term chip.gpu_inst.tiles\[3\].tile/program_mem_read_data[9] has no pins on routing grid
[WARNING DRT-0418] Term chip.gpu_inst.tiles\[3\].tile/program_mem_read_ready has no pins on routing grid
[WARNING DRT-0418] Term chip.gpu_inst.tiles\[3\].tile/program_mem_read_valid has no pins on routing grid
[WARNING DRT-0418] Term chip.gpu_inst.tiles\[3\].tile/reset has no pins on routing grid
[WARNING DRT-0418] Term chip.gpu_inst.tiles\[3\].tile/start has no pins on routing grid
[WARNING DRT-0418] Term chip.gpu_inst.tiles\[3\].tile/thread_count[0] has no pins on routing grid
[WARNING DRT-0418] Term chip.gpu_inst.tiles\[3\].tile/thread_count[1] has no pins on routing grid
[WARNING DRT-0418] Term chip.gpu_inst.tiles\[3\].tile/thread_count[2] has no pins on routing grid
[WARNING DRT-0418] Term chip.gpu_inst.tiles\[3\].tile/thread_count[3] has no pins on routing grid
[INFO DRT-0167] List of default vias:
  Layer via
    default via: M1M2_PR
  Layer via2
    default via: M2M3_PR
  Layer via3
    default via: M3M4_PR
  Layer via4
    default via: M4M5_PR
[INFO DRT-0162] Library cell analysis.
[INFO DRT-0163] Instance analysis.
[INFO DRT-0164] Number of unique instances = 308.
[INFO DRT-0168] Init region query.
[INFO DRT-0024]   Complete FR_MASTERSLICE.
[INFO DRT-0024]   Complete licon.
[INFO DRT-0024]   Complete li1.
[INFO DRT-0024]   Complete mcon.
[INFO DRT-0024]   Complete met1.
[INFO DRT-0024]   Complete via.
[INFO DRT-0024]   Complete met2.
[INFO DRT-0024]   Complete via2.
[INFO DRT-0024]   Complete met3.
[INFO DRT-0024]   Complete via3.
[INFO DRT-0024]   Complete met4.
[INFO DRT-0024]   Complete via4.
[INFO DRT-0024]   Complete met5.
[INFO DRT-0033] FR_MASTERSLICE shape region query size = 0.
[INFO DRT-0033] licon shape region query size = 0.
[INFO DRT-0033] li1 shape region query size = 262338.
[INFO DRT-0033] mcon shape region query size = 0.
[INFO DRT-0033] met1 shape region query size = 72297.
[INFO DRT-0033] via shape region query size = 142727.
[INFO DRT-0033] met2 shape region query size = 17356.
[INFO DRT-0033] via2 shape region query size = 114009.
[INFO DRT-0033] met3 shape region query size = 18372.
[INFO DRT-0033] via3 shape region query size = 114009.
[INFO DRT-0033] met4 shape region query size = 7575.
[INFO DRT-0033] via4 shape region query size = 8132.
[INFO DRT-0033] met5 shape region query size = 1438.
[INFO DRT-0165] Start pin access.
[INFO DRT-0076]   Complete 1000 pins.
[INFO DRT-0076]   Complete 2000 pins.
[INFO DRT-0078]   Complete 2841 pins.
[INFO DRT-0079]   Complete 100 unique inst patterns.
[INFO DRT-0079]   Complete 200 unique inst patterns.
[INFO DRT-0079]   Complete 300 unique inst patterns.
[INFO DRT-0081]   Complete 302 unique inst patterns.
[INFO DRT-0084]   Complete 4670 groups.
#scanned instances     = 23809
#unique  instances     = 308
#stdCellGenAp          = 8898
#stdCellValidPlanarAp  = 78
#stdCellValidViaAp     = 6887
#stdCellPinNoAp        = 0
#stdCellPinCnt         = 16819
#instTermValidViaApCnt = 0
#macroGenAp            = 1416
#macroValidPlanarAp    = 1416
#macroValidViaAp       = 0
#macroNoAp             = 0
[INFO DRT-0166] Complete pin access.
[INFO DRT-0267] cpu time = 00:01:30, elapsed time = 00:00:09, memory = 233.67 (MB), peak = 232.22 (MB)

[INFO DRT-0157] Number of guides:     53101

[INFO DRT-0169] Post process guides.
[INFO DRT-0176] GCELLGRID X 0 DO 458 STEP 6900 ;
[INFO DRT-0177] GCELLGRID Y 0 DO 690 STEP 6900 ;
[INFO DRT-0028]   Complete FR_MASTERSLICE.
[INFO DRT-0028]   Complete licon.
[INFO DRT-0028]   Complete li1.
[INFO DRT-0028]   Complete mcon.
[INFO DRT-0028]   Complete met1.
[INFO DRT-0028]   Complete via.
[INFO DRT-0028]   Complete met2.
[INFO DRT-0028]   Complete via2.
[INFO DRT-0028]   Complete met3.
[INFO DRT-0028]   Complete via3.
[INFO DRT-0028]   Complete met4.
[INFO DRT-0028]   Complete via4.
[INFO DRT-0028]   Complete met5.
[INFO DRT-0178] Init guide query.
[INFO DRT-0035]   Complete FR_MASTERSLICE (guide).
[INFO DRT-0035]   Complete licon (guide).
[INFO DRT-0035]   Complete li1 (guide).
[INFO DRT-0035]   Complete mcon (guide).
[INFO DRT-0035]   Complete met1 (guide).
[INFO DRT-0035]   Complete via (guide).
[INFO DRT-0035]   Complete met2 (guide).
[INFO DRT-0035]   Complete via2 (guide).
[INFO DRT-0035]   Complete met3 (guide).
[INFO DRT-0035]   Complete via3 (guide).
[INFO DRT-0035]   Complete met4 (guide).
[INFO DRT-0035]   Complete via4 (guide).
[INFO DRT-0035]   Complete met5 (guide).
[INFO DRT-0036] FR_MASTERSLICE guide region query size = 0.
[INFO DRT-0036] licon guide region query size = 0.
[INFO DRT-0036] li1 guide region query size = 15250.
[INFO DRT-0036] mcon guide region query size = 0.
[INFO DRT-0036] met1 guide region query size = 15710.
[INFO DRT-0036] via guide region query size = 0.
[INFO DRT-0036] met2 guide region query size = 9822.
[INFO DRT-0036] via2 guide region query size = 0.
[INFO DRT-0036] met3 guide region query size = 1824.
[INFO DRT-0036] via3 guide region query size = 0.
[INFO DRT-0036] met4 guide region query size = 409.
[INFO DRT-0036] via4 guide region query size = 0.
[INFO DRT-0036] met5 guide region query size = 40.
[INFO DRT-0179] Init gr pin query.
[INFO DRT-0267] cpu time = 00:00:00, elapsed time = 00:00:00, memory = 252.45 (MB), peak = 251.35 (MB)
[INFO DRT-0245] skipped writing guide updates to database.
[INFO DRT-0185] Post process initialize RPin region query.
[INFO DRT-0181] Start track assignment.
[INFO DRT-0184] Done with 25481 vertical wires in 10 frboxes and 17574 horizontal wires in 14 frboxes.
[INFO DRT-0186] Done with 2763 vertical wires in 10 frboxes and 5071 horizontal wires in 14 frboxes.
[INFO DRT-0182] Complete track assignment.
[INFO DRT-0267] cpu time = 00:00:15, elapsed time = 00:00:02, memory = 461.80 (MB), peak = 460.35 (MB)
[INFO DRT-0187] Start routing data preparation.
[INFO DRT-0267] cpu time = 00:00:00, elapsed time = 00:00:00, memory = 472.16 (MB), peak = 470.66 (MB)
[INFO DRT-0194] Start detail routing.
[INFO DRT-0195] Start 0th optimization iteration.
    Completing 10% with 0 violations.
    elapsed time = 00:00:00, memory = 630.84 (MB).
    Completing 20% with 1066 violations.
    elapsed time = 00:00:04, memory = 797.27 (MB).
    Completing 30% with 1233 violations.
    elapsed time = 00:00:07, memory = 859.05 (MB).
    Completing 40% with 1233 violations.
    elapsed time = 00:00:09, memory = 927.72 (MB).
    Completing 50% with 2522 violations.
    elapsed time = 00:00:19, memory = 942.27 (MB).
    Completing 60% with 2610 violations.
    elapsed time = 00:00:20, memory = 953.86 (MB).
    Completing 70% with 3384 violations.
    elapsed time = 00:00:22, memory = 961.77 (MB).
    Completing 80% with 3523 violations.
    elapsed time = 00:00:23, memory = 968.93 (MB).
    Completing 90% with 3523 violations.
    elapsed time = 00:00:25, memory = 1029.27 (MB).
    Completing 100% with 4594 violations.
    elapsed time = 00:00:35, memory = 999.61 (MB).
[INFO DRT-0199]   Number of violations = 4992.
Viol/Layer         li1   mcon   met1   met2   met3   via3   met4   via4   met5
Cut Spacing          0      4      0      0      0      0      0      0      0
Metal Spacing        0      0    762    164     79      0      7      0      0
Min Hole             0      0      0      1      0      0      0      0      0
NS Metal             0      0      0      0      1      0      0      0      0
Recheck              3      0    230     90     35      0     19      0     21
Short                0      0   2798    507    232      3      7      7     22
[INFO DRT-0267] cpu time = 00:02:36, elapsed time = 00:00:35, memory = 1147.01 (MB), peak = 1144.85 (MB)
Total wire length = 719973 um.
Total wire length on LAYER li1 = 0 um.
Total wire length on LAYER met1 = 256253 um.
Total wire length on LAYER met2 = 276396 um.
Total wire length on LAYER met3 = 139607 um.
Total wire length on LAYER met4 = 39866 um.
Total wire length on LAYER met5 = 7850 um.
Total number of vias = 43937.
Up-via summary (total 43937):

------------------------
 FR_MASTERSLICE        0
            li1    16837
           met1    23130
           met2     3151
           met3      749
           met4       70
------------------------
               43937


[INFO DRT-0195] Start 1st optimization iteration.
    Completing 10% with 4992 violations.
    elapsed time = 00:00:00, memory = 1151.81 (MB).
    Completing 20% with 4432 violations.
    elapsed time = 00:00:03, memory = 1156.53 (MB).
    Completing 30% with 4314 violations.
    elapsed time = 00:00:06, memory = 1159.06 (MB).
    Completing 40% with 4314 violations.
    elapsed time = 00:00:07, memory = 1197.36 (MB).
    Completing 50% with 3748 violations.
    elapsed time = 00:00:16, memory = 1169.73 (MB).
    Completing 60% with 3715 violations.
    elapsed time = 00:00:17, memory = 1169.73 (MB).
    Completing 70% with 3133 violations.
    elapsed time = 00:00:19, memory = 1171.20 (MB).
    Completing 80% with 3065 violations.
    elapsed time = 00:00:22, memory = 1173.36 (MB).
    Completing 90% with 3065 violations.
    elapsed time = 00:00:23, memory = 1217.98 (MB).
    Completing 100% with 2430 violations.
    elapsed time = 00:00:35, memory = 1173.59 (MB).
[INFO DRT-0199]   Number of violations = 2430.
Viol/Layer        mcon   met1   met2   met3   met4   met5
Cut Spacing          8      0      0      0      0      0
Metal Spacing        0    476     80      2      1      3
Short                0   1667    183      6      4      0
[INFO DRT-0267] cpu time = 00:02:26, elapsed time = 00:00:36, memory = 1176.59 (MB), peak = 1215.53 (MB)
Total wire length = 718519 um.
Total wire length on LAYER li1 = 0 um.
Total wire length on LAYER met1 = 255289 um.
Total wire length on LAYER met2 = 276123 um.
Total wire length on LAYER met3 = 139783 um.
Total wire length on LAYER met4 = 39537 um.
Total wire length on LAYER met5 = 7785 um.
Total number of vias = 44272.
Up-via summary (total 44272):

------------------------
 FR_MASTERSLICE        0
            li1    16855
           met1    23192
           met2     3424
           met3      735
           met4       66
------------------------
               44272


[INFO DRT-0195] Start 2nd optimization iteration.
    Completing 10% with 2430 violations.
    elapsed time = 00:00:00, memory = 1176.59 (MB).
    Completing 20% with 2341 violations.
    elapsed time = 00:00:04, memory = 1183.64 (MB).
    Completing 30% with 2317 violations.
    elapsed time = 00:00:08, memory = 1183.89 (MB).
    Completing 40% with 2317 violations.
    elapsed time = 00:00:08, memory = 1183.89 (MB).
    Completing 50% with 2189 violations.
    elapsed time = 00:00:10, memory = 1183.89 (MB).
    Completing 60% with 2219 violations.
    elapsed time = 00:00:11, memory = 1183.89 (MB).
    Completing 70% with 2061 violations.
    elapsed time = 00:00:15, memory = 1183.89 (MB).
    Completing 80% with 2094 violations.
    elapsed time = 00:00:19, memory = 1183.89 (MB).
    Completing 90% with 2094 violations.
    elapsed time = 00:00:21, memory = 1215.81 (MB).
    Completing 100% with 2068 violations.
    elapsed time = 00:00:33, memory = 1183.89 (MB).
[INFO DRT-0199]   Number of violations = 2068.
Viol/Layer        mcon   met1    via   met2   met3   met4
Cut Spacing          3      0      0      0      0      0
Metal Spacing        0    363      0     73      2      0
Short                0   1456      1    162      6      2
[INFO DRT-0267] cpu time = 00:02:01, elapsed time = 00:00:33, memory = 1186.89 (MB), peak = 1215.60 (MB)
Total wire length = 718109 um.
Total wire length on LAYER li1 = 0 um.
Total wire length on LAYER met1 = 255122 um.
Total wire length on LAYER met2 = 275819 um.
Total wire length on LAYER met3 = 139848 um.
Total wire length on LAYER met4 = 39559 um.
Total wire length on LAYER met5 = 7759 um.
Total number of vias = 44047.
Up-via summary (total 44047):

------------------------
 FR_MASTERSLICE        0
            li1    16867
           met1    23007
           met2     3373
           met3      734
           met4       66
------------------------
               44047


[INFO DRT-0195] Start 3rd optimization iteration.
    Completing 10% with 2068 violations.
    elapsed time = 00:00:00, memory = 1186.95 (MB).
    Completing 20% with 1811 violations.
    elapsed time = 00:00:03, memory = 1186.95 (MB).
    Completing 30% with 1776 violations.
    elapsed time = 00:00:06, memory = 1187.36 (MB).
    Completing 40% with 1776 violations.
    elapsed time = 00:00:07, memory = 1187.36 (MB).
    Completing 50% with 1317 violations.
    elapsed time = 00:00:17, memory = 1187.36 (MB).
    Completing 60% with 1254 violations.
    elapsed time = 00:00:17, memory = 1187.36 (MB).
    Completing 70% with 1096 violations.
    elapsed time = 00:00:25, memory = 1187.36 (MB).
    Completing 80% with 1034 violations.
    elapsed time = 00:00:27, memory = 1187.36 (MB).
    Completing 90% with 1034 violations.
    elapsed time = 00:00:27, memory = 1221.56 (MB).
    Completing 100% with 592 violations.
    elapsed time = 00:00:37, memory = 1187.36 (MB).
[INFO DRT-0199]   Number of violations = 592.
Viol/Layer        met1    via   met2
Cut Spacing          0      1      0
Metal Spacing      151      0     46
Short              344      0     50
[INFO DRT-0267] cpu time = 00:01:50, elapsed time = 00:00:38, memory = 1187.36 (MB), peak = 1220.47 (MB)
Total wire length = 718510 um.
Total wire length on LAYER li1 = 0 um.
Total wire length on LAYER met1 = 251967 um.
Total wire length on LAYER met2 = 275478 um.
Total wire length on LAYER met3 = 143046 um.
Total wire length on LAYER met4 = 40276 um.
Total wire length on LAYER met5 = 7741 um.
Total number of vias = 44935.
Up-via summary (total 44935):

------------------------
 FR_MASTERSLICE        0
            li1    16862
           met1    23301
           met2     3885
           met3      821
           met4       66
------------------------
               44935


[INFO DRT-0195] Start 4th optimization iteration.
    Completing 10% with 592 violations.
    elapsed time = 00:00:00, memory = 1187.36 (MB).
    Completing 20% with 544 violations.
    elapsed time = 00:00:00, memory = 1187.36 (MB).
    Completing 30% with 497 violations.
    elapsed time = 00:00:02, memory = 1187.36 (MB).
    Completing 40% with 497 violations.
    elapsed time = 00:00:02, memory = 1187.36 (MB).
    Completing 50% with 472 violations.
    elapsed time = 00:00:09, memory = 1187.36 (MB).
    Completing 60% with 470 violations.
    elapsed time = 00:00:09, memory = 1187.36 (MB).
    Completing 70% with 456 violations.
    elapsed time = 00:00:10, memory = 1187.36 (MB).
    Completing 80% with 448 violations.
    elapsed time = 00:00:10, memory = 1187.36 (MB).
    Completing 90% with 448 violations.
    elapsed time = 00:00:10, memory = 1187.36 (MB).
    Completing 100% with 265 violations.
    elapsed time = 00:00:21, memory = 1187.80 (MB).
[INFO DRT-0199]   Number of violations = 265.
Viol/Layer        met1   met2
Metal Spacing       81     18
Short              135     31
[INFO DRT-0267] cpu time = 00:00:55, elapsed time = 00:00:21, memory = 1187.80 (MB), peak = 1239.14 (MB)
Total wire length = 718510 um.
Total wire length on LAYER li1 = 0 um.
Total wire length on LAYER met1 = 251597 um.
Total wire length on LAYER met2 = 275430 um.
Total wire length on LAYER met3 = 143394 um.
Total wire length on LAYER met4 = 40346 um.
Total wire length on LAYER met5 = 7741 um.
Total number of vias = 45029.
Up-via summary (total 45029):

------------------------
 FR_MASTERSLICE        0
            li1    16860
           met1    23345
           met2     3934
           met3      824
           met4       66
------------------------
               45029


[INFO DRT-0195] Start 5th optimization iteration.
    Completing 10% with 265 violations.
    elapsed time = 00:00:00, memory = 1187.80 (MB).
    Completing 20% with 265 violations.
    elapsed time = 00:00:00, memory = 1187.80 (MB).
    Completing 30% with 239 violations.
    elapsed time = 00:00:01, memory = 1187.80 (MB).
    Completing 40% with 239 violations.
    elapsed time = 00:00:01, memory = 1187.80 (MB).
    Completing 50% with 227 violations.
    elapsed time = 00:00:08, memory = 1187.80 (MB).
    Completing 60% with 227 violations.
    elapsed time = 00:00:08, memory = 1187.80 (MB).
    Completing 70% with 219 violations.
    elapsed time = 00:00:08, memory = 1187.80 (MB).
    Completing 80% with 219 violations.
    elapsed time = 00:00:08, memory = 1187.80 (MB).
    Completing 90% with 219 violations.
    elapsed time = 00:00:08, memory = 1187.80 (MB).
    Completing 100% with 200 violations.
    elapsed time = 00:00:12, memory = 1190.01 (MB).
[INFO DRT-0199]   Number of violations = 200.
Viol/Layer        met1   met2
Metal Spacing       45     11
Short              142      2
[INFO DRT-0267] cpu time = 00:00:27, elapsed time = 00:00:12, memory = 1190.01 (MB), peak = 1239.14 (MB)
Total wire length = 718513 um.
Total wire length on LAYER li1 = 0 um.
Total wire length on LAYER met1 = 251575 um.
Total wire length on LAYER met2 = 275412 um.
Total wire length on LAYER met3 = 143415 um.
Total wire length on LAYER met4 = 40367 um.
Total wire length on LAYER met5 = 7741 um.
Total number of vias = 45039.
Up-via summary (total 45039):

------------------------
 FR_MASTERSLICE        0
            li1    16858
           met1    23358
           met2     3931
           met3      826
           met4       66
------------------------
               45039


[INFO DRT-0195] Start 6th optimization iteration.
    Completing 10% with 200 violations.
    elapsed time = 00:00:00, memory = 1190.01 (MB).
    Completing 20% with 188 violations.
    elapsed time = 00:00:00, memory = 1190.01 (MB).
    Completing 30% with 188 violations.
    elapsed time = 00:00:02, memory = 1190.01 (MB).
    Completing 40% with 188 violations.
    elapsed time = 00:00:02, memory = 1190.01 (MB).
    Completing 50% with 176 violations.
    elapsed time = 00:00:12, memory = 1190.01 (MB).
    Completing 60% with 176 violations.
    elapsed time = 00:00:12, memory = 1190.01 (MB).
    Completing 70% with 176 violations.
    elapsed time = 00:00:12, memory = 1190.01 (MB).
    Completing 80% with 176 violations.
    elapsed time = 00:00:12, memory = 1190.01 (MB).
    Completing 90% with 176 violations.
    elapsed time = 00:00:12, memory = 1190.01 (MB).
    Completing 100% with 89 violations.
    elapsed time = 00:00:15, memory = 1190.01 (MB).
[INFO DRT-0199]   Number of violations = 89.
Viol/Layer        met1   met2
Metal Spacing       22      6
Short               51     10
[INFO DRT-0267] cpu time = 00:00:27, elapsed time = 00:00:15, memory = 1190.01 (MB), peak = 1261.30 (MB)
Total wire length = 718581 um.
Total wire length on LAYER li1 = 0 um.
Total wire length on LAYER met1 = 251528 um.
Total wire length on LAYER met2 = 275396 um.
Total wire length on LAYER met3 = 143453 um.
Total wire length on LAYER met4 = 40461 um.
Total wire length on LAYER met5 = 7741 um.
Total number of vias = 45067.
Up-via summary (total 45067):

------------------------
 FR_MASTERSLICE        0
            li1    16857
           met1    23376
           met2     3932
           met3      836
           met4       66
------------------------
               45067


[INFO DRT-0195] Start 7th guides tiles iteration.
    Completing 10% with 89 violations.
    elapsed time = 00:00:00, memory = 1376.59 (MB).
    Completing 20% with 89 violations.
    elapsed time = 00:00:14, memory = 1190.07 (MB).
    Completing 30% with 68 violations.
    elapsed time = 00:00:14, memory = 1190.07 (MB).
    Completing 50% with 68 violations.
    elapsed time = 00:00:14, memory = 1190.07 (MB).
    Completing 60% with 68 violations.
    elapsed time = 00:00:14, memory = 1190.07 (MB).
    Completing 70% with 68 violations.
    elapsed time = 00:00:14, memory = 1190.07 (MB).
    Completing 80% with 68 violations.
    elapsed time = 00:00:15, memory = 1190.07 (MB).
    Completing 100% with 38 violations.
    elapsed time = 00:00:15, memory = 1190.07 (MB).
[INFO DRT-0199]   Number of violations = 38.
Viol/Layer        met1   met2
Metal Spacing        9      3
Short               25      1
[INFO DRT-0267] cpu time = 00:00:20, elapsed time = 00:00:15, memory = 1190.07 (MB), peak = 1374.46 (MB)
Total wire length = 718538 um.
Total wire length on LAYER li1 = 0 um.
Total wire length on LAYER met1 = 251359 um.
Total wire length on LAYER met2 = 275034 um.
Total wire length on LAYER met3 = 143628 um.
Total wire length on LAYER met4 = 40774 um.
Total wire length on LAYER met5 = 7741 um.
Total number of vias = 45036.
Up-via summary (total 45036):

------------------------
 FR_MASTERSLICE        0
            li1    16860
           met1    23347
           met2     3931
           met3      832
           met4       66
------------------------
               45036


[INFO DRT-0195] Start 8th guides tiles iteration.
    Completing 20% with 38 violations.
    elapsed time = 00:00:00, memory = 1190.07 (MB).
    Completing 50% with 38 violations.
    elapsed time = 00:00:01, memory = 1190.07 (MB).
    Completing 70% with 28 violations.
    elapsed time = 00:00:02, memory = 1190.07 (MB).
    Completing 100% with 25 violations.
    elapsed time = 00:00:02, memory = 1190.07 (MB).
[INFO DRT-0199]   Number of violations = 25.
Viol/Layer        met1   met2
Metal Spacing        6      0
Short               16      3
[INFO DRT-0267] cpu time = 00:00:08, elapsed time = 00:00:02, memory = 1190.07 (MB), peak = 1374.46 (MB)
Total wire length = 718546 um.
Total wire length on LAYER li1 = 0 um.
Total wire length on LAYER met1 = 251359 um.
Total wire length on LAYER met2 = 275023 um.
Total wire length on LAYER met3 = 143625 um.
Total wire length on LAYER met4 = 40796 um.
Total wire length on LAYER met5 = 7741 um.
Total number of vias = 45053.
Up-via summary (total 45053):

------------------------
 FR_MASTERSLICE        0
            li1    16859
           met1    23354
           met2     3938
           met3      836
           met4       66
------------------------
               45053


[INFO DRT-0195] Start 9th guides tiles iteration.
    Completing 50% with 25 violations.
    elapsed time = 00:00:02, memory = 1190.07 (MB).
    Completing 100% with 25 violations.
    elapsed time = 00:00:03, memory = 1190.07 (MB).
[INFO DRT-0199]   Number of violations = 25.
Viol/Layer        met1   met2
Metal Spacing        6      0
Short               16      3
[INFO DRT-0267] cpu time = 00:00:07, elapsed time = 00:00:03, memory = 1190.07 (MB), peak = 1374.46 (MB)
Total wire length = 718546 um.
Total wire length on LAYER li1 = 0 um.
Total wire length on LAYER met1 = 251359 um.
Total wire length on LAYER met2 = 275023 um.
Total wire length on LAYER met3 = 143625 um.
Total wire length on LAYER met4 = 40796 um.
Total wire length on LAYER met5 = 7741 um.
Total number of vias = 45053.
Up-via summary (total 45053):

------------------------
 FR_MASTERSLICE        0
            li1    16859
           met1    23354
           met2     3938
           met3      836
           met4       66
------------------------
               45053


[INFO DRT-0195] Start 10th guides tiles iteration.
    Completing 50% with 25 violations.
    elapsed time = 00:00:01, memory = 1190.07 (MB).
    Completing 100% with 1 violations.
    elapsed time = 00:00:02, memory = 1190.07 (MB).
[INFO DRT-0199]   Number of violations = 1.
Viol/Layer        met1
Metal Spacing        1
[INFO DRT-0267] cpu time = 00:00:06, elapsed time = 00:00:02, memory = 1190.07 (MB), peak = 1374.46 (MB)
Total wire length = 718544 um.
Total wire length on LAYER li1 = 0 um.
Total wire length on LAYER met1 = 251344 um.
Total wire length on LAYER met2 = 275024 um.
Total wire length on LAYER met3 = 143629 um.
Total wire length on LAYER met4 = 40804 um.
Total wire length on LAYER met5 = 7741 um.
Total number of vias = 45057.
Up-via summary (total 45057):

------------------------
 FR_MASTERSLICE        0
            li1    16860
           met1    23352
           met2     3941
           met3      838
           met4       66
------------------------
               45057


[INFO DRT-0195] Start 11th guides tiles iteration.
    Completing 100% with 0 violations.
    elapsed time = 00:00:00, memory = 1190.07 (MB).
[INFO DRT-0199]   Number of violations = 0.
[INFO DRT-0267] cpu time = 00:00:01, elapsed time = 00:00:00, memory = 1190.07 (MB), peak = 1374.46 (MB)
Total wire length = 718543 um.
Total wire length on LAYER li1 = 0 um.
Total wire length on LAYER met1 = 251344 um.
Total wire length on LAYER met2 = 275024 um.
Total wire length on LAYER met3 = 143629 um.
Total wire length on LAYER met4 = 40804 um.
Total wire length on LAYER met5 = 7741 um.
Total number of vias = 45057.
Up-via summary (total 45057):

------------------------
 FR_MASTERSLICE        0
            li1    16860
           met1    23352
           met2     3941
           met3      838
           met4       66
------------------------
               45057


[INFO DRT-0198] Complete detail routing.
Total wire length = 718543 um.
Total wire length on LAYER li1 = 0 um.
Total wire length on LAYER met1 = 251344 um.
Total wire length on LAYER met2 = 275024 um.
Total wire length on LAYER met3 = 143629 um.
Total wire length on LAYER met4 = 40804 um.
Total wire length on LAYER met5 = 7741 um.
Total number of vias = 45057.
Up-via summary (total 45057):

------------------------
 FR_MASTERSLICE        0
            li1    16860
           met1    23352
           met2     3941
           met3      838
           met4       66
------------------------
               45057


[INFO DRT-0267] cpu time = 00:11:32, elapsed time = 00:03:37, memory = 1190.07 (MB), peak = 1374.46 (MB)

[INFO DRT-0180] Post processing.
+ check_antennas 
[INFO ANT-0002] Found 97 net violations.
[INFO ANT-0001] Found 107 pin violations.
[INFO] Running antenna repair iteration 1…
+ repair_antennas sky130_fd_sc_hd__diode_2 -ratio_margin 10 -allow_congestion
[INFO GRT-0012] Found 129 antenna violations.
[WARNING GRT-0243] Unable to repair antennas on net with diodes.
[INFO GRT-0015] Inserted 217 diodes.
+ detailed_route -droute_end_iter 64 -or_seed 42 -verbose 1 -output_drc /home/research/alosh/superfloat.gpu/librelane/openframe/runs/chip_20_eco2/02-openroad-detailedrouting/drt-run-1/openframe_project_wrapper.drc
[INFO DRT-0024]   Complete FR_MASTERSLICE.
[INFO DRT-0024]   Complete licon.
[INFO DRT-0024]   Complete li1.
[INFO DRT-0024]   Complete mcon.
[INFO DRT-0024]   Complete met1.
[INFO DRT-0024]   Complete via.
[INFO DRT-0024]   Complete met2.
[INFO DRT-0024]   Complete via2.
[INFO DRT-0024]   Complete met3.
[INFO DRT-0024]   Complete via3.
[INFO DRT-0024]   Complete met4.
[INFO DRT-0024]   Complete via4.
[INFO DRT-0024]   Complete met5.
[INFO DRT-0165] Start pin access.
[INFO DRT-0076]   Complete 1000 pins.
[INFO DRT-0076]   Complete 2000 pins.
[INFO DRT-0078]   Complete 2861 pins.
[INFO DRT-0079]   Complete 100 unique inst patterns.
[INFO DRT-0079]   Complete 200 unique inst patterns.
[INFO DRT-0079]   Complete 300 unique inst patterns.
[INFO DRT-0081]   Complete 306 unique inst patterns.
[INFO DRT-0084]   Complete 4701 groups.
#scanned instances     = 24026
#unique  instances     = 312
#stdCellGenAp          = 8946
#stdCellValidPlanarAp  = 78
#stdCellValidViaAp     = 6935
#stdCellPinNoAp        = 0
#stdCellPinCnt         = 16819
#instTermValidViaApCnt = 0
#macroGenAp            = 1416
#macroValidPlanarAp    = 1416
#macroValidViaAp       = 0
#macroNoAp             = 0
[INFO DRT-0166] Complete pin access.
[INFO DRT-0267] cpu time = 00:01:32, elapsed time = 00:00:09, memory = 1560.71 (MB), peak = 1558.26 (MB)

[INFO DRT-0157] Number of guides:     52965

[INFO DRT-0169] Post process guides.
[INFO DRT-0176] GCELLGRID X 0 DO 458 STEP 6900 ;
[INFO DRT-0177] GCELLGRID Y 0 DO 690 STEP 6900 ;
[INFO DRT-0028]   Complete FR_MASTERSLICE.
[INFO DRT-0028]   Complete licon.
[INFO DRT-0028]   Complete li1.
[INFO DRT-0028]   Complete mcon.
[INFO DRT-0028]   Complete met1.
[INFO DRT-0028]   Complete via.
[INFO DRT-0028]   Complete met2.
[INFO DRT-0028]   Complete via2.
[INFO DRT-0028]   Complete met3.
[INFO DRT-0028]   Complete via3.
[INFO DRT-0028]   Complete met4.
[INFO DRT-0028]   Complete via4.
[INFO DRT-0028]   Complete met5.
[INFO DRT-0178] Init guide query.
[INFO DRT-0035]   Complete FR_MASTERSLICE (guide).
[INFO DRT-0035]   Complete licon (guide).
[INFO DRT-0035]   Complete li1 (guide).
[INFO DRT-0035]   Complete mcon (guide).
[INFO DRT-0035]   Complete met1 (guide).
[INFO DRT-0035]   Complete via (guide).
[INFO DRT-0035]   Complete met2 (guide).
[INFO DRT-0035]   Complete via2 (guide).
[INFO DRT-0035]   Complete met3 (guide).
[INFO DRT-0035]   Complete via3 (guide).
[INFO DRT-0035]   Complete met4 (guide).
[INFO DRT-0035]   Complete via4 (guide).
[INFO DRT-0035]   Complete met5 (guide).
[INFO DRT-0036] FR_MASTERSLICE guide region query size = 0.
[INFO DRT-0036] licon guide region query size = 0.
[INFO DRT-0036] li1 guide region query size = 15347.
[INFO DRT-0036] mcon guide region query size = 0.
[INFO DRT-0036] met1 guide region query size = 15764.
[INFO DRT-0036] via guide region query size = 0.
[INFO DRT-0036] met2 guide region query size = 9780.
[INFO DRT-0036] via2 guide region query size = 0.
[INFO DRT-0036] met3 guide region query size = 1706.
[INFO DRT-0036] via3 guide region query size = 0.
[INFO DRT-0036] met4 guide region query size = 338.
[INFO DRT-0036] via4 guide region query size = 0.
[INFO DRT-0036] met5 guide region query size = 28.
[INFO DRT-0179] Init gr pin query.
[INFO DRT-0267] cpu time = 00:00:00, elapsed time = 00:00:00, memory = 1560.71 (MB), peak = 1558.26 (MB)
[INFO DRT-0245] skipped writing guide updates to database.
[INFO DRT-0185] Post process initialize RPin region query.
[INFO DRT-0181] Start track assignment.
[INFO DRT-0184] Done with 25465 vertical wires in 10 frboxes and 17498 horizontal wires in 14 frboxes.
[INFO DRT-0186] Done with 2796 vertical wires in 10 frboxes and 5204 horizontal wires in 14 frboxes.
[INFO DRT-0182] Complete track assignment.
[INFO DRT-0267] cpu time = 00:00:14, elapsed time = 00:00:01, memory = 1560.71 (MB), peak = 1558.26 (MB)
[INFO DRT-0187] Start routing data preparation.
[INFO DRT-0267] cpu time = 00:00:00, elapsed time = 00:00:00, memory = 1567.25 (MB), peak = 1564.82 (MB)
[INFO DRT-0194] Start detail routing.
[INFO DRT-0195] Start 0th optimization iteration.
    Completing 10% with 0 violations.
    elapsed time = 00:00:00, memory = 1623.48 (MB).
    Completing 20% with 844 violations.
    elapsed time = 00:00:05, memory = 1759.41 (MB).
    Completing 30% with 1026 violations.
    elapsed time = 00:00:06, memory = 1759.42 (MB).
    Completing 40% with 1026 violations.
    elapsed time = 00:00:07, memory = 1812.97 (MB).
    Completing 50% with 1447 violations.
    elapsed time = 00:00:12, memory = 1813.97 (MB).
    Completing 60% with 1528 violations.
    elapsed time = 00:00:12, memory = 1813.97 (MB).
    Completing 70% with 2032 violations.
    elapsed time = 00:00:14, memory = 1814.43 (MB).
    Completing 80% with 2142 violations.
    elapsed time = 00:00:15, memory = 1814.43 (MB).
    Completing 90% with 2142 violations.
    elapsed time = 00:00:16, memory = 1846.96 (MB).
    Completing 100% with 2427 violations.
    elapsed time = 00:00:17, memory = 1814.43 (MB).
[INFO DRT-0199]   Number of violations = 2826.
Viol/Layer        mcon   met1   met2   met3   met4
Cut Spacing          2      0      0      0      0
Metal Spacing        0    171     77     19      1
Min Hole             0      1      0      0      0
Recheck              0    181    111     98      9
Short                0   1217    593    317     29
[INFO DRT-0267] cpu time = 00:01:34, elapsed time = 00:00:18, memory = 1928.91 (MB), peak = 1926.07 (MB)
Total wire length = 720036 um.
Total wire length on LAYER li1 = 0 um.
Total wire length on LAYER met1 = 258924 um.
Total wire length on LAYER met2 = 278601 um.
Total wire length on LAYER met3 = 139127 um.
Total wire length on LAYER met4 = 38164 um.
Total wire length on LAYER met5 = 5218 um.
Total number of vias = 45874.
Up-via summary (total 45874):

------------------------
 FR_MASTERSLICE        0
            li1    17132
           met1    24090
           met2     3860
           met3      748
           met4       44
------------------------
               45874


[INFO DRT-0195] Start 1st optimization iteration.
    Completing 10% with 2826 violations.
    elapsed time = 00:00:00, memory = 1928.91 (MB).
    Completing 20% with 2150 violations.
    elapsed time = 00:00:02, memory = 1928.91 (MB).
    Completing 30% with 1997 violations.
    elapsed time = 00:00:05, memory = 1928.91 (MB).
    Completing 40% with 1997 violations.
    elapsed time = 00:00:05, memory = 1964.70 (MB).
    Completing 50% with 1755 violations.
    elapsed time = 00:00:10, memory = 1929.59 (MB).
    Completing 60% with 1714 violations.
    elapsed time = 00:00:10, memory = 1929.59 (MB).
    Completing 70% with 1033 violations.
    elapsed time = 00:00:12, memory = 1930.32 (MB).
    Completing 80% with 946 violations.
    elapsed time = 00:00:13, memory = 1931.80 (MB).
    Completing 90% with 946 violations.
    elapsed time = 00:00:14, memory = 1964.91 (MB).
    Completing 100% with 608 violations.
    elapsed time = 00:00:17, memory = 1931.89 (MB).
[INFO DRT-0199]   Number of violations = 608.
Viol/Layer        mcon   met1   met2   met3   met4
Cut Spacing          2      0      0      0      0
Metal Spacing        0     58     27      2      1
Short                0    398     99     20      1
[INFO DRT-0267] cpu time = 00:01:17, elapsed time = 00:00:17, memory = 1934.89 (MB), peak = 1967.69 (MB)
Total wire length = 719412 um.
Total wire length on LAYER li1 = 0 um.
Total wire length on LAYER met1 = 258624 um.
Total wire length on LAYER met2 = 278289 um.
Total wire length on LAYER met3 = 139066 um.
Total wire length on LAYER met4 = 38216 um.
Total wire length on LAYER met5 = 5215 um.
Total number of vias = 45861.
Up-via summary (total 45861):

------------------------
 FR_MASTERSLICE        0
            li1    17142
           met1    24000
           met2     3924
           met3      751
           met4       44
------------------------
               45861


[INFO DRT-0195] Start 2nd optimization iteration.
    Completing 10% with 608 violations.
    elapsed time = 00:00:00, memory = 1934.89 (MB).
    Completing 20% with 603 violations.
    elapsed time = 00:00:00, memory = 1934.89 (MB).
    Completing 30% with 575 violations.
    elapsed time = 00:00:03, memory = 1934.89 (MB).
    Completing 40% with 575 violations.
    elapsed time = 00:00:03, memory = 1934.89 (MB).
    Completing 50% with 561 violations.
    elapsed time = 00:00:03, memory = 1934.89 (MB).
    Completing 60% with 552 violations.
    elapsed time = 00:00:04, memory = 1934.89 (MB).
    Completing 70% with 557 violations.
    elapsed time = 00:00:06, memory = 1935.27 (MB).
    Completing 80% with 568 violations.
    elapsed time = 00:00:08, memory = 1935.27 (MB).
    Completing 90% with 568 violations.
    elapsed time = 00:00:08, memory = 1935.27 (MB).
    Completing 100% with 573 violations.
    elapsed time = 00:00:10, memory = 1935.27 (MB).
[INFO DRT-0199]   Number of violations = 573.
Viol/Layer        mcon   met1   met2   met3
Cut Spacing          1      0      0      0
Metal Spacing        0     78     28      5
Min Hole             0      1      0      0
NS Metal             0      1      0      0
Short                0    361     87     11
[INFO DRT-0267] cpu time = 00:00:45, elapsed time = 00:00:10, memory = 1935.27 (MB), peak = 1967.69 (MB)
Total wire length = 719229 um.
Total wire length on LAYER li1 = 0 um.
Total wire length on LAYER met1 = 258536 um.
Total wire length on LAYER met2 = 278258 um.
Total wire length on LAYER met3 = 139089 um.
Total wire length on LAYER met4 = 38123 um.
Total wire length on LAYER met5 = 5220 um.
Total number of vias = 45795.
Up-via summary (total 45795):

------------------------
 FR_MASTERSLICE        0
            li1    17139
           met1    23972
           met2     3899
           met3      741
           met4       44
------------------------
               45795


[INFO DRT-0195] Start 3rd optimization iteration.
    Completing 10% with 573 violations.
    elapsed time = 00:00:00, memory = 1935.27 (MB).
    Completing 20% with 439 violations.
    elapsed time = 00:00:06, memory = 1937.00 (MB).
    Completing 30% with 380 violations.
    elapsed time = 00:00:09, memory = 1937.00 (MB).
    Completing 40% with 380 violations.
    elapsed time = 00:00:09, memory = 1945.00 (MB).
    Completing 50% with 292 violations.
    elapsed time = 00:00:16, memory = 1937.00 (MB).
    Completing 60% with 267 violations.
    elapsed time = 00:00:16, memory = 1937.00 (MB).
    Completing 70% with 181 violations.
    elapsed time = 00:00:23, memory = 1937.00 (MB).
    Completing 80% with 151 violations.
    elapsed time = 00:00:27, memory = 1937.00 (MB).
    Completing 90% with 151 violations.
    elapsed time = 00:00:27, memory = 1937.00 (MB).
    Completing 100% with 106 violations.
    elapsed time = 00:00:30, memory = 1937.12 (MB).
[INFO DRT-0199]   Number of violations = 106.
Viol/Layer        mcon   met1   met2   met3
Cut Spacing          1      0      0      0
Metal Spacing        0     23      1      0
Short                0     70      7      4
[INFO DRT-0267] cpu time = 00:01:08, elapsed time = 00:00:30, memory = 1937.12 (MB), peak = 1968.54 (MB)
Total wire length = 719369 um.
Total wire length on LAYER li1 = 0 um.
Total wire length on LAYER met1 = 257254 um.
Total wire length on LAYER met2 = 277821 um.
Total wire length on LAYER met3 = 140375 um.
Total wire length on LAYER met4 = 38676 um.
Total wire length on LAYER met5 = 5241 um.
Total number of vias = 46130.
Up-via summary (total 46130):

------------------------
 FR_MASTERSLICE        0
            li1    17141
           met1    24061
           met2     4086
           met3      798
           met4       44
------------------------
               46130


[INFO DRT-0195] Start 4th optimization iteration.
    Completing 10% with 106 violations.
    elapsed time = 00:00:00, memory = 1937.12 (MB).
    Completing 20% with 99 violations.
    elapsed time = 00:00:00, memory = 1937.12 (MB).
    Completing 30% with 74 violations.
    elapsed time = 00:00:00, memory = 1937.12 (MB).
    Completing 40% with 74 violations.
    elapsed time = 00:00:00, memory = 1937.12 (MB).
    Completing 50% with 57 violations.
    elapsed time = 00:00:02, memory = 1937.12 (MB).
    Completing 60% with 48 violations.
    elapsed time = 00:00:02, memory = 1937.12 (MB).
    Completing 70% with 42 violations.
    elapsed time = 00:00:02, memory = 1937.12 (MB).
    Completing 80% with 19 violations.
    elapsed time = 00:00:02, memory = 1937.12 (MB).
    Completing 90% with 19 violations.
    elapsed time = 00:00:02, memory = 1937.12 (MB).
    Completing 100% with 14 violations.
    elapsed time = 00:00:12, memory = 1937.12 (MB).
[INFO DRT-0199]   Number of violations = 14.
Viol/Layer        met1   met2
Metal Spacing        4      1
Short                7      2
[INFO DRT-0267] cpu time = 00:00:28, elapsed time = 00:00:12, memory = 1937.12 (MB), peak = 1971.17 (MB)
Total wire length = 719383 um.
Total wire length on LAYER li1 = 0 um.
Total wire length on LAYER met1 = 257167 um.
Total wire length on LAYER met2 = 277801 um.
Total wire length on LAYER met3 = 140452 um.
Total wire length on LAYER met4 = 38721 um.
Total wire length on LAYER met5 = 5241 um.
Total number of vias = 46167.
Up-via summary (total 46167):

------------------------
 FR_MASTERSLICE        0
            li1    17140
           met1    24087
           met2     4092
           met3      804
           met4       44
------------------------
               46167


[INFO DRT-0195] Start 5th guides tiles iteration.
    Completing 10% with 14 violations.
    elapsed time = 00:00:00, memory = 1937.12 (MB).
    Completing 20% with 14 violations.
    elapsed time = 00:00:00, memory = 1937.12 (MB).
    Completing 30% with 14 violations.
    elapsed time = 00:00:00, memory = 1937.12 (MB).
    Completing 50% with 14 violations.
    elapsed time = 00:00:00, memory = 1937.12 (MB).
    Completing 60% with 14 violations.
    elapsed time = 00:00:00, memory = 1937.12 (MB).
    Completing 70% with 3 violations.
    elapsed time = 00:00:00, memory = 1937.12 (MB).
    Completing 80% with 3 violations.
    elapsed time = 00:00:00, memory = 1937.12 (MB).
    Completing 100% with 3 violations.
    elapsed time = 00:00:01, memory = 1937.12 (MB).
[INFO DRT-0199]   Number of violations = 3.
Viol/Layer        met1
Short                3
[INFO DRT-0267] cpu time = 00:00:05, elapsed time = 00:00:01, memory = 1937.12 (MB), peak = 1971.17 (MB)
Total wire length = 719369 um.
Total wire length on LAYER li1 = 0 um.
Total wire length on LAYER met1 = 257162 um.
Total wire length on LAYER met2 = 277791 um.
Total wire length on LAYER met3 = 140453 um.
Total wire length on LAYER met4 = 38721 um.
Total wire length on LAYER met5 = 5241 um.
Total number of vias = 46169.
Up-via summary (total 46169):

------------------------
 FR_MASTERSLICE        0
            li1    17140
           met1    24091
           met2     4090
           met3      804
           met4       44
------------------------
               46169


[INFO DRT-0195] Start 6th guides tiles iteration.
    Completing 30% with 3 violations.
    elapsed time = 00:00:00, memory = 1937.12 (MB).
    Completing 60% with 3 violations.
    elapsed time = 00:00:00, memory = 1937.12 (MB).
    Completing 100% with 3 violations.
    elapsed time = 00:00:01, memory = 1937.12 (MB).
[INFO DRT-0199]   Number of violations = 3.
Viol/Layer        met1
Short                3
[INFO DRT-0267] cpu time = 00:00:05, elapsed time = 00:00:01, memory = 1937.12 (MB), peak = 1971.17 (MB)
Total wire length = 719369 um.
Total wire length on LAYER li1 = 0 um.
Total wire length on LAYER met1 = 257162 um.
Total wire length on LAYER met2 = 277791 um.
Total wire length on LAYER met3 = 140453 um.
Total wire length on LAYER met4 = 38721 um.
Total wire length on LAYER met5 = 5241 um.
Total number of vias = 46169.
Up-via summary (total 46169):

------------------------
 FR_MASTERSLICE        0
            li1    17140
           met1    24091
           met2     4090
           met3      804
           met4       44
------------------------
               46169


[INFO DRT-0195] Start 7th stubborn tiles iteration.
    Completing 10% with 3 violations.
    elapsed time = 00:00:00, memory = 1967.96 (MB).
    Completing 20% with 3 violations.
    elapsed time = 00:00:00, memory = 1967.96 (MB).
    Completing 30% with 3 violations.
    elapsed time = 00:00:00, memory = 1969.84 (MB).
    Completing 40% with 3 violations.
    elapsed time = 00:00:01, memory = 1989.55 (MB).
    Completing 50% with 3 violations.
    elapsed time = 00:00:01, memory = 1998.58 (MB).
    Completing 60% with 3 violations.
    elapsed time = 00:00:02, memory = 1998.58 (MB).
    Completing 70% with 3 violations.
    elapsed time = 00:00:02, memory = 2006.80 (MB).
    Completing 80% with 3 violations.
    elapsed time = 00:00:02, memory = 2009.77 (MB).
    Completing 90% with 3 violations.
    elapsed time = 00:00:04, memory = 2032.11 (MB).
    Completing 100% with 0 violations.
    elapsed time = 00:00:05, memory = 2032.11 (MB).
[INFO DRT-0199]   Number of violations = 0.
[INFO DRT-0267] cpu time = 00:00:42, elapsed time = 00:00:05, memory = 2032.11 (MB), peak = 2028.79 (MB)
Total wire length = 719366 um.
Total wire length on LAYER li1 = 0 um.
Total wire length on LAYER met1 = 257140 um.
Total wire length on LAYER met2 = 277792 um.
Total wire length on LAYER met3 = 140470 um.
Total wire length on LAYER met4 = 38721 um.
Total wire length on LAYER met5 = 5241 um.
Total number of vias = 46169.
Up-via summary (total 46169):

------------------------
 FR_MASTERSLICE        0
            li1    17140
           met1    24089
           met2     4092
           met3      804
           met4       44
------------------------
               46169


[INFO DRT-0198] Complete detail routing.
Total wire length = 719366 um.
Total wire length on LAYER li1 = 0 um.
Total wire length on LAYER met1 = 257140 um.
Total wire length on LAYER met2 = 277792 um.
Total wire length on LAYER met3 = 140470 um.
Total wire length on LAYER met4 = 38721 um.
Total wire length on LAYER met5 = 5241 um.
Total number of vias = 46169.
Up-via summary (total 46169):

------------------------
 FR_MASTERSLICE        0
            li1    17140
           met1    24089
           met2     4092
           met3      804
           met4       44
------------------------
               46169


[INFO DRT-0267] cpu time = 00:06:08, elapsed time = 00:01:38, memory = 2032.11 (MB), peak = 2028.79 (MB)

[INFO DRT-0180] Post processing.
+ check_antennas 
[INFO ANT-0002] Found 5 net violations.
[INFO ANT-0001] Found 7 pin violations.
[INFO] Running antenna repair iteration 2…
+ repair_antennas sky130_fd_sc_hd__diode_2 -ratio_margin 10 -allow_congestion
[INFO GRT-0012] Found 7 antenna violations.
[INFO GRT-0015] Inserted 9 diodes.
+ detailed_route -droute_end_iter 64 -or_seed 42 -verbose 1 -output_drc /home/research/alosh/superfloat.gpu/librelane/openframe/runs/chip_20_eco2/02-openroad-detailedrouting/drt-run-2/openframe_project_wrapper.drc
[INFO DRT-0024]   Complete FR_MASTERSLICE.
[INFO DRT-0024]   Complete licon.
[INFO DRT-0024]   Complete li1.
[INFO DRT-0024]   Complete mcon.
[INFO DRT-0024]   Complete met1.
[INFO DRT-0024]   Complete via.
[INFO DRT-0024]   Complete met2.
[INFO DRT-0024]   Complete via2.
[INFO DRT-0024]   Complete met3.
[INFO DRT-0024]   Complete via3.
[INFO DRT-0024]   Complete met4.
[INFO DRT-0024]   Complete via4.
[INFO DRT-0024]   Complete met5.
[INFO DRT-0165] Start pin access.
[INFO DRT-0076]   Complete 1000 pins.
[INFO DRT-0076]   Complete 2000 pins.
[INFO DRT-0078]   Complete 2861 pins.
[INFO DRT-0079]   Complete 100 unique inst patterns.
[INFO DRT-0079]   Complete 200 unique inst patterns.
[INFO DRT-0079]   Complete 300 unique inst patterns.
[INFO DRT-0081]   Complete 306 unique inst patterns.
[INFO DRT-0084]   Complete 4703 groups.
#scanned instances     = 24035
#unique  instances     = 312
#stdCellGenAp          = 8946
#stdCellValidPlanarAp  = 78
#stdCellValidViaAp     = 6935
#stdCellPinNoAp        = 0
#stdCellPinCnt         = 16819
#instTermValidViaApCnt = 0
#macroGenAp            = 1416
#macroValidPlanarAp    = 1416
#macroValidViaAp       = 0
#macroNoAp             = 0
[INFO DRT-0166] Complete pin access.
[INFO DRT-0267] cpu time = 00:01:36, elapsed time = 00:00:10, memory = 2032.11 (MB), peak = 2028.79 (MB)

[INFO DRT-0157] Number of guides:     52970

[INFO DRT-0169] Post process guides.
[INFO DRT-0176] GCELLGRID X 0 DO 458 STEP 6900 ;
[INFO DRT-0177] GCELLGRID Y 0 DO 690 STEP 6900 ;
[INFO DRT-0028]   Complete FR_MASTERSLICE.
[INFO DRT-0028]   Complete licon.
[INFO DRT-0028]   Complete li1.
[INFO DRT-0028]   Complete mcon.
[INFO DRT-0028]   Complete met1.
[INFO DRT-0028]   Complete via.
[INFO DRT-0028]   Complete met2.
[INFO DRT-0028]   Complete via2.
[INFO DRT-0028]   Complete met3.
[INFO DRT-0028]   Complete via3.
[INFO DRT-0028]   Complete met4.
[INFO DRT-0028]   Complete via4.
[INFO DRT-0028]   Complete met5.
[INFO DRT-0178] Init guide query.
[INFO DRT-0035]   Complete FR_MASTERSLICE (guide).
[INFO DRT-0035]   Complete licon (guide).
[INFO DRT-0035]   Complete li1 (guide).
[INFO DRT-0035]   Complete mcon (guide).
[INFO DRT-0035]   Complete met1 (guide).
[INFO DRT-0035]   Complete via (guide).
[INFO DRT-0035]   Complete met2 (guide).
[INFO DRT-0035]   Complete via2 (guide).
[INFO DRT-0035]   Complete met3 (guide).
[INFO DRT-0035]   Complete via3 (guide).
[INFO DRT-0035]   Complete met4 (guide).
[INFO DRT-0035]   Complete via4 (guide).
[INFO DRT-0035]   Complete met5 (guide).
[INFO DRT-0036] FR_MASTERSLICE guide region query size = 0.
[INFO DRT-0036] licon guide region query size = 0.
[INFO DRT-0036] li1 guide region query size = 15352.
[INFO DRT-0036] mcon guide region query size = 0.
[INFO DRT-0036] met1 guide region query size = 15766.
[INFO DRT-0036] via guide region query size = 0.
[INFO DRT-0036] met2 guide region query size = 9778.
[INFO DRT-0036] via2 guide region query size = 0.
[INFO DRT-0036] met3 guide region query size = 1703.
[INFO DRT-0036] via3 guide region query size = 0.
[INFO DRT-0036] met4 guide region query size = 339.
[INFO DRT-0036] via4 guide region query size = 0.
[INFO DRT-0036] met5 guide region query size = 29.
[INFO DRT-0179] Init gr pin query.
[INFO DRT-0267] cpu time = 00:00:00, elapsed time = 00:00:00, memory = 2032.11 (MB), peak = 2028.79 (MB)
[INFO DRT-0245] skipped writing guide updates to database.
[INFO DRT-0185] Post process initialize RPin region query.
[INFO DRT-0181] Start track assignment.
[INFO DRT-0184] Done with 25469 vertical wires in 10 frboxes and 17498 horizontal wires in 14 frboxes.
[INFO DRT-0186] Done with 2778 vertical wires in 10 frboxes and 5237 horizontal wires in 14 frboxes.
[INFO DRT-0182] Complete track assignment.
[INFO DRT-0267] cpu time = 00:00:14, elapsed time = 00:00:02, memory = 2032.11 (MB), peak = 2028.79 (MB)
[INFO DRT-0187] Start routing data preparation.
[INFO DRT-0267] cpu time = 00:00:00, elapsed time = 00:00:00, memory = 2032.11 (MB), peak = 2028.79 (MB)
[INFO DRT-0194] Start detail routing.
[INFO DRT-0195] Start 0th optimization iteration.
    Completing 10% with 0 violations.
    elapsed time = 00:00:00, memory = 2032.11 (MB).
    Completing 20% with 57 violations.
    elapsed time = 00:00:01, memory = 2032.11 (MB).
    Completing 30% with 57 violations.
    elapsed time = 00:00:01, memory = 2033.99 (MB).
    Completing 40% with 57 violations.
    elapsed time = 00:00:02, memory = 2068.36 (MB).
    Completing 50% with 73 violations.
    elapsed time = 00:00:03, memory = 2033.99 (MB).
    Completing 60% with 104 violations.
    elapsed time = 00:00:04, memory = 2034.00 (MB).
    Completing 70% with 124 violations.
    elapsed time = 00:00:04, memory = 2034.00 (MB).
    Completing 80% with 124 violations.
    elapsed time = 00:00:04, memory = 2034.00 (MB).
    Completing 90% with 124 violations.
    elapsed time = 00:00:05, memory = 2066.85 (MB).
    Completing 100% with 137 violations.
    elapsed time = 00:00:06, memory = 2034.00 (MB).
[INFO DRT-0199]   Number of violations = 178.
Viol/Layer        met1   met2   met3   met4
Metal Spacing        8      3      1      0
Recheck             19      9     12      1
Short               68     21     35      1
[INFO DRT-0267] cpu time = 00:00:51, elapsed time = 00:00:06, memory = 2034.00 (MB), peak = 2065.16 (MB)
Total wire length = 719471 um.
Total wire length on LAYER li1 = 0 um.
Total wire length on LAYER met1 = 257901 um.
Total wire length on LAYER met2 = 277978 um.
Total wire length on LAYER met3 = 139310 um.
Total wire length on LAYER met4 = 38584 um.
Total wire length on LAYER met5 = 5695 um.
Total number of vias = 46173.
Up-via summary (total 46173):

------------------------
 FR_MASTERSLICE        0
            li1    17155
           met1    24111
           met2     4065
           met3      796
           met4       46
------------------------
               46173


[INFO DRT-0195] Start 1st optimization iteration.
    Completing 10% with 178 violations.
    elapsed time = 00:00:00, memory = 2034.00 (MB).
    Completing 20% with 133 violations.
    elapsed time = 00:00:00, memory = 2034.57 (MB).
    Completing 30% with 125 violations.
    elapsed time = 00:00:01, memory = 2034.57 (MB).
    Completing 40% with 125 violations.
    elapsed time = 00:00:01, memory = 2069.77 (MB).
    Completing 50% with 113 violations.
    elapsed time = 00:00:02, memory = 2034.62 (MB).
    Completing 60% with 113 violations.
    elapsed time = 00:00:02, memory = 2034.62 (MB).
    Completing 70% with 68 violations.
    elapsed time = 00:00:03, memory = 2034.62 (MB).
    Completing 80% with 62 violations.
    elapsed time = 00:00:04, memory = 2034.62 (MB).
    Completing 90% with 62 violations.
    elapsed time = 00:00:05, memory = 2070.17 (MB).
    Completing 100% with 39 violations.
    elapsed time = 00:00:06, memory = 2034.62 (MB).
[INFO DRT-0199]   Number of violations = 39.
Viol/Layer        met1   met2   met3
Metal Spacing        5      0      0
Short               27      6      1
[INFO DRT-0267] cpu time = 00:00:49, elapsed time = 00:00:06, memory = 2034.62 (MB), peak = 2069.80 (MB)
Total wire length = 719390 um.
Total wire length on LAYER li1 = 0 um.
Total wire length on LAYER met1 = 257891 um.
Total wire length on LAYER met2 = 277925 um.
Total wire length on LAYER met3 = 139301 um.
Total wire length on LAYER met4 = 38581 um.
Total wire length on LAYER met5 = 5690 um.
Total number of vias = 46147.
Up-via summary (total 46147):

------------------------
 FR_MASTERSLICE        0
            li1    17152
           met1    24097
           met2     4058
           met3      794
           met4       46
------------------------
               46147


[INFO DRT-0195] Start 2nd optimization iteration.
    Completing 10% with 39 violations.
    elapsed time = 00:00:00, memory = 2034.62 (MB).
    Completing 20% with 39 violations.
    elapsed time = 00:00:00, memory = 2034.62 (MB).
    Completing 30% with 39 violations.
    elapsed time = 00:00:00, memory = 2034.62 (MB).
    Completing 40% with 39 violations.
    elapsed time = 00:00:00, memory = 2034.62 (MB).
    Completing 50% with 37 violations.
    elapsed time = 00:00:00, memory = 2034.62 (MB).
    Completing 60% with 37 violations.
    elapsed time = 00:00:00, memory = 2034.62 (MB).
    Completing 70% with 36 violations.
    elapsed time = 00:00:00, memory = 2034.62 (MB).
    Completing 80% with 25 violations.
    elapsed time = 00:00:01, memory = 2034.62 (MB).
    Completing 90% with 25 violations.
    elapsed time = 00:00:01, memory = 2034.62 (MB).
    Completing 100% with 24 violations.
    elapsed time = 00:00:01, memory = 2034.62 (MB).
[INFO DRT-0199]   Number of violations = 24.
Viol/Layer        met1   met2
Metal Spacing        5      0
Short               17      2
[INFO DRT-0267] cpu time = 00:00:10, elapsed time = 00:00:02, memory = 2034.62 (MB), peak = 2069.80 (MB)
Total wire length = 719373 um.
Total wire length on LAYER li1 = 0 um.
Total wire length on LAYER met1 = 257871 um.
Total wire length on LAYER met2 = 277922 um.
Total wire length on LAYER met3 = 139305 um.
Total wire length on LAYER met4 = 38583 um.
Total wire length on LAYER met5 = 5690 um.
Total number of vias = 46155.
Up-via summary (total 46155):

------------------------
 FR_MASTERSLICE        0
            li1    17152
           met1    24100
           met2     4061
           met3      796
           met4       46
------------------------
               46155


[INFO DRT-0195] Start 3rd guides tiles iteration.
    Completing 10% with 24 violations.
    elapsed time = 00:00:00, memory = 2070.27 (MB).
    Completing 20% with 24 violations.
    elapsed time = 00:00:00, memory = 2070.27 (MB).
    Completing 40% with 24 violations.
    elapsed time = 00:00:00, memory = 2070.27 (MB).
    Completing 50% with 24 violations.
    elapsed time = 00:00:00, memory = 2034.62 (MB).
    Completing 70% with 24 violations.
    elapsed time = 00:00:02, memory = 2034.62 (MB).
    Completing 80% with 12 violations.
    elapsed time = 00:00:02, memory = 2093.29 (MB).
    Completing 100% with 1 violations.
    elapsed time = 00:00:03, memory = 2034.62 (MB).
[INFO DRT-0199]   Number of violations = 1.
Viol/Layer        met1
Metal Spacing        1
[INFO DRT-0267] cpu time = 00:00:07, elapsed time = 00:00:03, memory = 2034.62 (MB), peak = 2090.29 (MB)
Total wire length = 719366 um.
Total wire length on LAYER li1 = 0 um.
Total wire length on LAYER met1 = 257416 um.
Total wire length on LAYER met2 = 277682 um.
Total wire length on LAYER met3 = 139761 um.
Total wire length on LAYER met4 = 38815 um.
Total wire length on LAYER met5 = 5690 um.
Total number of vias = 46177.
Up-via summary (total 46177):

------------------------
 FR_MASTERSLICE        0
            li1    17152
           met1    24104
           met2     4075
           met3      800
           met4       46
------------------------
               46177


[INFO DRT-0195] Start 4th guides tiles iteration.
    Completing 100% with 0 violations.
    elapsed time = 00:00:00, memory = 2034.62 (MB).
[INFO DRT-0199]   Number of violations = 0.
[INFO DRT-0267] cpu time = 00:00:01, elapsed time = 00:00:00, memory = 2034.62 (MB), peak = 2090.29 (MB)
Total wire length = 719364 um.
Total wire length on LAYER li1 = 0 um.
Total wire length on LAYER met1 = 257418 um.
Total wire length on LAYER met2 = 277679 um.
Total wire length on LAYER met3 = 139761 um.
Total wire length on LAYER met4 = 38815 um.
Total wire length on LAYER met5 = 5690 um.
Total number of vias = 46177.
Up-via summary (total 46177):

------------------------
 FR_MASTERSLICE        0
            li1    17152
           met1    24104
           met2     4075
           met3      800
           met4       46
------------------------
               46177


[INFO DRT-0198] Complete detail routing.
Total wire length = 719364 um.
Total wire length on LAYER li1 = 0 um.
Total wire length on LAYER met1 = 257418 um.
Total wire length on LAYER met2 = 277679 um.
Total wire length on LAYER met3 = 139761 um.
Total wire length on LAYER met4 = 38815 um.
Total wire length on LAYER met5 = 5690 um.
Total number of vias = 46177.
Up-via summary (total 46177):

------------------------
 FR_MASTERSLICE        0
            li1    17152
           met1    24104
           met2     4075
           met3      800
           met4       46
------------------------
               46177


[INFO DRT-0267] cpu time = 00:02:02, elapsed time = 00:00:18, memory = 2034.62 (MB), peak = 2090.29 (MB)

[INFO DRT-0180] Post processing.
+ check_antennas 
[INFO ANT-0002] Found 0 net violations.
[INFO ANT-0001] Found 0 pin violations.
Setting global connections for newly added cells…
[INFO] Setting global connections...
chip\.gpu_inst\.tiles.* matched with chip.gpu_inst.tiles\[0\].tile
chip\.gpu_inst\.tiles.* matched with chip.gpu_inst.tiles\[1\].tile
chip\.gpu_inst\.tiles.* matched with chip.gpu_inst.tiles\[2\].tile
chip\.gpu_inst\.tiles.* matched with chip.gpu_inst.tiles\[3\].tile
[INFO ODB-0403] 916 connections made, 0 conflicts skipped.
Updating metrics…
Cell type report:                       Count       Area
  Macro                                     6 13506773.68
  Tap cell                              17634   22063.66
  Antenna cell                            226     565.54
  Buffer                                   32     292.78
  Clock buffer                            403    9158.78
  Timing Repair Buffer                   2573   21301.68
  Inverter                                138     520.50
  Clock inverter                           43     710.68
  Sequential cell                         901   24583.58
  Multi-Input combinational cell         2079   15439.81
  Total                                 24035 13601410.69
Writing OpenROAD database to '/home/research/alosh/superfloat.gpu/librelane/openframe/runs/chip_20_eco2/02-openroad-detailedrouting/openframe_project_wrapper.odb'…
Writing netlist to '/home/research/alosh/superfloat.gpu/librelane/openframe/runs/chip_20_eco2/02-openroad-detailedrouting/openframe_project_wrapper.nl.v'…
Writing powered netlist to '/home/research/alosh/superfloat.gpu/librelane/openframe/runs/chip_20_eco2/02-openroad-detailedrouting/openframe_project_wrapper.pnl.v'…
Writing layout to '/home/research/alosh/superfloat.gpu/librelane/openframe/runs/chip_20_eco2/02-openroad-detailedrouting/openframe_project_wrapper.def'…
Writing timing constraints to '/home/research/alosh/superfloat.gpu/librelane/openframe/runs/chip_20_eco2/02-openroad-detailedrouting/openframe_project_wrapper.sdc'…
