net,length_um
net2227,1.58654mm
net2222,1.32682mm
net2249,793.74µm
net379,757.7µm
net811,673.06µm
net428,628.815µm
clknet_6_27__leaf_gpio_in[38]_regs,624.12µm
net1566,612.42µm
clknet_6_35__leaf_gpio_in[38]_regs,580.96µm
net468,572.77µm
net441,564.94µm
net2930,558.255µm
net803,550.08µm
net460,548.715µm
net2967,545.84µm
net1063,544.67µm
net948,544.54µm
net488,544.385µm
net2899,541.7µm
net2995,541.47µm
net2923,538.86µm
net2942,538.2µm
net3051,537.26µm
net3054,536.98µm
net1424,535.39µm
net1548,535.09µm
net1325,534.33µm
net2926,534.06µm
net2902,533.54µm
net3076,533.42µm
net3134,533.14µm
net3036,533.04µm
net3125,532.04µm
net2939,532µm
net1074,529.87µm
net2894,529.7µm
net331,528.855µm
net1066,528.37µm
net479,528.31µm
net523,527.215µm
net3120,527.02µm
net1073,526.61µm
net3117,525.84µm
net550,524.485µm
net2964,522.68µm
net2232,522.58µm
net1371,522.29µm
net2972,522.24µm
net1080,521.65µm
net2910,521.65µm
net2934,520.66µm
net980,520.51µm
net2907,520.365µm
net3039,519.76µm
net3078,519.42µm
net974,519.37µm
net976,518.97µm
net877,518.9µm
net978,518.15µm
net2918,517.96µm
net3008,517.07µm
net3019,516.96µm
net2975,516.82µm
net3138,516.8µm
net3009,516.46µm
net3129,516.32µm
net1327,516.11µm
net321,514.66µm
net3079,514.32µm
net378,514.26µm
net3000,514.2µm
net3046,514.12µm
net340,513.965µm
net3086,513.74µm
net1077,513.62µm
net3003,513.28µm
net3005,512.15µm
net3010,511.84µm
net3111,511.4µm
net3108,511.22µm
net3105,510.58µm
net3102,510.56µm
net3113,510µm
net2955,509.68µm
net334,508.97µm
net742,508.6µm
net3142,508.52µm
net1070,508.17µm
net2983,507.52µm
net3144,507.44µm
net2996,507.36µm
net175,507.24µm
net2993,507.18µm
net3017,507.12µm
net482,506.95µm
net3033,506.86µm
net2959,506.84µm
net3074,506.74µm
net1083,506.56µm
net165,506.47µm
net431,506.27µm
net1079,506.06µm
net3084,505.82µm
chip.bus.ch_write_data_flat\[16\],505.35µm
net3063,505.32µm
net3064,505.24µm
net3095,505.08µm
net1339,504.89µm
net3072,504.38µm
net3146,504.3µm
net3143,504µm
net3089,503.26µm
net3151,502.6µm
net2978,501.66µm
net540,501.525µm
net3070,501.28µm
net3013,501.06µm
net880,500.89µm
net3099,500.76µm
net2262,500.67µm
net1368,500.65µm
net2947,500.625µm
net3083,500.58µm
net3097,500.33µm
net1405,500.28µm
net499,499.935µm
net2889,499.825µm
net607,499.58µm
net551,499.32µm
net1393,498.7µm
net3088,498.6µm
net2987,498.04µm
net2957,497.72µm
net508,497.54µm
net491,497.5µm
net3149,497.28µm
net3081,496.94µm
net1667,496.9µm
net3065,496.82µm
net3026,496.6µm
net3015,496.4µm
net1041,496.32µm
net2977,496.08µm
net1314,495.89µm
net1064,495.81µm
net2891,495.72µm
net2989,495.3µm
net3042,495.18µm
net1476,494.86µm
net815,494.84µm
net355,494.82µm
net3154,494.38µm
net3061,493.9µm
net744,493.62µm
chip.bus.ch_read_valid\[3\],493.26µm
net538,493.16µm
net3068,492.92µm
net3155,492.82µm
net2911,492.72µm
net734,491.83µm
net3012,491.58µm
net3066,491.54µm
net3067,491.38µm
net1242,491.235µm
_0739_,491.08µm
net1646,490.8µm
net2950,490.575µm
net316,490.155µm
net1618,489.92µm
net924,489.89µm
net737,489.52µm
net1532,489.46µm
net2896,489.42µm
net490,489.345µm
net928,489.01µm
net2903,488.88µm
net33,488.5µm
net2951,488.46µm
net70,488.26µm
_0679_,487.96µm
net3090,487.92µm
net916,487.79µm
net2962,487.66µm
net1025,487.65µm
net886,487.5µm
net920,487.18µm
net2282,487.11µm
net318,487.02µm
net1432,487.02µm
net2974,486.6µm
net3029,486.44µm
net884,486.415µm
net3087,486.36µm
chip.gpu_inst.core_done\[0\],486.35µm
net890,486.285µm
net776,486.12µm
net2931,484.95µm
net1663,484.635µm
net932,484.56µm
net3031,484.52µm
_0743_,484.32µm
net455,484.035µm
net2921,483.98µm
net3048,483.6µm
net2944,483.53µm
net2965,483.52µm
net481,483.37µm
net3126,483.26µm
net2940,483.22µm
net3049,483.06µm
net3055,483.06µm
net2969,482.9µm
net1537,482.68µm
net2936,482.68µm
net749,482.44µm
net2893,482.42µm
chip.bus.ch_write_data_flat\[53\],482.38µm
net930,482.22µm
net2919,481.76µm
chip.bus.ch_write_data_flat\[18\],481.21µm
net2920,481.06µm
net2935,481.06µm
net2943,480.84µm
net696,480.76µm
net2927,480.6µm
net1637,480.435µm
net1385,480.38µm
net926,480.34µm
net3118,480.26µm
net3047,480.14µm
net3139,480.14µm
net2970,479.92µm
net3136,479.58µm
net384,479.505µm
net3130,479.38µm
net2952,479.36µm
net333,479.29µm
net2924,479.1µm
net605,479.05µm
net346,478.94µm
net775,478.92µm
net2289,478.81µm
net888,478.575µm
_0669_,478.56µm
net3121,478.54µm
net501,478.26µm
net2314,478.15µm
net2968,478µm
chip.bus.ch_read_data\[1\],477.88µm
net3101,477.82µm
net939,477.78µm
net1067,477.62µm
net2958,477.15µm
net3037,476.84µm
net3052,476.72µm
net3153,476.7µm
net3043,476.53µm
net1457,476.38µm
net389,476.295µm
net2895,476.16µm
net396,475.995µm
net1666,475.74µm
net2897,475.7µm
net1571,475.6µm
net3135,475.48µm
net1264,475.32µm
net2986,475.32µm
net1448,475.14µm
net2937,474.78µm
net3024,474.72µm
net1235,474.7µm
net2906,474.34µm
net3025,474.3µm
net934,474.17µm
net3127,473.78µm
net2985,473.46µm
net2900,473.44µm
net1172,473.42µm
chip.bus.ch_write_data_flat\[55\],473.18µm
net430,473.165µm
net2928,473.1µm
_0771_,473.09µm
net10,472.7µm
_0646_,472.1µm
net557,472.1µm
net2932,472.075µm
net936,471.93µm
net1609,471.72µm
net2916,471.535µm
net3027,471.5µm
net1660,471.18µm
clknet_2_3_1_gpio_in[38]_regs,471.09µm
net2915,470.98µm
net3115,470.68µm
_0662_,469.82µm
net740,469.62µm
net946,469.4µm
net18,469.36µm
net604,469.14µm
net1265,469.06µm
net564,469.04µm
net3152,468.9µm
net1207,468.67µm
net746,468.42µm
net563,468.34µm
net804,468.12µm
net506,468.075µm
net3132,467.9µm
net774,467.8µm
net1441,467.38µm
net567,467.2µm
net3021,467.14µm
net1175,466.17µm
net3023,466.16µm
net1382,465.28µm
net950,465.2µm
net2961,463.62µm
net525,463.295µm
_1128_,463.1µm
_0395_,462.99µm
net1428,462.98µm
net3123,462.92µm
net918,462.865µm
clknet_6_34__leaf_gpio_in[38]_regs,462.62µm
net2294,462.58µm
net533,461.75µm
net353,461.465µm
net327,461.4µm
net1369,461.37µm
net317,461.185µm
net1573,459.97µm
_0718_,459.92µm
_1511_,459.76µm
net1643,459.3µm
net3044,459.26µm
net1383,459.2µm
net1485,459.2µm
net3092,459.18µm
net3034,459µm
net19,458.96µm
net625,458.68µm
net893,458.44µm
net1039,458.29µm
net768,457.845µm
net438,456.755µm
net527,456.65µm
net754,456.6µm
net614,456.52µm
net808,455.76µm
net1587,455.56µm
clknet_1_1_0_gpio_in[38]_regs,455.56µm
net27,455.4µm
net753,455.3µm
net412,455.17µm
_0726_,455.16µm
net2274,454.48µm
net1659,453.94µm
net1349,453.75µm
net1277,453.74µm
net2901,452.3µm
net922,451.25µm
net1286,451.07µm
net512,451.02µm
net1501,450.69µm
net500,450.315µm
net883,449.84µm
_0381_,449.7µm
net2269,449.13µm
net3016,449.04µm
net3011,448.76µm
net2913,448.52µm
net821,448.34µm
net938,448.315µm
net160,447.37µm
net453,447.06µm
net3057,446.62µm
net444,446.535µm
net758,445.68µm
net3119,445.32µm
net626,444.22µm
net2998,444.16µm
net1399,443.48µm
net824,443.47µm
net809,443.29µm
net568,443.28µm
net2912,443.22µm
net725,443µm
net303,441.68µm
net627,441.54µm
_0380_,441.5µm
clknet_2_0_1_gpio_in[38]_regs,441.4µm
net29,441.34µm
net1481,441.34µm
net2735,441.28µm
net1621,441.04µm
net1483,439.75µm
_0692_,439.52µm
net3058,439.1µm
_0684_,438.9µm
net1515,437.62µm
net2948,436.815µm
net1285,434.99µm
net1239,434.8µm
net3093,434.42µm
net2892,433.88µm
net1089,433.76µm
net3133,433.72µm
net817,433.62µm
net1410,433.43µm
net1098,433.31µm
net651,433.18µm
net542,433.14µm
_1363_,432.76µm
net1453,432.72µm
net2746,432.52µm
net712,432.18µm
net26,432.04µm
net1100,432.02µm
net636,431.98µm
net2266,431.95µm
net711,431.72µm
net1425,430.92µm
net3038,430.7µm
net574,429.6µm
net697,429.36µm
net923,429.28µm
net2949,429.195µm
net1567,428.03µm
net2905,427.855µm
net3107,427.84µm
net1422,427.66µm
net2946,427.135µm
net423,426.765µm
net3141,426.74µm
chip.bus.data_beat,426.68µm
net295,426.64µm
net72,426.3µm
net583,426.26µm
net2997,426.16µm
net882,423.99µm
_0690_,423.6µm
net289,423.06µm
net1421,422.98µm
net3041,422.92µm
net471,422.46µm
net748,421.4µm
net810,420.88µm
net158,420.87µm
net1310,420.63µm
net2377,420.37µm
net302,420.08µm
net472,419.87µm
clknet_6_39__leaf_gpio_in[38]_regs,419.57µm
net1426,419.16µm
net38,419.12µm
clknet_1_0_0_gpio_in[38]_regs,418.84µm
net1352,418.72µm
net462,417.005µm
net970,416.88µm
net1400,416.82µm
net1281,416.21µm
_1543_,416.02µm
net354,415.705µm
chip.bus.ch_read_data\[0\],415.7µm
net3006,415.7µm
net709,415.56µm
net2941,415.56µm
net2925,414.96µm
net360,414.92µm
net3112,414.64µm
net2914,414.4µm
_1485_,413.78µm
net1261,413.58µm
net37,412.76µm
net445,412.67µm
net1412,412.58µm
net1633,411.22µm
net543,411.14µm
net507,410.815µm
bus_req,410.76µm
net807,410.56µm
net397,410.51µm
net3022,410.4µm
net301,410.38µm
net698,410.34µm
net3059,409.37µm
net2953,408.84µm
net237,408.8µm
net2904,408.74µm
net520,408.67µm
net2954,408.46µm
net611,406.46µm
net699,406.44µm
net366,405.79µm
net1630,405.52µm
net324,405.12µm
net1354,405.02µm
net3124,404.52µm
net328,403.98µm
net2381,403.82µm
net1272,403.04µm
net3053,402.76µm
net1381,402.63µm
_1513_,402.62µm
net1279,402.42µm
net613,402.34µm
net1323,401.86µm
_1346_,401.46µm
net3056,400.54µm
net385,400.47µm
net259,400.28µm
net1046,400.2µm
net1470,399.7µm
clknet_4_8_0_gpio_in[38]_regs,399.38µm
net364,399.29µm
net1397,398.9µm
_0731_,398.4µm
net573,398.4µm
net28,398.16µm
net1232,398.01µm
net3091,397.71µm
net40,397.38µm
net1635,397.305µm
net2238,397.3µm
net827,397.25µm
net3080,397.2µm
net343,397.08µm
net547,396.83µm
net1634,396.18µm
net969,395.8µm
net3020,395.7µm
net1608,395.4µm
_1525_,395.12µm
net1295,395.04µm
net947,394.12µm
net1069,393.67µm
net1553,393.48µm
net1411,393.3µm
chip.bus.ch_read_data\[6\],393.18µm
net2236,393.1µm
_1309_,392.62µm
net1610,392.41µm
net88,391.9µm
net556,391.26µm
_1080_,390.34µm
net647,389.68µm
net2966,389µm
net1254,388.21µm
net1531,388.1µm
net401,387.43µm
net1564,387.2µm
net347,387.12µm
net2990,387µm
net307,386.7µm
net700,386.28µm
clknet_3_3_0_gpio_in[38]_regs,386.16µm
net2239,386.14µm
net1060,386.06µm
_0389_,386.04µm
net2981,385.26µm
net2247,385.17µm
net391,385.1µm
net1160,384.82µm
net3148,384.44µm
net633,384.36µm
_0003_,383.69µm
clknet_6_32__leaf_gpio_in[38]_regs,383.62µm
clknet_4_6_0_gpio_in[38]_regs,383.34µm
net443,382.98µm
chip.gpu_inst.program_cache.icache.data_mem\[26\]\[13\],382.77µm
net517,381.93µm
net1321,381.45µm
net1161,381.41µm
net2241,381.06µm
net1495,380.91µm
_1122_,380.12µm
net1561,380.065µm
net341,379.99µm
chip.bus.ch_write_address_flat\[56\],379.22µm
net640,378.86µm
net1391,378.84µm
net1654,378.62µm
net1538,377.76µm
clknet_4_5_0_gpio_in[38]_regs,377.74µm
net544,377.67µm
net1568,377.26µm
_0715_,377.06µm
net395,376.8µm
net173,376.54µm
net1431,376.38µm
net393,376.22µm
net381,376.115µm
net1413,375.58µm
net1656,375.56µm
net2973,373.84µm
net1075,373.69µm
net322,373.54µm
net2956,373.36µm
net2898,373.34µm
net1498,373.21µm
net584,373.2µm
net1655,372.8µm
net558,372.76µm
net1348,372.46µm
clknet_2_3_0_gpio_in[38]_regs,372.34µm
net2980,371.72µm
net470,371.615µm
net632,371.54µm
net1340,370.97µm
net726,369.56µm
net345,369.54µm
net1509,369.29µm
_1563_,369.16µm
net299,369.12µm
clknet_0_gpio_in[38]_regs,368.65µm
net1423,368.28µm
net1370,368.2µm
net1581,367.66µm
net826,367.52µm
chip.bus.ch_read_data\[15\],367.02µm
net2988,366.56µm
net612,366.48µm
net1479,365.895µm
net1529,365.72µm
net1665,365.52µm
net3109,365.14µm
clknet_4_14_0_gpio_in[38]_regs,364.88µm
net1202,364.8µm
net1499,364.4µm
net1366,363.68µm
net1604,362.57µm
net473,362.38µm
net1267,362.24µm
net521,361.31µm
net1061,361.26µm
_1095_,361.16µm
net552,361.035µm
net1641,360.54µm
net1282,360.51µm
net962,360.16µm
net1026,359.74µm
net830,358.6µm
net476,357.96µm
_1571_,357.86µm
net610,357.86µm
net705,357.52µm
net2971,357.49µm
net3007,356.76µm
net718,356.18µm
net1040,356.17µm
net309,355.925µm
net446,355.72µm
net536,355.565µm
net806,355.44µm
clknet_4_15_0_gpio_in[38]_regs,355.26µm
net71,355.24µm
chip.bus.ch_read_data\[7\],355.14µm
net1071,354.9µm
net1653,354.42µm
net2976,353.86µm
pad\[7\].cfg.gpio_out_val,353.16µm
_0694_,353.045µm
net2994,352.96µm
net750,352.88µm
_1516_,352.68µm
net189,352.6µm
_1310_,351.74µm
net524,351.66µm
net3116,351.42µm
net358,351.39µm
net383,351.38µm
net80,351.36µm
net832,350.97µm
net1624,350.21µm
net1601,349.04µm
net3075,348.56µm
clknet_4_10_0_gpio_in[38]_regs,348.32µm
net535,347.965µm
net1401,347.86µm
net3145,347.54µm
net3100,347.48µm
net373,347.32µm
net390,346.985µm
net863,346.88µm
net2243,346.76µm
chip.bus.ch_write_valid\[3\],346.71µm
net1162,346.65µm
_1509_,346.615µm
net1429,346µm
net901,345.865µm
net892,345.4µm
net548,345.06µm
net899,345.06µm
net649,344.83µm
net449,344.78µm
_1144_,343.26µm
net648,343.24µm
net1486,343.2µm
_1471_,343.12µm
net1247,342.68µm
_0834_,342.38µm
_0896_,342.38µm
net1236,342.38µm
net778,341.64µm
_0900_,341.58µm
net1183,341.23µm
net417,340.815µm
net694,340.48µm
_1534_,340.06µm
clknet_6_3__leaf_gpio_in[38]_regs,340.01µm
clknet_4_13_0_gpio_in[38]_regs,339.98µm
net812,339.86µm
net2960,339.68µm
clknet_2_1_0_gpio_in[38]_regs,339.56µm
_1590_,339.3µm
clknet_2_2_0_gpio_in[38]_regs,338.78µm
net406,338.73µm
net1427,338.58µm
net1045,338.45µm
net586,338.4µm
net1300,337.29µm
net1338,336.3µm
net1176,336.22µm
_0571_,335.84µm
net1042,335.18µm
net1229,335.18µm
net650,335.1µm
net296,334.02µm
net24,333.86µm
net382,333.795µm
net869,333.705µm
net78,333.48µm
net3040,332.88µm
net1555,332.72µm
net1231,332.44µm
net1181,332.21µm
net3106,332.04µm
_1137_,331.62µm
net1258,331.48µm
net752,331.36µm
net3018,330.8µm
net263,330.4µm
net1661,330.28µm
net2992,330.28µm
net777,330.2µm
net1650,330.2µm
net1230,330.145µm
_1086_,329.9µm
net840,329.34µm
clknet_2_0_0_gpio_in[38]_regs,329.12µm
chip.gpu_inst.program_cache.icache.cur_addr\[7\],329.08µm
net1468,328.48µm
net456,327.8µm
net585,327.22µm
net1559,327.21µm
_1296_,327.08µm
net871,326.96µm
net865,326.75µm
net1482,326.72µm
net818,326.59µm
net1177,326.52µm
net862,326.31µm
net868,325.555µm
net1315,325.54µm
net3140,324.84µm
net2999,324.76µm
net977,324.73µm
net25,324.24µm
net2991,324.06µm
net975,323.85µm
net1288,323.24µm
net979,323.21µm
net74,323.09µm
net57,322.88µm
net1536,322.02µm
net1622,321.96µm
net1259,321.41µm
net63,321.38µm
net466,321.38µm
net3110,320.84µm
net1617,320.76µm
pad\[43\].cfg.gpio_out_val,320.41µm
net870,320.33µm
net64,319.92µm
chip.bus.ch_write_data_flat\[28\],319.77µm
net416,319.44µm
_1506_,319.04µm
net394,318.815µm
net566,318.4µm
net293,317.98µm
net864,317.58µm
_0778_,317.34µm
net546,317.02µm
net2938,316.94µm
_1148_,316.54µm
net325,316.435µm
net553,316.22µm
net1238,316.22µm
net973,316.11µm
net3103,315.88µm
net692,315.8µm
_1327_,315.32µm
net2218,315.04µm
net2231,314.5µm
net738,314.48µm
chip.bus.ch_read_data\[9\],314.44µm
net1182,314.33µm
net1187,313.95µm
_1582_,313.9µm
clknet_6_33__leaf_gpio_in[38]_regs,313.86µm
net2296,313.26µm
net108,313.1µm
chip.gpu_inst.program_cache.icache.port_addr\[0\]\[1\],312.83µm
_1459_,312.77µm
_0814_,312.66µm
net3035,312.58µm
net371,312.45µm
net300,312.44µm
net814,311.68µm
net1628,311.12µm
net1458,310.78µm
net903,310.655µm
_0371_,309.59µm
net163,309.53µm
net2922,309.44µm
net1603,309.13µm
net1289,308.91µm
net1189,308.81µm
net1278,308.77µm
net1497,308.39µm
net79,307.8µm
net1611,307.76µm
net2216,307.74µm
_0387_,307.72µm
net2890,307.445µm
net41,307.18µm
net2246,306.32µm
net539,305.66µm
net1170,305.63µm
net31,304.42µm
net721,304.34µm
net191,304.26µm
_1503_,304.22µm
net344,304.11µm
net2237,304.08µm
pad\[11\].cfg.gpio_out_val,303.92µm
_1512_,303.9µm
net320,303.785µm
_1453_,303.78µm
chip.bus.ch_write_data_flat\[30\],303.47µm
net35,303.24µm
net21,303.08µm
clknet_3_2_0_gpio_in[38]_regs,303.08µm
net587,302.22µm
net305,302.18µm
net5,301.62µm
net339,301.415µm
pad\[5\].cfg.gpio_out_val,301.24µm
net3098,301.2µm
chip.bus.ch_write_data_flat\[24\],301.17µm
net1251,301.02µm
net2217,300.94µm
_0289_,300.66µm
net392,300.445µm
net560,300.16µm
net2305,299.76µm
net1455,299.34µm
net297,299.18µm
clknet_1_1_1_gpio_in[38]_regs,299.14µm
net1619,299.12µm
net459,299.02µm
net1569,298.86µm
chip.bus.ch_write_data_flat\[29\],298.76µm
net798,298.7µm
net3071,298.56µm
net3001,298.48µm
net907,298.365µm
net298,298.16µm
net131,298.02µm
net217,297.86µm
net3150,297.5µm
net337,297.44µm
net571,297.26µm
net3050,297.1µm
net2316,297.09µm
net518,297.065µm
net1480,296.02µm
net666,295.84µm
net474,295.48µm
net271,295.3µm
net405,295.275µm
net319,295.145µm
net964,295.05µm
net1436,294.68µm
net1050,294.64µm
net1434,294.1µm
_0751_,293.9µm
net1222,293.8µm
net376,293.6µm
net879,292.86µm
net2219,292.34µm
chip.bus.ch_read_valid\[1\],292.27µm
chip.bus.ch_write_data_flat\[25\],292.23µm
net1092,292.2µm
net1638,291.9µm
net906,291.83µm
net58,291.8µm
_0287_,291.78µm
_0811_,291.78µm
chip.gpu_inst.program_cache.icache.port_addr\[2\]\[3\],291.7µm
net386,291.7µm
net570,291.48µm
chip.gpu_inst.program_cache.icache.port_addr\[0\]\[7\],291.17µm
net3082,291.06µm
net1477,291.04µm
net2220,290.96µm
net110,290.78µm
net1048,290.74µm
net773,290.52µm
net1059,290.4µm
net30,289.82µm
net3062,289.74µm
net1607,289.7µm
net1649,289.6µm
net1473,289.4µm
net1275,289.32µm
chip.gpu_inst.program_cache.icache.port_addr\[0\]\[4\],289.05µm
net23,288.94µm
net708,288.92µm
net867,288.92µm
net447,288.69µm
net463,288.69µm
net183,288.64µm
chip.bus.ch_write_data_flat\[60\],288.56µm
net3122,288.32µm
net34,288.23µm
net1351,288.06µm
net904,287.825µm
net294,287.8µm
net32,287.56µm
net933,287.52µm
net2221,287.3µm
chip.bus.ch_write_data_flat\[58\],287.26µm
chip.bus.ch_write_data_flat\[56\],287.16µm
chip.gpu_inst.program_cache.icache.port_addr\[0\]\[3\],286.99µm
clknet_3_5_0_gpio_in[38]_regs,286.655µm
net109,286.54µm
net1221,286.49µm
net1507,286.32µm
chip.bus.ch_write_data_flat\[59\],286.3µm
net1623,286.22µm
net519,286.08µm
net400,286.03µm
chip.gpu_inst.program_cache.icache.port_addr\[0\]\[8\],285.97µm
net2933,285.86µm
net1444,285.76µm
net216,285.66µm
_0789_,285.38µm
net3030,285.24µm
chip.bus.ch_write_data_flat\[27\],285.2µm
net265,285.02µm
net2917,284.92µm
chip.gpu_inst.program_cache.icache.port_addr\[2\]\[0\],284.88µm
chip.gpu_inst.program_cache.icache.consumer_read_valid\[0\],284.69µm
net1213,284.53µm
chip.gpu_inst.program_cache.icache.port_addr\[2\]\[2\],284.32µm
net702,284.3µm
chip.gpu_inst.program_cache.icache.port_addr\[0\]\[0\],284.17µm
clknet_3_0_0_gpio_in[38]_regs,283.94µm
net1579,283.86µm
net1492,283.855µm
chip.bus.ch_write_data_flat\[62\],283.58µm
chip.gpu_inst.program_cache.icache.port_addr\[0\]\[2\],283.23µm
chip.gpu_inst.program_cache.icache.port_addr\[2\]\[1\],283.02µm
net531,282.96µm
net1535,282.67µm
net2339,282.59µm
clknet_5_15_0_gpio_in[38]_regs,282.2µm
net1357,282.08µm
chip.gpu_inst.program_cache.icache.consumer_read_valid\[2\],281.82µm
net1626,281.78µm
chip.gpu_inst.program_cache.icache.port_addr\[2\]\[8\],281.74µm
net1439,281.48µm
net3094,281.46µm
net580,280.9µm
net706,280.78µm
chip.gpu_inst.program_cache.icache.port_addr\[2\]\[7\],280.71µm
net3004,280.62µm
net1398,280.4µm
net2245,280.1µm
net2909,280.075µm
chip.gpu_inst.program_cache.icache.port_addr\[2\]\[4\],279.9µm
clknet_4_2_0_gpio_in[38]_regs,279.9µm
net2312,279.71µm
net771,279.68µm
chip.gpu_inst.program_cache.icache.port_addr\[0\]\[5\],279.63µm
net2270,278.99µm
net1226,278.98µm
net915,278.92µm
net62,278.9µm
chip.gpu_inst.program_cache.icache.port_addr\[0\]\[6\],278.72µm
net458,278.645µm
net569,278.44µm
_0703_,278.42µm
net323,278.255µm
chip.bus.ch_write_data_flat\[26\],278.23µm
net745,278.22µm
net908,278.17µm
net2229,278.1µm
net3060,277.48µm
net805,277.45µm
chip.gpu_inst.program_cache.icache.port_addr\[2\]\[6\],277.22µm
net3014,277.18µm
net218,276.84µm
net772,276.64µm
net275,276.4µm
net701,276.26µm
net2228,276.26µm
net713,276.22µm
_1483_,275.96µm
net1496,275.92µm
pad\[10\].cfg.gpio_out_val,275.76µm
net264,275.64µm
net1647,275.34µm
net820,275.16µm
net1326,275µm
net1451,274.92µm
net987,274.8µm
net3077,274.51µm
net866,274.48µm
net387,274.475µm
net925,274.02µm
chip.bus.ch_write_data_flat\[17\],274.01µm
net2240,273.82µm
net902,273.1µm
net2984,273.04µm
net1489,272.9µm
net1464,272.82µm
net1103,272.8µm
net1541,272.77µm
_0767_,272.62µm
net843,272.62µm
_1449_,272.52µm
net905,272.52µm
clknet_6_29__leaf_gpio_in[38]_regs,272.44µm
net3096,272.4µm
net380,272.395µm
net1322,272.32µm
net342,272.245µm
net242,272.16µm
net900,272.12µm
net215,272.1µm
net308,271.835µm
chip.bus.ch_write_data_flat\[31\],271.61µm
net174,271.6µm
net403,271.6µm
net43,271.46µm
net272,270.66µm
net735,270.64µm
net929,270.46µm
net261,270.44µm
net1467,269.98µm
net68,269.9µm
net1320,269.85µm
net77,269.8µm
chip.gpu_inst.program_cache.icache.port_addr\[2\]\[5\],269.78µm
net769,269.66µm
net2230,269.52µm
net891,269.46µm
net3032,269.38µm
net464,268.6µm
net1613,268.6µm
net3104,268.48µm
net1244,268.24µm
net2264,268.18µm
net637,268.16µm
net1620,268.14µm
_1313_,268.06µm
net1438,268.06µm
net245,267.98µm
pad\[15\].cfg.gpio_out_val,267.93µm
net1563,267.8µm
net1552,267.72µm
net402,267.715µm
clknet_4_0_0_gpio_in[38]_regs,267.6µm
net2292,267.54µm
net1662,267.32µm
_1359_,266.92µm
net743,266.54µm
net81,266.52µm
net338,266.495µm
net2323,266.28µm
_0497_,266.04µm
net149,265.96µm
net1036,265.8µm
net56,265.58µm
net192,265.52µm
net266,265.24µm
net2244,264.94µm
net1494,264.84µm
net190,264.58µm
net36,264.4µm
net2963,264.38µm
net3028,264.36µm
net241,264.24µm
net959,264.175µm
net1392,263.95µm
net565,263.92µm
net710,263.54µm
net1440,263.54µm
net736,263.39µm
net3147,263.16µm
net3002,263µm
net966,262.78µm
net690,262.08µm
net3131,261.7µm
net1459,261.64µm
net1386,261.43µm
net1252,260.81µm
net1463,260.72µm
_1318_,259.88µm
net184,259.83µm
net1466,259.64µm
net1475,259.545µm
net2331,259.3µm
net3114,258.98µm
net3069,258.96µm
net1353,258.92µm
eco_buffer_5_net,258.78µm
net454,258.66µm
net921,258.64µm
net365,258.435µm
net940,258.38µm
net1550,258.18µm
net3085,257.7µm
net720,257.42µm
net306,257.295µm
net176,257.2µm
net239,257.01µm
net467,256.9µm
net935,256.84µm
net370,256.7µm
net703,255.96µm
net1570,255.84µm
net76,255.78µm
net2224,255.62µm
chip.gpu_inst.core_block_id_flat\[27\],255.58µm
net148,255.52µm
clknet_6_8__leaf_gpio_in[38]_regs,255.2µm
net1184,255.08µm
net243,254.7µm
net889,254.42µm
net414,254.28µm
net887,254.02µm
net47,253.985µm
net3073,253.82µm
_1370_,253.62µm
net994,253.42µm
net1049,253.35µm
net579,253.05µm
net2929,251.9µm
net516,251.43µm
net3137,251.22µm
net1263,251.2µm
net2242,250.84µm
net945,250.48µm
net1605,250.45µm
net1384,250.38µm
net707,250.3µm
net408,250.29µm
net1547,250.29µm
net961,250.06µm
pad\[6\].cfg.gpio_out_val,250.02µm
net130,249.88µm
net931,249.86µm
chip.gpu_inst.dispatch_instance.last_block_threads\[0\],249.54µm
net608,249.3µm
net1589,249.18µm
net631,249.07µm
net2982,248.96µm
net747,248.84µm
net377,248.68µm
net1437,248.26µm
net1575,248.14µm
net643,248.06µm
net2979,248.04µm
net3045,247.92µm
net1159,247.62µm
net790,247.305µm
net741,247.2µm
chip.gpu_inst.dispatch_instance.last_block\[4\],246.94µm
net927,246.92µm
eco_buffer_4_net,246.88µm
net2908,246.84µm
_0675_,246.52µm
net917,246.1µm
net1111,245.86µm
net425,245.56µm
_1523_,245.5µm
net2326,245.29µm
net357,245.28µm
net1223,245.04µm
net1551,245.02µm
net87,244.84µm
net372,244.83µm
net724,244.78µm
net2945,244.78µm
net606,244.68µm
pad\[12\].cfg.gpio_out_val,243.98µm
net304,243.84µm
net236,243.7µm
net1257,243.66µm
net3128,243.64µm
net73,243.36µm
net59,243.265µm
pad\[1\].cfg.gpio_out_val,242.98µm
net451,242.88µm
pad\[2\].cfg.gpio_out_val,242.81µm
net578,241.94µm
net348,241.86µm
net822,241.76µm
net4,241.56µm
net1640,241.535µm
net937,241.26µm
net1303,240.84µm
net1435,240.76µm
net419,240.6µm
net1503,240.53µm
_1448_,240.06µm
net1169,239.76µm
net2320,239.47µm
net1249,239.36µm
net278,239.205µm
net1374,239.16µm
net755,238.96µm
chip.gpu_inst.dispatch_instance.last_block_threads\[3\],238.5µm
chip.gpu_inst.dispatch_instance.last_block_threads\[1\],238.4µm
_1487_,238.38µm
net440,238.27µm
net881,238.24µm
_0627_,238.14µm
net1220,238.04µm
net1558,237.91µm
net825,237.78µm
net434,237.76µm
net1446,237.1µm
net1562,237.1µm
net831,236.82µm
chip.gpu_inst.dispatch_instance.total_blocks\[5\],236.7µm
net7,236.46µm
net2345,236.45µm
net2234,236.3µm
net997,236.28µm
chip.gpu_inst.dispatch_instance.last_block_threads\[2\],236.26µm
net55,235.58µm
net483,235.555µm
net885,235.39µm
net1447,235.36µm
net641,235.3µm
net359,235.155µm
net1517,235.04µm
net1396,234.89µm
net919,234.8µm
net1539,234.34µm
net1490,234.24µm
net514,233µm
net1245,232.7µm
net847,232.59µm
net1533,232.14µm
net960,231.9µm
chip.gpu_inst.dispatch_instance.last_block\[1\],231.89µm
net485,231.64µm
clknet_4_1_0_gpio_in[38]_regs,231.62µm
net1648,231.555µm
net1615,231.02µm
net361,230.72µm
net1469,230.72µm
net157,230.08µm
net3,229.98µm
net1227,229.98µm
chip.bus.ch_read_data\[13\],229.68µm
net1460,229.44µm
net2679,228.11µm
_1539_,228.02µm
net562,227.84µm
net181,227.785µm
net17,227.54µm
net1631,226.84µm
net1341,226.25µm
_1413_,226.22µm
_0640_,225.78µm
net1645,225.655µm
net1456,225.54µm
net530,225.51µm
net2347,225.4µm
net432,224.915µm
net662,224.7µm
net722,224.68µm
net1196,224.4µm
net2337,223.94µm
net1651,223.7µm
net367,223.64µm
net770,223.44µm
net993,223.4µm
net374,222.82µm
clknet_2_2_1_gpio_in[38]_regs,222.41µm
net1557,222.34µm
pad\[23\].cfg.gpio_out_val,222.1µm
net2278,222.08µm
chip.gpu_inst.core_block_id_flat\[13\],221.93µm
net1652,221.795µm
net1389,221.73µm
net1126,221.35µm
net180,220.955µm
pad\[8\].cfg.gpio_out_val,220.9µm
net719,220.9µm
chip.bus.ch_read_data\[12\],220.72µm
chip.gpu_inst.core_block_id_flat\[29\],220.6µm
net618,220.44µm
clknet_2_1_1_gpio_in[38]_regs,220.1µm
net669,219.76µm
_1379_,219.6µm
chip.gpu_inst.core_block_id_flat\[0\],219.48µm
net1087,219.345µm
_0584_,219.11µm
net398,218.26µm
net1525,217.82µm
net494,217.72µm
net310,217.6µm
net450,217.585µm
clknet_6_4__leaf_gpio_in[38]_regs,217.18µm
net280,217.16µm
net689,216.96µm
pad\[9\].cfg.gpio_out_val,216.88µm
_1495_,216.62µm
net2235,216.58µm
net854,216.34µm
clknet_0_gpio_in[38],216.19µm
net2318,216.16µm
net1274,215.97µm
clknet_6_12__leaf_gpio_in[38]_regs,215.82µm
net1449,215.7µm
net1023,215.115µm
net1000,215.02µm
net1262,214.54µm
net1585,214.51µm
net856,214.3µm
net823,214.18µm
net1545,214.12µm
net695,213.36µm
net1543,213.17µm
net1443,212.9µm
net1305,212.88µm
clknet_5_14_0_gpio_in[38]_regs,212.74µm
net1192,212.23µm
_0734_,212.12µm
net1657,211.9µm
_1306_,211.84µm
net213,211.84µm
net465,211.775µm
chip.gpu_inst.program_cache.icache.cur_addr\[1\],211.72µm
net657,211.66µm
_0366_,211.51µm
net335,211.215µm
net1445,211.06µm
_0681_,210.88µm
clknet_6_42__leaf_gpio_in[38]_regs,210.86µm
net492,210.61µm
net1642,210.555µm
net399,210.255µm
net644,210.16µm
net646,210.16µm
net1248,209.34µm
net1472,208.88µm
_1322_,208.86µm
pad\[3\].cfg.gpio_out_val,208.86µm
_0716_,208.8µm
pad\[42\].cfg.gpio_out_val,208.78µm
net1337,208.27µm
net739,208.14µm
clknet_5_13_0_gpio_in[38]_regs,207.46µm
net1313,206.97µm
net1276,206.64µm
net2248,206.58µm
net375,206.44µm
clknet_6_23__leaf_gpio_in[38]_regs,206.36µm
_0382_,206.32µm
pad\[4\].cfg.gpio_out_val,206.02µm
net22,205.66µm
net635,205.66µm
_1550_,205.52µm
net247,205.38µm
_0316_,204.95µm
clknet_4_4_0_gpio_in[38]_regs,204.88µm
net418,204.685µm
net813,204.62µm
net849,204.57µm
net620,204.4µm
_0313_,204.33µm
net801,204.055µm
net1090,203.99µm
clknet_6_26__leaf_gpio_in[38]_regs,203.48µm
net1151,203.455µm
net16,203.36µm
net1319,203.28µm
net329,202.77µm
_1467_,202.74µm
net963,201.56µm
net1450,201.3µm
clknet_6_28__leaf_gpio_in[38]_regs,201.22µm
net1639,201.02µm
net581,200.24µm
chip.gpu_inst.program_cache.icache.consumer_read_valid\[1\],199.88µm
clknet_5_23_0_gpio_in[38]_regs,199.3µm
pad\[13\].cfg.gpio_out_val,198.58µm
net1133,198.39µm
_0092_,198.3µm
net6,198.26µm
net1356,198.2µm
net1576,197.92µm
net1513,197.82µm
_1285_,197.72µm
net448,197.04µm
net545,196.85µm
net1600,196.7µm
net461,196.435µm
net1598,196.39µm
net1528,196.33µm
clknet_4_12_0_gpio_in[38]_regs,196.16µm
net511,196.06µm
clknet_5_12_0_gpio_in[38]_regs,195.94µm
_0898_,195.9µm
clknet_5_2_0_gpio_in[38]_regs,195.56µm
net634,195.46µm
net723,195.44µm
net246,195.24µm
bus_we,194.94µm
_0563_,194.88µm
net362,194.7µm
net433,194.315µm
net349,194.175µm
net1217,194.17µm
net1488,193.98µm
net998,193.76µm
net356,193.24µm
net279,192.98µm
net1606,192.74µm
net1193,192.64µm
net1616,191.46µm
clknet_5_16_0_gpio_in[38]_regs,191.4µm
pad\[0\].cfg.gpio_out_val,191.16µm
net1123,190.895µm
net46,190.54µm
net619,190.34µm
net407,190.24µm
clknet_6_38__leaf_gpio_in[38]_regs,190.16µm
net486,190.05µm
net475,189.925µm
chip.bus.ch_read_data\[11\],189.92µm
_1385_,189.5µm
clknet_6_52__leaf_gpio_in[38]_regs,189.42µm
net2749,189.42µm
net1586,189.34µm
net363,189.135µm
net484,189.075µm
chip.gpu_inst.program_cache.icache.tag_mem\[12\]\[3\],188.93µm
clknet_6_36__leaf_gpio_in[38]_regs,188.88µm
net1243,188.7µm
net1612,188.67µm
net86,188.58µm
net311,188.52µm
clknet_5_11_0_gpio_in[38]_regs,188.3µm
pad\[41\].cfg.gpio_out_val,188.24µm
net1099,188.175µm
net1534,188.04µm
chip.gpu_inst.program_cache.icache.tag_mem\[8\]\[3\],187.91µm
net1471,187.9µm
clknet_1_1__leaf_gpio_in[38],187.87µm
net368,187.66µm
net621,187.62µm
net1091,187.44µm
net2750,187.345µm
net1038,187.22µm
net1228,187.16µm
net1504,186.9µm
net955,186.84µm
net469,186.56µm
net972,185.935µm
net1250,185.86µm
chip.gpu_inst.core_block_id_flat\[30\],185.78µm
net1190,185.66µm
chip.gpu_inst.core_block_id_flat\[24\],185.3µm
net1594,184.5µm
net1597,184.48µm
clknet_6_61__leaf_gpio_in[38]_regs,184.28µm
net1592,184.19µm
net1212,183.7µm
net1593,183.7µm
_1486_,183.12µm
net704,182.86µm
net1225,182.72µm
chip.gpu_inst.program_cache.icache.consumer_read_valid\[3\],182.68µm
net1644,182.56µm
net522,181.29µm
net208,181.15µm
net493,180.485µm
clknet_6_22__leaf_gpio_in[38]_regs,180.34µm
net1024,180.08µm
net652,179.88µm
chip.gpu_inst.core_thread_count_flat\[5\],179.81µm
net1526,179.31µm
chip.bus.ch_write_data_flat\[49\],179.14µm
net549,178.84µm
chip.gpu_inst.core_thread_count_flat\[6\],178.81µm
net1194,178.72µm
net1110,178.705µm
net1209,178.66µm
_0096_,178.24µm
chip.gpu_inst.program_cache.icache.cur_addr\[4\],177.97µm
net995,177.18µm
chip.gpu_inst.core_block_id_flat\[28\],176.76µm
net413,175.905µm
net1632,175.66µm
_1288_,175.52µm
net415,175.35µm
net639,174.475µm
net101,174.42µm
_0828_,174.04µm
net1171,173.82µm
net1465,173.54µm
net111,173.24µm
chip.gpu_inst.core_block_id_flat\[12\],173.09µm
net95,172.86µm
net477,172.765µm
net1200,172.36µm
net1462,172µm
net117,171.98µm
net262,171.76µm
net388,171.75µm
net156,171.7µm
_0508_,171.6µm
chip.gpu_inst.core_block_id_flat\[1\],171.58µm
net120,171.58µm
chip.bus.ch_read_valid\[0\],171.54µm
net1595,171.25µm
net495,171.13µm
net159,171.115µm
net502,171.045µm
net1287,170.86µm
_1595_,170.68µm
net437,170.28µm
net1216,169.92µm
net1454,169.8µm
net1360,169.53µm
chip.gpu_inst.core_thread_count_flat\[14\],169.42µm
clknet_6_10__leaf_gpio_in[38]_regs,169.42µm
chip.gpu_inst.dispatch_instance.total_blocks\[0\],169.395µm
net114,169.34µm
net139,169.34µm
net1201,169.22µm
net1324,169.2µm
net439,169.145µm
clknet_6_43__leaf_gpio_in[38]_regs,169.06µm
net422,168.935µm
net1376,168.93µm
net1120,168.9µm
net100,168.82µm
net2344,168.32µm
net1549,168.28µm
net103,167.78µm
net1521,167.74µm
_1616_,167.72µm
net1188,167.64µm
net1332,167.63µm
net1542,167.63µm
net1520,167.59µm
net442,167.26µm
chip.gpu_inst.program_cache.icache.port_addr\[3\]\[4\],166.895µm
net102,166.66µm
net1514,166.61µm
net1546,166.55µm
net2639,166.33µm
net1560,165.9µm
clknet_6_51__leaf_gpio_in[38]_regs,165.72µm
net1256,165.68µm
chip.gpu_inst.core_thread_count_flat\[13\],165.44µm
chip.gpu_inst.program_cache.icache.tag_mem\[13\]\[3\],165.19µm
clknet_6_14__leaf_gpio_in[38]_regs,165.18µm
chip.gpu_inst.program_cache.icache.port_addr\[1\]\[8\],165.13µm
clknet_6_21__leaf_gpio_in[38]_regs,165.12µm
net1168,165.1µm
chip.gpu_inst.core_thread_count_flat\[4\],165.01µm
net134,164.84µm
net1599,164.775µm
clknet_1_0__leaf_gpio_in[38],164.76µm
net1522,164.67µm
net124,164.28µm
net1195,164.26µm
_0831_,164.08µm
net878,164.06µm
clknet_6_37__leaf_gpio_in[38]_regs,163.72µm
net1153,163.315µm
net1387,163.28µm
_1127_,163.22µm
chip.gpu_inst.core_block_id_flat\[17\],162.99µm
net513,162.665µm
net424,162.54µm
chip.gpu_inst.program_cache.icache.tag_mem\[9\]\[3\],162.43µm
net1590,162.16µm
net958,162.1µm
net1527,161.31µm
chip.gpu_inst.program_cache.icache.cur_addr\[8\],161.22µm
net1211,161.22µm
net1404,160.67µm
clknet_5_9_0_gpio_in[38]_regs,160.67µm
net336,160.535µm
chip.bus.ack_q1,160.28µm
net179,160.135µm
net659,160µm
net369,159.485µm
_0737_,159µm
net844,158.65µm
chip.gpu_inst.core_block_id_flat\[11\],158.61µm
net2753,158.26µm
clknet_6_7__leaf_gpio_in[38]_regs,158.06µm
net426,158.005µm
net1047,157.95µm
chip.gpu_inst.program_cache.icache.port_addr\[3\]\[3\],157.83µm
net457,157.68µm
gpio_in[38],157.52µm
clknet_6_40__leaf_gpio_in[38]_regs,157.32µm
chip.gpu_inst.program_cache.icache.port_addr\[3\]\[5\],157.25µm
net1442,157.24µm
net984,156.1µm
clknet_1_0_1_gpio_in[38]_regs,155.965µm
net1474,155.72µm
net312,155.525µm
clknet_5_27_0_gpio_in[38]_regs,155.43µm
clknet_5_28_0_gpio_in[38]_regs,155.25µm
chip.gpu_inst.dispatch_instance.total_blocks\[1\],155.085µm
net515,154.945µm
net2624,154.94µm
net954,154.85µm
net1614,154.83µm
net435,154.735µm
net1390,154.69µm
net1086,154.62µm
net509,154.52µm
net1484,154.18µm
clknet_6_41__leaf_gpio_in[38]_regs,154.13µm
_1074_,153.98µm
net841,153.97µm
net1584,153.92µm
net1596,153.54µm
clknet_6_53__leaf_gpio_in[38]_regs,153.495µm
net404,152.755µm
net537,152.62µm
net949,152.6µm
clknet_4_9_0_gpio_in[38]_regs,152.56µm
chip.gpu_inst.program_cache.icache.port_addr\[1\]\[3\],152.47µm
chip.bus.ch_write_data_flat\[52\],152.35µm
net839,151.99µm
net411,151.64µm
chip.gpu_inst.core_thread_count_flat\[12\],151.38µm
net779,150.62µm
net105,150.16µm
net1044,150.14µm
clknet_6_20__leaf_gpio_in[38]_regs,150.14µm
clknet_6_50__leaf_gpio_in[38]_regs,150.06µm
net1523,149.58µm
net1487,149.54µm
net119,149.52µm
net115,149.46µm
net656,149.38µm
net126,149.28µm
net138,149.08µm
net1068,148.86µm
net97,148.82µm
net106,148.7µm
clknet_leaf_114_gpio_in[38]_regs,148.48µm
net653,148.38µm
net420,148.24µm
chip.bus.ch_write_data_flat\[20\],148.02µm
net828,147.8µm
net127,147.58µm
net1308,147.56µm
net816,147.46µm
_0709_,146.84µm
_0495_,146.78µm
_1131_,146.72µm
net1021,146.6µm
net541,146.465µm
net1583,146.44µm
net655,146.32µm
_1398_,146.2µm
net118,145.98µm
net94,145.93µm
net851,145.85µm
_0458_,145.83µm
net1518,145.28µm
net107,144.95µm
net113,144.9µm
chip.gpu_inst.program_cache.icache.port_addr\[3\]\[1\],144.785µm
clknet_5_24_0_gpio_in[38]_regs,144.74µm
net1130,144.635µm
net766,144.315µm
chip.gpu_inst.core_thread_count_flat\[3\],144.1µm
clknet_5_31_0_gpio_in[38]_regs,143.92µm
net104,143.68µm
clknet_6_57__leaf_gpio_in[38]_regs,143.63µm
net125,143.62µm
net128,143.54µm
net842,143.2µm
_1531_,143.18µm
net137,142.5µm
net1215,142.33µm
net112,141.98µm
net1241,141.82µm
chip.gpu_inst.program_cache.icache.port_addr\[3\]\[7\],141.7µm
net122,141.7µm
net617,141.64µm
net99,141.6µm
net1452,141.56µm
net1524,141.51µm
_0491_,141.42µm
chip.gpu_inst.dispatch_instance.blocks_dispatched\[4\],141.28µm
net1088,141.26µm
net654,141.1µm
net857,141.06µm
net957,141.04µm
clknet_5_18_0_gpio_in[38]_regs,140.84µm
clknet_6_46__leaf_gpio_in[38]_regs,140.78µm
net260,140.74µm
net116,140.64µm
_0484_,140.44µm
net129,140.32µm
net98,140.28µm
chip.gpu_inst.program_cache.icache.port_addr\[3\]\[8\],140.25µm
net1057,140.13µm
net48,140.08µm
net638,140.02µm
net1178,139.96µm
chip.gpu_inst.program_cache.icache.port_addr\[1\]\[6\],139.535µm
net1556,139.22µm
chip.gpu_inst.dispatch_instance.last_block\[0\],139.1µm
net642,139.1µm
net1375,138.94µm
clknet_5_17_0_gpio_in[38]_regs,138.66µm
net1117,138.65µm
net956,138.36µm
net135,137.94µm
net1085,137.87µm
net136,137.8µm
net797,137.78µm
net238,137.34µm
_0424_,137µm
_0583_,136.92µm
net1402,136.79µm
net1139,136.69µm
net2259,136.62µm
clknet_6_9__leaf_gpio_in[38]_regs,136.535µm
net96,136.44µm
_0473_,136.1µm
net1347,136.08µm
net1058,136.06µm
_0465_,135.92µm
net1565,135.82µm
_0765_,135.32µm
chip.gpu_inst.program_cache.icache.port_addr\[3\]\[6\],134.915µm
chip.gpu_inst.dispatch_instance.blocks_dispatched\[3\],134.84µm
clknet_5_7_0_gpio_in[38]_regs,134.82µm
net855,134.79µm
net761,134.37µm
chip.gpu_inst.program_cache.icache.port_addr\[1\]\[0\],134.07µm
net54,134.02µm
_0953_,133.82µm
net1365,133.63µm
net819,133.52µm
_0951_,133.46µm
_1075_,133.42µm
net121,133.38µm
chip.gpu_inst.program_cache.icache.port_addr\[1\]\[5\],133.1µm
net1011,133.05µm
_1349_,132.88µm
net1312,132.4µm
clknet_5_25_0_gpio_in[38]_regs,132.4µm
net1203,132.36µm
chip.bus.ch_read_valid\[2\],132.3µm
clknet_5_20_0_gpio_in[38]_regs,132.14µm
net2272,132µm
clknet_5_19_0_gpio_in[38]_regs,131.7µm
net848,131.66µm
net1255,131.56µm
_0763_,131.24µm
net84,131.04µm
clknet_4_3_0_gpio_in[38]_regs,131µm
net1284,130.96µm
net1271,130.89µm
net1582,130.89µm
net898,130.865µm
clknet_3_1_0_gpio_in[38]_regs,130.36µm
clknet_6_13__leaf_gpio_in[38]_regs,130.08µm
_1366_,130.02µm
net409,130.005µm
chip.gpu_inst.dispatch_instance.blocks_dispatched\[2\],130µm
net1355,129.87µm
_0787_,129.46µm
net1331,129.41µm
net1022,129.22µm
net623,129.02µm
chip.gpu_inst.program_cache.icache.port_addr\[3\]\[0\],128.91µm
net2718,128.88µm
chip.gpu_inst.dispatch_instance.total_blocks\[3\],128.47µm
_1492_,128.3µm
chip.gpu_inst.core_block_id_flat\[2\],128.14µm
net1491,128.075µm
_0369_,128.07µm
_1301_,127.96µm
clknet_5_1_0_gpio_in[38]_regs,127.74µm
clknet_5_21_0_gpio_in[38]_regs,127.66µm
clknet_5_30_0_gpio_in[38]_regs,127.46µm
net2287,127.44µm
net1544,126.84µm
net1246,126.7µm
net1210,126.48µm
_1588_,126.36µm
net2665,126.31µm
_0001_,126.22µm
chip.bus.ch_write_data_flat\[48\],126.17µm
_1544_,125.96µm
_0776_,125.8µm
net211,125.78µm
chip.gpu_inst.core_block_id_flat\[5\],125.775µm
net1335,125.41µm
net141,125.39µm
chip.gpu_inst.dispatch_instance.total_blocks\[4\],125.245µm
_0582_,124.86µm
net2267,124.77µm
chip.gpu_inst.program_cache.icache.port_addr\[1\]\[2\],124.64µm
chip.gpu_inst.program_cache.icache.port_addr\[1\]\[4\],124.285µm
net146,124.16µm
net1155,124.16µm
clknet_5_26_0_gpio_in[38]_regs,123.94µm
net2341,123.76µm
clknet_6_25__leaf_gpio_in[38]_regs,123.6µm
chip.done,122.74µm
clknet_6_55__leaf_gpio_in[38]_regs,122.64µm
net1511,122.47µm
net1309,121.94µm
net1311,121.92µm
_1300_,121.76µm
_1505_,121.74µm
net1056,121.47µm
net534,121.46µm
net532,121.34µm
net999,121.29µm
clknet_6_54__leaf_gpio_in[38]_regs,121.22µm
_1526_,121.18µm
clknet_6_58__leaf_gpio_in[38]_regs,120.82µm
_0486_,120.78µm
net1301,120.7µm
net240,120.48µm
clknet_5_29_0_gpio_in[38]_regs,120.26µm
_0688_,120.04µm
chip.bus.ch_write_data_flat\[51\],119.93µm
net1512,119.91µm
chip.gpu_inst.core_reset\[2\],119.89µm
_0461_,119.69µm
_0310_,119.42µm
net1198,119.37µm
net1508,119.12µm
net2280,118.46µm
net452,118.45µm
_0010_,118.06µm
clknet_5_3_0_gpio_in[38]_regs,117.88µm
net1101,117.85µm
clknet_6_30__leaf_gpio_in[38]_regs,117.82µm
net1121,117.56µm
net1148,117.505µm
chip.gpu_inst.core_block_id_flat\[3\],117.46µm
net837,116.94µm
clknet_5_0_0_gpio_in[38]_regs,116.92µm
_1314_,116.8µm
chip.gpu_inst.core_reset\[0\],116.47µm
_1547_,116.4µm
net838,116.32µm
net845,116.19µm
clknet_5_22_0_gpio_in[38]_regs,116µm
clknet_6_62__leaf_gpio_in[38]_regs,115.69µm
net207,115.61µm
net852,115.59µm
net802,115.54µm
net1165,115.37µm
net582,115.34µm
chip.gpu_inst.program_cache.icache.port_addr\[3\]\[2\],115.12µm
_0589_,115.025µm
net572,114.84µm
chip.gpu_inst.program_cache.icache.port_addr\[1\]\[1\],114.74µm
net1574,114.6µm
net1179,114.42µm
chip.gpu_inst.core_block_id_flat\[10\],113.73µm
net833,113.71µm
net829,113.64µm
chip.gpu_inst.core_block_id_flat\[22\],113.6µm
net1510,113.49µm
clknet_4_11_0_gpio_in[38]_regs,113.4µm
net1580,112.94µm
_0469_,112.86µm
clknet_5_6_0_gpio_in[38]_regs,112.61µm
net834,112.52µm
net1588,111.94µm
net2299,111.92µm
net154,111.86µm
net1157,111.8µm
chip.gpu_inst.dispatch_instance.blocks_dispatched\[6\],111.52µm
net1502,111.48µm
net616,111.305µm
net52,111.06µm
net8,111µm
net1516,110.98µm
_1153_,110.96µm
net1186,110.96µm
net983,110.92µm
net665,110.66µm
_1466_,110.2µm
_1475_,110.12µm
net145,109.88µm
net1318,109.84µm
eco_buffer_6_net,109.58µm
net1298,109.57µm
_0909_,109.52µm
chip.gpu_inst.dispatch_instance.last_block\[5\],109.52µm
net1260,109.52µm
net1084,109.07µm
clknet_6_18__leaf_gpio_in[38]_regs,108.72µm
chip.gpu_inst.core_block_id_flat\[6\],108.7µm
net172,108.68µm
net943,108.62µm
chip.gpu_inst.core_block_id_flat\[20\],108.61µm
chip.bus.ch_write_data_flat\[72\],108.59µm
net1010,108.415µm
chip.bus.ch_write_data_flat\[65\],107.81µm
net1342,107.81µm
net1017,107.53µm
net1009,107.47µm
net1636,107.32µm
net1304,107.06µm
clknet_5_4_0_gpio_in[38]_regs,107.02µm
_1520_,106.92µm
net1054,106.84µm
net1577,106.77µm
clknet_6_49__leaf_gpio_in[38]_regs,106.72µm
_0647_,106.65µm
net1033,106.54µm
net2226,106.24µm
chip.bus.ch_write_data_flat\[64\],106.205µm
net1237,106.2µm
clknet_5_8_0_gpio_in[38]_regs,106.18µm
net90,106.09µm
_1320_,105.72µm
net177,105.655µm
net944,105.42µm
chip.gpu_inst.dispatch_instance.total_blocks\[2\],105.4µm
net2225,105µm
net2308,104.68µm
net427,104.57µm
net82,104.47µm
_1340_,104.36µm
delaynet_7_clk,104.24µm
net2233,104.16µm
_1556_,104.12µm
_1429_,103.94µm
chip.bus.ch_write_data_flat\[73\],103.825µm
net992,103.52µm
clknet_4_7_0_gpio_in[38]_regs,103.5µm
chip.bus.ch_write_data_flat\[57\],103.48µm
net1124,103.08µm
net991,103.04µm
chip.gpu_inst.dcr_instance.device_conrol_register\[4\],102.94µm
net2820,102.58µm
clknet_5_10_0_gpio_in[38]_regs,102.56µm
net1363,102.42µm
net1330,102.21µm
_1406_,102.06µm
net673,102.04µm
net1270,102.04µm
net942,101.88µm
_1082_,101.7µm
net1078,101.64µm
net1043,101.56µm
_0312_,101.53µm
_0463_,101.26µm
_0759_,101.18µm
chip.gpu_inst.core_block_id_flat\[14\],101.09µm
net1394,100.9µm
clknet_6_56__leaf_gpio_in[38]_regs,100.6µm
net1152,100.55µm
_1331_,100.42µm
clknet_6_31__leaf_gpio_in[38]_regs,100.4µm
_0038_,100.22µm
net1147,100.2µm
clknet_leaf_125_gpio_in[38]_regs,99.98µm
_0576_,99.6µm
_1286_,99.06µm
net714,98.98µm
clknet_6_16__leaf_gpio_in[38]_regs,98.98µm
clknet_6_44__leaf_gpio_in[38]_regs,98.94µm
net2819,98.8µm
net1299,98.77µm
net1166,98.31µm
chip.gpu_inst.core_done\[1\],98.29µm
clknet_leaf_182_gpio_in[38]_regs,98.16µm
net1082,98.04µm
net1065,97.96µm
delaynet_16_clk,97.94µm
_0805_,97.68µm
net2765,97.56µm
clknet_5_5_0_gpio_in[38]_regs,97.54µm
net1540,97.41µm
chip.gpu_inst.core_block_id_flat\[31\],97.24µm
net1358,97.23µm
net668,97.11µm
_0383_,97.1µm
net254,97.06µm
net1154,96.67µm
clknet_6_24__leaf_gpio_in[38]_regs,96.64µm
net757,96.62µm
chip.bus.ch_write_data_flat\[19\],96.57µm
net326,96.56µm
net1122,96.33µm
net1094,96.11µm
net762,95.94µm
net2277,95.86µm
net727,95.78µm
delaynet_19_clk,95.6µm
chip.gpu_inst.core_block_id_flat\[18\],95.49µm
net953,95.48µm
net1372,95.38µm
clknet_leaf_136_gpio_in[38]_regs,95.34µm
net1149,95.2µm
net624,95.12µm
chip.bus.ch_write_data_flat\[78\],94.95µm
_0719_,94.82µm
chip.bus.ch_write_valid\[4\],94.53µm
net1095,94.52µm
net835,94.5µm
_1308_,94.04µm
net982,93.96µm
_1530_,93.66µm
net2317,93.54µm
net1132,93.495µm
chip.bus.ch_write_data_flat\[50\],93.44µm
net1591,93.44µm
net2250,93.24µm
_0693_,93.22µm
_0467_,92.92µm
net1007,92.92µm
chip.gpu_inst.core_block_id_flat\[19\],92.71µm
_1504_,92.54µm
_0756_,92.42µm
clknet_6_6__leaf_gpio_in[38]_regs,92.38µm
clknet_leaf_166_gpio_in[38]_regs,92.31µm
chip.gpu_inst.core_block_id_flat\[4\],92.28µm
net764,92.105µm
clknet_leaf_96_gpio_in[38]_regs,91.78µm
net763,91.72µm
_0315_,91.66µm
_0975_,91.48µm
_1130_,91.47µm
_1162_,91.1µm
net1096,90.98µm
_1427_,90.94µm
chip.gpu_inst.program_cache.icache.port_addr\[1\]\[7\],90.75µm
_0853_,90.48µm
clknet_leaf_161_gpio_in[38]_regs,90.22µm
net1164,90.21µm
net985,90.1µm
_1570_,90.08µm
net250,90.05µm
net2273,90.04µm
chip.gpu_inst.dispatch_instance.blocks_dispatched\[1\],90µm
clknet_6_17__leaf_gpio_in[38]_regs,89.88µm
net2332,89.69µm
net53,89.32µm
net133,89.32µm
chip.bus.ch_write_data_flat\[54\],89.28µm
net315,88.995µm
net1500,88.84µm
clknet_6_45__leaf_gpio_in[38]_regs,88.7µm
net2313,88.36µm
clknet_6_59__leaf_gpio_in[38]_regs,88.3µm
net671,88.12µm
net2265,88.1µm
net1554,88µm
net51,87.95µm
net67,87.82µm
net628,87.82µm
net1578,87.62µm
net622,87.52µm
chip.gpu_inst.core_block_id_flat\[9\],87.47µm
chip.bus.ch_write_data_flat\[42\],87.46µm
net1478,87.42µm
net1333,87.06µm
_0412_,86.94µm
net1218,86.92µm
net615,86.765µm
chip.gpu_inst.core_thread_count_flat\[11\],86.47µm
net1219,86.44µm
net1343,86.44µm
clknet_leaf_56_gpio_in[38]_regs,86.44µm
clknet_leaf_12_gpio_in[38]_regs,86.34µm
net330,86.32µm
_1293_,86.02µm
net681,85.68µm
net1137,85.68µm
delaynet_9_clk,85.6µm
clknet_6_48__leaf_gpio_in[38]_regs,85.54µm
net132,85.44µm
net1602,85.2µm
net1334,85.11µm
net760,85.09µm
chip.bus.ch_read_address_flat\[7\],85.06µm
net965,85.06µm
net9,84.94µm
chip.gpu_inst.core_thread_count_flat\[0\],84.86µm
net1506,84.79µm
_0732_,84.72µm
net860,84.7µm
net1505,84.68µm
delaynet_10_clk,84.68µm
chip.gpu_inst.program_cache.icache.tag_mem\[25\]\[3\],84.59µm
net170,84.5µm
net1173,84.37µm
net1105,84.08µm
delaynet_14_clk,84µm
delaynet_11_clk,83.76µm
net986,83.36µm
bus_sel,83.32µm
delaynet_12_clk,83.28µm
_1159_,83.22µm
chip.bus.ch_write_data_flat\[70\],83.22µm
clknet_leaf_181_gpio_in[38]_regs,83.22µm
net1395,83.19µm
net756,83.12µm
chip.gpu_inst.core_thread_count_flat\[1\],83.06µm
delaynet_13_clk,82.5µm
delaynet_17_clk,82.38µm
clknet_leaf_132_gpio_in[38]_regs,82.36µm
_1328_,82.34µm
clknet_leaf_171_gpio_in[38]_regs,82.3µm
clknet_leaf_93_gpio_in[38]_regs,82.16µm
clknet_6_15__leaf_gpio_in[38]_regs,82.02µm
clknet_leaf_23_gpio_in[38]_regs,81.84µm
_0945_,81.8µm
_1519_,81.66µm
clknet_leaf_16_gpio_in[38]_regs,81.62µm
_0635_,81.58µm
net1034,81.5µm
net914,81.49µm
net850,81.38µm
net1037,81.345µm
clknet_6_60__leaf_gpio_in[38]_regs,81.32µm
net142,81.315µm
_0004_,81.3µm
net1108,81.04µm
net1167,80.94µm
_0590_,80.92µm
clknet_leaf_129_gpio_in[38]_regs,80.88µm
clknet_leaf_52_gpio_in[38]_regs,80.8µm
_0471_,80.74µm
clknet_leaf_2_gpio_in[38]_regs,80.74µm
net1208,80.72µm
net478,80.675µm
clknet_6_0__leaf_gpio_in[38]_regs,80.64µm
net1140,80.605µm
chip.bus.ch_write_data_flat\[43\],80.46µm
net1129,80.36µm
clknet_leaf_4_gpio_in[38]_regs,80.22µm
clknet_leaf_89_gpio_in[38]_regs,80.22µm
net1572,80.14µm
net1519,80.09µm
clknet_leaf_142_gpio_in[38]_regs,80.06µm
clknet_3_4_0_gpio_in[38]_regs,79.84µm
net645,79.76µm
chip.bus.ch_write_data_flat\[77\],79.62µm
net1062,79.52µm
chip.bus.ch_write_data_flat\[67\],79.46µm
_0000_,79.4µm
_0425_,79.02µm
clknet_leaf_104_gpio_in[38]_regs,79.02µm
delaynet_8_clk,78.94µm
net1204,78.9µm
net228,78.875µm
net1409,78.86µm
clknet_6_1__leaf_gpio_in[38]_regs,78.77µm
clknet_leaf_167_gpio_in[38]_regs,78.68µm
net229,78.42µm
net2293,78.2µm
chip.gpu_inst.core_block_id_flat\[26\],78.16µm
clknet_leaf_62_gpio_in[38]_regs,78µm
chip.bus.ch_write_data_flat\[22\],77.97µm
_0041_,77.9µm
delaynet_18_clk,77.78µm
net421,77.635µm
chip.gpu_inst.dispatch_instance.blocks_done\[2\],77.59µm
net678,77.53µm
net1403,77.49µm
_1502_,77.4µm
_0286_,77.36µm
net226,77.32µm
clknet_leaf_97_gpio_in[38]_regs,77.31µm
_0936_,77.28µm
net93,77.095µm
net1116,77.05µm
net897,76.9µm
net1240,76.9µm
net576,76.6µm
chip.gpu_inst.core_done\[3\],76.52µm
chip.bus.ch_write_data_flat\[76\],76.47µm
net1174,76.45µm
net1012,76.25µm
clknet_leaf_15_gpio_in[38]_regs,75.9µm
clknet_leaf_37_gpio_in[38]_regs,75.8µm
clknet_leaf_117_gpio_in[38]_regs,75.76µm
net941,75.64µm
net1408,75.59µm
_0002_,75.5µm
clknet_leaf_51_gpio_in[38]_regs,75.3µm
net167,75.28µm
net1359,75.15µm
_1183_,75.08µm
net1106,75.06µm
delaynet_15_clk,75.06µm
net171,74.86µm
clknet_leaf_64_gpio_in[38]_regs,74.72µm
clknet_leaf_38_gpio_in[38]_regs,74.62µm
clknet_leaf_138_gpio_in[38]_regs,74.56µm
net505,74.395µm
_0499_,74.375µm
net989,74.28µm
_0362_,74.24µm
net1345,74.02µm
_0539_,74µm
net783,74µm
clknet_leaf_47_gpio_in[38]_regs,73.92µm
clknet_leaf_163_gpio_in[38]_regs,73.92µm
net2748,73.92µm
_0800_,73.9µm
net497,73.875µm
_1479_,73.8µm
net224,73.79µm
net498,73.695µm
clknet_leaf_95_gpio_in[38]_regs,73.67µm
clknet_6_5__leaf_gpio_in[38]_regs,73.52µm
_0037_,73.44µm
chip.gpu_inst.dispatch_instance.last_block\[3\],73.18µm
net996,73.08µm
net684,73.07µm
_1091_,73.06µm
_0023_,73.04µm
net759,73µm
net2324,73µm
net1146,72.995µm
_0544_,72.98µm
net784,72.94µm
net2346,72.92µm
chip.gpu_inst.program_cache.icache.cur_addr\[2\],72.9µm
net1072,72.88µm
clknet_leaf_7_gpio_in[38]_regs,72.88µm
net846,72.82µm
net1294,72.82µm
net1629,72.76µm
_1221_,72.66µm
net1420,72.66µm
net1097,72.64µm
chip.gpu_inst.dispatch_instance.blocks_dispatched\[0\],72.55µm
net1150,72.55µm
net1008,72.52µm
_0302_,72.47µm
delaynet_20_clk,72.42µm
chip.gpu_inst.core_done\[2\],72.37µm
_0024_,72.36µm
net728,72.36µm
net1032,72.315µm
net685,72.24µm
_0628_,72.18µm
net1143,72.02µm
net66,71.95µm
clknet_leaf_13_gpio_in[38]_regs,71.86µm
net789,71.83µm
clknet_leaf_110_gpio_in[38]_regs,71.57µm
chip.gpu_inst.core_thread_count_flat\[2\],71.36µm
net352,71.315µm
net65,71.25µm
clknet_leaf_99_gpio_in[38]_regs,71.14µm
_0777_,70.92µm
net787,70.91µm
net1417,70.9µm
net1134,70.835µm
net717,70.78µm
net162,70.74µm
chip.gpu_inst.core_thread_count_flat\[7\],70.39µm
chip.gpu_inst.core_block_id_flat\[25\],70.38µm
clknet_leaf_87_gpio_in[38]_regs,70.36µm
_0750_,70.32µm
net1233,70.31µm
_0728_,70.3µm
clknet_leaf_145_gpio_in[38]_regs,70.1µm
chip.gpu_inst.program_cache.icache.state\[2\],69.915µm
net1379,69.87µm
chip.gpu_inst.dispatch_instance.last_block\[2\],69.67µm
net1344,69.63µm
net49,69.51µm
clknet_leaf_44_gpio_in[38]_regs,69.48µm
net193,69.4µm
clknet_leaf_71_gpio_in[38]_regs,69.4µm
_0618_,69.3µm
net155,69.16µm
net1206,69.09µm
_0545_,68.98µm
net510,68.94µm
clknet_leaf_154_gpio_in[38]_regs,68.9µm
_0819_,68.88µm
chip.gpu_inst.core_block_id_flat\[21\],68.73µm
_1581_,68.7µm
net1336,68.69µm
clknet_leaf_92_gpio_in[38]_regs,68.66µm
_0636_,68.62µm
chip.gpu_inst.core_block_id_flat\[8\],68.61µm
net2757,68.36µm
net1112,68.3µm
_0711_,68.24µm
clknet_leaf_180_gpio_in[38]_regs,68.2µm
net595,68.18µm
_1145_,68.16µm
net1493,68.16µm
net410,67.98µm
clknet_leaf_5_gpio_in[38]_regs,67.92µm
clknet_leaf_84_gpio_in[38]_regs,67.84µm
_0565_,67.82µm
_1535_,67.7µm
net1006,67.7µm
net1283,67.7µm
_0525_,67.68µm
net1093,67.66µm
chip.bus.ch_write_data_flat\[71\],67.63µm
net89,67.625µm
net1296,67.55µm
_0733_,67.48µm
_0475_,67.42µm
_1415_,67.42µm
clknet_leaf_57_gpio_in[38]_regs,67.06µm
clknet_leaf_24_gpio_in[38]_regs,67.04µm
net50,67µm
_0701_,66.98µm
net1004,66.92µm
_0394_,66.91µm
net168,66.88µm
clknet_6_63__leaf_gpio_in[38]_regs,66.84µm
_0514_,66.74µm
clknet_3_6_0_gpio_in[38]_regs,66.66µm
net853,66.6µm
_0939_,66.52µm
net1127,66.515µm
chip.rst_s2,66.42µm
net1055,66.38µm
chip.bus.ch_write_data_flat\[47\],66.33µm
net1185,66.33µm
clknet_6_19__leaf_gpio_in[38]_regs,66.32µm
clknet_leaf_135_gpio_in[38]_regs,66.26µm
net731,66.1µm
clknet_leaf_83_gpio_in[38]_regs,66µm
net248,65.88µm
clknet_leaf_82_gpio_in[38]_regs,65.86µm
net1317,65.73µm
net664,65.72µm
net2517,65.7µm
clknet_leaf_164_gpio_in[38]_regs,65.68µm
clknet_leaf_146_gpio_in[38]_regs,65.66µm
_0806_,65.6µm
clknet_leaf_59_gpio_in[38]_regs,65.58µm
_1189_,65.52µm
_0655_,65.46µm
_0757_,65.38µm
_0368_,65.37µm
net1142,65.1µm
clknet_leaf_94_gpio_in[38]_regs,65.02µm
net252,64.94µm
chip.bus.ch_write_data_flat\[38\],64.71µm
_1158_,64.7µm
clknet_leaf_112_gpio_in[38]_regs,64.68µm
clknet_3_7_0_gpio_in[38]_regs,64.68µm
net1293,64.52µm
_0314_,64.43µm
net682,64.38µm
chip.gpu_inst.core_block_id_flat\[16\],64.37µm
chip.gpu_inst.dispatch_instance.start_execution,64.34µm
clknet_leaf_115_gpio_in[38]_regs,64.34µm
_0534_,64.26µm
net1205,64.25µm
chip.bus.ch_write_data_flat\[79\],64.22µm
chip.start_q2,64.2µm
net1138,64.2µm
_0418_,64.125µm
_0551_,64.12µm
clknet_leaf_108_gpio_in[38]_regs,64.06µm
_0934_,63.98µm
chip.bus.ch_read_ready\[0\],63.76µm
net1377,63.66µm
_0817_,63.62µm
_1412_,63.6µm
net313,63.6µm
clknet_leaf_152_gpio_in[38]_regs,63.6µm
_0727_,63.56µm
chip.gpu_inst.dispatch_instance.blocks_done\[6\],63.56µm
_0801_,63.52µm
clknet_leaf_126_gpio_in[38]_regs,63.46µm
net351,63.295µm
clknet_leaf_153_gpio_in[38]_regs,63.18µm
_0713_,63.04µm
chip.bus.ch_write_data_flat\[35\],62.955µm
_0058_,62.835µm
net143,62.8µm
clknet_leaf_168_gpio_in[38]_regs,62.72µm
net1367,62.7µm
net253,62.58µm
_0712_,62.54µm
_0744_,62.48µm
clknet_leaf_60_gpio_in[38]_regs,62.48µm
clknet_leaf_177_gpio_in[38]_regs,62.46µm
clknet_leaf_69_gpio_in[38]_regs,62.38µm
chip.bus.ch_write_data_flat\[46\],62.33µm
_0758_,62.26µm
_1409_,62.16µm
_1351_,62.06µm
_0523_,61.92µm
clknet_leaf_101_gpio_in[38]_regs,61.92µm
_0704_,61.82µm
net1118,61.72µm
clknet_leaf_49_gpio_in[38]_regs,61.68µm
net1144,61.64µm
_1089_,61.6µm
_0367_,61.59µm
net2364,61.54µm
net2677,61.47µm
net1131,61.27µm
_0415_,61.26µm
clknet_leaf_98_gpio_in[38]_regs,61.26µm
clknet_leaf_133_gpio_in[38]_regs,61.26µm
clknet_leaf_121_gpio_in[38]_regs,61.08µm
net2365,61.08µm
net1268,60.66µm
net1051,60.655µm
net687,60.6µm
_1354_,60.46µm
_0773_,60.44µm
_1332_,60.32µm
net2223,60.2µm
chip.gpu_inst.core_thread_count_flat\[15\],60.18µm
_1407_,60.02µm
net2660,59.98µm
_0483_,59.86µm
clknet_leaf_28_gpio_in[38]_regs,59.86µm
_0929_,59.84µm
net178,59.835µm
_0835_,59.8µm
clknet_leaf_111_gpio_in[38]_regs,59.72µm
_1151_,59.7µm
clknet_leaf_10_gpio_in[38]_regs,59.54µm
chip.bus.ch_write_data_flat\[21\],59.53µm
net1003,59.48µm
_0667_,59.42µm
_0696_,59.42µm
net2763,59.32µm
_1114_,59.3µm
clknet_leaf_61_gpio_in[38]_regs,59.28µm
_1118_,59.25µm
_0893_,59.185µm
net2531,59.12µm
_0519_,59.04µm
chip.bus.ch_write_address_flat\[48\],58.92µm
net981,58.92µm
clknet_leaf_148_gpio_in[38]_regs,58.92µm
_0833_,58.84µm
net1035,58.62µm
net686,58.57µm
_0795_,58.48µm
_0661_,58.46µm
net2651,58.44µm
net1302,58.36µm
_1108_,58.28µm
clknet_leaf_113_gpio_in[38]_regs,58.28µm
net2641,58.26µm
net716,58.24µm
clknet_leaf_20_gpio_in[38]_regs,58.1µm
chip.bus.ch_write_data_flat\[69\],58.08µm
net1328,58.05µm
net791,58.015µm
_0678_,57.92µm
_1416_,57.92µm
net2592,57.88µm
net182,57.72µm
_0841_,57.7µm
_1542_,57.6µm
chip.bus.ch_read_address_flat\[24\],57.49µm
_1132_,57.38µm
_0803_,57.34µm
net1361,57.3µm
_0560_,57.22µm
chip.gpu_inst.core_start\[3\],57.18µm
clknet_leaf_33_gpio_in[38]_regs,57.18µm
net2281,57.14µm
_0657_,57.12µm
_0938_,57.12µm
chip.gpu_inst.program_cache.icache.line_valid\[0\],57.1µm
net436,57.055µm
_0044_,57.04µm
_0642_,57.04µm
_0288_,56.98µm
net1419,56.9µm
clknet_leaf_156_gpio_in[38]_regs,56.9µm
chip.bus.ch_write_address_flat\[24\],56.88µm
clknet_leaf_141_gpio_in[38]_regs,56.88µm
net2614,56.88µm
net874,56.6µm
net147,56.54µm
net1136,56.535µm
_0453_,56.5µm
_0829_,56.48µm
net2754,56.46µm
_0050_,56.44µm
_0714_,56.34µm
_1106_,56.34µm
_1233_,56.32µm
chip.gpu_inst.program_cache.icache.consumer_read_data_flat\[14\],56.26µm
clknet_leaf_169_gpio_in[38]_regs,56.18µm
net1224,56.16µm
_0300_,56.15µm
net873,56.1µm
net2650,56.1µm
_1195_,55.96µm
net733,55.92µm
net971,55.86µm
_0631_,55.64µm
net1380,55.63µm
net227,55.61µm
clknet_leaf_106_gpio_in[38]_regs,55.54µm
clknet_leaf_45_gpio_in[38]_regs,55.52µm
_0039_,55.34µm
_0304_,55.31µm
net2340,55.28µm
chip.bus.ch_write_valid\[2\],55.21µm
chip.bus.ack_q2,55.14µm
clknet_leaf_85_gpio_in[38]_regs,55.06µm
_1352_,55.04µm
net2546,54.98µm
net1052,54.97µm
_1084_,54.965µm
chip.bus.ch_read_address_flat\[2\],54.94µm
_0770_,54.92µm
_1549_,54.82µm
net503,54.81µm
_0619_,54.78µm
_0498_,54.76µm
_1546_,54.76µm
_0850_,54.58µm
_1422_,54.58µm
net1031,54.58µm
clknet_leaf_35_gpio_in[38]_regs,54.56µm
chip.gpu_inst.program_cache.icache.consumer_read_data_flat\[25\],54.46µm
net83,54.41µm
_0630_,54.4µm
net161,54.34µm
_1353_,54.26µm
_1586_,54.22µm
net767,54.14µm
clknet_6_11__leaf_gpio_in[38]_regs,54.12µm
_0104_,54.085µm
_0489_,54.04µm
_0846_,53.92µm
_0660_,53.84µm
clknet_leaf_107_gpio_in[38]_regs,53.64µm
clknet_6_2__leaf_gpio_in[38]_regs,53.6µm
clknet_leaf_11_gpio_in[38]_regs,53.54µm
net2363,53.42µm
_0656_,53.36µm
net1273,53.3µm
net2288,53.3µm
net1029,53.28µm
chip.bus.ch_write_data_flat\[44\],53.23µm
net487,53.125µm
_1200_,53.12µm
_1651_,53.12µm
clknet_leaf_41_gpio_in[38]_regs,52.96µm
net480,52.95µm
net1018,52.88µm
clknet_leaf_8_gpio_in[38]_regs,52.86µm
clknet_leaf_172_gpio_in[38]_regs,52.8µm
net1180,52.68µm
chip.gpu_inst.core_start\[2\],52.66µm
_1514_,52.585µm
_0978_,52.58µm
net255,52.555µm
net1378,52.495µm
_0843_,52.48µm
_1111_,52.48µm
_0053_,52.4µm
chip.gpu_inst.program_cache.icache.rr_next\[0\],52.38µm
_1623_,52.34µm
_0644_,52.26µm
net2520,52.14µm
net951,52.13µm
net2549,52.1µm
_0296_,52.07µm
net2355,52.04µm
_0455_,52.02µm
clknet_leaf_155_gpio_in[38]_regs,52.01µm
_0964_,51.99µm
_1490_,51.9µm
_1528_,51.86µm
_0742_,51.68µm
net988,51.68µm
_1115_,51.5µm
net730,51.48µm
net1291,51.48µm
net1214,51.46µm
net1001,51.41µm
_0061_,51.325µm
clknet_leaf_43_gpio_in[38]_regs,51.28µm
_1219_,51.26µm
clknet_leaf_134_gpio_in[38]_regs,51.26µm
_1404_,51.2µm
net153,51.16µm
net861,51.16µm
_0924_,51.14µm
_0932_,51.04µm
_0685_,51.02µm
net2356,51.02µm
_1104_,50.955µm
net277,50.95µm
_0670_,50.9µm
_0529_,50.88µm
net1076,50.86µm
_0553_,50.83µm
chip.bus.ch_read_address_flat\[56\],50.82µm
_0306_,50.73µm
chip.gpu_inst.dispatch_instance.blocks_done\[3\],50.7µm
_1348_,50.66µm
net786,50.66µm
net952,50.59µm
_0809_,50.575µm
net91,50.565µm
chip.bus.ch_read_address_flat\[3\],50.46µm
net1418,50.44µm
net588,50.38µm
net590,50.38µm
chip.rst_n,50.32µm
net496,50.27µm
net1027,50.24µm
_0816_,50.2µm
chip.gpu_inst.program_cache.icache.line_valid\[14\],50.2µm
clknet_leaf_66_gpio_in[38]_regs,49.9µm
_0060_,49.805µm
clknet_leaf_50_gpio_in[38]_regs,49.78µm
_0494_,49.74µm
clknet_leaf_63_gpio_in[38]_regs,49.7µm
chip.bus.rr_next\[0\],49.66µm
net658,49.64µm
net69,49.62µm
net1028,49.605µm
chip.bus.ch_write_data_flat\[33\],49.6µm
_0927_,49.58µm
net1433,49.56µm
_0779_,49.515µm
chip.gpu_inst.dispatch_instance.blocks_done\[4\],49.515µm
_0524_,49.46µm
_0515_,49.455µm
net2359,49.44µm
clknet_leaf_0_gpio_in[38]_regs,49.4µm
clknet_leaf_91_gpio_in[38]_regs,49.4µm
clknet_leaf_86_gpio_in[38]_regs,49.38µm
chip.gpu_inst.dispatch_instance.blocks_done\[7\],49.32µm
clknet_leaf_39_gpio_in[38]_regs,49.32µm
_1110_,49.28µm
_1181_,49.28µm
chip.gpu_inst.program_cache.icache.cur_addr\[0\],49.2µm
_0556_,49.16µm
_0020_,49.14µm
_0105_,49.105µm
_1097_,49.1µm
net1388,49.1µm
net2352,49.08µm
_0059_,49.04µm
clknet_leaf_124_gpio_in[38]_regs,48.98µm
net2485,48.94µm
net1316,48.91µm
clknet_6_47__leaf_gpio_in[38]_regs,48.89µm
_0043_,48.88µm
chip.bus.ch_write_data_flat\[40\],48.87µm
net489,48.85µm
clknet_leaf_150_gpio_in[38]_regs,48.82µm
net1329,48.73µm
clknet_leaf_55_gpio_in[38]_regs,48.62µm
_0738_,48.44µm
_1408_,48.42µm
chip.gpu_inst.program_cache.icache.consumer_read_data_flat\[23\],48.42µm
net554,48.36µm
_0052_,48.34µm
net2540,48.34µm
clknet_leaf_162_gpio_in[38]_regs,48.32µm
_1316_,48.3µm
chip.bus.ch_read_address_flat\[26\],48.3µm
clknet_leaf_109_gpio_in[38]_regs,48.26µm
net1016,48.1µm
_0683_,48.02µm
clknet_leaf_53_gpio_in[38]_regs,47.98µm
net45,47.96µm
chip.gpu_inst.core_thread_count_flat\[9\],47.95µm
_1202_,47.92µm
chip.gpu_inst.dcr_instance.device_conrol_register\[5\],47.9µm
clknet_leaf_103_gpio_in[38]_regs,47.84µm
net990,47.815µm
clknet_leaf_119_gpio_in[38]_regs,47.8µm
net1530,47.74µm
_1396_,47.72µm
_1184_,47.71µm
net1104,47.7µm
_1345_,47.64µm
_1577_,47.56µm
_0364_,47.52µm
net2494,47.52µm
_1062_,47.46µm
clknet_leaf_90_gpio_in[38]_regs,47.46µm
_1518_,47.445µm
_1477_,47.38µm
_0549_,47.36µm
_0651_,47.36µm
chip.bus.ch_write_data_flat\[68\],47.36µm
_1434_,47.32µm
clknet_leaf_73_gpio_in[38]_regs,47.32µm
chip.bus.ch_read_address_flat\[27\],47.3µm
net2360,47.3µm
_0791_,47.26µm
_1105_,47.26µm
chip.gpu_inst.program_cache.icache.line_valid\[9\],47.22µm
_1083_,47.08µm
_1548_,47.04µm
net169,47µm
net792,46.99µm
_0557_,46.96µm
_0522_,46.86µm
clknet_leaf_48_gpio_in[38]_regs,46.85µm
net44,46.72µm
chip.gpu_inst.program_cache.icache.data_mem\[15\]\[4\],46.65µm
_1576_,46.64µm
net2321,46.62µm
net350,46.555µm
_0031_,46.5µm
clknet_leaf_42_gpio_in[38]_regs,46.44µm
net1115,46.435µm
net1019,46.38µm
_0760_,46.34µm
net2357,46.34µm
_0511_,46.26µm
net2315,46.235µm
_0793_,46.22µm
net2351,46.22µm
_1176_,46.04µm
_0559_,46.02µm
_0971_,45.99µm
_1317_,45.94µm
_0700_,45.92µm
chip.bus.ch_read_address_flat\[48\],45.905µm
_1188_,45.9µm
_1029_,45.89µm
_0664_,45.8µm
_0564_,45.72µm
clknet_leaf_29_gpio_in[38]_regs,45.72µm
chip.bus.ch_write_data_flat\[36\],45.71µm
_0419_,45.675µm
_0781_,45.64µm
net1430,45.64µm
_1094_,45.615µm
clknet_leaf_18_gpio_in[38]_regs,45.6µm
net332,45.57µm
clknet_leaf_9_gpio_in[38]_regs,45.52µm
_1283_,45.485µm
net1030,45.46µm
chip.gpu_inst.dcr_instance.device_conrol_register\[6\],45.44µm
net1135,45.44µm
_0481_,45.42µm
net1306,45.35µm
_0931_,45.22µm
_1601_,45.22µm
_1225_,45.2µm
clknet_leaf_173_gpio_in[38]_regs,45.2µm
clknet_leaf_88_gpio_in[38]_regs,45.18µm
clknet_leaf_80_gpio_in[38]_regs,45.12µm
_1605_,45.08µm
_1223_,45µm
_0638_,44.98µm
net2252,44.96µm
chip.bus.ch_write_data_flat\[41\],44.9µm
net42,44.9µm
net2261,44.9µm
chip.gpu_inst.dcr_instance.device_conrol_register\[3\],44.86µm
clknet_leaf_36_gpio_in[38]_regs,44.84µm
net1797,44.82µm
net152,44.72µm
_1368_,44.7µm
net780,44.61µm
_1428_,44.54µm
clknet_leaf_40_gpio_in[38]_regs,44.54µm
net1415,44.53µm
net2542,44.465µm
_0477_,44.46µm
net2353,44.46µm
net1109,44.41µm
_0616_,44.4µm
_1014_,44.34µm
net836,44.32µm
clknet_leaf_30_gpio_in[38]_regs,44.32µm
_1417_,44.3µm
chip.bus.ch_read_address_flat\[31\],44.28µm
_0437_,44.23µm
_0977_,44.22µm
net601,44.2µm
chip.bus.ch_read_address_flat\[30\],44.13µm
_0766_,44.02µm
net206,44µm
_0547_,43.98µm
_1214_,43.92µm
clknet_leaf_67_gpio_in[38]_regs,43.82µm
_0706_,43.66µm
_0956_,43.61µm
_1129_,43.54µm
net782,43.49µm
_0413_,43.46µm
_0730_,43.44µm
_0832_,43.42µm
clknet_leaf_6_gpio_in[38]_regs,43.38µm
_1077_,43.36µm
_1102_,43.36µm
_1026_,43.35µm
_1377_,43.34µm
_0423_,43.32µm
_1646_,43.32µm
_1186_,43.28µm
chip.bus.ch_read_address_flat\[62\],43.28µm
net225,43.13µm
net1053,43.11µm
_0554_,43µm
_0699_,42.96µm
chip.bus.ch_write_address_flat\[49\],42.945µm
_0555_,42.94µm
_1538_,42.94µm
net212,42.88µm
net1114,42.8µm
_1584_,42.78µm
chip.bus.ch_write_address_flat\[19\],42.755µm
net912,42.62µm
clknet_leaf_79_gpio_in[38]_regs,42.62µm
clknet_leaf_165_gpio_in[38]_regs,42.56µm
net2362,42.56µm
clknet_leaf_159_gpio_in[38]_regs,42.54µm
_0752_,42.52µm
_1002_,42.48µm
chip.bus.ch_write_address_flat\[16\],42.48µm
_0392_,42.37µm
clknet_leaf_122_gpio_in[38]_regs,42.32µm
_0741_,42.3µm
net1879,42.29µm
chip.gpu_inst.program_cache.icache.rr_next\[1\],42.28µm
_1228_,42.26µm
_0185_,42.225µm
net1269,42.22µm
_0821_,42.18µm
chip.bus.cur\[2\],42.16µm
chip.bus.ch_read_address_flat\[25\],42.15µm
net14,42.12µm
gpio_in[33],42.075µm
_1100_,41.9µm
clknet_leaf_105_gpio_in[38]_regs,41.86µm
_1435_,41.82µm
net2366,41.82µm
net92,41.8µm
_0643_,41.78µm
_1287_,41.78µm
_0470_,41.72µm
chip.bus.ch_read_address_flat\[4\],41.72µm
_0543_,41.71µm
net2112,41.675µm
_1621_,41.64µm
chip.gpu_inst.program_cache.icache.data_mem\[18\]\[14\],41.61µm
_0292_,41.57µm
_0479_,41.56µm
chip.gpu_inst.dispatch_instance.blocks_done\[0\],41.56µm
net1851,41.535µm
_0894_,41.49µm
_0030_,41.46µm
_1663_,41.44µm
_0928_,41.4µm
gpio_in[20],41.37µm
_0923_,41.34µm
chip.bus.ch_write_valid\[1\],41.32µm
net270,41.32µm
_0921_,41.3µm
net909,41.185µm
_1172_,41.02µm
net2035,41.02µm
net2079,41.02µm
_1444_,41µm
net1889,40.995µm
net1846,40.975µm
_0548_,40.96µm
net2661,40.935µm
net2010,40.93µm
_1178_,40.92µm
gpio_out[17],40.92µm
gpio_out[23],40.92µm
gpio_out[43],40.92µm
chip.gpu_inst.core_thread_count_flat\[10\],40.91µm
net1727,40.91µm
net1874,40.91µm
gpio_in[21],40.91µm
chip.gpu_inst.program_cache.icache.consumer_read_data_flat\[17\],40.88µm
net2268,40.88µm
_1227_,40.87µm
_0604_,40.86µm
_0040_,40.84µm
_1521_,40.82µm
gpio_in[35],40.795µm
_1218_,40.76µm
chip.bus.ch_write_data_flat\[32\],40.76µm
net1013,40.72µm
net2854,40.72µm
_0982_,40.69µm
gpio_out[42],40.69µm
net1685,40.68µm
net1687,40.68µm
net1690,40.68µm
net1691,40.68µm
net1729,40.68µm
net1731,40.68µm
net1735,40.68µm
net1773,40.68µm
net1775,40.68µm
net1779,40.68µm
net1817,40.68µm
net1819,40.68µm
net1821,40.68µm
net1876,40.68µm
net1878,40.68µm
net1882,40.68µm
net1920,40.68µm
net1922,40.68µm
net1926,40.68µm
net1983,40.68µm
net1985,40.68µm
net1989,40.68µm
net2029,40.68µm
net2031,40.68µm
net2075,40.68µm
_0596_,40.56µm
_0062_,40.505µm
_0390_,40.47µm
gpio_out[16],40.46µm
gpio_out[18],40.46µm
gpio_out[19],40.46µm
gpio_out[22],40.46µm
net1683,40.45µm
net1688,40.45µm
net1689,40.45µm
net1732,40.45µm
net1733,40.45µm
net1771,40.45µm
net1776,40.45µm
net1777,40.45µm
net1815,40.45µm
net1880,40.45µm
net1918,40.45µm
net1923,40.45µm
net1924,40.45µm
net1947,40.45µm
net1948,40.45µm
net1981,40.45µm
net1986,40.45µm
net1987,40.45µm
net1993,40.45µm
net1994,40.45µm
net2027,40.45µm
net2032,40.45µm
net2033,40.45µm
net2071,40.45µm
net2076,40.45µm
net2077,40.45µm
gpio_out[14],40.395µm
_0025_,40.38µm
net2151,40.355µm
net1747,40.315µm
gpio_in[31],40.315µm
net2167,40.23µm
gpio_out[15],40.23µm
_1390_,40.22µm
net1684,40.22µm
net1686,40.22µm
net1728,40.22µm
net1730,40.22µm
net1734,40.22µm
net1772,40.22µm
net1774,40.22µm
net1778,40.22µm
net1816,40.22µm
net1818,40.22µm
net1820,40.22µm
net1875,40.22µm
net1877,40.22µm
net1881,40.22µm
net1919,40.22µm
net1921,40.22µm
net1925,40.22µm
net1982,40.22µm
net1984,40.22µm
net1988,40.22µm
net2028,40.22µm
net2030,40.22µm
net2034,40.22µm
net2072,40.22µm
net2073,40.22µm
net2074,40.22µm
net2078,40.22µm
chip.gpu_inst.core_thread_count_flat\[8\],40.21µm
chip.bus.ch_write_address_flat\[52\],40.2µm
net529,40.2µm
net2049,40.195µm
net1792,40.175µm
gpio_in[32],40.155µm
net781,40.155µm
chip.gpu_inst.program_cache.icache.line_valid\[16\],40.12µm
clknet_leaf_128_gpio_in[38]_regs,40.12µm
net1681,40.075µm
net1701,40.015µm
gpio_in[34],40.015µm
net2137,40µm
net2138,40µm
net2139,40µm
net2143,40µm
net2164,40µm
net2166,40µm
net2170,40µm
net2191,40µm
net2193,40µm
net2195,40µm
gpio_out[41],40µm
_0538_,39.98µm
_0490_,39.97µm
chip.gpu_inst.dispatch_instance.blocks_done\[5\],39.915µm
_1473_,39.9µm
net1769,39.875µm
net1962,39.875µm
net1971,39.875µm
gpio_in[26],39.865µm
net1674,39.855µm
net1808,39.835µm
net1828,39.835µm
chip.bus.ch_write_data_flat\[45\],39.83µm
net2354,39.82µm
net1682,39.815µm
net2044,39.815µm
net1768,39.795µm
_0672_,39.78µm
_1059_,39.78µm
net2011,39.78µm
clknet_leaf_100_gpio_in[38]_regs,39.78µm
net1713,39.775µm
net1740,39.775µm
net2101,39.77µm
net2102,39.77µm
net2135,39.77µm
net2140,39.77µm
net2141,39.77µm
net2162,39.77µm
net2168,39.77µm
net2189,39.77µm
net1955,39.765µm
net2350,39.76µm
net2006,39.755µm
_0391_,39.75µm
net2477,39.74µm
net2175,39.735µm
net1749,39.725µm
net1866,39.715µm
net2080,39.715µm
_0918_,39.7µm
net1939,39.695µm
net589,39.69µm
net1699,39.685µm
gpio_out[5],39.685µm
net1744,39.675µm
net2067,39.675µm
net2090,39.675µm
gpio_in[28],39.675µm
net1837,39.665µm
_0451_,39.66µm
porb_l,39.66µm
net85,39.66µm
net1680,39.655µm
gpio_out[1],39.655µm
net1887,39.635µm
net2206,39.635µm
net2013,39.635µm
net1844,39.615µm
net1907,39.615µm
_1356_,39.6µm
net1805,39.595µm
net1719,39.575µm
net2208,39.555µm
net1795,39.55µm
net2136,39.54µm
net2142,39.54µm
net2163,39.54µm
net2165,39.54µm
net2169,39.54µm
net2190,39.54µm
net2192,39.54µm
net2194,39.54µm
net2181,39.535µm
chip.gpu_inst.program_cache.icache.consumer_read_data_flat\[18\],39.52µm
net1722,39.515µm
gpio_in[36],39.505µm
net2153,39.495µm
net1760,39.475µm
_0937_,39.47µm
net2161,39.455µm
gpio_out[7],39.455µm
gpio_out[8],39.445µm
net2131,39.435µm
net2019,39.435µm
_1061_,39.42µm
net609,39.42µm
chip.gpu_inst.program_cache.icache.line_valid\[8\],39.4µm
net2160,39.375µm
_0983_,39.36µm
_1064_,39.36µm
net2059,39.355µm
net164,39.35µm
_0561_,39.34µm
net1672,39.335µm
_1217_,39.32µm
net1708,39.32µm
net1711,39.32µm
net1752,39.32µm
net1796,39.32µm
net1799,39.32µm
net1824,39.32µm
net1841,39.32µm
net1858,39.32µm
net1899,39.32µm
net1902,39.32µm
net1943,39.32µm
net1946,39.32µm
net1965,39.32µm
net1992,39.32µm
net2052,39.32µm
net2055,39.32µm
net2096,39.32µm
net2099,39.32µm
gpio_in[40],39.32µm
resetb_l,39.32µm
net2159,39.295µm
net1787,39.275µm
net2107,39.275µm
net1932,39.275µm
net2037,39.275µm
net1957,39.255µm
net1896,39.235µm
net1853,39.215µm
net1789,39.195µm
net2124,39.195µm
net2001,39.195µm
net2012,39.195µm
clknet_leaf_143_gpio_in[38]_regs,39.18µm
net2065,39.155µm
net429,39.15µm
_1403_,39.14µm
net1737,39.135µm
net1934,39.135µm
net1953,39.135µm
net2184,39.135µm
net2123,39.115µm
net2003,39.115µm
net2085,39.115µm
_1150_,39.1µm
_1620_,39.1µm
net1849,39.095µm
net1905,39.095µm
net1707,39.09µm
net1710,39.09µm
net1751,39.09µm
net1754,39.09µm
net1798,39.09µm
net1823,39.09µm
net1840,39.09µm
net1857,39.09µm
net1898,39.09µm
net1901,39.09µm
net1942,39.09µm
net1945,39.09µm
net1964,39.09µm
net1991,39.09µm
net2051,39.09µm
net2054,39.09µm
net2095,39.09µm
net2098,39.09µm
gpio_in[39],39.09µm
net1848,39.085µm
net1785,39.075µm
net2105,39.075µm
net2127,39.075µm
net2114,39.065µm
net2152,39.055µm
net1936,39.055µm
net1952,39.045µm
chip.bus.ch_read_valid\[4\],39.04µm
net1894,39.035µm
net1996,39.035µm
net2022,39.035µm
gpio_in[25],39.035µm
net1746,39.005µm
net1884,38.995µm
net1865,38.995µm
net2203,38.995µm
net1999,38.995µm
net2119,38.98µm
net2146,38.98µm
net2173,38.98µm
net2198,38.98µm
net2215,38.98µm
net2104,38.975µm
net1929,38.975µm
net1696,38.965µm
net1736,38.965µm
net1742,38.955µm
net1758,38.955µm
net1873,38.955µm
net1972,38.955µm
net1834,38.945µm
net2201,38.945µm
net2129,38.915µm
net1980,38.915µm
net2036,38.915µm
net2058,38.915µm
net2083,38.915µm
chip.gpu_inst.program_cache.icache.tag_mem\[20\]\[3\],38.89µm
net2116,38.875µm
net1832,38.875µm
net1872,38.875µm
net2046,38.875µm
net1706,38.86µm
net1709,38.86µm
net1750,38.86µm
net1753,38.86µm
net1755,38.86µm
net1794,38.86µm
net1822,38.86µm
net1839,38.86µm
net1856,38.86µm
net1897,38.86µm
net1900,38.86µm
net1941,38.86µm
net1944,38.86µm
net1963,38.86µm
net1990,38.86µm
net2009,38.86µm
net2050,38.86µm
net2053,38.86µm
net2094,38.86µm
net2097,38.86µm
net269,38.86µm
net1703,38.855µm
net1718,38.855µm
net2024,38.855µm
net1979,38.835µm
net2057,38.835µm
net1670,38.815µm
net1726,38.815µm
net2180,38.815µm
gpio_in[37],38.815µm
_1562_,38.8µm
net1871,38.795µm
net1867,38.795µm
net2039,38.795µm
net1782,38.775µm
net2188,38.775µm
net1978,38.755µm
net2042,38.755µm
net2118,38.75µm
net2145,38.75µm
net2172,38.75µm
net2197,38.75µm
net2214,38.75µm
clknet_leaf_178_gpio_in[38]_regs,38.75µm
_0967_,38.74µm
net1725,38.735µm
net1811,38.735µm
net1855,38.735µm
gpio_out[6],38.735µm
_1157_,38.72µm
_1433_,38.72µm
net1827,38.715µm
net2179,38.715µm
net2018,38.715µm
net2187,38.695µm
net2604,38.69µm
net1716,38.675µm
net1806,38.675µm
net2122,38.675µm
net1830,38.675µm
net1977,38.675µm
net1995,38.675µm
net2026,38.675µm
gpio_in[24],38.675µm
net1724,38.655µm
net1739,38.655µm
net1720,38.655µm
_0919_,38.64µm
_1565_,38.64µm
net1784,38.635µm
net1814,38.635µm
net1883,38.635µm
net2087,38.635µm
net2063,38.635µm
net2103,38.615µm
net2186,38.615µm
net2182,38.615µm
gpio_out[13],38.615µm
clknet_leaf_3_gpio_in[38]_regs,38.6µm
clknet_leaf_34_gpio_in[38]_regs,38.6µm
clknet_leaf_116_gpio_in[38]_regs,38.6µm
net2121,38.595µm
net1893,38.595µm
net2212,38.595µm
net2008,38.595µm
net2025,38.595µm
net1863,38.585µm
gpio_out[10],38.585µm
gpio_out[2],38.585µm
_0510_,38.58µm
net1694,38.575µm
net1850,38.575µm
net1903,38.575µm
net1938,38.575µm
net233,38.56µm
clknet_leaf_160_gpio_in[38]_regs,38.56µm
net1813,38.555µm
net1864,38.555µm
net1998,38.555µm
net2089,38.555µm
gpio_in[29],38.545µm
net219,38.54µm
gpio_out[12],38.535µm
net2117,38.52µm
net2144,38.52µm
net2171,38.52µm
net2196,38.52µm
net2213,38.52µm
net1886,38.515µm
net2020,38.515µm
net2092,38.515µm
gpio_in[30],38.515µm
_1491_,38.5µm
net1843,38.495µm
net1914,38.495µm
net1931,38.495µm
net1950,38.495µm
chip.bus.state\[4\],38.48µm
net1812,38.475µm
net2082,38.475µm
gpio_out[3],38.475µm
_1628_,38.465µm
net2149,38.455µm
net1756,38.435µm
net1970,38.435µm
gpio_out[0],38.425µm
_0597_,38.42µm
net1717,38.415µm
net1913,38.415µm
net785,38.4µm
net1891,38.395µm
net2210,38.395µm
net2056,38.395µm
net1781,38.385µm
net875,38.38µm
net1705,38.375µm
net1845,38.365µm
net1767,38.355µm
net2200,38.355µm
net1969,38.355µm
_0373_,38.35µm
net2111,38.345µm
gpio_out[9],38.345µm
net2130,38.335µm
net1836,38.315µm
net2041,38.315µm
net2091,38.305µm
net185,38.3µm
net1698,38.295µm
net1961,38.295µm
net2178,38.295µm
net2005,38.295µm
net,38.295µm
net1940,38.285µm
net1959,38.285µm
_1478_,38.28µm
net1766,38.275µm
net2017,38.275µm
_0745_,38.27µm
net2109,38.265µm
net1748,38.255µm
net1693,38.245µm
net1793,38.235µm
net2113,38.235µm
net1829,38.235µm
net2066,38.235µm
net2007,38.225µm
chip.gpu_inst.program_cache.icache.consumer_read_data_flat\[22\],38.22µm
net1679,38.215µm
net1954,38.215µm
gpio_in[27],38.215µm
gpio_out[4],38.215µm
net1741,38.205µm
clknet_leaf_118_gpio_in[38]_regs,38.2µm
net2016,38.195µm
net2086,38.195µm
chip.bus.ch_write_data_flat\[37\],38.19µm
_1666_,38.18µm
net1906,38.175µm
net1714,38.155µm
net1786,38.155µm
net1804,38.155µm
net2120,38.155µm
net1975,38.155µm
_0441_,38.15µm
net1678,38.135µm
net1842,38.135µm
net1910,38.135µm
net1949,38.135µm
net2069,38.135µm
net2157,38.115µm
net1895,38.115µm
net2176,38.115µm
net1764,38.095µm
net1852,38.095µm
net1199,38.08µm
net1788,38.075µm
net1803,38.075µm
net2000,38.075µm
clknet_leaf_65_gpio_in[38]_regs,38.06µm
net2048,38.055µm
net2068,38.055µm
net2064,38.055µm
net1677,38.035µm
net1759,38.035µm
net1791,38.035µm
net1888,38.035µm
net1933,38.015µm
_1041_,38µm
net2361,38µm
net2199,37.995µm
net2084,37.995µm
chip.gpu_inst.program_cache.icache.consumer_read_data_flat\[19\],37.98µm
net1912,37.975µm
net1861,37.955µm
net2209,37.955µm
net2147,37.935µm
net2155,37.935µm
net1935,37.935µm
net2002,37.935µm
net1968,37.915µm
net2062,37.915µm
net15,37.9µm
net1671,37.895µm
net1911,37.895µm
net1700,37.875µm
net1809,37.875µm
net2070,37.875µm
_1567_,37.86µm
net1697,37.855µm
net2158,37.855µm
net1928,37.855µm
net1960,37.845µm
net1765,37.835µm
net1838,37.835µm
net1967,37.835µm
net2205,37.835µm
net2043,37.835µm
net2110,37.825µm
net1835,37.825µm
net2202,37.825µm
net2040,37.825µm
gpio_out[11],37.825µm
_0051_,37.8µm
_0431_,37.8µm
_0943_,37.8µm
net1825,37.785µm
net1692,37.775µm
net1704,37.765µm
net528,37.76µm
net2115,37.755µm
net1831,37.755µm
net2207,37.755µm
net2045,37.755µm
net2047,37.745µm
net1702,37.735µm
net1956,37.735µm
net2762,37.72µm
net1743,37.695µm
net2108,37.675µm
net1833,37.675µm
net2126,37.675µm
net2014,37.675µm
net2038,37.675µm
chip.gpu_inst.program_cache.icache.data_mem\[19\]\[11\],37.67µm
net2081,37.665µm
net1695,37.655µm
net1904,37.655µm
net1908,37.655µm
net1958,37.655µm
net1930,37.645µm
net1780,37.635µm
net1802,37.635µm
net2134,37.635µm
net1973,37.635µm
net1885,37.625µm
net2204,37.625µm
_1011_,37.62µm
clknet_leaf_174_gpio_in[38]_regs,37.62µm
net1676,37.615µm
net1745,37.615µm
net1854,37.615µm
_1656_,37.6µm
net1790,37.595µm
net1826,37.595µm
net2093,37.595µm
chip.bus.ch_write_data_flat\[34\],37.59µm
net1997,37.585µm
net2088,37.585µm
net1951,37.575µm
net1937,37.565µm
_0531_,37.56µm
net1801,37.555µm
net2133,37.555µm
net1890,37.555µm
net2106,37.545µm
net1892,37.545µm
net2211,37.545µm
net1738,37.535µm
net1847,37.535µm
net2150,37.535µm
net1927,37.525µm
chip.bus.ch_write_address_flat\[60\],37.52µm
net1757,37.515µm
net1783,37.515µm
net1761,37.515µm
net2004,37.515µm
_0357_,37.51µm
net1675,37.505µm
net1868,37.505µm
net2185,37.505µm
net2154,37.495µm
net1860,37.485µm
net2177,37.485µm
_1020_,37.48µm
net2132,37.475µm
net2128,37.475µm
net2061,37.475µm
net1723,37.465µm
net1915,37.465µm
net1800,37.455µm
net1715,37.445µm
net1770,37.445µm
net2125,37.445µm
net1976,37.445µm
net2021,37.445µm
_0802_,37.44µm
_0812_,37.44µm
net1859,37.435µm
net2015,37.435µm
net2174,37.425µm
net1909,37.415µm
net2023,37.415µm
net1762,37.405µm
net1869,37.405µm
net1966,37.395µm
net1974,37.395µm
net2060,37.395µm
net1712,37.385µm
net1810,37.385µm
net1916,37.385µm
_1021_,37.38µm
net1669,37.375µm
net1673,37.375µm
net1721,37.375µm
net1862,37.375µm
net1917,37.375µm
net1763,37.365µm
net1807,37.355µm
net2148,37.355µm
net1870,37.355µm
net2156,37.345µm
net2183,37.345µm
_1196_,37.34µm
chip.bus.ch_write_data_flat\[39\],37.29µm
_0527_,37.24µm
chip.bus.ch_read_address_flat\[59\],37.225µm
_1015_,37.18µm
_0520_,37.14µm
_0530_,37.1µm
_0910_,37.1µm
net751,37.1µm
net593,37.09µm
net1627,37.06µm
clknet_leaf_32_gpio_in[38]_regs,37.06µm
_0798_,37.02µm
_0374_,36.99µm
clknet_leaf_54_gpio_in[38]_regs,36.98µm
_0992_,36.97µm
chip.bus.ch_write_address_flat\[62\],36.97µm
chip.bus.ch_write_address_flat\[57\],36.9µm
_0784_,36.8µm
net913,36.78µm
clknet_leaf_31_gpio_in[38]_regs,36.78µm
net1406,36.77µm
_0933_,36.68µm
clknet_leaf_102_gpio_in[38]_regs,36.64µm
clknet_leaf_58_gpio_in[38]_regs,36.62µm
_1058_,36.61µm
_1386_,36.6µm
_1154_,36.56µm
net123,36.56µm
net1113,36.53µm
_0420_,36.52µm
_0676_,36.5µm
net234,36.405µm
clknet_leaf_17_gpio_in[38]_regs,36.4µm
_0033_,36.38µm
_0963_,36.36µm
net629,36.34µm
_0677_,36.26µm
_0884_,36.26µm
_0687_,36.22µm
chip.gpu_inst.program_cache.icache.line_valid\[17\],36.22µm
_0911_,36.21µm
_0533_,36.2µm
_1469_,36.18µm
clknet_leaf_175_gpio_in[38]_regs,36.18µm
_0045_,36.16µm
_0807_,36.16µm
net140,36.14µm
_0384_,36.06µm
_0721_,35.88µm
chip.gpu_inst.program_cache.icache.data_mem\[14\]\[1\],35.87µm
net1119,35.86µm
chip.bus.ch_write_address_flat\[26\],35.83µm
_1216_,35.72µm
_0753_,35.64µm
_0823_,35.64µm
eco_buffer_0_net,35.63µm
_0961_,35.6µm
chip.gpu_inst.program_cache.icache.data_mem\[24\]\[12\],35.59µm
_0825_,35.58µm
_0969_,35.56µm
net1015,35.56µm
_1030_,35.54µm
_0164_,35.535µm
_0903_,35.52µm
_1405_,35.52µm
_0542_,35.5µm
_1005_,35.5µm
_0457_,35.49µm
chip.gpu_inst.program_cache.icache.data_mem\[17\]\[14\],35.45µm
_1019_,35.44µm
net2825,35.44µm
net2499,35.415µm
chip.gpu_inst.program_cache.icache.line_valid\[10\],35.4µm
_0056_,35.395µm
net257,35.38µm
_1035_,35.36µm
_1025_,35.335µm
chip.gpu_inst.program_cache.icache.consumer_read_data_flat\[12\],35.3µm
_1488_,35.28µm
_0311_,35.23µm
_1057_,35.225µm
net2834,35.18µm
_0535_,35.175µm
_0705_,35.165µm
clknet_leaf_46_gpio_in[38]_regs,35.16µm
net591,35.13µm
_1508_,35.12µm
net144,35.12µm
net1350,35.12µm
_0599_,35.02µm
_1498_,35.02µm
_1051_,35µm
clknet_leaf_170_gpio_in[38]_regs,35µm
_0358_,34.97µm
_0592_,34.97µm
chip.bus.ch_write_address_flat\[28\],34.92µm
_1397_,34.78µm
_0445_,34.68µm
net2833,34.68µm
_0438_,34.66µm
_0087_,34.58µm
_0658_,34.58µm
_0459_,34.56µm
_0028_,34.54µm
_0839_,34.54µm
_0046_,34.46µm
_0476_,34.42µm
_0054_,34.385µm
_1039_,34.34µm
_0482_,34.32µm
_0388_,34.31µm
net603,34.31µm
_0372_,34.29µm
_0191_,34.2µm
chip.bus.state\[0\],34.18µm
net2769,34.14µm
_1660_,34.1µm
chip.bus.ch_read_address_flat\[17\],34.07µm
net1191,33.92µm
_0913_,33.9µm
chip.gpu_inst.program_cache.icache.data_mem\[12\]\[10\],33.89µm
_0009_,33.86µm
_1657_,33.84µm
net1290,33.84µm
_0160_,33.825µm
_0294_,33.81µm
_0363_,33.81µm
_1009_,33.78µm
net2290,33.775µm
_0947_,33.77µm
chip.gpu_inst.program_cache.icache.data_mem\[7\]\[7\],33.75µm
_1661_,33.73µm
chip.bus.ch_read_address_flat\[60\],33.72µm
_0598_,33.64µm
chip.bus.ch_read_address_flat\[16\],33.62µm
_1198_,33.56µm
_0352_,33.55µm
net630,33.54µm
chip.bus.ch_write_data_flat\[63\],33.5µm
_0298_,33.49µm
_0768_,33.46µm
_0979_,33.42µm
chip.bus.ch_read_address_flat\[52\],33.42µm
net256,33.42µm
_1374_,33.4µm
_1468_,33.4µm
chip.gpu_inst.program_cache.icache.data_mem\[3\]\[7\],33.39µm
_0503_,33.38µm
net11,33.38µm
net1020,33.375µm
_0930_,33.32µm
_1255_,33.3µm
_0422_,33.2µm
_1648_,33.2µm
eco_buffer_2_net,33.19µm
_1182_,33.18µm
_1109_,33.16µm
clknet_leaf_81_gpio_in[38]_regs,33.16µm
_0680_,33.12µm
clknet_leaf_130_gpio_in[38]_regs,33.1µm
_1017_,33.06µm
_1344_,33.04µm
_1088_,33.025µm
_1032_,33.01µm
_0404_,32.99µm
_0794_,32.98µm
_1337_,32.96µm
chip.gpu_inst.core_start\[1\],32.92µm
net1158,32.92µm
_1085_,32.82µm
_0920_,32.805µm
chip.gpu_inst.program_cache.icache.data_mem\[29\]\[14\],32.77µm
chip.bus.ch_write_address_flat\[58\],32.74µm
clknet_leaf_21_gpio_in[38]_regs,32.7µm
net2406,32.68µm
chip.gpu_inst.program_cache.icache.data_mem\[0\]\[11\],32.59µm
_0593_,32.58µm
_0782_,32.48µm
_0047_,32.42µm
clknet_leaf_179_gpio_in[38]_regs,32.42µm
_0536_,32.39µm
_1426_,32.38µm
net594,32.37µm
net1128,32.35µm
_0621_,32.34µm
_0702_,32.28µm
chip.bus.ch_write_address_flat\[36\],32.19µm
_1630_,32.18µm
_1551_,32.16µm
chip.bus.ch_read_address_flat\[19\],32.15µm
net1407,32.14µm
chip.gpu_inst.core_reset\[1\],32.13µm
_1642_,32.1µm
_0068_,32.06µm
_0837_,32.06µm
_0048_,32.04µm
_1622_,32.04µm
net575,32.04µm
chip.gpu_inst.core_reset\[3\],32µm
chip.bus.ch_write_address_flat\[20\],31.98µm
chip.bus.ch_write_address_flat\[29\],31.98µm
_1152_,31.96µm
chip.gpu_inst.program_cache.icache.consumer_read_data_flat\[11\],31.96µm
_1156_,31.92µm
chip.gpu_inst.program_cache.icache.data_mem\[15\]\[15\],31.91µm
_1510_,31.86µm
_0456_,31.785µm
_0848_,31.72µm
_1003_,31.7µm
_1099_,31.68µm
_1389_,31.64µm
_1464_,31.58µm
_1591_,31.56µm
net688,31.54µm
chip.bus.ch_write_address_flat\[59\],31.47µm
chip.gpu_inst.program_cache.icache.data_mem\[28\]\[0\],31.47µm
net1292,31.41µm
net800,31.4µm
_0668_,31.38µm
_0673_,31.38µm
_0375_,31.33µm
_1587_,31.3µm
net732,31.3µm
net1297,31.3µm
_0449_,31.28µm
_0493_,31.24µm
_1175_,31.24µm
net1156,31.24µm
chip.bus.ch_write_address_flat\[30\],31.2µm
_0892_,31.16µm
_0907_,31.16µm
net1102,31.07µm
net2862,31.07µm
_0035_,31.06µm
_0566_,31.04µm
chip.bus.ch_read_address_flat\[57\],31.04µm
_0407_,31.01µm
_1383_,31µm
_1253_,30.98µm
_1350_,30.98µm
_0167_,30.965µm
_0206_,30.905µm
_0094_,30.815µm
_0163_,30.785µm
_1054_,30.78µm
_1355_,30.74µm
chip.bus.ch_write_data_flat\[61\],30.74µm
net281,30.74µm
_1259_,30.72µm
_0166_,30.7µm
_0965_,30.7µm
chip.bus.ch_read_address_flat\[28\],30.69µm
_1589_,30.68µm
_1632_,30.66µm
_1647_,30.66µm
_1022_,30.54µm
_1598_,30.5µm
net858,30.44µm
_1010_,30.36µm
_0049_,30.26µm
_0725_,30.26µm
clknet_leaf_139_gpio_in[38]_regs,30.26µm
net61,30.135µm
_1177_,30.12µm
net765,30.11µm
chip.bus.ch_read_address_flat\[29\],30.05µm
_0915_,30.04µm
chip.gpu_inst.program_cache.icache.cur_addr\[3\],30.02µm
net268,30.02µm
_1641_,30µm
_0605_,29.98µm
_1037_,29.98µm
_0359_,29.97µm
_1174_,29.93µm
_1012_,29.92µm
clknet_leaf_184_gpio_in[38]_regs,29.9µm
_0691_,29.88µm
chip.gpu_inst.program_cache.icache.consumer_read_data_flat\[10\],29.88µm
net1145,29.88µm
_0654_,29.86µm
chip.bus.ch_write_address_flat\[72\],29.86µm
_0429_,29.85µm
chip.gpu_inst.program_cache.icache.data_mem\[10\]\[15\],29.85µm
_1432_,29.84µm
_1124_,29.82µm
_0398_,29.81µm
chip.bus.ch_write_address_flat\[50\],29.78µm
chip.gpu_inst.program_cache.icache.data_mem\[29\]\[11\],29.75µm
net12,29.74µm
_0552_,29.72µm
chip.bus.ch_write_address_flat\[54\],29.7µm
net599,29.7µm
_0824_,29.66µm
clknet_leaf_77_gpio_in[38]_regs,29.66µm
_0435_,29.6µm
_0444_,29.59µm
net314,29.575µm
_1325_,29.54µm
chip.bus.ch_read_address_flat\[55\],29.54µm
net683,29.5µm
_1311_,29.48µm
chip.bus.ch_write_address_flat\[43\],29.45µm
_1199_,29.44µm
_0999_,29.405µm
net222,29.4µm
net1197,29.4µm
_1529_,29.36µm
net661,29.34µm
_0985_,29.3µm
_0989_,29.28µm
net1125,29.24µm
chip.gpu_inst.dispatch_instance.start,29.2µm
_1079_,29.14µm
_0165_,29.105µm
_0074_,29.1µm
_0027_,29.06µm
_0034_,29.06µm
_1644_,29.06µm
_0319_,29.05µm
chip.gpu_inst.program_cache.icache.data_mem\[14\]\[9\],29.05µm
net1163,29.01µm
chip.bus.ch_read_address_flat\[77\],28.995µm
_0904_,28.96µm
_1261_,28.9µm
chip.bus.ch_write_data_flat\[74\],28.9µm
_0686_,28.86µm
_1055_,28.84µm
_0942_,28.72µm
net285,28.7µm
net1414,28.7µm
chip.gpu_inst.program_cache.icache.line_valid\[23\],28.68µm
_1211_,28.66µm
net273,28.66µm
_0626_,28.62µm
net2842,28.62µm
_0578_,28.6µm
_1655_,28.58µm
net75,28.53µm
_0072_,28.52µm
chip.bus.ch_write_address_flat\[44\],28.51µm
net251,28.5µm
_0981_,28.46µm
_1592_,28.38µm
_1364_,28.36µm
chip.gpu_inst.program_cache.icache.line_valid\[19\],28.36µm
_1038_,28.34µm
_1093_,28.32µm
_1439_,28.32µm
_0972_,28.3µm
chip.bus.ch_read_address_flat\[50\],28.28µm
_1399_,28.26µm
chip.bus.ch_read_address_flat\[58\],28.24µm
_0462_,28.22µm
net679,28.22µm
_1358_,28.16µm
_0886_,28.14µm
_1626_,28.11µm
net223,28.1µm
clknet_leaf_157_gpio_in[38]_regs,28.1µm
chip.bus.ch_write_address_flat\[25\],28.09µm
chip.gpu_inst.program_cache.icache.data_mem\[9\]\[9\],28.07µm
_1357_,28.06µm
delaynet_5_clk,28.06µm
net2756,28.06µm
chip.gpu_inst.data_mem_controller.reset,28.04µm
chip.gpu_inst.program_cache.icache.tag_mem\[7\]\[0\],27.99µm
_0472_,27.98µm
chip.bus.ch_read_address_flat\[71\],27.96µm
chip.bus.ch_read_address_flat\[18\],27.94µm
delaynet_3_clk,27.92µm
_0623_,27.89µm
chip.bus.ch_write_address_flat\[22\],27.89µm
_0868_,27.88µm
_1387_,27.88µm
_1329_,27.8µm
chip.bus.ch_write_data_flat\[66\],27.78µm
_1388_,27.72µm
chip.bus.ch_read_address_flat\[20\],27.72µm
chip.bus.ch_read_address_flat\[53\],27.7µm
chip.bus.ch_write_address_flat\[53\],27.7µm
_1411_,27.68µm
_1460_,27.68µm
delaynet_1_clk,27.68µm
_0540_,27.64µm
eco_buffer_3_net,27.62µm
_0574_,27.6µm
_0708_,27.6µm
_1474_,27.6µm
_1430_,27.56µm
chip.bus.ch_write_address_flat\[76\],27.54µm
_0399_,27.53µm
_0891_,27.52µm
chip.bus.ch_read_address_flat\[54\],27.52µm
chip.bus.ch_write_address_flat\[42\],27.47µm
chip.gpu_inst.program_cache.icache.line_valid\[11\],27.47µm
_0103_,27.46µm
delaynet_6_clk,27.46µm
chip.gpu_inst.program_cache.icache.data_mem\[8\]\[2\],27.45µm
_0887_,27.42µm
_1639_,27.41µm
_0762_,27.365µm
_1016_,27.36µm
_1394_,27.34µm
chip.gpu_done,27.34µm
_1170_,27.24µm
net872,27.23µm
chip.gpu_inst.program_cache.icache.tag_mem\[3\]\[3\],27.19µm
_1602_,27.18µm
chip.bus.ch_write_address_flat\[75\],27.16µm
net2571,27.16µm
_0518_,27.14µm
chip.bus.ch_write_data_flat\[75\],27.12µm
chip.gpu_inst.program_cache.icache.line_valid\[1\],27.12µm
chip.gpu_inst.program_cache.icache.tag_mem\[7\]\[3\],27.11µm
_1455_,27.1µm
_0895_,27.06µm
_1312_,27.04µm
_1194_,27.02µm
net559,27.02µm
net2348,27.02µm
_0170_,27.005µm
_0026_,26.96µm
net859,26.96µm
chip.bus.ch_write_address_flat\[17\],26.95µm
_0432_,26.94µm
_0914_,26.94µm
_0786_,26.92µm
chip.bus.ch_write_data_flat\[23\],26.9µm
_0466_,26.88µm
_1045_,26.84µm
net2841,26.82µm
chip.gpu_inst.program_cache.icache.line_valid\[2\],26.8µm
chip.bus.ch_write_address_flat\[55\],26.78µm
chip.bus.ch_write_address_flat\[18\],26.775µm
_0343_,26.74µm
delaynet_2_clk,26.68µm
_0485_,26.66µm
_0865_,26.66µm
_0130_,26.645µm
_0452_,26.64µm
chip.bus.ch_read_address_flat\[49\],26.64µm
_1113_,26.62µm
_1342_,26.62µm
_0580_,26.6µm
_1489_,26.6µm
chip.gpu_inst.program_cache.icache.data_mem\[25\]\[14\],26.59µm
chip.gpu_inst.program_cache.icache.data_mem\[29\]\[2\],26.57µm
_0940_,26.56µm
chip.gpu_inst.program_cache.icache.data_mem\[24\]\[0\],26.55µm
_1555_,26.54µm
delaynet_0_clk,26.54µm
_1167_,26.52µm
_1277_,26.52µm
_1048_,26.5µm
chip.bus.ch_write_address_flat\[32\],26.49µm
chip.bus.ch_write_address_flat\[46\],26.47µm
chip.bus.ch_write_address_flat\[61\],26.4µm
_1212_,26.38µm
_0478_,26.36µm
_0959_,26.36µm
chip.gpu_inst.program_cache.icache.tag_mem\[26\]\[2\],26.35µm
_1004_,26.32µm
chip.bus.ch_read_address_flat\[22\],26.29µm
chip.gpu_inst.program_cache.icache.data_mem\[20\]\[14\],26.29µm
net290,26.24µm
_1155_,26.2µm
_0326_,26.17µm
net910,26.17µm
_1254_,26.16µm
_0697_,26.14µm
_1018_,26.14µm
chip.gpu_inst.program_cache.icache.tag_mem\[0\]\[2\],26.13µm
net2714,26.1µm
chip.bus.ch_read_address_flat\[36\],26.09µm
chip.gpu_inst.program_cache.icache.data_mem\[24\]\[9\],26.09µm
clknet_leaf_74_gpio_in[38]_regs,26.06µm
_1638_,26.04µm
clknet_leaf_75_gpio_in[38]_regs,25.98µm
_0788_,25.96µm
_1136_,25.92µm
_0607_,25.9µm
_0203_,25.885µm
chip.bus.ch_read_address_flat\[72\],25.86µm
net186,25.86µm
net876,25.82µm
net1362,25.82µm
_0354_,25.77µm
_1554_,25.76µm
net677,25.76µm
_0401_,25.75µm
_1335_,25.75µm
chip.gpu_inst.program_cache.icache.data_mem\[30\]\[3\],25.75µm
_0141_,25.745µm
_1053_,25.74µm
chip.bus.ch_read_address_flat\[8\],25.74µm
net235,25.74µm
clknet_leaf_1_gpio_in[38]_regs,25.66µm
_0808_,25.64µm
_0620_,25.625µm
delaynet_4_clk,25.62µm
chip.gpu_inst.program_cache.icache.data_mem\[8\]\[14\],25.61µm
chip.gpu_inst.program_cache.icache.tag_mem\[5\]\[3\],25.59µm
_0575_,25.5µm
chip.gpu_inst.program_cache.icache.data_mem\[24\]\[10\],25.49µm
_1573_,25.46µm
_0840_,25.44µm
net2450,25.44µm
net2688,25.44µm
_1645_,25.42µm
chip.bus.ch_write_address_flat\[71\],25.42µm
_1658_,25.4µm
chip.bus.ch_write_address_flat\[73\],25.4µm
_0612_,25.38µm
chip.bus.ch_write_address_flat\[64\],25.38µm
_0984_,25.36µm
net244,25.36µm
_1631_,25.34µm
_0414_,25.32µm
_1116_,25.26µm
chip.gpu_inst.program_cache.icache.line_valid\[18\],25.2µm
chip.gpu_inst.dcr_instance.device_conrol_register\[7\],25.18µm
_0405_,25.15µm
_0601_,25.145µm
_1165_,25.14µm
chip.gpu_inst.program_cache.icache.data_mem\[30\]\[10\],25.09µm
_0342_,25.07µm
_1160_,25.06µm
net715,25.04µm
_0740_,25µm
clknet_leaf_14_gpio_in[38]_regs,25µm
_0085_,24.96µm
_0417_,24.96µm
_1333_,24.96µm
pad\[14\].cfg.gpio_out_val,24.94µm
_1047_,24.92µm
chip.bus.ch_write_address_flat\[78\],24.92µm
chip.bus.ch_read_address_flat\[43\],24.915µm
chip.gpu_inst.program_cache.icache.tag_mem\[6\]\[0\],24.85µm
_1215_,24.84µm
_0225_,24.82µm
chip.gpu_inst.program_cache.icache.data_mem\[1\]\[1\],24.79µm
net249,24.79µm
net2682,24.76µm
chip.bus.ch_read_address_flat\[44\],24.71µm
_0613_,24.68µm
_0796_,24.68µm
_0883_,24.68µm
_1050_,24.68µm
net1416,24.68µm
_1659_,24.62µm
_1268_,24.55µm
_1087_,24.54µm
chip.gpu_inst.program_cache.icache.data_mem\[14\]\[12\],24.53µm
_0954_,24.52µm
chip.gpu_inst.program_cache.icache.tag_mem\[3\]\[0\],24.47µm
chip.bus.ch_write_address_flat\[40\],24.45µm
_1213_,24.4µm
_1496_,24.4µm
_0347_,24.39µm
_1197_,24.38µm
_0351_,24.37µm
_0689_,24.36µm
_0215_,24.34µm
_0550_,24.335µm
_0603_,24.32µm
chip.bus.ch_write_address_flat\[37\],24.29µm
_1001_,24.26µm
_0322_,24.23µm
chip.gpu_inst.program_cache.icache.data_mem\[4\]\[3\],24.21µm
_1419_,24.18µm
net693,24.18µm
_1625_,24.16µm
chip.gpu_inst.program_cache.icache.data_mem\[25\]\[3\],24.15µm
net2491,24.1µm
_1341_,24.06µm
_1173_,24.04µm
_0602_,24.03µm
chip.gpu_inst.program_cache.icache.data_mem\[6\]\[7\],24.03µm
_0588_,24.02µm
_1143_,23.98µm
chip.gpu_inst.program_cache.icache.data_mem\[26\]\[12\],23.97µm
net2701,23.96µm
chip.bus.ch_read_address_flat\[37\],23.95µm
_0622_,23.9µm
_1392_,23.9µm
_0350_,23.875µm
_0427_,23.86µm
_1044_,23.86µm
_1347_,23.84µm
net2551,23.84µm
chip.gpu_inst.dcr_instance.device_control_data\[2\],23.82µm
net788,23.8µm
_1295_,23.78µm
net1664,23.72µm
_0867_,23.68µm
_1027_,23.68µm
_0889_,23.66µm
chip.gpu_inst.program_cache.icache.data_mem\[26\]\[5\],23.65µm
chip.gpu_inst.program_cache.icache.tag_mem\[2\]\[0\],23.63µm
_0042_,23.62µm
_0402_,23.61µm
chip.gpu_inst.program_cache.icache.data_mem\[1\]\[3\],23.61µm
chip.gpu_inst.program_cache.icache.line_valid\[15\],23.6µm
chip.gpu_inst.program_cache.icache.data_mem\[1\]\[8\],23.59µm
chip.gpu_inst.program_cache.icache.tag_mem\[21\]\[3\],23.59µm
_0649_,23.58µm
_0885_,23.58µm
_1446_,23.58µm
net2685,23.58µm
net2403,23.565µm
net187,23.54µm
chip.bus.ch_read_address_flat\[45\],23.535µm
chip.bus.ch_read_address_flat\[23\],23.53µm
_0303_,23.51µm
_0140_,23.505µm
_0433_,23.5µm
_1421_,23.5µm
_1515_,23.5µm
clknet_leaf_144_gpio_in[38]_regs,23.5µm
_0573_,23.48µm
_1163_,23.48µm
net258,23.48µm
net2468,23.48µm
_0792_,23.46µm
net2608,23.46µm
_1369_,23.38µm
net1107,23.38µm
chip.bus.ch_read_address_flat\[39\],23.33µm
_0171_,23.305µm
chip.gpu_inst.program_cache.icache.data_mem\[30\]\[13\],23.29µm
_0822_,23.28µm
chip.bus.ch_write_address_flat\[38\],23.28µm
_0192_,23.245µm
_0070_,23.22µm
net2462,23.22µm
_1334_,23.18µm
_0121_,23.16µm
_0820_,23.16µm
chip.gpu_inst.program_cache.icache.line_valid\[3\],23.16µm
_0152_,23.145µm
chip.bus.ch_read_address_flat\[1\],23.14µm
net2500,23.14µm
_0265_,23.12µm
_1049_,23.12µm
chip.bus.ch_read_address_flat\[42\],23.09µm
chip.bus.ch_write_address_flat\[39\],23.09µm
_0492_,23.08µm
_1208_,23.08µm
_1245_,23.08µm
net287,23.06µm
_1643_,23.04µm
net188,23.04µm
_0845_,23µm
chip.gpu_inst.dcr_instance.device_control_data\[3\],22.98µm
_1120_,22.955µm
_0948_,22.92µm
_1204_,22.92µm
_0416_,22.88µm
_1193_,22.84µm
net691,22.8µm
_0952_,22.795µm
chip.gpu_inst.program_cache.icache.data_mem\[29\]\[1\],22.75µm
_0353_,22.73µm
_1141_,22.72µm
chip.gpu_inst.program_cache.icache.data_mem\[0\]\[15\],22.69µm
chip.bus.ch_write_address_flat\[79\],22.68µm
chip.launch_state\[2\],22.68µm
_1034_,22.66µm
_1445_,22.62µm
_0301_,22.59µm
_0659_,22.58µm
net203,22.58µm
net663,22.58µm
_0309_,22.53µm
chip.bus.ch_read_address_flat\[21\],22.53µm
chip.gpu_inst.program_cache.icache.data_mem\[0\]\[7\],22.53µm
chip.gpu_inst.program_cache.icache.data_mem\[26\]\[10\],22.53µm
_1203_,22.45µm
_0474_,22.44µm
chip.bus.ch_write_address_flat\[21\],22.43µm
chip.gpu_inst.dcr_instance.device_control_data\[0\],22.42µm
net561,22.42µm
clknet_leaf_72_gpio_in[38]_regs,22.42µm
_0949_,22.4µm
_1424_,22.4µm
_1400_,22.38µm
chip.bus.ch_read_address_flat\[61\],22.38µm
_1499_,22.34µm
net291,22.32µm
chip.bus.ch_read_address_flat\[69\],22.3µm
_1008_,22.28µm
_0579_,22.24µm
_0827_,22.24µm
_0997_,22.22µm
chip.gpu_inst.program_cache.icache.data_mem\[6\]\[3\],22.19µm
_1046_,22.18µm
_1284_,22.14µm
chip.bus.ch_read_address_flat\[78\],22.14µm
net1005,22.14µm
chip.gpu_inst.program_cache.icache.data_mem\[12\]\[1\],22.13µm
net214,22.12µm
net2412,22.12µm
_0403_,22.09µm
chip.gpu_inst.program_cache.icache.data_mem\[28\]\[11\],22.09µm
_0202_,22.085µm
net1234,22.07µm
_1289_,22.06µm
_0509_,22.04µm
_1578_,22.04µm
net197,22.04µm
_0063_,22.02µm
net2497,22.02µm
_1585_,22µm
_0962_,21.995µm
chip.gpu_inst.program_cache.icache.data_mem\[4\]\[6\],21.97µm
chip.bus.ch_write_address_flat\[69\],21.96µm
net555,21.96µm
chip.bus.ch_write_address_flat\[23\],21.91µm
clknet_leaf_140_gpio_in[38]_regs,21.9µm
_0293_,21.89µm
chip.launch_state\[0\],21.86µm
net895,21.86µm
net504,21.85µm
net667,21.84µm
chip.bus.ch_write_address_flat\[41\],21.81µm
_1067_,21.8µm
net2583,21.78µm
chip.gpu_inst.program_cache.icache.data_mem\[4\]\[10\],21.77µm
_1618_,21.735µm
net2691,21.725µm
net676,21.72µm
chip.bus.ch_read_address_flat\[76\],21.7µm
net2870,21.66µm
chip.gpu_inst.program_cache.icache.data_mem\[12\]\[11\],21.65µm
_0327_,21.63µm
_0194_,21.62µm
_0581_,21.62µm
net283,21.62µm
net1364,21.59µm
chip.bus.ch_write_address_flat\[27\],21.57µm
chip.gpu_inst.program_cache.icache.data_mem\[28\]\[1\],21.55µm
_0890_,21.52µm
net292,21.5µm
net911,21.5µm
_0439_,21.48µm
_0101_,21.44µm
chip.gpu_inst.program_cache.icache.data_mem\[23\]\[11\],21.43µm
net1280,21.42µm
net2740,21.42µm
chip.gpu_inst.program_cache.icache.data_mem\[27\]\[6\],21.35µm
chip.gpu_inst.program_cache.icache.data_mem\[3\]\[3\],21.35µm
_0569_,21.32µm
net894,21.32µm
chip.gpu_inst.program_cache.icache.tag_mem\[28\]\[1\],21.31µm
_1063_,21.24µm
_1557_,21.2µm
chip.gpu_inst.program_cache.icache.tag_mem\[5\]\[2\],21.19µm
chip.bus.ch_read_address_flat\[38\],21.17µm
_0856_,21.16µm
_1139_,21.12µm
chip.gpu_inst.program_cache.icache.state\[3\],21.12µm
_1210_,21.08µm
_1330_,21.08µm
_1603_,21.08µm
chip.bus.ch_write_address_flat\[31\],21.08µm
chip.bus.ch_write_address_flat\[74\],21.08µm
chip.gpu_inst.program_cache.icache.data_mem\[22\]\[14\],21.07µm
_1627_,21.06µm
clknet_leaf_147_gpio_in[38]_regs,21.04µm
_0095_,21.015µm
_0541_,21µm
net2336,21µm
chip.gpu_inst.program_cache.icache.data_mem\[7\]\[14\],20.97µm
net2858,20.97µm
_1192_,20.96µm
_0214_,20.955µm
_0624_,20.955µm
net896,20.92µm
chip.gpu_inst.program_cache.icache.data_mem\[16\]\[14\],20.91µm
_0864_,20.88µm
net2548,20.875µm
chip.bus.ch_write_address_flat\[51\],20.84µm
chip.gpu_inst.program_cache.icache.line_valid\[13\],20.84µm
_0235_,20.78µm
_1303_,20.78µm
net2474,20.76µm
chip.bus.ch_read_address_flat\[79\],20.745µm
chip.bus.ch_read_address_flat\[75\],20.74µm
chip.bus.ch_write_address_flat\[66\],20.74µm
_1138_,20.72µm
chip.gpu_inst.program_cache.icache.data_mem\[30\]\[12\],20.71µm
chip.gpu_inst.program_cache.icache.tag_mem\[15\]\[3\],20.71µm
net282,20.7µm
_1256_,20.68µm
net597,20.68µm
_0633_,20.66µm
_0735_,20.66µm
_1282_,20.66µm
net2674,20.62µm
net2545,20.615µm
_0344_,20.59µm
_0406_,20.59µm
_1393_,20.59µm
_0881_,20.58µm
_0641_,20.52µm
net2539,20.495µm
net2596,20.48µm
net286,20.46µm
_0813_,20.4µm
_1278_,20.4µm
_0526_,20.36µm
chip.gpu_inst.program_cache.icache.data_mem\[11\]\[1\],20.35µm
_0076_,20.34µm
net2440,20.335µm
chip.gpu_inst.program_cache.icache.data_mem\[15\]\[10\],20.31µm
_0361_,20.29µm
_0180_,20.205µm
chip.bus.ch_read_address_flat\[40\],20.19µm
chip.gpu_inst.program_cache.icache.data_mem\[18\]\[11\],20.19µm
net195,20.16µm
_1247_,20.12µm
_0974_,20.1µm
_0069_,20.065µm
_1447_,20.065µm
chip.gpu_inst.dcr_instance.device_control_data\[7\],20.02µm
net2874,20.01µm
_0029_,20µm
_0345_,19.99µm
chip.gpu_inst.program_cache.icache.tag_mem\[23\]\[3\],19.97µm
_0064_,19.96µm
chip.gpu_inst.program_cache.icache.data_mem\[17\]\[11\],19.95µm
chip.gpu_inst.program_cache.icache.data_mem\[1\]\[9\],19.95µm
_1258_,19.94µm
chip.bus.ch_read_address_flat\[66\],19.94µm
chip.bus.ch_read_address_flat\[32\],19.93µm
_0572_,19.9µm
_0629_,19.9µm
chip.gpu_inst.program_cache.icache.tag_mem\[1\]\[2\],19.89µm
_1451_,19.88µm
_1149_,19.86µm
_0019_,19.84µm
_0324_,19.81µm
chip.gpu_inst.program_cache.icache.data_mem\[27\]\[4\],19.79µm
_1179_,19.78µm
chip.bus.ch_write_address_flat\[34\],19.75µm
_0674_,19.74µm
net2595,19.74µm
chip.gpu_inst.program_cache.icache.data_mem\[2\]\[7\],19.73µm
_1092_,19.72µm
net2680,19.72µm
_0617_,19.66µm
chip.bus.ch_write_address_flat\[65\],19.64µm
_0717_,19.62µm
_1117_,19.62µm
_1566_,19.62µm
net1307,19.6µm
_1133_,19.58µm
chip.bus.ch_read_address_flat\[46\],19.57µm
chip.gpu_inst.program_cache.icache.tag_mem\[14\]\[0\],19.55µm
chip.bus.ch_read_address_flat\[65\],19.52µm
chip.bus.ch_read_address_flat\[73\],19.52µm
clknet_leaf_127_gpio_in[38]_regs,19.48µm
chip.gpu_inst.program_cache.icache.tag_mem\[27\]\[0\],19.47µm
_0888_,19.46µm
_0086_,19.44µm
_0637_,19.44µm
_0639_,19.44µm
net284,19.44µm
chip.gpu_inst.dispatch_instance.blocks_done\[1\],19.41µm
_0501_,19.4µm
_1000_,19.4µm
chip.gpu_inst.program_cache.icache.data_mem\[8\]\[11\],19.39µm
net1346,19.39µm
_0577_,19.38µm
chip.gpu_inst.program_cache.icache.state\[0\],19.38µm
clknet_leaf_151_gpio_in[38]_regs,19.36µm
net2866,19.36µm
_0986_,19.34µm
_1257_,19.32µm
_1650_,19.32µm
_1665_,19.32µm
net598,19.32µm
chip.bus.ch_write_address_flat\[70\],19.28µm
_1636_,19.26µm
_1507_,19.24µm
chip.bus.ch_write_address_flat\[68\],19.24µm
_1267_,19.22µm
_0183_,19.205µm
_0360_,19.19µm
_0912_,19.18µm
_0295_,19.17µm
_0323_,19.09µm
chip.gpu_inst.program_cache.icache.data_mem\[3\]\[1\],19.09µm
_0195_,19.08µm
chip.gpu_inst.program_cache.icache.tag_mem\[1\]\[0\],19.07µm
chip.gpu_inst.program_cache.icache.data_mem\[23\]\[7\],19.05µm
chip.gpu_inst.program_cache.icache.tag_mem\[19\]\[0\],19.05µm
chip.gpu_inst.program_cache.icache.data_mem\[9\]\[12\],19.03µm
_1279_,18.96µm
_1381_,18.94µm
_1476_,18.94µm
_1537_,18.94µm
net2800,18.94µm
_1558_,18.92µm
_1036_,18.9µm
_1612_,18.9µm
chip.gpu_inst.program_cache.icache.data_mem\[7\]\[11\],18.87µm
_0199_,18.865µm
_1013_,18.86µm
net660,18.82µm
_0147_,18.815µm
_0960_,18.78µm
chip.bus.ch_write_address_flat\[77\],18.78µm
clknet_leaf_27_gpio_in[38]_regs,18.72µm
net2838,18.72µm
chip.gpu_inst.program_cache.icache.data_mem\[19\]\[7\],18.71µm
chip.gpu_inst.program_cache.icache.data_mem\[1\]\[7\],18.71µm
chip.gpu_inst.program_cache.icache.data_mem\[24\]\[1\],18.71µm
net526,18.67µm
_0184_,18.645µm
_0830_,18.62µm
chip.gpu_inst.program_cache.icache.data_mem\[3\]\[10\],18.61µm
_0162_,18.585µm
_0838_,18.58µm
_0966_,18.58µm
_1066_,18.56µm
chip.bus.cur\[1\],18.56µm
net2530,18.535µm
_0080_,18.52µm
_1484_,18.52µm
_1580_,18.52µm
_0585_,18.5µm
_1206_,18.48µm
_1604_,18.48µm
chip.bus.ch_read_address_flat\[64\],18.48µm
net2711,18.42µm
chip.gpu_inst.program_cache.icache.data_mem\[10\]\[10\],18.41µm
net2693,18.4µm
net209,18.38µm
chip.gpu_inst.program_cache.icache.data_mem\[10\]\[4\],18.37µm
_1420_,18.36µm
net267,18.36µm
chip.bus.ch_read_address_flat\[33\],18.35µm
_0746_,18.34µm
chip.gpu_inst.program_cache.icache.tag_mem\[24\]\[3\],18.33µm
_0250_,18.325µm
_0600_,18.32µm
chip.bus.ch_read_address_flat\[63\],18.32µm
_0107_,18.3µm
net230,18.3µm
_0329_,18.29µm
_0799_,18.28µm
_1031_,18.28µm
_0517_,18.26µm
_0877_,18.24µm
_1185_,18.22µm
_0318_,18.21µm
_0970_,18.2µm
net672,18.2µm
_1043_,18.18µm
net674,18.18µm
_0158_,18.175µm
_1207_,18.16µm
_0299_,18.15µm
chip.bus.ch_read_address_flat\[70\],18.14µm
chip.gpu_inst.program_cache.icache.data_mem\[10\]\[1\],18.13µm
_0057_,18.115µm
chip.gpu_inst.program_cache.icache.data_mem\[26\]\[14\],18.11µm
chip.gpu_inst.program_cache.icache.data_mem\[6\]\[9\],18.09µm
_1007_,18.08µm
_1600_,18.06µm
chip.gpu_inst.program_cache.icache.data_mem\[11\]\[12\],18.05µm
_0297_,18.03µm
_0671_,18.02µm
chip.gpu_inst.program_cache.icache.data_mem\[16\]\[12\],18.01µm
chip.bus.ch_write_address_flat\[33\],17.99µm
_1440_,17.98µm
chip.bus.ch_write_address_flat\[45\],17.97µm
_0106_,17.96µm
_0308_,17.95µm
_0409_,17.95µm
_1201_,17.94µm
net2642,17.92µm
chip.gpu_inst.program_cache.icache.data_mem\[20\]\[13\],17.91µm
net288,17.86µm
net2415,17.86µm
net2448,17.84µm
chip.bus.ch_read_address_flat\[51\],17.83µm
_1552_,17.76µm
net276,17.76µm
chip.gpu_inst.program_cache.icache.tag_mem\[8\]\[2\],17.75µm
_0114_,17.745µm
chip.bus.ch_read_address_flat\[0\],17.72µm
chip.gpu_inst.program_cache.icache.tag_mem\[22\]\[3\],17.71µm
_0008_,17.695µm
net596,17.68µm
net2795,17.68µm
_0032_,17.66µm
_0169_,17.66µm
_0066_,17.655µm
_0998_,17.64µm
_1461_,17.64µm
net2603,17.64µm
chip.gpu_inst.program_cache.icache.data_mem\[31\]\[8\],17.63µm
chip.gpu_inst.program_cache.icache.tag_mem\[16\]\[3\],17.63µm
_0079_,17.6µm
_0421_,17.6µm
_0611_,17.54µm
_1561_,17.52µm
_1583_,17.52µm
_1244_,17.48µm
clknet_leaf_176_gpio_in[38]_regs,17.48µm
net2429,17.46µm
_0632_,17.44µm
_1382_,17.44µm
chip.gpu_inst.program_cache.icache.data_mem\[16\]\[13\],17.43µm
_1098_,17.42µm
_0179_,17.415µm
_0365_,17.41µm
chip.gpu_inst.program_cache.icache.data_mem\[29\]\[13\],17.41µm
net592,17.4µm
_0274_,17.38µm
_0317_,17.37µm
net2869,17.36µm
chip.gpu_inst.program_cache.icache.data_mem\[9\]\[13\],17.33µm
_0325_,17.31µm
chip.gpu_inst.dcr_instance.device_control_data\[1\],17.3µm
_0320_,17.29µm
net2830,17.29µm
_0159_,17.275µm
_0349_,17.25µm
net2683,17.24µm
_0305_,17.23µm
net2452,17.225µm
_0117_,17.22µm
_0851_,17.22µm
chip.gpu_inst.program_cache.icache.tag_mem\[18\]\[3\],17.21µm
chip.gpu_inst.program_cache.icache.data_mem\[24\]\[15\],17.19µm
_0521_,17.18µm
chip.gpu_inst.program_cache.icache.data_mem\[26\]\[9\],17.17µm
_0587_,17.16µm
chip.gpu_inst.program_cache.icache.tag_mem\[5\]\[0\],17.15µm
_0157_,17.14µm
_0426_,17.14µm
_1423_,17.14µm
chip.bus.ch_read_address_flat\[34\],17.13µm
_0110_,17.125µm
_0722_,17.12µm
_0775_,17.1µm
chip.gpu_inst.program_cache.icache.tag_mem\[0\]\[3\],17.09µm
_1073_,17.08µm
_0842_,17.06µm
_0386_,17.02µm
_0608_,17µm
chip.gpu_inst.program_cache.icache.data_mem\[10\]\[6\],16.99µm
_1624_,16.98µm
chip.bus.ch_read_address_flat\[41\],16.97µm
_0869_,16.96µm
chip.gpu_inst.program_cache.icache.data_mem\[22\]\[7\],16.95µm
chip.gpu_inst.program_cache.icache.data_mem\[6\]\[12\],16.95µm
chip.gpu_inst.program_cache.icache.data_mem\[4\]\[0\],16.93µm
chip.gpu_inst.program_cache.icache.line_valid\[28\],16.92µm
net2602,16.92µm
_0707_,16.9µm
net2543,16.9µm
_0077_,16.885µm
_0695_,16.88µm
_1637_,16.88µm
net2519,16.855µm
chip.gpu_inst.program_cache.icache.data_mem\[1\]\[4\],16.83µm
net2761,16.825µm
_1107_,16.82µm
_1610_,16.8µm
_0247_,16.78µm
_0852_,16.78µm
chip.gpu_inst.program_cache.icache.data_mem\[27\]\[5\],16.77µm
_1619_,16.76µm
chip.gpu_inst.program_cache.icache.data_mem\[27\]\[9\],16.71µm
_0769_,16.7µm
_1321_,16.7µm
chip.gpu_inst.program_cache.icache.line_valid\[12\],16.7µm
chip.gpu_inst.program_cache.icache.data_mem\[6\]\[6\],16.67µm
_1123_,16.66µm
chip.gpu_inst.program_cache.icache.data_mem\[21\]\[5\],16.65µm
_0849_,16.64µm
_0797_,16.62µm
chip.gpu_inst.program_cache.icache.data_mem\[13\]\[14\],16.61µm
chip.gpu_inst.program_cache.icache.data_mem\[13\]\[9\],16.61µm
chip.bus.rr_next\[2\],16.6µm
chip.gpu_inst.program_cache.icache.data_mem\[12\]\[9\],16.57µm
_1493_,16.54µm
_0546_,16.53µm
_1532_,16.52µm
chip.gpu_inst.dcr_instance.device_control_data\[6\],16.52µm
_0200_,16.515µm
_0377_,16.49µm
chip.bus.ch_read_address_flat\[35\],16.49µm
clknet_leaf_26_gpio_in[38]_regs,16.48µm
_1579_,16.46µm
net1014,16.46µm
net2618,16.44µm
net2667,16.42µm
_0460_,16.4µm
_0882_,16.38µm
_1338_,16.38µm
net2465,16.36µm
_0330_,16.35µm
_0653_,16.33µm
chip.gpu_inst.program_cache.icache.data_mem\[28\]\[13\],16.33µm
chip.gpu_inst.program_cache.icache.data_mem\[8\]\[6\],16.33µm
_0648_,16.32µm
_1180_,16.32µm
chip.gpu_inst.program_cache.icache.data_mem\[16\]\[6\],16.31µm
_0091_,16.305µm
_1608_,16.3µm
net2728,16.28µm
net2737,16.28µm
_0331_,16.27µm
_0764_,16.26µm
_0836_,16.26µm
clknet_leaf_76_gpio_in[38]_regs,16.26µm
_1378_,16.24µm
_0022_,16.22µm
chip.gpu_inst.program_cache.icache.tag_mem\[25\]\[0\],16.21µm
_0446_,16.2µm
net2431,16.185µm
net2478,16.185µm
_0138_,16.16µm
_0177_,16.16µm
chip.gpu_inst.program_cache.icache.data_mem\[7\]\[1\],16.15µm
_0430_,16.14µm
_1040_,16.14µm
chip.gpu_inst.program_cache.icache.tag_mem\[9\]\[2\],16.13µm
_0245_,16.1µm
_1265_,16.08µm
_0665_,16.04µm
net2423,16.04µm
chip.gpu_inst.program_cache.icache.data_mem\[30\]\[4\],16.03µm
clknet_leaf_149_gpio_in[38]_regs,16.02µm
_0783_,15.98µm
net210,15.98µm
chip.gpu_inst.program_cache.icache.data_mem\[30\]\[5\],15.95µm
_0233_,15.92µm
chip.gpu_inst.program_cache.icache.data_mem\[5\]\[4\],15.91µm
chip.bus.ch_write_address_flat\[63\],15.9µm
_0338_,15.89µm
_1373_,15.88µm
_0256_,15.855µm
_0666_,15.84µm
_0875_,15.84µm
net2801,15.825µm
_0870_,15.82µm
chip.gpu_inst.program_cache.icache.data_mem\[25\]\[4\],15.81µm
net2709,15.76µm
net2850,15.73µm
_0450_,15.72µm
_1147_,15.72µm
_1401_,15.72µm
chip.gpu_inst.program_cache.icache.tag_mem\[23\]\[0\],15.71µm
chip.gpu_inst.program_cache.icache.tag_mem\[2\]\[2\],15.71µm
_0663_,15.7µm
net670,15.7µm
chip.gpu_inst.program_cache.icache.data_mem\[3\]\[9\],15.63µm
_0873_,15.62µm
chip.gpu_inst.program_cache.icache.data_mem\[28\]\[15\],15.61µm
chip.gpu_inst.program_cache.icache.data_mem\[17\]\[9\],15.55µm
_1298_,15.54µm
_0137_,15.52µm
net2622,15.52µm
_0615_,15.5µm
_1023_,15.5µm
clknet_leaf_123_gpio_in[38]_regs,15.5µm
net2628,15.5µm
chip.gpu_inst.program_cache.icache.data_mem\[31\]\[1\],15.47µm
_0223_,15.46µm
_0262_,15.46µm
chip.gpu_inst.program_cache.icache.data_mem\[26\]\[11\],15.45µm
net2703,15.44µm
chip.gpu_inst.program_cache.icache.data_mem\[31\]\[6\],15.41µm
_0196_,15.4µm
_0083_,15.38µm
_0182_,15.38µm
_0754_,15.38µm
_1078_,15.38µm
_1169_,15.38µm
_1187_,15.38µm
chip.bus.ch_write_address_flat\[35\],15.37µm
chip.gpu_inst.program_cache.icache.tag_mem\[31\]\[0\],15.37µm
_0941_,15.34µm
chip.bus.ch_read_address_flat\[74\],15.34µm
net2460,15.325µm
net205,15.3µm
chip.gpu_inst.program_cache.icache.data_mem\[17\]\[10\],15.29µm
_1250_,15.28µm
net2421,15.28µm
chip.gpu_inst.program_cache.icache.data_mem\[17\]\[15\],15.27µm
net2690,15.26µm
_1524_,15.24µm
chip.gpu_inst.program_cache.icache.data_mem\[16\]\[8\],15.23µm
_0228_,15.22µm
chip.gpu_inst.program_cache.icache.data_mem\[17\]\[8\],15.19µm
_0513_,15.16µm
net1141,15.16µm
net2550,15.16µm
_0976_,15.14µm
net2662,15.14µm
_0187_,15.125µm
_0591_,15.06µm
chip.gpu_inst.program_cache.icache.data_mem\[25\]\[5\],15.05µm
chip.gpu_inst.program_cache.icache.data_mem\[31\]\[13\],15.045µm
_0376_,15.03µm
chip.gpu_inst.program_cache.icache.data_mem\[10\]\[14\],15.03µm
chip.gpu_inst.program_cache.icache.data_mem\[23\]\[14\],15.03µm
net2606,15.02µm
_0122_,15.015µm
_1500_,15µm
chip.gpu_inst.program_cache.icache.data_mem\[5\]\[10\],14.99µm
net2414,14.985µm
_0468_,14.975µm
_1235_,14.96µm
_0333_,14.95µm
chip.gpu_inst.program_cache.icache.data_mem\[25\]\[2\],14.95µm
net2418,14.94µm
chip.gpu_inst.program_cache.icache.data_mem\[12\]\[12\],14.93µm
chip.gpu_inst.program_cache.icache.data_mem\[8\]\[4\],14.93µm
net2455,14.925µm
_0243_,14.92µm
_0874_,14.92µm
_1380_,14.92µm
_0156_,14.91µm
chip.gpu_inst.program_cache.icache.data_mem\[11\]\[0\],14.91µm
chip.gpu_inst.program_cache.icache.data_mem\[17\]\[7\],14.89µm
net1373,14.89µm
_0266_,14.885µm
_0082_,14.88µm
_0916_,14.88µm
chip.gpu_inst.program_cache.icache.line_valid\[6\],14.86µm
chip.gpu_inst.program_cache.icache.data_mem\[10\]\[9\],14.85µm
chip.gpu_inst.program_cache.icache.data_mem\[20\]\[15\],14.85µm
net2544,14.845µm
_0922_,14.84µm
_0980_,14.84µm
_1462_,14.84µm
net2648,14.84µm
_0268_,14.825µm
_0168_,14.82µm
_0186_,14.82µm
_0193_,14.82µm
net2586,14.82µm
bus_beat,14.8µm
_1297_,14.78µm
chip.gpu_inst.program_cache.icache.data_mem\[4\]\[1\],14.77µm
chip.gpu_inst.program_cache.icache.data_mem\[7\]\[15\],14.77µm
_1246_,14.76µm
_0328_,14.75µm
chip.gpu_inst.program_cache.icache.data_mem\[1\]\[2\],14.75µm
_1142_,14.74µm
_0537_,14.72µm
_0139_,14.705µm
net2796,14.645µm
_1205_,14.64µm
_1480_,14.64µm
net577,14.64µm
net198,14.54µm
_0005_,14.525µm
net196,14.52µm
clknet_leaf_70_gpio_in[38]_regs,14.5µm
_0251_,14.485µm
net2435,14.48µm
_0161_,14.475µm
chip.gpu_inst.program_cache.icache.data_mem\[26\]\[15\],14.45µm
chip.gpu_inst.program_cache.icache.data_mem\[30\]\[9\],14.45µm
_0780_,14.42µm
_1239_,14.42µm
chip.gpu_inst.program_cache.icache.tag_mem\[27\]\[3\],14.41µm
chip.gpu_inst.program_cache.icache.data_mem\[22\]\[11\],14.39µm
chip.gpu_inst.program_cache.icache.data_mem\[28\]\[6\],14.39µm
chip.gpu_inst.program_cache.icache.data_mem\[6\]\[5\],14.39µm
_0211_,14.38µm
_1076_,14.38µm
chip.gpu_inst.program_cache.icache.data_mem\[19\]\[8\],14.37µm
_1291_,14.36µm
_0307_,14.35µm
chip.gpu_inst.program_cache.icache.data_mem\[20\]\[3\],14.35µm
chip.gpu_inst.program_cache.icache.data_mem\[31\]\[11\],14.35µm
_1367_,14.34µm
net2588,14.32µm
chip.bus.rr_next\[1\],14.29µm
_1281_,14.26µm
chip.gpu_inst.program_cache.icache.data_mem\[30\]\[2\],14.25µm
net2447,14.24µm
chip.bus.ch_write_address_flat\[47\],14.23µm
net1,14.22µm
_0084_,14.12µm
_0336_,14.11µm
chip.gpu_inst.program_cache.icache.data_mem\[13\]\[6\],14.11µm
chip.gpu_inst.program_cache.icache.data_mem\[1\]\[11\],14.07µm
_0652_,14.06µm
net2,14.06µm
net2887,14.04µm
chip.gpu_inst.program_cache.icache.data_mem\[2\]\[8\],14.03µm
_0108_,14.02µm
net2427,14.02µm
_0148_,14.005µm
_1522_,14µm
_1629_,13.96µm
chip.gpu_inst.program_cache.icache.line_valid\[20\],13.96µm
chip.gpu_inst.program_cache.icache.data_mem\[27\]\[14\],13.95µm
_0129_,13.94µm
_1457_,13.92µm
_0119_,13.9µm
chip.gpu_inst.program_cache.icache.data_mem\[4\]\[14\],13.89µm
chip.gpu_inst.program_cache.icache.data_mem\[9\]\[2\],13.89µm
chip.gpu_inst.program_cache.icache.data_mem\[9\]\[6\],13.89µm
chip.gpu_inst.program_cache.icache.tag_mem\[30\]\[1\],13.89µm
chip.gpu_inst.program_cache.icache.tag_mem\[4\]\[1\],13.87µm
_1270_,13.86µm
_0263_,13.845µm
_1307_,13.84µm
net2638,13.84µm
_0340_,13.83µm
net2569,13.8µm
_0774_,13.76µm
chip.gpu_inst.program_cache.icache.data_mem\[28\]\[10\],13.73µm
_0065_,13.725µm
net2591,13.715µm
chip.gpu_inst.program_cache.icache.line_valid\[7\],13.7µm
_0190_,13.68µm
net2698,13.68µm
_0241_,13.65µm
chip.gpu_inst.program_cache.icache.data_mem\[21\]\[7\],13.65µm
chip.gpu_inst.program_cache.icache.tag_mem\[4\]\[2\],13.65µm
_1134_,13.62µm
chip.bus.ch_read_ready\[4\],13.62µm
net2565,13.615µm
net2556,13.565µm
_0609_,13.56µm
net2444,13.56µm
_0055_,13.55µm
_0411_,13.55µm
chip.gpu_inst.program_cache.icache.data_mem\[18\]\[13\],13.55µm
chip.gpu_inst.program_cache.icache.data_mem\[3\]\[12\],13.55µm
chip.gpu_inst.program_cache.icache.data_mem\[10\]\[11\],13.53µm
chip.gpu_inst.program_cache.icache.data_mem\[30\]\[8\],13.53µm
chip.bus.ch_read_address_flat\[68\],13.5µm
chip.bus.ch_write_address_flat\[67\],13.5µm
chip.gpu_inst.program_cache.icache.data_mem\[4\]\[4\],13.49µm
chip.gpu_inst.program_cache.icache.tag_mem\[19\]\[3\],13.49µm
_0125_,13.48µm
chip.bus.ch_read_address_flat\[67\],13.48µm
chip.gpu_inst.program_cache.icache.data_mem\[6\]\[15\],13.47µm
chip.gpu_inst.program_cache.icache.tag_mem\[23\]\[1\],13.47µm
chip.gpu_inst.program_cache.icache.tag_mem\[31\]\[1\],13.47µm
chip.bus.ch_read_address_flat\[47\],13.45µm
eco_buffer_1_net,13.45µm
_0120_,13.445µm
_1438_,13.44µm
chip.gpu_inst.program_cache.icache.data_mem\[23\]\[13\],13.43µm
_0785_,13.42µm
chip.gpu_inst.program_cache.icache.data_mem\[24\]\[2\],13.41µm
_0015_,13.405µm
_0434_,13.4µm
_0935_,13.38µm
net2470,13.38µm
_1384_,13.34µm
chip.gpu_inst.program_cache.icache.data_mem\[4\]\[15\],13.33µm
_0260_,13.32µm
net2492,13.315µm
_0861_,13.3µm
clknet_leaf_78_gpio_in[38]_regs,13.3µm
_1052_,13.28µm
net2506,13.28µm
net2715,13.26µm
chip.gpu_inst.program_cache.icache.data_mem\[18\]\[15\],13.23µm
chip.gpu_inst.program_cache.icache.data_mem\[28\]\[7\],13.23µm
_1609_,13.22µm
net2758,13.205µm
_0516_,13.19µm
chip.gpu_inst.program_cache.icache.data_mem\[12\]\[7\],13.19µm
net2687,13.18µm
_0093_,13.165µm
_1463_,13.16µm
chip.gpu_inst.program_cache.icache.data_mem\[3\]\[6\],13.15µm
chip.gpu_inst.program_cache.icache.data_mem\[0\]\[0\],13.11µm
chip.gpu_inst.dcr_instance.device_control_data\[5\],13.1µm
net1081,13.08µm
_0339_,13.05µm
_1326_,13.04µm
_0209_,13.02µm
_0149_,13µm
_0232_,13µm
_0847_,13µm
_1569_,13µm
net2684,13µm
net2846,12.99µm
_0111_,12.98µm
chip.gpu_inst.program_cache.icache.data_mem\[4\]\[9\],12.97µm
chip.gpu_inst.program_cache.icache.tag_mem\[8\]\[1\],12.97µm
_0480_,12.96µm
chip.gpu_inst.program_cache.icache.data_mem\[15\]\[12\],12.95µm
chip.gpu_inst.program_cache.icache.cur_addr\[6\],12.92µm
_0097_,12.885µm
chip.gpu_inst.program_cache.icache.data_mem\[4\]\[11\],12.85µm
_0173_,12.845µm
net2417,12.845µm
net2516,12.845µm
_1271_,12.84µm
_0150_,12.825µm
_0275_,12.82µm
_0219_,12.79µm
chip.gpu_inst.program_cache.icache.data_mem\[4\]\[7\],12.79µm
chip.gpu_inst.program_cache.icache.data_mem\[7\]\[13\],12.79µm
chip.gpu_inst.program_cache.icache.data_mem\[21\]\[8\],12.77µm
net675,12.76µm
net2255,12.76µm
_0988_,12.74µm
_0496_,12.72µm
chip.gpu_inst.program_cache.icache.data_mem\[3\]\[0\],12.71µm
_0443_,12.7µm
_1414_,12.7µm
net2605,12.68µm
_1501_,12.66µm
_0016_,12.64µm
_0562_,12.64µm
net2498,12.625µm
_0772_,12.62µm
_1456_,12.62µm
_1617_,12.62µm
_0442_,12.6µm
net2547,12.585µm
_0958_,12.58µm
net2627,12.58µm
_0176_,12.575µm
chip.gpu_inst.program_cache.icache.data_mem\[13\]\[7\],12.55µm
chip.gpu_inst.program_cache.icache.data_mem\[23\]\[9\],12.55µm
chip.gpu_inst.program_cache.icache.data_mem\[6\]\[14\],12.55µm
chip.gpu_inst.program_cache.icache.data_mem\[27\]\[8\],12.53µm
_1274_,12.52µm
net2459,12.52µm
chip.gpu_inst.program_cache.icache.data_mem\[13\]\[4\],12.51µm
net2526,12.5µm
_1372_,12.48µm
_1375_,12.48µm
chip.gpu_inst.program_cache.icache.data_mem\[5\]\[7\],12.47µm
net2295,12.46µm
net2630,12.46µm
net2784,12.46µm
chip.gpu_inst.program_cache.icache.data_mem\[17\]\[4\],12.45µm
_0153_,12.44µm
_0512_,12.42µm
net2804,12.42µm
net2807,12.42µm
chip.gpu_inst.program_cache.icache.data_mem\[3\]\[8\],12.37µm
_0227_,12.36µm
chip.gpu_inst.program_cache.icache.data_mem\[21\]\[14\],12.35µm
chip.gpu_inst.program_cache.icache.data_mem\[2\]\[15\],12.35µm
net2387,12.345µm
net2668,12.34µm
net2400,12.325µm
_1442_,12.32µm
chip.gpu_inst.program_cache.icache.data_mem\[13\]\[3\],12.31µm
chip.gpu_inst.program_cache.icache.data_mem\[16\]\[7\],12.31µm
chip.gpu_inst.program_cache.icache.tag_mem\[31\]\[3\],12.31µm
_1343_,12.3µm
chip.gpu_inst.program_cache.icache.data_mem\[5\]\[15\],12.27µm
chip.gpu_inst.program_cache.icache.data_mem\[16\]\[1\],12.25µm
net2537,12.24µm
chip.gpu_inst.program_cache.icache.data_mem\[19\]\[3\],12.23µm
chip.gpu_inst.program_cache.icache.tag_mem\[6\]\[3\],12.23µm
chip.gpu_inst.program_cache.icache.data_mem\[17\]\[12\],12.21µm
_0440_,12.2µm
chip.gpu_inst.program_cache.icache.data_mem\[27\]\[3\],12.19µm
chip.gpu_inst.program_cache.icache.data_mem\[7\]\[2\],12.19µm
chip.gpu_inst.program_cache.icache.data_mem\[8\]\[9\],12.19µm
_0454_,12.18µm
_0197_,12.16µm
_0871_,12.16µm
_1336_,12.16µm
net2721,12.16µm
chip.gpu_inst.program_cache.icache.data_mem\[27\]\[7\],12.15µm
chip.gpu_inst.program_cache.icache.data_mem\[2\]\[13\],12.15µm
chip.gpu_inst.program_cache.icache.data_mem\[6\]\[4\],12.13µm
net220,12.12µm
net2472,12.12µm
_0285_,12.085µm
chip.gpu_inst.program_cache.icache.data_mem\[20\]\[8\],12.05µm
net2437,12.045µm
chip.gpu_inst.program_cache.icache.line_valid\[30\],12.04µm
chip.gpu_inst.program_cache.icache.tag_mem\[22\]\[0\],12.01µm
chip.gpu_inst.program_cache.icache.tag_mem\[9\]\[1\],12.01µm
_0645_,12µm
net2719,12µm
chip.gpu_inst.program_cache.icache.data_mem\[16\]\[4\],11.99µm
chip.gpu_inst.program_cache.icache.tag_mem\[20\]\[1\],11.99µm
_0189_,11.98µm
_1068_,11.98µm
chip.gpu_inst.program_cache.icache.tag_mem\[31\]\[2\],11.97µm
net1253,11.96µm
_0244_,11.945µm
net2590,11.94µm
net2635,11.94µm
chip.gpu_inst.program_cache.icache.data_mem\[28\]\[3\],11.93µm
_0181_,11.92µm
net231,11.92µm
chip.gpu_inst.program_cache.icache.data_mem\[12\]\[6\],11.89µm
chip.gpu_inst.program_cache.icache.data_mem\[20\]\[6\],11.89µm
chip.gpu_inst.program_cache.icache.tag_mem\[21\]\[2\],11.89µm
net600,11.88µm
chip.gpu_inst.program_cache.icache.line_valid\[26\],11.86µm
chip.gpu_inst.program_cache.icache.data_mem\[20\]\[9\],11.85µm
chip.gpu_inst.program_cache.icache.data_mem\[7\]\[3\],11.85µm
_0112_,11.84µm
_1146_,11.84µm
chip.gpu_inst.program_cache.icache.data_mem\[24\]\[13\],11.83µm
_0925_,11.8µm
chip.gpu_inst.program_cache.icache.tag_mem\[19\]\[2\],11.79µm
chip.gpu_inst.program_cache.icache.data_mem\[23\]\[10\],11.78µm
net2558,11.78µm
net2593,11.78µm
net2493,11.775µm
chip.gpu_inst.program_cache.icache.data_mem\[17\]\[2\],11.77µm
chip.gpu_inst.program_cache.icache.data_mem\[2\]\[6\],11.75µm
chip.gpu_inst.program_cache.icache.data_mem\[10\]\[2\],11.73µm
chip.gpu_inst.dcr_instance.device_control_data\[4\],11.72µm
net2298,11.72µm
_0145_,11.705µm
_0081_,11.7µm
_0321_,11.7µm
_1090_,11.7µm
chip.gpu_inst.program_cache.icache.data_mem\[8\]\[15\],11.67µm
chip.gpu_inst.program_cache.icache.tag_mem\[22\]\[1\],11.67µm
_0996_,11.66µm
net2681,11.66µm
chip.gpu_inst.program_cache.icache.data_mem\[0\]\[10\],11.63µm
chip.gpu_inst.program_cache.icache.data_mem\[23\]\[0\],11.63µm
chip.gpu_inst.program_cache.icache.tag_mem\[4\]\[3\],11.63µm
_0505_,11.62µm
_1096_,11.62µm
chip.gpu_inst.program_cache.icache.line_valid\[25\],11.62µm
_0818_,11.58µm
_1272_,11.58µm
_1273_,11.58µm
net2368,11.58µm
_0234_,11.54µm
chip.gpu_inst.program_cache.icache.data_mem\[22\]\[6\],11.53µm
chip.gpu_inst.dcr_instance.device_conrol_register\[2\],11.48µm
_0291_,11.47µm
chip.gpu_inst.program_cache.icache.data_mem\[29\]\[5\],11.47µm
_0126_,11.46µm
_0606_,11.46µm
_0410_,11.43µm
chip.gpu_inst.program_cache.icache.data_mem\[7\]\[0\],11.43µm
_1652_,11.41µm
_1060_,11.4µm
chip.gpu_inst.program_cache.icache.line_valid\[22\],11.4µm
chip.gpu_inst.program_cache.icache.data_mem\[11\]\[11\],11.39µm
chip.gpu_inst.program_cache.icache.tag_mem\[12\]\[2\],11.39µm
chip.gpu_inst.program_cache.icache.data_mem\[30\]\[1\],11.37µm
chip.gpu_inst.program_cache.icache.data_mem\[29\]\[0\],11.35µm
_0124_,11.32µm
net2302,11.32µm
_0341_,11.31µm
_0370_,11.31µm
chip.gpu_inst.program_cache.icache.data_mem\[25\]\[6\],11.31µm
chip.gpu_inst.program_cache.icache.data_mem\[28\]\[2\],11.31µm
net232,11.3µm
_0859_,11.28µm
_1536_,11.28µm
net2839,11.28µm
chip.gpu_inst.program_cache.icache.data_mem\[18\]\[7\],11.27µm
chip.gpu_inst.program_cache.icache.data_mem\[19\]\[14\],11.27µm
chip.gpu_inst.program_cache.icache.data_mem\[25\]\[12\],11.27µm
_0115_,11.26µm
_1611_,11.26µm
chip.gpu_inst.program_cache.icache.data_mem\[16\]\[0\],11.25µm
chip.gpu_inst.program_cache.icache.data_mem\[30\]\[0\],11.25µm
net2390,11.245µm
_0208_,11.24µm
_1640_,11.24µm
net2481,11.24µm
chip.gpu_inst.program_cache.icache.data_mem\[29\]\[6\],11.21µm
chip.gpu_inst.program_cache.icache.data_mem\[31\]\[14\],11.21µm
chip.gpu_inst.program_cache.icache.data_mem\[5\]\[13\],11.21µm
chip.gpu_inst.program_cache.icache.data_mem\[5\]\[8\],11.21µm
_0568_,11.2µm
net2271,11.18µm
net2532,11.175µm
_1166_,11.16µm
_1441_,11.16µm
chip.bus.ch_read_address_flat\[6\],11.16µm
clknet_leaf_120_gpio_in[38]_regs,11.16µm
_0201_,11.14µm
chip.gpu_inst.program_cache.icache.data_mem\[8\]\[5\],11.13µm
_0863_,11.12µm
_1575_,11.12µm
chip.gpu_inst.program_cache.icache.data_mem\[2\]\[1\],11.11µm
_0500_,11.09µm
chip.gpu_inst.program_cache.icache.data_mem\[21\]\[13\],11.09µm
chip.gpu_inst.program_cache.icache.data_mem\[5\]\[11\],11.09µm
chip.gpu_inst.program_cache.icache.data_mem\[17\]\[6\],11.05µm
_1615_,11.04µm
net274,11.04µm
_1454_,11.02µm
_1553_,11.02µm
net2692,11.02µm
_0172_,11µm
_0973_,11µm
chip.gpu_inst.dcr_instance.device_conrol_register\[1\],11µm
_0123_,10.98µm
_0747_,10.98µm
_1425_,10.98µm
chip.gpu_inst.program_cache.icache.data_mem\[28\]\[9\],10.97µm
_1081_,10.96µm
chip.gpu_inst.program_cache.icache.data_mem\[6\]\[8\],10.95µm
chip.gpu_inst.program_cache.icache.data_mem\[20\]\[0\],10.93µm
chip.gpu_inst.program_cache.icache.data_mem\[31\]\[15\],10.93µm
chip.gpu_inst.program_cache.icache.tag_mem\[7\]\[2\],10.93µm
_0748_,10.92µm
_1191_,10.92µm
net2643,10.92µm
_1607_,10.9µm
net2375,10.9µm
_0332_,10.89µm
chip.gpu_inst.program_cache.icache.data_mem\[11\]\[9\],10.89µm
chip.gpu_inst.program_cache.icache.data_mem\[12\]\[15\],10.87µm
net2388,10.865µm
_0242_,10.86µm
_0464_,10.86µm
net2855,10.86µm
chip.gpu_inst.program_cache.icache.data_mem\[11\]\[4\],10.85µm
net2397,10.835µm
chip.gpu_inst.program_cache.icache.data_mem\[0\]\[5\],10.83µm
_0436_,10.82µm
chip.gpu_inst.program_cache.icache.data_mem\[18\]\[0\],10.79µm
chip.gpu_inst.program_cache.icache.data_mem\[1\]\[5\],10.79µm
chip.launch_state\[3\],10.78µm
net2827,10.76µm
chip.gpu_inst.program_cache.icache.data_mem\[20\]\[11\],10.75µm
_1465_,10.74µm
_1262_,10.71µm
chip.gpu_inst.program_cache.icache.data_mem\[9\]\[4\],10.71µm
chip.gpu_inst.program_cache.icache.data_mem\[13\]\[5\],10.67µm
chip.gpu_inst.program_cache.icache.data_mem\[26\]\[2\],10.67µm
net2616,10.66µm
chip.gpu_inst.program_cache.icache.data_mem\[24\]\[14\],10.63µm
_1171_,10.62µm
chip.gpu_inst.program_cache.icache.data_mem\[20\]\[7\],10.61µm
chip.gpu_inst.program_cache.icache.tag_mem\[21\]\[0\],10.61µm
_0133_,10.6µm
_0071_,10.58µm
_0698_,10.58µm
_1470_,10.58µm
chip.gpu_inst.program_cache.icache.line_valid\[4\],10.58µm
net2798,10.58µm
_1597_,10.575µm
_0127_,10.54µm
chip.gpu_inst.program_cache.icache.data_mem\[3\]\[14\],10.51µm
_0278_,10.505µm
_0146_,10.48µm
_1071_,10.48µm
chip.gpu_inst.program_cache.icache.data_mem\[6\]\[13\],10.47µm
net2790,10.46µm
_0902_,10.44µm
chip.gpu_inst.program_cache.icache.cur_addr\[5\],10.44µm
chip.gpu_inst.program_cache.icache.tag_mem\[2\]\[3\],10.41µm
chip.gpu_inst.program_cache.icache.tag_mem\[30\]\[2\],10.41µm
net2817,10.405µm
chip.gpu_inst.program_cache.icache.data_mem\[19\]\[12\],10.39µm
chip.gpu_inst.program_cache.icache.data_mem\[21\]\[10\],10.39µm
chip.gpu_inst.program_cache.icache.data_mem\[5\]\[9\],10.39µm
clknet_leaf_158_gpio_in[38]_regs,10.38µm
_0957_,10.36µm
_1635_,10.36µm
chip.gpu_inst.program_cache.icache.data_mem\[5\]\[12\],10.35µm
_1596_,10.34µm
chip.gpu_inst.program_cache.icache.data_mem\[2\]\[14\],10.33µm
_0968_,10.32µm
_1517_,10.32µm
chip.gpu_inst.dcr_instance.device_conrol_register\[0\],10.32µm
net2702,10.32µm
chip.gpu_inst.program_cache.icache.data_mem\[27\]\[1\],10.31µm
_1226_,10.3µm
net680,10.3µm
_1290_,10.28µm
net2873,10.28µm
net2389,10.26µm
chip.gpu_inst.program_cache.icache.data_mem\[9\]\[5\],10.25µm
_0253_,10.245µm
net2374,10.245µm
_1410_,10.24µm
_0073_,10.22µm
_1458_,10.22µm
chip.gpu_inst.program_cache.icache.data_mem\[8\]\[8\],10.21µm
_0012_,10.2µm
_0876_,10.2µm
_0995_,10.2µm
net2587,10.2µm
chip.gpu_inst.program_cache.icache.data_mem\[28\]\[12\],10.19µm
_0905_,10.18µm
net2666,10.18µm
_0335_,10.17µm
chip.gpu_inst.program_cache.icache.tag_mem\[21\]\[1\],10.17µm
net2453,10.16µm
net2609,10.16µm
chip.gpu_inst.program_cache.icache.tag_mem\[3\]\[1\],10.15µm
net2570,10.14µm
net796,10.12µm
chip.gpu_inst.program_cache.icache.data_mem\[7\]\[10\],10.09µm
chip.gpu_inst.program_cache.icache.tag_mem\[30\]\[3\],10.09µm
_0102_,10.08µm
_0207_,10.08µm
net2419,10.075µm
net1002,10.05µm
chip.gpu_inst.program_cache.icache.data_mem\[9\]\[14\],10.01µm
_0447_,10µm
_1006_,10µm
net2300,9.98µm
chip.gpu_inst.program_cache.icache.data_mem\[14\]\[11\],9.95µm
_0428_,9.94µm
_0857_,9.94µm
net2401,9.94µm
chip.gpu_inst.program_cache.icache.data_mem\[26\]\[8\],9.93µm
chip.gpu_inst.program_cache.icache.tag_mem\[26\]\[3\],9.93µm
_0264_,9.925µm
_1164_,9.92µm
chip.gpu_inst.program_cache.icache.data_mem\[18\]\[1\],9.91µm
chip.gpu_inst.program_cache.icache.data_mem\[2\]\[12\],9.91µm
chip.gpu_inst.program_cache.icache.tag_mem\[26\]\[1\],9.91µm
_0272_,9.905µm
net2378,9.905µm
_1572_,9.9µm
chip.gpu_inst.program_cache.icache.data_mem\[27\]\[2\],9.87µm
chip.gpu_inst.program_cache.icache.data_mem\[3\]\[15\],9.87µm
_0634_,9.86µm
_0926_,9.86µm
net2275,9.86µm
net2512,9.84µm
chip.gpu_inst.program_cache.icache.data_mem\[29\]\[8\],9.83µm
chip.gpu_inst.program_cache.icache.data_mem\[30\]\[11\],9.83µm
_1231_,9.82µm
net2710,9.82µm
_0088_,9.8µm
_0222_,9.8µm
chip.gpu_inst.program_cache.icache.data_mem\[4\]\[8\],9.79µm
_0270_,9.785µm
chip.gpu_inst.program_cache.icache.line_valid\[5\],9.78µm
net2538,9.78µm
chip.gpu_inst.program_cache.icache.data_mem\[0\]\[3\],9.77µm
net2647,9.76µm
chip.gpu_inst.program_cache.icache.data_mem\[31\]\[2\],9.75µm
chip.gpu_inst.program_cache.icache.data_mem\[9\]\[1\],9.75µm
net2585,9.745µm
_0844_,9.74µm
chip.bus.ch_read_address_flat\[5\],9.74µm
_0261_,9.72µm
net2541,9.72µm
_1101_,9.7µm
_0408_,9.67µm
_1135_,9.64µm
chip.gpu_inst.program_cache.icache.data_mem\[7\]\[5\],9.63µm
chip.gpu_inst.program_cache.icache.consumer_read_data_flat\[15\],9.62µm
net2806,9.6µm
chip.gpu_inst.program_cache.icache.data_mem\[29\]\[12\],9.59µm
net2868,9.58µm
_0220_,9.555µm
chip.gpu_inst.program_cache.icache.data_mem\[20\]\[2\],9.55µm
chip.gpu_inst.program_cache.icache.data_mem\[22\]\[3\],9.55µm
chip.gpu_inst.program_cache.icache.data_mem\[23\]\[6\],9.55µm
_0880_,9.54µm
net2673,9.54µm
net2382,9.525µm
_1209_,9.52µm
_0346_,9.51µm
chip.gpu_inst.program_cache.icache.data_mem\[16\]\[15\],9.49µm
chip.gpu_inst.program_cache.icache.data_mem\[17\]\[5\],9.49µm
chip.gpu_inst.program_cache.icache.data_mem\[1\]\[14\],9.49µm
net2514,9.48µm
net2659,9.48µm
net2856,9.48µm
net2857,9.48µm
chip.gpu_inst.program_cache.icache.data_mem\[8\]\[13\],9.47µm
chip.gpu_inst.program_cache.icache.data_mem\[1\]\[13\],9.45µm
_1266_,9.44µm
chip.gpu_inst.program_cache.icache.data_mem\[26\]\[7\],9.43µm
net2521,9.425µm
_0113_,9.42µm
_0917_,9.42µm
_1264_,9.42µm
net2309,9.42µm
chip.gpu_inst.program_cache.icache.tag_mem\[28\]\[3\],9.41µm
_0284_,9.405µm
net2579,9.4µm
chip.gpu_inst.program_cache.icache.data_mem\[7\]\[12\],9.37µm
_0155_,9.365µm
_1056_,9.36µm
net2705,9.36µm
net2425,9.285µm
net2457,9.285µm
_0749_,9.28µm
net2752,9.28µm
net2882,9.28µm
chip.gpu_inst.program_cache.icache.data_mem\[13\]\[12\],9.25µm
net2802,9.24µm
net2828,9.24µm
net2507,9.2µm
chip.gpu_inst.program_cache.icache.data_mem\[21\]\[3\],9.19µm
chip.gpu_inst.program_cache.icache.data_mem\[19\]\[0\],9.17µm
_0217_,9.16µm
_0273_,9.16µm
net2279,9.16µm
_0188_,9.14µm
_0221_,9.14µm
_1070_,9.14µm
_1649_,9.14µm
_0136_,9.125µm
_0090_,9.105µm
net2623,9.08µm
net2689,9.08µm
net2581,9.06µm
chip.gpu_inst.program_cache.icache.data_mem\[14\]\[7\],9.05µm
chip.gpu_inst.program_cache.icache.data_mem\[1\]\[6\],9.05µm
chip.gpu_inst.program_cache.icache.data_mem\[3\]\[13\],9.05µm
chip.gpu_inst.program_cache.icache.tag_mem\[24\]\[2\],9.05µm
_0006_,9.04µm
chip.gpu_inst.program_cache.icache.data_mem\[19\]\[5\],9.03µm
chip.gpu_inst.program_cache.icache.data_mem\[26\]\[0\],9.03µm
_1437_,9.02µm
net20,9.02µm
net2729,9.02µm
chip.gpu_inst.program_cache.icache.data_mem\[24\]\[3\],9.01µm
chip.gpu_inst.program_cache.icache.data_mem\[24\]\[7\],9.01µm
chip.gpu_inst.program_cache.icache.data_mem\[8\]\[3\],9.01µm
_0650_,8.98µm
_1450_,8.98µm
chip.gpu_inst.program_cache.icache.data_mem\[18\]\[12\],8.97µm
chip.gpu_inst.program_cache.icache.data_mem\[20\]\[5\],8.97µm
chip.gpu_inst.program_cache.icache.tag_mem\[22\]\[2\],8.97µm
net2422,8.96µm
chip.gpu_inst.program_cache.icache.data_mem\[5\]\[6\],8.95µm
_1574_,8.94µm
net2536,8.94µm
chip.gpu_inst.program_cache.icache.data_mem\[14\]\[15\],8.91µm
chip.gpu_inst.program_cache.icache.data_mem\[23\]\[15\],8.91µm
net2391,8.905µm
chip.gpu_inst.program_cache.icache.data_mem\[22\]\[13\],8.87µm
chip.gpu_inst.program_cache.icache.data_mem\[29\]\[4\],8.87µm
chip.gpu_inst.program_cache.icache.tag_mem\[15\]\[1\],8.87µm
net2567,8.865µm
_1540_,8.86µm
chip.gpu_inst.program_cache.icache.consumer_read_data_flat\[0\],8.86µm
_0348_,8.81µm
_0269_,8.8µm
net602,8.8µm
net2741,8.8µm
_0397_,8.79µm
_1482_,8.78µm
net2329,8.78µm
net2645,8.78µm
net2575,8.74µm
net2284,8.72µm
net2597,8.685µm
net2495,8.665µm
net2304,8.66µm
chip.gpu_inst.program_cache.icache.tag_mem\[16\]\[0\],8.63µm
_0231_,8.62µm
_0987_,8.62µm
chip.gpu_inst.program_cache.icache.data_mem\[9\]\[7\],8.61µm
_0804_,8.6µm
chip.gpu_inst.program_cache.icache.data_mem\[11\]\[13\],8.59µm
net2471,8.58µm
chip.gpu_inst.program_cache.icache.data_mem\[27\]\[0\],8.57µm
_1560_,8.56µm
chip.gpu_inst.program_cache.icache.line_valid\[21\],8.56µm
net2871,8.56µm
chip.gpu_inst.program_cache.icache.data_mem\[0\]\[1\],8.55µm
chip.gpu_inst.program_cache.icache.data_mem\[27\]\[11\],8.55µm
chip.gpu_inst.program_cache.icache.data_mem\[30\]\[15\],8.55µm
chip.gpu_inst.program_cache.icache.data_mem\[5\]\[0\],8.55µm
net2515,8.525µm
chip.gpu_inst.program_cache.icache.data_mem\[13\]\[2\],8.51µm
_0128_,8.5µm
net2578,8.5µm
chip.gpu_inst.program_cache.icache.data_mem\[2\]\[9\],8.49µm
chip.gpu_inst.program_cache.icache.tag_mem\[27\]\[2\],8.49µm
_0229_,8.48µm
_1237_,8.48µm
chip.gpu_inst.program_cache.icache.consumer_read_data_flat\[13\],8.48µm
net2510,8.48µm
net2589,8.48µm
net2696,8.48µm
net2780,8.48µm
net2657,8.46µm
chip.gpu_inst.program_cache.icache.data_mem\[12\]\[2\],8.45µm
chip.gpu_inst.program_cache.icache.data_mem\[22\]\[9\],8.45µm
chip.gpu_inst.program_cache.icache.data_mem\[4\]\[5\],8.45µm
_1606_,8.44µm
net2733,8.44µm
_0174_,8.4µm
chip.gpu_inst.program_cache.icache.state\[1\],8.4µm
_0334_,8.39µm
_0258_,8.38µm
net2480,8.38µm
chip.gpu_inst.program_cache.icache.data_mem\[6\]\[2\],8.37µm
chip.gpu_inst.program_cache.icache.tag_mem\[15\]\[0\],8.37µm
_0855_,8.36µm
_1634_,8.34µm
chip.gpu_inst.program_cache.icache.tag_mem\[4\]\[0\],8.33µm
net166,8.32µm
net2306,8.32µm
net2694,8.285µm
net2686,8.28µm
net2713,8.28µm
_0078_,8.26µm
_0594_,8.26µm
chip.gpu_inst.program_cache.icache.data_mem\[21\]\[2\],8.25µm
chip.gpu_inst.program_cache.icache.data_mem\[25\]\[9\],8.25µm
_0240_,8.22µm
_0277_,8.22µm
chip.gpu_inst.program_cache.icache.data_mem\[15\]\[0\],8.17µm
net2554,8.16µm
chip.gpu_inst.program_cache.icache.data_mem\[26\]\[3\],8.15µm
chip.gpu_inst.program_cache.icache.data_mem\[27\]\[13\],8.15µm
chip.gpu_inst.program_cache.icache.data_mem\[3\]\[5\],8.15µm
_1269_,8.14µm
net2669,8.14µm
net2676,8.14µm
chip.gpu_inst.program_cache.icache.data_mem\[12\]\[13\],8.13µm
chip.gpu_inst.program_cache.icache.data_mem\[3\]\[4\],8.13µm
chip.gpu_inst.program_cache.icache.tag_mem\[18\]\[0\],8.13µm
net2594,8.115µm
chip.gpu_inst.program_cache.icache.tag_mem\[18\]\[2\],8.11µm
_0586_,8.1µm
_1472_,8.1µm
net2768,8.1µm
_0899_,8.09µm
chip.gpu_inst.program_cache.icache.data_mem\[17\]\[1\],8.09µm
chip.gpu_inst.program_cache.icache.data_mem\[22\]\[8\],8.09µm
chip.gpu_inst.program_cache.icache.data_mem\[0\]\[2\],8.07µm
chip.gpu_inst.program_cache.icache.data_mem\[10\]\[0\],8.07µm
chip.gpu_inst.program_cache.icache.data_mem\[12\]\[4\],8.07µm
chip.gpu_inst.program_cache.icache.data_mem\[2\]\[11\],8.07µm
chip.gpu_inst.program_cache.icache.tag_mem\[11\]\[3\],8.07µm
_1161_,8.06µm
_1190_,8.04µm
_0720_,8.02µm
_0994_,8.02µm
_1229_,8.02µm
net793,8.02µm
chip.gpu_inst.program_cache.icache.data_mem\[20\]\[12\],7.99µm
chip.gpu_inst.program_cache.icache.data_mem\[22\]\[1\],7.99µm
_0682_,7.98µm
_1662_,7.98µm
chip.gpu_inst.program_cache.icache.line_valid\[24\],7.98µm
net13,7.98µm
net2502,7.98µm
net2725,7.98µm
_1443_,7.965µm
chip.gpu_inst.program_cache.icache.data_mem\[23\]\[4\],7.95µm
chip.gpu_inst.program_cache.icache.tag_mem\[14\]\[1\],7.95µm
net2573,7.945µm
_0724_,7.94µm
_1234_,7.94µm
_1248_,7.94µm
net729,7.94µm
net2664,7.94µm
chip.gpu_inst.program_cache.icache.data_mem\[15\]\[13\],7.93µm
chip.gpu_inst.program_cache.icache.data_mem\[18\]\[8\],7.93µm
net2469,7.92µm
net2518,7.92µm
chip.gpu_inst.program_cache.icache.data_mem\[17\]\[3\],7.91µm
net2325,7.9µm
net2655,7.9µm
chip.gpu_inst.program_cache.icache.data_mem\[31\]\[5\],7.89µm
_1222_,7.86µm
net2617,7.86µm
net2636,7.86µm
net2649,7.86µm
chip.gpu_inst.program_cache.icache.data_mem\[14\]\[8\],7.83µm
_0532_,7.82µm
_0944_,7.82µm
net2633,7.82µm
_0283_,7.805µm
chip.gpu_inst.program_cache.icache.data_mem\[15\]\[7\],7.79µm
chip.gpu_inst.program_cache.icache.data_mem\[23\]\[8\],7.79µm
chip.gpu_inst.program_cache.icache.data_mem\[6\]\[1\],7.79µm
chip.gpu_inst.program_cache.icache.data_mem\[19\]\[4\],7.78µm
net2805,7.78µm
net2611,7.775µm
chip.gpu_inst.program_cache.icache.data_mem\[14\]\[10\],7.71µm
chip.gpu_inst.program_cache.icache.tag_mem\[5\]\[1\],7.71µm
net2433,7.705µm
net1658,7.7µm
chip.gpu_inst.program_cache.icache.tag_mem\[17\]\[0\],7.69µm
chip.gpu_inst.program_cache.icache.tag_mem\[17\]\[1\],7.69µm
chip.gpu_inst.program_cache.icache.data_mem\[16\]\[10\],7.67µm
chip.gpu_inst.program_cache.icache.tag_mem\[16\]\[1\],7.67µm
chip.gpu_inst.program_cache.icache.tag_mem\[29\]\[2\],7.67µm
net200,7.66µm
chip.gpu_inst.program_cache.icache.data_mem\[17\]\[0\],7.65µm
chip.gpu_inst.program_cache.icache.data_mem\[19\]\[1\],7.65µm
chip.gpu_inst.program_cache.icache.data_mem\[19\]\[2\],7.65µm
chip.gpu_inst.program_cache.icache.data_mem\[1\]\[12\],7.65µm
_0271_,7.645µm
_1613_,7.64µm
chip.gpu_inst.program_cache.icache.data_mem\[18\]\[3\],7.63µm
net2310,7.62µm
net2408,7.615µm
chip.gpu_inst.program_cache.icache.data_mem\[0\]\[14\],7.61µm
chip.gpu_inst.program_cache.icache.data_mem\[0\]\[9\],7.61µm
chip.gpu_inst.program_cache.icache.data_mem\[14\]\[4\],7.61µm
_0075_,7.605µm
_0017_,7.6µm
chip.bus.ch_read_data\[3\],7.6µm
chip.gpu_inst.program_cache.icache.data_mem\[12\]\[14\],7.59µm
chip.gpu_inst.program_cache.icache.tag_mem\[17\]\[3\],7.59µm
_0021_,7.58µm
_0218_,7.58µm
_0826_,7.56µm
_1125_,7.56µm
chip.gpu_inst.program_cache.icache.data_mem\[11\]\[3\],7.55µm
chip.gpu_inst.program_cache.icache.data_mem\[25\]\[11\],7.53µm
chip.gpu_inst.program_cache.icache.tag_mem\[10\]\[1\],7.53µm
net2420,7.525µm
_0866_,7.52µm
chip.gpu_inst.program_cache.icache.data_mem\[15\]\[1\],7.49µm
chip.gpu_inst.program_cache.icache.data_mem\[5\]\[5\],7.49µm
chip.gpu_inst.program_cache.icache.tag_mem\[13\]\[0\],7.49µm
chip.gpu_inst.program_cache.icache.tag_mem\[28\]\[0\],7.49µm
chip.gpu_inst.program_cache.icache.data_mem\[18\]\[9\],7.47µm
chip.gpu_inst.program_cache.icache.tag_mem\[25\]\[2\],7.45µm
net2442,7.445µm
_0248_,7.435µm
chip.gpu_inst.program_cache.icache.tag_mem\[20\]\[0\],7.41µm
net2654,7.4µm
net2704,7.4µm
net2793,7.4µm
_0379_,7.37µm
_0143_,7.365µm
net2880,7.36µm
net2600,7.355µm
chip.gpu_inst.program_cache.icache.data_mem\[13\]\[11\],7.35µm
_0151_,7.345µm
net2407,7.345µm
_0614_,7.34µm
_0355_,7.33µm
_0955_,7.33µm
chip.gpu_inst.program_cache.icache.data_mem\[4\]\[2\],7.33µm
chip.gpu_inst.program_cache.icache.data_mem\[7\]\[9\],7.33µm
chip.gpu_inst.program_cache.icache.tag_mem\[14\]\[3\],7.33µm
chip.gpu_inst.program_cache.icache.tag_mem\[6\]\[2\],7.33µm
_0216_,7.32µm
_0755_,7.32µm
_0810_,7.32µm
net2779,7.32µm
_0246_,7.3µm
_0872_,7.3µm
_1042_,7.3µm
_1391_,7.3µm
chip.gpu_inst.program_cache.icache.data_mem\[15\]\[9\],7.29µm
chip.gpu_inst.program_cache.icache.data_mem\[22\]\[12\],7.29µm
_0528_,7.26µm
net2399,7.245µm
_1119_,7.24µm
_1242_,7.24µm
net2717,7.24µm
net2809,7.24µm
_1371_,7.22µm
net2276,7.22µm
chip.gpu_inst.program_cache.icache.data_mem\[21\]\[9\],7.21µm
net2559,7.205µm
net2829,7.2µm
chip.gpu_inst.program_cache.icache.data_mem\[2\]\[5\],7.19µm
chip.gpu_inst.program_cache.icache.data_mem\[25\]\[0\],7.17µm
_0249_,7.165µm
chip.gpu_inst.program_cache.icache.data_mem\[11\]\[10\],7.15µm
_0116_,7.145µm
gpio_in[38]_regs,7.14µm
chip.gpu_inst.program_cache.icache.data_mem\[9\]\[10\],7.13µm
chip.dcr_we,7.12µm
chip.gpu_inst.program_cache.icache.data_mem\[21\]\[12\],7.11µm
_1481_,7.1µm
net2303,7.1µm
net2505,7.1µm
net2513,7.095µm
_0135_,7.08µm
chip.gpu_inst.program_cache.icache.data_mem\[28\]\[4\],7.07µm
chip.gpu_inst.program_cache.icache.data_mem\[7\]\[6\],7.07µm
_1240_,7.06µm
_1249_,7.045µm
_1360_,7.04µm
_0014_,7.02µm
net2653,7µm
chip.gpu_inst.program_cache.icache.data_mem\[20\]\[1\],6.99µm
net151,6.98µm
_0279_,6.945µm
_1633_,6.94µm
chip.gpu_inst.program_cache.icache.line_valid\[29\],6.94µm
net2788,6.94µm
_0396_,6.89µm
net2410,6.885µm
_0950_,6.88µm
_0990_,6.88µm
_1112_,6.88µm
chip.gpu_inst.program_cache.icache.data_mem\[17\]\[13\],6.88µm
net2509,6.88µm
net2613,6.88µm
chip.gpu_inst.program_cache.icache.tag_mem\[29\]\[3\],6.87µm
_0036_,6.84µm
chip.bus.state\[3\],6.84µm
chip.gpu_inst.program_cache.icache.tag_mem\[11\]\[0\],6.83µm
chip.gpu_inst.program_cache.icache.tag_mem\[0\]\[1\],6.81µm
net2454,6.765µm
_0567_,6.76µm
net2831,6.76µm
chip.gpu_inst.program_cache.icache.data_mem\[14\]\[6\],6.75µm
chip.gpu_inst.program_cache.icache.data_mem\[16\]\[3\],6.73µm
chip.gpu_inst.program_cache.icache.tag_mem\[24\]\[0\],6.73µm
_1527_,6.72µm
chip.gpu_inst.program_cache.icache.data_mem\[2\]\[3\],6.71µm
chip.gpu_inst.program_cache.icache.tag_mem\[24\]\[1\],6.71µm
chip.gpu_inst.program_cache.icache.data_mem\[18\]\[2\],6.69µm
chip.gpu_inst.program_cache.icache.data_mem\[2\]\[10\],6.69µm
_0098_,6.685µm
chip.gpu_inst.program_cache.icache.tag_mem\[29\]\[1\],6.645µm
_0109_,6.64µm
chip.bus.ch_read_data\[5\],6.64µm
net2634,6.64µm
net2726,6.64µm
net2879,6.64µm
_0142_,6.625µm
chip.gpu_inst.program_cache.icache.data_mem\[31\]\[12\],6.61µm
_0504_,6.6µm
chip.bus.ch_read_data\[10\],6.6µm
chip.gpu_inst.program_cache.icache.data_mem\[29\]\[10\],6.55µm
net2386,6.54µm
net2463,6.54µm
net2576,6.54µm
net2402,6.525µm
net2652,6.52µm
net2771,6.52µm
net2436,6.5µm
net2607,6.485µm
_0790_,6.48µm
_1559_,6.48µm
net2572,6.48µm
net2584,6.48µm
net2430,6.465µm
net39,6.44µm
net2700,6.44µm
_0570_,6.42µm
chip.gpu_inst.program_cache.icache.data_mem\[15\]\[14\],6.41µm
chip.gpu_inst.program_cache.icache.data_mem\[9\]\[11\],6.41µm
net967,6.4µm
net2670,6.39µm
_0018_,6.38µm
net2525,6.355µm
net2744,6.355µm
net2384,6.345µm
net794,6.32µm
chip.gpu_inst.program_cache.icache.data_mem\[8\]\[1\],6.31µm
net2625,6.31µm
_1028_,6.3µm
net2511,6.3µm
net2580,6.3µm
net2582,6.3µm
net2615,6.3µm
chip.gpu_inst.program_cache.icache.data_mem\[16\]\[9\],6.29µm
chip.gpu_inst.program_cache.icache.data_mem\[2\]\[2\],6.29µm
chip.gpu_inst.program_cache.icache.data_mem\[14\]\[2\],6.27µm
chip.gpu_inst.program_cache.icache.data_mem\[19\]\[13\],6.27µm
net2529,6.265µm
_1436_,6.26µm
net221,6.26µm
net2251,6.26µm
net2745,6.26µm
net2392,6.24µm
_0007_,6.225µm
net2527,6.22µm
chip.gpu_inst.program_cache.icache.data_mem\[21\]\[11\],6.21µm
chip.gpu_inst.program_cache.icache.data_mem\[9\]\[3\],6.21µm
chip.gpu_inst.program_cache.icache.tag_mem\[17\]\[2\],6.21µm
chip.gpu_inst.program_cache.icache.tag_mem\[19\]\[1\],6.21µm
_1280_,6.18µm
net2319,6.18µm
net2815,6.18µm
_1140_,6.17µm
chip.gpu_inst.program_cache.icache.data_mem\[22\]\[0\],6.15µm
net2504,6.145µm
_1593_,6.14µm
chip.bus.ch_read_data\[14\],6.14µm
net2881,6.14µm
net2428,6.105µm
chip.gpu_inst.program_cache.icache.data_mem\[20\]\[10\],6.09µm
chip.gpu_inst.program_cache.icache.data_mem\[22\]\[15\],6.09µm
chip.launch_count\[0\],6.06µm
net2629,6.02µm
_1232_,5.98µm
net2816,5.98µm
_1236_,5.96µm
_1545_,5.96µm
chip.gpu_inst.core_block_id_flat\[23\],5.96µm
net2466,5.96µm
_0400_,5.95µm
chip.gpu_inst.program_cache.icache.data_mem\[15\]\[5\],5.95µm
chip.gpu_inst.program_cache.icache.tag_mem\[13\]\[2\],5.95µm
_0210_,5.92µm
_0502_,5.92µm
chip.gpu_inst.program_cache.icache.data_mem\[30\]\[7\],5.91µm
chip.gpu_inst.program_cache.icache.data_mem\[31\]\[9\],5.91µm
net2291,5.86µm
chip.gpu_inst.program_cache.icache.tag_mem\[18\]\[1\],5.85µm
chip.gpu_inst.program_cache.icache.tag_mem\[3\]\[2\],5.85µm
_1497_,5.84µm
chip.gpu_inst.program_cache.icache.data_mem\[19\]\[15\],5.83µm
chip.gpu_inst.program_cache.icache.tag_mem\[0\]\[0\],5.83µm
_0991_,5.82µm
chip.gpu_inst.program_cache.icache.data_mem\[24\]\[8\],5.81µm
chip.gpu_inst.program_cache.icache.tag_mem\[12\]\[0\],5.81µm
chip.gpu_inst.program_cache.icache.tag_mem\[13\]\[1\],5.81µm
net2631,5.81µm
chip.gpu_inst.program_cache.icache.data_mem\[15\]\[8\],5.79µm
chip.gpu_inst.program_cache.icache.data_mem\[3\]\[2\],5.75µm
_0862_,5.72µm
_1365_,5.72µm
net2528,5.72µm
chip.gpu_inst.program_cache.icache.data_mem\[29\]\[7\],5.71µm
chip.gpu_inst.program_cache.icache.data_mem\[8\]\[0\],5.71µm
_0259_,5.705µm
chip.gpu_inst.program_cache.icache.data_mem\[12\]\[5\],5.69µm
chip.gpu_inst.program_cache.icache.data_mem\[14\]\[3\],5.69µm
_0815_,5.68µm
_1418_,5.68µm
chip.bus.ch_read_data\[4\],5.68µm
chip.gpu_inst.program_cache.icache.consumer_read_ready\[2\],5.68µm
net2489,5.645µm
_0178_,5.64µm
_0205_,5.605µm
_1362_,5.6µm
net2311,5.6µm
net2552,5.6µm
net2568,5.6µm
net2773,5.6µm
chip.gpu_inst.program_cache.icache.data_mem\[5\]\[14\],5.59µm
_0254_,5.58µm
chip.gpu_inst.program_cache.icache.data_mem\[11\]\[8\],5.57µm
net2872,5.56µm
net2760,5.555µm
_1299_,5.52µm
_0507_,5.5µm
net2451,5.5µm
net2561,5.5µm
chip.gpu_inst.program_cache.icache.data_mem\[20\]\[4\],5.49µm
chip.gpu_inst.program_cache.icache.data_mem\[31\]\[10\],5.49µm
net968,5.48µm
net2644,5.48µm
net2859,5.48µm
_0175_,5.46µm
_0276_,5.46µm
_1072_,5.46µm
chip.bus.ch_read_ready\[1\],5.46µm
chip.gpu_inst.program_cache.icache.line_valid\[27\],5.46µm
chip.gpu_inst.program_cache.icache.tag_mem\[14\]\[2\],5.45µm
chip.gpu_inst.program_cache.icache.tag_mem\[30\]\[0\],5.45µm
net2484,5.435µm
_1224_,5.4µm
_1243_,5.4µm
net2610,5.4µm
net2727,5.38µm
net2778,5.38µm
net2803,5.38µm
chip.gpu_inst.program_cache.icache.data_mem\[1\]\[15\],5.37µm
chip.gpu_inst.program_cache.icache.data_mem\[25\]\[13\],5.37µm
chip.gpu_inst.program_cache.icache.data_mem\[9\]\[0\],5.37µm
net2783,5.36µm
chip.gpu_inst.program_cache.icache.data_mem\[0\]\[13\],5.35µm
chip.gpu_inst.program_cache.icache.data_mem\[8\]\[7\],5.35µm
_0230_,5.34µm
_1126_,5.34µm
_1305_,5.34µm
net2334,5.34µm
net2812,5.34µm
net2663,5.315µm
_0356_,5.29µm
_0255_,5.28µm
_1251_,5.28µm
net2338,5.28µm
chip.gpu_inst.program_cache.icache.data_mem\[11\]\[14\],5.27µm
chip.gpu_inst.program_cache.icache.data_mem\[14\]\[5\],5.27µm
_0198_,5.26µm
_1069_,5.26µm
chip.bus.cur\[0\],5.26µm
chip.gpu_inst.program_cache.icache.tag_mem\[10\]\[2\],5.26µm
net2847,5.26µm
_1541_,5.22µm
_0144_,5.185µm
net2393,5.185µm
chip.gpu_inst.program_cache.icache.data_mem\[11\]\[6\],5.17µm
_0267_,5.16µm
chip.gpu_inst.program_cache.icache.data_mem\[0\]\[4\],5.15µm
net2258,5.12µm
chip.gpu_inst.program_cache.icache.data_mem\[12\]\[8\],5.11µm
net2488,5.1µm
net2813,5.1µm
net2398,5.06µm
net2863,5.06µm
_1324_,5.04µm
chip.gpu_inst.core_start\[0\],5.04µm
_0558_,5.02µm
net1625,5.02µm
net2254,5.02µm
net2343,5.02µm
_1594_,5µm
net2759,4.995µm
chip.gpu_inst.program_cache.icache.data_mem\[12\]\[0\],4.99µm
chip.gpu_inst.program_cache.icache.data_mem\[15\]\[2\],4.99µm
_0897_,4.97µm
chip.bus.ch_read_data\[8\],4.94µm
chip.gpu_inst.program_cache.icache.consumer_read_ready\[3\],4.94µm
net2826,4.94µm
chip.gpu_inst.program_cache.icache.data_mem\[0\]\[8\],4.93µm
chip.gpu_inst.program_cache.icache.data_mem\[25\]\[1\],4.93µm
net795,4.92µm
chip.gpu_inst.program_cache.icache.data_mem\[10\]\[5\],4.91µm
chip.gpu_inst.program_cache.icache.data_mem\[31\]\[4\],4.91µm
net202,4.9µm
chip.gpu_inst.program_cache.icache.data_mem\[0\]\[6\],4.89µm
chip.gpu_inst.program_cache.icache.data_mem\[10\]\[12\],4.89µm
chip.gpu_inst.program_cache.icache.data_mem\[24\]\[5\],4.89µm
_1276_,4.88µm
_1564_,4.88µm
_1653_,4.88µm
net2285,4.88µm
net2640,4.88µm
chip.gpu_inst.program_cache.icache.data_mem\[29\]\[15\],4.83µm
chip.gpu_inst.program_cache.icache.tag_mem\[28\]\[2\],4.83µm
_0908_,4.82µm
_0993_,4.82µm
net2864,4.82µm
chip.gpu_inst.program_cache.icache.data_mem\[14\]\[0\],4.81µm
chip.gpu_inst.program_cache.icache.data_mem\[22\]\[10\],4.81µm
chip.gpu_inst.program_cache.icache.data_mem\[28\]\[8\],4.81µm
chip.gpu_inst.program_cache.icache.data_mem\[30\]\[14\],4.81µm
_1302_,4.8µm
chip.gpu_inst.core_block_id_flat\[7\],4.8µm
net201,4.8µm
net2564,4.8µm
net2776,4.8µm
net2836,4.8µm
_1121_,4.78µm
_0337_,4.77µm
chip.gpu_inst.program_cache.icache.data_mem\[22\]\[4\],4.77µm
chip.gpu_inst.program_cache.icache.data_mem\[5\]\[2\],4.77µm
_1168_,4.76µm
_1263_,4.76µm
chip.bus.state\[1\],4.76µm
net799,4.76µm
net2619,4.76µm
net2443,4.725µm
chip.gpu_inst.program_cache.icache.consumer_read_ready\[1\],4.7µm
net2487,4.68µm
net2781,4.68µm
net2837,4.68µm
net2849,4.68µm
net2852,4.68µm
chip.gpu_inst.program_cache.icache.data_mem\[21\]\[6\],4.67µm
net2598,4.6µm
net2811,4.6µm
chip.launch_count\[2\],4.58µm
net2283,4.58µm
chip.gpu_inst.program_cache.icache.data_mem\[12\]\[3\],4.57µm
chip.gpu_inst.program_cache.icache.line_valid\[31\],4.54µm
chip.gpu_inst.program_cache.icache.data_mem\[15\]\[6\],4.505µm
_0448_,4.48µm
_0506_,4.48µm
net2263,4.48µm
chip.gpu_inst.program_cache.icache.data_mem\[25\]\[15\],4.47µm
net2646,4.46µm
chip.gpu_inst.program_cache.icache.data_mem\[24\]\[6\],4.45µm
chip.gpu_inst.program_cache.icache.data_mem\[27\]\[15\],4.45µm
_1252_,4.44µm
net2861,4.44µm
chip.gpu_inst.program_cache.icache.data_mem\[9\]\[15\],4.43µm
_1402_,4.42µm
_0281_,4.385µm
net2439,4.385µm
_0067_,4.38µm
chip.gpu_inst.program_cache.icache.data_mem\[29\]\[9\],4.37µm
chip.gpu_inst.program_cache.icache.data_mem\[6\]\[10\],4.37µm
chip.gpu_inst.program_cache.icache.tag_mem\[11\]\[2\],4.37µm
net2416,4.365µm
chip.gpu_inst.program_cache.icache.data_mem\[13\]\[15\],4.35µm
_0013_,4.34µm
_0906_,4.34µm
chip.bus.ch_write_ready\[4\],4.34µm
net199,4.34µm
net2369,4.34µm
net2574,4.34µm
net2626,4.34µm
chip.gpu_inst.program_cache.icache.data_mem\[13\]\[1\],4.31µm
net2562,4.305µm
chip.gpu_inst.program_cache.icache.tag_mem\[7\]\[1\],4.25µm
net2330,4.22µm
net2432,4.22µm
net2736,4.22µm
_0729_,4.12µm
net2380,4.12µm
chip.gpu_inst.program_cache.icache.data_mem\[13\]\[10\],4.11µm
chip.gpu_inst.program_cache.icache.data_mem\[14\]\[13\],4.11µm
chip.gpu_inst.program_cache.icache.data_mem\[21\]\[1\],4.11µm
_0100_,4.095µm
net2411,4.025µm
_0946_,4.02µm
_1664_,4.02µm
net2438,4.02µm
net2534,4.02µm
chip.gpu_inst.program_cache.icache.data_mem\[16\]\[11\],4.01µm
chip.gpu_inst.program_cache.icache.data_mem\[27\]\[12\],4.01µm
_1220_,4µm
chip.gpu_inst.program_cache.icache.data_mem\[10\]\[7\],3.99µm
chip.gpu_inst.program_cache.icache.tag_mem\[20\]\[2\],3.99µm
chip.gpu_inst.program_cache.icache.tag_mem\[29\]\[0\],3.99µm
_1033_,3.98µm
chip.gpu_inst.program_cache.icache.data_mem\[26\]\[4\],3.97µm
chip.gpu_inst.program_cache.icache.data_mem\[28\]\[5\],3.91µm
_1654_,3.9µm
chip.gpu_inst.program_cache.icache.data_mem\[13\]\[8\],3.89µm
chip.gpu_inst.program_cache.icache.data_mem\[4\]\[13\],3.89µm
chip.gpu_inst.program_cache.icache.tag_mem\[6\]\[1\],3.89µm
_0154_,3.88µm
_0488_,3.88µm
_0625_,3.88µm
_1614_,3.88µm
chip.gpu_inst.program_cache.icache.consumer_read_data_flat\[21\],3.88µm
net2566,3.88µm
net2620,3.88µm
net2724,3.88µm
net2747,3.88µm
net2851,3.88µm
_0257_,3.865µm
net2373,3.845µm
chip.gpu_inst.program_cache.icache.data_mem\[13\]\[13\],3.79µm
chip.gpu_inst.program_cache.icache.data_mem\[21\]\[4\],3.79µm
net2395,3.76µm
net2840,3.76µm
_1315_,3.74µm
chip.gpu_inst.reset,3.68µm
net2697,3.68µm
net2865,3.68µm
_0854_,3.66µm
chip.gpu_inst.program_cache.icache.data_mem\[7\]\[8\],3.65µm
net2824,3.64µm
net2853,3.64µm
net2475,3.585µm
net2612,3.565µm
_0290_,3.56µm
chip.launch_count\[1\],3.56µm
net2286,3.56µm
net2301,3.56µm
net2533,3.56µm
net2734,3.56µm
chip.gpu_inst.program_cache.icache.data_mem\[1\]\[0\],3.55µm
_1319_,3.54µm
_1533_,3.54µm
net2751,3.54µm
net2822,3.54µm
chip.gpu_inst.program_cache.icache.data_mem\[16\]\[2\],3.53µm
chip.gpu_inst.program_cache.icache.data_mem\[2\]\[0\],3.53µm
chip.gpu_inst.program_cache.icache.tag_mem\[1\]\[3\],3.53µm
chip.gpu_inst.program_cache.icache.tag_mem\[27\]\[1\],3.53µm
chip.gpu_inst.program_cache.icache.tag_mem\[2\]\[1\],3.53µm
net2100,3.52µm
net2376,3.505µm
_0901_,3.47µm
_0226_,3.465µm
chip.gpu_inst.program_cache.icache.data_mem\[23\]\[5\],3.45µm
chip.gpu_inst.program_cache.icache.tag_mem\[25\]\[1\],3.45µm
_0224_,3.44µm
chip.gpu_inst.reset_pipe1,3.44µm
chip.gpu_inst.program_cache.icache.data_mem\[23\]\[1\],3.43µm
_0239_,3.42µm
_0710_,3.42µm
_0879_,3.42µm
_1065_,3.42µm
_1103_,3.42µm
_1452_,3.42µm
_1599_,3.42µm
chip.bus.ch_write_ready\[1\],3.42µm
net2256,3.42µm
net2523,3.42µm
chip.gpu_inst.program_cache.icache.data_mem\[19\]\[10\],3.41µm
net2371,3.395µm
_0280_,3.385µm
chip.gpu_inst.program_cache.icache.data_mem\[13\]\[0\],3.33µm
chip.gpu_inst.program_cache.icache.data_mem\[21\]\[15\],3.33µm
chip.gpu_inst.program_cache.icache.data_mem\[29\]\[3\],3.33µm
chip.gpu_inst.program_cache.icache.data_mem\[7\]\[4\],3.33µm
net2379,3.3µm
net2409,3.3µm
net2875,3.3µm
net2535,3.265µm
net2434,3.225µm
net2766,3.225µm
_0723_,3.22µm
net2810,3.22µm
_1230_,3.2µm
net2782,3.2µm
chip.gpu_inst.program_cache.icache.data_mem\[18\]\[5\],3.19µm
chip.gpu_inst.program_cache.icache.data_mem\[23\]\[3\],3.19µm
chip.gpu_inst.program_cache.icache.data_mem\[5\]\[1\],3.19µm
chip.gpu_inst.program_cache.icache.data_mem\[5\]\[3\],3.19µm
chip.gpu_inst.program_cache.icache.data_mem\[6\]\[11\],3.19µm
net2789,3.18µm
_0736_,3.1µm
_1339_,3.1µm
net2328,3.1µm
net2367,3.1µm
net2716,3.1µm
net2835,3.1µm
chip.gpu_inst.program_cache.icache.data_mem\[10\]\[3\],3.09µm
chip.gpu_inst.program_cache.icache.data_mem\[16\]\[5\],3.09µm
chip.gpu_inst.program_cache.icache.data_mem\[24\]\[11\],3.09µm
net2449,3.085µm
_0385_,3.08µm
_1431_,3.08µm
net2742,3.08µm
net2848,3.08µm
chip.gpu_inst.program_cache.icache.data_mem\[9\]\[8\],3.07µm
chip.gpu_inst.program_cache.icache.tag_mem\[10\]\[0\],3.07µm
chip.gpu_inst.program_cache.icache.tag_mem\[23\]\[2\],3.07µm
_0118_,3.06µm
_0393_,2.99µm
chip.gpu_inst.program_cache.icache.data_mem\[15\]\[3\],2.99µm
chip.gpu_inst.program_cache.icache.data_mem\[31\]\[7\],2.99µm
_0236_,2.98µm
_0238_,2.98µm
chip.start_q1,2.98µm
_1494_,2.96µm
net2699,2.96µm
net2777,2.96µm
net2787,2.96µm
net2845,2.96µm
net2446,2.885µm
_0204_,2.86µm
net2297,2.86µm
_0378_,2.85µm
net2307,2.84µm
net2503,2.76µm
net2637,2.76µm
net2708,2.76µm
net2385,2.745µm
net2464,2.745µm
chip.gpu_inst.program_cache.icache.data_mem\[23\]\[12\],2.73µm
chip.gpu_inst.program_cache.icache.data_mem\[25\]\[7\],2.73µm
chip.gpu_inst.program_cache.icache.data_mem\[8\]\[12\],2.73µm
_0134_,2.72µm
net1461,2.72µm
net1668,2.72µm
net60,2.69µm
_0089_,2.64µm
net2695,2.64µm
net2720,2.64µm
chip.gpu_inst.program_cache.icache.tag_mem\[16\]\[2\],2.63µm
chip.gpu_inst.program_cache.icache.tag_mem\[8\]\[0\],2.63µm
net2563,2.62µm
chip.gpu_inst.program_cache.icache.data_mem\[10\]\[8\],2.61µm
chip.gpu_inst.program_cache.icache.data_mem\[18\]\[6\],2.61µm
chip.gpu_inst.program_cache.icache.data_mem\[21\]\[0\],2.61µm
chip.gpu_inst.program_cache.icache.data_mem\[25\]\[10\],2.61µm
chip.gpu_inst.program_cache.icache.data_mem\[26\]\[1\],2.61µm
chip.gpu_inst.program_cache.icache.data_mem\[26\]\[6\],2.61µm
chip.gpu_inst.program_cache.icache.data_mem\[2\]\[4\],2.61µm
chip.gpu_inst.program_cache.icache.data_mem\[31\]\[3\],2.61µm
chip.gpu_inst.program_cache.icache.tag_mem\[1\]\[1\],2.61µm
chip.gpu_inst.program_cache.icache.tag_mem\[26\]\[0\],2.61µm
_0282_,2.585µm
net2405,2.545µm
net2413,2.54µm
net2501,2.54µm
chip.gpu_inst.program_cache.icache.data_mem\[10\]\[13\],2.53µm
chip.gpu_inst.program_cache.icache.data_mem\[3\]\[11\],2.53µm
chip.gpu_inst.program_cache.icache.data_mem\[8\]\[10\],2.53µm
chip.gpu_inst.program_cache.icache.consumer_read_data_flat\[20\],2.52µm
chip.gpu_inst.program_cache.icache.data_mem\[30\]\[6\],2.51µm
chip.gpu_inst.program_cache.icache.data_mem\[4\]\[12\],2.51µm
chip.gpu_inst.program_cache.icache.tag_mem\[11\]\[1\],2.51µm
_0011_,2.5µm
_0860_,2.5µm
_1304_,2.5µm
_1361_,2.5µm
chip.rst_s1,2.5µm
net150,2.5µm
net2632,2.5µm
net2772,2.5µm
net2808,2.5µm
_0252_,2.455µm
net2524,2.425µm
_0487_,2.4µm
net2456,2.4µm
net2767,2.38µm
net2886,2.38µm
chip.gpu_inst.program_cache.icache.data_mem\[0\]\[12\],2.34µm
net2486,2.325µm
_0858_,2.3µm
net2358,2.3µm
net2394,2.3µm
net2508,2.3µm
net2560,2.3µm
net2675,2.3µm
net2712,2.3µm
net2786,2.3µm
net2791,2.3µm
chip.gpu_inst.program_cache.icache.data_mem\[11\]\[2\],2.29µm
_0761_,2.28µm
chip.bus.ch_read_ready\[3\],2.28µm
net2260,2.28µm
net2599,2.28µm
chip.gpu_inst.program_cache.icache.data_mem\[22\]\[5\],2.27µm
chip.gpu_inst.program_cache.icache.data_mem\[23\]\[2\],2.27µm
chip.gpu_inst.program_cache.icache.tag_mem\[9\]\[0\],2.27µm
net2445,2.255µm
_1024_,2.18µm
_1238_,2.18µm
_1241_,2.18µm
chip.gpu_inst.core_block_id_flat\[15\],2.18µm
chip.gpu_inst.program_cache.icache.consumer_read_ready\[0\],2.18µm
net2621,2.18µm
chip.gpu_inst.program_cache.icache.data_mem\[11\]\[15\],2.17µm
chip.gpu_inst.program_cache.icache.data_mem\[19\]\[9\],2.17µm
net2458,2.165µm
net2476,2.165µm
_1260_,2.16µm
_1292_,2.16µm
net194,2.16µm
net2327,2.16µm
net2722,2.16µm
_0132_,2.08µm
chip.gpu_inst.program_cache.icache.data_mem\[14\]\[14\],2.07µm
chip.gpu_inst.program_cache.icache.data_mem\[18\]\[10\],2.07µm
chip.gpu_inst.program_cache.icache.data_mem\[19\]\[6\],2.07µm
chip.gpu_inst.program_cache.icache.data_mem\[27\]\[10\],2.07µm
chip.gpu_inst.program_cache.icache.tag_mem\[10\]\[3\],2.07µm
_0213_,2.06µm
_0237_,2.06µm
chip.gpu_inst.program_cache.icache.data_mem\[31\]\[0\],2.05µm
_0212_,2.04µm
chip.bus.state\[5\],2.04µm
chip.gpu_inst.program_cache.icache.consumer_read_data_flat\[24\],2.04µm
net2671,2.04µm
net2731,2.04µm
net2738,2.04µm
net2755,2.04µm
_0131_,1.915µm
net2467,1.875µm
net2383,1.84µm
net2522,1.84µm
net2658,1.84µm
net2672,1.84µm
net2794,1.84µm
net2473,1.825µm
_0099_,1.75µm
net2792,1.74µm
_0610_,1.72µm
chip.bus.ch_write_ready\[2\],1.72µm
chip.gpu_inst.dispatch_instance.blocks_dispatched\[5\],1.72µm
net2404,1.72µm
net2424,1.72µm
chip.gpu_inst.program_cache.icache.data_mem\[1\]\[10\],1.71µm
chip.gpu_inst.program_cache.icache.data_mem\[24\]\[4\],1.71µm
chip.gpu_inst.program_cache.icache.tag_mem\[12\]\[1\],1.71µm
net2349,1.7µm
net2577,1.7µm
net2823,1.7µm
net2876,1.7µm
net2370,1.685µm
net2396,1.685µm
net2553,1.685µm
chip.gpu_inst.program_cache.icache.data_mem\[11\]\[5\],1.61µm
chip.gpu_inst.program_cache.icache.data_mem\[11\]\[7\],1.61µm
chip.gpu_inst.program_cache.icache.data_mem\[25\]\[8\],1.61µm
chip.gpu_inst.program_cache.icache.data_mem\[15\]\[11\],1.59µm
chip.gpu_inst.program_cache.icache.data_mem\[22\]\[2\],1.59µm
chip.gpu_inst.program_cache.icache.data_mem\[28\]\[14\],1.59µm
chip.gpu_inst.program_cache.icache.data_mem\[6\]\[0\],1.59µm
chip.gpu_inst.program_cache.icache.tag_mem\[15\]\[2\],1.59µm
net2479,1.555µm
_1294_,1.48µm
net2441,1.48µm
_1568_,1.38µm
net1266,1.38µm
net2257,1.38µm
net2322,1.38µm
net2342,1.38µm
net2732,1.38µm
net2774,1.38µm
net2799,1.38µm
net2821,1.38µm
net2860,1.38µm
net2884,1.38µm
net2885,1.38µm
net2888,1.38µm
_0595_,1.36µm
_1395_,1.36µm
chip.bus.ch_read_data\[2\],1.36µm
chip.bus.ch_write_ready\[3\],1.36µm
net2797,1.36µm
chip.bus.ch_read_ready\[2\],1.26µm
chip.gpu_inst.dispatch_instance.blocks_dispatched\[7\],1.26µm
net204,1.26µm
chip.gpu_inst.program_cache.icache.data_mem\[18\]\[4\],1.25µm
_1275_,1.14µm
net2601,1.125µm
net2426,1.045µm
net2461,1.045µm
_1376_,0.92µm
net2253,0.92µm
net2333,0.92µm
net2335,0.92µm
net2372,0.92µm
net2723,0.92µm
net2730,0.92µm
net2770,0.92µm
net2775,0.92µm
net2785,0.92µm
net2814,0.92µm
net2818,0.92µm
net2832,0.92µm
net2843,0.92µm
net2844,0.92µm
net2867,0.92µm
net2877,0.92µm
net2878,0.92µm
net2883,0.92µm
_1323_,0.8µm
net2490,0.635µm
net2496,0.635µm
net2557,0.635µm
_0878_,0.46µm
net2482,0.46µm
net2483,0.46µm
net2555,0.46µm
net2656,0.46µm
net2678,0.46µm
net2706,0.46µm
net2707,0.46µm
net2739,0.46µm
net2743,0.46µm
net2764,0.46µm
