net,length_um
net740,2.392985mm
net753,2.34519mm
net746,2.33786mm
net754,2.28447mm
net713,2.26633mm
_17755_,2.244975mm
net760,2.24373mm
net1066,2.21036mm
net696,2.15154mm
net745,2.100485mm
net757,2.087385mm
net712,1.92027mm
net1070,1.9198mm
net707,1.915985mm
net1080,1.896605mm
net1061,1.893115mm
net742,1.861905mm
net769,1.785265mm
net738,1.756125mm
net744,1.72888mm
net747,1.728445mm
net1058,1.69057mm
net751,1.65458mm
net1065,1.646575mm
net758,1.62872mm
net741,1.612265mm
net748,1.6062mm
net768,1.59536mm
net737,1.589315mm
net767,1.529625mm
net1067,1.50672mm
net759,1.495015mm
net752,1.4826mm
net1068,1.480235mm
net1064,1.4679mm
net1069,1.45603mm
net762,1.428125mm
net1464,1.42492mm
net1084,1.41862mm
net739,1.417645mm
net761,1.404745mm
net743,1.38425mm
net1062,1.37486mm
net695,1.36542mm
net1462,1.36222mm
net931,1.32898mm
net703,1.32058mm
net1465,1.30523mm
net749,1.28799mm
net1077,1.28745mm
net711,1.283475mm
net788,1.265225mm
net1463,1.257635mm
_16880_,1.25512mm
net1060,1.25366mm
net1268,1.25296mm
net708,1.23819mm
net784,1.23314mm
net884,1.22487mm
net914,1.210825mm
net934,1.199615mm
net654,1.1924mm
net783,1.18651mm
net764,1.18307mm
net786,1.17171mm
net929,1.16189mm
net756,1.15483mm
net936,1.154465mm
net755,1.150465mm
net937,1.14336mm
net933,1.139225mm
_17668_,1.13715mm
net842,1.136315mm
net940,1.135715mm
net862,1.13506mm
net787,1.12287mm
net1081,1.11836mm
net843,1.111895mm
net766,1.097965mm
net705,1.09405mm
net628,1.08631mm
net965,1.08352mm
net915,1.08006mm
net863,1.0781mm
net1059,1.07418mm
net939,1.0617mm
net809,1.057745mm
net930,1.05272mm
net864,1.05093mm
net1074,1.0487mm
net653,1.041705mm
net1075,1.0411mm
net763,1.0391mm
net938,1.037165mm
net625,1.033425mm
_01822_,1.03248mm
net918,1.03118mm
net765,1.02999mm
net627,1.01327mm
_18546_,1.01228mm
net916,1.005945mm
clknet_2_0_0_clk,1.00107mm
net917,990.185µm
net1073,987.7µm
net626,986.24µm
net1082,979.96µm
net1466,977.485µm
clknet_2_2_0_clk,975.88µm
net750,973.56µm
net1078,971.19µm
clknet_2_3_0_clk,967.375µm
net814,962.51µm
net913,961.315µm
net710,959.455µm
net706,956.495µm
net951,949.005µm
net926,946µm
_16883_,943.96µm
net861,939.36µm
net607,939.195µm
_15839_,938.07µm
clknet_2_1_0_clk,936.07µm
net1063,921.14µm
net1076,917.8µm
net1079,912.865µm
net790,912.62µm
net919,902.18µm
net1461,889.55µm
net844,887.835µm
net622,881.41µm
_19021_,876.58µm
net920,874.095µm
_15846_,873.76µm
net969,861.52µm
net963,859.655µm
_17851_,855.485µm
_15843_,855.39µm
_15844_,854.395µm
net1248,844.185µm
net921,843.18µm
_16361_,840.59µm
_17759_,839.78µm
net950,839.02µm
_16364_,835.58µm
_16878_,825.735µm
net968,823.045µm
net1424,821.49µm
_17770_,813.785µm
net701,813.66µm
net964,808.73µm
_15847_,804.73µm
net1226,804.68µm
net812,803.18µm
_16367_,799.46µm
net949,798.46µm
net970,796.19µm
_16363_,794.37µm
net659,790.72µm
net954,789.54µm
net966,787.53µm
net948,787.24µm
net658,785.69µm
net855,785.4µm
_15835_,783.555µm
_16369_,780.865µm
_17980_,778.92µm
_08485_,774.35µm
net925,773.83µm
net1467,754.28µm
net789,751.63µm
_17852_,751.44µm
_19537_,750.72µm
_17855_,748.39µm
net805,746.95µm
net927,745.18µm
net972,734.75µm
_16881_,734.19µm
net922,732.25µm
net875,730.12µm
net1419,726.665µm
_16886_,724.68µm
_18547_,722.805µm
net1402,719.135µm
pipe_act_func\[1\],716.87µm
clk,711.73µm
_16866_,711.21µm
net806,704.985µm
net1418,704.46µm
net941,703.725µm
net932,695.565µm
net1083,695.26µm
net810,695.255µm
net947,694.95µm
_17391_,692.085µm
net1420,685.64µm
_17988_,682.31µm
net942,680.21µm
_15832_,678.59µm
net878,676.99µm
systolic_arrays\[0\].systolic_array_inst.a_wire\[4\]\[3\],672.87µm
_16876_,671.33µm
net1054,669.835µm
net945,668.365µm
net962,668.025µm
net1371,667.54µm
net1406,665.67µm
net943,664.72µm
net971,664.025µm
net847,662.055µm
net923,661.07µm
_17841_,657.17µm
_08484_,654.63µm
net577,654.26µm
net1055,651.305µm
net592,651.25µm
net976,650.05µm
_15840_,647.76µm
systolic_arrays\[1\].systolic_array_inst.a_wire\[4\]\[4\],646.98µm
net567,646.815µm
net1021,642.33µm
net1400,640.55µm
net975,640.235µm
net1417,640.02µm
net597,639.78µm
net860,639.745µm
pipe_alu_output_mux,637.49µm
alu_out\[3\]\[0\],636.885µm
net872,634.87µm
net877,630.93µm
_17406_,627.895µm
net946,627.83µm
net973,625.505µm
net1020,625.495µm
net581,625.335µm
net891,621.395µm
_08565_,618.76µm
net813,615.705µm
net908,615.6µm
net1056,614.51µm
systolic_arrays\[0\].systolic_array_inst.a_wire\[4\]\[6\],612.845µm
net558,610.98µm
net1057,610.295µm
pipe_act_enable,609.84µm
systolic_arrays\[0\].systolic_array_inst.a_wire\[4\]\[8\],608.955µm
net572,608.92µm
net575,608.32µm
net521,604.27µm
net867,604.145µm
net807,603.925µm
systolic_arrays\[0\].systolic_array_inst.a_wire\[4\]\[5\],603.35µm
_17418_,602.315µm
systolic_arrays\[1\].systolic_array_inst.a_wire\[4\]\[7\],599.955µm
net974,599.455µm
net585,599.435µm
net565,594.735µm
net1246,593.57µm
net811,593.545µm
alu_out\[3\]\[1\],592.695µm
_17974_,589.485µm
net582,586.015µm
_18262_,585.84µm
net959,584.62µm
net584,584.27µm
net586,584.055µm
net555,583.625µm
net594,583.43µm
net1383,583.3µm
net1019,583.02µm
_16390_,582.63µm
net538,581.43µm
net952,580.99µm
net924,578.28µm
_17842_,574.77µm
net574,573.81µm
_17962_,573.72µm
pipe_systolic_idx,572.065µm
net1018,571.645µm
net655,568.63µm
_16885_,568.51µm
_16368_,566.735µm
net568,565.24µm
net576,562.63µm
net846,560.72µm
net856,556.55µm
net590,555.575µm
_17887_,555.05µm
net570,554.51µm
net986,552.73µm
_17397_,551.665µm
net530,549.02µm
net911,548.46µm
net1379,546.235µm
net528,544.44µm
_16930_,543.77µm
net1380,542.83µm
net563,541.495µm
net1370,541.055µm
net854,540.63µm
alu_out\[3\]\[2\],539.855µm
net1404,539.225µm
net905,537.41µm
_17421_,537.34µm
net656,536.53µm
net1422,531.6µm
net535,531.49µm
systolic_arrays\[0\].systolic_array_inst.g_row\[1\].g_col\[1\].pe.r3_prod_mant\[14\],528.79µm
_16427_,528.39µm
net898,526.37µm
net885,524.89µm
net569,524.19µm
systolic_arrays\[0\].systolic_array_inst.g_row\[1\].g_col\[1\].pe.r3_prod_mant\[13\],522.48µm
systolic_arrays\[0\].systolic_array_inst.a_wire\[4\]\[9\],519.695µm
_16922_,519.14µm
net880,516.05µm
net876,515.62µm
net1012,515.38µm
net524,513.89µm
_17409_,513.85µm
net1053,512.5µm
net531,510.19µm
net579,509.9µm
net960,509.07µm
_15883_,508.62µm
_17769_,508.52µm
net553,508.08µm
net851,507.97µm
net595,507.155µm
net593,507.075µm
net1389,506.36µm
net624,506.02µm
net536,505.945µm
net1051,505.4µm
net897,504.1µm
net588,501.65µm
net967,500.6µm
net564,499.965µm
_16906_,496.58µm
net958,496.01µm
_16411_,495.82µm
net534,495.17µm
systolic_arrays\[1\].systolic_array_inst.a_wire\[1\]\[1\],494.97µm
_08865_,494.64µm
_08864_,493.345µm
net583,493.22µm
net545,493.05µm
_17394_,492.96µm
net1032,492.33µm
net533,491.95µm
net543,491.81µm
net540,491.485µm
net512,490.77µm
net556,490.4µm
net1048,489.65µm
net992,488.3µm
net571,488.24µm
_15867_,488.08µm
_15891_,485.51µm
net1071,484.61µm
net532,482.83µm
net1039,480.98µm
net601,480.62µm
net599,480.235µm
systolic_arrays\[0\].systolic_array_inst.g_row\[1\].g_col\[1\].pe.r3_prod_mant\[12\],479.98µm
net982,479.98µm
net573,479.23µm
systolic_arrays\[1\].systolic_array_inst.a_wire\[1\]\[8\],479.115µm
net1188,478.54µm
_15910_,478.04µm
net547,476.74µm
net1049,476.295µm
net928,475.77µm
_08349_,474.76µm
net546,474.47µm
net900,474.25µm
net1050,474.16µm
net591,474.11µm
net1038,473.68µm
net525,473.34µm
systolic_arrays\[1\].systolic_array_inst.a_wire\[1\]\[9\],472.85µm
net1036,472.495µm
net1040,472.29µm
net988,471.99µm
systolic_arrays\[1\].systolic_array_inst.a_wire\[1\]\[7\],471.64µm
net1042,471.51µm
_16938_,471.27µm
systolic_arrays\[0\].systolic_array_inst.g_row\[1\].g_col\[1\].pe.r3_prod_mant\[11\],470.72µm
net1271,469.465µm
net1003,468.535µm
clknet_0_clk,468.52µm
net511,467.74µm
systolic_arrays\[1\].systolic_array_inst.a_wire\[1\]\[2\],467.095µm
net598,465.54µm
net1072,465.33µm
net887,464.26µm
net1052,460.975µm
systolic_arrays\[0\].systolic_array_inst.a_wire\[3\]\[11\],460.685µm
net1189,460.47µm
net987,458.37µm
systolic_arrays\[1\].systolic_array_inst.a_wire\[1\]\[3\],458.09µm
_17774_,457.45µm
net600,457.345µm
_15900_,456.92µm
net859,453.44µm
net1190,453.32µm
_17071_,452.27µm
_15829_,451.69µm
net889,451.645µm
net613,451.505µm
systolic_arrays\[0\].systolic_array_inst.a_wire\[3\]\[3\],451.345µm
_16403_,450.98µm
net363,450.695µm
net520,450.34µm
net1004,449.53µm
net587,447.845µm
net957,447.83µm
net1005,447.785µm
net850,447.58µm
net991,447.315µm
systolic_arrays\[1\].systolic_array_inst.a_wire\[1\]\[6\],447µm
systolic_arrays\[1\].systolic_array_inst.b_reg\[6\],446.6µm
net882,445.97µm
net1411,445.56µm
net1000,444.915µm
net845,444.31µm
systolic_arrays\[1\].systolic_array_inst.a_wire\[4\]\[1\],444.23µm
systolic_arrays\[1\].systolic_array_inst.b_reg\[0\],443.99µm
net562,443.82µm
systolic_arrays\[1\].systolic_array_inst.a_wire\[1\]\[5\],441.955µm
systolic_arrays\[1\].systolic_array_inst.a_wire\[4\]\[9\],441.48µm
net589,440.585µm
_15826_,440.09µm
net1191,439.16µm
net515,438.01µm
net340,437.655µm
_14159_,437.63µm
_16872_,437.455µm
net1429,436.88µm
threads\[0\].fma_instance.r3_signed\[0\],436.43µm
net997,436.27µm
net1011,435.36µm
net888,434.67µm
_17412_,434.62µm
net1037,434.165µm
systolic_arrays\[1\].systolic_array_inst.b_reg\[8\],433.36µm
_17633_,433.16µm
systolic_arrays\[0\].systolic_array_inst.a_wire\[3\]\[2\],432.83µm
net1375,432.04µm
net858,431.815µm
net566,431.1µm
net596,430.52µm
net1388,430.4µm
net1017,428.64µm
net990,428.39µm
_16421_,427.57µm
net541,426.96µm
net516,426.56µm
net989,425.22µm
_17936_,424.44µm
net1043,423.83µm
_02717_,423.7µm
systolic_arrays\[0\].systolic_array_inst.b_wire\[3\]\[2\],423.04µm
net1007,422.17µm
_17644_,420.8µm
net578,420.59µm
net1045,419.54µm
net529,419.28µm
net580,418.965µm
systolic_arrays\[0\].systolic_array_inst.a_wire\[3\]\[5\],417.395µm
net1022,416.5µm
net542,416.4µm
net550,414.23µm
net617,414.065µm
net1010,412.62µm
net1008,412.455µm
net1041,411.875µm
net857,410.645µm
systolic_arrays\[0\].systolic_array_inst.b_wire\[3\]\[0\],410.19µm
net702,409.525µm
net874,407.16µm
net539,406.99µm
_16882_,406.34µm
_17415_,406.205µm
net1006,406.035µm
systolic_arrays\[0\].systolic_array_inst.a_wire\[3\]\[7\],405.885µm
net1384,405.8µm
net561,404.255µm
_17763_,401.37µm
systolic_arrays\[1\].systolic_array_inst.a_wire\[4\]\[10\],401.13µm
net1002,401.095µm
systolic_arrays\[0\].systolic_array_inst.a_wire\[1\]\[3\],400.685µm
_17944_,399.27µm
net1410,399.27µm
net1367,398.525µm
net1382,396.91µm
systolic_arrays\[0\].systolic_array_inst.b_wire\[3\]\[4\],396.9µm
net1387,396.835µm
net1001,395.24µm
_18410_,394.84µm
systolic_arrays\[0\].systolic_array_inst.a_wire\[1\]\[10\],393.865µm
_17971_,393.78µm
_15838_,393.37µm
net1421,393.365µm
net519,392.67µm
systolic_arrays\[0\].systolic_array_inst.a_wire\[3\]\[4\],391.995µm
systolic_arrays\[0\].systolic_array_inst.g_row\[1\].g_col\[1\].pe.r3_prod_mant\[10\],391.68µm
net999,391.495µm
systolic_arrays\[0\].systolic_array_inst.a_wire\[1\]\[11\],390.41µm
net873,389.795µm
systolic_arrays\[0\].systolic_array_inst.a_wire\[1\]\[4\],388.76µm
systolic_arrays\[1\].systolic_array_inst.a_wire\[3\]\[12\],388.285µm
net1009,388.085µm
systolic_arrays\[1\].systolic_array_inst.b_reg\[3\],387.52µm
net852,386.38µm
net837,384.72µm
net523,384.15µm
net819,384.06µm
threads\[0\].fma_instance.r3_weighted\[1\],383.79µm
_16637_,382.94µm
net557,382.93µm
systolic_arrays\[1\].systolic_array_inst.a_wire\[4\]\[11\],382.765µm
_16648_,381.785µm
systolic_arrays\[0\].systolic_array_inst.g_row\[1\].g_col\[1\].pe.r3_prod_mant\[9\],381.13µm
net839,379.4µm
net1016,378.945µm
_18384_,378.13µm
_17403_,377.58µm
systolic_arrays\[0\].systolic_array_inst.a_wire\[1\]\[2\],377.23µm
net560,375.3µm
_18295_,375.02µm
net551,373.12µm
systolic_arrays\[0\].systolic_array_inst.g_row\[0\].g_col\[0\].pe.enable,371.64µm
net514,370.93µm
_16117_,370.62µm
_17400_,370.31µm
net1015,369.77µm
net1023,369.415µm
net526,368.77µm
net886,367.76µm
net552,367.02µm
systolic_arrays\[1\].systolic_array_inst.b_reg\[5\],366.9µm
net549,366.75µm
_18344_,366.53µm
_17778_,366.44µm
systolic_arrays\[0\].systolic_array_inst.a_wire\[1\]\[6\],365.58µm
net998,364.875µm
systolic_arrays\[1\].systolic_array_inst.a_wire\[1\]\[15\],364.525µm
alu_out\[1\]\[7\],363.95µm
systolic_arrays\[0\].systolic_array_inst.b_wire\[3\]\[6\],362.88µm
_18401_,362.855µm
net548,362.24µm
systolic_arrays\[0\].systolic_array_inst.b_wire\[3\]\[1\],362.22µm
net1381,362.04µm
systolic_arrays\[1\].systolic_array_inst.a_wire\[0\]\[3\],361.935µm
net664,361.36µm
systolic_arrays\[0\].systolic_array_inst.g_row\[1\].g_col\[1\].pe.r3_prod_mant\[2\],361.16µm
_15874_,361.02µm
_19766_,360.595µm
_18082_,359.965µm
net1046,359.82µm
systolic_arrays\[0\].systolic_array_inst.g_row\[1\].g_col\[1\].pe.r3_prod_mant\[8\],359.02µm
net559,357.57µm
systolic_arrays\[0\].systolic_array_inst.b_wire\[3\]\[5\],357.44µm
net385,356.97µm
systolic_arrays\[0\].systolic_array_inst.a_wire\[0\]\[6\],356.61µm
_06973_,356.335µm
_16869_,356.115µm
net509,354.635µm
net1415,354.53µm
systolic_arrays\[1\].systolic_array_inst.g_row\[0\].g_col\[1\].pe.r2_sign,354.365µm
threads\[2\].fma_instance.sign_r2,354.11µm
_16114_,353.865µm
net1369,353.61µm
_14740_,353.215µm
net691,353.18µm
_17916_,353.13µm
_12823_,352.5µm
net903,351.9µm
systolic_arrays\[1\].systolic_array_inst.b_reg\[1\],351.66µm
net894,351.17µm
_16644_,351.06µm
_16879_,350.735µm
_19758_,350.71µm
systolic_arrays\[0\].systolic_array_inst.g_row\[1\].g_col\[1\].pe.r3_prod_mant\[5\],350.32µm
_01651_,348.875µm
net944,348.5µm
pipe_rd_data\[1\]\[15\],348.22µm
systolic_arrays\[0\].systolic_array_inst.a_wire\[0\]\[3\],347.93µm
systolic_arrays\[1\].systolic_array_inst.a_wire\[0\]\[7\],347.585µm
systolic_arrays\[0\].systolic_array_inst.a_wire\[0\]\[8\],346.755µm
net1033,346.645µm
systolic_arrays\[1\].systolic_array_inst.a_wire\[0\]\[2\],346.26µm
net422,346.225µm
net1025,345.225µm
_18277_,344.38µm
net68,344.35µm
systolic_arrays\[0\].systolic_array_inst.a_wire\[1\]\[5\],343.58µm
net1245,343.46µm
systolic_arrays\[0\].systolic_array_inst.a_wire\[1\]\[9\],343.455µm
systolic_arrays\[1\].systolic_array_inst.a_wire\[4\]\[13\],343.425µm
systolic_arrays\[0\].systolic_array_inst.a_wire\[0\]\[15\],343.42µm
_18064_,343.31µm
_00548_,343.205µm
systolic_arrays\[0\].systolic_array_inst.a_wire\[1\]\[1\],343µm
systolic_arrays\[0\].systolic_array_inst.a_wire\[1\]\[12\],342.585µm
net1047,342.565µm
net679,342.375µm
_16915_,341.39µm
_17787_,341.2µm
net508,340.49µm
net834,340.405µm
net522,340.22µm
net1044,340.11µm
net1386,339.92µm
systolic_arrays\[0\].systolic_array_inst.a_wire\[1\]\[7\],339.265µm
_17634_,338.59µm
systolic_arrays\[1\].systolic_array_inst.b_reg\[2\],338.54µm
alu_out\[1\]\[6\],338.45µm
net608,337.96µm
_18138_,336.815µm
threads\[1\].fma_instance.sign_r1,336.805µm
net1031,336.65µm
systolic_arrays\[0\].systolic_array_inst.g_row\[1\].g_col\[1\].pe.r2_sign,336.23µm
systolic_arrays\[0\].systolic_array_inst.g_row\[1\].g_col\[1\].pe.r3_prod_mant\[1\],336.165µm
net694,336.05µm
systolic_arrays\[0\].systolic_array_inst.g_row\[1\].g_col\[1\].pe.r3_prod_mant\[3\],335.86µm
_16651_,335.56µm
systolic_arrays\[0\].systolic_array_inst.g_row\[1\].g_col\[0\].pe.r2_mantissa\[11\],335.085µm
systolic_arrays\[0\].systolic_array_inst.a_wire\[3\]\[6\],334.675µm
systolic_arrays\[1\].systolic_array_inst.a_wire\[0\]\[5\],334.125µm
net840,333.99µm
systolic_arrays\[0\].systolic_array_inst.g_row\[1\].g_col\[1\].pe.r3_prod_mant\[6\],333.96µm
net1428,333.94µm
net1034,333.85µm
systolic_arrays\[0\].systolic_array_inst.g_row\[1\].g_col\[1\].pe.r3_prod_mant\[7\],332.62µm
_17627_,331.96µm
net849,331.69µm
_12714_,331.16µm
systolic_arrays\[0\].systolic_array_inst.a_wire\[0\]\[5\],331.125µm
net910,331.06µm
_18098_,330.56µm
_05807_,328.695µm
net678,328.45µm
net831,328.11µm
_18335_,328.105µm
net709,327.32µm
net663,327.12µm
systolic_arrays\[1\].systolic_array_inst.b_reg\[4\],326.47µm
net652,325.475µm
systolic_arrays\[1\].systolic_array_inst.a_wire\[0\]\[4\],325.305µm
net692,324.83µm
systolic_arrays\[1\].systolic_array_inst.a_wire\[0\]\[13\],324.665µm
systolic_arrays\[0\].systolic_array_inst.a_wire\[0\]\[4\],324.455µm
systolic_arrays\[0\].systolic_array_inst.b_wire\[3\]\[8\],323.76µm
_10196_,323.51µm
net1198,322.99µm
_16395_,322.94µm
_17786_,322.78µm
net636,321.61µm
net912,321.385µm
net978,320.47µm
_05816_,319.945µm
net650,319.77µm
systolic_arrays\[1\].systolic_array_inst.a_wire\[0\]\[6\],317.715µm
net1024,317.22µm
systolic_arrays\[0\].systolic_array_inst.g_row\[0\].g_col\[1\].pe.r2_mantissa\[7\],316.62µm
_18126_,315.36µm
pipe_systolic_op\[0\],315.26µm
alu_out\[1\]\[4\],315.085µm
net979,314.885µm
pipe_rd_data\[3\]\[0\],314.8µm
net816,314.13µm
systolic_arrays\[1\].systolic_array_inst.a_wire\[0\]\[1\],313.535µm
_18285_,313.46µm
_16125_,313.32µm
net833,313.12µm
systolic_arrays\[0\].systolic_array_inst.a_wire\[1\]\[8\],313.05µm
net1013,312.94µm
net667,312.31µm
net700,311.995µm
systolic_arrays\[0\].systolic_array_inst.a_wire\[1\]\[13\],311.885µm
_17630_,311.24µm
_17624_,311.06µm
net1197,310.44µm
net1397,309.73µm
net635,309.2µm
_16640_,308.685µm
_03472_,308.365µm
_00551_,307.455µm
net1393,307.43µm
net527,307.3µm
_17953_,306.88µm
alu_out\[1\]\[1\],306.45µm
net407,304.98µm
net408,304.155µm
systolic_arrays\[0\].systolic_array_inst.a_wire\[0\]\[7\],304.005µm
net736,303.94µm
net1086,303.44µm
_10844_,302.995µm
_00560_,302.77µm
net829,302.68µm
systolic_arrays\[1\].systolic_array_inst.a_wire\[0\]\[8\],302.605µm
_17958_,302.59µm
net983,302.37µm
_18135_,302.3µm
net985,301.875µm
systolic_arrays\[1\].systolic_array_inst.a_wire\[0\]\[11\],301.815µm
net1029,301.34µm
alu_out\[1\]\[3\],301.28µm
net828,301.18µm
net507,301.155µm
_17626_,300.7µm
net634,300.56µm
_16758_,300.2µm
net735,299.68µm
systolic_arrays\[0\].systolic_array_inst.a_wire\[0\]\[9\],298.975µm
_00901_,298.545µm
_18443_,298.15µm
systolic_arrays\[0\].systolic_array_inst.b_wire\[3\]\[3\],297.4µm
systolic_arrays\[0\].systolic_array_inst.g_row\[1\].g_col\[1\].pe.r4_acc\[13\],296.99µm
_17632_,296.78µm
systolic_arrays\[0\].systolic_array_inst.g_row\[1\].g_col\[1\].pe.r4_acc\[10\],296.36µm
_08577_,295.92µm
net836,295.45µm
clknet_6_63_0_clk,295.32µm
_18206_,294.36µm
net984,293.895µm
net676,293.69µm
systolic_arrays\[0\].systolic_array_inst.b_wire\[3\]\[10\],293.18µm
_17621_,292.85µm
systolic_arrays\[1\].systolic_array_inst.a_wire\[0\]\[10\],291.96µm
net824,291.62µm
_16500_,291.34µm
_17618_,290.57µm
systolic_arrays\[0\].systolic_array_inst.a_wire\[0\]\[14\],290.53µm
systolic_arrays\[0\].systolic_array_inst.b_wire\[3\]\[9\],290.425µm
systolic_arrays\[0\].systolic_array_inst.g_row\[1\].g_col\[1\].pe.r4_acc\[11\],290.28µm
_18583_,290.08µm
alu_out\[1\]\[0\],289.885µm
_00546_,289.845µm
net1030,288.99µm
systolic_arrays\[1\].systolic_array_inst.a_wire\[0\]\[9\],288.92µm
systolic_arrays\[0\].systolic_array_inst.a_wire\[0\]\[2\],288.82µm
net648,288.6µm
net1035,287.835µm
_04664_,287.8µm
systolic_arrays\[1\].systolic_array_inst.a_wire\[0\]\[14\],287.605µm
_00552_,287.465µm
_17587_,287.03µm
net683,286.98µm
systolic_arrays\[0\].systolic_array_inst.g_row\[1\].g_col\[1\].pe.r4_acc\[9\],286.64µm
net825,286.37µm
_03463_,286.255µm
_00871_,285.685µm
_10483_,285.525µm
net716,283.905µm
_01835_,283.585µm
threads\[3\].fma_instance.sign_r2,283.58µm
_00545_,283.205µm
net1085,283.16µm
net1026,282.94µm
net826,282.72µm
net715,282.58µm
_17428_,282.445µm
_17906_,281.72µm
systolic_arrays\[0\].systolic_array_inst.g_row\[1\].g_col\[1\].pe.r3_prod_mant\[4\],281.52µm
_17868_,281.51µm
net977,281.44µm
_10273_,281.135µm
net817,280.72µm
_22101_,280.51µm
pipe_rd_data\[2\]\[1\],280.34µm
_08760_,280.285µm
_10478_,280.085µm
_17709_,279.9µm
net956,279.625µm
_04822_,279.455µm
_16875_,279.42µm
systolic_arrays\[0\].systolic_array_inst.a_wire\[3\]\[8\],279.39µm
systolic_arrays\[0\].systolic_array_inst.b_wire\[3\]\[12\],279.22µm
_17776_,279.2µm
net808,278.98µm
systolic_arrays\[1\].systolic_array_inst.a_wire\[0\]\[12\],278.96µm
_16507_,278.5µm
systolic_arrays\[1\].systolic_array_inst.a_wire\[0\]\[0\],278.47µm
_15988_,278.175µm
_18375_,277.985µm
_15841_,277.835µm
_16008_,277.6µm
systolic_arrays\[0\].systolic_array_inst.g_row\[1\].g_col\[1\].pe.r4_acc\[8\],277.54µm
systolic_arrays\[0\].systolic_array_inst.g_row\[1\].g_col\[1\].pe.r4_acc\[12\],277.5µm
_17600_,276.9µm
_00563_,276.865µm
net714,276.86µm
_18197_,276.52µm
net717,275.66µm
_10276_,275.54µm
net680,275.515µm
net693,275.5µm
threads\[0\].fma_instance.r3_weighted\[4\],275.115µm
_10481_,274.83µm
_02452_,274.815µm
net537,274.8µm
net995,273.92µm
net835,273µm
net506,272.725µm
alu_out\[1\]\[5\],272.55µm
net662,272.29µm
systolic_arrays\[0\].systolic_array_inst.b_wire\[3\]\[7\],272.02µm
net643,271.86µm
net981,271.8µm
_00549_,271.655µm
net721,271.225µm
net725,271.185µm
net348,270.93µm
net961,270.53µm
_16228_,269.575µm
net684,269.475µm
net820,269.37µm
alu_out\[1\]\[8\],269.265µm
systolic_arrays\[1\].systolic_array_inst.g_row\[0\].g_col\[1\].pe.r3_prod_mant\[14\],269.2µm
net799,269.06µm
net641,268.715µm
_18120_,267.93µm
systolic_arrays\[0\].systolic_array_inst.a_wire\[0\]\[1\],267.45µm
systolic_arrays\[0\].systolic_array_inst.g_row\[1\].g_col\[0\].pe.r2_mantissa\[7\],267.235µm
_12484_,266.795µm
systolic_arrays\[0\].systolic_array_inst.a_wire\[3\]\[15\],266.2µm
threads\[0\].fma_instance.r3_weighted\[5\],265.94µm
systolic_arrays\[0\].systolic_array_inst.g_row\[1\].g_col\[0\].pe.r2_mantissa\[13\],265.87µm
_18365_,265.58µm
net720,265.465µm
_17992_,265.36µm
net722,265.3µm
_18355_,264.665µm
net704,264.58µm
net518,264.27µm
_10829_,264.09µm
_00884_,263.725µm
net513,263.33µm
net1088,262.85µm
alu_out\[1\]\[2\],262.535µm
threads\[1\].fma_instance.sign_r2,262.45µm
_16360_,262.31µm
net733,261.645µm
systolic_arrays\[0\].systolic_array_inst.a_wire\[0\]\[0\],261.34µm
net690,261.01µm
lsu_out\[3\]\[1\],259.92µm
_02567_,259.73µm
_00554_,259.345µm
_01832_,259.29µm
systolic_arrays\[1\].systolic_array_inst.a_wire\[1\]\[10\],258.88µm
net604,258.85µm
systolic_arrays\[0\].systolic_array_inst.a_wire\[0\]\[10\],258.48µm
_19777_,258.14µm
alu_out\[2\]\[1\],258.06µm
net670,257.74µm
_16629_,257.7µm
clknet_6_42_0_clk,257.59µm
systolic_arrays\[0\].systolic_array_inst.b_wire\[3\]\[15\],257.19µm
fma_out\[3\]\[0\],257.045µm
threads\[0\].fma_instance.r3_weighted\[15\],256.45µm
net724,256.4µm
threads\[0\].fma_instance.r3_weighted\[6\],256.36µm
_06982_,256.005µm
systolic_arrays\[0\].systolic_array_inst.b_wire\[3\]\[11\],255.64µm
_02394_,255.605µm
threads\[0\].fma_instance.r3_weighted\[7\],255µm
_00562_,254.805µm
net620,254.69µm
clknet_6_47_0_clk,254.47µm
_17638_,254.36µm
alu_out\[0\]\[1\],253.51µm
_20915_,253.505µm
_16232_,253.44µm
net671,253.41µm
net609,253.245µm
net1377,253.24µm
_15992_,253.1µm
_16719_,252.92µm
net718,252.905µm
pipe_rd_data\[0\]\[15\],252.81µm
_12477_,252.62µm
_18202_,252µm
net1374,251.82µm
_18155_,251.2µm
net727,250.925µm
net980,250.865µm
net677,250.81µm
_00553_,250.625µm
net645,250.445µm
systolic_arrays\[0\].systolic_array_inst.g_row\[0\].g_col\[0\].pe.r2_mantissa\[13\],250.37µm
pipe_rd_data\[3\]\[1\],249.93µm
net640,249.84µm
systolic_arrays\[0\].systolic_array_inst.g_row\[0\].g_col\[0\].pe.clear_acc,249.68µm
_04937_,249.36µm
_18110_,249.35µm
_16379_,248.93µm
net544,248.65µm
_18144_,248.51µm
net660,248.475µm
systolic_arrays\[1\].systolic_array_inst.b_reg\[15\],248.26µm
_17779_,247.6µm
net865,247.52µm
systolic_arrays\[1\].systolic_array_inst.g_row\[1\].g_col\[0\].pe.r2_mantissa\[7\],247.46µm
net619,247.18µm
_10726_,247.14µm
_18268_,247.02µm
net935,246.7µm
threads\[0\].fma_instance.r3_weighted\[2\],246.3µm
net1027,246.18µm
net785,246.06µm
_16626_,245.265µm
net818,244.86µm
_18620_,244.38µm
_00556_,244.365µm
_16105_,244.305µm
_17927_,244.14µm
net668,244.03µm
_17973_,243.955µm
current_pc\[1\],243.64µm
_17628_,243.46µm
_12474_,243.1µm
_00902_,242.465µm
net728,242.365µm
_01632_,242.225µm
_00035_,242.18µm
_17955_,241.65µm
net681,241.62µm
clknet_6_8_0_clk,241.13µm
net801,241.11µm
systolic_arrays\[0\].systolic_array_inst.b_wire\[3\]\[13\],240.99µm
net517,240.72µm
net719,240.36µm
net734,240.18µm
net615,240.105µm
net623,240.035µm
net1090,239.46µm
net649,239.36µm
_00535_,239.235µm
systolic_arrays\[1\].systolic_array_inst.g_row\[0\].g_col\[1\].pe.r2_mantissa\[13\],238.595µm
_00909_,238.34µm
_14441_,238.29µm
_16848_,237.96µm
systolic_arrays\[0\].systolic_array_inst.a_wire\[0\]\[13\],237.825µm
_18229_,237.64µm
threads\[0\].fma_instance.r3_weighted\[3\],237.19µm
clknet_6_46_0_clk,237.12µm
net686,237.035µm
_05802_,236.7µm
net674,236.64µm
_20935_,236.22µm
pipe_rd_data\[2\]\[3\],235.815µm
systolic_arrays\[0\].systolic_array_inst.a_wire\[0\]\[11\],235.705µm
_18055_,235.68µm
systolic_arrays\[0\].systolic_array_inst.g_row\[0\].g_col\[1\].pe.r2_mantissa\[0\],235.475µm
_16109_,235.4µm
_18101_,235.18µm
net673,235.1µm
alu_out\[0\]\[0\],235.085µm
systolic_arrays\[1\].systolic_array_inst.g_row\[0\].g_col\[1\].pe.r2_mantissa\[11\],234.28µm
_17610_,234.22µm
net689,233.17µm
_08566_,232.98µm
clknet_6_59_0_clk,232.515µm
_17964_,232.46µm
net669,232.37µm
net698,232.185µm
systolic_arrays\[1\].systolic_array_inst.b_reg\[13\],232.12µm
net770,231.935µm
_18045_,231.335µm
net802,230.64µm
_16356_,230.41µm
_12815_,230.285µm
net651,230.05µm
_16504_,229.965µm
net1200,229.76µm
systolic_arrays\[1\].systolic_array_inst.a_reg\[1\],229.48µm
net697,229.2µm
_08578_,229.14µm
_00570_,229.12µm
net776,228.98µm
net605,228.92µm
systolic_arrays\[1\].systolic_array_inst.g_row\[0\].g_col\[1\].pe.r3_prod_mant\[12\],228.58µm
net618,228.57µm
_11700_,228.41µm
systolic_arrays\[1\].systolic_array_inst.g_row\[1\].g_col\[1\].pe.r2_mantissa\[0\],228.21µm
_00576_,228.145µm
_12809_,227.84µm
net1199,227.76µm
clknet_6_52_0_clk,227.64µm
net642,227.62µm
net675,227.565µm
_18569_,227.38µm
clknet_6_28_0_clk,227.25µm
systolic_arrays\[0\].systolic_array_inst.g_row\[1\].g_col\[1\].pe.r4_acc\[7\],227.18µm
_18034_,227.08µm
_08191_,226.6µm
_21992_,226.27µm
_01650_,226.065µm
_16840_,225.82µm
net632,225.73µm
net606,225.595µm
net791,225.32µm
_00056_,225.06µm
net1091,224.74µm
_10479_,224.66µm
_17639_,224.57µm
systolic_arrays\[0\].systolic_array_inst.g_row\[0\].g_col\[0\].pe.r2_mantissa\[0\],224.51µm
net772,224.455µm
systolic_arrays\[1\].systolic_array_inst.g_row\[0\].g_col\[1\].pe.r3_prod_mant\[11\],224.44µm
net1233,224.39µm
clknet_6_62_0_clk,224.14µm
_18152_,224.035µm
act_out\[1\]\[9\],223.93µm
_00569_,223.77µm
net603,223.58µm
net729,223.39µm
_16255_,223.3µm
clknet_6_1_0_clk,222.82µm
net687,222.19µm
clknet_6_60_0_clk,221.96µm
_07014_,221.92µm
systolic_arrays\[1\].systolic_array_inst.g_row\[0\].g_col\[1\].pe.r2_mantissa\[7\],221.895µm
_18392_,221.6µm
lsu_out\[2\]\[13\],221.52µm
act_out\[1\]\[14\],221.37µm
net630,221.3µm
net621,220.63µm
net554,220.1µm
_17966_,219.81µm
_22091_,219.78µm
_03504_,219.2µm
lsu_out\[3\]\[4\],219.08µm
clknet_6_32_0_clk,219.02µm
systolic_arrays\[0\].systolic_array_inst.g_row\[0\].g_col\[1\].pe.acc_out\[15\],218.8µm
_17877_,218.235µm
_04669_,218.23µm
net778,217.96µm
alu_out\[0\]\[3\],217.85µm
_13661_,217.75µm
net614,217.63µm
_20925_,217.375µm
_16366_,217.175µm
_17635_,217.1µm
_00918_,217.085µm
systolic_arrays\[0\].systolic_array_inst.g_row\[1\].g_col\[1\].pe.r2_mantissa\[0\],217.06µm
net499,217.02µm
net661,217µm
clknet_6_51_0_clk,216.77µm
_12276_,216.72µm
systolic_arrays\[1\].systolic_array_inst.b_reg\[7\],216.67µm
_16355_,216.49µm
_10485_,216.225µm
net672,215.755µm
net723,215.695µm
_00571_,215.445µm
clknet_6_10_0_clk,215.34µm
systolic_arrays\[0\].systolic_array_inst.g_row\[1\].g_col\[0\].pe.r2_mantissa\[3\],215.33µm
_20957_,214.62µm
net647,214.475µm
_01628_,214.115µm
_18572_,214.03µm
net794,213.8µm
_00517_,213.765µm
act_out\[1\]\[8\],213.65µm
pipe_rd_data\[2\]\[12\],213.6µm
_00533_,213.185µm
_17808_,212.78µm
net793,212.74µm
_09741_,212.62µm
net804,212.61µm
net602,212.49µm
net1230,212.48µm
systolic_arrays\[0\].systolic_array_inst.g_row\[0\].g_col\[1\].pe.r2_mantissa\[9\],211.935µm
systolic_arrays\[0\].systolic_array_inst.g_row\[1\].g_col\[0\].pe.r4_acc\[6\],211.8µm
systolic_arrays\[1\].systolic_array_inst.g_row\[1\].g_col\[0\].pe.acc_abs\[0\],211.765µm
_18129_,211.41µm
_14244_,211.155µm
systolic_arrays\[0\].systolic_array_inst.g_row\[1\].g_col\[1\].pe.r4_acc\[5\],211.1µm
_17425_,210.57µm
_12473_,210.535µm
_00575_,210.445µm
_03482_,210.33µm
_01674_,210.19µm
systolic_arrays\[1\].systolic_array_inst.g_row\[1\].g_col\[0\].pe.r4_acc\[13\],209.32µm
_16862_,209.25µm
_00561_,209.03µm
_09873_,208.79µm
_18179_,208.63µm
clknet_6_38_0_clk,208.61µm
_00528_,208.58µm
_16239_,208.18µm
systolic_arrays\[0\].systolic_array_inst.g_row\[1\].g_col\[0\].pe.r3_prod_mant\[0\],208.115µm
net1203,207.985µm
_04644_,207.93µm
net699,207.705µm
_18041_,207.58µm
_16359_,206.98µm
alu_out\[0\]\[7\],206.875µm
net730,206.82µm
clknet_6_50_0_clk,206.74µm
_01618_,206.725µm
_10553_,206.64µm
current_pc\[0\],206.54µm
lsu_out\[2\]\[10\],206.54µm
_18189_,206.5µm
net685,206.45µm
lsu_out\[2\]\[12\],206.35µm
lsu_out\[2\]\[15\],206.26µm
systolic_arrays\[1\].systolic_array_inst.g_row\[0\].g_col\[1\].pe.r3_prod_mant\[13\],206.12µm
_06991_,206.03µm
_17721_,205.77µm
clknet_6_55_0_clk,205.65µm
_12489_,205.6µm
net899,205.445µm
_18061_,205.25µm
current_pc\[2\],205.19µm
_01630_,204.965µm
_19799_,204.84µm
_00914_,204.585µm
net841,204.35µm
_18263_,204.32µm
_18194_,204.3µm
systolic_arrays\[1\].systolic_array_inst.b_reg\[9\],204.13µm
_20948_,203.89µm
lsu_out\[2\]\[4\],203.86µm
systolic_arrays\[0\].systolic_array_inst.g_row\[0\].g_col\[1\].pe.r2_mantissa\[6\],203.435µm
net803,203.34µm
net797,203.31µm
_08944_,203.15µm
net1092,203.12µm
clknet_6_3_0_clk,203.04µm
net1232,203.02µm
_00899_,202.975µm
active_mask\[1\],202.78µm
systolic_arrays\[1\].systolic_array_inst.g_row\[0\].g_col\[1\].pe.r3_prod_mant\[0\],202.1µm
net868,202.04µm
net773,201.905µm
_12277_,201.855µm
net955,201.855µm
_09872_,201.58µm
systolic_arrays\[1\].systolic_array_inst.g_row\[1\].g_col\[1\].pe.r2_mantissa\[7\],201.555µm
_17442_,201.52µm
_17607_,201.5µm
pipe_ret,201.26µm
_18107_,200.88µm
_17462_,200.49µm
net822,200.32µm
systolic_arrays\[0\].systolic_array_inst.g_row\[0\].g_col\[1\].pe.r2_mantissa\[8\],200.195µm
_00527_,200.165µm
net731,200.1µm
_00514_,200.065µm
clknet_6_37_0_clk,199.94µm
clknet_6_58_0_clk,199.94µm
net1087,199.855µm
_17619_,199.72µm
_12810_,199.705µm
threads\[2\].fma_instance.r3_weighted\[15\],199.42µm
_00558_,198.735µm
_16129_,198.415µm
_00550_,198.215µm
_17564_,198.045µm
act_out\[0\]\[8\],197.97µm
net1014,197.92µm
net848,197.375µm
net792,197.09µm
_05789_,196.98µm
net796,196.94µm
_00518_,196.725µm
_17598_,196.7µm
net821,196.7µm
_17767_,196.605µm
_21939_,196.58µm
systolic_arrays\[0\].systolic_array_inst.g_row\[1\].g_col\[0\].pe.r4_acc\[5\],196.32µm
net1204,196.1µm
clknet_6_21_0_clk,196.01µm
_08099_,195.8µm
systolic_arrays\[0\].systolic_array_inst.g_row\[1\].g_col\[1\].pe.r3_prod_mant\[0\],195.74µm
_18025_,195.72µm
net774,195.5µm
systolic_arrays\[1\].systolic_array_inst.g_row\[1\].g_col\[0\].pe.r4_acc\[3\],195.42µm
systolic_arrays\[1\].systolic_array_inst.g_row\[1\].g_col\[0\].pe.r4_acc\[12\],195.34µm
clknet_6_49_0_clk,195.16µm
_17484_,195.125µm
_04584_,194.92µm
_18606_,194.88µm
_18074_,194.805µm
_17898_,194.75µm
net510,194.73µm
systolic_arrays\[1\].systolic_array_inst.g_row\[1\].g_col\[0\].pe.r4_acc\[4\],194.42µm
systolic_arrays\[0\].systolic_array_inst.g_row\[1\].g_col\[1\].pe.r2_mantissa\[7\],194.41µm
alu_out\[0\]\[4\],194.35µm
_18079_,194.25µm
_17549_,194.13µm
_10823_,194.11µm
_16750_,194.1µm
lsu_out\[2\]\[11\],194.02µm
net1227,194.02µm
net616,193.92µm
_03305_,193.82µm
_17601_,193.8µm
systolic_arrays\[0\].systolic_array_inst.b_reg\[21\],193.59µm
_17162_,193.51µm
_18013_,193.36µm
lsu_out\[2\]\[5\],193.36µm
systolic_arrays\[0\].systolic_array_inst.g_row\[1\].g_col\[0\].pe.r2_mantissa\[0\],193.36µm
_17561_,193.25µm
_18147_,193.1µm
systolic_arrays\[0\].systolic_array_inst.g_row\[1\].g_col\[0\].pe.r3_prod_mant\[1\],193.04µm
threads\[1\].fma_instance.r3_signed\[0\],192.86µm
_00052_,192.795µm
net66,192.705µm
net1426,192.68µm
net639,192.28µm
lsu_out\[2\]\[7\],192.06µm
net638,192µm
_10824_,191.865µm
_13888_,191.55µm
_10487_,191.485µm
systolic_arrays\[0\].systolic_array_inst.g_row\[1\].g_col\[1\].pe.r2_mantissa\[11\],191.47µm
alu_out\[1\]\[9\],190.71µm
_12472_,190.645µm
clknet_6_16_0_clk,190.62µm
net1202,190.38µm
_00515_,190.235µm
systolic_arrays\[0\].systolic_array_inst.g_row\[1\].g_col\[1\].pe.r4_acc\[4\],189.92µm
systolic_arrays\[0\].systolic_array_inst.g_row\[1\].g_col\[0\].pe.r4_acc\[7\],189.88µm
net815,189.82µm
systolic_arrays\[0\].systolic_array_inst.g_row\[1\].g_col\[1\].pe.r4_acc\[6\],189.625µm
net688,189.61µm
_01627_,189.5µm
_17979_,189.35µm
net827,188.86µm
_09875_,188.78µm
_16348_,188.66µm
_17481_,188.47µm
pipe_rd_data\[1\]\[10\],188.28µm
pipe_rd_data\[2\]\[15\],188.09µm
pipe_rd_data\[3\]\[3\],188.07µm
systolic_arrays\[1\].systolic_array_inst.g_row\[0\].g_col\[1\].pe.acc_out\[15\],187.795µm
_12064_,187.46µm
clknet_6_39_0_clk,187.45µm
systolic_arrays\[1\].systolic_array_inst.g_row\[1\].g_col\[0\].pe.r4_acc\[14\],187.44µm
current_pc\[7\],187.41µm
clknet_6_24_0_clk,187.16µm
systolic_arrays\[1\].systolic_array_inst.g_row\[0\].g_col\[1\].pe.r2_mantissa\[5\],186.92µm
_16874_,186.78µm
_16528_,186.62µm
clknet_6_31_0_clk,186.39µm
net732,186.3µm
lsu_out\[3\]\[8\],186.22µm
systolic_arrays\[1\].systolic_array_inst.g_row\[1\].g_col\[0\].pe.r4_acc\[1\],186.12µm
_00898_,186.025µm
net1201,185.9µm
lsu_out\[2\]\[9\],185.57µm
_17500_,185.19µm
_01654_,185.185µm
_00921_,185.135µm
_00513_,184.825µm
_18030_,184.63µm
_01691_,184.52µm
_12177_,184.425µm
lsu_out\[2\]\[1\],184.42µm
_09863_,184.2µm
lsu_out\[3\]\[11\],184.16µm
_08607_,184.04µm
systolic_arrays\[1\].systolic_array_inst.g_row\[1\].g_col\[0\].pe.r4_acc\[2\],183.9µm
net853,183.86µm
systolic_arrays\[0\].systolic_array_inst.g_row\[1\].g_col\[1\].pe.acc_abs\[0\],183.655µm
_00555_,183.615µm
clknet_6_12_0_clk,183.6µm
_17637_,183.48µm
clknet_6_44_0_clk,183.41µm
net996,183.39µm
clknet_6_29_0_clk,182.81µm
net1152,182.74µm
_18022_,182.69µm
net631,182.635µm
_21944_,182.58µm
lsu_out\[1\]\[10\],182.535µm
_17858_,182.52µm
_18406_,182.45µm
net644,182.42µm
_17629_,182.41µm
current_pc\[3\],182.045µm
net838,181.98µm
_17502_,181.84µm
act_out\[1\]\[11\],181.76µm
net413,181.695µm
systolic_arrays\[1\].systolic_array_inst.b_reg\[11\],181.35µm
_18071_,181.2µm
net629,181µm
clknet_6_27_0_clk,180.865µm
systolic_arrays\[1\].systolic_array_inst.g_row\[1\].g_col\[1\].pe.r2_mantissa\[11\],180.675µm
net1407,180.54µm
_15567_,180.5µm
net795,180.3µm
_17532_,180.265µm
net775,180.16µm
_00572_,180.025µm
clknet_6_40_0_clk,179.7µm
_10488_,179.61µm
systolic_arrays\[1\].systolic_array_inst.a_reg\[0\],179.5µm
_17726_,179.33µm
systolic_arrays\[0\].systolic_array_inst.b_wire\[3\]\[14\],179.21µm
_17437_,179.155µm
_17580_,179.07µm
_00565_,178.925µm
_17559_,178.7µm
_00887_,178.585µm
_08895_,178.475µm
_00520_,178.405µm
_09759_,178.32µm
_17800_,178.2µm
clknet_6_54_0_clk,178.1µm
_00525_,178.085µm
_18324_,177.78µm
branch_target\[1\],177.73µm
systolic_arrays\[0\].systolic_array_inst.g_row\[1\].g_col\[1\].pe.r4_acc\[1\],177.43µm
lsu_out\[1\]\[11\],177.42µm
_17596_,176.64µm
_18092_,176.48µm
_11946_,176.36µm
_00568_,176.205µm
_15856_,176.2µm
_17799_,176.15µm
_17987_,176.03µm
net994,176.005µm
_05784_,175.84µm
_16133_,175.8µm
_18149_,175.67µm
alu_out\[0\]\[5\],175.56µm
systolic_arrays\[1\].systolic_array_inst.g_row\[1\].g_col\[0\].pe.r4_acc\[6\],175.2µm
_17398_,175.12µm
_16344_,175.1µm
_19790_,175.04µm
_18305_,174.94µm
_01823_,174.885µm
clknet_6_30_0_clk,174.81µm
_00062_,174.785µm
_18090_,174.78µm
_18118_,174.72µm
clknet_6_48_0_clk,174.7µm
_17710_,174.58µm
_07005_,174.29µm
_00523_,174.085µm
_17809_,174.04µm
_18016_,174µm
_16236_,173.985µm
_08897_,173.83µm
_08480_,173.79µm
_18611_,173.705µm
_20821_,173.62µm
net777,173.605µm
pipe_nzp_write_enable,173.46µm
clknet_6_26_0_clk,173.46µm
systolic_arrays\[0\].systolic_array_inst.a_wire\[0\]\[12\],173.275µm
systolic_arrays\[0\].systolic_array_inst.a_reg\[21\],173.24µm
threads\[1\].fma_instance.r3_weighted\[2\],173.2µm
systolic_arrays\[0\].systolic_array_inst.b_reg\[10\],173.01µm
threads\[1\].fma_instance.r3_weighted\[3\],172.91µm
systolic_arrays\[0\].systolic_array_inst.b_reg\[0\],172.74µm
_18313_,172.72µm
clknet_6_17_0_clk,172.465µm
_00516_,172.235µm
clknet_6_45_0_clk,171.88µm
_17465_,171.635µm
systolic_arrays\[1\].systolic_array_inst.g_row\[1\].g_col\[0\].pe.r4_acc\[5\],171.6µm
_17512_,171.32µm
_04524_,171.3µm
systolic_arrays\[1\].systolic_array_inst.g_row\[1\].g_col\[0\].pe.r2_mantissa\[0\],171.265µm
net666,170.785µm
systolic_arrays\[0\].systolic_array_inst.g_row\[0\].g_col\[1\].pe.r2_mantissa\[10\],170.465µm
_17493_,170.39µm
net1276,170.24µm
net500,170.19µm
_00522_,170.105µm
_21887_,170.06µm
lsu_out\[2\]\[2\],169.69µm
_06878_,169.44µm
_16370_,169.43µm
net665,169.42µm
_17586_,169.34µm
systolic_arrays\[1\].systolic_array_inst.g_row\[1\].g_col\[0\].pe.r4_acc\[11\],169.14µm
_17761_,169.1µm
net1028,169.05µm
systolic_arrays\[0\].systolic_array_inst.b_reg\[5\],168.96µm
_14056_,168.81µm
_09879_,168.53µm
systolic_arrays\[0\].systolic_array_inst.a_wire\[1\]\[15\],168.46µm
net497,168.46µm
_03301_,168.36µm
net782,168.35µm
_00566_,168.32µm
threads\[1\].fma_instance.r3_weighted\[1\],168.275µm
_08265_,168.21µm
_09877_,167.87µm
net800,167.65µm
net1294,167.5µm
_05839_,167.07µm
net1344,166.94µm
_17514_,166.855µm
net1089,166.53µm
_03351_,166.38µm
_08488_,166.36µm
_17895_,166.34µm
_11701_,166.245µm
net1362,166.1µm
_17490_,166.08µm
_10164_,165.95µm
_01719_,165.88µm
_08043_,165.78µm
clknet_6_61_0_clk,165.65µm
_00521_,165.495µm
_20910_,165.12µm
net779,164.86µm
clknet_6_53_0_clk,164.16µm
systolic_arrays\[1\].systolic_array_inst.b_reg\[14\],164µm
_13662_,163.995µm
_06807_,163.84µm
_17589_,163.75µm
clknet_6_9_0_clk,163.74µm
_17614_,163.6µm
_03495_,163.51µm
_08216_,163.51µm
_16514_,163.48µm
_17848_,163.34µm
_10552_,163.26µm
_12483_,163.145µm
clknet_6_19_0_clk,163.09µm
clknet_6_23_0_clk,163.06µm
pipe_rd_data\[2\]\[0\],163.05µm
net637,162.94µm
_01642_,162.925µm
_17647_,162.88µm
clknet_6_35_0_clk,162.77µm
_08471_,162.725µm
_17662_,162.67µm
_16864_,162.02µm
systolic_arrays\[1\].systolic_array_inst.g_row\[1\].g_col\[1\].pe.acc_out\[15\],161.945µm
threads\[0\].fma_instance.sign_r2,161.71µm
clknet_6_36_0_clk,161.68µm
_05787_,161.62µm
_17890_,161.56µm
systolic_arrays\[0\].systolic_array_inst.g_row\[1\].g_col\[1\].pe.r2_mantissa\[9\],161.515µm
systolic_arrays\[1\].systolic_array_inst.g_row\[0\].g_col\[1\].pe.r4_acc\[4\],161.42µm
clknet_6_41_0_clk,161.3µm
_16267_,161.285µm
net657,161.26µm
_10275_,161.11µm
_10163_,160.95µm
_13889_,160.92µm
net780,160.87µm
pipe_mem_read_enable,160.76µm
current_pc\[4\],160.71µm
_17807_,160.7µm
systolic_arrays\[0\].systolic_array_inst.g_row\[1\].g_col\[0\].pe.acc_out\[15\],160.63µm
_03415_,160.48µm
systolic_arrays\[1\].systolic_array_inst.g_row\[0\].g_col\[1\].pe.r2_mantissa\[0\],160.44µm
systolic_arrays\[1\].systolic_array_inst.b_reg\[18\],160.2µm
alu_out\[1\]\[10\],160.12µm
_17604_,159.85µm
_00046_,159.78µm
_00908_,159.76µm
act_out\[0\]\[11\],159.725µm
_17523_,159.51µm
net1295,158.935µm
systolic_arrays\[1\].systolic_array_inst.g_row\[1\].g_col\[0\].pe.r2_mantissa\[6\],158.815µm
_00538_,158.795µm
_17646_,158.77µm
_00064_,158.29µm
_11520_,158.08µm
_00541_,157.925µm
_17984_,157.81µm
_00530_,157.725µm
_08046_,157.68µm
_15837_,157.66µm
_17873_,157.62µm
_05788_,157.54µm
_10645_,157.31µm
_14248_,157.22µm
_00869_,157.205µm
lsu_out\[3\]\[2\],157.03µm
_00911_,156.9µm
_14160_,156.72µm
systolic_arrays\[0\].systolic_array_inst.g_row\[1\].g_col\[0\].pe.r4_acc\[4\],156.64µm
clknet_6_4_0_clk,156.6µm
_12210_,156.44µm
_17471_,156.42µm
net1425,156.18µm
_14700_,155.97µm
_18456_,155.37µm
_04633_,155.24µm
net496,155.16µm
_16524_,155.085µm
_17768_,155.02µm
systolic_arrays\[0\].systolic_array_inst.g_row\[0\].g_col\[1\].pe.r2_mantissa\[2\],154.975µm
_00567_,154.905µm
_03296_,154.8µm
scheduler_instance.branch_diverge_inst.stack_ptr\[0\],154.36µm
_17830_,154.15µm
alu_out\[2\]\[5\],154.125µm
clknet_6_56_0_clk,154.04µm
systolic_arrays\[1\].systolic_array_inst.a_reg\[8\],153.99µm
_09897_,153.97µm
pipe_rd_data\[2\]\[8\],153.76µm
_15996_,153.565µm
net67,152.88µm
_17567_,152.86µm
lsu_out\[1\]\[12\],152.695µm
_08479_,152.64µm
_13794_,152.62µm
clknet_6_34_0_clk,152.21µm
systolic_arrays\[0\].systolic_array_inst.g_row\[1\].g_col\[0\].pe.r4_acc\[8\],152.07µm
_00542_,152.065µm
_00868_,151.94µm
_17839_,151.68µm
lsu_out\[3\]\[9\],151.56µm
_06811_,151.06µm
_03286_,151.05µm
_00574_,151.015µm
_00872_,150.94µm
systolic_arrays\[1\].systolic_array_inst.a_reg\[14\],150.69µm
net610,150.56µm
systolic_arrays\[0\].systolic_array_inst.b_reg\[3\],150.48µm
_14257_,150.41µm
_18613_,150.39µm
_01624_,150.125µm
_13395_,150.06µm
net798,149.98µm
_16895_,149.85µm
_17407_,149.82µm
_00543_,149.755µm
act_out\[1\]\[1\],149.39µm
systolic_arrays\[0\].systolic_array_inst.g_row\[0\].g_col\[1\].pe.r2_mantissa\[4\],149.345µm
_10791_,149.32µm
systolic_arrays\[1\].systolic_array_inst.g_row\[0\].g_col\[0\].pe.acc_out\[15\],149.025µm
_05848_,148.965µm
_00916_,148.765µm
_17546_,148.57µm
systolic_arrays\[0\].systolic_array_inst.g_row\[0\].g_col\[0\].pe.r3_prod_mant\[0\],148.37µm
_08268_,148.22µm
lsu_out\[2\]\[6\],148µm
_17538_,147.97µm
_17788_,147.97µm
clknet_6_33_0_clk,147.96µm
systolic_arrays\[1\].systolic_array_inst.g_row\[1\].g_col\[0\].pe.r2_mantissa\[13\],147.805µm
_14732_,147.785µm
_11019_,147.73µm
_17642_,147.63µm
pipe_rd_data\[2\]\[14\],147.58µm
clknet_6_11_0_clk,147.56µm
_17965_,147.48µm
_00539_,147.425µm
fma_out\[3\]\[13\],147.42µm
systolic_arrays\[0\].systolic_array_inst.b_reg\[19\],147.42µm
_16511_,147.345µm
_17446_,147.26µm
systolic_arrays\[1\].systolic_array_inst.g_row\[0\].g_col\[1\].pe.r3_prod_mant\[10\],147.08µm
_17557_,146.87µm
clknet_6_18_0_clk,145.9µm
_17903_,145.87µm
_14605_,145.82µm
_17434_,145.63µm
lsu_out\[3\]\[3\],145.42µm
_10360_,145.32µm
clknet_6_2_0_clk,145.1µm
systolic_arrays\[0\].systolic_array_inst.g_row\[1\].g_col\[1\].pe.r4_acc\[3\],145.09µm
_11436_,144.94µm
_14701_,144.82µm
_05826_,144.74µm
_00930_,144.665µm
_15568_,144.605µm
_00915_,144.485µm
fma_out\[3\]\[10\],144.28µm
_00536_,144.185µm
clknet_6_57_0_clk,144.17µm
lsu_out\[1\]\[13\],144.15µm
_17753_,144.14µm
_00531_,143.995µm
pipe_rd_data\[3\]\[12\],143.99µm
_16746_,143.885µm
_17612_,143.79µm
_11830_,143.52µm
threads\[0\].pc_instance.nzp\[2\],143.36µm
_17453_,143.3µm
_17654_,143.2µm
systolic_arrays\[1\].systolic_array_inst.g_row\[0\].g_col\[1\].pe.r2_mantissa\[9\],143.195µm
_11863_,143.06µm
_10365_,142.98µm
_14161_,142.98µm
_17457_,142.875µm
_09871_,142.42µm
clknet_6_13_0_clk,142.42µm
_09865_,142.4µm
systolic_arrays\[1\].systolic_array_inst.g_row\[0\].g_col\[0\].pe.r2_mantissa\[0\],142.32µm
_08361_,142.14µm
pipe_rd_data\[1\]\[0\],142.1µm
_17913_,142.09µm
_18230_,142.04µm
_08104_,142.005µm
threads\[3\].fma_instance.r3_weighted\[15\],141.84µm
pipe_rd_data\[2\]\[7\],141.72µm
systolic_arrays\[0\].systolic_array_inst.g_row\[0\].g_col\[0\].pe.acc_out\[15\],141.38µm
_08229_,141.36µm
pipe_rd_data\[3\]\[6\],141µm
pipe_mem_write_enable,140.92µm
_01646_,140.865µm
systolic_arrays\[0\].systolic_array_inst.g_row\[1\].g_col\[0\].pe.r2_mantissa\[5\],140.71µm
_19732_,140.6µm
net771,140.58µm
systolic_arrays\[1\].systolic_array_inst.a_wire\[1\]\[13\],140.34µm
_06805_,140.18µm
systolic_arrays\[1\].systolic_array_inst.g_row\[0\].g_col\[0\].pe.r2_mantissa\[1\],140.115µm
clknet_6_6_0_clk,140.11µm
_17474_,140.1µm
_08475_,139.91µm
threads\[2\].fma_instance.r3_signed\[0\],139.9µm
_17530_,139.88µm
fma_out\[3\]\[12\],139.58µm
_16016_,139.4µm
lsu_out\[2\]\[14\],139.13µm
_00519_,139.095µm
systolic_arrays\[1\].systolic_array_inst.g_row\[0\].g_col\[1\].pe.r4_acc\[5\],139.02µm
_10044_,138.85µm
_16672_,138.82µm
systolic_arrays\[0\].systolic_array_inst.a_reg\[19\],138.7µm
systolic_arrays\[1\].systolic_array_inst.g_row\[1\].g_col\[1\].pe.r2_mantissa\[13\],138.655µm
_17593_,138.5µm
_11479_,138.39µm
systolic_arrays\[0\].systolic_array_inst.b_reg\[9\],138.25µm
systolic_arrays\[1\].systolic_array_inst.g_row\[0\].g_col\[1\].pe.r2_mantissa\[2\],138.195µm
systolic_arrays\[1\].systolic_array_inst.g_row\[1\].g_col\[0\].pe.r2_mantissa\[9\],137.865µm
net832,137.86µm
_17766_,137.8µm
_14247_,137.795µm
_17864_,137.76µm
systolic_arrays\[1\].systolic_array_inst.g_row\[1\].g_col\[0\].pe.acc_out\[15\],137.3µm
_17950_,137.2µm
_17541_,137.145µm
_00919_,136.985µm
systolic_arrays\[1\].systolic_array_inst.g_row\[1\].g_col\[0\].pe.r4_acc\[10\],136.96µm
_14397_,136.8µm
net993,136.68µm
_00900_,136.535µm
alu_out\[0\]\[6\],136.4µm
net682,136.38µm
_17886_,136.36µm
_17920_,136.3µm
_00537_,136.285µm
current_pc\[6\],136.22µm
pipe_rd_data\[1\]\[3\],136.16µm
act_out\[3\]\[9\],136.05µm
threads\[0\].pc_instance.nzp\[0\],135.89µm
systolic_arrays\[1\].systolic_array_inst.g_row\[1\].g_col\[0\].pe.r4_acc\[7\],135.71µm
net1435,135.68µm
net1434,135.6µm
lsu_out\[2\]\[8\],135.36µm
systolic_arrays\[1\].systolic_array_inst.g_row\[0\].g_col\[1\].pe.r3_prod_mant\[9\],135.09µm
_17520_,134.87µm
clknet_6_25_0_clk,134.58µm
alu_out\[2\]\[10\],134.5µm
branch_target\[3\],134.49µm
_09753_,134.32µm
_13576_,134.23µm
systolic_arrays\[1\].systolic_array_inst.a_reg\[12\],134.22µm
_17525_,134.18µm
_09870_,133.89µm
net501,133.82µm
_19647_,133.42µm
pipe_rd_data\[1\]\[14\],133.28µm
systolic_arrays\[1\].systolic_array_inst.g_row\[0\].g_col\[0\].pe.r3_prod_mant\[7\],133.14µm
clknet_6_15_0_clk,133.14µm
_16793_,133.12µm
lsu_out\[3\]\[0\],133.03µm
_18294_,132.98µm
_06815_,132.9µm
lsu_out\[1\]\[14\],132.795µm
systolic_arrays\[1\].systolic_array_inst.g_row\[0\].g_col\[1\].pe.r4_acc\[7\],132.52µm
lsu_out\[2\]\[3\],132.14µm
lsu_out\[1\]\[7\],131.93µm
systolic_arrays\[1\].systolic_array_inst.g_row\[0\].g_col\[0\].pe.r3_prod_mant\[8\],131.61µm
pipe_rd_data\[3\]\[13\],131.51µm
_09899_,131.42µm
net633,131.33µm
_17976_,131.16µm
_00526_,131.085µm
_17924_,130.92µm
systolic_arrays\[1\].systolic_array_inst.g_row\[1\].g_col\[0\].pe.r4_acc\[8\],130.9µm
_13151_,130.73µm
_14734_,130.6µm
_11377_,130.52µm
systolic_arrays\[0\].systolic_array_inst.b_reg\[22\],130.48µm
_09736_,130.34µm
_17933_,130.34µm
systolic_arrays\[0\].systolic_array_inst.a_reg\[30\],130.22µm
systolic_arrays\[0\].systolic_array_inst.g_row\[0\].g_col\[0\].pe.r4_acc\[1\],130.15µm
systolic_arrays\[0\].systolic_array_inst.b_reg\[14\],129.86µm
_17743_,129.84µm
threads\[1\].fma_instance.r3_weighted\[15\],129.83µm
systolic_arrays\[0\].systolic_array_inst.g_row\[0\].g_col\[0\].pe.r3_prod_mant\[1\],129.81µm
systolic_arrays\[0\].systolic_array_inst.g_row\[0\].g_col\[0\].pe.acc_abs\[0\],129.79µm
_12360_,129.775µm
systolic_arrays\[0\].systolic_array_inst.b_reg\[23\],129.76µm
net879,129.65µm
_16302_,129.58µm
systolic_arrays\[1\].systolic_array_inst.g_row\[0\].g_col\[1\].pe.acc_abs\[0\],129.54µm
systolic_arrays\[1\].systolic_array_inst.g_row\[0\].g_col\[1\].pe.r4_acc\[6\],129.46µm
clknet_6_5_0_clk,129.07µm
_07667_,129.06µm
_01707_,128.96µm
alu_out\[1\]\[12\],128.85µm
systolic_arrays\[0\].systolic_array_inst.b_reg\[27\],128.82µm
_09584_,128.38µm
_17676_,128.32µm
_17941_,128.08µm
systolic_arrays\[1\].systolic_array_inst.g_row\[0\].g_col\[1\].pe.r4_acc\[3\],128.08µm
_03285_,127.51µm
_17679_,127.38µm
_00544_,127.365µm
lsu_out\[1\]\[5\],127.295µm
_17565_,127.16µm
_11862_,126.98µm
_13545_,126.96µm
_09742_,126.63µm
systolic_arrays\[1\].systolic_array_inst.a_reg\[11\],126.45µm
act_out\[2\]\[1\],126.12µm
_10175_,125.68µm
_16566_,125.58µm
_13936_,125.47µm
systolic_arrays\[0\].systolic_array_inst.g_row\[1\].g_col\[1\].pe.r2_mantissa\[13\],125.385µm
_06247_,125.38µm
_05792_,125.26µm
net1136,125.18µm
_00540_,124.435µm
systolic_arrays\[1\].systolic_array_inst.g_row\[0\].g_col\[0\].pe.r3_prod_mant\[0\],124.38µm
systolic_arrays\[0\].systolic_array_inst.b_reg\[29\],124.24µm
_10018_,124.16µm
pipe_rd_data\[1\]\[12\],124.02µm
net646,123.85µm
_09828_,123.78µm
branch_target\[0\],123.69µm
fma_out\[3\]\[2\],123.69µm
systolic_arrays\[0\].systolic_array_inst.g_row\[1\].g_col\[1\].pe.r2_mantissa\[10\],123.42µm
net364,123.36µm
clknet_6_14_0_clk,123.32µm
_16410_,123.3µm
_08476_,123.295µm
_08478_,123.28µm
_15977_,122.83µm
net823,122.78µm
lsu_out\[1\]\[2\],122.69µm
_18434_,122.65µm
_18207_,122.57µm
systolic_arrays\[0\].systolic_array_inst.g_row\[1\].g_col\[1\].pe.r2_mantissa\[8\],122.565µm
_17667_,122.54µm
clknet_6_20_0_clk,122.05µm
_17543_,121.54µm
net404,121.52µm
_18091_,121.46µm
pipe_rd_data\[1\]\[13\],121.42µm
_13795_,121.32µm
_10816_,121.23µm
_01633_,121.18µm
systolic_arrays\[1\].systolic_array_inst.g_row\[1\].g_col\[1\].pe.r2_mantissa\[9\],121.155µm
threads\[0\].fma_instance.r3_weighted\[8\],121.08µm
systolic_arrays\[1\].systolic_array_inst.a_reg\[10\],120.92µm
systolic_arrays\[1\].systolic_array_inst.b_reg\[30\],120.84µm
_09821_,120.8µm
threads\[0\].pc_instance.nzp\[1\],120.75µm
_00885_,120.725µm
_10176_,120.46µm
_00564_,120.425µm
_16279_,120.38µm
net726,120.28µm
_00888_,120.225µm
net1350,120.2µm
_10245_,119.96µm
_08367_,119.88µm
_16786_,119.86µm
_09463_,119.62µm
_12655_,119.34µm
_01617_,119.065µm
_08267_,118.99µm
act_out\[2\]\[4\],118.96µm
_17519_,118.94µm
_17733_,118.87µm
_00029_,118.6µm
_08215_,118.6µm
_17015_,118.245µm
systolic_arrays\[1\].systolic_array_inst.g_row\[1\].g_col\[1\].pe.acc_abs\[0\],117.98µm
_03293_,117.94µm
pipe_reg_write_enable,117.88µm
_17688_,117.78µm
_10491_,117.64µm
_16783_,117.525µm
_13475_,117.4µm
_03289_,117.28µm
_16012_,117.235µm
_18054_,117.1µm
_13822_,117µm
_20196_,116.94µm
_08262_,116.42µm
_18048_,116.3µm
systolic_arrays\[1\].systolic_array_inst.g_row\[0\].g_col\[1\].pe.r4_acc\[2\],116.3µm
systolic_arrays\[0\].systolic_array_inst.b_reg\[16\],116.1µm
_09823_,115.94µm
alu_out\[1\]\[15\],115.92µm
_18161_,115.91µm
_11951_,115.9µm
systolic_arrays\[0\].systolic_array_inst.b_reg\[2\],115.615µm
_16772_,115.04µm
_00044_,114.98µm
_11964_,114.75µm
current_pc\[5\],114.71µm
_00066_,114.705µm
_12063_,114.68µm
_17889_,114.68µm
_06816_,114.66µm
_02660_,114.58µm
_14262_,114.49µm
lsu_out\[1\]\[9\],114.23µm
pipe_reg_input_mux\[2\],114.16µm
fma_out\[3\]\[3\],113.77µm
_18282_,113.73µm
net504,113.6µm
pipe_rd_data\[1\]\[1\],113.58µm
_15878_,113.485µm
systolic_arrays\[0\].systolic_array_inst.b_reg\[1\],113.46µm
systolic_arrays\[1\].systolic_array_inst.g_row\[0\].g_col\[0\].pe.r4_acc\[7\],113.38µm
_12189_,113.33µm
systolic_arrays\[0\].systolic_array_inst.g_row\[1\].g_col\[1\].pe.r4_acc\[2\],113.21µm
_13942_,112.92µm
threads\[1\].fma_instance.r3_weighted\[4\],112.87µm
_16405_,112.865µm
_18051_,112.84µm
_15697_,112.76µm
net498,112.75µm
systolic_arrays\[1\].systolic_array_inst.g_row\[1\].g_col\[0\].pe.r4_acc\[9\],112.56µm
branch_target\[7\],112.5µm
_16271_,112.46µm
_13512_,112.38µm
fma_out\[3\]\[14\],112.375µm
pipe_reg_input_mux\[0\],112.34µm
_17829_,112.31µm
_18109_,112.3µm
_06819_,112.24µm
_12190_,112.14µm
systolic_arrays\[0\].systolic_array_inst.g_row\[0\].g_col\[0\].pe.r4_acc\[2\],112.11µm
_17636_,112.1µm
threads\[2\].fma_instance.r3_weighted\[1\],111.95µm
clknet_leaf_553_clk,111.89µm
_17535_,111.74µm
_02662_,111.6µm
_16564_,111.425µm
alu_out\[2\]\[7\],111.325µm
_17708_,111.1µm
_06225_,111.04µm
_18522_,110.94µm
_17915_,110.88µm
systolic_arrays\[1\].systolic_array_inst.b_reg\[16\],110.86µm
_18348_,110.84µm
current_pc\[8\],110.78µm
_18457_,110.73µm
_08359_,110.595µm
systolic_arrays\[1\].systolic_array_inst.g_row\[1\].g_col\[0\].pe.r2_mantissa\[2\],110.55µm
_17952_,110.54µm
net881,110.46µm
_05791_,110.4µm
systolic_arrays\[1\].systolic_array_inst.g_row\[0\].g_col\[1\].pe.r3_prod_mant\[8\],110.4µm
_16788_,110.305µm
_15836_,110.275µm
_01643_,110.26µm
_11534_,110.22µm
_15698_,110.16µm
_15176_,109.97µm
_17416_,109.89µm
net781,109.875µm
net830,109.78µm
_09894_,109.74µm
_12364_,109.52µm
alu_out\[1\]\[13\],109.46µm
_17592_,109.24µm
scheduler_instance.branch_diverge_inst.stack_ptr\[1\],109.15µm
diverged,109.105µm
_16110_,109.09µm
_17678_,108.995µm
_10373_,108.86µm
_12374_,108.42µm
net1169,108.36µm
systolic_arrays\[1\].systolic_array_inst.b_reg\[24\],108.35µm
_01625_,108.285µm
lsu_out\[2\]\[0\],108.02µm
_10173_,107.88µm
systolic_arrays\[0\].systolic_array_inst.g_row\[0\].g_col\[0\].pe.r2_mantissa\[11\],107.705µm
_04451_,107.62µm
_10220_,107.6µm
systolic_arrays\[0\].systolic_array_inst.b_reg\[20\],107.42µm
systolic_arrays\[1\].systolic_array_inst.g_row\[0\].g_col\[1\].pe.r4_acc\[1\],107.4µm
_07419_,107.3µm
systolic_arrays\[0\].systolic_array_inst.b_reg\[28\],107.19µm
_08362_,107.12µm
net1145,107.06µm
_16275_,107.005µm
_01656_,106.995µm
_12694_,106.92µm
_14055_,106.92µm
act_out\[2\]\[3\],106.72µm
net353,106.65µm
act_out\[3\]\[11\],106.62µm
_18167_,106.38µm
_17943_,106.14µm
_17730_,106.11µm
systolic_arrays\[1\].systolic_array_inst.g_row\[0\].g_col\[0\].pe.r2_mantissa\[13\],106.09µm
_00903_,105.725µm
pipe_rd_data\[0\]\[6\],105.72µm
clknet_6_0_0_clk,105.72µm
_15702_,105.67µm
_15884_,105.645µm
_11492_,105.55µm
systolic_arrays\[0\].systolic_array_inst.g_row\[0\].g_col\[1\].pe.r4_acc\[14\],105.38µm
_14429_,105.28µm
pipe_rd_data\[2\]\[10\],105.18µm
_18099_,104.52µm
_18119_,104.38µm
systolic_arrays\[1\].systolic_array_inst.b_reg\[23\],104.32µm
lsu_out\[3\]\[7\],104.26µm
_17711_,104.2µm
_21984_,104.18µm
systolic_arrays\[0\].systolic_array_inst.g_row\[1\].g_col\[0\].pe.r4_acc\[12\],104.12µm
systolic_arrays\[0\].systolic_array_inst.b_reg\[7\],104µm
pipe_rd_data\[0\]\[0\],103.86µm
systolic_arrays\[1\].systolic_array_inst.g_row\[0\].g_col\[0\].pe.r3_prod_mant\[9\],103.815µm
lsu_out\[3\]\[6\],103.74µm
systolic_arrays\[0\].systolic_array_inst.b_reg\[30\],103.52µm
_01615_,103.495µm
systolic_arrays\[1\].systolic_array_inst.g_row\[0\].g_col\[0\].pe.r3_prod_mant\[1\],103.42µm
systolic_arrays\[1\].systolic_array_inst.g_row\[1\].g_col\[0\].pe.r3_prod_mant\[3\],103.24µm
_19031_,102.99µm
_12728_,102.94µm
lsu_out\[3\]\[14\],102.86µm
_16310_,102.76µm
net347,102.68µm
_10368_,102.59µm
systolic_arrays\[0\].systolic_array_inst.g_row\[0\].g_col\[0\].pe.r4_acc\[3\],102.38µm
_16667_,102.305µm
pipe_rd_data\[3\]\[4\],102.1µm
alu_out\[1\]\[14\],101.765µm
_03894_,101.66µm
_15031_,101.58µm
systolic_arrays\[0\].systolic_array_inst.b_reg\[8\],101.5µm
_04453_,101.43µm
net1313,101.4µm
_12206_,101.28µm
_17750_,101.28µm
_12375_,101.27µm
_07165_,101.14µm
branch_target\[2\],101.13µm
_11541_,100.9µm
systolic_arrays\[1\].systolic_array_inst.g_row\[0\].g_col\[0\].pe.r3_prod_mant\[3\],100.88µm
pipe_nzp\[2\],100.82µm
_11587_,100.74µm
_11378_,100.7µm
systolic_arrays\[1\].systolic_array_inst.g_row\[0\].g_col\[1\].pe.r4_acc\[8\],100.62µm
pipe_rd_data\[0\]\[4\],100.58µm
_10374_,100.44µm
systolic_arrays\[1\].systolic_array_inst.g_row\[1\].g_col\[0\].pe.r3_prod_mant\[2\],100.02µm
branch_target\[6\],99.91µm
systolic_arrays\[1\].systolic_array_inst.g_row\[1\].g_col\[0\].pe.r3_prod_mant\[4\],99.74µm
_01819_,99.645µm
_16816_,99.46µm
lsu_out\[3\]\[12\],99.42µm
_11170_,99.4µm
_10165_,99.36µm
_17641_,99.36µm
systolic_arrays\[1\].systolic_array_inst.g_row\[0\].g_col\[1\].pe.r2_mantissa\[10\],99.305µm
act_out\[2\]\[2\],99.28µm
_13671_,99.24µm
_17454_,99.22µm
alu_out\[2\]\[0\],99.185µm
_16032_,99.1µm
_17876_,99.04µm
systolic_arrays\[1\].systolic_array_inst.a_reg\[13\],98.9µm
clknet_6_7_0_clk,98.78µm
_21953_,98.69µm
_07420_,98.62µm
_10583_,98.58µm
act_out\[3\]\[4\],98.56µm
_17701_,98.54µm
_17616_,98.44µm
pipe_rd_data\[3\]\[2\],98.395µm
_16000_,98.3µm
_09495_,98.24µm
_01692_,98.225µm
systolic_arrays\[0\].systolic_array_inst.g_row\[0\].g_col\[0\].pe.r4_acc\[4\],98.03µm
systolic_arrays\[0\].systolic_array_inst.g_row\[0\].g_col\[1\].pe.acc_abs\[0\],97.96µm
_17704_,97.89µm
systolic_arrays\[1\].systolic_array_inst.b_reg\[10\],97.865µm
_17935_,97.86µm
_14271_,97.74µm
_05770_,97.695µm
lsu_out\[1\]\[4\],97.675µm
_16767_,97.43µm
_08547_,97.24µm
pipe_rd_data\[0\]\[3\],97.22µm
lsu_out\[3\]\[10\],97.04µm
_17148_,96.92µm
_17613_,96.88µm
pipe_rd_data\[3\]\[10\],96.8µm
_05711_,96.5µm
_08368_,96.46µm
_14453_,96.42µm
act_out\[1\]\[6\],96.28µm
_17401_,96.055µm
systolic_arrays\[0\].systolic_array_inst.g_row\[0\].g_col\[0\].pe.r3_prod_mant\[2\],96.04µm
net1390,95.96µm
_18117_,95.94µm
net503,95.9µm
_17673_,95.86µm
_17675_,95.86µm
pipe_rd_data\[3\]\[5\],95.64µm
net1141,95.54µm
_09146_,95.42µm
_11222_,95.38µm
net1164,95.305µm
_08365_,95.235µm
net1517,95.14µm
systolic_arrays\[1\].systolic_array_inst.g_row\[0\].g_col\[1\].pe.r3_prod_mant\[7\],95.06µm
threads\[0\].fma_instance.r3_weighted\[9\],95.03µm
_08556_,94.9µm
lsu_out\[1\]\[6\],94.695µm
_12229_,94.56µm
net896,94.42µm
fma_out\[1\]\[2\],94.42µm
clknet_leaf_124_clk,94.35µm
systolic_arrays\[1\].systolic_array_inst.b_wire\[3\]\[4\],94.34µm
_10257_,94.3µm
_09310_,94.26µm
_15696_,94.22µm
_17556_,94.14µm
systolic_arrays\[0\].systolic_array_inst.g_row\[1\].g_col\[0\].pe.r4_acc\[10\],94.08µm
_17789_,94.03µm
act_out\[1\]\[5\],94.015µm
act_out\[1\]\[2\],93.85µm
_18073_,93.7µm
systolic_arrays\[1\].systolic_array_inst.g_row\[0\].g_col\[1\].pe.r2_mantissa\[8\],93.63µm
_17866_,93.6µm
systolic_arrays\[1\].systolic_array_inst.b_wire\[3\]\[2\],93.6µm
_10138_,93.51µm
_14106_,93.42µm
threads\[2\].register_instance.registers\[4\]\[6\],93.38µm
_14902_,93.3µm
_00874_,93.165µm
_12180_,93.06µm
lsu_out\[1\]\[8\],93.035µm
pipe_rd_data\[0\]\[14\],93.02µm
_08678_,92.96µm
systolic_arrays\[1\].systolic_array_inst.g_row\[0\].g_col\[0\].pe.r3_prod_mant\[10\],92.96µm
alu_out\[3\]\[4\],92.945µm
_16299_,92.925µm
_06823_,92.75µm
_13601_,92.64µm
clknet_leaf_149_clk,92.5µm
threads\[1\].fma_instance.r3_weighted\[5\],92.46µm
_17956_,92.44µm
_09814_,92.34µm
_17608_,92.34µm
clknet_6_22_0_clk,92.2µm
_10215_,92.195µm
_19926_,92.19µm
clknet_6_43_0_clk,92.19µm
systolic_arrays\[1\].systolic_array_inst.b_reg\[19\],92.16µm
_01620_,91.905µm
alu_out\[2\]\[12\],91.86µm
_15898_,91.84µm
_12365_,91.67µm
_16423_,91.645µm
_09312_,91.52µm
_18173_,91.47µm
_10698_,91.46µm
systolic_arrays\[0\].systolic_array_inst.g_row\[1\].g_col\[0\].pe.r4_acc\[9\],91.38µm
_02769_,91.28µm
_09115_,91.185µm
_06793_,91.18µm
_08369_,91.095µm
net1225,91.04µm
_12623_,90.96µm
_12371_,90.94µm
_18113_,90.87µm
_20761_,90.84µm
alu_out\[0\]\[14\],90.78µm
_08271_,90.71µm
alu_out\[2\]\[4\],90.58µm
_17867_,90.54µm
_20173_,90.46µm
_16243_,90.385µm
_09892_,90.36µm
_09541_,90.34µm
_01710_,90.2µm
_17977_,89.98µm
systolic_arrays\[1\].systolic_array_inst.g_row\[0\].g_col\[0\].pe.r3_prod_mant\[5\],89.96µm
_13821_,89.88µm
systolic_arrays\[0\].systolic_array_inst.g_row\[1\].g_col\[0\].pe.r2_sign,89.84µm
_08661_,89.7µm
_08252_,89.64µm
branch_target\[5\],89.63µm
_12366_,89.62µm
_20895_,89.28µm
net1518,89.12µm
_05134_,89.08µm
_07411_,89.08µm
_17998_,89.04µm
_10592_,88.94µm
_06322_,88.88µm
clknet_leaf_460_clk,88.74µm
act_out\[3\]\[2\],88.6µm
clknet_leaf_442_clk,88.58µm
systolic_arrays\[1\].systolic_array_inst.g_row\[1\].g_col\[0\].pe.r3_prod_mant\[7\],88.54µm
_16709_,88.505µm
_15984_,88.44µm
_10366_,88.34µm
_04480_,88.21µm
_17736_,88.21µm
_17993_,88.04µm
systolic_arrays\[0\].systolic_array_inst.g_row\[0\].g_col\[0\].pe.r3_prod_mant\[3\],88.02µm
_10967_,87.965µm
pipe_rd_data\[0\]\[7\],87.96µm
_17578_,87.88µm
_16779_,87.82µm
_04457_,87.76µm
_06316_,87.65µm
_06801_,87.6µm
alu_out\[2\]\[2\],87.5µm
_10199_,87.44µm
_04851_,87.42µm
_15851_,87.385µm
systolic_arrays\[1\].systolic_array_inst.g_row\[1\].g_col\[1\].pe.r4_acc\[5\],87.34µm
lsu_out\[1\]\[0\],87.335µm
act_out\[3\]\[1\],87.12µm
clknet_leaf_347_clk,87.02µm
lsu_out\[1\]\[15\],86.98µm
systolic_arrays\[0\].systolic_array_inst.a_reg\[16\],86.88µm
_14461_,86.8µm
_08351_,86.76µm
systolic_arrays\[1\].systolic_array_inst.g_row\[1\].g_col\[0\].pe.r3_prod_mant\[1\],86.74µm
_11981_,86.7µm
systolic_arrays\[0\].systolic_array_inst.g_row\[1\].g_col\[0\].pe.r2_mantissa\[9\],86.59µm
systolic_arrays\[1\].systolic_array_inst.g_row\[1\].g_col\[0\].pe.r3_prod_mant\[14\],86.525µm
_18265_,86.52µm
clknet_leaf_130_clk,86.44µm
_11577_,86.36µm
lsu_out\[1\]\[1\],86.295µm
_06799_,86.22µm
systolic_arrays\[1\].systolic_array_inst.g_row\[1\].g_col\[1\].pe.r4_acc\[12\],86.14µm
_03898_,86.06µm
_15700_,86.04µm
_05716_,85.99µm
systolic_arrays\[0\].systolic_array_inst.g_row\[0\].g_col\[1\].pe.r4_acc\[1\],85.88µm
_11414_,85.72µm
net612,85.68µm
systolic_arrays\[1\].systolic_array_inst.a_reg\[9\],85.66µm
systolic_arrays\[0\].systolic_array_inst.g_row\[0\].g_col\[1\].pe.r4_acc\[2\],85.62µm
_18400_,85.6µm
pipe_rd_data\[1\]\[4\],85.54µm
_21001_,85.5µm
_16413_,85.485µm
_13760_,85.46µm
pipe_rd_data\[2\]\[6\],85.4µm
_10256_,85.37µm
_16622_,85.28µm
net352,85.235µm
_14198_,85.22µm
net895,85.12µm
clknet_leaf_463_clk,85.08µm
_13750_,85.06µm
_14267_,85.02µm
_13270_,84.96µm
pipe_rd_data\[0\]\[10\],84.93µm
_20250_,84.84µm
_15882_,84.76µm
_05131_,84.74µm
_12616_,84.72µm
net1351,84.68µm
net1228,84.68µm
_21268_,84.66µm
_10227_,84.655µm
_14265_,84.62µm
pipe_rd_data\[0\]\[5\],84.6µm
_10233_,84.57µm
_01688_,84.56µm
_18182_,84.52µm
_10317_,84.44µm
systolic_arrays\[1\].systolic_array_inst.g_row\[1\].g_col\[0\].pe.r3_prod_mant\[5\],84.3µm
_02299_,84.04µm
_18267_,83.88µm
_00867_,83.84µm
_02770_,83.8µm
_02982_,83.68µm
_17749_,83.68µm
_19931_,83.68µm
_11271_,83.66µm
_03155_,83.62µm
_10588_,83.54µm
lsu_out\[3\]\[13\],83.44µm
net611,83.4µm
clknet_leaf_187_clk,83.4µm
alu_out\[2\]\[11\],83.385µm
act_out\[2\]\[5\],83.34µm
_05891_,83.32µm
_11556_,83.26µm
_10166_,83.18µm
pipe_rd_address\[3\],83.12µm
_18175_,83.02µm
systolic_arrays\[1\].systolic_array_inst.g_row\[0\].g_col\[0\].pe.r4_acc\[13\],82.98µm
_05965_,82.97µm
_03507_,82.74µm
_08366_,82.57µm
systolic_arrays\[0\].systolic_array_inst.g_row\[0\].g_col\[1\].pe.r4_acc\[12\],82.54µm
_07613_,82.53µm
_04468_,82.5µm
_04503_,82.5µm
_20448_,82.48µm
systolic_arrays\[1\].systolic_array_inst.g_row\[0\].g_col\[1\].pe.r4_acc\[11\],82.48µm
_07046_,82.42µm
systolic_arrays\[0\].systolic_array_inst.g_row\[0\].g_col\[1\].pe.r4_acc\[13\],82.4µm
systolic_arrays\[1\].systolic_array_inst.g_row\[1\].g_col\[0\].pe.r3_prod_mant\[8\],82.4µm
systolic_arrays\[1\].systolic_array_inst.g_row\[1\].g_col\[1\].pe.r4_acc\[6\],82.14µm
_05144_,82.13µm
_04447_,82.12µm
_19936_,82.1µm
act_out\[2\]\[11\],82.07µm
_18273_,82.06µm
_06942_,82.04µm
_09881_,82.04µm
_17684_,82.02µm
_10628_,81.95µm
systolic_arrays\[1\].systolic_array_inst.g_row\[1\].g_col\[1\].pe.r4_acc\[10\],81.915µm
net1728,81.84µm
net505,81.76µm
_09755_,81.62µm
systolic_arrays\[1\].systolic_array_inst.g_row\[0\].g_col\[1\].pe.r4_acc\[12\],81.62µm
_15890_,81.59µm
_18343_,81.5µm
_20171_,81.41µm
_00053_,81.28µm
systolic_arrays\[1\].systolic_array_inst.g_row\[1\].g_col\[1\].pe.r4_acc\[11\],81.28µm
_16466_,81.24µm
_16546_,81.215µm
net1135,81.14µm
_10594_,81.115µm
systolic_arrays\[0\].systolic_array_inst.g_row\[0\].g_col\[0\].pe.r2_mantissa\[9\],81.115µm
_14155_,81.1µm
_13744_,81.08µm
_11368_,81.06µm
_13202_,80.96µm
systolic_arrays\[1\].systolic_array_inst.g_row\[1\].g_col\[0\].pe.r3_prod_mant\[13\],80.92µm
_17959_,80.88µm
clknet_leaf_140_clk,80.86µm
_17436_,80.845µm
_12326_,80.82µm
lsu_out\[1\]\[3\],80.74µm
_15704_,80.68µm
systolic_arrays\[0\].systolic_array_inst.g_row\[1\].g_col\[0\].pe.acc_abs\[0\],80.64µm
systolic_arrays\[1\].systolic_array_inst.g_row\[1\].g_col\[0\].pe.r3_prod_mant\[6\],80.56µm
_16429_,80.525µm
_02775_,80.46µm
_20098_,80.45µm
_01652_,80.405µm
systolic_arrays\[1\].systolic_array_inst.g_row\[1\].g_col\[0\].pe.r3_prod_mant\[11\],80.365µm
_01644_,80.265µm
_21293_,80.24µm
_01636_,80.2µm
_21936_,80.2µm
net1347,80.2µm
_01693_,80.165µm
_20719_,80.14µm
_08775_,80.04µm
_16530_,79.985µm
net1142,79.94µm
_14087_,79.92µm
threads\[0\].register_instance.registers\[5\]\[14\],79.89µm
_17640_,79.8µm
_01821_,79.765µm
_17715_,79.72µm
_01613_,79.715µm
_13789_,79.7µm
lsu_out\[0\]\[8\],79.61µm
_07633_,79.55µm
_14258_,79.5µm
pipe_rd_data\[2\]\[4\],79.5µm
_17602_,79.48µm
threads\[0\].register_instance.registers\[2\]\[9\],79.48µm
systolic_arrays\[1\].systolic_array_inst.g_row\[1\].g_col\[1\].pe.r2_mantissa\[10\],79.425µm
_00529_,79.405µm
_16711_,79.34µm
_05143_,79.3µm
_20170_,79.24µm
_10492_,79.1µm
_12560_,79µm
_17653_,78.94µm
systolic_arrays\[1\].systolic_array_inst.g_row\[0\].g_col\[0\].pe.r3_prod_mant\[2\],78.92µm
systolic_arrays\[0\].systolic_array_inst.g_row\[0\].g_col\[1\].pe.r4_acc\[3\],78.86µm
_18159_,78.72µm
systolic_arrays\[1\].systolic_array_inst.g_row\[0\].g_col\[0\].pe.r3_prod_mant\[11\],78.7µm
alu_out\[2\]\[15\],78.68µm
_16496_,78.645µm
pipe_rd_data\[1\]\[11\],78.625µm
_13753_,78.62µm
_00904_,78.6µm
_12358_,78.51µm
threads\[3\].register_instance.registers\[4\]\[8\],78.455µm
_05854_,78.44µm
systolic_arrays\[0\].systolic_array_inst.g_row\[0\].g_col\[0\].pe.r2_mantissa\[4\],78.435µm
_09445_,78.4µm
_15217_,78.32µm
threads\[1\].register_instance.registers\[9\]\[2\],78.295µm
_11272_,78.24µm
_21345_,78.205µm
_04445_,78.12µm
_08333_,78.12µm
_18009_,78.1µm
_13433_,78.08µm
_03541_,78.02µm
systolic_arrays\[0\].systolic_array_inst.g_row\[0\].g_col\[0\].pe.r3_prod_mant\[4\],78.02µm
_03283_,77.88µm
systolic_arrays\[1\].systolic_array_inst.g_row\[1\].g_col\[1\].pe.r4_acc\[8\],77.825µm
_17404_,77.78µm
_18340_,77.78µm
_05796_,77.76µm
_21361_,77.66µm
net1302,77.66µm
_21974_,77.65µm
clknet_leaf_508_clk,77.62µm
lsu_out\[0\]\[11\],77.615µm
_16418_,77.57µm
_16434_,77.57µm
_10314_,77.56µm
clknet_leaf_520_clk,77.54µm
_11269_,77.5µm
_12807_,77.46µm
pipe_nzp\[1\],77.405µm
_01614_,77.345µm
alu_out\[3\]\[6\],77.34µm
_15980_,77.325µm
_19588_,77.3µm
systolic_arrays\[1\].systolic_array_inst.g_row\[0\].g_col\[0\].pe.r4_acc\[11\],77.24µm
_08731_,77.18µm
_10912_,77.16µm
_22089_,77.16µm
_13739_,76.98µm
_16397_,76.945µm
_10277_,76.9µm
_13348_,76.88µm
done,76.83µm
systolic_arrays\[1\].systolic_array_inst.g_row\[0\].g_col\[1\].pe.r4_acc\[9\],76.75µm
_07192_,76.7µm
systolic_arrays\[1\].systolic_array_inst.g_row\[0\].g_col\[1\].pe.r3_prod_mant\[1\],76.63µm
net1446,76.605µm
systolic_arrays\[0\].systolic_array_inst.g_row\[1\].g_col\[0\].pe.r4_acc\[13\],76.58µm
fma_out\[1\]\[0\],76.53µm
_17110_,76.52µm
_16426_,76.5µm
_10230_,76.38µm
_03271_,76.34µm
_05933_,76.34µm
clknet_leaf_344_clk,76.29µm
_12207_,76.28µm
_10267_,76.26µm
_05894_,76.22µm
threads\[3\].lsu_instance.mem_write_valid,76.22µm
_07678_,76.16µm
_10178_,76.13µm
clknet_leaf_436_clk,76.1µm
lsu_out\[0\]\[13\],75.95µm
_10575_,75.88µm
_15258_,75.86µm
threads\[2\].register_instance.registers\[7\]\[3\],75.79µm
_09189_,75.76µm
systolic_arrays\[0\].systolic_array_inst.a_reg\[14\],75.7µm
pipe_rd_data\[1\]\[7\],75.66µm
_15727_,75.54µm
_07467_,75.44µm
_11331_,75.44µm
_20765_,75.44µm
threads\[2\].register_instance.registers\[4\]\[2\],75.385µm
_18023_,75.34µm
net1441,75.245µm
_14460_,75.24µm
_18254_,75.22µm
systolic_arrays\[1\].systolic_array_inst.g_row\[0\].g_col\[0\].pe.r2_mantissa\[10\],75.165µm
_06798_,75.16µm
threads\[3\].register_instance.registers\[2\]\[0\],75.005µm
systolic_arrays\[1\].systolic_array_inst.a_reg\[26\],74.96µm
threads\[0\].register_instance.registers\[6\]\[3\],74.86µm
lsu_out\[0\]\[15\],74.85µm
systolic_arrays\[0\].systolic_array_inst.g_row\[0\].g_col\[0\].pe.valid_s1,74.8µm
_05047_,74.76µm
_10915_,74.72µm
_06368_,74.68µm
_17875_,74.68µm
_11565_,74.66µm
_13405_,74.66µm
threads\[0\].register_instance.registers\[7\]\[4\],74.655µm
_16283_,74.645µm
net1447,74.64µm
pipe_rd_data\[1\]\[8\],74.615µm
_18008_,74.6µm
_03040_,74.58µm
systolic_arrays\[1\].systolic_array_inst.g_row\[0\].g_col\[0\].pe.r4_acc\[12\],74.58µm
_12232_,74.48µm
_06826_,74.46µm
_07513_,74.4µm
_12150_,74.39µm
_18368_,74.32µm
_03273_,74.26µm
_07032_,74.24µm
_21892_,74.18µm
_01612_,74.045µm
_18003_,74.04µm
systolic_arrays\[1\].systolic_array_inst.g_row\[1\].g_col\[1\].pe.r4_acc\[1\],74.035µm
_08283_,73.98µm
_08513_,73.95µm
threads\[3\].lsu_instance.mem_read_valid,73.95µm
systolic_arrays\[1\].systolic_array_inst.b_wire\[3\]\[13\],73.84µm
systolic_arrays\[0\].systolic_array_inst.g_row\[0\].g_col\[1\].pe.r2_mantissa\[13\],73.8µm
systolic_arrays\[1\].systolic_array_inst.g_row\[1\].g_col\[1\].pe.r4_acc\[7\],73.8µm
_17455_,73.77µm
_01695_,73.725µm
alu_out\[2\]\[13\],73.68µm
lsu_out\[3\]\[5\],73.68µm
_14059_,73.67µm
_18310_,73.64µm
_11603_,73.62µm
_02772_,73.55µm
_14068_,73.55µm
threads\[0\].fma_instance.r3_weighted\[10\],73.53µm
_11965_,73.44µm
clknet_leaf_574_clk,73.44µm
_14188_,73.42µm
net1312,73.42µm
clknet_leaf_142_clk,73.38µm
_02777_,73.36µm
_04444_,73.32µm
alu_out\[3\]\[3\],73.3µm
_18302_,73.24µm
_12341_,73.02µm
_17562_,72.92µm
systolic_arrays\[0\].systolic_array_inst.g_row\[0\].g_col\[0\].pe.r2_mantissa\[12\],72.845µm
_14086_,72.84µm
_04462_,72.76µm
_15976_,72.76µm
net1231,72.625µm
_12586_,72.62µm
systolic_arrays\[1\].systolic_array_inst.g_row\[0\].g_col\[1\].pe.r2_mantissa\[12\],72.61µm
alu_out\[0\]\[15\],72.6µm
systolic_arrays\[1\].systolic_array_inst.g_row\[1\].g_col\[1\].pe.r4_acc\[9\],72.58µm
_17686_,72.52µm
_11453_,72.47µm
_09756_,72.46µm
systolic_arrays\[1\].systolic_array_inst.g_row\[0\].g_col\[1\].pe.r3_prod_mant\[6\],72.44µm
clknet_leaf_411_clk,72.42µm
_15692_,72.4µm
_15309_,72.38µm
net393,72.38µm
_14221_,72.34µm
threads\[1\].fma_instance.r3_weighted\[6\],72.32µm
_07561_,72.1µm
threads\[3\].fma_instance.r3_signed\[0\],72.08µm
_07144_,71.96µm
pipe_rd_data\[3\]\[11\],71.96µm
systolic_arrays\[0\].systolic_array_inst.g_row\[0\].g_col\[0\].pe.r4_acc\[8\],71.905µm
clknet_leaf_354_clk,71.9µm
_08986_,71.86µm
_02766_,71.84µm
_15706_,71.79µm
net502,71.76µm
systolic_arrays\[1\].systolic_array_inst.b_reg\[25\],71.75µm
_04461_,71.7µm
pipe_pc_mux,71.64µm
_03901_,71.54µm
_09263_,71.52µm
_00055_,71.5µm
pipe_rd_address\[2\],71.46µm
_01673_,71.425µm
_17888_,71.42µm
pipe_rd_address\[1\],71.395µm
_04464_,71.22µm
_16377_,71.22µm
fma_out\[1\]\[11\],71.12µm
_04471_,71.1µm
fma_out\[1\]\[5\],71.1µm
_05335_,71.08µm
_06835_,71.03µm
_11831_,71.03µm
_10133_,71µm
_18695_,71µm
_17995_,70.97µm
threads\[1\].register_instance.registers\[4\]\[2\],70.96µm
_03620_,70.95µm
_03277_,70.93µm
_16498_,70.88µm
_06378_,70.82µm
_18006_,70.7µm
_18322_,70.68µm
_20777_,70.67µm
_05892_,70.66µm
clknet_leaf_336_clk,70.66µm
_10202_,70.62µm
_05192_,70.56µm
_10666_,70.54µm
_12178_,70.525µm
threads\[3\].register_instance.registers\[8\]\[2\],70.525µm
act_out\[0\]\[0\],70.49µm
_14255_,70.38µm
threads\[3\].register_instance.registers\[10\]\[2\],70.36µm
systolic_arrays\[0\].systolic_array_inst.a_reg\[3\],70.24µm
_06794_,70.22µm
net1322,70.22µm
systolic_arrays\[1\].systolic_array_inst.g_row\[0\].g_col\[0\].pe.r4_acc\[14\],70.22µm
_04440_,70.2µm
_09883_,70.18µm
_16402_,70.16µm
_03547_,70.12µm
_17831_,70.12µm
_18157_,70.12µm
threads\[3\].register_instance.registers\[5\]\[2\],70.12µm
systolic_arrays\[0\].systolic_array_inst.g_row\[1\].g_col\[1\].pe.r2_mantissa\[6\],70.115µm
clknet_leaf_355_clk,70.08µm
_17506_,69.96µm
branch_target\[4\],69.89µm
_10559_,69.86µm
_18171_,69.86µm
systolic_arrays\[0\].systolic_array_inst.g_row\[1\].g_col\[0\].pe.r4_acc\[11\],69.82µm
net1150,69.8µm
_15855_,69.76µm
_10342_,69.75µm
_09172_,69.65µm
_08611_,69.64µm
_06266_,69.62µm
systolic_arrays\[0\].systolic_array_inst.b_reg\[4\],69.56µm
clknet_leaf_281_clk,69.56µm
_17643_,69.5µm
act_out\[0\]\[9\],69.485µm
_08520_,69.46µm
_05193_,69.44µm
threads\[2\].register_instance.registers\[5\]\[1\],69.4µm
_14142_,69.38µm
_08275_,69.21µm
_08242_,69.2µm
_12678_,69.19µm
_17780_,69.16µm
_13734_,69.12µm
_18320_,69.1µm
act_out\[3\]\[8\],69.09µm
threads\[2\].fma_instance.r3_weighted\[8\],69µm
_15860_,68.96µm
_19535_,68.84µm
clknet_leaf_544_clk,68.78µm
_12340_,68.75µm
clknet_leaf_475_clk,68.75µm
_07466_,68.74µm
net1444,68.735µm
_14107_,68.71µm
_03085_,68.7µm
net1160,68.6µm
_08505_,68.56µm
_20299_,68.5µm
_20444_,68.46µm
threads\[2\].register_instance.registers\[12\]\[4\],68.46µm
_18555_,68.4µm
systolic_arrays\[1\].systolic_array_inst.g_row\[0\].g_col\[0\].pe.r3_prod_mant\[6\],68.4µm
_11495_,68.3µm
_08186_,68.24µm
_07031_,68.23µm
_10495_,68.16µm
_19584_,68.02µm
_10192_,67.98µm
net1151,67.94µm
net1345,67.9µm
systolic_arrays\[1\].systolic_array_inst.g_row\[1\].g_col\[0\].pe.r3_prod_mant\[9\],67.9µm
pipe_nzp\[0\],67.865µm
alu_out\[0\]\[2\],67.86µm
_10172_,67.78µm
_10418_,67.77µm
clknet_leaf_22_clk,67.76µm
threads\[0\].register_instance.registers\[11\]\[9\],67.71µm
_15549_,67.64µm
_11988_,67.62µm
_10773_,67.58µm
alu_out\[2\]\[3\],67.525µm
_10025_,67.48µm
_13623_,67.48µm
_15708_,67.44µm
_16199_,67.425µm
_14293_,67.16µm
threads\[1\].register_instance.registers\[9\]\[0\],67.15µm
_11545_,67.14µm
clknet_leaf_537_clk,67.14µm
_00870_,66.995µm
pipe_rd_data\[2\]\[11\],66.98µm
net392,66.92µm
_10493_,66.91µm
systolic_arrays\[1\].systolic_array_inst.g_row\[0\].g_col\[0\].pe.acc_abs\[0\],66.905µm
_10452_,66.9µm
_02399_,66.88µm
systolic_arrays\[0\].systolic_array_inst.g_row\[1\].g_col\[0\].pe.r2_mantissa\[6\],66.865µm
_08356_,66.86µm
threads\[2\].register_instance.registers\[7\]\[4\],66.835µm
_00882_,66.825µm
threads\[3\].register_instance.registers\[4\]\[4\],66.815µm
_12561_,66.78µm
systolic_arrays\[0\].systolic_array_inst.b_wire\[2\]\[8\],66.78µm
fma_out\[3\]\[5\],66.76µm
_03691_,66.72µm
_11330_,66.68µm
_00034_,66.665µm
_00920_,66.665µm
alu_out\[3\]\[5\],66.66µm
_17985_,66.64µm
_14745_,66.5µm
_09187_,66.42µm
_10796_,66.42µm
systolic_arrays\[1\].systolic_array_inst.g_row\[0\].g_col\[0\].pe.r3_prod_mant\[13\],66.42µm
net1443,66.385µm
_09112_,66.28µm
pipe_rd_data\[0\]\[11\],66.28µm
systolic_arrays\[0\].systolic_array_inst.g_row\[0\].g_col\[0\].pe.r4_acc\[9\],66.26µm
systolic_arrays\[1\].systolic_array_inst.b_reg\[17\],66.2µm
threads\[1\].register_instance.registers\[3\]\[13\],66.17µm
_11371_,66.16µm
_11974_,66.08µm
_12486_,66.08µm
_02409_,66.06µm
_08489_,66µm
systolic_arrays\[0\].systolic_array_inst.g_row\[0\].g_col\[0\].pe.r4_acc\[7\],66µm
clknet_leaf_24_clk,65.98µm
_10214_,65.94µm
systolic_arrays\[0\].systolic_array_inst.g_row\[1\].g_col\[0\].pe.r4_acc\[1\],65.94µm
pipe_rd_data\[1\]\[5\],65.93µm
clknet_leaf_33_clk,65.92µm
_13731_,65.88µm
_18361_,65.82µm
systolic_arrays\[1\].systolic_array_inst.b_reg\[28\],65.8µm
_11551_,65.76µm
_03120_,65.74µm
_08693_,65.64µm
_09050_,65.64µm
threads\[1\].register_instance.registers\[7\]\[3\],65.6µm
_08273_,65.58µm
_10282_,65.58µm
_18334_,65.54µm
clknet_leaf_5_clk,65.5µm
systolic_arrays\[1\].systolic_array_inst.g_row\[0\].g_col\[0\].pe.r2_mantissa\[9\],65.495µm
_18771_,65.48µm
_16535_,65.42µm
_16028_,65.375µm
systolic_arrays\[1\].systolic_array_inst.b_reg\[29\],65.28µm
_13492_,65.26µm
net1139,65.24µm
clknet_leaf_168_clk,65.24µm
lsu_out\[0\]\[7\],65.235µm
clknet_leaf_416_clk,65.14µm
_11018_,65.1µm
systolic_arrays\[0\].systolic_array_inst.a_reg\[12\],65.08µm
_21239_,65.01µm
clknet_leaf_306_clk,65µm
_17720_,64.98µm
_11165_,64.94µm
_03548_,64.88µm
_12059_,64.84µm
systolic_arrays\[1\].systolic_array_inst.g_row\[0\].g_col\[1\].pe.r4_acc\[10\],64.84µm
_12060_,64.79µm
_13201_,64.74µm
threads\[3\].fma_instance.r3_weighted\[7\],64.65µm
_13790_,64.6µm
pipe_rd_data\[3\]\[7\],64.6µm
_14013_,64.56µm
_16550_,64.54µm
threads\[2\].fma_instance.r3_weighted\[9\],64.535µm
threads\[1\].register_instance.registers\[5\]\[4\],64.505µm
clknet_leaf_301_clk,64.5µm
threads\[1\].register_instance.registers\[1\]\[0\],64.29µm
systolic_arrays\[1\].systolic_array_inst.a_reg\[17\],64.24µm
_21360_,64.18µm
_11457_,64.15µm
_16305_,64.1µm
threads\[1\].register_instance.registers\[11\]\[14\],64.04µm
_11548_,64.02µm
_19044_,64.01µm
systolic_arrays\[0\].systolic_array_inst.g_row\[1\].g_col\[0\].pe.r2_mantissa\[10\],64.01µm
alu_out\[2\]\[6\],64µm
_04587_,63.98µm
_06374_,63.98µm
_18180_,63.98µm
_20975_,63.98µm
_02827_,63.96µm
_18253_,63.96µm
_01824_,63.885µm
_08254_,63.86µm
systolic_arrays\[1\].systolic_array_inst.g_row\[0\].g_col\[0\].pe.r4_acc\[6\],63.84µm
systolic_arrays\[0\].systolic_array_inst.a_reg\[13\],63.76µm
threads\[0\].register_instance.registers\[8\]\[6\],63.76µm
net1148,63.74µm
lsu_out\[0\]\[6\],63.72µm
_17828_,63.66µm
clknet_leaf_3_clk,63.6µm
instruction_for_decode[2],63.57µm
_05880_,63.56µm
threads\[0\].register_instance.registers\[11\]\[1\],63.54µm
clknet_leaf_357_clk,63.5µm
_06831_,63.48µm
program_mem_read_data[4],63.445µm
threads\[3\].fma_instance.r3_weighted\[6\],63.38µm
_13249_,63.36µm
_06616_,63.34µm
_12519_,63.33µm
_16382_,63.305µm
clknet_leaf_307_clk,63.28µm
pipe_rd_address\[0\],63.24µm
_13385_,63.16µm
lsu_out\[0\]\[5\],63.075µm
_14195_,63.02µm
clknet_leaf_165_clk,62.96µm
_14407_,62.94µm
clknet_leaf_437_clk,62.94µm
_10338_,62.905µm
threads\[3\].fma_instance.r3_weighted\[10\],62.88µm
_11588_,62.84µm
_15894_,62.835µm
threads\[0\].register_instance.registers\[2\]\[3\],62.835µm
_17540_,62.8µm
_04997_,62.78µm
_06012_,62.76µm
_05638_,62.7µm
net372,62.68µm
_15645_,62.66µm
_06431_,62.595µm
act_out\[2\]\[7\],62.595µm
lsu_out\[0\]\[12\],62.595µm
_11996_,62.56µm
clknet_leaf_522_clk,62.52µm
_14168_,62.48µm
systolic_arrays\[1\].systolic_array_inst.b_wire\[2\]\[9\],62.28µm
_10293_,62.26µm
_11544_,62.26µm
_17591_,62.19µm
threads\[1\].register_instance.registers\[12\]\[14\],62.18µm
threads\[2\].register_instance.registers\[9\]\[6\],62.155µm
_03679_,62.08µm
clknet_leaf_552_clk,62.08µm
_21328_,62.06µm
_08372_,61.935µm
_10329_,61.9µm
_05241_,61.8µm
_13705_,61.8µm
systolic_arrays\[1\].systolic_array_inst.g_row\[0\].g_col\[0\].pe.r4_acc\[3\],61.78µm
threads\[0\].register_instance.registers\[4\]\[5\],61.745µm
_14082_,61.68µm
_18328_,61.6µm
systolic_arrays\[0\].systolic_array_inst.g_row\[0\].g_col\[0\].pe.r4_acc\[5\],61.6µm
_02653_,61.54µm
_10264_,61.52µm
decoded_alu_arithmetic_mux[1],61.49µm
threads\[3\].register_instance.registers\[9\]\[7\],61.48µm
_17599_,61.38µm
threads\[0\].register_instance.registers\[8\]\[14\],61.38µm
program_mem_read_data[12],61.365µm
_10050_,61.36µm
_18815_,61.36µm
clknet_leaf_161_clk,61.36µm
_13346_,61.27µm
_16072_,61.24µm
systolic_arrays\[1\].systolic_array_inst.g_row\[0\].g_col\[0\].pe.r3_prod_mant\[12\],61.24µm
_05586_,61.22µm
instruction_for_decode[3],61.19µm
_18242_,61.14µm
net1147,61.1µm
threads\[2\].fma_instance.r3_weighted\[11\],61.015µm
_05662_,61µm
_06516_,60.92µm
_19980_,60.86µm
_07041_,60.82µm
net890,60.82µm
_17813_,60.8µm
_18292_,60.72µm
_03153_,60.68µm
_12356_,60.66µm
threads\[0\].register_instance.registers\[10\]\[6\],60.57µm
_12313_,60.56µm
clknet_leaf_497_clk,60.48µm
_09907_,60.46µm
_17870_,60.46µm
_18939_,60.42µm
_12520_,60.39µm
systolic_arrays\[1\].systolic_array_inst.b_reg\[20\],60.38µm
lsu_out\[0\]\[9\],60.37µm
_07408_,60.31µm
_14398_,60.3µm
_16385_,60.28µm
clknet_leaf_26_clk,60.28µm
_18951_,60.26µm
_21979_,60.22µm
systolic_arrays\[1\].systolic_array_inst.g_row\[0\].g_col\[1\].pe.r2_mantissa\[6\],60.15µm
threads\[3\].register_instance.registers\[8\]\[3\],60.1µm
systolic_arrays\[1\].systolic_array_inst.g_row\[1\].g_col\[1\].pe.r4_acc\[13\],60.08µm
_12201_,60.04µm
threads\[1\].register_instance.registers\[4\]\[0\],60µm
threads\[3\].register_instance.registers\[0\]\[8\],60µm
_04023_,59.98µm
_08606_,59.96µm
threads\[3\].register_instance.registers\[9\]\[4\],59.92µm
_09850_,59.9µm
_10309_,59.84µm
_05520_,59.78µm
_18127_,59.76µm
_08247_,59.75µm
_20974_,59.72µm
_09889_,59.71µm
_16774_,59.685µm
_21913_,59.68µm
_03356_,59.67µm
_18260_,59.66µm
_15588_,59.6µm
_19592_,59.59µm
_11280_,59.58µm
clknet_leaf_561_clk,59.58µm
systolic_arrays\[1\].systolic_array_inst.g_row\[1\].g_col\[1\].pe.r4_acc\[2\],59.56µm
systolic_arrays\[0\].systolic_array_inst.g_row\[0\].g_col\[1\].pe.r4_acc\[9\],59.54µm
_07612_,59.52µm
clknet_leaf_505_clk,59.52µm
_16917_,59.455µm
_00886_,59.445µm
_09264_,59.44µm
_10363_,59.4µm
_05646_,59.34µm
_05996_,59.32µm
_11167_,59.26µm
clknet_leaf_150_clk,59.22µm
_16140_,59.2µm
_06476_,59.18µm
net1149,59.18µm
_00532_,59.155µm
_12552_,59.12µm
_08888_,59.07µm
systolic_arrays\[1\].systolic_array_inst.g_row\[0\].g_col\[0\].pe.r3_prod_mant\[14\],59.02µm
clknet_leaf_489_clk,59.02µm
pipe_rd_data\[0\]\[13\],58.98µm
_08233_,58.94µm
threads\[2\].register_instance.registers\[1\]\[12\],58.885µm
_08249_,58.78µm
clknet_leaf_342_clk,58.755µm
_17522_,58.74µm
pipe_rd_data\[1\]\[2\],58.74µm
_13910_,58.72µm
systolic_arrays\[1\].systolic_array_inst.g_row\[0\].g_col\[0\].pe.r4_acc\[4\],58.7µm
clknet_leaf_110_clk,58.7µm
_03911_,58.66µm
_04476_,58.66µm
decoded_immediate[6],58.63µm
_13392_,58.6µm
threads\[1\].register_instance.registers\[6\]\[12\],58.6µm
systolic_arrays\[0\].systolic_array_inst.b_wire\[2\]\[12\],58.58µm
_07562_,58.55µm
_08352_,58.5µm
_09121_,58.5µm
systolic_arrays\[0\].systolic_array_inst.g_row\[0\].g_col\[0\].pe.r4_acc\[13\],58.48µm
threads\[2\].register_instance.registers\[9\]\[1\],58.47µm
_02728_,58.46µm
threads\[0\].register_instance.registers\[8\]\[4\],58.42µm
_18165_,58.4µm
threads\[0\].register_instance.registers\[3\]\[7\],58.35µm
net1143,58.32µm
_03590_,58.26µm
threads\[3\].register_instance.registers\[11\]\[3\],58.26µm
clknet_leaf_94_clk,58.24µm
clknet_leaf_464_clk,58.22µm
_10787_,58.2µm
_01804_,58.185µm
_21329_,58.18µm
net1332,58.12µm
clknet_leaf_275_clk,58.12µm
_12361_,58.07µm
threads\[3\].register_instance.registers\[11\]\[11\],58.045µm
_16482_,58.02µm
_16658_,58.02µm
_13725_,58µm
pipe_rd_data\[1\]\[6\],57.94µm
threads\[0\].lsu_instance.mem_write_valid,57.92µm
_01664_,57.905µm
_16024_,57.9µm
_12039_,57.88µm
program_mem_read_valid,57.85µm
_19585_,57.78µm
threads\[2\].register_instance.registers\[1\]\[9\],57.7µm
_17897_,57.68µm
_06326_,57.66µm
_04102_,57.56µm
_17783_,57.53µm
threads\[1\].register_instance.registers\[4\]\[6\],57.5µm
_11717_,57.46µm
_12273_,57.46µm
_11168_,57.44µm
lsu_out\[0\]\[14\],57.435µm
_02655_,57.425µm
_02764_,57.42µm
_05834_,57.42µm
threads\[2\].fma_instance.r3_weighted\[6\],57.42µm
_12836_,57.36µm
_12236_,57.33µm
_06518_,57.32µm
_08989_,57.3µm
_13713_,57.24µm
_16372_,57.165µm
threads\[1\].register_instance.registers\[9\]\[11\],57.16µm
_12265_,57.14µm
_11166_,57.12µm
net1515,57.12µm
systolic_arrays\[0\].systolic_array_inst.b_reg\[26\],57.09µm
fma_out\[3\]\[6\],57.055µm
_08583_,57µm
_13776_,56.99µm
systolic_arrays\[0\].systolic_array_inst.g_row\[0\].g_col\[0\].pe.r3_prod_mant\[5\],56.91µm
_17473_,56.9µm
systolic_arrays\[1\].systolic_array_inst.g_row\[0\].g_col\[1\].pe.r3_prod_mant\[3\],56.87µm
_19065_,56.81µm
_17665_,56.78µm
systolic_arrays\[1\].systolic_array_inst.g_row\[0\].g_col\[0\].pe.r2_mantissa\[3\],56.77µm
fma_out\[3\]\[7\],56.705µm
_05975_,56.7µm
systolic_arrays\[1\].systolic_array_inst.g_row\[1\].g_col\[1\].pe.r4_acc\[3\],56.62µm
_12187_,56.6µm
net1127,56.58µm
threads\[3\].fma_instance.r3_weighted\[11\],56.515µm
_08841_,56.48µm
threads\[3\].register_instance.registers\[1\]\[12\],56.465µm
_08293_,56.44µm
_11567_,56.38µm
_15869_,56.38µm
threads\[0\].register_instance.registers\[8\]\[1\],56.36µm
threads\[3\].register_instance.registers\[11\]\[0\],56.32µm
_05032_,56.3µm
_19580_,56.3µm
_05046_,56.29µm
_13643_,56.26µm
systolic_arrays\[0\].systolic_array_inst.a_reg\[10\],56.24µm
_08876_,56.22µm
_14029_,56.2µm
_18258_,56.15µm
_11736_,56.14µm
systolic_arrays\[1\].systolic_array_inst.g_row\[1\].g_col\[0\].pe.r2_mantissa\[10\],56.125µm
_05657_,56.12µm
threads\[3\].register_instance.registers\[10\]\[9\],56.08µm
threads\[1\].register_instance.registers\[3\]\[11\],56.07µm
_12481_,56.06µm
threads\[2\].register_instance.registers\[1\]\[4\],56.005µm
_15526_,55.98µm
systolic_arrays\[0\].systolic_array_inst.g_row\[0\].g_col\[1\].pe.r3_prod_mant\[4\],55.94µm
threads\[3\].register_instance.registers\[0\]\[4\],55.935µm
_18086_,55.92µm
threads\[2\].fma_instance.r3_weighted\[12\],55.92µm
threads\[1\].register_instance.registers\[4\]\[7\],55.87µm
_18404_,55.8µm
_03279_,55.79µm
_08303_,55.77µm
_09214_,55.75µm
_17996_,55.74µm
clknet_leaf_205_clk,55.74µm
_08493_,55.73µm
threads\[1\].register_instance.registers\[9\]\[13\],55.725µm
_16064_,55.72µm
_08925_,55.7µm
clknet_leaf_70_clk,55.7µm
threads\[3\].register_instance.registers\[0\]\[1\],55.69µm
clknet_leaf_349_clk,55.68µm
_12398_,55.64µm
_18364_,55.62µm
clknet_leaf_272_clk,55.5µm
_16830_,55.445µm
_15038_,55.42µm
clknet_leaf_499_clk,55.42µm
fma_out\[2\]\[2\],55.38µm
_08483_,55.36µm
_18432_,55.36µm
_09574_,55.34µm
net1157,55.26µm
_08176_,55.22µm
net1442,55.215µm
_08245_,55.19µm
_12213_,55.18µm
_21981_,55.14µm
_16993_,55.12µm
_08240_,55.11µm
systolic_arrays\[1\].systolic_array_inst.g_row\[0\].g_col\[1\].pe.r2_mantissa\[4\],55.07µm
_01622_,55.06µm
threads\[3\].fma_instance.r3_weighted\[8\],55.03µm
_09381_,55.02µm
_20626_,55.02µm
_03668_,54.94µm
_02826_,54.92µm
clknet_leaf_415_clk,54.92µm
_18362_,54.9µm
_14261_,54.86µm
threads\[0\].register_instance.registers\[6\]\[1\],54.8µm
_11694_,54.78µm
_13223_,54.78µm
_18989_,54.76µm
threads\[3\].register_instance.registers\[10\]\[0\],54.74µm
systolic_arrays\[0\].systolic_array_inst.b_reg\[11\],54.73µm
_02761_,54.72µm
_11430_,54.7µm
_15090_,54.7µm
_12244_,54.62µm
_14166_,54.62µm
_18220_,54.57µm
_07042_,54.555µm
_14336_,54.53µm
_14147_,54.5µm
_06040_,54.38µm
systolic_arrays\[1\].systolic_array_inst.b_reg\[12\],54.36µm
clknet_leaf_313_clk,54.36µm
threads\[2\].register_instance.registers\[1\]\[1\],54.325µm
_05993_,54.28µm
lsu_out\[0\]\[0\],54.265µm
_18106_,54.26µm
threads\[0\].register_instance.registers\[10\]\[9\],54.24µm
_16388_,54.225µm
_04165_,54.18µm
_08304_,54.18µm
pipe_rd_data\[2\]\[5\],54.16µm
systolic_arrays\[0\].systolic_array_inst.g_row\[0\].g_col\[0\].pe.r2_mantissa\[8\],54.15µm
_15613_,54.12µm
clknet_leaf_353_clk,54.12µm
clknet_leaf_129_clk,54.08µm
_04998_,54.06µm
_18954_,54.06µm
clknet_leaf_571_clk,54.06µm
_17298_,54.035µm
_09738_,54.02µm
_12468_,54.02µm
_19045_,54µm
_17990_,53.96µm
_15586_,53.95µm
threads\[1\].register_instance.registers\[4\]\[10\],53.915µm
_11907_,53.88µm
_01712_,53.825µm
_08523_,53.82µm
_15107_,53.82µm
systolic_arrays\[0\].systolic_array_inst.g_row\[0\].g_col\[0\].pe.r4_acc\[10\],53.8µm
systolic_arrays\[0\].systolic_array_inst.g_row\[0\].g_col\[1\].pe.r4_acc\[7\],53.76µm
threads\[3\].register_instance.registers\[0\]\[0\],53.715µm
_21224_,53.7µm
threads\[1\].register_instance.registers\[2\]\[12\],53.67µm
_14689_,53.6µm
_15532_,53.6µm
_02707_,53.58µm
_02797_,53.575µm
_16020_,53.54µm
systolic_arrays\[1\].systolic_array_inst.a_reg\[5\],53.54µm
_07071_,53.53µm
_07512_,53.52µm
net1349,53.46µm
_11945_,53.44µm
threads\[0\].register_instance.registers\[12\]\[13\],53.435µm
_15628_,53.4µm
clknet_leaf_64_clk,53.32µm
threads\[1\].register_instance.registers\[10\]\[11\],53.3µm
clknet_leaf_90_clk,53.26µm
_12654_,53.2µm
_17285_,53.2µm
_19109_,53.2µm
_18323_,53.18µm
systolic_arrays\[1\].systolic_array_inst.g_row\[1\].g_col\[0\].pe.r3_prod_mant\[12\],53.18µm
threads\[1\].register_instance.registers\[2\]\[6\],53.18µm
_04257_,53.16µm
_06323_,53.14µm
threads\[1\].register_instance.registers\[12\]\[9\],53.14µm
systolic_arrays\[1\].systolic_array_inst.g_row\[0\].g_col\[1\].pe.r4_acc\[13\],53.09µm
core_state_for_decode[1],53.09µm
_02880_,53.08µm
_09812_,53.08µm
lsu_out\[0\]\[3\],53.075µm
threads\[0\].register_instance.registers\[7\]\[14\],53.055µm
_08225_,53.04µm
net1221,53.04µm
clknet_leaf_509_clk,53.04µm
_05237_,52.99µm
_05785_,52.92µm
_07657_,52.92µm
_13719_,52.92µm
net1122,52.9µm
threads\[2\].register_instance.registers\[9\]\[9\],52.865µm
_18089_,52.84µm
clknet_leaf_333_clk,52.84µm
clknet_leaf_413_clk,52.84µm
_15144_,52.8µm
systolic_arrays\[0\].systolic_array_inst.b_reg\[6\],52.78µm
_01803_,52.745µm
_04210_,52.64µm
clknet_leaf_38_clk,52.64µm
_17202_,52.63µm
_15972_,52.585µm
_13304_,52.56µm
_16143_,52.52µm
threads\[3\].fma_instance.r3_weighted\[9\],52.52µm
threads\[1\].register_instance.registers\[2\]\[2\],52.44µm
_10235_,52.38µm
net419,52.37µm
_15380_,52.35µm
alu_out\[2\]\[9\],52.345µm
threads\[2\].register_instance.registers\[6\]\[5\],52.31µm
threads\[3\].register_instance.registers\[9\]\[2\],52.3µm
_10311_,52.26µm
clknet_leaf_423_clk,52.24µm
_05666_,52.2µm
threads\[0\].register_instance.registers\[9\]\[14\],52.18µm
_21930_,52.16µm
_18042_,52.12µm
_10265_,52.08µm
_10258_,52.04µm
_12413_,52.04µm
scheduler_instance.branch_diverge_inst.stall,52.04µm
systolic_arrays\[0\].systolic_array_inst.g_row\[1\].g_col\[0\].pe.r2_mantissa\[8\],52.015µm
_08109_,52µm
threads\[2\].fma_instance.r3_weighted\[7\],52µm
threads\[0\].register_instance.registers\[3\]\[4\],51.99µm
_05650_,51.98µm
systolic_arrays\[0\].systolic_array_inst.g_row\[0\].g_col\[0\].pe.r4_acc\[6\],51.96µm
_14399_,51.94µm
_16263_,51.94µm
threads\[1\].register_instance.registers\[0\]\[1\],51.92µm
threads\[3\].register_instance.registers\[8\]\[0\],51.875µm
_06430_,51.84µm
_18389_,51.82µm
net1138,51.82µm
_05935_,51.8µm
_10541_,51.8µm
pipe_rd_data\[0\]\[9\],51.8µm
_02676_,51.78µm
threads\[2\].register_instance.registers\[9\]\[3\],51.765µm
threads\[0\].register_instance.registers\[10\]\[5\],51.735µm
threads\[1\].register_instance.registers\[0\]\[13\],51.7µm
_15834_,51.68µm
_03631_,51.63µm
pipe_rd_data\[3\]\[9\],51.62µm
clknet_leaf_283_clk,51.62µm
clknet_leaf_293_clk,51.62µm
_11412_,51.6µm
threads\[1\].register_instance.registers\[0\]\[12\],51.6µm
_07413_,51.58µm
_14143_,51.58µm
_17631_,51.58µm
_11229_,51.56µm
_02524_,51.51µm
_03876_,51.48µm
_06379_,51.48µm
lsu_out\[0\]\[10\],51.475µm
clknet_leaf_343_clk,51.42µm
threads\[2\].register_instance.registers\[0\]\[1\],51.41µm
_04961_,51.4µm
threads\[1\].register_instance.registers\[0\]\[2\],51.4µm
_02657_,51.36µm
_03542_,51.36µm
threads\[3\].register_instance.registers\[0\]\[11\],51.33µm
_13624_,51.32µm
threads\[3\].register_instance.registers\[4\]\[0\],51.31µm
systolic_arrays\[1\].systolic_array_inst.b_reg\[22\],51.28µm
threads\[3\].register_instance.registers\[4\]\[9\],51.205µm
clknet_leaf_398_clk,51.16µm
net1504,51.12µm
threads\[3\].fma_instance.r3_weighted\[1\],51.11µm
threads\[0\].register_instance.registers\[10\]\[1\],51.08µm
data_mem_write_address_flat[26],51.08µm
_05988_,51.06µm
_15733_,51.06µm
systolic_arrays\[0\].systolic_array_inst.g_row\[0\].g_col\[1\].pe.r4_acc\[5\],51.06µm
threads\[3\].register_instance.registers\[2\]\[9\],51.02µm
threads\[0\].register_instance.registers\[6\]\[15\],51.01µm
_14545_,50.99µm
_01667_,50.965µm
_15632_,50.94µm
threads\[3\].register_instance.registers\[9\]\[0\],50.94µm
threads\[2\].register_instance.registers\[5\]\[8\],50.925µm
_06235_,50.9µm
clknet_leaf_568_clk,50.9µm
_04261_,50.88µm
_05125_,50.88µm
pipe_rd_data\[0\]\[12\],50.88µm
_12268_,50.86µm
threads\[1\].register_instance.registers\[2\]\[0\],50.85µm
_16665_,50.8µm
threads\[3\].register_instance.registers\[1\]\[5\],50.745µm
_13483_,50.74µm
_20237_,50.74µm
_17509_,50.62µm
systolic_arrays\[1\].systolic_array_inst.g_row\[0\].g_col\[0\].pe.r4_acc\[1\],50.61µm
threads\[3\].register_instance.registers\[1\]\[4\],50.61µm
_18646_,50.59µm
_11267_,50.58µm
_18128_,50.58µm
net1385,50.54µm
threads\[3\].register_instance.registers\[4\]\[7\],50.51µm
_09885_,50.5µm
threads\[2\].register_instance.registers\[11\]\[1\],50.49µm
_19406_,50.48µm
_12274_,50.435µm
_04962_,50.4µm
_02727_,50.36µm
threads\[1\].register_instance.registers\[10\]\[5\],50.32µm
_02879_,50.3µm
_13938_,50.26µm
_15864_,50.24µm
_03579_,50.22µm
systolic_arrays\[1\].systolic_array_inst.b_wire\[3\]\[3\],50.22µm
_15650_,50.19µm
clknet_leaf_294_clk,50.18µm
_18037_,50.12µm
systolic_arrays\[0\].systolic_array_inst.g_row\[0\].g_col\[0\].pe.r3_prod_mant\[11\],50.085µm
_12530_,50.08µm
_12267_,50.04µm
_03593_,50µm
_05453_,50µm
_10290_,50µm
_13711_,49.99µm
_01726_,49.985µm
_07654_,49.94µm
threads\[1\].register_instance.registers\[11\]\[6\],49.9µm
_15787_,49.88µm
threads\[3\].register_instance.registers\[8\]\[7\],49.865µm
threads\[1\].register_instance.registers\[7\]\[9\],49.83µm
_06249_,49.8µm
systolic_arrays\[1\].systolic_array_inst.g_row\[0\].g_col\[1\].pe.r4_acc\[14\],49.78µm
clknet_leaf_220_clk,49.74µm
data_mem_read_valid[2],49.7µm
threads\[0\].lsu_instance.lsu_state\[1\],49.695µm
_15490_,49.66µm
_10580_,49.64µm
_15636_,49.61µm
_13183_,49.6µm
_20134_,49.6µm
_21004_,49.6µm
threads\[0\].register_instance.registers\[4\]\[2\],49.585µm
_15710_,49.58µm
threads\[2\].register_instance.registers\[2\]\[2\],49.575µm
_18177_,49.56µm
_19547_,49.56µm
systolic_arrays\[1\].systolic_array_inst.b_reg\[21\],49.56µm
_17991_,49.535µm
net1450,49.535µm
_16350_,49.52µm
_09682_,49.48µm
_10318_,49.42µm
_20195_,49.42µm
_02692_,49.4µm
_05624_,49.4µm
_16394_,49.4µm
_18058_,49.4µm
_06093_,49.38µm
_14246_,49.38µm
_05063_,49.36µm
_20396_,49.26µm
_08970_,49.245µm
_16225_,49.245µm
_10283_,49.22µm
_10520_,49.22µm
_13531_,49.2µm
_10728_,49.16µm
systolic_arrays\[1\].systolic_array_inst.g_row\[0\].g_col\[1\].pe.r3_prod_mant\[4\],49.14µm
threads\[0\].register_instance.registers\[2\]\[13\],49.14µm
data_mem_write_valid[3],49.14µm
threads\[1\].register_instance.registers\[0\]\[5\],49.135µm
_14814_,49.12µm
threads\[0\].register_instance.registers\[4\]\[13\],49.12µm
_21194_,49.1µm
threads\[2\].register_instance.registers\[5\]\[7\],49.1µm
clknet_leaf_55_clk,49.1µm
_18381_,49.08µm
_06095_,49.06µm
_08544_,49.06µm
_15527_,49.02µm
_15601_,49µm
_07495_,48.99µm
_07527_,48.96µm
_10193_,48.88µm
_13691_,48.88µm
_17495_,48.86µm
_16247_,48.84µm
threads\[3\].register_instance.registers\[3\]\[0\],48.84µm
systolic_arrays\[1\].systolic_array_inst.g_row\[0\].g_col\[0\].pe.r3_prod_mant\[4\],48.82µm
threads\[3\].register_instance.registers\[11\]\[15\],48.82µm
threads\[3\].register_instance.registers\[4\]\[3\],48.805µm
_07149_,48.8µm
_20591_,48.8µm
_21932_,48.8µm
_17790_,48.72µm
systolic_arrays\[1\].systolic_array_inst.b_reg\[27\],48.7µm
threads\[1\].register_instance.registers\[10\]\[1\],48.66µm
data_mem_write_address_flat[42],48.66µm
_03750_,48.64µm
_21044_,48.64µm
systolic_arrays\[1\].systolic_array_inst.g_row\[1\].g_col\[1\].pe.r4_acc\[4\],48.62µm
fma_out\[1\]\[14\],48.59µm
threads\[1\].register_instance.registers\[8\]\[0\],48.56µm
_20758_,48.555µm
_05642_,48.54µm
_14637_,48.48µm
_06692_,48.46µm
threads\[0\].register_instance.registers\[8\]\[0\],48.46µm
_09284_,48.44µm
threads\[3\].register_instance.registers\[3\]\[12\],48.42µm
_04902_,48.4µm
net389,48.34µm
_18164_,48.32µm
clknet_leaf_279_clk,48.32µm
_21891_,48.3µm
clknet_leaf_159_clk,48.28µm
_08089_,48.24µm
threads\[2\].register_instance.registers\[0\]\[5\],48.225µm
_14409_,48.2µm
threads\[3\].register_instance.registers\[6\]\[9\],48.2µm
net1214,48.18µm
threads\[2\].register_instance.registers\[3\]\[15\],48.18µm
clknet_leaf_433_clk,48.18µm
_12454_,48.16µm
net1144,48.08µm
_12551_,48.04µm
threads\[3\].register_instance.registers\[0\]\[12\],48.005µm
_12186_,47.96µm
_21202_,47.96µm
systolic_arrays\[0\].systolic_array_inst.g_row\[0\].g_col\[0\].pe.r3_prod_mant\[6\],47.96µm
_19576_,47.92µm
systolic_arrays\[0\].systolic_array_inst.b_reg\[17\],47.92µm
_05040_,47.9µm
_06680_,47.88µm
_10743_,47.86µm
_19114_,47.86µm
_05098_,47.85µm
net1298,47.84µm
_16590_,47.82µm
_15730_,47.76µm
_07494_,47.7µm
threads\[2\].register_instance.registers\[7\]\[14\],47.685µm
_15529_,47.68µm
systolic_arrays\[1\].systolic_array_inst.a_reg\[2\],47.66µm
threads\[2\].register_instance.registers\[9\]\[14\],47.66µm
_12071_,47.64µm
_14167_,47.64µm
_19976_,47.64µm
threads\[2\].register_instance.registers\[0\]\[9\],47.64µm
data_mem_read_valid[3],47.63µm
systolic_arrays\[1\].systolic_array_inst.g_row\[0\].g_col\[0\].pe.r4_acc\[2\],47.62µm
systolic_arrays\[1\].systolic_array_inst.g_row\[0\].g_col\[0\].pe.r2_mantissa\[2\],47.615µm
_12382_,47.6µm
threads\[2\].register_instance.registers\[9\]\[4\],47.575µm
net1099,47.56µm
_14698_,47.54µm
_05636_,47.52µm
threads\[0\].register_instance.registers\[11\]\[13\],47.5µm
threads\[1\].fma_instance.r3_weighted\[13\],47.5µm
threads\[1\].fma_instance.r3_weighted\[7\],47.5µm
clknet_leaf_438_clk,47.5µm
_04811_,47.48µm
_05867_,47.46µm
_16399_,47.46µm
threads\[2\].register_instance.registers\[1\]\[5\],47.445µm
clknet_leaf_331_clk,47.44µm
_18626_,47.4µm
_09754_,47.38µm
_17696_,47.38µm
threads\[3\].lsu_instance.lsu_state\[1\],47.355µm
_14784_,47.34µm
_09216_,47.32µm
systolic_arrays\[0\].systolic_array_inst.g_row\[1\].g_col\[0\].pe.r4_acc\[2\],47.32µm
net1437,47.285µm
_03768_,47.28µm
_10189_,47.26µm
threads\[1\].register_instance.registers\[10\]\[12\],47.26µm
clknet_leaf_136_clk,47.235µm
threads\[0\].fma_instance.exec_phase,47.22µm
threads\[1\].register_instance.registers\[5\]\[6\],47.2µm
_05097_,47.12µm
threads\[0\].register_instance.registers\[1\]\[9\],47.12µm
_00880_,47.105µm
_11300_,47.1µm
systolic_arrays\[0\].systolic_array_inst.b_wire\[2\]\[9\],47.08µm
threads\[0\].register_instance.registers\[1\]\[5\],47.065µm
_16921_,47.06µm
net1179,47.06µm
threads\[0\].register_instance.registers\[2\]\[6\],47.06µm
threads\[1\].register_instance.registers\[12\]\[5\],47.02µm
threads\[3\].register_instance.registers\[4\]\[15\],47.02µm
clknet_leaf_166_clk,47.02µm
_08253_,47µm
_17946_,47µm
_19277_,47µm
_03973_,46.98µm
threads\[3\].register_instance.registers\[0\]\[7\],46.94µm
threads\[1\].register_instance.registers\[8\]\[14\],46.93µm
threads\[1\].register_instance.registers\[6\]\[9\],46.92µm
clknet_leaf_517_clk,46.92µm
_06567_,46.84µm
_14923_,46.82µm
systolic_arrays\[0\].systolic_array_inst.b_reg\[18\],46.82µm
_20629_,46.8µm
_06419_,46.79µm
_12736_,46.78µm
_17674_,46.78µm
systolic_arrays\[1\].systolic_array_inst.g_row\[1\].g_col\[0\].pe.r3_prod_mant\[0\],46.78µm
_13594_,46.76µm
_18000_,46.76µm
systolic_arrays\[0\].systolic_array_inst.b_reg\[13\],46.76µm
threads\[0\].register_instance.registers\[5\]\[0\],46.74µm
_20768_,46.72µm
systolic_arrays\[1\].systolic_array_inst.g_row\[0\].g_col\[0\].pe.r4_acc\[8\],46.7µm
threads\[3\].register_instance.registers\[7\]\[11\],46.66µm
_13333_,46.64µm
systolic_arrays\[0\].systolic_array_inst.a_reg\[18\],46.64µm
_04848_,46.58µm
net1219,46.58µm
net1208,46.56µm
_15396_,46.53µm
threads\[0\].register_instance.registers\[8\]\[3\],46.46µm
threads\[3\].lsu_instance.lsu_state\[2\],46.44µm
threads\[3\].register_instance.registers\[7\]\[1\],46.435µm
_07003_,46.4µm
_11745_,46.38µm
systolic_arrays\[1\].systolic_array_inst.g_row\[0\].g_col\[1\].pe.r3_prod_mant\[5\],46.36µm
_05242_,46.3µm
_07105_,46.3µm
clknet_leaf_548_clk,46.3µm
_15657_,46.26µm
_21417_,46.26µm
threads\[1\].register_instance.registers\[6\]\[0\],46.26µm
act_out\[2\]\[9\],46.25µm
threads\[2\].register_instance.registers\[7\]\[5\],46.235µm
_05052_,46.22µm
net1196,46.22µm
threads\[1\].register_instance.registers\[10\]\[10\],46.2µm
_05779_,46.18µm
threads\[3\].register_instance.registers\[3\]\[4\],46.18µm
_05824_,46.165µm
threads\[1\].register_instance.registers\[4\]\[3\],46.155µm
_11650_,46.13µm
_16944_,46.125µm
_10833_,46.11µm
threads\[2\].register_instance.registers\[9\]\[5\],46.1µm
_05158_,46.06µm
_14371_,46.06µm
threads\[2\].register_instance.registers\[11\]\[2\],46.06µm
program_mem_read_data[6],46.05µm
_15734_,46.04µm
_17062_,46.04µm
_08411_,46.025µm
_01678_,46.02µm
systolic_arrays\[0\].systolic_array_inst.g_row\[0\].g_col\[1\].pe.r4_acc\[4\],46.01µm
instruction_for_decode[10],46.01µm
_05112_,46µm
_16844_,45.96µm
lsu_out\[0\]\[4\],45.955µm
_11437_,45.91µm
_05207_,45.9µm
systolic_arrays\[0\].systolic_array_inst.g_row\[0\].g_col\[0\].pe.r4_acc\[12\],45.88µm
clknet_leaf_135_clk,45.86µm
_17818_,45.83µm
pipe_branch,45.83µm
threads\[1\].register_instance.registers\[10\]\[2\],45.83µm
systolic_arrays\[0\].systolic_array_inst.b_wire\[2\]\[0\],45.82µm
systolic_arrays\[1\].systolic_array_inst.a_reg\[4\],45.8µm
clknet_leaf_153_clk,45.8µm
_16259_,45.77µm
data_mem_write_address_flat[38],45.77µm
_02300_,45.76µm
_14243_,45.75µm
_10462_,45.74µm
decoded_immediate[2],45.72µm
_19814_,45.7µm
_14625_,45.68µm
_09534_,45.66µm
threads\[1\].register_instance.registers\[12\]\[8\],45.655µm
_07650_,45.64µm
_09900_,45.63µm
_12434_,45.57µm
systolic_arrays\[1\].systolic_array_inst.g_row\[0\].g_col\[1\].pe.r2_mantissa\[14\],45.545µm
systolic_arrays\[1\].systolic_array_inst.b_wire\[3\]\[1\],45.54µm
_02813_,45.5µm
_12195_,45.48µm
systolic_arrays\[0\].systolic_array_inst.g_row\[1\].g_col\[0\].pe.r2_mantissa\[2\],45.475µm
_14871_,45.44µm
threads\[3\].register_instance.registers\[8\]\[10\],45.44µm
_19918_,45.43µm
_09808_,45.42µm
systolic_arrays\[0\].systolic_array_inst.g_row\[1\].g_col\[0\].pe.r3_prod_mant\[2\],45.42µm
program_mem_read_address[0],45.39µm
lsu_out\[0\]\[2\],45.315µm
_11642_,45.28µm
alu_out\[0\]\[9\],45.28µm
_18810_,45.26µm
_16595_,45.24µm
threads\[2\].register_instance.registers\[11\]\[5\],45.225µm
_06268_,45.22µm
_11409_,45.22µm
_13712_,45.21µm
threads\[0\].register_instance.registers\[4\]\[4\],45.205µm
_15204_,45.2µm
clknet_leaf_277_clk,45.2µm
threads\[3\].register_instance.registers\[8\]\[5\],45.195µm
_06091_,45.18µm
_08667_,45.16µm
_06248_,45.14µm
clknet_leaf_506_clk,45.14µm
_04144_,45.12µm
_11560_,45.12µm
_18416_,45.12µm
_18069_,45.1µm
_15524_,45.08µm
threads\[0\].register_instance.registers\[3\]\[3\],45.08µm
threads\[0\].register_instance.registers\[8\]\[9\],45.07µm
_01680_,45.065µm
_04286_,45.06µm
threads\[2\].register_instance.registers\[6\]\[7\],45.06µm
_03726_,45.05µm
_13873_,45.045µm
_07260_,45.02µm
_15827_,45.02µm
systolic_arrays\[1\].systolic_array_inst.g_row\[1\].g_col\[1\].pe.r3_prod_mant\[0\],45.02µm
systolic_arrays\[0\].systolic_array_inst.g_row\[1\].g_col\[0\].pe.r4_acc\[14\],45µm
_04160_,44.98µm
pipe_rd_data\[3\]\[14\],44.98µm
_12032_,44.96µm
threads\[2\].pc_instance.nzp\[2\],44.955µm
_11726_,44.94µm
threads\[1\].register_instance.registers\[5\]\[10\],44.925µm
_14193_,44.92µm
_17900_,44.92µm
threads\[2\].register_instance.registers\[12\]\[0\],44.885µm
_14121_,44.88µm
threads\[2\].register_instance.registers\[4\]\[15\],44.86µm
_10341_,44.82µm
program_mem_read_data[10],44.81µm
net339,44.8µm
systolic_arrays\[1\].systolic_array_inst.g_row\[0\].g_col\[0\].pe.r4_acc\[10\],44.78µm
_06475_,44.76µm
_02405_,44.74µm
_03892_,44.72µm
_05647_,44.7µm
_17038_,44.7µm
program_mem_read_data[2],44.69µm
systolic_arrays\[1\].systolic_array_inst.g_row\[1\].g_col\[0\].pe.r2_mantissa\[14\],44.685µm
_10607_,44.66µm
_20107_,44.66µm
clknet_leaf_318_clk,44.66µm
_04968_,44.64µm
data_mem_read_data_flat[39],44.64µm
_16099_,44.62µm
_16287_,44.62µm
systolic_arrays\[0\].systolic_array_inst.a_reg\[8\],44.58µm
threads\[3\].register_instance.registers\[6\]\[5\],44.56µm
threads\[1\].register_instance.registers\[7\]\[1\],44.555µm
_01619_,44.545µm
_20754_,44.54µm
_17694_,44.5µm
threads\[1\].fma_instance.r3_weighted\[12\],44.47µm
net1451,44.46µm
_02407_,44.42µm
_08816_,44.42µm
threads\[3\].register_instance.registers\[5\]\[7\],44.415µm
_14452_,44.4µm
threads\[0\].register_instance.registers\[11\]\[0\],44.4µm
_10348_,44.38µm
_05029_,44.34µm
_13861_,44.32µm
net1175,44.32µm
threads\[0\].register_instance.registers\[12\]\[14\],44.3µm
threads\[0\].register_instance.registers\[7\]\[6\],44.285µm
threads\[3\].fma_instance.r3_weighted\[12\],44.23µm
_07242_,44.22µm
_10533_,44.22µm
net1205,44.18µm
threads\[0\].register_instance.registers\[2\]\[12\],44.16µm
threads\[2\].register_instance.registers\[7\]\[9\],44.155µm
_16204_,44.14µm
_16813_,44.14µm
data_mem_write_address_flat[19],44.12µm
_16151_,44.1µm
_18341_,44.1µm
_18405_,44.1µm
threads\[2\].register_instance.registers\[7\]\[2\],44.095µm
threads\[3\].register_instance.registers\[2\]\[10\],44.085µm
_13015_,44.08µm
threads\[3\].register_instance.registers\[10\]\[6\],44.08µm
_09051_,44.06µm
_18201_,44.06µm
_07533_,44.04µm
clknet_leaf_550_clk,44.02µm
_08392_,43.94µm
threads\[3\].register_instance.registers\[5\]\[11\],43.94µm
threads\[3\].register_instance.registers\[0\]\[2\],43.92µm
_12227_,43.9µm
_14259_,43.9µm
systolic_arrays\[1\].systolic_array_inst.a_reg\[7\],43.88µm
_05654_,43.87µm
program_mem_read_data[7],43.87µm
clknet_leaf_20_clk,43.86µm
_11696_,43.84µm
clknet_leaf_185_clk,43.84µm
_17306_,43.825µm
_07610_,43.8µm
data_mem_write_address_flat[23],43.8µm
clknet_leaf_296_clk,43.8µm
_14649_,43.78µm
threads\[0\].register_instance.registers\[1\]\[12\],43.74µm
threads\[0\].register_instance.registers\[1\]\[14\],43.73µm
_11314_,43.72µm
net1392,43.71µm
_04932_,43.705µm
act_out\[1\]\[4\],43.7µm
threads\[2\].register_instance.registers\[5\]\[12\],43.695µm
_05832_,43.68µm
_14183_,43.68µm
systolic_arrays\[0\].systolic_array_inst.g_row\[0\].g_col\[1\].pe.r4_acc\[8\],43.68µm
systolic_arrays\[1\].systolic_array_inst.a_reg\[28\],43.68µm
threads\[1\].register_instance.registers\[2\]\[7\],43.68µm
_20660_,43.67µm
clknet_leaf_422_clk,43.66µm
systolic_arrays\[1\].systolic_array_inst.b_wire\[3\]\[6\],43.64µm
_08111_,43.62µm
_14090_,43.62µm
_11228_,43.54µm
systolic_arrays\[0\].systolic_array_inst.g_row\[0\].g_col\[0\].pe.r4_acc\[14\],43.54µm
threads\[3\].register_instance.registers\[11\]\[1\],43.525µm
threads\[2\].register_instance.registers\[12\]\[3\],43.52µm
_08255_,43.5µm
_09703_,43.5µm
_12336_,43.48µm
net1162,43.48µm
_13143_,43.46µm
threads\[1\].register_instance.registers\[4\]\[8\],43.455µm
_06409_,43.4µm
_02713_,43.38µm
threads\[2\].register_instance.registers\[5\]\[11\],43.375µm
_20882_,43.34µm
threads\[1\].register_instance.registers\[11\]\[3\],43.32µm
clknet_leaf_115_clk,43.3µm
systolic_arrays\[0\].systolic_array_inst.g_row\[0\].g_col\[1\].pe.r4_acc\[10\],43.28µm
threads\[3\].register_instance.registers\[3\]\[11\],43.28µm
core_state_for_decode[0],43.28µm
threads\[0\].register_instance.registers\[4\]\[6\],43.24µm
clknet_leaf_491_clk,43.24µm
_10466_,43.2µm
threads\[3\].register_instance.registers\[11\]\[4\],43.175µm
_17491_,43.16µm
_12107_,43.14µm
_15050_,43.14µm
_15775_,43.14µm
data_mem_write_address_flat[52],43.14µm
clknet_leaf_217_clk,43.14µm
act_out\[2\]\[10\],43.13µm
_04191_,43.12µm
_15731_,43.12µm
threads\[1\].register_instance.registers\[9\]\[15\],43.1µm
_05486_,43.08µm
_07967_,43.08µm
_21989_,43.08µm
net1449,43.07µm
threads\[2\].register_instance.registers\[7\]\[15\],43.02µm
_15654_,43.01µm
_13298_,43µm
_05263_,42.98µm
clknet_leaf_382_clk,42.97µm
_00032_,42.925µm
_18170_,42.92µm
threads\[1\].register_instance.registers\[7\]\[14\],42.92µm
_20159_,42.9µm
data_mem_read_data_flat[42],42.9µm
threads\[1\].register_instance.registers\[10\]\[9\],42.89µm
_20759_,42.88µm
threads\[3\].register_instance.registers\[6\]\[4\],42.86µm
_00922_,42.845µm
_14511_,42.84µm
threads\[0\].register_instance.registers\[10\]\[12\],42.84µm
_10631_,42.82µm
threads\[3\].register_instance.registers\[10\]\[13\],42.82µm
_14896_,42.8µm
alu_out\[2\]\[8\],42.8µm
threads\[0\].register_instance.registers\[11\]\[3\],42.78µm
threads\[2\].register_instance.registers\[6\]\[2\],42.78µm
clknet_leaf_286_clk,42.78µm
_08702_,42.76µm
systolic_arrays\[1\].systolic_array_inst.a_reg\[16\],42.76µm
_12028_,42.74µm
_14216_,42.72µm
_14891_,42.72µm
_14069_,42.7µm
threads\[1\].register_instance.registers\[10\]\[7\],42.7µm
_20419_,42.66µm
_04921_,42.62µm
threads\[3\].register_instance.registers\[5\]\[4\],42.62µm
clknet_leaf_371_clk,42.62µm
_18777_,42.605µm
clknet_leaf_119_clk,42.56µm
threads\[0\].register_instance.registers\[6\]\[9\],42.54µm
_17463_,42.52µm
threads\[1\].register_instance.registers\[6\]\[1\],42.5µm
threads\[1\].register_instance.registers\[8\]\[2\],42.495µm
threads\[2\].register_instance.registers\[9\]\[8\],42.48µm
threads\[2\].register_instance.registers\[9\]\[12\],42.47µm
_05804_,42.46µm
_06066_,42.44µm
threads\[0\].register_instance.registers\[7\]\[0\],42.44µm
clknet_leaf_181_clk,42.44µm
_08619_,42.43µm
_11748_,42.42µm
_04022_,42.4µm
_16448_,42.385µm
threads\[3\].register_instance.registers\[3\]\[2\],42.38µm
_12978_,42.36µm
_19408_,42.34µm
threads\[3\].register_instance.registers\[11\]\[14\],42.34µm
net1254,42.34µm
_14681_,42.32µm
_15830_,42.32µm
clknet_leaf_173_clk,42.32µm
_05932_,42.31µm
_01690_,42.305µm
_02626_,42.28µm
_03890_,42.26µm
_06278_,42.2µm
_07576_,42.18µm
threads\[3\].register_instance.registers\[4\]\[2\],42.165µm
_08936_,42.16µm
threads\[0\].register_instance.registers\[0\]\[9\],42.16µm
_03925_,42.14µm
_05587_,42.14µm
threads\[3\].register_instance.registers\[3\]\[7\],42.14µm
clknet_leaf_480_clk,42.12µm
systolic_arrays\[0\].systolic_array_inst.g_row\[0\].g_col\[0\].pe.r4_acc\[11\],42.1µm
_01611_,42.085µm
_20631_,42.08µm
systolic_arrays\[0\].systolic_array_inst.g_row\[0\].g_col\[0\].pe.r2_mantissa\[2\],42.075µm
_21019_,42.04µm
_19829_,42.02µm
clknet_leaf_555_clk,42.02µm
threads\[3\].register_instance.registers\[5\]\[0\],42µm
_05984_,41.98µm
_06578_,41.98µm
clknet_leaf_518_clk,41.98µm
_15232_,41.96µm
clknet_leaf_141_clk,41.96µm
_09388_,41.92µm
clknet_leaf_184_clk,41.9µm
clknet_leaf_43_clk,41.88µm
systolic_arrays\[1\].systolic_array_inst.g_row\[0\].g_col\[1\].pe.r2_mantissa\[1\],41.87µm
_17732_,41.86µm
clknet_leaf_295_clk,41.86µm
threads\[1\].register_instance.registers\[7\]\[12\],41.84µm
clknet_leaf_192_clk,41.84µm
_05877_,41.82µm
_18249_,41.82µm
clknet_leaf_538_clk,41.82µm
threads\[3\].register_instance.registers\[9\]\[1\],41.805µm
_13709_,41.8µm
threads\[3\].register_instance.registers\[10\]\[15\],41.8µm
threads\[3\].register_instance.registers\[11\]\[13\],41.8µm
_06667_,41.795µm
threads\[3\].register_instance.registers\[2\]\[3\],41.77µm
threads\[0\].register_instance.registers\[1\]\[7\],41.765µm
threads\[0\].register_instance.registers\[12\]\[15\],41.755µm
threads\[3\].register_instance.registers\[11\]\[8\],41.74µm
_10171_,41.72µm
_11646_,41.64µm
threads\[2\].register_instance.registers\[1\]\[6\],41.625µm
_07577_,41.6µm
_10742_,41.6µm
systolic_arrays\[1\].systolic_array_inst.b_wire\[3\]\[5\],41.6µm
_18433_,41.595µm
threads\[0\].register_instance.registers\[8\]\[7\],41.58µm
_04934_,41.56µm
_15611_,41.56µm
_16320_,41.54µm
decoded_ret,41.53µm
_07183_,41.52µm
_04909_,41.5µm
_17042_,41.5µm
_17558_,41.5µm
_04799_,41.48µm
clknet_leaf_526_clk,41.48µm
_17413_,41.46µm
threads\[2\].register_instance.registers\[6\]\[12\],41.44µm
_10659_,41.4µm
clknet_leaf_501_clk,41.4µm
net376,41.38µm
systolic_arrays\[0\].systolic_array_inst.b_wire\[2\]\[10\],41.34µm
threads\[1\].register_instance.registers\[5\]\[2\],41.34µm
_06684_,41.32µm
_10237_,41.32µm
_11162_,41.32µm
_15034_,41.32µm
decoded_immediate[4],41.31µm
clknet_leaf_160_clk,41.3µm
lsu_out\[0\]\[1\],41.295µm
_13528_,41.28µm
threads\[0\].register_instance.registers\[3\]\[2\],41.26µm
_16084_,41.255µm
_14400_,41.24µm
_16587_,41.24µm
decoded_immediate[3],41.2µm
_11459_,41.19µm
threads\[0\].register_instance.registers\[11\]\[7\],41.18µm
systolic_arrays\[1\].systolic_array_inst.g_row\[0\].g_col\[1\].pe.r3_prod_mant\[2\],41.16µm
_20236_,41.14µm
threads\[1\].register_instance.registers\[11\]\[7\],41.14µm
_16161_,41.13µm
threads\[0\].register_instance.registers\[12\]\[4\],41.125µm
clknet_leaf_125_clk,41.12µm
clknet_leaf_504_clk,41.1µm
threads\[1\].register_instance.registers\[3\]\[15\],41.085µm
_12318_,41.08µm
act_out\[0\]\[13\],41.075µm
_05111_,41.06µm
threads\[1\].register_instance.registers\[3\]\[7\],41.06µm
clknet_leaf_399_clk,41.06µm
_15261_,41.04µm
threads\[3\].register_instance.registers\[12\]\[1\],41.04µm
_18735_,41.02µm
threads\[1\].register_instance.registers\[9\]\[4\],41.02µm
_15074_,41µm
threads\[3\].register_instance.registers\[2\]\[8\],40.995µm
_10280_,40.98µm
_19883_,40.98µm
threads\[1\].register_instance.registers\[11\]\[10\],40.98µm
_13031_,40.96µm
clknet_leaf_190_clk,40.95µm
_09799_,40.92µm
_21486_,40.9µm
threads\[1\].register_instance.registers\[8\]\[7\],40.885µm
_10439_,40.88µm
_15362_,40.88µm
clknet_leaf_352_clk,40.88µm
_08384_,40.875µm
_05056_,40.86µm
_17548_,40.86µm
threads\[3\].register_instance.registers\[12\]\[2\],40.86µm
clknet_leaf_542_clk,40.86µm
_10303_,40.82µm
systolic_arrays\[0\].systolic_array_inst.g_row\[0\].g_col\[1\].pe.r3_prod_mant\[11\],40.82µm
clknet_leaf_369_clk,40.82µm
threads\[2\].register_instance.registers\[8\]\[0\],40.785µm
_07589_,40.78µm
_11011_,40.78µm
clknet_leaf_483_clk,40.78µm
_06633_,40.76µm
clknet_leaf_430_clk,40.76µm
threads\[1\].register_instance.registers\[0\]\[3\],40.755µm
threads\[0\].register_instance.registers\[11\]\[2\],40.725µm
threads\[1\].register_instance.registers\[11\]\[15\],40.71µm
threads\[0\].register_instance.registers\[0\]\[0\],40.69µm
_21184_,40.68µm
_10301_,40.66µm
_18423_,40.66µm
clknet_leaf_345_clk,40.66µm
_15523_,40.64µm
threads\[3\].register_instance.registers\[1\]\[2\],40.64µm
_12271_,40.62µm
_17065_,40.575µm
_20561_,40.56µm
clknet_leaf_215_clk,40.56µm
_17881_,40.52µm
clknet_leaf_262_clk,40.52µm
_14663_,40.48µm
threads\[2\].register_instance.registers\[1\]\[3\],40.475µm
_16598_,40.46µm
systolic_arrays\[1\].systolic_array_inst.g_row\[0\].g_col\[0\].pe.r4_acc\[5\],40.46µm
threads\[3\].register_instance.registers\[10\]\[3\],40.46µm
threads\[3\].register_instance.registers\[3\]\[5\],40.46µm
data_mem_read_address_flat[23],40.44µm
threads\[3\].register_instance.registers\[7\]\[3\],40.435µm
threads\[0\].register_instance.registers\[2\]\[4\],40.425µm
threads\[3\].register_instance.registers\[12\]\[4\],40.405µm
threads\[2\].register_instance.registers\[7\]\[6\],40.4µm
threads\[2\].register_instance.registers\[5\]\[2\],40.38µm
threads\[0\].register_instance.registers\[9\]\[0\],40.36µm
clknet_leaf_319_clk,40.36µm
clknet_leaf_330_clk,40.36µm
_04912_,40.34µm
_21386_,40.34µm
_03886_,40.32µm
_10304_,40.32µm
_13864_,40.32µm
_16067_,40.32µm
threads\[1\].register_instance.registers\[4\]\[14\],40.29µm
_08224_,40.28µm
clknet_leaf_175_clk,40.26µm
systolic_arrays\[1\].systolic_array_inst.a_reg\[15\],40.24µm
_21960_,40.21µm
threads\[3\].register_instance.registers\[0\]\[5\],40.205µm
_07415_,40.2µm
_14176_,40.2µm
_18411_,40.2µm
threads\[3\].register_instance.registers\[1\]\[14\],40.19µm
_08722_,40.18µm
threads\[2\].register_instance.registers\[4\]\[4\],40.165µm
_04741_,40.16µm
_07777_,40.16µm
threads\[1\].register_instance.registers\[10\]\[15\],40.145µm
_12070_,40.14µm
_19427_,40.14µm
fma_out\[1\]\[7\],40.14µm
threads\[2\].register_instance.registers\[12\]\[1\],40.14µm
threads\[0\].register_instance.registers\[1\]\[3\],40.13µm
_08248_,40.1µm
_01805_,40.065µm
_02614_,40.06µm
_03509_,40.04µm
clknet_leaf_81_clk,40.01µm
threads\[2\].register_instance.registers\[4\]\[5\],40.005µm
threads\[0\].register_instance.registers\[0\]\[3\],40µm
_08629_,39.99µm
_17961_,39.985µm
_05103_,39.96µm
_15305_,39.96µm
_08170_,39.94µm
clknet_leaf_176_clk,39.94µm
_10321_,39.9µm
_19548_,39.9µm
_11384_,39.88µm
_12943_,39.88µm
_03940_,39.86µm
_03956_,39.86µm
threads\[3\].register_instance.registers\[5\]\[1\],39.85µm
_16317_,39.84µm
systolic_arrays\[1\].systolic_array_inst.a_reg\[30\],39.84µm
systolic_arrays\[0\].systolic_array_inst.g_row\[0\].g_col\[1\].pe.r3_prod_mant\[6\],39.825µm
clknet_leaf_108_clk,39.82µm
_02862_,39.76µm
fma_out\[3\]\[1\],39.76µm
threads\[3\].register_instance.registers\[9\]\[5\],39.755µm
threads\[3\].register_instance.registers\[3\]\[9\],39.74µm
_20541_,39.7µm
clknet_leaf_435_clk,39.68µm
threads\[0\].register_instance.registers\[6\]\[2\],39.66µm
threads\[3\].register_instance.registers\[11\]\[7\],39.645µm
_15420_,39.64µm
_17795_,39.64µm
_18036_,39.64µm
fetcher_instance.fetcher_state\[1\],39.64µm
clknet_leaf_254_clk,39.64µm
_02599_,39.62µm
_02699_,39.62µm
_03520_,39.62µm
_16075_,39.62µm
threads\[0\].register_instance.registers\[7\]\[15\],39.62µm
_02677_,39.6µm
clknet_leaf_320_clk,39.6µm
_14219_,39.58µm
systolic_arrays\[1\].systolic_array_inst.b_reg\[31\],39.58µm
_16580_,39.575µm
_14185_,39.54µm
_14408_,39.54µm
threads\[1\].register_instance.registers\[3\]\[10\],39.54µm
threads\[2\].register_instance.registers\[7\]\[12\],39.525µm
_19215_,39.49µm
_06571_,39.48µm
threads\[1\].register_instance.registers\[1\]\[5\],39.45µm
_12571_,39.44µm
_21955_,39.42µm
_04969_,39.38µm
_11500_,39.38µm
_10401_,39.375µm
_01675_,39.365µm
_10370_,39.36µm
_13845_,39.36µm
_17802_,39.36µm
threads\[1\].register_instance.registers\[12\]\[12\],39.36µm
_12062_,39.32µm
_12620_,39.32µm
_21372_,39.32µm
threads\[1\].register_instance.registers\[2\]\[1\],39.31µm
systolic_arrays\[0\].systolic_array_inst.g_row\[0\].g_col\[0\].pe.r2_mantissa\[14\],39.305µm
_04913_,39.295µm
_08218_,39.28µm
_15184_,39.28µm
threads\[1\].register_instance.registers\[3\]\[1\],39.265µm
net1134,39.26µm
clknet_leaf_478_clk,39.26µm
_18523_,39.24µm
threads\[3\].register_instance.registers\[9\]\[6\],39.23µm
_08559_,39.18µm
_09514_,39.18µm
_10617_,39.18µm
net1396,39.17µm
_12685_,39.16µm
threads\[2\].register_instance.registers\[11\]\[6\],39.15µm
_09841_,39.14µm
_15486_,39.12µm
_18398_,39.12µm
threads\[1\].register_instance.registers\[12\]\[0\],39.12µm
pipe_rd_data\[2\]\[2\],39.09µm
threads\[2\].register_instance.registers\[7\]\[1\],39.08µm
clknet_leaf_239_clk,39.08µm
threads\[1\].register_instance.registers\[8\]\[12\],39.07µm
_04879_,39.06µm
_09333_,39.06µm
_13374_,39.06µm
threads\[2\].register_instance.registers\[4\]\[0\],39.06µm
_07831_,39.04µm
_12395_,39.02µm
_20996_,39.02µm
_14627_,38.98µm
_03140_,38.96µm
_08605_,38.96µm
_19057_,38.96µm
systolic_arrays\[0\].systolic_array_inst.b_wire\[2\]\[14\],38.96µm
threads\[3\].register_instance.registers\[8\]\[6\],38.96µm
_08232_,38.94µm
_14295_,38.94µm
_20384_,38.94µm
_03175_,38.92µm
_10263_,38.92µm
_18803_,38.92µm
_18333_,38.9µm
systolic_arrays\[1\].systolic_array_inst.b_wire\[2\]\[4\],38.9µm
threads\[1\].register_instance.registers\[7\]\[2\],38.9µm
clknet_leaf_403_clk,38.9µm
threads\[1\].register_instance.registers\[2\]\[10\],38.885µm
threads\[3\].register_instance.registers\[1\]\[11\],38.88µm
clknet_leaf_503_clk,38.88µm
_11401_,38.86µm
net1217,38.86µm
_16062_,38.84µm
_16800_,38.84µm
threads\[2\].register_instance.registers\[0\]\[10\],38.84µm
_03467_,38.81µm
net1259,38.81µm
clknet_leaf_172_clk,38.8µm
instruction_for_decode[11],38.79µm
systolic_arrays\[0\].systolic_array_inst.g_row\[0\].g_col\[1\].pe.r3_prod_mant\[10\],38.785µm
_15342_,38.78µm
threads\[0\].register_instance.registers\[1\]\[13\],38.78µm
threads\[2\].register_instance.registers\[9\]\[15\],38.745µm
_13339_,38.73µm
_00873_,38.72µm
_11009_,38.72µm
clknet_leaf_492_clk,38.72µm
clknet_leaf_183_clk,38.71µm
_03176_,38.7µm
threads\[0\].register_instance.registers\[10\]\[7\],38.7µm
clknet_leaf_145_clk,38.7µm
threads\[3\].register_instance.registers\[12\]\[11\],38.69µm
_07240_,38.685µm
_19828_,38.68µm
clknet_leaf_244_clk,38.68µm
_21920_,38.66µm
_07756_,38.64µm
threads\[2\].register_instance.registers\[3\]\[3\],38.625µm
threads\[0\].register_instance.registers\[11\]\[10\],38.62µm
threads\[0\].register_instance.registers\[0\]\[11\],38.59µm
_11224_,38.58µm
_13253_,38.58µm
_11373_,38.56µm
_20144_,38.56µm
threads\[0\].register_instance.registers\[0\]\[7\],38.56µm
threads\[3\].register_instance.registers\[5\]\[5\],38.56µm
clknet_leaf_225_clk,38.56µm
_11471_,38.54µm
_15127_,38.54µm
clknet_leaf_1_clk,38.54µm
_14842_,38.525µm
_19529_,38.52µm
_20460_,38.52µm
threads\[3\].register_instance.registers\[10\]\[5\],38.52µm
threads\[2\].register_instance.registers\[1\]\[2\],38.5µm
_06277_,38.48µm
clknet_leaf_514_clk,38.48µm
threads\[2\].register_instance.registers\[8\]\[1\],38.47µm
_02939_,38.46µm
threads\[3\].register_instance.registers\[9\]\[11\],38.455µm
_14141_,38.45µm
threads\[2\].register_instance.registers\[0\]\[6\],38.445µm
threads\[0\].register_instance.registers\[12\]\[7\],38.44µm
clknet_leaf_186_clk,38.44µm
_16357_,38.42µm
threads\[3\].register_instance.registers\[11\]\[6\],38.41µm
net1265,38.41µm
clknet_leaf_443_clk,38.4µm
clknet_leaf_488_clk,38.4µm
_18781_,38.38µm
_20450_,38.38µm
threads\[2\].register_instance.registers\[4\]\[9\],38.38µm
data_mem_read_address_flat[22],38.34µm
clknet_leaf_302_clk,38.32µm
clknet_leaf_112_clk,38.3µm
_15573_,38.285µm
_04446_,38.28µm
_12566_,38.28µm
_14650_,38.28µm
_07962_,38.24µm
_14416_,38.24µm
threads\[2\].register_instance.registers\[6\]\[3\],38.24µm
_07651_,38.22µm
_15622_,38.2µm
_18418_,38.195µm
threads\[2\].register_instance.registers\[10\]\[0\],38.18µm
clknet_leaf_158_clk,38.18µm
_18150_,38.16µm
_18965_,38.16µm
_05452_,38.14µm
clknet_leaf_448_clk,38.14µm
clknet_leaf_545_clk,38.14µm
_14618_,38.12µm
threads\[3\].register_instance.registers\[4\]\[11\],38.115µm
threads\[2\].register_instance.registers\[3\]\[10\],38.11µm
_02763_,38.1µm
_17433_,38.1µm
_11379_,38.02µm
clknet_leaf_109_clk,38.02µm
clknet_leaf_560_clk,38µm
_13306_,37.98µm
_06506_,37.96µm
_14458_,37.96µm
_12293_,37.94µm
_21630_,37.92µm
systolic_arrays\[0\].systolic_array_inst.g_row\[0\].g_col\[1\].pe.r3_prod_mant\[5\],37.92µm
threads\[0\].register_instance.registers\[10\]\[10\],37.92µm
threads\[2\].register_instance.registers\[3\]\[13\],37.915µm
_15530_,37.9µm
_21948_,37.89µm
_09563_,37.88µm
_14256_,37.88µm
_14335_,37.88µm
threads\[2\].register_instance.registers\[1\]\[15\],37.88µm
_21048_,37.86µm
_21105_,37.86µm
net1334,37.835µm
_07397_,37.82µm
threads\[1\].register_instance.registers\[2\]\[5\],37.82µm
threads\[3\].register_instance.registers\[5\]\[9\],37.82µm
_04189_,37.8µm
_16082_,37.8µm
_16602_,37.8µm
_16670_,37.8µm
_20406_,37.76µm
clknet_leaf_570_clk,37.76µm
threads\[0\].register_instance.registers\[5\]\[7\],37.745µm
systolic_arrays\[0\].systolic_array_inst.g_row\[0\].g_col\[1\].pe.r4_acc\[11\],37.74µm
clknet_leaf_322_clk,37.74µm
_04263_,37.72µm
threads\[0\].register_instance.registers\[5\]\[15\],37.705µm
_03609_,37.64µm
_07193_,37.64µm
_09168_,37.64µm
_11570_,37.64µm
_15766_,37.64µm
threads\[0\].register_instance.registers\[5\]\[6\],37.64µm
threads\[2\].register_instance.registers\[0\]\[8\],37.635µm
threads\[3\].register_instance.registers\[0\]\[10\],37.635µm
_05129_,37.62µm
clknet_leaf_530_clk,37.62µm
clknet_leaf_196_clk,37.6µm
clknet_leaf_510_clk,37.6µm
decoded_branch,37.59µm
_06425_,37.54µm
_09513_,37.54µm
_14272_,37.54µm
_02601_,37.52µm
_14921_,37.52µm
clknet_leaf_86_clk,37.52µm
clknet_leaf_134_clk,37.52µm
_16362_,37.5µm
net1140,37.5µm
threads\[1\].register_instance.registers\[5\]\[7\],37.485µm
threads\[2\].register_instance.registers\[10\]\[10\],37.485µm
_02661_,37.48µm
_16090_,37.48µm
threads\[3\].register_instance.registers\[7\]\[8\],37.48µm
_08454_,37.46µm
threads\[0\].register_instance.registers\[12\]\[3\],37.46µm
_04037_,37.42µm
_20773_,37.42µm
_14162_,37.4µm
_12436_,37.36µm
_08754_,37.34µm
threads\[2\].register_instance.registers\[8\]\[4\],37.34µm
_01661_,37.325µm
_15165_,37.29µm
threads\[1\].register_instance.registers\[0\]\[4\],37.29µm
_21310_,37.28µm
clknet_leaf_554_clk,37.28µm
threads\[0\].register_instance.registers\[1\]\[15\],37.26µm
threads\[2\].register_instance.registers\[10\]\[4\],37.26µm
clknet_leaf_76_clk,37.26µm
clknet_leaf_392_clk,37.26µm
act_out\[3\]\[6\],37.245µm
_18435_,37.24µm
_08321_,37.23µm
systolic_arrays\[0\].systolic_array_inst.g_row\[0\].g_col\[0\].pe.r2_mantissa\[10\],37.23µm
_12396_,37.22µm
_15208_,37.22µm
threads\[3\].register_instance.registers\[1\]\[8\],37.22µm
clknet_leaf_116_clk,37.22µm
_14297_,37.2µm
threads\[3\].register_instance.registers\[7\]\[5\],37.185µm
systolic_arrays\[0\].systolic_array_inst.g_row\[1\].g_col\[0\].pe.r4_acc\[3\],37.18µm
threads\[1\].register_instance.registers\[11\]\[2\],37.18µm
clknet_leaf_2_clk,37.18µm
clknet_leaf_297_clk,37.18µm
threads\[1\].register_instance.registers\[5\]\[15\],37.165µm
_09527_,37.16µm
_11695_,37.16µm
_21017_,37.16µm
threads\[3\].register_instance.registers\[10\]\[4\],37.16µm
threads\[1\].register_instance.registers\[4\]\[13\],37.14µm
threads\[2\].register_instance.registers\[5\]\[6\],37.125µm
_10094_,37.12µm
_19639_,37.12µm
threads\[1\].fma_instance.r3_weighted\[8\],37.12µm
clknet_leaf_164_clk,37.12µm
threads\[0\].register_instance.registers\[9\]\[4\],37.115µm
data_mem_write_address_flat[46],37.1µm
clknet_leaf_93_clk,37.1µm
clknet_leaf_513_clk,37.1µm
_07638_,37.08µm
_08329_,37.08µm
threads\[3\].register_instance.registers\[11\]\[9\],37.08µm
clknet_leaf_317_clk,37.08µm
threads\[1\].fma_instance.r3_weighted\[10\],37.065µm
_12973_,37.06µm
_17419_,37.06µm
_18084_,37.06µm
threads\[3\].register_instance.registers\[10\]\[1\],37.06µm
_02404_,37.04µm
_04922_,37.02µm
_07739_,37.01µm
clknet_leaf_540_clk,37µm
_21095_,36.98µm
data_mem_read_data_flat[36],36.98µm
_03721_,36.97µm
_15873_,36.96µm
_11015_,36.94µm
_18710_,36.94µm
threads\[3\].register_instance.registers\[3\]\[13\],36.94µm
systolic_arrays\[1\].systolic_array_inst.g_row\[0\].g_col\[0\].pe.r2_mantissa\[8\],36.915µm
systolic_arrays\[1\].systolic_array_inst.g_row\[1\].g_col\[1\].pe.r2_mantissa\[12\],36.915µm
threads\[0\].register_instance.registers\[0\]\[8\],36.915µm
_03640_,36.9µm
_20741_,36.9µm
_02647_,36.88µm
clknet_leaf_377_clk,36.88µm
threads\[0\].register_instance.registers\[6\]\[6\],36.86µm
clknet_leaf_276_clk,36.85µm
_15714_,36.83µm
act_out\[0\]\[6\],36.83µm
_11261_,36.82µm
_09731_,36.815µm
_13940_,36.8µm
clknet_leaf_100_clk,36.8µm
clknet_leaf_374_clk,36.8µm
threads\[1\].register_instance.registers\[5\]\[3\],36.78µm
_05039_,36.76µm
_20296_,36.76µm
clknet_leaf_270_clk,36.76µm
clknet_leaf_373_clk,36.76µm
clknet_leaf_490_clk,36.76µm
_05695_,36.75µm
_16097_,36.74µm
threads\[2\].register_instance.registers\[0\]\[13\],36.735µm
_14870_,36.72µm
threads\[2\].register_instance.registers\[3\]\[0\],36.72µm
clknet_leaf_263_clk,36.72µm
program_mem_read_address[7],36.67µm
_05862_,36.66µm
_17845_,36.66µm
_18374_,36.66µm
threads\[3\].register_instance.registers\[5\]\[6\],36.66µm
_13718_,36.64µm
_14169_,36.64µm
_18734_,36.64µm
net1453,36.64µm
threads\[0\].register_instance.registers\[10\]\[4\],36.62µm
threads\[2\].register_instance.registers\[8\]\[6\],36.62µm
threads\[2\].register_instance.registers\[9\]\[10\],36.62µm
threads\[3\].register_instance.registers\[1\]\[7\],36.62µm
_12367_,36.56µm
_16526_,36.56µm
clknet_leaf_486_clk,36.56µm
_11320_,36.52µm
_13695_,36.52µm
_21980_,36.52µm
data_mem_read_address_flat[25],36.5µm
clknet_leaf_431_clk,36.5µm
threads\[1\].register_instance.registers\[2\]\[15\],36.485µm
threads\[0\].register_instance.registers\[4\]\[0\],36.48µm
threads\[2\].register_instance.registers\[12\]\[15\],36.48µm
threads\[3\].register_instance.registers\[7\]\[2\],36.465µm
_03993_,36.46µm
_12000_,36.44µm
clknet_leaf_429_clk,36.44µm
_10040_,36.4µm
_10876_,36.4µm
_12508_,36.4µm
threads\[2\].fma_instance.r3_weighted\[13\],36.4µm
_13327_,36.38µm
systolic_arrays\[0\].systolic_array_inst.a_reg\[24\],36.38µm
threads\[0\].register_instance.registers\[9\]\[10\],36.38µm
threads\[3\].register_instance.registers\[0\]\[6\],36.38µm
clknet_leaf_551_clk,36.38µm
threads\[3\].register_instance.registers\[1\]\[1\],36.36µm
threads\[2\].register_instance.registers\[11\]\[13\],36.35µm
_20881_,36.34µm
clknet_leaf_246_clk,36.33µm
_04301_,36.32µm
_02473_,36.31µm
_06375_,36.28µm
systolic_arrays\[0\].systolic_array_inst.a_reg\[5\],36.28µm
threads\[3\].register_instance.registers\[12\]\[5\],36.275µm
_18440_,36.27µm
_03681_,36.24µm
_11332_,36.24µm
_21767_,36.24µm
net1124,36.24µm
clknet_leaf_441_clk,36.24µm
_05852_,36.22µm
_20392_,36.22µm
threads\[1\].register_instance.registers\[8\]\[3\],36.22µm
instruction_for_decode[14],36.21µm
_10646_,36.2µm
_12615_,36.2µm
pipe_rd_data\[2\]\[13\],36.19µm
net402,36.18µm
threads\[1\].register_instance.registers\[0\]\[8\],36.18µm
_04143_,36.16µm
systolic_arrays\[0\].systolic_array_inst.g_row\[0\].g_col\[0\].pe.r3_prod_sign,36.16µm
threads\[0\].register_instance.registers\[9\]\[11\],36.14µm
_02650_,36.12µm
_11766_,36.12µm
threads\[3\].register_instance.registers\[12\]\[0\],36.12µm
threads\[2\].register_instance.registers\[11\]\[12\],36.11µm
_17728_,36.1µm
_21671_,36.1µm
clknet_leaf_402_clk,36.1µm
systolic_arrays\[1\].systolic_array_inst.g_row\[0\].g_col\[0\].pe.r2_mantissa\[12\],36.095µm
threads\[1\].register_instance.registers\[8\]\[8\],36.085µm
_11440_,36.08µm
data_mem_write_address_flat[28],36.08µm
threads\[0\].fma_instance.r3_weighted\[14\],36.06µm
threads\[3\].register_instance.registers\[12\]\[13\],36.06µm
_09494_,36.04µm
_15747_,36.04µm
_20163_,36.015µm
threads\[2\].register_instance.registers\[2\]\[4\],36.01µm
_16647_,36µm
fma_out\[1\]\[6\],36µm
_09317_,35.98µm
systolic_arrays\[1\].systolic_array_inst.b_wire\[3\]\[8\],35.96µm
clknet_leaf_66_clk,35.96µm
instruction_for_decode[6],35.95µm
_02296_,35.94µm
_05206_,35.92µm
_11859_,35.86µm
threads\[0\].register_instance.registers\[3\]\[14\],35.86µm
threads\[3\].register_instance.registers\[12\]\[3\],35.86µm
_04807_,35.84µm
_09289_,35.84µm
_16751_,35.84µm
systolic_arrays\[0\].systolic_array_inst.g_row\[0\].g_col\[1\].pe.r4_acc\[6\],35.84µm
net1154,35.82µm
_13427_,35.8µm
_14405_,35.8µm
_17172_,35.8µm
_03534_,35.78µm
_04119_,35.78µm
_07954_,35.78µm
threads\[0\].register_instance.registers\[12\]\[8\],35.78µm
threads\[0\].register_instance.registers\[3\]\[0\],35.775µm
systolic_arrays\[0\].systolic_array_inst.g_row\[0\].g_col\[0\].pe.r3_prod_mant\[7\],35.76µm
net1256,35.76µm
clknet_leaf_253_clk,35.76µm
threads\[3\].register_instance.registers\[9\]\[15\],35.74µm
_18354_,35.7µm
_07594_,35.695µm
threads\[1\].register_instance.registers\[3\]\[12\],35.685µm
_04029_,35.68µm
_16907_,35.66µm
threads\[1\].register_instance.registers\[10\]\[4\],35.65µm
_07621_,35.64µm
_08302_,35.64µm
_19030_,35.64µm
_15167_,35.62µm
threads\[0\].register_instance.registers\[7\]\[12\],35.62µm
clknet_leaf_410_clk,35.62µm
_20137_,35.61µm
_03099_,35.6µm
_20809_,35.6µm
threads\[0\].register_instance.registers\[0\]\[2\],35.6µm
threads\[2\].register_instance.registers\[11\]\[0\],35.6µm
_15831_,35.56µm
_21407_,35.56µm
net1336,35.56µm
threads\[2\].register_instance.registers\[6\]\[8\],35.56µm
systolic_arrays\[1\].systolic_array_inst.g_row\[1\].g_col\[1\].pe.r3_prod_mant\[11\],35.55µm
systolic_arrays\[0\].systolic_array_inst.g_row\[1\].g_col\[0\].pe.r3_prod_mant\[10\],35.54µm
clknet_leaf_30_clk,35.54µm
clknet_leaf_200_clk,35.525µm
_15736_,35.52µm
_17315_,35.515µm
threads\[1\].register_instance.registers\[7\]\[5\],35.505µm
clknet_leaf_40_clk,35.5µm
threads\[1\].register_instance.registers\[8\]\[11\],35.485µm
_03690_,35.48µm
clknet_leaf_201_clk,35.46µm
_15821_,35.44µm
decoded_alu_output_mux,35.44µm
_15056_,35.42µm
data_mem_read_data_flat[37],35.42µm
_17623_,35.4µm
threads\[3\].register_instance.registers\[3\]\[1\],35.4µm
net1445,35.39µm
clknet_leaf_41_clk,35.38µm
_17120_,35.33µm
_06945_,35.32µm
_08306_,35.32µm
threads\[3\].register_instance.registers\[4\]\[12\],35.32µm
clknet_leaf_148_clk,35.32µm
_06629_,35.31µm
net1373,35.3µm
clknet_leaf_83_clk,35.3µm
_19609_,35.28µm
_11093_,35.26µm
threads\[1\].register_instance.registers\[10\]\[13\],35.26µm
clknet_leaf_219_clk,35.26µm
threads\[3\].register_instance.registers\[5\]\[14\],35.255µm
_15125_,35.24µm
threads\[2\].register_instance.registers\[6\]\[1\],35.24µm
systolic_arrays\[0\].systolic_array_inst.g_row\[1\].g_col\[0\].pe.r3_prod_mant\[11\],35.22µm
threads\[3\].register_instance.registers\[10\]\[10\],35.22µm
clknet_leaf_569_clk,35.22µm
_12386_,35.215µm
_06024_,35.21µm
_09921_,35.21µm
_12270_,35.2µm
_19382_,35.19µm
_10181_,35.18µm
_03533_,35.16µm
_17938_,35.16µm
clknet_leaf_476_clk,35.16µm
threads\[1\].register_instance.registers\[3\]\[9\],35.145µm
_04089_,35.14µm
_08313_,35.14µm
_11110_,35.14µm
_11817_,35.14µm
_18911_,35.14µm
_03723_,35.12µm
data_mem_write_data_flat[23],35.12µm
_16270_,35.1µm
program_mem_read_address[6],35.09µm
net1146,35.08µm
_20523_,35.07µm
threads\[1\].register_instance.registers\[4\]\[11\],35.065µm
_12686_,35.06µm
threads\[2\].register_instance.registers\[3\]\[7\],35.055µm
threads\[2\].register_instance.registers\[10\]\[12\],35.045µm
_07445_,35.04µm
_11264_,35.04µm
_19866_,35.04µm
data_mem_write_address_flat[24],35.04µm
_19428_,35.02µm
threads\[1\].register_instance.registers\[8\]\[10\],35.02µm
_17341_,35µm
clknet_leaf_400_clk,35µm
_02992_,34.99µm
_06650_,34.98µm
_10522_,34.94µm
_12310_,34.94µm
threads\[1\].register_instance.registers\[8\]\[13\],34.94µm
clknet_leaf_368_clk,34.94µm
_13796_,34.92µm
_08900_,34.9µm
_19874_,34.885µm
threads\[3\].register_instance.registers\[7\]\[9\],34.88µm
clknet_leaf_265_clk,34.88µm
threads\[2\].register_instance.registers\[7\]\[8\],34.875µm
_12337_,34.86µm
clknet_leaf_567_clk,34.84µm
_02472_,34.82µm
threads\[3\].register_instance.registers\[12\]\[6\],34.82µm
data_mem_write_data_flat[17],34.82µm
_13652_,34.8µm
_18782_,34.8µm
clknet_leaf_386_clk,34.8µm
clknet_leaf_446_clk,34.8µm
data_mem_write_address_flat[40],34.79µm
_06537_,34.78µm
_15439_,34.78µm
_05303_,34.76µm
_08309_,34.76µm
threads\[1\].register_instance.registers\[9\]\[1\],34.76µm
threads\[3\].register_instance.registers\[8\]\[1\],34.76µm
data_mem_write_address_flat[51],34.76µm
_13028_,34.74µm
systolic_arrays\[0\].systolic_array_inst.g_row\[1\].g_col\[0\].pe.r2_mantissa\[4\],34.73µm
_10982_,34.72µm
_14450_,34.715µm
threads\[2\].register_instance.registers\[4\]\[1\],34.715µm
_12626_,34.71µm
_17582_,34.71µm
program_mem_read_address[5],34.71µm
_17097_,34.695µm
_21695_,34.66µm
clknet_leaf_29_clk,34.64µm
_07652_,34.6µm
_10242_,34.6µm
_18395_,34.6µm
threads\[0\].register_instance.registers\[5\]\[9\],34.565µm
_04158_,34.56µm
_08230_,34.56µm
_11282_,34.56µm
act_out\[0\]\[2\],34.56µm
net1497,34.52µm
threads\[3\].register_instance.registers\[0\]\[3\],34.52µm
_04919_,34.515µm
_08035_,34.5µm
clknet_leaf_498_clk,34.5µm
program_mem_read_data[8],34.49µm
_16333_,34.48µm
_21735_,34.48µm
_03414_,34.46µm
_05605_,34.46µm
_08950_,34.46µm
_09269_,34.46µm
_17740_,34.46µm
_07053_,34.44µm
threads\[0\].register_instance.registers\[12\]\[1\],34.43µm
_20750_,34.42µm
threads\[1\].register_instance.registers\[11\]\[4\],34.42µm
threads\[2\].register_instance.registers\[9\]\[2\],34.42µm
clknet_leaf_425_clk,34.42µm
_17705_,34.38µm
clknet_leaf_218_clk,34.38µm
net1405,34.37µm
_12311_,34.36µm
_15128_,34.36µm
_05631_,34.34µm
_07544_,34.34µm
_11355_,34.34µm
clknet_leaf_444_clk,34.34µm
threads\[2\].register_instance.registers\[0\]\[7\],34.305µm
_07539_,34.3µm
_09539_,34.3µm
threads\[1\].register_instance.registers\[11\]\[5\],34.3µm
_12279_,34.295µm
_08040_,34.28µm
_17659_,34.26µm
systolic_arrays\[1\].systolic_array_inst.b_wire\[3\]\[0\],34.25µm
_05794_,34.24µm
clknet_leaf_11_clk,34.22µm
_00910_,34.215µm
_19117_,34.2µm
threads\[3\].register_instance.registers\[3\]\[14\],34.2µm
_13484_,34.18µm
_14171_,34.18µm
clknet_leaf_408_clk,34.18µm
systolic_arrays\[0\].systolic_array_inst.b_reg\[12\],34.17µm
core_state_for_decode[2],34.17µm
_03124_,34.16µm
threads\[0\].register_instance.registers\[6\]\[11\],34.16µm
_03986_,34.14µm
_14060_,34.14µm
threads\[2\].register_instance.registers\[3\]\[11\],34.14µm
threads\[3\].register_instance.registers\[6\]\[6\],34.14µm
clknet_leaf_152_clk,34.14µm
clknet_leaf_224_clk,34.14µm
clknet_leaf_527_clk,34.14µm
threads\[0\].register_instance.registers\[1\]\[0\],34.125µm
clknet_leaf_27_clk,34.12µm
_08381_,34.11µm
_05272_,34.1µm
threads\[0\].register_instance.registers\[11\]\[14\],34.1µm
systolic_arrays\[0\].systolic_array_inst.g_row\[0\].g_col\[1\].pe.r3_prod_mant\[2\],34.095µm
threads\[0\].register_instance.registers\[6\]\[0\],34.08µm
_17112_,34.065µm
_04905_,34.05µm
_03764_,34.045µm
_05685_,34.04µm
systolic_arrays\[0\].systolic_array_inst.a_reg\[27\],34.04µm
_18125_,34.02µm
clknet_leaf_203_clk,34.02µm
_08311_,34µm
clknet_leaf_128_clk,34µm
threads\[2\].register_instance.registers\[10\]\[13\],33.97µm
_11021_,33.96µm
clknet_leaf_290_clk,33.96µm
clknet_leaf_274_clk,33.955µm
_05977_,33.94µm
_20373_,33.94µm
_16047_,33.92µm
threads\[1\].register_instance.registers\[3\]\[3\],33.92µm
_11317_,33.91µm
_12547_,33.9µm
threads\[2\].register_instance.registers\[10\]\[9\],33.89µm
_04983_,33.88µm
threads\[2\].register_instance.registers\[12\]\[5\],33.88µm
_07409_,33.86µm
threads\[1\].register_instance.registers\[7\]\[0\],33.86µm
_08270_,33.84µm
_16138_,33.84µm
threads\[0\].register_instance.registers\[3\]\[9\],33.84µm
threads\[0\].register_instance.registers\[9\]\[12\],33.835µm
threads\[2\].register_instance.registers\[6\]\[13\],33.835µm
data_mem_write_address_flat[20],33.82µm
_12370_,33.8µm
_20744_,33.8µm
threads\[1\].register_instance.registers\[10\]\[0\],33.79µm
_02643_,33.78µm
_12042_,33.78µm
systolic_arrays\[1\].systolic_array_inst.a_reg\[19\],33.78µm
clknet_leaf_17_clk,33.78µm
clknet_leaf_231_clk,33.78µm
_19424_,33.77µm
_05141_,33.76µm
_07958_,33.76µm
_20997_,33.76µm
threads\[1\].register_instance.registers\[7\]\[8\],33.755µm
threads\[2\].register_instance.registers\[1\]\[14\],33.755µm
threads\[0\].register_instance.registers\[8\]\[13\],33.745µm
_20628_,33.74µm
threads\[3\].register_instance.registers\[7\]\[7\],33.74µm
program_mem_read_address[3],33.73µm
_03333_,33.72µm
_06779_,33.72µm
_08404_,33.72µm
_08980_,33.72µm
_14113_,33.72µm
threads\[3\].register_instance.registers\[0\]\[13\],33.72µm
_12587_,33.68µm
_20443_,33.68µm
threads\[0\].register_instance.registers\[4\]\[10\],33.68µm
_06596_,33.66µm
systolic_arrays\[0\].systolic_array_inst.g_row\[0\].g_col\[1\].pe.r3_prod_mant\[3\],33.66µm
_05625_,33.64µm
_10308_,33.64µm
thread_count[2],33.64µm
_06260_,33.62µm
_09805_,33.62µm
threads\[1\].register_instance.registers\[12\]\[2\],33.62µm
threads\[2\].register_instance.registers\[0\]\[14\],33.62µm
_15782_,33.6µm
_20332_,33.6µm
_19488_,33.59µm
_06257_,33.57µm
_11918_,33.56µm
_19787_,33.56µm
clknet_leaf_511_clk,33.56µm
threads\[1\].register_instance.registers\[6\]\[2\],33.54µm
threads\[2\].register_instance.registers\[6\]\[14\],33.535µm
threads\[0\].register_instance.registers\[7\]\[7\],33.53µm
program_mem_read_data[3],33.53µm
_10416_,33.52µm
_10099_,33.5µm
threads\[0\].register_instance.registers\[9\]\[7\],33.5µm
threads\[3\].register_instance.registers\[5\]\[10\],33.495µm
_08741_,33.48µm
_19772_,33.48µm
threads\[3\].register_instance.registers\[9\]\[14\],33.48µm
net1391,33.46µm
threads\[1\].register_instance.registers\[6\]\[8\],33.45µm
_03413_,33.44µm
_07608_,33.44µm
_09330_,33.44µm
_21074_,33.44µm
clknet_leaf_267_clk,33.44µm
threads\[0\].register_instance.registers\[1\]\[1\],33.425µm
_06465_,33.42µm
_20713_,33.42µm
_02641_,33.4µm
threads\[1\].register_instance.registers\[6\]\[6\],33.4µm
_10494_,33.38µm
_20151_,33.38µm
data_mem_write_address_flat[44],33.38µm
clknet_leaf_230_clk,33.38µm
_06272_,33.36µm
_14083_,33.36µm
threads\[0\].register_instance.registers\[12\]\[0\],33.36µm
threads\[3\].register_instance.registers\[8\]\[4\],33.36µm
_03193_,33.34µm
_08737_,33.34µm
_15150_,33.34µm
_15310_,33.34µm
_14655_,33.32µm
threads\[2\].register_instance.registers\[9\]\[7\],33.32µm
clknet_leaf_360_clk,33.32µm
_10335_,33.3µm
_21651_,33.3µm
threads\[2\].register_instance.registers\[10\]\[7\],33.3µm
threads\[3\].register_instance.registers\[11\]\[5\],33.3µm
data_mem_read_ready[2],33.3µm
data_mem_write_data_flat[18],33.3µm
threads\[2\].fma_instance.r3_weighted\[5\],33.285µm
threads\[3\].register_instance.registers\[6\]\[7\],33.285µm
threads\[0\].register_instance.registers\[10\]\[2\],33.265µm
_04305_,33.26µm
_13688_,33.26µm
_14843_,33.26µm
threads\[2\].register_instance.registers\[7\]\[0\],33.255µm
_20606_,33.24µm
_10845_,33.22µm
_11460_,33.2µm
net1264,33.19µm
_10667_,33.18µm
_02746_,33.175µm
_02694_,33.16µm
_14906_,33.16µm
threads\[2\].register_instance.registers\[7\]\[10\],33.15µm
data_mem_read_data_flat[45],33.15µm
_14726_,33.14µm
_09016_,33.12µm
_09179_,33.11µm
threads\[1\].register_instance.registers\[1\]\[13\],33.1µm
threads\[2\].register_instance.registers\[12\]\[9\],33.1µm
_05875_,33.08µm
_16798_,33.08µm
clknet_leaf_381_clk,33.08µm
systolic_arrays\[0\].systolic_array_inst.g_row\[1\].g_col\[1\].pe.r2_mantissa\[2\],33.075µm
_14152_,33.06µm
_14673_,33.06µm
threads\[2\].register_instance.registers\[11\]\[14\],33.045µm
threads\[1\].register_instance.registers\[1\]\[14\],33.04µm
_03725_,33.02µm
_13362_,33.02µm
_15896_,33.02µm
_18749_,33µm
threads\[2\].register_instance.registers\[11\]\[15\],33µm
net418,32.985µm
threads\[0\].register_instance.registers\[6\]\[10\],32.98µm
threads\[1\].register_instance.registers\[9\]\[5\],32.98µm
threads\[0\].register_instance.registers\[8\]\[5\],32.975µm
threads\[3\].register_instance.registers\[5\]\[12\],32.965µm
_10778_,32.96µm
_15691_,32.96µm
clknet_leaf_397_clk,32.96µm
threads\[3\].register_instance.registers\[6\]\[14\],32.94µm
threads\[0\].register_instance.registers\[1\]\[8\],32.92µm
clknet_leaf_213_clk,32.92µm
_03202_,32.9µm
_03629_,32.9µm
_04325_,32.9µm
_19888_,32.9µm
_21982_,32.9µm
threads\[3\].register_instance.registers\[12\]\[9\],32.9µm
clknet_leaf_97_clk,32.9µm
_05850_,32.89µm
_14174_,32.88µm
threads\[1\].register_instance.registers\[1\]\[2\],32.88µm
_16338_,32.86µm
clknet_leaf_35_clk,32.86µm
threads\[2\].register_instance.registers\[2\]\[6\],32.855µm
_09162_,32.84µm
_18373_,32.84µm
clknet_leaf_255_clk,32.84µm
clknet_leaf_481_clk,32.84µm
_22082_,32.825µm
_15689_,32.82µm
clknet_leaf_334_clk,32.82µm
threads\[0\].register_instance.registers\[8\]\[2\],32.81µm
threads\[3\].register_instance.registers\[5\]\[8\],32.8µm
systolic_arrays\[0\].systolic_array_inst.g_row\[0\].g_col\[0\].pe.valid_s0,32.78µm
clknet_leaf_56_clk,32.78µm
_16623_,32.76µm
threads\[2\].lsu_instance.lsu_state\[2\],32.74µm
clknet_leaf_427_clk,32.74µm
clknet_leaf_534_clk,32.74µm
threads\[1\].register_instance.registers\[12\]\[10\],32.705µm
_15324_,32.7µm
_15690_,32.7µm
_09968_,32.68µm
_18946_,32.68µm
_03996_,32.66µm
threads\[3\].register_instance.registers\[1\]\[10\],32.66µm
_12546_,32.64µm
_14191_,32.64µm
_19071_,32.62µm
clknet_leaf_351_clk,32.62µm
_15384_,32.6µm
_21961_,32.6µm
threads\[1\].register_instance.registers\[6\]\[10\],32.6µm
_08112_,32.58µm
_10378_,32.58µm
_03728_,32.56µm
_14144_,32.54µm
pipe_alu_arithmetic_mux\[1\],32.52µm
decoded_immediate[1],32.52µm
_05011_,32.5µm
_18978_,32.5µm
threads\[2\].register_instance.registers\[11\]\[3\],32.5µm
clknet_leaf_131_clk,32.5µm
clknet_leaf_418_clk,32.5µm
_09299_,32.48µm
threads\[3\].register_instance.registers\[7\]\[12\],32.48µm
_03267_,32.46µm
_03697_,32.46µm
_07333_,32.46µm
clknet_leaf_543_clk,32.46µm
_08717_,32.42µm
_14200_,32.42µm
_16157_,32.42µm
net1168,32.42µm
threads\[3\].register_instance.registers\[2\]\[1\],32.42µm
clknet_leaf_428_clk,32.42µm
clknet_leaf_547_clk,32.42µm
_03701_,32.41µm
clknet_leaf_121_clk,32.4µm
_15247_,32.39µm
_06875_,32.38µm
_09735_,32.38µm
_14574_,32.38µm
decoded_reg_input_mux[0],32.38µm
_13569_,32.36µm
clknet_leaf_57_clk,32.36µm
threads\[3\].register_instance.registers\[2\]\[14\],32.35µm
_11246_,32.34µm
pipe_rd_data\[0\]\[1\],32.34µm
threads\[1\].register_instance.registers\[1\]\[11\],32.34µm
_04463_,32.32µm
_08163_,32.32µm
_10957_,32.32µm
_11381_,32.32µm
net1363,32.32µm
_11374_,32.3µm
threads\[2\].register_instance.registers\[2\]\[13\],32.295µm
_07899_,32.28µm
fetcher_instance.fetcher_state\[2\],32.28µm
clknet_leaf_211_clk,32.28µm
_03436_,32.26µm
_07054_,32.26µm
fma_out\[3\]\[4\],32.26µm
_04248_,32.24µm
_08142_,32.24µm
_19320_,32.24µm
clknet_leaf_87_clk,32.24µm
_08106_,32.22µm
_12183_,32.22µm
systolic_arrays\[1\].systolic_array_inst.b_wire\[2\]\[10\],32.22µm
data_mem_write_ready[3],32.22µm
clknet_leaf_271_clk,32.22µm
_15110_,32.215µm
threads\[0\].register_instance.registers\[0\]\[10\],32.215µm
threads\[3\].register_instance.registers\[8\]\[13\],32.215µm
_08101_,32.2µm
_10536_,32.18µm
_17671_,32.18µm
threads\[2\].register_instance.registers\[5\]\[3\],32.18µm
clknet_leaf_356_clk,32.18µm
threads\[2\].register_instance.registers\[10\]\[8\],32.175µm
threads\[2\].register_instance.registers\[10\]\[3\],32.165µm
threads\[1\].register_instance.registers\[0\]\[14\],32.16µm
_08650_,32.14µm
_12192_,32.14µm
_18437_,32.13µm
_03667_,32.12µm
clknet_leaf_240_clk,32.12µm
_19119_,32.1µm
threads\[2\].register_instance.registers\[3\]\[6\],32.1µm
_13208_,32.08µm
threads\[1\].register_instance.registers\[3\]\[2\],32.08µm
_18496_,32.06µm
threads\[3\].register_instance.registers\[6\]\[15\],32.06µm
threads\[1\].register_instance.registers\[0\]\[15\],32.05µm
net1262,32.05µm
_03344_,32.04µm
systolic_arrays\[0\].systolic_array_inst.b_wire\[2\]\[13\],32.04µm
clknet_leaf_18_clk,32.04µm
net1498,32.02µm
_15059_,32µm
threads\[0\].register_instance.registers\[11\]\[11\],31.98µm
data_mem_read_data_flat[43],31.98µm
clknet_leaf_227_clk,31.98µm
_18032_,31.96µm
clknet_leaf_195_clk,31.96µm
threads\[3\].register_instance.registers\[8\]\[11\],31.955µm
_16979_,31.95µm
net1260,31.95µm
_04517_,31.94µm
_06462_,31.94µm
_08236_,31.94µm
_12261_,31.94µm
_16501_,31.94µm
_19235_,31.94µm
clknet_leaf_458_clk,31.94µm
_07690_,31.92µm
data_mem_read_data_flat[46],31.92µm
threads\[3\].register_instance.registers\[2\]\[15\],31.915µm
_05108_,31.9µm
_16610_,31.9µm
clknet_leaf_419_clk,31.9µm
_04123_,31.88µm
_07431_,31.88µm
_16353_,31.88µm
_17164_,31.88µm
clknet_leaf_204_clk,31.88µm
_05318_,31.86µm
net1394,31.85µm
_13474_,31.84µm
net1247,31.84µm
clknet_leaf_364_clk,31.84µm
_05710_,31.835µm
_03223_,31.83µm
_07741_,31.82µm
_21373_,31.82µm
_18431_,31.81µm
pipe_rd_data\[3\]\[8\],31.8µm
threads\[3\].register_instance.registers\[10\]\[7\],31.8µm
_13131_,31.79µm
_08269_,31.78µm
clknet_leaf_249_clk,31.77µm
threads\[2\].register_instance.registers\[8\]\[3\],31.76µm
threads\[2\].register_instance.registers\[0\]\[4\],31.745µm
program_mem_read_address[8],31.73µm
_08883_,31.72µm
threads\[2\].register_instance.registers\[12\]\[14\],31.72µm
_10523_,31.685µm
threads\[0\].register_instance.registers\[0\]\[15\],31.685µm
threads\[3\].register_instance.registers\[1\]\[0\],31.685µm
_18999_,31.68µm
threads\[2\].register_instance.registers\[0\]\[11\],31.665µm
_13788_,31.66µm
_15228_,31.66µm
clknet_leaf_314_clk,31.66µm
clknet_leaf_523_clk,31.64µm
_11295_,31.62µm
_14665_,31.62µm
_17861_,31.62µm
_21694_,31.6µm
clknet_leaf_484_clk,31.58µm
_09929_,31.56µm
_15416_,31.56µm
_21339_,31.56µm
clknet_leaf_171_clk,31.56µm
_04843_,31.555µm
_07697_,31.54µm
net1176,31.54µm
clknet_leaf_237_clk,31.54µm
systolic_arrays\[0\].systolic_array_inst.g_row\[1\].g_col\[1\].pe.r4_acc\[14\],31.5µm
threads\[0\].register_instance.registers\[5\]\[2\],31.5µm
threads\[1\].register_instance.registers\[0\]\[0\],31.5µm
threads\[3\].register_instance.registers\[7\]\[14\],31.5µm
clknet_leaf_459_clk,31.5µm
threads\[0\].register_instance.registers\[0\]\[1\],31.48µm
_08407_,31.46µm
_08558_,31.46µm
data_mem_read_data_flat[38],31.46µm
clknet_leaf_536_clk,31.46µm
_12446_,31.44µm
_14857_,31.44µm
threads\[2\].register_instance.registers\[6\]\[6\],31.44µm
clknet_leaf_404_clk,31.44µm
threads\[0\].register_instance.registers\[12\]\[11\],31.425µm
_09331_,31.42µm
_19782_,31.42µm
_21603_,31.42µm
threads\[2\].register_instance.registers\[9\]\[13\],31.42µm
_16131_,31.415µm
_08947_,31.4µm
_15616_,31.4µm
_18200_,31.4µm
_18088_,31.38µm
_18707_,31.38µm
clknet_leaf_197_clk,31.37µm
clknet_leaf_45_clk,31.34µm
_04042_,31.32µm
_05518_,31.32µm
_11217_,31.32µm
_09840_,31.3µm
_11305_,31.3µm
_12196_,31.3µm
_21558_,31.3µm
threads\[0\].register_instance.registers\[5\]\[13\],31.3µm
threads\[2\].register_instance.registers\[4\]\[13\],31.3µm
threads\[1\].register_instance.registers\[11\]\[9\],31.28µm
threads\[3\].register_instance.registers\[11\]\[10\],31.28µm
clknet_leaf_299_clk,31.28µm
_12058_,31.26µm
systolic_arrays\[0\].systolic_array_inst.a_reg\[23\],31.26µm
threads\[1\].register_instance.registers\[8\]\[5\],31.26µm
_16079_,31.255µm
_13586_,31.24µm
clknet_leaf_447_clk,31.24µm
_12506_,31.22µm
data_mem_read_data_flat[41],31.22µm
data_mem_read_ready[3],31.22µm
threads\[3\].register_instance.registers\[0\]\[14\],31.185µm
_05198_,31.17µm
data_mem_write_address_flat[48],31.16µm
_03686_,31.14µm
_09140_,31.14µm
_17362_,31.14µm
threads\[2\].register_instance.registers\[12\]\[6\],31.14µm
clknet_leaf_466_clk,31.14µm
threads\[3\].register_instance.registers\[1\]\[6\],31.125µm
_15722_,31.12µm
_18203_,31.12µm
threads\[0\].register_instance.registers\[4\]\[3\],31.12µm
_14151_,31.11µm
_05204_,31.1µm
threads\[3\].register_instance.registers\[7\]\[0\],31.1µm
systolic_arrays\[1\].systolic_array_inst.g_row\[1\].g_col\[0\].pe.r2_mantissa\[8\],31.09µm
_18642_,31.08µm
_03024_,31.06µm
_08370_,31.06µm
_10475_,31.06µm
clknet_leaf_82_clk,31.055µm
_05176_,31.05µm
_13947_,31.04µm
threads\[2\].register_instance.registers\[6\]\[0\],31.04µm
clknet_leaf_105_clk,31.04µm
_13406_,31.03µm
clknet_leaf_247_clk,31.02µm
threads\[1\].register_instance.registers\[11\]\[12\],31.01µm
threads\[3\].register_instance.registers\[3\]\[8\],31.005µm
threads\[0\].register_instance.registers\[3\]\[10\],31µm
threads\[3\].register_instance.registers\[2\]\[6\],30.965µm
_07451_,30.96µm
_14879_,30.94µm
_15415_,30.92µm
threads\[2\].register_instance.registers\[0\]\[3\],30.92µm
threads\[3\].register_instance.registers\[9\]\[13\],30.92µm
decoded_reg_input_mux[1],30.92µm
decoded_reg_input_mux[2],30.92µm
threads\[3\].register_instance.registers\[8\]\[8\],30.915µm
_18711_,30.9µm
threads\[3\].register_instance.registers\[4\]\[13\],30.885µm
_10484_,30.88µm
_13142_,30.88µm
_15092_,30.88µm
_21091_,30.88µm
threads\[2\].register_instance.registers\[10\]\[14\],30.86µm
clknet_leaf_51_clk,30.86µm
_02696_,30.855µm
_03317_,30.84µm
_04985_,30.84µm
_08344_,30.84µm
_18314_,30.84µm
threads\[2\].register_instance.registers\[11\]\[9\],30.84µm
_03878_,30.82µm
_09449_,30.82µm
_13596_,30.82µm
clknet_leaf_337_clk,30.82µm
_14254_,30.8µm
_18240_,30.8µm
_19394_,30.8µm
threads\[1\].register_instance.registers\[7\]\[10\],30.8µm
_12969_,30.78µm
_13697_,30.78µm
_16618_,30.78µm
_15464_,30.77µm
_07265_,30.765µm
_21138_,30.76µm
net1158,30.76µm
data_mem_write_data_flat[50],30.76µm
clknet_leaf_471_clk,30.76µm
_12208_,30.74µm
_20324_,30.74µm
systolic_arrays\[0\].systolic_array_inst.g_row\[0\].g_col\[0\].pe.r3_prod_mant\[8\],30.74µm
net1239,30.74µm
threads\[1\].register_instance.registers\[6\]\[7\],30.73µm
threads\[0\].lsu_instance.lsu_state\[2\],30.725µm
_12668_,30.72µm
_03187_,30.7µm
_15712_,30.7µm
threads\[1\].register_instance.registers\[1\]\[10\],30.685µm
_12541_,30.68µm
_12693_,30.68µm
_13061_,30.68µm
_17320_,30.68µm
_17698_,30.68µm
program_mem_read_address[1],30.67µm
clknet_leaf_208_clk,30.67µm
_03198_,30.66µm
_08386_,30.66µm
_10904_,30.66µm
_07732_,30.64µm
_19267_,30.64µm
net1503,30.64µm
threads\[2\].register_instance.registers\[8\]\[13\],30.64µm
clknet_leaf_367_clk,30.64µm
systolic_arrays\[1\].systolic_array_inst.g_row\[1\].g_col\[1\].pe.r2_mantissa\[2\],30.635µm
act_out\[2\]\[8\],30.625µm
threads\[2\].register_instance.registers\[4\]\[7\],30.625µm
_04134_,30.62µm
_21153_,30.62µm
threads\[0\].register_instance.registers\[11\]\[5\],30.62µm
threads\[2\].fma_instance.r3_weighted\[10\],30.62µm
threads\[1\].register_instance.registers\[9\]\[6\],30.605µm
_08930_,30.6µm
_15518_,30.6µm
threads\[0\].register_instance.registers\[5\]\[11\],30.6µm
threads\[1\].register_instance.registers\[5\]\[1\],30.59µm
threads\[0\].register_instance.registers\[0\]\[4\],30.585µm
threads\[2\].register_instance.registers\[1\]\[13\],30.585µm
_12289_,30.58µm
net1128,30.58µm
net1241,30.58µm
_08152_,30.575µm
net1125,30.56µm
clknet_leaf_332_clk,30.56µm
threads\[0\].register_instance.registers\[8\]\[10\],30.55µm
_17364_,30.54µm
_21772_,30.54µm
_05190_,30.52µm
_17781_,30.52µm
_13856_,30.5µm
_15640_,30.5µm
_11372_,30.49µm
threads\[3\].register_instance.registers\[2\]\[2\],30.485µm
_05157_,30.48µm
_07396_,30.48µm
_09362_,30.48µm
_20378_,30.48µm
data_mem_write_address_flat[50],30.48µm
clknet_leaf_339_clk,30.48µm
clknet_leaf_495_clk,30.48µm
program_mem_read_data[0],30.47µm
instruction_for_decode[12],30.45µm
_10748_,30.435µm
fetcher_instance.fetcher_state\[0\],30.43µm
data_mem_write_address_flat[49],30.43µm
_09603_,30.42µm
_08997_,30.4µm
_18753_,30.4µm
threads\[1\].register_instance.registers\[2\]\[3\],30.4µm
_07637_,30.38µm
_08105_,30.38µm
_10956_,30.38µm
_12254_,30.38µm
_20353_,30.38µm
clknet_leaf_58_clk,30.38µm
_12415_,30.37µm
_03493_,30.36µm
_18223_,30.36µm
clknet_leaf_546_clk,30.36µm
_03972_,30.32µm
_18519_,30.32µm
clknet_leaf_235_clk,30.32µm
_03201_,30.3µm
_06189_,30.3µm
_10249_,30.28µm
threads\[0\].register_instance.registers\[9\]\[13\],30.275µm
threads\[1\].register_instance.registers\[3\]\[0\],30.265µm
_12647_,30.26µm
_13944_,30.26µm
_20357_,30.26µm
_21848_,30.26µm
_07037_,30.24µm
threads\[2\].register_instance.registers\[8\]\[5\],30.23µm
threads\[0\].register_instance.registers\[4\]\[15\],30.225µm
threads\[2\].register_instance.registers\[8\]\[14\],30.225µm
_17883_,30.22µm
_16456_,30.205µm
_03488_,30.2µm
_08698_,30.2µm
threads\[2\].register_instance.registers\[10\]\[15\],30.2µm
_12239_,30.18µm
_18366_,30.18µm
threads\[1\].register_instance.registers\[11\]\[1\],30.18µm
clknet_leaf_177_clk,30.18µm
_11909_,30.16µm
_12264_,30.16µm
_13885_,30.16µm
decoded_mem_read_enable,30.16µm
_17756_,30.15µm
threads\[0\].register_instance.registers\[0\]\[6\],30.15µm
_05087_,30.14µm
clknet_leaf_424_clk,30.14µm
_07182_,30.13µm
_04114_,30.12µm
_13444_,30.12µm
systolic_arrays\[1\].systolic_array_inst.b_wire\[3\]\[15\],30.12µm
clknet_leaf_74_clk,30.12µm
_05288_,30.1µm
_05671_,30.1µm
_13823_,30.1µm
_09522_,30.09µm
threads\[1\].register_instance.registers\[2\]\[4\],30.085µm
_07551_,30.08µm
_16950_,30.08µm
_20742_,30.08µm
threads\[0\].register_instance.registers\[4\]\[11\],30.08µm
data_mem_read_data_flat[35],30.08µm
_19620_,30.07µm
_01634_,30.065µm
threads\[3\].register_instance.registers\[5\]\[15\],30.065µm
_13121_,30.05µm
threads\[1\].register_instance.registers\[8\]\[9\],30.045µm
_16551_,30.04µm
_19166_,30.02µm
clknet_leaf_15_clk,30.02µm
threads\[1\].register_instance.registers\[2\]\[11\],30.01µm
_08097_,30µm
threads\[2\].register_instance.registers\[5\]\[13\],30µm
clknet_leaf_384_clk,30µm
_08022_,29.98µm
_14601_,29.98µm
_16188_,29.98µm
alu_out\[3\]\[11\],29.965µm
threads\[0\].register_instance.registers\[10\]\[8\],29.96µm
_08509_,29.955µm
_03584_,29.95µm
_18615_,29.94µm
clknet_leaf_528_clk,29.94µm
_12278_,29.92µm
decoded_nzp[0],29.92µm
clknet_leaf_426_clk,29.92µm
_03245_,29.9µm
_12288_,29.9µm
_21405_,29.9µm
fma_out\[3\]\[11\],29.9µm
systolic_arrays\[1\].systolic_array_inst.a_reg\[27\],29.9µm
threads\[1\].register_instance.registers\[8\]\[6\],29.9µm
clknet_leaf_12_clk,29.9µm
_16837_,29.88µm
_18378_,29.88µm
threads\[3\].register_instance.registers\[12\]\[15\],29.88µm
_10266_,29.86µm
_12281_,29.86µm
_18244_,29.86µm
_20516_,29.86µm
clknet_leaf_13_clk,29.86µm
clknet_leaf_98_clk,29.86µm
_11418_,29.84µm
_13234_,29.84µm
clknet_leaf_120_clk,29.84µm
threads\[1\].register_instance.registers\[10\]\[14\],29.835µm
_12242_,29.825µm
systolic_arrays\[0\].systolic_array_inst.a_wire\[4\]\[15\],29.82µm
_06485_,29.8µm
_09658_,29.8µm
threads\[1\].register_instance.registers\[5\]\[8\],29.795µm
_03569_,29.78µm
_14885_,29.78µm
_21742_,29.78µm
threads\[0\].register_instance.registers\[6\]\[7\],29.78µm
net1252,29.78µm
data_mem_write_address_flat[21],29.78µm
threads\[0\].fma_instance.r3_weighted\[12\],29.77µm
_04118_,29.76µm
net1195,29.76µm
_19482_,29.75µm
threads\[3\].register_instance.registers\[4\]\[1\],29.75µm
_04260_,29.74µm
_17972_,29.74µm
_21599_,29.74µm
systolic_arrays\[0\].systolic_array_inst.a_reg\[20\],29.74µm
_20282_,29.72µm
threads\[0\].register_instance.registers\[2\]\[11\],29.705µm
_18493_,29.7µm
_14930_,29.685µm
_10358_,29.68µm
threads\[1\].register_instance.registers\[6\]\[13\],29.68µm
clknet_leaf_238_clk,29.68µm
_02984_,29.66µm
_08373_,29.66µm
_16606_,29.66µm
_18644_,29.66µm
threads\[2\].register_instance.registers\[10\]\[2\],29.66µm
threads\[3\].register_instance.registers\[7\]\[15\],29.66µm
_02415_,29.64µm
_14548_,29.64µm
_18473_,29.64µm
_14583_,29.62µm
_16561_,29.62µm
threads\[2\].register_instance.registers\[6\]\[9\],29.615µm
_16149_,29.6µm
systolic_arrays\[0\].systolic_array_inst.g_row\[1\].g_col\[0\].pe.r3_prod_mant\[8\],29.6µm
threads\[3\].register_instance.registers\[5\]\[13\],29.6µm
clknet_leaf_79_clk,29.6µm
systolic_arrays\[1\].systolic_array_inst.g_row\[1\].g_col\[1\].pe.r2_mantissa\[8\],29.59µm
_04990_,29.585µm
_10486_,29.58µm
_11176_,29.58µm
_10428_,29.56µm
systolic_arrays\[0\].systolic_array_inst.g_row\[1\].g_col\[0\].pe.r3_prod_mant\[9\],29.56µm
threads\[2\].register_instance.registers\[6\]\[15\],29.56µm
threads\[0\].register_instance.registers\[2\]\[1\],29.55µm
threads\[3\].register_instance.registers\[10\]\[12\],29.545µm
_04866_,29.54µm
_05978_,29.54µm
_13019_,29.54µm
_15581_,29.54µm
_09925_,29.52µm
_14470_,29.52µm
threads\[2\].register_instance.registers\[10\]\[1\],29.52µm
clknet_leaf_412_clk,29.52µm
threads\[1\].register_instance.registers\[12\]\[11\],29.515µm
_08026_,29.51µm
_06493_,29.5µm
threads\[3\].register_instance.registers\[9\]\[12\],29.5µm
_03788_,29.48µm
_10461_,29.48µm
systolic_arrays\[1\].systolic_array_inst.b_wire\[2\]\[12\],29.48µm
_05594_,29.46µm
threads\[0\].register_instance.registers\[1\]\[6\],29.46µm
clknet_leaf_133_clk,29.46µm
threads\[0\].register_instance.registers\[6\]\[14\],29.445µm
threads\[3\].register_instance.registers\[7\]\[13\],29.445µm
_11725_,29.44µm
_12613_,29.44µm
clknet_leaf_305_clk,29.44µm
_05450_,29.43µm
systolic_arrays\[0\].systolic_array_inst.g_row\[1\].g_col\[0\].pe.r2_mantissa\[12\],29.43µm
systolic_arrays\[0\].systolic_array_inst.g_row\[0\].g_col\[0\].pe.r3_prod_mant\[13\],29.425µm
_03485_,29.42µm
_06070_,29.42µm
_15732_,29.42µm
_13285_,29.41µm
_06302_,29.4µm
threads\[3\].register_instance.registers\[2\]\[13\],29.4µm
data_mem_write_data_flat[46],29.4µm
_11390_,29.38µm
_19066_,29.38µm
_03756_,29.37µm
_16440_,29.365µm
_05812_,29.36µm
_13833_,29.36µm
_15750_,29.36µm
threads\[1\].register_instance.registers\[3\]\[6\],29.34µm
clknet_leaf_236_clk,29.34µm
threads\[0\].register_instance.registers\[5\]\[4\],29.335µm
threads\[1\].register_instance.registers\[7\]\[11\],29.335µm
_15010_,29.32µm
_18704_,29.32µm
_21311_,29.32µm
threads\[2\].register_instance.registers\[3\]\[8\],29.315µm
_18427_,29.305µm
_08447_,29.3µm
_10716_,29.3µm
_08835_,29.28µm
_11789_,29.28µm
_21648_,29.28µm
data_mem_write_address_flat[39],29.27µm
_04904_,29.26µm
_17879_,29.26µm
threads\[3\].register_instance.registers\[10\]\[8\],29.26µm
_02668_,29.24µm
_07936_,29.24µm
clknet_leaf_234_clk,29.24µm
_04020_,29.22µm
systolic_arrays\[1\].systolic_array_inst.b_wire\[3\]\[12\],29.22µm
threads\[3\].register_instance.registers\[6\]\[2\],29.215µm
_07135_,29.2µm
_12312_,29.2µm
_12525_,29.2µm
_04076_,29.17µm
_15393_,29.17µm
_03595_,29.16µm
_03951_,29.16µm
_02958_,29.15µm
_03757_,29.14µm
_05992_,29.14µm
_05997_,29.14µm
_09349_,29.14µm
clknet_leaf_541_clk,29.14µm
threads\[2\].register_instance.registers\[5\]\[4\],29.135µm
_13072_,29.12µm
systolic_arrays\[0\].systolic_array_inst.b_reg\[24\],29.12µm
threads\[1\].register_instance.registers\[6\]\[5\],29.12µm
threads\[0\].register_instance.registers\[3\]\[5\],29.105µm
threads\[3\].register_instance.registers\[2\]\[7\],29.1µm
_04855_,29.08µm
_17295_,29.08µm
net1212,29.08µm
threads\[2\].register_instance.registers\[1\]\[10\],29.08µm
decoded_immediate[0],29.08µm
_05211_,29.06µm
_14958_,29.06µm
_20550_,29.06µm
threads\[1\].register_instance.registers\[11\]\[11\],29.055µm
threads\[2\].register_instance.registers\[8\]\[2\],29.04µm
_03123_,29.02µm
_05146_,29.02µm
_10968_,29.02µm
_01610_,29.005µm
_03899_,29µm
_09141_,29µm
_13855_,29µm
_11828_,28.98µm
data_mem_read_address_flat[7],28.98µm
data_mem_write_address_flat[27],28.98µm
net1398,28.97µm
_03342_,28.96µm
_08086_,28.96µm
_09747_,28.96µm
_18864_,28.96µm
threads\[3\].register_instance.registers\[3\]\[3\],28.96µm
_17257_,28.94µm
_19474_,28.94µm
_20842_,28.94µm
net1116,28.94µm
clknet_leaf_99_clk,28.94µm
clknet_leaf_138_clk,28.94µm
threads\[2\].pc_instance.nzp\[0\],28.915µm
_18153_,28.91µm
_13414_,28.9µm
_15796_,28.9µm
_18875_,28.9µm
threads\[2\].register_instance.registers\[5\]\[0\],28.88µm
decoded_nzp[2],28.88µm
_14101_,28.87µm
_11496_,28.86µm
_13617_,28.86µm
clknet_leaf_449_clk,28.86µm
_12711_,28.85µm
_08516_,28.845µm
_04201_,28.84µm
_12522_,28.84µm
_14137_,28.84µm
clknet_leaf_106_clk,28.84µm
_18428_,28.835µm
_18151_,28.82µm
net1171,28.82µm
clknet_leaf_288_clk,28.82µm
threads\[3\].register_instance.registers\[9\]\[8\],28.815µm
threads\[1\].register_instance.registers\[8\]\[1\],28.805µm
_05864_,28.8µm
clknet_leaf_193_clk,28.8µm
clknet_leaf_209_clk,28.8µm
_08297_,28.78µm
_11926_,28.78µm
_21990_,28.78µm
systolic_arrays\[1\].systolic_array_inst.b_wire\[2\]\[11\],28.78µm
threads\[1\].register_instance.registers\[3\]\[4\],28.775µm
data_mem_read_address_flat[49],28.76µm
threads\[3\].register_instance.registers\[7\]\[10\],28.755µm
_06327_,28.75µm
clknet_leaf_326_clk,28.74µm
_03519_,28.72µm
threads\[0\].register_instance.registers\[2\]\[0\],28.705µm
_05410_,28.7µm
_03071_,28.68µm
_16506_,28.68µm
clknet_leaf_310_clk,28.68µm
systolic_arrays\[1\].systolic_array_inst.g_row\[1\].g_col\[1\].pe.r3_prod_mant\[4\],28.67µm
_05909_,28.66µm
_20390_,28.66µm
threads\[1\].register_instance.registers\[3\]\[14\],28.66µm
clknet_leaf_535_clk,28.66µm
clknet_leaf_549_clk,28.66µm
_07080_,28.64µm
_19640_,28.64µm
clknet_leaf_63_clk,28.64µm
threads\[1\].register_instance.registers\[9\]\[12\],28.625µm
_05967_,28.62µm
_14892_,28.62µm
_15367_,28.62µm
_18912_,28.62µm
clknet_leaf_440_clk,28.62µm
threads\[3\].register_instance.registers\[5\]\[3\],28.605µm
_03133_,28.6µm
_10534_,28.6µm
_10972_,28.6µm
_11266_,28.6µm
systolic_arrays\[0\].systolic_array_inst.g_row\[0\].g_col\[1\].pe.r3_prod_sign,28.6µm
_07503_,28.58µm
decoded_immediate[5],28.57µm
_11023_,28.56µm
_16675_,28.56µm
_17615_,28.56µm
_03044_,28.54µm
_04344_,28.54µm
_05374_,28.54µm
_05888_,28.54µm
threads\[2\].register_instance.registers\[11\]\[7\],28.54µm
_05627_,28.52µm
_07968_,28.52µm
_16017_,28.52µm
clknet_leaf_122_clk,28.52µm
clknet_leaf_250_clk,28.52µm
clknet_leaf_312_clk,28.52µm
_04141_,28.5µm
_11593_,28.5µm
threads\[1\].register_instance.registers\[8\]\[4\],28.5µm
threads\[2\].register_instance.registers\[2\]\[15\],28.5µm
_16095_,28.495µm
_09609_,28.48µm
_13235_,28.48µm
_16532_,28.48µm
_17479_,28.48µm
clknet_leaf_394_clk,28.48µm
threads\[2\].register_instance.registers\[0\]\[2\],28.465µm
_04850_,28.46µm
_09903_,28.46µm
_17014_,28.46µm
net1269,28.46µm
_02596_,28.44µm
_12292_,28.44µm
_21553_,28.44µm
clknet_leaf_531_clk,28.44µm
threads\[2\].register_instance.registers\[2\]\[11\],28.43µm
threads\[0\].register_instance.registers\[6\]\[12\],28.42µm
systolic_arrays\[1\].systolic_array_inst.g_row\[1\].g_col\[1\].pe.r3_prod_mant\[13\],28.405µm
_14227_,28.4µm
_21031_,28.4µm
threads\[3\].register_instance.registers\[8\]\[9\],28.4µm
data_mem_read_valid[1],28.4µm
data_mem_write_address_flat[25],28.4µm
_08538_,28.38µm
_10510_,28.38µm
_18212_,28.38µm
data_mem_write_data_flat[44],28.36µm
_14402_,28.34µm
net1458,28.34µm
_21457_,28.33µm
threads\[2\].register_instance.registers\[3\]\[9\],28.32µm
_12518_,28.3µm
_13509_,28.3µm
_18430_,28.3µm
threads\[2\].register_instance.registers\[2\]\[3\],28.3µm
_01607_,28.285µm
threads\[2\].register_instance.registers\[4\]\[14\],28.285µm
_20782_,28.28µm
_03131_,28.275µm
_16042_,28.265µm
_10223_,28.26µm
threads\[3\].register_instance.registers\[10\]\[14\],28.24µm
_13878_,28.23µm
_02714_,28.22µm
_18070_,28.22µm
_20462_,28.22µm
clknet_leaf_132_clk,28.22µm
clknet_leaf_346_clk,28.22µm
_08020_,28.2µm
_12099_,28.2µm
threads\[1\].register_instance.registers\[1\]\[1\],28.19µm
clknet_leaf_243_clk,28.18µm
clknet_leaf_563_clk,28.18µm
_00049_,28.16µm
_10369_,28.16µm
_20666_,28.16µm
_03222_,28.14µm
_08416_,28.14µm
_12790_,28.14µm
threads\[3\].register_instance.registers\[6\]\[0\],28.135µm
_06122_,28.12µm
_13941_,28.12µm
threads\[1\].register_instance.registers\[2\]\[14\],28.12µm
_02507_,28.1µm
_10427_,28.1µm
_19933_,28.1µm
clknet_leaf_502_clk,28.1µm
_05024_,28.08µm
_05829_,28.08µm
net1250,28.08µm
clknet_leaf_573_clk,28.08µm
_10045_,28.065µm
_18248_,28.04µm
net1129,28.04µm
clknet_leaf_251_clk,28.04µm
_13372_,28.02µm
_16005_,28.02µm
threads\[0\].register_instance.registers\[6\]\[13\],28.02µm
data_mem_write_data_flat[47],28.02µm
clknet_leaf_75_clk,28.02µm
clknet_leaf_157_clk,28.02µm
clknet_leaf_539_clk,28.02µm
threads\[0\].register_instance.registers\[9\]\[15\],28.01µm
threads\[1\].register_instance.registers\[5\]\[0\],28.005µm
_04974_,28µm
_09184_,28µm
_13813_,28µm
_21161_,28µm
net1338,28µm
_16741_,27.985µm
threads\[1\].register_instance.registers\[4\]\[12\],27.985µm
_08776_,27.98µm
clknet_leaf_362_clk,27.98µm
clknet_leaf_516_clk,27.98µm
_19562_,27.96µm
_20040_,27.96µm
_16301_,27.94µm
data_mem_write_address_flat[43],27.94µm
clknet_leaf_439_clk,27.94µm
_18286_,27.93µm
threads\[3\].register_instance.registers\[2\]\[12\],27.925µm
clknet_leaf_61_clk,27.92µm
threads\[2\].lsu_instance.lsu_state\[1\],27.91µm
_09013_,27.9µm
_12917_,27.9µm
_13254_,27.9µm
_15983_,27.9µm
_17477_,27.9µm
_20289_,27.9µm
_19006_,27.88µm
threads\[2\].register_instance.registers\[3\]\[14\],27.865µm
clknet_leaf_226_clk,27.86µm
_13529_,27.84µm
clknet_leaf_365_clk,27.84µm
_11620_,27.82µm
systolic_arrays\[1\].systolic_array_inst.g_row\[0\].g_col\[0\].pe.r4_acc\[9\],27.82µm
clknet_leaf_154_clk,27.82µm
instruction_for_decode[1],27.81µm
threads\[1\].register_instance.registers\[4\]\[15\],27.8µm
_15357_,27.78µm
threads\[2\].register_instance.registers\[5\]\[9\],27.78µm
_02654_,27.76µm
threads\[1\].lsu_instance.lsu_state\[1\],27.76µm
_12873_,27.75µm
_03359_,27.74µm
_07109_,27.74µm
_15602_,27.74µm
_16780_,27.735µm
_11592_,27.72µm
threads\[3\].fma_instance.exec_phase,27.72µm
clknet_leaf_232_clk,27.72µm
_07528_,27.7µm
systolic_arrays\[1\].systolic_array_inst.b_reg\[26\],27.7µm
_07636_,27.68µm
_16918_,27.68µm
systolic_arrays\[1\].systolic_array_inst.g_row\[1\].g_col\[1\].pe.r3_prod_mant\[7\],27.68µm
_05542_,27.67µm
_20986_,27.66µm
threads\[2\].register_instance.registers\[0\]\[12\],27.655µm
_06084_,27.64µm
_12559_,27.64µm
_14464_,27.64µm
_15763_,27.64µm
_19169_,27.64µm
systolic_arrays\[0\].systolic_array_inst.a_reg\[26\],27.64µm
net1249,27.64µm
_03552_,27.62µm
_14302_,27.62µm
_20191_,27.62µm
_12934_,27.6µm
_06725_,27.58µm
_14436_,27.58µm
_21691_,27.56µm
threads\[0\].register_instance.registers\[1\]\[10\],27.56µm
threads\[3\].register_instance.registers\[1\]\[13\],27.56µm
_03092_,27.54µm
threads\[2\].register_instance.registers\[4\]\[8\],27.54µm
clknet_leaf_434_clk,27.54µm
clknet_leaf_496_clk,27.52µm
_11258_,27.5µm
_11321_,27.5µm
data_mem_read_address_flat[34],27.5µm
_11853_,27.48µm
_12285_,27.48µm
_08160_,27.46µm
_10940_,27.46µm
_11393_,27.46µm
_10051_,27.44µm
_10720_,27.44µm
_12902_,27.44µm
_16631_,27.44µm
threads\[0\].register_instance.registers\[5\]\[3\],27.44µm
clknet_leaf_163_clk,27.44µm
_08355_,27.43µm
_02613_,27.42µm
_12667_,27.42µm
clknet_leaf_414_clk,27.42µm
_06676_,27.41µm
threads\[1\].register_instance.registers\[0\]\[11\],27.405µm
_04849_,27.4µm
_06011_,27.38µm
_12287_,27.38µm
_12646_,27.38µm
clknet_leaf_151_clk,27.38µm
clknet_leaf_524_clk,27.38µm
_06558_,27.36µm
_21627_,27.36µm
_11216_,27.34µm
_16328_,27.34µm
_08435_,27.32µm
_11771_,27.32µm
_11784_,27.32µm
_12284_,27.32µm
_16927_,27.32µm
_17449_,27.32µm
_20971_,27.32µm
data_mem_read_data_flat[34],27.32µm
_12179_,27.3µm
_19261_,27.3µm
threads\[3\].register_instance.registers\[7\]\[6\],27.3µm
clknet_leaf_291_clk,27.3µm
act_out\[1\]\[15\],27.285µm
_08277_,27.28µm
_13001_,27.26µm
threads\[0\].register_instance.registers\[11\]\[4\],27.26µm
threads\[1\].register_instance.registers\[1\]\[15\],27.26µm
_06774_,27.24µm
_09028_,27.24µm
_17660_,27.24µm
systolic_arrays\[1\].systolic_array_inst.b_wire\[2\]\[0\],27.24µm
_05704_,27.22µm
_06656_,27.22µm
_08474_,27.2µm
_08884_,27.2µm
_16463_,27.2µm
clknet_leaf_462_clk,27.2µm
_12725_,27.19µm
_14767_,27.18µm
threads\[2\].fma_instance.r3_weighted\[3\],27.18µm
clknet_leaf_9_clk,27.18µm
_05697_,27.17µm
_06546_,27.16µm
_11895_,27.16µm
threads\[0\].register_instance.registers\[4\]\[9\],27.16µm
net1376,27.16µm
clknet_leaf_325_clk,27.14µm
_06141_,27.12µm
_08358_,27.12µm
_04421_,27.1µm
_06175_,27.1µm
_07856_,27.1µm
_12712_,27.1µm
_18257_,27.1µm
net1243,27.1µm
_08626_,27.09µm
_04187_,27.085µm
_04839_,27.08µm
_19384_,27.08µm
net1234,27.08µm
net1235,27.08µm
_13140_,27.06µm
clknet_leaf_46_clk,27.06µm
clknet_leaf_54_clk,27.06µm
systolic_arrays\[0\].systolic_array_inst.b_wire\[2\]\[15\],27.04µm
threads\[0\].register_instance.registers\[12\]\[5\],27.04µm
_10055_,27.03µm
_06709_,27.02µm
_07927_,27.02µm
_11148_,27.02µm
_18015_,27.02µm
_19839_,27.02µm
clknet_leaf_53_clk,27.02µm
clknet_leaf_378_clk,27.02µm
threads\[2\].register_instance.registers\[0\]\[0\],27.005µm
_03746_,27µm
_04032_,27µm
systolic_arrays\[0\].systolic_array_inst.g_row\[0\].g_col\[1\].pe.r3_prod_mant\[8\],27µm
_02892_,26.98µm
_15778_,26.98µm
act_out\[0\]\[7\],26.98µm
net1273,26.98µm
clknet_leaf_406_clk,26.98µm
_05269_,26.96µm
_08624_,26.96µm
_10049_,26.96µm
_18063_,26.96µm
_18463_,26.96µm
threads\[0\].register_instance.registers\[7\]\[9\],26.96µm
clknet_leaf_456_clk,26.96µm
_10705_,26.945µm
_06308_,26.94µm
_17077_,26.94µm
clknet_leaf_7_clk,26.94µm
clknet_leaf_348_clk,26.94µm
_09531_,26.92µm
threads\[2\].register_instance.registers\[10\]\[11\],26.92µm
_09285_,26.915µm
threads\[0\].register_instance.registers\[2\]\[7\],26.905µm
_18211_,26.9µm
net1330,26.9µm
clknet_leaf_111_clk,26.9µm
clknet_leaf_143_clk,26.9µm
_05485_,26.88µm
_08486_,26.88µm
_17209_,26.86µm
_21103_,26.86µm
threads\[1\].register_instance.registers\[4\]\[4\],26.86µm
threads\[3\].register_instance.registers\[12\]\[12\],26.86µm
threads\[3\].register_instance.registers\[12\]\[14\],26.86µm
clknet_leaf_221_clk,26.86µm
_13065_,26.84µm
threads\[3\].register_instance.registers\[1\]\[3\],26.84µm
clknet_leaf_178_clk,26.84µm
_19195_,26.83µm
threads\[0\].register_instance.registers\[1\]\[4\],26.825µm
net1333,26.82µm
clknet_leaf_216_clk,26.81µm
_09535_,26.8µm
_21544_,26.8µm
_21893_,26.8µm
threads\[2\].register_instance.registers\[12\]\[11\],26.8µm
act_out\[1\]\[12\],26.79µm
_08256_,26.78µm
clknet_leaf_31_clk,26.78µm
_02554_,26.76µm
_10721_,26.76µm
clknet_leaf_280_clk,26.76µm
_09029_,26.74µm
net1317,26.74µm
threads\[0\].register_instance.registers\[4\]\[12\],26.725µm
_04991_,26.72µm
_11118_,26.7µm
_11205_,26.7µm
data_mem_write_ready[2],26.7µm
systolic_arrays\[0\].systolic_array_inst.g_row\[0\].g_col\[0\].pe.r2_sign,26.695µm
_14119_,26.68µm
_17233_,26.68µm
clknet_leaf_387_clk,26.66µm
_20427_,26.64µm
threads\[0\].register_instance.registers\[2\]\[5\],26.64µm
net1274,26.64µm
_05092_,26.62µm
_07220_,26.62µm
_09639_,26.62µm
_17594_,26.62µm
net1395,26.62µm
_05870_,26.615µm
fma_out\[0\]\[7\],26.6µm
net1257,26.6µm
clknet_leaf_19_clk,26.6µm
_16220_,26.595µm
threads\[2\].register_instance.registers\[12\]\[7\],26.595µm
start,26.59µm
_02571_,26.58µm
_10590_,26.58µm
_12488_,26.58µm
_14357_,26.58µm
_04049_,26.56µm
_05540_,26.56µm
_13570_,26.56µm
_14223_,26.56µm
_15799_,26.56µm
_20442_,26.56µm
_09796_,26.54µm
threads\[0\].fma_instance.r3_weighted\[11\],26.515µm
_21336_,26.5µm
_11279_,26.48µm
data_mem_read_data_flat[44],26.48µm
_05836_,26.46µm
_06872_,26.46µm
instruction_for_decode[7],26.45µm
_02659_,26.44µm
threads\[3\].register_instance.registers\[6\]\[1\],26.44µm
_14410_,26.435µm
_02790_,26.42µm
_14498_,26.42µm
threads\[0\].register_instance.registers\[8\]\[8\],26.42µm
clknet_leaf_309_clk,26.42µm
clknet_leaf_512_clk,26.42µm
_18168_,26.4µm
_18214_,26.4µm
pipe_rd_data\[1\]\[9\],26.4µm
systolic_arrays\[1\].systolic_array_inst.b_wire\[2\]\[8\],26.4µm
threads\[2\].register_instance.registers\[1\]\[7\],26.4µm
_03517_,26.38µm
_07913_,26.38µm
_09066_,26.38µm
_20641_,26.37µm
threads\[2\].register_instance.registers\[2\]\[14\],26.37µm
_05344_,26.36µm
_05386_,26.36µm
_13138_,26.36µm
_15502_,26.36µm
_17822_,26.36µm
systolic_arrays\[1\].systolic_array_inst.a_reg\[23\],26.36µm
clknet_leaf_376_clk,26.345µm
_09346_,26.34µm
systolic_arrays\[0\].systolic_array_inst.g_row\[1\].g_col\[1\].pe.r3_prod_sign,26.34µm
threads\[0\].register_instance.registers\[10\]\[3\],26.325µm
_11476_,26.32µm
_14789_,26.32µm
_19476_,26.32µm
_21340_,26.32µm
_04133_,26.3µm
_09914_,26.3µm
_14638_,26.3µm
clknet_leaf_282_clk,26.3µm
clknet_leaf_455_clk,26.3µm
_07502_,26.29µm
_12487_,26.29µm
_15201_,26.285µm
_20156_,26.28µm
act_out\[1\]\[7\],26.28µm
_11672_,26.26µm
systolic_arrays\[1\].systolic_array_inst.b_wire\[3\]\[14\],26.26µm
threads\[0\].register_instance.registers\[7\]\[13\],26.26µm
threads\[2\].register_instance.registers\[8\]\[7\],26.26µm
clknet_leaf_395_clk,26.26µm
_18426_,26.255µm
threads\[1\].register_instance.registers\[7\]\[6\],26.255µm
_13381_,26.25µm
_12511_,26.24µm
threads\[0\].register_instance.registers\[7\]\[11\],26.225µm
_13160_,26.22µm
_13581_,26.22µm
clknet_leaf_304_clk,26.22µm
_21410_,26.2µm
_06068_,26.19µm
systolic_arrays\[1\].systolic_array_inst.b_wire\[3\]\[11\],26.19µm
_03677_,26.18µm
_07740_,26.18µm
_09405_,26.18µm
_09426_,26.18µm
_14222_,26.18µm
_17328_,26.18µm
_21419_,26.18µm
threads\[1\].register_instance.registers\[12\]\[15\],26.18µm
_03570_,26.17µm
_17214_,26.14µm
_18218_,26.14µm
_20622_,26.14µm
threads\[1\].register_instance.registers\[0\]\[7\],26.14µm
net1255,26.14µm
data_mem_write_valid[2],26.14µm
_10639_,26.12µm
_10681_,26.115µm
_12307_,26.1µm
_12983_,26.1µm
_13842_,26.1µm
_15769_,26.1µm
_16354_,26.1µm
_21667_,26.1µm
clknet_leaf_557_clk,26.1µm
_12940_,26.09µm
threads\[3\].register_instance.registers\[12\]\[10\],26.09µm
_10203_,26.08µm
_16937_,26.08µm
threads\[1\].fma_instance.exec_phase,26.08µm
data_mem_write_address_flat[22],26.08µm
clknet_leaf_556_clk,26.08µm
_10640_,26.07µm
_04094_,26.06µm
_15292_,26.06µm
_15318_,26.06µm
clknet_leaf_338_clk,26.06µm
_03927_,26.04µm
_05095_,26.04µm
_21868_,26.04µm
systolic_arrays\[1\].systolic_array_inst.b_wire\[3\]\[9\],26.04µm
_03650_,26.02µm
_09351_,26.02µm
_20678_,26µm
threads\[1\].register_instance.registers\[1\]\[8\],26µm
_20810_,25.99µm
_07239_,25.98µm
_07966_,25.98µm
_15030_,25.98µm
_15677_,25.98µm
_17860_,25.98µm
pipe_reg_input_mux\[1\],25.98µm
threads\[3\].register_instance.registers\[9\]\[3\],25.965µm
_03177_,25.95µm
_13060_,25.95µm
_19913_,25.94µm
_21734_,25.94µm
data_mem_write_data_flat[34],25.94µm
threads\[1\].register_instance.registers\[5\]\[12\],25.935µm
_06168_,25.92µm
_10528_,25.92µm
_18554_,25.92µm
clknet_leaf_473_clk,25.92µm
_14931_,25.915µm
_09598_,25.91µm
threads\[1\].register_instance.registers\[1\]\[6\],25.905µm
clknet_leaf_452_clk,25.905µm
_09199_,25.9µm
_19574_,25.9µm
clknet_leaf_432_clk,25.9µm
_13255_,25.88µm
_13500_,25.88µm
_14201_,25.88µm
_15199_,25.88µm
_17182_,25.865µm
_20300_,25.86µm
data_mem_read_ready[0],25.86µm
_03843_,25.84µm
_04818_,25.84µm
_07197_,25.84µm
_14532_,25.84µm
_20525_,25.84µm
clknet_leaf_14_clk,25.84µm
_18785_,25.83µm
_03112_,25.82µm
_04774_,25.82µm
_11723_,25.82µm
_08002_,25.8µm
_11431_,25.8µm
threads\[2\].register_instance.registers\[5\]\[15\],25.8µm
data_mem_write_valid[1],25.8µm
_07236_,25.78µm
_11152_,25.78µm
_13724_,25.78µm
_14128_,25.78µm
data_mem_read_data_flat[27],25.78µm
threads\[1\].register_instance.registers\[1\]\[3\],25.765µm
_13271_,25.76µm
_12112_,25.74µm
_16628_,25.74µm
clknet_leaf_451_clk,25.74µm
threads\[1\].register_instance.registers\[8\]\[15\],25.735µm
_06086_,25.72µm
_20106_,25.72µm
data_mem_write_data_flat[6],25.72µm
clknet_leaf_202_clk,25.72µm
clknet_leaf_258_clk,25.72µm
clknet_leaf_385_clk,25.72µm
_14999_,25.7µm
_19336_,25.7µm
net1266,25.7µm
clknet_leaf_285_clk,25.7µm
threads\[0\].fma_instance.r3_weighted\[13\],25.695µm
systolic_arrays\[1\].systolic_array_inst.b_wire\[3\]\[10\],25.68µm
clknet_leaf_59_clk,25.68µm
_10183_,25.67µm
_10394_,25.67µm
data_mem_write_address_flat[29],25.66µm
threads\[3\].register_instance.registers\[1\]\[9\],25.65µm
threads\[0\].register_instance.registers\[2\]\[10\],25.645µm
_06033_,25.64µm
_09930_,25.64µm
_19012_,25.64µm
threads\[0\].register_instance.registers\[1\]\[2\],25.64µm
_09176_,25.62µm
_10771_,25.62µm
_12260_,25.62µm
_19593_,25.62µm
net1102,25.62µm
clknet_leaf_390_clk,25.62µm
_04097_,25.6µm
_16417_,25.6µm
systolic_arrays\[0\].systolic_array_inst.b_wire\[2\]\[4\],25.6µm
threads\[3\].register_instance.registers\[6\]\[3\],25.6µm
clknet_leaf_155_clk,25.6µm
_09436_,25.58µm
_17551_,25.58µm
_21180_,25.58µm
systolic_arrays\[1\].systolic_array_inst.g_row\[1\].g_col\[0\].pe.r3_prod_mant\[10\],25.58µm
_15033_,25.57µm
_10083_,25.56µm
_11664_,25.56µm
_18100_,25.56µm
_12209_,25.54µm
_09116_,25.53µm
threads\[0\].register_instance.registers\[4\]\[8\],25.505µm
_03325_,25.5µm
_11967_,25.5µm
_12216_,25.5µm
_06130_,25.48µm
act_out\[0\]\[4\],25.48µm
net379,25.48µm
threads\[0\].register_instance.registers\[3\]\[15\],25.48µm
_01659_,25.465µm
_01653_,25.46µm
_03412_,25.46µm
_03562_,25.46µm
_13920_,25.46µm
_14130_,25.46µm
_15410_,25.46µm
_20760_,25.46µm
threads\[2\].fma_instance.r3_weighted\[2\],25.46µm
clknet_leaf_214_clk,25.46µm
_14486_,25.45µm
_04803_,25.44µm
_13073_,25.44µm
_19949_,25.44µm
_20785_,25.44µm
threads\[0\].register_instance.registers\[5\]\[1\],25.425µm
_02913_,25.42µm
systolic_arrays\[1\].systolic_array_inst.g_row\[0\].g_col\[0\].pe.r3_prod_sign,25.42µm
threads\[0\].lsu_instance.lsu_state\[3\],25.42µm
clknet_leaf_189_clk,25.42µm
threads\[3\].register_instance.registers\[4\]\[6\],25.41µm
_02688_,25.4µm
_17094_,25.4µm
_05331_,25.38µm
_10460_,25.38µm
systolic_arrays\[1\].systolic_array_inst.g_row\[1\].g_col\[1\].pe.r3_prod_mant\[10\],25.38µm
threads\[0\].register_instance.registers\[4\]\[14\],25.38µm
clknet_leaf_34_clk,25.38µm
_17699_,25.36µm
threads\[0\].register_instance.registers\[3\]\[6\],25.36µm
threads\[1\].register_instance.registers\[1\]\[12\],25.355µm
clknet_leaf_245_clk,25.35µm
_02921_,25.34µm
_10048_,25.34µm
clknet_leaf_44_clk,25.34µm
clknet_leaf_477_clk,25.34µm
_07895_,25.32µm
_14011_,25.32µm
_15363_,25.32µm
_19390_,25.31µm
_07542_,25.3µm
_07683_,25.3µm
_14457_,25.3µm
_10694_,25.28µm
threads\[2\].register_instance.registers\[3\]\[1\],25.28µm
_07111_,25.26µm
_10144_,25.26µm
_14104_,25.26µm
_20578_,25.26µm
systolic_arrays\[0\].systolic_array_inst.b_reg\[25\],25.26µm
data_mem_write_address_flat[3],25.26µm
clknet_leaf_485_clk,25.26µm
_15757_,25.25µm
_18738_,25.24µm
threads\[0\].register_instance.registers\[10\]\[0\],25.24µm
_18752_,25.23µm
_14482_,25.22µm
_17370_,25.22µm
_19278_,25.22µm
data_mem_write_data_flat[25],25.22µm
_05209_,25.21µm
_13000_,25.205µm
_08033_,25.2µm
_05505_,25.19µm
_13460_,25.19µm
_05100_,25.18µm
_09218_,25.18µm
_09423_,25.18µm
_14473_,25.18µm
_20193_,25.18µm
_20743_,25.18µm
clknet_leaf_210_clk,25.18µm
_20751_,25.17µm
_01635_,25.16µm
_20984_,25.16µm
systolic_arrays\[1\].systolic_array_inst.b_wire\[2\]\[15\],25.16µm
_02675_,25.14µm
_04622_,25.14µm
_05491_,25.14µm
_12945_,25.14µm
clknet_leaf_450_clk,25.14µm
_13642_,25.12µm
_16419_,25.12µm
threads\[0\].register_instance.registers\[7\]\[2\],25.12µm
_20484_,25.11µm
_02846_,25.1µm
_15159_,25.1µm
_04756_,25.08µm
_15954_,25.08µm
threads\[3\].register_instance.registers\[12\]\[7\],25.08µm
clknet_leaf_359_clk,25.08µm
_21824_,25.07µm
_21449_,25.06µm
systolic_arrays\[0\].systolic_array_inst.g_row\[0\].g_col\[1\].pe.r3_prod_mant\[7\],25.06µm
threads\[2\].register_instance.registers\[7\]\[11\],25.06µm
_06698_,25.04µm
_07926_,25.04µm
threads\[1\].register_instance.registers\[6\]\[14\],25.04µm
_05610_,25.02µm
_07159_,25.02µm
_09855_,25.02µm
_15614_,25.02µm
_18699_,25.02µm
_19935_,25.02µm
threads\[1\].fma_instance.r3_weighted\[11\],25.02µm
systolic_arrays\[0\].systolic_array_inst.g_row\[1\].g_col\[0\].pe.r3_prod_mant\[4\],25µm
threads\[0\].register_instance.registers\[4\]\[1\],25µm
_17290_,24.995µm
_09272_,24.98µm
_21837_,24.98µm
threads\[1\].register_instance.registers\[9\]\[8\],24.97µm
_05026_,24.96µm
_09249_,24.96µm
threads\[1\].register_instance.registers\[11\]\[0\],24.96µm
threads\[1\].register_instance.registers\[2\]\[13\],24.96µm
threads\[2\].register_instance.registers\[3\]\[12\],24.96µm
_04289_,24.94µm
_20748_,24.94µm
threads\[0\].register_instance.registers\[10\]\[13\],24.94µm
threads\[1\].register_instance.registers\[6\]\[3\],24.94µm
_02598_,24.92µm
_02810_,24.92µm
_13189_,24.92µm
_18450_,24.92µm
_18751_,24.92µm
_20595_,24.92µm
systolic_arrays\[0\].systolic_array_inst.g_row\[0\].g_col\[0\].pe.r3_prod_mant\[12\],24.92µm
systolic_arrays\[0\].systolic_array_inst.a_reg\[11\],24.91µm
_12460_,24.9µm
threads\[3\].register_instance.registers\[8\]\[14\],24.9µm
clknet_leaf_303_clk,24.9µm
_11345_,24.88µm
_11743_,24.88µm
threads\[1\].register_instance.registers\[4\]\[9\],24.88µm
_11343_,24.86µm
_14543_,24.86µm
_19218_,24.86µm
_07928_,24.84µm
_09764_,24.84µm
_10225_,24.84µm
_10299_,24.84µm
clknet_leaf_169_clk,24.84µm
_05828_,24.82µm
_16108_,24.82µm
_20481_,24.81µm
threads\[3\].register_instance.registers\[6\]\[8\],24.805µm
_02814_,24.8µm
_20805_,24.8µm
_02865_,24.79µm
_06528_,24.78µm
_13816_,24.78µm
_19941_,24.78µm
_14952_,24.765µm
_03720_,24.76µm
_04357_,24.76µm
_07012_,24.76µm
_14788_,24.76µm
_16384_,24.76µm
_21727_,24.76µm
threads\[0\].register_instance.registers\[5\]\[8\],24.76µm
threads\[3\].register_instance.registers\[12\]\[8\],24.76µm
clknet_leaf_103_clk,24.76µm
_02341_,24.74µm
_20662_,24.74µm
systolic_arrays\[0\].systolic_array_inst.g_row\[0\].g_col\[1\].pe.r3_prod_mant\[14\],24.725µm
threads\[0\].register_instance.registers\[12\]\[9\],24.72µm
clknet_leaf_68_clk,24.72µm
clknet_leaf_300_clk,24.72µm
clknet_leaf_335_clk,24.72µm
_07644_,24.7µm
clknet_leaf_198_clk,24.7µm
_04802_,24.68µm
_16325_,24.68µm
_21755_,24.68µm
threads\[3\].register_instance.registers\[3\]\[10\],24.68µm
clknet_leaf_407_clk,24.68µm
_14949_,24.67µm
_10261_,24.66µm
threads\[0\].register_instance.registers\[3\]\[1\],24.66µm
net1297,24.66µm
_08833_,24.65µm
_06211_,24.64µm
_09101_,24.64µm
_16036_,24.605µm
threads\[2\].register_instance.registers\[8\]\[10\],24.595µm
net1440,24.59µm
_17670_,24.58µm
_19470_,24.58µm
clknet_leaf_261_clk,24.58µm
clknet_leaf_315_clk,24.58µm
clknet_leaf_521_clk,24.58µm
_03003_,24.56µm
_03848_,24.56µm
_09838_,24.56µm
_10599_,24.56µm
_16231_,24.56µm
data_mem_read_data_flat[40],24.56µm
clknet_leaf_65_clk,24.56µm
_17444_,24.54µm
_21140_,24.54µm
_21195_,24.54µm
clknet_leaf_80_clk,24.54µm
_03900_,24.52µm
_11848_,24.52µm
_18386_,24.52µm
fma_out\[2\]\[1\],24.52µm
_07268_,24.49µm
_08212_,24.46µm
threads\[2\].register_instance.registers\[8\]\[11\],24.46µm
threads\[3\].register_instance.registers\[2\]\[4\],24.46µm
_17837_,24.45µm
_04744_,24.44µm
_07908_,24.44µm
_11939_,24.44µm
_14703_,24.44µm
_04970_,24.42µm
_08409_,24.42µm
act_out\[0\]\[1\],24.42µm
clknet_leaf_71_clk,24.42µm
_09278_,24.4µm
threads\[3\].register_instance.registers\[6\]\[10\],24.4µm
clknet_leaf_507_clk,24.4µm
_11143_,24.38µm
_18600_,24.38µm
_21764_,24.38µm
_07744_,24.36µm
_20111_,24.36µm
fma_out\[2\]\[9\],24.36µm
systolic_arrays\[0\].systolic_array_inst.g_row\[1\].g_col\[0\].pe.r3_prod_mant\[3\],24.36µm
_04132_,24.34µm
_09526_,24.34µm
_11976_,24.34µm
threads\[1\].register_instance.registers\[12\]\[7\],24.34µm
threads\[1\].register_instance.registers\[9\]\[3\],24.34µm
data_mem_write_address_flat[33],24.34µm
clknet_leaf_252_clk,24.34µm
threads\[0\].register_instance.registers\[4\]\[7\],24.335µm
_04885_,24.32µm
_08320_,24.32µm
_09938_,24.32µm
_14292_,24.32µm
_14323_,24.32µm
_15108_,24.32µm
data_mem_read_address_flat[46],24.32µm
_10291_,24.31µm
_04630_,24.3µm
_09294_,24.3µm
_10404_,24.3µm
_11812_,24.3µm
_12175_,24.3µm
_13161_,24.3µm
net1506,24.3µm
clknet_leaf_472_clk,24.3µm
clknet_leaf_533_clk,24.3µm
_08031_,24.28µm
_09395_,24.28µm
_11858_,24.28µm
threads\[2\].register_instance.registers\[1\]\[11\],24.28µm
clknet_leaf_266_clk,24.28µm
threads\[0\].register_instance.registers\[12\]\[12\],24.265µm
_09086_,24.26µm
_12194_,24.26µm
systolic_arrays\[1\].systolic_array_inst.g_row\[1\].g_col\[0\].pe.r2_sign,24.26µm
clknet_leaf_62_clk,24.26µm
_04884_,24.24µm
_09760_,24.24µm
_20612_,24.24µm
systolic_arrays\[1\].systolic_array_inst.b_wire\[2\]\[5\],24.24µm
_07134_,24.22µm
_07289_,24.22µm
_13818_,24.22µm
threads\[1\].register_instance.registers\[0\]\[10\],24.22µm
_05360_,24.2µm
_08257_,24.2µm
_21584_,24.2µm
threads\[3\].register_instance.registers\[6\]\[11\],24.2µm
net1253,24.2µm
threads\[3\].register_instance.registers\[0\]\[15\],24.19µm
_10613_,24.18µm
_19171_,24.18µm
_20776_,24.18µm
clknet_leaf_264_clk,24.18µm
threads\[0\].register_instance.registers\[12\]\[10\],24.17µm
_03152_,24.16µm
_06498_,24.16µm
_09366_,24.16µm
_09519_,24.16µm
_13503_,24.16µm
threads\[0\].register_instance.registers\[11\]\[12\],24.16µm
threads\[1\].register_instance.registers\[12\]\[6\],24.16µm
_12438_,24.15µm
_04522_,24.14µm
_09627_,24.14µm
_10922_,24.14µm
threads\[2\].register_instance.registers\[8\]\[8\],24.14µm
_17914_,24.135µm
_04940_,24.12µm
_12440_,24.12µm
_14350_,24.12µm
_17017_,24.12µm
_20376_,24.12µm
data_mem_read_address_flat[53],24.12µm
_07405_,24.1µm
_07841_,24.1µm
_09621_,24.1µm
_13006_,24.1µm
_18397_,24.1µm
_18788_,24.1µm
thread_count[1],24.1µm
clknet_leaf_52_clk,24.1µm
_08528_,24.09µm
act_out\[1\]\[0\],24.085µm
_06026_,24.08µm
_10830_,24.08µm
_17045_,24.08µm
_18330_,24.08µm
net1314,24.08µm
clknet_leaf_117_clk,24.08µm
_16290_,24.075µm
_02606_,24.06µm
_02999_,24.06µm
_03982_,24.06µm
_08680_,24.06µm
_17849_,24.06µm
threads\[3\].register_instance.registers\[1\]\[15\],24.06µm
threads\[3\].register_instance.registers\[4\]\[14\],24.06µm
_06641_,24.04µm
_09072_,24.04µm
_13832_,24.04µm
_14828_,24.04µm
threads\[0\].register_instance.registers\[9\]\[2\],24.04µm
_05538_,24.02µm
_05562_,24.02µm
_12805_,24.02µm
_13567_,24.02µm
act_out\[2\]\[6\],24.02µm
_04529_,24µm
_05017_,24µm
_12901_,24µm
data_mem_write_address_flat[72],24µm
net1512,23.99µm
_11960_,23.98µm
threads\[1\].fma_instance.r3_weighted\[9\],23.98µm
_04075_,23.96µm
_06069_,23.96µm
_10693_,23.96µm
_19350_,23.96µm
_20977_,23.96µm
threads\[0\].register_instance.registers\[9\]\[8\],23.96µm
_02783_,23.94µm
_03585_,23.94µm
_19634_,23.94µm
_04181_,23.93µm
_03801_,23.92µm
_06454_,23.92µm
_06456_,23.92µm
_19051_,23.92µm
_21763_,23.92µm
threads\[0\].register_instance.registers\[8\]\[11\],23.92µm
_15016_,23.9µm
threads\[1\].register_instance.registers\[7\]\[7\],23.9µm
_04223_,23.88µm
_04372_,23.88µm
_07838_,23.88µm
clknet_leaf_6_clk,23.88µm
clknet_leaf_316_clk,23.88µm
_07490_,23.86µm
_09057_,23.86µm
_14309_,23.86µm
_15783_,23.86µm
_19220_,23.86µm
_21582_,23.86µm
data_mem_read_data_flat[10],23.86µm
data_mem_read_data_flat[47],23.86µm
threads\[3\].register_instance.registers\[0\]\[9\],23.845µm
_11463_,23.84µm
_13103_,23.84µm
_13301_,23.84µm
_19864_,23.84µm
_21819_,23.84µm
net1223,23.84µm
systolic_arrays\[0\].systolic_array_inst.b_wire\[2\]\[5\],23.84µm
clknet_leaf_572_clk,23.84µm
_05370_,23.82µm
_12302_,23.82µm
_12372_,23.82µm
_19013_,23.82µm
_19060_,23.82µm
_02441_,23.8µm
_06957_,23.8µm
_09104_,23.8µm
_11478_,23.8µm
_13769_,23.8µm
clknet_leaf_72_clk,23.8µm
clknet_leaf_179_clk,23.8µm
_16596_,23.78µm
_19743_,23.775µm
_05699_,23.76µm
_09982_,23.76µm
_13792_,23.76µm
clknet_leaf_191_clk,23.76µm
_08638_,23.755µm
_19286_,23.74µm
_12797_,23.725µm
threads\[2\].register_instance.registers\[2\]\[12\],23.725µm
_10312_,23.72µm
clknet_leaf_229_clk,23.72µm
_12580_,23.715µm
pipe_rd_data\[0\]\[8\],23.715µm
_15760_,23.7µm
threads\[1\].register_instance.registers\[12\]\[1\],23.7µm
_08027_,23.68µm
clknet_leaf_329_clk,23.68µm
_00928_,23.675µm
_11634_,23.66µm
threads\[2\].register_instance.registers\[6\]\[4\],23.66µm
_16725_,23.655µm
_05407_,23.64µm
_07676_,23.64µm
data_mem_read_data_flat[32],23.64µm
decoded_pc_mux,23.64µm
clknet_leaf_107_clk,23.64µm
_08261_,23.62µm
_08625_,23.62µm
_09629_,23.62µm
clknet_leaf_91_clk,23.62µm
_16184_,23.605µm
_02482_,23.6µm
_10243_,23.6µm
_13843_,23.6µm
_15694_,23.6µm
_14816_,23.59µm
systolic_arrays\[1\].systolic_array_inst.g_row\[1\].g_col\[0\].pe.r2_mantissa\[5\],23.59µm
_08499_,23.58µm
_10381_,23.565µm
_06021_,23.56µm
_06711_,23.56µm
_12521_,23.56µm
_16011_,23.56µm
_17311_,23.56µm
threads\[0\].register_instance.registers\[6\]\[8\],23.56µm
data_mem_read_data_flat[31],23.56µm
_16089_,23.555µm
clknet_leaf_379_clk,23.55µm
_12852_,23.54µm
_12888_,23.54µm
_22059_,23.54µm
clknet_leaf_28_clk,23.54µm
clknet_leaf_284_clk,23.54µm
clknet_leaf_289_clk,23.54µm
_19946_,23.53µm
_08403_,23.52µm
_15084_,23.52µm
systolic_arrays\[0\].systolic_array_inst.g_row\[0\].g_col\[0\].pe.r2_mantissa\[6\],23.505µm
_06413_,23.5µm
_17448_,23.5µm
_17857_,23.5µm
net1244,23.5µm
_12704_,23.48µm
_17765_,23.48µm
_21514_,23.48µm
decoded_rd_address[3],23.48µm
_07978_,23.46µm
_10482_,23.45µm
_14172_,23.44µm
threads\[0\].register_instance.registers\[9\]\[3\],23.44µm
_02830_,23.42µm
_12041_,23.42µm
_12116_,23.42µm
_12369_,23.42µm
_18067_,23.42µm
_19387_,23.42µm
_21435_,23.42µm
_03687_,23.4µm
threads\[1\].register_instance.registers\[3\]\[5\],23.4µm
data_mem_read_data_flat[9],23.4µm
_04174_,23.38µm
_06644_,23.38µm
_08550_,23.38µm
_12204_,23.38µm
_13613_,23.38µm
_17762_,23.38µm
net401,23.38µm
clknet_leaf_260_clk,23.38µm
_11764_,23.36µm
systolic_arrays\[0\].systolic_array_inst.g_row\[1\].g_col\[0\].pe.r3_prod_mant\[7\],23.36µm
threads\[1\].pc_instance.nzp\[0\],23.36µm
threads\[2\].register_instance.registers\[12\]\[2\],23.36µm
clknet_leaf_515_clk,23.36µm
_04734_,23.34µm
_11294_,23.34µm
clknet_leaf_564_clk,23.34µm
threads\[3\].fma_instance.r3_weighted\[13\],23.33µm
_09236_,23.32µm
_13026_,23.32µm
_17003_,23.32µm
_18346_,23.32µm
_09107_,23.31µm
_03926_,23.3µm
_05257_,23.3µm
_07766_,23.3µm
_18966_,23.3µm
clknet_leaf_350_clk,23.3µm
_04949_,23.28µm
_19486_,23.28µm
clknet_leaf_228_clk,23.28µm
threads\[0\].register_instance.registers\[7\]\[5\],23.275µm
_06669_,23.26µm
_12513_,23.26µm
clknet_leaf_48_clk,23.26µm
clknet_leaf_67_clk,23.26µm
net1588,23.26µm
_15936_,23.255µm
threads\[1\].register_instance.registers\[12\]\[4\],23.25µm
_01676_,23.24µm
_09836_,23.24µm
_16165_,23.24µm
_18871_,23.24µm
_19830_,23.23µm
_03845_,23.22µm
_04009_,23.22µm
_16289_,23.22µm
_17230_,23.22µm
_18655_,23.21µm
_16777_,23.2µm
_17930_,23.2µm
clknet_leaf_396_clk,23.2µm
_07870_,23.18µm
_12327_,23.18µm
threads\[2\].register_instance.registers\[3\]\[4\],23.18µm
data_mem_read_data_flat[29],23.18µm
decoded_rs_address[0],23.18µm
_03460_,23.16µm
_18192_,23.16µm
_19611_,23.16µm
_20140_,23.16µm
threads\[1\].register_instance.registers\[9\]\[10\],23.16µm
_07876_,23.14µm
_19934_,23.14µm
threads\[0\].register_instance.registers\[3\]\[8\],23.13µm
_13027_,23.12µm
_13198_,23.12µm
_14762_,23.12µm
_04512_,23.11µm
_04488_,23.1µm
_06735_,23.1µm
_07719_,23.1µm
_08162_,23.1µm
_09962_,23.1µm
_11103_,23.1µm
threads\[2\].register_instance.registers\[7\]\[13\],23.1µm
_03151_,23.08µm
_03743_,23.08µm
_13074_,23.08µm
_18380_,23.08µm
_21392_,23.08µm
clknet_leaf_383_clk,23.08µm
_02555_,23.06µm
_03645_,23.06µm
_17823_,23.06µm
_01806_,23.055µm
systolic_arrays\[0\].systolic_array_inst.g_row\[0\].g_col\[1\].pe.r3_prod_mant\[13\],23.055µm
_05149_,23.05µm
net1513,23.05µm
_05582_,23.04µm
_13119_,23.04µm
_14912_,23.04µm
_15618_,23.04µm
_19508_,23.04µm
threads\[1\].register_instance.registers\[12\]\[3\],23.025µm
_08920_,23.02µm
_11913_,23.02µm
_19342_,23.02µm
data_mem_read_address_flat[72],23.02µm
_10399_,23µm
_15172_,23µm
data_mem_write_valid[0],23µm
clknet_leaf_60_clk,23µm
clknet_leaf_388_clk,23µm
_12596_,22.98µm
_21348_,22.98µm
_01662_,22.965µm
_06196_,22.96µm
_07935_,22.96µm
_15434_,22.96µm
_18298_,22.96µm
fma_out\[0\]\[2\],22.96µm
systolic_arrays\[0\].systolic_array_inst.b_wire\[2\]\[7\],22.96µm
data_mem_write_address_flat[32],22.96µm
data_mem_write_address_flat[4],22.96µm
threads\[2\].register_instance.registers\[2\]\[10\],22.955µm
_22056_,22.95µm
_15123_,22.94µm
threads\[0\].register_instance.registers\[7\]\[10\],22.94µm
data_mem_write_data_flat[15],22.94µm
_06800_,22.92µm
_07811_,22.92µm
_09319_,22.92µm
_13317_,22.92µm
_17221_,22.92µm
clknet_leaf_233_clk,22.91µm
_12038_,22.9µm
_14478_,22.9µm
_19803_,22.9µm
_10547_,22.885µm
_12068_,22.88µm
_18937_,22.88µm
_21089_,22.88µm
threads\[2\].fma_instance.exec_phase,22.88µm
_17194_,22.86µm
_13269_,22.84µm
_17856_,22.84µm
_10168_,22.83µm
_20274_,22.82µm
systolic_arrays\[1\].systolic_array_inst.b_wire\[3\]\[7\],22.82µm
_02749_,22.8µm
_04351_,22.8µm
_05943_,22.8µm
_09030_,22.8µm
_20409_,22.8µm
clknet_leaf_457_clk,22.8µm
net1519,22.8µm
clknet_leaf_174_clk,22.79µm
_07956_,22.78µm
_18115_,22.78µm
act_out\[1\]\[13\],22.78µm
threads\[1\].register_instance.registers\[6\]\[4\],22.78µm
threads\[3\].register_instance.registers\[6\]\[13\],22.78µm
data_mem_read_data_flat[5],22.78µm
clknet_leaf_4_clk,22.78µm
clknet_leaf_199_clk,22.78µm
_09032_,22.76µm
_11092_,22.76µm
_12101_,22.76µm
_13302_,22.76µm
_17282_,22.76µm
_18862_,22.76µm
systolic_arrays\[0\].systolic_array_inst.g_row\[0\].g_col\[0\].pe.compute_enable,22.76µm
_14965_,22.74µm
threads\[2\].register_instance.registers\[2\]\[9\],22.725µm
_02930_,22.72µm
_03948_,22.72µm
_05072_,22.72µm
_06842_,22.72µm
_10717_,22.72µm
_18876_,22.72µm
_19643_,22.72µm
net1170,22.72µm
block_id[2],22.72µm
data_mem_read_data_flat[3],22.72µm
decoded_mem_write_enable,22.72µm
decoded_rd_address[0],22.72µm
decoded_rd_address[1],22.72µm
_08187_,22.715µm
_03777_,22.7µm
_18241_,22.7µm
_18281_,22.7µm
threads\[0\].register_instance.registers\[8\]\[15\],22.695µm
_04979_,22.68µm
_08553_,22.68µm
_11146_,22.68µm
threads\[1\].register_instance.registers\[1\]\[7\],22.68µm
_03636_,22.67µm
_07117_,22.665µm
threads\[1\].register_instance.registers\[7\]\[4\],22.645µm
clknet_leaf_0_clk,22.64µm
clknet_leaf_321_clk,22.64µm
_05632_,22.62µm
_14557_,22.62µm
_15902_,22.62µm
_19600_,22.62µm
data_mem_write_address_flat[53],22.62µm
data_mem_write_data_flat[5],22.62µm
_17741_,22.605µm
_06839_,22.6µm
_10532_,22.6µm
_13754_,22.6µm
_16314_,22.585µm
_04801_,22.58µm
_18382_,22.58µm
_13802_,22.57µm
_02508_,22.56µm
_09119_,22.56µm
_14467_,22.56µm
_18802_,22.56µm
threads\[0\].register_instance.registers\[3\]\[12\],22.56µm
threads\[2\].register_instance.registers\[7\]\[7\],22.56µm
_04337_,22.54µm
_05015_,22.54µm
_13950_,22.54µm
_15671_,22.54µm
_17365_,22.54µm
net1251,22.54µm
data_mem_write_address_flat[31],22.54µm
_21993_,22.52µm
clknet_leaf_500_clk,22.52µm
_11824_,22.515µm
clknet_leaf_118_clk,22.515µm
_09636_,22.5µm
_11721_,22.5µm
_14164_,22.5µm
_18654_,22.5µm
threads\[2\].register_instance.registers\[3\]\[2\],22.5µm
net1238,22.5µm
data_mem_write_address_flat[10],22.5µm
data_mem_write_data_flat[29],22.5µm
_03117_,22.48µm
_04730_,22.48µm
_14572_,22.48µm
_18287_,22.48µm
threads\[1\].register_instance.registers\[12\]\[13\],22.48µm
_09106_,22.46µm
_12057_,22.46µm
_14269_,22.46µm
_15174_,22.46µm
_18388_,22.46µm
_19009_,22.46µm
_19880_,22.44µm
data_mem_write_address_flat[8],22.44µm
threads\[2\].register_instance.registers\[1\]\[0\],22.425µm
_12515_,22.42µm
_16141_,22.42µm
_19855_,22.42µm
pipe_rd_data\[2\]\[9\],22.42µm
_09459_,22.4µm
_13797_,22.4µm
_14180_,22.4µm
_15351_,22.4µm
_17102_,22.4µm
threads\[0\].register_instance.registers\[5\]\[5\],22.4µm
threads\[2\].register_instance.registers\[6\]\[10\],22.4µm
clknet_leaf_525_clk,22.4µm
threads\[0\].register_instance.registers\[11\]\[6\],22.395µm
_03824_,22.38µm
_05937_,22.38µm
threads\[1\].fma_instance.r3_weighted\[14\],22.38µm
clknet_leaf_328_clk,22.38µm
clknet_leaf_445_clk,22.38µm
_06535_,22.36µm
_10054_,22.36µm
_06521_,22.34µm
threads\[0\].register_instance.registers\[11\]\[8\],22.34µm
_21267_,22.33µm
_05585_,22.32µm
_07317_,22.32µm
_11594_,22.32µm
_21783_,22.32µm
decoded_act_enable,22.32µm
clknet_leaf_487_clk,22.32µm
_14584_,22.3µm
_20648_,22.3µm
_21986_,22.3µm
threads\[3\].register_instance.registers\[4\]\[10\],22.3µm
clknet_leaf_366_clk,22.3µm
threads\[0\].register_instance.registers\[9\]\[9\],22.29µm
_11781_,22.28µm
_19304_,22.28µm
threads\[2\].register_instance.registers\[12\]\[8\],22.28µm
clknet_leaf_417_clk,22.28µm
_19214_,22.26µm
_08207_,22.255µm
program_mem_read_data[11],22.25µm
_03550_,22.24µm
_11014_,22.24µm
clknet_leaf_467_clk,22.24µm
_08336_,22.22µm
_05895_,22.215µm
_11878_,22.2µm
net1220,22.2µm
systolic_arrays\[0\].systolic_array_inst.a_reg\[0\],22.2µm
_06529_,22.19µm
clknet_leaf_39_clk,22.19µm
_11365_,22.18µm
_11908_,22.18µm
systolic_arrays\[1\].systolic_array_inst.b_wire\[2\]\[14\],22.18µm
decoded_rd_address[2],22.18µm
threads\[1\].register_instance.registers\[0\]\[6\],22.175µm
_08110_,22.165µm
_05367_,22.16µm
_06483_,22.16µm
_18465_,22.16µm
net1448,22.16µm
_08414_,22.14µm
_11067_,22.14µm
_11108_,22.14µm
threads\[2\].register_instance.registers\[9\]\[11\],22.14µm
_06851_,22.13µm
_10614_,22.12µm
_13039_,22.12µm
_18961_,22.12µm
threads\[0\].register_instance.registers\[7\]\[3\],22.12µm
_06032_,22.1µm
_18108_,22.1µm
systolic_arrays\[1\].systolic_array_inst.g_row\[1\].g_col\[1\].pe.r3_prod_mant\[3\],22.1µm
data_mem_write_data_flat[21],22.1µm
net1412,22.1µm
threads\[3\].register_instance.registers\[6\]\[12\],22.085µm
_06491_,22.08µm
_13123_,22.08µm
_13481_,22.08µm
clknet_leaf_401_clk,22.08µm
_09961_,22.06µm
_11369_,22.06µm
_14513_,22.06µm
threads\[1\].register_instance.registers\[6\]\[11\],22.06µm
_04753_,22.04µm
_06866_,22.04µm
_13702_,22.04µm
_15716_,22.04µm
_17264_,22.04µm
_19415_,22.04µm
act_out\[0\]\[5\],22.04µm
_09286_,22.025µm
_10750_,22.02µm
_16352_,22.02µm
_19307_,22.02µm
_19479_,22.02µm
act_out\[3\]\[13\],22.01µm
_14878_,22.005µm
_09026_,22µm
_13038_,22µm
_21220_,22µm
clknet_leaf_137_clk,22µm
_18742_,21.995µm
_05539_,21.98µm
_08226_,21.98µm
_22096_,21.98µm
data_mem_write_data_flat[31],21.98µm
clknet_leaf_16_clk,21.98µm
_09473_,21.96µm
_09848_,21.96µm
_12297_,21.96µm
_13937_,21.96µm
clknet_leaf_167_clk,21.96µm
_11628_,21.95µm
_13230_,21.94µm
_14657_,21.94µm
_18556_,21.94µm
systolic_arrays\[1\].systolic_array_inst.g_row\[1\].g_col\[1\].pe.r2_sign,21.94µm
threads\[0\].register_instance.registers\[3\]\[13\],21.94µm
threads\[0\].register_instance.registers\[8\]\[12\],21.94µm
_02898_,21.92µm
_08441_,21.92µm
_09131_,21.92µm
_09751_,21.92µm
_10421_,21.92µm
_19239_,21.92µm
clknet_leaf_88_clk,21.92µm
clknet_leaf_223_clk,21.915µm
_20789_,21.91µm
_07065_,21.9µm
_20062_,21.9µm
_07257_,21.88µm
_09251_,21.88µm
_14054_,21.88µm
_15103_,21.88µm
_20434_,21.88µm
_21244_,21.88µm
_21540_,21.87µm
_09296_,21.86µm
alu_out\[3\]\[12\],21.86µm
threads\[0\].register_instance.registers\[2\]\[8\],21.86µm
threads\[2\].register_instance.registers\[9\]\[0\],21.86µm
clknet_leaf_104_clk,21.86µm
_08561_,21.84µm
threads\[0\].register_instance.registers\[0\]\[14\],21.84µm
_09524_,21.82µm
_11038_,21.82µm
_17504_,21.82µm
_03184_,21.815µm
_04080_,21.8µm
_04112_,21.8µm
_08161_,21.8µm
_08518_,21.8µm
_08919_,21.8µm
_11213_,21.8µm
_12088_,21.8µm
_13943_,21.8µm
threads\[2\].register_instance.registers\[4\]\[10\],21.785µm
_04163_,21.78µm
_06236_,21.78µm
_09705_,21.78µm
_11120_,21.78µm
_11504_,21.78µm
_12558_,21.78µm
_14214_,21.78µm
scheduler_instance.branch_diverge_inst.stack_reconverge\[1\]\[1\],21.78µm
data_mem_read_address_flat[15],21.78µm
_11885_,21.76µm
_14595_,21.76µm
_15210_,21.76µm
_15923_,21.76µm
_18928_,21.75µm
threads\[3\].register_instance.registers\[9\]\[9\],21.745µm
_09103_,21.74µm
net1731,21.74µm
_16409_,21.72µm
_21139_,21.72µm
_05689_,21.7µm
_08353_,21.7µm
net1215,21.7µm
net1267,21.7µm
data_mem_write_data_flat[14],21.7µm
data_mem_write_data_flat[2],21.7µm
clknet_leaf_340_clk,21.7µm
_07442_,21.69µm
_02868_,21.68µm
_07205_,21.68µm
_14848_,21.68µm
_18653_,21.68µm
_21797_,21.68µm
systolic_arrays\[0\].systolic_array_inst.a_reg\[29\],21.68µm
threads\[3\].fma_instance.r3_weighted\[5\],21.68µm
_15328_,21.675µm
threads\[1\].register_instance.registers\[4\]\[1\],21.675µm
_02818_,21.66µm
_05859_,21.66µm
_10962_,21.66µm
_12202_,21.66µm
_19398_,21.66µm
threads\[0\].register_instance.registers\[6\]\[5\],21.66µm
_02470_,21.64µm
_06939_,21.64µm
_12834_,21.64µm
net1193,21.64µm
net1270,21.64µm
_15664_,21.62µm
_18991_,21.62µm
threads\[0\].register_instance.registers\[9\]\[6\],21.62µm
_03625_,21.6µm
threads\[3\].register_instance.registers\[3\]\[15\],21.6µm
_12705_,21.595µm
_02882_,21.58µm
_04238_,21.58µm
_09154_,21.58µm
_10415_,21.58µm
_11413_,21.58µm
_19086_,21.58µm
systolic_arrays\[1\].systolic_array_inst.g_row\[0\].g_col\[0\].pe.r2_mantissa\[11\],21.58µm
data_mem_write_data_flat[63],21.58µm
net1427,21.58µm
_08521_,21.57µm
program_mem_read_data[9],21.57µm
_04891_,21.56µm
_09149_,21.56µm
_02509_,21.555µm
_17084_,21.555µm
_08823_,21.54µm
_10899_,21.54µm
_12304_,21.54µm
_12860_,21.54µm
_18662_,21.54µm
net1174,21.54µm
_03238_,21.525µm
_04259_,21.52µm
_11322_,21.52µm
_14096_,21.52µm
_11691_,21.51µm
_07525_,21.5µm
_09758_,21.5µm
_10398_,21.5µm
_16346_,21.5µm
threads\[1\].lsu_instance.lsu_state\[2\],21.5µm
_05566_,21.48µm
_13820_,21.48µm
_21678_,21.48µm
clknet_leaf_420_clk,21.48µm
systolic_arrays\[0\].systolic_array_inst.g_row\[0\].g_col\[1\].pe.r2_sign,21.475µm
_16676_,21.465µm
_03148_,21.46µm
_11473_,21.46µm
_14170_,21.46µm
_17189_,21.46µm
_18577_,21.46µm
threads\[1\].register_instance.registers\[2\]\[9\],21.46µm
_22097_,21.45µm
_14440_,21.44µm
_01452_,21.435µm
_06696_,21.42µm
_10208_,21.42µm
_14075_,21.42µm
_20205_,21.42µm
threads\[3\].register_instance.registers\[3\]\[6\],21.42µm
data_mem_write_ready[0],21.42µm
threads\[0\].register_instance.registers\[2\]\[14\],21.405µm
_09271_,21.4µm
_11806_,21.4µm
clknet_leaf_259_clk,21.4µm
_03873_,21.38µm
_03887_,21.38µm
_06397_,21.38µm
_08657_,21.38µm
_12219_,21.38µm
_17326_,21.38µm
_18979_,21.38µm
_12385_,21.37µm
_15377_,21.36µm
fma_out\[1\]\[9\],21.36µm
_06295_,21.34µm
_11759_,21.34µm
_18521_,21.34µm
_20737_,21.34µm
_21773_,21.34µm
data_mem_read_data_flat[25],21.34µm
data_mem_read_data_flat[26],21.34µm
_02318_,21.32µm
_13175_,21.32µm
net1729,21.32µm
systolic_arrays\[0\].systolic_array_inst.g_row\[1\].g_col\[0\].pe.r2_mantissa\[1\],21.315µm
threads\[1\].register_instance.registers\[4\]\[5\],21.305µm
_05604_,21.3µm
net1454,21.3µm
_06345_,21.29µm
_04715_,21.28µm
_12645_,21.28µm
_13798_,21.28µm
_14774_,21.28µm
systolic_arrays\[0\].systolic_array_inst.g_row\[0\].g_col\[0\].pe.r3_prod_mant\[10\],21.28µm
_02343_,21.27µm
_08850_,21.26µm
_10892_,21.26µm
_16877_,21.26µm
_18652_,21.26µm
_20822_,21.26µm
threads\[1\].register_instance.registers\[9\]\[9\],21.26µm
decoded_rs_address[2],21.26µm
decoded_rs_address[3],21.26µm
clknet_leaf_256_clk,21.26µm
_03633_,21.24µm
_04798_,21.24µm
_06025_,21.24µm
_19774_,21.24µm
clknet_leaf_49_clk,21.24µm
threads\[0\].register_instance.registers\[7\]\[8\],21.225µm
_06031_,21.22µm
_07104_,21.22µm
_07446_,21.22µm
_19014_,21.22µm
systolic_arrays\[0\].systolic_array_inst.g_row\[0\].g_col\[1\].pe.r3_prod_mant\[1\],21.22µm
threads\[0\].register_instance.registers\[5\]\[12\],21.21µm
_07263_,21.2µm
_07734_,21.2µm
_12098_,21.2µm
_16902_,21.2µm
data_mem_write_address_flat[34],21.2µm
clknet_leaf_273_clk,21.2µm
clknet_leaf_370_clk,21.2µm
net1510,21.19µm
_06716_,21.18µm
_11193_,21.18µm
_11442_,21.18µm
_19136_,21.18µm
_21766_,21.18µm
net1272,21.18µm
data_mem_read_valid[0],21.18µm
net1378,21.18µm
net1403,21.18µm
threads\[1\].register_instance.registers\[7\]\[13\],21.16µm
_07084_,21.14µm
_16571_,21.14µm
_16762_,21.14µm
_20012_,21.14µm
clknet_leaf_92_clk,21.14µm
_12971_,21.13µm
_14382_,21.12µm
_14950_,21.12µm
_18589_,21.12µm
_20474_,21.12µm
_07941_,21.1µm
_09208_,21.1µm
_13673_,21.1µm
_17307_,21.1µm
_21977_,21.1µm
net1436,21.095µm
net1514,21.09µm
threads\[2\].register_instance.registers\[2\]\[0\],21.085µm
_02680_,21.08µm
_09157_,21.08µm
_13551_,21.08µm
_21788_,21.08µm
net1339,21.08µm
_07342_,21.07µm
_09276_,21.06µm
_17050_,21.06µm
_18733_,21.05µm
clknet_leaf_479_clk,21.04µm
threads\[2\].register_instance.registers\[11\]\[8\],21.015µm
systolic_arrays\[1\].systolic_array_inst.g_row\[1\].g_col\[1\].pe.r2_mantissa\[6\],21.01µm
_02780_,21µm
_04287_,21µm
_06449_,21µm
_08417_,21µm
_10350_,21µm
_13917_,21µm
_21025_,21µm
threads\[3\].register_instance.registers\[10\]\[11\],21µm
_13453_,20.98µm
_14281_,20.98µm
_15623_,20.98µm
_19379_,20.98µm
_21062_,20.98µm
_19175_,20.96µm
_19916_,20.96µm
clknet_leaf_269_clk,20.96µm
_16318_,20.955µm
_20796_,20.945µm
_06178_,20.94µm
_14544_,20.94µm
_15223_,20.94µm
_19604_,20.93µm
_02434_,20.92µm
_03561_,20.92µm
_07514_,20.92µm
_12555_,20.92µm
_19229_,20.92µm
_20503_,20.92µm
_14374_,20.91µm
_06281_,20.9µm
_21217_,20.9µm
scheduler_instance.branch_diverge_inst.stack_target_pc\[0\]\[0\],20.9µm
clknet_leaf_372_clk,20.9µm
_06484_,20.89µm
_07270_,20.88µm
_08901_,20.88µm
_13207_,20.88µm
_20920_,20.88µm
data_mem_write_ready[1],20.88µm
_06626_,20.86µm
_07308_,20.86µm
_13303_,20.86µm
_16474_,20.86µm
_16687_,20.86µm
net1207,20.86µm
systolic_arrays\[0\].systolic_array_inst.g_row\[0\].g_col\[0\].pe.r3_prod_mant\[14\],20.86µm
data_mem_read_data_flat[1],20.86µm
data_mem_read_data_flat[23],20.86µm
clknet_leaf_96_clk,20.86µm
fma_out\[3\]\[9\],20.84µm
net904,20.82µm
_08286_,20.8µm
_09988_,20.8µm
_10560_,20.8µm
threads\[0\].register_instance.registers\[2\]\[2\],20.795µm
_09568_,20.79µm
_02611_,20.78µm
_02927_,20.78µm
_08468_,20.78µm
_10603_,20.78µm
_16086_,20.78µm
pipe_rd_data\[0\]\[2\],20.78µm
data_mem_write_address_flat[13],20.78µm
_06545_,20.76µm
_07447_,20.76µm
_11105_,20.76µm
_11886_,20.76µm
_02338_,20.74µm
_06664_,20.74µm
_15224_,20.74µm
_15273_,20.74µm
net1534,20.74µm
_03181_,20.72µm
_11113_,20.72µm
_11501_,20.72µm
_21597_,20.72µm
threads\[2\].register_instance.registers\[2\]\[7\],20.715µm
_04409_,20.7µm
_05608_,20.7µm
_06303_,20.7µm
_07890_,20.7µm
_10819_,20.7µm
_18162_,20.7µm
systolic_arrays\[0\].systolic_array_inst.a_reg\[2\],20.7µm
threads\[2\].register_instance.registers\[12\]\[13\],20.7µm
net1242,20.7µm
data_mem_write_data_flat[12],20.7µm
_09371_,20.68µm
_19177_,20.68µm
_04511_,20.66µm
_14339_,20.66µm
_14393_,20.66µm
_14773_,20.66µm
_15166_,20.66µm
_15888_,20.66µm
clknet_leaf_78_clk,20.66µm
_19016_,20.65µm
_08592_,20.64µm
_18349_,20.64µm
data_mem_write_data_flat[10],20.64µm
_02603_,20.62µm
_02711_,20.62µm
_03983_,20.62µm
_14377_,20.62µm
clknet_leaf_95_clk,20.62µm
_09920_,20.6µm
_12837_,20.6µm
_14973_,20.6µm
net1280,20.6µm
_04757_,20.595µm
_02870_,20.58µm
_05091_,20.58µm
_09334_,20.58µm
_12184_,20.58µm
_13366_,20.58µm
_18817_,20.58µm
_13890_,20.56µm
_14636_,20.56µm
net1181,20.56µm
_12631_,20.54µm
net1432,20.54µm
clknet_leaf_242_clk,20.54µm
_09151_,20.52µm
_21583_,20.52µm
_21689_,20.52µm
_02563_,20.5µm
_11277_,20.5µm
_12485_,20.5µm
threads\[1\].register_instance.registers\[11\]\[13\],20.5µm
systolic_arrays\[0\].systolic_array_inst.g_row\[1\].g_col\[1\].pe.r2_mantissa\[14\],20.495µm
_06653_,20.48µm
_09327_,20.48µm
clknet_leaf_85_clk,20.48µm
clknet_leaf_519_clk,20.48µm
net1591,20.48µm
_04492_,20.47µm
_14312_,20.465µm
_16055_,20.46µm
_18383_,20.46µm
_20238_,20.46µm
_04509_,20.44µm
_20358_,20.44µm
_02326_,20.42µm
_02514_,20.42µm
_07275_,20.42µm
_07523_,20.42µm
_10218_,20.42µm
_11950_,20.42µm
_13283_,20.42µm
_15155_,20.42µm
data_mem_read_data_flat[28],20.42µm
decoded_nzp_write_enable,20.42µm
decoded_systolic_idx,20.42µm
_17222_,20.415µm
_14556_,20.41µm
_04731_,20.4µm
_08087_,20.4µm
systolic_arrays\[0\].systolic_array_inst.a_reg\[9\],20.4µm
systolic_arrays\[1\].systolic_array_inst.g_row\[1\].g_col\[0\].pe.r2_mantissa\[11\],20.4µm
clknet_leaf_47_clk,20.4µm
_06405_,20.38µm
_06687_,20.38µm
_06870_,20.38µm
_08114_,20.38µm
_08755_,20.38µm
_14380_,20.38µm
threads\[1\].register_instance.registers\[9\]\[7\],20.375µm
_06978_,20.36µm
_11483_,20.36µm
_14390_,20.36µm
_14782_,20.36µm
clknet_leaf_391_clk,20.36µm
threads\[2\].lsu_instance.mem_read_valid,20.355µm
_09005_,20.34µm
_11578_,20.34µm
_19258_,20.34µm
threads\[2\].register_instance.registers\[6\]\[11\],20.34µm
block_id[3],20.34µm
data_mem_read_data_flat[12],20.34µm
data_mem_read_data_flat[7],20.34µm
decoded_systolic_op[0],20.34µm
act_out\[1\]\[10\],20.33µm
_08214_,20.325µm
_18578_,20.32µm
_20808_,20.32µm
systolic_arrays\[0\].systolic_array_inst.g_row\[1\].g_col\[0\].pe.r3_prod_mant\[14\],20.32µm
_07076_,20.3µm
scheduler_instance.branch_diverge_inst.stack_valid\[1\],20.3µm
_11648_,20.28µm
net1133,20.28µm
clknet_leaf_323_clk,20.28µm
_20559_,20.27µm
systolic_arrays\[1\].systolic_array_inst.g_row\[1\].g_col\[1\].pe.r2_mantissa\[4\],20.27µm
_02787_,20.26µm
_10683_,20.26µm
_20404_,20.26µm
_21470_,20.26µm
data_mem_read_ready[1],20.26µm
net1366,20.26µm
_03095_,20.24µm
_19081_,20.24µm
net1222,20.24µm
threads\[0\].register_instance.registers\[5\]\[10\],20.24µm
net1261,20.24µm
net1278,20.24µm
data_mem_write_address_flat[2],20.24µm
_05918_,20.22µm
_06144_,20.22µm
_06659_,20.22µm
_08529_,20.22µm
_11466_,20.22µm
_11816_,20.22µm
_18472_,20.22µm
_04943_,20.2µm
_08164_,20.2µm
_11855_,20.2µm
_15337_,20.2µm
clknet_leaf_222_clk,20.2µm
clknet_leaf_292_clk,20.2µm
clknet_leaf_358_clk,20.2µm
clknet_leaf_482_clk,20.2µm
_13603_,20.19µm
_07938_,20.18µm
_14934_,20.18µm
_19094_,20.18µm
_02885_,20.16µm
_11866_,20.16µm
threads\[0\].register_instance.registers\[12\]\[2\],20.16µm
_01669_,20.145µm
_07560_,20.14µm
_10400_,20.14µm
_11007_,20.14µm
_11399_,20.14µm
threads\[3\].register_instance.registers\[2\]\[5\],20.14µm
data_mem_write_address_flat[0],20.14µm
clknet_leaf_8_clk,20.14µm
instruction_for_decode[5],20.13µm
_11259_,20.12µm
_18222_,20.12µm
_19459_,20.12µm
systolic_arrays\[1\].systolic_array_inst.b_wire\[2\]\[6\],20.12µm
net1368,20.12µm
clknet_leaf_268_clk,20.12µm
_18637_,20.1µm
_02812_,20.08µm
_07972_,20.08µm
_09044_,20.08µm
_09250_,20.08µm
_10612_,20.08µm
_16229_,20.08µm
_16858_,20.08µm
_16977_,20.08µm
_17373_,20.08µm
_21950_,20.08µm
_10387_,20.06µm
_14712_,20.06µm
threads\[3\].register_instance.registers\[11\]\[2\],20.06µm
_11244_,20.05µm
_06771_,20.04µm
_07231_,20.04µm
_08536_,20.04µm
_18746_,20.04µm
_20671_,20.04µm
clknet_leaf_123_clk,20.04µm
_16291_,20.03µm
threads\[3\].register_instance.registers\[9\]\[10\],20.025µm
_15969_,20.02µm
_05427_,20µm
_12466_,20µm
systolic_arrays\[0\].systolic_array_inst.a_reg\[17\],20µm
_17536_,19.99µm
_05795_,19.98µm
_10704_,19.98µm
threads\[2\].register_instance.registers\[0\]\[15\],19.975µm
_09692_,19.97µm
_15952_,19.97µm
_05846_,19.96µm
_10877_,19.96µm
_18039_,19.96µm
_05706_,19.94µm
_06190_,19.94µm
_07625_,19.94µm
_11012_,19.94µm
_11607_,19.94µm
_15604_,19.94µm
net1456,19.94µm
_06532_,19.92µm
_08451_,19.92µm
_11027_,19.92µm
_13638_,19.92µm
threads\[2\].register_instance.registers\[5\]\[14\],19.92µm
_21888_,19.91µm
fma_out\[3\]\[15\],19.905µm
_03304_,19.9µm
_04654_,19.9µm
_08659_,19.9µm
_17013_,19.9µm
_09229_,19.885µm
_00216_,19.88µm
_01697_,19.88µm
_11385_,19.88µm
_17882_,19.88µm
_18141_,19.88µm
_19231_,19.88µm
_20698_,19.88µm
_20726_,19.88µm
_21626_,19.88µm
systolic_arrays\[1\].systolic_array_inst.a_reg\[31\],19.88µm
decoded_systolic_op[1],19.88µm
_19311_,19.875µm
_21425_,19.87µm
_14861_,19.865µm
_03844_,19.86µm
_07700_,19.86µm
_13468_,19.86µm
_17133_,19.86µm
net1401,19.86µm
_04825_,19.84µm
_06614_,19.84µm
_09152_,19.84µm
_13730_,19.84µm
_13881_,19.84µm
_13041_,19.82µm
_17107_,19.82µm
_18914_,19.82µm
threads\[0\].register_instance.registers\[0\]\[12\],19.82µm
clknet_leaf_180_clk,19.82µm
_04972_,19.8µm
_07606_,19.8µm
data_mem_write_data_flat[40],19.8µm
_02639_,19.78µm
_12495_,19.78µm
_20883_,19.78µm
threads\[0\].register_instance.registers\[6\]\[4\],19.78µm
data_mem_write_address_flat[41],19.78µm
_09117_,19.77µm
program_mem_read_data[15],19.77µm
_17356_,19.76µm
_17814_,19.745µm
_05346_,19.74µm
_06874_,19.74µm
_08792_,19.74µm
_12414_,19.74µm
_19238_,19.74µm
_19329_,19.74µm
_19520_,19.74µm
_21006_,19.74µm
threads\[0\].register_instance.registers\[1\]\[11\],19.74µm
threads\[0\].register_instance.registers\[2\]\[15\],19.735µm
_17907_,19.73µm
_19940_,19.72µm
decoded_rs_address[1],19.72µm
data_mem_write_data_flat[9],19.72µm
_02463_,19.71µm
_06713_,19.7µm
_11746_,19.7µm
_14499_,19.7µm
_18562_,19.7µm
_09653_,19.68µm
_15025_,19.68µm
_11644_,19.67µm
_02339_,19.66µm
_04005_,19.66µm
_11952_,19.66µm
_12576_,19.66µm
_14266_,19.66µm
_16808_,19.66µm
_18027_,19.66µm
_20565_,19.66µm
systolic_arrays\[1\].systolic_array_inst.g_row\[1\].g_col\[1\].pe.r3_prod_sign,19.66µm
data_mem_write_data_flat[13],19.66µm
clknet_leaf_42_clk,19.66µm
_06471_,19.64µm
threads\[1\].register_instance.registers\[10\]\[8\],19.64µm
_09702_,19.63µm
_07298_,19.62µm
_08982_,19.62µm
_13311_,19.62µm
_19369_,19.62µm
_22075_,19.62µm
scheduler_instance.branch_diverge_inst.stack_reconverge\[1\]\[8\],19.62µm
_02858_,19.6µm
_04929_,19.6µm
_17735_,19.6µm
threads\[1\].register_instance.registers\[5\]\[9\],19.6µm
_05470_,19.58µm
_07196_,19.58µm
_15635_,19.58µm
_16865_,19.58µm
_20826_,19.58µm
net1209,19.58µm
systolic_arrays\[1\].systolic_array_inst.a_reg\[21\],19.58µm
decoded_nzp[1],19.58µm
clknet_leaf_207_clk,19.58µm
_06624_,19.57µm
_07048_,19.56µm
_07457_,19.56µm
_12534_,19.56µm
_15099_,19.56µm
_15801_,19.56µm
_17910_,19.56µm
threads\[2\].register_instance.registers\[4\]\[3\],19.56µm
_08434_,19.54µm
_18823_,19.54µm
_19362_,19.54µm
_21970_,19.54µm
_11566_,19.53µm
_04170_,19.52µm
_10809_,19.52µm
_16659_,19.52µm
_17451_,19.52µm
net1327,19.52µm
threads\[1\].register_instance.registers\[10\]\[3\],19.52µm
_15761_,19.51µm
_03838_,19.5µm
_06121_,19.5µm
_10459_,19.5µm
_11116_,19.5µm
_17785_,19.5µm
_19022_,19.5µm
data_mem_read_data_flat[17],19.5µm
_11187_,19.48µm
_14596_,19.48µm
_14826_,19.48µm
_18299_,19.48µm
_13935_,19.46µm
systolic_arrays\[1\].systolic_array_inst.b_wire\[2\]\[3\],19.46µm
threads\[2\].register_instance.registers\[11\]\[4\],19.46µm
_13018_,19.45µm
_18666_,19.45µm
_09363_,19.44µm
_11102_,19.44µm
_14451_,19.44µm
_07274_,19.42µm
act_out\[0\]\[15\],19.42µm
threads\[2\].register_instance.registers\[4\]\[12\],19.42µm
_02354_,19.4µm
_08413_,19.4µm
_09429_,19.4µm
_10662_,19.4µm
_17318_,19.4µm
_18975_,19.4µm
data_mem_write_address_flat[1],19.4µm
data_mem_write_address_flat[47],19.4µm
_06670_,19.38µm
_07600_,19.38µm
_08410_,19.38µm
_10206_,19.38µm
_18872_,19.38µm
_13536_,19.36µm
_17605_,19.36µm
_19111_,19.36µm
_04363_,19.34µm
_05414_,19.34µm
_07307_,19.34µm
_10433_,19.34µm
_12218_,19.34µm
threads\[3\].register_instance.registers\[4\]\[5\],19.34µm
_07262_,19.32µm
_08209_,19.32µm
_15930_,19.32µm
_17198_,19.32µm
systolic_arrays\[1\].systolic_array_inst.g_row\[1\].g_col\[1\].pe.r3_prod_mant\[8\],19.32µm
net1291,19.32µm
net1296,19.32µm
data_mem_write_data_flat[1],19.32µm
net1399,19.32µm
net1408,19.32µm
data_mem_write_data_flat[4],19.32µm
_10530_,19.3µm
_16854_,19.295µm
_07689_,19.29µm
_02464_,19.28µm
_03220_,19.28µm
_03855_,19.28µm
_06958_,19.28µm
_09074_,19.28µm
_11426_,19.28µm
_14561_,19.28µm
_17294_,19.28µm
_20186_,19.28µm
_20533_,19.28µm
net1131,19.28µm
data_mem_write_data_flat[8],19.28µm
_14136_,19.26µm
scheduler_instance.branch_diverge_inst.next_pc\[2\],19.26µm
_13535_,19.25µm
_07258_,19.24µm
_07395_,19.24µm
_11987_,19.24µm
net1130,19.24µm
threads\[2\].register_instance.registers\[2\]\[1\],19.24µm
systolic_arrays\[1\].systolic_array_inst.g_row\[1\].g_col\[1\].pe.r2_mantissa\[5\],19.23µm
_18918_,19.22µm
_19191_,19.22µm
_02620_,19.21µm
_08205_,19.21µm
systolic_arrays\[0\].systolic_array_inst.g_row\[1\].g_col\[0\].pe.r2_mantissa\[14\],19.205µm
_05018_,19.2µm
_08948_,19.2µm
_13436_,19.2µm
threads\[3\].register_instance.registers\[7\]\[4\],19.2µm
instruction_for_decode[9],19.19µm
_07208_,19.18µm
_08802_,19.18µm
_12188_,19.18µm
_02034_,19.165µm
_18697_,19.165µm
_03781_,19.16µm
_04688_,19.16µm
_04778_,19.16µm
_16573_,19.16µm
threads\[2\].fma_instance.r3_weighted\[14\],19.16µm
clknet_leaf_182_clk,19.16µm
_06240_,19.155µm
_04737_,19.145µm
_07335_,19.14µm
_09065_,19.14µm
_13548_,19.14µm
_12185_,19.135µm
_17145_,19.135µm
_02551_,19.12µm
_05320_,19.12µm
_14969_,19.12µm
_15579_,19.12µm
_17811_,19.12µm
_19543_,19.12µm
_17085_,19.1µm
systolic_arrays\[1\].systolic_array_inst.g_row\[1\].g_col\[0\].pe.r2_mantissa\[12\],19.095µm
_10254_,19.08µm
_15914_,19.08µm
_17129_,19.08µm
_18663_,19.08µm
_12583_,19.06µm
_20657_,19.06µm
net1218,19.06µm
clknet_leaf_126_clk,19.06µm
_06447_,19.05µm
_03872_,19.04µm
_04226_,19.04µm
_08166_,19.04µm
_09470_,19.04µm
_11415_,19.04µm
_11626_,19.04µm
_13803_,19.04µm
_07380_,19.03µm
_07720_,19.03µm
_02734_,19.02µm
_05327_,19.02µm
_10015_,19.02µm
_10696_,19.02µm
_19233_,19.02µm
_20813_,19.02µm
clknet_leaf_69_clk,19.02µm
_02333_,19µm
_18858_,19µm
_19042_,19µm
systolic_arrays\[1\].systolic_array_inst.b_wire\[2\]\[7\],19µm
_02484_,18.98µm
_13336_,18.98µm
_14149_,18.98µm
_15311_,18.98µm
net430,18.98µm
_06489_,18.96µm
_06956_,18.96µm
_11917_,18.96µm
_16835_,18.96µm
_17669_,18.96µm
_16529_,18.945µm
_04074_,18.94µm
_14624_,18.94µm
_15355_,18.94µm
_18793_,18.94µm
net1236,18.94µm
net1416,18.94µm
_02317_,18.93µm
_04699_,18.92µm
_07784_,18.92µm
_10334_,18.92µm
_10513_,18.92µm
_03033_,18.9µm
_05517_,18.9µm
_05554_,18.9µm
_09259_,18.9µm
_09868_,18.9µm
_13043_,18.9µm
_20791_,18.9µm
_20819_,18.9µm
threads\[3\].register_instance.registers\[11\]\[12\],18.9µm
_05981_,18.88µm
_11794_,18.88µm
_15436_,18.88µm
_17146_,18.88µm
_19068_,18.88µm
_09946_,18.86µm
scheduler_instance.branch_diverge_inst.stack_mask\[0\]\[3\],18.86µm
threads\[1\].lsu_instance.mem_write_valid,18.86µm
_06245_,18.85µm
_13021_,18.84µm
_05609_,18.82µm
_14310_,18.82µm
_19386_,18.82µm
_19444_,18.82µm
_07199_,18.8µm
_10848_,18.8µm
_11874_,18.8µm
_12986_,18.8µm
_16538_,18.8µm
_09344_,18.79µm
_10411_,18.79µm
_10217_,18.78µm
_11801_,18.78µm
_11921_,18.78µm
_13147_,18.78µm
_21411_,18.78µm
_06200_,18.76µm
_15863_,18.76µm
_17224_,18.76µm
_02794_,18.75µm
_03109_,18.74µm
_07974_,18.74µm
_13504_,18.74µm
_14379_,18.74µm
_18716_,18.74µm
_10239_,18.735µm
_02501_,18.72µm
_08113_,18.72µm
_10160_,18.72µm
threads\[2\].register_instance.registers\[1\]\[8\],18.72µm
_10840_,18.71µm
_02819_,18.7µm
_03139_,18.7µm
_04264_,18.7µm
_04760_,18.7µm
_04939_,18.7µm
_04953_,18.7µm
_07572_,18.7µm
_12176_,18.7µm
_15578_,18.7µm
fma_out\[2\]\[8\],18.7µm
_05510_,18.68µm
_12861_,18.68µm
_14332_,18.68µm
_14392_,18.68µm
_04521_,18.66µm
_04915_,18.66µm
_05630_,18.66µm
_06954_,18.66µm
_07432_,18.66µm
_15281_,18.66µm
_15299_,18.66µm
clknet_leaf_327_clk,18.66µm
_14724_,18.655µm
_17143_,18.655µm
_03145_,18.64µm
_11209_,18.64µm
_12412_,18.64µm
_13869_,18.64µm
clknet_leaf_188_clk,18.64µm
_09129_,18.62µm
_15241_,18.62µm
_15287_,18.62µm
_21867_,18.62µm
alu_out\[3\]\[15\],18.62µm
threads\[2\].register_instance.registers\[12\]\[12\],18.62µm
_20064_,18.615µm
_12632_,18.6µm
_21714_,18.6µm
_08937_,18.58µm
_15746_,18.58µm
_18926_,18.58µm
_20425_,18.58µm
systolic_arrays\[1\].systolic_array_inst.g_row\[1\].g_col\[1\].pe.r3_prod_mant\[2\],18.575µm
_09854_,18.56µm
_14935_,18.56µm
net1328,18.56µm
systolic_arrays\[0\].systolic_array_inst.b_wire\[2\]\[6\],18.56µm
_03796_,18.55µm
_03859_,18.545µm
_16729_,18.54µm
_18601_,18.54µm
_19454_,18.54µm
_20341_,18.54µm
threads\[0\].register_instance.registers\[10\]\[15\],18.54µm
threads\[2\].register_instance.registers\[10\]\[6\],18.54µm
_04090_,18.52µm
_09180_,18.52µm
_11767_,18.52µm
_19011_,18.52µm
_21487_,18.52µm
threads\[0\].register_instance.registers\[0\]\[5\],18.52µm
clknet_leaf_162_clk,18.52µm
_02432_,18.5µm
_05155_,18.5µm
_07391_,18.5µm
_16412_,18.5µm
_19963_,18.5µm
_04701_,18.49µm
_03912_,18.48µm
_13659_,18.48µm
_14421_,18.48µm
_20470_,18.48µm
data_mem_write_data_flat[22],18.48µm
_08244_,18.46µm
_09490_,18.46µm
_10826_,18.46µm
_21842_,18.46µm
_02516_,18.45µm
_04505_,18.45µm
threads\[1\].register_instance.registers\[10\]\[6\],18.45µm
_13263_,18.44µm
_13494_,18.44µm
_17893_,18.44µm
_19837_,18.44µm
_21548_,18.44µm
systolic_arrays\[1\].systolic_array_inst.g_row\[1\].g_col\[1\].pe.r3_prod_mant\[6\],18.44µm
_17666_,18.43µm
_05493_,18.42µm
_10147_,18.42µm
data_mem_write_data_flat[38],18.42µm
_17247_,18.415µm
_02402_,18.4µm
_08757_,18.4µm
_08780_,18.4µm
_09465_,18.4µm
_10587_,18.4µm
_12405_,18.4µm
_18352_,18.4µm
_19179_,18.4µm
clknet_leaf_494_clk,18.4µm
_15595_,18.39µm
_17468_,18.38µm
_19019_,18.38µm
_19115_,18.38µm
_19472_,18.38µm
_08328_,18.36µm
_09233_,18.36µm
_09681_,18.36µm
_14320_,18.36µm
_18359_,18.36µm
_08964_,18.35µm
data_mem_read_data_flat[13],18.34µm
data_mem_write_data_flat[24],18.34µm
_02553_,18.32µm
_09201_,18.32µm
_11625_,18.32µm
_12290_,18.32µm
_19043_,18.32µm
_19202_,18.32µm
_19689_,18.32µm
clknet_leaf_212_clk,18.32µm
clknet_leaf_361_clk,18.32µm
clknet_leaf_565_clk,18.32µm
_06097_,18.3µm
_06755_,18.3µm
_09137_,18.3µm
_12858_,18.3µm
_14817_,18.3µm
_18421_,18.3µm
_16797_,18.29µm
program_mem_read_data[14],18.29µm
_05116_,18.28µm
_06318_,18.28µm
_08300_,18.28µm
_14403_,18.28µm
_14426_,18.28µm
_15683_,18.28µm
_19196_,18.28µm
_20940_,18.28µm
_21500_,18.28µm
_07278_,18.27µm
_06131_,18.26µm
_09305_,18.26µm
_17069_,18.26µm
_18599_,18.26µm
_03760_,18.24µm
_10993_,18.24µm
_11609_,18.24µm
_02425_,18.23µm
_02426_,18.22µm
_12501_,18.22µm
_16159_,18.22µm
_18231_,18.22µm
_19092_,18.22µm
_02291_,18.215µm
_08285_,18.21µm
_11827_,18.21µm
threads\[1\].register_instance.registers\[5\]\[13\],18.205µm
_04510_,18.2µm
_14777_,18.2µm
clknet_leaf_468_clk,18.2µm
_04311_,18.18µm
_09843_,18.18µm
_14570_,18.18µm
_19152_,18.18µm
_19263_,18.18µm
threads\[0\].register_instance.registers\[12\]\[6\],18.165µm
_02474_,18.16µm
_04657_,18.16µm
_08389_,18.16µm
_01608_,18.145µm
_06167_,18.14µm
_06949_,18.14µm
_08862_,18.14µm
_15960_,18.14µm
_18136_,18.14µm
_07790_,18.12µm
_09220_,18.12µm
_09851_,18.12µm
_09864_,18.12µm
_10359_,18.12µm
_10451_,18.12µm
_18874_,18.12µm
data_mem_read_data_flat[57],18.12µm
_17166_,18.105µm
threads\[2\].register_instance.registers\[12\]\[10\],18.105µm
_03411_,18.1µm
_05665_,18.1µm
_07506_,18.1µm
_09619_,18.1µm
_15297_,18.1µm
_21705_,18.1µm
_20394_,18.08µm
clknet_leaf_206_clk,18.08µm
_09910_,18.075µm
_06714_,18.07µm
_15912_,18.065µm
_05492_,18.06µm
_10453_,18.06µm
_06042_,18.04µm
_07546_,18.04µm
_10615_,18.04µm
_11776_,18.04µm
_16749_,18.04µm
_03987_,18.02µm
_10684_,18.02µm
_12783_,18.02µm
_17645_,18.02µm
_19746_,18.02µm
_21889_,18.02µm
data_mem_write_data_flat[56],18.02µm
_08011_,18.01µm
_05184_,18µm
_07670_,18µm
_11631_,18µm
_14241_,18µm
_15627_,18µm
_16027_,18µm
_19200_,18µm
_21326_,18µm
_22081_,18µm
_08433_,17.995µm
_02592_,17.98µm
_07401_,17.98µm
_14194_,17.98µm
_14944_,17.98µm
_18442_,17.98µm
_18542_,17.98µm
_21655_,17.98µm
_14521_,17.965µm
_03978_,17.96µm
_04755_,17.96µm
_05411_,17.96µm
_08681_,17.96µm
_11610_,17.96µm
net1275,17.96µm
data_mem_write_address_flat[68],17.96µm
data_mem_write_data_flat[30],17.96µm
_13837_,17.95µm
_17126_,17.945µm
_02806_,17.94µm
_11775_,17.94µm
_14435_,17.94µm
_19923_,17.94µm
clknet_leaf_248_clk,17.94µm
threads\[1\].register_instance.registers\[0\]\[9\],17.935µm
_07473_,17.92µm
_20321_,17.92µm
_04266_,17.91µm
_01323_,17.905µm
_01704_,17.905µm
_02608_,17.9µm
_04138_,17.9µm
_04502_,17.9µm
_05558_,17.9µm
_07273_,17.9µm
_07373_,17.9µm
_08844_,17.9µm
_08962_,17.9µm
_12235_,17.9µm
_12425_,17.9µm
_15374_,17.9µm
_19223_,17.9µm
_21906_,17.9µm
clknet_leaf_21_clk,17.9µm
_06552_,17.88µm
_07815_,17.88µm
_08128_,17.88µm
_15412_,17.88µm
threads\[2\].register_instance.registers\[5\]\[10\],17.88µm
data_mem_write_address_flat[58],17.88µm
program_mem_read_data[13],17.87µm
_09800_,17.86µm
_13674_,17.86µm
_18680_,17.86µm
_19750_,17.86µm
_20454_,17.86µm
_22080_,17.86µm
net1301,17.86µm
_05259_,17.855µm
_02480_,17.84µm
_04771_,17.84µm
_06523_,17.84µm
_08537_,17.84µm
scheduler_instance.branch_diverge_inst.stack_reconverge\[1\]\[7\],17.84µm
_07233_,17.835µm
_03327_,17.82µm
_08540_,17.82µm
_12684_,17.82µm
_13631_,17.82µm
_14751_,17.82µm
_19259_,17.82µm
_10921_,17.8µm
_11958_,17.8µm
threads\[2\].register_instance.registers\[8\]\[9\],17.785µm
_06519_,17.78µm
_08238_,17.78µm
_11508_,17.78µm
_12504_,17.78µm
_13518_,17.78µm
_14088_,17.78µm
_16102_,17.78µm
_16478_,17.78µm
_21114_,17.78µm
_21483_,17.78µm
scheduler_instance.branch_diverge_inst.stack_target_pc\[0\]\[7\],17.78µm
_03614_,17.77µm
_01366_,17.76µm
_04358_,17.76µm
_05380_,17.76µm
_08326_,17.76µm
_11435_,17.76µm
_18641_,17.76µm
net1439,17.755µm
_22083_,17.75µm
_02799_,17.74µm
_07088_,17.74µm
_07693_,17.74µm
data_mem_read_data_flat[14],17.74µm
_19797_,17.735µm
_07988_,17.72µm
_09937_,17.72µm
_10364_,17.72µm
_12020_,17.72µm
_15278_,17.72µm
_19810_,17.72µm
fma_out\[1\]\[4\],17.705µm
_02731_,17.7µm
_04538_,17.7µm
_04616_,17.7µm
_04924_,17.7µm
_05960_,17.7µm
_07124_,17.7µm
_15043_,17.7µm
_18778_,17.7µm
_19160_,17.7µm
_19451_,17.7µm
_22063_,17.7µm
net1487,17.7µm
net1213,17.7µm
_13399_,17.68µm
_16912_,17.68µm
_16959_,17.68µm
alu_out\[3\]\[7\],17.68µm
_06770_,17.665µm
_06149_,17.66µm
_09430_,17.66µm
_09859_,17.66µm
_16919_,17.66µm
_19948_,17.66µm
_20645_,17.66µm
data_mem_read_data_flat[16],17.66µm
data_mem_read_data_flat[2],17.66µm
data_mem_read_data_flat[8],17.66µm
_08631_,17.65µm
_09943_,17.65µm
_06022_,17.64µm
_06220_,17.64µm
_08223_,17.64µm
_15792_,17.64µm
_18256_,17.64µm
_04490_,17.625µm
_06778_,17.62µm
_11590_,17.62µm
_14970_,17.62µm
_21808_,17.62µm
net431,17.62µm
_14500_,17.615µm
_06193_,17.6µm
_20339_,17.6µm
net1118,17.6µm
_10947_,17.59µm
_12329_,17.585µm
_02382_,17.58µm
_08922_,17.58µm
_12419_,17.58µm
_10169_,17.57µm
_21732_,17.57µm
_03310_,17.56µm
_06065_,17.56µm
_09734_,17.56µm
_11467_,17.56µm
_14053_,17.56µm
net1452,17.56µm
scheduler_instance.branch_diverge_inst.stack_reconverge\[0\]\[8\],17.56µm
data_mem_write_address_flat[14],17.56µm
_09010_,17.55µm
_05813_,17.54µm
_13233_,17.54µm
_14727_,17.54µm
_15660_,17.54µm
_15670_,17.54µm
_19337_,17.54µm
_11705_,17.535µm
_02336_,17.52µm
_06502_,17.52µm
_08177_,17.52µm
_08284_,17.52µm
_11683_,17.52µm
_11838_,17.52µm
_19167_,17.52µm
_00010_,17.505µm
_05067_,17.5µm
_10517_,17.5µm
_21188_,17.5µm
data_mem_write_address_flat[7],17.5µm
_05899_,17.49µm
program_mem_read_data[5],17.49µm
_08952_,17.48µm
_09087_,17.48µm
_09451_,17.48µm
_10333_,17.48µm
_12076_,17.48µm
_15408_,17.48µm
_15833_,17.48µm
_16307_,17.48µm
_20436_,17.48µm
_21208_,17.48µm
net1311,17.48µm
_07083_,17.46µm
_07716_,17.46µm
_10130_,17.46µm
_14862_,17.46µm
_20835_,17.46µm
_18851_,17.455µm
_20223_,17.45µm
threads\[3\].fma_instance.r3_weighted\[14\],17.45µm
_04735_,17.44µm
_08949_,17.44µm
_11525_,17.44µm
_12167_,17.44µm
_12990_,17.44µm
_13607_,17.44µm
_15537_,17.44µm
_15653_,17.44µm
_20518_,17.44µm
_21169_,17.44µm
data_mem_write_address_flat[45],17.44µm
data_mem_write_address_flat[6],17.44µm
_06173_,17.42µm
_09379_,17.42µm
_10385_,17.42µm
_13762_,17.42µm
_13815_,17.42µm
_19378_,17.42µm
_21439_,17.42µm
_06700_,17.4µm
_11864_,17.4µm
_18204_,17.4µm
_21817_,17.4µm
threads\[3\].register_instance.registers\[2\]\[11\],17.4µm
clknet_leaf_380_clk,17.4µm
_07098_,17.38µm
_14134_,17.38µm
net1126,17.38µm
fma_out\[1\]\[1\],17.38µm
_13248_,17.37µm
_04844_,17.36µm
_12075_,17.36µm
_13178_,17.36µm
_16300_,17.36µm
net1216,17.36µm
clknet_leaf_409_clk,17.36µm
_05397_,17.34µm
_06194_,17.34µm
_06259_,17.34µm
_13496_,17.34µm
_16699_,17.34µm
_21414_,17.34µm
clknet_leaf_241_clk,17.34µm
_14218_,17.325µm
_03790_,17.32µm
_08095_,17.32µm
_09964_,17.32µm
_14387_,17.32µm
_14760_,17.32µm
_20563_,17.32µm
_20912_,17.32µm
systolic_arrays\[1\].systolic_array_inst.a_wire\[3\]\[15\],17.32µm
_21687_,17.31µm
_08871_,17.3µm
_13419_,17.3µm
_14489_,17.3µm
_14866_,17.3µm
_20476_,17.3µm
clknet_leaf_532_clk,17.3µm
systolic_arrays\[0\].systolic_array_inst.g_row\[1\].g_col\[1\].pe.r2_mantissa\[12\],17.295µm
_08425_,17.29µm
_08042_,17.285µm
_06197_,17.28µm
_07329_,17.28µm
_10159_,17.28µm
_12158_,17.28µm
_12383_,17.28µm
_15608_,17.28µm
_18237_,17.28µm
_20255_,17.28µm
net1505,17.28µm
data_mem_read_data_flat[6],17.28µm
decoded_rt_address[1],17.28µm
decoded_systolic_enable,17.28µm
clknet_leaf_32_clk,17.28µm
_04241_,17.27µm
_06392_,17.26µm
_07849_,17.26µm
_10885_,17.26µm
_12160_,17.26µm
_13190_,17.26µm
_21518_,17.25µm
_03159_,17.24µm
_04184_,17.24µm
_07747_,17.24µm
_16183_,17.24µm
_08034_,17.22µm
_10446_,17.22µm
_13322_,17.22µm
_14997_,17.22µm
_16256_,17.22µm
_20352_,17.22µm
clknet_leaf_114_clk,17.22µm
_02741_,17.2µm
_05317_,17.2µm
_06702_,17.2µm
_07892_,17.2µm
_08931_,17.2µm
_10501_,17.2µm
_11449_,17.2µm
_14032_,17.2µm
_20139_,17.2µm
fma_out\[0\]\[0\],17.2µm
data_mem_read_data_flat[19],17.2µm
decoded_act_func[0],17.2µm
_04070_,17.18µm
_08314_,17.18µm
_14895_,17.18µm
_16101_,17.18µm
_16954_,17.18µm
_20037_,17.18µm
_20229_,17.18µm
net1319,17.18µm
_17190_,17.165µm
_04401_,17.16µm
_07893_,17.16µm
_09373_,17.16µm
_10053_,17.16µm
_13017_,17.16µm
_16458_,17.16µm
_19003_,17.16µm
_21238_,17.16µm
_17273_,17.155µm
_06078_,17.15µm
_11846_,17.15µm
_07154_,17.14µm
_10251_,17.14µm
_19411_,17.14µm
_16908_,17.135µm
_04340_,17.13µm
_00933_,17.12µm
_03217_,17.12µm
_07337_,17.12µm
_20924_,17.12µm
systolic_arrays\[0\].systolic_array_inst.b_wire\[2\]\[1\],17.12µm
_02866_,17.1µm
_08595_,17.1µm
_11318_,17.1µm
_11600_,17.1µm
_12930_,17.1µm
_12938_,17.1µm
_14713_,17.1µm
_15407_,17.1µm
_19511_,17.1µm
_20297_,17.1µm
lsu_out\[3\]\[15\],17.1µm
data_mem_write_address_flat[30],17.1µm
_16484_,17.095µm
_02757_,17.08µm
_16735_,17.08µm
_18072_,17.08µm
_19131_,17.08µm
_21284_,17.08µm
net1172,17.08µm
threads\[2\].register_instance.registers\[8\]\[12\],17.08µm
threads\[3\].fma_instance.sign_r1,17.08µm
_14116_,17.06µm
systolic_arrays\[1\].systolic_array_inst.a_wire\[4\]\[15\],17.06µm
clknet_leaf_144_clk,17.06µm
clknet_leaf_461_clk,17.06µm
clknet_leaf_470_clk,17.06µm
_04146_,17.04µm
_05583_,17.04µm
_11877_,17.04µm
_16490_,17.04µm
_18656_,17.04µm
_06219_,17.02µm
_09125_,17.02µm
_10331_,17.02µm
_11986_,17.02µm
_13675_,17.02µm
_13791_,17.02µm
_14522_,17.02µm
net1119,17.02µm
_21050_,17.01µm
_02584_,17µm
_07118_,17µm
_15881_,17µm
_18311_,17µm
_20465_,17µm
_02808_,16.98µm
_04956_,16.98µm
_06263_,16.98µm
_10917_,16.98µm
_11302_,16.98µm
_18845_,16.98µm
_18990_,16.98µm
_20650_,16.98µm
net1495,16.98µm
_06428_,16.96µm
_08966_,16.96µm
_09111_,16.96µm
systolic_arrays\[1\].systolic_array_inst.g_row\[1\].g_col\[1\].pe.r4_acc\[14\],16.96µm
data_mem_read_data_flat[33],16.96µm
net1644,16.96µm
threads\[2\].register_instance.registers\[2\]\[5\],16.945µm
_03335_,16.94µm
_05275_,16.94µm
_05429_,16.94µm
_08008_,16.94µm
_09673_,16.94µm
_13104_,16.94µm
_14446_,16.94µm
_18316_,16.94µm
threads\[1\].register_instance.registers\[1\]\[9\],16.94µm
_09788_,16.92µm
_14846_,16.92µm
_16645_,16.915µm
_04684_,16.905µm
_03739_,16.9µm
_06621_,16.9µm
_12330_,16.9µm
_13990_,16.9µm
_18353_,16.9µm
_19422_,16.9µm
_05676_,16.895µm
_05927_,16.89µm
_02574_,16.88µm
_08646_,16.88µm
_09058_,16.88µm
_12410_,16.88µm
_12602_,16.88µm
_16453_,16.88µm
_18094_,16.88µm
threads\[0\].register_instance.registers\[11\]\[15\],16.88µm
act_out\[0\]\[12\],16.87µm
_06690_,16.86µm
_08615_,16.86µm
_11291_,16.86µm
_11903_,16.86µm
_12154_,16.86µm
_13297_,16.86µm
_13667_,16.86µm
_14404_,16.86µm
_20941_,16.86µm
data_mem_write_address_flat[11],16.86µm
_08149_,16.845µm
_14613_,16.845µm
threads\[1\].register_instance.registers\[5\]\[5\],16.845µm
_07417_,16.84µm
_09279_,16.83µm
_07679_,16.82µm
_07770_,16.82µm
_11450_,16.82µm
_13593_,16.82µm
_20619_,16.82µm
_01938_,16.815µm
_06332_,16.8µm
_09571_,16.8µm
_19380_,16.8µm
clknet_leaf_298_clk,16.8µm
_17168_,16.795µm
_03348_,16.78µm
_05799_,16.78µm
_09084_,16.78µm
_17909_,16.78µm
_05508_,16.76µm
_05545_,16.76µm
_08096_,16.76µm
_19692_,16.76µm
_20905_,16.76µm
fma_out\[2\]\[4\],16.76µm
_08999_,16.75µm
_02816_,16.74µm
_04698_,16.74µm
_05739_,16.74µm
_07465_,16.74µm
_07598_,16.74µm
_07692_,16.74µm
_09594_,16.74µm
_11100_,16.74µm
_11615_,16.74µm
_15457_,16.74µm
_16156_,16.74µm
_18801_,16.74µm
net374,16.74µm
thread_count[0],16.74µm
_05805_,16.73µm
_02479_,16.72µm
_03512_,16.72µm
_04269_,16.72µm
_12409_,16.72µm
_14787_,16.72µm
_14974_,16.72µm
_19770_,16.72µm
_20243_,16.72µm
_20894_,16.72µm
_21894_,16.72µm
fma_out\[1\]\[12\],16.72µm
_02302_,16.7µm
_03137_,16.7µm
_04721_,16.7µm
_07346_,16.7µm
_08676_,16.7µm
_09221_,16.7µm
_09458_,16.7µm
_09816_,16.7µm
_11139_,16.7µm
_12003_,16.7µm
_12222_,16.7µm
_15740_,16.7µm
_20135_,16.7µm
_05871_,16.68µm
_09487_,16.68µm
_10028_,16.68µm
_12170_,16.68µm
_19129_,16.68µm
_15400_,16.67µm
_02954_,16.66µm
_11309_,16.66µm
_11652_,16.66µm
_13097_,16.66µm
_02292_,16.64µm
_04225_,16.64µm
_08533_,16.64µm
_08826_,16.64µm
_14135_,16.64µm
_17432_,16.64µm
_19595_,16.64µm
_21051_,16.64µm
data_mem_write_address_flat[12],16.64µm
data_mem_write_data_flat[42],16.64µm
_07094_,16.62µm
_08264_,16.62µm
_14804_,16.62µm
_15288_,16.62µm
_20051_,16.62µm
_04711_,16.615µm
_17058_,16.615µm
_20545_,16.615µm
_08590_,16.6µm
_11219_,16.6µm
_13313_,16.6µm
_15039_,16.6µm
clknet_leaf_23_clk,16.6µm
clknet_leaf_311_clk,16.6µm
_15205_,16.595µm
_04294_,16.58µm
_04676_,16.58µm
_07871_,16.58µm
_11803_,16.58µm
_15152_,16.58µm
_17101_,16.58µm
_18784_,16.58µm
scheduler_instance.branch_diverge_inst.next_pc\[7\],16.58µm
_17656_,16.575µm
_03210_,16.56µm
_03853_,16.56µm
_03923_,16.56µm
_04349_,16.56µm
_04925_,16.56µm
_09467_,16.56µm
_09640_,16.56µm
_17840_,16.56µm
_19416_,16.56µm
clknet_leaf_170_clk,16.56µm
_03189_,16.555µm
_15676_,16.555µm
_03600_,16.55µm
_03322_,16.54µm
_05456_,16.54µm
_10856_,16.54µm
_14966_,16.54µm
_19638_,16.54µm
threads\[1\].register_instance.registers\[1\]\[4\],16.525µm
_03607_,16.52µm
_03823_,16.52µm
_05881_,16.52µm
_06390_,16.52µm
_07066_,16.52µm
_09567_,16.52µm
_11488_,16.52µm
_14821_,16.52µm
_21564_,16.52µm
net1511,16.52µm
systolic_arrays\[1\].systolic_array_inst.b_wire\[2\]\[2\],16.52µm
net1528,16.52µm
_17147_,16.515µm
_10999_,16.51µm
_05363_,16.5µm
_00906_,16.485µm
_03874_,16.485µm
_18863_,16.485µm
_02998_,16.48µm
_05000_,16.48µm
_07316_,16.48µm
_11194_,16.48µm
_16450_,16.48µm
_21610_,16.48µm
_21791_,16.48µm
clknet_leaf_139_clk,16.48µm
_12672_,16.47µm
_09643_,16.46µm
_09768_,16.46µm
_21723_,16.46µm
_04833_,16.45µm
_08201_,16.45µm
_07761_,16.44µm
_07781_,16.44µm
_09722_,16.44µm
_10549_,16.44µm
_14659_,16.44µm
_05076_,16.43µm
_06161_,16.42µm
_12671_,16.42µm
_12757_,16.42µm
_17195_,16.42µm
_17380_,16.42µm
_19906_,16.42µm
threads\[2\].register_instance.registers\[5\]\[5\],16.42µm
clknet_leaf_73_clk,16.42µm
_14867_,16.405µm
_16714_,16.405µm
_03280_,16.4µm
_05606_,16.4µm
_06857_,16.4µm
_06998_,16.4µm
_09600_,16.4µm
_14062_,16.4µm
_15447_,16.4µm
_16118_,16.4µm
_16212_,16.4µm
_16343_,16.4µm
_05668_,16.39µm
_02345_,16.38µm
_03089_,16.36µm
_03946_,16.36µm
_07145_,16.36µm
_07516_,16.36µm
_10674_,16.36µm
_12954_,16.36µm
_13085_,16.36µm
_13163_,16.36µm
_14005_,16.36µm
_18857_,16.36µm
_19544_,16.36µm
_00803_,16.345µm
_11511_,16.34µm
_12964_,16.34µm
systolic_arrays\[0\].systolic_array_inst.g_row\[1\].g_col\[0\].pe.r3_prod_mant\[6\],16.34µm
_06258_,16.32µm
_07272_,16.32µm
_11969_,16.32µm
_13331_,16.32µm
_19538_,16.32µm
_05357_,16.31µm
_10268_,16.305µm
_04300_,16.3µm
_05607_,16.3µm
_15940_,16.3µm
_16164_,16.3µm
_18685_,16.3µm
_19683_,16.3µm
_17074_,16.295µm
_07880_,16.29µm
_04216_,16.28µm
_04761_,16.28µm
_20536_,16.28µm
_20945_,16.28µm
_21120_,16.28µm
_22079_,16.28µm
threads\[1\].lsu_instance.lsu_state\[3\],16.28µm
_12172_,16.27µm
_20509_,16.27µm
_02740_,16.26µm
_03566_,16.26µm
_06124_,16.26µm
_06223_,16.26µm
_07073_,16.26µm
_09947_,16.26µm
_11310_,16.26µm
net1455,16.26µm
_03080_,16.24µm
_07857_,16.24µm
_08967_,16.24µm
_11687_,16.24µm
_13874_,16.24µm
_17588_,16.24µm
_18602_,16.24µm
threads\[0\].register_instance.registers\[9\]\[1\],16.24µm
_05863_,16.22µm
_08250_,16.22µm
_09167_,16.22µm
_11136_,16.22µm
_11653_,16.22µm
_16991_,16.22µm
_19080_,16.22µm
net1508,16.21µm
_03753_,16.2µm
_08251_,16.2µm
_19426_,16.2µm
_20497_,16.2µm
threads\[1\].register_instance.registers\[6\]\[15\],16.195µm
_20535_,16.19µm
_12456_,16.185µm
_11505_,16.18µm
_13829_,16.18µm
_19142_,16.18µm
_20292_,16.18µm
net1287,16.18µm
systolic_arrays\[1\].systolic_array_inst.g_row\[1\].g_col\[1\].pe.r3_prod_mant\[9\],16.165µm
_03849_,16.16µm
_04967_,16.16µm
_12451_,16.16µm
_14721_,16.16µm
_15347_,16.16µm
_16663_,16.16µm
_17533_,16.16µm
threads\[3\].fma_instance.r3_weighted\[2\],16.15µm
_10735_,16.14µm
_11307_,16.14µm
_14785_,16.14µm
_14900_,16.14µm
_14989_,16.14µm
_15945_,16.14µm
_18968_,16.14µm
_19333_,16.14µm
_19492_,16.14µm
clknet_leaf_453_clk,16.14µm
net1438,16.125µm
_02848_,16.12µm
_09529_,16.12µm
_13063_,16.12µm
_14469_,16.12µm
_17657_,16.12µm
_19877_,16.11µm
_08887_,16.1µm
_09261_,16.1µm
_15765_,16.1µm
_17611_,16.1µm
_18469_,16.1µm
_21803_,16.1µm
_05568_,16.08µm
_12442_,16.08µm
_12689_,16.08µm
_11682_,16.07µm
_01315_,16.065µm
_01833_,16.065µm
_03263_,16.06µm
_04732_,16.06µm
_08227_,16.06µm
_09130_,16.06µm
_09771_,16.06µm
_09775_,16.06µm
_11538_,16.06µm
_14052_,16.06µm
_14884_,16.06µm
_15216_,16.06µm
systolic_arrays\[1\].systolic_array_inst.g_row\[0\].g_col\[1\].pe.r2_mantissa\[3\],16.06µm
clknet_leaf_465_clk,16.06µm
_04179_,16.04µm
_07639_,16.04µm
_10030_,16.04µm
_12433_,16.04µm
_15360_,16.04µm
_19317_,16.04µm
clknet_leaf_257_clk,16.04µm
_12931_,16.03µm
_02349_,16.02µm
_02604_,16.02µm
_02996_,16.02µm
_04485_,16.02µm
_09425_,16.02µm
_09916_,16.02µm
_10043_,16.02µm
_12864_,16.02µm
_17928_,16.02µm
_19464_,16.02µm
_20270_,16.02µm
fma_out\[1\]\[3\],16.02µm
_04747_,16µm
_07782_,16µm
_18786_,16µm
clknet_leaf_10_clk,16µm
_04660_,15.99µm
_01648_,15.985µm
_02371_,15.98µm
_03294_,15.98µm
_03895_,15.98µm
_04897_,15.98µm
_06099_,15.98µm
_10255_,15.98µm
_12237_,15.98µm
_22065_,15.98µm
threads\[1\].register_instance.registers\[9\]\[14\],15.975µm
_04910_,15.96µm
_10751_,15.96µm
_12269_,15.96µm
_13497_,15.96µm
_18243_,15.96µm
threads\[0\].register_instance.registers\[10\]\[14\],15.96µm
threads\[0\].register_instance.registers\[3\]\[11\],15.96µm
_04482_,15.945µm
_04297_,15.94µm
_07334_,15.94µm
_14072_,15.94µm
_14886_,15.94µm
_15456_,15.94µm
_21539_,15.94µm
_10875_,15.93µm
_02334_,15.92µm
_04901_,15.92µm
_09985_,15.92µm
_17216_,15.92µm
_20604_,15.92µm
clknet_leaf_102_clk,15.92µm
_03456_,15.9µm
_03761_,15.9µm
_04222_,15.9µm
_05860_,15.9µm
_14027_,15.9µm
_19240_,15.9µm
_19281_,15.9µm
_20697_,15.9µm
_03068_,15.88µm
_10566_,15.88µm
_18266_,15.88µm
_19731_,15.88µm
_10357_,15.875µm
_15997_,15.875µm
data_mem_write_address_flat[69],15.87µm
_03229_,15.86µm
_12388_,15.86µm
_14040_,15.86µm
_16281_,15.86µm
_18812_,15.86µm
_20973_,15.86µm
net1565,15.86µm
_05059_,15.84µm
_09135_,15.84µm
_12193_,15.84µm
_16715_,15.84µm
_20314_,15.84µm
_21604_,15.84µm
systolic_arrays\[0\].systolic_array_inst.g_row\[0\].g_col\[1\].pe.r2_mantissa\[12\],15.825µm
_04454_,15.82µm
_08460_,15.82µm
_12061_,15.82µm
_12203_,15.82µm
_13738_,15.82µm
_14916_,15.82µm
_21884_,15.82µm
alu_out\[3\]\[10\],15.82µm
decoded_rt_address[0],15.82µm
decoded_rt_address[3],15.82µm
_05390_,15.81µm
data_mem_write_address_flat[63],15.81µm
_03052_,15.8µm
_03172_,15.8µm
_04658_,15.8µm
_07824_,15.8µm
_08374_,15.8µm
_13122_,15.8µm
_13658_,15.8µm
_16897_,15.8µm
_21641_,15.8µm
_02365_,15.78µm
_04487_,15.78µm
_09474_,15.78µm
_11791_,15.78µm
_19832_,15.78µm
_20818_,15.78µm
_21378_,15.78µm
_13332_,15.77µm
net1507,15.77µm
_00616_,15.765µm
_10324_,15.76µm
_10625_,15.76µm
_10971_,15.76µm
_14025_,15.76µm
_14881_,15.76µm
_20269_,15.76µm
systolic_arrays\[1\].systolic_array_inst.g_row\[1\].g_col\[1\].pe.r3_prod_mant\[12\],15.76µm
systolic_arrays\[1\].systolic_array_inst.g_row\[1\].g_col\[1\].pe.r3_prod_mant\[14\],15.76µm
_19302_,15.75µm
_09861_,15.74µm
_11933_,15.74µm
_15772_,15.74µm
_19458_,15.74µm
_03345_,15.73µm
_06854_,15.73µm
_04796_,15.72µm
_09887_,15.72µm
_15268_,15.72µm
_15301_,15.72µm
_16737_,15.72µm
_19155_,15.72µm
net1499,15.72µm
data_mem_write_address_flat[5],15.72µm
data_mem_write_data_flat[26],15.72µm
_01905_,15.715µm
_04523_,15.7µm
_11747_,15.7µm
_12524_,15.7µm
_13238_,15.7µm
_21122_,15.7µm
threads\[2\].register_instance.registers\[11\]\[11\],15.7µm
_21964_,15.69µm
_01318_,15.68µm
_02557_,15.68µm
_04612_,15.68µm
_04694_,15.68µm
_05541_,15.68µm
_08674_,15.68µm
_08946_,15.68µm
_09025_,15.68µm
_09353_,15.68µm
_13409_,15.68µm
_14050_,15.68µm
_16190_,15.68µm
_17238_,15.68µm
_17932_,15.68µm
_20479_,15.68µm
net387,15.68µm
clknet_leaf_77_clk,15.68µm
_03798_,15.66µm
_06029_,15.66µm
_06092_,15.66µm
_07400_,15.66µm
_11702_,15.66µm
_12402_,15.66µm
_18698_,15.66µm
_18919_,15.66µm
net1192,15.66µm
threads\[2\].register_instance.registers\[8\]\[15\],15.655µm
_03281_,15.64µm
_06209_,15.64µm
_08038_,15.64µm
_15505_,15.64µm
_20329_,15.64µm
_21607_,15.64µm
threads\[2\].register_instance.registers\[3\]\[5\],15.64µm
clknet_leaf_474_clk,15.635µm
_13284_,15.63µm
_20690_,15.63µm
_04008_,15.62µm
_08394_,15.62µm
_08564_,15.62µm
_08623_,15.62µm
_14559_,15.62µm
_02738_,15.6µm
_03836_,15.6µm
_04723_,15.6µm
_05135_,15.6µm
_05401_,15.6µm
_09242_,15.6µm
_11087_,15.6µm
_11203_,15.6µm
_13602_,15.6µm
_14081_,15.6µm
_16358_,15.6µm
_16442_,15.6µm
_19633_,15.6µm
_20069_,15.6µm
_20780_,15.6µm
clknet_leaf_454_clk,15.6µm
clknet_leaf_529_clk,15.6µm
clknet_leaf_156_clk,15.59µm
_02265_,15.58µm
_02328_,15.58µm
_06233_,15.58µm
_07851_,15.58µm
_11894_,15.58µm
_14490_,15.58µm
_17160_,15.58µm
_18255_,15.58µm
_21828_,15.58µm
_05703_,15.56µm
_08419_,15.56µm
_12246_,15.56µm
_13024_,15.56µm
_13560_,15.56µm
_19833_,15.56µm
_19957_,15.56µm
systolic_arrays\[0\].systolic_array_inst.g_row\[0\].g_col\[1\].pe.r3_prod_mant\[9\],15.56µm
_07498_,15.54µm
_07703_,15.54µm
_08526_,15.54µm
_12078_,15.54µm
_14608_,15.54µm
_17772_,15.54µm
_19539_,15.535µm
_06275_,15.52µm
_07675_,15.52µm
_07953_,15.52µm
_09880_,15.52µm
_12447_,15.52µm
_15440_,15.52µm
_15029_,15.5µm
_21491_,15.5µm
data_mem_read_data_flat[61],15.49µm
_01639_,15.485µm
_03589_,15.48µm
_03758_,15.48µm
_06123_,15.48µm
_06459_,15.48µm
_07673_,15.48µm
_09316_,15.48µm
_09450_,15.48µm
_14153_,15.48µm
_14823_,15.48µm
_14833_,15.48µm
_16219_,15.48µm
_17869_,15.48µm
_19271_,15.48µm
_19922_,15.48µm
_20366_,15.48µm
clknet_leaf_324_clk,15.48µm
_05148_,15.475µm
systolic_arrays\[1\].systolic_array_inst.g_row\[0\].g_col\[0\].pe.r2_sign,15.47µm
instruction_for_decode[4],15.47µm
_07277_,15.46µm
_15244_,15.46µm
_18326_,15.46µm
_19146_,15.46µm
_20231_,15.46µm
_05043_,15.44µm
_09695_,15.44µm
_09779_,15.44µm
_12387_,15.44µm
_12839_,15.44µm
_15289_,15.44µm
_20547_,15.44µm
_21243_,15.44µm
_04142_,15.42µm
_12257_,15.42µm
_15729_,15.42µm
_21039_,15.42µm
clknet_leaf_375_clk,15.42µm
_02597_,15.4µm
_03306_,15.4µm
_07339_,15.4µm
_09690_,15.4µm
_09745_,15.4µm
_13192_,15.4µm
_06867_,15.39µm
_06082_,15.38µm
_08682_,15.38µm
_11581_,15.38µm
_12601_,15.38µm
_14154_,15.38µm
_16695_,15.38µm
_21124_,15.38µm
net1372,15.38µm
systolic_arrays\[1\].systolic_array_inst.g_row\[1\].g_col\[0\].pe.r2_mantissa\[4\],15.375µm
_04896_,15.37µm
_05514_,15.36µm
_06598_,15.36µm
_07484_,15.36µm
_10371_,15.36µm
_18683_,15.36µm
data_mem_read_data_flat[0],15.36µm
data_mem_read_data_flat[22],15.36µm
data_mem_read_data_flat[24],15.36µm
data_mem_read_data_flat[50],15.36µm
_00122_,15.345µm
_00461_,15.345µm
_03012_,15.34µm
_06073_,15.34µm
_11758_,15.34µm
_12083_,15.34µm
_13532_,15.34µm
_13958_,15.34µm
_19347_,15.34µm
_21069_,15.34µm
_22058_,15.34µm
net1299,15.34µm
net1194,15.34µm
threads\[0\].register_instance.registers\[0\]\[13\],15.34µm
_05674_,15.33µm
_05702_,15.33µm
_11337_,15.33µm
_12845_,15.33µm
_04933_,15.32µm
_05633_,15.32µm
_10431_,15.32µm
_11542_,15.32µm
_11585_,15.32µm
_11800_,15.32µm
_14501_,15.32µm
_18544_,15.32µm
_09037_,15.3µm
_09482_,15.3µm
_11658_,15.3µm
_16713_,15.3µm
_17037_,15.3µm
_12452_,15.29µm
data_mem_read_data_flat[62],15.29µm
threads\[1\].register_instance.registers\[3\]\[8\],15.285µm
_03727_,15.28µm
_11045_,15.28µm
_13294_,15.28µm
_18923_,15.28µm
_20246_,15.28µm
threads\[1\].register_instance.registers\[11\]\[8\],15.28µm
_03922_,15.26µm
_04109_,15.26µm
_04935_,15.26µm
_06869_,15.26µm
_13076_,15.26µm
_14394_,15.26µm
_14420_,15.26µm
_16127_,15.26µm
_18448_,15.26µm
data_mem_write_address_flat[61],15.26µm
data_mem_write_address_flat[66],15.26µm
data_mem_write_data_flat[28],15.26µm
_07177_,15.25µm
decoded_immediate[7],15.25µm
_00488_,15.245µm
_10900_,15.24µm
_11026_,15.24µm
_15249_,15.24µm
_20618_,15.24µm
_21349_,15.24µm
_21840_,15.24µm
_01818_,15.225µm
_02200_,15.22µm
_06706_,15.22µm
_08093_,15.22µm
_09401_,15.22µm
_21227_,15.22µm
_21434_,15.22µm
fma_out\[2\]\[10\],15.22µm
_20779_,15.215µm
alu_out\[0\]\[8\],15.205µm
_03028_,15.2µm
_04828_,15.2µm
_04936_,15.2µm
_06362_,15.2µm
_07093_,15.2µm
_07875_,15.2µm
_09802_,15.2µm
_13448_,15.2µm
act_out\[2\]\[0\],15.2µm
_02403_,15.18µm
_06087_,15.18µm
_09038_,15.18µm
_18233_,15.18µm
_19915_,15.18µm
_00804_,15.175µm
_12162_,15.17µm
_02525_,15.16µm
_13216_,15.16µm
_18729_,15.16µm
_21270_,15.16µm
_18636_,15.15µm
_03492_,15.14µm
_05413_,15.14µm
_07393_,15.14µm
_07794_,15.14µm
_10546_,15.14µm
_11111_,15.14µm
_13629_,15.14µm
_14749_,15.14µm
_19836_,15.14µm
net1459,15.14µm
_03309_,15.12µm
_07861_,15.12µm
_19910_,15.12µm
_13487_,15.105µm
_02759_,15.1µm
_03242_,15.1µm
_04059_,15.1µm
_06652_,15.1µm
_09691_,15.1µm
_09774_,15.1µm
_11174_,15.1µm
_12081_,15.1µm
_15682_,15.1µm
_18893_,15.1µm
_19244_,15.1µm
_21260_,15.1µm
_21915_,15.1µm
_22099_,15.1µm
_00692_,15.095µm
_09163_,15.08µm
_10868_,15.08µm
_12161_,15.08µm
_15917_,15.08µm
_16491_,15.08µm
_16324_,15.075µm
_03030_,15.07µm
_14314_,15.065µm
_03174_,15.06µm
_06007_,15.06µm
_09109_,15.06µm
_13145_,15.06µm
_21099_,15.06µm
_18586_,15.05µm
_10031_,15.045µm
_02360_,15.04µm
_02511_,15.04µm
_06305_,15.04µm
_21632_,15.04µm
systolic_arrays\[0\].systolic_array_inst.b_wire\[2\]\[11\],15.04µm
clknet_leaf_101_clk,15.04µm
_09023_,15.03µm
_18772_,15.03µm
_21497_,15.03µm
_03865_,15.02µm
_04418_,15.02µm
_07574_,15.02µm
_09965_,15.02µm
_14078_,15.02µm
_14519_,15.02µm
_18880_,15.02µm
_20166_,15.02µm
_21174_,15.02µm
act_out\[3\]\[0\],15.005µm
_10986_,15µm
net1343,15µm
threads\[1\].register_instance.registers\[5\]\[14\],15µm
_21508_,14.99µm
net370,14.99µm
_00051_,14.98µm
_02922_,14.98µm
_04655_,14.98µm
_05276_,14.98µm
_09765_,14.98µm
_12899_,14.98µm
_17410_,14.98µm
_20554_,14.98µm
_04427_,14.96µm
_15195_,14.96µm
_19340_,14.96µm
_19943_,14.96µm
_20932_,14.96µm
threads\[2\].register_instance.registers\[2\]\[8\],14.96µm
_04868_,14.94µm
_08241_,14.94µm
_10851_,14.94µm
_13758_,14.94µm
_17051_,14.94µm
_17429_,14.94µm
_18550_,14.94µm
_19886_,14.94µm
net1568,14.94µm
_05959_,14.935µm
_21210_,14.93µm
_01018_,14.925µm
_03749_,14.92µm
_04272_,14.92µm
_12258_,14.92µm
_12328_,14.92µm
_17006_,14.92µm
_18492_,14.92µm
_19375_,14.92µm
_20528_,14.92µm
_02335_,14.9µm
_09118_,14.9µm
_10890_,14.9µm
_11619_,14.9µm
_15157_,14.9µm
act_out\[3\]\[5\],14.9µm
systolic_arrays\[1\].systolic_array_inst.b_wire\[2\]\[13\],14.9µm
block_id[0],14.9µm
block_id[6],14.9µm
block_id[5],14.9µm
block_id[4],14.9µm
block_id[7],14.9µm
data_mem_read_data_flat[15],14.9µm
data_mem_read_data_flat[20],14.9µm
data_mem_read_data_flat[21],14.9µm
data_mem_read_data_flat[30],14.9µm
data_mem_read_data_flat[48],14.9µm
data_mem_read_data_flat[49],14.9µm
data_mem_read_data_flat[4],14.9µm
decoded_act_func[1],14.9µm
decoded_alu_arithmetic_mux[0],14.9µm
decoded_reg_write_enable,14.9µm
decoded_rt_address[2],14.9µm
_09301_,14.89µm
_15950_,14.885µm
_02956_,14.88µm
_03084_,14.88µm
_03816_,14.88µm
_04036_,14.88µm
_07939_,14.88µm
_08701_,14.88µm
_17152_,14.88µm
_18085_,14.88µm
_18907_,14.88µm
_21086_,14.88µm
_21321_,14.88µm
_08597_,14.86µm
_11002_,14.86µm
_13849_,14.86µm
_15323_,14.86µm
_13801_,14.855µm
_14146_,14.85µm
_04975_,14.84µm
_09419_,14.84µm
_18938_,14.84µm
alu_out\[0\]\[10\],14.84µm
_08197_,14.83µm
_08219_,14.82µm
_08706_,14.82µm
_13025_,14.82µm
_18412_,14.82µm
_20024_,14.82µm
_03648_,14.8µm
_06152_,14.8µm
_06444_,14.8µm
_06591_,14.8µm
_09045_,14.8µm
_09688_,14.8µm
_10170_,14.8µm
_11175_,14.8µm
_12847_,14.8µm
_14058_,14.8µm
_21013_,14.8µm
scheduler_instance.fma_execute_second_cycle,14.8µm
data_mem_write_address_flat[15],14.8µm
data_mem_write_address_flat[57],14.8µm
data_mem_write_address_flat[59],14.8µm
data_mem_write_address_flat[62],14.8µm
data_mem_write_address_flat[64],14.8µm
data_mem_write_address_flat[9],14.8µm
_02447_,14.79µm
_03769_,14.78µm
_06198_,14.78µm
_13587_,14.78µm
_18745_,14.78µm
_20930_,14.78µm
_01626_,14.765µm
_02455_,14.76µm
_05842_,14.76µm
_05928_,14.76µm
_08347_,14.76µm
_08497_,14.76µm
_09650_,14.76µm
_10219_,14.76µm
_11398_,14.76µm
_14178_,14.76µm
_15251_,14.76µm
_15495_,14.76µm
_19603_,14.76µm
_04088_,14.74µm
_09558_,14.74µm
_09597_,14.74µm
_12082_,14.74µm
_12403_,14.74µm
_13292_,14.74µm
_14493_,14.74µm
_14922_,14.74µm
_21963_,14.74µm
threads\[2\].register_instance.registers\[11\]\[10\],14.74µm
systolic_arrays\[0\].systolic_array_inst.g_row\[0\].g_col\[1\].pe.r2_mantissa\[14\],14.73µm
_16889_,14.725µm
_03708_,14.72µm
_07470_,14.72µm
_08044_,14.72µm
_08235_,14.72µm
_08322_,14.72µm
_10582_,14.72µm
_15922_,14.72µm
_17810_,14.72µm
_19571_,14.72µm
clknet_leaf_393_clk,14.72µm
_11962_,14.715µm
_04908_,14.7µm
_11808_,14.7µm
_12840_,14.7µm
_15661_,14.7µm
_04171_,14.68µm
_06047_,14.68µm
_06467_,14.68µm
_07327_,14.68µm
_08220_,14.68µm
_08259_,14.68µm
_09225_,14.68µm
_09846_,14.68µm
_10058_,14.68µm
_13489_,14.68µm
_13618_,14.68µm
_14766_,14.68µm
_15577_,14.68µm
_15718_,14.68µm
_18317_,14.68µm
_18709_,14.68µm
_21196_,14.68µm
net429,14.68µm
_08021_,14.66µm
_04276_,14.655µm
_07297_,14.655µm
_03818_,14.64µm
_05698_,14.64µm
_06977_,14.64µm
_07353_,14.64µm
_07819_,14.64µm
_09210_,14.64µm
_14326_,14.64µm
_15425_,14.64µm
_19409_,14.64µm
_20486_,14.64µm
_21040_,14.64µm
_18429_,14.63µm
scheduler_instance.branch_diverge_inst.next_pc\[5\],14.63µm
_03807_,14.62µm
_05533_,14.62µm
_05569_,14.62µm
_10806_,14.62µm
_11576_,14.62µm
_12972_,14.62µm
_21489_,14.615µm
_21929_,14.61µm
_01682_,14.6µm
_02301_,14.6µm
_06501_,14.6µm
_07285_,14.6µm
_10835_,14.6µm
_12859_,14.6µm
_12879_,14.6µm
_13439_,14.6µm
_14102_,14.6µm
_17372_,14.6µm
_19978_,14.6µm
_17255_,14.595µm
net1293,14.59µm
data_mem_write_address_flat[65],14.59µm
_08785_,14.58µm
_04865_,14.57µm
_02577_,14.56µm
_11703_,14.56µm
_12812_,14.56µm
_14764_,14.56µm
_17918_,14.56µm
_20146_,14.56µm
_21235_,14.56µm
systolic_arrays\[1\].systolic_array_inst.a_reg\[24\],14.56µm
_14238_,14.55µm
instruction_for_decode[13],14.55µm
_02312_,14.54µm
_05897_,14.54µm
_14542_,14.54µm
_17661_,14.54µm
_19100_,14.54µm
_12608_,14.53µm
fma_out\[2\]\[3\],14.53µm
_00340_,14.525µm
_02320_,14.52µm
_05851_,14.52µm
_06495_,14.52µm
_07377_,14.52µm
_08364_,14.52µm
_08453_,14.52µm
_13420_,14.52µm
_15129_,14.52µm
_21377_,14.52µm
_15012_,14.515µm
_03574_,14.5µm
_10047_,14.5µm
_12431_,14.5µm
_13995_,14.5µm
_15294_,14.5µm
_19644_,14.5µm
_17366_,14.495µm
_18791_,14.49µm
_05482_,14.48µm
_05708_,14.48µm
_07425_,14.48µm
_09295_,14.48µm
_09777_,14.48µm
_09913_,14.48µm
_13022_,14.48µm
_14395_,14.48µm
_16525_,14.48µm
net1309,14.48µm
_04348_,14.46µm
_06188_,14.46µm
_07632_,14.46µm
_09546_,14.46µm
_10804_,14.46µm
_14279_,14.46µm
_16935_,14.46µm
_18949_,14.46µm
_15904_,14.455µm
_13278_,14.45µm
_00456_,14.445µm
_04390_,14.44µm
_10221_,14.44µm
_12786_,14.44µm
_15504_,14.44µm
_20293_,14.44µm
_22086_,14.44µm
block_id[1],14.44µm
data_mem_read_data_flat[11],14.44µm
data_mem_read_data_flat[18],14.44µm
data_mem_read_data_flat[63],14.44µm
decoded_fma_enable,14.44µm
_03307_,14.43µm
_01111_,14.425µm
_02297_,14.42µm
_06488_,14.42µm
_07245_,14.42µm
_19344_,14.42µm
_20790_,14.42µm
_21673_,14.42µm
scheduler_instance.branch_diverge_inst.stack_reconverge\[0\]\[1\],14.42µm
_01935_,14.405µm
_07591_,14.4µm
_15212_,14.4µm
_20653_,14.4µm
_01666_,14.385µm
_17231_,14.385µm
_12182_,14.38µm
_12256_,14.38µm
_14303_,14.38µm
_19737_,14.38µm
systolic_arrays\[0\].systolic_array_inst.a_reg\[1\],14.38µm
_06583_,14.36µm
_13411_,14.36µm
_18561_,14.36µm
_19842_,14.36µm
_20880_,14.36µm
_21688_,14.35µm
_00623_,14.345µm
_02964_,14.34µm
_04416_,14.34µm
_08052_,14.34µm
_13696_,14.34µm
_13926_,14.34µm
_14313_,14.34µm
_15017_,14.34µm
_16335_,14.34µm
_20504_,14.34µm
_21957_,14.34µm
net1132,14.34µm
data_mem_write_address_flat[70],14.34µm
_11887_,14.33µm
_17346_,14.33µm
act_out\[2\]\[13\],14.33µm
data_mem_read_data_flat[60],14.33µm
_03594_,14.32µm
_04808_,14.32µm
_09394_,14.32µm
_10089_,14.32µm
_11802_,14.32µm
_12502_,14.32µm
_13003_,14.32µm
_18956_,14.32µm
_15674_,14.31µm
_08331_,14.305µm
_11094_,14.305µm
_05233_,14.3µm
_06290_,14.3µm
_07038_,14.3µm
_07114_,14.3µm
_07389_,14.3µm
_07989_,14.3µm
_11953_,14.3µm
_12453_,14.3µm
_16967_,14.3µm
_19207_,14.3µm
_20164_,14.3µm
clknet_leaf_50_clk,14.3µm
_07381_,14.29µm
net1501,14.29µm
_02972_,14.28µm
_04714_,14.28µm
_05979_,14.28µm
_06569_,14.28µm
_07345_,14.28µm
_07779_,14.28µm
_09479_,14.28µm
_15242_,14.28µm
_02160_,14.265µm
_04797_,14.26µm
_10269_,14.26µm
_12325_,14.26µm
_12640_,14.26µm
_12683_,14.26µm
_12724_,14.26µm
_14831_,14.26µm
_14560_,14.255µm
threads\[2\].register_instance.registers\[10\]\[5\],14.255µm
_04398_,14.25µm
active_mask\[0\],14.25µm
_02077_,14.245µm
_20019_,14.24µm
_12863_,14.235µm
_05090_,14.23µm
_02185_,14.22µm
_02418_,14.22µm
_02607_,14.22µm
_03160_,14.22µm
_05373_,14.22µm
_06671_,14.22µm
_08000_,14.22µm
_13321_,14.22µm
_17078_,14.22µm
_17227_,14.22µm
_19519_,14.22µm
_20724_,14.22µm
_21606_,14.22µm
_21794_,14.22µm
alu_out\[0\]\[12\],14.22µm
clknet_leaf_278_clk,14.22µm
_05536_,14.2µm
_10434_,14.2µm
_11451_,14.2µm
_13707_,14.2µm
_15319_,14.2µm
_16946_,14.2µm
_22088_,14.2µm
_07210_,14.18µm
_07975_,14.18µm
_09933_,14.18µm
_12120_,14.18µm
_12400_,14.18µm
_12707_,14.18µm
_13666_,14.18µm
_13949_,14.18µm
_13997_,14.18µm
_18651_,14.18µm
_10918_,14.17µm
threads\[1\].register_instance.registers\[7\]\[15\],14.17µm
_04424_,14.16µm
_07760_,14.16µm
_08018_,14.16µm
_11833_,14.16µm
_21468_,14.16µm
_06148_,14.145µm
_00248_,14.14µm
_04353_,14.14µm
_04369_,14.14µm
_05321_,14.14µm
_07321_,14.14µm
_08686_,14.14µm
_09324_,14.14µm
_10129_,14.14µm
_12977_,14.14µm
_18377_,14.14µm
net1527,14.14µm
net1563,14.14µm
_18245_,14.13µm
_14604_,14.125µm
_03857_,14.12µm
_05225_,14.12µm
_07963_,14.12µm
_09196_,14.12µm
_11947_,14.12µm
data_mem_write_address_flat[67],14.11µm
_16539_,14.105µm
_04228_,14.1µm
_04776_,14.1µm
_05305_,14.1µm
_05942_,14.1µm
_12907_,14.1µm
_15474_,14.1µm
_17061_,14.1µm
_19108_,14.1µm
_19366_,14.1µm
_19637_,14.1µm
_19876_,14.1µm
_20794_,14.1µm
_20812_,14.1µm
_20827_,14.1µm
_12935_,14.09µm
_21759_,14.09µm
_04674_,14.08µm
_09412_,14.08µm
_11333_,14.08µm
_14039_,14.08µm
_19299_,14.08µm
_20507_,14.08µm
_02384_,14.06µm
_03320_,14.06µm
_03500_,14.06µm
_07986_,14.06µm
_09318_,14.06µm
_10140_,14.06µm
_11084_,14.06µm
_16962_,14.06µm
_19420_,14.06µm
_13672_,14.04µm
_17496_,14.04µm
_19930_,14.04µm
threads\[0\].register_instance.registers\[7\]\[1\],14.04µm
act_out\[3\]\[14\],14.03µm
_10745_,14.025µm
_09715_,14.02µm
_11421_,14.02µm
_11657_,14.02µm
_12609_,14.02µm
_13550_,14.02µm
_13793_,14.02µm
_14177_,14.02µm
_15331_,14.02µm
_15816_,14.02µm
_15868_,14.02µm
_18910_,14.02µm
_19434_,14.02µm
_21356_,14.02µm
net1159,14.02µm
_06244_,14µm
_07884_,14µm
_09308_,14µm
_09724_,14µm
_13105_,14µm
_13228_,14µm
_15111_,14µm
_15669_,14µm
_16556_,14µm
_18358_,14µm
systolic_arrays\[1\].systolic_array_inst.a_reg\[22\],14µm
_02090_,13.985µm
_07215_,13.98µm
_07573_,13.98µm
_09063_,13.98µm
_12248_,13.98µm
_12745_,13.98µm
_14772_,13.98µm
_18066_,13.98µm
_19124_,13.98µm
_19495_,13.98µm
_19966_,13.98µm
_05800_,13.96µm
_08570_,13.96µm
_11328_,13.96µm
_13272_,13.96µm
_13357_,13.96µm
_14290_,13.96µm
_15283_,13.96µm
_18251_,13.96µm
_19901_,13.96µm
clknet_leaf_363_clk,13.96µm
_16451_,13.955µm
_21476_,13.95µm
_09548_,13.945µm
_19364_,13.945µm
_02953_,13.94µm
_07115_,13.94µm
_08406_,13.94µm
_09706_,13.94µm
_16074_,13.94µm
_20467_,13.94µm
net1500,13.93µm
_05483_,13.92µm
_06079_,13.92µm
_06204_,13.92µm
_06834_,13.92µm
_09342_,13.92µm
_11857_,13.92µm
_12680_,13.92µm
_14138_,13.92µm
_18882_,13.92µm
net345,13.92µm
_11396_,13.915µm
data_mem_write_address_flat[71],13.91µm
_02897_,13.9µm
_05273_,13.9µm
_09338_,13.9µm
_09793_,13.9µm
_11497_,13.9µm
_12211_,13.9µm
_13866_,13.9µm
_14858_,13.9µm
_20077_,13.9µm
_20519_,13.9µm
_02381_,13.89µm
_11062_,13.89µm
_19331_,13.89µm
_02859_,13.88µm
_08029_,13.88µm
_09671_,13.88µm
_10814_,13.88µm
_11052_,13.88µm
_11793_,13.88µm
_15353_,13.88µm
_18861_,13.88µm
_20222_,13.88µm
_20695_,13.88µm
_21505_,13.88µm
_21550_,13.88µm
_21784_,13.88µm
net1224,13.88µm
act_out\[2\]\[15\],13.875µm
act_out\[2\]\[14\],13.87µm
_02043_,13.865µm
_20609_,13.865µm
_06052_,13.86µm
_08991_,13.86µm
_10568_,13.86µm
_19635_,13.86µm
_20588_,13.86µm
_21070_,13.86µm
_21226_,13.86µm
_21820_,13.86µm
net1105,13.86µm
scheduler_instance.branch_diverge_inst.next_pc\[4\],13.86µm
_19970_,13.855µm
_03116_,13.84µm
_04495_,13.84µm
_05613_,13.84µm
_07743_,13.84µm
_09302_,13.84µm
_09484_,13.84µm
_10409_,13.84µm
_11530_,13.84µm
_16040_,13.84µm
_19008_,13.84µm
_19856_,13.84µm
_21515_,13.84µm
_02860_,13.82µm
_03376_,13.82µm
_10079_,13.82µm
_15641_,13.82µm
_18889_,13.82µm
_21251_,13.82µm
systolic_arrays\[0\].systolic_array_inst.g_row\[1\].g_col\[1\].pe.r2_mantissa\[4\],13.81µm
_03323_,13.8µm
_05338_,13.8µm
_11155_,13.8µm
_15061_,13.8µm
_15179_,13.8µm
_17894_,13.8µm
_19367_,13.8µm
_19896_,13.8µm
_20263_,13.8µm
act_out\[0\]\[10\],13.79µm
_12713_,13.785µm
_01364_,13.78µm
_05974_,13.78µm
_07593_,13.78µm
_10085_,13.78µm
_14375_,13.78µm
threads\[3\].lsu_instance.lsu_state\[3\],13.78µm
_00465_,13.765µm
_04064_,13.76µm
_04636_,13.76µm
_05294_,13.76µm
_05686_,13.76µm
_09385_,13.76µm
_10736_,13.76µm
_14317_,13.76µm
_18083_,13.76µm
_19853_,13.76µm
_20120_,13.76µm
_21519_,13.76µm
_04047_,13.74µm
_08243_,13.74µm
_12404_,13.74µm
_16470_,13.74µm
_21441_,13.74µm
_01162_,13.725µm
_01698_,13.72µm
_02669_,13.72µm
_05049_,13.72µm
_06370_,13.72µm
_07309_,13.72µm
_09260_,13.72µm
_10077_,13.72µm
_12991_,13.72µm
_18878_,13.72µm
_19150_,13.72µm
_19773_,13.72µm
_19961_,13.72µm
_20093_,13.72µm
_20177_,13.72µm
_20234_,13.72µm
_20803_,13.72µm
_21309_,13.72µm
_21586_,13.72µm
_21918_,13.72µm
clknet_leaf_89_clk,13.72µm
net1279,13.71µm
_03976_,13.7µm
_07160_,13.7µm
_08992_,13.7µm
_13077_,13.7µm
_17034_,13.7µm
_20035_,13.7µm
_20225_,13.7µm
_06020_,13.69µm
_02004_,13.68µm
_05748_,13.68µm
_07584_,13.68µm
_07764_,13.68µm
_13185_,13.68µm
_14947_,13.68µm
_18850_,13.68µm
_19037_,13.68µm
_19262_,13.68µm
_20649_,13.68µm
_21537_,13.68µm
_07230_,13.675µm
_10954_,13.66µm
_13605_,13.66µm
_16278_,13.66µm
_21177_,13.655µm
_20136_,13.65µm
_03767_,13.64µm
_04212_,13.64µm
_04383_,13.64µm
_05502_,13.64µm
_06231_,13.64µm
_07158_,13.64µm
_08005_,13.64µm
_12606_,13.64µm
_12649_,13.64µm
_14474_,13.64µm
_14791_,13.64µm
_16867_,13.64µm
_17179_,13.64µm
_17276_,13.64µm
_18854_,13.64µm
_19960_,13.64µm
_21299_,13.64µm
clknet_leaf_469_clk,13.64µm
_04717_,13.63µm
_05425_,13.62µm
_06868_,13.62µm
_07185_,13.62µm
_07602_,13.62µm
_08397_,13.62µm
_09257_,13.62µm
_12141_,13.62µm
_16460_,13.62µm
_17791_,13.62µm
_18787_,13.62µm
_20490_,13.62µm
act_out\[0\]\[3\],13.62µm
_09683_,13.61µm
_07826_,13.605µm
_20175_,13.605µm
_03702_,13.6µm
_03770_,13.6µm
_04916_,13.6µm
_05044_,13.6µm
_10655_,13.6µm
_11870_,13.6µm
_15078_,13.6µm
_15638_,13.6µm
_17090_,13.6µm
_20718_,13.6µm
threads\[3\].register_instance.registers\[8\]\[15\],13.6µm
_07568_,13.58µm
_12538_,13.58µm
_13678_,13.58µm
_15093_,13.58µm
_12953_,13.57µm
_14079_,13.57µm
data_mem_write_data_flat[58],13.57µm
_13761_,13.565µm
_02950_,13.56µm
_03530_,13.56µm
_04742_,13.56µm
_05102_,13.56µm
_08670_,13.56µm
_09575_,13.56µm
_14396_,13.56µm
_16636_,13.56µm
_21337_,13.545µm
_02952_,13.54µm
_03078_,13.54µm
_06350_,13.54µm
_08335_,13.54µm
_14709_,13.54µm
_17104_,13.54µm
_17140_,13.54µm
_17994_,13.54µm
_05473_,13.52µm
_07428_,13.52µm
_09015_,13.52µm
_09822_,13.52µm
_14715_,13.52µm
_14746_,13.52µm
_20704_,13.52µm
_03536_,13.5µm
_05950_,13.5µm
_06163_,13.5µm
_07166_,13.5µm
_07216_,13.5µm
_07971_,13.5µm
_09507_,13.5µm
_11750_,13.5µm
_13538_,13.5µm
_14084_,13.5µm
_15147_,13.5µm
_17254_,13.5µm
_20233_,13.5µm
_20665_,13.5µm
_21488_,13.5µm
scheduler_instance.branch_diverge_inst.stack_reconverge\[0\]\[0\],13.5µm
_09551_,13.49µm
_03326_,13.48µm
_04782_,13.48µm
_07548_,13.48µm
_12381_,13.48µm
_12956_,13.48µm
_15686_,13.48µm
threads\[2\].register_instance.registers\[4\]\[11\],13.48µm
_16968_,13.475µm
_16517_,13.465µm
_02925_,13.46µm
_03213_,13.46µm
_05920_,13.46µm
_12682_,13.46µm
_15330_,13.46µm
_18560_,13.46µm
_19103_,13.46µm
_19326_,13.46µm
_19360_,13.46µm
_19546_,13.46µm
net1558,13.46µm
_00597_,13.445µm
_01551_,13.445µm
_02695_,13.445µm
_07656_,13.44µm
_10326_,13.44µm
_10595_,13.44µm
_13982_,13.44µm
scheduler_instance.branch_diverge_inst.stack_mask\[0\]\[1\],13.44µm
_01972_,13.435µm
threads\[0\].register_instance.registers\[9\]\[5\],13.43µm
threads\[3\].fma_instance.r3_weighted\[3\],13.43µm
_03248_,13.42µm
_07361_,13.42µm
_07934_,13.42µm
_08995_,13.42µm
_12294_,13.42µm
_14818_,13.42µm
_16832_,13.42µm
_20892_,13.42µm
_21460_,13.42µm
_21924_,13.42µm
net1492,13.42µm
scheduler_instance.branch_diverge_inst.stack_mask\[1\]\[1\],13.42µm
net1237,13.42µm
_01735_,13.4µm
_02435_,13.4µm
_02548_,13.4µm
_02915_,13.4µm
_05691_,13.4µm
_06557_,13.4µm
_12903_,13.4µm
_13961_,13.4µm
_14047_,13.4µm
_17032_,13.4µm
_19664_,13.4µm
_20663_,13.4µm
_05002_,13.39µm
_02544_,13.38µm
_02948_,13.38µm
_06110_,13.38µm
_08979_,13.38µm
_11227_,13.38µm
_11568_,13.38µm
_13847_,13.38µm
_17241_,13.38µm
_18399_,13.38µm
_21179_,13.38µm
fma_out\[2\]\[12\],13.38µm
_05683_,13.36µm
_07323_,13.36µm
_07343_,13.36µm
_07718_,13.36µm
_09364_,13.36µm
_14901_,13.36µm
_19956_,13.36µm
_16241_,13.355µm
_03904_,13.35µm
_10740_,13.345µm
_06053_,13.34µm
_06960_,13.34µm
_10005_,13.34µm
_11032_,13.34µm
_13461_,13.34µm
_14034_,13.34µm
_14037_,13.34µm
_20067_,13.34µm
_02936_,13.33µm
act_out\[0\]\[14\],13.33µm
_02987_,13.32µm
_04140_,13.32µm
_04812_,13.32µm
_05445_,13.32µm
_06105_,13.32µm
_07902_,13.32µm
_12523_,13.32µm
_18184_,13.32µm
alu_out\[0\]\[11\],13.315µm
_20440_,13.31µm
_05402_,13.3µm
_05422_,13.3µm
_06339_,13.3µm
_07872_,13.3µm
_08736_,13.3µm
_08956_,13.3µm
_09890_,13.3µm
_10073_,13.3µm
_12516_,13.3µm
_12992_,13.3µm
_14000_,13.3µm
_14825_,13.3µm
_15282_,13.3µm
_17568_,13.3µm
_21847_,13.3µm
_04472_,13.28µm
_07540_,13.28µm
_08017_,13.28µm
_15931_,13.28µm
_20647_,13.28µm
_05660_,13.27µm
_04752_,13.26µm
_05886_,13.26µm
_06966_,13.26µm
_10898_,13.26µm
_11247_,13.26µm
_12659_,13.26µm
_12966_,13.26µm
_18619_,13.26µm
_21278_,13.26µm
clknet_leaf_308_clk,13.26µm
_06088_,13.255µm
_19614_,13.255µm
_12854_,13.24µm
_19927_,13.24µm
_10989_,13.235µm
net1423,13.23µm
_07886_,13.22µm
_09078_,13.22µm
_10959_,13.22µm
_11149_,13.22µm
_12509_,13.22µm
_14123_,13.22µm
_15496_,13.22µm
_19105_,13.22µm
_20600_,13.22µm
_20643_,13.22µm
_18357_,13.205µm
_06383_,13.2µm
_06494_,13.2µm
_08237_,13.2µm
_10497_,13.2µm
_10527_,13.2µm
_14776_,13.2µm
_16196_,13.2µm
_16961_,13.2µm
_17476_,13.2µm
_03045_,13.18µm
_10019_,13.18µm
_10339_,13.18µm
_11839_,13.18µm
_12900_,13.18µm
_14994_,13.18µm
_15122_,13.18µm
_15428_,13.18µm
_18767_,13.18µm
_19448_,13.18µm
_20569_,13.18µm
_22105_,13.18µm
net1509,13.17µm
_02505_,13.16µm
_13241_,13.16µm
_13293_,13.16µm
_16742_,13.16µm
_19276_,13.16µm
_21978_,13.16µm
net1165,13.16µm
_06845_,13.15µm
_22022_,13.15µm
_01991_,13.145µm
_15052_,13.145µm
_03073_,13.14µm
_03674_,13.14µm
_03905_,13.14µm
_06089_,13.14µm
_09213_,13.14µm
_11571_,13.14µm
_11706_,13.14µm
_18296_,13.14µm
program_mem_read_address[4],13.13µm
_02168_,13.125µm
_02793_,13.12µm
_04720_,13.12µm
_10589_,13.12µm
_13422_,13.12µm
_13553_,13.12µm
_14616_,13.12µm
_16923_,13.12µm
_18984_,13.12µm
_19996_,13.12µm
_04175_,13.1µm
_04224_,13.1µm
_04838_,13.1µm
_09583_,13.1µm
_12009_,13.1µm
_12445_,13.1µm
_13051_,13.1µm
_14066_,13.1µm
_15743_,13.1µm
_15911_,13.1µm
_16534_,13.1µm
_16868_,13.1µm
_18198_,13.1µm
_19283_,13.1µm
_20816_,13.1µm
_21818_,13.1µm
net893,13.1µm
systolic_arrays\[0\].systolic_array_inst.g_row\[1\].g_col\[0\].pe.r3_prod_mant\[13\],13.1µm
systolic_arrays\[0\].systolic_array_inst.g_row\[1\].g_col\[1\].pe.r2_mantissa\[3\],13.09µm
net1292,13.09µm
_10187_,13.08µm
_11713_,13.08µm
_16704_,13.08µm
_17044_,13.08µm
_17249_,13.08µm
_18403_,13.08µm
_19688_,13.08µm
_19971_,13.08µm
_14471_,13.07µm
_21951_,13.07µm
_02493_,13.06µm
_03247_,13.06µm
_03663_,13.06µm
_05153_,13.06µm
_06510_,13.06µm
_09280_,13.06µm
_09856_,13.06µm
_12720_,13.06µm
_15252_,13.06µm
_16708_,13.06µm
_18726_,13.06µm
_20306_,13.06µm
_21154_,13.06µm
_21795_,13.06µm
_10231_,13.055µm
_06388_,13.04µm
_10596_,13.04µm
_12843_,13.04µm
_15207_,13.04µm
_17302_,13.04µm
_18915_,13.04µm
_19582_,13.04µm
_20526_,13.04µm
_12247_,13.025µm
_02522_,13.02µm
_03792_,13.02µm
_05309_,13.02µm
_11792_,13.02µm
_11810_,13.02µm
_19826_,13.02µm
_20560_,13.02µm
_00684_,13.015µm
_03313_,13µm
_03615_,13µm
_04366_,13µm
_06060_,13µm
_06850_,13µm
_09748_,13µm
_09757_,13µm
_10627_,13µm
_11899_,13µm
_15615_,13µm
_15646_,13µm
_16224_,13µm
_16951_,13µm
_17423_,13µm
_18724_,13µm
_20020_,13µm
_20637_,13µm
_14325_,12.99µm
_16657_,12.99µm
_03129_,12.985µm
_04025_,12.98µm
_04697_,12.98µm
_05161_,12.98µm
_10060_,12.98µm
_14504_,12.98µm
_15231_,12.98µm
net1315,12.98µm
_20787_,12.97µm
_02907_,12.96µm
_04338_,12.96µm
_04946_,12.96µm
_06036_,12.96µm
_06109_,12.96µm
_08385_,12.96µm
_09100_,12.96µm
_09414_,12.96µm
_09659_,12.96µm
_10902_,12.96µm
_11138_,12.96µm
_11173_,12.96µm
_13081_,12.96µm
_13636_,12.96µm
_18478_,12.96µm
_20548_,12.96µm
_21166_,12.96µm
_21501_,12.96µm
_07252_,12.95µm
threads\[3\].register_instance.registers\[8\]\[12\],12.95µm
_16206_,12.945µm
_04200_,12.94µm
_05688_,12.94µm
_06435_,12.94µm
_10679_,12.94µm
_11420_,12.94µm
_12721_,12.94µm
_19542_,12.94µm
_21760_,12.94µm
_04840_,12.935µm
_02500_,12.93µm
_14283_,12.93µm
_18766_,12.93µm
_00490_,12.925µm
_01314_,12.925µm
_05762_,12.92µm
_06580_,12.92µm
_10182_,12.92µm
_10388_,12.92µm
_10859_,12.92µm
_13079_,12.92µm
_17467_,12.92µm
_19078_,12.92µm
_20784_,12.92µm
_01073_,12.915µm
_06570_,12.91µm
_11150_,12.91µm
_15274_,12.91µm
_21289_,12.91µm
_03588_,12.9µm
_03736_,12.9µm
_04121_,12.9µm
_07286_,12.9µm
_08514_,12.9µm
_11724_,12.9µm
_12881_,12.9µm
_13968_,12.9µm
_15398_,12.9µm
_16207_,12.895µm
_00471_,12.885µm
_00504_,12.885µm
_01268_,12.885µm
_04346_,12.88µm
_05659_,12.88µm
_07398_,12.88µm
_08202_,12.88µm
_10014_,12.88µm
_11553_,12.88µm
_11689_,12.88µm
_12106_,12.88µm
_19064_,12.88µm
_20487_,12.88µm
active_mask\[2\],12.88µm
_03854_,12.875µm
_03208_,12.87µm
_01071_,12.865µm
_07267_,12.86µm
_07344_,12.86µm
_19811_,12.86µm
_02531_,12.85µm
_00199_,12.84µm
_01979_,12.84µm
_02824_,12.84µm
_05432_,12.84µm
_07170_,12.84µm
_07330_,12.84µm
_09105_,12.84µm
_11160_,12.84µm
_13839_,12.84µm
_19209_,12.84µm
_19497_,12.84µm
_20078_,12.84µm
_22060_,12.84µm
_02108_,12.835µm
_07049_,12.82µm
_18526_,12.82µm
_20169_,12.82µm
_00383_,12.8µm
_03337_,12.8µm
_03479_,12.8µm
_04157_,12.8µm
_06186_,12.8µm
_07684_,12.8µm
_10903_,12.8µm
_11406_,12.8µm
_15214_,12.8µm
_17625_,12.8µm
_18648_,12.8µm
_21237_,12.8µm
_21752_,12.8µm
act_out\[2\]\[12\],12.79µm
_10248_,12.78µm
_13840_,12.78µm
_20127_,12.78µm
_12642_,12.77µm
_04914_,12.76µm
_05381_,12.76µm
_05385_,12.76µm
_06439_,12.76µm
_06876_,12.76µm
_10426_,12.76µm
_11949_,12.76µm
_13416_,12.76µm
_18131_,12.76µm
_18943_,12.76µm
_21962_,12.76µm
net428,12.76µm
net1551,12.76µm
net1285,12.75µm
net1290,12.75µm
data_mem_write_address_flat[60],12.75µm
data_mem_write_data_flat[57],12.75µm
_08047_,12.74µm
_09410_,12.74µm
_13916_,12.74µm
_14278_,12.74µm
_16203_,12.74µm
_03628_,12.73µm
_05285_,12.73µm
_08762_,12.73µm
_02900_,12.72µm
_03288_,12.72µm
_05300_,12.72µm
_05438_,12.72µm
_05964_,12.72µm
_07618_,12.72µm
_08692_,12.72µm
_10525_,12.72µm
_10872_,12.72µm
_12253_,12.72µm
_14978_,12.72µm
_20722_,12.72µm
_21030_,12.72µm
net1431,12.72µm
systolic_arrays\[1\].systolic_array_inst.a_wire\[0\]\[15\],12.72µm
threads\[3\].pc_instance.nzp\[2\],12.72µm
_00779_,12.715µm
_10855_,12.71µm
_02712_,12.7µm
_04518_,12.7µm
_04600_,12.7µm
_05138_,12.7µm
_06448_,12.7µm
_07099_,12.7µm
_09503_,12.7µm
_14615_,12.7µm
_16615_,12.7µm
_18668_,12.7µm
_19808_,12.7µm
_04976_,12.695µm
_21375_,12.695µm
_06049_,12.69µm
_11096_,12.69µm
_00177_,12.685µm
_02497_,12.68µm
_03163_,12.68µm
_03165_,12.68µm
_03171_,12.68µm
_05941_,12.68µm
_12411_,12.68µm
_12417_,12.68µm
_13049_,12.68µm
_13676_,12.68µm
_15592_,12.68µm
_19446_,12.68µm
_21444_,12.68µm
_10682_,12.67µm
_21942_,12.67µm
_08795_,12.665µm
_04719_,12.66µm
_14043_,12.66µm
_15754_,12.66µm
_20104_,12.66µm
_03763_,12.64µm
_03964_,12.64µm
_11890_,12.64µm
_12097_,12.64µm
_13751_,12.64µm
_13945_,12.64µm
_14793_,12.64µm
_16121_,12.64µm
_20845_,12.64µm
_21159_,12.64µm
_12612_,12.635µm
threads\[0\].register_instance.registers\[10\]\[11\],12.635µm
_03053_,12.62µm
_03216_,12.62µm
_03319_,12.62µm
_04255_,12.62µm
_05178_,12.62µm
_07151_,12.62µm
_07983_,12.62µm
_09238_,12.62µm
_09696_,12.62µm
_10162_,12.62µm
_12344_,12.62µm
_13256_,12.62µm
_13962_,12.62µm
_15961_,12.62µm
_16785_,12.62µm
_21075_,12.62µm
_21625_,12.62µm
scheduler_instance.branch_diverge_inst.stack_target_pc\[0\]\[1\],12.62µm
_01135_,12.615µm
_08298_,12.615µm
_17363_,12.615µm
_02705_,12.6µm
_02843_,12.6µm
_04853_,12.6µm
_06003_,12.6µm
_06710_,12.6µm
_07444_,12.6µm
_11612_,12.6µm
_12708_,12.6µm
_12939_,12.6µm
_15770_,12.6µm
_21845_,12.6µm
_21914_,12.6µm
_02129_,12.59µm
_02871_,12.58µm
_03806_,12.58µm
_06472_,12.58µm
_07290_,12.58µm
_08337_,12.58µm
_08685_,12.58µm
_08804_,12.58µm
_08910_,12.58µm
_11342_,12.58µm
_12638_,12.58µm
_16703_,12.58µm
net1730,12.58µm
_16662_,12.575µm
_03315_,12.57µm
_06848_,12.57µm
_04718_,12.56µm
_07244_,12.56µm
_07496_,12.56µm
_07658_,12.56µm
_11599_,12.56µm
_12346_,12.56µm
_13133_,12.56µm
_13507_,12.56µm
_13783_,12.56µm
_16607_,12.56µm
_17360_,12.555µm
net1288,12.55µm
_04834_,12.54µm
_06480_,12.54µm
_07020_,12.54µm
_07822_,12.54µm
_09637_,12.54µm
_11339_,12.54µm
_12855_,12.54µm
_15452_,12.54µm
_21259_,12.54µm
_13495_,12.53µm
_06006_,12.525µm
_02369_,12.52µm
_02937_,12.52µm
_08963_,12.52µm
_16135_,12.52µm
_20294_,12.52µm
_20801_,12.52µm
_07162_,12.51µm
_01595_,12.505µm
_02718_,12.5µm
_08421_,12.5µm
_08796_,12.5µm
_09486_,12.5µm
_09975_,12.5µm
_10046_,12.5µm
_11353_,12.5µm
_12144_,12.5µm
_12539_,12.5µm
_13117_,12.5µm
_14466_,12.5µm
_15534_,12.5µm
_16745_,12.5µm
_18329_,12.5µm
_18484_,12.5µm
_22073_,12.5µm
_02527_,12.48µm
_03754_,12.48µm
_06389_,12.48µm
_16789_,12.48µm
_17234_,12.48µm
_18250_,12.48µm
_18998_,12.48µm
_20908_,12.48µm
_04136_,12.47µm
_05548_,12.47µm
_09649_,12.47µm
_20031_,12.47µm
_04217_,12.46µm
_06213_,12.46µm
_07025_,12.46µm
_07360_,12.46µm
_08102_,12.46µm
_09067_,12.46µm
_09520_,12.46µm
_10800_,12.46µm
_19523_,12.46µm
_20580_,12.46µm
_02244_,12.44µm
_05356_,12.44µm
_07873_,12.44µm
_09011_,12.44µm
_13276_,12.44µm
_16019_,12.44µm
_19098_,12.44µm
systolic_arrays\[0\].systolic_array_inst.g_row\[1\].g_col\[0\].pe.r3_prod_mant\[12\],12.44µm
_02943_,12.43µm
_12121_,12.43µm
_17440_,12.43µm
_19986_,12.43µm
_02039_,12.425µm
_00615_,12.42µm
_06184_,12.42µm
_09718_,12.42µm
_13111_,12.42µm
_13946_,12.42µm
_16743_,12.42µm
_19991_,12.42µm
_20338_,12.42µm
_20607_,12.42µm
_20627_,12.42µm
_20980_,12.42µm
_21911_,12.42µm
systolic_arrays\[1\].systolic_array_inst.g_row\[0\].g_col\[0\].pe.r2_mantissa\[4\],12.415µm
_05365_,12.41µm
act_out\[3\]\[3\],12.41µm
_11454_,12.4µm
_13918_,12.4µm
_14361_,12.4µm
_13432_,12.39µm
_22084_,12.385µm
_02448_,12.38µm
_02861_,12.38µm
_03772_,12.38µm
_04327_,12.38µm
_06358_,12.38µm
_07328_,12.38µm
_07752_,12.38µm
_10059_,12.38µm
_10737_,12.38µm
_11211_,12.38µm
_12331_,12.38µm
_12510_,12.38µm
_13469_,12.38µm
_13639_,12.38µm
_15371_,12.38µm
_15476_,12.38µm
_21398_,12.38µm
_21642_,12.38µm
_21682_,12.38µm
_21720_,12.38µm
_01910_,12.375µm
_01793_,12.365µm
_04888_,12.36µm
_07725_,12.36µm
_09397_,12.36µm
_11522_,12.36µm
_13657_,12.36µm
_14423_,12.36µm
_15951_,12.36µm
scheduler_instance.branch_diverge_inst.stack_mask\[0\]\[2\],12.36µm
net1585,12.36µm
net1263,12.35µm
_02351_,12.34µm
_04177_,12.34µm
_04681_,12.34µm
_05986_,12.34µm
_06989_,12.34µm
_07178_,12.34µm
_07916_,12.34µm
_08015_,12.34µm
_09922_,12.34µm
_11583_,12.34µm
_13279_,12.34µm
_13956_,12.34µm
_14739_,12.34µm
_15480_,12.34µm
_15509_,12.34µm
_18947_,12.34µm
_20350_,12.34µm
_20361_,12.34µm
fma_out\[0\]\[8\],12.34µm
clknet_leaf_562_clk,12.34µm
_01828_,12.335µm
_18942_,12.33µm
_01327_,12.325µm
_05823_,12.32µm
_11249_,12.32µm
_11992_,12.32µm
_12517_,12.32µm
_15234_,12.32µm
_20202_,12.32µm
_20213_,12.32µm
_18579_,12.315µm
_21137_,12.315µm
_01609_,12.305µm
_03924_,12.3µm
_05831_,12.3µm
_08184_,12.3µm
_11075_,12.3µm
_11637_,12.3µm
_13369_,12.3µm
_13542_,12.3µm
_13566_,12.3µm
_13975_,12.3µm
_15633_,12.3µm
_16349_,12.3µm
_17024_,12.3µm
_17383_,12.3µm
_18123_,12.3µm
_18920_,12.3µm
_18973_,12.3µm
_21927_,12.3µm
_20335_,12.29µm
_20557_,12.29µm
_06083_,12.28µm
_08481_,12.28µm
_09996_,12.28µm
_10344_,12.28µm
_10550_,12.28µm
_15539_,12.28µm
_15679_,12.28µm
_16295_,12.28µm
_16855_,12.28µm
_11358_,12.27µm
_04034_,12.26µm
_11499_,12.26µm
_13132_,12.26µm
_13932_,12.26µm
_14324_,12.26µm
_15643_,12.26µm
_15681_,12.26µm
_18566_,12.26µm
_20055_,12.26µm
net1541,12.26µm
_02163_,12.25µm
_06104_,12.25µm
_09128_,12.25µm
_02802_,12.24µm
_04185_,12.24µm
_04842_,12.24µm
_05079_,12.24µm
_05557_,12.24µm
_07910_,12.24µm
_08572_,12.24µm
_08879_,12.24µm
_09298_,12.24µm
_13964_,12.24µm
_14603_,12.24µm
_14629_,12.24µm
_15559_,12.24µm
_16971_,12.24µm
_19251_,12.24µm
_19871_,12.24µm
_21503_,12.24µm
_21864_,12.24µm
_00343_,12.235µm
_12471_,12.235µm
_03662_,12.23µm
_17087_,12.23µm
net1502,12.23µm
_02945_,12.22µm
_04323_,12.22µm
_04726_,12.22µm
_04800_,12.22µm
_06808_,12.22µm
_07558_,12.22µm
_10402_,12.22µm
_10988_,12.22µm
_14995_,12.22µm
_15514_,12.22µm
_18672_,12.22µm
_21358_,12.22µm
_21388_,12.22µm
_15956_,12.215µm
_17183_,12.215µm
net1284,12.21µm
net1286,12.21µm
_05460_,12.2µm
_05549_,12.2µm
_06242_,12.2µm
_11575_,12.2µm
_13204_,12.2µm
_13355_,12.2µm
_18647_,12.2µm
_14775_,12.195µm
_17354_,12.195µm
scheduler_instance.branch_diverge_inst.next_pc\[3\],12.19µm
_06038_,12.18µm
_06138_,12.18µm
_13848_,12.18µm
_18708_,12.18µm
_20589_,12.18µm
_20673_,12.18µm
net1538,12.18µm
_12004_,12.175µm
_04817_,12.17µm
_01487_,12.165µm
_02825_,12.16µm
_10103_,12.16µm
_14526_,12.16µm
_18190_,12.16µm
_18483_,12.16µm
_21738_,12.16µm
net1183,12.16µm
_08834_,12.15µm
_02368_,12.14µm
_02376_,12.14µm
_04086_,12.14µm
_04268_,12.14µm
_05576_,12.14µm
_06429_,12.14µm
_09461_,12.14µm
_09783_,12.14µm
_12147_,12.14µm
_12778_,12.14µm
_12870_,12.14µm
_12889_,12.14µm
_15379_,12.14µm
_18545_,12.14µm
_18597_,12.14µm
net1300,12.14µm
_13426_,12.13µm
_02977_,12.12µm
_03545_,12.12µm
_03638_,12.12µm
_05012_,12.12µm
_06678_,12.12µm
_07534_,12.12µm
_09079_,12.12µm
_09857_,12.12µm
_11363_,12.12µm
_12461_,12.12µm
_13447_,12.12µm
_15057_,12.12µm
_18640_,12.12µm
_20461_,12.12µm
_21204_,12.12µm
_21928_,12.12µm
clknet_leaf_194_clk,12.12µm
_19358_,12.11µm
_18679_,12.105µm
_02140_,12.1µm
_02569_,12.1µm
_03933_,12.1µm
_04100_,12.1µm
_05529_,12.1µm
_05628_,12.1µm
_10080_,12.1µm
_11627_,12.1µm
_11777_,12.1µm
_12989_,12.1µm
_20242_,12.1µm
_20596_,12.1µm
_20686_,12.1µm
_20847_,12.1µm
_11675_,12.09µm
_00979_,12.085µm
_01812_,12.085µm
_14720_,12.085µm
_03778_,12.08µm
_08294_,12.08µm
_08909_,12.08µm
_11156_,12.08µm
_13287_,12.08µm
_15609_,12.08µm
_15720_,12.08µm
_16978_,12.08µm
_19466_,12.08µm
_20913_,12.08µm
_15106_,12.075µm
_08126_,12.065µm
_20041_,12.065µm
_03110_,12.06µm
_08768_,12.06µm
_15544_,12.06µm
_17316_,12.06µm
_19964_,12.06µm
program_mem_read_ready,12.05µm
_15741_,12.045µm
_15918_,12.045µm
_17018_,12.045µm
_02811_,12.04µm
_02851_,12.04µm
_03387_,12.04µm
_04544_,12.04µm
_06809_,12.04µm
_06871_,12.04µm
_06946_,12.04µm
_10278_,12.04µm
_11066_,12.04µm
_14042_,12.04µm
_14048_,12.04µm
_19513_,12.04µm
_20800_,12.04µm
_21128_,12.04µm
_21279_,12.04µm
_21528_,12.04µm
net1352,12.04µm
fma_out\[1\]\[13\],12.04µm
_11276_,12.03µm
_03141_,12.02µm
_05498_,12.02µm
_05934_,12.02µm
_06170_,12.02µm
_07142_,12.02µm
_10145_,12.02µm
_14049_,12.02µm
_17248_,12.02µm
_18563_,12.02µm
_21624_,12.02µm
_21991_,12.02µm
_12925_,12.01µm
_03718_,12µm
_05123_,12µm
_05916_,12µm
_06288_,12µm
_07011_,12µm
_07662_,12µm
_07847_,12µm
_08666_,12µm
_12108_,12µm
_12948_,12µm
_13456_,12µm
_14036_,12µm
_15262_,12µm
_15345_,12µm
_15399_,12µm
_20624_,12µm
_20954_,12µm
_21141_,12µm
_21733_,12µm
_03435_,11.98µm
_04250_,11.98µm
_05560_,11.98µm
_05777_,11.98µm
_06063_,11.98µm
_09123_,11.98µm
_10068_,11.98µm
_10880_,11.98µm
_15105_,11.98µm
_16185_,11.98µm
_02512_,11.975µm
_13767_,11.97µm
_01312_,11.96µm
_03947_,11.96µm
_06050_,11.96µm
_06478_,11.96µm
_07793_,11.96µm
_08579_,11.96µm
_10121_,11.96µm
_12884_,11.96µm
_13700_,11.96µm
_15077_,11.96µm
_16092_,11.96µm
_19591_,11.96µm
_19795_,11.96µm
_19849_,11.96µm
clknet_leaf_84_clk,11.96µm
data_mem_read_data_flat[52],11.95µm
_00486_,11.945µm
_00669_,11.94µm
_03349_,11.94µm
_06381_,11.94µm
_06638_,11.94µm
_08036_,11.94µm
_20639_,11.935µm
_21709_,11.935µm
fma_out\[2\]\[5\],11.935µm
_02924_,11.92µm
_03272_,11.92µm
_03759_,11.92µm
_04479_,11.92µm
_05022_,11.92µm
_05330_,11.92µm
_05426_,11.92µm
_06018_,11.92µm
_09396_,11.92µm
_09665_,11.92µm
_10389_,11.92µm
_10622_,11.92µm
_11602_,11.92µm
_12368_,11.92µm
_13102_,11.92µm
_13457_,11.92µm
_13812_,11.92µm
_15315_,11.92µm
_15995_,11.92µm
_18853_,11.92µm
_19938_,11.92µm
_19973_,11.92µm
_21073_,11.91µm
_01638_,11.9µm
_07113_,11.9µm
_09869_,11.9µm
_20327_,11.9µm
threads\[0\].lsu_instance.mem_read_valid,11.9µm
threads\[1\].register_instance.registers\[5\]\[11\],11.9µm
_16436_,11.895µm
_07681_,11.885µm
_02640_,11.88µm
_03974_,11.88µm
_04713_,11.88µm
_05366_,11.88µm
_05930_,11.88µm
_07024_,11.88µm
_09560_,11.88µm
_13565_,11.88µm
_14507_,11.88µm
_19460_,11.88µm
_19606_,11.88µm
_20412_,11.88µm
_20615_,11.88µm
_20938_,11.88µm
_21230_,11.88µm
_22098_,11.88µm
fma_out\[0\]\[12\],11.88µm
scheduler_instance.branch_diverge_inst.stack_target_pc\[1\]\[0\],11.88µm
_15475_,11.875µm
net1413,11.87µm
_00106_,11.865µm
_01371_,11.865µm
_08549_,11.86µm
_10444_,11.86µm
_12637_,11.86µm
_18940_,11.86µm
net377,11.86µm
_04308_,11.855µm
_02364_,11.85µm
_03244_,11.84µm
_05034_,11.84µm
_06055_,11.84µm
_06777_,11.84µm
_07163_,11.84µm
_09585_,11.84µm
_10241_,11.84µm
_10714_,11.84µm
_10948_,11.84µm
_11024_,11.84µm
_11225_,11.84µm
_13266_,11.84µm
_18288_,11.84µm
_20642_,11.84µm
net1161,11.84µm
_14756_,11.835µm
_04499_,11.83µm
instruction_for_decode[15],11.83µm
_00352_,11.82µm
_01160_,11.82µm
_01724_,11.82µm
_04515_,11.82µm
_07468_,11.82µm
_08028_,11.82µm
_11126_,11.82µm
_15019_,11.82µm
_15239_,11.82µm
_20613_,11.82µm
_21535_,11.82µm
systolic_arrays\[1\].systolic_array_inst.a_reg\[20\],11.82µm
systolic_arrays\[1\].systolic_array_inst.g_row\[1\].g_col\[1\].pe.r3_prod_mant\[5\],11.82µm
threads\[2\].fma_instance.r3_weighted\[4\],11.82µm
_14798_,11.81µm
_03048_,11.8µm
_03676_,11.8µm
_03994_,11.8µm
_05776_,11.8µm
_11293_,11.8µm
_13286_,11.8µm
_17192_,11.8µm
_21254_,11.8µm
_00338_,11.79µm
_19868_,11.79µm
_02895_,11.78µm
_04952_,11.78µm
_05124_,11.78µm
_05821_,11.78µm
_06276_,11.78µm
_08940_,11.78µm
_10136_,11.78µm
_10995_,11.78µm
_13084_,11.78µm
_13979_,11.78µm
_17267_,11.78µm
_19246_,11.78µm
_21520_,11.78µm
scheduler_instance.branch_diverge_inst.stack_target_pc\[1\]\[8\],11.78µm
_00156_,11.765µm
_02561_,11.76µm
_02792_,11.76µm
_03695_,11.76µm
_05115_,11.76µm
_05563_,11.76µm
_07203_,11.76µm
_08006_,11.76µm
_08651_,11.76µm
_09320_,11.76µm
_09565_,11.76µm
_09616_,11.76µm
_09620_,11.76µm
_09769_,11.76µm
_10893_,11.76µm
_12090_,11.76µm
_12143_,11.76µm
_12853_,11.76µm
_14723_,11.76µm
_15382_,11.76µm
_16873_,11.76µm
_18369_,11.76µm
_20063_,11.76µm
_20890_,11.76µm
_21406_,11.76µm
_21409_,11.76µm
_07238_,11.75µm
_00054_,11.74µm
_04749_,11.74µm
_08548_,11.74µm
_08911_,11.74µm
_10498_,11.74µm
_11131_,11.74µm
_12514_,11.74µm
_19058_,11.74µm
_20320_,11.74µm
_21940_,11.74µm
_02350_,11.72µm
_02840_,11.72µm
_06780_,11.72µm
_09243_,11.72µm
_09446_,11.72µm
_10362_,11.72µm
_10531_,11.72µm
_10834_,11.72µm
_14968_,11.72µm
_16495_,11.72µm
_19668_,11.72µm
_20374_,11.72µm
_20575_,11.72µm
_20583_,11.72µm
_21844_,11.72µm
_04237_,11.71µm
scheduler_instance.branch_diverge_inst.next_pc\[1\],11.71µm
_04103_,11.7µm
_05530_,11.7µm
_06241_,11.7µm
_06559_,11.7µm
_07688_,11.7µm
_11274_,11.7µm
_11604_,11.7µm
_12467_,11.7µm
_16548_,11.7µm
_16901_,11.7µm
_17597_,11.7µm
_22016_,11.7µm
_07092_,11.685µm
_02981_,11.68µm
_06176_,11.68µm
_06611_,11.68µm
_07723_,11.68µm
_08009_,11.68µm
_09145_,11.68µm
_10755_,11.68µm
_11064_,11.68µm
_12886_,11.68µm
_13418_,11.68µm
_15693_,11.68µm
_18770_,11.68µm
_20087_,11.68µm
_20602_,11.68µm
_21147_,11.68µm
net1120,11.68µm
_17685_,11.67µm
_00233_,11.665µm
_01631_,11.665µm
_01898_,11.665µm
_04417_,11.665µm
_07796_,11.665µm
_02324_,11.66µm
_03455_,11.66µm
_04514_,11.66µm
_04805_,11.66µm
_05874_,11.66µm
_07127_,11.66µm
_09035_,11.66µm
_10788_,11.66µm
_11722_,11.66µm
_11787_,11.66µm
_11832_,11.66µm
_12765_,11.66µm
_13066_,11.66µm
_13438_,11.66µm
_16116_,11.66µm
net405,11.66µm
_00487_,11.655µm
_05062_,11.655µm
_21821_,11.655µm
_18873_,11.65µm
_03546_,11.64µm
_04836_,11.64µm
_07855_,11.64µm
_08135_,11.64µm
_08886_,11.64µm
_09340_,11.64µm
_11201_,11.64µm
_11275_,11.64µm
_12828_,11.64µm
_14277_,11.64µm
_14911_,11.64µm
_20463_,11.64µm
systolic_arrays\[0\].systolic_array_inst.a_reg\[25\],11.64µm
_15053_,11.635µm
_19061_,11.635µm
_05681_,11.63µm
_02139_,11.62µm
_04342_,11.62µm
_05368_,11.62µm
_07937_,11.62µm
_08173_,11.62µm
_08239_,11.62µm
_08838_,11.62µm
_10076_,11.62µm
_10987_,11.62µm
_13174_,11.62µm
_17603_,11.62µm
_17723_,11.62µm
_20952_,11.62µm
systolic_arrays\[0\].systolic_array_inst.b_wire\[2\]\[3\],11.62µm
_20160_,11.61µm
_21912_,11.61µm
data_mem_read_data_flat[53],11.61µm
_05658_,11.6µm
_07172_,11.6µm
_07438_,11.6µm
_13445_,11.6µm
clknet_leaf_405_clk,11.6µm
_09923_,11.585µm
_17067_,11.585µm
_02863_,11.58µm
_04790_,11.58µm
_05239_,11.58µm
_05361_,11.58µm
_05490_,11.58µm
_08852_,11.58µm
_10155_,11.58µm
_11468_,11.58µm
_13245_,11.58µm
_13656_,11.58µm
_14563_,11.58µm
_14592_,11.58µm
_14610_,11.58µm
_15009_,11.58µm
_18140_,11.58µm
_18413_,11.58µm
_18789_,11.58µm
_19300_,11.58µm
_20048_,11.58µm
_20651_,11.58µm
net1121,11.58µm
net1167,11.58µm
_14873_,11.57µm
_18232_,11.565µm
_02385_,11.56µm
_02633_,11.56µm
_04642_,11.56µm
_05741_,11.56µm
_09835_,11.56µm
_09928_,11.56µm
_14937_,11.56µm
net907,11.56µm
_13763_,11.55µm
_21967_,11.55µm
net1491,11.55µm
data_mem_read_data_flat[54],11.55µm
_01603_,11.545µm
_01846_,11.54µm
_02431_,11.54µm
_03658_,11.54µm
_05168_,11.54µm
_07889_,11.54µm
_08450_,11.54µm
_08554_,11.54µm
_08621_,11.54µm
_10109_,11.54µm
_10372_,11.54µm
_11324_,11.54µm
_12118_,11.54µm
_13741_,11.54µm
_14038_,11.54µm
_14993_,11.54µm
_18776_,11.54µm
_20664_,11.54µm
_20907_,11.54µm
_21178_,11.54µm
_21408_,11.54µm
net397,11.54µm
_21646_,11.53µm
_03539_,11.52µm
_05946_,11.52µm
_14868_,11.52µm
_04213_,11.51µm
_02374_,11.5µm
_03716_,11.5µm
_05104_,11.5µm
_06947_,11.5µm
_11651_,11.5µm
_12874_,11.5µm
_13020_,11.5µm
_13324_,11.5µm
_13375_,11.5µm
_18929_,11.5µm
_20244_,11.5µm
systolic_arrays\[0\].systolic_array_inst.g_row\[1\].g_col\[1\].pe.r2_mantissa\[1\],11.5µm
_06145_,11.49µm
_08724_,11.49µm
_10914_,11.49µm
fma_out\[0\]\[15\],11.485µm
_00698_,11.48µm
_03241_,11.48µm
_03785_,11.48µm
_03846_,11.48µm
_04321_,11.48µm
_19161_,11.48µm
_12883_,11.47µm
_01597_,11.465µm
_07326_,11.465µm
_02309_,11.46µm
_03061_,11.46µm
_05354_,11.46µm
_06737_,11.46µm
_07897_,11.46µm
_11323_,11.46µm
_12013_,11.46µm
_12914_,11.46µm
_13224_,11.46µm
_13901_,11.46µm
_14228_,11.46µm
_15432_,11.46µm
_15438_,11.46µm
_19294_,11.46µm
_21809_,11.46µm
_14383_,11.455µm
_07129_,11.45µm
_01952_,11.445µm
_03847_,11.44µm
_04661_,11.44µm
_07057_,11.44µm
_13136_,11.44µm
_17064_,11.44µm
_17236_,11.44µm
_06719_,11.43µm
_09120_,11.43µm
_01598_,11.425µm
_21958_,11.425µm
_03250_,11.42µm
_04535_,11.42µm
_04793_,11.42µm
_06028_,11.42µm
_07797_,11.42µm
_09315_,11.42µm
_09554_,11.42µm
_14920_,11.42µm
_15032_,11.42µm
_17773_,11.42µm
_18843_,11.42µm
_19054_,11.42µm
_20670_,11.42µm
_21144_,11.42µm
_21176_,11.42µm
_21507_,11.42µm
net1433,11.42µm
fma_out\[0\]\[9\],11.42µm
_00628_,11.415µm
_06030_,11.4µm
_11485_,11.4µm
_13458_,11.4µm
_14982_,11.4µm
_15069_,11.4µm
_10542_,11.39µm
net1282,11.39µm
data_mem_write_data_flat[59],11.39µm
data_mem_write_data_flat[60],11.39µm
data_mem_write_data_flat[62],11.39µm
_07859_,11.385µm
_02760_,11.38µm
_04050_,11.38µm
_05348_,11.38µm
_05451_,11.38µm
_05752_,11.38µm
_05810_,11.38µm
_06827_,11.38µm
_07775_,11.38µm
_11720_,11.38µm
_12629_,11.38µm
_12801_,11.38µm
_13479_,11.38µm
_14126_,11.38µm
_14477_,11.38µm
_18476_,11.38µm
_19280_,11.38µm
_19569_,11.38µm
_21323_,11.38µm
_22055_,11.38µm
_01254_,11.365µm
_00116_,11.36µm
_07364_,11.36µm
_09195_,11.36µm
_09234_,11.36µm
_11036_,11.36µm
_12181_,11.36µm
_13340_,11.36µm
_15895_,11.36µm
_19568_,11.36µm
_03907_,11.35µm
_07641_,11.35µm
_03065_,11.34µm
_04785_,11.34µm
_05053_,11.34µm
_06618_,11.34µm
_07844_,11.34µm
_08415_,11.34µm
_10836_,11.34µm
_11681_,11.34µm
_12139_,11.34µm
_12944_,11.34µm
_15190_,11.34µm
_15349_,11.34µm
_17095_,11.34µm
_19284_,11.34µm
_19293_,11.34µm
_20740_,11.34µm
_21711_,11.34µm
systolic_arrays\[1\].systolic_array_inst.b_wire\[2\]\[1\],11.34µm
_19806_,11.335µm
_00738_,11.325µm
_08387_,11.325µm
_03468_,11.32µm
_06504_,11.32µm
_07993_,11.32µm
_09834_,11.32µm
_10131_,11.32µm
_10158_,11.32µm
_14933_,11.32µm
_15243_,11.32µm
_15540_,11.32µm
_19062_,11.32µm
_19755_,11.32µm
_20351_,11.32µm
_21938_,11.32µm
systolic_compute_drain\[3\],11.32µm
_06440_,11.31µm
_21234_,11.31µm
_21679_,11.31µm
_02420_,11.3µm
_02498_,11.3µm
_03169_,11.3µm
_03408_,11.3µm
_04079_,11.3µm
_04787_,11.3µm
_07002_,11.3µm
_08764_,11.3µm
_10067_,11.3µm
_11493_,11.3µm
_12174_,11.3µm
_14385_,11.3µm
_15752_,11.3µm
_15825_,11.3µm
_16660_,11.3µm
_16870_,11.3µm
_19589_,11.3µm
_20032_,11.3µm
_20053_,11.3µm
_20599_,11.3µm
_21952_,11.3µm
systolic_arrays\[0\].systolic_array_inst.g_row\[1\].g_col\[0\].pe.r3_prod_mant\[5\],11.29µm
_04906_,11.28µm
_07882_,11.28µm
_10212_,11.28µm
_11772_,11.28µm
_11836_,11.28µm
_12134_,11.28µm
_13999_,11.28µm
_18605_,11.28µm
_09399_,11.27µm
_17999_,11.27µm
_03051_,11.26µm
_03166_,11.26µm
_07586_,11.26µm
_09092_,11.26µm
_13367_,11.26µm
_13609_,11.26µm
_14070_,11.26µm
_16801_,11.26µm
_10958_,11.25µm
_18750_,11.25µm
_02042_,11.24µm
_03081_,11.24µm
_03091_,11.24µm
_04306_,11.24µm
_04575_,11.24µm
_04607_,11.24µm
_06108_,11.24µm
_08291_,11.24µm
_11621_,11.24µm
_11774_,11.24µm
_12069_,11.24µm
_12299_,11.24µm
_14945_,11.24µm
_16825_,11.24µm
_16856_,11.24µm
_17117_,11.24µm
_21643_,11.24µm
_21771_,11.24µm
_03009_,11.23µm
_04792_,11.23µm
_10456_,11.23µm
_00137_,11.225µm
_01873_,11.225µm
_05284_,11.22µm
_05924_,11.22µm
_06455_,11.22µm
_07223_,11.22µm
_07707_,11.22µm
_15137_,11.22µm
_15665_,11.22µm
_22104_,11.22µm
_00297_,11.215µm
_10729_,11.215µm
_16888_,11.215µm
_20691_,11.21µm
_00713_,11.205µm
_02877_,11.2µm
_03525_,11.2µm
_03861_,11.2µm
_04376_,11.2µm
_04927_,11.2µm
_05021_,11.2µm
_05213_,11.2µm
_05364_,11.2µm
_07511_,11.2µm
_08213_,11.2µm
_08382_,11.2µm
_09402_,11.2µm
_09578_,11.2µm
_10981_,11.2µm
_12159_,11.2µm
_15001_,11.2µm
_15639_,11.2µm
_16974_,11.2µm
_17049_,11.2µm
_18528_,11.2µm
_18538_,11.2µm
_19327_,11.2µm
_20108_,11.2µm
_20611_,11.2µm
_21602_,11.2µm
_21644_,11.2µm
_21654_,11.2µm
net1115,11.2µm
net909,11.2µm
_02189_,11.185µm
systolic_arrays\[1\].systolic_array_inst.g_row\[1\].g_col\[1\].pe.r2_mantissa\[14\],11.185µm
_03979_,11.18µm
_06009_,11.18µm
_06573_,11.18µm
_06775_,11.18µm
_07261_,11.18µm
_08023_,11.18µm
_08342_,11.18µm
_08535_,11.18µm
_09343_,11.18µm
_11411_,11.18µm
_12543_,11.18µm
_14077_,11.18µm
_14757_,11.18µm
_15200_,11.18µm
_15963_,11.18µm
_21478_,11.18µm
active_mask\[3\],11.18µm
_20060_,11.17µm
_16050_,11.165µm
_02388_,11.16µm
_02745_,11.16µm
_03487_,11.16µm
_04044_,11.16µm
_05954_,11.16µm
_06142_,11.16µm
_07130_,11.16µm
_08430_,11.16µm
_09230_,11.16µm
_09544_,11.16µm
_11902_,11.16µm
_17352_,11.16µm
_19210_,11.16µm
_19256_,11.16µm
_21471_,11.16µm
systolic_arrays\[0\].systolic_array_inst.a_reg\[15\],11.16µm
_07259_,11.14µm
_09022_,11.14µm
_10026_,11.14µm
_13988_,11.14µm
_15142_,11.14µm
_18988_,11.14µm
_20482_,11.14µm
net1113,11.14µm
scheduler_instance.branch_diverge_inst.stack_target_pc\[1\]\[2\],11.14µm
_12221_,11.135µm
_05885_,11.13µm
_06847_,11.13µm
_19892_,11.13µm
_16554_,11.125µm
_01858_,11.12µm
_03287_,11.12µm
_03299_,11.12µm
_03810_,11.12µm
_04001_,11.12µm
_04117_,11.12µm
_04229_,11.12µm
_04329_,11.12µm
_05343_,11.12µm
_05416_,11.12µm
_05443_,11.12µm
_05477_,11.12µm
_05593_,11.12µm
_05869_,11.12µm
_06437_,11.12µm
_06540_,11.12µm
_07556_,11.12µm
_08318_,11.12µm
_08846_,11.12µm
_09097_,11.12µm
_10675_,11.12µm
_13239_,11.12µm
_13455_,11.12µm
_13655_,11.12µm
_14203_,11.12µm
_14864_,11.12µm
_16167_,11.12µm
_17246_,11.12µm
_18764_,11.12µm
_21591_,11.12µm
_21769_,11.12µm
_21815_,11.12µm
net1137,11.12µm
net337,11.12µm
systolic_arrays\[0\].systolic_array_inst.a_reg\[7\],11.12µm
_05693_,11.11µm
_00187_,11.1µm
_03931_,11.1µm
_04131_,11.1µm
_09171_,11.1µm
_11114_,11.1µm
_11428_,11.1µm
_20953_,11.1µm
_21294_,11.095µm
_15751_,11.09µm
_05511_,11.08µm
_06858_,11.08µm
_07646_,11.08µm
_10069_,11.08µm
_11408_,11.08µm
_11532_,11.08µm
_12127_,11.08µm
_12687_,11.08µm
_15793_,11.08µm
_18658_,11.08µm
_18706_,11.08µm
_18814_,11.08µm
data_mem_read_data_flat[58],11.07µm
_01831_,11.06µm
_06229_,11.06µm
_07102_,11.06µm
_09085_,11.06µm
_11640_,11.06µm
_14711_,11.06µm
_14779_,11.06µm
_14936_,11.06µm
_16112_,11.06µm
_19204_,11.06µm
_19219_,11.06µm
_21277_,11.06µm
_09971_,11.05µm
_19429_,11.045µm
_03568_,11.04µm
_05247_,11.04µm
_06044_,11.04µm
_06210_,11.04µm
_06499_,11.04µm
_07077_,11.04µm
_08422_,11.04µm
_08591_,11.04µm
_09787_,11.04µm
_09956_,11.04µm
_11879_,11.04µm
_12157_,11.04µm
_12427_,11.04µm
_14996_,11.04µm
_19212_,11.04µm
_20099_,11.04µm
_20391_,11.04µm
_20438_,11.04µm
_22023_,11.04µm
_03350_,11.03µm
_02560_,11.02µm
_07701_,11.02µm
_11815_,11.02µm
_18881_,11.02µm
_21777_,11.02µm
net1114,11.02µm
_03516_,11.01µm
_13048_,11.01µm
_04214_,11µm
_04824_,11µm
_05957_,11µm
_07008_,11µm
_11000_,11µm
_11395_,11µm
_12639_,11µm
_13218_,11µm
_13443_,11µm
_14790_,11µm
_14915_,11µm
_15597_,11µm
_17439_,11µm
_18665_,11µm
_20133_,11µm
_20714_,11µm
_20874_,11µm
_20929_,11µm
_21172_,11µm
_21394_,11µm
threads\[1\].register_instance.registers\[2\]\[8\],11µm
_02060_,10.995µm
_05611_,10.98µm
_09174_,10.98µm
_10271_,10.98µm
_16513_,10.98µm
_18701_,10.98µm
_21716_,10.98µm
_12200_,10.97µm
_07358_,10.965µm
_03268_,10.96µm
_04740_,10.96µm
_05328_,10.96µm
_05515_,10.96µm
_07107_,10.96µm
_07443_,10.96µm
_08448_,10.96µm
_08908_,10.96µm
_09139_,10.96µm
_11051_,10.96µm
_11993_,10.96µm
_13215_,10.96µm
_15193_,10.96µm
_17921_,10.96µm
_21579_,10.96µm
fma_out\[0\]\[11\],10.96µm
systolic_arrays\[1\].systolic_array_inst.g_row\[1\].g_col\[0\].pe.r3_prod_sign,10.96µm
_01231_,10.955µm
_10447_,10.94µm
_15218_,10.94µm
_05896_,10.93µm
_09124_,10.93µm
_10939_,10.93µm
_02723_,10.92µm
_03147_,10.92µm
_06076_,10.92µm
_06376_,10.92µm
_07341_,10.92µm
_07759_,10.92µm
_09689_,10.92µm
_10923_,10.92µm
_12142_,10.92µm
_14019_,10.92µm
_15171_,10.92µm
_19450_,10.92µm
_21280_,10.92µm
_12109_,10.905µm
_00923_,10.9µm
_02844_,10.9µm
_05478_,10.9µm
_14508_,10.9µm
_16452_,10.9µm
_16656_,10.9µm
_17305_,10.9µm
_19505_,10.9µm
_19761_,10.9µm
_20017_,10.9µm
_22061_,10.9µm
_22078_,10.9µm
systolic_arrays\[1\].systolic_array_inst.a_reg\[6\],10.9µm
_18829_,10.89µm
_09926_,10.885µm
_03209_,10.88µm
_04887_,10.88µm
_04931_,10.88µm
_05009_,10.88µm
_08004_,10.88µm
_10384_,10.88µm
_10397_,10.88µm
_10620_,10.88µm
_13359_,10.88µm
_14990_,10.88µm
_15986_,10.88µm
_19844_,10.88µm
_21034_,10.88µm
_21264_,10.88µm
scheduler_instance.branch_diverge_inst.stack_reconverge\[0\]\[5\],10.88µm
_05938_,10.87µm
_01092_,10.865µm
_01128_,10.865µm
_02400_,10.86µm
_02459_,10.86µm
_02967_,10.86µm
_03373_,10.86µm
_04352_,10.86µm
_04894_,10.86µm
_05074_,10.86µm
_05082_,10.86µm
_05349_,10.86µm
_08371_,10.86µm
_09164_,10.86µm
_11537_,10.86µm
_13600_,10.86µm
_15325_,10.86µm
_16861_,10.86µm
systolic_arrays\[0\].systolic_array_inst.b_wire\[2\]\[2\],10.86µm
_09917_,10.855µm
_15240_,10.85µm
data_mem_write_data_flat[54],10.85µm
_00484_,10.845µm
_03501_,10.84µm
_04497_,10.84µm
_07888_,10.84µm
_08398_,10.84µm
_08965_,10.84µm
_10512_,10.84µm
_11535_,10.84µm
_12829_,10.84µm
_13622_,10.84µm
_14341_,10.84µm
_15186_,10.84µm
_19503_,10.84µm
fma_out\[0\]\[1\],10.83µm
_00932_,10.825µm
_17066_,10.825µm
_04135_,10.82µm
_04659_,10.82µm
_04695_,10.82µm
_05678_,10.82µm
_10211_,10.82µm
_12354_,10.82µm
_16811_,10.82µm
_18972_,10.82µm
_20512_,10.82µm
_21436_,10.82µm
_21456_,10.82µm
_21619_,10.82µm
net1186,10.82µm
_02743_,10.8µm
_03168_,10.8µm
_09502_,10.8µm
_10070_,10.8µm
_10300_,10.8µm
_10319_,10.8µm
_10747_,10.8µm
_12378_,10.8µm
_12862_,10.8µm
_14249_,10.8µm
_16589_,10.8µm
_18490_,10.8µm
_19335_,10.8µm
_19599_,10.8µm
_20042_,10.8µm
_20483_,10.8µm
_20778_,10.8µm
_20946_,10.8µm
_21380_,10.8µm
_21744_,10.8µm
_12675_,10.79µm
_19015_,10.79µm
_08290_,10.785µm
_03992_,10.78µm
_05267_,10.78µm
_06185_,10.78µm
_09006_,10.78µm
_09853_,10.78µm
_10153_,10.78µm
_12345_,10.78µm
_13387_,10.78µm
_15631_,10.78µm
_15738_,10.78µm
_16894_,10.78µm
_17308_,10.78µm
_17655_,10.78µm
_19663_,10.78µm
_19840_,10.78µm
_20552_,10.78µm
_09477_,10.775µm
_08978_,10.77µm
act_out\[1\]\[3\],10.77µm
_18831_,10.765µm
_02357_,10.76µm
_02966_,10.76µm
_03575_,10.76µm
_07807_,10.76µm
_08652_,10.76µm
_10685_,10.76µm
_11001_,10.76µm
_13778_,10.76µm
_13804_,10.76µm
_20544_,10.76µm
_15000_,10.75µm
_07082_,10.74µm
_08340_,10.74µm
_12119_,10.74µm
_13258_,10.74µm
_13397_,10.74µm
_13782_,10.74µm
_14506_,10.74µm
_15551_,10.74µm
_16999_,10.74µm
_18702_,10.74µm
_19490_,10.74µm
_20036_,10.74µm
_20073_,10.74µm
_20738_,10.74µm
net1180,10.74µm
_00263_,10.735µm
_18725_,10.73µm
data_mem_read_data_flat[55],10.73µm
_02325_,10.72µm
_02503_,10.72µm
_03928_,10.72µm
_05203_,10.72µm
_07786_,10.72µm
_08054_,10.72µm
_12198_,10.72µm
_13243_,10.72µm
_13720_,10.72µm
_14065_,10.72µm
_15018_,10.72µm
_15162_,10.72µm
_16499_,10.72µm
_16807_,10.72µm
_16952_,10.72µm
_17395_,10.72µm
_20034_,10.72µm
_20646_,10.72µm
_21119_,10.72µm
clknet_leaf_113_clk,10.72µm
_03252_,10.7µm
_04027_,10.7µm
_07074_,10.7µm
_07839_,10.7µm
_07982_,10.7µm
_08123_,10.7µm
_09957_,10.7µm
_10327_,10.7µm
_10822_,10.7µm
_11796_,10.7µm
_13466_,10.7µm
_16891_,10.7µm
_21446_,10.7µm
_21199_,10.69µm
fma_out\[1\]\[10\],10.69µm
_14830_,10.685µm
_01670_,10.68µm
_05746_,10.68µm
_07280_,10.68µm
_10543_,10.68µm
_17537_,10.68µm
_18587_,10.68µm
_19780_,10.68µm
_09348_,10.67µm
_09542_,10.67µm
_10417_,10.67µm
_11141_,10.67µm
_10295_,10.665µm
_17033_,10.665µm
_02837_,10.66µm
_05371_,10.66µm
_06273_,10.66µm
_06728_,10.66µm
_07029_,10.66µm
_08438_,10.66µm
_08687_,10.66µm
_10842_,10.66µm
_10953_,10.66µm
_11769_,10.66µm
_12030_,10.66µm
_12066_,10.66µm
_14875_,10.66µm
_15422_,10.66µm
_15444_,10.66µm
_17797_,10.66µm
_19113_,10.66µm
_19301_,10.66µm
_19872_,10.66µm
_20723_,10.66µm
_20887_,10.66µm
_06965_,10.64µm
_10410_,10.64µm
_10621_,10.64µm
_15612_,10.64µm
_17357_,10.64µm
_21588_,10.64µm
_01368_,10.625µm
_01928_,10.625µm
_00737_,10.62µm
_02398_,10.62µm
_03134_,10.62µm
_03274_,10.62µm
_03605_,10.62µm
_03860_,10.62µm
_04073_,10.62µm
_04234_,10.62µm
_05060_,10.62µm
_05077_,10.62µm
_05408_,10.62µm
_06183_,10.62µm
_09027_,10.62µm
_09443_,10.62µm
_10448_,10.62µm
_11582_,10.62µm
_11727_,10.62µm
_12911_,10.62µm
_12929_,10.62µm
_12932_,10.62µm
_13157_,10.62µm
_17507_,10.62µm
_19085_,10.62µm
_21053_,10.62µm
_21097_,10.62µm
_21222_,10.62µm
net382,10.62µm
scheduler_instance.branch_diverge_inst.stack_reconverge\[1\]\[3\],10.62µm
_01334_,10.615µm
_02165_,10.61µm
_03006_,10.6µm
_08641_,10.6µm
_09666_,10.6µm
_10259_,10.6µm
_13616_,10.6µm
_16272_,10.6µm
_18720_,10.6µm
_19456_,10.6µm
_11515_,10.59µm
data_mem_read_data_flat[56],10.59µm
_00725_,10.58µm
_10354_,10.58µm
_11142_,10.58µm
_19859_,10.58µm
alu_out\[1\]\[11\],10.58µm
net1553,10.58µm
_10024_,10.57µm
_03606_,10.56µm
_05324_,10.56µm
_07660_,10.56µm
_07749_,10.56µm
_08806_,10.56µm
_09008_,10.56µm
_10496_,10.56µm
_15688_,10.56µm
_18575_,10.56µm
_21949_,10.56µm
_04243_,10.555µm
_08534_,10.55µm
_12137_,10.55µm
_02428_,10.54µm
_04016_,10.54µm
_04981_,10.54µm
_05296_,10.54µm
_05468_,10.54µm
_07204_,10.54µm
_07296_,10.54µm
_08508_,10.54µm
_08751_,10.54µm
_08872_,10.54µm
_09114_,10.54µm
_10951_,10.54µm
_11347_,10.54µm
_13746_,10.54µm
_14479_,10.54µm
_14497_,10.54µm
_15081_,10.54µm
_18758_,10.54µm
_19507_,10.54µm
_19687_,10.54µm
_21134_,10.54µm
_21494_,10.54µm
_00688_,10.535µm
_13510_,10.53µm
_00011_,10.525µm
_00296_,10.52µm
_04926_,10.52µm
_08527_,10.52µm
_14656_,10.52µm
_18044_,10.52µm
_20262_,10.52µm
_21209_,10.52µm
_21806_,10.52µm
_09304_,10.51µm
program_mem_read_address[2],10.51µm
_00985_,10.505µm
_01325_,10.505µm
_02263_,10.505µm
_03191_,10.5µm
_04470_,10.5µm
_05430_,10.5µm
_06107_,10.5µm
_06496_,10.5µm
_07010_,10.5µm
_07357_,10.5µm
_07370_,10.5µm
_08494_,10.5µm
_08562_,10.5µm
_13168_,10.5µm
_14131_,10.5µm
_14287_,10.5µm
_14294_,10.5µm
_18332_,10.5µm
_19583_,10.5µm
_19831_,10.5µm
_19889_,10.5µm
_20075_,10.5µm
_20806_,10.5µm
scheduler_instance.branch_diverge_inst.stack_reconverge\[0\]\[2\],10.5µm
_01780_,10.485µm
_08323_,10.485µm
_18941_,10.485µm
_00030_,10.48µm
_00746_,10.48µm
_09588_,10.48µm
_10125_,10.48µm
_14108_,10.48µm
_15117_,10.48µm
_20485_,10.48µm
_20745_,10.48µm
clknet_leaf_389_clk,10.48µm
_04003_,10.47µm
_21925_,10.47µm
systolic_arrays\[1\].systolic_array_inst.g_row\[0\].g_col\[0\].pe.r2_mantissa\[14\],10.465µm
_02588_,10.46µm
_05415_,10.46µm
_07726_,10.46µm
_08436_,10.46µm
_09062_,10.46µm
_10557_,10.46µm
_11171_,10.46µm
_11572_,10.46µm
_11633_,10.46µm
_12272_,10.46µm
_12802_,10.46µm
_13539_,10.46µm
_13852_,10.46µm
_16218_,10.46µm
_17402_,10.46µm
_17405_,10.46µm
_19243_,10.46µm
_01942_,10.455µm
_06762_,10.455µm
_17171_,10.455µm
_03377_,10.44µm
_03804_,10.44µm
_04528_,10.44µm
_06602_,10.44µm
_08805_,10.44µm
_11163_,10.44µm
_19120_,10.44µm
_19158_,10.44µm
_21291_,10.44µm
fma_out\[0\]\[4\],10.44µm
_01980_,10.435µm
_17332_,10.435µm
_02337_,10.42µm
_04795_,10.42µm
_06058_,10.42µm
_06349_,10.42µm
_06351_,10.42µm
_06603_,10.42µm
_06743_,10.42µm
_07103_,10.42µm
_07802_,10.42µm
_07965_,10.42µm
_09806_,10.42µm
_10150_,10.42µm
_10865_,10.42µm
_11516_,10.42µm
_12718_,10.42µm
_14763_,10.42µm
_15073_,10.42µm
_16681_,10.42µm
_19343_,10.42µm
_19881_,10.42µm
_20951_,10.42µm
_00654_,10.415µm
_00943_,10.415µm
_19467_,10.415µm
_21823_,10.415µm
_00964_,10.405µm
_20181_,10.405µm
_03706_,10.4µm
_06704_,10.4µm
_08994_,10.4µm
_09080_,10.4µm
_09192_,10.4µm
_10974_,10.4µm
_12918_,10.4µm
_13913_,10.4µm
_16722_,10.4µm
_19128_,10.4µm
_19561_,10.4µm
_19577_,10.4µm
_20029_,10.4µm
_20906_,10.4µm
_21635_,10.4µm
net373,10.4µm
systolic_arrays\[0\].systolic_array_inst.g_row\[1\].g_col\[0\].pe.r3_prod_sign,10.4µm
net1496,10.39µm
_00124_,10.385µm
_00127_,10.385µm
_00485_,10.385µm
_02008_,10.385µm
_02373_,10.38µm
_03339_,10.38µm
_05922_,10.38µm
_06451_,10.38µm
_07303_,10.38µm
_07840_,10.38µm
_09498_,10.38µm
_09716_,10.38µm
_09817_,10.38µm
_11645_,10.38µm
_14074_,10.38µm
_14759_,10.38µm
_14801_,10.38µm
_14845_,10.38µm
_18879_,10.38µm
_19288_,10.38µm
_19612_,10.38µm
_19914_,10.38µm
_20531_,10.38µm
systolic_arrays\[1\].systolic_array_inst.g_row\[1\].g_col\[0\].pe.r2_mantissa\[3\],10.38µm
_00146_,10.365µm
_16608_,10.365µm
_01706_,10.36µm
_02822_,10.36µm
_02976_,10.36µm
_04096_,10.36µm
_04788_,10.36µm
_05027_,10.36µm
_05222_,10.36µm
_07728_,10.36µm
_08221_,10.36µm
_10056_,10.36µm
_13193_,10.36µm
_13441_,10.36µm
_14530_,10.36µm
_14957_,10.36µm
_17531_,10.36µm
_21802_,10.36µm
_09918_,10.355µm
_03329_,10.34µm
_05537_,10.34µm
_05733_,10.34µm
_08602_,10.34µm
_12643_,10.34µm
_15109_,10.34µm
_16039_,10.34µm
_16223_,10.34µm
_17029_,10.34µm
_17270_,10.34µm
_18607_,10.34µm
_18905_,10.34µm
net1178,10.34µm
_17371_,10.335µm
_06802_,10.33µm
_08206_,10.33µm
_06014_,10.32µm
_06862_,10.32µm
_07355_,10.32µm
_10322_,10.32µm
_12169_,10.32µm
_13501_,10.32µm
_14364_,10.32µm
_14802_,10.32µm
_16890_,10.32µm
_17011_,10.32µm
_17310_,10.32µm
_18187_,10.32µm
_18953_,10.32µm
_20655_,10.32µm
_21947_,10.32µm
alu_out\[0\]\[13\],10.32µm
net1163,10.32µm
scheduler_instance.branch_diverge_inst.stack_mask\[1\]\[2\],10.32µm
_19025_,10.31µm
_01328_,10.305µm
_02386_,10.3µm
_02839_,10.3µm
_03597_,10.3µm
_04429_,10.3µm
_06232_,10.3µm
_08158_,10.3µm
_08906_,10.3µm
_10084_,10.3µm
_10889_,10.3µm
_11164_,10.3µm
_14963_,10.3µm
_17048_,10.3µm
_17846_,10.3µm
_18503_,10.3µm
_19641_,10.3µm
_20179_,10.3µm
_21596_,10.3µm
_00273_,10.29µm
_00395_,10.285µm
_09837_,10.285µm
_01101_,10.28µm
_03049_,10.28µm
_04385_,10.28µm
_04426_,10.28µm
_05314_,10.28µm
_05999_,10.28µm
_06859_,10.28µm
_07206_,10.28µm
_08596_,10.28µm
_09293_,10.28µm
_09573_,10.28µm
_11196_,10.28µm
_11930_,10.28µm
_12957_,10.28µm
_14333_,10.28µm
_14353_,10.28µm
_19253_,10.28µm
_20721_,10.28µm
_01969_,10.265µm
_02226_,10.265µm
_02891_,10.26µm
_03665_,10.26µm
_04957_,10.26µm
_05083_,10.26µm
_05113_,10.26µm
_05260_,10.26µm
_05907_,10.26µm
_06201_,10.26µm
_08712_,10.26µm
_13086_,10.26µm
_14445_,10.26µm
_15102_,10.26µm
_16627_,10.26µm
_17297_,10.26µm
_19645_,10.26µm
_19724_,10.26µm
_20138_,10.26µm
data_mem_read_data_flat[59],10.25µm
_01204_,10.245µm
_01299_,10.245µm
_11955_,10.245µm
_16572_,10.245µm
_19354_,10.245µm
_03069_,10.24µm
_04685_,10.24µm
_05008_,10.24µm
_05280_,10.24µm
_06817_,10.24µm
_07737_,10.24µm
_07785_,10.24µm
_08541_,10.24µm
_11298_,10.24µm
_11348_,10.24µm
_12223_,10.24µm
_12985_,10.24µm
_13423_,10.24µm
_13591_,10.24µm
_14051_,10.24µm
_15138_,10.24µm
_16152_,10.24µm
_17926_,10.24µm
_18900_,10.24µm
_18917_,10.24µm
_19164_,10.24µm
_21522_,10.24µm
_06962_,10.22µm
_09069_,10.22µm
_13179_,10.22µm
_14575_,10.22µm
_15085_,10.22µm
_18982_,10.22µm
_03832_,10.21µm
_08196_,10.21µm
_20799_,10.21µm
_02804_,10.2µm
_02903_,10.2µm
_03619_,10.2µm
_08924_,10.2µm
_09496_,10.2µm
_09860_,10.2µm
_10323_,10.2µm
_13376_,10.2µm
_13511_,10.2µm
_14345_,10.2µm
_14462_,10.2µm
_16077_,10.2µm
_18007_,10.2µm
_21480_,10.2µm
_21685_,10.2µm
_00334_,10.195µm
_02478_,10.18µm
_03524_,10.18µm
_05387_,10.18µm
_08881_,10.18µm
_15169_,10.18µm
_15771_,10.18µm
_16137_,10.18µm
_21155_,10.18µm
_21211_,10.18µm
_20989_,10.17µm
_08203_,10.165µm
_14273_,10.165µm
_00167_,10.16µm
_02765_,10.16µm
_02789_,10.16µm
_03005_,10.16µm
_03023_,10.16µm
_06282_,10.16µm
_06441_,10.16µm
_07545_,10.16µm
_08525_,10.16µm
_09472_,10.16µm
_09512_,10.16µm
_10992_,10.16µm
_11313_,10.16µm
_12102_,10.16µm
_12795_,10.16µm
_13055_,10.16µm
_13098_,10.16µm
_13247_,10.16µm
_15494_,10.16µm
_18894_,10.16µm
_19516_,10.16µm
_19751_,10.16µm
_21132_,10.16µm
_21427_,10.16µm
_22103_,10.16µm
scheduler_instance.branch_diverge_inst.stack_target_pc\[0\]\[3\],10.16µm
_02941_,10.14µm
_10328_,10.14µm
_12448_,10.14µm
_14971_,10.14µm
_20188_,10.14µm
_21450_,10.14µm
threads\[1\].pc_instance.nzp\[1\],10.14µm
_00907_,10.135µm
_08771_,10.13µm
_14046_,10.13µm
_00170_,10.125µm
_02565_,10.12µm
_02674_,10.12µm
_03655_,10.12µm
_03696_,10.12µm
_04092_,10.12µm
_04205_,10.12µm
_07137_,10.12µm
_08719_,10.12µm
_09358_,10.12µm
_10120_,10.12µm
_10154_,10.12µm
_12010_,10.12µm
_14401_,10.12µm
_16970_,10.12µm
_18670_,10.12µm
_18846_,10.12µm
_19149_,10.12µm
_19297_,10.12µm
_19929_,10.12µm
_20210_,10.12µm
net414,10.12µm
_06119_,10.11µm
_07554_,10.11µm
_09350_,10.11µm
_10873_,10.11µm
_04841_,10.1µm
_07356_,10.1µm
_10945_,10.1µm
_14354_,10.1µm
_17165_,10.1µm
_02652_,10.08µm
_03312_,10.08µm
_03477_,10.08µm
_04055_,10.08µm
_04084_,10.08µm
_04565_,10.08µm
_05312_,10.08µm
_06721_,10.08µm
_07221_,10.08µm
_08429_,10.08µm
_10361_,10.08µm
_13640_,10.08µm
_14343_,10.08µm
_14388_,10.08µm
_15533_,10.08µm
_19439_,10.08µm
_19586_,10.08µm
_20990_,10.08µm
_20992_,10.08µm
_21841_,10.08µm
scheduler_instance.branch_diverge_inst.stack_target_pc\[0\]\[5\],10.08µm
_07959_,10.075µm
_13106_,10.07µm
_00405_,10.06µm
_02332_,10.06µm
_02378_,10.06µm
_02443_,10.06µm
_02467_,10.06µm
_04182_,10.06µm
_04193_,10.06µm
_11852_,10.06µm
_12355_,10.06µm
_13924_,10.06µm
_18675_,10.06µm
net1184,10.06µm
_00467_,10.055µm
_14980_,10.05µm
_01127_,10.045µm
_21265_,10.045µm
_02683_,10.04µm
_03019_,10.04µm
_03090_,10.04µm
_03265_,10.04µm
_04422_,10.04µm
_04667_,10.04µm
_04820_,10.04µm
_05073_,10.04µm
_05221_,10.04µm
_05392_,10.04µm
_05687_,10.04µm
_05949_,10.04µm
_06683_,10.04µm
_07034_,10.04µm
_07607_,10.04µm
_07627_,10.04µm
_08185_,10.04µm
_08426_,10.04µm
_08899_,10.04µm
_09061_,10.04µm
_09778_,10.04µm
_10647_,10.04µm
_10713_,10.04µm
_11303_,10.04µm
_11677_,10.04µm
_11707_,10.04µm
_12611_,10.04µm
_12670_,10.04µm
_14033_,10.04µm
_14085_,10.04µm
_15008_,10.04µm
_17718_,10.04µm
_18807_,10.04µm
_19314_,10.04µm
_19324_,10.04µm
_19944_,10.04µm
_20200_,10.04µm
_21431_,10.04µm
_01510_,10.035µm
net1277,10.03µm
net1289,10.03µm
net1409,10.03µm
net1414,10.03µm
instruction_for_decode[8],10.03µm
_02390_,10.02µm
_02517_,10.02µm
_08738_,10.02µm
_14897_,10.02µm
_20672_,10.02µm
scheduler_instance.branch_diverge_inst.stack_reconverge\[1\]\[6\],10.02µm
_05421_,10.01µm
_10874_,10.01µm
_13033_,10.01µm
scheduler_instance.branch_diverge_inst.next_pc\[6\],10.01µm
_12087_,10.005µm
_05629_,10µm
_06169_,10µm
_06952_,10µm
_07225_,10µm
_07499_,10µm
_08138_,10µm
_10457_,10µm
_10980_,10µm
_11392_,10µm
_11550_,10µm
_11849_,10µm
_11931_,10µm
_12363_,10µm
_13733_,10µm
_18185_,10µm
_19587_,10µm
_19740_,10µm
_20142_,10µm
_20783_,10µm
_20831_,10µm
_21731_,10µm
_21890_,10µm
_22015_,10µm
_22033_,10µm
clknet_leaf_287_clk,10µm
_05219_,9.99µm
_00949_,9.985µm
_03673_,9.98µm
_09273_,9.98µm
_10490_,9.98µm
_12709_,9.98µm
_13646_,9.98µm
_13745_,9.98µm
_15498_,9.98µm
_15854_,9.98µm
_16273_,9.98µm
_20395_,9.98µm
_03066_,9.975µm
_05998_,9.975µm
_21774_,9.975µm
_02989_,9.97µm
_06840_,9.97µm
_14270_,9.97µm
_02303_,9.96µm
_02591_,9.96µm
_07532_,9.96µm
_09326_,9.96µm
_09642_,9.96µm
_10470_,9.96µm
_10853_,9.96µm
_11124_,9.96µm
_11752_,9.96µm
_12532_,9.96µm
_14344_,9.96µm
_14600_,9.96µm
_15406_,9.96µm
_15637_,9.96µm
_17191_,9.96µm
_17700_,9.96µm
_18671_,9.96µm
_04233_,9.95µm
_01645_,9.94µm
_04336_,9.94µm
_04690_,9.94µm
_05903_,9.94µm
_07044_,9.94µm
_08032_,9.94µm
_08655_,9.94µm
_10762_,9.94µm
_10920_,9.94µm
_16186_,9.94µm
_17337_,9.94µm
_18234_,9.94µm
_21000_,9.94µm
_21832_,9.94µm
fma_out\[2\]\[6\],9.94µm
systolic_arrays\[0\].systolic_array_inst.a_reg\[31\],9.94µm
_00104_,9.925µm
_00169_,9.925µm
_00268_,9.925µm
_00438_,9.925µm
_00458_,9.925µm
_01897_,9.925µm
_01981_,9.925µm
_02051_,9.925µm
_02107_,9.925µm
_03780_,9.92µm
_05205_,9.92µm
_06832_,9.92µm
_07642_,9.92µm
_09555_,9.92µm
_13887_,9.92µm
_14576_,9.92µm
_19069_,9.92µm
_19190_,9.92µm
_19371_,9.92µm
_19706_,9.92µm
_20781_,9.92µm
_00241_,9.905µm
_00451_,9.905µm
_01188_,9.905µm
_02628_,9.9µm
_04746_,9.9µm
_06746_,9.9µm
_07157_,9.9µm
_09144_,9.9µm
_10213_,9.9µm
_14260_,9.9µm
_14321_,9.9µm
_15272_,9.9µm
_15386_,9.9µm
_15651_,9.9µm
_15957_,9.9µm
_18038_,9.9µm
_18616_,9.9µm
_19952_,9.9µm
_20224_,9.9µm
_20459_,9.9µm
_20472_,9.9µm
net1177,9.9µm
net1572,9.9µm
_00947_,9.885µm
_02515_,9.88µm
_03470_,9.88µm
_03745_,9.88µm
_10797_,9.88µm
_11315_,9.88µm
_11573_,9.88µm
_12598_,9.88µm
_13351_,9.88µm
_13378_,9.88µm
_14100_,9.88µm
_15552_,9.88µm
_16485_,9.88µm
_18748_,9.88µm
_19104_,9.88µm
_19563_,9.88µm
net427,9.88µm
net902,9.88µm
net1684,9.88µm
_05643_,9.875µm
_06837_,9.87µm
_02751_,9.86µm
_03839_,9.86µm
_04147_,9.86µm
_04754_,9.86µm
_05117_,9.86µm
_05781_,9.86µm
_05955_,9.86µm
_06843_,9.86µm
_10270_,9.86µm
_10934_,9.86µm
_13091_,9.86µm
_14431_,9.86µm
_15094_,9.86µm
_15197_,9.86µm
_16134_,9.86µm
_16150_,9.86µm
_16386_,9.86µm
_16483_,9.86µm
_17550_,9.86µm
_18509_,9.86µm
_18684_,9.86µm
_18755_,9.86µm
net1579,9.86µm
_20793_,9.85µm
_00110_,9.845µm
_02063_,9.845µm
_02186_,9.845µm
_02282_,9.845µm
_03657_,9.84µm
_04071_,9.84µm
_07070_,9.84µm
_09307_,9.84µm
_09743_,9.84µm
_09867_,9.84µm
_10619_,9.84µm
_10678_,9.84µm
_11299_,9.84µm
_12923_,9.84µm
_13029_,9.84µm
_16422_,9.84µm
_16847_,9.84µm
_18005_,9.84µm
_19854_,9.84µm
_21305_,9.84µm
_21482_,9.84µm
threads\[3\].pc_instance.nzp\[1\],9.84µm
_19581_,9.825µm
_04739_,9.82µm
_04829_,9.82µm
_06297_,9.82µm
_07148_,9.82µm
_07228_,9.82µm
_07763_,9.82µm
_08289_,9.82µm
_08522_,9.82µm
_09282_,9.82µm
_09831_,9.82µm
_11341_,9.82µm
_11788_,9.82µm
_13589_,9.82µm
_14918_,9.82µm
_15139_,9.82µm
_15814_,9.82µm
_17286_,9.82µm
_17798_,9.82µm
_18186_,9.82µm
_18633_,9.82µm
_19794_,9.82µm
_20397_,9.82µm
_20644_,9.82µm
_20716_,9.82µm
_20807_,9.82µm
net356,9.82µm
_16392_,9.815µm
act_out\[3\]\[12\],9.81µm
fma_out\[1\]\[8\],9.81µm
_01395_,9.805µm
_15014_,9.805µm
_03828_,9.8µm
_05253_,9.8µm
_05325_,9.8µm
_05383_,9.8µm
_06001_,9.8µm
_07894_,9.8µm
_08604_,9.8µm
_10712_,9.8µm
_11169_,9.8µm
_12581_,9.8µm
_12949_,9.8µm
_13564_,9.8µm
_15132_,9.8µm
_15739_,9.8µm
_16245_,9.8µm
_17170_,9.8µm
_19809_,9.8µm
_03814_,9.79µm
_01399_,9.785µm
_00339_,9.78µm
_05195_,9.78µm
_05655_,9.78µm
_05767_,9.78µm
_06394_,9.78µm
_07253_,9.78µm
_09303_,9.78µm
_11639_,9.78µm
_11934_,9.78µm
_12023_,9.78µm
_12024_,9.78µm
_12323_,9.78µm
_12393_,9.78µm
_13520_,9.78µm
_14006_,9.78µm
_14415_,9.78µm
_15753_,9.78µm
_17261_,9.78µm
_17725_,9.78µm
_18744_,9.78µm
_19323_,9.78µm
_19512_,9.78µm
_21502_,9.78µm
_21593_,9.78µm
_20204_,9.77µm
_02658_,9.76µm
_16254_,9.76µm
fma_out\[0\]\[6\],9.76µm
_19055_,9.75µm
_01702_,9.745µm
_03592_,9.74µm
_03970_,9.74µm
_04219_,9.74µm
_06096_,9.74µm
_06216_,9.74µm
_07348_,9.74µm
_07553_,9.74µm
_07804_,9.74µm
_09818_,9.74µm
_10194_,9.74µm
_10733_,9.74µm
_11779_,9.74µm
_12021_,9.74µm
_13008_,9.74µm
_13056_,9.74µm
_13281_,9.74µm
_14768_,9.74µm
_14984_,9.74µm
_15269_,9.74µm
_16958_,9.74µm
_19053_,9.74µm
_19461_,9.74µm
_19824_,9.74µm
_20430_,9.74µm
_21370_,9.74µm
_21546_,9.74µm
_22066_,9.74µm
net1211,9.74µm
scheduler_instance.branch_diverge_inst.stack_reconverge\[0\]\[4\],9.74µm
_01216_,9.735µm
_07427_,9.73µm
_16588_,9.73µm
_00346_,9.725µm
_03583_,9.72µm
_05307_,9.72µm
_09803_,9.72µm
_11491_,9.72µm
_13095_,9.72µm
_13786_,9.72µm
_14568_,9.72µm
_14946_,9.72µm
_15680_,9.72µm
_19431_,9.72µm
_20050_,9.72µm
_21009_,9.72µm
_21303_,9.72µm
data_mem_read_data_flat[51],9.71µm
_02923_,9.7µm
_03121_,9.7µm
_03484_,9.7µm
_04156_,9.7µm
_04675_,9.7µm
_05127_,9.7µm
_05230_,9.7µm
_05362_,9.7µm
_06979_,9.7µm
_08147_,9.7µm
_09228_,9.7µm
_10692_,9.7µm
_11763_,9.7µm
_12043_,9.7µm
_13109_,9.7µm
_15485_,9.7µm
_18095_,9.7µm
_19632_,9.7µm
_21059_,9.7µm
_21216_,9.7µm
_21935_,9.7µm
_21988_,9.7µm
alu_out\[3\]\[14\],9.7µm
_02496_,9.68µm
_03101_,9.68µm
_04504_,9.68µm
_08644_,9.68µm
_14838_,9.68µm
_18573_,9.68µm
_00295_,9.67µm
_03164_,9.67µm
_03866_,9.67µm
_20771_,9.67µm
_00447_,9.665µm
_01982_,9.665µm
_02169_,9.665µm
_15949_,9.665µm
_02289_,9.66µm
_03341_,9.66µm
_04439_,9.66µm
_04857_,9.66µm
_06782_,9.66µm
_07829_,9.66µm
_09781_,9.66µm
_11443_,9.66µm
_12357_,9.66µm
_13728_,9.66µm
_14502_,9.66µm
_19052_,9.66µm
_20566_,9.66µm
_22077_,9.66µm
_15047_,9.655µm
_10143_,9.65µm
systolic_arrays\[1\].systolic_array_inst.g_row\[0\].g_col\[0\].pe.r2_mantissa\[6\],9.65µm
_00464_,9.645µm
_06010_,9.64µm
_09709_,9.64µm
_02246_,9.625µm
_02118_,9.62µm
_02352_,9.62µm
_02703_,9.62µm
_03870_,9.62µm
_03888_,9.62µm
_04014_,9.62µm
_04494_,9.62µm
_04751_,9.62µm
_05527_,9.62µm
_06443_,9.62µm
_06836_,9.62µm
_09133_,9.62µm
_10878_,9.62µm
_11200_,9.62µm
_11447_,9.62µm
_12679_,9.62µm
_13486_,9.62µm
_15285_,9.62µm
_18794_,9.62µm
_01161_,9.6µm
_02543_,9.6µm
_02942_,9.6µm
_03107_,9.6µm
_06752_,9.6µm
_07052_,9.6µm
_12995_,9.6µm
_13563_,9.6µm
_16562_,9.6µm
_18877_,9.6µm
_19908_,9.6µm
_21580_,9.6µm
_16690_,9.595µm
_09047_,9.59µm
net1494,9.59µm
_00284_,9.585µm
_19063_,9.585µm
_03004_,9.58µm
_03016_,9.58µm
_03064_,9.58µm
_03324_,9.58µm
_04368_,9.58µm
_05503_,9.58µm
_05945_,9.58µm
_07079_,9.58µm
_09034_,9.58µm
_09581_,9.58µm
_09608_,9.58µm
_09661_,9.58µm
_10052_,9.58µm
_10066_,9.58µm
_10569_,9.58µm
_11241_,9.58µm
_11251_,9.58µm
_11433_,9.58µm
_11844_,9.58µm
_12025_,9.58µm
_12164_,9.58µm
_12959_,9.58µm
_12993_,9.58µm
_13412_,9.58µm
_14664_,9.58µm
_15089_,9.58µm
_15652_,9.58µm
_16744_,9.58µm
_18576_,9.58µm
_18783_,9.58µm
_18908_,9.58µm
_20117_,9.58µm
_20219_,9.58µm
_20372_,9.58µm
_20423_,9.58µm
_21205_,9.58µm
_21396_,9.58µm
fma_out\[0\]\[3\],9.58µm
scheduler_instance.branch_diverge_inst.stack_reconverge\[1\]\[4\],9.58µm
systolic_arrays\[0\].systolic_array_inst.g_row\[0\].g_col\[1\].pe.r3_prod_mant\[0\],9.58µm
_00835_,9.565µm
_01321_,9.56µm
_09083_,9.56µm
_09615_,9.56µm
_14389_,9.56µm
_19303_,9.56µm
_07146_,9.555µm
_06699_,9.55µm
_15114_,9.55µm
_02261_,9.545µm
_02476_,9.54µm
_08575_,9.54µm
_11959_,9.54µm
_12353_,9.54µm
_14754_,9.54µm
_19007_,9.54µm
_19266_,9.54µm
_21135_,9.54µm
_22002_,9.54µm
_01850_,9.525µm
_05966_,9.52µm
_07563_,9.52µm
_10730_,9.52µm
_14765_,9.52µm
_18475_,9.52µm
_20582_,9.52µm
systolic_arrays\[0\].systolic_array_inst.g_row\[0\].g_col\[1\].pe.r2_mantissa\[5\],9.52µm
_02218_,9.51µm
_01709_,9.5µm
_03738_,9.5µm
_03784_,9.5µm
_05006_,9.5µm
_05528_,9.5µm
_06313_,9.5µm
_06751_,9.5µm
_06820_,9.5µm
_08439_,9.5µm
_10383_,9.5µm
_10395_,9.5µm
_11236_,9.5µm
_11446_,9.5µm
_12240_,9.5µm
_12423_,9.5µm
_13386_,9.5µm
_15667_,9.5µm
_17109_,9.5µm
_17244_,9.5µm
_17738_,9.5µm
_19038_,9.5µm
_19321_,9.5µm
_19626_,9.5µm
_19911_,9.5µm
net1229,9.5µm
_01524_,9.495µm
_01838_,9.495µm
_08457_,9.495µm
_03649_,9.48µm
_03891_,9.48µm
_06377_,9.48µm
_06515_,9.48µm
_06841_,9.48µm
_06856_,9.48µm
_07588_,9.48µm
_08620_,9.48µm
_15465_,9.48µm
_15968_,9.48µm
_16669_,9.48µm
_18216_,9.48µm
_14611_,9.475µm
_19636_,9.47µm
_01787_,9.465µm
_00280_,9.46µm
_04589_,9.46µm
_04696_,9.46µm
_04716_,9.46µm
_05906_,9.46µm
_06469_,9.46µm
_06543_,9.46µm
_07060_,9.46µm
_08116_,9.46µm
_08665_,9.46µm
_09049_,9.46µm
_10574_,9.46µm
_11688_,9.46µm
_12820_,9.46µm
_12928_,9.46µm
_15453_,9.46µm
_18813_,9.46µm
_18856_,9.46µm
_18931_,9.46µm
_18594_,9.45µm
_00213_,9.445µm
_00250_,9.445µm
_02970_,9.44µm
_05166_,9.44µm
_06994_,9.44µm
_07828_,9.44µm
_08610_,9.44µm
_09646_,9.44µm
_09940_,9.44µm
_11622_,9.44µm
_11760_,9.44µm
_11835_,9.44µm
_13517_,9.44µm
_15230_,9.44µm
_16262_,9.44µm
_20273_,9.44µm
_22093_,9.44µm
pipe_systolic_enable,9.44µm
_09070_,9.435µm
_17259_,9.435µm
_03157_,9.42µm
_08896_,9.42µm
_08935_,9.42µm
_09134_,9.42µm
_12550_,9.42µm
_16505_,9.42µm
_17683_,9.42µm
_20009_,9.42µm
_20413_,9.42µm
_21534_,9.42µm
_21721_,9.42µm
_22019_,9.42µm
_01202_,9.405µm
_01344_,9.405µm
_00282_,9.4µm
_02026_,9.4µm
_05270_,9.4µm
_05760_,9.4µm
_09185_,9.4µm
_09386_,9.4µm
_09538_,9.4µm
_09543_,9.4µm
_10095_,9.4µm
_10096_,9.4µm
_10157_,9.4µm
_10634_,9.4µm
_11860_,9.4µm
_12008_,9.4µm
_12758_,9.4µm
_13450_,9.4µm
_13781_,9.4µm
_14282_,9.4µm
_15391_,9.4µm
_15449_,9.4µm
_16341_,9.4µm
_16523_,9.4µm
_17382_,9.4µm
_17650_,9.4µm
_17734_,9.4µm
_19962_,9.4µm
_20288_,9.4µm
_21683_,9.4µm
_22034_,9.4µm
threads\[1\].lsu_instance.mem_read_valid,9.4µm
_19776_,9.39µm
_00259_,9.385µm
_03002_,9.38µm
_03039_,9.38µm
_03362_,9.38µm
_05925_,9.38µm
_06180_,9.38µm
_07320_,9.38µm
_08654_,9.38µm
_09046_,9.38µm
_09378_,9.38µm
_11785_,9.38µm
_11978_,9.38µm
_18632_,9.38µm
_19075_,9.38µm
_19192_,9.38µm
net1101,9.38µm
net1123,9.38µm
_16057_,9.365µm
fma_out\[1\]\[15\],9.365µm
_03432_,9.36µm
_03791_,9.36µm
_03833_,9.36µm
_04317_,9.36µm
_04330_,9.36µm
_05075_,9.36µm
_05465_,9.36µm
_07453_,9.36µm
_07909_,9.36µm
_08204_,9.36µm
_08874_,9.36µm
_09820_,9.36µm
_12033_,9.36µm
_13211_,9.36µm
_13316_,9.36µm
_14133_,9.36µm
_14854_,9.36µm
_15055_,9.36µm
_15742_,9.36µm
_17092_,9.36µm
_17663_,9.36µm
_17931_,9.36µm
_18896_,9.36µm
_18930_,9.36µm
_21018_,9.36µm
_21108_,9.36µm
_21862_,9.36µm
net1430,9.36µm
scheduler_instance.branch_diverge_inst.stack_mask\[1\]\[3\],9.36µm
_02049_,9.355µm
_13857_,9.35µm
_06642_,9.34µm
_13490_,9.34µm
_13779_,9.34µm
_15589_,9.34µm
_19355_,9.34µm
_21258_,9.34µm
_08157_,9.33µm
_14301_,9.33µm
_20154_,9.33µm
_01205_,9.325µm
_02245_,9.32µm
_04038_,9.32µm
_05132_,9.32µm
_08803_,9.32µm
_11256_,9.32µm
_11735_,9.32µm
_15435_,9.32µm
_16581_,9.32µm
_19097_,9.32µm
_21164_,9.32µm
_21212_,9.32µm
_07722_,9.3µm
_08462_,9.3µm
_09126_,9.3µm
_09297_,9.3µm
_11326_,9.3µm
_19255_,9.3µm
_21921_,9.3µm
net1258,9.3µm
_16537_,9.295µm
_03715_,9.29µm
_08772_,9.29µm
_01616_,9.285µm
_15785_,9.285µm
_02321_,9.28µm
_03077_,9.28µm
_05066_,9.28µm
_06436_,9.28µm
_06564_,9.28µm
_07455_,9.28µm
_07635_,9.28µm
_08808_,9.28µm
_09102_,9.28µm
_11325_,9.28µm
_11684_,9.28µm
_11823_,9.28µm
_13472_,9.28µm
_13575_,9.28µm
_13735_,9.28µm
_14977_,9.28µm
_18252_,9.28µm
_02742_,9.275µm
_03514_,9.27µm
_18500_,9.265µm
_02379_,9.26µm
_02833_,9.26µm
_04404_,9.26µm
_13291_,9.26µm
_14028_,9.26µm
_18645_,9.26µm
_20309_,9.26µm
_21633_,9.26µm
_21790_,9.26µm
fma_out\[0\]\[13\],9.26µm
_00442_,9.24µm
_02450_,9.24µm
_02492_,9.24µm
_03439_,9.24µm
_04370_,9.24µm
_04993_,9.24µm
_05020_,9.24µm
_06418_,9.24µm
_07338_,9.24µm
_07805_,9.24µm
_07940_,9.24µm
_08725_,9.24µm
_08759_,9.24µm
_09197_,9.24µm
_10064_,9.24µm
_11221_,9.24µm
_11910_,9.24µm
_12503_,9.24µm
_13036_,9.24µm
_13679_,9.24µm
_13904_,9.24µm
_14799_,9.24µm
_17489_,9.24µm
_18307_,9.24µm
_19072_,9.24µm
_20167_,9.24µm
_20178_,9.24µm
_20245_,9.24µm
_20521_,9.24µm
_21459_,9.24µm
_21761_,9.24µm
scheduler_instance.branch_diverge_inst.stack_target_pc\[1\]\[6\],9.24µm
_04326_,9.23µm
_02064_,9.22µm
_02076_,9.22µm
_07702_,9.22µm
_16025_,9.22µm
_17940_,9.22µm
_19395_,9.22µm
_19796_,9.22µm
_20148_,9.22µm
_21272_,9.22µm
_08983_,9.21µm
_20356_,9.21µm
_21304_,9.21µm
_00457_,9.205µm
_00639_,9.205µm
_03127_,9.2µm
_05010_,9.2µm
_06061_,9.2µm
_08543_,9.2µm
_09617_,9.2µm
_10423_,9.2µm
_11230_,9.2µm
_14017_,9.2µm
_15561_,9.2µm
_17986_,9.2µm
_18309_,9.2µm
_20846_,9.2µm
systolic_arrays\[0\].systolic_array_inst.g_row\[0\].g_col\[1\].pe.r3_prod_mant\[12\],9.2µm
net1609,9.2µm
_00431_,9.185µm
_11367_,9.185µm
_04270_,9.18µm
_05495_,9.18µm
_09090_,9.18µm
_13030_,9.18µm
_14876_,9.18µm
_21049_,9.18µm
net1240,9.18µm
_02288_,9.16µm
_02323_,9.16µm
_03553_,9.16µm
_04846_,9.16µm
_04903_,9.16µm
_06135_,9.16µm
_06863_,9.16µm
_07096_,9.16µm
_08246_,9.16µm
_09339_,9.16µm
_10895_,9.16µm
_10955_,9.16µm
_11316_,9.16µm
_13155_,9.16µm
_13478_,9.16µm
_13611_,9.16µm
_13771_,9.16µm
_14156_,9.16µm
_14555_,9.16µm
_15482_,9.16µm
_18625_,9.16µm
_19392_,9.16µm
_20090_,9.16µm
_02056_,9.155µm
_08810_,9.15µm
_03953_,9.14µm
_05218_,9.14µm
_06607_,9.14µm
_11057_,9.14µm
_11547_,9.14µm
_13425_,9.14µm
_15993_,9.14µm
_16723_,9.14µm
_17047_,9.14µm
_19903_,9.14µm
_21623_,9.14µm
_06963_,9.135µm
_11977_,9.135µm
_00255_,9.125µm
_02575_,9.12µm
_02595_,9.12µm
_04310_,9.12µm
_04673_,9.12µm
_04722_,9.12µm
_05572_,9.12µm
_06565_,9.12µm
_07848_,9.12µm
_08159_,9.12µm
_08168_,9.12µm
_08423_,9.12µm
_09912_,9.12µm
_10656_,9.12µm
_11207_,9.12µm
_11319_,9.12µm
_11533_,9.12µm
_11741_,9.12µm
_11754_,9.12µm
_11813_,9.12µm
_11829_,9.12µm
_12908_,9.12µm
_14008_,9.12µm
_14986_,9.12µm
_18424_,9.12µm
_18962_,9.12µm
net1316,9.12µm
fma_out\[3\]\[8\],9.12µm
clknet_leaf_559_clk,9.12µm
_17031_,9.115µm
_18740_,9.11µm
_03733_,9.1µm
_09244_,9.1µm
_10413_,9.1µm
_11081_,9.1µm
_14064_,9.1µm
_20889_,9.1µm
_21214_,9.1µm
_04483_,9.09µm
_07751_,9.09µm
_17080_,9.085µm
_02454_,9.08µm
_03909_,9.08µm
_04508_,9.08µm
_05707_,9.08µm
_06427_,9.08µm
_06733_,9.08µm
_07051_,9.08µm
_07314_,9.08µm
_07436_,9.08µm
_07475_,9.08µm
_09089_,9.08µm
_09169_,9.08µm
_10262_,9.08µm
_11006_,9.08µm
_12774_,9.08µm
_13384_,9.08µm
_13650_,9.08µm
_14695_,9.08µm
_19308_,9.08µm
_20008_,9.08µm
_22068_,9.08µm
net1094,9.08µm
_14488_,9.07µm
_16653_,9.065µm
_03022_,9.06µm
_03499_,9.06µm
_04339_,9.06µm
_06637_,9.06µm
_07773_,9.06µm
_09209_,9.06µm
_09707_,9.06µm
_09749_,9.06µm
_10472_,9.06µm
_14061_,9.06µm
_14232_,9.06µm
_15356_,9.06µm
_15395_,9.06µm
_17153_,9.06µm
_20579_,9.06µm
_20705_,9.06µm
_21287_,9.06µm
net1597,9.06µm
_01449_,9.055µm
_21506_,9.05µm
_02708_,9.045µm
_02855_,9.04µm
_03685_,9.04µm
_03863_,9.04µm
_03975_,9.04µm
_04202_,9.04µm
_04641_,9.04µm
_06120_,9.04µm
_06530_,9.04µm
_06784_,9.04µm
_07243_,9.04µm
_07336_,9.04µm
_07995_,9.04µm
_09858_,9.04µm
_10610_,9.04µm
_10686_,9.04µm
_12163_,9.04µm
_12734_,9.04µm
_12980_,9.04µm
_13068_,9.04µm
_13200_,9.04µm
_13635_,9.04µm
_15007_,9.04µm
_16965_,9.04µm
_17253_,9.04µm
_17658_,9.04µm
_17836_,9.04µm
_19463_,9.04µm
_20153_,9.04µm
_20375_,9.04µm
_21203_,9.04µm
_21312_,9.04µm
_00704_,9.035µm
_02201_,9.035µm
_00004_,9.025µm
_00967_,9.025µm
_02471_,9.02µm
_02817_,9.02µm
_04149_,9.02µm
_04484_,9.02µm
_05163_,9.02µm
_05180_,9.02µm
_05238_,9.02µm
_05923_,9.02µm
_07294_,9.02µm
_07943_,9.02µm
_07946_,9.02µm
_09610_,9.02µm
_10128_,9.02µm
_10884_,9.02µm
_11140_,9.02µm
_12710_,9.02µm
_13180_,9.02µm
_13404_,9.02µm
_14391_,9.02µm
_15430_,9.02µm
_16625_,9.02µm
_17342_,9.02µm
_19234_,9.02µm
_19500_,9.02µm
_19618_,9.02µm
_19895_,9.02µm
_20115_,9.02µm
_21387_,9.02µm
_21676_,9.02µm
_21753_,9.02µm
_21812_,9.02µm
net1584,9.02µm
_14091_,9.015µm
_08208_,9.01µm
_02253_,9.005µm
_02583_,9µm
_03587_,9µm
_04115_,9µm
_04258_,9µm
_05878_,9µm
_06187_,9µm
_06513_,9µm
_06587_,9µm
_06987_,9µm
_07661_,9µm
_08025_,9µm
_08622_,9µm
_09948_,9µm
_10854_,9µm
_12723_,9µm
_12982_,9µm
_15477_,9µm
_18719_,9µm
_18769_,9µm
_19090_,9µm
_20105_,9µm
_21020_,9µm
_21163_,9µm
_21473_,9µm
_21509_,9µm
_00786_,8.995µm
_13714_,8.99µm
_00304_,8.985µm
_01677_,8.985µm
_01740_,8.985µm
_02099_,8.985µm
_02171_,8.985µm
_01229_,8.98µm
_03130_,8.98µm
_03143_,8.98µm
_03243_,8.98µm
_03389_,8.98µm
_04168_,8.98µm
_06773_,8.98µm
_07366_,8.98µm
_09438_,8.98µm
_10114_,8.98µm
_10670_,8.98µm
_10966_,8.98µm
_11574_,8.98µm
_11825_,8.98µm
_12155_,8.98µm
_14026_,8.98µm
_18137_,8.98µm
_18466_,8.98µm
_19248_,8.98µm
_20573_,8.98µm
_21107_,8.98µm
_21573_,8.98µm
net425,8.98µm
_05921_,8.975µm
_15947_,8.975µm
_00315_,8.965µm
_01546_,8.965µm
_01830_,8.96µm
_05439_,8.96µm
_08345_,8.96µm
_08861_,8.96µm
_11755_,8.96µm
_13584_,8.96µm
_15501_,8.96µm
_16791_,8.96µm
_19573_,8.96µm
_19650_,8.96µm
_19981_,8.96µm
_21883_,8.96µm
net410,8.96µm
net1555,8.96µm
_00797_,8.955µm
_01405_,8.955µm
_10867_,8.95µm
_01536_,8.945µm
_04617_,8.945µm
_00482_,8.94µm
_02755_,8.94µm
_03997_,8.94µm
_07566_,8.94µm
_08380_,8.94µm
_08943_,8.94µm
_09354_,8.94µm
_10190_,8.94µm
_10349_,8.94µm
_11106_,8.94µm
_11704_,8.94µm
_12145_,8.94µm
_12373_,8.94µm
_13722_,8.94µm
_14882_,8.94µm
_15253_,8.94µm
_16215_,8.94µm
_16639_,8.94µm
_16776_,8.94µm
_18534_,8.94µm
_19270_,8.94µm
_20279_,8.94µm
_22018_,8.94µm
_00326_,8.925µm
alu_out\[3\]\[8\],8.925µm
_02701_,8.92µm
_02993_,8.92µm
_04736_,8.92µm
_05315_,8.92µm
_05479_,8.92µm
_06723_,8.92µm
_07622_,8.92µm
_09081_,8.92µm
_10127_,8.92µm
_12151_,8.92µm
_13825_,8.92µm
_18235_,8.92µm
_18304_,8.92µm
_21852_,8.92µm
net1095,8.92µm
systolic_compute_drain\[1\],8.92µm
_07249_,8.915µm
_08939_,8.915µm
_12007_,8.905µm
_02529_,8.9µm
_03660_,8.9µm
_03713_,8.9µm
_04423_,8.9µm
_06474_,8.9µm
_07139_,8.9µm
_07200_,8.9µm
_07247_,8.9µm
_07686_,8.9µm
_08013_,8.9µm
_08496_,8.9µm
_08878_,8.9µm
_08993_,8.9µm
_09403_,8.9µm
_09440_,8.9µm
_09577_,8.9µm
_10104_,8.9µm
_10445_,8.9µm
_10677_,8.9µm
_11238_,8.9µm
_12856_,8.9µm
_12984_,8.9µm
_13004_,8.9µm
_13115_,8.9µm
_13334_,8.9µm
_13523_,8.9µm
_13547_,8.9µm
_13977_,8.9µm
_15237_,8.9µm
_15516_,8.9µm
_15659_,8.9µm
_17199_,8.9µm
_17664_,8.9µm
_18536_,8.9µm
_19157_,8.9µm
_19527_,8.9µm
_20265_,8.9µm
_20386_,8.9µm
_20676_,8.9µm
_20863_,8.9µm
_21351_,8.9µm
net378,8.9µm
_01913_,8.895µm
_00301_,8.89µm
_15020_,8.89µm
_00699_,8.885µm
_05369_,8.88µm
_06330_,8.88µm
_08258_,8.88µm
_09939_,8.88µm
_11797_,8.88µm
_11972_,8.88µm
_12701_,8.88µm
_13534_,8.88µm
_13634_,8.88µm
_14145_,8.88µm
_15973_,8.88µm
_16327_,8.88µm
_19567_,8.88µm
_20878_,8.88µm
_22021_,8.88µm
_01807_,8.875µm
_16997_,8.87µm
_00503_,8.865µm
_01052_,8.865µm
_01136_,8.865µm
_01629_,8.865µm
_16083_,8.865µm
_00093_,8.86µm
_01950_,8.86µm
_02126_,8.86µm
_02389_,8.86µm
_06348_,8.86µm
_06640_,8.86µm
_07418_,8.86µm
_09191_,8.86µm
_10029_,8.86µm
_14938_,8.86µm
_15935_,8.86µm
_15938_,8.86µm
_17784_,8.86µm
_18035_,8.86µm
_19222_,8.86µm
_20026_,8.86µm
_06600_,8.855µm
alu_out\[3\]\[9\],8.85µm
_01363_,8.84µm
_04448_,8.84µm
_05417_,8.84µm
_06143_,8.84µm
_06162_,8.84µm
_07324_,8.84µm
_07800_,8.84µm
_09148_,8.84µm
_10390_,8.84µm
_11122_,8.84µm
_16393_,8.84µm
_16542_,8.84µm
_17475_,8.84µm
_18372_,8.84µm
_02875_,8.83µm
_11189_,8.83µm
_00881_,8.825µm
_04442_,8.82µm
_04870_,8.82µm
_05944_,8.82µm
_05971_,8.82µm
_06048_,8.82µm
_06421_,8.82µm
_07462_,8.82µm
_08131_,8.82µm
_08179_,8.82µm
_08210_,8.82µm
_08600_,8.82µm
_09132_,8.82µm
_09523_,8.82µm
_11375_,8.82µm
_12814_,8.82µm
_12872_,8.82µm
_14564_,8.82µm
_14612_,8.82µm
_14771_,8.82µm
_14834_,8.82µm
_15133_,8.82µm
_15599_,8.82µm
_18315_,8.82µm
_18891_,8.82µm
_19176_,8.82µm
_20345_,8.82µm
_21077_,8.82µm
_21175_,8.82µm
_21240_,8.82µm
_22030_,8.82µm
net1530,8.82µm
net1691,8.82µm
_02709_,8.8µm
_03558_,8.8µm
_03869_,8.8µm
_05835_,8.8µm
_06852_,8.8µm
_07301_,8.8µm
_07351_,8.8µm
_08581_,8.8µm
_09587_,8.8µm
_10122_,8.8µm
_13107_,8.8µm
_15206_,8.8µm
_15248_,8.8µm
_19077_,8.8µm
_20586_,8.8µm
_21189_,8.8µm
_21475_,8.8µm
_21730_,8.8µm
_19801_,8.79µm
_00876_,8.785µm
_02864_,8.78µm
_03025_,8.78µm
_03167_,8.78µm
_04434_,8.78µm
_06294_,8.78µm
_06481_,8.78µm
_08088_,8.78µm
_08586_,8.78µm
_09088_,8.78µm
_10782_,8.78µm
_11123_,8.78µm
_11474_,8.78µm
_12833_,8.78µm
_14837_,8.78µm
_15275_,8.78µm
_15861_,8.78µm
_17158_,8.78µm
_17330_,8.78µm
_17574_,8.78µm
_18530_,8.78µm
_19001_,8.78µm
_19498_,8.78µm
_20418_,8.78µm
_21096_,8.78µm
_21200_,8.78µm
_21403_,8.78µm
_21453_,8.78µm
_21680_,8.78µm
_22064_,8.78µm
net906,8.78µm
_01637_,8.775µm
_00894_,8.76µm
_03178_,8.76µm
_04506_,8.76µm
_05282_,8.76µm
_09983_,8.76µm
_13116_,8.76µm
_15062_,8.76µm
_19413_,8.76µm
_21263_,8.76µm
systolic_arrays\[0\].systolic_array_inst.g_row\[0\].g_col\[0\].pe.r3_prod_mant\[9\],8.76µm
_10870_,8.75µm
_00630_,8.745µm
_00890_,8.745µm
_02087_,8.745µm
_01235_,8.74µm
_03205_,8.74µm
_06964_,8.74µm
_07132_,8.74µm
_07276_,8.74µm
_07471_,8.74µm
_07671_,8.74µm
_07699_,8.74µm
_09592_,8.74µm
_09668_,8.74µm
_11060_,8.74µm
_11943_,8.74µm
_18992_,8.74µm
_19148_,8.74µm
_19290_,8.74µm
_19651_,8.74µm
_21306_,8.74µm
net1112,8.74µm
clknet_leaf_421_clk,8.74µm
_17325_,8.735µm
_01741_,8.725µm
_01869_,8.725µm
_16468_,8.72µm
_17219_,8.715µm
_01861_,8.71µm
_07064_,8.71µm
_10518_,8.71µm
_19332_,8.71µm
_01038_,8.705µm
_01077_,8.705µm
_02910_,8.7µm
_02975_,8.7µm
_03526_,8.7µm
_03765_,8.7µm
_04186_,8.7µm
_04679_,8.7µm
_04964_,8.7µm
_05404_,8.7µm
_05532_,8.7µm
_05857_,8.7µm
_06286_,8.7µm
_06337_,8.7µm
_06898_,8.7µm
_07217_,8.7µm
_10209_,8.7µm
_10766_,8.7µm
_11805_,8.7µm
_11873_,8.7µm
_12526_,8.7µm
_12960_,8.7µm
_13012_,8.7µm
_13045_,8.7µm
_13558_,8.7µm
_14840_,8.7µm
_15468_,8.7µm
_15634_,8.7µm
_16085_,8.7µm
_19206_,8.7µm
_19890_,8.7µm
_20018_,8.7µm
_20023_,8.7µm
_21170_,8.7µm
_21219_,8.7µm
_00207_,8.68µm
_02229_,8.68µm
_03666_,8.68µm
_04395_,8.68µm
_06395_,8.68µm
_10946_,8.68µm
_11614_,8.68µm
_19306_,8.68µm
_20043_,8.68µm
_20119_,8.68µm
systolic_arrays\[0\].systolic_array_inst.a_reg\[6\],8.68µm
_18356_,8.675µm
net1283,8.67µm
instruction_for_decode[0],8.67µm
_00220_,8.665µm
_00767_,8.665µm
_02466_,8.66µm
_02894_,8.66µm
_03278_,8.66µm
_03295_,8.66µm
_03670_,8.66µm
_04367_,8.66µm
_04995_,8.66µm
_05289_,8.66µm
_05506_,8.66µm
_05768_,8.66µm
_06214_,8.66µm
_06822_,8.66µm
_07164_,8.66µm
_07300_,8.66µm
_07416_,8.66µm
_07695_,8.66µm
_07780_,8.66µm
_08231_,8.66µm
_08576_,8.66µm
_09557_,8.66µm
_10650_,8.66µm
_10997_,8.66µm
_11270_,8.66µm
_12628_,8.66µm
_12997_,8.66µm
_13521_,8.66µm
_13817_,8.66µm
_14024_,8.66µm
_14173_,8.66µm
_14348_,8.66µm
_14815_,8.66µm
_15975_,8.66µm
_19107_,8.66µm
_19228_,8.66µm
_19622_,8.66µm
_20360_,8.66µm
_20571_,8.66µm
_21384_,8.66µm
_21496_,8.66µm
systolic_arrays\[0\].systolic_array_inst.g_row\[0\].g_col\[0\].pe.r2_mantissa\[5\],8.66µm
systolic_arrays\[1\].systolic_array_inst.a_reg\[3\],8.66µm
_06742_,8.65µm
_15421_,8.65µm
_01044_,8.645µm
_01282_,8.645µm
_00293_,8.64µm
_03035_,8.64µm
_08428_,8.64µm
_13597_,8.64µm
_19292_,8.64µm
_21877_,8.64µm
_21365_,8.63µm
_00445_,8.625µm
_01209_,8.625µm
_01767_,8.625µm
_02949_,8.62µm
_06051_,8.62µm
_06749_,8.62µm
_08299_,8.62µm
_08851_,8.62µm
_09786_,8.62µm
_11223_,8.62µm
_12342_,8.62µm
_12748_,8.62µm
_13341_,8.62µm
_13799_,8.62µm
_15348_,8.62µm
_15535_,8.62µm
_16718_,8.62µm
_20950_,8.62µm
_00228_,8.615µm
_01505_,8.615µm
_01995_,8.615µm
_02156_,8.615µm
_13687_,8.61µm
_02154_,8.605µm
_03719_,8.6µm
_04882_,8.6µm
_06761_,8.6µm
_12867_,8.6µm
_13514_,8.6µm
_15394_,8.6µm
_15397_,8.6µm
_15974_,8.6µm
_17480_,8.6µm
_20766_,8.6µm
_21875_,8.6µm
_05322_,8.59µm
_05406_,8.59µm
_10916_,8.59µm
_16497_,8.59µm
_18650_,8.59µm
_01583_,8.585µm
_02311_,8.58µm
_02729_,8.58µm
_03659_,8.58µm
_05061_,8.58µm
_05220_,8.58µm
_06829_,8.58µm
_06853_,8.58µm
_07305_,8.58µm
_07493_,8.58µm
_07984_,8.58µm
_09623_,8.58µm
_09679_,8.58µm
_13016_,8.58µm
_13506_,8.58µm
_14717_,8.58µm
_15161_,8.58µm
_15361_,8.58µm
_16197_,8.58µm
_16209_,8.58µm
_17128_,8.58µm
_18631_,8.58µm
_18639_,8.58µm
_19517_,8.58µm
_19536_,8.58µm
_19995_,8.58µm
_20110_,8.58µm
_20221_,8.58µm
_21083_,8.58µm
_21201_,8.58µm
net1457,8.58µm
scheduler_instance.branch_diverge_inst.stack_target_pc\[0\]\[6\],8.58µm
_00200_,8.575µm
_06838_,8.57µm
_01417_,8.56µm
_02310_,8.56µm
_03360_,8.56µm
_03401_,8.56µm
_03724_,8.56µm
_04671_,8.56µm
_05806_,8.56µm
_05936_,8.56µm
_07791_,8.56µm
_08144_,8.56µm
_10847_,8.56µm
_11231_,8.56µm
_11458_,8.56µm
_11944_,8.56µm
_12389_,8.56µm
_13071_,8.56µm
_14002_,8.56µm
_15265_,8.56µm
_16519_,8.56µm
_17947_,8.56µm
_18691_,8.56µm
_19987_,8.56µm
_19997_,8.56µm
_20030_,8.56µm
_20158_,8.56µm
_20570_,8.56µm
_21931_,8.56µm
net1173,8.56µm
systolic_arrays\[1\].systolic_array_inst.g_row\[0\].g_col\[1\].pe.r3_prod_sign,8.56µm
net1627,8.56µm
_18967_,8.55µm
_00316_,8.545µm
_02753_,8.54µm
_02800_,8.54µm
_03528_,8.54µm
_04341_,8.54µm
_10188_,8.54µm
_11647_,8.54µm
_18678_,8.54µm
_19133_,8.54µm
_19186_,8.54µm
_20466_,8.54µm
_21666_,8.54µm
_00277_,8.525µm
_01759_,8.525µm
_02486_,8.52µm
_03963_,8.52µm
_04647_,8.52µm
_04765_,8.52µm
_05780_,8.52µm
_06547_,8.52µm
_06646_,8.52µm
_06825_,8.52µm
_07836_,8.52µm
_10072_,8.52µm
_11901_,8.52µm
_12920_,8.52µm
_15546_,8.52µm
_19613_,8.52µm
_21225_,8.52µm
_21700_,8.52µm
_21973_,8.52µm
net1356,8.52µm
net1187,8.52µm
_18996_,8.515µm
_03298_,8.5µm
_04400_,8.5µm
_04609_,8.5µm
_05592_,8.5µm
_06217_,8.5µm
_07235_,8.5µm
_07874_,8.5µm
_08761_,8.5µm
_10671_,8.5µm
_15887_,8.5µm
_17177_,8.5µm
_20052_,8.5µm
_20114_,8.5µm
_21690_,8.5µm
net1719,8.5µm
_00580_,8.495µm
_00848_,8.495µm
_20220_,8.495µm
_04618_,8.48µm
_04626_,8.48µm
_04704_,8.48µm
_05423_,8.48µm
_06172_,8.48µm
_06609_,8.48µm
_06620_,8.48µm
_07772_,8.48µm
_08281_,8.48µm
_09335_,8.48µm
_10469_,8.48µm
_10643_,8.48µm
_13187_,8.48µm
_13620_,8.48µm
_14602_,8.48µm
_14835_,8.48µm
_14865_,8.48µm
_16119_,8.48µm
_16642_,8.48µm
_18510_,8.48µm
_19721_,8.48µm
_19893_,8.48µm
_20001_,8.48µm
_20346_,8.48µm
_20792_,8.48µm
_21067_,8.48µm
_21102_,8.48µm
_21966_,8.48µm
_06227_,8.475µm
_01865_,8.47µm
_19848_,8.47µm
_03532_,8.46µm
_03776_,8.46µm
_04278_,8.46µm
_04500_,8.46µm
_04501_,8.46µm
_04895_,8.46µm
_05130_,8.46µm
_06865_,8.46µm
_07062_,8.46µm
_07138_,8.46µm
_07501_,8.46µm
_08985_,8.46µm
_09227_,8.46µm
_10063_,8.46µm
_11559_,8.46µm
_12065_,8.46µm
_13615_,8.46µm
_13810_,8.46µm
_15160_,8.46µm
_15481_,8.46µm
_18502_,8.46µm
_19400_,8.46µm
_20308_,8.46µm
_21023_,8.46µm
net355,8.46µm
_02684_,8.44µm
_02762_,8.44µm
_02901_,8.44µm
_03188_,8.44µm
_03276_,8.44µm
_04379_,8.44µm
_04410_,8.44µm
_04728_,8.44µm
_05434_,8.44µm
_05743_,8.44µm
_06355_,8.44µm
_07311_,8.44µm
_08551_,8.44µm
_08783_,8.44µm
_09170_,8.44µm
_09662_,8.44µm
_10252_,8.44µm
_10260_,8.44µm
_11214_,8.44µm
_11344_,8.44µm
_11527_,8.44µm
_12266_,8.44µm
_12347_,8.44µm
_12397_,8.44µm
_12441_,8.44µm
_13526_,8.44µm
_13951_,8.44µm
_13953_,8.44µm
_14016_,8.44µm
_14518_,8.44µm
_14582_,8.44µm
_14976_,8.44µm
_15358_,8.44µm
_17389_,8.44µm
_17501_,8.44µm
_18520_,8.44µm
_19230_,8.44µm
_19570_,8.44µm
_19959_,8.44µm
_20258_,8.44µm
_20739_,8.44µm
_20764_,8.44µm
_20820_,8.44µm
_20857_,8.44µm
_20943_,8.44µm
_21552_,8.44µm
_21776_,8.44µm
_21941_,8.44µm
scheduler_instance.branch_diverge_inst.stack_mask\[1\]\[0\],8.44µm
scheduler_instance.branch_diverge_inst.stack_target_pc\[1\]\[1\],8.44µm
_00129_,8.435µm
_01459_,8.425µm
_04041_,8.42µm
_05271_,8.42µm
_06675_,8.42µm
_07520_,8.42µm
_08746_,8.42µm
_12527_,8.42µm
_13023_,8.42µm
_13137_,8.42µm
_16106_,8.42µm
_16144_,8.42µm
_17472_,8.42µm
_19048_,8.42µm
_19389_,8.42µm
_19983_,8.42µm
_21541_,8.42µm
_21972_,8.42µm
_06693_,8.415µm
_00245_,8.405µm
_01683_,8.405µm
_16087_,8.405µm
_00314_,8.4µm
_03212_,8.4µm
_03617_,8.4µm
_04293_,8.4µm
_05140_,8.4µm
_05172_,8.4µm
_06212_,8.4µm
_08813_,8.4µm
_09155_,8.4µm
_10741_,8.4µm
_11135_,8.4µm
_11753_,8.4µm
_11936_,8.4µm
_11942_,8.4µm
_12806_,8.4µm
_12822_,8.4µm
_13896_,8.4µm
_14690_,8.4µm
_15590_,8.4µm
_16078_,8.4µm
_16604_,8.4µm
_16969_,8.4µm
_17103_,8.4µm
_17917_,8.4µm
_19173_,8.4µm
_19533_,8.4µm
_20174_,8.4µm
_20893_,8.4µm
_21046_,8.4µm
_21762_,8.4µm
_09108_,8.39µm
_20830_,8.39µm
_03582_,8.38µm
_04254_,8.38µm
_04917_,8.38µm
_05232_,8.38µm
_06289_,8.38µm
_14577_,8.38µm
_15346_,8.38µm
_21190_,8.38µm
_00905_,8.375µm
_01050_,8.375µm
_01732_,8.365µm
_02162_,8.365µm
_02355_,8.36µm
_02549_,8.36µm
_02572_,8.36µm
_02706_,8.36µm
_02748_,8.36µm
_03026_,8.36µm
_03862_,8.36µm
_04128_,8.36µm
_04775_,8.36µm
_05759_,8.36µm
_06321_,8.36µm
_07058_,8.36µm
_07485_,8.36µm
_08098_,8.36µm
_08880_,8.36µm
_09033_,8.36µm
_09670_,8.36µm
_09676_,8.36µm
_10864_,8.36µm
_12793_,8.36µm
_12880_,8.36µm
_13083_,8.36µm
_13955_,8.36µm
_14738_,8.36µm
_15257_,8.36µm
_16424_,8.36µm
_18835_,8.36µm
_20217_,8.36µm
_21032_,8.36µm
_21245_,8.36µm
_21432_,8.36µm
_21504_,8.36µm
net1547,8.36µm
_15850_,8.355µm
_09456_,8.35µm
_01078_,8.34µm
_01390_,8.34µm
_08643_,8.34µm
_09593_,8.34µm
_12117_,8.34µm
_14704_,8.34µm
_18568_,8.34µm
_18634_,8.34µm
_18721_,8.34µm
_19524_,8.34µm
scheduler_instance.branch_diverge_inst.stack_target_pc\[1\]\[3\],8.34µm
_01096_,8.325µm
_01930_,8.32µm
_01970_,8.32µm
_01975_,8.32µm
_02850_,8.32µm
_03118_,8.32µm
_03284_,8.32µm
_03297_,8.32µm
_03391_,8.32µm
_03522_,8.32µm
_03577_,8.32µm
_03710_,8.32µm
_04030_,8.32µm
_04819_,8.32µm
_05096_,8.32µm
_05771_,8.32µm
_06574_,8.32µm
_06955_,8.32µm
_07089_,8.32µm
_07368_,8.32µm
_07549_,8.32µm
_07609_,8.32µm
_08024_,8.32µm
_08134_,8.32µm
_09193_,8.32µm
_10863_,8.32µm
_10891_,8.32µm
_11050_,8.32µm
_11579_,8.32µm
_11821_,8.32µm
_12136_,8.32µm
_12335_,8.32µm
_13290_,8.32µm
_13415_,8.32µm
_13590_,8.32µm
_13653_,8.32µm
_13726_,8.32µm
_13960_,8.32µm
_13989_,8.32µm
_15023_,8.32µm
_15350_,8.32µm
_15666_,8.32µm
_17563_,8.32µm
_17748_,8.32µm
_18199_,8.32µm
_18739_,8.32µm
_20284_,8.32µm
_20464_,8.32µm
_20717_,8.32µm
_20914_,8.32µm
_21257_,8.32µm
_21577_,8.32µm
_21595_,8.32µm
net1707,8.32µm
_02184_,8.315µm
_07456_,8.31µm
_21965_,8.31µm
program_mem_read_data[1],8.31µm
_01785_,8.305µm
_00493_,8.3µm
_05579_,8.3µm
_09909_,8.3µm
_12392_,8.3µm
_13537_,8.3µm
_17228_,8.3µm
_18080_,8.3µm
_00185_,8.285µm
_01228_,8.285µm
_01878_,8.285µm
_05669_,8.28µm
_05890_,8.28µm
_06301_,8.28µm
_09018_,8.28µm
_10571_,8.28µm
_11486_,8.28µm
_17351_,8.28µm
_20574_,8.28µm
_21463_,8.28µm
_21969_,8.28µm
_22000_,8.28µm
_00622_,8.275µm
_13382_,8.27µm
_21158_,8.27µm
_00766_,8.26µm
_03842_,8.26µm
_03939_,8.26µm
_06658_,8.26µm
_08923_,8.26µm
_20963_,8.26µm
_10315_,8.245µm
_02867_,8.24µm
_02946_,8.24µm
_03418_,8.24µm
_04729_,8.24µm
_04907_,8.24µm
_05580_,8.24µm
_05714_,8.24µm
_06347_,8.24µm
_07101_,8.24µm
_07212_,8.24µm
_07917_,8.24µm
_09480_,8.24µm
_09699_,8.24µm
_10642_,8.24µm
_11195_,8.24µm
_12607_,8.24µm
_13752_,8.24µm
_14748_,8.24µm
_14948_,8.24µm
_15340_,8.24µm
_15779_,8.24µm
_18715_,8.24µm
_18774_,8.24µm
_19596_,8.24µm
_20348_,8.24µm
_20405_,8.24µm
_20753_,8.24µm
_21568_,8.24µm
scheduler_instance.branch_diverge_inst.next_pc\[8\],8.24µm
scheduler_instance.branch_diverge_inst.stack_target_pc\[0\]\[4\],8.24µm
_01895_,8.235µm
_20839_,8.23µm
_00642_,8.225µm
_00254_,8.22µm
_07126_,8.22µm
_07787_,8.22µm
_11465_,8.22µm
_17554_,8.22µm
_21560_,8.22µm
_00733_,8.205µm
_02220_,8.205µm
_02796_,8.2µm
_02803_,8.2µm
_02986_,8.2µm
_03461_,8.2µm
_03469_,8.2µm
_03610_,8.2µm
_03981_,8.2µm
_04082_,8.2µm
_04180_,8.2µm
_05912_,8.2µm
_06446_,8.2µm
_07905_,8.2µm
_08749_,8.2µm
_09432_,8.2µm
_09719_,8.2µm
_10450_,8.2µm
_10858_,8.2µm
_11029_,8.2µm
_11273_,8.2µm
_11630_,8.2µm
_11896_,8.2µm
_12926_,8.2µm
_13128_,8.2µm
_13209_,8.2µm
_14148_,8.2µm
_14795_,8.2µm
_14888_,8.2µm
_15619_,8.2µm
_15675_,8.2µm
_15737_,8.2µm
_15802_,8.2µm
_18743_,8.2µm
_18799_,8.2µm
_19528_,8.2µm
_19540_,8.2µm
_19594_,8.2µm
_20022_,8.2µm
_20577_,8.2µm
_20597_,8.2µm
_21029_,8.2µm
_21104_,8.2µm
_21707_,8.2µm
_22092_,8.2µm
_01499_,8.195µm
_06562_,8.195µm
_16242_,8.195µm
_21054_,8.195µm
_08139_,8.19µm
net380,8.19µm
_01122_,8.185µm
_02445_,8.18µm
_04207_,8.18µm
_04643_,8.18µm
_04691_,8.18µm
_08974_,8.18µm
_12970_,8.18µm
_16021_,8.18µm
fma_out\[2\]\[0\],8.18µm
_00135_,8.165µm
_00372_,8.165µm
_00196_,8.16µm
_02725_,8.16µm
_02778_,8.16µm
_05405_,8.16µm
_05507_,8.16µm
_05723_,8.16µm
_06791_,8.16µm
_09845_,8.16µm
_10909_,8.16µm
_11783_,8.16µm
_12658_,8.16µm
_12897_,8.16µm
_12904_,8.16µm
_13911_,8.16µm
_14567_,8.16µm
_14761_,8.16µm
_14780_,8.16µm
_15626_,8.16µm
_19040_,8.16µm
_19091_,8.16µm
_19339_,8.16µm
_19785_,8.16µm
_19846_,8.16µm
_21549_,8.16µm
_21923_,8.16µm
_00123_,8.155µm
_00878_,8.155µm
_01043_,8.155µm
_01855_,8.155µm
_16634_,8.155µm
_10009_,8.15µm
_14829_,8.145µm
_06102_,8.14µm
_06828_,8.14µm
_07424_,8.14µm
_09383_,8.14µm
_09966_,8.14µm
_11540_,8.14µm
_12633_,8.14µm
_13246_,8.14µm
_13723_,8.14µm
_14328_,8.14µm
_15872_,8.14µm
_18226_,8.14µm
_20307_,8.14µm
net1155,8.14µm
net1680,8.14µm
_16806_,8.135µm
_09341_,8.13µm
_21778_,8.13µm
_00670_,8.125µm
_02458_,8.12µm
_02510_,8.12µm
_02519_,8.12µm
_03774_,8.12µm
_03957_,8.12µm
_05326_,8.12µm
_06682_,8.12µm
_08390_,8.12µm
_09043_,8.12µm
_09612_,8.12µm
_09951_,8.12µm
_10116_,8.12µm
_12245_,8.12µm
_12418_,8.12µm
_13057_,8.12µm
_13865_,8.12µm
_14229_,8.12µm
_14268_,8.12µm
_14913_,8.12µm
_15343_,8.12µm
_15419_,8.12µm
_16752_,8.12µm
_18696_,8.12µm
_18983_,8.12µm
_19762_,8.12µm
_19835_,8.12µm
_20131_,8.12µm
_20286_,8.12µm
_21150_,8.12µm
_02105_,8.115µm
_00768_,8.105µm
_01963_,8.105µm
_03630_,8.105µm
_02532_,8.1µm
_02721_,8.1µm
_02853_,8.1µm
_02905_,8.1µm
_02909_,8.1µm
_03086_,8.1µm
_04392_,8.1µm
_05670_,8.1µm
_06346_,8.1µm
_06592_,8.1µm
_06730_,8.1µm
_07505_,8.1µm
_08613_,8.1µm
_10247_,8.1µm
_10601_,8.1µm
_11445_,8.1µm
_13508_,8.1µm
_14476_,8.1µm
_14813_,8.1µm
_15003_,8.1µm
_15596_,8.1µm
_15745_,8.1µm
_16472_,8.1µm
_16698_,8.1µm
_17494_,8.1µm
_18498_,8.1µm
_18797_,8.1µm
_18890_,8.1µm
_19742_,8.1µm
_19818_,8.1µm
_21116_,8.1µm
_21661_,8.1µm
_21798_,8.1µm
pipe_systolic_op\[1\],8.1µm
_00251_,8.085µm
_00429_,8.085µm
_01721_,8.085µm
_02086_,8.085µm
_02088_,8.085µm
_02173_,8.085µm
_02295_,8.08µm
_03018_,8.08µm
_05459_,8.08µm
_06734_,8.08µm
_08120_,8.08µm
_08609_,8.08µm
_08927_,8.08µm
_09392_,8.08µm
_10201_,8.08µm
_11097_,8.08µm
_11239_,8.08µm
_12026_,8.08µm
_14569_,8.08µm
_18103_,8.08µm
_18627_,8.08µm
_19805_,8.08µm
_20959_,8.08µm
_21015_,8.08µm
_21833_,8.08µm
_14778_,8.075µm
_01244_,8.065µm
_14708_,8.065µm
_03917_,8.06µm
_04126_,8.06µm
_07565_,8.06µm
_07570_,8.06µm
_09198_,8.06µm
_09409_,8.06µm
_10990_,8.06µm
_11281_,8.06µm
_11287_,8.06µm
_13156_,8.06µm
_14674_,8.06µm
_14917_,8.06µm
_15046_,8.06µm
_16180_,8.06µm
_19184_,8.06µm
_19617_,8.06µm
_20797_,8.06µm
_21896_,8.06µm
net1325,8.06µm
_03232_,8.04µm
_04394_,8.04µm
_04682_,8.04µm
_06237_,8.04µm
_08041_,8.04µm
_09290_,8.04µm
_10754_,8.04µm
_11059_,8.04µm
_11107_,8.04µm
_12080_,8.04µm
_12430_,8.04µm
_16003_,8.04µm
_16189_,8.04µm
_16814_,8.04µm
_16821_,8.04µm
_17338_,8.04µm
_17826_,8.04µm
_21056_,8.04µm
net1341,8.04µm
_01354_,8.035µm
_08200_,8.03µm
_01813_,8.025µm
_00002_,8.02µm
_00332_,8.02µm
_02340_,8.02µm
_02615_,8.02µm
_04526_,8.02µm
_04889_,8.02µm
_05120_,8.02µm
_06477_,8.02µm
_06943_,8.02µm
_07933_,8.02µm
_08049_,8.02µm
_08094_,8.02µm
_08341_,8.02µm
_08689_,8.02µm
_09398_,8.02µm
_09614_,8.02µm
_09826_,8.02µm
_10086_,8.02µm
_10191_,8.02µm
_10246_,8.02µm
_12249_,8.02µm
_12787_,8.02µm
_14205_,8.02µm
_14527_,8.02µm
_14565_,8.02µm
_16198_,8.02µm
_16316_,8.02µm
_16381_,8.02µm
_16512_,8.02µm
_16540_,8.02µm
_16620_,8.02µm
_17511_,8.02µm
_18759_,8.02µm
_19070_,8.02µm
_19194_,8.02µm
_19417_,8.02µm
_20917_,8.02µm
_20955_,8.02µm
_21350_,8.02µm
net396,8.02µm
net1610,8.02µm
net1660,8.02µm
_03817_,8.015µm
scheduler_instance.branch_diverge_inst.stack_target_pc\[1\]\[4\],8.01µm
_02411_,8µm
_02995_,8µm
_03021_,8µm
_03680_,8µm
_04534_,8µm
_04832_,8µm
_05268_,8µm
_05441_,8µm
_05914_,8µm
_07440_,8µm
_07479_,8µm
_08675_,8µm
_10801_,8µm
_10860_,8µm
_11617_,8µm
_14378_,8µm
_14381_,8µm
_14953_,8µm
_15198_,8µm
_15460_,8µm
_18609_,8µm
_19269_,8µm
_19531_,8µm
_20304_,8µm
_20502_,8µm
_21343_,8µm
_21829_,8µm
_21954_,8µm
_02556_,7.98µm
_03135_,7.98µm
_03199_,7.98µm
_03971_,7.98µm
_05234_,7.98µm
_05644_,7.98µm
_05962_,7.98µm
_06195_,7.98µm
_07019_,7.98µm
_07492_,7.98µm
_07813_,7.98µm
_07869_,7.98µm
_08555_,7.98µm
_09001_,7.98µm
_09505_,7.98µm
_09580_,7.98µm
_09591_,7.98µm
_09631_,7.98µm
_09815_,7.98µm
_10003_,7.98µm
_10996_,7.98µm
_11510_,7.98µm
_11596_,7.98µm
_11661_,7.98µm
_12351_,7.98µm
_12630_,7.98µm
_12819_,7.98µm
_13172_,7.98µm
_13632_,7.98µm
_13800_,7.98µm
_13834_,7.98µm
_13844_,7.98µm
_14023_,7.98µm
_14340_,7.98µm
_14955_,7.98µm
_15006_,7.98µm
_15383_,7.98µm
_15487_,7.98µm
_15756_,7.98µm
_17304_,7.98µm
_19478_,7.98µm
_19616_,7.98µm
_20068_,7.98µm
_20305_,7.98µm
_20377_,7.98µm
_21618_,7.98µm
_21706_,7.98µm
net1485,7.98µm
net870,7.98µm
net1460,7.98µm
_00384_,7.975µm
_15098_,7.97µm
_01134_,7.965µm
_05951_,7.96µm
_07234_,7.96µm
_08645_,7.96µm
_13948_,7.96µm
_17040_,7.96µm
_17339_,7.96µm
_17456_,7.96µm
_19130_,7.96µm
_20441_,7.96µm
_06812_,7.95µm
_00640_,7.945µm
_00774_,7.945µm
_00860_,7.945µm
_00953_,7.945µm
_01110_,7.945µm
_01365_,7.945µm
_01374_,7.945µm
_01477_,7.945µm
_01752_,7.945µm
_01946_,7.945µm
_16836_,7.945µm
_02539_,7.94µm
_03119_,7.94µm
_03282_,7.94µm
_03424_,7.94µm
_03692_,7.94µm
_03704_,7.94µm
_04491_,7.94µm
_06461_,7.94µm
_06897_,7.94µm
_07555_,7.94µm
_08174_,7.94µm
_09368_,7.94µm
_09919_,7.94µm
_11046_,7.94µm
_11204_,7.94µm
_11549_,7.94µm
_11586_,7.94µm
_11598_,7.94µm
_13274_,7.94µm
_15673_,7.94µm
_15965_,7.94µm
_16481_,7.94µm
_16509_,7.94µm
_16650_,7.94µm
_17256_,7.94µm
_18529_,7.94µm
_18971_,7.94µm
_19744_,7.94µm
_20814_,7.94µm
_20829_,7.94µm
_20853_,7.94µm
_21437_,7.94µm
net403,7.94µm
net892,7.94µm
_16822_,7.935µm
_00239_,7.93µm
_01966_,7.93µm
_10911_,7.93µm
_19095_,7.93µm
_20387_,7.93µm
_00108_,7.92µm
_00310_,7.92µm
_00392_,7.92µm
_01426_,7.92µm
_02132_,7.92µm
_03318_,7.92µm
_07295_,7.92µm
_10092_,7.92µm
_14520_,7.92µm
_17055_,7.92µm
_04043_,7.91µm
_10132_,7.91µm
_12912_,7.91µm
_02506_,7.9µm
_02533_,7.9µm
_02782_,7.9µm
_03381_,7.9µm
_04473_,7.9µm
_04666_,7.9µm
_06230_,7.9µm
_06988_,7.9µm
_09113_,7.9µm
_10197_,7.9µm
_10690_,7.9µm
_10739_,7.9µm
_11818_,7.9µm
_12556_,7.9µm
_12676_,7.9µm
_13167_,7.9µm
_13499_,7.9µm
_13572_,7.9µm
_14093_,7.9µm
_14646_,7.9µm
_14667_,7.9µm
_18585_,7.9µm
_19141_,7.9µm
_20047_,7.9µm
_20301_,7.9µm
_20323_,7.9µm
_20347_,7.9µm
_20658_,7.9µm
_20956_,7.9µm
_21101_,7.9µm
_21856_,7.9µm
net398,7.9µm
_16673_,7.895µm
_03194_,7.89µm
_07659_,7.89µm
_02029_,7.885µm
_09931_,7.885µm
_02649_,7.88µm
_03011_,7.88µm
_03795_,7.88µm
_04831_,7.88µm
_08198_,7.88µm
_08401_,7.88µm
_09328_,7.88µm
_11101_,7.88µm
_12599_,7.88µm
_14492_,7.88µm
_15603_,7.88µm
_17609_,7.88µm
_19902_,7.88µm
_21563_,7.88µm
_00260_,7.875µm
_02254_,7.875µm
_00604_,7.865µm
_00837_,7.865µm
_02691_,7.86µm
_02957_,7.86µm
_03703_,7.86µm
_04240_,7.86µm
_05339_,7.86µm
_05546_,7.86µm
_05680_,7.86µm
_06271_,7.86µm
_06291_,7.86µm
_06806_,7.86µm
_07116_,7.86µm
_07812_,7.86µm
_08171_,7.86µm
_08194_,7.86µm
_08512_,7.86µm
_08726_,7.86µm
_09071_,7.86µm
_09448_,7.86µm
_10210_,7.86µm
_10636_,7.86µm
_11043_,7.86µm
_12123_,7.86µm
_12259_,7.86µm
_12429_,7.86µm
_12500_,7.86µm
_13729_,7.86µm
_13770_,7.86µm
_13933_,7.86µm
_13959_,7.86µm
_14076_,7.86µm
_14503_,7.86µm
_15558_,7.86µm
_15648_,7.86µm
_16558_,7.86µm
_17703_,7.86µm
_18533_,7.86µm
_19127_,7.86µm
_19475_,7.86µm
_21197_,7.86µm
net1483,7.86µm
threads\[2\].lsu_instance.mem_write_valid,7.86µm
net1723,7.86µm
_00723_,7.855µm
_01668_,7.855µm
_01875_,7.855µm
_07557_,7.85µm
_02102_,7.84µm
_07891_,7.84µm
_09375_,7.84µm
_16516_,7.84µm
_07973_,7.83µm
_19260_,7.83µm
_02014_,7.825µm
_02059_,7.825µm
_03559_,7.82µm
_07141_,7.82µm
_08001_,7.82µm
_08263_,7.82µm
_09390_,7.82µm
_09989_,7.82µm
_10545_,7.82µm
_15649_,7.82µm
_15723_,7.82µm
_17499_,7.82µm
_21467_,7.82µm
_21556_,7.82µm
_20277_,7.815µm
_20254_,7.81µm
_21786_,7.81µm
_00098_,7.805µm
_00166_,7.805µm
_00184_,7.805µm
_02180_,7.805µm
_17204_,7.805µm
_04152_,7.8µm
_16925_,7.8µm
net1488,7.8µm
net1104,7.8µm
scheduler_instance.branch_diverge_inst.stack_reconverge\[1\]\[5\],7.8µm
_04874_,7.795µm
_19182_,7.795µm
_04872_,7.79µm
_05278_,7.79µm
_10812_,7.785µm
_01939_,7.78µm
_02504_,7.78µm
_04021_,7.78µm
_04045_,7.78µm
_04456_,7.78µm
_05210_,7.78µm
_06533_,7.78µm
_06747_,7.78µm
_06785_,7.78µm
_06804_,7.78µm
_07180_,7.78µm
_07745_,7.78µm
_07969_,7.78µm
_09256_,7.78µm
_09336_,7.78µm
_09986_,7.78µm
_10244_,7.78µm
_10437_,7.78µm
_11078_,7.78µm
_11394_,7.78µm
_11757_,7.78µm
_11979_,7.78µm
_11998_,7.78µm
_12692_,7.78µm
_12717_,7.78µm
_13288_,7.78µm
_13764_,7.78µm
_14747_,7.78µm
_15013_,7.78µm
_15220_,7.78µm
_15326_,7.78µm
_18617_,7.78µm
_19660_,7.78µm
_19873_,7.78µm
_19894_,7.78µm
_19979_,7.78µm
_20162_,7.78µm
_20208_,7.78µm
_20942_,7.78µm
_21112_,7.78µm
_21662_,7.78µm
_21781_,7.78µm
alu_out\[3\]\[13\],7.78µm
_20059_,7.77µm
_00073_,7.765µm
_02304_,7.76µm
_03262_,7.76µm
_03624_,7.76µm
_03678_,7.76µm
_04677_,7.76µm
_07222_,7.76µm
_09404_,7.76µm
_11761_,7.76µm
_12444_,7.76µm
_13772_,7.76µm
_16193_,7.76µm
_16391_,7.76µm
_07979_,7.75µm
_10524_,7.75µm
_20934_,7.75µm
act_out\[3\]\[10\],7.75µm
_00798_,7.745µm
_01084_,7.745µm
_01361_,7.745µm
_07412_,7.745µm
_02622_,7.74µm
_02887_,7.74µm
_03264_,7.74µm
_03367_,7.74µm
_03476_,7.74µm
_04188_,7.74µm
_04364_,7.74µm
_05352_,7.74µm
_05513_,7.74µm
_05543_,7.74µm
_05673_,7.74µm
_05939_,7.74µm
_06228_,7.74µm
_06380_,7.74µm
_07022_,7.74µm
_07680_,7.74µm
_08016_,7.74µm
_08859_,7.74µm
_08867_,7.74µm
_09056_,7.74µm
_09893_,7.74µm
_10115_,7.74µm
_10332_,7.74µm
_10442_,7.74µm
_11035_,7.74µm
_11524_,7.74µm
_12133_,7.74µm
_12380_,7.74µm
_12950_,7.74µm
_13677_,7.74µm
_13807_,7.74µm
_14140_,7.74µm
_14536_,7.74µm
_17345_,7.74µm
_17816_,7.74µm
_18682_,7.74µm
_18860_,7.74µm
_20543_,7.74µm
_20630_,7.74µm
_21429_,7.74µm
_21861_,7.74µm
_21910_,7.74µm
net426,7.74µm
_01140_,7.735µm
_01802_,7.735µm
_16931_,7.735µm
_03634_,7.73µm
_01242_,7.725µm
_15908_,7.715µm
_01138_,7.705µm
_01836_,7.705µm
_02747_,7.7µm
_03070_,7.7µm
_04061_,7.7µm
_04649_,7.7µm
_05956_,7.7µm
_06191_,7.7µm
_07352_,7.7µm
_07605_,7.7µm
_11512_,7.7µm
_12105_,7.7µm
_13296_,7.7µm
_14274_,7.7µm
_16569_,7.7µm
_18461_,7.7µm
_20363_,7.7µm
_01211_,7.695µm
_02181_,7.695µm
_16732_,7.695µm
_02562_,7.69µm
_01503_,7.685µm
_01623_,7.68µm
_03226_,7.68µm
_05264_,7.68µm
_05462_,7.68µm
_07140_,7.68µm
_08814_,7.68µm
_09239_,7.68µm
_10185_,7.68µm
_10351_,7.68µm
_10441_,7.68µm
_10467_,7.68µm
_10633_,7.68µm
_10871_,7.68µm
_12763_,7.68µm
_13390_,7.68µm
_13967_,7.68µm
_16503_,7.68µm
_19162_,7.68µm
_19402_,7.68µm
_19521_,7.68µm
net1721,7.68µm
_19004_,7.67µm
_00081_,7.66µm
_03535_,7.66µm
_04496_,7.66µm
_04653_,7.66µm
_04762_,7.66µm
_05106_,7.66µm
_05471_,7.66µm
_05774_,7.66µm
_06717_,7.66µm
_07727_,7.66µm
_08145_,7.66µm
_08165_,7.66µm
_09267_,7.66µm
_09632_,7.66µm
_09830_,7.66µm
_10723_,7.66µm
_11243_,7.66µm
_11671_,7.66µm
_13222_,7.66µm
_13231_,7.66µm
_14318_,7.66µm
_14448_,7.66µm
_15011_,7.66µm
_15284_,7.66µm
_15450_,7.66µm
_15822_,7.66µm
_17235_,7.66µm
_18350_,7.66µm
_18795_,7.66µm
_19188_,7.66µm
_19437_,7.66µm
_19489_,7.66µm
_19783_,7.66µm
_19816_,7.66µm
_21043_,7.66µm
_21081_,7.66µm
threads\[0\].fma_instance.sign_r1,7.66µm
_14300_,7.65µm
_00649_,7.645µm
_00676_,7.645µm
_05455_,7.64µm
_05601_,7.64µm
_05952_,7.64µm
_06111_,7.64µm
_06117_,7.64µm
_08825_,7.64µm
_09040_,7.64µm
_09200_,7.64µm
_09674_,7.64µm
_10229_,7.64µm
_11709_,7.64µm
_12844_,7.64µm
_13319_,7.64µm
_13578_,7.64µm
_15040_,7.64µm
_15088_,7.64µm
_15987_,7.64µm
_17012_,7.64µm
_17205_,7.64µm
_17355_,7.64µm
_18535_,7.64µm
_18714_,7.64µm
_18816_,7.64µm
_19059_,7.64µm
_19455_,7.64µm
_19590_,7.64µm
_19802_,7.64µm
_20432_,7.64µm
_20736_,7.64µm
_21956_,7.64µm
net1307,7.64µm
net1641,7.64µm
_00355_,7.635µm
_00082_,7.625µm
_00089_,7.625µm
_00105_,7.625µm
_00112_,7.625µm
_00119_,7.625µm
_00154_,7.625µm
_00258_,7.625µm
_00367_,7.625µm
_00377_,7.625µm
_00418_,7.625µm
_00423_,7.625µm
_00430_,7.625µm
_00446_,7.625µm
_00450_,7.625µm
_00453_,7.625µm
_00480_,7.625µm
_01874_,7.625µm
_01960_,7.625µm
_01998_,7.625µm
_02015_,7.625µm
_02041_,7.625µm
_02066_,7.625µm
_02079_,7.625µm
_02089_,7.625µm
_02100_,7.625µm
_02112_,7.625µm
_02151_,7.625µm
_02161_,7.625µm
_02166_,7.625µm
_02204_,7.625µm
_02224_,7.625µm
_02235_,7.625µm
_02272_,7.625µm
_02285_,7.625µm
_02521_,7.62µm
_04198_,7.62µm
_04262_,7.62µm
_06398_,7.62µm
_07122_,7.62µm
_08794_,7.62µm
_11063_,7.62µm
_12420_,7.62µm
_13598_,7.62µm
_14098_,7.62µm
_15370_,7.62µm
_15788_,7.62µm
_20749_,7.62µm
_21438_,7.62µm
_16896_,7.615µm
_00270_,7.605µm
_00275_,7.605µm
_00948_,7.605µm
_01076_,7.605µm
_01221_,7.605µm
_01734_,7.605µm
_01904_,7.605µm
_02191_,7.605µm
_03255_,7.6µm
_04428_,7.6µm
_05615_,7.6µm
_07161_,7.6µm
_07867_,7.6µm
_09211_,7.6µm
_10839_,7.6µm
_11030_,7.6µm
_11232_,7.6µm
_11795_,7.6µm
_11948_,7.6µm
_13005_,7.6µm
_13196_,7.6µm
_15570_,7.6µm
_17340_,7.6µm
_17381_,7.6µm
_21296_,7.6µm
_21725_,7.6µm
_05700_,7.59µm
_09721_,7.59µm
_00179_,7.585µm
_00749_,7.585µm
_01261_,7.585µm
_02298_,7.58µm
_02319_,7.58µm
_04334_,7.58µm
_04425_,7.58µm
_05578_,7.58µm
_06544_,7.58µm
_08133_,7.58µm
_10017_,7.58µm
_10578_,7.58µm
_10593_,7.58µm
_11357_,7.58µm
_14554_,7.58µm
_15585_,7.58µm
_16148_,7.58µm
_17486_,7.58µm
_18076_,7.58µm
_18238_,7.58µm
_19143_,7.58µm
_20756_,7.58µm
_20981_,7.58µm
_21728_,7.58µm
net1310,7.58µm
_17539_,7.575µm
_18834_,7.575µm
_08092_,7.57µm
_09896_,7.57µm
_11923_,7.57µm
_01530_,7.565µm
_01106_,7.56µm
_03450_,7.56µm
_03877_,7.56µm
_04911_,7.56µm
_05448_,7.56µm
_05682_,7.56µm
_05845_,7.56µm
_05917_,7.56µm
_06844_,7.56µm
_07318_,7.56µm
_07992_,7.56µm
_08827_,7.56µm
_09442_,7.56µm
_09767_,7.56µm
_10250_,7.56µm
_10422_,7.56µm
_10503_,7.56µm
_10699_,7.56µm
_10781_,7.56µm
_10882_,7.56µm
_11557_,7.56µm
_11692_,7.56µm
_12006_,7.56µm
_13627_,7.56µm
_14640_,7.56µm
_15120_,7.56µm
_15926_,7.56µm
_16860_,7.56µm
_17108_,7.56µm
_17159_,7.56µm
_18458_,7.56µm
_18727_,7.56µm
_19545_,7.56µm
_20897_,7.56µm
_21751_,7.56µm
_21998_,7.56µm
_00385_,7.545µm
_00469_,7.545µm
_01801_,7.54µm
_02424_,7.54µm
_02461_,7.54µm
_03195_,7.54µm
_03340_,7.54µm
_04469_,7.54µm
_04610_,7.54µm
_05171_,7.54µm
_06094_,7.54µm
_07746_,7.54µm
_11061_,7.54µm
_13462_,7.54µm
_15404_,7.54µm
_15979_,7.54µm
_18888_,7.54µm
_19319_,7.54µm
_20176_,7.54µm
_20594_,7.54µm
_21080_,7.54µm
_21115_,7.54µm
_21123_,7.54µm
_21125_,7.54µm
_21198_,7.54µm
_21401_,7.54µm
_21811_,7.54µm
net1670,7.54µm
_02130_,7.53µm
_02579_,7.53µm
reset,7.53µm
_00816_,7.525µm
_21699_,7.525µm
_02566_,7.52µm
_02902_,7.52µm
_02911_,7.52µm
_03206_,7.52µm
_03330_,7.52µm
_03372_,7.52µm
_03811_,7.52µm
_04162_,7.52µm
_05051_,7.52µm
_05085_,7.52µm
_06202_,7.52µm
_06333_,7.52µm
_06400_,7.52µm
_06608_,7.52µm
_07152_,7.52µm
_07167_,7.52µm
_07302_,7.52µm
_07731_,7.52µm
_08490_,7.52µm
_08683_,7.52µm
_08791_,7.52µm
_09329_,7.52µm
_09500_,7.52µm
_09849_,7.52µm
_11237_,7.52µm
_12125_,7.52µm
_12238_,7.52µm
_12562_,7.52µm
_12876_,7.52µm
_12896_,7.52µm
_13717_,7.52µm
_14111_,7.52µm
_14863_,7.52µm
_15402_,7.52µm
_16132_,7.52µm
_17217_,7.52µm
_18574_,7.52µm
_18712_,7.52µm
_18977_,7.52µm
_19372_,7.52µm
_19821_,7.52µm
_20011_,7.52µm
_20058_,7.52µm
_20184_,7.52µm
_20382_,7.52µm
_20437_,7.52µm
_20634_,7.52µm
_21295_,7.52µm
_21332_,7.52µm
_21426_,7.52µm
_21637_,7.52µm
_21768_,7.52µm
_21825_,7.52µm
_21859_,7.52µm
net1331,7.52µm
net1358,7.52µm
systolic_arrays\[1\].systolic_array_inst.a_reg\[25\],7.52µm
net1703,7.52µm
_07110_,7.515µm
_02070_,7.505µm
_00204_,7.5µm
_03382_,7.5µm
_05179_,7.5µm
_05596_,7.5µm
_10652_,7.5µm
_12996_,7.5µm
_15354_,7.5µm
_17118_,7.5µm
_20203_,7.5µm
_20795_,7.5µm
act_out\[3\]\[7\],7.5µm
_02623_,7.49µm
_02704_,7.49µm
_04804_,7.49µm
_18723_,7.49µm
_00658_,7.485µm
_00817_,7.485µm
_00912_,7.485µm
_00962_,7.485µm
_01086_,7.485µm
_01181_,7.485µm
_02437_,7.48µm
_07665_,7.48µm
_09300_,7.48µm
_10320_,7.48µm
_10963_,7.48µm
_11434_,7.48µm
_11937_,7.48µm
_13440_,7.48µm
_13485_,7.48µm
_13965_,7.48µm
_13972_,7.48µm
_18480_,7.48µm
_19047_,7.48µm
_19711_,7.48µm
_21521_,7.48µm
net1354,7.48µm
_00524_,7.475µm
_14330_,7.47µm
_15158_,7.47µm
_00218_,7.46µm
_03354_,7.46µm
_07283_,7.46µm
_13182_,7.46µm
_18227_,7.46µm
_21148_,7.46µm
_21465_,7.45µm
_01379_,7.445µm
_01655_,7.445µm
_02294_,7.44µm
_02460_,7.44µm
_02469_,7.44µm
_03851_,7.44µm
_04120_,7.44µm
_04176_,7.44µm
_04467_,7.44µm
_05226_,7.44µm
_05299_,7.44µm
_06090_,7.44µm
_06336_,7.44µm
_06393_,7.44µm
_06632_,7.44µm
_07072_,7.44µm
_07394_,7.44µm
_07960_,7.44µm
_09009_,7.44µm
_09361_,7.44µm
_09667_,7.44µm
_10611_,7.44µm
_12255_,7.44µm
_12575_,7.44µm
_14929_,7.44µm
_15049_,7.44µm
_15441_,7.44µm
_15445_,7.44µm
_15655_,7.44µm
_17348_,7.44µm
_18629_,7.44µm
_19608_,7.44µm
_19985_,7.44µm
_20260_,7.44µm
_20491_,7.44µm
_20824_,7.44µm
_21149_,7.44µm
_21758_,7.44µm
systolic_arrays\[1\].systolic_array_inst.g_row\[1\].g_col\[1\].pe.r3_prod_mant\[1\],7.44µm
_16934_,7.435µm
_01923_,7.425µm
_01956_,7.425µm
_01055_,7.42µm
_02974_,7.42µm
_04443_,7.42µm
_04707_,7.42µm
_05973_,7.42µm
_06340_,7.42µm
_09952_,7.42µm
_11632_,7.42µm
_13628_,7.42µm
_14103_,7.42µm
_14125_,7.42µm
_15789_,7.42µm
_16046_,7.42µm
_17850_,7.42µm
_19485_,7.42µm
net1674,7.42µm
_09954_,7.415µm
_06981_,7.41µm
_01273_,7.405µm
_02593_,7.4µm
_02678_,7.4µm
_02815_,7.4µm
_02820_,7.4µm
_03075_,7.4µm
_03556_,7.4µm
_04019_,7.4µm
_04290_,7.4µm
_04324_,7.4µm
_05378_,7.4µm
_05728_,7.4µm
_05811_,7.4µm
_06384_,7.4µm
_06970_,7.4µm
_07241_,7.4µm
_07429_,7.4µm
_07864_,7.4µm
_08122_,7.4µm
_08178_,7.4µm
_08378_,7.4µm
_08763_,7.4µm
_09416_,7.4µm
_09433_,7.4µm
_10002_,7.4µm
_10724_,7.4µm
_10943_,7.4µm
_11255_,7.4µm
_11407_,7.4µm
_11861_,7.4µm
_11928_,7.4µm
_12295_,7.4µm
_12300_,7.4µm
_13126_,7.4µm
_13323_,7.4µm
_13742_,7.4µm
_13900_,7.4µm
_14529_,7.4µm
_15044_,7.4µm
_15458_,7.4µm
_17377_,7.4µm
_18417_,7.4µm
_18446_,7.4µm
_18553_,7.4µm
_19436_,7.4µm
_19441_,7.4µm
_19530_,7.4µm
_19579_,7.4µm
_19905_,7.4µm
_20057_,7.4µm
_20123_,7.4µm
_20315_,7.4µm
_21110_,7.4µm
_21741_,7.4µm
net1569,7.4µm
_00391_,7.395µm
_01888_,7.395µm
_01435_,7.385µm
_02065_,7.38µm
_08388_,7.38µm
_11932_,7.38µm
_12424_,7.38µm
_18798_,7.37µm
_00164_,7.365µm
_00192_,7.365µm
_00221_,7.365µm
_00289_,7.365µm
_00362_,7.365µm
_00388_,7.365µm
_00466_,7.365µm
_00667_,7.365µm
_02257_,7.365µm
_16720_,7.365µm
_05395_,7.36µm
_09596_,7.36µm
_10149_,7.36µm
_12965_,7.36µm
_15022_,7.36µm
_15068_,7.36µm
_16707_,7.36µm
_01304_,7.355µm
_03632_,7.35µm
_00776_,7.345µm
_02020_,7.345µm
_01376_,7.34µm
_06234_,7.34µm
_10654_,7.34µm
_11481_,7.34µm
_14964_,7.34µm
net1484,7.34µm
_18985_,7.335µm
_00222_,7.33µm
_02774_,7.33µm
_09357_,7.33µm
_12251_,7.33µm
_19279_,7.33µm
_00067_,7.32µm
_00426_,7.32µm
_02058_,7.32µm
_02172_,7.32µm
_02672_,7.32µm
_03346_,7.32µm
_03371_,7.32µm
_03393_,7.32µm
_03936_,7.32µm
_04745_,7.32µm
_04758_,7.32µm
_06279_,7.32µm
_06538_,7.32µm
_06576_,7.32µm
_07173_,7.32µm
_07218_,7.32µm
_07292_,7.32µm
_07461_,7.32µm
_07624_,7.32µm
_07818_,7.32µm
_08182_,7.32µm
_08769_,7.32µm
_09382_,7.32µm
_09475_,7.32µm
_11010_,7.32µm
_11362_,7.32µm
_11820_,7.32µm
_12017_,7.32µm
_12662_,7.32µm
_14890_,7.32µm
_15405_,7.32µm
_15877_,7.32µm
_17010_,7.32µm
_18832_,7.32µm
_18925_,7.32µm
_19813_,7.32µm
_19939_,7.32µm
_21485_,7.32µm
_21585_,7.32µm
_21649_,7.32µm
_02256_,7.315µm
_03453_,7.315µm
_14535_,7.315µm
net1281,7.31µm
_01391_,7.3µm
_02241_,7.3µm
_03580_,7.3µm
_06112_,7.3µm
_07293_,7.3µm
_10205_,7.3µm
_14517_,7.3µm
_15866_,7.3µm
_16249_,7.3µm
_17695_,7.3µm
_00174_,7.285µm
_02393_,7.28µm
_02605_,7.28µm
_02630_,7.28µm
_02889_,7.28µm
_03082_,7.28µm
_04106_,7.28µm
_04393_,7.28µm
_04628_,7.28µm
_05463_,7.28µm
_06311_,7.28µm
_06686_,7.28µm
_06705_,7.28µm
_06818_,7.28µm
_08317_,7.28µm
_08532_,7.28µm
_09095_,7.28µm
_10711_,7.28µm
_10731_,7.28µm
_11629_,7.28µm
_11914_,7.28µm
_13069_,7.28µm
_15060_,7.28µm
_15134_,7.28µm
_15644_,7.28µm
_15857_,7.28µm
_16582_,7.28µm
_16731_,7.28µm
_18582_,7.28µm
_18677_,7.28µm
_19494_,7.28µm
_19628_,7.28µm
fma_out\[0\]\[10\],7.28µm
fma_out\[2\]\[7\],7.28µm
_00648_,7.275µm
_00815_,7.265µm
_01520_,7.265µm
_00205_,7.26µm
_01500_,7.26µm
_13129_,7.26µm
_15115_,7.26µm
_00095_,7.255µm
_00400_,7.255µm
_11883_,7.255µm
_17212_,7.255µm
_06741_,7.25µm
_14832_,7.25µm
_18102_,7.25µm
_20688_,7.25µm
_02687_,7.24µm
_03037_,7.24µm
_03825_,7.24µm
_04789_,7.24µm
_07538_,7.24µm
_09204_,7.24µm
_09287_,7.24µm
_09710_,7.24µm
_11472_,7.24µm
_13169_,7.24µm
_14356_,7.24µm
_20149_,7.24µm
_20763_,7.24µm
systolic_arrays\[0\].systolic_array_inst.a_reg\[22\],7.24µm
_21246_,7.23µm
_01026_,7.225µm
_01126_,7.225µm
_02642_,7.22µm
_04230_,7.22µm
_05883_,7.22µm
_08117_,7.22µm
_08418_,7.22µm
_08984_,7.22µm
_10606_,7.22µm
_11654_,7.22µm
_12505_,7.22µm
_13858_,7.22µm
_14311_,7.22µm
_14346_,7.22µm
_17002_,7.22µm
_17088_,7.22µm
_17169_,7.22µm
_20551_,7.22µm
_21557_,7.22µm
net1324,7.22µm
threads\[2\].fma_instance.sign_r1,7.22µm
net1718,7.22µm
_16693_,7.215µm
_09686_,7.21µm
_01800_,7.205µm
_00232_,7.2µm
_00317_,7.2µm
_00403_,7.2µm
_00433_,7.2µm
_02258_,7.2µm
_03540_,7.2µm
_04474_,7.2µm
_04769_,7.2µm
_04994_,7.2µm
_05042_,7.2µm
_07181_,7.2µm
_07282_,7.2µm
_07595_,7.2µm
_08124_,7.2µm
_08274_,7.2µm
_08552_,7.2µm
_08714_,7.2µm
_09744_,7.2µm
_10123_,7.2µm
_11338_,7.2µm
_11799_,7.2µm
_12760_,7.2µm
_12882_,7.2µm
_13058_,7.2µm
_13177_,7.2µm
_13706_,7.2µm
_14110_,7.2µm
_14692_,7.2µm
_14797_,7.2µm
_15065_,7.2µm
_15149_,7.2µm
_15153_,7.2µm
_15168_,7.2µm
_16992_,7.2µm
_17167_,7.2µm
_18247_,7.2µm
_18718_,7.2µm
_18836_,7.2µm
_20276_,7.2µm
_20931_,7.2µm
_21191_,7.2µm
_02485_,7.18µm
_05535_,7.18µm
_06023_,7.18µm
_06353_,7.18µm
_06406_,7.18µm
_06457_,7.18µm
_07168_,7.18µm
_07387_,7.18µm
_07825_,7.18µm
_08324_,7.18µm
_10343_,7.18µm
_10556_,7.18µm
_10794_,7.18µm
_11119_,7.18µm
_12428_,7.18µm
_13053_,7.18µm
_13683_,7.18µm
_14235_,7.18µm
_14386_,7.18µm
_14718_,7.18µm
_14794_,7.18µm
_14869_,7.18µm
_15256_,7.18µm
_15339_,7.18µm
_15359_,7.18µm
_15598_,7.18µm
_15962_,7.18µm
_16668_,7.18µm
_16771_,7.18µm
_18363_,7.18µm
_18486_,7.18µm
_18898_,7.18µm
_19442_,7.18µm
_19631_,7.18µm
_20401_,7.18µm
_20674_,7.18µm
_21027_,7.18µm
_21055_,7.18µm
_21315_,7.18µm
net1337,7.18µm
_22024_,7.17µm
_01054_,7.165µm
_01765_,7.165µm
_02096_,7.165µm
_04781_,7.16µm
_08140_,7.16µm
_08708_,7.16µm
_10602_,7.16µm
_11670_,7.16µm
_11697_,7.16µm
_12458_,7.16µm
_12936_,7.16µm
_13082_,7.16µm
_18870_,7.16µm
_18886_,7.16µm
_00547_,7.155µm
_09004_,7.15µm
_13477_,7.15µm
_00159_,7.145µm
_00489_,7.145µm
_01415_,7.145µm
_01567_,7.145µm
_01784_,7.145µm
_01985_,7.145µm
_02025_,7.145µm
_14427_,7.145µm
_17336_,7.145µm
fma_out\[2\]\[14\],7.145µm
_05159_,7.14µm
_07742_,7.14µm
_09019_,7.14µm
_15809_,7.14µm
_15811_,7.14µm
_16716_,7.14µm
_20620_,7.14µm
_01844_,7.135µm
_03074_,7.13µm
_03338_,7.13µm
_01951_,7.12µm
_02536_,7.12µm
_02550_,7.12µm
_04307_,7.12µm
_05446_,7.12µm
_05858_,7.12µm
_06004_,7.12µm
_06361_,7.12µm
_06673_,7.12µm
_06697_,7.12µm
_08334_,7.12µm
_08672_,7.12µm
_09291_,7.12µm
_11997_,7.12µm
_12129_,7.12µm
_13645_,7.12µm
_14547_,7.12µm
_16173_,7.12µm
_16332_,7.12µm
_16471_,7.12µm
_16805_,7.12µm
_21173_,7.12µm
_21860_,7.12µm
threads\[0\].lsu_instance.lsu_state\[0\],7.11µm
_01725_,7.105µm
_12314_,7.105µm
_00206_,7.1µm
_01119_,7.1µm
_02216_,7.1µm
_02406_,7.1µm
_02656_,7.1µm
_03502_,7.1µm
_03883_,7.1µm
_06536_,7.1µm
_07464_,7.1µm
_08278_,7.1µm
_08375_,7.1µm
_08860_,7.1µm
_09160_,7.1µm
_09638_,7.1µm
_10377_,7.1µm
_10579_,7.1µm
_11197_,7.1µm
_11882_,7.1µm
_12772_,7.1µm
_12808_,7.1µm
_12946_,7.1µm
_15303_,7.1µm
_15916_,7.1µm
_17651_,7.1µm
_19254_,7.1µm
_19310_,7.1µm
_19937_,7.1µm
_20038_,7.1µm
_20747_,7.1µm
_22007_,7.1µm
net1656,7.1µm
_00155_,7.08µm
_01814_,7.08µm
_02693_,7.08µm
_03565_,7.08µm
_03693_,7.08µm
_03930_,7.08µm
_07698_,7.08µm
_08875_,7.08µm
_09143_,7.08µm
_09654_,7.08µm
_09657_,7.08µm
_10091_,7.08µm
_11180_,7.08µm
_13805_,7.08µm
_15083_,7.08µm
_15255_,7.08µm
_15629_,7.08µm
_18269_,7.08µm
_18614_,7.08µm
_20435_,7.08µm
_20769_,7.08µm
_21187_,7.08µm
net1661,7.08µm
_01921_,7.075µm
_17009_,7.065µm
_02638_,7.06µm
_03017_,7.06µm
_03170_,7.06µm
_03230_,7.06µm
_03321_,7.06µm
_03654_,7.06µm
_03937_,7.06µm
_04359_,7.06µm
_04576_,7.06µm
_04996_,7.06µm
_05679_,7.06µm
_05705_,7.06µm
_06328_,7.06µm
_06341_,7.06µm
_06520_,7.06µm
_06663_,7.06µm
_07325_,7.06µm
_07340_,7.06µm
_07808_,7.06µm
_08539_,7.06µm
_08684_,7.06µm
_08704_,7.06µm
_08718_,7.06µm
_09150_,7.06µm
_10167_,7.06µm
_10286_,7.06µm
_10905_,7.06µm
_10969_,7.06µm
_11208_,7.06µm
_11349_,7.06µm
_12821_,7.06µm
_12835_,7.06µm
_12893_,7.06µm
_13067_,7.06µm
_13275_,7.06µm
_13780_,7.06µm
_14003_,7.06µm
_14412_,7.06µm
_14459_,7.06µm
_14598_,7.06µm
_14805_,7.06µm
_14811_,7.06µm
_14927_,7.06µm
_15002_,7.06µm
_15100_,7.06µm
_15804_,7.06µm
_15806_,7.06µm
_17313_,7.06µm
_18595_,7.06µm
_19032_,7.06µm
_19435_,7.06µm
_19775_,7.06µm
_20393_,7.06µm
_20445_,7.06µm
_20453_,7.06µm
_21674_,7.06µm
_21793_,7.06µm
_21865_,7.06µm
net1470,7.06µm
net1473,7.06µm
net1210,7.06µm
_11871_,7.055µm
_19851_,7.05µm
threads\[2\].pc_instance.nzp\[1\],7.05µm
_03991_,7.04µm
_04285_,7.04µm
_08777_,7.04µm
_09874_,7.04µm
_10345_,7.04µm
_10511_,7.04µm
_12476_,7.04µm
_12624_,7.04µm
_12627_,7.04µm
_13064_,7.04µm
_14063_,7.04µm
_16013_,7.04µm
_16063_,7.04µm
_16416_,7.04µm
_16575_,7.04µm
_16603_,7.04µm
_16661_,7.04µm
_17805_,7.04µm
_18593_,7.04µm
_20343_,7.04µm
_20439_,7.04µm
_20458_,7.04µm
_21566_,7.04µm
_00007_,7.025µm
_00958_,7.025µm
_01190_,7.025µm
_01341_,7.025µm
_01402_,7.025µm
_01403_,7.025µm
_01738_,7.025µm
_01834_,7.025µm
_02002_,7.02µm
_01827_,7.015µm
_02024_,7.01µm
_02250_,7.01µm
_04035_,7.01µm
_00102_,7µm
_01866_,7µm
_03989_,7µm
_04153_,7µm
_06980_,7µm
_12092_,7µm
_12674_,7µm
_16454_,7µm
_17752_,7µm
net1340,7µm
_00294_,6.99µm
_02190_,6.99µm
_04493_,6.99µm
_00966_,6.985µm
_01446_,6.985µm
_02602_,6.98µm
_02736_,6.98µm
_03001_,6.98µm
_03881_,6.98µm
_04173_,6.98µm
_04239_,6.98µm
_05214_,6.98µm
_05447_,6.98µm
_05712_,6.98µm
_05757_,6.98µm
_05910_,6.98µm
_07486_,6.98µm
_08969_,6.98µm
_09002_,6.98µm
_09073_,6.98µm
_09827_,6.98µm
_10113_,6.98µm
_10405_,6.98µm
_10651_,6.98µm
_10924_,6.98µm
_10985_,6.98µm
_11220_,6.98µm
_11254_,6.98µm
_11425_,6.98µm
_12031_,6.98µm
_12171_,6.98µm
_12296_,6.98µm
_13400_,6.98µm
_14015_,6.98µm
_14031_,6.98µm
_15143_,6.98µm
_15183_,6.98µm
_15235_,6.98µm
_15455_,6.98µm
_15470_,6.98µm
_15662_,6.98µm
_16730_,6.98µm
_17757_,6.98µm
_18104_,6.98µm
_19201_,6.98µm
_19627_,6.98µm
_20510_,6.98µm
_20772_,6.98µm
_21335_,6.98µm
_21665_,6.98µm
threads\[1\].lsu_instance.lsu_state\[0\],6.98µm
net1640,6.98µm
_00851_,6.975µm
_00183_,6.965µm
_00253_,6.965µm
_00389_,6.965µm
_02122_,6.965µm
_05559_,6.96µm
_05855_,6.96µm
_08400_,6.96µm
_08673_,6.96µm
_08711_,6.96µm
_09833_,6.96µm
_11439_,6.96µm
_11521_,6.96µm
_11693_,6.96µm
_13882_,6.96µm
_19925_,6.96µm
_20365_,6.96µm
_00512_,6.945µm
_00703_,6.945µm
_01060_,6.945µm
_01098_,6.945µm
_01148_,6.945µm
_01163_,6.945µm
_01220_,6.945µm
_01311_,6.945µm
_09963_,6.945µm
_00363_,6.94µm
_02700_,6.94µm
_03010_,6.94µm
_03036_,6.94µm
_03604_,6.94µm
_03787_,6.94µm
_04208_,6.94µm
_04345_,6.94µm
_04450_,6.94µm
_05229_,6.94µm
_05648_,6.94µm
_06171_,6.94µm
_06996_,6.94µm
_07040_,6.94µm
_07663_,6.94µm
_07768_,6.94µm
_08498_,6.94µm
_08563_,6.94µm
_08720_,6.94µm
_09054_,6.94µm
_09059_,6.94µm
_09182_,6.94µm
_09549_,6.94µm
_09634_,6.94µm
_09976_,6.94µm
_10274_,6.94µm
_11037_,6.94µm
_11178_,6.94µm
_11837_,6.94µm
_12401_,6.94µm
_12499_,6.94µm
_12968_,6.94µm
_13264_,6.94µm
_13337_,6.94µm
_13389_,6.94µm
_13828_,6.94µm
_14012_,6.94µm
_14360_,6.94µm
_14707_,6.94µm
_15512_,6.94µm
_18826_,6.94µm
_19034_,6.94µm
_20100_,6.94µm
_20239_,6.94µm
_20496_,6.94µm
_20638_,6.94µm
_20902_,6.94µm
_21274_,6.94µm
_21452_,6.94µm
_21863_,6.94µm
net1490,6.94µm
scheduler_instance.branch_diverge_inst.stack_valid\[0\],6.94µm
net1628,6.94µm
_00506_,6.935µm
_00683_,6.935µm
_01909_,6.935µm
fma_out\[2\]\[13\],6.935µm
_19904_,6.93µm
_01218_,6.925µm
_01224_,6.925µm
_01544_,6.925µm
_09694_,6.92µm
_10184_,6.92µm
_15541_,6.92µm
_16100_,6.92µm
_19483_,6.92µm
_06307_,6.91µm
_09545_,6.91µm
_00151_,6.905µm
_00158_,6.905µm
_00219_,6.905µm
_00231_,6.905µm
_00257_,6.905µm
_00380_,6.905µm
_00436_,6.905µm
_01455_,6.905µm
_01514_,6.905µm
_01914_,6.905µm
_02010_,6.905µm
_02072_,6.905µm
_02175_,6.905µm
_02214_,6.905µm
_02283_,6.905µm
_02580_,6.9µm
_12784_,6.9µm
_13637_,6.9µm
_14573_,6.9µm
_19453_,6.9µm
_00439_,6.89µm
_01997_,6.89µm
_02248_,6.89µm
_01647_,6.885µm
_00590_,6.88µm
_00757_,6.88µm
_01326_,6.88µm
_03731_,6.88µm
_03766_,6.88µm
_06208_,6.88µm
_09347_,6.88µm
_10927_,6.88µm
_11490_,6.88µm
scheduler_instance.branch_diverge_inst.stack_reconverge\[0\]\[3\],6.88µm
_00308_,6.875µm
_02019_,6.875µm
_09393_,6.87µm
_18737_,6.87µm
_00712_,6.865µm
_09944_,6.865µm
_00099_,6.86µm
_00349_,6.86µm
_00374_,6.86µm
_01708_,6.86µm
_01872_,6.86µm
_01949_,6.86µm
_02040_,6.86µm
_02137_,6.86µm
_02227_,6.86µm
_02230_,6.86µm
_02316_,6.86µm
_02690_,6.86µm
_03642_,6.86µm
_03646_,6.86µm
_03834_,6.86µm
_04498_,6.86µm
_05007_,6.86µm
_05118_,6.86µm
_05256_,6.86µm
_05602_,6.86µm
_05898_,6.86µm
_06335_,6.86µm
_06715_,6.86µm
_06731_,6.86µm
_06902_,6.86µm
_07227_,6.86µm
_08360_,6.86µm
_08377_,6.86µm
_08688_,6.86µm
_10151_,6.86µm
_10222_,6.86µm
_12001_,6.86µm
_13289_,6.86µm
_13361_,6.86µm
_13541_,6.86µm
_13606_,6.86µm
_17524_,6.86µm
_18969_,6.86µm
_19348_,6.86µm
_19984_,6.86µm
_20235_,6.86µm
_20290_,6.86µm
_20388_,6.86µm
_21068_,6.86µm
_21093_,6.86µm
_21106_,6.86µm
_21162_,6.86µm
_21357_,6.86µm
_21704_,6.86µm
_01387_,6.855µm
_02121_,6.855µm
_15948_,6.855µm
net1493,6.85µm
_01094_,6.84µm
_01176_,6.84µm
_02440_,6.84µm
_03498_,6.84µm
_04712_,6.84µm
_07552_,6.84µm
_12089_,6.84µm
_16240_,6.84µm
_16820_,6.84µm
_19067_,6.84µm
_21389_,6.84µm
_01353_,6.835µm
_18215_,6.835µm
_00805_,6.825µm
_01118_,6.825µm
_01490_,6.825µm
_01955_,6.825µm
_02284_,6.825µm
_09941_,6.825µm
_00330_,6.82µm
_02451_,6.82µm
_02462_,6.82µm
_02785_,6.82µm
_03385_,6.82µm
_03879_,6.82µm
_05873_,6.82µm
_06320_,6.82µm
_06971_,6.82µm
_08915_,6.82µm
_09136_,6.82µm
_09365_,6.82µm
_09906_,6.82µm
_10846_,6.82µm
_10950_,6.82µm
_11086_,6.82µm
_11513_,6.82µm
_11563_,6.82µm
_12056_,6.82µm
_12564_,6.82µm
_12891_,6.82µm
_14524_,6.82µm
_15042_,6.82µm
_16757_,6.82µm
_17447_,6.82µm
_18193_,6.82µm
_20097_,6.82µm
_20720_,6.82µm
_21042_,6.82µm
_21301_,6.82µm
_21750_,6.82µm
_21908_,6.82µm
_01382_,6.815µm
_17378_,6.815µm
_00664_,6.805µm
_01019_,6.805µm
_01107_,6.805µm
_01281_,6.805µm
_01474_,6.805µm
_01563_,6.805µm
_01953_,6.795µm
_02147_,6.795µm
_04054_,6.79µm
_05969_,6.79µm
_01319_,6.785µm
_11990_,6.785µm
_02798_,6.78µm
_05277_,6.78µm
_05499_,6.78µm
_05882_,6.78µm
_09337_,6.78µm
_09602_,6.78µm
_09605_,6.78µm
_09630_,6.78µm
_09813_,6.78µm
_13108_,6.78µm
_14342_,6.78µm
_15471_,6.78µm
_17426_,6.78µm
_19684_,6.78µm
_20342_,6.78µm
_20926_,6.78µm
_20982_,6.78µm
_01155_,6.765µm
_02499_,6.76µm
_03079_,6.76µm
_03612_,6.76µm
_04194_,6.76µm
_04251_,6.76µm
_05105_,6.76µm
_06426_,6.76µm
_07648_,6.76µm
_07964_,6.76µm
_08007_,6.76µm
_08395_,6.76µm
_08449_,6.76µm
_08653_,6.76µm
_09240_,6.76µm
_09452_,6.76µm
_09725_,6.76µm
_10340_,6.76µm
_10346_,6.76µm
_11383_,6.76µm
_11814_,6.76µm
_12339_,6.76µm
_12577_,6.76µm
_13544_,6.76µm
_13693_,6.76µm
_14594_,6.76µm
_14841_,6.76µm
_15236_,6.76µm
_17793_,6.76µm
_18439_,6.76µm
_18621_,6.76µm
_18757_,6.76µm
_19412_,6.76µm
_20172_,6.76µm
_21232_,6.76µm
_21302_,6.76µm
net1659,6.76µm
_13353_,6.755µm
_00839_,6.745µm
_02670_,6.74µm
_03812_,6.74µm
_03840_,6.74µm
_03858_,6.74µm
_04245_,6.74µm
_04386_,6.74µm
_04403_,6.74µm
_04606_,6.74µm
_04646_,6.74µm
_04689_,6.74µm
_06274_,6.74µm
_07000_,6.74µm
_07564_,6.74µm
_07649_,6.74µm
_08091_,6.74µm
_08432_,6.74µm
_08748_,6.74µm
_09493_,6.74µm
_10302_,6.74µm
_11456_,6.74µm
_13987_,6.74µm
_14296_,6.74µm
_14338_,6.74µm
_14736_,6.74µm
_15063_,6.74µm
_15431_,6.74µm
_16066_,6.74µm
_17052_,6.74µm
_17239_,6.74µm
_18570_,6.74µm
_19397_,6.74µm
_19879_,6.74µm
_20212_,6.74µm
_20685_,6.74µm
_21085_,6.74µm
_21399_,6.74µm
_21692_,6.74µm
net415,6.74µm
fma_out\[2\]\[15\],6.74µm
scheduler_instance.branch_diverge_inst.stack_reconverge\[1\]\[2\],6.74µm
threads\[1\].pc_instance.nzp\[2\],6.74µm
_02487_,6.72µm
_02776_,6.72µm
_02823_,6.72µm
_03611_,6.72µm
_04195_,6.72µm
_04635_,6.72µm
_04680_,6.72µm
_04958_,6.72µm
_05216_,6.72µm
_05457_,6.72µm
_05989_,6.72µm
_06067_,6.72µm
_06116_,6.72µm
_06284_,6.72µm
_07619_,6.72µm
_08071_,6.72µm
_08829_,6.72µm
_09048_,6.72µm
_09624_,6.72µm
_09993_,6.72µm
_10161_,6.72µm
_10232_,6.72µm
_10931_,6.72µm
_11728_,6.72µm
_12537_,6.72µm
_13176_,6.72µm
_13465_,6.72µm
_13775_,6.72µm
_13954_,6.72µm
_14286_,6.72µm
_14614_,6.72µm
_14898_,6.72µm
_15136_,6.72µm
_15479_,6.72µm
_15684_,6.72µm
_16298_,6.72µm
_16435_,6.72µm
_16464_,6.72µm
_16985_,6.72µm
_18056_,6.72µm
_18855_,6.72µm
_19716_,6.72µm
_19729_,6.72µm
_19745_,6.72µm
_20287_,6.72µm
_20858_,6.72µm
_21231_,6.72µm
_21256_,6.72µm
_21885_,6.72µm
_21985_,6.72µm
net1566,6.72µm
_00276_,6.705µm
_01716_,6.705µm
_02547_,6.7µm
_03473_,6.7µm
_03705_,6.7µm
_04861_,6.7µm
_05057_,6.7µm
_05717_,6.7µm
_07304_,6.7µm
_08510_,6.7µm
_09606_,6.7µm
_10088_,6.7µm
_11938_,6.7µm
_13907_,6.7µm
_15140_,6.7µm
_21241_,6.7µm
_21283_,6.7µm
_12496_,6.69µm
_15794_,6.69µm
_00175_,6.685µm
_00225_,6.685µm
_00238_,6.685µm
_00409_,6.685µm
_00494_,6.685µm
_01152_,6.685µm
_01285_,6.685µm
_01754_,6.685µm
_01929_,6.685µm
_02103_,6.685µm
_02182_,6.685µm
_01072_,6.68µm
_17283_,6.675µm
_00960_,6.665µm
_02733_,6.66µm
_04183_,6.66µm
_06404_,6.66µm
_06745_,6.66µm
_07437_,6.66µm
_09655_,6.66µm
_09761_,6.66µm
_11811_,6.66µm
_12498_,6.66µm
_12988_,6.66µm
_13312_,6.66µm
_15998_,6.66µm
_18105_,6.66µm
_18674_,6.66µm
_18957_,6.66µm
_19419_,6.66µm
_19807_,6.66µm
_21100_,6.66µm
net1108,6.66µm
net1306,6.66µm
_07434_,6.65µm
_07904_,6.65µm
_01113_,6.64µm
_02331_,6.64µm
_02991_,6.64µm
_03240_,6.64µm
_03852_,6.64µm
_04547_,6.64µm
_05481_,6.64µm
_05758_,6.64µm
_05766_,6.64µm
_06944_,6.64µm
_07582_,6.64µm
_07655_,6.64µm
_08169_,6.64µm
_08588_,6.64µm
_09039_,6.64µm
_09258_,6.64µm
_09488_,6.64µm
_09987_,6.64µm
_10352_,6.64µm
_11080_,6.64µm
_11686_,6.64µm
_11822_,6.64µm
_12103_,6.64µm
_12173_,6.64µm
_12777_,6.64µm
_13681_,6.64µm
_13996_,6.64µm
_14414_,6.64µm
_14737_,6.64µm
_15300_,6.64µm
_15553_,6.64µm
_16383_,6.64µm
_16406_,6.64µm
_16904_,6.64µm
_17136_,6.64µm
_18219_,6.64µm
_18763_,6.64µm
_19376_,6.64µm
_19572_,6.64µm
_19950_,6.64µm
_20161_,6.64µm
_20344_,6.64µm
_20556_,6.64µm
_20636_,6.64µm
_21404_,6.64µm
_21600_,6.64µm
net1617,6.64µm
net1624,6.64µm
_02274_,6.635µm
_15925_,6.635µm
_00236_,6.625µm
_00333_,6.625µm
_01308_,6.625µm
_16269_,6.625µm
_02651_,6.62µm
_02685_,6.62µm
_02906_,6.62µm
_05025_,6.62µm
_06059_,6.62µm
_06134_,6.62µm
_06396_,6.62µm
_06579_,6.62µm
_06763_,6.62µm
_07050_,6.62µm
_08181_,6.62µm
_08959_,6.62µm
_08976_,6.62µm
_11186_,6.62µm
_12079_,6.62µm
_12605_,6.62µm
_13295_,6.62µm
_17027_,6.62µm
_20091_,6.62µm
_20757_,6.62µm
_20966_,6.62µm
_21937_,6.62µm
_00951_,6.615µm
_00209_,6.61µm
_01169_,6.605µm
_01257_,6.605µm
_00975_,6.6µm
_02387_,6.6µm
_02439_,6.6µm
_02890_,6.6µm
_02961_,6.6µm
_03149_,6.6µm
_03196_,6.6µm
_03308_,6.6µm
_03363_,6.6µm
_03683_,6.6µm
_03737_,6.6µm
_03850_,6.6µm
_03945_,6.6µm
_04553_,6.6µm
_04770_,6.6µm
_04918_,6.6µm
_05170_,6.6µm
_05512_,6.6µm
_05790_,6.6µm
_06037_,6.6µm
_06292_,6.6µm
_06707_,6.6µm
_07481_,6.6µm
_07615_,6.6µm
_07814_,6.6µm
_07990_,6.6µm
_08130_,6.6µm
_08891_,6.6µm
_09138_,6.6µm
_09508_,6.6µm
_09611_,6.6µm
_09832_,6.6µm
_10376_,6.6µm
_10838_,6.6µm
_11161_,6.6µm
_11543_,6.6µm
_11790_,6.6µm
_11991_,6.6µm
_11995_,6.6µm
_12055_,6.6µm
_12641_,6.6µm
_13088_,6.6µm
_13199_,6.6µm
_13232_,6.6µm
_13664_,6.6µm
_13692_,6.6µm
_14783_,6.6µm
_15306_,6.6µm
_15499_,6.6µm
_15658_,6.6µm
_16374_,6.6µm
_17576_,6.6µm
_17744_,6.6µm
_17827_,6.6µm
_18068_,6.6µm
_18552_,6.6µm
_19046_,6.6µm
_19079_,6.6µm
_19385_,6.6µm
_19566_,6.6µm
_19771_,6.6µm
_19815_,6.6µm
_19834_,6.6µm
_20241_,6.6µm
_20478_,6.6µm
_20788_,6.6µm
_20898_,6.6µm
_20923_,6.6µm
_21111_,6.6µm
_21249_,6.6µm
_21269_,6.6µm
_21523_,6.6µm
net1486,6.6µm
net395,6.6µm
net1182,6.6µm
scheduler_instance.branch_diverge_inst.stack_target_pc\[0\]\[8\],6.6µm
threads\[2\].lsu_instance.lsu_state\[0\],6.6µm
net1642,6.6µm
_06125_,6.59µm
_19838_,6.59µm
_02307_,6.58µm
_04242_,6.58µm
_04651_,6.58µm
_05701_,6.58µm
_05713_,6.58µm
_06080_,6.58µm
_08075_,6.58µm
_08789_,6.58µm
_08898_,6.58µm
_10758_,6.58µm
_11924_,6.58µm
_14621_,6.58µm
_15385_,6.58µm
_15905_,6.58µm
_16014_,6.58µm
_16277_,6.58µm
_16577_,6.58µm
_16619_,6.58µm
_16841_,6.58µm
_16910_,6.58µm
_17203_,6.58µm
_17951_,6.58µm
_19132_,6.58µm
_20257_,6.58µm
_20312_,6.58µm
_06969_,6.57µm
_14041_,6.57µm
_00176_,6.565µm
_00325_,6.565µm
_00961_,6.565µm
_01120_,6.565µm
_01164_,6.565µm
_01429_,6.565µm
_01437_,6.565µm
_01450_,6.565µm
_01851_,6.565µm
_00111_,6.56µm
_18011_,6.56µm
_08721_,6.555µm
_09517_,6.555µm
_16492_,6.555µm
_17296_,6.555µm
_00375_,6.55µm
_02682_,6.55µm
_05435_,6.55µm
_06357_,6.55µm
_07036_,6.55µm
_07843_,6.55µm
_19928_,6.55µm
_01360_,6.545µm
_10516_,6.545µm
_00382_,6.54µm
_01537_,6.54µm
_01826_,6.54µm
_01843_,6.54µm
_01853_,6.54µm
_05574_,6.54µm
_06542_,6.54µm
_07195_,6.54µm
_09794_,6.54µm
_14413_,6.54µm
_17677_,6.54µm
_01393_,6.525µm
_01700_,6.525µm
_01722_,6.525µm
_17833_,6.525µm
_00821_,6.52µm
_02397_,6.52µm
_03875_,6.52µm
_03885_,6.52µm
_03943_,6.52µm
_03961_,6.52µm
_04085_,6.52µm
_04318_,6.52µm
_04608_,6.52µm
_05182_,6.52µm
_05293_,6.52µm
_05640_,6.52µm
_06317_,6.52µm
_06712_,6.52µm
_07108_,6.52µm
_07653_,6.52µm
_07788_,6.52µm
_07912_,6.52µm
_07977_,6.52µm
_08444_,6.52µm
_08740_,6.52µm
_08998_,6.52µm
_09003_,6.52µm
_09481_,6.52µm
_09680_,6.52µm
_09978_,6.52µm
_11095_,6.52µm
_11192_,6.52µm
_11263_,6.52µm
_11469_,6.52µm
_13431_,6.52µm
_13464_,6.52µm
_13562_,6.52µm
_13877_,6.52µm
_14528_,6.52µm
_15572_,6.52µm
_15621_,6.52µm
_17379_,6.52µm
_17503_,6.52µm
_18591_,6.52µm
_18761_,6.52µm
_18868_,6.52µm
_18959_,6.52µm
_18976_,6.52µm
_19135_,6.52µm
_19211_,6.52µm
_19578_,6.52µm
_19897_,6.52µm
_20295_,6.52µm
_21064_,6.52µm
_21218_,6.52µm
_21660_,6.52µm
_21724_,6.52µm
_21780_,6.52µm
_21882_,6.52µm
_01729_,6.5µm
_03115_,6.5µm
_04058_,6.5µm
_05963_,6.5µm
_06434_,6.5µm
_07281_,6.5µm
_07801_,6.5µm
_08873_,6.5µm
_10637_,6.5µm
_11847_,6.5µm
_13573_,6.5µm
_14190_,6.5µm
_14928_,6.5µm
_15124_,6.5µm
_15295_,6.5µm
_15327_,6.5µm
_15341_,6.5µm
_19484_,6.5µm
_19878_,6.5µm
_20226_,6.5µm
_21851_,6.5µm
scheduler_instance.branch_diverge_inst.stack_reconverge\[0\]\[7\],6.5µm
_00599_,6.485µm
_00605_,6.485µm
_00806_,6.485µm
_01165_,6.485µm
_01187_,6.485µm
_01225_,6.485µm
_01272_,6.485µm
_01274_,6.485µm
_01331_,6.485µm
_01336_,6.485µm
_01436_,6.485µm
_01441_,6.485µm
_01480_,6.485µm
_01493_,6.485µm
_01517_,6.485µm
_01548_,6.485µm
_01671_,6.485µm
_01731_,6.485µm
_03576_,6.48µm
_03661_,6.48µm
_03793_,6.48µm
_03829_,6.48µm
_03920_,6.48µm
_04040_,6.48µm
_04221_,6.48µm
_04333_,6.48µm
_04540_,6.48µm
_04588_,6.48µm
_04597_,6.48µm
_05244_,6.48µm
_05740_,6.48µm
_05911_,6.48µm
_05983_,6.48µm
_05987_,6.48µm
_06077_,6.48µm
_06342_,6.48µm
_06783_,6.48µm
_07045_,6.48µm
_07362_,6.48µm
_07579_,6.48µm
_08061_,6.48µm
_08125_,6.48µm
_08894_,6.48µm
_09158_,6.48µm
_09370_,6.48µm
_09435_,6.48µm
_09561_,6.48µm
_09737_,6.48µm
_11133_,6.48µm
_11477_,6.48µm
_11616_,6.48µm
_12122_,6.48µm
_12846_,6.48µm
_12910_,6.48µm
_13165_,6.48µm
_13227_,6.48µm
_13451_,6.48µm
_13599_,6.48µm
_15656_,6.48µm
_15668_,6.48µm
_17570_,6.48µm
_18134_,6.48µm
_18780_,6.48µm
_19010_,6.48µm
_19298_,6.48µm
_19359_,6.48µm
_19747_,6.48µm
_19875_,6.48µm
_19988_,6.48µm
_20155_,6.48µm
_20828_,6.48µm
_21451_,6.48µm
_21498_,6.48µm
_21717_,6.48µm
scheduler_instance.branch_diverge_inst.stack_reconverge\[0\]\[6\],6.48µm
_00700_,6.475µm
_05464_,6.475µm
_00589_,6.465µm
_01227_,6.465µm
_01277_,6.465µm
_08642_,6.46µm
_11498_,6.46µm
_16261_,6.46µm
_20333_,6.46µm
_05055_,6.45µm
_08870_,6.45µm
_17844_,6.45µm
_00117_,6.445µm
_00172_,6.445µm
_00198_,6.445µm
_00327_,6.445µm
_00329_,6.445µm
_00399_,6.445µm
_00421_,6.445µm
_00705_,6.445µm
_00724_,6.445µm
_01431_,6.445µm
_02197_,6.445µm
_15953_,6.445µm
_04525_,6.44µm
_15313_,6.44µm
_17116_,6.44µm
_18246_,6.44µm
_18438_,6.44µm
_20703_,6.44µm
_21462_,6.44µm
_21645_,6.44µm
_05037_,6.43µm
_14894_,6.43µm
_10725_,6.425µm
_04312_,6.42µm
_05342_,6.42µm
_07883_,6.42µm
_10509_,6.42µm
_16007_,6.42µm
_02268_,6.415µm
_10965_,6.41µm
_11308_,6.41µm
_12298_,6.41µm
_01031_,6.405µm
_12742_,6.405µm
_00729_,6.4µm
_02429_,6.4µm
_02449_,6.4µm
_02488_,6.4µm
_02625_,6.4µm
_02884_,6.4µm
_03596_,6.4µm
_03868_,6.4µm
_04026_,6.4µm
_04899_,6.4µm
_04966_,6.4µm
_05310_,6.4µm
_05316_,6.4µm
_05838_,6.4µm
_05995_,6.4µm
_06203_,6.4µm
_06310_,6.4µm
_07087_,6.4µm
_07176_,6.4µm
_07559_,6.4µm
_08511_,6.4µm
_08839_,6.4µm
_08902_,6.4µm
_09377_,6.4µm
_10207_,6.4µm
_10432_,6.4µm
_10687_,6.4µm
_11090_,6.4µm
_11210_,6.4µm
_11403_,6.4µm
_11957_,6.4µm
_12091_,6.4µm
_12376_,6.4µm
_13244_,6.4µm
_13265_,6.4µm
_13994_,6.4µm
_14097_,6.4µm
_14433_,6.4µm
_15451_,6.4µm
_15515_,6.4µm
_15685_,6.4µm
_16643_,6.4µm
_18419_,6.4µm
_18692_,6.4µm
_18852_,6.4µm
_19083_,6.4µm
_19101_,6.4µm
_19452_,6.4µm
_20215_,6.4µm
_20368_,6.4µm
_20593_,6.4µm
_20616_,6.4µm
_20767_,6.4µm
_20988_,6.4µm
_21087_,6.4µm
_21652_,6.4µm
_02278_,6.395µm
_02193_,6.38µm
_03046_,6.38µm
_05663_,6.38µm
_07881_,6.38µm
_08420_,6.38µm
_08756_,6.38µm
_08953_,6.38µm
_10435_,6.38µm
_16145_,6.38µm
_16158_,6.38µm
_16438_,6.38µm
_20054_,6.38µm
_21300_,6.38µm
net1096,6.38µm
systolic_arrays\[0\].systolic_array_inst.b_reg\[15\],6.38µm
threads\[3\].pc_instance.nzp\[0\],6.38µm
_21822_,6.375µm
_11660_,6.37µm
_00833_,6.365µm
_01705_,6.365µm
_00420_,6.36µm
_00755_,6.36µm
_02308_,6.36µm
_02698_,6.36µm
_03185_,6.36µm
_03364_,6.36µm
_03437_,6.36µm
_05454_,6.36µm
_05656_,6.36µm
_05775_,6.36µm
_06372_,6.36µm
_06736_,6.36µm
_07229_,6.36µm
_08136_,6.36µm
_08141_,6.36µm
_08167_,6.36µm
_08376_,6.36µm
_08396_,6.36µm
_09153_,6.36µm
_09712_,6.36µm
_10944_,6.36µm
_11125_,6.36µm
_11129_,6.36µm
_11423_,6.36µm
_12011_,6.36µm
_12490_,6.36µm
_13134_,6.36µm
_13515_,6.36µm
_14510_,6.36µm
_14755_,6.36µm
_17794_,6.36µm
_19027_,6.36µm
_20101_,6.36µm
_20870_,6.36µm
_21445_,6.36µm
_21511_,6.36µm
_21712_,6.36µm
_16781_,6.355µm
_00765_,6.345µm
_00952_,6.345µm
_01116_,6.345µm
_00441_,6.335µm
_05156_,6.33µm
_07143_,6.33µm
_11058_,6.33µm
_01115_,6.325µm
_01243_,6.325µm
_03087_,6.32µm
_04155_,6.32µm
_05419_,6.32µm
_06027_,6.32µm
_08288_,6.32µm
_09904_,6.32µm
_10632_,6.32µm
_12614_,6.32µm
_13463_,6.32µm
_14315_,6.32µm
_14514_,6.32µm
_15388_,6.32µm
_15784_,6.32µm
_17461_,6.32µm
_17544_,6.32µm
_17739_,6.32µm
_18225_,6.32µm
_18279_,6.32µm
_18370_,6.32µm
_18464_,6.32µm
_19654_,6.32µm
_00188_,6.305µm
_00978_,6.305µm
_01036_,6.305µm
_01105_,6.305µm
_01470_,6.305µm
_03457_,6.3µm
_04852_,6.3µm
_05865_,6.3µm
_06017_,6.3µm
_06424_,6.3µm
_06541_,6.3µm
_07750_,6.3µm
_08010_,6.3µm
_08975_,6.3µm
_10057_,6.3µm
_10786_,6.3µm
_11366_,6.3µm
_12507_,6.3µm
_16574_,6.3µm
_16920_,6.3µm
_17035_,6.3µm
_17411_,6.3µm
_17583_,6.3µm
_18018_,6.3µm
_18790_,6.3µm
_19992_,6.3µm
_20407_,6.3µm
_20854_,6.3µm
_21359_,6.3µm
_22035_,6.3µm
net1364,6.3µm
systolic_compute_drain\[2\],6.3µm
_16996_,6.295µm
_00201_,6.29µm
_04876_,6.29µm
_01535_,6.285µm
_02809_,6.28µm
_03395_,6.28µm
_03809_,6.28µm
_04130_,6.28µm
_05064_,6.28µm
_05078_,6.28µm
_06420_,6.28µm
_06625_,6.28µm
_06665_,6.28µm
_07237_,6.28µm
_07322_,6.28µm
_07483_,6.28µm
_08014_,6.28µm
_08752_,6.28µm
_08882_,6.28µm
_09014_,6.28µm
_09866_,6.28µm
_11109_,6.28µm
_11595_,6.28µm
_11749_,6.28µm
_12019_,6.28µm
_14004_,6.28µm
_15466_,6.28µm
_16142_,6.28µm
_16155_,6.28µm
_16321_,6.28µm
_16430_,6.28µm
_16576_,6.28µm
_16926_,6.28µm
_17156_,6.28µm
_17207_,6.28µm
_17291_,6.28µm
_18820_,6.28µm
_19480_,6.28µm
_19514_,6.28µm
_19909_,6.28µm
_20455_,6.28µm
_21088_,6.28µm
_21181_,6.28µm
_01271_,6.275µm
_04328_,6.265µm
_00128_,6.26µm
_01944_,6.26µm
_02396_,6.26µm
_02600_,6.26µm
_02857_,6.26µm
_03966_,6.26µm
_05188_,6.26µm
_05561_,6.26µm
_06892_,6.26µm
_07059_,6.26µm
_07313_,6.26µm
_07476_,6.26µm
_07507_,6.26µm
_07713_,6.26µm
_07809_,6.26µm
_08338_,6.26µm
_08758_,6.26µm
_08812_,6.26µm
_09110_,6.26µm
_09247_,6.26µm
_09499_,6.26µm
_10649_,6.26µm
_10722_,6.26µm
_11480_,6.26µm
_12214_,6.26µm
_13090_,6.26µm
_13120_,6.26µm
_13195_,6.26µm
_15119_,6.26µm
_15185_,6.26µm
_15478_,6.26µm
_15870_,6.26µm
_16309_,6.26µm
_16319_,6.26µm
_16609_,6.26µm
_17036_,6.26µm
_17155_,6.26µm
_17226_,6.26µm
_17252_,6.26µm
_18146_,6.26µm
_19473_,6.26µm
_19702_,6.26µm
_19954_,6.26µm
_20325_,6.26µm
_20700_,6.26µm
pipe_fma_enable,6.26µm
_16685_,6.255µm
_00145_,6.245µm
_00701_,6.24µm
_05567_,6.24µm
_05626_,6.24µm
_08379_,6.24µm
_11405_,6.24µm
_12644_,6.24µm
_12894_,6.24µm
_12975_,6.24µm
_14808_,6.24µm
_14904_,6.24µm
_16942_,6.24µm
_19989_,6.24µm
_20065_,6.24µm
_20706_,6.24µm
_21639_,6.24µm
_14859_,6.235µm
_02037_,6.23µm
_08981_,6.23µm
_00141_,6.225µm
_00202_,6.225µm
_00264_,6.225µm
_01749_,6.225µm
_01790_,6.225µm
_01958_,6.225µm
_01968_,6.225µm
_02067_,6.225µm
_00594_,6.22µm
_00808_,6.215µm
_16001_,6.215µm
_17008_,6.215µm
_05337_,6.21µm
_10818_,6.21µm
_10976_,6.21µm
_19820_,6.21µm
_01934_,6.205µm
_02377_,6.2µm
_02968_,6.2µm
_03316_,6.2µm
_03572_,6.2µm
_03802_,6.2µm
_05902_,6.2µm
_06649_,6.2µm
_08968_,6.2µm
_09166_,6.2µm
_11360_,6.2µm
_12681_,6.2µm
_15352_,6.2µm
_15473_,6.2µm
_15803_,6.2µm
_16845_,6.2µm
_17289_,6.2µm
_21151_,6.2µm
net1329,6.2µm
_12168_,6.19µm
_13930_,6.19µm
_00856_,6.185µm
_01496_,6.185µm
_01795_,6.185µm
_15958_,6.185µm
_00039_,6.18µm
_02329_,6.18µm
_02951_,6.18µm
_02983_,6.18µm
_03094_,6.18µm
_03311_,6.18µm
_03314_,6.18µm
_03938_,6.18µm
_04039_,6.18µm
_04478_,6.18µm
_04596_,6.18µm
_04602_,6.18µm
_04639_,6.18µm
_04764_,6.18µm
_04821_,6.18µm
_04867_,6.18µm
_05652_,6.18µm
_06153_,6.18µm
_06442_,6.18µm
_07250_,6.18µm
_07519_,6.18µm
_10107_,6.18µm
_10118_,6.18µm
_10367_,6.18µm
_10526_,6.18µm
_10843_,6.18µm
_11422_,6.18µm
_11546_,6.18µm
_12197_,6.18µm
_13428_,6.18µm
_13701_,6.18µm
_13905_,6.18µm
_14132_,6.18µm
_15170_,6.18µm
_15194_,6.18µm
_15332_,6.18µm
_15335_,6.18µm
_15401_,6.18µm
_15507_,6.18µm
_15580_,6.18µm
_15672_,6.18µm
_15695_,6.18µm
_15955_,6.18µm
_15989_,6.18µm
_16380_,6.18µm
_16462_,6.18µm
_16489_,6.18µm
_16755_,6.18µm
_16899_,6.18µm
_17334_,6.18µm
_17458_,6.18µm
_17690_,6.18µm
_18290_,6.18µm
_18539_,6.18µm
_19502_,6.18µm
_19705_,6.18µm
_19738_,6.18µm
_20869_,6.18µm
_21609_,6.18µm
net1535,6.18µm
net1599,6.18µm
_01993_,6.175µm
_21422_,6.175µm
_21659_,6.175µm
_04151_,6.17µm
_08103_,6.17µm
_14943_,6.17µm
_00417_,6.165µm
_02610_,6.16µm
_02637_,6.16µm
_03805_,6.16µm
_04845_,6.16µm
_05202_,6.16µm
_05224_,6.16µm
_06103_,6.16µm
_06555_,6.16µm
_06810_,6.16µm
_08603_,6.16µm
_09684_,6.16µm
_10850_,6.16µm
_11182_,6.16µm
_12752_,6.16µm
_12803_,6.16µm
_14551_,6.16µm
_14874_,6.16µm
_15443_,6.16µm
_15862_,6.16µm
_16756_,6.16µm
_18325_,6.16µm
_18869_,6.16µm
_19295_,6.16µm
_19403_,6.16µm
_19499_,6.16µm
_21382_,6.16µm
net1342,6.16µm
_00262_,6.155µm
_17323_,6.15µm
_18537_,6.15µm
_13859_,6.145µm
_00020_,6.14µm
_01720_,6.14µm
_02290_,6.14µm
_02436_,6.14µm
_02835_,6.14µm
_03161_,6.14µm
_03347_,6.14µm
_03835_,6.14µm
_03916_,6.14µm
_04436_,6.14µm
_04987_,6.14µm
_05058_,6.14µm
_05177_,6.14µm
_06267_,6.14µm
_06359_,6.14µm
_06884_,6.14µm
_07202_,6.14µm
_07769_,6.14µm
_07985_,6.14µm
_08660_,6.14µm
_08934_,6.14µm
_08954_,6.14µm
_09408_,6.14µm
_09516_,6.14µm
_09633_,6.14µm
_09999_,6.14µm
_10641_,6.14µm
_10994_,6.14µm
_11069_,6.14µm
_11514_,6.14µm
_12700_,6.14µm
_12878_,6.14µm
_13555_,6.14µm
_13957_,6.14µm
_14018_,6.14µm
_15591_,6.14µm
_15943_,6.14µm
_16710_,6.14µm
_16933_,6.14µm
_17139_,6.14µm
_17581_,6.14µm
_18021_,6.14µm
_19147_,6.14µm
_20457_,6.14µm
_20623_,6.14µm
_20868_,6.14µm
_21248_,6.14µm
_21831_,6.14µm
_21897_,6.14µm
_21971_,6.14µm
net1166,6.14µm
systolic_arrays\[0\].systolic_array_inst.g_row\[0\].g_col\[0\].pe.load_weight,6.14µm
net1573,6.14µm
net1603,6.14µm
net1710,6.14µm
_02176_,6.135µm
_09212_,6.13µm
_11584_,6.13µm
_21316_,6.13µm
_02836_,6.12µm
_07128_,6.12µm
_08287_,6.12µm
_08866_,6.12µm
_09469_,6.12µm
_17376_,6.12µm
_17782_,6.12µm
_18584_,6.12µm
_19947_,6.12µm
_20408_,6.12µm
_20456_,6.12µm
_22010_,6.12µm
_01829_,6.115µm
_00278_,6.105µm
_00731_,6.105µm
_00834_,6.105µm
_00956_,6.105µm
_01292_,6.105µm
_01447_,6.105µm
_01573_,6.105µm
_01641_,6.105µm
_01658_,6.105µm
_02205_,6.105µm
_01896_,6.1µm
_10449_,6.095µm
_00113_,6.09µm
_12827_,6.09µm
_14988_,6.09µm
_02135_,6.085µm
_00101_,6.08µm
_00186_,6.08µm
_00448_,6.08µm
_01978_,6.08µm
_01994_,6.08µm
_02249_,6.08µm
_02564_,6.08µm
_02609_,6.08µm
_04539_,6.08µm
_06064_,6.08µm
_08630_,6.08µm
_08831_,6.08µm
_12086_,6.08µm
_12149_,6.08µm
_17905_,6.08µm
_21605_,6.08µm
_09020_,6.07µm
_19106_,6.07µm
_00094_,6.065µm
_01182_,6.065µm
_02849_,6.06µm
_02985_,6.06µm
_03225_,6.06µm
_03688_,6.06µm
_03744_,6.06µm
_04056_,6.06µm
_04377_,6.06µm
_04560_,6.06µm
_04727_,6.06µm
_05167_,6.06µm
_05298_,6.06µm
_05347_,6.06µm
_05351_,6.06µm
_05526_,6.06µm
_05570_,6.06µm
_05830_,6.06µm
_06325_,6.06µm
_06365_,6.06µm
_06539_,6.06µm
_06584_,6.06µm
_06655_,6.06µm
_07581_,6.06µm
_07816_,6.06µm
_07863_,6.06µm
_08107_,6.06µm
_09355_,6.06µm
_09454_,6.06µm
_09644_,6.06µm
_09763_,6.06µm
_10440_,6.06µm
_10529_,6.06µm
_10852_,6.06µm
_11091_,6.06µm
_11716_,6.06µm
_11742_,6.06µm
_12958_,6.06µm
_12981_,6.06µm
_13610_,6.06µm
_13690_,6.06µm
_14035_,6.06µm
_14553_,6.06µm
_14607_,6.06µm
_14877_,6.06µm
_15304_,6.06µm
_15369_,6.06µm
_15387_,6.06µm
_15489_,6.06µm
_15624_,6.06µm
_15824_,6.06µm
_16371_,6.06µm
_17975_,6.06µm
_18004_,6.06µm
_18414_,6.06µm
_18567_,6.06µm
_18598_,6.06µm
_19138_,6.06µm
_19140_,6.06µm
_19272_,6.06µm
_19549_,6.06µm
_19712_,6.06µm
_19756_,6.06µm
_19779_,6.06µm
_19863_,6.06µm
_19951_,6.06µm
_20061_,6.06µm
_20079_,6.06µm
_20157_,6.06µm
_20381_,6.06µm
_20527_,6.06µm
_20692_,6.06µm
_21065_,6.06µm
_21229_,6.06µm
_21530_,6.06µm
_21562_,6.06µm
_21746_,6.06µm
_22107_,6.06µm
net1589,6.06µm
_00736_,6.055µm
_16345_,6.055µm
_01463_,6.04µm
_01761_,6.04µm
_03464_,6.04µm
_03775_,6.04µm
_04978_,6.04µm
_05031_,6.04µm
_05825_,6.04µm
_07522_,6.04µm
_10090_,6.04µm
_10519_,6.04µm
_11070_,6.04µm
_14422_,6.04µm
_14599_,6.04µm
_14753_,6.04µm
_17130_,6.04µm
_19646_,6.04µm
_20681_,6.04µm
_14117_,6.03µm
_12941_,6.025µm
_02456_,6.02µm
_02617_,6.02µm
_02665_,6.02µm
_02726_,6.02µm
_02750_,6.02µm
_02752_,6.02µm
_02842_,6.02µm
_03431_,6.02µm
_03494_,6.02µm
_03503_,6.02µm
_03506_,6.02µm
_04382_,6.02µm
_05187_,6.02µm
_05291_,6.02µm
_05496_,6.02µm
_05684_,6.02µm
_06046_,6.02µm
_06594_,6.02µm
_06860_,6.02µm
_06923_,6.02µm
_06961_,6.02µm
_07017_,6.02µm
_07214_,6.02µm
_07696_,6.02µm
_07860_,6.02µm
_09255_,6.02µm
_09750_,6.02µm
_09801_,6.02µm
_10004_,6.02µm
_10139_,6.02µm
_10653_,6.02µm
_10719_,6.02µm
_10810_,6.02µm
_11242_,6.02µm
_11427_,6.02µm
_11519_,6.02µm
_11606_,6.02µm
_11624_,6.02µm
_11638_,6.02µm
_11680_,6.02µm
_11765_,6.02µm
_11770_,6.02µm
_11841_,6.02µm
_12871_,6.02µm
_12875_,6.02µm
_13124_,6.02µm
_13299_,6.02µm
_13308_,6.02µm
_13557_,6.02µm
_13633_,6.02µm
_13969_,6.02µm
_14030_,6.02µm
_14905_,6.02µm
_15076_,6.02µm
_15517_,6.02µm
_18057_,6.02µm
_18351_,6.02µm
_18482_,6.02µm
_18506_,6.02µm
_18635_,6.02µm
_18722_,6.02µm
_18830_,6.02µm
_18927_,6.02µm
_19168_,6.02µm
_19205_,6.02µm
_19526_,6.02µm
_19642_,6.02µm
_20007_,6.02µm
_20122_,6.02µm
_20539_,6.02µm
_20961_,6.02µm
_21393_,6.02µm
_21703_,6.02µm
net1606,6.02µm
_09275_,6.01µm
_18221_,6.01µm
_18301_,6.01µm
_00780_,6.005µm
_01007_,6.005µm
_01280_,6.005µm
_01766_,6.005µm
_19907_,6µm
_15893_,5.995µm
_04095_,5.99µm
_06623_,5.99µm
_14836_,5.99µm
_00390_,5.985µm
_00976_,5.985µm
_01911_,5.985µm
_01974_,5.985µm
_02138_,5.985µm
_04837_,5.985µm
_10757_,5.985µm
_14679_,5.985µm
_04145_,5.98µm
_06526_,5.98µm
_06531_,5.98µm
_08627_,5.98µm
_11400_,5.98µm
_14210_,5.98µm
_18818_,5.98µm
_19648_,5.98µm
net1472,5.98µm
net1480,5.98µm
_16049_,5.975µm
_01856_,5.97µm
_01876_,5.97µm
_03672_,5.97µm
_03675_,5.97µm
_00003_,5.965µm
_00068_,5.965µm
_01396_,5.965µm
_01416_,5.965µm
_01906_,5.965µm
_15758_,5.965µm
_00584_,5.96µm
_01414_,5.96µm
_01532_,5.96µm
_13715_,5.96µm
_14586_,5.96µm
_21598_,5.96µm
_16336_,5.955µm
_00511_,5.945µm
_01560_,5.945µm
_02468_,5.94µm
_02542_,5.94µm
_03180_,5.94µm
_03529_,5.94µm
_03730_,5.94µm
_03821_,5.94µm
_04231_,5.94µm
_05254_,5.94µm
_05436_,5.94µm
_05476_,5.94µm
_05778_,5.94µm
_06074_,5.94µm
_06085_,5.94µm
_06205_,5.94µm
_06226_,5.94µm
_06386_,5.94µm
_06450_,5.94µm
_06691_,5.94µm
_06754_,5.94µm
_06926_,5.94µm
_07147_,5.94µm
_07269_,5.94µm
_07448_,5.94µm
_07810_,5.94µm
_07834_,5.94µm
_07961_,5.94µm
_08019_,5.94µm
_09076_,5.94µm
_09418_,5.94µm
_09876_,5.94µm
_10425_,5.94µm
_11234_,5.94µm
_12319_,5.94µm
_12391_,5.94µm
_12673_,5.94µm
_13100_,5.94µm
_13262_,5.94µm
_13368_,5.94µm
_13626_,5.94µm
_13976_,5.94µm
_14562_,5.94µm
_14593_,5.94µm
_14903_,5.94µm
_15229_,5.94µm
_15365_,5.94µm
_16700_,5.94µm
_19110_,5.94µm
_19181_,5.94µm
_19252_,5.94µm
_19414_,5.94µm
_20506_,5.94µm
_21146_,5.94µm
_21324_,5.94µm
_21810_,5.94µm
_21976_,5.94µm
_21983_,5.94µm
_00181_,5.935µm
_01606_,5.935µm
_02057_,5.935µm
_02277_,5.925µm
_04705_,5.92µm
_04928_,5.92µm
_20207_,5.92µm
_01920_,5.915µm
_16059_,5.91µm
_00927_,5.905µm
_01689_,5.905µm
_02624_,5.9µm
_04284_,5.9µm
_04687_,5.9µm
_04859_,5.9µm
_06206_,5.9µm
_08357_,5.9µm
_08427_,5.9µm
_08988_,5.9µm
_09248_,5.9µm
_09483_,5.9µm
_09804_,5.9µm
_10110_,5.9µm
_10200_,5.9µm
_10330_,5.9µm
_11033_,5.9µm
_11699_,5.9µm
_14552_,5.9µm
_14910_,5.9µm
_17303_,5.9µm
_18436_,5.9µm
_19226_,5.9µm
_20702_,5.9µm
_20147_,5.895µm
_00747_,5.885µm
_01042_,5.885µm
_01168_,5.885µm
_01219_,5.885µm
_01473_,5.885µm
_01816_,5.885µm
_01825_,5.885µm
_17041_,5.88µm
_07491_,5.87µm
_17835_,5.87µm
_19159_,5.87µm
_01329_,5.865µm
_01581_,5.865µm
_03627_,5.865µm
_04350_,5.86µm
_06458_,5.86µm
_06864_,5.86µm
_07043_,5.86µm
_08557_,5.86µm
_09252_,5.86µm
_09511_,5.86µm
_09697_,5.86µm
_10901_,5.86µm
_10960_,5.86µm
_11312_,5.86µm
_13282_,5.86µm
_14124_,5.86µm
_14236_,5.86µm
_17420_,5.86µm
_18958_,5.86µm
_19351_,5.86µm
_21362_,5.86µm
_21433_,5.86µm
net1110,5.86µm
net1574,5.86µm
net1626,5.86µm
net1701,5.86µm
_00413_,5.845µm
_08455_,5.845µm
_17485_,5.845µm
_01672_,5.84µm
_02540_,5.84µm
_03233_,5.84µm
_04116_,5.84µm
_05249_,5.84µm
_05525_,5.84µm
_07069_,5.84µm
_07478_,5.84µm
_08854_,5.84µm
_10414_,5.84µm
_11438_,5.84µm
_11729_,5.84µm
_12233_,5.84µm
_12317_,5.84µm
_12951_,5.84µm
_13870_,5.84µm
_13992_,5.84µm
_14225_,5.84µm
_15820_,5.84µm
_16177_,5.84µm
_16439_,5.84µm
_16702_,5.84µm
_18924_,5.84µm
_20522_,5.84µm
_21186_,5.84µm
_21529_,5.84µm
_21907_,5.84µm
scheduler_instance.branch_diverge_inst.stack_target_pc\[0\]\[2\],5.84µm
net1623,5.84µm
_00133_,5.835µm
_00226_,5.835µm
_04458_,5.825µm
_02141_,5.82µm
_02960_,5.82µm
_03057_,5.82µm
_03422_,5.82µm
_04161_,5.82µm
_04281_,5.82µm
_04530_,5.82µm
_05186_,5.82µm
_05262_,5.82µm
_05398_,5.82µm
_06005_,5.82µm
_06045_,5.82µm
_06509_,5.82µm
_07189_,5.82µm
_07198_,5.82µm
_07284_,5.82µm
_07896_,5.82µm
_08121_,5.82µm
_08148_,5.82µm
_08193_,5.82µm
_08519_,5.82µm
_08599_,5.82µm
_08933_,5.82µm
_09530_,5.82µm
_09958_,5.82µm
_11215_,5.82µm
_11248_,5.82µm
_11356_,5.82µm
_11905_,5.82µm
_12600_,5.82µm
_12703_,5.82µm
_12999_,5.82µm
_13488_,5.82µm
_14706_,5.82µm
_15426_,5.82µm
_16592_,5.82µm
_16817_,5.82µm
_18717_,5.82µm
_19185_,5.82µm
_20044_,5.82µm
_20762_,5.82µm
_21117_,5.82µm
_21242_,5.82µm
_22014_,5.82µm
systolic_arrays\[1\].systolic_array_inst.a_wire\[1\]\[14\],5.82µm
_00323_,5.815µm
_01174_,5.815µm
_01199_,5.815µm
_02084_,5.815µm
_01063_,5.805µm
_01919_,5.805µm
_16264_,5.805µm
_02876_,5.8µm
_03043_,5.8µm
_03154_,5.8µm
_04280_,5.8µm
_04402_,5.8µm
_04748_,5.8µm
_04773_,5.8µm
_05304_,5.8µm
_05466_,5.8µm
_05521_,5.8µm
_05552_,5.8µm
_06299_,5.8µm
_06445_,5.8µm
_06517_,5.8µm
_07376_,5.8µm
_07730_,5.8µm
_08189_,5.8µm
_08507_,5.8µm
_08734_,5.8µm
_09178_,5.8µm
_10112_,5.8µm
_10238_,5.8µm
_10382_,5.8µm
_10386_,5.8µm
_10499_,5.8µm
_10715_,5.8µm
_10727_,5.8µm
_10913_,5.8µm
_11068_,5.8µm
_11172_,5.8µm
_11690_,5.8µm
_11893_,5.8µm
_12421_,5.8µm
_12887_,5.8µm
_13213_,5.8µm
_13429_,5.8µm
_13912_,5.8µm
_14472_,5.8µm
_14481_,5.8µm
_14729_,5.8µm
_14810_,5.8µm
_14839_,5.8µm
_15104_,5.8µm
_15333_,5.8µm
_15368_,5.8µm
_15678_,5.8µm
_16033_,5.8µm
_16115_,5.8µm
_16315_,5.8µm
_16679_,5.8µm
_16765_,5.8µm
_16857_,5.8µm
_17068_,5.8µm
_17186_,5.8µm
_17435_,5.8µm
_18713_,5.8µm
_19491_,5.8µm
_19496_,5.8µm
_19629_,5.8µm
_19788_,5.8µm
_19885_,5.8µm
_20004_,5.8µm
_20198_,5.8µm
_20689_,5.8µm
_20993_,5.8µm
_21567_,5.8µm
_22005_,5.8µm
net1672,5.8µm
_00096_,5.785µm
_01239_,5.785µm
_01316_,5.785µm
_01786_,5.785µm
_01943_,5.785µm
_02545_,5.78µm
_05292_,5.78µm
_07435_,5.78µm
_07580_,5.78µm
_08459_,5.78µm
_11179_,5.78µm
_11941_,5.78µm
_13449_,5.78µm
_14591_,5.78µm
_15329_,5.78µm
_19035_,5.78µm
_19084_,5.78µm
_19353_,5.78µm
_21474_,5.78µm
_00510_,5.775µm
_00641_,5.775µm
_00840_,5.775µm
_01030_,5.775µm
_01032_,5.775µm
_17344_,5.775µm
_00074_,5.765µm
_00131_,5.765µm
_00472_,5.765µm
_00989_,5.765µm
_01193_,5.765µm
_01223_,5.765µm
_01745_,5.765µm
_01927_,5.765µm
_01990_,5.765µm
_02075_,5.765µm
_02081_,5.765µm
_01908_,5.76µm
_03105_,5.755µm
_04890_,5.755µm
_16493_,5.755µm
_12450_,5.75µm
_03357_,5.74µm
_03841_,5.74µm
_04378_,5.74µm
_04880_,5.74µm
_05281_,5.74µm
_05500_,5.74µm
_06585_,5.74µm
_06899_,5.74µm
_06983_,5.74µm
_07106_,5.74µm
_07508_,5.74µm
_07789_,5.74µm
_08546_,5.74µm
_08773_,5.74µm
_10700_,5.74µm
_10926_,5.74µm
_12135_,5.74µm
_15493_,5.74µm
_16035_,5.74µm
_16467_,5.74µm
_16769_,5.74µm
_16849_,5.74µm
_17258_,5.74µm
_19373_,5.74µm
_19487_,5.74µm
_21136_,5.74µm
net1097,5.74µm
net1629,5.74µm
net1686,5.74µm
_02494_,5.73µm
_01270_,5.725µm
_01796_,5.725µm
_01730_,5.72µm
_02313_,5.72µm
_02673_,5.72µm
_02979_,5.72µm
_03204_,5.72µm
_03390_,5.72µm
_03560_,5.72µm
_03639_,5.72µm
_03684_,5.72µm
_04057_,5.72µm
_04232_,5.72µm
_04295_,5.72µm
_04365_,5.72µm
_04652_,5.72µm
_04738_,5.72µm
_04780_,5.72µm
_05038_,5.72µm
_05431_,5.72µm
_05675_,5.72µm
_05749_,5.72µm
_06492_,5.72µm
_06703_,5.72µm
_06917_,5.72µm
_06950_,5.72µm
_07452_,5.72µm
_07628_,5.72µm
_09177_,5.72µm
_09862_,5.72µm
_09973_,5.72µm
_10061_,5.72µm
_10661_,5.72µm
_11008_,5.72µm
_11296_,5.72µm
_12018_,5.72µm
_12128_,5.72µm
_12320_,5.72µm
_12604_,5.72µm
_12657_,5.72µm
_12740_,5.72µm
_12813_,5.72µm
_12924_,5.72µm
_13379_,5.72µm
_13391_,5.72µm
_13502_,5.72µm
_13743_,5.72µm
_13811_,5.72µm
_14105_,5.72µm
_14693_,5.72µm
_16903_,5.72µm
_17020_,5.72µm
_17023_,5.72µm
_17322_,5.72µm
_17706_,5.72µm
_17949_,5.72µm
_18053_,5.72µm
_18139_,5.72µm
_18819_,5.72µm
_18821_,5.72µm
_19144_,5.72µm
_19443_,5.72µm
_19449_,5.72µm
_19601_,5.72µm
_19619_,5.72µm
_19757_,5.72µm
_20016_,5.72µm
_20514_,5.72µm
_21057_,5.72µm
_21638_,5.72µm
net869,5.72µm
_04947_,5.715µm
_00393_,5.71µm
_00394_,5.71µm
_00865_,5.705µm
_02271_,5.7µm
_02646_,5.7µm
_02869_,5.7µm
_03104_,5.7µm
_04063_,5.7µm
_04068_,5.7µm
_04371_,5.7µm
_05151_,5.7µm
_05160_,5.7µm
_07998_,5.7µm
_09453_,5.7µm
_09677_,5.7µm
_09727_,5.7µm
_11005_,5.7µm
_11072_,5.7µm
_11668_,5.7µm
_13350_,5.7µm
_13777_,5.7µm
_14985_,5.7µm
_17134_,5.7µm
_17687_,5.7µm
_18148_,5.7µm
_19050_,5.7µm
_19274_,5.7µm
_19338_,5.7µm
_20130_,5.7µm
_20416_,5.7µm
_20652_,5.7µm
_21022_,5.7µm
_21749_,5.7µm
_05375_,5.69µm
_00611_,5.68µm
_02648_,5.68µm
_02663_,5.68µm
_03138_,5.68µm
_03292_,5.68µm
_03480_,5.68µm
_04007_,5.68µm
_04309_,5.68µm
_05181_,5.68µm
_05403_,5.68µm
_05722_,5.68µm
_05919_,5.68µm
_06041_,5.68µm
_06147_,5.68µm
_06243_,5.68µm
_06718_,5.68µm
_07846_,5.68µm
_08154_,5.68µm
_08709_,5.68µm
_08743_,5.68µm
_08855_,5.68µm
_09384_,5.68µm
_11127_,5.68µm
_11410_,5.68µm
_11667_,5.68µm
_12252_,5.68µm
_12315_,5.68µm
_12349_,5.68µm
_12579_,5.68µm
_12730_,5.68µm
_12746_,5.68µm
_12962_,5.68µm
_13318_,5.68µm
_13549_,5.68µm
_13863_,5.68µm
_14215_,5.68µm
_14329_,5.68µm
_14962_,5.68µm
_15842_,5.68µm
_16641_,5.68µm
_17240_,5.68µm
_17529_,5.68µm
_18093_,5.68µm
_18112_,5.68µm
_18462_,5.68µm
_18690_,5.68µm
_18728_,5.68µm
_18809_,5.68µm
_18822_,5.68µm
_19318_,5.68µm
_19532_,5.68µm
_19624_,5.68µm
_20275_,5.68µm
_21126_,5.68µm
_21355_,5.68µm
_21369_,5.68µm
_21454_,5.68µm
_21458_,5.68µm
_22020_,5.68µm
net1321,5.68µm
systolic_arrays\[0\].systolic_array_inst.a_wire\[3\]\[14\],5.68µm
net1598,5.68µm
net1669,5.68µm
net1696,5.68µm
_02167_,5.675µm
_02457_,5.67µm
_06402_,5.67µm
_07061_,5.67µm
_01252_,5.655µm
_01322_,5.655µm
_14744_,5.65µm
_20400_,5.65µm
_00014_,5.645µm
_00689_,5.645µm
_00694_,5.645µm
_00735_,5.645µm
_00810_,5.645µm
_01256_,5.645µm
_01259_,5.645µm
_01324_,5.645µm
_01369_,5.645µm
_01375_,5.645µm
_01492_,5.645µm
_01596_,5.645µm
net1582,5.645µm
_00152_,5.64µm
_01799_,5.64µm
_01989_,5.64µm
_02259_,5.64µm
_02027_,5.63µm
_02062_,5.63µm
_02198_,5.63µm
_05976_,5.63µm
_06986_,5.63µm
_18495_,5.63µm
_01569_,5.625µm
_00358_,5.62µm
_01250_,5.62µm
_01868_,5.62µm
_01903_,5.62µm
_01992_,5.62µm
_03988_,5.62µm
_09406_,5.62µm
_12308_,5.62µm
_15909_,5.62µm
_16061_,5.62µm
_16654_,5.62µm
_17742_,5.62µm
_17815_,5.62µm
_12733_,5.61µm
_00877_,5.605µm
_00936_,5.605µm
_00990_,5.605µm
_01069_,5.605µm
_01222_,5.605µm
_01940_,5.605µm
_08279_,5.605µm
_02963_,5.6µm
_02994_,5.6µm
_03056_,5.6µm
_03102_,5.6µm
_03260_,5.6µm
_04166_,5.6µm
_04292_,5.6µm
_04598_,5.6µm
_05121_,5.6µm
_05142_,5.6µm
_05295_,5.6µm
_05418_,5.6µm
_05523_,5.6µm
_05649_,5.6µm
_05690_,5.6µm
_05913_,5.6µm
_06688_,5.6µm
_06849_,5.6µm
_07354_,5.6µm
_07711_,5.6µm
_08656_,5.6µm
_09064_,5.6µm
_09082_,5.6µm
_09098_,5.6µm
_09427_,5.6µm
_10027_,5.6µm
_10573_,5.6µm
_10732_,5.6µm
_11608_,5.6µm
_11819_,5.6µm
_12148_,5.6µm
_12933_,5.6µm
_13089_,5.6µm
_13342_,5.6µm
_13352_,5.6µm
_13556_,5.6µm
_14725_,5.6µm
_14731_,5.6µm
_14850_,5.6µm
_14998_,5.6µm
_15091_,5.6µm
_15291_,5.6µm
_15293_,5.6µm
_15389_,5.6µm
_15823_,5.6µm
_16179_,5.6µm
_17232_,5.6µm
_18452_,5.6µm
_18731_,5.6µm
_19199_,5.6µm
_19249_,5.6µm
_19349_,5.6µm
_19621_,5.6µm
_19852_,5.6µm
_19861_,5.6µm
_20285_,5.6µm
_20371_,5.6µm
_20424_,5.6µm
_20875_,5.6µm
_20960_,5.6µm
_21058_,5.6µm
_21285_,5.6µm
systolic_arrays\[1\].systolic_array_inst.a_reg\[18\],5.6µm
net1562,5.6µm
net1689,5.6µm
_02097_,5.595µm
_16447_,5.595µm
_00714_,5.58µm
_01064_,5.58µm
_01554_,5.58µm
_02423_,5.58µm
_05023_,5.58µm
_06181_,5.58µm
_09439_,5.58µm
_10676_,5.58µm
_11382_,5.58µm
_12124_,5.58µm
_12199_,5.58µm
_12665_,5.58µm
_16601_,5.58µm
_17424_,5.58µm
_17792_,5.58µm
_19287_,5.58µm
_20798_,5.58µm
_01694_,5.565µm
_03108_,5.56µm
_03380_,5.56µm
_03417_,5.56µm
_03426_,5.56µm
_03637_,5.56µm
_04275_,5.56µm
_04475_,5.56µm
_04536_,5.56µm
_04591_,5.56µm
_05197_,5.56µm
_05765_,5.56µm
_05786_,5.56µm
_05809_,5.56µm
_05900_,5.56µm
_06081_,5.56µm
_06127_,5.56µm
_06255_,5.56µm
_06334_,5.56µm
_06727_,5.56µm
_06873_,5.56µm
_07016_,5.56µm
_07604_,5.56µm
_07620_,5.56µm
_07923_,5.56µm
_08083_,5.56µm
_08343_,5.56µm
_08742_,5.56µm
_08767_,5.56µm
_08828_,5.56µm
_08853_,5.56µm
_09417_,5.56µm
_09506_,5.56µm
_09586_,5.56µm
_09701_,5.56µm
_09911_,5.56µm
_09974_,5.56µm
_09977_,5.56µm
_10734_,5.56µm
_11137_,5.56µm
_11202_,5.56µm
_11611_,5.56µm
_11935_,5.56µm
_13099_,5.56µm
_13112_,5.56µm
_14114_,5.56µm
_14803_,5.56µm
_14909_,5.56µm
_14951_,5.56µm
_15189_,5.56µm
_15594_,5.56µm
_16330_,5.56µm
_17137_,5.56µm
_17764_,5.56µm
_17891_,5.56µm
_19029_,5.56µm
_19116_,5.56µm
_19241_,5.56µm
_19247_,5.56µm
_19469_,5.56µm
_19481_,5.56µm
_19822_,5.56µm
_20074_,5.56µm
_20228_,5.56µm
_20421_,5.56µm
_20469_,5.56µm
_20640_,5.56µm
_20968_,5.56µm
_21118_,5.56µm
_21142_,5.56µm
_21330_,5.56µm
_21430_,5.56µm
_21512_,5.56µm
_21545_,5.56µm
_21574_,5.56µm
_22032_,5.56µm
_22048_,5.56µm
_14213_,5.555µm
_13854_,5.55µm
_00795_,5.545µm
_01005_,5.545µm
_01207_,5.545µm
_01210_,5.545µm
_01448_,5.545µm
_01508_,5.545µm
_01750_,5.545µm
_05169_,5.53µm
_20473_,5.53µm
_00071_,5.525µm
_00088_,5.525µm
_00136_,5.525µm
_01123_,5.525µm
_01293_,5.525µm
_01948_,5.525µm
_20494_,5.525µm
_00454_,5.52µm
_05843_,5.52µm
_11115_,5.52µm
_11335_,5.52µm
_13766_,5.52µm
_14304_,5.52µm
_17408_,5.52µm
_12067_,5.515µm
_10148_,5.51µm
_00121_,5.505µm
_00470_,5.505µm
_00772_,5.505µm
_02234_,5.505µm
_00602_,5.5µm
_00672_,5.5µm
_00831_,5.5µm
_03332_,5.5µm
_03599_,5.5µm
_04381_,5.5µm
_06218_,5.5µm
_07541_,5.5µm
_07721_,5.5µm
_13819_,5.5µm
_15497_,5.5µm
_15625_,5.5µm
_19710_,5.5µm
systolic_compute_drain\[4\],5.5µm
_00143_,5.495µm
_00230_,5.495µm
_02223_,5.495µm
_00782_,5.485µm
_00305_,5.48µm
_02686_,5.48µm
_02756_,5.48µm
_03537_,5.48µm
_03554_,5.48µm
_04018_,5.48µm
_04083_,5.48µm
_04099_,5.48µm
_04315_,5.48µm
_04920_,5.48µm
_04973_,5.48µm
_05393_,5.48µm
_06114_,5.48µm
_06411_,5.48µm
_06511_,5.48µm
_06830_,5.48µm
_07175_,5.48µm
_10396_,5.48µm
_10841_,5.48µm
_11961_,5.48µm
_12217_,5.48µm
_12243_,5.48µm
_12842_,5.48µm
_13952_,5.48µm
_14351_,5.48µm
_14358_,5.48µm
_14796_,5.48µm
_14960_,5.48µm
_15508_,5.48µm
_16871_,5.48µm
_17028_,5.48µm
_17154_,5.48µm
_17393_,5.48µm
_17396_,5.48µm
_18046_,5.48µm
_18994_,5.48µm
_19163_,5.48µm
_19564_,5.48µm
_20014_,5.48µm
_20298_,5.48µm
_20500_,5.48µm
_20919_,5.48µm
_21525_,5.48µm
_21589_,5.48µm
_21668_,5.48µm
_21745_,5.48µm
_21792_,5.48µm
net1698,5.48µm
_00134_,5.475µm
_00203_,5.475µm
_00416_,5.475µm
_00425_,5.475µm
_01539_,5.475µm
_01890_,5.475µm
_01945_,5.475µm
_00381_,5.465µm
_01999_,5.465µm
_08797_,5.465µm
_03995_,5.46µm
_14475_,5.46µm
_15488_,5.46µm
_16655_,5.46µm
_16683_,5.46µm
_20598_,5.46µm
_21653_,5.46µm
_01687_,5.445µm
_02209_,5.445µm
_02416_,5.44µm
_05122_,5.44µm
_05590_,5.44µm
_06270_,5.44µm
_07248_,5.44µm
_11145_,5.44µm
_11191_,5.44µm
_12567_,5.44µm
_13784_,5.44µm
_15276_,5.44µm
_16292_,5.44µm
_18867_,5.44µm
_21308_,5.44µm
_21510_,5.44µm
_00495_,5.435µm
_00742_,5.435µm
_00897_,5.435µm
_01095_,5.435µm
_01400_,5.435µm
_01771_,5.435µm
_01820_,5.435µm
_12755_,5.435µm
_16266_,5.435µm
_16753_,5.435µm
_19900_,5.43µm
_00690_,5.425µm
_00812_,5.425µm
_01443_,5.425µm
_01764_,5.425µm
_06253_,5.41µm
_09566_,5.41µm
_09791_,5.41µm
_13014_,5.41µm
_13585_,5.41µm
_02119_,5.405µm
_03235_,5.4µm
_03343_,5.4µm
_03544_,5.4µm
_03935_,5.4µm
_04621_,5.4µm
_05389_,5.4µm
_05651_,5.4µm
_05798_,5.4µm
_05817_,5.4µm
_06174_,5.4µm
_06466_,5.4µm
_06622_,5.4µm
_07001_,5.4µm
_07097_,5.4µm
_07535_,5.4µm
_08679_,5.4µm
_10408_,5.4µm
_10648_,5.4µm
_10828_,5.4µm
_11786_,5.4µm
_11869_,5.4µm
_11971_,5.4µm
_14781_,5.4µm
_16544_,5.4µm
_16948_,5.4µm
_17689_,5.4µm
_18132_,5.4µm
_18467_,5.4µm
_18603_,5.4µm
_18667_,5.4µm
_18754_,5.4µm
_18921_,5.4µm
_18960_,5.4µm
_19477_,5.4µm
_19847_,5.4µm
_19870_,5.4µm
_20825_,5.4µm
_00479_,5.39µm
_17026_,5.385µm
_00740_,5.38µm
_02370_,5.38µm
_03007_,5.38µm
_03103_,5.38µm
_03513_,5.38µm
_04093_,5.38µm
_04139_,5.38µm
_04452_,5.38µm
_06199_,5.38µm
_07081_,5.38µm
_07450_,5.38µm
_07798_,5.38µm
_08782_,5.38µm
_08849_,5.38µm
_09356_,5.38µm
_10087_,5.38µm
_10691_,5.38µm
_11329_,5.38µm
_12729_,5.38µm
_12841_,5.38µm
_14853_,5.38µm
_15484_,5.38µm
_15554_,5.38µm
_15576_,5.38µm
_15849_,5.38µm
_16839_,5.38µm
_17086_,5.38µm
_17430_,5.38µm
_17516_,5.38µm
_17692_,5.38µm
_17693_,5.38µm
_17754_,5.38µm
_17771_,5.38µm
_19023_,5.38µm
_19707_,5.38µm
_20182_,5.38µm
_20201_,5.38µm
_20730_,5.38µm
_20972_,5.38µm
_21206_,5.38µm
_21559_,5.38µm
scheduler_instance.branch_diverge_inst.stack_mask\[0\]\[0\],5.38µm
_00313_,5.375µm
_01065_,5.365µm
_01640_,5.365µm
_03959_,5.36µm
_04108_,5.36µm
_04252_,5.36µm
_04347_,5.36µm
_04548_,5.36µm
_04948_,5.36µm
_05036_,5.36µm
_05246_,5.36µm
_05573_,5.36µm
_05639_,5.36µm
_05889_,5.36µm
_05926_,5.36µm
_06182_,5.36µm
_06748_,5.36µm
_07349_,5.36µm
_07669_,5.36µm
_08078_,5.36µm
_08735_,5.36µm
_09711_,5.36µm
_10702_,5.36µm
_11618_,5.36µm
_13101_,5.36µm
_13737_,5.36µm
_13755_,5.36µm
_14827_,5.36µm
_15118_,5.36µm
_15735_,5.36µm
_16547_,5.36µm
_16555_,5.36µm
_17060_,5.36µm
_17572_,5.36µm
_19123_,5.36µm
_19232_,5.36µm
_19841_,5.36µm
_19882_,5.36µm
_20185_,5.36µm
_20334_,5.36µm
_20489_,5.36µm
_20530_,5.36µm
_21334_,5.36µm
_21424_,5.36µm
net1468,5.36µm
net1481,5.36µm
net359,5.36µm
fma_out\[0\]\[5\],5.36µm
_00468_,5.355µm
_00759_,5.355µm
fma_out\[0\]\[14\],5.355µm
_01907_,5.35µm
_00041_,5.34µm
_01841_,5.34µm
_02446_,5.34µm
_02722_,5.34µm
_02754_,5.34µm
_02914_,5.34µm
_03952_,5.34µm
_04098_,5.34µm
_04603_,5.34µm
_04702_,5.34µm
_05474_,5.34µm
_05623_,5.34µm
_05991_,5.34µm
_06309_,5.34µm
_06473_,5.34µm
_06605_,5.34µm
_06760_,5.34µm
_07091_,5.34µm
_07402_,5.34µm
_08059_,5.34µm
_08132_,5.34µm
_08222_,5.34µm
_08466_,5.34µm
_09021_,5.34µm
_09231_,5.34µm
_09687_,5.34µm
_10041_,5.34µm
_10198_,5.34µm
_10554_,5.34µm
_10756_,5.34µm
_10805_,5.34µm
_11074_,5.34µm
_12002_,5.34µm
_12224_,5.34µm
_13710_,5.34µm
_13966_,5.34µm
_14080_,5.34µm
_14534_,5.34µm
_14807_,5.34µm
_15067_,5.34µm
_15131_,5.34µm
_15511_,5.34µm
_16208_,5.34µm
_16217_,5.34µm
_16666_,5.34µm
_16887_,5.34µm
_17004_,5.34µm
_17093_,5.34µm
_17181_,5.34µm
_17250_,5.34µm
_18501_,5.34µm
_19423_,5.34µm
_20124_,5.34µm
_20251_,5.34µm
_20864_,5.34µm
_21007_,5.34µm
_21016_,5.34µm
_21098_,5.34µm
_22053_,5.34µm
net1361,5.34µm
net1725,5.34µm
_11875_,5.335µm
_16329_,5.335µm
_14299_,5.33µm
_20006_,5.33µm
_00762_,5.325µm
_01798_,5.325µm
_02111_,5.325µm
_02210_,5.325µm
_01296_,5.315µm
_01525_,5.315µm
_11900_,5.315µm
_16721_,5.315µm
_06034_,5.31µm
_13774_,5.31µm
_15222_,5.31µm
_21079_,5.31µm
_00139_,5.305µm
_00229_,5.305µm
_00348_,5.305µm
_00386_,5.305µm
_00475_,5.305µm
_01253_,5.305µm
_01278_,5.305µm
_01284_,5.305µm
_01388_,5.305µm
_01432_,5.305µm
_02149_,5.305µm
_10010_,5.305µm
_00661_,5.3µm
_08727_,5.29µm
_15226_,5.29µm
_18280_,5.29µm
_00984_,5.28µm
_02873_,5.28µm
_03563_,5.28µm
_03613_,5.28µm
_04725_,5.28µm
_05283_,5.28µm
_05461_,5.28µm
_07616_,5.28µm
_08431_,5.28µm
_10774_,5.28µm
_11104_,5.28µm
_11327_,5.28µm
_13543_,5.28µm
_13619_,5.28µm
_15981_,5.28µm
_16794_,5.28µm
_16823_,5.28µm
_17001_,5.28µm
_17923_,5.28µm
_18019_,5.28µm
_19653_,5.28µm
_19730_,5.28µm
_20267_,5.28µm
_20879_,5.28µm
_21192_,5.28µm
_21331_,5.28µm
_21946_,5.28µm
_20991_,5.27µm
_01485_,5.265µm
_10097_,5.265µm
_01045_,5.26µm
_02475_,5.26µm
_02735_,5.26µm
_02917_,5.26µm
_03190_,5.26µm
_03813_,5.26µm
_03822_,5.26µm
_03932_,5.26µm
_04986_,5.26µm
_05004_,5.26µm
_05084_,5.26µm
_05136_,5.26µm
_05931_,5.26µm
_05958_,5.26µm
_06615_,5.26µm
_06689_,5.26µm
_06792_,5.26µm
_06824_,5.26µm
_06881_,5.26µm
_07981_,5.26µm
_08115_,5.26µm
_08272_,5.26µm
_08634_,5.26µm
_09288_,5.26µm
_09428_,5.26µm
_09491_,5.26µm
_09570_,5.26µm
_10011_,5.26µm
_10908_,5.26µm
_10919_,5.26µm
_11016_,5.26µm
_11286_,5.26µm
_11361_,5.26µm
_11904_,5.26µm
_12104_,5.26µm
_12231_,5.26µm
_12390_,5.26µm
_12621_,5.26µm
_12666_,5.26µm
_13125_,5.26µm
_13197_,5.26µm
_13974_,5.26µm
_13985_,5.26µm
_14021_,5.26µm
_14129_,5.26µm
_14468_,5.26µm
_14620_,5.26µm
_15227_,5.26µm
_15277_,5.26µm
_15280_,5.26µm
_15459_,5.26µm
_15699_,5.26µm
_16051_,5.26µm
_16171_,5.26µm
_16244_,5.26µm
_16479_,5.26µm
_16531_,5.26µm
_16600_,5.26µm
_16787_,5.26µm
_16963_,5.26µm
_17063_,5.26µm
_17115_,5.26µm
_17374_,5.26µm
_17571_,5.26µm
_17796_,5.26µm
_18183_,5.26µm
_18485_,5.26µm
_18559_,5.26µm
_18837_,5.26µm
_18932_,5.26µm
_19693_,5.26µm
_19977_,5.26µm
_20587_,5.26µm
_20701_,5.26µm
_21926_,5.26µm
_21995_,5.26µm
net1525,5.26µm
net1621,5.26µm
_07063_,5.255µm
_02116_,5.24µm
_04220_,5.24µm
_04733_,5.24µm
_04977_,5.24µm
_05730_,5.24µm
_05905_,5.24µm
_07666_,5.24µm
_07853_,5.24µm
_08637_,5.24µm
_08729_,5.24µm
_09246_,5.24µm
_09510_,5.24µm
_10597_,5.24µm
_10862_,5.24µm
_12085_,5.24µm
_12234_,5.24µm
_13188_,5.24µm
_15472_,5.24µm
_15728_,5.24µm
_16237_,5.24µm
_16508_,5.24µm
_17188_,5.24µm
_18024_,5.24µm
_19049_,5.24µm
_19725_,5.24µm
_20979_,5.24µm
_22036_,5.24µm
_00449_,5.235µm
_14363_,5.235µm
_15705_,5.23µm
_10006_,5.225µm
_00033_,5.22µm
_03150_,5.22µm
_03712_,5.22µm
_04599_,5.22µm
_05612_,5.22µm
_05677_,5.22µm
_06750_,5.22µm
_06912_,5.22µm
_07121_,5.22µm
_08818_,5.22µm
_09077_,5.22µm
_09471_,5.22µm
_09572_,5.22µm
_09720_,5.22µm
_09730_,5.22µm
_09733_,5.22µm
_09780_,5.22µm
_10591_,5.22µm
_10775_,5.22µm
_10906_,5.22µm
_11184_,5.22µm
_11245_,5.22µm
_11262_,5.22µm
_12035_,5.22µm
_12115_,5.22µm
_12131_,5.22µm
_12652_,5.22µm
_12716_,5.22µm
_13135_,5.22µm
_13519_,5.22µm
_14647_,5.22µm
_14660_,5.22µm
_15429_,5.22µm
_15889_,5.22µm
_16365_,5.22µm
_16541_,5.22µm
_16734_,5.22µm
_17617_,5.22µm
_18169_,5.22µm
_18274_,5.22µm
_18470_,5.22µm
_18849_,5.22µm
_18934_,5.22µm
_18987_,5.22µm
_19793_,5.22µm
_20165_,5.22µm
_20326_,5.22µm
_20383_,5.22µm
_20429_,5.22µm
_20987_,5.22µm
_21061_,5.22µm
_21143_,5.22µm
_21385_,5.22µm
_21423_,5.22µm
_21455_,5.22µm
_22094_,5.22µm
net1111,5.22µm
net1657,5.22µm
_01742_,5.215µm
_05849_,5.21µm
_13094_,5.21µm
_14022_,5.21µm
_15392_,5.21µm
_16579_,5.2µm
_21581_,5.2µm
_00444_,5.19µm
_00614_,5.185µm
_00619_,5.185µm
_00796_,5.185µm
_01033_,5.185µm
_01332_,5.185µm
_01398_,5.185µm
_01549_,5.185µm
_00120_,5.18µm
_00249_,5.18µm
_00396_,5.18µm
_01941_,5.18µm
_02035_,5.18µm
_02159_,5.18µm
_02101_,5.175µm
_00410_,5.17µm
_05820_,5.17µm
_14908_,5.17µm
_01947_,5.16µm
_02213_,5.16µm
_05797_,5.16µm
_14319_,5.16µm
_17150_,5.16µm
_17547_,5.16µm
_19994_,5.16µm
_20045_,5.16µm
_20190_,5.16µm
_20985_,5.16µm
_21275_,5.16µm
net1206,5.16µm
_02573_,5.14µm
_02931_,5.14µm
_02932_,5.14µm
_02934_,5.14µm
_02940_,5.14µm
_03008_,5.14µm
_03623_,5.14µm
_03942_,5.14µm
_04314_,5.14µm
_04759_,5.14µm
_04960_,5.14µm
_04971_,5.14µm
_05265_,5.14µm
_05334_,5.14µm
_05345_,5.14µm
_05565_,5.14µm
_05635_,5.14µm
_05726_,5.14µm
_06261_,5.14µm
_06399_,5.14µm
_06797_,5.14µm
_07028_,5.14µm
_07201_,5.14µm
_07211_,5.14µm
_07264_,5.14µm
_07306_,5.14µm
_07518_,5.14µm
_07597_,5.14µm
_07599_,5.14µm
_07630_,5.14µm
_07799_,5.14µm
_07957_,5.14µm
_07997_,5.14µm
_08180_,5.14µm
_08402_,5.14µm
_08918_,5.14µm
_09313_,5.14µm
_09359_,5.14µm
_09626_,5.14µm
_10379_,5.14µm
_10866_,5.14µm
_10977_,5.14µm
_11054_,5.14µm
_11252_,5.14µm
_11865_,5.14µm
_12044_,5.14µm
_12048_,5.14µm
_12152_,5.14µm
_12635_,5.14µm
_13329_,5.14µm
_13354_,5.14µm
_13402_,5.14µm
_13765_,5.14µm
_13922_,5.14µm
_13983_,5.14µm
_14010_,5.14µm
_14127_,5.14µm
_14699_,5.14µm
_15146_,5.14µm
_15192_,5.14µm
_15246_,5.14µm
_15302_,5.14µm
_15317_,5.14µm
_15414_,5.14µm
_15424_,5.14µm
_16286_,5.14µm
_17460_,5.14µm
_17492_,5.14µm
_17713_,5.14µm
_18049_,5.14µm
_18608_,5.14µm
_18688_,5.14µm
_18899_,5.14µm
_19087_,5.14µm
_19447_,5.14µm
_19891_,5.14µm
_19921_,5.14µm
_19968_,5.14µm
_20128_,5.14µm
_20452_,5.14µm
_20865_,5.14µm
_21024_,5.14µm
_21622_,5.14µm
_21902_,5.14µm
_21922_,5.14µm
_22008_,5.14µm
net358,5.14µm
net1532,5.14µm
_01352_,5.135µm
_17387_,5.135µm
_03239_,5.12µm
_04407_,5.12µm
_04420_,5.12µm
_06974_,5.12µm
_07315_,5.12µm
_11956_,5.12µm
_12816_,5.12µm
_13141_,5.12µm
_14095_,5.12µm
_14666_,5.12µm
_15004_,5.12µm
_15321_,5.12µm
_15547_,5.12µm
_18844_,5.12µm
_20109_,5.12µm
_20617_,5.12µm
_05109_,5.11µm
_00047_,5.1µm
_00364_,5.1µm
_03557_,5.1µm
_03626_,5.1µm
_03864_,5.1µm
_03910_,5.1µm
_04532_,5.1µm
_05045_,5.1µm
_05769_,5.1µm
_06999_,5.1µm
_07879_,5.1µm
_07900_,5.1µm
_07906_,5.1µm
_09437_,5.1µm
_09501_,5.1µm
_09525_,5.1µm
_09782_,5.1µm
_09984_,5.1µm
_10763_,5.1µm
_10793_,5.1µm
_11082_,5.1µm
_11359_,5.1µm
_11762_,5.1µm
_12848_,5.1µm
_12987_,5.1µm
_13971_,5.1µm
_14770_,5.1µm
_14860_,5.1µm
_15145_,5.1µm
_15271_,5.1µm
_17022_,5.1µm
_18087_,5.1µm
_18143_,5.1µm
_18425_,5.1µm
_19125_,5.1µm
_19305_,5.1µm
_19313_,5.1µm
_19401_,5.1µm
_20248_,5.1µm
_20804_,5.1µm
_21726_,5.1µm
_21839_,5.1µm
_22069_,5.1µm
_22076_,5.1µm
_00274_,5.095µm
_00412_,5.095µm
_00509_,5.095µm
_01810_,5.095µm
_08811_,5.095µm
_11868_,5.095µm
_00983_,5.085µm
_01355_,5.085µm
_13159_,5.07µm
_13670_,5.07µm
_00107_,5.065µm
_00298_,5.065µm
_00778_,5.065µm
_01912_,5.065µm
_02211_,5.065µm
_02231_,5.065µm
_05208_,5.06µm
_05715_,5.06µm
_06101_,5.06µm
_08972_,5.06µm
_09847_,5.06µm
_10820_,5.06µm
_12435_,5.06µm
_12749_,5.06µm
_12798_,5.06µm
_13344_,5.06µm
_16739_,5.06µm
_17197_,5.06µm
_17526_,5.06µm
_19330_,5.06µm
_22028_,5.06µm
_03027_,5.055µm
_11387_,5.05µm
_00477_,5.045µm
_01574_,5.045µm
_00557_,5.04µm
_00595_,5.04µm
_00645_,5.04µm
_00659_,5.04µm
_00748_,5.04µm
_06681_,5.04µm
_06940_,5.04µm
_07251_,5.04µm
_07820_,5.04µm
_07865_,5.04µm
_09669_,5.04µm
_13533_,5.04µm
_15647_,5.04µm
_17161_,5.04µm
_20693_,5.04µm
_20815_,5.04µm
scheduler_instance.branch_diverge_inst.stack_reconverge\[1\]\[0\],5.04µm
_19501_,5.03µm
_21412_,5.03µm
_02832_,5.02µm
_03471_,5.02µm
_03481_,5.02µm
_03643_,5.02µm
_03652_,5.02µm
_03734_,5.02µm
_03820_,5.02µm
_04091_,5.02µm
_04104_,5.02µm
_04124_,5.02µm
_04172_,5.02µm
_04541_,5.02µm
_04632_,5.02µm
_04954_,5.02µm
_05228_,5.02µm
_05372_,5.02µm
_05735_,5.02µm
_05814_,5.02µm
_06151_,5.02µm
_06660_,5.02µm
_07509_,5.02µm
_07677_,5.02µm
_08175_,5.02µm
_08470_,5.02µm
_08747_,5.02µm
_09776_,5.02µm
_10424_,5.02µm
_10565_,5.02µm
_11289_,5.02µm
_11718_,5.02µm
_12012_,5.02µm
_12702_,5.02µm
_12916_,5.02µm
_13078_,5.02µm
_13237_,5.02µm
_14516_,5.02µm
_14822_,5.02µm
_15180_,5.02µm
_15322_,5.02µm
_15461_,5.02µm
_15571_,5.02µm
_17180_,5.02µm
_18017_,5.02µm
_18805_,5.02µm
_18841_,5.02µm
_18922_,5.02µm
_19093_,5.02µm
_19551_,5.02µm
_19625_,5.02µm
_20046_,5.02µm
_20126_,5.02µm
_20313_,5.02µm
_20414_,5.02µm
_20480_,5.02µm
_20562_,5.02µm
_21008_,5.02µm
_21247_,5.02µm
_21327_,5.02µm
_21367_,5.02µm
_21517_,5.02µm
_21575_,5.02µm
_21647_,5.02µm
_21697_,5.02µm
_21754_,5.02µm
_21876_,5.02µm
systolic_arrays\[0\].systolic_array_inst.b_reg\[31\],5.02µm
_01893_,5.015µm
_02069_,5.015µm
_00460_,5µm
_09253_,5µm
_12915_,5µm
_15575_,5µm
_16160_,5µm
_19421_,5µm
_20399_,5µm
_04693_,4.995µm
_00109_,4.985µm
_00195_,4.985µm
_01717_,4.985µm
_00573_,4.975µm
_00750_,4.975µm
_01445_,4.975µm
_01711_,4.975µm
_14683_,4.975µm
_15075_,4.975µm
_15767_,4.975µm
_17141_,4.975µm
_17260_,4.975µm
_08143_,4.97µm
_20755_,4.97µm
_00609_,4.965µm
_00941_,4.965µm
_01020_,4.965µm
_01247_,4.965µm
_01657_,4.965µm
_09953_,4.965µm
_16712_,4.96µm
_10933_,4.95µm
_12866_,4.95µm
_13010_,4.95µm
_13206_,4.95µm
_20303_,4.95µm
_21854_,4.95µm
_02697_,4.94µm
_02841_,4.94µm
_03392_,4.94µm
_04302_,4.94µm
_05252_,4.94µm
_05534_,4.94µm
_05719_,4.94µm
_06160_,4.94µm
_06165_,4.94µm
_06287_,4.94µm
_06369_,4.94µm
_06490_,4.94µm
_06833_,4.94µm
_07706_,4.94µm
_08836_,4.94µm
_09537_,4.94µm
_10753_,4.94µm
_10952_,4.94µm
_11424_,4.94µm
_11906_,4.94µm
_11954_,4.94µm
_12146_,4.94µm
_13403_,4.94µm
_13703_,4.94µm
_13875_,4.94µm
_13978_,4.94µm
_14099_,4.94µm
_15375_,4.94µm
_15610_,4.94µm
_16052_,4.94µm
_16605_,4.94µm
_17722_,4.94µm
_18906_,4.94µm
_19432_,4.94µm
_19704_,4.94µm
_20564_,4.94µm
_21207_,4.94µm
_21353_,4.94µm
_21870_,4.94µm
_21919_,4.94µm
_22051_,4.94µm
net1550,4.94µm
net1687,4.94µm
_16955_,4.935µm
_00318_,4.925µm
_00662_,4.925µm
_00760_,4.925µm
_00863_,4.925µm
_01203_,4.925µm
_01479_,4.925µm
_02001_,4.925µm
_22074_,4.925µm
_02491_,4.92µm
_02990_,4.92µm
_03246_,4.92µm
_03831_,4.92µm
_03921_,4.92µm
_04319_,4.92µm
_05030_,4.92µm
_05847_,4.92µm
_05947_,4.92µm
_07266_,4.92µm
_07390_,4.92µm
_07537_,4.92µm
_07991_,4.92µm
_08292_,4.92µm
_08339_,4.92µm
_08636_,4.92µm
_08647_,4.92µm
_08696_,4.92µm
_08843_,4.92µm
_08945_,4.92µm
_08951_,4.92µm
_09241_,4.92µm
_09311_,4.92µm
_09352_,4.92µm
_09464_,4.92µm
_09672_,4.92µm
_11591_,4.92µm
_11798_,4.92µm
_11884_,4.92µm
_13127_,4.92µm
_13242_,4.92µm
_13522_,4.92µm
_14305_,4.92µm
_15663_,4.92µm
_15726_,4.92µm
_16376_,4.92µm
_16565_,4.92µm
_16613_,4.92µm
_16686_,4.92µm
_16853_,4.92µm
_16976_,4.92µm
_17099_,4.92µm
_17124_,4.92µm
_17417_,4.92µm
_17585_,4.92µm
_18224_,4.92µm
_18312_,4.92µm
_18489_,4.92µm
_18657_,4.92µm
_18948_,4.92µm
_19615_,4.92µm
_19734_,4.92µm
_19958_,4.92µm
_20150_,4.92µm
_20477_,4.92µm
_20608_,4.92µm
_20668_,4.92µm
_21513_,4.92µm
scheduler_instance.branch_diverge_inst.stack_target_pc\[1\]\[5\],4.92µm
_00660_,4.905µm
_00743_,4.905µm
_01015_,4.905µm
act_out\[3\]\[15\],4.905µm
_02348_,4.9µm
_02433_,4.9µm
_02586_,4.9µm
_02881_,4.9µm
_03211_,4.9µm
_03219_,4.9µm
_03747_,4.9µm
_03968_,4.9µm
_04137_,4.9µm
_05872_,4.9µm
_06137_,4.9µm
_06329_,4.9µm
_06460_,4.9µm
_06550_,4.9µm
_06561_,4.9µm
_07095_,4.9µm
_07256_,4.9µm
_07288_,4.9µm
_07510_,4.9µm
_08393_,4.9µm
_08545_,4.9µm
_08912_,4.9µm
_09007_,4.9µm
_09068_,4.9µm
_09283_,4.9µm
_09497_,4.9µm
_09590_,4.9µm
_09708_,4.9µm
_09792_,4.9µm
_09810_,4.9µm
_10146_,4.9µm
_10537_,4.9µm
_11040_,4.9µm
_11528_,4.9µm
_12660_,4.9µm
_13034_,4.9µm
_13310_,4.9µm
_15219_,4.9µm
_16252_,4.9µm
_17521_,4.9µm
_18029_,4.9µm
_18205_,4.9µm
_18331_,4.9µm
_18393_,4.9µm
_19165_,4.9µm
_19183_,4.9µm
_19217_,4.9µm
_19438_,4.9µm
_19674_,4.9µm
_20291_,4.9µm
_20370_,4.9µm
_21262_,4.9µm
_21554_,4.9µm
_21572_,4.9µm
_22012_,4.9µm
net1474,4.9µm
fma_out\[2\]\[11\],4.9µm
_14192_,4.89µm
_00849_,4.885µm
_01085_,4.885µm
_15933_,4.885µm
_16972_,4.885µm
_00070_,4.88µm
_00491_,4.88µm
_01891_,4.88µm
_02353_,4.88µm
_02644_,4.88µm
_02938_,4.88µm
_03644_,4.88µm
_03740_,4.88µm
_03830_,4.88µm
_04052_,4.88µm
_04406_,4.88µm
_05227_,4.88µm
_05577_,4.88µm
_05727_,4.88µm
_05764_,4.88µm
_05782_,4.88µm
_06256_,4.88µm
_06916_,4.88µm
_06993_,4.88µm
_07191_,4.88µm
_07477_,4.88µm
_07950_,4.88µm
_08350_,4.88µm
_08594_,4.88µm
_09099_,4.88µm
_09206_,4.88µm
_09262_,4.88µm
_10177_,4.88µm
_10289_,4.88µm
_10688_,4.88µm
_10832_,4.88µm
_11212_,4.88µm
_11732_,4.88µm
_12332_,4.88µm
_12762_,4.88µm
_12770_,4.88µm
_13059_,4.88µm
_13250_,4.88µm
_13879_,4.88µm
_14187_,4.88µm
_14237_,4.88µm
_14298_,4.88µm
_14539_,4.88µm
_14630_,4.88µm
_14669_,4.88µm
_14852_,4.88µm
_14926_,4.88µm
_15296_,4.88µm
_15774_,4.88µm
_16093_,4.88µm
_16221_,4.88µm
_16404_,4.88µm
_16444_,4.88µm
_16518_,4.88µm
_16621_,4.88µm
_17123_,4.88µm
_17131_,4.88µm
_17196_,4.88µm
_17349_,4.88µm
_17652_,4.88µm
_18479_,4.88µm
_18986_,4.88µm
_19096_,4.88µm
_19154_,4.88µm
_19345_,4.88µm
_19410_,4.88µm
_19552_,4.88µm
_20002_,4.88µm
_20121_,4.88µm
_20420_,4.88µm
_20558_,4.88µm
_20592_,4.88µm
_20708_,4.88µm
_20786_,4.88µm
_20896_,4.88µm
_21157_,4.88µm
_21397_,4.88µm
_21807_,4.88µm
_22043_,4.88µm
net1601,4.88µm
net1622,4.88µm
net1693,4.88µm
net1700,4.88µm
net1702,4.88µm
_17174_,4.875µm
_02028_,4.87µm
_00130_,4.865µm
_00161_,4.865µm
_00369_,4.865µm
_00603_,4.865µm
_00745_,4.865µm
_02005_,4.865µm
_02195_,4.865µm
_02199_,4.865µm
_02252_,4.865µm
_07626_,4.85µm
_12497_,4.85µm
_20049_,4.85µm
_00223_,4.845µm
_00402_,4.845µm
_00434_,4.845µm
_01566_,4.845µm
_01589_,4.845µm
_01679_,4.845µm
_05391_,4.845µm
_16234_,4.835µm
_19917_,4.835µm
_03192_,4.83µm
_03954_,4.83µm
_04794_,4.83µm
_14809_,4.83µm
_15267_,4.83µm
_16378_,4.83µm
_00140_,4.825µm
_00142_,4.825µm
_00148_,4.825µm
_00197_,4.825µm
_00344_,4.825µm
_00621_,4.825µm
_01931_,4.825µm
_01984_,4.825µm
_15941_,4.825µm
_03722_,4.82µm
_03803_,4.82µm
_04267_,4.82µm
_05442_,4.82µm
_05773_,4.82µm
_06666_,4.82µm
_07687_,4.82µm
_08941_,4.82µm
_09807_,4.82µm
_10102_,4.82µm
_11388_,4.82µm
_11738_,4.82µm
_11973_,4.82µm
_14230_,4.82µm
_14531_,4.82µm
_14581_,4.82µm
_15095_,4.82µm
_15557_,4.82µm
_16274_,4.82µm
_16510_,4.82µm
_16802_,4.82µm
_16916_,4.82µm
_16943_,4.82µm
_17878_,4.82µm
_18952_,4.82µm
_19598_,4.82µm
_21066_,4.82µm
_21255_,4.82µm
_21527_,4.82µm
_21532_,4.82µm
_21670_,4.82µm
net1156,4.82µm
systolic_arrays\[0\].systolic_array_inst.a_wire\[4\]\[13\],4.82µm
_15885_,4.815µm
_16884_,4.815µm
_18936_,4.81µm
_19493_,4.81µm
_00992_,4.805µm
_00996_,4.805µm
_16073_,4.805µm
_16986_,4.805µm
_00194_,4.8µm
_00212_,4.8µm
_00286_,4.8µm
_02247_,4.8µm
_02720_,4.8µm
_02916_,4.8µm
_02929_,4.8µm
_03047_,4.8µm
_03179_,4.8µm
_03215_,4.8µm
_03419_,4.8µm
_03462_,4.8µm
_04013_,4.8µm
_04430_,4.8µm
_04449_,4.8µm
_04465_,4.8µm
_04519_,4.8µm
_04580_,4.8µm
_04595_,4.8µm
_05175_,4.8µm
_05301_,4.8µm
_05544_,4.8µm
_05634_,4.8µm
_05667_,4.8µm
_05742_,4.8µm
_05884_,4.8µm
_06672_,4.8µm
_06701_,4.8µm
_06905_,4.8µm
_06959_,4.8µm
_07131_,4.8µm
_07421_,4.8µm
_07685_,4.8µm
_07774_,4.8µm
_07833_,4.8µm
_08408_,4.8µm
_08517_,4.8µm
_09547_,4.8µm
_09839_,4.8µm
_09915_,4.8µm
_10375_,4.8µm
_10420_,4.8µm
_10821_,4.8µm
_10935_,4.8µm
_11676_,4.8µm
_12475_,4.8µm
_12589_,4.8µm
_12593_,4.8µm
_13625_,4.8µm
_13716_,4.8µm
_14045_,4.8µm
_14372_,4.8µm
_14651_,4.8µm
_14719_,4.8µm
_14907_,4.8µm
_14939_,4.8µm
_14981_,4.8µm
_15245_,4.8µm
_15366_,4.8µm
_15417_,4.8µm
_15703_,4.8µm
_15815_,4.8µm
_15944_,4.8µm
_16293_,4.8µm
_16559_,4.8µm
_17138_,4.8µm
_17218_,4.8µm
_17245_,4.8µm
_17892_,4.8µm
_18145_,4.8µm
_18459_,4.8µm
_18557_,4.8µm
_18765_,4.8µm
_18913_,4.8µm
_19383_,4.8µm
_19700_,4.8µm
_19748_,4.8µm
_19899_,4.8µm
_20094_,4.8µm
_20132_,4.8µm
_20283_,4.8µm
_20553_,4.8µm
_20677_,4.8µm
_20680_,4.8µm
_20900_,4.8µm
_21060_,4.8µm
_21276_,4.8µm
_21493_,4.8µm
_21538_,4.8µm
_21933_,4.8µm
_10075_,4.795µm
_14163_,4.795µm
_10074_,4.79µm
_15897_,4.79µm
_00982_,4.785µm
_02829_,4.78µm
_03224_,4.78µm
_05133_,4.78µm
_07384_,4.78µm
_10142_,4.78µm
_11079_,4.78µm
_13044_,4.78µm
_15937_,4.78µm
_16473_,4.78µm
_17000_,4.78µm
_17075_,4.78µm
_17904_,4.78µm
net1618,4.78µm
_11562_,4.765µm
_12029_,4.765µm
_13830_,4.765µm
_03031_,4.76µm
_03058_,4.76µm
_03059_,4.76µm
_03142_,4.76µm
_03186_,4.76µm
_03266_,4.76µm
_03430_,4.76µm
_03908_,4.76µm
_03969_,4.76µm
_04031_,4.76µm
_04159_,4.76µm
_04375_,4.76µm
_04672_,4.76µm
_05189_,4.76µm
_05255_,4.76µm
_05376_,4.76µm
_05664_,4.76µm
_06412_,4.76µm
_06551_,4.76µm
_06972_,4.76µm
_07187_,4.76µm
_07482_,4.76µm
_07571_,4.76µm
_07596_,4.76µm
_07691_,4.76µm
_08921_,4.76µm
_09024_,4.76µm
_09281_,4.76µm
_09521_,4.76µm
_09536_,4.76µm
_09552_,4.76µm
_09651_,4.76µm
_10007_,4.76µm
_10709_,4.76µm
_11198_,4.76µm
_11206_,4.76µm
_11509_,4.76µm
_11963_,4.76µm
_12074_,4.76µm
_12979_,4.76µm
_13217_,4.76µm
_13787_,4.76µm
_13915_,4.76µm
_14566_,4.76µm
_14685_,4.76µm
_14824_,4.76µm
_14856_,4.76µm
_14979_,4.76µm
_15005_,4.76µm
_15066_,4.76µm
_15116_,4.76µm
_15492_,4.76µm
_15899_,4.76µm
_15934_,4.76µm
_16195_,4.76µm
_16694_,4.76µm
_17331_,4.76µm
_17386_,4.76µm
_17527_,4.76µm
_17960_,4.76µm
_18385_,4.76µm
_18705_,4.76µm
_18840_,4.76µm
_19404_,4.76µm
_19607_,4.76µm
_19857_,4.76µm
_19975_,4.76µm
_20003_,4.76µm
_20206_,4.76µm
_20866_,4.76µm
_20891_,4.76µm
_21171_,4.76µm
_21364_,4.76µm
_21418_,4.76µm
_21536_,4.76µm
_21748_,4.76µm
net1323,4.76µm
net1533,4.76µm
net1600,4.76µm
_18096_,4.75µm
_18588_,4.75µm
_20962_,4.75µm
_21113_,4.75µm
_00244_,4.745µm
_01070_,4.745µm
_01240_,4.745µm
_07603_,4.73µm
_19036_,4.73µm
_00016_,4.725µm
_00637_,4.725µm
_00858_,4.725µm
_01258_,4.725µm
_01290_,4.725µm
_01394_,4.725µm
_00312_,4.71µm
_01899_,4.71µm
_02032_,4.71µm
_09824_,4.71µm
_00165_,4.7µm
_00269_,4.7µm
_00281_,4.7µm
_00292_,4.7µm
_00320_,4.7µm
_01302_,4.7µm
_01883_,4.7µm
_06729_,4.7µm
_10883_,4.7µm
_12291_,4.7µm
_13393_,4.7µm
_20027_,4.7µm
net1093,4.7µm
systolic_arrays\[0\].systolic_array_inst.a_reg\[4\],4.7µm
_09959_,4.685µm
_21038_,4.685µm
_01109_,4.68µm
_02372_,4.68µm
_02453_,4.68µm
_02632_,4.68µm
_02962_,4.68µm
_03399_,4.68µm
_03486_,4.68µm
_03531_,4.68µm
_03729_,4.68µm
_03815_,4.68µm
_03985_,4.68µm
_04024_,4.68µm
_04129_,4.68µm
_04196_,4.68µm
_04291_,4.68µm
_04304_,4.68µm
_04316_,4.68µm
_04545_,4.68µm
_05068_,4.68µm
_05128_,4.68µm
_05274_,4.68µm
_05341_,4.68µm
_05553_,4.68µm
_05801_,4.68µm
_06133_,4.68µm
_06497_,4.68µm
_06776_,4.68µm
_06877_,4.68µm
_06890_,4.68µm
_07068_,4.68µm
_07090_,4.68µm
_07153_,4.68µm
_07169_,4.68µm
_07271_,4.68µm
_07757_,4.68µm
_08118_,4.68µm
_08391_,4.68µm
_08442_,4.68µm
_08903_,4.68µm
_08916_,4.68µm
_08957_,4.68µm
_08996_,4.68µm
_09156_,4.68µm
_09431_,4.68µm
_09811_,4.68µm
_10156_,4.68µm
_11112_,4.68µm
_11999_,4.68µm
_13070_,4.68µm
_13267_,4.68µm
_13328_,4.68µm
_13580_,4.68µm
_14071_,4.68µm
_14112_,4.68µm
_14411_,4.68µm
_14533_,4.68µm
_14883_,4.68µm
_15338_,4.68µm
_15906_,4.68µm
_16313_,4.68µm
_16389_,4.68µm
_16929_,4.68µm
_17441_,4.68µm
_17714_,4.68µm
_17969_,4.68µm
_18111_,4.68µm
_18114_,4.68µm
_18166_,4.68µm
_18516_,4.68µm
_18517_,4.68µm
_19312_,4.68µm
_19575_,4.68µm
_19677_,4.68µm
_19865_,4.68µm
_19898_,4.68µm
_19945_,4.68µm
_20214_,4.68µm
_20402_,4.68µm
_21033_,4.68µm
_21442_,4.68µm
_21634_,4.68µm
_21757_,4.68µm
_21858_,4.68µm
net1616,4.68µm
net1630,4.68µm
net1690,4.68µm
_01797_,4.675µm
_13867_,4.675µm
_14644_,4.675µm
net346,4.67µm
_01584_,4.665µm
_18527_,4.665µm
_04355_,4.66µm
_04779_,4.66µm
_08770_,4.66µm
_09093_,4.66µm
_12321_,4.66µm
_14741_,4.66µm
_14961_,4.66µm
_15058_,4.66µm
_16120_,4.66µm
_18455_,4.66µm
_18741_,4.66µm
_19759_,4.66µm
_20513_,4.66µm
net420,4.66µm
_02155_,4.655µm
_02174_,4.655µm
_13732_,4.65µm
_01349_,4.635µm
_01727_,4.635µm
_01737_,4.635µm
_01774_,4.635µm
_02050_,4.635µm
_19227_,4.635µm
_08690_,4.63µm
_12156_,4.63µm
_00790_,4.625µm
_01486_,4.625µm
_01575_,4.625µm
_01746_,4.625µm
_04389_,4.61µm
_18624_,4.61µm
_18694_,4.61µm
_20568_,4.61µm
_20999_,4.61µm
_00012_,4.605µm
_00618_,4.605µm
_01178_,4.605µm
_01343_,4.605µm
_01367_,4.605µm
_02006_,4.605µm
_02011_,4.605µm
_02275_,4.605µm
_02520_,4.6µm
_03234_,4.6µm
_08051_,4.6µm
_11756_,4.6µm
_13934_,4.6µm
_15875_,4.6µm
_16347_,4.6µm
_17178_,4.6µm
_17821_,4.6µm
_18676_,4.6µm
net1524,4.6µm
_00492_,4.585µm
_01460_,4.585µm
_00682_,4.58µm
_01313_,4.58µm
_02955_,4.58µm
_05692_,4.58µm
_09895_,4.58µm
_11891_,4.58µm
_12040_,4.58µm
_12322_,4.58µm
_15027_,4.58µm
_16828_,4.58µm
_17801_,4.58µm
_19118_,4.58µm
net1471,4.58µm
_02495_,4.56µm
_02513_,4.56µm
_02807_,4.56µm
_02920_,4.56µm
_02969_,4.56µm
_03042_,4.56µm
_03100_,4.56µm
_03302_,4.56µm
_03518_,4.56µm
_04211_,4.56µm
_04279_,4.56µm
_04662_,4.56µm
_04881_,4.56µm
_04941_,4.56µm
_04944_,4.56µm
_04950_,4.56µm
_04989_,4.56µm
_05472_,4.56µm
_05501_,4.56µm
_05637_,4.56µm
_05725_,4.56µm
_06139_,4.56µm
_06296_,4.56µm
_06367_,4.56µm
_06720_,4.56µm
_07156_,4.56µm
_07647_,4.56µm
_08892_,4.56µm
_09161_,4.56µm
_09421_,4.56µm
_09441_,4.56µm
_09468_,4.56µm
_10454_,4.56µm
_10802_,4.56µm
_11044_,4.56µm
_11780_,4.56µm
_11854_,4.56µm
_11927_,4.56µm
_12905_,4.56µm
_12922_,4.56µm
_12937_,4.56µm
_13482_,4.56µm
_13740_,4.56µm
_14150_,4.56µm
_14454_,4.56µm
_14705_,4.56µm
_14992_,4.56µm
_15263_,4.56µm
_15593_,4.56µm
_17534_,4.56µm
_18474_,4.56µm
_18762_,4.56µm
_18903_,4.56µm
_18981_,4.56µm
_19170_,4.56µm
_19257_,4.56µm
_19374_,4.56µm
_19504_,4.56µm
_19965_,4.56µm
_20495_,4.56µm
_20694_,4.56µm
_21035_,4.56µm
_21492_,4.56µm
_21570_,4.56µm
_21617_,4.56µm
_21917_,4.56µm
_15755_,4.555µm
_00000_,4.54µm
_02177_,4.54µm
_02980_,4.54µm
_03889_,4.54µm
_06100_,4.54µm
_07911_,4.54µm
_11666_,4.54µm
_13226_,4.54µm
_14537_,4.54µm
_15021_,4.54µm
_16570_,4.54µm
_17343_,4.54µm
_17803_,4.54µm
_19418_,4.54µm
_02085_,4.53µm
_02203_,4.53µm
_02281_,4.53µm
_00652_,4.525µm
_00718_,4.525µm
_01847_,4.525µm
_19920_,4.52µm
_00674_,4.505µm
_00965_,4.505µm
_01017_,4.505µm
_01180_,4.505µm
_01294_,4.505µm
_01476_,4.505µm
_01769_,4.505µm
_06635_,4.5µm
_08076_,4.5µm
_20970_,4.49µm
_21447_,4.49µm
_01380_,4.485µm
_01900_,4.485µm
_02552_,4.48µm
_02559_,4.48µm
_03214_,4.48µm
_03538_,4.48µm
_03735_,4.48µm
_03934_,4.48µm
_04397_,4.48µm
_04466_,4.48µm
_04615_,4.48µm
_04864_,4.48µm
_05306_,4.48µm
_05653_,4.48µm
_05803_,4.48µm
_06604_,4.48µm
_07174_,4.48µm
_07631_,4.48µm
_09322_,4.48µm
_09790_,4.48µm
_10226_,4.48µm
_10272_,4.48µm
_10406_,4.48µm
_10808_,4.48µm
_10813_,4.48µm
_11554_,4.48µm
_12379_,4.48µm
_12557_,4.48µm
_12727_,4.48µm
_13261_,4.48µm
_13993_,4.48µm
_14197_,4.48µm
_15203_,4.48µm
_15209_,4.48µm
_15298_,4.48µm
_15378_,4.48µm
_16238_,4.48µm
_16437_,4.48µm
_17149_,4.48µm
_17488_,4.48µm
_18379_,4.48µm
_18824_,4.48µm
_19153_,4.48µm
_19993_,4.48µm
_21713_,4.48µm
_21857_,4.48µm
net1103,4.48µm
net1649,4.48µm
_16914_,4.475µm
_00686_,4.465µm
_16612_,4.465µm
_02621_,4.46µm
_02959_,4.46µm
_04122_,4.46µm
_04313_,4.46µm
_04783_,4.46µm
_04959_,4.46µm
_05150_,4.46µm
_05645_,4.46µm
_06039_,4.46µm
_06254_,4.46µm
_06500_,4.46µm
_06577_,4.46µm
_06619_,4.46µm
_06634_,4.46µm
_06765_,4.46µm
_07601_,4.46µm
_07611_,4.46µm
_07845_,4.46µm
_08012_,4.46µm
_08129_,4.46µm
_09232_,4.46µm
_09235_,4.46µm
_09504_,4.46µm
_09660_,4.46µm
_09992_,4.46µm
_10117_,4.46µm
_10141_,4.46µm
_10785_,4.46µm
_10886_,4.46µm
_11083_,4.46µm
_11601_,4.46µm
_11649_,4.46µm
_11711_,4.46µm
_11740_,4.46µm
_11782_,4.46µm
_12744_,4.46µm
_13046_,4.46µm
_13757_,4.46µm
_15344_,4.46µm
_15777_,4.46µm
_15805_,4.46µm
_16211_,4.46µm
_16990_,4.46µm
_17853_,4.46µm
_17871_,4.46µm
_18371_,4.46µm
_18796_,4.46µm
_19565_,4.46µm
_19884_,4.46µm
_20028_,4.46µm
_20252_,4.46µm
_20811_,4.46µm
_20855_,4.46µm
_20937_,4.46µm
_21156_,4.46µm
_21664_,4.46µm
systolic_arrays\[1\].systolic_array_inst.a_wire\[3\]\[3\],4.46µm
net1697,4.46µm
_14196_,4.455µm
_04863_,4.45µm
_01245_,4.445µm
_07194_,4.445µm
_02481_,4.44µm
_02896_,4.44µm
_03098_,4.44µm
_03653_,4.44µm
_03707_,4.44µm
_04585_,4.44µm
_04634_,4.44µm
_06215_,4.44µm
_06315_,4.44µm
_06468_,4.44µm
_06508_,4.44µm
_06738_,4.44µm
_07021_,4.44µm
_07332_,4.44µm
_07460_,4.44µm
_08618_,4.44µm
_08733_,4.44µm
_10984_,4.44µm
_11402_,4.44µm
_11507_,4.44µm
_11623_,4.44µm
_12664_,4.44µm
_12690_,4.44µm
_13007_,4.44µm
_13114_,4.44µm
_13315_,4.44µm
_13921_,4.44µm
_13923_,4.44µm
_15178_,4.44µm
_15418_,4.44µm
_16475_,4.44µm
_16536_,4.44µm
_16763_,4.44µm
_16829_,4.44µm
_16851_,4.44µm
_16994_,4.44µm
_17059_,4.44µm
_17942_,4.44µm
_18259_,4.44µm
_18760_,4.44µm
_19296_,4.44µm
_21543_,4.44µm
_21873_,4.44µm
_22052_,4.44µm
_22095_,4.44µm
net342,4.44µm
_01439_,4.435µm
_01545_,4.435µm
_01760_,4.425µm
_19462_,4.425µm
_00026_,4.42µm
_02732_,4.42µm
_02821_,4.42µm
_03113_,4.42µm
_03353_,4.42µm
_03440_,4.42µm
_03443_,4.42µm
_03452_,4.42µm
_03950_,4.42µm
_04823_,4.42µm
_05054_,4.42µm
_05069_,4.42µm
_05340_,4.42µm
_06298_,4.42µm
_06662_,4.42µm
_06767_,4.42µm
_06938_,4.42µm
_07033_,4.42µm
_07310_,4.42µm
_07458_,4.42µm
_07567_,4.42µm
_07664_,4.42µm
_07755_,4.42µm
_07925_,4.42µm
_07945_,4.42µm
_08443_,4.42µm
_08465_,4.42µm
_09266_,4.42µm
_09576_,4.42µm
_10021_,4.42µm
_10039_,4.42µm
_11157_,4.42µm
_11285_,4.42µm
_12350_,4.42µm
_12432_,4.42µm
_12857_,4.42µm
_12947_,4.42µm
_12952_,4.42µm
_13383_,4.42µm
_13473_,4.42µm
_13498_,4.42µm
_13898_,4.42µm
_13908_,4.42µm
_13931_,4.42µm
_14020_,4.42µm
_14362_,4.42µm
_14631_,4.42µm
_14714_,4.42µm
_14792_,4.42µm
_14806_,4.42µm
_15307_,4.42µm
_15462_,4.42µm
_15545_,4.42µm
_15583_,4.42µm
_17292_,4.42µm
_17724_,4.42µm
_17820_,4.42µm
_18321_,4.42µm
_18565_,4.42µm
_18950_,4.42µm
_19659_,4.42µm
_20010_,4.42µm
_20310_,4.42µm
_20684_,4.42µm
_20687_,4.42µm
_20727_,4.42µm
_20733_,4.42µm
_20823_,4.42µm
_20872_,4.42µm
_20967_,4.42µm
_21800_,4.42µm
_21904_,4.42µm
_21994_,4.42µm
net1539,4.42µm
_02805_,4.41µm
_12052_,4.41µm
_13417_,4.41µm
_13698_,4.41µm
_16583_,4.41µm
_00247_,4.405µm
_00397_,4.405µm
_00579_,4.405µm
_00739_,4.405µm
_01842_,4.405µm
_01925_,4.405µm
_01936_,4.405µm
_01957_,4.405µm
_02068_,4.405µm
_02123_,4.405µm
_02225_,4.405µm
_03508_,4.405µm
_06016_,4.39µm
_19289_,4.39µm
_00376_,4.385µm
_00496_,4.385µm
_01362_,4.385µm
_01384_,4.385µm
_01788_,4.385µm
_01894_,4.385µm
_01937_,4.385µm
_01983_,4.385µm
_02113_,4.385µm
_13251_,4.375µm
_15990_,4.375µm
_16136_,4.375µm
_16176_,4.375µm
_16738_,4.375µm
_16947_,4.375µm
_19754_,4.375µm
_21078_,4.375µm
_15260_,4.37µm
_02306_,4.36µm
_02430_,4.36µm
_02874_,4.36µm
_04065_,4.36µm
_04271_,4.36µm
_04750_,4.36µm
_06246_,4.36µm
_07125_,4.36µm
_08800_,4.36µm
_10126_,4.36µm
_12262_,4.36µm
_12825_,4.36µm
_16251_,4.36µm
_16276_,4.36µm
_16294_,4.36µm
_17135_,4.36µm
_17229_,4.36µm
_17265_,4.36µm
_17299_,4.36µm
_19197_,4.36µm
_20085_,4.36µm
_20379_,4.36µm
_21383_,4.36µm
_21708_,4.36µm
_21737_,4.36µm
_21787_,4.36µm
_21881_,4.36µm
_21943_,4.36µm
_22006_,4.36µm
_06590_,4.345µm
_16488_,4.345µm
_16932_,4.345µm
_17096_,4.345µm
_00162_,4.34µm
_00271_,4.34µm
_00378_,4.34µm
_01886_,4.34µm
_02744_,4.34µm
_02834_,4.34µm
_02899_,4.34µm
_03013_,4.34µm
_03144_,4.34µm
_03446_,4.34µm
_03474_,4.34µm
_03827_,4.34µm
_04246_,4.34µm
_04247_,4.34µm
_04486_,4.34µm
_04592_,4.34µm
_04619_,4.34µm
_04625_,4.34µm
_04813_,4.34µm
_04830_,4.34µm
_05251_,4.34µm
_05358_,4.34µm
_05555_,4.34µm
_05672_,4.34µm
_06548_,4.34µm
_06582_,4.34µm
_06726_,4.34µm
_06900_,4.34µm
_07133_,4.34µm
_07254_,4.34µm
_07347_,4.34µm
_07410_,4.34µm
_07489_,4.34µm
_07530_,4.34µm
_07531_,4.34µm
_07674_,4.34µm
_07776_,4.34µm
_07980_,4.34µm
_08282_,4.34µm
_08399_,4.34µm
_08793_,4.34µm
_08863_,4.34µm
_09186_,4.34µm
_09407_,4.34µm
_09579_,4.34µm
_09601_,4.34µm
_09607_,4.34µm
_09704_,4.34µm
_09746_,4.34µm
_09980_,4.34µm
_09981_,4.34µm
_10224_,4.34µm
_10279_,4.34µm
_10297_,4.34µm
_10515_,4.34µm
_10668_,4.34µm
_11017_,4.34µm
_11055_,4.34µm
_11071_,4.34µm
_11260_,4.34µm
_11350_,4.34µm
_11417_,4.34µm
_11708_,4.34µm
_11773_,4.34µm
_11970_,4.34µm
_11983_,4.34µm
_12054_,4.34µm
_12590_,4.34µm
_12719_,4.34µm
_12890_,4.34µm
_13052_,4.34µm
_13152_,4.34µm
_13476_,4.34µm
_13568_,4.34µm
_13669_,4.34µm
_13759_,4.34µm
_13909_,4.34µm
_14175_,4.34µm
_14306_,4.34µm
_14406_,4.34µm
_14419_,4.34µm
_14549_,4.34µm
_14626_,4.34µm
_15290_,4.34µm
_15565_,4.34µm
_15709_,4.34µm
_15913_,4.34µm
_15982_,4.34µm
_16214_,4.34µm
_16433_,4.34µm
_16727_,4.34µm
_16819_,4.34µm
_16953_,4.34µm
_17100_,4.34µm
_17275_,4.34µm
_17443_,4.34µm
_17464_,4.34µm
_17719_,4.34µm
_17862_,4.34µm
_18508_,4.34µm
_18531_,4.34µm
_18703_,4.34µm
_18811_,4.34µm
_18904_,4.34µm
_19285_,4.34µm
_19363_,4.34µm
_19717_,4.34µm
_19720_,4.34µm
_19792_,4.34µm
_19953_,4.34µm
_20072_,4.34µm
_20092_,4.34µm
_20281_,4.34µm
_20336_,4.34µm
_20524_,4.34µm
_20752_,4.34µm
_20904_,4.34µm
_21010_,4.34µm
_21420_,4.34µm
_21466_,4.34µm
_21686_,4.34µm
_21729_,4.34µm
_21853_,4.34µm
_21871_,4.34µm
_22071_,4.34µm
net1526,4.34µm
net1544,4.34µm
net1613,4.34µm
net1647,4.34µm
net1711,4.34µm
net1717,4.34µm
_04077_,4.32µm
_06453_,4.32µm
_06589_,4.32µm
_10849_,4.32µm
_11558_,4.32µm
_12851_,4.32µm
_13814_,4.32µm
_14089_,4.32µm
_15051_,4.32µm
_15858_,4.32µm
_16018_,4.32µm
_16337_,4.32µm
_17121_,4.32µm
_17812_,4.32µm
_18338_,4.32µm
_22108_,4.32µm
_01789_,4.305µm
_08820_,4.3µm
_00272_,4.295µm
_00891_,4.295µm
_02048_,4.295µm
_17083_,4.28µm
_20000_,4.27µm
_20515_,4.27µm
_00502_,4.265µm
_00702_,4.265µm
_00709_,4.265µm
_00820_,4.265µm
_00864_,4.265µm
_00970_,4.265µm
_01442_,4.265µm
_01475_,4.265µm
_01484_,4.265µm
_01494_,4.265µm
_02243_,4.265µm
_00473_,4.26µm
_18902_,4.255µm
_00411_,4.25µm
_00422_,4.25µm
_01338_,4.245µm
_00138_,4.24µm
_00234_,4.24µm
_00408_,4.24µm
_00474_,4.24µm
_01578_,4.24µm
_01932_,4.24µm
_01933_,4.24µm
_02016_,4.24µm
_02071_,4.24µm
_04963_,4.24µm
_07500_,4.24µm
_14276_,4.24µm
_20837_,4.24µm
_01852_,4.23µm
_08003_,4.225µm
alu_out\[2\]\[14\],4.225µm
_03261_,4.22µm
_03581_,4.22µm
_03699_,4.22µm
_04006_,4.22µm
_04590_,4.22µm
_04637_,4.22µm
_04650_,4.22µm
_05126_,4.22µm
_05844_,4.22µm
_05856_,4.22µm
_06071_,4.22µm
_06343_,4.22µm
_06408_,4.22µm
_06416_,4.22µm
_06685_,4.22µm
_07592_,4.22µm
_07735_,4.22µm
_08405_,4.22µm
_08531_,4.22µm
_08649_,4.22µm
_08889_,4.22µm
_09031_,4.22µm
_09645_,4.22µm
_09784_,4.22µm
_10429_,4.22µm
_10443_,4.22µm
_11265_,4.22µm
_11268_,4.22µm
_11984_,4.22µm
_11985_,4.22µm
_12130_,4.22µm
_12800_,4.22µm
_13184_,4.22µm
_13260_,4.22µm
_13338_,4.22µm
_13363_,4.22µm
_13554_,4.22µm
_13608_,4.22µm
_13899_,4.22µm
_14352_,4.22µm
_14632_,4.22µm
_14847_,4.22µm
_14940_,4.22µm
_15126_,4.22µm
_15182_,4.22µm
_15513_,4.22µm
_16425_,4.22µm
_17057_,4.22µm
_17459_,4.22µm
_17717_,4.22µm
_18130_,4.22µm
_18525_,4.22µm
_18618_,4.22µm
_18686_,4.22µm
_19670_,4.22µm
_19789_,4.22µm
_19825_,4.22µm
_19955_,4.22µm
_20446_,4.22µm
_20498_,4.22µm
_20614_,4.22µm
_21286_,4.22µm
_21448_,4.22µm
_21561_,4.22µm
_21628_,4.22µm
_21629_,4.22µm
_21743_,4.22µm
_21785_,4.22µm
scheduler_instance.branch_diverge_inst.stack_target_pc\[1\]\[7\],4.22µm
net1543,4.22µm
net1548,4.22µm
net1559,4.22µm
_04988_,4.2µm
_06164_,4.2µm
_07399_,4.2µm
_09652_,4.2µm
_10353_,4.2µm
_11484_,4.2µm
_11613_,4.2µm
_12737_,4.2µm
_17553_,4.2µm
_00366_,4.195µm
_01884_,4.195µm
_09159_,4.19µm
_00008_,4.165µm
_00498_,4.165µm
_00711_,4.165µm
_00773_,4.165µm
_00838_,4.165µm
_00846_,4.165µm
_00998_,4.165µm
_01339_,4.165µm
_01513_,4.165µm
_05070_,4.15µm
_08929_,4.15µm
_13345_,4.15µm
_21130_,4.15µm
_00265_,4.145µm
_00279_,4.145µm
_00668_,4.145µm
_00695_,4.145µm
_01040_,4.145µm
_01097_,4.145µm
_01571_,4.145µm
_02047_,4.145µm
_02219_,4.145µm
_02541_,4.14µm
_04437_,4.14µm
_04441_,4.14µm
_06739_,4.14µm
_07375_,4.14µm
_08662_,4.14µm
_09789_,4.14µm
_12073_,4.14µm
_13540_,4.14µm
_14157_,4.14µm
_15334_,4.14µm
_15707_,4.14µm
_17970_,4.14µm
_18449_,4.14µm
_19510_,4.14µm
_20710_,4.14µm
_02362_,4.135µm
_01029_,4.12µm
_01103_,4.12µm
_01557_,4.12µm
_01572_,4.12µm
_03062_,4.12µm
_11073_,4.12µm
_12751_,4.12µm
_14645_,4.12µm
_15467_,4.12µm
_19193_,4.12µm
_19275_,4.12µm
_19858_,4.12µm
_22054_,4.12µm
net1482,4.12µm
net1564,4.12µm
_17279_,4.105µm
_02315_,4.1µm
_02392_,4.1µm
_02401_,4.1µm
_02845_,4.1µm
_03054_,4.1µm
_03331_,4.1µm
_03990_,4.1µm
_04283_,4.1µm
_04815_,4.1µm
_04893_,4.1µm
_05480_,4.1µm
_06300_,4.1µm
_06410_,4.1µm
_06814_,4.1µm
_07086_,4.1µm
_07219_,4.1µm
_07374_,4.1µm
_07590_,4.1µm
_07738_,4.1µm
_08332_,4.1µm
_08445_,4.1µm
_08504_,4.1µm
_09052_,4.1µm
_09096_,4.1µm
_09492_,4.1µm
_09589_,4.1µm
_09878_,4.1µm
_10507_,4.1µm
_10807_,4.1µm
_11389_,4.1µm
_11552_,4.1µm
_11597_,4.1µm
_12084_,4.1µm
_12470_,4.1µm
_12479_,4.1µm
_12750_,4.1µm
_12895_,4.1µm
_13170_,4.1µm
_13826_,4.1µm
_14092_,4.1µm
_14184_,4.1µm
_14609_,4.1µm
_14617_,4.1µm
_15087_,4.1µm
_16162_,4.1µm
_17575_,4.1µm
_18014_,4.1µm
_19005_,4.1µm
_19137_,4.1µm
_19224_,4.1µm
_19250_,4.1µm
_19764_,4.1µm
_19784_,4.1µm
_19850_,4.1µm
_20187_,4.1µm
_20471_,4.1µm
_20621_,4.1µm
_20774_,4.1µm
_20802_,4.1µm
_21092_,4.1µm
net394,4.1µm
_02215_,4.085µm
_06487_,4.08µm
_06524_,4.08µm
_07918_,4.08µm
_11678_,4.08µm
_11850_,4.08µm
_12663_,4.08µm
_16280_,4.08µm
_16322_,4.08µm
_16543_,4.08µm
_16964_,4.08µm
_17039_,4.08µm
_17187_,4.08µm
_20083_,4.08µm
threads\[2\].lsu_instance.lsu_state\[3\],4.08µm
_00653_,4.075µm
_00086_,4.065µm
_02045_,4.065µm
_03427_,4.065µm
_13054_,4.065µm
_04638_,4.06µm
_07359_,4.05µm
_00013_,4.045µm
_00968_,4.045µm
_01028_,4.045µm
_01121_,4.045µm
_01295_,4.045µm
_01372_,4.045µm
_03955_,4.03µm
_09485_,4.03µm
_09772_,4.03µm
_10306_,4.03µm
_00015_,4.025µm
_00153_,4.025µm
_00285_,4.025µm
_14359_,4.025µm
_02358_,4.02µm
_02526_,4.02µm
_02702_,4.02µm
_02973_,4.02µm
_04004_,4.02µm
_04167_,4.02µm
_04373_,4.02µm
_04583_,4.02µm
_04942_,4.02µm
_06158_,4.02µm
_06888_,4.02µm
_07672_,4.02µm
_07862_,4.02µm
_08473_,4.02µm
_09391_,4.02µm
_10111_,4.02µm
_10618_,4.02µm
_11004_,4.02µm
_11301_,4.02µm
_11643_,4.02µm
_12540_,4.02µm
_12588_,4.02µm
_12594_,4.02µm
_13273_,4.02µm
_13373_,4.02µm
_13582_,4.02µm
_13641_,4.02µm
_13939_,4.02µm
_13973_,4.02µm
_14355_,4.02µm
_15390_,4.02µm
_15543_,4.02µm
_15711_,4.02µm
_18664_,4.02µm
_18689_,4.02µm
_18700_,4.02µm
_19433_,4.02µm
_20417_,4.02µm
_20549_,4.02µm
_20928_,4.02µm
_21681_,4.02µm
_21813_,4.02µm
_21834_,4.02µm
_22062_,4.02µm
net1098,4.02µm
net1577,4.02µm
_10307_,4.01µm
_01859_,4.005µm
_12324_,4.005µm
_16701_,4.005µm
_01142_,4µm
_02421_,4µm
_02477_,4µm
_02791_,4µm
_02795_,4µm
_03197_,4µm
_03291_,4µm
_03496_,4µm
_03510_,4µm
_03608_,4µm
_04066_,4µm
_04256_,4µm
_04706_,4µm
_05014_,4µm
_06118_,4µm
_06159_,4µm
_06464_,4µm
_06586_,4µm
_07369_,4µm
_07469_,4µm
_07708_,4µm
_07924_,4µm
_07929_,4µm
_08100_,4µm
_08172_,4µm
_08482_,4µm
_08569_,4µm
_08987_,4µm
_09226_,4µm
_09265_,4µm
_09739_,4µm
_09991_,4µm
_10000_,4µm
_11132_,4µm
_11158_,4µm
_11656_,4µm
_11714_,4µm
_12100_,4µm
_12250_,4µm
_12449_,4µm
_12463_,4µm
_12512_,4µm
_12536_,4µm
_12747_,4µm
_12788_,4µm
_13144_,4µm
_13220_,4µm
_13470_,4µm
_13559_,4µm
_13621_,4µm
_13685_,4µm
_13891_,4µm
_14231_,4µm
_14480_,4µm
_14487_,4µm
_14538_,4µm
_15548_,4µm
_15715_,4µm
_16002_,4µm
_16004_,4µm
_16123_,4µm
_16431_,4µm
_16552_,4µm
_16597_,4µm
_16611_,4µm
_17054_,4µm
_17208_,4µm
_17390_,4µm
_18028_,4µm
_18488_,4µm
_19213_,4µm
_19649_,4µm
_20005_,4µm
_20015_,4µm
_20264_,4µm
_20272_,4µm
_20605_,4µm
_21003_,4µm
_21145_,4µm
_21342_,4µm
_21390_,4µm
_21565_,4µm
_21747_,4µm
_21804_,4µm
systolic_arrays\[1\].systolic_array_inst.a_wire\[3\]\[0\],4µm
threads\[3\].fma_instance.r3_weighted\[4\],4µm
net1522,4µm
net1645,4µm
_12422_,3.99µm
_00591_,3.985µm
_01550_,3.985µm
_09462_,3.985µm
_03290_,3.98µm
_03949_,3.98µm
_03962_,3.98µm
_05467_,3.98µm
_05550_,3.98µm
_06630_,3.98µm
_06677_,3.98µm
_07901_,3.98µm
_08295_,3.98µm
_08472_,3.98µm
_08928_,3.98µm
_08961_,3.98µm
_09127_,3.98µm
_09798_,3.98µm
_10078_,3.98µm
_10538_,3.98µm
_10672_,3.98µm
_10998_,3.98µm
_11039_,3.98µm
_11235_,3.98µm
_11441_,3.98µm
_12478_,3.98µm
_12554_,3.98µm
_12849_,3.98µm
_12877_,3.98µm
_12906_,3.98µm
_13032_,3.98µm
_14540_,3.98µm
_14820_,3.98µm
_15071_,3.98µm
_15427_,3.98µm
_15921_,3.98µm
_16053_,3.98µm
_16163_,3.98µm
_16415_,3.98µm
_16759_,3.98µm
_16766_,3.98µm
_16995_,3.98µm
_17079_,3.98µm
_17482_,3.98µm
_18031_,3.98µm
_18275_,3.98µm
_18866_,3.98µm
_18916_,3.98µm
_20625_,3.98µm
_20635_,3.98µm
_20682_,3.98µm
_21739_,3.98µm
_21878_,3.98µm
_22106_,3.98µm
net1489,3.98µm
net1529,3.98µm
_01088_,3.975µm
_01794_,3.975µm
_01461_,3.965µm
_00242_,3.96µm
_18806_,3.955µm
_00163_,3.945µm
_00299_,3.945µm
_00337_,3.945µm
_00353_,3.945µm
_00365_,3.945µm
_00373_,3.945µm
_00437_,3.945µm
_00478_,3.945µm
_00613_,3.945µm
_01440_,3.945µm
_01837_,3.945µm
_01839_,3.945µm
_01870_,3.945µm
_01986_,3.945µm
_02266_,3.945µm
_02276_,3.945µm
_12165_,3.94µm
_15865_,3.935µm
_16568_,3.935µm
_02535_,3.93µm
_08030_,3.93µm
_00144_,3.925µm
_00150_,3.925µm
_00252_,3.925µm
_00283_,3.925µm
_00357_,3.925µm
_00424_,3.925µm
_01511_,3.925µm
_01570_,3.925µm
_01696_,3.925µm
_01758_,3.925µm
_01777_,3.925µm
_01783_,3.925µm
_02255_,3.925µm
_12462_,3.925µm
_01090_,3.92µm
_01684_,3.92µm
_08515_,3.92µm
_05245_,3.915µm
_10604_,3.915µm
_10680_,3.915µm
_11128_,3.915µm
_16038_,3.915µm
_16045_,3.915µm
_16122_,3.915µm
_16459_,3.915µm
_21490_,3.915µm
_01350_,3.905µm
_00716_,3.9µm
_01977_,3.9µm
_03366_,3.9µm
_03388_,3.9µm
_05861_,3.9µm
_06556_,3.9µm
_06645_,3.9µm
_09562_,3.9µm
_09972_,3.9µm
_10081_,3.9µm
_10551_,3.9µm
_13577_,3.9µm
_14670_,3.9µm
_15202_,3.9µm
_16041_,3.9µm
_16060_,3.9µm
_16549_,3.9µm
_17266_,3.9µm
_17824_,3.9µm
_19597_,3.9µm
_17091_,3.885µm
_00025_,3.88µm
_00335_,3.88µm
_00428_,3.88µm
_01233_,3.88µm
_02270_,3.88µm
_02330_,3.88µm
_02518_,3.88µm
_02838_,3.88µm
_03000_,3.88µm
_03114_,3.88µm
_03379_,3.88µm
_03445_,3.88µm
_03447_,3.88µm
_03618_,3.88µm
_04107_,3.88µm
_04125_,3.88µm
_04209_,3.88µm
_04460_,3.88µm
_04551_,3.88µm
_04563_,3.88µm
_04601_,3.88µm
_04683_,3.88µm
_04806_,3.88µm
_04862_,3.88µm
_05005_,3.88µm
_05081_,3.88µm
_05323_,3.88µm
_05399_,3.88µm
_05488_,3.88µm
_05524_,3.88µm
_05588_,3.88µm
_05589_,3.88µm
_05694_,3.88µm
_05738_,3.88µm
_05747_,3.88µm
_06075_,3.88µm
_06283_,3.88µm
_06401_,3.88µm
_06403_,3.88µm
_06432_,3.88µm
_06628_,3.88µm
_06651_,3.88µm
_06732_,3.88µm
_06744_,3.88µm
_06909_,3.88µm
_06915_,3.88µm
_06919_,3.88µm
_07526_,3.88µm
_07694_,3.88µm
_07878_,3.88µm
_08045_,3.88µm
_08048_,3.88µm
_08084_,3.88µm
_08310_,3.88µm
_08412_,3.88µm
_08469_,3.88µm
_08582_,3.88µm
_08691_,3.88µm
_09268_,3.88µm
_09389_,3.88µm
_09411_,3.88µm
_09825_,3.88µm
_09886_,3.88µm
_09888_,3.88µm
_10337_,3.88µm
_10605_,3.88µm
_10630_,3.88µm
_10703_,3.88µm
_10769_,3.88µm
_11047_,3.88µm
_11304_,3.88µm
_11569_,3.88µm
_12731_,3.88µm
_12850_,3.88µm
_13240_,3.88µm
_13546_,3.88µm
_13665_,3.88µm
_13704_,3.88µm
_14217_,3.88µm
_14494_,3.88µm
_14590_,3.88µm
_14642_,3.88µm
_14697_,3.88µm
_15564_,3.88µm
_15605_,3.88µm
_15812_,3.88µm
_16094_,3.88µm
_16104_,3.88µm
_16170_,3.88µm
_16181_,3.88µm
_16258_,3.88µm
_16398_,3.88µm
_16477_,3.88µm
_16980_,3.88µm
_16989_,3.88µm
_17314_,3.88µm
_17324_,3.88µm
_17392_,3.88µm
_17555_,3.88µm
_17716_,3.88µm
_17911_,3.88µm
_17963_,3.88µm
_18289_,3.88µm
_18345_,3.88µm
_18513_,3.88µm
_18804_,3.88µm
_18828_,3.88µm
_18842_,3.88µm
_18935_,3.88µm
_19405_,3.88µm
_19781_,3.88µm
_19982_,3.88µm
_20145_,3.88µm
_20411_,3.88µm
_20493_,3.88µm
_20669_,3.88µm
_20885_,3.88µm
_21071_,3.88µm
_21290_,3.88µm
_21313_,3.88µm
_21620_,3.88µm
_21657_,3.88µm
_21765_,3.88µm
_21855_,3.88µm
_21916_,3.88µm
_22004_,3.88µm
net386,3.88µm
net383,3.88µm
net901,3.88µm
threads\[3\].lsu_instance.lsu_state\[0\],3.88µm
net1549,3.88µm
net1636,3.88µm
_04875_,3.86µm
_06382_,3.86µm
_07186_,3.86µm
_07386_,3.86µm
_07547_,3.86µm
_09559_,3.86µm
_09797_,3.86µm
_10803_,3.86µm
_12574_,3.86µm
_13809_,3.86µm
_15907_,3.86µm
_16527_,3.86µm
_00814_,3.855µm
_01924_,3.855µm
_00583_,3.845µm
_00769_,3.845µm
_01430_,3.845µm
_08062_,3.84µm
_03549_,3.83µm
_05853_,3.83µm
_05953_,3.83µm
_07055_,3.83µm
_14932_,3.83µm
_08710_,3.82µm
_16465_,3.82µm
_03621_,3.81µm
_04984_,3.81µm
_19028_,3.81µm
_19912_,3.81µm
_21193_,3.81µm
_21601_,3.81µm
_21836_,3.81µm
_00608_,3.805µm
_00620_,3.805µm
_00791_,3.805µm
_00794_,3.805µm
_00807_,3.805µm
_00826_,3.805µm
_00843_,3.805µm
_00934_,3.805µm
_00935_,3.805µm
_01059_,3.805µm
_01137_,3.805µm
_01421_,3.805µm
_01495_,3.805µm
_02287_,3.805µm
_16924_,3.805µm
_01881_,3.8µm
_02152_,3.8µm
_02206_,3.8µm
_01967_,3.79µm
_19769_,3.79µm
_00777_,3.785µm
_00132_,3.78µm
_00715_,3.78µm
_00896_,3.78µm
_01381_,3.78µm
_01926_,3.78µm
_01959_,3.78µm
_01973_,3.78µm
_01988_,3.78µm
_02106_,3.78µm
_03416_,3.78µm
_03871_,3.78µm
_04298_,3.78µm
_16210_,3.78µm
_16754_,3.78µm
_17274_,3.78µm
_20884_,3.78µm
_11911_,3.765µm
_02634_,3.76µm
_02667_,3.76µm
_03451_,3.76µm
_03651_,3.76µm
_03867_,3.76µm
_03944_,3.76µm
_04204_,3.76µm
_04356_,3.76µm
_04387_,3.76µm
_05086_,3.76µm
_06056_,3.76µm
_06423_,3.76µm
_06486_,3.76µm
_06599_,3.76µm
_06679_,3.76µm
_06908_,3.76µm
_07488_,3.76µm
_07712_,3.76µm
_07914_,3.76µm
_08081_,3.76µm
_08137_,3.76µm
_08503_,3.76µm
_08799_,3.76µm
_09094_,3.76µm
_09237_,3.76µm
_09664_,3.76µm
_10124_,3.76µm
_10464_,3.76µm
_10572_,3.76µm
_10669_,3.76µm
_11031_,3.76µm
_11053_,3.76µm
_11253_,3.76µm
_11529_,3.76µm
_11662_,3.76µm
_11929_,3.76µm
_12072_,3.76µm
_12153_,3.76µm
_12469_,3.76µm
_12533_,3.76µm
_12578_,3.76µm
_12780_,3.76µm
_13836_,3.76µm
_13970_,3.76µm
_14001_,3.76µm
_14975_,3.76µm
_15015_,3.76µm
_15064_,3.76µm
_15096_,3.76µm
_15454_,3.76µm
_16076_,3.76µm
_16585_,3.76µm
_16682_,3.76µm
_17517_,3.76µm
_17731_,3.76µm
_17832_,3.76µm
_18078_,3.76µm
_18160_,3.76µm
_18659_,3.76µm
_18848_,3.76µm
_19178_,3.76µm
_19189_,3.76µm
_19368_,3.76µm
_19440_,3.76µm
_19652_,3.76µm
_19673_,3.76µm
_19699_,3.76µm
_20355_,3.76µm
_21011_,3.76µm
_21592_,3.76µm
_21594_,3.76µm
_21849_,3.76µm
_21880_,3.76µm
net1117,3.76µm
net1560,3.76µm
net1679,3.76µm
_00005_,3.755µm
_08787_,3.75µm
_02412_,3.74µm
_03228_,3.74µm
_04033_,3.74µm
_04360_,3.74µm
_06179_,3.74µm
_06627_,3.74µm
_10236_,3.74µm
_10473_,3.74µm
_13571_,3.74µm
_18196_,3.74µm
_19525_,3.74µm
_20916_,3.74µm
_00083_,3.735µm
_00103_,3.735µm
_00359_,3.735µm
_02078_,3.735µm
_02127_,3.735µm
_01434_,3.725µm
_18995_,3.72µm
_00508_,3.705µm
_00719_,3.705µm
_01003_,3.705µm
_01457_,3.705µm
_01753_,3.705µm
_01778_,3.705µm
_01811_,3.705µm
_02854_,3.69µm
_05094_,3.69µm
_08155_,3.69µm
_09017_,3.69µm
_11056_,3.69µm
_13252_,3.69µm
_15286_,3.69µm
_15308_,3.69µm
_20995_,3.69µm
_00237_,3.685µm
_00246_,3.685µm
_00300_,3.685µm
_00415_,3.685µm
_00730_,3.685µm
_00950_,3.685µm
_00994_,3.685µm
_01112_,3.685µm
_01117_,3.685µm
_01877_,3.685µm
_01901_,3.685µm
_01954_,3.685µm
_03032_,3.68µm
_03088_,3.68µm
_03156_,3.68µm
_03355_,3.68µm
_03882_,3.68µm
_04374_,3.68µm
_05599_,3.68µm
_07543_,3.68µm
_07898_,3.68µm
_08301_,3.68µm
_10629_,3.68µm
_11444_,3.68µm
_12110_,3.68µm
_12610_,3.68µm
_12699_,3.68µm
_12764_,3.68µm
_12824_,3.68µm
_13113_,3.68µm
_13452_,3.68µm
_14972_,3.68µm
_16486_,3.68µm
_16520_,3.68µm
_16691_,3.68µm
_17105_,3.68µm
_17431_,3.68µm
_17649_,3.68µm
_20331_,3.68µm
_20746_,3.68µm
_20933_,3.68µm
_21443_,3.68µm
net1590,3.68µm
_16192_,3.675µm
_02091_,3.67µm
_00671_,3.66µm
_00675_,3.66µm
_01016_,3.66µm
_01158_,3.66µm
_01179_,3.66µm
_01195_,3.66µm
_01562_,3.66µm
_01587_,3.66µm
_01728_,3.66µm
_02997_,3.66µm
_03762_,3.66µm
_04322_,3.66µm
_06452_,3.66µm
_17142_,3.66µm
_17806_,3.66µm
_17912_,3.66µm
net1469,3.66µm
net1475,3.66µm
net1477,3.66µm
net1100,3.66µm
net1540,3.66µm
net1580,3.66µm
_15892_,3.645µm
_17280_,3.645µm
_03096_,3.64µm
_03358_,3.64µm
_04537_,3.64µm
_04965_,3.64µm
_05164_,3.64µm
_06921_,3.64µm
_07119_,3.64µm
_08677_,3.64µm
_08766_,3.64µm
_08798_,3.64µm
_09183_,3.64µm
_09222_,3.64µm
_09309_,3.64µm
_10392_,3.64µm
_11088_,3.64µm
_11503_,3.64µm
_11922_,3.64µm
_12215_,3.64µm
_12338_,3.64µm
_12618_,3.64µm
_12653_,3.64µm
_12773_,3.64µm
_12921_,3.64µm
_12942_,3.64µm
_13371_,3.64µm
_13880_,3.64µm
_14239_,3.64µm
_14308_,3.64µm
_14696_,3.64µm
_15442_,3.64µm
_15525_,3.64µm
_17497_,3.64µm
_17751_,3.64µm
_18590_,3.64µm
_19407_,3.64µm
_20330_,3.64µm
_20428_,3.64µm
_21072_,3.64µm
_21292_,3.64µm
_21578_,3.64µm
_22031_,3.64µm
net406,3.64µm
_01660_,3.635µm
_07705_,3.635µm
_00371_,3.625µm
_05261_,3.615µm
_01171_,3.605µm
_09147_,3.595µm
_19430_,3.595µm
_00577_,3.585µm
_00819_,3.585µm
_01011_,3.585µm
_01184_,3.585µm
_01300_,3.585µm
_00499_,3.565µm
_01976_,3.565µm
_16154_,3.565µm
_02342_,3.56µm
_03771_,3.56µm
_03998_,3.56µm
_04011_,3.56µm
_04150_,3.56µm
_04320_,3.56µm
_04543_,3.56µm
_04566_,3.56µm
_05101_,3.56µm
_05319_,3.56µm
_05720_,3.56µm
_05736_,3.56µm
_05763_,3.56µm
_06514_,3.56µm
_06527_,3.56µm
_06648_,3.56µm
_08699_,3.56µm
_09325_,3.56µm
_09842_,3.56µm
_10001_,3.56µm
_10012_,3.56µm
_10016_,3.56µm
_10508_,3.56µm
_10983_,3.56µm
_11284_,3.56µm
_12759_,3.56µm
_13221_,3.56µm
_13437_,3.56µm
_13459_,3.56µm
_14914_,3.56µm
_15080_,3.56µm
_15528_,3.56µm
_15542_,3.56µm
_15642_,3.56µm
_15762_,3.56µm
_16859_,3.56µm
_17046_,3.56µm
_18261_,3.56µm
_18291_,3.56µm
_19073_,3.56µm
_19471_,3.56µm
_19722_,3.56µm
_19736_,3.56µm
_19845_,3.56µm
_20112_,3.56µm
_20501_,3.56µm
_20517_,3.56µm
_20978_,3.56µm
_21354_,3.56µm
_22003_,3.56µm
_22057_,3.56µm
_16578_,3.555µm
_05729_,3.55µm
_02115_,3.545µm
_13827_,3.545µm
_19623_,3.545µm
_01378_,3.54µm
_02528_,3.54µm
_03083_,3.54µm
_03700_,3.54µm
_03941_,3.54µm
_04051_,3.54µm
_04408_,3.54µm
_04533_,3.54µm
_04564_,3.54µm
_04767_,3.54µm
_05753_,3.54µm
_05970_,3.54µm
_06057_,3.54µm
_06128_,3.54µm
_06136_,3.54µm
_06146_,3.54µm
_06265_,3.54µm
_06324_,3.54µm
_06796_,3.54µm
_07112_,3.54µm
_07922_,3.54µm
_07932_,3.54µm
_07994_,3.54µm
_07999_,3.54µm
_08628_,3.54µm
_08664_,3.54µm
_08774_,3.54µm
_08917_,3.54µm
_08960_,3.54µm
_09202_,3.54µm
_09595_,3.54µm
_09618_,3.54µm
_09678_,3.54µm
_09882_,3.54µm
_09967_,3.54µm
_10174_,3.54µm
_10204_,3.54µm
_10600_,3.54µm
_10665_,3.54µm
_10689_,3.54µm
_11077_,3.54µm
_11099_,3.54µm
_11121_,3.54µm
_11130_,3.54µm
_11177_,3.54µm
_11181_,3.54µm
_11589_,3.54µm
_11698_,3.54µm
_11710_,3.54µm
_11842_,3.54µm
_12096_,3.54µm
_12225_,3.54µm
_12542_,3.54µm
_12597_,3.54µm
_12754_,3.54µm
_12998_,3.54µm
_13191_,3.54µm
_13365_,3.54µm
_13442_,3.54µm
_13454_,3.54µm
_13561_,3.54µm
_13579_,3.54µm
_13630_,3.54µm
_13747_,3.54µm
_13831_,3.54µm
_14007_,3.54µm
_14057_,3.54µm
_14073_,3.54µm
_14322_,3.54µm
_14366_,3.54µm
_14368_,3.54µm
_14523_,3.54µm
_14678_,3.54µm
_14694_,3.54µm
_14752_,3.54µm
_15312_,3.54µm
_15819_,3.54µm
_15932_,3.54µm
_16635_,3.54µm
_16770_,3.54µm
_16945_,3.54µm
_17005_,3.54µm
_17114_,3.54µm
_17225_,3.54µm
_17466_,3.54µm
_17470_,3.54µm
_17505_,3.54µm
_17569_,3.54µm
_18040_,3.54µm
_18270_,3.54µm
_18628_,3.54µm
_18756_,3.54µm
_18955_,3.54µm
_19020_,3.54µm
_19208_,3.54µm
_19237_,3.54µm
_19661_,3.54µm
_20199_,3.54µm
_20316_,3.54µm
_20403_,3.54µm
_20433_,3.54µm
_20601_,3.54µm
_20856_,3.54µm
_21002_,3.54µm
_21221_,3.54µm
_21395_,3.54µm
_21850_,3.54µm
systolic_arrays\[0\].systolic_array_inst.a_wire\[1\]\[14\],3.54µm
systolic_arrays\[0\].systolic_array_inst.g_row\[0\].g_col\[0\].pe.r2_mantissa\[7\],3.54µm
systolic_arrays\[1\].systolic_array_inst.a_wire\[3\]\[1\],3.54µm
systolic_arrays\[1\].systolic_array_inst.a_wire\[4\]\[14\],3.54µm
net1587,3.54µm
_14439_,3.53µm
_01472_,3.525µm
_03421_,3.525µm
_02537_,3.52µm
_02576_,3.52µm
_02582_,3.52µm
_02587_,3.52µm
_02730_,3.52µm
_03050_,3.52µm
_03200_,3.52µm
_03897_,3.52µm
_03914_,3.52µm
_04067_,3.52µm
_04945_,3.52µm
_05001_,3.52µm
_05050_,3.52µm
_05110_,3.52µm
_05258_,3.52µm
_05336_,3.52µm
_05433_,3.52µm
_05868_,3.52µm
_06015_,3.52µm
_06019_,3.52µm
_06062_,3.52µm
_06132_,3.52µm
_07299_,3.52µm
_07449_,3.52µm
_07536_,3.52µm
_08055_,3.52µm
_08723_,3.52µm
_10489_,3.52µm
_10930_,3.52µm
_11020_,3.52µm
_11462_,3.52µm
_11470_,3.52µm
_12394_,3.52µm
_12706_,3.52µm
_12741_,3.52µm
_12743_,3.52µm
_12761_,3.52µm
_12771_,3.52µm
_14589_,3.52µm
_15587_,3.52µm
_15852_,3.52µm
_16147_,3.52µm
_16178_,3.52µm
_16260_,3.52µm
_16284_,3.52µm
_16308_,3.52µm
_16586_,3.52µm
_16795_,3.52µm
_16809_,3.52µm
_16827_,3.52µm
_16850_,3.52µm
_16913_,3.52µm
_16998_,3.52µm
_17053_,3.52µm
_17072_,3.52µm
_17237_,3.52µm
_17268_,3.52µm
_18209_,3.52µm
_18669_,3.52µm
_18768_,3.52µm
_19039_,3.52µm
_19099_,3.52µm
_19268_,3.52µm
_19346_,3.52µm
_20021_,3.52µm
_20033_,3.52µm
_20113_,3.52µm
_20183_,3.52µm
_20911_,3.52µm
_21182_,3.52µm
_21381_,3.52µm
net1605,3.52µm
_00182_,3.515µm
_00291_,3.515µm
_00356_,3.515µm
_00728_,3.515µm
_00818_,3.515µm
_00997_,3.515µm
_01001_,3.515µm
_01058_,3.515µm
_01104_,3.515µm
_01186_,3.515µm
_01370_,3.515µm
_01763_,3.515µm
_02144_,3.515µm
_00792_,3.505µm
_01592_,3.505µm
_16638_,3.505µm
_10036_,3.49µm
_00077_,3.485µm
_00217_,3.485µm
_00331_,3.485µm
_00350_,3.485µm
_00462_,3.485µm
_00732_,3.485µm
_00993_,3.485µm
_02012_,3.485µm
_02120_,3.485µm
_02279_,3.485µm
_19812_,3.485µm
_02221_,3.47µm
_00290_,3.465µm
_00387_,3.465µm
_00559_,3.465µm
_00771_,3.465µm
_00775_,3.465µm
_01047_,3.465µm
_01287_,3.465µm
_01433_,3.465µm
_01579_,3.465µm
_01604_,3.465µm
_01621_,3.465µm
_01756_,3.465µm
_01849_,3.465µm
_02170_,3.465µm
_02192_,3.465µm
_02212_,3.465µm
_05147_,3.455µm
_05201_,3.455µm
_08068_,3.455µm
_10795_,3.455µm
_16400_,3.455µm
_16469_,3.455µm
_16522_,3.455µm
_19967_,3.455µm
_03459_,3.45µm
_14525_,3.45µm
_00655_,3.44µm
_01208_,3.44µm
_01594_,3.44µm
_01663_,3.44µm
_04562_,3.44µm
_06479_,3.44µm
_08568_,3.44µm
_11376_,3.44µm
_12283_,3.44µm
_12343_,3.44µm
_15807_,3.44µm
_16096_,3.44µm
_16987_,3.44µm
_17358_,3.44µm
_20888_,3.44µm
_20939_,3.44µm
net1335,3.44µm
net1359,3.44µm
systolic_arrays\[0\].systolic_array_inst.a_wire\[4\]\[11\],3.44µm
_11888_,3.435µm
_16191_,3.425µm
_16213_,3.425µm
_00037_,3.42µm
_00040_,3.42µm
_01177_,3.42µm
_02380_,3.42µm
_02422_,3.42µm
_02908_,3.42µm
_02918_,3.42µm
_02926_,3.42µm
_03270_,3.42µm
_03275_,3.42µm
_03370_,3.42µm
_03400_,3.42µm
_03573_,3.42µm
_03601_,3.42µm
_03622_,3.42µm
_03773_,3.42µm
_03896_,3.42µm
_04296_,3.42µm
_04481_,3.42µm
_04574_,3.42µm
_04629_,3.42µm
_04703_,3.42µm
_04791_,3.42µm
_04809_,3.42µm
_04883_,3.42µm
_05575_,3.42µm
_05721_,3.42µm
_05887_,3.42µm
_05901_,3.42µm
_05904_,3.42µm
_05908_,3.42µm
_06113_,3.42µm
_06360_,3.42µm
_06407_,3.42µm
_06525_,3.42µm
_06612_,3.42µm
_06617_,3.42µm
_06643_,3.42µm
_06724_,3.42µm
_06882_,3.42µm
_06907_,3.42µm
_06911_,3.42µm
_06929_,3.42µm
_06984_,3.42µm
_07515_,3.42µm
_07915_,3.42µm
_07970_,3.42µm
_07987_,3.42µm
_08266_,3.42µm
_08308_,3.42µm
_08612_,3.42µm
_08739_,3.42µm
_09181_,3.42µm
_09532_,3.42µm
_09844_,3.42µm
_10023_,3.42µm
_10380_,3.42µm
_10407_,3.42µm
_10798_,3.42µm
_10925_,3.42µm
_11028_,3.42µm
_11041_,3.42µm
_11042_,3.42µm
_11185_,3.42µm
_11218_,3.42µm
_11636_,3.42µm
_11669_,3.42µm
_12053_,3.42µm
_12316_,3.42µm
_12348_,3.42µm
_12457_,3.42µm
_12677_,3.42µm
_13047_,3.42µm
_13343_,3.42µm
_13413_,3.42µm
_13480_,3.42µm
_13527_,3.42µm
_13592_,3.42µm
_13644_,3.42µm
_13647_,3.42µm
_13686_,3.42µm
_13694_,3.42µm
_14288_,3.42µm
_14331_,3.42µm
_14512_,3.42µm
_14654_,3.42µm
_14662_,3.42µm
_14730_,3.42µm
_15915_,3.42µm
_15946_,3.42µm
_16130_,3.42µm
_16222_,3.42µm
_16407_,3.42µm
_16414_,3.42µm
_16457_,3.42µm
_16599_,3.42µm
_16782_,3.42µm
_17019_,3.42µm
_17025_,3.42µm
_17076_,3.42µm
_17125_,3.42µm
_17213_,3.42µm
_17262_,3.42µm
_17301_,3.42µm
_17317_,3.42µm
_17327_,3.42µm
_17384_,3.42µm
_17422_,3.42µm
_17478_,3.42µm
_17487_,3.42µm
_17552_,3.42µm
_17712_,3.42µm
_18158_,3.42µm
_18318_,3.42µm
_18422_,3.42µm
_18444_,3.42µm
_18451_,3.42µm
_18453_,3.42µm
_18504_,3.42µm
_18592_,3.42µm
_18944_,3.42µm
_18945_,3.42µm
_18964_,3.42µm
_18970_,3.42µm
_19082_,3.42µm
_19145_,3.42µm
_19245_,3.42µm
_19457_,3.42µm
_19665_,3.42µm
_19714_,3.42µm
_19718_,3.42µm
_19727_,3.42µm
_19739_,3.42µm
_19749_,3.42µm
_19843_,3.42µm
_20089_,3.42µm
_20118_,3.42µm
_20192_,3.42µm
_20318_,3.42µm
_20534_,3.42µm
_20537_,3.42µm
_20860_,3.42µm
_20861_,3.42µm
_21233_,3.42µm
_21317_,3.42µm
_21322_,3.42µm
_21325_,3.42µm
_21363_,3.42µm
_21469_,3.42µm
_21693_,3.42µm
_21756_,3.42µm
_21796_,3.42µm
_21838_,3.42µm
net341,3.42µm
net871,3.42µm
systolic_arrays\[0\].systolic_array_inst.a_reg\[28\],3.42µm
systolic_arrays\[0\].systolic_array_inst.a_wire\[4\]\[12\],3.42µm
systolic_arrays\[0\].systolic_array_inst.g_row\[0\].g_col\[0\].pe.r2_mantissa\[1\],3.42µm
systolic_arrays\[1\].systolic_array_inst.a_wire\[1\]\[12\],3.42µm
systolic_arrays\[1\].systolic_array_inst.a_wire\[3\]\[8\],3.42µm
systolic_arrays\[1\].systolic_array_inst.a_wire\[4\]\[5\],3.42µm
net1571,3.42µm
net1650,3.42µm
net1655,3.42µm
net1682,3.42µm
net1708,3.42µm
_11880_,3.415µm
_01283_,3.405µm
_02636_,3.4µm
_02645_,3.4µm
_02883_,3.4µm
_03564_,3.4µm
_03694_,3.4µm
_03779_,3.4µm
_03786_,3.4µm
_03929_,3.4µm
_04244_,3.4µm
_06694_,3.4µm
_07067_,3.4µm
_07209_,3.4µm
_08973_,3.4µm
_09478_,3.4µm
_10581_,3.4µm
_10879_,3.4µm
_10910_,3.4µm
_11856_,3.4µm
_12789_,3.4µm
_12869_,3.4µm
_13181_,3.4µm
_13370_,3.4µm
_13524_,3.4µm
_13552_,3.4µm
_14954_,3.4µm
_15151_,3.4µm
_15177_,3.4µm
_15221_,3.4µm
_15314_,3.4µm
_19377_,3.4µm
_19862_,3.4µm
_20451_,3.4µm
_20584_,3.4µm
_21041_,3.4µm
_21127_,3.4µm
_21183_,3.4µm
_21185_,3.4µm
_21376_,3.4µm
_21428_,3.4µm
_21587_,3.4µm
_21650_,3.4µm
_21801_,3.4µm
_00072_,3.395µm
_00078_,3.395µm
_00850_,3.395µm
_01266_,3.395µm
_01348_,3.395µm
_01356_,3.395µm
_08732_,3.395µm
_10228_,3.395µm
_10789_,3.395µm
_00617_,3.385µm
_00931_,3.385µm
_01014_,3.385µm
_01410_,3.385µm
_01516_,3.385µm
_01556_,3.385µm
_01768_,3.385µm
_02546_,3.37µm
_04105_,3.37µm
_07331_,3.37µm
_10038_,3.37µm
_11257_,3.37µm
_11448_,3.37µm
_14722_,3.37µm
_18901_,3.37µm
_19823_,3.37µm
_22102_,3.37µm
_02157_,3.36µm
_15764_,3.36µm
_01840_,3.355µm
_04154_,3.35µm
_05243_,3.35µm
_07085_,3.35µm
_21028_,3.35µm
_21416_,3.35µm
_00585_,3.345µm
_00875_,3.345µm
_00986_,3.345µm
_01021_,3.345µm
_01022_,3.345µm
_01039_,3.345µm
_01288_,3.345µm
_01291_,3.345µm
_01482_,3.345µm
_01757_,3.345µm
_02052_,3.345µm
_00075_,3.34µm
_00190_,3.34µm
_00287_,3.34µm
_00406_,3.34µm
_00476_,3.34µm
_00481_,3.34µm
_02009_,3.34µm
_02030_,3.34µm
_13604_,3.335µm
_15054_,3.335µm
_00347_,3.33µm
_00097_,3.32µm
_00354_,3.32µm
_00379_,3.32µm
_00398_,3.32µm
_00435_,3.32µm
_00895_,3.32µm
_01053_,3.32µm
_01124_,3.32µm
_01172_,3.32µm
_01918_,3.32µm
_01987_,3.32µm
_02143_,3.32µm
_02145_,3.32µm
_06354_,3.32µm
_09569_,3.32µm
_12140_,3.32µm
_15848_,3.32µm
_15859_,3.32µm
_16044_,3.32µm
_00031_,3.3µm
_02391_,3.3µm
_02919_,3.3µm
_03218_,3.3µm
_03689_,3.3µm
_03714_,3.3µm
_04380_,3.3µm
_04594_,3.3µm
_04710_,3.3µm
_04847_,3.3µm
_05165_,3.3µm
_05236_,3.3µm
_05437_,3.3µm
_05783_,3.3µm
_05879_,3.3µm
_06373_,3.3µm
_06391_,3.3µm
_06505_,3.3µm
_06661_,3.3µm
_07056_,3.3µm
_07837_,3.3µm
_07866_,3.3µm
_07976_,3.3µm
_08060_,3.3µm
_08080_,3.3µm
_08151_,3.3µm
_08156_,3.3µm
_08668_,3.3µm
_08977_,3.3µm
_09223_,3.3µm
_09332_,3.3µm
_09550_,3.3µm
_09628_,3.3µm
_09891_,3.3µm
_09970_,3.3µm
_10042_,3.3µm
_10504_,3.3µm
_10609_,3.3µm
_10767_,3.3µm
_10831_,3.3µm
_11354_,3.3µm
_11665_,3.3µm
_11674_,3.3µm
_11744_,3.3µm
_11912_,3.3µm
_12569_,3.3µm
_12976_,3.3µm
_13408_,3.3µm
_13583_,3.3µm
_13895_,3.3µm
_14264_,3.3µm
_14623_,3.3µm
_14634_,3.3µm
_14688_,3.3µm
_14899_,3.3µm
_15381_,3.3µm
_16009_,3.3µm
_16054_,3.3µm
_18010_,3.3µm
_18339_,3.3µm
_18581_,3.3µm
_18747_,3.3µm
_19172_,3.3µm
_19221_,3.3µm
_19675_,3.3µm
_19696_,3.3µm
_20340_,3.3µm
_20422_,3.3µm
_20567_,3.3µm
_21945_,3.3µm
_22047_,3.3µm
net1706,3.3µm
_01770_,3.295µm
_15790_,3.295µm
_04567_,3.29µm
_00210_,3.275µm
_01238_,3.275µm
_02251_,3.275µm
_01541_,3.265µm
_07497_,3.265µm
_12465_,3.265µm
_17300_,3.265µm
_01862_,3.26µm
_02104_,3.26µm
_00801_,3.255µm
_00722_,3.245µm
_01087_,3.245µm
_01481_,3.245µm
_16684_,3.24µm
_16205_,3.235µm
_13225_,3.23µm
_00160_,3.225µm
_00168_,3.225µm
_00171_,3.225µm
_00193_,3.225µm
_00404_,3.225µm
_00427_,3.225µm
_00432_,3.225µm
_00443_,3.225µm
_00483_,3.225µm
_00505_,3.225µm
_00624_,3.225µm
_00629_,3.225µm
_00823_,3.225µm
_00937_,3.225µm
_00957_,3.225µm
_01462_,3.225µm
_01808_,3.225µm
_01854_,3.225µm
_01864_,3.225µm
_01879_,3.225µm
_01962_,3.225µm
_02013_,3.225µm
_02018_,3.225µm
_02036_,3.225µm
_02073_,3.225µm
_02222_,3.225µm
_02239_,3.225µm
_02260_,3.225µm
_03374_,3.22µm
_03755_,3.22µm
_04190_,3.22µm
_04218_,3.22µm
_04384_,3.22µm
_04586_,3.22µm
_06238_,3.22µm
_08307_,3.22µm
_09457_,3.22µm
_09740_,3.22µm
_10663_,3.22µm
_11370_,3.22µm
_12205_,3.22µm
_12241_,3.22µm
_15175_,3.22µm
_15446_,3.22µm
_15469_,3.22µm
_17163_,3.22µm
_17545_,3.22µm
_18271_,3.22µm
_18284_,3.22µm
_18497_,3.22µm
_18887_,3.22µm
_20709_,3.22µm
_20840_,3.22µm
_21109_,3.22µm
_21799_,3.22µm
_22001_,3.22µm
_04273_,3.215µm
_01880_,3.21µm
_00419_,3.2µm
_00459_,3.2µm
_00587_,3.2µm
_00633_,3.2µm
_00679_,3.2µm
_00681_,3.2µm
_00726_,3.2µm
_00832_,3.2µm
_00857_,3.2µm
_00954_,3.2µm
_01035_,3.2µm
_01056_,3.2µm
_01167_,3.2µm
_01407_,3.2µm
_01438_,3.2µm
_01471_,3.2µm
_01568_,3.2µm
_07023_,3.2µm
_09540_,3.2µm
_10749_,3.2µm
_12384_,3.2µm
_13736_,3.2µm
_17359_,3.2µm
_17885_,3.2µm
_17982_,3.2µm
_18124_,3.2µm
_19767_,3.2µm
net1476,3.2µm
net1479,3.2µm
_02207_,3.195µm
_03060_,3.18µm
_03249_,3.18µm
_03490_,3.18µm
_04110_,3.18µm
_04178_,3.18µm
_04249_,3.18µm
_04892_,3.18µm
_05173_,3.18µm
_05200_,3.18µm
_06192_,3.18µm
_06636_,3.18µm
_06695_,3.18µm
_06887_,3.18µm
_06918_,3.18µm
_07517_,3.18µm
_07806_,3.18µm
_07996_,3.18µm
_08703_,3.18µm
_08830_,3.18µm
_09387_,3.18µm
_09553_,3.18µm
_10062_,3.18µm
_11386_,3.18µm
_12362_,3.18µm
_12868_,3.18µm
_15188_,3.18µm
_15725_,3.18µm
_16187_,3.18µm
_17263_,3.18µm
_17884_,3.18µm
_18060_,3.18µm
_18163_,3.18µm
_19315_,3.18µm
_20585_,3.18µm
_21047_,3.18µm
_21636_,3.18µm
_21715_,3.18µm
_22009_,3.18µm
_00302_,3.175µm
_00306_,3.175µm
_00452_,3.175µm
_01464_,3.175µm
_01791_,3.175µm
_01845_,3.175µm
_01848_,3.175µm
_02110_,3.175µm
_02153_,3.175µm
_02238_,3.175µm
_01075_,3.165µm
_02033_,3.165µm
_00126_,3.145µm
_00666_,3.145µm
_00892_,3.145µm
_01889_,3.145µm
_02194_,3.145µm
_08694_,3.145µm
_11190_,3.145µm
_14558_,3.145µm
_03800_,3.135µm
_16233_,3.135µm
_16502_,3.135µm
_04955_,3.13µm
_09509_,3.13µm
_13062_,3.13µm
_18865_,3.13µm
_00006_,3.125µm
_00706_,3.125µm
_00955_,3.125µm
_00977_,3.125µm
_01024_,3.125µm
_01100_,3.125µm
_01156_,3.125µm
_01264_,3.125µm
_01333_,3.125µm
_01515_,3.125µm
_12804_,3.12µm
_16545_,3.115µm
_11311_,3.11µm
_15433_,3.11µm
_01543_,3.105µm
_16098_,3.105µm
_16230_,3.105µm
_02366_,3.1µm
_02784_,3.1µm
_02847_,3.1µm
_03020_,3.1µm
_03423_,3.1µm
_03429_,3.1µm
_03709_,3.1µm
_04550_,3.1µm
_05793_,3.1µm
_05940_,3.1µm
_05948_,3.1µm
_06414_,3.1µm
_06553_,3.1µm
_06903_,3.1µm
_07921_,3.1µm
_08280_,3.1µm
_09000_,3.1µm
_10310_,3.1µm
_10436_,3.1µm
_10458_,3.1µm
_10744_,3.1µm
_10752_,3.1µm
_10973_,3.1µm
_11352_,3.1µm
_11641_,3.1µm
_11663_,3.1µm
_11940_,3.1µm
_12548_,3.1µm
_12756_,3.1µm
_12974_,3.1µm
_13118_,3.1µm
_13326_,3.1µm
_14444_,3.1µm
_14889_,3.1µm
_15130_,3.1µm
_15959_,3.1µm
_16593_,3.1µm
_17081_,3.1µm
_17854_,3.1µm
_18445_,3.1µm
_18511_,3.1µm
_19465_,3.1µm
_19719_,3.1µm
_20076_,3.1µm
_20838_,3.1µm
_20901_,3.1µm
_21021_,3.1µm
net1654,3.1µm
_12333_,3.085µm
_21215_,3.085µm
_00028_,3.08µm
_02346_,3.08µm
_03041_,3.08µm
_03182_,3.08µm
_03334_,3.08µm
_03365_,3.08µm
_03591_,3.08µm
_03647_,3.08µm
_04489_,3.08µm
_05080_,3.08µm
_05377_,3.08µm
_05475_,3.08µm
_05484_,3.08µm
_05617_,3.08µm
_05968_,3.08µm
_05982_,3.08µm
_06251_,3.08µm
_06549_,3.08µm
_06846_,3.08µm
_07030_,3.08µm
_07312_,3.08µm
_07382_,3.08µm
_07709_,3.08µm
_07821_,3.08µm
_07887_,3.08µm
_07907_,3.08µm
_08464_,3.08µm
_08580_,3.08µm
_08585_,3.08µm
_08715_,3.08µm
_08750_,3.08µm
_08784_,3.08µm
_09175_,3.08µm
_09194_,3.08µm
_09254_,3.08µm
_09277_,3.08µm
_09321_,3.08µm
_09998_,3.08µm
_10037_,3.08µm
_10093_,3.08µm
_10216_,3.08µm
_10240_,3.08µm
_10294_,3.08µm
_10555_,3.08µm
_10701_,3.08µm
_10896_,3.08µm
_10961_,3.08µm
_11049_,3.08µm
_11397_,3.08µm
_11659_,3.08µm
_12015_,3.08µm
_12045_,3.08µm
_12443_,3.08µm
_12491_,3.08µm
_12592_,3.08µm
_12651_,3.08µm
_12766_,3.08µm
_12799_,3.08µm
_12830_,3.08µm
_13210_,3.08µm
_13257_,3.08µm
_13300_,3.08µm
_13748_,3.08µm
_13773_,3.08µm
_13883_,3.08µm
_14209_,3.08µm
_14212_,3.08µm
_14347_,3.08µm
_14376_,3.08µm
_14682_,3.08µm
_15164_,3.08µm
_15373_,3.08µm
_15463_,3.08µm
_15491_,3.08µm
_15555_,3.08µm
_15818_,3.08µm
_15886_,3.08µm
_16671_,3.08µm
_16677_,3.08µm
_16748_,3.08µm
_16764_,3.08µm
_16892_,3.08µm
_16893_,3.08µm
_16928_,3.08µm
_17030_,3.08µm
_17293_,3.08µm
_17697_,3.08µm
_17775_,3.08µm
_17817_,3.08µm
_17865_,3.08µm
_17967_,3.08µm
_18154_,3.08µm
_18276_,3.08µm
_18477_,3.08µm
_18993_,3.08µm
_19002_,3.08µm
_19309_,3.08µm
_19391_,3.08µm
_19534_,3.08µm
_19553_,3.08µm
_20084_,3.08µm
_20088_,3.08µm
_20125_,3.08µm
_20240_,3.08µm
_20632_,3.08µm
_20715_,3.08µm
_20976_,3.08µm
_21131_,3.08µm
_21366_,3.08µm
_21413_,3.08µm
_21656_,3.08µm
_21696_,3.08µm
_21886_,3.08µm
net371,3.08µm
systolic_arrays\[0\].systolic_array_inst.a_wire\[4\]\[0\],3.08µm
systolic_arrays\[1\].systolic_array_inst.a_wire\[3\]\[4\],3.08µm
systolic_arrays\[1\].systolic_array_inst.a_wire\[4\]\[6\],3.08µm
net1635,3.08µm
net1715,3.08µm
_20848_,3.07µm
_01518_,3.065µm
_01713_,3.065µm
_18974_,3.065µm
_02314_,3.06µm
_02419_,3.06µm
_02427_,3.06µm
_02616_,3.06µm
_02671_,3.06µm
_02724_,3.06µm
_03158_,3.06µm
_03352_,3.06µm
_03466_,3.06µm
_03475_,3.06µm
_03521_,3.06µm
_03527_,3.06µm
_03543_,3.06µm
_03586_,3.06µm
_03616_,3.06µm
_03913_,3.06µm
_04010_,3.06µm
_04017_,3.06µm
_04060_,3.06µm
_04282_,3.06µm
_04648_,3.06µm
_04686_,3.06µm
_04700_,3.06µm
_04709_,3.06µm
_04814_,3.06µm
_04886_,3.06µm
_05290_,3.06µm
_05297_,3.06µm
_06000_,3.06µm
_06054_,3.06µm
_06126_,3.06µm
_06150_,3.06µm
_06166_,3.06µm
_06224_,3.06µm
_06262_,3.06µm
_06331_,3.06µm
_06364_,3.06µm
_06639_,3.06µm
_06668_,3.06µm
_06976_,3.06µm
_07015_,3.06µm
_07047_,3.06µm
_07123_,3.06µm
_07179_,3.06µm
_07255_,3.06µm
_07521_,3.06µm
_07640_,3.06µm
_07668_,3.06µm
_07715_,3.06µm
_08716_,3.06µm
_08781_,3.06µm
_08905_,3.06µm
_08932_,3.06µm
_08958_,3.06µm
_08971_,3.06µm
_09060_,3.06µm
_09217_,3.06µm
_09374_,3.06µm
_09635_,3.06µm
_10438_,3.06µm
_10635_,3.06µm
_10697_,3.06µm
_10937_,3.06µm
_11134_,3.06µm
_11351_,3.06µm
_11475_,3.06µm
_12563_,3.06µm
_12622_,3.06µm
_12811_,3.06µm
_12832_,3.06µm
_13002_,3.06µm
_13050_,3.06µm
_13158_,3.06µm
_13325_,3.06µm
_13380_,3.06µm
_13853_,3.06µm
_14206_,3.06µm
_14491_,3.06µm
_14550_,3.06µm
_14578_,3.06µm
_14710_,3.06µm
_15270_,3.06µm
_15876_,3.06µm
_16058_,3.06µm
_16107_,3.06µm
_16139_,3.06µm
_16202_,3.06µm
_16312_,3.06µm
_16680_,3.06µm
_16810_,3.06µm
_17312_,3.06µm
_18596_,3.06µm
_18630_,3.06µm
_18730_,3.06µm
_18909_,3.06µm
_19180_,3.06µm
_19445_,3.06µm
_19990_,3.06µm
_20056_,3.06µm
_20086_,3.06µm
_20302_,3.06µm
_20317_,3.06µm
_20488_,3.06µm
_20546_,3.06µm
_21223_,3.06µm
_21261_,3.06µm
_21333_,3.06µm
_21569_,3.06µm
_21866_,3.06µm
_00092_,3.055µm
_00627_,3.055µm
_00663_,3.055µm
_00783_,3.055µm
_00855_,3.055µm
_00987_,3.055µm
_01102_,3.055µm
_01108_,3.055µm
_01141_,3.055µm
_01143_,3.055µm
_01468_,3.055µm
_01523_,3.055µm
_01580_,3.055µm
_16761_,3.055µm
_00635_,3.045µm
_01130_,3.045µm
_01504_,3.045µm
_01347_,3.035µm
_05915_,3.03µm
_07504_,3.03µm
_13377_,3.03µm
_16760_,3.03µm
_00311_,3.02µm
_01961_,3.02µm
_16265_,3.015µm
_04513_,3.01µm
_15744_,3.01µm
_01213_,3.005µm
_01747_,3.005µm
_12275_,3.005µm
_01423_,3µm
_01815_,3µm
_16043_,3µm
_16342_,3µm
_03732_,2.995µm
_08790_,2.995µm
_11334_,2.995µm
_12565_,2.995µm
_15985_,2.995µm
_16111_,2.995µm
_16200_,2.995µm
_16334_,2.995µm
_16697_,2.995µm
_16736_,2.995µm
_16843_,2.995µm
_17329_,2.995µm
_19778_,2.995µm
_19800_,2.995µm
_19969_,2.995µm
_20116_,2.995µm
_21770_,2.995µm
_01723_,2.98µm
_03433_,2.98µm
_04542_,2.98µm
_04869_,2.98µm
_06306_,2.98µm
_06880_,2.98µm
_06893_,2.98µm
_07226_,2.98µm
_08070_,2.98µm
_08077_,2.98µm
_08671_,2.98µm
_09990_,2.98µm
_10347_,2.98µm
_10792_,2.98µm
_10881_,2.98µm
_12531_,2.98µm
_14327_,2.98µm
_14653_,2.98µm
_14680_,2.98µm
_14687_,2.98µm
_15630_,2.98µm
_15713_,2.98µm
_16113_,2.98µm
_16248_,2.98µm
_16956_,2.98µm
_18191_,2.98µm
_19708_,2.98µm
_20216_,2.98µm
_21352_,2.98µm
_21827_,2.98µm
net953,2.98µm
net390,2.98µm
net1326,2.98µm
pipe_act_func\[0\],2.98µm
_01860_,2.97µm
_00042_,2.96µm
_00059_,2.96µm
_00060_,2.96µm
_00825_,2.96µm
_01049_,2.96µm
_02273_,2.96µm
_02322_,2.96µm
_02581_,2.96µm
_02679_,2.96µm
_02715_,2.96µm
_02852_,2.96µm
_02856_,2.96µm
_02878_,2.96µm
_02912_,2.96µm
_03106_,2.96µm
_03328_,2.96µm
_03398_,2.96µm
_03406_,2.96µm
_03438_,2.96µm
_03448_,2.96µm
_03483_,2.96µm
_03641_,2.96µm
_03698_,2.96µm
_03711_,2.96µm
_03741_,2.96µm
_03782_,2.96µm
_03783_,2.96µm
_03789_,2.96µm
_03980_,2.96µm
_04396_,2.96µm
_04399_,2.96µm
_04411_,2.96µm
_04414_,2.96µm
_04573_,2.96µm
_04582_,2.96µm
_04624_,2.96µm
_04663_,2.96µm
_04670_,2.96µm
_04900_,2.96µm
_05071_,2.96µm
_05162_,2.96µm
_05185_,2.96µm
_05449_,2.96µm
_05497_,2.96µm
_05547_,2.96µm
_05591_,2.96µm
_05641_,2.96µm
_05732_,2.96µm
_05990_,2.96µm
_06250_,2.96µm
_06252_,2.96µm
_06344_,2.96µm
_06385_,2.96µm
_06417_,2.96µm
_06581_,2.96µm
_06759_,2.96µm
_06904_,2.96µm
_06936_,2.96µm
_06951_,2.96µm
_06997_,2.96µm
_07120_,2.96µm
_07371_,2.96µm
_07378_,2.96µm
_07459_,2.96µm
_07783_,2.96µm
_08082_,2.96µm
_08195_,2.96µm
_08542_,2.96µm
_08593_,2.96µm
_08713_,2.96µm
_08926_,2.96µm
_08938_,2.96µm
_09075_,2.96µm
_09122_,2.96µm
_09245_,2.96µm
_09306_,2.96µm
_09533_,2.96µm
_09698_,2.96µm
_09717_,2.96µm
_09723_,2.96µm
_09732_,2.96µm
_09819_,2.96µm
_09969_,2.96µm
_10474_,2.96µm
_10598_,2.96µm
_10790_,2.96µm
_10827_,2.96µm
_11297_,2.96µm
_11364_,2.96µm
_11487_,2.96µm
_11506_,2.96µm
_11679_,2.96µm
_11881_,2.96µm
_11898_,2.96µm
_12094_,2.96µm
_12282_,2.96µm
_12305_,2.96µm
_12437_,2.96µm
_12617_,2.96µm
_12831_,2.96µm
_13075_,2.96µm
_13093_,2.96µm
_13280_,2.96µm
_13305_,2.96µm
_13919_,2.96µm
_13980_,2.96µm
_14094_,2.96µm
_14118_,2.96µm
_14186_,2.96µm
_14307_,2.96µm
_14571_,2.96µm
_14639_,2.96µm
_14668_,2.96µm
_14941_,2.96µm
_15086_,2.96µm
_15121_,2.96µm
_15403_,2.96µm
_15574_,2.96µm
_15606_,2.96µm
_15928_,2.96µm
_16010_,2.96µm
_16071_,2.96µm
_16091_,2.96µm
_16174_,2.96µm
_16201_,2.96µm
_16375_,2.96µm
_16443_,2.96µm
_16480_,2.96µm
_16515_,2.96µm
_16553_,2.96µm
_16584_,2.96µm
_16664_,2.96µm
_16689_,2.96µm
_16768_,2.96µm
_16773_,2.96µm
_16833_,2.96µm
_16939_,2.96µm
_16966_,2.96µm
_17021_,2.96µm
_17070_,2.96µm
_17119_,2.96µm
_17151_,2.96µm
_17175_,2.96µm
_17200_,2.96µm
_17220_,2.96µm
_17368_,2.96µm
_17560_,2.96µm
_17622_,2.96µm
_17682_,2.96µm
_17702_,2.96µm
_17707_,2.96µm
_17989_,2.96µm
_18026_,2.96µm
_18081_,2.96µm
_18116_,2.96µm
_18264_,2.96µm
_18327_,2.96µm
_18487_,2.96µm
_18524_,2.96µm
_18623_,2.96µm
_18732_,2.96µm
_18885_,2.96µm
_19126_,2.96µm
_19341_,2.96µm
_19388_,2.96µm
_19393_,2.96µm
_19669_,2.96µm
_19676_,2.96µm
_19695_,2.96µm
_19697_,2.96µm
_19827_,2.96µm
_19860_,2.96µm
_19942_,2.96µm
_20152_,2.96µm
_20194_,2.96µm
_20230_,2.96µm
_20508_,2.96µm
_20851_,2.96µm
_20871_,2.96µm
_20899_,2.96µm
_20936_,2.96µm
_21271_,2.96µm
_21320_,2.96µm
_21347_,2.96µm
_21675_,2.96µm
_21718_,2.96µm
_21872_,2.96µm
_21879_,2.96µm
_21996_,2.96µm
_22025_,2.96µm
_22050_,2.96µm
systolic_arrays\[0\].systolic_array_inst.a_wire\[3\]\[10\],2.96µm
systolic_arrays\[0\].systolic_array_inst.g_row\[1\].g_col\[1\].pe.r2_mantissa\[5\],2.96µm
systolic_arrays\[1\].systolic_array_inst.a_wire\[3\]\[10\],2.96µm
systolic_arrays\[1\].systolic_array_inst.a_wire\[3\]\[11\],2.96µm
net1586,2.96µm
net1592,2.96µm
net1595,2.96µm
net1671,2.96µm
net1692,2.96µm
_11897_,2.955µm
_01542_,2.945µm
_01599_,2.945µm
_00267_,2.935µm
_00407_,2.935µm
_00971_,2.935µm
_01080_,2.935µm
_01444_,2.935µm
_01965_,2.935µm
_02232_,2.935µm
_00596_,2.925µm
_00744_,2.925µm
_01297_,2.925µm
_01373_,2.925µm
_01465_,2.925µm
_01773_,2.925µm
_06177_,2.925µm
_13868_,2.925µm
_01422_,2.915µm
_02293_,2.91µm
_02465_,2.91µm
_03906_,2.91µm
_04724_,2.91µm
_05099_,2.91µm
_05139_,2.91µm
_05194_,2.91µm
_05961_,2.91µm
_06937_,2.91µm
_07480_,2.91µm
_13035_,2.91µm
_14349_,2.91µm
_14758_,2.91µm
_14967_,2.91µm
_18833_,2.91µm
_21228_,2.91µm
_16975_,2.895µm
_02327_,2.89µm
_12049_,2.89µm
_12636_,2.89µm
_13928_,2.89µm
_18773_,2.89µm
_21063_,2.89µm
_00600_,2.885µm
_00741_,2.885µm
_00809_,2.885µm
_00830_,2.885µm
_01006_,2.885µm
_01048_,2.885µm
_01081_,2.885µm
_01147_,2.885µm
_01149_,2.885µm
_01286_,2.885µm
_01298_,2.885µm
_01389_,2.885µm
_01401_,2.885µm
_01406_,2.885µm
_01466_,2.885µm
_01469_,2.885µm
_01744_,2.885µm
_13850_,2.885µm
_00069_,2.88µm
_00084_,2.88µm
_00090_,2.88µm
_00100_,2.88µm
_00157_,2.88µm
_00208_,2.88µm
_00261_,2.88µm
_00266_,2.88µm
_00324_,2.88µm
_00336_,2.88µm
_00341_,2.88µm
_00370_,2.88µm
_00414_,2.88µm
_01061_,2.88µm
_01916_,2.88µm
_01922_,2.88µm
_01971_,2.88µm
_02000_,2.88µm
_02003_,2.88µm
_02022_,2.88µm
_02023_,2.88µm
_02044_,2.88µm
_02092_,2.88µm
_02093_,2.88µm
_02094_,2.88µm
_02095_,2.88µm
_02125_,2.88µm
_02178_,2.88µm
_02188_,2.88µm
_02208_,2.88µm
_02236_,2.88µm
_02240_,2.88µm
_02262_,2.88µm
_02269_,2.88µm
_00091_,2.86µm
_00178_,2.86µm
_00214_,2.86µm
_00328_,2.86µm
_00342_,2.86µm
_00345_,2.86µm
_00440_,2.86µm
_01013_,2.86µm
_01133_,2.86µm
_01397_,2.86µm
_01751_,2.86µm
_01776_,2.86µm
_01885_,2.86µm
_01902_,2.86µm
_01915_,2.86µm
_02007_,2.86µm
_02031_,2.86µm
_02237_,2.86µm
_02264_,2.86µm
_06554_,2.86µm
_07426_,2.86µm
_09685_,2.86µm
_10563_,2.86µm
_12406_,2.86µm
_14252_,2.86µm
_14505_,2.86µm
_17277_,2.86µm
net1567,2.86µm
_17825_,2.85µm
_20836_,2.85µm
_09935_,2.845µm
_18121_,2.845µm
_00065_,2.84µm
_00691_,2.84µm
_02635_,2.84µm
_02758_,2.84µm
_02768_,2.84µm
_02788_,2.84µm
_03128_,2.84µm
_03136_,2.84µm
_03203_,2.84µm
_03394_,2.84µm
_03402_,2.84µm
_03405_,2.84µm
_04015_,2.84µm
_04572_,2.84µm
_04578_,2.84µm
_04877_,2.84µm
_05016_,2.84µm
_05137_,2.84µm
_05248_,2.84µm
_05332_,2.84µm
_05841_,2.84µm
_06894_,2.84µm
_06967_,2.84µm
_06990_,2.84µm
_07383_,2.84µm
_07407_,2.84µm
_07463_,2.84µm
_07704_,2.84µm
_07717_,2.84µm
_08053_,2.84µm
_08064_,2.84µm
_08700_,2.84µm
_08788_,2.84µm
_08842_,2.84µm
_08914_,2.84µm
_09274_,2.84µm
_09424_,2.84µm
_09476_,2.84µm
_09582_,2.84µm
_10008_,2.84µm
_10539_,2.84µm
_10577_,2.84µm
_10978_,2.84µm
_11482_,2.84µm
_11739_,2.84µm
_11826_,2.84µm
_11920_,2.84µm
_12416_,2.84µm
_12792_,2.84µm
_13110_,2.84µm
_13173_,2.84µm
_13491_,2.84µm
_13906_,2.84µm
_14925_,2.84µm
_15035_,2.84µm
_15163_,2.84µm
_16015_,2.84µm
_16803_,2.84µm
_17566_,2.84µm
_17579_,2.84µm
_17902_,2.84µm
_18122_,2.84µm
_18213_,2.84µm
_18367_,2.84µm
_18494_,2.84µm
_18518_,2.84µm
_18604_,2.84µm
_19656_,2.84µm
_19752_,2.84µm
_19763_,2.84µm
_19765_,2.84µm
_19798_,2.84µm
_19887_,2.84µm
_19972_,2.84µm
_20280_,2.84µm
_20311_,2.84µm
_20572_,2.84µm
_20699_,2.84µm
_20922_,2.84µm
_21533_,2.84µm
_21736_,2.84µm
_21814_,2.84µm
_21874_,2.84µm
_22045_,2.84µm
_22046_,2.84µm
net1523,2.84µm
net1652,2.84µm
net1668,2.84µm
_01251_,2.835µm
_01306_,2.835µm
_13862_,2.835µm
_01249_,2.805µm
_02594_,2.805µm
_03523_,2.805µm
_04786_,2.805µm
_05382_,2.805µm
_16037_,2.805µm
_02179_,2.8µm
_00497_,2.785µm
_00656_,2.785µm
_00853_,2.785µm
_00861_,2.785µm
_01346_,2.785µm
_01593_,2.785µm
_01701_,2.785µm
_01733_,2.785µm
_01755_,2.785µm
_20538_,2.77µm
_00085_,2.765µm
_00256_,2.765µm
_00727_,2.765µm
_02055_,2.765µm
_02158_,2.765µm
_02280_,2.765µm
_03253_,2.76µm
_04235_,2.76µm
_04930_,2.76µm
_04982_,2.76µm
_05183_,2.76µm
_05266_,2.76µm
_05396_,2.76µm
_06722_,2.76µm
_07188_,2.76µm
_07350_,2.76µm
_08183_,2.76µm
_08524_,2.76µm
_09190_,2.76µm
_10137_,2.76µm
_10455_,2.76µm
_10477_,2.76µm
_10695_,2.76µm
_10765_,2.76µm
_10779_,2.76µm
_11872_,2.76µm
_11989_,2.76µm
_12286_,2.76µm
_12426_,2.76µm
_12697_,2.76µm
_12768_,2.76µm
_13194_,2.76µm
_13893_,2.76µm
_17353_,2.76µm
_17508_,2.76µm
_17648_,2.76µm
_17691_,2.76µm
_17939_,2.76µm
_18065_,2.76µm
_18391_,2.76µm
_18409_,2.76µm
_19381_,2.76µm
_19694_,2.76µm
_21901_,2.76µm
net1704,2.76µm
_12769_,2.745µm
_03093_,2.74µm
_04203_,2.74µm
_05359_,2.74µm
_05564_,2.74µm
_06764_,2.74µm
_08383_,2.74µm
_11804_,2.74µm
_15531_,2.74µm
_16172_,2.74µm
_17922_,2.74µm
_17978_,2.74µm
_18394_,2.74µm
_20322_,2.74µm
_13871_,2.725µm
_02570_,2.72µm
_02627_,2.72µm
_02935_,2.72µm
_03034_,2.72µm
_04435_,2.72µm
_04507_,2.72µm
_04520_,2.72µm
_04665_,2.72µm
_05119_,2.72µm
_05154_,2.72µm
_05994_,2.72µm
_07363_,2.72µm
_07767_,2.72µm
_07803_,2.72µm
_08050_,2.72µm
_08056_,2.72µm
_08066_,2.72µm
_08234_,2.72µm
_08325_,2.72µm
_08807_,2.72µm
_08824_,2.72µm
_10179_,2.72µm
_10180_,2.72µm
_11306_,2.72µm
_11635_,2.72µm
_11673_,2.72µm
_11731_,2.72µm
_11734_,2.72µm
_12036_,2.72µm
_12572_,2.72µm
_12726_,2.72µm
_13186_,2.72µm
_13689_,2.72µm
_14165_,2.72µm
_14872_,2.72µm
_14919_,2.72µm
_15701_,2.72µm
_16351_,2.72µm
_17281_,2.72µm
_17577_,2.72µm
_17919_,2.72µm
_19671_,2.72µm
_20834_,2.72µm
_20841_,2.72µm
_00125_,2.715µm
_00173_,2.715µm
_00351_,2.715µm
_00361_,2.715µm
_00401_,2.715µm
_00463_,2.715µm
_00813_,2.715µm
_00946_,2.715µm
_01241_,2.715µm
_01404_,2.715µm
_01775_,2.715µm
_01867_,2.715µm
_01871_,2.715µm
_01882_,2.715µm
_02061_,2.715µm
_02080_,2.715µm
_02117_,2.715µm
_02124_,2.715µm
_02128_,2.715µm
_02142_,2.715µm
_02164_,2.715µm
_02217_,2.715µm
_02267_,2.715µm
_02196_,2.705µm
_01489_,2.685µm
_13841_,2.68µm
_15970_,2.675µm
_16022_,2.675µm
_16126_,2.675µm
_16674_,2.675µm
_17016_,2.675µm
_00673_,2.665µm
_00677_,2.665µm
_00680_,2.665µm
_00697_,2.665µm
_00752_,2.665µm
_00758_,2.665µm
_00842_,2.665µm
_00939_,2.665µm
_00944_,2.665µm
_00963_,2.665µm
_01114_,2.665µm
_01342_,2.665µm
_01409_,2.665µm
_01411_,2.665µm
_01413_,2.665µm
_01527_,2.665µm
_01585_,2.66µm
_14483_,2.66µm
_17007_,2.66µm
_02737_,2.64µm
_02771_,2.64µm
_02779_,2.64µm
_02781_,2.64µm
_03236_,2.64µm
_03237_,2.64µm
_03671_,2.64µm
_03837_,2.64µm
_03965_,2.64µm
_04028_,2.64µm
_04062_,2.64µm
_04078_,2.64µm
_04415_,2.64µm
_04556_,2.64µm
_04614_,2.64µm
_05231_,2.64µm
_05734_,2.64µm
_05754_,2.64µm
_06415_,2.64µm
_06613_,2.64µm
_06896_,2.64µm
_07075_,2.64µm
_08424_,2.64µm
_08753_,2.64µm
_08885_,2.64µm
_09979_,2.64µm
_10152_,2.64µm
_10521_,2.64µm
_10558_,2.64µm
_10825_,2.64µm
_10887_,2.64µm
_10932_,2.64µm
_10936_,2.64µm
_11283_,2.64µm
_12027_,2.64µm
_12037_,2.64µm
_12625_,2.64µm
_12767_,2.64µm
_13150_,2.64µm
_13171_,2.64µm
_13435_,2.64µm
_14245_,2.64µm
_14365_,2.64µm
_14425_,2.64µm
_14447_,2.64µm
_14643_,2.64µm
_16981_,2.64µm
_17206_,2.64µm
_18097_,2.64µm
_18188_,2.64µm
_18997_,2.64µm
_19506_,2.64µm
_19709_,2.64µm
_19715_,2.64µm
_20867_,2.64µm
_21076_,2.64µm
_21121_,2.64µm
_21160_,2.64µm
_21341_,2.64µm
_21379_,2.64µm
net1106,2.64µm
net1107,2.64µm
net1153,2.64µm
net1537,2.64µm
net1712,2.64µm
_00288_,2.625µm
_15964_,2.625µm
_16175_,2.625µm
_17073_,2.625µm
_00019_,2.62µm
_02410_,2.62µm
_02438_,2.62µm
_02828_,2.62µm
_03221_,2.62µm
_03491_,2.62µm
_03903_,2.62µm
_04046_,2.62µm
_04199_,2.62µm
_04343_,2.62µm
_04361_,2.62µm
_04405_,2.62µm
_05035_,2.62µm
_05286_,2.62µm
_05409_,2.62µm
_05603_,2.62µm
_05822_,2.62µm
_06155_,2.62µm
_06647_,2.62µm
_06657_,2.62µm
_06708_,2.62µm
_06740_,2.62µm
_06768_,2.62µm
_07392_,2.62µm
_07422_,2.62µm
_07575_,2.62µm
_07634_,2.62µm
_07645_,2.62µm
_07714_,2.62µm
_07835_,2.62µm
_08327_,2.62µm
_08491_,2.62µm
_08501_,2.62µm
_08584_,2.62µm
_08890_,2.62µm
_08942_,2.62µm
_09599_,2.62µm
_09898_,2.62µm
_09924_,2.62µm
_09995_,2.62µm
_10020_,2.62µm
_10186_,2.62µm
_10391_,2.62µm
_10419_,2.62µm
_10500_,2.62µm
_10505_,2.62µm
_10626_,2.62µm
_10638_,2.62µm
_10780_,2.62µm
_10783_,2.62µm
_10897_,2.62µm
_10942_,2.62µm
_11916_,2.62µm
_11925_,2.62µm
_12377_,2.62µm
_12459_,2.62µm
_12553_,2.62µm
_12696_,2.62µm
_13349_,2.62µm
_13699_,2.62µm
_13851_,2.62µm
_14182_,2.62µm
_14224_,2.62µm
_14251_,2.62µm
_14641_,2.62µm
_14716_,2.62µm
_15254_,2.62µm
_15617_,2.62µm
_15786_,2.62µm
_15795_,2.62µm
_15920_,2.62µm
_15927_,2.62µm
_16250_,2.62µm
_16617_,2.62µm
_16733_,2.62µm
_16842_,2.62µm
_16846_,2.62µm
_17193_,2.62µm
_17321_,2.62µm
_17350_,2.62µm
_17450_,2.62µm
_17483_,2.62µm
_17498_,2.62µm
_17595_,2.62µm
_17838_,2.62µm
_18181_,2.62µm
_18236_,2.62µm
_18420_,2.62µm
_18491_,2.62µm
_19088_,2.62µm
_19112_,2.62µm
_19554_,2.62µm
_19559_,2.62µm
_19630_,2.62µm
_19657_,2.62µm
_19791_,2.62µm
_19867_,2.62µm
_20103_,2.62µm
_20256_,2.62µm
_20271_,2.62µm
_20367_,2.62µm
_20661_,2.62µm
_20983_,2.62µm
_21374_,2.62µm
_21461_,2.62µm
_21782_,2.62µm
_21805_,2.62µm
_21835_,2.62µm
_21987_,2.62µm
net866,2.62µm
systolic_arrays\[0\].systolic_array_inst.a_wire\[3\]\[9\],2.62µm
systolic_arrays\[1\].systolic_array_inst.a_wire\[1\]\[11\],2.62µm
systolic_arrays\[1\].systolic_array_inst.a_wire\[3\]\[14\],2.62µm
systolic_arrays\[1\].systolic_array_inst.a_wire\[4\]\[12\],2.62µm
systolic_arrays\[1\].systolic_array_inst.g_row\[1\].g_col\[1\].pe.r2_mantissa\[3\],2.62µm
net1531,2.62µm
net1557,2.62µm
net1699,2.62µm
_00793_,2.605µm
_01157_,2.605µm
_01488_,2.605µm
_01540_,2.605µm
_01559_,2.605µm
_01714_,2.605µm
_00080_,2.595µm
_00578_,2.595µm
_00626_,2.595µm
_00753_,2.595µm
_00811_,2.595µm
_01196_,2.595µm
_01237_,2.595µm
_01418_,2.595µm
_01483_,2.595µm
_02054_,2.595µm
_02114_,2.595µm
_02146_,2.595µm
_02286_,2.595µm
_11919_,2.595µm
_00708_,2.585µm
_00893_,2.585µm
_01079_,2.585µm
_02530_,2.585µm
_15924_,2.585µm
_12913_,2.55µm
_00235_,2.545µm
_00507_,2.545µm
_00836_,2.545µm
_01062_,2.545µm
_01089_,2.545µm
_01200_,2.545µm
_01215_,2.545µm
_01217_,2.545µm
_01351_,2.545µm
_01357_,2.545µm
_01408_,2.545µm
_01497_,2.545µm
_01521_,2.545µm
_01577_,2.545µm
net1516,2.545µm
_00501_,2.54µm
_00586_,2.54µm
_00636_,2.54µm
_00685_,2.54µm
_00707_,2.54µm
_00756_,2.54µm
_00784_,2.54µm
_00924_,2.54µm
_01175_,2.54µm
_01303_,2.54µm
_01458_,2.54µm
_02053_,2.54µm
_04656_,2.535µm
_05152_,2.535µm
_10776_,2.535µm
_12529_,2.535µm
_14430_,2.535µm
_15971_,2.535µm
_16030_,2.535µm
_16306_,2.535µm
_16323_,2.535µm
_16632_,2.535µm
_16911_,2.535µm
_16982_,2.535µm
_17272_,2.535µm
_17347_,2.535µm
_19691_,2.535µm
_21082_,2.535µm
_00211_,2.52µm
_00319_,2.52µm
_01330_,2.52µm
_01887_,2.52µm
_02038_,2.52µm
_02046_,2.52µm
_02558_,2.52µm
_03055_,2.52µm
_03819_,2.52µm
_04413_,2.52µm
_04558_,2.52µm
_04810_,2.52µm
_05744_,2.52µm
_05755_,2.52µm
_05756_,2.52µm
_06757_,2.52µm
_06922_,2.52µm
_07920_,2.52µm
_08072_,2.52µm
_08074_,2.52µm
_08079_,2.52µm
_08085_,2.52µm
_09203_,2.52µm
_10305_,2.52µm
_10535_,2.52µm
_10658_,2.52µm
_11003_,2.52µm
_11461_,2.52µm
_11968_,2.52µm
_13430_,2.52µm
_13595_,2.52µm
_14226_,2.52µm
_14233_,2.52µm
_14291_,2.52µm
_14432_,2.52µm
_14648_,2.52µm
_14672_,2.52µm
_14686_,2.52µm
_15364_,2.52µm
_15808_,2.52µm
_15810_,2.52µm
_15813_,2.52µm
_15817_,2.52µm
_16048_,2.52µm
_16257_,2.52µm
_16487_,2.52µm
_16594_,2.52µm
_17957_,2.52µm
_18052_,2.52µm
_19682_,2.52µm
_19760_,2.52µm
_20180_,2.52µm
_20447_,2.52µm
_21052_,2.52µm
_21516_,2.52µm
_21613_,2.52µm
systolic_arrays\[0\].systolic_array_inst.a_wire\[3\]\[0\],2.52µm
systolic_arrays\[1\].systolic_array_inst.a_wire\[1\]\[4\],2.52µm
systolic_arrays\[1\].systolic_array_inst.a_wire\[3\]\[7\],2.52µm
net1576,2.52µm
_15749_,2.51µm
_16898_,2.505µm
_00024_,2.5µm
_00038_,2.5µm
_00057_,2.5µm
_02490_,2.5µm
_02523_,2.5µm
_02664_,2.5µm
_02886_,2.5µm
_02904_,2.5µm
_02947_,2.5µm
_03146_,2.5µm
_03231_,2.5µm
_03369_,2.5µm
_03397_,2.5µm
_03403_,2.5µm
_03434_,2.5µm
_03454_,2.5µm
_03458_,2.5µm
_03578_,2.5µm
_03742_,2.5µm
_03918_,2.5µm
_03999_,2.5µm
_04048_,2.5µm
_04227_,2.5µm
_04265_,2.5µm
_04288_,2.5µm
_04332_,2.5µm
_04552_,2.5µm
_04568_,2.5µm
_04579_,2.5µm
_04620_,2.5µm
_04640_,2.5µm
_04766_,2.5µm
_04772_,2.5µm
_04826_,2.5µm
_04856_,2.5µm
_05028_,2.5µm
_05033_,2.5µm
_05174_,2.5µm
_05215_,2.5µm
_05424_,2.5µm
_05494_,2.5µm
_05750_,2.5µm
_05751_,2.5µm
_05761_,2.5µm
_05815_,2.5µm
_06154_,2.5µm
_06482_,2.5µm
_06507_,2.5µm
_06813_,2.5µm
_06889_,2.5µm
_06910_,2.5µm
_06920_,2.5µm
_06932_,2.5µm
_06968_,2.5µm
_07365_,2.5µm
_07372_,2.5µm
_07423_,2.5µm
_07524_,2.5µm
_07754_,2.5µm
_07765_,2.5µm
_07830_,2.5µm
_07868_,2.5µm
_07944_,2.5µm
_08057_,2.5µm
_08069_,2.5µm
_08073_,2.5µm
_08108_,2.5µm
_08211_,2.5µm
_08463_,2.5µm
_08571_,2.5µm
_08632_,2.5µm
_08648_,2.5µm
_08669_,2.5µm
_08744_,2.5µm
_08779_,2.5µm
_08819_,2.5µm
_08845_,2.5µm
_08856_,2.5µm
_09012_,2.5µm
_09207_,2.5µm
_09345_,2.5µm
_09447_,2.5µm
_09460_,2.5µm
_09556_,2.5µm
_09613_,2.5µm
_09726_,2.5µm
_09762_,2.5µm
_09766_,2.5µm
_09773_,2.5µm
_09945_,2.5µm
_09955_,2.5µm
_10022_,2.5µm
_10065_,2.5µm
_10105_,2.5µm
_10234_,2.5µm
_10284_,2.5µm
_10393_,2.5µm
_10506_,2.5µm
_10514_,2.5µm
_10759_,2.5µm
_10907_,2.5µm
_11065_,2.5µm
_11076_,2.5µm
_11159_,2.5µm
_11346_,2.5µm
_11429_,2.5µm
_11432_,2.5µm
_11489_,2.5µm
_11517_,2.5µm
_11876_,2.5µm
_11889_,2.5µm
_12005_,2.5µm
_12212_,2.5µm
_12306_,2.5µm
_12352_,2.5µm
_12493_,2.5µm
_12494_,2.5µm
_12549_,2.5µm
_12570_,2.5µm
_12603_,2.5µm
_12656_,2.5µm
_12695_,2.5µm
_12732_,2.5µm
_12826_,2.5µm
_13164_,2.5µm
_13335_,2.5µm
_13424_,2.5µm
_13446_,2.5µm
_13467_,2.5µm
_13588_,2.5µm
_13892_,2.5µm
_14202_,2.5µm
_14220_,2.5µm
_14284_,2.5µm
_14367_,2.5µm
_14384_,2.5µm
_14434_,2.5µm
_14456_,2.5µm
_14622_,2.5µm
_14684_,2.5µm
_15045_,2.5µm
_15148_,2.5µm
_15154_,2.5µm
_15187_,2.5µm
_15687_,2.5µm
_15781_,2.5µm
_15797_,2.5µm
_15853_,2.5µm
_15871_,2.5µm
_16056_,2.5µm
_16070_,2.5µm
_16081_,2.5µm
_16182_,2.5µm
_16227_,2.5µm
_16253_,2.5µm
_16268_,2.5µm
_16396_,2.5µm
_16461_,2.5µm
_16630_,2.5µm
_16678_,2.5µm
_16696_,2.5µm
_16726_,2.5µm
_16796_,2.5µm
_16826_,2.5µm
_16905_,2.5µm
_16936_,2.5µm
_16940_,2.5µm
_16983_,2.5µm
_16984_,2.5µm
_17056_,2.5µm
_17144_,2.5µm
_17184_,2.5µm
_17269_,2.5µm
_17333_,2.5µm
_17369_,2.5µm
_17510_,2.5µm
_17515_,2.5µm
_17620_,2.5µm
_17746_,2.5µm
_17758_,2.5µm
_17874_,2.5µm
_18050_,2.5µm
_18062_,2.5µm
_18208_,2.5µm
_18303_,2.5µm
_18402_,2.5µm
_18447_,2.5µm
_18515_,2.5µm
_18551_,2.5µm
_18571_,2.5µm
_18580_,2.5µm
_18622_,2.5µm
_18660_,2.5µm
_18779_,2.5µm
_18897_,2.5µm
_19102_,2.5µm
_19174_,2.5µm
_19216_,2.5µm
_19265_,2.5µm
_19365_,2.5µm
_19515_,2.5µm
_19605_,2.5µm
_19610_,2.5µm
_19703_,2.5µm
_19713_,2.5µm
_19728_,2.5µm
_19735_,2.5µm
_20081_,2.5µm
_20082_,2.5µm
_20096_,2.5µm
_20249_,2.5µm
_20261_,2.5µm
_20349_,2.5µm
_20468_,2.5µm
_20492_,2.5µm
_20529_,2.5µm
_20540_,2.5µm
_20683_,2.5µm
_20735_,2.5µm
_20844_,2.5µm
_20862_,2.5µm
_20969_,2.5µm
_21037_,2.5µm
_21371_,2.5µm
_21551_,2.5µm
_21555_,2.5µm
_21615_,2.5µm
_21900_,2.5µm
_22011_,2.5µm
_22017_,2.5µm
_22067_,2.5µm
net421,2.5µm
net375,2.5µm
net369,2.5µm
net367,2.5µm
net1185,2.5µm
systolic_arrays\[0\].systolic_array_inst.a_wire\[3\]\[12\],2.5µm
systolic_arrays\[0\].systolic_array_inst.g_row\[0\].g_col\[1\].pe.r2_mantissa\[3\],2.5µm
systolic_arrays\[1\].systolic_array_inst.a_wire\[3\]\[5\],2.5µm
systolic_arrays\[1\].systolic_array_inst.g_row\[1\].g_col\[0\].pe.r2_mantissa\[1\],2.5µm
net1536,2.5µm
net1663,2.5µm
net1667,2.5µm
_00721_,2.495µm
_01146_,2.485µm
_01552_,2.485µm
_19974_,2.485µm
_01467_,2.465µm
_13166_,2.465µm
_15879_,2.46µm
_00322_,2.455µm
_02305_,2.45µm
_02344_,2.45µm
_02375_,2.45µm
_02383_,2.45µm
_02538_,2.45µm
_02773_,2.45µm
_03505_,2.45µm
_03555_,2.45µm
_03808_,2.45µm
_03826_,2.45µm
_03919_,2.45µm
_03960_,2.45µm
_04111_,2.45µm
_04197_,2.45µm
_04645_,2.45µm
_04878_,2.45µm
_04992_,2.45µm
_05041_,2.45µm
_05048_,2.45µm
_05145_,2.45µm
_05819_,2.45µm
_05972_,2.45µm
_06008_,2.45µm
_06157_,2.45µm
_06422_,2.45µm
_06512_,2.45µm
_07018_,2.45µm
_07136_,2.45µm
_07246_,2.45µm
_07319_,2.45µm
_07433_,2.45µm
_07578_,2.45µm
_08276_,2.45µm
_08707_,2.45µm
_09091_,2.45µm
_09422_,2.45µm
_10035_,2.45µm
_10938_,2.45µm
_10979_,2.45µm
_11240_,2.45µm
_11290_,2.45µm
_11340_,2.45µm
_12885_,2.45µm
_12927_,2.45µm
_13205_,2.45µm
_13236_,2.45µm
_14515_,2.45µm
_14702_,2.45µm
_14800_,2.45µm
_14812_,2.45µm
_14844_,2.45µm
_14924_,2.45µm
_15141_,2.45µm
_15181_,2.45µm
_15225_,2.45µm
_15259_,2.45µm
_15320_,2.45µm
_15376_,2.45µm
_18792_,2.45µm
_19076_,2.45µm
_19225_,2.45µm
_19999_,2.45µm
_20095_,2.45µm
_20253_,2.45µm
_20266_,2.45µm
_20369_,2.45µm
_21253_,2.45µm
_22085_,2.45µm
_16706_,2.435µm
_03967_,2.43µm
_05929_,2.43µm
_07100_,2.43µm
_14893_,2.43µm
_18638_,2.43µm
_20247_,2.43µm
_00601_,2.425µm
_00612_,2.425µm
_00710_,2.425µm
_00770_,2.425µm
_00917_,2.425µm
_01150_,2.425µm
_01183_,2.425µm
_01561_,2.425µm
_01564_,2.425µm
_10285_,2.425µm
_16065_,2.425µm
_16168_,2.425µm
_00761_,2.42µm
_00115_,2.41µm
_04557_,2.41µm
_13838_,2.41µm
_12016_,2.4µm
_12439_,2.4µm
_17089_,2.4µm
_17284_,2.4µm
_18390_,2.4µm
_00189_,2.395µm
_00061_,2.38µm
_02408_,2.38µm
_02689_,2.38µm
_02716_,2.38µm
_03076_,2.38µm
_03384_,2.38µm
_03442_,2.38µm
_03984_,2.38µm
_04000_,2.38µm
_04053_,2.38µm
_04069_,2.38µm
_04253_,2.38µm
_04784_,2.38µm
_05724_,2.38µm
_06156_,2.38µm
_06470_,2.38µm
_06756_,2.38µm
_06935_,2.38µm
_06975_,2.38µm
_07013_,2.38µm
_07569_,2.38µm
_07583_,2.38µm
_07587_,2.38µm
_07858_,2.38µm
_08316_,2.38µm
_08446_,2.38µm
_08601_,2.38µm
_08877_,2.38µm
_08913_,2.38µm
_08990_,2.38µm
_09188_,2.38µm
_09444_,2.38µm
_09622_,2.38µm
_09729_,2.38µm
_09809_,2.38µm
_10316_,2.38µm
_10471_,2.38µm
_10502_,2.38µm
_10570_,2.38µm
_11555_,2.38µm
_11719_,2.38µm
_12776_,2.38µm
_13149_,2.38µm
_14115_,2.38µm
_14438_,2.38µm
_14742_,2.38µm
_15037_,2.38µm
_15097_,2.38µm
_15112_,2.38µm
_15521_,2.38µm
_15522_,2.38µm
_15569_,2.38µm
_17185_,2.38µm
_17528_,2.38µm
_17834_,2.38µm
_17843_,2.38µm
_17899_,2.38µm
_18059_,2.38µm
_18075_,2.38µm
_18133_,2.38µm
_18178_,2.38µm
_18471_,2.38µm
_19024_,2.38µm
_19356_,2.38µm
_19522_,2.38µm
_19662_,2.38µm
_19680_,2.38µm
_20168_,2.38µm
_20319_,2.38µm
_20654_,2.38µm
_20707_,2.38µm
_20843_,2.38µm
_20873_,2.38µm
_20876_,2.38µm
_21319_,2.38µm
_22029_,2.38µm
_22044_,2.38µm
net1666,2.38µm
_00632_,2.375µm
_00788_,2.375µm
_00789_,2.375µm
_00841_,2.375µm
_00859_,2.375µm
_00883_,2.375µm
_00980_,2.375µm
_01067_,2.375µm
_01236_,2.375µm
_01335_,2.375µm
_01501_,2.375µm
_01502_,2.375µm
_01506_,2.375µm
_01528_,2.375µm
_01582_,2.375µm
_01590_,2.375µm
_06631_,2.375µm
_11380_,2.375µm
_20590_,2.37µm
_06319_,2.365µm
_11034_,2.365µm
_00087_,2.34µm
_00180_,2.34µm
_02074_,2.34µm
_02082_,2.34µm
_02133_,2.34µm
_00009_,2.325µm
_00646_,2.325µm
_01198_,2.325µm
_01230_,2.325µm
_01736_,2.325µm
_10281_,2.32µm
_10815_,2.315µm
_02489_,2.3µm
_03014_,2.3µm
_03497_,2.3µm
_03602_,2.3µm
_06140_,2.3µm
_06572_,2.3µm
_06606_,2.3µm
_06891_,2.3µm
_07414_,2.3µm
_08039_,2.3µm
_08305_,2.3µm
_08530_,2.3µm
_08837_,2.3µm
_09852_,2.3µm
_09934_,2.3µm
_09936_,2.3µm
_09960_,2.3µm
_10298_,2.3µm
_10548_,2.3µm
_11751_,2.3µm
_12228_,2.3µm
_12399_,2.3µm
_12407_,2.3µm
_12492_,2.3µm
_12688_,2.3µm
_12691_,2.3µm
_12791_,2.3µm
_12838_,2.3µm
_13388_,2.3µm
_13421_,2.3µm
_13654_,2.3µm
_14204_,2.3µm
_14428_,2.3µm
_14585_,2.3µm
_15026_,2.3µm
_15036_,2.3µm
_15173_,2.3µm
_15423_,2.3µm
_15768_,2.3µm
_15791_,2.3µm
_16103_,2.3µm
_17375_,2.3µm
_17804_,2.3µm
_17872_,2.3µm
_18228_,2.3µm
_18272_,2.3µm
_18319_,2.3µm
_18460_,2.3µm
_18883_,2.3µm
_19074_,2.3µm
_19328_,2.3µm
_20603_,2.3µm
_20909_,2.3µm
_22087_,2.3µm
net1546,2.3µm
net1554,2.3µm
net1612,2.3µm
net1632,2.3µm
net1646,2.3µm
net1651,2.3µm
net1681,2.3µm
net1695,2.3µm
net1709,2.3µm
_04148_,2.28µm
_05595_,2.28µm
_09901_,2.28µm
_13146_,2.28µm
_15250_,2.28µm
_15929_,2.28µm
_17388_,2.28µm
_20398_,2.28µm
_20696_,2.28µm
_21391_,2.28µm
net1109,2.28µm
net,2.28µm
net1542,2.28µm
_17132_,2.265µm
_06886_,2.26µm
_00215_,2.255µm
_00360_,2.255µm
_00534_,2.255µm
_00844_,2.255µm
_01191_,2.255µm
_01309_,2.255µm
_01345_,2.255µm
_01817_,2.255µm
_01863_,2.255µm
_02083_,2.255µm
_04192_,2.255µm
_04871_,2.255µm
_07724_,2.255µm
_09369_,2.255µm
_17819_,2.255µm
_02098_,2.24µm
_08639_,2.235µm
_00643_,2.225µm
_14122_,2.22µm
_05718_,2.215µm
_15942_,2.215µm
_19817_,2.215µm
_00657_,2.205µm
_00687_,2.205µm
_00696_,2.205µm
_00829_,2.205µm
_00974_,2.205µm
_01023_,2.205µm
_01025_,2.205µm
_01037_,2.205µm
_01041_,2.205µm
_01265_,2.205µm
_01699_,2.205µm
_01743_,2.205µm
_01310_,2.2µm
_01377_,2.2µm
_01779_,2.2µm
_08461_,2.2µm
_10772_,2.2µm
_16029_,2.2µm
_16296_,2.2µm
_16818_,2.2µm
_21616_,2.2µm
_02395_,2.18µm
_02414_,2.18µm
_02578_,2.18µm
_02786_,2.18µm
_02831_,2.18µm
_02978_,2.18µm
_03097_,2.18µm
_03132_,2.18µm
_03378_,2.18µm
_03441_,2.18µm
_03799_,2.18µm
_03915_,2.18µm
_03977_,2.18µm
_04164_,2.18µm
_04206_,2.18µm
_04274_,2.18µm
_04303_,2.18µm
_04335_,2.18µm
_04362_,2.18µm
_04554_,2.18µm
_04611_,2.18µm
_04938_,2.18µm
_04951_,2.18µm
_05013_,2.18µm
_05065_,2.18µm
_05114_,2.18µm
_05250_,2.18µm
_05311_,2.18µm
_05353_,2.18µm
_05458_,2.18µm
_05504_,2.18µm
_05516_,2.18µm
_05551_,2.18µm
_05737_,2.18µm
_05980_,2.18µm
_06264_,2.18µm
_06280_,2.18µm
_06312_,2.18µm
_06366_,2.18µm
_06433_,2.18µm
_06463_,2.18µm
_06563_,2.18µm
_06601_,2.18µm
_06992_,2.18µm
_07035_,2.18µm
_07379_,2.18µm
_07441_,2.18µm
_07487_,2.18µm
_07792_,2.18µm
_07827_,2.18µm
_08440_,2.18µm
_08598_,2.18µm
_09055_,2.18µm
_09215_,2.18µm
_09372_,2.18µm
_09434_,2.18µm
_09518_,2.18µm
_09625_,2.18µm
_09656_,2.18µm
_09795_,2.18µm
_09902_,2.18µm
_10564_,2.18µm
_10567_,2.18µm
_10710_,2.18µm
_10761_,2.18µm
_10837_,2.18µm
_10861_,2.18µm
_10869_,2.18µm
_10888_,2.18µm
_11144_,2.18µm
_11336_,2.18µm
_12077_,2.18µm
_12528_,2.18µm
_12535_,2.18µm
_12568_,2.18µm
_12595_,2.18µm
_12779_,2.18µm
_12818_,2.18µm
_12909_,2.18µm
_12967_,2.18µm
_13009_,2.18µm
_13013_,2.18µm
_13037_,2.18µm
_13096_,2.18µm
_13219_,2.18µm
_13229_,2.18µm
_13277_,2.18µm
_13309_,2.18µm
_13347_,2.18µm
_13358_,2.18µm
_13396_,2.18µm
_13401_,2.18µm
_13505_,2.18µm
_13516_,2.18µm
_14181_,2.18µm
_14606_,2.18µm
_14728_,2.18µm
_14735_,2.18µm
_14849_,2.18µm
_14887_,2.18µm
_15041_,2.18µm
_15048_,2.18µm
_15072_,2.18µm
_15213_,2.18µm
_15264_,2.18µm
_15266_,2.18µm
_15316_,2.18µm
_15372_,2.18µm
_15411_,2.18µm
_15413_,2.18µm
_15560_,2.18µm
_15562_,2.18µm
_16006_,2.18µm
_16034_,2.18µm
_17211_,2.18µm
_17243_,2.18µm
_17251_,2.18µm
_17367_,2.18µm
_18337_,2.18µm
_18415_,2.18µm
_18649_,2.18µm
_18963_,2.18µm
_19134_,2.18µm
_19139_,2.18µm
_19151_,2.18µm
_19242_,2.18µm
_19273_,2.18µm
_19282_,2.18µm
_19325_,2.18µm
_19357_,2.18µm
_19396_,2.18µm
_19518_,2.18µm
_19658_,2.18µm
_19667_,2.18µm
_19672_,2.18µm
_19678_,2.18µm
_19819_,2.18µm
_19932_,2.18µm
_20211_,2.18µm
_20227_,2.18µm
_20259_,2.18µm
_20278_,2.18µm
_20328_,2.18µm
_20362_,2.18µm
_20380_,2.18µm
_20426_,2.18µm
_20918_,2.18µm
_20998_,2.18µm
_21005_,2.18µm
_21012_,2.18µm
_21129_,2.18µm
_21266_,2.18µm
_21368_,2.18µm
_21472_,2.18µm
_21479_,2.18µm
_21484_,2.18µm
_21524_,2.18µm
_21526_,2.18µm
_21531_,2.18µm
_21542_,2.18µm
_21571_,2.18µm
_21576_,2.18µm
_21631_,2.18µm
_21702_,2.18µm
_21710_,2.18µm
_21775_,2.18µm
_22070_,2.18µm
net1594,2.18µm
_21477_,2.175µm
_00114_,2.17µm
_00022_,2.16µm
_00036_,2.16µm
_02356_,2.16µm
_02367_,2.16µm
_02417_,2.16µm
_02444_,2.16µm
_02483_,2.16µm
_02590_,2.16µm
_02719_,2.16µm
_02988_,2.16µm
_03015_,2.16µm
_03038_,2.16µm
_03067_,2.16µm
_03251_,2.16µm
_03258_,2.16µm
_03269_,2.16µm
_03368_,2.16µm
_03567_,2.16µm
_03748_,2.16µm
_03893_,2.16µm
_03902_,2.16µm
_04012_,2.16µm
_04419_,2.16µm
_04477_,2.16µm
_04768_,2.16µm
_04858_,2.16µm
_04860_,2.16µm
_05088_,2.16µm
_05223_,2.16µm
_05428_,2.16µm
_05487_,2.16µm
_05556_,2.16µm
_05618_,2.16µm
_05619_,2.16µm
_05620_,2.16µm
_05622_,2.16µm
_05840_,2.16µm
_06043_,2.16µm
_06363_,2.16µm
_06575_,2.16µm
_06674_,2.16µm
_06769_,2.16µm
_06789_,2.16µm
_06790_,2.16µm
_06795_,2.16µm
_06906_,2.16µm
_06941_,2.16µm
_07009_,2.16µm
_07155_,2.16µm
_07439_,2.16µm
_07617_,2.16µm
_07682_,2.16µm
_07710_,2.16µm
_07729_,2.16µm
_07736_,2.16µm
_07748_,2.16µm
_07778_,2.16µm
_07919_,2.16µm
_07930_,2.16µm
_07931_,2.16µm
_07949_,2.16µm
_08153_,2.16µm
_08190_,2.16µm
_08312_,2.16µm
_08467_,2.16µm
_08495_,2.16µm
_08560_,2.16µm
_08574_,2.16µm
_08697_,2.16µm
_08730_,2.16µm
_09420_,2.16µm
_09713_,2.16µm
_09932_,2.16µm
_09942_,2.16µm
_10032_,2.16µm
_10101_,2.16µm
_10313_,2.16µm
_10576_,2.16µm
_10673_,2.16µm
_10707_,2.16µm
_10718_,2.16µm
_10777_,2.16µm
_10941_,2.16µm
_10949_,2.16µm
_11013_,2.16µm
_11022_,2.16µm
_11025_,2.16µm
_11048_,2.16µm
_11085_,2.16µm
_11154_,2.16µm
_11183_,2.16µm
_11188_,2.16µm
_11502_,2.16µm
_11655_,2.16µm
_11685_,2.16µm
_11975_,2.16µm
_12046_,2.16µm
_12093_,2.16µm
_12113_,2.16µm
_12126_,2.16µm
_12309_,2.16µm
_12334_,2.16µm
_12408_,2.16µm
_12482_,2.16µm
_12919_,2.16µm
_13011_,2.16µm
_13042_,2.16µm
_13153_,2.16µm
_13162_,2.16µm
_13214_,2.16µm
_13394_,2.16µm
_13410_,2.16µm
_13525_,2.16µm
_13648_,2.16µm
_13649_,2.16µm
_13872_,2.16µm
_13929_,2.16µm
_13998_,2.16µm
_14044_,2.16µm
_14120_,2.16µm
_14199_,2.16µm
_14208_,2.16µm
_14275_,2.16µm
_14373_,2.16µm
_14619_,2.16µm
_14661_,2.16µm
_14675_,2.16µm
_14819_,2.16µm
_15024_,2.16µm
_15028_,2.16µm
_15279_,2.16µm
_15520_,2.16µm
_15556_,2.16µm
_15582_,2.16µm
_15600_,2.16µm
_15721_,2.16µm
_15828_,2.16µm
_15966_,2.16µm
_16304_,2.16µm
_16441_,2.16µm
_16445_,2.16µm
_16533_,2.16µm
_16692_,2.16µm
_16799_,2.16µm
_16824_,2.16µm
_16863_,2.16µm
_16960_,2.16µm
_17271_,2.16µm
_17469_,2.16µm
_17542_,2.16µm
_17584_,2.16µm
_17727_,2.16µm
_17847_,2.16µm
_17901_,2.16µm
_18210_,2.16µm
_18278_,2.16µm
_18407_,2.16µm
_18499_,2.16µm
_18543_,2.16µm
_19089_,2.16µm
_19203_,2.16µm
_19557_,2.16µm
_19679_,2.16µm
_19685_,2.16µm
_20143_,2.16µm
_20209_,2.16µm
_20520_,2.16µm
_20532_,2.16µm
_20576_,2.16µm
_20581_,2.16µm
_20711_,2.16µm
_20728_,2.16µm
_20949_,2.16µm
_20964_,2.16µm
_20994_,2.16µm
_21133_,2.16µm
_21168_,2.16µm
_21236_,2.16µm
_21250_,2.16µm
_21318_,2.16µm
_21495_,2.16µm
_21499_,2.16µm
_21547_,2.16µm
_21658_,2.16µm
_21719_,2.16µm
_21722_,2.16µm
_21779_,2.16µm
_21843_,2.16µm
_21869_,2.16µm
_21909_,2.16µm
_22026_,2.16µm
_22027_,2.16µm
_22100_,2.16µm
net1303,2.16µm
net365,2.16µm
pipe_rd_data\[3\]\[15\],2.16µm
systolic_arrays\[0\].systolic_array_inst.a_wire\[3\]\[13\],2.16µm
systolic_arrays\[0\].systolic_array_inst.a_wire\[4\]\[1\],2.16µm
systolic_arrays\[0\].systolic_array_inst.a_wire\[4\]\[2\],2.16µm
systolic_arrays\[0\].systolic_array_inst.g_row\[0\].g_col\[0\].pe.r2_mantissa\[3\],2.16µm
systolic_arrays\[0\].systolic_array_inst.g_row\[0\].g_col\[1\].pe.r2_mantissa\[1\],2.16µm
systolic_arrays\[1\].systolic_array_inst.a_wire\[1\]\[0\],2.16µm
systolic_arrays\[1\].systolic_array_inst.a_wire\[3\]\[13\],2.16µm
systolic_arrays\[1\].systolic_array_inst.a_wire\[3\]\[9\],2.16µm
net1545,2.16µm
net1639,2.16µm
net1658,2.16µm
net1676,2.16µm
net1683,2.16µm
_09949_,2.155µm
_11892_,2.155µm
_11915_,2.155µm
_13876_,2.155µm
_16169_,2.155µm
_17043_,2.155µm
_17215_,2.155µm
_00018_,2.145µm
_00598_,2.145µm
_00647_,2.145µm
_00650_,2.145µm
_00799_,2.145µm
_00827_,2.145µm
_00879_,2.145µm
_01034_,2.145µm
_01066_,2.145µm
_01082_,2.145µm
_01129_,2.145µm
_01153_,2.145µm
_01201_,2.145µm
_01206_,2.145µm
_01214_,2.145µm
_01232_,2.145µm
_01307_,2.145µm
_01320_,2.145µm
_01359_,2.145µm
_01412_,2.145µm
_01531_,2.145µm
_01538_,2.145µm
_01558_,2.145µm
_01591_,2.145µm
_01601_,2.145µm
_01809_,2.145µm
_04999_,2.145µm
_13259_,2.145µm
_21152_,2.145µm
_00638_,2.125µm
_00651_,2.125µm
_00866_,2.125µm
_00889_,2.125µm
_00913_,2.125µm
_01010_,2.125µm
_01145_,2.125µm
_01246_,2.125µm
_01248_,2.125µm
_01305_,2.125µm
_01453_,2.125µm
_01454_,2.125µm
_01478_,2.125µm
_01507_,2.125µm
_01512_,2.125µm
_01534_,2.125µm
_06072_,2.125µm
_06356_,2.125µm
_02187_,2.115µm
_12047_,2.11µm
_18376_,2.11µm
_15776_,2.09µm
_00368_,2.085µm
_01154_,2.085µm
_01234_,2.085µm
_01420_,2.085µm
_01456_,2.085µm
_01491_,2.085µm
_01605_,2.085µm
_01748_,2.085µm
_02136_,2.085µm
_11982_,2.085µm
_13835_,2.085µm
_14207_,2.085µm
_15780_,2.085µm
_00581_,2.08µm
_00593_,2.08µm
_00720_,2.08µm
_00938_,2.08µm
_00995_,2.08µm
_01027_,2.08µm
_01068_,2.08µm
_01189_,2.08µm
_01317_,2.08µm
_01427_,2.08µm
_01519_,2.08µm
_01547_,2.08µm
_01703_,2.08µm
_01715_,2.08µm
_01892_,2.08µm
_00147_,2.075µm
_16146_,2.07µm
_00023_,2.06µm
_00027_,2.06µm
_00076_,2.06µm
_00079_,2.06µm
_00118_,2.06µm
_00149_,2.06µm
_00191_,2.06µm
_00227_,2.06µm
_00240_,2.06µm
_00243_,2.06µm
_00303_,2.06µm
_00307_,2.06µm
_00309_,2.06µm
_00321_,2.06µm
_00455_,2.06µm
_01857_,2.06µm
_01917_,2.06µm
_01964_,2.06µm
_01996_,2.06µm
_02021_,2.06µm
_02109_,2.06µm
_02131_,2.06µm
_02148_,2.06µm
_02183_,2.06µm
_02202_,2.06µm
_02228_,2.06µm
_02233_,2.06µm
_02242_,2.06µm
_03029_,2.06µm
_03386_,2.06µm
_04605_,2.06µm
_05191_,2.06µm
_05240_,2.06µm
_06913_,2.06µm
_08217_,2.06µm
_08778_,2.06µm
_09489_,2.06µm
_09884_,2.06µm
_09994_,2.06µm
_10768_,2.06µm
_11452_,2.06µm
_13360_,2.06µm
_14242_,2.06µm
_14485_,2.06µm
_14541_,2.06µm
_15550_,2.06µm
_15903_,2.06µm
_15939_,2.06µm
_16031_,2.06µm
_16432_,2.06µm
_16563_,2.06µm
_16624_,2.06µm
_16728_,2.06µm
_17082_,2.06µm
_17157_,2.06µm
_17319_,2.06µm
_17361_,2.06µm
_17385_,2.06µm
_18408_,2.06µm
_18468_,2.06µm
_18541_,2.06µm
_19399_,2.06µm
_19753_,2.06µm
_21346_,2.06µm
_21698_,2.06µm
_21701_,2.06µm
net399,2.06µm
net381,2.06µm
net423,2.06µm
net1308,2.06µm
net1348,2.06µm
net1353,2.06µm
net1360,2.06µm
net362,2.06µm
net883,2.06µm
pipe_alu_arithmetic_mux\[0\],2.06µm
scheduler_instance.branch_diverge_inst.next_pc\[0\],2.06µm
systolic_arrays\[0\].systolic_array_inst.a_wire\[3\]\[1\],2.06µm
systolic_arrays\[0\].systolic_array_inst.a_wire\[4\]\[14\],2.06µm
systolic_arrays\[0\].systolic_array_inst.a_wire\[4\]\[7\],2.06µm
systolic_arrays\[1\].systolic_array_inst.a_wire\[3\]\[6\],2.06µm
systolic_arrays\[1\].systolic_array_inst.a_wire\[4\]\[0\],2.06µm
systolic_arrays\[1\].systolic_array_inst.a_wire\[4\]\[2\],2.06µm
systolic_arrays\[1\].systolic_array_inst.a_wire\[4\]\[3\],2.06µm
systolic_arrays\[1\].systolic_array_inst.g_row\[0\].g_col\[0\].pe.r2_mantissa\[7\],2.06µm
_00021_,2.04µm
_00063_,2.04µm
_02502_,2.04µm
_02619_,2.04µm
_03111_,2.04µm
_03207_,2.04µm
_03227_,2.04µm
_03257_,2.04µm
_03259_,2.04µm
_03407_,2.04µm
_03410_,2.04µm
_03428_,2.04µm
_03444_,2.04µm
_03515_,2.04µm
_03603_,2.04µm
_03664_,2.04µm
_03717_,2.04µm
_03751_,2.04µm
_04002_,2.04µm
_04236_,2.04µm
_04388_,2.04µm
_04433_,2.04µm
_04555_,2.04µm
_04570_,2.04µm
_04581_,2.04µm
_04593_,2.04µm
_04613_,2.04µm
_04627_,2.04µm
_04678_,2.04µm
_04708_,2.04µm
_04827_,2.04µm
_04898_,2.04µm
_05093_,2.04µm
_05279_,2.04µm
_05571_,2.04µm
_05581_,2.04µm
_05584_,2.04µm
_05597_,2.04µm
_05598_,2.04µm
_05600_,2.04µm
_05614_,2.04µm
_05616_,2.04µm
_05621_,2.04µm
_05709_,2.04µm
_05818_,2.04µm
_06098_,2.04µm
_06106_,2.04µm
_06129_,2.04µm
_06269_,2.04µm
_06304_,2.04µm
_06314_,2.04µm
_06371_,2.04µm
_06593_,2.04µm
_06781_,2.04µm
_06885_,2.04µm
_06924_,2.04µm
_06948_,2.04µm
_06953_,2.04µm
_07026_,2.04µm
_07027_,2.04µm
_07171_,2.04µm
_07184_,2.04µm
_07207_,2.04µm
_07213_,2.04µm
_07224_,2.04µm
_07232_,2.04µm
_07279_,2.04µm
_07287_,2.04µm
_07291_,2.04µm
_07430_,2.04µm
_07474_,2.04µm
_07529_,2.04µm
_07550_,2.04µm
_07623_,2.04µm
_07629_,2.04µm
_07733_,2.04µm
_07753_,2.04µm
_07762_,2.04µm
_07877_,2.04µm
_07903_,2.04µm
_07951_,2.04µm
_08058_,2.04µm
_08065_,2.04µm
_08146_,2.04µm
_08188_,2.04µm
_08346_,2.04µm
_08348_,2.04µm
_08452_,2.04µm
_08745_,2.04µm
_08847_,2.04µm
_08869_,2.04µm
_09053_,2.04µm
_09224_,2.04µm
_09314_,2.04µm
_09323_,2.04µm
_09415_,2.04µm
_09647_,2.04µm
_09693_,2.04µm
_09714_,2.04µm
_09752_,2.04µm
_09950_,2.04µm
_10071_,2.04µm
_10108_,2.04µm
_10119_,2.04µm
_10287_,2.04µm
_10355_,2.04µm
_10430_,2.04µm
_10657_,2.04µm
_10770_,2.04µm
_11089_,2.04µm
_11098_,2.04µm
_11151_,2.04µm
_11199_,2.04µm
_11233_,2.04µm
_11391_,2.04µm
_11455_,2.04µm
_11464_,2.04µm
_11494_,2.04µm
_11539_,2.04µm
_11715_,2.04µm
_11737_,2.04µm
_11845_,2.04µm
_12111_,2.04µm
_12138_,2.04µm
_12303_,2.04µm
_12359_,2.04µm
_12582_,2.04µm
_12584_,2.04µm
_12661_,2.04µm
_12669_,2.04µm
_12715_,2.04µm
_12892_,2.04µm
_12955_,2.04µm
_12961_,2.04µm
_12963_,2.04µm
_13040_,2.04µm
_13307_,2.04µm
_13471_,2.04µm
_13574_,2.04µm
_13612_,2.04µm
_13614_,2.04µm
_13663_,2.04µm
_13708_,2.04µm
_13727_,2.04µm
_13756_,2.04µm
_13768_,2.04µm
_13860_,2.04µm
_13925_,2.04µm
_13963_,2.04µm
_13981_,2.04µm
_13984_,2.04µm
_13986_,2.04µm
_13991_,2.04µm
_14009_,2.04µm
_14189_,2.04µm
_14234_,2.04µm
_14289_,2.04µm
_14465_,2.04µm
_14597_,2.04µm
_14743_,2.04µm
_14750_,2.04µm
_14855_,2.04µm
_14880_,2.04µm
_14959_,2.04µm
_14991_,2.04µm
_15070_,2.04µm
_15079_,2.04µm
_15113_,2.04µm
_15437_,2.04µm
_15503_,2.04µm
_15607_,2.04µm
_15719_,2.04µm
_15800_,2.04µm
_15880_,2.04µm
_16166_,2.04µm
_16194_,2.04µm
_16235_,2.04µm
_16339_,2.04µm
_16387_,2.04µm
_16401_,2.04µm
_16428_,2.04µm
_16449_,2.04µm
_16614_,2.04µm
_16649_,2.04µm
_16812_,2.04µm
_16988_,2.04µm
_17438_,2.04µm
_17445_,2.04µm
_17573_,2.04µm
_17880_,2.04µm
_17925_,2.04µm
_17945_,2.04µm
_18172_,2.04µm
_18396_,2.04µm
_18514_,2.04µm
_18558_,2.04µm
_18643_,2.04µm
_18661_,2.04µm
_18673_,2.04µm
_18681_,2.04µm
_18800_,2.04µm
_18847_,2.04µm
_19017_,2.04µm
_19121_,2.04µm
_19316_,2.04µm
_19425_,2.04µm
_19541_,2.04µm
_19698_,2.04µm
_19701_,2.04µm
_19723_,2.04µm
_19804_,2.04µm
_19924_,2.04µm
_19998_,2.04µm
_20013_,2.04µm
_20025_,2.04µm
_20039_,2.04µm
_20415_,2.04µm
_20499_,2.04µm
_20542_,2.04µm
_20712_,2.04µm
_20732_,2.04µm
_20770_,2.04µm
_20832_,2.04µm
_20849_,2.04µm
_20903_,2.04µm
_20958_,2.04µm
_21213_,2.04µm
_21252_,2.04µm
_21273_,2.04µm
_21281_,2.04µm
_21297_,2.04µm
_21464_,2.04µm
_21590_,2.04µm
_21608_,2.04µm
_21789_,2.04µm
_21846_,2.04µm
_21905_,2.04µm
_22037_,2.04µm
_22039_,2.04µm
_22042_,2.04µm
_22049_,2.04µm
net417,2.04µm
net1318,2.04µm
net65,2.04µm
systolic_arrays\[0\].systolic_array_inst.a_wire\[1\]\[0\],2.04µm
systolic_arrays\[0\].systolic_array_inst.a_wire\[4\]\[10\],2.04µm
systolic_arrays\[0\].systolic_array_inst.a_wire\[4\]\[4\],2.04µm
systolic_arrays\[1\].systolic_array_inst.a_wire\[3\]\[2\],2.04µm
systolic_arrays\[1\].systolic_array_inst.g_row\[1\].g_col\[1\].pe.r2_mantissa\[1\],2.04µm
net1604,2.04µm
net1620,2.04µm
net1643,2.04µm
net1688,2.04µm
net1713,2.04µm
_01132_,2.035µm
_01275_,2.035µm
_03669_,2.025µm
_19033_,2.025µm
_00224_,2µm
_02017_,2µm
_18077_,2µm
_16303_,1.975µm
_02134_,1.955µm
_04516_,1.94µm
_06588_,1.94µm
_08315_,1.94µm
_14285_,1.94µm
_14633_,1.94µm
_16069_,1.94µm
_16949_,1.94µm
_18895_,1.94µm
_01008_,1.915µm
_01099_,1.915µm
_01301_,1.915µm
_01522_,1.915µm
_02629_,1.915µm
_03551_,1.915µm
_07854_,1.915µm
_12865_,1.915µm
_18687_,1.915µm
_18980_,1.915µm
_21740_,1.915µm
_00644_,1.865µm
_00717_,1.865µm
_00800_,1.865µm
_00802_,1.865µm
_00845_,1.865µm
_00988_,1.865µm
_01000_,1.865µm
_01002_,1.865µm
_01004_,1.865µm
_01083_,1.865µm
_01144_,1.865µm
_01151_,1.865µm
_01192_,1.865µm
_01197_,1.865µm
_01212_,1.865µm
_01279_,1.865µm
_01340_,1.865µm
_01358_,1.865µm
_01386_,1.865µm
_01498_,1.865µm
_01526_,1.865µm
_01529_,1.865µm
_01586_,1.865µm
_01588_,1.865µm
_00969_,1.84µm
_01173_,1.84µm
_02442_,1.84µm
_02801_,1.84µm
_03173_,1.84µm
_03183_,1.84µm
_03797_,1.84µm
_03884_,1.84µm
_04087_,1.84µm
_04559_,1.84µm
_05089_,1.84µm
_05287_,1.84µm
_05772_,1.84µm
_06221_,1.84µm
_06285_,1.84µm
_06387_,1.84µm
_06566_,1.84µm
_06766_,1.84µm
_06788_,1.84µm
_06855_,1.84µm
_07454_,1.84µm
_08090_,1.84µm
_08150_,1.84µm
_08354_,1.84µm
_08492_,1.84µm
_08614_,1.84µm
_08705_,1.84µm
_08728_,1.84µm
_08786_,1.84µm
_08809_,1.84µm
_08955_,1.84µm
_09380_,1.84µm
_09700_,1.84µm
_09829_,1.84µm
_09905_,1.84µm
_10082_,1.84µm
_10463_,1.84µm
_10586_,1.84µm
_10894_,1.84µm
_11278_,1.84µm
_11966_,1.84µm
_12022_,1.84µm
_12585_,1.84µm
_12775_,1.84µm
_13080_,1.84µm
_13320_,1.84µm
_13884_,1.84µm
_14316_,1.84µm
_14443_,1.84µm
_14546_,1.84µm
_14677_,1.84µm
_15101_,1.84µm
_15196_,1.84µm
_15500_,1.84µm
_15519_,1.84µm
_17452_,1.84µm
_17968_,1.84µm
_18892_,1.84µm
_19056_,1.84µm
_19291_,1.84µm
_19655_,1.84µm
_19786_,1.84µm
_20080_,1.84µm
_20189_,1.84µm
_20389_,1.84µm
_20475_,1.84µm
_20633_,1.84µm
_20859_,1.84µm
_20944_,1.84µm
_20965_,1.84µm
_21094_,1.84µm
_21344_,1.84µm
_21640_,1.84µm
_21816_,1.84µm
_21934_,1.84µm
_21959_,1.84µm
_21968_,1.84µm
_21999_,1.84µm
_22090_,1.84µm
net1552,1.84µm
net1615,1.84µm
net1619,1.84µm
net1634,1.84µm
net1720,1.84µm
net1726,1.84µm
_03125_,1.82µm
_03336_,1.82µm
_05808_,1.82µm
_08437_,1.82µm
_09515_,1.82µm
_11768_,1.82µm
_12455_,1.82µm
_12782_,1.82µm
_16340_,1.82µm
_17948_,1.82µm
_18047_,1.82µm
_18454_,1.82µm
_21669_,1.82µm
net1478,1.82µm
_14424_,1.8µm
_16941_,1.785µm
_00045_,1.77µm
_08658_,1.77µm
_12132_,1.77µm
_20675_,1.77µm
_08832_,1.755µm
_11226_,1.755µm
_12698_,1.755µm
_13314_,1.755µm
_15994_,1.755µm
_16311_,1.755µm
_17127_,1.755µm
_19919_,1.755µm
_21282_,1.755µm
_00500_,1.745µm
_00981_,1.745µm
_01170_,1.745µm
_01185_,1.745µm
_01509_,1.745µm
_01565_,1.745µm
_01782_,1.745µm
_01792_,1.745µm
_00763_,1.74µm
_01337_,1.74µm
_01681_,1.74µm
_03656_,1.74µm
net1320,1.73µm
_02413_,1.72µm
_02585_,1.72µm
_03396_,1.72µm
_03404_,1.72µm
_03409_,1.72µm
_03420_,1.72µm
_03425_,1.72µm
_03449_,1.72µm
_03465_,1.72µm
_04277_,1.72µm
_04455_,1.72µm
_04459_,1.72µm
_04623_,1.72µm
_05199_,1.72µm
_05235_,1.72µm
_05394_,1.72µm
_05509_,1.72µm
_06597_,1.72µm
_06803_,1.72µm
_06914_,1.72µm
_07643_,1.72µm
_08573_,1.72µm
_09165_,1.72µm
_09205_,1.72µm
_09663_,1.72µm
_09908_,1.72µm
_10013_,1.72µm
_10540_,1.72µm
_10544_,1.72µm
_10799_,1.72µm
_11147_,1.72µm
_11561_,1.72µm
_11994_,1.72µm
_12034_,1.72µm
_12280_,1.72µm
_12739_,1.72µm
_12817_,1.72µm
_13203_,1.72µm
_13356_,1.72µm
_13364_,1.72µm
_13434_,1.72µm
_13513_,1.72µm
_13824_,1.72µm
_13886_,1.72µm
_13894_,1.72µm
_13897_,1.72µm
_13902_,1.72µm
_13903_,1.72µm
_14067_,1.72µm
_14263_,1.72µm
_14733_,1.72µm
_15563_,1.72µm
_17288_,1.72µm
_17737_,1.72µm
_17747_,1.72µm
_18297_,1.72µm
_18505_,1.72µm
_18507_,1.72µm
_18512_,1.72µm
_18532_,1.72µm
_18548_,1.72µm
_18549_,1.72µm
_18610_,1.72µm
_18612_,1.72µm
_19000_,1.72µm
_19726_,1.72µm
_19741_,1.72µm
_20656_,1.72µm
_20817_,1.72µm
_20877_,1.72µm
_20886_,1.72µm
_20921_,1.72µm
_20927_,1.72µm
_22072_,1.72µm
net1570,1.72µm
net1575,1.72µm
net1583,1.72µm
net1608,1.72µm
_12619_,1.705µm
_15773_,1.705µm
_00043_,1.7µm
_00050_,1.7µm
_02534_,1.7µm
_02568_,1.7µm
_02631_,1.7µm
_02681_,1.7µm
_02710_,1.7µm
_02739_,1.7µm
_02888_,1.7µm
_02928_,1.7µm
_02933_,1.7µm
_02944_,1.7µm
_03072_,1.7µm
_03122_,1.7µm
_03162_,1.7µm
_03254_,1.7µm
_03256_,1.7µm
_03489_,1.7µm
_03511_,1.7µm
_03571_,1.7µm
_03635_,1.7µm
_04072_,1.7µm
_04101_,1.7µm
_04113_,1.7µm
_04391_,1.7µm
_04431_,1.7µm
_04432_,1.7µm
_04438_,1.7µm
_04763_,1.7µm
_04816_,1.7µm
_04923_,1.7µm
_05003_,1.7µm
_05212_,1.7µm
_05302_,1.7µm
_05308_,1.7µm
_05333_,1.7µm
_05350_,1.7µm
_05379_,1.7µm
_05384_,1.7µm
_05440_,1.7µm
_05519_,1.7µm
_05522_,1.7µm
_05745_,1.7µm
_05827_,1.7µm
_05876_,1.7µm
_05893_,1.7µm
_06013_,1.7µm
_06035_,1.7µm
_06115_,1.7µm
_06207_,1.7µm
_06522_,1.7µm
_06758_,1.7µm
_06772_,1.7µm
_06786_,1.7µm
_06787_,1.7µm
_06985_,1.7µm
_06995_,1.7µm
_07007_,1.7µm
_07039_,1.7µm
_07078_,1.7µm
_07150_,1.7µm
_07190_,1.7µm
_07472_,1.7µm
_07585_,1.7µm
_07614_,1.7µm
_07771_,1.7µm
_07795_,1.7µm
_07817_,1.7µm
_07823_,1.7µm
_07850_,1.7µm
_07885_,1.7µm
_07942_,1.7µm
_07948_,1.7µm
_07955_,1.7µm
_08296_,1.7µm
_09036_,1.7µm
_09042_,1.7µm
_09142_,1.7µm
_09219_,1.7µm
_09270_,1.7µm
_09292_,1.7µm
_09360_,1.7µm
_09675_,1.7µm
_09728_,1.7µm
_09770_,1.7µm
_09785_,1.7µm
_09927_,1.7µm
_09997_,1.7µm
_10098_,1.7µm
_10100_,1.7µm
_10135_,1.7µm
_10336_,1.7µm
_10562_,1.7µm
_10585_,1.7µm
_10624_,1.7µm
_10644_,1.7µm
_10664_,1.7µm
_10857_,1.7µm
_10929_,1.7µm
_10991_,1.7µm
_11250_,1.7µm
_11288_,1.7µm
_11404_,1.7µm
_11416_,1.7µm
_11526_,1.7µm
_11730_,1.7µm
_11733_,1.7µm
_11809_,1.7µm
_11843_,1.7µm
_11867_,1.7µm
_12051_,1.7µm
_12114_,1.7µm
_12166_,1.7µm
_12226_,1.7µm
_12301_,1.7µm
_12480_,1.7µm
_12634_,1.7µm
_12650_,1.7µm
_12722_,1.7µm
_12785_,1.7µm
_12898_,1.7µm
_12994_,1.7µm
_13148_,1.7µm
_13154_,1.7µm
_13651_,1.7µm
_13668_,1.7µm
_14139_,1.7µm
_14240_,1.7µm
_14417_,1.7µm
_14449_,1.7µm
_14496_,1.7µm
_14671_,1.7µm
_14851_,1.7µm
_14942_,1.7µm
_14956_,1.7µm
_14987_,1.7µm
_15233_,1.7µm
_15336_,1.7µm
_15409_,1.7µm
_15566_,1.7µm
_15584_,1.7µm
_15620_,1.7µm
_15759_,1.7µm
_16326_,1.7µm
_16476_,1.7µm
_16521_,1.7µm
_16790_,1.7µm
_17278_,1.7µm
_17672_,1.7µm
_17745_,1.7µm
_17937_,1.7µm
_18020_,1.7µm
_18043_,1.7µm
_18142_,1.7µm
_18174_,1.7µm
_18176_,1.7µm
_18306_,1.7µm
_18347_,1.7µm
_18387_,1.7µm
_18693_,1.7µm
_18736_,1.7µm
_18775_,1.7µm
_18808_,1.7µm
_18859_,1.7µm
_18933_,1.7µm
_19018_,1.7µm
_19041_,1.7µm
_19187_,1.7µm
_19198_,1.7µm
_19236_,1.7µm
_19509_,1.7µm
_19550_,1.7µm
_19602_,1.7µm
_19869_,1.7µm
_20066_,1.7µm
_20102_,1.7µm
_20268_,1.7µm
_20410_,1.7µm
_20555_,1.7µm
_20610_,1.7µm
_20659_,1.7µm
_20667_,1.7µm
_20731_,1.7µm
_21090_,1.7µm
_21165_,1.7µm
_21167_,1.7µm
_21288_,1.7µm
_21400_,1.7µm
_21415_,1.7µm
_21421_,1.7µm
_21440_,1.7µm
_21481_,1.7µm
_21611_,1.7µm
_21621_,1.7µm
_21663_,1.7µm
_21895_,1.7µm
_21898_,1.7µm
_21899_,1.7µm
_21903_,1.7µm
_22013_,1.7µm
systolic_arrays\[0\].systolic_array_inst.g_row\[1\].g_col\[1\].pe.acc_out\[15\],1.7µm
systolic_arrays\[1\].systolic_array_inst.a_wire\[4\]\[8\],1.7µm
net1611,1.7µm
net1638,1.7µm
net1677,1.7µm
net1722,1.7µm
_00017_,1.685µm
_00582_,1.685µm
_00588_,1.685µm
_00592_,1.685µm
_00606_,1.685µm
_00607_,1.685µm
_00610_,1.685µm
_00631_,1.685µm
_00634_,1.685µm
_00665_,1.685µm
_00678_,1.685µm
_00693_,1.685µm
_00751_,1.685µm
_00754_,1.685µm
_00764_,1.685µm
_00785_,1.685µm
_00822_,1.685µm
_00824_,1.685µm
_00828_,1.685µm
_00847_,1.685µm
_00925_,1.685µm
_00940_,1.685µm
_00942_,1.685µm
_00945_,1.685µm
_00972_,1.685µm
_00973_,1.685µm
_01012_,1.685µm
_01046_,1.685µm
_01051_,1.685µm
_01057_,1.685µm
_01074_,1.685µm
_01091_,1.685µm
_01093_,1.685µm
_01125_,1.685µm
_01131_,1.685µm
_01159_,1.685µm
_01166_,1.685µm
_01194_,1.685µm
_01226_,1.685µm
_01255_,1.685µm
_01260_,1.685µm
_01262_,1.685µm
_01263_,1.685µm
_01267_,1.685µm
_01269_,1.685µm
_01289_,1.685µm
_01383_,1.685µm
_01385_,1.685µm
_01392_,1.685µm
_01428_,1.685µm
_01533_,1.685µm
_01553_,1.685µm
_01555_,1.685µm
_01576_,1.685µm
_01600_,1.685µm
_01602_,1.685µm
_01649_,1.685µm
_01665_,1.685µm
_01685_,1.685µm
_01686_,1.685µm
_01739_,1.685µm
_01762_,1.685µm
_01772_,1.685µm
_01781_,1.685µm
_04692_,1.685µm
_04777_,1.685µm
_04835_,1.685µm
_08640_,1.685µm
_09367_,1.685µm
_11518_,1.685µm
_13212_,1.685µm
_14769_,1.685µm
_18825_,1.685µm
_18839_,1.685µm
_19122_,1.685µm
_20129_,1.685µm
_11712_,1.65µm
_12050_,1.65µm
_13684_,1.65µm
_13927_,1.65µm
_16288_,1.635µm
_16560_,1.635µm
_16591_,1.635µm
_17335_,1.635µm
_12753_,1.63µm
_14658_,1.625µm
_02150_,1.62µm
_04549_,1.61µm
_20850_,1.61µm
_00048_,1.6µm
_00058_,1.6µm
_05696_,1.6µm
_08477_,1.6µm
_08567_,1.6µm
_08608_,1.6µm
_08815_,1.6µm
_08822_,1.6µm
_08904_,1.6µm
_09173_,1.6µm
_09376_,1.6µm
_10784_,1.6µm
_11531_,1.6µm
_11851_,1.6µm
_12545_,1.6µm
_12591_,1.6µm
_12781_,1.6µm
_14484_,1.6µm
_14579_,1.6µm
_15135_,1.6µm
_15978_,1.6µm
_15991_,1.6µm
_15999_,1.6µm
_16023_,1.6µm
_16216_,1.6µm
_16226_,1.6µm
_16246_,1.6µm
_16282_,1.6µm
_16297_,1.6µm
_16455_,1.6µm
_16557_,1.6µm
_16567_,1.6µm
_16688_,1.6µm
_16717_,1.6µm
_16724_,1.6µm
_16740_,1.6µm
_16784_,1.6µm
_16831_,1.6µm
_16838_,1.6µm
_17113_,1.6µm
_17122_,1.6µm
_17176_,1.6µm
_17309_,1.6µm
_17934_,1.6µm
_18033_,1.6µm
_20359_,1.6µm
net1304,1.6µm
net1305,1.6µm
net1346,1.6µm
net1355,1.6µm
net1357,1.6µm
net1365,1.6µm
_00781_,1.575µm
_00854_,1.575µm
_00926_,1.575µm
_00991_,1.575µm
_01451_,1.575µm
_15919_,1.515µm
_16747_,1.515µm
_06002_,1.48µm
_10403_,1.48µm
_12014_,1.48µm
_14280_,1.48µm
_16080_,1.48µm
_17287_,1.48µm
_18283_,1.48µm
net1581,1.48µm
net1716,1.44µm
_00001_,1.405µm
_00625_,1.405µm
_00734_,1.405µm
_00787_,1.405µm
_00852_,1.405µm
_00862_,1.405µm
_00929_,1.405µm
_00999_,1.405µm
_01009_,1.405µm
_01139_,1.405µm
_01276_,1.405µm
_01419_,1.405µm
_01424_,1.405µm
_01425_,1.405µm
_01718_,1.405µm
_00959_,1.38µm
_02347_,1.38µm
_02359_,1.38µm
_02363_,1.38µm
_02767_,1.38µm
_02872_,1.38µm
_03361_,1.38µm
_03375_,1.38µm
_03598_,1.38µm
_04299_,1.38µm
_04354_,1.38µm
_04531_,1.38µm
_04743_,1.38µm
_05313_,1.38µm
_05469_,1.38µm
_05837_,1.38µm
_06534_,1.38µm
_06560_,1.38µm
_06595_,1.38µm
_06895_,1.38µm
_07406_,1.38µm
_07852_,1.38µm
_07947_,1.38µm
_07952_,1.38µm
_08063_,1.38µm
_08192_,1.38µm
_08199_,1.38µm
_08363_,1.38µm
_08456_,1.38µm
_08487_,1.38µm
_08695_,1.38µm
_08817_,1.38µm
_09528_,1.38µm
_10034_,1.38µm
_10288_,1.38µm
_10292_,1.38µm
_10465_,1.38µm
_10623_,1.38µm
_10760_,1.38µm
_10811_,1.38µm
_11536_,1.38µm
_11564_,1.38µm
_11980_,1.38µm
_12220_,1.38µm
_12796_,1.38µm
_13087_,1.38µm
_13660_,1.38µm
_13680_,1.38µm
_13682_,1.38µm
_13785_,1.38µm
_13914_,1.38µm
_14109_,1.38µm
_14179_,1.38µm
_14253_,1.38µm
_14437_,1.38µm
_14588_,1.38µm
_15156_,1.38µm
_15211_,1.38µm
_15448_,1.38µm
_15510_,1.38µm
_16633_,1.38µm
_16792_,1.38µm
_16852_,1.38µm
_17590_,1.38µm
_17606_,1.38µm
_17680_,1.38µm
_17681_,1.38µm
_17729_,1.38µm
_17760_,1.38µm
_17863_,1.38µm
_17908_,1.38µm
_18012_,1.38µm
_18239_,1.38µm
_18308_,1.38µm
_18564_,1.38µm
_19264_,1.38µm
_19352_,1.38µm
_19555_,1.38µm
_19556_,1.38µm
_19558_,1.38µm
_19560_,1.38µm
_19686_,1.38µm
_19768_,1.38µm
_20197_,1.38µm
_20354_,1.38µm
_20511_,1.38µm
_20725_,1.38µm
_20729_,1.38µm
_20734_,1.38µm
_21314_,1.38µm
_21612_,1.38µm
_21830_,1.38µm
systolic_arrays\[0\].systolic_array_inst.g_row\[0\].g_col\[1\].pe.r2_mantissa\[11\],1.38µm
net1561,1.38µm
net1578,1.38µm
net1596,1.38µm
net1602,1.38µm
net1637,1.38µm
net1648,1.38µm
net1664,1.38µm
net1685,1.38µm
net1694,1.38µm
net1727,1.38µm
_17111_,1.375µm
net1675,1.365µm
_04980_,1.36µm
_06239_,1.36µm
_08037_,1.36µm
_09455_,1.36µm
_10706_,1.36µm
_11778_,1.36µm
_15798_,1.36µm
_17929_,1.36µm
_18838_,1.36µm
_19322_,1.36µm
_20505_,1.36µm
_21614_,1.36µm
systolic_arrays\[1\].systolic_array_inst.a_reg\[29\],1.36µm
_17106_,1.315µm
_06338_,1.31µm
_10033_,1.31µm
_05196_,1.295µm
_05420_,1.295µm
_05866_,1.295µm
_10608_,1.295µm
_10975_,1.295µm
_12544_,1.295µm
_15191_,1.295µm
_16128_,1.295µm
_16285_,1.295µm
_16331_,1.295µm
_16373_,1.295µm
_16646_,1.295µm
_16652_,1.295µm
_17173_,1.295µm
_17242_,1.295µm
_17981_,1.295µm
_18195_,1.295µm
_20364_,1.295µm
_21672_,1.295µm
_20071_,1.265µm
_02965_,1.26µm
_03794_,1.26µm
_03958_,1.26µm
_04604_,1.26µm
_06222_,1.26µm
_06821_,1.26µm
_06930_,1.26µm
_07388_,1.26µm
_08127_,1.26µm
_08506_,1.26µm
_08589_,1.26µm
_09400_,1.26µm
_09641_,1.26µm
_10134_,1.26µm
_10356_,1.26µm
_10738_,1.26µm
_10964_,1.26µm
_11605_,1.26µm
_11840_,1.26µm
_14211_,1.26µm
_14676_,1.26µm
_15717_,1.26µm
_16153_,1.26µm
_16804_,1.26µm
_17427_,1.26µm
_18540_,1.26µm
_21826_,1.26µm
_08801_,1.175µm
_10660_,1.175µm
_12648_,1.175µm
_14250_,1.175µm
_14455_,1.175µm
_17223_,1.175µm
_17983_,1.175µm
_08330_,1.14µm
_18217_,1.14µm
_06879_,1.02µm
_10708_,1.02µm
_15748_,1.02µm
_15901_,1.02µm
_17859_,1.02µm
_02361_,0.92µm
_02666_,0.92µm
_02971_,0.92µm
_03063_,0.92µm
_03303_,0.92µm
_03478_,0.92µm
_04081_,0.92µm
_04215_,0.92µm
_04331_,0.92µm
_04412_,0.92µm
_04631_,0.92µm
_04668_,0.92µm
_04854_,0.92µm
_04873_,0.92µm
_05019_,0.92µm
_05107_,0.92µm
_05217_,0.92µm
_05329_,0.92µm
_05388_,0.92µm
_05400_,0.92µm
_05444_,0.92µm
_05489_,0.92µm
_05661_,0.92µm
_05833_,0.92µm
_05985_,0.92µm
_06352_,0.92µm
_06503_,0.92µm
_06610_,0.92µm
_06753_,0.92µm
_06883_,0.92µm
_07004_,0.92µm
_07006_,0.92µm
_07367_,0.92µm
_07404_,0.92µm
_07758_,0.92µm
_07842_,0.92µm
_08228_,0.92µm
_08260_,0.92µm
_08319_,0.92µm
_08458_,0.92µm
_08500_,0.92µm
_08616_,0.92µm
_08821_,0.92µm
_08857_,0.92µm
_08858_,0.92µm
_08868_,0.92µm
_10253_,0.92µm
_10296_,0.92µm
_10468_,0.92µm
_10476_,0.92µm
_10561_,0.92µm
_10584_,0.92µm
_10616_,0.92µm
_10817_,0.92µm
_10928_,0.92µm
_11807_,0.92µm
_12095_,0.92µm
_12191_,0.92µm
_12263_,0.92µm
_12573_,0.92µm
_12794_,0.92µm
_13092_,0.92µm
_13139_,0.92µm
_13407_,0.92µm
_13721_,0.92µm
_13806_,0.92µm
_13808_,0.92µm
_13846_,0.92µm
_14014_,0.92µm
_14158_,0.92µm
_14337_,0.92µm
_14369_,0.92µm
_14442_,0.92µm
_14463_,0.92µm
_14495_,0.92µm
_14509_,0.92µm
_14786_,0.92µm
_14983_,0.92µm
_15215_,0.92µm
_15483_,0.92µm
_15506_,0.92µm
_15538_,0.92µm
_15724_,0.92µm
_15845_,0.92µm
_16124_,0.92µm
_16446_,0.92µm
_16494_,0.92µm
_16778_,0.92µm
_16815_,0.92µm
_16900_,0.92µm
_16909_,0.92µm
_17098_,0.92µm
_17201_,0.92µm
_17399_,0.92µm
_17414_,0.92µm
_17513_,0.92µm
_17777_,0.92µm
_17954_,0.92µm
_17997_,0.92µm
_18001_,0.92µm
_18002_,0.92µm
_18156_,0.92µm
_18293_,0.92µm
_18300_,0.92µm
_18336_,0.92µm
_18342_,0.92µm
_18360_,0.92µm
_18441_,0.92µm
_18481_,0.92µm
_18884_,0.92µm
_19026_,0.92µm
_19334_,0.92µm
_19361_,0.92µm
_19666_,0.92µm
_20070_,0.92µm
_20141_,0.92µm
_20449_,0.92µm
_20775_,0.92µm
_20947_,0.92µm
_21026_,0.92µm
_21045_,0.92µm
_21084_,0.92µm
_21298_,0.92µm
_21307_,0.92µm
_21677_,0.92µm
_21684_,0.92µm
_21997_,0.92µm
systolic_arrays\[1\].systolic_array_inst.g_row\[0\].g_col\[0\].pe.r2_mantissa\[5\],0.92µm
net1614,0.92µm
net1633,0.92µm
net1714,0.92µm
net1724,0.92µm
_08587_,0.835µm
_08635_,0.835µm
_08840_,0.835µm
_10480_,0.835µm
_10746_,0.835µm
_14418_,0.835µm
_14635_,0.835µm
_15967_,0.835µm
_16026_,0.835µm
_16068_,0.835µm
_16088_,0.835µm
_16408_,0.835µm
_16420_,0.835µm
_16616_,0.835µm
_16705_,0.835µm
_16775_,0.835µm
_16834_,0.835µm
_16957_,0.835µm
_16973_,0.835µm
_17210_,0.835µm
_17896_,0.835µm
_14691_,0.82µm
_04577_,0.56µm
_02589_,0.46µm
_02612_,0.46µm
_02618_,0.46µm
_02893_,0.46µm
_03126_,0.46µm
_03300_,0.46µm
_03383_,0.46µm
_03682_,0.46µm
_03752_,0.46µm
_03856_,0.46µm
_03880_,0.46µm
_04127_,0.46µm
_04169_,0.46µm
_04527_,0.46µm
_04546_,0.46µm
_04561_,0.46µm
_04569_,0.46µm
_04571_,0.46µm
_05355_,0.46µm
_05412_,0.46µm
_05531_,0.46µm
_05731_,0.46µm
_06293_,0.46µm
_06438_,0.46µm
_06568_,0.46µm
_06654_,0.46µm
_06861_,0.46µm
_06901_,0.46µm
_06925_,0.46µm
_06927_,0.46µm
_06928_,0.46µm
_06931_,0.46µm
_06933_,0.46µm
_06934_,0.46µm
_07385_,0.46µm
_07403_,0.46µm
_07832_,0.46µm
_08067_,0.46µm
_08119_,0.46µm
_08502_,0.46µm
_08617_,0.46µm
_08633_,0.46µm
_08663_,0.46µm
_08765_,0.46µm
_08848_,0.46µm
_08893_,0.46µm
_08907_,0.46µm
_09041_,0.46µm
_09413_,0.46µm
_09466_,0.46µm
_09564_,0.46µm
_09604_,0.46µm
_09648_,0.46µm
_10106_,0.46µm
_10195_,0.46µm
_10325_,0.46µm
_10412_,0.46µm
_10764_,0.46µm
_10970_,0.46µm
_11117_,0.46µm
_11153_,0.46µm
_11292_,0.46µm
_11419_,0.46µm
_11523_,0.46µm
_11580_,0.46µm
_11834_,0.46µm
_12230_,0.46µm
_12464_,0.46µm
_12735_,0.46µm
_12738_,0.46µm
_13130_,0.46µm
_13268_,0.46µm
_13330_,0.46µm
_13398_,0.46µm
_13493_,0.46µm
_13530_,0.46µm
_13749_,0.46µm
_14334_,0.46µm
_14370_,0.46µm
_14580_,0.46µm
_14587_,0.46µm
_14628_,0.46µm
_14652_,0.46µm
_15082_,0.46µm
_15238_,0.46µm
_15536_,0.46µm
_17518_,0.46µm
_18827_,0.46µm
_19156_,0.46µm
_19370_,0.46µm
_19468_,0.46µm
_19681_,0.46µm
_19690_,0.46µm
_19733_,0.46µm
_20218_,0.46µm
_20232_,0.46µm
_20337_,0.46µm
_20385_,0.46µm
_20431_,0.46µm
_20679_,0.46µm
_20833_,0.46µm
_20852_,0.46µm
_21014_,0.46µm
_21036_,0.46µm
_21338_,0.46µm
_21402_,0.46µm
_21975_,0.46µm
_22038_,0.46µm
_22040_,0.46µm
_22041_,0.46µm
net1520,0.46µm
net1521,0.46µm
net1556,0.46µm
net1593,0.46µm
net1607,0.46µm
net1625,0.46µm
net1631,0.46µm
net1653,0.46µm
net1662,0.46µm
net1665,0.46µm
net1673,0.46µm
net1678,0.46µm
net1705,0.46µm
