net,length_um
clknet_0_clk,915.99µm
ce_row\[0\],616.52µm
net1639,494.15µm
g_row\[0\].g_col\[0\].pe/net994,433.87µm
clk,399.29µm
net2534,373.96µm
net1494,371.08µm
b_inputs_flat[9],350.12µm
g_row\[0\].g_col\[0\].pe/net1215,322.91µm
net1530,321.08µm
g_row\[0\].g_col\[0\].pe/net1178,309.745µm
net1214,298.43µm
net1283,297.62µm
b_inputs_flat[0],293.4µm
net2564,291.91µm
ca_row\[0\],288.55µm
net3406,288.11µm
net3202,283.82µm
b_reg\[23\],280.72µm
net1326,274.98µm
net2533,269.52µm
clknet_4_5_0_clk,267.79µm
en_row\[0\],266.92µm
net1613,262.07µm
net3404,261.94µm
a_wire\[3\]\[13\],261.35µm
net1233,261.11µm
net1271,258.76µm
lw_row\[0\],258.53µm
g_row\[0\].g_col\[1\].pe/net2114,258.13µm
net1585,257.14µm
net2443,256.38µm
a_wire\[3\]\[14\],254.795µm
net3313,253.14µm
net1928,250.69µm
b_reg\[29\],249.68µm
g_row\[0\].g_col\[1\].pe/r2_mantissa\[2\],237.24µm
clknet_4_0_0_clk,236.67µm
a_wire\[3\]\[1\],236.61µm
b_inputs_flat[14],233.32µm
net1506,228.82µm
net3200,227.86µm
net1262,225.91µm
g_row\[0\].g_col\[1\].pe/net1142,224.62µm
clknet_4_15_0_clk,224.61µm
a_wire\[1\]\[4\],221.245µm
g_row\[0\].g_col\[1\].pe/_1060_,219.24µm
net1330,217.77µm
g_row\[0\].g_col\[1\].pe/_0840_,217.725µm
net1249,215.17µm
g_row\[0\].g_col\[0\].pe/_0611_,214.765µm
net3150,212.74µm
a_wire\[3\]\[12\],211.6µm
g_row\[0\].g_col\[1\].pe/_0629_,211.18µm
a_wire\[1\]\[0\],210.505µm
net1515,206.56µm
net1476,203.66µm
net1220,203.31µm
g_row\[0\].g_col\[0\].pe/_0341_,202.7µm
net1455,202.35µm
g_row\[0\].g_col\[0\].pe/net1718,202.1µm
g_row\[0\].g_col\[1\].pe/net1140,200.01µm
g_row\[0\].g_col\[1\].pe/net2966,199.5µm
g_row\[1\].g_col\[1\].pe/net900,198.9µm
g_row\[0\].g_col\[0\].pe/_0618_,197.8µm
g_row\[0\].g_col\[0\].pe/net1229,195.61µm
net1310,195.56µm
net1281,195.3µm
g_row\[0\].g_col\[1\].pe/r2_mantissa\[4\],194.44µm
net2762,194µm
net3157,193.55µm
net2563,193.04µm
g_row\[0\].g_col\[0\].pe/net1253,192.98µm
a_wire\[4\]\[14\],191.26µm
g_row\[1\].g_col\[1\].pe/net1005,191.24µm
net2485,191.05µm
net1500,190.64µm
net3203,189.25µm
net2432,189µm
net2540,187.63µm
g_row\[1\].g_col\[0\].pe/r2_mantissa\[13\],187.49µm
net3314,187.02µm
net1268,186.15µm
a_wire\[4\]\[2\],185.51µm
net2499,184.21µm
a_wire\[3\]\[9\],183.29µm
net2693,182.93µm
net3405,182.92µm
a_wire\[4\]\[5\],182.26µm
net1468,181.34µm
g_row\[1\].g_col\[1\].pe/net1031,180.8µm
net3167,180.6µm
net3384,180.04µm
b_reg\[17\],179.45µm
clknet_4_9_0_clk,179.24µm
net3536,179.2µm
net3189,179.02µm
net2407,178.99µm
net2569,178.8µm
a_wire\[1\]\[3\],178.665µm
net2625,178.16µm
results_flat[56],177.75µm
net3324,177.65µm
net1100,177.62µm
g_row\[0\].g_col\[1\].pe/net1170,177.54µm
net3285,176.85µm
net1319,175.54µm
net1554,175.5µm
net3208,175.02µm
net1634,174.82µm
a_wire\[0\]\[13\],174.225µm
net3500,174.06µm
g_row\[0\].g_col\[0\].pe/r3_prod_sign,173.925µm
g_row\[0\].g_col\[1\].pe/net2132,172.33µm
g_row\[1\].g_col\[0\].pe/net1062,171.925µm
net3251,171.68µm
clknet_4_12_0_clk,170.48µm
g_row\[0\].g_col\[0\].pe/_0000_,169.82µm
b_reg\[0\],169.38µm
net1765,167.89µm
g_row\[0\].g_col\[1\].pe/net1144,167.62µm
net3216,167.4µm
g_row\[0\].g_col\[0\].pe/r2_mantissa\[5\],167.29µm
a_wire\[1\]\[11\],167.24µm
g_row\[1\].g_col\[0\].pe/_0559_,166.74µm
g_row\[0\].g_col\[1\].pe/net2116,166.535µm
g_row\[0\].g_col\[1\].pe/net967,166.42µm
results_flat[49],166.35µm
net2457,165.84µm
g_row\[0\].g_col\[1\].pe/net969,165.83µm
a_wire\[1\]\[1\],165.78µm
a_wire\[4\]\[6\],165.765µm
g_row\[1\].g_col\[0\].pe/_0628_,165.52µm
net3212,165.33µm
net2503,165.1µm
net1199,165.095µm
g_row\[0\].g_col\[1\].pe/_0689_,164.94µm
b_inputs_flat[18],164.42µm
net3330,164.42µm
net3211,163.56µm
net2566,163.38µm
net3218,163.04µm
g_row\[0\].g_col\[0\].pe/net870,163.025µm
net1198,163µm
net1201,162.535µm
net1533,162.38µm
net1482,161.98µm
b_inputs_flat[15],161.76µm
g_row\[1\].g_col\[1\].pe/net1038,161.33µm
g_row\[0\].g_col\[1\].pe/r3_prod_sign,161.28µm
net1404,161µm
b_inputs_flat[28],160.76µm
net1479,160.38µm
a_inputs_flat[22],160.31µm
net1491,159.92µm
g_row\[0\].g_col\[1\].pe/_0612_,159.64µm
net1640,159.25µm
net2429,159.1µm
g_row\[0\].g_col\[1\].pe/r2_mantissa\[6\],158.72µm
net3579,158.59µm
net3315,158.34µm
net1093,158.325µm
g_row\[1\].g_col\[1\].pe/net1055,158.17µm
net1611,158µm
g_row\[0\].g_col\[1\].pe/_0341_,157.98µm
net3397,157.98µm
g_row\[1\].g_col\[1\].pe/net1042,157.675µm
net1451,157.64µm
clknet_4_14_0_clk,157.34µm
net1205,156.405µm
net1250,156.01µm
g_row\[1\].g_col\[1\].pe/_0629_,155.18µm
g_row\[0\].g_col\[1\].pe/net1237,154.92µm
a_wire\[4\]\[7\],154.75µm
net3269,154.68µm
g_row\[0\].g_col\[0\].pe/_0629_,154.3µm
net1623,154.22µm
g_row\[1\].g_col\[1\].pe/_0612_,154.06µm
net1363,153.88µm
net1323,153.63µm
net1470,153.62µm
g_row\[0\].g_col\[0\].pe/net978,153.25µm
net1633,153.14µm
net3552,152.62µm
net2618,152.54µm
g_row\[0\].g_col\[0\].pe/net2281,152.34µm
results_flat[63],152.19µm
net3247,151.88µm
net2449,151.74µm
net3534,151.66µm
a_inputs_flat[8],151.58µm
g_row\[1\].g_col\[1\].pe/net1026,151.4µm
net2599,150.66µm
net3291,150.38µm
net1218,150.195µm
net3283,149.93µm
net3418,149.7µm
b_inputs_flat[1],149.48µm
net2607,149.22µm
g_row\[1\].g_col\[0\].pe/_0612_,148.99µm
b_reg\[16\],148.57µm
g_row\[0\].g_col\[1\].pe/net2986,148.55µm
net2539,148.26µm
g_row\[1\].g_col\[1\].pe/net1243,148.1µm
b_reg\[26\],147.95µm
g_row\[1\].g_col\[0\].pe/net1260,147.86µm
g_row\[1\].g_col\[0\].pe/net843,147.72µm
net2543,147.68µm
net1629,147.46µm
b_reg\[24\],147.3µm
net1340,146.64µm
net3250,146.62µm
a_inputs_flat[11],146.58µm
net2697,146.26µm
b_inputs_flat[2],146.06µm
net1204,145.825µm
g_row\[0\].g_col\[0\].pe/_0840_,145.695µm
g_row\[1\].g_col\[1\].pe/_1311_,145.305µm
net3316,145.18µm
g_row\[0\].g_col\[1\].pe/net1236,144.51µm
net3578,144.23µm
g_row\[0\].g_col\[0\].pe/net869,144.1µm
net2792,143.89µm
net2567,143.84µm
net1221,143.64µm
net1207,143.52µm
net2610,143.395µm
g_row\[1\].g_col\[1\].pe/r3_prod_sign,143.28µm
net3169,143.24µm
clknet_4_10_0_clk,143.21µm
net2605,143.1µm
net3294,143.04µm
g_row\[0\].g_col\[0\].pe/_0269_,142.83µm
g_row\[1\].g_col\[0\].pe/_0629_,142.01µm
b_inputs_flat[10],141.98µm
g_row\[0\].g_col\[1\].pe/r2_mantissa\[8\],141.84µm
net2486,141.8µm
net3238,141.8µm
net1195,141.365µm
g_row\[1\].g_col\[0\].pe/net931,141.33µm
net1089,141.14µm
net3174,140.82µm
net2768,140.66µm
g_row\[1\].g_col\[1\].pe/net1025,140.64µm
b_inputs_flat[25],140.4µm
g_row\[0\].g_col\[1\].pe/net1164,140.31µm
b_inputs_flat[5],140.22µm
g_row\[0\].g_col\[0\].pe/_0125_,139.82µm
a_reg\[8\],139.78µm
g_row\[0\].g_col\[1\].pe/net1158,139.72µm
g_row\[0\].g_col\[0\].pe/_0471_,139.71µm
a_wire\[4\]\[9\],139.535µm
net3339,139.49µm
net1209,139.43µm
g_row\[0\].g_col\[1\].pe/net2125,139.16µm
g_row\[0\].g_col\[1\].pe/net1136,139.13µm
net1289,139.08µm
g_row\[0\].g_col\[0\].pe/_0199_,138.96µm
clknet_4_8_0_clk,138.88µm
b_inputs_flat[7],138.58µm
net1102,138.26µm
a_wire\[3\]\[11\],137.94µm
net1596,137.87µm
g_row\[0\].g_col\[1\].pe/net2172,137.48µm
g_row\[0\].g_col\[1\].pe/net1120,136.9µm
net2791,136.78µm
net2479,136.72µm
net3255,136.68µm
load_weights,136.65µm
net3383,136.36µm
g_row\[0\].g_col\[1\].pe/net950,135.81µm
g_row\[0\].g_col\[0\].pe/r2_mantissa\[9\],135.8µm
net3542,135.47µm
net1280,135.44µm
net1348,135.3µm
g_row\[0\].g_col\[0\].pe/_0644_,134.895µm
net3398,134.84µm
g_row\[0\].g_col\[1\].pe/net1145,134.69µm
net1096,134.425µm
g_row\[0\].g_col\[1\].pe/net1148,134.4µm
net2673,134.29µm
net1213,134.14µm
g_row\[0\].g_col\[1\].pe/net942,133.86µm
b_inputs_flat[3],133.72µm
b_inputs_flat[8],133.64µm
net3248,133.64µm
net2505,133.19µm
g_row\[0\].g_col\[0\].pe/net1225,133.16µm
net3237,133.15µm
b_inputs_flat[6],133.02µm
net2674,133µm
net1456,132.74µm
g_row\[0\].g_col\[1\].pe/net1153,132.68µm
results_flat[28],132.59µm
g_row\[1\].g_col\[1\].pe/r2_sign,132.5µm
g_row\[0\].g_col\[1\].pe/net1117,132.46µm
b_inputs_flat[4],132.42µm
net1566,132.36µm
net3168,131.78µm
net1216,131.725µm
net1561,131.62µm
net2459,131.45µm
g_row\[1\].g_col\[0\].pe/_0558_,131.2µm
g_row\[0\].g_col\[1\].pe/net1173,131.12µm
_112_,131.08µm
net1459,130.86µm
net1212,130.7µm
g_row\[1\].g_col\[1\].pe/net1022,130.67µm
g_row\[1\].g_col\[0\].pe/_0001_,130.655µm
net3260,130.63µm
g_row\[1\].g_col\[1\].pe/net1009,130.33µm
net3188,130.28µm
g_row\[1\].g_col\[1\].pe/net1023,130.13µm
b_reg\[20\],130.12µm
net3209,130.06µm
net3312,129.89µm
net1331,129.84µm
net3177,129.66µm
net3361,129.6µm
a_wire\[3\]\[0\],129.58µm
_131_,128.22µm
net3204,128.16µm
net3187,128.04µm
net3239,128.04µm
g_row\[0\].g_col\[1\].pe/net1152,127.88µm
net2633,127.27µm
net2523,127.16µm
_105_,126.5µm
net3351,126.5µm
b_inputs_flat[26],126.38µm
net1327,126.24µm
net2089,126.19µm
g_row\[0\].g_col\[1\].pe/net1154,126.17µm
g_row\[0\].g_col\[0\].pe/net1211,126.115µm
net1437,126.04µm
net2471,125.9µm
net2096,125.68µm
net1522,125.5µm
net3386,125.4µm
g_row\[1\].g_col\[0\].pe/net910,125.22µm
g_row\[0\].g_col\[0\].pe/net977,125.08µm
g_row\[0\].g_col\[1\].pe/net1155,124.6µm
a_wire\[0\]\[14\],124.58µm
a_inputs_flat[15],124.55µm
net1246,124.5µm
net2631,124.5µm
g_row\[0\].g_col\[1\].pe/net1162,124.47µm
net2731,124.41µm
g_row\[1\].g_col\[1\].pe/net1027,124.4µm
net1552,124.29µm
g_row\[0\].g_col\[0\].pe/net872,124.2µm
g_row\[0\].g_col\[0\].pe/net1180,124.17µm
net3195,124.16µm
net1531,124.06µm
net1372,123.95µm
net1339,123.92µm
net2481,123.84µm
g_row\[0\].g_col\[0\].pe/_0389_,123.72µm
net2438,123.56µm
g_row\[0\].g_col\[1\].pe/r2_mantissa\[13\],123.46µm
net3334,123.28µm
_107_,123.2µm
g_row\[0\].g_col\[0\].pe/net991,123.18µm
net1306,123.16µm
g_row\[0\].g_col\[1\].pe/net963,123.025µm
g_row\[1\].g_col\[0\].pe/net1091,122.93µm
net1545,122.78µm
results_flat[17],122.71µm
net2562,122.685µm
net3165,122.62µm
g_row\[1\].g_col\[0\].pe/_0727_,122.095µm
g_row\[1\].g_col\[1\].pe/r2_mantissa\[13\],122.03µm
net3233,121.97µm
net3477,121.38µm
g_row\[0\].g_col\[1\].pe/_0644_,121.24µm
g_row\[0\].g_col\[0\].pe/net1193,121.2µm
net1320,120.8µm
g_row\[0\].g_col\[0\].pe/_0764_,120.76µm
net3494,120.55µm
net3344,120.28µm
g_row\[1\].g_col\[0\].pe/net1079,120.26µm
g_row\[0\].g_col\[1\].pe/_0694_,120.24µm
g_row\[0\].g_col\[1\].pe/net857,120.105µm
net1576,120.1µm
g_row\[1\].g_col\[0\].pe/net1081,120.04µm
b_inputs_flat[16],119.97µm
g_row\[1\].g_col\[0\].pe/r3_prod_sign,119.95µm
g_row\[1\].g_col\[1\].pe/net1046,119.9µm
g_row\[1\].g_col\[1\].pe/net1028,119.86µm
net3466,119.81µm
net3345,119.74µm
a_wire\[0\]\[8\],119.68µm
g_row\[1\].g_col\[0\].pe/net930,119.67µm
net3154,119.6µm
g_row\[0\].g_col\[1\].pe/net2133,119.425µm
net3206,119.42µm
g_row\[0\].g_col\[1\].pe/net2156,119.4µm
g_row\[1\].g_col\[0\].pe/_1311_,119.38µm
g_row\[0\].g_col\[1\].pe/net1160,119.3µm
g_row\[0\].g_col\[1\].pe/_0697_,119.1µm
b_reg\[1\],118.81µm
g_row\[0\].g_col\[0\].pe/r3_prod_mant\[9\],118.44µm
net2559,118.33µm
g_row\[1\].g_col\[1\].pe/net1033,118.32µm
g_row\[0\].g_col\[0\].pe/net1206,118.31µm
net1418,118.3µm
net1104,118.28µm
g_row\[0\].g_col\[0\].pe/net981,118.24µm
g_row\[1\].g_col\[1\].pe/net1029,117.94µm
g_row\[1\].g_col\[1\].pe/net898,117.775µm
net2515,117.71µm
net3357,117.52µm
a_inputs_flat[9],117.45µm
net3416,117.38µm
net3559,117.37µm
net3514,117.16µm
g_row\[0\].g_col\[1\].pe/net1141,117.095µm
net1106,116.9µm
g_row\[0\].g_col\[0\].pe/r2_mantissa\[8\],116.88µm
g_row\[1\].g_col\[1\].pe/net1040,116.84µm
net2526,116.805µm
g_row\[1\].g_col\[0\].pe/net1058,116.72µm
g_row\[0\].g_col\[0\].pe/net1716,116.69µm
net2431,116.64µm
net3355,116.54µm
b_inputs_flat[11],116.5µm
net1523,116.18µm
net3306,116.15µm
g_row\[1\].g_col\[1\].pe/_0689_,115.9µm
g_row\[0\].g_col\[1\].pe/net1157,115.79µm
g_row\[0\].g_col\[0\].pe/net1187,115.76µm
net3191,115.72µm
g_row\[1\].g_col\[1\].pe/_1060_,115.63µm
g_row\[0\].g_col\[1\].pe/net1166,115.57µm
g_row\[0\].g_col\[0\].pe/_0607_,115.295µm
net3180,115.16µm
g_row\[0\].g_col\[0\].pe/net873,115.14µm
g_row\[0\].g_col\[1\].pe/net937,114.78µm
a_wire\[1\]\[10\],114.725µm
net1217,114.5µm
net2413,114.44µm
g_row\[1\].g_col\[1\].pe/net1048,114.38µm
net2804,114.34µm
g_row\[0\].g_col\[1\].pe/net2134,114.29µm
g_row\[1\].g_col\[0\].pe/net911,114.2µm
net3113,113.97µm
b_inputs_flat[19],113.92µm
net1364,113.9µm
g_row\[0\].g_col\[0\].pe/r2_mantissa\[3\],113.78µm
net1241,113.77µm
net1092,113.745µm
net3133,113.72µm
g_row\[1\].g_col\[1\].pe/net1036,113.7µm
g_row\[1\].g_col\[1\].pe/net1054,113.58µm
a_wire\[0\]\[4\],113.54µm
g_row\[0\].g_col\[0\].pe/net971,113.535µm
net1516,113.48µm
net3242,113.48µm
net2454,113.365µm
g_row\[0\].g_col\[0\].pe/_1333_,113.31µm
net1436,113.28µm
g_row\[0\].g_col\[0\].pe/net1175,113.04µm
b_inputs_flat[22],113µm
g_row\[1\].g_col\[0\].pe/net1059,112.96µm
results_flat[25],112.93µm
b_inputs_flat[21],112.82µm
g_row\[1\].g_col\[1\].pe/net878,112.82µm
net3346,112.72µm
b_inputs_flat[31],112.7µm
net3322,112.61µm
net3417,112.56µm
net3557,112.38µm
g_row\[0\].g_col\[1\].pe/net1163,112.24µm
g_row\[0\].g_col\[1\].pe/net818,112.23µm
net2556,112.18µm
g_row\[1\].g_col\[1\].pe/net1043,111.97µm
g_row\[1\].g_col\[0\].pe/net1083,111.74µm
g_row\[0\].g_col\[1\].pe/net1149,111.74µm
net3281,111.56µm
g_row\[0\].g_col\[0\].pe/r2_mantissa\[10\],111.52µm
g_row\[0\].g_col\[1\].pe/r4_acc\[12\],111.51µm
net3279,111.29µm
g_row\[1\].g_col\[1\].pe/_0644_,110.98µm
b_reg\[28\],110.9µm
net1483,110.84µm
g_row\[1\].g_col\[1\].pe/r2_mantissa\[5\],110.71µm
a_wire\[1\]\[8\],110.695µm
g_row\[1\].g_col\[1\].pe/net888,110.605µm
net2989,110.34µm
_071_,110.32µm
net1375,110.28µm
a_reg\[11\],110.27µm
net2666,110.21µm
g_row\[0\].g_col\[1\].pe/net1156,109.96µm
net3214,109.94µm
b_inputs_flat[30],109.82µm
a_wire\[3\]\[7\],109.82µm
net1440,109.64µm
net3170,109.6µm
clknet_4_13_0_clk,109.56µm
results_flat[30],109.45µm
g_row\[0\].g_col\[1\].pe/net1147,109.42µm
net2778,109.345µm
net3328,109.14µm
net3286,109.08µm
net2675,109.06µm
g_row\[0\].g_col\[0\].pe/_0680_,109.055µm
net1263,109.04µm
net3253,109.02µm
g_row\[0\].g_col\[1\].pe/net953,108.935µm
net2412,108.92µm
net1488,108.74µm
a_wire\[1\]\[2\],108.66µm
net2531,108.58µm
g_row\[1\].g_col\[1\].pe/net1045,108.56µm
net3254,108.56µm
net2582,108.42µm
net1443,108.26µm
b_inputs_flat[17],108.22µm
results_flat[18],108.19µm
net1575,107.96µm
net3229,107.92µm
net1086,107.8µm
b_reg\[5\],107.76µm
net3131,107.76µm
g_row\[0\].g_col\[1\].pe/_1057_,107.67µm
g_row\[1\].g_col\[1\].pe/_0840_,107.655µm
b_inputs_flat[24],107.64µm
a_inputs_flat[7],107.61µm
net1626,107.58µm
net1481,107.44µm
net1347,107.32µm
g_row\[1\].g_col\[1\].pe/net830,107.31µm
g_row\[1\].g_col\[1\].pe/net1001,107.28µm
clknet_4_6_0_clk,107.28µm
b_reg\[8\],107.25µm
g_row\[0\].g_col\[1\].pe/net952,107.25µm
g_row\[1\].g_col\[0\].pe/_0680_,107.18µm
net1406,107.06µm
net1208,106.96µm
g_row\[0\].g_col\[0\].pe/net871,106.9µm
net3576,106.78µm
net2476,106.74µm
net1465,106.62µm
net1441,106.54µm
g_row\[0\].g_col\[0\].pe/net2320,106.54µm
g_row\[0\].g_col\[0\].pe/r2_mantissa\[2\],106.44µm
g_row\[0\].g_col\[0\].pe/net1184,106.255µm
net2098,106.25µm
net2803,106.1µm
net3153,106.08µm
g_row\[0\].g_col\[1\].pe/net956,105.9µm
g_row\[0\].g_col\[1\].pe/net2992,105.86µm
net2436,105.765µm
g_row\[1\].g_col\[1\].pe/net1030,105.76µm
g_row\[1\].g_col\[0\].pe/_1052_,105.62µm
net3497,105.56µm
g_row\[0\].g_col\[0\].pe/_0200_,105.22µm
g_row\[1\].g_col\[1\].pe/net1037,105.12µm
net1480,105.12µm
g_row\[0\].g_col\[1\].pe/r2_mantissa\[9\],105.08µm
g_row\[0\].g_col\[1\].pe/net2196,104.945µm
g_row\[0\].g_col\[0\].pe/r3_prod_mant\[7\],104.9µm
g_row\[0\].g_col\[0\].pe/_0727_,104.84µm
g_row\[1\].g_col\[0\].pe/_0764_,104.84µm
g_row\[0\].g_col\[0\].pe/net1699,104.83µm
net1378,104.78µm
b_reg\[21\],104.72µm
g_row\[0\].g_col\[0\].pe/net1196,104.7µm
net1543,104.66µm
g_row\[0\].g_col\[1\].pe/net854,104.54µm
g_row\[0\].g_col\[0\].pe/net826,104.53µm
g_row\[1\].g_col\[0\].pe/net1114,104.495µm
net1087,104.28µm
g_row\[0\].g_col\[0\].pe/net1721,104.19µm
a_inputs_flat[0],104.08µm
net1544,104.08µm
g_row\[0\].g_col\[0\].pe/net2253,104.055µm
g_row\[0\].g_col\[0\].pe/r3_prod_mant\[13\],104µm
net1608,103.96µm
net3353,103.62µm
results_flat[20],103.57µm
g_row\[0\].g_col\[1\].pe/_1197_,103.48µm
net3240,103.39µm
net1514,103.33µm
g_row\[0\].g_col\[0\].pe/net1177,103.3µm
net3205,103.25µm
g_row\[1\].g_col\[1\].pe/_1037_,103.2µm
g_row\[1\].g_col\[0\].pe/net1076,103.08µm
a_inputs_flat[13],102.97µm
clknet_4_2_0_clk,102.96µm
g_row\[1\].g_col\[0\].pe/net905,102.895µm
net3376,102.86µm
net3219,102.84µm
b_inputs_flat[20],102.83µm
net2764,102.76µm
net3370,102.72µm
net2487,102.68µm
g_row\[0\].g_col\[0\].pe/_0229_,102.59µm
clknet_4_1_0_clk,102.51µm
b_inputs_flat[29],102.45µm
net3244,102.39µm
net1432,102.32µm
net2734,102.31µm
g_row\[1\].g_col\[0\].pe/net1270,102.22µm
a_inputs_flat[30],102.17µm
_126_,101.98µm
net1496,101.96µm
reset,101.91µm
net3293,101.84µm
g_row\[1\].g_col\[0\].pe/net1088,101.82µm
net2649,101.7µm
a_wire\[4\]\[10\],101.59µm
g_row\[1\].g_col\[1\].pe/_0634_,101.54µm
net1085,101.5µm
g_row\[0\].g_col\[1\].pe/net1165,101.5µm
net3562,101.48µm
_082_,101.44µm
results_flat[19],101.43µm
net1975,100.98µm
net2590,100.96µm
g_row\[0\].g_col\[1\].pe/net1977,100.88µm
net2410,100.82µm
net1099,100.78µm
net1637,100.73µm
g_row\[0\].g_col\[0\].pe/_1311_,100.625µm
net2692,100.39µm
a_wire\[1\]\[9\],100.33µm
g_row\[0\].g_col\[0\].pe/_0124_,100.32µm
a_inputs_flat[14],100.29µm
g_row\[0\].g_col\[0\].pe/net985,100.285µm
net1567,100.22µm
results_flat[29],100.21µm
net1371,100.14µm
g_row\[1\].g_col\[0\].pe/net823,100.12µm
a_inputs_flat[5],100.11µm
net2472,99.885µm
g_row\[0\].g_col\[0\].pe/net980,99.875µm
net3385,99.85µm
g_row\[1\].g_col\[1\].pe/net821,99.78µm
results_flat[24],99.69µm
net3140,99.68µm
net1461,99.46µm
g_row\[1\].g_col\[1\].pe/net1041,99.41µm
g_row\[0\].g_col\[1\].pe/net1125,99.28µm
b_reg\[2\],99.21µm
results_flat[9],99.12µm
g_row\[0\].g_col\[0\].pe/net1722,99.12µm
b_inputs_flat[23],99.09µm
g_row\[0\].g_col\[0\].pe/net992,98.875µm
g_row\[0\].g_col\[0\].pe/net1254,98.8µm
g_row\[0\].g_col\[0\].pe/net979,98.62µm
b_reg\[19\],98.56µm
net1248,98.56µm
a_inputs_flat[6],98.43µm
g_row\[0\].g_col\[1\].pe/r4_acc\[10\],98.375µm
net2087,98.36µm
net3522,98.34µm
net1210,98.26µm
g_row\[0\].g_col\[1\].pe/net1130,97.96µm
g_row\[0\].g_col\[1\].pe/net1168,97.94µm
g_row\[1\].g_col\[0\].pe/net915,97.805µm
net3335,97.7µm
g_row\[0\].g_col\[0\].pe/r3_prod_mant\[6\],97.49µm
net1501,97.46µm
g_row\[0\].g_col\[0\].pe/r3_prod_mant\[8\],97.42µm
g_row\[1\].g_col\[1\].pe/net1990,97.36µm
g_row\[1\].g_col\[0\].pe/net1101,97.11µm
net2735,97.08µm
net3541,97.08µm
g_row\[0\].g_col\[0\].pe/net973,97.02µm
g_row\[0\].g_col\[1\].pe/net1128,97µm
g_row\[0\].g_col\[0\].pe/net1194,96.9µm
net1370,96.81µm
g_row\[1\].g_col\[1\].pe/net1017,96.78µm
_103_,96.74µm
g_row\[0\].g_col\[0\].pe/r4_acc\[0\],96.72µm
clear_acc,96.69µm
g_row\[0\].g_col\[0\].pe/_1116_,96.48µm
_133_,96.4µm
g_row\[1\].g_col\[1\].pe/net1419,96.39µm
net2509,96.38µm
net2083,96.37µm
g_row\[0\].g_col\[0\].pe/net1190,96.29µm
b_inputs_flat[27],96.19µm
g_row\[1\].g_col\[1\].pe/_0236_,96.18µm
g_row\[0\].g_col\[1\].pe/_0647_,96.13µm
results_flat[60],96.07µm
g_row\[0\].g_col\[0\].pe/net1717,95.91µm
compute_enable,95.85µm
a_inputs_flat[23],95.71µm
g_row\[0\].g_col\[0\].pe/_0612_,95.64µm
net2568,95.605µm
net2513,95.46µm
net3430,95.42µm
g_row\[0\].g_col\[0\].pe/_0381_,95.39µm
net3365,95.38µm
b_reg\[9\],95.33µm
b_reg\[3\],95.29µm
g_row\[0\].g_col\[1\].pe/net936,95.24µm
net3543,94.96µm
a_inputs_flat[25],94.93µm
g_row\[0\].g_col\[0\].pe/net975,94.735µm
net2535,94.7µm
g_row\[1\].g_col\[0\].pe/net1768,94.68µm
net3274,94.62µm
net1324,94.52µm
g_row\[0\].g_col\[0\].pe/net984,94.45µm
net1526,94.44µm
g_row\[0\].g_col\[1\].pe/_0410_,94.34µm
a_wire\[1\]\[5\],94.32µm
net3484,94.32µm
net2422,94.3µm
g_row\[0\].g_col\[0\].pe/net2113,94.28µm
net3230,94.28µm
net1344,94.06µm
g_row\[1\].g_col\[1\].pe/net1047,94.04µm
net3409,94.04µm
a_inputs_flat[12],94.03µm
net3144,94.03µm
a_inputs_flat[24],93.73µm
g_row\[1\].g_col\[0\].pe/net1105,93.575µm
net1247,93.56µm
b_wire\[2\]\[10\],93.55µm
g_row\[0\].g_col\[1\].pe/net2182,93.5µm
g_row\[0\].g_col\[1\].pe/_0637_,93.44µm
g_row\[1\].g_col\[0\].pe/net1760,93.39µm
g_row\[1\].g_col\[0\].pe/net1420,93.38µm
g_row\[0\].g_col\[0\].pe/net1715,93.38µm
_109_,93.28µm
net3308,93.28µm
g_row\[1\].g_col\[1\].pe/_1040_,93.18µm
g_row\[1\].g_col\[0\].pe/net1115,93.18µm
net2783,93.08µm
g_row\[1\].g_col\[0\].pe/net909,93.035µm
g_row\[0\].g_col\[1\].pe/net1143,93.015µm
g_row\[0\].g_col\[0\].pe/net1230,92.98µm
g_row\[1\].g_col\[0\].pe/_0000_,92.96µm
net3222,92.85µm
a_wire\[1\]\[14\],92.78µm
g_row\[0\].g_col\[0\].pe/_0163_,92.74µm
g_row\[0\].g_col\[1\].pe/net2967,92.62µm
net3546,92.4µm
net1367,92.38µm
g_row\[0\].g_col\[0\].pe/_0376_,92.3µm
g_row\[0\].g_col\[1\].pe/net1121,92.285µm
g_row\[0\].g_col\[0\].pe/_0387_,92.28µm
net2782,92.26µm
net2452,92.22µm
g_row\[1\].g_col\[1\].pe/_0098_,92.09µm
g_row\[1\].g_col\[0\].pe/_0644_,92.075µm
a_inputs_flat[3],91.99µm
g_row\[1\].g_col\[1\].pe/net1020,91.86µm
net2494,91.76µm
g_row\[0\].g_col\[0\].pe/net1197,91.66µm
_081_,91.62µm
net1416,91.6µm
a_inputs_flat[26],91.57µm
net3377,91.5µm
g_row\[1\].g_col\[0\].pe/_0694_,91.47µm
g_row\[1\].g_col\[1\].pe/net890,91.445µm
a_inputs_flat[10],91.41µm
_106_,91.4µm
g_row\[0\].g_col\[0\].pe/net2307,91.38µm
g_row\[0\].g_col\[0\].pe/_0634_,91.36µm
g_row\[0\].g_col\[1\].pe/r4_acc\[5\],91.36µm
results_flat[23],91.17µm
g_row\[0\].g_col\[1\].pe/_0203_,91.09µm
enable,91.03µm
g_row\[0\].g_col\[0\].pe/net986,91.02µm
g_row\[1\].g_col\[1\].pe/net1034,90.865µm
_068_,90.86µm
_127_,90.72µm
net3521,90.72µm
clknet_4_7_0_clk,90.64µm
b_reg\[25\],90.59µm
net2612,90.54µm
net2662,90.54µm
g_row\[0\].g_col\[1\].pe/net859,90.5µm
a_inputs_flat[29],90.49µm
b_inputs_flat[12],90.42µm
g_row\[1\].g_col\[0\].pe/net1095,90.34µm
net2512,90.34µm
net1094,90.28µm
net2664,90.115µm
net2788,90.09µm
g_row\[1\].g_col\[1\].pe/r4_acc\[8\],90.08µm
g_row\[1\].g_col\[0\].pe/net916,90.07µm
a_inputs_flat[2],90.03µm
net2655,89.805µm
g_row\[0\].g_col\[0\].pe/_0385_,89.74µm
g_row\[0\].g_col\[0\].pe/net1702,89.71µm
g_row\[1\].g_col\[1\].pe/r2_mantissa\[10\],89.46µm
net1398,89.3µm
net1307,89.26µm
net1464,89.26µm
net3252,89.26µm
net3259,89.22µm
g_row\[0\].g_col\[0\].pe/net827,89µm
net2490,88.905µm
g_row\[0\].g_col\[1\].pe/net941,88.83µm
net2440,88.82µm
g_row\[1\].g_col\[0\].pe/net847,88.8µm
g_row\[0\].g_col\[1\].pe/_0415_,88.74µm
g_row\[0\].g_col\[1\].pe/net960,88.615µm
g_row\[0\].g_col\[1\].pe/_0638_,88.6µm
g_row\[1\].g_col\[0\].pe/net1078,88.42µm
net3411,88.36µm
a_inputs_flat[20],88.35µm
a_inputs_flat[28],88.33µm
net2161,88.33µm
net3392,88.32µm
net2514,88.315µm
_080_,88.18µm
g_row\[0\].g_col\[0\].pe/net1224,88.18µm
g_row\[1\].g_col\[1\].pe/net1052,88.16µm
net2532,88.14µm
b_inputs_flat[13],88.1µm
g_row\[1\].g_col\[1\].pe/net839,88.1µm
g_row\[0\].g_col\[0\].pe/_0384_,88.04µm
g_row\[0\].g_col\[1\].pe/net1151,87.98µm
a_wire\[4\]\[3\],87.96µm
g_row\[1\].g_col\[1\].pe/r4_acc\[7\],87.9µm
a_inputs_flat[17],87.89µm
net2460,87.855µm
g_row\[0\].g_col\[1\].pe/net954,87.845µm
net2497,87.8µm
g_row\[0\].g_col\[1\].pe/_0634_,87.78µm
g_row\[0\].g_col\[1\].pe/net1135,87.73µm
a_inputs_flat[27],87.71µm
net1503,87.66µm
g_row\[1\].g_col\[0\].pe/net849,87.61µm
net2544,87.605µm
g_row\[0\].g_col\[1\].pe/net939,87.45µm
g_row\[0\].g_col\[0\].pe/net1703,87.44µm
g_row\[0\].g_col\[1\].pe/net2346,87.36µm
_129_,87.22µm
g_row\[1\].g_col\[0\].pe/net1097,87.06µm
net2595,87µm
net2736,86.865µm
g_row\[0\].g_col\[1\].pe/r4_acc\[7\],86.7µm
g_row\[1\].g_col\[1\].pe/net1044,86.7µm
net3382,86.62µm
net2524,86.57µm
_110_,86.52µm
g_row\[1\].g_col\[1\].pe/net1021,86.5µm
a_wire\[4\]\[1\],86.46µm
net3228,86.46µm
net1376,86.33µm
net2484,86.305µm
net3407,86.18µm
g_row\[1\].g_col\[0\].pe/net1103,86.12µm
g_row\[0\].g_col\[0\].pe/net2367,86.12µm
_132_,86.04µm
net3475,85.86µm
net1573,85.82µm
_123_,85.78µm
net2761,85.73µm
g_row\[1\].g_col\[1\].pe/net881,85.62µm
net3235,85.5µm
_108_,85.48µm
net3141,85.46µm
net3245,85.46µm
g_row\[1\].g_col\[1\].pe/net1057,85.42µm
g_row\[1\].g_col\[0\].pe/net846,85.375µm
g_row\[1\].g_col\[0\].pe/_1313_,85.36µm
g_row\[0\].g_col\[1\].pe/_0384_,85.32µm
net2408,85.32µm
net3366,85.28µm
g_row\[1\].g_col\[0\].pe/net907,85.25µm
net1601,85.24µm
net2538,85.185µm
a_inputs_flat[1],85.15µm
net3332,85.08µm
net3425,85.08µm
net2632,84.9µm
_117_,84.88µm
net2138,84.855µm
net2584,84.84µm
net3432,84.76µm
g_row\[0\].g_col\[0\].pe/r2_mantissa\[13\],84.68µm
net2763,84.66µm
g_row\[1\].g_col\[0\].pe/net906,84.61µm
_083_,84.5µm
net1080,84.495µm
g_row\[0\].g_col\[0\].pe/_0391_,84.48µm
net1937,84.32µm
net2656,84.31µm
g_row\[0\].g_col\[0\].pe/net865,84.24µm
a_inputs_flat[21],84.13µm
g_row\[0\].g_col\[1\].pe/net1126,84.12µm
g_row\[0\].g_col\[1\].pe/_1293_,84.11µm
g_row\[0\].g_col\[1\].pe/net2195,84.06µm
g_row\[1\].g_col\[0\].pe/_0634_,84µm
results_flat[27],83.95µm
g_row\[0\].g_col\[1\].pe/net1139,83.945µm
g_row\[0\].g_col\[1\].pe/r4_acc\[4\],83.86µm
a_inputs_flat[4],83.83µm
g_row\[1\].g_col\[1\].pe/net1003,83.8µm
net2502,83.785µm
g_row\[0\].g_col\[1\].pe/net959,83.78µm
g_row\[0\].g_col\[1\].pe/net1159,83.55µm
g_row\[1\].g_col\[0\].pe/_0840_,83.53µm
net2749,83.42µm
g_row\[1\].g_col\[1\].pe/r2_mantissa\[12\],83.38µm
net2442,83.285µm
g_row\[0\].g_col\[0\].pe/_0231_,83.28µm
net2573,83.26µm
g_row\[0\].g_col\[1\].pe/net2167,83.24µm
g_row\[0\].g_col\[0\].pe/net1256,83.2µm
net2616,83.165µm
g_row\[1\].g_col\[0\].pe/net908,83.105µm
g_row\[1\].g_col\[0\].pe/_1265_,83.1µm
net2587,83.02µm
a_wire\[4\]\[15\],82.98µm
g_row\[0\].g_col\[1\].pe/net1234,82.695µm
net3337,82.68µm
net2665,82.6µm
g_row\[0\].g_col\[0\].pe/net2948,82.6µm
a_inputs_flat[16],82.55µm
g_row\[0\].g_col\[0\].pe/net2920,82.5µm
g_row\[1\].g_col\[1\].pe/_0341_,82.48µm
a_wire\[0\]\[11\],82.46µm
a_inputs_flat[18],82.35µm
g_row\[0\].g_col\[0\].pe/net1698,82.2µm
_104_,82.14µm
net3181,82.12µm
net1223,82.08µm
a_wire\[3\]\[2\],82.02µm
net2554,81.98µm
net1365,81.94µm
net1397,81.75µm
net2660,81.68µm
net1477,81.64µm
net3171,81.61µm
g_row\[1\].g_col\[0\].pe/net1108,81.605µm
g_row\[0\].g_col\[0\].pe/r3_prod_mant\[5\],81.6µm
a_wire\[1\]\[6\],81.56µm
g_row\[1\].g_col\[1\].pe/net3006,81.54µm
g_row\[0\].g_col\[1\].pe/r4_acc\[13\],81.45µm
g_row\[1\].g_col\[1\].pe/_1313_,81.42µm
net3138,81.41µm
net2338,81.33µm
g_row\[0\].g_col\[1\].pe/_0471_,81.32µm
net2591,81.32µm
results_flat[54],81.29µm
g_row\[0\].g_col\[1\].pe/net858,81.24µm
a_reg\[0\],81.22µm
g_row\[1\].g_col\[1\].pe/_0115_,81.2µm
net2626,81.19µm
net1098,81µm
net1411,80.99µm
g_row\[0\].g_col\[0\].pe/net1200,80.98µm
net2415,80.96µm
net1084,80.945µm
a_wire\[3\]\[5\],80.9µm
g_row\[0\].g_col\[1\].pe/_0617_,80.9µm
g_row\[0\].g_col\[1\].pe/r3_prod_mant\[13\],80.88µm
net2691,80.86µm
g_row\[0\].g_col\[1\].pe/_0381_,80.83µm
results_flat[21],80.81µm
g_row\[0\].g_col\[1\].pe/_0408_,80.8µm
g_row\[0\].g_col\[0\].pe/net1192,80.74µm
net3129,80.73µm
net3441,80.64µm
g_row\[0\].g_col\[0\].pe/net1882,80.54µm
g_row\[1\].g_col\[0\].pe/r2_mantissa\[8\],80.52µm
g_row\[1\].g_col\[1\].pe/net1244,80.52µm
g_row\[0\].g_col\[0\].pe/net2886,80.5µm
g_row\[1\].g_col\[0\].pe/_1244_,80.48µm
results_flat[7],80.4µm
net2560,80.38µm
net2488,80.26µm
net2498,80.26µm
a_inputs_flat[31],80.25µm
g_row\[0\].g_col\[1\].pe/net862,80.17µm
net1287,79.98µm
g_row\[0\].g_col\[0\].pe/_0905_,79.97µm
g_row\[1\].g_col\[1\].pe/net1010,79.94µm
g_row\[0\].g_col\[0\].pe/_0394_,79.86µm
g_row\[0\].g_col\[0\].pe/r4_acc\[9\],79.78µm
net2776,79.65µm
net1513,79.58µm
g_row\[0\].g_col\[0\].pe/_0867_,79.57µm
net3159,79.56µm
net3295,79.5µm
g_row\[0\].g_col\[0\].pe/_0098_,79.485µm
g_row\[1\].g_col\[0\].pe/net919,79.485µm
g_row\[1\].g_col\[0\].pe/net926,79.47µm
net3360,79.44µm
_120_,79.38µm
net2175,79.26µm
a_wire\[4\]\[8\],79.25µm
g_row\[1\].g_col\[0\].pe/net822,79.18µm
net2592,79.165µm
net3516,78.94µm
net3280,78.87µm
g_row\[1\].g_col\[0\].pe/_1214_,78.8µm
a_wire\[1\]\[7\],78.78µm
g_row\[0\].g_col\[1\].pe/_1037_,78.78µm
g_row\[0\].g_col\[1\].pe/net2997,78.76µm
a_wire\[3\]\[3\],78.65µm
g_row\[1\].g_col\[1\].pe/_0125_,78.64µm
g_row\[1\].g_col\[0\].pe/net1261,78.44µm
g_row\[1\].g_col\[0\].pe/net817,78.44µm
net2423,78.42µm
net3146,78.36µm
g_row\[1\].g_col\[1\].pe/_1315_,78.06µm
g_row\[0\].g_col\[1\].pe/_0385_,78.04µm
net3568,78µm
g_row\[0\].g_col\[1\].pe/_0098_,77.96µm
g_row\[0\].g_col\[0\].pe/net867,77.745µm
g_row\[1\].g_col\[0\].pe/_1151_,77.69µm
g_row\[1\].g_col\[1\].pe/_0680_,77.665µm
g_row\[1\].g_col\[0\].pe/net914,77.66µm
net1614,77.52µm
clknet_4_3_0_clk,77.5µm
g_row\[0\].g_col\[0\].pe/_0400_,77.41µm
g_row\[1\].g_col\[1\].pe/r4_acc\[9\],77.4µm
g_row\[1\].g_col\[0\].pe/net840,77.37µm
g_row\[1\].g_col\[1\].pe/net836,77.355µm
_111_,77.34µm
g_row\[0\].g_col\[0\].pe/net1189,77.34µm
g_row\[1\].g_col\[0\].pe/net845,77.285µm
g_row\[0\].g_col\[1\].pe/net855,77.28µm
net3445,77.22µm
net2659,77.16µm
net1328,77.135µm
a_reg\[4\],77.12µm
net3426,77.08µm
g_row\[0\].g_col\[1\].pe/net824,77.04µm
g_row\[0\].g_col\[0\].pe/net996,77.015µm
g_row\[1\].g_col\[1\].pe/_0647_,76.98µm
g_row\[1\].g_col\[0\].pe/net1110,76.96µm
g_row\[0\].g_col\[1\].pe/net1161,76.94µm
g_row\[0\].g_col\[0\].pe/_0268_,76.92µm
b_reg\[30\],76.88µm
g_row\[1\].g_col\[0\].pe/net1064,76.86µm
net1493,76.81µm
results_flat[62],76.71µm
a_wire\[0\]\[0\],76.68µm
g_row\[0\].g_col\[1\].pe/net1137,76.62µm
a_wire\[4\]\[11\],76.58µm
net2508,76.495µm
g_row\[0\].g_col\[0\].pe/net1202,76.43µm
g_row\[0\].g_col\[0\].pe/net2235,76.405µm
results_flat[16],76.39µm
net3537,76.38µm
g_row\[0\].g_col\[0\].pe/net2308,76.365µm
a_inputs_flat[19],76.35µm
net3227,76.3µm
results_flat[22],76.29µm
clknet_4_11_0_clk,76.24µm
net3413,76.24µm
g_row\[1\].g_col\[1\].pe/r2_mantissa\[3\],76.22µm
net1269,76.19µm
net2185,76.16µm
net2448,76.025µm
g_row\[0\].g_col\[0\].pe/net1881,76µm
g_row\[1\].g_col\[1\].pe/r4_acc\[6\],75.99µm
net2150,75.98µm
g_row\[1\].g_col\[1\].pe/_0237_,75.96µm
net2678,75.96µm
g_row\[1\].g_col\[1\].pe/_1244_,75.94µm
b_wire\[0\]\[14\],75.92µm
net2571,75.72µm
g_row\[0\].g_col\[1\].pe/_0106_,75.6µm
g_row\[1\].g_col\[1\].pe/net1024,75.58µm
g_row\[1\].g_col\[1\].pe/net1035,75.55µm
net1400,75.46µm
g_row\[0\].g_col\[0\].pe/r3_prod_mant\[10\],75.44µm
g_row\[0\].g_col\[1\].pe/net1171,75.415µm
g_row\[0\].g_col\[1\].pe/_0727_,75.36µm
g_row\[0\].g_col\[0\].pe/_0396_,75.35µm
g_row\[0\].g_col\[0\].pe/_1060_,75.3µm
g_row\[0\].g_col\[1\].pe/net860,75.28µm
results_flat[53],75.21µm
g_row\[1\].g_col\[0\].pe/_0647_,75.16µm
g_row\[1\].g_col\[1\].pe/net884,75.125µm
g_row\[1\].g_col\[1\].pe/net1002,75.12µm
g_row\[0\].g_col\[1\].pe/r4_acc\[9\],75.12µm
net2118,75.09µm
g_row\[0\].g_col\[0\].pe/net1000,75.02µm
net2419,74.98µm
g_row\[0\].g_col\[0\].pe/net1226,74.96µm
g_row\[0\].g_col\[1\].pe/net3120,74.72µm
g_row\[0\].g_col\[0\].pe/net974,74.7µm
net1473,74.68µm
g_row\[0\].g_col\[0\].pe/net1958,74.68µm
net2500,74.68µm
net3341,74.58µm
g_row\[1\].g_col\[0\].pe/net928,74.515µm
results_flat[50],74.49µm
g_row\[0\].g_col\[0\].pe/_1325_,74.35µm
results_flat[52],74.33µm
net2462,74.3µm
net3276,74.28µm
g_row\[1\].g_col\[0\].pe/_1101_,74.26µm
a_wire\[0\]\[12\],74.18µm
g_row\[1\].g_col\[0\].pe/net917,74.14µm
net1875,74.13µm
g_row\[0\].g_col\[1\].pe/_1064_,74.1µm
net1353,74.06µm
g_row\[0\].g_col\[1\].pe/_0361_,73.95µm
g_row\[0\].g_col\[1\].pe/net2359,73.94µm
g_row\[1\].g_col\[1\].pe/r2_mantissa\[14\],73.92µm
g_row\[1\].g_col\[1\].pe/_1150_,73.89µm
_124_,73.86µm
g_row\[1\].g_col\[0\].pe/_0854_,73.86µm
net1883,73.82µm
results_flat[55],73.79µm
net2496,73.765µm
g_row\[0\].g_col\[1\].pe/net1138,73.76µm
g_row\[0\].g_col\[1\].pe/net1133,73.74µm
g_row\[1\].g_col\[1\].pe/net879,73.7µm
net3420,73.56µm
results_flat[26],73.55µm
net3427,73.52µm
net2548,73.46µm
net2672,73.38µm
results_flat[31],73.33µm
g_row\[1\].g_col\[0\].pe/_1306_,73.3µm
g_row\[1\].g_col\[0\].pe/net920,73.245µm
net2630,73.19µm
net1780,73.18µm
net1239,73.06µm
g_row\[1\].g_col\[0\].pe/_0697_,73.04µm
net1794,73.02µm
net2578,73µm
net1562,72.98µm
g_row\[1\].g_col\[0\].pe/_0851_,72.92µm
a_reg\[12\],72.85µm
net1337,72.85µm
g_row\[0\].g_col\[0\].pe/_1283_,72.82µm
g_row\[1\].g_col\[1\].pe/net885,72.76µm
net2418,72.725µm
_125_,72.5µm
b_wire\[0\]\[8\],72.48µm
g_row\[1\].g_col\[0\].pe/_1305_,72.46µm
g_row\[1\].g_col\[1\].pe/_0964_,72.44µm
g_row\[1\].g_col\[0\].pe/_1037_,72.4µm
a_reg\[9\],72.33µm
g_row\[0\].g_col\[1\].pe/_0619_,72.3µm
net1762,72.24µm
g_row\[1\].g_col\[0\].pe/net913,72.18µm
g_row\[1\].g_col\[1\].pe/_1333_,72.18µm
net2417,72.18µm
g_row\[0\].g_col\[1\].pe/net1169,72.14µm
g_row\[1\].g_col\[1\].pe/_0203_,72.1µm
net2478,72.085µm
g_row\[0\].g_col\[1\].pe/_0118_,72.08µm
g_row\[1\].g_col\[1\].pe/_0577_,72.08µm
net1518,72µm
g_row\[0\].g_col\[0\].pe/net1749,71.88µm
g_row\[0\].g_col\[1\].pe/net1116,71.79µm
g_row\[1\].g_col\[1\].pe/r3_prod_mant\[8\],71.64µm
g_row\[0\].g_col\[1\].pe/net1146,71.635µm
_122_,71.6µm
net1572,71.52µm
net3467,71.42µm
b_reg\[22\],71.36µm
g_row\[0\].g_col\[1\].pe/_0363_,71.31µm
g_row\[0\].g_col\[1\].pe/net945,71.3µm
g_row\[1\].g_col\[0\].pe/net1074,71.26µm
g_row\[1\].g_col\[1\].pe/net820,71.25µm
g_row\[0\].g_col\[1\].pe/_1143_,71.22µm
g_row\[1\].g_col\[1\].pe/net1019,71.14µm
g_row\[0\].g_col\[0\].pe/net1752,71.14µm
net2409,71.1µm
net2580,71.085µm
net1369,71.08µm
net1551,71.08µm
g_row\[1\].g_col\[1\].pe/net1050,70.94µm
g_row\[1\].g_col\[0\].pe/net1067,70.84µm
g_row\[0\].g_col\[0\].pe/_0320_,70.82µm
g_row\[1\].g_col\[0\].pe/net848,70.75µm
net2732,70.72µm
clknet_leaf_74_clk,70.68µm
results_flat[57],70.63µm
g_row\[0\].g_col\[1\].pe/net1972,70.63µm
g_row\[0\].g_col\[1\].pe/r4_acc\[6\],70.62µm
net2424,70.605µm
g_row\[0\].g_col\[1\].pe/r4_acc\[8\],70.6µm
g_row\[1\].g_col\[1\].pe/_0605_,70.58µm
clknet_4_4_0_clk,70.52µm
g_row\[0\].g_col\[1\].pe/net1279,70.49µm
net3401,70.48µm
_134_,70.42µm
_119_,70.34µm
a_reg\[6\],70.29µm
net1430,70.24µm
g_row\[0\].g_col\[0\].pe/net1697,70.12µm
net2575,70.08µm
g_row\[0\].g_col\[0\].pe/r4_acc\[10\],70.04µm
g_row\[0\].g_col\[0\].pe/net1753,69.98µm
g_row\[0\].g_col\[0\].pe/net1227,69.935µm
g_row\[1\].g_col\[0\].pe/net1061,69.67µm
_118_,69.66µm
net1275,69.58µm
clknet_leaf_40_clk,69.54µm
g_row\[0\].g_col\[1\].pe/_0107_,69.5µm
g_row\[0\].g_col\[1\].pe/net2032,69.5µm
g_row\[0\].g_col\[1\].pe/net2340,69.46µm
net1090,69.4µm
g_row\[0\].g_col\[1\].pe/_1308_,69.39µm
net1412,69.32µm
_079_,69.3µm
_077_,69.24µm
g_row\[1\].g_col\[0\].pe/net850,69.15µm
g_row\[1\].g_col\[1\].pe/_1148_,69.14µm
g_row\[1\].g_col\[0\].pe/net1077,69.08µm
g_row\[0\].g_col\[0\].pe/net1720,69.04µm
net2663,68.98µm
net2786,68.98µm
g_row\[0\].g_col\[1\].pe/_0075_,68.94µm
g_row\[0\].g_col\[0\].pe/_0930_,68.9µm
net3529,68.9µm
g_row\[0\].g_col\[0\].pe/net819,68.88µm
g_row\[1\].g_col\[1\].pe/net1694,68.86µm
results_flat[61],68.85µm
net2140,68.83µm
net2721,68.78µm
g_row\[1\].g_col\[1\].pe/net1051,68.765µm
net3570,68.6µm
g_row\[1\].g_col\[1\].pe/net837,68.54µm
net2614,68.48µm
g_row\[0\].g_col\[0\].pe/net2225,68.47µm
g_row\[1\].g_col\[1\].pe/net2872,68.44µm
a_reg\[10\],68.4µm
g_row\[0\].g_col\[0\].pe/r3_prod_mant\[11\],68.38µm
g_row\[0\].g_col\[0\].pe/_1115_,68.36µm
b_wire\[2\]\[9\],68.33µm
g_row\[0\].g_col\[0\].pe/net2248,68.28µm
g_row\[0\].g_col\[0\].pe/net2001,68.12µm
g_row\[0\].g_col\[0\].pe/_0470_,68.08µm
g_row\[0\].g_col\[1\].pe/net1131,68µm
g_row\[0\].g_col\[1\].pe/net2146,67.94µm
a_wire\[0\]\[2\],67.865µm
a_wire\[0\]\[6\],67.86µm
net1291,67.83µm
g_row\[1\].g_col\[1\].pe/_0160_,67.8µm
g_row\[0\].g_col\[1\].pe/net2354,67.72µm
g_row\[1\].g_col\[0\].pe/_0820_,67.7µm
b_wire\[2\]\[8\],67.56µm
net3566,67.4µm
a_wire\[4\]\[4\],67.36µm
g_row\[0\].g_col\[0\].pe/net3040,67.36µm
g_row\[0\].g_col\[0\].pe/net2273,67.34µm
net2537,67.27µm
net2658,67.195µm
net2446,67.19µm
g_row\[0\].g_col\[1\].pe/net2243,67.18µm
g_row\[1\].g_col\[1\].pe/_1116_,67.16µm
clknet_leaf_76_clk,67.14µm
net3350,67.14µm
net3540,67.14µm
g_row\[0\].g_col\[1\].pe/_0120_,66.99µm
net1615,66.98µm
g_row\[1\].g_col\[0\].pe/_0098_,66.95µm
net1431,66.92µm
net2676,66.905µm
net1282,66.9µm
g_row\[1\].g_col\[1\].pe/net2871,66.88µm
g_row\[0\].g_col\[1\].pe/net949,66.845µm
g_row\[0\].g_col\[0\].pe/_0697_,66.81µm
g_row\[0\].g_col\[0\].pe/r4_acc\[6\],66.74µm
g_row\[1\].g_col\[1\].pe/_0103_,66.72µm
g_row\[0\].g_col\[0\].pe/_1213_,66.67µm
g_row\[1\].g_col\[1\].pe/_0137_,66.67µm
net1888,66.57µm
g_row\[0\].g_col\[0\].pe/_0647_,66.54µm
net1657,66.52µm
g_row\[0\].g_col\[0\].pe/_0465_,66.5µm
g_row\[0\].g_col\[0\].pe/net1179,66.42µm
net3495,66.4µm
g_row\[0\].g_col\[0\].pe/r3_prod_mant\[4\],66.38µm
g_row\[1\].g_col\[0\].pe/_0923_,66.32µm
net3558,66.3µm
g_row\[1\].g_col\[1\].pe/r4_acc\[13\],66.27µm
net3591,66.26µm
g_row\[0\].g_col\[0\].pe/net1186,66.24µm
net3369,66.18µm
_128_,66.04µm
g_row\[0\].g_col\[0\].pe/net2012,65.99µm
g_row\[1\].g_col\[0\].pe/net927,65.98µm
g_row\[1\].g_col\[1\].pe/_1154_,65.95µm
g_row\[1\].g_col\[1\].pe/net2176,65.94µm
net3449,65.92µm
net1284,65.9µm
net1276,65.88µm
g_row\[0\].g_col\[0\].pe/net987,65.775µm
net2416,65.76µm
g_row\[1\].g_col\[0\].pe/_1237_,65.74µm
g_row\[1\].g_col\[0\].pe/net1259,65.72µm
net2536,65.72µm
g_row\[1\].g_col\[1\].pe/net1039,65.675µm
g_row\[1\].g_col\[1\].pe/_0178_,65.48µm
g_row\[0\].g_col\[0\].pe/net866,65.38µm
g_row\[1\].g_col\[0\].pe/_1057_,65.24µm
net1325,65.2µm
clknet_leaf_54_clk,65.2µm
g_row\[0\].g_col\[1\].pe/net2129,65.14µm
net2648,65.14µm
g_row\[0\].g_col\[1\].pe/_1099_,65.1µm
g_row\[1\].g_col\[1\].pe/r4_acc\[15\],65.02µm
g_row\[0\].g_col\[0\].pe/_1273_,64.98µm
net1402,64.92µm
g_row\[1\].g_col\[0\].pe/_1210_,64.84µm
net1374,64.79µm
g_row\[0\].g_col\[1\].pe/r4_acc\[0\],64.77µm
g_row\[0\].g_col\[1\].pe/net2993,64.76µm
g_row\[0\].g_col\[1\].pe/_0319_,64.74µm
b_reg\[27\],64.68µm
g_row\[1\].g_col\[1\].pe/net1056,64.62µm
g_row\[0\].g_col\[1\].pe/net1118,64.57µm
net2694,64.54µm
g_row\[0\].g_col\[0\].pe/r4_acc\[13\],64.46µm
g_row\[1\].g_col\[0\].pe/_1215_,64.4µm
g_row\[1\].g_col\[1\].pe/_0076_,64.4µm
net2702,64.26µm
g_row\[1\].g_col\[1\].pe/_0141_,64.18µm
a_reg\[14\],64.14µm
g_row\[0\].g_col\[0\].pe/_1182_,64.13µm
net1329,64.1µm
net3343,64.08µm
g_row\[0\].g_col\[1\].pe/net852,64.06µm
g_row\[0\].g_col\[0\].pe/net2303,64.06µm
g_row\[0\].g_col\[0\].pe/net1174,64.02µm
g_row\[1\].g_col\[0\].pe/net1069,64µm
net2542,63.98µm
g_row\[0\].g_col\[0\].pe/net2933,63.94µm
g_row\[0\].g_col\[0\].pe/net1232,63.86µm
g_row\[0\].g_col\[1\].pe/net2034,63.82µm
net1082,63.795µm
g_row\[1\].g_col\[1\].pe/_1306_,63.765µm
g_row\[1\].g_col\[0\].pe/_1153_,63.76µm
g_row\[0\].g_col\[1\].pe/net2905,63.76µm
g_row\[1\].g_col\[1\].pe/_1316_,63.74µm
net2800,63.74µm
net3517,63.7µm
g_row\[1\].g_col\[0\].pe/_1203_,63.6µm
net2777,63.6µm
_069_,63.56µm
net2574,63.5µm
net1528,63.48µm
g_row\[1\].g_col\[0\].pe/_1270_,63.46µm
g_row\[0\].g_col\[1\].pe/_1062_,63.34µm
g_row\[1\].g_col\[0\].pe/net1065,63.34µm
g_row\[1\].g_col\[0\].pe/net842,63.32µm
g_row\[1\].g_col\[0\].pe/net1258,63.28µm
g_row\[1\].g_col\[1\].pe/_0199_,63.24µm
b_wire\[0\]\[9\],63.22µm
g_row\[0\].g_col\[1\].pe/net2987,63.22µm
g_row\[0\].g_col\[1\].pe/_1291_,63.19µm
g_row\[1\].g_col\[1\].pe/net828,63.18µm
net1272,63.16µm
g_row\[1\].g_col\[0\].pe/net841,63.16µm
g_row\[0\].g_col\[1\].pe/net1150,63.08µm
g_row\[0\].g_col\[1\].pe/net1132,63.04µm
g_row\[1\].g_col\[1\].pe/_1209_,62.98µm
net2586,62.895µm
g_row\[0\].g_col\[0\].pe/_0339_,62.88µm
g_row\[1\].g_col\[1\].pe/r4_acc\[4\],62.83µm
g_row\[0\].g_col\[0\].pe/net868,62.8µm
g_row\[1\].g_col\[0\].pe/net1113,62.64µm
g_row\[0\].g_col\[1\].pe/net2209,62.625µm
g_row\[0\].g_col\[1\].pe/_1101_,62.6µm
g_row\[1\].g_col\[1\].pe/net1008,62.59µm
net3139,62.42µm
_135_,62.38µm
g_row\[1\].g_col\[0\].pe/r2_mantissa\[10\],62.38µm
g_row\[1\].g_col\[1\].pe/net1018,62.36µm
net2577,62.34µm
results_flat[58],62.27µm
g_row\[1\].g_col\[0\].pe/_0639_,62.26µm
g_row\[0\].g_col\[0\].pe/net1754,62.18µm
g_row\[1\].g_col\[0\].pe/net1063,62.15µm
g_row\[1\].g_col\[1\].pe/net838,62.135µm
g_row\[0\].g_col\[0\].pe/_0114_,62.1µm
net2565,62.05µm
net1475,61.95µm
g_row\[1\].g_col\[0\].pe/_1316_,61.92µm
g_row\[0\].g_col\[1\].pe/net2173,61.92µm
net2477,61.92µm
g_row\[1\].g_col\[0\].pe/net1111,61.905µm
net2687,61.88µm
g_row\[1\].g_col\[0\].pe/_0807_,61.8µm
net3488,61.72µm
net3172,61.68µm
clknet_leaf_39_clk,61.56µm
net1895,61.56µm
g_row\[1\].g_col\[1\].pe/net891,61.555µm
g_row\[1\].g_col\[1\].pe/net2097,61.545µm
g_row\[0\].g_col\[1\].pe/_0293_,61.52µm
g_row\[1\].g_col\[0\].pe/_1099_,61.48µm
g_row\[1\].g_col\[1\].pe/_1305_,61.48µm
g_row\[1\].g_col\[0\].pe/_0983_,61.46µm
net1897,61.46µm
net2650,61.44µm
g_row\[0\].g_col\[1\].pe/net2128,61.425µm
g_row\[1\].g_col\[1\].pe/_0211_,61.4µm
g_row\[0\].g_col\[1\].pe/net2219,61.305µm
g_row\[1\].g_col\[0\].pe/net1075,61.3µm
net2708,61.28µm
g_row\[1\].g_col\[1\].pe/net1013,61.26µm
g_row\[0\].g_col\[0\].pe/net1176,61.24µm
_085_,61.14µm
g_row\[0\].g_col\[0\].pe/_0055_,61.08µm
net2799,61.06µm
g_row\[0\].g_col\[0\].pe/net2295,61µm
g_row\[1\].g_col\[1\].pe/net894,60.96µm
g_row\[1\].g_col\[0\].pe/_1269_,60.94µm
net2651,60.94µm
net2044,60.905µm
net3148,60.9µm
net3275,60.9µm
g_row\[0\].g_col\[0\].pe/net1228,60.87µm
net3482,60.84µm
g_row\[0\].g_col\[0\].pe/_0694_,60.825µm
g_row\[0\].g_col\[0\].pe/net1635,60.825µm
g_row\[1\].g_col\[1\].pe/net877,60.8µm
g_row\[1\].g_col\[1\].pe/net1727,60.78µm
net3422,60.78µm
net2710,60.75µm
g_row\[0\].g_col\[0\].pe/_0296_,60.705µm
g_row\[0\].g_col\[1\].pe/_1203_,60.7µm
g_row\[1\].g_col\[0\].pe/r4_acc\[0\],60.67µm
g_row\[1\].g_col\[1\].pe/net816,60.64µm
net1487,60.64µm
net1368,60.62µm
net1335,60.58µm
g_row\[0\].g_col\[0\].pe/net983,60.58µm
g_row\[1\].g_col\[0\].pe/_1152_,60.58µm
net1352,60.56µm
g_row\[1\].g_col\[1\].pe/net895,60.56µm
net3373,60.56µm
g_row\[0\].g_col\[0\].pe/net2270,60.54µm
_121_,60.52µm
g_row\[0\].g_col\[1\].pe/net1235,60.52µm
g_row\[0\].g_col\[1\].pe/net948,60.49µm
g_row\[0\].g_col\[1\].pe/net2147,60.485µm
g_row\[0\].g_col\[1\].pe/_0073_,60.46µm
g_row\[0\].g_col\[0\].pe/net1185,60.46µm
g_row\[1\].g_col\[0\].pe/_1176_,60.44µm
net1445,60.41µm
g_row\[1\].g_col\[1\].pe/net889,60.395µm
g_row\[0\].g_col\[0\].pe/_0641_,60.39µm
net1345,60.28µm
net1558,60.22µm
g_row\[0\].g_col\[0\].pe/net2941,60.18µm
net1444,60.16µm
_089_,60.14µm
net3182,60.14µm
g_row\[1\].g_col\[1\].pe/net829,60.12µm
g_row\[1\].g_col\[1\].pe/_1290_,60.12µm
g_row\[0\].g_col\[1\].pe/net2033,60.12µm
g_row\[0\].g_col\[0\].pe/net1219,60.09µm
net2495,60.06µm
b_reg\[7\],59.96µm
g_row\[0\].g_col\[0\].pe/_0605_,59.9µm
g_row\[0\].g_col\[1\].pe/_0764_,59.84µm
net2506,59.79µm
g_row\[1\].g_col\[0\].pe/_0747_,59.74µm
g_row\[0\].g_col\[0\].pe/r3_prod_mant\[0\],59.66µm
g_row\[0\].g_col\[0\].pe/r3_prod_mant\[3\],59.66µm
g_row\[0\].g_col\[1\].pe/_0676_,59.66µm
net2425,59.62µm
net2482,59.62µm
net3507,59.61µm
g_row\[1\].g_col\[0\].pe/net935,59.57µm
g_row\[1\].g_col\[0\].pe/_0980_,59.48µm
net2572,59.48µm
g_row\[1\].g_col\[1\].pe/_0196_,59.46µm
g_row\[1\].g_col\[0\].pe/net1066,59.455µm
g_row\[0\].g_col\[0\].pe/_1052_,59.43µm
g_row\[1\].g_col\[1\].pe/net2200,59.42µm
g_row\[1\].g_col\[0\].pe/_0457_,59.4µm
net1285,59.38µm
g_row\[0\].g_col\[0\].pe/r4_acc\[15\],59.36µm
g_row\[0\].g_col\[1\].pe/net944,59.36µm
g_row\[0\].g_col\[1\].pe/_0628_,59.355µm
g_row\[0\].g_col\[0\].pe/net2934,59.3µm
g_row\[1\].g_col\[1\].pe/net896,59.27µm
g_row\[0\].g_col\[1\].pe/net2970,59.24µm
g_row\[0\].g_col\[1\].pe/_0851_,59.18µm
g_row\[1\].g_col\[0\].pe/net1060,59.18µm
net2653,59.14µm
g_row\[1\].g_col\[1\].pe/_1326_,59.12µm
g_row\[0\].g_col\[1\].pe/_0071_,59.08µm
g_row\[0\].g_col\[1\].pe/_0236_,59.08µm
g_row\[1\].g_col\[0\].pe/_0683_,59.01µm
net1266,59µm
g_row\[0\].g_col\[1\].pe/_0607_,58.94µm
g_row\[1\].g_col\[0\].pe/_1213_,58.92µm
g_row\[0\].g_col\[0\].pe/_0672_,58.86µm
net3471,58.7µm
g_row\[1\].g_col\[0\].pe/r3_prod_mant\[3\],58.48µm
clknet_leaf_102_clk,58.46µm
g_row\[0\].g_col\[0\].pe/_0158_,58.44µm
net1599,58.44µm
g_row\[0\].g_col\[1\].pe/net2242,58.42µm
net2439,58.42µm
g_row\[0\].g_col\[0\].pe/net2223,58.395µm
net1434,58.34µm
net3213,58.34µm
g_row\[0\].g_col\[1\].pe/r4_acc\[11\],58.31µm
net3249,58.16µm
g_row\[1\].g_col\[0\].pe/_1209_,58.14µm
g_row\[1\].g_col\[1\].pe/net1012,58.05µm
a_wire\[0\]\[5\],58.02µm
net3272,58.02µm
g_row\[1\].g_col\[1\].pe/net2093,57.965µm
g_row\[0\].g_col\[0\].pe/net1719,57.92µm
net2428,57.9µm
g_row\[1\].g_col\[0\].pe/_0637_,57.86µm
g_row\[0\].g_col\[1\].pe/net2031,57.8µm
b_wire\[3\]\[12\],57.74µm
g_row\[1\].g_col\[0\].pe/_0924_,57.74µm
net2530,57.7µm
net1413,57.52µm
g_row\[0\].g_col\[1\].pe/_0079_,57.46µm
b_wire\[0\]\[13\],57.42µm
g_row\[1\].g_col\[1\].pe/net904,57.4µm
g_row\[0\].g_col\[1\].pe/_1256_,57.38µm
g_row\[0\].g_col\[1\].pe/net2906,57.36µm
g_row\[0\].g_col\[1\].pe/net1127,57.35µm
net2636,57.3µm
g_row\[0\].g_col\[0\].pe/r4_acc\[4\],57.26µm
g_row\[0\].g_col\[1\].pe/r2_mantissa\[10\],57.24µm
g_row\[1\].g_col\[1\].pe/r3_prod_mant\[7\],57.24µm
g_row\[1\].g_col\[0\].pe/_0682_,57.2µm
net3266,57.2µm
g_row\[0\].g_col\[1\].pe/_0524_,57.18µm
g_row\[0\].g_col\[1\].pe/_1179_,57.15µm
g_row\[0\].g_col\[0\].pe/r3_prod_mant\[12\],57.14µm
net2798,57.14µm
g_row\[0\].g_col\[0\].pe/_0030_,57.12µm
g_row\[1\].g_col\[1\].pe/net897,57.085µm
net2018,57.08µm
g_row\[1\].g_col\[1\].pe/net1706,57.06µm
g_row\[1\].g_col\[1\].pe/_1210_,57.04µm
g_row\[1\].g_col\[0\].pe/net932,56.9µm
g_row\[0\].g_col\[0\].pe/net2016,56.9µm
g_row\[0\].g_col\[0\].pe/net2909,56.88µm
g_row\[1\].g_col\[1\].pe/net1274,56.86µm
g_row\[1\].g_col\[1\].pe/_0126_,56.84µm
net2510,56.82µm
a_wire\[3\]\[4\],56.8µm
g_row\[0\].g_col\[0\].pe/_1332_,56.8µm
net1408,56.76µm
net1904,56.74µm
net2470,56.74µm
g_row\[0\].g_col\[1\].pe/net1124,56.67µm
_113_,56.56µm
g_row\[0\].g_col\[0\].pe/net1264,56.52µm
net2588,56.5µm
g_row\[1\].g_col\[1\].pe/_1265_,56.49µm
net3265,56.44µm
g_row\[1\].g_col\[1\].pe/_1115_,56.4µm
g_row\[0\].g_col\[0\].pe/_0033_,56.36µm
g_row\[1\].g_col\[1\].pe/net893,56.36µm
g_row\[1\].g_col\[0\].pe/_0714_,56.33µm
g_row\[1\].g_col\[1\].pe/net887,56.32µm
net1222,56.26µm
g_row\[0\].g_col\[1\].pe/_0805_,56.2µm
g_row\[0\].g_col\[1\].pe/net965,56.115µm
net1600,56.04µm
net1288,55.96µm
a_reg\[16\],55.92µm
g_row\[1\].g_col\[0\].pe/net921,55.92µm
net3197,55.9µm
g_row\[0\].g_col\[1\].pe/net2143,55.86µm
g_row\[0\].g_col\[1\].pe/net2174,55.815µm
g_row\[0\].g_col\[1\].pe/net1167,55.74µm
b_reg\[18\],55.72µm
net3331,55.54µm
net3173,55.5µm
net1474,55.46µm
g_row\[0\].g_col\[1\].pe/_1152_,55.44µm
g_row\[0\].g_col\[0\].pe/_0302_,55.39µm
net3565,55.38µm
g_row\[1\].g_col\[1\].pe/net892,55.34µm
results_flat[34],55.27µm
net2411,55.14µm
a_wire\[0\]\[1\],55.1µm
g_row\[1\].g_col\[0\].pe/net1073,55.08µm
g_row\[1\].g_col\[0\].pe/net934,55.06µm
net3447,55µm
g_row\[0\].g_col\[0\].pe/net1181,54.97µm
g_row\[1\].g_col\[1\].pe/net876,54.94µm
g_row\[1\].g_col\[1\].pe/net1011,54.94µm
net3372,54.92µm
g_row\[0\].g_col\[0\].pe/_1167_,54.88µm
net2698,54.85µm
net1379,54.84µm
net3256,54.8µm
net2810,54.76µm
g_row\[0\].g_col\[0\].pe/_0058_,54.71µm
net2464,54.7µm
g_row\[0\].g_col\[0\].pe/_0954_,54.66µm
g_row\[1\].g_col\[1\].pe/net1014,54.66µm
net2445,54.54µm
g_row\[0\].g_col\[1\].pe/_0853_,54.5µm
g_row\[1\].g_col\[0\].pe/_0784_,54.5µm
g_row\[0\].g_col\[1\].pe/net1122,54.48µm
clknet_leaf_0_clk,54.46µm
net3510,54.42µm
g_row\[1\].g_col\[1\].pe/r4_acc\[0\],54.4µm
net2570,54.38µm
net1338,54.34µm
g_row\[1\].g_col\[0\].pe/_0141_,54.34µm
g_row\[0\].g_col\[0\].pe/_0406_,54.27µm
g_row\[0\].g_col\[1\].pe/_1109_,54.27µm
g_row\[1\].g_col\[1\].pe/r2_mantissa\[11\],54.2µm
g_row\[1\].g_col\[1\].pe/_0174_,54.16µm
net1405,54.14µm
net3201,54.12µm
g_row\[1\].g_col\[1\].pe/_0078_,54.08µm
net1517,54µm
g_row\[1\].g_col\[1\].pe/_0079_,53.92µm
_075_,53.88µm
b_wire\[0\]\[11\],53.86µm
g_row\[1\].g_col\[1\].pe/net833,53.825µm
net2686,53.8µm
net1550,53.76µm
g_row\[0\].g_col\[1\].pe/net940,53.72µm
net1893,53.7µm
g_row\[0\].g_col\[0\].pe/net2271,53.58µm
g_row\[1\].g_col\[0\].pe/net1245,53.48µm
net3192,53.44µm
g_row\[0\].g_col\[1\].pe/_0317_,53.41µm
net2197,53.36µm
g_row\[0\].g_col\[1\].pe/_0222_,53.26µm
g_row\[1\].g_col\[1\].pe/net1006,53.26µm
g_row\[0\].g_col\[1\].pe/_0182_,53.255µm
g_row\[1\].g_col\[1\].pe/_0962_,53.25µm
g_row\[0\].g_col\[0\].pe/net1687,53.245µm
_090_,53.24µm
a_wire\[4\]\[13\],53.24µm
g_row\[1\].g_col\[1\].pe/net2843,53.14µm
g_row\[0\].g_col\[1\].pe/net964,53.075µm
g_row\[0\].g_col\[0\].pe/_0361_,53.06µm
net2550,53.04µm
net3395,53.02µm
g_row\[0\].g_col\[0\].pe/r3_prod_mant\[2\],53.01µm
net1581,53µm
g_row\[0\].g_col\[1\].pe/_1122_,52.98µm
g_row\[1\].g_col\[1\].pe/net880,52.96µm
net3459,52.96µm
net3569,52.9µm
net2199,52.88µm
g_row\[0\].g_col\[0\].pe/_1057_,52.85µm
g_row\[1\].g_col\[0\].pe/_1263_,52.84µm
g_row\[1\].g_col\[1\].pe/net1696,52.84µm
net3321,52.84µm
g_row\[1\].g_col\[0\].pe/r2_mantissa\[3\],52.835µm
net1578,52.82µm
g_row\[0\].g_col\[0\].pe/_1315_,52.74µm
g_row\[1\].g_col\[0\].pe/net918,52.66µm
g_row\[0\].g_col\[1\].pe/net861,52.64µm
g_row\[0\].g_col\[1\].pe/net2183,52.6µm
net1417,52.58µm
results_flat[35],52.58µm
clknet_leaf_13_clk,52.54µm
net1988,52.5µm
net1267,52.48µm
g_row\[0\].g_col\[1\].pe/_0215_,52.46µm
g_row\[1\].g_col\[1\].pe/_0376_,52.36µm
net1565,52.36µm
g_row\[0\].g_col\[1\].pe/net1172,52.325µm
g_row\[1\].g_col\[1\].pe/net1695,52.28µm
net2611,52.28µm
g_row\[1\].g_col\[1\].pe/r4_acc\[10\],52.24µm
g_row\[1\].g_col\[0\].pe/net923,52.22µm
g_row\[1\].g_col\[0\].pe/_1143_,52.22µm
g_row\[0\].g_col\[1\].pe/net2969,52.22µm
g_row\[1\].g_col\[0\].pe/_0735_,52.2µm
g_row\[0\].g_col\[0\].pe/net1255,52.2µm
net2600,52.18µm
g_row\[1\].g_col\[1\].pe/_0201_,52.12µm
net3520,52.04µm
g_row\[1\].g_col\[1\].pe/net835,51.92µm
net2722,51.92µm
b_reg\[31\],51.84µm
g_row\[1\].g_col\[1\].pe/_0508_,51.84µm
net1492,51.82µm
g_row\[1\].g_col\[1\].pe/r4_acc\[11\],51.8µm
g_row\[0\].g_col\[0\].pe/r4_acc\[11\],51.74µm
g_row\[1\].g_col\[0\].pe/_0731_,51.68µm
g_row\[0\].g_col\[0\].pe/_0689_,51.66µm
net2781,51.64µm
net2434,51.6µm
g_row\[0\].g_col\[0\].pe/net990,51.57µm
g_row\[0\].g_col\[1\].pe/_1240_,51.5µm
g_row\[1\].g_col\[0\].pe/_1121_,51.5µm
g_row\[0\].g_col\[1\].pe/net1119,51.48µm
net1334,51.46µm
g_row\[1\].g_col\[0\].pe/r4_acc\[1\],51.44µm
g_row\[0\].g_col\[1\].pe/net856,51.38µm
results_flat[8],51.38µm
net2809,51.38µm
net3325,51.38µm
g_row\[1\].g_col\[0\].pe/net1071,51.28µm
g_row\[0\].g_col\[0\].pe/net1957,51.28µm
g_row\[0\].g_col\[0\].pe/_0020_,51.25µm
net1524,51.18µm
g_row\[0\].g_col\[0\].pe/net2280,51.18µm
net1257,51.175µm
g_row\[0\].g_col\[0\].pe/_1282_,51.16µm
g_row\[0\].g_col\[0\].pe/r2_mantissa\[11\],51.16µm
g_row\[1\].g_col\[1\].pe/net882,51.08µm
net1346,51.06µm
g_row\[0\].g_col\[0\].pe/_0300_,51.04µm
g_row\[1\].g_col\[0\].pe/net851,51.04µm
g_row\[0\].g_col\[0\].pe/net2365,51.04µm
g_row\[0\].g_col\[1\].pe/_0070_,51µm
g_row\[0\].g_col\[1\].pe/r2_mantissa\[3\],51µm
net3145,50.98µm
g_row\[0\].g_col\[1\].pe/_0457_,50.9µm
net3199,50.9µm
g_row\[1\].g_col\[0\].pe/net844,50.84µm
g_row\[0\].g_col\[1\].pe/net2998,50.8µm
net3463,50.78µm
g_row\[0\].g_col\[0\].pe/r4_acc\[7\],50.73µm
net2779,50.72µm
g_row\[0\].g_col\[0\].pe/_0408_,50.68µm
g_row\[1\].g_col\[0\].pe/net1070,50.66µm
clknet_leaf_21_clk,50.65µm
net3301,50.64µm
net3298,50.62µm
g_row\[1\].g_col\[0\].pe/_0638_,50.54µm
g_row\[1\].g_col\[1\].pe/_0578_,50.4µm
b_wire\[0\]\[10\],50.3µm
g_row\[0\].g_col\[0\].pe/net2366,50.28µm
g_row\[1\].g_col\[0\].pe/_1102_,50.22µm
g_row\[1\].g_col\[1\].pe/_0200_,50.2µm
g_row\[1\].g_col\[1\].pe/_0000_,50.19µm
g_row\[1\].g_col\[0\].pe/r2_mantissa\[4\],50.04µm
results_flat[59],50.01µm
g_row\[0\].g_col\[1\].pe/_0000_,49.99µm
results_flat[33],49.99µm
b_wire\[3\]\[9\],49.98µm
g_row\[1\].g_col\[0\].pe/_0293_,49.94µm
g_row\[1\].g_col\[0\].pe/r3_prod_mant\[4\],49.94µm
g_row\[0\].g_col\[0\].pe/_0141_,49.9µm
g_row\[1\].g_col\[0\].pe/net933,49.9µm
g_row\[1\].g_col\[0\].pe/r4_acc\[13\],49.84µm
net3539,49.8µm
g_row\[0\].g_col\[1\].pe/_0376_,49.76µm
g_row\[0\].g_col\[1\].pe/_0191_,49.72µm
g_row\[0\].g_col\[1\].pe/_0680_,49.715µm
g_row\[1\].g_col\[1\].pe/net886,49.66µm
net2627,49.66µm
net1507,49.64µm
net2421,49.64µm
net2613,49.62µm
net2081,49.6µm
g_row\[0\].g_col\[1\].pe/_0980_,49.58µm
g_row\[1\].g_col\[1\].pe/net1679,49.52µm
net3175,49.52µm
g_row\[0\].g_col\[0\].pe/net1203,49.48µm
g_row\[1\].g_col\[0\].pe/net1112,49.47µm
g_row\[0\].g_col\[0\].pe/net993,49.465µm
g_row\[0\].g_col\[0\].pe/_0957_,49.46µm
g_row\[0\].g_col\[0\].pe/r3_prod_mant\[14\],49.42µm
g_row\[0\].g_col\[1\].pe/_1153_,49.4µm
net3474,49.4µm
net2518,49.34µm
g_row\[0\].g_col\[0\].pe/_0637_,49.32µm
net2453,49.3µm
a_wire\[4\]\[12\],49.28µm
g_row\[1\].g_col\[1\].pe/_1288_,49.28µm
g_row\[1\].g_col\[1\].pe/net1238,49.22µm
g_row\[1\].g_col\[0\].pe/_1154_,49.15µm
g_row\[0\].g_col\[1\].pe/net2135,49.145µm
g_row\[1\].g_col\[1\].pe/net902,49.12µm
clknet_leaf_6_clk,49.12µm
g_row\[0\].g_col\[1\].pe/net955,49.1µm
g_row\[0\].g_col\[1\].pe/_1066_,49.08µm
g_row\[0\].g_col\[1\].pe/_0194_,48.98µm
g_row\[1\].g_col\[1\].pe/net899,48.97µm
g_row\[1\].g_col\[1\].pe/_0001_,48.97µm
net1617,48.96µm
net3415,48.92µm
g_row\[0\].g_col\[1\].pe/_0529_,48.9µm
net2527,48.88µm
net1549,48.78µm
g_row\[0\].g_col\[1\].pe/net1129,48.76µm
net2608,48.74µm
net1373,48.72µm
g_row\[0\].g_col\[0\].pe/net1994,48.6µm
g_row\[1\].g_col\[1\].pe/_0573_,48.58µm
g_row\[0\].g_col\[0\].pe/net1188,48.58µm
g_row\[0\].g_col\[1\].pe/_0074_,48.5µm
g_row\[1\].g_col\[1\].pe/net2826,48.44µm
g_row\[0\].g_col\[1\].pe/_0387_,48.36µm
g_row\[0\].g_col\[0\].pe/_1197_,48.32µm
net2068,48.3µm
g_row\[0\].g_col\[1\].pe/net2190,48.28µm
g_row\[1\].g_col\[1\].pe/net831,48.27µm
a_reg\[3\],48.24µm
g_row\[0\].g_col\[0\].pe/net2010,48.2µm
g_row\[0\].g_col\[0\].pe/net2177,48.18µm
net2458,48.14µm
g_row\[0\].g_col\[0\].pe/net1686,48.1µm
g_row\[0\].g_col\[0\].pe/net995,48.085µm
net1557,48.08µm
net2504,48.08µm
g_row\[1\].g_col\[1\].pe/_1074_,48.07µm
g_row\[0\].g_col\[0\].pe/net988,48.015µm
g_row\[0\].g_col\[0\].pe/_0638_,47.98µm
g_row\[0\].g_col\[0\].pe/net2164,47.9µm
g_row\[0\].g_col\[0\].pe/_0896_,47.8µm
g_row\[0\].g_col\[1\].pe/_0359_,47.76µm
net1407,47.735µm
g_row\[0\].g_col\[1\].pe/_0137_,47.67µm
net1318,47.6µm
g_row\[1\].g_col\[1\].pe/_0559_,47.58µm
g_row\[1\].g_col\[1\].pe/net2092,47.58µm
g_row\[0\].g_col\[1\].pe/net947,47.545µm
g_row\[1\].g_col\[1\].pe/_0764_,47.45µm
g_row\[0\].g_col\[0\].pe/net976,47.36µm
g_row\[1\].g_col\[1\].pe/net1807,47.36µm
g_row\[1\].g_col\[0\].pe/r4_acc\[4\],47.34µm
g_row\[1\].g_col\[1\].pe/_1237_,47.34µm
g_row\[1\].g_col\[1\].pe/net1708,47.34µm
a_wire\[3\]\[10\],47.28µm
g_row\[1\].g_col\[0\].pe/_1001_,47.26µm
g_row\[0\].g_col\[1\].pe/_0261_,47.24µm
b_reg\[4\],47.22µm
net2680,47.12µm
g_row\[1\].g_col\[1\].pe/net903,47.08µm
g_row\[1\].g_col\[0\].pe/r3_prod_mant\[1\],47.04µm
net3491,47µm
g_row\[1\].g_col\[0\].pe/_0806_,46.98µm
g_row\[0\].g_col\[0\].pe/net2322,46.92µm
b_reg\[12\],46.9µm
g_row\[0\].g_col\[1\].pe/net2027,46.88µm
g_row\[0\].g_col\[0\].pe/net2312,46.88µm
g_row\[1\].g_col\[0\].pe/net1109,46.8µm
g_row\[1\].g_col\[1\].pe/net1007,46.76µm
g_row\[0\].g_col\[0\].pe/_0426_,46.74µm
g_row\[0\].g_col\[0\].pe/_0468_,46.74µm
g_row\[1\].g_col\[0\].pe/_0169_,46.7µm
net1616,46.7µm
g_row\[1\].g_col\[0\].pe/_0137_,46.68µm
net2435,46.68µm
g_row\[0\].g_col\[0\].pe/_0742_,46.66µm
net1265,46.66µm
g_row\[1\].g_col\[1\].pe/net1808,46.66µm
g_row\[1\].g_col\[1\].pe/_0074_,46.62µm
g_row\[1\].g_col\[1\].pe/_1263_,46.62µm
net3387,46.6µm
clknet_leaf_89_clk,46.54µm
net3588,46.46µm
a_wire\[0\]\[10\],46.44µm
g_row\[1\].g_col\[1\].pe/net1053,46.42µm
net1630,46.42µm
g_row\[0\].g_col\[0\].pe/net997,46.36µm
g_row\[0\].g_col\[1\].pe/net2130,46.36µm
g_row\[1\].g_col\[1\].pe/_0229_,46.24µm
net2541,46.12µm
g_row\[1\].g_col\[1\].pe/net1049,46.1µm
g_row\[1\].g_col\[1\].pe/net2823,46.06µm
g_row\[1\].g_col\[0\].pe/_0593_,46.04µm
net1556,45.92µm
g_row\[1\].g_col\[1\].pe/net1813,45.92µm
g_row\[0\].g_col\[0\].pe/r4_acc\[5\],45.88µm
net1485,45.86µm
g_row\[0\].g_col\[0\].pe/net2159,45.85µm
_074_,45.8µm
g_row\[0\].g_col\[1\].pe/_0201_,45.8µm
g_row\[1\].g_col\[1\].pe/_0073_,45.8µm
g_row\[0\].g_col\[0\].pe/net1747,45.8µm
g_row\[1\].g_col\[0\].pe/r2_mantissa\[5\],45.79µm
net3472,45.72µm
g_row\[0\].g_col\[1\].pe/net957,45.7µm
g_row\[0\].g_col\[0\].pe/_0160_,45.69µm
net3282,45.68µm
ready,45.67µm
clknet_leaf_32_clk,45.6µm
g_row\[0\].g_col\[1\].pe/_0672_,45.58µm
net3234,45.5µm
g_row\[0\].g_col\[0\].pe/_0137_,45.48µm
net3454,45.48µm
net3538,45.48µm
net2740,45.44µm
g_row\[1\].g_col\[1\].pe/_0574_,45.38µm
g_row\[0\].g_col\[0\].pe/_0659_,45.36µm
g_row\[0\].g_col\[0\].pe/_0683_,45.32µm
g_row\[0\].g_col\[0\].pe/net3121,45.32µm
a_wire\[1\]\[12\],45.26µm
g_row\[1\].g_col\[1\].pe/_0231_,45.26µm
g_row\[1\].g_col\[1\].pe/_0092_,45.22µm
g_row\[0\].g_col\[0\].pe/_0191_,45.2µm
g_row\[1\].g_col\[1\].pe/net2099,45.085µm
g_row\[0\].g_col\[1\].pe/_0220_,45.02µm
net3423,45µm
g_row\[1\].g_col\[1\].pe/net1032,44.98µm
g_row\[0\].g_col\[0\].pe/net2290,44.98µm
g_row\[0\].g_col\[0\].pe/net2023,44.96µm
g_row\[1\].g_col\[0\].pe/r2_mantissa\[6\],44.89µm
net2695,44.88µm
g_row\[1\].g_col\[0\].pe/net925,44.86µm
g_row\[0\].g_col\[0\].pe/net982,44.84µm
g_row\[1\].g_col\[0\].pe/r4_acc\[5\],44.84µm
b_wire\[2\]\[11\],44.83µm
net2806,44.82µm
a_reg\[24\],44.76µm
a_wire\[0\]\[3\],44.76µm
g_row\[1\].g_col\[0\].pe/net912,44.72µm
g_row\[1\].g_col\[0\].pe/net924,44.68µm
g_row\[1\].g_col\[0\].pe/r3_prod_mant\[0\],44.68µm
net2670,44.62µm
net3193,44.62µm
net2549,44.6µm
_088_,44.58µm
g_row\[1\].g_col\[0\].pe/_1100_,44.56µm
g_row\[1\].g_col\[1\].pe/_0075_,44.56µm
g_row\[1\].g_col\[0\].pe/_0910_,44.48µm
g_row\[0\].g_col\[0\].pe/net2321,44.4µm
g_row\[0\].g_col\[1\].pe/_1305_,44.34µm
g_row\[1\].g_col\[1\].pe/net2828,44.315µm
a_reg\[19\],44.24µm
g_row\[0\].g_col\[0\].pe/_0980_,44.2µm
clknet_leaf_57_clk,44.2µm
g_row\[1\].g_col\[1\].pe/_0191_,44.2µm
net3446,44.16µm
g_row\[1\].g_col\[1\].pe/_1121_,44.08µm
g_row\[1\].g_col\[1\].pe/_0671_,44.04µm
g_row\[0\].g_col\[0\].pe/net2897,44µm
b_wire\[0\]\[12\],43.94µm
g_row\[0\].g_col\[0\].pe/_0410_,43.92µm
g_row\[0\].g_col\[0\].pe/net863,43.92µm
clknet_leaf_60_clk,43.9µm
g_row\[1\].g_col\[1\].pe/_0639_,43.9µm
net1508,43.88µm
g_row\[1\].g_col\[1\].pe/net2838,43.88µm
net2583,43.82µm
net2644,43.8µm
g_row\[0\].g_col\[0\].pe/net1748,43.72µm
net2507,43.7µm
net3524,43.7µm
clknet_leaf_22_clk,43.68µm
g_row\[1\].g_col\[1\].pe/_1278_,43.68µm
_078_,43.67µm
net2677,43.64µm
g_row\[1\].g_col\[1\].pe/net832,43.625µm
g_row\[0\].g_col\[1\].pe/_0254_,43.62µm
net2480,43.62µm
g_row\[0\].g_col\[0\].pe/r4_acc\[1\],43.58µm
net3185,43.56µm
g_row\[1\].g_col\[1\].pe/_0169_,43.55µm
net1296,43.54µm
b_wire\[3\]\[1\],43.5µm
g_row\[0\].g_col\[1\].pe/r2_mantissa\[12\],43.48µm
g_row\[1\].g_col\[0\].pe/_0852_,43.48µm
net3243,43.44µm
g_row\[0\].g_col\[0\].pe/_1313_,43.42µm
net3217,43.42µm
net3485,43.38µm
g_row\[0\].g_col\[0\].pe/net998,43.36µm
g_row\[0\].g_col\[1\].pe/net946,43.34µm
g_row\[0\].g_col\[1\].pe/net943,43.26µm
g_row\[1\].g_col\[1\].pe/r3_prod_mant\[6\],43.26µm
net1622,43.24µm
g_row\[1\].g_col\[1\].pe/net2091,43.18µm
g_row\[0\].g_col\[0\].pe/_0174_,43.1µm
g_row\[0\].g_col\[1\].pe/_0148_,42.94µm
g_row\[0\].g_col\[1\].pe/net1134,42.905µm
net3277,42.9µm
g_row\[0\].g_col\[0\].pe/_1237_,42.88µm
g_row\[1\].g_col\[1\].pe/_0727_,42.855µm
net2426,42.84µm
g_row\[0\].g_col\[0\].pe/net970,42.78µm
g_row\[0\].g_col\[1\].pe/net2988,42.76µm
net3132,42.74µm
net1605,42.68µm
net3479,42.66µm
g_row\[0\].g_col\[1\].pe/_0520_,42.6µm
g_row\[1\].g_col\[0\].pe/r2_mantissa\[12\],42.52µm
g_row\[1\].g_col\[1\].pe/_0163_,42.52µm
g_row\[1\].g_col\[1\].pe/_0460_,42.5µm
g_row\[0\].g_col\[0\].pe/net2889,42.5µm
g_row\[0\].g_col\[0\].pe/net2279,42.48µm
g_row\[0\].g_col\[1\].pe/_0069_,42.44µm
g_row\[0\].g_col\[1\].pe/_1040_,42.44µm
net1553,42.44µm
net3287,42.4µm
net2790,42.38µm
net3347,42.36µm
a_wire\[3\]\[6\],42.34µm
g_row\[0\].g_col\[0\].pe/net2942,42.34µm
g_row\[1\].g_col\[0\].pe/_0942_,42.28µm
g_row\[0\].g_col\[1\].pe/net958,42.225µm
g_row\[1\].g_col\[0\].pe/_0703_,42.22µm
net3440,42.22µm
g_row\[1\].g_col\[1\].pe/net2825,42.18µm
g_row\[0\].g_col\[1\].pe/net938,42.16µm
g_row\[1\].g_col\[0\].pe/net1865,42.1µm
g_row\[0\].g_col\[0\].pe/r2_mantissa\[1\],42.08µm
net1297,42.06µm
g_row\[1\].g_col\[0\].pe/_0805_,42.02µm
net3268,42µm
g_row\[0\].g_col\[0\].pe/net989,41.94µm
net2789,41.94µm
g_row\[0\].g_col\[0\].pe/net2287,41.93µm
g_row\[0\].g_col\[1\].pe/_0777_,41.92µm
g_row\[0\].g_col\[0\].pe/_0938_,41.9µm
_072_,41.84µm
g_row\[1\].g_col\[1\].pe/net2864,41.8µm
net3160,41.8µm
net2801,41.78µm
g_row\[1\].g_col\[0\].pe/_0853_,41.76µm
g_row\[0\].g_col\[0\].pe/_0150_,41.75µm
g_row\[0\].g_col\[1\].pe/_0406_,41.74µm
g_row\[0\].g_col\[1\].pe/_0605_,41.74µm
g_row\[1\].g_col\[1\].pe/net2090,41.725µm
g_row\[0\].g_col\[0\].pe/net3032,41.72µm
g_row\[0\].g_col\[0\].pe/_0120_,41.68µm
g_row\[0\].g_col\[1\].pe/_0709_,41.66µm
g_row\[0\].g_col\[1\].pe/_0265_,41.54µm
g_row\[0\].g_col\[0\].pe/net2268,41.52µm
g_row\[0\].g_col\[1\].pe/net966,41.42µm
g_row\[1\].g_col\[1\].pe/_0575_,41.42µm
g_row\[1\].g_col\[0\].pe/_0890_,41.34µm
g_row\[0\].g_col\[1\].pe/net2186,41.34µm
a_wire\[4\]\[0\],41.3µm
g_row\[0\].g_col\[1\].pe/_1277_,41.26µm
g_row\[1\].g_col\[1\].pe/_0086_,41.26µm
g_row\[1\].g_col\[0\].pe/_1109_,41.16µm
g_row\[0\].g_col\[1\].pe/_0670_,41.12µm
clknet_leaf_26_clk,41.1µm
g_row\[1\].g_col\[1\].pe/_1285_,41.1µm
g_row\[1\].g_col\[0\].pe/_1115_,41.04µm
g_row\[1\].g_col\[1\].pe/net875,41.035µm
g_row\[1\].g_col\[1\].pe/_0638_,41µm
g_row\[1\].g_col\[1\].pe/_0269_,40.94µm
net1460,40.94µm
net3421,40.92µm
g_row\[1\].g_col\[1\].pe/net1707,40.9µm
net3164,40.9µm
g_row\[0\].g_col\[1\].pe/_0767_,40.88µm
g_row\[1\].g_col\[1\].pe/_0170_,40.86µm
net3137,40.86µm
net3028,40.82µm
net1478,40.78µm
g_row\[0\].g_col\[0\].pe/net2313,40.78µm
g_row\[1\].g_col\[1\].pe/net2840,40.765µm
g_row\[1\].g_col\[1\].pe/net1015,40.76µm
net2719,40.74µm
g_row\[0\].g_col\[0\].pe/net1191,40.72µm
net3563,40.7µm
net3528,40.64µm
g_row\[1\].g_col\[0\].pe/_0263_,40.6µm
g_row\[1\].g_col\[0\].pe/_1290_,40.58µm
g_row\[1\].g_col\[1\].pe/net1810,40.56µm
g_row\[0\].g_col\[0\].pe/net2949,40.54µm
g_row\[0\].g_col\[1\].pe/_1217_,40.52µm
g_row\[0\].g_col\[0\].pe/_0086_,40.5µm
g_row\[0\].g_col\[0\].pe/_0639_,40.44µm
net2671,40.44µm
g_row\[1\].g_col\[1\].pe/_0694_,40.425µm
net3555,40.42µm
g_row\[0\].g_col\[1\].pe/_0994_,40.38µm
net2585,40.38µm
g_row\[0\].g_col\[1\].pe/_0068_,40.36µm
net3267,40.36µm
g_row\[1\].g_col\[1\].pe/r2_mantissa\[8\],40.3µm
net1301,40.28µm
net1498,40.28µm
g_row\[0\].g_col\[0\].pe/_0715_,40.26µm
net1342,40.24µm
net1638,40.24µm
net2684,40.24µm
g_row\[0\].g_col\[0\].pe/_0103_,40.23µm
net2712,40.22µm
net2629,40.2µm
g_row\[1\].g_col\[1\].pe/_0120_,40.16µm
g_row\[0\].g_col\[1\].pe/net2035,40.16µm
g_row\[1\].g_col\[1\].pe/_0628_,40.13µm
g_row\[1\].g_col\[1\].pe/_1222_,40.11µm
g_row\[1\].g_col\[1\].pe/_0384_,40.04µm
net2753,40.03µm
g_row\[0\].g_col\[0\].pe/_0423_,40.02µm
g_row\[1\].g_col\[1\].pe/_1269_,40.02µm
g_row\[1\].g_col\[1\].pe/r2_mantissa\[2\],40.02µm
g_row\[1\].g_col\[0\].pe/_0689_,40µm
_102_,39.96µm
g_row\[0\].g_col\[0\].pe/_1288_,39.96µm
net1777,39.96µm
g_row\[1\].g_col\[0\].pe/net1789,39.96µm
g_row\[1\].g_col\[1\].pe/r2_mantissa\[6\],39.94µm
net3258,39.92µm
g_row\[1\].g_col\[1\].pe/net2868,39.86µm
g_row\[1\].g_col\[1\].pe/_1270_,39.82µm
g_row\[0\].g_col\[0\].pe/_0682_,39.74µm
g_row\[0\].g_col\[1\].pe/_0671_,39.72µm
g_row\[0\].g_col\[1\].pe/_0003_,39.7µm
clknet_leaf_42_clk,39.7µm
clknet_leaf_45_clk,39.68µm
g_row\[0\].g_col\[0\].pe/_0178_,39.68µm
clknet_leaf_35_clk,39.66µm
net3458,39.66µm
g_row\[0\].g_col\[0\].pe/_1008_,39.6µm
g_row\[1\].g_col\[1\].pe/_0133_,39.6µm
g_row\[0\].g_col\[0\].pe/net2874,39.6µm
results_flat[51],39.59µm
g_row\[1\].g_col\[1\].pe/r3_prod_mant\[9\],39.58µm
g_row\[1\].g_col\[1\].pe/_0356_,39.57µm
g_row\[0\].g_col\[1\].pe/net2168,39.565µm
g_row\[0\].g_col\[1\].pe/_0084_,39.56µm
g_row\[1\].g_col\[0\].pe/_0170_,39.56µm
g_row\[1\].g_col\[1\].pe/net1809,39.56µm
g_row\[0\].g_col\[0\].pe/_1109_,39.54µm
net1273,39.5µm
net2802,39.445µm
g_row\[1\].g_col\[1\].pe/_0423_,39.43µm
g_row\[0\].g_col\[1\].pe/net2220,39.385µm
g_row\[0\].g_col\[0\].pe/net1231,39.38µm
clknet_leaf_7_clk,39.36µm
g_row\[0\].g_col\[0\].pe/_0609_,39.32µm
g_row\[1\].g_col\[0\].pe/_0670_,39.32µm
net2717,39.26µm
clknet_leaf_37_clk,39.19µm
g_row\[1\].g_col\[0\].pe/net3008,39.16µm
g_row\[0\].g_col\[1\].pe/net2030,39.14µm
_076_,39.12µm
g_row\[0\].g_col\[0\].pe/_0053_,39.02µm
g_row\[0\].g_col\[1\].pe/_1326_,39.02µm
g_row\[0\].g_col\[0\].pe/_0995_,39µm
g_row\[1\].g_col\[1\].pe/_0189_,38.99µm
g_row\[0\].g_col\[1\].pe/_0077_,38.88µm
g_row\[0\].g_col\[0\].pe/_0126_,38.87µm
clknet_leaf_59_clk,38.86µm
net1458,38.84µm
g_row\[1\].g_col\[0\].pe/_0832_,38.82µm
g_row\[1\].g_col\[1\].pe/_0462_,38.82µm
g_row\[0\].g_col\[0\].pe/net999,38.8µm
g_row\[0\].g_col\[0\].pe/_1140_,38.8µm
g_row\[1\].g_col\[1\].pe/_0259_,38.76µm
g_row\[1\].g_col\[0\].pe/net1861,38.74µm
g_row\[1\].g_col\[1\].pe/_0853_,38.72µm
net3437,38.72µm
net3309,38.68µm
clknet_leaf_91_clk,38.62µm
g_row\[1\].g_col\[1\].pe/net2841,38.62µm
g_row\[1\].g_col\[0\].pe/net929,38.58µm
g_row\[1\].g_col\[1\].pe/r4_acc\[3\],38.54µm
g_row\[0\].g_col\[1\].pe/net2244,38.525µm
clknet_leaf_3_clk,38.52µm
g_row\[0\].g_col\[1\].pe/net2127,38.52µm
g_row\[1\].g_col\[0\].pe/_1174_,38.44µm
net1591,38.42µm
net2228,38.26µm
net3586,38.26µm
g_row\[1\].g_col\[1\].pe/r4_acc\[5\],38.24µm
g_row\[1\].g_col\[1\].pe/net1745,38.22µm
net1499,38.2µm
g_row\[0\].g_col\[1\].pe/_1201_,38.16µm
_130_,38.14µm
g_row\[1\].g_col\[1\].pe/_0381_,38.12µm
net2528,38.12µm
net3352,38.12µm
clknet_leaf_51_clk,38.1µm
g_row\[1\].g_col\[0\].pe/r2_mantissa\[2\],38.08µm
g_row\[1\].g_col\[0\].pe/_1119_,38.06µm
net3573,38.04µm
g_row\[1\].g_col\[1\].pe/net2862,38.02µm
g_row\[0\].g_col\[0\].pe/_0001_,38µm
a_reg\[5\],37.98µm
net2720,37.92µm
g_row\[0\].g_col\[0\].pe/net2318,37.9µm
g_row\[1\].g_col\[1\].pe/_0572_,37.8µm
clknet_leaf_68_clk,37.76µm
net2602,37.76µm
clknet_leaf_10_clk,37.74µm
g_row\[1\].g_col\[1\].pe/_0104_,37.695µm
g_row\[0\].g_col\[1\].pe/_0178_,37.68µm
g_row\[1\].g_col\[0\].pe/_1008_,37.68µm
net3561,37.68µm
g_row\[1\].g_col\[1\].pe/_0194_,37.62µm
g_row\[0\].g_col\[0\].pe/net1251,37.58µm
g_row\[0\].g_col\[1\].pe/_0389_,37.56µm
g_row\[0\].g_col\[0\].pe/_1148_,37.54µm
net3476,37.46µm
g_row\[0\].g_col\[1\].pe/_0067_,37.44µm
b_wire\[2\]\[6\],37.4µm
g_row\[1\].g_col\[1\].pe/net1240,37.35µm
net1985,37.34µm
g_row\[1\].g_col\[1\].pe/net2170,37.315µm
clknet_leaf_67_clk,37.3µm
net1341,37.24µm
g_row\[1\].g_col\[0\].pe/_0772_,37.24µm
net1401,37.22µm
net2634,37.22µm
net2581,37.18µm
g_row\[0\].g_col\[0\].pe/_1247_,37.12µm
clknet_leaf_85_clk,37.1µm
g_row\[0\].g_col\[0\].pe/_0354_,37.08µm
g_row\[0\].g_col\[0\].pe/net972,37.08µm
net1322,37.02µm
g_row\[0\].g_col\[0\].pe/_0007_,37µm
g_row\[1\].g_col\[1\].pe/_0637_,36.98µm
g_row\[1\].g_col\[0\].pe/net1068,36.97µm
g_row\[1\].g_col\[0\].pe/net3024,36.97µm
_070_,36.94µm
g_row\[1\].g_col\[0\].pe/r4_acc\[7\],36.92µm
results_flat[45],36.92µm
net1290,36.9µm
g_row\[0\].g_col\[1\].pe/net961,36.885µm
g_row\[1\].g_col\[1\].pe/net1814,36.88µm
g_row\[1\].g_col\[0\].pe/_0964_,36.86µm
g_row\[1\].g_col\[1\].pe/_0620_,36.86µm
net3292,36.84µm
g_row\[1\].g_col\[1\].pe/_1287_,36.8µm
g_row\[1\].g_col\[1\].pe/net2842,36.8µm
g_row\[0\].g_col\[0\].pe/net2310,36.745µm
net2014,36.74µm
net3278,36.74µm
g_row\[1\].g_col\[1\].pe/_0511_,36.72µm
net2784,36.625µm
g_row\[0\].g_col\[0\].pe/_0127_,36.62µm
g_row\[1\].g_col\[1\].pe/r4_acc\[14\],36.62µm
g_row\[0\].g_col\[1\].pe/net2994,36.6µm
g_row\[1\].g_col\[1\].pe/_1103_,36.59µm
g_row\[1\].g_col\[1\].pe/net834,36.58µm
g_row\[0\].g_col\[0\].pe/_0153_,36.55µm
g_row\[1\].g_col\[1\].pe/_0805_,36.52µm
_094_,36.48µm
g_row\[0\].g_col\[0\].pe/_0203_,36.46µm
net3414,36.46µm
g_row\[0\].g_col\[0\].pe/_0054_,36.44µm
g_row\[1\].g_col\[0\].pe/net1107,36.42µm
g_row\[1\].g_col\[0\].pe/_0017_,36.4µm
net3461,36.38µm
g_row\[0\].g_col\[0\].pe/_1260_,36.36µm
net2770,36.3µm
g_row\[1\].g_col\[1\].pe/_1201_,36.29µm
g_row\[1\].g_col\[1\].pe/_1099_,36.28µm
g_row\[1\].g_col\[1\].pe/net2867,36.28µm
g_row\[0\].g_col\[0\].pe/_0194_,36.24µm
net2441,36.22µm
g_row\[0\].g_col\[1\].pe/net3107,36.22µm
g_row\[0\].g_col\[0\].pe/_0056_,36.2µm
net1624,36.14µm
a_reg\[1\],36.09µm
g_row\[1\].g_col\[0\].pe/net3116,36.08µm
g_row\[0\].g_col\[1\].pe/_0144_,36.07µm
g_row\[1\].g_col\[1\].pe/_0905_,36.07µm
g_row\[1\].g_col\[0\].pe/_1074_,36.06µm
g_row\[1\].g_col\[1\].pe/net1729,36.03µm
g_row\[0\].g_col\[0\].pe/net1798,36.02µm
_084_,36µm
g_row\[1\].g_col\[0\].pe/net922,35.99µm
g_row\[0\].g_col\[0\].pe/_0975_,35.97µm
g_row\[0\].g_col\[1\].pe/net825,35.94µm
g_row\[0\].g_col\[0\].pe/_1290_,35.93µm
g_row\[0\].g_col\[0\].pe/_1305_,35.9µm
net3300,35.9µm
clknet_leaf_16_clk,35.86µm
g_row\[1\].g_col\[0\].pe/_0781_,35.84µm
g_row\[1\].g_col\[0\].pe/net2959,35.82µm
g_row\[0\].g_col\[0\].pe/_0418_,35.76µm
g_row\[1\].g_col\[0\].pe/r4_acc\[10\],35.76µm
g_row\[1\].g_col\[1\].pe/_0132_,35.72µm
net2529,35.7µm
g_row\[0\].g_col\[0\].pe/_1317_,35.68µm
a_wire\[0\]\[9\],35.675µm
g_row\[1\].g_col\[1\].pe/_0683_,35.64µm
clknet_leaf_36_clk,35.62µm
g_row\[0\].g_col\[0\].pe/net2276,35.58µm
g_row\[0\].g_col\[0\].pe/net2936,35.56µm
b_wire\[0\]\[6\],35.52µm
g_row\[0\].g_col\[0\].pe/r4_acc\[12\],35.52µm
g_row\[1\].g_col\[1\].pe/net2861,35.52µm
g_row\[0\].g_col\[1\].pe/net2144,35.515µm
g_row\[1\].g_col\[0\].pe/_0858_,35.48µm
g_row\[1\].g_col\[1\].pe/_0385_,35.48µm
g_row\[0\].g_col\[0\].pe/_1139_,35.4µm
g_row\[0\].g_col\[1\].pe/_0289_,35.4µm
g_row\[0\].g_col\[1\].pe/_0065_,35.36µm
net3130,35.36µm
results_flat[47],35.32µm
g_row\[0\].g_col\[0\].pe/net1880,35.32µm
g_row\[0\].g_col\[0\].pe/net2910,35.315µm
g_row\[1\].g_col\[1\].pe/_0672_,35.28µm
g_row\[1\].g_col\[1\].pe/_1314_,35.26µm
g_row\[0\].g_col\[1\].pe/_0190_,35.24µm
g_row\[0\].g_col\[0\].pe/net1907,35.23µm
g_row\[1\].g_col\[1\].pe/net2824,35.205µm
clknet_leaf_70_clk,35.2µm
g_row\[1\].g_col\[1\].pe/net1701,35.16µm
g_row\[0\].g_col\[0\].pe/net1182,35.12µm
net3099,35.1µm
net3380,35.08µm
g_row\[1\].g_col\[0\].pe/_0716_,35µm
g_row\[1\].g_col\[1\].pe/_1156_,34.98µm
g_row\[1\].g_col\[1\].pe/_1197_,34.94µm
g_row\[1\].g_col\[1\].pe/r4_acc\[12\],34.94µm
net2557,34.92µm
net3225,34.92µm
g_row\[1\].g_col\[1\].pe/_0222_,34.89µm
g_row\[0\].g_col\[0\].pe/net2306,34.865µm
net1362,34.84µm
g_row\[0\].g_col\[0\].pe/_0059_,34.84µm
g_row\[0\].g_col\[1\].pe/_0287_,34.84µm
net1409,34.8µm
net2661,34.8µm
net3305,34.8µm
g_row\[0\].g_col\[1\].pe/_0964_,34.78µm
g_row\[1\].g_col\[1\].pe/_0368_,34.72µm
g_row\[1\].g_col\[0\].pe/_0925_,34.71µm
g_row\[1\].g_col\[1\].pe/net2837,34.68µm
b_reg\[10\],34.64µm
net3128,34.62µm
g_row\[1\].g_col\[0\].pe/_0671_,34.6µm
net2606,34.6µm
clknet_leaf_2_clk,34.56µm
net1548,34.54µm
g_row\[0\].g_col\[0\].pe/_0709_,34.52µm
g_row\[0\].g_col\[1\].pe/_0377_,34.5µm
g_row\[0\].g_col\[0\].pe/_0003_,34.48µm
g_row\[0\].g_col\[1\].pe/r4_acc\[1\],34.48µm
g_row\[0\].g_col\[0\].pe/net2007,34.48µm
clknet_leaf_46_clk,34.46µm
g_row\[0\].g_col\[1\].pe/_1137_,34.44µm
g_row\[0\].g_col\[1\].pe/_0747_,34.4µm
g_row\[0\].g_col\[1\].pe/r3_prod_mant\[0\],34.4µm
net2546,34.4µm
a_wire\[1\]\[15\],34.38µm
clknet_leaf_101_clk,34.34µm
net3444,34.32µm
g_row\[0\].g_col\[0\].pe/_1035_,34.3µm
clknet_leaf_15_clk,34.3µm
g_row\[0\].g_col\[1\].pe/_0802_,34.26µm
net2451,34.26µm
net2716,34.26µm
g_row\[1\].g_col\[0\].pe/net1923,34.25µm
g_row\[1\].g_col\[0\].pe/net2879,34.24µm
net2688,34.215µm
g_row\[1\].g_col\[1\].pe/_0570_,34.2µm
g_row\[1\].g_col\[0\].pe/r4_acc\[6\],34.18µm
g_row\[0\].g_col\[1\].pe/_0237_,34.16µm
g_row\[0\].g_col\[0\].pe/net2025,34.16µm
net3468,34.12µm
g_row\[0\].g_col\[0\].pe/_0392_,34.1µm
g_row\[0\].g_col\[0\].pe/net864,34.06µm
g_row\[1\].g_col\[1\].pe/net2870,34.025µm
g_row\[1\].g_col\[1\].pe/_0820_,34µm
g_row\[1\].g_col\[0\].pe/_0937_,33.99µm
net2773,33.98µm
g_row\[0\].g_col\[1\].pe/_0448_,33.96µm
net3236,33.96µm
g_row\[0\].g_col\[1\].pe/_0565_,33.92µm
g_row\[1\].g_col\[1\].pe/_0602_,33.92µm
net2561,33.92µm
net2501,33.9µm
g_row\[1\].g_col\[1\].pe/_0111_,33.89µm
g_row\[0\].g_col\[1\].pe/_1306_,33.88µm
g_row\[1\].g_col\[1\].pe/r4_acc\[1\],33.88µm
net1625,33.88µm
g_row\[0\].g_col\[1\].pe/r2_mantissa\[1\],33.85µm
g_row\[0\].g_col\[0\].pe/_0240_,33.8µm
g_row\[0\].g_col\[1\].pe/_0602_,33.8µm
g_row\[0\].g_col\[0\].pe/_0987_,33.75µm
net1590,33.74µm
g_row\[1\].g_col\[1\].pe/_1334_,33.72µm
g_row\[0\].g_col\[0\].pe/net3051,33.68µm
g_row\[1\].g_col\[1\].pe/r2_mantissa\[4\],33.67µm
g_row\[1\].g_col\[1\].pe/net1690,33.64µm
g_row\[1\].g_col\[1\].pe/_1157_,33.62µm
clknet_leaf_88_clk,33.62µm
g_row\[0\].g_col\[0\].pe/_0259_,33.615µm
clknet_leaf_49_clk,33.6µm
g_row\[1\].g_col\[0\].pe/_0749_,33.6µm
net349,33.6µm
g_row\[0\].g_col\[1\].pe/r4_acc\[3\],33.59µm
clknet_leaf_5_clk,33.54µm
clknet_leaf_69_clk,33.5µm
g_row\[1\].g_col\[1\].pe/net1750,33.5µm
g_row\[0\].g_col\[0\].pe/_1143_,33.47µm
net2707,33.46µm
g_row\[1\].g_col\[1\].pe/_1153_,33.44µm
g_row\[0\].g_col\[0\].pe/_1248_,33.4µm
g_row\[0\].g_col\[1\].pe/net1123,33.4µm
net3592,33.4µm
a_reg\[17\],33.34µm
b_wire\[3\]\[11\],33.34µm
results_flat[11],33.32µm
a_reg\[23\],33.3µm
g_row\[1\].g_col\[1\].pe/_0256_,33.28µm
net2545,33.24µm
g_row\[0\].g_col\[0\].pe/net1252,33.235µm
g_row\[1\].g_col\[0\].pe/_1062_,33.22µm
net2589,33.22µm
g_row\[1\].g_col\[1\].pe/_0935_,33.18µm
g_row\[1\].g_col\[1\].pe/net1951,33.15µm
net1570,33.12µm
net2492,33.12µm
net3333,33.1µm
g_row\[1\].g_col\[1\].pe/_0867_,33.08µm
net2704,33.08µm
g_row\[1\].g_col\[0\].pe/r4_acc\[15\],33.06µm
g_row\[1\].g_col\[0\].pe/_0777_,33.04µm
g_row\[1\].g_col\[1\].pe/net1959,33.01µm
g_row\[1\].g_col\[1\].pe/r4_acc\[2\],32.99µm
g_row\[1\].g_col\[0\].pe/_0609_,32.98µm
net2467,32.98µm
net2752,32.98µm
g_row\[0\].g_col\[0\].pe/net2955,32.98µm
net3358,32.98µm
net3535,32.98µm
g_row\[1\].g_col\[0\].pe/_1066_,32.96µm
g_row\[0\].g_col\[1\].pe/_1165_,32.95µm
g_row\[0\].g_col\[0\].pe/_0994_,32.88µm
g_row\[1\].g_col\[1\].pe/_0807_,32.86µm
g_row\[1\].g_col\[1\].pe/_1152_,32.8µm
g_row\[1\].g_col\[1\].pe/net1953,32.79µm
g_row\[0\].g_col\[0\].pe/net1685,32.74µm
g_row\[1\].g_col\[1\].pe/_0004_,32.72µm
net2713,32.7µm
a_reg\[7\],32.68µm
g_row\[0\].g_col\[1\].pe/_1280_,32.68µm
g_row\[1\].g_col\[0\].pe/_1113_,32.66µm
g_row\[0\].g_col\[1\].pe/_1177_,32.655µm
net2785,32.64µm
g_row\[1\].g_col\[1\].pe/_0077_,32.58µm
g_row\[0\].g_col\[0\].pe/_1203_,32.57µm
g_row\[1\].g_col\[0\].pe/_0236_,32.56µm
g_row\[1\].g_col\[0\].pe/net1925,32.545µm
g_row\[0\].g_col\[1\].pe/_1289_,32.54µm
g_row\[1\].g_col\[0\].pe/_0120_,32.54µm
clknet_leaf_64_clk,32.5µm
net2466,32.465µm
g_row\[1\].g_col\[1\].pe/_0387_,32.46µm
g_row\[1\].g_col\[0\].pe/_0391_,32.44µm
g_row\[1\].g_col\[0\].pe/net2901,32.44µm
g_row\[1\].g_col\[1\].pe/net874,32.39µm
g_row\[1\].g_col\[0\].pe/_0410_,32.38µm
g_row\[1\].g_col\[0\].pe/_1140_,32.38µm
g_row\[1\].g_col\[1\].pe/_1321_,32.38µm
g_row\[0\].g_col\[0\].pe/_0017_,32.36µm
g_row\[1\].g_col\[0\].pe/_1138_,32.36µm
g_row\[0\].g_col\[0\].pe/_0372_,32.34µm
g_row\[0\].g_col\[0\].pe/_0947_,32.34µm
g_row\[0\].g_col\[1\].pe/_1302_,32.31µm
net3496,32.3µm
g_row\[1\].g_col\[1\].pe/net3020,32.26µm
g_row\[1\].g_col\[1\].pe/_0291_,32.21µm
g_row\[0\].g_col\[0\].pe/_1265_,32.2µm
g_row\[1\].g_col\[0\].pe/_0736_,32.2µm
g_row\[1\].g_col\[1\].pe/net1004,32.195µm
g_row\[0\].g_col\[1\].pe/net2154,32.19µm
clknet_leaf_18_clk,32.13µm
net2551,32.12µm
net2700,32.12µm
g_row\[1\].g_col\[0\].pe/_0359_,32.1µm
b_wire\[3\]\[13\],32.06µm
g_row\[0\].g_col\[0\].pe/_0747_,32.06µm
net3549,32.06µm
g_row\[0\].g_col\[1\].pe/net2163,32.045µm
g_row\[1\].g_col\[1\].pe/_0931_,32.02µm
g_row\[0\].g_col\[1\].pe/r4_acc\[2\],31.96µm
g_row\[1\].g_col\[0\].pe/_0991_,31.96µm
g_row\[1\].g_col\[0\].pe/_0092_,31.94µm
g_row\[1\].g_col\[1\].pe/r3_prod_mant\[10\],31.94µm
g_row\[0\].g_col\[1\].pe/net2162,31.94µm
g_row\[0\].g_col\[1\].pe/net968,31.9µm
net2667,31.86µm
net2362,31.84µm
g_row\[1\].g_col\[0\].pe/_0776_,31.83µm
g_row\[1\].g_col\[1\].pe/_0198_,31.82µm
clknet_leaf_50_clk,31.78µm
g_row\[0\].g_col\[0\].pe/_0623_,31.78µm
g_row\[0\].g_col\[0\].pe/_0031_,31.76µm
g_row\[1\].g_col\[1\].pe/_0503_,31.74µm
g_row\[0\].g_col\[0\].pe/net2008,31.72µm
clknet_leaf_23_clk,31.7µm
g_row\[0\].g_col\[1\].pe/_0460_,31.66µm
g_row\[1\].g_col\[0\].pe/_1064_,31.66µm
g_row\[0\].g_col\[0\].pe/_1321_,31.64µm
g_row\[0\].g_col\[1\].pe/_0409_,31.64µm
results_flat[6],31.64µm
g_row\[0\].g_col\[1\].pe/r3_prod_mant\[3\],31.62µm
net2414,31.6µm
net2668,31.6µm
g_row\[0\].g_col\[0\].pe/_0236_,31.58µm
net1403,31.54µm
g_row\[0\].g_col\[1\].pe/net1974,31.525µm
g_row\[1\].g_col\[0\].pe/_1315_,31.5µm
g_row\[1\].g_col\[0\].pe/_0132_,31.4µm
g_row\[1\].g_col\[1\].pe/_0142_,31.4µm
net3455,31.4µm
g_row\[0\].g_col\[0\].pe/_0319_,31.38µm
g_row\[0\].g_col\[1\].pe/_1215_,31.38µm
g_row\[0\].g_col\[1\].pe/net962,31.355µm
g_row\[0\].g_col\[0\].pe/_0903_,31.34µm
g_row\[1\].g_col\[1\].pe/_0777_,31.34µm
g_row\[1\].g_col\[1\].pe/net2865,31.34µm
net3509,31.34µm
clknet_leaf_20_clk,31.28µm
g_row\[1\].g_col\[1\].pe/_0583_,31.26µm
g_row\[0\].g_col\[1\].pe/_0915_,31.22µm
g_row\[0\].g_col\[1\].pe/_1243_,31.16µm
clknet_leaf_81_clk,31.12µm
net3481,31.12µm
net2596,31.08µm
g_row\[0\].g_col\[0\].pe/net1836,31.045µm
g_row\[0\].g_col\[1\].pe/_0807_,31.02µm
results_flat[32],31.01µm
g_row\[0\].g_col\[0\].pe/_1244_,31µm
g_row\[0\].g_col\[1\].pe/_1250_,31µm
g_row\[1\].g_col\[0\].pe/_0178_,31µm
g_row\[1\].g_col\[1\].pe/r3_prod_mant\[11\],31µm
net1582,31µm
g_row\[0\].g_col\[0\].pe/_0460_,30.98µm
g_row\[1\].g_col\[0\].pe/r4_acc\[9\],30.98µm
g_row\[1\].g_col\[0\].pe/_0073_,30.96µm
clknet_leaf_71_clk,30.88µm
net3302,30.86µm
net3581,30.84µm
g_row\[1\].g_col\[1\].pe/net3104,30.83µm
net2796,30.825µm
g_row\[1\].g_col\[0\].pe/_0076_,30.8µm
g_row\[0\].g_col\[0\].pe/net3041,30.8µm
g_row\[0\].g_col\[0\].pe/net1998,30.775µm
g_row\[1\].g_col\[0\].pe/_0314_,30.76µm
net1381,30.72µm
g_row\[0\].g_col\[1\].pe/_0407_,30.72µm
net2646,30.705µm
net3359,30.7µm
clknet_leaf_62_clk,30.64µm
g_row\[0\].g_col\[1\].pe/net2029,30.62µm
g_row\[1\].g_col\[0\].pe/net1837,30.6µm
g_row\[0\].g_col\[1\].pe/net951,30.58µm
net1603,30.58µm
_099_,30.56µm
g_row\[1\].g_col\[1\].pe/_0702_,30.56µm
net1520,30.56µm
g_row\[0\].g_col\[1\].pe/_1238_,30.54µm
g_row\[1\].g_col\[1\].pe/_0851_,30.54µm
net2741,30.54µm
net2766,30.505µm
g_row\[1\].g_col\[0\].pe/_1254_,30.48µm
results_flat[46],30.48µm
g_row\[1\].g_col\[0\].pe/_1116_,30.46µm
g_row\[1\].g_col\[0\].pe/net3023,30.46µm
net2746,30.44µm
g_row\[1\].g_col\[1\].pe/_0419_,30.42µm
g_row\[0\].g_col\[1\].pe/_0772_,30.36µm
net1563,30.34µm
g_row\[0\].g_col\[1\].pe/_0300_,30.3µm
g_row\[0\].g_col\[1\].pe/_1113_,30.28µm
g_row\[1\].g_col\[0\].pe/net1889,30.26µm
g_row\[1\].g_col\[1\].pe/_0219_,30.21µm
g_row\[0\].g_col\[0\].pe/_1318_,30.2µm
g_row\[0\].g_col\[1\].pe/_1161_,30.2µm
clknet_leaf_87_clk,30.2µm
g_row\[1\].g_col\[0\].pe/_0133_,30.18µm
net2724,30.18µm
g_row\[0\].g_col\[0\].pe/_0878_,30.16µm
net2718,30.145µm
net1435,30.14µm
g_row\[0\].g_col\[0\].pe/_0291_,30.12µm
g_row\[1\].g_col\[0\].pe/_0447_,30.11µm
g_row\[0\].g_col\[0\].pe/net1931,30.065µm
g_row\[0\].g_col\[0\].pe/r3_prod_mant\[1\],30.06µm
net2339,30.06µm
net2594,30.02µm
net3545,30.02µm
g_row\[1\].g_col\[0\].pe/net1935,29.98µm
g_row\[0\].g_col\[0\].pe/net2923,29.94µm
g_row\[1\].g_col\[0\].pe/_1164_,29.92µm
g_row\[0\].g_col\[0\].pe/_0600_,29.89µm
g_row\[1\].g_col\[1\].pe/_1308_,29.88µm
g_row\[0\].g_col\[0\].pe/_0267_,29.86µm
clknet_leaf_34_clk,29.86µm
g_row\[0\].g_col\[1\].pe/_0196_,29.82µm
g_row\[0\].g_col\[0\].pe/_1074_,29.81µm
g_row\[0\].g_col\[1\].pe/_0145_,29.8µm
g_row\[0\].g_col\[1\].pe/net1978,29.78µm
g_row\[0\].g_col\[0\].pe/net2275,29.76µm
net2642,29.74µm
clknet_leaf_8_clk,29.71µm
net2430,29.705µm
net2652,29.705µm
g_row\[0\].g_col\[0\].pe/net2013,29.68µm
g_row\[0\].g_col\[1\].pe/r2_mantissa\[7\],29.66µm
g_row\[1\].g_col\[0\].pe/_0363_,29.64µm
g_row\[1\].g_col\[0\].pe/_0409_,29.64µm
clknet_leaf_92_clk,29.64µm
net1312,29.62µm
g_row\[1\].g_col\[1\].pe/net883,29.62µm
net2517,29.62µm
g_row\[1\].g_col\[0\].pe/_0798_,29.61µm
g_row\[0\].g_col\[1\].pe/_0153_,29.58µm
g_row\[0\].g_col\[1\].pe/_0666_,29.58µm
g_row\[0\].g_col\[1\].pe/net853,29.54µm
net1619,29.52µm
g_row\[1\].g_col\[0\].pe/net2964,29.52µm
g_row\[1\].g_col\[1\].pe/_0747_,29.5µm
clknet_leaf_95_clk,29.5µm
net3433,29.5µm
g_row\[0\].g_col\[0\].pe/_0369_,29.48µm
g_row\[1\].g_col\[0\].pe/_0400_,29.48µm
g_row\[1\].g_col\[1\].pe/_0314_,29.48µm
g_row\[1\].g_col\[1\].pe/r3_prod_mant\[12\],29.47µm
net3530,29.46µm
net1535,29.38µm
net1429,29.32µm
net2615,29.28µm
g_row\[0\].g_col\[1\].pe/_0839_,29.26µm
g_row\[1\].g_col\[1\].pe/_0514_,29.26µm
g_row\[0\].g_col\[0\].pe/_0358_,29.24µm
g_row\[1\].g_col\[1\].pe/net1812,29.24µm
g_row\[1\].g_col\[1\].pe/net1952,29.225µm
b_wire\[2\]\[5\],29.22µm
clknet_leaf_38_clk,29.2µm
net1886,29.2µm
g_row\[1\].g_col\[1\].pe/_1235_,29.16µm
clknet_leaf_94_clk,29.16µm
g_row\[1\].g_col\[0\].pe/_0883_,29.14µm
net1588,29.12µm
g_row\[1\].g_col\[0\].pe/_0672_,29.1µm
net3489,29.08µm
b_wire\[2\]\[2\],29.02µm
g_row\[1\].g_col\[0\].pe/_1139_,29.02µm
g_row\[1\].g_col\[1\].pe/_1138_,28.99µm
g_row\[1\].g_col\[0\].pe/_0385_,28.98µm
g_row\[0\].g_col\[0\].pe/_1066_,28.96µm
g_row\[1\].g_col\[0\].pe/_0430_,28.96µm
net2983,28.96µm
g_row\[1\].g_col\[0\].pe/_0742_,28.95µm
g_row\[1\].g_col\[1\].pe/_0117_,28.95µm
g_row\[0\].g_col\[0\].pe/net1999,28.94µm
g_row\[1\].g_col\[1\].pe/net3026,28.93µm
g_row\[1\].g_col\[0\].pe/_0602_,28.92µm
g_row\[1\].g_col\[1\].pe/_1122_,28.92µm
clknet_leaf_52_clk,28.9µm
g_row\[1\].g_col\[0\].pe/_0876_,28.9µm
g_row\[1\].g_col\[0\].pe/r3_prod_mant\[10\],28.9µm
g_row\[0\].g_col\[1\].pe/net2356,28.895µm
net1414,28.88µm
clknet_leaf_99_clk,28.84µm
g_row\[0\].g_col\[1\].pe/_0845_,28.82µm
g_row\[1\].g_col\[0\].pe/_0262_,28.82µm
net2755,28.82µm
net3435,28.82µm
net2047,28.815µm
g_row\[0\].g_col\[1\].pe/_1075_,28.78µm
b_reg\[11\],28.76µm
g_row\[0\].g_col\[0\].pe/_1113_,28.76µm
g_row\[0\].g_col\[0\].pe/_0455_,28.72µm
g_row\[1\].g_col\[0\].pe/_0389_,28.72µm
g_row\[1\].g_col\[1\].pe/_0735_,28.72µm
net3483,28.72µm
g_row\[0\].g_col\[1\].pe/_1097_,28.7µm
g_row\[0\].g_col\[1\].pe/_0958_,28.68µm
clknet_leaf_63_clk,28.62µm
g_row\[1\].g_col\[1\].pe/_1101_,28.62µm
net3084,28.62µm
g_row\[0\].g_col\[0\].pe/net3594,28.62µm
g_row\[0\].g_col\[1\].pe/net1971,28.605µm
a_reg\[27\],28.6µm
_087_,28.58µm
g_row\[0\].g_col\[0\].pe/_1201_,28.58µm
g_row\[1\].g_col\[0\].pe/_0624_,28.56µm
g_row\[0\].g_col\[0\].pe/_0189_,28.54µm
_092_,28.48µm
g_row\[0\].g_col\[0\].pe/_0233_,28.48µm
g_row\[1\].g_col\[1\].pe/net1016,28.48µm
net3412,28.48µm
g_row\[1\].g_col\[0\].pe/_1040_,28.44µm
g_row\[1\].g_col\[1\].pe/_0532_,28.4µm
g_row\[0\].g_col\[1\].pe/_0825_,28.38µm
g_row\[0\].g_col\[1\].pe/_0076_,28.36µm
net1539,28.36µm
g_row\[1\].g_col\[0\].pe/_0570_,28.34µm
clknet_leaf_58_clk,28.32µm
net2042,28.295µm
net2640,28.285µm
net1949,28.28µm
clknet_leaf_33_clk,28.22µm
g_row\[1\].g_col\[0\].pe/_0808_,28.2µm
clknet_leaf_4_clk,28.2µm
g_row\[1\].g_col\[1\].pe/_1177_,28.185µm
g_row\[0\].g_col\[1\].pe/_0008_,28.18µm
g_row\[1\].g_col\[0\].pe/_0341_,28.16µm
g_row\[0\].g_col\[0\].pe/_0534_,28.14µm
net2516,28.14µm
net3452,28.14µm
g_row\[1\].g_col\[1\].pe/_0520_,28.12µm
g_row\[0\].g_col\[1\].pe/_1235_,28.1µm
g_row\[1\].g_col\[0\].pe/_0072_,28.1µm
g_row\[0\].g_col\[1\].pe/_0002_,28.08µm
g_row\[0\].g_col\[1\].pe/_0256_,28.08µm
net2468,28.06µm
g_row\[0\].g_col\[0\].pe/net3054,28.06µm
g_row\[0\].g_col\[0\].pe/_0767_,28.02µm
g_row\[1\].g_col\[1\].pe/_0447_,27.96µm
g_row\[0\].g_col\[0\].pe/net1993,27.96µm
clknet_leaf_84_clk,27.94µm
net2046,27.94µm
net2795,27.94µm
net3056,27.94µm
net3241,27.94µm
g_row\[0\].g_col\[0\].pe/_0941_,27.88µm
g_row\[1\].g_col\[0\].pe/_0066_,27.88µm
g_row\[0\].g_col\[1\].pe/_0998_,27.86µm
g_row\[1\].g_col\[0\].pe/_1288_,27.84µm
clknet_leaf_48_clk,27.82µm
g_row\[1\].g_col\[0\].pe/r2_mantissa\[9\],27.82µm
g_row\[1\].g_col\[0\].pe/_0387_,27.8µm
g_row\[0\].g_col\[0\].pe/net1910,27.78µm
g_row\[0\].g_col\[0\].pe/_0077_,27.76µm
g_row\[1\].g_col\[0\].pe/_0871_,27.76µm
net3184,27.75µm
clknet_leaf_11_clk,27.74µm
g_row\[1\].g_col\[1\].pe/net1968,27.73µm
g_row\[1\].g_col\[1\].pe/_0168_,27.72µm
clknet_leaf_47_clk,27.7µm
g_row\[0\].g_col\[1\].pe/_0010_,27.68µm
g_row\[1\].g_col\[1\].pe/net1811,27.68µm
net3368,27.68µm
g_row\[0\].g_col\[0\].pe/_0104_,27.66µm
g_row\[1\].g_col\[1\].pe/_1291_,27.66µm
g_row\[0\].g_col\[1\].pe/_1166_,27.64µm
g_row\[1\].g_col\[1\].pe/_0448_,27.62µm
g_row\[0\].g_col\[0\].pe/net1930,27.62µm
net3448,27.62µm
g_row\[0\].g_col\[1\].pe/_0465_,27.6µm
g_row\[0\].g_col\[0\].pe/_1164_,27.55µm
g_row\[0\].g_col\[1\].pe/net2157,27.545µm
_116_,27.54µm
net2433,27.54µm
g_row\[1\].g_col\[1\].pe/_0124_,27.53µm
g_row\[0\].g_col\[0\].pe/_0201_,27.52µm
g_row\[1\].g_col\[1\].pe/_1080_,27.52µm
g_row\[1\].g_col\[0\].pe/net2853,27.49µm
g_row\[0\].g_col\[0\].pe/_1287_,27.48µm
b_wire\[3\]\[8\],27.46µm
g_row\[1\].g_col\[1\].pe/r3_prod_mant\[3\],27.46µm
clknet_leaf_77_clk,27.4µm
net3564,27.4µm
g_row\[0\].g_col\[1\].pe/_0420_,27.38µm
g_row\[1\].g_col\[0\].pe/_0418_,27.38µm
clknet_leaf_100_clk,27.38µm
g_row\[0\].g_col\[1\].pe/_0291_,27.36µm
g_row\[1\].g_col\[1\].pe/_0576_,27.36µm
g_row\[1\].g_col\[1\].pe/net1711,27.36µm
g_row\[0\].g_col\[0\].pe/_1086_,27.33µm
g_row\[1\].g_col\[1\].pe/_0714_,27.32µm
g_row\[1\].g_col\[1\].pe/net1728,27.32µm
g_row\[1\].g_col\[1\].pe/net1986,27.32µm
g_row\[1\].g_col\[0\].pe/net2965,27.32µm
net2977,27.32µm
net3450,27.32µm
g_row\[1\].g_col\[0\].pe/net2836,27.315µm
b_wire\[2\]\[1\],27.3µm
g_row\[0\].g_col\[1\].pe/_1167_,27.3µm
g_row\[1\].g_col\[0\].pe/_1131_,27.3µm
g_row\[0\].g_col\[0\].pe/_0761_,27.28µm
g_row\[1\].g_col\[1\].pe/net1242,27.28µm
a_wire\[1\]\[13\],27.22µm
g_row\[1\].g_col\[0\].pe/_0307_,27.22µm
g_row\[0\].g_col\[1\].pe/_0746_,27.21µm
g_row\[0\].g_col\[1\].pe/_0707_,27.2µm
g_row\[1\].g_col\[1\].pe/_0012_,27.18µm
g_row\[1\].g_col\[1\].pe/_1174_,27.18µm
g_row\[0\].g_col\[0\].pe/net2911,27.18µm
g_row\[0\].g_col\[0\].pe/net3052,27.18µm
net1656,27.16µm
g_row\[1\].g_col\[0\].pe/net2063,27.16µm
b_wire\[2\]\[12\],27.13µm
g_row\[0\].g_col\[0\].pe/_0630_,27.12µm
net3582,27.12µm
net3589,27.12µm
g_row\[1\].g_col\[1\].pe/net2844,27.105µm
g_row\[0\].g_col\[1\].pe/_1124_,27.1µm
g_row\[0\].g_col\[1\].pe/_1184_,27.1µm
clknet_leaf_79_clk,27.1µm
g_row\[1\].g_col\[1\].pe/_0409_,27.08µm
g_row\[0\].g_col\[0\].pe/_0237_,27.06µm
g_row\[1\].g_col\[1\].pe/r2_mantissa\[7\],27.06µm
g_row\[1\].g_col\[0\].pe/_0074_,27.04µm
net3470,27µm
g_row\[0\].g_col\[1\].pe/r2_mantissa\[14\],26.99µm
g_row\[0\].g_col\[1\].pe/_0752_,26.98µm
g_row\[1\].g_col\[1\].pe/_0451_,26.96µm
clknet_leaf_29_clk,26.94µm
g_row\[1\].g_col\[1\].pe/_1140_,26.94µm
net1278,26.915µm
clknet_leaf_93_clk,26.86µm
g_row\[0\].g_col\[0\].pe/net2004,26.86µm
g_row\[0\].g_col\[1\].pe/_0141_,26.84µm
net3587,26.84µm
g_row\[0\].g_col\[1\].pe/_0702_,26.82µm
net2603,26.82µm
net2643,26.82µm
g_row\[0\].g_col\[0\].pe/net2015,26.8µm
g_row\[1\].g_col\[0\].pe/_0642_,26.79µm
g_row\[0\].g_col\[0\].pe/_0219_,26.78µm
g_row\[0\].g_col\[0\].pe/r4_acc\[2\],26.78µm
g_row\[0\].g_col\[1\].pe/_0326_,26.76µm
g_row\[1\].g_col\[1\].pe/net1709,26.76µm
g_row\[0\].g_col\[0\].pe/net1929,26.76µm
g_row\[0\].g_col\[1\].pe/_0217_,26.74µm
g_row\[1\].g_col\[1\].pe/_0008_,26.72µm
net2491,26.72µm
net3336,26.72µm
net3515,26.72µm
g_row\[0\].g_col\[1\].pe/net2238,26.705µm
g_row\[0\].g_col\[1\].pe/_0413_,26.69µm
g_row\[0\].g_col\[1\].pe/_0126_,26.68µm
g_row\[1\].g_col\[0\].pe/_1167_,26.68µm
g_row\[1\].g_col\[1\].pe/_1203_,26.68µm
net1433,26.68µm
g_row\[1\].g_col\[1\].pe/_1123_,26.66µm
g_row\[0\].g_col\[0\].pe/net2178,26.66µm
g_row\[0\].g_col\[1\].pe/_0486_,26.64µm
g_row\[0\].g_col\[1\].pe/_1230_,26.64µm
g_row\[0\].g_col\[1\].pe/net2971,26.64µm
net3456,26.64µm
g_row\[0\].g_col\[1\].pe/net2191,26.635µm
g_row\[0\].g_col\[1\].pe/_0983_,26.62µm
g_row\[1\].g_col\[1\].pe/_0003_,26.62µm
g_row\[0\].g_col\[0\].pe/net2017,26.62µm
g_row\[1\].g_col\[1\].pe/_0625_,26.58µm
g_row\[1\].g_col\[0\].pe/net1774,26.565µm
g_row\[1\].g_col\[1\].pe/_1191_,26.56µm
net1489,26.56µm
g_row\[0\].g_col\[1\].pe/_0411_,26.54µm
g_row\[0\].g_col\[1\].pe/_0683_,26.52µm
g_row\[0\].g_col\[1\].pe/r4_acc\[15\],26.52µm
g_row\[1\].g_col\[1\].pe/net2180,26.52µm
net2805,26.52µm
net3465,26.52µm
g_row\[0\].g_col\[1\].pe/_0705_,26.5µm
net2447,26.5µm
g_row\[0\].g_col\[0\].pe/_0273_,26.495µm
g_row\[0\].g_col\[0\].pe/net2975,26.44µm
g_row\[0\].g_col\[1\].pe/_0445_,26.42µm
g_row\[1\].g_col\[0\].pe/_1166_,26.42µm
net2690,26.42µm
b_wire\[3\]\[10\],26.4µm
g_row\[0\].g_col\[0\].pe/_0713_,26.4µm
g_row\[0\].g_col\[1\].pe/r2_mantissa\[11\],26.4µm
g_row\[1\].g_col\[0\].pe/_0426_,26.4µm
net2620,26.4µm
g_row\[1\].g_col\[1\].pe/_0088_,26.38µm
net3464,26.38µm
g_row\[0\].g_col\[0\].pe/_0676_,26.36µm
g_row\[0\].g_col\[0\].pe/_0810_,26.36µm
g_row\[0\].g_col\[1\].pe/_0066_,26.36µm
net2628,26.345µm
g_row\[0\].g_col\[0\].pe/_1326_,26.34µm
g_row\[0\].g_col\[1\].pe/_1237_,26.3µm
g_row\[1\].g_col\[1\].pe/_0624_,26.3µm
net3311,26.3µm
net1354,26.26µm
g_row\[1\].g_col\[0\].pe/_0603_,26.24µm
g_row\[1\].g_col\[1\].pe/_1007_,26.23µm
g_row\[0\].g_col\[0\].pe/net2000,26.225µm
net2682,26.225µm
g_row\[1\].g_col\[0\].pe/net1072,26.2µm
net2358,26.2µm
_093_,26.18µm
g_row\[0\].g_col\[1\].pe/_1045_,26.18µm
clknet_leaf_75_clk,26.18µm
g_row\[1\].g_col\[1\].pe/_0666_,26.18µm
g_row\[0\].g_col\[0\].pe/_1059_,26.14µm
g_row\[1\].g_col\[0\].pe/net2066,26.14µm
g_row\[0\].g_col\[0\].pe/_0359_,26.12µm
results_flat[40],26.12µm
g_row\[1\].g_col\[0\].pe/_0375_,26.1µm
g_row\[1\].g_col\[0\].pe/r4_acc\[11\],26.1µm
g_row\[1\].g_col\[0\].pe/net1898,26.1µm
g_row\[1\].g_col\[0\].pe/net1859,26.095µm
g_row\[0\].g_col\[1\].pe/_0367_,26.06µm
g_row\[1\].g_col\[1\].pe/_0296_,26.06µm
g_row\[1\].g_col\[0\].pe/net2902,26.04µm
g_row\[0\].g_col\[0\].pe/_0781_,26µm
g_row\[0\].g_col\[1\].pe/_0743_,25.98µm
g_row\[0\].g_col\[1\].pe/_0562_,25.96µm
g_row\[1\].g_col\[0\].pe/_0605_,25.96µm
results_flat[44],25.96µm
net1555,25.96µm
g_row\[0\].g_col\[0\].pe/_0092_,25.94µm
g_row\[0\].g_col\[1\].pe/_0116_,25.92µm
g_row\[1\].g_col\[1\].pe/_1106_,25.92µm
g_row\[1\].g_col\[0\].pe/net2072,25.92µm
g_row\[0\].g_col\[0\].pe/_0635_,25.86µm
g_row\[0\].g_col\[0\].pe/_0784_,25.86µm
g_row\[1\].g_col\[1\].pe/_0410_,25.86µm
g_row\[0\].g_col\[0\].pe/net1932,25.86µm
net2737,25.86µm
net2794,25.86µm
g_row\[0\].g_col\[1\].pe/_0092_,25.84µm
g_row\[0\].g_col\[1\].pe/_0102_,25.84µm
g_row\[1\].g_col\[1\].pe/_0627_,25.84µm
g_row\[1\].g_col\[1\].pe/_1075_,25.84µm
g_row\[1\].g_col\[1\].pe/net2882,25.84µm
net3059,25.84µm
g_row\[1\].g_col\[0\].pe/_0051_,25.8µm
g_row\[1\].g_col\[1\].pe/_0991_,25.8µm
g_row\[0\].g_col\[0\].pe/net2921,25.78µm
net3338,25.76µm
g_row\[1\].g_col\[1\].pe/_0676_,25.74µm
g_row\[1\].g_col\[1\].pe/net1739,25.74µm
g_row\[1\].g_col\[0\].pe/_0734_,25.67µm
g_row\[1\].g_col\[1\].pe/_0226_,25.66µm
g_row\[1\].g_col\[0\].pe/_1231_,25.64µm
g_row\[1\].g_col\[0\].pe/_0576_,25.6µm
g_row\[1\].g_col\[1\].pe/_0204_,25.6µm
g_row\[1\].g_col\[0\].pe/net2895,25.58µm
g_row\[0\].g_col\[0\].pe/_0931_,25.56µm
g_row\[0\].g_col\[0\].pe/net2878,25.56µm
net3511,25.56µm
g_row\[0\].g_col\[0\].pe/r2_mantissa\[4\],25.55µm
g_row\[1\].g_col\[1\].pe/_1213_,25.54µm
g_row\[1\].g_col\[1\].pe/_1238_,25.535µm
net2450,25.52µm
g_row\[1\].g_col\[1\].pe/_0389_,25.5µm
g_row\[0\].g_col\[0\].pe/_1211_,25.49µm
g_row\[1\].g_col\[1\].pe/net1938,25.485µm
g_row\[0\].g_col\[0\].pe/_0798_,25.48µm
g_row\[1\].g_col\[0\].pe/_0583_,25.48µm
net1628,25.48µm
g_row\[0\].g_col\[0\].pe/net2289,25.46µm
net2555,25.46µm
g_row\[0\].g_col\[0\].pe/_1297_,25.44µm
g_row\[1\].g_col\[1\].pe/_0071_,25.42µm
g_row\[1\].g_col\[1\].pe/_0622_,25.42µm
g_row\[0\].g_col\[1\].pe/_0867_,25.4µm
g_row\[0\].g_col\[1\].pe/net3053,25.385µm
g_row\[0\].g_col\[0\].pe/_0802_,25.34µm
g_row\[0\].g_col\[1\].pe/_0884_,25.32µm
g_row\[1\].g_col\[1\].pe/_0937_,25.32µm
g_row\[1\].g_col\[0\].pe/net2058,25.32µm
net3388,25.32µm
b_wire\[1\]\[13\],25.3µm
clknet_leaf_30_clk,25.3µm
g_row\[1\].g_col\[0\].pe/_0756_,25.27µm
g_row\[0\].g_col\[1\].pe/net2908,25.265µm
g_row\[0\].g_col\[0\].pe/_0064_,25.24µm
g_row\[1\].g_col\[0\].pe/_1058_,25.24µm
net2604,25.225µm
g_row\[0\].g_col\[0\].pe/_0872_,25.22µm
g_row\[1\].g_col\[1\].pe/_1164_,25.2µm
net1336,25.18µm
clknet_leaf_73_clk,25.18µm
g_row\[1\].g_col\[1\].pe/_0457_,25.18µm
g_row\[1\].g_col\[1\].pe/_1131_,25.18µm
g_row\[0\].g_col\[0\].pe/_0483_,25.16µm
g_row\[0\].g_col\[0\].pe/_0788_,25.12µm
g_row\[1\].g_col\[0\].pe/_0600_,25.11µm
g_row\[0\].g_col\[0\].pe/_0079_,25.1µm
clknet_leaf_9_clk,25.1µm
g_row\[1\].g_col\[0\].pe/r4_acc\[3\],25.1µm
g_row\[1\].g_col\[0\].pe/net3081,25.09µm
g_row\[1\].g_col\[1\].pe/_0682_,25.08µm
g_row\[0\].g_col\[0\].pe/_1306_,25.04µm
g_row\[1\].g_col\[1\].pe/_0006_,25.04µm
b_wire\[3\]\[14\],25.02µm
g_row\[0\].g_col\[0\].pe/_0073_,24.98µm
g_row\[0\].g_col\[0\].pe/_0915_,24.98µm
g_row\[0\].g_col\[1\].pe/_0960_,24.98µm
g_row\[0\].g_col\[1\].pe/_0991_,24.98µm
g_row\[0\].g_col\[0\].pe/_0156_,24.94µm
g_row\[1\].g_col\[1\].pe/_0102_,24.94µm
g_row\[1\].g_col\[1\].pe/net1954,24.935µm
g_row\[0\].g_col\[0\].pe/_0457_,24.92µm
g_row\[1\].g_col\[1\].pe/_0348_,24.91µm
g_row\[0\].g_col\[1\].pe/net1970,24.91µm
g_row\[0\].g_col\[0\].pe/r4_acc\[8\],24.9µm
g_row\[1\].g_col\[1\].pe/_0425_,24.88µm
g_row\[1\].g_col\[0\].pe/net1770,24.84µm
g_row\[0\].g_col\[1\].pe/_0440_,24.82µm
g_row\[0\].g_col\[1\].pe/_0534_,24.82µm
g_row\[1\].g_col\[1\].pe/_1176_,24.8µm
net2041,24.8µm
g_row\[1\].g_col\[0\].pe/_0660_,24.78µm
g_row\[1\].g_col\[1\].pe/_0603_,24.76µm
g_row\[0\].g_col\[1\].pe/_0012_,24.74µm
g_row\[1\].g_col\[0\].pe/_0581_,24.72µm
g_row\[1\].g_col\[1\].pe/_0361_,24.72µm
results_flat[10],24.72µm
g_row\[0\].g_col\[0\].pe/_0052_,24.7µm
g_row\[1\].g_col\[0\].pe/r2_mantissa\[11\],24.695µm
g_row\[0\].g_col\[0\].pe/net2319,24.695µm
g_row\[1\].g_col\[0\].pe/net1842,24.685µm
clknet_leaf_41_clk,24.68µm
g_row\[0\].g_col\[0\].pe/_0364_,24.66µm
net2813,24.66µm
g_row\[1\].g_col\[0\].pe/_0189_,24.65µm
net1390,24.64µm
g_row\[0\].g_col\[0\].pe/net2020,24.605µm
g_row\[0\].g_col\[1\].pe/_0285_,24.58µm
g_row\[1\].g_col\[1\].pe/_0626_,24.58µm
net3179,24.56µm
net3362,24.56µm
g_row\[1\].g_col\[1\].pe/_0302_,24.555µm
g_row\[0\].g_col\[1\].pe/net2237,24.545µm
_101_,24.54µm
g_row\[0\].g_col\[1\].pe/_0250_,24.54µm
g_row\[1\].g_col\[0\].pe/_0069_,24.54µm
g_row\[0\].g_col\[1\].pe/_1176_,24.52µm
g_row\[0\].g_col\[1\].pe/_1288_,24.52µm
g_row\[1\].g_col\[1\].pe/_0420_,24.52µm
g_row\[1\].g_col\[1\].pe/r3_prod_mant\[4\],24.52µm
g_row\[0\].g_col\[1\].pe/_0337_,24.5µm
g_row\[0\].g_col\[1\].pe/_1127_,24.5µm
g_row\[1\].g_col\[0\].pe/_0071_,24.5µm
g_row\[1\].g_col\[1\].pe/_0670_,24.5µm
_091_,24.48µm
g_row\[0\].g_col\[1\].pe/_0593_,24.48µm
g_row\[1\].g_col\[0\].pe/_0911_,24.48µm
g_row\[1\].g_col\[1\].pe/_1217_,24.48µm
net1309,24.46µm
net1311,24.46µm
net1343,24.44µm
net2609,24.44µm
g_row\[0\].g_col\[0\].pe/_0132_,24.42µm
g_row\[1\].g_col\[0\].pe/_0010_,24.4µm
g_row\[1\].g_col\[1\].pe/_0426_,24.4µm
g_row\[0\].g_col\[1\].pe/net2115,24.385µm
g_row\[1\].g_col\[0\].pe/net1876,24.38µm
g_row\[1\].g_col\[1\].pe/_1144_,24.37µm
g_row\[0\].g_col\[0\].pe/net2315,24.355µm
g_row\[1\].g_col\[0\].pe/_1314_,24.32µm
g_row\[0\].g_col\[1\].pe/_0456_,24.3µm
g_row\[0\].g_col\[1\].pe/_1265_,24.285µm
g_row\[0\].g_col\[0\].pe/_0222_,24.28µm
g_row\[0\].g_col\[0\].pe/_0923_,24.28µm
g_row\[1\].g_col\[0\].pe/_1106_,24.26µm
g_row\[1\].g_col\[1\].pe/net1737,24.26µm
g_row\[1\].g_col\[1\].pe/net1746,24.26µm
g_row\[0\].g_col\[1\].pe/_0573_,24.23µm
g_row\[0\].g_col\[0\].pe/_0117_,24.22µm
g_row\[0\].g_col\[0\].pe/_0631_,24.22µm
g_row\[0\].g_col\[1\].pe/_0125_,24.22µm
net1525,24.22µm
net1574,24.22µm
g_row\[1\].g_col\[0\].pe/net2984,24.22µm
g_row\[0\].g_col\[1\].pe/_0219_,24.2µm
g_row\[1\].g_col\[1\].pe/_0596_,24.2µm
net1448,24.2µm
net2744,24.2µm
g_row\[0\].g_col\[0\].pe/_0060_,24.18µm
g_row\[0\].g_col\[0\].pe/_0285_,24.18µm
g_row\[0\].g_col\[0\].pe/_0366_,24.18µm
clknet_leaf_28_clk,24.18µm
g_row\[1\].g_col\[0\].pe/_0988_,24.18µm
g_row\[0\].g_col\[1\].pe/_0731_,24.14µm
g_row\[0\].g_col\[1\].pe/_1001_,24.14µm
g_row\[1\].g_col\[0\].pe/_0075_,24.1µm
g_row\[1\].g_col\[0\].pe/_1211_,24.1µm
g_row\[1\].g_col\[1\].pe/_1275_,24.1µm
g_row\[1\].g_col\[1\].pe/r2_mantissa\[9\],24.1µm
net3319,24.1µm
g_row\[0\].g_col\[1\].pe/_0937_,24.08µm
g_row\[0\].g_col\[0\].pe/_0265_,24.06µm
g_row\[0\].g_col\[1\].pe/_1074_,24.06µm
g_row\[1\].g_col\[1\].pe/s1_sign_a,24.06µm
g_row\[0\].g_col\[0\].pe/net2019,24.06µm
g_row\[0\].g_col\[0\].pe/net2919,24.06µm
g_row\[1\].g_col\[0\].pe/_0760_,24.04µm
b_wire\[1\]\[9\],24.02µm
g_row\[0\].g_col\[0\].pe/_0619_,24.02µm
g_row\[1\].g_col\[1\].pe/_0898_,24.02µm
net2456,24.02µm
g_row\[0\].g_col\[0\].pe/_0019_,24µm
g_row\[0\].g_col\[1\].pe/_0072_,24µm
net1621,24µm
net3580,24µm
g_row\[1\].g_col\[0\].pe/_1284_,23.98µm
g_row\[1\].g_col\[0\].pe/net1884,23.98µm
net3523,23.96µm
g_row\[0\].g_col\[0\].pe/_0935_,23.94µm
g_row\[1\].g_col\[1\].pe/_0408_,23.94µm
g_row\[1\].g_col\[0\].pe/net1877,23.925µm
net1529,23.9µm
b_wire\[3\]\[4\],23.88µm
g_row\[1\].g_col\[0\].pe/_0002_,23.88µm
g_row\[1\].g_col\[0\].pe/_0874_,23.88µm
g_row\[0\].g_col\[0\].pe/_0913_,23.86µm
b_wire\[1\]\[10\],23.84µm
g_row\[0\].g_col\[1\].pe/_1281_,23.84µm
g_row\[1\].g_col\[0\].pe/_0891_,23.84µm
g_row\[0\].g_col\[0\].pe/net3031,23.84µm
g_row\[0\].g_col\[1\].pe/_1311_,23.825µm
g_row\[0\].g_col\[0\].pe/net3043,23.805µm
g_row\[0\].g_col\[0\].pe/_0111_,23.8µm
g_row\[0\].g_col\[0\].pe/_0670_,23.8µm
g_row\[0\].g_col\[1\].pe/_1232_,23.8µm
g_row\[1\].g_col\[1\].pe/_1030_,23.8µm
net2812,23.8µm
g_row\[0\].g_col\[0\].pe/net3055,23.8µm
g_row\[1\].g_col\[0\].pe/_0709_,23.79µm
b_wire\[2\]\[13\],23.78µm
g_row\[0\].g_col\[1\].pe/_0874_,23.76µm
g_row\[1\].g_col\[0\].pe/_1084_,23.74µm
g_row\[1\].g_col\[0\].pe/net2956,23.74µm
clknet_leaf_97_clk,23.72µm
g_row\[1\].g_col\[1\].pe/net2181,23.685µm
g_row\[0\].g_col\[1\].pe/_0729_,23.68µm
clknet_leaf_14_clk,23.68µm
g_row\[0\].g_col\[0\].pe/net2311,23.68µm
g_row\[0\].g_col\[1\].pe/net3048,23.68µm
g_row\[0\].g_col\[0\].pe/net3050,23.66µm
g_row\[0\].g_col\[1\].pe/_0931_,23.64µm
g_row\[1\].g_col\[0\].pe/_0104_,23.64µm
g_row\[1\].g_col\[1\].pe/_0220_,23.64µm
g_row\[1\].g_col\[1\].pe/_0014_,23.62µm
g_row\[1\].g_col\[1\].pe/_0456_,23.62µm
g_row\[1\].g_col\[0\].pe/net2831,23.62µm
g_row\[0\].g_col\[0\].pe/net1934,23.605µm
a_reg\[18\],23.6µm
g_row\[1\].g_col\[1\].pe/net1751,23.6µm
net3134,23.6µm
g_row\[0\].g_col\[1\].pe/_1231_,23.58µm
clknet_leaf_65_clk,23.58µm
g_row\[1\].g_col\[1\].pe/_1284_,23.58µm
g_row\[1\].g_col\[0\].pe/net2057,23.58µm
g_row\[0\].g_col\[1\].pe/net2952,23.58µm
g_row\[0\].g_col\[0\].pe/_0454_,23.56µm
g_row\[0\].g_col\[1\].pe/_0682_,23.56µm
g_row\[0\].g_col\[1\].pe/_1315_,23.56µm
g_row\[1\].g_col\[0\].pe/_1328_,23.56µm
results_flat[0],23.56µm
g_row\[0\].g_col\[0\].pe/net2963,23.53µm
g_row\[0\].g_col\[1\].pe/_0942_,23.52µm
g_row\[1\].g_col\[0\].pe/_1212_,23.52µm
g_row\[0\].g_col\[0\].pe/_0978_,23.5µm
g_row\[0\].g_col\[1\].pe/_0760_,23.5µm
g_row\[1\].g_col\[0\].pe/_0079_,23.5µm
g_row\[1\].g_col\[1\].pe/_0153_,23.5µm
g_row\[0\].g_col\[0\].pe/net2294,23.485µm
g_row\[0\].g_col\[0\].pe/_0377_,23.46µm
g_row\[1\].g_col\[0\].pe/_0423_,23.46µm
net1471,23.46µm
g_row\[0\].g_col\[1\].pe/_0078_,23.44µm
net3556,23.42µm
g_row\[0\].g_col\[1\].pe/_1139_,23.4µm
g_row\[1\].g_col\[0\].pe/net3077,23.4µm
net3492,23.4µm
a_reg\[31\],23.38µm
g_row\[0\].g_col\[1\].pe/_0978_,23.38µm
g_row\[0\].g_col\[1\].pe/_1198_,23.38µm
g_row\[1\].g_col\[1\].pe/_0947_,23.38µm
net1602,23.38µm
g_row\[0\].g_col\[0\].pe/_0256_,23.36µm
net1395,23.34µm
g_row\[0\].g_col\[0\].pe/_0448_,23.34µm
g_row\[1\].g_col\[0\].pe/_0291_,23.34µm
g_row\[1\].g_col\[1\].pe/_1119_,23.34µm
g_row\[1\].g_col\[0\].pe/_0454_,23.32µm
g_row\[1\].g_col\[0\].pe/r4_acc\[12\],23.32µm
net2793,23.32µm
g_row\[0\].g_col\[0\].pe/r2_mantissa\[14\],23.31µm
g_row\[0\].g_col\[0\].pe/_0196_,23.3µm
g_row\[1\].g_col\[0\].pe/_0411_,23.3µm
g_row\[1\].g_col\[0\].pe/_1257_,23.28µm
g_row\[1\].g_col\[1\].pe/net1700,23.26µm
g_row\[0\].g_col\[0\].pe/_0299_,23.24µm
_073_,23.22µm
g_row\[0\].g_col\[0\].pe/r4_acc\[3\],23.22µm
net3117,23.22µm
g_row\[1\].g_col\[1\].pe/net1969,23.205µm
clknet_leaf_27_clk,23.2µm
g_row\[1\].g_col\[1\].pe/net3057,23.18µm
g_row\[1\].g_col\[1\].pe/_0342_,23.16µm
g_row\[1\].g_col\[0\].pe/net1869,23.16µm
g_row\[1\].g_col\[0\].pe/net2073,23.14µm
g_row\[0\].g_col\[0\].pe/net1908,23.12µm
g_row\[1\].g_col\[1\].pe/_0407_,23.1µm
g_row\[1\].g_col\[0\].pe/r4_acc\[2\],23.06µm
g_row\[1\].g_col\[0\].pe/_1230_,23.04µm
g_row\[1\].g_col\[1\].pe/net2822,23.04µm
net3548,23.04µm
g_row\[0\].g_col\[1\].pe/r3_prod_mant\[8\],23.02µm
net2814,22.985µm
g_row\[0\].g_col\[1\].pe/_0009_,22.96µm
g_row\[0\].g_col\[1\].pe/_0399_,22.96µm
g_row\[1\].g_col\[1\].pe/_0445_,22.96µm
g_row\[0\].g_col\[0\].pe/_0075_,22.94µm
g_row\[0\].g_col\[0\].pe/_0078_,22.94µm
g_row\[0\].g_col\[1\].pe/_0910_,22.92µm
g_row\[1\].g_col\[0\].pe/_0243_,22.92µm
g_row\[1\].g_col\[1\].pe/r3_prod_mant\[13\],22.92µm
g_row\[1\].g_col\[0\].pe/net2893,22.92µm
net3501,22.92µm
g_row\[1\].g_col\[1\].pe/net1956,22.905µm
g_row\[0\].g_col\[1\].pe/_0259_,22.9µm
g_row\[0\].g_col\[1\].pe/_0594_,22.9µm
g_row\[1\].g_col\[1\].pe/_0986_,22.89µm
g_row\[0\].g_col\[1\].pe/_0373_,22.88µm
g_row\[1\].g_col\[0\].pe/_1258_,22.88µm
results_flat[3],22.88µm
g_row\[0\].g_col\[0\].pe/_1284_,22.84µm
g_row\[1\].g_col\[0\].pe/_0013_,22.84µm
g_row\[0\].g_col\[0\].pe/net3014,22.83µm
g_row\[1\].g_col\[0\].pe/_0011_,22.82µm
g_row\[0\].g_col\[0\].pe/r2_mantissa\[12\],22.8µm
g_row\[1\].g_col\[1\].pe/_0287_,22.785µm
g_row\[0\].g_col\[0\].pe/_0953_,22.78µm
clknet_leaf_25_clk,22.78µm
g_row\[0\].g_col\[1\].pe/_0164_,22.77µm
g_row\[0\].g_col\[0\].pe/_1335_,22.76µm
g_row\[1\].g_col\[1\].pe/_0009_,22.76µm
net3210,22.76µm
net3178,22.74µm
g_row\[0\].g_col\[0\].pe/net2011,22.725µm
g_row\[0\].g_col\[1\].pe/_1320_,22.72µm
net3505,22.72µm
g_row\[0\].g_col\[1\].pe/_1096_,22.7µm
g_row\[1\].g_col\[0\].pe/_0126_,22.7µm
a_reg\[13\],22.69µm
g_row\[0\].g_col\[1\].pe/_1110_,22.68µm
g_row\[1\].g_col\[1\].pe/_1246_,22.68µm
net1594,22.68µm
g_row\[1\].g_col\[0\].pe/_1072_,22.66µm
g_row\[1\].g_col\[0\].pe/net2077,22.615µm
g_row\[0\].g_col\[1\].pe/_0971_,22.6µm
g_row\[0\].g_col\[1\].pe/net2155,22.585µm
g_row\[0\].g_col\[1\].pe/_0609_,22.58µm
g_row\[1\].g_col\[0\].pe/_0086_,22.58µm
g_row\[1\].g_col\[0\].pe/net2858,22.58µm
g_row\[0\].g_col\[0\].pe/_0806_,22.56µm
g_row\[1\].g_col\[1\].pe/_1302_,22.54µm
g_row\[1\].g_col\[1\].pe/net2122,22.535µm
g_row\[0\].g_col\[1\].pe/_0943_,22.52µm
g_row\[0\].g_col\[0\].pe/_0409_,22.5µm
g_row\[1\].g_col\[0\].pe/_0778_,22.5µm
net1536,22.5µm
g_row\[0\].g_col\[0\].pe/net2982,22.5µm
g_row\[0\].g_col\[1\].pe/_0167_,22.48µm
g_row\[1\].g_col\[0\].pe/_0317_,22.48µm
g_row\[1\].g_col\[0\].pe/net3046,22.47µm
g_row\[0\].g_col\[1\].pe/_1257_,22.46µm
net2638,22.46µm
net2728,22.46µm
net2780,22.46µm
g_row\[1\].g_col\[1\].pe/net1961,22.45µm
net2622,22.44µm
g_row\[0\].g_col\[0\].pe/_0925_,22.4µm
g_row\[1\].g_col\[0\].pe/_0456_,22.4µm
g_row\[1\].g_col\[1\].pe/_1335_,22.4µm
g_row\[0\].g_col\[1\].pe/net2361,22.4µm
g_row\[0\].g_col\[0\].pe/_1279_,22.39µm
g_row\[1\].g_col\[0\].pe/_0300_,22.38µm
g_row\[1\].g_col\[0\].pe/_0394_,22.38µm
g_row\[1\].g_col\[0\].pe/_0818_,22.38µm
g_row\[1\].g_col\[1\].pe/net3018,22.38µm
clknet_leaf_53_clk,22.36µm
g_row\[0\].g_col\[1\].pe/_0090_,22.36µm
net2751,22.36µm
g_row\[1\].g_col\[0\].pe/_0868_,22.34µm
g_row\[1\].g_col\[1\].pe/_0619_,22.32µm
g_row\[1\].g_col\[1\].pe/_0872_,22.32µm
g_row\[0\].g_col\[1\].pe/_0735_,22.28µm
g_row\[0\].g_col\[1\].pe/_0803_,22.28µm
g_row\[1\].g_col\[1\].pe/_0778_,22.26µm
b_wire\[1\]\[15\],22.24µm
g_row\[1\].g_col\[0\].pe/_1260_,22.24µm
g_row\[0\].g_col\[1\].pe/_1078_,22.22µm
g_row\[1\].g_col\[0\].pe/_0460_,22.22µm
g_row\[0\].g_col\[0\].pe/_0671_,22.21µm
g_row\[0\].g_col\[0\].pe/net1183,22.2µm
g_row\[1\].g_col\[1\].pe/_0106_,22.18µm
_095_,22.16µm
g_row\[0\].g_col\[0\].pe/_0118_,22.16µm
g_row\[0\].g_col\[1\].pe/_0883_,22.16µm
_086_,22.14µm
g_row\[0\].g_col\[1\].pe/_0089_,22.14µm
g_row\[0\].g_col\[0\].pe/_0061_,22.12µm
g_row\[1\].g_col\[0\].pe/r4_acc\[8\],22.11µm
g_row\[0\].g_col\[1\].pe/_0104_,22.1µm
g_row\[1\].g_col\[1\].pe/_0217_,22.1µm
g_row\[0\].g_col\[0\].pe/_0700_,22.09µm
g_row\[1\].g_col\[0\].pe/net1899,22.085µm
g_row\[1\].g_col\[0\].pe/net1830,22.065µm
net1286,22.06µm
g_row\[0\].g_col\[1\].pe/_0212_,22.04µm
g_row\[0\].g_col\[0\].pe/net1906,22.04µm
g_row\[0\].g_col\[1\].pe/_0516_,22.02µm
g_row\[1\].g_col\[0\].pe/_0384_,22.02µm
g_row\[0\].g_col\[1\].pe/_0652_,22µm
g_row\[1\].g_col\[0\].pe/_0573_,22µm
g_row\[1\].g_col\[1\].pe/_0214_,22µm
g_row\[1\].g_col\[1\].pe/_0268_,22µm
g_row\[1\].g_col\[1\].pe/_0399_,22µm
g_row\[1\].g_col\[1\].pe/_0454_,22µm
g_row\[1\].g_col\[1\].pe/net3019,22µm
net1396,21.98µm
g_row\[1\].g_col\[0\].pe/_0967_,21.98µm
g_row\[1\].g_col\[0\].pe/_0978_,21.96µm
g_row\[1\].g_col\[1\].pe/_0784_,21.96µm
g_row\[0\].g_col\[0\].pe/_1106_,21.94µm
g_row\[0\].g_col\[1\].pe/_0276_,21.94µm
g_row\[1\].g_col\[0\].pe/_0302_,21.94µm
net3297,21.94µm
g_row\[0\].g_col\[0\].pe/_0421_,21.9µm
g_row\[1\].g_col\[1\].pe/_0359_,21.9µm
g_row\[0\].g_col\[1\].pe/_0174_,21.88µm
g_row\[1\].g_col\[1\].pe/_0729_,21.88µm
g_row\[1\].g_col\[1\].pe/_0930_,21.88µm
net3327,21.86µm
g_row\[0\].g_col\[0\].pe/_1158_,21.84µm
g_row\[1\].g_col\[0\].pe/net2067,21.805µm
g_row\[1\].g_col\[1\].pe/_0202_,21.8µm
g_row\[1\].g_col\[1\].pe/_0327_,21.8µm
g_row\[1\].g_col\[1\].pe/_0617_,21.8µm
a_reg\[22\],21.78µm
g_row\[0\].g_col\[1\].pe/_1053_,21.78µm
g_row\[0\].g_col\[1\].pe/_1207_,21.76µm
g_row\[1\].g_col\[0\].pe/net1841,21.76µm
g_row\[0\].g_col\[0\].pe/_1170_,21.74µm
net3462,21.74µm
net1527,21.72µm
g_row\[1\].g_col\[0\].pe/net2857,21.68µm
g_row\[1\].g_col\[0\].pe/_0408_,21.66µm
g_row\[1\].g_col\[0\].pe/net2833,21.66µm
net3329,21.62µm
g_row\[0\].g_col\[0\].pe/_0115_,21.61µm
g_row\[1\].g_col\[0\].pe/_1054_,21.6µm
g_row\[0\].g_col\[0\].pe/_1334_,21.58µm
g_row\[1\].g_col\[0\].pe/_0702_,21.58µm
g_row\[1\].g_col\[1\].pe/_0069_,21.58µm
g_row\[1\].g_col\[1\].pe/_1009_,21.58µm
g_row\[0\].g_col\[0\].pe/net2291,21.565µm
g_row\[0\].g_col\[1\].pe/_0968_,21.55µm
g_row\[0\].g_col\[0\].pe/_0988_,21.5µm
g_row\[1\].g_col\[0\].pe/net2064,21.485µm
g_row\[1\].g_col\[1\].pe/net2863,21.48µm
g_row\[0\].g_col\[0\].pe/_1058_,21.46µm
g_row\[0\].g_col\[1\].pe/_1098_,21.46µm
g_row\[1\].g_col\[0\].pe/_0144_,21.46µm
g_row\[1\].g_col\[0\].pe/_0666_,21.46µm
g_row\[1\].g_col\[0\].pe/_1096_,21.46µm
g_row\[0\].g_col\[0\].pe/_0910_,21.42µm
g_row\[1\].g_col\[0\].pe/_0407_,21.42µm
g_row\[0\].g_col\[0\].pe/net2904,21.42µm
g_row\[1\].g_col\[0\].pe/net2080,21.415µm
clknet_leaf_90_clk,21.4µm
g_row\[0\].g_col\[0\].pe/r2_mantissa\[6\],21.38µm
g_row\[1\].g_col\[0\].pe/_0214_,21.38µm
g_row\[1\].g_col\[1\].pe/_0993_,21.38µm
g_row\[1\].g_col\[1\].pe/_1328_,21.38µm
net2696,21.38µm
g_row\[0\].g_col\[1\].pe/_0122_,21.37µm
g_row\[0\].g_col\[1\].pe/_0199_,21.36µm
net3508,21.36µm
g_row\[0\].g_col\[0\].pe/_0860_,21.345µm
g_row\[1\].g_col\[0\].pe/net1872,21.345µm
g_row\[0\].g_col\[1\].pe/_0400_,21.34µm
g_row\[1\].g_col\[0\].pe/_0438_,21.34µm
net1610,21.34µm
g_row\[1\].g_col\[0\].pe/net2082,21.34µm
g_row\[0\].g_col\[0\].pe/_0102_,21.3µm
g_row\[0\].g_col\[1\].pe/_0302_,21.3µm
g_row\[0\].g_col\[1\].pe/_1319_,21.3µm
g_row\[1\].g_col\[1\].pe/r3_prod_mant\[0\],21.3µm
g_row\[0\].g_col\[1\].pe/_0574_,21.28µm
g_row\[0\].g_col\[1\].pe/_1208_,21.28µm
net1534,21.28µm
g_row\[0\].g_col\[0\].pe/_0804_,21.24µm
g_row\[1\].g_col\[1\].pe/_0010_,21.24µm
g_row\[0\].g_col\[0\].pe/_0707_,21.2µm
g_row\[0\].g_col\[1\].pe/_0294_,21.2µm
clknet_leaf_12_clk,21.18µm
g_row\[1\].g_col\[1\].pe/_0951_,21.18µm
g_row\[1\].g_col\[1\].pe/_0433_,21.16µm
g_row\[0\].g_col\[0\].pe/net1799,21.14µm
g_row\[0\].g_col\[1\].pe/r3_prod_mant\[6\],21.12µm
g_row\[1\].g_col\[0\].pe/net2972,21.12µm
g_row\[0\].g_col\[1\].pe/r4_acc\[14\],21.1µm
clknet_leaf_55_clk,21.08µm
g_row\[1\].g_col\[0\].pe/_1110_,21.08µm
g_row\[1\].g_col\[1\].pe/_0942_,21.08µm
g_row\[0\].g_col\[1\].pe/_1222_,21.05µm
g_row\[0\].g_col\[0\].pe/_1275_,21.04µm
net1388,21.02µm
g_row\[1\].g_col\[0\].pe/_0568_,21.02µm
g_row\[1\].g_col\[1\].pe/_0470_,21.01µm
net3198,21µm
g_row\[1\].g_col\[0\].pe/net2995,20.995µm
net1607,20.94µm
g_row\[0\].g_col\[1\].pe/_1048_,20.92µm
g_row\[1\].g_col\[0\].pe/_0078_,20.92µm
net2597,20.92µm
b_wire\[2\]\[4\],20.9µm
g_row\[0\].g_col\[1\].pe/_0716_,20.88µm
g_row\[1\].g_col\[1\].pe/_1211_,20.88µm
b_wire\[0\]\[2\],20.86µm
g_row\[0\].g_col\[0\].pe/_1263_,20.86µm
g_row\[1\].g_col\[0\].pe/_0402_,20.86µm
g_row\[1\].g_col\[1\].pe/net2245,20.86µm
g_row\[1\].g_col\[0\].pe/_1068_,20.84µm
g_row\[0\].g_col\[1\].pe/_0348_,20.81µm
g_row\[0\].g_col\[0\].pe/net2304,20.805µm
b_wire\[1\]\[12\],20.8µm
g_row\[0\].g_col\[0\].pe/_1099_,20.8µm
g_row\[1\].g_col\[0\].pe/_0165_,20.8µm
g_row\[1\].g_col\[0\].pe/_0445_,20.8µm
g_row\[1\].g_col\[0\].pe/_0882_,20.79µm
g_row\[0\].g_col\[0\].pe/_0051_,20.78µm
g_row\[0\].g_col\[0\].pe/_0825_,20.78µm
g_row\[0\].g_col\[0\].pe/net2288,20.78µm
g_row\[1\].g_col\[1\].pe/net2869,20.78µm
net3151,20.78µm
b_wire\[0\]\[3\],20.76µm
g_row\[0\].g_col\[1\].pe/net2399,20.76µm
net2689,20.76µm
g_row\[0\].g_col\[0\].pe/_0748_,20.745µm
g_row\[1\].g_col\[1\].pe/_0281_,20.74µm
g_row\[1\].g_col\[0\].pe/net2957,20.68µm
g_row\[0\].g_col\[0\].pe/_0370_,20.66µm
g_row\[0\].g_col\[0\].pe/_1108_,20.66µm
g_row\[1\].g_col\[0\].pe/_0571_,20.66µm
g_row\[0\].g_col\[0\].pe/_0142_,20.64µm
clknet_leaf_24_clk,20.64µm
g_row\[0\].g_col\[1\].pe/_0160_,20.64µm
g_row\[1\].g_col\[1\].pe/_1139_,20.64µm
g_row\[1\].g_col\[0\].pe/_1201_,20.63µm
g_row\[1\].g_col\[1\].pe/_0852_,20.62µm
g_row\[1\].g_col\[1\].pe/net1663,20.62µm
results_flat[2],20.6µm
g_row\[0\].g_col\[0\].pe/_1308_,20.59µm
g_row\[0\].g_col\[1\].pe/_1269_,20.58µm
g_row\[1\].g_col\[0\].pe/_1307_,20.58µm
b_reg\[13\],20.56µm
b_wire\[1\]\[1\],20.56µm
g_row\[0\].g_col\[1\].pe/_0004_,20.56µm
g_row\[0\].g_col\[1\].pe/net2166,20.56µm
g_row\[1\].g_col\[1\].pe/_0066_,20.54µm
g_row\[1\].g_col\[1\].pe/net1710,20.54µm
g_row\[1\].g_col\[0\].pe/net1833,20.54µm
g_row\[0\].g_col\[0\].pe/_0332_,20.535µm
g_row\[1\].g_col\[0\].pe/net2860,20.525µm
g_row\[0\].g_col\[0\].pe/_1258_,20.52µm
g_row\[0\].g_col\[1\].pe/_0013_,20.52µm
g_row\[1\].g_col\[1\].pe/net3073,20.51µm
g_row\[0\].g_col\[0\].pe/_0292_,20.5µm
g_row\[0\].g_col\[1\].pe/net1846,20.5µm
g_row\[0\].g_col\[0\].pe/net2137,20.5µm
g_row\[1\].g_col\[0\].pe/_0622_,20.48µm
g_row\[1\].g_col\[1\].pe/_0396_,20.48µm
g_row\[1\].g_col\[0\].pe/_0049_,20.46µm
g_row\[0\].g_col\[0\].pe/net3038,20.46µm
b_wire\[1\]\[14\],20.44µm
b_wire\[2\]\[15\],20.44µm
g_row\[0\].g_col\[0\].pe/_0820_,20.44µm
g_row\[0\].g_col\[1\].pe/_1115_,20.44µm
g_row\[1\].g_col\[1\].pe/_1277_,20.42µm
net3367,20.42µm
g_row\[0\].g_col\[0\].pe/_1214_,20.41µm
g_row\[0\].g_col\[1\].pe/_0368_,20.38µm
g_row\[1\].g_col\[0\].pe/_1253_,20.38µm
net2754,20.365µm
g_row\[1\].g_col\[0\].pe/_0376_,20.36µm
g_row\[1\].g_col\[0\].pe/net3011,20.35µm
g_row\[1\].g_col\[1\].pe/_1098_,20.34µm
g_row\[1\].g_col\[1\].pe/net2192,20.34µm
a_reg\[30\],20.32µm
g_row\[0\].g_col\[0\].pe/_0294_,20.32µm
g_row\[0\].g_col\[1\].pe/_0948_,20.32µm
g_row\[1\].g_col\[1\].pe/net1955,20.32µm
g_row\[1\].g_col\[1\].pe/net3068,20.32µm
net3273,20.32µm
g_row\[0\].g_col\[0\].pe/_1266_,20.3µm
g_row\[0\].g_col\[1\].pe/_0815_,20.3µm
g_row\[1\].g_col\[1\].pe/_0489_,20.3µm
g_row\[0\].g_col\[0\].pe/net1835,20.3µm
g_row\[0\].g_col\[1\].pe/_0242_,20.29µm
a_wire\[0\]\[7\],20.28µm
g_row\[0\].g_col\[1\].pe/_0438_,20.28µm
g_row\[1\].g_col\[1\].pe/_1109_,20.28µm
g_row\[0\].g_col\[0\].pe/_0729_,20.26µm
g_row\[1\].g_col\[0\].pe/net2076,20.24µm
g_row\[0\].g_col\[0\].pe/_0403_,20.2µm
g_row\[0\].g_col\[0\].pe/_0807_,20.2µm
g_row\[0\].g_col\[1\].pe/_0430_,20.2µm
g_row\[0\].g_col\[1\].pe/_0583_,20.2µm
g_row\[0\].g_col\[0\].pe/_0731_,20.18µm
g_row\[0\].g_col\[0\].pe/_0943_,20.18µm
g_row\[0\].g_col\[1\].pe/_0699_,20.18µm
g_row\[0\].g_col\[0\].pe/_1194_,20.16µm
g_row\[0\].g_col\[0\].pe/net2974,20.16µm
g_row\[0\].g_col\[0\].pe/_0628_,20.14µm
g_row\[1\].g_col\[1\].pe/_0568_,20.14µm
net2730,20.14µm
g_row\[0\].g_col\[0\].pe/_0322_,20.13µm
g_row\[1\].g_col\[0\].pe/_0077_,20.12µm
clknet_leaf_96_clk,20.12µm
g_row\[1\].g_col\[0\].pe/net1860,20.085µm
g_row\[0\].g_col\[1\].pe/net2357,20.085µm
g_row\[0\].g_col\[0\].pe/_0251_,20.08µm
g_row\[1\].g_col\[0\].pe/_0372_,20.08µm
g_row\[1\].g_col\[0\].pe/_0458_,20.08µm
g_row\[0\].g_col\[0\].pe/_0821_,20.06µm
g_row\[1\].g_col\[0\].pe/_0286_,20.06µm
g_row\[0\].g_col\[0\].pe/net1803,20.06µm
net2473,20.06µm
g_row\[0\].g_col\[0\].pe/net2024,20.025µm
net2772,20.025µm
g_row\[1\].g_col\[0\].pe/_0575_,20µm
g_row\[0\].g_col\[1\].pe/_0947_,19.98µm
g_row\[0\].g_col\[1\].pe/_0987_,19.97µm
g_row\[1\].g_col\[0\].pe/net2074,19.965µm
g_row\[0\].g_col\[0\].pe/_1217_,19.96µm
g_row\[1\].g_col\[1\].pe/_1195_,19.96µm
clknet_leaf_82_clk,19.94µm
g_row\[0\].g_col\[0\].pe/net1995,19.94µm
net3022,19.94µm
a_reg\[25\],19.92µm
g_row\[0\].g_col\[0\].pe/_0317_,19.92µm
g_row\[0\].g_col\[1\].pe/_0432_,19.92µm
g_row\[0\].g_col\[1\].pe/_0898_,19.92µm
g_row\[1\].g_col\[0\].pe/_0292_,19.92µm
g_row\[1\].g_col\[1\].pe/_0197_,19.9µm
g_row\[0\].g_col\[0\].pe/_0756_,19.89µm
clknet_leaf_78_clk,19.88µm
g_row\[1\].g_col\[0\].pe/net3106,19.88µm
_098_,19.86µm
g_row\[1\].g_col\[0\].pe/_0287_,19.86µm
g_row\[1\].g_col\[0\].pe/_1097_,19.86µm
g_row\[1\].g_col\[1\].pe/_0781_,19.86µm
g_row\[1\].g_col\[0\].pe/net2973,19.86µm
g_row\[0\].g_col\[0\].pe/_0815_,19.84µm
g_row\[1\].g_col\[0\].pe/_0337_,19.84µm
g_row\[1\].g_col\[0\].pe/_0578_,19.84µm
g_row\[0\].g_col\[0\].pe/_0908_,19.82µm
g_row\[0\].g_col\[1\].pe/_0426_,19.82µm
g_row\[1\].g_col\[1\].pe/_0566_,19.82µm
g_row\[0\].g_col\[0\].pe/_0998_,19.8µm
g_row\[1\].g_col\[1\].pe/_1132_,19.8µm
g_row\[0\].g_col\[0\].pe/_0062_,19.79µm
g_row\[1\].g_col\[1\].pe/_0418_,19.79µm
g_row\[0\].g_col\[1\].pe/_0532_,19.78µm
clknet_leaf_1_clk,19.78µm
net2184,19.78µm
g_row\[1\].g_col\[0\].pe/r2_mantissa\[1\],19.77µm
g_row\[0\].g_col\[0\].pe/_1114_,19.76µm
g_row\[0\].g_col\[1\].pe/_0418_,19.76µm
g_row\[0\].g_col\[1\].pe/_0896_,19.76µm
g_row\[1\].g_col\[0\].pe/_0008_,19.76µm
b_wire\[1\]\[8\],19.74µm
g_row\[0\].g_col\[0\].pe/_1050_,19.74µm
g_row\[0\].g_col\[1\].pe/_0439_,19.74µm
g_row\[0\].g_col\[1\].pe/_0861_,19.74µm
g_row\[0\].g_col\[1\].pe/_1151_,19.74µm
g_row\[1\].g_col\[0\].pe/net2065,19.74µm
g_row\[1\].g_col\[0\].pe/net2880,19.735µm
g_row\[1\].g_col\[0\].pe/_1020_,19.72µm
g_row\[1\].g_col\[0\].pe/net1866,19.715µm
g_row\[0\].g_col\[0\].pe/_1176_,19.7µm
g_row\[0\].g_col\[1\].pe/_0811_,19.7µm
g_row\[1\].g_col\[0\].pe/_1207_,19.7µm
net2705,19.7µm
g_row\[0\].g_col\[0\].pe/net3086,19.7µm
g_row\[0\].g_col\[0\].pe/_0856_,19.68µm
g_row\[1\].g_col\[0\].pe/_0226_,19.68µm
g_row\[1\].g_col\[0\].pe/_0905_,19.68µm
g_row\[1\].g_col\[0\].pe/_1206_,19.66µm
g_row\[1\].g_col\[1\].pe/_0311_,19.66µm
net3246,19.66µm
net3419,19.66µm
g_row\[0\].g_col\[1\].pe/_0449_,19.64µm
clknet_leaf_31_clk,19.62µm
g_row\[1\].g_col\[0\].pe/_1246_,19.62µm
g_row\[1\].g_col\[0\].pe/net2060,19.62µm
g_row\[0\].g_col\[0\].pe/_0133_,19.58µm
g_row\[1\].g_col\[1\].pe/_0402_,19.58µm
g_row\[1\].g_col\[1\].pe/_0776_,19.56µm
g_row\[0\].g_col\[1\].pe/_0307_,19.54µm
g_row\[1\].g_col\[1\].pe/_0366_,19.54µm
g_row\[1\].g_col\[1\].pe/_0439_,19.52µm
net1382,19.5µm
g_row\[0\].g_col\[0\].pe/_0081_,19.5µm
g_row\[1\].g_col\[1\].pe/_0320_,19.5µm
clknet_leaf_56_clk,19.48µm
g_row\[0\].g_col\[1\].pe/_1094_,19.47µm
g_row\[0\].g_col\[0\].pe/_0841_,19.46µm
g_row\[1\].g_col\[0\].pe/net2832,19.435µm
g_row\[0\].g_col\[0\].pe/_0399_,19.42µm
g_row\[0\].g_col\[1\].pe/_1140_,19.42µm
g_row\[1\].g_col\[0\].pe/_0231_,19.42µm
g_row\[0\].g_col\[0\].pe/_1316_,19.4µm
g_row\[1\].g_col\[1\].pe/net1741,19.4µm
g_row\[1\].g_col\[1\].pe/_0812_,19.39µm
g_row\[0\].g_col\[0\].pe/net2160,19.385µm
g_row\[0\].g_col\[1\].pe/_0821_,19.38µm
g_row\[1\].g_col\[1\].pe/_1048_,19.38µm
g_row\[0\].g_col\[0\].pe/net2136,19.38µm
g_row\[0\].g_col\[0\].pe/net2009,19.375µm
g_row\[0\].g_col\[1\].pe/_0642_,19.36µm
g_row\[1\].g_col\[0\].pe/net1890,19.355µm
g_row\[1\].g_col\[0\].pe/_0428_,19.35µm
g_row\[1\].g_col\[1\].pe/net1740,19.32µm
g_row\[0\].g_col\[0\].pe/net1834,19.32µm
g_row\[0\].g_col\[0\].pe/_0071_,19.3µm
g_row\[0\].g_col\[1\].pe/_1260_,19.28µm
g_row\[1\].g_col\[0\].pe/_0399_,19.28µm
net1568,19.28µm
g_row\[1\].g_col\[0\].pe/net2070,19.28µm
g_row\[1\].g_col\[0\].pe/_0620_,19.26µm
g_row\[1\].g_col\[0\].pe/_0740_,19.26µm
g_row\[1\].g_col\[1\].pe/_0007_,19.24µm
net3017,19.24µm
g_row\[0\].g_col\[0\].pe/_0388_,19.22µm
b_wire\[3\]\[15\],19.2µm
g_row\[1\].g_col\[1\].pe/_0432_,19.2µm
g_row\[1\].g_col\[0\].pe/net2856,19.195µm
g_row\[0\].g_col\[1\].pe/_0391_,19.16µm
clknet_leaf_72_clk,19.16µm
g_row\[1\].g_col\[1\].pe/_0884_,19.14µm
g_row\[0\].g_col\[1\].pe/_1228_,19.13µm
g_row\[0\].g_col\[1\].pe/_0913_,19.12µm
net3349,19.12µm
g_row\[0\].g_col\[0\].pe/_0574_,19.08µm
g_row\[0\].g_col\[1\].pe/_0475_,19.08µm
g_row\[1\].g_col\[0\].pe/_0014_,19.08µm
g_row\[1\].g_col\[0\].pe/_0574_,19.08µm
g_row\[1\].g_col\[0\].pe/_1225_,19.06µm
net2455,19.06µm
g_row\[0\].g_col\[1\].pe/_0714_,19.04µm
g_row\[1\].g_col\[0\].pe/_0845_,19.04µm
g_row\[1\].g_col\[0\].pe/r2_mantissa\[14\],19.04µm
g_row\[1\].g_col\[1\].pe/_0233_,19.04µm
net2726,19.04µm
g_row\[0\].g_col\[0\].pe/_0453_,19µm
net1505,19µm
net3363,19µm
net2148,18.99µm
net1321,18.98µm
g_row\[1\].g_col\[0\].pe/net2110,18.98µm
g_row\[0\].g_col\[1\].pe/_0783_,18.96µm
g_row\[1\].g_col\[1\].pe/_0430_,18.96µm
g_row\[1\].g_col\[1\].pe/_0767_,18.96µm
g_row\[1\].g_col\[0\].pe/_0577_,18.94µm
g_row\[0\].g_col\[1\].pe/net2324,18.94µm
g_row\[0\].g_col\[1\].pe/_1138_,18.92µm
g_row\[1\].g_col\[1\].pe/_1143_,18.92µm
g_row\[0\].g_col\[1\].pe/_0788_,18.9µm
g_row\[1\].g_col\[0\].pe/_0103_,18.88µm
g_row\[1\].g_col\[0\].pe/_0256_,18.88µm
g_row\[1\].g_col\[1\].pe/_0471_,18.86µm
clknet_leaf_86_clk,18.86µm
g_row\[0\].g_col\[1\].pe/_0774_,18.84µm
net2715,18.84µm
net2729,18.84µm
g_row\[0\].g_col\[1\].pe/_0356_,18.82µm
g_row\[1\].g_col\[0\].pe/_0572_,18.8µm
g_row\[0\].g_col\[1\].pe/_1052_,18.74µm
g_row\[1\].g_col\[0\].pe/_0009_,18.74µm
g_row\[1\].g_col\[0\].pe/_1092_,18.74µm
g_row\[1\].g_col\[1\].pe/_1323_,18.74µm
net2519,18.74µm
g_row\[1\].g_col\[1\].pe/_0326_,18.725µm
g_row\[0\].g_col\[1\].pe/_0849_,18.72µm
results_flat[39],18.72µm
_096_,18.7µm
g_row\[1\].g_col\[0\].pe/net2078,18.7µm
net2598,18.695µm
g_row\[0\].g_col\[0\].pe/net2274,18.685µm
g_row\[1\].g_col\[0\].pe/_0012_,18.68µm
g_row\[1\].g_col\[1\].pe/_0413_,18.68µm
net2520,18.645µm
b_wire\[1\]\[11\],18.64µm
net2639,18.64µm
g_row\[1\].g_col\[1\].pe/net2821,18.64µm
g_row\[0\].g_col\[0\].pe/net2944,18.64µm
g_row\[1\].g_col\[1\].pe/net3102,18.64µm
g_row\[0\].g_col\[1\].pe/_1234_,18.62µm
g_row\[0\].g_col\[1\].pe/_1328_,18.62µm
net3431,18.62µm
g_row\[1\].g_col\[0\].pe/_0196_,18.6µm
g_row\[0\].g_col\[0\].pe/net3112,18.6µm
net3155,18.6µm
g_row\[0\].g_col\[1\].pe/_1163_,18.58µm
g_row\[1\].g_col\[0\].pe/_0994_,18.58µm
g_row\[0\].g_col\[0\].pe/_1238_,18.56µm
g_row\[0\].g_col\[0\].pe/_1269_,18.56µm
g_row\[0\].g_col\[1\].pe/_0422_,18.56µm
g_row\[1\].g_col\[0\].pe/net1855,18.56µm
net2747,18.56µm
b_wire\[0\]\[4\],18.54µm
g_row\[0\].g_col\[0\].pe/_0602_,18.54µm
g_row\[1\].g_col\[1\].pe/_0372_,18.54µm
g_row\[0\].g_col\[1\].pe/_1258_,18.52µm
g_row\[0\].g_col\[0\].pe/_0307_,18.5µm
g_row\[0\].g_col\[0\].pe/_1256_,18.5µm
g_row\[0\].g_col\[0\].pe/_0655_,18.48µm
g_row\[0\].g_col\[0\].pe/_1120_,18.48µm
g_row\[0\].g_col\[0\].pe/_1153_,18.48µm
g_row\[1\].g_col\[0\].pe/_0153_,18.48µm
g_row\[0\].g_col\[0\].pe/net2293,18.475µm
g_row\[0\].g_col\[0\].pe/_1195_,18.46µm
g_row\[1\].g_col\[1\].pe/_0404_,18.46µm
g_row\[1\].g_col\[1\].pe/net1736,18.46µm
g_row\[0\].g_col\[0\].pe/_0072_,18.44µm
g_row\[0\].g_col\[0\].pe/net2922,18.44µm
g_row\[0\].g_col\[0\].pe/_1225_,18.42µm
g_row\[0\].g_col\[0\].pe/_0168_,18.4µm
g_row\[0\].g_col\[0\].pe/_0261_,18.4µm
g_row\[0\].g_col\[0\].pe/_0458_,18.4µm
g_row\[0\].g_col\[1\].pe/_0253_,18.4µm
g_row\[0\].g_col\[1\].pe/_1162_,18.4µm
g_row\[1\].g_col\[0\].pe/_0413_,18.4µm
g_row\[1\].g_col\[0\].pe/_0969_,18.4µm
g_row\[1\].g_col\[1\].pe/_0240_,18.4µm
g_row\[1\].g_col\[0\].pe/net2917,18.4µm
g_row\[1\].g_col\[1\].pe/_0307_,18.38µm
g_row\[1\].g_col\[0\].pe/net3003,18.375µm
g_row\[0\].g_col\[1\].pe/_0267_,18.36µm
g_row\[1\].g_col\[1\].pe/net3021,18.355µm
g_row\[0\].g_col\[0\].pe/_0774_,18.34µm
g_row\[0\].g_col\[1\].pe/_0897_,18.34µm
g_row\[1\].g_col\[0\].pe/net1761,18.325µm
g_row\[0\].g_col\[0\].pe/_0888_,18.32µm
g_row\[1\].g_col\[1\].pe/_0609_,18.32µm
g_row\[0\].g_col\[0\].pe/_1231_,18.3µm
g_row\[1\].g_col\[0\].pe/_0204_,18.3µm
results_flat[13],18.3µm
g_row\[0\].g_col\[0\].pe/_0371_,18.28µm
g_row\[0\].g_col\[1\].pe/_0214_,18.28µm
g_row\[1\].g_col\[1\].pe/_0005_,18.26µm
g_row\[0\].g_col\[0\].pe/_0094_,18.24µm
net2637,18.24µm
g_row\[0\].g_col\[0\].pe/_1289_,18.22µm
g_row\[1\].g_col\[1\].pe/_0067_,18.22µm
net3498,18.22µm
g_row\[1\].g_col\[1\].pe/_0391_,18.2µm
g_row\[1\].g_col\[1\].pe/_1093_,18.2µm
g_row\[0\].g_col\[0\].pe/_0330_,18.18µm
g_row\[0\].g_col\[1\].pe/_0967_,18.18µm
g_row\[1\].g_col\[0\].pe/_1280_,18.18µm
g_row\[1\].g_col\[1\].pe/_0645_,18.18µm
net2733,18.18µm
g_row\[1\].g_col\[0\].pe/_0913_,18.16µm
g_row\[0\].g_col\[0\].pe/_0281_,18.14µm
g_row\[0\].g_col\[0\].pe/_0559_,18.14µm
g_row\[1\].g_col\[0\].pe/_0396_,18.14µm
g_row\[1\].g_col\[0\].pe/_0619_,18.14µm
g_row\[1\].g_col\[0\].pe/_0774_,18.14µm
g_row\[1\].g_col\[0\].pe/r2_sign,18.14µm
net3457,18.14µm
g_row\[0\].g_col\[0\].pe/_0636_,18.12µm
g_row\[1\].g_col\[1\].pe/_0367_,18.12µm
g_row\[1\].g_col\[1\].pe/_1289_,18.12µm
g_row\[0\].g_col\[0\].pe/_0440_,18.08µm
g_row\[1\].g_col\[0\].pe/_0117_,18.08µm
g_row\[1\].g_col\[0\].pe/_0449_,18.08µm
g_row\[1\].g_col\[0\].pe/_0626_,18.08µm
g_row\[1\].g_col\[0\].pe/_0565_,18.06µm
g_row\[1\].g_col\[1\].pe/_0873_,18.05µm
g_row\[0\].g_col\[0\].pe/_1151_,18.04µm
g_row\[1\].g_col\[0\].pe/_0019_,18.04µm
g_row\[0\].g_col\[0\].pe/_1046_,18.02µm
g_row\[1\].g_col\[0\].pe/_0333_,18.01µm
g_row\[0\].g_col\[0\].pe/_1204_,18µm
g_row\[0\].g_col\[1\].pe/r3_prod_mant\[1\],18µm
g_row\[1\].g_col\[0\].pe/_0366_,18µm
g_row\[1\].g_col\[0\].pe/net2062,18µm
g_row\[1\].g_col\[0\].pe/net1874,17.985µm
g_row\[0\].g_col\[0\].pe/net2317,17.985µm
b_wire\[2\]\[14\],17.98µm
g_row\[1\].g_col\[1\].pe/_0253_,17.98µm
g_row\[0\].g_col\[1\].pe/_1333_,17.96µm
g_row\[0\].g_col\[1\].pe/_0675_,17.95µm
g_row\[0\].g_col\[0\].pe/_0542_,17.94µm
g_row\[1\].g_col\[1\].pe/_0825_,17.94µm
g_row\[1\].g_col\[1\].pe/net1714,17.94µm
g_row\[1\].g_col\[1\].pe/net2250,17.94µm
net2723,17.94µm
g_row\[1\].g_col\[0\].pe/_0122_,17.92µm
g_row\[1\].g_col\[1\].pe/_0364_,17.92µm
g_row\[1\].g_col\[1\].pe/_0909_,17.92µm
g_row\[0\].g_col\[0\].pe/_1226_,17.88µm
g_row\[1\].g_col\[1\].pe/_0089_,17.88µm
g_row\[0\].g_col\[0\].pe/_0314_,17.86µm
g_row\[0\].g_col\[0\].pe/_0368_,17.86µm
g_row\[0\].g_col\[1\].pe/_1046_,17.86µm
g_row\[1\].g_col\[0\].pe/_0463_,17.86µm
net3348,17.86µm
g_row\[1\].g_col\[0\].pe/_0266_,17.84µm
g_row\[1\].g_col\[0\].pe/_0435_,17.84µm
g_row\[1\].g_col\[0\].pe/net1783,17.84µm
g_row\[1\].g_col\[1\].pe/net901,17.83µm
net2756,17.82µm
clknet_leaf_17_clk,17.8µm
net1447,17.8µm
net3323,17.8µm
g_row\[1\].g_col\[0\].pe/_1261_,17.78µm
g_row\[1\].g_col\[1\].pe/_0118_,17.78µm
g_row\[0\].g_col\[0\].pe/net2305,17.78µm
g_row\[0\].g_col\[0\].pe/_0720_,17.76µm
g_row\[1\].g_col\[1\].pe/_0261_,17.76µm
g_row\[1\].g_col\[1\].pe/_0293_,17.76µm
g_row\[1\].g_col\[1\].pe/_1084_,17.74µm
g_row\[0\].g_col\[1\].pe/_0371_,17.73µm
g_row\[0\].g_col\[0\].pe/_1040_,17.72µm
g_row\[1\].g_col\[1\].pe/_1226_,17.715µm
g_row\[0\].g_col\[0\].pe/_1220_,17.7µm
g_row\[0\].g_col\[1\].pe/_0734_,17.7µm
g_row\[1\].g_col\[1\].pe/_0564_,17.7µm
g_row\[0\].g_col\[0\].pe/net2981,17.7µm
g_row\[1\].g_col\[0\].pe/_0607_,17.68µm
g_row\[1\].g_col\[0\].pe/_0081_,17.66µm
g_row\[1\].g_col\[0\].pe/_1194_,17.66µm
g_row\[0\].g_col\[0\].pe/_0435_,17.64µm
g_row\[1\].g_col\[1\].pe/_1166_,17.64µm
g_row\[0\].g_col\[1\].pe/_0375_,17.62µm
g_row\[1\].g_col\[1\].pe/_0565_,17.6µm
g_row\[0\].g_col\[1\].pe/net2335,17.6µm
net3379,17.6µm
g_row\[1\].g_col\[1\].pe/_0984_,17.595µm
g_row\[0\].g_col\[0\].pe/_0462_,17.58µm
g_row\[0\].g_col\[0\].pe/_0625_,17.58µm
net1295,17.56µm
g_row\[0\].g_col\[0\].pe/_1277_,17.56µm
g_row\[1\].g_col\[0\].pe/_0160_,17.56µm
g_row\[0\].g_col\[0\].pe/net1933,17.56µm
g_row\[1\].g_col\[1\].pe/net2141,17.56µm
g_row\[0\].g_col\[1\].pe/_0097_,17.54µm
g_row\[0\].g_col\[0\].pe/_0239_,17.52µm
g_row\[0\].g_col\[1\].pe/_0832_,17.52µm
g_row\[1\].g_col\[0\].pe/_0815_,17.52µm
g_row\[1\].g_col\[1\].pe/_0630_,17.52µm
g_row\[1\].g_col\[1\].pe/_1256_,17.52µm
g_row\[1\].g_col\[0\].pe/net1857,17.52µm
g_row\[1\].g_col\[1\].pe/net2252,17.485µm
g_row\[0\].g_col\[1\].pe/_0812_,17.48µm
net2493,17.48µm
net2765,17.48µm
g_row\[0\].g_col\[0\].pe/net3065,17.46µm
g_row\[1\].g_col\[1\].pe/_0798_,17.45µm
g_row\[1\].g_col\[0\].pe/_0323_,17.44µm
g_row\[1\].g_col\[0\].pe/_0898_,17.44µm
net3396,17.44µm
g_row\[0\].g_col\[0\].pe/_0342_,17.41µm
g_row\[1\].g_col\[1\].pe/_0090_,17.41µm
g_row\[1\].g_col\[0\].pe/net1870,17.405µm
g_row\[1\].g_col\[0\].pe/_0102_,17.4µm
g_row\[1\].g_col\[0\].pe/net2834,17.4µm
results_flat[43],17.38µm
g_row\[0\].g_col\[1\].pe/_1210_,17.38µm
results_flat[12],17.38µm
results_flat[42],17.38µm
g_row\[1\].g_col\[0\].pe/net2069,17.38µm
g_row\[1\].g_col\[0\].pe/_0587_,17.36µm
g_row\[1\].g_col\[1\].pe/_0865_,17.36µm
g_row\[1\].g_col\[0\].pe/net1787,17.36µm
g_row\[0\].g_col\[0\].pe/_0026_,17.345µm
g_row\[0\].g_col\[1\].pe/r2_mantissa\[0\],17.32µm
g_row\[1\].g_col\[0\].pe/_0661_,17.32µm
g_row\[0\].g_col\[1\].pe/_0781_,17.3µm
g_row\[1\].g_col\[1\].pe/_0440_,17.3µm
g_row\[1\].g_col\[1\].pe/_0295_,17.26µm
g_row\[0\].g_col\[0\].pe/_0964_,17.24µm
g_row\[0\].g_col\[0\].pe/_1202_,17.24µm
g_row\[0\].g_col\[1\].pe/_0243_,17.24µm
g_row\[1\].g_col\[0\].pe/_0080_,17.24µm
g_row\[1\].g_col\[0\].pe/_1009_,17.24µm
g_row\[1\].g_col\[1\].pe/net2990,17.24µm
g_row\[0\].g_col\[1\].pe/_1214_,17.22µm
g_row\[1\].g_col\[0\].pe/r3_prod_mant\[2\],17.22µm
g_row\[1\].g_col\[1\].pe/_0013_,17.22µm
g_row\[1\].g_col\[1\].pe/_0241_,17.22µm
g_row\[0\].g_col\[0\].pe/net2095,17.22µm
g_row\[0\].g_col\[1\].pe/_0858_,17.21µm
g_row\[0\].g_col\[0\].pe/_1254_,17.2µm
g_row\[0\].g_col\[1\].pe/_0963_,17.2µm
net2706,17.185µm
g_row\[1\].g_col\[0\].pe/_0710_,17.18µm
g_row\[0\].g_col\[1\].pe/_1199_,17.17µm
g_row\[0\].g_col\[1\].pe/_1079_,17.16µm
g_row\[1\].g_col\[1\].pe/_0832_,17.16µm
net1298,17.14µm
g_row\[0\].g_col\[0\].pe/_1174_,17.14µm
g_row\[0\].g_col\[1\].pe/_0891_,17.14µm
g_row\[1\].g_col\[1\].pe/_0187_,17.14µm
g_row\[1\].g_col\[1\].pe/_0943_,17.12µm
g_row\[1\].g_col\[1\].pe/_1178_,17.12µm
g_row\[0\].g_col\[0\].pe/_1253_,17.1µm
g_row\[1\].g_col\[1\].pe/_0913_,17.1µm
net2547,17.1µm
g_row\[0\].g_col\[0\].pe/_0626_,17.08µm
g_row\[0\].g_col\[0\].pe/_0772_,17.08µm
b_wire\[0\]\[15\],17.06µm
g_row\[1\].g_col\[1\].pe/_0716_,17.06µm
g_row\[1\].g_col\[1\].pe/_0435_,17.04µm
g_row\[1\].g_col\[0\].pe/_1120_,17.02µm
g_row\[1\].g_col\[1\].pe/_0707_,17.02µm
b_wire\[1\]\[4\],17µm
g_row\[1\].g_col\[0\].pe/_0954_,17µm
g_row\[1\].g_col\[0\].pe/net1772,17µm
g_row\[1\].g_col\[1\].pe/_1182_,16.99µm
g_row\[0\].g_col\[0\].pe/_0165_,16.98µm
g_row\[0\].g_col\[1\].pe/_0712_,16.98µm
g_row\[1\].g_col\[1\].pe/_1250_,16.98µm
g_row\[0\].g_col\[1\].pe/_0185_,16.96µm
g_row\[0\].g_col\[1\].pe/_1270_,16.94µm
g_row\[1\].g_col\[1\].pe/_0084_,16.94µm
g_row\[1\].g_col\[1\].pe/_0350_,16.94µm
net3567,16.94µm
g_row\[1\].g_col\[1\].pe/_0285_,16.92µm
g_row\[1\].g_col\[1\].pe/_0910_,16.92µm
results_flat[41],16.92µm
g_row\[0\].g_col\[0\].pe/_0583_,16.9µm
g_row\[0\].g_col\[0\].pe/_1208_,16.9µm
net1519,16.9µm
g_row\[1\].g_col\[1\].pe/net2246,16.9µm
g_row\[0\].g_col\[1\].pe/_0639_,16.885µm
g_row\[0\].g_col\[0\].pe/_0622_,16.88µm
g_row\[0\].g_col\[1\].pe/net2028,16.88µm
g_row\[1\].g_col\[0\].pe/_0106_,16.87µm
g_row\[0\].g_col\[1\].pe/_0776_,16.86µm
net3473,16.86µm
g_row\[0\].g_col\[1\].pe/_0930_,16.83µm
net2811,16.82µm
g_row\[1\].g_col\[1\].pe/_1280_,16.8µm
net1490,16.8µm
g_row\[0\].g_col\[1\].pe/_1206_,16.79µm
g_row\[0\].g_col\[0\].pe/_1228_,16.785µm
g_row\[1\].g_col\[1\].pe/_0660_,16.77µm
net1380,16.76µm
g_row\[0\].g_col\[0\].pe/_0360_,16.76µm
g_row\[1\].g_col\[0\].pe/_0058_,16.76µm
g_row\[0\].g_col\[1\].pe/net2360,16.76µm
net2647,16.76µm
g_row\[1\].g_col\[0\].pe/_0812_,16.73µm
g_row\[1\].g_col\[1\].pe/_1112_,16.73µm
g_row\[0\].g_col\[0\].pe/_0439_,16.72µm
g_row\[1\].g_col\[1\].pe/_0915_,16.72µm
net3257,16.72µm
g_row\[0\].g_col\[0\].pe/_1084_,16.7µm
g_row\[1\].g_col\[0\].pe/_0652_,16.7µm
g_row\[1\].g_col\[0\].pe/_0892_,16.7µm
g_row\[0\].g_col\[0\].pe/net2265,16.7µm
g_row\[1\].g_col\[0\].pe/net2846,16.7µm
g_row\[0\].g_col\[0\].pe/_0074_,16.68µm
g_row\[0\].g_col\[1\].pe/_1244_,16.66µm
g_row\[1\].g_col\[1\].pe/net2123,16.655µm
g_row\[1\].g_col\[1\].pe/_1194_,16.65µm
net1303,16.64µm
g_row\[0\].g_col\[0\].pe/_1049_,16.64µm
g_row\[1\].g_col\[1\].pe/_0592_,16.64µm
g_row\[1\].g_col\[0\].pe/net2079,16.64µm
g_row\[1\].g_col\[0\].pe/net2918,16.64µm
g_row\[0\].g_col\[0\].pe/_1101_,16.62µm
g_row\[0\].g_col\[0\].pe/_0187_,16.6µm
g_row\[1\].g_col\[1\].pe/_1283_,16.6µm
clknet_leaf_44_clk,16.58µm
g_row\[1\].g_col\[1\].pe/_1320_,16.58µm
net1314,16.56µm
g_row\[0\].g_col\[0\].pe/_0430_,16.56µm
g_row\[0\].g_col\[1\].pe/_1173_,16.56µm
net3371,16.56µm
g_row\[0\].g_col\[0\].pe/net1992,16.54µm
g_row\[1\].g_col\[1\].pe/_0897_,16.52µm
net3034,16.52µm
g_row\[1\].g_col\[0\].pe/_1045_,16.5µm
g_row\[1\].g_col\[1\].pe/_0588_,16.5µm
g_row\[1\].g_col\[1\].pe/_1257_,16.5µm
g_row\[1\].g_col\[1\].pe/net1735,16.5µm
g_row\[1\].g_col\[1\].pe/net2247,16.5µm
g_row\[0\].g_col\[1\].pe/net1848,16.485µm
g_row\[1\].g_col\[1\].pe/_1241_,16.46µm
results_flat[14],16.46µm
net2787,16.46µm
g_row\[0\].g_col\[0\].pe/_0407_,16.44µm
g_row\[1\].g_col\[1\].pe/_1187_,16.44µm
g_row\[0\].g_col\[1\].pe/_1021_,16.42µm
g_row\[0\].g_col\[0\].pe/_0847_,16.41µm
g_row\[0\].g_col\[1\].pe/_0080_,16.4µm
g_row\[0\].g_col\[1\].pe/_0890_,16.4µm
net2699,16.4µm
g_row\[0\].g_col\[0\].pe/net1804,16.365µm
g_row\[0\].g_col\[0\].pe/_1200_,16.36µm
g_row\[0\].g_col\[1\].pe/_0757_,16.36µm
g_row\[1\].g_col\[0\].pe/_0987_,16.36µm
g_row\[0\].g_col\[0\].pe/net2267,16.36µm
g_row\[0\].g_col\[1\].pe/r3_prod_mant\[4\],16.34µm
g_row\[1\].g_col\[0\].pe/_0118_,16.34µm
g_row\[1\].g_col\[0\].pe/_0821_,16.34µm
net3574,16.34µm
g_row\[0\].g_col\[0\].pe/_0002_,16.32µm
g_row\[0\].g_col\[0\].pe/_0562_,16.32µm
g_row\[0\].g_col\[1\].pe/_0159_,16.32µm
net3186,16.32µm
g_row\[1\].g_col\[0\].pe/net2059,16.315µm
g_row\[1\].g_col\[0\].pe/_0299_,16.3µm
g_row\[1\].g_col\[1\].pe/_1230_,16.3µm
g_row\[1\].g_col\[1\].pe/r3_prod_mant\[5\],16.3µm
net1627,16.3µm
g_row\[0\].g_col\[0\].pe/net3033,16.3µm
g_row\[1\].g_col\[0\].pe/r2_mantissa\[0\],16.28µm
g_row\[1\].g_col\[1\].pe/_0484_,16.26µm
b_wire\[2\]\[3\],16.24µm
g_row\[0\].g_col\[1\].pe/_0208_,16.24µm
g_row\[0\].g_col\[1\].pe/_0961_,16.24µm
g_row\[1\].g_col\[1\].pe/_1231_,16.24µm
g_row\[0\].g_col\[0\].pe/_0289_,16.22µm
g_row\[0\].g_col\[0\].pe/_0402_,16.22µm
g_row\[1\].g_col\[1\].pe/_0317_,16.2µm
net1349,16.18µm
g_row\[0\].g_col\[0\].pe/_0195_,16.18µm
net3553,16.18µm
g_row\[1\].g_col\[1\].pe/_0333_,16.17µm
g_row\[1\].g_col\[0\].pe/_1114_,16.16µm
g_row\[1\].g_col\[1\].pe/_1043_,16.16µm
net3550,16.16µm
g_row\[1\].g_col\[1\].pe/_0392_,16.15µm
b_wire\[0\]\[5\],16.12µm
g_row\[0\].g_col\[1\].pe/valid_s1,16.12µm
g_row\[1\].g_col\[0\].pe/_0273_,16.12µm
g_row\[1\].g_col\[0\].pe/_1129_,16.12µm
g_row\[1\].g_col\[1\].pe/_0337_,16.1µm
net1540,16.1µm
net2725,16.1µm
g_row\[1\].g_col\[0\].pe/net3036,16.1µm
g_row\[1\].g_col\[0\].pe/_0247_,16.08µm
g_row\[0\].g_col\[1\].pe/net2229,16.08µm
net3381,16.08µm
g_row\[0\].g_col\[1\].pe/_0660_,16.06µm
g_row\[1\].g_col\[0\].pe/_0015_,16.04µm
g_row\[1\].g_col\[0\].pe/_0265_,16.04µm
g_row\[1\].g_col\[0\].pe/_0364_,16.04µm
g_row\[0\].g_col\[1\].pe/_0620_,16.02µm
g_row\[0\].g_col\[1\].pe/_0969_,16.02µm
g_row\[1\].g_col\[0\].pe/_0825_,16µm
g_row\[0\].g_col\[0\].pe/net2980,16µm
g_row\[1\].g_col\[1\].pe/net3071,16µm
g_row\[1\].g_col\[0\].pe/_0219_,15.99µm
g_row\[0\].g_col\[0\].pe/_0076_,15.98µm
g_row\[1\].g_col\[1\].pe/_1149_,15.96µm
g_row\[0\].g_col\[0\].pe/_0063_,15.94µm
g_row\[1\].g_col\[0\].pe/_1235_,15.94µm
g_row\[1\].g_col\[1\].pe/_0458_,15.92µm
g_row\[1\].g_col\[1\].pe/net1738,15.92µm
g_row\[1\].g_col\[1\].pe/_0983_,15.9µm
g_row\[0\].g_col\[1\].pe/net2380,15.9µm
g_row\[1\].g_col\[0\].pe/net3035,15.9µm
b_wire\[3\]\[3\],15.88µm
g_row\[0\].g_col\[0\].pe/_1166_,15.88µm
g_row\[1\].g_col\[0\].pe/_0381_,15.84µm
b_wire\[3\]\[6\],15.82µm
g_row\[0\].g_col\[0\].pe/_1064_,15.82µm
net2999,15.82µm
g_row\[0\].g_col\[1\].pe/r3_prod_mant\[5\],15.8µm
g_row\[1\].g_col\[0\].pe/_0298_,15.8µm
g_row\[1\].g_col\[0\].pe/_0415_,15.8µm
g_row\[1\].g_col\[0\].pe/_0726_,15.8µm
net1497,15.8µm
g_row\[0\].g_col\[1\].pe/_0187_,15.78µm
g_row\[0\].g_col\[1\].pe/r3_prod_mant\[12\],15.78µm
g_row\[1\].g_col\[1\].pe/_0730_,15.78µm
g_row\[1\].g_col\[1\].pe/_0967_,15.78µm
g_row\[1\].g_col\[1\].pe/_0533_,15.76µm
net2681,15.76µm
g_row\[1\].g_col\[1\].pe/net3090,15.76µm
net1308,15.74µm
g_row\[0\].g_col\[0\].pe/_0363_,15.72µm
g_row\[0\].g_col\[1\].pe/_0342_,15.72µm
g_row\[1\].g_col\[0\].pe/_0523_,15.72µm
g_row\[1\].g_col\[1\].pe/_0251_,15.72µm
g_row\[0\].g_col\[0\].pe/net2094,15.72µm
g_row\[0\].g_col\[1\].pe/_0820_,15.7µm
g_row\[1\].g_col\[0\].pe/_0329_,15.7µm
g_row\[0\].g_col\[1\].pe/_0271_,15.68µm
g_row\[1\].g_col\[0\].pe/_1161_,15.68µm
g_row\[1\].g_col\[1\].pe/_1167_,15.68µm
g_row\[1\].g_col\[1\].pe/net3027,15.68µm
g_row\[1\].g_col\[0\].pe/net1723,15.67µm
g_row\[1\].g_col\[1\].pe/net1962,15.665µm
g_row\[0\].g_col\[1\].pe/_1136_,15.66µm
g_row\[0\].g_col\[0\].pe/_0220_,15.64µm
g_row\[1\].g_col\[1\].pe/_0709_,15.64µm
g_row\[0\].g_col\[0\].pe/net2121,15.64µm
net3583,15.64µm
net2742,15.625µm
g_row\[0\].g_col\[1\].pe/_0240_,15.62µm
g_row\[1\].g_col\[1\].pe/_1045_,15.62µm
g_row\[0\].g_col\[1\].pe/_1069_,15.6µm
g_row\[1\].g_col\[1\].pe/_0422_,15.6µm
g_row\[1\].g_col\[0\].pe/net1838,15.6µm
g_row\[0\].g_col\[0\].pe/_0911_,15.58µm
g_row\[1\].g_col\[0\].pe/_0281_,15.56µm
g_row\[1\].g_col\[1\].pe/_0158_,15.56µm
g_row\[0\].g_col\[0\].pe/_1111_,15.55µm
g_row\[0\].g_col\[0\].pe/_0736_,15.54µm
g_row\[0\].g_col\[0\].pe/_1234_,15.52µm
g_row\[0\].g_col\[1\].pe/_0129_,15.5µm
g_row\[0\].g_col\[1\].pe/_0598_,15.5µm
g_row\[1\].g_col\[0\].pe/_0771_,15.5µm
g_row\[1\].g_col\[1\].pe/_0760_,15.5µm
g_row\[0\].g_col\[1\].pe/_0799_,15.48µm
g_row\[1\].g_col\[1\].pe/_0179_,15.48µm
g_row\[1\].g_col\[0\].pe/net2848,15.465µm
g_row\[0\].g_col\[1\].pe/_0113_,15.46µm
g_row\[1\].g_col\[0\].pe/_0056_,15.46µm
g_row\[0\].g_col\[0\].pe/_1296_,15.44µm
g_row\[0\].g_col\[1\].pe/_0087_,15.44µm
g_row\[0\].g_col\[1\].pe/_0290_,15.44µm
g_row\[0\].g_col\[1\].pe/_0646_,15.44µm
g_row\[0\].g_col\[1\].pe/_0876_,15.44µm
g_row\[1\].g_col\[0\].pe/_0881_,15.44µm
g_row\[1\].g_col\[0\].pe/_1170_,15.42µm
g_row\[1\].g_col\[1\].pe/_0606_,15.42µm
g_row\[0\].g_col\[1\].pe/_1044_,15.4µm
g_row\[0\].g_col\[0\].pe/net2269,15.385µm
g_row\[0\].g_col\[0\].pe/_0450_,15.38µm
g_row\[0\].g_col\[1\].pe/net1973,15.38µm
net2444,15.38µm
b_wire\[0\]\[1\],15.34µm
g_row\[0\].g_col\[0\].pe/_0276_,15.34µm
g_row\[0\].g_col\[0\].pe/_0202_,15.32µm
g_row\[0\].g_col\[1\].pe/_0115_,15.32µm
g_row\[1\].g_col\[0\].pe/_1078_,15.32µm
net3518,15.32µm
g_row\[0\].g_col\[0\].pe/_1186_,15.3µm
g_row\[1\].g_col\[0\].pe/_0623_,15.3µm
g_row\[1\].g_col\[0\].pe/_1098_,15.3µm
g_row\[1\].g_col\[0\].pe/r3_prod_mant\[6\],15.3µm
net1559,15.3µm
g_row\[0\].g_col\[1\].pe/_1194_,15.28µm
g_row\[0\].g_col\[1\].pe/_1299_,15.28µm
g_row\[1\].g_col\[0\].pe/_0645_,15.28µm
g_row\[1\].g_col\[1\].pe/_1261_,15.28µm
g_row\[1\].g_col\[1\].pe/net2883,15.27µm
g_row\[1\].g_col\[1\].pe/net1742,15.265µm
g_row\[0\].g_col\[0\].pe/_0395_,15.26µm
g_row\[0\].g_col\[0\].pe/_1291_,15.26µm
g_row\[1\].g_col\[0\].pe/_0348_,15.26µm
g_row\[1\].g_col\[1\].pe/_0206_,15.26µm
g_row\[0\].g_col\[0\].pe/_0873_,15.24µm
g_row\[0\].g_col\[0\].pe/_1152_,15.24µm
g_row\[1\].g_col\[0\].pe/_0432_,15.24µm
g_row\[0\].g_col\[0\].pe/_0503_,15.22µm
g_row\[0\].g_col\[0\].pe/_0851_,15.22µm
g_row\[0\].g_col\[0\].pe/_1179_,15.22µm
g_row\[0\].g_col\[1\].pe/_0323_,15.22µm
g_row\[1\].g_col\[0\].pe/_1087_,15.22µm
g_row\[1\].g_col\[1\].pe/_0593_,15.22µm
g_row\[1\].g_col\[0\].pe/_0995_,15.2µm
g_row\[1\].g_col\[0\].pe/net1892,15.185µm
b_wire\[3\]\[5\],15.18µm
g_row\[0\].g_col\[0\].pe/_0566_,15.18µm
g_row\[1\].g_col\[1\].pe/_1327_,15.18µm
g_row\[0\].g_col\[0\].pe/net2875,15.18µm
g_row\[1\].g_col\[0\].pe/net1885,15.145µm
g_row\[0\].g_col\[1\].pe/_0423_,15.14µm
g_row\[1\].g_col\[1\].pe/net2179,15.14µm
net3215,15.14µm
net1316,15.12µm
g_row\[1\].g_col\[1\].pe/_0270_,15.12µm
g_row\[0\].g_col\[0\].pe/_0280_,15.1µm
g_row\[0\].g_col\[1\].pe/_0011_,15.1µm
g_row\[0\].g_col\[1\].pe/_0626_,15.1µm
g_row\[1\].g_col\[0\].pe/_0599_,15.1µm
g_row\[0\].g_col\[1\].pe/_0314_,15.08µm
g_row\[1\].g_col\[0\].pe/_0455_,15.08µm
g_row\[1\].g_col\[0\].pe/_1146_,15.08µm
results_flat[5],15.08µm
results_flat[15],15.08µm
results_flat[36],15.08µm
g_row\[1\].g_col\[0\].pe/_0276_,15.06µm
net3304,15.06µm
g_row\[0\].g_col\[1\].pe/_1031_,15.04µm
clknet_leaf_43_clk,15.04µm
g_row\[0\].g_col\[0\].pe/_0242_,15.03µm
g_row\[1\].g_col\[1\].pe/_0316_,15.03µm
g_row\[0\].g_col\[1\].pe/_0857_,15.02µm
g_row\[0\].g_col\[1\].pe/_1200_,15.02µm
g_row\[1\].g_col\[0\].pe/_0060_,15.02µm
net1313,15µm
g_row\[0\].g_col\[1\].pe/_0895_,15µm
g_row\[1\].g_col\[0\].pe/_0704_,15µm
net2437,15µm
g_row\[0\].g_col\[0\].pe/_0311_,14.98µm
g_row\[0\].g_col\[0\].pe/_0416_,14.98µm
g_row\[1\].g_col\[0\].pe/_0569_,14.98µm
g_row\[1\].g_col\[0\].pe/_0934_,14.98µm
g_row\[0\].g_col\[0\].pe/net2292,14.98µm
g_row\[0\].g_col\[1\].pe/_0334_,14.96µm
g_row\[1\].g_col\[1\].pe/_1160_,14.94µm
g_row\[0\].g_col\[1\].pe/_0860_,14.92µm
net2748,14.92µm
net2769,14.92µm
net3183,14.92µm
g_row\[0\].g_col\[1\].pe/_0147_,14.91µm
g_row\[1\].g_col\[0\].pe/_0769_,14.91µm
g_row\[0\].g_col\[0\].pe/_0167_,14.9µm
g_row\[0\].g_col\[0\].pe/_0869_,14.885µm
g_row\[0\].g_col\[1\].pe/_0132_,14.88µm
g_row\[0\].g_col\[1\].pe/_1121_,14.88µm
g_row\[0\].g_col\[1\].pe/_1220_,14.88µm
g_row\[0\].g_col\[1\].pe/_1330_,14.88µm
g_row\[1\].g_col\[0\].pe/_1069_,14.88µm
g_row\[1\].g_col\[1\].pe/_0890_,14.88µm
g_row\[0\].g_col\[1\].pe/net3110,14.88µm
g_row\[1\].g_col\[1\].pe/_0265_,14.86µm
g_row\[0\].g_col\[1\].pe/_1164_,14.84µm
g_row\[1\].g_col\[0\].pe/_1021_,14.84µm
g_row\[0\].g_col\[0\].pe/net2002,14.84µm
g_row\[0\].g_col\[1\].pe/net2940,14.825µm
g_row\[0\].g_col\[0\].pe/_0193_,14.82µm
g_row\[0\].g_col\[1\].pe/_0006_,14.82µm
g_row\[0\].g_col\[1\].pe/_0888_,14.82µm
g_row\[1\].g_col\[1\].pe/_1329_,14.82µm
g_row\[0\].g_col\[1\].pe/_0618_,14.8µm
g_row\[0\].g_col\[1\].pe/_1070_,14.8µm
g_row\[1\].g_col\[0\].pe/_0392_,14.8µm
net3220,14.8µm
g_row\[0\].g_col\[1\].pe/_0419_,14.78µm
g_row\[1\].g_col\[0\].pe/_0930_,14.76µm
g_row\[0\].g_col\[1\].pe/net2395,14.76µm
g_row\[0\].g_col\[0\].pe/net2961,14.75µm
g_row\[0\].g_col\[0\].pe/_0413_,14.72µm
g_row\[0\].g_col\[1\].pe/_0402_,14.72µm
net1560,14.72µm
net3410,14.72µm
g_row\[0\].g_col\[1\].pe/_0060_,14.7µm
g_row\[0\].g_col\[1\].pe/_0330_,14.68µm
g_row\[0\].g_col\[1\].pe/_1102_,14.68µm
g_row\[1\].g_col\[1\].pe/_1186_,14.68µm
g_row\[1\].g_col\[1\].pe/net1684,14.68µm
g_row\[1\].g_col\[1\].pe/net2194,14.665µm
g_row\[0\].g_col\[0\].pe/_0891_,14.64µm
g_row\[0\].g_col\[0\].pe/_1314_,14.64µm
g_row\[0\].g_col\[1\].pe/_0487_,14.64µm
g_row\[1\].g_col\[0\].pe/_0261_,14.64µm
g_row\[1\].g_col\[1\].pe/net1766,14.64µm
g_row\[1\].g_col\[1\].pe/net2261,14.64µm
g_row\[1\].g_col\[1\].pe/net1775,14.635µm
g_row\[1\].g_col\[1\].pe/_0395_,14.62µm
results_flat[1],14.62µm
results_flat[37],14.62µm
g_row\[0\].g_col\[0\].pe/net3063,14.59µm
g_row\[0\].g_col\[0\].pe/_0463_,14.58µm
g_row\[1\].g_col\[1\].pe/net1712,14.58µm
g_row\[1\].g_col\[0\].pe/_1228_,14.575µm
g_row\[1\].g_col\[1\].pe/_0788_,14.56µm
g_row\[1\].g_col\[1\].pe/_1120_,14.56µm
g_row\[0\].g_col\[0\].pe/r2_mantissa\[7\],14.55µm
g_row\[0\].g_col\[1\].pe/_0327_,14.54µm
g_row\[0\].g_col\[1\].pe/_0425_,14.54µm
g_row\[0\].g_col\[1\].pe/_0528_,14.54µm
g_row\[0\].g_col\[1\].pe/_1017_,14.54µm
g_row\[1\].g_col\[1\].pe/_1254_,14.54µm
g_row\[0\].g_col\[0\].pe/_0144_,14.52µm
g_row\[0\].g_col\[1\].pe/_0273_,14.52µm
g_row\[0\].g_col\[1\].pe/_0726_,14.52µm
g_row\[1\].g_col\[0\].pe/_0284_,14.52µm
g_row\[1\].g_col\[1\].pe/_0896_,14.52µm
net3303,14.52µm
g_row\[1\].g_col\[0\].pe/r3_prod_mant\[11\],14.5µm
g_row\[1\].g_col\[0\].pe/_1333_,14.48µm
g_row\[1\].g_col\[0\].pe/net1840,14.48µm
g_row\[1\].g_col\[1\].pe/_0411_,14.47µm
g_row\[1\].g_col\[0\].pe/_0627_,14.46µm
g_row\[1\].g_col\[1\].pe/_0415_,14.46µm
g_row\[1\].g_col\[1\].pe/_0480_,14.46µm
g_row\[0\].g_col\[0\].pe/net2165,14.455µm
g_row\[0\].g_col\[0\].pe/_0865_,14.44µm
g_row\[0\].g_col\[1\].pe/_0433_,14.44µm
g_row\[1\].g_col\[0\].pe/_0470_,14.44µm
g_row\[1\].g_col\[1\].pe/_0908_,14.44µm
g_row\[0\].g_col\[0\].pe/_0287_,14.42µm
g_row\[0\].g_col\[0\].pe/_0415_,14.42µm
g_row\[1\].g_col\[0\].pe/_0005_,14.42µm
g_row\[1\].g_col\[0\].pe/valid_s1,14.42µm
g_row\[1\].g_col\[0\].pe/_0202_,14.4µm
g_row\[1\].g_col\[0\].pe/_0514_,14.4µm
g_row\[0\].g_col\[0\].pe/_0356_,14.38µm
g_row\[1\].g_col\[0\].pe/_0212_,14.38µm
g_row\[1\].g_col\[1\].pe/_0569_,14.38µm
g_row\[0\].g_col\[1\].pe/_0784_,14.36µm
b_wire\[1\]\[6\],14.34µm
g_row\[1\].g_col\[0\].pe/_0420_,14.34µm
g_row\[1\].g_col\[0\].pe/net2854,14.34µm
g_row\[0\].g_col\[0\].pe/_1270_,14.3µm
g_row\[0\].g_col\[1\].pe/_0350_,14.3µm
net2461,14.3µm
g_row\[0\].g_col\[0\].pe/net1801,14.29µm
g_row\[0\].g_col\[1\].pe/_0372_,14.28µm
g_row\[1\].g_col\[0\].pe/_0090_,14.26µm
g_row\[1\].g_col\[1\].pe/_0968_,14.26µm
g_row\[1\].g_col\[1\].pe/_0988_,14.26µm
g_row\[0\].g_col\[1\].pe/_0935_,14.24µm
g_row\[0\].g_col\[1\].pe/_1183_,14.23µm
g_row\[0\].g_col\[0\].pe/_0718_,14.22µm
g_row\[0\].g_col\[1\].pe/_1300_,14.22µm
g_row\[1\].g_col\[1\].pe/_0129_,14.22µm
g_row\[1\].g_col\[1\].pe/_1297_,14.22µm
g_row\[0\].g_col\[1\].pe/net2374,14.22µm
g_row\[0\].g_col\[0\].pe/_0226_,14.2µm
net3290,14.2µm
g_row\[1\].g_col\[0\].pe/_1247_,14.18µm
g_row\[1\].g_col\[0\].pe/net1744,14.18µm
g_row\[1\].g_col\[0\].pe/net1924,14.18µm
g_row\[1\].g_col\[0\].pe/net2945,14.18µm
net3231,14.18µm
g_row\[0\].g_col\[0\].pe/_1205_,14.17µm
g_row\[0\].g_col\[1\].pe/_0280_,14.16µm
results_flat[4],14.16µm
g_row\[1\].g_col\[1\].pe/_0882_,14.15µm
g_row\[0\].g_col\[0\].pe/_0373_,14.14µm
clknet_leaf_80_clk,14.14µm
net1900,14.14µm
net3289,14.14µm
g_row\[0\].g_col\[0\].pe/_1257_,14.12µm
g_row\[0\].g_col\[1\].pe/r3_prod_mant\[2\],14.12µm
g_row\[1\].g_col\[1\].pe/_1253_,14.1µm
g_row\[0\].g_col\[1\].pe/_0133_,14.08µm
g_row\[0\].g_col\[0\].pe/net2120,14.08µm
g_row\[0\].g_col\[1\].pe/_0061_,14.065µm
g_row\[0\].g_col\[0\].pe/_0870_,14.06µm
g_row\[0\].g_col\[1\].pe/_0966_,14.02µm
g_row\[0\].g_col\[1\].pe/_1030_,14.02µm
g_row\[1\].g_col\[0\].pe/_1177_,14.02µm
a_reg\[2\],14µm
g_row\[1\].g_col\[1\].pe/_0888_,14µm
g_row\[1\].g_col\[1\].pe/_1260_,14µm
g_row\[1\].g_col\[0\].pe/net1867,14µm
g_row\[0\].g_col\[1\].pe/_0489_,13.98µm
g_row\[0\].g_col\[1\].pe/_0905_,13.98µm
g_row\[0\].g_col\[0\].pe/_1100_,13.96µm
g_row\[0\].g_col\[0\].pe/_1224_,13.96µm
net2521,13.96µm
g_row\[0\].g_col\[0\].pe/_0971_,13.94µm
g_row\[0\].g_col\[1\].pe/_0245_,13.92µm
g_row\[0\].g_col\[1\].pe/_0299_,13.92µm
g_row\[1\].g_col\[1\].pe/_0453_,13.92µm
net2576,13.92µm
net3307,13.92µm
g_row\[1\].g_col\[1\].pe/_0975_,13.91µm
g_row\[0\].g_col\[0\].pe/_1236_,13.9µm
g_row\[0\].g_col\[0\].pe/_1285_,13.9µm
g_row\[0\].g_col\[0\].pe/_0050_,13.88µm
g_row\[0\].g_col\[0\].pe/_1177_,13.88µm
g_row\[1\].g_col\[1\].pe/_0655_,13.88µm
g_row\[1\].g_col\[1\].pe/net2251,13.88µm
g_row\[1\].g_col\[0\].pe/net1832,13.865µm
g_row\[0\].g_col\[0\].pe/_0705_,13.86µm
b_wire\[2\]\[0\],13.84µm
g_row\[0\].g_col\[1\].pe/_0533_,13.84µm
g_row\[1\].g_col\[1\].pe/_0801_,13.84µm
g_row\[0\].g_col\[1\].pe/_0198_,13.82µm
g_row\[0\].g_col\[1\].pe/_0332_,13.82µm
g_row\[1\].g_col\[1\].pe/_1205_,13.82µm
g_row\[0\].g_col\[0\].pe/_0646_,13.8µm
g_row\[1\].g_col\[1\].pe/_0065_,13.8µm
g_row\[1\].g_col\[1\].pe/_0449_,13.8µm
g_row\[1\].g_col\[1\].pe/_0948_,13.8µm
g_row\[1\].g_col\[1\].pe/_1173_,13.8µm
net1466,13.8µm
g_row\[0\].g_col\[0\].pe/net2300,13.8µm
g_row\[0\].g_col\[1\].pe/_1118_,13.79µm
g_row\[1\].g_col\[0\].pe/_1158_,13.78µm
net1457,13.78µm
g_row\[0\].g_col\[1\].pe/_0124_,13.76µm
g_row\[1\].g_col\[0\].pe/_0480_,13.76µm
g_row\[1\].g_col\[0\].pe/_1060_,13.76µm
g_row\[1\].g_col\[1\].pe/_0998_,13.76µm
g_row\[0\].g_col\[0\].pe/_0498_,13.74µm
g_row\[0\].g_col\[0\].pe/_0839_,13.74µm
net1537,13.74µm
g_row\[1\].g_col\[1\].pe/_0482_,13.725µm
g_row\[0\].g_col\[0\].pe/_0198_,13.72µm
g_row\[0\].g_col\[0\].pe/_0424_,13.72µm
g_row\[0\].g_col\[0\].pe/_0746_,13.72µm
g_row\[1\].g_col\[0\].pe/_1208_,13.72µm
g_row\[0\].g_col\[1\].pe/net2036,13.72µm
net3299,13.72µm
g_row\[0\].g_col\[0\].pe/_0850_,13.71µm
results_flat[38],13.7µm
g_row\[0\].g_col\[0\].pe/_0645_,13.68µm
g_row\[0\].g_col\[1\].pe/_0523_,13.68µm
g_row\[1\].g_col\[0\].pe/_0350_,13.68µm
g_row\[1\].g_col\[0\].pe/_0729_,13.68µm
g_row\[1\].g_col\[0\].pe/_1125_,13.68µm
net2709,13.66µm
g_row\[1\].g_col\[1\].pe/_0600_,13.65µm
g_row\[0\].g_col\[0\].pe/_0687_,13.64µm
g_row\[0\].g_col\[1\].pe/_1213_,13.64µm
g_row\[1\].g_col\[0\].pe/_0280_,13.64µm
g_row\[1\].g_col\[0\].pe/_0915_,13.64µm
g_row\[1\].g_col\[1\].pe/_0492_,13.635µm
clknet_leaf_19_clk,13.62µm
g_row\[0\].g_col\[0\].pe/_0070_,13.62µm
g_row\[0\].g_col\[1\].pe/_0437_,13.62µm
g_row\[0\].g_col\[1\].pe/_0428_,13.605µm
g_row\[0\].g_col\[1\].pe/_0269_,13.6µm
g_row\[1\].g_col\[0\].pe/_1050_,13.6µm
g_row\[1\].g_col\[0\].pe/net2850,13.6µm
g_row\[0\].g_col\[0\].pe/net2954,13.59µm
g_row\[0\].g_col\[1\].pe/_1055_,13.58µm
g_row\[1\].g_col\[1\].pe/_0428_,13.57µm
net1305,13.56µm
g_row\[1\].g_col\[0\].pe/_0448_,13.56µm
g_row\[1\].g_col\[0\].pe/_1195_,13.56µm
g_row\[1\].g_col\[0\].pe/_1205_,13.56µm
g_row\[0\].g_col\[1\].pe/_0452_,13.54µm
g_row\[1\].g_col\[0\].pe/_0421_,13.54µm
net1609,13.54µm
net1612,13.54µm
g_row\[0\].g_col\[1\].pe/_0625_,13.52µm
g_row\[0\].g_col\[1\].pe/_1191_,13.52µm
g_row\[1\].g_col\[0\].pe/_0962_,13.52µm
g_row\[0\].g_col\[1\].pe/net2343,13.505µm
g_row\[0\].g_col\[0\].pe/_0214_,13.5µm
g_row\[1\].g_col\[0\].pe/_0948_,13.5µm
g_row\[1\].g_col\[0\].pe/net2050,13.5µm
g_row\[0\].g_col\[1\].pe/_0873_,13.49µm
g_row\[1\].g_col\[0\].pe/_0908_,13.48µm
net1586,13.48µm
g_row\[0\].g_col\[0\].pe/net1802,13.465µm
g_row\[0\].g_col\[0\].pe/_0192_,13.46µm
g_row\[0\].g_col\[0\].pe/_1232_,13.46µm
g_row\[0\].g_col\[1\].pe/_0311_,13.46µm
g_row\[1\].g_col\[0\].pe/_1250_,13.46µm
g_row\[1\].g_col\[1\].pe/_1228_,13.445µm
g_row\[0\].g_col\[0\].pe/_0271_,13.43µm
g_row\[0\].g_col\[0\].pe/net2298,13.425µm
net1332,13.42µm
net1377,13.42µm
g_row\[0\].g_col\[1\].pe/_0166_,13.42µm
g_row\[0\].g_col\[1\].pe/_0202_,13.42µm
g_row\[0\].g_col\[1\].pe/_0447_,13.42µm
g_row\[1\].g_col\[0\].pe/_0985_,13.42µm
g_row\[1\].g_col\[0\].pe/_1304_,13.42µm
g_row\[1\].g_col\[0\].pe/net3029,13.42µm
net3503,13.42µm
g_row\[1\].g_col\[1\].pe/net1776,13.415µm
g_row\[1\].g_col\[0\].pe/_1189_,13.41µm
g_row\[0\].g_col\[0\].pe/_1212_,13.4µm
g_row\[0\].g_col\[1\].pe/_0155_,13.4µm
g_row\[0\].g_col\[1\].pe/_0366_,13.4µm
g_row\[1\].g_col\[0\].pe/_0290_,13.4µm
g_row\[1\].g_col\[0\].pe/net2049,13.4µm
g_row\[0\].g_col\[0\].pe/_0894_,13.38µm
g_row\[0\].g_col\[1\].pe/_0975_,13.38µm
g_row\[1\].g_col\[1\].pe/_0548_,13.38µm
g_row\[1\].g_col\[1\].pe/_0557_,13.38µm
g_row\[1\].g_col\[1\].pe/_0745_,13.38µm
net3391,13.38µm
g_row\[0\].g_col\[0\].pe/_0939_,13.36µm
g_row\[0\].g_col\[1\].pe/_0597_,13.35µm
g_row\[1\].g_col\[0\].pe/_0646_,13.35µm
g_row\[0\].g_col\[0\].pe/_0808_,13.34µm
g_row\[0\].g_col\[0\].pe/_0832_,13.34µm
g_row\[0\].g_col\[0\].pe/_1210_,13.34µm
g_row\[0\].g_col\[1\].pe/_0296_,13.34µm
g_row\[0\].g_col\[1\].pe/_0761_,13.34µm
g_row\[1\].g_col\[0\].pe/_0068_,13.34µm
g_row\[1\].g_col\[1\].pe/_0705_,13.34µm
g_row\[0\].g_col\[1\].pe/_0338_,13.3µm
g_row\[0\].g_col\[1\].pe/_0579_,13.3µm
g_row\[0\].g_col\[1\].pe/_1296_,13.3µm
g_row\[1\].g_col\[0\].pe/_0897_,13.3µm
g_row\[1\].g_col\[0\].pe/net1725,13.29µm
g_row\[1\].g_col\[0\].pe/_0802_,13.28µm
g_row\[0\].g_col\[1\].pe/net2907,13.28µm
g_row\[1\].g_col\[1\].pe/_1052_,13.26µm
net1511,13.26µm
g_row\[1\].g_col\[0\].pe/net2075,13.26µm
g_row\[0\].g_col\[1\].pe/_1248_,13.255µm
g_row\[0\].g_col\[0\].pe/_1328_,13.24µm
g_row\[1\].g_col\[0\].pe/_0222_,13.24µm
g_row\[1\].g_col\[1\].pe/_0726_,13.23µm
g_row\[0\].g_col\[0\].pe/_0620_,13.22µm
g_row\[1\].g_col\[0\].pe/_1004_,13.22µm
g_row\[1\].g_col\[0\].pe/_1175_,13.22µm
g_row\[1\].g_col\[1\].pe/_0011_,13.22µm
g_row\[0\].g_col\[0\].pe/net2950,13.22µm
g_row\[0\].g_col\[0\].pe/_0812_,13.21µm
g_row\[1\].g_col\[1\].pe/_1279_,13.21µm
g_row\[0\].g_col\[0\].pe/_0885_,13.18µm
g_row\[0\].g_col\[0\].pe/_0518_,13.165µm
g_row\[0\].g_col\[0\].pe/_0563_,13.16µm
g_row\[0\].g_col\[0\].pe/_1013_,13.16µm
g_row\[1\].g_col\[1\].pe/_0919_,13.16µm
g_row\[1\].g_col\[1\].pe/_1301_,13.16µm
g_row\[0\].g_col\[1\].pe/_0281_,13.14µm
g_row\[0\].g_col\[1\].pe/_0286_,13.14µm
g_row\[1\].g_col\[1\].pe/_1124_,13.14µm
net2679,13.14µm
g_row\[1\].g_col\[0\].pe/net1858,13.135µm
g_row\[1\].g_col\[1\].pe/_0737_,13.12µm
g_row\[1\].g_col\[1\].pe/_0821_,13.12µm
net3176,13.12µm
g_row\[0\].g_col\[1\].pe/_0645_,13.1µm
g_row\[1\].g_col\[0\].pe/_0055_,13.1µm
g_row\[1\].g_col\[0\].pe/_0238_,13.1µm
g_row\[1\].g_col\[1\].pe/_0772_,13.1µm
g_row\[1\].g_col\[1\].pe/_0995_,13.1µm
g_row\[1\].g_col\[1\].pe/_1077_,13.1µm
g_row\[0\].g_col\[0\].pe/_0514_,13.08µm
g_row\[0\].g_col\[1\].pe/_1160_,13.08µm
g_row\[1\].g_col\[1\].pe/_0562_,13.08µm
net3264,13.08µm
g_row\[0\].g_col\[0\].pe/_1020_,13.06µm
g_row\[1\].g_col\[0\].pe/_0285_,13.06µm
g_row\[0\].g_col\[0\].pe/_0958_,13.04µm
g_row\[0\].g_col\[0\].pe/_1088_,13.04µm
g_row\[0\].g_col\[1\].pe/_0872_,13.04µm
g_row\[1\].g_col\[1\].pe/_0032_,13.04µm
g_row\[1\].g_col\[1\].pe/_1163_,13.04µm
net3161,13.04µm
g_row\[0\].g_col\[1\].pe/_0600_,13.03µm
g_row\[0\].g_col\[0\].pe/_1014_,13.02µm
g_row\[0\].g_col\[0\].pe/_1261_,13.02µm
g_row\[1\].g_col\[1\].pe/_0481_,13.02µm
g_row\[1\].g_col\[1\].pe/_1224_,13.02µm
g_row\[1\].g_col\[1\].pe/_1266_,13.02µm
net2775,13.02µm
g_row\[1\].g_col\[0\].pe/_0050_,13µm
g_row\[1\].g_col\[1\].pe/_0330_,13µm
net1449,13µm
g_row\[0\].g_col\[1\].pe/net2037,13µm
g_row\[0\].g_col\[0\].pe/_0919_,12.98µm
g_row\[0\].g_col\[1\].pe/_0576_,12.98µm
g_row\[1\].g_col\[1\].pe/_1274_,12.98µm
g_row\[1\].g_col\[1\].pe/net1673,12.98µm
g_row\[0\].g_col\[1\].pe/_0995_,12.97µm
a_reg\[21\],12.96µm
g_row\[0\].g_col\[0\].pe/_0489_,12.96µm
g_row\[0\].g_col\[0\].pe/_0665_,12.96µm
g_row\[1\].g_col\[0\].pe/_0947_,12.96µm
g_row\[1\].g_col\[0\].pe/_1162_,12.96µm
g_row\[1\].g_col\[1\].pe/_1102_,12.96µm
g_row\[1\].g_col\[0\].pe/net2071,12.96µm
g_row\[1\].g_col\[0\].pe/_1279_,12.955µm
g_row\[1\].g_col\[0\].pe/_0312_,12.94µm
g_row\[1\].g_col\[1\].pe/_0452_,12.94µm
g_row\[1\].g_col\[1\].pe/_0582_,12.94µm
g_row\[1\].g_col\[1\].pe/net1713,12.94µm
g_row\[0\].g_col\[0\].pe/_0793_,12.93µm
g_row\[0\].g_col\[0\].pe/_0212_,12.92µm
g_row\[0\].g_col\[1\].pe/_0235_,12.92µm
g_row\[0\].g_col\[1\].pe/_0932_,12.92µm
g_row\[1\].g_col\[0\].pe/_0245_,12.92µm
g_row\[1\].g_col\[1\].pe/r3_prod_mant\[2\],12.92µm
g_row\[0\].g_col\[1\].pe/_0416_,12.9µm
g_row\[1\].g_col\[1\].pe/_0652_,12.9µm
g_row\[1\].g_col\[1\].pe/net1779,12.885µm
g_row\[0\].g_col\[1\].pe/_0207_,12.88µm
g_row\[1\].g_col\[1\].pe/_0292_,12.88µm
g_row\[1\].g_col\[1\].pe/_0761_,12.88µm
g_row\[1\].g_col\[1\].pe/_1299_,12.88µm
net1632,12.88µm
g_row\[1\].g_col\[1\].pe/net1979,12.88µm
g_row\[0\].g_col\[0\].pe/net2943,12.88µm
g_row\[0\].g_col\[0\].pe/_0962_,12.87µm
g_row\[0\].g_col\[1\].pe/_1189_,12.86µm
g_row\[0\].g_col\[0\].pe/net2266,12.86µm
net1394,12.84µm
g_row\[0\].g_col\[0\].pe/_1104_,12.84µm
g_row\[1\].g_col\[0\].pe/_0859_,12.84µm
g_row\[0\].g_col\[1\].pe/net2382,12.84µm
g_row\[0\].g_col\[1\].pe/_1211_,12.8µm
g_row\[1\].g_col\[1\].pe/_1247_,12.8µm
g_row\[1\].g_col\[0\].pe/_0251_,12.79µm
g_row\[0\].g_col\[0\].pe/_1085_,12.78µm
g_row\[0\].g_col\[1\].pe/_0911_,12.78µm
g_row\[1\].g_col\[0\].pe/_0142_,12.76µm
g_row\[1\].g_col\[1\].pe/net2262,12.76µm
g_row\[1\].g_col\[0\].pe/net2829,12.76µm
net3135,12.76µm
clknet_leaf_66_clk,12.74µm
g_row\[1\].g_col\[0\].pe/_1232_,12.74µm
g_row\[1\].g_col\[1\].pe/_0567_,12.74µm
g_row\[1\].g_col\[0\].pe/net2045,12.74µm
net3196,12.74µm
g_row\[0\].g_col\[0\].pe/_0452_,12.72µm
g_row\[0\].g_col\[0\].pe/_1112_,12.715µm
g_row\[0\].g_col\[0\].pe/_0106_,12.7µm
g_row\[1\].g_col\[0\].pe/_0906_,12.7µm
g_row\[0\].g_col\[1\].pe/_1254_,12.685µm
g_row\[1\].g_col\[0\].pe/net1788,12.685µm
g_row\[0\].g_col\[0\].pe/_0225_,12.68µm
g_row\[0\].g_col\[0\].pe/_0877_,12.68µm
g_row\[0\].g_col\[0\].pe/_0928_,12.68µm
g_row\[0\].g_col\[0\].pe/_0350_,12.66µm
g_row\[0\].g_col\[1\].pe/_0780_,12.66µm
g_row\[0\].g_col\[1\].pe/_0881_,12.66µm
g_row\[1\].g_col\[1\].pe/_0994_,12.66µm
net1569,12.66µm
net2757,12.66µm
g_row\[1\].g_col\[0\].pe/net3009,12.66µm
g_row\[0\].g_col\[0\].pe/_0945_,12.65µm
g_row\[0\].g_col\[0\].pe/_1330_,12.64µm
g_row\[1\].g_col\[0\].pe/_0260_,12.64µm
a_wire\[3\]\[8\],12.62µm
g_row\[0\].g_col\[1\].pe/_0443_,12.62µm
g_row\[0\].g_col\[1\].pe/_1106_,12.62µm
g_row\[1\].g_col\[0\].pe/_0412_,12.62µm
g_row\[0\].g_col\[1\].pe/net1849,12.62µm
g_row\[0\].g_col\[0\].pe/net2877,12.62µm
g_row\[0\].g_col\[0\].pe/_1259_,12.6µm
g_row\[1\].g_col\[0\].pe/_1055_,12.6µm
net1315,12.58µm
g_row\[0\].g_col\[1\].pe/_0720_,12.58µm
g_row\[1\].g_col\[0\].pe/_0651_,12.58µm
net1579,12.58µm
net3342,12.58µm
net3547,12.58µm
g_row\[1\].g_col\[0\].pe/_1256_,12.56µm
g_row\[1\].g_col\[1\].pe/_0144_,12.56µm
g_row\[0\].g_col\[0\].pe/_0890_,12.54µm
g_row\[0\].g_col\[1\].pe/_0684_,12.54µm
g_row\[0\].g_col\[1\].pe/_1025_,12.54µm
g_row\[1\].g_col\[0\].pe/_0884_,12.54µm
g_row\[0\].g_col\[1\].pe/_0992_,12.52µm
g_row\[0\].g_col\[1\].pe/_0773_,12.51µm
g_row\[1\].g_col\[0\].pe/net2052,12.505µm
g_row\[0\].g_col\[0\].pe/_0066_,12.5µm
g_row\[0\].g_col\[1\].pe/_1071_,12.5µm
g_row\[1\].g_col\[0\].pe/_0268_,12.5µm
g_row\[1\].g_col\[0\].pe/_0349_,12.5µm
g_row\[1\].g_col\[0\].pe/_1329_,12.5µm
g_row\[1\].g_col\[1\].pe/_1064_,12.5µm
g_row\[1\].g_col\[0\].pe/net2947,12.5µm
g_row\[0\].g_col\[1\].pe/_0945_,12.48µm
net3575,12.48µm
g_row\[1\].g_col\[1\].pe/_1248_,12.475µm
g_row\[0\].g_col\[0\].pe/_1299_,12.46µm
g_row\[0\].g_col\[1\].pe/_0054_,12.46µm
g_row\[0\].g_col\[1\].pe/_0278_,12.45µm
g_row\[0\].g_col\[1\].pe/_0364_,12.44µm
g_row\[0\].g_col\[1\].pe/_1224_,12.44µm
g_row\[1\].g_col\[1\].pe/_0122_,12.44µm
g_row\[0\].g_col\[0\].pe/_0907_,12.425µm
g_row\[0\].g_col\[1\].pe/_1009_,12.42µm
g_row\[1\].g_col\[0\].pe/_1268_,12.42µm
g_row\[1\].g_col\[0\].pe/_1320_,12.42µm
g_row\[0\].g_col\[1\].pe/net2208,12.42µm
g_row\[1\].g_col\[1\].pe/_0923_,12.41µm
g_row\[1\].g_col\[1\].pe/_1180_,12.4µm
g_row\[0\].g_col\[0\].pe/_0959_,12.39µm
net1299,12.38µm
g_row\[0\].g_col\[0\].pe/_0367_,12.38µm
g_row\[0\].g_col\[0\].pe/_0983_,12.38µm
g_row\[0\].g_col\[0\].pe/_0991_,12.38µm
g_row\[0\].g_col\[0\].pe/_1077_,12.38µm
g_row\[0\].g_col\[1\].pe/_0847_,12.38µm
g_row\[1\].g_col\[0\].pe/_0006_,12.38µm
g_row\[1\].g_col\[0\].pe/_1134_,12.38µm
g_row\[1\].g_col\[1\].pe/_0549_,12.38µm
g_row\[1\].g_col\[1\].pe/_1090_,12.38µm
g_row\[0\].g_col\[0\].pe/net2109,12.38µm
g_row\[1\].g_col\[1\].pe/_0455_,12.36µm
g_row\[0\].g_col\[0\].pe/_0122_,12.35µm
g_row\[0\].g_col\[0\].pe/_0924_,12.34µm
g_row\[1\].g_col\[0\].pe/_1163_,12.34µm
g_row\[1\].g_col\[1\].pe/_0465_,12.34µm
g_row\[1\].g_col\[1\].pe/net1982,12.34µm
g_row\[1\].g_col\[0\].pe/_1323_,12.32µm
g_row\[1\].g_col\[1\].pe/_1185_,12.32µm
g_row\[0\].g_col\[1\].pe/net2385,12.32µm
g_row\[1\].g_col\[0\].pe/_0843_,12.31µm
g_row\[0\].g_col\[0\].pe/_0010_,12.3µm
g_row\[0\].g_col\[0\].pe/_0090_,12.3µm
g_row\[0\].g_col\[1\].pe/_0925_,12.3µm
g_row\[1\].g_col\[0\].pe/_0586_,12.3µm
g_row\[1\].g_col\[1\].pe/_1137_,12.3µm
net1902,12.3µm
g_row\[0\].g_col\[0\].pe/_0420_,12.28µm
g_row\[1\].g_col\[0\].pe/_0425_,12.28µm
g_row\[1\].g_col\[0\].pe/net2278,12.28µm
g_row\[1\].g_col\[1\].pe/net3074,12.28µm
g_row\[1\].g_col\[0\].pe/_0745_,12.26µm
g_row\[1\].g_col\[1\].pe/_0331_,12.26µm
g_row\[1\].g_col\[1\].pe/net2827,12.26µm
b_wire\[3\]\[7\],12.24µm
g_row\[0\].g_col\[1\].pe/_0643_,12.22µm
g_row\[1\].g_col\[0\].pe/_0109_,12.22µm
g_row\[0\].g_col\[1\].pe/_0661_,12.21µm
g_row\[0\].g_col\[0\].pe/_0769_,12.2µm
g_row\[1\].g_col\[1\].pe/_0936_,12.2µm
net1421,12.18µm
g_row\[0\].g_col\[1\].pe/_0732_,12.18µm
g_row\[0\].g_col\[1\].pe/_1090_,12.18µm
g_row\[1\].g_col\[1\].pe/_0266_,12.18µm
g_row\[1\].g_col\[1\].pe/_0322_,12.18µm
net1453,12.18µm
g_row\[0\].g_col\[0\].pe/net2226,12.165µm
net1351,12.16µm
g_row\[0\].g_col\[0\].pe/_1032_,12.16µm
g_row\[0\].g_col\[1\].pe/_0292_,12.16µm
g_row\[1\].g_col\[0\].pe/_0240_,12.16µm
g_row\[1\].g_col\[1\].pe/_0397_,12.16µm
net1620,12.16µm
g_row\[1\].g_col\[0\].pe/net1839,12.16µm
g_row\[1\].g_col\[0\].pe/net2277,12.16µm
g_row\[1\].g_col\[1\].pe/_0278_,12.15µm
g_row\[1\].g_col\[0\].pe/_0535_,12.145µm
g_row\[0\].g_col\[0\].pe/_0852_,12.14µm
g_row\[0\].g_col\[1\].pe/_0919_,12.14µm
g_row\[0\].g_col\[1\].pe/_1226_,12.125µm
g_row\[0\].g_col\[0\].pe/_0970_,12.12µm
g_row\[0\].g_col\[1\].pe/_0308_,12.12µm
g_row\[1\].g_col\[0\].pe/net2913,12.12µm
g_row\[0\].g_col\[0\].pe/net2962,12.12µm
g_row\[1\].g_col\[0\].pe/_0147_,12.11µm
g_row\[0\].g_col\[1\].pe/_0985_,12.1µm
g_row\[0\].g_col\[0\].pe/_1235_,12.08µm
g_row\[1\].g_col\[0\].pe/_0926_,12.08µm
g_row\[1\].g_col\[1\].pe/_0589_,12.08µm
g_row\[0\].g_col\[1\].pe/_0742_,12.07µm
g_row\[0\].g_col\[1\].pe/_0556_,12.06µm
g_row\[1\].g_col\[0\].pe/_0919_,12.06µm
g_row\[1\].g_col\[1\].pe/_1200_,12.06µm
g_row\[0\].g_col\[1\].pe/_1247_,12.04µm
g_row\[1\].g_col\[1\].pe/_0382_,12.04µm
g_row\[1\].g_col\[1\].pe/_0524_,12.035µm
g_row\[0\].g_col\[1\].pe/_1279_,12.03µm
g_row\[0\].g_col\[0\].pe/_1048_,12.02µm
net1415,12µm
g_row\[0\].g_col\[0\].pe/_1141_,12µm
g_row\[1\].g_col\[0\].pe/_0356_,12µm
g_row\[1\].g_col\[0\].pe/_0397_,12µm
g_row\[1\].g_col\[1\].pe/_0429_,12µm
g_row\[1\].g_col\[1\].pe/_0623_,12µm
net3354,12µm
g_row\[0\].g_col\[0\].pe/_0558_,11.96µm
g_row\[0\].g_col\[1\].pe/_0786_,11.96µm
g_row\[0\].g_col\[0\].pe/net2158,11.96µm
net2511,11.96µm
g_row\[0\].g_col\[1\].pe/net3108,11.96µm
net3166,11.96µm
g_row\[0\].g_col\[1\].pe/_0200_,11.94µm
g_row\[1\].g_col\[1\].pe/_1026_,11.94µm
g_row\[1\].g_col\[1\].pe/net1950,11.94µm
net1356,11.92µm
g_row\[0\].g_col\[0\].pe/_0650_,11.92µm
g_row\[0\].g_col\[0\].pe/_0898_,11.92µm
g_row\[0\].g_col\[1\].pe/_1331_,11.92µm
g_row\[1\].g_col\[0\].pe/_0395_,11.92µm
g_row\[1\].g_col\[0\].pe/_1077_,11.92µm
g_row\[1\].g_col\[1\].pe/_0020_,11.92µm
net1512,11.92µm
g_row\[0\].g_col\[1\].pe/_1314_,11.9µm
g_row\[1\].g_col\[1\].pe/_0441_,11.9µm
g_row\[0\].g_col\[0\].pe/_1190_,11.88µm
g_row\[1\].g_col\[0\].pe/_0483_,11.88µm
g_row\[1\].g_col\[0\].pe/_1081_,11.88µm
g_row\[0\].g_col\[0\].pe/_0734_,11.86µm
g_row\[0\].g_col\[1\].pe/_0142_,11.86µm
g_row\[0\].g_col\[1\].pe/_0226_,11.86µm
net3284,11.86µm
g_row\[1\].g_col\[0\].pe/_1171_,11.85µm
g_row\[1\].g_col\[0\].pe/r3_prod_mant\[5\],11.85µm
g_row\[0\].g_col\[0\].pe/_0069_,11.84µm
g_row\[0\].g_col\[1\].pe/_0841_,11.84µm
g_row\[1\].g_col\[1\].pe/_0731_,11.84µm
net2420,11.84µm
g_row\[0\].g_col\[0\].pe/net2282,11.825µm
g_row\[0\].g_col\[0\].pe/_1121_,11.82µm
g_row\[0\].g_col\[1\].pe/_0704_,11.82µm
g_row\[0\].g_col\[0\].pe/_1154_,11.81µm
g_row\[0\].g_col\[0\].pe/_0759_,11.8µm
g_row\[1\].g_col\[0\].pe/_1303_,11.8µm
g_row\[1\].g_col\[1\].pe/_0424_,11.8µm
g_row\[0\].g_col\[0\].pe/_0197_,11.78µm
g_row\[0\].g_col\[1\].pe/_0225_,11.78µm
g_row\[0\].g_col\[1\].pe/_0651_,11.78µm
g_row\[0\].g_col\[1\].pe/_1063_,11.78µm
g_row\[1\].g_col\[0\].pe/_0617_,11.78µm
g_row\[1\].g_col\[1\].pe/_0070_,11.78µm
g_row\[0\].g_col\[0\].pe/_0351_,11.76µm
g_row\[0\].g_col\[1\].pe/_0665_,11.76µm
g_row\[0\].g_col\[1\].pe/_1180_,11.76µm
g_row\[1\].g_col\[1\].pe/_0299_,11.76µm
g_row\[1\].g_col\[1\].pe/_1208_,11.76µm
g_row\[1\].g_col\[0\].pe/_0158_,11.75µm
g_row\[0\].g_col\[0\].pe/_0175_,11.74µm
g_row\[0\].g_col\[0\].pe/_0927_,11.735µm
g_row\[1\].g_col\[0\].pe/_0451_,11.73µm
g_row\[0\].g_col\[1\].pe/_0455_,11.72µm
g_row\[1\].g_col\[0\].pe/_0949_,11.72µm
g_row\[0\].g_col\[0\].pe/_0270_,11.7µm
g_row\[1\].g_col\[1\].pe/net1704,11.7µm
g_row\[1\].g_col\[1\].pe/net2205,11.7µm
g_row\[0\].g_col\[0\].pe/_0327_,11.69µm
g_row\[0\].g_col\[0\].pe/_0290_,11.68µm
g_row\[0\].g_col\[0\].pe/_0316_,11.68µm
g_row\[0\].g_col\[0\].pe/_0427_,11.68µm
g_row\[0\].g_col\[0\].pe/_0449_,11.68µm
g_row\[0\].g_col\[1\].pe/_1249_,11.68µm
net3526,11.68µm
g_row\[0\].g_col\[0\].pe/net2254,11.675µm
g_row\[0\].g_col\[0\].pe/_1175_,11.66µm
net2624,11.66µm
g_row\[0\].g_col\[0\].pe/_1007_,11.65µm
g_row\[0\].g_col\[0\].pe/_1127_,11.65µm
g_row\[1\].g_col\[0\].pe/_0085_,11.64µm
g_row\[1\].g_col\[0\].pe/_1030_,11.64µm
g_row\[1\].g_col\[1\].pe/_0375_,11.64µm
g_row\[1\].g_col\[1\].pe/_0400_,11.64µm
g_row\[1\].g_col\[0\].pe/_1112_,11.63µm
g_row\[1\].g_col\[1\].pe/_0057_,11.625µm
g_row\[0\].g_col\[1\].pe/_0627_,11.62µm
g_row\[1\].g_col\[0\].pe/net1920,11.62µm
g_row\[1\].g_col\[0\].pe/net3097,11.62µm
g_row\[1\].g_col\[0\].pe/_0814_,11.6µm
g_row\[1\].g_col\[1\].pe/_0522_,11.6µm
g_row\[1\].g_col\[1\].pe/net1782,11.595µm
g_row\[0\].g_col\[1\].pe/_0103_,11.58µm
g_row\[0\].g_col\[1\].pe/_0854_,11.58µm
g_row\[1\].g_col\[0\].pe/_0465_,11.58µm
g_row\[1\].g_col\[0\].pe/_1200_,11.58µm
g_row\[1\].g_col\[0\].pe/_1204_,11.58µm
g_row\[1\].g_col\[1\].pe/_0749_,11.58µm
g_row\[0\].g_col\[0\].pe/_0012_,11.54µm
g_row\[1\].g_col\[0\].pe/_1193_,11.54µm
g_row\[1\].g_col\[0\].pe/net1891,11.54µm
g_row\[1\].g_col\[1\].pe/net1939,11.54µm
g_row\[0\].g_col\[0\].pe/_0250_,11.53µm
g_row\[0\].g_col\[1\].pe/_0318_,11.52µm
g_row\[0\].g_col\[1\].pe/_1154_,11.51µm
g_row\[0\].g_col\[1\].pe/_0316_,11.5µm
g_row\[0\].g_col\[1\].pe/_0885_,11.5µm
g_row\[1\].g_col\[0\].pe/_0958_,11.5µm
g_row\[1\].g_col\[0\].pe/_0998_,11.5µm
g_row\[1\].g_col\[1\].pe/_0969_,11.5µm
g_row\[0\].g_col\[1\].pe/net2341,11.5µm
g_row\[1\].g_col\[0\].pe/net2891,11.5µm
a_reg\[26\],11.48µm
net1366,11.46µm
net1383,11.46µm
g_row\[0\].g_col\[0\].pe/_0834_,11.46µm
g_row\[0\].g_col\[0\].pe/_1188_,11.46µm
g_row\[1\].g_col\[0\].pe/_0484_,11.46µm
g_row\[0\].g_col\[0\].pe/net2297,11.46µm
g_row\[0\].g_col\[1\].pe/_1209_,11.44µm
g_row\[0\].g_col\[0\].pe/_1229_,11.42µm
g_row\[1\].g_col\[1\].pe/_0774_,11.42µm
g_row\[1\].g_col\[1\].pe/_1225_,11.42µm
net3147,11.42µm
g_row\[0\].g_col\[0\].pe/_0375_,11.39µm
net1357,11.38µm
g_row\[0\].g_col\[1\].pe/_0554_,11.38µm
g_row\[1\].g_col\[0\].pe/_0289_,11.38µm
g_row\[1\].g_col\[1\].pe/_0108_,11.38µm
g_row\[1\].g_col\[1\].pe/_1190_,11.38µm
g_row\[0\].g_col\[0\].pe/_1068_,11.36µm
g_row\[0\].g_col\[1\].pe/_1077_,11.36µm
g_row\[1\].g_col\[0\].pe/_0067_,11.36µm
g_row\[1\].g_col\[1\].pe/_0498_,11.36µm
g_row\[1\].g_col\[1\].pe/net1650,11.36µm
g_row\[0\].g_col\[1\].pe/net2218,11.36µm
g_row\[0\].g_col\[0\].pe/_0390_,11.34µm
g_row\[0\].g_col\[0\].pe/_0900_,11.34µm
g_row\[1\].g_col\[0\].pe/_0625_,11.34µm
g_row\[0\].g_col\[1\].pe/_1262_,11.32µm
g_row\[1\].g_col\[1\].pe/net3095,11.32µm
g_row\[0\].g_col\[1\].pe/_1133_,11.31µm
g_row\[0\].g_col\[0\].pe/_0564_,11.3µm
g_row\[0\].g_col\[1\].pe/_0923_,11.3µm
g_row\[1\].g_col\[0\].pe/_0318_,11.3µm
g_row\[1\].g_col\[1\].pe/r3_prod_mant\[1\],11.3µm
g_row\[0\].g_col\[1\].pe/_0189_,11.28µm
g_row\[0\].g_col\[1\].pe/_0865_,11.28µm
g_row\[0\].g_col\[1\].pe/_1067_,11.28µm
g_row\[1\].g_col\[0\].pe/_1142_,11.28µm
g_row\[1\].g_col\[1\].pe/_0740_,11.28µm
net1467,11.28µm
net1606,11.28µm
g_row\[0\].g_col\[0\].pe/_0864_,11.275µm
g_row\[0\].g_col\[0\].pe/_1163_,11.26µm
g_row\[0\].g_col\[1\].pe/_0988_,11.26µm
g_row\[0\].g_col\[1\].pe/_1129_,11.26µm
g_row\[0\].g_col\[0\].pe/_0422_,11.24µm
g_row\[1\].g_col\[1\].pe/_1234_,11.24µm
g_row\[1\].g_col\[1\].pe/r2_mantissa\[1\],11.24µm
net1532,11.24µm
g_row\[0\].g_col\[0\].pe/net1909,11.24µm
g_row\[1\].g_col\[1\].pe/net2978,11.24µm
g_row\[1\].g_col\[1\].pe/_0701_,11.23µm
g_row\[0\].g_col\[0\].pe/_1172_,11.2µm
g_row\[0\].g_col\[1\].pe/_0233_,11.2µm
g_row\[0\].g_col\[1\].pe/_0740_,11.2µm
g_row\[1\].g_col\[0\].pe/_0198_,11.2µm
g_row\[1\].g_col\[0\].pe/_0597_,11.2µm
g_row\[1\].g_col\[1\].pe/_0127_,11.2µm
g_row\[1\].g_col\[1\].pe/_1038_,11.2µm
g_row\[0\].g_col\[1\].pe/_1283_,11.18µm
g_row\[1\].g_col\[0\].pe/_0631_,11.18µm
g_row\[1\].g_col\[0\].pe/_0738_,11.18µm
g_row\[1\].g_col\[1\].pe/_0854_,11.18µm
g_row\[0\].g_col\[1\].pe/net1844,11.18µm
g_row\[0\].g_col\[1\].pe/_0151_,11.16µm
clknet_leaf_98_clk,11.16µm
g_row\[1\].g_col\[1\].pe/net1778,11.16µm
g_row\[0\].g_col\[0\].pe/_1122_,11.155µm
g_row\[0\].g_col\[0\].pe/_0561_,11.14µm
g_row\[1\].g_col\[1\].pe/_0916_,11.14µm
g_row\[1\].g_col\[1\].pe/net1815,11.14µm
g_row\[1\].g_col\[1\].pe/_0289_,11.13µm
g_row\[0\].g_col\[1\].pe/_0887_,11.125µm
g_row\[1\].g_col\[1\].pe/net1967,11.125µm
g_row\[0\].g_col\[0\].pe/_1207_,11.12µm
g_row\[1\].g_col\[0\].pe/_1056_,11.12µm
g_row\[1\].g_col\[0\].pe/_1173_,11.12µm
g_row\[1\].g_col\[1\].pe/_0181_,11.12µm
g_row\[0\].g_col\[0\].pe/net2124,11.12µm
net3469,11.12µm
g_row\[0\].g_col\[0\].pe/_0179_,11.115µm
g_row\[0\].g_col\[1\].pe/_0933_,11.11µm
g_row\[0\].g_col\[0\].pe/_0305_,11.1µm
g_row\[1\].g_col\[0\].pe/_0374_,11.1µm
g_row\[0\].g_col\[0\].pe/net2302,11.095µm
g_row\[0\].g_col\[0\].pe/_0642_,11.08µm
g_row\[0\].g_col\[1\].pe/_0284_,11.08µm
g_row\[1\].g_col\[0\].pe/_0834_,11.08µm
g_row\[1\].g_col\[0\].pe/net2051,11.08µm
g_row\[0\].g_col\[1\].pe/net2331,11.08µm
net2621,11.08µm
g_row\[1\].g_col\[0\].pe/_0850_,11.07µm
g_row\[0\].g_col\[0\].pe/_0089_,11.06µm
g_row\[0\].g_col\[0\].pe/_1295_,11.06µm
g_row\[0\].g_col\[1\].pe/_1327_,11.06µm
g_row\[1\].g_col\[0\].pe/_0089_,11.06µm
g_row\[1\].g_col\[0\].pe/_0931_,11.06µm
g_row\[1\].g_col\[1\].pe/_0841_,11.06µm
g_row\[1\].g_col\[1\].pe/_0855_,11.05µm
g_row\[1\].g_col\[0\].pe/net1764,11.045µm
g_row\[0\].g_col\[0\].pe/_0374_,11.04µm
g_row\[0\].g_col\[0\].pe/_0433_,11.04µm
g_row\[0\].g_col\[0\].pe/_0456_,11.04µm
g_row\[0\].g_col\[0\].pe/_0230_,11.02µm
g_row\[0\].g_col\[0\].pe/_0652_,11.02µm
g_row\[0\].g_col\[1\].pe/_0814_,11µm
g_row\[0\].g_col\[1\].pe/_1008_,11µm
g_row\[0\].g_col\[1\].pe/_1086_,11µm
g_row\[1\].g_col\[0\].pe/net1921,11µm
g_row\[1\].g_col\[1\].pe/_1008_,10.98µm
net3296,10.98µm
g_row\[0\].g_col\[0\].pe/_0482_,10.965µm
g_row\[0\].g_col\[0\].pe/_0726_,10.96µm
g_row\[0\].g_col\[0\].pe/_0969_,10.96µm
g_row\[0\].g_col\[0\].pe/_1075_,10.96µm
g_row\[0\].g_col\[1\].pe/_0603_,10.96µm
g_row\[0\].g_col\[1\].pe/_0878_,10.96µm
g_row\[1\].g_col\[0\].pe/_0416_,10.96µm
g_row\[1\].g_col\[1\].pe/_1081_,10.96µm
g_row\[1\].g_col\[0\].pe/_0115_,10.94µm
g_row\[1\].g_col\[0\].pe/_1144_,10.94µm
g_row\[0\].g_col\[0\].pe/_0223_,10.92µm
g_row\[0\].g_col\[0\].pe/_0716_,10.92µm
g_row\[0\].g_col\[0\].pe/_1245_,10.92µm
g_row\[0\].g_col\[1\].pe/_0810_,10.92µm
g_row\[1\].g_col\[0\].pe/_0941_,10.92µm
g_row\[1\].g_col\[1\].pe/_0304_,10.92µm
net3487,10.92µm
g_row\[1\].g_col\[0\].pe/_0511_,10.9µm
g_row\[1\].g_col\[1\].pe/_0759_,10.9µm
net3025,10.9µm
g_row\[0\].g_col\[0\].pe/_1138_,10.88µm
g_row\[0\].g_col\[1\].pe/_0397_,10.88µm
g_row\[0\].g_col\[1\].pe/_0441_,10.88µm
g_row\[1\].g_col\[0\].pe/_0452_,10.88µm
g_row\[1\].g_col\[0\].pe/_1082_,10.88µm
g_row\[1\].g_col\[1\].pe/_0370_,10.88µm
g_row\[1\].g_col\[1\].pe/_0437_,10.88µm
g_row\[1\].g_col\[1\].pe/net1960,10.875µm
g_row\[0\].g_col\[0\].pe/_0603_,10.86µm
g_row\[0\].g_col\[1\].pe/_0517_,10.86µm
g_row\[1\].g_col\[1\].pe/_0748_,10.86µm
g_row\[1\].g_col\[0\].pe/net1864,10.86µm
g_row\[0\].g_col\[1\].pe/net2398,10.86µm
g_row\[0\].g_col\[1\].pe/_0589_,10.84µm
g_row\[0\].g_col\[1\].pe/_1032_,10.84µm
g_row\[0\].g_col\[1\].pe/_1185_,10.84µm
g_row\[1\].g_col\[0\].pe/_1273_,10.84µm
g_row\[0\].g_col\[0\].pe/net2299,10.84µm
g_row\[0\].g_col\[0\].pe/_0853_,10.82µm
g_row\[0\].g_col\[0\].pe/_0942_,10.82µm
g_row\[1\].g_col\[0\].pe/_1236_,10.82µm
g_row\[1\].g_col\[1\].pe/_0839_,10.82µm
g_row\[0\].g_col\[0\].pe/_0147_,10.8µm
g_row\[0\].g_col\[0\].pe/_1130_,10.8µm
g_row\[0\].g_col\[0\].pe/valid_s0,10.8µm
g_row\[0\].g_col\[1\].pe/_0818_,10.8µm
g_row\[1\].g_col\[1\].pe/_0105_,10.8µm
g_row\[0\].g_col\[1\].pe/net3005,10.785µm
g_row\[1\].g_col\[0\].pe/_1032_,10.78µm
g_row\[1\].g_col\[0\].pe/net1763,10.78µm
g_row\[0\].g_col\[0\].pe/net2283,10.775µm
g_row\[0\].g_col\[0\].pe/_0184_,10.76µm
g_row\[1\].g_col\[0\].pe/_1013_,10.76µm
g_row\[1\].g_col\[0\].pe/_1188_,10.76µm
g_row\[1\].g_col\[1\].pe/_0688_,10.76µm
g_row\[1\].g_col\[1\].pe/_1206_,10.76µm
g_row\[0\].g_col\[0\].pe/_0028_,10.755µm
g_row\[0\].g_col\[0\].pe/_0593_,10.74µm
g_row\[0\].g_col\[0\].pe/_1331_,10.74µm
g_row\[0\].g_col\[1\].pe/_1190_,10.74µm
g_row\[1\].g_col\[0\].pe/_0094_,10.74µm
g_row\[1\].g_col\[0\].pe/_0604_,10.74µm
g_row\[1\].g_col\[0\].pe/_1310_,10.74µm
g_row\[0\].g_col\[1\].pe/net2397,10.74µm
net1355,10.72µm
g_row\[0\].g_col\[0\].pe/_0217_,10.72µm
g_row\[0\].g_col\[0\].pe/_1030_,10.72µm
g_row\[0\].g_col\[1\].pe/_0497_,10.72µm
g_row\[0\].g_col\[1\].pe/_0920_,10.72µm
g_row\[1\].g_col\[0\].pe/_0322_,10.72µm
g_row\[1\].g_col\[0\].pe/_0839_,10.72µm
g_row\[1\].g_col\[0\].pe/_1122_,10.72µm
g_row\[1\].g_col\[1\].pe/net1963,10.715µm
g_row\[0\].g_col\[0\].pe/_0893_,10.71µm
g_row\[0\].g_col\[0\].pe/_0021_,10.705µm
g_row\[0\].g_col\[0\].pe/_0492_,10.7µm
g_row\[0\].g_col\[0\].pe/_1045_,10.7µm
g_row\[0\].g_col\[1\].pe/_0546_,10.7µm
g_row\[1\].g_col\[1\].pe/_0300_,10.7µm
g_row\[1\].g_col\[1\].pe/_0978_,10.7µm
g_row\[1\].g_col\[0\].pe/net2053,10.695µm
results_flat[48],10.69µm
g_row\[0\].g_col\[0\].pe/_0493_,10.685µm
g_row\[0\].g_col\[1\].pe/_1188_,10.68µm
g_row\[1\].g_col\[0\].pe/_0525_,10.68µm
g_row\[1\].g_col\[1\].pe/_0053_,10.68µm
g_row\[0\].g_col\[1\].pe/_0596_,10.67µm
g_row\[0\].g_col\[0\].pe/_0253_,10.66µm
g_row\[0\].g_col\[0\].pe/_0738_,10.66µm
g_row\[0\].g_col\[0\].pe/valid_s1,10.66µm
g_row\[0\].g_col\[1\].pe/_1261_,10.66µm
g_row\[1\].g_col\[0\].pe/_0543_,10.66µm
g_row\[1\].g_col\[1\].pe/_0319_,10.66µm
g_row\[1\].g_col\[1\].pe/_0406_,10.66µm
g_row\[1\].g_col\[1\].pe/_0581_,10.66µm
g_row\[1\].g_col\[1\].pe/net1816,10.66µm
g_row\[0\].g_col\[0\].pe/_1329_,10.64µm
net2525,10.64µm
g_row\[1\].g_col\[1\].pe/net1944,10.635µm
g_row\[1\].g_col\[0\].pe/_0242_,10.63µm
g_row\[0\].g_col\[0\].pe/net2022,10.625µm
g_row\[0\].g_col\[1\].pe/_0251_,10.62µm
g_row\[0\].g_col\[1\].pe/_1195_,10.62µm
g_row\[1\].g_col\[0\].pe/_0684_,10.62µm
g_row\[1\].g_col\[0\].pe/_0943_,10.62µm
g_row\[0\].g_col\[1\].pe/net1852,10.62µm
g_row\[1\].g_col\[0\].pe/net1936,10.62µm
g_row\[0\].g_col\[0\].pe/_0155_,10.6µm
g_row\[0\].g_col\[0\].pe/_0571_,10.6µm
g_row\[0\].g_col\[0\].pe/_0601_,10.6µm
g_row\[1\].g_col\[1\].pe/_0981_,10.59µm
g_row\[1\].g_col\[1\].pe/net1641,10.585µm
g_row\[0\].g_col\[0\].pe/_1150_,10.58µm
g_row\[0\].g_col\[1\].pe/_0275_,10.58µm
g_row\[0\].g_col\[1\].pe/_0993_,10.58µm
g_row\[1\].g_col\[0\].pe/_0052_,10.58µm
g_row\[1\].g_col\[0\].pe/_0440_,10.58µm
g_row\[1\].g_col\[1\].pe/_0083_,10.58µm
g_row\[1\].g_col\[1\].pe/_0861_,10.58µm
g_row\[1\].g_col\[1\].pe/_1258_,10.58µm
net3162,10.58µm
net3513,10.58µm
net3554,10.58µm
g_row\[0\].g_col\[0\].pe/_1144_,10.575µm
g_row\[1\].g_col\[0\].pe/_1150_,10.56µm
g_row\[1\].g_col\[0\].pe/_0259_,10.55µm
g_row\[0\].g_col\[0\].pe/_1096_,10.54µm
g_row\[0\].g_col\[1\].pe/_0880_,10.54µm
g_row\[1\].g_col\[0\].pe/_0655_,10.54µm
g_row\[1\].g_col\[0\].pe/_0916_,10.54µm
net1598,10.54µm
net3326,10.54µm
net3527,10.52µm
g_row\[1\].g_col\[0\].pe/net1732,10.505µm
g_row\[0\].g_col\[1\].pe/net2363,10.505µm
_097_,10.5µm
g_row\[0\].g_col\[0\].pe/_0404_,10.5µm
g_row\[0\].g_col\[0\].pe/_1249_,10.5µm
g_row\[0\].g_col\[0\].pe/_1300_,10.5µm
g_row\[0\].g_col\[1\].pe/_0333_,10.5µm
g_row\[0\].g_col\[1\].pe/r2_mantissa\[5\],10.5µm
g_row\[1\].g_col\[0\].pe/_0003_,10.5µm
g_row\[1\].g_col\[0\].pe/_0237_,10.5µm
g_row\[1\].g_col\[0\].pe/_0453_,10.5µm
g_row\[1\].g_col\[0\].pe/_1046_,10.5µm
g_row\[1\].g_col\[1\].pe/_0925_,10.5µm
g_row\[1\].g_col\[1\].pe/_1207_,10.5µm
g_row\[1\].g_col\[1\].pe/net1942,10.5µm
b_wire\[3\]\[2\],10.48µm
g_row\[0\].g_col\[1\].pe/_0436_,10.46µm
g_row\[0\].g_col\[1\].pe/_0730_,10.46µm
net2169,10.46µm
net3190,10.46µm
g_row\[0\].g_col\[0\].pe/_0080_,10.44µm
g_row\[1\].g_col\[1\].pe/_0739_,10.44µm
net3525,10.44µm
g_row\[0\].g_col\[0\].pe/_0325_,10.43µm
g_row\[0\].g_col\[0\].pe/_0108_,10.42µm
g_row\[0\].g_col\[0\].pe/_0247_,10.42µm
g_row\[0\].g_col\[0\].pe/_1018_,10.42µm
g_row\[1\].g_col\[0\].pe/_0566_,10.42µm
g_row\[1\].g_col\[0\].pe/_0932_,10.42µm
g_row\[1\].g_col\[1\].pe/_1232_,10.42µm
g_row\[0\].g_col\[0\].pe/_0417_,10.4µm
g_row\[0\].g_col\[0\].pe/_0624_,10.4µm
g_row\[0\].g_col\[1\].pe/_0248_,10.4µm
g_row\[1\].g_col\[0\].pe/_1319_,10.4µm
g_row\[1\].g_col\[1\].pe/_0180_,10.4µm
g_row\[0\].g_col\[0\].pe/_1011_,10.38µm
g_row\[0\].g_col\[1\].pe/_0719_,10.38µm
g_row\[1\].g_col\[0\].pe/_1186_,10.38µm
g_row\[1\].g_col\[0\].pe/_0325_,10.37µm
g_row\[0\].g_col\[1\].pe/_0158_,10.36µm
g_row\[1\].g_col\[0\].pe/_0125_,10.36µm
g_row\[1\].g_col\[0\].pe/_0564_,10.36µm
net2579,10.36µm
g_row\[0\].g_col\[0\].pe/_0684_,10.34µm
g_row\[1\].g_col\[1\].pe/_1264_,10.34µm
g_row\[1\].g_col\[0\].pe/net1773,10.34µm
g_row\[0\].g_col\[0\].pe/net2026,10.335µm
g_row\[0\].g_col\[0\].pe/r2_sign,10.32µm
g_row\[0\].g_col\[1\].pe/_0083_,10.32µm
g_row\[0\].g_col\[1\].pe/_0462_,10.32µm
g_row\[1\].g_col\[0\].pe/_0313_,10.32µm
g_row\[1\].g_col\[0\].pe/_0406_,10.32µm
g_row\[1\].g_col\[0\].pe/_0444_,10.32µm
g_row\[1\].g_col\[0\].pe/_0529_,10.32µm
g_row\[1\].g_col\[1\].pe/_0068_,10.32µm
g_row\[1\].g_col\[1\].pe/_0542_,10.32µm
net1577,10.32µm
g_row\[0\].g_col\[1\].pe/net2187,10.32µm
g_row\[0\].g_col\[1\].pe/net2390,10.32µm
net2738,10.32µm
g_row\[0\].g_col\[0\].pe/_0432_,10.3µm
g_row\[1\].g_col\[1\].pe/_0607_,10.3µm
g_row\[0\].g_col\[0\].pe/_1280_,10.28µm
g_row\[0\].g_col\[1\].pe/_0892_,10.28µm
g_row\[1\].g_col\[0\].pe/_0368_,10.28µm
g_row\[1\].g_col\[0\].pe/_0997_,10.28µm
g_row\[1\].g_col\[0\].pe/_1318_,10.28µm
g_row\[1\].g_col\[0\].pe/net1822,10.28µm
g_row\[1\].g_col\[1\].pe/net1965,10.28µm
g_row\[0\].g_col\[0\].pe/_0264_,10.26µm
g_row\[0\].g_col\[0\].pe/_1184_,10.26µm
g_row\[0\].g_col\[1\].pe/_0303_,10.26µm
g_row\[1\].g_col\[0\].pe/_1183_,10.26µm
g_row\[0\].g_col\[0\].pe/_0337_,10.24µm
g_row\[0\].g_col\[1\].pe/_0349_,10.24µm
g_row\[0\].g_col\[1\].pe/_0819_,10.24µm
g_row\[1\].g_col\[0\].pe/_0235_,10.24µm
g_row\[1\].g_col\[0\].pe/_0971_,10.24µm
g_row\[1\].g_col\[1\].pe/_0434_,10.24µm
g_row\[1\].g_col\[1\].pe/_1146_,10.24µm
g_row\[1\].g_col\[1\].pe/net1670,10.24µm
g_row\[0\].g_col\[0\].pe/_0207_,10.22µm
g_row\[0\].g_col\[0\].pe/_1243_,10.22µm
g_row\[1\].g_col\[1\].pe/_1236_,10.2µm
g_row\[0\].g_col\[1\].pe/net1847,10.2µm
g_row\[1\].g_col\[0\].pe/net2816,10.2µm
g_row\[0\].g_col\[0\].pe/net3067,10.2µm
g_row\[0\].g_col\[1\].pe/_0111_,10.19µm
g_row\[0\].g_col\[0\].pe/_1199_,10.185µm
g_row\[0\].g_col\[0\].pe/_0775_,10.18µm
g_row\[0\].g_col\[1\].pe/_1298_,10.18µm
g_row\[0\].g_col\[1\].pe/r3_prod_mant\[7\],10.18µm
g_row\[0\].g_col\[1\].pe/_0882_,10.17µm
g_row\[0\].g_col\[0\].pe/_0783_,10.16µm
g_row\[0\].g_col\[0\].pe/_1146_,10.16µm
g_row\[0\].g_col\[1\].pe/_0266_,10.16µm
g_row\[1\].g_col\[0\].pe/_0315_,10.16µm
g_row\[1\].g_col\[0\].pe/_1075_,10.16µm
g_row\[1\].g_col\[1\].pe/_0116_,10.16µm
g_row\[1\].g_col\[1\].pe/_0431_,10.16µm
g_row\[1\].g_col\[0\].pe/_0867_,10.15µm
g_row\[0\].g_col\[0\].pe/_0180_,10.135µm
g_row\[0\].g_col\[0\].pe/_0805_,10.12µm
g_row\[1\].g_col\[1\].pe/_0080_,10.12µm
net1472,10.12µm
g_row\[0\].g_col\[0\].pe/net2888,10.12µm
net3493,10.12µm
g_row\[0\].g_col\[1\].pe/_0599_,10.09µm
g_row\[0\].g_col\[1\].pe/net2337,10.085µm
g_row\[0\].g_col\[1\].pe/_0346_,10.08µm
g_row\[0\].g_col\[1\].pe/_1263_,10.08µm
g_row\[1\].g_col\[0\].pe/_0334_,10.08µm
g_row\[1\].g_col\[1\].pe/_1192_,10.08µm
g_row\[1\].g_col\[0\].pe/net2849,10.08µm
g_row\[0\].g_col\[0\].pe/_1029_,10.06µm
g_row\[1\].g_col\[0\].pe/_1124_,10.06µm
g_row\[1\].g_col\[1\].pe/_1087_,10.06µm
g_row\[1\].g_col\[1\].pe/net1989,10.06µm
g_row\[0\].g_col\[0\].pe/_0397_,10.04µm
g_row\[0\].g_col\[0\].pe/_1037_,10.04µm
g_row\[0\].g_col\[0\].pe/_1038_,10.04µm
g_row\[1\].g_col\[0\].pe/_0773_,10.04µm
g_row\[1\].g_col\[0\].pe/_1038_,10.04µm
g_row\[1\].g_col\[0\].pe/_1118_,10.04µm
g_row\[1\].g_col\[1\].pe/_0058_,10.04µm
g_row\[1\].g_col\[1\].pe/_0245_,10.04µm
g_row\[1\].g_col\[0\].pe/net3080,10.04µm
g_row\[1\].g_col\[0\].pe/net1901,10.035µm
g_row\[0\].g_col\[1\].pe/_0374_,10.02µm
net1618,10.02µm
net3478,10.02µm
g_row\[0\].g_col\[1\].pe/_0184_,10.01µm
g_row\[0\].g_col\[0\].pe/_1129_,10µm
g_row\[0\].g_col\[1\].pe/_1084_,10µm
g_row\[0\].g_col\[1\].pe/_1093_,10µm
g_row\[1\].g_col\[0\].pe/_0966_,10µm
g_row\[1\].g_col\[1\].pe/_0059_,10µm
g_row\[0\].g_col\[0\].pe/net2152,10µm
net3434,10µm
g_row\[0\].g_col\[0\].pe/_0508_,9.98µm
g_row\[0\].g_col\[0\].pe/_0858_,9.98µm
g_row\[1\].g_col\[0\].pe/_0909_,9.98µm
g_row\[1\].g_col\[1\].pe/_0697_,9.98µm
g_row\[1\].g_col\[1\].pe/r3_prod_mant\[14\],9.98µm
g_row\[0\].g_col\[0\].pe/_0333_,9.97µm
g_row\[0\].g_col\[0\].pe/_0109_,9.94µm
g_row\[0\].g_col\[0\].pe/_0511_,9.94µm
g_row\[0\].g_col\[0\].pe/_0771_,9.94µm
g_row\[0\].g_col\[0\].pe/_1294_,9.94µm
g_row\[0\].g_col\[1\].pe/_0703_,9.94µm
g_row\[1\].g_col\[0\].pe/_1327_,9.94µm
g_row\[1\].g_col\[1\].pe/_0018_,9.94µm
g_row\[1\].g_col\[1\].pe/_0732_,9.94µm
g_row\[1\].g_col\[1\].pe/_1332_,9.94µm
net1438,9.94µm
net1521,9.94µm
net2593,9.94µm
g_row\[0\].g_col\[1\].pe/net3082,9.94µm
g_row\[1\].g_col\[1\].pe/net3115,9.94µm
g_row\[1\].g_col\[0\].pe/_0780_,9.93µm
g_row\[1\].g_col\[1\].pe/_0246_,9.93µm
g_row\[0\].g_col\[1\].pe/_0938_,9.92µm
g_row\[1\].g_col\[1\].pe/_0815_,9.92µm
g_row\[1\].g_col\[1\].pe/net1645,9.92µm
g_row\[0\].g_col\[0\].pe/net2006,9.905µm
g_row\[0\].g_col\[0\].pe/_0926_,9.9µm
g_row\[0\].g_col\[1\].pe/_0230_,9.9µm
g_row\[0\].g_col\[1\].pe/_1253_,9.9µm
g_row\[0\].g_col\[1\].pe/net2215,9.9µm
net2465,9.9µm
g_row\[1\].g_col\[1\].pe/net3087,9.9µm
g_row\[1\].g_col\[1\].pe/_0205_,9.895µm
g_row\[0\].g_col\[1\].pe/_0446_,9.88µm
g_row\[0\].g_col\[1\].pe/_0950_,9.88µm
g_row\[1\].g_col\[0\].pe/_1224_,9.88µm
g_row\[0\].g_col\[1\].pe/net2951,9.88µm
g_row\[1\].g_col\[0\].pe/net3016,9.88µm
g_row\[0\].g_col\[1\].pe/_0239_,9.86µm
g_row\[0\].g_col\[1\].pe/_1332_,9.86µm
g_row\[1\].g_col\[0\].pe/_0020_,9.86µm
g_row\[1\].g_col\[1\].pe/_0340_,9.86µm
g_row\[1\].g_col\[1\].pe/net1817,9.86µm
g_row\[1\].g_col\[1\].pe/net2884,9.86µm
net3142,9.86µm
net3544,9.86µm
g_row\[0\].g_col\[0\].pe/_1009_,9.85µm
g_row\[0\].g_col\[0\].pe/_0441_,9.84µm
g_row\[1\].g_col\[1\].pe/_0275_,9.84µm
g_row\[0\].g_col\[0\].pe/_0703_,9.82µm
g_row\[0\].g_col\[1\].pe/_1038_,9.82µm
g_row\[1\].g_col\[0\].pe/_1198_,9.82µm
g_row\[1\].g_col\[1\].pe/_0290_,9.82µm
g_row\[1\].g_col\[1\].pe/_0360_,9.82µm
g_row\[1\].g_col\[1\].pe/_0945_,9.82µm
g_row\[1\].g_col\[1\].pe/_1067_,9.82µm
g_row\[1\].g_col\[1\].pe/net1643,9.82µm
g_row\[0\].g_col\[0\].pe/net2249,9.82µm
g_row\[0\].g_col\[0\].pe/_0835_,9.8µm
g_row\[1\].g_col\[0\].pe/_0475_,9.8µm
g_row\[1\].g_col\[1\].pe/_1014_,9.8µm
g_row\[0\].g_col\[0\].pe/_0282_,9.78µm
g_row\[0\].g_col\[0\].pe/_0584_,9.78µm
g_row\[0\].g_col\[1\].pe/_0395_,9.78µm
g_row\[0\].g_col\[1\].pe/_0796_,9.78µm
g_row\[1\].g_col\[0\].pe/_1289_,9.78µm
g_row\[1\].g_col\[1\].pe/_0529_,9.78µm
g_row\[1\].g_col\[1\].pe/_1141_,9.78µm
g_row\[0\].g_col\[1\].pe/_0263_,9.77µm
g_row\[0\].g_col\[1\].pe/_0577_,9.76µm
g_row\[1\].g_col\[1\].pe/_0934_,9.76µm
g_row\[0\].g_col\[1\].pe/_0894_,9.73µm
g_row\[0\].g_col\[0\].pe/_0293_,9.72µm
g_row\[0\].g_col\[1\].pe/_0223_,9.72µm
g_row\[0\].g_col\[1\].pe/_0382_,9.72µm
g_row\[0\].g_col\[1\].pe/_0390_,9.72µm
g_row\[0\].g_col\[1\].pe/_0401_,9.72µm
g_row\[1\].g_col\[1\].pe/_1017_,9.72µm
g_row\[0\].g_col\[1\].pe/_1020_,9.7µm
g_row\[0\].g_col\[1\].pe/_1125_,9.7µm
g_row\[1\].g_col\[0\].pe/_0782_,9.7µm
g_row\[1\].g_col\[0\].pe/_0830_,9.7µm
g_row\[1\].g_col\[0\].pe/_0879_,9.7µm
g_row\[1\].g_col\[1\].pe/_0097_,9.7µm
g_row\[1\].g_col\[1\].pe/_0209_,9.7µm
g_row\[1\].g_col\[1\].pe/_0416_,9.7µm
g_row\[1\].g_col\[1\].pe/_0571_,9.68µm
g_row\[0\].g_col\[0\].pe/_0138_,9.66µm
g_row\[0\].g_col\[0\].pe/_0801_,9.66µm
g_row\[0\].g_col\[0\].pe/_0956_,9.66µm
g_row\[0\].g_col\[1\].pe/_0826_,9.66µm
g_row\[0\].g_col\[1\].pe/_0941_,9.66µm
g_row\[0\].g_col\[1\].pe/_1105_,9.66µm
g_row\[0\].g_col\[1\].pe/_1225_,9.66µm
g_row\[1\].g_col\[0\].pe/_0070_,9.66µm
net1504,9.66µm
g_row\[1\].g_col\[0\].pe/net1743,9.66µm
g_row\[1\].g_col\[0\].pe/net1819,9.66µm
g_row\[1\].g_col\[0\].pe/net1821,9.66µm
g_row\[0\].g_col\[1\].pe/net2336,9.66µm
g_row\[1\].g_col\[1\].pe/_1215_,9.65µm
g_row\[1\].g_col\[0\].pe/_0223_,9.64µm
g_row\[0\].g_col\[0\].pe/_0882_,9.63µm
g_row\[0\].g_col\[0\].pe/_0916_,9.63µm
g_row\[0\].g_col\[0\].pe/_0170_,9.62µm
g_row\[0\].g_col\[0\].pe/_0429_,9.62µm
g_row\[0\].g_col\[1\].pe/_0481_,9.62µm
g_row\[1\].g_col\[1\].pe/_0377_,9.62µm
g_row\[1\].g_col\[1\].pe/_0393_,9.62µm
net3136,9.6µm
g_row\[0\].g_col\[0\].pe/net2003,9.585µm
g_row\[0\].g_col\[1\].pe/_1024_,9.58µm
g_row\[1\].g_col\[0\].pe/_0596_,9.58µm
g_row\[0\].g_col\[1\].pe/net2351,9.58µm
net1302,9.56µm
g_row\[0\].g_col\[0\].pe/_0393_,9.56µm
g_row\[1\].g_col\[1\].pe/_0183_,9.55µm
g_row\[0\].g_col\[0\].pe/_1054_,9.54µm
g_row\[0\].g_col\[0\].pe/_1156_,9.54µm
g_row\[0\].g_col\[1\].pe/_0183_,9.54µm
g_row\[1\].g_col\[0\].pe/_0427_,9.54µm
g_row\[1\].g_col\[1\].pe/_1145_,9.54µm
g_row\[1\].g_col\[1\].pe/net3075,9.54µm
g_row\[1\].g_col\[1\].pe/_0763_,9.525µm
g_row\[0\].g_col\[0\].pe/_0011_,9.52µm
g_row\[0\].g_col\[0\].pe/_0530_,9.52µm
g_row\[0\].g_col\[1\].pe/_0050_,9.52µm
g_row\[0\].g_col\[1\].pe/_0852_,9.52µm
g_row\[1\].g_col\[0\].pe/_1018_,9.52µm
g_row\[1\].g_col\[1\].pe/_0192_,9.52µm
g_row\[1\].g_col\[1\].pe/_1005_,9.52µm
net2463,9.52µm
g_row\[0\].g_col\[0\].pe/_0185_,9.5µm
g_row\[0\].g_col\[0\].pe/_0776_,9.5µm
g_row\[1\].g_col\[1\].pe/_1322_,9.5µm
g_row\[0\].g_col\[1\].pe/_0498_,9.495µm
g_row\[0\].g_col\[0\].pe/_0318_,9.48µm
g_row\[0\].g_col\[0\].pe/_0386_,9.48µm
g_row\[0\].g_col\[1\].pe/_0467_,9.48µm
g_row\[1\].g_col\[1\].pe/_1319_,9.48µm
g_row\[1\].g_col\[1\].pe/net1662,9.48µm
net3226,9.48µm
g_row\[0\].g_col\[0\].pe/_0266_,9.46µm
g_row\[0\].g_col\[1\].pe/_1003_,9.46µm
g_row\[1\].g_col\[0\].pe/_0228_,9.46µm
g_row\[1\].g_col\[1\].pe/_0107_,9.46µm
g_row\[1\].g_col\[1\].pe/_0305_,9.46µm
g_row\[0\].g_col\[0\].pe/_0992_,9.45µm
g_row\[0\].g_col\[1\].pe/_0081_,9.44µm
g_row\[0\].g_col\[1\].pe/_1087_,9.44µm
g_row\[0\].g_col\[1\].pe/_1117_,9.44µm
g_row\[1\].g_col\[0\].pe/_0197_,9.44µm
g_row\[1\].g_col\[0\].pe/_0733_,9.44µm
g_row\[1\].g_col\[0\].pe/_0921_,9.44µm
net2641,9.44µm
g_row\[0\].g_col\[0\].pe/net2885,9.44µm
g_row\[0\].g_col\[0\].pe/_0578_,9.42µm
g_row\[0\].g_col\[0\].pe/_1083_,9.42µm
g_row\[0\].g_col\[0\].pe/_1310_,9.42µm
g_row\[0\].g_col\[1\].pe/_0688_,9.42µm
g_row\[1\].g_col\[1\].pe/_1082_,9.42µm
g_row\[0\].g_col\[0\].pe/_1206_,9.4µm
g_row\[0\].g_col\[1\].pe/_0778_,9.4µm
g_row\[1\].g_col\[0\].pe/_0099_,9.4µm
g_row\[1\].g_col\[0\].pe/_0844_,9.4µm
g_row\[0\].g_col\[1\].pe/net2376,9.4µm
g_row\[1\].g_col\[0\].pe/_0316_,9.38µm
g_row\[1\].g_col\[1\].pe/_1220_,9.38µm
net3207,9.38µm
g_row\[1\].g_col\[1\].pe/_0049_,9.365µm
g_row\[0\].g_col\[0\].pe/_1267_,9.36µm
g_row\[0\].g_col\[1\].pe/_0094_,9.36µm
g_row\[1\].g_col\[1\].pe/_0369_,9.36µm
g_row\[1\].g_col\[1\].pe/_0463_,9.36µm
g_row\[1\].g_col\[1\].pe/_0809_,9.36µm
g_row\[1\].g_col\[1\].pe/_1179_,9.36µm
g_row\[1\].g_col\[1\].pe/net2979,9.36µm
g_row\[0\].g_col\[0\].pe/_0411_,9.34µm
g_row\[0\].g_col\[0\].pe/_1327_,9.34µm
g_row\[0\].g_col\[1\].pe/_0604_,9.34µm
g_row\[1\].g_col\[1\].pe/_0165_,9.34µm
g_row\[1\].g_col\[1\].pe/_0911_,9.34µm
b_wire\[0\]\[7\],9.32µm
g_row\[0\].g_col\[1\].pe/_1316_,9.32µm
g_row\[1\].g_col\[0\].pe/_0054_,9.32µm
g_row\[1\].g_col\[0\].pe/_1266_,9.32µm
g_row\[1\].g_col\[1\].pe/_0553_,9.32µm
g_row\[1\].g_col\[1\].pe/_1281_,9.32µm
g_row\[1\].g_col\[0\].pe/net3000,9.32µm
net3364,9.32µm
g_row\[0\].g_col\[0\].pe/_0143_,9.3µm
g_row\[1\].g_col\[1\].pe/_0329_,9.29µm
g_row\[0\].g_col\[0\].pe/_1131_,9.28µm
g_row\[0\].g_col\[1\].pe/_0396_,9.28µm
g_row\[1\].g_col\[1\].pe/_0483_,9.28µm
g_row\[1\].g_col\[0\].pe/net3089,9.28µm
g_row\[0\].g_col\[0\].pe/_1193_,9.26µm
g_row\[0\].g_col\[1\].pe/_1303_,9.26µm
g_row\[1\].g_col\[1\].pe/net2139,9.245µm
g_row\[0\].g_col\[0\].pe/_0210_,9.24µm
g_row\[0\].g_col\[0\].pe/_0260_,9.24µm
g_row\[0\].g_col\[0\].pe/_1023_,9.24µm
g_row\[0\].g_col\[1\].pe/_0127_,9.24µm
g_row\[0\].g_col\[1\].pe/_0791_,9.24µm
g_row\[0\].g_col\[1\].pe/_0956_,9.24µm
g_row\[0\].g_col\[1\].pe/_1266_,9.24µm
net1423,9.24µm
g_row\[1\].g_col\[0\].pe/_0065_,9.24µm
g_row\[1\].g_col\[0\].pe/_0526_,9.24µm
g_row\[1\].g_col\[0\].pe/_0976_,9.24µm
g_row\[1\].g_col\[0\].pe/_0989_,9.24µm
g_row\[1\].g_col\[0\].pe/_1299_,9.24µm
g_row\[1\].g_col\[1\].pe/_0218_,9.24µm
g_row\[1\].g_col\[1\].pe/_0280_,9.24µm
g_row\[1\].g_col\[1\].pe/_1117_,9.24µm
g_row\[1\].g_col\[1\].pe/_1125_,9.24µm
g_row\[1\].g_col\[1\].pe/_1142_,9.23µm
g_row\[0\].g_col\[1\].pe/_0769_,9.22µm
g_row\[1\].g_col\[0\].pe/net1784,9.22µm
g_row\[0\].g_col\[1\].pe/_0150_,9.21µm
g_row\[0\].g_col\[0\].pe/_0714_,9.2µm
g_row\[0\].g_col\[1\].pe/_0650_,9.2µm
g_row\[1\].g_col\[0\].pe/_0062_,9.2µm
g_row\[1\].g_col\[1\].pe/_0033_,9.2µm
g_row\[1\].g_col\[1\].pe/_0999_,9.2µm
g_row\[1\].g_col\[1\].pe/_1021_,9.2µm
clknet_leaf_83_clk,9.2µm
g_row\[0\].g_col\[1\].pe/net1854,9.2µm
g_row\[1\].g_col\[0\].pe/net1871,9.2µm
g_row\[1\].g_col\[0\].pe/net2894,9.2µm
g_row\[0\].g_col\[0\].pe/net3111,9.2µm
g_row\[0\].g_col\[0\].pe/_0067_,9.18µm
g_row\[0\].g_col\[0\].pe/_0255_,9.18µm
g_row\[0\].g_col\[1\].pe/net2145,9.18µm
g_row\[1\].g_col\[0\].pe/net2048,9.175µm
g_row\[0\].g_col\[0\].pe/_1301_,9.16µm
g_row\[0\].g_col\[1\].pe/_1301_,9.16µm
g_row\[1\].g_col\[0\].pe/_0131_,9.16µm
g_row\[1\].g_col\[0\].pe/_0191_,9.16µm
g_row\[1\].g_col\[1\].pe/_0703_,9.16µm
g_row\[1\].g_col\[1\].pe/_0956_,9.15µm
g_row\[0\].g_col\[0\].pe/_0447_,9.14µm
g_row\[0\].g_col\[0\].pe/_1302_,9.14µm
g_row\[0\].g_col\[1\].pe/_1011_,9.14µm
g_row\[0\].g_col\[1\].pe/_1015_,9.14µm
g_row\[1\].g_col\[0\].pe/_0225_,9.14µm
g_row\[0\].g_col\[1\].pe/_1146_,9.12µm
g_row\[1\].g_col\[0\].pe/_0004_,9.12µm
g_row\[1\].g_col\[0\].pe/_0199_,9.12µm
g_row\[1\].g_col\[0\].pe/_0282_,9.12µm
g_row\[1\].g_col\[0\].pe/_0675_,9.12µm
g_row\[1\].g_col\[0\].pe/_1187_,9.12µm
g_row\[0\].g_col\[0\].pe/net2976,9.12µm
g_row\[0\].g_col\[0\].pe/_0262_,9.08µm
g_row\[0\].g_col\[1\].pe/_0110_,9.08µm
g_row\[1\].g_col\[0\].pe/_0501_,9.08µm
g_row\[1\].g_col\[1\].pe/_0526_,9.08µm
g_row\[1\].g_col\[1\].pe/_1184_,9.08µm
g_row\[0\].g_col\[1\].pe/_0204_,9.06µm
g_row\[0\].g_col\[1\].pe/_0298_,9.06µm
g_row\[0\].g_col\[1\].pe/_1175_,9.06µm
g_row\[1\].g_col\[0\].pe/_0737_,9.06µm
g_row\[1\].g_col\[1\].pe/_0060_,9.06µm
g_row\[1\].g_col\[1\].pe/_1118_,9.06µm
g_row\[1\].g_col\[0\].pe/_0801_,9.05µm
g_row\[1\].g_col\[0\].pe/_0959_,9.05µm
g_row\[0\].g_col\[0\].pe/_0204_,9.04µm
g_row\[0\].g_col\[0\].pe/_1250_,9.04µm
g_row\[0\].g_col\[1\].pe/_0946_,9.04µm
g_row\[1\].g_col\[0\].pe/_0155_,9.04µm
g_row\[1\].g_col\[0\].pe/_0643_,9.04µm
g_row\[1\].g_col\[0\].pe/_1226_,9.04µm
g_row\[1\].g_col\[1\].pe/_1129_,9.04µm
g_row\[1\].g_col\[0\].pe/_1199_,9.035µm
g_row\[1\].g_col\[1\].pe/_0474_,9.02µm
g_row\[1\].g_col\[1\].pe/_1011_,9.02µm
g_row\[0\].g_col\[1\].pe/net2330,9.02µm
g_row\[1\].g_col\[0\].pe/net2830,9.02µm
g_row\[0\].g_col\[0\].pe/_0688_,9µm
g_row\[1\].g_col\[0\].pe/_0269_,9µm
g_row\[1\].g_col\[1\].pe/_0099_,9µm
g_row\[1\].g_col\[1\].pe/_0932_,9µm
g_row\[1\].g_col\[0\].pe/net1660,9µm
g_row\[0\].g_col\[0\].pe/_0428_,8.995µm
g_row\[0\].g_col\[0\].pe/_0504_,8.985µm
g_row\[0\].g_col\[0\].pe/_1072_,8.98µm
g_row\[0\].g_col\[1\].pe/_0759_,8.98µm
g_row\[0\].g_col\[1\].pe/_1329_,8.98µm
g_row\[1\].g_col\[0\].pe/_0150_,8.98µm
g_row\[1\].g_col\[0\].pe/_0945_,8.98µm
g_row\[1\].g_col\[0\].pe/_1275_,8.98µm
g_row\[1\].g_col\[1\].pe/_0054_,8.98µm
g_row\[1\].g_col\[1\].pe/_0239_,8.98µm
g_row\[1\].g_col\[1\].pe/_0242_,8.98µm
net3593,8.98µm
g_row\[1\].g_col\[1\].pe/_0145_,8.975µm
g_row\[0\].g_col\[0\].pe/_0929_,8.96µm
g_row\[0\].g_col\[0\].pe/_0999_,8.96µm
g_row\[0\].g_col\[1\].pe/_0128_,8.96µm
g_row\[0\].g_col\[1\].pe/_0700_,8.96µm
g_row\[1\].g_col\[0\].pe/_1156_,8.96µm
g_row\[1\].g_col\[0\].pe/r3_prod_mant\[13\],8.96µm
g_row\[1\].g_col\[1\].pe/_1135_,8.96µm
g_row\[1\].g_col\[1\].pe/_1233_,8.96µm
g_row\[1\].g_col\[1\].pe/_1336_,8.96µm
g_row\[0\].g_col\[0\].pe/_0750_,8.945µm
g_row\[0\].g_col\[0\].pe/_0520_,8.94µm
g_row\[0\].g_col\[0\].pe/_0901_,8.94µm
g_row\[1\].g_col\[0\].pe/_0494_,8.94µm
g_row\[1\].g_col\[1\].pe/valid_s1,8.94µm
g_row\[1\].g_col\[1\].pe/net1674,8.94µm
g_row\[0\].g_col\[1\].pe/_0953_,8.93µm
g_row\[1\].g_col\[0\].pe/_0953_,8.93µm
g_row\[0\].g_col\[1\].pe/net2117,8.925µm
g_row\[1\].g_col\[0\].pe/_0369_,8.92µm
g_row\[0\].g_col\[0\].pe/_0224_,8.9µm
g_row\[0\].g_col\[0\].pe/_0486_,8.9µm
g_row\[0\].g_col\[0\].pe/_1062_,8.9µm
g_row\[0\].g_col\[1\].pe/_0023_,8.9µm
g_row\[0\].g_col\[1\].pe/_0379_,8.9µm
g_row\[0\].g_col\[1\].pe/_0748_,8.9µm
g_row\[0\].g_col\[1\].pe/_1158_,8.9µm
g_row\[1\].g_col\[0\].pe/_0754_,8.9µm
g_row\[1\].g_col\[1\].pe/net1647,8.9µm
g_row\[0\].g_col\[0\].pe/net2937,8.9µm
g_row\[0\].g_col\[1\].pe/_0902_,8.895µm
g_row\[0\].g_col\[0\].pe/_0667_,8.88µm
g_row\[1\].g_col\[0\].pe/_0179_,8.88µm
g_row\[1\].g_col\[1\].pe/_1055_,8.88µm
g_row\[0\].g_col\[1\].pe/net1843,8.88µm
g_row\[0\].g_col\[0\].pe/_0088_,8.87µm
g_row\[1\].g_col\[0\].pe/_0977_,8.87µm
b_wire\[3\]\[0\],8.86µm
g_row\[0\].g_col\[0\].pe/_1118_,8.86µm
g_row\[0\].g_col\[1\].pe/_1073_,8.86µm
g_row\[1\].g_col\[0\].pe/_0121_,8.86µm
g_row\[1\].g_col\[0\].pe/_1180_,8.86µm
g_row\[1\].g_col\[1\].pe/_0276_,8.86µm
g_row\[1\].g_col\[1\].pe/_0339_,8.86µm
g_row\[1\].g_col\[1\].pe/_0860_,8.86µm
g_row\[1\].g_col\[1\].pe/net2142,8.86µm
g_row\[0\].g_col\[0\].pe/net2935,8.86µm
g_row\[0\].g_col\[1\].pe/_0112_,8.85µm
g_row\[1\].g_col\[0\].pe/_0258_,8.85µm
g_row\[1\].g_col\[1\].pe/_0797_,8.85µm
g_row\[1\].g_col\[0\].pe/_0827_,8.84µm
g_row\[1\].g_col\[1\].pe/_0792_,8.84µm
net1595,8.84µm
g_row\[0\].g_col\[1\].pe/net2342,8.84µm
g_row\[0\].g_col\[1\].pe/_0279_,8.83µm
g_row\[0\].g_col\[0\].pe/_0538_,8.82µm
g_row\[0\].g_col\[0\].pe/_1160_,8.82µm
g_row\[0\].g_col\[1\].pe/_1104_,8.82µm
g_row\[1\].g_col\[0\].pe/_0390_,8.82µm
g_row\[0\].g_col\[1\].pe/_0117_,8.8µm
g_row\[1\].g_col\[0\].pe/_0433_,8.8µm
g_row\[1\].g_col\[1\].pe/_0325_,8.79µm
g_row\[1\].g_col\[1\].pe/net2119,8.785µm
g_row\[0\].g_col\[0\].pe/net2224,8.785µm
g_row\[0\].g_col\[0\].pe/_0139_,8.78µm
g_row\[0\].g_col\[0\].pe/_0309_,8.78µm
g_row\[0\].g_col\[0\].pe/_0598_,8.78µm
g_row\[0\].g_col\[0\].pe/_0692_,8.78µm
g_row\[0\].g_col\[0\].pe/_0920_,8.78µm
g_row\[0\].g_col\[1\].pe/_0297_,8.78µm
g_row\[0\].g_col\[1\].pe/_0434_,8.78µm
g_row\[1\].g_col\[0\].pe/_0275_,8.78µm
g_row\[1\].g_col\[0\].pe/_0474_,8.78µm
g_row\[1\].g_col\[0\].pe/r3_prod_mant\[12\],8.78µm
g_row\[1\].g_col\[1\].pe/_0072_,8.78µm
g_row\[1\].g_col\[1\].pe/_0188_,8.78µm
g_row\[1\].g_col\[1\].pe/_0611_,8.78µm
g_row\[1\].g_col\[1\].pe/_0796_,8.78µm
g_row\[1\].g_col\[1\].pe/_0954_,8.78µm
net3114,8.78µm
g_row\[0\].g_col\[0\].pe/_0027_,8.775µm
g_row\[0\].g_col\[1\].pe/_0738_,8.76µm
g_row\[1\].g_col\[0\].pe/_0194_,8.76µm
g_row\[1\].g_col\[0\].pe/_1297_,8.75µm
g_row\[0\].g_col\[1\].pe/_0019_,8.74µm
g_row\[1\].g_col\[1\].pe/_0297_,8.74µm
g_row\[1\].g_col\[1\].pe/_0723_,8.74µm
g_row\[1\].g_col\[1\].pe/_0857_,8.74µm
g_row\[1\].g_col\[0\].pe/net1826,8.74µm
net2623,8.74µm
g_row\[1\].g_col\[0\].pe/_0173_,8.73µm
g_row\[0\].g_col\[0\].pe/_0206_,8.71µm
g_row\[0\].g_col\[1\].pe/_0173_,8.71µm
g_row\[0\].g_col\[1\].pe/_0328_,8.7µm
g_row\[0\].g_col\[1\].pe/_0329_,8.7µm
g_row\[1\].g_col\[0\].pe/_0254_,8.7µm
g_row\[1\].g_col\[0\].pe/_1308_,8.7µm
g_row\[1\].g_col\[1\].pe/_1198_,8.7µm
b_reg\[6\],8.68µm
g_row\[0\].g_col\[0\].pe/_0254_,8.68µm
g_row\[0\].g_col\[1\].pe/_0926_,8.68µm
g_row\[1\].g_col\[0\].pe/_0305_,8.68µm
g_row\[1\].g_col\[0\].pe/_0311_,8.68µm
g_row\[1\].g_col\[0\].pe/_0462_,8.68µm
g_row\[1\].g_col\[1\].pe/_0386_,8.68µm
g_row\[1\].g_col\[0\].pe/net3085,8.68µm
g_row\[0\].g_col\[0\].pe/_0334_,8.66µm
g_row\[0\].g_col\[1\].pe/_1290_,8.66µm
g_row\[1\].g_col\[0\].pe/_0724_,8.66µm
g_row\[1\].g_col\[1\].pe/_0903_,8.66µm
g_row\[0\].g_col\[0\].pe/net2085,8.66µm
g_row\[0\].g_col\[1\].pe/_0715_,8.65µm
g_row\[1\].g_col\[0\].pe/_0688_,8.64µm
g_row\[1\].g_col\[1\].pe/_0443_,8.64µm
g_row\[1\].g_col\[0\].pe/net2061,8.64µm
net3428,8.64µm
net1389,8.62µm
g_row\[0\].g_col\[0\].pe/_0572_,8.62µm
g_row\[0\].g_col\[1\].pe/_0378_,8.62µm
g_row\[0\].g_col\[1\].pe/_0924_,8.62µm
g_row\[0\].g_col\[1\].pe/_0973_,8.62µm
g_row\[1\].g_col\[0\].pe/_0957_,8.62µm
g_row\[1\].g_col\[1\].pe/_0467_,8.62µm
g_row\[1\].g_col\[1\].pe/_0586_,8.62µm
g_row\[1\].g_col\[1\].pe/_0773_,8.62µm
g_row\[1\].g_col\[1\].pe/_0878_,8.62µm
g_row\[1\].g_col\[1\].pe/_1006_,8.62µm
g_row\[0\].g_col\[0\].pe/_0085_,8.6µm
g_row\[1\].g_col\[1\].pe/_1216_,8.59µm
g_row\[0\].g_col\[1\].pe/_0064_,8.58µm
g_row\[0\].g_col\[1\].pe/_0156_,8.58µm
g_row\[0\].g_col\[1\].pe/_0899_,8.58µm
g_row\[1\].g_col\[0\].pe/_0928_,8.58µm
g_row\[1\].g_col\[1\].pe/_1317_,8.58µm
g_row\[1\].g_col\[0\].pe/_0332_,8.57µm
g_row\[0\].g_col\[0\].pe/net2323,8.565µm
g_row\[0\].g_col\[0\].pe/_0849_,8.56µm
g_row\[0\].g_col\[0\].pe/_1073_,8.56µm
g_row\[0\].g_col\[1\].pe/_1116_,8.56µm
g_row\[0\].g_col\[1\].pe/_1168_,8.56µm
g_row\[0\].g_col\[1\].pe/_1212_,8.56µm
g_row\[1\].g_col\[0\].pe/_0992_,8.56µm
g_row\[1\].g_col\[1\].pe/_0121_,8.56µm
g_row\[1\].g_col\[1\].pe/_0427_,8.56µm
g_row\[1\].g_col\[1\].pe/_0561_,8.56µm
g_row\[1\].g_col\[1\].pe/_0818_,8.56µm
g_row\[1\].g_col\[0\].pe/net2928,8.56µm
g_row\[0\].g_col\[0\].pe/_1161_,8.54µm
g_row\[0\].g_col\[1\].pe/_0586_,8.54µm
g_row\[0\].g_col\[1\].pe/_0868_,8.54µm
g_row\[0\].g_col\[1\].pe/_1205_,8.54µm
g_row\[1\].g_col\[0\].pe/_0863_,8.54µm
g_row\[1\].g_col\[0\].pe/_0968_,8.54µm
g_row\[1\].g_col\[0\].pe/_1238_,8.54µm
g_row\[1\].g_col\[0\].pe/_1317_,8.54µm
g_row\[1\].g_col\[1\].pe/_1243_,8.54µm
g_row\[1\].g_col\[1\].pe/_1251_,8.54µm
g_row\[1\].g_col\[1\].pe/_1267_,8.54µm
g_row\[1\].g_col\[0\].pe/_0278_,8.525µm
g_row\[0\].g_col\[1\].pe/_0909_,8.52µm
g_row\[0\].g_col\[1\].pe/_1026_,8.52µm
g_row\[1\].g_col\[0\].pe/_1249_,8.52µm
g_row\[1\].g_col\[0\].pe/_1076_,8.5µm
g_row\[1\].g_col\[0\].pe/r2_mantissa\[7\],8.5µm
g_row\[1\].g_col\[1\].pe/_0744_,8.5µm
g_row\[1\].g_col\[1\].pe/_1212_,8.5µm
net2758,8.5µm
g_row\[1\].g_col\[1\].pe/net2866,8.5µm
g_row\[0\].g_col\[0\].pe/_0431_,8.48µm
g_row\[0\].g_col\[0\].pe/_0545_,8.48µm
g_row\[0\].g_col\[1\].pe/_0575_,8.48µm
g_row\[0\].g_col\[1\].pe/_0970_,8.48µm
g_row\[1\].g_col\[1\].pe/_0131_,8.48µm
g_row\[1\].g_col\[0\].pe/net1824,8.48µm
g_row\[1\].g_col\[0\].pe/net1863,8.48µm
net3577,8.48µm
g_row\[0\].g_col\[1\].pe/_1278_,8.47µm
g_row\[1\].g_col\[0\].pe/_1300_,8.46µm
g_row\[1\].g_col\[1\].pe/_0738_,8.46µm
g_row\[1\].g_col\[1\].pe/_1193_,8.46µm
g_row\[0\].g_col\[0\].pe/_1319_,8.44µm
g_row\[0\].g_col\[1\].pe/_0218_,8.44µm
g_row\[0\].g_col\[1\].pe/_0365_,8.44µm
g_row\[0\].g_col\[1\].pe/_0557_,8.44µm
g_row\[1\].g_col\[0\].pe/_0233_,8.44µm
g_row\[1\].g_col\[1\].pe/_0380_,8.44µm
g_row\[1\].g_col\[1\].pe/_0667_,8.44µm
g_row\[1\].g_col\[1\].pe/_0979_,8.44µm
g_row\[1\].g_col\[1\].pe/_0504_,8.42µm
g_row\[0\].g_col\[0\].pe/_0494_,8.41µm
g_row\[0\].g_col\[0\].pe/_0149_,8.4µm
g_row\[0\].g_col\[0\].pe/_0749_,8.4µm
g_row\[0\].g_col\[0\].pe/_0854_,8.4µm
g_row\[0\].g_col\[0\].pe/_1082_,8.4µm
g_row\[0\].g_col\[1\].pe/_0723_,8.4µm
g_row\[1\].g_col\[0\].pe/_0443_,8.4µm
g_row\[1\].g_col\[0\].pe/_1321_,8.4µm
g_row\[1\].g_col\[1\].pe/_0175_,8.4µm
g_row\[1\].g_col\[1\].pe/_0538_,8.4µm
g_row\[1\].g_col\[1\].pe/_0601_,8.4µm
g_row\[1\].g_col\[0\].pe/net2240,8.4µm
g_row\[0\].g_col\[0\].pe/_0146_,8.37µm
g_row\[1\].g_col\[0\].pe/_0530_,8.365µm
g_row\[0\].g_col\[0\].pe/_0560_,8.36µm
g_row\[1\].g_col\[0\].pe/_0424_,8.36µm
g_row\[1\].g_col\[1\].pe/_0085_,8.36µm
g_row\[1\].g_col\[1\].pe/_0438_,8.36µm
g_row\[0\].g_col\[1\].pe/net1851,8.36µm
g_row\[0\].g_col\[1\].pe/net2039,8.36µm
g_row\[1\].g_col\[0\].pe/net2958,8.36µm
g_row\[0\].g_col\[0\].pe/_0145_,8.35µm
g_row\[0\].g_col\[0\].pe/_0844_,8.34µm
g_row\[0\].g_col\[0\].pe/_1189_,8.34µm
g_row\[0\].g_col\[1\].pe/_1100_,8.34µm
g_row\[0\].g_col\[1\].pe/_1193_,8.34µm
g_row\[1\].g_col\[1\].pe/_0521_,8.34µm
g_row\[0\].g_col\[1\].pe/net2344,8.34µm
g_row\[1\].g_col\[0\].pe/_1248_,8.335µm
g_row\[1\].g_col\[0\].pe/net2054,8.325µm
g_row\[0\].g_col\[1\].pe/_0722_,8.32µm
g_row\[0\].g_col\[1\].pe/_1148_,8.32µm
g_row\[1\].g_col\[0\].pe/_0129_,8.32µm
g_row\[1\].g_col\[0\].pe/_1029_,8.32µm
g_row\[1\].g_col\[1\].pe/_0216_,8.32µm
g_row\[1\].g_col\[1\].pe/_0953_,8.32µm
g_row\[1\].g_col\[1\].pe/_1189_,8.32µm
g_row\[0\].g_col\[0\].pe/net2301,8.32µm
g_row\[1\].g_col\[0\].pe/net2926,8.32µm
net3389,8.32µm
g_row\[0\].g_col\[0\].pe/_0015_,8.305µm
g_row\[0\].g_col\[0\].pe/_0476_,8.3µm
g_row\[0\].g_col\[1\].pe/_0741_,8.29µm
g_row\[1\].g_col\[1\].pe/_0742_,8.29µm
g_row\[1\].g_col\[0\].pe/_0361_,8.285µm
g_row\[0\].g_col\[0\].pe/_1102_,8.28µm
g_row\[1\].g_col\[0\].pe/_0872_,8.28µm
g_row\[1\].g_col\[1\].pe/_0516_,8.28µm
g_row\[1\].g_col\[1\].pe/_0819_,8.28µm
g_row\[1\].g_col\[1\].pe/_0885_,8.28µm
net3158,8.28µm
g_row\[0\].g_col\[0\].pe/_0814_,8.26µm
net1422,8.26µm
g_row\[0\].g_col\[0\].pe/_0235_,8.24µm
g_row\[1\].g_col\[0\].pe/_0033_,8.24µm
g_row\[1\].g_col\[0\].pe/_0371_,8.24µm
g_row\[1\].g_col\[0\].pe/_1145_,8.24µm
g_row\[1\].g_col\[1\].pe/_0719_,8.24µm
g_row\[1\].g_col\[1\].pe/_1304_,8.24µm
g_row\[0\].g_col\[0\].pe/_1320_,8.22µm
g_row\[1\].g_col\[0\].pe/_0253_,8.2µm
g_row\[1\].g_col\[0\].pe/_0326_,8.2µm
g_row\[1\].g_col\[0\].pe/_0382_,8.2µm
g_row\[1\].g_col\[0\].pe/_0687_,8.2µm
g_row\[1\].g_col\[0\].pe/_0956_,8.2µm
g_row\[1\].g_col\[0\].pe/_1017_,8.2µm
g_row\[1\].g_col\[1\].pe/_0031_,8.2µm
g_row\[1\].g_col\[1\].pe/_0282_,8.2µm
g_row\[1\].g_col\[0\].pe/net2929,8.2µm
b_reg\[14\],8.16µm
g_row\[0\].g_col\[1\].pe/_0951_,8.16µm
g_row\[1\].g_col\[0\].pe/_0896_,8.16µm
g_row\[1\].g_col\[0\].pe/_0515_,8.155µm
g_row\[1\].g_col\[1\].pe/_0147_,8.13µm
g_row\[0\].g_col\[0\].pe/_0419_,8.12µm
g_row\[0\].g_col\[0\].pe/_1015_,8.12µm
g_row\[1\].g_col\[0\].pe/_0422_,8.12µm
g_row\[1\].g_col\[1\].pe/_0310_,8.12µm
g_row\[1\].g_col\[1\].pe/_0684_,8.12µm
g_row\[1\].g_col\[1\].pe/_0791_,8.12µm
g_row\[1\].g_col\[0\].pe/net2852,8.115µm
g_row\[0\].g_col\[0\].pe/_1094_,8.11µm
g_row\[0\].g_col\[0\].pe/_0569_,8.1µm
g_row\[0\].g_col\[0\].pe/_1191_,8.1µm
g_row\[0\].g_col\[1\].pe/_0168_,8.1µm
g_row\[0\].g_col\[1\].pe/_1149_,8.1µm
g_row\[1\].g_col\[0\].pe/_0007_,8.1µm
g_row\[1\].g_col\[1\].pe/_0050_,8.1µm
g_row\[1\].g_col\[1\].pe/_0494_,8.1µm
g_row\[0\].g_col\[0\].pe/net2890,8.1µm
g_row\[0\].g_col\[0\].pe/_0818_,8.08µm
g_row\[0\].g_col\[1\].pe/_0692_,8.08µm
g_row\[1\].g_col\[1\].pe/_0710_,8.08µm
g_row\[1\].g_col\[1\].pe/_0960_,8.08µm
g_row\[0\].g_col\[0\].pe/_0215_,8.06µm
g_row\[1\].g_col\[0\].pe/_0083_,8.06µm
g_row\[1\].g_col\[0\].pe/_0201_,8.06µm
g_row\[1\].g_col\[0\].pe/_0471_,8.06µm
g_row\[1\].g_col\[0\].pe/_1179_,8.06µm
g_row\[1\].g_col\[1\].pe/_0162_,8.06µm
g_row\[1\].g_col\[1\].pe/_1199_,8.06µm
net2797,8.06µm
net3270,8.06µm
g_row\[0\].g_col\[0\].pe/_1241_,8.04µm
g_row\[0\].g_col\[1\].pe/_1181_,8.04µm
g_row\[1\].g_col\[1\].pe/_0446_,8.04µm
g_row\[1\].g_col\[1\].pe/_0332_,8.03µm
g_row\[1\].g_col\[0\].pe/net1726,8.025µm
g_row\[0\].g_col\[0\].pe/_0437_,8.02µm
g_row\[0\].g_col\[0\].pe/_0445_,8.02µm
g_row\[0\].g_col\[0\].pe/_0786_,8.02µm
g_row\[0\].g_col\[1\].pe/_0541_,8.02µm
g_row\[0\].g_col\[1\].pe/_0545_,8.02µm
g_row\[0\].g_col\[1\].pe/_0561_,8.02µm
g_row\[1\].g_col\[0\].pe/_0589_,8.02µm
g_row\[1\].g_col\[0\].pe/_0761_,8.02µm
g_row\[1\].g_col\[0\].pe/_1262_,8.02µm
g_row\[1\].g_col\[1\].pe/_0545_,8.02µm
g_row\[1\].g_col\[1\].pe/_0734_,8.02µm
g_row\[1\].g_col\[1\].pe/_0844_,8.02µm
g_row\[1\].g_col\[0\].pe/net1755,8.02µm
g_row\[1\].g_col\[0\].pe/net1823,8.02µm
g_row\[1\].g_col\[0\].pe/_0841_,8µm
g_row\[1\].g_col\[1\].pe/_1161_,8µm
g_row\[1\].g_col\[1\].pe/_1183_,8µm
g_row\[1\].g_col\[1\].pe/_1303_,8µm
g_row\[1\].g_col\[1\].pe/_1310_,8µm
g_row\[0\].g_col\[0\].pe/_0778_,7.98µm
g_row\[0\].g_col\[1\].pe/_0121_,7.98µm
g_row\[0\].g_col\[1\].pe/_0197_,7.98µm
g_row\[0\].g_col\[1\].pe/_0231_,7.98µm
g_row\[0\].g_col\[1\].pe/_0380_,7.98µm
g_row\[0\].g_col\[1\].pe/_1285_,7.98µm
g_row\[0\].g_col\[1\].pe/_1318_,7.98µm
g_row\[0\].g_col\[1\].pe/_1335_,7.98µm
g_row\[1\].g_col\[0\].pe/_0486_,7.98µm
g_row\[1\].g_col\[0\].pe/_0901_,7.98µm
g_row\[1\].g_col\[0\].pe/_1014_,7.98µm
g_row\[1\].g_col\[0\].pe/_1332_,7.98µm
g_row\[1\].g_col\[1\].pe/_0255_,7.98µm
g_row\[1\].g_col\[1\].pe/_0971_,7.98µm
g_row\[1\].g_col\[1\].pe/_0980_,7.98µm
g_row\[1\].g_col\[0\].pe/net1914,7.98µm
g_row\[1\].g_col\[1\].pe/_0646_,7.975µm
g_row\[0\].g_col\[1\].pe/_0503_,7.96µm
g_row\[0\].g_col\[1\].pe/_0870_,7.96µm
g_row\[1\].g_col\[1\].pe/_0850_,7.96µm
g_row\[1\].g_col\[0\].pe/_1128_,7.95µm
g_row\[1\].g_col\[0\].pe/_1130_,7.95µm
g_row\[0\].g_col\[0\].pe/net1797,7.945µm
b_wire\[1\]\[7\],7.94µm
g_row\[0\].g_col\[0\].pe/_0586_,7.94µm
g_row\[0\].g_col\[0\].pe/_0735_,7.94µm
g_row\[0\].g_col\[0\].pe/_1309_,7.94µm
g_row\[0\].g_col\[1\].pe/_0755_,7.94µm
g_row\[0\].g_col\[1\].pe/_1119_,7.94µm
g_row\[1\].g_col\[0\].pe/_0127_,7.94µm
g_row\[1\].g_col\[0\].pe/_0436_,7.94µm
g_row\[1\].g_col\[0\].pe/_0560_,7.94µm
g_row\[1\].g_col\[0\].pe/_1229_,7.94µm
g_row\[1\].g_col\[1\].pe/_0294_,7.94µm
g_row\[1\].g_col\[1\].pe/_1031_,7.94µm
net3480,7.94µm
g_row\[0\].g_col\[1\].pe/_0713_,7.93µm
g_row\[0\].g_col\[1\].pe/net2189,7.925µm
g_row\[1\].g_col\[1\].pe/_0177_,7.92µm
g_row\[1\].g_col\[1\].pe/_1318_,7.92µm
g_row\[0\].g_col\[1\].pe/_0718_,7.91µm
g_row\[1\].g_col\[0\].pe/_0718_,7.91µm
g_row\[0\].g_col\[1\].pe/_0325_,7.905µm
g_row\[0\].g_col\[0\].pe/_0743_,7.9µm
g_row\[0\].g_col\[0\].pe/_1322_,7.9µm
g_row\[0\].g_col\[1\].pe/_0270_,7.9µm
g_row\[1\].g_col\[0\].pe/_0903_,7.9µm
g_row\[1\].g_col\[0\].pe/_1048_,7.9µm
g_row\[1\].g_col\[1\].pe/_0876_,7.9µm
g_row\[1\].g_col\[1\].pe/_0970_,7.9µm
g_row\[1\].g_col\[0\].pe/net1756,7.9µm
g_row\[1\].g_col\[1\].pe/_1072_,7.88µm
g_row\[1\].g_col\[1\].pe/_1165_,7.87µm
g_row\[1\].g_col\[1\].pe/net2207,7.865µm
g_row\[0\].g_col\[0\].pe/_1089_,7.86µm
g_row\[0\].g_col\[1\].pe/_0309_,7.86µm
g_row\[0\].g_col\[1\].pe/_0383_,7.86µm
g_row\[0\].g_col\[1\].pe/_0403_,7.86µm
g_row\[0\].g_col\[1\].pe/_0768_,7.86µm
g_row\[1\].g_col\[0\].pe/_1011_,7.86µm
g_row\[1\].g_col\[0\].pe/_1197_,7.86µm
g_row\[1\].g_col\[1\].pe/_0868_,7.86µm
g_row\[1\].g_col\[1\].pe/_0949_,7.86µm
g_row\[1\].g_col\[1\].pe/net1676,7.86µm
g_row\[0\].g_col\[0\].pe/_1133_,7.85µm
g_row\[0\].g_col\[1\].pe/_1287_,7.84µm
g_row\[0\].g_col\[0\].pe/_0335_,7.82µm
g_row\[0\].g_col\[0\].pe/_0722_,7.82µm
g_row\[0\].g_col\[0\].pe/_0904_,7.82µm
g_row\[0\].g_col\[1\].pe/_0195_,7.82µm
g_row\[1\].g_col\[0\].pe/_0064_,7.82µm
g_row\[1\].g_col\[0\].pe/_0534_,7.82µm
g_row\[1\].g_col\[0\].pe/_0701_,7.82µm
g_row\[1\].g_col\[1\].pe/_0920_,7.82µm
g_row\[0\].g_col\[0\].pe/net1796,7.82µm
g_row\[1\].g_col\[0\].pe/net2111,7.82µm
net2635,7.82µm
net2657,7.82µm
g_row\[0\].g_col\[1\].pe/_0581_,7.8µm
g_row\[0\].g_col\[1\].pe/_1242_,7.79µm
g_row\[0\].g_col\[1\].pe/_0763_,7.785µm
g_row\[0\].g_col\[0\].pe/_1069_,7.78µm
g_row\[0\].g_col\[0\].pe/_1183_,7.78µm
g_row\[0\].g_col\[1\].pe/_0322_,7.78µm
g_row\[0\].g_col\[1\].pe/_0667_,7.78µm
g_row\[0\].g_col\[1\].pe/_1141_,7.78µm
g_row\[1\].g_col\[0\].pe/_0346_,7.78µm
g_row\[1\].g_col\[1\].pe/_0093_,7.78µm
g_row\[1\].g_col\[1\].pe/_0383_,7.78µm
g_row\[1\].g_col\[1\].pe/_0891_,7.78µm
net3486,7.78µm
g_row\[0\].g_col\[1\].pe/_0260_,7.76µm
g_row\[0\].g_col\[1\].pe/_0771_,7.76µm
g_row\[1\].g_col\[0\].pe/r3_prod_mant\[9\],7.76µm
g_row\[1\].g_col\[0\].pe/net2817,7.76µm
g_row\[0\].g_col\[0\].pe/_0936_,7.74µm
g_row\[0\].g_col\[1\].pe/_0770_,7.74µm
g_row\[0\].g_col\[1\].pe/_1321_,7.74µm
g_row\[1\].g_col\[0\].pe/_0732_,7.74µm
g_row\[1\].g_col\[0\].pe/_1182_,7.74µm
g_row\[1\].g_col\[0\].pe/_1243_,7.74µm
g_row\[1\].g_col\[1\].pe/_0712_,7.74µm
g_row\[1\].g_col\[1\].pe/_1296_,7.74µm
g_row\[0\].g_col\[1\].pe/_0587_,7.72µm
g_row\[1\].g_col\[1\].pe/_0228_,7.72µm
g_row\[1\].g_col\[1\].pe/_0358_,7.72µm
g_row\[0\].g_col\[0\].pe/_0660_,7.71µm
net1304,7.7µm
g_row\[1\].g_col\[0\].pe/_0128_,7.7µm
g_row\[1\].g_col\[1\].pe/_0436_,7.7µm
g_row\[1\].g_col\[0\].pe/net1759,7.7µm
g_row\[0\].g_col\[0\].pe/_0297_,7.68µm
g_row\[0\].g_col\[0\].pe/_0380_,7.68µm
g_row\[1\].g_col\[0\].pe/_0759_,7.68µm
g_row\[1\].g_col\[0\].pe/net1828,7.68µm
net2553,7.68µm
g_row\[1\].g_col\[0\].pe/net2924,7.68µm
net3232,7.68µm
g_row\[0\].g_col\[1\].pe/_0893_,7.66µm
g_row\[0\].g_col\[1\].pe/_1156_,7.66µm
g_row\[1\].g_col\[0\].pe/_0711_,7.66µm
g_row\[1\].g_col\[1\].pe/_0212_,7.66µm
g_row\[1\].g_col\[1\].pe/_0223_,7.66µm
g_row\[1\].g_col\[1\].pe/_1024_,7.66µm
g_row\[0\].g_col\[0\].pe/_1119_,7.64µm
g_row\[0\].g_col\[1\].pe/_0086_,7.64µm
g_row\[1\].g_col\[0\].pe/_0467_,7.64µm
g_row\[1\].g_col\[0\].pe/_0611_,7.64µm
g_row\[1\].g_col\[0\].pe/_0705_,7.64µm
g_row\[1\].g_col\[0\].pe/_0786_,7.64µm
g_row\[1\].g_col\[1\].pe/_1069_,7.64µm
g_row\[1\].g_col\[1\].pe/net1947,7.64µm
g_row\[1\].g_col\[0\].pe/net2912,7.64µm
g_row\[0\].g_col\[0\].pe/_0278_,7.62µm
g_row\[0\].g_col\[0\].pe/_0666_,7.62µm
g_row\[0\].g_col\[0\].pe/_0897_,7.62µm
g_row\[0\].g_col\[0\].pe/_1192_,7.62µm
g_row\[1\].g_col\[0\].pe/_0554_,7.62µm
g_row\[1\].g_col\[1\].pe/_0750_,7.62µm
g_row\[0\].g_col\[0\].pe/net1800,7.605µm
g_row\[0\].g_col\[0\].pe/_0093_,7.6µm
g_row\[0\].g_col\[0\].pe/_0704_,7.6µm
g_row\[0\].g_col\[0\].pe/_1097_,7.6µm
g_row\[0\].g_col\[1\].pe/_0927_,7.6µm
g_row\[1\].g_col\[0\].pe/_1233_,7.6µm
g_row\[1\].g_col\[0\].pe/_1334_,7.6µm
g_row\[1\].g_col\[1\].pe/_1133_,7.6µm
g_row\[1\].g_col\[1\].pe/_1239_,7.6µm
net3194,7.6µm
g_row\[1\].g_col\[0\].pe/_0837_,7.59µm
g_row\[0\].g_col\[1\].pe/_0360_,7.58µm
g_row\[1\].g_col\[1\].pe/_0442_,7.58µm
g_row\[1\].g_col\[1\].pe/_0651_,7.58µm
g_row\[1\].g_col\[1\].pe/_1162_,7.58µm
g_row\[0\].g_col\[0\].pe/_0509_,7.565µm
g_row\[1\].g_col\[1\].pe/_0022_,7.565µm
g_row\[1\].g_col\[0\].pe/net1903,7.565µm
g_row\[0\].g_col\[1\].pe/_0177_,7.56µm
g_row\[0\].g_col\[1\].pe/_0474_,7.56µm
g_row\[0\].g_col\[1\].pe/_1050_,7.56µm
g_row\[1\].g_col\[0\].pe/_0510_,7.56µm
g_row\[1\].g_col\[1\].pe/_0906_,7.56µm
net3424,7.56µm
g_row\[1\].g_col\[0\].pe/r3_prod_mant\[8\],7.55µm
g_row\[1\].g_col\[1\].pe/_1136_,7.55µm
g_row\[1\].g_col\[0\].pe/net2056,7.545µm
g_row\[0\].g_col\[0\].pe/_0643_,7.54µm
g_row\[0\].g_col\[1\].pe/_0435_,7.54µm
g_row\[0\].g_col\[1\].pe/_0463_,7.54µm
g_row\[0\].g_col\[1\].pe/_0585_,7.54µm
g_row\[0\].g_col\[1\].pe/_0954_,7.54µm
g_row\[0\].g_col\[1\].pe/_1013_,7.54µm
g_row\[1\].g_col\[0\].pe/_0209_,7.54µm
g_row\[1\].g_col\[0\].pe/_0935_,7.54µm
g_row\[0\].g_col\[0\].pe/_1171_,7.53µm
g_row\[0\].g_col\[0\].pe/_0152_,7.52µm
g_row\[0\].g_col\[0\].pe/_0570_,7.52µm
g_row\[0\].g_col\[0\].pe/_0855_,7.52µm
g_row\[0\].g_col\[1\].pe/_0997_,7.52µm
g_row\[0\].g_col\[1\].pe/_1145_,7.52µm
g_row\[1\].g_col\[0\].pe/_0166_,7.52µm
g_row\[1\].g_col\[0\].pe/_0767_,7.52µm
g_row\[1\].g_col\[0\].pe/_1117_,7.52µm
g_row\[1\].g_col\[0\].pe/_1267_,7.52µm
g_row\[1\].g_col\[0\].pe/_1278_,7.52µm
g_row\[1\].g_col\[1\].pe/_0883_,7.52µm
g_row\[1\].g_col\[0\].pe/net1825,7.52µm
g_row\[1\].g_col\[0\].pe/_0345_,7.5µm
g_row\[1\].g_col\[1\].pe/_0507_,7.5µm
g_row\[1\].g_col\[1\].pe/_0663_,7.5µm
g_row\[0\].g_col\[1\].pe/_0049_,7.485µm
g_row\[1\].g_col\[0\].pe/_0021_,7.485µm
net1317,7.48µm
g_row\[0\].g_col\[0\].pe/_0557_,7.48µm
g_row\[0\].g_col\[0\].pe/_1262_,7.48µm
g_row\[0\].g_col\[1\].pe/_0547_,7.48µm
g_row\[1\].g_col\[0\].pe/_1220_,7.48µm
g_row\[1\].g_col\[1\].pe/_0585_,7.48µm
g_row\[1\].g_col\[1\].pe/_1091_,7.48µm
g_row\[0\].g_col\[0\].pe/net2086,7.48µm
g_row\[0\].g_col\[1\].pe/net2216,7.48µm
g_row\[1\].g_col\[0\].pe/net2818,7.48µm
g_row\[0\].g_col\[0\].pe/net3079,7.48µm
net3585,7.48µm
g_row\[0\].g_col\[0\].pe/_0136_,7.47µm
g_row\[1\].g_col\[0\].pe/_0190_,7.46µm
g_row\[0\].g_col\[1\].pe/_0056_,7.445µm
a_reg\[15\],7.44µm
g_row\[0\].g_col\[0\].pe/_0474_,7.44µm
g_row\[0\].g_col\[0\].pe/_0710_,7.44µm
g_row\[0\].g_col\[0\].pe/_0968_,7.44µm
g_row\[0\].g_col\[0\].pe/_1043_,7.44µm
g_row\[0\].g_col\[1\].pe/_0470_,7.44µm
g_row\[0\].g_col\[1\].pe/_1134_,7.44µm
g_row\[1\].g_col\[0\].pe/_0826_,7.44µm
g_row\[1\].g_col\[0\].pe/net1905,7.44µm
g_row\[1\].g_col\[1\].pe/net2839,7.44µm
net3439,7.44µm
g_row\[0\].g_col\[0\].pe/_0829_,7.43µm
g_row\[0\].g_col\[0\].pe/_1251_,7.42µm
g_row\[0\].g_col\[1\].pe/_0859_,7.42µm
g_row\[1\].g_col\[0\].pe/_0130_,7.42µm
g_row\[1\].g_col\[1\].pe/_0892_,7.42µm
g_row\[0\].g_col\[0\].pe/_0105_,7.415µm
g_row\[1\].g_col\[0\].pe/_0518_,7.405µm
g_row\[0\].g_col\[0\].pe/_0006_,7.4µm
g_row\[0\].g_col\[0\].pe/_0188_,7.4µm
g_row\[0\].g_col\[0\].pe/_0190_,7.4µm
g_row\[0\].g_col\[0\].pe/_0434_,7.4µm
g_row\[0\].g_col\[0\].pe/_0811_,7.4µm
g_row\[0\].g_col\[0\].pe/_0862_,7.4µm
g_row\[0\].g_col\[0\].pe/_1134_,7.4µm
g_row\[0\].g_col\[1\].pe/_0431_,7.4µm
g_row\[0\].g_col\[1\].pe/_1276_,7.4µm
g_row\[0\].g_col\[1\].pe/r3_prod_mant\[10\],7.4µm
g_row\[1\].g_col\[0\].pe/_0208_,7.4µm
g_row\[1\].g_col\[0\].pe/_0630_,7.4µm
g_row\[1\].g_col\[0\].pe/_0885_,7.4µm
g_row\[1\].g_col\[0\].pe/_1041_,7.4µm
g_row\[1\].g_col\[0\].pe/_1285_,7.4µm
g_row\[1\].g_col\[0\].pe/_1286_,7.4µm
g_row\[1\].g_col\[1\].pe/_0021_,7.4µm
g_row\[1\].g_col\[1\].pe/_0138_,7.4µm
g_row\[1\].g_col\[1\].pe/_0900_,7.4µm
g_row\[1\].g_col\[1\].pe/_1204_,7.4µm
g_row\[1\].g_col\[1\].pe/_1245_,7.4µm
g_row\[1\].g_col\[1\].pe/_1252_,7.4µm
g_row\[1\].g_col\[1\].pe/_1300_,7.4µm
net1546,7.4µm
g_row\[1\].g_col\[0\].pe/net1731,7.4µm
g_row\[1\].g_col\[0\].pe/net1769,7.4µm
net2474,7.4µm
net3531,7.4µm
g_row\[0\].g_col\[0\].pe/_0009_,7.36µm
g_row\[1\].g_col\[0\].pe/_0461_,7.36µm
g_row\[1\].g_col\[1\].pe/_0961_,7.355µm
g_row\[1\].g_col\[1\].pe/_1292_,7.355µm
g_row\[1\].g_col\[1\].pe/_1171_,7.345µm
b_wire\[2\]\[7\],7.34µm
g_row\[1\].g_col\[1\].pe/_0017_,7.34µm
net3572,7.34µm
g_row\[0\].g_col\[0\].pe/_0751_,7.33µm
g_row\[0\].g_col\[1\].pe/_0146_,7.33µm
g_row\[0\].g_col\[0\].pe/_0721_,7.32µm
g_row\[0\].g_col\[1\].pe/_0304_,7.32µm
g_row\[0\].g_col\[1\].pe/_0483_,7.32µm
g_row\[0\].g_col\[1\].pe/_0936_,7.32µm
g_row\[0\].g_col\[1\].pe/_1082_,7.32µm
g_row\[0\].g_col\[1\].pe/_1309_,7.32µm
g_row\[1\].g_col\[0\].pe/_0116_,7.32µm
g_row\[1\].g_col\[0\].pe/_0267_,7.32µm
g_row\[1\].g_col\[0\].pe/_0386_,7.32µm
g_row\[1\].g_col\[0\].pe/_0810_,7.32µm
g_row\[1\].g_col\[0\].pe/_1184_,7.32µm
g_row\[1\].g_col\[0\].pe/_1185_,7.32µm
g_row\[1\].g_col\[1\].pe/_0109_,7.32µm
g_row\[1\].g_col\[0\].pe/_0181_,7.315µm
g_row\[0\].g_col\[1\].pe/_0809_,7.3µm
g_row\[1\].g_col\[0\].pe/_0248_,7.3µm
g_row\[1\].g_col\[0\].pe/net1856,7.3µm
net2703,7.3µm
g_row\[0\].g_col\[0\].pe/_0828_,7.295µm
g_row\[0\].g_col\[0\].pe/_0868_,7.28µm
g_row\[1\].g_col\[0\].pe/_0439_,7.28µm
g_row\[1\].g_col\[0\].pe/_0667_,7.28µm
g_row\[1\].g_col\[0\].pe/_1024_,7.28µm
g_row\[1\].g_col\[0\].pe/_1107_,7.28µm
g_row\[1\].g_col\[0\].pe/_1137_,7.28µm
net3263,7.28µm
g_row\[1\].g_col\[0\].pe/_1123_,7.275µm
g_row\[0\].g_col\[1\].pe/net1791,7.275µm
g_row\[0\].g_col\[1\].pe/_0051_,7.265µm
net3438,7.26µm
g_row\[0\].g_col\[0\].pe/_0227_,7.25µm
g_row\[0\].g_col\[0\].pe/_0701_,7.25µm
g_row\[1\].g_col\[0\].pe/_0308_,7.25µm
g_row\[1\].g_col\[1\].pe/_0184_,7.25µm
g_row\[0\].g_col\[0\].pe/_0336_,7.24µm
g_row\[0\].g_col\[1\].pe/_0480_,7.24µm
g_row\[1\].g_col\[0\].pe/_0585_,7.24µm
g_row\[1\].g_col\[1\].pe/_0541_,7.24µm
g_row\[1\].g_col\[0\].pe/net2946,7.24µm
g_row\[0\].g_col\[0\].pe/_0451_,7.23µm
g_row\[0\].g_col\[0\].pe/_0737_,7.22µm
g_row\[0\].g_col\[1\].pe/_0059_,7.22µm
g_row\[1\].g_col\[0\].pe/_0635_,7.22µm
g_row\[1\].g_col\[1\].pe/_0771_,7.22µm
g_row\[1\].g_col\[1\].pe/net3044,7.22µm
g_row\[0\].g_col\[1\].pe/_1080_,7.215µm
g_row\[0\].g_col\[1\].pe/_0756_,7.21µm
g_row\[0\].g_col\[0\].pe/_0960_,7.2µm
g_row\[0\].g_col\[1\].pe/_0238_,7.2µm
g_row\[0\].g_col\[1\].pe/_0268_,7.2µm
g_row\[0\].g_col\[1\].pe/_0917_,7.2µm
g_row\[0\].g_col\[1\].pe/r3_prod_mant\[9\],7.2µm
g_row\[1\].g_col\[0\].pe/_0296_,7.2µm
g_row\[1\].g_col\[1\].pe/_1058_,7.2µm
g_row\[0\].g_col\[0\].pe/_0596_,7.18µm
g_row\[0\].g_col\[1\].pe/_0394_,7.18µm
g_row\[0\].g_col\[1\].pe/_0404_,7.18µm
g_row\[0\].g_col\[1\].pe/_1284_,7.18µm
g_row\[1\].g_col\[0\].pe/_0246_,7.18µm
g_row\[1\].g_col\[0\].pe/_0271_,7.18µm
g_row\[1\].g_col\[1\].pe/_1108_,7.18µm
g_row\[0\].g_col\[0\].pe/_0084_,7.16µm
g_row\[0\].g_col\[1\].pe/_0027_,7.145µm
g_row\[1\].g_col\[0\].pe/_0476_,7.145µm
g_row\[1\].g_col\[1\].pe/_0525_,7.145µm
g_row\[0\].g_col\[1\].pe/_1172_,7.14µm
g_row\[1\].g_col\[0\].pe/_0111_,7.14µm
g_row\[1\].g_col\[0\].pe/_1000_,7.14µm
g_row\[1\].g_col\[1\].pe/_0166_,7.14µm
g_row\[1\].g_col\[1\].pe/_0756_,7.14µm
net3271,7.14µm
net3436,7.14µm
g_row\[0\].g_col\[1\].pe/_1092_,7.13µm
g_row\[0\].g_col\[0\].pe/_1026_,7.12µm
g_row\[0\].g_col\[1\].pe/_0055_,7.12µm
g_row\[1\].g_col\[0\].pe/_0095_,7.12µm
g_row\[1\].g_col\[0\].pe/_0185_,7.12µm
g_row\[0\].g_col\[0\].pe/_0177_,7.1µm
g_row\[0\].g_col\[0\].pe/_0216_,7.1µm
g_row\[0\].g_col\[0\].pe/_0234_,7.1µm
g_row\[0\].g_col\[0\].pe/_0365_,7.1µm
g_row\[0\].g_col\[0\].pe/_1078_,7.1µm
g_row\[0\].g_col\[0\].pe/_1323_,7.1µm
g_row\[0\].g_col\[1\].pe/_1051_,7.1µm
g_row\[1\].g_col\[1\].pe/_0757_,7.1µm
g_row\[1\].g_col\[1\].pe/_0808_,7.1µm
g_row\[1\].g_col\[1\].pe/net1705,7.1µm
g_row\[0\].g_col\[0\].pe/_0438_,7.08µm
g_row\[0\].g_col\[0\].pe/_0863_,7.08µm
g_row\[0\].g_col\[1\].pe/_0393_,7.08µm
g_row\[0\].g_col\[1\].pe/_0724_,7.08µm
g_row\[0\].g_col\[1\].pe/_0912_,7.08µm
g_row\[0\].g_col\[1\].pe/_1322_,7.08µm
g_row\[1\].g_col\[0\].pe/_0873_,7.08µm
g_row\[0\].g_col\[0\].pe/_0845_,7.06µm
g_row\[0\].g_col\[1\].pe/_1334_,7.06µm
g_row\[1\].g_col\[0\].pe/_0097_,7.06µm
g_row\[1\].g_col\[0\].pe/_0429_,7.06µm
g_row\[1\].g_col\[0\].pe/_0513_,7.06µm
g_row\[1\].g_col\[0\].pe/_0922_,7.06µm
g_row\[1\].g_col\[0\].pe/_0938_,7.06µm
g_row\[1\].g_col\[0\].pe/_1070_,7.06µm
g_row\[1\].g_col\[1\].pe/_0271_,7.06µm
g_row\[1\].g_col\[1\].pe/_0365_,7.06µm
g_row\[1\].g_col\[1\].pe/_0863_,7.06µm
g_row\[1\].g_col\[1\].pe/_0893_,7.06µm
g_row\[1\].g_col\[1\].pe/_1188_,7.06µm
g_row\[1\].g_col\[0\].pe/_0512_,7.055µm
g_row\[0\].g_col\[1\].pe/_0875_,7.05µm
g_row\[0\].g_col\[0\].pe/_0522_,7.04µm
g_row\[0\].g_col\[0\].pe/_0950_,7.04µm
g_row\[0\].g_col\[1\].pe/_0511_,7.04µm
g_row\[1\].g_col\[0\].pe/_1083_,7.04µm
g_row\[1\].g_col\[1\].pe/_0495_,7.04µm
g_row\[1\].g_col\[1\].pe/_0938_,7.04µm
g_row\[0\].g_col\[0\].pe/_0866_,7.03µm
g_row\[0\].g_col\[1\].pe/_1112_,7.03µm
g_row\[0\].g_col\[1\].pe/_0015_,7.025µm
g_row\[0\].g_col\[1\].pe/_0959_,7.01µm
g_row\[1\].g_col\[1\].pe/_0642_,7.01µm
g_row\[0\].g_col\[0\].pe/net2272,7µm
g_row\[0\].g_col\[1\].pe/net2347,6.985µm
g_row\[0\].g_col\[0\].pe/_0004_,6.98µm
g_row\[0\].g_col\[0\].pe/_0049_,6.98µm
g_row\[0\].g_col\[0\].pe/_0166_,6.98µm
g_row\[0\].g_col\[0\].pe/_0286_,6.98µm
g_row\[0\].g_col\[0\].pe/_0298_,6.98µm
g_row\[0\].g_col\[0\].pe/_0443_,6.98µm
g_row\[0\].g_col\[1\].pe/_0354_,6.98µm
g_row\[0\].g_col\[1\].pe/_1049_,6.98µm
g_row\[0\].g_col\[1\].pe/_1131_,6.98µm
g_row\[1\].g_col\[0\].pe/_0220_,6.98µm
g_row\[1\].g_col\[0\].pe/_0330_,6.98µm
g_row\[1\].g_col\[0\].pe/_0365_,6.98µm
g_row\[1\].g_col\[0\].pe/_0505_,6.98µm
g_row\[1\].g_col\[0\].pe/_0588_,6.98µm
g_row\[1\].g_col\[0\].pe/_0768_,6.98µm
g_row\[1\].g_col\[0\].pe/_1331_,6.98µm
g_row\[1\].g_col\[1\].pe/_0870_,6.98µm
net1571,6.98µm
g_row\[1\].g_col\[0\].pe/net2925,6.98µm
g_row\[0\].g_col\[0\].pe/_1278_,6.97µm
g_row\[1\].g_col\[1\].pe/_0858_,6.96µm
g_row\[0\].g_col\[1\].pe/_1241_,6.955µm
g_row\[0\].g_col\[0\].pe/_0525_,6.945µm
g_row\[0\].g_col\[0\].pe/_0304_,6.94µm
g_row\[0\].g_col\[0\].pe/_0588_,6.94µm
g_row\[0\].g_col\[0\].pe/_0712_,6.94µm
g_row\[0\].g_col\[0\].pe/_0883_,6.94µm
g_row\[0\].g_col\[0\].pe/_0932_,6.94µm
g_row\[0\].g_col\[0\].pe/_0946_,6.94µm
g_row\[0\].g_col\[0\].pe/_0981_,6.94µm
g_row\[0\].g_col\[0\].pe/_1010_,6.94µm
g_row\[0\].g_col\[0\].pe/_1198_,6.94µm
g_row\[0\].g_col\[1\].pe/_0176_,6.94µm
g_row\[0\].g_col\[1\].pe/_0343_,6.94µm
g_row\[0\].g_col\[1\].pe/_0543_,6.94µm
g_row\[0\].g_col\[1\].pe/_0830_,6.94µm
g_row\[0\].g_col\[1\].pe/_1192_,6.94µm
g_row\[1\].g_col\[0\].pe/_0110_,6.94µm
g_row\[1\].g_col\[0\].pe/_0360_,6.94µm
g_row\[1\].g_col\[0\].pe/_0419_,6.94µm
g_row\[1\].g_col\[0\].pe/_1276_,6.94µm
g_row\[1\].g_col\[1\].pe/_0156_,6.94µm
g_row\[1\].g_col\[1\].pe/_0328_,6.94µm
g_row\[1\].g_col\[1\].pe/_0794_,6.94µm
g_row\[1\].g_col\[1\].pe/_0810_,6.94µm
g_row\[1\].g_col\[1\].pe/_1029_,6.94µm
g_row\[1\].g_col\[1\].pe/_1202_,6.94µm
net3261,6.94µm
g_row\[0\].g_col\[1\].pe/_1182_,6.93µm
g_row\[0\].g_col\[1\].pe/_0130_,6.91µm
g_row\[1\].g_col\[0\].pe/_0746_,6.91µm
net2645,6.9µm
g_row\[1\].g_col\[1\].pe/net3064,6.9µm
g_row\[0\].g_col\[1\].pe/_0798_,6.89µm
g_row\[1\].g_col\[0\].pe/_0763_,6.88µm
g_row\[1\].g_col\[0\].pe/_1126_,6.88µm
g_row\[1\].g_col\[1\].pe/_0019_,6.88µm
g_row\[1\].g_col\[1\].pe/_0025_,6.88µm
g_row\[1\].g_col\[0\].pe/_0952_,6.87µm
g_row\[1\].g_col\[1\].pe/_0146_,6.87µm
g_row\[0\].g_col\[1\].pe/net2333,6.87µm
g_row\[0\].g_col\[0\].pe/_0113_,6.86µm
g_row\[0\].g_col\[0\].pe/_0303_,6.86µm
g_row\[0\].g_col\[0\].pe/_0587_,6.86µm
g_row\[0\].g_col\[0\].pe/_1067_,6.86µm
g_row\[0\].g_col\[1\].pe/_1325_,6.86µm
g_row\[1\].g_col\[0\].pe/_0176_,6.86µm
g_row\[1\].g_col\[0\].pe/_0378_,6.86µm
g_row\[1\].g_col\[0\].pe/_0888_,6.86µm
g_row\[1\].g_col\[1\].pe/_0334_,6.86µm
g_row\[1\].g_col\[1\].pe/_0826_,6.86µm
g_row\[0\].g_col\[0\].pe/_0763_,6.845µm
g_row\[1\].g_col\[0\].pe/_0441_,6.84µm
g_row\[1\].g_col\[1\].pe/_0828_,6.84µm
net1542,6.84µm
g_row\[0\].g_col\[0\].pe/_1080_,6.83µm
g_row\[0\].g_col\[0\].pe/_0830_,6.82µm
g_row\[0\].g_col\[1\].pe/_0664_,6.82µm
g_row\[0\].g_col\[1\].pe/_0976_,6.82µm
g_row\[1\].g_col\[0\].pe/_0124_,6.82µm
g_row\[1\].g_col\[0\].pe/_0793_,6.82µm
g_row\[1\].g_col\[0\].pe/_1010_,6.82µm
g_row\[1\].g_col\[0\].pe/_1091_,6.82µm
g_row\[1\].g_col\[0\].pe/_1272_,6.82µm
g_row\[1\].g_col\[1\].pe/_0664_,6.82µm
g_row\[1\].g_col\[1\].pe/_0856_,6.82µm
g_row\[1\].g_col\[1\].pe/_1013_,6.82µm
g_row\[1\].g_col\[1\].pe/net1966,6.82µm
g_row\[0\].g_col\[1\].pe/_0804_,6.8µm
g_row\[1\].g_col\[0\].pe/net1918,6.8µm
g_row\[1\].g_col\[0\].pe/_1103_,6.79µm
g_row\[0\].g_col\[1\].pe/_0154_,6.78µm
g_row\[0\].g_col\[1\].pe/_0531_,6.78µm
g_row\[1\].g_col\[0\].pe/_0950_,6.78µm
g_row\[1\].g_col\[1\].pe/_1105_,6.78µm
net3519,6.78µm
g_row\[0\].g_col\[0\].pe/_0739_,6.76µm
g_row\[0\].g_col\[0\].pe/_0944_,6.76µm
g_row\[0\].g_col\[1\].pe/_0918_,6.76µm
g_row\[0\].g_col\[1\].pe/_0957_,6.76µm
g_row\[0\].g_col\[1\].pe/_1219_,6.76µm
g_row\[1\].g_col\[0\].pe/_1330_,6.76µm
g_row\[1\].g_col\[1\].pe/_1023_,6.76µm
g_row\[1\].g_col\[1\].pe/_1158_,6.76µm
g_row\[1\].g_col\[0\].pe/net2259,6.76µm
g_row\[0\].g_col\[0\].pe/_0182_,6.75µm
g_row\[0\].g_col\[0\].pe/_1215_,6.75µm
g_row\[1\].g_col\[1\].pe/_0713_,6.75µm
g_row\[1\].g_col\[1\].pe/_0987_,6.75µm
g_row\[1\].g_col\[1\].pe/_1089_,6.75µm
g_row\[0\].g_col\[0\].pe/_0732_,6.74µm
g_row\[0\].g_col\[0\].pe/_1124_,6.74µm
g_row\[0\].g_col\[1\].pe/_0559_,6.74µm
g_row\[0\].g_col\[1\].pe/_1245_,6.74µm
g_row\[0\].g_col\[1\].pe/_1273_,6.74µm
g_row\[1\].g_col\[0\].pe/_0239_,6.74µm
g_row\[1\].g_col\[0\].pe/_0796_,6.74µm
g_row\[1\].g_col\[0\].pe/_1141_,6.74µm
g_row\[1\].g_col\[1\].pe/_0371_,6.74µm
g_row\[1\].g_col\[1\].pe/_1018_,6.74µm
g_row\[1\].g_col\[1\].pe/_1273_,6.74µm
net3356,6.74µm
g_row\[0\].g_col\[0\].pe/_0553_,6.72µm
g_row\[0\].g_col\[0\].pe/_0686_,6.72µm
g_row\[0\].g_col\[1\].pe/_0412_,6.72µm
g_row\[1\].g_col\[0\].pe/_0152_,6.72µm
g_row\[1\].g_col\[0\].pe/_0984_,6.72µm
g_row\[1\].g_col\[1\].pe/_0543_,6.72µm
net2669,6.72µm
net1392,6.7µm
g_row\[0\].g_col\[0\].pe/_0754_,6.7µm
g_row\[0\].g_col\[0\].pe/_0760_,6.7µm
g_row\[0\].g_col\[0\].pe/_0799_,6.7µm
g_row\[0\].g_col\[0\].pe/_1103_,6.7µm
g_row\[0\].g_col\[1\].pe/_0228_,6.7µm
g_row\[1\].g_col\[1\].pe/_0976_,6.7µm
g_row\[0\].g_col\[0\].pe/_0512_,6.685µm
g_row\[0\].g_col\[0\].pe/_0521_,6.685µm
g_row\[0\].g_col\[0\].pe/_1293_,6.68µm
g_row\[0\].g_col\[0\].pe/_0831_,6.675µm
g_row\[1\].g_col\[1\].pe/_0135_,6.675µm
g_row\[1\].g_col\[1\].pe/_0711_,6.675µm
g_row\[0\].g_col\[0\].pe/_0933_,6.67µm
g_row\[0\].g_col\[0\].pe/_0121_,6.66µm
g_row\[1\].g_col\[0\].pe/_0842_,6.66µm
g_row\[1\].g_col\[1\].pe/_0338_,6.66µm
g_row\[1\].g_col\[1\].pe/_1027_,6.66µm
g_row\[1\].g_col\[1\].pe/_0887_,6.645µm
g_row\[0\].g_col\[0\].pe/_1125_,6.64µm
g_row\[0\].g_col\[1\].pe/_0108_,6.64µm
g_row\[0\].g_col\[1\].pe/_0131_,6.64µm
g_row\[0\].g_col\[1\].pe/_0519_,6.64µm
g_row\[0\].g_col\[1\].pe/_0563_,6.64µm
g_row\[0\].g_col\[1\].pe/_0736_,6.64µm
g_row\[0\].g_col\[1\].pe/_0782_,6.64µm
g_row\[1\].g_col\[0\].pe/_0229_,6.64µm
g_row\[1\].g_col\[0\].pe/_0545_,6.64µm
g_row\[1\].g_col\[0\].pe/_1336_,6.64µm
g_row\[1\].g_col\[1\].pe/_0552_,6.64µm
g_row\[1\].g_col\[1\].pe/_1010_,6.64µm
g_row\[1\].g_col\[0\].pe/net2239,6.64µm
g_row\[0\].g_col\[1\].pe/_0864_,6.635µm
g_row\[1\].g_col\[1\].pe/_0974_,6.63µm
g_row\[0\].g_col\[0\].pe/_1180_,6.62µm
g_row\[0\].g_col\[1\].pe/_1317_,6.62µm
g_row\[1\].g_col\[0\].pe/_0862_,6.62µm
g_row\[1\].g_col\[1\].pe/_0002_,6.62µm
g_row\[1\].g_col\[1\].pe/_1020_,6.62µm
net1358,6.6µm
g_row\[0\].g_col\[0\].pe/_0348_,6.6µm
g_row\[0\].g_col\[0\].pe/_0531_,6.6µm
g_row\[0\].g_col\[0\].pe/_0876_,6.6µm
g_row\[0\].g_col\[0\].pe/_1168_,6.6µm
g_row\[0\].g_col\[1\].pe/_0209_,6.6µm
g_row\[0\].g_col\[1\].pe/_0592_,6.6µm
g_row\[0\].g_col\[1\].pe/_0808_,6.6µm
g_row\[0\].g_col\[1\].pe/_1114_,6.6µm
g_row\[1\].g_col\[0\].pe/_0217_,6.6µm
g_row\[1\].g_col\[0\].pe/_0790_,6.6µm
g_row\[1\].g_col\[1\].pe/_0161_,6.6µm
g_row\[1\].g_col\[1\].pe/_0288_,6.6µm
g_row\[1\].g_col\[1\].pe/_0421_,6.6µm
g_row\[1\].g_col\[1\].pe/_0862_,6.6µm
g_row\[1\].g_col\[1\].pe/_1151_,6.6µm
net,6.6µm
g_row\[1\].g_col\[1\].pe/net2206,6.6µm
g_row\[1\].g_col\[0\].pe/net2241,6.6µm
g_row\[0\].g_col\[0\].pe/net2903,6.6µm
g_row\[1\].g_col\[1\].pe/net3119,6.6µm
net3399,6.6µm
g_row\[1\].g_col\[0\].pe/_0893_,6.58µm
g_row\[1\].g_col\[0\].pe/_1217_,6.58µm
g_row\[1\].g_col\[1\].pe/_0977_,6.58µm
g_row\[0\].g_col\[1\].pe/_0584_,6.54µm
g_row\[1\].g_col\[1\].pe/_0412_,6.54µm
g_row\[0\].g_col\[1\].pe/_0701_,6.53µm
g_row\[0\].g_col\[0\].pe/_0755_,6.52µm
g_row\[0\].g_col\[1\].pe/_0165_,6.52µm
g_row\[0\].g_col\[1\].pe/_0186_,6.52µm
g_row\[0\].g_col\[1\].pe/_0424_,6.52µm
g_row\[0\].g_col\[1\].pe/_0494_,6.52µm
g_row\[0\].g_col\[1\].pe/_0794_,6.52µm
g_row\[0\].g_col\[1\].pe/_0855_,6.52µm
g_row\[1\].g_col\[0\].pe/_0168_,6.52µm
g_row\[1\].g_col\[0\].pe/_1006_,6.52µm
g_row\[1\].g_col\[1\].pe/_0373_,6.52µm
g_row\[1\].g_col\[1\].pe/_0390_,6.52µm
g_row\[1\].g_col\[1\].pe/_0816_,6.52µm
g_row\[1\].g_col\[1\].pe/_0026_,6.505µm
g_row\[0\].g_col\[0\].pe/_0024_,6.485µm
g_row\[0\].g_col\[0\].pe/_0032_,6.485µm
g_row\[1\].g_col\[1\].pe/_0027_,6.485µm
g_row\[1\].g_col\[1\].pe/net1671,6.485µm
g_row\[1\].g_col\[1\].pe/net1682,6.485µm
net1393,6.48µm
g_row\[0\].g_col\[0\].pe/_0097_,6.48µm
g_row\[0\].g_col\[0\].pe/_0129_,6.48µm
g_row\[0\].g_col\[0\].pe/_0604_,6.48µm
g_row\[0\].g_col\[0\].pe/_0661_,6.48µm
g_row\[0\].g_col\[0\].pe/_0791_,6.48µm
g_row\[0\].g_col\[0\].pe/_1240_,6.48µm
g_row\[0\].g_col\[1\].pe/_0421_,6.48µm
g_row\[0\].g_col\[1\].pe/_0745_,6.48µm
g_row\[0\].g_col\[1\].pe/_0835_,6.48µm
g_row\[1\].g_col\[0\].pe/_0084_,6.48µm
g_row\[1\].g_col\[0\].pe/_0206_,6.48µm
g_row\[1\].g_col\[0\].pe/_0665_,6.48µm
g_row\[1\].g_col\[0\].pe/_0719_,6.48µm
g_row\[1\].g_col\[0\].pe/_0811_,6.48µm
g_row\[1\].g_col\[0\].pe/_0946_,6.48µm
g_row\[1\].g_col\[0\].pe/_1025_,6.48µm
g_row\[1\].g_col\[0\].pe/_1252_,6.48µm
g_row\[1\].g_col\[0\].pe/_1282_,6.48µm
g_row\[1\].g_col\[0\].pe/_1322_,6.48µm
net1426,6.48µm
g_row\[1\].g_col\[1\].pe/_0155_,6.48µm
g_row\[1\].g_col\[1\].pe/_0534_,6.48µm
g_row\[1\].g_col\[1\].pe/_0563_,6.48µm
g_row\[1\].g_col\[1\].pe/_0768_,6.48µm
g_row\[1\].g_col\[1\].pe/_0814_,6.48µm
g_row\[1\].g_col\[1\].pe/_0921_,6.48µm
g_row\[1\].g_col\[1\].pe/_1159_,6.48µm
net1454,6.48µm
g_row\[0\].g_col\[1\].pe/net2968,6.48µm
g_row\[1\].g_col\[1\].pe/net3101,6.48µm
g_row\[1\].g_col\[1\].pe/_0875_,6.47µm
g_row\[0\].g_col\[0\].pe/_0955_,6.46µm
g_row\[1\].g_col\[0\].pe/_1031_,6.46µm
g_row\[1\].g_col\[1\].pe/net1927,6.46µm
g_row\[1\].g_col\[1\].pe/_0597_,6.45µm
g_row\[1\].g_col\[0\].pe/_1291_,6.445µm
g_row\[0\].g_col\[1\].pe/_0053_,6.44µm
g_row\[1\].g_col\[0\].pe/_0264_,6.44µm
net3390,6.44µm
g_row\[1\].g_col\[0\].pe/_0327_,6.43µm
g_row\[1\].g_col\[1\].pe/net3061,6.42µm
g_row\[1\].g_col\[1\].pe/_0834_,6.41µm
g_row\[0\].g_col\[0\].pe/_0378_,6.4µm
g_row\[0\].g_col\[0\].pe/_1090_,6.4µm
g_row\[0\].g_col\[0\].pe/_1276_,6.4µm
g_row\[0\].g_col\[1\].pe/_0109_,6.4µm
g_row\[0\].g_col\[1\].pe/_0427_,6.4µm
g_row\[1\].g_col\[0\].pe/_0788_,6.4µm
g_row\[1\].g_col\[1\].pe/_0213_,6.4µm
g_row\[1\].g_col\[1\].pe/_0675_,6.4µm
g_row\[1\].g_col\[1\].pe/_0736_,6.4µm
g_row\[1\].g_col\[1\].pe/_1249_,6.4µm
g_row\[1\].g_col\[0\].pe/net1829,6.4µm
net3262,6.4µm
net1300,6.38µm
g_row\[0\].g_col\[0\].pe/_0131_,6.38µm
g_row\[0\].g_col\[0\].pe/_0948_,6.38µm
g_row\[1\].g_col\[0\].pe/_0598_,6.38µm
g_row\[1\].g_col\[1\].pe/_0501_,6.38µm
g_row\[1\].g_col\[1\].pe/_1114_,6.38µm
net3532,6.38µm
g_row\[0\].g_col\[0\].pe/_0169_,6.37µm
g_row\[0\].g_col\[0\].pe/_1003_,6.36µm
g_row\[0\].g_col\[1\].pe/_0921_,6.36µm
g_row\[1\].g_col\[0\].pe/_0159_,6.36µm
g_row\[1\].g_col\[1\].pe/_0207_,6.36µm
g_row\[1\].g_col\[1\].pe/_1242_,6.36µm
g_row\[0\].g_col\[1\].pe/net2345,6.355µm
g_row\[0\].g_col\[0\].pe/_0567_,6.32µm
g_row\[0\].g_col\[1\].pe/_0114_,6.32µm
g_row\[0\].g_col\[1\].pe/_0806_,6.32µm
g_row\[1\].g_col\[0\].pe/_0591_,6.32µm
g_row\[1\].g_col\[0\].pe/_0707_,6.32µm
g_row\[1\].g_col\[1\].pe/_0824_,6.32µm
g_row\[1\].g_col\[1\].pe/_1016_,6.32µm
g_row\[1\].g_col\[1\].pe/_1054_,6.32µm
g_row\[1\].g_col\[0\].pe/net2899,6.32µm
g_row\[0\].g_col\[0\].pe/_0599_,6.31µm
g_row\[0\].g_col\[0\].pe/_0171_,6.3µm
g_row\[0\].g_col\[1\].pe/_1006_,6.3µm
g_row\[1\].g_col\[0\].pe/_0373_,6.3µm
g_row\[1\].g_col\[0\].pe/_0816_,6.3µm
g_row\[1\].g_col\[0\].pe/_0817_,6.3µm
g_row\[1\].g_col\[0\].pe/_0860_,6.3µm
g_row\[1\].g_col\[1\].pe/_0167_,6.3µm
g_row\[1\].g_col\[1\].pe/_0055_,6.285µm
g_row\[0\].g_col\[0\].pe/_0517_,6.28µm
g_row\[0\].g_col\[0\].pe/_1021_,6.28µm
g_row\[0\].g_col\[1\].pe/_1223_,6.28µm
g_row\[0\].g_col\[1\].pe/_1323_,6.28µm
g_row\[1\].g_col\[0\].pe/_0215_,6.28µm
g_row\[1\].g_col\[0\].pe/_0894_,6.28µm
g_row\[1\].g_col\[0\].pe/_1067_,6.28µm
g_row\[1\].g_col\[1\].pe/_0398_,6.28µm
g_row\[1\].g_col\[1\].pe/_0401_,6.28µm
g_row\[1\].g_col\[1\].pe/_0724_,6.28µm
g_row\[1\].g_col\[1\].pe/_0939_,6.28µm
g_row\[1\].g_col\[0\].pe/net2043,6.275µm
g_row\[0\].g_col\[0\].pe/_0324_,6.26µm
g_row\[0\].g_col\[0\].pe/_0884_,6.26µm
g_row\[0\].g_col\[0\].pe/_1135_,6.26µm
g_row\[0\].g_col\[1\].pe/_0635_,6.26µm
g_row\[1\].g_col\[1\].pe/_0491_,6.26µm
g_row\[1\].g_col\[1\].pe/_1068_,6.26µm
g_row\[1\].g_col\[1\].pe/_1219_,6.26µm
g_row\[1\].g_col\[1\].pe/valid_s0,6.26µm
g_row\[0\].g_col\[0\].pe/_0886_,6.24µm
g_row\[1\].g_col\[0\].pe/_0723_,6.24µm
g_row\[1\].g_col\[0\].pe/_1292_,6.24µm
g_row\[1\].g_col\[1\].pe/_0096_,6.24µm
g_row\[1\].g_col\[1\].pe/_0722_,6.24µm
g_row\[1\].g_col\[1\].pe/_0780_,6.24µm
g_row\[0\].g_col\[0\].pe/_1055_,6.235µm
g_row\[0\].g_col\[0\].pe/_0790_,6.21µm
g_row\[1\].g_col\[0\].pe/_1242_,6.21µm
g_row\[1\].g_col\[0\].pe/_1325_,6.21µm
g_row\[0\].g_col\[0\].pe/r4_acc\[14\],6.2µm
g_row\[1\].g_col\[0\].pe/_0331_,6.2µm
g_row\[0\].g_col\[1\].pe/_0829_,6.19µm
g_row\[1\].g_col\[0\].pe/_0961_,6.19µm
g_row\[1\].g_col\[0\].pe/net1724,6.185µm
g_row\[0\].g_col\[0\].pe/_0082_,6.18µm
g_row\[0\].g_col\[0\].pe/_0245_,6.18µm
g_row\[0\].g_col\[0\].pe/_0263_,6.18µm
g_row\[0\].g_col\[0\].pe/_0529_,6.18µm
g_row\[0\].g_col\[0\].pe/_0782_,6.18µm
g_row\[0\].g_col\[0\].pe/_0937_,6.18µm
g_row\[0\].g_col\[0\].pe/_1006_,6.18µm
g_row\[0\].g_col\[0\].pe/_1185_,6.18µm
g_row\[0\].g_col\[1\].pe/_1186_,6.18µm
g_row\[1\].g_col\[0\].pe/_0487_,6.18µm
g_row\[1\].g_col\[0\].pe/_0490_,6.18µm
g_row\[1\].g_col\[0\].pe/_1065_,6.18µm
g_row\[1\].g_col\[0\].pe/_1079_,6.18µm
g_row\[1\].g_col\[0\].pe/_1283_,6.18µm
g_row\[1\].g_col\[1\].pe/_0128_,6.18µm
g_row\[1\].g_col\[1\].pe/_0517_,6.18µm
g_row\[1\].g_col\[0\].pe/net1734,6.18µm
net2522,6.18µm
g_row\[1\].g_col\[0\].pe/net3069,6.18µm
g_row\[1\].g_col\[1\].pe/net3092,6.18µm
g_row\[0\].g_col\[0\].pe/_0243_,6.16µm
g_row\[0\].g_col\[1\].pe/_0949_,6.16µm
g_row\[1\].g_col\[0\].pe/_0503_,6.16µm
g_row\[1\].g_col\[0\].pe/_0779_,6.16µm
g_row\[1\].g_col\[0\].pe/_1223_,6.16µm
g_row\[1\].g_col\[0\].pe/r4_acc\[14\],6.16µm
g_row\[1\].g_col\[1\].pe/_0836_,6.16µm
g_row\[1\].g_col\[1\].pe/_1025_,6.16µm
g_row\[1\].g_col\[0\].pe/_0584_,6.155µm
g_row\[0\].g_col\[1\].pe/_1171_,6.15µm
g_row\[1\].g_col\[0\].pe/_0824_,6.145µm
_114_,6.14µm
a_reg\[29\],6.14µm
g_row\[0\].g_col\[0\].pe/_0208_,6.14µm
g_row\[0\].g_col\[0\].pe/_0248_,6.14µm
g_row\[0\].g_col\[1\].pe/_0170_,6.14µm
g_row\[0\].g_col\[1\].pe/_0171_,6.14µm
g_row\[0\].g_col\[1\].pe/_0801_,6.14µm
g_row\[0\].g_col\[1\].pe/_1150_,6.14µm
g_row\[0\].g_col\[1\].pe/_1307_,6.14µm
g_row\[1\].g_col\[0\].pe/_0146_,6.14µm
g_row\[1\].g_col\[1\].pe/_0254_,6.14µm
g_row\[1\].g_col\[1\].pe/_0272_,6.14µm
g_row\[1\].g_col\[1\].pe/_0755_,6.14µm
g_row\[1\].g_col\[1\].pe/net1818,6.14µm
g_row\[1\].g_col\[0\].pe/net2232,6.14µm
g_row\[0\].g_col\[0\].pe/_0875_,6.13µm
g_row\[0\].g_col\[1\].pe/_0247_,6.12µm
g_row\[0\].g_col\[1\].pe/_0693_,6.12µm
g_row\[0\].g_col\[1\].pe/_0977_,6.12µm
g_row\[1\].g_col\[1\].pe/_0881_,6.12µm
g_row\[1\].g_col\[0\].pe/_0184_,6.09µm
g_row\[0\].g_col\[1\].pe/_1018_,6.08µm
g_row\[1\].g_col\[1\].pe/net1668,6.08µm
g_row\[0\].g_col\[0\].pe/_0008_,6.06µm
g_row\[0\].g_col\[0\].pe/_0352_,6.06µm
g_row\[0\].g_col\[0\].pe/_0581_,6.06µm
g_row\[0\].g_col\[0\].pe/_0966_,6.06µm
g_row\[0\].g_col\[1\].pe/_0229_,6.06µm
g_row\[0\].g_col\[1\].pe/_1304_,6.06µm
g_row\[1\].g_col\[0\].pe/_0522_,6.06µm
g_row\[1\].g_col\[0\].pe/_0870_,6.06µm
g_row\[1\].g_col\[0\].pe/_0900_,6.06µm
g_row\[1\].g_col\[1\].pe/_0190_,6.06µm
g_row\[1\].g_col\[1\].pe/_0224_,6.06µm
g_row\[1\].g_col\[1\].pe/_0309_,6.06µm
net1587,6.06µm
g_row\[1\].g_col\[1\].pe/net1652,6.06µm
g_row\[0\].g_col\[1\].pe/_0272_,6.04µm
g_row\[0\].g_col\[1\].pe/_1313_,6.04µm
g_row\[0\].g_col\[0\].pe/_0501_,6.02µm
g_row\[0\].g_col\[0\].pe/_0589_,6.02µm
g_row\[0\].g_col\[0\].pe/_0693_,6.02µm
g_row\[0\].g_col\[1\].pe/_1268_,6.02µm
g_row\[1\].g_col\[0\].pe/_0063_,6.02µm
g_row\[1\].g_col\[0\].pe/_0088_,6.02µm
g_row\[1\].g_col\[0\].pe/_0459_,6.02µm
g_row\[1\].g_col\[0\].pe/_0712_,6.02µm
g_row\[1\].g_col\[0\].pe/_0982_,6.02µm
g_row\[1\].g_col\[0\].pe/_1192_,6.02µm
g_row\[1\].g_col\[0\].pe/_1274_,6.02µm
g_row\[1\].g_col\[1\].pe/_0185_,6.02µm
g_row\[1\].g_col\[1\].pe/_0547_,6.02µm
g_row\[1\].g_col\[1\].pe/_0782_,6.02µm
g_row\[1\].g_col\[1\].pe/_0838_,6.02µm
g_row\[1\].g_col\[1\].pe/_0859_,6.02µm
g_row\[1\].g_col\[1\].pe/_0926_,6.02µm
g_row\[1\].g_col\[1\].pe/_1051_,6.02µm
g_row\[1\].g_col\[1\].pe/_1100_,6.02µm
g_row\[1\].g_col\[1\].pe/_1111_,6.02µm
g_row\[1\].g_col\[1\].pe/net1681,6.02µm
g_row\[1\].g_col\[1\].pe/net3062,6.02µm
net3105,6.02µm
g_row\[1\].g_col\[0\].pe/_0855_,5.99µm
g_row\[1\].g_col\[1\].pe/_0598_,5.99µm
g_row\[0\].g_col\[1\].pe/_0340_,5.985µm
g_row\[0\].g_col\[0\].pe/_0023_,5.96µm
g_row\[0\].g_col\[1\].pe/_0785_,5.96µm
g_row\[1\].g_col\[0\].pe/_0500_,5.96µm
g_row\[0\].g_col\[1\].pe/net2389,5.96µm
g_row\[0\].g_col\[0\].pe/_1128_,5.95µm
_115_,5.94µm
g_row\[0\].g_col\[0\].pe/_1041_,5.94µm
g_row\[0\].g_col\[0\].pe/_1093_,5.94µm
g_row\[1\].g_col\[1\].pe/_0940_,5.94µm
g_row\[1\].g_col\[1\].pe/_0966_,5.94µm
g_row\[1\].g_col\[1\].pe/_1000_,5.94µm
g_row\[0\].g_col\[1\].pe/_0018_,5.935µm
g_row\[0\].g_col\[1\].pe/_0310_,5.935µm
g_row\[1\].g_col\[0\].pe/_0145_,5.92µm
g_row\[1\].g_col\[1\].pe/r2_mantissa\[0\],5.92µm
g_row\[1\].g_col\[0\].pe/net1758,5.92µm
g_row\[0\].g_col\[0\].pe/_0148_,5.9µm
g_row\[0\].g_col\[0\].pe/_0740_,5.9µm
g_row\[0\].g_col\[0\].pe/_0892_,5.9µm
g_row\[0\].g_col\[0\].pe/_1081_,5.9µm
g_row\[0\].g_col\[1\].pe/_0088_,5.9µm
g_row\[0\].g_col\[1\].pe/_0793_,5.9µm
g_row\[1\].g_col\[0\].pe/_0203_,5.9µm
g_row\[1\].g_col\[0\].pe/_1159_,5.9µm
g_row\[1\].g_col\[1\].pe/_0171_,5.9µm
g_row\[1\].g_col\[1\].pe/_0249_,5.9µm
g_row\[1\].g_col\[1\].pe/_0743_,5.9µm
g_row\[1\].g_col\[1\].pe/_1042_,5.9µm
g_row\[1\].g_col\[1\].pe/_1325_,5.9µm
g_row\[0\].g_col\[1\].pe/_0169_,5.87µm
g_row\[0\].g_col\[0\].pe/_0018_,5.865µm
g_row\[0\].g_col\[1\].pe/_1027_,5.865µm
g_row\[0\].g_col\[1\].pe/_1126_,5.86µm
g_row\[0\].g_col\[1\].pe/_1187_,5.86µm
g_row\[1\].g_col\[0\].pe/_1051_,5.86µm
g_row\[1\].g_col\[0\].pe/_1302_,5.86µm
g_row\[0\].g_col\[1\].pe/net2326,5.86µm
g_row\[0\].g_col\[1\].pe/_0058_,5.845µm
g_row\[0\].g_col\[0\].pe/_0323_,5.84µm
g_row\[0\].g_col\[0\].pe/_1053_,5.84µm
g_row\[0\].g_col\[0\].pe/_1070_,5.84µm
g_row\[0\].g_col\[1\].pe/_0725_,5.84µm
g_row\[0\].g_col\[1\].pe/_0984_,5.84µm
g_row\[0\].g_col\[1\].pe/_1264_,5.84µm
g_row\[1\].g_col\[0\].pe/_0404_,5.84µm
g_row\[1\].g_col\[0\].pe/_0783_,5.84µm
g_row\[1\].g_col\[0\].pe/_1044_,5.84µm
g_row\[1\].g_col\[1\].pe/_0486_,5.84µm
g_row\[1\].g_col\[0\].pe/net2055,5.84µm
g_row\[1\].g_col\[0\].pe/net2847,5.84µm
g_row\[0\].g_col\[0\].pe/_0724_,5.82µm
g_row\[0\].g_col\[0\].pe/_0800_,5.82µm
g_row\[0\].g_col\[0\].pe/_0934_,5.82µm
g_row\[0\].g_col\[0\].pe/_1304_,5.82µm
g_row\[0\].g_col\[1\].pe/_1236_,5.82µm
g_row\[1\].g_col\[0\].pe/_0401_,5.82µm
g_row\[1\].g_col\[0\].pe/_0936_,5.82µm
g_row\[1\].g_col\[0\].pe/_1090_,5.82µm
g_row\[1\].g_col\[1\].pe/_0164_,5.82µm
g_row\[1\].g_col\[1\].pe/_0263_,5.82µm
g_row\[1\].g_col\[1\].pe/_0894_,5.82µm
net3533,5.82µm
g_row\[1\].g_col\[0\].pe/_0504_,5.815µm
g_row\[0\].g_col\[0\].pe/_0379_,5.8µm
g_row\[0\].g_col\[0\].pe/_1095_,5.8µm
g_row\[0\].g_col\[0\].pe/_1268_,5.8µm
g_row\[0\].g_col\[1\].pe/_0101_,5.8µm
g_row\[0\].g_col\[1\].pe/_0542_,5.8µm
g_row\[0\].g_col\[1\].pe/_0844_,5.8µm
g_row\[0\].g_col\[1\].pe/_1159_,5.8µm
g_row\[0\].g_col\[1\].pe/_1204_,5.8µm
g_row\[1\].g_col\[0\].pe/_0383_,5.8µm
g_row\[1\].g_col\[0\].pe/_0533_,5.8µm
g_row\[1\].g_col\[0\].pe/_0775_,5.8µm
g_row\[1\].g_col\[0\].pe/_1108_,5.8µm
g_row\[1\].g_col\[1\].pe/_0152_,5.8µm
g_row\[1\].g_col\[1\].pe/_0208_,5.8µm
g_row\[1\].g_col\[1\].pe/_0258_,5.8µm
g_row\[1\].g_col\[1\].pe/_0414_,5.8µm
g_row\[1\].g_col\[1\].pe/_1063_,5.8µm
g_row\[1\].g_col\[1\].pe/_1078_,5.8µm
net1446,5.8µm
net1463,5.8µm
g_row\[0\].g_col\[1\].pe/net2328,5.8µm
net2743,5.8µm
g_row\[1\].g_col\[1\].pe/net3124,5.8µm
net3378,5.8µm
g_row\[0\].g_col\[1\].pe/_1216_,5.79µm
g_row\[0\].g_col\[0\].pe/_0068_,5.785µm
g_row\[0\].g_col\[0\].pe/_1303_,5.78µm
g_row\[0\].g_col\[1\].pe/_0306_,5.78µm
g_row\[0\].g_col\[1\].pe/_0591_,5.78µm
g_row\[1\].g_col\[0\].pe/_0549_,5.78µm
g_row\[1\].g_col\[0\].pe/_1251_,5.78µm
g_row\[1\].g_col\[1\].pe/_0829_,5.78µm
g_row\[1\].g_col\[1\].pe/_0864_,5.78µm
g_row\[1\].g_col\[1\].pe/_1076_,5.78µm
g_row\[1\].g_col\[0\].pe/_1093_,5.77µm
g_row\[1\].g_col\[1\].pe/_0143_,5.755µm
g_row\[0\].g_col\[0\].pe/_0412_,5.74µm
g_row\[0\].g_col\[0\].pe/_0575_,5.74µm
g_row\[1\].g_col\[0\].pe/_0473_,5.74µm
g_row\[1\].g_col\[1\].pe/_0243_,5.74µm
g_row\[0\].g_col\[0\].pe/_0597_,5.73µm
g_row\[1\].g_col\[0\].pe/_0708_,5.73µm
g_row\[1\].g_col\[1\].pe/net2211,5.725µm
a_reg\[28\],5.72µm
g_row\[0\].g_col\[0\].pe/_0116_,5.72µm
g_row\[0\].g_col\[0\].pe/_0481_,5.72µm
g_row\[0\].g_col\[0\].pe/_0549_,5.72µm
g_row\[0\].g_col\[0\].pe/_0921_,5.72µm
g_row\[0\].g_col\[0\].pe/_1079_,5.72µm
g_row\[0\].g_col\[0\].pe/_1274_,5.72µm
g_row\[0\].g_col\[1\].pe/_1272_,5.72µm
g_row\[1\].g_col\[0\].pe/_1003_,5.72µm
g_row\[1\].g_col\[1\].pe/_0095_,5.72µm
g_row\[1\].g_col\[1\].pe/_0490_,5.72µm
g_row\[1\].g_col\[1\].pe/_1073_,5.72µm
g_row\[1\].g_col\[1\].pe/net3126,5.72µm
g_row\[1\].g_col\[0\].pe/_1165_,5.71µm
g_row\[0\].g_col\[0\].pe/_0965_,5.7µm
g_row\[1\].g_col\[0\].pe/_0107_,5.7µm
g_row\[1\].g_col\[0\].pe/_0388_,5.7µm
g_row\[1\].g_col\[1\].pe/_1047_,5.7µm
g_row\[1\].g_col\[1\].pe/_1259_,5.7µm
b_wire\[1\]\[5\],5.68µm
net1384,5.68µm
g_row\[0\].g_col\[0\].pe/_0510_,5.68µm
g_row\[0\].g_col\[0\].pe/_0914_,5.68µm
g_row\[0\].g_col\[0\].pe/_1087_,5.68µm
g_row\[0\].g_col\[1\].pe/_0095_,5.68µm
g_row\[0\].g_col\[1\].pe/_0548_,5.68µm
g_row\[0\].g_col\[1\].pe/_1072_,5.68µm
g_row\[0\].g_col\[1\].pe/_1310_,5.68µm
g_row\[1\].g_col\[0\].pe/_0295_,5.68µm
g_row\[1\].g_col\[0\].pe/_0541_,5.68µm
g_row\[1\].g_col\[0\].pe/_0676_,5.68µm
g_row\[1\].g_col\[0\].pe/_0755_,5.68µm
g_row\[1\].g_col\[0\].pe/_1043_,5.68µm
g_row\[1\].g_col\[0\].pe/r3_prod_mant\[7\],5.68µm
g_row\[1\].g_col\[1\].pe/_0234_,5.68µm
g_row\[1\].g_col\[1\].pe/_0284_,5.68µm
g_row\[1\].g_col\[1\].pe/_0379_,5.68µm
g_row\[1\].g_col\[1\].pe/_0531_,5.68µm
g_row\[1\].g_col\[1\].pe/_0958_,5.68µm
g_row\[1\].g_col\[1\].pe/_1044_,5.68µm
g_row\[1\].g_col\[1\].pe/_1096_,5.68µm
g_row\[1\].g_col\[1\].pe/_1170_,5.68µm
g_row\[1\].g_col\[1\].pe/_1286_,5.68µm
g_row\[1\].g_col\[1\].pe/_1298_,5.68µm
g_row\[1\].g_col\[0\].pe/net1689,5.68µm
g_row\[0\].g_col\[1\].pe/net2188,5.68µm
g_row\[0\].g_col\[1\].pe/net2939,5.68µm
g_row\[1\].g_col\[1\].pe/_0959_,5.67µm
g_row\[0\].g_col\[0\].pe/_0340_,5.655µm
g_row\[0\].g_col\[1\].pe/_0939_,5.65µm
g_row\[1\].g_col\[0\].pe/_0136_,5.65µm
g_row\[1\].g_col\[0\].pe/_0018_,5.645µm
g_row\[1\].g_col\[0\].pe/_1111_,5.63µm
g_row\[1\].g_col\[0\].pe/_1240_,5.63µm
g_row\[0\].g_col\[1\].pe/r3_prod_mant\[11\],5.62µm
g_row\[1\].g_col\[0\].pe/net1786,5.62µm
g_row\[1\].g_col\[1\].pe/net1678,5.605µm
g_row\[1\].g_col\[1\].pe/net1941,5.605µm
g_row\[0\].g_col\[0\].pe/_0338_,5.6µm
g_row\[0\].g_col\[0\].pe/_0497_,5.6µm
g_row\[0\].g_col\[0\].pe/_1187_,5.6µm
g_row\[0\].g_col\[0\].pe/_1298_,5.6µm
g_row\[0\].g_col\[1\].pe/_0370_,5.6µm
g_row\[0\].g_col\[1\].pe/_0444_,5.6µm
g_row\[0\].g_col\[1\].pe/_1252_,5.6µm
g_row\[0\].g_col\[1\].pe/_1274_,5.6µm
g_row\[0\].g_col\[1\].pe/s1_sign_a,5.6µm
g_row\[1\].g_col\[0\].pe/_0188_,5.6µm
g_row\[1\].g_col\[0\].pe/_0352_,5.6µm
g_row\[1\].g_col\[0\].pe/_0380_,5.6µm
g_row\[1\].g_col\[0\].pe/_0650_,5.6µm
g_row\[1\].g_col\[0\].pe/_0904_,5.6µm
g_row\[1\].g_col\[1\].pe/_0636_,5.6µm
g_row\[1\].g_col\[1\].pe/_0783_,5.6µm
g_row\[1\].g_col\[0\].pe/net2835,5.6µm
g_row\[0\].g_col\[0\].pe/net3083,5.6µm
net3224,5.6µm
g_row\[0\].g_col\[0\].pe/_0795_,5.58µm
g_row\[1\].g_col\[0\].pe/_0794_,5.58µm
g_row\[1\].g_col\[0\].pe/_1287_,5.58µm
g_row\[1\].g_col\[0\].pe/net1771,5.58µm
g_row\[0\].g_col\[1\].pe/net1845,5.58µm
g_row\[1\].g_col\[1\].pe/_0257_,5.57µm
g_row\[0\].g_col\[0\].pe/_0502_,5.56µm
g_row\[0\].g_col\[0\].pe/_0556_,5.56µm
g_row\[0\].g_col\[0\].pe/_0780_,5.56µm
g_row\[0\].g_col\[0\].pe/_0881_,5.56µm
g_row\[0\].g_col\[0\].pe/_0982_,5.56µm
g_row\[0\].g_col\[1\].pe/_0091_,5.56µm
g_row\[0\].g_col\[1\].pe/_0188_,5.56µm
g_row\[0\].g_col\[1\].pe/_0828_,5.56µm
g_row\[0\].g_col\[1\].pe/_0906_,5.56µm
g_row\[0\].g_col\[1\].pe/_1128_,5.56µm
g_row\[0\].g_col\[1\].pe/_1251_,5.56µm
g_row\[1\].g_col\[0\].pe/_0171_,5.56µm
g_row\[1\].g_col\[0\].pe/_0828_,5.56µm
g_row\[1\].g_col\[0\].pe/_0940_,5.56µm
g_row\[1\].g_col\[0\].pe/_1028_,5.56µm
g_row\[1\].g_col\[1\].pe/_0303_,5.56µm
g_row\[1\].g_col\[1\].pe/_0618_,5.56µm
g_row\[1\].g_col\[1\].pe/_0659_,5.56µm
g_row\[1\].g_col\[1\].pe/_0693_,5.56µm
g_row\[1\].g_col\[1\].pe/_0770_,5.56µm
g_row\[1\].g_col\[1\].pe/_0989_,5.56µm
g_row\[1\].g_col\[1\].pe/_1095_,5.56µm
net1462,5.56µm
g_row\[1\].g_col\[0\].pe/_0187_,5.53µm
g_row\[1\].g_col\[0\].pe/_0809_,5.53µm
g_row\[1\].g_col\[1\].pe/_0641_,5.53µm
g_row\[1\].g_col\[1\].pe/_0754_,5.53µm
g_row\[0\].g_col\[1\].pe/_0264_,5.52µm
g_row\[0\].g_col\[1\].pe/_0468_,5.52µm
g_row\[1\].g_col\[0\].pe/_0951_,5.52µm
net1427,5.52µm
g_row\[0\].g_col\[1\].pe/_0495_,5.5µm
g_row\[1\].g_col\[0\].pe/_0970_,5.5µm
net1439,5.5µm
g_row\[0\].g_col\[1\].pe/net2212,5.5µm
net2617,5.5µm
g_row\[0\].g_col\[0\].pe/_0952_,5.49µm
g_row\[0\].g_col\[1\].pe/_0834_,5.49µm
g_row\[1\].g_col\[0\].pe/_0227_,5.49µm
net1410,5.48µm
g_row\[0\].g_col\[0\].pe/_0101_,5.48µm
g_row\[0\].g_col\[0\].pe/_0723_,5.48µm
g_row\[0\].g_col\[0\].pe/_1137_,5.48µm
g_row\[0\].g_col\[1\].pe/_0175_,5.48µm
g_row\[0\].g_col\[1\].pe/_0288_,5.48µm
g_row\[0\].g_col\[1\].pe/_0862_,5.48µm
g_row\[0\].g_col\[1\].pe/_1267_,5.48µm
g_row\[0\].g_col\[1\].pe/_1294_,5.48µm
g_row\[1\].g_col\[0\].pe/_0113_,5.48µm
g_row\[1\].g_col\[0\].pe/_0250_,5.48µm
g_row\[1\].g_col\[0\].pe/_0342_,5.48µm
g_row\[1\].g_col\[0\].pe/_0417_,5.48µm
g_row\[1\].g_col\[1\].pe/_0318_,5.48µm
g_row\[1\].g_col\[1\].pe/_0643_,5.48µm
g_row\[1\].g_col\[1\].pe/_1294_,5.48µm
g_row\[1\].g_col\[1\].pe/net1683,5.48µm
g_row\[0\].g_col\[1\].pe/_1218_,5.46µm
g_row\[1\].g_col\[1\].pe/_0260_,5.46µm
g_row\[0\].g_col\[0\].pe/_0951_,5.44µm
g_row\[0\].g_col\[1\].pe/_0138_,5.44µm
g_row\[0\].g_col\[1\].pe/_0149_,5.44µm
g_row\[1\].g_col\[0\].pe/_0177_,5.44µm
g_row\[1\].g_col\[0\].pe/_0594_,5.44µm
g_row\[0\].g_col\[0\].pe/_0895_,5.435µm
g_row\[0\].g_col\[0\].pe/_0112_,5.41µm
g_row\[0\].g_col\[1\].pe/_0751_,5.41µm
g_row\[0\].g_col\[1\].pe/_1081_,5.41µm
g_row\[1\].g_col\[0\].pe/_1133_,5.41µm
g_row\[1\].g_col\[1\].pe/_0665_,5.41µm
g_row\[1\].g_col\[1\].pe/_0700_,5.41µm
g_row\[1\].g_col\[1\].pe/_0769_,5.41µm
g_row\[0\].g_col\[0\].pe/_0565_,5.4µm
g_row\[0\].g_col\[0\].pe/_1017_,5.4µm
g_row\[0\].g_col\[0\].pe/_1142_,5.4µm
g_row\[0\].g_col\[0\].pe/_1178_,5.4µm
g_row\[1\].g_col\[1\].pe/_0063_,5.4µm
g_row\[1\].g_col\[1\].pe/_0345_,5.4µm
g_row\[1\].g_col\[1\].pe/_0912_,5.4µm
g_row\[0\].g_col\[1\].pe/net2149,5.4µm
g_row\[0\].g_col\[0\].pe/_1105_,5.38µm
g_row\[0\].g_col\[1\].pe/_0580_,5.38µm
g_row\[1\].g_col\[0\].pe/_0182_,5.38µm
g_row\[1\].g_col\[0\].pe/_1073_,5.38µm
g_row\[1\].g_col\[1\].pe/_0091_,5.38µm
g_row\[1\].g_col\[1\].pe/_0363_,5.38µm
net1495,5.38µm
g_row\[1\].g_col\[1\].pe/net1653,5.38µm
g_row\[1\].g_col\[0\].pe/net1820,5.38µm
g_row\[1\].g_col\[0\].pe/net2915,5.38µm
g_row\[0\].g_col\[1\].pe/net3004,5.38µm
g_row\[0\].g_col\[0\].pe/_0128_,5.36µm
g_row\[0\].g_col\[0\].pe/_0130_,5.36µm
g_row\[0\].g_col\[0\].pe/_0794_,5.36µm
g_row\[0\].g_col\[0\].pe/_1001_,5.36µm
g_row\[0\].g_col\[0\].pe/_1098_,5.36µm
g_row\[0\].g_col\[0\].pe/_1252_,5.36µm
g_row\[0\].g_col\[1\].pe/_0216_,5.36µm
g_row\[1\].g_col\[0\].pe/_0517_,5.36µm
g_row\[1\].g_col\[0\].pe/_0835_,5.36µm
g_row\[1\].g_col\[0\].pe/_1148_,5.36µm
g_row\[1\].g_col\[1\].pe/_0654_,5.36µm
g_row\[1\].g_col\[1\].pe/_0706_,5.36µm
g_row\[1\].g_col\[1\].pe/_0928_,5.36µm
g_row\[1\].g_col\[1\].pe/_1268_,5.36µm
g_row\[0\].g_col\[0\].pe/_0173_,5.34µm
g_row\[0\].g_col\[0\].pe/_0699_,5.34µm
g_row\[0\].g_col\[0\].pe/_0871_,5.34µm
g_row\[0\].g_col\[1\].pe/_0152_,5.34µm
g_row\[0\].g_col\[1\].pe/_0392_,5.34µm
g_row\[0\].g_col\[1\].pe/_0564_,5.34µm
g_row\[0\].g_col\[1\].pe/_0590_,5.34µm
g_row\[0\].g_col\[1\].pe/_0721_,5.34µm
g_row\[1\].g_col\[0\].pe/_0119_,5.34µm
g_row\[1\].g_col\[0\].pe/_0528_,5.34µm
g_row\[1\].g_col\[0\].pe/_1149_,5.34µm
g_row\[1\].g_col\[0\].pe/_1168_,5.34µm
g_row\[1\].g_col\[0\].pe/_1219_,5.34µm
g_row\[1\].g_col\[0\].pe/_1294_,5.34µm
g_row\[1\].g_col\[0\].pe/_1298_,5.34µm
g_row\[1\].g_col\[0\].pe/_1309_,5.34µm
g_row\[1\].g_col\[1\].pe/_0193_,5.34µm
g_row\[1\].g_col\[1\].pe/_0444_,5.34µm
g_row\[1\].g_col\[1\].pe/_0461_,5.34µm
g_row\[1\].g_col\[1\].pe/_0580_,5.34µm
g_row\[1\].g_col\[1\].pe/_0753_,5.34µm
g_row\[1\].g_col\[1\].pe/_1001_,5.34µm
g_row\[1\].g_col\[1\].pe/net1677,5.34µm
g_row\[1\].g_col\[0\].pe/net1790,5.315µm
g_row\[1\].g_col\[0\].pe/net2112,5.315µm
g_row\[0\].g_col\[1\].pe/_0530_,5.305µm
g_row\[1\].g_col\[0\].pe/_0722_,5.29µm
g_row\[0\].g_col\[0\].pe/_0444_,5.28µm
g_row\[0\].g_col\[1\].pe/_0063_,5.28µm
g_row\[0\].g_col\[1\].pe/_0560_,5.28µm
g_row\[0\].g_col\[1\].pe/_0901_,5.28µm
g_row\[1\].g_col\[0\].pe/_1190_,5.28µm
g_row\[0\].g_col\[1\].pe/net2383,5.28µm
g_row\[0\].g_col\[0\].pe/net2876,5.28µm
g_row\[0\].g_col\[1\].pe/_0179_,5.275µm
g_row\[0\].g_col\[0\].pe/_0301_,5.26µm
g_row\[0\].g_col\[0\].pe/_0513_,5.26µm
g_row\[0\].g_col\[0\].pe/_0717_,5.26µm
g_row\[0\].g_col\[0\].pe/_1216_,5.26µm
g_row\[0\].g_col\[1\].pe/_0232_,5.26µm
g_row\[0\].g_col\[1\].pe/_0490_,5.26µm
g_row\[0\].g_col\[1\].pe/_1282_,5.26µm
g_row\[1\].g_col\[0\].pe/_0309_,5.26µm
g_row\[1\].g_col\[0\].pe/_0339_,5.26µm
g_row\[1\].g_col\[0\].pe/_0377_,5.26µm
g_row\[1\].g_col\[0\].pe/_0405_,5.26µm
g_row\[1\].g_col\[0\].pe/_0548_,5.26µm
g_row\[1\].g_col\[0\].pe/_0582_,5.26µm
g_row\[1\].g_col\[0\].pe/_1202_,5.26µm
g_row\[1\].g_col\[0\].pe/_1296_,5.26µm
g_row\[1\].g_col\[0\].pe/valid_s0,5.26µm
g_row\[1\].g_col\[1\].pe/_0123_,5.26µm
g_row\[1\].g_col\[1\].pe/_0273_,5.26µm
g_row\[1\].g_col\[1\].pe/_0313_,5.26µm
g_row\[1\].g_col\[1\].pe/_0344_,5.26µm
g_row\[1\].g_col\[1\].pe/_0502_,5.26µm
g_row\[1\].g_col\[1\].pe/_0595_,5.26µm
g_row\[1\].g_col\[1\].pe/_0963_,5.26µm
g_row\[0\].g_col\[0\].pe/_0382_,5.24µm
g_row\[0\].g_col\[1\].pe/_0234_,5.24µm
g_row\[0\].g_col\[1\].pe/_1000_,5.24µm
g_row\[1\].g_col\[0\].pe/_0087_,5.24µm
g_row\[1\].g_col\[0\].pe/_1080_,5.24µm
g_row\[1\].g_col\[1\].pe/_0985_,5.24µm
g_row\[1\].g_col\[1\].pe/_1127_,5.24µm
_100_,5.22µm
b_wire\[1\]\[3\],5.22µm
g_row\[0\].g_col\[0\].pe/_0546_,5.22µm
g_row\[0\].g_col\[0\].pe/_0816_,5.22µm
g_row\[0\].g_col\[0\].pe/_1145_,5.22µm
g_row\[0\].g_col\[1\].pe/_0181_,5.22µm
g_row\[0\].g_col\[1\].pe/_0224_,5.22µm
g_row\[0\].g_col\[1\].pe/_0246_,5.22µm
g_row\[0\].g_col\[1\].pe/_0981_,5.22µm
g_row\[0\].g_col\[1\].pe/_1089_,5.22µm
g_row\[0\].g_col\[1\].pe/_1275_,5.22µm
g_row\[1\].g_col\[0\].pe/_0157_,5.22µm
g_row\[1\].g_col\[0\].pe/_0320_,5.22µm
g_row\[1\].g_col\[0\].pe/_0442_,5.22µm
g_row\[1\].g_col\[0\].pe/_0516_,5.22µm
g_row\[1\].g_col\[0\].pe/_0553_,5.22µm
g_row\[1\].g_col\[0\].pe/_0878_,5.22µm
g_row\[1\].g_col\[0\].pe/_0920_,5.22µm
g_row\[1\].g_col\[0\].pe/_0993_,5.22µm
g_row\[1\].g_col\[1\].pe/_0468_,5.22µm
g_row\[1\].g_col\[1\].pe/_0806_,5.22µm
g_row\[1\].g_col\[1\].pe/_0835_,5.22µm
g_row\[1\].g_col\[1\].pe/_0899_,5.22µm
g_row\[1\].g_col\[1\].pe/_0941_,5.22µm
g_row\[1\].g_col\[1\].pe/_1035_,5.22µm
g_row\[1\].g_col\[1\].pe/net1667,5.22µm
g_row\[1\].g_col\[0\].pe/net1919,5.22µm
g_row\[0\].g_col\[1\].pe/net2370,5.22µm
g_row\[1\].g_col\[0\].pe/net2930,5.22µm
net3163,5.22µm
g_row\[0\].g_col\[1\].pe/_0869_,5.19µm
g_row\[0\].g_col\[1\].pe/net2214,5.185µm
g_row\[1\].g_col\[1\].pe/_0182_,5.18µm
g_row\[1\].g_col\[0\].pe/_0981_,5.17µm
g_row\[1\].g_col\[0\].pe/_1293_,5.17µm
g_row\[0\].g_col\[1\].pe/_0754_,5.15µm
g_row\[1\].g_col\[0\].pe/_0257_,5.15µm
g_row\[0\].g_col\[0\].pe/_0083_,5.14µm
g_row\[0\].g_col\[0\].pe/_0176_,5.14µm
g_row\[0\].g_col\[0\].pe/_0313_,5.14µm
g_row\[0\].g_col\[0\].pe/_0664_,5.14µm
g_row\[0\].g_col\[0\].pe/_0838_,5.14µm
g_row\[0\].g_col\[0\].pe/_0906_,5.14µm
g_row\[0\].g_col\[0\].pe/_0989_,5.14µm
g_row\[0\].g_col\[0\].pe/_1024_,5.14µm
g_row\[0\].g_col\[1\].pe/_0206_,5.14µm
g_row\[0\].g_col\[1\].pe/_0453_,5.14µm
g_row\[0\].g_col\[1\].pe/_0567_,5.14µm
g_row\[0\].g_col\[1\].pe/_0588_,5.14µm
g_row\[0\].g_col\[1\].pe/_0827_,5.14µm
g_row\[0\].g_col\[1\].pe/_0848_,5.14µm
g_row\[1\].g_col\[0\].pe/_0752_,5.14µm
g_row\[1\].g_col\[0\].pe/_0861_,5.14µm
g_row\[1\].g_col\[0\].pe/_1104_,5.14µm
g_row\[1\].g_col\[1\].pe/_0215_,5.14µm
g_row\[1\].g_col\[1\].pe/_0230_,5.14µm
g_row\[1\].g_col\[1\].pe/_0247_,5.14µm
g_row\[1\].g_col\[1\].pe/_0591_,5.14µm
g_row\[1\].g_col\[1\].pe/_1015_,5.14µm
g_row\[0\].g_col\[0\].pe/net1997,5.14µm
g_row\[0\].g_col\[1\].pe/net2369,5.14µm
g_row\[0\].g_col\[0\].pe/_0312_,5.12µm
g_row\[0\].g_col\[1\].pe/_1029_,5.12µm
g_row\[1\].g_col\[0\].pe/_0234_,5.12µm
g_row\[0\].g_col\[0\].pe/_0100_,5.1µm
g_row\[0\].g_col\[0\].pe/_0353_,5.1µm
g_row\[0\].g_col\[0\].pe/_0523_,5.1µm
g_row\[0\].g_col\[0\].pe/_0859_,5.1µm
g_row\[0\].g_col\[0\].pe/_0879_,5.1µm
g_row\[0\].g_col\[0\].pe/_1002_,5.1µm
g_row\[0\].g_col\[0\].pe/_1157_,5.1µm
g_row\[0\].g_col\[0\].pe/_1221_,5.1µm
g_row\[0\].g_col\[1\].pe/_0301_,5.1µm
g_row\[0\].g_col\[1\].pe/_0538_,5.1µm
g_row\[0\].g_col\[1\].pe/_0553_,5.1µm
g_row\[1\].g_col\[0\].pe/_0114_,5.1µm
g_row\[1\].g_col\[0\].pe/_0183_,5.1µm
g_row\[1\].g_col\[0\].pe/_0479_,5.1µm
g_row\[1\].g_col\[0\].pe/_0743_,5.1µm
g_row\[1\].g_col\[0\].pe/_0797_,5.1µm
g_row\[1\].g_col\[0\].pe/_0975_,5.1µm
g_row\[1\].g_col\[0\].pe/_1312_,5.1µm
g_row\[0\].g_col\[0\].pe/net2153,5.1µm
net2469,5.1µm
g_row\[1\].g_col\[1\].pe/net2931,5.1µm
net3223,5.1µm
net3288,5.1µm
net3375,5.1µm
net3453,5.1µm
g_row\[0\].g_col\[1\].pe/_0800_,5.09µm
g_row\[1\].g_col\[1\].pe/_0599_,5.07µm
g_row\[0\].g_col\[0\].pe/_0548_,5.06µm
g_row\[0\].g_col\[1\].pe/_1035_,5.06µm
g_row\[1\].g_col\[1\].pe/_1041_,5.06µm
g_row\[1\].g_col\[1\].pe/net1926,5.06µm
g_row\[0\].g_col\[0\].pe/net2887,5.06µm
net3551,5.06µm
g_row\[1\].g_col\[0\].pe/_0751_,5.05µm
g_row\[0\].g_col\[0\].pe/_0228_,5.04µm
g_row\[0\].g_col\[1\].pe/_0320_,5.04µm
g_row\[1\].g_col\[0\].pe/_1023_,5.04µm
g_row\[1\].g_col\[0\].pe/_1033_,5.04µm
g_row\[1\].g_col\[0\].pe/net2859,5.04µm
g_row\[0\].g_col\[0\].pe/_0211_,5.02µm
g_row\[0\].g_col\[0\].pe/_0861_,5.02µm
g_row\[0\].g_col\[0\].pe/_1126_,5.02µm
g_row\[0\].g_col\[1\].pe/_0345_,5.02µm
g_row\[1\].g_col\[0\].pe/_0489_,5.02µm
g_row\[1\].g_col\[0\].pe/_0791_,5.02µm
g_row\[1\].g_col\[0\].pe/_0804_,5.02µm
g_row\[1\].g_col\[0\].pe/_1295_,5.02µm
g_row\[1\].g_col\[1\].pe/_0148_,5.02µm
g_row\[1\].g_col\[1\].pe/_0151_,5.02µm
g_row\[1\].g_col\[1\].pe/_0587_,5.02µm
g_row\[1\].g_col\[1\].pe/_0917_,5.02µm
g_row\[1\].g_col\[1\].pe/_0996_,5.02µm
a_reg\[20\],5µm
g_row\[0\].g_col\[0\].pe/_0091_,5µm
g_row\[0\].g_col\[0\].pe/_0464_,5µm
g_row\[0\].g_col\[0\].pe/_0889_,5µm
g_row\[1\].g_col\[1\].pe/_0150_,5µm
g_row\[1\].g_col\[1\].pe/_0487_,5µm
g_row\[1\].g_col\[1\].pe/_0889_,5µm
g_row\[1\].g_col\[1\].pe/_1033_,5µm
g_row\[1\].g_col\[0\].pe/net1912,5µm
g_row\[1\].g_col\[0\].pe/_0025_,4.975µm
g_row\[1\].g_col\[0\].pe/_0030_,4.975µm
g_row\[0\].g_col\[0\].pe/net2285,4.975µm
g_row\[0\].g_col\[0\].pe/_0499_,4.965µm
g_row\[0\].g_col\[1\].pe/_0999_,4.95µm
g_row\[0\].g_col\[1\].pe/_1142_,4.95µm
g_row\[1\].g_col\[1\].pe/_1092_,4.95µm
g_row\[0\].g_col\[0\].pe/_0725_,4.94µm
g_row\[0\].g_col\[0\].pe/_0996_,4.94µm
g_row\[0\].g_col\[1\].pe/_0571_,4.94µm
g_row\[1\].g_col\[0\].pe/_0563_,4.94µm
g_row\[1\].g_col\[1\].pe/_1331_,4.94µm
g_row\[0\].g_col\[0\].pe/net2108,4.94µm
g_row\[0\].g_col\[1\].pe/net2350,4.925µm
g_row\[0\].g_col\[0\].pe/_0355_,4.92µm
g_row\[0\].g_col\[0\].pe/_0733_,4.92µm
g_row\[0\].g_col\[1\].pe/_0775_,4.92µm
g_row\[1\].g_col\[0\].pe/_0186_,4.92µm
g_row\[1\].g_col\[0\].pe/_0221_,4.92µm
g_row\[1\].g_col\[1\].pe/_0775_,4.92µm
g_row\[1\].g_col\[1\].pe/_1218_,4.92µm
g_row\[1\].g_col\[0\].pe/net2927,4.92µm
g_row\[1\].g_col\[1\].pe/_0518_,4.905µm
g_row\[0\].g_col\[0\].pe/_0159_,4.9µm
g_row\[0\].g_col\[0\].pe/_0209_,4.9µm
g_row\[0\].g_col\[0\].pe/_0283_,4.9µm
g_row\[0\].g_col\[1\].pe/_0710_,4.9µm
g_row\[0\].g_col\[1\].pe/_0952_,4.9µm
g_row\[0\].g_col\[1\].pe/_1023_,4.9µm
g_row\[0\].g_col\[1\].pe/_1111_,4.9µm
g_row\[1\].g_col\[1\].pe/_0094_,4.9µm
g_row\[1\].g_col\[1\].pe/_0485_,4.9µm
g_row\[1\].g_col\[1\].pe/_0804_,4.9µm
g_row\[1\].g_col\[1\].pe/_0946_,4.9µm
g_row\[1\].g_col\[0\].pe/_0032_,4.885µm
g_row\[0\].g_col\[0\].pe/_0252_,4.88µm
g_row\[0\].g_col\[0\].pe/_0467_,4.88µm
g_row\[0\].g_col\[0\].pe/_0651_,4.88µm
g_row\[0\].g_col\[0\].pe/_1281_,4.88µm
g_row\[0\].g_col\[1\].pe/_0398_,4.88µm
g_row\[0\].g_col\[1\].pe/_0979_,4.88µm
g_row\[0\].g_col\[1\].pe/_1202_,4.88µm
g_row\[1\].g_col\[0\].pe/_0590_,4.88µm
g_row\[1\].g_col\[0\].pe/_0856_,4.88µm
g_row\[1\].g_col\[0\].pe/_1157_,4.88µm
g_row\[1\].g_col\[0\].pe/_1234_,4.88µm
g_row\[1\].g_col\[1\].pe/_0114_,4.88µm
g_row\[1\].g_col\[1\].pe/_0793_,4.88µm
g_row\[1\].g_col\[1\].pe/_1053_,4.88µm
g_row\[1\].g_col\[1\].pe/_1083_,4.88µm
net1564,4.88µm
g_row\[0\].g_col\[1\].pe/net1878,4.88µm
g_row\[1\].g_col\[0\].pe/net1916,4.88µm
g_row\[1\].g_col\[1\].pe/_0746_,4.87µm
g_row\[1\].g_col\[0\].pe/net1922,4.86µm
g_row\[0\].g_col\[1\].pe/_0521_,4.845µm
g_row\[0\].g_col\[1\].pe/net2329,4.845µm
g_row\[0\].g_col\[1\].pe/_0837_,4.83µm
g_row\[0\].g_col\[1\].pe/_0028_,4.825µm
g_row\[0\].g_col\[1\].pe/_0758_,4.82µm
g_row\[1\].g_col\[0\].pe/_0996_,4.82µm
g_row\[1\].g_col\[1\].pe/_0343_,4.82µm
g_row\[0\].g_col\[0\].pe/_0547_,4.8µm
g_row\[0\].g_col\[0\].pe/_0796_,4.8µm
g_row\[0\].g_col\[0\].pe/_1025_,4.8µm
g_row\[0\].g_col\[0\].pe/_1091_,4.8µm
g_row\[0\].g_col\[0\].pe/_1223_,4.8µm
g_row\[0\].g_col\[0\].pe/_1246_,4.8µm
g_row\[0\].g_col\[1\].pe/_0492_,4.8µm
g_row\[0\].g_col\[1\].pe/_0572_,4.8µm
g_row\[0\].g_col\[1\].pe/_0838_,4.8µm
g_row\[0\].g_col\[1\].pe/_0900_,4.8µm
g_row\[0\].g_col\[1\].pe/_0982_,4.8µm
g_row\[0\].g_col\[1\].pe/_1059_,4.8µm
g_row\[0\].g_col\[1\].pe/_1312_,4.8µm
g_row\[1\].g_col\[0\].pe/_0297_,4.8µm
g_row\[1\].g_col\[0\].pe/_0692_,4.8µm
g_row\[1\].g_col\[0\].pe/_0757_,4.8µm
g_row\[1\].g_col\[1\].pe/_0496_,4.8µm
g_row\[1\].g_col\[1\].pe/_0965_,4.8µm
net1597,4.8µm
g_row\[1\].g_col\[0\].pe/net1896,4.8µm
net2483,4.8µm
g_row\[1\].g_col\[0\].pe/net2851,4.8µm
net3429,4.8µm
g_row\[0\].g_col\[1\].pe/_0787_,4.785µm
g_row\[0\].g_col\[0\].pe/_0087_,4.78µm
g_row\[0\].g_col\[0\].pe/_0974_,4.78µm
net1385,4.76µm
g_row\[0\].g_col\[0\].pe/_0436_,4.76µm
g_row\[0\].g_col\[0\].pe/_0576_,4.76µm
g_row\[0\].g_col\[1\].pe/_0033_,4.76µm
g_row\[0\].g_col\[1\].pe/_0388_,4.76µm
g_row\[0\].g_col\[1\].pe/_0496_,4.76µm
g_row\[0\].g_col\[1\].pe/_0505_,4.76µm
g_row\[0\].g_col\[1\].pe/_0972_,4.76µm
g_row\[0\].g_col\[1\].pe/_1095_,4.76µm
g_row\[1\].g_col\[0\].pe/_0933_,4.76µm
g_row\[1\].g_col\[0\].pe/_1005_,4.76µm
g_row\[1\].g_col\[0\].pe/_1071_,4.76µm
g_row\[1\].g_col\[0\].pe/_1147_,4.76µm
g_row\[1\].g_col\[1\].pe/_0405_,4.76µm
g_row\[1\].g_col\[1\].pe/_0725_,4.76µm
g_row\[1\].g_col\[1\].pe/_0997_,4.76µm
g_row\[1\].g_col\[1\].pe/_1147_,4.76µm
g_row\[1\].g_col\[0\].pe/net1911,4.76µm
g_row\[1\].g_col\[1\].pe/net1940,4.76µm
g_row\[0\].g_col\[1\].pe/net2349,4.76µm
g_row\[0\].g_col\[1\].pe/net2388,4.76µm
g_row\[0\].g_col\[1\].pe/net2393,4.76µm
g_row\[0\].g_col\[1\].pe/net2404,4.76µm
net2683,4.76µm
net2745,4.76µm
g_row\[1\].g_col\[0\].pe/net3094,4.76µm
net3403,4.76µm
g_row\[1\].g_col\[0\].pe/_0715_,4.75µm
g_row\[0\].g_col\[0\].pe/net2286,4.725µm
g_row\[0\].g_col\[0\].pe/_1136_,4.71µm
g_row\[1\].g_col\[0\].pe/_0713_,4.71µm
g_row\[0\].g_col\[0\].pe/_1219_,4.7µm
g_row\[1\].g_col\[0\].pe/_0335_,4.7µm
g_row\[1\].g_col\[0\].pe/_0498_,4.7µm
g_row\[0\].g_col\[0\].pe/_0013_,4.68µm
g_row\[0\].g_col\[0\].pe/_0107_,4.68µm
g_row\[0\].g_col\[0\].pe/_0161_,4.68µm
g_row\[0\].g_col\[0\].pe/_0164_,4.68µm
g_row\[0\].g_col\[0\].pe/_0976_,4.68µm
g_row\[0\].g_col\[0\].pe/_1000_,4.68µm
g_row\[0\].g_col\[1\].pe/_0850_,4.68µm
g_row\[0\].g_col\[1\].pe/_0856_,4.68µm
g_row\[0\].g_col\[1\].pe/_0934_,4.68µm
g_row\[0\].g_col\[1\].pe/_0940_,4.68µm
g_row\[0\].g_col\[1\].pe/_1144_,4.68µm
g_row\[0\].g_col\[1\].pe/_1295_,4.68µm
g_row\[1\].g_col\[0\].pe/_0053_,4.68µm
g_row\[1\].g_col\[0\].pe/_0270_,4.68µm
g_row\[1\].g_col\[0\].pe/_0973_,4.68µm
g_row\[1\].g_col\[0\].pe/_1181_,4.68µm
g_row\[1\].g_col\[0\].pe/_1245_,4.68µm
g_row\[1\].g_col\[1\].pe/_0051_,4.68µm
g_row\[1\].g_col\[1\].pe/_0113_,4.68µm
g_row\[1\].g_col\[1\].pe/_0244_,4.68µm
g_row\[1\].g_col\[1\].pe/_0323_,4.68µm
g_row\[1\].g_col\[1\].pe/_0830_,4.68µm
g_row\[1\].g_col\[1\].pe/_1049_,4.68µm
g_row\[1\].g_col\[1\].pe/_1113_,4.68µm
g_row\[1\].g_col\[1\].pe/_1276_,4.68µm
g_row\[0\].g_col\[0\].pe/net3039,4.68µm
g_row\[1\].g_col\[0\].pe/_0164_,4.66µm
g_row\[1\].g_col\[0\].pe/_0252_,4.66µm
g_row\[1\].g_col\[1\].pe/_0335_,4.66µm
g_row\[1\].g_col\[1\].pe/_0388_,4.66µm
g_row\[1\].g_col\[1\].pe/_0497_,4.66µm
g_row\[1\].g_col\[1\].pe/net1948,4.635µm
g_row\[1\].g_col\[0\].pe/_1222_,4.61µm
g_row\[1\].g_col\[1\].pe/_0024_,4.605µm
g_row\[0\].g_col\[0\].pe/_0343_,4.6µm
g_row\[1\].g_col\[0\].pe/_0819_,4.6µm
g_row\[1\].g_col\[1\].pe/_0590_,4.6µm
g_row\[1\].g_col\[1\].pe/_0811_,4.6µm
net1509,4.6µm
net2558,4.6µm
net3400,4.6µm
g_row\[0\].g_col\[0\].pe/_1209_,4.58µm
g_row\[0\].g_col\[1\].pe/_0017_,4.58µm
net1424,4.58µm
net1593,4.58µm
g_row\[0\].g_col\[1\].pe/net2038,4.58µm
g_row\[0\].g_col\[0\].pe/net2296,4.58µm
g_row\[1\].g_col\[0\].pe/net3012,4.58µm
g_row\[0\].g_col\[1\].pe/_0210_,4.565µm
g_row\[0\].g_col\[0\].pe/_1159_,4.56µm
g_row\[0\].g_col\[1\].pe/_0099_,4.56µm
g_row\[0\].g_col\[1\].pe/_0213_,4.56µm
g_row\[0\].g_col\[1\].pe/_0305_,4.56µm
g_row\[0\].g_col\[1\].pe/_0655_,4.56µm
g_row\[0\].g_col\[1\].pe/_1043_,4.56µm
g_row\[1\].g_col\[1\].pe/_0235_,4.56µm
g_row\[1\].g_col\[1\].pe/_0473_,4.56µm
g_row\[1\].g_col\[1\].pe/_0802_,4.56µm
g_row\[1\].g_col\[1\].pe/_0886_,4.56µm
g_row\[1\].g_col\[1\].pe/_1066_,4.56µm
g_row\[0\].g_col\[1\].pe/net3109,4.56µm
g_row\[0\].g_col\[0\].pe/_0425_,4.54µm
g_row\[0\].g_col\[0\].pe/_1033_,4.54µm
g_row\[0\].g_col\[1\].pe/_0451_,4.54µm
g_row\[1\].g_col\[0\].pe/_0579_,4.54µm
g_row\[1\].g_col\[1\].pe/_0558_,4.54µm
g_row\[1\].g_col\[1\].pe/_1229_,4.54µm
g_row\[1\].g_col\[0\].pe/net3001,4.54µm
g_row\[1\].g_col\[0\].pe/_1127_,4.52µm
g_row\[0\].g_col\[1\].pe/_1103_,4.49µm
g_row\[1\].g_col\[0\].pe/_0279_,4.49µm
g_row\[1\].g_col\[1\].pe/_1128_,4.49µm
net1399,4.48µm
g_row\[0\].g_col\[0\].pe/_0295_,4.48µm
g_row\[0\].g_col\[0\].pe/_0315_,4.48µm
g_row\[0\].g_col\[0\].pe/_0777_,4.48µm
g_row\[0\].g_col\[0\].pe/_1196_,4.48µm
g_row\[0\].g_col\[1\].pe/_0749_,4.48µm
g_row\[1\].g_col\[0\].pe/_0156_,4.48µm
g_row\[1\].g_col\[0\].pe/_0531_,4.48µm
g_row\[1\].g_col\[0\].pe/_1063_,4.48µm
g_row\[1\].g_col\[1\].pe/_0403_,4.48µm
g_row\[1\].g_col\[1\].pe/_0733_,4.48µm
g_row\[1\].g_col\[1\].pe/_0752_,4.48µm
g_row\[1\].g_col\[1\].pe/net1675,4.465µm
g_row\[0\].g_col\[1\].pe/_0863_,4.46µm
g_row\[0\].g_col\[1\].pe/_0928_,4.46µm
g_row\[1\].g_col\[0\].pe/_0172_,4.46µm
g_row\[1\].g_col\[0\].pe/_0180_,4.46µm
g_row\[1\].g_col\[0\].pe/_0379_,4.46µm
g_row\[1\].g_col\[0\].pe/_0766_,4.46µm
g_row\[1\].g_col\[0\].pe/_0848_,4.46µm
g_row\[1\].g_col\[1\].pe/_0298_,4.46µm
g_row\[1\].g_col\[1\].pe/_0845_,4.46µm
g_row\[0\].g_col\[1\].pe/net2040,4.46µm
g_row\[0\].g_col\[0\].pe/_0331_,4.44µm
g_row\[0\].g_col\[0\].pe/_0848_,4.44µm
g_row\[0\].g_col\[0\].pe/_0985_,4.44µm
g_row\[0\].g_col\[1\].pe/_0331_,4.44µm
g_row\[0\].g_col\[1\].pe/_0879_,4.44µm
g_row\[0\].g_col\[1\].pe/_1022_,4.44µm
g_row\[0\].g_col\[1\].pe/_1336_,4.44µm
g_row\[1\].g_col\[0\].pe/_0960_,4.44µm
g_row\[1\].g_col\[0\].pe/_1086_,4.44µm
g_row\[1\].g_col\[0\].pe/_1227_,4.44µm
g_row\[1\].g_col\[1\].pe/_0110_,4.44µm
g_row\[1\].g_col\[1\].pe/_0982_,4.44µm
g_row\[1\].g_col\[1\].pe/_1004_,4.44µm
g_row\[1\].g_col\[1\].pe/_1293_,4.44µm
g_row\[0\].g_col\[1\].pe/net2353,4.425µm
g_row\[0\].g_col\[0\].pe/_0491_,4.42µm
g_row\[0\].g_col\[0\].pe/_0768_,4.42µm
g_row\[0\].g_col\[0\].pe/_0967_,4.42µm
g_row\[0\].g_col\[1\].pe/_0105_,4.42µm
g_row\[0\].g_col\[1\].pe/_1068_,4.42µm
g_row\[1\].g_col\[0\].pe/_0082_,4.42µm
g_row\[1\].g_col\[0\].pe/_0274_,4.42µm
g_row\[1\].g_col\[0\].pe/_0468_,4.42µm
g_row\[1\].g_col\[0\].pe/_0580_,4.42µm
g_row\[1\].g_col\[0\].pe/_0907_,4.42µm
g_row\[1\].g_col\[0\].pe/_1039_,4.42µm
g_row\[1\].g_col\[0\].pe/_1281_,4.42µm
g_row\[1\].g_col\[1\].pe/_0519_,4.42µm
g_row\[1\].g_col\[1\].pe/_0741_,4.42µm
g_row\[1\].g_col\[1\].pe/_0866_,4.42µm
g_row\[1\].g_col\[1\].pe/_0904_,4.42µm
g_row\[1\].g_col\[1\].pe/_0927_,4.42µm
g_row\[1\].g_col\[1\].pe/_0952_,4.42µm
net1469,4.42µm
g_row\[0\].g_col\[1\].pe/net2201,4.42µm
g_row\[0\].g_col\[0\].pe/net2309,4.42µm
g_row\[0\].g_col\[1\].pe/net2371,4.42µm
g_row\[0\].g_col\[1\].pe/net2402,4.42µm
g_row\[1\].g_col\[1\].pe/_1240_,4.39µm
g_row\[1\].g_col\[1\].pe/_0499_,4.385µm
g_row\[0\].g_col\[1\].pe/_0062_,4.38µm
g_row\[1\].g_col\[0\].pe/_1085_,4.375µm
g_row\[1\].g_col\[1\].pe/_0210_,4.375µm
g_row\[1\].g_col\[1\].pe/_0674_,4.375µm
g_row\[0\].g_col\[0\].pe/_0258_,4.37µm
g_row\[0\].g_col\[1\].pe/_0916_,4.37µm
g_row\[1\].g_col\[0\].pe/_0829_,4.37µm
g_row\[1\].g_col\[0\].pe/_0955_,4.37µm
g_row\[1\].g_col\[1\].pe/_0751_,4.37µm
g_row\[1\].g_col\[1\].pe/_0790_,4.37µm
g_row\[1\].g_col\[1\].pe/_0933_,4.37µm
g_row\[1\].g_col\[1\].pe/_1086_,4.37µm
b_wire\[0\]\[0\],4.36µm
g_row\[0\].g_col\[0\].pe/_0487_,4.36µm
g_row\[0\].g_col\[1\].pe/_0180_,4.36µm
g_row\[0\].g_col\[1\].pe/_0255_,4.36µm
g_row\[1\].g_col\[0\].pe/r3_prod_mant\[14\],4.36µm
g_row\[0\].g_col\[1\].pe/_0458_,4.35µm
g_row\[0\].g_col\[0\].pe/_0099_,4.34µm
g_row\[0\].g_col\[0\].pe/_0326_,4.34µm
g_row\[0\].g_col\[0\].pe/_0552_,4.34µm
g_row\[0\].g_col\[0\].pe/_0577_,4.34µm
g_row\[0\].g_col\[0\].pe/_0993_,4.34µm
g_row\[0\].g_col\[0\].pe/_1272_,4.34µm
g_row\[0\].g_col\[0\].pe/r2_mantissa\[0\],4.34µm
g_row\[0\].g_col\[1\].pe/_0014_,4.34µm
g_row\[0\].g_col\[1\].pe/_0336_,4.34µm
g_row\[0\].g_col\[1\].pe/_0569_,4.34µm
g_row\[0\].g_col\[1\].pe/_0624_,4.34µm
g_row\[0\].g_col\[1\].pe/_0989_,4.34µm
g_row\[1\].g_col\[0\].pe/_0193_,4.34µm
g_row\[1\].g_col\[0\].pe/_0492_,4.34µm
g_row\[1\].g_col\[0\].pe/_1218_,4.34µm
g_row\[1\].g_col\[1\].pe/_0119_,4.34µm
g_row\[1\].g_col\[1\].pe/_0225_,4.34µm
g_row\[1\].g_col\[1\].pe/_0248_,4.34µm
g_row\[1\].g_col\[1\].pe/_0349_,4.34µm
g_row\[1\].g_col\[1\].pe/_1126_,4.34µm
g_row\[1\].g_col\[1\].pe/_1134_,4.34µm
g_row\[1\].g_col\[1\].pe/_1271_,4.34µm
net1538,4.34µm
net1584,4.34µm
g_row\[1\].g_col\[0\].pe/net1733,4.34µm
g_row\[1\].g_col\[1\].pe/net2084,4.34µm
g_row\[0\].g_col\[1\].pe/net2327,4.34µm
g_row\[1\].g_col\[0\].pe/net2845,4.34µm
g_row\[1\].g_col\[1\].pe/net3091,4.34µm
g_row\[0\].g_col\[0\].pe/_1181_,4.32µm
g_row\[0\].g_col\[1\].pe/_1221_,4.32µm
g_row\[1\].g_col\[0\].pe/_1135_,4.32µm
g_row\[0\].g_col\[1\].pe/_0687_,4.3µm
g_row\[0\].g_col\[0\].pe/_1222_,4.29µm
g_row\[0\].g_col\[0\].pe/_0744_,4.285µm
g_row\[0\].g_col\[0\].pe/_1242_,4.27µm
g_row\[0\].g_col\[1\].pe/_0136_,4.27µm
g_row\[0\].g_col\[1\].pe/_0663_,4.27µm
g_row\[1\].g_col\[0\].pe/_0700_,4.27µm
g_row\[1\].g_col\[0\].pe/_1136_,4.27µm
g_row\[1\].g_col\[1\].pe/_0837_,4.27µm
g_row\[1\].g_col\[1\].pe/_0843_,4.27µm
net3340,4.27µm
g_row\[1\].g_col\[0\].pe/_0027_,4.265µm
g_row\[1\].g_col\[0\].pe/_1241_,4.25µm
g_row\[1\].g_col\[1\].pe/_0950_,4.24µm
g_row\[1\].g_col\[0\].pe/_0939_,4.235µm
g_row\[0\].g_col\[0\].pe/_0151_,4.22µm
g_row\[0\].g_col\[0\].pe/_0383_,4.22µm
g_row\[0\].g_col\[0\].pe/_0770_,4.22µm
g_row\[0\].g_col\[0\].pe/_0819_,4.22µm
g_row\[0\].g_col\[0\].pe/_0973_,4.22µm
g_row\[0\].g_col\[1\].pe/_0020_,4.22µm
g_row\[1\].g_col\[0\].pe/_0770_,4.22µm
g_row\[1\].g_col\[0\].pe/_0838_,4.22µm
g_row\[1\].g_col\[0\].pe/_1301_,4.22µm
g_row\[1\].g_col\[1\].pe/_0286_,4.22µm
g_row\[1\].g_col\[1\].pe/_0661_,4.22µm
g_row\[1\].g_col\[1\].pe/_0924_,4.22µm
g_row\[1\].g_col\[1\].pe/_0992_,4.22µm
g_row\[1\].g_col\[1\].pe/_1028_,4.22µm
g_row\[1\].g_col\[0\].pe/net2916,4.22µm
g_row\[1\].g_col\[0\].pe/net3103,4.22µm
g_row\[1\].g_col\[1\].pe/_0028_,4.205µm
g_row\[0\].g_col\[1\].pe/_0526_,4.2µm
g_row\[1\].g_col\[0\].pe/_0499_,4.165µm
g_row\[1\].g_col\[0\].pe/_1095_,4.15µm
g_row\[1\].g_col\[1\].pe/_0718_,4.15µm
g_row\[1\].g_col\[0\].pe/_0509_,4.145µm
net1387,4.14µm
g_row\[0\].g_col\[0\].pe/net2264,4.14µm
g_row\[1\].g_col\[1\].pe/_0488_,4.125µm
g_row\[0\].g_col\[1\].pe/_0007_,4.12µm
g_row\[0\].g_col\[1\].pe/_0631_,4.12µm
g_row\[1\].g_col\[0\].pe/net1862,4.12µm
g_row\[1\].g_col\[0\].pe/net3030,4.12µm
net1386,4.1µm
g_row\[0\].g_col\[0\].pe/_0110_,4.1µm
g_row\[0\].g_col\[0\].pe/_0310_,4.1µm
g_row\[0\].g_col\[1\].pe/_0282_,4.1µm
g_row\[0\].g_col\[1\].pe/_0886_,4.1µm
g_row\[1\].g_col\[0\].pe/_0108_,4.1µm
g_row\[1\].g_col\[0\].pe/_0175_,4.1µm
g_row\[1\].g_col\[0\].pe/_0218_,4.1µm
g_row\[1\].g_col\[0\].pe/_0865_,4.1µm
g_row\[1\].g_col\[1\].pe/_0378_,4.1µm
g_row\[1\].g_col\[1\].pe/_0523_,4.1µm
g_row\[1\].g_col\[1\].pe/_0692_,4.1µm
g_row\[1\].g_col\[1\].pe/_1262_,4.1µm
g_row\[1\].g_col\[0\].pe/_1026_,4.08µm
g_row\[1\].g_col\[0\].pe/net1757,4.08µm
g_row\[0\].g_col\[0\].pe/net1996,4.08µm
g_row\[0\].g_col\[1\].pe/net2325,4.08µm
net3408,4.08µm
g_row\[0\].g_col\[0\].pe/net2236,4.075µm
g_row\[0\].g_col\[1\].pe/_0313_,4.04µm
g_row\[1\].g_col\[0\].pe/_0112_,4.03µm
g_row\[1\].g_col\[0\].pe/_0721_,4.03µm
g_row\[1\].g_col\[0\].pe/_1089_,4.03µm
g_row\[1\].g_col\[1\].pe/_0112_,4.03µm
g_row\[1\].g_col\[1\].pe/_0721_,4.03µm
b_wire\[1\]\[0\],4.02µm
g_row\[0\].g_col\[0\].pe/_0480_,4.02µm
g_row\[0\].g_col\[0\].pe/_0495_,4.02µm
g_row\[0\].g_col\[0\].pe/_0541_,4.02µm
g_row\[0\].g_col\[0\].pe/_0568_,4.02µm
g_row\[0\].g_col\[0\].pe/_1063_,4.02µm
g_row\[0\].g_col\[0\].pe/_1239_,4.02µm
g_row\[0\].g_col\[1\].pe/_0352_,4.02µm
g_row\[0\].g_col\[1\].pe/_0766_,4.02µm
g_row\[0\].g_col\[1\].pe/_1239_,4.02µm
g_row\[1\].g_col\[0\].pe/_0249_,4.02µm
g_row\[1\].g_col\[1\].pe/_0354_,4.02µm
g_row\[1\].g_col\[1\].pe/_0803_,4.02µm
g_row\[1\].g_col\[1\].pe/_0972_,4.02µm
g_row\[1\].g_col\[1\].pe/_1181_,4.02µm
g_row\[1\].g_col\[0\].pe/net1831,4.02µm
g_row\[0\].g_col\[1\].pe/net2378,4.02µm
g_row\[0\].g_col\[0\].pe/_0580_,4µm
g_row\[0\].g_col\[0\].pe/_0789_,4µm
g_row\[0\].g_col\[1\].pe/_0005_,4µm
g_row\[0\].g_col\[1\].pe/_0193_,4µm
g_row\[0\].g_col\[1\].pe/_0277_,4µm
g_row\[0\].g_col\[1\].pe/_0369_,4µm
g_row\[0\].g_col\[1\].pe/_0824_,4µm
g_row\[0\].g_col\[1\].pe/_1108_,4µm
g_row\[0\].g_col\[1\].pe/_1286_,4µm
g_row\[1\].g_col\[0\].pe/_0138_,4µm
g_row\[1\].g_col\[0\].pe/_0889_,4µm
g_row\[1\].g_col\[0\].pe/_0979_,4µm
g_row\[1\].g_col\[0\].pe/_1335_,4µm
g_row\[1\].g_col\[1\].pe/_0052_,4µm
g_row\[1\].g_col\[1\].pe/_0186_,4µm
g_row\[1\].g_col\[1\].pe/_0238_,4µm
g_row\[1\].g_col\[1\].pe/_0267_,4µm
g_row\[1\].g_col\[1\].pe/_0394_,4µm
g_row\[1\].g_col\[1\].pe/_0509_,4µm
g_row\[1\].g_col\[1\].pe/_1168_,4µm
g_row\[1\].g_col\[1\].pe/net1680,4µm
g_row\[1\].g_col\[0\].pe/net2255,4µm
net3143,4µm
g_row\[0\].g_col\[1\].pe/net3049,3.995µm
g_row\[1\].g_col\[1\].pe/_0512_,3.985µm
g_row\[0\].g_col\[0\].pe/_0213_,3.98µm
g_row\[0\].g_col\[0\].pe/_0773_,3.98µm
g_row\[0\].g_col\[1\].pe/_0429_,3.98µm
g_row\[0\].g_col\[1\].pe/_0795_,3.98µm
g_row\[0\].g_col\[1\].pe/_1065_,3.98µm
g_row\[0\].g_col\[1\].pe/_1132_,3.98µm
g_row\[1\].g_col\[0\].pe/_1022_,3.98µm
net1425,3.98µm
g_row\[1\].g_col\[1\].pe/_0874_,3.98µm
g_row\[1\].g_col\[0\].pe/_0028_,3.965µm
g_row\[0\].g_col\[1\].pe/_0504_,3.925µm
g_row\[0\].g_col\[0\].pe/_0654_,3.915µm
g_row\[0\].g_col\[0\].pe/_1255_,3.915µm
g_row\[1\].g_col\[1\].pe/_0274_,3.915µm
g_row\[1\].g_col\[1\].pe/_0787_,3.91µm
g_row\[0\].g_col\[0\].pe/_0257_,3.9µm
g_row\[0\].g_col\[0\].pe/_0401_,3.9µm
g_row\[0\].g_col\[1\].pe/_0478_,3.9µm
g_row\[1\].g_col\[1\].pe/_0301_,3.9µm
g_row\[1\].g_col\[1\].pe/_0479_,3.89µm
net1350,3.88µm
g_row\[0\].g_col\[0\].pe/_0238_,3.88µm
g_row\[0\].g_col\[0\].pe/_0505_,3.88µm
g_row\[0\].g_col\[0\].pe/_0617_,3.88µm
g_row\[0\].g_col\[0\].pe/_0745_,3.88µm
g_row\[0\].g_col\[1\].pe/_0096_,3.88µm
g_row\[0\].g_col\[1\].pe/_0211_,3.88µm
g_row\[0\].g_col\[1\].pe/_0262_,3.88µm
g_row\[0\].g_col\[1\].pe/_0568_,3.88µm
g_row\[0\].g_col\[1\].pe/_1083_,3.88µm
g_row\[1\].g_col\[0\].pe/_0148_,3.88µm
g_row\[1\].g_col\[0\].pe/_0213_,3.88µm
g_row\[1\].g_col\[0\].pe/_0304_,3.88µm
g_row\[1\].g_col\[0\].pe/_0343_,3.88µm
g_row\[1\].g_col\[0\].pe/_0393_,3.88µm
g_row\[1\].g_col\[0\].pe/_0502_,3.88µm
g_row\[1\].g_col\[0\].pe/_0557_,3.88µm
g_row\[1\].g_col\[0\].pe/_1191_,3.88µm
g_row\[1\].g_col\[0\].pe/_1221_,3.88µm
g_row\[1\].g_col\[1\].pe/_0087_,3.88µm
g_row\[1\].g_col\[1\].pe/_0130_,3.88µm
g_row\[1\].g_col\[1\].pe/_0232_,3.88µm
g_row\[1\].g_col\[1\].pe/_0459_,3.88µm
g_row\[1\].g_col\[1\].pe/_0786_,3.88µm
g_row\[1\].g_col\[1\].pe/_1032_,3.88µm
g_row\[1\].g_col\[1\].pe/_1034_,3.88µm
net1484,3.88µm
g_row\[0\].g_col\[1\].pe/net1879,3.88µm
g_row\[1\].g_col\[1\].pe/net1983,3.88µm
net2654,3.88µm
net2739,3.88µm
g_row\[1\].g_col\[0\].pe/net3045,3.88µm
net3149,3.88µm
net3490,3.88µm
g_row\[0\].g_col\[0\].pe/_0779_,3.86µm
g_row\[0\].g_col\[0\].pe/_0984_,3.86µm
g_row\[1\].g_col\[0\].pe/_0303_,3.86µm
g_row\[1\].g_col\[0\].pe/net2256,3.86µm
g_row\[1\].g_col\[0\].pe/_0748_,3.83µm
g_row\[0\].g_col\[0\].pe/_0809_,3.81µm
g_row\[0\].g_col\[0\].pe/_0837_,3.81µm
g_row\[0\].g_col\[1\].pe/_0641_,3.81µm
g_row\[0\].g_col\[1\].pe/_0512_,3.78µm
g_row\[0\].g_col\[1\].pe/_0611_,3.78µm
g_row\[1\].g_col\[0\].pe/_1259_,3.78µm
g_row\[1\].g_col\[0\].pe/net1915,3.78µm
g_row\[0\].g_col\[0\].pe/_0329_,3.76µm
g_row\[0\].g_col\[0\].pe/_0349_,3.76µm
g_row\[0\].g_col\[0\].pe/_0719_,3.76µm
g_row\[0\].g_col\[0\].pe/_0730_,3.76µm
g_row\[0\].g_col\[0\].pe/_0997_,3.76µm
g_row\[0\].g_col\[0\].pe/_1092_,3.76µm
g_row\[0\].g_col\[0\].pe/_1173_,3.76µm
g_row\[0\].g_col\[1\].pe/_0566_,3.76µm
g_row\[0\].g_col\[1\].pe/_0623_,3.76µm
g_row\[0\].g_col\[1\].pe/_0790_,3.76µm
g_row\[0\].g_col\[1\].pe/_1004_,3.76µm
g_row\[0\].g_col\[1\].pe/_1014_,3.76µm
g_row\[1\].g_col\[0\].pe/_0100_,3.76µm
g_row\[1\].g_col\[0\].pe/_0437_,3.76µm
g_row\[1\].g_col\[0\].pe/_0847_,3.76µm
g_row\[1\].g_col\[0\].pe/_0917_,3.76µm
g_row\[1\].g_col\[1\].pe/_0100_,3.76µm
g_row\[1\].g_col\[1\].pe/_0315_,3.76µm
g_row\[1\].g_col\[1\].pe/_0556_,3.76µm
g_row\[1\].g_col\[1\].pe/_0799_,3.76µm
g_row\[1\].g_col\[1\].pe/_0847_,3.76µm
g_row\[1\].g_col\[1\].pe/_0848_,3.76µm
g_row\[1\].g_col\[1\].pe/_1003_,3.76µm
g_row\[1\].g_col\[1\].pe/_1104_,3.76µm
g_row\[1\].g_col\[1\].pe/_1309_,3.76µm
g_row\[1\].g_col\[0\].pe/net2819,3.76µm
g_row\[0\].g_col\[1\].pe/_0031_,3.755µm
g_row\[0\].g_col\[0\].pe/_0824_,3.725µm
g_row\[0\].g_col\[0\].pe/_0279_,3.69µm
g_row\[0\].g_col\[0\].pe/_1165_,3.69µm
g_row\[1\].g_col\[0\].pe/_1216_,3.69µm
g_row\[1\].g_col\[1\].pe/_0279_,3.69µm
g_row\[1\].g_col\[1\].pe/_0831_,3.69µm
g_row\[0\].g_col\[0\].pe/_0014_,3.68µm
g_row\[1\].g_col\[0\].pe/_0367_,3.68µm
g_row\[1\].g_col\[0\].pe/_0370_,3.68µm
g_row\[0\].g_col\[1\].pe/net2400,3.68µm
g_row\[1\].g_col\[0\].pe/_0163_,3.66µm
g_row\[1\].g_col\[0\].pe/_1059_,3.66µm
net1486,3.66µm
g_row\[1\].g_col\[0\].pe/net1894,3.66µm
g_row\[0\].g_col\[1\].pe/net2401,3.66µm
net3318,3.66µm
net1360,3.64µm
g_row\[0\].g_col\[0\].pe/_0675_,3.64µm
g_row\[0\].g_col\[0\].pe/_0752_,3.64µm
g_row\[0\].g_col\[0\].pe/_1117_,3.64µm
g_row\[0\].g_col\[0\].pe/_1312_,3.64µm
g_row\[0\].g_col\[1\].pe/_0908_,3.64µm
g_row\[0\].g_col\[1\].pe/_1297_,3.64µm
g_row\[1\].g_col\[0\].pe/_0207_,3.64µm
g_row\[1\].g_col\[0\].pe/_0799_,3.64µm
g_row\[1\].g_col\[0\].pe/_0886_,3.64µm
g_row\[1\].g_col\[0\].pe/_0914_,3.64µm
g_row\[1\].g_col\[1\].pe/_0346_,3.64µm
g_row\[1\].g_col\[1\].pe/_0650_,3.64µm
g_row\[1\].g_col\[1\].pe/_0842_,3.64µm
g_row\[1\].g_col\[1\].pe/_1107_,3.64µm
g_row\[1\].g_col\[1\].pe/_0515_,3.635µm
g_row\[0\].g_col\[1\].pe/_0509_,3.585µm
g_row\[1\].g_col\[1\].pe/net1984,3.585µm
g_row\[1\].g_col\[0\].pe/_0532_,3.575µm
g_row\[1\].g_col\[0\].pe/_0023_,3.565µm
g_row\[1\].g_col\[0\].pe/_0725_,3.56µm
g_row\[1\].g_col\[1\].pe/_0817_,3.56µm
g_row\[0\].g_col\[0\].pe/_1005_,3.555µm
g_row\[0\].g_col\[0\].pe/_0414_,3.54µm
g_row\[0\].g_col\[0\].pe/_0826_,3.54µm
g_row\[0\].g_col\[0\].pe/_0922_,3.54µm
g_row\[0\].g_col\[0\].pe/_1071_,3.54µm
g_row\[0\].g_col\[1\].pe/_0249_,3.54µm
g_row\[0\].g_col\[1\].pe/_0347_,3.54µm
g_row\[0\].g_col\[1\].pe/_0355_,3.54µm
g_row\[0\].g_col\[1\].pe/_0386_,3.54µm
g_row\[0\].g_col\[1\].pe/_0889_,3.54µm
g_row\[1\].g_col\[0\].pe/_0277_,3.54µm
g_row\[1\].g_col\[0\].pe/_0310_,3.54µm
g_row\[1\].g_col\[0\].pe/_0340_,3.54µm
g_row\[1\].g_col\[0\].pe/_0720_,3.54µm
g_row\[1\].g_col\[0\].pe/_0730_,3.54µm
g_row\[1\].g_col\[0\].pe/_0739_,3.54µm
g_row\[1\].g_col\[0\].pe/_0789_,3.54µm
g_row\[1\].g_col\[0\].pe/_1172_,3.54µm
g_row\[1\].g_col\[0\].pe/_1277_,3.54µm
g_row\[1\].g_col\[1\].pe/_0139_,3.54µm
g_row\[1\].g_col\[1\].pe/_0324_,3.54µm
g_row\[1\].g_col\[1\].pe/_0789_,3.54µm
g_row\[1\].g_col\[1\].pe/_0973_,3.54µm
g_row\[1\].g_col\[1\].pe/_1282_,3.54µm
g_row\[1\].g_col\[0\].pe/net1873,3.54µm
g_row\[0\].g_col\[0\].pe/net2005,3.54µm
g_row\[0\].g_col\[0\].pe/net2101,3.54µm
g_row\[1\].g_col\[0\].pe/net2900,3.54µm
g_row\[0\].g_col\[0\].pe/net3125,3.54µm
g_row\[0\].g_col\[0\].pe/net3127,3.54µm
g_row\[0\].g_col\[1\].pe/_0535_,3.525µm
g_row\[0\].g_col\[0\].pe/_0594_,3.52µm
g_row\[0\].g_col\[1\].pe/_0315_,3.52µm
g_row\[0\].g_col\[1\].pe/_0706_,3.52µm
g_row\[0\].g_col\[1\].pe/_1010_,3.52µm
g_row\[0\].g_col\[1\].pe/_1076_,3.52µm
g_row\[1\].g_col\[0\].pe/_0319_,3.52µm
g_row\[1\].g_col\[0\].pe/_0595_,3.52µm
g_row\[1\].g_col\[0\].pe/_0750_,3.52µm
g_row\[1\].g_col\[0\].pe/_0833_,3.52µm
g_row\[1\].g_col\[0\].pe/_0836_,3.52µm
g_row\[1\].g_col\[0\].pe/_0875_,3.52µm
g_row\[1\].g_col\[0\].pe/_1239_,3.52µm
g_row\[1\].g_col\[0\].pe/_0521_,3.505µm
g_row\[0\].g_col\[1\].pe/net2217,3.465µm
g_row\[1\].g_col\[0\].pe/_0846_,3.455µm
g_row\[0\].g_col\[0\].pe/_0475_,3.44µm
g_row\[0\].g_col\[0\].pe/_0528_,3.44µm
g_row\[1\].g_col\[1\].pe/_1050_,3.44µm
g_row\[1\].g_col\[1\].pe/_1196_,3.44µm
g_row\[1\].g_col\[1\].pe/net1665,3.44µm
g_row\[1\].g_col\[1\].pe/net1945,3.44µm
g_row\[0\].g_col\[1\].pe/net2355,3.44µm
net1294,3.42µm
g_row\[0\].g_col\[0\].pe/_0275_,3.42µm
g_row\[0\].g_col\[0\].pe/_0582_,3.42µm
g_row\[0\].g_col\[0\].pe/_0585_,3.42µm
g_row\[0\].g_col\[0\].pe/_0753_,3.42µm
g_row\[0\].g_col\[0\].pe/_0949_,3.42µm
g_row\[0\].g_col\[0\].pe/_0990_,3.42µm
g_row\[0\].g_col\[0\].pe/_1016_,3.42µm
g_row\[0\].g_col\[0\].pe/_1034_,3.42µm
g_row\[0\].g_col\[0\].pe/_1056_,3.42µm
g_row\[0\].g_col\[0\].pe/_1155_,3.42µm
g_row\[0\].g_col\[1\].pe/_0192_,3.42µm
g_row\[0\].g_col\[1\].pe/_0351_,3.42µm
g_row\[0\].g_col\[1\].pe/_0405_,3.42µm
g_row\[0\].g_col\[1\].pe/_0570_,3.42µm
g_row\[0\].g_col\[1\].pe/_0630_,3.42µm
g_row\[0\].g_col\[1\].pe/_1034_,3.42µm
g_row\[0\].g_col\[1\].pe/_1058_,3.42µm
g_row\[0\].g_col\[1\].pe/_1147_,3.42µm
g_row\[0\].g_col\[1\].pe/_1174_,3.42µm
g_row\[0\].g_col\[1\].pe/_1178_,3.42µm
g_row\[1\].g_col\[0\].pe/_0294_,3.42µm
g_row\[1\].g_col\[0\].pe/_0324_,3.42µm
g_row\[1\].g_col\[0\].pe/_0336_,3.42µm
g_row\[1\].g_col\[0\].pe/_0358_,3.42µm
g_row\[1\].g_col\[0\].pe/_0434_,3.42µm
g_row\[1\].g_col\[0\].pe/_0446_,3.42µm
g_row\[1\].g_col\[0\].pe/_0547_,3.42µm
g_row\[1\].g_col\[0\].pe/_1053_,3.42µm
g_row\[1\].g_col\[0\].pe/_1160_,3.42µm
g_row\[1\].g_col\[1\].pe/_0283_,3.42µm
g_row\[1\].g_col\[1\].pe/_0374_,3.42µm
g_row\[1\].g_col\[1\].pe/_0551_,3.42µm
g_row\[1\].g_col\[1\].pe/_1155_,3.42µm
g_row\[1\].g_col\[1\].pe/_1223_,3.42µm
g_row\[1\].g_col\[1\].pe/_1255_,3.42µm
g_row\[1\].g_col\[1\].pe/net1672,3.42µm
g_row\[1\].g_col\[0\].pe/net1688,3.42µm
g_row\[0\].g_col\[0\].pe/net2105,3.42µm
g_row\[0\].g_col\[1\].pe/net2202,3.42µm
g_row\[0\].g_col\[1\].pe/net2348,3.42µm
g_row\[1\].g_col\[0\].pe/net2892,3.42µm
g_row\[0\].g_col\[0\].pe/net2896,3.42µm
g_row\[1\].g_col\[0\].pe/net2914,3.42µm
g_row\[1\].g_col\[1\].pe/net3096,3.42µm
net3560,3.42µm
g_row\[0\].g_col\[0\].pe/_0205_,3.4µm
g_row\[0\].g_col\[0\].pe/_0972_,3.4µm
g_row\[0\].g_col\[0\].pe/_1076_,3.4µm
g_row\[0\].g_col\[1\].pe/_0135_,3.4µm
g_row\[0\].g_col\[1\].pe/_0172_,3.4µm
g_row\[0\].g_col\[1\].pe/_1085_,3.4µm
g_row\[1\].g_col\[0\].pe/_0135_,3.4µm
g_row\[1\].g_col\[0\].pe/_0143_,3.4µm
g_row\[1\].g_col\[0\].pe/_0686_,3.4µm
g_row\[1\].g_col\[0\].pe/_0880_,3.4µm
g_row\[1\].g_col\[0\].pe/_1088_,3.4µm
g_row\[1\].g_col\[1\].pe/_0699_,3.4µm
g_row\[1\].g_col\[1\].pe/_0833_,3.4µm
g_row\[0\].g_col\[1\].pe/_0833_,3.36µm
g_row\[0\].g_col\[1\].pe/_0258_,3.35µm
g_row\[0\].g_col\[1\].pe/_0711_,3.35µm
g_row\[1\].g_col\[0\].pe/_0800_,3.35µm
g_row\[0\].g_col\[0\].pe/_1107_,3.3µm
g_row\[0\].g_col\[1\].pe/_0513_,3.3µm
g_row\[0\].g_col\[1\].pe/_0903_,3.3µm
g_row\[0\].g_col\[1\].pe/_1107_,3.3µm
g_row\[0\].g_col\[1\].pe/_1246_,3.3µm
g_row\[1\].g_col\[0\].pe/_0301_,3.3µm
g_row\[1\].g_col\[0\].pe/_0636_,3.3µm
g_row\[1\].g_col\[0\].pe/_0664_,3.3µm
g_row\[1\].g_col\[1\].pe/_0081_,3.3µm
g_row\[1\].g_col\[1\].pe/_1272_,3.3µm
g_row\[0\].g_col\[0\].pe/net2938,3.3µm
g_row\[0\].g_col\[1\].pe/_0654_,3.295µm
g_row\[1\].g_col\[0\].pe/_1196_,3.265µm
g_row\[0\].g_col\[1\].pe/_0021_,3.245µm
g_row\[0\].g_col\[1\].pe/net2126,3.245µm
g_row\[1\].g_col\[1\].pe/net2171,3.245µm
g_row\[0\].g_col\[0\].pe/_1027_,3.24µm
g_row\[0\].g_col\[0\].pe/_0880_,3.22µm
g_row\[0\].g_col\[0\].pe/_1218_,3.22µm
g_row\[0\].g_col\[1\].pe/_0473_,3.22µm
g_row\[0\].g_col\[1\].pe/_1033_,3.22µm
g_row\[1\].g_col\[0\].pe/_1035_,3.22µm
g_row\[1\].g_col\[1\].pe/_0312_,3.22µm
g_row\[1\].g_col\[1\].pe/_0351_,3.22µm
net1277,3.22µm
net1442,3.22µm
g_row\[1\].g_col\[1\].pe/net2873,3.22µm
net3002,3.22µm
g_row\[0\].g_col\[0\].pe/_0874_,3.2µm
g_row\[0\].g_col\[1\].pe/_0163_,3.2µm
g_row\[1\].g_col\[0\].pe/net1659,3.2µm
g_row\[1\].g_col\[1\].pe/net2210,3.2µm
g_row\[0\].g_col\[0\].pe/net2314,3.2µm
net2685,3.2µm
g_row\[0\].g_col\[0\].pe/net3076,3.2µm
g_row\[0\].g_col\[0\].pe/_0218_,3.18µm
g_row\[0\].g_col\[0\].pe/_0246_,3.18µm
g_row\[0\].g_col\[0\].pe/_0249_,3.18µm
g_row\[0\].g_col\[0\].pe/_0328_,3.18µm
g_row\[0\].g_col\[0\].pe/_0785_,3.18µm
g_row\[0\].g_col\[1\].pe/_0506_,3.18µm
g_row\[0\].g_col\[1\].pe/_0817_,3.18µm
g_row\[0\].g_col\[1\].pe/_0962_,3.18µm
g_row\[1\].g_col\[0\].pe/_0151_,3.18µm
g_row\[1\].g_col\[0\].pe/_0211_,3.18µm
g_row\[1\].g_col\[1\].pe/_0101_,3.18µm
g_row\[1\].g_col\[1\].pe/_1065_,3.18µm
g_row\[1\].g_col\[1\].pe/net2193,3.18µm
g_row\[1\].g_col\[1\].pe/_0476_,3.145µm
g_row\[0\].g_col\[1\].pe/_0032_,3.125µm
g_row\[0\].g_col\[1\].pe/net1793,3.125µm
g_row\[1\].g_col\[1\].pe/net1981,3.125µm
g_row\[0\].g_col\[0\].pe/net2227,3.125µm
g_row\[0\].g_col\[0\].pe/_0221_,3.1µm
g_row\[0\].g_col\[0\].pe/_1019_,3.1µm
g_row\[0\].g_col\[1\].pe/_0491_,3.1µm
g_row\[0\].g_col\[1\].pe/_0522_,3.1µm
g_row\[0\].g_col\[1\].pe/_0696_,3.1µm
g_row\[1\].g_col\[1\].pe/_0604_,3.1µm
g_row\[1\].g_col\[0\].pe/net2815,3.1µm
g_row\[0\].g_col\[0\].pe/_0887_,3.085µm
g_row\[0\].g_col\[0\].pe/_1044_,3.08µm
g_row\[0\].g_col\[1\].pe/_0552_,3.08µm
g_row\[0\].g_col\[1\].pe/_0733_,3.08µm
g_row\[0\].g_col\[1\].pe/_0877_,3.08µm
g_row\[1\].g_col\[0\].pe/_0167_,3.08µm
g_row\[1\].g_col\[0\].pe/_0497_,3.08µm
g_row\[1\].g_col\[0\].pe/_0506_,3.08µm
g_row\[1\].g_col\[0\].pe/_0803_,3.08µm
g_row\[1\].g_col\[1\].pe/_0064_,3.08µm
g_row\[1\].g_col\[1\].pe/_0347_,3.08µm
g_row\[1\].g_col\[1\].pe/_0353_,3.08µm
g_row\[1\].g_col\[1\].pe/_0506_,3.08µm
g_row\[1\].g_col\[1\].pe/_0687_,3.08µm
g_row\[1\].g_col\[1\].pe/_1022_,3.08µm
g_row\[0\].g_col\[1\].pe/net2384,3.08µm
net2771,3.08µm
g_row\[1\].g_col\[0\].pe/_0482_,3.065µm
g_row\[0\].g_col\[0\].pe/_0649_,3.06µm
g_row\[0\].g_col\[0\].pe/_0711_,3.06µm
g_row\[0\].g_col\[0\].pe/_0792_,3.06µm
g_row\[0\].g_col\[0\].pe/_0843_,3.06µm
g_row\[0\].g_col\[1\].pe/_0143_,3.06µm
g_row\[0\].g_col\[1\].pe/_0744_,3.06µm
g_row\[0\].g_col\[1\].pe/_0753_,3.06µm
g_row\[0\].g_col\[1\].pe/_0792_,3.06µm
g_row\[0\].g_col\[1\].pe/_0907_,3.06µm
g_row\[0\].g_col\[1\].pe/_1130_,3.06µm
g_row\[0\].g_col\[1\].pe/_1196_,3.06µm
g_row\[0\].g_col\[1\].pe/_1292_,3.06µm
g_row\[1\].g_col\[0\].pe/_0093_,3.06µm
g_row\[1\].g_col\[0\].pe/_0649_,3.06µm
g_row\[1\].g_col\[1\].pe/_0846_,3.06µm
g_row\[1\].g_col\[1\].pe/_0907_,3.06µm
g_row\[1\].g_col\[1\].pe/_0173_,3.01µm
g_row\[1\].g_col\[0\].pe/_1178_,2.995µm
g_row\[1\].g_col\[1\].pe/_0766_,2.995µm
g_row\[1\].g_col\[1\].pe/_0877_,2.995µm
g_row\[1\].g_col\[1\].pe/_0902_,2.995µm
g_row\[0\].g_col\[0\].pe/_0162_,2.98µm
g_row\[0\].g_col\[0\].pe/_0573_,2.98µm
g_row\[0\].g_col\[0\].pe/_0842_,2.98µm
g_row\[0\].g_col\[0\].pe/_1233_,2.98µm
g_row\[0\].g_col\[0\].pe/_1336_,2.98µm
g_row\[0\].g_col\[1\].pe/_1233_,2.98µm
g_row\[1\].g_col\[1\].pe/_0336_,2.98µm
g_row\[1\].g_col\[1\].pe/_0758_,2.98µm
g_row\[1\].g_col\[1\].pe/_0914_,2.98µm
g_row\[1\].g_col\[1\].pe/net1669,2.98µm
g_row\[0\].g_col\[0\].pe/_0140_,2.96µm
g_row\[0\].g_col\[0\].pe/_0405_,2.96µm
g_row\[0\].g_col\[0\].pe/_0500_,2.96µm
g_row\[0\].g_col\[0\].pe/_0917_,2.96µm
g_row\[0\].g_col\[0\].pe/_1230_,2.96µm
g_row\[0\].g_col\[0\].pe/_1292_,2.96µm
g_row\[0\].g_col\[1\].pe/_0001_,2.96µm
g_row\[0\].g_col\[1\].pe/_0140_,2.96µm
g_row\[0\].g_col\[1\].pe/_0508_,2.96µm
g_row\[0\].g_col\[1\].pe/_0551_,2.96µm
g_row\[0\].g_col\[1\].pe/_0582_,2.96µm
g_row\[0\].g_col\[1\].pe/_0622_,2.96µm
g_row\[0\].g_col\[1\].pe/_0686_,2.96µm
g_row\[0\].g_col\[1\].pe/_0842_,2.96µm
g_row\[0\].g_col\[1\].pe/_1019_,2.96µm
g_row\[0\].g_col\[1\].pe/_1036_,2.96µm
g_row\[0\].g_col\[1\].pe/_1229_,2.96µm
g_row\[1\].g_col\[0\].pe/_0101_,2.96µm
g_row\[1\].g_col\[0\].pe/_0134_,2.96µm
g_row\[1\].g_col\[0\].pe/_0140_,2.96µm
g_row\[1\].g_col\[0\].pe/_0154_,2.96µm
g_row\[1\].g_col\[0\].pe/_0174_,2.96µm
g_row\[1\].g_col\[0\].pe/_0230_,2.96µm
g_row\[1\].g_col\[0\].pe/_0353_,2.96µm
g_row\[1\].g_col\[0\].pe/_0601_,2.96µm
g_row\[1\].g_col\[0\].pe/_0895_,2.96µm
g_row\[1\].g_col\[0\].pe/_0902_,2.96µm
g_row\[1\].g_col\[0\].pe/_0974_,2.96µm
g_row\[1\].g_col\[0\].pe/_1326_,2.96µm
g_row\[1\].g_col\[1\].pe/_0250_,2.96µm
g_row\[1\].g_col\[1\].pe/_0262_,2.96µm
g_row\[1\].g_col\[1\].pe/_0505_,2.96µm
g_row\[1\].g_col\[1\].pe/_0513_,2.96µm
g_row\[1\].g_col\[1\].pe/_0546_,2.96µm
g_row\[1\].g_col\[1\].pe/_0554_,2.96µm
g_row\[1\].g_col\[1\].pe/_0584_,2.96µm
g_row\[1\].g_col\[1\].pe/_0813_,2.96µm
g_row\[1\].g_col\[1\].pe/_1036_,2.96µm
net1583,2.96µm
g_row\[1\].g_col\[1\].pe/net1805,2.96µm
g_row\[1\].g_col\[1\].pe/net1946,2.96µm
g_row\[0\].g_col\[1\].pe/net2405,2.96µm
net2701,2.96µm
g_row\[1\].g_col\[0\].pe/net2898,2.96µm
g_row\[1\].g_col\[0\].pe/net2985,2.96µm
g_row\[0\].g_col\[1\].pe/net3122,2.96µm
net3393,2.96µm
net3512,2.96µm
g_row\[0\].g_col\[1\].pe/_0024_,2.935µm
g_row\[1\].g_col\[0\].pe/_0026_,2.935µm
g_row\[0\].g_col\[1\].pe/_0674_,2.91µm
g_row\[0\].g_col\[1\].pe/_0986_,2.89µm
g_row\[1\].g_col\[0\].pe/_0663_,2.89µm
g_row\[0\].g_col\[1\].pe/_0515_,2.885µm
g_row\[0\].g_col\[1\].pe/net2203,2.885µm
g_row\[0\].g_col\[0\].pe/_0442_,2.86µm
g_row\[0\].g_col\[1\].pe/_0499_,2.86µm
g_row\[0\].g_col\[1\].pe/net2391,2.86µm
g_row\[1\].g_col\[0\].pe/_1027_,2.845µm
g_row\[0\].g_col\[0\].pe/_0183_,2.84µm
g_row\[0\].g_col\[0\].pe/_0284_,2.84µm
g_row\[0\].g_col\[0\].pe/_1028_,2.84µm
g_row\[0\].g_col\[0\].pe/_1110_,2.84µm
g_row\[0\].g_col\[1\].pe/_0085_,2.84µm
g_row\[0\].g_col\[1\].pe/_0595_,2.84µm
g_row\[0\].g_col\[1\].pe/_0636_,2.84µm
g_row\[1\].g_col\[0\].pe/_0149_,2.84µm
g_row\[1\].g_col\[0\].pe/_0696_,2.84µm
g_row\[1\].g_col\[0\].pe/_0899_,2.84µm
g_row\[1\].g_col\[0\].pe/_0999_,2.84µm
g_row\[1\].g_col\[1\].pe/_0352_,2.84µm
g_row\[1\].g_col\[1\].pe/_0879_,2.84µm
g_row\[1\].g_col\[1\].pe/_1221_,2.84µm
g_row\[1\].g_col\[1\].pe/_1295_,2.84µm
net1428,2.84µm
g_row\[1\].g_col\[0\].pe/net2855,2.84µm
net3442,2.84µm
net3443,2.84µm
g_row\[0\].g_col\[1\].pe/_0836_,2.805µm
g_row\[1\].g_col\[1\].pe/_0030_,2.765µm
g_row\[0\].g_col\[0\].pe/_0533_,2.76µm
g_row\[0\].g_col\[0\].pe/_0551_,2.76µm
g_row\[1\].g_col\[0\].pe/_0403_,2.76µm
g_row\[1\].g_col\[0\].pe/_0556_,2.76µm
g_row\[1\].g_col\[0\].pe/_0785_,2.76µm
g_row\[1\].g_col\[1\].pe/net2088,2.76µm
net2774,2.76µm
net3156,2.76µm
b_wire\[1\]\[2\],2.74µm
g_row\[0\].g_col\[0\].pe/_0696_,2.74µm
g_row\[0\].g_col\[0\].pe/_0899_,2.74µm
g_row\[0\].g_col\[1\].pe/_1227_,2.74µm
g_row\[0\].g_col\[1\].pe/r3_prod_mant\[14\],2.74µm
g_row\[1\].g_col\[0\].pe/_0091_,2.74µm
g_row\[1\].g_col\[0\].pe/_1016_,2.74µm
net1510,2.74µm
net2552,2.74µm
net2750,2.74µm
g_row\[0\].g_col\[0\].pe/net3037,2.74µm
net3310,2.74µm
g_row\[0\].g_col\[0\].pe/_0272_,2.72µm
g_row\[0\].g_col\[0\].pe/_0484_,2.72µm
g_row\[0\].g_col\[0\].pe/_0590_,2.72µm
g_row\[0\].g_col\[0\].pe/_0803_,2.72µm
g_row\[0\].g_col\[0\].pe/_1036_,2.72µm
g_row\[0\].g_col\[1\].pe/_0093_,2.72µm
g_row\[0\].g_col\[1\].pe/_0996_,2.72µm
g_row\[1\].g_col\[0\].pe/_0944_,2.72µm
g_row\[1\].g_col\[0\].pe/_1271_,2.72µm
g_row\[1\].g_col\[1\].pe/_0306_,2.72µm
g_row\[1\].g_col\[1\].pe/net1666,2.665µm
net1333,2.64µm
b_reg\[15\],2.64µm
net1359,2.64µm
g_row\[0\].g_col\[0\].pe/_0274_,2.64µm
g_row\[0\].g_col\[0\].pe/_0485_,2.64µm
g_row\[0\].g_col\[0\].pe/_0627_,2.64µm
g_row\[0\].g_col\[1\].pe/_0324_,2.64µm
g_row\[0\].g_col\[1\].pe/_0965_,2.64µm
g_row\[1\].g_col\[0\].pe/_0328_,2.64µm
g_row\[1\].g_col\[0\].pe/_0618_,2.64µm
g_row\[1\].g_col\[0\].pe/_0795_,2.64µm
g_row\[1\].g_col\[0\].pe/_0927_,2.64µm
g_row\[1\].g_col\[0\].pe/_0965_,2.64µm
g_row\[1\].g_col\[0\].pe/_0972_,2.64µm
g_row\[1\].g_col\[1\].pe/_0134_,2.64µm
g_row\[1\].g_col\[1\].pe/_0172_,2.64µm
g_row\[1\].g_col\[1\].pe/_0355_,2.64µm
g_row\[1\].g_col\[1\].pe/_0704_,2.64µm
g_row\[1\].g_col\[1\].pe/_1330_,2.64µm
g_row\[0\].g_col\[0\].pe/_0461_,2.62µm
g_row\[0\].g_col\[0\].pe/_0479_,2.62µm
g_row\[0\].g_col\[0\].pe/_0527_,2.62µm
g_row\[0\].g_col\[0\].pe/_0757_,2.62µm
g_row\[0\].g_col\[0\].pe/_0940_,2.62µm
g_row\[0\].g_col\[0\].pe/_0963_,2.62µm
g_row\[0\].g_col\[0\].pe/_1004_,2.62µm
g_row\[0\].g_col\[0\].pe/_1147_,2.62µm
g_row\[0\].g_col\[1\].pe/_0312_,2.62µm
g_row\[0\].g_col\[1\].pe/_0944_,2.62µm
g_row\[0\].g_col\[1\].pe/_1005_,2.62µm
g_row\[0\].g_col\[1\].pe/_1120_,2.62µm
g_row\[1\].g_col\[0\].pe/_0162_,2.62µm
g_row\[1\].g_col\[0\].pe/_0496_,2.62µm
g_row\[1\].g_col\[1\].pe/_0176_,2.62µm
g_row\[1\].g_col\[1\].pe/_0221_,2.62µm
g_row\[1\].g_col\[1\].pe/_0527_,2.62µm
g_row\[1\].g_col\[1\].pe/_0560_,2.62µm
g_row\[1\].g_col\[1\].pe/_0779_,2.62µm
g_row\[1\].g_col\[1\].pe/net1806,2.62µm
g_row\[1\].g_col\[0\].pe/net2234,2.62µm
g_row\[0\].g_col\[1\].pe/net2364,2.62µm
g_row\[0\].g_col\[0\].pe/_0846_,2.605µm
g_row\[1\].g_col\[1\].pe/net1654,2.595µm
g_row\[1\].g_col\[1\].pe/net1795,2.595µm
g_row\[0\].g_col\[1\].pe/_0518_,2.585µm
g_row\[1\].g_col\[1\].pe/_0493_,2.545µm
g_row\[0\].g_col\[0\].pe/_0488_,2.54µm
g_row\[0\].g_col\[1\].pe/_0739_,2.535µm
g_row\[1\].g_col\[0\].pe/net3015,2.53µm
g_row\[0\].g_col\[0\].pe/_0119_,2.52µm
g_row\[0\].g_col\[0\].pe/_0478_,2.52µm
g_row\[0\].g_col\[0\].pe/_0524_,2.52µm
g_row\[0\].g_col\[1\].pe/_0442_,2.52µm
g_row\[1\].g_col\[0\].pe/_0096_,2.52µm
g_row\[1\].g_col\[0\].pe/_0192_,2.52µm
g_row\[1\].g_col\[0\].pe/_0398_,2.52µm
g_row\[1\].g_col\[0\].pe/_0508_,2.52µm
g_row\[1\].g_col\[0\].pe/_0524_,2.52µm
g_row\[1\].g_col\[1\].pe/_1071_,2.52µm
g_row\[1\].g_col\[1\].pe/_0227_,2.51µm
net1292,2.5µm
g_row\[0\].g_col\[0\].pe/_0346_,2.5µm
g_row\[0\].g_col\[0\].pe/_0516_,2.5µm
g_row\[0\].g_col\[0\].pe/_0532_,2.5µm
g_row\[0\].g_col\[0\].pe/_0543_,2.5µm
g_row\[0\].g_col\[0\].pe/_0758_,2.5µm
g_row\[0\].g_col\[1\].pe/_0274_,2.5µm
g_row\[0\].g_col\[1\].pe/_0344_,2.5µm
g_row\[0\].g_col\[1\].pe/_0353_,2.5µm
g_row\[0\].g_col\[1\].pe/_0479_,2.5µm
g_row\[0\].g_col\[1\].pe/_0514_,2.5µm
g_row\[0\].g_col\[1\].pe/_0578_,2.5µm
g_row\[0\].g_col\[1\].pe/_0813_,2.5µm
g_row\[0\].g_col\[1\].pe/_0866_,2.5µm
g_row\[0\].g_col\[1\].pe/_1056_,2.5µm
g_row\[0\].g_col\[1\].pe/_1123_,2.5µm
g_row\[1\].g_col\[0\].pe/_0123_,2.5µm
g_row\[1\].g_col\[0\].pe/_0200_,2.5µm
g_row\[1\].g_col\[0\].pe/_0272_,2.5µm
g_row\[1\].g_col\[0\].pe/_0338_,2.5µm
g_row\[1\].g_col\[0\].pe/_0431_,2.5µm
g_row\[1\].g_col\[0\].pe/_0478_,2.5µm
g_row\[1\].g_col\[0\].pe/_0485_,2.5µm
g_row\[1\].g_col\[0\].pe/_0507_,2.5µm
g_row\[1\].g_col\[0\].pe/_0527_,2.5µm
g_row\[1\].g_col\[0\].pe/_0552_,2.5µm
g_row\[1\].g_col\[0\].pe/_0693_,2.5µm
g_row\[1\].g_col\[0\].pe/_0831_,2.5µm
g_row\[1\].g_col\[0\].pe/_1002_,2.5µm
g_row\[1\].g_col\[1\].pe/_0136_,2.5µm
g_row\[1\].g_col\[1\].pe/_0159_,2.5µm
g_row\[1\].g_col\[1\].pe/_0475_,2.5µm
g_row\[1\].g_col\[1\].pe/_0500_,2.5µm
g_row\[1\].g_col\[1\].pe/_0594_,2.5µm
g_row\[1\].g_col\[1\].pe/_0955_,2.5µm
g_row\[1\].g_col\[1\].pe/_1019_,2.5µm
g_row\[1\].g_col\[1\].pe/_1214_,2.5µm
net1452,2.5µm
net1589,2.5µm
g_row\[1\].g_col\[0\].pe/net1692,2.5µm
g_row\[1\].g_col\[0\].pe/net1730,2.5µm
g_row\[1\].g_col\[0\].pe/net1827,2.5µm
g_row\[1\].g_col\[0\].pe/net1887,2.5µm
g_row\[1\].g_col\[1\].pe/net1976,2.5µm
net2714,2.5µm
net2807,2.5µm
g_row\[1\].g_col\[0\].pe/net3098,2.5µm
g_row\[0\].g_col\[0\].pe/_0306_,2.45µm
g_row\[0\].g_col\[0\].pe/_0663_,2.45µm
g_row\[0\].g_col\[0\].pe/_0961_,2.45µm
g_row\[0\].g_col\[0\].pe/_0977_,2.45µm
g_row\[0\].g_col\[1\].pe/_0831_,2.45µm
g_row\[1\].g_col\[0\].pe/_0744_,2.45µm
g_row\[1\].g_col\[0\].pe/_0787_,2.45µm
g_row\[1\].g_col\[1\].pe/_0869_,2.45µm
g_row\[1\].g_col\[1\].pe/_1130_,2.45µm
g_row\[0\].g_col\[0\].pe/_0308_,2.43µm
g_row\[0\].g_col\[0\].pe/_0708_,2.38µm
g_row\[0\].g_col\[0\].pe/_1065_,2.38µm
g_row\[0\].g_col\[1\].pe/_0955_,2.38µm
g_row\[0\].g_col\[1\].pe/_1002_,2.38µm
g_row\[0\].g_col\[1\].pe/_1324_,2.38µm
g_row\[1\].g_col\[0\].pe/_0567_,2.38µm
g_row\[1\].g_col\[0\].pe/_0813_,2.38µm
g_row\[1\].g_col\[0\].pe/_0869_,2.38µm
g_row\[1\].g_col\[0\].pe/_0990_,2.38µm
g_row\[1\].g_col\[1\].pe/_0264_,2.38µm
g_row\[1\].g_col\[1\].pe/_1079_,2.38µm
g_row\[1\].g_col\[1\].pe/_1324_,2.38µm
g_row\[0\].g_col\[0\].pe/net1991,2.38µm
g_row\[0\].g_col\[0\].pe/net2103,2.38µm
g_row\[0\].g_col\[1\].pe/net2379,2.38µm
g_row\[1\].g_col\[0\].pe/net2881,2.38µm
g_row\[0\].g_col\[0\].pe/net2960,2.38µm
net3571,2.38µm
g_row\[0\].g_col\[1\].pe/_0025_,2.375µm
g_row\[0\].g_col\[1\].pe/_0525_,2.325µm
g_row\[1\].g_col\[0\].pe/_0022_,2.325µm
g_row\[1\].g_col\[0\].pe/_0493_,2.325µm
g_row\[1\].g_col\[1\].pe/_0023_,2.325µm
g_row\[0\].g_col\[0\].pe/net2102,2.325µm
g_row\[0\].g_col\[0\].pe/_0288_,2.3µm
g_row\[0\].g_col\[0\].pe/_0345_,2.3µm
g_row\[0\].g_col\[0\].pe/_0347_,2.3µm
g_row\[0\].g_col\[0\].pe/_0554_,2.3µm
g_row\[0\].g_col\[0\].pe/_0591_,2.3µm
g_row\[0\].g_col\[0\].pe/_0918_,2.3µm
g_row\[0\].g_col\[0\].pe/_1227_,2.3µm
g_row\[0\].g_col\[1\].pe/_0052_,2.3µm
g_row\[0\].g_col\[1\].pe/_0162_,2.3µm
g_row\[0\].g_col\[1\].pe/_0502_,2.3µm
g_row\[1\].g_col\[0\].pe/_0562_,2.3µm
g_row\[1\].g_col\[1\].pe/_0056_,2.3µm
g_row\[1\].g_col\[1\].pe/_0140_,2.3µm
g_row\[1\].g_col\[1\].pe/_1012_,2.3µm
g_row\[1\].g_col\[1\].pe/_1175_,2.3µm
g_row\[1\].g_col\[1\].pe/_1227_,2.3µm
g_row\[1\].g_col\[1\].pe/net1642,2.3µm
g_row\[0\].g_col\[1\].pe/net1853,2.3µm
g_row\[1\].g_col\[0\].pe/net2222,2.3µm
net2759,2.3µm
g_row\[0\].g_col\[0\].pe/_0579_,2.28µm
g_row\[0\].g_col\[1\].pe/_0500_,2.28µm
g_row\[0\].g_col\[1\].pe/_0558_,2.28µm
g_row\[1\].g_col\[0\].pe/_0464_,2.28µm
g_row\[1\].g_col\[0\].pe/_1015_,2.28µm
g_row\[1\].g_col\[1\].pe/_0015_,2.28µm
g_row\[1\].g_col\[1\].pe/_0579_,2.28µm
g_row\[1\].g_col\[1\].pe/net3123,2.28µm
net3504,2.28µm
g_row\[0\].g_col\[0\].pe/_0535_,2.255µm
g_row\[1\].g_col\[1\].pe/_0929_,2.23µm
g_row\[1\].g_col\[0\].pe/_0520_,2.215µm
net2760,2.205µm
g_row\[0\].g_col\[1\].pe/_0205_,2.2µm
net1293,2.18µm
g_row\[0\].g_col\[0\].pe/_0123_,2.18µm
g_row\[0\].g_col\[0\].pe/_0135_,2.18µm
g_row\[0\].g_col\[0\].pe/_0172_,2.18µm
g_row\[0\].g_col\[0\].pe/_0241_,2.18µm
g_row\[0\].g_col\[0\].pe/_0902_,2.18µm
g_row\[0\].g_col\[0\].pe/_1123_,2.18µm
g_row\[0\].g_col\[0\].pe/_1132_,2.18µm
g_row\[0\].g_col\[0\].pe/_1307_,2.18µm
g_row\[0\].g_col\[1\].pe/_0123_,2.18µm
g_row\[0\].g_col\[1\].pe/_0241_,2.18µm
g_row\[0\].g_col\[1\].pe/_0717_,2.18µm
g_row\[0\].g_col\[1\].pe/_0750_,2.18µm
g_row\[0\].g_col\[1\].pe/_0914_,2.18µm
g_row\[0\].g_col\[1\].pe/_0990_,2.18µm
g_row\[1\].g_col\[0\].pe/_0414_,2.18µm
g_row\[1\].g_col\[0\].pe/_0706_,2.18µm
g_row\[1\].g_col\[0\].pe/_0717_,2.18µm
g_row\[1\].g_col\[0\].pe/_0864_,2.18µm
g_row\[1\].g_col\[0\].pe/_1132_,2.18µm
g_row\[1\].g_col\[0\].pe/_1255_,2.18µm
g_row\[1\].g_col\[1\].pe/_0686_,2.18µm
g_row\[1\].g_col\[1\].pe/_0720_,2.18µm
g_row\[1\].g_col\[1\].pe/_0895_,2.18µm
g_row\[1\].g_col\[1\].pe/_0901_,2.18µm
g_row\[1\].g_col\[1\].pe/_1085_,2.18µm
g_row\[1\].g_col\[1\].pe/_1307_,2.18µm
g_row\[1\].g_col\[1\].pe/_1312_,2.18µm
g_row\[0\].g_col\[1\].pe/net1792,2.18µm
net3320,2.18µm
g_row\[0\].g_col\[0\].pe/_0095_,2.16µm
g_row\[0\].g_col\[0\].pe/_0181_,2.16µm
g_row\[0\].g_col\[0\].pe/_0186_,2.16µm
g_row\[0\].g_col\[0\].pe/_0446_,2.16µm
g_row\[0\].g_col\[0\].pe/_0473_,2.16µm
g_row\[0\].g_col\[0\].pe/_0702_,2.16µm
g_row\[0\].g_col\[0\].pe/_0766_,2.16µm
g_row\[0\].g_col\[0\].pe/_0857_,2.16µm
g_row\[0\].g_col\[0\].pe/_1039_,2.16µm
g_row\[0\].g_col\[1\].pe/_0082_,2.16µm
g_row\[0\].g_col\[1\].pe/_0139_,2.16µm
g_row\[0\].g_col\[1\].pe/_0157_,2.16µm
g_row\[0\].g_col\[1\].pe/_0221_,2.16µm
g_row\[0\].g_col\[1\].pe/_0549_,2.16µm
g_row\[0\].g_col\[1\].pe/_1135_,2.16µm
g_row\[0\].g_col\[1\].pe/_1170_,2.16µm
g_row\[1\].g_col\[0\].pe/_0195_,2.16µm
g_row\[1\].g_col\[0\].pe/_0224_,2.16µm
g_row\[1\].g_col\[0\].pe/_0344_,2.16µm
g_row\[1\].g_col\[0\].pe/_0699_,2.16µm
g_row\[1\].g_col\[0\].pe/_0753_,2.16µm
g_row\[1\].g_col\[0\].pe/_0877_,2.16µm
g_row\[1\].g_col\[0\].pe/_1042_,2.16µm
g_row\[1\].g_col\[0\].pe/_1324_,2.16µm
g_row\[1\].g_col\[1\].pe/_0082_,2.16µm
g_row\[1\].g_col\[1\].pe/_0195_,2.16µm
g_row\[1\].g_col\[1\].pe/_0631_,2.16µm
g_row\[1\].g_col\[1\].pe/_0871_,2.16µm
g_row\[1\].g_col\[1\].pe/_0922_,2.16µm
g_row\[1\].g_col\[1\].pe/_0957_,2.16µm
g_row\[1\].g_col\[1\].pe/_1046_,2.16µm
g_row\[1\].g_col\[1\].pe/_1057_,2.16µm
g_row\[1\].g_col\[1\].pe/net1781,2.16µm
g_row\[1\].g_col\[0\].pe/net2233,2.16µm
g_row\[0\].g_col\[0\].pe/net2316,2.16µm
g_row\[0\].g_col\[1\].pe/net2381,2.16µm
net3451,2.16µm
g_row\[0\].g_col\[1\].pe/_0476_,2.145µm
g_row\[0\].g_col\[1\].pe/_0482_,2.145µm
g_row\[0\].g_col\[1\].pe/_0493_,2.145µm
g_row\[1\].g_col\[0\].pe/_0488_,2.145µm
g_row\[1\].g_col\[1\].pe/_0530_,2.145µm
g_row\[1\].g_col\[1\].pe/_0535_,2.145µm
g_row\[1\].g_col\[0\].pe/net1658,2.145µm
g_row\[0\].g_col\[1\].pe/net2406,2.145µm
g_row\[0\].g_col\[0\].pe/_0592_,2.11µm
g_row\[1\].g_col\[1\].pe/net1648,2.085µm
g_row\[1\].g_col\[1\].pe/net1964,2.085µm
g_row\[1\].g_col\[1\].pe/net1987,2.085µm
g_row\[0\].g_col\[1\].pe/_0022_,2.08µm
g_row\[1\].g_col\[1\].pe/net1651,2.08µm
g_row\[0\].g_col\[1\].pe/_0257_,2.06µm
g_row\[1\].g_col\[0\].pe/_0255_,2.06µm
g_row\[1\].g_col\[0\].pe/_0481_,2.06µm
g_row\[0\].g_col\[1\].pe/_0227_,2.05µm
net3007,2.05µm
g_row\[0\].g_col\[0\].pe/_0134_,2.04µm
g_row\[0\].g_col\[0\].pe/_0496_,2.04µm
g_row\[0\].g_col\[0\].pe/_0595_,2.04µm
g_row\[0\].g_col\[0\].pe/_0674_,2.04µm
g_row\[0\].g_col\[0\].pe/_0741_,2.04µm
g_row\[0\].g_col\[0\].pe/_0787_,2.04µm
g_row\[0\].g_col\[0\].pe/_0797_,2.04µm
g_row\[0\].g_col\[0\].pe/_0827_,2.04µm
g_row\[0\].g_col\[0\].pe/_0912_,2.04µm
g_row\[0\].g_col\[0\].pe/_0986_,2.04µm
g_row\[0\].g_col\[0\].pe/_1324_,2.04µm
g_row\[0\].g_col\[1\].pe/_0295_,2.04µm
g_row\[0\].g_col\[1\].pe/_0459_,2.04µm
g_row\[0\].g_col\[1\].pe/_0461_,2.04µm
g_row\[0\].g_col\[1\].pe/_0527_,2.04µm
g_row\[0\].g_col\[1\].pe/_0649_,2.04µm
g_row\[0\].g_col\[1\].pe/_0797_,2.04µm
g_row\[0\].g_col\[1\].pe/_0843_,2.04µm
g_row\[0\].g_col\[1\].pe/_0846_,2.04µm
g_row\[0\].g_col\[1\].pe/_0929_,2.04µm
g_row\[0\].g_col\[1\].pe/_1007_,2.04µm
g_row\[0\].g_col\[1\].pe/_1054_,2.04µm
g_row\[0\].g_col\[1\].pe/_1091_,2.04µm
g_row\[1\].g_col\[0\].pe/_0306_,2.04µm
g_row\[1\].g_col\[0\].pe/_0351_,2.04µm
g_row\[1\].g_col\[0\].pe/_0491_,2.04µm
g_row\[1\].g_col\[0\].pe/_0546_,2.04µm
g_row\[1\].g_col\[0\].pe/_0551_,2.04µm
g_row\[1\].g_col\[0\].pe/_0641_,2.04µm
g_row\[1\].g_col\[0\].pe/_0659_,2.04µm
g_row\[1\].g_col\[0\].pe/_0674_,2.04µm
g_row\[1\].g_col\[0\].pe/_0741_,2.04µm
g_row\[1\].g_col\[0\].pe/_0758_,2.04µm
g_row\[1\].g_col\[0\].pe/_0866_,2.04µm
g_row\[1\].g_col\[0\].pe/_0963_,2.04µm
g_row\[1\].g_col\[0\].pe/_1007_,2.04µm
g_row\[1\].g_col\[0\].pe/_1094_,2.04µm
g_row\[1\].g_col\[1\].pe/_0308_,2.04µm
g_row\[1\].g_col\[1\].pe/_0450_,2.04µm
g_row\[1\].g_col\[1\].pe/_0528_,2.04µm
g_row\[1\].g_col\[1\].pe/_0649_,2.04µm
g_row\[1\].g_col\[1\].pe/_0800_,2.04µm
g_row\[1\].g_col\[1\].pe/_1056_,2.04µm
g_row\[1\].g_col\[1\].pe/_1059_,2.04µm
g_row\[1\].g_col\[1\].pe/_1094_,2.04µm
g_row\[1\].g_col\[1\].pe/net1649,2.04µm
g_row\[1\].g_col\[1\].pe/net1664,2.04µm
g_row\[1\].g_col\[1\].pe/net1943,2.04µm
g_row\[0\].g_col\[0\].pe/net2100,2.04µm
g_row\[0\].g_col\[1\].pe/net2332,2.04µm
g_row\[0\].g_col\[1\].pe/net2352,2.04µm
net2601,2.04µm
g_row\[0\].g_col\[0\].pe/net3042,2.04µm
g_row\[1\].g_col\[1\].pe/net3118,2.04µm
g_row\[0\].g_col\[1\].pe/_0454_,1.94µm
g_row\[0\].g_col\[1\].pe/_1088_,1.915µm
g_row\[0\].g_col\[1\].pe/_1255_,1.915µm
g_row\[1\].g_col\[0\].pe/_0887_,1.915µm
g_row\[1\].g_col\[1\].pe/_0635_,1.915µm
g_row\[1\].g_col\[1\].pe/_0715_,1.915µm
g_row\[0\].g_col\[0\].pe/_0515_,1.865µm
g_row\[1\].g_col\[0\].pe/_0024_,1.865µm
g_row\[1\].g_col\[0\].pe/_0031_,1.865µm
g_row\[1\].g_col\[1\].pe/net1644,1.865µm
g_row\[1\].g_col\[0\].pe/net1661,1.865µm
g_row\[0\].g_col\[0\].pe/_0459_,1.84µm
g_row\[0\].g_col\[0\].pe/_0519_,1.84µm
g_row\[0\].g_col\[1\].pe/_0161_,1.84µm
g_row\[0\].g_col\[1\].pe/_0283_,1.84µm
g_row\[0\].g_col\[1\].pe/_0335_,1.84µm
g_row\[0\].g_col\[1\].pe/_0358_,1.84µm
g_row\[0\].g_col\[1\].pe/_1041_,1.84µm
g_row\[0\].g_col\[1\].pe/_1157_,1.84µm
g_row\[1\].g_col\[0\].pe/_0216_,1.84µm
g_row\[1\].g_col\[0\].pe/_0538_,1.84µm
g_row\[1\].g_col\[0\].pe/_0857_,1.84µm
g_row\[1\].g_col\[0\].pe/_0918_,1.84µm
g_row\[1\].g_col\[0\].pe/_1105_,1.84µm
g_row\[1\].g_col\[1\].pe/_0849_,1.84µm
g_row\[1\].g_col\[1\].pe/_0944_,1.84µm
g_row\[1\].g_col\[1\].pe/_0990_,1.84µm
net1450,1.84µm
g_row\[0\].g_col\[0\].pe/net2104,1.84µm
net2619,1.84µm
net3584,1.84µm
g_row\[0\].g_col\[0\].pe/_1264_,1.82µm
g_row\[0\].g_col\[1\].pe/_0484_,1.82µm
g_row\[0\].g_col\[1\].pe/valid_s0,1.82µm
g_row\[1\].g_col\[0\].pe/_0288_,1.82µm
g_row\[1\].g_col\[1\].pe/_0252_,1.82µm
g_row\[1\].g_col\[1\].pe/_0696_,1.82µm
g_row\[1\].g_col\[1\].pe/_0785_,1.82µm
net1502,1.82µm
net1655,1.82µm
g_row\[0\].g_col\[0\].pe/net2107,1.82µm
net3506,1.82µm
g_row\[0\].g_col\[1\].pe/_0659_,1.77µm
g_row\[0\].g_col\[1\].pe/_0904_,1.77µm
g_row\[1\].g_col\[0\].pe/_0986_,1.77µm
g_row\[1\].g_col\[0\].pe/_0210_,1.755µm
g_row\[1\].g_col\[1\].pe/_0795_,1.755µm
g_row\[0\].g_col\[0\].pe/_1271_,1.72µm
g_row\[0\].g_col\[1\].pe/_1271_,1.72µm
g_row\[1\].g_col\[1\].pe/_0154_,1.72µm
g_row\[1\].g_col\[1\].pe/_0510_,1.72µm
net1592,1.72µm
g_row\[1\].g_col\[0\].pe/net1693,1.72µm
g_row\[0\].g_col\[1\].pe/net2394,1.72µm
g_row\[0\].g_col\[0\].pe/_0096_,1.7µm
g_row\[0\].g_col\[0\].pe/_0244_,1.7µm
g_row\[0\].g_col\[0\].pe/_0398_,1.7µm
g_row\[0\].g_col\[0\].pe/_0606_,1.7µm
g_row\[0\].g_col\[0\].pe/_0706_,1.7µm
g_row\[0\].g_col\[0\].pe/_0833_,1.7µm
g_row\[0\].g_col\[0\].pe/_0836_,1.7µm
g_row\[0\].g_col\[0\].pe/_1042_,1.7µm
g_row\[0\].g_col\[0\].pe/_1149_,1.7µm
g_row\[0\].g_col\[0\].pe/_1162_,1.7µm
g_row\[0\].g_col\[1\].pe/_0119_,1.7µm
g_row\[0\].g_col\[1\].pe/_0134_,1.7µm
g_row\[0\].g_col\[1\].pe/_0414_,1.7µm
g_row\[0\].g_col\[1\].pe/_0450_,1.7µm
g_row\[0\].g_col\[1\].pe/_0779_,1.7µm
g_row\[0\].g_col\[1\].pe/_0789_,1.7µm
g_row\[0\].g_col\[1\].pe/_0816_,1.7µm
g_row\[1\].g_col\[0\].pe/_0105_,1.7µm
g_row\[1\].g_col\[0\].pe/_0161_,1.7µm
g_row\[1\].g_col\[0\].pe/_0205_,1.7µm
g_row\[1\].g_col\[0\].pe/_0241_,1.7µm
g_row\[1\].g_col\[0\].pe/_0283_,1.7µm
g_row\[1\].g_col\[0\].pe/_0355_,1.7µm
g_row\[1\].g_col\[0\].pe/_0592_,1.7µm
g_row\[1\].g_col\[0\].pe/_0792_,1.7µm
g_row\[1\].g_col\[0\].pe/_1047_,1.7µm
g_row\[1\].g_col\[0\].pe/_1049_,1.7µm
g_row\[1\].g_col\[1\].pe/_0277_,1.7µm
g_row\[1\].g_col\[1\].pe/_0717_,1.7µm
g_row\[1\].g_col\[1\].pe/_0880_,1.7µm
g_row\[1\].g_col\[1\].pe/_1002_,1.7µm
g_row\[1\].g_col\[1\].pe/_1070_,1.7µm
g_row\[1\].g_col\[1\].pe/_1088_,1.7µm
g_row\[1\].g_col\[0\].pe/net1913,1.7µm
g_row\[0\].g_col\[0\].pe/net2106,1.7µm
g_row\[0\].g_col\[1\].pe/net2334,1.7µm
g_row\[0\].g_col\[1\].pe/net2373,1.7µm
g_row\[0\].g_col\[1\].pe/net2387,1.7µm
g_row\[0\].g_col\[1\].pe/net2392,1.7µm
g_row\[0\].g_col\[1\].pe/net2396,1.7µm
g_row\[1\].g_col\[1\].pe/net2932,1.7µm
net3590,1.7µm
g_row\[0\].g_col\[0\].pe/_0022_,1.685µm
g_row\[0\].g_col\[0\].pe/_0025_,1.685µm
g_row\[0\].g_col\[1\].pe/_0026_,1.685µm
g_row\[0\].g_col\[1\].pe/net2131,1.685µm
g_row\[1\].g_col\[1\].pe/net2151,1.685µm
g_row\[1\].g_col\[1\].pe/net2198,1.685µm
g_row\[1\].g_col\[1\].pe/net2263,1.685µm
g_row\[0\].g_col\[0\].pe/net2284,1.685µm
g_row\[0\].g_col\[1\].pe/net2403,1.685µm
g_row\[0\].g_col\[0\].pe/net2021,1.67µm
g_row\[0\].g_col\[1\].pe/_0708_,1.65µm
g_row\[0\].g_col\[1\].pe/_0974_,1.65µm
g_row\[1\].g_col\[0\].pe/_0929_,1.65µm
net1361,1.6µm
g_row\[0\].g_col\[0\].pe/_0817_,1.6µm
g_row\[0\].g_col\[1\].pe/_0030_,1.575µm
g_row\[1\].g_col\[0\].pe/net1868,1.575µm
net2808,1.575µm
g_row\[0\].g_col\[0\].pe/_1031_,1.48µm
g_row\[0\].g_col\[1\].pe/_1259_,1.48µm
g_row\[1\].g_col\[1\].pe/net1646,1.48µm
g_row\[0\].g_col\[1\].pe/_0488_,1.405µm
g_row\[1\].g_col\[1\].pe/net1767,1.405µm
g_row\[0\].g_col\[0\].pe/_0005_,1.38µm
g_row\[0\].g_col\[0\].pe/_0065_,1.38µm
g_row\[0\].g_col\[0\].pe/_0157_,1.38µm
g_row\[0\].g_col\[0\].pe/_0506_,1.38µm
g_row\[0\].g_col\[0\].pe/_0909_,1.38µm
g_row\[0\].g_col\[0\].pe/_0979_,1.38µm
g_row\[0\].g_col\[0\].pe/_1051_,1.38µm
g_row\[0\].g_col\[1\].pe/_0057_,1.38µm
g_row\[0\].g_col\[1\].pe/_0252_,1.38µm
g_row\[0\].g_col\[1\].pe/_0417_,1.38µm
g_row\[0\].g_col\[1\].pe/_0601_,1.38µm
g_row\[0\].g_col\[1\].pe/_0871_,1.38µm
g_row\[1\].g_col\[0\].pe/_0057_,1.38µm
g_row\[1\].g_col\[0\].pe/_0059_,1.38µm
g_row\[1\].g_col\[0\].pe/_0061_,1.38µm
g_row\[1\].g_col\[0\].pe/_0347_,1.38µm
g_row\[1\].g_col\[0\].pe/_0606_,1.38µm
g_row\[1\].g_col\[0\].pe/_0849_,1.38µm
g_row\[1\].g_col\[1\].pe/_0062_,1.38µm
g_row\[1\].g_col\[1\].pe/_0827_,1.38µm
g_row\[1\].g_col\[1\].pe/_0918_,1.38µm
net1547,1.38µm
net1580,1.38µm
net1604,1.38µm
net1631,1.38µm
g_row\[0\].g_col\[1\].pe/net1850,1.38µm
g_row\[1\].g_col\[0\].pe/net2258,1.38µm
g_row\[1\].g_col\[0\].pe/net2260,1.38µm
net2767,1.38µm
g_row\[1\].g_col\[0\].pe/net2820,1.38µm
g_row\[0\].g_col\[1\].pe/net2953,1.38µm
g_row\[0\].g_col\[0\].pe/net3013,1.38µm
g_row\[1\].g_col\[1\].pe/net3058,1.38µm
g_row\[1\].g_col\[0\].pe/net3060,1.38µm
g_row\[0\].g_col\[0\].pe/net3066,1.38µm
g_row\[1\].g_col\[1\].pe/net3070,1.38µm
g_row\[0\].g_col\[1\].pe/net3072,1.38µm
net3221,1.38µm
net3317,1.38µm
net3374,1.38µm
net3402,1.38µm
net3460,1.38µm
net3502,1.38µm
g_row\[0\].g_col\[1\].pe/r2_sign,1.36µm
g_row\[1\].g_col\[0\].pe/_0354_,1.36µm
g_row\[1\].g_col\[0\].pe/_0495_,1.36µm
g_row\[1\].g_col\[0\].pe/_0561_,1.36µm
g_row\[1\].g_col\[1\].pe/_0708_,1.31µm
g_row\[0\].g_col\[0\].pe/_1022_,1.295µm
g_row\[1\].g_col\[0\].pe/_0654_,1.295µm
g_row\[0\].g_col\[0\].pe/_0344_,1.26µm
g_row\[0\].g_col\[0\].pe/_0526_,1.26µm
g_row\[0\].g_col\[0\].pe/_1047_,1.26µm
g_row\[0\].g_col\[1\].pe/_0510_,1.26µm
g_row\[0\].g_col\[1\].pe/_0922_,1.26µm
g_row\[0\].g_col\[1\].pe/_1047_,1.26µm
g_row\[1\].g_col\[0\].pe/_1019_,1.26µm
g_row\[0\].g_col\[0\].pe/_0154_,1.18µm
g_row\[0\].g_col\[1\].pe/_1028_,1.02µm
g_row\[0\].g_col\[0\].pe/_0057_,0.92µm
g_row\[0\].g_col\[0\].pe/_0232_,0.92µm
g_row\[0\].g_col\[0\].pe/_0277_,0.92µm
g_row\[0\].g_col\[0\].pe/_0490_,0.92µm
g_row\[0\].g_col\[0\].pe/_0813_,0.92µm
g_row\[0\].g_col\[0\].pe/_1286_,0.92µm
g_row\[0\].g_col\[1\].pe/_0100_,0.92µm
g_row\[0\].g_col\[1\].pe/_0244_,0.92µm
g_row\[0\].g_col\[1\].pe/_0339_,0.92µm
g_row\[0\].g_col\[1\].pe/_0485_,0.92µm
g_row\[0\].g_col\[1\].pe/_0501_,0.92µm
g_row\[0\].g_col\[1\].pe/_0606_,0.92µm
g_row\[0\].g_col\[1\].pe/_0737_,0.92µm
g_row\[0\].g_col\[1\].pe/_1012_,0.92µm
g_row\[0\].g_col\[1\].pe/_1042_,0.92µm
g_row\[0\].g_col\[1\].pe/_1155_,0.92µm
g_row\[1\].g_col\[0\].pe/_0139_,0.92µm
g_row\[1\].g_col\[0\].pe/_0232_,0.92µm
g_row\[1\].g_col\[0\].pe/_0450_,0.92µm
g_row\[1\].g_col\[0\].pe/_0542_,0.92µm
g_row\[1\].g_col\[0\].pe/_0912_,0.92µm
g_row\[1\].g_col\[0\].pe/_1034_,0.92µm
g_row\[1\].g_col\[0\].pe/_1155_,0.92µm
g_row\[1\].g_col\[0\].pe/_1264_,0.92µm
g_row\[1\].g_col\[1\].pe/_0061_,0.92µm
g_row\[1\].g_col\[1\].pe/_0157_,0.92µm
g_row\[1\].g_col\[1\].pe/_0478_,0.92µm
g_row\[1\].g_col\[1\].pe/_1062_,0.92µm
g_row\[1\].g_col\[1\].pe/_1110_,0.92µm
g_row\[1\].g_col\[1\].pe/_1172_,0.92µm
net1541,0.92µm
net1636,0.92µm
g_row\[1\].g_col\[0\].pe/net1785,0.92µm
g_row\[0\].g_col\[1\].pe/net2204,0.92µm
g_row\[0\].g_col\[1\].pe/net2213,0.92µm
g_row\[1\].g_col\[0\].pe/net2221,0.92µm
g_row\[1\].g_col\[0\].pe/net2231,0.92µm
g_row\[1\].g_col\[0\].pe/net2257,0.92µm
g_row\[0\].g_col\[1\].pe/net2372,0.92µm
g_row\[0\].g_col\[1\].pe/net2375,0.92µm
g_row\[0\].g_col\[1\].pe/net2377,0.92µm
g_row\[0\].g_col\[1\].pe/net2386,0.92µm
net2427,0.92µm
net2475,0.92µm
net2489,0.92µm
net2711,0.92µm
net2727,0.92µm
g_row\[1\].g_col\[1\].pe/net2991,0.92µm
g_row\[1\].g_col\[0\].pe/net2996,0.92µm
g_row\[1\].g_col\[0\].pe/net3010,0.92µm
g_row\[1\].g_col\[0\].pe/net3047,0.92µm
g_row\[1\].g_col\[0\].pe/net3078,0.92µm
g_row\[1\].g_col\[1\].pe/net3088,0.92µm
g_row\[1\].g_col\[0\].pe/net3093,0.92µm
g_row\[1\].g_col\[1\].pe/net3100,0.92µm
net3152,0.92µm
net3394,0.92µm
net3499,0.92µm
g_row\[0\].g_col\[1\].pe/_0464_,0.8µm
g_row\[1\].g_col\[1\].pe/_0464_,0.8µm
net1391,0.46µm
g_row\[0\].g_col\[0\].pe/_0507_,0.46µm
g_row\[0\].g_col\[0\].pe/_1012_,0.46µm
g_row\[0\].g_col\[1\].pe/_0507_,0.46µm
g_row\[0\].g_col\[1\].pe/_1016_,0.46µm
g_row\[0\].g_col\[1\].pe/_1039_,0.46µm
g_row\[1\].g_col\[0\].pe/_0244_,0.46µm
g_row\[1\].g_col\[0\].pe/_0519_,0.46µm
g_row\[1\].g_col\[0\].pe/_1012_,0.46µm
g_row\[1\].g_col\[0\].pe/_1036_,0.46µm
g_row\[1\].g_col\[1\].pe/_0149_,0.46µm
g_row\[1\].g_col\[1\].pe/_0417_,0.46µm
g_row\[1\].g_col\[1\].pe/_1039_,0.46µm
g_row\[1\].g_col\[1\].pe/_1097_,0.46µm
g_row\[1\].g_col\[0\].pe/net1691,0.46µm
g_row\[1\].g_col\[0\].pe/net1917,0.46µm
g_row\[1\].g_col\[1\].pe/net1980,0.46µm
g_row\[1\].g_col\[0\].pe/net2230,0.46µm
g_row\[0\].g_col\[1\].pe/net2368,0.46µm
